key,cluster
AAACAAGTATCTCCCA-1_V12D07-075_C1,2
AAACAGAGCGACTCCT-1_V12D07-075_C1,3
AAACATTTCCCGGATT-1_V12D07-075_C1,2
AAACCCGAACGAAATC-1_V12D07-075_C1,3
AAACCGGAAATGTTAA-1_V12D07-075_C1,6
AAACCGGGTAGGTACC-1_V12D07-075_C1,7
AAACCGTTCGTCCAGG-1_V12D07-075_C1,7
AAACCTAAGCAGCCGG-1_V12D07-075_C1,1
AAACCTCATGAAGTTG-1_V12D07-075_C1,1
AAACGAAGAACATACC-1_V12D07-075_C1,5
AAACGAGACGGTTGAT-1_V12D07-075_C1,2
AAACGCTGGGCACGAC-1_V12D07-075_C1,2
AAACGGGCGTACGGGT-1_V12D07-075_C1,1
AAACGGTTGCGAACTG-1_V12D07-075_C1,1
AAACGTGTTCGCCCTA-1_V12D07-075_C1,3
AAACTAACGTGGCGAC-1_V12D07-075_C1,3
AAACTCGGTTCGCAAT-1_V12D07-075_C1,1
AAACTCGTGATATAAG-1_V12D07-075_C1,3
AAACTGCTGGCTCCAA-1_V12D07-075_C1,2
AAAGAATGTGGACTAA-1_V12D07-075_C1,2
AAAGACCCAAGTCGCG-1_V12D07-075_C1,5
AAAGACTGGGCGCTTT-1_V12D07-075_C1,1
AAAGCTTGCCTACATA-1_V12D07-075_C1,3
AAAGGCTACGGACCAT-1_V12D07-075_C1,1
AAAGGCTCTCGCGCCG-1_V12D07-075_C1,4
AAAGGGATGTAGCAAG-1_V12D07-075_C1,1
AAAGGGCAGCTTGAAT-1_V12D07-075_C1,1
AAAGGTAAGCTGTACC-1_V12D07-075_C1,3
AAAGTCACTGATGTAA-1_V12D07-075_C1,5
AAAGTCGACCCTCAGT-1_V12D07-075_C1,1
AAAGTGCCATCAATTA-1_V12D07-075_C1,2
AAAGTGTGATTTATCT-1_V12D07-075_C1,2
AAAGTTGACTCCCGTA-1_V12D07-075_C1,2
AAATAACCATACGGGA-1_V12D07-075_C1,6
AAATAAGGTAGTGCCC-1_V12D07-075_C1,6
AAATACCTATAAGCAT-1_V12D07-075_C1,1
AAATAGCTTAGACTTT-1_V12D07-075_C1,6
AAATAGGGTGCTATTG-1_V12D07-075_C1,2
AAATCGTGTACCACAA-1_V12D07-075_C1,1
AAATCTAGCCCTGCTA-1_V12D07-075_C1,2
AAATGATTCGATCAGC-1_V12D07-075_C1,3
AAATGCTCGTTACGTT-1_V12D07-075_C1,1
AAATGGCATGTCTTGT-1_V12D07-075_C1,1
AAATGGTCAATGTGCC-1_V12D07-075_C1,1
AAATTAACGGGTAGCT-1_V12D07-075_C1,1
AAATTAATAAGCGCGA-1_V12D07-075_C1,1
AAATTACACGACTCTG-1_V12D07-075_C1,6
AAATTACCTATCGATG-1_V12D07-075_C1,4
AAATTCCAGGTCCAAA-1_V12D07-075_C1,3
AAATTGGTGAGAAGCA-1_V12D07-075_C1,3
AAATTTACCGAAATCC-1_V12D07-075_C1,3
AAATTTGCGGGTGTGG-1_V12D07-075_C1,7
AACAACTGGTAGTTGC-1_V12D07-075_C1,1
AACAATTACTCTACGC-1_V12D07-075_C1,1
AACACACGCTCGCCGC-1_V12D07-075_C1,1
AACACGACTGTACTGA-1_V12D07-075_C1,5
AACACGCGGCCGCGAA-1_V12D07-075_C1,5
AACAGGAAATCGAATA-1_V12D07-075_C1,5
AACAGGATGGGCCGCG-1_V12D07-075_C1,1
AACAGGTAGTATGGAT-1_V12D07-075_C1,1
AACATATCAACTGGTG-1_V12D07-075_C1,4
AACATCGATACGTCTA-1_V12D07-075_C1,3
AACATTGTGACTCGAG-1_V12D07-075_C1,1
AACCAAGACTTCTCTG-1_V12D07-075_C1,1
AACCAGTATCACTCTT-1_V12D07-075_C1,3
AACCATGGGATCGCTA-1_V12D07-075_C1,1
AACCCAGAGACGGAGA-1_V12D07-075_C1,1
AACCCGAGCAGAATCG-1_V12D07-075_C1,2
AACCCTACTGTCAATA-1_V12D07-075_C1,2
AACCCTGGTGGAACCA-1_V12D07-075_C1,5
AACCGAGCTTGGTCAT-1_V12D07-075_C1,1
AACCGCTAAGGGATGC-1_V12D07-075_C1,2
AACCGTTGTGTTTGCT-1_V12D07-075_C1,5
AACCTCGCTTTAGCCC-1_V12D07-075_C1,1
AACCTGTCACGGAATT-1_V12D07-075_C1,3
AACCTTTAAATACGGT-1_V12D07-075_C1,1
AACCTTTACGACGTCT-1_V12D07-075_C1,4
AACGATAATGCCGTAG-1_V12D07-075_C1,1
AACGATAGAAGGGCCG-1_V12D07-075_C1,1
AACGATATGTCAACTG-1_V12D07-075_C1,1
AACGCATGATCTGGGT-1_V12D07-075_C1,1
AACGCGAACGGCAACA-1_V12D07-075_C1,1
AACGCGACCTTGGGCG-1_V12D07-075_C1,1
AACGCGGTCTCCAGCC-1_V12D07-075_C1,1
AACGCTGTTGCTGAAA-1_V12D07-075_C1,2
AACGGACGTACGTATA-1_V12D07-075_C1,1
AACGGCCATCTCCGGT-1_V12D07-075_C1,7
AACGTACTGTGGGTAC-1_V12D07-075_C1,7
AACGTCAGACTAGTGG-1_V12D07-075_C1,1
AACGTGATGAAGGACA-1_V12D07-075_C1,6
AACGTGCGAAAGTCTC-1_V12D07-075_C1,2
AACGTTATCAGCACCT-1_V12D07-075_C1,1
AACTACCCGTTTGTCA-1_V12D07-075_C1,3
AACTAGGCTTGGGTGT-1_V12D07-075_C1,1
AACTCAAGTTAATTGC-1_V12D07-075_C1,1
AACTCCAGAGCGTGTT-1_V12D07-075_C1,2
AACTCCTAATCCCATG-1_V12D07-075_C1,3
AACTCGATGGCGCAGT-1_V12D07-075_C1,5
AACTCTCAATAGAGCG-1_V12D07-075_C1,4
AACTCTCAGTGTGCTC-1_V12D07-075_C1,7
AACTGAGGTCAGCGTC-1_V12D07-075_C1,3
AACTGAGTTATACTGA-1_V12D07-075_C1,6
AACTGATATTAGGCCT-1_V12D07-075_C1,5
AACTGGGTCCCGACGT-1_V12D07-075_C1,1
AACTGGTGTGGGCCTT-1_V12D07-075_C1,5
AACTTCTGCGTCTATC-1_V12D07-075_C1,1
AACTTGCCCGTATGCA-1_V12D07-075_C1,1
AACTTGCGTTCTCGCG-1_V12D07-075_C1,1
AACTTTACGGGAGCTT-1_V12D07-075_C1,1
AAGAAGGATCAGTTAG-1_V12D07-075_C1,1
AAGACATACGTGGTTT-1_V12D07-075_C1,1
AAGACCCAACTGAACA-1_V12D07-075_C1,1
AAGACTGCAAGCTACT-1_V12D07-075_C1,1
AAGAGATGAATCGGTA-1_V12D07-075_C1,1
AAGAGCTCTTTATCGG-1_V12D07-075_C1,1
AAGAGGATGTACGCGA-1_V12D07-075_C1,4
AAGAGGCATGGATCGC-1_V12D07-075_C1,2
AAGAGGCCCTTTGGAA-1_V12D07-075_C1,2
AAGATTGGCGGAACGT-1_V12D07-075_C1,1
AAGCACCCTGCGTATC-1_V12D07-075_C1,1
AAGCATACTCTCCTGA-1_V12D07-075_C1,1
AAGCCGAAGCGGTTTA-1_V12D07-075_C1,2
AAGCCGGAGAGCAGGA-1_V12D07-075_C1,2
AAGCGCAGGGCTTTGA-1_V12D07-075_C1,2
AAGCGGCGTCATGGGT-1_V12D07-075_C1,3
AAGCTAGATCGAGTAA-1_V12D07-075_C1,1
AAGCTCGTGCCAAGTC-1_V12D07-075_C1,2
AAGCTCTTTCATGGTG-1_V12D07-075_C1,1
AAGGAGCGGTTGGTGC-1_V12D07-075_C1,1
AAGGATCGATCGCTTG-1_V12D07-075_C1,1
AAGGATGAGGGACCTC-1_V12D07-075_C1,4
AAGGCAGGCTGTCTCC-1_V12D07-075_C1,6
AAGGCGCGTAAAGCTT-1_V12D07-075_C1,1
AAGGCTGTGCTCATCG-1_V12D07-075_C1,1
AAGGGACAGATTCTGT-1_V12D07-075_C1,4
AAGGTATCCTAATATA-1_V12D07-075_C1,6
AAGGTGATAAACCAGC-1_V12D07-075_C1,2
AAGTAGAAGACCGGGT-1_V12D07-075_C1,1
AAGTAGTGACGCGAGG-1_V12D07-075_C1,1
AAGTCAATTGTCGTCA-1_V12D07-075_C1,2
AAGTCTTCTGTGGCCT-1_V12D07-075_C1,4
AAGTGACGACCGAATT-1_V12D07-075_C1,7
AAGTGAGTCGGGTTTA-1_V12D07-075_C1,1
AAGTGCAAAGGTAGAC-1_V12D07-075_C1,1
AAGTGCCTTGACTGTA-1_V12D07-075_C1,2
AAGTGTTTGGAGACGG-1_V12D07-075_C1,2
AAGTTCACTCCAAGCT-1_V12D07-075_C1,2
AAGTTCAGTCTGCGTA-1_V12D07-075_C1,3
AAGTTCGGCCAACAGG-1_V12D07-075_C1,7
AAGTTGTGATGTTATA-1_V12D07-075_C1,1
AAGTTTACTAATGGCA-1_V12D07-075_C1,5
AAGTTTATGGGCCCAA-1_V12D07-075_C1,2
AATAACAACGCTCGGC-1_V12D07-075_C1,1
AATAACACTAGAACAA-1_V12D07-075_C1,7
AATAAGTCCTCGAGAC-1_V12D07-075_C1,9
AATAATCTTCGTATCG-1_V12D07-075_C1,6
AATACAATGTTTCAGG-1_V12D07-075_C1,1
AATAGAACAGAGTGGC-1_V12D07-075_C1,7
AATAGAATCTGTTTCA-1_V12D07-075_C1,1
AATAGCAAGCCTCCTG-1_V12D07-075_C1,3
AATAGCTACCGCGTGC-1_V12D07-075_C1,3
AATAGTCCGTCCCGAC-1_V12D07-075_C1,1
AATAGTCGCGAGTCGG-1_V12D07-075_C1,1
AATATCAAGGTCGGAT-1_V12D07-075_C1,9
AATATCGAATCAATGC-1_V12D07-075_C1,4
AATATCGAGGGTTCTC-1_V12D07-075_C1,4
AATATTGGAGTATTGA-1_V12D07-075_C1,1
AATCAGACTGCAGGAC-1_V12D07-075_C1,1
AATCATGTAAAGACTC-1_V12D07-075_C1,2
AATCCAAGGGCCTGAG-1_V12D07-075_C1,1
AATCCATGCAAGGGTG-1_V12D07-075_C1,5
AATCGCCTCAGCGCCA-1_V12D07-075_C1,1
AATCGCGCAGAGGACT-1_V12D07-075_C1,6
AATCGGGACACTACGA-1_V12D07-075_C1,5
AATCGGTATAGCCCTC-1_V12D07-075_C1,4
AATCGTGAGCCGAGCA-1_V12D07-075_C1,2
AATCTATGCCGGAGCC-1_V12D07-075_C1,1
AATCTCTACTGTGGTT-1_V12D07-075_C1,4
AATCTGCGTTGGGACG-1_V12D07-075_C1,7
AATGACAGCAATGTCT-1_V12D07-075_C1,7
AATGACGTAGGATGTC-1_V12D07-075_C1,2
AATGACTGTCAGCCGG-1_V12D07-075_C1,1
AATGAGTTCGCATATG-1_V12D07-075_C1,1
AATGATGATACGCTAT-1_V12D07-075_C1,6
AATGATGCGACTCCTG-1_V12D07-075_C1,6
AATGCAACCGGGTACC-1_V12D07-075_C1,1
AATGCACCAAGCAATG-1_V12D07-075_C1,6
AATGGTCCACCGTTCA-1_V12D07-075_C1,1
AATGGTTCTCACAAGC-1_V12D07-075_C1,1
AATGTTGTCGTGAGAC-1_V12D07-075_C1,1
AATTAAAGGTCGGCGT-1_V12D07-075_C1,1
AATTAACGGATTTCCA-1_V12D07-075_C1,1
AATTACTCGTACGCTC-1_V12D07-075_C1,1
AATTAGCGCTGCAGCG-1_V12D07-075_C1,1
AATTCATAAGGGATCT-1_V12D07-075_C1,6
AATTCCAAGCATGTAC-1_V12D07-075_C1,2
AATTCGATTCGAGGAT-1_V12D07-075_C1,1
AATTCTAGAGTTAGGC-1_V12D07-075_C1,1
AATTGAACGCTCTGGT-1_V12D07-075_C1,2
AATTGCAGCAATCGAC-1_V12D07-075_C1,1
AATTGTGGTTGCCAAA-1_V12D07-075_C1,2
AATTTGGGACATAGTA-1_V12D07-075_C1,3
AATTTGGTTCCAAAGA-1_V12D07-075_C1,5
ACAAAGCATGACCTAG-1_V12D07-075_C1,2
ACAAATCGCACCGAAT-1_V12D07-075_C1,1
ACAAATGGTAGTGTTT-1_V12D07-075_C1,1
ACAAATTCAGATCTGA-1_V12D07-075_C1,3
ACAACAGCATGAGCTA-1_V12D07-075_C1,2
ACAACGGTCCCTGCGA-1_V12D07-075_C1,1
ACAAGCAGTGCCTAGC-1_V12D07-075_C1,1
ACAAGCTATATGGAAG-1_V12D07-075_C1,1
ACAAGGAAATCCGCCC-1_V12D07-075_C1,1
ACAAGGACAAGAGGTT-1_V12D07-075_C1,1
ACAAGGATGCTTTAGG-1_V12D07-075_C1,1
ACAAGGGCAGGCTCTG-1_V12D07-075_C1,1
ACAATCCATTTAAACC-1_V12D07-075_C1,1
ACAATGATTCTTCTAC-1_V12D07-075_C1,3
ACAATTGTGTCTCTTT-1_V12D07-075_C1,1
ACAATTTAGGAGGCTC-1_V12D07-075_C1,1
ACAATTTGAGCAGTGG-1_V12D07-075_C1,4
ACAATTTGGCCATATT-1_V12D07-075_C1,6
ACACAAAGACGGGTGG-1_V12D07-075_C1,1
ACACACCAGGACCAGT-1_V12D07-075_C1,2
ACACACTTTCTACACG-1_V12D07-075_C1,1
ACACATTGACGCAACA-1_V12D07-075_C1,2
ACACCACATAATTAGC-1_V12D07-075_C1,3
ACACCCAGCATGCAGC-1_V12D07-075_C1,3
ACACCCGAGAAATCCG-1_V12D07-075_C1,1
ACACCGAGCGCTCTTT-1_V12D07-075_C1,1
ACACCTTAAGTAGGGC-1_V12D07-075_C1,1
ACACCTTACTACTTGC-1_V12D07-075_C1,1
ACACGAGACTCCTTCT-1_V12D07-075_C1,1
ACACGGCACTATGCAT-1_V12D07-075_C1,1
ACACGGGAACTTAGGG-1_V12D07-075_C1,2
ACACGTAGGCCACAAG-1_V12D07-075_C1,2
ACACTCCAATGTCACT-1_V12D07-075_C1,1
ACACTGATCAAGGTGT-1_V12D07-075_C1,4
ACACTGGGACAGTCGT-1_V12D07-075_C1,2
ACAGATTAGGTTAGTG-1_V12D07-075_C1,5
ACAGCATAGAGCCAGT-1_V12D07-075_C1,5
ACAGCGACATTCTCAT-1_V12D07-075_C1,1
ACAGCGCACCCGCAGC-1_V12D07-075_C1,3
ACAGGCACGGATCCTT-1_V12D07-075_C1,2
ACAGGCTTGCCCGACT-1_V12D07-075_C1,1
ACAGGTGGAGGTGAGG-1_V12D07-075_C1,7
ACAGGTGTGTTGTTGC-1_V12D07-075_C1,4
ACAGTATACCGTGGGA-1_V12D07-075_C1,3
ACATAATAAGGCGGTG-1_V12D07-075_C1,3
ACATCAGCTGGGACGC-1_V12D07-075_C1,1
ACATCCCGGCCATACG-1_V12D07-075_C1,1
ACATCCTGGTAACTGT-1_V12D07-075_C1,2
ACATCGATCGTTTACC-1_V12D07-075_C1,2
ACATCGGTCAGCCGCG-1_V12D07-075_C1,1
ACATCGTATGCAATGG-1_V12D07-075_C1,2
ACATCGTTAACCTAGT-1_V12D07-075_C1,5
ACATGGCGCCAAAGTA-1_V12D07-075_C1,4
ACATGGCTCAATTTAG-1_V12D07-075_C1,1
ACATTAGTTTATATCC-1_V12D07-075_C1,1
ACCAAACACCCAGCGA-1_V12D07-075_C1,3
ACCAACACCACACACT-1_V12D07-075_C1,3
ACCAACCGCACTCCAC-1_V12D07-075_C1,1
ACCAACGCTTATTTAT-1_V12D07-075_C1,4
ACCAAGAACGCGTGTC-1_V12D07-075_C1,1
ACCAAGTCATCGGCAG-1_V12D07-075_C1,2
ACCAATATGCAAGTTA-1_V12D07-075_C1,9
ACCACAACTCAGAACA-1_V12D07-075_C1,3
ACCACAAGTTTCTATC-1_V12D07-075_C1,1
ACCACCAATGTAACAA-1_V12D07-075_C1,4
ACCACCCTCTCTTCTA-1_V12D07-075_C1,3
ACCACGTGCAGCTATA-1_V12D07-075_C1,2
ACCACTGTTCAAGAAG-1_V12D07-075_C1,1
ACCAGACCATAACAAC-1_V12D07-075_C1,1
ACCAGCCCGGTCTTTG-1_V12D07-075_C1,5
ACCAGTGCCCGGTCAA-1_V12D07-075_C1,3
ACCAGTGCGGGAGACG-1_V12D07-075_C1,2
ACCATATCCGCAATAA-1_V12D07-075_C1,1
ACCATCGTATATGGTA-1_V12D07-075_C1,1
ACCATTAAGGGTGTCA-1_V12D07-075_C1,2
ACCCAACGCCCGTGGC-1_V12D07-075_C1,7
ACCCACCTACATGCTC-1_V12D07-075_C1,1
ACCCATCTTGAGGGTA-1_V12D07-075_C1,1
ACCCATTTGTCCCTCT-1_V12D07-075_C1,1
ACCCGGAAACTCCCAG-1_V12D07-075_C1,1
ACCCGGAGCACCACAA-1_V12D07-075_C1,1
ACCCGGATGACGCATC-1_V12D07-075_C1,4
ACCCGGTTACACTTCC-1_V12D07-075_C1,1
ACCCGTAGTCTAGTTG-1_V12D07-075_C1,2
ACCCGTGTCATCAGTA-1_V12D07-075_C1,1
ACCCTATAGGACTGAG-1_V12D07-075_C1,1
ACCCTATGCCATATCG-1_V12D07-075_C1,7
ACCCTCCCGTCAGGGC-1_V12D07-075_C1,1
ACCCTCCCTTGCTATT-1_V12D07-075_C1,2
ACCCTGGTAACGCCCT-1_V12D07-075_C1,3
ACCCTTCATCTGCGAA-1_V12D07-075_C1,1
ACCCTTTAGTTCTCCA-1_V12D07-075_C1,2
ACCGAAAGGGCCCTGC-1_V12D07-075_C1,9
ACCGACACATCTCCCA-1_V12D07-075_C1,1
ACCGACTGAGTCCCAC-1_V12D07-075_C1,1
ACCGATAGGCATAACC-1_V12D07-075_C1,2
ACCGATATTTAATCAT-1_V12D07-075_C1,6
ACCGATGGTAGCATCG-1_V12D07-075_C1,4
ACCGCAATAACTGCCT-1_V12D07-075_C1,1
ACCGCGGTGGAAGTCG-1_V12D07-075_C1,4
ACCGGGCCTTTGTTGA-1_V12D07-075_C1,2
ACCGTTCCCGCTCTGA-1_V12D07-075_C1,5
ACCTAATCGACTTCCT-1_V12D07-075_C1,1
ACCTACAGTATGTGGT-1_V12D07-075_C1,6
ACCTACTATAAATCTA-1_V12D07-075_C1,1
ACCTCCGCCCTCGCTG-1_V12D07-075_C1,2
ACCTCCGTTATTCACC-1_V12D07-075_C1,6
ACGAAATGGGCGGCAC-1_V12D07-075_C1,1
ACGACCCATGAGTTGC-1_V12D07-075_C1,2
ACGACTCTAGGGCCGA-1_V12D07-075_C1,4
ACGAGAACCCATCACG-1_V12D07-075_C1,5
ACGAGATATTTGCTTA-1_V12D07-075_C1,1
ACGAGTACGGATGCCC-1_V12D07-075_C1,4
ACGATACATAGAACTA-1_V12D07-075_C1,6
ACGATACCTATCCTGA-1_V12D07-075_C1,1
ACGATCATACATAGAG-1_V12D07-075_C1,1
ACGATCATCTTGTAAA-1_V12D07-075_C1,4
ACGATGCATATGTTAT-1_V12D07-075_C1,1
ACGATGGATCCGATGC-1_V12D07-075_C1,5
ACGCAAACTAATAGAT-1_V12D07-075_C1,4
ACGCAATCACTACAGC-1_V12D07-075_C1,3
ACGCATAAATGACATG-1_V12D07-075_C1,3
ACGCATACGTTTACTA-1_V12D07-075_C1,2
ACGCATTCGTGAGTAC-1_V12D07-075_C1,2
ACGCCAGATGATTTCT-1_V12D07-075_C1,5
ACGCCAGTGCGTTTGC-1_V12D07-075_C1,4
ACGCCGCTAGACGACC-1_V12D07-075_C1,1
ACGCGAAGTCAGACGA-1_V12D07-075_C1,1
ACGCGCTACACAGGGT-1_V12D07-075_C1,4
ACGCGGGCCAAGGACA-1_V12D07-075_C1,1
ACGCGTTTCTTAAGAG-1_V12D07-075_C1,1
ACGCTAGTGATACACT-1_V12D07-075_C1,4
ACGCTGTGAGGCGTAG-1_V12D07-075_C1,4
ACGGAATTTAGCAAAT-1_V12D07-075_C1,1
ACGGACTCTCAAAGCG-1_V12D07-075_C1,2
ACGGAGCGCAAATTAC-1_V12D07-075_C1,3
ACGGATGGTGCGGATA-1_V12D07-075_C1,1
ACGGCACTTGCTTGGG-1_V12D07-075_C1,1
ACGGCCAACATGGACT-1_V12D07-075_C1,4
ACGGCGACGATGGGAA-1_V12D07-075_C1,2
ACGGCGGGTTGCCCTG-1_V12D07-075_C1,5
ACGGGCGTATGCGACA-1_V12D07-075_C1,3
ACGGGTCATGTGACTT-1_V12D07-075_C1,1
ACGGTACAGTTCAATG-1_V12D07-075_C1,1
ACGTACAGATTTCTCT-1_V12D07-075_C1,5
ACGTAGATTGCTGATG-1_V12D07-075_C1,2
ACGTAGGAGAGTCGCT-1_V12D07-075_C1,4
ACGTATTACTCCGATC-1_V12D07-075_C1,2
ACGTGCGCCTCGTGCA-1_V12D07-075_C1,1
ACGTTAATGTCGAAGA-1_V12D07-075_C1,1
ACGTTAGATTTGCCCG-1_V12D07-075_C1,1
ACGTTATTGGTCACTC-1_V12D07-075_C1,1
ACGTTCCGCGCTCCGT-1_V12D07-075_C1,8
ACGTTCGCAATCAATT-1_V12D07-075_C1,3
ACGTTCGTTCAGGAAA-1_V12D07-075_C1,7
ACGTTCTGTACAAGTC-1_V12D07-075_C1,2
ACGTTTAGTTGTGATC-1_V12D07-075_C1,1
ACTAATACGTCAGGCG-1_V12D07-075_C1,3
ACTACCAGCTCTCTGG-1_V12D07-075_C1,1
ACTACGCGTTAGAATT-1_V12D07-075_C1,1
ACTAGTTGCGATCGTC-1_V12D07-075_C1,2
ACTATATGCTGTGTTC-1_V12D07-075_C1,3
ACTATCCAGGGCATGG-1_V12D07-075_C1,1
ACTATCGCCGGCTAAA-1_V12D07-075_C1,2
ACTATCTGCCCGCGTA-1_V12D07-075_C1,1
ACTATTCGTCCGTGGT-1_V12D07-075_C1,5
ACTATTTCCGGGCCCA-1_V12D07-075_C1,4
ACTCAACGAATGTATT-1_V12D07-075_C1,5
ACTCAAGTGCAAGGCT-1_V12D07-075_C1,1
ACTCAATAAAGGCACG-1_V12D07-075_C1,1
ACTCAGACCTGCTTCT-1_V12D07-075_C1,9
ACTCCCGAATTCGTTT-1_V12D07-075_C1,3
ACTCCCTAATGCTAAA-1_V12D07-075_C1,1
ACTCCCTAGAATAGTA-1_V12D07-075_C1,1
ACTCCGGCCGACCACT-1_V12D07-075_C1,2
ACTCGATGTATTTCAT-1_V12D07-075_C1,1
ACTCGCCGTTCGATAA-1_V12D07-075_C1,1
ACTCGCGATCTGACGC-1_V12D07-075_C1,3
ACTCGTCAGTAATCCC-1_V12D07-075_C1,2
ACTCTAAACCTGGGAT-1_V12D07-075_C1,1
ACTCTCTGACTTAGGT-1_V12D07-075_C1,1
ACTCTCTTATACACGA-1_V12D07-075_C1,1
ACTCTGACCTAATAGA-1_V12D07-075_C1,2
ACTCTTCAGCTCCCGC-1_V12D07-075_C1,3
ACTCTTGTATAGTAAC-1_V12D07-075_C1,1
ACTGAAACGCCGTTAG-1_V12D07-075_C1,2
ACTGAATGGCGAAAGT-1_V12D07-075_C1,1
ACTGCCGTCGTAACTC-1_V12D07-075_C1,1
ACTGCGGACACACCGT-1_V12D07-075_C1,3
ACTGTACGATACACAT-1_V12D07-075_C1,1
ACTGTAGCACTTTGGA-1_V12D07-075_C1,1
ACTGTATACGCGAGCA-1_V12D07-075_C1,5
ACTGTCCAGGATTATA-1_V12D07-075_C1,1
ACTGTCTTCTTTAGAA-1_V12D07-075_C1,1
ACTGTGCTAGTAGATC-1_V12D07-075_C1,1
ACTTACCGGGCGCGCA-1_V12D07-075_C1,3
ACTTACGCATCCACGC-1_V12D07-075_C1,6
ACTTAGTACGACAAGA-1_V12D07-075_C1,1
ACTTATACTTACCCGG-1_V12D07-075_C1,1
ACTTATTAGGATCGGT-1_V12D07-075_C1,1
ACTTATTTATGTGCCA-1_V12D07-075_C1,2
ACTTCAGGCTGATCCC-1_V12D07-075_C1,1
ACTTCCATGCGGGACA-1_V12D07-075_C1,1
ACTTCGCCATACGCAC-1_V12D07-075_C1,1
ACTTCGCTAGCGAGTG-1_V12D07-075_C1,3
ACTTGACTCCCTCTTT-1_V12D07-075_C1,1
ACTTGGGACCCGGTGG-1_V12D07-075_C1,1
ACTTGTGGATGGAACG-1_V12D07-075_C1,2
ACTTTACCCTCATGAA-1_V12D07-075_C1,3
ACTTTCCTATAGCTTC-1_V12D07-075_C1,2
ACTTTGACTGCATCCT-1_V12D07-075_C1,4
ACTTTGTCGACGCACT-1_V12D07-075_C1,4
AGAAATTATGACTCGC-1_V12D07-075_C1,4
AGAACCCAGCGTGACA-1_V12D07-075_C1,3
AGAACGTGGTACATTC-1_V12D07-075_C1,4
AGAAGAGCGCCGTTCC-1_V12D07-075_C1,1
AGAAGGTTGCCGAATT-1_V12D07-075_C1,1
AGAAGGTTGTAGGTCG-1_V12D07-075_C1,2
AGAATAAATCTTCAGG-1_V12D07-075_C1,1
AGAATGCGGGTTCGGA-1_V12D07-075_C1,3
AGAATTATGGATTCGA-1_V12D07-075_C1,7
AGAATTGTTTGACATA-1_V12D07-075_C1,1
AGACAGCTCAGAATCC-1_V12D07-075_C1,1
AGACAGGCATCTCAGC-1_V12D07-075_C1,6
AGACATAGATCCTTCC-1_V12D07-075_C1,5
AGACCATGGGATACAA-1_V12D07-075_C1,1
AGACCCACCGCTGATC-1_V12D07-075_C1,1
AGACCCGCCCTCCTCG-1_V12D07-075_C1,1
AGACCGCTCCGCGGTT-1_V12D07-075_C1,2
AGACGAAGTGCCGGTC-1_V12D07-075_C1,2
AGACGCCCACTTCGCC-1_V12D07-075_C1,2
AGACGGGCCGATTTAA-1_V12D07-075_C1,3
AGACTAGCCTTCCAGA-1_V12D07-075_C1,1
AGACTGTTACCGGGTC-1_V12D07-075_C1,7
AGAGAACCGTCTAGGA-1_V12D07-075_C1,4
AGAGCAGTTATGAGAC-1_V12D07-075_C1,1
AGAGCCGCCGAGATTT-1_V12D07-075_C1,2
AGAGCGGGCTAATCAT-1_V12D07-075_C1,5
AGAGCGTACAAGCTCG-1_V12D07-075_C1,1
AGAGCTACGAAAGCAT-1_V12D07-075_C1,1
AGAGGCTTCGGAAACC-1_V12D07-075_C1,2
AGAGGGACAATTGTCC-1_V12D07-075_C1,3
AGAGTAAACTTCACTA-1_V12D07-075_C1,4
AGAGTATAGTGTTACG-1_V12D07-075_C1,3
AGAGTTAGAGACCGAT-1_V12D07-075_C1,3
AGATAACTTCAGGGCC-1_V12D07-075_C1,1
AGATACCAATAGAACC-1_V12D07-075_C1,2
AGATACCAGCACTTCA-1_V12D07-075_C1,3
AGATACCGGTGTTCAC-1_V12D07-075_C1,1
AGATACGACTTCATAT-1_V12D07-075_C1,1
AGATACTCAAGATCGA-1_V12D07-075_C1,1
AGATATAATACGACTA-1_V12D07-075_C1,2
AGATCGTGCATAAGAT-1_V12D07-075_C1,3
AGATCTCAGGTGTGAT-1_V12D07-075_C1,2
AGATGACTCGCCCACG-1_V12D07-075_C1,8
AGATGAGGGTTGCGAT-1_V12D07-075_C1,3
AGATGATGGAGTCTGG-1_V12D07-075_C1,6
AGATGCTATAACGAGC-1_V12D07-075_C1,1
AGATTATAGGACGTTT-1_V12D07-075_C1,1
AGCAAAGGCCGCTAGT-1_V12D07-075_C1,1
AGCAACATATCTTATT-1_V12D07-075_C1,2
AGCACCAGTACTCACG-1_V12D07-075_C1,1
AGCACTACCGGCCTGT-1_V12D07-075_C1,1
AGCACTACCTCACCAG-1_V12D07-075_C1,1
AGCACTTAAGGACGCC-1_V12D07-075_C1,1
AGCAGAAGGAGAAAGA-1_V12D07-075_C1,2
AGCAGCCAGATGAATA-1_V12D07-075_C1,1
AGCATATCAATATGCT-1_V12D07-075_C1,1
AGCATCGTCGATAATT-1_V12D07-075_C1,8
AGCATTACGAGGCAAG-1_V12D07-075_C1,1
AGCCAAGCTTTGTGTC-1_V12D07-075_C1,1
AGCCACAGGTTACCCG-1_V12D07-075_C1,2
AGCCACTCCCGTGCTT-1_V12D07-075_C1,6
AGCCATATAGTATGTG-1_V12D07-075_C1,4
AGCCCATACATGTAAG-1_V12D07-075_C1,7
AGCCCGCAACAAGCAG-1_V12D07-075_C1,1
AGCCCGGTAGCCTGTA-1_V12D07-075_C1,4
AGCCCTAAGCGAAGTT-1_V12D07-075_C1,3
AGCCCTGTCGCACCGT-1_V12D07-075_C1,3
AGCCCTTCTAATCCGA-1_V12D07-075_C1,3
AGCCCTTGGACATCCC-1_V12D07-075_C1,2
AGCCGCAAATTCAAAT-1_V12D07-075_C1,1
AGCCGCTTGATTAGCG-1_V12D07-075_C1,2
AGCCTTAAAGCGGAAG-1_V12D07-075_C1,1
AGCGACAGGAACGGTC-1_V12D07-075_C1,7
AGCGACATCCCATTCA-1_V12D07-075_C1,5
AGCGACCAACGATATT-1_V12D07-075_C1,1
AGCGATGCGCCTAATA-1_V12D07-075_C1,2
AGCGCATAATGAATCG-1_V12D07-075_C1,1
AGCGCGGGTGCCAATG-1_V12D07-075_C1,6
AGCGCTAGAGCGATGT-1_V12D07-075_C1,3
AGCGCTTATGGGCAAG-1_V12D07-075_C1,3
AGCGGACACTTCGTAG-1_V12D07-075_C1,1
AGCGGGAAGGGTCCAT-1_V12D07-075_C1,5
AGCGGGTCTGACACTC-1_V12D07-075_C1,2
AGCGGTTGCCGCTCTG-1_V12D07-075_C1,3
AGCGTACGAGAGCTAG-1_V12D07-075_C1,1
AGCGTCTGAACCCGCA-1_V12D07-075_C1,5
AGCGTGGTATTCTACT-1_V12D07-075_C1,1
AGCTAAGTACGCAGGC-1_V12D07-075_C1,1
AGCTAGAAGCAGAAGT-1_V12D07-075_C1,6
AGCTATTTAATCCAAC-1_V12D07-075_C1,8
AGCTCCATATATGTTC-1_V12D07-075_C1,2
AGCTCCTTCGCACATC-1_V12D07-075_C1,1
AGCTCTAGACGTTCCA-1_V12D07-075_C1,7
AGCTCTTCCCAGTGCA-1_V12D07-075_C1,6
AGCTCTTCGTAACCTT-1_V12D07-075_C1,4
AGCTCTTTACTCAGTT-1_V12D07-075_C1,1
AGCTGAAGTAAACCAA-1_V12D07-075_C1,6
AGCTTATAGAGACCTG-1_V12D07-075_C1,5
AGCTTCTTCTCGAGCA-1_V12D07-075_C1,1
AGCTTGATCTTAACTT-1_V12D07-075_C1,7
AGGAACGAACGACTTC-1_V12D07-075_C1,2
AGGAAGCTGTCCGCCG-1_V12D07-075_C1,1
AGGACAGTCGAATCCC-1_V12D07-075_C1,1
AGGACATCGCACGTCG-1_V12D07-075_C1,1
AGGACATCGGCACACT-1_V12D07-075_C1,2
AGGACGACCCATTAGA-1_V12D07-075_C1,1
AGGACGCTCGATGTTG-1_V12D07-075_C1,6
AGGACTTATAGGAGAA-1_V12D07-075_C1,2
AGGAGACATCCACAGT-1_V12D07-075_C1,3
AGGAGGCCTTCGCGCG-1_V12D07-075_C1,1
AGGATAAAGTCGGGAT-1_V12D07-075_C1,1
AGGATATAGGGATTTA-1_V12D07-075_C1,2
AGGATATCCGACTGCA-1_V12D07-075_C1,7
AGGATTGCTTACGACA-1_V12D07-075_C1,3
AGGCACGTGACTGTCC-1_V12D07-075_C1,2
AGGCAGATGCGTAAAC-1_V12D07-075_C1,4
AGGCAGGGAGCGTACT-1_V12D07-075_C1,4
AGGCATTGTCGTAGGG-1_V12D07-075_C1,1
AGGCCACATTGGTTAC-1_V12D07-075_C1,3
AGGCCACCCGTTATGA-1_V12D07-075_C1,1
AGGCCCAGTGACTGGT-1_V12D07-075_C1,1
AGGCCCATTGTACAGG-1_V12D07-075_C1,1
AGGCCTGAGAATCTCG-1_V12D07-075_C1,1
AGGCGATAACTGGCGT-1_V12D07-075_C1,2
AGGCGTCTATGGACGG-1_V12D07-075_C1,3
AGGCTATGGTTAGCTT-1_V12D07-075_C1,1
AGGCTTCCCGAAGAAG-1_V12D07-075_C1,7
AGGCTTGCTAGACACC-1_V12D07-075_C1,1
AGGGAAACGAGGTACT-1_V12D07-075_C1,3
AGGGACCGGCTGCGTT-1_V12D07-075_C1,3
AGGGACTCTACGCGAC-1_V12D07-075_C1,1
AGGGAGACATACTTCG-1_V12D07-075_C1,3
AGGGCAGCGGCGTGGT-1_V12D07-075_C1,5
AGGGCCCTAATGTTCT-1_V12D07-075_C1,2
AGGGCGTGATCGGCTA-1_V12D07-075_C1,1
AGGGCTGCAGTTACAG-1_V12D07-075_C1,2
AGGGTCAGTAACCCTA-1_V12D07-075_C1,3
AGGGTCGATGCGAACT-1_V12D07-075_C1,4
AGGGTCTGGACGCAGT-1_V12D07-075_C1,4
AGGGTGCTCTCGAGGG-1_V12D07-075_C1,7
AGGGTGGATAGTGCAT-1_V12D07-075_C1,1
AGGGTTCCCTTTGGTT-1_V12D07-075_C1,7
AGGGTTTAGTTCGGGA-1_V12D07-075_C1,1
AGGTAACCTCCTATTC-1_V12D07-075_C1,5
AGGTACGATATTGCCA-1_V12D07-075_C1,5
AGGTAGGTACAAAGCT-1_V12D07-075_C1,1
AGGTATAATTGATAGT-1_V12D07-075_C1,1
AGGTATGCGGACATTA-1_V12D07-075_C1,3
AGGTCGCCTCCCAACA-1_V12D07-075_C1,2
AGGTCGCGGAGTTACT-1_V12D07-075_C1,3
AGGTGCACGTCCACAT-1_V12D07-075_C1,2
AGGTGGTGACCTTCGC-1_V12D07-075_C1,1
AGGTGTATCGCCATGA-1_V12D07-075_C1,4
AGGTGTTGCCGACCAC-1_V12D07-075_C1,2
AGGTTACACCATGCCG-1_V12D07-075_C1,3
AGGTTGAGGCACGCTT-1_V12D07-075_C1,3
AGGTTTCACACACCTT-1_V12D07-075_C1,1
AGTAACGTTCATCCTG-1_V12D07-075_C1,3
AGTAACTATAGCAGCC-1_V12D07-075_C1,4
AGTAATGTCTTGCCGC-1_V12D07-075_C1,5
AGTACATCATTTATCA-1_V12D07-075_C1,8
AGTACCTTCGAGTGCT-1_V12D07-075_C1,3
AGTACGGCCCGTATCG-1_V12D07-075_C1,1
AGTACGGGCACCTGGC-1_V12D07-075_C1,6
AGTACGTGGCCTGTCT-1_V12D07-075_C1,3
AGTACTCTTATGCCCA-1_V12D07-075_C1,1
AGTAGAAGGCGCCTCA-1_V12D07-075_C1,2
AGTAGGAAGGAAGTTG-1_V12D07-075_C1,3
AGTAGGTAACATACAT-1_V12D07-075_C1,5
AGTATAATACTAGGCA-1_V12D07-075_C1,1
AGTATACACAGCGACA-1_V12D07-075_C1,1
AGTATTTGGCACGACC-1_V12D07-075_C1,4
AGTCAACACCACCATC-1_V12D07-075_C1,1
AGTCAAGATGACACTT-1_V12D07-075_C1,2
AGTCACTAGCTCTCGA-1_V12D07-075_C1,2
AGTCAGCCACCGCCTG-1_V12D07-075_C1,1
AGTCCATTGGCTGATG-1_V12D07-075_C1,2
AGTCCCGCCTTTAATT-1_V12D07-075_C1,3
AGTCCCTCGCAGAAAG-1_V12D07-075_C1,3
AGTCGACGGTCTCAAG-1_V12D07-075_C1,2
AGTCGGCCCAAACGAC-1_V12D07-075_C1,1
AGTCGGTTGCGTGAGA-1_V12D07-075_C1,3
AGTCGTATAAAGCAGA-1_V12D07-075_C1,1
AGTCGTCGACCACCAA-1_V12D07-075_C1,2
AGTCTAAAGTATACTC-1_V12D07-075_C1,3
AGTCTGGACATCCTTG-1_V12D07-075_C1,1
AGTCTTCTCCTCAAAT-1_V12D07-075_C1,1
AGTCTTTAAAGTGTCC-1_V12D07-075_C1,2
AGTGAACAAACTTCTC-1_V12D07-075_C1,2
AGTGAAGATGGTGTCC-1_V12D07-075_C1,3
AGTGACCTACTTTACG-1_V12D07-075_C1,1
AGTGAGACTTCCAGTA-1_V12D07-075_C1,2
AGTGAGCCTCGCCGCC-1_V12D07-075_C1,4
AGTGAGGGTTTCTGAC-1_V12D07-075_C1,6
AGTGAGTCGAATTAAC-1_V12D07-075_C1,1
AGTGATAACCTGCGCG-1_V12D07-075_C1,2
AGTGATATGAGTAGTT-1_V12D07-075_C1,4
AGTGATTCAAGCAGGA-1_V12D07-075_C1,2
AGTGCACGCTTAAGAA-1_V12D07-075_C1,1
AGTGCGTAGCTCGTAA-1_V12D07-075_C1,4
AGTGCTAAACACAGCA-1_V12D07-075_C1,2
AGTGCTTGCACGAATA-1_V12D07-075_C1,2
AGTGGCGGCAATTTGA-1_V12D07-075_C1,4
AGTGGCGTCTGAAGGT-1_V12D07-075_C1,1
AGTGGCTCCGTCGGCC-1_V12D07-075_C1,7
AGTGGGAGTATACACG-1_V12D07-075_C1,1
AGTGGTTGCGTATAGG-1_V12D07-075_C1,1
AGTGTATTGCGCATTG-1_V12D07-075_C1,4
AGTGTGCTAAGATCGC-1_V12D07-075_C1,1
AGTGTGGTCTATTGTG-1_V12D07-075_C1,1
AGTTAAACACTTGCGA-1_V12D07-075_C1,1
AGTTAAGCGGTCCCGG-1_V12D07-075_C1,8
AGTTACCCTTAAGACT-1_V12D07-075_C1,1
AGTTACCGCACATGGT-1_V12D07-075_C1,1
AGTTACTCTATCGTGG-1_V12D07-075_C1,6
AGTTCACCGGTTGGAC-1_V12D07-075_C1,1
AGTTCCTACAGAATTA-1_V12D07-075_C1,1
AGTTCCTATTTATGTT-1_V12D07-075_C1,1
AGTTCTGCGTTGTATC-1_V12D07-075_C1,1
AGTTGACATCGGCTGG-1_V12D07-075_C1,5
AGTTGACGGTCCTTGC-1_V12D07-075_C1,2
AGTTGCTGACTGATAT-1_V12D07-075_C1,1
AGTTGGCAAGGCTAGA-1_V12D07-075_C1,1
AGTTTATGTAAAGACA-1_V12D07-075_C1,3
AGTTTCGCAGGTCGGA-1_V12D07-075_C1,5
AGTTTGCACCTGCCTC-1_V12D07-075_C1,1
AGTTTGGCACGGGTTG-1_V12D07-075_C1,2
AGTTTGGCCAGACCTA-1_V12D07-075_C1,7
ATAAACGGACCCGTAA-1_V12D07-075_C1,1
ATAAACGTTGCACCAC-1_V12D07-075_C1,1
ATAAAGGCTCGGTCGT-1_V12D07-075_C1,2
ATAAAGGTCAAGTACG-1_V12D07-075_C1,1
ATAAATATTAGCAGCT-1_V12D07-075_C1,1
ATAACGCCGGAGGGTC-1_V12D07-075_C1,2
ATAACGGAGTCCAACG-1_V12D07-075_C1,9
ATAACGTTACCTCCAC-1_V12D07-075_C1,3
ATAAGGTGGAGAACAT-1_V12D07-075_C1,1
ATAAGTACCCGATTGT-1_V12D07-075_C1,3
ATAAGTAGGATTCAGA-1_V12D07-075_C1,4
ATAAGTAGGGCGACTC-1_V12D07-075_C1,1
ATAAGTTACCGCGACG-1_V12D07-075_C1,4
ATAATACCGTTAGCCG-1_V12D07-075_C1,1
ATAATAGCTGTTGAAT-1_V12D07-075_C1,1
ATAATAGTGTAGGGAC-1_V12D07-075_C1,5
ATAATCTTGGAGAACC-1_V12D07-075_C1,1
ATAATTAGCTAAGTAG-1_V12D07-075_C1,2
ATACAGGCCCTCCAAT-1_V12D07-075_C1,1
ATACCACGGGCAACTT-1_V12D07-075_C1,1
ATACCAGGCTAATAGA-1_V12D07-075_C1,5
ATACCGTCATCCATAA-1_V12D07-075_C1,3
ATACCTAACCAAGAAA-1_V12D07-075_C1,2
ATACGAAGGCTTTCCA-1_V12D07-075_C1,3
ATACGCCGGCGAAACC-1_V12D07-075_C1,1
ATACGGGTTTCGATTG-1_V12D07-075_C1,6
ATACGGTGAAGATGCA-1_V12D07-075_C1,1
ATACGTACTTAGCCAC-1_V12D07-075_C1,1
ATACGTCCACTCCTGT-1_V12D07-075_C1,2
ATACGTTATGCACGGA-1_V12D07-075_C1,1
ATACTACCCGTACCAC-1_V12D07-075_C1,2
ATACTAGCATGACCCT-1_V12D07-075_C1,8
ATACTCTCGCCACTCT-1_V12D07-075_C1,1
ATACTGCCTTACACCG-1_V12D07-075_C1,1
ATACTTGTTCTCGAGC-1_V12D07-075_C1,1
ATAGACAACGGGACCT-1_V12D07-075_C1,4
ATAGACGAAGAGAAAG-1_V12D07-075_C1,1
ATAGAGTACTGGGACA-1_V12D07-075_C1,1
ATAGAGTTATCAACTT-1_V12D07-075_C1,4
ATAGCAACTAGGGAAG-1_V12D07-075_C1,1
ATAGCCTCAGTACCCA-1_V12D07-075_C1,1
ATAGCTGCTCTTGTTA-1_V12D07-075_C1,1
ATAGGAATCTAAGCTT-1_V12D07-075_C1,3
ATAGGCGGCTATAGAA-1_V12D07-075_C1,7
ATAGGCTAGCTTCGCA-1_V12D07-075_C1,4
ATAGGGATATCCTTGA-1_V12D07-075_C1,1
ATAGGTTGGGCAGATG-1_V12D07-075_C1,2
ATAGTCTTTGACGTGC-1_V12D07-075_C1,5
ATAGTGAAGCGTTCTC-1_V12D07-075_C1,1
ATAGTTCCACCCACTC-1_V12D07-075_C1,4
ATATAAAGCGCTCGTG-1_V12D07-075_C1,1
ATATAAATGTAGCTGC-1_V12D07-075_C1,1
ATATAACACGGGCGCA-1_V12D07-075_C1,2
ATATACGCTCGTGACG-1_V12D07-075_C1,1
ATATCAACCTACAGAG-1_V12D07-075_C1,4
ATATCGGTAGGGAGAT-1_V12D07-075_C1,6
ATATCGTTCCTCGAAC-1_V12D07-075_C1,1
ATATCTCCCTCGTTAA-1_V12D07-075_C1,3
ATATCTTAGGGCCTTC-1_V12D07-075_C1,2
ATATGGGATAGCAACT-1_V12D07-075_C1,1
ATATGTCTCCCTAGCC-1_V12D07-075_C1,4
ATATGTGCACAAACCA-1_V12D07-075_C1,3
ATATTATCCCGTATTT-1_V12D07-075_C1,1
ATATTCAGTTAAACCT-1_V12D07-075_C1,4
ATATTCCACATAGTGA-1_V12D07-075_C1,1
ATATTCCCACAGGTCA-1_V12D07-075_C1,5
ATATTGCTGTCAAAGT-1_V12D07-075_C1,1
ATATTGGAGAGGCCTT-1_V12D07-075_C1,2
ATATTTAACCCTCAAG-1_V12D07-075_C1,1
ATCAAACACTGTTCCA-1_V12D07-075_C1,2
ATCAAACGAAGGTTTG-1_V12D07-075_C1,7
ATCAATCTGGGCTGCA-1_V12D07-075_C1,1
ATCACATTAGAATATC-1_V12D07-075_C1,6
ATCACGTGCTAATTAA-1_V12D07-075_C1,7
ATCACTTCATCCTCGC-1_V12D07-075_C1,3
ATCAGACGGCACGCCG-1_V12D07-075_C1,4
ATCAGCCTCATGCTGC-1_V12D07-075_C1,1
ATCAGGTAGCTGACAG-1_V12D07-075_C1,3
ATCAGGTCGCCATTGC-1_V12D07-075_C1,3
ATCAGTAGGCAGGGAT-1_V12D07-075_C1,6
ATCATAGCCCTATGTA-1_V12D07-075_C1,1
ATCATCCAATATTTGT-1_V12D07-075_C1,1
ATCATGGACTACCGAC-1_V12D07-075_C1,3
ATCCAACGCAGTCATA-1_V12D07-075_C1,1
ATCCAATGGAGGGTCC-1_V12D07-075_C1,7
ATCCAATGGTACCGAA-1_V12D07-075_C1,1
ATCCACATCGACAGAA-1_V12D07-075_C1,2
ATCCACGCTAAATGTT-1_V12D07-075_C1,5
ATCCACTTTCAGACTA-1_V12D07-075_C1,3
ATCCAGAGCAACAACC-1_V12D07-075_C1,4
ATCCAGGATTCGTGAA-1_V12D07-075_C1,1
ATCCCATTTCCGTGGG-1_V12D07-075_C1,2
ATCCGGACCAGCCTGA-1_V12D07-075_C1,2
ATCCTACCTAAGCTCT-1_V12D07-075_C1,2
ATCCTGAATCGCTGCG-1_V12D07-075_C1,1
ATCCTGCGTGGAATGG-1_V12D07-075_C1,4
ATCCTGCTGCAGATAG-1_V12D07-075_C1,5
ATCCTTCTGAAAGAAC-1_V12D07-075_C1,8
ATCGACCCAATACAGA-1_V12D07-075_C1,2
ATCGACTCTTTCCGTT-1_V12D07-075_C1,1
ATCGCACGCCGGGAGA-1_V12D07-075_C1,1
ATCGCCAGTCAACATT-1_V12D07-075_C1,4
ATCGCTGCGTGCAGCA-1_V12D07-075_C1,3
ATCGCTTTACGTCTCA-1_V12D07-075_C1,3
ATCGGAGACAGACGGC-1_V12D07-075_C1,1
ATCGGCAAGCAGTCCA-1_V12D07-075_C1,3
ATCGGTTACCTAGTAA-1_V12D07-075_C1,1
ATCGTATTCCGAGAAC-1_V12D07-075_C1,1
ATCGTCCAATCGAGTC-1_V12D07-075_C1,1
ATCGTTAGCTAGCGGA-1_V12D07-075_C1,1
ATCGTTCACTTTCGCC-1_V12D07-075_C1,3
ATCTAACGTCCCTATG-1_V12D07-075_C1,1
ATCTAATATCCTACGG-1_V12D07-075_C1,1
ATCTACCATCTGCTCC-1_V12D07-075_C1,2
ATCTAGCTTGTGAGGG-1_V12D07-075_C1,1
ATCTCCCACGGAATAT-1_V12D07-075_C1,1
ATCTCCCTGCAATCTA-1_V12D07-075_C1,5
ATCTCGTGAGCGAAAC-1_V12D07-075_C1,6
ATCTGATAGTGTCTTA-1_V12D07-075_C1,1
ATCTGCACCTCTGCGA-1_V12D07-075_C1,7
ATCTGCTGTTATCGCC-1_V12D07-075_C1,1
ATCTGGGCTGTTCTTG-1_V12D07-075_C1,1
ATCTGGTTAAGACTGT-1_V12D07-075_C1,4
ATCTGTAATTGTACCC-1_V12D07-075_C1,5
ATCTTATCGCACACCC-1_V12D07-075_C1,1
ATCTTGACCTGCAACG-1_V12D07-075_C1,1
ATCTTGACTTGTCCAA-1_V12D07-075_C1,5
ATCTTTCGTATAACCA-1_V12D07-075_C1,3
ATGAAGCCAAGGAGCC-1_V12D07-075_C1,1
ATGAAGTGGACCCAGC-1_V12D07-075_C1,1
ATGACGCCGGCTCTAA-1_V12D07-075_C1,1
ATGACTATGCGACATT-1_V12D07-075_C1,2
ATGAGGAGTGTTAATC-1_V12D07-075_C1,1
ATGAGGGCAGCGGCTA-1_V12D07-075_C1,3
ATGATCGGGAATAGAC-1_V12D07-075_C1,1
ATGATGCAATGGTACA-1_V12D07-075_C1,4
ATGCACCTTCCTTAAT-1_V12D07-075_C1,1
ATGCACTACCGCATTG-1_V12D07-075_C1,9
ATGCATGATCCAGGAT-1_V12D07-075_C1,1
ATGCCAATCGCTCTGC-1_V12D07-075_C1,3
ATGCCATTTGCGACCA-1_V12D07-075_C1,1
ATGCCGGTCTTGCATA-1_V12D07-075_C1,1
ATGCCGGTTGATGGGA-1_V12D07-075_C1,8
ATGCGACAATTGGTCC-1_V12D07-075_C1,4
ATGCGACAGTCCCATT-1_V12D07-075_C1,2
ATGCGAGTCCCACCAC-1_V12D07-075_C1,1
ATGCTCAGTGTTGCAT-1_V12D07-075_C1,1
ATGCTCTGGCGCGGTA-1_V12D07-075_C1,2
ATGCTTAGGAGTTGAT-1_V12D07-075_C1,2
ATGGAACCTTTGCACA-1_V12D07-075_C1,3
ATGGAGCAGGCCGTGA-1_V12D07-075_C1,1
ATGGATCCGGCGTCCG-1_V12D07-075_C1,6
ATGGATTGACCAAACG-1_V12D07-075_C1,1
ATGGCAGCCGAGAAAC-1_V12D07-075_C1,2
ATGGCGGAATAGTCGC-1_V12D07-075_C1,3
ATGGCTGGAAATGGCC-1_V12D07-075_C1,3
ATGGGCCTCGGCCTCT-1_V12D07-075_C1,2
ATGGTCGCGTGGTTTC-1_V12D07-075_C1,1
ATGGTTACGAAACATG-1_V12D07-075_C1,3
ATGTAAGGCTGCTCTT-1_V12D07-075_C1,3
ATGTACATGCGGTGAG-1_V12D07-075_C1,2
ATGTACGATGACGTCG-1_V12D07-075_C1,1
ATGTAGCGCGCGTAGG-1_V12D07-075_C1,2
ATGTCATTTCCCATTG-1_V12D07-075_C1,1
ATGTGCATCCGACGCA-1_V12D07-075_C1,1
ATGTGGACATCTTGAT-1_V12D07-075_C1,1
ATGTTACGAGCAATAC-1_V12D07-075_C1,1
ATGTTCCTGCCCACCT-1_V12D07-075_C1,1
ATGTTCGTCGACCCAC-1_V12D07-075_C1,1
ATGTTGATTAGAGACT-1_V12D07-075_C1,1
ATGTTGTAGTCTGTTT-1_V12D07-075_C1,2
ATGTTTCGGCCCGGAG-1_V12D07-075_C1,3
ATTAAACATGCGGACC-1_V12D07-075_C1,1
ATTAACACCTGAGATA-1_V12D07-075_C1,1
ATTAATACTACGCGGG-1_V12D07-075_C1,3
ATTAATGAACCAGTCG-1_V12D07-075_C1,8
ATTAATTCGGTCACTC-1_V12D07-075_C1,5
ATTACAACTACCGGCC-1_V12D07-075_C1,6
ATTACATGTCAGTCTT-1_V12D07-075_C1,2
ATTACCACACTGCCTG-1_V12D07-075_C1,6
ATTACGACTCCACAGT-1_V12D07-075_C1,3
ATTACGCGCTGGCAGG-1_V12D07-075_C1,4
ATTACTAGCCTCTTGC-1_V12D07-075_C1,5
ATTACTTACTGGGCAT-1_V12D07-075_C1,3
ATTAGATTCCTCAGCA-1_V12D07-075_C1,3
ATTAGATTGATAGCGG-1_V12D07-075_C1,5
ATTAGGCGATGCTTTC-1_V12D07-075_C1,1
ATTATACTTTGCTCGT-1_V12D07-075_C1,8
ATTATAGCTACTTTAC-1_V12D07-075_C1,3
ATTATCGGAATGTACG-1_V12D07-075_C1,1
ATTATCTCGACAGATC-1_V12D07-075_C1,1
ATTATGCCATAGGGAG-1_V12D07-075_C1,8
ATTATTCAGAGTCACT-1_V12D07-075_C1,1
ATTCAAAGTACCTGTT-1_V12D07-075_C1,2
ATTCAACCATTTAAGG-1_V12D07-075_C1,2
ATTCACTGATGTTGGA-1_V12D07-075_C1,1
ATTCAGGACCTATTTC-1_V12D07-075_C1,6
ATTCAGTAGCAGGGTC-1_V12D07-075_C1,1
ATTCATATACTGTCCA-1_V12D07-075_C1,1
ATTCATCGTTGAGGCA-1_V12D07-075_C1,1
ATTCCCACATAAACAA-1_V12D07-075_C1,1
ATTCCTAAGACGTGGA-1_V12D07-075_C1,3
ATTCCTCCGCCAGTGC-1_V12D07-075_C1,1
ATTCCTTCCAGGCGGT-1_V12D07-075_C1,1
ATTCGACGCCGGGCCT-1_V12D07-075_C1,1
ATTCGCGCCTTGAGAG-1_V12D07-075_C1,2
ATTCGTGCTATCTCTT-1_V12D07-075_C1,3
ATTCTCGTCTCTTTAG-1_V12D07-075_C1,5
ATTCTGAGTATGAACT-1_V12D07-075_C1,3
ATTCTTCGTACTTATG-1_V12D07-075_C1,3
ATTGAAGATCTTAGTG-1_V12D07-075_C1,1
ATTGACCGGCGATGAC-1_V12D07-075_C1,3
ATTGACGTAACTCGGT-1_V12D07-075_C1,5
ATTGATAGCAACGAGA-1_V12D07-075_C1,1
ATTGATGAGTCCTAAC-1_V12D07-075_C1,4
ATTGCCTTTATGTTTG-1_V12D07-075_C1,1
ATTGCGATCAGTAACT-1_V12D07-075_C1,1
ATTGCTGCTCCTCCAT-1_V12D07-075_C1,1
ATTGGATTACAGCGTA-1_V12D07-075_C1,2
ATTGGGAATATCTTGG-1_V12D07-075_C1,5
ATTGGGAGTTCTGTAA-1_V12D07-075_C1,3
ATTGGTAGGATCCGCT-1_V12D07-075_C1,1
ATTGGTTGTGCATTAC-1_V12D07-075_C1,4
ATTGTACAACTCGGCT-1_V12D07-075_C1,4
ATTGTCGCAATACCTT-1_V12D07-075_C1,6
ATTGTCTGTTTCATGT-1_V12D07-075_C1,4
ATTGTGACTTCGCTGC-1_V12D07-075_C1,3
ATTGTTCAACGATCCG-1_V12D07-075_C1,6
ATTTAACTCGTATTAC-1_V12D07-075_C1,5
ATTTACAGTTTACTGG-1_V12D07-075_C1,1
ATTTACTAAGTCCATT-1_V12D07-075_C1,3
ATTTCATTATTTCGCG-1_V12D07-075_C1,8
ATTTGTCTTGGGAGCT-1_V12D07-075_C1,2
ATTTGTTCCAGGGCTC-1_V12D07-075_C1,8
CAAACCAGGTCTGCAT-1_V12D07-075_C1,2
CAAACCCTCCGGCGGG-1_V12D07-075_C1,7
CAAACGAGTATCGCAG-1_V12D07-075_C1,4
CAAACGGTCGCACTTT-1_V12D07-075_C1,1
CAAACTACGATAGAGA-1_V12D07-075_C1,3
CAAACTATTGAGCTTC-1_V12D07-075_C1,5
CAAACTCGCGACGCCG-1_V12D07-075_C1,4
CAAAGGTCATCTGAAA-1_V12D07-075_C1,3
CAAAGGTTAAATTCAG-1_V12D07-075_C1,3
CAAAGTCAGGTTAGCT-1_V12D07-075_C1,1
CAAATGTCCTTCCGTG-1_V12D07-075_C1,3
CAAATTGGATTATGCC-1_V12D07-075_C1,3
CAAATTGTCAGCAAGC-1_V12D07-075_C1,1
CAACACATCTCCTGCC-1_V12D07-075_C1,3
CAACATGGCCTGATAA-1_V12D07-075_C1,1
CAACCAGTGGCCTACC-1_V12D07-075_C1,2
CAACCGCACCTAGACA-1_V12D07-075_C1,1
CAACCTACCGAGCAGT-1_V12D07-075_C1,1
CAACCTGAACCTGCCA-1_V12D07-075_C1,3
CAACGACCCGTTTACA-1_V12D07-075_C1,5
CAACGGTTCTTGATAC-1_V12D07-075_C1,1
CAACGTGGTGGAGTCT-1_V12D07-075_C1,2
CAACTATATCGAATGC-1_V12D07-075_C1,6
CAACTCCGTAACTTGC-1_V12D07-075_C1,3
CAACTCCTTGATCCCG-1_V12D07-075_C1,1
CAACTGCTCATCCGAT-1_V12D07-075_C1,1
CAACTTGTAGTGGGCA-1_V12D07-075_C1,9
CAAGAAACCCTAAACT-1_V12D07-075_C1,3
CAAGACTCAGAAGCGC-1_V12D07-075_C1,3
CAAGAGGGCGGAGTAC-1_V12D07-075_C1,1
CAAGATATTATAACGT-1_V12D07-075_C1,2
CAAGCAACGTCGGAGT-1_V12D07-075_C1,1
CAAGCACCAAATGCCT-1_V12D07-075_C1,5
CAAGCGGCACATAATT-1_V12D07-075_C1,2
CAAGGATCGCATGTTC-1_V12D07-075_C1,1
CAAGGCCAGTGGTGCA-1_V12D07-075_C1,2
CAAGGTCCTATAGGCT-1_V12D07-075_C1,6
CAAGTAAGTGATAGAC-1_V12D07-075_C1,1
CAAGTGAACTTTGGTT-1_V12D07-075_C1,5
CAAGTGTGGTTGCAAA-1_V12D07-075_C1,2
CAATAAACCTTGGCCC-1_V12D07-075_C1,9
CAATACGAGAGTCTGA-1_V12D07-075_C1,3
CAATACGCTCTGAGGC-1_V12D07-075_C1,7
CAATATTCTTGACCTA-1_V12D07-075_C1,7
CAATATTGGACTAGTG-1_V12D07-075_C1,1
CAATCCCTATACCAGC-1_V12D07-075_C1,3
CAATCCTGCCGTGGAG-1_V12D07-075_C1,1
CAATGAGGTTCGACTA-1_V12D07-075_C1,3
CAATGCGAGAAGTATC-1_V12D07-075_C1,1
CAATGGAATCTACATA-1_V12D07-075_C1,3
CAATGGATCTCTACCA-1_V12D07-075_C1,4
CAATGGTCGGCCTGGG-1_V12D07-075_C1,5
CAATGTGCCAACCCTT-1_V12D07-075_C1,6
CAATTAAGGGTGATGA-1_V12D07-075_C1,1
CAATTTCGTATAAGGG-1_V12D07-075_C1,1
CAATTTGACCGGGAAG-1_V12D07-075_C1,1
CACAAGAAAGATATTA-1_V12D07-075_C1,3
CACAATGAGCTGCTAT-1_V12D07-075_C1,1
CACACACGCTAACGAG-1_V12D07-075_C1,1
CACACAGCTTGCGCTC-1_V12D07-075_C1,6
CACACAGGGATAGATT-1_V12D07-075_C1,1
CACACGCGCTGTCTTA-1_V12D07-075_C1,4
CACACTTGTATTGCGA-1_V12D07-075_C1,3
CACAGCACCCACGGCA-1_V12D07-075_C1,1
CACAGCTAGGGAGTGA-1_V12D07-075_C1,8
CACAGGGCCATATAGT-1_V12D07-075_C1,2
CACAGGGCCGTTGTCA-1_V12D07-075_C1,1
CACAGTCCCGCTTCGC-1_V12D07-075_C1,2
CACAGTTCGCTTCCCA-1_V12D07-075_C1,1
CACATATTAGCAGGAT-1_V12D07-075_C1,2
CACATCTCACCGACGA-1_V12D07-075_C1,1
CACATGATTCAGCAAC-1_V12D07-075_C1,1
CACATGTTTGGACATG-1_V12D07-075_C1,1
CACATTCTTTCGATGG-1_V12D07-075_C1,6
CACATTTCTTGTCAGA-1_V12D07-075_C1,7
CACCACGCCACACAGA-1_V12D07-075_C1,4
CACCATCGGAGGAGAC-1_V12D07-075_C1,5
CACCATGATCGCAAAG-1_V12D07-075_C1,3
CACCCAAATCTTATGT-1_V12D07-075_C1,6
CACCCACACGTCACCC-1_V12D07-075_C1,1
CACCCACGAGGCAATT-1_V12D07-075_C1,8
CACCCGGTTTGTGACT-1_V12D07-075_C1,7
CACCCTAACAAGATCT-1_V12D07-075_C1,1
CACCCTTTCCTCGCTC-1_V12D07-075_C1,9
CACCGATACACCGAGC-1_V12D07-075_C1,5
CACCGCCAGAAGGTTT-1_V12D07-075_C1,1
CACCGCCGACCAGCGA-1_V12D07-075_C1,5
CACCGCGTCCACTCTA-1_V12D07-075_C1,3
CACCGGAGATATCTCC-1_V12D07-075_C1,3
CACCGTATCCCATCCG-1_V12D07-075_C1,2
CACCGTTAGGGATCAC-1_V12D07-075_C1,7
CACCGTTGCGCGATAT-1_V12D07-075_C1,7
CACCTAATAGAGTCGT-1_V12D07-075_C1,1
CACCTAATCAGTTTAC-1_V12D07-075_C1,3
CACCTCGATGGTGGAC-1_V12D07-075_C1,3
CACCTTGCGAAACTCG-1_V12D07-075_C1,6
CACCTTGGCGCCTTTG-1_V12D07-075_C1,2
CACGAAAGTTAGTCCC-1_V12D07-075_C1,1
CACGACGTAATAGTAA-1_V12D07-075_C1,3
CACGCACAGCGCAGCT-1_V12D07-075_C1,1
CACGCAGCGAGGCTTT-1_V12D07-075_C1,1
CACGCGGAACTGTTGC-1_V12D07-075_C1,2
CACGGACGTGGATGGC-1_V12D07-075_C1,3
CACGGCGCGCCAAAGG-1_V12D07-075_C1,3
CACGGGATTGAGGGTT-1_V12D07-075_C1,1
CACGTCAATCAATGGA-1_V12D07-075_C1,2
CACGTCGGCAACCTCT-1_V12D07-075_C1,7
CACGTCGGGTTCTAGA-1_V12D07-075_C1,1
CACGTCTATGATGTGG-1_V12D07-075_C1,3
CACGTTCGTGCTCTAG-1_V12D07-075_C1,4
CACGTTTCGTACACAC-1_V12D07-075_C1,2
CACTAAAGTTGCCTAT-1_V12D07-075_C1,1
CACTACGGGAGCTGCC-1_V12D07-075_C1,2
CACTACTCAGTTCTGT-1_V12D07-075_C1,5
CACTCAAGAGCTATGG-1_V12D07-075_C1,2
CACTCAGCTCTTGAGG-1_V12D07-075_C1,5
CACTCCTCTCGGTCGG-1_V12D07-075_C1,3
CACTCGAGCTGAACAA-1_V12D07-075_C1,1
CACTCGGTTAGGAGGA-1_V12D07-075_C1,1
CACTCTTCTGCTAGCC-1_V12D07-075_C1,1
CACTGACGATTGTGGA-1_V12D07-075_C1,2
CACTGTCCAAGTGAGA-1_V12D07-075_C1,1
CACTTAATCAGACGGA-1_V12D07-075_C1,1
CACTTCGCCACAGGCT-1_V12D07-075_C1,1
CACTTCGTCTTATCTC-1_V12D07-075_C1,1
CAGAACTTAGCCCTCT-1_V12D07-075_C1,1
CAGAATAACACACGGA-1_V12D07-075_C1,2
CAGAATATTCGTTATC-1_V12D07-075_C1,6
CAGACACCGATCGCTG-1_V12D07-075_C1,1
CAGACCTGTAAGTGTT-1_V12D07-075_C1,4
CAGACGAACCTGATAC-1_V12D07-075_C1,4
CAGAGACGGTCACCCA-1_V12D07-075_C1,1
CAGAGCATGAGCTTGC-1_V12D07-075_C1,4
CAGAGCGATGGATGCT-1_V12D07-075_C1,2
CAGAGGCGATGCATGA-1_V12D07-075_C1,4
CAGAGTGATTTAACGT-1_V12D07-075_C1,5
CAGATAATGGGCGGGT-1_V12D07-075_C1,1
CAGATACTAACATAGT-1_V12D07-075_C1,9
CAGATCATTTAAAGTC-1_V12D07-075_C1,3
CAGCAGCCCGTTCCTT-1_V12D07-075_C1,4
CAGCAGTCCAGACTAT-1_V12D07-075_C1,2
CAGCAGTCTGTGCTGC-1_V12D07-075_C1,2
CAGCCGGGCCCTCTAT-1_V12D07-075_C1,6
CAGCCTCCTGCAGAGG-1_V12D07-075_C1,3
CAGCCTCGATAGCGGT-1_V12D07-075_C1,2
CAGCCTCTCCTCAAGA-1_V12D07-075_C1,6
CAGCGATTCCCTTCAA-1_V12D07-075_C1,7
CAGCGCCAACACGATA-1_V12D07-075_C1,1
CAGCTCACTGAGACAT-1_V12D07-075_C1,1
CAGCTCGACAAGTTAA-1_V12D07-075_C1,4
CAGCTCGTGCTTGTGT-1_V12D07-075_C1,1
CAGCTTAGTAGGTAGC-1_V12D07-075_C1,1
CAGGAAGACTTTATAT-1_V12D07-075_C1,8
CAGGACAGCTGCCCTT-1_V12D07-075_C1,3
CAGGATATATCGTTGT-1_V12D07-075_C1,2
CAGGCAGTCTTACCAG-1_V12D07-075_C1,1
CAGGCCGTTTGGGTGT-1_V12D07-075_C1,4
CAGGCGCCATGCTAGG-1_V12D07-075_C1,1
CAGTAACTATTTATTG-1_V12D07-075_C1,3
CAGTAATCCCTCCCAG-1_V12D07-075_C1,1
CAGTACATTCTCTAAA-1_V12D07-075_C1,6
CAGTAGATGATGTCCG-1_V12D07-075_C1,1
CAGTAGCCCACGCGGT-1_V12D07-075_C1,6
CAGTCGAGGATGCAAT-1_V12D07-075_C1,3
CAGTCTCTCGGCTAAT-1_V12D07-075_C1,5
CAGTCTGTATACTGGG-1_V12D07-075_C1,1
CAGTGAATAAATGACT-1_V12D07-075_C1,6
CAGTGGTTGCACATGA-1_V12D07-075_C1,1
CAGTGTCCGCAGAATG-1_V12D07-075_C1,1
CAGTGTCGGCTGGCCC-1_V12D07-075_C1,1
CAGTTCAAATTGACAC-1_V12D07-075_C1,1
CAGTTCCGCGGGTCGA-1_V12D07-075_C1,1
CAGTTCGAGGACCCGA-1_V12D07-075_C1,1
CATAACGGACAGTCGT-1_V12D07-075_C1,4
CATAAGAAGCTTGGCT-1_V12D07-075_C1,9
CATAATGAGCGGGCGA-1_V12D07-075_C1,5
CATACAAAGCCGAACC-1_V12D07-075_C1,5
CATACACGGTTCCCAC-1_V12D07-075_C1,1
CATACCCGTACCCAGT-1_V12D07-075_C1,1
CATACGGCGTCTGGGC-1_V12D07-075_C1,2
CATACTATGTAATTGT-1_V12D07-075_C1,1
CATACTTAGGCAATAC-1_V12D07-075_C1,3
CATACTTCTTTCTCCG-1_V12D07-075_C1,1
CATAGAGGAGATACTA-1_V12D07-075_C1,1
CATAGCCGCCCGGGAT-1_V12D07-075_C1,1
CATAGCGTTGCCCACC-1_V12D07-075_C1,7
CATAGTACATTGAGAG-1_V12D07-075_C1,8
CATAGTAGCATAGTAG-1_V12D07-075_C1,1
CATAGTCAAATACATA-1_V12D07-075_C1,1
CATAGTCCACAAGAAC-1_V12D07-075_C1,7
CATAGTGGGCACGCCT-1_V12D07-075_C1,4
CATATACTACTGATAA-1_V12D07-075_C1,3
CATATAGGTACAGTCA-1_V12D07-075_C1,2
CATATTATTTGCCCTA-1_V12D07-075_C1,3
CATCAAACTGGCGCCC-1_V12D07-075_C1,3
CATCAACACCTACTAA-1_V12D07-075_C1,1
CATCATCTACCCGGAC-1_V12D07-075_C1,5
CATCATTACCCTGAGG-1_V12D07-075_C1,2
CATCCCGAGATTCATA-1_V12D07-075_C1,2
CATCCGCAGGCCCGAA-1_V12D07-075_C1,1
CATCCTCTCAAAGATC-1_V12D07-075_C1,2
CATCGCCCGCGGCCAA-1_V12D07-075_C1,1
CATCGGACGGGTTAAT-1_V12D07-075_C1,1
CATCGTCCGGTTACTA-1_V12D07-075_C1,1
CATCTACCCGAGAACG-1_V12D07-075_C1,3
CATCTAGTGAAGGGAA-1_V12D07-075_C1,3
CATCTATCCCGTGTCT-1_V12D07-075_C1,8
CATCTGCAGGATCATT-1_V12D07-075_C1,1
CATCTTACACCACCTC-1_V12D07-075_C1,2
CATGAACCGACATTTG-1_V12D07-075_C1,1
CATGAACCTCTTATCA-1_V12D07-075_C1,1
CATGACTTCGCTGAAT-1_V12D07-075_C1,4
CATGAGATGCACTCTC-1_V12D07-075_C1,1
CATGATCGCTTTGAGA-1_V12D07-075_C1,1
CATGATGCACAATTCT-1_V12D07-075_C1,9
CATGATGGAAGTTAGC-1_V12D07-075_C1,2
CATGCATGGAGACCCT-1_V12D07-075_C1,1
CATGCGACCAGTTTAA-1_V12D07-075_C1,1
CATGCGTTAGACAGAA-1_V12D07-075_C1,1
CATGCTGGCTCCAATT-1_V12D07-075_C1,3
CATGGAAATGGGACCA-1_V12D07-075_C1,3
CATGGATTGTCTTCCG-1_V12D07-075_C1,2
CATGGCAGGAAGATCG-1_V12D07-075_C1,3
CATGGCTCCCTATGTC-1_V12D07-075_C1,1
CATGGGTATGCCTTAT-1_V12D07-075_C1,1
CATGGGTCGGGTGTGG-1_V12D07-075_C1,3
CATGGTAAGTAGCGTT-1_V12D07-075_C1,1
CATGGTCTAGATACCG-1_V12D07-075_C1,2
CATGGTTTATTAATCA-1_V12D07-075_C1,1
CATGTAAGAGACATTT-1_V12D07-075_C1,2
CATGTAGGAGCGCCAA-1_V12D07-075_C1,3
CATGTCTCATTTATGG-1_V12D07-075_C1,1
CATTACATAGATTGTG-1_V12D07-075_C1,3
CATTACGCAGGAAGGG-1_V12D07-075_C1,4
CATTACGTCGGCCCGT-1_V12D07-075_C1,5
CATTATGCTTGTTGTG-1_V12D07-075_C1,1
CATTCACTGACAGCTA-1_V12D07-075_C1,5
CATTCCCATTCCGTCG-1_V12D07-075_C1,3
CATTCCCTAAGTACAA-1_V12D07-075_C1,1
CATTCGTCGTAGCGGT-1_V12D07-075_C1,2
CATTGATGAACACGCC-1_V12D07-075_C1,3
CATTGCGAAATGGGCG-1_V12D07-075_C1,1
CATTGCGGGTCAATTC-1_V12D07-075_C1,3
CATTGTGTGCTAGATC-1_V12D07-075_C1,1
CATTTAGCGGACCATG-1_V12D07-075_C1,6
CATTTATCGTTCAAGA-1_V12D07-075_C1,5
CATTTCTAGCAGACTA-1_V12D07-075_C1,1
CATTTGAGTGGTACGT-1_V12D07-075_C1,4
CCAAACAGAACCCTCG-1_V12D07-075_C1,1
CCAAAGCAGTTGGTTG-1_V12D07-075_C1,1
CCAAATAACAAGATTC-1_V12D07-075_C1,4
CCAACGATGCACTGAT-1_V12D07-075_C1,1
CCAACGCTTGCCAGGG-1_V12D07-075_C1,3
CCAACTTGATAGATCC-1_V12D07-075_C1,6
CCAAGAAAGTGGGCGA-1_V12D07-075_C1,1
CCAAGACTTCTGCGAA-1_V12D07-075_C1,8
CCAAGCGTAACTCGTA-1_V12D07-075_C1,1
CCAAGGAACAGAGAGG-1_V12D07-075_C1,5
CCAAGGTTGCCCTTTC-1_V12D07-075_C1,1
CCAAGTTTCTACAGAT-1_V12D07-075_C1,2
CCAATAGATTTCATCT-1_V12D07-075_C1,1
CCAATAGTGCCGTCGA-1_V12D07-075_C1,1
CCAATCGGTAGATCGA-1_V12D07-075_C1,8
CCAATGTCACAGCAAG-1_V12D07-075_C1,1
CCAATTACGGGTCGAG-1_V12D07-075_C1,6
CCAATTGAATGTTAAT-1_V12D07-075_C1,1
CCACAATGTACGTCTT-1_V12D07-075_C1,7
CCACACTGAGATATTA-1_V12D07-075_C1,1
CCACAGCTGAAATCAT-1_V12D07-075_C1,5
CCACAGTACCCATCCT-1_V12D07-075_C1,2
CCACATACTGCACCCA-1_V12D07-075_C1,6
CCACCAACTTTACTGT-1_V12D07-075_C1,7
CCACCCAAGGAAAGTG-1_V12D07-075_C1,4
CCACCTGTATGGAATA-1_V12D07-075_C1,2
CCACGAATTTAACCTC-1_V12D07-075_C1,1
CCACGAGAAGAGAATC-1_V12D07-075_C1,3
CCACGGTGCCCGGTAG-1_V12D07-075_C1,6
CCACGTAAATTAGACT-1_V12D07-075_C1,3
CCACTATCCGGGTCAC-1_V12D07-075_C1,3
CCACTGGTGGCTGGTT-1_V12D07-075_C1,4
CCACTGTTTGGATTAA-1_V12D07-075_C1,1
CCAGAAACTGATGCGA-1_V12D07-075_C1,7
CCAGAAAGCAACTCAT-1_V12D07-075_C1,7
CCAGAGACAAAGCCGG-1_V12D07-075_C1,1
CCAGATAGTTGAGTGA-1_V12D07-075_C1,4
CCAGCCTGGACCAATA-1_V12D07-075_C1,1
CCAGCGGGATCACCAG-1_V12D07-075_C1,3
CCAGCTACGCCTCATA-1_V12D07-075_C1,5
CCAGCTCGAACGCATT-1_V12D07-075_C1,1
CCAGCTGATGGTACTT-1_V12D07-075_C1,4
CCAGCTTCCGCCCGCA-1_V12D07-075_C1,1
CCAGGCTGGCGTCTGA-1_V12D07-075_C1,4
CCAGGGACGTGGCCTC-1_V12D07-075_C1,1
CCAGTAGTCTGATCCA-1_V12D07-075_C1,4
CCAGTCCATTATTCGA-1_V12D07-075_C1,1
CCAGTCTAGACGGCGC-1_V12D07-075_C1,6
CCAGTCTTGTCATAGA-1_V12D07-075_C1,1
CCATAAACAACCCGAC-1_V12D07-075_C1,5
CCATACCTTTACTTGT-1_V12D07-075_C1,1
CCATACTCGCCTCTCC-1_V12D07-075_C1,1
CCATAGGTTGGCGTGG-1_V12D07-075_C1,8
CCATAGTCAGTAACCC-1_V12D07-075_C1,1
CCATATGGAAACTATA-1_V12D07-075_C1,2
CCATATTGGATCATGA-1_V12D07-075_C1,1
CCATCCATACCAAGTC-1_V12D07-075_C1,5
CCATCGCAGTTAAACT-1_V12D07-075_C1,1
CCATCTCACCAGTGAA-1_V12D07-075_C1,2
CCATCTTGTTCACAAT-1_V12D07-075_C1,5
CCATGCCCTAGATTTC-1_V12D07-075_C1,2
CCATGCCTGTTTAGTA-1_V12D07-075_C1,1
CCATGCTCTGCAGGAA-1_V12D07-075_C1,1
CCATGGCCCTTGTACC-1_V12D07-075_C1,1
CCATTAGCGATAATCC-1_V12D07-075_C1,1
CCATTCCCTGCCCACA-1_V12D07-075_C1,1
CCATTGTTTCCTCCAT-1_V12D07-075_C1,3
CCATTTCTACCTATTA-1_V12D07-075_C1,1
CCCAAACATGCTGCTC-1_V12D07-075_C1,2
CCCAACATACGTCGCG-1_V12D07-075_C1,4
CCCAACCACACTAACA-1_V12D07-075_C1,5
CCCAAGTCATTACACT-1_V12D07-075_C1,2
CCCAATTTCACAACTT-1_V12D07-075_C1,4
CCCAGAGGAGGGCGTA-1_V12D07-075_C1,3
CCCAGGTCTGAAGGCT-1_V12D07-075_C1,2
CCCAGTTAAGGCGCCG-1_V12D07-075_C1,3
CCCATATAGGTCGATT-1_V12D07-075_C1,1
CCCGACCATAGTCCGC-1_V12D07-075_C1,6
CCCGAGTTTCTCCGTA-1_V12D07-075_C1,4
CCCGATAGCCTCGCCT-1_V12D07-075_C1,3
CCCGCAGCGCGAACTA-1_V12D07-075_C1,1
CCCGCAGGGCCCAAAG-1_V12D07-075_C1,5
CCCGCCATGCTCCCGT-1_V12D07-075_C1,1
CCCGCGCAATGCACCC-1_V12D07-075_C1,1
CCCGGCTAGGTGAGAA-1_V12D07-075_C1,1
CCCGGGTCGTTCAGGG-1_V12D07-075_C1,2
CCCGGTGGAAGAACCT-1_V12D07-075_C1,1
CCCGTAAGTCTAGGCC-1_V12D07-075_C1,7
CCCGTAGCTGGGAAGA-1_V12D07-075_C1,4
CCCGTCAGCGTCTGAC-1_V12D07-075_C1,6
CCCGTTTCGCAGATGT-1_V12D07-075_C1,2
CCCTACTTGAACAATG-1_V12D07-075_C1,1
CCCTAGTGTCAGGTGT-1_V12D07-075_C1,1
CCCTCAAGCTCTTAGT-1_V12D07-075_C1,1
CCCTCATTCTGGAATT-1_V12D07-075_C1,5
CCCTCCTCGCTCGTAT-1_V12D07-075_C1,2
CCCTGAAATGAGTTGA-1_V12D07-075_C1,1
CCCTGACTAACAAATT-1_V12D07-075_C1,4
CCCTGATGTAACTCGT-1_V12D07-075_C1,1
CCCTGCGCTACGCATA-1_V12D07-075_C1,1
CCCTGGTATGGGCGGC-1_V12D07-075_C1,5
CCCTGTTGGCAAAGAC-1_V12D07-075_C1,1
CCCTTTAATGGAGTTC-1_V12D07-075_C1,2
CCCTTTGACAGGTCTT-1_V12D07-075_C1,1
CCGAAAGTGGTGAGCA-1_V12D07-075_C1,1
CCGAACCTTCCCGGCC-1_V12D07-075_C1,1
CCGAAGGGCGTACCGC-1_V12D07-075_C1,3
CCGAAGTATATTGTTC-1_V12D07-075_C1,1
CCGACAAACACATGAG-1_V12D07-075_C1,1
CCGACAAAGGGAGTGC-1_V12D07-075_C1,1
CCGACAATAGGCCGCC-1_V12D07-075_C1,2
CCGACGTAAACACAAC-1_V12D07-075_C1,3
CCGACTCGCATAGTCT-1_V12D07-075_C1,5
CCGAGAAGTCGCATAA-1_V12D07-075_C1,1
CCGAGCTGTGCTTGTC-1_V12D07-075_C1,3
CCGAGGGATGTTAGGC-1_V12D07-075_C1,5
CCGATATGACGTAAGG-1_V12D07-075_C1,6
CCGATCTCAACCTTAT-1_V12D07-075_C1,4
CCGATTCGAGGGACCC-1_V12D07-075_C1,4
CCGCACAAAGACCAAC-1_V12D07-075_C1,2
CCGCACACGAACGTGT-1_V12D07-075_C1,3
CCGCACGTGACCTCGG-1_V12D07-075_C1,1
CCGCACTTGCAATGAC-1_V12D07-075_C1,2
CCGCATGTGGTACGAT-1_V12D07-075_C1,1
CCGCCGGTCAACACAC-1_V12D07-075_C1,5
CCGCCGTTGAGGATAA-1_V12D07-075_C1,6
CCGCCTGCGAATTGGT-1_V12D07-075_C1,3
CCGCGATTTGGTAGGT-1_V12D07-075_C1,4
CCGCGGAATGCGTCAC-1_V12D07-075_C1,7
CCGCGGGTACGAAGAA-1_V12D07-075_C1,1
CCGCGTAGGTAAGGGC-1_V12D07-075_C1,1
CCGCTATCAGCACCAG-1_V12D07-075_C1,1
CCGCTCTTCCGAACTA-1_V12D07-075_C1,2
CCGCTGGTGCCATTCA-1_V12D07-075_C1,5
CCGCTTACCTCACTCT-1_V12D07-075_C1,7
CCGCTTGCTGACATGG-1_V12D07-075_C1,3
CCGGAAGTTATCAGTC-1_V12D07-075_C1,6
CCGGAATGGTTTCAGT-1_V12D07-075_C1,1
CCGGAGCGTACTTTCT-1_V12D07-075_C1,1
CCGGAGGTCTTATGGT-1_V12D07-075_C1,3
CCGGCACGACCGTTTC-1_V12D07-075_C1,3
CCGGCGCATATTGGAT-1_V12D07-075_C1,5
CCGGGACCCGCAGAGA-1_V12D07-075_C1,5
CCGGGCGGTCTCGTCA-1_V12D07-075_C1,2
CCGGGCTGCTCCATAC-1_V12D07-075_C1,1
CCGGGTTCGAGGTTAC-1_V12D07-075_C1,1
CCGGTAATGGCTAGTC-1_V12D07-075_C1,3
CCGGTGCGAGTGATAG-1_V12D07-075_C1,2
CCGGTTTGTAATTGTG-1_V12D07-075_C1,7
CCGTAAGTTGGTCCCA-1_V12D07-075_C1,1
CCGTACCCAAGCGCCA-1_V12D07-075_C1,1
CCGTAGGAAATCCCTG-1_V12D07-075_C1,2
CCGTAGGGTTGTTTAC-1_V12D07-075_C1,1
CCGTATTAGCGCAGTT-1_V12D07-075_C1,3
CCGTGAGGCATTCATG-1_V12D07-075_C1,3
CCGTGCCCATGACGGC-1_V12D07-075_C1,5
CCGTGGAACGATCCAA-1_V12D07-075_C1,3
CCGTGTTAAATTCCAT-1_V12D07-075_C1,7
CCGTTACGTTAGAACA-1_V12D07-075_C1,8
CCGTTCCGAATCTCGG-1_V12D07-075_C1,4
CCTAAAGGCTGACGCT-1_V12D07-075_C1,8
CCTAAATTAACGGTTC-1_V12D07-075_C1,1
CCTAAATTGTATCCTA-1_V12D07-075_C1,4
CCTAACCCAAACAAGT-1_V12D07-075_C1,2
CCTAACTAAGGCTCTA-1_V12D07-075_C1,6
CCTACAAGTCCGGAAT-1_V12D07-075_C1,3
CCTACGGCTCAGTCGA-1_V12D07-075_C1,1
CCTACTCAACACGATT-1_V12D07-075_C1,4
CCTACTGCTTACACTT-1_V12D07-075_C1,3
CCTAGGCGTAGCGATC-1_V12D07-075_C1,4
CCTAGTTAGTCGCATG-1_V12D07-075_C1,5
CCTATAATGAGTGCCC-1_V12D07-075_C1,1
CCTATACCGTCCTGTC-1_V12D07-075_C1,7
CCTATATTTGTCCTGG-1_V12D07-075_C1,1
CCTATCTATATCGGAA-1_V12D07-075_C1,6
CCTATGAAGTGGTGCC-1_V12D07-075_C1,3
CCTATGGGTTACCGTC-1_V12D07-075_C1,4
CCTATGGTCAAAGCTG-1_V12D07-075_C1,1
CCTATGTCCACTCCAC-1_V12D07-075_C1,1
CCTCACCAATCTTGAC-1_V12D07-075_C1,1
CCTCACCTGAGGGAGC-1_V12D07-075_C1,7
CCTCACCTTAGCATCG-1_V12D07-075_C1,4
CCTCACGTCAGCTAAT-1_V12D07-075_C1,2
CCTCATGCAGCTACGA-1_V12D07-075_C1,1
CCTCCCGACAATCCCT-1_V12D07-075_C1,5
CCTCCGACAATTCAAG-1_V12D07-075_C1,1
CCTCCTGAGCCCACAT-1_V12D07-075_C1,1
CCTCCTGTTGTGTCGT-1_V12D07-075_C1,2
CCTCGAAGTGGACGGG-1_V12D07-075_C1,5
CCTCGCCAGCAAATTA-1_V12D07-075_C1,8
CCTCGCGCGATATAGG-1_V12D07-075_C1,4
CCTCGCGCTGTGCGAT-1_V12D07-075_C1,1
CCTCGGACCGGGATAG-1_V12D07-075_C1,3
CCTCGGATGCTACCTG-1_V12D07-075_C1,1
CCTCGTTACGCCTGTT-1_V12D07-075_C1,3
CCTCTAATCTGCCAAG-1_V12D07-075_C1,3
CCTCTCTCCCATCTAG-1_V12D07-075_C1,1
CCTCTGGCCTAGACGG-1_V12D07-075_C1,1
CCTCTGTACTATTCTA-1_V12D07-075_C1,1
CCTGAACGATATATTC-1_V12D07-075_C1,2
CCTGAATATTTACATA-1_V12D07-075_C1,1
CCTGACAAACTCGCGC-1_V12D07-075_C1,1
CCTGACCACCGATGGT-1_V12D07-075_C1,1
CCTGCCCGTTGTCTAG-1_V12D07-075_C1,1
CCTGCGATAGAACTGT-1_V12D07-075_C1,1
CCTGCGTTCTACGCTT-1_V12D07-075_C1,1
CCTGCTATTTGAGAAG-1_V12D07-075_C1,5
CCTGGAAACGTTCTGC-1_V12D07-075_C1,6
CCTGGCTAGACCCGCC-1_V12D07-075_C1,1
CCTGGTCGAATGTGGG-1_V12D07-075_C1,1
CCTGTAAGACATGATA-1_V12D07-075_C1,1
CCTGTACTCACGCCCA-1_V12D07-075_C1,4
CCTGTCACCCGGGCTC-1_V12D07-075_C1,1
CCTGTCCCTCACGTTA-1_V12D07-075_C1,3
CCTGTCGCCCGTAAAT-1_V12D07-075_C1,2
CCTGTGAAACCGTAAC-1_V12D07-075_C1,2
CCTGTTTGAAGACACG-1_V12D07-075_C1,2
CCTTCAGTTAAAGTGA-1_V12D07-075_C1,4
CCTTCGTATAGAATCC-1_V12D07-075_C1,1
CCTTCTTGATCCAGTG-1_V12D07-075_C1,5
CCTTGACCACTTTATT-1_V12D07-075_C1,2
CCTTTAAGGGAGCACT-1_V12D07-075_C1,4
CCTTTCAATGAAGAAA-1_V12D07-075_C1,4
CGAAACATAGATGGCA-1_V12D07-075_C1,1
CGAAACGCAATTCATG-1_V12D07-075_C1,7
CGAACAGTATGGGCGT-1_V12D07-075_C1,1
CGAACATAGTCAGAAA-1_V12D07-075_C1,3
CGAACCCGCATGCGTC-1_V12D07-075_C1,4
CGAACGCCCAGTGCCG-1_V12D07-075_C1,5
CGAAGACGGTGAGTGC-1_V12D07-075_C1,1
CGAAGCTATAAATTCA-1_V12D07-075_C1,6
CGAAGTTGCTCTGTGT-1_V12D07-075_C1,1
CGAATGACGCATAATG-1_V12D07-075_C1,1
CGAATTCCCGGTTCAA-1_V12D07-075_C1,2
CGACAATTTGATCTAA-1_V12D07-075_C1,2
CGACACCGCTTAAGGA-1_V12D07-075_C1,9
CGACACGCTCCGACAG-1_V12D07-075_C1,2
CGACAGTTCGCGTTAT-1_V12D07-075_C1,1
CGACATGCGATCTTCT-1_V12D07-075_C1,5
CGACTCAGGATGTTAT-1_V12D07-075_C1,6
CGACTTTGTATAGCCT-1_V12D07-075_C1,6
CGAGACCCTAGAGTGT-1_V12D07-075_C1,1
CGAGACTACTGCTGCT-1_V12D07-075_C1,2
CGAGAGATGTGAACCT-1_V12D07-075_C1,9
CGAGAGCTTTCACTAC-1_V12D07-075_C1,2
CGAGAGGGTAGCCGCG-1_V12D07-075_C1,2
CGAGATTTCGCTCGGG-1_V12D07-075_C1,3
CGAGCACTTCAAGTTT-1_V12D07-075_C1,1
CGAGCCGAGCACTCGA-1_V12D07-075_C1,2
CGAGCGTTGATCAGCC-1_V12D07-075_C1,8
CGAGCTGGGCTTTAGG-1_V12D07-075_C1,5
CGAGGAGCTTCCATAT-1_V12D07-075_C1,3
CGAGGATCGGGAACGA-1_V12D07-075_C1,3
CGAGGCCAGGCATTGG-1_V12D07-075_C1,1
CGAGGCTAAATATGGC-1_V12D07-075_C1,2
CGAGGGACTGCGGTCG-1_V12D07-075_C1,1
CGAGGGTATCCAGGTG-1_V12D07-075_C1,1
CGAGTACTAAAGAGGA-1_V12D07-075_C1,7
CGAGTGCTATAGTTCG-1_V12D07-075_C1,5
CGAGTTCTGTCCCACC-1_V12D07-075_C1,7
CGAGTTTATCGGACTG-1_V12D07-075_C1,2
CGATAATACTCAGGTT-1_V12D07-075_C1,6
CGATACCTCGCGGACA-1_V12D07-075_C1,1
CGATAGTCGTACTGCA-1_V12D07-075_C1,1
CGATATTAGCCGCAGG-1_V12D07-075_C1,5
CGATCCGACCCAGTGC-1_V12D07-075_C1,1
CGATGGACCCTACGCC-1_V12D07-075_C1,4
CGATTAAATATCTCCT-1_V12D07-075_C1,1
CGATTCGCCTGGCTGC-1_V12D07-075_C1,1
CGCAAACACGAGTTAC-1_V12D07-075_C1,1
CGCAATCGATCATTAG-1_V12D07-075_C1,1
CGCAATTACTTTCGGT-1_V12D07-075_C1,1
CGCAATTAGGGTAATA-1_V12D07-075_C1,1
CGCAATTCTACAATAA-1_V12D07-075_C1,1
CGCACATGTCCACTAC-1_V12D07-075_C1,4
CGCACGTGCGCTATCA-1_V12D07-075_C1,1
CGCAGAAACATTTGCG-1_V12D07-075_C1,1
CGCAGATCTTCACCCG-1_V12D07-075_C1,1
CGCAGGCGATCCAAAC-1_V12D07-075_C1,2
CGCATCATGGCTTCAG-1_V12D07-075_C1,8
CGCATCCATCAGCCAG-1_V12D07-075_C1,3
CGCATGCCGAATGCGT-1_V12D07-075_C1,1
CGCATGGTGCGATGCT-1_V12D07-075_C1,1
CGCATTAGCTAATAGG-1_V12D07-075_C1,1
CGCCAAGAAGCCGAGT-1_V12D07-075_C1,7
CGCCAATTATTGCGTT-1_V12D07-075_C1,1
CGCCACCCGCATTAAC-1_V12D07-075_C1,1
CGCCATCCGATTATGA-1_V12D07-075_C1,1
CGCCCAGCACGCCTAG-1_V12D07-075_C1,4
CGCCCAGCGTTTCACG-1_V12D07-075_C1,1
CGCCCGCTTCCGTACA-1_V12D07-075_C1,8
CGCCCTTGAAGGCTGA-1_V12D07-075_C1,1
CGCCGACTATTCGCTA-1_V12D07-075_C1,2
CGCCGCCCATGCCTGT-1_V12D07-075_C1,2
CGCCGTCTACCCATCG-1_V12D07-075_C1,3
CGCCGTTCAGCATAGT-1_V12D07-075_C1,2
CGCCTCCCTCCTCTAT-1_V12D07-075_C1,2
CGCCTGGCCTACGTAA-1_V12D07-075_C1,7
CGCCTTTAGCATGCTC-1_V12D07-075_C1,6
CGCGAAGTGGCATACT-1_V12D07-075_C1,2
CGCGACACTGCGCAGC-1_V12D07-075_C1,1
CGCGACCGCGACAGAT-1_V12D07-075_C1,1
CGCGAGAGGGACTTGT-1_V12D07-075_C1,3
CGCGCATGTTTGATTG-1_V12D07-075_C1,1
CGCGCCCGACTTAATA-1_V12D07-075_C1,6
CGCGGCAGTATTACGG-1_V12D07-075_C1,1
CGCGGCTCAACTTGAA-1_V12D07-075_C1,2
CGCGGGAATTAGGCAG-1_V12D07-075_C1,4
CGCGGTAAGTCTAGCT-1_V12D07-075_C1,3
CGCGGTACGGTATACA-1_V12D07-075_C1,2
CGCGGTCACAAACCAA-1_V12D07-075_C1,3
CGCGTACATTCTGGAA-1_V12D07-075_C1,3
CGCGTTCATGAAATAC-1_V12D07-075_C1,1
CGCTACGGGACATTTA-1_V12D07-075_C1,1
CGCTAGAGACCGCTGC-1_V12D07-075_C1,4
CGCTATACCGCCCACT-1_V12D07-075_C1,8
CGCTATTCAATGTATG-1_V12D07-075_C1,1
CGCTATTCTTAGGCTC-1_V12D07-075_C1,2
CGCTCGACATAATGAT-1_V12D07-075_C1,9
CGCTCTCCGTAGATTA-1_V12D07-075_C1,1
CGCTGGTGACTACCCT-1_V12D07-075_C1,2
CGCTGTGACGCCGCAC-1_V12D07-075_C1,1
CGCTGTGTGGATGTTG-1_V12D07-075_C1,7
CGCTTAGTATTGATAC-1_V12D07-075_C1,1
CGCTTATTCCCGGTCG-1_V12D07-075_C1,7
CGCTTCCACTGAAATC-1_V12D07-075_C1,1
CGCTTCGGTCTAAGAC-1_V12D07-075_C1,1
CGCTTGGACGGATAGA-1_V12D07-075_C1,2
CGCTTTCATACCGGTG-1_V12D07-075_C1,1
CGCTTTCTTGCATTCG-1_V12D07-075_C1,7
CGGAAAGAATCAAACG-1_V12D07-075_C1,4
CGGAAAGCAAATGTGC-1_V12D07-075_C1,1
CGGAACGTAAACATAG-1_V12D07-075_C1,4
CGGAGCAATTTAATCG-1_V12D07-075_C1,1
CGGAGCATGGCGATCC-1_V12D07-075_C1,1
CGGAGCTTATAACACC-1_V12D07-075_C1,3
CGGAGTTTGAGAGACA-1_V12D07-075_C1,1
CGGATAAGCGGACATG-1_V12D07-075_C1,1
CGGATCCTCAAGGACT-1_V12D07-075_C1,1
CGGCAAACATCGTGCG-1_V12D07-075_C1,1
CGGCAATAAGATCGCC-1_V12D07-075_C1,2
CGGCACCGTTAGCGCC-1_V12D07-075_C1,3
CGGCACTCAAGAAAGT-1_V12D07-075_C1,5
CGGCAGGGTCGGGTTG-1_V12D07-075_C1,7
CGGCCACGCACAAAGT-1_V12D07-075_C1,2
CGGCCAGAGCGACCAT-1_V12D07-075_C1,1
CGGCCCAACCTGTAGT-1_V12D07-075_C1,3
CGGCCCAGGTATATCC-1_V12D07-075_C1,2
CGGCGCCATCAATCCC-1_V12D07-075_C1,2
CGGCTCTAAAGCTGCA-1_V12D07-075_C1,4
CGGCTCTTCGTCGAAC-1_V12D07-075_C1,3
CGGCTTTGTATGATAA-1_V12D07-075_C1,5
CGGGAATATAGTATAC-1_V12D07-075_C1,2
CGGGAATTTATGTAAA-1_V12D07-075_C1,2
CGGGAGCTTCAGTGTA-1_V12D07-075_C1,2
CGGGAGTATACCGCCG-1_V12D07-075_C1,1
CGGGATCAATGTAAGA-1_V12D07-075_C1,1
CGGGCAGCTAAACCGC-1_V12D07-075_C1,1
CGGGCCATAGCCGCAC-1_V12D07-075_C1,1
CGGGCCTTCTTTGTAA-1_V12D07-075_C1,2
CGGGCGATGGATCACG-1_V12D07-075_C1,2
CGGGTGTACCCATTTA-1_V12D07-075_C1,4
CGGGTTCGGCACGTAT-1_V12D07-075_C1,3
CGGGTTTGTTAGGGCT-1_V12D07-075_C1,2
CGGTACTAGAATCAAA-1_V12D07-075_C1,1
CGGTAGAGGTGCAGGT-1_V12D07-075_C1,6
CGGTATAGGTATTAGC-1_V12D07-075_C1,3
CGGTCAAGTGGGAACC-1_V12D07-075_C1,9
CGGTCAGTCCATATTT-1_V12D07-075_C1,4
CGGTCCATGAGACTCC-1_V12D07-075_C1,3
CGGTCCGTCGCAAGCC-1_V12D07-075_C1,1
CGGTCTATCAACCCGT-1_V12D07-075_C1,8
CGGTGAAGACTAAAGT-1_V12D07-075_C1,1
CGGTGCAGATAGAACG-1_V12D07-075_C1,4
CGGTGCGCGTTGGTCC-1_V12D07-075_C1,7
CGGTGGGCTCCAGCCT-1_V12D07-075_C1,3
CGGTGTACTTGATCCC-1_V12D07-075_C1,1
CGGTTATCCAACAGTG-1_V12D07-075_C1,4
CGGTTCAAGTAGGTGT-1_V12D07-075_C1,1
CGGTTCCGGCTTCTTG-1_V12D07-075_C1,5
CGGTTGACCTGGCATA-1_V12D07-075_C1,4
CGGTTGGGTTCAAGTT-1_V12D07-075_C1,3
CGGTTTATGAAGGAAC-1_V12D07-075_C1,3
CGTAAACGCTTGAGTG-1_V12D07-075_C1,1
CGTAACTTCGACACTT-1_V12D07-075_C1,4
CGTAATAATTACGAGT-1_V12D07-075_C1,1
CGTACCGAAAGTCTAG-1_V12D07-075_C1,1
CGTACCTGATAGGCCT-1_V12D07-075_C1,1
CGTAGCGAATTGTCAG-1_V12D07-075_C1,5
CGTAGCGCCGACGTTG-1_V12D07-075_C1,5
CGTATCTAGAACTAAG-1_V12D07-075_C1,2
CGTATTAAGAGATCTA-1_V12D07-075_C1,1
CGTCAAGGCTATAAAT-1_V12D07-075_C1,1
CGTCAATCTTTAACAT-1_V12D07-075_C1,1
CGTCACGTCCATTGGT-1_V12D07-075_C1,1
CGTCAGCTATTTACTC-1_V12D07-075_C1,1
CGTCAGTGCGCACAAG-1_V12D07-075_C1,1
CGTCATACCATATCCA-1_V12D07-075_C1,1
CGTCCAGATGGCTCCA-1_V12D07-075_C1,2
CGTCCTCATCGCGTGC-1_V12D07-075_C1,4
CGTCGCATGTGAGCCA-1_V12D07-075_C1,2
CGTCGCGGCGGGATTT-1_V12D07-075_C1,1
CGTCGGATAGTGTTGA-1_V12D07-075_C1,7
CGTCGTCCTTCGCGAA-1_V12D07-075_C1,1
CGTCTGGAAGGGCCCG-1_V12D07-075_C1,5
CGTCTTGAGTGTGACG-1_V12D07-075_C1,8
CGTGAAGTTAATTCAC-1_V12D07-075_C1,1
CGTGACATTGGGTCGT-1_V12D07-075_C1,8
CGTGACCAGTCCTCTG-1_V12D07-075_C1,1
CGTGCAGACTGGGACA-1_V12D07-075_C1,1
CGTGCATTGTCGACGC-1_V12D07-075_C1,4
CGTGCCCTCCCGAAGA-1_V12D07-075_C1,1
CGTGCTGGCCTAGTCG-1_V12D07-075_C1,1
CGTGGAAGCCTCGTAC-1_V12D07-075_C1,6
CGTGGCCGAATATCTA-1_V12D07-075_C1,2
CGTGTATGGGAGCTGA-1_V12D07-075_C1,1
CGTGTCCCATTCGCGA-1_V12D07-075_C1,1
CGTGTGTTAAACCCTG-1_V12D07-075_C1,3
CGTTAAACTAGTTAGG-1_V12D07-075_C1,4
CGTTAATGTCCCGACG-1_V12D07-075_C1,1
CGTTAGCTCACAACTG-1_V12D07-075_C1,3
CGTTCAGACCCGCGAA-1_V12D07-075_C1,2
CGTTCTTCGCACACCT-1_V12D07-075_C1,3
CGTTGAATACCGCGCT-1_V12D07-075_C1,1
CGTTGAGCGACCGTCG-1_V12D07-075_C1,2
CGTTGAGTAATTGCGT-1_V12D07-075_C1,3
CGTTGCCCGCGTGGGA-1_V12D07-075_C1,4
CGTTGTAAACGTCAGG-1_V12D07-075_C1,1
CGTTGTAAGATTGATT-1_V12D07-075_C1,4
CGTTGTCGGCAATTGA-1_V12D07-075_C1,2
CGTTGTTTCAATTCCC-1_V12D07-075_C1,1
CGTTTAAGCGGAGCAC-1_V12D07-075_C1,5
CGTTTACAAGGCAGCT-1_V12D07-075_C1,3
CGTTTCACTTCGGGCG-1_V12D07-075_C1,6
CGTTTCGCTCATTACA-1_V12D07-075_C1,1
CGTTTGGTGTTGTGGG-1_V12D07-075_C1,2
CGTTTGTGTAGAGGGT-1_V12D07-075_C1,7
CTAAAGAATGCCTACT-1_V12D07-075_C1,1
CTAAAGGGAAATAGGA-1_V12D07-075_C1,2
CTAAATCCTATTCCGG-1_V12D07-075_C1,4
CTAACCGCGCGCCCGT-1_V12D07-075_C1,1
CTAACGAAACTTGCTG-1_V12D07-075_C1,7
CTAACTGATAATCGCC-1_V12D07-075_C1,2
CTAACTGGTCCGGTTC-1_V12D07-075_C1,7
CTAAGGGAATGATTGG-1_V12D07-075_C1,1
CTAAGTACAGGGCTAC-1_V12D07-075_C1,3
CTAATTCGCACGCGCT-1_V12D07-075_C1,1
CTAATTCTCAGATATT-1_V12D07-075_C1,4
CTAATTTCAACAACAC-1_V12D07-075_C1,1
CTACACTCGCAGATGG-1_V12D07-075_C1,1
CTACCCTAAGGTCATA-1_V12D07-075_C1,7
CTACGACTAGCTATAA-1_V12D07-075_C1,4
CTACGCACGGAGTACC-1_V12D07-075_C1,1
CTACGCCATTTCCGAT-1_V12D07-075_C1,3
CTACGTGTTGCCACCA-1_V12D07-075_C1,5
CTACTATCTTTCAGAG-1_V12D07-075_C1,7
CTACTCAAGGTATAGT-1_V12D07-075_C1,7
CTACTCTAGGCCCGGC-1_V12D07-075_C1,1
CTACTGCCACCTGACC-1_V12D07-075_C1,1
CTAGACATATATGTAG-1_V12D07-075_C1,3
CTAGACTGCATTTCGT-1_V12D07-075_C1,3
CTAGATAAACTCCTCG-1_V12D07-075_C1,1
CTAGATGTGAGTGTAA-1_V12D07-075_C1,3
CTAGATTTACGACGGC-1_V12D07-075_C1,1
CTAGCATAGTATAATG-1_V12D07-075_C1,2
CTAGCCACAGGCGAGC-1_V12D07-075_C1,2
CTAGCCGATGTTATGA-1_V12D07-075_C1,6
CTAGCTTAATGGTCCC-1_V12D07-075_C1,6
CTAGGCGCCCTATCAG-1_V12D07-075_C1,1
CTAGGTCTGAAGGAAT-1_V12D07-075_C1,6
CTAGGTTCGGACGTGA-1_V12D07-075_C1,1
CTAGTAGAAAGGGATT-1_V12D07-075_C1,1
CTAGTATTCGGAATTA-1_V12D07-075_C1,8
CTAGTCACGTCTTAAG-1_V12D07-075_C1,1
CTAGTGAAGGACAGGA-1_V12D07-075_C1,1
CTAGTTACAACCCGGT-1_V12D07-075_C1,1
CTAGTTGGGCCCGGTA-1_V12D07-075_C1,2
CTATAAGAGCCAATCG-1_V12D07-075_C1,6
CTATCGACGAAATACA-1_V12D07-075_C1,1
CTATCGCGTAGAGAAC-1_V12D07-075_C1,2
CTATCGGGTCTCAACA-1_V12D07-075_C1,2
CTATGCCCGAATGCAA-1_V12D07-075_C1,1
CTATGGGAAGCGGAAT-1_V12D07-075_C1,2
CTATGTCACTAGCCCA-1_V12D07-075_C1,1
CTATGTCTATTGAAAC-1_V12D07-075_C1,5
CTATTCATGTGTCCCA-1_V12D07-075_C1,1
CTATTGTGTTTGGTCA-1_V12D07-075_C1,3
CTATTTGCTTGGAGGA-1_V12D07-075_C1,1
CTATTTGGTTACGGAT-1_V12D07-075_C1,1
CTCAACTAACCCGGAT-1_V12D07-075_C1,2
CTCAAGACATTAGCGC-1_V12D07-075_C1,3
CTCACATTTACTAAAT-1_V12D07-075_C1,1
CTCACCAGTACAAGTG-1_V12D07-075_C1,1
CTCACCGATCCAAACT-1_V12D07-075_C1,3
CTCACTGTGATACTTA-1_V12D07-075_C1,1
CTCACTTGGCTGGTAA-1_V12D07-075_C1,7
CTCAGGACTCACCTGT-1_V12D07-075_C1,1
CTCAGTCACGACAAAT-1_V12D07-075_C1,4
CTCATCACTTAGTGAT-1_V12D07-075_C1,3
CTCATGGCTCACAATC-1_V12D07-075_C1,5
CTCATTCGTGAACATC-1_V12D07-075_C1,1
CTCATTGCTCTAACAA-1_V12D07-075_C1,2
CTCATTTGATGGGCGG-1_V12D07-075_C1,3
CTCCCAATGAGTCGCG-1_V12D07-075_C1,4
CTCCGCCCACATGAGG-1_V12D07-075_C1,1
CTCCGGCCTAATATGC-1_V12D07-075_C1,8
CTCCGGCTTGTAGACA-1_V12D07-075_C1,1
CTCCTAAGTTATGTCT-1_V12D07-075_C1,1
CTCCTCCAGCTCACAC-1_V12D07-075_C1,1
CTCCTGTTCAAGGCAG-1_V12D07-075_C1,2
CTCCTTTACGCAAGTC-1_V12D07-075_C1,3
CTCGAATGGAACGTAT-1_V12D07-075_C1,3
CTCGAGATCCAAAGCA-1_V12D07-075_C1,1
CTCGAGGTCGAACAGT-1_V12D07-075_C1,1
CTCGATATTTGCGAGC-1_V12D07-075_C1,6
CTCGCACCTATATAGT-1_V12D07-075_C1,1
CTCGCCGAATGTAGGG-1_V12D07-075_C1,1
CTCGCTAGGTAAGCGA-1_V12D07-075_C1,4
CTCGGGATAACACCTA-1_V12D07-075_C1,3
CTCGGTACCACTGCTC-1_V12D07-075_C1,1
CTCGGTCCGTAGCCTG-1_V12D07-075_C1,3
CTCGTCTGTGCCTTCG-1_V12D07-075_C1,2
CTCGTTTCTAATGTTT-1_V12D07-075_C1,3
CTCTAATGCATTGATC-1_V12D07-075_C1,3
CTCTAGCCCTCGGAAA-1_V12D07-075_C1,2
CTCTATTTGGCTGCAG-1_V12D07-075_C1,1
CTCTCACAATCGATGA-1_V12D07-075_C1,2
CTCTCGCTGTACTATG-1_V12D07-075_C1,1
CTCTGCGAAGCAAGCA-1_V12D07-075_C1,1
CTCTGGACGCCTGGTG-1_V12D07-075_C1,1
CTCTGTTTGAGGATTC-1_V12D07-075_C1,5
CTCTTCTATTGACTGG-1_V12D07-075_C1,1
CTCTTGTCCCGCTTGG-1_V12D07-075_C1,1
CTGAAACGGCCCTCAG-1_V12D07-075_C1,3
CTGAAAGAGATCCGAC-1_V12D07-075_C1,3
CTGAATCCGAGACCTC-1_V12D07-075_C1,1
CTGAATTTATTGCCAG-1_V12D07-075_C1,3
CTGACATAGAAATAGA-1_V12D07-075_C1,6
CTGACTGCGCAGCTCG-1_V12D07-075_C1,4
CTGAGAAAGTTCGGCG-1_V12D07-075_C1,6
CTGAGAGTAGAAATAC-1_V12D07-075_C1,2
CTGAGCAAGTAACAAG-1_V12D07-075_C1,1
CTGAGCGAGACTTATT-1_V12D07-075_C1,3
CTGATAGTGTATCTCA-1_V12D07-075_C1,1
CTGCAAGCACGTTCCG-1_V12D07-075_C1,2
CTGCACAACTACATAT-1_V12D07-075_C1,2
CTGCACCTAGTCCACA-1_V12D07-075_C1,3
CTGCACCTGGAACCGC-1_V12D07-075_C1,5
CTGCACTCCAGTACAG-1_V12D07-075_C1,2
CTGCAGAGAATCAGAG-1_V12D07-075_C1,2
CTGCAGGTGCTCGGCC-1_V12D07-075_C1,1
CTGCCAAGGTTGGAAG-1_V12D07-075_C1,8
CTGCCATGCATCACAT-1_V12D07-075_C1,3
CTGCCCACGAAGCGTT-1_V12D07-075_C1,1
CTGCCTAGCCACCAAG-1_V12D07-075_C1,3
CTGCCTCATATGCAAC-1_V12D07-075_C1,3
CTGCCTTTCTAGTAAA-1_V12D07-075_C1,2
CTGCGGGTGAAATGTT-1_V12D07-075_C1,1
CTGCGGTAGTCACGTG-1_V12D07-075_C1,3
CTGCGTTACGATATAA-1_V12D07-075_C1,6
CTGCTGAGGCCACGAA-1_V12D07-075_C1,7
CTGCTGTCTAACGAGC-1_V12D07-075_C1,6
CTGCTTGGCGATAGCT-1_V12D07-075_C1,1
CTGCTTTATGTCCGCG-1_V12D07-075_C1,3
CTGGAAATGGATGCTT-1_V12D07-075_C1,1
CTGGAAGACACGGTGG-1_V12D07-075_C1,1
CTGGATTTACACTTGA-1_V12D07-075_C1,1
CTGGCGACATAAGTCC-1_V12D07-075_C1,6
CTGGCGCACAGGTCTG-1_V12D07-075_C1,2
CTGGCGGGAATAAGTA-1_V12D07-075_C1,1
CTGGCTCCTGCGGGAT-1_V12D07-075_C1,5
CTGGCTGATTCATCCT-1_V12D07-075_C1,2
CTGGCTGGTTGTCAGT-1_V12D07-075_C1,1
CTGGGATAAATAATGG-1_V12D07-075_C1,1
CTGGGATACGCTACCC-1_V12D07-075_C1,6
CTGGGCCTGCTATATC-1_V12D07-075_C1,7
CTGGGCTATCCTTTGG-1_V12D07-075_C1,3
CTGGGTAGGCAGTTAA-1_V12D07-075_C1,1
CTGGTAAAGACTTACA-1_V12D07-075_C1,2
CTGGTAAAGTGTGGGC-1_V12D07-075_C1,2
CTGGTAACACATAGAA-1_V12D07-075_C1,1
CTGGTAACGAGCTCTT-1_V12D07-075_C1,4
CTGGTCATTCCAATCC-1_V12D07-075_C1,1
CTGGTCCTAACTTGGC-1_V12D07-075_C1,5
CTGGTTCAACGCATCA-1_V12D07-075_C1,1
CTGGTTCGCGAGCTAC-1_V12D07-075_C1,3
CTGGTTTCGAGCAAGA-1_V12D07-075_C1,2
CTGTACTTCTTAGCAT-1_V12D07-075_C1,1
CTGTAGCCATCTCACT-1_V12D07-075_C1,7
CTGTATGGTGTAGAAA-1_V12D07-075_C1,1
CTGTCAAATGGCTCGG-1_V12D07-075_C1,4
CTGTCACGCCAGGCGC-1_V12D07-075_C1,3
CTGTCTGTGGCTGGCT-1_V12D07-075_C1,1
CTGTGCAGGGTAGGTC-1_V12D07-075_C1,1
CTGTGGTCGGGAGATA-1_V12D07-075_C1,1
CTGTTACCCAATCTAG-1_V12D07-075_C1,1
CTGTTCACTGCCTGTG-1_V12D07-075_C1,8
CTGTTCATCTCACGGG-1_V12D07-075_C1,1
CTGTTGGCTCTTCTGA-1_V12D07-075_C1,1
CTTAAATAAGACCCAT-1_V12D07-075_C1,1
CTTAACTTACAGTATA-1_V12D07-075_C1,4
CTTAACTTCGAAGTAC-1_V12D07-075_C1,5
CTTACACGGTATTCCA-1_V12D07-075_C1,1
CTTACACTGGGAAATA-1_V12D07-075_C1,1
CTTACTGACTCCTCTG-1_V12D07-075_C1,2
CTTAGCCCGGATAGTG-1_V12D07-075_C1,1
CTTAGCCTTCCACATG-1_V12D07-075_C1,6
CTTAGTAGGCCTACAG-1_V12D07-075_C1,6
CTTAGTGTAGTAGCAT-1_V12D07-075_C1,1
CTTATAGATGGCTGTT-1_V12D07-075_C1,2
CTTATGTTGACTACCA-1_V12D07-075_C1,1
CTTCAACTCCACTTGG-1_V12D07-075_C1,1
CTTCATAGCTCAAGAA-1_V12D07-075_C1,1
CTTCATTGTCAGTGGA-1_V12D07-075_C1,2
CTTCCGCTCCGTGAAG-1_V12D07-075_C1,4
CTTCGATTGCGCAAGC-1_V12D07-075_C1,1
CTTCGGCCAATTGTTT-1_V12D07-075_C1,4
CTTCGTAGATAGGTGA-1_V12D07-075_C1,4
CTTCTATGTTGAAGTA-1_V12D07-075_C1,4
CTTCTATTAATGCTAG-1_V12D07-075_C1,4
CTTCTTACGTCGTATA-1_V12D07-075_C1,1
CTTGACCCGAAAGATA-1_V12D07-075_C1,5
CTTGAGGTTATCCCGA-1_V12D07-075_C1,1
CTTGAGTTAGGGTAAT-1_V12D07-075_C1,2
CTTGATGACCATCCAG-1_V12D07-075_C1,1
CTTGCCCACCCACGCA-1_V12D07-075_C1,4
CTTGCCCAGGCTCTAC-1_V12D07-075_C1,2
CTTGGCCAAGCTGGGA-1_V12D07-075_C1,1
CTTGTACTTGTTGACT-1_V12D07-075_C1,5
CTTGTCAACATTCGAG-1_V12D07-075_C1,1
CTTGTGAGGACAGCGG-1_V12D07-075_C1,1
CTTGTGAGTCTTTGAC-1_V12D07-075_C1,5
CTTGTGCTCACCGATT-1_V12D07-075_C1,4
CTTGTTGCTGAGTCAA-1_V12D07-075_C1,2
CTTGTTTATGTAGCCA-1_V12D07-075_C1,1
CTTTAACTTTCAAAGG-1_V12D07-075_C1,1
CTTTAATATTGGTCGA-1_V12D07-075_C1,1
CTTTACCGAATAGTAG-1_V12D07-075_C1,1
CTTTAGGAACACTGTT-1_V12D07-075_C1,2
CTTTAGTGCTATTATT-1_V12D07-075_C1,2
CTTTCTGTGCGGGCTT-1_V12D07-075_C1,1
CTTTGCATCGCTCTTG-1_V12D07-075_C1,2
CTTTGCTGTCATGGAT-1_V12D07-075_C1,6
CTTTGGCAGACAGAGT-1_V12D07-075_C1,1
CTTTGGCGCTTTATAC-1_V12D07-075_C1,1
CTTTGGCTTTAGTAAA-1_V12D07-075_C1,1
CTTTGGGATTGTTGCA-1_V12D07-075_C1,4
GAAACAGATGACCACC-1_V12D07-075_C1,2
GAAACAGCCATGCAGT-1_V12D07-075_C1,5
GAAACCATGGTGCGCT-1_V12D07-075_C1,3
GAAACCGAATTACCTT-1_V12D07-075_C1,4
GAAACCTATACAAATG-1_V12D07-075_C1,1
GAAACTCGTGCGATGC-1_V12D07-075_C1,1
GAAACTCTAATGAAGG-1_V12D07-075_C1,1
GAAAGAACAGCGTTAT-1_V12D07-075_C1,4
GAAAGCAGTGCACTTT-1_V12D07-075_C1,4
GAAAGCCCTTTGGACC-1_V12D07-075_C1,1
GAAAGTGACTAACTGC-1_V12D07-075_C1,1
GAAATACCTGCTGGCT-1_V12D07-075_C1,3
GAAATACTAAACGTTT-1_V12D07-075_C1,1
GAAATATCACCATCAG-1_V12D07-075_C1,1
GAAATATGCTTGAATG-1_V12D07-075_C1,3
GAAATCGCGCGCAACT-1_V12D07-075_C1,5
GAAATCTGACCAAGTT-1_V12D07-075_C1,1
GAAATGGCGGTGTTAG-1_V12D07-075_C1,1
GAAATGGGATGTAAAC-1_V12D07-075_C1,1
GAAATTAGCACGGATA-1_V12D07-075_C1,1
GAAATTCACATCGCTG-1_V12D07-075_C1,1
GAAATTGTCTCTATAA-1_V12D07-075_C1,1
GAACAACTGGGATGAA-1_V12D07-075_C1,1
GAACACACATCAACCA-1_V12D07-075_C1,3
GAACAGATTACTAAAT-1_V12D07-075_C1,1
GAACCCTCTGTGTTCT-1_V12D07-075_C1,1
GAACCTCGACCTACAC-1_V12D07-075_C1,4
GAACCTTTAACGATCC-1_V12D07-075_C1,1
GAACGACCGAATGATA-1_V12D07-075_C1,5
GAACGATAAGTTAAAG-1_V12D07-075_C1,3
GAACGCGGGTCACACG-1_V12D07-075_C1,1
GAACGTCTCATGGTCG-1_V12D07-075_C1,7
GAACGTTAGGAAGACG-1_V12D07-075_C1,1
GAACTGTGGAGAGACA-1_V12D07-075_C1,1
GAACTTAGCGCCCGGT-1_V12D07-075_C1,3
GAAGAACGGTGCAGGT-1_V12D07-075_C1,1
GAAGCCACTGATTATG-1_V12D07-075_C1,1
GAAGCCGGGTAAGCTC-1_V12D07-075_C1,1
GAAGCCTGCACATTCC-1_V12D07-075_C1,1
GAAGCGTGAGGAATTT-1_V12D07-075_C1,1
GAAGCTCTTTGCTTAG-1_V12D07-075_C1,2
GAAGCTTGCTGACCGC-1_V12D07-075_C1,1
GAAGGAGTCGAGTGCG-1_V12D07-075_C1,2
GAAGGCTACCATTGTT-1_V12D07-075_C1,3
GAAGGGCATAACCATG-1_V12D07-075_C1,1
GAAGTCAGTTGCACTA-1_V12D07-075_C1,4
GAAGTCTCCCTAGCGA-1_V12D07-075_C1,4
GAAGTGATTTATCGTG-1_V12D07-075_C1,1
GAAGTGCTGGATAGCT-1_V12D07-075_C1,1
GAAGTTTCCACTCAAT-1_V12D07-075_C1,1
GAATAGACGCGACCCA-1_V12D07-075_C1,2
GAATAGCATTTAGGGT-1_V12D07-075_C1,6
GAATAGCCCTGCGGTC-1_V12D07-075_C1,3
GAATATTCGGAGTCCC-1_V12D07-075_C1,8
GAATCGACATGGTCAC-1_V12D07-075_C1,1
GAATCGCCGGACACGG-1_V12D07-075_C1,1
GAATCTGAACATTCTC-1_V12D07-075_C1,1
GAATGAAGGTCTTCAG-1_V12D07-075_C1,3
GAATGCCGAAATGACC-1_V12D07-075_C1,1
GAATGCGAATCGGTTC-1_V12D07-075_C1,1
GAATGGGCTTATCGAC-1_V12D07-075_C1,1
GAATGTATGGCAGGTC-1_V12D07-075_C1,6
GAATGTGGTCCGGATT-1_V12D07-075_C1,1
GAATGTTGGGTAATCT-1_V12D07-075_C1,1
GAATTATAGTGAAAGG-1_V12D07-075_C1,2
GAATTCACCCGGGTGT-1_V12D07-075_C1,2
GAATTTCTCGCTGCAG-1_V12D07-075_C1,2
GACAAACATATGCAGG-1_V12D07-075_C1,2
GACAACGACCATTGAA-1_V12D07-075_C1,1
GACAACGCAGCTTACG-1_V12D07-075_C1,8
GACAAGACGCCCGTGC-1_V12D07-075_C1,2
GACAAGAGATGAGATT-1_V12D07-075_C1,2
GACACAAGGGAAGAAA-1_V12D07-075_C1,9
GACACAGCCGGGACTG-1_V12D07-075_C1,4
GACACGAGTTAGAGGA-1_V12D07-075_C1,1
GACACTGAGTTCAGTG-1_V12D07-075_C1,1
GACACTGGAACCCGAT-1_V12D07-075_C1,2
GACACTTCCAATTACC-1_V12D07-075_C1,2
GACAGCCAGACCTGAC-1_V12D07-075_C1,1
GACAGGCACACACTAT-1_V12D07-075_C1,1
GACATACTGTCGCAGA-1_V12D07-075_C1,1
GACATCCGTCGAACTG-1_V12D07-075_C1,1
GACATCGATTTATAAC-1_V12D07-075_C1,1
GACCAAACGTTGACTG-1_V12D07-075_C1,2
GACCACACTTCCCTTT-1_V12D07-075_C1,2
GACCAGAGCCCTGTAG-1_V12D07-075_C1,1
GACCCGTCGCCGGCTA-1_V12D07-075_C1,5
GACCGACGTGAAAGCA-1_V12D07-075_C1,6
GACCGACTGAAGCGTC-1_V12D07-075_C1,1
GACCGCGTCTGACGTG-1_V12D07-075_C1,4
GACCGTCAGGTCGTGA-1_V12D07-075_C1,6
GACCGTGCTGACGGTG-1_V12D07-075_C1,1
GACCGTTACATGCGAC-1_V12D07-075_C1,1
GACCTGGTCTGGGCGT-1_V12D07-075_C1,2
GACCTTCCACGTCTAC-1_V12D07-075_C1,2
GACGACGATCCGCGTT-1_V12D07-075_C1,1
GACGAGGCTAATAAAC-1_V12D07-075_C1,1
GACGCCGTAAAGGCTA-1_V12D07-075_C1,4
GACGCCTGTTGCAGGG-1_V12D07-075_C1,5
GACGCTTGCTTCTAAA-1_V12D07-075_C1,1
GACGGGTTGGCCCGTA-1_V12D07-075_C1,1
GACGGTCAATAGAAGC-1_V12D07-075_C1,4
GACGGTCCTAGGGTGT-1_V12D07-075_C1,3
GACGTGAGACTCCATG-1_V12D07-075_C1,5
GACGTGTAGGGATTAT-1_V12D07-075_C1,1
GACGTTCGTAAATACA-1_V12D07-075_C1,3
GACTAACACAGCACCT-1_V12D07-075_C1,3
GACTAAGATCATGCAC-1_V12D07-075_C1,6
GACTAAGTAGGCTCAC-1_V12D07-075_C1,1
GACTACAATTGCTCGT-1_V12D07-075_C1,3
GACTAGGCCGTTAGGT-1_V12D07-075_C1,2
GACTCACCCACGTGAG-1_V12D07-075_C1,2
GACTCCCAGAATAAGG-1_V12D07-075_C1,3
GACTCGCGGGAATGAC-1_V12D07-075_C1,4
GACTCGGTCGGCGGAT-1_V12D07-075_C1,3
GACTGATTGGTCACAA-1_V12D07-075_C1,3
GACTGCAAATCGAGCT-1_V12D07-075_C1,2
GACTGCACCAGCCCAG-1_V12D07-075_C1,1
GACTGCGGCACGTGTA-1_V12D07-075_C1,1
GACTGGGCGCCGCAAC-1_V12D07-075_C1,3
GAGAAACTGGATCCCA-1_V12D07-075_C1,4
GAGAACGGTTCTGACT-1_V12D07-075_C1,1
GAGAATCTCACGATCA-1_V12D07-075_C1,1
GAGACCCTGCAACGCC-1_V12D07-075_C1,3
GAGACTGATGGGTAGA-1_V12D07-075_C1,1
GAGACTTCGCGACCGA-1_V12D07-075_C1,1
GAGAGCGCAGTCCCTG-1_V12D07-075_C1,1
GAGAGGCCTATGTGTA-1_V12D07-075_C1,2
GAGAGGGCGCGAGGTT-1_V12D07-075_C1,1
GAGAGGTGCATTCTGG-1_V12D07-075_C1,7
GAGATCTGCTTGGCAT-1_V12D07-075_C1,1
GAGATCTGTCACTCCG-1_V12D07-075_C1,2
GAGATCTTCCATGACA-1_V12D07-075_C1,2
GAGATGACAATCCTTA-1_V12D07-075_C1,3
GAGATGGCTTTAATCA-1_V12D07-075_C1,2
GAGATGGGAGTCGACA-1_V12D07-075_C1,2
GAGCACCTGTGTCCAG-1_V12D07-075_C1,2
GAGCACGGCGCCTCTT-1_V12D07-075_C1,6
GAGCATCATCCCTGGG-1_V12D07-075_C1,5
GAGCCACGGTAGTAGG-1_V12D07-075_C1,5
GAGCCAGCTACCTGTG-1_V12D07-075_C1,1
GAGCCGAGCGTTTATT-1_V12D07-075_C1,3
GAGCGAGGGAGTACCG-1_V12D07-075_C1,5
GAGCGCAAATACTCCG-1_V12D07-075_C1,2
GAGCGCGCACGAGTAG-1_V12D07-075_C1,2
GAGCGGAATGCGGTGT-1_V12D07-075_C1,4
GAGCTAAGGGCATATC-1_V12D07-075_C1,4
GAGCTCTCGGACCTAA-1_V12D07-075_C1,1
GAGCTGTCGTCTCGGA-1_V12D07-075_C1,3
GAGGAATGGAGAGGTT-1_V12D07-075_C1,1
GAGGAGATCCTCATGC-1_V12D07-075_C1,1
GAGGATAAACAGTGCT-1_V12D07-075_C1,3
GAGGCATTTGCAGCAG-1_V12D07-075_C1,3
GAGGCCTGTTGATACA-1_V12D07-075_C1,1
GAGGCTATCAAAGTCG-1_V12D07-075_C1,1
GAGGGCATCGCGTATC-1_V12D07-075_C1,5
GAGGGCGCAGCTCTGC-1_V12D07-075_C1,4
GAGGTACATCCATCTT-1_V12D07-075_C1,1
GAGGTACGCGTGTCCC-1_V12D07-075_C1,1
GAGGTCCCAAAGATCT-1_V12D07-075_C1,2
GAGTAAACCGGAAAGT-1_V12D07-075_C1,6
GAGTAAATTAAGAACC-1_V12D07-075_C1,2
GAGTACGGGTATACAA-1_V12D07-075_C1,1
GAGTAGATACTAGTTG-1_V12D07-075_C1,1
GAGTATCAAAGTTACA-1_V12D07-075_C1,4
GAGTATGCCCGCCTTG-1_V12D07-075_C1,7
GAGTATGCGCGTGCAT-1_V12D07-075_C1,2
GAGTCAGACCAGAATC-1_V12D07-075_C1,4
GAGTCCGCTTACCGGA-1_V12D07-075_C1,1
GAGTCGACAGACCCTC-1_V12D07-075_C1,1
GAGTGTCAACCAGAAA-1_V12D07-075_C1,2
GAGTGTGCGGTACCCA-1_V12D07-075_C1,1
GATAAATCGGTGGATG-1_V12D07-075_C1,5
GATAACTCGCACTGTG-1_V12D07-075_C1,4
GATAAGGCAGATGCAA-1_V12D07-075_C1,5
GATACCGTGTCGGAGT-1_V12D07-075_C1,3
GATACGATGGGAGTCA-1_V12D07-075_C1,4
GATAGAACCCGCTAGG-1_V12D07-075_C1,1
GATAGCGTACCACGCG-1_V12D07-075_C1,2
GATAGGATTAATTACA-1_V12D07-075_C1,8
GATAGGTAACGTTGAC-1_V12D07-075_C1,1
GATAGGTGTCCCGGGC-1_V12D07-075_C1,3
GATATCAGTATGTATC-1_V12D07-075_C1,1
GATATCTCATGCAATA-1_V12D07-075_C1,5
GATATGAGACACTAAC-1_V12D07-075_C1,2
GATATGCGGTAGCCAA-1_V12D07-075_C1,6
GATATGGATTACGCGG-1_V12D07-075_C1,1
GATATTGAGATTGGCG-1_V12D07-075_C1,4
GATATTTCCTACATGG-1_V12D07-075_C1,3
GATCATTCCAAACATT-1_V12D07-075_C1,1
GATCCCTTTATACTGC-1_V12D07-075_C1,1
GATCCGAATATAAGTG-1_V12D07-075_C1,3
GATCCGGGAATTAACA-1_V12D07-075_C1,1
GATCCTAAATCGGGAC-1_V12D07-075_C1,4
GATCCTCTTGCGCTTA-1_V12D07-075_C1,3
GATCGACACTATCTGA-1_V12D07-075_C1,1
GATCGCGGGCTCTCCA-1_V12D07-075_C1,1
GATCGCTACCCGATTT-1_V12D07-075_C1,2
GATCGGCGATAAGTCG-1_V12D07-075_C1,1
GATCGGTGGCCATAAC-1_V12D07-075_C1,1
GATCGTGACTGATATC-1_V12D07-075_C1,4
GATCTCGACGCTGTGG-1_V12D07-075_C1,6
GATCTGCTATCTAAGG-1_V12D07-075_C1,1
GATCTTCATTGTCCTC-1_V12D07-075_C1,1
GATCTTGGAGGGCATA-1_V12D07-075_C1,1
GATCTTTGCAGGGTAT-1_V12D07-075_C1,1
GATCTTTGCTCAAAGA-1_V12D07-075_C1,3
GATGACGATGATCGCG-1_V12D07-075_C1,3
GATGAGGAACCTTCGG-1_V12D07-075_C1,2
GATGCCAGCAGAAGGC-1_V12D07-075_C1,1
GATGCGAATGGTATTA-1_V12D07-075_C1,1
GATGCGTCCTGCATTC-1_V12D07-075_C1,1
GATGCTACAAGCGCCT-1_V12D07-075_C1,5
GATGCTACCTTCGATG-1_V12D07-075_C1,1
GATGCTGTATTTCATC-1_V12D07-075_C1,2
GATGGCGCACACATTA-1_V12D07-075_C1,9
GATGGTGAAATAACCC-1_V12D07-075_C1,3
GATGGTGCCCTAGGCA-1_V12D07-075_C1,1
GATGTCCGGATCACAT-1_V12D07-075_C1,5
GATGTCGGTCAACTGC-1_V12D07-075_C1,5
GATGTGTTGTCACAAG-1_V12D07-075_C1,5
GATGTTCAATCCACGA-1_V12D07-075_C1,1
GATGTTTGTGCGAGAT-1_V12D07-075_C1,1
GATTAACCGAAAGCCC-1_V12D07-075_C1,2
GATTACTGAATTTGGG-1_V12D07-075_C1,4
GATTCCCTTGTCGCAG-1_V12D07-075_C1,2
GATTCCGCGTTTCCGT-1_V12D07-075_C1,8
GATTCCTATACGGCGC-1_V12D07-075_C1,1
GATTCGACGGTTCACG-1_V12D07-075_C1,1
GATTGACACTCTGCTC-1_V12D07-075_C1,5
GATTGGGAAAGGTTGT-1_V12D07-075_C1,2
GCAAACCCTACATTAT-1_V12D07-075_C1,1
GCAAACCTTGGCCATA-1_V12D07-075_C1,1
GCAAACGTCGCCAGGT-1_V12D07-075_C1,6
GCAAATATTACGCTTT-1_V12D07-075_C1,1
GCAAATGAGGACACTT-1_V12D07-075_C1,4
GCAACAGCAGTATGCG-1_V12D07-075_C1,2
GCAACCACCAGACCGG-1_V12D07-075_C1,6
GCAACCACGGCCGCGT-1_V12D07-075_C1,7
GCAACCCAAGTTGTTT-1_V12D07-075_C1,1
GCAACGGCTAGTTATG-1_V12D07-075_C1,3
GCAAGAATTCCTTGGC-1_V12D07-075_C1,4
GCAAGATGTGTTCGCG-1_V12D07-075_C1,3
GCAAGTGCACAGAGAA-1_V12D07-075_C1,1
GCAATTAGTCGCACCG-1_V12D07-075_C1,3
GCACAAACGAGGCGTG-1_V12D07-075_C1,6
GCACAAGTGGATCATA-1_V12D07-075_C1,1
GCACAAGTGTCGGAAG-1_V12D07-075_C1,1
GCACACACTGGTAGCC-1_V12D07-075_C1,2
GCACACGCCCATGGTC-1_V12D07-075_C1,1
GCACCTTCCCGAAGGT-1_V12D07-075_C1,2
GCACGCCTACTTAGAT-1_V12D07-075_C1,7
GCACGTGGTTTACTTA-1_V12D07-075_C1,2
GCACTAGTCGCGCTAT-1_V12D07-075_C1,5
GCACTGCCTACCTTTA-1_V12D07-075_C1,1
GCACTGTGCAAATGTA-1_V12D07-075_C1,5
GCAGAAGGTAATCTCC-1_V12D07-075_C1,6
GCAGACCCAGCACGTA-1_V12D07-075_C1,4
GCAGATCCATAAGACT-1_V12D07-075_C1,1
GCAGATCCTCGCAAAT-1_V12D07-075_C1,1
GCAGATTAGGGATATC-1_V12D07-075_C1,1
GCAGCACACAGCCCAG-1_V12D07-075_C1,1
GCAGCCTATATCACAT-1_V12D07-075_C1,3
GCAGCGGTGGGCATTA-1_V12D07-075_C1,5
GCAGCTATGGACAGGT-1_V12D07-075_C1,3
GCAGCTGTCAACGCAT-1_V12D07-075_C1,4
GCAGGACTATAGAATA-1_V12D07-075_C1,1
GCAGGTAGAGTATGGT-1_V12D07-075_C1,6
GCAGTGCGGGCGGATG-1_V12D07-075_C1,4
GCAGTGTGGCTATAGG-1_V12D07-075_C1,1
GCAGTTCGATCCGAGC-1_V12D07-075_C1,4
GCATACGAGGTCTTTA-1_V12D07-075_C1,4
GCATAGAGCACTCAGG-1_V12D07-075_C1,1
GCATCCCTAACTTTGA-1_V12D07-075_C1,1
GCATCGGCCGTGTAGG-1_V12D07-075_C1,1
GCATGACACAAAGGAA-1_V12D07-075_C1,2
GCATGAGGGACGCGGC-1_V12D07-075_C1,7
GCATGCTAATAACGAT-1_V12D07-075_C1,1
GCATGGGTACTGACGC-1_V12D07-075_C1,4
GCATTCAAGGCAACGC-1_V12D07-075_C1,3
GCATTCGAAATGAACA-1_V12D07-075_C1,1
GCATTTCCAAGGCTCC-1_V12D07-075_C1,3
GCCAACCATTTCCGGA-1_V12D07-075_C1,6
GCCAATAGGGCATCTC-1_V12D07-075_C1,3
GCCACAATTTAAGGAC-1_V12D07-075_C1,4
GCCACTCAGAGCGCGA-1_V12D07-075_C1,2
GCCACTCCTTACGGTA-1_V12D07-075_C1,4
GCCAGGAGTAACCGAT-1_V12D07-075_C1,3
GCCAGGCGTTCGCATG-1_V12D07-075_C1,3
GCCAGGCTTAGTGGTA-1_V12D07-075_C1,1
GCCATATTGCACACAG-1_V12D07-075_C1,6
GCCATCGAGCTGCGTG-1_V12D07-075_C1,7
GCCATCGATGCTGCAT-1_V12D07-075_C1,6
GCCCACCAAGGCTGTC-1_V12D07-075_C1,5
GCCCAGATGCTGGAGA-1_V12D07-075_C1,3
GCCCAGTTGGTATGCC-1_V12D07-075_C1,1
GCCCGATCTGTGGTCG-1_V12D07-075_C1,1
GCCCGCGCGTAAACGG-1_V12D07-075_C1,7
GCCCGCGCGTTTGACA-1_V12D07-075_C1,1
GCCCGTAATACCTTCT-1_V12D07-075_C1,4
GCCCTGAGGATGGGCT-1_V12D07-075_C1,1
GCCGAAATTCCTACGT-1_V12D07-075_C1,1
GCCGATTGGCCAAGCT-1_V12D07-075_C1,2
GCCGCACTCCGTTTCA-1_V12D07-075_C1,3
GCCGCATTAGTCCGGC-1_V12D07-075_C1,1
GCCGCTTGTGAGAAAC-1_V12D07-075_C1,1
GCCGGGTTAGGGTCGC-1_V12D07-075_C1,1
GCCGGTCGTATCTCTC-1_V12D07-075_C1,1
GCCGTGGAAGAAATGT-1_V12D07-075_C1,6
GCCTACGTTCTGTGCA-1_V12D07-075_C1,2
GCCTAGCGATCTGACC-1_V12D07-075_C1,1
GCCTATAGTGTCAGGG-1_V12D07-075_C1,7
GCCTATCAGGTAAGAT-1_V12D07-075_C1,4
GCCTATGCTGGGCCTT-1_V12D07-075_C1,3
GCCTATTCCGATATAG-1_V12D07-075_C1,1
GCCTATTTGCTACACA-1_V12D07-075_C1,5
GCCTCATCTGGAAATA-1_V12D07-075_C1,2
GCCTCCGACAATTCAC-1_V12D07-075_C1,2
GCCTCTATACATAGCA-1_V12D07-075_C1,1
GCCTGCTACACTGAGA-1_V12D07-075_C1,3
GCCTTCAGCCCTACCG-1_V12D07-075_C1,5
GCCTTGTATATGCAGT-1_V12D07-075_C1,1
GCGAAACGATCGGGAG-1_V12D07-075_C1,2
GCGAAACTTAACTGGA-1_V12D07-075_C1,2
GCGAAGAATCTGACGG-1_V12D07-075_C1,1
GCGAAGCCATACCCGT-1_V12D07-075_C1,1
GCGACATGTAAACATC-1_V12D07-075_C1,3
GCGACGATAGTTGTAC-1_V12D07-075_C1,1
GCGAGAAACGGGAGTT-1_V12D07-075_C1,1
GCGAGAGGCCATGTAA-1_V12D07-075_C1,3
GCGAGAGTTGCGTCCA-1_V12D07-075_C1,8
GCGAGCGCATGCTCCC-1_V12D07-075_C1,6
GCGAGGCCCGAGCAGA-1_V12D07-075_C1,1
GCGAGTTCTGCAAAGA-1_V12D07-075_C1,1
GCGATGTCTGTGCTTG-1_V12D07-075_C1,1
GCGATTCTGGAAGCAG-1_V12D07-075_C1,3
GCGATTGTTAACGTTA-1_V12D07-075_C1,4
GCGCAAGAGCGCGCTG-1_V12D07-075_C1,2
GCGCATCCAGTCAGCA-1_V12D07-075_C1,7
GCGCCGTTCCACGATA-1_V12D07-075_C1,3
GCGCCTCCCACTCCGA-1_V12D07-075_C1,7
GCGCGGTCTAGTAACT-1_V12D07-075_C1,1
GCGCGTCATTGGTACA-1_V12D07-075_C1,2
GCGCTAATTGAATAGA-1_V12D07-075_C1,2
GCGCTATGCCGAGGCA-1_V12D07-075_C1,1
GCGCTCGATCACCTGT-1_V12D07-075_C1,3
GCGCTGATCCAGACTC-1_V12D07-075_C1,6
GCGCTGCTTTGCATTT-1_V12D07-075_C1,4
GCGCTGGCGGAAAGTC-1_V12D07-075_C1,1
GCGCTTAAATAATTGG-1_V12D07-075_C1,9
GCGGACCGCGTTGTGG-1_V12D07-075_C1,7
GCGGAGAGGGAGAACG-1_V12D07-075_C1,2
GCGGCTCTGACGTACC-1_V12D07-075_C1,4
GCGGCTTTAGCAAGTT-1_V12D07-075_C1,2
GCGGGAACCAGGCCCT-1_V12D07-075_C1,5
GCGGGCATTACGATGC-1_V12D07-075_C1,3
GCGGGCGAGCCTTACC-1_V12D07-075_C1,4
GCGGTAACCCAAATGA-1_V12D07-075_C1,1
GCGGTCCCGGTGAAGG-1_V12D07-075_C1,3
GCGGTCCCTAGACGCA-1_V12D07-075_C1,5
GCGGTGAACTGCGCTC-1_V12D07-075_C1,6
GCGGTGCGGAGCATCG-1_V12D07-075_C1,1
GCGGTTCCCTATCATG-1_V12D07-075_C1,1
GCGTAAATGGCCATAA-1_V12D07-075_C1,4
GCGTCGAAATGTCGGT-1_V12D07-075_C1,5
GCGTCGCCAGGGTGAT-1_V12D07-075_C1,1
GCGTCTAACCTCCTAA-1_V12D07-075_C1,3
GCGTCTCTGCATTGGG-1_V12D07-075_C1,1
GCGTGGTACTGGGTTA-1_V12D07-075_C1,7
GCGTTATATTTGGAAC-1_V12D07-075_C1,1
GCGTTCGGAGACCGGG-1_V12D07-075_C1,3
GCGTTCTGACTAAGCG-1_V12D07-075_C1,4
GCTAAACCTGAGGTGA-1_V12D07-075_C1,1
GCTAACTGAAGTCTGA-1_V12D07-075_C1,2
GCTAAGTAAAGGCGAT-1_V12D07-075_C1,1
GCTAAGTAGTTTCTCT-1_V12D07-075_C1,2
GCTAATACCGAATGCC-1_V12D07-075_C1,1
GCTACAATCGAGGATA-1_V12D07-075_C1,1
GCTACAGTACGGACCG-1_V12D07-075_C1,7
GCTACGACTTATTGGG-1_V12D07-075_C1,1
GCTACTATAGTAGAGT-1_V12D07-075_C1,1
GCTAGACCGTCTACTG-1_V12D07-075_C1,2
GCTAGAGTAGAGATGT-1_V12D07-075_C1,2
GCTAGCACCTGGGCCA-1_V12D07-075_C1,3
GCTAGCAGGGAGTGGG-1_V12D07-075_C1,3
GCTAGCTTGAATAGCT-1_V12D07-075_C1,7
GCTAGGCACCACGGAG-1_V12D07-075_C1,1
GCTAGTAGAGCTTGTA-1_V12D07-075_C1,2
GCTAGTTTCATTGAGG-1_V12D07-075_C1,1
GCTATACGTCTCGGAC-1_V12D07-075_C1,1
GCTATCATACTCATGG-1_V12D07-075_C1,1
GCTATCGCGGCGCAAC-1_V12D07-075_C1,1
GCTCAACCTCTTAGAG-1_V12D07-075_C1,1
GCTCAATGTAATACCG-1_V12D07-075_C1,2
GCTCATTACTGCATGT-1_V12D07-075_C1,3
GCTCCATGAGTGCAGA-1_V12D07-075_C1,4
GCTCCATGCAAAGCAA-1_V12D07-075_C1,1
GCTCCCAGTCGGTCCA-1_V12D07-075_C1,7
GCTCCGCTCGCTTCAG-1_V12D07-075_C1,6
GCTCGCGGTTCCGCTC-1_V12D07-075_C1,1
GCTCGCTCATGTCCAA-1_V12D07-075_C1,2
GCTCGGAATTTAAAGC-1_V12D07-075_C1,6
GCTCTAAACCCTGACG-1_V12D07-075_C1,1
GCTCTATGTTACGTGC-1_V12D07-075_C1,1
GCTCTCGGGTACCGAA-1_V12D07-075_C1,1
GCTCTTTCCGCTAGTG-1_V12D07-075_C1,1
GCTGAACTCTCCAGGG-1_V12D07-075_C1,3
GCTGAGCAACGGTTCT-1_V12D07-075_C1,1
GCTGAGGCGTGAGTAT-1_V12D07-075_C1,1
GCTGCACGGTTTCTTA-1_V12D07-075_C1,1
GCTGCGCCTCCCACGT-1_V12D07-075_C1,1
GCTGCTAAGTAGTCGA-1_V12D07-075_C1,1
GCTGCTACTGCGTAGC-1_V12D07-075_C1,1
GCTGCTCTCCGGACAC-1_V12D07-075_C1,1
GCTGGACCCAAAGTGG-1_V12D07-075_C1,3
GCTGGCAGGTGCCGTG-1_V12D07-075_C1,1
GCTGGCATATTCACCT-1_V12D07-075_C1,1
GCTGGCGGCGCATGCT-1_V12D07-075_C1,1
GCTGGTGACTCGTAGT-1_V12D07-075_C1,3
GCTGTATTACTGGCCC-1_V12D07-075_C1,7
GCTGTTGCTACCGAAC-1_V12D07-075_C1,2
GCTTAATGTAACTAAC-1_V12D07-075_C1,3
GCTTACGTAGTTAGTA-1_V12D07-075_C1,3
GCTTATGAAGCAGGAA-1_V12D07-075_C1,2
GCTTCAGTGGGATTAC-1_V12D07-075_C1,3
GCTTCCAGCTTAGATT-1_V12D07-075_C1,1
GCTTCCGTCCCTAGAC-1_V12D07-075_C1,3
GCTTGATGATAATCAG-1_V12D07-075_C1,1
GCTTGCAGCACAATTG-1_V12D07-075_C1,3
GCTTGGATCGATTAGG-1_V12D07-075_C1,7
GCTTTACACAACTGGG-1_V12D07-075_C1,7
GCTTTCAGAGGAGGTG-1_V12D07-075_C1,7
GCTTTCTATCTCAACT-1_V12D07-075_C1,3
GGAAACCTTGTTGAAT-1_V12D07-075_C1,3
GGAAACTAAATGGGCC-1_V12D07-075_C1,1
GGAAAGTGCCCATGCC-1_V12D07-075_C1,6
GGAACCCGAACAAGAA-1_V12D07-075_C1,1
GGAACCGTGTAAATTG-1_V12D07-075_C1,4
GGAACGGCCTGCAGCC-1_V12D07-075_C1,1
GGAACTTTGGCGATTA-1_V12D07-075_C1,2
GGAAGCTCGCTTACAG-1_V12D07-075_C1,3
GGAATAACCTCAAGAA-1_V12D07-075_C1,5
GGAATGCGCTAGCGTG-1_V12D07-075_C1,4
GGACAACCATGAAGCC-1_V12D07-075_C1,2
GGACAAGTTGCAGTGA-1_V12D07-075_C1,1
GGACACAAGTTTACAC-1_V12D07-075_C1,4
GGACCAACAGGATAAC-1_V12D07-075_C1,1
GGACCTACGGTAACGT-1_V12D07-075_C1,3
GGACGGCTTGCGCAAC-1_V12D07-075_C1,3
GGACGGGCGACCAACC-1_V12D07-075_C1,2
GGACGTCCATAGTTGG-1_V12D07-075_C1,3
GGACTAAGTCAGGAGT-1_V12D07-075_C1,1
GGACTCACAAATTAGG-1_V12D07-075_C1,6
GGACTCGAAGCTTTCA-1_V12D07-075_C1,2
GGACTCTTCCGGTTGA-1_V12D07-075_C1,4
GGACTCTTTGACTAAG-1_V12D07-075_C1,4
GGAGAAGTCATTGGCA-1_V12D07-075_C1,1
GGAGACCAATGTGCTT-1_V12D07-075_C1,3
GGAGACGACACCTTTG-1_V12D07-075_C1,2
GGAGCAACATTTCAAG-1_V12D07-075_C1,2
GGAGCACCAAGAACTA-1_V12D07-075_C1,6
GGAGCGAGGCCTACTT-1_V12D07-075_C1,1
GGAGGATTGAAAGGAG-1_V12D07-075_C1,9
GGAGGCCGAAGTCGTC-1_V12D07-075_C1,6
GGAGGGCTTGGTTGGC-1_V12D07-075_C1,1
GGAGGGTCAAGTAAGA-1_V12D07-075_C1,2
GGAGTACACATGAGCT-1_V12D07-075_C1,1
GGAGTGCCGCCCTGGA-1_V12D07-075_C1,6
GGAGTTGATTCTGTGT-1_V12D07-075_C1,1
GGATACTCATGAATTG-1_V12D07-075_C1,9
GGATCAAAGGACGAGG-1_V12D07-075_C1,5
GGATCATCCCGTACGC-1_V12D07-075_C1,3
GGATCCCTACCAGCTA-1_V12D07-075_C1,1
GGATCCGGAATATACT-1_V12D07-075_C1,2
GGATGAAGATCGCTGA-1_V12D07-075_C1,2
GGATGACGCGAGTTTA-1_V12D07-075_C1,1
GGATGGCTTGAAGTAT-1_V12D07-075_C1,1
GGATGTCCTTACCGCA-1_V12D07-075_C1,4
GGATTAAGCTAAGGTC-1_V12D07-075_C1,3
GGATTCAGTACGGTGG-1_V12D07-075_C1,1
GGATTCCGCTATACCC-1_V12D07-075_C1,8
GGATTGCTGTGACTCC-1_V12D07-075_C1,1
GGATTTCACTTCTATA-1_V12D07-075_C1,4
GGCAAATTACTTTACT-1_V12D07-075_C1,9
GGCAAGCCAGGGATAG-1_V12D07-075_C1,3
GGCAAGCCCATAGTGG-1_V12D07-075_C1,2
GGCAAGGCGAAATAGC-1_V12D07-075_C1,1
GGCAATAGTCAATGAG-1_V12D07-075_C1,2
GGCACTCAGCCGACCC-1_V12D07-075_C1,1
GGCACTCCACTGGGCA-1_V12D07-075_C1,1
GGCACTGCGGTGGTTT-1_V12D07-075_C1,4
GGCAGAGAGATCGGGA-1_V12D07-075_C1,1
GGCAGCAAACCTATGC-1_V12D07-075_C1,2
GGCAGCGGTAATCCTA-1_V12D07-075_C1,3
GGCATACAGGTAGCGG-1_V12D07-075_C1,1
GGCATATCGGTTCTGC-1_V12D07-075_C1,6
GGCATCAACGAGCACG-1_V12D07-075_C1,5
GGCCACACGAAAGCCT-1_V12D07-075_C1,1
GGCCCAATCTAGAGGG-1_V12D07-075_C1,3
GGCCCAGCTGGTTTGC-1_V12D07-075_C1,2
GGCCCAGTTATCAGCA-1_V12D07-075_C1,3
GGCCCGGAGCATGTCT-1_V12D07-075_C1,3
GGCCCGTATACCATGC-1_V12D07-075_C1,3
GGCCCTCACCCACTTA-1_V12D07-075_C1,1
GGCCGCAGGAACCGCA-1_V12D07-075_C1,2
GGCCGGCGTCTGCTAT-1_V12D07-075_C1,2
GGCCGTTTGGGTTTCA-1_V12D07-075_C1,7
GGCCTGCTTCTCCCGA-1_V12D07-075_C1,2
GGCCTTTGCAACTGGC-1_V12D07-075_C1,1
GGCGAAATCTAACTTG-1_V12D07-075_C1,1
GGCGCAGGACATCTTC-1_V12D07-075_C1,1
GGCGCATGAATTGATG-1_V12D07-075_C1,1
GGCGCGTTCGAGTTTA-1_V12D07-075_C1,1
GGCGCTCCTCATCAAT-1_V12D07-075_C1,5
GGCGCTTCATTCCCTG-1_V12D07-075_C1,2
GGCGGAGTAATATTAG-1_V12D07-075_C1,1
GGCGGGCTCTAAGAGT-1_V12D07-075_C1,6
GGCGGTAGGATCATTG-1_V12D07-075_C1,1
GGCGGTTTGCCGGTGC-1_V12D07-075_C1,1
GGCGTAGGGAAAGCTG-1_V12D07-075_C1,1
GGCGTCCTATCCGCTG-1_V12D07-075_C1,1
GGCTAAAGGGCGGGTC-1_V12D07-075_C1,3
GGCTAATGATTGAAAT-1_V12D07-075_C1,3
GGCTATTAAGTTGTAT-1_V12D07-075_C1,9
GGCTCGCGTTGAGGTA-1_V12D07-075_C1,7
GGCTCGTGCCACCAGC-1_V12D07-075_C1,1
GGCTCTGCTCCAACGC-1_V12D07-075_C1,4
GGCTGAAATAGCAAAG-1_V12D07-075_C1,1
GGCTGAGCATCGTAAG-1_V12D07-075_C1,3
GGCTGGCAGCTTTATG-1_V12D07-075_C1,2
GGCTGGCTAGCTTAAA-1_V12D07-075_C1,5
GGCTTGGCTCTCACCT-1_V12D07-075_C1,1
GGCTTTCAATAAGGGT-1_V12D07-075_C1,1
GGGAAAGAATGCCAAC-1_V12D07-075_C1,4
GGGAACGGGAGGTTAG-1_V12D07-075_C1,1
GGGAAGACGGTCTGTC-1_V12D07-075_C1,1
GGGAATGAGCCCTCAC-1_V12D07-075_C1,3
GGGAATTCTGTCCAGT-1_V12D07-075_C1,1
GGGACCCGTATATCTT-1_V12D07-075_C1,1
GGGACTGCATAGATAG-1_V12D07-075_C1,1
GGGAGAACTCACAGTA-1_V12D07-075_C1,1
GGGAGCGACCGTAGTG-1_V12D07-075_C1,1
GGGAGGATGCCCGAAA-1_V12D07-075_C1,1
GGGAGTAATGGCTGGC-1_V12D07-075_C1,1
GGGAGTTAATGAGGCG-1_V12D07-075_C1,2
GGGATACGGTAATAAT-1_V12D07-075_C1,1
GGGATCCCAATACAAA-1_V12D07-075_C1,3
GGGATGGTCGTAACCG-1_V12D07-075_C1,4
GGGATTTACCGCACCT-1_V12D07-075_C1,2
GGGCACGAATTGGCCG-1_V12D07-075_C1,1
GGGCAGAGCAATCGTT-1_V12D07-075_C1,1
GGGCAGTCAACGCCAA-1_V12D07-075_C1,2
GGGCCCGTCTTAAACA-1_V12D07-075_C1,1
GGGCCCTACGAAAGGG-1_V12D07-075_C1,7
GGGCCCTTATCTATAC-1_V12D07-075_C1,1
GGGCCGGCCGAAGTAC-1_V12D07-075_C1,2
GGGCCTATTTAAGTAT-1_V12D07-075_C1,3
GGGCGAATTTCTCCAC-1_V12D07-075_C1,1
GGGCGATATGTGTGAA-1_V12D07-075_C1,1
GGGCGCAGCGTTACTC-1_V12D07-075_C1,3
GGGCGGCAAATGAATT-1_V12D07-075_C1,7
GGGCGGGTTCCCTACG-1_V12D07-075_C1,4
GGGCGGTCCTATTGTC-1_V12D07-075_C1,1
GGGCGTACATTTATAT-1_V12D07-075_C1,3
GGGCGTCACCACGTAA-1_V12D07-075_C1,2
GGGCGTCCACTGGCTC-1_V12D07-075_C1,8
GGGCGTGGTTTCCCAG-1_V12D07-075_C1,2
GGGCTATGATCGATGG-1_V12D07-075_C1,4
GGGCTCATCGAACCCA-1_V12D07-075_C1,6
GGGCTGCCTAGGGCGA-1_V12D07-075_C1,2
GGGCTGGTTAGTCGCG-1_V12D07-075_C1,1
GGGTAATGCTGTGTTT-1_V12D07-075_C1,1
GGGTACACTCTGGAGG-1_V12D07-075_C1,4
GGGTACCCACGGTCCT-1_V12D07-075_C1,1
GGGTACTTCATGAACT-1_V12D07-075_C1,1
GGGTATGTATGCACTT-1_V12D07-075_C1,1
GGGTCACCGTGACGGT-1_V12D07-075_C1,1
GGGTCAGGAGCTAGAT-1_V12D07-075_C1,1
GGGTCATGCGTACCAT-1_V12D07-075_C1,1
GGGTCGTGGCAAGTGT-1_V12D07-075_C1,6
GGGTCTATCGCTTTCC-1_V12D07-075_C1,2
GGGTGACACCTTAACT-1_V12D07-075_C1,1
GGGTGCATATGAAAGC-1_V12D07-075_C1,3
GGGTGGTCCAGCCTGT-1_V12D07-075_C1,1
GGGTGTTTCAGCTATG-1_V12D07-075_C1,8
GGGTTAACATTTGAGT-1_V12D07-075_C1,4
GGGTTCAGACGAACAA-1_V12D07-075_C1,1
GGGTTTAGGATAGGAT-1_V12D07-075_C1,4
GGTAAACTCTGCGCTG-1_V12D07-075_C1,2
GGTAAATGTGCGTTAC-1_V12D07-075_C1,3
GGTAACCGGCAAAGGT-1_V12D07-075_C1,2
GGTAACTATGTATCTG-1_V12D07-075_C1,3
GGTACAAACATGCTAT-1_V12D07-075_C1,1
GGTACACCAGATTTAT-1_V12D07-075_C1,1
GGTACATCTGGGACGA-1_V12D07-075_C1,4
GGTACCATTAAGACGG-1_V12D07-075_C1,4
GGTACGTTGCGGCCGG-1_V12D07-075_C1,2
GGTACTAAGTGCTTTG-1_V12D07-075_C1,8
GGTAGAAGACCGCCTG-1_V12D07-075_C1,1
GGTAGACCGTTGGGCG-1_V12D07-075_C1,4
GGTAGTGCTCGCACCA-1_V12D07-075_C1,1
GGTATAGTGACACATA-1_V12D07-075_C1,3
GGTATGAAAGAACTGA-1_V12D07-075_C1,1
GGTATTGCCGAGTTTA-1_V12D07-075_C1,1
GGTCAAGACTACTTCG-1_V12D07-075_C1,2
GGTCAGTGGGTCCCAC-1_V12D07-075_C1,1
GGTCATTGTAGTCATA-1_V12D07-075_C1,3
GGTCCTTCATACGACT-1_V12D07-075_C1,1
GGTCGGATAAACGGCG-1_V12D07-075_C1,2
GGTCGGCCAGGAGCTT-1_V12D07-075_C1,4
GGTCGGTAATTAGACA-1_V12D07-075_C1,5
GGTCGGTCGTCCACAG-1_V12D07-075_C1,4
GGTCTCCAAGTAGTGC-1_V12D07-075_C1,8
GGTCTCCGTCCAGGTT-1_V12D07-075_C1,2
GGTCTGAGAATCTGGA-1_V12D07-075_C1,4
GGTCTTGAGCGCTCTT-1_V12D07-075_C1,2
GGTCTTGGTGTTAACT-1_V12D07-075_C1,2
GGTGAAACCGGGAATG-1_V12D07-075_C1,3
GGTGAACGGGCTAGCC-1_V12D07-075_C1,5
GGTGAAGTACAGGGAT-1_V12D07-075_C1,7
GGTGACTGATAGAGAG-1_V12D07-075_C1,2
GGTGAGATGCAGATAA-1_V12D07-075_C1,1
GGTGATAAGGAGCAGT-1_V12D07-075_C1,1
GGTGATGAAGGAAGTG-1_V12D07-075_C1,1
GGTGATTTCATCTTGT-1_V12D07-075_C1,1
GGTGCAGAGCCTATCG-1_V12D07-075_C1,3
GGTGCATAAATGATTA-1_V12D07-075_C1,4
GGTGCGGATAAGTGGC-1_V12D07-075_C1,1
GGTGCTGATCACAAAG-1_V12D07-075_C1,1
GGTGCTGGTACACATT-1_V12D07-075_C1,1
GGTGGACCACGTGTTA-1_V12D07-075_C1,3
GGTGGACTGCTCTGGC-1_V12D07-075_C1,1
GGTGGAGGTTGATACG-1_V12D07-075_C1,6
GGTGTAAATCGATTGT-1_V12D07-075_C1,2
GGTGTAGGTAAGTAAA-1_V12D07-075_C1,1
GGTGTTGGGCGTCTTA-1_V12D07-075_C1,8
GGTTACCACCCTCGGG-1_V12D07-075_C1,7
GGTTACCCGACACTTT-1_V12D07-075_C1,3
GGTTAGCTATATGTCT-1_V12D07-075_C1,2
GGTTAGGCTTGGAGAA-1_V12D07-075_C1,1
GGTTAGTTACGGCGCC-1_V12D07-075_C1,3
GGTTCGGATTATACTA-1_V12D07-075_C1,1
GGTTCTACTCGTCTGA-1_V12D07-075_C1,7
GGTTGTGCTCTTGTCC-1_V12D07-075_C1,1
GGTTGTGTAGCCTGGC-1_V12D07-075_C1,1
GGTTTAATTGAGCAGG-1_V12D07-075_C1,3
GGTTTACAATCTCAAT-1_V12D07-075_C1,9
GGTTTAGCCTTTCTTG-1_V12D07-075_C1,2
GGTTTCAATCGGTCAG-1_V12D07-075_C1,7
GGTTTGACAAGAAGCT-1_V12D07-075_C1,3
GGTTTGAGTGCTGGAA-1_V12D07-075_C1,1
GGTTTGTGACCTGAGG-1_V12D07-075_C1,1
GTAACAACTGACCTTG-1_V12D07-075_C1,3
GTAACATCTAAGATAA-1_V12D07-075_C1,1
GTAACTGCCCAAGGAG-1_V12D07-075_C1,4
GTAACTTGCGGCAGTC-1_V12D07-075_C1,1
GTAAGCGGGCAGTCAG-1_V12D07-075_C1,1
GTAAGGATTTGTCGGA-1_V12D07-075_C1,5
GTAAGTAACAGTCTGG-1_V12D07-075_C1,2
GTAAGTAGGGTATACC-1_V12D07-075_C1,1
GTAAGTCCACACTCTA-1_V12D07-075_C1,3
GTAATAAAGGGCTCCC-1_V12D07-075_C1,6
GTAATCTGATTCTTCG-1_V12D07-075_C1,7
GTACACTTACCTGAAG-1_V12D07-075_C1,1
GTACAGAGGCAAGGGT-1_V12D07-075_C1,2
GTACGACGGCGCTGCG-1_V12D07-075_C1,1
GTACGAGATTGCGACA-1_V12D07-075_C1,8
GTACGCTTCATTGCAC-1_V12D07-075_C1,1
GTACGTCACGTATTAA-1_V12D07-075_C1,3
GTACGTTTGCCCGTCA-1_V12D07-075_C1,2
GTACTAAGATTTGGAG-1_V12D07-075_C1,1
GTACTCCCTTATCGCT-1_V12D07-075_C1,1
GTACTCCTGGGTATGC-1_V12D07-075_C1,3
GTACTGAGGTCGTAAC-1_V12D07-075_C1,5
GTACTGCATGAAGCGT-1_V12D07-075_C1,5
GTACTGGAGTTAGACC-1_V12D07-075_C1,2
GTACTTGGGCACTTCT-1_V12D07-075_C1,1
GTAGAAACGGGTGGAG-1_V12D07-075_C1,1
GTAGACAACCGATGAA-1_V12D07-075_C1,5
GTAGACACGCCTGACT-1_V12D07-075_C1,1
GTAGACGTCGTTACAT-1_V12D07-075_C1,5
GTAGCCAAACATGGGA-1_V12D07-075_C1,1
GTAGCGCTGTTGTAGT-1_V12D07-075_C1,5
GTAGCGGCTATACACT-1_V12D07-075_C1,1
GTAGCTTCCTCTTGTT-1_V12D07-075_C1,7
GTAGGTGATCCGTGTA-1_V12D07-075_C1,8
GTAGTCGCGGGAATCA-1_V12D07-075_C1,1
GTAGTCTACGATATTG-1_V12D07-075_C1,2
GTAGTGAGCAACCTCA-1_V12D07-075_C1,2
GTATAATCTCCCGGAT-1_V12D07-075_C1,2
GTATAGGACTCAGTAG-1_V12D07-075_C1,8
GTATCAAACGTTAGCT-1_V12D07-075_C1,1
GTATCAGCTTGGGTTC-1_V12D07-075_C1,1
GTATCCTTTGGTAACC-1_V12D07-075_C1,2
GTATCTTTCATAACCA-1_V12D07-075_C1,1
GTATGACGTGGGAAAC-1_V12D07-075_C1,5
GTATGTGGGTCTAGTT-1_V12D07-075_C1,2
GTATTAAGGCGTCTAA-1_V12D07-075_C1,1
GTATTAGGGTTCGCGT-1_V12D07-075_C1,3
GTATTCTGAGAAACGA-1_V12D07-075_C1,7
GTATTCTTACCGTGCT-1_V12D07-075_C1,1
GTATTTAATGGCATAA-1_V12D07-075_C1,6
GTCAAAGTTTACATAG-1_V12D07-075_C1,5
GTCAACCAGGCCTATA-1_V12D07-075_C1,1
GTCAAGCGGACTCGGG-1_V12D07-075_C1,1
GTCAATGCTATAATTT-1_V12D07-075_C1,3
GTCAATTGTACTGAAG-1_V12D07-075_C1,5
GTCACAAAGTTTCCAA-1_V12D07-075_C1,5
GTCACTCTCCAAATCT-1_V12D07-075_C1,1
GTCAGAATAGTCTATG-1_V12D07-075_C1,9
GTCAGACAGCGTTGGA-1_V12D07-075_C1,1
GTCAGTTGTGCTCGTT-1_V12D07-075_C1,5
GTCAGTTTGGTAGTCG-1_V12D07-075_C1,1
GTCATCTCCTACAGCT-1_V12D07-075_C1,1
GTCATGCACCTCCGTT-1_V12D07-075_C1,2
GTCATGCGCGAGGGCT-1_V12D07-075_C1,2
GTCATGGACATGACTA-1_V12D07-075_C1,1
GTCATTAGAGCGAACG-1_V12D07-075_C1,1
GTCATTGCATTGACCC-1_V12D07-075_C1,1
GTCCAATATTTAGCCT-1_V12D07-075_C1,1
GTCCACGTCGCATTCG-1_V12D07-075_C1,2
GTCCATTACTGCTACG-1_V12D07-075_C1,4
GTCCCAACGTAAAGTA-1_V12D07-075_C1,2
GTCCCGCGACGTTATG-1_V12D07-075_C1,1
GTCCGAGAGCAATCAT-1_V12D07-075_C1,1
GTCCGGACCTGAAATT-1_V12D07-075_C1,1
GTCCGGCTGAATTGCG-1_V12D07-075_C1,9
GTCCGGGTTCACATTA-1_V12D07-075_C1,2
GTCCTACAGGCGGCTC-1_V12D07-075_C1,1
GTCCTACGAATAGTCT-1_V12D07-075_C1,1
GTCCTATTGTTGTGGT-1_V12D07-075_C1,1
GTCCTTCTACAACCCA-1_V12D07-075_C1,1
GTCCTTCTAGTGGGTT-1_V12D07-075_C1,3
GTCCTTTAATGACTTC-1_V12D07-075_C1,3
GTCGATAGGTGACTTT-1_V12D07-075_C1,6
GTCGCCGTTGTGTGTT-1_V12D07-075_C1,4
GTCGCGTAACCCGTTG-1_V12D07-075_C1,1
GTCGGAAGGATACCAG-1_V12D07-075_C1,3
GTCGGATATCTCAGAC-1_V12D07-075_C1,1
GTCGGATGTAGCGCGC-1_V12D07-075_C1,8
GTCGGGAACATGGTAG-1_V12D07-075_C1,1
GTCGGGAAGCAGAAAC-1_V12D07-075_C1,1
GTCGTACCATCTCGGG-1_V12D07-075_C1,2
GTCGTACCTACGATTG-1_V12D07-075_C1,1
GTCGTATTGGCGTACA-1_V12D07-075_C1,3
GTCGTCAATTATAAGG-1_V12D07-075_C1,5
GTCGTCTGGTTGGCTA-1_V12D07-075_C1,3
GTCGTGTCTGGTCATC-1_V12D07-075_C1,3
GTCGTTATTCGCTTAT-1_V12D07-075_C1,2
GTCTACTCAATTACAA-1_V12D07-075_C1,1
GTCTAGTGAGCCGCTT-1_V12D07-075_C1,2
GTCTATCTGAGTTTCT-1_V12D07-075_C1,1
GTCTATTGCATGCTCG-1_V12D07-075_C1,2
GTCTATTGGTTCCGGT-1_V12D07-075_C1,1
GTCTCAAGGCCCGGCT-1_V12D07-075_C1,1
GTCTCCGCCTCAATAC-1_V12D07-075_C1,4
GTCTCGACTAAGTTTG-1_V12D07-075_C1,3
GTCTCGATCTGCTTTC-1_V12D07-075_C1,8
GTCTGGGCGGTCGAGA-1_V12D07-075_C1,4
GTCTTAGTACAGCCGG-1_V12D07-075_C1,3
GTCTTCCTCACCTAAG-1_V12D07-075_C1,1
GTCTTGAGGAGCAGTG-1_V12D07-075_C1,3
GTCTTGTAGCTATTCA-1_V12D07-075_C1,1
GTGAAACGGCGCCACC-1_V12D07-075_C1,6
GTGAAACGTGCTCCAC-1_V12D07-075_C1,5
GTGAACTCCCATTCGA-1_V12D07-075_C1,4
GTGAAGATTTCAAGTG-1_V12D07-075_C1,6
GTGAAGCCGTATAGTC-1_V12D07-075_C1,6
GTGACAGCTTCCCACT-1_V12D07-075_C1,1
GTGACCGCACACTACG-1_V12D07-075_C1,2
GTGACCTAAAGAATAA-1_V12D07-075_C1,3
GTGACGAGGGTGACCC-1_V12D07-075_C1,3
GTGACGCAGGTTTCAT-1_V12D07-075_C1,2
GTGACTTCAGTAGTGC-1_V12D07-075_C1,1
GTGAGCGTGCTGCACT-1_V12D07-075_C1,1
GTGAGGACACTTAAGG-1_V12D07-075_C1,1
GTGAGGAGCGGTTGAG-1_V12D07-075_C1,6
GTGAGTCGACTAATAG-1_V12D07-075_C1,4
GTGAGTCTAAGACGGA-1_V12D07-075_C1,1
GTGAGTGGTACAACGC-1_V12D07-075_C1,1
GTGATCACTAACGCCT-1_V12D07-075_C1,2
GTGATCATAGATCTGC-1_V12D07-075_C1,1
GTGATCCTTGTCATGA-1_V12D07-075_C1,2
GTGATGCACAACATCT-1_V12D07-075_C1,3
GTGATTCGCCGCTCAA-1_V12D07-075_C1,7
GTGCAACAAATGTGGC-1_V12D07-075_C1,5
GTGCACCAGCTTCAAC-1_V12D07-075_C1,1
GTGCACGAAAGTGACT-1_V12D07-075_C1,1
GTGCAGCGTAGAGTAG-1_V12D07-075_C1,6
GTGCCATCACACGGTG-1_V12D07-075_C1,4
GTGCCCGTTCGGATTC-1_V12D07-075_C1,1
GTGCCGCTTCAAAGGT-1_V12D07-075_C1,1
GTGCCTAGCTATGCTT-1_V12D07-075_C1,2
GTGCCTCAGTGTACGG-1_V12D07-075_C1,3
GTGCCTGAGACCAAAC-1_V12D07-075_C1,2
GTGCGAAATCGAACAC-1_V12D07-075_C1,4
GTGCGACAGGGAGTGT-1_V12D07-075_C1,4
GTGCGGGACCATCGGC-1_V12D07-075_C1,9
GTGCGGGTCTCCAAAT-1_V12D07-075_C1,8
GTGCGTGTATATGAGC-1_V12D07-075_C1,6
GTGCTCAAGTACTGTC-1_V12D07-075_C1,1
GTGCTGCAGATAAGGA-1_V12D07-075_C1,1
GTGCTTACATCAGCGC-1_V12D07-075_C1,3
GTGGAACCTACATGCG-1_V12D07-075_C1,8
GTGGACCAACCCGATT-1_V12D07-075_C1,7
GTGGACGCATTTGTCC-1_V12D07-075_C1,1
GTGGACGTGCTGAGAC-1_V12D07-075_C1,1
GTGGAGCATGTCGGCC-1_V12D07-075_C1,8
GTGGAGTCGGCGGTTG-1_V12D07-075_C1,7
GTGGCCTAATATCATT-1_V12D07-075_C1,1
GTGGCTGTTTCTGTTC-1_V12D07-075_C1,2
GTGGGCTTAGACACAC-1_V12D07-075_C1,1
GTGGTATAGTCTGCCG-1_V12D07-075_C1,7
GTGGTCAGCGAAGTAT-1_V12D07-075_C1,3
GTGGTGATGGTTTGTG-1_V12D07-075_C1,6
GTGGTGGCCAAGTGAA-1_V12D07-075_C1,1
GTGGTTACTTCTTTCG-1_V12D07-075_C1,3
GTGGTTTCCGCCTTTC-1_V12D07-075_C1,7
GTGTACCTTGGCTACG-1_V12D07-075_C1,4
GTGTACGAACCGTTCC-1_V12D07-075_C1,3
GTGTATATCAGCGGGC-1_V12D07-075_C1,1
GTGTATGACTTTAAAG-1_V12D07-075_C1,1
GTGTCGTATAGCGTTC-1_V12D07-075_C1,1
GTGTCGTATTCACCTT-1_V12D07-075_C1,3
GTGTGAATAACTTAGG-1_V12D07-075_C1,4
GTGTGTCGACGTCGCT-1_V12D07-075_C1,1
GTGTTACTATGCGTCC-1_V12D07-075_C1,1
GTTAAAGTAGGACTGG-1_V12D07-075_C1,1
GTTAACATCACTTAAA-1_V12D07-075_C1,1
GTTAACTATGTTGTCA-1_V12D07-075_C1,3
GTTAAGGGTGCGATGT-1_V12D07-075_C1,1
GTTAAGTTAGAGTGGG-1_V12D07-075_C1,3
GTTAATGTCTATCTTA-1_V12D07-075_C1,2
GTTACAATTGGTGACG-1_V12D07-075_C1,2
GTTACCAAGGCGTACG-1_V12D07-075_C1,4
GTTACCTACAACTTGC-1_V12D07-075_C1,1
GTTACTTTGGGCCTAG-1_V12D07-075_C1,1
GTTAGAGTGTGCCGCT-1_V12D07-075_C1,1
GTTAGCCCATGACATC-1_V12D07-075_C1,2
GTTAGCCGTAAATCAA-1_V12D07-075_C1,3
GTTATAATACGGTGAA-1_V12D07-075_C1,2
GTTATATCAGGAGCCA-1_V12D07-075_C1,3
GTTATATTATCTCCCT-1_V12D07-075_C1,1
GTTATCAAGCTATCGA-1_V12D07-075_C1,2
GTTATCACCTTCTGAA-1_V12D07-075_C1,5
GTTATTAACGTGGGAG-1_V12D07-075_C1,1
GTTCAAATCAGATGTC-1_V12D07-075_C1,1
GTTCACAGGAGTCTAG-1_V12D07-075_C1,1
GTTCAGTCGCCAAATG-1_V12D07-075_C1,1
GTTCATCGTTTGGCTG-1_V12D07-075_C1,6
GTTCCAGTCTGACCAT-1_V12D07-075_C1,3
GTTCCCGTAAACATAT-1_V12D07-075_C1,2
GTTCGCCATAAGTGCC-1_V12D07-075_C1,1
GTTCGCTGAGACGTCT-1_V12D07-075_C1,2
GTTCGGAGCACTCAAC-1_V12D07-075_C1,2
GTTCGGATCGGGAACA-1_V12D07-075_C1,4
GTTCGGGCGTACCATT-1_V12D07-075_C1,8
GTTCGTCTAAAGAACT-1_V12D07-075_C1,2
GTTCGTCTGGGTCCCT-1_V12D07-075_C1,3
GTTCTTCCCTCGATGT-1_V12D07-075_C1,1
GTTGAACCGGTTCCAT-1_V12D07-075_C1,1
GTTGAGTCCCGCCGGT-1_V12D07-075_C1,1
GTTGCACGGAGTTTCG-1_V12D07-075_C1,1
GTTGCAGTCGACAACA-1_V12D07-075_C1,2
GTTGCGCTAACATTAC-1_V12D07-075_C1,3
GTTGCGGACGGTCAGG-1_V12D07-075_C1,6
GTTGGACCGCATCAGG-1_V12D07-075_C1,3
GTTGGATTCAGTGGCT-1_V12D07-075_C1,3
GTTGGATTGAGAACAC-1_V12D07-075_C1,4
GTTGGATTTGCGTTGG-1_V12D07-075_C1,1
GTTGGTCATGCTATCC-1_V12D07-075_C1,1
GTTGTAGATTTATGAG-1_V12D07-075_C1,2
GTTGTCGTGTTAGTTG-1_V12D07-075_C1,8
GTTGTTACATTGCGCT-1_V12D07-075_C1,3
GTTGTTGCAAGATGGC-1_V12D07-075_C1,2
GTTTACGTTCCATCTG-1_V12D07-075_C1,1
GTTTATGGGATTTAGA-1_V12D07-075_C1,1
GTTTCAAACGAGTTGT-1_V12D07-075_C1,1
GTTTCATATCGTCGCT-1_V12D07-075_C1,7
GTTTCCTGGAGGGTGA-1_V12D07-075_C1,1
GTTTCTAGAGGCGCGG-1_V12D07-075_C1,2
GTTTCTGCAGTCTCCC-1_V12D07-075_C1,1
GTTTGACCAAATCCTA-1_V12D07-075_C1,1
GTTTGGCCCAAGTTAT-1_V12D07-075_C1,1
GTTTGGCCGCTCAGCG-1_V12D07-075_C1,1
GTTTGGGCTTGTGAGC-1_V12D07-075_C1,1
GTTTGGGTTTCGCCCG-1_V12D07-075_C1,2
GTTTGGTAGGGTCAAC-1_V12D07-075_C1,1
TAAACGTCGTCAATGA-1_V12D07-075_C1,1
TAAAGACAACCCTTTA-1_V12D07-075_C1,3
TAAAGAGCCCGAAACC-1_V12D07-075_C1,5
TAAAGCGGTATTTCCA-1_V12D07-075_C1,1
TAAAGCGTTAGGAGAA-1_V12D07-075_C1,4
TAAAGCTGCAATAGGG-1_V12D07-075_C1,1
TAAATCTTTACACCTC-1_V12D07-075_C1,6
TAAATGAATCCGTTTC-1_V12D07-075_C1,1
TAAATGCCGTCTCATG-1_V12D07-075_C1,3
TAAATGGGCTACTGAG-1_V12D07-075_C1,2
TAACAAAGGGAGAAGC-1_V12D07-075_C1,1
TAACAATATTTGTTGC-1_V12D07-075_C1,1
TAACATACAATGTGGG-1_V12D07-075_C1,1
TAACCGCCCGCAGTGC-1_V12D07-075_C1,5
TAACCTACCGTCCGAG-1_V12D07-075_C1,6
TAACCTAGGGAGTCCA-1_V12D07-075_C1,1
TAACGCTTTGAGAGCG-1_V12D07-075_C1,1
TAACTATCGAAGGTCC-1_V12D07-075_C1,1
TAACTATTACGCCAAA-1_V12D07-075_C1,8
TAACTCATCCGCGCGG-1_V12D07-075_C1,1
TAACTCCATGGAGGCT-1_V12D07-075_C1,1
TAAGCAGGCGACACGC-1_V12D07-075_C1,2
TAAGCCCTTACGACCA-1_V12D07-075_C1,3
TAAGGAACTTGTGGGA-1_V12D07-075_C1,1
TAAGGCAACATAAGAT-1_V12D07-075_C1,1
TAAGGCATAACATCAA-1_V12D07-075_C1,4
TAAGGCCCGTCACCCT-1_V12D07-075_C1,1
TAAGGCTGAATCCCTC-1_V12D07-075_C1,2
TAAGGGCCTGTCCGAT-1_V12D07-075_C1,1
TAAGGGCTGGGAGAGG-1_V12D07-075_C1,4
TAAGTAAATGTGCCGC-1_V12D07-075_C1,1
TAAGTAACATCTTGAC-1_V12D07-075_C1,4
TAAGTCGGTGAGCTAG-1_V12D07-075_C1,2
TAAGTTGCGACGTAGG-1_V12D07-075_C1,1
TAATAAACAAGGAGAT-1_V12D07-075_C1,3
TAATACACAGTAGTAT-1_V12D07-075_C1,5
TAATACTAGAACAGAC-1_V12D07-075_C1,2
TAATAGAACAGAGTTA-1_V12D07-075_C1,7
TAATAGCTAAATGATG-1_V12D07-075_C1,3
TAATAGTGACGACCAG-1_V12D07-075_C1,4
TAATATTGAAATTCGC-1_V12D07-075_C1,5
TAATCAACCAAATGGG-1_V12D07-075_C1,6
TAATCGATCCGTACGT-1_V12D07-075_C1,4
TAATGAAAGACCCTTG-1_V12D07-075_C1,1
TAATTACGTCAGTAGA-1_V12D07-075_C1,2
TAATTAGATGGATATG-1_V12D07-075_C1,5
TAATTAGGACATCCGT-1_V12D07-075_C1,7
TAATTCCAATGCTTCA-1_V12D07-075_C1,2
TAATTGGAATCGGGAA-1_V12D07-075_C1,3
TAATTTCCGTCCAGTA-1_V12D07-075_C1,7
TACAACGCACAACTCA-1_V12D07-075_C1,1
TACAAGGGCTTCTTTA-1_V12D07-075_C1,2
TACAAGTCTCGTGCAT-1_V12D07-075_C1,1
TACACCGTCGTTAGTC-1_V12D07-075_C1,3
TACACCTCTTCGAATC-1_V12D07-075_C1,4
TACAGAAACGGTGGGC-1_V12D07-075_C1,1
TACATAGGCATACACC-1_V12D07-075_C1,2
TACATCTTGTTTCTTG-1_V12D07-075_C1,1
TACATGACCTTATCCG-1_V12D07-075_C1,1
TACATGCCGGAATTGT-1_V12D07-075_C1,6
TACATTTCTAACGTGC-1_V12D07-075_C1,2
TACCAAATAGCCCAGA-1_V12D07-075_C1,2
TACCAATAAAGTACCA-1_V12D07-075_C1,1
TACCAGAAGTAGGTTC-1_V12D07-075_C1,1
TACCAGCTAGGTTTAA-1_V12D07-075_C1,5
TACCATGTATTGATTT-1_V12D07-075_C1,6
TACCCTCGGTAACCCT-1_V12D07-075_C1,2
TACCGAATAATTGTAA-1_V12D07-075_C1,1
TACCGCGGACTTGCAG-1_V12D07-075_C1,7
TACCGGCTCACTGCCC-1_V12D07-075_C1,1
TACCGGTCGTTTCCAT-1_V12D07-075_C1,7
TACCGTAGGTTAACTA-1_V12D07-075_C1,1
TACCGTGCCTCGGACC-1_V12D07-075_C1,1
TACCTACTCCCAGTAT-1_V12D07-075_C1,2
TACCTATCCCTAGAGG-1_V12D07-075_C1,4
TACCTCACGCTTGTAC-1_V12D07-075_C1,1
TACCTCAGTTGTCTGT-1_V12D07-075_C1,1
TACCTCTTTACCATCC-1_V12D07-075_C1,4
TACCTGCTGCACTGTG-1_V12D07-075_C1,1
TACGAACACGACTTCA-1_V12D07-075_C1,1
TACGACGCTTGCTGCG-1_V12D07-075_C1,1
TACGACTGCCTCTTAG-1_V12D07-075_C1,2
TACGAGAACTTCACGT-1_V12D07-075_C1,1
TACGATGTTGATCATC-1_V12D07-075_C1,1
TACGCAGTTCTTTCCT-1_V12D07-075_C1,2
TACGCCATATTCTAAT-1_V12D07-075_C1,1
TACGCCGCCTCAGAAG-1_V12D07-075_C1,6
TACGCCTCCATTCCGA-1_V12D07-075_C1,1
TACGCTATAGAAACCT-1_V12D07-075_C1,6
TACGCTCGGTATTGGA-1_V12D07-075_C1,1
TACGGAAGCCAAACCA-1_V12D07-075_C1,2
TACGGCATGGACGCTA-1_V12D07-075_C1,2
TACGGGATGCTAGCAG-1_V12D07-075_C1,6
TACGTAAAGCGGAGTG-1_V12D07-075_C1,2
TACGTGCAAGGTTCCT-1_V12D07-075_C1,3
TACGTGCACTATGCTG-1_V12D07-075_C1,1
TACGTGGGCCCAGGGC-1_V12D07-075_C1,2
TACGTTTACCGGCAAT-1_V12D07-075_C1,4
TACTACGTGCAATGCG-1_V12D07-075_C1,4
TACTATGGTTCCTCAG-1_V12D07-075_C1,7
TACTCGGCACGCCGGG-1_V12D07-075_C1,1
TACTCTCCGAACAAAT-1_V12D07-075_C1,8
TACTCTTACTTTACTG-1_V12D07-075_C1,4
TACTCTTTCGTCTTCA-1_V12D07-075_C1,7
TACTGAACAGATTTAG-1_V12D07-075_C1,7
TACTGCAATCAATTAC-1_V12D07-075_C1,8
TACTGGACAGCTCGGC-1_V12D07-075_C1,1
TACTGTTTCTCTGGTA-1_V12D07-075_C1,6
TACTTAAACATGTACA-1_V12D07-075_C1,1
TACTTGTTAGTAGTCC-1_V12D07-075_C1,7
TACTTTACTGAGCCGG-1_V12D07-075_C1,7
TAGAAACACAATAGTG-1_V12D07-075_C1,1
TAGAAACCACTAAGTA-1_V12D07-075_C1,3
TAGAAAGGTGGCGCTA-1_V12D07-075_C1,2
TAGAAATTCACGTATA-1_V12D07-075_C1,1
TAGAAGAAGGGTTACA-1_V12D07-075_C1,2
TAGAATAGCCGATGAA-1_V12D07-075_C1,2
TAGAATTAAGGGCAAC-1_V12D07-075_C1,1
TAGACGAAACGCCAAT-1_V12D07-075_C1,1
TAGACGCCCGTACCGG-1_V12D07-075_C1,7
TAGACTACCTAGCGTT-1_V12D07-075_C1,4
TAGAGCTACGAAGAAC-1_V12D07-075_C1,5
TAGAGGTTCTACTTGT-1_V12D07-075_C1,2
TAGAGTCTAAGCGAAC-1_V12D07-075_C1,1
TAGATATGGACTGGAA-1_V12D07-075_C1,4
TAGATCCGAAGTCGCA-1_V12D07-075_C1,1
TAGATGGTTCCTTACT-1_V12D07-075_C1,2
TAGATTCCTGGTTATT-1_V12D07-075_C1,1
TAGCAACCTGTCACAA-1_V12D07-075_C1,1
TAGCAGTATGACTAAA-1_V12D07-075_C1,2
TAGCCAGAGGGTCCGG-1_V12D07-075_C1,2
TAGCCATTTCAAAGTC-1_V12D07-075_C1,1
TAGCCGGCGGTCAGCG-1_V12D07-075_C1,2
TAGCGTCCCTCGATTG-1_V12D07-075_C1,7
TAGCGTCCGGTGTGGT-1_V12D07-075_C1,1
TAGCGTCGAATATTGA-1_V12D07-075_C1,2
TAGCGTTGGGTCTTAC-1_V12D07-075_C1,1
TAGCTAAGTCCGGGAG-1_V12D07-075_C1,1
TAGCTAGAAGGCATGA-1_V12D07-075_C1,4
TAGCTAGTGATGATGG-1_V12D07-075_C1,4
TAGCTCAGATCCTAGT-1_V12D07-075_C1,3
TAGCTCGCCTGATAAC-1_V12D07-075_C1,1
TAGGAACAGCCTCCAG-1_V12D07-075_C1,3
TAGGCATGTTACGCCA-1_V12D07-075_C1,6
TAGGCCTATATAGTCT-1_V12D07-075_C1,2
TAGGCTAAAGTGGCAC-1_V12D07-075_C1,2
TAGGGAGCTTGGGATG-1_V12D07-075_C1,4
TAGGGTGTTTCAAGAG-1_V12D07-075_C1,8
TAGGTCCAAGTAAGGA-1_V12D07-075_C1,1
TAGGTCGCCGGAACTG-1_V12D07-075_C1,7
TAGGTGACGATAACCT-1_V12D07-075_C1,2
TAGGTGAGCCCTACTC-1_V12D07-075_C1,1
TAGGTGCTCGCCTAGC-1_V12D07-075_C1,2
TAGGTGTTCCACAGAT-1_V12D07-075_C1,1
TAGGTTCGAGTTCGTC-1_V12D07-075_C1,1
TAGTACCTTAGTGGTC-1_V12D07-075_C1,1
TAGTAGCTTATACCAG-1_V12D07-075_C1,7
TAGTCCCGGAGACCAC-1_V12D07-075_C1,2
TAGTCCGCAGAGAATG-1_V12D07-075_C1,1
TAGTCCGTATGCATAA-1_V12D07-075_C1,1
TAGTCGATCACGGGTT-1_V12D07-075_C1,2
TAGTCGGGATTCTTCG-1_V12D07-075_C1,2
TAGTCTAACAACGAGA-1_V12D07-075_C1,4
TAGTCTGTGACGTTGC-1_V12D07-075_C1,3
TAGTCTTTCCGAATTG-1_V12D07-075_C1,6
TAGTGCCCTCCAGAGT-1_V12D07-075_C1,1
TAGTGCTTGAATCCTT-1_V12D07-075_C1,1
TAGTGTCAGAAACGGC-1_V12D07-075_C1,1
TAGTTAAGATAGGATA-1_V12D07-075_C1,6
TAGTTTATTCTTGCTT-1_V12D07-075_C1,5
TATAAATCCACAAGCT-1_V12D07-075_C1,9
TATAAGTGAGGATAGC-1_V12D07-075_C1,1
TATACACAGACGCCTT-1_V12D07-075_C1,1
TATACACGCAAAGTAT-1_V12D07-075_C1,1
TATACCGAGTGCCACA-1_V12D07-075_C1,6
TATACGCGTCATCACT-1_V12D07-075_C1,1
TATACTCATGCGGCAA-1_V12D07-075_C1,1
TATAGAGTCGCTTGAA-1_V12D07-075_C1,1
TATAGATGGTCGCAGT-1_V12D07-075_C1,2
TATAGGGTACTCATGA-1_V12D07-075_C1,1
TATATCATTGATCAGT-1_V12D07-075_C1,1
TATATCCCTGGGAGGA-1_V12D07-075_C1,4
TATATGCTGGGTTGCC-1_V12D07-075_C1,1
TATATTACAAATGTCG-1_V12D07-075_C1,3
TATATTCGCGTCGATA-1_V12D07-075_C1,5
TATCAAAGGTCTGTAA-1_V12D07-075_C1,1
TATCACCATGTAAAGT-1_V12D07-075_C1,3
TATCACCCAACCGACC-1_V12D07-075_C1,6
TATCACTTCGAGTAAC-1_V12D07-075_C1,3
TATCCAATTGGTTATC-1_V12D07-075_C1,1
TATCCATATCATGCGA-1_V12D07-075_C1,5
TATCCGCACCGTCGGG-1_V12D07-075_C1,1
TATCCTATCAACTGGT-1_V12D07-075_C1,1
TATCCTGCATGGGAAT-1_V12D07-075_C1,1
TATCGATCTATGCATA-1_V12D07-075_C1,8
TATCGATGATTAAACG-1_V12D07-075_C1,1
TATCTACAGAGGTAAT-1_V12D07-075_C1,1
TATCTACCACAGCGGG-1_V12D07-075_C1,2
TATCTAGCCTAAAGGA-1_V12D07-075_C1,1
TATGAAGAATTAAGGT-1_V12D07-075_C1,2
TATGAAGACAGGTGCG-1_V12D07-075_C1,1
TATGATAAATCTAACG-1_V12D07-075_C1,1
TATGATCCGGCACGCC-1_V12D07-075_C1,1
TATGATCTTCTCTTTA-1_V12D07-075_C1,1
TATGATTCTGCTTGGT-1_V12D07-075_C1,5
TATGCTCCCTACTTAC-1_V12D07-075_C1,1
TATGGAGTTTCTCGTT-1_V12D07-075_C1,5
TATGGATGTGCTACGC-1_V12D07-075_C1,1
TATGGCCCGGCCTCGC-1_V12D07-075_C1,1
TATGGCTAGGCTAATT-1_V12D07-075_C1,3
TATGGGACCGAGCAGG-1_V12D07-075_C1,1
TATGGGTACGTATCGT-1_V12D07-075_C1,1
TATGGTCTGAGTAACA-1_V12D07-075_C1,1
TATGGTTAGTGGGAGA-1_V12D07-075_C1,4
TATGTCAAGACCGACT-1_V12D07-075_C1,3
TATGTCTCATTGTGCC-1_V12D07-075_C1,4
TATTAACCTGACCGCG-1_V12D07-075_C1,7
TATTACCATCCTGCTT-1_V12D07-075_C1,1
TATTCAATTCTAATCC-1_V12D07-075_C1,1
TATTCCACTCAGCTCG-1_V12D07-075_C1,2
TATTCCGAGCTGTTAT-1_V12D07-075_C1,1
TATTCCGGCAGTCCTA-1_V12D07-075_C1,5
TATTCCTCCGCCCACT-1_V12D07-075_C1,7
TATTCGTGCCAGAATA-1_V12D07-075_C1,1
TATTGACATTTCTGCC-1_V12D07-075_C1,3
TATTGCCGGGCTTGTA-1_V12D07-075_C1,2
TATTTAGTCTAGATCG-1_V12D07-075_C1,8
TATTTATACCGAGTAG-1_V12D07-075_C1,6
TATTTGATTTGCACAG-1_V12D07-075_C1,1
TATTTGTTACCCTTTA-1_V12D07-075_C1,1
TCAAACAACCGCGTCG-1_V12D07-075_C1,1
TCAAACTTAGATTGTT-1_V12D07-075_C1,1
TCAAATTGTTGTGCCG-1_V12D07-075_C1,2
TCAAATTTGAGACTCA-1_V12D07-075_C1,1
TCAACACATTGGGTAA-1_V12D07-075_C1,5
TCAACATAGCGCCCTA-1_V12D07-075_C1,7
TCAACCATGTTCGGGC-1_V12D07-075_C1,6
TCAACGAGGAGACAAA-1_V12D07-075_C1,2
TCAACGCGACCGGCAG-1_V12D07-075_C1,4
TCAACTAACGTATAAC-1_V12D07-075_C1,1
TCAACTGCAGAGTCAG-1_V12D07-075_C1,2
TCAAGAAATACTAGCT-1_V12D07-075_C1,6
TCAAGCGCGGACGGTA-1_V12D07-075_C1,2
TCAAGGTTACTACACC-1_V12D07-075_C1,2
TCAATACAATTGCTGC-1_V12D07-075_C1,1
TCAATACGCCGTCATG-1_V12D07-075_C1,1
TCAATATACAGGAGGC-1_V12D07-075_C1,4
TCAATCCCGCGCCAAA-1_V12D07-075_C1,2
TCACAAACCGAGGTAC-1_V12D07-075_C1,1
TCACAGATCCTCAAAC-1_V12D07-075_C1,1
TCACAGCAAACTCGAA-1_V12D07-075_C1,4
TCACAGGAGAATAAGA-1_V12D07-075_C1,4
TCACAGGGAATCGCAA-1_V12D07-075_C1,1
TCACAGGTTATTGGGC-1_V12D07-075_C1,1
TCACATCTTATCTGAT-1_V12D07-075_C1,1
TCACCCTCTTAAGATT-1_V12D07-075_C1,1
TCACCGCTCGGCACTC-1_V12D07-075_C1,7
TCACGCATTGTAGATC-1_V12D07-075_C1,1
TCACGGTCATCGCACA-1_V12D07-075_C1,1
TCACGTGCCCGATTCA-1_V12D07-075_C1,2
TCACTACGACCAATGC-1_V12D07-075_C1,3
TCACTATCCCTTCGGT-1_V12D07-075_C1,4
TCACTCGTGCAACGGC-1_V12D07-075_C1,6
TCACTCTTCGTCTGTC-1_V12D07-075_C1,1
TCAGAACCTCCACAGG-1_V12D07-075_C1,6
TCAGACGCTATAGAAG-1_V12D07-075_C1,1
TCAGAGTGTGAGCATG-1_V12D07-075_C1,2
TCAGCAAATGCATCTC-1_V12D07-075_C1,2
TCAGCCAATCCGTAAA-1_V12D07-075_C1,1
TCAGGGCGACTTCCTT-1_V12D07-075_C1,1
TCAGGGCGCAAACTCG-1_V12D07-075_C1,1
TCAGGGTGCACGAAAC-1_V12D07-075_C1,3
TCAGGGTGTAACGTAA-1_V12D07-075_C1,2
TCAGGTTCTTTGAGAA-1_V12D07-075_C1,1
TCAGTACTGACCCGCG-1_V12D07-075_C1,1
TCAGTAGGGACTATAA-1_V12D07-075_C1,4
TCATAAGTCCAAGAAG-1_V12D07-075_C1,2
TCATACTTACAGATCC-1_V12D07-075_C1,1
TCATATGAGCTTTGTT-1_V12D07-075_C1,1
TCATCACTCGAGCTCG-1_V12D07-075_C1,1
TCATCCCAGAGGGTGG-1_V12D07-075_C1,5
TCATCCTCAGCTGCTT-1_V12D07-075_C1,1
TCATCGACGACCGTCG-1_V12D07-075_C1,2
TCATGCAGGTTCTCAT-1_V12D07-075_C1,6
TCATTCGTATAATTTG-1_V12D07-075_C1,3
TCATTTAAGTCTCCGA-1_V12D07-075_C1,4
TCATTTAGAAGTGTGA-1_V12D07-075_C1,2
TCCAACTCAGCTATCT-1_V12D07-075_C1,9
TCCAACTTTAAATTCT-1_V12D07-075_C1,2
TCCAAGCCTAGACACA-1_V12D07-075_C1,1
TCCAATAAAGGCTACC-1_V12D07-075_C1,1
TCCACAATGGTTTACG-1_V12D07-075_C1,1
TCCACATCGTATATTG-1_V12D07-075_C1,1
TCCACCAAGACATAGG-1_V12D07-075_C1,2
TCCACCTCTAGCCTTT-1_V12D07-075_C1,1
TCCACTTTATCTAGGT-1_V12D07-075_C1,1
TCCAGAGCACCGGTTC-1_V12D07-075_C1,1
TCCAGATGTACGCCAA-1_V12D07-075_C1,3
TCCAGCGCTATAAGCG-1_V12D07-075_C1,4
TCCAGGCGAGTACGGT-1_V12D07-075_C1,1
TCCAGGGTATATACGA-1_V12D07-075_C1,1
TCCATTAGTTGGATAG-1_V12D07-075_C1,1
TCCATTGTGACCTCGT-1_V12D07-075_C1,1
TCCCAAACAGACAACG-1_V12D07-075_C1,3
TCCCAAAGACGAAGGA-1_V12D07-075_C1,1
TCCCAAAGCCCTAAAT-1_V12D07-075_C1,3
TCCCACTCTCTTCCGG-1_V12D07-075_C1,8
TCCCAGCACACGACAT-1_V12D07-075_C1,4
TCCCAGCTTTAGTCTG-1_V12D07-075_C1,1
TCCCAGGCTTAGCTAA-1_V12D07-075_C1,1
TCCCGCCTATGTGCGT-1_V12D07-075_C1,3
TCCCGCGTACTCCTGG-1_V12D07-075_C1,1
TCCCGGGTGTGCTGCT-1_V12D07-075_C1,1
TCCCGGTCAGGAATTT-1_V12D07-075_C1,5
TCCCGTCAGTCCCGCA-1_V12D07-075_C1,3
TCCCGTCGCGTCATAG-1_V12D07-075_C1,3
TCCCGTGTGCAATTTG-1_V12D07-075_C1,1
TCCCTAGATCAATAGG-1_V12D07-075_C1,3
TCCCTCTTCTCAAGGG-1_V12D07-075_C1,2
TCCCTGGCTCGCTGGA-1_V12D07-075_C1,1
TCCCTTAGATTACTCG-1_V12D07-075_C1,8
TCCCTTGTCTGAAACT-1_V12D07-075_C1,2
TCCGAACGTTGCCGCT-1_V12D07-075_C1,6
TCCGAACTTGGCTTAC-1_V12D07-075_C1,1
TCCGAAGTAGTCACCA-1_V12D07-075_C1,3
TCCGAATGGTCCTGAG-1_V12D07-075_C1,3
TCCGAGAAGGCTAAGC-1_V12D07-075_C1,9
TCCGATAATTGCCATA-1_V12D07-075_C1,1
TCCGATGACTGAGCTC-1_V12D07-075_C1,6
TCCGATGGTGCGACAT-1_V12D07-075_C1,1
TCCGATTACATTGCCG-1_V12D07-075_C1,1
TCCGCAGCCACCTAGC-1_V12D07-075_C1,2
TCCGCCTGTCTACAAG-1_V12D07-075_C1,1
TCCGCGGCAGCATCTG-1_V12D07-075_C1,2
TCCGCGGCCCAATGAA-1_V12D07-075_C1,2
TCCGCTGTCATCCCGG-1_V12D07-075_C1,2
TCCGCTTATCCCATTA-1_V12D07-075_C1,1
TCCGGAGGAAGGGCTG-1_V12D07-075_C1,3
TCCGGCCTAGCGTACA-1_V12D07-075_C1,4
TCCGGCTGTCGGGTCG-1_V12D07-075_C1,4
TCCGGGCTTGACGGGA-1_V12D07-075_C1,1
TCCGGTTCGTCCGGTC-1_V12D07-075_C1,1
TCCGTAACCACAATCC-1_V12D07-075_C1,1
TCCGTTAAGCTAATAT-1_V12D07-075_C1,2
TCCGTTTAGCCTTGAA-1_V12D07-075_C1,7
TCCTAAAGATTCAGAC-1_V12D07-075_C1,1
TCCTAAATTGGGAAGC-1_V12D07-075_C1,1
TCCTAACCGTCGGGCA-1_V12D07-075_C1,4
TCCTACATCCACGGCC-1_V12D07-075_C1,2
TCCTAGCAAAGAAGCT-1_V12D07-075_C1,1
TCCTATCATAGGTAAC-1_V12D07-075_C1,6
TCCTCGGGCTGGGCTT-1_V12D07-075_C1,1
TCCTCTACGAGATGGC-1_V12D07-075_C1,1
TCCTCTCCAGTTGTCC-1_V12D07-075_C1,1
TCCTCTGGCCCATTAG-1_V12D07-075_C1,3
TCCTGCCAACTGGAGA-1_V12D07-075_C1,3
TCCTGCGTTGATACTC-1_V12D07-075_C1,1
TCCTGGCGCTGCCTGG-1_V12D07-075_C1,3
TCCTTACGACGGTCCG-1_V12D07-075_C1,1
TCCTTCAATCCCTACG-1_V12D07-075_C1,7
TCCTTCAGTGGTCGAA-1_V12D07-075_C1,5
TCCTTGTCCTTTAATT-1_V12D07-075_C1,2
TCCTTTAAATCCGCTT-1_V12D07-075_C1,2
TCCTTTCTTACGCTTA-1_V12D07-075_C1,1
TCGAAATTTAGGACCA-1_V12D07-075_C1,1
TCGAAGAACCGAGCAC-1_V12D07-075_C1,2
TCGAGACCAACACCGT-1_V12D07-075_C1,1
TCGAGGGCAACAGACG-1_V12D07-075_C1,2
TCGATAGGCTAGTCGC-1_V12D07-075_C1,1
TCGCAAAGATGCATTT-1_V12D07-075_C1,1
TCGCACCAGGAGGCAG-1_V12D07-075_C1,1
TCGCACTAACGTTTGT-1_V12D07-075_C1,1
TCGCATAAAGGGCGCA-1_V12D07-075_C1,2
TCGCATCCCTAAGTGT-1_V12D07-075_C1,1
TCGCATTCAATGACTT-1_V12D07-075_C1,5
TCGCCCAACTGACTCC-1_V12D07-075_C1,3
TCGCCCACTGCGAGAG-1_V12D07-075_C1,2
TCGCCGAAGTTGCGTC-1_V12D07-075_C1,7
TCGCCGACATATTCGC-1_V12D07-075_C1,1
TCGCCGGATGGGCAAG-1_V12D07-075_C1,1
TCGCCGGTCGATCCGT-1_V12D07-075_C1,8
TCGCGTAGCAGTGTCC-1_V12D07-075_C1,1
TCGCGTCCAGAAGGTC-1_V12D07-075_C1,1
TCGCTAAACCGCTATC-1_V12D07-075_C1,8
TCGCTACTGGCTTTGA-1_V12D07-075_C1,1
TCGCTCGATATATTCC-1_V12D07-075_C1,1
TCGCTCGGCACCAGCG-1_V12D07-075_C1,3
TCGCTGCCAATGCTGT-1_V12D07-075_C1,2
TCGCTGGGCGGATTGT-1_V12D07-075_C1,1
TCGCTGTGCGTAAATC-1_V12D07-075_C1,2
TCGCTTAATTACGAAG-1_V12D07-075_C1,3
TCGCTTTAAACGTTTG-1_V12D07-075_C1,6
TCGGAATGACCATCAA-1_V12D07-075_C1,5
TCGGAATGCGCTCTGA-1_V12D07-075_C1,1
TCGGACGCCCAGCCCA-1_V12D07-075_C1,2
TCGGAGTACATGAGTA-1_V12D07-075_C1,1
TCGGCAGGGTTAAGGG-1_V12D07-075_C1,4
TCGGCGAACCCAAACC-1_V12D07-075_C1,2
TCGGCTTGTATCGACG-1_V12D07-075_C1,1
TCGGGAACGTGCCTAG-1_V12D07-075_C1,8
TCGGGAGACAGCGTAC-1_V12D07-075_C1,1
TCGGGATTCAAACATA-1_V12D07-075_C1,7
TCGGGCCGTCGTGGTA-1_V12D07-075_C1,1
TCGGGTGAAACTGCTA-1_V12D07-075_C1,5
TCGGTCCCTGACTCCA-1_V12D07-075_C1,3
TCGGTGACCGCTCCGG-1_V12D07-075_C1,3
TCGGTTAGCCATGTAG-1_V12D07-075_C1,3
TCGTAACTCCCAAGAC-1_V12D07-075_C1,2
TCGTAAGACGACATTG-1_V12D07-075_C1,1
TCGTAAGCTCCGAGGA-1_V12D07-075_C1,3
TCGTACCGACGTCAAG-1_V12D07-075_C1,1
TCGTATAGTGCAATTA-1_V12D07-075_C1,5
TCGTATTACCCATTGC-1_V12D07-075_C1,1
TCGTCACACTGTTAGC-1_V12D07-075_C1,1
TCGTCCGCTGGCGTCT-1_V12D07-075_C1,1
TCGTCCGGGTACACTC-1_V12D07-075_C1,3
TCGTCTTAGGCGTTAA-1_V12D07-075_C1,1
TCGTGTACTATGGATG-1_V12D07-075_C1,1
TCGTGTATTGGTCACG-1_V12D07-075_C1,1
TCGTGTTCGACCACAA-1_V12D07-075_C1,2
TCGTTAGGAGTCCCTA-1_V12D07-075_C1,4
TCGTTCGTTATTATGT-1_V12D07-075_C1,5
TCGTTGACAGGGTCCC-1_V12D07-075_C1,1
TCGTTGCTATCCGGTC-1_V12D07-075_C1,7
TCGTTGGCTCGTCAAT-1_V12D07-075_C1,5
TCGTTTACGCGACCCT-1_V12D07-075_C1,2
TCTAACTGTATGTAAA-1_V12D07-075_C1,1
TCTACACGTTCATGCA-1_V12D07-075_C1,3
TCTACCCAATAGAGAG-1_V12D07-075_C1,2
TCTACCGTCCACAAGC-1_V12D07-075_C1,1
TCTAGCAATCTCCGCC-1_V12D07-075_C1,7
TCTAGCATCTTCGATG-1_V12D07-075_C1,1
TCTAGCATGCCCAGAA-1_V12D07-075_C1,1
TCTAGGTGGCGACGCT-1_V12D07-075_C1,1
TCTAGTGATATCGTGG-1_V12D07-075_C1,2
TCTAGTTATCAGAAGA-1_V12D07-075_C1,2
TCTATAGGTGGGTAAT-1_V12D07-075_C1,2
TCTATCATGCAGTTAC-1_V12D07-075_C1,1
TCTATCGGTCGCAACA-1_V12D07-075_C1,1
TCTATGCTATAACGAC-1_V12D07-075_C1,2
TCTATTACGCTGGCGA-1_V12D07-075_C1,1
TCTCAAATCAATCGGG-1_V12D07-075_C1,4
TCTCATGAGATAGGGT-1_V12D07-075_C1,1
TCTCCAACGTAGGTTA-1_V12D07-075_C1,8
TCTCCACAAGTTGAAT-1_V12D07-075_C1,1
TCTCCCTGGGCAGCGT-1_V12D07-075_C1,1
TCTCGAACGAGGTCAC-1_V12D07-075_C1,3
TCTCGACGTATCGCCG-1_V12D07-075_C1,3
TCTCGAGGAGGTTCGC-1_V12D07-075_C1,2
TCTCGGCTCCAGGACT-1_V12D07-075_C1,1
TCTCTAATAGCTGGTA-1_V12D07-075_C1,8
TCTCTCGCCGCACATA-1_V12D07-075_C1,2
TCTGAACCGGTCGGCT-1_V12D07-075_C1,5
TCTGAACTCGTACCCG-1_V12D07-075_C1,2
TCTGAAGCACGTGGTC-1_V12D07-075_C1,1
TCTGAATTCCGTACAA-1_V12D07-075_C1,7
TCTGACGGGCTAACCC-1_V12D07-075_C1,3
TCTGACTGTAATGGTT-1_V12D07-075_C1,1
TCTGAGCAATTGACTG-1_V12D07-075_C1,2
TCTGATCGGGTGCTAG-1_V12D07-075_C1,3
TCTGATGTATTCTGTC-1_V12D07-075_C1,1
TCTGATTGGAAATGGA-1_V12D07-075_C1,3
TCTGCAGATTCGAGTC-1_V12D07-075_C1,1
TCTGCATACCTTGCTT-1_V12D07-075_C1,2
TCTGCCAGAAACTGCA-1_V12D07-075_C1,1
TCTGCGTCCGGTTTCT-1_V12D07-075_C1,1
TCTGCTTAGAACAAGC-1_V12D07-075_C1,6
TCTGGAGCGTAAGAGT-1_V12D07-075_C1,3
TCTGGCCGTTCAAGTT-1_V12D07-075_C1,3
TCTGGCGCAAGCCGGG-1_V12D07-075_C1,1
TCTGGGAACCTTTGAA-1_V12D07-075_C1,1
TCTGGGTAGCGCTCAT-1_V12D07-075_C1,1
TCTGTCATACAAGAGC-1_V12D07-075_C1,1
TCTGTGATGGAGGTTG-1_V12D07-075_C1,3
TCTGTGCCATCATAGT-1_V12D07-075_C1,2
TCTGTTACCCAGCATA-1_V12D07-075_C1,7
TCTTAACTCGGATGTA-1_V12D07-075_C1,1
TCTTACAGAGGTACCG-1_V12D07-075_C1,5
TCTTACCGGAACTCGT-1_V12D07-075_C1,3
TCTTACGGCATCCGAC-1_V12D07-075_C1,1
TCTTACTTATGCCTCT-1_V12D07-075_C1,2
TCTTAGAGCTCCAATT-1_V12D07-075_C1,1
TCTTAGAGTGAACTCT-1_V12D07-075_C1,2
TCTTCCCATGGGCACA-1_V12D07-075_C1,7
TCTTCGAATAGACGTT-1_V12D07-075_C1,1
TCTTCGATACCAATAA-1_V12D07-075_C1,1
TCTTCGCGGTGAGAGG-1_V12D07-075_C1,2
TCTTCTATAACCCGCC-1_V12D07-075_C1,4
TCTTGATGCGTAGCGA-1_V12D07-075_C1,1
TCTTGCTCCCGATACT-1_V12D07-075_C1,2
TCTTGGTAACACCAAA-1_V12D07-075_C1,3
TCTTTAAGACTATGAA-1_V12D07-075_C1,7
TCTTTAGAGTCTAACA-1_V12D07-075_C1,4
TCTTTAGCAGGCGAAC-1_V12D07-075_C1,3
TCTTTCCTTCGAGATA-1_V12D07-075_C1,2
TCTTTCTCTTAAGGAG-1_V12D07-075_C1,1
TGAAACTTATGCAAGC-1_V12D07-075_C1,5
TGAAAGGACCTGACTC-1_V12D07-075_C1,4
TGAACTGCTATGACTT-1_V12D07-075_C1,4
TGAAGAGCGGTCCTAG-1_V12D07-075_C1,1
TGAAGTAGCTTACGGA-1_V12D07-075_C1,1
TGAATACCGACGCGTA-1_V12D07-075_C1,2
TGAATATGCTATAAAC-1_V12D07-075_C1,3
TGAATGAGTGTTTCCC-1_V12D07-075_C1,1
TGAATGTCAGCCGGCC-1_V12D07-075_C1,7
TGACAACGCATGTCGC-1_V12D07-075_C1,3
TGACACTTCTCTTTGC-1_V12D07-075_C1,3
TGACATATATGACGAT-1_V12D07-075_C1,2
TGACATCGAGCGGACC-1_V12D07-075_C1,4
TGACATGTAACGTGAC-1_V12D07-075_C1,2
TGACCAAATCTTAAAC-1_V12D07-075_C1,2
TGACCAGCTTCAAAGT-1_V12D07-075_C1,8
TGACCCACGTTAGACA-1_V12D07-075_C1,1
TGACGATGCACTAGAA-1_V12D07-075_C1,2
TGACTATAATCCTTTC-1_V12D07-075_C1,1
TGACTCTAACTGGTAA-1_V12D07-075_C1,2
TGAGAATGCTTTACCG-1_V12D07-075_C1,8
TGAGACGTACCTCTCA-1_V12D07-075_C1,1
TGAGAGATTTACCACG-1_V12D07-075_C1,2
TGAGATCAAATACTCA-1_V12D07-075_C1,5
TGAGATTAGGCCCTAA-1_V12D07-075_C1,3
TGAGCAGTCGTGAAGT-1_V12D07-075_C1,1
TGAGCCATACAGTCTC-1_V12D07-075_C1,4
TGAGCGGAAAGTGTTC-1_V12D07-075_C1,1
TGAGCTCAACTGTATA-1_V12D07-075_C1,4
TGAGCTTTAATGACGC-1_V12D07-075_C1,8
TGAGGAGTGCCAGCTT-1_V12D07-075_C1,1
TGAGGTGTGTGGCGGA-1_V12D07-075_C1,1
TGAGTAAATTAGCGTA-1_V12D07-075_C1,1
TGAGTGCCTCTTAAAT-1_V12D07-075_C1,4
TGAGTGGTCCGTGACG-1_V12D07-075_C1,7
TGAGTTAAAGACATTC-1_V12D07-075_C1,4
TGATACATTTAGCCGT-1_V12D07-075_C1,7
TGATAGCGGGATTCTA-1_V12D07-075_C1,1
TGATCACCACACTGAC-1_V12D07-075_C1,1
TGATCCCAGCATTAGT-1_V12D07-075_C1,4
TGATCGGTTTGACCCT-1_V12D07-075_C1,9
TGATCTACGCTGATCT-1_V12D07-075_C1,3
TGATCTATCACACTCT-1_V12D07-075_C1,4
TGATCTCCGGCGCCAG-1_V12D07-075_C1,1
TGATGGCTGTTTCTGA-1_V12D07-075_C1,3
TGATGTCAATTAAGTG-1_V12D07-075_C1,2
TGATTATGGCACGCAG-1_V12D07-075_C1,3
TGATTCCCGGTTACCT-1_V12D07-075_C1,1
TGATTCGTCTATCACT-1_V12D07-075_C1,1
TGATTCTGTCGCCGGT-1_V12D07-075_C1,4
TGATTTATTAGCTGTG-1_V12D07-075_C1,1
TGATTTCCTCCTGACG-1_V12D07-075_C1,1
TGCAAAGTTCGTCTGT-1_V12D07-075_C1,1
TGCAACCCATCTGCGG-1_V12D07-075_C1,2
TGCAACTACTGGTTGA-1_V12D07-075_C1,1
TGCAAGAATGACGTAA-1_V12D07-075_C1,9
TGCAATCTAACACGGT-1_V12D07-075_C1,1
TGCAATTTGGGCACGG-1_V12D07-075_C1,3
TGCACAGTGAAGTTAT-1_V12D07-075_C1,3
TGCACGAGTCGGCAGC-1_V12D07-075_C1,1
TGCACTATGTGAGTGC-1_V12D07-075_C1,1
TGCAGAGTACCGAGCA-1_V12D07-075_C1,1
TGCAGGATCGGCAAAG-1_V12D07-075_C1,1
TGCAGTGAGGCTCGGG-1_V12D07-075_C1,3
TGCAGTTTCCTCCCAT-1_V12D07-075_C1,1
TGCATATGTCTGTCAC-1_V12D07-075_C1,4
TGCATGGATCGGATCT-1_V12D07-075_C1,5
TGCATGTGGTAATCTA-1_V12D07-075_C1,4
TGCCAATGGGTACTCT-1_V12D07-075_C1,1
TGCCACCTGGCGAAAC-1_V12D07-075_C1,6
TGCCAGTACGTGGAGA-1_V12D07-075_C1,1
TGCCATTACTAAAGAA-1_V12D07-075_C1,6
TGCCCGTACCGTTAAA-1_V12D07-075_C1,2
TGCCGAAAGCGTATTC-1_V12D07-075_C1,1
TGCCGTGGATCGTCCT-1_V12D07-075_C1,1
TGCCTAAATTTAATAG-1_V12D07-075_C1,3
TGCCTAATTGAAGATT-1_V12D07-075_C1,2
TGCCTGACATCGGTCA-1_V12D07-075_C1,1
TGCCTGATCAAACGAT-1_V12D07-075_C1,1
TGCCTTGGCCAGGCAA-1_V12D07-075_C1,1
TGCGACACCCTAGTGC-1_V12D07-075_C1,4
TGCGAGAATATTACCC-1_V12D07-075_C1,7
TGCGAGATGGCGGCCA-1_V12D07-075_C1,3
TGCGAGCCCTTCCGCG-1_V12D07-075_C1,3
TGCGATGCTAATGGCT-1_V12D07-075_C1,1
TGCGCAAAGCATTTGG-1_V12D07-075_C1,2
TGCGCCGTTAATAACG-1_V12D07-075_C1,3
TGCGCGATTAACGGAG-1_V12D07-075_C1,1
TGCGGACTTGACTCCG-1_V12D07-075_C1,2
TGCGGAGTAAAGGTGC-1_V12D07-075_C1,1
TGCGGCATAGTTCAAC-1_V12D07-075_C1,5
TGCGGTGAAATTTCAT-1_V12D07-075_C1,5
TGCGTAAGAACCTGAT-1_V12D07-075_C1,1
TGCGTACGGCTAATTG-1_V12D07-075_C1,2
TGCGTGATTGGGTGTC-1_V12D07-075_C1,1
TGCGTTTGTTGACACT-1_V12D07-075_C1,1
TGCTAAGTGTCTATTT-1_V12D07-075_C1,1
TGCTATACAAACGGAC-1_V12D07-075_C1,5
TGCTCCACAGTTCTTA-1_V12D07-075_C1,2
TGCTCGGCGAAACCCA-1_V12D07-075_C1,1
TGCTCGGTGGGTCACC-1_V12D07-075_C1,1
TGCTCTTGAGAGTTTG-1_V12D07-075_C1,2
TGCTGGTTGGACAATT-1_V12D07-075_C1,1
TGCTGTTGAAGAACTC-1_V12D07-075_C1,1
TGCTTCCCAAGCAGTA-1_V12D07-075_C1,1
TGCTTGAAACCATGCA-1_V12D07-075_C1,1
TGGAACCACTGACACA-1_V12D07-075_C1,3
TGGAAGAAGGGAACGT-1_V12D07-075_C1,1
TGGAAGACGAACACCA-1_V12D07-075_C1,5
TGGAAGGATAAAGATG-1_V12D07-075_C1,1
TGGAATATCCTTGACC-1_V12D07-075_C1,3
TGGAATTAGACGCTTT-1_V12D07-075_C1,1
TGGACACCGTTGCTTG-1_V12D07-075_C1,1
TGGACCAATCTAAGAT-1_V12D07-075_C1,2
TGGACCACGGCGTTGA-1_V12D07-075_C1,1
TGGACGTAGGCGAATC-1_V12D07-075_C1,1
TGGACTGTTCGCTCAA-1_V12D07-075_C1,4
TGGAGGGAAACACCTC-1_V12D07-075_C1,3
TGGAGTGATGCGATGA-1_V12D07-075_C1,1
TGGATAGAGTAACAGA-1_V12D07-075_C1,1
TGGCAAACTAAATTAC-1_V12D07-075_C1,1
TGGCAACTCGCGCGCC-1_V12D07-075_C1,6
TGGCAAGCACAAGTCG-1_V12D07-075_C1,1
TGGCAATGGGACGGCG-1_V12D07-075_C1,2
TGGCACGAGCTCGAGT-1_V12D07-075_C1,1
TGGCAGATTACGATCA-1_V12D07-075_C1,2
TGGCAGCAGTAATAGT-1_V12D07-075_C1,2
TGGCCAAACTGAAGTA-1_V12D07-075_C1,1
TGGCCGTATATTGACC-1_V12D07-075_C1,1
TGGCGACTGCTCCAAA-1_V12D07-075_C1,4
TGGCGATCAAGTTATG-1_V12D07-075_C1,1
TGGCGGTGTGCGATTG-1_V12D07-075_C1,9
TGGCTACACTCTACCT-1_V12D07-075_C1,2
TGGCTATGTGACATAC-1_V12D07-075_C1,1
TGGCTTGTACAAGCTT-1_V12D07-075_C1,3
TGGCTTTGGGTAGACA-1_V12D07-075_C1,5
TGGGAAATGCCTTTCC-1_V12D07-075_C1,1
TGGGACCATTGGGAGT-1_V12D07-075_C1,2
TGGGATGCACTCATTC-1_V12D07-075_C1,3
TGGGCAATAGTTGGGT-1_V12D07-075_C1,4
TGGGCACAAACAGAAC-1_V12D07-075_C1,5
TGGGCACGTTCTATGG-1_V12D07-075_C1,5
TGGGCAGGCCACCGCA-1_V12D07-075_C1,1
TGGGCCACAAGAGCGC-1_V12D07-075_C1,5
TGGGCCCATACTAATT-1_V12D07-075_C1,2
TGGGCCTTGCCTGCAT-1_V12D07-075_C1,1
TGGGCGATACAATAAG-1_V12D07-075_C1,2
TGGGTAAGGTTCCCGC-1_V12D07-075_C1,8
TGGGTGCACAAGCCAT-1_V12D07-075_C1,1
TGGGTGGGATGTCATT-1_V12D07-075_C1,3
TGGGTGTAATAGATTT-1_V12D07-075_C1,2
TGGGTTCCCGGACGGA-1_V12D07-075_C1,1
TGGTAAGCAGGATTGA-1_V12D07-075_C1,7
TGGTAGAATATATGGG-1_V12D07-075_C1,2
TGGTATCGCATCCCAA-1_V12D07-075_C1,5
TGGTATCGGTCTGTAT-1_V12D07-075_C1,5
TGGTCCCACGCTACGG-1_V12D07-075_C1,1
TGGTCGTGCAAGGCAA-1_V12D07-075_C1,7
TGGTCTAGCTTACATG-1_V12D07-075_C1,1
TGGTCTGTTGGGCGTA-1_V12D07-075_C1,1
TGGTGATCGTATTTGT-1_V12D07-075_C1,1
TGGTTAAGGGCGCTGG-1_V12D07-075_C1,3
TGGTTATGCTTGCGGT-1_V12D07-075_C1,1
TGGTTCAACGGGTAAT-1_V12D07-075_C1,1
TGGTTCGTAGCAAAGG-1_V12D07-075_C1,5
TGGTTGGAGGATCCTG-1_V12D07-075_C1,3
TGGTTTAAACGTGGGT-1_V12D07-075_C1,3
TGTAATGACCACAATA-1_V12D07-075_C1,1
TGTACCTACACGAGGG-1_V12D07-075_C1,2
TGTACGAACAAATCCG-1_V12D07-075_C1,2
TGTACTACTCTCACGG-1_V12D07-075_C1,3
TGTACTGTGCCAAAGT-1_V12D07-075_C1,5
TGTACTTCCGGGCATG-1_V12D07-075_C1,4
TGTAGCCATCCCATTC-1_V12D07-075_C1,2
TGTAGGAGAAATTTCC-1_V12D07-075_C1,4
TGTAGTGATCTATAAT-1_V12D07-075_C1,1
TGTATAACAGATCCTG-1_V12D07-075_C1,2
TGTATACGGATGATGA-1_V12D07-075_C1,3
TGTATCAGACTGAAGC-1_V12D07-075_C1,3
TGTATCCTTATTCCAT-1_V12D07-075_C1,5
TGTATGGCGCAGACAG-1_V12D07-075_C1,2
TGTATTTACCTAATGC-1_V12D07-075_C1,3
TGTCATTTGTTGGGAA-1_V12D07-075_C1,3
TGTCCACGGCTCAACT-1_V12D07-075_C1,2
TGTCCCGACATAGCAC-1_V12D07-075_C1,5
TGTCCGTGGCGCCTTT-1_V12D07-075_C1,1
TGTCCTAAGTCACCGC-1_V12D07-075_C1,1
TGTCGGCATGGTGGAA-1_V12D07-075_C1,5
TGTCTACAGTTTCTGT-1_V12D07-075_C1,1
TGTGACTACGCCAGTC-1_V12D07-075_C1,3
TGTGACTAGAGTTTGC-1_V12D07-075_C1,1
TGTGAGACTAGCCCAA-1_V12D07-075_C1,1
TGTGCCGGTGCCGGAA-1_V12D07-075_C1,2
TGTGCTTTACGTAAGA-1_V12D07-075_C1,1
TGTGGACTATCTACGT-1_V12D07-075_C1,8
TGTGGCAAAGCGTATG-1_V12D07-075_C1,7
TGTGGCGGGCTTCTGG-1_V12D07-075_C1,2
TGTGGCTCCCACCAAC-1_V12D07-075_C1,6
TGTGGTAGGGTGCCTT-1_V12D07-075_C1,6
TGTGGTTGCTAAAGCT-1_V12D07-075_C1,2
TGTGTAGTAGCACGTG-1_V12D07-075_C1,1
TGTGTCGCGAGTTGCA-1_V12D07-075_C1,1
TGTGTTCGTATCCAAG-1_V12D07-075_C1,1
TGTTATTGTATGTGGC-1_V12D07-075_C1,1
TGTTCATAAATGTGCT-1_V12D07-075_C1,1
TGTTCCGCTTCCATGA-1_V12D07-075_C1,1
TGTTCCGGCCTGAGCT-1_V12D07-075_C1,4
TGTTCGTATTGCGGTG-1_V12D07-075_C1,1
TGTTCTCATACTATAG-1_V12D07-075_C1,2
TGTTCTTCCATTGACT-1_V12D07-075_C1,1
TGTTGCCGTCGTCCCA-1_V12D07-075_C1,6
TGTTGTCAAGAAGTCT-1_V12D07-075_C1,6
TGTTTAATACTTCATC-1_V12D07-075_C1,3
TGTTTCGGTACTTCTC-1_V12D07-075_C1,5
TGTTTGAGATCGTCAG-1_V12D07-075_C1,6
TTAAACAGAGTCCCGC-1_V12D07-075_C1,5
TTAAACCGGTAGCGAC-1_V12D07-075_C1,5
TTAAACCTGGTTCCTT-1_V12D07-075_C1,1
TTAAACTCGAATTCAT-1_V12D07-075_C1,7
TTAAAGTAAGTCGCCA-1_V12D07-075_C1,2
TTAACACCTCGAACAT-1_V12D07-075_C1,1
TTAACCAACCCTCCCT-1_V12D07-075_C1,8
TTAACGAACAAGCAGT-1_V12D07-075_C1,3
TTAACGTCGCAAGACC-1_V12D07-075_C1,5
TTAACGTTAAAGCCTG-1_V12D07-075_C1,1
TTAACTCACGCGTGGA-1_V12D07-075_C1,1
TTAACTGATCGTTTGG-1_V12D07-075_C1,2
TTAAGACGAACGAACC-1_V12D07-075_C1,3
TTAAGATAGGATTGAC-1_V12D07-075_C1,2
TTAAGCCGACAACTTC-1_V12D07-075_C1,5
TTAAGCGCCTGACCCA-1_V12D07-075_C1,1
TTAAGGATACGGAGGT-1_V12D07-075_C1,9
TTAAGTATTGTTATCC-1_V12D07-075_C1,2
TTAATCAGTACGTCAG-1_V12D07-075_C1,8
TTAATGTAGACCAGGT-1_V12D07-075_C1,1
TTAATGTGTTTGCAGG-1_V12D07-075_C1,2
TTAATTGCTTTGGGTG-1_V12D07-075_C1,2
TTAATTTCAGACGCGG-1_V12D07-075_C1,3
TTACAACTACGCATCC-1_V12D07-075_C1,6
TTACACGATCTGCGAC-1_V12D07-075_C1,2
TTACAGACCTAAATGA-1_V12D07-075_C1,4
TTACATCGTGGCCTGG-1_V12D07-075_C1,1
TTACATGCCACAACTA-1_V12D07-075_C1,4
TTACCATTGATTACCC-1_V12D07-075_C1,1
TTACCCATTGCCGGGT-1_V12D07-075_C1,8
TTACCCTAACAGTCCT-1_V12D07-075_C1,1
TTACCCTAGGGATTGG-1_V12D07-075_C1,1
TTACCGCCTTAGGGAA-1_V12D07-075_C1,1
TTACGGATGGTTCGAG-1_V12D07-075_C1,7
TTACGGTGTCACCGAG-1_V12D07-075_C1,1
TTACGTATCTATGACA-1_V12D07-075_C1,2
TTACTAAAGGACTTTA-1_V12D07-075_C1,1
TTACTATCGGCTTCTC-1_V12D07-075_C1,1
TTACTCCGGCCGGGAA-1_V12D07-075_C1,2
TTACTCTGGTACGTAC-1_V12D07-075_C1,7
TTACTGGGATATTTCA-1_V12D07-075_C1,1
TTACTGTCTAGAGCTC-1_V12D07-075_C1,3
TTAGAAGAACATGACT-1_V12D07-075_C1,1
TTAGAATAAGGGTCGG-1_V12D07-075_C1,7
TTAGACACGATCGTTG-1_V12D07-075_C1,8
TTAGACGAGTCACCTC-1_V12D07-075_C1,1
TTAGAGTTTAGAAGGA-1_V12D07-075_C1,9
TTAGATAGGTCGATAC-1_V12D07-075_C1,1
TTAGCAACATGGATGT-1_V12D07-075_C1,1
TTAGCTAATACGATCT-1_V12D07-075_C1,6
TTAGCTCTGTAATCCG-1_V12D07-075_C1,1
TTAGCTGATTTGCCGT-1_V12D07-075_C1,2
TTAGGATGGGAGGGTA-1_V12D07-075_C1,3
TTAGTAAACCTGCTCT-1_V12D07-075_C1,1
TTAGTAGGGCGGCGGG-1_V12D07-075_C1,1
TTAGTTATTCGTGGCA-1_V12D07-075_C1,2
TTAGTTCAAGTGTTCG-1_V12D07-075_C1,3
TTATAGATGCACATTA-1_V12D07-075_C1,5
TTATAGGTAATTGTCT-1_V12D07-075_C1,1
TTATAGTCCAAGGTGC-1_V12D07-075_C1,3
TTATATACGCTGTCAC-1_V12D07-075_C1,4
TTATATTTGGCAATCC-1_V12D07-075_C1,3
TTATCCAATCGAACTC-1_V12D07-075_C1,1
TTATCCGGGATCTATA-1_V12D07-075_C1,1
TTATCGCCTGCGAAGC-1_V12D07-075_C1,1
TTATCTGTATCATAAC-1_V12D07-075_C1,8
TTATGAATGAAAGGGA-1_V12D07-075_C1,9
TTATGACAAACTGGAT-1_V12D07-075_C1,1
TTATGATCTTAACGAA-1_V12D07-075_C1,2
TTATGCGTCCCGGTCC-1_V12D07-075_C1,5
TTATGTTTGCGATAGA-1_V12D07-075_C1,1
TTATTAGAGCGTGTTC-1_V12D07-075_C1,1
TTATTAGGGAAGCATC-1_V12D07-075_C1,1
TTATTATCTGGAAGGC-1_V12D07-075_C1,6
TTATTTAGGTTCCTTA-1_V12D07-075_C1,2
TTCAAAGTCTCTAGCC-1_V12D07-075_C1,2
TTCAACGACCCGACCG-1_V12D07-075_C1,1
TTCAAGCCGAGCTGAG-1_V12D07-075_C1,5
TTCAATACTCTGAATC-1_V12D07-075_C1,4
TTCAATTAGCCATAAT-1_V12D07-075_C1,5
TTCACGAAAGGATCAC-1_V12D07-075_C1,2
TTCACTCGAGCACCTA-1_V12D07-075_C1,1
TTCACTTCCTAGAACG-1_V12D07-075_C1,1
TTCAGAGTAACCTGAC-1_V12D07-075_C1,1
TTCAGCCCTGGTCCAC-1_V12D07-075_C1,2
TTCAGCTGGCGTGCCC-1_V12D07-075_C1,2
TTCAGTTTGTGGCAGC-1_V12D07-075_C1,1
TTCATAGCCTTGTAAC-1_V12D07-075_C1,1
TTCATAGGGTGTCCAT-1_V12D07-075_C1,1
TTCATGGCGCAACAGG-1_V12D07-075_C1,8
TTCCAATCAGAGCTAG-1_V12D07-075_C1,4
TTCCAATCTGGCTATC-1_V12D07-075_C1,7
TTCCACACAGATTTGA-1_V12D07-075_C1,7
TTCCAGACGAGATTTA-1_V12D07-075_C1,6
TTCCATCATGCGGTGA-1_V12D07-075_C1,3
TTCCATCGACAGCGTG-1_V12D07-075_C1,1
TTCCGCAGAGAAATAT-1_V12D07-075_C1,3
TTCCGCGTGAGGCGAT-1_V12D07-075_C1,2
TTCCGGCCTTGAGGCT-1_V12D07-075_C1,7
TTCCGGCTCGACTTCT-1_V12D07-075_C1,3
TTCCGGTATCTGTGTC-1_V12D07-075_C1,3
TTCCGGTTACCCACTT-1_V12D07-075_C1,1
TTCCTCGAGGGTGTCT-1_V12D07-075_C1,5
TTCCTCGGACTAACCA-1_V12D07-075_C1,1
TTCCTCTGCCCGAATA-1_V12D07-075_C1,1
TTCCTTTCTGTGTTGC-1_V12D07-075_C1,1
TTCGACAGAGCCCGTG-1_V12D07-075_C1,1
TTCGACGGGAAGGGCG-1_V12D07-075_C1,1
TTCGCACTCGCGTGCT-1_V12D07-075_C1,9
TTCGCACTGTACGACA-1_V12D07-075_C1,1
TTCGCATCCGGAAGCA-1_V12D07-075_C1,1
TTCGCGCGCCATACGA-1_V12D07-075_C1,7
TTCGCTAGGAAGTTGT-1_V12D07-075_C1,3
TTCGCTATCTGACGTG-1_V12D07-075_C1,6
TTCGGACTGATGCCTT-1_V12D07-075_C1,3
TTCGGCAACCCGCTGA-1_V12D07-075_C1,6
TTCGGCTAGAGATGGT-1_V12D07-075_C1,1
TTCGGGACTAATCGCG-1_V12D07-075_C1,1
TTCGGGTTGCCACGGG-1_V12D07-075_C1,2
TTCGGTACTGTAGAGG-1_V12D07-075_C1,2
TTCGGTGGAGACGCCC-1_V12D07-075_C1,6
TTCGTAATCCCAGCGG-1_V12D07-075_C1,6
TTCGTACTCCAGAACG-1_V12D07-075_C1,1
TTCGTTCAACGAAGTT-1_V12D07-075_C1,3
TTCTAACCGAAGCTTA-1_V12D07-075_C1,4
TTCTACCTTTATGTTG-1_V12D07-075_C1,3
TTCTACTTGCGAGGGC-1_V12D07-075_C1,1
TTCTAGAAAGTCTTAT-1_V12D07-075_C1,7
TTCTAGGCCAATTGTG-1_V12D07-075_C1,1
TTCTATGCCTTTCGCA-1_V12D07-075_C1,6
TTCTATTAAACGCAGC-1_V12D07-075_C1,2
TTCTGACCGGGCTCAA-1_V12D07-075_C1,1
TTCTGCCGCGCCTAGA-1_V12D07-075_C1,1
TTCTGCGAGCGCCCTT-1_V12D07-075_C1,1
TTCTGCGGGTTAGCGG-1_V12D07-075_C1,1
TTCTGCTAGACTCCAA-1_V12D07-075_C1,3
TTCTGTTTCCTGTCGC-1_V12D07-075_C1,1
TTCTTAGTGAACGGTG-1_V12D07-075_C1,1
TTCTTAGTGGCTCAGA-1_V12D07-075_C1,6
TTCTTATCCGCTGGGT-1_V12D07-075_C1,2
TTCTTGAGCCGCGCTA-1_V12D07-075_C1,7
TTCTTGCTAGCATCTC-1_V12D07-075_C1,1
TTCTTGGAGTAATGAG-1_V12D07-075_C1,8
TTCTTGTAACCTAATG-1_V12D07-075_C1,1
TTCTTGTGTCCATCAG-1_V12D07-075_C1,1
TTCTTTGGTCGCGACG-1_V12D07-075_C1,6
TTGAAACCCTCATTCC-1_V12D07-075_C1,4
TTGAAAGGTGTAAAGG-1_V12D07-075_C1,3
TTGAACGAATCCTTTG-1_V12D07-075_C1,1
TTGAACGACGTGCTGA-1_V12D07-075_C1,1
TTGAAGAATTCCCAGG-1_V12D07-075_C1,1
TTGAATATGGACTTTC-1_V12D07-075_C1,2
TTGAATTCACGTGAGG-1_V12D07-075_C1,4
TTGACAGGAGCTCCCG-1_V12D07-075_C1,2
TTGACATGAACGTGGA-1_V12D07-075_C1,7
TTGACCAGGAACAACT-1_V12D07-075_C1,1
TTGACCATGTTCTCCG-1_V12D07-075_C1,3
TTGACCGTGTTAATGA-1_V12D07-075_C1,7
TTGACGATTCAGCACG-1_V12D07-075_C1,5
TTGACGCTCCATGAGC-1_V12D07-075_C1,2
TTGACTACCATATGGT-1_V12D07-075_C1,1
TTGACTATTGTCCGGC-1_V12D07-075_C1,2
TTGAGAAGTTTAGCAT-1_V12D07-075_C1,1
TTGAGAGTACTGCTAA-1_V12D07-075_C1,4
TTGAGCAGCCCACGGT-1_V12D07-075_C1,6
TTGAGCGCCACGTGAT-1_V12D07-075_C1,3
TTGAGGCATTTAACTC-1_V12D07-075_C1,3
TTGAGTCCCGCTGCTG-1_V12D07-075_C1,3
TTGATAGTCAATACAT-1_V12D07-075_C1,3
TTGATCTAACTTTGTC-1_V12D07-075_C1,1
TTGATGTGTAGTCCCG-1_V12D07-075_C1,6
TTGATTAGCTGTTTCT-1_V12D07-075_C1,7
TTGATTATGCAGATGA-1_V12D07-075_C1,1
TTGCAAGAAGACTCCT-1_V12D07-075_C1,4
TTGCACAATTCAGAAA-1_V12D07-075_C1,2
TTGCACGGAGCAGCAC-1_V12D07-075_C1,8
TTGCATGCTGATCACG-1_V12D07-075_C1,1
TTGCCAAGCAGAACCC-1_V12D07-075_C1,6
TTGCCCTGATCACGGG-1_V12D07-075_C1,1
TTGCCGCTTTCTAGTA-1_V12D07-075_C1,2
TTGCCGGTGATCCCTC-1_V12D07-075_C1,3
TTGCCTTCTCGCCGGG-1_V12D07-075_C1,1
TTGCGCTCTCTCGCTT-1_V12D07-075_C1,1
TTGCGCTTGATCAATA-1_V12D07-075_C1,1
TTGCGGCATCAGAAAG-1_V12D07-075_C1,7
TTGCGTAGTTTGAGGA-1_V12D07-075_C1,1
TTGCGTCGGCCAACCG-1_V12D07-075_C1,7
TTGCGTGAACGCTTAG-1_V12D07-075_C1,3
TTGCGTGTGTAGGCAT-1_V12D07-075_C1,1
TTGCTCATAGTACGTG-1_V12D07-075_C1,1
TTGCTCCCATACCGGA-1_V12D07-075_C1,9
TTGCTGAAGGAACCAC-1_V12D07-075_C1,8
TTGCTGATCATGTTCG-1_V12D07-075_C1,1
TTGCTGCACCTATCCA-1_V12D07-075_C1,1
TTGCTGGCCGGGCTTC-1_V12D07-075_C1,3
TTGGACATGTGGCTTA-1_V12D07-075_C1,4
TTGGACCATCTGGCAA-1_V12D07-075_C1,2
TTGGACCTATAACAGT-1_V12D07-075_C1,1
TTGGAGTCTCCCTTCT-1_V12D07-075_C1,9
TTGGATATCGTCTACG-1_V12D07-075_C1,4
TTGGATCGACTTCTGG-1_V12D07-075_C1,5
TTGGATTGGGTACCAC-1_V12D07-075_C1,3
TTGGCCATCTTGCGCT-1_V12D07-075_C1,1
TTGGCCTAGAATTTCG-1_V12D07-075_C1,8
TTGGCGATCCGAATAT-1_V12D07-075_C1,3
TTGGCTCAATATGTGT-1_V12D07-075_C1,2
TTGGCTCGCATGAGAC-1_V12D07-075_C1,1
TTGGGAAGACGAGCCG-1_V12D07-075_C1,2
TTGGGACACTGCCCGC-1_V12D07-075_C1,1
TTGGGACGTAAGAGTT-1_V12D07-075_C1,2
TTGGGCGGCGGTTGCC-1_V12D07-075_C1,1
TTGGTATGGCTTGTGT-1_V12D07-075_C1,3
TTGGTCACACTCGTAA-1_V12D07-075_C1,4
TTGGTTCGCTCAAAGG-1_V12D07-075_C1,3
TTGTAAGGACCTAAGT-1_V12D07-075_C1,7
TTGTAAGGCCAGTTGG-1_V12D07-075_C1,4
TTGTAATCCGTACTCG-1_V12D07-075_C1,1
TTGTATCACACAGAAT-1_V12D07-075_C1,5
TTGTCGTTCAGTTACC-1_V12D07-075_C1,3
TTGTGAACCTAATCCG-1_V12D07-075_C1,2
TTGTGATCTGTTCAGT-1_V12D07-075_C1,2
TTGTGCAGCCACGTCA-1_V12D07-075_C1,1
TTGTGGCCCTGACAGT-1_V12D07-075_C1,8
TTGTGGTGGTACTAAG-1_V12D07-075_C1,2
TTGTGTATGCCACCAA-1_V12D07-075_C1,9
TTGTGTTTCCCGAAAG-1_V12D07-075_C1,1
TTGTTAGCAAATTCGA-1_V12D07-075_C1,1
TTGTTCAGTGTGCTAC-1_V12D07-075_C1,1
TTGTTCTAGATACGCT-1_V12D07-075_C1,1
TTGTTGTGTGTCAAGA-1_V12D07-075_C1,1
TTGTTTCACATCCAGG-1_V12D07-075_C1,7
TTGTTTCCATACAACT-1_V12D07-075_C1,7
TTGTTTGTGTAAATTC-1_V12D07-075_C1,5
