key,cluster
AAACAAGTATCTCCCA-1_V12D07-075_C1,2
AAACAGAGCGACTCCT-1_V12D07-075_C1,1
AAACATTTCCCGGATT-1_V12D07-075_C1,2
AAACCCGAACGAAATC-1_V12D07-075_C1,1
AAACCGGAAATGTTAA-1_V12D07-075_C1,5
AAACCGGGTAGGTACC-1_V12D07-075_C1,6
AAACCGTTCGTCCAGG-1_V12D07-075_C1,6
AAACCTAAGCAGCCGG-1_V12D07-075_C1,2
AAACCTCATGAAGTTG-1_V12D07-075_C1,7
AAACGAAGAACATACC-1_V12D07-075_C1,4
AAACGAGACGGTTGAT-1_V12D07-075_C1,2
AAACGCTGGGCACGAC-1_V12D07-075_C1,2
AAACGGGCGTACGGGT-1_V12D07-075_C1,2
AAACGGTTGCGAACTG-1_V12D07-075_C1,2
AAACGTGTTCGCCCTA-1_V12D07-075_C1,1
AAACTAACGTGGCGAC-1_V12D07-075_C1,1
AAACTCGGTTCGCAAT-1_V12D07-075_C1,2
AAACTCGTGATATAAG-1_V12D07-075_C1,1
AAACTGCTGGCTCCAA-1_V12D07-075_C1,2
AAAGAATGTGGACTAA-1_V12D07-075_C1,2
AAAGACCCAAGTCGCG-1_V12D07-075_C1,4
AAAGACTGGGCGCTTT-1_V12D07-075_C1,7
AAAGCTTGCCTACATA-1_V12D07-075_C1,1
AAAGGCTACGGACCAT-1_V12D07-075_C1,2
AAAGGCTCTCGCGCCG-1_V12D07-075_C1,2
AAAGGGATGTAGCAAG-1_V12D07-075_C1,2
AAAGGGCAGCTTGAAT-1_V12D07-075_C1,3
AAAGGTAAGCTGTACC-1_V12D07-075_C1,1
AAAGTCACTGATGTAA-1_V12D07-075_C1,4
AAAGTCGACCCTCAGT-1_V12D07-075_C1,7
AAAGTGCCATCAATTA-1_V12D07-075_C1,2
AAAGTGTGATTTATCT-1_V12D07-075_C1,2
AAAGTTGACTCCCGTA-1_V12D07-075_C1,2
AAATAACCATACGGGA-1_V12D07-075_C1,5
AAATAAGGTAGTGCCC-1_V12D07-075_C1,1
AAATACCTATAAGCAT-1_V12D07-075_C1,2
AAATAGCTTAGACTTT-1_V12D07-075_C1,5
AAATAGGGTGCTATTG-1_V12D07-075_C1,2
AAATCGTGTACCACAA-1_V12D07-075_C1,2
AAATCTAGCCCTGCTA-1_V12D07-075_C1,2
AAATGATTCGATCAGC-1_V12D07-075_C1,1
AAATGCTCGTTACGTT-1_V12D07-075_C1,3
AAATGGCATGTCTTGT-1_V12D07-075_C1,4
AAATGGTCAATGTGCC-1_V12D07-075_C1,7
AAATTAACGGGTAGCT-1_V12D07-075_C1,2
AAATTAATAAGCGCGA-1_V12D07-075_C1,7
AAATTACACGACTCTG-1_V12D07-075_C1,5
AAATTACCTATCGATG-1_V12D07-075_C1,5
AAATTCCAGGTCCAAA-1_V12D07-075_C1,1
AAATTGGTGAGAAGCA-1_V12D07-075_C1,1
AAATTTACCGAAATCC-1_V12D07-075_C1,1
AAATTTGCGGGTGTGG-1_V12D07-075_C1,6
AACAACTGGTAGTTGC-1_V12D07-075_C1,7
AACAATTACTCTACGC-1_V12D07-075_C1,7
AACACACGCTCGCCGC-1_V12D07-075_C1,2
AACACGACTGTACTGA-1_V12D07-075_C1,4
AACACGCGGCCGCGAA-1_V12D07-075_C1,4
AACAGGAAATCGAATA-1_V12D07-075_C1,4
AACAGGATGGGCCGCG-1_V12D07-075_C1,7
AACAGGTAGTATGGAT-1_V12D07-075_C1,6
AACATATCAACTGGTG-1_V12D07-075_C1,6
AACATCGATACGTCTA-1_V12D07-075_C1,1
AACATTGTGACTCGAG-1_V12D07-075_C1,2
AACCAAGACTTCTCTG-1_V12D07-075_C1,7
AACCAGTATCACTCTT-1_V12D07-075_C1,1
AACCATGGGATCGCTA-1_V12D07-075_C1,7
AACCCAGAGACGGAGA-1_V12D07-075_C1,4
AACCCGAGCAGAATCG-1_V12D07-075_C1,2
AACCCTACTGTCAATA-1_V12D07-075_C1,2
AACCCTGGTGGAACCA-1_V12D07-075_C1,4
AACCGAGCTTGGTCAT-1_V12D07-075_C1,2
AACCGCTAAGGGATGC-1_V12D07-075_C1,2
AACCGTTGTGTTTGCT-1_V12D07-075_C1,4
AACCTCGCTTTAGCCC-1_V12D07-075_C1,2
AACCTGTCACGGAATT-1_V12D07-075_C1,1
AACCTTTAAATACGGT-1_V12D07-075_C1,2
AACCTTTACGACGTCT-1_V12D07-075_C1,5
AACGATAATGCCGTAG-1_V12D07-075_C1,2
AACGATAGAAGGGCCG-1_V12D07-075_C1,4
AACGATATGTCAACTG-1_V12D07-075_C1,5
AACGCATGATCTGGGT-1_V12D07-075_C1,1
AACGCGAACGGCAACA-1_V12D07-075_C1,7
AACGCGACCTTGGGCG-1_V12D07-075_C1,2
AACGCGGTCTCCAGCC-1_V12D07-075_C1,2
AACGCTGTTGCTGAAA-1_V12D07-075_C1,2
AACGGACGTACGTATA-1_V12D07-075_C1,2
AACGGCCATCTCCGGT-1_V12D07-075_C1,6
AACGTACTGTGGGTAC-1_V12D07-075_C1,6
AACGTCAGACTAGTGG-1_V12D07-075_C1,7
AACGTGATGAAGGACA-1_V12D07-075_C1,1
AACGTGCGAAAGTCTC-1_V12D07-075_C1,2
AACGTTATCAGCACCT-1_V12D07-075_C1,7
AACTACCCGTTTGTCA-1_V12D07-075_C1,5
AACTAGGCTTGGGTGT-1_V12D07-075_C1,2
AACTCAAGTTAATTGC-1_V12D07-075_C1,7
AACTCCAGAGCGTGTT-1_V12D07-075_C1,2
AACTCCTAATCCCATG-1_V12D07-075_C1,1
AACTCGATGGCGCAGT-1_V12D07-075_C1,4
AACTCTCAATAGAGCG-1_V12D07-075_C1,6
AACTCTCAGTGTGCTC-1_V12D07-075_C1,6
AACTGAGGTCAGCGTC-1_V12D07-075_C1,1
AACTGAGTTATACTGA-1_V12D07-075_C1,5
AACTGATATTAGGCCT-1_V12D07-075_C1,4
AACTGGGTCCCGACGT-1_V12D07-075_C1,4
AACTGGTGTGGGCCTT-1_V12D07-075_C1,4
AACTTCTGCGTCTATC-1_V12D07-075_C1,7
AACTTGCCCGTATGCA-1_V12D07-075_C1,7
AACTTGCGTTCTCGCG-1_V12D07-075_C1,7
AACTTTACGGGAGCTT-1_V12D07-075_C1,7
AAGAAGGATCAGTTAG-1_V12D07-075_C1,7
AAGACATACGTGGTTT-1_V12D07-075_C1,2
AAGACCCAACTGAACA-1_V12D07-075_C1,2
AAGACTGCAAGCTACT-1_V12D07-075_C1,2
AAGAGATGAATCGGTA-1_V12D07-075_C1,7
AAGAGCTCTTTATCGG-1_V12D07-075_C1,2
AAGAGGATGTACGCGA-1_V12D07-075_C1,6
AAGAGGCATGGATCGC-1_V12D07-075_C1,2
AAGAGGCCCTTTGGAA-1_V12D07-075_C1,2
AAGATTGGCGGAACGT-1_V12D07-075_C1,5
AAGCACCCTGCGTATC-1_V12D07-075_C1,2
AAGCATACTCTCCTGA-1_V12D07-075_C1,2
AAGCCGAAGCGGTTTA-1_V12D07-075_C1,2
AAGCCGGAGAGCAGGA-1_V12D07-075_C1,2
AAGCGCAGGGCTTTGA-1_V12D07-075_C1,2
AAGCGGCGTCATGGGT-1_V12D07-075_C1,1
AAGCTAGATCGAGTAA-1_V12D07-075_C1,2
AAGCTCGTGCCAAGTC-1_V12D07-075_C1,2
AAGCTCTTTCATGGTG-1_V12D07-075_C1,2
AAGGAGCGGTTGGTGC-1_V12D07-075_C1,7
AAGGATCGATCGCTTG-1_V12D07-075_C1,2
AAGGATGAGGGACCTC-1_V12D07-075_C1,6
AAGGCAGGCTGTCTCC-1_V12D07-075_C1,1
AAGGCGCGTAAAGCTT-1_V12D07-075_C1,7
AAGGCTGTGCTCATCG-1_V12D07-075_C1,7
AAGGGACAGATTCTGT-1_V12D07-075_C1,5
AAGGTATCCTAATATA-1_V12D07-075_C1,5
AAGGTGATAAACCAGC-1_V12D07-075_C1,2
AAGTAGAAGACCGGGT-1_V12D07-075_C1,7
AAGTAGTGACGCGAGG-1_V12D07-075_C1,7
AAGTCAATTGTCGTCA-1_V12D07-075_C1,2
AAGTCTTCTGTGGCCT-1_V12D07-075_C1,7
AAGTGACGACCGAATT-1_V12D07-075_C1,6
AAGTGAGTCGGGTTTA-1_V12D07-075_C1,2
AAGTGCAAAGGTAGAC-1_V12D07-075_C1,7
AAGTGCCTTGACTGTA-1_V12D07-075_C1,2
AAGTGTTTGGAGACGG-1_V12D07-075_C1,2
AAGTTCACTCCAAGCT-1_V12D07-075_C1,2
AAGTTCAGTCTGCGTA-1_V12D07-075_C1,1
AAGTTCGGCCAACAGG-1_V12D07-075_C1,6
AAGTTGTGATGTTATA-1_V12D07-075_C1,3
AAGTTTACTAATGGCA-1_V12D07-075_C1,4
AAGTTTATGGGCCCAA-1_V12D07-075_C1,2
AATAACAACGCTCGGC-1_V12D07-075_C1,7
AATAACACTAGAACAA-1_V12D07-075_C1,6
AATAAGTCCTCGAGAC-1_V12D07-075_C1,4
AATAATCTTCGTATCG-1_V12D07-075_C1,5
AATACAATGTTTCAGG-1_V12D07-075_C1,7
AATAGAACAGAGTGGC-1_V12D07-075_C1,6
AATAGAATCTGTTTCA-1_V12D07-075_C1,2
AATAGCAAGCCTCCTG-1_V12D07-075_C1,1
AATAGCTACCGCGTGC-1_V12D07-075_C1,1
AATAGTCCGTCCCGAC-1_V12D07-075_C1,2
AATAGTCGCGAGTCGG-1_V12D07-075_C1,7
AATATCAAGGTCGGAT-1_V12D07-075_C1,4
AATATCGAATCAATGC-1_V12D07-075_C1,6
AATATCGAGGGTTCTC-1_V12D07-075_C1,6
AATATTGGAGTATTGA-1_V12D07-075_C1,7
AATCAGACTGCAGGAC-1_V12D07-075_C1,7
AATCATGTAAAGACTC-1_V12D07-075_C1,2
AATCCAAGGGCCTGAG-1_V12D07-075_C1,4
AATCCATGCAAGGGTG-1_V12D07-075_C1,4
AATCGCCTCAGCGCCA-1_V12D07-075_C1,2
AATCGCGCAGAGGACT-1_V12D07-075_C1,1
AATCGGGACACTACGA-1_V12D07-075_C1,4
AATCGGTATAGCCCTC-1_V12D07-075_C1,6
AATCGTGAGCCGAGCA-1_V12D07-075_C1,2
AATCTATGCCGGAGCC-1_V12D07-075_C1,1
AATCTCTACTGTGGTT-1_V12D07-075_C1,6
AATCTGCGTTGGGACG-1_V12D07-075_C1,6
AATGACAGCAATGTCT-1_V12D07-075_C1,6
AATGACGTAGGATGTC-1_V12D07-075_C1,2
AATGACTGTCAGCCGG-1_V12D07-075_C1,7
AATGAGTTCGCATATG-1_V12D07-075_C1,7
AATGATGATACGCTAT-1_V12D07-075_C1,5
AATGATGCGACTCCTG-1_V12D07-075_C1,5
AATGCAACCGGGTACC-1_V12D07-075_C1,7
AATGCACCAAGCAATG-1_V12D07-075_C1,5
AATGGTCCACCGTTCA-1_V12D07-075_C1,7
AATGGTTCTCACAAGC-1_V12D07-075_C1,7
AATGTTGTCGTGAGAC-1_V12D07-075_C1,2
AATTAAAGGTCGGCGT-1_V12D07-075_C1,7
AATTAACGGATTTCCA-1_V12D07-075_C1,2
AATTACTCGTACGCTC-1_V12D07-075_C1,7
AATTAGCGCTGCAGCG-1_V12D07-075_C1,2
AATTCATAAGGGATCT-1_V12D07-075_C1,5
AATTCCAAGCATGTAC-1_V12D07-075_C1,2
AATTCGATTCGAGGAT-1_V12D07-075_C1,2
AATTCTAGAGTTAGGC-1_V12D07-075_C1,2
AATTGAACGCTCTGGT-1_V12D07-075_C1,2
AATTGCAGCAATCGAC-1_V12D07-075_C1,2
AATTGTGGTTGCCAAA-1_V12D07-075_C1,2
AATTTGGGACATAGTA-1_V12D07-075_C1,1
AATTTGGTTCCAAAGA-1_V12D07-075_C1,4
ACAAAGCATGACCTAG-1_V12D07-075_C1,2
ACAAATCGCACCGAAT-1_V12D07-075_C1,2
ACAAATGGTAGTGTTT-1_V12D07-075_C1,2
ACAAATTCAGATCTGA-1_V12D07-075_C1,1
ACAACAGCATGAGCTA-1_V12D07-075_C1,2
ACAACGGTCCCTGCGA-1_V12D07-075_C1,7
ACAAGCAGTGCCTAGC-1_V12D07-075_C1,7
ACAAGCTATATGGAAG-1_V12D07-075_C1,7
ACAAGGAAATCCGCCC-1_V12D07-075_C1,2
ACAAGGACAAGAGGTT-1_V12D07-075_C1,7
ACAAGGATGCTTTAGG-1_V12D07-075_C1,2
ACAAGGGCAGGCTCTG-1_V12D07-075_C1,2
ACAATCCATTTAAACC-1_V12D07-075_C1,7
ACAATGATTCTTCTAC-1_V12D07-075_C1,1
ACAATTGTGTCTCTTT-1_V12D07-075_C1,2
ACAATTTAGGAGGCTC-1_V12D07-075_C1,7
ACAATTTGAGCAGTGG-1_V12D07-075_C1,6
ACAATTTGGCCATATT-1_V12D07-075_C1,1
ACACAAAGACGGGTGG-1_V12D07-075_C1,7
ACACACCAGGACCAGT-1_V12D07-075_C1,2
ACACACTTTCTACACG-1_V12D07-075_C1,4
ACACATTGACGCAACA-1_V12D07-075_C1,7
ACACCACATAATTAGC-1_V12D07-075_C1,1
ACACCCAGCATGCAGC-1_V12D07-075_C1,5
ACACCCGAGAAATCCG-1_V12D07-075_C1,7
ACACCGAGCGCTCTTT-1_V12D07-075_C1,7
ACACCTTAAGTAGGGC-1_V12D07-075_C1,7
ACACCTTACTACTTGC-1_V12D07-075_C1,1
ACACGAGACTCCTTCT-1_V12D07-075_C1,2
ACACGGCACTATGCAT-1_V12D07-075_C1,4
ACACGGGAACTTAGGG-1_V12D07-075_C1,2
ACACGTAGGCCACAAG-1_V12D07-075_C1,2
ACACTCCAATGTCACT-1_V12D07-075_C1,7
ACACTGATCAAGGTGT-1_V12D07-075_C1,6
ACACTGGGACAGTCGT-1_V12D07-075_C1,2
ACAGATTAGGTTAGTG-1_V12D07-075_C1,4
ACAGCATAGAGCCAGT-1_V12D07-075_C1,4
ACAGCGACATTCTCAT-1_V12D07-075_C1,2
ACAGCGCACCCGCAGC-1_V12D07-075_C1,1
ACAGGCACGGATCCTT-1_V12D07-075_C1,2
ACAGGCTTGCCCGACT-1_V12D07-075_C1,2
ACAGGTGGAGGTGAGG-1_V12D07-075_C1,6
ACAGGTGTGTTGTTGC-1_V12D07-075_C1,7
ACAGTATACCGTGGGA-1_V12D07-075_C1,1
ACATAATAAGGCGGTG-1_V12D07-075_C1,5
ACATCAGCTGGGACGC-1_V12D07-075_C1,7
ACATCCCGGCCATACG-1_V12D07-075_C1,2
ACATCCTGGTAACTGT-1_V12D07-075_C1,2
ACATCGATCGTTTACC-1_V12D07-075_C1,2
ACATCGGTCAGCCGCG-1_V12D07-075_C1,7
ACATCGTATGCAATGG-1_V12D07-075_C1,2
ACATCGTTAACCTAGT-1_V12D07-075_C1,4
ACATGGCGCCAAAGTA-1_V12D07-075_C1,6
ACATGGCTCAATTTAG-1_V12D07-075_C1,7
ACATTAGTTTATATCC-1_V12D07-075_C1,2
ACCAAACACCCAGCGA-1_V12D07-075_C1,1
ACCAACACCACACACT-1_V12D07-075_C1,1
ACCAACCGCACTCCAC-1_V12D07-075_C1,2
ACCAACGCTTATTTAT-1_V12D07-075_C1,6
ACCAAGAACGCGTGTC-1_V12D07-075_C1,3
ACCAAGTCATCGGCAG-1_V12D07-075_C1,2
ACCAATATGCAAGTTA-1_V12D07-075_C1,2
ACCACAACTCAGAACA-1_V12D07-075_C1,1
ACCACAAGTTTCTATC-1_V12D07-075_C1,7
ACCACCAATGTAACAA-1_V12D07-075_C1,6
ACCACCCTCTCTTCTA-1_V12D07-075_C1,1
ACCACGTGCAGCTATA-1_V12D07-075_C1,2
ACCACTGTTCAAGAAG-1_V12D07-075_C1,7
ACCAGACCATAACAAC-1_V12D07-075_C1,7
ACCAGCCCGGTCTTTG-1_V12D07-075_C1,4
ACCAGTGCCCGGTCAA-1_V12D07-075_C1,1
ACCAGTGCGGGAGACG-1_V12D07-075_C1,2
ACCATATCCGCAATAA-1_V12D07-075_C1,2
ACCATCGTATATGGTA-1_V12D07-075_C1,7
ACCATTAAGGGTGTCA-1_V12D07-075_C1,7
ACCCAACGCCCGTGGC-1_V12D07-075_C1,6
ACCCACCTACATGCTC-1_V12D07-075_C1,7
ACCCATCTTGAGGGTA-1_V12D07-075_C1,7
ACCCATTTGTCCCTCT-1_V12D07-075_C1,2
ACCCGGAAACTCCCAG-1_V12D07-075_C1,2
ACCCGGAGCACCACAA-1_V12D07-075_C1,2
ACCCGGATGACGCATC-1_V12D07-075_C1,6
ACCCGGTTACACTTCC-1_V12D07-075_C1,7
ACCCGTAGTCTAGTTG-1_V12D07-075_C1,2
ACCCGTGTCATCAGTA-1_V12D07-075_C1,2
ACCCTATAGGACTGAG-1_V12D07-075_C1,7
ACCCTATGCCATATCG-1_V12D07-075_C1,6
ACCCTCCCGTCAGGGC-1_V12D07-075_C1,2
ACCCTCCCTTGCTATT-1_V12D07-075_C1,2
ACCCTGGTAACGCCCT-1_V12D07-075_C1,1
ACCCTTCATCTGCGAA-1_V12D07-075_C1,4
ACCCTTTAGTTCTCCA-1_V12D07-075_C1,2
ACCGAAAGGGCCCTGC-1_V12D07-075_C1,4
ACCGACACATCTCCCA-1_V12D07-075_C1,2
ACCGACTGAGTCCCAC-1_V12D07-075_C1,2
ACCGATAGGCATAACC-1_V12D07-075_C1,2
ACCGATATTTAATCAT-1_V12D07-075_C1,5
ACCGATGGTAGCATCG-1_V12D07-075_C1,6
ACCGCAATAACTGCCT-1_V12D07-075_C1,2
ACCGCGGTGGAAGTCG-1_V12D07-075_C1,6
ACCGGGCCTTTGTTGA-1_V12D07-075_C1,2
ACCGTTCCCGCTCTGA-1_V12D07-075_C1,4
ACCTAATCGACTTCCT-1_V12D07-075_C1,7
ACCTACAGTATGTGGT-1_V12D07-075_C1,1
ACCTACTATAAATCTA-1_V12D07-075_C1,2
ACCTCCGCCCTCGCTG-1_V12D07-075_C1,2
ACCTCCGTTATTCACC-1_V12D07-075_C1,1
ACGAAATGGGCGGCAC-1_V12D07-075_C1,7
ACGACCCATGAGTTGC-1_V12D07-075_C1,2
ACGACTCTAGGGCCGA-1_V12D07-075_C1,2
ACGAGAACCCATCACG-1_V12D07-075_C1,4
ACGAGATATTTGCTTA-1_V12D07-075_C1,1
ACGAGTACGGATGCCC-1_V12D07-075_C1,6
ACGATACATAGAACTA-1_V12D07-075_C1,5
ACGATACCTATCCTGA-1_V12D07-075_C1,7
ACGATCATACATAGAG-1_V12D07-075_C1,2
ACGATCATCTTGTAAA-1_V12D07-075_C1,6
ACGATGCATATGTTAT-1_V12D07-075_C1,7
ACGATGGATCCGATGC-1_V12D07-075_C1,4
ACGCAAACTAATAGAT-1_V12D07-075_C1,2
ACGCAATCACTACAGC-1_V12D07-075_C1,1
ACGCATAAATGACATG-1_V12D07-075_C1,1
ACGCATACGTTTACTA-1_V12D07-075_C1,2
ACGCATTCGTGAGTAC-1_V12D07-075_C1,2
ACGCCAGATGATTTCT-1_V12D07-075_C1,4
ACGCCAGTGCGTTTGC-1_V12D07-075_C1,6
ACGCCGCTAGACGACC-1_V12D07-075_C1,2
ACGCGAAGTCAGACGA-1_V12D07-075_C1,2
ACGCGCTACACAGGGT-1_V12D07-075_C1,6
ACGCGGGCCAAGGACA-1_V12D07-075_C1,2
ACGCGTTTCTTAAGAG-1_V12D07-075_C1,7
ACGCTAGTGATACACT-1_V12D07-075_C1,6
ACGCTGTGAGGCGTAG-1_V12D07-075_C1,6
ACGGAATTTAGCAAAT-1_V12D07-075_C1,7
ACGGACTCTCAAAGCG-1_V12D07-075_C1,2
ACGGAGCGCAAATTAC-1_V12D07-075_C1,1
ACGGATGGTGCGGATA-1_V12D07-075_C1,2
ACGGCACTTGCTTGGG-1_V12D07-075_C1,2
ACGGCCAACATGGACT-1_V12D07-075_C1,6
ACGGCGACGATGGGAA-1_V12D07-075_C1,2
ACGGCGGGTTGCCCTG-1_V12D07-075_C1,4
ACGGGCGTATGCGACA-1_V12D07-075_C1,1
ACGGGTCATGTGACTT-1_V12D07-075_C1,7
ACGGTACAGTTCAATG-1_V12D07-075_C1,2
ACGTACAGATTTCTCT-1_V12D07-075_C1,4
ACGTAGATTGCTGATG-1_V12D07-075_C1,2
ACGTAGGAGAGTCGCT-1_V12D07-075_C1,6
ACGTATTACTCCGATC-1_V12D07-075_C1,2
ACGTGCGCCTCGTGCA-1_V12D07-075_C1,4
ACGTTAATGTCGAAGA-1_V12D07-075_C1,2
ACGTTAGATTTGCCCG-1_V12D07-075_C1,7
ACGTTATTGGTCACTC-1_V12D07-075_C1,7
ACGTTCCGCGCTCCGT-1_V12D07-075_C1,4
ACGTTCGCAATCAATT-1_V12D07-075_C1,1
ACGTTCGTTCAGGAAA-1_V12D07-075_C1,6
ACGTTCTGTACAAGTC-1_V12D07-075_C1,2
ACGTTTAGTTGTGATC-1_V12D07-075_C1,4
ACTAATACGTCAGGCG-1_V12D07-075_C1,1
ACTACCAGCTCTCTGG-1_V12D07-075_C1,7
ACTACGCGTTAGAATT-1_V12D07-075_C1,2
ACTAGTTGCGATCGTC-1_V12D07-075_C1,2
ACTATATGCTGTGTTC-1_V12D07-075_C1,1
ACTATCCAGGGCATGG-1_V12D07-075_C1,3
ACTATCGCCGGCTAAA-1_V12D07-075_C1,7
ACTATCTGCCCGCGTA-1_V12D07-075_C1,2
ACTATTCGTCCGTGGT-1_V12D07-075_C1,4
ACTATTTCCGGGCCCA-1_V12D07-075_C1,6
ACTCAACGAATGTATT-1_V12D07-075_C1,4
ACTCAAGTGCAAGGCT-1_V12D07-075_C1,2
ACTCAATAAAGGCACG-1_V12D07-075_C1,2
ACTCAGACCTGCTTCT-1_V12D07-075_C1,4
ACTCCCGAATTCGTTT-1_V12D07-075_C1,5
ACTCCCTAATGCTAAA-1_V12D07-075_C1,2
ACTCCCTAGAATAGTA-1_V12D07-075_C1,2
ACTCCGGCCGACCACT-1_V12D07-075_C1,2
ACTCGATGTATTTCAT-1_V12D07-075_C1,7
ACTCGCCGTTCGATAA-1_V12D07-075_C1,2
ACTCGCGATCTGACGC-1_V12D07-075_C1,1
ACTCGTCAGTAATCCC-1_V12D07-075_C1,2
ACTCTAAACCTGGGAT-1_V12D07-075_C1,7
ACTCTCTGACTTAGGT-1_V12D07-075_C1,2
ACTCTCTTATACACGA-1_V12D07-075_C1,1
ACTCTGACCTAATAGA-1_V12D07-075_C1,2
ACTCTTCAGCTCCCGC-1_V12D07-075_C1,1
ACTCTTGTATAGTAAC-1_V12D07-075_C1,2
ACTGAAACGCCGTTAG-1_V12D07-075_C1,2
ACTGAATGGCGAAAGT-1_V12D07-075_C1,2
ACTGCCGTCGTAACTC-1_V12D07-075_C1,4
ACTGCGGACACACCGT-1_V12D07-075_C1,1
ACTGTACGATACACAT-1_V12D07-075_C1,2
ACTGTAGCACTTTGGA-1_V12D07-075_C1,7
ACTGTATACGCGAGCA-1_V12D07-075_C1,4
ACTGTCCAGGATTATA-1_V12D07-075_C1,7
ACTGTCTTCTTTAGAA-1_V12D07-075_C1,2
ACTGTGCTAGTAGATC-1_V12D07-075_C1,7
ACTTACCGGGCGCGCA-1_V12D07-075_C1,1
ACTTACGCATCCACGC-1_V12D07-075_C1,2
ACTTAGTACGACAAGA-1_V12D07-075_C1,7
ACTTATACTTACCCGG-1_V12D07-075_C1,2
ACTTATTAGGATCGGT-1_V12D07-075_C1,2
ACTTATTTATGTGCCA-1_V12D07-075_C1,2
ACTTCAGGCTGATCCC-1_V12D07-075_C1,2
ACTTCCATGCGGGACA-1_V12D07-075_C1,2
ACTTCGCCATACGCAC-1_V12D07-075_C1,2
ACTTCGCTAGCGAGTG-1_V12D07-075_C1,1
ACTTGACTCCCTCTTT-1_V12D07-075_C1,2
ACTTGGGACCCGGTGG-1_V12D07-075_C1,7
ACTTGTGGATGGAACG-1_V12D07-075_C1,2
ACTTTACCCTCATGAA-1_V12D07-075_C1,5
ACTTTCCTATAGCTTC-1_V12D07-075_C1,2
ACTTTGACTGCATCCT-1_V12D07-075_C1,6
ACTTTGTCGACGCACT-1_V12D07-075_C1,2
AGAAATTATGACTCGC-1_V12D07-075_C1,2
AGAACCCAGCGTGACA-1_V12D07-075_C1,1
AGAACGTGGTACATTC-1_V12D07-075_C1,6
AGAAGAGCGCCGTTCC-1_V12D07-075_C1,2
AGAAGGTTGCCGAATT-1_V12D07-075_C1,7
AGAAGGTTGTAGGTCG-1_V12D07-075_C1,2
AGAATAAATCTTCAGG-1_V12D07-075_C1,7
AGAATGCGGGTTCGGA-1_V12D07-075_C1,1
AGAATTATGGATTCGA-1_V12D07-075_C1,6
AGAATTGTTTGACATA-1_V12D07-075_C1,3
AGACAGCTCAGAATCC-1_V12D07-075_C1,7
AGACAGGCATCTCAGC-1_V12D07-075_C1,5
AGACATAGATCCTTCC-1_V12D07-075_C1,4
AGACCATGGGATACAA-1_V12D07-075_C1,7
AGACCCACCGCTGATC-1_V12D07-075_C1,2
AGACCCGCCCTCCTCG-1_V12D07-075_C1,7
AGACCGCTCCGCGGTT-1_V12D07-075_C1,2
AGACGAAGTGCCGGTC-1_V12D07-075_C1,2
AGACGCCCACTTCGCC-1_V12D07-075_C1,2
AGACGGGCCGATTTAA-1_V12D07-075_C1,1
AGACTAGCCTTCCAGA-1_V12D07-075_C1,7
AGACTGTTACCGGGTC-1_V12D07-075_C1,6
AGAGAACCGTCTAGGA-1_V12D07-075_C1,5
AGAGCAGTTATGAGAC-1_V12D07-075_C1,7
AGAGCCGCCGAGATTT-1_V12D07-075_C1,2
AGAGCGGGCTAATCAT-1_V12D07-075_C1,4
AGAGCGTACAAGCTCG-1_V12D07-075_C1,7
AGAGCTACGAAAGCAT-1_V12D07-075_C1,7
AGAGGCTTCGGAAACC-1_V12D07-075_C1,2
AGAGGGACAATTGTCC-1_V12D07-075_C1,1
AGAGTAAACTTCACTA-1_V12D07-075_C1,2
AGAGTATAGTGTTACG-1_V12D07-075_C1,1
AGAGTTAGAGACCGAT-1_V12D07-075_C1,1
AGATAACTTCAGGGCC-1_V12D07-075_C1,7
AGATACCAATAGAACC-1_V12D07-075_C1,2
AGATACCAGCACTTCA-1_V12D07-075_C1,1
AGATACCGGTGTTCAC-1_V12D07-075_C1,7
AGATACGACTTCATAT-1_V12D07-075_C1,7
AGATACTCAAGATCGA-1_V12D07-075_C1,2
AGATATAATACGACTA-1_V12D07-075_C1,2
AGATCGTGCATAAGAT-1_V12D07-075_C1,5
AGATCTCAGGTGTGAT-1_V12D07-075_C1,2
AGATGACTCGCCCACG-1_V12D07-075_C1,5
AGATGAGGGTTGCGAT-1_V12D07-075_C1,1
AGATGATGGAGTCTGG-1_V12D07-075_C1,5
AGATGCTATAACGAGC-1_V12D07-075_C1,7
AGATTATAGGACGTTT-1_V12D07-075_C1,2
AGCAAAGGCCGCTAGT-1_V12D07-075_C1,2
AGCAACATATCTTATT-1_V12D07-075_C1,2
AGCACCAGTACTCACG-1_V12D07-075_C1,2
AGCACTACCGGCCTGT-1_V12D07-075_C1,7
AGCACTACCTCACCAG-1_V12D07-075_C1,2
AGCACTTAAGGACGCC-1_V12D07-075_C1,7
AGCAGAAGGAGAAAGA-1_V12D07-075_C1,2
AGCAGCCAGATGAATA-1_V12D07-075_C1,2
AGCATATCAATATGCT-1_V12D07-075_C1,2
AGCATCGTCGATAATT-1_V12D07-075_C1,5
AGCATTACGAGGCAAG-1_V12D07-075_C1,2
AGCCAAGCTTTGTGTC-1_V12D07-075_C1,2
AGCCACAGGTTACCCG-1_V12D07-075_C1,2
AGCCACTCCCGTGCTT-1_V12D07-075_C1,5
AGCCATATAGTATGTG-1_V12D07-075_C1,6
AGCCCATACATGTAAG-1_V12D07-075_C1,6
AGCCCGCAACAAGCAG-1_V12D07-075_C1,2
AGCCCGGTAGCCTGTA-1_V12D07-075_C1,6
AGCCCTAAGCGAAGTT-1_V12D07-075_C1,4
AGCCCTGTCGCACCGT-1_V12D07-075_C1,1
AGCCCTTCTAATCCGA-1_V12D07-075_C1,1
AGCCCTTGGACATCCC-1_V12D07-075_C1,2
AGCCGCAAATTCAAAT-1_V12D07-075_C1,7
AGCCGCTTGATTAGCG-1_V12D07-075_C1,7
AGCCTTAAAGCGGAAG-1_V12D07-075_C1,3
AGCGACAGGAACGGTC-1_V12D07-075_C1,6
AGCGACATCCCATTCA-1_V12D07-075_C1,4
AGCGACCAACGATATT-1_V12D07-075_C1,7
AGCGATGCGCCTAATA-1_V12D07-075_C1,2
AGCGCATAATGAATCG-1_V12D07-075_C1,2
AGCGCGGGTGCCAATG-1_V12D07-075_C1,5
AGCGCTAGAGCGATGT-1_V12D07-075_C1,1
AGCGCTTATGGGCAAG-1_V12D07-075_C1,1
AGCGGACACTTCGTAG-1_V12D07-075_C1,2
AGCGGGAAGGGTCCAT-1_V12D07-075_C1,4
AGCGGGTCTGACACTC-1_V12D07-075_C1,2
AGCGGTTGCCGCTCTG-1_V12D07-075_C1,1
AGCGTACGAGAGCTAG-1_V12D07-075_C1,4
AGCGTCTGAACCCGCA-1_V12D07-075_C1,4
AGCGTGGTATTCTACT-1_V12D07-075_C1,2
AGCTAAGTACGCAGGC-1_V12D07-075_C1,2
AGCTAGAAGCAGAAGT-1_V12D07-075_C1,5
AGCTATTTAATCCAAC-1_V12D07-075_C1,4
AGCTCCATATATGTTC-1_V12D07-075_C1,2
AGCTCCTTCGCACATC-1_V12D07-075_C1,2
AGCTCTAGACGTTCCA-1_V12D07-075_C1,6
AGCTCTTCCCAGTGCA-1_V12D07-075_C1,5
AGCTCTTCGTAACCTT-1_V12D07-075_C1,6
AGCTCTTTACTCAGTT-1_V12D07-075_C1,7
AGCTGAAGTAAACCAA-1_V12D07-075_C1,5
AGCTTATAGAGACCTG-1_V12D07-075_C1,4
AGCTTCTTCTCGAGCA-1_V12D07-075_C1,2
AGCTTGATCTTAACTT-1_V12D07-075_C1,6
AGGAACGAACGACTTC-1_V12D07-075_C1,2
AGGAAGCTGTCCGCCG-1_V12D07-075_C1,2
AGGACAGTCGAATCCC-1_V12D07-075_C1,2
AGGACATCGCACGTCG-1_V12D07-075_C1,3
AGGACATCGGCACACT-1_V12D07-075_C1,2
AGGACGACCCATTAGA-1_V12D07-075_C1,7
AGGACGCTCGATGTTG-1_V12D07-075_C1,1
AGGACTTATAGGAGAA-1_V12D07-075_C1,7
AGGAGACATCCACAGT-1_V12D07-075_C1,1
AGGAGGCCTTCGCGCG-1_V12D07-075_C1,2
AGGATAAAGTCGGGAT-1_V12D07-075_C1,2
AGGATATAGGGATTTA-1_V12D07-075_C1,2
AGGATATCCGACTGCA-1_V12D07-075_C1,6
AGGATTGCTTACGACA-1_V12D07-075_C1,1
AGGCACGTGACTGTCC-1_V12D07-075_C1,2
AGGCAGATGCGTAAAC-1_V12D07-075_C1,5
AGGCAGGGAGCGTACT-1_V12D07-075_C1,6
AGGCATTGTCGTAGGG-1_V12D07-075_C1,2
AGGCCACATTGGTTAC-1_V12D07-075_C1,1
AGGCCACCCGTTATGA-1_V12D07-075_C1,7
AGGCCCAGTGACTGGT-1_V12D07-075_C1,7
AGGCCCATTGTACAGG-1_V12D07-075_C1,3
AGGCCTGAGAATCTCG-1_V12D07-075_C1,2
AGGCGATAACTGGCGT-1_V12D07-075_C1,2
AGGCGTCTATGGACGG-1_V12D07-075_C1,1
AGGCTATGGTTAGCTT-1_V12D07-075_C1,7
AGGCTTCCCGAAGAAG-1_V12D07-075_C1,6
AGGCTTGCTAGACACC-1_V12D07-075_C1,3
AGGGAAACGAGGTACT-1_V12D07-075_C1,1
AGGGACCGGCTGCGTT-1_V12D07-075_C1,1
AGGGACTCTACGCGAC-1_V12D07-075_C1,6
AGGGAGACATACTTCG-1_V12D07-075_C1,1
AGGGCAGCGGCGTGGT-1_V12D07-075_C1,4
AGGGCCCTAATGTTCT-1_V12D07-075_C1,2
AGGGCGTGATCGGCTA-1_V12D07-075_C1,4
AGGGCTGCAGTTACAG-1_V12D07-075_C1,2
AGGGTCAGTAACCCTA-1_V12D07-075_C1,1
AGGGTCGATGCGAACT-1_V12D07-075_C1,6
AGGGTCTGGACGCAGT-1_V12D07-075_C1,6
AGGGTGCTCTCGAGGG-1_V12D07-075_C1,6
AGGGTGGATAGTGCAT-1_V12D07-075_C1,7
AGGGTTCCCTTTGGTT-1_V12D07-075_C1,6
AGGGTTTAGTTCGGGA-1_V12D07-075_C1,2
AGGTAACCTCCTATTC-1_V12D07-075_C1,4
AGGTACGATATTGCCA-1_V12D07-075_C1,4
AGGTAGGTACAAAGCT-1_V12D07-075_C1,7
AGGTATAATTGATAGT-1_V12D07-075_C1,5
AGGTATGCGGACATTA-1_V12D07-075_C1,1
AGGTCGCCTCCCAACA-1_V12D07-075_C1,2
AGGTCGCGGAGTTACT-1_V12D07-075_C1,1
AGGTGCACGTCCACAT-1_V12D07-075_C1,2
AGGTGGTGACCTTCGC-1_V12D07-075_C1,2
AGGTGTATCGCCATGA-1_V12D07-075_C1,6
AGGTGTTGCCGACCAC-1_V12D07-075_C1,2
AGGTTACACCATGCCG-1_V12D07-075_C1,1
AGGTTGAGGCACGCTT-1_V12D07-075_C1,5
AGGTTTCACACACCTT-1_V12D07-075_C1,2
AGTAACGTTCATCCTG-1_V12D07-075_C1,1
AGTAACTATAGCAGCC-1_V12D07-075_C1,6
AGTAATGTCTTGCCGC-1_V12D07-075_C1,4
AGTACATCATTTATCA-1_V12D07-075_C1,1
AGTACCTTCGAGTGCT-1_V12D07-075_C1,1
AGTACGGCCCGTATCG-1_V12D07-075_C1,7
AGTACGGGCACCTGGC-1_V12D07-075_C1,5
AGTACGTGGCCTGTCT-1_V12D07-075_C1,1
AGTACTCTTATGCCCA-1_V12D07-075_C1,2
AGTAGAAGGCGCCTCA-1_V12D07-075_C1,2
AGTAGGAAGGAAGTTG-1_V12D07-075_C1,1
AGTAGGTAACATACAT-1_V12D07-075_C1,4
AGTATAATACTAGGCA-1_V12D07-075_C1,7
AGTATACACAGCGACA-1_V12D07-075_C1,2
AGTATTTGGCACGACC-1_V12D07-075_C1,6
AGTCAACACCACCATC-1_V12D07-075_C1,7
AGTCAAGATGACACTT-1_V12D07-075_C1,2
AGTCACTAGCTCTCGA-1_V12D07-075_C1,2
AGTCAGCCACCGCCTG-1_V12D07-075_C1,7
AGTCCATTGGCTGATG-1_V12D07-075_C1,2
AGTCCCGCCTTTAATT-1_V12D07-075_C1,5
AGTCCCTCGCAGAAAG-1_V12D07-075_C1,1
AGTCGACGGTCTCAAG-1_V12D07-075_C1,2
AGTCGGCCCAAACGAC-1_V12D07-075_C1,7
AGTCGGTTGCGTGAGA-1_V12D07-075_C1,1
AGTCGTATAAAGCAGA-1_V12D07-075_C1,2
AGTCGTCGACCACCAA-1_V12D07-075_C1,2
AGTCTAAAGTATACTC-1_V12D07-075_C1,1
AGTCTGGACATCCTTG-1_V12D07-075_C1,7
AGTCTTCTCCTCAAAT-1_V12D07-075_C1,2
AGTCTTTAAAGTGTCC-1_V12D07-075_C1,2
AGTGAACAAACTTCTC-1_V12D07-075_C1,2
AGTGAAGATGGTGTCC-1_V12D07-075_C1,1
AGTGACCTACTTTACG-1_V12D07-075_C1,2
AGTGAGACTTCCAGTA-1_V12D07-075_C1,2
AGTGAGCCTCGCCGCC-1_V12D07-075_C1,6
AGTGAGGGTTTCTGAC-1_V12D07-075_C1,1
AGTGAGTCGAATTAAC-1_V12D07-075_C1,2
AGTGATAACCTGCGCG-1_V12D07-075_C1,2
AGTGATATGAGTAGTT-1_V12D07-075_C1,2
AGTGATTCAAGCAGGA-1_V12D07-075_C1,6
AGTGCACGCTTAAGAA-1_V12D07-075_C1,2
AGTGCGTAGCTCGTAA-1_V12D07-075_C1,6
AGTGCTAAACACAGCA-1_V12D07-075_C1,2
AGTGCTTGCACGAATA-1_V12D07-075_C1,2
AGTGGCGGCAATTTGA-1_V12D07-075_C1,5
AGTGGCGTCTGAAGGT-1_V12D07-075_C1,2
AGTGGCTCCGTCGGCC-1_V12D07-075_C1,6
AGTGGGAGTATACACG-1_V12D07-075_C1,7
AGTGGTTGCGTATAGG-1_V12D07-075_C1,7
AGTGTATTGCGCATTG-1_V12D07-075_C1,6
AGTGTGCTAAGATCGC-1_V12D07-075_C1,7
AGTGTGGTCTATTGTG-1_V12D07-075_C1,7
AGTTAAACACTTGCGA-1_V12D07-075_C1,7
AGTTAAGCGGTCCCGG-1_V12D07-075_C1,5
AGTTACCCTTAAGACT-1_V12D07-075_C1,7
AGTTACCGCACATGGT-1_V12D07-075_C1,7
AGTTACTCTATCGTGG-1_V12D07-075_C1,5
AGTTCACCGGTTGGAC-1_V12D07-075_C1,7
AGTTCCTACAGAATTA-1_V12D07-075_C1,7
AGTTCCTATTTATGTT-1_V12D07-075_C1,2
AGTTCTGCGTTGTATC-1_V12D07-075_C1,7
AGTTGACATCGGCTGG-1_V12D07-075_C1,4
AGTTGACGGTCCTTGC-1_V12D07-075_C1,2
AGTTGCTGACTGATAT-1_V12D07-075_C1,7
AGTTGGCAAGGCTAGA-1_V12D07-075_C1,2
AGTTTATGTAAAGACA-1_V12D07-075_C1,1
AGTTTCGCAGGTCGGA-1_V12D07-075_C1,4
AGTTTGCACCTGCCTC-1_V12D07-075_C1,2
AGTTTGGCACGGGTTG-1_V12D07-075_C1,2
AGTTTGGCCAGACCTA-1_V12D07-075_C1,6
ATAAACGGACCCGTAA-1_V12D07-075_C1,2
ATAAACGTTGCACCAC-1_V12D07-075_C1,2
ATAAAGGCTCGGTCGT-1_V12D07-075_C1,7
ATAAAGGTCAAGTACG-1_V12D07-075_C1,1
ATAAATATTAGCAGCT-1_V12D07-075_C1,7
ATAACGCCGGAGGGTC-1_V12D07-075_C1,2
ATAACGGAGTCCAACG-1_V12D07-075_C1,6
ATAACGTTACCTCCAC-1_V12D07-075_C1,1
ATAAGGTGGAGAACAT-1_V12D07-075_C1,2
ATAAGTACCCGATTGT-1_V12D07-075_C1,1
ATAAGTAGGATTCAGA-1_V12D07-075_C1,6
ATAAGTAGGGCGACTC-1_V12D07-075_C1,5
ATAAGTTACCGCGACG-1_V12D07-075_C1,2
ATAATACCGTTAGCCG-1_V12D07-075_C1,7
ATAATAGCTGTTGAAT-1_V12D07-075_C1,2
ATAATAGTGTAGGGAC-1_V12D07-075_C1,7
ATAATCTTGGAGAACC-1_V12D07-075_C1,2
ATAATTAGCTAAGTAG-1_V12D07-075_C1,2
ATACAGGCCCTCCAAT-1_V12D07-075_C1,2
ATACCACGGGCAACTT-1_V12D07-075_C1,7
ATACCAGGCTAATAGA-1_V12D07-075_C1,4
ATACCGTCATCCATAA-1_V12D07-075_C1,1
ATACCTAACCAAGAAA-1_V12D07-075_C1,2
ATACGAAGGCTTTCCA-1_V12D07-075_C1,1
ATACGCCGGCGAAACC-1_V12D07-075_C1,2
ATACGGGTTTCGATTG-1_V12D07-075_C1,5
ATACGGTGAAGATGCA-1_V12D07-075_C1,7
ATACGTACTTAGCCAC-1_V12D07-075_C1,2
ATACGTCCACTCCTGT-1_V12D07-075_C1,2
ATACGTTATGCACGGA-1_V12D07-075_C1,2
ATACTACCCGTACCAC-1_V12D07-075_C1,2
ATACTAGCATGACCCT-1_V12D07-075_C1,5
ATACTCTCGCCACTCT-1_V12D07-075_C1,4
ATACTGCCTTACACCG-1_V12D07-075_C1,2
ATACTTGTTCTCGAGC-1_V12D07-075_C1,7
ATAGACAACGGGACCT-1_V12D07-075_C1,6
ATAGACGAAGAGAAAG-1_V12D07-075_C1,7
ATAGAGTACTGGGACA-1_V12D07-075_C1,7
ATAGAGTTATCAACTT-1_V12D07-075_C1,5
ATAGCAACTAGGGAAG-1_V12D07-075_C1,2
ATAGCCTCAGTACCCA-1_V12D07-075_C1,7
ATAGCTGCTCTTGTTA-1_V12D07-075_C1,7
ATAGGAATCTAAGCTT-1_V12D07-075_C1,1
ATAGGCGGCTATAGAA-1_V12D07-075_C1,6
ATAGGCTAGCTTCGCA-1_V12D07-075_C1,5
ATAGGGATATCCTTGA-1_V12D07-075_C1,5
ATAGGTTGGGCAGATG-1_V12D07-075_C1,2
ATAGTCTTTGACGTGC-1_V12D07-075_C1,4
ATAGTGAAGCGTTCTC-1_V12D07-075_C1,2
ATAGTTCCACCCACTC-1_V12D07-075_C1,6
ATATAAAGCGCTCGTG-1_V12D07-075_C1,2
ATATAAATGTAGCTGC-1_V12D07-075_C1,2
ATATAACACGGGCGCA-1_V12D07-075_C1,2
ATATACGCTCGTGACG-1_V12D07-075_C1,2
ATATCAACCTACAGAG-1_V12D07-075_C1,5
ATATCGGTAGGGAGAT-1_V12D07-075_C1,5
ATATCGTTCCTCGAAC-1_V12D07-075_C1,2
ATATCTCCCTCGTTAA-1_V12D07-075_C1,5
ATATCTTAGGGCCTTC-1_V12D07-075_C1,2
ATATGGGATAGCAACT-1_V12D07-075_C1,2
ATATGTCTCCCTAGCC-1_V12D07-075_C1,6
ATATGTGCACAAACCA-1_V12D07-075_C1,1
ATATTATCCCGTATTT-1_V12D07-075_C1,7
ATATTCAGTTAAACCT-1_V12D07-075_C1,6
ATATTCCACATAGTGA-1_V12D07-075_C1,2
ATATTCCCACAGGTCA-1_V12D07-075_C1,4
ATATTGCTGTCAAAGT-1_V12D07-075_C1,7
ATATTGGAGAGGCCTT-1_V12D07-075_C1,2
ATATTTAACCCTCAAG-1_V12D07-075_C1,7
ATCAAACACTGTTCCA-1_V12D07-075_C1,2
ATCAAACGAAGGTTTG-1_V12D07-075_C1,6
ATCAATCTGGGCTGCA-1_V12D07-075_C1,2
ATCACATTAGAATATC-1_V12D07-075_C1,5
ATCACGTGCTAATTAA-1_V12D07-075_C1,6
ATCACTTCATCCTCGC-1_V12D07-075_C1,5
ATCAGACGGCACGCCG-1_V12D07-075_C1,6
ATCAGCCTCATGCTGC-1_V12D07-075_C1,2
ATCAGGTAGCTGACAG-1_V12D07-075_C1,1
ATCAGGTCGCCATTGC-1_V12D07-075_C1,1
ATCAGTAGGCAGGGAT-1_V12D07-075_C1,5
ATCATAGCCCTATGTA-1_V12D07-075_C1,2
ATCATCCAATATTTGT-1_V12D07-075_C1,2
ATCATGGACTACCGAC-1_V12D07-075_C1,1
ATCCAACGCAGTCATA-1_V12D07-075_C1,7
ATCCAATGGAGGGTCC-1_V12D07-075_C1,6
ATCCAATGGTACCGAA-1_V12D07-075_C1,7
ATCCACATCGACAGAA-1_V12D07-075_C1,2
ATCCACGCTAAATGTT-1_V12D07-075_C1,1
ATCCACTTTCAGACTA-1_V12D07-075_C1,1
ATCCAGAGCAACAACC-1_V12D07-075_C1,6
ATCCAGGATTCGTGAA-1_V12D07-075_C1,7
ATCCCATTTCCGTGGG-1_V12D07-075_C1,2
ATCCGGACCAGCCTGA-1_V12D07-075_C1,2
ATCCTACCTAAGCTCT-1_V12D07-075_C1,2
ATCCTGAATCGCTGCG-1_V12D07-075_C1,7
ATCCTGCGTGGAATGG-1_V12D07-075_C1,6
ATCCTGCTGCAGATAG-1_V12D07-075_C1,4
ATCCTTCTGAAAGAAC-1_V12D07-075_C1,5
ATCGACCCAATACAGA-1_V12D07-075_C1,2
ATCGACTCTTTCCGTT-1_V12D07-075_C1,7
ATCGCACGCCGGGAGA-1_V12D07-075_C1,7
ATCGCCAGTCAACATT-1_V12D07-075_C1,2
ATCGCTGCGTGCAGCA-1_V12D07-075_C1,1
ATCGCTTTACGTCTCA-1_V12D07-075_C1,1
ATCGGAGACAGACGGC-1_V12D07-075_C1,2
ATCGGCAAGCAGTCCA-1_V12D07-075_C1,5
ATCGGTTACCTAGTAA-1_V12D07-075_C1,7
ATCGTATTCCGAGAAC-1_V12D07-075_C1,7
ATCGTCCAATCGAGTC-1_V12D07-075_C1,3
ATCGTTAGCTAGCGGA-1_V12D07-075_C1,2
ATCGTTCACTTTCGCC-1_V12D07-075_C1,1
ATCTAACGTCCCTATG-1_V12D07-075_C1,7
ATCTAATATCCTACGG-1_V12D07-075_C1,2
ATCTACCATCTGCTCC-1_V12D07-075_C1,2
ATCTAGCTTGTGAGGG-1_V12D07-075_C1,2
ATCTCCCACGGAATAT-1_V12D07-075_C1,2
ATCTCCCTGCAATCTA-1_V12D07-075_C1,4
ATCTCGTGAGCGAAAC-1_V12D07-075_C1,5
ATCTGATAGTGTCTTA-1_V12D07-075_C1,7
ATCTGCACCTCTGCGA-1_V12D07-075_C1,6
ATCTGCTGTTATCGCC-1_V12D07-075_C1,2
ATCTGGGCTGTTCTTG-1_V12D07-075_C1,2
ATCTGGTTAAGACTGT-1_V12D07-075_C1,6
ATCTGTAATTGTACCC-1_V12D07-075_C1,4
ATCTTATCGCACACCC-1_V12D07-075_C1,2
ATCTTGACCTGCAACG-1_V12D07-075_C1,7
ATCTTGACTTGTCCAA-1_V12D07-075_C1,5
ATCTTTCGTATAACCA-1_V12D07-075_C1,1
ATGAAGCCAAGGAGCC-1_V12D07-075_C1,7
ATGAAGTGGACCCAGC-1_V12D07-075_C1,7
ATGACGCCGGCTCTAA-1_V12D07-075_C1,4
ATGACTATGCGACATT-1_V12D07-075_C1,2
ATGAGGAGTGTTAATC-1_V12D07-075_C1,7
ATGAGGGCAGCGGCTA-1_V12D07-075_C1,1
ATGATCGGGAATAGAC-1_V12D07-075_C1,4
ATGATGCAATGGTACA-1_V12D07-075_C1,2
ATGCACCTTCCTTAAT-1_V12D07-075_C1,7
ATGCACTACCGCATTG-1_V12D07-075_C1,7
ATGCATGATCCAGGAT-1_V12D07-075_C1,2
ATGCCAATCGCTCTGC-1_V12D07-075_C1,1
ATGCCATTTGCGACCA-1_V12D07-075_C1,2
ATGCCGGTCTTGCATA-1_V12D07-075_C1,2
ATGCCGGTTGATGGGA-1_V12D07-075_C1,5
ATGCGACAATTGGTCC-1_V12D07-075_C1,1
ATGCGACAGTCCCATT-1_V12D07-075_C1,2
ATGCGAGTCCCACCAC-1_V12D07-075_C1,2
ATGCTCAGTGTTGCAT-1_V12D07-075_C1,3
ATGCTCTGGCGCGGTA-1_V12D07-075_C1,2
ATGCTTAGGAGTTGAT-1_V12D07-075_C1,2
ATGGAACCTTTGCACA-1_V12D07-075_C1,1
ATGGAGCAGGCCGTGA-1_V12D07-075_C1,2
ATGGATCCGGCGTCCG-1_V12D07-075_C1,5
ATGGATTGACCAAACG-1_V12D07-075_C1,2
ATGGCAGCCGAGAAAC-1_V12D07-075_C1,7
ATGGCGGAATAGTCGC-1_V12D07-075_C1,1
ATGGCTGGAAATGGCC-1_V12D07-075_C1,1
ATGGGCCTCGGCCTCT-1_V12D07-075_C1,2
ATGGTCGCGTGGTTTC-1_V12D07-075_C1,2
ATGGTTACGAAACATG-1_V12D07-075_C1,1
ATGTAAGGCTGCTCTT-1_V12D07-075_C1,1
ATGTACATGCGGTGAG-1_V12D07-075_C1,2
ATGTACGATGACGTCG-1_V12D07-075_C1,2
ATGTAGCGCGCGTAGG-1_V12D07-075_C1,2
ATGTCATTTCCCATTG-1_V12D07-075_C1,7
ATGTGCATCCGACGCA-1_V12D07-075_C1,7
ATGTGGACATCTTGAT-1_V12D07-075_C1,2
ATGTTACGAGCAATAC-1_V12D07-075_C1,7
ATGTTCCTGCCCACCT-1_V12D07-075_C1,7
ATGTTCGTCGACCCAC-1_V12D07-075_C1,7
ATGTTGATTAGAGACT-1_V12D07-075_C1,2
ATGTTGTAGTCTGTTT-1_V12D07-075_C1,2
ATGTTTCGGCCCGGAG-1_V12D07-075_C1,1
ATTAAACATGCGGACC-1_V12D07-075_C1,2
ATTAACACCTGAGATA-1_V12D07-075_C1,7
ATTAATACTACGCGGG-1_V12D07-075_C1,2
ATTAATGAACCAGTCG-1_V12D07-075_C1,5
ATTAATTCGGTCACTC-1_V12D07-075_C1,4
ATTACAACTACCGGCC-1_V12D07-075_C1,5
ATTACATGTCAGTCTT-1_V12D07-075_C1,2
ATTACCACACTGCCTG-1_V12D07-075_C1,5
ATTACGACTCCACAGT-1_V12D07-075_C1,1
ATTACGCGCTGGCAGG-1_V12D07-075_C1,6
ATTACTAGCCTCTTGC-1_V12D07-075_C1,7
ATTACTTACTGGGCAT-1_V12D07-075_C1,5
ATTAGATTCCTCAGCA-1_V12D07-075_C1,1
ATTAGATTGATAGCGG-1_V12D07-075_C1,4
ATTAGGCGATGCTTTC-1_V12D07-075_C1,2
ATTATACTTTGCTCGT-1_V12D07-075_C1,5
ATTATAGCTACTTTAC-1_V12D07-075_C1,1
ATTATCGGAATGTACG-1_V12D07-075_C1,2
ATTATCTCGACAGATC-1_V12D07-075_C1,4
ATTATGCCATAGGGAG-1_V12D07-075_C1,5
ATTATTCAGAGTCACT-1_V12D07-075_C1,2
ATTCAAAGTACCTGTT-1_V12D07-075_C1,7
ATTCAACCATTTAAGG-1_V12D07-075_C1,2
ATTCACTGATGTTGGA-1_V12D07-075_C1,2
ATTCAGGACCTATTTC-1_V12D07-075_C1,5
ATTCAGTAGCAGGGTC-1_V12D07-075_C1,7
ATTCATATACTGTCCA-1_V12D07-075_C1,2
ATTCATCGTTGAGGCA-1_V12D07-075_C1,2
ATTCCCACATAAACAA-1_V12D07-075_C1,7
ATTCCTAAGACGTGGA-1_V12D07-075_C1,1
ATTCCTCCGCCAGTGC-1_V12D07-075_C1,7
ATTCCTTCCAGGCGGT-1_V12D07-075_C1,7
ATTCGACGCCGGGCCT-1_V12D07-075_C1,7
ATTCGCGCCTTGAGAG-1_V12D07-075_C1,2
ATTCGTGCTATCTCTT-1_V12D07-075_C1,1
ATTCTCGTCTCTTTAG-1_V12D07-075_C1,4
ATTCTGAGTATGAACT-1_V12D07-075_C1,1
ATTCTTCGTACTTATG-1_V12D07-075_C1,1
ATTGAAGATCTTAGTG-1_V12D07-075_C1,7
ATTGACCGGCGATGAC-1_V12D07-075_C1,1
ATTGACGTAACTCGGT-1_V12D07-075_C1,4
ATTGATAGCAACGAGA-1_V12D07-075_C1,7
ATTGATGAGTCCTAAC-1_V12D07-075_C1,6
ATTGCCTTTATGTTTG-1_V12D07-075_C1,2
ATTGCGATCAGTAACT-1_V12D07-075_C1,2
ATTGCTGCTCCTCCAT-1_V12D07-075_C1,7
ATTGGATTACAGCGTA-1_V12D07-075_C1,2
ATTGGGAATATCTTGG-1_V12D07-075_C1,4
ATTGGGAGTTCTGTAA-1_V12D07-075_C1,1
ATTGGTAGGATCCGCT-1_V12D07-075_C1,7
ATTGGTTGTGCATTAC-1_V12D07-075_C1,2
ATTGTACAACTCGGCT-1_V12D07-075_C1,5
ATTGTCGCAATACCTT-1_V12D07-075_C1,5
ATTGTCTGTTTCATGT-1_V12D07-075_C1,6
ATTGTGACTTCGCTGC-1_V12D07-075_C1,1
ATTGTTCAACGATCCG-1_V12D07-075_C1,5
ATTTAACTCGTATTAC-1_V12D07-075_C1,4
ATTTACAGTTTACTGG-1_V12D07-075_C1,7
ATTTACTAAGTCCATT-1_V12D07-075_C1,1
ATTTCATTATTTCGCG-1_V12D07-075_C1,5
ATTTGTCTTGGGAGCT-1_V12D07-075_C1,2
ATTTGTTCCAGGGCTC-1_V12D07-075_C1,5
CAAACCAGGTCTGCAT-1_V12D07-075_C1,7
CAAACCCTCCGGCGGG-1_V12D07-075_C1,6
CAAACGAGTATCGCAG-1_V12D07-075_C1,6
CAAACGGTCGCACTTT-1_V12D07-075_C1,7
CAAACTACGATAGAGA-1_V12D07-075_C1,5
CAAACTATTGAGCTTC-1_V12D07-075_C1,4
CAAACTCGCGACGCCG-1_V12D07-075_C1,6
CAAAGGTCATCTGAAA-1_V12D07-075_C1,1
CAAAGGTTAAATTCAG-1_V12D07-075_C1,1
CAAAGTCAGGTTAGCT-1_V12D07-075_C1,3
CAAATGTCCTTCCGTG-1_V12D07-075_C1,2
CAAATTGGATTATGCC-1_V12D07-075_C1,1
CAAATTGTCAGCAAGC-1_V12D07-075_C1,4
CAACACATCTCCTGCC-1_V12D07-075_C1,1
CAACATGGCCTGATAA-1_V12D07-075_C1,7
CAACCAGTGGCCTACC-1_V12D07-075_C1,2
CAACCGCACCTAGACA-1_V12D07-075_C1,7
CAACCTACCGAGCAGT-1_V12D07-075_C1,2
CAACCTGAACCTGCCA-1_V12D07-075_C1,1
CAACGACCCGTTTACA-1_V12D07-075_C1,4
CAACGGTTCTTGATAC-1_V12D07-075_C1,7
CAACGTGGTGGAGTCT-1_V12D07-075_C1,2
CAACTATATCGAATGC-1_V12D07-075_C1,5
CAACTCCGTAACTTGC-1_V12D07-075_C1,1
CAACTCCTTGATCCCG-1_V12D07-075_C1,4
CAACTGCTCATCCGAT-1_V12D07-075_C1,2
CAACTTGTAGTGGGCA-1_V12D07-075_C1,4
CAAGAAACCCTAAACT-1_V12D07-075_C1,1
CAAGACTCAGAAGCGC-1_V12D07-075_C1,1
CAAGAGGGCGGAGTAC-1_V12D07-075_C1,2
CAAGATATTATAACGT-1_V12D07-075_C1,2
CAAGCAACGTCGGAGT-1_V12D07-075_C1,7
CAAGCACCAAATGCCT-1_V12D07-075_C1,4
CAAGCGGCACATAATT-1_V12D07-075_C1,2
CAAGGATCGCATGTTC-1_V12D07-075_C1,2
CAAGGCCAGTGGTGCA-1_V12D07-075_C1,2
CAAGGTCCTATAGGCT-1_V12D07-075_C1,5
CAAGTAAGTGATAGAC-1_V12D07-075_C1,2
CAAGTGAACTTTGGTT-1_V12D07-075_C1,4
CAAGTGTGGTTGCAAA-1_V12D07-075_C1,2
CAATAAACCTTGGCCC-1_V12D07-075_C1,6
CAATACGAGAGTCTGA-1_V12D07-075_C1,1
CAATACGCTCTGAGGC-1_V12D07-075_C1,6
CAATATTCTTGACCTA-1_V12D07-075_C1,6
CAATATTGGACTAGTG-1_V12D07-075_C1,7
CAATCCCTATACCAGC-1_V12D07-075_C1,1
CAATCCTGCCGTGGAG-1_V12D07-075_C1,3
CAATGAGGTTCGACTA-1_V12D07-075_C1,1
CAATGCGAGAAGTATC-1_V12D07-075_C1,2
CAATGGAATCTACATA-1_V12D07-075_C1,1
CAATGGATCTCTACCA-1_V12D07-075_C1,6
CAATGGTCGGCCTGGG-1_V12D07-075_C1,4
CAATGTGCCAACCCTT-1_V12D07-075_C1,1
CAATTAAGGGTGATGA-1_V12D07-075_C1,2
CAATTTCGTATAAGGG-1_V12D07-075_C1,2
CAATTTGACCGGGAAG-1_V12D07-075_C1,7
CACAAGAAAGATATTA-1_V12D07-075_C1,1
CACAATGAGCTGCTAT-1_V12D07-075_C1,2
CACACACGCTAACGAG-1_V12D07-075_C1,2
CACACAGCTTGCGCTC-1_V12D07-075_C1,5
CACACAGGGATAGATT-1_V12D07-075_C1,7
CACACGCGCTGTCTTA-1_V12D07-075_C1,6
CACACTTGTATTGCGA-1_V12D07-075_C1,1
CACAGCACCCACGGCA-1_V12D07-075_C1,2
CACAGCTAGGGAGTGA-1_V12D07-075_C1,5
CACAGGGCCATATAGT-1_V12D07-075_C1,2
CACAGGGCCGTTGTCA-1_V12D07-075_C1,2
CACAGTCCCGCTTCGC-1_V12D07-075_C1,2
CACAGTTCGCTTCCCA-1_V12D07-075_C1,2
CACATATTAGCAGGAT-1_V12D07-075_C1,2
CACATCTCACCGACGA-1_V12D07-075_C1,2
CACATGATTCAGCAAC-1_V12D07-075_C1,2
CACATGTTTGGACATG-1_V12D07-075_C1,7
CACATTCTTTCGATGG-1_V12D07-075_C1,5
CACATTTCTTGTCAGA-1_V12D07-075_C1,6
CACCACGCCACACAGA-1_V12D07-075_C1,7
CACCATCGGAGGAGAC-1_V12D07-075_C1,4
CACCATGATCGCAAAG-1_V12D07-075_C1,1
CACCCAAATCTTATGT-1_V12D07-075_C1,5
CACCCACACGTCACCC-1_V12D07-075_C1,7
CACCCACGAGGCAATT-1_V12D07-075_C1,5
CACCCGGTTTGTGACT-1_V12D07-075_C1,6
CACCCTAACAAGATCT-1_V12D07-075_C1,2
CACCCTTTCCTCGCTC-1_V12D07-075_C1,4
CACCGATACACCGAGC-1_V12D07-075_C1,4
CACCGCCAGAAGGTTT-1_V12D07-075_C1,2
CACCGCCGACCAGCGA-1_V12D07-075_C1,4
CACCGCGTCCACTCTA-1_V12D07-075_C1,1
CACCGGAGATATCTCC-1_V12D07-075_C1,1
CACCGTATCCCATCCG-1_V12D07-075_C1,2
CACCGTTAGGGATCAC-1_V12D07-075_C1,6
CACCGTTGCGCGATAT-1_V12D07-075_C1,6
CACCTAATAGAGTCGT-1_V12D07-075_C1,3
CACCTAATCAGTTTAC-1_V12D07-075_C1,5
CACCTCGATGGTGGAC-1_V12D07-075_C1,4
CACCTTGCGAAACTCG-1_V12D07-075_C1,5
CACCTTGGCGCCTTTG-1_V12D07-075_C1,2
CACGAAAGTTAGTCCC-1_V12D07-075_C1,7
CACGACGTAATAGTAA-1_V12D07-075_C1,1
CACGCACAGCGCAGCT-1_V12D07-075_C1,2
CACGCAGCGAGGCTTT-1_V12D07-075_C1,7
CACGCGGAACTGTTGC-1_V12D07-075_C1,2
CACGGACGTGGATGGC-1_V12D07-075_C1,1
CACGGCGCGCCAAAGG-1_V12D07-075_C1,1
CACGGGATTGAGGGTT-1_V12D07-075_C1,7
CACGTCAATCAATGGA-1_V12D07-075_C1,2
CACGTCGGCAACCTCT-1_V12D07-075_C1,6
CACGTCGGGTTCTAGA-1_V12D07-075_C1,7
CACGTCTATGATGTGG-1_V12D07-075_C1,1
CACGTTCGTGCTCTAG-1_V12D07-075_C1,2
CACGTTTCGTACACAC-1_V12D07-075_C1,2
CACTAAAGTTGCCTAT-1_V12D07-075_C1,7
CACTACGGGAGCTGCC-1_V12D07-075_C1,2
CACTACTCAGTTCTGT-1_V12D07-075_C1,4
CACTCAAGAGCTATGG-1_V12D07-075_C1,2
CACTCAGCTCTTGAGG-1_V12D07-075_C1,4
CACTCCTCTCGGTCGG-1_V12D07-075_C1,5
CACTCGAGCTGAACAA-1_V12D07-075_C1,2
CACTCGGTTAGGAGGA-1_V12D07-075_C1,7
CACTCTTCTGCTAGCC-1_V12D07-075_C1,2
CACTGACGATTGTGGA-1_V12D07-075_C1,2
CACTGTCCAAGTGAGA-1_V12D07-075_C1,7
CACTTAATCAGACGGA-1_V12D07-075_C1,7
CACTTCGCCACAGGCT-1_V12D07-075_C1,7
CACTTCGTCTTATCTC-1_V12D07-075_C1,7
CAGAACTTAGCCCTCT-1_V12D07-075_C1,2
CAGAATAACACACGGA-1_V12D07-075_C1,2
CAGAATATTCGTTATC-1_V12D07-075_C1,5
CAGACACCGATCGCTG-1_V12D07-075_C1,6
CAGACCTGTAAGTGTT-1_V12D07-075_C1,6
CAGACGAACCTGATAC-1_V12D07-075_C1,6
CAGAGACGGTCACCCA-1_V12D07-075_C1,2
CAGAGCATGAGCTTGC-1_V12D07-075_C1,2
CAGAGCGATGGATGCT-1_V12D07-075_C1,2
CAGAGGCGATGCATGA-1_V12D07-075_C1,6
CAGAGTGATTTAACGT-1_V12D07-075_C1,4
CAGATAATGGGCGGGT-1_V12D07-075_C1,3
CAGATACTAACATAGT-1_V12D07-075_C1,7
CAGATCATTTAAAGTC-1_V12D07-075_C1,1
CAGCAGCCCGTTCCTT-1_V12D07-075_C1,2
CAGCAGTCCAGACTAT-1_V12D07-075_C1,2
CAGCAGTCTGTGCTGC-1_V12D07-075_C1,2
CAGCCGGGCCCTCTAT-1_V12D07-075_C1,5
CAGCCTCCTGCAGAGG-1_V12D07-075_C1,5
CAGCCTCGATAGCGGT-1_V12D07-075_C1,2
CAGCCTCTCCTCAAGA-1_V12D07-075_C1,1
CAGCGATTCCCTTCAA-1_V12D07-075_C1,6
CAGCGCCAACACGATA-1_V12D07-075_C1,7
CAGCTCACTGAGACAT-1_V12D07-075_C1,2
CAGCTCGACAAGTTAA-1_V12D07-075_C1,6
CAGCTCGTGCTTGTGT-1_V12D07-075_C1,4
CAGCTTAGTAGGTAGC-1_V12D07-075_C1,7
CAGGAAGACTTTATAT-1_V12D07-075_C1,5
CAGGACAGCTGCCCTT-1_V12D07-075_C1,1
CAGGATATATCGTTGT-1_V12D07-075_C1,2
CAGGCAGTCTTACCAG-1_V12D07-075_C1,2
CAGGCCGTTTGGGTGT-1_V12D07-075_C1,7
CAGGCGCCATGCTAGG-1_V12D07-075_C1,2
CAGTAACTATTTATTG-1_V12D07-075_C1,1
CAGTAATCCCTCCCAG-1_V12D07-075_C1,7
CAGTACATTCTCTAAA-1_V12D07-075_C1,5
CAGTAGATGATGTCCG-1_V12D07-075_C1,7
CAGTAGCCCACGCGGT-1_V12D07-075_C1,5
CAGTCGAGGATGCAAT-1_V12D07-075_C1,5
CAGTCTCTCGGCTAAT-1_V12D07-075_C1,4
CAGTCTGTATACTGGG-1_V12D07-075_C1,2
CAGTGAATAAATGACT-1_V12D07-075_C1,5
CAGTGGTTGCACATGA-1_V12D07-075_C1,3
CAGTGTCCGCAGAATG-1_V12D07-075_C1,7
CAGTGTCGGCTGGCCC-1_V12D07-075_C1,2
CAGTTCAAATTGACAC-1_V12D07-075_C1,7
CAGTTCCGCGGGTCGA-1_V12D07-075_C1,7
CAGTTCGAGGACCCGA-1_V12D07-075_C1,2
CATAACGGACAGTCGT-1_V12D07-075_C1,6
CATAAGAAGCTTGGCT-1_V12D07-075_C1,2
CATAATGAGCGGGCGA-1_V12D07-075_C1,4
CATACAAAGCCGAACC-1_V12D07-075_C1,4
CATACACGGTTCCCAC-1_V12D07-075_C1,2
CATACCCGTACCCAGT-1_V12D07-075_C1,7
CATACGGCGTCTGGGC-1_V12D07-075_C1,2
CATACTATGTAATTGT-1_V12D07-075_C1,7
CATACTTAGGCAATAC-1_V12D07-075_C1,1
CATACTTCTTTCTCCG-1_V12D07-075_C1,2
CATAGAGGAGATACTA-1_V12D07-075_C1,2
CATAGCCGCCCGGGAT-1_V12D07-075_C1,7
CATAGCGTTGCCCACC-1_V12D07-075_C1,6
CATAGTACATTGAGAG-1_V12D07-075_C1,5
CATAGTAGCATAGTAG-1_V12D07-075_C1,7
CATAGTCAAATACATA-1_V12D07-075_C1,2
CATAGTCCACAAGAAC-1_V12D07-075_C1,6
CATAGTGGGCACGCCT-1_V12D07-075_C1,2
CATATACTACTGATAA-1_V12D07-075_C1,1
CATATAGGTACAGTCA-1_V12D07-075_C1,2
CATATTATTTGCCCTA-1_V12D07-075_C1,1
CATCAAACTGGCGCCC-1_V12D07-075_C1,1
CATCAACACCTACTAA-1_V12D07-075_C1,7
CATCATCTACCCGGAC-1_V12D07-075_C1,4
CATCATTACCCTGAGG-1_V12D07-075_C1,2
CATCCCGAGATTCATA-1_V12D07-075_C1,2
CATCCGCAGGCCCGAA-1_V12D07-075_C1,7
CATCCTCTCAAAGATC-1_V12D07-075_C1,2
CATCGCCCGCGGCCAA-1_V12D07-075_C1,4
CATCGGACGGGTTAAT-1_V12D07-075_C1,2
CATCGTCCGGTTACTA-1_V12D07-075_C1,7
CATCTACCCGAGAACG-1_V12D07-075_C1,1
CATCTAGTGAAGGGAA-1_V12D07-075_C1,1
CATCTATCCCGTGTCT-1_V12D07-075_C1,5
CATCTGCAGGATCATT-1_V12D07-075_C1,7
CATCTTACACCACCTC-1_V12D07-075_C1,6
CATGAACCGACATTTG-1_V12D07-075_C1,4
CATGAACCTCTTATCA-1_V12D07-075_C1,4
CATGACTTCGCTGAAT-1_V12D07-075_C1,6
CATGAGATGCACTCTC-1_V12D07-075_C1,2
CATGATCGCTTTGAGA-1_V12D07-075_C1,2
CATGATGCACAATTCT-1_V12D07-075_C1,5
CATGATGGAAGTTAGC-1_V12D07-075_C1,2
CATGCATGGAGACCCT-1_V12D07-075_C1,4
CATGCGACCAGTTTAA-1_V12D07-075_C1,2
CATGCGTTAGACAGAA-1_V12D07-075_C1,4
CATGCTGGCTCCAATT-1_V12D07-075_C1,4
CATGGAAATGGGACCA-1_V12D07-075_C1,1
CATGGATTGTCTTCCG-1_V12D07-075_C1,2
CATGGCAGGAAGATCG-1_V12D07-075_C1,4
CATGGCTCCCTATGTC-1_V12D07-075_C1,7
CATGGGTATGCCTTAT-1_V12D07-075_C1,2
CATGGGTCGGGTGTGG-1_V12D07-075_C1,5
CATGGTAAGTAGCGTT-1_V12D07-075_C1,2
CATGGTCTAGATACCG-1_V12D07-075_C1,2
CATGGTTTATTAATCA-1_V12D07-075_C1,2
CATGTAAGAGACATTT-1_V12D07-075_C1,2
CATGTAGGAGCGCCAA-1_V12D07-075_C1,1
CATGTCTCATTTATGG-1_V12D07-075_C1,2
CATTACATAGATTGTG-1_V12D07-075_C1,1
CATTACGCAGGAAGGG-1_V12D07-075_C1,6
CATTACGTCGGCCCGT-1_V12D07-075_C1,4
CATTATGCTTGTTGTG-1_V12D07-075_C1,7
CATTCACTGACAGCTA-1_V12D07-075_C1,4
CATTCCCATTCCGTCG-1_V12D07-075_C1,1
CATTCCCTAAGTACAA-1_V12D07-075_C1,7
CATTCGTCGTAGCGGT-1_V12D07-075_C1,2
CATTGATGAACACGCC-1_V12D07-075_C1,1
CATTGCGAAATGGGCG-1_V12D07-075_C1,7
CATTGCGGGTCAATTC-1_V12D07-075_C1,1
CATTGTGTGCTAGATC-1_V12D07-075_C1,7
CATTTAGCGGACCATG-1_V12D07-075_C1,5
CATTTATCGTTCAAGA-1_V12D07-075_C1,4
CATTTCTAGCAGACTA-1_V12D07-075_C1,7
CATTTGAGTGGTACGT-1_V12D07-075_C1,6
CCAAACAGAACCCTCG-1_V12D07-075_C1,7
CCAAAGCAGTTGGTTG-1_V12D07-075_C1,7
CCAAATAACAAGATTC-1_V12D07-075_C1,6
CCAACGATGCACTGAT-1_V12D07-075_C1,7
CCAACGCTTGCCAGGG-1_V12D07-075_C1,1
CCAACTTGATAGATCC-1_V12D07-075_C1,5
CCAAGAAAGTGGGCGA-1_V12D07-075_C1,6
CCAAGACTTCTGCGAA-1_V12D07-075_C1,5
CCAAGCGTAACTCGTA-1_V12D07-075_C1,2
CCAAGGAACAGAGAGG-1_V12D07-075_C1,4
CCAAGGTTGCCCTTTC-1_V12D07-075_C1,2
CCAAGTTTCTACAGAT-1_V12D07-075_C1,7
CCAATAGATTTCATCT-1_V12D07-075_C1,7
CCAATAGTGCCGTCGA-1_V12D07-075_C1,7
CCAATCGGTAGATCGA-1_V12D07-075_C1,5
CCAATGTCACAGCAAG-1_V12D07-075_C1,7
CCAATTACGGGTCGAG-1_V12D07-075_C1,5
CCAATTGAATGTTAAT-1_V12D07-075_C1,7
CCACAATGTACGTCTT-1_V12D07-075_C1,6
CCACACTGAGATATTA-1_V12D07-075_C1,7
CCACAGCTGAAATCAT-1_V12D07-075_C1,4
CCACAGTACCCATCCT-1_V12D07-075_C1,2
CCACATACTGCACCCA-1_V12D07-075_C1,5
CCACCAACTTTACTGT-1_V12D07-075_C1,6
CCACCCAAGGAAAGTG-1_V12D07-075_C1,6
CCACCTGTATGGAATA-1_V12D07-075_C1,2
CCACGAATTTAACCTC-1_V12D07-075_C1,5
CCACGAGAAGAGAATC-1_V12D07-075_C1,4
CCACGGTGCCCGGTAG-1_V12D07-075_C1,5
CCACGTAAATTAGACT-1_V12D07-075_C1,1
CCACTATCCGGGTCAC-1_V12D07-075_C1,1
CCACTGGTGGCTGGTT-1_V12D07-075_C1,6
CCACTGTTTGGATTAA-1_V12D07-075_C1,2
CCAGAAACTGATGCGA-1_V12D07-075_C1,6
CCAGAAAGCAACTCAT-1_V12D07-075_C1,6
CCAGAGACAAAGCCGG-1_V12D07-075_C1,7
CCAGATAGTTGAGTGA-1_V12D07-075_C1,6
CCAGCCTGGACCAATA-1_V12D07-075_C1,2
CCAGCGGGATCACCAG-1_V12D07-075_C1,1
CCAGCTACGCCTCATA-1_V12D07-075_C1,4
CCAGCTCGAACGCATT-1_V12D07-075_C1,2
CCAGCTGATGGTACTT-1_V12D07-075_C1,7
CCAGCTTCCGCCCGCA-1_V12D07-075_C1,7
CCAGGCTGGCGTCTGA-1_V12D07-075_C1,5
CCAGGGACGTGGCCTC-1_V12D07-075_C1,7
CCAGTAGTCTGATCCA-1_V12D07-075_C1,6
CCAGTCCATTATTCGA-1_V12D07-075_C1,3
CCAGTCTAGACGGCGC-1_V12D07-075_C1,5
CCAGTCTTGTCATAGA-1_V12D07-075_C1,2
CCATAAACAACCCGAC-1_V12D07-075_C1,4
CCATACCTTTACTTGT-1_V12D07-075_C1,6
CCATACTCGCCTCTCC-1_V12D07-075_C1,7
CCATAGGTTGGCGTGG-1_V12D07-075_C1,4
CCATAGTCAGTAACCC-1_V12D07-075_C1,7
CCATATGGAAACTATA-1_V12D07-075_C1,2
CCATATTGGATCATGA-1_V12D07-075_C1,7
CCATCCATACCAAGTC-1_V12D07-075_C1,4
CCATCGCAGTTAAACT-1_V12D07-075_C1,2
CCATCTCACCAGTGAA-1_V12D07-075_C1,2
CCATCTTGTTCACAAT-1_V12D07-075_C1,4
CCATGCCCTAGATTTC-1_V12D07-075_C1,2
CCATGCCTGTTTAGTA-1_V12D07-075_C1,7
CCATGCTCTGCAGGAA-1_V12D07-075_C1,7
CCATGGCCCTTGTACC-1_V12D07-075_C1,7
CCATTAGCGATAATCC-1_V12D07-075_C1,7
CCATTCCCTGCCCACA-1_V12D07-075_C1,7
CCATTGTTTCCTCCAT-1_V12D07-075_C1,1
CCATTTCTACCTATTA-1_V12D07-075_C1,2
CCCAAACATGCTGCTC-1_V12D07-075_C1,2
CCCAACATACGTCGCG-1_V12D07-075_C1,6
CCCAACCACACTAACA-1_V12D07-075_C1,4
CCCAAGTCATTACACT-1_V12D07-075_C1,2
CCCAATTTCACAACTT-1_V12D07-075_C1,6
CCCAGAGGAGGGCGTA-1_V12D07-075_C1,1
CCCAGGTCTGAAGGCT-1_V12D07-075_C1,2
CCCAGTTAAGGCGCCG-1_V12D07-075_C1,1
CCCATATAGGTCGATT-1_V12D07-075_C1,2
CCCGACCATAGTCCGC-1_V12D07-075_C1,5
CCCGAGTTTCTCCGTA-1_V12D07-075_C1,6
CCCGATAGCCTCGCCT-1_V12D07-075_C1,1
CCCGCAGCGCGAACTA-1_V12D07-075_C1,2
CCCGCAGGGCCCAAAG-1_V12D07-075_C1,1
CCCGCCATGCTCCCGT-1_V12D07-075_C1,7
CCCGCGCAATGCACCC-1_V12D07-075_C1,3
CCCGGCTAGGTGAGAA-1_V12D07-075_C1,7
CCCGGGTCGTTCAGGG-1_V12D07-075_C1,2
CCCGGTGGAAGAACCT-1_V12D07-075_C1,7
CCCGTAAGTCTAGGCC-1_V12D07-075_C1,6
CCCGTAGCTGGGAAGA-1_V12D07-075_C1,6
CCCGTCAGCGTCTGAC-1_V12D07-075_C1,5
CCCGTTTCGCAGATGT-1_V12D07-075_C1,2
CCCTACTTGAACAATG-1_V12D07-075_C1,2
CCCTAGTGTCAGGTGT-1_V12D07-075_C1,7
CCCTCAAGCTCTTAGT-1_V12D07-075_C1,7
CCCTCATTCTGGAATT-1_V12D07-075_C1,4
CCCTCCTCGCTCGTAT-1_V12D07-075_C1,2
CCCTGAAATGAGTTGA-1_V12D07-075_C1,7
CCCTGACTAACAAATT-1_V12D07-075_C1,6
CCCTGATGTAACTCGT-1_V12D07-075_C1,7
CCCTGCGCTACGCATA-1_V12D07-075_C1,7
CCCTGGTATGGGCGGC-1_V12D07-075_C1,4
CCCTGTTGGCAAAGAC-1_V12D07-075_C1,7
CCCTTTAATGGAGTTC-1_V12D07-075_C1,2
CCCTTTGACAGGTCTT-1_V12D07-075_C1,2
CCGAAAGTGGTGAGCA-1_V12D07-075_C1,7
CCGAACCTTCCCGGCC-1_V12D07-075_C1,2
CCGAAGGGCGTACCGC-1_V12D07-075_C1,1
CCGAAGTATATTGTTC-1_V12D07-075_C1,7
CCGACAAACACATGAG-1_V12D07-075_C1,7
CCGACAAAGGGAGTGC-1_V12D07-075_C1,7
CCGACAATAGGCCGCC-1_V12D07-075_C1,2
CCGACGTAAACACAAC-1_V12D07-075_C1,1
CCGACTCGCATAGTCT-1_V12D07-075_C1,4
CCGAGAAGTCGCATAA-1_V12D07-075_C1,4
CCGAGCTGTGCTTGTC-1_V12D07-075_C1,1
CCGAGGGATGTTAGGC-1_V12D07-075_C1,4
CCGATATGACGTAAGG-1_V12D07-075_C1,5
CCGATCTCAACCTTAT-1_V12D07-075_C1,6
CCGATTCGAGGGACCC-1_V12D07-075_C1,6
CCGCACAAAGACCAAC-1_V12D07-075_C1,2
CCGCACACGAACGTGT-1_V12D07-075_C1,1
CCGCACGTGACCTCGG-1_V12D07-075_C1,7
CCGCACTTGCAATGAC-1_V12D07-075_C1,2
CCGCATGTGGTACGAT-1_V12D07-075_C1,2
CCGCCGGTCAACACAC-1_V12D07-075_C1,4
CCGCCGTTGAGGATAA-1_V12D07-075_C1,1
CCGCCTGCGAATTGGT-1_V12D07-075_C1,1
CCGCGATTTGGTAGGT-1_V12D07-075_C1,6
CCGCGGAATGCGTCAC-1_V12D07-075_C1,6
CCGCGGGTACGAAGAA-1_V12D07-075_C1,7
CCGCGTAGGTAAGGGC-1_V12D07-075_C1,7
CCGCTATCAGCACCAG-1_V12D07-075_C1,2
CCGCTCTTCCGAACTA-1_V12D07-075_C1,2
CCGCTGGTGCCATTCA-1_V12D07-075_C1,4
CCGCTTACCTCACTCT-1_V12D07-075_C1,6
CCGCTTGCTGACATGG-1_V12D07-075_C1,1
CCGGAAGTTATCAGTC-1_V12D07-075_C1,5
CCGGAATGGTTTCAGT-1_V12D07-075_C1,7
CCGGAGCGTACTTTCT-1_V12D07-075_C1,2
CCGGAGGTCTTATGGT-1_V12D07-075_C1,1
CCGGCACGACCGTTTC-1_V12D07-075_C1,1
CCGGCGCATATTGGAT-1_V12D07-075_C1,4
CCGGGACCCGCAGAGA-1_V12D07-075_C1,4
CCGGGCGGTCTCGTCA-1_V12D07-075_C1,2
CCGGGCTGCTCCATAC-1_V12D07-075_C1,2
CCGGGTTCGAGGTTAC-1_V12D07-075_C1,7
CCGGTAATGGCTAGTC-1_V12D07-075_C1,1
CCGGTGCGAGTGATAG-1_V12D07-075_C1,7
CCGGTTTGTAATTGTG-1_V12D07-075_C1,6
CCGTAAGTTGGTCCCA-1_V12D07-075_C1,2
CCGTACCCAAGCGCCA-1_V12D07-075_C1,4
CCGTAGGAAATCCCTG-1_V12D07-075_C1,2
CCGTAGGGTTGTTTAC-1_V12D07-075_C1,2
CCGTATTAGCGCAGTT-1_V12D07-075_C1,1
CCGTGAGGCATTCATG-1_V12D07-075_C1,1
CCGTGCCCATGACGGC-1_V12D07-075_C1,4
CCGTGGAACGATCCAA-1_V12D07-075_C1,1
CCGTGTTAAATTCCAT-1_V12D07-075_C1,6
CCGTTACGTTAGAACA-1_V12D07-075_C1,5
CCGTTCCGAATCTCGG-1_V12D07-075_C1,6
CCTAAAGGCTGACGCT-1_V12D07-075_C1,5
CCTAAATTAACGGTTC-1_V12D07-075_C1,2
CCTAAATTGTATCCTA-1_V12D07-075_C1,6
CCTAACCCAAACAAGT-1_V12D07-075_C1,2
CCTAACTAAGGCTCTA-1_V12D07-075_C1,5
CCTACAAGTCCGGAAT-1_V12D07-075_C1,1
CCTACGGCTCAGTCGA-1_V12D07-075_C1,7
CCTACTCAACACGATT-1_V12D07-075_C1,2
CCTACTGCTTACACTT-1_V12D07-075_C1,7
CCTAGGCGTAGCGATC-1_V12D07-075_C1,2
CCTAGTTAGTCGCATG-1_V12D07-075_C1,4
CCTATAATGAGTGCCC-1_V12D07-075_C1,2
CCTATACCGTCCTGTC-1_V12D07-075_C1,6
CCTATATTTGTCCTGG-1_V12D07-075_C1,2
CCTATCTATATCGGAA-1_V12D07-075_C1,5
CCTATGAAGTGGTGCC-1_V12D07-075_C1,1
CCTATGGGTTACCGTC-1_V12D07-075_C1,2
CCTATGGTCAAAGCTG-1_V12D07-075_C1,2
CCTATGTCCACTCCAC-1_V12D07-075_C1,2
CCTCACCAATCTTGAC-1_V12D07-075_C1,7
CCTCACCTGAGGGAGC-1_V12D07-075_C1,6
CCTCACCTTAGCATCG-1_V12D07-075_C1,6
CCTCACGTCAGCTAAT-1_V12D07-075_C1,2
CCTCATGCAGCTACGA-1_V12D07-075_C1,4
CCTCCCGACAATCCCT-1_V12D07-075_C1,4
CCTCCGACAATTCAAG-1_V12D07-075_C1,7
CCTCCTGAGCCCACAT-1_V12D07-075_C1,7
CCTCCTGTTGTGTCGT-1_V12D07-075_C1,2
CCTCGAAGTGGACGGG-1_V12D07-075_C1,4
CCTCGCCAGCAAATTA-1_V12D07-075_C1,5
CCTCGCGCGATATAGG-1_V12D07-075_C1,5
CCTCGCGCTGTGCGAT-1_V12D07-075_C1,2
CCTCGGACCGGGATAG-1_V12D07-075_C1,1
CCTCGGATGCTACCTG-1_V12D07-075_C1,7
CCTCGTTACGCCTGTT-1_V12D07-075_C1,1
CCTCTAATCTGCCAAG-1_V12D07-075_C1,5
CCTCTCTCCCATCTAG-1_V12D07-075_C1,7
CCTCTGGCCTAGACGG-1_V12D07-075_C1,4
CCTCTGTACTATTCTA-1_V12D07-075_C1,2
CCTGAACGATATATTC-1_V12D07-075_C1,2
CCTGAATATTTACATA-1_V12D07-075_C1,2
CCTGACAAACTCGCGC-1_V12D07-075_C1,7
CCTGACCACCGATGGT-1_V12D07-075_C1,2
CCTGCCCGTTGTCTAG-1_V12D07-075_C1,7
CCTGCGATAGAACTGT-1_V12D07-075_C1,7
CCTGCGTTCTACGCTT-1_V12D07-075_C1,7
CCTGCTATTTGAGAAG-1_V12D07-075_C1,4
CCTGGAAACGTTCTGC-1_V12D07-075_C1,5
CCTGGCTAGACCCGCC-1_V12D07-075_C1,7
CCTGGTCGAATGTGGG-1_V12D07-075_C1,2
CCTGTAAGACATGATA-1_V12D07-075_C1,7
CCTGTACTCACGCCCA-1_V12D07-075_C1,6
CCTGTCACCCGGGCTC-1_V12D07-075_C1,2
CCTGTCCCTCACGTTA-1_V12D07-075_C1,1
CCTGTCGCCCGTAAAT-1_V12D07-075_C1,2
CCTGTGAAACCGTAAC-1_V12D07-075_C1,7
CCTGTTTGAAGACACG-1_V12D07-075_C1,2
CCTTCAGTTAAAGTGA-1_V12D07-075_C1,6
CCTTCGTATAGAATCC-1_V12D07-075_C1,2
CCTTCTTGATCCAGTG-1_V12D07-075_C1,4
CCTTGACCACTTTATT-1_V12D07-075_C1,2
CCTTTAAGGGAGCACT-1_V12D07-075_C1,6
CCTTTCAATGAAGAAA-1_V12D07-075_C1,6
CGAAACATAGATGGCA-1_V12D07-075_C1,4
CGAAACGCAATTCATG-1_V12D07-075_C1,6
CGAACAGTATGGGCGT-1_V12D07-075_C1,2
CGAACATAGTCAGAAA-1_V12D07-075_C1,1
CGAACCCGCATGCGTC-1_V12D07-075_C1,6
CGAACGCCCAGTGCCG-1_V12D07-075_C1,4
CGAAGACGGTGAGTGC-1_V12D07-075_C1,7
CGAAGCTATAAATTCA-1_V12D07-075_C1,1
CGAAGTTGCTCTGTGT-1_V12D07-075_C1,7
CGAATGACGCATAATG-1_V12D07-075_C1,2
CGAATTCCCGGTTCAA-1_V12D07-075_C1,2
CGACAATTTGATCTAA-1_V12D07-075_C1,2
CGACACCGCTTAAGGA-1_V12D07-075_C1,1
CGACACGCTCCGACAG-1_V12D07-075_C1,2
CGACAGTTCGCGTTAT-1_V12D07-075_C1,7
CGACATGCGATCTTCT-1_V12D07-075_C1,4
CGACTCAGGATGTTAT-1_V12D07-075_C1,5
CGACTTTGTATAGCCT-1_V12D07-075_C1,5
CGAGACCCTAGAGTGT-1_V12D07-075_C1,2
CGAGACTACTGCTGCT-1_V12D07-075_C1,2
CGAGAGATGTGAACCT-1_V12D07-075_C1,2
CGAGAGCTTTCACTAC-1_V12D07-075_C1,2
CGAGAGGGTAGCCGCG-1_V12D07-075_C1,2
CGAGATTTCGCTCGGG-1_V12D07-075_C1,1
CGAGCACTTCAAGTTT-1_V12D07-075_C1,7
CGAGCCGAGCACTCGA-1_V12D07-075_C1,7
CGAGCGTTGATCAGCC-1_V12D07-075_C1,4
CGAGCTGGGCTTTAGG-1_V12D07-075_C1,4
CGAGGAGCTTCCATAT-1_V12D07-075_C1,1
CGAGGATCGGGAACGA-1_V12D07-075_C1,1
CGAGGCCAGGCATTGG-1_V12D07-075_C1,7
CGAGGCTAAATATGGC-1_V12D07-075_C1,2
CGAGGGACTGCGGTCG-1_V12D07-075_C1,2
CGAGGGTATCCAGGTG-1_V12D07-075_C1,2
CGAGTACTAAAGAGGA-1_V12D07-075_C1,6
CGAGTGCTATAGTTCG-1_V12D07-075_C1,4
CGAGTTCTGTCCCACC-1_V12D07-075_C1,6
CGAGTTTATCGGACTG-1_V12D07-075_C1,2
CGATAATACTCAGGTT-1_V12D07-075_C1,1
CGATACCTCGCGGACA-1_V12D07-075_C1,7
CGATAGTCGTACTGCA-1_V12D07-075_C1,2
CGATATTAGCCGCAGG-1_V12D07-075_C1,4
CGATCCGACCCAGTGC-1_V12D07-075_C1,2
CGATGGACCCTACGCC-1_V12D07-075_C1,5
CGATTAAATATCTCCT-1_V12D07-075_C1,2
CGATTCGCCTGGCTGC-1_V12D07-075_C1,2
CGCAAACACGAGTTAC-1_V12D07-075_C1,7
CGCAATCGATCATTAG-1_V12D07-075_C1,7
CGCAATTACTTTCGGT-1_V12D07-075_C1,7
CGCAATTAGGGTAATA-1_V12D07-075_C1,7
CGCAATTCTACAATAA-1_V12D07-075_C1,3
CGCACATGTCCACTAC-1_V12D07-075_C1,2
CGCACGTGCGCTATCA-1_V12D07-075_C1,2
CGCAGAAACATTTGCG-1_V12D07-075_C1,4
CGCAGATCTTCACCCG-1_V12D07-075_C1,1
CGCAGGCGATCCAAAC-1_V12D07-075_C1,2
CGCATCATGGCTTCAG-1_V12D07-075_C1,1
CGCATCCATCAGCCAG-1_V12D07-075_C1,1
CGCATGCCGAATGCGT-1_V12D07-075_C1,2
CGCATGGTGCGATGCT-1_V12D07-075_C1,2
CGCATTAGCTAATAGG-1_V12D07-075_C1,7
CGCCAAGAAGCCGAGT-1_V12D07-075_C1,6
CGCCAATTATTGCGTT-1_V12D07-075_C1,7
CGCCACCCGCATTAAC-1_V12D07-075_C1,7
CGCCATCCGATTATGA-1_V12D07-075_C1,5
CGCCCAGCACGCCTAG-1_V12D07-075_C1,6
CGCCCAGCGTTTCACG-1_V12D07-075_C1,2
CGCCCGCTTCCGTACA-1_V12D07-075_C1,5
CGCCCTTGAAGGCTGA-1_V12D07-075_C1,7
CGCCGACTATTCGCTA-1_V12D07-075_C1,7
CGCCGCCCATGCCTGT-1_V12D07-075_C1,2
CGCCGTCTACCCATCG-1_V12D07-075_C1,1
CGCCGTTCAGCATAGT-1_V12D07-075_C1,2
CGCCTCCCTCCTCTAT-1_V12D07-075_C1,2
CGCCTGGCCTACGTAA-1_V12D07-075_C1,6
CGCCTTTAGCATGCTC-1_V12D07-075_C1,1
CGCGAAGTGGCATACT-1_V12D07-075_C1,2
CGCGACACTGCGCAGC-1_V12D07-075_C1,7
CGCGACCGCGACAGAT-1_V12D07-075_C1,2
CGCGAGAGGGACTTGT-1_V12D07-075_C1,1
CGCGCATGTTTGATTG-1_V12D07-075_C1,2
CGCGCCCGACTTAATA-1_V12D07-075_C1,5
CGCGGCAGTATTACGG-1_V12D07-075_C1,7
CGCGGCTCAACTTGAA-1_V12D07-075_C1,2
CGCGGGAATTAGGCAG-1_V12D07-075_C1,6
CGCGGTAAGTCTAGCT-1_V12D07-075_C1,1
CGCGGTACGGTATACA-1_V12D07-075_C1,2
CGCGGTCACAAACCAA-1_V12D07-075_C1,1
CGCGTACATTCTGGAA-1_V12D07-075_C1,1
CGCGTTCATGAAATAC-1_V12D07-075_C1,7
CGCTACGGGACATTTA-1_V12D07-075_C1,7
CGCTAGAGACCGCTGC-1_V12D07-075_C1,2
CGCTATACCGCCCACT-1_V12D07-075_C1,4
CGCTATTCAATGTATG-1_V12D07-075_C1,7
CGCTATTCTTAGGCTC-1_V12D07-075_C1,2
CGCTCGACATAATGAT-1_V12D07-075_C1,7
CGCTCTCCGTAGATTA-1_V12D07-075_C1,7
CGCTGGTGACTACCCT-1_V12D07-075_C1,2
CGCTGTGACGCCGCAC-1_V12D07-075_C1,7
CGCTGTGTGGATGTTG-1_V12D07-075_C1,6
CGCTTAGTATTGATAC-1_V12D07-075_C1,2
CGCTTATTCCCGGTCG-1_V12D07-075_C1,6
CGCTTCCACTGAAATC-1_V12D07-075_C1,7
CGCTTCGGTCTAAGAC-1_V12D07-075_C1,2
CGCTTGGACGGATAGA-1_V12D07-075_C1,2
CGCTTTCATACCGGTG-1_V12D07-075_C1,4
CGCTTTCTTGCATTCG-1_V12D07-075_C1,6
CGGAAAGAATCAAACG-1_V12D07-075_C1,6
CGGAAAGCAAATGTGC-1_V12D07-075_C1,7
CGGAACGTAAACATAG-1_V12D07-075_C1,6
CGGAGCAATTTAATCG-1_V12D07-075_C1,2
CGGAGCATGGCGATCC-1_V12D07-075_C1,2
CGGAGCTTATAACACC-1_V12D07-075_C1,1
CGGAGTTTGAGAGACA-1_V12D07-075_C1,7
CGGATAAGCGGACATG-1_V12D07-075_C1,7
CGGATCCTCAAGGACT-1_V12D07-075_C1,2
CGGCAAACATCGTGCG-1_V12D07-075_C1,2
CGGCAATAAGATCGCC-1_V12D07-075_C1,2
CGGCACCGTTAGCGCC-1_V12D07-075_C1,1
CGGCACTCAAGAAAGT-1_V12D07-075_C1,4
CGGCAGGGTCGGGTTG-1_V12D07-075_C1,6
CGGCCACGCACAAAGT-1_V12D07-075_C1,2
CGGCCAGAGCGACCAT-1_V12D07-075_C1,2
CGGCCCAACCTGTAGT-1_V12D07-075_C1,1
CGGCCCAGGTATATCC-1_V12D07-075_C1,2
CGGCGCCATCAATCCC-1_V12D07-075_C1,2
CGGCTCTAAAGCTGCA-1_V12D07-075_C1,6
CGGCTCTTCGTCGAAC-1_V12D07-075_C1,1
CGGCTTTGTATGATAA-1_V12D07-075_C1,4
CGGGAATATAGTATAC-1_V12D07-075_C1,2
CGGGAATTTATGTAAA-1_V12D07-075_C1,2
CGGGAGCTTCAGTGTA-1_V12D07-075_C1,2
CGGGAGTATACCGCCG-1_V12D07-075_C1,7
CGGGATCAATGTAAGA-1_V12D07-075_C1,7
CGGGCAGCTAAACCGC-1_V12D07-075_C1,2
CGGGCCATAGCCGCAC-1_V12D07-075_C1,7
CGGGCCTTCTTTGTAA-1_V12D07-075_C1,2
CGGGCGATGGATCACG-1_V12D07-075_C1,2
CGGGTGTACCCATTTA-1_V12D07-075_C1,6
CGGGTTCGGCACGTAT-1_V12D07-075_C1,1
CGGGTTTGTTAGGGCT-1_V12D07-075_C1,2
CGGTACTAGAATCAAA-1_V12D07-075_C1,2
CGGTAGAGGTGCAGGT-1_V12D07-075_C1,5
CGGTATAGGTATTAGC-1_V12D07-075_C1,1
CGGTCAAGTGGGAACC-1_V12D07-075_C1,6
CGGTCAGTCCATATTT-1_V12D07-075_C1,6
CGGTCCATGAGACTCC-1_V12D07-075_C1,1
CGGTCCGTCGCAAGCC-1_V12D07-075_C1,2
CGGTCTATCAACCCGT-1_V12D07-075_C1,5
CGGTGAAGACTAAAGT-1_V12D07-075_C1,7
CGGTGCAGATAGAACG-1_V12D07-075_C1,6
CGGTGCGCGTTGGTCC-1_V12D07-075_C1,6
CGGTGGGCTCCAGCCT-1_V12D07-075_C1,1
CGGTGTACTTGATCCC-1_V12D07-075_C1,7
CGGTTATCCAACAGTG-1_V12D07-075_C1,6
CGGTTCAAGTAGGTGT-1_V12D07-075_C1,5
CGGTTCCGGCTTCTTG-1_V12D07-075_C1,4
CGGTTGACCTGGCATA-1_V12D07-075_C1,6
CGGTTGGGTTCAAGTT-1_V12D07-075_C1,1
CGGTTTATGAAGGAAC-1_V12D07-075_C1,1
CGTAAACGCTTGAGTG-1_V12D07-075_C1,7
CGTAACTTCGACACTT-1_V12D07-075_C1,2
CGTAATAATTACGAGT-1_V12D07-075_C1,7
CGTACCGAAAGTCTAG-1_V12D07-075_C1,7
CGTACCTGATAGGCCT-1_V12D07-075_C1,2
CGTAGCGAATTGTCAG-1_V12D07-075_C1,4
CGTAGCGCCGACGTTG-1_V12D07-075_C1,4
CGTATCTAGAACTAAG-1_V12D07-075_C1,2
CGTATTAAGAGATCTA-1_V12D07-075_C1,2
CGTCAAGGCTATAAAT-1_V12D07-075_C1,7
CGTCAATCTTTAACAT-1_V12D07-075_C1,7
CGTCACGTCCATTGGT-1_V12D07-075_C1,2
CGTCAGCTATTTACTC-1_V12D07-075_C1,7
CGTCAGTGCGCACAAG-1_V12D07-075_C1,4
CGTCATACCATATCCA-1_V12D07-075_C1,7
CGTCCAGATGGCTCCA-1_V12D07-075_C1,7
CGTCCTCATCGCGTGC-1_V12D07-075_C1,6
CGTCGCATGTGAGCCA-1_V12D07-075_C1,2
CGTCGCGGCGGGATTT-1_V12D07-075_C1,7
CGTCGGATAGTGTTGA-1_V12D07-075_C1,6
CGTCGTCCTTCGCGAA-1_V12D07-075_C1,2
CGTCTGGAAGGGCCCG-1_V12D07-075_C1,4
CGTCTTGAGTGTGACG-1_V12D07-075_C1,1
CGTGAAGTTAATTCAC-1_V12D07-075_C1,2
CGTGACATTGGGTCGT-1_V12D07-075_C1,5
CGTGACCAGTCCTCTG-1_V12D07-075_C1,2
CGTGCAGACTGGGACA-1_V12D07-075_C1,2
CGTGCATTGTCGACGC-1_V12D07-075_C1,6
CGTGCCCTCCCGAAGA-1_V12D07-075_C1,2
CGTGCTGGCCTAGTCG-1_V12D07-075_C1,7
CGTGGAAGCCTCGTAC-1_V12D07-075_C1,5
CGTGGCCGAATATCTA-1_V12D07-075_C1,2
CGTGTATGGGAGCTGA-1_V12D07-075_C1,2
CGTGTCCCATTCGCGA-1_V12D07-075_C1,7
CGTGTGTTAAACCCTG-1_V12D07-075_C1,1
CGTTAAACTAGTTAGG-1_V12D07-075_C1,6
CGTTAATGTCCCGACG-1_V12D07-075_C1,2
CGTTAGCTCACAACTG-1_V12D07-075_C1,5
CGTTCAGACCCGCGAA-1_V12D07-075_C1,2
CGTTCTTCGCACACCT-1_V12D07-075_C1,1
CGTTGAATACCGCGCT-1_V12D07-075_C1,2
CGTTGAGCGACCGTCG-1_V12D07-075_C1,2
CGTTGAGTAATTGCGT-1_V12D07-075_C1,1
CGTTGCCCGCGTGGGA-1_V12D07-075_C1,2
CGTTGTAAACGTCAGG-1_V12D07-075_C1,7
CGTTGTAAGATTGATT-1_V12D07-075_C1,1
CGTTGTCGGCAATTGA-1_V12D07-075_C1,2
CGTTGTTTCAATTCCC-1_V12D07-075_C1,7
CGTTTAAGCGGAGCAC-1_V12D07-075_C1,4
CGTTTACAAGGCAGCT-1_V12D07-075_C1,1
CGTTTCACTTCGGGCG-1_V12D07-075_C1,5
CGTTTCGCTCATTACA-1_V12D07-075_C1,7
CGTTTGGTGTTGTGGG-1_V12D07-075_C1,2
CGTTTGTGTAGAGGGT-1_V12D07-075_C1,6
CTAAAGAATGCCTACT-1_V12D07-075_C1,7
CTAAAGGGAAATAGGA-1_V12D07-075_C1,2
CTAAATCCTATTCCGG-1_V12D07-075_C1,5
CTAACCGCGCGCCCGT-1_V12D07-075_C1,7
CTAACGAAACTTGCTG-1_V12D07-075_C1,6
CTAACTGATAATCGCC-1_V12D07-075_C1,2
CTAACTGGTCCGGTTC-1_V12D07-075_C1,6
CTAAGGGAATGATTGG-1_V12D07-075_C1,2
CTAAGTACAGGGCTAC-1_V12D07-075_C1,1
CTAATTCGCACGCGCT-1_V12D07-075_C1,7
CTAATTCTCAGATATT-1_V12D07-075_C1,6
CTAATTTCAACAACAC-1_V12D07-075_C1,7
CTACACTCGCAGATGG-1_V12D07-075_C1,2
CTACCCTAAGGTCATA-1_V12D07-075_C1,6
CTACGACTAGCTATAA-1_V12D07-075_C1,7
CTACGCACGGAGTACC-1_V12D07-075_C1,2
CTACGCCATTTCCGAT-1_V12D07-075_C1,5
CTACGTGTTGCCACCA-1_V12D07-075_C1,7
CTACTATCTTTCAGAG-1_V12D07-075_C1,6
CTACTCAAGGTATAGT-1_V12D07-075_C1,6
CTACTCTAGGCCCGGC-1_V12D07-075_C1,7
CTACTGCCACCTGACC-1_V12D07-075_C1,2
CTAGACATATATGTAG-1_V12D07-075_C1,1
CTAGACTGCATTTCGT-1_V12D07-075_C1,1
CTAGATAAACTCCTCG-1_V12D07-075_C1,7
CTAGATGTGAGTGTAA-1_V12D07-075_C1,5
CTAGATTTACGACGGC-1_V12D07-075_C1,2
CTAGCATAGTATAATG-1_V12D07-075_C1,2
CTAGCCACAGGCGAGC-1_V12D07-075_C1,2
CTAGCCGATGTTATGA-1_V12D07-075_C1,5
CTAGCTTAATGGTCCC-1_V12D07-075_C1,5
CTAGGCGCCCTATCAG-1_V12D07-075_C1,2
CTAGGTCTGAAGGAAT-1_V12D07-075_C1,5
CTAGGTTCGGACGTGA-1_V12D07-075_C1,2
CTAGTAGAAAGGGATT-1_V12D07-075_C1,2
CTAGTATTCGGAATTA-1_V12D07-075_C1,5
CTAGTCACGTCTTAAG-1_V12D07-075_C1,2
CTAGTGAAGGACAGGA-1_V12D07-075_C1,7
CTAGTTACAACCCGGT-1_V12D07-075_C1,2
CTAGTTGGGCCCGGTA-1_V12D07-075_C1,2
CTATAAGAGCCAATCG-1_V12D07-075_C1,5
CTATCGACGAAATACA-1_V12D07-075_C1,2
CTATCGCGTAGAGAAC-1_V12D07-075_C1,2
CTATCGGGTCTCAACA-1_V12D07-075_C1,2
CTATGCCCGAATGCAA-1_V12D07-075_C1,2
CTATGGGAAGCGGAAT-1_V12D07-075_C1,2
CTATGTCACTAGCCCA-1_V12D07-075_C1,2
CTATGTCTATTGAAAC-1_V12D07-075_C1,4
CTATTCATGTGTCCCA-1_V12D07-075_C1,2
CTATTGTGTTTGGTCA-1_V12D07-075_C1,1
CTATTTGCTTGGAGGA-1_V12D07-075_C1,2
CTATTTGGTTACGGAT-1_V12D07-075_C1,2
CTCAACTAACCCGGAT-1_V12D07-075_C1,2
CTCAAGACATTAGCGC-1_V12D07-075_C1,1
CTCACATTTACTAAAT-1_V12D07-075_C1,2
CTCACCAGTACAAGTG-1_V12D07-075_C1,7
CTCACCGATCCAAACT-1_V12D07-075_C1,1
CTCACTGTGATACTTA-1_V12D07-075_C1,2
CTCACTTGGCTGGTAA-1_V12D07-075_C1,6
CTCAGGACTCACCTGT-1_V12D07-075_C1,3
CTCAGTCACGACAAAT-1_V12D07-075_C1,6
CTCATCACTTAGTGAT-1_V12D07-075_C1,1
CTCATGGCTCACAATC-1_V12D07-075_C1,4
CTCATTCGTGAACATC-1_V12D07-075_C1,7
CTCATTGCTCTAACAA-1_V12D07-075_C1,2
CTCATTTGATGGGCGG-1_V12D07-075_C1,5
CTCCCAATGAGTCGCG-1_V12D07-075_C1,5
CTCCGCCCACATGAGG-1_V12D07-075_C1,6
CTCCGGCCTAATATGC-1_V12D07-075_C1,5
CTCCGGCTTGTAGACA-1_V12D07-075_C1,7
CTCCTAAGTTATGTCT-1_V12D07-075_C1,7
CTCCTCCAGCTCACAC-1_V12D07-075_C1,2
CTCCTGTTCAAGGCAG-1_V12D07-075_C1,2
CTCCTTTACGCAAGTC-1_V12D07-075_C1,1
CTCGAATGGAACGTAT-1_V12D07-075_C1,1
CTCGAGATCCAAAGCA-1_V12D07-075_C1,7
CTCGAGGTCGAACAGT-1_V12D07-075_C1,2
CTCGATATTTGCGAGC-1_V12D07-075_C1,5
CTCGCACCTATATAGT-1_V12D07-075_C1,2
CTCGCCGAATGTAGGG-1_V12D07-075_C1,2
CTCGCTAGGTAAGCGA-1_V12D07-075_C1,2
CTCGGGATAACACCTA-1_V12D07-075_C1,1
CTCGGTACCACTGCTC-1_V12D07-075_C1,2
CTCGGTCCGTAGCCTG-1_V12D07-075_C1,4
CTCGTCTGTGCCTTCG-1_V12D07-075_C1,2
CTCGTTTCTAATGTTT-1_V12D07-075_C1,1
CTCTAATGCATTGATC-1_V12D07-075_C1,1
CTCTAGCCCTCGGAAA-1_V12D07-075_C1,2
CTCTATTTGGCTGCAG-1_V12D07-075_C1,2
CTCTCACAATCGATGA-1_V12D07-075_C1,2
CTCTCGCTGTACTATG-1_V12D07-075_C1,7
CTCTGCGAAGCAAGCA-1_V12D07-075_C1,4
CTCTGGACGCCTGGTG-1_V12D07-075_C1,2
CTCTGTTTGAGGATTC-1_V12D07-075_C1,4
CTCTTCTATTGACTGG-1_V12D07-075_C1,2
CTCTTGTCCCGCTTGG-1_V12D07-075_C1,2
CTGAAACGGCCCTCAG-1_V12D07-075_C1,1
CTGAAAGAGATCCGAC-1_V12D07-075_C1,5
CTGAATCCGAGACCTC-1_V12D07-075_C1,2
CTGAATTTATTGCCAG-1_V12D07-075_C1,1
CTGACATAGAAATAGA-1_V12D07-075_C1,5
CTGACTGCGCAGCTCG-1_V12D07-075_C1,6
CTGAGAAAGTTCGGCG-1_V12D07-075_C1,5
CTGAGAGTAGAAATAC-1_V12D07-075_C1,2
CTGAGCAAGTAACAAG-1_V12D07-075_C1,7
CTGAGCGAGACTTATT-1_V12D07-075_C1,1
CTGATAGTGTATCTCA-1_V12D07-075_C1,3
CTGCAAGCACGTTCCG-1_V12D07-075_C1,2
CTGCACAACTACATAT-1_V12D07-075_C1,2
CTGCACCTAGTCCACA-1_V12D07-075_C1,1
CTGCACCTGGAACCGC-1_V12D07-075_C1,4
CTGCACTCCAGTACAG-1_V12D07-075_C1,2
CTGCAGAGAATCAGAG-1_V12D07-075_C1,2
CTGCAGGTGCTCGGCC-1_V12D07-075_C1,7
CTGCCAAGGTTGGAAG-1_V12D07-075_C1,5
CTGCCATGCATCACAT-1_V12D07-075_C1,2
CTGCCCACGAAGCGTT-1_V12D07-075_C1,7
CTGCCTAGCCACCAAG-1_V12D07-075_C1,1
CTGCCTCATATGCAAC-1_V12D07-075_C1,1
CTGCCTTTCTAGTAAA-1_V12D07-075_C1,2
CTGCGGGTGAAATGTT-1_V12D07-075_C1,3
CTGCGGTAGTCACGTG-1_V12D07-075_C1,1
CTGCGTTACGATATAA-1_V12D07-075_C1,5
CTGCTGAGGCCACGAA-1_V12D07-075_C1,6
CTGCTGTCTAACGAGC-1_V12D07-075_C1,5
CTGCTTGGCGATAGCT-1_V12D07-075_C1,2
CTGCTTTATGTCCGCG-1_V12D07-075_C1,1
CTGGAAATGGATGCTT-1_V12D07-075_C1,7
CTGGAAGACACGGTGG-1_V12D07-075_C1,2
CTGGATTTACACTTGA-1_V12D07-075_C1,2
CTGGCGACATAAGTCC-1_V12D07-075_C1,5
CTGGCGCACAGGTCTG-1_V12D07-075_C1,2
CTGGCGGGAATAAGTA-1_V12D07-075_C1,7
CTGGCTCCTGCGGGAT-1_V12D07-075_C1,4
CTGGCTGATTCATCCT-1_V12D07-075_C1,2
CTGGCTGGTTGTCAGT-1_V12D07-075_C1,2
CTGGGATAAATAATGG-1_V12D07-075_C1,2
CTGGGATACGCTACCC-1_V12D07-075_C1,1
CTGGGCCTGCTATATC-1_V12D07-075_C1,6
CTGGGCTATCCTTTGG-1_V12D07-075_C1,1
CTGGGTAGGCAGTTAA-1_V12D07-075_C1,2
CTGGTAAAGACTTACA-1_V12D07-075_C1,2
CTGGTAAAGTGTGGGC-1_V12D07-075_C1,2
CTGGTAACACATAGAA-1_V12D07-075_C1,2
CTGGTAACGAGCTCTT-1_V12D07-075_C1,6
CTGGTCATTCCAATCC-1_V12D07-075_C1,7
CTGGTCCTAACTTGGC-1_V12D07-075_C1,4
CTGGTTCAACGCATCA-1_V12D07-075_C1,4
CTGGTTCGCGAGCTAC-1_V12D07-075_C1,1
CTGGTTTCGAGCAAGA-1_V12D07-075_C1,2
CTGTACTTCTTAGCAT-1_V12D07-075_C1,7
CTGTAGCCATCTCACT-1_V12D07-075_C1,6
CTGTATGGTGTAGAAA-1_V12D07-075_C1,7
CTGTCAAATGGCTCGG-1_V12D07-075_C1,5
CTGTCACGCCAGGCGC-1_V12D07-075_C1,1
CTGTCTGTGGCTGGCT-1_V12D07-075_C1,7
CTGTGCAGGGTAGGTC-1_V12D07-075_C1,2
CTGTGGTCGGGAGATA-1_V12D07-075_C1,2
CTGTTACCCAATCTAG-1_V12D07-075_C1,2
CTGTTCACTGCCTGTG-1_V12D07-075_C1,5
CTGTTCATCTCACGGG-1_V12D07-075_C1,7
CTGTTGGCTCTTCTGA-1_V12D07-075_C1,7
CTTAAATAAGACCCAT-1_V12D07-075_C1,7
CTTAACTTACAGTATA-1_V12D07-075_C1,6
CTTAACTTCGAAGTAC-1_V12D07-075_C1,4
CTTACACGGTATTCCA-1_V12D07-075_C1,7
CTTACACTGGGAAATA-1_V12D07-075_C1,4
CTTACTGACTCCTCTG-1_V12D07-075_C1,2
CTTAGCCCGGATAGTG-1_V12D07-075_C1,7
CTTAGCCTTCCACATG-1_V12D07-075_C1,5
CTTAGTAGGCCTACAG-1_V12D07-075_C1,5
CTTAGTGTAGTAGCAT-1_V12D07-075_C1,2
CTTATAGATGGCTGTT-1_V12D07-075_C1,2
CTTATGTTGACTACCA-1_V12D07-075_C1,7
CTTCAACTCCACTTGG-1_V12D07-075_C1,2
CTTCATAGCTCAAGAA-1_V12D07-075_C1,7
CTTCATTGTCAGTGGA-1_V12D07-075_C1,2
CTTCCGCTCCGTGAAG-1_V12D07-075_C1,6
CTTCGATTGCGCAAGC-1_V12D07-075_C1,2
CTTCGGCCAATTGTTT-1_V12D07-075_C1,6
CTTCGTAGATAGGTGA-1_V12D07-075_C1,7
CTTCTATGTTGAAGTA-1_V12D07-075_C1,6
CTTCTATTAATGCTAG-1_V12D07-075_C1,6
CTTCTTACGTCGTATA-1_V12D07-075_C1,4
CTTGACCCGAAAGATA-1_V12D07-075_C1,4
CTTGAGGTTATCCCGA-1_V12D07-075_C1,7
CTTGAGTTAGGGTAAT-1_V12D07-075_C1,2
CTTGATGACCATCCAG-1_V12D07-075_C1,2
CTTGCCCACCCACGCA-1_V12D07-075_C1,2
CTTGCCCAGGCTCTAC-1_V12D07-075_C1,2
CTTGGCCAAGCTGGGA-1_V12D07-075_C1,2
CTTGTACTTGTTGACT-1_V12D07-075_C1,5
CTTGTCAACATTCGAG-1_V12D07-075_C1,2
CTTGTGAGGACAGCGG-1_V12D07-075_C1,7
CTTGTGAGTCTTTGAC-1_V12D07-075_C1,4
CTTGTGCTCACCGATT-1_V12D07-075_C1,5
CTTGTTGCTGAGTCAA-1_V12D07-075_C1,2
CTTGTTTATGTAGCCA-1_V12D07-075_C1,7
CTTTAACTTTCAAAGG-1_V12D07-075_C1,2
CTTTAATATTGGTCGA-1_V12D07-075_C1,2
CTTTACCGAATAGTAG-1_V12D07-075_C1,2
CTTTAGGAACACTGTT-1_V12D07-075_C1,2
CTTTAGTGCTATTATT-1_V12D07-075_C1,2
CTTTCTGTGCGGGCTT-1_V12D07-075_C1,2
CTTTGCATCGCTCTTG-1_V12D07-075_C1,2
CTTTGCTGTCATGGAT-1_V12D07-075_C1,5
CTTTGGCAGACAGAGT-1_V12D07-075_C1,1
CTTTGGCGCTTTATAC-1_V12D07-075_C1,7
CTTTGGCTTTAGTAAA-1_V12D07-075_C1,7
CTTTGGGATTGTTGCA-1_V12D07-075_C1,6
GAAACAGATGACCACC-1_V12D07-075_C1,2
GAAACAGCCATGCAGT-1_V12D07-075_C1,4
GAAACCATGGTGCGCT-1_V12D07-075_C1,1
GAAACCGAATTACCTT-1_V12D07-075_C1,2
GAAACCTATACAAATG-1_V12D07-075_C1,2
GAAACTCGTGCGATGC-1_V12D07-075_C1,7
GAAACTCTAATGAAGG-1_V12D07-075_C1,4
GAAAGAACAGCGTTAT-1_V12D07-075_C1,5
GAAAGCAGTGCACTTT-1_V12D07-075_C1,2
GAAAGCCCTTTGGACC-1_V12D07-075_C1,7
GAAAGTGACTAACTGC-1_V12D07-075_C1,7
GAAATACCTGCTGGCT-1_V12D07-075_C1,1
GAAATACTAAACGTTT-1_V12D07-075_C1,3
GAAATATCACCATCAG-1_V12D07-075_C1,7
GAAATATGCTTGAATG-1_V12D07-075_C1,1
GAAATCGCGCGCAACT-1_V12D07-075_C1,4
GAAATCTGACCAAGTT-1_V12D07-075_C1,7
GAAATGGCGGTGTTAG-1_V12D07-075_C1,7
GAAATGGGATGTAAAC-1_V12D07-075_C1,7
GAAATTAGCACGGATA-1_V12D07-075_C1,5
GAAATTCACATCGCTG-1_V12D07-075_C1,4
GAAATTGTCTCTATAA-1_V12D07-075_C1,2
GAACAACTGGGATGAA-1_V12D07-075_C1,2
GAACACACATCAACCA-1_V12D07-075_C1,7
GAACAGATTACTAAAT-1_V12D07-075_C1,2
GAACCCTCTGTGTTCT-1_V12D07-075_C1,2
GAACCTCGACCTACAC-1_V12D07-075_C1,6
GAACCTTTAACGATCC-1_V12D07-075_C1,2
GAACGACCGAATGATA-1_V12D07-075_C1,4
GAACGATAAGTTAAAG-1_V12D07-075_C1,1
GAACGCGGGTCACACG-1_V12D07-075_C1,5
GAACGTCTCATGGTCG-1_V12D07-075_C1,6
GAACGTTAGGAAGACG-1_V12D07-075_C1,7
GAACTGTGGAGAGACA-1_V12D07-075_C1,2
GAACTTAGCGCCCGGT-1_V12D07-075_C1,1
GAAGAACGGTGCAGGT-1_V12D07-075_C1,4
GAAGCCACTGATTATG-1_V12D07-075_C1,2
GAAGCCGGGTAAGCTC-1_V12D07-075_C1,7
GAAGCCTGCACATTCC-1_V12D07-075_C1,2
GAAGCGTGAGGAATTT-1_V12D07-075_C1,2
GAAGCTCTTTGCTTAG-1_V12D07-075_C1,7
GAAGCTTGCTGACCGC-1_V12D07-075_C1,7
GAAGGAGTCGAGTGCG-1_V12D07-075_C1,2
GAAGGCTACCATTGTT-1_V12D07-075_C1,1
GAAGGGCATAACCATG-1_V12D07-075_C1,3
GAAGTCAGTTGCACTA-1_V12D07-075_C1,2
GAAGTCTCCCTAGCGA-1_V12D07-075_C1,2
GAAGTGATTTATCGTG-1_V12D07-075_C1,7
GAAGTGCTGGATAGCT-1_V12D07-075_C1,4
GAAGTTTCCACTCAAT-1_V12D07-075_C1,7
GAATAGACGCGACCCA-1_V12D07-075_C1,2
GAATAGCATTTAGGGT-1_V12D07-075_C1,1
GAATAGCCCTGCGGTC-1_V12D07-075_C1,1
GAATATTCGGAGTCCC-1_V12D07-075_C1,5
GAATCGACATGGTCAC-1_V12D07-075_C1,7
GAATCGCCGGACACGG-1_V12D07-075_C1,4
GAATCTGAACATTCTC-1_V12D07-075_C1,2
GAATGAAGGTCTTCAG-1_V12D07-075_C1,1
GAATGCCGAAATGACC-1_V12D07-075_C1,7
GAATGCGAATCGGTTC-1_V12D07-075_C1,2
GAATGGGCTTATCGAC-1_V12D07-075_C1,7
GAATGTATGGCAGGTC-1_V12D07-075_C1,5
GAATGTGGTCCGGATT-1_V12D07-075_C1,2
GAATGTTGGGTAATCT-1_V12D07-075_C1,2
GAATTATAGTGAAAGG-1_V12D07-075_C1,2
GAATTCACCCGGGTGT-1_V12D07-075_C1,2
GAATTTCTCGCTGCAG-1_V12D07-075_C1,3
GACAAACATATGCAGG-1_V12D07-075_C1,2
GACAACGACCATTGAA-1_V12D07-075_C1,5
GACAACGCAGCTTACG-1_V12D07-075_C1,5
GACAAGACGCCCGTGC-1_V12D07-075_C1,2
GACAAGAGATGAGATT-1_V12D07-075_C1,2
GACACAAGGGAAGAAA-1_V12D07-075_C1,2
GACACAGCCGGGACTG-1_V12D07-075_C1,6
GACACGAGTTAGAGGA-1_V12D07-075_C1,7
GACACTGAGTTCAGTG-1_V12D07-075_C1,7
GACACTGGAACCCGAT-1_V12D07-075_C1,2
GACACTTCCAATTACC-1_V12D07-075_C1,2
GACAGCCAGACCTGAC-1_V12D07-075_C1,2
GACAGGCACACACTAT-1_V12D07-075_C1,7
GACATACTGTCGCAGA-1_V12D07-075_C1,3
GACATCCGTCGAACTG-1_V12D07-075_C1,2
GACATCGATTTATAAC-1_V12D07-075_C1,6
GACCAAACGTTGACTG-1_V12D07-075_C1,2
GACCACACTTCCCTTT-1_V12D07-075_C1,2
GACCAGAGCCCTGTAG-1_V12D07-075_C1,7
GACCCGTCGCCGGCTA-1_V12D07-075_C1,4
GACCGACGTGAAAGCA-1_V12D07-075_C1,1
GACCGACTGAAGCGTC-1_V12D07-075_C1,7
GACCGCGTCTGACGTG-1_V12D07-075_C1,6
GACCGTCAGGTCGTGA-1_V12D07-075_C1,5
GACCGTGCTGACGGTG-1_V12D07-075_C1,2
GACCGTTACATGCGAC-1_V12D07-075_C1,7
GACCTGGTCTGGGCGT-1_V12D07-075_C1,7
GACCTTCCACGTCTAC-1_V12D07-075_C1,2
GACGACGATCCGCGTT-1_V12D07-075_C1,2
GACGAGGCTAATAAAC-1_V12D07-075_C1,2
GACGCCGTAAAGGCTA-1_V12D07-075_C1,6
GACGCCTGTTGCAGGG-1_V12D07-075_C1,4
GACGCTTGCTTCTAAA-1_V12D07-075_C1,7
GACGGGTTGGCCCGTA-1_V12D07-075_C1,2
GACGGTCAATAGAAGC-1_V12D07-075_C1,6
GACGGTCCTAGGGTGT-1_V12D07-075_C1,1
GACGTGAGACTCCATG-1_V12D07-075_C1,4
GACGTGTAGGGATTAT-1_V12D07-075_C1,7
GACGTTCGTAAATACA-1_V12D07-075_C1,1
GACTAACACAGCACCT-1_V12D07-075_C1,1
GACTAAGATCATGCAC-1_V12D07-075_C1,5
GACTAAGTAGGCTCAC-1_V12D07-075_C1,7
GACTACAATTGCTCGT-1_V12D07-075_C1,1
GACTAGGCCGTTAGGT-1_V12D07-075_C1,2
GACTCACCCACGTGAG-1_V12D07-075_C1,2
GACTCCCAGAATAAGG-1_V12D07-075_C1,1
GACTCGCGGGAATGAC-1_V12D07-075_C1,6
GACTCGGTCGGCGGAT-1_V12D07-075_C1,1
GACTGATTGGTCACAA-1_V12D07-075_C1,1
GACTGCAAATCGAGCT-1_V12D07-075_C1,2
GACTGCACCAGCCCAG-1_V12D07-075_C1,2
GACTGCGGCACGTGTA-1_V12D07-075_C1,7
GACTGGGCGCCGCAAC-1_V12D07-075_C1,1
GAGAAACTGGATCCCA-1_V12D07-075_C1,2
GAGAACGGTTCTGACT-1_V12D07-075_C1,2
GAGAATCTCACGATCA-1_V12D07-075_C1,7
GAGACCCTGCAACGCC-1_V12D07-075_C1,1
GAGACTGATGGGTAGA-1_V12D07-075_C1,7
GAGACTTCGCGACCGA-1_V12D07-075_C1,2
GAGAGCGCAGTCCCTG-1_V12D07-075_C1,7
GAGAGGCCTATGTGTA-1_V12D07-075_C1,2
GAGAGGGCGCGAGGTT-1_V12D07-075_C1,7
GAGAGGTGCATTCTGG-1_V12D07-075_C1,6
GAGATCTGCTTGGCAT-1_V12D07-075_C1,7
GAGATCTGTCACTCCG-1_V12D07-075_C1,2
GAGATCTTCCATGACA-1_V12D07-075_C1,2
GAGATGACAATCCTTA-1_V12D07-075_C1,1
GAGATGGCTTTAATCA-1_V12D07-075_C1,2
GAGATGGGAGTCGACA-1_V12D07-075_C1,2
GAGCACCTGTGTCCAG-1_V12D07-075_C1,2
GAGCACGGCGCCTCTT-1_V12D07-075_C1,1
GAGCATCATCCCTGGG-1_V12D07-075_C1,4
GAGCCACGGTAGTAGG-1_V12D07-075_C1,4
GAGCCAGCTACCTGTG-1_V12D07-075_C1,2
GAGCCGAGCGTTTATT-1_V12D07-075_C1,1
GAGCGAGGGAGTACCG-1_V12D07-075_C1,4
GAGCGCAAATACTCCG-1_V12D07-075_C1,2
GAGCGCGCACGAGTAG-1_V12D07-075_C1,2
GAGCGGAATGCGGTGT-1_V12D07-075_C1,2
GAGCTAAGGGCATATC-1_V12D07-075_C1,6
GAGCTCTCGGACCTAA-1_V12D07-075_C1,7
GAGCTGTCGTCTCGGA-1_V12D07-075_C1,1
GAGGAATGGAGAGGTT-1_V12D07-075_C1,7
GAGGAGATCCTCATGC-1_V12D07-075_C1,7
GAGGATAAACAGTGCT-1_V12D07-075_C1,1
GAGGCATTTGCAGCAG-1_V12D07-075_C1,1
GAGGCCTGTTGATACA-1_V12D07-075_C1,2
GAGGCTATCAAAGTCG-1_V12D07-075_C1,7
GAGGGCATCGCGTATC-1_V12D07-075_C1,4
GAGGGCGCAGCTCTGC-1_V12D07-075_C1,6
GAGGTACATCCATCTT-1_V12D07-075_C1,4
GAGGTACGCGTGTCCC-1_V12D07-075_C1,2
GAGGTCCCAAAGATCT-1_V12D07-075_C1,7
GAGTAAACCGGAAAGT-1_V12D07-075_C1,5
GAGTAAATTAAGAACC-1_V12D07-075_C1,2
GAGTACGGGTATACAA-1_V12D07-075_C1,4
GAGTAGATACTAGTTG-1_V12D07-075_C1,2
GAGTATCAAAGTTACA-1_V12D07-075_C1,2
GAGTATGCCCGCCTTG-1_V12D07-075_C1,6
GAGTATGCGCGTGCAT-1_V12D07-075_C1,2
GAGTCAGACCAGAATC-1_V12D07-075_C1,6
GAGTCCGCTTACCGGA-1_V12D07-075_C1,2
GAGTCGACAGACCCTC-1_V12D07-075_C1,7
GAGTGTCAACCAGAAA-1_V12D07-075_C1,2
GAGTGTGCGGTACCCA-1_V12D07-075_C1,2
GATAAATCGGTGGATG-1_V12D07-075_C1,4
GATAACTCGCACTGTG-1_V12D07-075_C1,2
GATAAGGCAGATGCAA-1_V12D07-075_C1,4
GATACCGTGTCGGAGT-1_V12D07-075_C1,1
GATACGATGGGAGTCA-1_V12D07-075_C1,6
GATAGAACCCGCTAGG-1_V12D07-075_C1,2
GATAGCGTACCACGCG-1_V12D07-075_C1,7
GATAGGATTAATTACA-1_V12D07-075_C1,1
GATAGGTAACGTTGAC-1_V12D07-075_C1,2
GATAGGTGTCCCGGGC-1_V12D07-075_C1,1
GATATCAGTATGTATC-1_V12D07-075_C1,7
GATATCTCATGCAATA-1_V12D07-075_C1,4
GATATGAGACACTAAC-1_V12D07-075_C1,2
GATATGCGGTAGCCAA-1_V12D07-075_C1,5
GATATGGATTACGCGG-1_V12D07-075_C1,3
GATATTGAGATTGGCG-1_V12D07-075_C1,6
GATATTTCCTACATGG-1_V12D07-075_C1,5
GATCATTCCAAACATT-1_V12D07-075_C1,7
GATCCCTTTATACTGC-1_V12D07-075_C1,2
GATCCGAATATAAGTG-1_V12D07-075_C1,1
GATCCGGGAATTAACA-1_V12D07-075_C1,2
GATCCTAAATCGGGAC-1_V12D07-075_C1,6
GATCCTCTTGCGCTTA-1_V12D07-075_C1,1
GATCGACACTATCTGA-1_V12D07-075_C1,7
GATCGCGGGCTCTCCA-1_V12D07-075_C1,2
GATCGCTACCCGATTT-1_V12D07-075_C1,2
GATCGGCGATAAGTCG-1_V12D07-075_C1,7
GATCGGTGGCCATAAC-1_V12D07-075_C1,2
GATCGTGACTGATATC-1_V12D07-075_C1,6
GATCTCGACGCTGTGG-1_V12D07-075_C1,5
GATCTGCTATCTAAGG-1_V12D07-075_C1,2
GATCTTCATTGTCCTC-1_V12D07-075_C1,7
GATCTTGGAGGGCATA-1_V12D07-075_C1,2
GATCTTTGCAGGGTAT-1_V12D07-075_C1,7
GATCTTTGCTCAAAGA-1_V12D07-075_C1,1
GATGACGATGATCGCG-1_V12D07-075_C1,1
GATGAGGAACCTTCGG-1_V12D07-075_C1,2
GATGCCAGCAGAAGGC-1_V12D07-075_C1,7
GATGCGAATGGTATTA-1_V12D07-075_C1,7
GATGCGTCCTGCATTC-1_V12D07-075_C1,2
GATGCTACAAGCGCCT-1_V12D07-075_C1,4
GATGCTACCTTCGATG-1_V12D07-075_C1,2
GATGCTGTATTTCATC-1_V12D07-075_C1,2
GATGGCGCACACATTA-1_V12D07-075_C1,7
GATGGTGAAATAACCC-1_V12D07-075_C1,1
GATGGTGCCCTAGGCA-1_V12D07-075_C1,4
GATGTCCGGATCACAT-1_V12D07-075_C1,4
GATGTCGGTCAACTGC-1_V12D07-075_C1,4
GATGTGTTGTCACAAG-1_V12D07-075_C1,4
GATGTTCAATCCACGA-1_V12D07-075_C1,7
GATGTTTGTGCGAGAT-1_V12D07-075_C1,7
GATTAACCGAAAGCCC-1_V12D07-075_C1,2
GATTACTGAATTTGGG-1_V12D07-075_C1,7
GATTCCCTTGTCGCAG-1_V12D07-075_C1,2
GATTCCGCGTTTCCGT-1_V12D07-075_C1,4
GATTCCTATACGGCGC-1_V12D07-075_C1,7
GATTCGACGGTTCACG-1_V12D07-075_C1,2
GATTGACACTCTGCTC-1_V12D07-075_C1,4
GATTGGGAAAGGTTGT-1_V12D07-075_C1,2
GCAAACCCTACATTAT-1_V12D07-075_C1,2
GCAAACCTTGGCCATA-1_V12D07-075_C1,2
GCAAACGTCGCCAGGT-1_V12D07-075_C1,5
GCAAATATTACGCTTT-1_V12D07-075_C1,7
GCAAATGAGGACACTT-1_V12D07-075_C1,7
GCAACAGCAGTATGCG-1_V12D07-075_C1,2
GCAACCACCAGACCGG-1_V12D07-075_C1,1
GCAACCACGGCCGCGT-1_V12D07-075_C1,6
GCAACCCAAGTTGTTT-1_V12D07-075_C1,7
GCAACGGCTAGTTATG-1_V12D07-075_C1,1
GCAAGAATTCCTTGGC-1_V12D07-075_C1,6
GCAAGATGTGTTCGCG-1_V12D07-075_C1,1
GCAAGTGCACAGAGAA-1_V12D07-075_C1,7
GCAATTAGTCGCACCG-1_V12D07-075_C1,1
GCACAAACGAGGCGTG-1_V12D07-075_C1,5
GCACAAGTGGATCATA-1_V12D07-075_C1,7
GCACAAGTGTCGGAAG-1_V12D07-075_C1,4
GCACACACTGGTAGCC-1_V12D07-075_C1,2
GCACACGCCCATGGTC-1_V12D07-075_C1,7
GCACCTTCCCGAAGGT-1_V12D07-075_C1,2
GCACGCCTACTTAGAT-1_V12D07-075_C1,6
GCACGTGGTTTACTTA-1_V12D07-075_C1,2
GCACTAGTCGCGCTAT-1_V12D07-075_C1,4
GCACTGCCTACCTTTA-1_V12D07-075_C1,2
GCACTGTGCAAATGTA-1_V12D07-075_C1,4
GCAGAAGGTAATCTCC-1_V12D07-075_C1,5
GCAGACCCAGCACGTA-1_V12D07-075_C1,2
GCAGATCCATAAGACT-1_V12D07-075_C1,2
GCAGATCCTCGCAAAT-1_V12D07-075_C1,7
GCAGATTAGGGATATC-1_V12D07-075_C1,2
GCAGCACACAGCCCAG-1_V12D07-075_C1,7
GCAGCCTATATCACAT-1_V12D07-075_C1,1
GCAGCGGTGGGCATTA-1_V12D07-075_C1,4
GCAGCTATGGACAGGT-1_V12D07-075_C1,1
GCAGCTGTCAACGCAT-1_V12D07-075_C1,6
GCAGGACTATAGAATA-1_V12D07-075_C1,7
GCAGGTAGAGTATGGT-1_V12D07-075_C1,5
GCAGTGCGGGCGGATG-1_V12D07-075_C1,5
GCAGTGTGGCTATAGG-1_V12D07-075_C1,2
GCAGTTCGATCCGAGC-1_V12D07-075_C1,2
GCATACGAGGTCTTTA-1_V12D07-075_C1,6
GCATAGAGCACTCAGG-1_V12D07-075_C1,2
GCATCCCTAACTTTGA-1_V12D07-075_C1,7
GCATCGGCCGTGTAGG-1_V12D07-075_C1,2
GCATGACACAAAGGAA-1_V12D07-075_C1,2
GCATGAGGGACGCGGC-1_V12D07-075_C1,6
GCATGCTAATAACGAT-1_V12D07-075_C1,2
GCATGGGTACTGACGC-1_V12D07-075_C1,7
GCATTCAAGGCAACGC-1_V12D07-075_C1,1
GCATTCGAAATGAACA-1_V12D07-075_C1,7
GCATTTCCAAGGCTCC-1_V12D07-075_C1,1
GCCAACCATTTCCGGA-1_V12D07-075_C1,1
GCCAATAGGGCATCTC-1_V12D07-075_C1,5
GCCACAATTTAAGGAC-1_V12D07-075_C1,6
GCCACTCAGAGCGCGA-1_V12D07-075_C1,2
GCCACTCCTTACGGTA-1_V12D07-075_C1,2
GCCAGGAGTAACCGAT-1_V12D07-075_C1,5
GCCAGGCGTTCGCATG-1_V12D07-075_C1,1
GCCAGGCTTAGTGGTA-1_V12D07-075_C1,7
GCCATATTGCACACAG-1_V12D07-075_C1,5
GCCATCGAGCTGCGTG-1_V12D07-075_C1,6
GCCATCGATGCTGCAT-1_V12D07-075_C1,5
GCCCACCAAGGCTGTC-1_V12D07-075_C1,4
GCCCAGATGCTGGAGA-1_V12D07-075_C1,1
GCCCAGTTGGTATGCC-1_V12D07-075_C1,7
GCCCGATCTGTGGTCG-1_V12D07-075_C1,2
GCCCGCGCGTAAACGG-1_V12D07-075_C1,6
GCCCGCGCGTTTGACA-1_V12D07-075_C1,7
GCCCGTAATACCTTCT-1_V12D07-075_C1,6
GCCCTGAGGATGGGCT-1_V12D07-075_C1,2
GCCGAAATTCCTACGT-1_V12D07-075_C1,7
GCCGATTGGCCAAGCT-1_V12D07-075_C1,2
GCCGCACTCCGTTTCA-1_V12D07-075_C1,1
GCCGCATTAGTCCGGC-1_V12D07-075_C1,3
GCCGCTTGTGAGAAAC-1_V12D07-075_C1,7
GCCGGGTTAGGGTCGC-1_V12D07-075_C1,2
GCCGGTCGTATCTCTC-1_V12D07-075_C1,2
GCCGTGGAAGAAATGT-1_V12D07-075_C1,1
GCCTACGTTCTGTGCA-1_V12D07-075_C1,2
GCCTAGCGATCTGACC-1_V12D07-075_C1,7
GCCTATAGTGTCAGGG-1_V12D07-075_C1,6
GCCTATCAGGTAAGAT-1_V12D07-075_C1,2
GCCTATGCTGGGCCTT-1_V12D07-075_C1,1
GCCTATTCCGATATAG-1_V12D07-075_C1,7
GCCTATTTGCTACACA-1_V12D07-075_C1,4
GCCTCATCTGGAAATA-1_V12D07-075_C1,2
GCCTCCGACAATTCAC-1_V12D07-075_C1,2
GCCTCTATACATAGCA-1_V12D07-075_C1,2
GCCTGCTACACTGAGA-1_V12D07-075_C1,1
GCCTTCAGCCCTACCG-1_V12D07-075_C1,4
GCCTTGTATATGCAGT-1_V12D07-075_C1,7
GCGAAACGATCGGGAG-1_V12D07-075_C1,2
GCGAAACTTAACTGGA-1_V12D07-075_C1,2
GCGAAGAATCTGACGG-1_V12D07-075_C1,2
GCGAAGCCATACCCGT-1_V12D07-075_C1,2
GCGACATGTAAACATC-1_V12D07-075_C1,5
GCGACGATAGTTGTAC-1_V12D07-075_C1,2
GCGAGAAACGGGAGTT-1_V12D07-075_C1,7
GCGAGAGGCCATGTAA-1_V12D07-075_C1,1
GCGAGAGTTGCGTCCA-1_V12D07-075_C1,5
GCGAGCGCATGCTCCC-1_V12D07-075_C1,5
GCGAGGCCCGAGCAGA-1_V12D07-075_C1,7
GCGAGTTCTGCAAAGA-1_V12D07-075_C1,2
GCGATGTCTGTGCTTG-1_V12D07-075_C1,7
GCGATTCTGGAAGCAG-1_V12D07-075_C1,4
GCGATTGTTAACGTTA-1_V12D07-075_C1,6
GCGCAAGAGCGCGCTG-1_V12D07-075_C1,2
GCGCATCCAGTCAGCA-1_V12D07-075_C1,6
GCGCCGTTCCACGATA-1_V12D07-075_C1,2
GCGCCTCCCACTCCGA-1_V12D07-075_C1,6
GCGCGGTCTAGTAACT-1_V12D07-075_C1,2
GCGCGTCATTGGTACA-1_V12D07-075_C1,2
GCGCTAATTGAATAGA-1_V12D07-075_C1,2
GCGCTATGCCGAGGCA-1_V12D07-075_C1,7
GCGCTCGATCACCTGT-1_V12D07-075_C1,1
GCGCTGATCCAGACTC-1_V12D07-075_C1,5
GCGCTGCTTTGCATTT-1_V12D07-075_C1,6
GCGCTGGCGGAAAGTC-1_V12D07-075_C1,7
GCGCTTAAATAATTGG-1_V12D07-075_C1,2
GCGGACCGCGTTGTGG-1_V12D07-075_C1,6
GCGGAGAGGGAGAACG-1_V12D07-075_C1,2
GCGGCTCTGACGTACC-1_V12D07-075_C1,7
GCGGCTTTAGCAAGTT-1_V12D07-075_C1,2
GCGGGAACCAGGCCCT-1_V12D07-075_C1,4
GCGGGCATTACGATGC-1_V12D07-075_C1,1
GCGGGCGAGCCTTACC-1_V12D07-075_C1,6
GCGGTAACCCAAATGA-1_V12D07-075_C1,7
GCGGTCCCGGTGAAGG-1_V12D07-075_C1,1
GCGGTCCCTAGACGCA-1_V12D07-075_C1,4
GCGGTGAACTGCGCTC-1_V12D07-075_C1,5
GCGGTGCGGAGCATCG-1_V12D07-075_C1,7
GCGGTTCCCTATCATG-1_V12D07-075_C1,2
GCGTAAATGGCCATAA-1_V12D07-075_C1,5
GCGTCGAAATGTCGGT-1_V12D07-075_C1,4
GCGTCGCCAGGGTGAT-1_V12D07-075_C1,2
GCGTCTAACCTCCTAA-1_V12D07-075_C1,1
GCGTCTCTGCATTGGG-1_V12D07-075_C1,7
GCGTGGTACTGGGTTA-1_V12D07-075_C1,6
GCGTTATATTTGGAAC-1_V12D07-075_C1,7
GCGTTCGGAGACCGGG-1_V12D07-075_C1,1
GCGTTCTGACTAAGCG-1_V12D07-075_C1,6
GCTAAACCTGAGGTGA-1_V12D07-075_C1,7
GCTAACTGAAGTCTGA-1_V12D07-075_C1,2
GCTAAGTAAAGGCGAT-1_V12D07-075_C1,7
GCTAAGTAGTTTCTCT-1_V12D07-075_C1,2
GCTAATACCGAATGCC-1_V12D07-075_C1,7
GCTACAATCGAGGATA-1_V12D07-075_C1,2
GCTACAGTACGGACCG-1_V12D07-075_C1,6
GCTACGACTTATTGGG-1_V12D07-075_C1,2
GCTACTATAGTAGAGT-1_V12D07-075_C1,2
GCTAGACCGTCTACTG-1_V12D07-075_C1,2
GCTAGAGTAGAGATGT-1_V12D07-075_C1,2
GCTAGCACCTGGGCCA-1_V12D07-075_C1,1
GCTAGCAGGGAGTGGG-1_V12D07-075_C1,1
GCTAGCTTGAATAGCT-1_V12D07-075_C1,6
GCTAGGCACCACGGAG-1_V12D07-075_C1,3
GCTAGTAGAGCTTGTA-1_V12D07-075_C1,2
GCTAGTTTCATTGAGG-1_V12D07-075_C1,7
GCTATACGTCTCGGAC-1_V12D07-075_C1,2
GCTATCATACTCATGG-1_V12D07-075_C1,2
GCTATCGCGGCGCAAC-1_V12D07-075_C1,7
GCTCAACCTCTTAGAG-1_V12D07-075_C1,7
GCTCAATGTAATACCG-1_V12D07-075_C1,2
GCTCATTACTGCATGT-1_V12D07-075_C1,1
GCTCCATGAGTGCAGA-1_V12D07-075_C1,6
GCTCCATGCAAAGCAA-1_V12D07-075_C1,2
GCTCCCAGTCGGTCCA-1_V12D07-075_C1,6
GCTCCGCTCGCTTCAG-1_V12D07-075_C1,1
GCTCGCGGTTCCGCTC-1_V12D07-075_C1,7
GCTCGCTCATGTCCAA-1_V12D07-075_C1,2
GCTCGGAATTTAAAGC-1_V12D07-075_C1,5
GCTCTAAACCCTGACG-1_V12D07-075_C1,7
GCTCTATGTTACGTGC-1_V12D07-075_C1,7
GCTCTCGGGTACCGAA-1_V12D07-075_C1,7
GCTCTTTCCGCTAGTG-1_V12D07-075_C1,2
GCTGAACTCTCCAGGG-1_V12D07-075_C1,1
GCTGAGCAACGGTTCT-1_V12D07-075_C1,7
GCTGAGGCGTGAGTAT-1_V12D07-075_C1,2
GCTGCACGGTTTCTTA-1_V12D07-075_C1,2
GCTGCGCCTCCCACGT-1_V12D07-075_C1,7
GCTGCTAAGTAGTCGA-1_V12D07-075_C1,2
GCTGCTACTGCGTAGC-1_V12D07-075_C1,2
GCTGCTCTCCGGACAC-1_V12D07-075_C1,2
GCTGGACCCAAAGTGG-1_V12D07-075_C1,1
GCTGGCAGGTGCCGTG-1_V12D07-075_C1,7
GCTGGCATATTCACCT-1_V12D07-075_C1,7
GCTGGCGGCGCATGCT-1_V12D07-075_C1,2
GCTGGTGACTCGTAGT-1_V12D07-075_C1,1
GCTGTATTACTGGCCC-1_V12D07-075_C1,6
GCTGTTGCTACCGAAC-1_V12D07-075_C1,2
GCTTAATGTAACTAAC-1_V12D07-075_C1,1
GCTTACGTAGTTAGTA-1_V12D07-075_C1,1
GCTTATGAAGCAGGAA-1_V12D07-075_C1,2
GCTTCAGTGGGATTAC-1_V12D07-075_C1,1
GCTTCCAGCTTAGATT-1_V12D07-075_C1,7
GCTTCCGTCCCTAGAC-1_V12D07-075_C1,2
GCTTGATGATAATCAG-1_V12D07-075_C1,7
GCTTGCAGCACAATTG-1_V12D07-075_C1,1
GCTTGGATCGATTAGG-1_V12D07-075_C1,6
GCTTTACACAACTGGG-1_V12D07-075_C1,6
GCTTTCAGAGGAGGTG-1_V12D07-075_C1,6
GCTTTCTATCTCAACT-1_V12D07-075_C1,1
GGAAACCTTGTTGAAT-1_V12D07-075_C1,1
GGAAACTAAATGGGCC-1_V12D07-075_C1,2
GGAAAGTGCCCATGCC-1_V12D07-075_C1,5
GGAACCCGAACAAGAA-1_V12D07-075_C1,7
GGAACCGTGTAAATTG-1_V12D07-075_C1,6
GGAACGGCCTGCAGCC-1_V12D07-075_C1,7
GGAACTTTGGCGATTA-1_V12D07-075_C1,2
GGAAGCTCGCTTACAG-1_V12D07-075_C1,5
GGAATAACCTCAAGAA-1_V12D07-075_C1,4
GGAATGCGCTAGCGTG-1_V12D07-075_C1,6
GGACAACCATGAAGCC-1_V12D07-075_C1,2
GGACAAGTTGCAGTGA-1_V12D07-075_C1,7
GGACACAAGTTTACAC-1_V12D07-075_C1,6
GGACCAACAGGATAAC-1_V12D07-075_C1,2
GGACCTACGGTAACGT-1_V12D07-075_C1,1
GGACGGCTTGCGCAAC-1_V12D07-075_C1,1
GGACGGGCGACCAACC-1_V12D07-075_C1,2
GGACGTCCATAGTTGG-1_V12D07-075_C1,1
GGACTAAGTCAGGAGT-1_V12D07-075_C1,7
GGACTCACAAATTAGG-1_V12D07-075_C1,5
GGACTCGAAGCTTTCA-1_V12D07-075_C1,2
GGACTCTTCCGGTTGA-1_V12D07-075_C1,6
GGACTCTTTGACTAAG-1_V12D07-075_C1,6
GGAGAAGTCATTGGCA-1_V12D07-075_C1,7
GGAGACCAATGTGCTT-1_V12D07-075_C1,1
GGAGACGACACCTTTG-1_V12D07-075_C1,2
GGAGCAACATTTCAAG-1_V12D07-075_C1,2
GGAGCACCAAGAACTA-1_V12D07-075_C1,5
GGAGCGAGGCCTACTT-1_V12D07-075_C1,2
GGAGGATTGAAAGGAG-1_V12D07-075_C1,4
GGAGGCCGAAGTCGTC-1_V12D07-075_C1,1
GGAGGGCTTGGTTGGC-1_V12D07-075_C1,2
GGAGGGTCAAGTAAGA-1_V12D07-075_C1,2
GGAGTACACATGAGCT-1_V12D07-075_C1,7
GGAGTGCCGCCCTGGA-1_V12D07-075_C1,5
GGAGTTGATTCTGTGT-1_V12D07-075_C1,2
GGATACTCATGAATTG-1_V12D07-075_C1,4
GGATCAAAGGACGAGG-1_V12D07-075_C1,4
GGATCATCCCGTACGC-1_V12D07-075_C1,1
GGATCCCTACCAGCTA-1_V12D07-075_C1,7
GGATCCGGAATATACT-1_V12D07-075_C1,2
GGATGAAGATCGCTGA-1_V12D07-075_C1,2
GGATGACGCGAGTTTA-1_V12D07-075_C1,7
GGATGGCTTGAAGTAT-1_V12D07-075_C1,2
GGATGTCCTTACCGCA-1_V12D07-075_C1,6
GGATTAAGCTAAGGTC-1_V12D07-075_C1,1
GGATTCAGTACGGTGG-1_V12D07-075_C1,7
GGATTCCGCTATACCC-1_V12D07-075_C1,5
GGATTGCTGTGACTCC-1_V12D07-075_C1,2
GGATTTCACTTCTATA-1_V12D07-075_C1,6
GGCAAATTACTTTACT-1_V12D07-075_C1,2
GGCAAGCCAGGGATAG-1_V12D07-075_C1,1
GGCAAGCCCATAGTGG-1_V12D07-075_C1,2
GGCAAGGCGAAATAGC-1_V12D07-075_C1,2
GGCAATAGTCAATGAG-1_V12D07-075_C1,2
GGCACTCAGCCGACCC-1_V12D07-075_C1,5
GGCACTCCACTGGGCA-1_V12D07-075_C1,7
GGCACTGCGGTGGTTT-1_V12D07-075_C1,6
GGCAGAGAGATCGGGA-1_V12D07-075_C1,7
GGCAGCAAACCTATGC-1_V12D07-075_C1,2
GGCAGCGGTAATCCTA-1_V12D07-075_C1,1
GGCATACAGGTAGCGG-1_V12D07-075_C1,7
GGCATATCGGTTCTGC-1_V12D07-075_C1,5
GGCATCAACGAGCACG-1_V12D07-075_C1,4
GGCCACACGAAAGCCT-1_V12D07-075_C1,7
GGCCCAATCTAGAGGG-1_V12D07-075_C1,1
GGCCCAGCTGGTTTGC-1_V12D07-075_C1,2
GGCCCAGTTATCAGCA-1_V12D07-075_C1,1
GGCCCGGAGCATGTCT-1_V12D07-075_C1,1
GGCCCGTATACCATGC-1_V12D07-075_C1,1
GGCCCTCACCCACTTA-1_V12D07-075_C1,7
GGCCGCAGGAACCGCA-1_V12D07-075_C1,2
GGCCGGCGTCTGCTAT-1_V12D07-075_C1,2
GGCCGTTTGGGTTTCA-1_V12D07-075_C1,6
GGCCTGCTTCTCCCGA-1_V12D07-075_C1,2
GGCCTTTGCAACTGGC-1_V12D07-075_C1,7
GGCGAAATCTAACTTG-1_V12D07-075_C1,2
GGCGCAGGACATCTTC-1_V12D07-075_C1,7
GGCGCATGAATTGATG-1_V12D07-075_C1,2
GGCGCGTTCGAGTTTA-1_V12D07-075_C1,2
GGCGCTCCTCATCAAT-1_V12D07-075_C1,7
GGCGCTTCATTCCCTG-1_V12D07-075_C1,2
GGCGGAGTAATATTAG-1_V12D07-075_C1,7
GGCGGGCTCTAAGAGT-1_V12D07-075_C1,5
GGCGGTAGGATCATTG-1_V12D07-075_C1,2
GGCGGTTTGCCGGTGC-1_V12D07-075_C1,7
GGCGTAGGGAAAGCTG-1_V12D07-075_C1,2
GGCGTCCTATCCGCTG-1_V12D07-075_C1,7
GGCTAAAGGGCGGGTC-1_V12D07-075_C1,1
GGCTAATGATTGAAAT-1_V12D07-075_C1,1
GGCTATTAAGTTGTAT-1_V12D07-075_C1,7
GGCTCGCGTTGAGGTA-1_V12D07-075_C1,6
GGCTCGTGCCACCAGC-1_V12D07-075_C1,7
GGCTCTGCTCCAACGC-1_V12D07-075_C1,6
GGCTGAAATAGCAAAG-1_V12D07-075_C1,2
GGCTGAGCATCGTAAG-1_V12D07-075_C1,1
GGCTGGCAGCTTTATG-1_V12D07-075_C1,7
GGCTGGCTAGCTTAAA-1_V12D07-075_C1,4
GGCTTGGCTCTCACCT-1_V12D07-075_C1,7
GGCTTTCAATAAGGGT-1_V12D07-075_C1,2
GGGAAAGAATGCCAAC-1_V12D07-075_C1,6
GGGAACGGGAGGTTAG-1_V12D07-075_C1,7
GGGAAGACGGTCTGTC-1_V12D07-075_C1,2
GGGAATGAGCCCTCAC-1_V12D07-075_C1,1
GGGAATTCTGTCCAGT-1_V12D07-075_C1,7
GGGACCCGTATATCTT-1_V12D07-075_C1,2
GGGACTGCATAGATAG-1_V12D07-075_C1,2
GGGAGAACTCACAGTA-1_V12D07-075_C1,2
GGGAGCGACCGTAGTG-1_V12D07-075_C1,2
GGGAGGATGCCCGAAA-1_V12D07-075_C1,2
GGGAGTAATGGCTGGC-1_V12D07-075_C1,4
GGGAGTTAATGAGGCG-1_V12D07-075_C1,2
GGGATACGGTAATAAT-1_V12D07-075_C1,7
GGGATCCCAATACAAA-1_V12D07-075_C1,1
GGGATGGTCGTAACCG-1_V12D07-075_C1,6
GGGATTTACCGCACCT-1_V12D07-075_C1,2
GGGCACGAATTGGCCG-1_V12D07-075_C1,7
GGGCAGAGCAATCGTT-1_V12D07-075_C1,2
GGGCAGTCAACGCCAA-1_V12D07-075_C1,2
GGGCCCGTCTTAAACA-1_V12D07-075_C1,2
GGGCCCTACGAAAGGG-1_V12D07-075_C1,6
GGGCCCTTATCTATAC-1_V12D07-075_C1,7
GGGCCGGCCGAAGTAC-1_V12D07-075_C1,2
GGGCCTATTTAAGTAT-1_V12D07-075_C1,1
GGGCGAATTTCTCCAC-1_V12D07-075_C1,7
GGGCGATATGTGTGAA-1_V12D07-075_C1,2
GGGCGCAGCGTTACTC-1_V12D07-075_C1,1
GGGCGGCAAATGAATT-1_V12D07-075_C1,6
GGGCGGGTTCCCTACG-1_V12D07-075_C1,6
GGGCGGTCCTATTGTC-1_V12D07-075_C1,7
GGGCGTACATTTATAT-1_V12D07-075_C1,5
GGGCGTCACCACGTAA-1_V12D07-075_C1,2
GGGCGTCCACTGGCTC-1_V12D07-075_C1,5
GGGCGTGGTTTCCCAG-1_V12D07-075_C1,2
GGGCTATGATCGATGG-1_V12D07-075_C1,6
GGGCTCATCGAACCCA-1_V12D07-075_C1,5
GGGCTGCCTAGGGCGA-1_V12D07-075_C1,2
GGGCTGGTTAGTCGCG-1_V12D07-075_C1,7
GGGTAATGCTGTGTTT-1_V12D07-075_C1,7
GGGTACACTCTGGAGG-1_V12D07-075_C1,7
GGGTACCCACGGTCCT-1_V12D07-075_C1,7
GGGTACTTCATGAACT-1_V12D07-075_C1,7
GGGTATGTATGCACTT-1_V12D07-075_C1,3
GGGTCACCGTGACGGT-1_V12D07-075_C1,7
GGGTCAGGAGCTAGAT-1_V12D07-075_C1,2
GGGTCATGCGTACCAT-1_V12D07-075_C1,7
GGGTCGTGGCAAGTGT-1_V12D07-075_C1,1
GGGTCTATCGCTTTCC-1_V12D07-075_C1,2
GGGTGACACCTTAACT-1_V12D07-075_C1,2
GGGTGCATATGAAAGC-1_V12D07-075_C1,1
GGGTGGTCCAGCCTGT-1_V12D07-075_C1,4
GGGTGTTTCAGCTATG-1_V12D07-075_C1,4
GGGTTAACATTTGAGT-1_V12D07-075_C1,6
GGGTTCAGACGAACAA-1_V12D07-075_C1,7
GGGTTTAGGATAGGAT-1_V12D07-075_C1,6
GGTAAACTCTGCGCTG-1_V12D07-075_C1,2
GGTAAATGTGCGTTAC-1_V12D07-075_C1,1
GGTAACCGGCAAAGGT-1_V12D07-075_C1,7
GGTAACTATGTATCTG-1_V12D07-075_C1,4
GGTACAAACATGCTAT-1_V12D07-075_C1,2
GGTACACCAGATTTAT-1_V12D07-075_C1,1
GGTACATCTGGGACGA-1_V12D07-075_C1,6
GGTACCATTAAGACGG-1_V12D07-075_C1,5
GGTACGTTGCGGCCGG-1_V12D07-075_C1,2
GGTACTAAGTGCTTTG-1_V12D07-075_C1,5
GGTAGAAGACCGCCTG-1_V12D07-075_C1,2
GGTAGACCGTTGGGCG-1_V12D07-075_C1,6
GGTAGTGCTCGCACCA-1_V12D07-075_C1,2
GGTATAGTGACACATA-1_V12D07-075_C1,1
GGTATGAAAGAACTGA-1_V12D07-075_C1,7
GGTATTGCCGAGTTTA-1_V12D07-075_C1,7
GGTCAAGACTACTTCG-1_V12D07-075_C1,2
GGTCAGTGGGTCCCAC-1_V12D07-075_C1,2
GGTCATTGTAGTCATA-1_V12D07-075_C1,1
GGTCCTTCATACGACT-1_V12D07-075_C1,7
GGTCGGATAAACGGCG-1_V12D07-075_C1,5
GGTCGGCCAGGAGCTT-1_V12D07-075_C1,6
GGTCGGTAATTAGACA-1_V12D07-075_C1,4
GGTCGGTCGTCCACAG-1_V12D07-075_C1,6
GGTCTCCAAGTAGTGC-1_V12D07-075_C1,5
GGTCTCCGTCCAGGTT-1_V12D07-075_C1,2
GGTCTGAGAATCTGGA-1_V12D07-075_C1,2
GGTCTTGAGCGCTCTT-1_V12D07-075_C1,2
GGTCTTGGTGTTAACT-1_V12D07-075_C1,7
GGTGAAACCGGGAATG-1_V12D07-075_C1,4
GGTGAACGGGCTAGCC-1_V12D07-075_C1,4
GGTGAAGTACAGGGAT-1_V12D07-075_C1,6
GGTGACTGATAGAGAG-1_V12D07-075_C1,2
GGTGAGATGCAGATAA-1_V12D07-075_C1,3
GGTGATAAGGAGCAGT-1_V12D07-075_C1,2
GGTGATGAAGGAAGTG-1_V12D07-075_C1,7
GGTGATTTCATCTTGT-1_V12D07-075_C1,4
GGTGCAGAGCCTATCG-1_V12D07-075_C1,1
GGTGCATAAATGATTA-1_V12D07-075_C1,6
GGTGCGGATAAGTGGC-1_V12D07-075_C1,4
GGTGCTGATCACAAAG-1_V12D07-075_C1,7
GGTGCTGGTACACATT-1_V12D07-075_C1,7
GGTGGACCACGTGTTA-1_V12D07-075_C1,1
GGTGGACTGCTCTGGC-1_V12D07-075_C1,2
GGTGGAGGTTGATACG-1_V12D07-075_C1,1
GGTGTAAATCGATTGT-1_V12D07-075_C1,2
GGTGTAGGTAAGTAAA-1_V12D07-075_C1,2
GGTGTTGGGCGTCTTA-1_V12D07-075_C1,5
GGTTACCACCCTCGGG-1_V12D07-075_C1,6
GGTTACCCGACACTTT-1_V12D07-075_C1,1
GGTTAGCTATATGTCT-1_V12D07-075_C1,2
GGTTAGGCTTGGAGAA-1_V12D07-075_C1,7
GGTTAGTTACGGCGCC-1_V12D07-075_C1,7
GGTTCGGATTATACTA-1_V12D07-075_C1,7
GGTTCTACTCGTCTGA-1_V12D07-075_C1,6
GGTTGTGCTCTTGTCC-1_V12D07-075_C1,7
GGTTGTGTAGCCTGGC-1_V12D07-075_C1,7
GGTTTAATTGAGCAGG-1_V12D07-075_C1,1
GGTTTACAATCTCAAT-1_V12D07-075_C1,6
GGTTTAGCCTTTCTTG-1_V12D07-075_C1,2
GGTTTCAATCGGTCAG-1_V12D07-075_C1,6
GGTTTGACAAGAAGCT-1_V12D07-075_C1,1
GGTTTGAGTGCTGGAA-1_V12D07-075_C1,4
GGTTTGTGACCTGAGG-1_V12D07-075_C1,2
GTAACAACTGACCTTG-1_V12D07-075_C1,1
GTAACATCTAAGATAA-1_V12D07-075_C1,2
GTAACTGCCCAAGGAG-1_V12D07-075_C1,2
GTAACTTGCGGCAGTC-1_V12D07-075_C1,4
GTAAGCGGGCAGTCAG-1_V12D07-075_C1,2
GTAAGGATTTGTCGGA-1_V12D07-075_C1,4
GTAAGTAACAGTCTGG-1_V12D07-075_C1,2
GTAAGTAGGGTATACC-1_V12D07-075_C1,7
GTAAGTCCACACTCTA-1_V12D07-075_C1,1
GTAATAAAGGGCTCCC-1_V12D07-075_C1,5
GTAATCTGATTCTTCG-1_V12D07-075_C1,6
GTACACTTACCTGAAG-1_V12D07-075_C1,2
GTACAGAGGCAAGGGT-1_V12D07-075_C1,2
GTACGACGGCGCTGCG-1_V12D07-075_C1,7
GTACGAGATTGCGACA-1_V12D07-075_C1,5
GTACGCTTCATTGCAC-1_V12D07-075_C1,2
GTACGTCACGTATTAA-1_V12D07-075_C1,1
GTACGTTTGCCCGTCA-1_V12D07-075_C1,2
GTACTAAGATTTGGAG-1_V12D07-075_C1,7
GTACTCCCTTATCGCT-1_V12D07-075_C1,7
GTACTCCTGGGTATGC-1_V12D07-075_C1,5
GTACTGAGGTCGTAAC-1_V12D07-075_C1,4
GTACTGCATGAAGCGT-1_V12D07-075_C1,4
GTACTGGAGTTAGACC-1_V12D07-075_C1,2
GTACTTGGGCACTTCT-1_V12D07-075_C1,7
GTAGAAACGGGTGGAG-1_V12D07-075_C1,7
GTAGACAACCGATGAA-1_V12D07-075_C1,4
GTAGACACGCCTGACT-1_V12D07-075_C1,2
GTAGACGTCGTTACAT-1_V12D07-075_C1,4
GTAGCCAAACATGGGA-1_V12D07-075_C1,2
GTAGCGCTGTTGTAGT-1_V12D07-075_C1,4
GTAGCGGCTATACACT-1_V12D07-075_C1,2
GTAGCTTCCTCTTGTT-1_V12D07-075_C1,6
GTAGGTGATCCGTGTA-1_V12D07-075_C1,5
GTAGTCGCGGGAATCA-1_V12D07-075_C1,2
GTAGTCTACGATATTG-1_V12D07-075_C1,2
GTAGTGAGCAACCTCA-1_V12D07-075_C1,2
GTATAATCTCCCGGAT-1_V12D07-075_C1,7
GTATAGGACTCAGTAG-1_V12D07-075_C1,5
GTATCAAACGTTAGCT-1_V12D07-075_C1,2
GTATCAGCTTGGGTTC-1_V12D07-075_C1,7
GTATCCTTTGGTAACC-1_V12D07-075_C1,2
GTATCTTTCATAACCA-1_V12D07-075_C1,2
GTATGACGTGGGAAAC-1_V12D07-075_C1,4
GTATGTGGGTCTAGTT-1_V12D07-075_C1,2
GTATTAAGGCGTCTAA-1_V12D07-075_C1,7
GTATTAGGGTTCGCGT-1_V12D07-075_C1,1
GTATTCTGAGAAACGA-1_V12D07-075_C1,6
GTATTCTTACCGTGCT-1_V12D07-075_C1,7
GTATTTAATGGCATAA-1_V12D07-075_C1,5
GTCAAAGTTTACATAG-1_V12D07-075_C1,7
GTCAACCAGGCCTATA-1_V12D07-075_C1,2
GTCAAGCGGACTCGGG-1_V12D07-075_C1,2
GTCAATGCTATAATTT-1_V12D07-075_C1,1
GTCAATTGTACTGAAG-1_V12D07-075_C1,4
GTCACAAAGTTTCCAA-1_V12D07-075_C1,4
GTCACTCTCCAAATCT-1_V12D07-075_C1,7
GTCAGAATAGTCTATG-1_V12D07-075_C1,7
GTCAGACAGCGTTGGA-1_V12D07-075_C1,7
GTCAGTTGTGCTCGTT-1_V12D07-075_C1,4
GTCAGTTTGGTAGTCG-1_V12D07-075_C1,7
GTCATCTCCTACAGCT-1_V12D07-075_C1,7
GTCATGCACCTCCGTT-1_V12D07-075_C1,2
GTCATGCGCGAGGGCT-1_V12D07-075_C1,2
GTCATGGACATGACTA-1_V12D07-075_C1,2
GTCATTAGAGCGAACG-1_V12D07-075_C1,2
GTCATTGCATTGACCC-1_V12D07-075_C1,7
GTCCAATATTTAGCCT-1_V12D07-075_C1,2
GTCCACGTCGCATTCG-1_V12D07-075_C1,2
GTCCATTACTGCTACG-1_V12D07-075_C1,6
GTCCCAACGTAAAGTA-1_V12D07-075_C1,2
GTCCCGCGACGTTATG-1_V12D07-075_C1,2
GTCCGAGAGCAATCAT-1_V12D07-075_C1,7
GTCCGGACCTGAAATT-1_V12D07-075_C1,2
GTCCGGCTGAATTGCG-1_V12D07-075_C1,7
GTCCGGGTTCACATTA-1_V12D07-075_C1,2
GTCCTACAGGCGGCTC-1_V12D07-075_C1,7
GTCCTACGAATAGTCT-1_V12D07-075_C1,2
GTCCTATTGTTGTGGT-1_V12D07-075_C1,7
GTCCTTCTACAACCCA-1_V12D07-075_C1,7
GTCCTTCTAGTGGGTT-1_V12D07-075_C1,1
GTCCTTTAATGACTTC-1_V12D07-075_C1,1
GTCGATAGGTGACTTT-1_V12D07-075_C1,5
GTCGCCGTTGTGTGTT-1_V12D07-075_C1,6
GTCGCGTAACCCGTTG-1_V12D07-075_C1,2
GTCGGAAGGATACCAG-1_V12D07-075_C1,1
GTCGGATATCTCAGAC-1_V12D07-075_C1,7
GTCGGATGTAGCGCGC-1_V12D07-075_C1,5
GTCGGGAACATGGTAG-1_V12D07-075_C1,7
GTCGGGAAGCAGAAAC-1_V12D07-075_C1,2
GTCGTACCATCTCGGG-1_V12D07-075_C1,2
GTCGTACCTACGATTG-1_V12D07-075_C1,7
GTCGTATTGGCGTACA-1_V12D07-075_C1,5
GTCGTCAATTATAAGG-1_V12D07-075_C1,4
GTCGTCTGGTTGGCTA-1_V12D07-075_C1,1
GTCGTGTCTGGTCATC-1_V12D07-075_C1,1
GTCGTTATTCGCTTAT-1_V12D07-075_C1,2
GTCTACTCAATTACAA-1_V12D07-075_C1,7
GTCTAGTGAGCCGCTT-1_V12D07-075_C1,2
GTCTATCTGAGTTTCT-1_V12D07-075_C1,7
GTCTATTGCATGCTCG-1_V12D07-075_C1,2
GTCTATTGGTTCCGGT-1_V12D07-075_C1,2
GTCTCAAGGCCCGGCT-1_V12D07-075_C1,2
GTCTCCGCCTCAATAC-1_V12D07-075_C1,2
GTCTCGACTAAGTTTG-1_V12D07-075_C1,1
GTCTCGATCTGCTTTC-1_V12D07-075_C1,5
GTCTGGGCGGTCGAGA-1_V12D07-075_C1,6
GTCTTAGTACAGCCGG-1_V12D07-075_C1,5
GTCTTCCTCACCTAAG-1_V12D07-075_C1,7
GTCTTGAGGAGCAGTG-1_V12D07-075_C1,1
GTCTTGTAGCTATTCA-1_V12D07-075_C1,1
GTGAAACGGCGCCACC-1_V12D07-075_C1,5
GTGAAACGTGCTCCAC-1_V12D07-075_C1,4
GTGAACTCCCATTCGA-1_V12D07-075_C1,5
GTGAAGATTTCAAGTG-1_V12D07-075_C1,5
GTGAAGCCGTATAGTC-1_V12D07-075_C1,1
GTGACAGCTTCCCACT-1_V12D07-075_C1,2
GTGACCGCACACTACG-1_V12D07-075_C1,2
GTGACCTAAAGAATAA-1_V12D07-075_C1,1
GTGACGAGGGTGACCC-1_V12D07-075_C1,1
GTGACGCAGGTTTCAT-1_V12D07-075_C1,2
GTGACTTCAGTAGTGC-1_V12D07-075_C1,2
GTGAGCGTGCTGCACT-1_V12D07-075_C1,7
GTGAGGACACTTAAGG-1_V12D07-075_C1,2
GTGAGGAGCGGTTGAG-1_V12D07-075_C1,5
GTGAGTCGACTAATAG-1_V12D07-075_C1,6
GTGAGTCTAAGACGGA-1_V12D07-075_C1,7
GTGAGTGGTACAACGC-1_V12D07-075_C1,2
GTGATCACTAACGCCT-1_V12D07-075_C1,2
GTGATCATAGATCTGC-1_V12D07-075_C1,2
GTGATCCTTGTCATGA-1_V12D07-075_C1,2
GTGATGCACAACATCT-1_V12D07-075_C1,1
GTGATTCGCCGCTCAA-1_V12D07-075_C1,6
GTGCAACAAATGTGGC-1_V12D07-075_C1,4
GTGCACCAGCTTCAAC-1_V12D07-075_C1,2
GTGCACGAAAGTGACT-1_V12D07-075_C1,4
GTGCAGCGTAGAGTAG-1_V12D07-075_C1,5
GTGCCATCACACGGTG-1_V12D07-075_C1,6
GTGCCCGTTCGGATTC-1_V12D07-075_C1,2
GTGCCGCTTCAAAGGT-1_V12D07-075_C1,2
GTGCCTAGCTATGCTT-1_V12D07-075_C1,7
GTGCCTCAGTGTACGG-1_V12D07-075_C1,1
GTGCCTGAGACCAAAC-1_V12D07-075_C1,2
GTGCGAAATCGAACAC-1_V12D07-075_C1,6
GTGCGACAGGGAGTGT-1_V12D07-075_C1,6
GTGCGGGACCATCGGC-1_V12D07-075_C1,4
GTGCGGGTCTCCAAAT-1_V12D07-075_C1,5
GTGCGTGTATATGAGC-1_V12D07-075_C1,1
GTGCTCAAGTACTGTC-1_V12D07-075_C1,7
GTGCTGCAGATAAGGA-1_V12D07-075_C1,7
GTGCTTACATCAGCGC-1_V12D07-075_C1,5
GTGGAACCTACATGCG-1_V12D07-075_C1,5
GTGGACCAACCCGATT-1_V12D07-075_C1,6
GTGGACGCATTTGTCC-1_V12D07-075_C1,3
GTGGACGTGCTGAGAC-1_V12D07-075_C1,7
GTGGAGCATGTCGGCC-1_V12D07-075_C1,1
GTGGAGTCGGCGGTTG-1_V12D07-075_C1,6
GTGGCCTAATATCATT-1_V12D07-075_C1,7
GTGGCTGTTTCTGTTC-1_V12D07-075_C1,2
GTGGGCTTAGACACAC-1_V12D07-075_C1,7
GTGGTATAGTCTGCCG-1_V12D07-075_C1,6
GTGGTCAGCGAAGTAT-1_V12D07-075_C1,1
GTGGTGATGGTTTGTG-1_V12D07-075_C1,5
GTGGTGGCCAAGTGAA-1_V12D07-075_C1,2
GTGGTTACTTCTTTCG-1_V12D07-075_C1,5
GTGGTTTCCGCCTTTC-1_V12D07-075_C1,6
GTGTACCTTGGCTACG-1_V12D07-075_C1,6
GTGTACGAACCGTTCC-1_V12D07-075_C1,1
GTGTATATCAGCGGGC-1_V12D07-075_C1,2
GTGTATGACTTTAAAG-1_V12D07-075_C1,4
GTGTCGTATAGCGTTC-1_V12D07-075_C1,2
GTGTCGTATTCACCTT-1_V12D07-075_C1,1
GTGTGAATAACTTAGG-1_V12D07-075_C1,6
GTGTGTCGACGTCGCT-1_V12D07-075_C1,7
GTGTTACTATGCGTCC-1_V12D07-075_C1,2
GTTAAAGTAGGACTGG-1_V12D07-075_C1,2
GTTAACATCACTTAAA-1_V12D07-075_C1,2
GTTAACTATGTTGTCA-1_V12D07-075_C1,1
GTTAAGGGTGCGATGT-1_V12D07-075_C1,2
GTTAAGTTAGAGTGGG-1_V12D07-075_C1,1
GTTAATGTCTATCTTA-1_V12D07-075_C1,7
GTTACAATTGGTGACG-1_V12D07-075_C1,7
GTTACCAAGGCGTACG-1_V12D07-075_C1,6
GTTACCTACAACTTGC-1_V12D07-075_C1,2
GTTACTTTGGGCCTAG-1_V12D07-075_C1,2
GTTAGAGTGTGCCGCT-1_V12D07-075_C1,4
GTTAGCCCATGACATC-1_V12D07-075_C1,2
GTTAGCCGTAAATCAA-1_V12D07-075_C1,1
GTTATAATACGGTGAA-1_V12D07-075_C1,2
GTTATATCAGGAGCCA-1_V12D07-075_C1,1
GTTATATTATCTCCCT-1_V12D07-075_C1,2
GTTATCAAGCTATCGA-1_V12D07-075_C1,2
GTTATCACCTTCTGAA-1_V12D07-075_C1,4
GTTATTAACGTGGGAG-1_V12D07-075_C1,7
GTTCAAATCAGATGTC-1_V12D07-075_C1,7
GTTCACAGGAGTCTAG-1_V12D07-075_C1,7
GTTCAGTCGCCAAATG-1_V12D07-075_C1,2
GTTCATCGTTTGGCTG-1_V12D07-075_C1,5
GTTCCAGTCTGACCAT-1_V12D07-075_C1,1
GTTCCCGTAAACATAT-1_V12D07-075_C1,2
GTTCGCCATAAGTGCC-1_V12D07-075_C1,2
GTTCGCTGAGACGTCT-1_V12D07-075_C1,2
GTTCGGAGCACTCAAC-1_V12D07-075_C1,2
GTTCGGATCGGGAACA-1_V12D07-075_C1,6
GTTCGGGCGTACCATT-1_V12D07-075_C1,5
GTTCGTCTAAAGAACT-1_V12D07-075_C1,2
GTTCGTCTGGGTCCCT-1_V12D07-075_C1,1
GTTCTTCCCTCGATGT-1_V12D07-075_C1,3
GTTGAACCGGTTCCAT-1_V12D07-075_C1,7
GTTGAGTCCCGCCGGT-1_V12D07-075_C1,2
GTTGCACGGAGTTTCG-1_V12D07-075_C1,7
GTTGCAGTCGACAACA-1_V12D07-075_C1,2
GTTGCGCTAACATTAC-1_V12D07-075_C1,1
GTTGCGGACGGTCAGG-1_V12D07-075_C1,5
GTTGGACCGCATCAGG-1_V12D07-075_C1,1
GTTGGATTCAGTGGCT-1_V12D07-075_C1,1
GTTGGATTGAGAACAC-1_V12D07-075_C1,6
GTTGGATTTGCGTTGG-1_V12D07-075_C1,2
GTTGGTCATGCTATCC-1_V12D07-075_C1,2
GTTGTAGATTTATGAG-1_V12D07-075_C1,2
GTTGTCGTGTTAGTTG-1_V12D07-075_C1,4
GTTGTTACATTGCGCT-1_V12D07-075_C1,1
GTTGTTGCAAGATGGC-1_V12D07-075_C1,2
GTTTACGTTCCATCTG-1_V12D07-075_C1,2
GTTTATGGGATTTAGA-1_V12D07-075_C1,7
GTTTCAAACGAGTTGT-1_V12D07-075_C1,2
GTTTCATATCGTCGCT-1_V12D07-075_C1,6
GTTTCCTGGAGGGTGA-1_V12D07-075_C1,7
GTTTCTAGAGGCGCGG-1_V12D07-075_C1,2
GTTTCTGCAGTCTCCC-1_V12D07-075_C1,2
GTTTGACCAAATCCTA-1_V12D07-075_C1,2
GTTTGGCCCAAGTTAT-1_V12D07-075_C1,2
GTTTGGCCGCTCAGCG-1_V12D07-075_C1,3
GTTTGGGCTTGTGAGC-1_V12D07-075_C1,2
GTTTGGGTTTCGCCCG-1_V12D07-075_C1,2
GTTTGGTAGGGTCAAC-1_V12D07-075_C1,2
TAAACGTCGTCAATGA-1_V12D07-075_C1,7
TAAAGACAACCCTTTA-1_V12D07-075_C1,1
TAAAGAGCCCGAAACC-1_V12D07-075_C1,4
TAAAGCGGTATTTCCA-1_V12D07-075_C1,2
TAAAGCGTTAGGAGAA-1_V12D07-075_C1,6
TAAAGCTGCAATAGGG-1_V12D07-075_C1,1
TAAATCTTTACACCTC-1_V12D07-075_C1,1
TAAATGAATCCGTTTC-1_V12D07-075_C1,7
TAAATGCCGTCTCATG-1_V12D07-075_C1,1
TAAATGGGCTACTGAG-1_V12D07-075_C1,2
TAACAAAGGGAGAAGC-1_V12D07-075_C1,7
TAACAATATTTGTTGC-1_V12D07-075_C1,7
TAACATACAATGTGGG-1_V12D07-075_C1,2
TAACCGCCCGCAGTGC-1_V12D07-075_C1,4
TAACCTACCGTCCGAG-1_V12D07-075_C1,5
TAACCTAGGGAGTCCA-1_V12D07-075_C1,2
TAACGCTTTGAGAGCG-1_V12D07-075_C1,7
TAACTATCGAAGGTCC-1_V12D07-075_C1,7
TAACTATTACGCCAAA-1_V12D07-075_C1,5
TAACTCATCCGCGCGG-1_V12D07-075_C1,2
TAACTCCATGGAGGCT-1_V12D07-075_C1,7
TAAGCAGGCGACACGC-1_V12D07-075_C1,7
TAAGCCCTTACGACCA-1_V12D07-075_C1,1
TAAGGAACTTGTGGGA-1_V12D07-075_C1,7
TAAGGCAACATAAGAT-1_V12D07-075_C1,2
TAAGGCATAACATCAA-1_V12D07-075_C1,6
TAAGGCCCGTCACCCT-1_V12D07-075_C1,2
TAAGGCTGAATCCCTC-1_V12D07-075_C1,2
TAAGGGCCTGTCCGAT-1_V12D07-075_C1,2
TAAGGGCTGGGAGAGG-1_V12D07-075_C1,7
TAAGTAAATGTGCCGC-1_V12D07-075_C1,1
TAAGTAACATCTTGAC-1_V12D07-075_C1,6
TAAGTCGGTGAGCTAG-1_V12D07-075_C1,2
TAAGTTGCGACGTAGG-1_V12D07-075_C1,2
TAATAAACAAGGAGAT-1_V12D07-075_C1,5
TAATACACAGTAGTAT-1_V12D07-075_C1,4
TAATACTAGAACAGAC-1_V12D07-075_C1,2
TAATAGAACAGAGTTA-1_V12D07-075_C1,6
TAATAGCTAAATGATG-1_V12D07-075_C1,1
TAATAGTGACGACCAG-1_V12D07-075_C1,6
TAATATTGAAATTCGC-1_V12D07-075_C1,4
TAATCAACCAAATGGG-1_V12D07-075_C1,5
TAATCGATCCGTACGT-1_V12D07-075_C1,5
TAATGAAAGACCCTTG-1_V12D07-075_C1,7
TAATTACGTCAGTAGA-1_V12D07-075_C1,2
TAATTAGATGGATATG-1_V12D07-075_C1,4
TAATTAGGACATCCGT-1_V12D07-075_C1,6
TAATTCCAATGCTTCA-1_V12D07-075_C1,2
TAATTGGAATCGGGAA-1_V12D07-075_C1,1
TAATTTCCGTCCAGTA-1_V12D07-075_C1,6
TACAACGCACAACTCA-1_V12D07-075_C1,7
TACAAGGGCTTCTTTA-1_V12D07-075_C1,2
TACAAGTCTCGTGCAT-1_V12D07-075_C1,7
TACACCGTCGTTAGTC-1_V12D07-075_C1,1
TACACCTCTTCGAATC-1_V12D07-075_C1,2
TACAGAAACGGTGGGC-1_V12D07-075_C1,2
TACATAGGCATACACC-1_V12D07-075_C1,2
TACATCTTGTTTCTTG-1_V12D07-075_C1,7
TACATGACCTTATCCG-1_V12D07-075_C1,7
TACATGCCGGAATTGT-1_V12D07-075_C1,5
TACATTTCTAACGTGC-1_V12D07-075_C1,2
TACCAAATAGCCCAGA-1_V12D07-075_C1,2
TACCAATAAAGTACCA-1_V12D07-075_C1,2
TACCAGAAGTAGGTTC-1_V12D07-075_C1,2
TACCAGCTAGGTTTAA-1_V12D07-075_C1,4
TACCATGTATTGATTT-1_V12D07-075_C1,5
TACCCTCGGTAACCCT-1_V12D07-075_C1,2
TACCGAATAATTGTAA-1_V12D07-075_C1,2
TACCGCGGACTTGCAG-1_V12D07-075_C1,6
TACCGGCTCACTGCCC-1_V12D07-075_C1,2
TACCGGTCGTTTCCAT-1_V12D07-075_C1,6
TACCGTAGGTTAACTA-1_V12D07-075_C1,2
TACCGTGCCTCGGACC-1_V12D07-075_C1,2
TACCTACTCCCAGTAT-1_V12D07-075_C1,2
TACCTATCCCTAGAGG-1_V12D07-075_C1,7
TACCTCACGCTTGTAC-1_V12D07-075_C1,4
TACCTCAGTTGTCTGT-1_V12D07-075_C1,2
TACCTCTTTACCATCC-1_V12D07-075_C1,2
TACCTGCTGCACTGTG-1_V12D07-075_C1,7
TACGAACACGACTTCA-1_V12D07-075_C1,7
TACGACGCTTGCTGCG-1_V12D07-075_C1,2
TACGACTGCCTCTTAG-1_V12D07-075_C1,2
TACGAGAACTTCACGT-1_V12D07-075_C1,7
TACGATGTTGATCATC-1_V12D07-075_C1,7
TACGCAGTTCTTTCCT-1_V12D07-075_C1,2
TACGCCATATTCTAAT-1_V12D07-075_C1,2
TACGCCGCCTCAGAAG-1_V12D07-075_C1,1
TACGCCTCCATTCCGA-1_V12D07-075_C1,2
TACGCTATAGAAACCT-1_V12D07-075_C1,5
TACGCTCGGTATTGGA-1_V12D07-075_C1,2
TACGGAAGCCAAACCA-1_V12D07-075_C1,2
TACGGCATGGACGCTA-1_V12D07-075_C1,2
TACGGGATGCTAGCAG-1_V12D07-075_C1,5
TACGTAAAGCGGAGTG-1_V12D07-075_C1,2
TACGTGCAAGGTTCCT-1_V12D07-075_C1,1
TACGTGCACTATGCTG-1_V12D07-075_C1,7
TACGTGGGCCCAGGGC-1_V12D07-075_C1,2
TACGTTTACCGGCAAT-1_V12D07-075_C1,6
TACTACGTGCAATGCG-1_V12D07-075_C1,6
TACTATGGTTCCTCAG-1_V12D07-075_C1,6
TACTCGGCACGCCGGG-1_V12D07-075_C1,3
TACTCTCCGAACAAAT-1_V12D07-075_C1,5
TACTCTTACTTTACTG-1_V12D07-075_C1,2
TACTCTTTCGTCTTCA-1_V12D07-075_C1,6
TACTGAACAGATTTAG-1_V12D07-075_C1,6
TACTGCAATCAATTAC-1_V12D07-075_C1,5
TACTGGACAGCTCGGC-1_V12D07-075_C1,7
TACTGTTTCTCTGGTA-1_V12D07-075_C1,5
TACTTAAACATGTACA-1_V12D07-075_C1,2
TACTTGTTAGTAGTCC-1_V12D07-075_C1,2
TACTTTACTGAGCCGG-1_V12D07-075_C1,6
TAGAAACACAATAGTG-1_V12D07-075_C1,7
TAGAAACCACTAAGTA-1_V12D07-075_C1,4
TAGAAAGGTGGCGCTA-1_V12D07-075_C1,2
TAGAAATTCACGTATA-1_V12D07-075_C1,7
TAGAAGAAGGGTTACA-1_V12D07-075_C1,2
TAGAATAGCCGATGAA-1_V12D07-075_C1,2
TAGAATTAAGGGCAAC-1_V12D07-075_C1,4
TAGACGAAACGCCAAT-1_V12D07-075_C1,2
TAGACGCCCGTACCGG-1_V12D07-075_C1,6
TAGACTACCTAGCGTT-1_V12D07-075_C1,2
TAGAGCTACGAAGAAC-1_V12D07-075_C1,4
TAGAGGTTCTACTTGT-1_V12D07-075_C1,2
TAGAGTCTAAGCGAAC-1_V12D07-075_C1,7
TAGATATGGACTGGAA-1_V12D07-075_C1,2
TAGATCCGAAGTCGCA-1_V12D07-075_C1,4
TAGATGGTTCCTTACT-1_V12D07-075_C1,2
TAGATTCCTGGTTATT-1_V12D07-075_C1,7
TAGCAACCTGTCACAA-1_V12D07-075_C1,7
TAGCAGTATGACTAAA-1_V12D07-075_C1,2
TAGCCAGAGGGTCCGG-1_V12D07-075_C1,7
TAGCCATTTCAAAGTC-1_V12D07-075_C1,2
TAGCCGGCGGTCAGCG-1_V12D07-075_C1,6
TAGCGTCCCTCGATTG-1_V12D07-075_C1,6
TAGCGTCCGGTGTGGT-1_V12D07-075_C1,2
TAGCGTCGAATATTGA-1_V12D07-075_C1,7
TAGCGTTGGGTCTTAC-1_V12D07-075_C1,2
TAGCTAAGTCCGGGAG-1_V12D07-075_C1,2
TAGCTAGAAGGCATGA-1_V12D07-075_C1,6
TAGCTAGTGATGATGG-1_V12D07-075_C1,6
TAGCTCAGATCCTAGT-1_V12D07-075_C1,1
TAGCTCGCCTGATAAC-1_V12D07-075_C1,2
TAGGAACAGCCTCCAG-1_V12D07-075_C1,1
TAGGCATGTTACGCCA-1_V12D07-075_C1,5
TAGGCCTATATAGTCT-1_V12D07-075_C1,2
TAGGCTAAAGTGGCAC-1_V12D07-075_C1,2
TAGGGAGCTTGGGATG-1_V12D07-075_C1,6
TAGGGTGTTTCAAGAG-1_V12D07-075_C1,5
TAGGTCCAAGTAAGGA-1_V12D07-075_C1,7
TAGGTCGCCGGAACTG-1_V12D07-075_C1,6
TAGGTGACGATAACCT-1_V12D07-075_C1,2
TAGGTGAGCCCTACTC-1_V12D07-075_C1,7
TAGGTGCTCGCCTAGC-1_V12D07-075_C1,2
TAGGTGTTCCACAGAT-1_V12D07-075_C1,2
TAGGTTCGAGTTCGTC-1_V12D07-075_C1,2
TAGTACCTTAGTGGTC-1_V12D07-075_C1,7
TAGTAGCTTATACCAG-1_V12D07-075_C1,6
TAGTCCCGGAGACCAC-1_V12D07-075_C1,2
TAGTCCGCAGAGAATG-1_V12D07-075_C1,2
TAGTCCGTATGCATAA-1_V12D07-075_C1,7
TAGTCGATCACGGGTT-1_V12D07-075_C1,2
TAGTCGGGATTCTTCG-1_V12D07-075_C1,7
TAGTCTAACAACGAGA-1_V12D07-075_C1,7
TAGTCTGTGACGTTGC-1_V12D07-075_C1,1
TAGTCTTTCCGAATTG-1_V12D07-075_C1,5
TAGTGCCCTCCAGAGT-1_V12D07-075_C1,7
TAGTGCTTGAATCCTT-1_V12D07-075_C1,7
TAGTGTCAGAAACGGC-1_V12D07-075_C1,7
TAGTTAAGATAGGATA-1_V12D07-075_C1,5
TAGTTTATTCTTGCTT-1_V12D07-075_C1,4
TATAAATCCACAAGCT-1_V12D07-075_C1,7
TATAAGTGAGGATAGC-1_V12D07-075_C1,7
TATACACAGACGCCTT-1_V12D07-075_C1,2
TATACACGCAAAGTAT-1_V12D07-075_C1,7
TATACCGAGTGCCACA-1_V12D07-075_C1,5
TATACGCGTCATCACT-1_V12D07-075_C1,2
TATACTCATGCGGCAA-1_V12D07-075_C1,7
TATAGAGTCGCTTGAA-1_V12D07-075_C1,2
TATAGATGGTCGCAGT-1_V12D07-075_C1,2
TATAGGGTACTCATGA-1_V12D07-075_C1,7
TATATCATTGATCAGT-1_V12D07-075_C1,7
TATATCCCTGGGAGGA-1_V12D07-075_C1,6
TATATGCTGGGTTGCC-1_V12D07-075_C1,7
TATATTACAAATGTCG-1_V12D07-075_C1,1
TATATTCGCGTCGATA-1_V12D07-075_C1,4
TATCAAAGGTCTGTAA-1_V12D07-075_C1,7
TATCACCATGTAAAGT-1_V12D07-075_C1,1
TATCACCCAACCGACC-1_V12D07-075_C1,5
TATCACTTCGAGTAAC-1_V12D07-075_C1,1
TATCCAATTGGTTATC-1_V12D07-075_C1,2
TATCCATATCATGCGA-1_V12D07-075_C1,4
TATCCGCACCGTCGGG-1_V12D07-075_C1,2
TATCCTATCAACTGGT-1_V12D07-075_C1,2
TATCCTGCATGGGAAT-1_V12D07-075_C1,4
TATCGATCTATGCATA-1_V12D07-075_C1,5
TATCGATGATTAAACG-1_V12D07-075_C1,7
TATCTACAGAGGTAAT-1_V12D07-075_C1,7
TATCTACCACAGCGGG-1_V12D07-075_C1,2
TATCTAGCCTAAAGGA-1_V12D07-075_C1,7
TATGAAGAATTAAGGT-1_V12D07-075_C1,2
TATGAAGACAGGTGCG-1_V12D07-075_C1,7
TATGATAAATCTAACG-1_V12D07-075_C1,1
TATGATCCGGCACGCC-1_V12D07-075_C1,1
TATGATCTTCTCTTTA-1_V12D07-075_C1,2
TATGATTCTGCTTGGT-1_V12D07-075_C1,4
TATGCTCCCTACTTAC-1_V12D07-075_C1,7
TATGGAGTTTCTCGTT-1_V12D07-075_C1,4
TATGGATGTGCTACGC-1_V12D07-075_C1,7
TATGGCCCGGCCTCGC-1_V12D07-075_C1,7
TATGGCTAGGCTAATT-1_V12D07-075_C1,1
TATGGGACCGAGCAGG-1_V12D07-075_C1,2
TATGGGTACGTATCGT-1_V12D07-075_C1,2
TATGGTCTGAGTAACA-1_V12D07-075_C1,2
TATGGTTAGTGGGAGA-1_V12D07-075_C1,6
TATGTCAAGACCGACT-1_V12D07-075_C1,5
TATGTCTCATTGTGCC-1_V12D07-075_C1,6
TATTAACCTGACCGCG-1_V12D07-075_C1,6
TATTACCATCCTGCTT-1_V12D07-075_C1,2
TATTCAATTCTAATCC-1_V12D07-075_C1,2
TATTCCACTCAGCTCG-1_V12D07-075_C1,2
TATTCCGAGCTGTTAT-1_V12D07-075_C1,2
TATTCCGGCAGTCCTA-1_V12D07-075_C1,4
TATTCCTCCGCCCACT-1_V12D07-075_C1,6
TATTCGTGCCAGAATA-1_V12D07-075_C1,2
TATTGACATTTCTGCC-1_V12D07-075_C1,1
TATTGCCGGGCTTGTA-1_V12D07-075_C1,2
TATTTAGTCTAGATCG-1_V12D07-075_C1,4
TATTTATACCGAGTAG-1_V12D07-075_C1,5
TATTTGATTTGCACAG-1_V12D07-075_C1,2
TATTTGTTACCCTTTA-1_V12D07-075_C1,7
TCAAACAACCGCGTCG-1_V12D07-075_C1,7
TCAAACTTAGATTGTT-1_V12D07-075_C1,2
TCAAATTGTTGTGCCG-1_V12D07-075_C1,2
TCAAATTTGAGACTCA-1_V12D07-075_C1,2
TCAACACATTGGGTAA-1_V12D07-075_C1,4
TCAACATAGCGCCCTA-1_V12D07-075_C1,6
TCAACCATGTTCGGGC-1_V12D07-075_C1,5
TCAACGAGGAGACAAA-1_V12D07-075_C1,2
TCAACGCGACCGGCAG-1_V12D07-075_C1,6
TCAACTAACGTATAAC-1_V12D07-075_C1,7
TCAACTGCAGAGTCAG-1_V12D07-075_C1,2
TCAAGAAATACTAGCT-1_V12D07-075_C1,5
TCAAGCGCGGACGGTA-1_V12D07-075_C1,2
TCAAGGTTACTACACC-1_V12D07-075_C1,2
TCAATACAATTGCTGC-1_V12D07-075_C1,7
TCAATACGCCGTCATG-1_V12D07-075_C1,2
TCAATATACAGGAGGC-1_V12D07-075_C1,6
TCAATCCCGCGCCAAA-1_V12D07-075_C1,6
TCACAAACCGAGGTAC-1_V12D07-075_C1,2
TCACAGATCCTCAAAC-1_V12D07-075_C1,7
TCACAGCAAACTCGAA-1_V12D07-075_C1,6
TCACAGGAGAATAAGA-1_V12D07-075_C1,6
TCACAGGGAATCGCAA-1_V12D07-075_C1,2
TCACAGGTTATTGGGC-1_V12D07-075_C1,7
TCACATCTTATCTGAT-1_V12D07-075_C1,7
TCACCCTCTTAAGATT-1_V12D07-075_C1,2
TCACCGCTCGGCACTC-1_V12D07-075_C1,6
TCACGCATTGTAGATC-1_V12D07-075_C1,7
TCACGGTCATCGCACA-1_V12D07-075_C1,7
TCACGTGCCCGATTCA-1_V12D07-075_C1,2
TCACTACGACCAATGC-1_V12D07-075_C1,1
TCACTATCCCTTCGGT-1_V12D07-075_C1,2
TCACTCGTGCAACGGC-1_V12D07-075_C1,5
TCACTCTTCGTCTGTC-1_V12D07-075_C1,7
TCAGAACCTCCACAGG-1_V12D07-075_C1,5
TCAGACGCTATAGAAG-1_V12D07-075_C1,2
TCAGAGTGTGAGCATG-1_V12D07-075_C1,2
TCAGCAAATGCATCTC-1_V12D07-075_C1,2
TCAGCCAATCCGTAAA-1_V12D07-075_C1,2
TCAGGGCGACTTCCTT-1_V12D07-075_C1,7
TCAGGGCGCAAACTCG-1_V12D07-075_C1,7
TCAGGGTGCACGAAAC-1_V12D07-075_C1,1
TCAGGGTGTAACGTAA-1_V12D07-075_C1,2
TCAGGTTCTTTGAGAA-1_V12D07-075_C1,7
TCAGTACTGACCCGCG-1_V12D07-075_C1,7
TCAGTAGGGACTATAA-1_V12D07-075_C1,6
TCATAAGTCCAAGAAG-1_V12D07-075_C1,2
TCATACTTACAGATCC-1_V12D07-075_C1,7
TCATATGAGCTTTGTT-1_V12D07-075_C1,2
TCATCACTCGAGCTCG-1_V12D07-075_C1,7
TCATCCCAGAGGGTGG-1_V12D07-075_C1,4
TCATCCTCAGCTGCTT-1_V12D07-075_C1,2
TCATCGACGACCGTCG-1_V12D07-075_C1,2
TCATGCAGGTTCTCAT-1_V12D07-075_C1,5
TCATTCGTATAATTTG-1_V12D07-075_C1,1
TCATTTAAGTCTCCGA-1_V12D07-075_C1,6
TCATTTAGAAGTGTGA-1_V12D07-075_C1,2
TCCAACTCAGCTATCT-1_V12D07-075_C1,2
TCCAACTTTAAATTCT-1_V12D07-075_C1,7
TCCAAGCCTAGACACA-1_V12D07-075_C1,2
TCCAATAAAGGCTACC-1_V12D07-075_C1,2
TCCACAATGGTTTACG-1_V12D07-075_C1,7
TCCACATCGTATATTG-1_V12D07-075_C1,2
TCCACCAAGACATAGG-1_V12D07-075_C1,6
TCCACCTCTAGCCTTT-1_V12D07-075_C1,2
TCCACTTTATCTAGGT-1_V12D07-075_C1,2
TCCAGAGCACCGGTTC-1_V12D07-075_C1,2
TCCAGATGTACGCCAA-1_V12D07-075_C1,1
TCCAGCGCTATAAGCG-1_V12D07-075_C1,5
TCCAGGCGAGTACGGT-1_V12D07-075_C1,2
TCCAGGGTATATACGA-1_V12D07-075_C1,2
TCCATTAGTTGGATAG-1_V12D07-075_C1,7
TCCATTGTGACCTCGT-1_V12D07-075_C1,4
TCCCAAACAGACAACG-1_V12D07-075_C1,1
TCCCAAAGACGAAGGA-1_V12D07-075_C1,7
TCCCAAAGCCCTAAAT-1_V12D07-075_C1,1
TCCCACTCTCTTCCGG-1_V12D07-075_C1,5
TCCCAGCACACGACAT-1_V12D07-075_C1,5
TCCCAGCTTTAGTCTG-1_V12D07-075_C1,2
TCCCAGGCTTAGCTAA-1_V12D07-075_C1,7
TCCCGCCTATGTGCGT-1_V12D07-075_C1,1
TCCCGCGTACTCCTGG-1_V12D07-075_C1,2
TCCCGGGTGTGCTGCT-1_V12D07-075_C1,7
TCCCGGTCAGGAATTT-1_V12D07-075_C1,4
TCCCGTCAGTCCCGCA-1_V12D07-075_C1,5
TCCCGTCGCGTCATAG-1_V12D07-075_C1,1
TCCCGTGTGCAATTTG-1_V12D07-075_C1,2
TCCCTAGATCAATAGG-1_V12D07-075_C1,1
TCCCTCTTCTCAAGGG-1_V12D07-075_C1,2
TCCCTGGCTCGCTGGA-1_V12D07-075_C1,7
TCCCTTAGATTACTCG-1_V12D07-075_C1,5
TCCCTTGTCTGAAACT-1_V12D07-075_C1,2
TCCGAACGTTGCCGCT-1_V12D07-075_C1,5
TCCGAACTTGGCTTAC-1_V12D07-075_C1,7
TCCGAAGTAGTCACCA-1_V12D07-075_C1,1
TCCGAATGGTCCTGAG-1_V12D07-075_C1,1
TCCGAGAAGGCTAAGC-1_V12D07-075_C1,4
TCCGATAATTGCCATA-1_V12D07-075_C1,4
TCCGATGACTGAGCTC-1_V12D07-075_C1,5
TCCGATGGTGCGACAT-1_V12D07-075_C1,7
TCCGATTACATTGCCG-1_V12D07-075_C1,7
TCCGCAGCCACCTAGC-1_V12D07-075_C1,7
TCCGCCTGTCTACAAG-1_V12D07-075_C1,2
TCCGCGGCAGCATCTG-1_V12D07-075_C1,6
TCCGCGGCCCAATGAA-1_V12D07-075_C1,2
TCCGCTGTCATCCCGG-1_V12D07-075_C1,2
TCCGCTTATCCCATTA-1_V12D07-075_C1,2
TCCGGAGGAAGGGCTG-1_V12D07-075_C1,1
TCCGGCCTAGCGTACA-1_V12D07-075_C1,6
TCCGGCTGTCGGGTCG-1_V12D07-075_C1,6
TCCGGGCTTGACGGGA-1_V12D07-075_C1,2
TCCGGTTCGTCCGGTC-1_V12D07-075_C1,2
TCCGTAACCACAATCC-1_V12D07-075_C1,7
TCCGTTAAGCTAATAT-1_V12D07-075_C1,2
TCCGTTTAGCCTTGAA-1_V12D07-075_C1,6
TCCTAAAGATTCAGAC-1_V12D07-075_C1,2
TCCTAAATTGGGAAGC-1_V12D07-075_C1,2
TCCTAACCGTCGGGCA-1_V12D07-075_C1,6
TCCTACATCCACGGCC-1_V12D07-075_C1,2
TCCTAGCAAAGAAGCT-1_V12D07-075_C1,7
TCCTATCATAGGTAAC-1_V12D07-075_C1,5
TCCTCGGGCTGGGCTT-1_V12D07-075_C1,2
TCCTCTACGAGATGGC-1_V12D07-075_C1,7
TCCTCTCCAGTTGTCC-1_V12D07-075_C1,7
TCCTCTGGCCCATTAG-1_V12D07-075_C1,1
TCCTGCCAACTGGAGA-1_V12D07-075_C1,1
TCCTGCGTTGATACTC-1_V12D07-075_C1,7
TCCTGGCGCTGCCTGG-1_V12D07-075_C1,1
TCCTTACGACGGTCCG-1_V12D07-075_C1,2
TCCTTCAATCCCTACG-1_V12D07-075_C1,6
TCCTTCAGTGGTCGAA-1_V12D07-075_C1,4
TCCTTGTCCTTTAATT-1_V12D07-075_C1,2
TCCTTTAAATCCGCTT-1_V12D07-075_C1,2
TCCTTTCTTACGCTTA-1_V12D07-075_C1,2
TCGAAATTTAGGACCA-1_V12D07-075_C1,7
TCGAAGAACCGAGCAC-1_V12D07-075_C1,2
TCGAGACCAACACCGT-1_V12D07-075_C1,2
TCGAGGGCAACAGACG-1_V12D07-075_C1,2
TCGATAGGCTAGTCGC-1_V12D07-075_C1,4
TCGCAAAGATGCATTT-1_V12D07-075_C1,2
TCGCACCAGGAGGCAG-1_V12D07-075_C1,2
TCGCACTAACGTTTGT-1_V12D07-075_C1,7
TCGCATAAAGGGCGCA-1_V12D07-075_C1,2
TCGCATCCCTAAGTGT-1_V12D07-075_C1,7
TCGCATTCAATGACTT-1_V12D07-075_C1,4
TCGCCCAACTGACTCC-1_V12D07-075_C1,1
TCGCCCACTGCGAGAG-1_V12D07-075_C1,7
TCGCCGAAGTTGCGTC-1_V12D07-075_C1,6
TCGCCGACATATTCGC-1_V12D07-075_C1,2
TCGCCGGATGGGCAAG-1_V12D07-075_C1,7
TCGCCGGTCGATCCGT-1_V12D07-075_C1,4
TCGCGTAGCAGTGTCC-1_V12D07-075_C1,2
TCGCGTCCAGAAGGTC-1_V12D07-075_C1,7
TCGCTAAACCGCTATC-1_V12D07-075_C1,5
TCGCTACTGGCTTTGA-1_V12D07-075_C1,2
TCGCTCGATATATTCC-1_V12D07-075_C1,2
TCGCTCGGCACCAGCG-1_V12D07-075_C1,1
TCGCTGCCAATGCTGT-1_V12D07-075_C1,2
TCGCTGGGCGGATTGT-1_V12D07-075_C1,2
TCGCTGTGCGTAAATC-1_V12D07-075_C1,7
TCGCTTAATTACGAAG-1_V12D07-075_C1,1
TCGCTTTAAACGTTTG-1_V12D07-075_C1,5
TCGGAATGACCATCAA-1_V12D07-075_C1,4
TCGGAATGCGCTCTGA-1_V12D07-075_C1,7
TCGGACGCCCAGCCCA-1_V12D07-075_C1,2
TCGGAGTACATGAGTA-1_V12D07-075_C1,2
TCGGCAGGGTTAAGGG-1_V12D07-075_C1,6
TCGGCGAACCCAAACC-1_V12D07-075_C1,2
TCGGCTTGTATCGACG-1_V12D07-075_C1,2
TCGGGAACGTGCCTAG-1_V12D07-075_C1,5
TCGGGAGACAGCGTAC-1_V12D07-075_C1,2
TCGGGATTCAAACATA-1_V12D07-075_C1,6
TCGGGCCGTCGTGGTA-1_V12D07-075_C1,2
TCGGGTGAAACTGCTA-1_V12D07-075_C1,4
TCGGTCCCTGACTCCA-1_V12D07-075_C1,1
TCGGTGACCGCTCCGG-1_V12D07-075_C1,1
TCGGTTAGCCATGTAG-1_V12D07-075_C1,1
TCGTAACTCCCAAGAC-1_V12D07-075_C1,2
TCGTAAGACGACATTG-1_V12D07-075_C1,2
TCGTAAGCTCCGAGGA-1_V12D07-075_C1,1
TCGTACCGACGTCAAG-1_V12D07-075_C1,2
TCGTATAGTGCAATTA-1_V12D07-075_C1,4
TCGTATTACCCATTGC-1_V12D07-075_C1,7
TCGTCACACTGTTAGC-1_V12D07-075_C1,7
TCGTCCGCTGGCGTCT-1_V12D07-075_C1,7
TCGTCCGGGTACACTC-1_V12D07-075_C1,1
TCGTCTTAGGCGTTAA-1_V12D07-075_C1,2
TCGTGTACTATGGATG-1_V12D07-075_C1,3
TCGTGTATTGGTCACG-1_V12D07-075_C1,3
TCGTGTTCGACCACAA-1_V12D07-075_C1,2
TCGTTAGGAGTCCCTA-1_V12D07-075_C1,6
TCGTTCGTTATTATGT-1_V12D07-075_C1,4
TCGTTGACAGGGTCCC-1_V12D07-075_C1,7
TCGTTGCTATCCGGTC-1_V12D07-075_C1,6
TCGTTGGCTCGTCAAT-1_V12D07-075_C1,4
TCGTTTACGCGACCCT-1_V12D07-075_C1,2
TCTAACTGTATGTAAA-1_V12D07-075_C1,7
TCTACACGTTCATGCA-1_V12D07-075_C1,1
TCTACCCAATAGAGAG-1_V12D07-075_C1,2
TCTACCGTCCACAAGC-1_V12D07-075_C1,2
TCTAGCAATCTCCGCC-1_V12D07-075_C1,6
TCTAGCATCTTCGATG-1_V12D07-075_C1,7
TCTAGCATGCCCAGAA-1_V12D07-075_C1,2
TCTAGGTGGCGACGCT-1_V12D07-075_C1,6
TCTAGTGATATCGTGG-1_V12D07-075_C1,2
TCTAGTTATCAGAAGA-1_V12D07-075_C1,7
TCTATAGGTGGGTAAT-1_V12D07-075_C1,2
TCTATCATGCAGTTAC-1_V12D07-075_C1,7
TCTATCGGTCGCAACA-1_V12D07-075_C1,2
TCTATGCTATAACGAC-1_V12D07-075_C1,2
TCTATTACGCTGGCGA-1_V12D07-075_C1,7
TCTCAAATCAATCGGG-1_V12D07-075_C1,2
TCTCATGAGATAGGGT-1_V12D07-075_C1,2
TCTCCAACGTAGGTTA-1_V12D07-075_C1,5
TCTCCACAAGTTGAAT-1_V12D07-075_C1,2
TCTCCCTGGGCAGCGT-1_V12D07-075_C1,2
TCTCGAACGAGGTCAC-1_V12D07-075_C1,1
TCTCGACGTATCGCCG-1_V12D07-075_C1,1
TCTCGAGGAGGTTCGC-1_V12D07-075_C1,2
TCTCGGCTCCAGGACT-1_V12D07-075_C1,7
TCTCTAATAGCTGGTA-1_V12D07-075_C1,5
TCTCTCGCCGCACATA-1_V12D07-075_C1,2
TCTGAACCGGTCGGCT-1_V12D07-075_C1,7
TCTGAACTCGTACCCG-1_V12D07-075_C1,2
TCTGAAGCACGTGGTC-1_V12D07-075_C1,2
TCTGAATTCCGTACAA-1_V12D07-075_C1,6
TCTGACGGGCTAACCC-1_V12D07-075_C1,1
TCTGACTGTAATGGTT-1_V12D07-075_C1,7
TCTGAGCAATTGACTG-1_V12D07-075_C1,2
TCTGATCGGGTGCTAG-1_V12D07-075_C1,1
TCTGATGTATTCTGTC-1_V12D07-075_C1,2
TCTGATTGGAAATGGA-1_V12D07-075_C1,1
TCTGCAGATTCGAGTC-1_V12D07-075_C1,7
TCTGCATACCTTGCTT-1_V12D07-075_C1,2
TCTGCCAGAAACTGCA-1_V12D07-075_C1,2
TCTGCGTCCGGTTTCT-1_V12D07-075_C1,7
TCTGCTTAGAACAAGC-1_V12D07-075_C1,5
TCTGGAGCGTAAGAGT-1_V12D07-075_C1,1
TCTGGCCGTTCAAGTT-1_V12D07-075_C1,1
TCTGGCGCAAGCCGGG-1_V12D07-075_C1,7
TCTGGGAACCTTTGAA-1_V12D07-075_C1,2
TCTGGGTAGCGCTCAT-1_V12D07-075_C1,7
TCTGTCATACAAGAGC-1_V12D07-075_C1,4
TCTGTGATGGAGGTTG-1_V12D07-075_C1,1
TCTGTGCCATCATAGT-1_V12D07-075_C1,2
TCTGTTACCCAGCATA-1_V12D07-075_C1,6
TCTTAACTCGGATGTA-1_V12D07-075_C1,7
TCTTACAGAGGTACCG-1_V12D07-075_C1,4
TCTTACCGGAACTCGT-1_V12D07-075_C1,5
TCTTACGGCATCCGAC-1_V12D07-075_C1,7
TCTTACTTATGCCTCT-1_V12D07-075_C1,2
TCTTAGAGCTCCAATT-1_V12D07-075_C1,6
TCTTAGAGTGAACTCT-1_V12D07-075_C1,2
TCTTCCCATGGGCACA-1_V12D07-075_C1,6
TCTTCGAATAGACGTT-1_V12D07-075_C1,2
TCTTCGATACCAATAA-1_V12D07-075_C1,2
TCTTCGCGGTGAGAGG-1_V12D07-075_C1,2
TCTTCTATAACCCGCC-1_V12D07-075_C1,6
TCTTGATGCGTAGCGA-1_V12D07-075_C1,2
TCTTGCTCCCGATACT-1_V12D07-075_C1,2
TCTTGGTAACACCAAA-1_V12D07-075_C1,5
TCTTTAAGACTATGAA-1_V12D07-075_C1,6
TCTTTAGAGTCTAACA-1_V12D07-075_C1,6
TCTTTAGCAGGCGAAC-1_V12D07-075_C1,1
TCTTTCCTTCGAGATA-1_V12D07-075_C1,2
TCTTTCTCTTAAGGAG-1_V12D07-075_C1,3
TGAAACTTATGCAAGC-1_V12D07-075_C1,4
TGAAAGGACCTGACTC-1_V12D07-075_C1,2
TGAACTGCTATGACTT-1_V12D07-075_C1,7
TGAAGAGCGGTCCTAG-1_V12D07-075_C1,7
TGAAGTAGCTTACGGA-1_V12D07-075_C1,7
TGAATACCGACGCGTA-1_V12D07-075_C1,2
TGAATATGCTATAAAC-1_V12D07-075_C1,1
TGAATGAGTGTTTCCC-1_V12D07-075_C1,2
TGAATGTCAGCCGGCC-1_V12D07-075_C1,6
TGACAACGCATGTCGC-1_V12D07-075_C1,1
TGACACTTCTCTTTGC-1_V12D07-075_C1,1
TGACATATATGACGAT-1_V12D07-075_C1,7
TGACATCGAGCGGACC-1_V12D07-075_C1,6
TGACATGTAACGTGAC-1_V12D07-075_C1,2
TGACCAAATCTTAAAC-1_V12D07-075_C1,2
TGACCAGCTTCAAAGT-1_V12D07-075_C1,1
TGACCCACGTTAGACA-1_V12D07-075_C1,7
TGACGATGCACTAGAA-1_V12D07-075_C1,2
TGACTATAATCCTTTC-1_V12D07-075_C1,2
TGACTCTAACTGGTAA-1_V12D07-075_C1,2
TGAGAATGCTTTACCG-1_V12D07-075_C1,5
TGAGACGTACCTCTCA-1_V12D07-075_C1,7
TGAGAGATTTACCACG-1_V12D07-075_C1,2
TGAGATCAAATACTCA-1_V12D07-075_C1,4
TGAGATTAGGCCCTAA-1_V12D07-075_C1,5
TGAGCAGTCGTGAAGT-1_V12D07-075_C1,4
TGAGCCATACAGTCTC-1_V12D07-075_C1,7
TGAGCGGAAAGTGTTC-1_V12D07-075_C1,2
TGAGCTCAACTGTATA-1_V12D07-075_C1,2
TGAGCTTTAATGACGC-1_V12D07-075_C1,5
TGAGGAGTGCCAGCTT-1_V12D07-075_C1,2
TGAGGTGTGTGGCGGA-1_V12D07-075_C1,2
TGAGTAAATTAGCGTA-1_V12D07-075_C1,2
TGAGTGCCTCTTAAAT-1_V12D07-075_C1,6
TGAGTGGTCCGTGACG-1_V12D07-075_C1,6
TGAGTTAAAGACATTC-1_V12D07-075_C1,6
TGATACATTTAGCCGT-1_V12D07-075_C1,6
TGATAGCGGGATTCTA-1_V12D07-075_C1,7
TGATCACCACACTGAC-1_V12D07-075_C1,2
TGATCCCAGCATTAGT-1_V12D07-075_C1,1
TGATCGGTTTGACCCT-1_V12D07-075_C1,7
TGATCTACGCTGATCT-1_V12D07-075_C1,1
TGATCTATCACACTCT-1_V12D07-075_C1,2
TGATCTCCGGCGCCAG-1_V12D07-075_C1,7
TGATGGCTGTTTCTGA-1_V12D07-075_C1,1
TGATGTCAATTAAGTG-1_V12D07-075_C1,2
TGATTATGGCACGCAG-1_V12D07-075_C1,1
TGATTCCCGGTTACCT-1_V12D07-075_C1,2
TGATTCGTCTATCACT-1_V12D07-075_C1,7
TGATTCTGTCGCCGGT-1_V12D07-075_C1,6
TGATTTATTAGCTGTG-1_V12D07-075_C1,7
TGATTTCCTCCTGACG-1_V12D07-075_C1,7
TGCAAAGTTCGTCTGT-1_V12D07-075_C1,2
TGCAACCCATCTGCGG-1_V12D07-075_C1,2
TGCAACTACTGGTTGA-1_V12D07-075_C1,2
TGCAAGAATGACGTAA-1_V12D07-075_C1,2
TGCAATCTAACACGGT-1_V12D07-075_C1,2
TGCAATTTGGGCACGG-1_V12D07-075_C1,1
TGCACAGTGAAGTTAT-1_V12D07-075_C1,1
TGCACGAGTCGGCAGC-1_V12D07-075_C1,4
TGCACTATGTGAGTGC-1_V12D07-075_C1,7
TGCAGAGTACCGAGCA-1_V12D07-075_C1,7
TGCAGGATCGGCAAAG-1_V12D07-075_C1,5
TGCAGTGAGGCTCGGG-1_V12D07-075_C1,1
TGCAGTTTCCTCCCAT-1_V12D07-075_C1,2
TGCATATGTCTGTCAC-1_V12D07-075_C1,2
TGCATGGATCGGATCT-1_V12D07-075_C1,4
TGCATGTGGTAATCTA-1_V12D07-075_C1,6
TGCCAATGGGTACTCT-1_V12D07-075_C1,6
TGCCACCTGGCGAAAC-1_V12D07-075_C1,5
TGCCAGTACGTGGAGA-1_V12D07-075_C1,2
TGCCATTACTAAAGAA-1_V12D07-075_C1,5
TGCCCGTACCGTTAAA-1_V12D07-075_C1,2
TGCCGAAAGCGTATTC-1_V12D07-075_C1,1
TGCCGTGGATCGTCCT-1_V12D07-075_C1,2
TGCCTAAATTTAATAG-1_V12D07-075_C1,1
TGCCTAATTGAAGATT-1_V12D07-075_C1,2
TGCCTGACATCGGTCA-1_V12D07-075_C1,7
TGCCTGATCAAACGAT-1_V12D07-075_C1,5
TGCCTTGGCCAGGCAA-1_V12D07-075_C1,2
TGCGACACCCTAGTGC-1_V12D07-075_C1,6
TGCGAGAATATTACCC-1_V12D07-075_C1,6
TGCGAGATGGCGGCCA-1_V12D07-075_C1,1
TGCGAGCCCTTCCGCG-1_V12D07-075_C1,1
TGCGATGCTAATGGCT-1_V12D07-075_C1,7
TGCGCAAAGCATTTGG-1_V12D07-075_C1,2
TGCGCCGTTAATAACG-1_V12D07-075_C1,1
TGCGCGATTAACGGAG-1_V12D07-075_C1,7
TGCGGACTTGACTCCG-1_V12D07-075_C1,2
TGCGGAGTAAAGGTGC-1_V12D07-075_C1,2
TGCGGCATAGTTCAAC-1_V12D07-075_C1,4
TGCGGTGAAATTTCAT-1_V12D07-075_C1,4
TGCGTAAGAACCTGAT-1_V12D07-075_C1,7
TGCGTACGGCTAATTG-1_V12D07-075_C1,2
TGCGTGATTGGGTGTC-1_V12D07-075_C1,7
TGCGTTTGTTGACACT-1_V12D07-075_C1,2
TGCTAAGTGTCTATTT-1_V12D07-075_C1,2
TGCTATACAAACGGAC-1_V12D07-075_C1,4
TGCTCCACAGTTCTTA-1_V12D07-075_C1,2
TGCTCGGCGAAACCCA-1_V12D07-075_C1,2
TGCTCGGTGGGTCACC-1_V12D07-075_C1,2
TGCTCTTGAGAGTTTG-1_V12D07-075_C1,2
TGCTGGTTGGACAATT-1_V12D07-075_C1,7
TGCTGTTGAAGAACTC-1_V12D07-075_C1,2
TGCTTCCCAAGCAGTA-1_V12D07-075_C1,2
TGCTTGAAACCATGCA-1_V12D07-075_C1,7
TGGAACCACTGACACA-1_V12D07-075_C1,5
TGGAAGAAGGGAACGT-1_V12D07-075_C1,7
TGGAAGACGAACACCA-1_V12D07-075_C1,4
TGGAAGGATAAAGATG-1_V12D07-075_C1,5
TGGAATATCCTTGACC-1_V12D07-075_C1,1
TGGAATTAGACGCTTT-1_V12D07-075_C1,7
TGGACACCGTTGCTTG-1_V12D07-075_C1,7
TGGACCAATCTAAGAT-1_V12D07-075_C1,2
TGGACCACGGCGTTGA-1_V12D07-075_C1,7
TGGACGTAGGCGAATC-1_V12D07-075_C1,7
TGGACTGTTCGCTCAA-1_V12D07-075_C1,6
TGGAGGGAAACACCTC-1_V12D07-075_C1,1
TGGAGTGATGCGATGA-1_V12D07-075_C1,7
TGGATAGAGTAACAGA-1_V12D07-075_C1,7
TGGCAAACTAAATTAC-1_V12D07-075_C1,2
TGGCAACTCGCGCGCC-1_V12D07-075_C1,5
TGGCAAGCACAAGTCG-1_V12D07-075_C1,2
TGGCAATGGGACGGCG-1_V12D07-075_C1,2
TGGCACGAGCTCGAGT-1_V12D07-075_C1,1
TGGCAGATTACGATCA-1_V12D07-075_C1,2
TGGCAGCAGTAATAGT-1_V12D07-075_C1,2
TGGCCAAACTGAAGTA-1_V12D07-075_C1,2
TGGCCGTATATTGACC-1_V12D07-075_C1,7
TGGCGACTGCTCCAAA-1_V12D07-075_C1,6
TGGCGATCAAGTTATG-1_V12D07-075_C1,2
TGGCGGTGTGCGATTG-1_V12D07-075_C1,4
TGGCTACACTCTACCT-1_V12D07-075_C1,2
TGGCTATGTGACATAC-1_V12D07-075_C1,2
TGGCTTGTACAAGCTT-1_V12D07-075_C1,1
TGGCTTTGGGTAGACA-1_V12D07-075_C1,4
TGGGAAATGCCTTTCC-1_V12D07-075_C1,7
TGGGACCATTGGGAGT-1_V12D07-075_C1,7
TGGGATGCACTCATTC-1_V12D07-075_C1,1
TGGGCAATAGTTGGGT-1_V12D07-075_C1,6
TGGGCACAAACAGAAC-1_V12D07-075_C1,4
TGGGCACGTTCTATGG-1_V12D07-075_C1,4
TGGGCAGGCCACCGCA-1_V12D07-075_C1,2
TGGGCCACAAGAGCGC-1_V12D07-075_C1,4
TGGGCCCATACTAATT-1_V12D07-075_C1,2
TGGGCCTTGCCTGCAT-1_V12D07-075_C1,7
TGGGCGATACAATAAG-1_V12D07-075_C1,2
TGGGTAAGGTTCCCGC-1_V12D07-075_C1,5
TGGGTGCACAAGCCAT-1_V12D07-075_C1,2
TGGGTGGGATGTCATT-1_V12D07-075_C1,1
TGGGTGTAATAGATTT-1_V12D07-075_C1,2
TGGGTTCCCGGACGGA-1_V12D07-075_C1,7
TGGTAAGCAGGATTGA-1_V12D07-075_C1,6
TGGTAGAATATATGGG-1_V12D07-075_C1,2
TGGTATCGCATCCCAA-1_V12D07-075_C1,4
TGGTATCGGTCTGTAT-1_V12D07-075_C1,4
TGGTCCCACGCTACGG-1_V12D07-075_C1,2
TGGTCGTGCAAGGCAA-1_V12D07-075_C1,6
TGGTCTAGCTTACATG-1_V12D07-075_C1,7
TGGTCTGTTGGGCGTA-1_V12D07-075_C1,7
TGGTGATCGTATTTGT-1_V12D07-075_C1,7
TGGTTAAGGGCGCTGG-1_V12D07-075_C1,1
TGGTTATGCTTGCGGT-1_V12D07-075_C1,7
TGGTTCAACGGGTAAT-1_V12D07-075_C1,2
TGGTTCGTAGCAAAGG-1_V12D07-075_C1,5
TGGTTGGAGGATCCTG-1_V12D07-075_C1,1
TGGTTTAAACGTGGGT-1_V12D07-075_C1,1
TGTAATGACCACAATA-1_V12D07-075_C1,7
TGTACCTACACGAGGG-1_V12D07-075_C1,2
TGTACGAACAAATCCG-1_V12D07-075_C1,2
TGTACTACTCTCACGG-1_V12D07-075_C1,1
TGTACTGTGCCAAAGT-1_V12D07-075_C1,4
TGTACTTCCGGGCATG-1_V12D07-075_C1,6
TGTAGCCATCCCATTC-1_V12D07-075_C1,2
TGTAGGAGAAATTTCC-1_V12D07-075_C1,6
TGTAGTGATCTATAAT-1_V12D07-075_C1,7
TGTATAACAGATCCTG-1_V12D07-075_C1,2
TGTATACGGATGATGA-1_V12D07-075_C1,1
TGTATCAGACTGAAGC-1_V12D07-075_C1,1
TGTATCCTTATTCCAT-1_V12D07-075_C1,4
TGTATGGCGCAGACAG-1_V12D07-075_C1,2
TGTATTTACCTAATGC-1_V12D07-075_C1,1
TGTCATTTGTTGGGAA-1_V12D07-075_C1,1
TGTCCACGGCTCAACT-1_V12D07-075_C1,2
TGTCCCGACATAGCAC-1_V12D07-075_C1,4
TGTCCGTGGCGCCTTT-1_V12D07-075_C1,7
TGTCCTAAGTCACCGC-1_V12D07-075_C1,3
TGTCGGCATGGTGGAA-1_V12D07-075_C1,4
TGTCTACAGTTTCTGT-1_V12D07-075_C1,4
TGTGACTACGCCAGTC-1_V12D07-075_C1,5
TGTGACTAGAGTTTGC-1_V12D07-075_C1,2
TGTGAGACTAGCCCAA-1_V12D07-075_C1,2
TGTGCCGGTGCCGGAA-1_V12D07-075_C1,2
TGTGCTTTACGTAAGA-1_V12D07-075_C1,7
TGTGGACTATCTACGT-1_V12D07-075_C1,5
TGTGGCAAAGCGTATG-1_V12D07-075_C1,6
TGTGGCGGGCTTCTGG-1_V12D07-075_C1,2
TGTGGCTCCCACCAAC-1_V12D07-075_C1,1
TGTGGTAGGGTGCCTT-1_V12D07-075_C1,5
TGTGGTTGCTAAAGCT-1_V12D07-075_C1,2
TGTGTAGTAGCACGTG-1_V12D07-075_C1,2
TGTGTCGCGAGTTGCA-1_V12D07-075_C1,7
TGTGTTCGTATCCAAG-1_V12D07-075_C1,7
TGTTATTGTATGTGGC-1_V12D07-075_C1,2
TGTTCATAAATGTGCT-1_V12D07-075_C1,7
TGTTCCGCTTCCATGA-1_V12D07-075_C1,7
TGTTCCGGCCTGAGCT-1_V12D07-075_C1,6
TGTTCGTATTGCGGTG-1_V12D07-075_C1,2
TGTTCTCATACTATAG-1_V12D07-075_C1,2
TGTTCTTCCATTGACT-1_V12D07-075_C1,7
TGTTGCCGTCGTCCCA-1_V12D07-075_C1,5
TGTTGTCAAGAAGTCT-1_V12D07-075_C1,5
TGTTTAATACTTCATC-1_V12D07-075_C1,1
TGTTTCGGTACTTCTC-1_V12D07-075_C1,4
TGTTTGAGATCGTCAG-1_V12D07-075_C1,5
TTAAACAGAGTCCCGC-1_V12D07-075_C1,4
TTAAACCGGTAGCGAC-1_V12D07-075_C1,4
TTAAACCTGGTTCCTT-1_V12D07-075_C1,7
TTAAACTCGAATTCAT-1_V12D07-075_C1,6
TTAAAGTAAGTCGCCA-1_V12D07-075_C1,2
TTAACACCTCGAACAT-1_V12D07-075_C1,7
TTAACCAACCCTCCCT-1_V12D07-075_C1,5
TTAACGAACAAGCAGT-1_V12D07-075_C1,1
TTAACGTCGCAAGACC-1_V12D07-075_C1,4
TTAACGTTAAAGCCTG-1_V12D07-075_C1,7
TTAACTCACGCGTGGA-1_V12D07-075_C1,7
TTAACTGATCGTTTGG-1_V12D07-075_C1,2
TTAAGACGAACGAACC-1_V12D07-075_C1,1
TTAAGATAGGATTGAC-1_V12D07-075_C1,2
TTAAGCCGACAACTTC-1_V12D07-075_C1,4
TTAAGCGCCTGACCCA-1_V12D07-075_C1,7
TTAAGGATACGGAGGT-1_V12D07-075_C1,4
TTAAGTATTGTTATCC-1_V12D07-075_C1,2
TTAATCAGTACGTCAG-1_V12D07-075_C1,5
TTAATGTAGACCAGGT-1_V12D07-075_C1,2
TTAATGTGTTTGCAGG-1_V12D07-075_C1,7
TTAATTGCTTTGGGTG-1_V12D07-075_C1,2
TTAATTTCAGACGCGG-1_V12D07-075_C1,4
TTACAACTACGCATCC-1_V12D07-075_C1,5
TTACACGATCTGCGAC-1_V12D07-075_C1,2
TTACAGACCTAAATGA-1_V12D07-075_C1,6
TTACATCGTGGCCTGG-1_V12D07-075_C1,7
TTACATGCCACAACTA-1_V12D07-075_C1,2
TTACCATTGATTACCC-1_V12D07-075_C1,7
TTACCCATTGCCGGGT-1_V12D07-075_C1,5
TTACCCTAACAGTCCT-1_V12D07-075_C1,7
TTACCCTAGGGATTGG-1_V12D07-075_C1,2
TTACCGCCTTAGGGAA-1_V12D07-075_C1,3
TTACGGATGGTTCGAG-1_V12D07-075_C1,6
TTACGGTGTCACCGAG-1_V12D07-075_C1,4
TTACGTATCTATGACA-1_V12D07-075_C1,2
TTACTAAAGGACTTTA-1_V12D07-075_C1,2
TTACTATCGGCTTCTC-1_V12D07-075_C1,7
TTACTCCGGCCGGGAA-1_V12D07-075_C1,2
TTACTCTGGTACGTAC-1_V12D07-075_C1,6
TTACTGGGATATTTCA-1_V12D07-075_C1,2
TTACTGTCTAGAGCTC-1_V12D07-075_C1,1
TTAGAAGAACATGACT-1_V12D07-075_C1,2
TTAGAATAAGGGTCGG-1_V12D07-075_C1,6
TTAGACACGATCGTTG-1_V12D07-075_C1,5
TTAGACGAGTCACCTC-1_V12D07-075_C1,2
TTAGAGTTTAGAAGGA-1_V12D07-075_C1,2
TTAGATAGGTCGATAC-1_V12D07-075_C1,7
TTAGCAACATGGATGT-1_V12D07-075_C1,7
TTAGCTAATACGATCT-1_V12D07-075_C1,5
TTAGCTCTGTAATCCG-1_V12D07-075_C1,7
TTAGCTGATTTGCCGT-1_V12D07-075_C1,2
TTAGGATGGGAGGGTA-1_V12D07-075_C1,1
TTAGTAAACCTGCTCT-1_V12D07-075_C1,2
TTAGTAGGGCGGCGGG-1_V12D07-075_C1,7
TTAGTTATTCGTGGCA-1_V12D07-075_C1,2
TTAGTTCAAGTGTTCG-1_V12D07-075_C1,1
TTATAGATGCACATTA-1_V12D07-075_C1,4
TTATAGGTAATTGTCT-1_V12D07-075_C1,2
TTATAGTCCAAGGTGC-1_V12D07-075_C1,1
TTATATACGCTGTCAC-1_V12D07-075_C1,6
TTATATTTGGCAATCC-1_V12D07-075_C1,2
TTATCCAATCGAACTC-1_V12D07-075_C1,7
TTATCCGGGATCTATA-1_V12D07-075_C1,2
TTATCGCCTGCGAAGC-1_V12D07-075_C1,7
TTATCTGTATCATAAC-1_V12D07-075_C1,5
TTATGAATGAAAGGGA-1_V12D07-075_C1,2
TTATGACAAACTGGAT-1_V12D07-075_C1,7
TTATGATCTTAACGAA-1_V12D07-075_C1,2
TTATGCGTCCCGGTCC-1_V12D07-075_C1,4
TTATGTTTGCGATAGA-1_V12D07-075_C1,3
TTATTAGAGCGTGTTC-1_V12D07-075_C1,2
TTATTAGGGAAGCATC-1_V12D07-075_C1,4
TTATTATCTGGAAGGC-1_V12D07-075_C1,5
TTATTTAGGTTCCTTA-1_V12D07-075_C1,2
TTCAAAGTCTCTAGCC-1_V12D07-075_C1,2
TTCAACGACCCGACCG-1_V12D07-075_C1,7
TTCAAGCCGAGCTGAG-1_V12D07-075_C1,4
TTCAATACTCTGAATC-1_V12D07-075_C1,2
TTCAATTAGCCATAAT-1_V12D07-075_C1,4
TTCACGAAAGGATCAC-1_V12D07-075_C1,2
TTCACTCGAGCACCTA-1_V12D07-075_C1,2
TTCACTTCCTAGAACG-1_V12D07-075_C1,2
TTCAGAGTAACCTGAC-1_V12D07-075_C1,7
TTCAGCCCTGGTCCAC-1_V12D07-075_C1,2
TTCAGCTGGCGTGCCC-1_V12D07-075_C1,2
TTCAGTTTGTGGCAGC-1_V12D07-075_C1,7
TTCATAGCCTTGTAAC-1_V12D07-075_C1,7
TTCATAGGGTGTCCAT-1_V12D07-075_C1,7
TTCATGGCGCAACAGG-1_V12D07-075_C1,5
TTCCAATCAGAGCTAG-1_V12D07-075_C1,6
TTCCAATCTGGCTATC-1_V12D07-075_C1,6
TTCCACACAGATTTGA-1_V12D07-075_C1,6
TTCCAGACGAGATTTA-1_V12D07-075_C1,5
TTCCATCATGCGGTGA-1_V12D07-075_C1,1
TTCCATCGACAGCGTG-1_V12D07-075_C1,2
TTCCGCAGAGAAATAT-1_V12D07-075_C1,5
TTCCGCGTGAGGCGAT-1_V12D07-075_C1,2
TTCCGGCCTTGAGGCT-1_V12D07-075_C1,6
TTCCGGCTCGACTTCT-1_V12D07-075_C1,1
TTCCGGTATCTGTGTC-1_V12D07-075_C1,1
TTCCGGTTACCCACTT-1_V12D07-075_C1,2
TTCCTCGAGGGTGTCT-1_V12D07-075_C1,4
TTCCTCGGACTAACCA-1_V12D07-075_C1,2
TTCCTCTGCCCGAATA-1_V12D07-075_C1,3
TTCCTTTCTGTGTTGC-1_V12D07-075_C1,7
TTCGACAGAGCCCGTG-1_V12D07-075_C1,2
TTCGACGGGAAGGGCG-1_V12D07-075_C1,7
TTCGCACTCGCGTGCT-1_V12D07-075_C1,7
TTCGCACTGTACGACA-1_V12D07-075_C1,2
TTCGCATCCGGAAGCA-1_V12D07-075_C1,7
TTCGCGCGCCATACGA-1_V12D07-075_C1,6
TTCGCTAGGAAGTTGT-1_V12D07-075_C1,1
TTCGCTATCTGACGTG-1_V12D07-075_C1,1
TTCGGACTGATGCCTT-1_V12D07-075_C1,1
TTCGGCAACCCGCTGA-1_V12D07-075_C1,5
TTCGGCTAGAGATGGT-1_V12D07-075_C1,3
TTCGGGACTAATCGCG-1_V12D07-075_C1,2
TTCGGGTTGCCACGGG-1_V12D07-075_C1,2
TTCGGTACTGTAGAGG-1_V12D07-075_C1,2
TTCGGTGGAGACGCCC-1_V12D07-075_C1,5
TTCGTAATCCCAGCGG-1_V12D07-075_C1,5
TTCGTACTCCAGAACG-1_V12D07-075_C1,3
TTCGTTCAACGAAGTT-1_V12D07-075_C1,1
TTCTAACCGAAGCTTA-1_V12D07-075_C1,6
TTCTACCTTTATGTTG-1_V12D07-075_C1,1
TTCTACTTGCGAGGGC-1_V12D07-075_C1,7
TTCTAGAAAGTCTTAT-1_V12D07-075_C1,6
TTCTAGGCCAATTGTG-1_V12D07-075_C1,7
TTCTATGCCTTTCGCA-1_V12D07-075_C1,1
TTCTATTAAACGCAGC-1_V12D07-075_C1,2
TTCTGACCGGGCTCAA-1_V12D07-075_C1,2
TTCTGCCGCGCCTAGA-1_V12D07-075_C1,2
TTCTGCGAGCGCCCTT-1_V12D07-075_C1,7
TTCTGCGGGTTAGCGG-1_V12D07-075_C1,2
TTCTGCTAGACTCCAA-1_V12D07-075_C1,5
TTCTGTTTCCTGTCGC-1_V12D07-075_C1,7
TTCTTAGTGAACGGTG-1_V12D07-075_C1,7
TTCTTAGTGGCTCAGA-1_V12D07-075_C1,4
TTCTTATCCGCTGGGT-1_V12D07-075_C1,2
TTCTTGAGCCGCGCTA-1_V12D07-075_C1,6
TTCTTGCTAGCATCTC-1_V12D07-075_C1,3
TTCTTGGAGTAATGAG-1_V12D07-075_C1,5
TTCTTGTAACCTAATG-1_V12D07-075_C1,7
TTCTTGTGTCCATCAG-1_V12D07-075_C1,7
TTCTTTGGTCGCGACG-1_V12D07-075_C1,1
TTGAAACCCTCATTCC-1_V12D07-075_C1,2
TTGAAAGGTGTAAAGG-1_V12D07-075_C1,1
TTGAACGAATCCTTTG-1_V12D07-075_C1,7
TTGAACGACGTGCTGA-1_V12D07-075_C1,2
TTGAAGAATTCCCAGG-1_V12D07-075_C1,7
TTGAATATGGACTTTC-1_V12D07-075_C1,2
TTGAATTCACGTGAGG-1_V12D07-075_C1,2
TTGACAGGAGCTCCCG-1_V12D07-075_C1,2
TTGACATGAACGTGGA-1_V12D07-075_C1,6
TTGACCAGGAACAACT-1_V12D07-075_C1,2
TTGACCATGTTCTCCG-1_V12D07-075_C1,5
TTGACCGTGTTAATGA-1_V12D07-075_C1,6
TTGACGATTCAGCACG-1_V12D07-075_C1,4
TTGACGCTCCATGAGC-1_V12D07-075_C1,2
TTGACTACCATATGGT-1_V12D07-075_C1,7
TTGACTATTGTCCGGC-1_V12D07-075_C1,2
TTGAGAAGTTTAGCAT-1_V12D07-075_C1,2
TTGAGAGTACTGCTAA-1_V12D07-075_C1,6
TTGAGCAGCCCACGGT-1_V12D07-075_C1,1
TTGAGCGCCACGTGAT-1_V12D07-075_C1,1
TTGAGGCATTTAACTC-1_V12D07-075_C1,1
TTGAGTCCCGCTGCTG-1_V12D07-075_C1,1
TTGATAGTCAATACAT-1_V12D07-075_C1,1
TTGATCTAACTTTGTC-1_V12D07-075_C1,7
TTGATGTGTAGTCCCG-1_V12D07-075_C1,5
TTGATTAGCTGTTTCT-1_V12D07-075_C1,6
TTGATTATGCAGATGA-1_V12D07-075_C1,7
TTGCAAGAAGACTCCT-1_V12D07-075_C1,6
TTGCACAATTCAGAAA-1_V12D07-075_C1,2
TTGCACGGAGCAGCAC-1_V12D07-075_C1,5
TTGCATGCTGATCACG-1_V12D07-075_C1,7
TTGCCAAGCAGAACCC-1_V12D07-075_C1,1
TTGCCCTGATCACGGG-1_V12D07-075_C1,7
TTGCCGCTTTCTAGTA-1_V12D07-075_C1,2
TTGCCGGTGATCCCTC-1_V12D07-075_C1,1
TTGCCTTCTCGCCGGG-1_V12D07-075_C1,2
TTGCGCTCTCTCGCTT-1_V12D07-075_C1,7
TTGCGCTTGATCAATA-1_V12D07-075_C1,2
TTGCGGCATCAGAAAG-1_V12D07-075_C1,6
TTGCGTAGTTTGAGGA-1_V12D07-075_C1,3
TTGCGTCGGCCAACCG-1_V12D07-075_C1,6
TTGCGTGAACGCTTAG-1_V12D07-075_C1,1
TTGCGTGTGTAGGCAT-1_V12D07-075_C1,2
TTGCTCATAGTACGTG-1_V12D07-075_C1,3
TTGCTCCCATACCGGA-1_V12D07-075_C1,5
TTGCTGAAGGAACCAC-1_V12D07-075_C1,5
TTGCTGATCATGTTCG-1_V12D07-075_C1,2
TTGCTGCACCTATCCA-1_V12D07-075_C1,7
TTGCTGGCCGGGCTTC-1_V12D07-075_C1,1
TTGGACATGTGGCTTA-1_V12D07-075_C1,6
TTGGACCATCTGGCAA-1_V12D07-075_C1,2
TTGGACCTATAACAGT-1_V12D07-075_C1,2
TTGGAGTCTCCCTTCT-1_V12D07-075_C1,4
TTGGATATCGTCTACG-1_V12D07-075_C1,2
TTGGATCGACTTCTGG-1_V12D07-075_C1,4
TTGGATTGGGTACCAC-1_V12D07-075_C1,1
TTGGCCATCTTGCGCT-1_V12D07-075_C1,3
TTGGCCTAGAATTTCG-1_V12D07-075_C1,5
TTGGCGATCCGAATAT-1_V12D07-075_C1,1
TTGGCTCAATATGTGT-1_V12D07-075_C1,2
TTGGCTCGCATGAGAC-1_V12D07-075_C1,7
TTGGGAAGACGAGCCG-1_V12D07-075_C1,2
TTGGGACACTGCCCGC-1_V12D07-075_C1,2
TTGGGACGTAAGAGTT-1_V12D07-075_C1,2
TTGGGCGGCGGTTGCC-1_V12D07-075_C1,2
TTGGTATGGCTTGTGT-1_V12D07-075_C1,1
TTGGTCACACTCGTAA-1_V12D07-075_C1,6
TTGGTTCGCTCAAAGG-1_V12D07-075_C1,1
TTGTAAGGACCTAAGT-1_V12D07-075_C1,6
TTGTAAGGCCAGTTGG-1_V12D07-075_C1,6
TTGTAATCCGTACTCG-1_V12D07-075_C1,7
TTGTATCACACAGAAT-1_V12D07-075_C1,4
TTGTCGTTCAGTTACC-1_V12D07-075_C1,5
TTGTGAACCTAATCCG-1_V12D07-075_C1,2
TTGTGATCTGTTCAGT-1_V12D07-075_C1,2
TTGTGCAGCCACGTCA-1_V12D07-075_C1,2
TTGTGGCCCTGACAGT-1_V12D07-075_C1,4
TTGTGGTGGTACTAAG-1_V12D07-075_C1,2
TTGTGTATGCCACCAA-1_V12D07-075_C1,2
TTGTGTTTCCCGAAAG-1_V12D07-075_C1,2
TTGTTAGCAAATTCGA-1_V12D07-075_C1,7
TTGTTCAGTGTGCTAC-1_V12D07-075_C1,2
TTGTTCTAGATACGCT-1_V12D07-075_C1,7
TTGTTGTGTGTCAAGA-1_V12D07-075_C1,2
TTGTTTCACATCCAGG-1_V12D07-075_C1,6
TTGTTTCCATACAACT-1_V12D07-075_C1,6
TTGTTTGTGTAAATTC-1_V12D07-075_C1,4
