key,cluster
AAACAAGTATCTCCCA-1_V12D07-075_C1,3
AAACAGAGCGACTCCT-1_V12D07-075_C1,4
AAACATTTCCCGGATT-1_V12D07-075_C1,3
AAACCCGAACGAAATC-1_V12D07-075_C1,4
AAACCGGAAATGTTAA-1_V12D07-075_C1,8
AAACCGGGTAGGTACC-1_V12D07-075_C1,9
AAACCGTTCGTCCAGG-1_V12D07-075_C1,9
AAACCTAAGCAGCCGG-1_V12D07-075_C1,1
AAACCTCATGAAGTTG-1_V12D07-075_C1,1
AAACGAAGAACATACC-1_V12D07-075_C1,6
AAACGAGACGGTTGAT-1_V12D07-075_C1,3
AAACGCTGGGCACGAC-1_V12D07-075_C1,3
AAACGGGCGTACGGGT-1_V12D07-075_C1,2
AAACGGTTGCGAACTG-1_V12D07-075_C1,1
AAACGTGTTCGCCCTA-1_V12D07-075_C1,4
AAACTAACGTGGCGAC-1_V12D07-075_C1,4
AAACTCGGTTCGCAAT-1_V12D07-075_C1,1
AAACTCGTGATATAAG-1_V12D07-075_C1,4
AAACTGCTGGCTCCAA-1_V12D07-075_C1,3
AAAGAATGTGGACTAA-1_V12D07-075_C1,3
AAAGACCCAAGTCGCG-1_V12D07-075_C1,6
AAAGACTGGGCGCTTT-1_V12D07-075_C1,1
AAAGCTTGCCTACATA-1_V12D07-075_C1,4
AAAGGCTACGGACCAT-1_V12D07-075_C1,2
AAAGGCTCTCGCGCCG-1_V12D07-075_C1,5
AAAGGGATGTAGCAAG-1_V12D07-075_C1,2
AAAGGGCAGCTTGAAT-1_V12D07-075_C1,2
AAAGGTAAGCTGTACC-1_V12D07-075_C1,4
AAAGTCACTGATGTAA-1_V12D07-075_C1,6
AAAGTCGACCCTCAGT-1_V12D07-075_C1,1
AAAGTGCCATCAATTA-1_V12D07-075_C1,3
AAAGTGTGATTTATCT-1_V12D07-075_C1,3
AAAGTTGACTCCCGTA-1_V12D07-075_C1,3
AAATAACCATACGGGA-1_V12D07-075_C1,8
AAATAAGGTAGTGCCC-1_V12D07-075_C1,8
AAATACCTATAAGCAT-1_V12D07-075_C1,2
AAATAGCTTAGACTTT-1_V12D07-075_C1,8
AAATAGGGTGCTATTG-1_V12D07-075_C1,3
AAATCGTGTACCACAA-1_V12D07-075_C1,1
AAATCTAGCCCTGCTA-1_V12D07-075_C1,3
AAATGATTCGATCAGC-1_V12D07-075_C1,4
AAATGCTCGTTACGTT-1_V12D07-075_C1,2
AAATGGCATGTCTTGT-1_V12D07-075_C1,2
AAATGGTCAATGTGCC-1_V12D07-075_C1,7
AAATTAACGGGTAGCT-1_V12D07-075_C1,1
AAATTAATAAGCGCGA-1_V12D07-075_C1,1
AAATTACACGACTCTG-1_V12D07-075_C1,8
AAATTACCTATCGATG-1_V12D07-075_C1,5
AAATTCCAGGTCCAAA-1_V12D07-075_C1,4
AAATTGGTGAGAAGCA-1_V12D07-075_C1,4
AAATTTACCGAAATCC-1_V12D07-075_C1,4
AAATTTGCGGGTGTGG-1_V12D07-075_C1,9
AACAACTGGTAGTTGC-1_V12D07-075_C1,7
AACAATTACTCTACGC-1_V12D07-075_C1,1
AACACACGCTCGCCGC-1_V12D07-075_C1,1
AACACGACTGTACTGA-1_V12D07-075_C1,6
AACACGCGGCCGCGAA-1_V12D07-075_C1,6
AACAGGAAATCGAATA-1_V12D07-075_C1,6
AACAGGATGGGCCGCG-1_V12D07-075_C1,7
AACAGGTAGTATGGAT-1_V12D07-075_C1,1
AACATATCAACTGGTG-1_V12D07-075_C1,5
AACATCGATACGTCTA-1_V12D07-075_C1,4
AACATTGTGACTCGAG-1_V12D07-075_C1,2
AACCAAGACTTCTCTG-1_V12D07-075_C1,2
AACCAGTATCACTCTT-1_V12D07-075_C1,4
AACCATGGGATCGCTA-1_V12D07-075_C1,2
AACCCAGAGACGGAGA-1_V12D07-075_C1,1
AACCCGAGCAGAATCG-1_V12D07-075_C1,3
AACCCTACTGTCAATA-1_V12D07-075_C1,3
AACCCTGGTGGAACCA-1_V12D07-075_C1,6
AACCGAGCTTGGTCAT-1_V12D07-075_C1,1
AACCGCTAAGGGATGC-1_V12D07-075_C1,3
AACCGTTGTGTTTGCT-1_V12D07-075_C1,6
AACCTCGCTTTAGCCC-1_V12D07-075_C1,1
AACCTGTCACGGAATT-1_V12D07-075_C1,4
AACCTTTAAATACGGT-1_V12D07-075_C1,1
AACCTTTACGACGTCT-1_V12D07-075_C1,5
AACGATAATGCCGTAG-1_V12D07-075_C1,1
AACGATAGAAGGGCCG-1_V12D07-075_C1,2
AACGATATGTCAACTG-1_V12D07-075_C1,2
AACGCATGATCTGGGT-1_V12D07-075_C1,2
AACGCGAACGGCAACA-1_V12D07-075_C1,7
AACGCGACCTTGGGCG-1_V12D07-075_C1,1
AACGCGGTCTCCAGCC-1_V12D07-075_C1,1
AACGCTGTTGCTGAAA-1_V12D07-075_C1,3
AACGGACGTACGTATA-1_V12D07-075_C1,1
AACGGCCATCTCCGGT-1_V12D07-075_C1,9
AACGTACTGTGGGTAC-1_V12D07-075_C1,9
AACGTCAGACTAGTGG-1_V12D07-075_C1,1
AACGTGATGAAGGACA-1_V12D07-075_C1,8
AACGTGCGAAAGTCTC-1_V12D07-075_C1,3
AACGTTATCAGCACCT-1_V12D07-075_C1,7
AACTACCCGTTTGTCA-1_V12D07-075_C1,11
AACTAGGCTTGGGTGT-1_V12D07-075_C1,2
AACTCAAGTTAATTGC-1_V12D07-075_C1,2
AACTCCAGAGCGTGTT-1_V12D07-075_C1,3
AACTCCTAATCCCATG-1_V12D07-075_C1,11
AACTCGATGGCGCAGT-1_V12D07-075_C1,6
AACTCTCAATAGAGCG-1_V12D07-075_C1,5
AACTCTCAGTGTGCTC-1_V12D07-075_C1,9
AACTGAGGTCAGCGTC-1_V12D07-075_C1,4
AACTGAGTTATACTGA-1_V12D07-075_C1,8
AACTGATATTAGGCCT-1_V12D07-075_C1,6
AACTGGGTCCCGACGT-1_V12D07-075_C1,7
AACTGGTGTGGGCCTT-1_V12D07-075_C1,6
AACTTCTGCGTCTATC-1_V12D07-075_C1,1
AACTTGCCCGTATGCA-1_V12D07-075_C1,2
AACTTGCGTTCTCGCG-1_V12D07-075_C1,2
AACTTTACGGGAGCTT-1_V12D07-075_C1,1
AAGAAGGATCAGTTAG-1_V12D07-075_C1,7
AAGACATACGTGGTTT-1_V12D07-075_C1,1
AAGACCCAACTGAACA-1_V12D07-075_C1,2
AAGACTGCAAGCTACT-1_V12D07-075_C1,1
AAGAGATGAATCGGTA-1_V12D07-075_C1,2
AAGAGCTCTTTATCGG-1_V12D07-075_C1,2
AAGAGGATGTACGCGA-1_V12D07-075_C1,5
AAGAGGCATGGATCGC-1_V12D07-075_C1,3
AAGAGGCCCTTTGGAA-1_V12D07-075_C1,3
AAGATTGGCGGAACGT-1_V12D07-075_C1,1
AAGCACCCTGCGTATC-1_V12D07-075_C1,2
AAGCATACTCTCCTGA-1_V12D07-075_C1,2
AAGCCGAAGCGGTTTA-1_V12D07-075_C1,3
AAGCCGGAGAGCAGGA-1_V12D07-075_C1,3
AAGCGCAGGGCTTTGA-1_V12D07-075_C1,3
AAGCGGCGTCATGGGT-1_V12D07-075_C1,4
AAGCTAGATCGAGTAA-1_V12D07-075_C1,2
AAGCTCGTGCCAAGTC-1_V12D07-075_C1,3
AAGCTCTTTCATGGTG-1_V12D07-075_C1,1
AAGGAGCGGTTGGTGC-1_V12D07-075_C1,2
AAGGATCGATCGCTTG-1_V12D07-075_C1,2
AAGGATGAGGGACCTC-1_V12D07-075_C1,5
AAGGCAGGCTGTCTCC-1_V12D07-075_C1,8
AAGGCGCGTAAAGCTT-1_V12D07-075_C1,7
AAGGCTGTGCTCATCG-1_V12D07-075_C1,2
AAGGGACAGATTCTGT-1_V12D07-075_C1,5
AAGGTATCCTAATATA-1_V12D07-075_C1,8
AAGGTGATAAACCAGC-1_V12D07-075_C1,3
AAGTAGAAGACCGGGT-1_V12D07-075_C1,2
AAGTAGTGACGCGAGG-1_V12D07-075_C1,2
AAGTCAATTGTCGTCA-1_V12D07-075_C1,3
AAGTCTTCTGTGGCCT-1_V12D07-075_C1,5
AAGTGACGACCGAATT-1_V12D07-075_C1,9
AAGTGAGTCGGGTTTA-1_V12D07-075_C1,2
AAGTGCAAAGGTAGAC-1_V12D07-075_C1,7
AAGTGCCTTGACTGTA-1_V12D07-075_C1,3
AAGTGTTTGGAGACGG-1_V12D07-075_C1,3
AAGTTCACTCCAAGCT-1_V12D07-075_C1,3
AAGTTCAGTCTGCGTA-1_V12D07-075_C1,4
AAGTTCGGCCAACAGG-1_V12D07-075_C1,9
AAGTTGTGATGTTATA-1_V12D07-075_C1,2
AAGTTTACTAATGGCA-1_V12D07-075_C1,6
AAGTTTATGGGCCCAA-1_V12D07-075_C1,3
AATAACAACGCTCGGC-1_V12D07-075_C1,7
AATAACACTAGAACAA-1_V12D07-075_C1,9
AATAAGTCCTCGAGAC-1_V12D07-075_C1,12
AATAATCTTCGTATCG-1_V12D07-075_C1,8
AATACAATGTTTCAGG-1_V12D07-075_C1,2
AATAGAACAGAGTGGC-1_V12D07-075_C1,9
AATAGAATCTGTTTCA-1_V12D07-075_C1,2
AATAGCAAGCCTCCTG-1_V12D07-075_C1,4
AATAGCTACCGCGTGC-1_V12D07-075_C1,4
AATAGTCCGTCCCGAC-1_V12D07-075_C1,1
AATAGTCGCGAGTCGG-1_V12D07-075_C1,7
AATATCAAGGTCGGAT-1_V12D07-075_C1,12
AATATCGAATCAATGC-1_V12D07-075_C1,5
AATATCGAGGGTTCTC-1_V12D07-075_C1,5
AATATTGGAGTATTGA-1_V12D07-075_C1,2
AATCAGACTGCAGGAC-1_V12D07-075_C1,2
AATCATGTAAAGACTC-1_V12D07-075_C1,3
AATCCAAGGGCCTGAG-1_V12D07-075_C1,7
AATCCATGCAAGGGTG-1_V12D07-075_C1,6
AATCGCCTCAGCGCCA-1_V12D07-075_C1,1
AATCGCGCAGAGGACT-1_V12D07-075_C1,8
AATCGGGACACTACGA-1_V12D07-075_C1,6
AATCGGTATAGCCCTC-1_V12D07-075_C1,5
AATCGTGAGCCGAGCA-1_V12D07-075_C1,3
AATCTATGCCGGAGCC-1_V12D07-075_C1,1
AATCTCTACTGTGGTT-1_V12D07-075_C1,5
AATCTGCGTTGGGACG-1_V12D07-075_C1,9
AATGACAGCAATGTCT-1_V12D07-075_C1,9
AATGACGTAGGATGTC-1_V12D07-075_C1,3
AATGACTGTCAGCCGG-1_V12D07-075_C1,7
AATGAGTTCGCATATG-1_V12D07-075_C1,1
AATGATGATACGCTAT-1_V12D07-075_C1,8
AATGATGCGACTCCTG-1_V12D07-075_C1,8
AATGCAACCGGGTACC-1_V12D07-075_C1,2
AATGCACCAAGCAATG-1_V12D07-075_C1,8
AATGGTCCACCGTTCA-1_V12D07-075_C1,2
AATGGTTCTCACAAGC-1_V12D07-075_C1,2
AATGTTGTCGTGAGAC-1_V12D07-075_C1,1
AATTAAAGGTCGGCGT-1_V12D07-075_C1,1
AATTAACGGATTTCCA-1_V12D07-075_C1,2
AATTACTCGTACGCTC-1_V12D07-075_C1,2
AATTAGCGCTGCAGCG-1_V12D07-075_C1,2
AATTCATAAGGGATCT-1_V12D07-075_C1,8
AATTCCAAGCATGTAC-1_V12D07-075_C1,3
AATTCGATTCGAGGAT-1_V12D07-075_C1,1
AATTCTAGAGTTAGGC-1_V12D07-075_C1,2
AATTGAACGCTCTGGT-1_V12D07-075_C1,3
AATTGCAGCAATCGAC-1_V12D07-075_C1,2
AATTGTGGTTGCCAAA-1_V12D07-075_C1,3
AATTTGGGACATAGTA-1_V12D07-075_C1,4
AATTTGGTTCCAAAGA-1_V12D07-075_C1,6
ACAAAGCATGACCTAG-1_V12D07-075_C1,3
ACAAATCGCACCGAAT-1_V12D07-075_C1,1
ACAAATGGTAGTGTTT-1_V12D07-075_C1,2
ACAAATTCAGATCTGA-1_V12D07-075_C1,4
ACAACAGCATGAGCTA-1_V12D07-075_C1,3
ACAACGGTCCCTGCGA-1_V12D07-075_C1,2
ACAAGCAGTGCCTAGC-1_V12D07-075_C1,2
ACAAGCTATATGGAAG-1_V12D07-075_C1,1
ACAAGGAAATCCGCCC-1_V12D07-075_C1,1
ACAAGGACAAGAGGTT-1_V12D07-075_C1,1
ACAAGGATGCTTTAGG-1_V12D07-075_C1,2
ACAAGGGCAGGCTCTG-1_V12D07-075_C1,1
ACAATCCATTTAAACC-1_V12D07-075_C1,7
ACAATGATTCTTCTAC-1_V12D07-075_C1,4
ACAATTGTGTCTCTTT-1_V12D07-075_C1,2
ACAATTTAGGAGGCTC-1_V12D07-075_C1,1
ACAATTTGAGCAGTGG-1_V12D07-075_C1,5
ACAATTTGGCCATATT-1_V12D07-075_C1,8
ACACAAAGACGGGTGG-1_V12D07-075_C1,2
ACACACCAGGACCAGT-1_V12D07-075_C1,3
ACACACTTTCTACACG-1_V12D07-075_C1,2
ACACATTGACGCAACA-1_V12D07-075_C1,3
ACACCACATAATTAGC-1_V12D07-075_C1,4
ACACCCAGCATGCAGC-1_V12D07-075_C1,4
ACACCCGAGAAATCCG-1_V12D07-075_C1,2
ACACCGAGCGCTCTTT-1_V12D07-075_C1,1
ACACCTTAAGTAGGGC-1_V12D07-075_C1,2
ACACCTTACTACTTGC-1_V12D07-075_C1,1
ACACGAGACTCCTTCT-1_V12D07-075_C1,2
ACACGGCACTATGCAT-1_V12D07-075_C1,7
ACACGGGAACTTAGGG-1_V12D07-075_C1,3
ACACGTAGGCCACAAG-1_V12D07-075_C1,3
ACACTCCAATGTCACT-1_V12D07-075_C1,2
ACACTGATCAAGGTGT-1_V12D07-075_C1,5
ACACTGGGACAGTCGT-1_V12D07-075_C1,3
ACAGATTAGGTTAGTG-1_V12D07-075_C1,6
ACAGCATAGAGCCAGT-1_V12D07-075_C1,6
ACAGCGACATTCTCAT-1_V12D07-075_C1,1
ACAGCGCACCCGCAGC-1_V12D07-075_C1,11
ACAGGCACGGATCCTT-1_V12D07-075_C1,3
ACAGGCTTGCCCGACT-1_V12D07-075_C1,1
ACAGGTGGAGGTGAGG-1_V12D07-075_C1,9
ACAGGTGTGTTGTTGC-1_V12D07-075_C1,5
ACAGTATACCGTGGGA-1_V12D07-075_C1,4
ACATAATAAGGCGGTG-1_V12D07-075_C1,11
ACATCAGCTGGGACGC-1_V12D07-075_C1,2
ACATCCCGGCCATACG-1_V12D07-075_C1,2
ACATCCTGGTAACTGT-1_V12D07-075_C1,3
ACATCGATCGTTTACC-1_V12D07-075_C1,3
ACATCGGTCAGCCGCG-1_V12D07-075_C1,1
ACATCGTATGCAATGG-1_V12D07-075_C1,3
ACATCGTTAACCTAGT-1_V12D07-075_C1,6
ACATGGCGCCAAAGTA-1_V12D07-075_C1,5
ACATGGCTCAATTTAG-1_V12D07-075_C1,1
ACATTAGTTTATATCC-1_V12D07-075_C1,2
ACCAAACACCCAGCGA-1_V12D07-075_C1,4
ACCAACACCACACACT-1_V12D07-075_C1,4
ACCAACCGCACTCCAC-1_V12D07-075_C1,1
ACCAACGCTTATTTAT-1_V12D07-075_C1,5
ACCAAGAACGCGTGTC-1_V12D07-075_C1,7
ACCAAGTCATCGGCAG-1_V12D07-075_C1,3
ACCAATATGCAAGTTA-1_V12D07-075_C1,12
ACCACAACTCAGAACA-1_V12D07-075_C1,11
ACCACAAGTTTCTATC-1_V12D07-075_C1,7
ACCACCAATGTAACAA-1_V12D07-075_C1,5
ACCACCCTCTCTTCTA-1_V12D07-075_C1,11
ACCACGTGCAGCTATA-1_V12D07-075_C1,3
ACCACTGTTCAAGAAG-1_V12D07-075_C1,1
ACCAGACCATAACAAC-1_V12D07-075_C1,1
ACCAGCCCGGTCTTTG-1_V12D07-075_C1,6
ACCAGTGCCCGGTCAA-1_V12D07-075_C1,4
ACCAGTGCGGGAGACG-1_V12D07-075_C1,3
ACCATATCCGCAATAA-1_V12D07-075_C1,2
ACCATCGTATATGGTA-1_V12D07-075_C1,2
ACCATTAAGGGTGTCA-1_V12D07-075_C1,3
ACCCAACGCCCGTGGC-1_V12D07-075_C1,9
ACCCACCTACATGCTC-1_V12D07-075_C1,2
ACCCATCTTGAGGGTA-1_V12D07-075_C1,1
ACCCATTTGTCCCTCT-1_V12D07-075_C1,1
ACCCGGAAACTCCCAG-1_V12D07-075_C1,1
ACCCGGAGCACCACAA-1_V12D07-075_C1,1
ACCCGGATGACGCATC-1_V12D07-075_C1,5
ACCCGGTTACACTTCC-1_V12D07-075_C1,1
ACCCGTAGTCTAGTTG-1_V12D07-075_C1,3
ACCCGTGTCATCAGTA-1_V12D07-075_C1,1
ACCCTATAGGACTGAG-1_V12D07-075_C1,2
ACCCTATGCCATATCG-1_V12D07-075_C1,9
ACCCTCCCGTCAGGGC-1_V12D07-075_C1,1
ACCCTCCCTTGCTATT-1_V12D07-075_C1,3
ACCCTGGTAACGCCCT-1_V12D07-075_C1,4
ACCCTTCATCTGCGAA-1_V12D07-075_C1,1
ACCCTTTAGTTCTCCA-1_V12D07-075_C1,3
ACCGAAAGGGCCCTGC-1_V12D07-075_C1,12
ACCGACACATCTCCCA-1_V12D07-075_C1,1
ACCGACTGAGTCCCAC-1_V12D07-075_C1,1
ACCGATAGGCATAACC-1_V12D07-075_C1,3
ACCGATATTTAATCAT-1_V12D07-075_C1,8
ACCGATGGTAGCATCG-1_V12D07-075_C1,5
ACCGCAATAACTGCCT-1_V12D07-075_C1,1
ACCGCGGTGGAAGTCG-1_V12D07-075_C1,5
ACCGGGCCTTTGTTGA-1_V12D07-075_C1,3
ACCGTTCCCGCTCTGA-1_V12D07-075_C1,6
ACCTAATCGACTTCCT-1_V12D07-075_C1,2
ACCTACAGTATGTGGT-1_V12D07-075_C1,8
ACCTACTATAAATCTA-1_V12D07-075_C1,1
ACCTCCGCCCTCGCTG-1_V12D07-075_C1,3
ACCTCCGTTATTCACC-1_V12D07-075_C1,8
ACGAAATGGGCGGCAC-1_V12D07-075_C1,2
ACGACCCATGAGTTGC-1_V12D07-075_C1,3
ACGACTCTAGGGCCGA-1_V12D07-075_C1,5
ACGAGAACCCATCACG-1_V12D07-075_C1,6
ACGAGATATTTGCTTA-1_V12D07-075_C1,2
ACGAGTACGGATGCCC-1_V12D07-075_C1,5
ACGATACATAGAACTA-1_V12D07-075_C1,8
ACGATACCTATCCTGA-1_V12D07-075_C1,1
ACGATCATACATAGAG-1_V12D07-075_C1,1
ACGATCATCTTGTAAA-1_V12D07-075_C1,5
ACGATGCATATGTTAT-1_V12D07-075_C1,2
ACGATGGATCCGATGC-1_V12D07-075_C1,6
ACGCAAACTAATAGAT-1_V12D07-075_C1,5
ACGCAATCACTACAGC-1_V12D07-075_C1,4
ACGCATAAATGACATG-1_V12D07-075_C1,4
ACGCATACGTTTACTA-1_V12D07-075_C1,3
ACGCATTCGTGAGTAC-1_V12D07-075_C1,3
ACGCCAGATGATTTCT-1_V12D07-075_C1,6
ACGCCAGTGCGTTTGC-1_V12D07-075_C1,5
ACGCCGCTAGACGACC-1_V12D07-075_C1,2
ACGCGAAGTCAGACGA-1_V12D07-075_C1,2
ACGCGCTACACAGGGT-1_V12D07-075_C1,5
ACGCGGGCCAAGGACA-1_V12D07-075_C1,1
ACGCGTTTCTTAAGAG-1_V12D07-075_C1,1
ACGCTAGTGATACACT-1_V12D07-075_C1,5
ACGCTGTGAGGCGTAG-1_V12D07-075_C1,5
ACGGAATTTAGCAAAT-1_V12D07-075_C1,7
ACGGACTCTCAAAGCG-1_V12D07-075_C1,3
ACGGAGCGCAAATTAC-1_V12D07-075_C1,4
ACGGATGGTGCGGATA-1_V12D07-075_C1,2
ACGGCACTTGCTTGGG-1_V12D07-075_C1,1
ACGGCCAACATGGACT-1_V12D07-075_C1,5
ACGGCGACGATGGGAA-1_V12D07-075_C1,3
ACGGCGGGTTGCCCTG-1_V12D07-075_C1,6
ACGGGCGTATGCGACA-1_V12D07-075_C1,4
ACGGGTCATGTGACTT-1_V12D07-075_C1,1
ACGGTACAGTTCAATG-1_V12D07-075_C1,2
ACGTACAGATTTCTCT-1_V12D07-075_C1,6
ACGTAGATTGCTGATG-1_V12D07-075_C1,3
ACGTAGGAGAGTCGCT-1_V12D07-075_C1,5
ACGTATTACTCCGATC-1_V12D07-075_C1,3
ACGTGCGCCTCGTGCA-1_V12D07-075_C1,7
ACGTTAATGTCGAAGA-1_V12D07-075_C1,2
ACGTTAGATTTGCCCG-1_V12D07-075_C1,1
ACGTTATTGGTCACTC-1_V12D07-075_C1,1
ACGTTCCGCGCTCCGT-1_V12D07-075_C1,10
ACGTTCGCAATCAATT-1_V12D07-075_C1,4
ACGTTCGTTCAGGAAA-1_V12D07-075_C1,9
ACGTTCTGTACAAGTC-1_V12D07-075_C1,3
ACGTTTAGTTGTGATC-1_V12D07-075_C1,2
ACTAATACGTCAGGCG-1_V12D07-075_C1,4
ACTACCAGCTCTCTGG-1_V12D07-075_C1,2
ACTACGCGTTAGAATT-1_V12D07-075_C1,1
ACTAGTTGCGATCGTC-1_V12D07-075_C1,3
ACTATATGCTGTGTTC-1_V12D07-075_C1,4
ACTATCCAGGGCATGG-1_V12D07-075_C1,1
ACTATCGCCGGCTAAA-1_V12D07-075_C1,3
ACTATCTGCCCGCGTA-1_V12D07-075_C1,1
ACTATTCGTCCGTGGT-1_V12D07-075_C1,6
ACTATTTCCGGGCCCA-1_V12D07-075_C1,5
ACTCAACGAATGTATT-1_V12D07-075_C1,6
ACTCAAGTGCAAGGCT-1_V12D07-075_C1,2
ACTCAATAAAGGCACG-1_V12D07-075_C1,1
ACTCAGACCTGCTTCT-1_V12D07-075_C1,12
ACTCCCGAATTCGTTT-1_V12D07-075_C1,4
ACTCCCTAATGCTAAA-1_V12D07-075_C1,1
ACTCCCTAGAATAGTA-1_V12D07-075_C1,2
ACTCCGGCCGACCACT-1_V12D07-075_C1,3
ACTCGATGTATTTCAT-1_V12D07-075_C1,1
ACTCGCCGTTCGATAA-1_V12D07-075_C1,2
ACTCGCGATCTGACGC-1_V12D07-075_C1,4
ACTCGTCAGTAATCCC-1_V12D07-075_C1,3
ACTCTAAACCTGGGAT-1_V12D07-075_C1,7
ACTCTCTGACTTAGGT-1_V12D07-075_C1,1
ACTCTCTTATACACGA-1_V12D07-075_C1,7
ACTCTGACCTAATAGA-1_V12D07-075_C1,3
ACTCTTCAGCTCCCGC-1_V12D07-075_C1,4
ACTCTTGTATAGTAAC-1_V12D07-075_C1,1
ACTGAAACGCCGTTAG-1_V12D07-075_C1,3
ACTGAATGGCGAAAGT-1_V12D07-075_C1,1
ACTGCCGTCGTAACTC-1_V12D07-075_C1,7
ACTGCGGACACACCGT-1_V12D07-075_C1,4
ACTGTACGATACACAT-1_V12D07-075_C1,1
ACTGTAGCACTTTGGA-1_V12D07-075_C1,2
ACTGTATACGCGAGCA-1_V12D07-075_C1,6
ACTGTCCAGGATTATA-1_V12D07-075_C1,2
ACTGTCTTCTTTAGAA-1_V12D07-075_C1,1
ACTGTGCTAGTAGATC-1_V12D07-075_C1,2
ACTTACCGGGCGCGCA-1_V12D07-075_C1,4
ACTTACGCATCCACGC-1_V12D07-075_C1,8
ACTTAGTACGACAAGA-1_V12D07-075_C1,7
ACTTATACTTACCCGG-1_V12D07-075_C1,1
ACTTATTAGGATCGGT-1_V12D07-075_C1,1
ACTTATTTATGTGCCA-1_V12D07-075_C1,3
ACTTCAGGCTGATCCC-1_V12D07-075_C1,1
ACTTCCATGCGGGACA-1_V12D07-075_C1,1
ACTTCGCCATACGCAC-1_V12D07-075_C1,1
ACTTCGCTAGCGAGTG-1_V12D07-075_C1,4
ACTTGACTCCCTCTTT-1_V12D07-075_C1,2
ACTTGGGACCCGGTGG-1_V12D07-075_C1,2
ACTTGTGGATGGAACG-1_V12D07-075_C1,3
ACTTTACCCTCATGAA-1_V12D07-075_C1,4
ACTTTCCTATAGCTTC-1_V12D07-075_C1,3
ACTTTGACTGCATCCT-1_V12D07-075_C1,5
ACTTTGTCGACGCACT-1_V12D07-075_C1,5
AGAAATTATGACTCGC-1_V12D07-075_C1,5
AGAACCCAGCGTGACA-1_V12D07-075_C1,4
AGAACGTGGTACATTC-1_V12D07-075_C1,5
AGAAGAGCGCCGTTCC-1_V12D07-075_C1,2
AGAAGGTTGCCGAATT-1_V12D07-075_C1,1
AGAAGGTTGTAGGTCG-1_V12D07-075_C1,3
AGAATAAATCTTCAGG-1_V12D07-075_C1,1
AGAATGCGGGTTCGGA-1_V12D07-075_C1,4
AGAATTATGGATTCGA-1_V12D07-075_C1,9
AGAATTGTTTGACATA-1_V12D07-075_C1,1
AGACAGCTCAGAATCC-1_V12D07-075_C1,2
AGACAGGCATCTCAGC-1_V12D07-075_C1,8
AGACATAGATCCTTCC-1_V12D07-075_C1,6
AGACCATGGGATACAA-1_V12D07-075_C1,2
AGACCCACCGCTGATC-1_V12D07-075_C1,2
AGACCCGCCCTCCTCG-1_V12D07-075_C1,2
AGACCGCTCCGCGGTT-1_V12D07-075_C1,3
AGACGAAGTGCCGGTC-1_V12D07-075_C1,3
AGACGCCCACTTCGCC-1_V12D07-075_C1,3
AGACGGGCCGATTTAA-1_V12D07-075_C1,4
AGACTAGCCTTCCAGA-1_V12D07-075_C1,7
AGACTGTTACCGGGTC-1_V12D07-075_C1,9
AGAGAACCGTCTAGGA-1_V12D07-075_C1,5
AGAGCAGTTATGAGAC-1_V12D07-075_C1,2
AGAGCCGCCGAGATTT-1_V12D07-075_C1,3
AGAGCGGGCTAATCAT-1_V12D07-075_C1,6
AGAGCGTACAAGCTCG-1_V12D07-075_C1,2
AGAGCTACGAAAGCAT-1_V12D07-075_C1,7
AGAGGCTTCGGAAACC-1_V12D07-075_C1,3
AGAGGGACAATTGTCC-1_V12D07-075_C1,4
AGAGTAAACTTCACTA-1_V12D07-075_C1,5
AGAGTATAGTGTTACG-1_V12D07-075_C1,4
AGAGTTAGAGACCGAT-1_V12D07-075_C1,4
AGATAACTTCAGGGCC-1_V12D07-075_C1,7
AGATACCAATAGAACC-1_V12D07-075_C1,3
AGATACCAGCACTTCA-1_V12D07-075_C1,4
AGATACCGGTGTTCAC-1_V12D07-075_C1,1
AGATACGACTTCATAT-1_V12D07-075_C1,1
AGATACTCAAGATCGA-1_V12D07-075_C1,1
AGATATAATACGACTA-1_V12D07-075_C1,3
AGATCGTGCATAAGAT-1_V12D07-075_C1,11
AGATCTCAGGTGTGAT-1_V12D07-075_C1,3
AGATGACTCGCCCACG-1_V12D07-075_C1,10
AGATGAGGGTTGCGAT-1_V12D07-075_C1,4
AGATGATGGAGTCTGG-1_V12D07-075_C1,8
AGATGCTATAACGAGC-1_V12D07-075_C1,1
AGATTATAGGACGTTT-1_V12D07-075_C1,1
AGCAAAGGCCGCTAGT-1_V12D07-075_C1,1
AGCAACATATCTTATT-1_V12D07-075_C1,3
AGCACCAGTACTCACG-1_V12D07-075_C1,2
AGCACTACCGGCCTGT-1_V12D07-075_C1,7
AGCACTACCTCACCAG-1_V12D07-075_C1,2
AGCACTTAAGGACGCC-1_V12D07-075_C1,7
AGCAGAAGGAGAAAGA-1_V12D07-075_C1,3
AGCAGCCAGATGAATA-1_V12D07-075_C1,2
AGCATATCAATATGCT-1_V12D07-075_C1,2
AGCATCGTCGATAATT-1_V12D07-075_C1,10
AGCATTACGAGGCAAG-1_V12D07-075_C1,1
AGCCAAGCTTTGTGTC-1_V12D07-075_C1,1
AGCCACAGGTTACCCG-1_V12D07-075_C1,3
AGCCACTCCCGTGCTT-1_V12D07-075_C1,8
AGCCATATAGTATGTG-1_V12D07-075_C1,5
AGCCCATACATGTAAG-1_V12D07-075_C1,9
AGCCCGCAACAAGCAG-1_V12D07-075_C1,2
AGCCCGGTAGCCTGTA-1_V12D07-075_C1,5
AGCCCTAAGCGAAGTT-1_V12D07-075_C1,11
AGCCCTGTCGCACCGT-1_V12D07-075_C1,4
AGCCCTTCTAATCCGA-1_V12D07-075_C1,4
AGCCCTTGGACATCCC-1_V12D07-075_C1,3
AGCCGCAAATTCAAAT-1_V12D07-075_C1,1
AGCCGCTTGATTAGCG-1_V12D07-075_C1,3
AGCCTTAAAGCGGAAG-1_V12D07-075_C1,2
AGCGACAGGAACGGTC-1_V12D07-075_C1,9
AGCGACATCCCATTCA-1_V12D07-075_C1,6
AGCGACCAACGATATT-1_V12D07-075_C1,2
AGCGATGCGCCTAATA-1_V12D07-075_C1,3
AGCGCATAATGAATCG-1_V12D07-075_C1,2
AGCGCGGGTGCCAATG-1_V12D07-075_C1,8
AGCGCTAGAGCGATGT-1_V12D07-075_C1,4
AGCGCTTATGGGCAAG-1_V12D07-075_C1,4
AGCGGACACTTCGTAG-1_V12D07-075_C1,1
AGCGGGAAGGGTCCAT-1_V12D07-075_C1,6
AGCGGGTCTGACACTC-1_V12D07-075_C1,3
AGCGGTTGCCGCTCTG-1_V12D07-075_C1,4
AGCGTACGAGAGCTAG-1_V12D07-075_C1,2
AGCGTCTGAACCCGCA-1_V12D07-075_C1,6
AGCGTGGTATTCTACT-1_V12D07-075_C1,2
AGCTAAGTACGCAGGC-1_V12D07-075_C1,1
AGCTAGAAGCAGAAGT-1_V12D07-075_C1,8
AGCTATTTAATCCAAC-1_V12D07-075_C1,10
AGCTCCATATATGTTC-1_V12D07-075_C1,3
AGCTCCTTCGCACATC-1_V12D07-075_C1,1
AGCTCTAGACGTTCCA-1_V12D07-075_C1,9
AGCTCTTCCCAGTGCA-1_V12D07-075_C1,8
AGCTCTTCGTAACCTT-1_V12D07-075_C1,5
AGCTCTTTACTCAGTT-1_V12D07-075_C1,1
AGCTGAAGTAAACCAA-1_V12D07-075_C1,8
AGCTTATAGAGACCTG-1_V12D07-075_C1,6
AGCTTCTTCTCGAGCA-1_V12D07-075_C1,1
AGCTTGATCTTAACTT-1_V12D07-075_C1,9
AGGAACGAACGACTTC-1_V12D07-075_C1,3
AGGAAGCTGTCCGCCG-1_V12D07-075_C1,1
AGGACAGTCGAATCCC-1_V12D07-075_C1,1
AGGACATCGCACGTCG-1_V12D07-075_C1,2
AGGACATCGGCACACT-1_V12D07-075_C1,3
AGGACGACCCATTAGA-1_V12D07-075_C1,1
AGGACGCTCGATGTTG-1_V12D07-075_C1,8
AGGACTTATAGGAGAA-1_V12D07-075_C1,3
AGGAGACATCCACAGT-1_V12D07-075_C1,4
AGGAGGCCTTCGCGCG-1_V12D07-075_C1,1
AGGATAAAGTCGGGAT-1_V12D07-075_C1,1
AGGATATAGGGATTTA-1_V12D07-075_C1,3
AGGATATCCGACTGCA-1_V12D07-075_C1,9
AGGATTGCTTACGACA-1_V12D07-075_C1,4
AGGCACGTGACTGTCC-1_V12D07-075_C1,3
AGGCAGATGCGTAAAC-1_V12D07-075_C1,5
AGGCAGGGAGCGTACT-1_V12D07-075_C1,5
AGGCATTGTCGTAGGG-1_V12D07-075_C1,2
AGGCCACATTGGTTAC-1_V12D07-075_C1,4
AGGCCACCCGTTATGA-1_V12D07-075_C1,1
AGGCCCAGTGACTGGT-1_V12D07-075_C1,2
AGGCCCATTGTACAGG-1_V12D07-075_C1,7
AGGCCTGAGAATCTCG-1_V12D07-075_C1,1
AGGCGATAACTGGCGT-1_V12D07-075_C1,3
AGGCGTCTATGGACGG-1_V12D07-075_C1,4
AGGCTATGGTTAGCTT-1_V12D07-075_C1,7
AGGCTTCCCGAAGAAG-1_V12D07-075_C1,9
AGGCTTGCTAGACACC-1_V12D07-075_C1,2
AGGGAAACGAGGTACT-1_V12D07-075_C1,4
AGGGACCGGCTGCGTT-1_V12D07-075_C1,4
AGGGACTCTACGCGAC-1_V12D07-075_C1,1
AGGGAGACATACTTCG-1_V12D07-075_C1,4
AGGGCAGCGGCGTGGT-1_V12D07-075_C1,6
AGGGCCCTAATGTTCT-1_V12D07-075_C1,3
AGGGCGTGATCGGCTA-1_V12D07-075_C1,2
AGGGCTGCAGTTACAG-1_V12D07-075_C1,3
AGGGTCAGTAACCCTA-1_V12D07-075_C1,11
AGGGTCGATGCGAACT-1_V12D07-075_C1,5
AGGGTCTGGACGCAGT-1_V12D07-075_C1,5
AGGGTGCTCTCGAGGG-1_V12D07-075_C1,9
AGGGTGGATAGTGCAT-1_V12D07-075_C1,1
AGGGTTCCCTTTGGTT-1_V12D07-075_C1,9
AGGGTTTAGTTCGGGA-1_V12D07-075_C1,1
AGGTAACCTCCTATTC-1_V12D07-075_C1,6
AGGTACGATATTGCCA-1_V12D07-075_C1,6
AGGTAGGTACAAAGCT-1_V12D07-075_C1,7
AGGTATAATTGATAGT-1_V12D07-075_C1,1
AGGTATGCGGACATTA-1_V12D07-075_C1,4
AGGTCGCCTCCCAACA-1_V12D07-075_C1,3
AGGTCGCGGAGTTACT-1_V12D07-075_C1,4
AGGTGCACGTCCACAT-1_V12D07-075_C1,3
AGGTGGTGACCTTCGC-1_V12D07-075_C1,1
AGGTGTATCGCCATGA-1_V12D07-075_C1,5
AGGTGTTGCCGACCAC-1_V12D07-075_C1,3
AGGTTACACCATGCCG-1_V12D07-075_C1,4
AGGTTGAGGCACGCTT-1_V12D07-075_C1,11
AGGTTTCACACACCTT-1_V12D07-075_C1,2
AGTAACGTTCATCCTG-1_V12D07-075_C1,4
AGTAACTATAGCAGCC-1_V12D07-075_C1,5
AGTAATGTCTTGCCGC-1_V12D07-075_C1,6
AGTACATCATTTATCA-1_V12D07-075_C1,10
AGTACCTTCGAGTGCT-1_V12D07-075_C1,4
AGTACGGCCCGTATCG-1_V12D07-075_C1,1
AGTACGGGCACCTGGC-1_V12D07-075_C1,8
AGTACGTGGCCTGTCT-1_V12D07-075_C1,4
AGTACTCTTATGCCCA-1_V12D07-075_C1,1
AGTAGAAGGCGCCTCA-1_V12D07-075_C1,3
AGTAGGAAGGAAGTTG-1_V12D07-075_C1,4
AGTAGGTAACATACAT-1_V12D07-075_C1,6
AGTATAATACTAGGCA-1_V12D07-075_C1,1
AGTATACACAGCGACA-1_V12D07-075_C1,2
AGTATTTGGCACGACC-1_V12D07-075_C1,5
AGTCAACACCACCATC-1_V12D07-075_C1,1
AGTCAAGATGACACTT-1_V12D07-075_C1,3
AGTCACTAGCTCTCGA-1_V12D07-075_C1,3
AGTCAGCCACCGCCTG-1_V12D07-075_C1,2
AGTCCATTGGCTGATG-1_V12D07-075_C1,3
AGTCCCGCCTTTAATT-1_V12D07-075_C1,11
AGTCCCTCGCAGAAAG-1_V12D07-075_C1,4
AGTCGACGGTCTCAAG-1_V12D07-075_C1,3
AGTCGGCCCAAACGAC-1_V12D07-075_C1,2
AGTCGGTTGCGTGAGA-1_V12D07-075_C1,4
AGTCGTATAAAGCAGA-1_V12D07-075_C1,1
AGTCGTCGACCACCAA-1_V12D07-075_C1,3
AGTCTAAAGTATACTC-1_V12D07-075_C1,4
AGTCTGGACATCCTTG-1_V12D07-075_C1,2
AGTCTTCTCCTCAAAT-1_V12D07-075_C1,2
AGTCTTTAAAGTGTCC-1_V12D07-075_C1,3
AGTGAACAAACTTCTC-1_V12D07-075_C1,3
AGTGAAGATGGTGTCC-1_V12D07-075_C1,4
AGTGACCTACTTTACG-1_V12D07-075_C1,1
AGTGAGACTTCCAGTA-1_V12D07-075_C1,3
AGTGAGCCTCGCCGCC-1_V12D07-075_C1,5
AGTGAGGGTTTCTGAC-1_V12D07-075_C1,8
AGTGAGTCGAATTAAC-1_V12D07-075_C1,1
AGTGATAACCTGCGCG-1_V12D07-075_C1,3
AGTGATATGAGTAGTT-1_V12D07-075_C1,5
AGTGATTCAAGCAGGA-1_V12D07-075_C1,3
AGTGCACGCTTAAGAA-1_V12D07-075_C1,1
AGTGCGTAGCTCGTAA-1_V12D07-075_C1,5
AGTGCTAAACACAGCA-1_V12D07-075_C1,3
AGTGCTTGCACGAATA-1_V12D07-075_C1,3
AGTGGCGGCAATTTGA-1_V12D07-075_C1,5
AGTGGCGTCTGAAGGT-1_V12D07-075_C1,1
AGTGGCTCCGTCGGCC-1_V12D07-075_C1,9
AGTGGGAGTATACACG-1_V12D07-075_C1,1
AGTGGTTGCGTATAGG-1_V12D07-075_C1,1
AGTGTATTGCGCATTG-1_V12D07-075_C1,5
AGTGTGCTAAGATCGC-1_V12D07-075_C1,1
AGTGTGGTCTATTGTG-1_V12D07-075_C1,1
AGTTAAACACTTGCGA-1_V12D07-075_C1,1
AGTTAAGCGGTCCCGG-1_V12D07-075_C1,10
AGTTACCCTTAAGACT-1_V12D07-075_C1,7
AGTTACCGCACATGGT-1_V12D07-075_C1,1
AGTTACTCTATCGTGG-1_V12D07-075_C1,8
AGTTCACCGGTTGGAC-1_V12D07-075_C1,1
AGTTCCTACAGAATTA-1_V12D07-075_C1,2
AGTTCCTATTTATGTT-1_V12D07-075_C1,1
AGTTCTGCGTTGTATC-1_V12D07-075_C1,2
AGTTGACATCGGCTGG-1_V12D07-075_C1,6
AGTTGACGGTCCTTGC-1_V12D07-075_C1,3
AGTTGCTGACTGATAT-1_V12D07-075_C1,7
AGTTGGCAAGGCTAGA-1_V12D07-075_C1,1
AGTTTATGTAAAGACA-1_V12D07-075_C1,4
AGTTTCGCAGGTCGGA-1_V12D07-075_C1,6
AGTTTGCACCTGCCTC-1_V12D07-075_C1,2
AGTTTGGCACGGGTTG-1_V12D07-075_C1,3
AGTTTGGCCAGACCTA-1_V12D07-075_C1,9
ATAAACGGACCCGTAA-1_V12D07-075_C1,2
ATAAACGTTGCACCAC-1_V12D07-075_C1,1
ATAAAGGCTCGGTCGT-1_V12D07-075_C1,3
ATAAAGGTCAAGTACG-1_V12D07-075_C1,1
ATAAATATTAGCAGCT-1_V12D07-075_C1,1
ATAACGCCGGAGGGTC-1_V12D07-075_C1,3
ATAACGGAGTCCAACG-1_V12D07-075_C1,12
ATAACGTTACCTCCAC-1_V12D07-075_C1,4
ATAAGGTGGAGAACAT-1_V12D07-075_C1,2
ATAAGTACCCGATTGT-1_V12D07-075_C1,4
ATAAGTAGGATTCAGA-1_V12D07-075_C1,5
ATAAGTAGGGCGACTC-1_V12D07-075_C1,2
ATAAGTTACCGCGACG-1_V12D07-075_C1,5
ATAATACCGTTAGCCG-1_V12D07-075_C1,1
ATAATAGCTGTTGAAT-1_V12D07-075_C1,1
ATAATAGTGTAGGGAC-1_V12D07-075_C1,6
ATAATCTTGGAGAACC-1_V12D07-075_C1,2
ATAATTAGCTAAGTAG-1_V12D07-075_C1,3
ATACAGGCCCTCCAAT-1_V12D07-075_C1,1
ATACCACGGGCAACTT-1_V12D07-075_C1,1
ATACCAGGCTAATAGA-1_V12D07-075_C1,6
ATACCGTCATCCATAA-1_V12D07-075_C1,4
ATACCTAACCAAGAAA-1_V12D07-075_C1,3
ATACGAAGGCTTTCCA-1_V12D07-075_C1,4
ATACGCCGGCGAAACC-1_V12D07-075_C1,2
ATACGGGTTTCGATTG-1_V12D07-075_C1,8
ATACGGTGAAGATGCA-1_V12D07-075_C1,1
ATACGTACTTAGCCAC-1_V12D07-075_C1,2
ATACGTCCACTCCTGT-1_V12D07-075_C1,3
ATACGTTATGCACGGA-1_V12D07-075_C1,1
ATACTACCCGTACCAC-1_V12D07-075_C1,3
ATACTAGCATGACCCT-1_V12D07-075_C1,10
ATACTCTCGCCACTCT-1_V12D07-075_C1,7
ATACTGCCTTACACCG-1_V12D07-075_C1,1
ATACTTGTTCTCGAGC-1_V12D07-075_C1,1
ATAGACAACGGGACCT-1_V12D07-075_C1,5
ATAGACGAAGAGAAAG-1_V12D07-075_C1,1
ATAGAGTACTGGGACA-1_V12D07-075_C1,2
ATAGAGTTATCAACTT-1_V12D07-075_C1,5
ATAGCAACTAGGGAAG-1_V12D07-075_C1,2
ATAGCCTCAGTACCCA-1_V12D07-075_C1,1
ATAGCTGCTCTTGTTA-1_V12D07-075_C1,1
ATAGGAATCTAAGCTT-1_V12D07-075_C1,4
ATAGGCGGCTATAGAA-1_V12D07-075_C1,9
ATAGGCTAGCTTCGCA-1_V12D07-075_C1,5
ATAGGGATATCCTTGA-1_V12D07-075_C1,1
ATAGGTTGGGCAGATG-1_V12D07-075_C1,3
ATAGTCTTTGACGTGC-1_V12D07-075_C1,6
ATAGTGAAGCGTTCTC-1_V12D07-075_C1,1
ATAGTTCCACCCACTC-1_V12D07-075_C1,5
ATATAAAGCGCTCGTG-1_V12D07-075_C1,2
ATATAAATGTAGCTGC-1_V12D07-075_C1,1
ATATAACACGGGCGCA-1_V12D07-075_C1,3
ATATACGCTCGTGACG-1_V12D07-075_C1,1
ATATCAACCTACAGAG-1_V12D07-075_C1,5
ATATCGGTAGGGAGAT-1_V12D07-075_C1,8
ATATCGTTCCTCGAAC-1_V12D07-075_C1,1
ATATCTCCCTCGTTAA-1_V12D07-075_C1,11
ATATCTTAGGGCCTTC-1_V12D07-075_C1,3
ATATGGGATAGCAACT-1_V12D07-075_C1,2
ATATGTCTCCCTAGCC-1_V12D07-075_C1,5
ATATGTGCACAAACCA-1_V12D07-075_C1,4
ATATTATCCCGTATTT-1_V12D07-075_C1,7
ATATTCAGTTAAACCT-1_V12D07-075_C1,5
ATATTCCACATAGTGA-1_V12D07-075_C1,2
ATATTCCCACAGGTCA-1_V12D07-075_C1,6
ATATTGCTGTCAAAGT-1_V12D07-075_C1,7
ATATTGGAGAGGCCTT-1_V12D07-075_C1,3
ATATTTAACCCTCAAG-1_V12D07-075_C1,1
ATCAAACACTGTTCCA-1_V12D07-075_C1,3
ATCAAACGAAGGTTTG-1_V12D07-075_C1,9
ATCAATCTGGGCTGCA-1_V12D07-075_C1,1
ATCACATTAGAATATC-1_V12D07-075_C1,8
ATCACGTGCTAATTAA-1_V12D07-075_C1,9
ATCACTTCATCCTCGC-1_V12D07-075_C1,11
ATCAGACGGCACGCCG-1_V12D07-075_C1,5
ATCAGCCTCATGCTGC-1_V12D07-075_C1,7
ATCAGGTAGCTGACAG-1_V12D07-075_C1,4
ATCAGGTCGCCATTGC-1_V12D07-075_C1,4
ATCAGTAGGCAGGGAT-1_V12D07-075_C1,8
ATCATAGCCCTATGTA-1_V12D07-075_C1,1
ATCATCCAATATTTGT-1_V12D07-075_C1,1
ATCATGGACTACCGAC-1_V12D07-075_C1,4
ATCCAACGCAGTCATA-1_V12D07-075_C1,2
ATCCAATGGAGGGTCC-1_V12D07-075_C1,9
ATCCAATGGTACCGAA-1_V12D07-075_C1,1
ATCCACATCGACAGAA-1_V12D07-075_C1,3
ATCCACGCTAAATGTT-1_V12D07-075_C1,6
ATCCACTTTCAGACTA-1_V12D07-075_C1,4
ATCCAGAGCAACAACC-1_V12D07-075_C1,5
ATCCAGGATTCGTGAA-1_V12D07-075_C1,1
ATCCCATTTCCGTGGG-1_V12D07-075_C1,3
ATCCGGACCAGCCTGA-1_V12D07-075_C1,3
ATCCTACCTAAGCTCT-1_V12D07-075_C1,3
ATCCTGAATCGCTGCG-1_V12D07-075_C1,1
ATCCTGCGTGGAATGG-1_V12D07-075_C1,5
ATCCTGCTGCAGATAG-1_V12D07-075_C1,6
ATCCTTCTGAAAGAAC-1_V12D07-075_C1,10
ATCGACCCAATACAGA-1_V12D07-075_C1,3
ATCGACTCTTTCCGTT-1_V12D07-075_C1,2
ATCGCACGCCGGGAGA-1_V12D07-075_C1,2
ATCGCCAGTCAACATT-1_V12D07-075_C1,5
ATCGCTGCGTGCAGCA-1_V12D07-075_C1,4
ATCGCTTTACGTCTCA-1_V12D07-075_C1,4
ATCGGAGACAGACGGC-1_V12D07-075_C1,2
ATCGGCAAGCAGTCCA-1_V12D07-075_C1,11
ATCGGTTACCTAGTAA-1_V12D07-075_C1,1
ATCGTATTCCGAGAAC-1_V12D07-075_C1,1
ATCGTCCAATCGAGTC-1_V12D07-075_C1,7
ATCGTTAGCTAGCGGA-1_V12D07-075_C1,1
ATCGTTCACTTTCGCC-1_V12D07-075_C1,4
ATCTAACGTCCCTATG-1_V12D07-075_C1,1
ATCTAATATCCTACGG-1_V12D07-075_C1,2
ATCTACCATCTGCTCC-1_V12D07-075_C1,3
ATCTAGCTTGTGAGGG-1_V12D07-075_C1,1
ATCTCCCACGGAATAT-1_V12D07-075_C1,2
ATCTCCCTGCAATCTA-1_V12D07-075_C1,6
ATCTCGTGAGCGAAAC-1_V12D07-075_C1,8
ATCTGATAGTGTCTTA-1_V12D07-075_C1,1
ATCTGCACCTCTGCGA-1_V12D07-075_C1,9
ATCTGCTGTTATCGCC-1_V12D07-075_C1,2
ATCTGGGCTGTTCTTG-1_V12D07-075_C1,1
ATCTGGTTAAGACTGT-1_V12D07-075_C1,5
ATCTGTAATTGTACCC-1_V12D07-075_C1,6
ATCTTATCGCACACCC-1_V12D07-075_C1,2
ATCTTGACCTGCAACG-1_V12D07-075_C1,2
ATCTTGACTTGTCCAA-1_V12D07-075_C1,6
ATCTTTCGTATAACCA-1_V12D07-075_C1,4
ATGAAGCCAAGGAGCC-1_V12D07-075_C1,7
ATGAAGTGGACCCAGC-1_V12D07-075_C1,1
ATGACGCCGGCTCTAA-1_V12D07-075_C1,7
ATGACTATGCGACATT-1_V12D07-075_C1,3
ATGAGGAGTGTTAATC-1_V12D07-075_C1,7
ATGAGGGCAGCGGCTA-1_V12D07-075_C1,4
ATGATCGGGAATAGAC-1_V12D07-075_C1,2
ATGATGCAATGGTACA-1_V12D07-075_C1,5
ATGCACCTTCCTTAAT-1_V12D07-075_C1,2
ATGCACTACCGCATTG-1_V12D07-075_C1,12
ATGCATGATCCAGGAT-1_V12D07-075_C1,2
ATGCCAATCGCTCTGC-1_V12D07-075_C1,4
ATGCCATTTGCGACCA-1_V12D07-075_C1,1
ATGCCGGTCTTGCATA-1_V12D07-075_C1,1
ATGCCGGTTGATGGGA-1_V12D07-075_C1,10
ATGCGACAATTGGTCC-1_V12D07-075_C1,5
ATGCGACAGTCCCATT-1_V12D07-075_C1,3
ATGCGAGTCCCACCAC-1_V12D07-075_C1,1
ATGCTCAGTGTTGCAT-1_V12D07-075_C1,2
ATGCTCTGGCGCGGTA-1_V12D07-075_C1,3
ATGCTTAGGAGTTGAT-1_V12D07-075_C1,3
ATGGAACCTTTGCACA-1_V12D07-075_C1,4
ATGGAGCAGGCCGTGA-1_V12D07-075_C1,2
ATGGATCCGGCGTCCG-1_V12D07-075_C1,8
ATGGATTGACCAAACG-1_V12D07-075_C1,2
ATGGCAGCCGAGAAAC-1_V12D07-075_C1,3
ATGGCGGAATAGTCGC-1_V12D07-075_C1,4
ATGGCTGGAAATGGCC-1_V12D07-075_C1,4
ATGGGCCTCGGCCTCT-1_V12D07-075_C1,3
ATGGTCGCGTGGTTTC-1_V12D07-075_C1,2
ATGGTTACGAAACATG-1_V12D07-075_C1,4
ATGTAAGGCTGCTCTT-1_V12D07-075_C1,4
ATGTACATGCGGTGAG-1_V12D07-075_C1,3
ATGTACGATGACGTCG-1_V12D07-075_C1,1
ATGTAGCGCGCGTAGG-1_V12D07-075_C1,3
ATGTCATTTCCCATTG-1_V12D07-075_C1,1
ATGTGCATCCGACGCA-1_V12D07-075_C1,2
ATGTGGACATCTTGAT-1_V12D07-075_C1,1
ATGTTACGAGCAATAC-1_V12D07-075_C1,7
ATGTTCCTGCCCACCT-1_V12D07-075_C1,1
ATGTTCGTCGACCCAC-1_V12D07-075_C1,1
ATGTTGATTAGAGACT-1_V12D07-075_C1,1
ATGTTGTAGTCTGTTT-1_V12D07-075_C1,3
ATGTTTCGGCCCGGAG-1_V12D07-075_C1,4
ATTAAACATGCGGACC-1_V12D07-075_C1,1
ATTAACACCTGAGATA-1_V12D07-075_C1,7
ATTAATACTACGCGGG-1_V12D07-075_C1,11
ATTAATGAACCAGTCG-1_V12D07-075_C1,10
ATTAATTCGGTCACTC-1_V12D07-075_C1,6
ATTACAACTACCGGCC-1_V12D07-075_C1,8
ATTACATGTCAGTCTT-1_V12D07-075_C1,3
ATTACCACACTGCCTG-1_V12D07-075_C1,8
ATTACGACTCCACAGT-1_V12D07-075_C1,4
ATTACGCGCTGGCAGG-1_V12D07-075_C1,5
ATTACTAGCCTCTTGC-1_V12D07-075_C1,6
ATTACTTACTGGGCAT-1_V12D07-075_C1,4
ATTAGATTCCTCAGCA-1_V12D07-075_C1,4
ATTAGATTGATAGCGG-1_V12D07-075_C1,6
ATTAGGCGATGCTTTC-1_V12D07-075_C1,1
ATTATACTTTGCTCGT-1_V12D07-075_C1,10
ATTATAGCTACTTTAC-1_V12D07-075_C1,4
ATTATCGGAATGTACG-1_V12D07-075_C1,1
ATTATCTCGACAGATC-1_V12D07-075_C1,2
ATTATGCCATAGGGAG-1_V12D07-075_C1,10
ATTATTCAGAGTCACT-1_V12D07-075_C1,1
ATTCAAAGTACCTGTT-1_V12D07-075_C1,3
ATTCAACCATTTAAGG-1_V12D07-075_C1,3
ATTCACTGATGTTGGA-1_V12D07-075_C1,1
ATTCAGGACCTATTTC-1_V12D07-075_C1,8
ATTCAGTAGCAGGGTC-1_V12D07-075_C1,7
ATTCATATACTGTCCA-1_V12D07-075_C1,2
ATTCATCGTTGAGGCA-1_V12D07-075_C1,1
ATTCCCACATAAACAA-1_V12D07-075_C1,7
ATTCCTAAGACGTGGA-1_V12D07-075_C1,4
ATTCCTCCGCCAGTGC-1_V12D07-075_C1,7
ATTCCTTCCAGGCGGT-1_V12D07-075_C1,2
ATTCGACGCCGGGCCT-1_V12D07-075_C1,1
ATTCGCGCCTTGAGAG-1_V12D07-075_C1,3
ATTCGTGCTATCTCTT-1_V12D07-075_C1,4
ATTCTCGTCTCTTTAG-1_V12D07-075_C1,6
ATTCTGAGTATGAACT-1_V12D07-075_C1,11
ATTCTTCGTACTTATG-1_V12D07-075_C1,11
ATTGAAGATCTTAGTG-1_V12D07-075_C1,2
ATTGACCGGCGATGAC-1_V12D07-075_C1,4
ATTGACGTAACTCGGT-1_V12D07-075_C1,6
ATTGATAGCAACGAGA-1_V12D07-075_C1,2
ATTGATGAGTCCTAAC-1_V12D07-075_C1,5
ATTGCCTTTATGTTTG-1_V12D07-075_C1,2
ATTGCGATCAGTAACT-1_V12D07-075_C1,1
ATTGCTGCTCCTCCAT-1_V12D07-075_C1,2
ATTGGATTACAGCGTA-1_V12D07-075_C1,3
ATTGGGAATATCTTGG-1_V12D07-075_C1,6
ATTGGGAGTTCTGTAA-1_V12D07-075_C1,4
ATTGGTAGGATCCGCT-1_V12D07-075_C1,1
ATTGGTTGTGCATTAC-1_V12D07-075_C1,5
ATTGTACAACTCGGCT-1_V12D07-075_C1,5
ATTGTCGCAATACCTT-1_V12D07-075_C1,8
ATTGTCTGTTTCATGT-1_V12D07-075_C1,5
ATTGTGACTTCGCTGC-1_V12D07-075_C1,11
ATTGTTCAACGATCCG-1_V12D07-075_C1,8
ATTTAACTCGTATTAC-1_V12D07-075_C1,6
ATTTACAGTTTACTGG-1_V12D07-075_C1,7
ATTTACTAAGTCCATT-1_V12D07-075_C1,4
ATTTCATTATTTCGCG-1_V12D07-075_C1,10
ATTTGTCTTGGGAGCT-1_V12D07-075_C1,3
ATTTGTTCCAGGGCTC-1_V12D07-075_C1,10
CAAACCAGGTCTGCAT-1_V12D07-075_C1,3
CAAACCCTCCGGCGGG-1_V12D07-075_C1,9
CAAACGAGTATCGCAG-1_V12D07-075_C1,5
CAAACGGTCGCACTTT-1_V12D07-075_C1,7
CAAACTACGATAGAGA-1_V12D07-075_C1,11
CAAACTATTGAGCTTC-1_V12D07-075_C1,6
CAAACTCGCGACGCCG-1_V12D07-075_C1,5
CAAAGGTCATCTGAAA-1_V12D07-075_C1,4
CAAAGGTTAAATTCAG-1_V12D07-075_C1,4
CAAAGTCAGGTTAGCT-1_V12D07-075_C1,2
CAAATGTCCTTCCGTG-1_V12D07-075_C1,11
CAAATTGGATTATGCC-1_V12D07-075_C1,4
CAAATTGTCAGCAAGC-1_V12D07-075_C1,7
CAACACATCTCCTGCC-1_V12D07-075_C1,4
CAACATGGCCTGATAA-1_V12D07-075_C1,1
CAACCAGTGGCCTACC-1_V12D07-075_C1,3
CAACCGCACCTAGACA-1_V12D07-075_C1,1
CAACCTACCGAGCAGT-1_V12D07-075_C1,1
CAACCTGAACCTGCCA-1_V12D07-075_C1,4
CAACGACCCGTTTACA-1_V12D07-075_C1,6
CAACGGTTCTTGATAC-1_V12D07-075_C1,2
CAACGTGGTGGAGTCT-1_V12D07-075_C1,3
CAACTATATCGAATGC-1_V12D07-075_C1,8
CAACTCCGTAACTTGC-1_V12D07-075_C1,4
CAACTCCTTGATCCCG-1_V12D07-075_C1,2
CAACTGCTCATCCGAT-1_V12D07-075_C1,1
CAACTTGTAGTGGGCA-1_V12D07-075_C1,12
CAAGAAACCCTAAACT-1_V12D07-075_C1,4
CAAGACTCAGAAGCGC-1_V12D07-075_C1,4
CAAGAGGGCGGAGTAC-1_V12D07-075_C1,1
CAAGATATTATAACGT-1_V12D07-075_C1,3
CAAGCAACGTCGGAGT-1_V12D07-075_C1,2
CAAGCACCAAATGCCT-1_V12D07-075_C1,6
CAAGCGGCACATAATT-1_V12D07-075_C1,3
CAAGGATCGCATGTTC-1_V12D07-075_C1,2
CAAGGCCAGTGGTGCA-1_V12D07-075_C1,3
CAAGGTCCTATAGGCT-1_V12D07-075_C1,8
CAAGTAAGTGATAGAC-1_V12D07-075_C1,2
CAAGTGAACTTTGGTT-1_V12D07-075_C1,6
CAAGTGTGGTTGCAAA-1_V12D07-075_C1,3
CAATAAACCTTGGCCC-1_V12D07-075_C1,12
CAATACGAGAGTCTGA-1_V12D07-075_C1,4
CAATACGCTCTGAGGC-1_V12D07-075_C1,9
CAATATTCTTGACCTA-1_V12D07-075_C1,9
CAATATTGGACTAGTG-1_V12D07-075_C1,2
CAATCCCTATACCAGC-1_V12D07-075_C1,4
CAATCCTGCCGTGGAG-1_V12D07-075_C1,2
CAATGAGGTTCGACTA-1_V12D07-075_C1,4
CAATGCGAGAAGTATC-1_V12D07-075_C1,2
CAATGGAATCTACATA-1_V12D07-075_C1,4
CAATGGATCTCTACCA-1_V12D07-075_C1,5
CAATGGTCGGCCTGGG-1_V12D07-075_C1,6
CAATGTGCCAACCCTT-1_V12D07-075_C1,8
CAATTAAGGGTGATGA-1_V12D07-075_C1,1
CAATTTCGTATAAGGG-1_V12D07-075_C1,1
CAATTTGACCGGGAAG-1_V12D07-075_C1,1
CACAAGAAAGATATTA-1_V12D07-075_C1,4
CACAATGAGCTGCTAT-1_V12D07-075_C1,2
CACACACGCTAACGAG-1_V12D07-075_C1,1
CACACAGCTTGCGCTC-1_V12D07-075_C1,8
CACACAGGGATAGATT-1_V12D07-075_C1,2
CACACGCGCTGTCTTA-1_V12D07-075_C1,5
CACACTTGTATTGCGA-1_V12D07-075_C1,4
CACAGCACCCACGGCA-1_V12D07-075_C1,2
CACAGCTAGGGAGTGA-1_V12D07-075_C1,10
CACAGGGCCATATAGT-1_V12D07-075_C1,3
CACAGGGCCGTTGTCA-1_V12D07-075_C1,1
CACAGTCCCGCTTCGC-1_V12D07-075_C1,3
CACAGTTCGCTTCCCA-1_V12D07-075_C1,1
CACATATTAGCAGGAT-1_V12D07-075_C1,3
CACATCTCACCGACGA-1_V12D07-075_C1,1
CACATGATTCAGCAAC-1_V12D07-075_C1,2
CACATGTTTGGACATG-1_V12D07-075_C1,2
CACATTCTTTCGATGG-1_V12D07-075_C1,8
CACATTTCTTGTCAGA-1_V12D07-075_C1,9
CACCACGCCACACAGA-1_V12D07-075_C1,5
CACCATCGGAGGAGAC-1_V12D07-075_C1,6
CACCATGATCGCAAAG-1_V12D07-075_C1,4
CACCCAAATCTTATGT-1_V12D07-075_C1,8
CACCCACACGTCACCC-1_V12D07-075_C1,2
CACCCACGAGGCAATT-1_V12D07-075_C1,10
CACCCGGTTTGTGACT-1_V12D07-075_C1,9
CACCCTAACAAGATCT-1_V12D07-075_C1,1
CACCCTTTCCTCGCTC-1_V12D07-075_C1,12
CACCGATACACCGAGC-1_V12D07-075_C1,6
CACCGCCAGAAGGTTT-1_V12D07-075_C1,1
CACCGCCGACCAGCGA-1_V12D07-075_C1,6
CACCGCGTCCACTCTA-1_V12D07-075_C1,4
CACCGGAGATATCTCC-1_V12D07-075_C1,4
CACCGTATCCCATCCG-1_V12D07-075_C1,3
CACCGTTAGGGATCAC-1_V12D07-075_C1,9
CACCGTTGCGCGATAT-1_V12D07-075_C1,9
CACCTAATAGAGTCGT-1_V12D07-075_C1,2
CACCTAATCAGTTTAC-1_V12D07-075_C1,11
CACCTCGATGGTGGAC-1_V12D07-075_C1,11
CACCTTGCGAAACTCG-1_V12D07-075_C1,8
CACCTTGGCGCCTTTG-1_V12D07-075_C1,3
CACGAAAGTTAGTCCC-1_V12D07-075_C1,2
CACGACGTAATAGTAA-1_V12D07-075_C1,4
CACGCACAGCGCAGCT-1_V12D07-075_C1,2
CACGCAGCGAGGCTTT-1_V12D07-075_C1,2
CACGCGGAACTGTTGC-1_V12D07-075_C1,3
CACGGACGTGGATGGC-1_V12D07-075_C1,4
CACGGCGCGCCAAAGG-1_V12D07-075_C1,4
CACGGGATTGAGGGTT-1_V12D07-075_C1,2
CACGTCAATCAATGGA-1_V12D07-075_C1,3
CACGTCGGCAACCTCT-1_V12D07-075_C1,9
CACGTCGGGTTCTAGA-1_V12D07-075_C1,1
CACGTCTATGATGTGG-1_V12D07-075_C1,4
CACGTTCGTGCTCTAG-1_V12D07-075_C1,5
CACGTTTCGTACACAC-1_V12D07-075_C1,3
CACTAAAGTTGCCTAT-1_V12D07-075_C1,2
CACTACGGGAGCTGCC-1_V12D07-075_C1,3
CACTACTCAGTTCTGT-1_V12D07-075_C1,6
CACTCAAGAGCTATGG-1_V12D07-075_C1,3
CACTCAGCTCTTGAGG-1_V12D07-075_C1,6
CACTCCTCTCGGTCGG-1_V12D07-075_C1,11
CACTCGAGCTGAACAA-1_V12D07-075_C1,1
CACTCGGTTAGGAGGA-1_V12D07-075_C1,1
CACTCTTCTGCTAGCC-1_V12D07-075_C1,1
CACTGACGATTGTGGA-1_V12D07-075_C1,3
CACTGTCCAAGTGAGA-1_V12D07-075_C1,2
CACTTAATCAGACGGA-1_V12D07-075_C1,1
CACTTCGCCACAGGCT-1_V12D07-075_C1,2
CACTTCGTCTTATCTC-1_V12D07-075_C1,7
CAGAACTTAGCCCTCT-1_V12D07-075_C1,2
CAGAATAACACACGGA-1_V12D07-075_C1,3
CAGAATATTCGTTATC-1_V12D07-075_C1,8
CAGACACCGATCGCTG-1_V12D07-075_C1,1
CAGACCTGTAAGTGTT-1_V12D07-075_C1,5
CAGACGAACCTGATAC-1_V12D07-075_C1,5
CAGAGACGGTCACCCA-1_V12D07-075_C1,1
CAGAGCATGAGCTTGC-1_V12D07-075_C1,5
CAGAGCGATGGATGCT-1_V12D07-075_C1,3
CAGAGGCGATGCATGA-1_V12D07-075_C1,5
CAGAGTGATTTAACGT-1_V12D07-075_C1,6
CAGATAATGGGCGGGT-1_V12D07-075_C1,2
CAGATACTAACATAGT-1_V12D07-075_C1,12
CAGATCATTTAAAGTC-1_V12D07-075_C1,4
CAGCAGCCCGTTCCTT-1_V12D07-075_C1,5
CAGCAGTCCAGACTAT-1_V12D07-075_C1,3
CAGCAGTCTGTGCTGC-1_V12D07-075_C1,3
CAGCCGGGCCCTCTAT-1_V12D07-075_C1,8
CAGCCTCCTGCAGAGG-1_V12D07-075_C1,11
CAGCCTCGATAGCGGT-1_V12D07-075_C1,3
CAGCCTCTCCTCAAGA-1_V12D07-075_C1,8
CAGCGATTCCCTTCAA-1_V12D07-075_C1,9
CAGCGCCAACACGATA-1_V12D07-075_C1,1
CAGCTCACTGAGACAT-1_V12D07-075_C1,1
CAGCTCGACAAGTTAA-1_V12D07-075_C1,5
CAGCTCGTGCTTGTGT-1_V12D07-075_C1,7
CAGCTTAGTAGGTAGC-1_V12D07-075_C1,1
CAGGAAGACTTTATAT-1_V12D07-075_C1,10
CAGGACAGCTGCCCTT-1_V12D07-075_C1,4
CAGGATATATCGTTGT-1_V12D07-075_C1,3
CAGGCAGTCTTACCAG-1_V12D07-075_C1,1
CAGGCCGTTTGGGTGT-1_V12D07-075_C1,5
CAGGCGCCATGCTAGG-1_V12D07-075_C1,1
CAGTAACTATTTATTG-1_V12D07-075_C1,11
CAGTAATCCCTCCCAG-1_V12D07-075_C1,7
CAGTACATTCTCTAAA-1_V12D07-075_C1,8
CAGTAGATGATGTCCG-1_V12D07-075_C1,1
CAGTAGCCCACGCGGT-1_V12D07-075_C1,8
CAGTCGAGGATGCAAT-1_V12D07-075_C1,11
CAGTCTCTCGGCTAAT-1_V12D07-075_C1,6
CAGTCTGTATACTGGG-1_V12D07-075_C1,2
CAGTGAATAAATGACT-1_V12D07-075_C1,8
CAGTGGTTGCACATGA-1_V12D07-075_C1,2
CAGTGTCCGCAGAATG-1_V12D07-075_C1,7
CAGTGTCGGCTGGCCC-1_V12D07-075_C1,2
CAGTTCAAATTGACAC-1_V12D07-075_C1,7
CAGTTCCGCGGGTCGA-1_V12D07-075_C1,2
CAGTTCGAGGACCCGA-1_V12D07-075_C1,1
CATAACGGACAGTCGT-1_V12D07-075_C1,5
CATAAGAAGCTTGGCT-1_V12D07-075_C1,12
CATAATGAGCGGGCGA-1_V12D07-075_C1,6
CATACAAAGCCGAACC-1_V12D07-075_C1,6
CATACACGGTTCCCAC-1_V12D07-075_C1,2
CATACCCGTACCCAGT-1_V12D07-075_C1,1
CATACGGCGTCTGGGC-1_V12D07-075_C1,3
CATACTATGTAATTGT-1_V12D07-075_C1,2
CATACTTAGGCAATAC-1_V12D07-075_C1,4
CATACTTCTTTCTCCG-1_V12D07-075_C1,2
CATAGAGGAGATACTA-1_V12D07-075_C1,2
CATAGCCGCCCGGGAT-1_V12D07-075_C1,2
CATAGCGTTGCCCACC-1_V12D07-075_C1,9
CATAGTACATTGAGAG-1_V12D07-075_C1,10
CATAGTAGCATAGTAG-1_V12D07-075_C1,7
CATAGTCAAATACATA-1_V12D07-075_C1,1
CATAGTCCACAAGAAC-1_V12D07-075_C1,9
CATAGTGGGCACGCCT-1_V12D07-075_C1,5
CATATACTACTGATAA-1_V12D07-075_C1,4
CATATAGGTACAGTCA-1_V12D07-075_C1,3
CATATTATTTGCCCTA-1_V12D07-075_C1,4
CATCAAACTGGCGCCC-1_V12D07-075_C1,4
CATCAACACCTACTAA-1_V12D07-075_C1,1
CATCATCTACCCGGAC-1_V12D07-075_C1,6
CATCATTACCCTGAGG-1_V12D07-075_C1,3
CATCCCGAGATTCATA-1_V12D07-075_C1,3
CATCCGCAGGCCCGAA-1_V12D07-075_C1,1
CATCCTCTCAAAGATC-1_V12D07-075_C1,3
CATCGCCCGCGGCCAA-1_V12D07-075_C1,2
CATCGGACGGGTTAAT-1_V12D07-075_C1,1
CATCGTCCGGTTACTA-1_V12D07-075_C1,7
CATCTACCCGAGAACG-1_V12D07-075_C1,4
CATCTAGTGAAGGGAA-1_V12D07-075_C1,4
CATCTATCCCGTGTCT-1_V12D07-075_C1,10
CATCTGCAGGATCATT-1_V12D07-075_C1,1
CATCTTACACCACCTC-1_V12D07-075_C1,3
CATGAACCGACATTTG-1_V12D07-075_C1,7
CATGAACCTCTTATCA-1_V12D07-075_C1,2
CATGACTTCGCTGAAT-1_V12D07-075_C1,5
CATGAGATGCACTCTC-1_V12D07-075_C1,1
CATGATCGCTTTGAGA-1_V12D07-075_C1,1
CATGATGCACAATTCT-1_V12D07-075_C1,12
CATGATGGAAGTTAGC-1_V12D07-075_C1,3
CATGCATGGAGACCCT-1_V12D07-075_C1,7
CATGCGACCAGTTTAA-1_V12D07-075_C1,1
CATGCGTTAGACAGAA-1_V12D07-075_C1,2
CATGCTGGCTCCAATT-1_V12D07-075_C1,11
CATGGAAATGGGACCA-1_V12D07-075_C1,4
CATGGATTGTCTTCCG-1_V12D07-075_C1,3
CATGGCAGGAAGATCG-1_V12D07-075_C1,11
CATGGCTCCCTATGTC-1_V12D07-075_C1,1
CATGGGTATGCCTTAT-1_V12D07-075_C1,2
CATGGGTCGGGTGTGG-1_V12D07-075_C1,11
CATGGTAAGTAGCGTT-1_V12D07-075_C1,1
CATGGTCTAGATACCG-1_V12D07-075_C1,3
CATGGTTTATTAATCA-1_V12D07-075_C1,1
CATGTAAGAGACATTT-1_V12D07-075_C1,3
CATGTAGGAGCGCCAA-1_V12D07-075_C1,4
CATGTCTCATTTATGG-1_V12D07-075_C1,1
CATTACATAGATTGTG-1_V12D07-075_C1,4
CATTACGCAGGAAGGG-1_V12D07-075_C1,5
CATTACGTCGGCCCGT-1_V12D07-075_C1,6
CATTATGCTTGTTGTG-1_V12D07-075_C1,2
CATTCACTGACAGCTA-1_V12D07-075_C1,6
CATTCCCATTCCGTCG-1_V12D07-075_C1,4
CATTCCCTAAGTACAA-1_V12D07-075_C1,2
CATTCGTCGTAGCGGT-1_V12D07-075_C1,3
CATTGATGAACACGCC-1_V12D07-075_C1,4
CATTGCGAAATGGGCG-1_V12D07-075_C1,2
CATTGCGGGTCAATTC-1_V12D07-075_C1,4
CATTGTGTGCTAGATC-1_V12D07-075_C1,7
CATTTAGCGGACCATG-1_V12D07-075_C1,8
CATTTATCGTTCAAGA-1_V12D07-075_C1,6
CATTTCTAGCAGACTA-1_V12D07-075_C1,2
CATTTGAGTGGTACGT-1_V12D07-075_C1,5
CCAAACAGAACCCTCG-1_V12D07-075_C1,2
CCAAAGCAGTTGGTTG-1_V12D07-075_C1,7
CCAAATAACAAGATTC-1_V12D07-075_C1,5
CCAACGATGCACTGAT-1_V12D07-075_C1,7
CCAACGCTTGCCAGGG-1_V12D07-075_C1,4
CCAACTTGATAGATCC-1_V12D07-075_C1,8
CCAAGAAAGTGGGCGA-1_V12D07-075_C1,1
CCAAGACTTCTGCGAA-1_V12D07-075_C1,10
CCAAGCGTAACTCGTA-1_V12D07-075_C1,2
CCAAGGAACAGAGAGG-1_V12D07-075_C1,6
CCAAGGTTGCCCTTTC-1_V12D07-075_C1,1
CCAAGTTTCTACAGAT-1_V12D07-075_C1,3
CCAATAGATTTCATCT-1_V12D07-075_C1,1
CCAATAGTGCCGTCGA-1_V12D07-075_C1,1
CCAATCGGTAGATCGA-1_V12D07-075_C1,10
CCAATGTCACAGCAAG-1_V12D07-075_C1,1
CCAATTACGGGTCGAG-1_V12D07-075_C1,8
CCAATTGAATGTTAAT-1_V12D07-075_C1,1
CCACAATGTACGTCTT-1_V12D07-075_C1,9
CCACACTGAGATATTA-1_V12D07-075_C1,1
CCACAGCTGAAATCAT-1_V12D07-075_C1,6
CCACAGTACCCATCCT-1_V12D07-075_C1,3
CCACATACTGCACCCA-1_V12D07-075_C1,8
CCACCAACTTTACTGT-1_V12D07-075_C1,9
CCACCCAAGGAAAGTG-1_V12D07-075_C1,5
CCACCTGTATGGAATA-1_V12D07-075_C1,3
CCACGAATTTAACCTC-1_V12D07-075_C1,1
CCACGAGAAGAGAATC-1_V12D07-075_C1,11
CCACGGTGCCCGGTAG-1_V12D07-075_C1,8
CCACGTAAATTAGACT-1_V12D07-075_C1,4
CCACTATCCGGGTCAC-1_V12D07-075_C1,4
CCACTGGTGGCTGGTT-1_V12D07-075_C1,5
CCACTGTTTGGATTAA-1_V12D07-075_C1,2
CCAGAAACTGATGCGA-1_V12D07-075_C1,9
CCAGAAAGCAACTCAT-1_V12D07-075_C1,9
CCAGAGACAAAGCCGG-1_V12D07-075_C1,2
CCAGATAGTTGAGTGA-1_V12D07-075_C1,5
CCAGCCTGGACCAATA-1_V12D07-075_C1,2
CCAGCGGGATCACCAG-1_V12D07-075_C1,4
CCAGCTACGCCTCATA-1_V12D07-075_C1,6
CCAGCTCGAACGCATT-1_V12D07-075_C1,1
CCAGCTGATGGTACTT-1_V12D07-075_C1,5
CCAGCTTCCGCCCGCA-1_V12D07-075_C1,7
CCAGGCTGGCGTCTGA-1_V12D07-075_C1,5
CCAGGGACGTGGCCTC-1_V12D07-075_C1,1
CCAGTAGTCTGATCCA-1_V12D07-075_C1,5
CCAGTCCATTATTCGA-1_V12D07-075_C1,2
CCAGTCTAGACGGCGC-1_V12D07-075_C1,8
CCAGTCTTGTCATAGA-1_V12D07-075_C1,1
CCATAAACAACCCGAC-1_V12D07-075_C1,6
CCATACCTTTACTTGT-1_V12D07-075_C1,1
CCATACTCGCCTCTCC-1_V12D07-075_C1,1
CCATAGGTTGGCGTGG-1_V12D07-075_C1,10
CCATAGTCAGTAACCC-1_V12D07-075_C1,1
CCATATGGAAACTATA-1_V12D07-075_C1,3
CCATATTGGATCATGA-1_V12D07-075_C1,1
CCATCCATACCAAGTC-1_V12D07-075_C1,6
CCATCGCAGTTAAACT-1_V12D07-075_C1,2
CCATCTCACCAGTGAA-1_V12D07-075_C1,3
CCATCTTGTTCACAAT-1_V12D07-075_C1,6
CCATGCCCTAGATTTC-1_V12D07-075_C1,3
CCATGCCTGTTTAGTA-1_V12D07-075_C1,1
CCATGCTCTGCAGGAA-1_V12D07-075_C1,2
CCATGGCCCTTGTACC-1_V12D07-075_C1,1
CCATTAGCGATAATCC-1_V12D07-075_C1,1
CCATTCCCTGCCCACA-1_V12D07-075_C1,1
CCATTGTTTCCTCCAT-1_V12D07-075_C1,4
CCATTTCTACCTATTA-1_V12D07-075_C1,1
CCCAAACATGCTGCTC-1_V12D07-075_C1,3
CCCAACATACGTCGCG-1_V12D07-075_C1,5
CCCAACCACACTAACA-1_V12D07-075_C1,6
CCCAAGTCATTACACT-1_V12D07-075_C1,3
CCCAATTTCACAACTT-1_V12D07-075_C1,5
CCCAGAGGAGGGCGTA-1_V12D07-075_C1,4
CCCAGGTCTGAAGGCT-1_V12D07-075_C1,3
CCCAGTTAAGGCGCCG-1_V12D07-075_C1,4
CCCATATAGGTCGATT-1_V12D07-075_C1,1
CCCGACCATAGTCCGC-1_V12D07-075_C1,8
CCCGAGTTTCTCCGTA-1_V12D07-075_C1,5
CCCGATAGCCTCGCCT-1_V12D07-075_C1,4
CCCGCAGCGCGAACTA-1_V12D07-075_C1,1
CCCGCAGGGCCCAAAG-1_V12D07-075_C1,6
CCCGCCATGCTCCCGT-1_V12D07-075_C1,7
CCCGCGCAATGCACCC-1_V12D07-075_C1,2
CCCGGCTAGGTGAGAA-1_V12D07-075_C1,1
CCCGGGTCGTTCAGGG-1_V12D07-075_C1,3
CCCGGTGGAAGAACCT-1_V12D07-075_C1,2
CCCGTAAGTCTAGGCC-1_V12D07-075_C1,9
CCCGTAGCTGGGAAGA-1_V12D07-075_C1,5
CCCGTCAGCGTCTGAC-1_V12D07-075_C1,8
CCCGTTTCGCAGATGT-1_V12D07-075_C1,3
CCCTACTTGAACAATG-1_V12D07-075_C1,2
CCCTAGTGTCAGGTGT-1_V12D07-075_C1,7
CCCTCAAGCTCTTAGT-1_V12D07-075_C1,7
CCCTCATTCTGGAATT-1_V12D07-075_C1,6
CCCTCCTCGCTCGTAT-1_V12D07-075_C1,3
CCCTGAAATGAGTTGA-1_V12D07-075_C1,2
CCCTGACTAACAAATT-1_V12D07-075_C1,5
CCCTGATGTAACTCGT-1_V12D07-075_C1,1
CCCTGCGCTACGCATA-1_V12D07-075_C1,2
CCCTGGTATGGGCGGC-1_V12D07-075_C1,6
CCCTGTTGGCAAAGAC-1_V12D07-075_C1,7
CCCTTTAATGGAGTTC-1_V12D07-075_C1,3
CCCTTTGACAGGTCTT-1_V12D07-075_C1,1
CCGAAAGTGGTGAGCA-1_V12D07-075_C1,2
CCGAACCTTCCCGGCC-1_V12D07-075_C1,1
CCGAAGGGCGTACCGC-1_V12D07-075_C1,4
CCGAAGTATATTGTTC-1_V12D07-075_C1,2
CCGACAAACACATGAG-1_V12D07-075_C1,1
CCGACAAAGGGAGTGC-1_V12D07-075_C1,1
CCGACAATAGGCCGCC-1_V12D07-075_C1,3
CCGACGTAAACACAAC-1_V12D07-075_C1,4
CCGACTCGCATAGTCT-1_V12D07-075_C1,6
CCGAGAAGTCGCATAA-1_V12D07-075_C1,2
CCGAGCTGTGCTTGTC-1_V12D07-075_C1,4
CCGAGGGATGTTAGGC-1_V12D07-075_C1,6
CCGATATGACGTAAGG-1_V12D07-075_C1,8
CCGATCTCAACCTTAT-1_V12D07-075_C1,5
CCGATTCGAGGGACCC-1_V12D07-075_C1,5
CCGCACAAAGACCAAC-1_V12D07-075_C1,3
CCGCACACGAACGTGT-1_V12D07-075_C1,4
CCGCACGTGACCTCGG-1_V12D07-075_C1,2
CCGCACTTGCAATGAC-1_V12D07-075_C1,3
CCGCATGTGGTACGAT-1_V12D07-075_C1,2
CCGCCGGTCAACACAC-1_V12D07-075_C1,6
CCGCCGTTGAGGATAA-1_V12D07-075_C1,8
CCGCCTGCGAATTGGT-1_V12D07-075_C1,4
CCGCGATTTGGTAGGT-1_V12D07-075_C1,5
CCGCGGAATGCGTCAC-1_V12D07-075_C1,9
CCGCGGGTACGAAGAA-1_V12D07-075_C1,2
CCGCGTAGGTAAGGGC-1_V12D07-075_C1,2
CCGCTATCAGCACCAG-1_V12D07-075_C1,1
CCGCTCTTCCGAACTA-1_V12D07-075_C1,3
CCGCTGGTGCCATTCA-1_V12D07-075_C1,6
CCGCTTACCTCACTCT-1_V12D07-075_C1,9
CCGCTTGCTGACATGG-1_V12D07-075_C1,4
CCGGAAGTTATCAGTC-1_V12D07-075_C1,8
CCGGAATGGTTTCAGT-1_V12D07-075_C1,7
CCGGAGCGTACTTTCT-1_V12D07-075_C1,2
CCGGAGGTCTTATGGT-1_V12D07-075_C1,4
CCGGCACGACCGTTTC-1_V12D07-075_C1,4
CCGGCGCATATTGGAT-1_V12D07-075_C1,6
CCGGGACCCGCAGAGA-1_V12D07-075_C1,6
CCGGGCGGTCTCGTCA-1_V12D07-075_C1,3
CCGGGCTGCTCCATAC-1_V12D07-075_C1,1
CCGGGTTCGAGGTTAC-1_V12D07-075_C1,2
CCGGTAATGGCTAGTC-1_V12D07-075_C1,4
CCGGTGCGAGTGATAG-1_V12D07-075_C1,3
CCGGTTTGTAATTGTG-1_V12D07-075_C1,9
CCGTAAGTTGGTCCCA-1_V12D07-075_C1,1
CCGTACCCAAGCGCCA-1_V12D07-075_C1,7
CCGTAGGAAATCCCTG-1_V12D07-075_C1,3
CCGTAGGGTTGTTTAC-1_V12D07-075_C1,1
CCGTATTAGCGCAGTT-1_V12D07-075_C1,4
CCGTGAGGCATTCATG-1_V12D07-075_C1,4
CCGTGCCCATGACGGC-1_V12D07-075_C1,6
CCGTGGAACGATCCAA-1_V12D07-075_C1,4
CCGTGTTAAATTCCAT-1_V12D07-075_C1,9
CCGTTACGTTAGAACA-1_V12D07-075_C1,10
CCGTTCCGAATCTCGG-1_V12D07-075_C1,5
CCTAAAGGCTGACGCT-1_V12D07-075_C1,10
CCTAAATTAACGGTTC-1_V12D07-075_C1,2
CCTAAATTGTATCCTA-1_V12D07-075_C1,5
CCTAACCCAAACAAGT-1_V12D07-075_C1,3
CCTAACTAAGGCTCTA-1_V12D07-075_C1,8
CCTACAAGTCCGGAAT-1_V12D07-075_C1,4
CCTACGGCTCAGTCGA-1_V12D07-075_C1,2
CCTACTCAACACGATT-1_V12D07-075_C1,5
CCTACTGCTTACACTT-1_V12D07-075_C1,11
CCTAGGCGTAGCGATC-1_V12D07-075_C1,5
CCTAGTTAGTCGCATG-1_V12D07-075_C1,6
CCTATAATGAGTGCCC-1_V12D07-075_C1,1
CCTATACCGTCCTGTC-1_V12D07-075_C1,9
CCTATATTTGTCCTGG-1_V12D07-075_C1,2
CCTATCTATATCGGAA-1_V12D07-075_C1,8
CCTATGAAGTGGTGCC-1_V12D07-075_C1,4
CCTATGGGTTACCGTC-1_V12D07-075_C1,5
CCTATGGTCAAAGCTG-1_V12D07-075_C1,1
CCTATGTCCACTCCAC-1_V12D07-075_C1,2
CCTCACCAATCTTGAC-1_V12D07-075_C1,2
CCTCACCTGAGGGAGC-1_V12D07-075_C1,9
CCTCACCTTAGCATCG-1_V12D07-075_C1,5
CCTCACGTCAGCTAAT-1_V12D07-075_C1,3
CCTCATGCAGCTACGA-1_V12D07-075_C1,7
CCTCCCGACAATCCCT-1_V12D07-075_C1,6
CCTCCGACAATTCAAG-1_V12D07-075_C1,2
CCTCCTGAGCCCACAT-1_V12D07-075_C1,1
CCTCCTGTTGTGTCGT-1_V12D07-075_C1,3
CCTCGAAGTGGACGGG-1_V12D07-075_C1,6
CCTCGCCAGCAAATTA-1_V12D07-075_C1,10
CCTCGCGCGATATAGG-1_V12D07-075_C1,5
CCTCGCGCTGTGCGAT-1_V12D07-075_C1,2
CCTCGGACCGGGATAG-1_V12D07-075_C1,11
CCTCGGATGCTACCTG-1_V12D07-075_C1,1
CCTCGTTACGCCTGTT-1_V12D07-075_C1,11
CCTCTAATCTGCCAAG-1_V12D07-075_C1,11
CCTCTCTCCCATCTAG-1_V12D07-075_C1,7
CCTCTGGCCTAGACGG-1_V12D07-075_C1,2
CCTCTGTACTATTCTA-1_V12D07-075_C1,1
CCTGAACGATATATTC-1_V12D07-075_C1,3
CCTGAATATTTACATA-1_V12D07-075_C1,2
CCTGACAAACTCGCGC-1_V12D07-075_C1,1
CCTGACCACCGATGGT-1_V12D07-075_C1,2
CCTGCCCGTTGTCTAG-1_V12D07-075_C1,1
CCTGCGATAGAACTGT-1_V12D07-075_C1,2
CCTGCGTTCTACGCTT-1_V12D07-075_C1,2
CCTGCTATTTGAGAAG-1_V12D07-075_C1,6
CCTGGAAACGTTCTGC-1_V12D07-075_C1,8
CCTGGCTAGACCCGCC-1_V12D07-075_C1,1
CCTGGTCGAATGTGGG-1_V12D07-075_C1,2
CCTGTAAGACATGATA-1_V12D07-075_C1,2
CCTGTACTCACGCCCA-1_V12D07-075_C1,5
CCTGTCACCCGGGCTC-1_V12D07-075_C1,1
CCTGTCCCTCACGTTA-1_V12D07-075_C1,4
CCTGTCGCCCGTAAAT-1_V12D07-075_C1,3
CCTGTGAAACCGTAAC-1_V12D07-075_C1,3
CCTGTTTGAAGACACG-1_V12D07-075_C1,3
CCTTCAGTTAAAGTGA-1_V12D07-075_C1,5
CCTTCGTATAGAATCC-1_V12D07-075_C1,1
CCTTCTTGATCCAGTG-1_V12D07-075_C1,6
CCTTGACCACTTTATT-1_V12D07-075_C1,3
CCTTTAAGGGAGCACT-1_V12D07-075_C1,5
CCTTTCAATGAAGAAA-1_V12D07-075_C1,5
CGAAACATAGATGGCA-1_V12D07-075_C1,2
CGAAACGCAATTCATG-1_V12D07-075_C1,9
CGAACAGTATGGGCGT-1_V12D07-075_C1,1
CGAACATAGTCAGAAA-1_V12D07-075_C1,4
CGAACCCGCATGCGTC-1_V12D07-075_C1,5
CGAACGCCCAGTGCCG-1_V12D07-075_C1,6
CGAAGACGGTGAGTGC-1_V12D07-075_C1,1
CGAAGCTATAAATTCA-1_V12D07-075_C1,8
CGAAGTTGCTCTGTGT-1_V12D07-075_C1,2
CGAATGACGCATAATG-1_V12D07-075_C1,2
CGAATTCCCGGTTCAA-1_V12D07-075_C1,3
CGACAATTTGATCTAA-1_V12D07-075_C1,3
CGACACCGCTTAAGGA-1_V12D07-075_C1,12
CGACACGCTCCGACAG-1_V12D07-075_C1,3
CGACAGTTCGCGTTAT-1_V12D07-075_C1,2
CGACATGCGATCTTCT-1_V12D07-075_C1,6
CGACTCAGGATGTTAT-1_V12D07-075_C1,8
CGACTTTGTATAGCCT-1_V12D07-075_C1,8
CGAGACCCTAGAGTGT-1_V12D07-075_C1,1
CGAGACTACTGCTGCT-1_V12D07-075_C1,3
CGAGAGATGTGAACCT-1_V12D07-075_C1,12
CGAGAGCTTTCACTAC-1_V12D07-075_C1,3
CGAGAGGGTAGCCGCG-1_V12D07-075_C1,3
CGAGATTTCGCTCGGG-1_V12D07-075_C1,4
CGAGCACTTCAAGTTT-1_V12D07-075_C1,7
CGAGCCGAGCACTCGA-1_V12D07-075_C1,3
CGAGCGTTGATCAGCC-1_V12D07-075_C1,10
CGAGCTGGGCTTTAGG-1_V12D07-075_C1,6
CGAGGAGCTTCCATAT-1_V12D07-075_C1,11
CGAGGATCGGGAACGA-1_V12D07-075_C1,4
CGAGGCCAGGCATTGG-1_V12D07-075_C1,2
CGAGGCTAAATATGGC-1_V12D07-075_C1,3
CGAGGGACTGCGGTCG-1_V12D07-075_C1,2
CGAGGGTATCCAGGTG-1_V12D07-075_C1,1
CGAGTACTAAAGAGGA-1_V12D07-075_C1,9
CGAGTGCTATAGTTCG-1_V12D07-075_C1,6
CGAGTTCTGTCCCACC-1_V12D07-075_C1,9
CGAGTTTATCGGACTG-1_V12D07-075_C1,3
CGATAATACTCAGGTT-1_V12D07-075_C1,8
CGATACCTCGCGGACA-1_V12D07-075_C1,1
CGATAGTCGTACTGCA-1_V12D07-075_C1,1
CGATATTAGCCGCAGG-1_V12D07-075_C1,6
CGATCCGACCCAGTGC-1_V12D07-075_C1,1
CGATGGACCCTACGCC-1_V12D07-075_C1,5
CGATTAAATATCTCCT-1_V12D07-075_C1,1
CGATTCGCCTGGCTGC-1_V12D07-075_C1,2
CGCAAACACGAGTTAC-1_V12D07-075_C1,7
CGCAATCGATCATTAG-1_V12D07-075_C1,1
CGCAATTACTTTCGGT-1_V12D07-075_C1,2
CGCAATTAGGGTAATA-1_V12D07-075_C1,1
CGCAATTCTACAATAA-1_V12D07-075_C1,2
CGCACATGTCCACTAC-1_V12D07-075_C1,5
CGCACGTGCGCTATCA-1_V12D07-075_C1,1
CGCAGAAACATTTGCG-1_V12D07-075_C1,2
CGCAGATCTTCACCCG-1_V12D07-075_C1,2
CGCAGGCGATCCAAAC-1_V12D07-075_C1,3
CGCATCATGGCTTCAG-1_V12D07-075_C1,10
CGCATCCATCAGCCAG-1_V12D07-075_C1,4
CGCATGCCGAATGCGT-1_V12D07-075_C1,1
CGCATGGTGCGATGCT-1_V12D07-075_C1,2
CGCATTAGCTAATAGG-1_V12D07-075_C1,1
CGCCAAGAAGCCGAGT-1_V12D07-075_C1,9
CGCCAATTATTGCGTT-1_V12D07-075_C1,1
CGCCACCCGCATTAAC-1_V12D07-075_C1,7
CGCCATCCGATTATGA-1_V12D07-075_C1,1
CGCCCAGCACGCCTAG-1_V12D07-075_C1,5
CGCCCAGCGTTTCACG-1_V12D07-075_C1,2
CGCCCGCTTCCGTACA-1_V12D07-075_C1,10
CGCCCTTGAAGGCTGA-1_V12D07-075_C1,2
CGCCGACTATTCGCTA-1_V12D07-075_C1,3
CGCCGCCCATGCCTGT-1_V12D07-075_C1,3
CGCCGTCTACCCATCG-1_V12D07-075_C1,4
CGCCGTTCAGCATAGT-1_V12D07-075_C1,3
CGCCTCCCTCCTCTAT-1_V12D07-075_C1,3
CGCCTGGCCTACGTAA-1_V12D07-075_C1,9
CGCCTTTAGCATGCTC-1_V12D07-075_C1,8
CGCGAAGTGGCATACT-1_V12D07-075_C1,3
CGCGACACTGCGCAGC-1_V12D07-075_C1,7
CGCGACCGCGACAGAT-1_V12D07-075_C1,2
CGCGAGAGGGACTTGT-1_V12D07-075_C1,4
CGCGCATGTTTGATTG-1_V12D07-075_C1,1
CGCGCCCGACTTAATA-1_V12D07-075_C1,8
CGCGGCAGTATTACGG-1_V12D07-075_C1,1
CGCGGCTCAACTTGAA-1_V12D07-075_C1,3
CGCGGGAATTAGGCAG-1_V12D07-075_C1,5
CGCGGTAAGTCTAGCT-1_V12D07-075_C1,4
CGCGGTACGGTATACA-1_V12D07-075_C1,3
CGCGGTCACAAACCAA-1_V12D07-075_C1,4
CGCGTACATTCTGGAA-1_V12D07-075_C1,4
CGCGTTCATGAAATAC-1_V12D07-075_C1,2
CGCTACGGGACATTTA-1_V12D07-075_C1,1
CGCTAGAGACCGCTGC-1_V12D07-075_C1,5
CGCTATACCGCCCACT-1_V12D07-075_C1,10
CGCTATTCAATGTATG-1_V12D07-075_C1,2
CGCTATTCTTAGGCTC-1_V12D07-075_C1,3
CGCTCGACATAATGAT-1_V12D07-075_C1,12
CGCTCTCCGTAGATTA-1_V12D07-075_C1,7
CGCTGGTGACTACCCT-1_V12D07-075_C1,3
CGCTGTGACGCCGCAC-1_V12D07-075_C1,1
CGCTGTGTGGATGTTG-1_V12D07-075_C1,9
CGCTTAGTATTGATAC-1_V12D07-075_C1,2
CGCTTATTCCCGGTCG-1_V12D07-075_C1,9
CGCTTCCACTGAAATC-1_V12D07-075_C1,1
CGCTTCGGTCTAAGAC-1_V12D07-075_C1,1
CGCTTGGACGGATAGA-1_V12D07-075_C1,3
CGCTTTCATACCGGTG-1_V12D07-075_C1,2
CGCTTTCTTGCATTCG-1_V12D07-075_C1,9
CGGAAAGAATCAAACG-1_V12D07-075_C1,5
CGGAAAGCAAATGTGC-1_V12D07-075_C1,1
CGGAACGTAAACATAG-1_V12D07-075_C1,5
CGGAGCAATTTAATCG-1_V12D07-075_C1,2
CGGAGCATGGCGATCC-1_V12D07-075_C1,2
CGGAGCTTATAACACC-1_V12D07-075_C1,4
CGGAGTTTGAGAGACA-1_V12D07-075_C1,1
CGGATAAGCGGACATG-1_V12D07-075_C1,1
CGGATCCTCAAGGACT-1_V12D07-075_C1,1
CGGCAAACATCGTGCG-1_V12D07-075_C1,1
CGGCAATAAGATCGCC-1_V12D07-075_C1,3
CGGCACCGTTAGCGCC-1_V12D07-075_C1,4
CGGCACTCAAGAAAGT-1_V12D07-075_C1,6
CGGCAGGGTCGGGTTG-1_V12D07-075_C1,9
CGGCCACGCACAAAGT-1_V12D07-075_C1,3
CGGCCAGAGCGACCAT-1_V12D07-075_C1,2
CGGCCCAACCTGTAGT-1_V12D07-075_C1,4
CGGCCCAGGTATATCC-1_V12D07-075_C1,3
CGGCGCCATCAATCCC-1_V12D07-075_C1,3
CGGCTCTAAAGCTGCA-1_V12D07-075_C1,5
CGGCTCTTCGTCGAAC-1_V12D07-075_C1,11
CGGCTTTGTATGATAA-1_V12D07-075_C1,6
CGGGAATATAGTATAC-1_V12D07-075_C1,3
CGGGAATTTATGTAAA-1_V12D07-075_C1,3
CGGGAGCTTCAGTGTA-1_V12D07-075_C1,3
CGGGAGTATACCGCCG-1_V12D07-075_C1,1
CGGGATCAATGTAAGA-1_V12D07-075_C1,1
CGGGCAGCTAAACCGC-1_V12D07-075_C1,2
CGGGCCATAGCCGCAC-1_V12D07-075_C1,7
CGGGCCTTCTTTGTAA-1_V12D07-075_C1,3
CGGGCGATGGATCACG-1_V12D07-075_C1,3
CGGGTGTACCCATTTA-1_V12D07-075_C1,5
CGGGTTCGGCACGTAT-1_V12D07-075_C1,4
CGGGTTTGTTAGGGCT-1_V12D07-075_C1,3
CGGTACTAGAATCAAA-1_V12D07-075_C1,2
CGGTAGAGGTGCAGGT-1_V12D07-075_C1,8
CGGTATAGGTATTAGC-1_V12D07-075_C1,4
CGGTCAAGTGGGAACC-1_V12D07-075_C1,12
CGGTCAGTCCATATTT-1_V12D07-075_C1,5
CGGTCCATGAGACTCC-1_V12D07-075_C1,4
CGGTCCGTCGCAAGCC-1_V12D07-075_C1,2
CGGTCTATCAACCCGT-1_V12D07-075_C1,10
CGGTGAAGACTAAAGT-1_V12D07-075_C1,1
CGGTGCAGATAGAACG-1_V12D07-075_C1,5
CGGTGCGCGTTGGTCC-1_V12D07-075_C1,9
CGGTGGGCTCCAGCCT-1_V12D07-075_C1,11
CGGTGTACTTGATCCC-1_V12D07-075_C1,1
CGGTTATCCAACAGTG-1_V12D07-075_C1,5
CGGTTCAAGTAGGTGT-1_V12D07-075_C1,1
CGGTTCCGGCTTCTTG-1_V12D07-075_C1,6
CGGTTGACCTGGCATA-1_V12D07-075_C1,5
CGGTTGGGTTCAAGTT-1_V12D07-075_C1,4
CGGTTTATGAAGGAAC-1_V12D07-075_C1,4
CGTAAACGCTTGAGTG-1_V12D07-075_C1,7
CGTAACTTCGACACTT-1_V12D07-075_C1,5
CGTAATAATTACGAGT-1_V12D07-075_C1,1
CGTACCGAAAGTCTAG-1_V12D07-075_C1,7
CGTACCTGATAGGCCT-1_V12D07-075_C1,1
CGTAGCGAATTGTCAG-1_V12D07-075_C1,6
CGTAGCGCCGACGTTG-1_V12D07-075_C1,6
CGTATCTAGAACTAAG-1_V12D07-075_C1,3
CGTATTAAGAGATCTA-1_V12D07-075_C1,2
CGTCAAGGCTATAAAT-1_V12D07-075_C1,2
CGTCAATCTTTAACAT-1_V12D07-075_C1,1
CGTCACGTCCATTGGT-1_V12D07-075_C1,1
CGTCAGCTATTTACTC-1_V12D07-075_C1,7
CGTCAGTGCGCACAAG-1_V12D07-075_C1,7
CGTCATACCATATCCA-1_V12D07-075_C1,2
CGTCCAGATGGCTCCA-1_V12D07-075_C1,3
CGTCCTCATCGCGTGC-1_V12D07-075_C1,5
CGTCGCATGTGAGCCA-1_V12D07-075_C1,3
CGTCGCGGCGGGATTT-1_V12D07-075_C1,1
CGTCGGATAGTGTTGA-1_V12D07-075_C1,9
CGTCGTCCTTCGCGAA-1_V12D07-075_C1,2
CGTCTGGAAGGGCCCG-1_V12D07-075_C1,6
CGTCTTGAGTGTGACG-1_V12D07-075_C1,10
CGTGAAGTTAATTCAC-1_V12D07-075_C1,1
CGTGACATTGGGTCGT-1_V12D07-075_C1,10
CGTGACCAGTCCTCTG-1_V12D07-075_C1,1
CGTGCAGACTGGGACA-1_V12D07-075_C1,2
CGTGCATTGTCGACGC-1_V12D07-075_C1,5
CGTGCCCTCCCGAAGA-1_V12D07-075_C1,1
CGTGCTGGCCTAGTCG-1_V12D07-075_C1,2
CGTGGAAGCCTCGTAC-1_V12D07-075_C1,8
CGTGGCCGAATATCTA-1_V12D07-075_C1,3
CGTGTATGGGAGCTGA-1_V12D07-075_C1,1
CGTGTCCCATTCGCGA-1_V12D07-075_C1,1
CGTGTGTTAAACCCTG-1_V12D07-075_C1,4
CGTTAAACTAGTTAGG-1_V12D07-075_C1,5
CGTTAATGTCCCGACG-1_V12D07-075_C1,2
CGTTAGCTCACAACTG-1_V12D07-075_C1,4
CGTTCAGACCCGCGAA-1_V12D07-075_C1,3
CGTTCTTCGCACACCT-1_V12D07-075_C1,4
CGTTGAATACCGCGCT-1_V12D07-075_C1,1
CGTTGAGCGACCGTCG-1_V12D07-075_C1,3
CGTTGAGTAATTGCGT-1_V12D07-075_C1,4
CGTTGCCCGCGTGGGA-1_V12D07-075_C1,5
CGTTGTAAACGTCAGG-1_V12D07-075_C1,2
CGTTGTAAGATTGATT-1_V12D07-075_C1,5
CGTTGTCGGCAATTGA-1_V12D07-075_C1,3
CGTTGTTTCAATTCCC-1_V12D07-075_C1,7
CGTTTAAGCGGAGCAC-1_V12D07-075_C1,6
CGTTTACAAGGCAGCT-1_V12D07-075_C1,4
CGTTTCACTTCGGGCG-1_V12D07-075_C1,8
CGTTTCGCTCATTACA-1_V12D07-075_C1,7
CGTTTGGTGTTGTGGG-1_V12D07-075_C1,3
CGTTTGTGTAGAGGGT-1_V12D07-075_C1,9
CTAAAGAATGCCTACT-1_V12D07-075_C1,2
CTAAAGGGAAATAGGA-1_V12D07-075_C1,3
CTAAATCCTATTCCGG-1_V12D07-075_C1,5
CTAACCGCGCGCCCGT-1_V12D07-075_C1,1
CTAACGAAACTTGCTG-1_V12D07-075_C1,9
CTAACTGATAATCGCC-1_V12D07-075_C1,3
CTAACTGGTCCGGTTC-1_V12D07-075_C1,9
CTAAGGGAATGATTGG-1_V12D07-075_C1,2
CTAAGTACAGGGCTAC-1_V12D07-075_C1,4
CTAATTCGCACGCGCT-1_V12D07-075_C1,7
CTAATTCTCAGATATT-1_V12D07-075_C1,5
CTAATTTCAACAACAC-1_V12D07-075_C1,7
CTACACTCGCAGATGG-1_V12D07-075_C1,1
CTACCCTAAGGTCATA-1_V12D07-075_C1,9
CTACGACTAGCTATAA-1_V12D07-075_C1,5
CTACGCACGGAGTACC-1_V12D07-075_C1,1
CTACGCCATTTCCGAT-1_V12D07-075_C1,4
CTACGTGTTGCCACCA-1_V12D07-075_C1,6
CTACTATCTTTCAGAG-1_V12D07-075_C1,9
CTACTCAAGGTATAGT-1_V12D07-075_C1,9
CTACTCTAGGCCCGGC-1_V12D07-075_C1,2
CTACTGCCACCTGACC-1_V12D07-075_C1,2
CTAGACATATATGTAG-1_V12D07-075_C1,4
CTAGACTGCATTTCGT-1_V12D07-075_C1,4
CTAGATAAACTCCTCG-1_V12D07-075_C1,2
CTAGATGTGAGTGTAA-1_V12D07-075_C1,4
CTAGATTTACGACGGC-1_V12D07-075_C1,2
CTAGCATAGTATAATG-1_V12D07-075_C1,3
CTAGCCACAGGCGAGC-1_V12D07-075_C1,3
CTAGCCGATGTTATGA-1_V12D07-075_C1,8
CTAGCTTAATGGTCCC-1_V12D07-075_C1,8
CTAGGCGCCCTATCAG-1_V12D07-075_C1,1
CTAGGTCTGAAGGAAT-1_V12D07-075_C1,8
CTAGGTTCGGACGTGA-1_V12D07-075_C1,1
CTAGTAGAAAGGGATT-1_V12D07-075_C1,1
CTAGTATTCGGAATTA-1_V12D07-075_C1,10
CTAGTCACGTCTTAAG-1_V12D07-075_C1,1
CTAGTGAAGGACAGGA-1_V12D07-075_C1,2
CTAGTTACAACCCGGT-1_V12D07-075_C1,2
CTAGTTGGGCCCGGTA-1_V12D07-075_C1,3
CTATAAGAGCCAATCG-1_V12D07-075_C1,8
CTATCGACGAAATACA-1_V12D07-075_C1,2
CTATCGCGTAGAGAAC-1_V12D07-075_C1,3
CTATCGGGTCTCAACA-1_V12D07-075_C1,3
CTATGCCCGAATGCAA-1_V12D07-075_C1,1
CTATGGGAAGCGGAAT-1_V12D07-075_C1,3
CTATGTCACTAGCCCA-1_V12D07-075_C1,2
CTATGTCTATTGAAAC-1_V12D07-075_C1,6
CTATTCATGTGTCCCA-1_V12D07-075_C1,2
CTATTGTGTTTGGTCA-1_V12D07-075_C1,4
CTATTTGCTTGGAGGA-1_V12D07-075_C1,1
CTATTTGGTTACGGAT-1_V12D07-075_C1,1
CTCAACTAACCCGGAT-1_V12D07-075_C1,3
CTCAAGACATTAGCGC-1_V12D07-075_C1,4
CTCACATTTACTAAAT-1_V12D07-075_C1,1
CTCACCAGTACAAGTG-1_V12D07-075_C1,7
CTCACCGATCCAAACT-1_V12D07-075_C1,4
CTCACTGTGATACTTA-1_V12D07-075_C1,2
CTCACTTGGCTGGTAA-1_V12D07-075_C1,9
CTCAGGACTCACCTGT-1_V12D07-075_C1,2
CTCAGTCACGACAAAT-1_V12D07-075_C1,5
CTCATCACTTAGTGAT-1_V12D07-075_C1,4
CTCATGGCTCACAATC-1_V12D07-075_C1,6
CTCATTCGTGAACATC-1_V12D07-075_C1,7
CTCATTGCTCTAACAA-1_V12D07-075_C1,3
CTCATTTGATGGGCGG-1_V12D07-075_C1,11
CTCCCAATGAGTCGCG-1_V12D07-075_C1,5
CTCCGCCCACATGAGG-1_V12D07-075_C1,2
CTCCGGCCTAATATGC-1_V12D07-075_C1,10
CTCCGGCTTGTAGACA-1_V12D07-075_C1,1
CTCCTAAGTTATGTCT-1_V12D07-075_C1,2
CTCCTCCAGCTCACAC-1_V12D07-075_C1,2
CTCCTGTTCAAGGCAG-1_V12D07-075_C1,3
CTCCTTTACGCAAGTC-1_V12D07-075_C1,4
CTCGAATGGAACGTAT-1_V12D07-075_C1,4
CTCGAGATCCAAAGCA-1_V12D07-075_C1,1
CTCGAGGTCGAACAGT-1_V12D07-075_C1,1
CTCGATATTTGCGAGC-1_V12D07-075_C1,8
CTCGCACCTATATAGT-1_V12D07-075_C1,1
CTCGCCGAATGTAGGG-1_V12D07-075_C1,1
CTCGCTAGGTAAGCGA-1_V12D07-075_C1,5
CTCGGGATAACACCTA-1_V12D07-075_C1,4
CTCGGTACCACTGCTC-1_V12D07-075_C1,2
CTCGGTCCGTAGCCTG-1_V12D07-075_C1,11
CTCGTCTGTGCCTTCG-1_V12D07-075_C1,3
CTCGTTTCTAATGTTT-1_V12D07-075_C1,4
CTCTAATGCATTGATC-1_V12D07-075_C1,4
CTCTAGCCCTCGGAAA-1_V12D07-075_C1,3
CTCTATTTGGCTGCAG-1_V12D07-075_C1,1
CTCTCACAATCGATGA-1_V12D07-075_C1,3
CTCTCGCTGTACTATG-1_V12D07-075_C1,7
CTCTGCGAAGCAAGCA-1_V12D07-075_C1,2
CTCTGGACGCCTGGTG-1_V12D07-075_C1,1
CTCTGTTTGAGGATTC-1_V12D07-075_C1,6
CTCTTCTATTGACTGG-1_V12D07-075_C1,1
CTCTTGTCCCGCTTGG-1_V12D07-075_C1,2
CTGAAACGGCCCTCAG-1_V12D07-075_C1,4
CTGAAAGAGATCCGAC-1_V12D07-075_C1,11
CTGAATCCGAGACCTC-1_V12D07-075_C1,1
CTGAATTTATTGCCAG-1_V12D07-075_C1,4
CTGACATAGAAATAGA-1_V12D07-075_C1,8
CTGACTGCGCAGCTCG-1_V12D07-075_C1,5
CTGAGAAAGTTCGGCG-1_V12D07-075_C1,8
CTGAGAGTAGAAATAC-1_V12D07-075_C1,3
CTGAGCAAGTAACAAG-1_V12D07-075_C1,2
CTGAGCGAGACTTATT-1_V12D07-075_C1,4
CTGATAGTGTATCTCA-1_V12D07-075_C1,2
CTGCAAGCACGTTCCG-1_V12D07-075_C1,3
CTGCACAACTACATAT-1_V12D07-075_C1,3
CTGCACCTAGTCCACA-1_V12D07-075_C1,4
CTGCACCTGGAACCGC-1_V12D07-075_C1,6
CTGCACTCCAGTACAG-1_V12D07-075_C1,3
CTGCAGAGAATCAGAG-1_V12D07-075_C1,3
CTGCAGGTGCTCGGCC-1_V12D07-075_C1,1
CTGCCAAGGTTGGAAG-1_V12D07-075_C1,10
CTGCCATGCATCACAT-1_V12D07-075_C1,11
CTGCCCACGAAGCGTT-1_V12D07-075_C1,1
CTGCCTAGCCACCAAG-1_V12D07-075_C1,11
CTGCCTCATATGCAAC-1_V12D07-075_C1,4
CTGCCTTTCTAGTAAA-1_V12D07-075_C1,3
CTGCGGGTGAAATGTT-1_V12D07-075_C1,2
CTGCGGTAGTCACGTG-1_V12D07-075_C1,4
CTGCGTTACGATATAA-1_V12D07-075_C1,8
CTGCTGAGGCCACGAA-1_V12D07-075_C1,9
CTGCTGTCTAACGAGC-1_V12D07-075_C1,8
CTGCTTGGCGATAGCT-1_V12D07-075_C1,2
CTGCTTTATGTCCGCG-1_V12D07-075_C1,4
CTGGAAATGGATGCTT-1_V12D07-075_C1,2
CTGGAAGACACGGTGG-1_V12D07-075_C1,1
CTGGATTTACACTTGA-1_V12D07-075_C1,2
CTGGCGACATAAGTCC-1_V12D07-075_C1,8
CTGGCGCACAGGTCTG-1_V12D07-075_C1,3
CTGGCGGGAATAAGTA-1_V12D07-075_C1,1
CTGGCTCCTGCGGGAT-1_V12D07-075_C1,6
CTGGCTGATTCATCCT-1_V12D07-075_C1,3
CTGGCTGGTTGTCAGT-1_V12D07-075_C1,1
CTGGGATAAATAATGG-1_V12D07-075_C1,1
CTGGGATACGCTACCC-1_V12D07-075_C1,8
CTGGGCCTGCTATATC-1_V12D07-075_C1,9
CTGGGCTATCCTTTGG-1_V12D07-075_C1,4
CTGGGTAGGCAGTTAA-1_V12D07-075_C1,1
CTGGTAAAGACTTACA-1_V12D07-075_C1,3
CTGGTAAAGTGTGGGC-1_V12D07-075_C1,3
CTGGTAACACATAGAA-1_V12D07-075_C1,1
CTGGTAACGAGCTCTT-1_V12D07-075_C1,5
CTGGTCATTCCAATCC-1_V12D07-075_C1,2
CTGGTCCTAACTTGGC-1_V12D07-075_C1,6
CTGGTTCAACGCATCA-1_V12D07-075_C1,2
CTGGTTCGCGAGCTAC-1_V12D07-075_C1,4
CTGGTTTCGAGCAAGA-1_V12D07-075_C1,3
CTGTACTTCTTAGCAT-1_V12D07-075_C1,2
CTGTAGCCATCTCACT-1_V12D07-075_C1,9
CTGTATGGTGTAGAAA-1_V12D07-075_C1,7
CTGTCAAATGGCTCGG-1_V12D07-075_C1,5
CTGTCACGCCAGGCGC-1_V12D07-075_C1,4
CTGTCTGTGGCTGGCT-1_V12D07-075_C1,1
CTGTGCAGGGTAGGTC-1_V12D07-075_C1,2
CTGTGGTCGGGAGATA-1_V12D07-075_C1,1
CTGTTACCCAATCTAG-1_V12D07-075_C1,2
CTGTTCACTGCCTGTG-1_V12D07-075_C1,10
CTGTTCATCTCACGGG-1_V12D07-075_C1,1
CTGTTGGCTCTTCTGA-1_V12D07-075_C1,1
CTTAAATAAGACCCAT-1_V12D07-075_C1,7
CTTAACTTACAGTATA-1_V12D07-075_C1,5
CTTAACTTCGAAGTAC-1_V12D07-075_C1,6
CTTACACGGTATTCCA-1_V12D07-075_C1,2
CTTACACTGGGAAATA-1_V12D07-075_C1,2
CTTACTGACTCCTCTG-1_V12D07-075_C1,3
CTTAGCCCGGATAGTG-1_V12D07-075_C1,1
CTTAGCCTTCCACATG-1_V12D07-075_C1,8
CTTAGTAGGCCTACAG-1_V12D07-075_C1,8
CTTAGTGTAGTAGCAT-1_V12D07-075_C1,1
CTTATAGATGGCTGTT-1_V12D07-075_C1,3
CTTATGTTGACTACCA-1_V12D07-075_C1,2
CTTCAACTCCACTTGG-1_V12D07-075_C1,1
CTTCATAGCTCAAGAA-1_V12D07-075_C1,2
CTTCATTGTCAGTGGA-1_V12D07-075_C1,3
CTTCCGCTCCGTGAAG-1_V12D07-075_C1,5
CTTCGATTGCGCAAGC-1_V12D07-075_C1,1
CTTCGGCCAATTGTTT-1_V12D07-075_C1,5
CTTCGTAGATAGGTGA-1_V12D07-075_C1,5
CTTCTATGTTGAAGTA-1_V12D07-075_C1,5
CTTCTATTAATGCTAG-1_V12D07-075_C1,5
CTTCTTACGTCGTATA-1_V12D07-075_C1,1
CTTGACCCGAAAGATA-1_V12D07-075_C1,6
CTTGAGGTTATCCCGA-1_V12D07-075_C1,2
CTTGAGTTAGGGTAAT-1_V12D07-075_C1,3
CTTGATGACCATCCAG-1_V12D07-075_C1,2
CTTGCCCACCCACGCA-1_V12D07-075_C1,5
CTTGCCCAGGCTCTAC-1_V12D07-075_C1,3
CTTGGCCAAGCTGGGA-1_V12D07-075_C1,2
CTTGTACTTGTTGACT-1_V12D07-075_C1,6
CTTGTCAACATTCGAG-1_V12D07-075_C1,2
CTTGTGAGGACAGCGG-1_V12D07-075_C1,1
CTTGTGAGTCTTTGAC-1_V12D07-075_C1,6
CTTGTGCTCACCGATT-1_V12D07-075_C1,5
CTTGTTGCTGAGTCAA-1_V12D07-075_C1,3
CTTGTTTATGTAGCCA-1_V12D07-075_C1,7
CTTTAACTTTCAAAGG-1_V12D07-075_C1,2
CTTTAATATTGGTCGA-1_V12D07-075_C1,1
CTTTACCGAATAGTAG-1_V12D07-075_C1,2
CTTTAGGAACACTGTT-1_V12D07-075_C1,3
CTTTAGTGCTATTATT-1_V12D07-075_C1,3
CTTTCTGTGCGGGCTT-1_V12D07-075_C1,2
CTTTGCATCGCTCTTG-1_V12D07-075_C1,3
CTTTGCTGTCATGGAT-1_V12D07-075_C1,8
CTTTGGCAGACAGAGT-1_V12D07-075_C1,1
CTTTGGCGCTTTATAC-1_V12D07-075_C1,7
CTTTGGCTTTAGTAAA-1_V12D07-075_C1,1
CTTTGGGATTGTTGCA-1_V12D07-075_C1,5
GAAACAGATGACCACC-1_V12D07-075_C1,3
GAAACAGCCATGCAGT-1_V12D07-075_C1,6
GAAACCATGGTGCGCT-1_V12D07-075_C1,11
GAAACCGAATTACCTT-1_V12D07-075_C1,5
GAAACCTATACAAATG-1_V12D07-075_C1,1
GAAACTCGTGCGATGC-1_V12D07-075_C1,7
GAAACTCTAATGAAGG-1_V12D07-075_C1,2
GAAAGAACAGCGTTAT-1_V12D07-075_C1,5
GAAAGCAGTGCACTTT-1_V12D07-075_C1,5
GAAAGCCCTTTGGACC-1_V12D07-075_C1,1
GAAAGTGACTAACTGC-1_V12D07-075_C1,7
GAAATACCTGCTGGCT-1_V12D07-075_C1,4
GAAATACTAAACGTTT-1_V12D07-075_C1,2
GAAATATCACCATCAG-1_V12D07-075_C1,1
GAAATATGCTTGAATG-1_V12D07-075_C1,4
GAAATCGCGCGCAACT-1_V12D07-075_C1,6
GAAATCTGACCAAGTT-1_V12D07-075_C1,1
GAAATGGCGGTGTTAG-1_V12D07-075_C1,7
GAAATGGGATGTAAAC-1_V12D07-075_C1,1
GAAATTAGCACGGATA-1_V12D07-075_C1,1
GAAATTCACATCGCTG-1_V12D07-075_C1,7
GAAATTGTCTCTATAA-1_V12D07-075_C1,1
GAACAACTGGGATGAA-1_V12D07-075_C1,1
GAACACACATCAACCA-1_V12D07-075_C1,11
GAACAGATTACTAAAT-1_V12D07-075_C1,1
GAACCCTCTGTGTTCT-1_V12D07-075_C1,2
GAACCTCGACCTACAC-1_V12D07-075_C1,5
GAACCTTTAACGATCC-1_V12D07-075_C1,2
GAACGACCGAATGATA-1_V12D07-075_C1,6
GAACGATAAGTTAAAG-1_V12D07-075_C1,4
GAACGCGGGTCACACG-1_V12D07-075_C1,1
GAACGTCTCATGGTCG-1_V12D07-075_C1,9
GAACGTTAGGAAGACG-1_V12D07-075_C1,1
GAACTGTGGAGAGACA-1_V12D07-075_C1,2
GAACTTAGCGCCCGGT-1_V12D07-075_C1,4
GAAGAACGGTGCAGGT-1_V12D07-075_C1,2
GAAGCCACTGATTATG-1_V12D07-075_C1,1
GAAGCCGGGTAAGCTC-1_V12D07-075_C1,7
GAAGCCTGCACATTCC-1_V12D07-075_C1,2
GAAGCGTGAGGAATTT-1_V12D07-075_C1,2
GAAGCTCTTTGCTTAG-1_V12D07-075_C1,3
GAAGCTTGCTGACCGC-1_V12D07-075_C1,2
GAAGGAGTCGAGTGCG-1_V12D07-075_C1,3
GAAGGCTACCATTGTT-1_V12D07-075_C1,11
GAAGGGCATAACCATG-1_V12D07-075_C1,1
GAAGTCAGTTGCACTA-1_V12D07-075_C1,5
GAAGTCTCCCTAGCGA-1_V12D07-075_C1,5
GAAGTGATTTATCGTG-1_V12D07-075_C1,2
GAAGTGCTGGATAGCT-1_V12D07-075_C1,7
GAAGTTTCCACTCAAT-1_V12D07-075_C1,2
GAATAGACGCGACCCA-1_V12D07-075_C1,3
GAATAGCATTTAGGGT-1_V12D07-075_C1,8
GAATAGCCCTGCGGTC-1_V12D07-075_C1,4
GAATATTCGGAGTCCC-1_V12D07-075_C1,10
GAATCGACATGGTCAC-1_V12D07-075_C1,7
GAATCGCCGGACACGG-1_V12D07-075_C1,2
GAATCTGAACATTCTC-1_V12D07-075_C1,2
GAATGAAGGTCTTCAG-1_V12D07-075_C1,4
GAATGCCGAAATGACC-1_V12D07-075_C1,2
GAATGCGAATCGGTTC-1_V12D07-075_C1,1
GAATGGGCTTATCGAC-1_V12D07-075_C1,1
GAATGTATGGCAGGTC-1_V12D07-075_C1,8
GAATGTGGTCCGGATT-1_V12D07-075_C1,1
GAATGTTGGGTAATCT-1_V12D07-075_C1,1
GAATTATAGTGAAAGG-1_V12D07-075_C1,3
GAATTCACCCGGGTGT-1_V12D07-075_C1,3
GAATTTCTCGCTGCAG-1_V12D07-075_C1,3
GACAAACATATGCAGG-1_V12D07-075_C1,3
GACAACGACCATTGAA-1_V12D07-075_C1,2
GACAACGCAGCTTACG-1_V12D07-075_C1,10
GACAAGACGCCCGTGC-1_V12D07-075_C1,3
GACAAGAGATGAGATT-1_V12D07-075_C1,3
GACACAAGGGAAGAAA-1_V12D07-075_C1,12
GACACAGCCGGGACTG-1_V12D07-075_C1,5
GACACGAGTTAGAGGA-1_V12D07-075_C1,2
GACACTGAGTTCAGTG-1_V12D07-075_C1,2
GACACTGGAACCCGAT-1_V12D07-075_C1,3
GACACTTCCAATTACC-1_V12D07-075_C1,3
GACAGCCAGACCTGAC-1_V12D07-075_C1,1
GACAGGCACACACTAT-1_V12D07-075_C1,1
GACATACTGTCGCAGA-1_V12D07-075_C1,2
GACATCCGTCGAACTG-1_V12D07-075_C1,2
GACATCGATTTATAAC-1_V12D07-075_C1,1
GACCAAACGTTGACTG-1_V12D07-075_C1,3
GACCACACTTCCCTTT-1_V12D07-075_C1,3
GACCAGAGCCCTGTAG-1_V12D07-075_C1,2
GACCCGTCGCCGGCTA-1_V12D07-075_C1,6
GACCGACGTGAAAGCA-1_V12D07-075_C1,8
GACCGACTGAAGCGTC-1_V12D07-075_C1,7
GACCGCGTCTGACGTG-1_V12D07-075_C1,5
GACCGTCAGGTCGTGA-1_V12D07-075_C1,8
GACCGTGCTGACGGTG-1_V12D07-075_C1,1
GACCGTTACATGCGAC-1_V12D07-075_C1,1
GACCTGGTCTGGGCGT-1_V12D07-075_C1,3
GACCTTCCACGTCTAC-1_V12D07-075_C1,3
GACGACGATCCGCGTT-1_V12D07-075_C1,1
GACGAGGCTAATAAAC-1_V12D07-075_C1,1
GACGCCGTAAAGGCTA-1_V12D07-075_C1,5
GACGCCTGTTGCAGGG-1_V12D07-075_C1,6
GACGCTTGCTTCTAAA-1_V12D07-075_C1,2
GACGGGTTGGCCCGTA-1_V12D07-075_C1,2
GACGGTCAATAGAAGC-1_V12D07-075_C1,5
GACGGTCCTAGGGTGT-1_V12D07-075_C1,4
GACGTGAGACTCCATG-1_V12D07-075_C1,6
GACGTGTAGGGATTAT-1_V12D07-075_C1,2
GACGTTCGTAAATACA-1_V12D07-075_C1,4
GACTAACACAGCACCT-1_V12D07-075_C1,4
GACTAAGATCATGCAC-1_V12D07-075_C1,8
GACTAAGTAGGCTCAC-1_V12D07-075_C1,2
GACTACAATTGCTCGT-1_V12D07-075_C1,11
GACTAGGCCGTTAGGT-1_V12D07-075_C1,3
GACTCACCCACGTGAG-1_V12D07-075_C1,3
GACTCCCAGAATAAGG-1_V12D07-075_C1,4
GACTCGCGGGAATGAC-1_V12D07-075_C1,5
GACTCGGTCGGCGGAT-1_V12D07-075_C1,4
GACTGATTGGTCACAA-1_V12D07-075_C1,4
GACTGCAAATCGAGCT-1_V12D07-075_C1,3
GACTGCACCAGCCCAG-1_V12D07-075_C1,2
GACTGCGGCACGTGTA-1_V12D07-075_C1,7
GACTGGGCGCCGCAAC-1_V12D07-075_C1,4
GAGAAACTGGATCCCA-1_V12D07-075_C1,5
GAGAACGGTTCTGACT-1_V12D07-075_C1,1
GAGAATCTCACGATCA-1_V12D07-075_C1,7
GAGACCCTGCAACGCC-1_V12D07-075_C1,11
GAGACTGATGGGTAGA-1_V12D07-075_C1,1
GAGACTTCGCGACCGA-1_V12D07-075_C1,1
GAGAGCGCAGTCCCTG-1_V12D07-075_C1,1
GAGAGGCCTATGTGTA-1_V12D07-075_C1,3
GAGAGGGCGCGAGGTT-1_V12D07-075_C1,1
GAGAGGTGCATTCTGG-1_V12D07-075_C1,9
GAGATCTGCTTGGCAT-1_V12D07-075_C1,1
GAGATCTGTCACTCCG-1_V12D07-075_C1,3
GAGATCTTCCATGACA-1_V12D07-075_C1,3
GAGATGACAATCCTTA-1_V12D07-075_C1,4
GAGATGGCTTTAATCA-1_V12D07-075_C1,3
GAGATGGGAGTCGACA-1_V12D07-075_C1,3
GAGCACCTGTGTCCAG-1_V12D07-075_C1,3
GAGCACGGCGCCTCTT-1_V12D07-075_C1,8
GAGCATCATCCCTGGG-1_V12D07-075_C1,6
GAGCCACGGTAGTAGG-1_V12D07-075_C1,6
GAGCCAGCTACCTGTG-1_V12D07-075_C1,1
GAGCCGAGCGTTTATT-1_V12D07-075_C1,11
GAGCGAGGGAGTACCG-1_V12D07-075_C1,6
GAGCGCAAATACTCCG-1_V12D07-075_C1,3
GAGCGCGCACGAGTAG-1_V12D07-075_C1,3
GAGCGGAATGCGGTGT-1_V12D07-075_C1,5
GAGCTAAGGGCATATC-1_V12D07-075_C1,5
GAGCTCTCGGACCTAA-1_V12D07-075_C1,1
GAGCTGTCGTCTCGGA-1_V12D07-075_C1,4
GAGGAATGGAGAGGTT-1_V12D07-075_C1,1
GAGGAGATCCTCATGC-1_V12D07-075_C1,1
GAGGATAAACAGTGCT-1_V12D07-075_C1,4
GAGGCATTTGCAGCAG-1_V12D07-075_C1,4
GAGGCCTGTTGATACA-1_V12D07-075_C1,1
GAGGCTATCAAAGTCG-1_V12D07-075_C1,2
GAGGGCATCGCGTATC-1_V12D07-075_C1,6
GAGGGCGCAGCTCTGC-1_V12D07-075_C1,5
GAGGTACATCCATCTT-1_V12D07-075_C1,2
GAGGTACGCGTGTCCC-1_V12D07-075_C1,1
GAGGTCCCAAAGATCT-1_V12D07-075_C1,3
GAGTAAACCGGAAAGT-1_V12D07-075_C1,8
GAGTAAATTAAGAACC-1_V12D07-075_C1,3
GAGTACGGGTATACAA-1_V12D07-075_C1,2
GAGTAGATACTAGTTG-1_V12D07-075_C1,2
GAGTATCAAAGTTACA-1_V12D07-075_C1,5
GAGTATGCCCGCCTTG-1_V12D07-075_C1,9
GAGTATGCGCGTGCAT-1_V12D07-075_C1,3
GAGTCAGACCAGAATC-1_V12D07-075_C1,5
GAGTCCGCTTACCGGA-1_V12D07-075_C1,2
GAGTCGACAGACCCTC-1_V12D07-075_C1,1
GAGTGTCAACCAGAAA-1_V12D07-075_C1,3
GAGTGTGCGGTACCCA-1_V12D07-075_C1,1
GATAAATCGGTGGATG-1_V12D07-075_C1,6
GATAACTCGCACTGTG-1_V12D07-075_C1,5
GATAAGGCAGATGCAA-1_V12D07-075_C1,6
GATACCGTGTCGGAGT-1_V12D07-075_C1,4
GATACGATGGGAGTCA-1_V12D07-075_C1,5
GATAGAACCCGCTAGG-1_V12D07-075_C1,1
GATAGCGTACCACGCG-1_V12D07-075_C1,3
GATAGGATTAATTACA-1_V12D07-075_C1,10
GATAGGTAACGTTGAC-1_V12D07-075_C1,2
GATAGGTGTCCCGGGC-1_V12D07-075_C1,4
GATATCAGTATGTATC-1_V12D07-075_C1,7
GATATCTCATGCAATA-1_V12D07-075_C1,6
GATATGAGACACTAAC-1_V12D07-075_C1,3
GATATGCGGTAGCCAA-1_V12D07-075_C1,8
GATATGGATTACGCGG-1_V12D07-075_C1,2
GATATTGAGATTGGCG-1_V12D07-075_C1,5
GATATTTCCTACATGG-1_V12D07-075_C1,4
GATCATTCCAAACATT-1_V12D07-075_C1,2
GATCCCTTTATACTGC-1_V12D07-075_C1,2
GATCCGAATATAAGTG-1_V12D07-075_C1,4
GATCCGGGAATTAACA-1_V12D07-075_C1,2
GATCCTAAATCGGGAC-1_V12D07-075_C1,5
GATCCTCTTGCGCTTA-1_V12D07-075_C1,4
GATCGACACTATCTGA-1_V12D07-075_C1,2
GATCGCGGGCTCTCCA-1_V12D07-075_C1,1
GATCGCTACCCGATTT-1_V12D07-075_C1,3
GATCGGCGATAAGTCG-1_V12D07-075_C1,2
GATCGGTGGCCATAAC-1_V12D07-075_C1,1
GATCGTGACTGATATC-1_V12D07-075_C1,5
GATCTCGACGCTGTGG-1_V12D07-075_C1,8
GATCTGCTATCTAAGG-1_V12D07-075_C1,2
GATCTTCATTGTCCTC-1_V12D07-075_C1,1
GATCTTGGAGGGCATA-1_V12D07-075_C1,2
GATCTTTGCAGGGTAT-1_V12D07-075_C1,1
GATCTTTGCTCAAAGA-1_V12D07-075_C1,4
GATGACGATGATCGCG-1_V12D07-075_C1,4
GATGAGGAACCTTCGG-1_V12D07-075_C1,3
GATGCCAGCAGAAGGC-1_V12D07-075_C1,2
GATGCGAATGGTATTA-1_V12D07-075_C1,7
GATGCGTCCTGCATTC-1_V12D07-075_C1,1
GATGCTACAAGCGCCT-1_V12D07-075_C1,6
GATGCTACCTTCGATG-1_V12D07-075_C1,2
GATGCTGTATTTCATC-1_V12D07-075_C1,3
GATGGCGCACACATTA-1_V12D07-075_C1,12
GATGGTGAAATAACCC-1_V12D07-075_C1,4
GATGGTGCCCTAGGCA-1_V12D07-075_C1,7
GATGTCCGGATCACAT-1_V12D07-075_C1,6
GATGTCGGTCAACTGC-1_V12D07-075_C1,6
GATGTGTTGTCACAAG-1_V12D07-075_C1,6
GATGTTCAATCCACGA-1_V12D07-075_C1,1
GATGTTTGTGCGAGAT-1_V12D07-075_C1,7
GATTAACCGAAAGCCC-1_V12D07-075_C1,3
GATTACTGAATTTGGG-1_V12D07-075_C1,5
GATTCCCTTGTCGCAG-1_V12D07-075_C1,3
GATTCCGCGTTTCCGT-1_V12D07-075_C1,10
GATTCCTATACGGCGC-1_V12D07-075_C1,1
GATTCGACGGTTCACG-1_V12D07-075_C1,2
GATTGACACTCTGCTC-1_V12D07-075_C1,6
GATTGGGAAAGGTTGT-1_V12D07-075_C1,3
GCAAACCCTACATTAT-1_V12D07-075_C1,1
GCAAACCTTGGCCATA-1_V12D07-075_C1,7
GCAAACGTCGCCAGGT-1_V12D07-075_C1,8
GCAAATATTACGCTTT-1_V12D07-075_C1,1
GCAAATGAGGACACTT-1_V12D07-075_C1,5
GCAACAGCAGTATGCG-1_V12D07-075_C1,3
GCAACCACCAGACCGG-1_V12D07-075_C1,8
GCAACCACGGCCGCGT-1_V12D07-075_C1,9
GCAACCCAAGTTGTTT-1_V12D07-075_C1,1
GCAACGGCTAGTTATG-1_V12D07-075_C1,4
GCAAGAATTCCTTGGC-1_V12D07-075_C1,5
GCAAGATGTGTTCGCG-1_V12D07-075_C1,4
GCAAGTGCACAGAGAA-1_V12D07-075_C1,7
GCAATTAGTCGCACCG-1_V12D07-075_C1,4
GCACAAACGAGGCGTG-1_V12D07-075_C1,8
GCACAAGTGGATCATA-1_V12D07-075_C1,1
GCACAAGTGTCGGAAG-1_V12D07-075_C1,7
GCACACACTGGTAGCC-1_V12D07-075_C1,3
GCACACGCCCATGGTC-1_V12D07-075_C1,1
GCACCTTCCCGAAGGT-1_V12D07-075_C1,3
GCACGCCTACTTAGAT-1_V12D07-075_C1,9
GCACGTGGTTTACTTA-1_V12D07-075_C1,3
GCACTAGTCGCGCTAT-1_V12D07-075_C1,6
GCACTGCCTACCTTTA-1_V12D07-075_C1,2
GCACTGTGCAAATGTA-1_V12D07-075_C1,6
GCAGAAGGTAATCTCC-1_V12D07-075_C1,8
GCAGACCCAGCACGTA-1_V12D07-075_C1,5
GCAGATCCATAAGACT-1_V12D07-075_C1,2
GCAGATCCTCGCAAAT-1_V12D07-075_C1,7
GCAGATTAGGGATATC-1_V12D07-075_C1,1
GCAGCACACAGCCCAG-1_V12D07-075_C1,2
GCAGCCTATATCACAT-1_V12D07-075_C1,4
GCAGCGGTGGGCATTA-1_V12D07-075_C1,6
GCAGCTATGGACAGGT-1_V12D07-075_C1,4
GCAGCTGTCAACGCAT-1_V12D07-075_C1,5
GCAGGACTATAGAATA-1_V12D07-075_C1,7
GCAGGTAGAGTATGGT-1_V12D07-075_C1,8
GCAGTGCGGGCGGATG-1_V12D07-075_C1,5
GCAGTGTGGCTATAGG-1_V12D07-075_C1,2
GCAGTTCGATCCGAGC-1_V12D07-075_C1,5
GCATACGAGGTCTTTA-1_V12D07-075_C1,5
GCATAGAGCACTCAGG-1_V12D07-075_C1,1
GCATCCCTAACTTTGA-1_V12D07-075_C1,2
GCATCGGCCGTGTAGG-1_V12D07-075_C1,1
GCATGACACAAAGGAA-1_V12D07-075_C1,3
GCATGAGGGACGCGGC-1_V12D07-075_C1,9
GCATGCTAATAACGAT-1_V12D07-075_C1,2
GCATGGGTACTGACGC-1_V12D07-075_C1,5
GCATTCAAGGCAACGC-1_V12D07-075_C1,11
GCATTCGAAATGAACA-1_V12D07-075_C1,1
GCATTTCCAAGGCTCC-1_V12D07-075_C1,4
GCCAACCATTTCCGGA-1_V12D07-075_C1,8
GCCAATAGGGCATCTC-1_V12D07-075_C1,4
GCCACAATTTAAGGAC-1_V12D07-075_C1,5
GCCACTCAGAGCGCGA-1_V12D07-075_C1,3
GCCACTCCTTACGGTA-1_V12D07-075_C1,5
GCCAGGAGTAACCGAT-1_V12D07-075_C1,4
GCCAGGCGTTCGCATG-1_V12D07-075_C1,4
GCCAGGCTTAGTGGTA-1_V12D07-075_C1,1
GCCATATTGCACACAG-1_V12D07-075_C1,8
GCCATCGAGCTGCGTG-1_V12D07-075_C1,9
GCCATCGATGCTGCAT-1_V12D07-075_C1,8
GCCCACCAAGGCTGTC-1_V12D07-075_C1,6
GCCCAGATGCTGGAGA-1_V12D07-075_C1,4
GCCCAGTTGGTATGCC-1_V12D07-075_C1,2
GCCCGATCTGTGGTCG-1_V12D07-075_C1,1
GCCCGCGCGTAAACGG-1_V12D07-075_C1,9
GCCCGCGCGTTTGACA-1_V12D07-075_C1,2
GCCCGTAATACCTTCT-1_V12D07-075_C1,5
GCCCTGAGGATGGGCT-1_V12D07-075_C1,1
GCCGAAATTCCTACGT-1_V12D07-075_C1,2
GCCGATTGGCCAAGCT-1_V12D07-075_C1,3
GCCGCACTCCGTTTCA-1_V12D07-075_C1,4
GCCGCATTAGTCCGGC-1_V12D07-075_C1,2
GCCGCTTGTGAGAAAC-1_V12D07-075_C1,2
GCCGGGTTAGGGTCGC-1_V12D07-075_C1,1
GCCGGTCGTATCTCTC-1_V12D07-075_C1,2
GCCGTGGAAGAAATGT-1_V12D07-075_C1,8
GCCTACGTTCTGTGCA-1_V12D07-075_C1,3
GCCTAGCGATCTGACC-1_V12D07-075_C1,1
GCCTATAGTGTCAGGG-1_V12D07-075_C1,9
GCCTATCAGGTAAGAT-1_V12D07-075_C1,5
GCCTATGCTGGGCCTT-1_V12D07-075_C1,4
GCCTATTCCGATATAG-1_V12D07-075_C1,2
GCCTATTTGCTACACA-1_V12D07-075_C1,6
GCCTCATCTGGAAATA-1_V12D07-075_C1,3
GCCTCCGACAATTCAC-1_V12D07-075_C1,3
GCCTCTATACATAGCA-1_V12D07-075_C1,1
GCCTGCTACACTGAGA-1_V12D07-075_C1,4
GCCTTCAGCCCTACCG-1_V12D07-075_C1,6
GCCTTGTATATGCAGT-1_V12D07-075_C1,7
GCGAAACGATCGGGAG-1_V12D07-075_C1,3
GCGAAACTTAACTGGA-1_V12D07-075_C1,3
GCGAAGAATCTGACGG-1_V12D07-075_C1,1
GCGAAGCCATACCCGT-1_V12D07-075_C1,1
GCGACATGTAAACATC-1_V12D07-075_C1,11
GCGACGATAGTTGTAC-1_V12D07-075_C1,2
GCGAGAAACGGGAGTT-1_V12D07-075_C1,1
GCGAGAGGCCATGTAA-1_V12D07-075_C1,4
GCGAGAGTTGCGTCCA-1_V12D07-075_C1,10
GCGAGCGCATGCTCCC-1_V12D07-075_C1,8
GCGAGGCCCGAGCAGA-1_V12D07-075_C1,1
GCGAGTTCTGCAAAGA-1_V12D07-075_C1,1
GCGATGTCTGTGCTTG-1_V12D07-075_C1,1
GCGATTCTGGAAGCAG-1_V12D07-075_C1,4
GCGATTGTTAACGTTA-1_V12D07-075_C1,5
GCGCAAGAGCGCGCTG-1_V12D07-075_C1,3
GCGCATCCAGTCAGCA-1_V12D07-075_C1,9
GCGCCGTTCCACGATA-1_V12D07-075_C1,11
GCGCCTCCCACTCCGA-1_V12D07-075_C1,9
GCGCGGTCTAGTAACT-1_V12D07-075_C1,2
GCGCGTCATTGGTACA-1_V12D07-075_C1,3
GCGCTAATTGAATAGA-1_V12D07-075_C1,3
GCGCTATGCCGAGGCA-1_V12D07-075_C1,1
GCGCTCGATCACCTGT-1_V12D07-075_C1,4
GCGCTGATCCAGACTC-1_V12D07-075_C1,8
GCGCTGCTTTGCATTT-1_V12D07-075_C1,5
GCGCTGGCGGAAAGTC-1_V12D07-075_C1,1
GCGCTTAAATAATTGG-1_V12D07-075_C1,12
GCGGACCGCGTTGTGG-1_V12D07-075_C1,9
GCGGAGAGGGAGAACG-1_V12D07-075_C1,3
GCGGCTCTGACGTACC-1_V12D07-075_C1,5
GCGGCTTTAGCAAGTT-1_V12D07-075_C1,3
GCGGGAACCAGGCCCT-1_V12D07-075_C1,6
GCGGGCATTACGATGC-1_V12D07-075_C1,4
GCGGGCGAGCCTTACC-1_V12D07-075_C1,5
GCGGTAACCCAAATGA-1_V12D07-075_C1,2
GCGGTCCCGGTGAAGG-1_V12D07-075_C1,4
GCGGTCCCTAGACGCA-1_V12D07-075_C1,6
GCGGTGAACTGCGCTC-1_V12D07-075_C1,8
GCGGTGCGGAGCATCG-1_V12D07-075_C1,1
GCGGTTCCCTATCATG-1_V12D07-075_C1,1
GCGTAAATGGCCATAA-1_V12D07-075_C1,5
GCGTCGAAATGTCGGT-1_V12D07-075_C1,6
GCGTCGCCAGGGTGAT-1_V12D07-075_C1,2
GCGTCTAACCTCCTAA-1_V12D07-075_C1,4
GCGTCTCTGCATTGGG-1_V12D07-075_C1,2
GCGTGGTACTGGGTTA-1_V12D07-075_C1,9
GCGTTATATTTGGAAC-1_V12D07-075_C1,1
GCGTTCGGAGACCGGG-1_V12D07-075_C1,11
GCGTTCTGACTAAGCG-1_V12D07-075_C1,5
GCTAAACCTGAGGTGA-1_V12D07-075_C1,1
GCTAACTGAAGTCTGA-1_V12D07-075_C1,3
GCTAAGTAAAGGCGAT-1_V12D07-075_C1,1
GCTAAGTAGTTTCTCT-1_V12D07-075_C1,3
GCTAATACCGAATGCC-1_V12D07-075_C1,1
GCTACAATCGAGGATA-1_V12D07-075_C1,1
GCTACAGTACGGACCG-1_V12D07-075_C1,9
GCTACGACTTATTGGG-1_V12D07-075_C1,2
GCTACTATAGTAGAGT-1_V12D07-075_C1,1
GCTAGACCGTCTACTG-1_V12D07-075_C1,3
GCTAGAGTAGAGATGT-1_V12D07-075_C1,3
GCTAGCACCTGGGCCA-1_V12D07-075_C1,4
GCTAGCAGGGAGTGGG-1_V12D07-075_C1,4
GCTAGCTTGAATAGCT-1_V12D07-075_C1,9
GCTAGGCACCACGGAG-1_V12D07-075_C1,2
GCTAGTAGAGCTTGTA-1_V12D07-075_C1,3
GCTAGTTTCATTGAGG-1_V12D07-075_C1,2
GCTATACGTCTCGGAC-1_V12D07-075_C1,1
GCTATCATACTCATGG-1_V12D07-075_C1,2
GCTATCGCGGCGCAAC-1_V12D07-075_C1,7
GCTCAACCTCTTAGAG-1_V12D07-075_C1,1
GCTCAATGTAATACCG-1_V12D07-075_C1,3
GCTCATTACTGCATGT-1_V12D07-075_C1,4
GCTCCATGAGTGCAGA-1_V12D07-075_C1,5
GCTCCATGCAAAGCAA-1_V12D07-075_C1,2
GCTCCCAGTCGGTCCA-1_V12D07-075_C1,9
GCTCCGCTCGCTTCAG-1_V12D07-075_C1,8
GCTCGCGGTTCCGCTC-1_V12D07-075_C1,7
GCTCGCTCATGTCCAA-1_V12D07-075_C1,3
GCTCGGAATTTAAAGC-1_V12D07-075_C1,8
GCTCTAAACCCTGACG-1_V12D07-075_C1,2
GCTCTATGTTACGTGC-1_V12D07-075_C1,2
GCTCTCGGGTACCGAA-1_V12D07-075_C1,1
GCTCTTTCCGCTAGTG-1_V12D07-075_C1,2
GCTGAACTCTCCAGGG-1_V12D07-075_C1,4
GCTGAGCAACGGTTCT-1_V12D07-075_C1,1
GCTGAGGCGTGAGTAT-1_V12D07-075_C1,1
GCTGCACGGTTTCTTA-1_V12D07-075_C1,2
GCTGCGCCTCCCACGT-1_V12D07-075_C1,1
GCTGCTAAGTAGTCGA-1_V12D07-075_C1,1
GCTGCTACTGCGTAGC-1_V12D07-075_C1,2
GCTGCTCTCCGGACAC-1_V12D07-075_C1,2
GCTGGACCCAAAGTGG-1_V12D07-075_C1,4
GCTGGCAGGTGCCGTG-1_V12D07-075_C1,1
GCTGGCATATTCACCT-1_V12D07-075_C1,2
GCTGGCGGCGCATGCT-1_V12D07-075_C1,2
GCTGGTGACTCGTAGT-1_V12D07-075_C1,11
GCTGTATTACTGGCCC-1_V12D07-075_C1,9
GCTGTTGCTACCGAAC-1_V12D07-075_C1,3
GCTTAATGTAACTAAC-1_V12D07-075_C1,4
GCTTACGTAGTTAGTA-1_V12D07-075_C1,4
GCTTATGAAGCAGGAA-1_V12D07-075_C1,3
GCTTCAGTGGGATTAC-1_V12D07-075_C1,4
GCTTCCAGCTTAGATT-1_V12D07-075_C1,1
GCTTCCGTCCCTAGAC-1_V12D07-075_C1,11
GCTTGATGATAATCAG-1_V12D07-075_C1,1
GCTTGCAGCACAATTG-1_V12D07-075_C1,4
GCTTGGATCGATTAGG-1_V12D07-075_C1,9
GCTTTACACAACTGGG-1_V12D07-075_C1,9
GCTTTCAGAGGAGGTG-1_V12D07-075_C1,9
GCTTTCTATCTCAACT-1_V12D07-075_C1,4
GGAAACCTTGTTGAAT-1_V12D07-075_C1,4
GGAAACTAAATGGGCC-1_V12D07-075_C1,1
GGAAAGTGCCCATGCC-1_V12D07-075_C1,8
GGAACCCGAACAAGAA-1_V12D07-075_C1,7
GGAACCGTGTAAATTG-1_V12D07-075_C1,5
GGAACGGCCTGCAGCC-1_V12D07-075_C1,1
GGAACTTTGGCGATTA-1_V12D07-075_C1,3
GGAAGCTCGCTTACAG-1_V12D07-075_C1,4
GGAATAACCTCAAGAA-1_V12D07-075_C1,6
GGAATGCGCTAGCGTG-1_V12D07-075_C1,5
GGACAACCATGAAGCC-1_V12D07-075_C1,3
GGACAAGTTGCAGTGA-1_V12D07-075_C1,1
GGACACAAGTTTACAC-1_V12D07-075_C1,5
GGACCAACAGGATAAC-1_V12D07-075_C1,2
GGACCTACGGTAACGT-1_V12D07-075_C1,4
GGACGGCTTGCGCAAC-1_V12D07-075_C1,4
GGACGGGCGACCAACC-1_V12D07-075_C1,3
GGACGTCCATAGTTGG-1_V12D07-075_C1,4
GGACTAAGTCAGGAGT-1_V12D07-075_C1,1
GGACTCACAAATTAGG-1_V12D07-075_C1,8
GGACTCGAAGCTTTCA-1_V12D07-075_C1,3
GGACTCTTCCGGTTGA-1_V12D07-075_C1,5
GGACTCTTTGACTAAG-1_V12D07-075_C1,5
GGAGAAGTCATTGGCA-1_V12D07-075_C1,2
GGAGACCAATGTGCTT-1_V12D07-075_C1,4
GGAGACGACACCTTTG-1_V12D07-075_C1,3
GGAGCAACATTTCAAG-1_V12D07-075_C1,3
GGAGCACCAAGAACTA-1_V12D07-075_C1,8
GGAGCGAGGCCTACTT-1_V12D07-075_C1,1
GGAGGATTGAAAGGAG-1_V12D07-075_C1,12
GGAGGCCGAAGTCGTC-1_V12D07-075_C1,8
GGAGGGCTTGGTTGGC-1_V12D07-075_C1,1
GGAGGGTCAAGTAAGA-1_V12D07-075_C1,3
GGAGTACACATGAGCT-1_V12D07-075_C1,1
GGAGTGCCGCCCTGGA-1_V12D07-075_C1,8
GGAGTTGATTCTGTGT-1_V12D07-075_C1,1
GGATACTCATGAATTG-1_V12D07-075_C1,12
GGATCAAAGGACGAGG-1_V12D07-075_C1,6
GGATCATCCCGTACGC-1_V12D07-075_C1,4
GGATCCCTACCAGCTA-1_V12D07-075_C1,2
GGATCCGGAATATACT-1_V12D07-075_C1,3
GGATGAAGATCGCTGA-1_V12D07-075_C1,3
GGATGACGCGAGTTTA-1_V12D07-075_C1,2
GGATGGCTTGAAGTAT-1_V12D07-075_C1,1
GGATGTCCTTACCGCA-1_V12D07-075_C1,5
GGATTAAGCTAAGGTC-1_V12D07-075_C1,11
GGATTCAGTACGGTGG-1_V12D07-075_C1,1
GGATTCCGCTATACCC-1_V12D07-075_C1,10
GGATTGCTGTGACTCC-1_V12D07-075_C1,2
GGATTTCACTTCTATA-1_V12D07-075_C1,5
GGCAAATTACTTTACT-1_V12D07-075_C1,12
GGCAAGCCAGGGATAG-1_V12D07-075_C1,4
GGCAAGCCCATAGTGG-1_V12D07-075_C1,3
GGCAAGGCGAAATAGC-1_V12D07-075_C1,2
GGCAATAGTCAATGAG-1_V12D07-075_C1,3
GGCACTCAGCCGACCC-1_V12D07-075_C1,2
GGCACTCCACTGGGCA-1_V12D07-075_C1,2
GGCACTGCGGTGGTTT-1_V12D07-075_C1,5
GGCAGAGAGATCGGGA-1_V12D07-075_C1,1
GGCAGCAAACCTATGC-1_V12D07-075_C1,3
GGCAGCGGTAATCCTA-1_V12D07-075_C1,4
GGCATACAGGTAGCGG-1_V12D07-075_C1,2
GGCATATCGGTTCTGC-1_V12D07-075_C1,8
GGCATCAACGAGCACG-1_V12D07-075_C1,6
GGCCACACGAAAGCCT-1_V12D07-075_C1,1
GGCCCAATCTAGAGGG-1_V12D07-075_C1,4
GGCCCAGCTGGTTTGC-1_V12D07-075_C1,3
GGCCCAGTTATCAGCA-1_V12D07-075_C1,4
GGCCCGGAGCATGTCT-1_V12D07-075_C1,4
GGCCCGTATACCATGC-1_V12D07-075_C1,4
GGCCCTCACCCACTTA-1_V12D07-075_C1,1
GGCCGCAGGAACCGCA-1_V12D07-075_C1,3
GGCCGGCGTCTGCTAT-1_V12D07-075_C1,3
GGCCGTTTGGGTTTCA-1_V12D07-075_C1,9
GGCCTGCTTCTCCCGA-1_V12D07-075_C1,3
GGCCTTTGCAACTGGC-1_V12D07-075_C1,1
GGCGAAATCTAACTTG-1_V12D07-075_C1,2
GGCGCAGGACATCTTC-1_V12D07-075_C1,1
GGCGCATGAATTGATG-1_V12D07-075_C1,1
GGCGCGTTCGAGTTTA-1_V12D07-075_C1,2
GGCGCTCCTCATCAAT-1_V12D07-075_C1,6
GGCGCTTCATTCCCTG-1_V12D07-075_C1,3
GGCGGAGTAATATTAG-1_V12D07-075_C1,2
GGCGGGCTCTAAGAGT-1_V12D07-075_C1,8
GGCGGTAGGATCATTG-1_V12D07-075_C1,1
GGCGGTTTGCCGGTGC-1_V12D07-075_C1,1
GGCGTAGGGAAAGCTG-1_V12D07-075_C1,1
GGCGTCCTATCCGCTG-1_V12D07-075_C1,1
GGCTAAAGGGCGGGTC-1_V12D07-075_C1,4
GGCTAATGATTGAAAT-1_V12D07-075_C1,4
GGCTATTAAGTTGTAT-1_V12D07-075_C1,12
GGCTCGCGTTGAGGTA-1_V12D07-075_C1,9
GGCTCGTGCCACCAGC-1_V12D07-075_C1,2
GGCTCTGCTCCAACGC-1_V12D07-075_C1,5
GGCTGAAATAGCAAAG-1_V12D07-075_C1,2
GGCTGAGCATCGTAAG-1_V12D07-075_C1,4
GGCTGGCAGCTTTATG-1_V12D07-075_C1,3
GGCTGGCTAGCTTAAA-1_V12D07-075_C1,6
GGCTTGGCTCTCACCT-1_V12D07-075_C1,1
GGCTTTCAATAAGGGT-1_V12D07-075_C1,1
GGGAAAGAATGCCAAC-1_V12D07-075_C1,5
GGGAACGGGAGGTTAG-1_V12D07-075_C1,2
GGGAAGACGGTCTGTC-1_V12D07-075_C1,1
GGGAATGAGCCCTCAC-1_V12D07-075_C1,4
GGGAATTCTGTCCAGT-1_V12D07-075_C1,1
GGGACCCGTATATCTT-1_V12D07-075_C1,1
GGGACTGCATAGATAG-1_V12D07-075_C1,1
GGGAGAACTCACAGTA-1_V12D07-075_C1,2
GGGAGCGACCGTAGTG-1_V12D07-075_C1,1
GGGAGGATGCCCGAAA-1_V12D07-075_C1,2
GGGAGTAATGGCTGGC-1_V12D07-075_C1,2
GGGAGTTAATGAGGCG-1_V12D07-075_C1,3
GGGATACGGTAATAAT-1_V12D07-075_C1,7
GGGATCCCAATACAAA-1_V12D07-075_C1,4
GGGATGGTCGTAACCG-1_V12D07-075_C1,5
GGGATTTACCGCACCT-1_V12D07-075_C1,3
GGGCACGAATTGGCCG-1_V12D07-075_C1,1
GGGCAGAGCAATCGTT-1_V12D07-075_C1,1
GGGCAGTCAACGCCAA-1_V12D07-075_C1,3
GGGCCCGTCTTAAACA-1_V12D07-075_C1,2
GGGCCCTACGAAAGGG-1_V12D07-075_C1,9
GGGCCCTTATCTATAC-1_V12D07-075_C1,1
GGGCCGGCCGAAGTAC-1_V12D07-075_C1,3
GGGCCTATTTAAGTAT-1_V12D07-075_C1,4
GGGCGAATTTCTCCAC-1_V12D07-075_C1,1
GGGCGATATGTGTGAA-1_V12D07-075_C1,1
GGGCGCAGCGTTACTC-1_V12D07-075_C1,4
GGGCGGCAAATGAATT-1_V12D07-075_C1,9
GGGCGGGTTCCCTACG-1_V12D07-075_C1,5
GGGCGGTCCTATTGTC-1_V12D07-075_C1,7
GGGCGTACATTTATAT-1_V12D07-075_C1,11
GGGCGTCACCACGTAA-1_V12D07-075_C1,3
GGGCGTCCACTGGCTC-1_V12D07-075_C1,10
GGGCGTGGTTTCCCAG-1_V12D07-075_C1,3
GGGCTATGATCGATGG-1_V12D07-075_C1,5
GGGCTCATCGAACCCA-1_V12D07-075_C1,8
GGGCTGCCTAGGGCGA-1_V12D07-075_C1,3
GGGCTGGTTAGTCGCG-1_V12D07-075_C1,2
GGGTAATGCTGTGTTT-1_V12D07-075_C1,2
GGGTACACTCTGGAGG-1_V12D07-075_C1,5
GGGTACCCACGGTCCT-1_V12D07-075_C1,7
GGGTACTTCATGAACT-1_V12D07-075_C1,1
GGGTATGTATGCACTT-1_V12D07-075_C1,2
GGGTCACCGTGACGGT-1_V12D07-075_C1,2
GGGTCAGGAGCTAGAT-1_V12D07-075_C1,2
GGGTCATGCGTACCAT-1_V12D07-075_C1,1
GGGTCGTGGCAAGTGT-1_V12D07-075_C1,8
GGGTCTATCGCTTTCC-1_V12D07-075_C1,3
GGGTGACACCTTAACT-1_V12D07-075_C1,1
GGGTGCATATGAAAGC-1_V12D07-075_C1,4
GGGTGGTCCAGCCTGT-1_V12D07-075_C1,2
GGGTGTTTCAGCTATG-1_V12D07-075_C1,10
GGGTTAACATTTGAGT-1_V12D07-075_C1,5
GGGTTCAGACGAACAA-1_V12D07-075_C1,7
GGGTTTAGGATAGGAT-1_V12D07-075_C1,5
GGTAAACTCTGCGCTG-1_V12D07-075_C1,3
GGTAAATGTGCGTTAC-1_V12D07-075_C1,11
GGTAACCGGCAAAGGT-1_V12D07-075_C1,3
GGTAACTATGTATCTG-1_V12D07-075_C1,11
GGTACAAACATGCTAT-1_V12D07-075_C1,2
GGTACACCAGATTTAT-1_V12D07-075_C1,2
GGTACATCTGGGACGA-1_V12D07-075_C1,5
GGTACCATTAAGACGG-1_V12D07-075_C1,5
GGTACGTTGCGGCCGG-1_V12D07-075_C1,3
GGTACTAAGTGCTTTG-1_V12D07-075_C1,10
GGTAGAAGACCGCCTG-1_V12D07-075_C1,1
GGTAGACCGTTGGGCG-1_V12D07-075_C1,5
GGTAGTGCTCGCACCA-1_V12D07-075_C1,1
GGTATAGTGACACATA-1_V12D07-075_C1,4
GGTATGAAAGAACTGA-1_V12D07-075_C1,1
GGTATTGCCGAGTTTA-1_V12D07-075_C1,1
GGTCAAGACTACTTCG-1_V12D07-075_C1,3
GGTCAGTGGGTCCCAC-1_V12D07-075_C1,2
GGTCATTGTAGTCATA-1_V12D07-075_C1,4
GGTCCTTCATACGACT-1_V12D07-075_C1,1
GGTCGGATAAACGGCG-1_V12D07-075_C1,3
GGTCGGCCAGGAGCTT-1_V12D07-075_C1,5
GGTCGGTAATTAGACA-1_V12D07-075_C1,6
GGTCGGTCGTCCACAG-1_V12D07-075_C1,5
GGTCTCCAAGTAGTGC-1_V12D07-075_C1,10
GGTCTCCGTCCAGGTT-1_V12D07-075_C1,3
GGTCTGAGAATCTGGA-1_V12D07-075_C1,5
GGTCTTGAGCGCTCTT-1_V12D07-075_C1,3
GGTCTTGGTGTTAACT-1_V12D07-075_C1,3
GGTGAAACCGGGAATG-1_V12D07-075_C1,11
GGTGAACGGGCTAGCC-1_V12D07-075_C1,6
GGTGAAGTACAGGGAT-1_V12D07-075_C1,9
GGTGACTGATAGAGAG-1_V12D07-075_C1,3
GGTGAGATGCAGATAA-1_V12D07-075_C1,2
GGTGATAAGGAGCAGT-1_V12D07-075_C1,1
GGTGATGAAGGAAGTG-1_V12D07-075_C1,1
GGTGATTTCATCTTGT-1_V12D07-075_C1,7
GGTGCAGAGCCTATCG-1_V12D07-075_C1,4
GGTGCATAAATGATTA-1_V12D07-075_C1,5
GGTGCGGATAAGTGGC-1_V12D07-075_C1,7
GGTGCTGATCACAAAG-1_V12D07-075_C1,2
GGTGCTGGTACACATT-1_V12D07-075_C1,1
GGTGGACCACGTGTTA-1_V12D07-075_C1,4
GGTGGACTGCTCTGGC-1_V12D07-075_C1,1
GGTGGAGGTTGATACG-1_V12D07-075_C1,8
GGTGTAAATCGATTGT-1_V12D07-075_C1,3
GGTGTAGGTAAGTAAA-1_V12D07-075_C1,1
GGTGTTGGGCGTCTTA-1_V12D07-075_C1,10
GGTTACCACCCTCGGG-1_V12D07-075_C1,9
GGTTACCCGACACTTT-1_V12D07-075_C1,4
GGTTAGCTATATGTCT-1_V12D07-075_C1,3
GGTTAGGCTTGGAGAA-1_V12D07-075_C1,2
GGTTAGTTACGGCGCC-1_V12D07-075_C1,11
GGTTCGGATTATACTA-1_V12D07-075_C1,1
GGTTCTACTCGTCTGA-1_V12D07-075_C1,9
GGTTGTGCTCTTGTCC-1_V12D07-075_C1,1
GGTTGTGTAGCCTGGC-1_V12D07-075_C1,1
GGTTTAATTGAGCAGG-1_V12D07-075_C1,4
GGTTTACAATCTCAAT-1_V12D07-075_C1,12
GGTTTAGCCTTTCTTG-1_V12D07-075_C1,3
GGTTTCAATCGGTCAG-1_V12D07-075_C1,9
GGTTTGACAAGAAGCT-1_V12D07-075_C1,4
GGTTTGAGTGCTGGAA-1_V12D07-075_C1,2
GGTTTGTGACCTGAGG-1_V12D07-075_C1,1
GTAACAACTGACCTTG-1_V12D07-075_C1,4
GTAACATCTAAGATAA-1_V12D07-075_C1,1
GTAACTGCCCAAGGAG-1_V12D07-075_C1,5
GTAACTTGCGGCAGTC-1_V12D07-075_C1,1
GTAAGCGGGCAGTCAG-1_V12D07-075_C1,2
GTAAGGATTTGTCGGA-1_V12D07-075_C1,6
GTAAGTAACAGTCTGG-1_V12D07-075_C1,3
GTAAGTAGGGTATACC-1_V12D07-075_C1,2
GTAAGTCCACACTCTA-1_V12D07-075_C1,11
GTAATAAAGGGCTCCC-1_V12D07-075_C1,8
GTAATCTGATTCTTCG-1_V12D07-075_C1,9
GTACACTTACCTGAAG-1_V12D07-075_C1,1
GTACAGAGGCAAGGGT-1_V12D07-075_C1,3
GTACGACGGCGCTGCG-1_V12D07-075_C1,2
GTACGAGATTGCGACA-1_V12D07-075_C1,10
GTACGCTTCATTGCAC-1_V12D07-075_C1,1
GTACGTCACGTATTAA-1_V12D07-075_C1,4
GTACGTTTGCCCGTCA-1_V12D07-075_C1,3
GTACTAAGATTTGGAG-1_V12D07-075_C1,2
GTACTCCCTTATCGCT-1_V12D07-075_C1,2
GTACTCCTGGGTATGC-1_V12D07-075_C1,11
GTACTGAGGTCGTAAC-1_V12D07-075_C1,6
GTACTGCATGAAGCGT-1_V12D07-075_C1,6
GTACTGGAGTTAGACC-1_V12D07-075_C1,3
GTACTTGGGCACTTCT-1_V12D07-075_C1,2
GTAGAAACGGGTGGAG-1_V12D07-075_C1,7
GTAGACAACCGATGAA-1_V12D07-075_C1,6
GTAGACACGCCTGACT-1_V12D07-075_C1,1
GTAGACGTCGTTACAT-1_V12D07-075_C1,6
GTAGCCAAACATGGGA-1_V12D07-075_C1,2
GTAGCGCTGTTGTAGT-1_V12D07-075_C1,6
GTAGCGGCTATACACT-1_V12D07-075_C1,2
GTAGCTTCCTCTTGTT-1_V12D07-075_C1,9
GTAGGTGATCCGTGTA-1_V12D07-075_C1,10
GTAGTCGCGGGAATCA-1_V12D07-075_C1,2
GTAGTCTACGATATTG-1_V12D07-075_C1,3
GTAGTGAGCAACCTCA-1_V12D07-075_C1,3
GTATAATCTCCCGGAT-1_V12D07-075_C1,3
GTATAGGACTCAGTAG-1_V12D07-075_C1,10
GTATCAAACGTTAGCT-1_V12D07-075_C1,1
GTATCAGCTTGGGTTC-1_V12D07-075_C1,7
GTATCCTTTGGTAACC-1_V12D07-075_C1,3
GTATCTTTCATAACCA-1_V12D07-075_C1,2
GTATGACGTGGGAAAC-1_V12D07-075_C1,6
GTATGTGGGTCTAGTT-1_V12D07-075_C1,3
GTATTAAGGCGTCTAA-1_V12D07-075_C1,7
GTATTAGGGTTCGCGT-1_V12D07-075_C1,4
GTATTCTGAGAAACGA-1_V12D07-075_C1,9
GTATTCTTACCGTGCT-1_V12D07-075_C1,7
GTATTTAATGGCATAA-1_V12D07-075_C1,8
GTCAAAGTTTACATAG-1_V12D07-075_C1,6
GTCAACCAGGCCTATA-1_V12D07-075_C1,1
GTCAAGCGGACTCGGG-1_V12D07-075_C1,1
GTCAATGCTATAATTT-1_V12D07-075_C1,4
GTCAATTGTACTGAAG-1_V12D07-075_C1,6
GTCACAAAGTTTCCAA-1_V12D07-075_C1,6
GTCACTCTCCAAATCT-1_V12D07-075_C1,2
GTCAGAATAGTCTATG-1_V12D07-075_C1,12
GTCAGACAGCGTTGGA-1_V12D07-075_C1,1
GTCAGTTGTGCTCGTT-1_V12D07-075_C1,6
GTCAGTTTGGTAGTCG-1_V12D07-075_C1,7
GTCATCTCCTACAGCT-1_V12D07-075_C1,1
GTCATGCACCTCCGTT-1_V12D07-075_C1,3
GTCATGCGCGAGGGCT-1_V12D07-075_C1,3
GTCATGGACATGACTA-1_V12D07-075_C1,2
GTCATTAGAGCGAACG-1_V12D07-075_C1,1
GTCATTGCATTGACCC-1_V12D07-075_C1,2
GTCCAATATTTAGCCT-1_V12D07-075_C1,2
GTCCACGTCGCATTCG-1_V12D07-075_C1,3
GTCCATTACTGCTACG-1_V12D07-075_C1,5
GTCCCAACGTAAAGTA-1_V12D07-075_C1,3
GTCCCGCGACGTTATG-1_V12D07-075_C1,2
GTCCGAGAGCAATCAT-1_V12D07-075_C1,1
GTCCGGACCTGAAATT-1_V12D07-075_C1,1
GTCCGGCTGAATTGCG-1_V12D07-075_C1,12
GTCCGGGTTCACATTA-1_V12D07-075_C1,3
GTCCTACAGGCGGCTC-1_V12D07-075_C1,7
GTCCTACGAATAGTCT-1_V12D07-075_C1,1
GTCCTATTGTTGTGGT-1_V12D07-075_C1,2
GTCCTTCTACAACCCA-1_V12D07-075_C1,7
GTCCTTCTAGTGGGTT-1_V12D07-075_C1,11
GTCCTTTAATGACTTC-1_V12D07-075_C1,4
GTCGATAGGTGACTTT-1_V12D07-075_C1,8
GTCGCCGTTGTGTGTT-1_V12D07-075_C1,5
GTCGCGTAACCCGTTG-1_V12D07-075_C1,1
GTCGGAAGGATACCAG-1_V12D07-075_C1,4
GTCGGATATCTCAGAC-1_V12D07-075_C1,1
GTCGGATGTAGCGCGC-1_V12D07-075_C1,10
GTCGGGAACATGGTAG-1_V12D07-075_C1,1
GTCGGGAAGCAGAAAC-1_V12D07-075_C1,2
GTCGTACCATCTCGGG-1_V12D07-075_C1,3
GTCGTACCTACGATTG-1_V12D07-075_C1,1
GTCGTATTGGCGTACA-1_V12D07-075_C1,11
GTCGTCAATTATAAGG-1_V12D07-075_C1,6
GTCGTCTGGTTGGCTA-1_V12D07-075_C1,4
GTCGTGTCTGGTCATC-1_V12D07-075_C1,11
GTCGTTATTCGCTTAT-1_V12D07-075_C1,3
GTCTACTCAATTACAA-1_V12D07-075_C1,1
GTCTAGTGAGCCGCTT-1_V12D07-075_C1,3
GTCTATCTGAGTTTCT-1_V12D07-075_C1,1
GTCTATTGCATGCTCG-1_V12D07-075_C1,3
GTCTATTGGTTCCGGT-1_V12D07-075_C1,1
GTCTCAAGGCCCGGCT-1_V12D07-075_C1,2
GTCTCCGCCTCAATAC-1_V12D07-075_C1,5
GTCTCGACTAAGTTTG-1_V12D07-075_C1,11
GTCTCGATCTGCTTTC-1_V12D07-075_C1,10
GTCTGGGCGGTCGAGA-1_V12D07-075_C1,5
GTCTTAGTACAGCCGG-1_V12D07-075_C1,4
GTCTTCCTCACCTAAG-1_V12D07-075_C1,1
GTCTTGAGGAGCAGTG-1_V12D07-075_C1,4
GTCTTGTAGCTATTCA-1_V12D07-075_C1,2
GTGAAACGGCGCCACC-1_V12D07-075_C1,8
GTGAAACGTGCTCCAC-1_V12D07-075_C1,6
GTGAACTCCCATTCGA-1_V12D07-075_C1,5
GTGAAGATTTCAAGTG-1_V12D07-075_C1,8
GTGAAGCCGTATAGTC-1_V12D07-075_C1,8
GTGACAGCTTCCCACT-1_V12D07-075_C1,1
GTGACCGCACACTACG-1_V12D07-075_C1,3
GTGACCTAAAGAATAA-1_V12D07-075_C1,4
GTGACGAGGGTGACCC-1_V12D07-075_C1,4
GTGACGCAGGTTTCAT-1_V12D07-075_C1,3
GTGACTTCAGTAGTGC-1_V12D07-075_C1,1
GTGAGCGTGCTGCACT-1_V12D07-075_C1,2
GTGAGGACACTTAAGG-1_V12D07-075_C1,2
GTGAGGAGCGGTTGAG-1_V12D07-075_C1,8
GTGAGTCGACTAATAG-1_V12D07-075_C1,5
GTGAGTCTAAGACGGA-1_V12D07-075_C1,7
GTGAGTGGTACAACGC-1_V12D07-075_C1,1
GTGATCACTAACGCCT-1_V12D07-075_C1,3
GTGATCATAGATCTGC-1_V12D07-075_C1,2
GTGATCCTTGTCATGA-1_V12D07-075_C1,3
GTGATGCACAACATCT-1_V12D07-075_C1,4
GTGATTCGCCGCTCAA-1_V12D07-075_C1,9
GTGCAACAAATGTGGC-1_V12D07-075_C1,6
GTGCACCAGCTTCAAC-1_V12D07-075_C1,2
GTGCACGAAAGTGACT-1_V12D07-075_C1,2
GTGCAGCGTAGAGTAG-1_V12D07-075_C1,8
GTGCCATCACACGGTG-1_V12D07-075_C1,5
GTGCCCGTTCGGATTC-1_V12D07-075_C1,1
GTGCCGCTTCAAAGGT-1_V12D07-075_C1,1
GTGCCTAGCTATGCTT-1_V12D07-075_C1,3
GTGCCTCAGTGTACGG-1_V12D07-075_C1,4
GTGCCTGAGACCAAAC-1_V12D07-075_C1,3
GTGCGAAATCGAACAC-1_V12D07-075_C1,5
GTGCGACAGGGAGTGT-1_V12D07-075_C1,5
GTGCGGGACCATCGGC-1_V12D07-075_C1,12
GTGCGGGTCTCCAAAT-1_V12D07-075_C1,10
GTGCGTGTATATGAGC-1_V12D07-075_C1,8
GTGCTCAAGTACTGTC-1_V12D07-075_C1,2
GTGCTGCAGATAAGGA-1_V12D07-075_C1,1
GTGCTTACATCAGCGC-1_V12D07-075_C1,4
GTGGAACCTACATGCG-1_V12D07-075_C1,10
GTGGACCAACCCGATT-1_V12D07-075_C1,9
GTGGACGCATTTGTCC-1_V12D07-075_C1,2
GTGGACGTGCTGAGAC-1_V12D07-075_C1,2
GTGGAGCATGTCGGCC-1_V12D07-075_C1,10
GTGGAGTCGGCGGTTG-1_V12D07-075_C1,9
GTGGCCTAATATCATT-1_V12D07-075_C1,1
GTGGCTGTTTCTGTTC-1_V12D07-075_C1,3
GTGGGCTTAGACACAC-1_V12D07-075_C1,7
GTGGTATAGTCTGCCG-1_V12D07-075_C1,9
GTGGTCAGCGAAGTAT-1_V12D07-075_C1,4
GTGGTGATGGTTTGTG-1_V12D07-075_C1,8
GTGGTGGCCAAGTGAA-1_V12D07-075_C1,1
GTGGTTACTTCTTTCG-1_V12D07-075_C1,4
GTGGTTTCCGCCTTTC-1_V12D07-075_C1,9
GTGTACCTTGGCTACG-1_V12D07-075_C1,5
GTGTACGAACCGTTCC-1_V12D07-075_C1,4
GTGTATATCAGCGGGC-1_V12D07-075_C1,1
GTGTATGACTTTAAAG-1_V12D07-075_C1,1
GTGTCGTATAGCGTTC-1_V12D07-075_C1,2
GTGTCGTATTCACCTT-1_V12D07-075_C1,4
GTGTGAATAACTTAGG-1_V12D07-075_C1,5
GTGTGTCGACGTCGCT-1_V12D07-075_C1,1
GTGTTACTATGCGTCC-1_V12D07-075_C1,2
GTTAAAGTAGGACTGG-1_V12D07-075_C1,2
GTTAACATCACTTAAA-1_V12D07-075_C1,1
GTTAACTATGTTGTCA-1_V12D07-075_C1,11
GTTAAGGGTGCGATGT-1_V12D07-075_C1,1
GTTAAGTTAGAGTGGG-1_V12D07-075_C1,4
GTTAATGTCTATCTTA-1_V12D07-075_C1,3
GTTACAATTGGTGACG-1_V12D07-075_C1,3
GTTACCAAGGCGTACG-1_V12D07-075_C1,5
GTTACCTACAACTTGC-1_V12D07-075_C1,2
GTTACTTTGGGCCTAG-1_V12D07-075_C1,1
GTTAGAGTGTGCCGCT-1_V12D07-075_C1,2
GTTAGCCCATGACATC-1_V12D07-075_C1,3
GTTAGCCGTAAATCAA-1_V12D07-075_C1,4
GTTATAATACGGTGAA-1_V12D07-075_C1,3
GTTATATCAGGAGCCA-1_V12D07-075_C1,4
GTTATATTATCTCCCT-1_V12D07-075_C1,2
GTTATCAAGCTATCGA-1_V12D07-075_C1,3
GTTATCACCTTCTGAA-1_V12D07-075_C1,6
GTTATTAACGTGGGAG-1_V12D07-075_C1,2
GTTCAAATCAGATGTC-1_V12D07-075_C1,1
GTTCACAGGAGTCTAG-1_V12D07-075_C1,2
GTTCAGTCGCCAAATG-1_V12D07-075_C1,1
GTTCATCGTTTGGCTG-1_V12D07-075_C1,8
GTTCCAGTCTGACCAT-1_V12D07-075_C1,11
GTTCCCGTAAACATAT-1_V12D07-075_C1,3
GTTCGCCATAAGTGCC-1_V12D07-075_C1,2
GTTCGCTGAGACGTCT-1_V12D07-075_C1,3
GTTCGGAGCACTCAAC-1_V12D07-075_C1,3
GTTCGGATCGGGAACA-1_V12D07-075_C1,5
GTTCGGGCGTACCATT-1_V12D07-075_C1,10
GTTCGTCTAAAGAACT-1_V12D07-075_C1,3
GTTCGTCTGGGTCCCT-1_V12D07-075_C1,4
GTTCTTCCCTCGATGT-1_V12D07-075_C1,2
GTTGAACCGGTTCCAT-1_V12D07-075_C1,1
GTTGAGTCCCGCCGGT-1_V12D07-075_C1,1
GTTGCACGGAGTTTCG-1_V12D07-075_C1,2
GTTGCAGTCGACAACA-1_V12D07-075_C1,3
GTTGCGCTAACATTAC-1_V12D07-075_C1,4
GTTGCGGACGGTCAGG-1_V12D07-075_C1,8
GTTGGACCGCATCAGG-1_V12D07-075_C1,4
GTTGGATTCAGTGGCT-1_V12D07-075_C1,4
GTTGGATTGAGAACAC-1_V12D07-075_C1,5
GTTGGATTTGCGTTGG-1_V12D07-075_C1,1
GTTGGTCATGCTATCC-1_V12D07-075_C1,1
GTTGTAGATTTATGAG-1_V12D07-075_C1,3
GTTGTCGTGTTAGTTG-1_V12D07-075_C1,10
GTTGTTACATTGCGCT-1_V12D07-075_C1,4
GTTGTTGCAAGATGGC-1_V12D07-075_C1,3
GTTTACGTTCCATCTG-1_V12D07-075_C1,2
GTTTATGGGATTTAGA-1_V12D07-075_C1,1
GTTTCAAACGAGTTGT-1_V12D07-075_C1,1
GTTTCATATCGTCGCT-1_V12D07-075_C1,9
GTTTCCTGGAGGGTGA-1_V12D07-075_C1,2
GTTTCTAGAGGCGCGG-1_V12D07-075_C1,3
GTTTCTGCAGTCTCCC-1_V12D07-075_C1,2
GTTTGACCAAATCCTA-1_V12D07-075_C1,1
GTTTGGCCCAAGTTAT-1_V12D07-075_C1,1
GTTTGGCCGCTCAGCG-1_V12D07-075_C1,2
GTTTGGGCTTGTGAGC-1_V12D07-075_C1,2
GTTTGGGTTTCGCCCG-1_V12D07-075_C1,3
GTTTGGTAGGGTCAAC-1_V12D07-075_C1,1
TAAACGTCGTCAATGA-1_V12D07-075_C1,1
TAAAGACAACCCTTTA-1_V12D07-075_C1,4
TAAAGAGCCCGAAACC-1_V12D07-075_C1,6
TAAAGCGGTATTTCCA-1_V12D07-075_C1,2
TAAAGCGTTAGGAGAA-1_V12D07-075_C1,5
TAAAGCTGCAATAGGG-1_V12D07-075_C1,1
TAAATCTTTACACCTC-1_V12D07-075_C1,8
TAAATGAATCCGTTTC-1_V12D07-075_C1,2
TAAATGCCGTCTCATG-1_V12D07-075_C1,4
TAAATGGGCTACTGAG-1_V12D07-075_C1,3
TAACAAAGGGAGAAGC-1_V12D07-075_C1,2
TAACAATATTTGTTGC-1_V12D07-075_C1,2
TAACATACAATGTGGG-1_V12D07-075_C1,2
TAACCGCCCGCAGTGC-1_V12D07-075_C1,6
TAACCTACCGTCCGAG-1_V12D07-075_C1,8
TAACCTAGGGAGTCCA-1_V12D07-075_C1,1
TAACGCTTTGAGAGCG-1_V12D07-075_C1,2
TAACTATCGAAGGTCC-1_V12D07-075_C1,7
TAACTATTACGCCAAA-1_V12D07-075_C1,10
TAACTCATCCGCGCGG-1_V12D07-075_C1,1
TAACTCCATGGAGGCT-1_V12D07-075_C1,1
TAAGCAGGCGACACGC-1_V12D07-075_C1,3
TAAGCCCTTACGACCA-1_V12D07-075_C1,4
TAAGGAACTTGTGGGA-1_V12D07-075_C1,2
TAAGGCAACATAAGAT-1_V12D07-075_C1,2
TAAGGCATAACATCAA-1_V12D07-075_C1,5
TAAGGCCCGTCACCCT-1_V12D07-075_C1,1
TAAGGCTGAATCCCTC-1_V12D07-075_C1,3
TAAGGGCCTGTCCGAT-1_V12D07-075_C1,1
TAAGGGCTGGGAGAGG-1_V12D07-075_C1,5
TAAGTAAATGTGCCGC-1_V12D07-075_C1,7
TAAGTAACATCTTGAC-1_V12D07-075_C1,5
TAAGTCGGTGAGCTAG-1_V12D07-075_C1,3
TAAGTTGCGACGTAGG-1_V12D07-075_C1,1
TAATAAACAAGGAGAT-1_V12D07-075_C1,4
TAATACACAGTAGTAT-1_V12D07-075_C1,6
TAATACTAGAACAGAC-1_V12D07-075_C1,3
TAATAGAACAGAGTTA-1_V12D07-075_C1,9
TAATAGCTAAATGATG-1_V12D07-075_C1,4
TAATAGTGACGACCAG-1_V12D07-075_C1,5
TAATATTGAAATTCGC-1_V12D07-075_C1,6
TAATCAACCAAATGGG-1_V12D07-075_C1,8
TAATCGATCCGTACGT-1_V12D07-075_C1,5
TAATGAAAGACCCTTG-1_V12D07-075_C1,1
TAATTACGTCAGTAGA-1_V12D07-075_C1,3
TAATTAGATGGATATG-1_V12D07-075_C1,6
TAATTAGGACATCCGT-1_V12D07-075_C1,9
TAATTCCAATGCTTCA-1_V12D07-075_C1,3
TAATTGGAATCGGGAA-1_V12D07-075_C1,11
TAATTTCCGTCCAGTA-1_V12D07-075_C1,9
TACAACGCACAACTCA-1_V12D07-075_C1,2
TACAAGGGCTTCTTTA-1_V12D07-075_C1,3
TACAAGTCTCGTGCAT-1_V12D07-075_C1,2
TACACCGTCGTTAGTC-1_V12D07-075_C1,11
TACACCTCTTCGAATC-1_V12D07-075_C1,5
TACAGAAACGGTGGGC-1_V12D07-075_C1,1
TACATAGGCATACACC-1_V12D07-075_C1,3
TACATCTTGTTTCTTG-1_V12D07-075_C1,1
TACATGACCTTATCCG-1_V12D07-075_C1,7
TACATGCCGGAATTGT-1_V12D07-075_C1,8
TACATTTCTAACGTGC-1_V12D07-075_C1,3
TACCAAATAGCCCAGA-1_V12D07-075_C1,3
TACCAATAAAGTACCA-1_V12D07-075_C1,1
TACCAGAAGTAGGTTC-1_V12D07-075_C1,2
TACCAGCTAGGTTTAA-1_V12D07-075_C1,6
TACCATGTATTGATTT-1_V12D07-075_C1,8
TACCCTCGGTAACCCT-1_V12D07-075_C1,3
TACCGAATAATTGTAA-1_V12D07-075_C1,1
TACCGCGGACTTGCAG-1_V12D07-075_C1,9
TACCGGCTCACTGCCC-1_V12D07-075_C1,2
TACCGGTCGTTTCCAT-1_V12D07-075_C1,9
TACCGTAGGTTAACTA-1_V12D07-075_C1,2
TACCGTGCCTCGGACC-1_V12D07-075_C1,2
TACCTACTCCCAGTAT-1_V12D07-075_C1,3
TACCTATCCCTAGAGG-1_V12D07-075_C1,5
TACCTCACGCTTGTAC-1_V12D07-075_C1,2
TACCTCAGTTGTCTGT-1_V12D07-075_C1,1
TACCTCTTTACCATCC-1_V12D07-075_C1,5
TACCTGCTGCACTGTG-1_V12D07-075_C1,7
TACGAACACGACTTCA-1_V12D07-075_C1,7
TACGACGCTTGCTGCG-1_V12D07-075_C1,2
TACGACTGCCTCTTAG-1_V12D07-075_C1,3
TACGAGAACTTCACGT-1_V12D07-075_C1,2
TACGATGTTGATCATC-1_V12D07-075_C1,1
TACGCAGTTCTTTCCT-1_V12D07-075_C1,3
TACGCCATATTCTAAT-1_V12D07-075_C1,1
TACGCCGCCTCAGAAG-1_V12D07-075_C1,8
TACGCCTCCATTCCGA-1_V12D07-075_C1,2
TACGCTATAGAAACCT-1_V12D07-075_C1,8
TACGCTCGGTATTGGA-1_V12D07-075_C1,1
TACGGAAGCCAAACCA-1_V12D07-075_C1,3
TACGGCATGGACGCTA-1_V12D07-075_C1,3
TACGGGATGCTAGCAG-1_V12D07-075_C1,8
TACGTAAAGCGGAGTG-1_V12D07-075_C1,3
TACGTGCAAGGTTCCT-1_V12D07-075_C1,4
TACGTGCACTATGCTG-1_V12D07-075_C1,7
TACGTGGGCCCAGGGC-1_V12D07-075_C1,3
TACGTTTACCGGCAAT-1_V12D07-075_C1,5
TACTACGTGCAATGCG-1_V12D07-075_C1,5
TACTATGGTTCCTCAG-1_V12D07-075_C1,9
TACTCGGCACGCCGGG-1_V12D07-075_C1,1
TACTCTCCGAACAAAT-1_V12D07-075_C1,10
TACTCTTACTTTACTG-1_V12D07-075_C1,5
TACTCTTTCGTCTTCA-1_V12D07-075_C1,9
TACTGAACAGATTTAG-1_V12D07-075_C1,9
TACTGCAATCAATTAC-1_V12D07-075_C1,10
TACTGGACAGCTCGGC-1_V12D07-075_C1,7
TACTGTTTCTCTGGTA-1_V12D07-075_C1,8
TACTTAAACATGTACA-1_V12D07-075_C1,1
TACTTGTTAGTAGTCC-1_V12D07-075_C1,9
TACTTTACTGAGCCGG-1_V12D07-075_C1,9
TAGAAACACAATAGTG-1_V12D07-075_C1,1
TAGAAACCACTAAGTA-1_V12D07-075_C1,11
TAGAAAGGTGGCGCTA-1_V12D07-075_C1,3
TAGAAATTCACGTATA-1_V12D07-075_C1,1
TAGAAGAAGGGTTACA-1_V12D07-075_C1,3
TAGAATAGCCGATGAA-1_V12D07-075_C1,3
TAGAATTAAGGGCAAC-1_V12D07-075_C1,7
TAGACGAAACGCCAAT-1_V12D07-075_C1,1
TAGACGCCCGTACCGG-1_V12D07-075_C1,9
TAGACTACCTAGCGTT-1_V12D07-075_C1,5
TAGAGCTACGAAGAAC-1_V12D07-075_C1,6
TAGAGGTTCTACTTGT-1_V12D07-075_C1,3
TAGAGTCTAAGCGAAC-1_V12D07-075_C1,7
TAGATATGGACTGGAA-1_V12D07-075_C1,5
TAGATCCGAAGTCGCA-1_V12D07-075_C1,7
TAGATGGTTCCTTACT-1_V12D07-075_C1,3
TAGATTCCTGGTTATT-1_V12D07-075_C1,1
TAGCAACCTGTCACAA-1_V12D07-075_C1,7
TAGCAGTATGACTAAA-1_V12D07-075_C1,3
TAGCCAGAGGGTCCGG-1_V12D07-075_C1,3
TAGCCATTTCAAAGTC-1_V12D07-075_C1,1
TAGCCGGCGGTCAGCG-1_V12D07-075_C1,3
TAGCGTCCCTCGATTG-1_V12D07-075_C1,9
TAGCGTCCGGTGTGGT-1_V12D07-075_C1,2
TAGCGTCGAATATTGA-1_V12D07-075_C1,3
TAGCGTTGGGTCTTAC-1_V12D07-075_C1,2
TAGCTAAGTCCGGGAG-1_V12D07-075_C1,2
TAGCTAGAAGGCATGA-1_V12D07-075_C1,5
TAGCTAGTGATGATGG-1_V12D07-075_C1,5
TAGCTCAGATCCTAGT-1_V12D07-075_C1,4
TAGCTCGCCTGATAAC-1_V12D07-075_C1,1
TAGGAACAGCCTCCAG-1_V12D07-075_C1,4
TAGGCATGTTACGCCA-1_V12D07-075_C1,8
TAGGCCTATATAGTCT-1_V12D07-075_C1,3
TAGGCTAAAGTGGCAC-1_V12D07-075_C1,3
TAGGGAGCTTGGGATG-1_V12D07-075_C1,5
TAGGGTGTTTCAAGAG-1_V12D07-075_C1,10
TAGGTCCAAGTAAGGA-1_V12D07-075_C1,2
TAGGTCGCCGGAACTG-1_V12D07-075_C1,9
TAGGTGACGATAACCT-1_V12D07-075_C1,3
TAGGTGAGCCCTACTC-1_V12D07-075_C1,1
TAGGTGCTCGCCTAGC-1_V12D07-075_C1,3
TAGGTGTTCCACAGAT-1_V12D07-075_C1,1
TAGGTTCGAGTTCGTC-1_V12D07-075_C1,1
TAGTACCTTAGTGGTC-1_V12D07-075_C1,7
TAGTAGCTTATACCAG-1_V12D07-075_C1,9
TAGTCCCGGAGACCAC-1_V12D07-075_C1,3
TAGTCCGCAGAGAATG-1_V12D07-075_C1,1
TAGTCCGTATGCATAA-1_V12D07-075_C1,1
TAGTCGATCACGGGTT-1_V12D07-075_C1,3
TAGTCGGGATTCTTCG-1_V12D07-075_C1,3
TAGTCTAACAACGAGA-1_V12D07-075_C1,5
TAGTCTGTGACGTTGC-1_V12D07-075_C1,4
TAGTCTTTCCGAATTG-1_V12D07-075_C1,8
TAGTGCCCTCCAGAGT-1_V12D07-075_C1,1
TAGTGCTTGAATCCTT-1_V12D07-075_C1,1
TAGTGTCAGAAACGGC-1_V12D07-075_C1,7
TAGTTAAGATAGGATA-1_V12D07-075_C1,8
TAGTTTATTCTTGCTT-1_V12D07-075_C1,6
TATAAATCCACAAGCT-1_V12D07-075_C1,12
TATAAGTGAGGATAGC-1_V12D07-075_C1,7
TATACACAGACGCCTT-1_V12D07-075_C1,2
TATACACGCAAAGTAT-1_V12D07-075_C1,2
TATACCGAGTGCCACA-1_V12D07-075_C1,8
TATACGCGTCATCACT-1_V12D07-075_C1,2
TATACTCATGCGGCAA-1_V12D07-075_C1,2
TATAGAGTCGCTTGAA-1_V12D07-075_C1,1
TATAGATGGTCGCAGT-1_V12D07-075_C1,3
TATAGGGTACTCATGA-1_V12D07-075_C1,1
TATATCATTGATCAGT-1_V12D07-075_C1,1
TATATCCCTGGGAGGA-1_V12D07-075_C1,5
TATATGCTGGGTTGCC-1_V12D07-075_C1,7
TATATTACAAATGTCG-1_V12D07-075_C1,4
TATATTCGCGTCGATA-1_V12D07-075_C1,6
TATCAAAGGTCTGTAA-1_V12D07-075_C1,1
TATCACCATGTAAAGT-1_V12D07-075_C1,4
TATCACCCAACCGACC-1_V12D07-075_C1,8
TATCACTTCGAGTAAC-1_V12D07-075_C1,4
TATCCAATTGGTTATC-1_V12D07-075_C1,2
TATCCATATCATGCGA-1_V12D07-075_C1,6
TATCCGCACCGTCGGG-1_V12D07-075_C1,1
TATCCTATCAACTGGT-1_V12D07-075_C1,1
TATCCTGCATGGGAAT-1_V12D07-075_C1,7
TATCGATCTATGCATA-1_V12D07-075_C1,10
TATCGATGATTAAACG-1_V12D07-075_C1,2
TATCTACAGAGGTAAT-1_V12D07-075_C1,2
TATCTACCACAGCGGG-1_V12D07-075_C1,3
TATCTAGCCTAAAGGA-1_V12D07-075_C1,1
TATGAAGAATTAAGGT-1_V12D07-075_C1,3
TATGAAGACAGGTGCG-1_V12D07-075_C1,7
TATGATAAATCTAACG-1_V12D07-075_C1,2
TATGATCCGGCACGCC-1_V12D07-075_C1,2
TATGATCTTCTCTTTA-1_V12D07-075_C1,2
TATGATTCTGCTTGGT-1_V12D07-075_C1,6
TATGCTCCCTACTTAC-1_V12D07-075_C1,7
TATGGAGTTTCTCGTT-1_V12D07-075_C1,6
TATGGATGTGCTACGC-1_V12D07-075_C1,1
TATGGCCCGGCCTCGC-1_V12D07-075_C1,7
TATGGCTAGGCTAATT-1_V12D07-075_C1,4
TATGGGACCGAGCAGG-1_V12D07-075_C1,1
TATGGGTACGTATCGT-1_V12D07-075_C1,2
TATGGTCTGAGTAACA-1_V12D07-075_C1,1
TATGGTTAGTGGGAGA-1_V12D07-075_C1,5
TATGTCAAGACCGACT-1_V12D07-075_C1,4
TATGTCTCATTGTGCC-1_V12D07-075_C1,5
TATTAACCTGACCGCG-1_V12D07-075_C1,9
TATTACCATCCTGCTT-1_V12D07-075_C1,1
TATTCAATTCTAATCC-1_V12D07-075_C1,1
TATTCCACTCAGCTCG-1_V12D07-075_C1,3
TATTCCGAGCTGTTAT-1_V12D07-075_C1,2
TATTCCGGCAGTCCTA-1_V12D07-075_C1,6
TATTCCTCCGCCCACT-1_V12D07-075_C1,9
TATTCGTGCCAGAATA-1_V12D07-075_C1,1
TATTGACATTTCTGCC-1_V12D07-075_C1,4
TATTGCCGGGCTTGTA-1_V12D07-075_C1,3
TATTTAGTCTAGATCG-1_V12D07-075_C1,10
TATTTATACCGAGTAG-1_V12D07-075_C1,8
TATTTGATTTGCACAG-1_V12D07-075_C1,7
TATTTGTTACCCTTTA-1_V12D07-075_C1,2
TCAAACAACCGCGTCG-1_V12D07-075_C1,2
TCAAACTTAGATTGTT-1_V12D07-075_C1,1
TCAAATTGTTGTGCCG-1_V12D07-075_C1,3
TCAAATTTGAGACTCA-1_V12D07-075_C1,2
TCAACACATTGGGTAA-1_V12D07-075_C1,6
TCAACATAGCGCCCTA-1_V12D07-075_C1,9
TCAACCATGTTCGGGC-1_V12D07-075_C1,8
TCAACGAGGAGACAAA-1_V12D07-075_C1,3
TCAACGCGACCGGCAG-1_V12D07-075_C1,5
TCAACTAACGTATAAC-1_V12D07-075_C1,2
TCAACTGCAGAGTCAG-1_V12D07-075_C1,3
TCAAGAAATACTAGCT-1_V12D07-075_C1,8
TCAAGCGCGGACGGTA-1_V12D07-075_C1,3
TCAAGGTTACTACACC-1_V12D07-075_C1,3
TCAATACAATTGCTGC-1_V12D07-075_C1,1
TCAATACGCCGTCATG-1_V12D07-075_C1,2
TCAATATACAGGAGGC-1_V12D07-075_C1,5
TCAATCCCGCGCCAAA-1_V12D07-075_C1,3
TCACAAACCGAGGTAC-1_V12D07-075_C1,1
TCACAGATCCTCAAAC-1_V12D07-075_C1,2
TCACAGCAAACTCGAA-1_V12D07-075_C1,5
TCACAGGAGAATAAGA-1_V12D07-075_C1,5
TCACAGGGAATCGCAA-1_V12D07-075_C1,1
TCACAGGTTATTGGGC-1_V12D07-075_C1,2
TCACATCTTATCTGAT-1_V12D07-075_C1,7
TCACCCTCTTAAGATT-1_V12D07-075_C1,1
TCACCGCTCGGCACTC-1_V12D07-075_C1,9
TCACGCATTGTAGATC-1_V12D07-075_C1,1
TCACGGTCATCGCACA-1_V12D07-075_C1,2
TCACGTGCCCGATTCA-1_V12D07-075_C1,3
TCACTACGACCAATGC-1_V12D07-075_C1,4
TCACTATCCCTTCGGT-1_V12D07-075_C1,5
TCACTCGTGCAACGGC-1_V12D07-075_C1,8
TCACTCTTCGTCTGTC-1_V12D07-075_C1,2
TCAGAACCTCCACAGG-1_V12D07-075_C1,8
TCAGACGCTATAGAAG-1_V12D07-075_C1,2
TCAGAGTGTGAGCATG-1_V12D07-075_C1,3
TCAGCAAATGCATCTC-1_V12D07-075_C1,3
TCAGCCAATCCGTAAA-1_V12D07-075_C1,1
TCAGGGCGACTTCCTT-1_V12D07-075_C1,7
TCAGGGCGCAAACTCG-1_V12D07-075_C1,2
TCAGGGTGCACGAAAC-1_V12D07-075_C1,4
TCAGGGTGTAACGTAA-1_V12D07-075_C1,3
TCAGGTTCTTTGAGAA-1_V12D07-075_C1,2
TCAGTACTGACCCGCG-1_V12D07-075_C1,1
TCAGTAGGGACTATAA-1_V12D07-075_C1,5
TCATAAGTCCAAGAAG-1_V12D07-075_C1,3
TCATACTTACAGATCC-1_V12D07-075_C1,7
TCATATGAGCTTTGTT-1_V12D07-075_C1,1
TCATCACTCGAGCTCG-1_V12D07-075_C1,2
TCATCCCAGAGGGTGG-1_V12D07-075_C1,6
TCATCCTCAGCTGCTT-1_V12D07-075_C1,1
TCATCGACGACCGTCG-1_V12D07-075_C1,3
TCATGCAGGTTCTCAT-1_V12D07-075_C1,8
TCATTCGTATAATTTG-1_V12D07-075_C1,4
TCATTTAAGTCTCCGA-1_V12D07-075_C1,5
TCATTTAGAAGTGTGA-1_V12D07-075_C1,3
TCCAACTCAGCTATCT-1_V12D07-075_C1,12
TCCAACTTTAAATTCT-1_V12D07-075_C1,3
TCCAAGCCTAGACACA-1_V12D07-075_C1,1
TCCAATAAAGGCTACC-1_V12D07-075_C1,2
TCCACAATGGTTTACG-1_V12D07-075_C1,7
TCCACATCGTATATTG-1_V12D07-075_C1,1
TCCACCAAGACATAGG-1_V12D07-075_C1,3
TCCACCTCTAGCCTTT-1_V12D07-075_C1,1
TCCACTTTATCTAGGT-1_V12D07-075_C1,1
TCCAGAGCACCGGTTC-1_V12D07-075_C1,2
TCCAGATGTACGCCAA-1_V12D07-075_C1,4
TCCAGCGCTATAAGCG-1_V12D07-075_C1,5
TCCAGGCGAGTACGGT-1_V12D07-075_C1,1
TCCAGGGTATATACGA-1_V12D07-075_C1,1
TCCATTAGTTGGATAG-1_V12D07-075_C1,7
TCCATTGTGACCTCGT-1_V12D07-075_C1,7
TCCCAAACAGACAACG-1_V12D07-075_C1,4
TCCCAAAGACGAAGGA-1_V12D07-075_C1,2
TCCCAAAGCCCTAAAT-1_V12D07-075_C1,4
TCCCACTCTCTTCCGG-1_V12D07-075_C1,10
TCCCAGCACACGACAT-1_V12D07-075_C1,5
TCCCAGCTTTAGTCTG-1_V12D07-075_C1,2
TCCCAGGCTTAGCTAA-1_V12D07-075_C1,2
TCCCGCCTATGTGCGT-1_V12D07-075_C1,4
TCCCGCGTACTCCTGG-1_V12D07-075_C1,1
TCCCGGGTGTGCTGCT-1_V12D07-075_C1,1
TCCCGGTCAGGAATTT-1_V12D07-075_C1,6
TCCCGTCAGTCCCGCA-1_V12D07-075_C1,11
TCCCGTCGCGTCATAG-1_V12D07-075_C1,4
TCCCGTGTGCAATTTG-1_V12D07-075_C1,1
TCCCTAGATCAATAGG-1_V12D07-075_C1,4
TCCCTCTTCTCAAGGG-1_V12D07-075_C1,3
TCCCTGGCTCGCTGGA-1_V12D07-075_C1,2
TCCCTTAGATTACTCG-1_V12D07-075_C1,10
TCCCTTGTCTGAAACT-1_V12D07-075_C1,3
TCCGAACGTTGCCGCT-1_V12D07-075_C1,8
TCCGAACTTGGCTTAC-1_V12D07-075_C1,7
TCCGAAGTAGTCACCA-1_V12D07-075_C1,4
TCCGAATGGTCCTGAG-1_V12D07-075_C1,11
TCCGAGAAGGCTAAGC-1_V12D07-075_C1,12
TCCGATAATTGCCATA-1_V12D07-075_C1,2
TCCGATGACTGAGCTC-1_V12D07-075_C1,8
TCCGATGGTGCGACAT-1_V12D07-075_C1,2
TCCGATTACATTGCCG-1_V12D07-075_C1,2
TCCGCAGCCACCTAGC-1_V12D07-075_C1,3
TCCGCCTGTCTACAAG-1_V12D07-075_C1,1
TCCGCGGCAGCATCTG-1_V12D07-075_C1,3
TCCGCGGCCCAATGAA-1_V12D07-075_C1,3
TCCGCTGTCATCCCGG-1_V12D07-075_C1,3
TCCGCTTATCCCATTA-1_V12D07-075_C1,1
TCCGGAGGAAGGGCTG-1_V12D07-075_C1,4
TCCGGCCTAGCGTACA-1_V12D07-075_C1,5
TCCGGCTGTCGGGTCG-1_V12D07-075_C1,5
TCCGGGCTTGACGGGA-1_V12D07-075_C1,2
TCCGGTTCGTCCGGTC-1_V12D07-075_C1,2
TCCGTAACCACAATCC-1_V12D07-075_C1,1
TCCGTTAAGCTAATAT-1_V12D07-075_C1,3
TCCGTTTAGCCTTGAA-1_V12D07-075_C1,9
TCCTAAAGATTCAGAC-1_V12D07-075_C1,1
TCCTAAATTGGGAAGC-1_V12D07-075_C1,2
TCCTAACCGTCGGGCA-1_V12D07-075_C1,5
TCCTACATCCACGGCC-1_V12D07-075_C1,3
TCCTAGCAAAGAAGCT-1_V12D07-075_C1,1
TCCTATCATAGGTAAC-1_V12D07-075_C1,8
TCCTCGGGCTGGGCTT-1_V12D07-075_C1,1
TCCTCTACGAGATGGC-1_V12D07-075_C1,2
TCCTCTCCAGTTGTCC-1_V12D07-075_C1,2
TCCTCTGGCCCATTAG-1_V12D07-075_C1,4
TCCTGCCAACTGGAGA-1_V12D07-075_C1,4
TCCTGCGTTGATACTC-1_V12D07-075_C1,1
TCCTGGCGCTGCCTGG-1_V12D07-075_C1,4
TCCTTACGACGGTCCG-1_V12D07-075_C1,2
TCCTTCAATCCCTACG-1_V12D07-075_C1,9
TCCTTCAGTGGTCGAA-1_V12D07-075_C1,6
TCCTTGTCCTTTAATT-1_V12D07-075_C1,3
TCCTTTAAATCCGCTT-1_V12D07-075_C1,3
TCCTTTCTTACGCTTA-1_V12D07-075_C1,1
TCGAAATTTAGGACCA-1_V12D07-075_C1,2
TCGAAGAACCGAGCAC-1_V12D07-075_C1,3
TCGAGACCAACACCGT-1_V12D07-075_C1,1
TCGAGGGCAACAGACG-1_V12D07-075_C1,3
TCGATAGGCTAGTCGC-1_V12D07-075_C1,2
TCGCAAAGATGCATTT-1_V12D07-075_C1,1
TCGCACCAGGAGGCAG-1_V12D07-075_C1,2
TCGCACTAACGTTTGT-1_V12D07-075_C1,1
TCGCATAAAGGGCGCA-1_V12D07-075_C1,3
TCGCATCCCTAAGTGT-1_V12D07-075_C1,2
TCGCATTCAATGACTT-1_V12D07-075_C1,6
TCGCCCAACTGACTCC-1_V12D07-075_C1,4
TCGCCCACTGCGAGAG-1_V12D07-075_C1,3
TCGCCGAAGTTGCGTC-1_V12D07-075_C1,9
TCGCCGACATATTCGC-1_V12D07-075_C1,1
TCGCCGGATGGGCAAG-1_V12D07-075_C1,1
TCGCCGGTCGATCCGT-1_V12D07-075_C1,10
TCGCGTAGCAGTGTCC-1_V12D07-075_C1,1
TCGCGTCCAGAAGGTC-1_V12D07-075_C1,2
TCGCTAAACCGCTATC-1_V12D07-075_C1,10
TCGCTACTGGCTTTGA-1_V12D07-075_C1,1
TCGCTCGATATATTCC-1_V12D07-075_C1,1
TCGCTCGGCACCAGCG-1_V12D07-075_C1,4
TCGCTGCCAATGCTGT-1_V12D07-075_C1,3
TCGCTGGGCGGATTGT-1_V12D07-075_C1,1
TCGCTGTGCGTAAATC-1_V12D07-075_C1,3
TCGCTTAATTACGAAG-1_V12D07-075_C1,4
TCGCTTTAAACGTTTG-1_V12D07-075_C1,8
TCGGAATGACCATCAA-1_V12D07-075_C1,6
TCGGAATGCGCTCTGA-1_V12D07-075_C1,2
TCGGACGCCCAGCCCA-1_V12D07-075_C1,3
TCGGAGTACATGAGTA-1_V12D07-075_C1,1
TCGGCAGGGTTAAGGG-1_V12D07-075_C1,5
TCGGCGAACCCAAACC-1_V12D07-075_C1,3
TCGGCTTGTATCGACG-1_V12D07-075_C1,1
TCGGGAACGTGCCTAG-1_V12D07-075_C1,10
TCGGGAGACAGCGTAC-1_V12D07-075_C1,2
TCGGGATTCAAACATA-1_V12D07-075_C1,9
TCGGGCCGTCGTGGTA-1_V12D07-075_C1,1
TCGGGTGAAACTGCTA-1_V12D07-075_C1,6
TCGGTCCCTGACTCCA-1_V12D07-075_C1,4
TCGGTGACCGCTCCGG-1_V12D07-075_C1,4
TCGGTTAGCCATGTAG-1_V12D07-075_C1,4
TCGTAACTCCCAAGAC-1_V12D07-075_C1,3
TCGTAAGACGACATTG-1_V12D07-075_C1,1
TCGTAAGCTCCGAGGA-1_V12D07-075_C1,4
TCGTACCGACGTCAAG-1_V12D07-075_C1,1
TCGTATAGTGCAATTA-1_V12D07-075_C1,6
TCGTATTACCCATTGC-1_V12D07-075_C1,1
TCGTCACACTGTTAGC-1_V12D07-075_C1,1
TCGTCCGCTGGCGTCT-1_V12D07-075_C1,7
TCGTCCGGGTACACTC-1_V12D07-075_C1,4
TCGTCTTAGGCGTTAA-1_V12D07-075_C1,7
TCGTGTACTATGGATG-1_V12D07-075_C1,2
TCGTGTATTGGTCACG-1_V12D07-075_C1,2
TCGTGTTCGACCACAA-1_V12D07-075_C1,3
TCGTTAGGAGTCCCTA-1_V12D07-075_C1,5
TCGTTCGTTATTATGT-1_V12D07-075_C1,6
TCGTTGACAGGGTCCC-1_V12D07-075_C1,1
TCGTTGCTATCCGGTC-1_V12D07-075_C1,9
TCGTTGGCTCGTCAAT-1_V12D07-075_C1,6
TCGTTTACGCGACCCT-1_V12D07-075_C1,3
TCTAACTGTATGTAAA-1_V12D07-075_C1,1
TCTACACGTTCATGCA-1_V12D07-075_C1,4
TCTACCCAATAGAGAG-1_V12D07-075_C1,3
TCTACCGTCCACAAGC-1_V12D07-075_C1,2
TCTAGCAATCTCCGCC-1_V12D07-075_C1,9
TCTAGCATCTTCGATG-1_V12D07-075_C1,7
TCTAGCATGCCCAGAA-1_V12D07-075_C1,2
TCTAGGTGGCGACGCT-1_V12D07-075_C1,1
TCTAGTGATATCGTGG-1_V12D07-075_C1,3
TCTAGTTATCAGAAGA-1_V12D07-075_C1,3
TCTATAGGTGGGTAAT-1_V12D07-075_C1,3
TCTATCATGCAGTTAC-1_V12D07-075_C1,1
TCTATCGGTCGCAACA-1_V12D07-075_C1,1
TCTATGCTATAACGAC-1_V12D07-075_C1,3
TCTATTACGCTGGCGA-1_V12D07-075_C1,1
TCTCAAATCAATCGGG-1_V12D07-075_C1,5
TCTCATGAGATAGGGT-1_V12D07-075_C1,1
TCTCCAACGTAGGTTA-1_V12D07-075_C1,10
TCTCCACAAGTTGAAT-1_V12D07-075_C1,1
TCTCCCTGGGCAGCGT-1_V12D07-075_C1,2
TCTCGAACGAGGTCAC-1_V12D07-075_C1,4
TCTCGACGTATCGCCG-1_V12D07-075_C1,11
TCTCGAGGAGGTTCGC-1_V12D07-075_C1,3
TCTCGGCTCCAGGACT-1_V12D07-075_C1,7
TCTCTAATAGCTGGTA-1_V12D07-075_C1,10
TCTCTCGCCGCACATA-1_V12D07-075_C1,3
TCTGAACCGGTCGGCT-1_V12D07-075_C1,6
TCTGAACTCGTACCCG-1_V12D07-075_C1,3
TCTGAAGCACGTGGTC-1_V12D07-075_C1,1
TCTGAATTCCGTACAA-1_V12D07-075_C1,9
TCTGACGGGCTAACCC-1_V12D07-075_C1,4
TCTGACTGTAATGGTT-1_V12D07-075_C1,1
TCTGAGCAATTGACTG-1_V12D07-075_C1,3
TCTGATCGGGTGCTAG-1_V12D07-075_C1,4
TCTGATGTATTCTGTC-1_V12D07-075_C1,1
TCTGATTGGAAATGGA-1_V12D07-075_C1,4
TCTGCAGATTCGAGTC-1_V12D07-075_C1,7
TCTGCATACCTTGCTT-1_V12D07-075_C1,3
TCTGCCAGAAACTGCA-1_V12D07-075_C1,2
TCTGCGTCCGGTTTCT-1_V12D07-075_C1,2
TCTGCTTAGAACAAGC-1_V12D07-075_C1,8
TCTGGAGCGTAAGAGT-1_V12D07-075_C1,4
TCTGGCCGTTCAAGTT-1_V12D07-075_C1,4
TCTGGCGCAAGCCGGG-1_V12D07-075_C1,1
TCTGGGAACCTTTGAA-1_V12D07-075_C1,1
TCTGGGTAGCGCTCAT-1_V12D07-075_C1,2
TCTGTCATACAAGAGC-1_V12D07-075_C1,7
TCTGTGATGGAGGTTG-1_V12D07-075_C1,4
TCTGTGCCATCATAGT-1_V12D07-075_C1,3
TCTGTTACCCAGCATA-1_V12D07-075_C1,9
TCTTAACTCGGATGTA-1_V12D07-075_C1,1
TCTTACAGAGGTACCG-1_V12D07-075_C1,6
TCTTACCGGAACTCGT-1_V12D07-075_C1,4
TCTTACGGCATCCGAC-1_V12D07-075_C1,7
TCTTACTTATGCCTCT-1_V12D07-075_C1,3
TCTTAGAGCTCCAATT-1_V12D07-075_C1,1
TCTTAGAGTGAACTCT-1_V12D07-075_C1,3
TCTTCCCATGGGCACA-1_V12D07-075_C1,9
TCTTCGAATAGACGTT-1_V12D07-075_C1,2
TCTTCGATACCAATAA-1_V12D07-075_C1,1
TCTTCGCGGTGAGAGG-1_V12D07-075_C1,3
TCTTCTATAACCCGCC-1_V12D07-075_C1,5
TCTTGATGCGTAGCGA-1_V12D07-075_C1,1
TCTTGCTCCCGATACT-1_V12D07-075_C1,3
TCTTGGTAACACCAAA-1_V12D07-075_C1,11
TCTTTAAGACTATGAA-1_V12D07-075_C1,9
TCTTTAGAGTCTAACA-1_V12D07-075_C1,5
TCTTTAGCAGGCGAAC-1_V12D07-075_C1,4
TCTTTCCTTCGAGATA-1_V12D07-075_C1,3
TCTTTCTCTTAAGGAG-1_V12D07-075_C1,2
TGAAACTTATGCAAGC-1_V12D07-075_C1,6
TGAAAGGACCTGACTC-1_V12D07-075_C1,5
TGAACTGCTATGACTT-1_V12D07-075_C1,5
TGAAGAGCGGTCCTAG-1_V12D07-075_C1,2
TGAAGTAGCTTACGGA-1_V12D07-075_C1,1
TGAATACCGACGCGTA-1_V12D07-075_C1,3
TGAATATGCTATAAAC-1_V12D07-075_C1,4
TGAATGAGTGTTTCCC-1_V12D07-075_C1,2
TGAATGTCAGCCGGCC-1_V12D07-075_C1,9
TGACAACGCATGTCGC-1_V12D07-075_C1,4
TGACACTTCTCTTTGC-1_V12D07-075_C1,4
TGACATATATGACGAT-1_V12D07-075_C1,3
TGACATCGAGCGGACC-1_V12D07-075_C1,5
TGACATGTAACGTGAC-1_V12D07-075_C1,3
TGACCAAATCTTAAAC-1_V12D07-075_C1,3
TGACCAGCTTCAAAGT-1_V12D07-075_C1,10
TGACCCACGTTAGACA-1_V12D07-075_C1,2
TGACGATGCACTAGAA-1_V12D07-075_C1,3
TGACTATAATCCTTTC-1_V12D07-075_C1,1
TGACTCTAACTGGTAA-1_V12D07-075_C1,3
TGAGAATGCTTTACCG-1_V12D07-075_C1,10
TGAGACGTACCTCTCA-1_V12D07-075_C1,1
TGAGAGATTTACCACG-1_V12D07-075_C1,3
TGAGATCAAATACTCA-1_V12D07-075_C1,6
TGAGATTAGGCCCTAA-1_V12D07-075_C1,4
TGAGCAGTCGTGAAGT-1_V12D07-075_C1,7
TGAGCCATACAGTCTC-1_V12D07-075_C1,5
TGAGCGGAAAGTGTTC-1_V12D07-075_C1,1
TGAGCTCAACTGTATA-1_V12D07-075_C1,5
TGAGCTTTAATGACGC-1_V12D07-075_C1,10
TGAGGAGTGCCAGCTT-1_V12D07-075_C1,2
TGAGGTGTGTGGCGGA-1_V12D07-075_C1,2
TGAGTAAATTAGCGTA-1_V12D07-075_C1,1
TGAGTGCCTCTTAAAT-1_V12D07-075_C1,5
TGAGTGGTCCGTGACG-1_V12D07-075_C1,9
TGAGTTAAAGACATTC-1_V12D07-075_C1,5
TGATACATTTAGCCGT-1_V12D07-075_C1,9
TGATAGCGGGATTCTA-1_V12D07-075_C1,2
TGATCACCACACTGAC-1_V12D07-075_C1,2
TGATCCCAGCATTAGT-1_V12D07-075_C1,5
TGATCGGTTTGACCCT-1_V12D07-075_C1,12
TGATCTACGCTGATCT-1_V12D07-075_C1,4
TGATCTATCACACTCT-1_V12D07-075_C1,5
TGATCTCCGGCGCCAG-1_V12D07-075_C1,2
TGATGGCTGTTTCTGA-1_V12D07-075_C1,4
TGATGTCAATTAAGTG-1_V12D07-075_C1,3
TGATTATGGCACGCAG-1_V12D07-075_C1,4
TGATTCCCGGTTACCT-1_V12D07-075_C1,1
TGATTCGTCTATCACT-1_V12D07-075_C1,2
TGATTCTGTCGCCGGT-1_V12D07-075_C1,5
TGATTTATTAGCTGTG-1_V12D07-075_C1,1
TGATTTCCTCCTGACG-1_V12D07-075_C1,1
TGCAAAGTTCGTCTGT-1_V12D07-075_C1,2
TGCAACCCATCTGCGG-1_V12D07-075_C1,3
TGCAACTACTGGTTGA-1_V12D07-075_C1,1
TGCAAGAATGACGTAA-1_V12D07-075_C1,12
TGCAATCTAACACGGT-1_V12D07-075_C1,1
TGCAATTTGGGCACGG-1_V12D07-075_C1,4
TGCACAGTGAAGTTAT-1_V12D07-075_C1,4
TGCACGAGTCGGCAGC-1_V12D07-075_C1,7
TGCACTATGTGAGTGC-1_V12D07-075_C1,7
TGCAGAGTACCGAGCA-1_V12D07-075_C1,2
TGCAGGATCGGCAAAG-1_V12D07-075_C1,1
TGCAGTGAGGCTCGGG-1_V12D07-075_C1,4
TGCAGTTTCCTCCCAT-1_V12D07-075_C1,1
TGCATATGTCTGTCAC-1_V12D07-075_C1,5
TGCATGGATCGGATCT-1_V12D07-075_C1,6
TGCATGTGGTAATCTA-1_V12D07-075_C1,5
TGCCAATGGGTACTCT-1_V12D07-075_C1,1
TGCCACCTGGCGAAAC-1_V12D07-075_C1,8
TGCCAGTACGTGGAGA-1_V12D07-075_C1,2
TGCCATTACTAAAGAA-1_V12D07-075_C1,8
TGCCCGTACCGTTAAA-1_V12D07-075_C1,3
TGCCGAAAGCGTATTC-1_V12D07-075_C1,2
TGCCGTGGATCGTCCT-1_V12D07-075_C1,1
TGCCTAAATTTAATAG-1_V12D07-075_C1,4
TGCCTAATTGAAGATT-1_V12D07-075_C1,3
TGCCTGACATCGGTCA-1_V12D07-075_C1,7
TGCCTGATCAAACGAT-1_V12D07-075_C1,1
TGCCTTGGCCAGGCAA-1_V12D07-075_C1,2
TGCGACACCCTAGTGC-1_V12D07-075_C1,5
TGCGAGAATATTACCC-1_V12D07-075_C1,9
TGCGAGATGGCGGCCA-1_V12D07-075_C1,4
TGCGAGCCCTTCCGCG-1_V12D07-075_C1,4
TGCGATGCTAATGGCT-1_V12D07-075_C1,2
TGCGCAAAGCATTTGG-1_V12D07-075_C1,3
TGCGCCGTTAATAACG-1_V12D07-075_C1,4
TGCGCGATTAACGGAG-1_V12D07-075_C1,2
TGCGGACTTGACTCCG-1_V12D07-075_C1,3
TGCGGAGTAAAGGTGC-1_V12D07-075_C1,1
TGCGGCATAGTTCAAC-1_V12D07-075_C1,6
TGCGGTGAAATTTCAT-1_V12D07-075_C1,6
TGCGTAAGAACCTGAT-1_V12D07-075_C1,1
TGCGTACGGCTAATTG-1_V12D07-075_C1,3
TGCGTGATTGGGTGTC-1_V12D07-075_C1,2
TGCGTTTGTTGACACT-1_V12D07-075_C1,1
TGCTAAGTGTCTATTT-1_V12D07-075_C1,1
TGCTATACAAACGGAC-1_V12D07-075_C1,6
TGCTCCACAGTTCTTA-1_V12D07-075_C1,3
TGCTCGGCGAAACCCA-1_V12D07-075_C1,2
TGCTCGGTGGGTCACC-1_V12D07-075_C1,2
TGCTCTTGAGAGTTTG-1_V12D07-075_C1,3
TGCTGGTTGGACAATT-1_V12D07-075_C1,2
TGCTGTTGAAGAACTC-1_V12D07-075_C1,2
TGCTTCCCAAGCAGTA-1_V12D07-075_C1,1
TGCTTGAAACCATGCA-1_V12D07-075_C1,7
TGGAACCACTGACACA-1_V12D07-075_C1,4
TGGAAGAAGGGAACGT-1_V12D07-075_C1,2
TGGAAGACGAACACCA-1_V12D07-075_C1,6
TGGAAGGATAAAGATG-1_V12D07-075_C1,1
TGGAATATCCTTGACC-1_V12D07-075_C1,4
TGGAATTAGACGCTTT-1_V12D07-075_C1,1
TGGACACCGTTGCTTG-1_V12D07-075_C1,1
TGGACCAATCTAAGAT-1_V12D07-075_C1,3
TGGACCACGGCGTTGA-1_V12D07-075_C1,2
TGGACGTAGGCGAATC-1_V12D07-075_C1,1
TGGACTGTTCGCTCAA-1_V12D07-075_C1,5
TGGAGGGAAACACCTC-1_V12D07-075_C1,4
TGGAGTGATGCGATGA-1_V12D07-075_C1,7
TGGATAGAGTAACAGA-1_V12D07-075_C1,2
TGGCAAACTAAATTAC-1_V12D07-075_C1,1
TGGCAACTCGCGCGCC-1_V12D07-075_C1,8
TGGCAAGCACAAGTCG-1_V12D07-075_C1,1
TGGCAATGGGACGGCG-1_V12D07-075_C1,3
TGGCACGAGCTCGAGT-1_V12D07-075_C1,2
TGGCAGATTACGATCA-1_V12D07-075_C1,3
TGGCAGCAGTAATAGT-1_V12D07-075_C1,3
TGGCCAAACTGAAGTA-1_V12D07-075_C1,1
TGGCCGTATATTGACC-1_V12D07-075_C1,2
TGGCGACTGCTCCAAA-1_V12D07-075_C1,5
TGGCGATCAAGTTATG-1_V12D07-075_C1,1
TGGCGGTGTGCGATTG-1_V12D07-075_C1,12
TGGCTACACTCTACCT-1_V12D07-075_C1,3
TGGCTATGTGACATAC-1_V12D07-075_C1,2
TGGCTTGTACAAGCTT-1_V12D07-075_C1,11
TGGCTTTGGGTAGACA-1_V12D07-075_C1,6
TGGGAAATGCCTTTCC-1_V12D07-075_C1,1
TGGGACCATTGGGAGT-1_V12D07-075_C1,3
TGGGATGCACTCATTC-1_V12D07-075_C1,4
TGGGCAATAGTTGGGT-1_V12D07-075_C1,5
TGGGCACAAACAGAAC-1_V12D07-075_C1,6
TGGGCACGTTCTATGG-1_V12D07-075_C1,6
TGGGCAGGCCACCGCA-1_V12D07-075_C1,1
TGGGCCACAAGAGCGC-1_V12D07-075_C1,6
TGGGCCCATACTAATT-1_V12D07-075_C1,3
TGGGCCTTGCCTGCAT-1_V12D07-075_C1,1
TGGGCGATACAATAAG-1_V12D07-075_C1,3
TGGGTAAGGTTCCCGC-1_V12D07-075_C1,10
TGGGTGCACAAGCCAT-1_V12D07-075_C1,1
TGGGTGGGATGTCATT-1_V12D07-075_C1,4
TGGGTGTAATAGATTT-1_V12D07-075_C1,3
TGGGTTCCCGGACGGA-1_V12D07-075_C1,7
TGGTAAGCAGGATTGA-1_V12D07-075_C1,9
TGGTAGAATATATGGG-1_V12D07-075_C1,3
TGGTATCGCATCCCAA-1_V12D07-075_C1,6
TGGTATCGGTCTGTAT-1_V12D07-075_C1,6
TGGTCCCACGCTACGG-1_V12D07-075_C1,2
TGGTCGTGCAAGGCAA-1_V12D07-075_C1,9
TGGTCTAGCTTACATG-1_V12D07-075_C1,7
TGGTCTGTTGGGCGTA-1_V12D07-075_C1,1
TGGTGATCGTATTTGT-1_V12D07-075_C1,2
TGGTTAAGGGCGCTGG-1_V12D07-075_C1,11
TGGTTATGCTTGCGGT-1_V12D07-075_C1,1
TGGTTCAACGGGTAAT-1_V12D07-075_C1,2
TGGTTCGTAGCAAAGG-1_V12D07-075_C1,6
TGGTTGGAGGATCCTG-1_V12D07-075_C1,4
TGGTTTAAACGTGGGT-1_V12D07-075_C1,4
TGTAATGACCACAATA-1_V12D07-075_C1,2
TGTACCTACACGAGGG-1_V12D07-075_C1,3
TGTACGAACAAATCCG-1_V12D07-075_C1,3
TGTACTACTCTCACGG-1_V12D07-075_C1,4
TGTACTGTGCCAAAGT-1_V12D07-075_C1,6
TGTACTTCCGGGCATG-1_V12D07-075_C1,5
TGTAGCCATCCCATTC-1_V12D07-075_C1,3
TGTAGGAGAAATTTCC-1_V12D07-075_C1,5
TGTAGTGATCTATAAT-1_V12D07-075_C1,2
TGTATAACAGATCCTG-1_V12D07-075_C1,3
TGTATACGGATGATGA-1_V12D07-075_C1,4
TGTATCAGACTGAAGC-1_V12D07-075_C1,4
TGTATCCTTATTCCAT-1_V12D07-075_C1,6
TGTATGGCGCAGACAG-1_V12D07-075_C1,3
TGTATTTACCTAATGC-1_V12D07-075_C1,4
TGTCATTTGTTGGGAA-1_V12D07-075_C1,4
TGTCCACGGCTCAACT-1_V12D07-075_C1,3
TGTCCCGACATAGCAC-1_V12D07-075_C1,6
TGTCCGTGGCGCCTTT-1_V12D07-075_C1,7
TGTCCTAAGTCACCGC-1_V12D07-075_C1,2
TGTCGGCATGGTGGAA-1_V12D07-075_C1,6
TGTCTACAGTTTCTGT-1_V12D07-075_C1,7
TGTGACTACGCCAGTC-1_V12D07-075_C1,11
TGTGACTAGAGTTTGC-1_V12D07-075_C1,1
TGTGAGACTAGCCCAA-1_V12D07-075_C1,2
TGTGCCGGTGCCGGAA-1_V12D07-075_C1,3
TGTGCTTTACGTAAGA-1_V12D07-075_C1,1
TGTGGACTATCTACGT-1_V12D07-075_C1,10
TGTGGCAAAGCGTATG-1_V12D07-075_C1,9
TGTGGCGGGCTTCTGG-1_V12D07-075_C1,3
TGTGGCTCCCACCAAC-1_V12D07-075_C1,8
TGTGGTAGGGTGCCTT-1_V12D07-075_C1,8
TGTGGTTGCTAAAGCT-1_V12D07-075_C1,3
TGTGTAGTAGCACGTG-1_V12D07-075_C1,1
TGTGTCGCGAGTTGCA-1_V12D07-075_C1,2
TGTGTTCGTATCCAAG-1_V12D07-075_C1,2
TGTTATTGTATGTGGC-1_V12D07-075_C1,1
TGTTCATAAATGTGCT-1_V12D07-075_C1,7
TGTTCCGCTTCCATGA-1_V12D07-075_C1,2
TGTTCCGGCCTGAGCT-1_V12D07-075_C1,5
TGTTCGTATTGCGGTG-1_V12D07-075_C1,2
TGTTCTCATACTATAG-1_V12D07-075_C1,3
TGTTCTTCCATTGACT-1_V12D07-075_C1,1
TGTTGCCGTCGTCCCA-1_V12D07-075_C1,8
TGTTGTCAAGAAGTCT-1_V12D07-075_C1,8
TGTTTAATACTTCATC-1_V12D07-075_C1,11
TGTTTCGGTACTTCTC-1_V12D07-075_C1,6
TGTTTGAGATCGTCAG-1_V12D07-075_C1,8
TTAAACAGAGTCCCGC-1_V12D07-075_C1,6
TTAAACCGGTAGCGAC-1_V12D07-075_C1,6
TTAAACCTGGTTCCTT-1_V12D07-075_C1,1
TTAAACTCGAATTCAT-1_V12D07-075_C1,9
TTAAAGTAAGTCGCCA-1_V12D07-075_C1,3
TTAACACCTCGAACAT-1_V12D07-075_C1,2
TTAACCAACCCTCCCT-1_V12D07-075_C1,10
TTAACGAACAAGCAGT-1_V12D07-075_C1,4
TTAACGTCGCAAGACC-1_V12D07-075_C1,6
TTAACGTTAAAGCCTG-1_V12D07-075_C1,1
TTAACTCACGCGTGGA-1_V12D07-075_C1,7
TTAACTGATCGTTTGG-1_V12D07-075_C1,3
TTAAGACGAACGAACC-1_V12D07-075_C1,4
TTAAGATAGGATTGAC-1_V12D07-075_C1,3
TTAAGCCGACAACTTC-1_V12D07-075_C1,6
TTAAGCGCCTGACCCA-1_V12D07-075_C1,1
TTAAGGATACGGAGGT-1_V12D07-075_C1,12
TTAAGTATTGTTATCC-1_V12D07-075_C1,3
TTAATCAGTACGTCAG-1_V12D07-075_C1,10
TTAATGTAGACCAGGT-1_V12D07-075_C1,1
TTAATGTGTTTGCAGG-1_V12D07-075_C1,3
TTAATTGCTTTGGGTG-1_V12D07-075_C1,3
TTAATTTCAGACGCGG-1_V12D07-075_C1,11
TTACAACTACGCATCC-1_V12D07-075_C1,8
TTACACGATCTGCGAC-1_V12D07-075_C1,3
TTACAGACCTAAATGA-1_V12D07-075_C1,5
TTACATCGTGGCCTGG-1_V12D07-075_C1,2
TTACATGCCACAACTA-1_V12D07-075_C1,5
TTACCATTGATTACCC-1_V12D07-075_C1,2
TTACCCATTGCCGGGT-1_V12D07-075_C1,10
TTACCCTAACAGTCCT-1_V12D07-075_C1,2
TTACCCTAGGGATTGG-1_V12D07-075_C1,2
TTACCGCCTTAGGGAA-1_V12D07-075_C1,2
TTACGGATGGTTCGAG-1_V12D07-075_C1,9
TTACGGTGTCACCGAG-1_V12D07-075_C1,2
TTACGTATCTATGACA-1_V12D07-075_C1,3
TTACTAAAGGACTTTA-1_V12D07-075_C1,1
TTACTATCGGCTTCTC-1_V12D07-075_C1,1
TTACTCCGGCCGGGAA-1_V12D07-075_C1,3
TTACTCTGGTACGTAC-1_V12D07-075_C1,9
TTACTGGGATATTTCA-1_V12D07-075_C1,1
TTACTGTCTAGAGCTC-1_V12D07-075_C1,4
TTAGAAGAACATGACT-1_V12D07-075_C1,2
TTAGAATAAGGGTCGG-1_V12D07-075_C1,9
TTAGACACGATCGTTG-1_V12D07-075_C1,10
TTAGACGAGTCACCTC-1_V12D07-075_C1,2
TTAGAGTTTAGAAGGA-1_V12D07-075_C1,12
TTAGATAGGTCGATAC-1_V12D07-075_C1,7
TTAGCAACATGGATGT-1_V12D07-075_C1,2
TTAGCTAATACGATCT-1_V12D07-075_C1,8
TTAGCTCTGTAATCCG-1_V12D07-075_C1,7
TTAGCTGATTTGCCGT-1_V12D07-075_C1,3
TTAGGATGGGAGGGTA-1_V12D07-075_C1,4
TTAGTAAACCTGCTCT-1_V12D07-075_C1,1
TTAGTAGGGCGGCGGG-1_V12D07-075_C1,1
TTAGTTATTCGTGGCA-1_V12D07-075_C1,3
TTAGTTCAAGTGTTCG-1_V12D07-075_C1,4
TTATAGATGCACATTA-1_V12D07-075_C1,6
TTATAGGTAATTGTCT-1_V12D07-075_C1,1
TTATAGTCCAAGGTGC-1_V12D07-075_C1,4
TTATATACGCTGTCAC-1_V12D07-075_C1,5
TTATATTTGGCAATCC-1_V12D07-075_C1,11
TTATCCAATCGAACTC-1_V12D07-075_C1,2
TTATCCGGGATCTATA-1_V12D07-075_C1,2
TTATCGCCTGCGAAGC-1_V12D07-075_C1,7
TTATCTGTATCATAAC-1_V12D07-075_C1,10
TTATGAATGAAAGGGA-1_V12D07-075_C1,12
TTATGACAAACTGGAT-1_V12D07-075_C1,7
TTATGATCTTAACGAA-1_V12D07-075_C1,3
TTATGCGTCCCGGTCC-1_V12D07-075_C1,6
TTATGTTTGCGATAGA-1_V12D07-075_C1,2
TTATTAGAGCGTGTTC-1_V12D07-075_C1,2
TTATTAGGGAAGCATC-1_V12D07-075_C1,2
TTATTATCTGGAAGGC-1_V12D07-075_C1,8
TTATTTAGGTTCCTTA-1_V12D07-075_C1,3
TTCAAAGTCTCTAGCC-1_V12D07-075_C1,3
TTCAACGACCCGACCG-1_V12D07-075_C1,2
TTCAAGCCGAGCTGAG-1_V12D07-075_C1,6
TTCAATACTCTGAATC-1_V12D07-075_C1,5
TTCAATTAGCCATAAT-1_V12D07-075_C1,6
TTCACGAAAGGATCAC-1_V12D07-075_C1,3
TTCACTCGAGCACCTA-1_V12D07-075_C1,2
TTCACTTCCTAGAACG-1_V12D07-075_C1,1
TTCAGAGTAACCTGAC-1_V12D07-075_C1,2
TTCAGCCCTGGTCCAC-1_V12D07-075_C1,3
TTCAGCTGGCGTGCCC-1_V12D07-075_C1,3
TTCAGTTTGTGGCAGC-1_V12D07-075_C1,2
TTCATAGCCTTGTAAC-1_V12D07-075_C1,1
TTCATAGGGTGTCCAT-1_V12D07-075_C1,1
TTCATGGCGCAACAGG-1_V12D07-075_C1,10
TTCCAATCAGAGCTAG-1_V12D07-075_C1,5
TTCCAATCTGGCTATC-1_V12D07-075_C1,9
TTCCACACAGATTTGA-1_V12D07-075_C1,9
TTCCAGACGAGATTTA-1_V12D07-075_C1,8
TTCCATCATGCGGTGA-1_V12D07-075_C1,4
TTCCATCGACAGCGTG-1_V12D07-075_C1,1
TTCCGCAGAGAAATAT-1_V12D07-075_C1,4
TTCCGCGTGAGGCGAT-1_V12D07-075_C1,3
TTCCGGCCTTGAGGCT-1_V12D07-075_C1,9
TTCCGGCTCGACTTCT-1_V12D07-075_C1,4
TTCCGGTATCTGTGTC-1_V12D07-075_C1,4
TTCCGGTTACCCACTT-1_V12D07-075_C1,1
TTCCTCGAGGGTGTCT-1_V12D07-075_C1,6
TTCCTCGGACTAACCA-1_V12D07-075_C1,2
TTCCTCTGCCCGAATA-1_V12D07-075_C1,2
TTCCTTTCTGTGTTGC-1_V12D07-075_C1,7
TTCGACAGAGCCCGTG-1_V12D07-075_C1,2
TTCGACGGGAAGGGCG-1_V12D07-075_C1,7
TTCGCACTCGCGTGCT-1_V12D07-075_C1,12
TTCGCACTGTACGACA-1_V12D07-075_C1,1
TTCGCATCCGGAAGCA-1_V12D07-075_C1,1
TTCGCGCGCCATACGA-1_V12D07-075_C1,9
TTCGCTAGGAAGTTGT-1_V12D07-075_C1,4
TTCGCTATCTGACGTG-1_V12D07-075_C1,8
TTCGGACTGATGCCTT-1_V12D07-075_C1,4
TTCGGCAACCCGCTGA-1_V12D07-075_C1,8
TTCGGCTAGAGATGGT-1_V12D07-075_C1,2
TTCGGGACTAATCGCG-1_V12D07-075_C1,1
TTCGGGTTGCCACGGG-1_V12D07-075_C1,3
TTCGGTACTGTAGAGG-1_V12D07-075_C1,3
TTCGGTGGAGACGCCC-1_V12D07-075_C1,8
TTCGTAATCCCAGCGG-1_V12D07-075_C1,8
TTCGTACTCCAGAACG-1_V12D07-075_C1,2
TTCGTTCAACGAAGTT-1_V12D07-075_C1,4
TTCTAACCGAAGCTTA-1_V12D07-075_C1,5
TTCTACCTTTATGTTG-1_V12D07-075_C1,11
TTCTACTTGCGAGGGC-1_V12D07-075_C1,7
TTCTAGAAAGTCTTAT-1_V12D07-075_C1,9
TTCTAGGCCAATTGTG-1_V12D07-075_C1,2
TTCTATGCCTTTCGCA-1_V12D07-075_C1,8
TTCTATTAAACGCAGC-1_V12D07-075_C1,3
TTCTGACCGGGCTCAA-1_V12D07-075_C1,2
TTCTGCCGCGCCTAGA-1_V12D07-075_C1,2
TTCTGCGAGCGCCCTT-1_V12D07-075_C1,1
TTCTGCGGGTTAGCGG-1_V12D07-075_C1,2
TTCTGCTAGACTCCAA-1_V12D07-075_C1,11
TTCTGTTTCCTGTCGC-1_V12D07-075_C1,2
TTCTTAGTGAACGGTG-1_V12D07-075_C1,1
TTCTTAGTGGCTCAGA-1_V12D07-075_C1,8
TTCTTATCCGCTGGGT-1_V12D07-075_C1,3
TTCTTGAGCCGCGCTA-1_V12D07-075_C1,9
TTCTTGCTAGCATCTC-1_V12D07-075_C1,2
TTCTTGGAGTAATGAG-1_V12D07-075_C1,10
TTCTTGTAACCTAATG-1_V12D07-075_C1,7
TTCTTGTGTCCATCAG-1_V12D07-075_C1,1
TTCTTTGGTCGCGACG-1_V12D07-075_C1,8
TTGAAACCCTCATTCC-1_V12D07-075_C1,5
TTGAAAGGTGTAAAGG-1_V12D07-075_C1,4
TTGAACGAATCCTTTG-1_V12D07-075_C1,7
TTGAACGACGTGCTGA-1_V12D07-075_C1,2
TTGAAGAATTCCCAGG-1_V12D07-075_C1,2
TTGAATATGGACTTTC-1_V12D07-075_C1,3
TTGAATTCACGTGAGG-1_V12D07-075_C1,5
TTGACAGGAGCTCCCG-1_V12D07-075_C1,3
TTGACATGAACGTGGA-1_V12D07-075_C1,9
TTGACCAGGAACAACT-1_V12D07-075_C1,1
TTGACCATGTTCTCCG-1_V12D07-075_C1,11
TTGACCGTGTTAATGA-1_V12D07-075_C1,9
TTGACGATTCAGCACG-1_V12D07-075_C1,6
TTGACGCTCCATGAGC-1_V12D07-075_C1,3
TTGACTACCATATGGT-1_V12D07-075_C1,1
TTGACTATTGTCCGGC-1_V12D07-075_C1,3
TTGAGAAGTTTAGCAT-1_V12D07-075_C1,1
TTGAGAGTACTGCTAA-1_V12D07-075_C1,5
TTGAGCAGCCCACGGT-1_V12D07-075_C1,8
TTGAGCGCCACGTGAT-1_V12D07-075_C1,4
TTGAGGCATTTAACTC-1_V12D07-075_C1,4
TTGAGTCCCGCTGCTG-1_V12D07-075_C1,4
TTGATAGTCAATACAT-1_V12D07-075_C1,4
TTGATCTAACTTTGTC-1_V12D07-075_C1,2
TTGATGTGTAGTCCCG-1_V12D07-075_C1,8
TTGATTAGCTGTTTCT-1_V12D07-075_C1,9
TTGATTATGCAGATGA-1_V12D07-075_C1,2
TTGCAAGAAGACTCCT-1_V12D07-075_C1,5
TTGCACAATTCAGAAA-1_V12D07-075_C1,3
TTGCACGGAGCAGCAC-1_V12D07-075_C1,10
TTGCATGCTGATCACG-1_V12D07-075_C1,1
TTGCCAAGCAGAACCC-1_V12D07-075_C1,8
TTGCCCTGATCACGGG-1_V12D07-075_C1,2
TTGCCGCTTTCTAGTA-1_V12D07-075_C1,3
TTGCCGGTGATCCCTC-1_V12D07-075_C1,4
TTGCCTTCTCGCCGGG-1_V12D07-075_C1,2
TTGCGCTCTCTCGCTT-1_V12D07-075_C1,7
TTGCGCTTGATCAATA-1_V12D07-075_C1,1
TTGCGGCATCAGAAAG-1_V12D07-075_C1,9
TTGCGTAGTTTGAGGA-1_V12D07-075_C1,2
TTGCGTCGGCCAACCG-1_V12D07-075_C1,9
TTGCGTGAACGCTTAG-1_V12D07-075_C1,4
TTGCGTGTGTAGGCAT-1_V12D07-075_C1,1
TTGCTCATAGTACGTG-1_V12D07-075_C1,2
TTGCTCCCATACCGGA-1_V12D07-075_C1,12
TTGCTGAAGGAACCAC-1_V12D07-075_C1,10
TTGCTGATCATGTTCG-1_V12D07-075_C1,1
TTGCTGCACCTATCCA-1_V12D07-075_C1,1
TTGCTGGCCGGGCTTC-1_V12D07-075_C1,4
TTGGACATGTGGCTTA-1_V12D07-075_C1,5
TTGGACCATCTGGCAA-1_V12D07-075_C1,3
TTGGACCTATAACAGT-1_V12D07-075_C1,1
TTGGAGTCTCCCTTCT-1_V12D07-075_C1,12
TTGGATATCGTCTACG-1_V12D07-075_C1,5
TTGGATCGACTTCTGG-1_V12D07-075_C1,6
TTGGATTGGGTACCAC-1_V12D07-075_C1,4
TTGGCCATCTTGCGCT-1_V12D07-075_C1,2
TTGGCCTAGAATTTCG-1_V12D07-075_C1,10
TTGGCGATCCGAATAT-1_V12D07-075_C1,4
TTGGCTCAATATGTGT-1_V12D07-075_C1,3
TTGGCTCGCATGAGAC-1_V12D07-075_C1,7
TTGGGAAGACGAGCCG-1_V12D07-075_C1,3
TTGGGACACTGCCCGC-1_V12D07-075_C1,1
TTGGGACGTAAGAGTT-1_V12D07-075_C1,3
TTGGGCGGCGGTTGCC-1_V12D07-075_C1,2
TTGGTATGGCTTGTGT-1_V12D07-075_C1,4
TTGGTCACACTCGTAA-1_V12D07-075_C1,5
TTGGTTCGCTCAAAGG-1_V12D07-075_C1,4
TTGTAAGGACCTAAGT-1_V12D07-075_C1,9
TTGTAAGGCCAGTTGG-1_V12D07-075_C1,5
TTGTAATCCGTACTCG-1_V12D07-075_C1,2
TTGTATCACACAGAAT-1_V12D07-075_C1,6
TTGTCGTTCAGTTACC-1_V12D07-075_C1,11
TTGTGAACCTAATCCG-1_V12D07-075_C1,3
TTGTGATCTGTTCAGT-1_V12D07-075_C1,3
TTGTGCAGCCACGTCA-1_V12D07-075_C1,1
TTGTGGCCCTGACAGT-1_V12D07-075_C1,10
TTGTGGTGGTACTAAG-1_V12D07-075_C1,3
TTGTGTATGCCACCAA-1_V12D07-075_C1,12
TTGTGTTTCCCGAAAG-1_V12D07-075_C1,1
TTGTTAGCAAATTCGA-1_V12D07-075_C1,2
TTGTTCAGTGTGCTAC-1_V12D07-075_C1,2
TTGTTCTAGATACGCT-1_V12D07-075_C1,1
TTGTTGTGTGTCAAGA-1_V12D07-075_C1,1
TTGTTTCACATCCAGG-1_V12D07-075_C1,9
TTGTTTCCATACAACT-1_V12D07-075_C1,9
TTGTTTGTGTAAATTC-1_V12D07-075_C1,6
