barcode,in_tissue,array_row,array_col,pxl_row_in_fullres,pxl_col_in_fullres
ACGCCTGACACGCGCT-1,0,0,0,20562,4017
TACCGATCCAACACTT-1,0,1,1,20424,4258
ATTAAAGCGGACGAGC-1,0,0,2,20285,4017
GATAAGGGACGATTAG-1,0,1,3,20147,4258
GTGCAAATCACCAATA-1,0,0,4,20008,4017
TGTTGGCTGGCGGAAG-1,0,1,5,19870,4258
GCATCCTCTCCTATTA-1,0,0,6,19731,4018
GCGAGGGACTGCTAGA-1,0,1,7,19593,4259
TGGTACCGGCACAGCC-1,0,0,8,19454,4018
GCGCGTTTAAATCGTA-1,0,1,9,19316,4259
TGCCTTGCCCTTACGG-1,0,0,10,19178,4018
GACGACTTTCCAAGAA-1,0,1,11,19040,4259
CCAGTGAGCTCCTTGT-1,0,0,12,18901,4019
ATACCCTGGCTCAAAT-1,0,1,13,18763,4260
GGGTTTCCGGCTTCCA-1,0,0,14,18624,4019
TAACCGTCCAGTTCAT-1,0,1,15,18486,4260
AAACAACGAATAGTTC-1,0,0,16,18347,4019
CAAGGGAGTGTATTTG-1,0,1,17,18209,4260
CCAAGCTTGATCTCCT-1,0,0,18,18071,4020
TTATTTCATCCCAAAC-1,0,1,19,17932,4261
GAGCGCTATGTCAGGC-1,0,0,20,17794,4020
TATGGCAGACTTTCGA-1,0,1,21,17656,4261
CTTCGTGCCCGCATCG-1,0,0,22,17517,4020
AAACGGGTTGGTATCC-1,0,1,23,17379,4261
TGCAAACCCACATCAA-1,0,0,24,17240,4021
GACGGGATGTCTTATG-1,0,1,25,17102,4262
GGCGAGCATCGAGGAC-1,0,0,26,16963,4021
CGCGTGCTATCAACGA-1,0,1,27,16825,4262
TGAAACCTCAACTCAC-1,0,0,28,16687,4021
CACATAAGGCGACCGT-1,0,1,29,16549,4262
TGACCCAACTCACATT-1,0,0,30,16410,4022
ATACGCCGATCTACCG-1,0,1,31,16272,4263
ACTTATCTGATCTATA-1,0,0,32,16133,4022
GTGTGAGCCGAGGTGC-1,0,1,33,15995,4263
GATGATTTGAAACTGG-1,0,0,34,15856,4022
GGGAACCACCTGTTTC-1,0,1,35,15718,4263
GTTCGTTGCGGACCAG-1,0,0,36,15579,4023
TGAGGTTGATCCCAAG-1,0,1,37,15441,4264
GATGCCACACTACAGC-1,0,0,38,15303,4023
AGGCAAAGAGGAATCA-1,0,1,39,15165,4264
AAGTAAGCTTCCAAAC-1,0,0,40,15026,4023
AACGTAGTCTACCCAT-1,0,1,41,14888,4264
GTTTGAGCGGTTATGT-1,0,0,42,14749,4024
GAAGCAAGGCAATGTT-1,0,1,43,14611,4265
TCACTCAGCGCATTAG-1,0,0,44,14472,4024
TACAATGAAACCAGCA-1,0,1,45,14334,4265
GTGCGCTTACAAATGA-1,0,0,46,14196,4024
GCACTCCCACAGTCCC-1,0,1,47,14057,4265
CGAAGACTGCCCGGGA-1,0,0,48,13919,4025
CAGGATCCGCCCGACC-1,0,1,49,13781,4266
CACGATTGGTCGTTAA-1,0,0,50,13642,4025
GGTTGTATCGTGAAAT-1,0,1,51,13504,4266
TCTTATGGGTAGTACC-1,0,0,52,13365,4025
TACAAGCTGTTCACTG-1,0,1,53,13227,4266
GTATCTTGTTGCTCAC-1,0,0,54,13088,4026
ATACCAGGTGAGCGAT-1,0,1,55,12950,4267
CCTAAACAGGGTCCGT-1,0,0,56,12812,4026
ATGGTGCTCAAAGCCA-1,0,1,57,12673,4267
CAAATGCGGAGTGTTC-1,0,0,58,12535,4026
CGTGCCCGACATTTGT-1,0,1,59,12397,4267
GTATCTCCCTAACTGT-1,0,0,60,12258,4027
ATTTGCCTAGTTACGA-1,0,1,61,12120,4268
ACGTCCTAAACGAGAT-1,0,0,62,11981,4027
CTGGGATCGCCCAGAT-1,0,1,63,11843,4268
CTGCAAATGGGCTCCA-1,0,0,64,11704,4027
CATTATAACAGGGTCC-1,0,1,65,11566,4268
ACCTTTCCTTTAGAAG-1,0,0,66,11428,4028
ATAGATTTGCAGTCGG-1,0,1,67,11290,4269
CTCGGGCATCGTCGGG-1,0,0,68,11151,4028
GTGGCGGGCCGTAGCT-1,0,1,69,11013,4269
CAACAGTGCCAAACGG-1,0,0,70,10874,4028
TGCGGGTATTGGGATC-1,0,1,71,10736,4269
GTCTCGCCAACACGCC-1,0,0,72,10597,4029
CTGGGCGGCCAAATGT-1,0,1,73,10459,4270
TAAAGGAGAAACTAGT-1,0,0,74,10321,4029
TCCCACGGAGGGAGCT-1,0,1,75,10182,4270
AGCTTCAATACTTTGA-1,0,0,76,10044,4029
TTCCACATTTCTCGTC-1,0,1,77,9906,4270
ACAAACCGACAAGGCG-1,0,0,78,9767,4030
AGACGGGATTGGTATA-1,0,1,79,9629,4271
AACCTAAAGCCGTCCG-1,0,0,80,9490,4030
TACAAATTGCGGAGGT-1,0,1,81,9352,4271
CCCGCTAGAGGGTTAA-1,0,0,82,9213,4030
CATTGCAAAGCATAAT-1,0,1,83,9075,4271
TGTACGCTATCAGCTT-1,0,0,84,8937,4031
TTCTTCGCAATAGAGC-1,0,1,85,8798,4272
TGTGATTCCAGCGCTT-1,0,0,86,8660,4031
ATTCAGGATCGCCTCT-1,0,1,87,8522,4272
GCCCATGGGTGCAATG-1,0,0,88,8383,4031
TTCCCGACGCTTCACT-1,0,1,89,8245,4272
AGCGGTTGAGATGTAC-1,0,0,90,8106,4032
GCTGTCTGTGATCGAC-1,0,1,91,7968,4273
AAAGACATGAAGTTTA-1,0,0,92,7829,4032
CAACAGAATAACGCTA-1,0,1,93,7691,4273
TGCGGTCTACGAGTAA-1,0,0,94,7553,4032
AAGACTCACGCCCACT-1,0,1,95,7415,4273
CTTTGAAACATATTCC-1,0,0,96,7276,4033
CTGGGCACTAGTCGGA-1,0,1,97,7138,4274
CGCCCTTACATCCACC-1,0,0,98,6999,4033
CACGACCACAGACTTT-1,0,1,99,6861,4274
CAATCCATTATCCGTT-1,0,0,100,6722,4033
GTGGCGTGCACCAGAG-1,0,1,101,6584,4274
CGGAGTCCTAACCTGG-1,0,0,102,6445,4034
GGTCCCATAACATAGA-1,0,1,103,6307,4275
ATCTCATAAACCTACC-1,0,0,104,6169,4034
TGCATGGCAGTCTTGC-1,0,1,105,6031,4275
TTGCAGGTCATGAAGT-1,0,0,106,5892,4034
AGCTGCATTTGAGGTG-1,0,1,107,5754,4275
TAATCAGGAATGCTGC-1,0,0,108,5615,4035
CCATCATAAGAACAGG-1,0,1,109,5477,4276
TCGTATCACCAAGCTA-1,0,0,110,5338,4035
ATTCAGATGAATCCCT-1,0,1,111,5200,4276
AAAGGTCAACGACATG-1,0,0,112,5062,4035
AGCTGCTGTGCCGAAT-1,0,1,113,4923,4276
CTAGCGCCAATCCTAC-1,0,0,114,4785,4036
GCTCGACCGAACTGAA-1,0,1,115,4647,4277
ACAGTGCAGCGCATTT-1,0,0,116,4508,4036
CGGCTGAAGGTTACGC-1,0,1,117,4370,4277
CACCTCTACGAGTGTG-1,0,0,118,4231,4036
ATACGACAGATGGGTA-1,0,1,119,4093,4277
ACTTCCTGTCGTGCGA-1,0,0,120,3954,4037
CGTAACGGAACGATCA-1,0,1,121,3816,4278
AAATCACTCCTAAACG-1,0,0,122,3678,4037
CTCCGAGTAAATCCGC-1,0,1,123,3540,4278
ACGCTAGTATCAGTGC-1,0,0,124,3401,4037
AGAGTGAACAGACACC-1,0,1,125,3263,4278
ACACCCGTAAATCTGT-1,0,0,126,3124,4038
GCTTTGCTGCCGGGTA-1,0,1,127,2986,4279
ACAGGAGGCGCAGCCG-1,0,2,0,20562,4498
AGGCAATACGGAGGAC-1,0,3,1,20424,4739
TGGTGTGACAGACGAT-1,0,2,2,20285,4499
ATCTATCGATGATCAA-1,0,3,3,20147,4740
CGGTAACAAGATACAT-1,0,2,4,20009,4499
TCGCCGGAGAGTCTTA-1,0,3,5,19871,4740
GGAGGAGTGTGTTTAT-1,0,2,6,19732,4499
TTAGGTGTGACTGGTC-1,0,3,7,19594,4740
CAGGGCTAACGAAACC-1,0,2,8,19455,4500
CCCGTGGGTTAATTGA-1,0,3,9,19317,4741
GACCGACCGCTAATAT-1,0,2,10,19178,4500
GGTATCAAGCATAGAA-1,0,3,11,19040,4741
TGCATGAGTAGATTCG-1,0,2,12,18901,4500
AATTCCAACTTGGTGA-1,0,3,13,18763,4741
TGCCGATGTCATCAAT-1,0,2,14,18625,4501
GCTGGGTCCGCTGTTA-1,0,3,15,18487,4742
TGAACACCCGAAGCAG-1,0,2,16,18348,4501
AACATTGGTCAGCCGT-1,0,3,17,18210,4742
GTGGGTCTTCTTTGCG-1,0,2,18,18071,4501
CATCGAATGGATCTCT-1,0,3,19,17933,4742
GCTACACTGTCCGAAC-1,0,2,20,17794,4502
CGGGTTGTAGCTTTGG-1,0,3,21,17656,4743
CCTAAGTGTCTAACCG-1,0,2,22,17518,4502
TCTGTGACTGACCGTT-1,0,3,23,17379,4743
TTATCATACTCGCAAA-1,0,2,24,17241,4502
AGCGTAGCGCTAGACC-1,0,3,25,17103,4743
TCCCTCCGAAATCGTT-1,0,2,26,16964,4503
AGGTCGCCACTTCGGT-1,0,3,27,16826,4744
CTAGCAACTAATTTAC-1,0,2,28,16687,4503
TTGCTAGCTACCAATC-1,0,3,29,16549,4744
GCCGGTTTGGGCGGAT-1,0,2,30,16410,4503
TGTAACTTGTCAACCT-1,0,3,31,16272,4744
CGAGATGTTGCCTATA-1,0,2,32,16134,4504
GTTACGAAATCCACGC-1,0,3,33,15996,4745
CTTGTCGTACGTGTCA-1,0,2,34,15857,4504
GCGTCCAGCTCGTGGC-1,0,3,35,15719,4745
CCCTTCTCGTACGCGA-1,0,2,36,15580,4504
CCAAAGTCCCGCTAAC-1,0,3,37,15442,4745
CCGCTTCGCGGTTAAC-1,0,2,38,15303,4505
GTTACGGCCCGACTGC-1,0,3,39,15165,4746
CCCGCTTGCCCTCGTC-1,0,2,40,15026,4505
TAGTGAGAAGTGGTTG-1,0,3,41,14888,4746
CGCTACCGCCCTATGA-1,0,2,42,14750,4505
AAACAATCTACTAGCA-1,0,3,43,14612,4746
GCGCGATGGGTCAAGT-1,0,2,44,14473,4506
ATAAACCATTGGACGG-1,0,3,45,14335,4747
TCGGGCACTTCTGGAT-1,0,2,46,14196,4506
TCTGTGGCTACATTTC-1,0,3,47,14058,4747
CTCTGTGCCTGCTATG-1,0,2,48,13919,4506
CACGACTAAAGTTCTG-1,0,3,49,13781,4747
GAGGAGTAATTCCTAC-1,0,2,50,13643,4507
AGAGGTATCTCGGTCC-1,0,3,51,13504,4748
GGCGTACCCTATATAA-1,0,2,52,13366,4507
GCCGGAAACACATCTT-1,0,3,53,13228,4748
AAATGTGGGTGCTCCT-1,0,2,54,13089,4507
ACCAGGAGTGTGATCT-1,0,3,55,12951,4748
TGTGGAGGAAGCTTAA-1,0,2,56,12812,4508
AAGGAGAACTTATAAG-1,0,3,57,12674,4749
CCCTCGGGAGCCTTGT-1,0,2,58,12535,4508
ACTGTTTAGTGTAGGC-1,0,3,59,12397,4749
CGTCAGTTTATCGTCT-1,0,2,60,12259,4508
GCGTGTATGTCGTATT-1,0,3,61,12121,4749
ACAATCGATCTTTATA-1,0,2,62,11982,4509
CAGCCCTCACAGGCAG-1,0,3,63,11844,4750
CGCGTCATATTAAACC-1,0,2,64,11705,4509
GAAGACTTCAATGCCG-1,0,3,65,11567,4750
TTGCGGCGACTCATGC-1,0,2,66,11428,4509
ACCAAACTAGAAATCC-1,0,3,67,11290,4750
TTACTGTTTCTCTACG-1,0,2,68,11151,4510
GACCAGGTCATTCATA-1,0,3,69,11013,4751
TTCTTCCCTTTGATAT-1,0,2,70,10875,4510
ACGCCCAGCTGTCGAT-1,0,3,71,10737,4751
AGTAGCGTGAACGAAC-1,0,2,72,10598,4510
CCTCGACCCACTGCCT-1,0,3,73,10460,4751
AGTTATTGAAAGGTAA-1,0,2,74,10321,4511
TCAGTTACGGAATGAT-1,0,3,75,10183,4752
GAATCTATACTCGGAC-1,0,2,76,10044,4511
TCGGCTAACTTCCCTT-1,0,3,77,9906,4752
ACGTGGTCGAATGTGC-1,0,2,78,9768,4511
ATATCGTGCCAGACCC-1,0,3,79,9629,4752
GTAGCTAGTAAGCGCG-1,0,2,80,9491,4512
ACGCTTAGTGTCTCTC-1,0,3,81,9353,4753
TCCGGCCTGCATCGAT-1,0,2,82,9214,4512
TAGTGGAACTCATACA-1,0,3,83,9076,4753
ATCATCTGCCCAGTGT-1,0,2,84,8937,4512
GTTATTAAATACGACC-1,0,3,85,8799,4753
GCGCTAAGTATGCATG-1,0,2,86,8660,4513
CCTGACGCAACCTTTA-1,0,3,87,8522,4754
CCCAAGAATGCACGGT-1,0,2,88,8384,4513
AACTGGGTTCGAGCCG-1,0,3,89,8245,4754
GGTTCCACCCGCTTCT-1,0,2,90,8107,4513
CATGCACGTGTTACTG-1,0,3,91,7969,4754
AGCGTTCCGATTTAAA-1,0,2,92,7830,4514
CCTACGCGACCTTACA-1,0,3,93,7692,4755
CGAATTACATGGTGTT-1,0,2,94,7553,4514
GAGGTCTTAGTGGGTC-1,0,3,95,7415,4755
GCCGCTAGATACGCAG-1,0,2,96,7276,4514
GTCACCTGTCTATGTC-1,0,3,97,7138,4755
CCGATTGGTCAATGAA-1,0,2,98,7000,4515
CCTGTGCGGATTGTAA-1,0,3,99,6862,4756
TTACGTAGCGCGTGCT-1,0,2,100,6723,4515
GGAGGCGAAGAACCGC-1,0,3,101,6585,4756
GGGTCACGTGCTTATG-1,0,2,102,6446,4515
GCTCCGGACGTTGATA-1,0,3,103,6308,4756
ATGTTTGTAAGATCAT-1,0,2,104,6169,4516
TGACCCAGCATTCCCG-1,0,3,105,6031,4757
TGGTCGTTTGATAGAT-1,0,2,106,5893,4516
TGTAATGCCTTCGGAC-1,0,3,107,5754,4757
TGCTCACACAACAACC-1,0,2,108,5616,4516
TACGATCCAAGCCACT-1,0,3,109,5478,4757
TTGTAACTTCATAGCG-1,0,2,110,5339,4517
AGATTCAAGCGGGTCG-1,0,3,111,5201,4758
CTCAGCAGACTGCCGA-1,0,2,112,5062,4517
GTAACATCAGCTCATC-1,0,3,113,4924,4758
ATGGAACAGAATAAAC-1,0,2,114,4785,4517
GGGCCTATACAACCGG-1,0,3,115,4647,4758
TCAAACAATTAGGACA-1,0,2,116,4509,4518
AAACCACTACACAGAT-1,0,3,117,4370,4759
AAACGACAGTCTTGCC-1,0,2,118,4232,4518
TTGAGGGTCGAACGCG-1,0,3,119,4094,4759
TGTTGATCACTGTTTA-1,0,2,120,3955,4518
AGGGTGTGCTACACGC-1,0,3,121,3817,4759
GTAGTTAGACAATATA-1,0,2,122,3678,4519
AATGGCCGCCAATGCG-1,0,3,123,3540,4760
TCGGCGGTATTAGATT-1,0,2,124,3401,4519
GGGTCACTGAGTAGTG-1,0,3,125,3263,4760
GAATTATGCAACCTAC-1,0,2,126,3125,4519
GATCTTAGTGAACGTG-1,0,3,127,2987,4760
CTAATGCGCCCAACAA-1,0,4,0,20563,4980
GCCACCCATTCCACTT-1,1,5,1,20425,5221
TACTCACAACGTAGTA-1,0,4,2,20286,4980
GTTCGGTGTGGATTTA-1,0,5,3,20148,5221
TCTTTCGGCGGGACAC-1,0,4,4,20009,4981
GGAGACATTCACGGGC-1,0,5,5,19871,5221
GGGATTATCTCACAAC-1,0,4,6,19732,4981
TAGAACGCCAGTAACG-1,0,5,7,19594,5222
ACGAGTCGCCGGCGTT-1,0,4,8,19456,4981
TGATGGGACTAAGTCA-1,0,5,9,19318,5222
TGCGAGAAACGTTACG-1,0,4,10,19179,4982
TCGCCTCGACCTGTTG-1,0,5,11,19041,5222
AACTCGATAAACACGT-1,0,4,12,18902,4982
AGGAAAGCCTCTGATG-1,0,5,13,18764,5223
GAAGGACTAAATTGAA-1,0,4,14,18625,4982
GTATCGGGACGAGCTG-1,0,5,15,18487,5223
CCTGTGCATAGGAGAC-1,0,4,16,18349,4983
CATACGGGTGCATGAT-1,0,5,17,18210,5223
CCACTAAACTGAATCG-1,0,4,18,18072,4983
AAATTGCGGCGGTTCT-1,0,5,19,17934,5224
AGTCCAGCGGGTACGT-1,0,4,20,17795,4983
CATTCAGGTCAGTGCG-1,0,5,21,17657,5224
CTAAAGTCCGAAGCTA-1,0,4,22,17518,4984
AATCAGACTGCAGGAC-1,0,5,23,17380,5224
AGTATCCATAATAACG-1,0,4,24,17241,4984
CTGGCTGCTAACGTAA-1,0,5,25,17103,5225
GTTCCAAGACAGCGAC-1,0,4,26,16965,4984
AAGACTAACCCGTTGT-1,0,5,27,16826,5225
GATTAATCCTGGCTCA-1,0,4,28,16688,4985
CGCGCAAGGAACTACA-1,0,5,29,16550,5225
CAGTAGCGAGGTAGTA-1,0,4,30,16411,4985
ACGGCGGGTTGCCCTG-1,0,5,31,16273,5226
CTAGGCGGCAGAGAAT-1,0,4,32,16134,4985
GTGCGCAGCTTGCTCC-1,0,5,33,15996,5226
TCACTATCGTGCAATC-1,0,4,34,15857,4986
TATGATTCTGCTTGGT-1,0,5,35,15719,5226
TAAGATTTAGCGGGAG-1,0,4,36,15581,4986
TTACGGTGTCACCGAG-1,0,5,37,15443,5227
CTACACTAGCTTGTTC-1,0,4,38,15304,4986
TGAGCAGTCGTGAAGT-1,0,5,39,15166,5227
CGCTGAGGACGTCCAA-1,0,4,40,15027,4987
GTGTATGACTTTAAAG-1,0,5,41,14889,5228
CTAAACGGGTGTAATC-1,0,4,42,14750,4987
TGTACTGTGCCAAAGT-1,0,5,43,14612,5228
GGCCACAAGCGATGGC-1,0,4,44,14473,4987
GTCAATTGTACTGAAG-1,0,5,45,14335,5228
AGGGACAGCACGGCGG-1,0,4,46,14197,4988
AGCTTATAGAGACCTG-1,0,5,47,14059,5229
AACTAGCGTATCGCAC-1,0,4,48,13920,4988
AACTTTAGCTGCTGAG-1,0,5,49,13782,5229
CCCAAGACAGAGTATG-1,0,4,50,13643,4988
GGCATCAACGAGCACG-1,0,5,51,13505,5229
ATGCATTCCGTGATGG-1,0,4,52,13366,4989
TTATAGATGCACATTA-1,0,5,53,13228,5230
GAACCATCTGGGAGAC-1,0,4,54,13090,4989
TGCTATACAAACGGAC-1,0,5,55,12951,5230
ACTTGCCATATTGTAC-1,0,4,56,12813,4989
TATTCCGGCAGTCCTA-1,0,5,57,12675,5230
GACGGACCGCGTTCCT-1,0,4,58,12536,4990
ATGTGTAGTTTAGTCA-1,0,5,59,12398,5231
ATACCAGCAAATTGCT-1,0,4,60,12259,4990
AAGTTTACTAATGGCA-1,0,5,61,12121,5231
CTCTCGATGTGCGCCT-1,0,4,62,11982,4990
GATTGACACTCTGCTC-1,0,5,63,11844,5231
TATCACAGCACGGGCA-1,0,4,64,11706,4991
ACCGTTCCCGCTCTGA-1,0,5,65,11568,5232
CCGCCACCACAATCCA-1,0,4,66,11429,4991
CATTCACTGACAGCTA-1,0,5,67,11291,5232
CGGCTGCAAGATTAAG-1,0,4,68,11152,4991
CATGAACCTCTTATCA-1,0,5,69,11014,5232
TTAATGCGAGGTAACT-1,0,4,70,10875,4992
AATAAGTCCTCGAGAC-1,0,5,71,10737,5233
ACCAGCCCGGTCTTTG-1,0,4,72,10598,4992
CTACGAACTAGGTCGA-1,0,5,73,10460,5233
ACATCTCAACGCGTAA-1,0,4,74,10322,4992
CACTACTCAGTTCTGT-1,0,5,75,10184,5233
CCGACTCGCATAGTCT-1,0,4,76,10045,4993
CATTTATCGTTCAAGA-1,0,5,77,9907,5234
CAAACGTGGTCTTGCG-1,0,4,78,9768,4993
TAGAAACCACTAAGTA-1,0,5,79,9630,5234
ACTGATTTAGTGATTC-1,0,4,80,9491,4993
TCGTATTTCGTCCGGA-1,0,5,81,9353,5234
CGGAAATTTCACATCC-1,0,4,82,9215,4994
ATCCACGCTAAATGTT-1,0,5,83,9076,5235
GTTCAATCTATGTCAA-1,0,4,84,8938,4994
ATAAAGGTCAAGTACG-1,0,5,85,8800,5235
CAACTCCAACGTTTAG-1,0,4,86,8661,4994
TAGGAACAGCCTCCAG-1,0,5,87,8523,5235
ATGGGAACGGAAGCGG-1,0,4,88,8384,4995
CACACGTTTCAATGGG-1,0,5,89,8246,5236
GGTGTTCTGTTTCTAC-1,0,4,90,8107,4995
AGTAACGTTCATCCTG-1,0,5,91,7969,5236
GTATAGTGGCCCATGT-1,0,4,92,7831,4995
TCTACACGTTCATGCA-1,0,5,93,7692,5236
AATCTGGGTAGACCCT-1,0,4,94,7554,4996
TCGGTTAGCCATGTAG-1,0,5,95,7416,5237
TGCCATGGCTTATAAG-1,0,4,96,7277,4996
TAAGTAAATGTGCCGC-1,0,5,97,7139,5237
GTGTCCGATAAGGCAT-1,0,4,98,7000,4996
TGGCACGAGCTCGAGT-1,0,5,99,6862,5237
ACCGGTCTGAGTACGG-1,0,4,100,6723,4997
GAACTTAGCGCCCGGT-1,0,5,101,6585,5238
AGTAGCTAGACGCCGA-1,0,4,102,6447,4997
ATAGGAATCTAAGCTT-1,0,5,103,6309,5238
CTTCCTGCATATTTAC-1,0,4,104,6170,4997
CAATATGTAGATTTAC-1,1,5,105,6032,5238
ACAAGGCCTACCAGCC-1,0,4,106,5893,4998
TTATAGTCCAAGGTGC-1,0,5,107,5755,5239
AAACGCCCGAGATCGG-1,0,4,108,5616,4998
CCTCGTTACGCCTGTT-1,0,5,109,5478,5239
GAACGGTGTAAAGCAG-1,0,4,110,5340,4998
ACGCATAAATGACATG-1,0,5,111,5201,5239
GGTTCGATGCTGAGTT-1,0,4,112,5063,4999
CTTTGGCAGACAGAGT-1,0,5,113,4925,5240
TTCGTGGGCTGGAAGC-1,0,4,114,4786,4999
CAAAGGTTAAATTCAG-1,0,5,115,4648,5240
GTTTGGCGTCAGGCAC-1,0,4,116,4509,4999
GCTTTCTATCTCAACT-1,0,5,117,4371,5240
TGCATCTCCGGATCTT-1,0,4,118,4232,5000
CTGAAACGGCCCTCAG-1,0,5,119,4094,5241
TAGCAGTAAATACGCG-1,0,4,120,3956,5000
CGGGCTACTTAAATTG-1,0,5,121,3817,5241
ATTATGCTCAGTATTG-1,0,4,122,3679,5000
TGATGCTCACGTAGTC-1,0,5,123,3541,5241
GTCTAAGATGCCCAGC-1,0,4,124,3402,5001
AACCCGATAGGGCTTC-1,0,5,125,3264,5242
CGCTATCGTGGCTTTA-1,0,4,126,3125,5001
CGTCTCTCGCCGAGGC-1,0,5,127,2987,5242
AGTGGGAGTATACACG-1,0,6,0,20563,5461
GGTCTTGGTGTTAACT-1,0,7,1,20425,5702
GGCTGGCAGCTTTATG-1,1,6,2,20287,5462
CGCCAATTATTGCGTT-1,1,7,3,20148,5703
GGTAACCGGCAAAGGT-1,0,6,4,20010,5462
TGGGACCATTGGGAGT-1,0,7,5,19872,5703
CTGCAGGTGCTCGGCC-1,0,6,6,19733,5462
CCGGTGCGAGTGATAG-1,0,7,7,19595,5703
GGGTACACTCTGGAGG-1,0,6,8,19456,5463
TAGCCAGAGGGTCCGG-1,0,7,9,19318,5704
CTTGTGAGGACAGCGG-1,0,6,10,19179,5463
GAAGGGCATAACCATG-1,0,7,11,19041,5704
CAACATGGCCTGATAA-1,0,6,12,18903,5463
CAATTTGACCGGGAAG-1,0,7,13,18765,5704
TCTGACTGTAATGGTT-1,0,6,14,18626,5464
TTCATAGCCTTGTAAC-1,0,7,15,18488,5705
TGGAAACGGAGTGAAC-1,0,6,16,18349,5464
ATCGCACGATTGTTCA-1,0,7,17,18211,5705
CGCCACCCGCATTAAC-1,0,6,18,18072,5464
TGGACCACGGCGTTGA-1,0,7,19,17934,5705
GTATATGTTACGGCGG-1,0,6,20,17796,5465
GTATTCTTACCGTGCT-1,0,7,21,17657,5706
TTCAGAGTAACCTGAC-1,0,6,22,17519,5465
GCGGTAACCCAAATGA-1,0,7,23,17381,5706
CTACGTGTTGCCACCA-1,0,6,24,17242,5465
CTAGATAAACTCCTCG-1,0,7,25,17104,5706
TCCATTAGTTGGATAG-1,0,6,26,16965,5466
CTGGCTCCTGCGGGAT-1,0,7,27,16827,5707
CAGTCTCTCGGCTAAT-1,0,6,28,16688,5466
GTATGACGTGGGAAAC-1,0,7,29,16550,5707
AGTCACTCCGCCTCAT-1,0,6,30,16412,5466
GCAGCGGTGGGCATTA-1,0,7,31,16273,5707
TATGGAGTTTCTCGTT-1,0,6,32,16135,5467
ACTCAACGAATGTATT-1,0,7,33,15997,5708
AACACGCGGCCGCGAA-1,0,6,34,15858,5467
CGATATTAGCCGCAGG-1,0,7,35,15720,5708
AGCGTCTGAACCCGCA-1,0,6,36,15581,5467
GATGTCCGGATCACAT-1,0,7,37,15443,5708
GGTCACGTTAGATTCA-1,0,6,38,15304,5468
TTAAGGATACGGAGGT-1,0,7,39,15166,5709
GTGCGGGACCATCGGC-1,0,6,40,15028,5468
CCATCTTGTTCACAAT-1,0,7,41,14890,5709
TCCGAGAAGGCTAAGC-1,0,6,42,14751,5468
TGGCGGTGTGCGATTG-1,0,7,43,14613,5709
ATCCTGCTGCAGATAG-1,0,6,44,14474,5469
TTATGCGTCCCGGTCC-1,0,7,45,14336,5710
CATAATGAGCGGGCGA-1,0,6,46,14197,5469
AGACATAGATCCTTCC-1,0,7,47,14059,5710
GGTGAAACCGGGAATG-1,0,6,48,13920,5469
AACTGGTGTGGGCCTT-1,0,7,49,13782,5710
GTAGCGCTGTTGTAGT-1,0,6,50,13644,5470
TTGTTTGTGTAAATTC-1,0,7,51,13506,5711
GGATCAAAGGACGAGG-1,0,6,52,13367,5470
CGTAGCGCCGACGTTG-1,0,7,53,13229,5711
CAAGTGAACTTTGGTT-1,0,6,54,13090,5470
GTAGACAACCGATGAA-1,0,7,55,12952,5711
CAATGGTCGGCCTGGG-1,0,6,56,12813,5471
ACAGATTAGGTTAGTG-1,0,7,57,12675,5712
GTTATCACCTTCTGAA-1,0,6,58,12537,5471
TGGTATCGGTCTGTAT-1,0,7,59,12398,5712
GGAATAACCTCAAGAA-1,0,6,60,12260,5471
ATTATCTCGACAGATC-1,0,7,61,12122,5712
CCGAGGGATGTTAGGC-1,0,6,62,11983,5472
TGAGATCAAATACTCA-1,0,7,63,11845,5713
AAACGAAGAACATACC-1,0,6,64,11706,5472
CTGGTCCTAACTTGGC-1,0,7,65,11568,5713
TGCACGAGTCGGCAGC-1,0,6,66,11429,5472
ATAGTCTTTGACGTGC-1,0,7,67,11291,5713
TGGAGCTAAAGTTCCC-1,0,6,68,11153,5473
GGGTGGTCCAGCCTGT-1,1,7,69,11015,5714
CATGCATGGAGACCCT-1,0,6,70,10876,5473
ACACGGCACTATGCAT-1,1,7,71,10738,5714
CCCTGGTATGGGCGGC-1,0,6,72,10599,5473
GGAGGATTGAAAGGAG-1,1,7,73,10461,5714
CCGCTGGTGCCATTCA-1,0,6,74,10322,5474
GTTAGAGTGTGCCGCT-1,1,7,75,10184,5715
TCGGAATGACCATCAA-1,0,6,76,10045,5474
TTCAATTAGCCATAAT-1,1,7,77,9907,5715
GATGTGTTGTCACAAG-1,0,6,78,9769,5474
TCTTTCTCTTAAGGAG-1,0,7,79,9631,5715
ACCCTTTAGTTCTCCA-1,0,6,80,9492,5475
ACCACAACTCAGAACA-1,0,7,81,9354,5716
TATGATAAATCTAACG-1,0,6,82,9215,5475
GATCCTCTTGCGCTTA-1,0,7,83,9077,5716
TTCTACCTTTATGTTG-1,0,6,84,8938,5475
GAAATACCTGCTGGCT-1,0,7,85,8800,5716
ATTCTGAGTATGAACT-1,0,6,86,8662,5476
GGATTAAGCTAAGGTC-1,0,7,87,8523,5717
AGTACGTGGCCTGTCT-1,0,6,88,8385,5476
TCAGGGTGCACGAAAC-1,0,7,89,8247,5717
AAATTTACCGAAATCC-1,0,6,90,8108,5476
TTGAGGCATTTAACTC-1,0,7,91,7970,5717
AACCAGTATCACTCTT-1,0,6,92,7831,5477
CACCGGAGATATCTCC-1,0,7,93,7693,5718
GACTGGGCGCCGCAAC-1,0,6,94,7554,5477
CACGTCTATGATGTGG-1,0,7,95,7416,5718
TTAAGACGAACGAACC-1,0,6,96,7278,5477
TGACCAGCTTCAAAGT-1,0,7,97,7140,5718
AGAGTTAGAGACCGAT-1,0,6,98,7001,5478
TTCGGACTGATGCCTT-1,0,7,99,6863,5719
CTCGAATGGAACGTAT-1,0,6,100,6724,5478
GGACGGCTTGCGCAAC-1,0,7,101,6586,5719
CTAAGTACAGGGCTAC-1,0,6,102,6447,5478
ACAAATTCAGATCTGA-1,0,7,103,6309,5719
CATGGAAATGGGACCA-1,0,6,104,6170,5479
GGTGGACCACGTGTTA-1,1,7,105,6032,5720
CACGACGTAATAGTAA-1,0,6,106,5894,5479
CGGGTTCGGCACGTAT-1,0,7,107,5756,5720
CTGGGCTATCCTTTGG-1,0,6,108,5617,5479
GTATTAGGGTTCGCGT-1,0,7,109,5479,5720
TCATTCGTATAATTTG-1,0,6,110,5340,5480
AATAGCAAGCCTCCTG-1,0,7,111,5202,5721
CATCTACCCGAGAACG-1,0,6,112,5063,5480
GCTTCAGTGGGATTAC-1,0,7,113,4925,5721
TCTGTGATGGAGGTTG-1,0,6,114,4787,5481
ATCCACTTTCAGACTA-1,0,7,115,4648,5721
ATGGTTACGAAACATG-1,0,6,116,4510,5481
GGCCCAATCTAGAGGG-1,0,7,117,4372,5722
GATGGTGAAATAACCC-1,0,6,118,4233,5481
AGAGGGACAATTGTCC-1,0,7,119,4095,5722
CGCGTACATTCTGGAA-1,0,6,120,3956,5482
CAAGAAACCCTAAACT-1,0,7,121,3818,5722
TTGGTGCGGTGTTGAA-1,0,6,122,3679,5482
GGTTCCCTAGTGTCTC-1,0,7,123,3541,5723
CGATAACCAATTTGAG-1,0,6,124,3403,5482
GCCCACTGGTCCACAA-1,0,7,125,3264,5723
GAGGGCCGGCAGAGTC-1,0,6,126,3126,5483
CGACACGGATGCCCAC-1,0,7,127,2988,5723
CTGTCTGTGGCTGGCT-1,0,8,0,20564,5943
ATATTATCCCGTATTT-1,0,9,1,20426,6184
GCGCTGGCGGAAAGTC-1,0,8,2,20287,5943
ATCTAACGTCCCTATG-1,1,9,3,20149,6184
GTCAGACAGCGTTGGA-1,1,8,4,20010,5944
GCCAGGCTTAGTGGTA-1,1,9,5,19872,6185
ATTCAAAGTACCTGTT-1,0,8,6,19734,5944
TGGACGTAGGCGAATC-1,0,9,7,19595,6185
ACACATTGACGCAACA-1,0,8,8,19457,5944
GATATCAGTATGTATC-1,0,9,9,19319,6185
TGGGCCTTGCCTGCAT-1,0,8,10,19180,5945
CAAAGTCAGGTTAGCT-1,0,9,11,19042,6186
GGATCCCTACCAGCTA-1,0,8,12,18903,5945
ATCGTCCAATCGAGTC-1,0,9,13,18765,6186
ACATGGCTCAATTTAG-1,0,8,14,18626,5945
AGGCCCAGTGACTGGT-1,0,9,15,18488,6186
GCTTCCAGCTTAGATT-1,0,8,16,18350,5946
TGCTTGAAACCATGCA-1,0,9,17,18212,6187
CAATATTGGACTAGTG-1,0,8,18,18073,5946
CGTGCTGGCCTAGTCG-1,0,9,19,17935,6187
CCTGCGATAGAACTGT-1,0,8,20,17796,5946
GGGTAATGCTGTGTTT-1,0,9,21,17658,6187
AACGCGAACGGCAACA-1,0,8,22,17519,5947
TGTCGGCATGGTGGAA-1,0,9,23,17381,6188
AGCGTACGAGAGCTAG-1,0,8,24,17243,5947
ATACTCTCGCCACTCT-1,0,9,25,17104,6188
AATCCATGCAAGGGTG-1,0,8,26,16966,5947
TTAAACAGAGTCCCGC-1,0,9,27,16828,6188
CCACAGCTGAAATCAT-1,0,8,28,16689,5948
CGGTTCCGGCTTCTTG-1,0,9,29,16551,6189
GACGTGAGACTCCATG-1,0,8,30,16412,5948
TCGTTGGCTCGTCAAT-1,0,9,31,16274,6189
GGTGAACGGGCTAGCC-1,0,8,32,16135,5948
GCACTGTGCAAATGTA-1,0,9,33,15997,6189
ACGAGAACCCATCACG-1,0,8,34,15859,5949
CCAGCTACGCCTCATA-1,0,9,35,15720,6190
TCCCGGTCAGGAATTT-1,0,8,36,15582,5949
TCGCATTCAATGACTT-1,0,9,37,15444,6190
CTGGTTCAACGCATCA-1,0,8,38,15305,5949
GGTGATTTCATCTTGT-1,0,9,39,15167,6190
CACCCTTTCCTCGCTC-1,0,8,40,15028,5950
CAACTTGTAGTGGGCA-1,0,9,41,14890,6191
AATATCAAGGTCGGAT-1,0,8,42,14751,5950
ACTCAGACCTGCTTCT-1,0,9,43,14613,6191
TTGGAGTCTCCCTTCT-1,0,8,44,14475,5950
GGATACTCATGAATTG-1,0,9,45,14337,6191
TGGGCACAAACAGAAC-1,0,8,46,14198,5951
GAGCCACGGTAGTAGG-1,0,9,47,14060,6192
TCGATAGGCTAGTCGC-1,0,8,48,13921,5951
TAACCGCCCGCAGTGC-1,0,9,49,13783,6192
GCCTATTTGCTACACA-1,0,8,50,13644,5951
TTGACGATTCAGCACG-1,0,9,51,13506,6192
TTAAACCGGTAGCGAC-1,0,8,52,13367,5952
ACCGAAAGGGCCCTGC-1,0,9,53,13229,6193
ACGTTCCGCGCTCCGT-1,0,8,54,13091,5952
ATACCAGGCTAATAGA-1,0,9,55,12953,6193
CGGCTTTGTATGATAA-1,0,8,56,12814,5952
CTTGACCCGAAAGATA-1,1,9,57,12676,6193
CGCAGAAACATTTGCG-1,0,8,58,12537,5953
GACCCGTCGCCGGCTA-1,1,9,59,12399,6194
AATCGGGACACTACGA-1,0,8,60,12260,5953
GTCACAAAGTTTCCAA-1,1,9,61,12122,6194
TATATTCGCGTCGATA-1,1,8,62,11984,5953
CCTCCCGACAATCCCT-1,1,9,63,11845,6194
CGACATGCGATCTTCT-1,1,8,64,11707,5954
AACACGACTGTACTGA-1,1,9,65,11569,6195
CCCAACCACACTAACA-1,1,8,66,11430,5954
CACCGCCGACCAGCGA-1,1,9,67,11292,6195
TGGTATCGCATCCCAA-1,1,8,68,11153,5954
CAGAGTGATTTAACGT-1,1,9,69,11015,6195
AACCCTGGTGGAACCA-1,1,8,70,10876,5955
GTCAGTTGTGCTCGTT-1,1,9,71,10738,6196
ATTGACGTAACTCGGT-1,1,8,72,10600,5955
GATGTCGGTCAACTGC-1,1,9,73,10462,6196
AGGGCAGCGGCGTGGT-1,1,8,74,10323,5955
ACATCGTTAACCTAGT-1,1,9,75,10185,6196
TCCATTGTGACCTCGT-1,1,8,76,10046,5956
TGTTTAATACTTCATC-1,1,9,77,9908,6197
TTGCTGGCCGGGCTTC-1,1,8,78,9769,5956
CATATTATTTGCCCTA-1,1,9,79,9631,6197
CTGCCTAGCCACCAAG-1,1,8,80,9492,5956
ACGAGATATTTGCTTA-1,1,9,81,9354,6197
GACTACAATTGCTCGT-1,0,8,82,9216,5957
AACGTGATGAAGGACA-1,1,9,83,9078,6198
ACTCTCTTATACACGA-1,1,8,84,8939,5957
CGCATCATGGCTTCAG-1,1,9,85,8801,6198
CGGCTCTTCGTCGAAC-1,1,8,86,8662,5957
ATTCTTCGTACTTATG-1,1,9,87,8524,6198
AGTGAGGGTTTCTGAC-1,1,8,88,8385,5958
GCCAGGCGTTCGCATG-1,1,9,89,8247,6199
GACTAACACAGCACCT-1,1,8,90,8109,5958
CAATGGAATCTACATA-1,1,9,91,7970,6199
GTGGTCAGCGAAGTAT-1,0,8,92,7832,5958
ATGGCTGGAAATGGCC-1,1,9,93,7694,6199
ATCAGGTCGCCATTGC-1,0,8,94,7555,5959
TATCACCATGTAAAGT-1,1,9,95,7417,6200
AGCGCTTATGGGCAAG-1,0,8,96,7278,5959
AAGCGGCGTCATGGGT-1,1,9,97,7140,6200
ACTAATACGTCAGGCG-1,0,8,98,7001,5959
GGCTGAGCATCGTAAG-1,1,9,99,6863,6200
CGGTTGGGTTCAAGTT-1,0,8,100,6725,5960
GACTGATTGGTCACAA-1,0,9,101,6587,6201
AGACGGGCCGATTTAA-1,0,8,102,6448,5960
ACCAGTGCCCGGTCAA-1,0,9,103,6310,6201
GTCCTTTAATGACTTC-1,1,8,104,6171,5960
CCTACAAGTCCGGAAT-1,1,9,105,6033,6201
GCCTGCTACACTGAGA-1,0,8,106,5894,5961
GACTCGGTCGGCGGAT-1,0,9,107,5756,6202
CTAGACATATATGTAG-1,0,8,108,5617,5961
TCGCCCAACTGACTCC-1,0,9,109,5479,6202
AAACTAACGTGGCGAC-1,0,8,110,5341,5961
AACTGAGGTCAGCGTC-1,0,9,111,5203,6202
ACAATGATTCTTCTAC-1,0,8,112,5064,5962
ATAAGTACCCGATTGT-1,0,9,113,4926,6203
ATTGGGAGTTCTGTAA-1,0,8,114,4787,5962
CGAACATAGTCAGAAA-1,0,9,115,4649,6203
TAGCTCAGATCCTAGT-1,0,8,116,4510,5962
GTGTCGTATTCACCTT-1,0,9,117,4372,6203
CTCACCGATCCAAACT-1,0,8,118,4234,5963
ATATGTGCACAAACCA-1,0,9,119,4095,6204
CAGTCCAACGCCTTCT-1,0,8,120,3957,5963
TCGTCCGGGTACACTC-1,0,9,121,3819,6204
GCAGAAACGTAATCCA-1,0,8,122,3680,5963
TTCGAGCCGGCGCTAC-1,0,9,123,3542,6204
GGAAGATAAGACTGTA-1,0,8,124,3403,5964
ATAAGCAAACACCGAG-1,0,9,125,3265,6205
GCATAAATTGAACGCC-1,0,8,126,3126,5964
CGCCGGTGTCGCAGTA-1,0,9,127,2988,6205
GACCTGGTCTGGGCGT-1,0,10,0,20565,6425
AGCCGCTTGATTAGCG-1,0,11,1,20426,6666
CCCGGCTAGGTGAGAA-1,0,10,2,20288,6425
CGAGCCGAGCACTCGA-1,0,11,3,20150,6666
TAGTGCTTGAATCCTT-1,1,10,4,20011,6425
CAACCGCACCTAGACA-1,1,11,5,19873,6666
ACCACTGTTCAAGAAG-1,1,10,6,19734,6426
AGATGCTATAACGAGC-1,1,11,7,19596,6667
AATTACTCGTACGCTC-1,1,10,8,19457,6426
CGTCAATCTTTAACAT-1,1,11,9,19319,6667
CCAAAGCAGTTGGTTG-1,0,10,10,19181,6426
CCATATTGGATCATGA-1,1,11,11,19043,6667
CGTACCGAAAGTCTAG-1,0,10,12,18904,6427
CTCGAGATCCAAAGCA-1,1,11,13,18766,6668
TGGATAGAGTAACAGA-1,0,10,14,18627,6427
TCACAGATCCTCAAAC-1,1,11,15,18489,6668
AGAGCTACGAAAGCAT-1,0,10,16,18350,6427
TGCGTGATTGGGTGTC-1,1,11,17,18212,6668
CACATGTTTGGACATG-1,0,10,18,18073,6428
TTCGCATCCGGAAGCA-1,1,11,19,17935,6669
CCCTAGTGTCAGGTGT-1,0,10,20,17797,6428
TTACCGCCTTAGGGAA-1,1,11,21,17659,6669
CCAGTCCATTATTCGA-1,0,10,22,17520,6428
CGTAAACGCTTGAGTG-1,1,11,23,17382,6669
ATTCCTTCCAGGCGGT-1,0,10,24,17243,6429
TTCCTTTCTGTGTTGC-1,0,11,25,17105,6670
AGTTGACATCGGCTGG-1,0,10,26,16966,6429
AACTCGATGGCGCAGT-1,0,11,27,16828,6670
GATAAGGCAGATGCAA-1,0,10,28,16690,6429
GGCTGGCTAGCTTAAA-1,0,11,29,16551,6670
CCTCATGCAGCTACGA-1,0,10,30,16413,6430
GACGCCTGTTGCAGGG-1,0,11,31,16275,6671
TAATTAGATGGATATG-1,0,10,32,16136,6430
GAGGGCATCGCGTATC-1,0,11,33,15998,6671
CTTGTGAGTCTTTGAC-1,0,10,34,15859,6430
TCAACACATTGGGTAA-1,0,11,35,15721,6671
ACTGTATACGCGAGCA-1,0,10,36,15582,6431
GTGAAACGTGCTCCAC-1,0,11,37,15444,6672
CGAGTGCTATAGTTCG-1,0,10,38,15306,6431
GTACTGCATGAAGCGT-1,0,11,39,15167,6672
GTAACTTGCGGCAGTC-1,0,10,40,15029,6431
GAATCGCCGGACACGG-1,0,11,41,14891,6672
GGGAGTAATGGCTGGC-1,0,10,42,14752,6432
CATGAACCGACATTTG-1,0,11,43,14614,6673
TCTGTCATACAAGAGC-1,0,10,44,14475,6432
GTCGTCAATTATAAGG-1,0,11,45,14337,6673
TAAAGAGCCCGAAACC-1,0,10,46,14198,6432
GTACTGAGGTCGTAAC-1,1,11,47,14060,6673
AAAGACCCAAGTCGCG-1,0,10,48,13922,6433
CGTCAGTGCGCACAAG-1,1,11,49,13784,6674
TGTATCCTTATTCCAT-1,1,10,50,13645,6433
ATTCTCGTCTCTTTAG-1,1,11,51,13507,6674
AAAGTCACTGATGTAA-1,1,10,52,13368,6433
TGTCTACAGTTTCTGT-1,1,11,53,13230,6674
TTAACGTCGCAAGACC-1,1,10,54,13091,6434
CTATGTCTATTGAAAC-1,1,11,55,12953,6675
TCGGGTGAAACTGCTA-1,1,10,56,12815,6434
TGTCCCGACATAGCAC-1,1,11,57,12676,6675
ACAGCATAGAGCCAGT-1,1,10,58,12538,6434
ATATTCCCACAGGTCA-1,1,11,59,12400,6675
TTGGATCGACTTCTGG-1,1,10,60,12261,6435
CACCATCGGAGGAGAC-1,1,11,61,12123,6676
TCGTTCGTTATTATGT-1,1,10,62,11984,6435
CTTAACTTCGAAGTAC-1,1,11,63,11846,6676
GCACAAGTGTCGGAAG-1,1,10,64,11707,6435
TACCAGCTAGGTTTAA-1,1,11,65,11569,6676
ACGTACAGATTTCTCT-1,1,10,66,11431,6436
AATTTGGTTCCAAAGA-1,1,11,67,11292,6677
GTAAGGATTTGTCGGA-1,1,10,68,11154,6436
CATCATCTACCCGGAC-1,1,11,69,11016,6677
ACGATGGATCCGATGC-1,1,10,70,10877,6436
CACTCAGCTCTTGAGG-1,1,11,71,10739,6677
TAGATCCGAAGTCGCA-1,1,10,72,10600,6437
TGAAACTTATGCAAGC-1,1,11,73,10462,6678
GCGATTCTGGAAGCAG-1,1,10,74,10323,6437
CAAACTATTGAGCTTC-1,1,11,75,10185,6678
TAGAATTAAGGGCAAC-1,1,10,76,10047,6437
CGAAACATAGATGGCA-1,1,11,77,9909,6678
GATGGTGCCCTAGGCA-1,1,10,78,9770,6438
CCCGCAGGGCCCAAAG-1,1,11,79,9632,6679
ACAGCGCACCCGCAGC-1,1,10,80,9493,6438
GGTAAATGTGCGTTAC-1,1,11,81,9355,6679
GTCCTTCTAGTGGGTT-1,1,10,82,9216,6438
GGAAGCTCGCTTACAG-1,1,11,83,9078,6679
CACCGATACACCGAGC-1,1,10,84,8939,6439
CAGCCGGGCCCTCTAT-1,1,11,85,8801,6680
CGGAGCTTATAACACC-1,1,10,86,8663,6439
ATTACAACTACCGGCC-1,1,11,87,8525,6680
TCCTCTGGCCCATTAG-1,1,10,88,8386,6439
CGGCACCGTTAGCGCC-1,1,11,89,8248,6680
TCGGTCCCTGACTCCA-1,1,10,90,8109,6440
TGGTTGGAGGATCCTG-1,1,11,91,7971,6681
CTGCGGTAGTCACGTG-1,1,10,92,7832,6440
GTGCCTCAGTGTACGG-1,1,11,93,7694,6681
ATCGTTCACTTTCGCC-1,1,10,94,7556,6440
ACTTACCGGGCGCGCA-1,1,11,95,7417,6681
CTAGACTGCATTTCGT-1,1,10,96,7279,6441
TTGCCGGTGATCCCTC-1,1,11,97,7141,6682
CTGTCACGCCAGGCGC-1,1,10,98,7002,6441
CGGTATAGGTATTAGC-1,1,11,99,6864,6682
CCAACGCTTGCCAGGG-1,1,10,100,6725,6441
CGTTGAGTAATTGCGT-1,1,11,101,6587,6682
TGTATTTACCTAATGC-1,1,10,102,6448,6442
TAAATGCCGTCTCATG-1,1,11,103,6310,6683
CGGTTTATGAAGGAAC-1,1,10,104,6172,6442
GCAAGATGTGTTCGCG-1,1,11,105,6034,6683
AAAGGTAAGCTGTACC-1,1,10,106,5895,6442
GTACGTCACGTATTAA-1,1,11,107,5757,6683
AGTACCTTCGAGTGCT-1,1,10,108,5618,6443
ATTGTGACTTCGCTGC-1,1,11,109,5480,6684
TGTATCAGACTGAAGC-1,0,10,110,5341,6443
GAGACCCTGCAACGCC-1,1,11,111,5203,6684
TGGGTGGGATGTCATT-1,1,10,112,5064,6443
GGCTAATGATTGAAAT-1,1,11,113,4926,6684
ATAACGTTACCTCCAC-1,0,10,114,4788,6444
TGCGAGATGGCGGCCA-1,0,11,115,4650,6685
CACACTTGTATTGCGA-1,0,10,116,4511,6444
GCTGGTGACTCGTAGT-1,0,11,117,4373,6685
CGACACCGCTTAAGGA-1,0,10,118,4234,6444
GTAACAACTGACCTTG-1,0,11,119,4096,6685
CAACTGAGGGTATGAC-1,0,10,120,3957,6445
CTAATTATGAAGCGTA-1,0,11,121,3819,6686
CCGATCTTAAGAGGCT-1,0,10,122,3681,6445
CGACTCGGTACACGGT-1,0,11,123,3542,6686
TGCTGCGTCAGAGTTA-1,0,10,124,3404,6445
AGAGTTGCAGGCCTCC-1,1,11,125,3266,6686
ACTGGCGAACCTGCGT-1,0,10,126,3127,6446
ACTAAGGACGCACACC-1,0,11,127,2989,6687
CGTCCAGATGGCTCCA-1,0,12,0,20565,6906
ACTATCGCCGGCTAAA-1,0,13,1,20427,7147
GATAGCGTACCACGCG-1,0,12,2,20288,6907
AGGACTTATAGGAGAA-1,0,13,3,20150,7148
TAGTCGGGATTCTTCG-1,1,12,4,20012,6907
ACCATTAAGGGTGTCA-1,1,13,5,19873,7148
TTAATGTGTTTGCAGG-1,1,12,6,19735,6907
TCCGCAGCCACCTAGC-1,1,13,7,19597,7148
GAGGAGATCCTCATGC-1,1,12,8,19458,6908
GGTCCTTCATACGACT-1,1,13,9,19320,7149
CCCTGTTGGCAAAGAC-1,1,12,10,19181,6908
GTGCCTAGCTATGCTT-1,1,13,11,19043,7149
GTCATCTCCTACAGCT-1,1,12,12,18904,6908
GCGAGAAACGGGAGTT-1,1,13,13,18766,7149
CGTCGCGGCGGGATTT-1,1,12,14,18628,6909
CATTGTGTGCTAGATC-1,1,13,15,18490,7150
CGCGGCAGTATTACGG-1,1,12,16,18351,6909
GAAATGGGATGTAAAC-1,1,13,17,18213,7150
CATTCCCTAAGTACAA-1,1,12,18,18074,6909
AGTTCTGCGTTGTATC-1,1,13,19,17936,7150
ACCCTATAGGACTGAG-1,1,12,20,17797,6910
TTAGATAGGTCGATAC-1,1,13,21,17659,7151
ATTGATAGCAACGAGA-1,1,12,22,17520,6910
TCTCGGCTCCAGGACT-1,1,13,23,17382,7151
CTTGAGGTTATCCCGA-1,1,12,24,17244,6910
AAGAAGGATCAGTTAG-1,1,13,25,17106,7151
GTACGACGGCGCTGCG-1,1,12,26,16967,6911
CTTATGTTGACTACCA-1,1,13,27,16829,7152
CGGCACTCAAGAAAGT-1,1,12,28,16690,6911
GTCAAAGTTTACATAG-1,1,13,29,16552,7152
CTCCTAAGTTATGTCT-1,1,12,30,16413,6911
ACTGTGCTAGTAGATC-1,1,13,31,16275,7152
GTTTGGCCGCTCAGCG-1,1,12,32,16137,6912
TTATCCAATCGAACTC-1,1,13,33,15998,7153
CCGTACCCAAGCGCCA-1,1,12,34,15860,6912
CATACAAAGCCGAACC-1,1,13,35,15722,7153
GGTCGGTAATTAGACA-1,0,12,36,15583,6912
AGCGGGAAGGGTCCAT-1,1,13,37,15445,7153
GCCCACCAAGGCTGTC-1,0,12,38,15306,6913
GTAGACGTCGTTACAT-1,1,13,39,15168,7154
GAGCATCATCCCTGGG-1,1,12,40,15029,6913
AGGTAACCTCCTATTC-1,1,13,41,14891,7154
GGTTTGAGTGCTGGAA-1,1,12,42,14753,6913
GCACTAGTCGCGCTAT-1,1,13,43,14614,7154
GGTAACTATGTATCTG-1,1,12,44,14476,6914
GCGGTCCCTAGACGCA-1,1,13,45,14338,7155
CGAGCGTTGATCAGCC-1,1,12,46,14199,6914
AATCCAAGGGCCTGAG-1,1,13,47,14061,7155
CCGTGCCCATGACGGC-1,1,12,48,13922,6914
GAAATTCACATCGCTG-1,1,13,49,13784,7155
CTCTGCGAAGCAAGCA-1,1,12,50,13645,6915
AGTAGGTAACATACAT-1,1,13,51,13507,7156
ATTGGGAATATCTTGG-1,1,12,52,13369,6915
TAGAGCTACGAAGAAC-1,1,13,53,13231,7156
TGCGGCATAGTTCAAC-1,1,12,54,13092,6915
CCGCCGGTCAACACAC-1,1,13,55,12954,7156
TCGTATAGTGCAATTA-1,1,12,56,12815,6916
TAGTTTATTCTTGCTT-1,1,13,57,12677,7157
GATATCTCATGCAATA-1,1,12,58,12538,6916
CGTTTAAGCGGAGCAC-1,1,13,59,12400,7157
CATGCTGGCTCCAATT-1,1,12,60,12262,6916
GAAACAGCCATGCAGT-1,1,13,61,12123,7157
AGTTTCGCAGGTCGGA-1,1,12,62,11985,6917
CTCATGGCTCACAATC-1,1,13,63,11847,7158
AACCGTTGTGTTTGCT-1,1,12,64,11708,6917
ACCCTTCATCTGCGAA-1,1,13,65,11570,7158
TGCGGTGAAATTTCAT-1,1,12,66,11431,6917
CAAATTGTCAGCAAGC-1,1,13,67,11293,7158
GAGGTACATCCATCTT-1,1,12,68,11154,6918
AAATGGCATGTCTTGT-1,1,13,69,11016,7159
TCATCCCAGAGGGTGG-1,1,12,70,10878,6918
CGTAGCGAATTGTCAG-1,1,13,71,10739,7159
CCTAGTTAGTCGCATG-1,1,12,72,10601,6918
GAAACTCTAATGAAGG-1,1,13,73,10463,7159
TTGTATCACACAGAAT-1,1,12,74,10324,6919
TTCAAGCCGAGCTGAG-1,1,13,75,10186,7160
AGGTACGATATTGCCA-1,1,12,76,10047,6919
TTAAGCCGACAACTTC-1,1,13,77,9909,7160
GTCTTAGTACAGCCGG-1,1,12,78,9770,6919
TGGGTAAGGTTCCCGC-1,1,13,79,9632,7160
CTACGCCATTTCCGAT-1,0,12,80,9494,6920
GACCGTCAGGTCGTGA-1,1,13,81,9356,7161
TAGTTAAGATAGGATA-1,1,12,82,9217,6920
GAATATTCGGAGTCCC-1,1,13,83,9079,7161
CAAACTACGATAGAGA-1,1,12,84,8940,6920
CAGGAAGACTTTATAT-1,1,13,85,8802,7161
TTCGTAATCCCAGCGG-1,1,12,86,8663,6921
GTGAGGAGCGGTTGAG-1,1,13,87,8525,7162
CAATCCCTATACCAGC-1,1,12,88,8386,6921
AGGGAAACGAGGTACT-1,1,13,89,8248,7162
TCCTGCCAACTGGAGA-1,1,12,90,8110,6921
AATTTGGGACATAGTA-1,1,13,91,7972,7162
AACTCCTAATCCCATG-1,1,12,92,7833,6922
GCTCATTACTGCATGT-1,1,13,93,7695,7163
TCTCGAACGAGGTCAC-1,1,12,94,7556,6922
TCACTACGACCAATGC-1,1,13,95,7418,7163
GTGATGCACAACATCT-1,1,12,96,7279,6922
CCGACGTAAACACAAC-1,1,13,97,7141,7163
TGGGATGCACTCATTC-1,1,12,98,7003,6923
TTCCATCATGCGGTGA-1,1,13,99,6864,7164
TGCACAGTGAAGTTAT-1,1,12,100,6726,6923
CTATTGTGTTTGGTCA-1,1,13,101,6588,7164
TGCGAGCCCTTCCGCG-1,1,12,102,6449,6923
TTGAAAGGTGTAAAGG-1,1,13,103,6311,7164
GGTGCAGAGCCTATCG-1,1,12,104,6172,6924
ACTATATGCTGTGTTC-1,1,13,105,6034,7165
TCCTGGCGCTGCCTGG-1,1,12,106,5895,6924
GAGCCGAGCGTTTATT-1,1,13,107,5757,7165
AGAATGCGGGTTCGGA-1,1,12,108,5619,6924
ATGCGACAATTGGTCC-1,1,13,109,5481,7165
TTCCGGCTCGACTTCT-1,1,12,110,5342,6925
TGATTATGGCACGCAG-1,1,13,111,5204,7166
GGTTTGACAAGAAGCT-1,1,12,112,5065,6925
GCAGCTATGGACAGGT-1,1,13,113,4927,7166
CACCATGATCGCAAAG-1,1,12,114,4788,6925
GTCGGAAGGATACCAG-1,1,13,115,4650,7166
GGCCCAGTTATCAGCA-1,1,12,116,4511,6926
GGGCCTATTTAAGTAT-1,1,13,117,4373,7167
GTTGTTACATTGCGCT-1,1,12,118,4235,6926
CAACTCCGTAACTTGC-1,1,13,119,4097,7167
GATCTTTGCTCAAAGA-1,0,12,120,3958,6926
TCGCTTAATTACGAAG-1,0,13,121,3820,7167
CGATCATTAGAGGCAC-1,0,12,122,3681,6927
TGTTCTCTACTCCCTA-1,1,13,123,3543,7168
GCTTAGGGAAGCGGTA-1,1,12,124,3404,6927
CAGGTTTAGTACTACA-1,0,13,125,3266,7168
AAGCGGAGTGCGCGCA-1,0,12,126,3128,6927
TCAGATGGAGACGTAG-1,0,13,127,2989,7168
TCGCACTAACGTTTGT-1,0,14,0,20566,7388
CACGTCGGGTTCTAGA-1,0,15,1,20428,7629
GGAGTACACATGAGCT-1,0,14,2,20289,7388
GTGTGTCGACGTCGCT-1,0,15,3,20151,7629
GAAGCTCTTTGCTTAG-1,1,14,4,20012,7389
ACACCGAGCGCTCTTT-1,1,15,5,19874,7630
CGTAATAATTACGAGT-1,1,14,6,19735,7389
CATCAACACCTACTAA-1,1,15,7,19597,7630
CCAAGTTTCTACAGAT-1,1,14,8,19459,7389
ACGGGTCATGTGACTT-1,1,15,9,19320,7630
AGTGTGCTAAGATCGC-1,1,14,10,19182,7390
GGCGGTTTGCCGGTGC-1,1,15,11,19044,7631
GTATAATCTCCCGGAT-1,1,14,12,18905,7390
TAGTCCGTATGCATAA-1,1,15,13,18767,7631
CACTTCGTCTTATCTC-1,1,14,14,18628,7390
CATCCGCAGGCCCGAA-1,1,15,15,18490,7631
CCCTGATGTAACTCGT-1,1,14,16,18351,7391
CCATAGTCAGTAACCC-1,1,15,17,18213,7632
CGGGCCATAGCCGCAC-1,1,14,18,18075,7391
CTCCGGCTTGTAGACA-1,1,15,19,17937,7632
AACTTGCGTTCTCGCG-1,1,14,20,17798,7391
AATGAGTTCGCATATG-1,1,15,21,17660,7632
CGAGGCCAGGCATTGG-1,1,14,22,17521,7392
TCTGCGTCCGGTTTCT-1,1,15,23,17383,7633
CAATCCTGCCGTGGAG-1,1,14,24,17244,7392
CTGAGCAAGTAACAAG-1,1,15,25,17106,7633
GGGTACCCACGGTCCT-1,1,14,26,16967,7392
ACGGAATTTAGCAAAT-1,1,15,27,16829,7633
GGGCGGTCCTATTGTC-1,1,14,28,16691,7393
ATGTTACGAGCAATAC-1,1,15,29,16553,7634
AACCATGGGATCGCTA-1,1,14,30,16414,7393
TCGCATCCCTAAGTGT-1,1,15,31,16276,7634
ACTTAGTACGACAAGA-1,1,14,32,16137,7393
GAGCTCTCGGACCTAA-1,1,15,33,15999,7634
TCTATTACGCTGGCGA-1,1,14,34,15860,7394
AGATACGACTTCATAT-1,1,15,35,15722,7635
CGCTATACCGCCCACT-1,1,14,36,15584,7394
CAGTGTCCGCAGAATG-1,1,15,37,15445,7635
CCATCCATACCAAGTC-1,1,14,38,15307,7394
AACCCAGAGACGGAGA-1,1,15,39,15169,7635
GAAGAACGGTGCAGGT-1,1,14,40,15030,7395
GATAAATCGGTGGATG-1,1,15,41,14892,7636
CAGCTCGTGCTTGTGT-1,1,14,42,14753,7395
GAGTACGGGTATACAA-1,1,15,43,14615,7636
CATCGCCCGCGGCCAA-1,1,14,44,14476,7395
TCTTACAGAGGTACCG-1,1,15,45,14338,7636
TGGAAGACGAACACCA-1,1,14,46,14200,7396
GTTGTCGTGTTAGTTG-1,1,15,47,14062,7637
CCAAGGAACAGAGAGG-1,1,14,48,13923,7396
CTGCACCTGGAACCGC-1,1,15,49,13785,7637
CGCTTTCATACCGGTG-1,1,14,50,13646,7396
GTTCTTCCCTCGATGT-1,1,15,51,13508,7637
ATTTAACTCGTATTAC-1,0,14,52,13369,7397
AACGATAGAAGGGCCG-1,0,15,53,13231,7638
TATCCTGCATGGGAAT-1,0,14,54,13092,7397
AGGCCCATTGTACAGG-1,1,15,55,12954,7638
CCGGCGCATATTGGAT-1,1,14,56,12816,7397
ATCTGTAATTGTACCC-1,1,15,57,12678,7638
GAGCGAGGGAGTACCG-1,1,14,58,12539,7398
TTATTAGGGAAGCATC-1,1,15,59,12401,7639
CTTCTTACGTCGTATA-1,1,14,60,12262,7398
GAAGTGCTGGATAGCT-1,1,15,61,12124,7639
GTGCAACAAATGTGGC-1,1,14,62,11985,7398
CATGCGTTAGACAGAA-1,1,15,63,11847,7639
ACACACTTTCTACACG-1,1,14,64,11709,7399
AGCCCTAAGCGAAGTT-1,1,15,65,11570,7640
ATTAATTCGGTCACTC-1,1,14,66,11432,7399
AACAGGAAATCGAATA-1,1,15,67,11294,7640
ACGTTTAGTTGTGATC-1,1,14,68,11155,7399
TCCTTCAGTGGTCGAA-1,1,15,69,11017,7640
CGAACGCCCAGTGCCG-1,1,14,70,10878,7400
CCTCGAAGTGGACGGG-1,1,15,71,10740,7641
CTCTGTTTGAGGATTC-1,1,14,72,10601,7400
TGGGCACGTTCTATGG-1,1,15,73,10463,7641
ACTATTCGTCCGTGGT-1,1,14,74,10325,7400
CCTCTGGCCTAGACGG-1,1,15,75,10186,7641
CCATAAACAACCCGAC-1,1,14,76,10048,7401
CATAGTACATTGAGAG-1,1,15,77,9910,7642
ATTTCATTATTTCGCG-1,1,14,78,9771,7401
CAACTATATCGAATGC-1,0,15,79,9633,7642
CTAGTATTCGGAATTA-1,0,14,80,9494,7401
GTGGAACCTACATGCG-1,1,15,81,9356,7642
CCTAAAGGCTGACGCT-1,1,14,82,9217,7402
CGTGACATTGGGTCGT-1,1,15,83,9079,7643
CCAATCGGTAGATCGA-1,1,14,84,8941,7402
ATTGTCGCAATACCTT-1,1,15,85,8803,7643
AAATTACACGACTCTG-1,1,14,86,8664,7402
CACTCCTCTCGGTCGG-1,1,15,87,8526,7643
AAATAACCATACGGGA-1,1,14,88,8387,7403
AGTTACTCTATCGTGG-1,1,15,89,8249,7644
CGTTAGCTCACAACTG-1,1,14,90,8110,7403
GAATGTATGGCAGGTC-1,1,15,91,7972,7644
GCAACCACCAGACCGG-1,1,14,92,7834,7403
TCACTCGTGCAACGGC-1,1,15,93,7695,7644
AAACAGAGCGACTCCT-1,1,14,94,7557,7404
CAGCCTCTCCTCAAGA-1,1,15,95,7419,7645
TTGCGTGAACGCTTAG-1,1,14,96,7280,7404
CCGCCTGCGAATTGGT-1,1,15,97,7142,7645
AGATGAGGGTTGCGAT-1,1,14,98,7003,7404
CGGTGGGCTCCAGCCT-1,1,15,99,6865,7645
GGCAGCGGTAATCCTA-1,1,14,100,6726,7405
GCTAGCAGGGAGTGGG-1,1,15,101,6588,7646
CTCAAGACATTAGCGC-1,1,14,102,6450,7405
CACGGCGCGCCAAAGG-1,1,15,103,6311,7646
TGCAATTTGGGCACGG-1,1,14,104,6173,7405
ATGCCAATCGCTCTGC-1,1,15,105,6035,7646
GCTGGACCCAAAGTGG-1,1,14,106,5896,7406
ATTCCTAAGACGTGGA-1,1,15,107,5758,7647
TCCGGAGGAAGGGCTG-1,1,14,108,5619,7406
TCGGTGACCGCTCCGG-1,1,15,109,5481,7647
TCCGAAGTAGTCACCA-1,1,14,110,5342,7406
CATGTAGGAGCGCCAA-1,1,15,111,5204,7647
CACAAGAAAGATATTA-1,1,14,112,5066,7407
AGGGTCAGTAACCCTA-1,1,15,113,4928,7648
TAAGCCCTTACGACCA-1,1,14,114,4789,7407
ATACCGTCATCCATAA-1,1,15,115,4651,7648
GGACGTCCATAGTTGG-1,1,14,116,4512,7407
CATCAAACTGGCGCCC-1,1,15,117,4374,7648
AAACGTGTTCGCCCTA-1,1,14,118,4235,7408
AAATTGGTGAGAAGCA-1,1,15,119,4097,7649
GGTCATTGTAGTCATA-1,1,14,120,3958,7408
TGCAGTGAGGCTCGGG-1,1,15,121,3820,7649
GAACATTAGTATGTTA-1,1,14,122,3682,7408
GGTTTGCGAACACGTA-1,0,15,123,3544,7649
ACACAAATATTCCTAG-1,0,14,124,3405,7409
TTGGGTTTATTCAGCG-1,0,15,125,3267,7650
ATTCGCAGAGGACACT-1,0,14,126,3128,7409
GATTTAGTGCGTACTG-1,0,15,127,2990,7650
TAGAAACACAATAGTG-1,0,16,0,20566,7870
CAGTAGATGATGTCCG-1,0,17,1,20428,8110
TCTTAACTCGGATGTA-1,0,16,2,20289,7870
TACATCTTGTTTCTTG-1,0,17,3,20151,8111
TTCATAGGGTGTCCAT-1,1,16,4,20013,7870
TGAAGTAGCTTACGGA-1,1,17,5,19875,8111
GCACAAGTGGATCATA-1,1,16,6,19736,7871
GGGCGAATTTCTCCAC-1,1,17,7,19598,8111
ATGTTCCTGCCCACCT-1,1,16,8,19459,7871
GCTCAACCTCTTAGAG-1,1,17,9,19321,8112
ATAGCTGCTCTTGTTA-1,1,16,10,19182,7871
CGTCAGCTATTTACTC-1,1,17,11,19044,8112
ATCTGATAGTGTCTTA-1,1,16,12,18906,7872
TGCACTATGTGAGTGC-1,1,17,13,18767,8112
CCGACAAACACATGAG-1,1,16,14,18629,7872
GCCTTGTATATGCAGT-1,1,17,15,18491,8113
ATAATACCGTTAGCCG-1,1,16,16,18352,7872
ACACTCCAATGTCACT-1,1,17,17,18214,8113
AGTTGCTGACTGATAT-1,1,16,18,18075,7873
GGCGCTCCTCATCAAT-1,1,17,19,17937,8113
TGCCTGACATCGGTCA-1,1,16,20,17798,7873
TTGGCCATCTTGCGCT-1,1,17,21,17660,8114
CAGTGGTTGCACATGA-1,1,16,22,17522,7873
AGAATTGTTTGACATA-1,1,17,23,17384,8114
AAATGCTCGTTACGTT-1,1,16,24,17245,7874
CACCTAATAGAGTCGT-1,1,17,25,17107,8114
CATTTCTAGCAGACTA-1,1,16,26,16968,7874
CCGAAAGTGGTGAGCA-1,1,17,27,16830,8115
AGTCAGCCACCGCCTG-1,1,16,28,16691,7874
TCATCACTCGAGCTCG-1,1,17,29,16553,8115
CTCAGGACTCACCTGT-1,1,16,30,16414,7875
CGGTGTACTTGATCCC-1,1,17,31,16276,8115
CCTACGGCTCAGTCGA-1,1,16,32,16138,7875
GTACTTGGGCACTTCT-1,1,17,33,16000,8116
TGATTTCCTCCTGACG-1,1,16,34,15861,7875
CCTCACCAATCTTGAC-1,1,17,35,15723,8116
GGTGAGATGCAGATAA-1,1,16,36,15584,7876
GCTAGTTTCATTGAGG-1,1,17,37,15446,8116
AGGACATCGCACGTCG-1,1,16,38,15307,7876
GTGGACGTGCTGAGAC-1,1,17,39,15169,8117
TAAGGAACTTGTGGGA-1,1,16,40,15031,7876
TCGCTGTGCGTAAATC-1,1,17,41,14892,8117
GCATCCCTAACTTTGA-1,1,16,42,14754,7877
CACCCACACGTCACCC-1,1,17,43,14616,8117
CCCTCATTCTGGAATT-1,1,16,44,14477,7877
AGGGCGTGATCGGCTA-1,1,17,45,14339,8118
GGTGCGGATAAGTGGC-1,1,16,46,14200,7877
TAATATTGAAATTCGC-1,1,17,47,14062,8118
CTTACACTGGGAAATA-1,1,16,48,13923,7878
ACCAAGAACGCGTGTC-1,1,17,49,13785,8118
GCCTTCAGCCCTACCG-1,1,16,50,13647,7878
GATGCTACAAGCGCCT-1,1,17,51,13509,8119
CCGGGACCCGCAGAGA-1,0,16,52,13370,7878
GTTCCAGTCTGACCAT-1,1,17,53,13232,8119
ATGATCGGGAATAGAC-1,1,16,54,13093,7879
TTGGATTGGGTACCAC-1,1,17,55,12955,8119
TACCTCACGCTTGTAC-1,1,16,56,12816,7879
CATGGCAGGAAGATCG-1,1,17,57,12678,8120
ATGACGCCGGCTCTAA-1,1,16,58,12539,7879
AGCGACATCCCATTCA-1,1,17,59,12401,8120
AGTAATGTCTTGCCGC-1,1,16,60,12263,7880
TTCTTAGTGGCTCAGA-1,1,17,61,12125,8120
CGTCTGGAAGGGCCCG-1,1,16,62,11986,7880
ACGTGCGCCTCGTGCA-1,1,17,63,11848,8121
AGAGCGGGCTAATCAT-1,1,16,64,11709,7880
GCGTCGAAATGTCGGT-1,1,17,65,11571,8121
AACTGATATTAGGCCT-1,1,16,66,11432,7881
CGAGCTGGGCTTTAGG-1,1,17,67,11294,8121
GGGTGTTTCAGCTATG-1,1,16,68,11156,7881
TTAATTTCAGACGCGG-1,1,17,69,11017,8122
ACTGCCGTCGTAACTC-1,1,16,70,10879,7881
GTGCACGAAAGTGACT-1,1,17,71,10741,8122
ATCTCCCTGCAATCTA-1,1,16,72,10602,7882
ACGCCAGATGATTTCT-1,1,17,73,10464,8123
AGCTATTTAATCCAAC-1,1,16,74,10325,7882
CCACGAGAAGAGAATC-1,1,17,75,10187,8123
GATTCCGCGTTTCCGT-1,1,16,76,10048,7882
GTCGGATGTAGCGCGC-1,1,17,77,9910,8123
TATTTATACCGAGTAG-1,1,16,78,9772,7883
GTAGGTGATCCGTGTA-1,1,17,79,9633,8124
AGTTAAGCGGTCCCGG-1,1,16,80,9495,7883
CTGGCGACATAAGTCC-1,1,17,81,9357,8124
TTGGCCTAGAATTTCG-1,1,16,82,9218,7883
GGCATATCGGTTCTGC-1,1,17,83,9080,8124
GGGCGTCCACTGGCTC-1,1,16,84,8941,7884
TTACCCATTGCCGGGT-1,1,17,85,8803,8125
TTAGACACGATCGTTG-1,1,16,86,8664,7884
GCGCTGATCCAGACTC-1,1,17,87,8526,8125
TTCGGCAACCCGCTGA-1,1,16,88,8388,7884
GATATTTCCTACATGG-1,1,17,89,8250,8125
CTGCGTTACGATATAA-1,1,16,90,8111,7885
TAATAAACAAGGAGAT-1,1,17,91,7973,8126
AACCTTTACGACGTCT-1,1,16,92,7834,7885
AGTCCCGCCTTTAATT-1,1,17,93,7696,8126
TGAGATTAGGCCCTAA-1,1,16,94,7557,7885
AGTGTATTGCGCATTG-1,1,17,95,7419,8126
GTTGGATTCAGTGGCT-1,1,16,96,7281,7886
TAAAGCTGCAATAGGG-1,1,17,97,7142,8127
AGTAGGAAGGAAGTTG-1,1,16,98,7004,7886
TATCACTTCGAGTAAC-1,1,17,99,6866,8127
TGATCTACGCTGATCT-1,1,16,100,6727,7886
GGATCATCCCGTACGC-1,1,17,101,6589,8127
TGACACTTCTCTTTGC-1,1,16,102,6450,7887
AGCCCTTCTAATCCGA-1,1,17,103,6312,8128
CACCGCGTCCACTCTA-1,1,16,104,6173,7887
TAATTGGAATCGGGAA-1,1,17,105,6035,8128
TCGTAAGCTCCGAGGA-1,1,16,106,5897,7887
TATATTACAAATGTCG-1,1,17,107,5758,8128
CGCGAGAGGGACTTGT-1,1,16,108,5620,7888
GGACCTACGGTAACGT-1,1,17,109,5482,8129
GAAATATGCTTGAATG-1,1,16,110,5343,7888
CCGTATTAGCGCAGTT-1,1,17,111,5205,8129
AGGCGTCTATGGACGG-1,1,16,112,5066,7888
AACATCGATACGTCTA-1,1,17,113,4928,8129
TGAATATGCTATAAAC-1,1,16,114,4789,7889
ACCAAACACCCAGCGA-1,1,17,115,4651,8130
TGGCTTGTACAAGCTT-1,1,16,116,4513,7889
GAATGAAGGTCTTCAG-1,1,17,117,4375,8130
AGATACCAGCACTTCA-1,1,16,118,4236,7889
GCGGTCCCGGTGAAGG-1,1,17,119,4098,8130
GAGGCATTTGCAGCAG-1,1,16,120,3959,7890
GGCAAGCCAGGGATAG-1,1,17,121,3821,8131
TCTACGGGCTCAGTTG-1,1,16,122,3682,7890
TCTGCGAATCGTTCGC-1,1,17,123,3544,8131
AGCTCGTTGATGGAAA-1,1,16,124,3405,7890
TGAATGAGATACAGCA-1,1,17,125,3267,8131
ACCCTTGCCTGGGTCG-1,0,16,126,3129,7891
GGCGAACCGTTCTGAT-1,0,17,127,2991,8132
GCGATGTCTGTGCTTG-1,0,18,0,20567,8351
ATTAACACCTGAGATA-1,0,19,1,20429,8592
GAAATCTGACCAAGTT-1,0,18,2,20290,8351
CCTGACAAACTCGCGC-1,0,19,3,20152,8592
ATGTCATTTCCCATTG-1,0,18,4,20013,8352
GCGGTGCGGAGCATCG-1,1,19,5,19875,8593
CGGAAAGCAAATGTGC-1,1,18,6,19737,8352
GCTGAGCAACGGTTCT-1,1,19,7,19598,8593
TCACTCTTCGTCTGTC-1,1,18,8,19460,8352
GATCTTCATTGTCCTC-1,1,19,9,19322,8593
ACTCGATGTATTTCAT-1,1,18,10,19183,8353
TGAAGAGCGGTCCTAG-1,1,19,11,19045,8594
TAAACGTCGTCAATGA-1,1,18,12,18906,8353
ACGTTATTGGTCACTC-1,1,19,13,18768,8594
ATAGCCTCAGTACCCA-1,1,18,14,18629,8353
CGGGAGTATACCGCCG-1,1,19,15,18491,8594
GTCCTACAGGCGGCTC-1,1,18,16,18353,8354
CGGATAAGCGGACATG-1,1,19,17,18214,8595
AACTTCTGCGTCTATC-1,1,18,18,18076,8354
GGGTTCAGACGAACAA-1,1,19,19,17938,8595
AGTCTGGACATCCTTG-1,1,18,20,17799,8354
TTGAACGAATCCTTTG-1,1,19,21,17661,8595
GAAATACTAAACGTTT-1,1,18,22,17522,8355
CCCGCGCAATGCACCC-1,1,19,23,17384,8596
TTCGGCTAGAGATGGT-1,1,18,24,17245,8355
GACACGAGTTAGAGGA-1,1,19,25,17107,8596
GAGGTCCCAAAGATCT-1,1,18,26,16969,8355
TAACTCCATGGAGGCT-1,1,19,27,16831,8596
CTTGTTTATGTAGCCA-1,1,18,28,16692,8356
GATGGCGCACACATTA-1,1,19,29,16554,8597
ATAATAGTGTAGGGAC-1,1,18,30,16415,8356
CGCTATTCAATGTATG-1,1,19,31,16277,8597
ATATTGCTGTCAAAGT-1,1,18,32,16138,8356
GGATTCAGTACGGTGG-1,1,19,33,16000,8597
TTCTTAGTGAACGGTG-1,1,18,34,15861,8357
AATGGTTCTCACAAGC-1,1,19,35,15723,8598
TATACACGCAAAGTAT-1,1,18,36,15585,8357
CTTCATAGCTCAAGAA-1,1,19,37,15447,8598
CAACGGTTCTTGATAC-1,1,18,38,15308,8357
ACACCCGAGAAATCCG-1,1,19,39,15170,8598
TCTATCATGCAGTTAC-1,1,18,40,15031,8358
CCCGCCATGCTCCCGT-1,1,19,41,14893,8599
CGCTTCCACTGAAATC-1,1,18,42,14754,8358
CACTGTCCAAGTGAGA-1,1,19,43,14616,8599
ATTACTAGCCTCTTGC-1,1,18,44,14478,8358
CATAGTAGCATAGTAG-1,1,19,45,14339,8599
CAACTCCTTGATCCCG-1,1,18,46,14201,8359
AAGTAGAAGACCGGGT-1,1,19,47,14063,8600
GCGGGAACCAGGCCCT-1,1,18,48,13924,8359
ATTAGATTGATAGCGG-1,1,19,49,13786,8600
CTCGGTCCGTAGCCTG-1,1,18,50,13647,8359
TGGCTTTGGGTAGACA-1,1,19,51,13509,8600
TATCCATATCATGCGA-1,1,18,52,13370,8360
GGAGTGCCGCCCTGGA-1,1,19,53,13232,8601
TGAGAATGCTTTACCG-1,1,18,54,13094,8360
TTAACCAACCCTCCCT-1,1,19,55,12956,8601
TGTTTCGGTACTTCTC-1,1,18,56,12817,8360
TTGCTGAAGGAACCAC-1,1,19,57,12679,8601
TATTTAGTCTAGATCG-1,1,18,58,12540,8361
CTCCGGCCTAATATGC-1,1,19,59,12402,8602
TTGTGGCCCTGACAGT-1,1,18,60,12263,8361
TCGCCGGTCGATCCGT-1,1,19,61,12125,8602
CCATAGGTTGGCGTGG-1,1,18,62,11986,8361
GAACGACCGAATGATA-1,1,19,63,11848,8602
TCCGATAATTGCCATA-1,1,18,64,11710,8362
CATTACGTCGGCCCGT-1,1,19,65,11572,8603
CAAGCACCAAATGCCT-1,1,18,66,11433,8362
TGCATGGATCGGATCT-1,1,19,67,11295,8603
GAAATCGCGCGCAACT-1,1,18,68,11156,8362
CTGAAAGAGATCCGAC-1,1,19,69,11018,8603
CACCTCGATGGTGGAC-1,1,18,70,10879,8363
ATTTGTTCCAGGGCTC-1,1,19,71,10741,8604
TGGGCCACAAGAGCGC-1,1,18,72,10603,8363
CCTTCTTGATCCAGTG-1,1,19,73,10464,8604
CCTCGCCAGCAAATTA-1,1,18,74,10326,8363
TTCATGGCGCAACAGG-1,1,19,75,10188,8604
TTAATCAGTACGTCAG-1,1,18,76,10049,8364
CCTATCTATATCGGAA-1,1,19,77,9911,8605
ATTATACTTTGCTCGT-1,1,18,78,9772,8364
ATGGATCCGGCGTCCG-1,1,19,79,9634,8605
CGCCCGCTTCCGTACA-1,1,18,80,9495,8364
GGATTCCGCTATACCC-1,1,19,81,9357,8605
CGGTCTATCAACCCGT-1,1,18,82,9219,8365
ATGCCGGTTGATGGGA-1,1,19,83,9080,8606
TCATGCAGGTTCTCAT-1,1,18,84,8942,8365
TGAGCTTTAATGACGC-1,1,19,85,8804,8606
TCCCTTAGATTACTCG-1,1,18,86,8665,8365
ATATCTCCCTCGTTAA-1,1,19,87,8527,8606
AGCTCTTCCCAGTGCA-1,1,18,88,8388,8366
TCGCTAAACCGCTATC-1,1,19,89,8250,8607
CACATTCTTTCGATGG-1,1,18,90,8111,8366
GATATGCGGTAGCCAA-1,1,19,91,7973,8607
CGTTTCACTTCGGGCG-1,1,18,92,7835,8366
CCAATTACGGGTCGAG-1,1,19,93,7697,8607
GCAGGTAGAGTATGGT-1,1,18,94,7558,8367
GTCGTATTGGCGTACA-1,1,19,95,7420,8608
GAAATTAGCACGGATA-1,1,18,96,7281,8367
AATGCACCAAGCAATG-1,1,19,97,7143,8608
AGGACGCTCGATGTTG-1,1,18,98,7004,8367
GGCTAAAGGGCGGGTC-1,1,19,99,6866,8608
CATCTATCCCGTGTCT-1,1,18,100,6728,8368
CAGTAACTATTTATTG-1,1,19,101,6589,8609
CATATACTACTGATAA-1,1,18,102,6451,8368
GCGTTCGGAGACCGGG-1,1,19,103,6313,8609
AAGTTCAGTCTGCGTA-1,1,18,104,6174,8368
CGAAGCTATAAATTCA-1,1,19,105,6036,8609
CGCGGTCACAAACCAA-1,1,18,106,5897,8369
GGGAATGAGCCCTCAC-1,1,19,107,5759,8610
ACGGAGCGCAAATTAC-1,1,18,108,5620,8369
CGTTCTTCGCACACCT-1,1,19,109,5482,8610
GAATAGCCCTGCGGTC-1,1,18,110,5344,8369
AATAGCTACCGCGTGC-1,1,19,111,5205,8610
CCGAGCTGTGCTTGTC-1,1,18,112,5067,8370
GATGACGATGATCGCG-1,1,19,113,4929,8611
GCCTATGCTGGGCCTT-1,1,18,114,4790,8370
TTACTGTCTAGAGCTC-1,1,19,115,4652,8611
AGCGGTTGCCGCTCTG-1,1,18,116,4513,8370
GCTTGCAGCACAATTG-1,1,19,117,4375,8611
CCGGAGGTCTTATGGT-1,1,18,118,4236,8371
ACAGTATACCGTGGGA-1,1,19,119,4098,8612
GGGATCCCAATACAAA-1,1,18,120,3960,8371
ATTACGACTCCACAGT-1,1,19,121,3822,8612
CTCACACGCAAGCCTA-1,1,18,122,3683,8371
CCAGATGTAAATGGGT-1,1,19,123,3545,8612
GAACTTGTGCACGGGA-1,1,18,124,3406,8372
AAGCCGCTTTACCTTG-1,1,19,125,3268,8613
TCCATTCCCACTAGAG-1,1,18,126,3129,8372
AGAGCGCTTGTAACGG-1,0,19,127,2991,8613
TGGGTTCCCGGACGGA-1,0,20,0,20567,8833
GCTGCGCCTCCCACGT-1,0,21,1,20429,9074
CTGTTGGCTCTTCTGA-1,0,20,2,20291,8833
TTGTTCTAGATACGCT-1,0,21,3,20153,9074
CCCTCAAGCTCTTAGT-1,0,20,4,20014,8833
TGGTCTAGCTTACATG-1,1,21,5,19876,9074
ATGCACCTTCCTTAAT-1,1,20,6,19737,8834
GGGATACGGTAATAAT-1,1,21,7,19599,9075
AGTTCACCGGTTGGAC-1,1,20,8,19460,8834
GACATACTGTCGCAGA-1,1,21,9,19322,9075
TGGACACCGTTGCTTG-1,1,20,10,19184,8834
TGCGATGCTAATGGCT-1,1,21,11,19045,9075
TTCTGTTTCCTGTCGC-1,1,20,12,18907,8835
CGTTGTAAACGTCAGG-1,1,21,13,18769,9076
GATCGGCGATAAGTCG-1,1,20,14,18630,8835
AGCCTTAAAGCGGAAG-1,1,21,15,18492,9076
TCCGTAACCACAATCC-1,1,20,16,18353,8835
GAATGCCGAAATGACC-1,1,21,17,18215,9076
TATACTCATGCGGCAA-1,1,20,18,18076,8836
TAGTGTCAGAAACGGC-1,1,21,19,17938,9077
CGTCATACCATATCCA-1,1,20,20,17800,8836
TAGTACCTTAGTGGTC-1,1,21,21,17661,9077
CTGGCGGGAATAAGTA-1,1,20,22,17523,8836
AGTGTGGTCTATTGTG-1,1,21,23,17385,9077
GCTATCGCGGCGCAAC-1,1,20,24,17246,8837
CAGTAATCCCTCCCAG-1,1,21,25,17108,9078
GTATTAAGGCGTCTAA-1,1,20,26,16969,8837
CTAATTTCAACAACAC-1,1,21,27,16831,9078
TTAGCAACATGGATGT-1,1,20,28,16692,8837
ATGCTCAGTGTTGCAT-1,1,21,29,16554,9078
GATGTTTGTGCGAGAT-1,1,20,30,16416,8838
CACTTCGCCACAGGCT-1,1,21,31,16278,9079
CTGTATGGTGTAGAAA-1,1,20,32,16139,8838
TACGTGCACTATGCTG-1,1,21,33,16001,9079
GTATCAGCTTGGGTTC-1,1,20,34,15862,8838
TAACAAAGGGAGAAGC-1,1,21,35,15724,9079
TTACATCGTGGCCTGG-1,1,20,36,15585,8839
TCTGAACCGGTCGGCT-1,1,21,37,15447,9080
GGCTCGTGCCACCAGC-1,1,20,38,15308,8839
TATAAGTGAGGATAGC-1,1,21,39,15170,9080
GCCCGCGCGTTTGACA-1,1,20,40,15032,8839
TGCTGGTTGGACAATT-1,1,21,41,14894,9080
GCCTAGCGATCTGACC-1,1,20,42,14755,8840
CCATGCTCTGCAGGAA-1,1,21,43,14617,9081
TATAAATCCACAAGCT-1,1,20,44,14478,8840
CGCTCGACATAATGAT-1,1,21,45,14340,9081
CCAATTGAATGTTAAT-1,1,20,46,14201,8840
GCTAATACCGAATGCC-1,1,21,47,14063,9081
TTCAACGACCCGACCG-1,1,20,48,13925,8841
TTCCTCGAGGGTGTCT-1,1,21,49,13786,9082
CAACGACCCGTTTACA-1,1,20,50,13648,8841
CTTGTACTTGTTGACT-1,1,21,51,13510,9082
TCTCTAATAGCTGGTA-1,1,20,52,13371,8841
ATTATGCCATAGGGAG-1,1,21,53,13233,9082
GACAACGCAGCTTACG-1,1,20,54,13094,8842
AGATGACTCGCCCACG-1,1,21,55,12956,9083
GTGCGGGTCTCCAAAT-1,1,20,56,12817,8842
GTACGAGATTGCGACA-1,1,21,57,12679,9083
GTATAGGACTCAGTAG-1,1,20,58,12541,8842
TTGCACGGAGCAGCAC-1,1,21,59,12403,9083
CACAGCTAGGGAGTGA-1,1,20,60,12264,8843
ATACTAGCATGACCCT-1,1,21,61,12126,9084
CCAAGACTTCTGCGAA-1,1,20,62,11987,8843
ACATAATAAGGCGGTG-1,1,21,63,11849,9084
TAATACACAGTAGTAT-1,1,20,64,11710,8843
TCTTGGTAACACCAAA-1,1,21,65,11572,9084
AACTGGGTCCCGACGT-1,1,20,66,11433,8844
ATCACTTCATCCTCGC-1,1,21,67,11295,9085
TGGAAGGATAAAGATG-1,1,20,68,11157,8844
CATGATGCACAATTCT-1,1,21,69,11019,9085
TGCCTGATCAAACGAT-1,1,20,70,10880,8844
ATAGGGATATCCTTGA-1,1,21,71,10742,9085
CACCTAATCAGTTTAC-1,1,20,72,10603,8845
TGTGACTACGCCAGTC-1,1,21,73,10465,9086
CCCGACCATAGTCCGC-1,1,20,74,10326,8845
CGCGCCCGACTTAATA-1,1,21,75,10188,9086
TGCCACCTGGCGAAAC-1,1,20,76,10050,8845
CTGCCAAGGTTGGAAG-1,1,21,77,9911,9086
TCTCCAACGTAGGTTA-1,1,20,78,9773,8846
TTCTTGGAGTAATGAG-1,1,21,79,9635,9087
GTCTCGATCTGCTTTC-1,1,20,80,9496,8846
TACTCTCCGAACAAAT-1,1,21,81,9358,9087
ATCACATTAGAATATC-1,1,20,82,9219,8846
TACGGGATGCTAGCAG-1,1,21,83,9081,9087
AGCTGAAGTAAACCAA-1,1,20,84,8942,8847
CATGGGTCGGGTGTGG-1,1,21,85,8804,9088
CACCCACGAGGCAATT-1,1,20,86,8666,8847
TGCCATTACTAAAGAA-1,1,21,87,8528,9088
CCGTTACGTTAGAACA-1,1,20,88,8389,8847
GCCAGGAGTAACCGAT-1,1,21,89,8251,9088
GGAAAGTGCCCATGCC-1,1,20,90,8112,8848
TCTTACCGGAACTCGT-1,1,21,91,7974,9089
TATGTCAAGACCGACT-1,1,20,92,7835,8848
CCTAACTAAGGCTCTA-1,1,21,93,7697,9089
GCGGTGAACTGCGCTC-1,1,20,94,7558,8848
CCTCGCGCGATATAGG-1,1,21,95,7420,9089
ATCGGCAAGCAGTCCA-1,1,20,96,7282,8849
AGATCGTGCATAAGAT-1,1,21,97,7144,9090
ATTCAGGACCTATTTC-1,1,20,98,7005,8849
AGCTAGAAGCAGAAGT-1,1,21,99,6867,9090
TTCGCTATCTGACGTG-1,1,20,100,6728,8849
TTCCGCAGAGAAATAT-1,1,21,101,6590,9090
CAGTACATTCTCTAAA-1,1,20,102,6451,8850
GTGAAGATTTCAAGTG-1,1,21,103,6313,9091
AACGCATGATCTGGGT-1,1,20,104,6175,8850
CCCAGAGGAGGGCGTA-1,1,21,105,6036,9091
GGAAACCTTGTTGAAT-1,1,20,106,5898,8850
GTGAAGCCGTATAGTC-1,1,21,107,5760,9091
GAGCTGTCGTCTCGGA-1,1,20,108,5621,8851
TGTCATTTGTTGGGAA-1,1,21,109,5483,9092
ACCAACACCACACACT-1,1,20,110,5344,8851
AAATGATTCGATCAGC-1,1,21,111,5206,9092
CTGCTTTATGTCCGCG-1,1,20,112,5067,8851
GCGAGAGGCCATGTAA-1,1,21,113,4929,9092
ATTGACCGGCGATGAC-1,1,20,114,4791,8852
ACCCTGGTAACGCCCT-1,1,21,115,4652,9093
GTTGGACCGCATCAGG-1,1,20,116,4514,8852
CGTTTACAAGGCAGCT-1,1,21,117,4376,9093
CGGTCCATGAGACTCC-1,1,20,118,4237,8852
GTTCGTCTGGGTCCCT-1,1,21,119,4099,9093
TGTACTACTCTCACGG-1,1,20,120,3960,8853
AGTGAAGATGGTGTCC-1,1,21,121,3822,9094
GAGGGCCATAATATTA-1,1,20,122,3683,8853
ACTCCCGTAGACTAGG-1,1,21,123,3545,9094
CGTCAAATGGTCGCAG-1,1,20,124,3407,8853
AAGTCTAGTAGCTGCC-1,1,21,125,3269,9094
AAGAAATCACCAGATT-1,1,20,126,3130,8854
GAGTGCACGGACAACA-1,0,21,127,2992,9095
GTTCAAATCAGATGTC-1,0,22,0,20568,9314
CATGGCTCCCTATGTC-1,0,23,1,20430,9555
GGCCACACGAAAGCCT-1,0,22,2,20291,9315
GAAGCCGGGTAAGCTC-1,0,23,3,20153,9556
TTGCGCTCTCTCGCTT-1,0,22,4,20014,9315
TACATGACCTTATCCG-1,1,23,5,19876,9556
GTCCTTCTACAACCCA-1,1,22,6,19738,9315
TATATGCTGGGTTGCC-1,1,23,7,19600,9556
GTTTATGGGATTTAGA-1,1,22,8,19461,9316
GGAACCCGAACAAGAA-1,1,23,9,19323,9557
AACGTTATCAGCACCT-1,1,22,10,19184,9316
CATCGTCCGGTTACTA-1,1,23,11,19046,9557
AGACAGCTCAGAATCC-1,1,22,12,18907,9316
GCAGATCCTCGCAAAT-1,1,23,13,18769,9557
GGGTCATGCGTACCAT-1,1,22,14,18631,9317
CTGGTCATTCCAATCC-1,1,23,15,18492,9558
TCAGGGCGCAAACTCG-1,1,22,16,18354,9317
GATGCCAGCAGAAGGC-1,1,23,17,18216,9558
GTTATTAACGTGGGAG-1,1,22,18,18077,9317
AATACAATGTTTCAGG-1,1,23,19,17939,9558
TTGCTGCACCTATCCA-1,1,22,20,17800,9318
CCAGAGACAAAGCCGG-1,1,23,21,17662,9559
CCGAAGTATATTGTTC-1,1,22,22,17523,9318
GCTAAACCTGAGGTGA-1,1,23,23,17385,9559
TCATACTTACAGATCC-1,1,22,24,17247,9318
CGAGCACTTCAAGTTT-1,1,23,25,17108,9559
TAGCAACCTGTCACAA-1,1,22,26,16970,9319
TGGGAAATGCCTTTCC-1,1,23,27,16832,9560
AGACCATGGGATACAA-1,1,22,28,16693,9319
TAAATGAATCCGTTTC-1,1,23,29,16555,9560
ACAACGGTCCCTGCGA-1,1,22,30,16416,9319
GTCACTCTCCAAATCT-1,1,23,31,16278,9560
TTCTACTTGCGAGGGC-1,1,22,32,16139,9320
CGCAATTACTTTCGGT-1,1,23,33,16001,9561
CTGTTCATCTCACGGG-1,1,22,34,15863,9320
TTCTTGTAACCTAATG-1,1,23,35,15725,9561
GCTTGATGATAATCAG-1,1,22,36,15586,9320
TTGGCTCGCATGAGAC-1,1,23,37,15448,9561
GCCCAGTTGGTATGCC-1,1,22,38,15309,9321
ATTCCTCCGCCAGTGC-1,1,23,39,15171,9562
TCGTCCGCTGGCGTCT-1,1,22,40,15032,9321
GGAGAAGTCATTGGCA-1,1,23,41,14894,9562
TTGTTAGCAAATTCGA-1,1,22,42,14756,9321
TCTAGCATCTTCGATG-1,1,23,43,14617,9562
TTCTAGGCCAATTGTG-1,1,22,44,14479,9322
TCACGGTCATCGCACA-1,1,23,45,14341,9563
ATGAAGCCAAGGAGCC-1,1,22,46,14202,9322
AATGACTGTCAGCCGG-1,1,23,47,14064,9563
CCAAACAGAACCCTCG-1,1,22,48,13925,9322
TATCGATGATTAAACG-1,1,23,49,13787,9563
GAACACACATCAACCA-1,1,22,50,13648,9323
CCCGTCAGCGTCTGAC-1,1,23,51,13510,9564
AGCATCGTCGATAATT-1,1,22,52,13372,9323
GACTAAGATCATGCAC-1,1,23,53,13233,9564
TAGGGTGTTTCAAGAG-1,1,22,54,13095,9323
TGGTTCGTAGCAAAGG-1,1,23,55,12957,9564
CTGTTCACTGCCTGTG-1,1,22,56,12818,9324
ATGTGCATCCGACGCA-1,1,23,57,12680,9565
TTGTCGTTCAGTTACC-1,1,22,58,12541,9324
CGGGATCAATGTAAGA-1,1,23,59,12403,9565
TTATCTGTATCATAAC-1,1,22,60,12264,9324
ATCGACTCTTTCCGTT-1,1,23,61,12126,9565
CTCATTTGATGGGCGG-1,1,22,62,11988,9325
GTAAGCGGGCAGTCAG-1,1,23,63,11850,9566
TCTATCGGTCGCAACA-1,1,22,64,11711,9325
AACGCGGTCTCCAGCC-1,1,23,65,11573,9566
ATTAATACTACGCGGG-1,1,22,66,11434,9325
CTTTAACTTTCAAAGG-1,1,23,67,11296,9566
CGTACCTGATAGGCCT-1,1,22,68,11157,9326
GAATGTTGGGTAATCT-1,1,23,69,11019,9567
TGCGGAGTAAAGGTGC-1,1,22,70,10880,9326
CCTGAATATTTACATA-1,1,23,71,10742,9567
TTGCTCCCATACCGGA-1,1,22,72,10604,9326
CCTCTAATCTGCCAAG-1,1,23,73,10466,9567
AGGTTGAGGCACGCTT-1,1,22,74,10327,9327
TCCCGTCAGTCCCGCA-1,1,23,75,10189,9568
TCCGATGACTGAGCTC-1,1,22,76,10050,9327
CAGCCTCCTGCAGAGG-1,1,23,77,9912,9568
CTTAGCCTTCCACATG-1,1,22,78,9773,9327
ATTAATGAACCAGTCG-1,1,23,79,9635,9568
ACGATACATAGAACTA-1,1,22,80,9497,9328
AGCCACTCCCGTGCTT-1,1,23,81,9358,9569
ATACGGGTTTCGATTG-1,1,22,82,9220,9328
CTGTCAAATGGCTCGG-1,1,23,83,9082,9569
GCTCGGAATTTAAAGC-1,1,22,84,8943,9328
TAGGCATGTTACGCCA-1,1,23,85,8805,9569
TGGCAACTCGCGCGCC-1,1,22,86,8666,9329
ATCAGTAGGCAGGGAT-1,1,23,87,8528,9570
TATCGATCTATGCATA-1,1,22,88,8389,9329
CGACTCAGGATGTTAT-1,1,23,89,8251,9570
GCCATATTGCACACAG-1,1,22,90,8113,9329
AATTCATAAGGGATCT-1,1,23,91,7975,9570
CGGTAGAGGTGCAGGT-1,1,22,92,7836,9330
AATGATGATACGCTAT-1,1,23,93,7698,9571
CTTGTGCTCACCGATT-1,1,22,94,7559,9330
TTCCAATCAGAGCTAG-1,1,23,95,7421,9571
CGATGGACCCTACGCC-1,1,22,96,7282,9330
GGTCGGATAAACGGCG-1,1,23,97,7144,9571
TTAGCTAATACGATCT-1,1,22,98,7005,9331
CTCGATATTTGCGAGC-1,1,23,99,6867,9572
ATTACTTACTGGGCAT-1,1,22,100,6729,9331
CTAGCCGATGTTATGA-1,1,23,101,6591,9572
TACTGCAATCAATTAC-1,1,22,102,6452,9331
TAGTCTGTGACGTTGC-1,1,23,103,6314,9572
CTCGTTTCTAATGTTT-1,1,22,104,6175,9332
TTCGTTCAACGAAGTT-1,1,23,105,6037,9573
CTGAATTTATTGCCAG-1,1,22,106,5898,9332
TGGAATATCCTTGACC-1,1,23,107,5760,9573
CAGATCATTTAAAGTC-1,1,22,108,5622,9332
CTCCTTTACGCAAGTC-1,1,23,109,5483,9573
TCCCAAACAGACAACG-1,1,22,110,5345,9333
ATCGCTGCGTGCAGCA-1,1,23,111,5207,9574
TTAGTTCAAGTGTTCG-1,1,22,112,5068,9333
AAACTCGTGATATAAG-1,1,23,113,4930,9574
TTAACGAACAAGCAGT-1,1,22,114,4791,9333
GTTATATCAGGAGCCA-1,1,23,115,4653,9574
CAAATTGGATTATGCC-1,1,22,116,4514,9334
CGAGGAGCTTCCATAT-1,1,23,117,4376,9575
GGAGACCAATGTGCTT-1,1,22,118,4238,9334
CATTGATGAACACGCC-1,1,23,119,4099,9575
GTCAATGCTATAATTT-1,1,22,120,3961,9334
ACCACCCTCTCTTCTA-1,1,23,121,3823,9575
TGGAGGGAAACACCTC-1,1,22,122,3684,9335
CACGGACGTGGATGGC-1,1,23,123,3546,9576
AACTTTCTCGATCATG-1,1,22,124,3407,9335
CGTATTGTTTCCTAAT-1,1,23,125,3269,9576
CCTACTGCGGCGGCCA-1,1,22,126,3130,9335
CTTAGGTCCCAATCGT-1,0,23,127,2992,9576
CGCAATCGATCATTAG-1,0,24,0,20569,9796
TGGTTATGCTTGCGGT-1,0,25,1,20431,10037
GGCTTGGCTCTCACCT-1,0,24,2,20292,9796
ATTGGTAGGATCCGCT-1,0,25,3,20154,10037
TCAGGGCGACTTCCTT-1,0,24,4,20015,9797
TCTGCAGATTCGAGTC-1,0,25,5,19877,10038
CTCTCGCTGTACTATG-1,1,24,6,19738,9797
AATAGTCGCGAGTCGG-1,1,25,7,19600,10038
AGTTACCCTTAAGACT-1,1,24,8,19461,9797
CTTAAATAAGACCCAT-1,1,25,9,19323,10038
GGTTGTGCTCTTGTCC-1,1,24,10,19185,9798
GTGAGTCTAAGACGGA-1,1,25,11,19047,10039
CGCGACACTGCGCAGC-1,1,24,12,18908,9798
GCTCGCGGTTCCGCTC-1,1,25,13,18770,10039
TTAACTCACGCGTGGA-1,1,24,14,18631,9798
GGAACGGCCTGCAGCC-1,1,25,15,18493,10039
GTAGAAACGGGTGGAG-1,1,24,16,18354,9799
TAATGAAAGACCCTTG-1,1,25,17,18216,10040
AGGCTTGCTAGACACC-1,1,24,18,18078,9799
TTGCGTAGTTTGAGGA-1,1,25,19,17939,10040
CGCCCTTGAAGGCTGA-1,1,24,20,17801,9799
CCCGGTGGAAGAACCT-1,1,25,21,17663,10040
TTAACACCTCGAACAT-1,1,24,22,17524,9800
GATTCCTATACGGCGC-1,1,25,23,17386,10041
TTACCCTAACAGTCCT-1,1,24,24,17247,9800
ACCCACCTACATGCTC-1,1,25,25,17109,10041
AAAGGGCAGCTTGAAT-1,1,24,26,16970,9800
CACACAGGGATAGATT-1,1,25,27,16832,10041
AGAGCGTACAAGCTCG-1,1,24,28,16694,9801
TCTTACGGCATCCGAC-1,1,25,29,16555,10042
GCCTATTCCGATATAG-1,1,24,30,16417,9801
GAAAGTGACTAACTGC-1,1,25,31,16279,10042
CCGGAATGGTTTCAGT-1,1,24,32,16140,9801
AGTATAATACTAGGCA-1,1,25,33,16002,10042
TAACTATCGAAGGTCC-1,1,24,34,15863,9802
ATGAGGAGTGTTAATC-1,1,25,35,15725,10043
TGTGTCGCGAGTTGCA-1,1,24,36,15586,9802
ATCCAACGCAGTCATA-1,1,25,37,15448,10043
AAGGCGCGTAAAGCTT-1,1,24,38,15310,9802
AGTCGGCCCAAACGAC-1,1,25,39,15172,10043
AACGTCAGACTAGTGG-1,1,24,40,15033,9803
ACTACCAGCTCTCTGG-1,1,25,41,14895,10044
GCAAGTGCACAGAGAA-1,1,24,42,14756,9803
ACACCTTAAGTAGGGC-1,1,25,43,14618,10044
TTCGACGGGAAGGGCG-1,1,24,44,14479,9803
TTCGCACTCGCGTGCT-1,1,25,45,14341,10044
TATTTGTTACCCTTTA-1,1,24,46,14203,9804
CGCTGTGACGCCGCAC-1,1,25,47,14064,10045
GTTGCACGGAGTTTCG-1,1,24,48,13926,9804
GTTTCCTGGAGGGTGA-1,1,25,49,13788,10045
ACACCCAGCATGCAGC-1,1,24,50,13649,9804
TCAACCATGTTCGGGC-1,1,25,51,13511,10045
TTACAACTACGCATCC-1,1,24,52,13372,9805
TCCGATGGTGCGACAT-1,1,25,53,13234,10046
GGGCGTACATTTATAT-1,1,24,54,13095,9805
AGCGACCAACGATATT-1,1,25,55,12957,10046
ACACAAAGACGGGTGG-1,1,24,56,12819,9805
ATCGCACGCCGGGAGA-1,1,25,57,12680,10046
GCTCTAAACCCTGACG-1,1,24,58,12542,9806
AATGCAACCGGGTACC-1,1,25,59,12404,10047
TCAAACAACCGCGTCG-1,1,24,60,12265,9806
TATGCTCCCTACTTAC-1,1,25,61,12127,10047
AAAGGGATGTAGCAAG-1,1,24,62,11988,9806
ACGATCATACATAGAG-1,1,25,63,11850,10047
TTGTTCAGTGTGCTAC-1,1,24,64,11711,9807
ATGCATGATCCAGGAT-1,1,25,65,11573,10048
AGTCTTCTCCTCAAAT-1,1,24,66,11435,9807
GATTCCCTTGTCGCAG-1,1,25,67,11297,10048
CTCGCACCTATATAGT-1,1,24,68,11158,9807
ACTCAATAAAGGCACG-1,1,25,69,11020,10048
AACCGAGCTTGGTCAT-1,1,24,70,10881,9808
TAAGGCAACATAAGAT-1,1,25,71,10743,10049
CACGCACAGCGCAGCT-1,1,24,72,10604,9808
GGTTTACAATCTCAAT-1,1,25,73,10466,10049
TGCAGGATCGGCAAAG-1,1,24,74,10327,9808
ATAACGGAGTCCAACG-1,1,25,75,10189,10049
AACGATATGTCAACTG-1,1,24,76,10051,9809
GACAACGACCATTGAA-1,1,25,77,9913,10050
TTGACCATGTTCTCCG-1,1,24,78,9774,9809
AGTACGGGCACCTGGC-1,1,25,79,9636,10050
CGCCATCCGATTATGA-1,1,24,80,9497,9809
AAGGTATCCTAATATA-1,1,25,81,9359,10050
TGTTGTCAAGAAGTCT-1,1,24,82,9220,9810
CAGTGAATAAATGACT-1,1,25,83,9082,10051
CACCTTGCGAAACTCG-1,1,24,84,8944,9810
CATTTAGCGGACCATG-1,1,25,85,8805,10051
CCAGTCTAGACGGCGC-1,1,24,86,8667,9810
TCGCTTTAAACGTTTG-1,1,25,87,8529,10051
GTGAAACGGCGCCACC-1,1,24,88,8390,9811
GGGCTCATCGAACCCA-1,1,25,89,8252,10052
TTGATGTGTAGTCCCG-1,1,24,90,8113,9811
CAGTAGCCCACGCGGT-1,1,25,91,7975,10052
AGCGCGGGTGCCAATG-1,1,24,92,7836,9811
TAATCGATCCGTACGT-1,1,25,93,7698,10052
AGTGGCGGCAATTTGA-1,1,24,94,7560,9812
CCTTTCAATGAAGAAA-1,1,25,95,7422,10053
CTCAGTCACGACAAAT-1,1,24,96,7283,9812
ATAGGCTAGCTTCGCA-1,1,25,97,7145,10053
CGGTTCAAGTAGGTGT-1,1,24,98,7006,9812
CAGTCGAGGATGCAAT-1,1,25,99,6868,10053
TATCACCCAACCGACC-1,1,24,100,6729,9813
AATGATGCGACTCCTG-1,1,25,101,6591,10054
TGGAACCACTGACACA-1,1,24,102,6452,9813
GCCAATAGGGCATCTC-1,1,25,103,6314,10054
TTCTTTGGTCGCGACG-1,1,24,104,6176,9813
ATTAGATTCCTCAGCA-1,1,25,105,6038,10054
CCGTGGAACGATCCAA-1,1,24,106,5899,9814
GGGTCGTGGCAAGTGT-1,1,25,107,5761,10055
TCGCTCGGCACCAGCG-1,1,24,108,5622,9814
ACGCAATCACTACAGC-1,1,25,109,5484,10055
CTCTAATGCATTGATC-1,1,24,110,5345,9814
GTCTCGACTAAGTTTG-1,1,25,111,5207,10055
TGGTTTAAACGTGGGT-1,1,24,112,5069,9815
CGCAGATCTTCACCCG-1,1,25,113,4930,10056
TCCAGATGTACGCCAA-1,1,24,114,4792,9815
CATTGCGGGTCAATTC-1,1,25,115,4654,10056
GACGTTCGTAAATACA-1,1,24,116,4515,9815
TACACCGTCGTTAGTC-1,1,25,117,4377,10056
ACGGGCGTATGCGACA-1,1,24,118,4238,9816
GAAGGCTACCATTGTT-1,1,25,119,4100,10057
TAAATCTTTACACCTC-1,1,24,120,3961,9816
AGTTTATGTAAAGACA-1,1,25,121,3823,10057
AGGAGACATCCACAGT-1,1,24,122,3685,9816
CAACCTGAACCTGCCA-1,1,25,123,3547,10057
AGTCCCTCGCAGAAAG-1,1,24,124,3408,9817
TGTATACGGATGATGA-1,1,25,125,3270,10058
TTGTGGTATAGGTATG-1,1,24,126,3131,9817
TCTGCACCATTAGTAA-1,1,25,127,2993,10058
AAATGTATCTTATCCC-1,0,26,0,20569,10278
ACTCTAAACCTGGGAT-1,0,27,1,20431,10519
GCTGGCAGGTGCCGTG-1,0,26,2,20292,10278
CTCATTCGTGAACATC-1,0,27,3,20154,10519
TCGCCGGATGGGCAAG-1,0,26,4,20016,10278
GGACTAAGTCAGGAGT-1,0,27,5,19878,10519
TATCAAAGGTCTGTAA-1,1,26,6,19739,10279
TTCAGTTTGTGGCAGC-1,1,27,7,19601,10520
TGTTCATAAATGTGCT-1,1,26,8,19462,10279
CTTAGCCCGGATAGTG-1,1,27,9,19324,10520
GATGCGAATGGTATTA-1,1,26,10,19185,10279
TCTAACTGTATGTAAA-1,1,27,11,19047,10520
TTAAACCTGGTTCCTT-1,1,26,12,18908,10280
GCTAAGTAAAGGCGAT-1,1,27,13,18770,10521
AGTTACCGCACATGGT-1,1,26,14,18632,10280
GACTGCGGCACGTGTA-1,1,27,15,18494,10521
TGGTGATCGTATTTGT-1,1,26,16,18355,10280
TTATCGCCTGCGAAGC-1,1,27,17,18217,10521
TGGAATTAGACGCTTT-1,1,26,18,18078,10281
TCGTCACACTGTTAGC-1,1,27,19,17940,10522
TTATGTTTGCGATAGA-1,1,26,20,17801,10281
GGTGCTGATCACAAAG-1,1,27,21,17663,10522
CATAGCCGCCCGGGAT-1,1,26,22,17525,10281
GGTTAGTTACGGCGCC-1,1,27,23,17386,10522
ATTCCCACATAAACAA-1,1,26,24,17248,10282
ATTCAGTAGCAGGGTC-1,1,27,25,17110,10523
CAGTTCCGCGGGTCGA-1,1,26,26,16971,10282
AAGAGATGAATCGGTA-1,1,27,27,16833,10523
CGCAATTCTACAATAA-1,1,26,28,16694,10282
TAACGCTTTGAGAGCG-1,1,27,29,16556,10523
AGGCTATGGTTAGCTT-1,1,26,30,16417,10283
GAGGAATGGAGAGGTT-1,1,27,31,16279,10524
TCCTCTACGAGATGGC-1,1,26,32,16141,10283
TTGATTATGCAGATGA-1,1,27,33,16002,10524
TCAGTACTGACCCGCG-1,1,26,34,15864,10283
TTATGACAAACTGGAT-1,1,27,35,15726,10524
GTAAGTAGGGTATACC-1,1,26,36,15587,10284
CGCAAACACGAGTTAC-1,1,27,37,15449,10525
TGGCCGTATATTGACC-1,1,26,38,15310,10284
ACTGTAGCACTTTGGA-1,1,27,39,15172,10525
GCTCTATGTTACGTGC-1,1,26,40,15033,10284
TGCGCGATTAACGGAG-1,1,27,41,14895,10525
GAATCGACATGGTCAC-1,1,26,42,14757,10285
GACTAAGTAGGCTCAC-1,1,27,43,14619,10526
ATCTTGACCTGCAACG-1,1,26,44,14480,10285
ATGCACTACCGCATTG-1,1,27,45,14342,10526
CAGATACTAACATAGT-1,1,26,46,14203,10285
GATCGACACTATCTGA-1,1,27,47,14065,10526
ATAGAGTACTGGGACA-1,1,26,48,13926,10286
CCTACTGCTTACACTT-1,1,27,49,13788,10527
CCTGCTATTTGAGAAG-1,1,26,50,13650,10286
CGCGTTCATGAAATAC-1,1,27,51,13511,10527
CATTATGCTTGTTGTG-1,1,26,52,13373,10286
CCAGGGACGTGGCCTC-1,1,27,53,13235,10527
TATGGATGTGCTACGC-1,1,26,54,13096,10287
GTACTAAGATTTGGAG-1,1,27,55,12958,10528
AGACCCGCCCTCCTCG-1,1,26,56,12819,10287
CGCATTAGCTAATAGG-1,1,27,57,12681,10528
GCTCTCGGGTACCGAA-1,1,26,58,12542,10287
CACCGCCAGAAGGTTT-1,1,27,59,12404,10528
TCCCAAAGACGAAGGA-1,1,26,60,12266,10288
ATGGATTGACCAAACG-1,1,27,61,12127,10529
GTCATGGACATGACTA-1,1,26,62,11989,10288
CTACTGCCACCTGACC-1,1,27,63,11851,10529
TTATATTTGGCAATCC-1,1,26,64,11712,10288
AGCACCAGTACTCACG-1,1,27,65,11574,10529
CATGGTCTAGATACCG-1,1,26,66,11435,10289
TCTACCGTCCACAAGC-1,1,27,67,11297,10530
CTAGTTGGGCCCGGTA-1,1,26,68,11158,10289
TCCCGCGTACTCCTGG-1,1,27,69,11020,10530
CAGAGCATGAGCTTGC-1,1,26,70,10882,10289
ACACGGGAACTTAGGG-1,1,27,71,10744,10530
GGCTCTGCTCCAACGC-1,1,26,72,10605,10290
AGAACGTGGTACATTC-1,1,27,73,10467,10531
CAATAAACCTTGGCCC-1,1,26,74,10328,10290
ACTTCGCCATACGCAC-1,1,27,75,10190,10531
ATCTGGTTAAGACTGT-1,1,26,76,10051,10290
TCGTAAGACGACATTG-1,1,27,77,9913,10531
GTGTACCTTGGCTACG-1,1,26,78,9775,10291
GCCCGTAATACCTTCT-1,1,27,79,9636,10532
CGGTCAAGTGGGAACC-1,1,26,80,9498,10291
TTGTAAGGCCAGTTGG-1,1,27,81,9360,10532
GGAGCACCAAGAACTA-1,1,26,82,9221,10291
TAATAGTGACGACCAG-1,1,27,83,9083,10532
CTAAATCCTATTCCGG-1,1,26,84,8944,10292
CGAGTTCTGTCCCACC-1,1,27,85,8806,10533
AGGCAGATGCGTAAAC-1,1,26,86,8667,10292
AAGGATGAGGGACCTC-1,1,27,87,8529,10533
AGAGAACCGTCTAGGA-1,1,26,88,8391,10292
GAGGGCGCAGCTCTGC-1,1,27,89,8252,10533
AAGATTGGCGGAACGT-1,1,26,90,8114,10293
CCAGTAGTCTGATCCA-1,1,27,91,7976,10534
AAGGGACAGATTCTGT-1,1,26,92,7837,10293
ATAGAGTTATCAACTT-1,1,27,93,7699,10534
AAATTACCTATCGATG-1,1,26,94,7560,10293
GATCCTAAATCGGGAC-1,1,27,95,7422,10534
TTACAGACCTAAATGA-1,1,26,96,7283,10294
CCTCACCTTAGCATCG-1,1,27,97,7145,10535
CATGCGACCAGTTTAA-1,1,26,98,7007,10294
AACATATCAACTGGTG-1,1,27,99,6869,10535
CTATAAGAGCCAATCG-1,1,26,100,6730,10294
AATATCGAGGGTTCTC-1,1,27,101,6592,10535
GTACTCCTGGGTATGC-1,1,26,102,6453,10295
ATAAGTAGGATTCAGA-1,1,27,103,6315,10536
AGGTCGCGGAGTTACT-1,1,26,104,6176,10295
CTAATTCTCAGATATT-1,1,27,105,6038,10536
GCCAACCATTTCCGGA-1,1,26,106,5899,10295
TGATCCCAGCATTAGT-1,1,27,107,5761,10536
CGTTGTAAGATTGATT-1,1,26,108,5623,10296
GAAACCATGGTGCGCT-1,1,27,109,5485,10537
AATCTATGCCGGAGCC-1,1,26,110,5346,10296
GACTCCCAGAATAAGG-1,1,27,111,5208,10537
TATGATCCGGCACGCC-1,1,26,112,5069,10296
CCGCTTGCTGACATGG-1,1,27,113,4931,10537
TGGTTAAGGGCGCTGG-1,1,26,114,4792,10297
TTGATAGTCAATACAT-1,1,27,115,4654,10538
GGTTTAATTGAGCAGG-1,1,26,116,4516,10297
CATTACATAGATTGTG-1,1,27,117,4377,10538
GGTACACCAGATTTAT-1,1,26,118,4239,10297
GGCCCGTATACCATGC-1,1,27,119,4101,10538
ATCTTTCGTATAACCA-1,1,26,120,3962,10298
GAGATGACAATCCTTA-1,1,27,121,3824,10539
AAAGCTTGCCTACATA-1,1,26,122,3685,10298
GAACGATAAGTTAAAG-1,1,27,123,3547,10539
TAATAGCTAAATGATG-1,1,26,124,3408,10298
TATGGCTAGGCTAATT-1,1,27,125,3270,10539
AGGAGAGTCTGGCTAC-1,1,26,126,3132,10299
TGCTCTGCCGGTTCAC-1,1,27,127,2994,10540
CCAATAGATTTCATCT-1,0,28,0,20570,10759
GGGCACGAATTGGCCG-1,0,29,1,20432,11000
TCGTTGACAGGGTCCC-1,0,28,2,20293,10759
ATCGTATTCCGAGAAC-1,0,29,3,20155,11000
GGGAATTCTGTCCAGT-1,0,28,4,20016,10760
ACGCGTTTCTTAAGAG-1,0,29,5,19878,11001
GAGAGCGCAGTCCCTG-1,1,28,6,19739,10760
GTCCTATTGTTGTGGT-1,1,29,7,19601,11001
CATCTGCAGGATCATT-1,1,28,8,19463,10760
GAGTCGACAGACCCTC-1,1,29,9,19325,11001
AAGTGCAAAGGTAGAC-1,1,28,10,19186,10761
AGGGTGGATAGTGCAT-1,1,29,11,19048,11002
TGATAGCGGGATTCTA-1,1,28,12,18909,10761
GTCAGTTTGGTAGTCG-1,1,29,13,18771,11002
GCATTCGAAATGAACA-1,1,28,14,18632,10761
AAAGACTGGGCGCTTT-1,1,29,15,18494,11002
TAACAATATTTGTTGC-1,1,28,16,18355,10762
CCAGCTTCCGCCCGCA-1,1,29,17,18217,11003
GATATGGATTACGCGG-1,1,28,18,18079,10762
AGAGCAGTTATGAGAC-1,1,29,19,17941,11003
TCACATCTTATCTGAT-1,1,28,20,17802,10762
TATGAAGACAGGTGCG-1,1,29,21,17664,11003
TACCTGCTGCACTGTG-1,1,28,22,17525,10763
TAGGTCCAAGTAAGGA-1,1,29,23,17387,11004
GAAACTCGTGCGATGC-1,1,28,24,17248,10763
AACAATTACTCTACGC-1,1,29,25,17110,11004
CCGCACGTGACCTCGG-1,1,28,26,16972,10764
AACTTGCCCGTATGCA-1,1,29,27,16833,11004
GGGTATGTATGCACTT-1,1,28,28,16695,10764
TTCGTACTCCAGAACG-1,1,29,29,16557,11005
GAATTTCTCGCTGCAG-1,1,28,30,16418,10764
AACAGGATGGGCCGCG-1,1,29,31,16280,11005
GACGTGTAGGGATTAT-1,1,28,32,16141,10765
TAGGTGAGCCCTACTC-1,1,29,33,16003,11005
CTAATTCGCACGCGCT-1,1,28,34,15864,10765
GAAGCTTGCTGACCGC-1,1,29,35,15726,11006
GGTTAGGCTTGGAGAA-1,1,28,36,15588,10765
ACAAGGACAAGAGGTT-1,1,29,37,15450,11006
AGGCCACCCGTTATGA-1,1,28,38,15311,10766
GTGGGCTTAGACACAC-1,1,29,39,15173,11006
CGTGTCCCATTCGCGA-1,1,28,40,15034,10766
TGGAGTGATGCGATGA-1,1,29,41,14896,11007
AACAACTGGTAGTTGC-1,1,28,42,14757,10766
CCTGGCTAGACCCGCC-1,1,29,43,14619,11007
CGCAATTAGGGTAATA-1,1,28,44,14480,10767
TCGAAATTTAGGACCA-1,1,29,45,14342,11007
AGACTAGCCTTCCAGA-1,1,28,46,14204,10767
TTGATCTAACTTTGTC-1,1,29,47,14066,11008
AAGGAGCGGTTGGTGC-1,1,28,48,13927,10767
ACTTGGGACCCGGTGG-1,1,29,49,13789,11008
TGATCTCCGGCGCCAG-1,1,28,50,13650,10768
CAGTTCAAATTGACAC-1,1,29,51,13512,11008
GTCCGGCTGAATTGCG-1,1,28,52,13373,10768
CTGGAAATGGATGCTT-1,1,29,53,13235,11009
TGATCGGTTTGACCCT-1,1,28,54,13097,10768
TAGAGTCTAAGCGAAC-1,1,29,55,12958,11009
GAGACTGATGGGTAGA-1,1,28,56,12820,10769
TAGCTAAGTCCGGGAG-1,1,29,57,12682,11009
GGGCGATATGTGTGAA-1,1,28,58,12543,10769
CTCGAGGTCGAACAGT-1,1,29,59,12405,11010
GATCCCTTTATACTGC-1,1,28,60,12266,10769
GTCATGCACCTCCGTT-1,1,29,61,12128,11010
ACTTTCCTATAGCTTC-1,1,28,62,11989,10770
TCGCTCGATATATTCC-1,1,29,63,11851,11010
ATAGGTTGGGCAGATG-1,1,28,64,11713,10770
CAATTAAGGGTGATGA-1,1,29,65,11574,11011
ACCGACTGAGTCCCAC-1,1,28,66,11436,10770
CCTGTCACCCGGGCTC-1,1,29,67,11298,11011
GATCGGTGGCCATAAC-1,1,28,68,11159,10771
CCTATGGGTTACCGTC-1,1,29,69,11021,11011
TTGGGACACTGCCCGC-1,1,28,70,10882,10771
CGAGGCTAAATATGGC-1,1,29,71,10744,11012
TCAGGGTGTAACGTAA-1,1,28,72,10605,10771
CGAGAGATGTGAACCT-1,1,29,73,10467,11012
TCGCTGGGCGGATTGT-1,1,28,74,10329,10772
AGATCTCAGGTGTGAT-1,1,29,75,10191,11012
TGGCCAAACTGAAGTA-1,1,28,76,10052,10772
GCTTCCGTCCCTAGAC-1,1,29,77,9914,11013
CAGCAGCCCGTTCCTT-1,1,28,78,9775,10772
TGTATAACAGATCCTG-1,1,29,79,9637,11013
CGCGGGAATTAGGCAG-1,1,28,80,9498,10773
TGCATGTGGTAATCTA-1,1,29,81,9360,11013
ACAATTTGAGCAGTGG-1,1,28,82,9222,10773
GAGCTAAGGGCATATC-1,1,29,83,9083,11014
CCAGATAGTTGAGTGA-1,1,28,84,8945,10773
CCACAATGTACGTCTT-1,1,29,85,8807,11014
CAATGGATCTCTACCA-1,1,28,86,8668,10774
TGTGGCAAAGCGTATG-1,1,29,87,8530,11014
TAAAGCGTTAGGAGAA-1,1,28,88,8391,10774
TCCGTTTAGCCTTGAA-1,1,29,89,8253,11015
CAGCTCGACAAGTTAA-1,1,28,90,8114,10774
GCCTATAGTGTCAGGG-1,1,29,91,7976,11015
ATAGACAACGGGACCT-1,1,28,92,7838,10775
CTACTATCTTTCAGAG-1,1,29,93,7699,11016
GCGCTGCTTTGCATTT-1,1,28,94,7561,10775
GCGCATCCAGTCAGCA-1,1,29,95,7423,11016
GACTCGCGGGAATGAC-1,1,28,96,7284,10775
CTGGTAACGAGCTCTT-1,1,29,97,7146,11016
TCCGGCCTAGCGTACA-1,1,28,98,7007,10776
TCTAGGTGGCGACGCT-1,1,29,99,6869,11017
ACGCTAGTGATACACT-1,1,28,100,6730,10776
ATCTGCACCTCTGCGA-1,1,29,101,6592,11017
CCTCACCTGAGGGAGC-1,1,28,102,6454,10776
AGTGAGCCTCGCCGCC-1,1,29,103,6316,11017
ACGAGTACGGATGCCC-1,1,28,104,6177,10777
GGTACCATTAAGACGG-1,1,29,105,6039,11018
TTCTGCTAGACTCCAA-1,1,28,106,5900,10777
TAACTATTACGCCAAA-1,1,29,107,5762,11018
GCATTCAAGGCAACGC-1,1,28,108,5623,10777
AGTACATCATTTATCA-1,1,29,109,5485,11018
GTCGTGTCTGGTCATC-1,1,28,110,5346,10778
AGTCTAAAGTATACTC-1,1,29,111,5208,11019
CGGCCCAACCTGTAGT-1,1,28,112,5070,10778
AGGGAGACATACTTCG-1,1,29,113,4932,11019
TCCCTAGATCAATAGG-1,1,28,114,4793,10778
TCCCGTCGCGTCATAG-1,1,29,115,4655,11019
CGCATCCATCAGCCAG-1,1,28,116,4516,10779
CTGCACCTAGTCCACA-1,1,29,117,4378,11020
CGAGGATCGGGAACGA-1,1,28,118,4239,10779
CAATGAGGTTCGACTA-1,1,29,119,4101,11020
TCTGACGGGCTAACCC-1,1,28,120,3963,10779
TTCTATGCCTTTCGCA-1,1,29,121,3824,11020
AGAGTATAGTGTTACG-1,1,28,122,3686,10780
CCATTGTTTCCTCCAT-1,1,29,123,3548,11021
CTCATCACTTAGTGAT-1,1,28,124,3409,10780
CCGAAGGGCGTACCGC-1,1,29,125,3271,11021
TCAAGCTGCCTTGAAA-1,1,28,126,3132,10780
CTCATTAACGTTGCCC-1,1,29,127,2994,11021
GTCTTCCTCACCTAAG-1,0,30,0,20570,11241
GGTGATGAAGGAAGTG-1,0,31,1,20432,11482
TCAATACAATTGCTGC-1,0,30,2,20294,11241
GCAACCCAAGTTGTTT-1,0,31,3,20155,11482
ATGAAGTGGACCCAGC-1,0,30,4,20017,11241
GAGAATCTCACGATCA-1,0,31,5,19879,11482
TATATCATTGATCAGT-1,1,30,6,19740,11242
AACTTTACGGGAGCTT-1,1,31,7,19602,11483
TTCTTGTGTCCATCAG-1,1,30,8,19463,11242
ACAATTTAGGAGGCTC-1,1,31,9,19325,11483
ATACTTGTTCTCGAGC-1,1,30,10,19186,11242
CACGGGATTGAGGGTT-1,1,31,11,19048,11483
GTTAATGTCTATCTTA-1,1,30,12,18910,11243
GCGTTATATTTGGAAC-1,1,31,13,18772,11484
CGTCAAGGCTATAAAT-1,1,30,14,18633,11243
TTAGCTCTGTAATCCG-1,1,31,15,18495,11484
AATGGTCCACCGTTCA-1,1,30,16,18356,11243
GTCATTGCATTGACCC-1,1,31,17,18218,11484
TGTCCGTGGCGCCTTT-1,1,30,18,18079,11244
TCAACTAACGTATAAC-1,1,31,19,17941,11485
TCCTCTCCAGTTGTCC-1,1,30,20,17802,11244
TGTGTTCGTATCCAAG-1,1,31,21,17664,11485
CCGCGTAGGTAAGGGC-1,1,30,22,17526,11244
CTGCGGGTGAAATGTT-1,1,31,23,17388,11485
TATCTACAGAGGTAAT-1,1,30,24,17249,11245
CTACTCTAGGCCCGGC-1,1,31,25,17111,11486
ACAAGCAGTGCCTAGC-1,1,30,26,16972,11245
TACAAGTCTCGTGCAT-1,1,31,27,16834,11486
TCGGAATGCGCTCTGA-1,1,30,28,16695,11245
TCGCGTCCAGAAGGTC-1,1,31,29,16557,11486
TATGGCCCGGCCTCGC-1,1,30,30,16419,11246
GCTGGCATATTCACCT-1,1,31,31,16280,11487
GTCAGAATAGTCTATG-1,1,30,32,16142,11246
GGCGTCCTATCCGCTG-1,1,31,33,16004,11487
CGGAGTTTGAGAGACA-1,1,30,34,15865,11246
AGCACTTAAGGACGCC-1,1,31,35,15727,11487
TCCACAATGGTTTACG-1,1,30,36,15588,11247
CCAACGATGCACTGAT-1,1,31,37,15450,11488
ATTTACAGTTTACTGG-1,1,30,38,15311,11247
CCCTGAAATGAGTTGA-1,1,31,39,15173,11488
CAAACGGTCGCACTTT-1,1,30,40,15035,11247
TGATTCGTCTATCACT-1,1,31,41,14897,11488
TCAGGTTCTTTGAGAA-1,1,30,42,14758,11248
CACGCAGCGAGGCTTT-1,1,31,43,14620,11489
TTAAGCGCCTGACCCA-1,1,30,44,14481,11248
CTTACACGGTATTCCA-1,1,31,45,14343,11489
AAGGCTGTGCTCATCG-1,1,30,46,14204,11248
GACCAGAGCCCTGTAG-1,1,31,47,14066,11489
TCCCAGGCTTAGCTAA-1,1,30,48,13927,11249
ATTGAAGATCTTAGTG-1,1,31,49,13789,11490
AGTTCCTACAGAATTA-1,1,30,50,13651,11249
GGGCTGGTTAGTCGCG-1,1,31,51,13513,11490
GAAATGGCGGTGTTAG-1,1,30,52,13374,11249
TACGAACACGACTTCA-1,1,31,53,13236,11490
ACCACAAGTTTCTATC-1,1,30,54,13097,11250
ATATTTAACCCTCAAG-1,1,31,55,12959,11491
GATCATTCCAAACATT-1,1,30,56,12820,11250
TCCAGGCGAGTACGGT-1,1,31,57,12682,11491
GTTTGACCAAATCCTA-1,1,30,58,12544,11250
CACAGCACCCACGGCA-1,1,31,59,12405,11491
TGCAAGAATGACGTAA-1,1,30,60,12267,11251
GCGAAGCCATACCCGT-1,1,31,61,12129,11492
TCCTTTCTTACGCTTA-1,1,30,62,11990,11251
GCTGCTCTCCGGACAC-1,1,31,63,11852,11492
ACTGTCTTCTTTAGAA-1,1,30,64,11713,11251
TCAAACTTAGATTGTT-1,1,31,65,11575,11492
CTATGTCACTAGCCCA-1,1,30,66,11436,11252
TGCGCAAAGCATTTGG-1,1,31,67,11298,11493
TTAATGTAGACCAGGT-1,1,30,68,11160,11252
GGCGGTAGGATCATTG-1,1,31,69,11021,11493
GGCAATAGTCAATGAG-1,1,30,70,10883,11252
ACACGAGACTCCTTCT-1,1,31,71,10745,11493
GACACAAGGGAAGAAA-1,1,30,72,10606,11253
TCAGCAAATGCATCTC-1,1,31,73,10468,11494
GAGATCTGTCACTCCG-1,1,30,74,10329,11253
ATGCCGGTCTTGCATA-1,1,31,75,10191,11494
TTGGGCGGCGGTTGCC-1,1,30,76,10052,11253
TTGTTGTGTGTCAAGA-1,1,31,77,9914,11494
ACTGTACGATACACAT-1,1,30,78,9776,11254
TCCACTTTATCTAGGT-1,1,31,79,9638,11495
GGTCTGAGAATCTGGA-1,1,30,80,9499,11254
TAGAAAGGTGGCGCTA-1,1,31,81,9361,11495
TATGTCTCATTGTGCC-1,1,30,82,9222,11254
GGATTTCACTTCTATA-1,1,31,83,9084,11495
TGAGTGGTCCGTGACG-1,1,30,84,8945,11255
CGCTTTCTTGCATTCG-1,1,31,85,8807,11496
ACCCAACGCCCGTGGC-1,1,30,86,8669,11255
GAACGTCTCATGGTCG-1,1,31,87,8530,11496
AGGGTTCCCTTTGGTT-1,1,30,88,8392,11255
GTAGCTTCCTCTTGTT-1,1,31,89,8254,11496
GCATGAGGGACGCGGC-1,1,30,90,8115,11256
CTACCCTAAGGTCATA-1,1,31,91,7977,11497
TCACCGCTCGGCACTC-1,1,30,92,7838,11256
GGCTCGCGTTGAGGTA-1,1,31,93,7700,11497
CTAACGAAACTTGCTG-1,1,30,94,7561,11256
TTAAACTCGAATTCAT-1,1,31,95,7423,11497
TACTTTACTGAGCCGG-1,1,30,96,7285,11257
GCTTGGATCGATTAGG-1,1,31,97,7146,11498
CGGTTATCCAACAGTG-1,1,30,98,7008,11257
CAGACCTGTAAGTGTT-1,1,31,99,6870,11498
GACGGTCAATAGAAGC-1,1,30,100,6731,11257
CTGACTGCGCAGCTCG-1,1,31,101,6593,11498
CCATACCTTTACTTGT-1,1,30,102,6454,11258
GTAATAAAGGGCTCCC-1,1,31,103,6316,11499
GTGAACTCCCATTCGA-1,1,30,104,6177,11258
GTGGTTACTTCTTTCG-1,1,31,105,6039,11499
TCAGAACCTCCACAGG-1,1,30,106,5901,11258
TCCCACTCTCTTCCGG-1,1,31,107,5763,11499
ATCTTGACTTGTCCAA-1,1,30,108,5624,11259
TCGGGAACGTGCCTAG-1,1,31,109,5486,11500
GTTAGCCGTAAATCAA-1,1,30,110,5347,11259
ATTTACTAAGTCCATT-1,1,31,111,5209,11500
GGGTGCATATGAAAGC-1,1,30,112,5070,11259
TCCGAATGGTCCTGAG-1,1,31,113,4932,11500
TGATGGCTGTTTCTGA-1,1,30,114,4794,11260
AAATAAGGTAGTGCCC-1,1,31,115,4655,11501
CCACTATCCGGGTCAC-1,1,30,116,4517,11260
ACACCACATAATTAGC-1,1,31,117,4379,11501
CGCGGTAAGTCTAGCT-1,1,30,118,4240,11260
GCGGGCATTACGATGC-1,1,31,119,4102,11501
AGGATTGCTTACGACA-1,1,30,120,3963,11261
CTCGGGATAACACCTA-1,1,31,121,3825,11502
GTCGTCTGGTTGGCTA-1,1,30,122,3686,11261
GCAATTAGTCGCACCG-1,1,31,123,3548,11502
GTGACCTAAAGAATAA-1,1,30,124,3410,11261
CTGAGCGAGACTTATT-1,1,31,125,3271,11502
CAAGACTCAGAAGCGC-1,1,30,126,3133,11262
ACTTCGCTAGCGAGTG-1,1,31,127,2995,11503
CCATACTCGCCTCTCC-1,0,32,0,20571,11722
ACGATACCTATCCTGA-1,0,33,1,20433,11963
CTCACCAGTACAAGTG-1,0,32,2,20294,11723
CGAAGACGGTGAGTGC-1,0,33,3,20156,11964
AAATTAATAAGCGCGA-1,0,32,4,20017,11723
GGGCCCTTATCTATAC-1,0,33,5,19879,11964
CTGCCCACGAAGCGTT-1,1,32,6,19741,11723
GGACAAGTTGCAGTGA-1,1,33,7,19602,11964
GTCCGAGAGCAATCAT-1,1,32,8,19464,11724
ATGGCAGCCGAGAAAC-1,1,33,9,19326,11965
CCTCGGATGCTACCTG-1,1,32,10,19187,11724
ATACGGTGAAGATGCA-1,1,33,11,19049,11965
ACATCAGCTGGGACGC-1,1,32,12,18910,11724
GGTTGTGTAGCCTGGC-1,1,33,13,18772,11965
CCTGCGTTCTACGCTT-1,1,32,14,18633,11725
GAACGTTAGGAAGACG-1,1,33,15,18495,11966
CTGATAGTGTATCTCA-1,1,32,16,18357,11725
TTCTGCGAGCGCCCTT-1,1,33,17,18219,11966
CTTTGGCGCTTTATAC-1,1,32,18,18080,11725
TCCGAACTTGGCTTAC-1,1,33,19,17942,11966
TAGATTCCTGGTTATT-1,1,32,20,17803,11726
CCGACAAAGGGAGTGC-1,1,33,21,17665,11967
CCATGGCCCTTGTACC-1,1,32,22,17526,11726
GAAATATCACCATCAG-1,1,33,23,17388,11967
ACGAAATGGGCGGCAC-1,1,32,24,17249,11726
GTGAGCGTGCTGCACT-1,1,33,25,17111,11967
CCGCGGGTACGAAGAA-1,1,32,26,16973,11727
TCCCTGGCTCGCTGGA-1,1,33,27,16835,11968
CAGCTTAGTAGGTAGC-1,1,32,28,16696,11727
CACGAAAGTTAGTCCC-1,1,33,29,16558,11968
ACCTAATCGACTTCCT-1,1,32,30,16419,11727
AAGTAGTGACGCGAGG-1,1,33,31,16281,11968
TCCGATTACATTGCCG-1,1,32,32,16142,11728
CCTCCGACAATTCAAG-1,1,33,33,16004,11969
GTTCACAGGAGTCTAG-1,1,32,34,15866,11728
CGAAGTTGCTCTGTGT-1,1,33,35,15727,11969
GTCGGATATCTCAGAC-1,1,32,36,15589,11728
CGCTCTCCGTAGATTA-1,1,33,37,15451,11969
CAAGCAACGTCGGAGT-1,1,32,38,15312,11729
CCATTCCCTGCCCACA-1,1,33,39,15174,11970
CTTTGGCTTTAGTAAA-1,1,32,40,15035,11729
GGCTATTAAGTTGTAT-1,1,33,41,14897,11970
CCATTAGCGATAATCC-1,1,32,42,14758,11729
TGTTCTTCCATTGACT-1,1,33,43,14620,11970
AGATAACTTCAGGGCC-1,1,32,44,14482,11730
ATAGACGAAGAGAAAG-1,1,33,45,14344,11971
GGCGGAGTAATATTAG-1,1,32,46,14205,11730
TGACCCACGTTAGACA-1,1,33,47,14067,11971
TCACAGGTTATTGGGC-1,1,32,48,13928,11730
TCACGCATTGTAGATC-1,1,33,49,13790,11971
TTGAAGAATTCCCAGG-1,1,32,50,13651,11731
AAATGGTCAATGTGCC-1,1,33,51,13513,11972
TAGTGCCCTCCAGAGT-1,1,32,52,13374,11731
GGTATTGCCGAGTTTA-1,1,33,53,13236,11972
CGTATTAAGAGATCTA-1,1,32,54,13098,11731
ACTGTCCAGGATTATA-1,1,33,55,12960,11972
CGGGCAGCTAAACCGC-1,1,32,56,12821,11732
TTGCTGATCATGTTCG-1,1,33,57,12683,11973
TATGGGTACGTATCGT-1,1,32,58,12544,11732
CAGCTCACTGAGACAT-1,1,33,59,12406,11973
GGGACTGCATAGATAG-1,1,32,60,12267,11732
ACGCATTCGTGAGTAC-1,1,33,61,12129,11973
CTCTGGACGCCTGGTG-1,1,32,62,11991,11733
AGGGTTTAGTTCGGGA-1,1,33,63,11852,11974
GGGAGAACTCACAGTA-1,1,32,64,11714,11733
ATCAATCTGGGCTGCA-1,1,33,65,11576,11974
TCTTCGATACCAATAA-1,1,32,66,11437,11733
ACGTAGATTGCTGATG-1,1,33,67,11299,11974
TCTTGATGCGTAGCGA-1,1,32,68,11160,11734
GGGCTGCCTAGGGCGA-1,1,33,69,11022,11975
CTCTCACAATCGATGA-1,1,32,70,10883,11734
CCAAGCGTAACTCGTA-1,1,33,71,10745,11975
ACAACAGCATGAGCTA-1,1,32,72,10607,11734
GTCCCAACGTAAAGTA-1,1,33,73,10469,11975
TCGGAGTACATGAGTA-1,1,32,74,10330,11735
GGGAGTTAATGAGGCG-1,1,33,75,10192,11976
CCGGGCGGTCTCGTCA-1,1,32,76,10053,11735
CCGTAAGTTGGTCCCA-1,1,33,77,9915,11976
GGAGGGCTTGGTTGGC-1,1,32,78,9776,11735
TCGGACGCCCAGCCCA-1,1,33,79,9638,11976
TCTGTGCCATCATAGT-1,1,32,80,9499,11736
GTACTGGAGTTAGACC-1,1,33,81,9361,11977
GGAATGCGCTAGCGTG-1,1,32,82,9223,11736
GTGTGAATAACTTAGG-1,1,33,83,9085,11977
GGTCGGCCAGGAGCTT-1,1,32,84,8946,11736
TAGCCGGCGGTCAGCG-1,1,33,85,8808,11977
CGGGTGTACCCATTTA-1,1,32,86,8669,11737
AGTGATTCAAGCAGGA-1,1,33,87,8531,11978
GTTGGATTGAGAACAC-1,1,32,88,8392,11737
CACACGCGCTGTCTTA-1,1,33,89,8254,11978
TAGACGCCCGTACCGG-1,1,32,90,8116,11737
GGTTTCAATCGGTCAG-1,1,33,91,7977,11978
AATCTGCGTTGGGACG-1,1,32,92,7839,11738
TTACGGATGGTTCGAG-1,1,33,93,7701,11979
CGGCAGGGTCGGGTTG-1,1,32,94,7562,11738
GCTTTCAGAGGAGGTG-1,1,33,95,7424,11979
TCTTCCCATGGGCACA-1,1,32,96,7285,11738
TACCGCGGACTTGCAG-1,1,33,97,7147,11979
AGAATTATGGATTCGA-1,1,32,98,7008,11739
ATTGATGAGTCCTAAC-1,1,33,99,6870,11980
TAGGTCGCCGGAACTG-1,1,32,100,6732,11739
TAACCTACCGTCCGAG-1,1,33,101,6593,11980
CTTAGTAGGCCTACAG-1,1,32,102,6455,11739
CTAGATGTGAGTGTAA-1,1,33,103,6317,11980
ACTCCCGAATTCGTTT-1,1,32,104,6178,11740
GTTCATCGTTTGGCTG-1,1,33,105,6040,11981
ACTTTACCCTCATGAA-1,1,32,106,5901,11740
GCGAGAGTTGCGTCCA-1,1,33,107,5763,11981
GTTCGGGCGTACCATT-1,1,32,108,5624,11740
CGACTTTGTATAGCCT-1,1,33,109,5486,11981
GCCATCGATGCTGCAT-1,1,32,110,5348,11741
GCATTTCCAAGGCTCC-1,1,33,111,5210,11982
ATGTAAGGCTGCTCTT-1,1,32,112,5071,11741
ACGTTCGCAATCAATT-1,1,33,113,4933,11982
GTGACGAGGGTGACCC-1,1,32,114,4794,11741
ATTATAGCTACTTTAC-1,1,33,115,4656,11982
CGTGTGTTAAACCCTG-1,1,32,116,4517,11742
TTGGTATGGCTTGTGT-1,1,33,117,4379,11983
CATTCCCATTCCGTCG-1,1,32,118,4241,11742
TGCCGAAAGCGTATTC-1,1,33,119,4102,11983
CAACACATCTCCTGCC-1,1,32,120,3964,11742
CTGCCTCATATGCAAC-1,1,33,121,3826,11983
TCCCGCCTATGTGCGT-1,1,32,122,3687,11743
GGTTACCCGACACTTT-1,1,33,123,3549,11984
CCAGCGGGATCACCAG-1,1,32,124,3410,11743
ATGTTTCGGCCCGGAG-1,1,33,125,3272,11984
GCGTCTAACCTCCTAA-1,1,32,126,3133,11743
ATCAGGTAGCTGACAG-1,1,33,127,2995,11984
GGTATGAAAGAACTGA-1,0,34,0,20572,12204
GTGGCCTAATATCATT-1,0,35,1,20433,12445
CCTGTGAAACCGTAAC-1,0,34,2,20295,12204
GGCAGAGAGATCGGGA-1,0,35,3,20157,12445
TAGCGTCGAATATTGA-1,0,34,4,20018,12205
CGCCGACTATTCGCTA-1,0,35,5,19880,12446
TCTGGCGCAAGCCGGG-1,0,34,6,19741,12205
AGTGGTTGCGTATAGG-1,1,35,7,19603,12446
ATCGGTTACCTAGTAA-1,1,34,8,19464,12205
CCTGCCCGTTGTCTAG-1,1,35,9,19326,12446
GCACACGCCCATGGTC-1,1,34,10,19188,12206
AGTACGGCCCGTATCG-1,1,35,11,19049,12447
TATCTAGCCTAAAGGA-1,1,34,12,18911,12206
CACTCGGTTAGGAGGA-1,1,35,13,18773,12447
ATGTTCGTCGACCCAC-1,1,34,14,18634,12206
TTCCTCTGCCCGAATA-1,1,35,15,18496,12447
TTACTATCGGCTTCTC-1,1,34,16,18357,12207
GCCGCATTAGTCCGGC-1,1,35,17,18219,12448
TAAGGGCTGGGAGAGG-1,1,34,18,18080,12207
TAAGCAGGCGACACGC-1,1,35,19,17942,12448
AGCACTACCGGCCTGT-1,1,34,20,17804,12207
GAAAGCCCTTTGGACC-1,1,35,21,17666,12448
GACCGACTGAAGCGTC-1,1,34,22,17527,12208
CGGTGAAGACTAAAGT-1,1,35,23,17389,12449
CCCTGCGCTACGCATA-1,1,34,24,17250,12208
TACTGGACAGCTCGGC-1,1,35,25,17112,12449
TTAGTAGGGCGGCGGG-1,1,34,26,16973,12208
GAGGCTATCAAAGTCG-1,1,35,27,16835,12449
TTACCATTGATTACCC-1,1,34,28,16697,12209
ATACCACGGGCAACTT-1,1,35,29,16558,12450
TGTCCTAAGTCACCGC-1,1,34,30,16420,12209
AGGTAGGTACAAAGCT-1,1,35,31,16282,12450
GGCATACAGGTAGCGG-1,1,34,32,16143,12209
TGTAGTGATCTATAAT-1,1,35,33,16005,12450
TCCCGGGTGTGCTGCT-1,1,34,34,15866,12210
TACGATGTTGATCATC-1,1,35,35,15728,12451
CCTCTCTCCCATCTAG-1,1,34,36,15589,12210
GCAGGACTATAGAATA-1,1,35,37,15451,12451
CTAGTGAAGGACAGGA-1,1,34,38,15313,12210
TACGAGAACTTCACGT-1,1,35,39,15174,12451
CGTTGTTTCAATTCCC-1,1,34,40,15036,12211
GCAAATATTACGCTTT-1,1,35,41,14898,12452
CCAATAGTGCCGTCGA-1,1,34,42,14759,12211
ATTGCTGCTCCTCCAT-1,1,35,43,14621,12452
GAGATCTGCTTGGCAT-1,1,34,44,14482,12211
GCCGAAATTCCTACGT-1,1,35,45,14344,12452
GGCACTCCACTGGGCA-1,1,34,46,14205,12212
GGGTCACCGTGACGGT-1,1,35,47,14067,12453
CACTTAATCAGACGGA-1,1,34,48,13929,12212
CGTTTCGCTCATTACA-1,1,35,49,13791,12453
ATAAAGGCTCGGTCGT-1,1,34,50,13652,12212
CACTAAAGTTGCCTAT-1,1,35,51,13514,12453
GTGCTCAAGTACTGTC-1,1,34,52,13375,12213
CCATGCCTGTTTAGTA-1,1,35,53,13237,12454
TCTAGTTATCAGAAGA-1,1,34,54,13098,12213
TTGTAATCCGTACTCG-1,1,35,55,12960,12454
TCCCAGCTTTAGTCTG-1,1,34,56,12821,12213
CTACGCACGGAGTACC-1,1,35,57,12683,12454
AAATTAACGGGTAGCT-1,1,34,58,12545,12214
CGGCCACGCACAAAGT-1,1,35,59,12407,12455
GAAGCGTGAGGAATTT-1,1,34,60,12268,12214
ATATCTTAGGGCCTTC-1,1,35,61,12130,12455
ACGCGGGCCAAGGACA-1,1,34,62,11991,12214
GCGAGTTCTGCAAAGA-1,1,35,63,11853,12455
TATTCGTGCCAGAATA-1,1,34,64,11714,12215
AGGGCTGCAGTTACAG-1,1,35,65,11576,12456
CTAGCATAGTATAATG-1,1,34,66,11438,12215
TAGGTTCGAGTTCGTC-1,1,35,67,11299,12456
GAATTATAGTGAAAGG-1,1,34,68,11161,12215
CTATCGGGTCTCAACA-1,1,35,69,11023,12456
GCGCTAATTGAATAGA-1,1,34,70,10884,12216
ATGCGACAGTCCCATT-1,1,35,71,10746,12457
GGTAGTGCTCGCACCA-1,1,34,72,10607,12216
AAGCTCGTGCCAAGTC-1,1,35,73,10469,12457
TATTCAATTCTAATCC-1,1,34,74,10330,12216
TTCAAAGTCTCTAGCC-1,1,35,75,10192,12457
TTGAATATGGACTTTC-1,1,34,76,10054,12217
AAGAGCTCTTTATCGG-1,1,35,77,9916,12458
TTACTCCGGCCGGGAA-1,1,34,78,9777,12217
AAACGAGACGGTTGAT-1,1,35,79,9639,12458
GCTAAGTAGTTTCTCT-1,1,34,80,9500,12217
ATAACGCCGGAGGGTC-1,1,35,81,9362,12458
GGATCCGGAATATACT-1,1,34,82,9223,12218
TGAAAGGACCTGACTC-1,1,35,83,9085,12459
TCCGCGGCAGCATCTG-1,1,34,84,8946,12218
TGCATATGTCTGTCAC-1,1,35,85,8808,12459
TGTAGGAGAAATTTCC-1,1,34,86,8670,12218
AGTGAGACTTCCAGTA-1,1,35,87,8532,12459
CCCAAACATGCTGCTC-1,1,34,88,8393,12219
GCTTATGAAGCAGGAA-1,1,35,89,8255,12460
TTCTAACCGAAGCTTA-1,1,34,90,8116,12219
GGATGTCCTTACCGCA-1,1,35,91,7978,12460
AGGGTGCTCTCGAGGG-1,1,34,92,7839,12219
AACTCTCAATAGAGCG-1,1,35,93,7701,12460
TCTGAATTCCGTACAA-1,1,34,94,7563,12220
GCGTGGTACTGGGTTA-1,1,35,95,7424,12461
CGTCGGATAGTGTTGA-1,1,34,96,7286,12220
ATATGTCTCCCTAGCC-1,1,35,97,7148,12461
TCTTTAAGACTATGAA-1,1,34,98,7009,12220
TCATTTAAGTCTCCGA-1,1,35,99,6871,12461
GATATTGAGATTGGCG-1,1,34,100,6732,12221
TGACATCGAGCGGACC-1,1,35,101,6594,12462
GCGTAAATGGCCATAA-1,1,34,102,6455,12221
ATTGTACAACTCGGCT-1,1,35,103,6317,12462
TACGCTATAGAAACCT-1,1,34,104,6179,12221
CACCCAAATCTTATGT-1,1,35,105,6040,12462
AGATGATGGAGTCTGG-1,1,34,106,5902,12222
CCACGGTGCCCGGTAG-1,1,35,107,5764,12463
TCAAGAAATACTAGCT-1,1,34,108,5625,12222
AGGTATAATTGATAGT-1,1,35,109,5487,12463
CAAGGTCCTATAGGCT-1,1,34,110,5348,12222
CCGGCACGACCGTTTC-1,1,35,111,5210,12463
ACCTCCGTTATTCACC-1,1,34,112,5071,12223
GCAGCCTATATCACAT-1,1,35,113,4933,12464
GGTATAGTGACACATA-1,1,34,114,4795,12223
AAATTCCAGGTCCAAA-1,1,35,115,4657,12464
TCTTTAGCAGGCGAAC-1,1,34,116,4518,12223
TATTGACATTTCTGCC-1,1,35,117,4380,12464
TCTGATCGGGTGCTAG-1,1,34,118,4241,12224
GGCCCGGAGCATGTCT-1,1,35,119,4103,12465
GGGCGCAGCGTTACTC-1,1,34,120,3964,12224
TTGGCGATCCGAATAT-1,1,35,121,3826,12465
CCACGTAAATTAGACT-1,1,34,122,3688,12224
TCTGATTGGAAATGGA-1,1,35,123,3549,12465
ATGGCGGAATAGTCGC-1,1,34,124,3411,12225
ATCGCTTTACGTCTCA-1,1,35,125,3273,12466
TACGTGCAAGGTTCCT-1,1,34,126,3134,12225
CAGGACAGCTGCCCTT-1,1,35,127,2996,12466
CAAACCAGGTCTGCAT-1,0,36,0,20572,12686
ACAAGCTATATGGAAG-1,0,37,1,20434,12927
TCGCCCACTGCGAGAG-1,0,36,2,20295,12686
AGCCGCAAATTCAAAT-1,0,37,3,20157,12927
TTAACGTTAAAGCCTG-1,0,36,4,20019,12686
CAGCGCCAACACGATA-1,0,37,5,19880,12927
ATCCAATGGTACCGAA-1,0,36,6,19742,12687
GTGCTGCAGATAAGGA-1,1,37,7,19604,12928
GGCCTTTGCAACTGGC-1,1,36,8,19465,12687
GTCGTACCTACGATTG-1,1,37,9,19327,12928
TAGAAATTCACGTATA-1,1,36,10,19188,12687
AGAATAAATCTTCAGG-1,1,37,11,19050,12928
CATTGCGAAATGGGCG-1,1,36,12,18911,12688
GTCTACTCAATTACAA-1,1,37,13,18773,12929
TGTAATGACCACAATA-1,1,36,14,18635,12688
AAAGTCGACCCTCAGT-1,1,37,15,18496,12929
TACTCGGCACGCCGGG-1,1,36,16,18358,12688
AGGTGTATCGCCATGA-1,1,37,17,18220,12929
TGTGCTTTACGTAAGA-1,1,36,18,18081,12689
AAACCTCATGAAGTTG-1,1,37,19,17943,12930
TATAGGGTACTCATGA-1,1,36,20,17804,12689
CCAGCTGATGGTACTT-1,1,37,21,17666,12930
AATATTGGAGTATTGA-1,1,36,22,17527,12689
GGCCCTCACCCACTTA-1,1,37,23,17389,12930
AACCAAGACTTCTCTG-1,1,36,24,17251,12690
TCGTATTACCCATTGC-1,1,37,25,17113,12931
ATTCGACGCCGGGCCT-1,1,36,26,16974,12690
GGCGCAGGACATCTTC-1,1,37,27,16836,12931
GTACTCCCTTATCGCT-1,1,36,28,16697,12690
TGGTCTGTTGGGCGTA-1,1,37,29,16559,12931
AATAACAACGCTCGGC-1,1,36,30,16420,12691
CATACCCGTACCCAGT-1,1,37,31,16282,12932
ACAATCCATTTAAACC-1,1,36,32,16144,12691
GTTACAATTGGTGACG-1,1,37,33,16005,12932
TTGCCCTGATCACGGG-1,1,36,34,15867,12691
CTAACCGCGCGCCCGT-1,1,37,35,15729,12932
CTAAAGAATGCCTACT-1,1,36,36,15590,12692
ACCCATCTTGAGGGTA-1,1,37,37,15452,12933
GATCTTTGCAGGGTAT-1,1,36,38,15313,12692
GGGTACTTCATGAACT-1,1,37,39,15175,12933
GCCGCTTGTGAGAAAC-1,1,36,40,15036,12692
CCTGTAAGACATGATA-1,1,37,41,14898,12933
CGACAGTTCGCGTTAT-1,1,36,42,14760,12693
ACGATGCATATGTTAT-1,1,37,43,14621,12934
TGTTCCGCTTCCATGA-1,1,36,44,14483,12693
GGATGACGCGAGTTTA-1,1,37,45,14345,12934
GAAGTTTCCACTCAAT-1,1,36,46,14206,12693
GCGAGGCCCGAGCAGA-1,1,37,47,14068,12934
CATACTATGTAATTGT-1,1,36,48,13929,12694
CCAATGTCACAGCAAG-1,1,37,49,13791,12935
GTTGGATTTGCGTTGG-1,1,36,50,13652,12694
GGGAGGATGCCCGAAA-1,1,37,51,13514,12935
GATCGCGGGCTCTCCA-1,1,36,52,13376,12694
GTTCGCCATAAGTGCC-1,1,37,53,13238,12935
AGATTATAGGACGTTT-1,1,36,54,13099,12695
TCGAGACCAACACCGT-1,1,37,55,12961,12936
TATGGGACCGAGCAGG-1,1,36,56,12822,12695
GATGCGTCCTGCATTC-1,1,37,57,12684,12936
TATGGTCTGAGTAACA-1,1,36,58,12545,12695
GCATAGAGCACTCAGG-1,1,37,59,12407,12936
CTTCATTGTCAGTGGA-1,1,36,60,12268,12696
GCAGATTAGGGATATC-1,1,37,61,12130,12937
CCTGTCGCCCGTAAAT-1,1,36,62,11992,12696
CAATTTCGTATAAGGG-1,1,37,63,11854,12937
GTACACTTACCTGAAG-1,1,36,64,11715,12696
CCAGCCTGGACCAATA-1,1,37,65,11577,12937
ATGGAGCAGGCCGTGA-1,1,36,66,11438,12697
GTCATTAGAGCGAACG-1,1,37,67,11300,12938
AAGACTGCAAGCTACT-1,1,36,68,11161,12697
CTAGTCACGTCTTAAG-1,1,37,69,11023,12938
ACTCTTGTATAGTAAC-1,1,36,70,10885,12697
ATTAGGCGATGCTTTC-1,1,37,71,10746,12938
TTCGGGACTAATCGCG-1,1,36,72,10608,12698
TGGACTGTTCGCTCAA-1,1,37,73,10470,12939
AACGTGCGAAAGTCTC-1,1,36,74,10331,12698
CCACCCAAGGAAAGTG-1,1,37,75,10193,12939
CCGCACAAAGACCAAC-1,1,36,76,10054,12698
GCGATTGTTAACGTTA-1,1,37,77,9916,12939
ACTCGTCAGTAATCCC-1,1,36,78,9777,12699
GGTGATAAGGAGCAGT-1,1,37,79,9639,12940
AAGAGGCATGGATCGC-1,1,36,80,9501,12699
CACGTTCGTGCTCTAG-1,1,37,81,9363,12940
CTATTTGGTTACGGAT-1,1,36,82,9224,12699
GTACAGAGGCAAGGGT-1,1,37,83,9086,12940
GGGCCGGCCGAAGTAC-1,1,36,84,8947,12700
CCTGAACGATATATTC-1,1,37,85,8809,12941
CCGGGCTGCTCCATAC-1,1,36,86,8670,12700
TACTTGTTAGTAGTCC-1,1,37,87,8532,12941
CCTAGGCGTAGCGATC-1,1,36,88,8393,12700
CTGGCGCACAGGTCTG-1,1,37,89,8255,12941
ACTTATACTTACCCGG-1,1,36,90,8117,12701
GAAGTCTCCCTAGCGA-1,1,37,91,7979,12942
ACCGATGGTAGCATCG-1,1,36,92,7840,12701
CGAGTTTATCGGACTG-1,1,37,93,7702,12942
CATAACGGACAGTCGT-1,1,36,94,7563,12701
TGACGATGCACTAGAA-1,1,37,95,7425,12942
TAGGGAGCTTGGGATG-1,1,36,96,7286,12702
AGGGTCGATGCGAACT-1,1,37,97,7148,12943
TATATCCCTGGGAGGA-1,1,36,98,7010,12702
CATCTTACACCACCTC-1,1,37,99,6871,12943
GTGCGACAGGGAGTGT-1,1,36,100,6733,12702
CCGATCTCAACCTTAT-1,1,37,101,6595,12943
ACGATCATCTTGTAAA-1,1,36,102,6456,12703
GAAAGAACAGCGTTAT-1,1,37,103,6318,12944
CTAGGTCTGAAGGAAT-1,1,36,104,6179,12703
ATATCAACCTACAGAG-1,1,37,105,6041,12944
AAATAGCTTAGACTTT-1,1,36,106,5902,12703
GCGACATGTAAACATC-1,1,37,107,5764,12944
ATAAGTAGGGCGACTC-1,1,36,108,5626,12704
GCGAGCGCATGCTCCC-1,1,37,109,5488,12945
AGGGACCGGCTGCGTT-1,1,36,110,5349,12704
CCTATGAAGTGGTGCC-1,1,37,111,5211,12945
GCTTACGTAGTTAGTA-1,1,36,112,5072,12704
CATACTTAGGCAATAC-1,1,37,113,4934,12945
CCTGTCCCTCACGTTA-1,1,36,114,4795,12705
CAATGTGCCAACCCTT-1,1,37,115,4657,12946
GTTAAGTTAGAGTGGG-1,1,36,116,4518,12705
CTGGGATACGCTACCC-1,1,37,117,4380,12946
AACCTGTCACGGAATT-1,1,36,118,4242,12705
ACTGCGGACACACCGT-1,1,37,119,4104,12946
CCGTGAGGCATTCATG-1,1,36,120,3965,12706
GCCCAGATGCTGGAGA-1,1,37,121,3827,12947
TCTGGCCGTTCAAGTT-1,1,36,122,3688,12706
ATACGAAGGCTTTCCA-1,1,37,123,3550,12947
GATCCGAATATAAGTG-1,1,36,124,3411,12706
GTGGAGCATGTCGGCC-1,1,37,125,3273,12947
ACTCTTCAGCTCCCGC-1,1,36,126,3135,12707
CCCGATAGCCTCGCCT-1,1,37,127,2996,12948
ACAGGTGTGTTGTTGC-1,0,38,0,20573,13167
TGAACTGCTATGACTT-1,0,39,1,20435,13408
TGACATATATGACGAT-1,0,38,2,20296,13168
AAGTCTTCTGTGGCCT-1,0,39,3,20158,13409
ACCAGACCATAACAAC-1,0,38,4,20019,13168
TGAGACGTACCTCTCA-1,0,39,5,19881,13409
GACCGTTACATGCGAC-1,0,38,6,19742,13168
GGTTCGGATTATACTA-1,1,39,7,19604,13409
CCTCCTGAGCCCACAT-1,1,38,8,19466,13169
CCGCGATTTGGTAGGT-1,1,39,9,19327,13410
AATCTCTACTGTGGTT-1,1,38,10,19189,13169
ACTTTGACTGCATCCT-1,1,39,11,19051,13410
CCCTGACTAACAAATT-1,1,38,12,18912,13169
ACGCTGTGAGGCGTAG-1,1,39,13,18774,13410
GCATACGAGGTCTTTA-1,1,38,14,18635,13170
TCGGGATTCAAACATA-1,1,39,15,18497,13411
GGGCCCTACGAAAGGG-1,1,38,16,18358,13170
CGCCAAGAAGCCGAGT-1,1,39,17,18220,13411
GGTACATCTGGGACGA-1,1,38,18,18082,13170
GGATGCTGGCGTTCCT-1,1,39,19,17943,13411
CCGATTCGAGGGACCC-1,1,38,20,17805,13171
CCACTGGTGGCTGGTT-1,1,39,21,17667,13412
GACAGGCACACACTAT-1,1,38,22,17528,13171
TCAACGCGACCGGCAG-1,0,39,23,17390,13412
CTACGACTAGCTATAA-1,1,38,24,17251,13171
CGGTTGACCTGGCATA-1,0,39,25,17113,13412
ATCCTGAATCGCTGCG-1,1,38,26,16974,13172
GTTTCATATCGTCGCT-1,0,39,27,16836,13413
ATAAATATTAGCAGCT-1,1,38,28,16698,13172
AAGAGGATGTACGCGA-1,1,39,29,16560,13413
TCCTGCGTTGATACTC-1,1,38,30,16421,13172
CGTGCATTGTCGACGC-1,1,39,31,16283,13413
CCGGGTTCGAGGTTAC-1,1,38,32,16144,13173
CCCAATTTCACAACTT-1,1,39,33,16006,13414
TGATTTATTAGCTGTG-1,1,38,34,15867,13173
TGGAAGAAGGGAACGT-1,1,39,35,15729,13414
GACGCTTGCTTCTAAA-1,1,38,36,15591,13173
GGGAACGGGAGGTTAG-1,1,39,37,15452,13414
GCGGCTCTGACGTACC-1,1,38,38,15314,13174
ACGTTAGATTTGCCCG-1,1,39,39,15176,13415
GAGAGGGCGCGAGGTT-1,1,38,40,15037,13174
GCGTCTCTGCATTGGG-1,1,39,41,14899,13415
GCAGCACACAGCCCAG-1,1,38,42,14760,13174
CAGGCCGTTTGGGTGT-1,1,39,43,14622,13415
AACTCAAGTTAATTGC-1,1,38,44,14483,13175
CTTCGTAGATAGGTGA-1,1,39,45,14345,13416
TGCAGAGTACCGAGCA-1,1,38,46,14207,13175
GAAGTGATTTATCGTG-1,1,39,47,14068,13416
CGCTACGGGACATTTA-1,1,38,48,13930,13175
CCACACTGAGATATTA-1,1,39,49,13792,13416
CGATCCGACCCAGTGC-1,1,38,50,13653,13176
CTGTACTTCTTAGCAT-1,1,39,51,13515,13417
ACTTATTAGGATCGGT-1,1,38,52,13376,13176
TAGTCCGCAGAGAATG-1,1,39,53,13238,13417
TTCACGAAAGGATCAC-1,1,38,54,13099,13176
TACATTTCTAACGTGC-1,1,39,55,12961,13417
ACCATATCCGCAATAA-1,1,38,56,12823,13177
CACTCAAGAGCTATGG-1,1,39,57,12685,13418
TGTACGAACAAATCCG-1,1,38,58,12546,13177
ATCATCCAATATTTGT-1,1,39,59,12408,13418
CGCTATTCTTAGGCTC-1,1,38,60,12269,13177
TGGCAGCAGTAATAGT-1,1,39,61,12131,13418
TCACGTGCCCGATTCA-1,1,38,62,11992,13178
CATACGGCGTCTGGGC-1,1,39,63,11854,13419
CACATGATTCAGCAAC-1,1,38,64,11715,13178
GCTAGTAGAGCTTGTA-1,1,39,65,11577,13419
TGCTGTTGAAGAACTC-1,1,38,66,11439,13178
CGGAGCATGGCGATCC-1,1,39,67,11301,13419
TAGCGTTGGGTCTTAC-1,1,38,68,11162,13179
GTAGCGGCTATACACT-1,1,39,69,11024,13420
TAACATACAATGTGGG-1,1,38,70,10885,13179
TCTTCGAATAGACGTT-1,1,39,71,10747,13420
GATCGTGACTGATATC-1,1,38,72,10608,13179
GATCCGGGAATTAACA-1,1,39,73,10470,13420
TTATATACGCTGTCAC-1,1,38,74,10332,13180
GTCGCGTAACCCGTTG-1,1,39,75,10193,13421
AGCTCTAGACGTTCCA-1,1,38,76,10055,13180
GTCAAGCGGACTCGGG-1,1,39,77,9917,13421
CGAGGGACTGCGGTCG-1,1,38,78,9778,13180
AATCGCCTCAGCGCCA-1,1,39,79,9640,13421
CTTGTTGCTGAGTCAA-1,1,38,80,9501,13181
GATATGAGACACTAAC-1,1,39,81,9363,13422
TTATGATCTTAACGAA-1,1,38,82,9224,13181
CGCCGCCCATGCCTGT-1,1,39,83,9086,13422
CTGGGATAAATAATGG-1,1,38,84,8948,13181
GTGCCCGTTCGGATTC-1,1,39,85,8810,13422
TTCAATACTCTGAATC-1,1,38,86,8671,13182
CGCACATGTCCACTAC-1,1,39,87,8533,13423
AGAAGAGCGCCGTTCC-1,1,38,88,8394,13182
GATAACTCGCACTGTG-1,1,39,89,8256,13423
AGTCGACGGTCTCAAG-1,1,38,90,8117,13182
GTGACCGCACACTACG-1,1,39,91,7979,13423
GTATGTGGGTCTAGTT-1,1,38,92,7840,13183
CTTGAGTTAGGGTAAT-1,1,39,93,7702,13424
TTAGCTGATTTGCCGT-1,1,38,94,7564,13183
GCTGTTGCTACCGAAC-1,1,39,95,7426,13424
TATTACCATCCTGCTT-1,1,38,96,7287,13183
TTGAATTCACGTGAGG-1,1,39,97,7149,13424
CCATCTCACCAGTGAA-1,1,38,98,7010,13184
CGCACGTGCGCTATCA-1,1,39,99,6872,13425
ACCCGGATGACGCATC-1,1,38,100,6733,13184
CGCTAGAGACCGCTGC-1,1,39,101,6595,13425
ATAGTTCCACCCACTC-1,1,38,102,6457,13184
GCAGACCCAGCACGTA-1,1,39,103,6318,13425
TAGACTACCTAGCGTT-1,1,38,104,6180,13185
GGTTCTACTCGTCTGA-1,1,39,105,6042,13426
GACTCACCCACGTGAG-1,1,38,106,5903,13185
AGCTCTTCGTAACCTT-1,1,39,107,5765,13426
ACTATCCAGGGCATGG-1,1,38,108,5626,13185
AAGGATCGATCGCTTG-1,1,39,109,5488,13426
ATATCGGTAGGGAGAT-1,1,38,110,5349,13186
TTCCAGACGAGATTTA-1,1,39,111,5211,13427
GACCGACGTGAAAGCA-1,1,38,112,5073,13186
CCTGGAAACGTTCTGC-1,1,39,113,4935,13427
CCGGTAATGGCTAGTC-1,1,38,114,4796,13186
GCCGTGGAAGAAATGT-1,1,39,115,4658,13427
GTCTTGAGGAGCAGTG-1,1,38,116,4519,13187
TCCCAAAGCCCTAAAT-1,1,39,117,4381,13428
TTGAGCGCCACGTGAT-1,1,38,118,4242,13187
TTGAGTCCCGCTGCTG-1,1,39,119,4104,13428
ATGGAACCTTTGCACA-1,1,38,120,3965,13187
GCTAGCACCTGGGCCA-1,1,39,121,3827,13428
CGCCGTCTACCCATCG-1,1,38,122,3689,13188
GATAGGTGTCCCGGGC-1,1,39,123,3551,13429
AGGTATGCGGACATTA-1,1,38,124,3412,13188
TTGGTTCGCTCAAAGG-1,1,39,125,3274,13429
TCTGGAGCGTAAGAGT-1,1,38,126,3135,13188
TGCCTAAATTTAATAG-1,1,39,127,2997,13429
TAATTTCCGTCCAGTA-1,0,40,0,20573,13649
TCCTTCAATCCCTACG-1,0,41,1,20435,13890
TACCTATCCCTAGAGG-1,0,40,2,20296,13649
GCATGGGTACTGACGC-1,0,41,3,20158,13890
GTCGGGAACATGGTAG-1,0,40,4,20020,13649
GCAAATGAGGACACTT-1,0,41,5,19882,13890
GAATGGGCTTATCGAC-1,0,40,6,19743,13650
TGGTCGTGCAAGGCAA-1,1,41,7,19605,13891
CACCACGCCACACAGA-1,1,40,8,19466,13650
GAACCTCGACCTACAC-1,1,41,9,19328,13891
CAATACGCTCTGAGGC-1,1,40,10,19189,13650
TGGTAAGCAGGATTGA-1,1,41,11,19051,13891
AGTGGCTCCGTCGGCC-1,1,40,12,18913,13651
GATCGGATAGAACCAT-1,1,41,13,18774,13892
GCTACAGTACGGACCG-1,1,40,14,18636,13651
TCTATTACTAGAGGAT-1,1,41,15,18498,13892
TTCAGGCGTCAAAGCC-1,1,40,16,18359,13651
AGACCGGGAAACCCTG-1,1,41,17,18221,13892
AGAGATCTCTAAAGCG-1,1,40,18,18082,13652
CCCTGCCCAATCCGCT-1,1,41,19,17944,13893
GTGGCGGTCCCAGCGT-1,1,40,20,17805,13652
GCATTGTAATTCATAT-1,1,41,21,17667,13893
CCGTTCCGAATCTCGG-1,1,40,22,17529,13652
AGCTTGATCTTAACTT-1,1,41,23,17391,13893
CCTGTACTCACGCCCA-1,1,40,24,17252,13653
AAGTGACGACCGAATT-1,1,41,25,17114,13894
CTCACTTGGCTGGTAA-1,1,40,26,16975,13653
CGCCTGGCCTACGTAA-1,1,41,27,16837,13894
CCCGTAAGTCTAGGCC-1,0,40,28,16698,13653
TTGGACATGTGGCTTA-1,1,41,29,16560,13894
ATTACGCGCTGGCAGG-1,1,40,30,16421,13654
ACGCGCTACACAGGGT-1,1,41,31,16283,13895
TACGTTTACCGGCAAT-1,1,40,32,16145,13654
CGAAACGCAATTCATG-1,1,41,33,16007,13895
TAGTCTAACAACGAGA-1,1,40,34,15868,13654
TTGCATGCTGATCACG-1,1,41,35,15730,13895
TCTGGGTAGCGCTCAT-1,1,40,36,15591,13655
ACATCGGTCAGCCGCG-1,1,41,37,15453,13896
AGATACCGGTGTTCAC-1,1,40,38,15314,13655
GATTACTGAATTTGGG-1,1,41,39,15176,13896
TCCAACTTTAAATTCT-1,1,40,40,15038,13655
TCCTAGCAAAGAAGCT-1,1,41,41,14899,13896
GTCTATCTGAGTTTCT-1,1,40,42,14761,13656
GATGTTCAATCCACGA-1,1,41,43,14623,13897
AGTTAAACACTTGCGA-1,1,40,44,14484,13656
AGCTCTTTACTCAGTT-1,1,41,45,14346,13897
ATCCAGGATTCGTGAA-1,1,40,46,14207,13656
AGTCAACACCACCATC-1,1,41,47,14069,13897
CGATACCTCGCGGACA-1,1,40,48,13930,13657
TACAACGCACAACTCA-1,1,41,49,13792,13898
AATTAAAGGTCGGCGT-1,1,40,50,13654,13657
TACGCAGTTCTTTCCT-1,1,41,51,13515,13898
GACCGTGCTGACGGTG-1,1,40,52,13377,13658
GGCAAATTACTTTACT-1,1,41,53,13239,13898
GGTACAAACATGCTAT-1,1,40,54,13100,13658
CGGGCCTTCTTTGTAA-1,1,41,55,12962,13899
CGTGAAGTTAATTCAC-1,1,40,56,12823,13658
ATAGTGAAGCGTTCTC-1,1,41,57,12685,13899
TACGCCATATTCTAAT-1,1,40,58,12546,13659
GCCGGGTTAGGGTCGC-1,1,41,59,12408,13899
TACATAGGCATACACC-1,1,40,60,12270,13659
GCCGATTGGCCAAGCT-1,1,41,61,12132,13900
CTGCCATGCATCACAT-1,1,40,62,11993,13659
TTATGAATGAAAGGGA-1,1,41,63,11855,13900
GCTGAGGCGTGAGTAT-1,1,40,64,11716,13660
GCGCCGTTCCACGATA-1,1,41,65,11578,13900
CGCATGGTGCGATGCT-1,1,40,66,11439,13660
AGGTTTCACACACCTT-1,1,41,67,11301,13901
CAAGGATCGCATGTTC-1,1,40,68,11163,13660
ACGTTAATGTCGAAGA-1,1,41,69,11024,13901
TCCAGAGCACCGGTTC-1,1,40,70,10886,13661
GATTCGACGGTTCACG-1,1,41,71,10748,13901
GTTTCTGCAGTCTCCC-1,1,40,72,10609,13661
GCTGCACGGTTTCTTA-1,1,41,73,10471,13902
CGTGCAGACTGGGACA-1,1,40,74,10332,13661
GTGTTACTATGCGTCC-1,1,41,75,10194,13902
TCCTCGGGCTGGGCTT-1,1,40,76,10055,13662
GTGAGGACACTTAAGG-1,1,41,77,9917,13902
ATACGCCGGCGAAACC-1,1,40,78,9779,13662
TCTGCCAGAAACTGCA-1,1,41,79,9640,13903
TTCTGCGGGTTAGCGG-1,1,40,80,9502,13662
CTCGGTACCACTGCTC-1,1,41,81,9364,13903
GTAAGTAACAGTCTGG-1,1,40,82,9225,13663
GTGCGTGTATATGAGC-1,1,41,83,9087,13903
ATTTGTCTTGGGAGCT-1,1,40,84,8948,13663
CCTCGGACCGGGATAG-1,1,41,85,8810,13904
TAGGTGCTCGCCTAGC-1,1,40,86,8671,13663
CTTTAGGAACACTGTT-1,1,41,87,8533,13904
TCGGGCCGTCGTGGTA-1,1,40,88,8395,13664
AGTGCTTGCACGAATA-1,1,41,89,8257,13904
TGCAGTTTCCTCCCAT-1,1,40,90,8118,13664
TGAGAGATTTACCACG-1,1,41,91,7980,13905
GAAACAGATGACCACC-1,1,40,92,7841,13664
AGCAACATATCTTATT-1,1,41,93,7703,13905
CAAGTGTGGTTGCAAA-1,1,40,94,7564,13665
GCCTCATCTGGAAATA-1,1,41,95,7426,13905
AACCCTACTGTCAATA-1,1,40,96,7287,13665
ACGTATTACTCCGATC-1,1,41,97,7149,13906
TCTGGGAACCTTTGAA-1,1,40,98,7011,13665
GCTCGCTCATGTCCAA-1,1,41,99,6873,13906
GCGCAAGAGCGCGCTG-1,1,40,100,6734,13666
TTGACGCTCCATGAGC-1,1,41,101,6596,13906
TATAGATGGTCGCAGT-1,1,40,102,6457,13666
TTACATGCCACAACTA-1,1,41,103,6319,13907
ACATGGCGCCAAAGTA-1,1,40,104,6180,13666
TATGGTTAGTGGGAGA-1,1,41,105,6042,13907
CATGACTTCGCTGAAT-1,1,40,106,5904,13667
ACCACCAATGTAACAA-1,1,41,107,5765,13907
TCTTAGAGCTCCAATT-1,1,40,108,5627,13667
CCACGAATTTAACCTC-1,1,41,109,5489,13908
TTCTTGCTAGCATCTC-1,1,40,110,5350,13667
ACACCTTACTACTTGC-1,1,41,111,5212,13908
AGTCGGTTGCGTGAGA-1,1,40,112,5073,13668
ACCTACAGTATGTGGT-1,1,41,113,4935,13908
GAGGATAAACAGTGCT-1,1,40,114,4796,13668
TTCCGGTATCTGTGTC-1,1,41,115,4658,13909
GGAGGCCGAAGTCGTC-1,1,40,116,4520,13668
TTCGCTAGGAAGTTGT-1,1,41,117,4382,13909
TAAAGACAACCCTTTA-1,1,40,118,4243,13669
GTTGCGCTAACATTAC-1,1,41,119,4105,13910
GCTGAACTCTCCAGGG-1,1,40,120,3966,13669
AGCCCTGTCGCACCGT-1,1,41,121,3828,13910
AGCGCTAGAGCGATGT-1,1,40,122,3689,13669
TGCGCCGTTAATAACG-1,1,41,123,3551,13910
TGACAACGCATGTCGC-1,1,40,124,3412,13670
CGTCTTGAGTGTGACG-1,1,41,125,3274,13911
GATAGGATTAATTACA-1,1,40,126,3136,13670
GATACCGTGTCGGAGT-1,1,41,127,2998,13911
TGTGTCGAAGTCGAGG-1,0,42,0,20574,14130
GGATCAGAGCCATCAG-1,0,43,1,20436,14371
GTCCCAATCATCCCGC-1,0,42,2,20297,14131
TGCCACACTAGAGGAA-1,0,43,3,20159,14372
TGAATTTCACTTGCCT-1,0,42,4,20020,14131
CTCAGATTGTGATAAG-1,0,43,5,19882,14372
CGGACGTTACTTGAAG-1,0,42,6,19743,14131
CCGCCTTGCGATGTCG-1,0,43,7,19605,14372
CCAGTCAAATCTCTTA-1,1,42,8,19467,14132
AAACAGCTTTCAGAAG-1,1,43,9,19329,14373
TAGCTGATGTGAAGCG-1,1,42,10,19190,14132
CTTATGCGCTCAGGGC-1,1,43,11,19052,14373
TGGCTCTTGTCGCGTA-1,1,42,12,18913,14132
TTGTGAGGCATGACGC-1,1,43,13,18775,14373
CATAAGCTCTCCGTCT-1,1,42,14,18636,14133
CCTTCTCAGCGTTCCT-1,1,43,15,18498,14374
TGCAGCTACGTACTTC-1,1,42,16,18360,14133
CTCTACACTGGCGATT-1,1,43,17,18221,14374
TGCAGATCGTCCTAGG-1,1,42,18,18083,14133
TGCCAAAGTCAGACTT-1,1,43,19,17945,14374
ACAATAGTCGTACGTT-1,1,42,20,17806,14134
CATGCCAACTCGCAAA-1,1,43,21,17668,14375
TGCAGAACTATATCGT-1,1,42,22,17529,14134
TCGTGTCACGCTGACA-1,1,43,23,17391,14375
TGATCAGGGAACTGCT-1,1,42,24,17252,14134
CTTGCAACCGCCTCCT-1,1,43,25,17114,14375
AGCCCATACATGTAAG-1,1,42,26,16976,14135
ATCCAATGGAGGGTCC-1,1,43,27,16838,14376
AAACCGGGTAGGTACC-1,1,42,28,16699,14135
GCAACCACGGCCGCGT-1,1,43,29,16561,14376
CGCTTATTCCCGGTCG-1,1,42,30,16422,14135
TTACTCTGGTACGTAC-1,1,43,31,16284,14376
GTGGTTTCCGCCTTTC-1,1,42,32,16145,14136
ATAGGCGGCTATAGAA-1,1,43,33,16007,14377
GTGCCATCACACGGTG-1,1,42,34,15868,14136
CCCAACATACGTCGCG-1,1,43,35,15730,14377
CGGTGCAGATAGAACG-1,1,42,36,15592,14136
GGGCGGGTTCCCTACG-1,1,43,37,15454,14377
TGAGCCATACAGTCTC-1,1,42,38,15315,14137
CTCCGCCCACATGAGG-1,1,43,39,15177,14378
GTTGAACCGGTTCCAT-1,1,42,40,15038,14137
TTGACTACCATATGGT-1,1,43,41,14900,14378
ACCATCGTATATGGTA-1,1,42,42,14761,14137
TGCGTAAGAACCTGAT-1,1,43,43,14623,14378
AGAAGGTTGCCGAATT-1,1,42,44,14485,14138
AGGACGACCCATTAGA-1,1,43,45,14346,14379
GGTGCTGGTACACATT-1,1,42,46,14208,14138
GCGCTATGCCGAGGCA-1,1,43,47,14070,14379
ACCCGGTTACACTTCC-1,1,42,48,13931,14138
TAACTCATCCGCGCGG-1,1,43,49,13793,14379
CACAATGAGCTGCTAT-1,1,42,50,13654,14139
GTTACTTTGGGCCTAG-1,1,43,51,13516,14380
GGGCCCGTCTTAAACA-1,1,42,52,13377,14139
GAAATTGTCTCTATAA-1,1,43,53,13239,14380
GGCGCATGAATTGATG-1,1,42,54,13101,14139
CATATAGGTACAGTCA-1,1,43,55,12962,14380
TCAACGAGGAGACAAA-1,1,42,56,12824,14140
TTGCACAATTCAGAAA-1,1,43,57,12686,14381
CATCGGACGGGTTAAT-1,1,42,58,12547,14140
ATTAAACATGCGGACC-1,1,43,59,12409,14381
TATCTACCACAGCGGG-1,1,42,60,12270,14140
CGAGACCCTAGAGTGT-1,1,43,61,12132,14381
ACATCGATCGTTTACC-1,1,42,62,11993,14141
ATCGACCCAATACAGA-1,1,43,63,11855,14382
GAATCTGAACATTCTC-1,1,42,64,11717,14141
AGTTCCTATTTATGTT-1,1,43,65,11579,14382
CAGTCTGTATACTGGG-1,1,42,66,11440,14141
GGAGACGACACCTTTG-1,1,43,67,11302,14382
CCTAAATTAACGGTTC-1,1,42,68,11163,14142
GCTACGACTTATTGGG-1,1,43,69,11025,14383
CTGTGCAGGGTAGGTC-1,1,42,70,10886,14142
ACGCCGCTAGACGACC-1,1,43,71,10748,14383
ACTTGACTCCCTCTTT-1,1,42,72,10610,14142
CGCCTCCCTCCTCTAT-1,1,43,73,10471,14383
CTAGATTTACGACGGC-1,1,42,74,10333,14143
GATGCTGTATTTCATC-1,1,43,75,10195,14384
TGCGTTTGTTGACACT-1,1,42,76,10056,14143
CGTGCCCTCCCGAAGA-1,1,43,77,9918,14384
ACTCTCTGACTTAGGT-1,1,42,78,9779,14143
CTGGGTAGGCAGTTAA-1,1,43,79,9641,14384
GTTTGGCCCAAGTTAT-1,1,42,80,9502,14144
GAATGTGGTCCGGATT-1,1,43,81,9364,14385
CCCAGTTAAGGCGCCG-1,1,42,82,9226,14144
CGGTACTAGAATCAAA-1,1,43,83,9087,14385
GCTTAATGTAACTAAC-1,1,42,84,8949,14144
AGGACAGTCGAATCCC-1,1,43,85,8811,14385
GACAGCCAGACCTGAC-1,1,42,86,8672,14145
GGCGAAATCTAACTTG-1,1,43,87,8534,14386
CTGGTAACACATAGAA-1,1,42,88,8395,14145
TAGCCATTTCAAAGTC-1,1,43,89,8257,14386
GGGATTTACCGCACCT-1,1,42,90,8118,14145
ATGCCATTTGCGACCA-1,1,43,91,7980,14386
GAATAGACGCGACCCA-1,1,42,92,7842,14146
TGTATGGCGCAGACAG-1,1,43,93,7704,14387
GGATGAAGATCGCTGA-1,1,42,94,7565,14146
CGACAATTTGATCTAA-1,1,43,95,7427,14387
AAAGTTGACTCCCGTA-1,1,42,96,7288,14146
CGCGGCTCAACTTGAA-1,1,43,97,7150,14387
CACGCGGAACTGTTGC-1,1,42,98,7011,14147
TCTTAGAGTGAACTCT-1,1,43,99,6873,14388
AGTCCATTGGCTGATG-1,1,42,100,6734,14147
TTAAGATAGGATTGAC-1,1,43,101,6596,14388
ACATCCTGGTAACTGT-1,1,42,102,6458,14147
CACCTTGGCGCCTTTG-1,1,43,103,6320,14388
GCTAGACCGTCTACTG-1,1,42,104,6181,14148
CGGCCCAGGTATATCC-1,1,43,105,6043,14389
GTCCATTACTGCTACG-1,1,42,106,5904,14148
GGGTTTAGGATAGGAT-1,1,43,107,5766,14389
TAATTAGGACATCCGT-1,1,42,108,5627,14148
GCTCCCAGTCGGTCCA-1,1,43,109,5489,14389
ATTCGTGCTATCTCTT-1,1,42,110,5351,14149
GTTAACTATGTTGTCA-1,1,43,111,5212,14390
GCTCCGCTCGCTTCAG-1,1,42,112,5074,14149
GCAACGGCTAGTTATG-1,1,43,113,4936,14390
AATCGCGCAGAGGACT-1,1,42,114,4797,14149
AGGTTACACCATGCCG-1,1,43,115,4659,14390
CGAGATTTCGCTCGGG-1,1,42,116,4520,14150
CGATAATACTCAGGTT-1,1,43,117,4382,14391
AAGGCAGGCTGTCTCC-1,1,42,118,4243,14150
GTAAGTCCACACTCTA-1,1,43,119,4105,14391
ATGAGGGCAGCGGCTA-1,1,42,120,3967,14150
GCCGCACTCCGTTTCA-1,1,43,121,3829,14391
GAGCACGGCGCCTCTT-1,1,42,122,3690,14151
ACAATTTGGCCATATT-1,1,43,123,3552,14392
CTGGTTCGCGAGCTAC-1,1,42,124,3413,14151
GACGGTCCTAGGGTGT-1,1,43,125,3275,14392
ACTCGCGATCTGACGC-1,1,42,126,3136,14151
GTGTACGAACCGTTCC-1,1,43,127,2998,14392
CTTTGACGTCGCTTCT-1,0,44,0,20574,14612
CGTTATCATACTTCCA-1,0,45,1,20436,14853
GCTATGCCAGCTTATG-1,0,44,2,20298,14612
CAGTCGGCCTAGATAT-1,0,45,3,20160,14853
CCCGTGAGGGCGGTGA-1,0,44,4,20021,14613
TCTCGTGTTACGAGGA-1,0,45,5,19883,14854
ACGTCTCGTTCCGGGA-1,0,44,6,19744,14613
CGAGAGCGCGTAGATA-1,0,45,7,19606,14854
GACAGATTTCTGGCTC-1,1,44,8,19467,14613
GGGCCTAAATGGGCTA-1,1,45,9,19329,14854
ACTTGTAGTCCCTTCA-1,1,44,10,19190,14614
CCCGAAGTTTCGCGAA-1,1,45,11,19052,14855
ACCATCCGCCAACTAG-1,1,44,12,18914,14614
TGCGAATATGGGATTT-1,1,45,13,18776,14855
TACATCCCTATCCCTG-1,1,44,14,18637,14614
GTGGGAAGACTGAATC-1,1,45,15,18499,14855
TCAACATCGACCGAGA-1,1,44,16,18360,14615
CTATGTGAGTCACGGC-1,1,45,17,18222,14856
CCGAACACTGGGCCTC-1,1,44,18,18083,14615
AAACTTGCAAACGTAT-1,1,45,19,17945,14856
AGGGCGAGCAGCTGAT-1,1,44,20,17807,14615
AACACGAGACGCGGCC-1,1,45,21,17668,14856
TGACGAATATTTCCCT-1,1,44,22,17530,14616
TCGGAGAGTATCGGGA-1,1,45,23,17392,14857
CAAATCTCTCACAAGG-1,1,44,24,17253,14616
AGGCCCTAGAACGCCA-1,1,45,25,17115,14857
TAGAGATCATGCAACT-1,1,44,26,16976,14616
TTGTTTCCATACAACT-1,1,45,27,16838,14857
GAGAGGTGCATTCTGG-1,1,44,28,16699,14617
GTGGACCAACCCGATT-1,1,45,29,16561,14858
CTGGGCCTGCTATATC-1,1,44,30,16423,14617
CATAGTCCACAAGAAC-1,1,45,31,16285,14858
TTGACATGAACGTGGA-1,1,44,32,16146,14617
GGTTACCACCCTCGGG-1,1,45,33,16008,14858
TACCGGTCGTTTCCAT-1,1,44,34,15869,14618
CGAGTACTAAAGAGGA-1,1,45,35,15731,14859
GCAAGAATTCCTTGGC-1,1,44,36,15592,14618
TCGCCGAAGTTGCGTC-1,1,45,37,15454,14859
TTGAGAGTACTGCTAA-1,1,44,38,15315,14618
GCCACAATTTAAGGAC-1,1,45,39,15177,14859
ATATTCAGTTAAACCT-1,1,44,40,15039,14619
TGAGTGCCTCTTAAAT-1,1,45,41,14901,14860
ATCAGACGGCACGCCG-1,1,44,42,14762,14619
GTGCGAAATCGAACAC-1,1,45,43,14624,14860
GTGCCGCTTCAAAGGT-1,1,44,44,14485,14619
GATACGATGGGAGTCA-1,1,45,45,14347,14860
GACACTGAGTTCAGTG-1,1,44,46,14208,14620
ATCCTGCGTGGAATGG-1,1,45,47,14070,14861
ATCCTACCTAAGCTCT-1,1,44,48,13932,14620
AGTGATATGAGTAGTT-1,1,45,49,13793,14861
ATGATGCAATGGTACA-1,1,44,50,13655,14620
GAAACCGAATTACCTT-1,1,45,51,13517,14861
AGTGACCTACTTTACG-1,1,44,52,13378,14621
CAAATGTCCTTCCGTG-1,1,45,53,13240,14862
TTACTGGGATATTTCA-1,1,44,54,13101,14621
CTTGCCCAGGCTCTAC-1,1,45,55,12963,14862
AAATCGTGTACCACAA-1,1,44,56,12824,14621
GTGATCATAGATCTGC-1,1,45,57,12686,14862
TGGCAGATTACGATCA-1,1,44,58,12548,14622
TCACCCTCTTAAGATT-1,1,45,59,12410,14863
CAGGATATATCGTTGT-1,1,44,60,12271,14622
CCTGACCACCGATGGT-1,1,45,61,12133,14863
CTAAAGGGAAATAGGA-1,1,44,62,11994,14622
CCGCTATCAGCACCAG-1,1,45,63,11856,14863
CTTTAGTGCTATTATT-1,1,44,64,11717,14623
CGGGAATTTATGTAAA-1,1,45,65,11579,14864
TACGACTGCCTCTTAG-1,1,44,66,11440,14623
AAACTGCTGGCTCCAA-1,1,45,67,11302,14864
GTACGTTTGCCCGTCA-1,1,44,68,11164,14623
GGCAAGGCGAAATAGC-1,1,45,69,11026,14864
GATCTTGGAGGGCATA-1,1,44,70,10887,14624
AGCGTGGTATTCTACT-1,1,45,71,10749,14865
CTAAGGGAATGATTGG-1,1,44,72,10610,14624
CATGGTAAGTAGCGTT-1,1,45,73,10472,14865
CGTTGAGCGACCGTCG-1,1,44,74,10333,14624
TGCCCGTACCGTTAAA-1,1,45,75,10195,14865
ACAAGGGCAGGCTCTG-1,1,44,76,10057,14625
GAGATCTTCCATGACA-1,1,45,77,9918,14866
AATGACGTAGGATGTC-1,1,44,78,9780,14625
GTGGTGGCCAAGTGAA-1,1,45,79,9642,14866
TCCCGTGTGCAATTTG-1,1,44,80,9503,14625
ACATCGTATGCAATGG-1,1,45,81,9365,14866
GCGAAACTTAACTGGA-1,1,44,82,9226,14626
AATTGAACGCTCTGGT-1,1,45,83,9088,14867
ACAAATGGTAGTGTTT-1,1,44,84,8949,14626
ATGGTCGCGTGGTTTC-1,1,45,85,8811,14867
TGTTATTGTATGTGGC-1,1,44,86,8673,14626
TTCCGGTTACCCACTT-1,1,45,87,8534,14867
GAGTGTGCGGTACCCA-1,1,44,88,8396,14627
CAAGATATTATAACGT-1,1,45,89,8258,14868
ACACACCAGGACCAGT-1,1,44,90,8119,14627
ATGGGCCTCGGCCTCT-1,1,45,91,7981,14868
AAGGTGATAAACCAGC-1,1,44,92,7842,14627
TCTTACTTATGCCTCT-1,1,45,93,7704,14868
AAAGTGTGATTTATCT-1,1,44,94,7565,14628
TGCTCCACAGTTCTTA-1,1,45,95,7427,14869
CTGGCTGATTCATCCT-1,1,44,96,7289,14628
TAAGGCTGAATCCCTC-1,1,45,97,7151,14869
TCTAGTGATATCGTGG-1,1,44,98,7012,14628
TCGAAGAACCGAGCAC-1,1,45,99,6874,14869
GACAAACATATGCAGG-1,1,44,100,6735,14629
AAGTCAATTGTCGTCA-1,1,45,101,6597,14870
AGTGAACAAACTTCTC-1,1,44,102,6458,14629
CATGATGGAAGTTAGC-1,1,45,103,6320,14870
AAGTGCCTTGACTGTA-1,1,44,104,6182,14629
ATCGCCAGTCAACATT-1,1,45,105,6043,14870
ACCGCGGTGGAAGTCG-1,1,44,106,5905,14630
TCTTCTATAACCCGCC-1,1,45,107,5767,14871
CACATTTCTTGTCAGA-1,1,44,108,5628,14630
TAGCGTCCCTCGATTG-1,1,45,109,5490,14871
GTTCGGATCGGGAACA-1,1,44,110,5351,14630
CAAACTCGCGACGCCG-1,1,45,111,5213,14871
GTCTTGTAGCTATTCA-1,1,44,112,5074,14631
TCTCGACGTATCGCCG-1,1,45,113,4936,14872
TTGCCAAGCAGAACCC-1,1,44,114,4798,14631
AAACCCGAACGAAATC-1,1,45,115,4659,14872
TTGAGCAGCCCACGGT-1,1,44,116,4521,14631
CGCCTTTAGCATGCTC-1,1,45,117,4383,14872
TGTGGCTCCCACCAAC-1,1,44,118,4244,14632
CCGCCGTTGAGGATAA-1,1,45,119,4106,14873
CAATACGAGAGTCTGA-1,1,44,120,3967,14632
CATCTAGTGAAGGGAA-1,1,45,121,3829,14873
GGTGGAGGTTGATACG-1,1,44,122,3690,14632
CCGCACACGAACGTGT-1,1,45,123,3552,14873
AGAACCCAGCGTGACA-1,1,44,124,3414,14633
GCGCTCGATCACCTGT-1,1,45,125,3276,14874
ATCATGGACTACCGAC-1,1,44,126,3137,14633
TACGCCGCCTCAGAAG-1,1,45,127,2999,14874
CGACCTACTAGACAAT-1,0,46,0,20575,15094
GAGTCTTGTAAAGGAC-1,0,47,1,20437,15335
AATATCCTAGCAAACT-1,0,46,2,20298,15094
CCCTAGGCAACAAGAG-1,0,47,3,20160,15335
ACAAAGAAGGTAGGCC-1,0,46,4,20021,15094
CCCTGGCTGTTCCTTC-1,0,47,5,19883,15335
TCGCCGCACCGCGTGA-1,0,46,6,19745,15095
TATAGCGCACGTTATC-1,0,47,7,19607,15336
TTATCTGACATTAGGA-1,1,46,8,19468,15095
AGTGGTGTTACCCGTG-1,1,47,9,19330,15336
GCCAAGAATACTTCTG-1,1,46,10,19191,15095
CCGGCGTGAGACTCTG-1,1,47,11,19053,15336
TTCCCGGCGCCAATAG-1,1,46,12,18914,15096
AAACAGGGTCTATATT-1,1,47,13,18776,15337
ACAGTAATACAACTTG-1,1,46,14,18637,15096
CGAACGGCCGGACAAC-1,1,47,15,18499,15337
GCAACACACTAGAACT-1,1,46,16,18361,15096
ACTCCCATTCCTAAAG-1,1,47,17,18223,15337
ACCTGCGTGTCATGTT-1,1,46,18,18084,15097
TACTTTCCGCACGCCA-1,1,47,19,17946,15338
AGGTCAGGTGAGAGTG-1,1,46,20,17807,15097
TCCTCCTAAGACATTC-1,1,47,21,17669,15338
ATGTGAAAGCCTAATG-1,1,46,22,17530,15097
AGTCGGCTCAACTTTA-1,1,47,23,17392,15338
CGATCTGTTGGAGGAC-1,1,46,24,17254,15098
ACGGGAGTGTCGGCCC-1,1,47,25,17115,15339
TTAACTTCAGGTAGGA-1,1,46,26,16977,15098
CCACGGAGCCATAAGA-1,1,47,27,16839,15339
CTTCTATGTTGAAGTA-1,1,46,28,16700,15098
CACCGTTGCGCGATAT-1,1,47,29,16562,15339
TCTAGCAATCTCCGCC-1,1,46,30,16423,15099
AGTTTGGCCAGACCTA-1,1,47,31,16285,15340
TTGTAAGGACCTAAGT-1,1,46,32,16146,15099
AAATTTGCGGGTGTGG-1,1,47,33,16008,15340
AAGTTCGGCCAACAGG-1,1,46,34,15870,15099
CCGCTTACCTCACTCT-1,1,47,35,15732,15340
ATCACGTGCTAATTAA-1,1,46,36,15593,15100
GGTGAAGTACAGGGAT-1,1,47,37,15455,15341
GCTGTATTACTGGCCC-1,1,46,38,15316,15100
AACGGCCATCTCCGGT-1,1,47,39,15178,15341
TAAGTAACATCTTGAC-1,1,46,40,15039,15100
TTCTTGAGCCGCGCTA-1,1,47,41,14901,15341
AGTGCGTAGCTCGTAA-1,1,46,42,14762,15101
GGGATGGTCGTAACCG-1,1,47,43,14624,15342
GTCTGGGCGGTCGAGA-1,1,46,44,14486,15101
CGGAACGTAAACATAG-1,1,47,45,14348,15342
TGCGACACCCTAGTGC-1,1,46,46,14209,15101
CAAACGAGTATCGCAG-1,1,47,47,14071,15342
TCAGTAGGGACTATAA-1,1,46,48,13932,15102
GCGGTTCCCTATCATG-1,1,47,49,13794,15343
GTGACTTCAGTAGTGC-1,1,46,50,13655,15102
CGTCACGTCCATTGGT-1,1,47,51,13517,15343
ATAAGTTACCGCGACG-1,1,46,52,13379,15102
CTGAATCCGAGACCTC-1,1,47,53,13240,15343
TACGACGCTTGCTGCG-1,1,46,54,13102,15103
GAATTCACCCGGGTGT-1,1,47,55,12964,15344
GGGTGACACCTTAACT-1,1,46,56,12825,15103
TGAGTAAATTAGCGTA-1,1,47,57,12687,15344
GAGTCCGCTTACCGGA-1,1,46,58,12548,15103
GGCGCGTTCGAGTTTA-1,1,47,59,12410,15344
ATTCATATACTGTCCA-1,1,46,60,12271,15104
ATAAACGGACCCGTAA-1,1,47,61,12133,15345
GTCGTACCATCTCGGG-1,1,46,62,11995,15104
ATAATAGCTGTTGAAT-1,1,47,63,11857,15345
TTCCGCGTGAGGCGAT-1,1,46,64,11718,15104
TACCGGCTCACTGCCC-1,1,47,65,11580,15345
GTATCTTTCATAACCA-1,1,46,66,11441,15105
GTTACCTACAACTTGC-1,1,47,67,11303,15346
TGACTATAATCCTTTC-1,1,46,68,11164,15105
AAATACCTATAAGCAT-1,1,47,69,11026,15346
TTATTAGAGCGTGTTC-1,1,46,70,10887,15105
ATGTGGACATCTTGAT-1,1,47,71,10749,15346
GTACGCTTCATTGCAC-1,1,46,72,10611,15106
CACATATTAGCAGGAT-1,1,47,73,10473,15347
CAAGAGGGCGGAGTAC-1,1,46,74,10334,15106
TCGCAAAGATGCATTT-1,1,47,75,10196,15347
GTCGTTATTCGCTTAT-1,1,46,76,10057,15106
TCGTGTACTATGGATG-1,1,47,77,9919,15347
GCGGAGAGGGAGAACG-1,1,46,78,9780,15107
TCACAGGGAATCGCAA-1,1,47,79,9642,15348
GACTGCACCAGCCCAG-1,1,46,80,9504,15107
TCCGCTGTCATCCCGG-1,1,47,81,9365,15348
AGATACTCAAGATCGA-1,1,46,82,9227,15107
ACTGAATGGCGAAAGT-1,1,47,83,9089,15348
TCCTACATCCACGGCC-1,1,46,84,8950,15108
TTCAGCCCTGGTCCAC-1,1,47,85,8812,15349
TTAGAGTTTAGAAGGA-1,1,46,86,8673,15108
GGTTAGCTATATGTCT-1,1,47,87,8535,15349
CTGGTTTCGAGCAAGA-1,1,46,88,8396,15108
TGGGCCCATACTAATT-1,1,47,89,8258,15349
ACTTATTTATGTGCCA-1,1,46,90,8120,15109
TTAGTTATTCGTGGCA-1,1,47,91,7981,15350
AACCGCTAAGGGATGC-1,1,46,92,7843,15109
ATACGTCCACTCCTGT-1,1,47,93,7705,15350
CGACACGCTCCGACAG-1,1,46,94,7566,15109
TCTGAACTCGTACCCG-1,1,47,95,7428,15350
AGGATATAGGGATTTA-1,1,46,96,7289,15110
GTGATCACTAACGCCT-1,1,47,97,7151,15351
ACCGGGCCTTTGTTGA-1,1,46,98,7012,15110
TTGACAGGAGCTCCCG-1,1,47,99,6874,15351
CTCTTCTATTGACTGG-1,1,46,100,6736,15110
CGTGGCCGAATATCTA-1,1,47,101,6598,15351
GGTTTAGCCTTTCTTG-1,1,46,102,6459,15111
TCAAGGTTACTACACC-1,1,47,103,6321,15352
TTGACTATTGTCCGGC-1,1,46,104,6182,15111
CGGGAATATAGTATAC-1,1,47,105,6044,15352
GCAACAGCAGTATGCG-1,1,46,106,5905,15111
ATCAAACACTGTTCCA-1,1,47,107,5767,15352
TGGGCAATAGTTGGGT-1,1,46,108,5629,15112
TGAATGTCAGCCGGCC-1,1,47,109,5490,15353
CGGCTCTAAAGCTGCA-1,1,46,110,5352,15112
GGACACAAGTTTACAC-1,1,47,111,5214,15353
CCGAGAAGTCGCATAA-1,1,46,112,5075,15112
AACTACCCGTTTGTCA-1,1,47,113,4937,15353
GCACAAACGAGGCGTG-1,1,46,114,4798,15113
CACACAGCTTGCGCTC-1,1,47,115,4660,15354
GTGCTTACATCAGCGC-1,1,46,116,4521,15113
GCAAACGTCGCCAGGT-1,1,47,117,4383,15354
GAATAGCATTTAGGGT-1,1,46,118,4245,15113
TACTGTTTCTCTGGTA-1,1,47,119,4106,15354
TCCTATCATAGGTAAC-1,1,46,120,3968,15114
TTCGGTGGAGACGCCC-1,1,47,121,3830,15355
TGTTGCCGTCGTCCCA-1,1,46,122,3691,15114
CCAACTTGATAGATCC-1,1,47,123,3553,15355
CAAAGGTCATCTGAAA-1,1,46,124,3414,15114
CTAGCTTAATGGTCCC-1,1,47,125,3276,15355
AGGCCACATTGGTTAC-1,1,46,126,3137,15115
TTAGGATGGGAGGGTA-1,1,47,127,2999,15356
TATGACCTTGCGCTGG-1,0,48,0,20576,15575
ATATACATGTATGGTA-1,0,49,1,20437,15816
TGTGTGACCATGAATC-1,0,48,2,20299,15576
CCCACTCCACGGTATC-1,0,49,3,20161,15817
GGGCAGACGTCACTGC-1,0,48,4,20022,15576
TCAAAGAGCTATCTGT-1,0,49,5,19884,15817
AGATGCATCCTGTGTC-1,0,48,6,19745,15576
GTGAAGTCACGACTCG-1,0,49,7,19607,15817
TGATTCAGGTCCCGCG-1,1,48,8,19468,15577
CGCCACAGGTCGCGAT-1,1,49,9,19330,15818
TTGAATCGTTGTATAA-1,1,48,10,19192,15577
TGGCCAATTTGGTACT-1,1,49,11,19054,15818
CGACCCTTAACGCCGG-1,1,48,12,18915,15577
TCGGCGTACTGCACAA-1,1,49,13,18777,15818
GAGTAAGGCCACGGGA-1,1,48,14,18638,15578
ATCAGCTCGTCCACTA-1,1,49,15,18500,15819
AGGATCACGCGATCTG-1,1,48,16,18361,15578
AAATGGCCCGTGCCCT-1,1,49,17,18223,15819
CAGTACCAGTTTACGT-1,1,48,18,18085,15578
GGTCGTAAGCTCGCAC-1,1,49,19,17946,15819
CGTTCATGGTGCGCGT-1,1,48,20,17808,15579
GACTACAAAGCGGTGG-1,1,49,21,17670,15820
CAGCTGGCGTAACCGT-1,1,48,22,17531,15579
ACTCGTAACCCGTCCT-1,1,49,23,17393,15820
CATATGTCAGGCTACG-1,1,48,24,17254,15579
GCCCGACTTCTTCCCG-1,1,49,25,17116,15820
CTGGCATCCGAATGAG-1,1,48,26,16977,15580
AAGTGCGTTAGAATCT-1,1,49,27,16839,15821
AGAAGTGATTCGTGAT-1,1,48,28,16701,15580
TACCTTAAGATTTCCC-1,1,49,29,16562,15821
AATGACAGCAATGTCT-1,1,48,30,16424,15580
TCAACGCAGGAAATAA-1,1,49,31,16286,15821
TATTCCTCCGCCCACT-1,1,48,32,16147,15581
ATCAAACGAAGGTTTG-1,1,49,33,16009,15822
TTGATTAGCTGTTTCT-1,1,48,34,15870,15581
CTGCTGAGGCCACGAA-1,1,49,35,15732,15822
CCGTGTTAAATTCCAT-1,1,48,36,15593,15581
CACGTCGGCAACCTCT-1,1,49,37,15455,15822
GTATTCTGAGAAACGA-1,1,48,38,15317,15582
CGGTGCGCGTTGGTCC-1,1,49,39,15179,15823
GTGATTCGCCGCTCAA-1,1,48,40,15040,15582
GCCCGCGCGTAAACGG-1,1,49,41,14902,15823
AACGTACTGTGGGTAC-1,1,48,42,14763,15582
GAGTATGCCCGCCTTG-1,1,49,43,14625,15823
TGATTCTGTCGCCGGT-1,1,48,44,14486,15583
GGGCGGCAAATGAATT-1,1,49,45,14348,15824
TTCCAATCTGGCTATC-1,1,48,46,14209,15583
GGAACCGTGTAAATTG-1,1,49,47,14071,15824
TTGGTCACACTCGTAA-1,1,48,48,13933,15583
CGAACCCGCATGCGTC-1,1,49,49,13795,15824
GGGCGTCACCACGTAA-1,1,48,50,13656,15584
TACCAGAAGTAGGTTC-1,1,49,51,13518,15825
TTGGATATCGTCTACG-1,1,48,52,13379,15584
TAGATATGGACTGGAA-1,1,49,53,13241,15825
GCGACGATAGTTGTAC-1,1,48,54,13102,15584
CTGGATTTACACTTGA-1,1,49,55,12964,15825
GTTATATTATCTCCCT-1,1,48,56,12826,15585
TATTCCACTCAGCTCG-1,1,49,57,12687,15826
CTGTTACCCAATCTAG-1,1,48,58,12549,15585
ACGCGAAGTCAGACGA-1,1,49,59,12411,15826
GATAGGTAACGTTGAC-1,1,48,60,12272,15585
TGTTCGTATTGCGGTG-1,1,49,61,12134,15826
GGTCAGTGGGTCCCAC-1,1,48,62,11995,15586
AATTCTAGAGTTAGGC-1,1,49,63,11857,15827
GTTTACGTTCCATCTG-1,1,48,64,11718,15586
AGACCCACCGCTGATC-1,1,49,65,11580,15827
TCTAGCATGCCCAGAA-1,1,48,66,11442,15586
CCCGCAGCGCGAACTA-1,1,49,67,11304,15827
CTCTATTTGGCTGCAG-1,1,48,68,11165,15587
TTCTGCCGCGCCTAGA-1,1,49,69,11027,15828
ACTCCCTAGAATAGTA-1,1,48,70,10888,15587
CCGAACCTTCCCGGCC-1,1,49,71,10750,15828
TCAGACGCTATAGAAG-1,1,48,72,10611,15587
CAGGCGCCATGCTAGG-1,1,49,73,10473,15828
CACTCGAGCTGAACAA-1,1,48,74,10334,15588
ACAAGGAAATCCGCCC-1,1,49,75,10196,15829
ACCACGTGCAGCTATA-1,1,48,76,10058,15588
ACGGCGACGATGGGAA-1,1,49,77,9920,15829
TTACTAAAGGACTTTA-1,1,48,78,9781,15588
GGCTGAAATAGCAAAG-1,1,49,79,9643,15829
TTAGACGAGTCACCTC-1,1,48,80,9504,15589
GTAGTCGCGGGAATCA-1,1,49,81,9366,15830
GCAAACCCTACATTAT-1,1,48,82,9227,15589
GTTAAAGTAGGACTGG-1,1,49,83,9089,15830
ACCCTCCCTTGCTATT-1,1,48,84,8951,15589
CATGTCTCATTTATGG-1,1,49,85,8812,15830
AATAGAATCTGTTTCA-1,1,48,86,8674,15590
TCTCATGAGATAGGGT-1,1,49,87,8536,15831
ATGACTATGCGACATT-1,1,48,88,8397,15590
CCTAACCCAAACAAGT-1,1,49,89,8259,15831
AGTCAAGATGACACTT-1,1,48,90,8120,15590
CGGGAGCTTCAGTGTA-1,1,49,91,7982,15831
CCACAGTACCCATCCT-1,1,48,92,7843,15591
GAGCGCGCACGAGTAG-1,1,49,93,7705,15832
ACCAGTGCGGGAGACG-1,1,48,94,7567,15591
TCCTTACGACGGTCCG-1,1,49,95,7428,15832
TAGTCGATCACGGGTT-1,1,48,96,7290,15591
AGACGAAGTGCCGGTC-1,1,49,97,7152,15832
CGCTGGTGACTACCCT-1,1,48,98,7013,15592
AGGCATTGTCGTAGGG-1,1,49,99,6875,15833
TGGTAGAATATATGGG-1,1,48,100,6736,15592
TTCTTATCCGCTGGGT-1,1,49,101,6598,15833
AGTTTGGCACGGGTTG-1,1,48,102,6459,15592
GCATCGGCCGTGTAGG-1,1,49,103,6321,15833
ATGCGAGTCCCACCAC-1,1,48,104,6183,15593
TCGGCGAACCCAAACC-1,1,49,105,6045,15834
AGAGTAAACTTCACTA-1,1,48,106,5906,15593
AAGCCGAAGCGGTTTA-1,1,49,107,5768,15834
CCCGAGTTTCTCCGTA-1,1,48,108,5629,15593
AATATCGAATCAATGC-1,1,49,109,5491,15834
GCGCCTCCCACTCCGA-1,1,48,110,5352,15594
CGTTAAACTAGTTAGG-1,1,49,111,5214,15835
TGAGTTAAAGACATTC-1,1,48,112,5076,15594
AACAGGTAGTATGGAT-1,1,49,113,4937,15835
GAACGCGGGTCACACG-1,1,48,114,4799,15594
TGTTTGAGATCGTCAG-1,1,49,115,4661,15835
ATCTCGTGAGCGAAAC-1,1,48,116,4522,15595
CTGAGAAAGTTCGGCG-1,1,49,117,4384,15836
ATTACCACACTGCCTG-1,1,48,118,4245,15595
CTGCTGTCTAACGAGC-1,1,49,119,4107,15836
CGTGGAAGCCTCGTAC-1,1,48,120,3968,15595
GGACTCACAAATTAGG-1,1,49,121,3830,15836
CTTTGCTGTCATGGAT-1,1,48,122,3692,15596
GGTGTTGGGCGTCTTA-1,1,49,123,3553,15837
TACCATGTATTGATTT-1,1,48,124,3415,15596
GGTCTCCAAGTAGTGC-1,1,49,125,3277,15837
ATCCTTCTGAAAGAAC-1,1,48,126,3138,15596
CCGGAAGTTATCAGTC-1,1,49,127,3000,15837
TTAGAGGGATATACAG-1,0,50,0,20576,16057
TTGTACACCTCGAACA-1,0,51,1,20438,16298
GTGGGTACTGAGCGTA-1,0,50,2,20299,16057
CTTAAGCAGCGAGCCG-1,0,51,3,20161,16298
GCATTGACTTGCGGAA-1,0,50,4,20023,16058
CCATAACCTGTGCAGT-1,0,51,5,19884,16298
GGGCTACTATTTCGTG-1,0,50,6,19746,16058
GGCGAGCGAAACGGCA-1,0,51,7,19608,16299
GGAGACCATCTACATA-1,1,50,8,19469,16058
AGACCAAACCACACCT-1,1,51,9,19331,16299
CGACGCATCCGTACCT-1,1,50,10,19192,16059
CCTAGGTAAAGGTAGC-1,1,51,11,19054,16300
AGCGGCGGTTAGCGGT-1,1,50,12,18915,16059
CTGGACGCAGTCCGGC-1,1,51,13,18777,16300
AGCCTAATACCCACGT-1,1,50,14,18639,16059
AATCTGGCTTTCTAGT-1,1,51,15,18501,16300
CACCCTTGGTGAGACC-1,1,50,16,18362,16060
GGATCTTGACTCAACC-1,1,51,17,18224,16301
ACGAGGATACCACTCT-1,1,50,18,18085,16060
GAGTTGATGGCAATTT-1,1,51,19,17947,16301
GTGGCAAACAGCGGCA-1,1,50,20,17808,16060
GATGTAACGAACCACC-1,1,51,21,17670,16301
AGCCGTGGCTAAATGT-1,1,50,22,17532,16061
CTCCCTCCTTTCGATC-1,1,51,23,17393,16302
TTGGAAGAATACAGTC-1,1,50,24,17255,16061
AGTTAAGTCAACCGCT-1,1,51,25,17117,16302
CTCATGGTAATTTGCG-1,1,50,26,16978,16061
AAAGTAGCATTGCTCA-1,1,51,27,16840,16302
TTGTGGTAGGAGGGAT-1,1,50,28,16701,16062
AGTCGTGGGCATTACG-1,1,51,29,16563,16303
ACCTAAGTACCTTTCA-1,1,50,30,16424,16062
GTAGAGGGAGACAAGT-1,1,51,31,16286,16303
GATCCTCGACACTGGC-1,1,50,32,16148,16062
CCTACATTCACAGACG-1,1,51,33,16009,16303
TTGACCGTGTTAATGA-1,1,50,34,15871,16063
TCTGTTACCCAGCATA-1,1,51,35,15733,16304
CTAACTGGTCCGGTTC-1,1,50,36,15594,16063
AGCGACAGGAACGGTC-1,1,51,37,15456,16304
TAATAGAACAGAGTTA-1,1,50,38,15317,16063
ACAGGTGGAGGTGAGG-1,1,51,39,15179,16304
TGCGAGAATATTACCC-1,1,50,40,15040,16064
TTGCGTCGGCCAACCG-1,1,51,41,14902,16305
AGGCTTCCCGAAGAAG-1,1,50,42,14764,16064
GCGGACCGCGTTGTGG-1,1,51,43,14626,16305
GTAATCTGATTCTTCG-1,1,50,44,14487,16064
CCGCGGAATGCGTCAC-1,1,51,45,14349,16305
TTCCACACAGATTTGA-1,1,50,46,14210,16065
CTTCTATTAATGCTAG-1,1,51,47,14072,16306
CATTTGAGTGGTACGT-1,1,50,48,13933,16065
TCACAGCAAACTCGAA-1,1,51,49,13795,16306
CAGACGAACCTGATAC-1,1,50,50,13656,16065
TAGCTAGAAGGCATGA-1,1,51,51,13518,16306
ATCCAGAGCAACAACC-1,1,50,52,13380,16066
TCCGGTTCGTCCGGTC-1,1,51,53,13242,16307
CGCGCATGTTTGATTG-1,1,50,54,13103,16066
TGGCGATCAAGTTATG-1,1,51,55,12965,16307
CCCTTTGACAGGTCTT-1,1,50,56,12826,16066
CAGAGACGGTCACCCA-1,1,51,57,12688,16307
TAGCTCGCCTGATAAC-1,1,50,58,12549,16067
TTGTGTTTCCCGAAAG-1,1,51,59,12411,16308
TATACACAGACGCCTT-1,1,50,60,12273,16067
ACATTAGTTTATATCC-1,1,51,61,12134,16308
CCATCGCAGTTAAACT-1,1,50,62,11996,16067
AATTAGCGCTGCAGCG-1,1,51,63,11858,16308
TCCGCTTATCCCATTA-1,1,50,64,11719,16068
GTTTGGGCTTGTGAGC-1,1,51,65,11581,16309
CTTGTCAACATTCGAG-1,1,50,66,11442,16068
GGACCAACAGGATAAC-1,1,51,67,11304,16309
AAGCTAGATCGAGTAA-1,1,50,68,11165,16068
TACCGTGCCTCGGACC-1,1,51,69,11027,16309
GTAGCCAAACATGGGA-1,1,50,70,10889,16069
TGCCAGTACGTGGAGA-1,1,51,71,10751,16310
ATAAGGTGGAGAACAT-1,1,50,72,10612,16069
CTTTAATATTGGTCGA-1,1,51,73,10474,16310
TGGTTCAACGGGTAAT-1,1,50,74,10335,16069
GCTGCTACTGCGTAGC-1,1,51,75,10197,16310
CTGCACAACTACATAT-1,1,50,76,10058,16070
ATATTCCACATAGTGA-1,1,51,77,9920,16311
TGGCAAACTAAATTAC-1,1,50,78,9781,16070
ACCGCAATAACTGCCT-1,1,51,79,9643,16311
TCGCACCAGGAGGCAG-1,1,50,80,9505,16070
ACTTCAGGCTGATCCC-1,1,51,81,9367,16311
ACAAATCGCACCGAAT-1,1,50,82,9228,16071
TCTGATGTATTCTGTC-1,1,51,83,9090,16312
CTTTACCGAATAGTAG-1,1,50,84,8951,16071
GCAGATCCATAAGACT-1,1,51,85,8813,16312
TTCCTCGGACTAACCA-1,1,50,86,8674,16071
TTATCCGGGATCTATA-1,1,51,87,8536,16312
CTGGAAGACACGGTGG-1,1,50,88,8398,16072
GTTCGTCTAAAGAACT-1,1,51,89,8259,16313
GTCTATTGGTTCCGGT-1,1,50,90,8121,16072
CTAGGCGCCCTATCAG-1,1,51,91,7983,16313
AACGGACGTACGTATA-1,1,50,92,7844,16072
AACACACGCTCGCCGC-1,1,51,93,7706,16313
GCTACTATAGTAGAGT-1,1,50,94,7567,16073
AGCATATCAATATGCT-1,1,51,95,7429,16314
CGAACAGTATGGGCGT-1,1,50,96,7290,16073
ACAATTGTGTCTCTTT-1,1,51,97,7152,16314
GATCGCTACCCGATTT-1,1,50,98,7014,16073
ATTGCGATCAGTAACT-1,1,51,99,6876,16314
CAGCAGTCCAGACTAT-1,1,50,100,6737,16074
AGAGGCTTCGGAAACC-1,1,51,101,6599,16315
AAACAAGTATCTCCCA-1,1,50,102,6460,16074
GGCAGCAAACCTATGC-1,1,51,103,6322,16315
ACTAGTTGCGATCGTC-1,1,50,104,6183,16074
TTGGACCATCTGGCAA-1,1,51,105,6045,16315
CCCTCCTCGCTCGTAT-1,1,50,106,5906,16075
GAGCGCAAATACTCCG-1,1,51,107,5768,16316
ATTACATGTCAGTCTT-1,1,50,108,5630,16075
TTGGGACGTAAGAGTT-1,1,51,109,5492,16316
CTTCGGCCAATTGTTT-1,1,50,110,5353,16075
AGACCGCTCCGCGGTT-1,1,51,111,5215,16316
GACCGCGTCTGACGTG-1,1,50,112,5076,16076
CCAAATAACAAGATTC-1,1,51,113,4938,16317
TCTTTAGAGTCTAACA-1,1,50,114,4799,16076
CTCCCAATGAGTCGCG-1,1,51,115,4661,16317
TAGTCTTTCCGAATTG-1,1,50,116,4523,16076
GAGTAAACCGGAAAGT-1,1,51,117,4384,16317
GATCTCGACGCTGTGG-1,1,50,118,4246,16077
CTGACATAGAAATAGA-1,1,51,119,4108,16318
TATACCGAGTGCCACA-1,1,50,120,3969,16077
TCCGAACGTTGCCGCT-1,1,51,121,3831,16318
GCAGAAGGTAATCTCC-1,1,50,122,3692,16077
GGTACTAAGTGCTTTG-1,1,51,123,3554,16318
CAGAATATTCGTTATC-1,1,50,124,3415,16078
TAATCAACCAAATGGG-1,1,51,125,3277,16319
TCTGCTTAGAACAAGC-1,1,50,126,3139,16078
AACTGAGTTATACTGA-1,1,51,127,3000,16319
CCTCAACGATCGCTGT-1,0,52,0,20577,16538
CGGTACGGCAAACCCA-1,0,53,1,20439,16779
CAGATGTTTGTCCCAA-1,0,52,2,20300,16539
GTTTGTTAGCCAAGTA-1,0,53,3,20162,16780
ACGTGACAAAGTAAGT-1,0,52,4,20023,16539
TTGTCACCGCGGTATC-1,0,53,5,19885,16780
GATCTAACCGTATTCA-1,0,52,6,19746,16539
ATGGAAATTTAAGGAG-1,0,53,7,19608,16780
ATTGATCACCACATTT-1,0,52,8,19470,16540
ACTGCTCGGAAGGATG-1,1,53,9,19332,16781
TCTAAAGAACAGTCTC-1,1,52,10,19193,16540
CTGGGTTGAGTTAAAG-1,1,53,11,19055,16781
CCCAGTAAACTTGGGA-1,1,52,12,18916,16540
AGATTCACAACCGATA-1,1,53,13,18778,16781
AGAAGGTACACTTCAC-1,1,52,14,18639,16541
GCAGGAACTTAGATCT-1,1,53,15,18501,16782
AATCTAGGTTTACTTG-1,1,52,16,18362,16541
CCCGGTGTATCGGAAT-1,1,53,17,18224,16782
TTATCCTCAAGGAATA-1,1,52,18,18086,16541
AGCATCATTTCGAAAG-1,1,53,19,17948,16782
CGCGAGTCTGCCGGGT-1,1,52,20,17809,16542
TGCGTCATGACTGAGC-1,1,53,21,17671,16783
GTATGAAATTTCACTC-1,1,52,22,17532,16542
TTGGTTGCGGTGCGCG-1,1,53,23,17394,16783
ACAGAACTGAGAACAA-1,1,52,24,17255,16542
CTACTATCATAGGTTT-1,1,53,25,17117,16783
CCTCTATCGATTAGCA-1,1,52,26,16979,16543
CCGTATCTCGTCGTAG-1,1,53,27,16840,16784
TCACGATGTCCGTGGA-1,1,52,28,16702,16543
TCAACAAAGATAATTC-1,1,53,29,16564,16784
ATGACGCGTTCTATCC-1,1,52,30,16425,16543
ATTTGCGCGAGTAGCT-1,1,53,31,16287,16784
TTCTTGGACGATCTGC-1,1,52,32,16148,16544
AGACGACGATGCCGCT-1,1,53,33,16010,16785
GGTCTCTGAATGGACT-1,1,52,34,15871,16544
GCTCAATCCGTTTATT-1,1,53,35,15733,16785
CCAGAAAGCAACTCAT-1,1,52,36,15595,16544
CACCGTTAGGGATCAC-1,1,53,37,15456,16785
AATAACACTAGAACAA-1,1,52,38,15318,16545
CACCCGGTTTGTGACT-1,1,53,39,15180,16786
CCACCAACTTTACTGT-1,1,52,40,15041,16545
AACTCTCAGTGTGCTC-1,1,53,41,14903,16786
AAACCGTTCGTCCAGG-1,1,52,42,14764,16545
CAGCGATTCCCTTCAA-1,1,53,43,14626,16786
GCTAGCTTGAATAGCT-1,1,52,44,14487,16546
TTGCGGCATCAGAAAG-1,1,53,45,14349,16787
AATAGAACAGAGTGGC-1,1,52,46,14211,16546
GCCATCGAGCTGCGTG-1,1,53,47,14073,16787
ACACTGATCAAGGTGT-1,1,52,48,13934,16546
ACCAACGCTTATTTAT-1,1,53,49,13796,16787
GACATCGATTTATAAC-1,1,52,50,13657,16547
CAGACACCGATCGCTG-1,1,53,51,13519,16788
CCAAGAAAGTGGGCGA-1,1,52,52,13380,16547
GGTAGACCGTTGGGCG-1,1,53,53,13242,16788
TCGTTAGGAGTCCCTA-1,1,52,54,13104,16547
ACGGCCAACATGGACT-1,1,53,55,12965,16788
GTGAGTGGTACAACGC-1,1,52,56,12827,16548
GAGACTTCGCGACCGA-1,1,53,57,12689,16789
GAAGTCAGTTGCACTA-1,1,52,58,12550,16548
GTTTGGTAGGGTCAAC-1,1,53,59,12412,16789
ACGGCACTTGCTTGGG-1,1,52,60,12273,16548
CCTCTGTACTATTCTA-1,1,53,61,12135,16789
CTATTCATGTGTCCCA-1,1,52,62,11996,16549
GCCCGATCTGTGGTCG-1,1,53,63,11858,16790
TTAGAAGAACATGACT-1,1,52,64,11720,16549
AGGATAAAGTCGGGAT-1,1,53,65,11581,16790
CGGCAAACATCGTGCG-1,1,52,66,11443,16549
CTAGTTACAACCCGGT-1,1,53,67,11305,16790
TTCGACAGAGCCCGTG-1,1,52,68,11166,16550
AAGCATACTCTCCTGA-1,1,53,69,11028,16791
GACGACGATCCGCGTT-1,1,52,70,10889,16550
GGTAGAAGACCGCCTG-1,1,53,71,10751,16791
GAGATGGGAGTCGACA-1,1,52,72,10612,16550
AACGATAATGCCGTAG-1,1,53,73,10474,16791
TGGTCCCACGCTACGG-1,1,52,74,10336,16551
CTGCTTGGCGATAGCT-1,1,53,75,10198,16792
ATCGGAGACAGACGGC-1,1,52,76,10059,16551
TAGCGTCCGGTGTGGT-1,1,53,77,9921,16792
GTTGAGTCCCGCCGGT-1,1,52,78,9782,16552
AAATAGGGTGCTATTG-1,1,53,79,9644,16792
AAGTGTTTGGAGACGG-1,1,52,80,9505,16552
AGCACTACCTCACCAG-1,1,53,81,9367,16793
TGCCTTGGCCAGGCAA-1,1,52,82,9228,16552
TCGTCTTAGGCGTTAA-1,1,53,83,9090,16793
TTCTGACCGGGCTCAA-1,1,52,84,8952,16553
CAGAACTTAGCCCTCT-1,1,53,85,8814,16793
AGCTCCTTCGCACATC-1,1,52,86,8675,16553
ACAGGCTTGCCCGACT-1,1,53,87,8537,16794
GCTATACGTCTCGGAC-1,1,52,88,8398,16553
GAGCCAGCTACCTGTG-1,1,53,89,8260,16794
TGCTAAGTGTCTATTT-1,1,52,90,8121,16554
GTCCTACGAATAGTCT-1,1,53,91,7983,16794
CAGTGTCGGCTGGCCC-1,1,52,92,7845,16554
CTATCGACGAAATACA-1,1,53,93,7706,16795
CATCATTACCCTGAGG-1,1,52,94,7568,16554
TAAGTTGCGACGTAGG-1,1,53,95,7430,16795
AGTGCACGCTTAAGAA-1,1,52,96,7291,16555
TGTGCCGGTGCCGGAA-1,1,53,97,7153,16795
AGGAGGCCTTCGCGCG-1,1,52,98,7014,16555
TCCGCGGCCCAATGAA-1,1,53,99,6876,16796
TCCGTTAAGCTAATAT-1,1,52,100,6737,16555
AAATCTAGCCCTGCTA-1,1,53,101,6599,16796
CGCAGGCGATCCAAAC-1,1,52,102,6461,16556
CCATATGGAAACTATA-1,1,53,103,6323,16796
CACCGTATCCCATCCG-1,1,52,104,6184,16556
GGTCAAGACTACTTCG-1,1,53,105,6046,16797
CCCGTTTCGCAGATGT-1,1,52,106,5907,16556
GTTATAATACGGTGAA-1,1,53,107,5769,16797
ACTTGTGGATGGAACG-1,1,52,108,5630,16557
GTTCGCTGAGACGTCT-1,1,53,109,5492,16797
GACACTGGAACCCGAT-1,1,52,110,5353,16557
CCCAGGTCTGAAGGCT-1,1,53,111,5215,16798
TCTCGAGGAGGTTCGC-1,1,52,112,5077,16557
ACTATCTGCCCGCGTA-1,1,53,113,4939,16798
CCTAAATTGTATCCTA-1,1,52,114,4800,16558
AGAAATTATGACTCGC-1,1,53,115,4662,16798
TCCAGCGCTATAAGCG-1,1,52,116,4523,16558
TCGTGTATTGGTCACG-1,1,53,117,4385,16799
CCACATACTGCACCCA-1,1,52,118,4246,16558
GTTGCGGACGGTCAGG-1,1,53,119,4108,16799
GTATTTAATGGCATAA-1,1,52,120,3970,16559
GTCGATAGGTGACTTT-1,1,53,121,3831,16799
AATAATCTTCGTATCG-1,1,52,122,3693,16559
ATTGTTCAACGATCCG-1,1,53,123,3555,16800
GTGCAGCGTAGAGTAG-1,1,52,124,3416,16559
TGTGGTAGGGTGCCTT-1,1,53,125,3278,16800
TGTGGACTATCTACGT-1,1,52,126,3139,16560
GGCGGGCTCTAAGAGT-1,1,53,127,3001,16800
TGTGCCAGAGGCAAAG-1,0,54,0,20577,17020
TGGCTTATGTATAATG-1,0,55,1,20439,17261
GCAAGCTGGAAACCGC-1,0,54,2,20301,17020
GATATCAAGCAGGAGC-1,0,55,3,20162,17261
CACCAATCATCCGTCT-1,0,54,4,20024,17021
CCACATGGCTCTTTAT-1,0,55,5,19886,17262
GTCCTACTCTACGGGC-1,0,54,6,19747,17021
CTCGAGACATACGATA-1,0,55,7,19609,17262
TATCAGTGGCGTAGTC-1,0,54,8,19470,17021
TGACAGGACAAGTCCA-1,1,55,9,19332,17262
TATTAACACCAAAGCA-1,1,54,10,19193,17022
TAGGCGATGAGGTCTC-1,1,55,11,19055,17263
CCGCCGGAACTTCTCG-1,1,54,12,18917,17022
GCCATTAGCCTCAAAC-1,1,55,13,18779,17263
GTTAGGCTACCCGTTT-1,1,54,14,18640,17022
GGGTATTCTAGCAAAC-1,1,55,15,18502,17263
GCCCTAGCCGTCGCGA-1,1,54,16,18363,17023
CAGATCCTGGTTTGAA-1,1,55,17,18225,17264
CTTCAGTGGTCGCCTA-1,1,54,18,18086,17023
GGGCAACCGCACGTGC-1,1,55,19,17948,17264
GACCCAATTATGATAC-1,1,54,20,17809,17023
GAAGCTCGGACCCGTC-1,0,55,21,17671,17264
CGTCGGGTCTAAGCGC-1,1,54,22,17533,17024
GAGGCCCGACTCCGCA-1,1,55,23,17395,17265
TTGCCATAGCCCGCTC-1,1,54,24,17256,17024
TAACATACACGCGATC-1,1,55,25,17118,17265
CCGACGGGCATGAGGT-1,1,54,26,16979,17024
AATGTGCCCGAGGTGT-1,1,55,27,16841,17265
AGCTGTAACCTCAATC-1,1,54,28,16702,17025
CGAGTGAAGGTACCAG-1,1,55,29,16564,17266
AGTCTCACAAGACTAC-1,1,54,30,16426,17025
AAATTGATAGTCCTTT-1,1,55,31,16287,17266
TAAGTCGCCGAGTATC-1,1,54,32,16149,17025
GCGGAGAAACTTCGCA-1,1,55,33,16011,17266
GGCAAAGGCGCCAATA-1,1,54,34,15872,17026
ATTTCCGGGTTCTGCG-1,1,55,35,15734,17267
TAAACCCAGGAGGGCA-1,1,54,36,15595,17026
TTCGGGCGCTAGTCTT-1,1,55,37,15457,17267
GTGGAGTCGGCGGTTG-1,1,54,38,15318,17026
GCACGCCTACTTAGAT-1,1,55,39,15180,17267
CAATATTCTTGACCTA-1,1,54,40,15042,17027
CGTTTGTGTAGAGGGT-1,1,55,41,14903,17268
CATAGCGTTGCCCACC-1,1,54,42,14765,17027
TGATACATTTAGCCGT-1,1,55,43,14627,17268
TTCCGGCCTTGAGGCT-1,1,54,44,14488,17027
CCTATACCGTCCTGTC-1,1,55,45,14350,17268
TCGTTGCTATCCGGTC-1,1,54,46,14211,17028
TGGCGACTGCTCCAAA-1,1,55,47,14073,17269
CAGAGGCGATGCATGA-1,1,54,48,13934,17028
TCACAGGAGAATAAGA-1,1,55,49,13796,17269
GGGTTAACATTTGAGT-1,1,54,50,13658,17028
GCGGGCGAGCCTTACC-1,1,55,51,13520,17269
TGCCAATGGGTACTCT-1,1,54,52,13381,17029
AGGGACTCTACGCGAC-1,1,55,53,13243,17270
GACGCCGTAAAGGCTA-1,1,54,54,13104,17029
AAAGGCTCTCGCGCCG-1,1,55,55,12966,17270
CTGGCTGGTTGTCAGT-1,1,54,56,12827,17029
ACATCCCGGCCATACG-1,1,55,57,12689,17270
CTCTTGTCCCGCTTGG-1,1,54,58,12551,17030
TACGCCTCCATTCCGA-1,1,55,59,12412,17271
CGGAGCAATTTAATCG-1,1,54,60,12274,17030
AACTAGGCTTGGGTGT-1,1,55,61,12136,17271
GCGTCGCCAGGGTGAT-1,1,54,62,11997,17030
GTTGGTCATGCTATCC-1,1,55,63,11859,17271
GCTGGCGGCGCATGCT-1,1,54,64,11720,17031
TGAGCGGAAAGTGTTC-1,1,55,65,11582,17272
CTTTCTGTGCGGGCTT-1,1,54,66,11443,17031
ATCTAATATCCTACGG-1,1,55,67,11305,17272
AACCTTTAAATACGGT-1,1,54,68,11167,17031
TTCACTCGAGCACCTA-1,1,55,69,11028,17272
CTGCACTCCAGTACAG-1,1,54,70,10890,17032
CCATTTCTACCTATTA-1,1,55,71,10752,17273
CAAGCGGCACATAATT-1,1,54,72,10613,17032
GTTAACATCACTTAAA-1,1,55,73,10475,17273
ATATAAATGTAGCTGC-1,1,54,74,10336,17032
GCCTCTATACATAGCA-1,1,55,75,10198,17273
GTGTCGTATAGCGTTC-1,1,54,76,10059,17033
ATACGTACTTAGCCAC-1,1,55,77,9921,17274
GCTATCATACTCATGG-1,1,54,78,9783,17033
TATCCAATTGGTTATC-1,1,55,79,9645,17274
TCTCCCTGGGCAGCGT-1,1,54,80,9506,17033
CCTATAATGAGTGCCC-1,1,55,81,9368,17274
CAATGCGAGAAGTATC-1,1,54,82,9229,17034
TACCAATAAAGTACCA-1,1,55,83,9091,17275
GCTAGGCACCACGGAG-1,1,54,84,8952,17034
GGTGGACTGCTCTGGC-1,1,55,85,8814,17275
TATTCCGAGCTGTTAT-1,1,54,86,8675,17034
TTGAGAAGTTTAGCAT-1,1,55,87,8537,17275
GTCCGGACCTGAAATT-1,1,54,88,8399,17035
CTGTGGTCGGGAGATA-1,1,55,89,8261,17276
CATGTAAGAGACATTT-1,1,54,90,8122,17035
CACGTTTCGTACACAC-1,1,55,91,7984,17276
CATCCTCTCAAAGATC-1,1,54,92,7845,17035
GATTAACCGAAAGCCC-1,1,55,93,7707,17276
AACGCTGTTGCTGAAA-1,1,54,94,7568,17036
TTCAGCTGGCGTGCCC-1,1,55,95,7430,17277
TAGAGGTTCTACTTGT-1,1,54,96,7292,17036
GTATCAAACGTTAGCT-1,1,55,97,7153,17277
AATCATGTAAAGACTC-1,1,54,98,7015,17036
AGTCACTAGCTCTCGA-1,1,55,99,6877,17277
GCGAAACGATCGGGAG-1,1,54,100,6738,17037
CATGGATTGTCTTCCG-1,1,55,101,6600,17278
ATTGGATTACAGCGTA-1,1,54,102,6461,17037
CACACACGCTAACGAG-1,1,55,103,6323,17278
CTATGGGAAGCGGAAT-1,1,54,104,6184,17037
TGCCTAATTGAAGATT-1,1,55,105,6046,17278
TGGCAATGGGACGGCG-1,1,54,106,5908,17038
ACCTCCGCCCTCGCTG-1,1,55,107,5770,17279
CGGCAATAAGATCGCC-1,1,54,108,5631,17038
CCTTGACCACTTTATT-1,1,55,109,5493,17279
TCATTTAGAAGTGTGA-1,1,54,110,5354,17038
CAGAATAACACACGGA-1,1,55,111,5216,17279
TCTGAGCAATTGACTG-1,1,54,112,5077,17039
CAACGTGGTGGAGTCT-1,1,55,113,4939,17280
CACAGTTCGCTTCCCA-1,1,54,114,4800,17039
TCTCTCGCCGCACATA-1,1,55,115,4662,17280
TGGGCAGGCCACCGCA-1,1,54,116,4524,17039
CTCCTGTTCAAGGCAG-1,1,55,117,4386,17280
TATTTGATTTGCACAG-1,1,54,118,4247,17040
GCCACTCCTTACGGTA-1,1,55,119,4109,17281
ACCGATATTTAATCAT-1,1,54,120,3970,17040
TTATTATCTGGAAGGC-1,1,55,121,3832,17281
TACATGCCGGAATTGT-1,1,54,122,3693,17040
GGCACTCAGCCGACCC-1,1,55,123,3555,17281
AAACCGGAAATGTTAA-1,1,54,124,3417,17041
AGACAGGCATCTCAGC-1,1,55,125,3278,17282
GTGGTGATGGTTTGTG-1,1,54,126,3140,17041
CCGATATGACGTAAGG-1,1,55,127,3002,17282
CATACACAAAGTCAGC-1,0,56,0,20578,17502
TGCCGTTCTTAATCGG-1,0,57,1,20440,17743
TCGAGTCTACGATTCG-1,0,56,2,20301,17502
ACTTCCAGTGGAAGCT-1,0,57,3,20163,17743
CAATTGGGCCGCACTC-1,0,56,4,20024,17502
AAATCGCGGAAGGAGT-1,0,57,5,19886,17743
ATATCAATTCCAGCCT-1,0,56,6,19748,17503
CTTTGTCGAATGCTCC-1,0,57,7,19609,17744
TGAGGCATGTACTGTG-1,0,56,8,19471,17503
TTCGCCGCTCGCGCTA-1,1,57,9,19333,17744
GACTCCTTCCAATTGA-1,1,56,10,19194,17503
ACCGAAGAGTCTGGTT-1,1,57,11,19056,17744
TGGCATGAAGTTTGGG-1,1,56,12,18917,17504
ACGAGGTTTACAACGT-1,1,57,13,18779,17745
AACCCATCCCATGATC-1,1,56,14,18640,17504
TCGACAACTGAACCCG-1,1,57,15,18502,17745
TATCTTGCAATACAAC-1,1,56,16,18364,17504
TATTATGTTTGCCTGC-1,1,57,17,18226,17745
GTCAAAGAAGTGGTGT-1,1,56,18,18087,17505
GGGACAGAGTTACTCC-1,1,57,19,17949,17746
AGCAACCGAAAGTAAT-1,1,56,20,17810,17505
CTCTCTAACTGCCTAG-1,1,57,21,17672,17746
ATACGGAACGTCGTTT-1,1,56,22,17533,17505
TCGGTCCCGACAATAG-1,1,57,23,17395,17746
CGCGCAAATGTCCAGA-1,1,56,24,17256,17506
TCTAATACTGCCTCAG-1,1,57,25,17118,17747
CTCGGTTGTCGGCCCT-1,1,56,26,16980,17506
GGTAACCGGGAGGATA-1,1,57,27,16842,17747
CAGGCGCACGGTGGTC-1,1,56,28,16703,17506
TCATCGATGGTCCCAA-1,1,57,29,16565,17747
CAAAGATTATTGGGCC-1,1,56,30,16426,17507
ACAATGAATACGGAGA-1,1,57,31,16288,17748
GCTCCTGACATACTGG-1,1,56,32,16149,17507
GATGACAAGTAGGGCA-1,1,57,33,16011,17748
TACGCCGAGGGTACCC-1,1,56,34,15873,17507
AAGCGTCCCTCATCGA-1,1,57,35,15734,17748
CACTCCTATGTAAGAT-1,1,56,36,15596,17508
TCGAGCCAGGCAGGCC-1,1,57,37,15458,17749
TCGTCAAGTACGCGCA-1,1,56,38,15319,17508
CCCGTAGCTGGGAAGA-1,1,57,39,15181,17749
ACCCTATGCCATATCG-1,1,56,40,15042,17508
GTGGTATAGTCTGCCG-1,1,57,41,14904,17749
CCGGTTTGTAATTGTG-1,1,56,42,14765,17509
GTCGCCGTTGTGTGTT-1,1,57,43,14627,17750
TACTGAACAGATTTAG-1,1,56,44,14489,17509
TATTAACCTGACCGCG-1,1,57,45,14350,17750
CTGTAGCCATCTCACT-1,1,56,46,14212,17509
TACTATGGTTCCTCAG-1,1,57,47,14074,17750
GAGTCAGACCAGAATC-1,1,56,48,13935,17510
TAAGGCATAACATCAA-1,1,57,49,13797,17751
CTTCCGCTCCGTGAAG-1,1,56,50,13658,17510
GGGCTATGATCGATGG-1,1,57,51,13520,17751
GGTCGGTCGTCCACAG-1,1,56,52,13381,17510
GGGACCCGTATATCTT-1,1,57,53,13243,17751
GAAAGCAGTGCACTTT-1,1,56,54,13105,17511
AGCGCATAATGAATCG-1,1,57,55,12967,17752
GCTGCTAAGTAGTCGA-1,1,56,56,12828,17511
AATAGTCCGTCCCGAC-1,1,57,57,12690,17752
AGCAGCCAGATGAATA-1,1,56,58,12551,17511
CCTCGCGCTGTGCGAT-1,1,57,59,12413,17752
TTGTGTATGCCACCAA-1,1,56,60,12274,17512
TGCTCGGCGAAACCCA-1,1,57,61,12136,17753
CGATTAAATATCTCCT-1,1,56,62,11998,17512
TGCCGTGGATCGTCCT-1,1,57,63,11859,17753
GTGGACGCATTTGTCC-1,1,56,64,11721,17512
ACCCGGAAACTCCCAG-1,1,57,65,11583,17753
CCGCATGTGGTACGAT-1,1,56,66,11444,17513
GCAAACCTTGGCCATA-1,1,57,67,11306,17754
ATTCACTGATGTTGGA-1,1,56,68,11167,17513
ACTCCCTAATGCTAAA-1,1,57,69,11029,17754
TCCTAAATTGGGAAGC-1,1,56,70,10890,17513
GAACAGATTACTAAAT-1,1,57,71,10752,17754
ATACAGGCCCTCCAAT-1,1,56,72,10614,17514
CGATTCGCCTGGCTGC-1,1,57,73,10475,17755
TCCGCCTGTCTACAAG-1,1,56,74,10337,17514
CACATCTCACCGACGA-1,1,57,75,10199,17755
CGTCGTCCTTCGCGAA-1,1,56,76,10060,17514
CGTTGAATACCGCGCT-1,1,57,77,9922,17755
ACCAATATGCAAGTTA-1,1,56,78,9783,17515
ACGGATGGTGCGGATA-1,1,57,79,9645,17756
CACCCTAACAAGATCT-1,1,56,80,9506,17515
AAGCTCTTTCATGGTG-1,1,57,81,9368,17756
CATGGGTATGCCTTAT-1,1,56,82,9230,17515
GCGCGTCATTGGTACA-1,1,57,83,9092,17756
TCTGAAGCACGTGGTC-1,1,56,84,8953,17516
AAGTTCACTCCAAGCT-1,1,57,85,8815,17757
TTGGACCTATAACAGT-1,1,56,86,8676,17516
ATCAGCCTCATGCTGC-1,1,57,87,8538,17757
AGTACTCTTATGCCCA-1,1,56,88,8399,17516
GCGCTTAAATAATTGG-1,1,57,89,8261,17757
TTGTGAACCTAATCCG-1,1,56,90,8123,17517
AGTCGTCGACCACCAA-1,1,57,91,7984,17758
TCCTTTAAATCCGCTT-1,1,56,92,7846,17517
ACTGAAACGCCGTTAG-1,1,57,93,7708,17758
GCACACACTGGTAGCC-1,1,56,94,7569,17517
TAAGGGCCTGTCCGAT-1,1,57,95,7431,17758
GCTAGAGTAGAGATGT-1,1,56,96,7292,17518
CACAGGGCCATATAGT-1,1,57,97,7154,17759
CCATGCCCTAGATTTC-1,1,56,98,7015,17518
TCGCGTAGCAGTGTCC-1,1,57,99,6877,17759
GACGAGGCTAATAAAC-1,1,56,100,6739,17518
CTACACTCGCAGATGG-1,1,57,101,6600,17759
ACGCATACGTTTACTA-1,1,56,102,6462,17519
GGAGCAACATTTCAAG-1,1,57,103,6324,17760
CGAGAGGGTAGCCGCG-1,1,56,104,6185,17519
TCGTGTTCGACCACAA-1,1,57,105,6047,17760
TCTACCCAATAGAGAG-1,1,56,106,5908,17519
ATAAACGTTGCACCAC-1,1,57,107,5770,17760
TCAACTGCAGAGTCAG-1,1,56,108,5631,17520
AGCTCCATATATGTTC-1,1,57,109,5493,17761
GTAACATCTAAGATAA-1,1,56,110,5355,17520
CCGACAATAGGCCGCC-1,1,57,111,5217,17761
ATGCTTAGGAGTTGAT-1,1,56,112,5078,17520
AACCCGAGCAGAATCG-1,1,57,113,4940,17761
CGGGTTTGTTAGGGCT-1,1,56,114,4801,17521
AGGCACGTGACTGTCC-1,1,57,115,4663,17762
GACAAGAGATGAGATT-1,1,56,116,4524,17521
AGCCCTTGGACATCCC-1,1,57,117,4386,17762
GCAGTTCGATCCGAGC-1,1,56,118,4247,17521
TCGAGGGCAACAGACG-1,1,57,119,4109,17762
ACTTTGTCGACGCACT-1,1,56,120,3971,17522
GAGTATCAAAGTTACA-1,1,57,121,3833,17763
CCAGGCTGGCGTCTGA-1,1,56,122,3694,17522
GGACTCTTCCGGTTGA-1,1,57,123,3556,17763
TCCCAGCACACGACAT-1,1,56,124,3417,17522
GCTCCATGAGTGCAGA-1,1,57,125,3279,17763
GCAGTGCGGGCGGATG-1,1,56,126,3140,17523
GCGTTCTGACTAAGCG-1,1,57,127,3002,17764
ATTTGGAGATTGCGGT-1,0,58,0,20578,17983
AAGGGTTTGATTTCAG-1,0,59,1,20440,18224
CCGGCCGCGAGCATAT-1,0,58,2,20302,17984
GAGTTCTGTGGGTGCT-1,0,59,3,20164,18225
AAACGAAGATGGAGTA-1,0,58,4,20025,17984
AATTACGAGACCCATC-1,0,59,5,19887,18225
CCTTTGAATTATGGCT-1,0,58,6,19748,17984
CATGGTATTAGTTTGT-1,0,59,7,19610,18225
AACGAAAGTCGTCCCA-1,0,58,8,19471,17985
ACATAAGTCGTGGTGA-1,1,59,9,19333,18226
GCACAACCTCGGGCGT-1,1,58,10,19195,17985
ATGCACGCGCTGTTCA-1,1,59,11,19056,18226
CGATGTTGTTATCTAC-1,1,58,12,18918,17985
GTCTCCTGCCAGTATG-1,1,59,13,18780,18226
GATGCCTTCTGCGGCA-1,1,58,14,18641,17986
ACCGGTCAGGTACACC-1,1,59,15,18503,18227
GTGGAGCGTTTACCGA-1,1,58,16,18364,17986
AGGCGGTTTGTCCCGC-1,1,59,17,18226,18227
TCCCTGGCGTATTAAC-1,1,58,18,18087,17986
AAACACCAATAACTGC-1,1,59,19,17949,18227
TGGACGCAATCCAGCC-1,1,58,20,17811,17987
GGAACCTTGACTCTGC-1,1,59,21,17673,18228
GTATCTCAGTCTTGAC-1,1,58,22,17534,17987
GCTGAATCTTCCAATC-1,1,59,23,17396,18228
AGATGCAAGACGTGCA-1,1,58,24,17257,17987
TTAAGGCCCGTACTTT-1,1,59,25,17119,18228
AGTATGCTGGAGACCA-1,1,58,26,16980,17988
GCGGCAAAGTATTGCC-1,1,59,27,16842,18229
GCGCAAATATATTCAA-1,1,58,28,16703,17988
GAAGAAACGATATTGT-1,1,59,29,16565,18229
GGACCTCTAGGCCGCC-1,1,58,30,16427,17988
AACAGCTGTGTGGCAA-1,1,59,31,16289,18229
TCGAATATCCCGCAGG-1,1,58,32,16150,17989
GCGACCCAACCATCTG-1,1,59,33,16012,18230
AGAGAAGGAGTACAAT-1,1,58,34,15873,17989
GGCTCCTCCACCTGTT-1,1,59,35,15735,18230
TCAGTGTATACGTCAT-1,1,58,36,15596,17989
ATTATTATGTCCGTCA-1,1,59,37,15458,18230
TTAGGTCATAACCGAC-1,1,58,38,15320,17990
AAGATGGCACCGGACC-1,1,59,39,15181,18231
CTACAAGAAATAACCC-1,1,58,40,15043,17990
ACTATTTCCGGGCCCA-1,1,59,41,14905,18231
TTGTTTCACATCCAGG-1,1,58,42,14766,17990
CGCTGTGTGGATGTTG-1,1,59,43,14628,18231
TCAACATAGCGCCCTA-1,1,58,44,14489,17991
GGCCGTTTGGGTTTCA-1,1,59,45,14351,18232
TACTCTTTCGTCTTCA-1,1,58,46,14212,17991
TTCGCGCGCCATACGA-1,1,59,47,14074,18232
CGGAAAGAATCAAACG-1,1,58,48,13936,17991
AGGCAGGGAGCGTACT-1,1,59,49,13798,18232
CCTTTAAGGGAGCACT-1,1,58,50,13659,17992
CGCCCAGCACGCCTAG-1,1,59,51,13521,18233
AGTATTTGGCACGACC-1,1,58,52,13382,17992
TATCCGCACCGTCGGG-1,1,59,53,13244,18233
ACCCGTGTCATCAGTA-1,1,58,54,13105,17992
CAACTGCTCATCCGAT-1,1,59,55,12967,18233
CCGGAGCGTACTTTCT-1,1,58,56,12828,17993
TACCGTAGGTTAACTA-1,1,59,57,12690,18234
TGAGGAGTGCCAGCTT-1,1,58,58,12552,17993
CCAGTCTTGTCATAGA-1,1,59,59,12414,18234
GGGCAGAGCAATCGTT-1,1,58,60,12275,17993
TACCAAATAGCCCAGA-1,1,59,61,12137,18234
TACCTACTCCCAGTAT-1,1,58,62,11998,17994
TGTGAGACTAGCCCAA-1,1,59,63,11860,18235
ATACCTAACCAAGAAA-1,1,58,64,11721,17994
GTCGGGAAGCAGAAAC-1,1,59,65,11583,18235
AATTAACGGATTTCCA-1,1,58,66,11445,17994
GAACCCTCTGTGTTCT-1,1,59,67,11306,18235
ATATAAAGCGCTCGTG-1,1,58,68,11168,17995
CCTGGTCGAATGTGGG-1,1,59,69,11030,18236
CTAGGTTCGGACGTGA-1,1,58,70,10891,17995
TCGGGAGACAGCGTAC-1,1,59,71,10753,18236
CATAAGAAGCTTGGCT-1,1,58,72,10614,17995
AAGCACCCTGCGTATC-1,1,59,73,10476,18236
AGTTTGCACCTGCCTC-1,1,58,74,10337,17996
GACTGCAAATCGAGCT-1,1,59,75,10199,18237
GTGTATATCAGCGGGC-1,1,58,76,10061,17996
CTTCAACTCCACTTGG-1,1,59,77,9922,18237
ACTTACGCATCCACGC-1,1,58,78,9784,17996
CATGAGATGCACTCTC-1,1,59,79,9646,18237
GAGCACCTGTGTCCAG-1,1,58,80,9507,17997
CGCGACCGCGACAGAT-1,1,59,81,9369,18238
GTCCCGCGACGTTATG-1,1,58,82,9230,17997
GCAGTGTGGCTATAGG-1,1,59,83,9092,18238
ATACTGCCTTACACCG-1,1,58,84,8953,17997
TACAGAAACGGTGGGC-1,1,59,85,8815,18238
GGCGCGGAGATCTTTC-1,1,58,86,8677,17998
CGTTAATGTCCCGACG-1,1,59,87,8539,18239
GCTAACTGAAGTCTGA-1,1,58,88,8400,17998
AGTGATAACCTGCGCG-1,1,59,89,8262,18239
TATGATCTTCTCTTTA-1,1,58,90,8123,17998
TGTACCTACACGAGGG-1,1,59,91,7985,18239
ATATCGTTCCTCGAAC-1,1,58,92,7846,17999
CGGCGCCATCAATCCC-1,1,59,93,7708,18240
CCTGTTTGAAGACACG-1,1,58,94,7570,17999
GCCACTCAGAGCGCGA-1,1,59,95,7431,18240
TCGGCTTGTATCGACG-1,1,58,96,7293,17999
TAGATGGTTCCTTACT-1,1,59,97,7155,18240
ATCGTTAGCTAGCGGA-1,1,58,98,7016,18000
ACAGCGACATTCTCAT-1,1,59,99,6878,18241
ATTCAACCATTTAAGG-1,1,58,100,6739,18000
CACTCTTCTGCTAGCC-1,1,59,101,6601,18241
CTAACTGATAATCGCC-1,1,58,102,6462,18000
TGATGTCAATTAAGTG-1,1,59,103,6324,18241
CGCCGTTCAGCATAGT-1,1,58,104,6186,18001
ATACTACCCGTACCAC-1,1,59,105,6047,18242
CCACTGTTTGGATTAA-1,1,58,106,5909,18001
CACTACGGGAGCTGCC-1,1,59,107,5771,18242
GACCAAACGTTGACTG-1,1,58,108,5632,18001
AAGAGGCCCTTTGGAA-1,1,59,109,5494,18242
ACACGTAGGCCACAAG-1,1,58,110,5355,18002
TACTCTTACTTTACTG-1,1,59,111,5217,18243
AGAGCCGCCGAGATTT-1,1,58,112,5078,18002
GGCCTGCTTCTCCCGA-1,1,59,113,4940,18243
TCAAGCGCGGACGGTA-1,1,58,114,4802,18002
ACACTGGGACAGTCGT-1,1,59,115,4664,18243
TGTGTAGTAGCACGTG-1,1,58,116,4525,18003
CTAGCCACAGGCGAGC-1,1,59,117,4387,18244
CTATCGCGTAGAGAAC-1,1,58,118,4248,18003
GTTCCCGTAAACATAT-1,1,59,119,4110,18244
TCTTTCCTTCGAGATA-1,1,58,120,3971,18003
ATATTGGAGAGGCCTT-1,1,59,121,3833,18244
AGGCGATAACTGGCGT-1,1,58,122,3694,18004
ACCCGGAGCACCACAA-1,1,59,123,3556,18245
TGAGCTCAACTGTATA-1,1,58,124,3418,18004
ACGACCCATGAGTTGC-1,1,59,125,3280,18245
CGGTCAGTCCATATTT-1,1,58,126,3141,18004
TCCGGCTGTCGGGTCG-1,1,59,127,3003,18245
ATTCCCGAAGGTACAG-1,0,60,0,20579,18465
CTAACAGCACAATAAC-1,0,61,1,20441,18706
TTGTGCGGAAGCGGAT-1,0,60,2,20302,18465
GGGCACTATTGACCAT-1,0,61,3,20164,18706
CCATAGAGGCTGCCAG-1,0,60,4,20026,18466
CCGAAGCATTGACCAA-1,0,61,5,19887,18707
TACTGAGGGAAGAAAG-1,0,60,6,19749,18466
TATGTAGAAACCCGGC-1,0,61,7,19611,18707
TGGTTAACTTACATTT-1,0,60,8,19472,18466
AGAACCCTCAATTGGG-1,0,61,9,19334,18707
CCTATATCGTGTCACG-1,1,60,10,19195,18467
ACGGCTGGATGTAGAA-1,1,61,11,19057,18708
CTCGCATTGCATAGCC-1,1,60,12,18918,18467
ACTTTGGTCGTGCTCC-1,1,61,13,18780,18708
GCTGGTTTAGGCCATA-1,1,60,14,18642,18467
TGTCGTTATCACATAT-1,1,61,15,18503,18708
ACACATGATCAAATCT-1,1,60,16,18365,18468
TATCCATCTCGGTTAG-1,1,61,17,18227,18709
CTCGTCGAGGGCTCAT-1,1,60,18,18088,18468
ATCAATGCCGTGGCTG-1,1,61,19,17950,18709
GAAACATAGGAAACAG-1,1,60,20,17811,18468
TAATAGGTCACCAGAA-1,1,61,21,17673,18709
CACCAGTCAGCATGCA-1,1,60,22,17534,18469
GAGCGCTGTTAGGTAA-1,1,61,23,17396,18710
CCCTATGTAGAGCAGA-1,1,60,24,17258,18469
GATCGCTATATCTCAG-1,1,61,25,17120,18710
AAGGGACTATGCATTC-1,1,60,26,16981,18469
CTCGGGTTCTCTGGCC-1,1,61,27,16843,18710
TATATATCGAGAAATG-1,1,60,28,16704,18470
ACCCGAGCGAAATTAC-1,1,61,29,16566,18711
TTGTTTCATTAGTCTA-1,1,60,30,16427,18470
ATGGGACCTGCTGAAC-1,1,61,31,16289,18711
TGCGACGGCCGAACGT-1,1,60,32,16150,18470
AGCTAACAAGCAATGT-1,1,61,33,16012,18711
CGTGTCTCGTTACGAC-1,1,60,34,15874,18471
CTAAATCCGGTGTACA-1,1,61,35,15736,18712
GAATAGTGCTCGATTA-1,1,60,36,15597,18471
AACAATACATTGTCGA-1,1,61,37,15459,18712
CACATCGTGCACGCGC-1,1,60,38,15320,18471
ACCGTGACCACGTGGG-1,1,61,39,15182,18712
CCCAATGAGATTTGCA-1,1,60,40,15043,18472
TCAGCAGTAGGCCCTG-1,1,61,41,14905,18713
CTACTCAAGGTATAGT-1,1,60,42,14767,18472
TAGTAGCTTATACCAG-1,1,61,43,14628,18713
ACGTTCGTTCAGGAAA-1,1,60,44,14490,18472
TTAGAATAAGGGTCGG-1,1,61,45,14352,18713
TTCTAGAAAGTCTTAT-1,1,60,46,14213,18473
CCTTCAGTTAAAGTGA-1,1,61,47,14075,18714
TAGCTAGTGATGATGG-1,1,60,48,13936,18473
AGCCCGGTAGCCTGTA-1,1,61,49,13798,18714
TACCTCAGTTGTCTGT-1,1,60,50,13659,18473
GACGGGTTGGCCCGTA-1,1,61,51,13521,18714
GAAACCTATACAAATG-1,1,60,52,13383,18474
TCCACCTCTAGCCTTT-1,1,61,53,13245,18715
AAGACCCAACTGAACA-1,1,60,54,13106,18474
CATACACGGTTCCCAC-1,1,61,55,12968,18715
ACTACGCGTTAGAATT-1,1,60,56,12829,18474
CTTGGCCAAGCTGGGA-1,1,61,57,12691,18715
TTACCCTAGGGATTGG-1,1,60,58,12552,18475
TTCGCACTGTACGACA-1,1,61,59,12414,18716
TAGGTGTTCCACAGAT-1,1,60,60,12275,18475
GAAGCCTGCACATTCC-1,1,61,61,12137,18716
GGCTTTCAATAAGGGT-1,1,60,62,11999,18475
TCCAGGGTATATACGA-1,1,61,63,11861,18716
CTCGCCGAATGTAGGG-1,1,60,64,11722,18476
AGGAAGCTGTCCGCCG-1,1,61,65,11584,18717
GTCTCAAGGCCCGGCT-1,1,60,66,11445,18476
ACCGACACATCTCCCA-1,1,61,67,11307,18717
TATACGCGTCATCACT-1,1,60,68,11168,18476
ATCTGGGCTGTTCTTG-1,1,61,69,11030,18717
TCAAATTTGAGACTCA-1,1,60,70,10892,18477
GTTAAGGGTGCGATGT-1,1,61,71,10753,18718
AGCAAAGGCCGCTAGT-1,1,60,72,10615,18477
TTATAGGTAATTGTCT-1,1,61,73,10477,18718
TTGTGCAGCCACGTCA-1,1,60,74,10338,18477
ACGGACTCTCAAAGCG-1,1,61,75,10200,18718
ATGCTCTGGCGCGGTA-1,1,60,76,10061,18478
ATAATCTTGGAGAACC-1,1,61,77,9923,18719
CTCATTGCTCTAACAA-1,1,60,78,9784,18478
TAGGTGACGATAACCT-1,1,61,79,9646,18719
CGGATCCTCAAGGACT-1,1,60,80,9508,18478
GGGCGTGGTTTCCCAG-1,1,61,81,9369,18719
TGGCTATGTGACATAC-1,1,60,82,9231,18479
CTTAGTGTAGTAGCAT-1,1,61,83,9093,18720
GGATTGCTGTGACTCC-1,1,60,84,8954,18479
ACTTCCATGCGGGACA-1,1,61,85,8816,18720
ACTCAAGTGCAAGGCT-1,1,60,86,8677,18479
ACAAGGATGCTTTAGG-1,1,61,87,8539,18720
TTGAACGACGTGCTGA-1,1,60,88,8400,18480
ATTCATCGTTGAGGCA-1,1,61,89,8262,18721
TGCAACCCATCTGCGG-1,1,60,90,8124,18480
AGTGCTAAACACAGCA-1,1,61,91,7986,18721
AACTCCAGAGCGTGTT-1,1,60,92,7847,18480
TCTCCACAAGTTGAAT-1,1,61,93,7709,18721
CTTTGCATCGCTCTTG-1,1,60,94,7570,18481
TCACAAACCGAGGTAC-1,1,61,95,7432,18722
CCGTAGGAAATCCCTG-1,1,60,96,7293,18481
AAACATTTCCCGGATT-1,1,61,97,7155,18722
GCCTCCGACAATTCAC-1,1,60,98,7017,18481
TCTGCATACCTTGCTT-1,1,61,99,6878,18722
ACCCATTTGTCCCTCT-1,1,60,100,6740,18482
CTGCAGAGAATCAGAG-1,1,61,101,6602,18723
GGAAACTAAATGGGCC-1,1,60,102,6463,18482
CAACCTACCGAGCAGT-1,1,61,103,6325,18723
CCGTAGGGTTGTTTAC-1,1,60,104,6186,18482
GGTTTGTGACCTGAGG-1,1,61,105,6048,18723
TAACCTAGGGAGTCCA-1,1,60,106,5909,18483
TTCCATCGACAGCGTG-1,1,61,107,5771,18724
ATCTCCCACGGAATAT-1,1,60,108,5633,18483
GTTTCAAACGAGTTGT-1,1,61,109,5494,18724
GGAACTTTGGCGATTA-1,1,60,110,5356,18483
CTGCAAGCACGTTCCG-1,1,61,111,5218,18724
CACAGTCCCGCTTCGC-1,1,60,112,5079,18484
TACGCTCGGTATTGGA-1,1,61,113,4941,18725
CTGGTAAAGTGTGGGC-1,1,60,114,4802,18484
CAACCAGTGGCCTACC-1,1,61,115,4664,18725
TCTTCGCGGTGAGAGG-1,1,60,116,4525,18484
TTCGGGTTGCCACGGG-1,1,61,117,4387,18725
ACCGATAGGCATAACC-1,1,60,118,4249,18485
CTTATAGATGGCTGTT-1,1,61,119,4111,18726
AGACGCCCACTTCGCC-1,1,60,120,3972,18485
AGGTCGCCTCCCAACA-1,1,61,121,3834,18726
CCTCACGTCAGCTAAT-1,1,60,122,3695,18485
CCACCTGTATGGAATA-1,1,61,123,3557,18726
GGACTCGAAGCTTTCA-1,1,60,124,3418,18486
AAGCCGGAGAGCAGGA-1,1,61,125,3280,18727
GCCTATCAGGTAAGAT-1,1,60,126,3142,18486
TCAGAGTGTGAGCATG-1,1,61,127,3003,18727
AAACATGGTGAGAGGA-1,0,62,0,20580,18947
ATCATTGTACCGCATT-1,0,63,1,20442,19187
TCAGCTTGAGCTTTCG-1,0,62,2,20303,18947
CCGCGCAAGATACCCA-1,0,63,3,20165,19188
CTATACTTAAAGCGAG-1,0,62,4,20026,18947
ACCGTCCACTGGGCCC-1,0,63,5,19888,19188
AAGACCAAATAACTCA-1,0,62,6,19749,18948
TGTTTCTGAAGCGTGC-1,0,63,7,19611,19188
TTCTCTTACAGGTGAT-1,0,62,8,19473,18948
AATTCATTGTCATGCA-1,0,63,9,19334,19189
GCCCGAGAGTCTAAAT-1,0,62,10,19196,18948
ATATAGAGTATTGGTC-1,0,63,11,19058,19189
TTGAAGGATGGGCGCC-1,0,62,12,18919,18949
TAGTACCACAACTTTC-1,0,63,13,18781,19189
ATCCCATCCACAGCGC-1,0,62,14,18642,18949
CTTAGGTATAGACCAG-1,0,63,15,18504,19190
TGACTCCGAATCATAC-1,0,62,16,18365,18949
ACTACATCCCGACAAG-1,0,63,17,18227,19190
TTGCCGCAGACCTACA-1,0,62,18,18089,18950
TAAGAGGGACAGGGAC-1,0,63,19,17950,19190
CGAATGAAGTCATTGC-1,0,62,20,17812,18950
AAGGGAACGACTGGCT-1,0,63,21,17674,19191
CGAATCTGCTCGACGC-1,1,62,22,17535,18950
ATCGTGGAAAGTCTGG-1,0,63,23,17397,19191
CCTATGGCTCCTAGTG-1,1,62,24,17258,18951
CGTCGCTTGGTTATAC-1,0,63,25,17120,19191
TGCTTAGAGAGAATGC-1,1,62,26,16981,18951
GATTGCTCCAGTTGCA-1,0,63,27,16843,19192
CGTGCTTCTACCTAAA-1,1,62,28,16705,18951
ACTCCAATATCATCAT-1,0,63,29,16567,19192
GCCGACCCACGACTGC-1,1,62,30,16428,18952
GAGGGTAGTAACAAAG-1,0,63,31,16290,19192
GGCCGAGACTCTGGTG-1,1,62,32,16151,18952
TATATAGGGCTTTACG-1,0,63,33,16013,19193
TGCCGGATGTACGAGC-1,1,62,34,15874,18952
AGGTAGATCGAGATAT-1,0,63,35,15736,19193
GATCAACATAAAGGGA-1,1,62,36,15597,18953
TAACAGCGTTTGTGCT-1,0,63,37,15459,19194
CTATAGGCGTTGATGT-1,1,62,38,15321,18953
GGTTTAATTACCATCG-1,0,63,39,15183,19194
CTCTTCTGGAAGTTAG-1,1,62,40,15044,18953
ATCTGACATGGAAGGA-1,0,63,41,14906,19194
TACGTACTAGTGCTGA-1,1,62,42,14767,18954
ATGACTATCAGCTGTG-1,1,63,43,14629,19195
CTTTGGGATTGTTGCA-1,1,62,44,14490,18954
AGACTGTTACCGGGTC-1,1,63,45,14352,19195
TCCTAACCGTCGGGCA-1,1,62,46,14214,18954
ACGCAAACTAATAGAT-1,1,63,47,14075,19195
AAGTGAGTCGGGTTTA-1,1,62,48,13937,18955
TAAAGCGGTATTTCCA-1,1,63,49,13799,19196
CTCCTCCAGCTCACAC-1,1,62,50,13660,18955
CGGTCCGTCGCAAGCC-1,1,63,51,13522,19196
CCTATATTTGTCCTGG-1,1,62,52,13383,18955
TCCAATAAAGGCTACC-1,1,63,53,13245,19196
AAAGGCTACGGACCAT-1,1,62,54,13106,18956
CGTGACCAGTCCTCTG-1,1,63,55,12968,19197
GATCTGCTATCTAAGG-1,1,62,56,12830,18956
CGAATGACGCATAATG-1,1,63,57,12692,19197
GCTCAATGTAATACCG-1,1,62,58,12553,18956
CTATGCCCGAATGCAA-1,1,63,59,12415,19197
CACAGGGCCGTTGTCA-1,1,62,60,12276,18957
TCAATACGCCGTCATG-1,1,63,61,12138,19198
AGCGGACACTTCGTAG-1,1,62,62,11999,18957
ATACGTTATGCACGGA-1,1,63,63,11861,19198
GAGTAGATACTAGTTG-1,1,62,64,11722,18957
CCAGCTCGAACGCATT-1,1,63,65,11584,19198
TGCTTCCCAAGCAGTA-1,1,62,66,11446,18958
GTAGACACGCCTGACT-1,1,63,67,11308,19199
CTCACATTTACTAAAT-1,1,62,68,11169,18958
GAATGCGAATCGGTTC-1,1,63,69,11031,19199
TAAGGCCCGTCACCCT-1,1,62,70,10892,18958
GAGTATGCGCGTGCAT-1,1,63,71,10754,19199
ATCCACATCGACAGAA-1,1,62,72,10615,18959
TAGACGAAACGCCAAT-1,1,63,73,10477,19200
CAGCAGTCTGTGCTGC-1,1,62,74,10339,18959
CTCACTGTGATACTTA-1,1,63,75,10200,19200
TTAATTGCTTTGGGTG-1,1,62,76,10062,18959
GTAGTCTACGATATTG-1,1,63,77,9924,19200
TTGCCGCTTTCTAGTA-1,1,62,78,9785,18960
GAACCTTTAACGATCC-1,1,63,79,9647,19201
TGGACCAATCTAAGAT-1,1,62,80,9508,18960
CTAGTAGAAAGGGATT-1,1,63,81,9370,19201
AACCTCGCTTTAGCCC-1,1,62,82,9231,18960
GAGTGTCAACCAGAAA-1,1,63,83,9093,19201
GTGATCCTTGTCATGA-1,1,62,84,8955,18961
CTCAACTAACCCGGAT-1,1,63,85,8817,19202
AGTGGCGTCTGAAGGT-1,1,62,86,8678,18961
GGGAAGGGCTTTCTCA-1,1,63,87,8540,19202
AGGCCTGAGAATCTCG-1,1,62,88,8401,18961
AGCCACAGGTTACCCG-1,1,63,89,8263,19202
TGCAATCTAACACGGT-1,1,62,90,8124,18962
GTTTGGGTTTCGCCCG-1,0,63,91,7986,19203
CCTATGTCCACTCCAC-1,1,62,92,7847,18962
CTGCCTTTCTAGTAAA-1,1,63,93,7709,19203
TTAGTAAACCTGCTCT-1,1,62,94,7571,18962
TTGTGGTGGTACTAAG-1,1,63,95,7433,19203
CCTCCTGTTGTGTCGT-1,1,62,96,7294,18963
ACAAAGCATGACCTAG-1,1,63,97,7156,19204
ATAGCAACTAGGGAAG-1,1,62,98,7017,18963
CCGCTCTTCCGAACTA-1,1,63,99,6879,19204
TAGAATAGCCGATGAA-1,1,62,100,6740,18963
GGTCTCCGTCCAGGTT-1,1,63,101,6602,19204
TAATTACGTCAGTAGA-1,1,62,102,6464,18964
TACGTAAAGCGGAGTG-1,0,63,103,6325,19205
GCTACAATCGAGGATA-1,0,62,104,6187,18964
TCAGCCAATCCGTAAA-1,1,63,105,6049,19205
ATCATAGCCCTATGTA-1,1,62,106,5910,18964
GAGGCCTGTTGATACA-1,1,63,107,5772,19205
ATATACGCTCGTGACG-1,1,62,108,5633,18965
CCCTTTAATGGAGTTC-1,1,63,109,5495,19206
TTACACGATCTGCGAC-1,1,62,110,5356,18965
TCGCATAAAGGGCGCA-1,1,63,111,5218,19206
TGTAGCCATCCCATTC-1,1,62,112,5080,18965
GGGTCTATCGCTTTCC-1,0,63,113,4941,19206
GGAGGGTCAAGTAAGA-1,1,62,114,4803,18966
TACGGCATGGACGCTA-1,0,63,115,4665,19207
CACGTCAATCAATGGA-1,0,62,116,4526,18966
CGCTTGGACGGATAGA-1,0,63,117,4388,19207
CGCGGTACGGTATACA-1,1,62,118,4249,18966
CCTACTCAACACGATT-1,1,63,119,4111,19207
CGTTTGGTGTTGTGGG-1,1,62,120,3972,18967
GTTGTTGCAAGATGGC-1,1,63,121,3834,19208
CATTCGTCGTAGCGGT-1,1,62,122,3696,18967
CAGCCTCGATAGCGGT-1,1,63,123,3558,19208
TCATAAGTCCAAGAAG-1,1,62,124,3419,18967
AAAGTGCCATCAATTA-1,1,63,125,3281,19208
GTTGCAGTCGACAACA-1,1,62,126,3142,18968
TAAATGGGCTACTGAG-1,1,63,127,3004,19209
GGACAAGCCATGATCG-1,0,64,0,20580,19428
TCCAATGCGTCGCCGC-1,0,65,1,20442,19669
AAAGAATGACCTTAGA-1,0,64,2,20303,19428
CCTATTATTCCGGCCG-1,0,65,3,20165,19669
CAGTAAGGGACGTCTC-1,0,64,4,20027,19429
GGGATGGACCCGCGTC-1,0,65,5,19889,19670
GACGCATACCCGTCGG-1,0,64,6,19750,19429
GGGCAGGATTTCTGTG-1,0,65,7,19612,19670
TATCTGAGCCGATATT-1,0,64,8,19473,19429
AATGTATGGCACTGTA-1,0,65,9,19335,19670
GCCTTTGTCAGTGGAC-1,0,64,10,19196,19430
AACCATAGGGTTGAAC-1,0,65,11,19058,19671
AAACTTAATTGCACGC-1,0,64,12,18920,19430
TAGGCGGCTGCAAAGA-1,0,65,13,18781,19671
TCCATCAATACTAATC-1,0,64,14,18643,19430
ACCTCGAACTTATGCT-1,0,65,15,18505,19671
ACAAACCATGCGTCCT-1,0,64,16,18366,19431
ACACCGGTCTGACCGC-1,0,65,17,18228,19672
ATGGCAGCATTACGAT-1,0,64,18,18089,19431
CTGGTGAATGGGCCTA-1,0,65,19,17951,19672
CACAGAGACGAGGACG-1,0,64,20,17812,19431
GCACAAACCCTAGATG-1,0,65,21,17674,19672
ACTATGTCCAGCTGCC-1,0,64,22,17536,19432
AAGCCGCCGTGAAATC-1,0,65,23,17397,19673
ATGGGTGTATACCTCC-1,0,64,24,17259,19432
TAAGCGCGAATCAAAT-1,0,65,25,17121,19673
AGCCCGGCATTAGAGG-1,0,64,26,16982,19432
GTGATCAAGCGTGCAC-1,0,65,27,16844,19673
CTGCCTTTAATACCTT-1,0,64,28,16705,19433
TACCTCCACACCAATG-1,0,65,29,16567,19674
GAGCATCAACAACTTG-1,0,64,30,16428,19433
CATACGAACTAGCTGG-1,0,65,31,16290,19674
GGGAACGGTTTCAGAT-1,0,64,32,16152,19433
AGGGTGCCGTTCTTTA-1,0,65,33,16014,19674
ACGACTGGTCATACTC-1,0,64,34,15875,19434
GGATCTTACTGCCCTT-1,0,65,35,15737,19675
TACTCCTCTAGTTGAC-1,0,64,36,15598,19434
GTAGCTCCGGGAGGCT-1,0,65,37,15460,19675
GGACTCGTGAGTGGTC-1,0,64,38,15321,19434
GTAGTTCGAAGGCGAA-1,0,65,39,15183,19675
CTCAAACCACTGCCCG-1,0,64,40,15045,19435
GAGGGAGTCAGATCGC-1,0,65,41,14906,19676
GCGTCCCTAAGACATA-1,0,64,42,14768,19435
TCTCTTACCGCGAACC-1,0,65,43,14630,19676
GGCTACTATACACTCC-1,0,64,44,14491,19435
CGTTGCCCGCGTGGGA-1,0,65,45,14353,19676
TATAGAGTCGCTTGAA-1,0,64,46,14214,19436
ATGTTGTAGTCTGTTT-1,0,65,47,14076,19677
AGTATACACAGCGACA-1,0,64,48,13937,19436
TGTGGTTGCTAAAGCT-1,0,65,49,13799,19677
TGATTCCCGGTTACCT-1,0,64,50,13661,19436
CACTGACGATTGTGGA-1,0,65,51,13522,19677
AACATTGTGACTCGAG-1,0,64,52,13384,19437
GTCCAATATTTAGCCT-1,0,65,53,13246,19678
GCTCTTTCCGCTAGTG-1,0,64,54,13107,19437
GGGTCAGGAGCTAGAT-1,0,65,55,12969,19678
AGGTGGTGACCTTCGC-1,0,64,56,12830,19437
CCCGGGTCGTTCAGGG-1,0,65,57,12692,19678
AGCCAAGCTTTGTGTC-1,0,64,58,12553,19438
TGTGGCGGGCTTCTGG-1,0,65,59,12415,19679
CGAGGGTATCCAGGTG-1,0,64,60,12277,19438
CGTTCAGACCCGCGAA-1,0,65,61,12139,19679
TCATATGAGCTTTGTT-1,0,64,62,12000,19438
AGTTGACGGTCCTTGC-1,0,65,63,11862,19679
ATAATTAGCTAAGTAG-1,0,64,64,11723,19439
GGTCTTGAGCGCTCTT-1,0,65,65,11585,19680
CGTTGTCGGCAATTGA-1,0,64,66,11446,19439
TCTTGCTCCCGATACT-1,0,65,67,11308,19680
AGCAGAAGGAGAAAGA-1,0,64,68,11169,19439
GAAGCCACTGATTATG-1,0,65,69,11031,19680
TGCTCTTGAGAGTTTG-1,0,64,70,10893,19440
GACATCCGTCGAACTG-1,0,65,71,10755,19681
AGATATAATACGACTA-1,0,64,72,10616,19440
TCGCTACTGGCTTTGA-1,0,65,73,10478,19681
GTGACAGCTTCCCACT-1,0,64,74,10339,19440
GTGACGCAGGTTTCAT-1,0,65,75,10201,19681
GGGAAGACGGTCTGTC-1,0,64,76,10062,19441
CGTCGCATGTGAGCCA-1,0,65,77,9924,19682
AGAAGGTTGTAGGTCG-1,0,64,78,9786,19441
GGCCGGCGTCTGCTAT-1,0,65,79,9647,19682
TTGACCAGGAACAACT-1,1,64,80,9509,19441
AGTCGTATAAAGCAGA-1,0,65,81,9371,19682
GGCGTAGGGAAAGCTG-1,0,64,82,9232,19442
AAACCTAAGCAGCCGG-1,0,65,83,9094,19683
ATTGCCTTTATGTTTG-1,0,64,84,8955,19442
CAGGCAGTCTTACCAG-1,0,65,85,8817,19683
AGCTAAGTACGCAGGC-1,0,64,86,8678,19442
AAATCCGATACACGCC-1,0,65,87,8540,19683
CGAGAGCTTTCACTAC-1,0,64,88,8402,19443
CGCCCAGCGTTTCACG-1,0,65,89,8264,19684
TTAAGTATTGTTATCC-1,0,64,90,8125,19443
AAACGGGCGTACGGGT-1,0,65,91,7987,19684
GTATCCTTTGGTAACC-1,0,64,92,7848,19443
CATAGTCAAATACATA-1,0,65,93,7710,19684
TCTATGCTATAACGAC-1,0,64,94,7571,19444
ACGTTCTGTACAAGTC-1,0,65,95,7433,19685
CGCGAAGTGGCATACT-1,0,64,96,7294,19444
ACCAACCGCACTCCAC-1,0,65,97,7156,19685
GTCATGCGCGAGGGCT-1,0,64,98,7018,19444
TAGGCTAAAGTGGCAC-1,0,65,99,6880,19685
TGGCTACACTCTACCT-1,0,64,100,6741,19445
TGTCCACGGCTCAACT-1,0,65,101,6603,19686
AATTGCAGCAATCGAC-1,0,64,102,6464,19445
GTCAACCAGGCCTATA-1,0,65,103,6326,19686
ATCTTATCGCACACCC-1,0,64,104,6187,19446
GTCTATTGCATGCTCG-1,0,65,105,6049,19686
GCACGTGGTTTACTTA-1,0,64,106,5911,19446
ATTCGCGCCTTGAGAG-1,0,65,107,5772,19687
AGCGATGCGCCTAATA-1,0,64,108,5634,19446
TCTATAGGTGGGTAAT-1,0,65,109,5496,19687
AGATACCAATAGAACC-1,0,64,110,5357,19447
CGTGTATGGGAGCTGA-1,0,65,111,5219,19687
ATGTACATGCGGTGAG-1,0,64,112,5080,19447
TTGGCTCAATATGTGT-1,0,65,113,4942,19688
GTTCGGAGCACTCAAC-1,0,64,114,4803,19447
TCCCTCTTCTCAAGGG-1,0,65,115,4665,19688
TTACGTATCTATGACA-1,0,64,116,4527,19448
CCCATATAGGTCGATT-1,0,65,117,4388,19688
GTCCACGTCGCATTCG-1,0,64,118,4250,19448
AATTGTGGTTGCCAAA-1,0,65,119,4112,19689
AGGAACGAACGACTTC-1,0,64,120,3973,19448
TAATTCCAATGCTTCA-1,0,65,121,3835,19689
AGGGCCCTAATGTTCT-1,0,64,122,3696,19449
AGGTGTTGCCGACCAC-1,0,65,123,3558,19689
CTGAGAGTAGAAATAC-1,0,64,124,3419,19449
TAGAAGAAGGGTTACA-1,0,65,125,3281,19690
GGTGACTGATAGAGAG-1,0,64,126,3143,19449
TACCCTCGGTAACCCT-1,0,65,127,3005,19690
TGTAAGACTGATAAGA-1,0,66,0,20581,19910
GTCACTCATGAGCGAT-1,0,67,1,20443,20151
CGGTTTACTGAACATT-1,0,66,2,20304,19910
GAGATCGATCTTACTC-1,0,67,3,20166,20151
TCTTTCATCCGTCCTT-1,0,66,4,20027,19910
TCGGATCTGGATGACC-1,0,67,5,19889,20151
GTCCTAGGATACCTTA-1,0,66,6,19750,19911
TGTACCCGACCCTAAT-1,0,67,7,19612,20152
AGGTTCTCCTTTCCGG-1,0,66,8,19474,19911
AATTGCGTGGATTACA-1,0,67,9,19336,20152
CGATAGCGATACAGTG-1,0,66,10,19197,19911
CGCCCTAATTGTTCAA-1,0,67,11,19059,20152
ATTATGAGACCCAATT-1,0,66,12,18920,19912
CCTCCTAGCTAGAGTC-1,0,67,13,18782,20153
CGAAGGGTTTCAGATT-1,0,66,14,18643,19912
CACAAGCTAAGAAAGG-1,0,67,15,18505,20153
CACCGGTAGAGACATT-1,0,66,16,18367,19912
ACTCATGGCAGCCTTC-1,0,67,17,18228,20153
CATCCAATATAGTTTG-1,0,66,18,18090,19913
CAGATATGAAGATGAC-1,0,67,19,17952,20154
GCAAAGGGCGTTAGCC-1,0,66,20,17813,19913
CTGTTGTTCAGTCGTA-1,0,67,21,17675,20154
AAAGGCCCTATAATAC-1,0,66,22,17536,19913
AACATTGAAGTTGATC-1,0,67,23,17398,20154
GCTAGCGATAGGTCTT-1,0,66,24,17259,19914
ATTGCCTATTAGACCG-1,0,67,25,17121,20155
GGGCGTTTACATTCAT-1,0,66,26,16983,19914
CCTCTACAAGGATTGG-1,0,67,27,16844,20155
AGTGACTGTGACACAA-1,0,66,28,16706,19914
AGCCCTCCCTGGTGGC-1,0,67,29,16568,20155
CGGTTGAGTATCCTTC-1,0,66,30,16429,19915
CATTATCCCATTAACG-1,0,67,31,16291,20156
AATGTGCTAATCTGAG-1,0,66,32,16152,19915
CTTAGTTGAGGAATCG-1,0,67,33,16014,20156
CTTCTGGGCGTACCTA-1,0,66,34,15875,19915
AGTCAAATGATGTGAT-1,0,67,35,15737,20156
TGAACAAGCAGGGACT-1,0,66,36,15599,19916
AATACCGGAGGGCTGT-1,0,67,37,15461,20157
GTTTGGTGATCGGTGC-1,0,66,38,15322,19916
GACTGCTGGTGAGAAA-1,0,67,39,15184,20157
CGATCCTCGCAACATA-1,0,66,40,15045,19916
CCAACCTTATGTAACT-1,0,67,41,14907,20157
CGTGGTACCCAAAGGC-1,0,66,42,14768,19917
AACCCGACAACCCGTG-1,0,67,43,14630,20158
TATGTAAAGTGCTTAA-1,0,66,44,14492,19917
GCAAGTGTAAAGCATG-1,0,67,45,14353,20158
GTAACTGCCCAAGGAG-1,0,66,46,14215,19917
GGTGCATAAATGATTA-1,0,67,47,14077,20158
TAGTCCCGGAGACCAC-1,0,66,48,13938,19918
CGGCCAGAGCGACCAT-1,0,67,49,13800,20159
TGAATGAGTGTTTCCC-1,0,66,50,13661,19918
TTCACTTCCTAGAACG-1,0,67,51,13523,20159
CGCTTAGTATTGATAC-1,0,66,52,13384,19918
AACGCGACCTTGGGCG-1,0,67,53,13246,20159
GTGCACCAGCTTCAAC-1,0,66,54,13108,19919
TTCTATTAAACGCAGC-1,0,67,55,12969,20160
TGGCAAGCACAAGTCG-1,0,66,56,12831,19919
ATCTGCTGTTATCGCC-1,0,67,57,12693,20160
AATTCCAAGCATGTAC-1,0,66,58,12554,19919
AAACGGTTGCGAACTG-1,0,67,59,12416,20160
GAAGGAGTCGAGTGCG-1,0,66,60,12277,19920
GGCAAGCCCATAGTGG-1,0,67,61,12139,20161
TGACCAAATCTTAAAC-1,0,66,62,12000,19920
TTCGGTACTGTAGAGG-1,0,67,63,11862,20161
ATGTACGATGACGTCG-1,0,66,64,11724,19920
ATCTAGCTTGTGAGGG-1,0,67,65,11586,20161
AGCGGGTCTGACACTC-1,0,66,66,11447,19921
GAGGTACGCGTGTCCC-1,0,67,67,11309,20162
GCACTGCCTACCTTTA-1,0,66,68,11170,19921
GGAGCGAGGCCTACTT-1,0,67,69,11032,20162
AAACTCGGTTCGCAAT-1,0,66,70,10893,19921
GGCGCTTCATTCCCTG-1,0,67,71,10755,20162
TGCTCGGTGGGTCACC-1,0,66,72,10616,19922
AAGCGCAGGGCTTTGA-1,0,67,73,10478,20163
GACCTTCCACGTCTAC-1,0,66,74,10340,19922
GTTAGCCCATGACATC-1,0,67,75,10202,20163
AATTCGATTCGAGGAT-1,0,66,76,10063,19922
AGTCTTTAAAGTGTCC-1,0,67,77,9925,20163
GACTAGGCCGTTAGGT-1,0,66,78,9786,19923
TCCAAGCCTAGACACA-1,0,67,79,9648,20164
GATTGGGAAAGGTTGT-1,0,66,80,9509,19923
GATGAGGAACCTTCGG-1,0,67,81,9371,20164
TGAATACCGACGCGTA-1,0,66,82,9233,19923
AATCGTGAGCCGAGCA-1,0,67,83,9094,20164
GCGAAGAATCTGACGG-1,0,66,84,8956,19924
GAACAACTGGGATGAA-1,0,67,85,8818,20165
TCGCCGACATATTCGC-1,0,66,86,8679,19924
CGTAGAGAGTAATTAT-1,0,67,87,8541,20165
CGATAGTCGTACTGCA-1,0,66,88,8402,19924
CGCATGCCGAATGCGT-1,0,67,89,8264,20165
CTCTAGCCCTCGGAAA-1,0,66,90,8125,19925
TCCAACTCAGCTATCT-1,0,67,91,7987,20166
GTCTAGTGAGCCGCTT-1,0,66,92,7849,19925
TACCGAATAATTGTAA-1,0,67,93,7711,20166
ATATAACACGGGCGCA-1,0,66,94,7572,19925
GCATGCTAATAACGAT-1,0,67,95,7434,20166
TCCGGGCTTGACGGGA-1,0,66,96,7295,19926
ATTATTCAGAGTCACT-1,0,67,97,7157,20167
TAGCAGTATGACTAAA-1,0,66,98,7018,19926
TATGAAGAATTAAGGT-1,0,67,99,6880,20167
CAAGGCCAGTGGTGCA-1,0,66,100,6741,19926
TGCGTACGGCTAATTG-1,0,67,101,6603,20167
CAGATAATGGGCGGGT-1,0,66,102,6465,19927
GAGAACGGTTCTGACT-1,0,67,103,6327,20168
CGCTTCGGTCTAAGAC-1,0,66,104,6188,19927
AGCATTACGAGGCAAG-1,0,67,105,6050,20168
AAGTTGTGATGTTATA-1,0,66,106,5911,19927
TTGCTCATAGTACGTG-1,0,67,107,5773,20168
TACTTAAACATGTACA-1,0,66,108,5634,19928
AGTGAGTCGAATTAAC-1,0,67,109,5496,20169
TAGGCCTATATAGTCT-1,0,66,110,5358,19928
ACTCGCCGTTCGATAA-1,0,67,111,5219,20169
GGTACGTTGCGGCCGG-1,0,66,112,5081,19928
TATTGCCGGGCTTGTA-1,0,67,113,4943,20169
GGTAAACTCTGCGCTG-1,0,66,114,4804,19929
TCCCTTGTCTGAAACT-1,0,67,115,4666,20170
CATGATCGCTTTGAGA-1,0,66,116,4527,19929
GGACGGGCGACCAACC-1,0,67,117,4389,20170
GAGAGGCCTATGTGTA-1,0,66,118,4250,19929
TCGTAACTCCCAAGAC-1,0,67,119,4112,20170
CGTATCTAGAACTAAG-1,0,66,120,3974,19930
GCACCTTCCCGAAGGT-1,0,67,121,3836,20171
TACCTCTTTACCATCC-1,0,66,122,3697,19930
TGACTCTAACTGGTAA-1,0,67,123,3559,20171
GAGAAACTGGATCCCA-1,0,66,124,3420,19930
ATCCGGACCAGCCTGA-1,0,67,125,3282,20171
TTATTTAGGTTCCTTA-1,0,66,126,3143,19931
CGAATTCCCGGTTCAA-1,0,67,127,3005,20172
TAGTTTGATCGGTCGC-1,0,68,0,20581,20391
AGTCGAAACGATTCAG-1,0,69,1,20443,20632
ACGTCGGGCAACTCGG-1,0,68,2,20305,20392
ACTTGCTCTATCTACC-1,0,69,3,20167,20633
ATTACGGGCTACGGTT-1,0,68,4,20028,20392
GCAAACGTAAGCGACC-1,0,69,5,19890,20633
TTCGGACTGGGCATGG-1,0,68,6,19751,20392
GGGCCATTCGTGCTGG-1,0,69,7,19613,20633
GAGTTGTCACCAGTCT-1,0,68,8,19474,20393
AGTAATTTGCAAGCGT-1,0,69,9,19336,20634
GTGGCCGGTTTCTCGG-1,0,68,10,19197,20393
ATCTTAGGGCATTAAT-1,0,69,11,19059,20634
CTACATATCGCGGGAC-1,0,68,12,18921,20393
ATGGTATTTACTGATT-1,0,69,13,18783,20634
CCGTCAACCTCTGGCG-1,0,68,14,18644,20394
GCTTCGACGTTCAATC-1,0,69,15,18506,20635
GACCGATTAAATATGT-1,0,68,16,18367,20394
GTCGAATTTGGGCGCT-1,0,69,17,18229,20635
TCACGGCCCAAGAGAG-1,0,68,18,18090,20394
CTACGATCCTATCCTA-1,0,69,19,17952,20635
TGCAGTGGTAGGGAAC-1,0,68,20,17814,20395
TTGCCTAATCCAAAGT-1,0,69,21,17675,20636
AGCGAGACGTGAAGGC-1,0,68,22,17537,20395
TTCTACCTCAATCGGT-1,0,69,23,17399,20636
TACGCTGCTGTGTTAA-1,0,68,24,17260,20395
TAGTCCTGCACTAAGC-1,0,69,25,17122,20636
AGCACACGTTTAGACT-1,0,68,26,16983,20396
GTTCGACAATTGTATA-1,0,69,27,16845,20637
CCATGTTCATCTATAT-1,0,68,28,16706,20396
CCCTCGATAATACACA-1,0,69,29,16568,20637
ACTGCCCGCCATTCTC-1,0,68,30,16430,20396
CTATATCCAGCCTGGC-1,0,69,31,16291,20637
CGCACGTCTGTTTATG-1,0,68,32,16153,20397
AATCAGGTTTCATTTA-1,0,69,33,16015,20638
AGAGAAACACCAGAAA-1,0,68,34,15876,20397
ACCCGATTGGTTCCGA-1,0,69,35,15738,20638
TACCAGGAATCCCGTC-1,0,68,36,15599,20397
AAGTGCTTCTCTATTG-1,0,69,37,15461,20638
TGCATGTGACCCATAG-1,0,68,38,15322,20398
TAGATTCAAAGTGCGG-1,0,69,39,15184,20639
AGGGTCAGAGCACTCG-1,0,68,40,15046,20398
GTGAGATAACCTTATA-1,0,69,41,14908,20639
GTGTCAGTGTACGTGG-1,0,68,42,14769,20398
CTGTAGTGAGGATCGA-1,0,69,43,14631,20639
GATAGTGCGAGTAAGT-1,0,68,44,14492,20399
AGGGTTCAGACGGTCC-1,0,69,45,14354,20640
GGACTCGACAGCGCAT-1,0,68,46,14215,20399
CACTCTCAAGCATCGA-1,0,69,47,14077,20640
GAGCGGAATGCGGTGT-1,0,68,48,13939,20399
CAGTTCGAGGACCCGA-1,0,69,49,13800,20640
CGTAACTTCGACACTT-1,0,68,50,13662,20400
TGATCACCACACTGAC-1,0,69,51,13524,20641
CATACTTCTTTCTCCG-1,0,68,52,13385,20400
CAAGTAAGTGATAGAC-1,0,69,53,13247,20641
AGCCCGCAACAAGCAG-1,0,68,54,13108,20400
GCTCCATGCAAAGCAA-1,0,69,55,12970,20641
TCGTACCGACGTCAAG-1,0,68,56,12831,20401
ATTATCGGAATGTACG-1,0,69,57,12693,20642
ACCTACTATAAATCTA-1,0,68,58,12555,20401
TATCCTATCAACTGGT-1,0,69,59,12416,20642
GCGCGGTCTAGTAACT-1,0,68,60,12278,20401
CCTTCGTATAGAATCC-1,0,69,61,12140,20642
TGGGCGATACAATAAG-1,0,68,62,12001,20402
TGACATGTAACGTGAC-1,0,69,63,11863,20643
TTGGGAAGACGAGCCG-1,0,68,64,11724,20402
GGTGTAAATCGATTGT-1,0,69,65,11586,20643
GAACTGTGGAGAGACA-1,0,68,66,11447,20402
TCCACATCGTATATTG-1,0,69,67,11309,20643
CCTATGGTCAAAGCTG-1,0,68,68,11171,20403
TCCTTGTCCTTTAATT-1,0,69,69,11033,20644
AAGTTTATGGGCCCAA-1,0,68,70,10894,20403
GTCCGGGTTCACATTA-1,0,69,71,10756,20644
ATGTAGCGCGCGTAGG-1,0,68,72,10617,20403
TACGGAAGCCAAACCA-1,0,69,73,10479,20644
GCCCTGAGGATGGGCT-1,0,68,74,10340,20404
CGGGCGATGGATCACG-1,0,69,75,10202,20645
TGCGGACTTGACTCCG-1,0,68,76,10064,20404
TAATACTAGAACAGAC-1,0,69,77,9925,20645
TCAAATTGTTGTGCCG-1,0,68,78,9787,20404
GGGCAGTCAACGCCAA-1,0,69,79,9649,20645
TCGCTGCCAATGCTGT-1,0,68,80,9510,20405
TACGTGGGCCCAGGGC-1,0,69,81,9372,20646
GCCTACGTTCTGTGCA-1,0,68,82,9233,20405
TTGCGTGTGTAGGCAT-1,0,69,83,9095,20646
TCCTAAAGATTCAGAC-1,0,68,84,8956,20405
TGGGTGCACAAGCCAT-1,0,69,85,8818,20646
GGGAGCGACCGTAGTG-1,0,68,86,8680,20406
CATAGAGGAGATACTA-1,0,69,87,8541,20647
CTTCGATTGCGCAAGC-1,0,68,88,8403,20406
GTGCCTGAGACCAAAC-1,0,69,89,8265,20647
TCATCCTCAGCTGCTT-1,0,68,90,8126,20406
TGCAACTACTGGTTGA-1,0,69,91,7988,20647
ATGTTGATTAGAGACT-1,0,68,92,7849,20407
GTTTCTAGAGGCGCGG-1,0,69,93,7711,20648
TACAAGGGCTTCTTTA-1,0,68,94,7572,20407
ACAGGCACGGATCCTT-1,0,69,95,7434,20648
CCCAAGTCATTACACT-1,0,68,96,7296,20407
ACTCTGACCTAATAGA-1,0,69,97,7158,20648
GGATGGCTTGAAGTAT-1,0,68,98,7019,20408
ACCCTCCCGTCAGGGC-1,0,69,99,6881,20649
AGCTTCTTCTCGAGCA-1,0,68,100,6742,20408
TTGCGCTTGATCAATA-1,0,69,101,6604,20649
TGGGTGTAATAGATTT-1,0,68,102,6465,20408
CATGGTTTATTAATCA-1,0,69,103,6327,20649
TTGCCTTCTCGCCGGG-1,0,68,104,6188,20409
TTAAAGTAAGTCGCCA-1,0,69,105,6050,20650
AGTTGGCAAGGCTAGA-1,0,68,106,5912,20409
CCGCACTTGCAATGAC-1,0,69,107,5774,20650
AATGTTGTCGTGAGAC-1,0,68,108,5635,20409
CCAAGGTTGCCCTTTC-1,0,69,109,5497,20650
TGTGACTAGAGTTTGC-1,0,68,110,5358,20410
TTGTGATCTGTTCAGT-1,0,69,111,5220,20651
GGAGTTGATTCTGTGT-1,0,68,112,5081,20410
GTAGTGAGCAACCTCA-1,0,69,113,4943,20651
AAGACATACGTGGTTT-1,0,68,114,4805,20410
CATCCCGAGATTCATA-1,0,69,115,4666,20651
GGCCGCAGGAACCGCA-1,0,68,116,4528,20411
CCAGAAACTGATGCGA-1,0,69,117,4390,20652
ACCCGTAGTCTAGTTG-1,0,68,118,4251,20411
AGGGTCTGGACGCAGT-1,0,69,119,4113,20652
TTGAAACCCTCATTCC-1,0,68,120,3974,20411
TCAATCCCGCGCCAAA-1,0,69,121,3836,20652
AGGACATCGGCACACT-1,0,68,122,3697,20412
GACAAGACGCCCGTGC-1,0,69,123,3559,20653
GAGTAAATTAAGAACC-1,0,68,124,3421,20412
TAAGTCGGTGAGCTAG-1,0,69,125,3283,20653
CTTACTGACTCCTCTG-1,0,68,126,3144,20412
TTAACTGATCGTTTGG-1,0,69,127,3006,20653
GGGCGATCCATAGGCC-1,0,70,0,20582,20873
CGTATTGTTTGGCGCC-1,0,71,1,20444,21114
CGCGTGGGCCTGTGTT-1,0,70,2,20305,20873
AAATCTGCCCGCGTCC-1,0,71,3,20167,21114
GCTGAAGGGTTCTTGG-1,0,70,4,20028,20874
TAATTGCGCTGATTAC-1,0,71,5,19890,21115
TCGCGCGTTTACATGA-1,0,70,6,19752,20874
TAACTGAAATACGCCT-1,0,71,7,19614,21115
CCTGTCGTGTATGAAG-1,0,70,8,19475,20874
CGGGAACGCCCTGCAT-1,0,71,9,19337,21115
AGTTGCGGTCCTCAAC-1,0,70,10,19198,20875
GGGTCCTTGGAAGAAG-1,0,71,11,19060,21116
CGGGAAGTACCGTGGC-1,0,70,12,18921,20875
ACGGTCACCGAGAACA-1,0,71,13,18783,21116
TAGACTCAGTTGGCCT-1,0,70,14,18644,20875
CCTTCCGCAACGCTGC-1,0,71,15,18506,21116
CAGTGTTAATCTCTCA-1,0,70,16,18368,20876
CAGGCCAGTACCACCT-1,0,71,17,18230,21117
GATCGCTGTGGTGCGT-1,0,70,18,18091,20876
GTATCTCGGGCGCTTT-1,0,71,19,17953,21117
CCGGGCTAAGAATTTC-1,0,70,20,17814,20876
CTTCACGCCCTGGTAC-1,0,71,21,17676,21117
CGGATGAATGCTGTGA-1,0,70,22,17537,20877
CTCTGCAGGCATTCTT-1,0,71,23,17399,21118
TCAAAGTCACGGCGTC-1,0,70,24,17261,20877
TGGGTTTCGGGCGTAC-1,0,71,25,17122,21118
TGCTATGGCAAAGGGA-1,0,70,26,16984,20877
TTCACGGTCGTCACGT-1,0,71,27,16846,21118
CGTAAAGCAAGAAATC-1,0,70,28,16707,20878
CTGATCCCTTTATGCA-1,0,71,29,16569,21119
GAGTATACCCTAATCA-1,0,70,30,16430,20878
CCACGGCAGGTGTAGG-1,0,71,31,16292,21119
ACGTACTTTGGCACGG-1,0,70,32,16153,20878
CCTGAGAATAAATGCA-1,0,71,33,16015,21119
TTGATGCCGCTCGTCG-1,0,70,34,15877,20879
GCCAGGAAAGAACACT-1,0,71,35,15739,21120
TCCGACCGCTAATCAA-1,0,70,36,15600,20879
TATATCAAAGTGATCT-1,0,71,37,15462,21120
CCTCGGTTTCCTTGCC-1,0,70,38,15323,20879
TAAATTTAGTAACACC-1,0,71,39,15185,21120
CTCGTTACGGCTACCA-1,0,70,40,15046,20880
GCCGTCGGTTTCGGGC-1,0,71,41,14908,21121
GTTCCGTCCGCCTGCA-1,0,70,42,14769,20880
CTAGGGATAGGGACAA-1,0,71,43,14631,21121
GTCCAGGCACGTGTGC-1,0,70,44,14493,20880
GAGGAATATCTCTTTG-1,0,71,45,14355,21121
CGTTCAAGGAAACGGA-1,0,70,46,14216,20881
GTGGGAACAAACCGGG-1,0,71,47,14078,21122
GGGCACGTAGTACTGT-1,0,70,48,13939,20881
ACTACAAAGAGAGGTG-1,0,71,49,13801,21122
GGTGTAGGTAAGTAAA-1,0,70,50,13662,20881
CCTGTTCAACCTCGGG-1,0,71,51,13524,21122
TGAGGTGTGTGGCGGA-1,0,70,52,13386,20882
ATTGTCTGTTTCATGT-1,0,71,53,13247,21123
GCCGGTCGTATCTCTC-1,0,70,54,13109,20882
ATATGGGATAGCAACT-1,0,71,55,12971,21123
GATAGAACCCGCTAGG-1,0,70,56,12832,20882
ATCCCATTTCCGTGGG-1,0,71,57,12694,21123
GATGCTACCTTCGATG-1,0,70,58,12555,20883
TGCAAAGTTCGTCTGT-1,0,71,59,12417,21124
GTTCAGTCGCCAAATG-1,0,70,60,12278,20883
GTCTCCGCCTCAATAC-1,0,71,61,12140,21124
AGTAGAAGGCGCCTCA-1,0,70,62,12002,20883
GTTGTAGATTTATGAG-1,0,71,63,11863,21124
CTATTTGCTTGGAGGA-1,0,70,64,11725,20884
AGCCATATAGTATGTG-1,0,71,65,11587,21125
TGTTCCGGCCTGAGCT-1,0,70,66,11448,20884
TGCCGTGGGACCCAAT-1,0,71,67,11310,21125
TTGCAAGAAGACTCCT-1,0,70,68,11171,20884
CCGCTCCAGGGCGATC-1,0,71,69,11033,21125
CAAACCCTCCGGCGGG-1,0,70,70,10894,20885
CGGACCTTTACGTCCC-1,0,71,71,10756,21126
ACGTAGGAGAGTCGCT-1,0,70,72,10618,20885
CTGCGACCTCGCCGAA-1,0,71,73,10480,21126
GGCCCAGCTGGTTTGC-1,0,70,74,10341,20885
GGATTAATCATGGACC-1,0,71,75,10203,21126
GAGATGGCTTTAATCA-1,0,70,76,10064,20886
AGTACAGAAGCTTATA-1,0,71,77,9926,21127
GCGGCTTTAGCAAGTT-1,0,70,78,9787,20886
ACCGAGTCTCCTTATT-1,0,71,79,9649,21127
GACCACACTTCCCTTT-1,0,70,80,9511,20886
TGTAGCCAATTCCGTT-1,0,71,81,9372,21127
CTCGTCTGTGCCTTCG-1,0,70,82,9234,20887
GGACTCTTTGACTAAG-1,0,71,83,9096,21128
TCATCGACGACCGTCG-1,0,70,84,8957,20887
TACTACGTGCAATGCG-1,0,71,85,8819,21128
CCCTACTTGAACAATG-1,0,70,86,8680,20887
GCAGCTGTCAACGCAT-1,0,71,87,8542,21128
ATCTACCATCTGCTCC-1,0,70,88,8403,20888
TCTCAAATCAATCGGG-1,0,71,89,8265,21129
ACTCCGGCCGACCACT-1,0,70,90,8127,20888
TACACCTCTTCGAATC-1,0,71,91,7988,21129
GTGGCTGTTTCTGTTC-1,0,70,92,7850,20888
ACGACTCTAGGGCCGA-1,0,71,93,7712,21129
TCGTTTACGCGACCCT-1,0,70,94,7573,20889
AGGATATCCGACTGCA-1,0,71,95,7435,21130
GACACTTCCAATTACC-1,0,70,96,7296,20889
ACGGTACAGTTCAATG-1,0,71,97,7158,21130
CTTGATGACCATCCAG-1,0,70,98,7019,20889
CTGGTAAAGACTTACA-1,0,71,99,6881,21130
CTTGCCCACCCACGCA-1,0,70,100,6743,20890
CATTACGCAGGAAGGG-1,0,71,101,6605,21131
GGACAACCATGAAGCC-1,0,70,102,6466,20890
GTTATCAAGCTATCGA-1,0,71,103,6328,21131
AGGTGCACGTCCACAT-1,0,70,104,6189,20890
AAAGAATGTGGACTAA-1,0,71,105,6051,21131
ACCAAGTCATCGGCAG-1,0,70,106,5912,20891
AGTAACTATAGCAGCC-1,0,71,107,5774,21132
GGGAAAGAATGCCAAC-1,0,70,108,5635,20891
AATCGGTATAGCCCTC-1,0,71,109,5497,21132
GGCACTGCGGTGGTTT-1,0,70,110,5359,20891
CGTCCTCATCGCGTGC-1,0,71,111,5221,21132
CTTAACTTACAGTATA-1,0,70,112,5082,20892
GTGAGTCGACTAATAG-1,0,71,113,4944,21133
TGTACTTCCGGGCATG-1,0,70,114,4805,20892
CACAAACCGCAGAACT-1,0,71,115,4667,21133
GCTTTACACAACTGGG-1,0,70,116,4528,20892
CACCGATGATGGGTAC-1,0,71,117,4390,21133
TCAATATACAGGAGGC-1,0,70,118,4252,20893
AACGACCTCCTAGCCG-1,0,71,119,4113,21134
GTTACCAAGGCGTACG-1,0,70,120,3975,20893
TAGCTCACTGTGTTTG-1,0,71,121,3837,21134
TCGGCAGGGTTAAGGG-1,0,70,122,3698,20893
TGTTAACAAAGTGACT-1,0,71,123,3560,21134
CAGAGCGATGGATGCT-1,0,70,124,3421,20894
CATAGTGGGCACGCCT-1,0,71,125,3283,21135
AAACGCTGGGCACGAC-1,0,70,126,3144,20894
TGTTCTCATACTATAG-1,0,71,127,3006,21135
TCCGCTGGGTCGATCG-1,0,72,0,20583,21355
TTAGCATCCCTCACGT-1,0,73,1,20444,21596
AGCCTTGTCACTGATA-1,0,72,2,20306,21355
GTTTCTTGTTAGAGCT-1,0,73,3,20168,21596
TCGGAGTCCTGGTTGC-1,0,72,4,20029,21355
ACGGGTTGTGACCTGT-1,0,73,5,19891,21596
TGACAGAAATCTTGCT-1,0,72,6,19752,21356
TAGCCATGATTGCCTA-1,0,73,7,19614,21597
CGAAGCCACAGCATGG-1,0,72,8,19475,21356
ACCCGTAGCAGAGAAT-1,0,73,9,19337,21597
AGCTTGATCAGGGTAG-1,0,72,10,19199,21356
CTATAAGTAGGGTTTG-1,0,73,11,19061,21597
TATAGTTAGGTGTACT-1,0,72,12,18922,21357
TACGCTGATAGTTGTA-1,0,73,13,18784,21598
TTCTCAATTGCTACAA-1,0,72,14,18645,21357
GTTGCCCTAACGGGTG-1,0,73,15,18507,21598
GACATTTCGCCCAGCC-1,0,72,16,18368,21357
GTAACTACGTAGACCT-1,0,73,17,18230,21598
CCAGTGTACAGACCGA-1,0,72,18,18091,21358
GCCCGATGCCCAGTTC-1,0,73,19,17953,21599
CGAACCTCTTTCCTAG-1,0,72,20,17815,21358
CATGCACATGAGAGGC-1,0,73,21,17677,21599
CCAAATCAAAGGGCAA-1,0,72,22,17538,21358
GTAGTTTAAGCACACG-1,0,73,23,17400,21599
TAAGTGAATAGTCTAC-1,0,72,24,17261,21359
GGTCCACGTCTATTTG-1,0,73,25,17123,21600
CCCTCAGATCGAGAAC-1,0,72,26,16984,21359
ACATTCGCGCGGAATA-1,0,73,27,16846,21600
CTATGAACACCTTGCC-1,0,72,28,16708,21359
CGAATGGTAGGTCGTC-1,0,73,29,16569,21600
TCGACATAGCGTAGCG-1,0,72,30,16431,21360
GACGTTGCTCGGCGGC-1,0,73,31,16293,21601
CTCGAGGCAAGTTTCA-1,0,72,32,16154,21360
GCTGGGAGCGCGTCAA-1,0,73,33,16016,21601
GACGATATCACTGGGT-1,0,72,34,15877,21360
CAGCTCTGGGCTCACT-1,0,73,35,15739,21601
TAGTCTGCGGCACATT-1,0,72,36,15600,21361
TGGTCGATATACCTCT-1,0,73,37,15462,21602
TTCAGTTCAAGAGGAG-1,0,72,38,15324,21361
GTCTGTAGGTTGAACA-1,0,73,39,15186,21602
GAGAGTCTCGGGAGAG-1,0,72,40,15047,21361
TTGTTTGTATTACACG-1,0,73,41,14909,21602
GCACAGCACGGGCCGA-1,0,72,42,14770,21362
AAACAGTGTTCCTGGG-1,0,73,43,14632,21603
TGGAGAATAATCGTCC-1,0,72,44,14493,21362
CGCCGCGTTCTGAACG-1,0,73,45,14355,21603
CATGCGTTGAGAGGAG-1,0,72,46,14216,21362
TACGCTCCTAGAACTG-1,0,73,47,14078,21603
CCTTGTGAACGTGGTT-1,0,72,48,13940,21363
TTAAAGGCGATGCTCG-1,0,73,49,13802,21604
TAAAGTGCACGTCTCG-1,0,72,50,13663,21363
TGTCCGCAAACAATTC-1,0,73,51,13525,21604
AGGCCTATCATACCAA-1,0,72,52,13386,21363
ACTGGGATGCCAGTGC-1,0,73,53,13248,21604
CGATCCACCATTGTTG-1,0,72,54,13109,21364
GGGCATGCATGTCGAG-1,0,73,55,12971,21605
TCCAGGCAGGACGATC-1,0,72,56,12833,21364
CAATGACCCTTAATTT-1,0,73,57,12694,21605
ATCAAGATCCCAGGAC-1,0,72,58,12556,21364
CTCAGAGCTAATGTCG-1,0,73,59,12418,21605
CTGCGATTTCGAGATT-1,0,72,60,12279,21365
ATGGTATTGGGAACCG-1,0,73,61,12141,21606
TAGGTTCTGCTGAGAA-1,0,72,62,12002,21365
GCCTGTCCCGGTGCAT-1,0,73,63,11864,21606
GGCCTGCTCTGATGTT-1,0,72,64,11725,21365
TAGAGGGAGTTTATCT-1,0,73,65,11587,21606
CTCTACATCCTGCGTG-1,0,72,66,11449,21366
ACACATTTCCGTAGAC-1,0,73,67,11310,21607
TGGGTGTTAAGTAGAA-1,0,72,68,11172,21366
GAGCTCAACATGAGCG-1,0,73,69,11034,21607
GCACACAGCTATTACC-1,0,72,70,10895,21366
GCGACGGTAGTCTCCT-1,0,73,71,10757,21607
GTATCAAGGTACTTCC-1,0,72,72,10618,21367
GGAAAGGGAATTGAGC-1,0,73,73,10480,21608
TACACAGCCGTGGTGC-1,0,72,74,10341,21367
CGGTTGGGCAGGGTCC-1,0,73,75,10203,21608
GCACGCCGATTCCCGC-1,0,72,76,10065,21367
CGCTTTCCGCCAAGGT-1,0,73,77,9927,21608
TGCCCGATAGTTAGAA-1,0,72,78,9788,21368
TCAGAACGGCGGTAAT-1,0,73,79,9650,21609
CCACTCAGATCCGCAA-1,0,72,80,9511,21368
GAAGGGTCATTAAGAC-1,0,73,81,9373,21609
GCGGTCTTGCTTTCAC-1,0,72,82,9234,21368
GGAAGGACACCGTATA-1,0,73,83,9096,21609
CGCGGGAATTCCTTTC-1,0,72,84,8958,21369
TCTATCCGATTGCACA-1,0,73,85,8819,21610
TACTCGTTTGAATCAA-1,0,72,86,8681,21369
GTCTGCCGACTCGACG-1,0,73,87,8543,21610
TACGGGTAATAACATA-1,0,72,88,8404,21369
CCAGTTCGGTAACTCA-1,0,73,89,8266,21610
CGTGCACACCACTGTA-1,0,72,90,8127,21370
CTTCAGTTGGACAACG-1,0,73,91,7989,21611
TGATCTATCACACTCT-1,0,72,92,7850,21370
TAGCAGATACTTAGGG-1,0,73,93,7712,21611
CACCGGGCATCACAAG-1,0,72,94,7574,21370
AGTGGCCCGCAAATGG-1,0,73,95,7435,21611
CTCGCTAGGTAAGCGA-1,0,72,96,7297,21371
GATAGATAGTACAGTC-1,0,73,97,7159,21612
CGAGACTACTGCTGCT-1,0,72,98,7020,21371
ACATTTGAAACCTAAC-1,0,73,99,6882,21612
GACACAGCCGGGACTG-1,0,72,100,6743,21371
ACGGAACACGAGTGCC-1,0,73,101,6605,21612
ACGCCAGTGCGTTTGC-1,0,72,102,6466,21372
GCACCTAGGCGAGTCC-1,0,73,103,6328,21613
TCACTATCCCTTCGGT-1,0,72,104,6190,21372
TGAGTGTAACAACGGG-1,0,73,105,6052,21613
ATTGGTTGTGCATTAC-1,0,72,106,5913,21372
CTGGCGATTTACATGT-1,0,73,107,5775,21613
TCCACCAAGACATAGG-1,0,72,108,5636,21373
AACGTCGCTGCACTTC-1,0,73,109,5498,21614
GTCTCCCGAGTCCCGT-1,0,72,110,5359,21373
AGCCCGCACTACAATG-1,0,73,111,5221,21614
GGCACGCTGCTACAGT-1,0,72,112,5082,21373
GCTTGAGTGACCTCTG-1,0,73,113,4944,21614
ATAGCCATAACAGTCA-1,0,72,114,4806,21374
TAGGAGGCTCGAGAAC-1,0,73,115,4668,21615
GTCGGGTGAAGTACCG-1,0,72,116,4529,21374
CACCCGCGTTTGACAC-1,0,73,117,4391,21615
TCTCAGGCTACTCGCT-1,0,72,118,4252,21374
TAGATTCTCTAGCAAA-1,0,73,119,4114,21615
CCCATTATTGTATCCT-1,0,72,120,3975,21375
GTTAATAGCGTCATTA-1,0,73,121,3837,21616
TACTCATTGACGCATC-1,0,72,122,3699,21375
TAGTGACAAGCTCTAC-1,0,73,123,3560,21616
ATCGCCGTGGTTCATG-1,0,72,124,3422,21375
CTGCTCTCAACACACC-1,0,73,125,3284,21616
GCATGACACAAAGGAA-1,0,72,126,3145,21376
CAACGATCGATCCAAT-1,0,73,127,3007,21617
ATACAGCGTCCACTGA-1,0,74,0,20583,21836
TCACGATTAATACGTT-1,0,75,1,20445,22077
CGTGAACTGACCCGAT-1,0,74,2,20306,21837
TCGATGTTACGGCCGT-1,0,75,3,20168,22077
GACCGGTGATACTCTC-1,0,74,4,20030,21837
TCTGTTTAGATTGTTC-1,0,75,5,19891,22078
GCTACTCGGACGCAGA-1,0,74,6,19753,21837
AAGAAAGTTTGATGGG-1,0,75,7,19615,22078
CGCCAGTAGTACCTTG-1,0,74,8,19476,21838
CTCCCTTGTATCAAGG-1,0,75,9,19338,22078
ACTTTATACACCACTT-1,0,74,10,19199,21838
AGATCTGGAGAGGATA-1,0,75,11,19061,22079
TCATCCATCTGATCAC-1,0,74,12,18922,21838
AGAACACGGCGATGGT-1,0,75,13,18784,22079
CCGCTCCGGATAAGCT-1,0,74,14,18646,21839
TGGTCGGGTACAGGGC-1,0,75,15,18508,22079
ACGGACGCAGCGACAA-1,0,74,16,18369,21839
ACATGCTTACGGCAGC-1,0,75,17,18231,22080
CAGGGAGATAGGCCAG-1,0,74,18,18092,21839
TCGCCACCCGGATTAC-1,0,75,19,17954,22080
TCTTGGTCAATGATAC-1,0,74,20,17815,21840
CATAGGGACACTTGTG-1,0,75,21,17677,22080
CACGAGCAAACCAGAC-1,0,74,22,17538,21840
GGGATATTGATCGCCA-1,0,75,23,17400,22081
TAATGTCGGTTCATGG-1,0,74,24,17262,21840
CGATTTGTCATTAATG-1,0,75,25,17124,22081
TTAAGATACCCAGAGA-1,0,74,26,16985,21841
CGACCGTTGGTATTCG-1,0,75,27,16847,22081
ACTACCATCCGAGGGC-1,0,74,28,16708,21841
TCTACGCACGATCTCC-1,0,75,29,16570,22082
AAGCCACTTGCAGGTA-1,0,74,30,16431,21841
ACGTTGTCGTTGAAAG-1,0,75,31,16293,22082
ACCGCTAGTCATTGGT-1,0,74,32,16155,21842
CATGAGTCCATCACGG-1,0,75,33,16016,22082
ATGTCTTGTTTGACTC-1,0,74,34,15878,21842
TCCCAAACATCCTCTA-1,0,75,35,15740,22083
CAACGCGATGAGCCAA-1,0,74,36,15601,21842
GACACCCAAAGACGCG-1,0,75,37,15463,22083
ACGTTCACTATGCCGC-1,0,74,38,15324,21843
ATGGACTGCTTAGTTG-1,0,75,39,15186,22083
CCATGGCAAACGCTCA-1,0,74,40,15047,21843
TTGTCTCGGCAAGATG-1,0,75,41,14909,22084
TTCGAACGAAACATGC-1,0,74,42,14771,21843
GGAAAGTCTTGATTGT-1,0,75,43,14633,22084
ATCATAGATCGACGAG-1,0,74,44,14494,21844
GATTAGAAACAAGCGT-1,0,75,45,14356,22084
GCTGCGAAGAATTATT-1,0,74,46,14217,21844
TTCCAGTGGGTTTCGT-1,0,75,47,14079,22085
GCTCATTGATCATATC-1,0,74,48,13940,21844
ATACGAGGTTTGTAAG-1,0,75,49,13802,22085
GTCTATACACGCATGG-1,0,74,50,13663,21845
GATTTGCGCTAACACC-1,0,75,51,13525,22085
TGGTGCCCTGCCTTAC-1,0,74,52,13387,21845
TCGAATCGCAGGGTAG-1,0,75,53,13249,22086
GGTAGGCCAATATCAC-1,0,74,54,13110,21845
CGTAAATAACAAAGGG-1,0,75,55,12972,22086
GACTCTAGAGTTCCAA-1,0,74,56,12833,21846
ACTTGTTACCGGATCA-1,0,75,57,12695,22086
GGCATTGAACATCTCA-1,0,74,58,12556,21846
AACCCGCTGTATTCCA-1,0,75,59,12418,22087
TAACAGGTTCCCTTAG-1,0,74,60,12280,21846
GTTCTTGTAACTCAAT-1,0,75,61,12141,22087
GATTCTGTTAATGAGT-1,0,74,62,12003,21847
GGACACCTCGGTGTTG-1,0,75,63,11865,22088
CGATCGAGAAGCACCA-1,0,74,64,11726,21847
CTGCTCTGACGGCAAA-1,0,75,65,11588,22088
CCCAGGAAGAATTCGA-1,0,74,66,11449,21847
TGTCGTGGGTATAGGC-1,0,75,67,11311,22088
ATATGTCTAGAGCGTG-1,0,74,68,11172,21848
GCGGGCAGACGGGTGA-1,0,75,69,11034,22089
CGAAGATCAGTTTCAT-1,0,74,70,10896,21848
ACGCCACTCGAAACAG-1,0,75,71,10758,22089
CTTAGATGTTTCATCC-1,0,74,72,10619,21848
GCGAATGGACTAGCGA-1,0,75,73,10481,22089
TAAATTGTGGGTAAAG-1,0,74,74,10342,21849
ATTTATACTGGTAAAG-1,0,75,75,10204,22090
GCGTCGTAACATGGTC-1,0,74,76,10065,21849
CGGTATGGGCACTCTG-1,0,75,77,9927,22090
CTATCACAACGCTGGA-1,0,74,78,9788,21849
ACCACACGGTTGATGG-1,0,75,79,9650,22090
TCAGCGCACGCCGTTT-1,0,74,80,9512,21850
AATGTTAAGACCCTGA-1,0,75,81,9374,22091
CTTACATAGATTTCTT-1,0,74,82,9235,21850
AACATAGCGTGTATCG-1,0,75,83,9097,22091
AGCAGTCGAAGCATGC-1,0,74,84,8958,21850
GTACTACGGCCTCGTT-1,0,75,85,8820,22091
TTGGCCAAATTGTATC-1,0,74,86,8681,21851
TCAGAGGACGCGTTAG-1,0,75,87,8543,22092
AGTAATCTAAGGGTGG-1,0,74,88,8405,21851
AATTATACCCAGCAAG-1,0,75,89,8266,22092
CCCTACCCACACCCAG-1,0,74,90,8128,21851
CTCTGTCCATGCACCA-1,0,75,91,7990,22092
TCGCCTCCTTCGGCTC-1,0,74,92,7851,21852
CCTGATTCGCGAAGAA-1,0,75,93,7713,22093
GACTTCAACGCATCAA-1,0,74,94,7574,21852
GCTTCCCGTAAGCTCC-1,0,75,95,7436,22093
AGAACTGTACTTTGTA-1,0,74,96,7297,21852
CCTTAAGTACGCAATT-1,0,75,97,7159,22093
GGCCAATTGTATAGAC-1,0,74,98,7021,21853
AGAATACAGGCTATCC-1,0,75,99,6882,22094
AATACCTGATGTGAAC-1,0,74,100,6744,21853
TAGAGTGTTCCGGGTA-1,0,75,101,6606,22094
GCTTCCATGTAACCGC-1,0,74,102,6467,21853
GGTTCGCATTTGCCGT-1,0,75,103,6329,22094
TCAATCCGGGAAGTTT-1,0,74,104,6190,21854
CCGGAAGTGCAATATG-1,0,75,105,6052,22095
CTCATAAATGTGTATA-1,0,74,106,5913,21854
GACGGGCATCGAATTT-1,0,75,107,5775,22095
GCTAAGCCCAGTATGC-1,0,74,108,5637,21854
GCTATAAGGGCCAGGA-1,0,75,109,5499,22095
GCGGATTACTTGTTCT-1,0,74,110,5360,21855
TACAACAGCGCATACA-1,0,75,111,5222,22096
TCTAACCTAGCCTGCG-1,0,74,112,5083,21855
TCTACCCGCATCATTT-1,0,75,113,4945,22096
GTCTTACCACGCCAAG-1,0,74,114,4806,21855
AATAACGTCGCGCCCA-1,0,75,115,4668,22096
CGTTTCGGTTATATGC-1,0,74,116,4530,21856
TACGCTGCACGGTCGT-1,0,75,117,4391,22097
CGTTAAATACGACCAG-1,0,74,118,4253,21856
TCGACTGACGATGGCT-1,0,75,119,4115,22097
ACGCTACTGAATGGGC-1,0,74,120,3976,21856
AAGGGTTAGCCATGCG-1,0,75,121,3838,22097
ACGTTTCGGTGCACTT-1,0,74,122,3699,21857
TTAACCCGAGGCGTGT-1,0,75,123,3561,22098
GCCCGTCAAGCCCAAT-1,0,74,124,3422,21857
ATTCGTCCCGAGGTTA-1,0,75,125,3284,22098
TCAAATTATGTTCGAC-1,0,74,126,3146,21857
AACGTTCTACCATTGT-1,0,75,127,3007,22098
CTGTCCTGCGCACTAC-1,0,76,0,20584,22318
GCCCAGCGACACAAAG-1,0,77,1,20446,22559
TATAGCTATTATCTCT-1,0,76,2,20307,22318
AAGCTATGGATTGACC-1,0,77,3,20169,22559
CCGAAACACGACCTCT-1,0,76,4,20030,22318
ATCAGAAGCTGGTTGC-1,0,77,5,19892,22559
TGAACCTGAATGTGAG-1,0,76,6,19753,22319
TCAGAGCATGTCAACG-1,0,77,7,19615,22560
ATACCCTCCCGGCCAA-1,0,76,8,19477,22319
GCCACCTTATTCGCGA-1,0,77,9,19338,22560
CAACGAGCTTATTATG-1,0,76,10,19200,22319
GATCCAACCTTTAAAC-1,0,77,11,19062,22560
TTGTGGAGACAGCCGG-1,0,76,12,18923,22320
AGATAATCACACCTAT-1,0,77,13,18785,22561
GGTTAGGGATGCTAAT-1,0,76,14,18646,22320
TCATGAAGCGCTGCAT-1,0,77,15,18508,22561
CCAGGCGAGATGGTCT-1,0,76,16,18369,22320
CGACTTGCCGGGAAAT-1,0,77,17,18231,22561
GTGCCAAACGTTTCGA-1,0,76,18,18093,22321
TGCTCAAAGGATGCAC-1,0,77,19,17955,22562
GCCTCAGGTACCGGTC-1,0,76,20,17816,22321
ACAAGTAATTGTAAGG-1,0,77,21,17678,22562
TTAGAGTATTGTCGAG-1,0,76,22,17539,22321
GTCATCCCAAACTCAC-1,0,77,23,17401,22562
CTCCTAGTAATCGTGA-1,0,76,24,17262,22322
CCCTCATCACAGAGTA-1,0,77,25,17124,22563
GGAAACAGAGCTTGGG-1,0,76,26,16985,22322
ACATCGCAATATTCGG-1,0,77,27,16847,22563
TTAGCCATAGGGCTCG-1,0,76,28,16709,22322
CGGATTCTGCCTTATG-1,0,77,29,16571,22563
TTGTTGGCAATGACTG-1,0,76,30,16432,22323
GGATCTACCGTTCGTC-1,0,77,31,16294,22564
GGTGGGATTAGGTCCC-1,0,76,32,16155,22323
AATAGGCACGACCCTT-1,0,77,33,16017,22564
GAGGTCCGTTCGCTGT-1,0,76,34,15878,22323
TGACAACTTAAAGGTG-1,0,77,35,15740,22564
AGCTAAGCTCCGTCCG-1,0,76,36,15602,22324
CTAGCCCGGGAGACGA-1,0,77,37,15463,22565
CCCAGATTCCCGTGAC-1,0,76,38,15325,22324
GCCCGTTCACACAATT-1,0,77,39,15187,22565
ACAAACTCCATCAGAG-1,0,76,40,15048,22324
GGTTCCGTACGACTAA-1,0,77,41,14910,22565
TTGCGGAAAGCTGCCC-1,0,76,42,14771,22325
GGAACTCGTGAATACG-1,0,77,43,14633,22566
GGTTACCGCTCCCTAC-1,0,76,44,14494,22325
AGCGACTTTGAAGACA-1,0,77,45,14356,22566
CCGTTTCCTTTCCGTG-1,0,76,46,14218,22325
TGGATGGCATCTTGGA-1,0,77,47,14080,22566
CAAGTCGTTGAAATCT-1,0,76,48,13941,22326
TGCAAACGTACTAGTT-1,0,77,49,13803,22567
GGCTGTCCTACTGCGG-1,0,76,50,13664,22326
TACTGCATGATTAAAT-1,0,77,51,13526,22567
CGGACCTCTGTAGTTA-1,0,76,52,13387,22326
CCCTAGCTCTAAGGTC-1,0,77,53,13249,22567
GTAACAGGTTAACGGC-1,0,76,54,13110,22327
CCCGCAAATAATCATC-1,0,77,55,12972,22568
AATCCCGCTCAGAGCC-1,0,76,56,12834,22327
AACGTCATCCGGCTTG-1,0,77,57,12696,22568
CTCGTGGCACTGAAAG-1,0,76,58,12557,22327
CTTTATCCGACGCATG-1,0,77,59,12419,22568
AAATGACTGATCAAAC-1,0,76,60,12280,22328
TTCGTGCATGTTATAG-1,0,77,61,12142,22569
ATCAAAGAGCCGTGGT-1,0,76,62,12003,22328
ATGTCATAATAAACGA-1,0,77,63,11865,22569
CTTAATCGACTTAGTA-1,0,76,64,11727,22328
CTAAAGGATGAGATAC-1,0,77,65,11588,22569
GTGCTATCCAGCTGGA-1,0,76,66,11450,22329
GACAGAGGTCTTCAGT-1,0,77,67,11312,22570
TCGATTTACGAAACGA-1,0,76,68,11173,22329
AGGCTTAAGTTGCACA-1,0,77,69,11035,22570
TAGGATCTTAACCGCA-1,0,76,70,10896,22329
GACTTTCGAGCGGTTC-1,0,77,71,10758,22570
CCCTGGGAGGGATCCT-1,0,76,72,10619,22330
TAGTAGTTGCCGGACA-1,0,77,73,10481,22571
GCCCTAAGTGCAGGAT-1,0,76,74,10343,22330
ACTTGGGCTTTCGCCA-1,0,77,75,10205,22571
CATGATACGGTGAAAC-1,0,76,76,10066,22330
TCCTGCAGCCGCCAAT-1,0,77,77,9928,22571
GTCCGTTAGAGGGCCT-1,0,76,78,9789,22331
GCTTTATTAAGTTACC-1,0,77,79,9651,22572
AATCGAGGTCTCAAGG-1,0,76,80,9512,22331
GTGCTGTTAGAACATA-1,0,77,81,9374,22572
GGCTTCTCGTGGGTGG-1,0,76,82,9235,22331
CCTACAGTTGAGGGAG-1,0,77,83,9097,22572
TATCCCTCGATCTGCA-1,0,76,84,8959,22332
CCGGTATCTGGCGACT-1,0,77,85,8821,22573
CTCTAACACCGGCAGC-1,0,76,86,8682,22332
CTTCATCACCAGGGCT-1,0,77,87,8544,22573
GGCTGGCAATCCCACG-1,0,76,88,8405,22332
CAAACCATAAGCGTAT-1,0,77,89,8267,22573
CATGTGGGCTCATCAC-1,0,76,90,8128,22333
CCCGTGACAGTGCCTT-1,0,77,91,7990,22574
GATTATCTTGCATTAT-1,0,76,92,7852,22333
GAGTCCACCAGGTTTA-1,0,77,93,7713,22574
TGTACTATCGCTCGTT-1,0,76,94,7575,22333
TTAGCGAATAGATAGG-1,0,77,95,7437,22574
ACATACAATCAAGCGG-1,0,76,96,7298,22334
ATTCGTGTACCCATTC-1,0,77,97,7160,22575
GCTAGCAACGCACCTA-1,0,76,98,7021,22334
ACCTCAGCGAGGCGCA-1,0,77,99,6883,22575
TCCGGGCCACTAACGG-1,0,76,100,6744,22334
TCCCAATATCGACGAC-1,0,77,101,6606,22575
GGATTGAAGTAGCCTC-1,0,76,102,6468,22335
GGCGCACAGTTTACCT-1,0,77,103,6329,22576
CCCGGCACGTGTCAGG-1,0,76,104,6191,22335
AGTAAGGGACAGAATC-1,0,77,105,6053,22576
TTGCGCACAACCACGT-1,0,76,106,5914,22335
CCTGCTACAACCATAC-1,0,77,107,5776,22576
CTGGGCTACTGGAGAG-1,0,76,108,5637,22336
AGCTACGAATGGTGGT-1,0,77,109,5499,22577
ATTCGTTTATCGTATT-1,0,76,110,5360,22336
GGCATTCCCTCCCTCG-1,0,77,111,5222,22577
AGTTATTCAGACTGTG-1,0,76,112,5084,22336
CCACTTTCCTTCTAGG-1,0,77,113,4946,22577
CGCAGTTCTATCTTTC-1,0,76,114,4807,22337
AGGAGCGTTTATTATC-1,0,77,115,4669,22578
GACAGGTAATCCGTGT-1,0,76,116,4530,22337
TTCCCAAAGTACTGAT-1,0,77,117,4392,22578
CTGCAGGGTGACGCTC-1,0,76,118,4253,22337
TCATGGAGGCCTTTGT-1,0,77,119,4115,22578
ATGGCCCGAAAGGTTA-1,0,76,120,3977,22338
CGTAATATGGCCCTTG-1,0,77,121,3838,22579
AGAGTCTTAATGAAAG-1,0,76,122,3700,22338
GAACGTTTGTATCCAC-1,0,77,123,3562,22579
ATTGAATTCCCTGTAG-1,0,76,124,3423,22338
TACCTCACCAATTGTA-1,0,77,125,3285,22579
AGTCGAATTAGCGTAA-1,0,76,126,3146,22339
TTGAAGTGCATCTACA-1,0,77,127,3008,22580
