barcode,in_tissue,array_row,array_col,pxl_row_in_fullres,pxl_col_in_fullres
ACGCCTGACACGCGCT-1,0,0,0,23199,3134
TACCGATCCAACACTT-1,0,1,1,23060,3375
ATTAAAGCGGACGAGC-1,0,0,2,22922,3133
GATAAGGGACGATTAG-1,0,1,3,22783,3374
GTGCAAATCACCAATA-1,0,0,4,22645,3133
TGTTGGCTGGCGGAAG-1,0,1,5,22505,3374
GCATCCTCTCCTATTA-1,0,0,6,22367,3132
GCGAGGGACTGCTAGA-1,0,1,7,22228,3373
TGGTACCGGCACAGCC-1,0,0,8,22090,3131
GCGCGTTTAAATCGTA-1,0,1,9,21951,3372
TGCCTTGCCCTTACGG-1,0,0,10,21813,3130
GACGACTTTCCAAGAA-1,0,1,11,21673,3371
CCAGTGAGCTCCTTGT-1,0,0,12,21535,3130
ATACCCTGGCTCAAAT-1,0,1,13,21396,3370
GGGTTTCCGGCTTCCA-1,0,0,14,21258,3129
TAACCGTCCAGTTCAT-1,0,1,15,21119,3370
AAACAACGAATAGTTC-1,0,0,16,20980,3128
CAAGGGAGTGTATTTG-1,0,1,17,20841,3369
CCAAGCTTGATCTCCT-1,0,0,18,20703,3127
TTATTTCATCCCAAAC-1,0,1,19,20564,3368
GAGCGCTATGTCAGGC-1,0,0,20,20426,3126
TATGGCAGACTTTCGA-1,0,1,21,20286,3367
CTTCGTGCCCGCATCG-1,0,0,22,20148,3126
AAACGGGTTGGTATCC-1,0,1,23,20009,3367
TGCAAACCCACATCAA-1,0,0,24,19871,3125
GACGGGATGTCTTATG-1,0,1,25,19732,3366
GGCGAGCATCGAGGAC-1,0,0,26,19594,3124
CGCGTGCTATCAACGA-1,0,1,27,19454,3365
TGAAACCTCAACTCAC-1,0,0,28,19316,3123
CACATAAGGCGACCGT-1,0,1,29,19177,3364
TGACCCAACTCACATT-1,0,0,30,19039,3122
ATACGCCGATCTACCG-1,0,1,31,18900,3363
ACTTATCTGATCTATA-1,0,0,32,18762,3122
GTGTGAGCCGAGGTGC-1,0,1,33,18622,3363
GATGATTTGAAACTGG-1,0,0,34,18484,3121
GGGAACCACCTGTTTC-1,0,1,35,18345,3362
GTTCGTTGCGGACCAG-1,0,0,36,18207,3120
TGAGGTTGATCCCAAG-1,0,1,37,18067,3361
GATGCCACACTACAGC-1,0,0,38,17929,3119
AGGCAAAGAGGAATCA-1,0,1,39,17790,3360
AAGTAAGCTTCCAAAC-1,0,0,40,17652,3119
AACGTAGTCTACCCAT-1,0,1,41,17513,3359
GTTTGAGCGGTTATGT-1,0,0,42,17375,3118
GAAGCAAGGCAATGTT-1,0,1,43,17235,3359
TCACTCAGCGCATTAG-1,0,0,44,17097,3117
TACAATGAAACCAGCA-1,0,1,45,16958,3358
GTGCGCTTACAAATGA-1,0,0,46,16820,3116
GCACTCCCACAGTCCC-1,0,1,47,16681,3357
CGAAGACTGCCCGGGA-1,0,0,48,16543,3115
CAGGATCCGCCCGACC-1,0,1,49,16403,3356
CACGATTGGTCGTTAA-1,0,0,50,16265,3115
GGTTGTATCGTGAAAT-1,0,1,51,16126,3356
TCTTATGGGTAGTACC-1,0,0,52,15988,3114
TACAAGCTGTTCACTG-1,0,1,53,15848,3355
GTATCTTGTTGCTCAC-1,0,0,54,15710,3113
ATACCAGGTGAGCGAT-1,0,1,55,15571,3354
CCTAAACAGGGTCCGT-1,0,0,56,15433,3112
ATGGTGCTCAAAGCCA-1,0,1,57,15294,3353
CAAATGCGGAGTGTTC-1,0,0,58,15156,3112
CGTGCCCGACATTTGT-1,0,1,59,15016,3352
GTATCTCCCTAACTGT-1,0,0,60,14878,3111
ATTTGCCTAGTTACGA-1,0,1,61,14739,3352
ACGTCCTAAACGAGAT-1,0,0,62,14601,3110
CTGGGATCGCCCAGAT-1,0,1,63,14462,3351
CTGCAAATGGGCTCCA-1,0,0,64,14324,3109
CATTATAACAGGGTCC-1,0,1,65,14184,3350
ACCTTTCCTTTAGAAG-1,0,0,66,14046,3108
ATAGATTTGCAGTCGG-1,0,1,67,13907,3349
CTCGGGCATCGTCGGG-1,0,0,68,13769,3108
GTGGCGGGCCGTAGCT-1,0,1,69,13629,3349
CAACAGTGCCAAACGG-1,0,0,70,13491,3107
TGCGGGTATTGGGATC-1,0,1,71,13352,3348
GTCTCGCCAACACGCC-1,0,0,72,13214,3106
CTGGGCGGCCAAATGT-1,0,1,73,13075,3347
TAAAGGAGAAACTAGT-1,0,0,74,12937,3105
TCCCACGGAGGGAGCT-1,0,1,75,12797,3346
AGCTTCAATACTTTGA-1,0,0,76,12659,3105
TTCCACATTTCTCGTC-1,0,1,77,12520,3345
ACAAACCGACAAGGCG-1,0,0,78,12382,3104
AGACGGGATTGGTATA-1,0,1,79,12243,3345
AACCTAAAGCCGTCCG-1,0,0,80,12105,3103
TACAAATTGCGGAGGT-1,0,1,81,11965,3344
CCCGCTAGAGGGTTAA-1,0,0,82,11827,3102
CATTGCAAAGCATAAT-1,0,1,83,11688,3343
TGTACGCTATCAGCTT-1,0,0,84,11550,3101
TTCTTCGCAATAGAGC-1,0,1,85,11410,3342
TGTGATTCCAGCGCTT-1,0,0,86,11272,3101
ATTCAGGATCGCCTCT-1,0,1,87,11133,3342
GCCCATGGGTGCAATG-1,0,0,88,10995,3100
TTCCCGACGCTTCACT-1,0,1,89,10856,3341
AGCGGTTGAGATGTAC-1,0,0,90,10718,3099
GCTGTCTGTGATCGAC-1,0,1,91,10578,3340
AAAGACATGAAGTTTA-1,0,0,92,10440,3098
CAACAGAATAACGCTA-1,0,1,93,10301,3339
TGCGGTCTACGAGTAA-1,0,0,94,10163,3097
AAGACTCACGCCCACT-1,0,1,95,10024,3338
CTTTGAAACATATTCC-1,0,0,96,9886,3097
CTGGGCACTAGTCGGA-1,0,1,97,9746,3338
CGCCCTTACATCCACC-1,0,0,98,9608,3096
CACGACCACAGACTTT-1,0,1,99,9469,3337
CAATCCATTATCCGTT-1,0,0,100,9331,3095
GTGGCGTGCACCAGAG-1,0,1,101,9191,3336
CGGAGTCCTAACCTGG-1,0,0,102,9053,3094
GGTCCCATAACATAGA-1,0,1,103,8914,3335
ATCTCATAAACCTACC-1,0,0,104,8776,3094
TGCATGGCAGTCTTGC-1,0,1,105,8637,3334
TTGCAGGTCATGAAGT-1,0,0,106,8499,3093
AGCTGCATTTGAGGTG-1,0,1,107,8359,3334
TAATCAGGAATGCTGC-1,0,0,108,8221,3092
CCATCATAAGAACAGG-1,0,1,109,8082,3333
TCGTATCACCAAGCTA-1,0,0,110,7944,3091
ATTCAGATGAATCCCT-1,0,1,111,7805,3332
AAAGGTCAACGACATG-1,0,0,112,7667,3090
AGCTGCTGTGCCGAAT-1,0,1,113,7527,3331
CTAGCGCCAATCCTAC-1,0,0,114,7389,3090
GCTCGACCGAACTGAA-1,0,1,115,7250,3331
ACAGTGCAGCGCATTT-1,0,0,116,7112,3089
CGGCTGAAGGTTACGC-1,0,1,117,6972,3330
CACCTCTACGAGTGTG-1,0,0,118,6834,3088
ATACGACAGATGGGTA-1,0,1,119,6695,3329
ACTTCCTGTCGTGCGA-1,0,0,120,6557,3087
CGTAACGGAACGATCA-1,0,1,121,6418,3328
AAATCACTCCTAAACG-1,0,0,122,6280,3087
CTCCGAGTAAATCCGC-1,0,1,123,6140,3327
ACGCTAGTATCAGTGC-1,0,0,124,6002,3086
AGAGTGAACAGACACC-1,0,1,125,5863,3327
ACACCCGTAAATCTGT-1,0,0,126,5725,3085
GCTTTGCTGCCGGGTA-1,0,1,127,5586,3326
ACAGGAGGCGCAGCCG-1,0,2,0,23198,3617
AGGCAATACGGAGGAC-1,0,3,1,23059,3858
TGGTGTGACAGACGAT-1,0,2,2,22921,3616
ATCTATCGATGATCAA-1,0,3,3,22781,3857
CGGTAACAAGATACAT-1,0,2,4,22643,3615
TCGCCGGAGAGTCTTA-1,0,3,5,22504,3856
GGAGGAGTGTGTTTAT-1,0,2,6,22366,3614
TTAGGTGTGACTGGTC-1,0,3,7,22227,3855
CAGGGCTAACGAAACC-1,0,2,8,22089,3614
CCCGTGGGTTAATTGA-1,0,3,9,21949,3855
GACCGACCGCTAATAT-1,0,2,10,21811,3613
GGTATCAAGCATAGAA-1,0,3,11,21672,3854
TGCATGAGTAGATTCG-1,0,2,12,21534,3612
AATTCCAACTTGGTGA-1,0,3,13,21395,3853
TGCCGATGTCATCAAT-1,0,2,14,21257,3611
GCTGGGTCCGCTGTTA-1,0,3,15,21117,3852
TGAACACCCGAAGCAG-1,0,2,16,20979,3611
AACATTGGTCAGCCGT-1,0,3,17,20840,3852
GTGGGTCTTCTTTGCG-1,0,2,18,20702,3610
CATCGAATGGATCTCT-1,0,3,19,20562,3851
GCTACACTGTCCGAAC-1,0,2,20,20424,3609
CGGGTTGTAGCTTTGG-1,0,3,21,20285,3850
CCTAAGTGTCTAACCG-1,0,2,22,20147,3608
TCTGTGACTGACCGTT-1,0,3,23,20008,3849
TTATCATACTCGCAAA-1,0,2,24,19870,3607
AGCGTAGCGCTAGACC-1,0,3,25,19730,3848
TCCCTCCGAAATCGTT-1,0,2,26,19592,3607
AGGTCGCCACTTCGGT-1,0,3,27,19453,3848
CTAGCAACTAATTTAC-1,0,2,28,19315,3606
TTGCTAGCTACCAATC-1,0,3,29,19176,3847
GCCGGTTTGGGCGGAT-1,0,2,30,19038,3605
TGTAACTTGTCAACCT-1,0,3,31,18898,3846
CGAGATGTTGCCTATA-1,0,2,32,18760,3604
GTTACGAAATCCACGC-1,0,3,33,18621,3845
CTTGTCGTACGTGTCA-1,0,2,34,18483,3604
GCGTCCAGCTCGTGGC-1,0,3,35,18343,3844
CCCTTCTCGTACGCGA-1,0,2,36,18205,3603
CCAAAGTCCCGCTAAC-1,0,3,37,18066,3844
CCGCTTCGCGGTTAAC-1,0,2,38,17928,3602
GTTACGGCCCGACTGC-1,0,3,39,17789,3843
CCCGCTTGCCCTCGTC-1,0,2,40,17651,3601
TAGTGAGAAGTGGTTG-1,0,3,41,17511,3842
CGCTACCGCCCTATGA-1,0,2,42,17373,3600
AAACAATCTACTAGCA-1,0,3,43,17234,3841
GCGCGATGGGTCAAGT-1,0,2,44,17096,3600
ATAAACCATTGGACGG-1,0,3,45,16957,3841
TCGGGCACTTCTGGAT-1,0,2,46,16819,3599
TCTGTGGCTACATTTC-1,0,3,47,16679,3840
CTCTGTGCCTGCTATG-1,0,2,48,16541,3598
CACGACTAAAGTTCTG-1,0,3,49,16402,3839
GAGGAGTAATTCCTAC-1,0,2,50,16264,3597
AGAGGTATCTCGGTCC-1,0,3,51,16124,3838
GGCGTACCCTATATAA-1,0,2,52,15986,3597
GCCGGAAACACATCTT-1,0,3,53,15847,3837
AAATGTGGGTGCTCCT-1,0,2,54,15709,3596
ACCAGGAGTGTGATCT-1,0,3,55,15570,3837
TGTGGAGGAAGCTTAA-1,0,2,56,15432,3595
AAGGAGAACTTATAAG-1,0,3,57,15292,3836
CCCTCGGGAGCCTTGT-1,0,2,58,15154,3594
ACTGTTTAGTGTAGGC-1,0,3,59,15015,3835
CGTCAGTTTATCGTCT-1,0,2,60,14877,3593
GCGTGTATGTCGTATT-1,0,3,61,14738,3834
ACAATCGATCTTTATA-1,0,2,62,14600,3593
CAGCCCTCACAGGCAG-1,0,3,63,14460,3834
CGCGTCATATTAAACC-1,0,2,64,14322,3592
GAAGACTTCAATGCCG-1,0,3,65,14183,3833
TTGCGGCGACTCATGC-1,0,2,66,14045,3591
ACCAAACTAGAAATCC-1,0,3,67,13905,3832
TTACTGTTTCTCTACG-1,0,2,68,13767,3590
GACCAGGTCATTCATA-1,0,3,69,13628,3831
TTCTTCCCTTTGATAT-1,0,2,70,13490,3589
ACGCCCAGCTGTCGAT-1,0,3,71,13351,3830
AGTAGCGTGAACGAAC-1,0,2,72,13213,3589
CCTCGACCCACTGCCT-1,0,3,73,13073,3830
AGTTATTGAAAGGTAA-1,0,2,74,12935,3588
TCAGTTACGGAATGAT-1,0,3,75,12796,3829
GAATCTATACTCGGAC-1,0,2,76,12658,3587
TCGGCTAACTTCCCTT-1,0,3,77,12519,3828
ACGTGGTCGAATGTGC-1,0,2,78,12381,3586
ATATCGTGCCAGACCC-1,0,3,79,12241,3827
GTAGCTAGTAAGCGCG-1,0,2,80,12103,3586
ACGCTTAGTGTCTCTC-1,0,3,81,11964,3826
TCCGGCCTGCATCGAT-1,0,2,82,11826,3585
TAGTGGAACTCATACA-1,0,3,83,11686,3826
ATCATCTGCCCAGTGT-1,0,2,84,11548,3584
GTTATTAAATACGACC-1,0,3,85,11409,3825
GCGCTAAGTATGCATG-1,0,2,86,11271,3583
CCTGACGCAACCTTTA-1,0,3,87,11132,3824
CCCAAGAATGCACGGT-1,0,2,88,10994,3582
AACTGGGTTCGAGCCG-1,0,3,89,10854,3823
GGTTCCACCCGCTTCT-1,0,2,90,10716,3582
CATGCACGTGTTACTG-1,0,3,91,10577,3823
AGCGTTCCGATTTAAA-1,0,2,92,10439,3581
CCTACGCGACCTTACA-1,0,3,93,10300,3822
CGAATTACATGGTGTT-1,0,2,94,10162,3580
GAGGTCTTAGTGGGTC-1,0,3,95,10022,3821
GCCGCTAGATACGCAG-1,0,2,96,9884,3579
GTCACCTGTCTATGTC-1,0,3,97,9745,3820
CCGATTGGTCAATGAA-1,0,2,98,9607,3579
CCTGTGCGGATTGTAA-1,0,3,99,9467,3819
TTACGTAGCGCGTGCT-1,0,2,100,9329,3578
GGAGGCGAAGAACCGC-1,0,3,101,9190,3819
GGGTCACGTGCTTATG-1,0,2,102,9052,3577
GCTCCGGACGTTGATA-1,0,3,103,8913,3818
ATGTTTGTAAGATCAT-1,0,2,104,8775,3576
TGACCCAGCATTCCCG-1,0,3,105,8635,3817
TGGTCGTTTGATAGAT-1,0,2,106,8497,3575
TGTAATGCCTTCGGAC-1,0,3,107,8358,3816
TGCTCACACAACAACC-1,0,2,108,8220,3575
TACGATCCAAGCCACT-1,0,3,109,8081,3816
TTGTAACTTCATAGCG-1,0,2,110,7943,3574
AGATTCAAGCGGGTCG-1,0,3,111,7803,3815
CTCAGCAGACTGCCGA-1,0,2,112,7665,3573
GTAACATCAGCTCATC-1,0,3,113,7526,3814
ATGGAACAGAATAAAC-1,0,2,114,7388,3572
GGGCCTATACAACCGG-1,0,3,115,7248,3813
TCAAACAATTAGGACA-1,0,2,116,7110,3572
AAACCACTACACAGAT-1,0,3,117,6971,3812
AAACGACAGTCTTGCC-1,0,2,118,6833,3571
TTGAGGGTCGAACGCG-1,0,3,119,6694,3812
TGTTGATCACTGTTTA-1,0,2,120,6556,3570
AGGGTGTGCTACACGC-1,0,3,121,6416,3811
GTAGTTAGACAATATA-1,0,2,122,6278,3569
AATGGCCGCCAATGCG-1,0,3,123,6139,3810
TCGGCGGTATTAGATT-1,0,2,124,6001,3568
GGGTCACTGAGTAGTG-1,0,3,125,5862,3809
GAATTATGCAACCTAC-1,0,2,126,5724,3568
GATCTTAGTGAACGTG-1,0,3,127,5584,3809
CTAATGCGCCCAACAA-1,0,4,0,23197,4099
GCCACCCATTCCACTT-1,0,5,1,23057,4340
TACTCACAACGTAGTA-1,0,4,2,22919,4099
GTTCGGTGTGGATTTA-1,0,5,3,22780,4340
TCTTTCGGCGGGACAC-1,0,4,4,22642,4098
GGAGACATTCACGGGC-1,0,5,5,22503,4339
GGGATTATCTCACAAC-1,0,4,6,22365,4097
TAGAACGCCAGTAACG-1,0,5,7,22225,4338
ACGAGTCGCCGGCGTT-1,0,4,8,22087,4096
TGATGGGACTAAGTCA-1,0,5,9,21948,4337
TGCGAGAAACGTTACG-1,0,4,10,21810,4096
TCGCCTCGACCTGTTG-1,0,5,11,21671,4336
AACTCGATAAACACGT-1,0,4,12,21533,4095
AGGAAAGCCTCTGATG-1,0,5,13,21393,4336
GAAGGACTAAATTGAA-1,0,4,14,21255,4094
GTATCGGGACGAGCTG-1,0,5,15,21116,4335
CCTGTGCATAGGAGAC-1,0,4,16,20978,4093
CATACGGGTGCATGAT-1,0,5,17,20838,4334
CCACTAAACTGAATCG-1,0,4,18,20700,4092
AAATTGCGGCGGTTCT-1,0,5,19,20561,4333
AGTCCAGCGGGTACGT-1,0,4,20,20423,4092
CATTCAGGTCAGTGCG-1,0,5,21,20284,4333
CTAAAGTCCGAAGCTA-1,0,4,22,20146,4091
AATCAGACTGCAGGAC-1,1,5,23,20006,4332
AGTATCCATAATAACG-1,0,4,24,19868,4090
CTGGCTGCTAACGTAA-1,0,5,25,19729,4331
GTTCCAAGACAGCGAC-1,0,4,26,19591,4089
AAGACTAACCCGTTGT-1,0,5,27,19452,4330
GATTAATCCTGGCTCA-1,0,4,28,19314,4089
CGCGCAAGGAACTACA-1,0,5,29,19174,4329
CAGTAGCGAGGTAGTA-1,0,4,30,19036,4088
ACGGCGGGTTGCCCTG-1,1,5,31,18897,4329
CTAGGCGGCAGAGAAT-1,0,4,32,18759,4087
GTGCGCAGCTTGCTCC-1,0,5,33,18619,4328
TCACTATCGTGCAATC-1,0,4,34,18481,4086
TATGATTCTGCTTGGT-1,1,5,35,18342,4327
TAAGATTTAGCGGGAG-1,0,4,36,18204,4085
TTACGGTGTCACCGAG-1,1,5,37,18065,4326
CTACACTAGCTTGTTC-1,0,4,38,17927,4085
TGAGCAGTCGTGAAGT-1,1,5,39,17787,4326
CGCTGAGGACGTCCAA-1,0,4,40,17649,4084
GTGTATGACTTTAAAG-1,1,5,41,17510,4325
CTAAACGGGTGTAATC-1,0,4,42,17372,4083
TGTACTGTGCCAAAGT-1,1,5,43,17233,4324
GGCCACAAGCGATGGC-1,0,4,44,17095,4082
GTCAATTGTACTGAAG-1,1,5,45,16955,4323
AGGGACAGCACGGCGG-1,0,4,46,16817,4081
AGCTTATAGAGACCTG-1,1,5,47,16678,4322
AACTAGCGTATCGCAC-1,0,4,48,16540,4081
AACTTTAGCTGCTGAG-1,1,5,49,16400,4322
CCCAAGACAGAGTATG-1,0,4,50,16262,4080
GGCATCAACGAGCACG-1,1,5,51,16123,4321
ATGCATTCCGTGATGG-1,0,4,52,15985,4079
TTATAGATGCACATTA-1,1,5,53,15846,4320
GAACCATCTGGGAGAC-1,0,4,54,15708,4078
TGCTATACAAACGGAC-1,1,5,55,15568,4319
ACTTGCCATATTGTAC-1,0,4,56,15430,4078
TATTCCGGCAGTCCTA-1,1,5,57,15291,4319
GACGGACCGCGTTCCT-1,0,4,58,15153,4077
ATGTGTAGTTTAGTCA-1,1,5,59,15014,4318
ATACCAGCAAATTGCT-1,0,4,60,14876,4076
AAGTTTACTAATGGCA-1,1,5,61,14736,4317
CTCTCGATGTGCGCCT-1,0,4,62,14598,4075
GATTGACACTCTGCTC-1,1,5,63,14459,4316
TATCACAGCACGGGCA-1,0,4,64,14321,4074
ACCGTTCCCGCTCTGA-1,1,5,65,14181,4315
CCGCCACCACAATCCA-1,0,4,66,14043,4074
CATTCACTGACAGCTA-1,1,5,67,13904,4315
CGGCTGCAAGATTAAG-1,0,4,68,13766,4073
CATGAACCTCTTATCA-1,1,5,69,13627,4314
TTAATGCGAGGTAACT-1,0,4,70,13489,4072
AATAAGTCCTCGAGAC-1,1,5,71,13349,4313
ACCAGCCCGGTCTTTG-1,1,4,72,13211,4071
CTACGAACTAGGTCGA-1,1,5,73,13072,4312
ACATCTCAACGCGTAA-1,0,4,74,12934,4071
CACTACTCAGTTCTGT-1,1,5,75,12795,4311
CCGACTCGCATAGTCT-1,1,4,76,12657,4070
CATTTATCGTTCAAGA-1,1,5,77,12517,4311
CAAACGTGGTCTTGCG-1,0,4,78,12379,4069
TAGAAACCACTAAGTA-1,1,5,79,12240,4310
ACTGATTTAGTGATTC-1,0,4,80,12102,4068
TCGTATTTCGTCCGGA-1,1,5,81,11962,4309
CGGAAATTTCACATCC-1,0,4,82,11824,4067
ATCCACGCTAAATGTT-1,1,5,83,11685,4308
GTTCAATCTATGTCAA-1,0,4,84,11547,4067
ATAAAGGTCAAGTACG-1,1,5,85,11408,4308
CAACTCCAACGTTTAG-1,0,4,86,11270,4066
TAGGAACAGCCTCCAG-1,1,5,87,11130,4307
ATGGGAACGGAAGCGG-1,0,4,88,10992,4065
CACACGTTTCAATGGG-1,0,5,89,10853,4306
GGTGTTCTGTTTCTAC-1,0,4,90,10715,4064
AGTAACGTTCATCCTG-1,1,5,91,10576,4305
GTATAGTGGCCCATGT-1,0,4,92,10438,4064
TCTACACGTTCATGCA-1,1,5,93,10298,4304
AATCTGGGTAGACCCT-1,0,4,94,10160,4063
TCGGTTAGCCATGTAG-1,1,5,95,10021,4304
TGCCATGGCTTATAAG-1,0,4,96,9883,4062
TAAGTAAATGTGCCGC-1,1,5,97,9743,4303
GTGTCCGATAAGGCAT-1,0,4,98,9605,4061
TGGCACGAGCTCGAGT-1,1,5,99,9466,4302
ACCGGTCTGAGTACGG-1,0,4,100,9328,4060
GAACTTAGCGCCCGGT-1,1,5,101,9189,4301
AGTAGCTAGACGCCGA-1,0,4,102,9051,4060
ATAGGAATCTAAGCTT-1,1,5,103,8911,4301
CTTCCTGCATATTTAC-1,0,4,104,8773,4059
CAATATGTAGATTTAC-1,0,5,105,8634,4300
ACAAGGCCTACCAGCC-1,0,4,106,8496,4058
TTATAGTCCAAGGTGC-1,1,5,107,8357,4299
AAACGCCCGAGATCGG-1,0,4,108,8219,4057
CCTCGTTACGCCTGTT-1,1,5,109,8079,4298
GAACGGTGTAAAGCAG-1,0,4,110,7941,4056
ACGCATAAATGACATG-1,1,5,111,7802,4297
GGTTCGATGCTGAGTT-1,0,4,112,7664,4056
CTTTGGCAGACAGAGT-1,1,5,113,7524,4297
TTCGTGGGCTGGAAGC-1,0,4,114,7386,4055
CAAAGGTTAAATTCAG-1,1,5,115,7247,4296
GTTTGGCGTCAGGCAC-1,0,4,116,7109,4054
GCTTTCTATCTCAACT-1,1,5,117,6970,4295
TGCATCTCCGGATCTT-1,0,4,118,6832,4053
CTGAAACGGCCCTCAG-1,1,5,119,6692,4294
TAGCAGTAAATACGCG-1,0,4,120,6554,4053
CGGGCTACTTAAATTG-1,0,5,121,6415,4294
ATTATGCTCAGTATTG-1,0,4,122,6277,4052
TGATGCTCACGTAGTC-1,0,5,123,6138,4293
GTCTAAGATGCCCAGC-1,0,4,124,6000,4051
AACCCGATAGGGCTTC-1,0,5,125,5860,4292
CGCTATCGTGGCTTTA-1,0,4,126,5722,4050
CGTCTCTCGCCGAGGC-1,0,5,127,5583,4291
AGTGGGAGTATACACG-1,1,6,0,23195,4582
GGTCTTGGTGTTAACT-1,1,7,1,23056,4823
GGCTGGCAGCTTTATG-1,1,6,2,22918,4581
CGCCAATTATTGCGTT-1,1,7,3,22779,4822
GGTAACCGGCAAAGGT-1,1,6,4,22641,4581
TGGGACCATTGGGAGT-1,1,7,5,22501,4821
CTGCAGGTGCTCGGCC-1,1,6,6,22363,4580
CCGGTGCGAGTGATAG-1,1,7,7,22224,4821
GGGTACACTCTGGAGG-1,1,6,8,22086,4579
TAGCCAGAGGGTCCGG-1,1,7,9,21947,4820
CTTGTGAGGACAGCGG-1,1,6,10,21809,4578
GAAGGGCATAACCATG-1,1,7,11,21669,4819
CAACATGGCCTGATAA-1,1,6,12,21531,4577
CAATTTGACCGGGAAG-1,1,7,13,21392,4818
TCTGACTGTAATGGTT-1,1,6,14,21254,4577
TTCATAGCCTTGTAAC-1,1,7,15,21114,4818
TGGAAACGGAGTGAAC-1,1,6,16,20976,4576
ATCGCACGATTGTTCA-1,1,7,17,20837,4817
CGCCACCCGCATTAAC-1,1,6,18,20699,4575
TGGACCACGGCGTTGA-1,1,7,19,20560,4816
GTATATGTTACGGCGG-1,1,6,20,20422,4574
GTATTCTTACCGTGCT-1,1,7,21,20282,4815
TTCAGAGTAACCTGAC-1,1,6,22,20144,4573
GCGGTAACCCAAATGA-1,1,7,23,20005,4814
CTACGTGTTGCCACCA-1,1,6,24,19867,4573
CTAGATAAACTCCTCG-1,1,7,25,19728,4814
TCCATTAGTTGGATAG-1,1,6,26,19590,4572
CTGGCTCCTGCGGGAT-1,1,7,27,19450,4813
CAGTCTCTCGGCTAAT-1,1,6,28,19312,4571
GTATGACGTGGGAAAC-1,1,7,29,19173,4812
AGTCACTCCGCCTCAT-1,1,6,30,19035,4570
GCAGCGGTGGGCATTA-1,1,7,31,18895,4811
TATGGAGTTTCTCGTT-1,1,6,32,18757,4570
ACTCAACGAATGTATT-1,1,7,33,18618,4811
AACACGCGGCCGCGAA-1,1,6,34,18480,4569
CGATATTAGCCGCAGG-1,1,7,35,18341,4810
AGCGTCTGAACCCGCA-1,1,6,36,18203,4568
GATGTCCGGATCACAT-1,1,7,37,18063,4809
GGTCACGTTAGATTCA-1,1,6,38,17925,4567
TTAAGGATACGGAGGT-1,1,7,39,17786,4808
GTGCGGGACCATCGGC-1,1,6,40,17648,4566
CCATCTTGTTCACAAT-1,1,7,41,17509,4807
TCCGAGAAGGCTAAGC-1,1,6,42,17371,4566
TGGCGGTGTGCGATTG-1,1,7,43,17231,4807
ATCCTGCTGCAGATAG-1,1,6,44,17093,4565
TTATGCGTCCCGGTCC-1,1,7,45,16954,4806
CATAATGAGCGGGCGA-1,1,6,46,16816,4564
AGACATAGATCCTTCC-1,1,7,47,16676,4805
GGTGAAACCGGGAATG-1,1,6,48,16538,4563
AACTGGTGTGGGCCTT-1,1,7,49,16399,4804
GTAGCGCTGTTGTAGT-1,1,6,50,16261,4563
TTGTTTGTGTAAATTC-1,1,7,51,16122,4803
GGATCAAAGGACGAGG-1,1,6,52,15984,4562
CGTAGCGCCGACGTTG-1,1,7,53,15844,4803
CAAGTGAACTTTGGTT-1,1,6,54,15706,4561
GTAGACAACCGATGAA-1,1,7,55,15567,4802
CAATGGTCGGCCTGGG-1,1,6,56,15429,4560
ACAGATTAGGTTAGTG-1,1,7,57,15290,4801
GTTATCACCTTCTGAA-1,1,6,58,15152,4559
TGGTATCGGTCTGTAT-1,1,7,59,15012,4800
GGAATAACCTCAAGAA-1,1,6,60,14874,4559
ATTATCTCGACAGATC-1,1,7,61,14735,4800
CCGAGGGATGTTAGGC-1,1,6,62,14597,4558
TGAGATCAAATACTCA-1,1,7,63,14457,4799
AAACGAAGAACATACC-1,1,6,64,14319,4557
CTGGTCCTAACTTGGC-1,1,7,65,14180,4798
TGCACGAGTCGGCAGC-1,1,6,66,14042,4556
ATAGTCTTTGACGTGC-1,1,7,67,13903,4797
TGGAGCTAAAGTTCCC-1,1,6,68,13765,4556
GGGTGGTCCAGCCTGT-1,1,7,69,13625,4796
CATGCATGGAGACCCT-1,1,6,70,13487,4555
ACACGGCACTATGCAT-1,1,7,71,13348,4796
CCCTGGTATGGGCGGC-1,1,6,72,13210,4554
GGAGGATTGAAAGGAG-1,1,7,73,13071,4795
CCGCTGGTGCCATTCA-1,1,6,74,12933,4553
GTTAGAGTGTGCCGCT-1,1,7,75,12793,4794
TCGGAATGACCATCAA-1,1,6,76,12655,4552
TTCAATTAGCCATAAT-1,1,7,77,12516,4793
GATGTGTTGTCACAAG-1,1,6,78,12378,4552
TCTTTCTCTTAAGGAG-1,1,7,79,12238,4793
ACCCTTTAGTTCTCCA-1,1,6,80,12100,4551
ACCACAACTCAGAACA-1,1,7,81,11961,4792
TATGATAAATCTAACG-1,1,6,82,11823,4550
GATCCTCTTGCGCTTA-1,1,7,83,11684,4791
TTCTACCTTTATGTTG-1,1,6,84,11546,4549
GAAATACCTGCTGGCT-1,1,7,85,11406,4790
ATTCTGAGTATGAACT-1,1,6,86,11268,4548
GGATTAAGCTAAGGTC-1,1,7,87,11129,4789
AGTACGTGGCCTGTCT-1,1,6,88,10991,4548
TCAGGGTGCACGAAAC-1,1,7,89,10852,4789
AAATTTACCGAAATCC-1,1,6,90,10714,4547
TTGAGGCATTTAACTC-1,1,7,91,10574,4788
AACCAGTATCACTCTT-1,1,6,92,10436,4546
CACCGGAGATATCTCC-1,1,7,93,10297,4787
GACTGGGCGCCGCAAC-1,1,6,94,10159,4545
CACGTCTATGATGTGG-1,1,7,95,10019,4786
TTAAGACGAACGAACC-1,1,6,96,9881,4545
TGACCAGCTTCAAAGT-1,1,7,97,9742,4786
AGAGTTAGAGACCGAT-1,1,6,98,9604,4544
TTCGGACTGATGCCTT-1,1,7,99,9465,4785
CTCGAATGGAACGTAT-1,1,6,100,9327,4543
GGACGGCTTGCGCAAC-1,1,7,101,9187,4784
CTAAGTACAGGGCTAC-1,1,6,102,9049,4542
ACAAATTCAGATCTGA-1,1,7,103,8910,4783
CATGGAAATGGGACCA-1,1,6,104,8772,4541
GGTGGACCACGTGTTA-1,1,7,105,8633,4782
CACGACGTAATAGTAA-1,1,6,106,8495,4541
CGGGTTCGGCACGTAT-1,1,7,107,8355,4782
CTGGGCTATCCTTTGG-1,1,6,108,8217,4540
GTATTAGGGTTCGCGT-1,1,7,109,8078,4781
TCATTCGTATAATTTG-1,1,6,110,7940,4539
AATAGCAAGCCTCCTG-1,1,7,111,7800,4780
CATCTACCCGAGAACG-1,1,6,112,7662,4538
GCTTCAGTGGGATTAC-1,1,7,113,7523,4779
TCTGTGATGGAGGTTG-1,1,6,114,7385,4538
ATCCACTTTCAGACTA-1,1,7,115,7246,4778
ATGGTTACGAAACATG-1,1,6,116,7108,4537
GGCCCAATCTAGAGGG-1,1,7,117,6968,4778
GATGGTGAAATAACCC-1,1,6,118,6830,4536
AGAGGGACAATTGTCC-1,1,7,119,6691,4777
CGCGTACATTCTGGAA-1,1,6,120,6553,4535
CAAGAAACCCTAAACT-1,1,7,121,6414,4776
TTGGTGCGGTGTTGAA-1,0,6,122,6276,4534
GGTTCCCTAGTGTCTC-1,0,7,123,6136,4775
CGATAACCAATTTGAG-1,0,6,124,5998,4534
GCCCACTGGTCCACAA-1,0,7,125,5859,4775
GAGGGCCGGCAGAGTC-1,0,6,126,5721,4533
CGACACGGATGCCCAC-1,0,7,127,5581,4774
CTGTCTGTGGCTGGCT-1,1,8,0,23194,5065
ATATTATCCCGTATTT-1,1,9,1,23055,5306
GCGCTGGCGGAAAGTC-1,1,8,2,22917,5064
ATCTAACGTCCCTATG-1,1,9,3,22777,5305
GTCAGACAGCGTTGGA-1,1,8,4,22639,5063
GCCAGGCTTAGTGGTA-1,1,9,5,22500,5304
ATTCAAAGTACCTGTT-1,1,8,6,22362,5062
TGGACGTAGGCGAATC-1,1,9,7,22223,5303
ACACATTGACGCAACA-1,1,8,8,22085,5062
GATATCAGTATGTATC-1,1,9,9,21945,5303
TGGGCCTTGCCTGCAT-1,1,8,10,21807,5061
CAAAGTCAGGTTAGCT-1,1,9,11,21668,5302
GGATCCCTACCAGCTA-1,1,8,12,21530,5060
ATCGTCCAATCGAGTC-1,1,9,13,21390,5301
ACATGGCTCAATTTAG-1,1,8,14,21252,5059
AGGCCCAGTGACTGGT-1,1,9,15,21113,5300
GCTTCCAGCTTAGATT-1,1,8,16,20975,5058
TGCTTGAAACCATGCA-1,1,9,17,20836,5299
CAATATTGGACTAGTG-1,1,8,18,20698,5058
CGTGCTGGCCTAGTCG-1,1,9,19,20558,5299
CCTGCGATAGAACTGT-1,1,8,20,20420,5057
GGGTAATGCTGTGTTT-1,1,9,21,20281,5298
AACGCGAACGGCAACA-1,1,8,22,20143,5056
TGTCGGCATGGTGGAA-1,1,9,23,20004,5297
AGCGTACGAGAGCTAG-1,1,8,24,19866,5055
ATACTCTCGCCACTCT-1,1,9,25,19726,5296
AATCCATGCAAGGGTG-1,1,8,26,19588,5055
TTAAACAGAGTCCCGC-1,1,9,27,19449,5295
CCACAGCTGAAATCAT-1,1,8,28,19311,5054
CGGTTCCGGCTTCTTG-1,1,9,29,19171,5295
GACGTGAGACTCCATG-1,1,8,30,19033,5053
TCGTTGGCTCGTCAAT-1,1,9,31,18894,5294
GGTGAACGGGCTAGCC-1,1,8,32,18756,5052
GCACTGTGCAAATGTA-1,1,9,33,18617,5293
ACGAGAACCCATCACG-1,1,8,34,18479,5051
CCAGCTACGCCTCATA-1,1,9,35,18339,5292
TCCCGGTCAGGAATTT-1,1,8,36,18201,5051
TCGCATTCAATGACTT-1,1,9,37,18062,5292
CTGGTTCAACGCATCA-1,1,8,38,17924,5050
GGTGATTTCATCTTGT-1,1,9,39,17785,5291
CACCCTTTCCTCGCTC-1,1,8,40,17647,5049
CAACTTGTAGTGGGCA-1,1,9,41,17507,5290
AATATCAAGGTCGGAT-1,1,8,42,17369,5048
ACTCAGACCTGCTTCT-1,1,9,43,17230,5289
TTGGAGTCTCCCTTCT-1,1,8,44,17092,5048
GGATACTCATGAATTG-1,1,9,45,16952,5288
TGGGCACAAACAGAAC-1,1,8,46,16814,5047
GAGCCACGGTAGTAGG-1,1,9,47,16675,5288
TCGATAGGCTAGTCGC-1,1,8,48,16537,5046
TAACCGCCCGCAGTGC-1,1,9,49,16398,5287
GCCTATTTGCTACACA-1,1,8,50,16260,5045
TTGACGATTCAGCACG-1,1,9,51,16120,5286
TTAAACCGGTAGCGAC-1,1,8,52,15982,5044
ACCGAAAGGGCCCTGC-1,1,9,53,15843,5285
ACGTTCCGCGCTCCGT-1,1,8,54,15705,5044
ATACCAGGCTAATAGA-1,1,9,55,15566,5285
CGGCTTTGTATGATAA-1,1,8,56,15428,5043
CTTGACCCGAAAGATA-1,1,9,57,15288,5284
CGCAGAAACATTTGCG-1,1,8,58,15150,5042
GACCCGTCGCCGGCTA-1,1,9,59,15011,5283
AATCGGGACACTACGA-1,1,8,60,14873,5041
GTCACAAAGTTTCCAA-1,1,9,61,14733,5282
TATATTCGCGTCGATA-1,1,8,62,14595,5041
CCTCCCGACAATCCCT-1,1,9,63,14456,5281
CGACATGCGATCTTCT-1,1,8,64,14318,5040
AACACGACTGTACTGA-1,1,9,65,14179,5281
CCCAACCACACTAACA-1,1,8,66,14041,5039
CACCGCCGACCAGCGA-1,1,9,67,13901,5280
TGGTATCGCATCCCAA-1,1,8,68,13763,5038
CAGAGTGATTTAACGT-1,1,9,69,13624,5279
AACCCTGGTGGAACCA-1,1,8,70,13486,5037
GTCAGTTGTGCTCGTT-1,1,9,71,13347,5278
ATTGACGTAACTCGGT-1,1,8,72,13209,5037
GATGTCGGTCAACTGC-1,1,9,73,13069,5278
AGGGCAGCGGCGTGGT-1,1,8,74,12931,5036
ACATCGTTAACCTAGT-1,1,9,75,12792,5277
TCCATTGTGACCTCGT-1,1,8,76,12654,5035
TGTTTAATACTTCATC-1,1,9,77,12514,5276
TTGCTGGCCGGGCTTC-1,1,8,78,12376,5034
CATATTATTTGCCCTA-1,1,9,79,12237,5275
CTGCCTAGCCACCAAG-1,1,8,80,12099,5033
ACGAGATATTTGCTTA-1,1,9,81,11960,5274
GACTACAATTGCTCGT-1,1,8,82,11822,5033
AACGTGATGAAGGACA-1,1,9,83,11682,5274
ACTCTCTTATACACGA-1,1,8,84,11544,5032
CGCATCATGGCTTCAG-1,1,9,85,11405,5273
CGGCTCTTCGTCGAAC-1,1,8,86,11267,5031
ATTCTTCGTACTTATG-1,1,9,87,11128,5272
AGTGAGGGTTTCTGAC-1,1,8,88,10990,5030
GCCAGGCGTTCGCATG-1,1,9,89,10850,5271
GACTAACACAGCACCT-1,1,8,90,10712,5030
CAATGGAATCTACATA-1,1,9,91,10573,5270
GTGGTCAGCGAAGTAT-1,1,8,92,10435,5029
ATGGCTGGAAATGGCC-1,1,9,93,10295,5270
ATCAGGTCGCCATTGC-1,1,8,94,10157,5028
TATCACCATGTAAAGT-1,1,9,95,10018,5269
AGCGCTTATGGGCAAG-1,1,8,96,9880,5027
AAGCGGCGTCATGGGT-1,1,9,97,9741,5268
ACTAATACGTCAGGCG-1,1,8,98,9603,5026
GGCTGAGCATCGTAAG-1,1,9,99,9463,5267
CGGTTGGGTTCAAGTT-1,1,8,100,9325,5026
GACTGATTGGTCACAA-1,1,9,101,9186,5267
AGACGGGCCGATTTAA-1,1,8,102,9048,5025
ACCAGTGCCCGGTCAA-1,1,9,103,8909,5266
GTCCTTTAATGACTTC-1,1,8,104,8771,5024
CCTACAAGTCCGGAAT-1,1,9,105,8631,5265
GCCTGCTACACTGAGA-1,1,8,106,8493,5023
GACTCGGTCGGCGGAT-1,1,9,107,8354,5264
CTAGACATATATGTAG-1,1,8,108,8216,5023
TCGCCCAACTGACTCC-1,1,9,109,8076,5263
AAACTAACGTGGCGAC-1,1,8,110,7938,5022
AACTGAGGTCAGCGTC-1,1,9,111,7799,5263
ACAATGATTCTTCTAC-1,1,8,112,7661,5021
ATAAGTACCCGATTGT-1,1,9,113,7522,5262
ATTGGGAGTTCTGTAA-1,1,8,114,7384,5020
CGAACATAGTCAGAAA-1,1,9,115,7244,5261
TAGCTCAGATCCTAGT-1,1,8,116,7106,5019
GTGTCGTATTCACCTT-1,1,9,117,6967,5260
CTCACCGATCCAAACT-1,1,8,118,6829,5019
ATATGTGCACAAACCA-1,1,9,119,6690,5260
CAGTCCAACGCCTTCT-1,0,8,120,6552,5018
TCGTCCGGGTACACTC-1,1,9,121,6412,5259
GCAGAAACGTAATCCA-1,0,8,122,6274,5017
TTCGAGCCGGCGCTAC-1,0,9,123,6135,5258
GGAAGATAAGACTGTA-1,0,8,124,5997,5016
ATAAGCAAACACCGAG-1,0,9,125,5857,5257
GCATAAATTGAACGCC-1,0,8,126,5719,5015
CGCCGGTGTCGCAGTA-1,0,9,127,5580,5256
GACCTGGTCTGGGCGT-1,1,10,0,23193,5547
AGCCGCTTGATTAGCG-1,1,11,1,23053,5788
CCCGGCTAGGTGAGAA-1,1,10,2,22915,5547
CGAGCCGAGCACTCGA-1,1,11,3,22776,5788
TAGTGCTTGAATCCTT-1,1,10,4,22638,5546
CAACCGCACCTAGACA-1,1,11,5,22499,5787
ACCACTGTTCAAGAAG-1,1,10,6,22361,5545
AGATGCTATAACGAGC-1,1,11,7,22221,5786
AATTACTCGTACGCTC-1,1,10,8,22083,5544
CGTCAATCTTTAACAT-1,1,11,9,21944,5785
CCAAAGCAGTTGGTTG-1,1,10,10,21806,5543
CCATATTGGATCATGA-1,1,11,11,21666,5784
CGTACCGAAAGTCTAG-1,1,10,12,21528,5543
CTCGAGATCCAAAGCA-1,1,11,13,21389,5784
TGGATAGAGTAACAGA-1,1,10,14,21251,5542
TCACAGATCCTCAAAC-1,1,11,15,21112,5783
AGAGCTACGAAAGCAT-1,1,10,16,20974,5541
TGCGTGATTGGGTGTC-1,1,11,17,20834,5782
CACATGTTTGGACATG-1,1,10,18,20696,5540
TTCGCATCCGGAAGCA-1,1,11,19,20557,5781
CCCTAGTGTCAGGTGT-1,1,10,20,20419,5540
TTACCGCCTTAGGGAA-1,1,11,21,20280,5780
CCAGTCCATTATTCGA-1,1,10,22,20142,5539
CGTAAACGCTTGAGTG-1,1,11,23,20002,5780
ATTCCTTCCAGGCGGT-1,1,10,24,19864,5538
TTCCTTTCTGTGTTGC-1,1,11,25,19725,5779
AGTTGACATCGGCTGG-1,1,10,26,19587,5537
AACTCGATGGCGCAGT-1,1,11,27,19447,5778
GATAAGGCAGATGCAA-1,1,10,28,19309,5536
GGCTGGCTAGCTTAAA-1,1,11,29,19170,5777
CCTCATGCAGCTACGA-1,1,10,30,19032,5536
GACGCCTGTTGCAGGG-1,1,11,31,18893,5777
TAATTAGATGGATATG-1,1,10,32,18755,5535
GAGGGCATCGCGTATC-1,1,11,33,18615,5776
CTTGTGAGTCTTTGAC-1,1,10,34,18477,5534
TCAACACATTGGGTAA-1,1,11,35,18338,5775
ACTGTATACGCGAGCA-1,1,10,36,18200,5533
GTGAAACGTGCTCCAC-1,1,11,37,18061,5774
CGAGTGCTATAGTTCG-1,1,10,38,17923,5533
GTACTGCATGAAGCGT-1,1,11,39,17783,5773
GTAACTTGCGGCAGTC-1,1,10,40,17645,5532
GAATCGCCGGACACGG-1,1,11,41,17506,5773
GGGAGTAATGGCTGGC-1,1,10,42,17368,5531
CATGAACCGACATTTG-1,1,11,43,17228,5772
TCTGTCATACAAGAGC-1,1,10,44,17090,5530
GTCGTCAATTATAAGG-1,1,11,45,16951,5771
TAAAGAGCCCGAAACC-1,1,10,46,16813,5529
GTACTGAGGTCGTAAC-1,1,11,47,16674,5770
AAAGACCCAAGTCGCG-1,1,10,48,16536,5529
CGTCAGTGCGCACAAG-1,1,11,49,16396,5770
TGTATCCTTATTCCAT-1,1,10,50,16258,5528
ATTCTCGTCTCTTTAG-1,1,11,51,16119,5769
AAAGTCACTGATGTAA-1,1,10,52,15981,5527
TGTCTACAGTTTCTGT-1,1,11,53,15842,5768
TTAACGTCGCAAGACC-1,1,10,54,15704,5526
CTATGTCTATTGAAAC-1,1,11,55,15564,5767
TCGGGTGAAACTGCTA-1,1,10,56,15426,5525
TGTCCCGACATAGCAC-1,1,11,57,15287,5766
ACAGCATAGAGCCAGT-1,1,10,58,15149,5525
ATATTCCCACAGGTCA-1,1,11,59,15009,5766
TTGGATCGACTTCTGG-1,1,10,60,14871,5524
CACCATCGGAGGAGAC-1,1,11,61,14732,5765
TCGTTCGTTATTATGT-1,1,10,62,14594,5523
CTTAACTTCGAAGTAC-1,1,11,63,14455,5764
GCACAAGTGTCGGAAG-1,1,10,64,14317,5522
TACCAGCTAGGTTTAA-1,1,11,65,14177,5763
ACGTACAGATTTCTCT-1,1,10,66,14039,5522
AATTTGGTTCCAAAGA-1,1,11,67,13900,5762
GTAAGGATTTGTCGGA-1,1,10,68,13762,5521
CATCATCTACCCGGAC-1,1,11,69,13623,5762
ACGATGGATCCGATGC-1,1,10,70,13485,5520
CACTCAGCTCTTGAGG-1,1,11,71,13345,5761
TAGATCCGAAGTCGCA-1,1,10,72,13207,5519
TGAAACTTATGCAAGC-1,1,11,73,13068,5760
GCGATTCTGGAAGCAG-1,1,10,74,12930,5518
CAAACTATTGAGCTTC-1,1,11,75,12790,5759
TAGAATTAAGGGCAAC-1,1,10,76,12652,5518
CGAAACATAGATGGCA-1,1,11,77,12513,5759
GATGGTGCCCTAGGCA-1,1,10,78,12375,5517
CCCGCAGGGCCCAAAG-1,1,11,79,12236,5758
ACAGCGCACCCGCAGC-1,1,10,80,12098,5516
GGTAAATGTGCGTTAC-1,1,11,81,11958,5757
GTCCTTCTAGTGGGTT-1,1,10,82,11820,5515
GGAAGCTCGCTTACAG-1,1,11,83,11681,5756
CACCGATACACCGAGC-1,1,10,84,11543,5515
CAGCCGGGCCCTCTAT-1,1,11,85,11404,5755
CGGAGCTTATAACACC-1,1,10,86,11266,5514
ATTACAACTACCGGCC-1,1,11,87,11126,5755
TCCTCTGGCCCATTAG-1,1,10,88,10988,5513
CGGCACCGTTAGCGCC-1,1,11,89,10849,5754
TCGGTCCCTGACTCCA-1,1,10,90,10711,5512
TGGTTGGAGGATCCTG-1,1,11,91,10571,5753
CTGCGGTAGTCACGTG-1,1,10,92,10433,5511
GTGCCTCAGTGTACGG-1,1,11,93,10294,5752
ATCGTTCACTTTCGCC-1,1,10,94,10156,5511
ACTTACCGGGCGCGCA-1,1,11,95,10017,5752
CTAGACTGCATTTCGT-1,1,10,96,9879,5510
TTGCCGGTGATCCCTC-1,1,11,97,9739,5751
CTGTCACGCCAGGCGC-1,1,10,98,9601,5509
CGGTATAGGTATTAGC-1,1,11,99,9462,5750
CCAACGCTTGCCAGGG-1,1,10,100,9324,5508
CGTTGAGTAATTGCGT-1,1,11,101,9185,5749
TGTATTTACCTAATGC-1,1,10,102,9047,5508
TAAATGCCGTCTCATG-1,1,11,103,8907,5748
CGGTTTATGAAGGAAC-1,1,10,104,8769,5507
GCAAGATGTGTTCGCG-1,1,11,105,8630,5748
AAAGGTAAGCTGTACC-1,1,10,106,8492,5506
GTACGTCACGTATTAA-1,1,11,107,8352,5747
AGTACCTTCGAGTGCT-1,1,10,108,8214,5505
ATTGTGACTTCGCTGC-1,1,11,109,8075,5746
TGTATCAGACTGAAGC-1,1,10,110,7937,5504
GAGACCCTGCAACGCC-1,1,11,111,7798,5745
TGGGTGGGATGTCATT-1,1,10,112,7660,5504
GGCTAATGATTGAAAT-1,1,11,113,7520,5745
ATAACGTTACCTCCAC-1,1,10,114,7382,5503
TGCGAGATGGCGGCCA-1,1,11,115,7243,5744
CACACTTGTATTGCGA-1,1,10,116,7105,5502
GCTGGTGACTCGTAGT-1,1,11,117,6966,5743
CGACACCGCTTAAGGA-1,1,10,118,6828,5501
GTAACAACTGACCTTG-1,1,11,119,6688,5742
CAACTGAGGGTATGAC-1,0,10,120,6550,5500
CTAATTATGAAGCGTA-1,0,11,121,6411,5741
CCGATCTTAAGAGGCT-1,0,10,122,6273,5500
CGACTCGGTACACGGT-1,0,11,123,6133,5741
TGCTGCGTCAGAGTTA-1,0,10,124,5995,5499
AGAGTTGCAGGCCTCC-1,0,11,125,5856,5740
ACTGGCGAACCTGCGT-1,0,10,126,5718,5498
ACTAAGGACGCACACC-1,0,11,127,5579,5739
CGTCCAGATGGCTCCA-1,1,12,0,23191,6030
ACTATCGCCGGCTAAA-1,1,13,1,23052,6271
GATAGCGTACCACGCG-1,1,12,2,22914,6029
AGGACTTATAGGAGAA-1,1,13,3,22775,6270
TAGTCGGGATTCTTCG-1,1,12,4,22637,6028
ACCATTAAGGGTGTCA-1,1,13,5,22497,6269
TTAATGTGTTTGCAGG-1,1,12,6,22359,6028
TCCGCAGCCACCTAGC-1,1,13,7,22220,6269
GAGGAGATCCTCATGC-1,1,12,8,22082,6027
GGTCCTTCATACGACT-1,1,13,9,21942,6268
CCCTGTTGGCAAAGAC-1,1,12,10,21804,6026
GTGCCTAGCTATGCTT-1,1,13,11,21665,6267
GTCATCTCCTACAGCT-1,1,12,12,21527,6025
GCGAGAAACGGGAGTT-1,1,13,13,21388,6266
CGTCGCGGCGGGATTT-1,1,12,14,21250,6025
CATTGTGTGCTAGATC-1,1,13,15,21110,6265
CGCGGCAGTATTACGG-1,1,12,16,20972,6024
GAAATGGGATGTAAAC-1,1,13,17,20833,6265
CATTCCCTAAGTACAA-1,1,12,18,20695,6023
AGTTCTGCGTTGTATC-1,1,13,19,20556,6264
ACCCTATAGGACTGAG-1,1,12,20,20418,6022
TTAGATAGGTCGATAC-1,1,13,21,20278,6263
ATTGATAGCAACGAGA-1,1,12,22,20140,6021
TCTCGGCTCCAGGACT-1,1,13,23,20001,6262
CTTGAGGTTATCCCGA-1,1,12,24,19863,6021
AAGAAGGATCAGTTAG-1,1,13,25,19723,6262
GTACGACGGCGCTGCG-1,1,12,26,19585,6020
CTTATGTTGACTACCA-1,1,13,27,19446,6261
CGGCACTCAAGAAAGT-1,1,12,28,19308,6019
GTCAAAGTTTACATAG-1,1,13,29,19169,6260
CTCCTAAGTTATGTCT-1,1,12,30,19031,6018
ACTGTGCTAGTAGATC-1,1,13,31,18891,6259
GTTTGGCCGCTCAGCG-1,1,12,32,18753,6017
TTATCCAATCGAACTC-1,1,13,33,18614,6258
CCGTACCCAAGCGCCA-1,1,12,34,18476,6017
CATACAAAGCCGAACC-1,1,13,35,18337,6258
GGTCGGTAATTAGACA-1,1,12,36,18199,6016
AGCGGGAAGGGTCCAT-1,1,13,37,18059,6257
GCCCACCAAGGCTGTC-1,1,12,38,17921,6015
GTAGACGTCGTTACAT-1,1,13,39,17782,6256
GAGCATCATCCCTGGG-1,1,12,40,17644,6014
AGGTAACCTCCTATTC-1,1,13,41,17504,6255
GGTTTGAGTGCTGGAA-1,1,12,42,17366,6014
GCACTAGTCGCGCTAT-1,1,13,43,17227,6255
GGTAACTATGTATCTG-1,1,12,44,17089,6013
GCGGTCCCTAGACGCA-1,1,13,45,16950,6254
CGAGCGTTGATCAGCC-1,1,12,46,16812,6012
AATCCAAGGGCCTGAG-1,1,13,47,16672,6253
CCGTGCCCATGACGGC-1,1,12,48,16534,6011
GAAATTCACATCGCTG-1,1,13,49,16395,6252
CTCTGCGAAGCAAGCA-1,1,12,50,16257,6010
AGTAGGTAACATACAT-1,1,13,51,16118,6251
ATTGGGAATATCTTGG-1,1,12,52,15980,6010
TAGAGCTACGAAGAAC-1,1,13,53,15840,6251
TGCGGCATAGTTCAAC-1,1,12,54,15702,6009
CCGCCGGTCAACACAC-1,1,13,55,15563,6250
TCGTATAGTGCAATTA-1,1,12,56,15425,6008
TAGTTTATTCTTGCTT-1,1,13,57,15285,6249
GATATCTCATGCAATA-1,1,12,58,15147,6007
CGTTTAAGCGGAGCAC-1,1,13,59,15008,6248
CATGCTGGCTCCAATT-1,1,12,60,14870,6007
GAAACAGCCATGCAGT-1,1,13,61,14731,6247
AGTTTCGCAGGTCGGA-1,1,12,62,14593,6006
CTCATGGCTCACAATC-1,1,13,63,14453,6247
AACCGTTGTGTTTGCT-1,1,12,64,14315,6005
ACCCTTCATCTGCGAA-1,1,13,65,14176,6246
TGCGGTGAAATTTCAT-1,1,12,66,14038,6004
CAAATTGTCAGCAAGC-1,1,13,67,13899,6245
GAGGTACATCCATCTT-1,1,12,68,13761,6003
AAATGGCATGTCTTGT-1,1,13,69,13621,6244
TCATCCCAGAGGGTGG-1,1,12,70,13483,6003
CGTAGCGAATTGTCAG-1,1,13,71,13344,6244
CCTAGTTAGTCGCATG-1,1,12,72,13206,6002
GAAACTCTAATGAAGG-1,1,13,73,13066,6243
TTGTATCACACAGAAT-1,1,12,74,12928,6001
TTCAAGCCGAGCTGAG-1,1,13,75,12789,6242
AGGTACGATATTGCCA-1,1,12,76,12651,6000
TTAAGCCGACAACTTC-1,1,13,77,12512,6241
GTCTTAGTACAGCCGG-1,1,12,78,12374,6000
TGGGTAAGGTTCCCGC-1,1,13,79,12234,6240
CTACGCCATTTCCGAT-1,1,12,80,12096,5999
GACCGTCAGGTCGTGA-1,1,13,81,11957,6240
TAGTTAAGATAGGATA-1,1,12,82,11819,5998
GAATATTCGGAGTCCC-1,1,13,83,11680,6239
CAAACTACGATAGAGA-1,1,12,84,11542,5997
CAGGAAGACTTTATAT-1,1,13,85,11402,6238
TTCGTAATCCCAGCGG-1,1,12,86,11264,5996
GTGAGGAGCGGTTGAG-1,1,13,87,11125,6237
CAATCCCTATACCAGC-1,1,12,88,10987,5996
AGGGAAACGAGGTACT-1,1,13,89,10847,6237
TCCTGCCAACTGGAGA-1,1,12,90,10709,5995
AATTTGGGACATAGTA-1,1,13,91,10570,6236
AACTCCTAATCCCATG-1,1,12,92,10432,5994
GCTCATTACTGCATGT-1,1,13,93,10293,6235
TCTCGAACGAGGTCAC-1,1,12,94,10155,5993
TCACTACGACCAATGC-1,1,13,95,10015,6234
GTGATGCACAACATCT-1,1,12,96,9877,5992
CCGACGTAAACACAAC-1,1,13,97,9738,6233
TGGGATGCACTCATTC-1,1,12,98,9600,5992
TTCCATCATGCGGTGA-1,1,13,99,9461,6233
TGCACAGTGAAGTTAT-1,1,12,100,9323,5991
CTATTGTGTTTGGTCA-1,1,13,101,9183,6232
TGCGAGCCCTTCCGCG-1,1,12,102,9045,5990
TTGAAAGGTGTAAAGG-1,1,13,103,8906,6231
GGTGCAGAGCCTATCG-1,1,12,104,8768,5989
ACTATATGCTGTGTTC-1,1,13,105,8628,6230
TCCTGGCGCTGCCTGG-1,1,12,106,8490,5989
GAGCCGAGCGTTTATT-1,1,13,107,8351,6230
AGAATGCGGGTTCGGA-1,1,12,108,8213,5988
ATGCGACAATTGGTCC-1,1,13,109,8074,6229
TTCCGGCTCGACTTCT-1,1,12,110,7936,5987
TGATTATGGCACGCAG-1,1,13,111,7796,6228
GGTTTGACAAGAAGCT-1,1,12,112,7658,5986
GCAGCTATGGACAGGT-1,1,13,113,7519,6227
CACCATGATCGCAAAG-1,1,12,114,7381,5985
GTCGGAAGGATACCAG-1,1,13,115,7242,6226
GGCCCAGTTATCAGCA-1,1,12,116,7104,5985
GGGCCTATTTAAGTAT-1,1,13,117,6964,6226
GTTGTTACATTGCGCT-1,1,12,118,6826,5984
CAACTCCGTAACTTGC-1,1,13,119,6687,6225
GATCTTTGCTCAAAGA-1,1,12,120,6549,5983
TCGCTTAATTACGAAG-1,1,13,121,6409,6224
CGATCATTAGAGGCAC-1,0,12,122,6271,5982
TGTTCTCTACTCCCTA-1,0,13,123,6132,6223
GCTTAGGGAAGCGGTA-1,0,12,124,5994,5982
CAGGTTTAGTACTACA-1,0,13,125,5855,6222
AAGCGGAGTGCGCGCA-1,0,12,126,5717,5981
TCAGATGGAGACGTAG-1,0,13,127,5577,6222
TCGCACTAACGTTTGT-1,1,14,0,23190,6513
CACGTCGGGTTCTAGA-1,1,15,1,23051,6754
GGAGTACACATGAGCT-1,1,14,2,22913,6512
GTGTGTCGACGTCGCT-1,1,15,3,22773,6753
GAAGCTCTTTGCTTAG-1,1,14,4,22635,6511
ACACCGAGCGCTCTTT-1,1,15,5,22496,6752
CGTAATAATTACGAGT-1,1,14,6,22358,6510
CATCAACACCTACTAA-1,1,15,7,22218,6751
CCAAGTTTCTACAGAT-1,1,14,8,22080,6509
ACGGGTCATGTGACTT-1,1,15,9,21941,6750
AGTGTGCTAAGATCGC-1,1,14,10,21803,6509
GGCGGTTTGCCGGTGC-1,1,15,11,21664,6750
GTATAATCTCCCGGAT-1,1,14,12,21526,6508
TAGTCCGTATGCATAA-1,1,15,13,21386,6749
CACTTCGTCTTATCTC-1,1,14,14,21248,6507
CATCCGCAGGCCCGAA-1,1,15,15,21109,6748
CCCTGATGTAACTCGT-1,1,14,16,20971,6506
CCATAGTCAGTAACCC-1,1,15,17,20832,6747
CGGGCCATAGCCGCAC-1,1,14,18,20694,6506
CTCCGGCTTGTAGACA-1,1,15,19,20554,6747
AACTTGCGTTCTCGCG-1,1,14,20,20416,6505
AATGAGTTCGCATATG-1,1,15,21,20277,6746
CGAGGCCAGGCATTGG-1,1,14,22,20139,6504
TCTGCGTCCGGTTTCT-1,1,15,23,19999,6745
CAATCCTGCCGTGGAG-1,1,14,24,19861,6503
CTGAGCAAGTAACAAG-1,1,15,25,19722,6744
GGGTACCCACGGTCCT-1,1,14,26,19584,6502
ACGGAATTTAGCAAAT-1,1,15,27,19445,6743
GGGCGGTCCTATTGTC-1,1,14,28,19307,6502
ATGTTACGAGCAATAC-1,1,15,29,19167,6743
AACCATGGGATCGCTA-1,1,14,30,19029,6501
TCGCATCCCTAAGTGT-1,1,15,31,18890,6742
ACTTAGTACGACAAGA-1,1,14,32,18752,6500
GAGCTCTCGGACCTAA-1,1,15,33,18613,6741
TCTATTACGCTGGCGA-1,1,14,34,18475,6499
AGATACGACTTCATAT-1,1,15,35,18335,6740
CGCTATACCGCCCACT-1,1,14,36,18197,6499
CAGTGTCCGCAGAATG-1,1,15,37,18058,6739
CCATCCATACCAAGTC-1,1,14,38,17920,6498
AACCCAGAGACGGAGA-1,1,15,39,17780,6739
GAAGAACGGTGCAGGT-1,1,14,40,17642,6497
GATAAATCGGTGGATG-1,1,15,41,17503,6738
CAGCTCGTGCTTGTGT-1,1,14,42,17365,6496
GAGTACGGGTATACAA-1,1,15,43,17226,6737
CATCGCCCGCGGCCAA-1,1,14,44,17088,6495
TCTTACAGAGGTACCG-1,1,15,45,16948,6736
TGGAAGACGAACACCA-1,1,14,46,16810,6495
GTTGTCGTGTTAGTTG-1,1,15,47,16671,6736
CCAAGGAACAGAGAGG-1,1,14,48,16533,6494
CTGCACCTGGAACCGC-1,1,15,49,16394,6735
CGCTTTCATACCGGTG-1,1,14,50,16256,6493
GTTCTTCCCTCGATGT-1,1,15,51,16116,6734
ATTTAACTCGTATTAC-1,1,14,52,15978,6492
AACGATAGAAGGGCCG-1,1,15,53,15839,6733
TATCCTGCATGGGAAT-1,1,14,54,15701,6492
AGGCCCATTGTACAGG-1,1,15,55,15561,6732
CCGGCGCATATTGGAT-1,1,14,56,15423,6491
ATCTGTAATTGTACCC-1,1,15,57,15284,6732
GAGCGAGGGAGTACCG-1,1,14,58,15146,6490
TTATTAGGGAAGCATC-1,1,15,59,15007,6731
CTTCTTACGTCGTATA-1,1,14,60,14869,6489
GAAGTGCTGGATAGCT-1,1,15,61,14729,6730
GTGCAACAAATGTGGC-1,1,14,62,14591,6488
CATGCGTTAGACAGAA-1,1,15,63,14452,6729
ACACACTTTCTACACG-1,1,14,64,14314,6488
AGCCCTAAGCGAAGTT-1,1,15,65,14175,6729
ATTAATTCGGTCACTC-1,1,14,66,14037,6487
AACAGGAAATCGAATA-1,1,15,67,13897,6728
ACGTTTAGTTGTGATC-1,1,14,68,13759,6486
TCCTTCAGTGGTCGAA-1,1,15,69,13620,6727
CGAACGCCCAGTGCCG-1,1,14,70,13482,6485
CCTCGAAGTGGACGGG-1,1,15,71,13342,6726
CTCTGTTTGAGGATTC-1,1,14,72,13204,6484
TGGGCACGTTCTATGG-1,1,15,73,13065,6725
ACTATTCGTCCGTGGT-1,1,14,74,12927,6484
CCTCTGGCCTAGACGG-1,1,15,75,12788,6725
CCATAAACAACCCGAC-1,1,14,76,12650,6483
CATAGTACATTGAGAG-1,1,15,77,12510,6724
ATTTCATTATTTCGCG-1,1,14,78,12372,6482
CAACTATATCGAATGC-1,1,15,79,12233,6723
CTAGTATTCGGAATTA-1,1,14,80,12095,6481
GTGGAACCTACATGCG-1,1,15,81,11956,6722
CCTAAAGGCTGACGCT-1,1,14,82,11818,6481
CGTGACATTGGGTCGT-1,1,15,83,11678,6722
CCAATCGGTAGATCGA-1,1,14,84,11540,6480
ATTGTCGCAATACCTT-1,1,15,85,11401,6721
AAATTACACGACTCTG-1,1,14,86,11263,6479
CACTCCTCTCGGTCGG-1,1,15,87,11123,6720
AAATAACCATACGGGA-1,1,14,88,10985,6478
AGTTACTCTATCGTGG-1,1,15,89,10846,6719
CGTTAGCTCACAACTG-1,1,14,90,10708,6477
GAATGTATGGCAGGTC-1,1,15,91,10569,6718
GCAACCACCAGACCGG-1,1,14,92,10431,6477
TCACTCGTGCAACGGC-1,1,15,93,10291,6718
AAACAGAGCGACTCCT-1,1,14,94,10153,6476
CAGCCTCTCCTCAAGA-1,1,15,95,10014,6717
TTGCGTGAACGCTTAG-1,1,14,96,9876,6475
CCGCCTGCGAATTGGT-1,1,15,97,9737,6716
AGATGAGGGTTGCGAT-1,1,14,98,9599,6474
CGGTGGGCTCCAGCCT-1,1,15,99,9459,6715
GGCAGCGGTAATCCTA-1,1,14,100,9321,6474
GCTAGCAGGGAGTGGG-1,1,15,101,9182,6714
CTCAAGACATTAGCGC-1,1,14,102,9044,6473
CACGGCGCGCCAAAGG-1,1,15,103,8905,6714
TGCAATTTGGGCACGG-1,1,14,104,8766,6472
ATGCCAATCGCTCTGC-1,1,15,105,8627,6713
GCTGGACCCAAAGTGG-1,1,14,106,8489,6471
ATTCCTAAGACGTGGA-1,1,15,107,8350,6712
TCCGGAGGAAGGGCTG-1,1,14,108,8212,6470
TCGGTGACCGCTCCGG-1,1,15,109,8072,6711
TCCGAAGTAGTCACCA-1,1,14,110,7934,6470
CATGTAGGAGCGCCAA-1,1,15,111,7795,6711
CACAAGAAAGATATTA-1,1,14,112,7657,6469
AGGGTCAGTAACCCTA-1,1,15,113,7518,6710
TAAGCCCTTACGACCA-1,1,14,114,7380,6468
ATACCGTCATCCATAA-1,1,15,115,7240,6709
GGACGTCCATAGTTGG-1,1,14,116,7102,6467
CATCAAACTGGCGCCC-1,1,15,117,6963,6708
AAACGTGTTCGCCCTA-1,1,14,118,6825,6467
AAATTGGTGAGAAGCA-1,1,15,119,6686,6707
GGTCATTGTAGTCATA-1,1,14,120,6547,6466
TGCAGTGAGGCTCGGG-1,1,15,121,6408,6707
GAACATTAGTATGTTA-1,0,14,122,6270,6465
GGTTTGCGAACACGTA-1,0,15,123,6131,6706
ACACAAATATTCCTAG-1,0,14,124,5993,6464
TTGGGTTTATTCAGCG-1,0,15,125,5853,6705
ATTCGCAGAGGACACT-1,0,14,126,5715,6463
GATTTAGTGCGTACTG-1,0,15,127,5576,6704
TAGAAACACAATAGTG-1,1,16,0,23189,6995
CAGTAGATGATGTCCG-1,1,17,1,23049,7236
TCTTAACTCGGATGTA-1,1,16,2,22911,6994
TACATCTTGTTTCTTG-1,1,17,3,22772,7235
TTCATAGGGTGTCCAT-1,1,16,4,22634,6994
TGAAGTAGCTTACGGA-1,1,17,5,22494,7235
GCACAAGTGGATCATA-1,1,16,6,22356,6993
GGGCGAATTTCTCCAC-1,1,17,7,22217,7234
ATGTTCCTGCCCACCT-1,1,16,8,22079,6992
GCTCAACCTCTTAGAG-1,1,17,9,21940,7233
ATAGCTGCTCTTGTTA-1,1,16,10,21802,6991
CGTCAGCTATTTACTC-1,1,17,11,21662,7232
ATCTGATAGTGTCTTA-1,1,16,12,21524,6991
TGCACTATGTGAGTGC-1,1,17,13,21385,7231
CCGACAAACACATGAG-1,1,16,14,21247,6990
GCCTTGTATATGCAGT-1,1,17,15,21108,7231
ATAATACCGTTAGCCG-1,1,16,16,20970,6989
ACACTCCAATGTCACT-1,1,17,17,20830,7230
AGTTGCTGACTGATAT-1,1,16,18,20692,6988
GGCGCTCCTCATCAAT-1,1,17,19,20553,7229
TGCCTGACATCGGTCA-1,1,16,20,20415,6987
TTGGCCATCTTGCGCT-1,1,17,21,20276,7228
CAGTGGTTGCACATGA-1,1,16,22,20137,6987
AGAATTGTTTGACATA-1,1,17,23,19998,7228
AAATGCTCGTTACGTT-1,1,16,24,19860,6986
CACCTAATAGAGTCGT-1,1,17,25,19721,7227
CATTTCTAGCAGACTA-1,1,16,26,19583,6985
CCGAAAGTGGTGAGCA-1,1,17,27,19443,7226
AGTCAGCCACCGCCTG-1,1,16,28,19305,6984
TCATCACTCGAGCTCG-1,1,17,29,19166,7225
CTCAGGACTCACCTGT-1,1,16,30,19028,6984
CGGTGTACTTGATCCC-1,1,17,31,18889,7224
CCTACGGCTCAGTCGA-1,1,16,32,18751,6983
GTACTTGGGCACTTCT-1,1,17,33,18611,7224
TGATTTCCTCCTGACG-1,1,16,34,18473,6982
CCTCACCAATCTTGAC-1,1,17,35,18334,7223
GGTGAGATGCAGATAA-1,1,16,36,18196,6981
GCTAGTTTCATTGAGG-1,1,17,37,18057,7222
AGGACATCGCACGTCG-1,1,16,38,17918,6980
GTGGACGTGCTGAGAC-1,1,17,39,17779,7221
TAAGGAACTTGTGGGA-1,1,16,40,17641,6980
TCGCTGTGCGTAAATC-1,1,17,41,17502,7221
GCATCCCTAACTTTGA-1,1,16,42,17364,6979
CACCCACACGTCACCC-1,1,17,43,17224,7220
CCCTCATTCTGGAATT-1,1,16,44,17086,6978
AGGGCGTGATCGGCTA-1,1,17,45,16947,7219
GGTGCGGATAAGTGGC-1,1,16,46,16809,6977
TAATATTGAAATTCGC-1,1,17,47,16670,7218
CTTACACTGGGAAATA-1,1,16,48,16532,6977
ACCAAGAACGCGTGTC-1,1,17,49,16392,7217
GCCTTCAGCCCTACCG-1,1,16,50,16254,6976
GATGCTACAAGCGCCT-1,1,17,51,16115,7217
CCGGGACCCGCAGAGA-1,1,16,52,15977,6975
GTTCCAGTCTGACCAT-1,1,17,53,15838,7216
ATGATCGGGAATAGAC-1,1,16,54,15700,6974
TTGGATTGGGTACCAC-1,1,17,55,15560,7215
TACCTCACGCTTGTAC-1,1,16,56,15422,6973
CATGGCAGGAAGATCG-1,1,17,57,15283,7214
ATGACGCCGGCTCTAA-1,1,16,58,15145,6973
AGCGACATCCCATTCA-1,1,17,59,15005,7214
AGTAATGTCTTGCCGC-1,1,16,60,14867,6972
TTCTTAGTGGCTCAGA-1,1,17,61,14728,7213
CGTCTGGAAGGGCCCG-1,1,16,62,14590,6971
ACGTGCGCCTCGTGCA-1,1,17,63,14451,7212
AGAGCGGGCTAATCAT-1,1,16,64,14313,6970
GCGTCGAAATGTCGGT-1,1,17,65,14173,7211
AACTGATATTAGGCCT-1,1,16,66,14035,6969
CGAGCTGGGCTTTAGG-1,1,17,67,13896,7210
GGGTGTTTCAGCTATG-1,1,16,68,13758,6969
TTAATTTCAGACGCGG-1,1,17,69,13619,7210
ACTGCCGTCGTAACTC-1,1,16,70,13481,6968
GTGCACGAAAGTGACT-1,1,17,71,13341,7209
ATCTCCCTGCAATCTA-1,1,16,72,13203,6967
ACGCCAGATGATTTCT-1,1,17,73,13064,7208
AGCTATTTAATCCAAC-1,1,16,74,12926,6966
CCACGAGAAGAGAATC-1,1,17,75,12786,7207
GATTCCGCGTTTCCGT-1,1,16,76,12648,6966
GTCGGATGTAGCGCGC-1,1,17,77,12509,7206
TATTTATACCGAGTAG-1,1,16,78,12371,6965
GTAGGTGATCCGTGTA-1,1,17,79,12232,7206
AGTTAAGCGGTCCCGG-1,1,16,80,12094,6964
CTGGCGACATAAGTCC-1,1,17,81,11954,7205
TTGGCCTAGAATTTCG-1,1,16,82,11816,6963
GGCATATCGGTTCTGC-1,1,17,83,11677,7204
GGGCGTCCACTGGCTC-1,1,16,84,11539,6962
TTACCCATTGCCGGGT-1,1,17,85,11400,7203
TTAGACACGATCGTTG-1,1,16,86,11262,6962
GCGCTGATCCAGACTC-1,1,17,87,11122,7203
TTCGGCAACCCGCTGA-1,1,16,88,10984,6961
GATATTTCCTACATGG-1,1,17,89,10845,7202
CTGCGTTACGATATAA-1,1,16,90,10707,6960
TAATAAACAAGGAGAT-1,1,17,91,10567,7201
AACCTTTACGACGTCT-1,1,16,92,10429,6959
AGTCCCGCCTTTAATT-1,1,17,93,10290,7200
TGAGATTAGGCCCTAA-1,1,16,94,10152,6959
AGTGTATTGCGCATTG-1,1,17,95,10013,7199
GTTGGATTCAGTGGCT-1,1,16,96,9875,6958
TAAAGCTGCAATAGGG-1,1,17,97,9735,7199
AGTAGGAAGGAAGTTG-1,1,16,98,9597,6957
TATCACTTCGAGTAAC-1,1,17,99,9458,7198
TGATCTACGCTGATCT-1,1,16,100,9320,6956
GGATCATCCCGTACGC-1,1,17,101,9181,7197
TGACACTTCTCTTTGC-1,1,16,102,9043,6955
AGCCCTTCTAATCCGA-1,1,17,103,8903,7196
CACCGCGTCCACTCTA-1,1,16,104,8765,6955
TAATTGGAATCGGGAA-1,1,17,105,8626,7196
TCGTAAGCTCCGAGGA-1,1,16,106,8488,6954
TATATTACAAATGTCG-1,1,17,107,8348,7195
CGCGAGAGGGACTTGT-1,1,16,108,8210,6953
GGACCTACGGTAACGT-1,1,17,109,8071,7194
GAAATATGCTTGAATG-1,1,16,110,7933,6952
CCGTATTAGCGCAGTT-1,1,17,111,7794,7193
AGGCGTCTATGGACGG-1,1,16,112,7656,6951
AACATCGATACGTCTA-1,1,17,113,7516,7192
TGAATATGCTATAAAC-1,1,16,114,7378,6951
ACCAAACACCCAGCGA-1,1,17,115,7239,7192
TGGCTTGTACAAGCTT-1,1,16,116,7101,6950
GAATGAAGGTCTTCAG-1,1,17,117,6962,7191
AGATACCAGCACTTCA-1,1,16,118,6824,6949
GCGGTCCCGGTGAAGG-1,1,17,119,6684,7190
GAGGCATTTGCAGCAG-1,1,16,120,6546,6948
GGCAAGCCAGGGATAG-1,1,17,121,6407,7189
TCTACGGGCTCAGTTG-1,0,16,122,6269,6948
TCTGCGAATCGTTCGC-1,0,17,123,6129,7189
AGCTCGTTGATGGAAA-1,0,16,124,5991,6947
TGAATGAGATACAGCA-1,0,17,125,5852,7188
ACCCTTGCCTGGGTCG-1,0,16,126,5714,6946
GGCGAACCGTTCTGAT-1,0,17,127,5575,7187
GCGATGTCTGTGCTTG-1,1,18,0,23187,7478
ATTAACACCTGAGATA-1,1,19,1,23048,7719
GAAATCTGACCAAGTT-1,1,18,2,22910,7477
CCTGACAAACTCGCGC-1,1,19,3,22771,7718
ATGTCATTTCCCATTG-1,1,18,4,22633,7476
GCGGTGCGGAGCATCG-1,1,19,5,22493,7717
CGGAAAGCAAATGTGC-1,1,18,6,22355,7476
GCTGAGCAACGGTTCT-1,1,19,7,22216,7716
TCACTCTTCGTCTGTC-1,1,18,8,22078,7475
GATCTTCATTGTCCTC-1,1,19,9,21938,7716
ACTCGATGTATTTCAT-1,1,18,10,21800,7474
TGAAGAGCGGTCCTAG-1,1,19,11,21661,7715
TAAACGTCGTCAATGA-1,1,18,12,21523,7473
ACGTTATTGGTCACTC-1,1,19,13,21384,7714
ATAGCCTCAGTACCCA-1,1,18,14,21246,7472
CGGGAGTATACCGCCG-1,1,19,15,21106,7713
GTCCTACAGGCGGCTC-1,1,18,16,20968,7472
CGGATAAGCGGACATG-1,1,19,17,20829,7713
AACTTCTGCGTCTATC-1,1,18,18,20691,7471
GGGTTCAGACGAACAA-1,1,19,19,20552,7712
AGTCTGGACATCCTTG-1,1,18,20,20414,7470
TTGAACGAATCCTTTG-1,1,19,21,20274,7711
GAAATACTAAACGTTT-1,1,18,22,20136,7469
CCCGCGCAATGCACCC-1,1,19,23,19997,7710
TTCGGCTAGAGATGGT-1,1,18,24,19859,7469
GACACGAGTTAGAGGA-1,1,19,25,19719,7709
GAGGTCCCAAAGATCT-1,1,18,26,19581,7468
TAACTCCATGGAGGCT-1,1,19,27,19442,7709
CTTGTTTATGTAGCCA-1,1,18,28,19304,7467
GATGGCGCACACATTA-1,1,19,29,19165,7708
ATAATAGTGTAGGGAC-1,1,18,30,19027,7466
CGCTATTCAATGTATG-1,1,19,31,18887,7707
ATATTGCTGTCAAAGT-1,1,18,32,18749,7465
GGATTCAGTACGGTGG-1,1,19,33,18610,7706
TTCTTAGTGAACGGTG-1,1,18,34,18472,7465
AATGGTTCTCACAAGC-1,1,19,35,18333,7706
TATACACGCAAAGTAT-1,1,18,36,18195,7464
CTTCATAGCTCAAGAA-1,1,19,37,18055,7705
CAACGGTTCTTGATAC-1,1,18,38,17917,7463
ACACCCGAGAAATCCG-1,1,19,39,17778,7704
TCTATCATGCAGTTAC-1,1,18,40,17640,7462
CCCGCCATGCTCCCGT-1,1,19,41,17500,7703
CGCTTCCACTGAAATC-1,1,18,42,17362,7461
CACTGTCCAAGTGAGA-1,1,19,43,17223,7702
ATTACTAGCCTCTTGC-1,1,18,44,17085,7461
CATAGTAGCATAGTAG-1,1,19,45,16946,7702
CAACTCCTTGATCCCG-1,1,18,46,16808,7460
AAGTAGAAGACCGGGT-1,1,19,47,16668,7701
GCGGGAACCAGGCCCT-1,1,18,48,16530,7459
ATTAGATTGATAGCGG-1,1,19,49,16391,7700
CTCGGTCCGTAGCCTG-1,1,18,50,16253,7458
TGGCTTTGGGTAGACA-1,1,19,51,16114,7699
TATCCATATCATGCGA-1,1,18,52,15976,7458
GGAGTGCCGCCCTGGA-1,1,19,53,15836,7698
TGAGAATGCTTTACCG-1,1,18,54,15698,7457
TTAACCAACCCTCCCT-1,1,19,55,15559,7698
TGTTTCGGTACTTCTC-1,1,18,56,15421,7456
TTGCTGAAGGAACCAC-1,1,19,57,15281,7697
TATTTAGTCTAGATCG-1,1,18,58,15143,7455
CTCCGGCCTAATATGC-1,1,19,59,15004,7696
TTGTGGCCCTGACAGT-1,1,18,60,14866,7454
TCGCCGGTCGATCCGT-1,1,19,61,14727,7695
CCATAGGTTGGCGTGG-1,1,18,62,14589,7454
GAACGACCGAATGATA-1,1,19,63,14449,7695
TCCGATAATTGCCATA-1,1,18,64,14311,7453
CATTACGTCGGCCCGT-1,1,19,65,14172,7694
CAAGCACCAAATGCCT-1,1,18,66,14034,7452
TGCATGGATCGGATCT-1,1,19,67,13895,7693
GAAATCGCGCGCAACT-1,1,18,68,13757,7451
CTGAAAGAGATCCGAC-1,1,19,69,13617,7692
CACCTCGATGGTGGAC-1,1,18,70,13479,7451
ATTTGTTCCAGGGCTC-1,1,19,71,13340,7691
TGGGCCACAAGAGCGC-1,1,18,72,13202,7450
CCTTCTTGATCCAGTG-1,1,19,73,13062,7691
CCTCGCCAGCAAATTA-1,1,18,74,12924,7449
TTCATGGCGCAACAGG-1,1,19,75,12785,7690
TTAATCAGTACGTCAG-1,1,18,76,12647,7448
CCTATCTATATCGGAA-1,1,19,77,12508,7689
ATTATACTTTGCTCGT-1,1,18,78,12370,7447
ATGGATCCGGCGTCCG-1,1,19,79,12230,7688
CGCCCGCTTCCGTACA-1,1,18,80,12092,7447
GGATTCCGCTATACCC-1,1,19,81,11953,7688
CGGTCTATCAACCCGT-1,1,18,82,11815,7446
ATGCCGGTTGATGGGA-1,1,19,83,11676,7687
TCATGCAGGTTCTCAT-1,1,18,84,11538,7445
TGAGCTTTAATGACGC-1,1,19,85,11398,7686
TCCCTTAGATTACTCG-1,1,18,86,11260,7444
ATATCTCCCTCGTTAA-1,1,19,87,11121,7685
AGCTCTTCCCAGTGCA-1,1,18,88,10983,7444
TCGCTAAACCGCTATC-1,1,19,89,10843,7684
CACATTCTTTCGATGG-1,1,18,90,10705,7443
GATATGCGGTAGCCAA-1,1,19,91,10566,7684
CGTTTCACTTCGGGCG-1,1,18,92,10428,7442
CCAATTACGGGTCGAG-1,1,19,93,10289,7683
GCAGGTAGAGTATGGT-1,1,18,94,10151,7441
GTCGTATTGGCGTACA-1,1,19,95,10011,7682
GAAATTAGCACGGATA-1,1,18,96,9873,7440
AATGCACCAAGCAATG-1,1,19,97,9734,7681
AGGACGCTCGATGTTG-1,1,18,98,9596,7440
GGCTAAAGGGCGGGTC-1,1,19,99,9457,7681
CATCTATCCCGTGTCT-1,1,18,100,9319,7439
CAGTAACTATTTATTG-1,1,19,101,9179,7680
CATATACTACTGATAA-1,1,18,102,9041,7438
GCGTTCGGAGACCGGG-1,1,19,103,8902,7679
AAGTTCAGTCTGCGTA-1,1,18,104,8764,7437
CGAAGCTATAAATTCA-1,1,19,105,8624,7678
CGCGGTCACAAACCAA-1,1,18,106,8486,7436
GGGAATGAGCCCTCAC-1,1,19,107,8347,7677
ACGGAGCGCAAATTAC-1,1,18,108,8209,7436
CGTTCTTCGCACACCT-1,1,19,109,8070,7677
GAATAGCCCTGCGGTC-1,1,18,110,7932,7435
AATAGCTACCGCGTGC-1,1,19,111,7792,7676
CCGAGCTGTGCTTGTC-1,1,18,112,7654,7434
GATGACGATGATCGCG-1,1,19,113,7515,7675
GCCTATGCTGGGCCTT-1,1,18,114,7377,7433
TTACTGTCTAGAGCTC-1,1,19,115,7238,7674
AGCGGTTGCCGCTCTG-1,1,18,116,7100,7433
GCTTGCAGCACAATTG-1,1,19,117,6960,7673
CCGGAGGTCTTATGGT-1,1,18,118,6822,7432
ACAGTATACCGTGGGA-1,1,19,119,6683,7673
GGGATCCCAATACAAA-1,1,18,120,6545,7431
ATTACGACTCCACAGT-1,1,19,121,6405,7672
CTCACACGCAAGCCTA-1,0,18,122,6267,7430
CCAGATGTAAATGGGT-1,0,19,123,6128,7671
GAACTTGTGCACGGGA-1,0,18,124,5990,7429
AAGCCGCTTTACCTTG-1,0,19,125,5851,7670
TCCATTCCCACTAGAG-1,0,18,126,5713,7429
AGAGCGCTTGTAACGG-1,0,19,127,5573,7670
TGGGTTCCCGGACGGA-1,1,20,0,23186,7961
GCTGCGCCTCCCACGT-1,1,21,1,23047,8201
CTGTTGGCTCTTCTGA-1,1,20,2,22909,7960
TTGTTCTAGATACGCT-1,1,21,3,22769,8201
CCCTCAAGCTCTTAGT-1,1,20,4,22631,7959
TGGTCTAGCTTACATG-1,1,21,5,22492,8200
ATGCACCTTCCTTAAT-1,1,20,6,22354,7958
GGGATACGGTAATAAT-1,1,21,7,22214,8199
AGTTCACCGGTTGGAC-1,1,20,8,22076,7957
GACATACTGTCGCAGA-1,1,21,9,21937,8198
TGGACACCGTTGCTTG-1,1,20,10,21799,7957
TGCGATGCTAATGGCT-1,1,21,11,21660,8198
TTCTGTTTCCTGTCGC-1,1,20,12,21522,7956
CGTTGTAAACGTCAGG-1,1,21,13,21382,8197
GATCGGCGATAAGTCG-1,1,20,14,21244,7955
AGCCTTAAAGCGGAAG-1,1,21,15,21105,8196
TCCGTAACCACAATCC-1,1,20,16,20967,7954
GAATGCCGAAATGACC-1,1,21,17,20828,8195
TATACTCATGCGGCAA-1,1,20,18,20690,7953
TAGTGTCAGAAACGGC-1,1,21,19,20550,8194
CGTCATACCATATCCA-1,1,20,20,20412,7953
TAGTACCTTAGTGGTC-1,1,21,21,20273,8194
CTGGCGGGAATAAGTA-1,1,20,22,20135,7952
AGTGTGGTCTATTGTG-1,1,21,23,19995,8193
GCTATCGCGGCGCAAC-1,1,20,24,19857,7951
CAGTAATCCCTCCCAG-1,1,21,25,19718,8192
GTATTAAGGCGTCTAA-1,1,20,26,19580,7950
CTAATTTCAACAACAC-1,1,21,27,19441,8191
TTAGCAACATGGATGT-1,1,20,28,19303,7950
ATGCTCAGTGTTGCAT-1,1,21,29,19163,8191
GATGTTTGTGCGAGAT-1,1,20,30,19025,7949
CACTTCGCCACAGGCT-1,1,21,31,18886,8190
CTGTATGGTGTAGAAA-1,1,20,32,18748,7948
TACGTGCACTATGCTG-1,1,21,33,18609,8189
GTATCAGCTTGGGTTC-1,1,20,34,18471,7947
TAACAAAGGGAGAAGC-1,1,21,35,18331,8188
TTACATCGTGGCCTGG-1,1,20,36,18193,7946
TCTGAACCGGTCGGCT-1,1,21,37,18054,8187
GGCTCGTGCCACCAGC-1,1,20,38,17916,7946
TATAAGTGAGGATAGC-1,1,21,39,17776,8187
GCCCGCGCGTTTGACA-1,1,20,40,17638,7945
TGCTGGTTGGACAATT-1,1,21,41,17499,8186
GCCTAGCGATCTGACC-1,1,20,42,17361,7944
CCATGCTCTGCAGGAA-1,1,21,43,17222,8185
TATAAATCCACAAGCT-1,1,20,44,17084,7943
CGCTCGACATAATGAT-1,1,21,45,16944,8184
CCAATTGAATGTTAAT-1,1,20,46,16806,7943
GCTAATACCGAATGCC-1,1,21,47,16667,8183
TTCAACGACCCGACCG-1,1,20,48,16529,7942
TTCCTCGAGGGTGTCT-1,1,21,49,16390,8183
CAACGACCCGTTTACA-1,1,20,50,16252,7941
CTTGTACTTGTTGACT-1,1,21,51,16112,8182
TCTCTAATAGCTGGTA-1,1,20,52,15974,7940
ATTATGCCATAGGGAG-1,1,21,53,15835,8181
GACAACGCAGCTTACG-1,1,20,54,15697,7939
AGATGACTCGCCCACG-1,1,21,55,15557,8180
GTGCGGGTCTCCAAAT-1,1,20,56,15419,7939
GTACGAGATTGCGACA-1,1,21,57,15280,8180
GTATAGGACTCAGTAG-1,1,20,58,15142,7938
TTGCACGGAGCAGCAC-1,1,21,59,15003,8179
CACAGCTAGGGAGTGA-1,1,20,60,14865,7937
ATACTAGCATGACCCT-1,1,21,61,14725,8178
CCAAGACTTCTGCGAA-1,1,20,62,14587,7936
ACATAATAAGGCGGTG-1,1,21,63,14448,8177
TAATACACAGTAGTAT-1,1,20,64,14310,7936
TCTTGGTAACACCAAA-1,1,21,65,14171,8176
AACTGGGTCCCGACGT-1,1,20,66,14033,7935
ATCACTTCATCCTCGC-1,1,21,67,13893,8176
TGGAAGGATAAAGATG-1,1,20,68,13755,7934
CATGATGCACAATTCT-1,1,21,69,13616,8175
TGCCTGATCAAACGAT-1,1,20,70,13478,7933
ATAGGGATATCCTTGA-1,1,21,71,13338,8174
CACCTAATCAGTTTAC-1,1,20,72,13200,7932
TGTGACTACGCCAGTC-1,1,21,73,13061,8173
CCCGACCATAGTCCGC-1,1,20,74,12923,7932
CGCGCCCGACTTAATA-1,1,21,75,12784,8173
TGCCACCTGGCGAAAC-1,1,20,76,12646,7931
CTGCCAAGGTTGGAAG-1,1,21,77,12506,8172
TCTCCAACGTAGGTTA-1,1,20,78,12368,7930
TTCTTGGAGTAATGAG-1,1,21,79,12229,8171
GTCTCGATCTGCTTTC-1,1,20,80,12091,7929
TACTCTCCGAACAAAT-1,1,21,81,11952,8170
ATCACATTAGAATATC-1,1,20,82,11814,7928
TACGGGATGCTAGCAG-1,1,21,83,11674,8169
AGCTGAAGTAAACCAA-1,1,20,84,11536,7928
CATGGGTCGGGTGTGG-1,1,21,85,11397,8169
CACCCACGAGGCAATT-1,1,20,86,11259,7927
TGCCATTACTAAAGAA-1,1,21,87,11119,8168
CCGTTACGTTAGAACA-1,1,20,88,10981,7926
GCCAGGAGTAACCGAT-1,1,21,89,10842,8167
GGAAAGTGCCCATGCC-1,1,20,90,10704,7925
TCTTACCGGAACTCGT-1,1,21,91,10565,8166
TATGTCAAGACCGACT-1,1,20,92,10427,7925
CCTAACTAAGGCTCTA-1,1,21,93,10287,8165
GCGGTGAACTGCGCTC-1,1,20,94,10149,7924
CCTCGCGCGATATAGG-1,1,21,95,10010,8165
ATCGGCAAGCAGTCCA-1,1,20,96,9872,7923
AGATCGTGCATAAGAT-1,1,21,97,9733,8164
ATTCAGGACCTATTTC-1,1,20,98,9595,7922
AGCTAGAAGCAGAAGT-1,1,21,99,9455,8163
TTCGCTATCTGACGTG-1,1,20,100,9317,7921
TTCCGCAGAGAAATAT-1,1,21,101,9178,8162
CAGTACATTCTCTAAA-1,1,20,102,9040,7921
GTGAAGATTTCAAGTG-1,1,21,103,8900,8162
AACGCATGATCTGGGT-1,1,20,104,8762,7920
CCCAGAGGAGGGCGTA-1,1,21,105,8623,8161
GGAAACCTTGTTGAAT-1,1,20,106,8485,7919
GTGAAGCCGTATAGTC-1,1,21,107,8346,8160
GAGCTGTCGTCTCGGA-1,1,20,108,8208,7918
TGTCATTTGTTGGGAA-1,1,21,109,8068,8159
ACCAACACCACACACT-1,1,20,110,7930,7918
AAATGATTCGATCAGC-1,1,21,111,7791,8158
CTGCTTTATGTCCGCG-1,1,20,112,7653,7917
GCGAGAGGCCATGTAA-1,1,21,113,7514,8158
ATTGACCGGCGATGAC-1,1,20,114,7376,7916
ACCCTGGTAACGCCCT-1,1,21,115,7236,8157
GTTGGACCGCATCAGG-1,1,20,116,7098,7915
CGTTTACAAGGCAGCT-1,1,21,117,6959,8156
CGGTCCATGAGACTCC-1,1,20,118,6821,7914
GTTCGTCTGGGTCCCT-1,1,21,119,6681,8155
TGTACTACTCTCACGG-1,1,20,120,6543,7914
AGTGAAGATGGTGTCC-1,1,21,121,6404,8155
GAGGGCCATAATATTA-1,0,20,122,6266,7913
ACTCCCGTAGACTAGG-1,0,21,123,6127,8154
CGTCAAATGGTCGCAG-1,0,20,124,5989,7912
AAGTCTAGTAGCTGCC-1,0,21,125,5849,8153
AAGAAATCACCAGATT-1,0,20,126,5711,7911
GAGTGCACGGACAACA-1,0,21,127,5572,8152
GTTCAAATCAGATGTC-1,1,22,0,23185,8443
CATGGCTCCCTATGTC-1,1,23,1,23045,8684
GGCCACACGAAAGCCT-1,1,22,2,22907,8442
GAAGCCGGGTAAGCTC-1,1,23,3,22768,8683
TTGCGCTCTCTCGCTT-1,1,22,4,22630,8442
TACATGACCTTATCCG-1,1,23,5,22490,8683
GTCCTTCTACAACCCA-1,1,22,6,22352,8441
TATATGCTGGGTTGCC-1,1,23,7,22213,8682
GTTTATGGGATTTAGA-1,1,22,8,22075,8440
GGAACCCGAACAAGAA-1,1,23,9,21936,8681
AACGTTATCAGCACCT-1,1,22,10,21798,8439
CATCGTCCGGTTACTA-1,1,23,11,21658,8680
AGACAGCTCAGAATCC-1,1,22,12,21520,8438
GCAGATCCTCGCAAAT-1,1,23,13,21381,8679
GGGTCATGCGTACCAT-1,1,22,14,21243,8438
CTGGTCATTCCAATCC-1,1,23,15,21104,8679
TCAGGGCGCAAACTCG-1,1,22,16,20966,8437
GATGCCAGCAGAAGGC-1,1,23,17,20826,8678
GTTATTAACGTGGGAG-1,1,22,18,20688,8436
AATACAATGTTTCAGG-1,1,23,19,20549,8677
TTGCTGCACCTATCCA-1,1,22,20,20411,8435
CCAGAGACAAAGCCGG-1,1,23,21,20271,8676
CCGAAGTATATTGTTC-1,1,22,22,20133,8435
GCTAAACCTGAGGTGA-1,1,23,23,19994,8675
TCATACTTACAGATCC-1,1,22,24,19856,8434
CGAGCACTTCAAGTTT-1,1,23,25,19717,8675
TAGCAACCTGTCACAA-1,1,22,26,19579,8433
TGGGAAATGCCTTTCC-1,1,23,27,19439,8674
AGACCATGGGATACAA-1,1,22,28,19301,8432
TAAATGAATCCGTTTC-1,1,23,29,19162,8673
ACAACGGTCCCTGCGA-1,1,22,30,19024,8431
GTCACTCTCCAAATCT-1,1,23,31,18885,8672
TTCTACTTGCGAGGGC-1,1,22,32,18747,8431
CGCAATTACTTTCGGT-1,1,23,33,18607,8672
CTGTTCATCTCACGGG-1,1,22,34,18469,8430
TTCTTGTAACCTAATG-1,1,23,35,18330,8671
GCTTGATGATAATCAG-1,1,22,36,18192,8429
TTGGCTCGCATGAGAC-1,1,23,37,18052,8670
GCCCAGTTGGTATGCC-1,1,22,38,17914,8428
ATTCCTCCGCCAGTGC-1,1,23,39,17775,8669
TCGTCCGCTGGCGTCT-1,1,22,40,17637,8428
GGAGAAGTCATTGGCA-1,1,23,41,17498,8668
TTGTTAGCAAATTCGA-1,1,22,42,17360,8427
TCTAGCATCTTCGATG-1,1,23,43,17220,8668
TTCTAGGCCAATTGTG-1,1,22,44,17082,8426
TCACGGTCATCGCACA-1,1,23,45,16943,8667
ATGAAGCCAAGGAGCC-1,1,22,46,16805,8425
AATGACTGTCAGCCGG-1,1,23,47,16666,8666
CCAAACAGAACCCTCG-1,1,22,48,16528,8424
TATCGATGATTAAACG-1,1,23,49,16388,8665
GAACACACATCAACCA-1,1,22,50,16250,8424
CCCGTCAGCGTCTGAC-1,1,23,51,16111,8665
AGCATCGTCGATAATT-1,1,22,52,15973,8423
GACTAAGATCATGCAC-1,1,23,53,15833,8664
TAGGGTGTTTCAAGAG-1,1,22,54,15695,8422
TGGTTCGTAGCAAAGG-1,1,23,55,15556,8663
CTGTTCACTGCCTGTG-1,1,22,56,15418,8421
ATGTGCATCCGACGCA-1,1,23,57,15279,8662
TTGTCGTTCAGTTACC-1,1,22,58,15141,8420
CGGGATCAATGTAAGA-1,1,23,59,15001,8661
TTATCTGTATCATAAC-1,1,22,60,14863,8420
ATCGACTCTTTCCGTT-1,1,23,61,14724,8661
CTCATTTGATGGGCGG-1,1,22,62,14586,8419
GTAAGCGGGCAGTCAG-1,1,23,63,14447,8660
TCTATCGGTCGCAACA-1,1,22,64,14309,8418
AACGCGGTCTCCAGCC-1,1,23,65,14169,8659
ATTAATACTACGCGGG-1,1,22,66,14031,8417
CTTTAACTTTCAAAGG-1,1,23,67,13892,8658
CGTACCTGATAGGCCT-1,1,22,68,13754,8417
GAATGTTGGGTAATCT-1,1,23,69,13614,8658
TGCGGAGTAAAGGTGC-1,1,22,70,13476,8416
CCTGAATATTTACATA-1,1,23,71,13337,8657
TTGCTCCCATACCGGA-1,1,22,72,13199,8415
CCTCTAATCTGCCAAG-1,1,23,73,13060,8656
AGGTTGAGGCACGCTT-1,1,22,74,12922,8414
TCCCGTCAGTCCCGCA-1,1,23,75,12782,8655
TCCGATGACTGAGCTC-1,1,22,76,12644,8413
CAGCCTCCTGCAGAGG-1,1,23,77,12505,8654
CTTAGCCTTCCACATG-1,1,22,78,12367,8413
ATTAATGAACCAGTCG-1,1,23,79,12228,8654
ACGATACATAGAACTA-1,1,22,80,12090,8412
AGCCACTCCCGTGCTT-1,1,23,81,11950,8653
ATACGGGTTTCGATTG-1,1,22,82,11812,8411
CTGTCAAATGGCTCGG-1,1,23,83,11673,8652
GCTCGGAATTTAAAGC-1,1,22,84,11535,8410
TAGGCATGTTACGCCA-1,1,23,85,11395,8651
TGGCAACTCGCGCGCC-1,1,22,86,11257,8410
ATCAGTAGGCAGGGAT-1,1,23,87,11118,8650
TATCGATCTATGCATA-1,1,22,88,10980,8409
CGACTCAGGATGTTAT-1,1,23,89,10841,8650
GCCATATTGCACACAG-1,1,22,90,10703,8408
AATTCATAAGGGATCT-1,1,23,91,10563,8649
CGGTAGAGGTGCAGGT-1,1,22,92,10425,8407
AATGATGATACGCTAT-1,1,23,93,10286,8648
CTTGTGCTCACCGATT-1,1,22,94,10148,8406
TTCCAATCAGAGCTAG-1,1,23,95,10009,8647
CGATGGACCCTACGCC-1,1,22,96,9871,8406
GGTCGGATAAACGGCG-1,1,23,97,9731,8647
TTAGCTAATACGATCT-1,1,22,98,9593,8405
CTCGATATTTGCGAGC-1,1,23,99,9454,8646
ATTACTTACTGGGCAT-1,1,22,100,9316,8404
CTAGCCGATGTTATGA-1,1,23,101,9176,8645
TACTGCAATCAATTAC-1,1,22,102,9038,8403
TAGTCTGTGACGTTGC-1,1,23,103,8899,8644
CTCGTTTCTAATGTTT-1,1,22,104,8761,8403
TTCGTTCAACGAAGTT-1,1,23,105,8622,8643
CTGAATTTATTGCCAG-1,1,22,106,8484,8402
TGGAATATCCTTGACC-1,1,23,107,8344,8643
CAGATCATTTAAAGTC-1,1,22,108,8206,8401
CTCCTTTACGCAAGTC-1,1,23,109,8067,8642
TCCCAAACAGACAACG-1,1,22,110,7929,8400
ATCGCTGCGTGCAGCA-1,1,23,111,7790,8641
TTAGTTCAAGTGTTCG-1,1,22,112,7652,8399
AAACTCGTGATATAAG-1,1,23,113,7512,8640
TTAACGAACAAGCAGT-1,1,22,114,7374,8399
GTTATATCAGGAGCCA-1,1,23,115,7235,8640
CAAATTGGATTATGCC-1,1,22,116,7097,8398
CGAGGAGCTTCCATAT-1,1,23,117,6957,8639
GGAGACCAATGTGCTT-1,1,22,118,6819,8397
CATTGATGAACACGCC-1,1,23,119,6680,8638
GTCAATGCTATAATTT-1,1,22,120,6542,8396
ACCACCCTCTCTTCTA-1,1,23,121,6403,8637
TGGAGGGAAACACCTC-1,1,22,122,6265,8395
CACGGACGTGGATGGC-1,1,23,123,6125,8636
AACTTTCTCGATCATG-1,0,22,124,5987,8395
CGTATTGTTTCCTAAT-1,0,23,125,5848,8636
CCTACTGCGGCGGCCA-1,0,22,126,5710,8394
CTTAGGTCCCAATCGT-1,0,23,127,5571,8635
CGCAATCGATCATTAG-1,1,24,0,23183,8926
TGGTTATGCTTGCGGT-1,1,25,1,23044,9167
GGCTTGGCTCTCACCT-1,1,24,2,22906,8925
ATTGGTAGGATCCGCT-1,1,25,3,22766,9166
TCAGGGCGACTTCCTT-1,1,24,4,22628,8924
TCTGCAGATTCGAGTC-1,1,25,5,22489,9165
CTCTCGCTGTACTATG-1,1,24,6,22351,8923
AATAGTCGCGAGTCGG-1,1,25,7,22212,9164
AGTTACCCTTAAGACT-1,1,24,8,22074,8923
CTTAAATAAGACCCAT-1,1,25,9,21934,9164
GGTTGTGCTCTTGTCC-1,1,24,10,21796,8922
GTGAGTCTAAGACGGA-1,1,25,11,21657,9163
CGCGACACTGCGCAGC-1,1,24,12,21519,8921
GCTCGCGGTTCCGCTC-1,1,25,13,21380,9162
TTAACTCACGCGTGGA-1,1,24,14,21242,8920
GGAACGGCCTGCAGCC-1,1,25,15,21102,9161
GTAGAAACGGGTGGAG-1,1,24,16,20964,8920
TAATGAAAGACCCTTG-1,1,25,17,20825,9160
AGGCTTGCTAGACACC-1,1,24,18,20687,8919
TTGCGTAGTTTGAGGA-1,1,25,19,20547,9160
CGCCCTTGAAGGCTGA-1,1,24,20,20409,8918
CCCGGTGGAAGAACCT-1,1,25,21,20270,9159
TTAACACCTCGAACAT-1,1,24,22,20132,8917
GATTCCTATACGGCGC-1,1,25,23,19993,9158
TTACCCTAACAGTCCT-1,1,24,24,19855,8916
ACCCACCTACATGCTC-1,1,25,25,19715,9157
AAAGGGCAGCTTGAAT-1,1,24,26,19577,8916
CACACAGGGATAGATT-1,1,25,27,19438,9157
AGAGCGTACAAGCTCG-1,1,24,28,19300,8915
TCTTACGGCATCCGAC-1,1,25,29,19161,9156
GCCTATTCCGATATAG-1,1,24,30,19023,8914
GAAAGTGACTAACTGC-1,1,25,31,18883,9155
CCGGAATGGTTTCAGT-1,1,24,32,18745,8913
AGTATAATACTAGGCA-1,1,25,33,18606,9154
TAACTATCGAAGGTCC-1,1,24,34,18468,8912
ATGAGGAGTGTTAATC-1,1,25,35,18328,9153
TGTGTCGCGAGTTGCA-1,1,24,36,18190,8912
ATCCAACGCAGTCATA-1,1,25,37,18051,9153
AAGGCGCGTAAAGCTT-1,1,24,38,17913,8911
AGTCGGCCCAAACGAC-1,1,25,39,17774,9152
AACGTCAGACTAGTGG-1,1,24,40,17636,8910
ACTACCAGCTCTCTGG-1,1,25,41,17496,9151
GCAAGTGCACAGAGAA-1,1,24,42,17358,8909
ACACCTTAAGTAGGGC-1,1,25,43,17219,9150
TTCGACGGGAAGGGCG-1,1,24,44,17081,8909
TTCGCACTCGCGTGCT-1,1,25,45,16942,9150
TATTTGTTACCCTTTA-1,1,24,46,16804,8908
CGCTGTGACGCCGCAC-1,1,25,47,16664,9149
GTTGCACGGAGTTTCG-1,1,24,48,16526,8907
GTTTCCTGGAGGGTGA-1,1,25,49,16387,9148
ACACCCAGCATGCAGC-1,1,24,50,16249,8906
TCAACCATGTTCGGGC-1,1,25,51,16109,9147
TTACAACTACGCATCC-1,1,24,52,15971,8905
TCCGATGGTGCGACAT-1,1,25,53,15832,9146
GGGCGTACATTTATAT-1,1,24,54,15694,8905
AGCGACCAACGATATT-1,1,25,55,15555,9146
ACACAAAGACGGGTGG-1,1,24,56,15417,8904
ATCGCACGCCGGGAGA-1,1,25,57,15277,9145
GCTCTAAACCCTGACG-1,1,24,58,15139,8903
AATGCAACCGGGTACC-1,1,25,59,15000,9144
TCAAACAACCGCGTCG-1,1,24,60,14862,8902
TATGCTCCCTACTTAC-1,1,25,61,14723,9143
AAAGGGATGTAGCAAG-1,1,24,62,14585,8902
ACGATCATACATAGAG-1,1,25,63,14445,9142
TTGTTCAGTGTGCTAC-1,1,24,64,14307,8901
ATGCATGATCCAGGAT-1,1,25,65,14168,9142
AGTCTTCTCCTCAAAT-1,1,24,66,14030,8900
GATTCCCTTGTCGCAG-1,1,25,67,13890,9141
CTCGCACCTATATAGT-1,1,24,68,13752,8899
ACTCAATAAAGGCACG-1,1,25,69,13613,9140
AACCGAGCTTGGTCAT-1,1,24,70,13475,8898
TAAGGCAACATAAGAT-1,1,25,71,13336,9139
CACGCACAGCGCAGCT-1,1,24,72,13198,8898
GGTTTACAATCTCAAT-1,1,25,73,13058,9139
TGCAGGATCGGCAAAG-1,1,24,74,12920,8897
ATAACGGAGTCCAACG-1,1,25,75,12781,9138
AACGATATGTCAACTG-1,1,24,76,12643,8896
GACAACGACCATTGAA-1,1,25,77,12504,9137
TTGACCATGTTCTCCG-1,1,24,78,12366,8895
AGTACGGGCACCTGGC-1,1,25,79,12226,9136
CGCCATCCGATTATGA-1,1,24,80,12088,8895
AAGGTATCCTAATATA-1,1,25,81,11949,9135
TGTTGTCAAGAAGTCT-1,1,24,82,11811,8894
CAGTGAATAAATGACT-1,1,25,83,11671,9135
CACCTTGCGAAACTCG-1,1,24,84,11533,8893
CATTTAGCGGACCATG-1,1,25,85,11394,9134
CCAGTCTAGACGGCGC-1,1,24,86,11256,8892
TCGCTTTAAACGTTTG-1,1,25,87,11117,9133
GTGAAACGGCGCCACC-1,1,24,88,10979,8891
GGGCTCATCGAACCCA-1,1,25,89,10839,9132
TTGATGTGTAGTCCCG-1,1,24,90,10701,8891
CAGTAGCCCACGCGGT-1,1,25,91,10562,9132
AGCGCGGGTGCCAATG-1,1,24,92,10424,8890
TAATCGATCCGTACGT-1,1,25,93,10285,9131
AGTGGCGGCAATTTGA-1,1,24,94,10147,8889
CCTTTCAATGAAGAAA-1,1,25,95,10007,9130
CTCAGTCACGACAAAT-1,1,24,96,9869,8888
ATAGGCTAGCTTCGCA-1,1,25,97,9730,9129
CGGTTCAAGTAGGTGT-1,1,24,98,9592,8887
CAGTCGAGGATGCAAT-1,1,25,99,9452,9128
TATCACCCAACCGACC-1,1,24,100,9314,8887
AATGATGCGACTCCTG-1,1,25,101,9175,9128
TGGAACCACTGACACA-1,1,24,102,9037,8886
GCCAATAGGGCATCTC-1,1,25,103,8898,9127
TTCTTTGGTCGCGACG-1,1,24,104,8760,8885
ATTAGATTCCTCAGCA-1,1,25,105,8620,9126
CCGTGGAACGATCCAA-1,1,24,106,8482,8884
GGGTCGTGGCAAGTGT-1,1,25,107,8343,9125
TCGCTCGGCACCAGCG-1,1,24,108,8205,8884
ACGCAATCACTACAGC-1,1,25,109,8066,9125
CTCTAATGCATTGATC-1,1,24,110,7928,8883
GTCTCGACTAAGTTTG-1,1,25,111,7788,9124
TGGTTTAAACGTGGGT-1,1,24,112,7650,8882
CGCAGATCTTCACCCG-1,1,25,113,7511,9123
TCCAGATGTACGCCAA-1,1,24,114,7373,8881
CATTGCGGGTCAATTC-1,1,25,115,7233,9122
GACGTTCGTAAATACA-1,1,24,116,7095,8880
TACACCGTCGTTAGTC-1,1,25,117,6956,9121
ACGGGCGTATGCGACA-1,1,24,118,6818,8880
GAAGGCTACCATTGTT-1,1,25,119,6679,9121
TAAATCTTTACACCTC-1,1,24,120,6541,8879
AGTTTATGTAAAGACA-1,1,25,121,6401,9120
AGGAGACATCCACAGT-1,1,24,122,6263,8878
CAACCTGAACCTGCCA-1,1,25,123,6124,9119
AGTCCCTCGCAGAAAG-1,1,24,124,5986,8877
TGTATACGGATGATGA-1,1,25,125,5847,9118
TTGTGGTATAGGTATG-1,0,24,126,5709,8877
TCTGCACCATTAGTAA-1,0,25,127,5569,9117
AAATGTATCTTATCCC-1,1,26,0,23182,9408
ACTCTAAACCTGGGAT-1,1,27,1,23042,9649
GCTGGCAGGTGCCGTG-1,1,26,2,22904,9408
CTCATTCGTGAACATC-1,1,27,3,22765,9649
TCGCCGGATGGGCAAG-1,1,26,4,22627,9407
GGACTAAGTCAGGAGT-1,1,27,5,22488,9648
TATCAAAGGTCTGTAA-1,1,26,6,22350,9406
TTCAGTTTGTGGCAGC-1,1,27,7,22210,9647
TGTTCATAAATGTGCT-1,1,26,8,22072,9405
CTTAGCCCGGATAGTG-1,1,27,9,21933,9646
GATGCGAATGGTATTA-1,1,26,10,21795,9405
TCTAACTGTATGTAAA-1,1,27,11,21656,9645
TTAAACCTGGTTCCTT-1,1,26,12,21518,9404
GCTAAGTAAAGGCGAT-1,1,27,13,21378,9645
AGTTACCGCACATGGT-1,1,26,14,21240,9403
GACTGCGGCACGTGTA-1,1,27,15,21101,9644
TGGTGATCGTATTTGT-1,1,26,16,20963,9402
TTATCGCCTGCGAAGC-1,1,27,17,20823,9643
TGGAATTAGACGCTTT-1,1,26,18,20685,9401
TCGTCACACTGTTAGC-1,1,27,19,20546,9642
TTATGTTTGCGATAGA-1,1,26,20,20408,9401
GGTGCTGATCACAAAG-1,1,27,21,20269,9642
CATAGCCGCCCGGGAT-1,1,26,22,20131,9400
GGTTAGTTACGGCGCC-1,1,27,23,19991,9641
ATTCCCACATAAACAA-1,1,26,24,19853,9399
ATTCAGTAGCAGGGTC-1,1,27,25,19714,9640
CAGTTCCGCGGGTCGA-1,1,26,26,19576,9398
AAGAGATGAATCGGTA-1,1,27,27,19437,9639
CGCAATTCTACAATAA-1,1,26,28,19299,9397
TAACGCTTTGAGAGCG-1,1,27,29,19159,9638
AGGCTATGGTTAGCTT-1,1,26,30,19021,9397
GAGGAATGGAGAGGTT-1,1,27,31,18882,9638
TCCTCTACGAGATGGC-1,1,26,32,18744,9396
TTGATTATGCAGATGA-1,1,27,33,18604,9637
TCAGTACTGACCCGCG-1,1,26,34,18466,9395
TTATGACAAACTGGAT-1,1,27,35,18327,9636
GTAAGTAGGGTATACC-1,1,26,36,18189,9394
CGCAAACACGAGTTAC-1,1,27,37,18050,9635
TGGCCGTATATTGACC-1,1,26,38,17912,9394
ACTGTAGCACTTTGGA-1,1,27,39,17772,9634
GCTCTATGTTACGTGC-1,1,26,40,17634,9393
TGCGCGATTAACGGAG-1,1,27,41,17495,9634
GAATCGACATGGTCAC-1,1,26,42,17357,9392
GACTAAGTAGGCTCAC-1,1,27,43,17218,9633
ATCTTGACCTGCAACG-1,1,26,44,17080,9391
ATGCACTACCGCATTG-1,1,27,45,16940,9632
CAGATACTAACATAGT-1,1,26,46,16802,9390
GATCGACACTATCTGA-1,1,27,47,16663,9631
ATAGAGTACTGGGACA-1,1,26,48,16525,9390
CCTACTGCTTACACTT-1,1,27,49,16385,9631
CCTGCTATTTGAGAAG-1,1,26,50,16247,9389
CGCGTTCATGAAATAC-1,1,27,51,16108,9630
CATTATGCTTGTTGTG-1,1,26,52,15970,9388
CCAGGGACGTGGCCTC-1,1,27,53,15831,9629
TATGGATGTGCTACGC-1,1,26,54,15693,9387
GTACTAAGATTTGGAG-1,1,27,55,15553,9628
AGACCCGCCCTCCTCG-1,1,26,56,15415,9387
CGCATTAGCTAATAGG-1,1,27,57,15276,9627
GCTCTCGGGTACCGAA-1,1,26,58,15138,9386
CACCGCCAGAAGGTTT-1,1,27,59,14999,9627
TCCCAAAGACGAAGGA-1,1,26,60,14861,9385
ATGGATTGACCAAACG-1,1,27,61,14721,9626
GTCATGGACATGACTA-1,1,26,62,14583,9384
CTACTGCCACCTGACC-1,1,27,63,14444,9625
TTATATTTGGCAATCC-1,1,26,64,14306,9383
AGCACCAGTACTCACG-1,1,27,65,14166,9624
CATGGTCTAGATACCG-1,1,26,66,14028,9383
TCTACCGTCCACAAGC-1,1,27,67,13889,9624
CTAGTTGGGCCCGGTA-1,1,26,68,13751,9382
TCCCGCGTACTCCTGG-1,1,27,69,13612,9623
CAGAGCATGAGCTTGC-1,1,26,70,13474,9381
ACACGGGAACTTAGGG-1,1,27,71,13334,9622
GGCTCTGCTCCAACGC-1,1,26,72,13196,9380
AGAACGTGGTACATTC-1,1,27,73,13057,9621
CAATAAACCTTGGCCC-1,1,26,74,12919,9380
ACTTCGCCATACGCAC-1,1,27,75,12780,9620
ATCTGGTTAAGACTGT-1,1,26,76,12642,9379
TCGTAAGACGACATTG-1,1,27,77,12502,9620
GTGTACCTTGGCTACG-1,1,26,78,12364,9378
GCCCGTAATACCTTCT-1,1,27,79,12225,9619
CGGTCAAGTGGGAACC-1,1,26,80,12087,9377
TTGTAAGGCCAGTTGG-1,1,27,81,11947,9618
GGAGCACCAAGAACTA-1,1,26,82,11809,9376
TAATAGTGACGACCAG-1,1,27,83,11670,9617
CTAAATCCTATTCCGG-1,1,26,84,11532,9376
CGAGTTCTGTCCCACC-1,1,27,85,11393,9617
AGGCAGATGCGTAAAC-1,1,26,86,11255,9375
AAGGATGAGGGACCTC-1,1,27,87,11115,9616
AGAGAACCGTCTAGGA-1,1,26,88,10977,9374
GAGGGCGCAGCTCTGC-1,1,27,89,10838,9615
AAGATTGGCGGAACGT-1,1,26,90,10700,9373
CCAGTAGTCTGATCCA-1,1,27,91,10561,9614
AAGGGACAGATTCTGT-1,1,26,92,10423,9372
ATAGAGTTATCAACTT-1,1,27,93,10283,9613
AAATTACCTATCGATG-1,1,26,94,10145,9372
GATCCTAAATCGGGAC-1,1,27,95,10006,9613
TTACAGACCTAAATGA-1,1,26,96,9868,9371
CCTCACCTTAGCATCG-1,1,27,97,9728,9612
CATGCGACCAGTTTAA-1,1,26,98,9590,9370
AACATATCAACTGGTG-1,1,27,99,9451,9611
CTATAAGAGCCAATCG-1,1,26,100,9313,9369
AATATCGAGGGTTCTC-1,1,27,101,9174,9610
GTACTCCTGGGTATGC-1,1,26,102,9036,9369
ATAAGTAGGATTCAGA-1,1,27,103,8896,9609
AGGTCGCGGAGTTACT-1,1,26,104,8758,9368
CTAATTCTCAGATATT-1,1,27,105,8619,9609
GCCAACCATTTCCGGA-1,1,26,106,8481,9367
TGATCCCAGCATTAGT-1,1,27,107,8342,9608
CGTTGTAAGATTGATT-1,1,26,108,8204,9366
GAAACCATGGTGCGCT-1,1,27,109,8064,9607
AATCTATGCCGGAGCC-1,1,26,110,7926,9365
GACTCCCAGAATAAGG-1,1,27,111,7787,9606
TATGATCCGGCACGCC-1,1,26,112,7649,9365
CCGCTTGCTGACATGG-1,1,27,113,7509,9606
TGGTTAAGGGCGCTGG-1,1,26,114,7371,9364
TTGATAGTCAATACAT-1,1,27,115,7232,9605
GGTTTAATTGAGCAGG-1,1,26,116,7094,9363
CATTACATAGATTGTG-1,1,27,117,6955,9604
GGTACACCAGATTTAT-1,1,26,118,6817,9362
GGCCCGTATACCATGC-1,1,27,119,6677,9603
ATCTTTCGTATAACCA-1,1,26,120,6539,9362
GAGATGACAATCCTTA-1,1,27,121,6400,9602
AAAGCTTGCCTACATA-1,1,26,122,6262,9361
GAACGATAAGTTAAAG-1,1,27,123,6123,9602
TAATAGCTAAATGATG-1,1,26,124,5985,9360
TATGGCTAGGCTAATT-1,1,27,125,5845,9601
AGGAGAGTCTGGCTAC-1,0,26,126,5707,9359
TGCTCTGCCGGTTCAC-1,0,27,127,5568,9600
CCAATAGATTTCATCT-1,1,28,0,23180,9891
GGGCACGAATTGGCCG-1,1,29,1,23041,10132
TCGTTGACAGGGTCCC-1,1,28,2,22903,9890
ATCGTATTCCGAGAAC-1,1,29,3,22764,10131
GGGAATTCTGTCCAGT-1,1,28,4,22626,9889
ACGCGTTTCTTAAGAG-1,1,29,5,22486,10130
GAGAGCGCAGTCCCTG-1,1,28,6,22348,9889
GTCCTATTGTTGTGGT-1,1,29,7,22209,10130
CATCTGCAGGATCATT-1,1,28,8,22071,9888
GAGTCGACAGACCCTC-1,1,29,9,21932,10129
AAGTGCAAAGGTAGAC-1,1,28,10,21794,9887
AGGGTGGATAGTGCAT-1,1,29,11,21654,10128
TGATAGCGGGATTCTA-1,1,28,12,21516,9886
GTCAGTTTGGTAGTCG-1,1,29,13,21377,10127
GCATTCGAAATGAACA-1,1,28,14,21239,9886
AAAGACTGGGCGCTTT-1,1,29,15,21099,10127
TAACAATATTTGTTGC-1,1,28,16,20961,9885
CCAGCTTCCGCCCGCA-1,1,29,17,20822,10126
GATATGGATTACGCGG-1,1,28,18,20684,9884
AGAGCAGTTATGAGAC-1,1,29,19,20545,10125
TCACATCTTATCTGAT-1,1,28,20,20407,9883
TATGAAGACAGGTGCG-1,1,29,21,20267,10124
TACCTGCTGCACTGTG-1,1,28,22,20129,9882
TAGGTCCAAGTAAGGA-1,1,29,23,19990,10123
GAAACTCGTGCGATGC-1,1,28,24,19852,9882
AACAATTACTCTACGC-1,1,29,25,19713,10123
CCGCACGTGACCTCGG-1,1,28,26,19575,9881
AACTTGCCCGTATGCA-1,1,29,27,19435,10122
GGGTATGTATGCACTT-1,1,28,28,19297,9880
TTCGTACTCCAGAACG-1,1,29,29,19158,10121
GAATTTCTCGCTGCAG-1,1,28,30,19020,9879
AACAGGATGGGCCGCG-1,1,29,31,18880,10120
GACGTGTAGGGATTAT-1,1,28,32,18742,9879
TAGGTGAGCCCTACTC-1,1,29,33,18603,10119
CTAATTCGCACGCGCT-1,1,28,34,18465,9878
GAAGCTTGCTGACCGC-1,1,29,35,18326,10119
GGTTAGGCTTGGAGAA-1,1,28,36,18188,9877
ACAAGGACAAGAGGTT-1,1,29,37,18048,10118
AGGCCACCCGTTATGA-1,1,28,38,17910,9876
GTGGGCTTAGACACAC-1,1,29,39,17771,10117
CGTGTCCCATTCGCGA-1,1,28,40,17633,9875
TGGAGTGATGCGATGA-1,1,29,41,17494,10116
AACAACTGGTAGTTGC-1,1,28,42,17356,9875
CCTGGCTAGACCCGCC-1,1,29,43,17216,10116
CGCAATTAGGGTAATA-1,1,28,44,17078,9874
TCGAAATTTAGGACCA-1,1,29,45,16939,10115
AGACTAGCCTTCCAGA-1,1,28,46,16801,9873
TTGATCTAACTTTGTC-1,1,29,47,16661,10114
AAGGAGCGGTTGGTGC-1,1,28,48,16523,9872
ACTTGGGACCCGGTGG-1,1,29,49,16384,10113
TGATCTCCGGCGCCAG-1,1,28,50,16246,9872
CAGTTCAAATTGACAC-1,1,29,51,16107,10112
GTCCGGCTGAATTGCG-1,1,28,52,15969,9871
CTGGAAATGGATGCTT-1,1,29,53,15829,10112
TGATCGGTTTGACCCT-1,1,28,54,15691,9870
TAGAGTCTAAGCGAAC-1,1,29,55,15552,10111
GAGACTGATGGGTAGA-1,1,28,56,15414,9869
TAGCTAAGTCCGGGAG-1,1,29,57,15275,10110
GGGCGATATGTGTGAA-1,1,28,58,15137,9868
CTCGAGGTCGAACAGT-1,1,29,59,14997,10109
GATCCCTTTATACTGC-1,1,28,60,14859,9868
GTCATGCACCTCCGTT-1,1,29,61,14720,10109
ACTTTCCTATAGCTTC-1,1,28,62,14582,9867
TCGCTCGATATATTCC-1,1,29,63,14442,10108
ATAGGTTGGGCAGATG-1,1,28,64,14304,9866
CAATTAAGGGTGATGA-1,1,29,65,14165,10107
ACCGACTGAGTCCCAC-1,1,28,66,14027,9865
CCTGTCACCCGGGCTC-1,1,29,67,13888,10106
GATCGGTGGCCATAAC-1,1,28,68,13750,9864
CCTATGGGTTACCGTC-1,1,29,69,13610,10105
TTGGGACACTGCCCGC-1,1,28,70,13472,9864
CGAGGCTAAATATGGC-1,1,29,71,13333,10105
TCAGGGTGTAACGTAA-1,1,28,72,13195,9863
CGAGAGATGTGAACCT-1,1,29,73,13056,10104
TCGCTGGGCGGATTGT-1,1,28,74,12918,9862
AGATCTCAGGTGTGAT-1,1,29,75,12778,10103
TGGCCAAACTGAAGTA-1,1,28,76,12640,9861
GCTTCCGTCCCTAGAC-1,1,29,77,12501,10102
CAGCAGCCCGTTCCTT-1,1,28,78,12363,9861
TGTATAACAGATCCTG-1,1,29,79,12223,10101
CGCGGGAATTAGGCAG-1,1,28,80,12085,9860
TGCATGTGGTAATCTA-1,1,29,81,11946,10101
ACAATTTGAGCAGTGG-1,1,28,82,11808,9859
GAGCTAAGGGCATATC-1,1,29,83,11669,10100
CCAGATAGTTGAGTGA-1,1,28,84,11531,9858
CCACAATGTACGTCTT-1,1,29,85,11391,10099
CAATGGATCTCTACCA-1,1,28,86,11253,9857
TGTGGCAAAGCGTATG-1,1,29,87,11114,10098
TAAAGCGTTAGGAGAA-1,1,28,88,10976,9857
TCCGTTTAGCCTTGAA-1,1,29,89,10837,10098
CAGCTCGACAAGTTAA-1,1,28,90,10699,9856
GCCTATAGTGTCAGGG-1,1,29,91,10559,10097
ATAGACAACGGGACCT-1,1,28,92,10421,9855
CTACTATCTTTCAGAG-1,1,29,93,10282,10096
GCGCTGCTTTGCATTT-1,1,28,94,10144,9854
GCGCATCCAGTCAGCA-1,1,29,95,10004,10095
GACTCGCGGGAATGAC-1,1,28,96,9866,9854
CTGGTAACGAGCTCTT-1,1,29,97,9727,10094
TCCGGCCTAGCGTACA-1,1,28,98,9589,9853
TCTAGGTGGCGACGCT-1,1,29,99,9450,10094
ACGCTAGTGATACACT-1,1,28,100,9312,9852
ATCTGCACCTCTGCGA-1,1,29,101,9172,10093
CCTCACCTGAGGGAGC-1,1,28,102,9034,9851
AGTGAGCCTCGCCGCC-1,1,29,103,8895,10092
ACGAGTACGGATGCCC-1,1,28,104,8757,9850
GGTACCATTAAGACGG-1,1,29,105,8618,10091
TTCTGCTAGACTCCAA-1,1,28,106,8480,9850
TAACTATTACGCCAAA-1,1,29,107,8340,10091
GCATTCAAGGCAACGC-1,1,28,108,8202,9849
AGTACATCATTTATCA-1,1,29,109,8063,10090
GTCGTGTCTGGTCATC-1,1,28,110,7925,9848
AGTCTAAAGTATACTC-1,1,29,111,7785,10089
CGGCCCAACCTGTAGT-1,1,28,112,7647,9847
AGGGAGACATACTTCG-1,1,29,113,7508,10088
TCCCTAGATCAATAGG-1,1,28,114,7370,9847
TCCCGTCGCGTCATAG-1,1,29,115,7231,10087
CGCATCCATCAGCCAG-1,1,28,116,7093,9846
CTGCACCTAGTCCACA-1,1,29,117,6953,10087
CGAGGATCGGGAACGA-1,1,28,118,6815,9845
CAATGAGGTTCGACTA-1,1,29,119,6676,10086
TCTGACGGGCTAACCC-1,1,28,120,6538,9844
TTCTATGCCTTTCGCA-1,1,29,121,6399,10085
AGAGTATAGTGTTACG-1,1,28,122,6261,9843
CCATTGTTTCCTCCAT-1,1,29,123,6121,10084
CTCATCACTTAGTGAT-1,1,28,124,5983,9843
CCGAAGGGCGTACCGC-1,1,29,125,5844,10084
TCAAGCTGCCTTGAAA-1,0,28,126,5706,9842
CTCATTAACGTTGCCC-1,0,29,127,5566,10083
GTCTTCCTCACCTAAG-1,1,30,0,23179,10374
GGTGATGAAGGAAGTG-1,1,31,1,23040,10615
TCAATACAATTGCTGC-1,1,30,2,22902,10373
GCAACCCAAGTTGTTT-1,1,31,3,22762,10614
ATGAAGTGGACCCAGC-1,1,30,4,22624,10372
GAGAATCTCACGATCA-1,1,31,5,22485,10613
TATATCATTGATCAGT-1,1,30,6,22347,10371
AACTTTACGGGAGCTT-1,1,31,7,22208,10612
TTCTTGTGTCCATCAG-1,1,30,8,22070,10371
ACAATTTAGGAGGCTC-1,1,31,9,21930,10611
ATACTTGTTCTCGAGC-1,1,30,10,21792,10370
CACGGGATTGAGGGTT-1,1,31,11,21653,10611
GTTAATGTCTATCTTA-1,1,30,12,21515,10369
GCGTTATATTTGGAAC-1,1,31,13,21375,10610
CGTCAAGGCTATAAAT-1,1,30,14,21237,10368
TTAGCTCTGTAATCCG-1,1,31,15,21098,10609
AATGGTCCACCGTTCA-1,1,30,16,20960,10367
GTCATTGCATTGACCC-1,1,31,17,20821,10608
TGTCCGTGGCGCCTTT-1,1,30,18,20683,10367
TCAACTAACGTATAAC-1,1,31,19,20543,10608
TCCTCTCCAGTTGTCC-1,1,30,20,20405,10366
TGTGTTCGTATCCAAG-1,1,31,21,20266,10607
CCGCGTAGGTAAGGGC-1,1,30,22,20128,10365
CTGCGGGTGAAATGTT-1,1,31,23,19989,10606
TATCTACAGAGGTAAT-1,1,30,24,19851,10364
CTACTCTAGGCCCGGC-1,1,31,25,19711,10605
ACAAGCAGTGCCTAGC-1,1,30,26,19573,10364
TACAAGTCTCGTGCAT-1,1,31,27,19434,10604
TCGGAATGCGCTCTGA-1,1,30,28,19296,10363
TCGCGTCCAGAAGGTC-1,1,31,29,19156,10604
TATGGCCCGGCCTCGC-1,1,30,30,19018,10362
GCTGGCATATTCACCT-1,1,31,31,18879,10603
GTCAGAATAGTCTATG-1,1,30,32,18741,10361
GGCGTCCTATCCGCTG-1,1,31,33,18602,10602
CGGAGTTTGAGAGACA-1,1,30,34,18464,10360
AGCACTTAAGGACGCC-1,1,31,35,18324,10601
TCCACAATGGTTTACG-1,1,30,36,18186,10360
CCAACGATGCACTGAT-1,1,31,37,18047,10601
ATTTACAGTTTACTGG-1,1,30,38,17909,10359
CCCTGAAATGAGTTGA-1,1,31,39,17770,10600
CAAACGGTCGCACTTT-1,1,30,40,17632,10358
TGATTCGTCTATCACT-1,1,31,41,17492,10599
TCAGGTTCTTTGAGAA-1,1,30,42,17354,10357
CACGCAGCGAGGCTTT-1,1,31,43,17215,10598
TTAAGCGCCTGACCCA-1,1,30,44,17077,10356
CTTACACGGTATTCCA-1,1,31,45,16937,10597
AAGGCTGTGCTCATCG-1,1,30,46,16799,10356
GACCAGAGCCCTGTAG-1,1,31,47,16660,10597
TCCCAGGCTTAGCTAA-1,1,30,48,16522,10355
ATTGAAGATCTTAGTG-1,1,31,49,16383,10596
AGTTCCTACAGAATTA-1,1,30,50,16245,10354
GGGCTGGTTAGTCGCG-1,1,31,51,16105,10595
GAAATGGCGGTGTTAG-1,1,30,52,15967,10353
TACGAACACGACTTCA-1,1,31,53,15828,10594
ACCACAAGTTTCTATC-1,1,30,54,15690,10353
ATATTTAACCCTCAAG-1,1,31,55,15551,10594
GATCATTCCAAACATT-1,1,30,56,15413,10352
TCCAGGCGAGTACGGT-1,1,31,57,15273,10593
GTTTGACCAAATCCTA-1,1,30,58,15135,10351
CACAGCACCCACGGCA-1,1,31,59,14996,10592
TGCAAGAATGACGTAA-1,1,30,60,14858,10350
GCGAAGCCATACCCGT-1,1,31,61,14718,10591
TCCTTTCTTACGCTTA-1,1,30,62,14580,10349
GCTGCTCTCCGGACAC-1,1,31,63,14441,10590
ACTGTCTTCTTTAGAA-1,1,30,64,14303,10349
TCAAACTTAGATTGTT-1,1,31,65,14164,10590
CTATGTCACTAGCCCA-1,1,30,66,14026,10348
TGCGCAAAGCATTTGG-1,1,31,67,13886,10589
TTAATGTAGACCAGGT-1,1,30,68,13748,10347
GGCGGTAGGATCATTG-1,1,31,69,13609,10588
GGCAATAGTCAATGAG-1,1,30,70,13471,10346
ACACGAGACTCCTTCT-1,1,31,71,13332,10587
GACACAAGGGAAGAAA-1,1,30,72,13194,10346
TCAGCAAATGCATCTC-1,1,31,73,13054,10586
GAGATCTGTCACTCCG-1,1,30,74,12916,10345
ATGCCGGTCTTGCATA-1,1,31,75,12777,10586
TTGGGCGGCGGTTGCC-1,1,30,76,12639,10344
TTGTTGTGTGTCAAGA-1,1,31,77,12499,10585
ACTGTACGATACACAT-1,1,30,78,12361,10343
TCCACTTTATCTAGGT-1,1,31,79,12222,10584
GGTCTGAGAATCTGGA-1,1,30,80,12084,10342
TAGAAAGGTGGCGCTA-1,1,31,81,11945,10583
TATGTCTCATTGTGCC-1,1,30,82,11807,10342
GGATTTCACTTCTATA-1,1,31,83,11667,10583
TGAGTGGTCCGTGACG-1,1,30,84,11529,10341
CGCTTTCTTGCATTCG-1,1,31,85,11390,10582
ACCCAACGCCCGTGGC-1,1,30,86,11252,10340
GAACGTCTCATGGTCG-1,1,31,87,11113,10581
AGGGTTCCCTTTGGTT-1,1,30,88,10975,10339
GTAGCTTCCTCTTGTT-1,1,31,89,10835,10580
GCATGAGGGACGCGGC-1,1,30,90,10697,10339
CTACCCTAAGGTCATA-1,1,31,91,10558,10579
TCACCGCTCGGCACTC-1,1,30,92,10420,10338
GGCTCGCGTTGAGGTA-1,1,31,93,10280,10579
CTAACGAAACTTGCTG-1,1,30,94,10142,10337
TTAAACTCGAATTCAT-1,1,31,95,10003,10578
TACTTTACTGAGCCGG-1,1,30,96,9865,10336
GCTTGGATCGATTAGG-1,1,31,97,9726,10577
CGGTTATCCAACAGTG-1,1,30,98,9588,10335
CAGACCTGTAAGTGTT-1,1,31,99,9448,10576
GACGGTCAATAGAAGC-1,1,30,100,9310,10335
CTGACTGCGCAGCTCG-1,1,31,101,9171,10576
CCATACCTTTACTTGT-1,1,30,102,9033,10334
GTAATAAAGGGCTCCC-1,1,31,103,8894,10575
GTGAACTCCCATTCGA-1,1,30,104,8756,10333
GTGGTTACTTCTTTCG-1,1,31,105,8616,10574
TCAGAACCTCCACAGG-1,1,30,106,8478,10332
TCCCACTCTCTTCCGG-1,1,31,107,8339,10573
ATCTTGACTTGTCCAA-1,1,30,108,8201,10331
TCGGGAACGTGCCTAG-1,1,31,109,8062,10572
GTTAGCCGTAAATCAA-1,1,30,110,7923,10331
ATTTACTAAGTCCATT-1,1,31,111,7784,10572
GGGTGCATATGAAAGC-1,1,30,112,7646,10330
TCCGAATGGTCCTGAG-1,1,31,113,7507,10571
TGATGGCTGTTTCTGA-1,1,30,114,7369,10329
AAATAAGGTAGTGCCC-1,1,31,115,7229,10570
CCACTATCCGGGTCAC-1,1,30,116,7091,10328
ACACCACATAATTAGC-1,1,31,117,6952,10569
CGCGGTAAGTCTAGCT-1,1,30,118,6814,10328
GCGGGCATTACGATGC-1,1,31,119,6675,10568
AGGATTGCTTACGACA-1,1,30,120,6537,10327
CTCGGGATAACACCTA-1,1,31,121,6397,10568
GTCGTCTGGTTGGCTA-1,1,30,122,6259,10326
GCAATTAGTCGCACCG-1,1,31,123,6120,10567
GTGACCTAAAGAATAA-1,1,30,124,5982,10325
CTGAGCGAGACTTATT-1,1,31,125,5843,10566
CAAGACTCAGAAGCGC-1,1,30,126,5704,10324
ACTTCGCTAGCGAGTG-1,1,31,127,5565,10565
CCATACTCGCCTCTCC-1,1,32,0,23178,10856
ACGATACCTATCCTGA-1,1,33,1,23038,11097
CTCACCAGTACAAGTG-1,1,32,2,22900,10856
CGAAGACGGTGAGTGC-1,1,33,3,22761,11096
AAATTAATAAGCGCGA-1,1,32,4,22623,10855
GGGCCCTTATCTATAC-1,1,33,5,22484,11096
CTGCCCACGAAGCGTT-1,1,32,6,22346,10854
GGACAAGTTGCAGTGA-1,1,33,7,22206,11095
GTCCGAGAGCAATCAT-1,1,32,8,22068,10853
ATGGCAGCCGAGAAAC-1,1,33,9,21929,11094
CCTCGGATGCTACCTG-1,1,32,10,21791,10852
ATACGGTGAAGATGCA-1,1,33,11,21652,11093
ACATCAGCTGGGACGC-1,1,32,12,21513,10852
GGTTGTGTAGCCTGGC-1,1,33,13,21374,11093
CCTGCGTTCTACGCTT-1,1,32,14,21236,10851
GAACGTTAGGAAGACG-1,1,33,15,21097,11092
CTGATAGTGTATCTCA-1,1,32,16,20959,10850
TTCTGCGAGCGCCCTT-1,1,33,17,20819,11091
CTTTGGCGCTTTATAC-1,1,32,18,20681,10849
TCCGAACTTGGCTTAC-1,1,33,19,20542,11090
TAGATTCCTGGTTATT-1,1,32,20,20404,10848
CCGACAAAGGGAGTGC-1,1,33,21,20265,11089
CCATGGCCCTTGTACC-1,1,32,22,20127,10848
GAAATATCACCATCAG-1,1,33,23,19987,11089
ACGAAATGGGCGGCAC-1,1,32,24,19849,10847
GTGAGCGTGCTGCACT-1,1,33,25,19710,11088
CCGCGGGTACGAAGAA-1,1,32,26,19572,10846
TCCCTGGCTCGCTGGA-1,1,33,27,19433,11087
CAGCTTAGTAGGTAGC-1,1,32,28,19294,10845
CACGAAAGTTAGTCCC-1,1,33,29,19155,11086
ACCTAATCGACTTCCT-1,1,32,30,19017,10845
AAGTAGTGACGCGAGG-1,1,33,31,18878,11086
TCCGATTACATTGCCG-1,1,32,32,18740,10844
CCTCCGACAATTCAAG-1,1,33,33,18600,11085
GTTCACAGGAGTCTAG-1,1,32,34,18462,10843
CGAAGTTGCTCTGTGT-1,1,33,35,18323,11084
GTCGGATATCTCAGAC-1,1,32,36,18185,10842
CGCTCTCCGTAGATTA-1,1,33,37,18046,11083
CAAGCAACGTCGGAGT-1,1,32,38,17908,10841
CCATTCCCTGCCCACA-1,1,33,39,17768,11082
CTTTGGCTTTAGTAAA-1,1,32,40,17630,10841
GGCTATTAAGTTGTAT-1,1,33,41,17491,11082
CCATTAGCGATAATCC-1,1,32,42,17353,10840
TGTTCTTCCATTGACT-1,1,33,43,17214,11081
AGATAACTTCAGGGCC-1,1,32,44,17075,10839
ATAGACGAAGAGAAAG-1,1,33,45,16936,11080
GGCGGAGTAATATTAG-1,1,32,46,16798,10838
TGACCCACGTTAGACA-1,1,33,47,16659,11079
TCACAGGTTATTGGGC-1,1,32,48,16521,10838
TCACGCATTGTAGATC-1,1,33,49,16381,11078
TTGAAGAATTCCCAGG-1,1,32,50,16243,10837
AAATGGTCAATGTGCC-1,1,33,51,16104,11078
TAGTGCCCTCCAGAGT-1,1,32,52,15966,10836
GGTATTGCCGAGTTTA-1,1,33,53,15827,11077
CGTATTAAGAGATCTA-1,1,32,54,15689,10835
ACTGTCCAGGATTATA-1,1,33,55,15549,11076
CGGGCAGCTAAACCGC-1,1,32,56,15411,10834
TTGCTGATCATGTTCG-1,1,33,57,15272,11075
TATGGGTACGTATCGT-1,1,32,58,15134,10834
CAGCTCACTGAGACAT-1,1,33,59,14995,11075
GGGACTGCATAGATAG-1,1,32,60,14856,10833
ACGCATTCGTGAGTAC-1,1,33,61,14717,11074
CTCTGGACGCCTGGTG-1,1,32,62,14579,10832
AGGGTTTAGTTCGGGA-1,1,33,63,14440,11073
GGGAGAACTCACAGTA-1,1,32,64,14302,10831
ATCAATCTGGGCTGCA-1,1,33,65,14162,11072
TCTTCGATACCAATAA-1,1,32,66,14024,10831
ACGTAGATTGCTGATG-1,1,33,67,13885,11071
TCTTGATGCGTAGCGA-1,1,32,68,13747,10830
GGGCTGCCTAGGGCGA-1,1,33,69,13608,11071
CTCTCACAATCGATGA-1,1,32,70,13470,10829
CCAAGCGTAACTCGTA-1,1,33,71,13330,11070
ACAACAGCATGAGCTA-1,1,32,72,13192,10828
GTCCCAACGTAAAGTA-1,1,33,73,13053,11069
TCGGAGTACATGAGTA-1,1,32,74,12915,10827
GGGAGTTAATGAGGCG-1,1,33,75,12776,11068
CCGGGCGGTCTCGTCA-1,1,32,76,12638,10827
CCGTAAGTTGGTCCCA-1,1,33,77,12498,11068
GGAGGGCTTGGTTGGC-1,1,32,78,12360,10826
TCGGACGCCCAGCCCA-1,1,33,79,12221,11067
TCTGTGCCATCATAGT-1,1,32,80,12083,10825
GTACTGGAGTTAGACC-1,1,33,81,11943,11066
GGAATGCGCTAGCGTG-1,1,32,82,11805,10824
GTGTGAATAACTTAGG-1,1,33,83,11666,11065
GGTCGGCCAGGAGCTT-1,1,32,84,11528,10823
TAGCCGGCGGTCAGCG-1,1,33,85,11389,11064
CGGGTGTACCCATTTA-1,1,32,86,11251,10823
AGTGATTCAAGCAGGA-1,1,33,87,11111,11064
GTTGGATTGAGAACAC-1,1,32,88,10973,10822
CACACGCGCTGTCTTA-1,1,33,89,10834,11063
TAGACGCCCGTACCGG-1,1,32,90,10696,10821
GGTTTCAATCGGTCAG-1,1,33,91,10557,11062
AATCTGCGTTGGGACG-1,1,32,92,10419,10820
TTACGGATGGTTCGAG-1,1,33,93,10279,11061
CGGCAGGGTCGGGTTG-1,1,32,94,10141,10820
GCTTTCAGAGGAGGTG-1,1,33,95,10002,11061
TCTTCCCATGGGCACA-1,1,32,96,9864,10819
TACCGCGGACTTGCAG-1,1,33,97,9724,11060
AGAATTATGGATTCGA-1,1,32,98,9586,10818
ATTGATGAGTCCTAAC-1,1,33,99,9447,11059
TAGGTCGCCGGAACTG-1,1,32,100,9309,10817
TAACCTACCGTCCGAG-1,1,33,101,9170,11058
CTTAGTAGGCCTACAG-1,1,32,102,9032,10816
CTAGATGTGAGTGTAA-1,1,33,103,8892,11057
ACTCCCGAATTCGTTT-1,1,32,104,8754,10816
GTTCATCGTTTGGCTG-1,1,33,105,8615,11057
ACTTTACCCTCATGAA-1,1,32,106,8477,10815
GCGAGAGTTGCGTCCA-1,1,33,107,8338,11056
GTTCGGGCGTACCATT-1,1,32,108,8200,10814
CGACTTTGTATAGCCT-1,1,33,109,8060,11055
GCCATCGATGCTGCAT-1,1,32,110,7922,10813
GCATTTCCAAGGCTCC-1,1,33,111,7783,11054
ATGTAAGGCTGCTCTT-1,1,32,112,7645,10813
ACGTTCGCAATCAATT-1,1,33,113,7505,11053
GTGACGAGGGTGACCC-1,1,32,114,7367,10812
ATTATAGCTACTTTAC-1,1,33,115,7228,11053
CGTGTGTTAAACCCTG-1,1,32,116,7090,10811
TTGGTATGGCTTGTGT-1,1,33,117,6951,11052
CATTCCCATTCCGTCG-1,1,32,118,6813,10810
TGCCGAAAGCGTATTC-1,1,33,119,6673,11051
CAACACATCTCCTGCC-1,1,32,120,6535,10809
CTGCCTCATATGCAAC-1,1,33,121,6396,11050
TCCCGCCTATGTGCGT-1,1,32,122,6258,10809
GGTTACCCGACACTTT-1,1,33,123,6119,11050
CCAGCGGGATCACCAG-1,1,32,124,5981,10808
ATGTTTCGGCCCGGAG-1,1,33,125,5841,11049
GCGTCTAACCTCCTAA-1,1,32,126,5703,10807
ATCAGGTAGCTGACAG-1,1,33,127,5564,11048
GGTATGAAAGAACTGA-1,1,34,0,23176,11339
GTGGCCTAATATCATT-1,1,35,1,23037,11580
CCTGTGAAACCGTAAC-1,1,34,2,22899,11338
GGCAGAGAGATCGGGA-1,1,35,3,22760,11579
TAGCGTCGAATATTGA-1,1,34,4,22622,11337
CGCCGACTATTCGCTA-1,1,35,5,22482,11578
TCTGGCGCAAGCCGGG-1,1,34,6,22344,11337
AGTGGTTGCGTATAGG-1,1,35,7,22205,11578
ATCGGTTACCTAGTAA-1,1,34,8,22067,11336
CCTGCCCGTTGTCTAG-1,1,35,9,21928,11577
GCACACGCCCATGGTC-1,1,34,10,21790,11335
AGTACGGCCCGTATCG-1,1,35,11,21650,11576
TATCTAGCCTAAAGGA-1,1,34,12,21512,11334
CACTCGGTTAGGAGGA-1,1,35,13,21373,11575
ATGTTCGTCGACCCAC-1,1,34,14,21235,11333
TTCCTCTGCCCGAATA-1,1,35,15,21095,11574
TTACTATCGGCTTCTC-1,1,34,16,20957,11333
GCCGCATTAGTCCGGC-1,1,35,17,20818,11574
TAAGGGCTGGGAGAGG-1,1,34,18,20680,11332
TAAGCAGGCGACACGC-1,1,35,19,20541,11573
AGCACTACCGGCCTGT-1,1,34,20,20403,11331
GAAAGCCCTTTGGACC-1,1,35,21,20263,11572
GACCGACTGAAGCGTC-1,1,34,22,20125,11330
CGGTGAAGACTAAAGT-1,1,35,23,19986,11571
CCCTGCGCTACGCATA-1,1,34,24,19848,11330
TACTGGACAGCTCGGC-1,1,35,25,19709,11570
TTAGTAGGGCGGCGGG-1,1,34,26,19571,11329
GAGGCTATCAAAGTCG-1,1,35,27,19431,11570
TTACCATTGATTACCC-1,1,34,28,19293,11328
ATACCACGGGCAACTT-1,1,35,29,19154,11569
TGTCCTAAGTCACCGC-1,1,34,30,19016,11327
AGGTAGGTACAAAGCT-1,1,35,31,18876,11568
GGCATACAGGTAGCGG-1,1,34,32,18738,11326
TGTAGTGATCTATAAT-1,1,35,33,18599,11567
TCCCGGGTGTGCTGCT-1,1,34,34,18461,11326
TACGATGTTGATCATC-1,1,35,35,18322,11567
CCTCTCTCCCATCTAG-1,1,34,36,18184,11325
GCAGGACTATAGAATA-1,1,35,37,18044,11566
CTAGTGAAGGACAGGA-1,1,34,38,17906,11324
TACGAGAACTTCACGT-1,1,35,39,17767,11565
CGTTGTTTCAATTCCC-1,1,34,40,17629,11323
GCAAATATTACGCTTT-1,1,35,41,17490,11564
CCAATAGTGCCGTCGA-1,1,34,42,17352,11323
ATTGCTGCTCCTCCAT-1,1,35,43,17212,11563
GAGATCTGCTTGGCAT-1,1,34,44,17074,11322
GCCGAAATTCCTACGT-1,1,35,45,16935,11563
GGCACTCCACTGGGCA-1,1,34,46,16797,11321
GGGTCACCGTGACGGT-1,1,35,47,16657,11562
CACTTAATCAGACGGA-1,1,34,48,16519,11320
CGTTTCGCTCATTACA-1,1,35,49,16380,11561
ATAAAGGCTCGGTCGT-1,1,34,50,16242,11319
CACTAAAGTTGCCTAT-1,1,35,51,16103,11560
GTGCTCAAGTACTGTC-1,1,34,52,15965,11319
CCATGCCTGTTTAGTA-1,1,35,53,15825,11560
TCTAGTTATCAGAAGA-1,1,34,54,15687,11318
TTGTAATCCGTACTCG-1,1,35,55,15548,11559
TCCCAGCTTTAGTCTG-1,1,34,56,15410,11317
CTACGCACGGAGTACC-1,1,35,57,15271,11558
AAATTAACGGGTAGCT-1,1,34,58,15133,11316
CGGCCACGCACAAAGT-1,1,35,59,14993,11557
GAAGCGTGAGGAATTT-1,1,34,60,14855,11315
ATATCTTAGGGCCTTC-1,1,35,61,14716,11556
ACGCGGGCCAAGGACA-1,1,34,62,14578,11315
GCGAGTTCTGCAAAGA-1,1,35,63,14438,11556
TATTCGTGCCAGAATA-1,1,34,64,14300,11314
AGGGCTGCAGTTACAG-1,1,35,65,14161,11555
CTAGCATAGTATAATG-1,1,34,66,14023,11313
TAGGTTCGAGTTCGTC-1,1,35,67,13884,11554
GAATTATAGTGAAAGG-1,1,34,68,13746,11312
CTATCGGGTCTCAACA-1,1,35,69,13606,11553
GCGCTAATTGAATAGA-1,1,34,70,13468,11312
ATGCGACAGTCCCATT-1,1,35,71,13329,11553
GGTAGTGCTCGCACCA-1,1,34,72,13191,11311
AAGCTCGTGCCAAGTC-1,1,35,73,13052,11552
TATTCAATTCTAATCC-1,1,34,74,12914,11310
TTCAAAGTCTCTAGCC-1,1,35,75,12774,11551
TTGAATATGGACTTTC-1,1,34,76,12636,11309
AAGAGCTCTTTATCGG-1,1,35,77,12497,11550
TTACTCCGGCCGGGAA-1,1,34,78,12359,11308
AAACGAGACGGTTGAT-1,1,35,79,12219,11549
GCTAAGTAGTTTCTCT-1,1,34,80,12081,11308
ATAACGCCGGAGGGTC-1,1,35,81,11942,11549
GGATCCGGAATATACT-1,1,34,82,11804,11307
TGAAAGGACCTGACTC-1,1,35,83,11665,11548
TCCGCGGCAGCATCTG-1,1,34,84,11527,11306
TGCATATGTCTGTCAC-1,1,35,85,11387,11547
TGTAGGAGAAATTTCC-1,1,34,86,11249,11305
AGTGAGACTTCCAGTA-1,1,35,87,11110,11546
CCCAAACATGCTGCTC-1,1,34,88,10972,11305
GCTTATGAAGCAGGAA-1,1,35,89,10833,11545
TTCTAACCGAAGCTTA-1,1,34,90,10695,11304
GGATGTCCTTACCGCA-1,1,35,91,10555,11545
AGGGTGCTCTCGAGGG-1,1,34,92,10417,11303
AACTCTCAATAGAGCG-1,1,35,93,10278,11544
TCTGAATTCCGTACAA-1,1,34,94,10140,11302
GCGTGGTACTGGGTTA-1,1,35,95,10000,11543
CGTCGGATAGTGTTGA-1,1,34,96,9862,11301
ATATGTCTCCCTAGCC-1,1,35,97,9723,11542
TCTTTAAGACTATGAA-1,1,34,98,9585,11301
TCATTTAAGTCTCCGA-1,1,35,99,9446,11542
GATATTGAGATTGGCG-1,1,34,100,9308,11300
TGACATCGAGCGGACC-1,1,35,101,9168,11541
GCGTAAATGGCCATAA-1,1,34,102,9030,11299
ATTGTACAACTCGGCT-1,1,35,103,8891,11540
TACGCTATAGAAACCT-1,1,34,104,8753,11298
CACCCAAATCTTATGT-1,1,35,105,8614,11539
AGATGATGGAGTCTGG-1,1,34,106,8476,11298
CCACGGTGCCCGGTAG-1,1,35,107,8336,11538
TCAAGAAATACTAGCT-1,1,34,108,8198,11297
AGGTATAATTGATAGT-1,1,35,109,8059,11538
CAAGGTCCTATAGGCT-1,1,34,110,7921,11296
CCGGCACGACCGTTTC-1,1,35,111,7781,11537
ACCTCCGTTATTCACC-1,1,34,112,7643,11295
GCAGCCTATATCACAT-1,1,35,113,7504,11536
GGTATAGTGACACATA-1,1,34,114,7366,11294
AAATTCCAGGTCCAAA-1,1,35,115,7227,11535
TCTTTAGCAGGCGAAC-1,1,34,116,7089,11294
TATTGACATTTCTGCC-1,1,35,117,6949,11535
TCTGATCGGGTGCTAG-1,1,34,118,6811,11293
GGCCCGGAGCATGTCT-1,1,35,119,6672,11534
GGGCGCAGCGTTACTC-1,1,34,120,6534,11292
TTGGCGATCCGAATAT-1,1,35,121,6395,11533
CCACGTAAATTAGACT-1,1,34,122,6257,11291
TCTGATTGGAAATGGA-1,1,35,123,6117,11532
ATGGCGGAATAGTCGC-1,1,34,124,5979,11290
ATCGCTTTACGTCTCA-1,1,35,125,5840,11531
TACGTGCAAGGTTCCT-1,1,34,126,5702,11290
CAGGACAGCTGCCCTT-1,1,35,127,5562,11531
CAAACCAGGTCTGCAT-1,1,36,0,23175,11822
ACAAGCTATATGGAAG-1,1,37,1,23036,12062
TCGCCCACTGCGAGAG-1,1,36,2,22898,11821
AGCCGCAAATTCAAAT-1,1,37,3,22758,12062
TTAACGTTAAAGCCTG-1,1,36,4,22620,11820
CAGCGCCAACACGATA-1,1,37,5,22481,12061
ATCCAATGGTACCGAA-1,1,36,6,22343,11819
GTGCTGCAGATAAGGA-1,1,37,7,22204,12060
GGCCTTTGCAACTGGC-1,1,36,8,22066,11818
GTCGTACCTACGATTG-1,1,37,9,21926,12059
TAGAAATTCACGTATA-1,1,36,10,21788,11818
AGAATAAATCTTCAGG-1,1,37,11,21649,12059
CATTGCGAAATGGGCG-1,1,36,12,21511,11817
GTCTACTCAATTACAA-1,1,37,13,21371,12058
TGTAATGACCACAATA-1,1,36,14,21233,11816
AAAGTCGACCCTCAGT-1,1,37,15,21094,12057
TACTCGGCACGCCGGG-1,1,36,16,20956,11815
AGGTGTATCGCCATGA-1,1,37,17,20817,12056
TGTGCTTTACGTAAGA-1,1,36,18,20679,11815
AAACCTCATGAAGTTG-1,1,37,19,20539,12055
TATAGGGTACTCATGA-1,1,36,20,20401,11814
CCAGCTGATGGTACTT-1,1,37,21,20262,12055
AATATTGGAGTATTGA-1,1,36,22,20124,11813
GGCCCTCACCCACTTA-1,1,37,23,19985,12054
AACCAAGACTTCTCTG-1,1,36,24,19847,11812
TCGTATTACCCATTGC-1,1,37,25,19707,12053
ATTCGACGCCGGGCCT-1,1,36,26,19569,11811
GGCGCAGGACATCTTC-1,1,37,27,19430,12052
GTACTCCCTTATCGCT-1,1,36,28,19292,11811
TGGTCTGTTGGGCGTA-1,1,37,29,19152,12052
AATAACAACGCTCGGC-1,1,36,30,19014,11810
CATACCCGTACCCAGT-1,1,37,31,18875,12051
ACAATCCATTTAAACC-1,1,36,32,18737,11809
GTTACAATTGGTGACG-1,1,37,33,18598,12050
TTGCCCTGATCACGGG-1,1,36,34,18460,11808
CTAACCGCGCGCCCGT-1,1,37,35,18320,12049
CTAAAGAATGCCTACT-1,1,36,36,18182,11808
ACCCATCTTGAGGGTA-1,1,37,37,18043,12048
GATCTTTGCAGGGTAT-1,1,36,38,17905,11807
GGGTACTTCATGAACT-1,1,37,39,17766,12048
GCCGCTTGTGAGAAAC-1,1,36,40,17628,11806
CCTGTAAGACATGATA-1,1,37,41,17488,12047
CGACAGTTCGCGTTAT-1,1,36,42,17350,11805
ACGATGCATATGTTAT-1,1,37,43,17211,12046
TGTTCCGCTTCCATGA-1,1,36,44,17073,11804
GGATGACGCGAGTTTA-1,1,37,45,16933,12045
GAAGTTTCCACTCAAT-1,1,36,46,16795,11804
GCGAGGCCCGAGCAGA-1,1,37,47,16656,12045
CATACTATGTAATTGT-1,1,36,48,16518,11803
CCAATGTCACAGCAAG-1,1,37,49,16379,12044
GTTGGATTTGCGTTGG-1,1,36,50,16241,11802
GGGAGGATGCCCGAAA-1,1,37,51,16101,12043
GATCGCGGGCTCTCCA-1,1,36,52,15963,11801
GTTCGCCATAAGTGCC-1,1,37,53,15824,12042
AGATTATAGGACGTTT-1,1,36,54,15686,11800
TCGAGACCAACACCGT-1,1,37,55,15547,12041
TATGGGACCGAGCAGG-1,1,36,56,15409,11800
GATGCGTCCTGCATTC-1,1,37,57,15269,12041
TATGGTCTGAGTAACA-1,1,36,58,15131,11799
GCATAGAGCACTCAGG-1,1,37,59,14992,12040
CTTCATTGTCAGTGGA-1,1,36,60,14854,11798
GCAGATTAGGGATATC-1,1,37,61,14714,12039
CCTGTCGCCCGTAAAT-1,1,36,62,14576,11797
CAATTTCGTATAAGGG-1,1,37,63,14437,12038
GTACACTTACCTGAAG-1,1,36,64,14299,11797
CCAGCCTGGACCAATA-1,1,37,65,14160,12037
ATGGAGCAGGCCGTGA-1,1,36,66,14022,11796
GTCATTAGAGCGAACG-1,1,37,67,13882,12037
AAGACTGCAAGCTACT-1,1,36,68,13744,11795
CTAGTCACGTCTTAAG-1,1,37,69,13605,12036
ACTCTTGTATAGTAAC-1,1,36,70,13467,11794
ATTAGGCGATGCTTTC-1,1,37,71,13328,12035
TTCGGGACTAATCGCG-1,1,36,72,13190,11793
TGGACTGTTCGCTCAA-1,1,37,73,13050,12034
AACGTGCGAAAGTCTC-1,1,36,74,12912,11793
CCACCCAAGGAAAGTG-1,1,37,75,12773,12034
CCGCACAAAGACCAAC-1,1,36,76,12635,11792
GCGATTGTTAACGTTA-1,1,37,77,12495,12033
ACTCGTCAGTAATCCC-1,1,36,78,12357,11791
GGTGATAAGGAGCAGT-1,1,37,79,12218,12032
AAGAGGCATGGATCGC-1,1,36,80,12080,11790
CACGTTCGTGCTCTAG-1,1,37,81,11941,12031
CTATTTGGTTACGGAT-1,1,36,82,11803,11790
GTACAGAGGCAAGGGT-1,1,37,83,11663,12030
GGGCCGGCCGAAGTAC-1,1,36,84,11525,11789
CCTGAACGATATATTC-1,1,37,85,11386,12030
CCGGGCTGCTCCATAC-1,1,36,86,11248,11788
TACTTGTTAGTAGTCC-1,1,37,87,11109,12029
CCTAGGCGTAGCGATC-1,1,36,88,10971,11787
CTGGCGCACAGGTCTG-1,1,37,89,10831,12028
ACTTATACTTACCCGG-1,1,36,90,10693,11786
GAAGTCTCCCTAGCGA-1,1,37,91,10554,12027
ACCGATGGTAGCATCG-1,1,36,92,10416,11786
CGAGTTTATCGGACTG-1,1,37,93,10276,12027
CATAACGGACAGTCGT-1,1,36,94,10138,11785
TGACGATGCACTAGAA-1,1,37,95,9999,12026
TAGGGAGCTTGGGATG-1,1,36,96,9861,11784
AGGGTCGATGCGAACT-1,1,37,97,9722,12025
TATATCCCTGGGAGGA-1,1,36,98,9584,11783
CATCTTACACCACCTC-1,1,37,99,9444,12024
GTGCGACAGGGAGTGT-1,1,36,100,9306,11783
CCGATCTCAACCTTAT-1,1,37,101,9167,12023
ACGATCATCTTGTAAA-1,1,36,102,9029,11782
GAAAGAACAGCGTTAT-1,1,37,103,8890,12023
CTAGGTCTGAAGGAAT-1,1,36,104,8752,11781
ATATCAACCTACAGAG-1,1,37,105,8612,12022
AAATAGCTTAGACTTT-1,1,36,106,8474,11780
GCGACATGTAAACATC-1,1,37,107,8335,12021
ATAAGTAGGGCGACTC-1,1,36,108,8197,11779
GCGAGCGCATGCTCCC-1,1,37,109,8057,12020
AGGGACCGGCTGCGTT-1,1,36,110,7919,11779
CCTATGAAGTGGTGCC-1,1,37,111,7780,12020
GCTTACGTAGTTAGTA-1,1,36,112,7642,11778
CATACTTAGGCAATAC-1,1,37,113,7503,12019
CCTGTCCCTCACGTTA-1,1,36,114,7365,11777
CAATGTGCCAACCCTT-1,1,37,115,7225,12018
GTTAAGTTAGAGTGGG-1,1,36,116,7087,11776
CTGGGATACGCTACCC-1,1,37,117,6948,12017
AACCTGTCACGGAATT-1,1,36,118,6810,11775
ACTGCGGACACACCGT-1,1,37,119,6671,12016
CCGTGAGGCATTCATG-1,1,36,120,6533,11775
GCCCAGATGCTGGAGA-1,1,37,121,6393,12016
TCTGGCCGTTCAAGTT-1,1,36,122,6255,11774
ATACGAAGGCTTTCCA-1,1,37,123,6116,12015
GATCCGAATATAAGTG-1,1,36,124,5978,11773
GTGGAGCATGTCGGCC-1,1,37,125,5838,12014
ACTCTTCAGCTCCCGC-1,1,36,126,5700,11772
CCCGATAGCCTCGCCT-1,1,37,127,5561,12013
ACAGGTGTGTTGTTGC-1,1,38,0,23174,12304
TGAACTGCTATGACTT-1,1,39,1,23034,12545
TGACATATATGACGAT-1,1,38,2,22896,12303
AAGTCTTCTGTGGCCT-1,1,39,3,22757,12544
ACCAGACCATAACAAC-1,1,38,4,22619,12303
TGAGACGTACCTCTCA-1,1,39,5,22480,12544
GACCGTTACATGCGAC-1,1,38,6,22342,12302
GGTTCGGATTATACTA-1,1,39,7,22202,12543
CCTCCTGAGCCCACAT-1,1,38,8,22064,12301
CCGCGATTTGGTAGGT-1,1,39,9,21925,12542
AATCTCTACTGTGGTT-1,1,38,10,21787,12300
ACTTTGACTGCATCCT-1,1,39,11,21647,12541
CCCTGACTAACAAATT-1,1,38,12,21509,12300
ACGCTGTGAGGCGTAG-1,1,39,13,21370,12540
GCATACGAGGTCTTTA-1,1,38,14,21232,12299
TCGGGATTCAAACATA-1,1,39,15,21093,12540
GGGCCCTACGAAAGGG-1,1,38,16,20955,12298
CGCCAAGAAGCCGAGT-1,1,39,17,20815,12539
GGTACATCTGGGACGA-1,1,38,18,20677,12297
GGATGCTGGCGTTCCT-1,0,39,19,20538,12538
CCGATTCGAGGGACCC-1,1,38,20,20400,12296
CCACTGGTGGCTGGTT-1,1,39,21,20261,12537
GACAGGCACACACTAT-1,1,38,22,20123,12296
TCAACGCGACCGGCAG-1,1,39,23,19983,12537
CTACGACTAGCTATAA-1,1,38,24,19845,12295
CGGTTGACCTGGCATA-1,1,39,25,19706,12536
ATCCTGAATCGCTGCG-1,1,38,26,19568,12294
GTTTCATATCGTCGCT-1,1,39,27,19428,12535
ATAAATATTAGCAGCT-1,1,38,28,19290,12293
AAGAGGATGTACGCGA-1,1,39,29,19151,12534
TCCTGCGTTGATACTC-1,1,38,30,19013,12292
CGTGCATTGTCGACGC-1,1,39,31,18874,12533
CCGGGTTCGAGGTTAC-1,1,38,32,18736,12292
CCCAATTTCACAACTT-1,1,39,33,18596,12533
TGATTTATTAGCTGTG-1,1,38,34,18458,12291
TGGAAGAAGGGAACGT-1,1,39,35,18319,12532
GACGCTTGCTTCTAAA-1,1,38,36,18181,12290
GGGAACGGGAGGTTAG-1,1,39,37,18042,12531
GCGGCTCTGACGTACC-1,1,38,38,17904,12289
ACGTTAGATTTGCCCG-1,1,39,39,17764,12530
GAGAGGGCGCGAGGTT-1,1,38,40,17626,12289
GCGTCTCTGCATTGGG-1,1,39,41,17487,12530
GCAGCACACAGCCCAG-1,1,38,42,17349,12288
CAGGCCGTTTGGGTGT-1,1,39,43,17209,12529
AACTCAAGTTAATTGC-1,1,38,44,17071,12287
CTTCGTAGATAGGTGA-1,1,39,45,16932,12528
TGCAGAGTACCGAGCA-1,1,38,46,16794,12286
GAAGTGATTTATCGTG-1,1,39,47,16655,12527
CGCTACGGGACATTTA-1,1,38,48,16517,12285
CCACACTGAGATATTA-1,1,39,49,16377,12526
CGATCCGACCCAGTGC-1,1,38,50,16239,12285
CTGTACTTCTTAGCAT-1,1,39,51,16100,12526
ACTTATTAGGATCGGT-1,1,38,52,15962,12284
TAGTCCGCAGAGAATG-1,1,39,53,15823,12525
TTCACGAAAGGATCAC-1,1,38,54,15685,12283
TACATTTCTAACGTGC-1,1,39,55,15545,12524
ACCATATCCGCAATAA-1,1,38,56,15407,12282
CACTCAAGAGCTATGG-1,1,39,57,15268,12523
TGTACGAACAAATCCG-1,1,38,58,15130,12282
ATCATCCAATATTTGT-1,1,39,59,14990,12522
CGCTATTCTTAGGCTC-1,1,38,60,14852,12281
TGGCAGCAGTAATAGT-1,1,39,61,14713,12522
TCACGTGCCCGATTCA-1,1,38,62,14575,12280
CATACGGCGTCTGGGC-1,1,39,63,14436,12521
CACATGATTCAGCAAC-1,1,38,64,14298,12279
GCTAGTAGAGCTTGTA-1,1,39,65,14158,12520
TGCTGTTGAAGAACTC-1,1,38,66,14020,12278
CGGAGCATGGCGATCC-1,1,39,67,13881,12519
TAGCGTTGGGTCTTAC-1,1,38,68,13743,12278
GTAGCGGCTATACACT-1,1,39,69,13604,12519
TAACATACAATGTGGG-1,1,38,70,13466,12277
TCTTCGAATAGACGTT-1,1,39,71,13326,12518
GATCGTGACTGATATC-1,1,38,72,13188,12276
GATCCGGGAATTAACA-1,1,39,73,13049,12517
TTATATACGCTGTCAC-1,1,38,74,12911,12275
GTCGCGTAACCCGTTG-1,1,39,75,12771,12516
AGCTCTAGACGTTCCA-1,1,38,76,12633,12275
GTCAAGCGGACTCGGG-1,1,39,77,12494,12515
CGAGGGACTGCGGTCG-1,1,38,78,12356,12274
AATCGCCTCAGCGCCA-1,1,39,79,12217,12515
CTTGTTGCTGAGTCAA-1,1,38,80,12079,12273
GATATGAGACACTAAC-1,1,39,81,11939,12514
TTATGATCTTAACGAA-1,1,38,82,11801,12272
CGCCGCCCATGCCTGT-1,1,39,83,11662,12513
CTGGGATAAATAATGG-1,1,38,84,11524,12271
GTGCCCGTTCGGATTC-1,1,39,85,11385,12512
TTCAATACTCTGAATC-1,1,38,86,11247,12271
CGCACATGTCCACTAC-1,1,39,87,11107,12512
AGAAGAGCGCCGTTCC-1,1,38,88,10969,12270
GATAACTCGCACTGTG-1,1,39,89,10830,12511
AGTCGACGGTCTCAAG-1,1,38,90,10692,12269
GTGACCGCACACTACG-1,1,39,91,10552,12510
GTATGTGGGTCTAGTT-1,1,38,92,10414,12268
CTTGAGTTAGGGTAAT-1,1,39,93,10275,12509
TTAGCTGATTTGCCGT-1,1,38,94,10137,12267
GCTGTTGCTACCGAAC-1,1,39,95,9998,12508
TATTACCATCCTGCTT-1,1,38,96,9860,12267
TTGAATTCACGTGAGG-1,1,39,97,9720,12508
CCATCTCACCAGTGAA-1,1,38,98,9582,12266
CGCACGTGCGCTATCA-1,1,39,99,9443,12507
ACCCGGATGACGCATC-1,1,38,100,9305,12265
CGCTAGAGACCGCTGC-1,1,39,101,9166,12506
ATAGTTCCACCCACTC-1,1,38,102,9028,12264
GCAGACCCAGCACGTA-1,1,39,103,8888,12505
TAGACTACCTAGCGTT-1,1,38,104,8750,12264
GGTTCTACTCGTCTGA-1,1,39,105,8611,12504
GACTCACCCACGTGAG-1,1,38,106,8473,12263
AGCTCTTCGTAACCTT-1,1,39,107,8333,12504
ACTATCCAGGGCATGG-1,1,38,108,8195,12262
AAGGATCGATCGCTTG-1,1,39,109,8056,12503
ATATCGGTAGGGAGAT-1,1,38,110,7918,12261
TTCCAGACGAGATTTA-1,1,39,111,7779,12502
GACCGACGTGAAAGCA-1,1,38,112,7641,12260
CCTGGAAACGTTCTGC-1,1,39,113,7501,12501
CCGGTAATGGCTAGTC-1,1,38,114,7363,12260
GCCGTGGAAGAAATGT-1,1,39,115,7224,12501
GTCTTGAGGAGCAGTG-1,1,38,116,7086,12259
TCCCAAAGCCCTAAAT-1,1,39,117,6947,12500
TTGAGCGCCACGTGAT-1,1,38,118,6809,12258
TTGAGTCCCGCTGCTG-1,1,39,119,6669,12499
ATGGAACCTTTGCACA-1,1,38,120,6531,12257
GCTAGCACCTGGGCCA-1,1,39,121,6392,12498
CGCCGTCTACCCATCG-1,1,38,122,6254,12257
GATAGGTGTCCCGGGC-1,1,39,123,6114,12497
AGGTATGCGGACATTA-1,1,38,124,5976,12256
TTGGTTCGCTCAAAGG-1,1,39,125,5837,12497
TCTGGAGCGTAAGAGT-1,1,38,126,5699,12255
TGCCTAAATTTAATAG-1,1,39,127,5560,12496
TAATTTCCGTCCAGTA-1,1,40,0,23172,12787
TCCTTCAATCCCTACG-1,1,41,1,23033,13028
TACCTATCCCTAGAGG-1,1,40,2,22895,12786
GCATGGGTACTGACGC-1,1,41,3,22756,13027
GTCGGGAACATGGTAG-1,1,40,4,22618,12785
GCAAATGAGGACACTT-1,1,41,5,22478,13026
GAATGGGCTTATCGAC-1,1,40,6,22340,12784
TGGTCGTGCAAGGCAA-1,1,41,7,22201,13025
CACCACGCCACACAGA-1,1,40,8,22063,12784
GAACCTCGACCTACAC-1,1,41,9,21923,13025
CAATACGCTCTGAGGC-1,1,40,10,21785,12783
TGGTAAGCAGGATTGA-1,1,41,11,21646,13024
AGTGGCTCCGTCGGCC-1,1,40,12,21508,12782
GATCGGATAGAACCAT-1,0,41,13,21369,13023
GCTACAGTACGGACCG-1,1,40,14,21231,12781
TCTATTACTAGAGGAT-1,0,41,15,21091,13022
TTCAGGCGTCAAAGCC-1,0,40,16,20953,12781
AGACCGGGAAACCCTG-1,0,41,17,20814,13022
AGAGATCTCTAAAGCG-1,0,40,18,20676,12780
CCCTGCCCAATCCGCT-1,0,41,19,20537,13021
GTGGCGGTCCCAGCGT-1,0,40,20,20399,12779
GCATTGTAATTCATAT-1,0,41,21,20259,13020
CCGTTCCGAATCTCGG-1,1,40,22,20121,12778
AGCTTGATCTTAACTT-1,1,41,23,19982,13019
CCTGTACTCACGCCCA-1,1,40,24,19844,12777
AAGTGACGACCGAATT-1,1,41,25,19704,13018
CTCACTTGGCTGGTAA-1,1,40,26,19566,12777
CGCCTGGCCTACGTAA-1,1,41,27,19427,13018
CCCGTAAGTCTAGGCC-1,1,40,28,19289,12776
TTGGACATGTGGCTTA-1,1,41,29,19150,13017
ATTACGCGCTGGCAGG-1,1,40,30,19012,12775
ACGCGCTACACAGGGT-1,1,41,31,18872,13016
TACGTTTACCGGCAAT-1,1,40,32,18734,12774
CGAAACGCAATTCATG-1,1,41,33,18595,13015
TAGTCTAACAACGAGA-1,1,40,34,18457,12774
TTGCATGCTGATCACG-1,1,41,35,18318,13014
TCTGGGTAGCGCTCAT-1,1,40,36,18180,12773
ACATCGGTCAGCCGCG-1,1,41,37,18040,13014
AGATACCGGTGTTCAC-1,1,40,38,17902,12772
GATTACTGAATTTGGG-1,1,41,39,17763,13013
TCCAACTTTAAATTCT-1,1,40,40,17625,12771
TCCTAGCAAAGAAGCT-1,1,41,41,17485,13012
GTCTATCTGAGTTTCT-1,1,40,42,17347,12770
GATGTTCAATCCACGA-1,1,41,43,17208,13011
AGTTAAACACTTGCGA-1,1,40,44,17070,12770
AGCTCTTTACTCAGTT-1,1,41,45,16931,13011
ATCCAGGATTCGTGAA-1,1,40,46,16793,12769
AGTCAACACCACCATC-1,1,41,47,16653,13010
CGATACCTCGCGGACA-1,1,40,48,16515,12768
TACAACGCACAACTCA-1,1,41,49,16376,13009
AATTAAAGGTCGGCGT-1,1,40,50,16238,12767
TACGCAGTTCTTTCCT-1,1,41,51,16099,13008
GACCGTGCTGACGGTG-1,1,40,52,15961,12767
GGCAAATTACTTTACT-1,1,41,53,15821,13007
GGTACAAACATGCTAT-1,1,40,54,15683,12766
CGGGCCTTCTTTGTAA-1,1,41,55,15544,13007
CGTGAAGTTAATTCAC-1,1,40,56,15406,12765
ATAGTGAAGCGTTCTC-1,1,41,57,15266,13006
TACGCCATATTCTAAT-1,1,40,58,15128,12764
GCCGGGTTAGGGTCGC-1,1,41,59,14989,13005
TACATAGGCATACACC-1,1,40,60,14851,12763
GCCGATTGGCCAAGCT-1,1,41,61,14712,13004
CTGCCATGCATCACAT-1,1,40,62,14574,12763
TTATGAATGAAAGGGA-1,1,41,63,14434,13004
GCTGAGGCGTGAGTAT-1,1,40,64,14296,12762
GCGCCGTTCCACGATA-1,1,41,65,14157,13003
CGCATGGTGCGATGCT-1,1,40,66,14019,12761
AGGTTTCACACACCTT-1,1,41,67,13880,13002
CAAGGATCGCATGTTC-1,1,40,68,13742,12760
ACGTTAATGTCGAAGA-1,1,41,69,13602,13001
TCCAGAGCACCGGTTC-1,1,40,70,13464,12759
GATTCGACGGTTCACG-1,1,41,71,13325,13000
GTTTCTGCAGTCTCCC-1,1,40,72,13187,12759
GCTGCACGGTTTCTTA-1,1,41,73,13047,13000
CGTGCAGACTGGGACA-1,1,40,74,12909,12758
GTGTTACTATGCGTCC-1,1,41,75,12770,12999
TCCTCGGGCTGGGCTT-1,1,40,76,12632,12757
GTGAGGACACTTAAGG-1,1,41,77,12493,12998
ATACGCCGGCGAAACC-1,1,40,78,12355,12756
TCTGCCAGAAACTGCA-1,1,41,79,12215,12997
TTCTGCGGGTTAGCGG-1,1,40,80,12077,12756
CTCGGTACCACTGCTC-1,1,41,81,11938,12997
GTAAGTAACAGTCTGG-1,1,40,82,11800,12755
GTGCGTGTATATGAGC-1,1,41,83,11661,12996
ATTTGTCTTGGGAGCT-1,1,40,84,11523,12754
CCTCGGACCGGGATAG-1,1,41,85,11383,12995
TAGGTGCTCGCCTAGC-1,1,40,86,11245,12753
CTTTAGGAACACTGTT-1,1,41,87,11106,12994
TCGGGCCGTCGTGGTA-1,1,40,88,10968,12752
AGTGCTTGCACGAATA-1,1,41,89,10828,12993
TGCAGTTTCCTCCCAT-1,1,40,90,10690,12752
TGAGAGATTTACCACG-1,1,41,91,10551,12993
GAAACAGATGACCACC-1,1,40,92,10413,12751
AGCAACATATCTTATT-1,1,41,93,10274,12992
CAAGTGTGGTTGCAAA-1,1,40,94,10136,12750
GCCTCATCTGGAAATA-1,1,41,95,9996,12991
AACCCTACTGTCAATA-1,1,40,96,9858,12749
ACGTATTACTCCGATC-1,1,41,97,9719,12990
TCTGGGAACCTTTGAA-1,1,40,98,9581,12749
GCTCGCTCATGTCCAA-1,1,41,99,9442,12989
GCGCAAGAGCGCGCTG-1,1,40,100,9304,12748
TTGACGCTCCATGAGC-1,1,41,101,9164,12989
TATAGATGGTCGCAGT-1,1,40,102,9026,12747
TTACATGCCACAACTA-1,1,41,103,8887,12988
ACATGGCGCCAAAGTA-1,1,40,104,8749,12746
TATGGTTAGTGGGAGA-1,1,41,105,8609,12987
CATGACTTCGCTGAAT-1,1,40,106,8471,12745
ACCACCAATGTAACAA-1,1,41,107,8332,12986
TCTTAGAGCTCCAATT-1,1,40,108,8194,12745
CCACGAATTTAACCTC-1,1,41,109,8055,12986
TTCTTGCTAGCATCTC-1,1,40,110,7917,12744
ACACCTTACTACTTGC-1,1,41,111,7777,12985
AGTCGGTTGCGTGAGA-1,1,40,112,7639,12743
ACCTACAGTATGTGGT-1,1,41,113,7500,12984
GAGGATAAACAGTGCT-1,1,40,114,7362,12742
TTCCGGTATCTGTGTC-1,1,41,115,7223,12983
GGAGGCCGAAGTCGTC-1,1,40,116,7085,12742
TTCGCTAGGAAGTTGT-1,1,41,117,6945,12982
TAAAGACAACCCTTTA-1,1,40,118,6807,12741
GTTGCGCTAACATTAC-1,1,41,119,6668,12982
GCTGAACTCTCCAGGG-1,1,40,120,6530,12740
AGCCCTGTCGCACCGT-1,1,41,121,6390,12981
AGCGCTAGAGCGATGT-1,1,40,122,6252,12739
TGCGCCGTTAATAACG-1,1,41,123,6113,12980
TGACAACGCATGTCGC-1,1,40,124,5975,12738
CGTCTTGAGTGTGACG-1,1,41,125,5836,12979
GATAGGATTAATTACA-1,1,40,126,5698,12738
GATACCGTGTCGGAGT-1,1,41,127,5558,12979
TGTGTCGAAGTCGAGG-1,0,42,0,23171,13269
GGATCAGAGCCATCAG-1,0,43,1,23032,13510
GTCCCAATCATCCCGC-1,0,42,2,22894,13269
TGCCACACTAGAGGAA-1,0,43,3,22754,13510
TGAATTTCACTTGCCT-1,0,42,4,22616,13268
CTCAGATTGTGATAAG-1,0,43,5,22477,13509
CGGACGTTACTTGAAG-1,0,42,6,22339,13267
CCGCCTTGCGATGTCG-1,0,43,7,22199,13508
CCAGTCAAATCTCTTA-1,0,42,8,22061,13266
AAACAGCTTTCAGAAG-1,0,43,9,21922,13507
TAGCTGATGTGAAGCG-1,0,42,10,21784,13266
CTTATGCGCTCAGGGC-1,0,43,11,21645,13506
TGGCTCTTGTCGCGTA-1,0,42,12,21507,13265
TTGTGAGGCATGACGC-1,0,43,13,21367,13506
CATAAGCTCTCCGTCT-1,0,42,14,21229,13264
CCTTCTCAGCGTTCCT-1,0,43,15,21090,13505
TGCAGCTACGTACTTC-1,0,42,16,20952,13263
CTCTACACTGGCGATT-1,0,43,17,20813,13504
TGCAGATCGTCCTAGG-1,0,42,18,20675,13262
TGCCAAAGTCAGACTT-1,0,43,19,20535,13503
ACAATAGTCGTACGTT-1,0,42,20,20397,13262
CATGCCAACTCGCAAA-1,0,43,21,20258,13503
TGCAGAACTATATCGT-1,0,42,22,20120,13261
TCGTGTCACGCTGACA-1,0,43,23,19980,13502
TGATCAGGGAACTGCT-1,0,42,24,19842,13260
CTTGCAACCGCCTCCT-1,0,43,25,19703,13501
AGCCCATACATGTAAG-1,1,42,26,19565,13259
ATCCAATGGAGGGTCC-1,1,43,27,19426,13500
AAACCGGGTAGGTACC-1,1,42,28,19288,13259
GCAACCACGGCCGCGT-1,1,43,29,19148,13499
CGCTTATTCCCGGTCG-1,1,42,30,19010,13258
TTACTCTGGTACGTAC-1,1,43,31,18871,13499
GTGGTTTCCGCCTTTC-1,1,42,32,18733,13257
ATAGGCGGCTATAGAA-1,1,43,33,18594,13498
GTGCCATCACACGGTG-1,1,42,34,18456,13256
CCCAACATACGTCGCG-1,1,43,35,18316,13497
CGGTGCAGATAGAACG-1,1,42,36,18178,13255
GGGCGGGTTCCCTACG-1,1,43,37,18039,13496
TGAGCCATACAGTCTC-1,1,42,38,17901,13255
CTCCGCCCACATGAGG-1,1,43,39,17761,13496
GTTGAACCGGTTCCAT-1,1,42,40,17623,13254
TTGACTACCATATGGT-1,1,43,41,17484,13495
ACCATCGTATATGGTA-1,1,42,42,17346,13253
TGCGTAAGAACCTGAT-1,1,43,43,17207,13494
AGAAGGTTGCCGAATT-1,1,42,44,17069,13252
AGGACGACCCATTAGA-1,1,43,45,16929,13493
GGTGCTGGTACACATT-1,1,42,46,16791,13251
GCGCTATGCCGAGGCA-1,1,43,47,16652,13492
ACCCGGTTACACTTCC-1,1,42,48,16514,13251
TAACTCATCCGCGCGG-1,1,43,49,16375,13492
CACAATGAGCTGCTAT-1,1,42,50,16237,13250
GTTACTTTGGGCCTAG-1,1,43,51,16097,13491
GGGCCCGTCTTAAACA-1,1,42,52,15959,13249
GAAATTGTCTCTATAA-1,1,43,53,15820,13490
GGCGCATGAATTGATG-1,1,42,54,15682,13248
CATATAGGTACAGTCA-1,1,43,55,15542,13489
TCAACGAGGAGACAAA-1,1,42,56,15404,13248
TTGCACAATTCAGAAA-1,1,43,57,15265,13489
CATCGGACGGGTTAAT-1,1,42,58,15127,13247
ATTAAACATGCGGACC-1,1,43,59,14988,13488
TATCTACCACAGCGGG-1,1,42,60,14850,13246
CGAGACCCTAGAGTGT-1,1,43,61,14710,13487
ACATCGATCGTTTACC-1,1,42,62,14572,13245
ATCGACCCAATACAGA-1,1,43,63,14433,13486
GAATCTGAACATTCTC-1,1,42,64,14295,13244
AGTTCCTATTTATGTT-1,1,43,65,14156,13485
CAGTCTGTATACTGGG-1,1,42,66,14018,13244
GGAGACGACACCTTTG-1,1,43,67,13878,13485
CCTAAATTAACGGTTC-1,1,42,68,13740,13243
GCTACGACTTATTGGG-1,1,43,69,13601,13484
CTGTGCAGGGTAGGTC-1,1,42,70,13463,13242
ACGCCGCTAGACGACC-1,1,43,71,13323,13483
ACTTGACTCCCTCTTT-1,1,42,72,13185,13241
CGCCTCCCTCCTCTAT-1,1,43,73,13046,13482
CTAGATTTACGACGGC-1,1,42,74,12908,13241
GATGCTGTATTTCATC-1,1,43,75,12769,13481
TGCGTTTGTTGACACT-1,1,42,76,12631,13240
CGTGCCCTCCCGAAGA-1,1,43,77,12491,13481
ACTCTCTGACTTAGGT-1,1,42,78,12353,13239
CTGGGTAGGCAGTTAA-1,1,43,79,12214,13480
GTTTGGCCCAAGTTAT-1,1,42,80,12076,13238
GAATGTGGTCCGGATT-1,1,43,81,11937,13479
CCCAGTTAAGGCGCCG-1,1,42,82,11799,13237
CGGTACTAGAATCAAA-1,1,43,83,11659,13478
GCTTAATGTAACTAAC-1,1,42,84,11521,13237
AGGACAGTCGAATCCC-1,1,43,85,11382,13478
GACAGCCAGACCTGAC-1,1,42,86,11244,13236
GGCGAAATCTAACTTG-1,1,43,87,11104,13477
CTGGTAACACATAGAA-1,1,42,88,10966,13235
TAGCCATTTCAAAGTC-1,1,43,89,10827,13476
GGGATTTACCGCACCT-1,1,42,90,10689,13234
ATGCCATTTGCGACCA-1,1,43,91,10550,13475
GAATAGACGCGACCCA-1,1,42,92,10412,13234
TGTATGGCGCAGACAG-1,1,43,93,10272,13474
GGATGAAGATCGCTGA-1,1,42,94,10134,13233
CGACAATTTGATCTAA-1,1,43,95,9995,13474
AAAGTTGACTCCCGTA-1,1,42,96,9857,13232
CGCGGCTCAACTTGAA-1,1,43,97,9718,13473
CACGCGGAACTGTTGC-1,1,42,98,9580,13231
TCTTAGAGTGAACTCT-1,1,43,99,9440,13472
AGTCCATTGGCTGATG-1,1,42,100,9302,13230
TTAAGATAGGATTGAC-1,1,43,101,9163,13471
ACATCCTGGTAACTGT-1,1,42,102,9025,13230
CACCTTGGCGCCTTTG-1,1,43,103,8885,13471
GCTAGACCGTCTACTG-1,1,42,104,8747,13229
CGGCCCAGGTATATCC-1,1,43,105,8608,13470
GTCCATTACTGCTACG-1,1,42,106,8470,13228
GGGTTTAGGATAGGAT-1,1,43,107,8331,13469
TAATTAGGACATCCGT-1,1,42,108,8193,13227
GCTCCCAGTCGGTCCA-1,1,43,109,8053,13468
ATTCGTGCTATCTCTT-1,1,42,110,7915,13226
GTTAACTATGTTGTCA-1,1,43,111,7776,13467
GCTCCGCTCGCTTCAG-1,1,42,112,7638,13226
GCAACGGCTAGTTATG-1,1,43,113,7499,13467
AATCGCGCAGAGGACT-1,1,42,114,7361,13225
AGGTTACACCATGCCG-1,1,43,115,7221,13466
CGAGATTTCGCTCGGG-1,1,42,116,7083,13224
CGATAATACTCAGGTT-1,1,43,117,6944,13465
AAGGCAGGCTGTCTCC-1,1,42,118,6806,13223
GTAAGTCCACACTCTA-1,1,43,119,6666,13464
ATGAGGGCAGCGGCTA-1,1,42,120,6528,13223
GCCGCACTCCGTTTCA-1,1,43,121,6389,13464
GAGCACGGCGCCTCTT-1,1,42,122,6251,13222
ACAATTTGGCCATATT-1,1,43,123,6112,13463
CTGGTTCGCGAGCTAC-1,1,42,124,5974,13221
GACGGTCCTAGGGTGT-1,1,43,125,5834,13462
ACTCGCGATCTGACGC-1,1,42,126,5696,13220
GTGTACGAACCGTTCC-1,1,43,127,5557,13461
CTTTGACGTCGCTTCT-1,0,44,0,23170,13752
CGTTATCATACTTCCA-1,0,45,1,23030,13993
GCTATGCCAGCTTATG-1,0,44,2,22892,13751
CAGTCGGCCTAGATAT-1,0,45,3,22753,13992
CCCGTGAGGGCGGTGA-1,0,44,4,22615,13751
TCTCGTGTTACGAGGA-1,0,45,5,22475,13991
ACGTCTCGTTCCGGGA-1,0,44,6,22337,13750
CGAGAGCGCGTAGATA-1,0,45,7,22198,13991
GACAGATTTCTGGCTC-1,0,44,8,22060,13749
GGGCCTAAATGGGCTA-1,0,45,9,21921,13990
ACTTGTAGTCCCTTCA-1,0,44,10,21783,13748
CCCGAAGTTTCGCGAA-1,0,45,11,21643,13989
ACCATCCGCCAACTAG-1,0,44,12,21505,13747
TGCGAATATGGGATTT-1,0,45,13,21366,13988
TACATCCCTATCCCTG-1,0,44,14,21228,13747
GTGGGAAGACTGAATC-1,0,45,15,21089,13988
TCAACATCGACCGAGA-1,0,44,16,20951,13746
CTATGTGAGTCACGGC-1,0,45,17,20811,13987
CCGAACACTGGGCCTC-1,0,44,18,20673,13745
AAACTTGCAAACGTAT-1,0,45,19,20534,13986
AGGGCGAGCAGCTGAT-1,0,44,20,20396,13744
AACACGAGACGCGGCC-1,0,45,21,20256,13985
TGACGAATATTTCCCT-1,0,44,22,20118,13744
TCGGAGAGTATCGGGA-1,0,45,23,19979,13984
CAAATCTCTCACAAGG-1,0,44,24,19841,13743
AGGCCCTAGAACGCCA-1,0,45,25,19702,13984
TAGAGATCATGCAACT-1,0,44,26,19564,13742
TTGTTTCCATACAACT-1,1,45,27,19424,13983
GAGAGGTGCATTCTGG-1,1,44,28,19286,13741
GTGGACCAACCCGATT-1,1,45,29,19147,13982
CTGGGCCTGCTATATC-1,1,44,30,19009,13740
CATAGTCCACAAGAAC-1,1,45,31,18870,13981
TTGACATGAACGTGGA-1,1,44,32,18732,13740
GGTTACCACCCTCGGG-1,1,45,33,18592,13981
TACCGGTCGTTTCCAT-1,1,44,34,18454,13739
CGAGTACTAAAGAGGA-1,1,45,35,18315,13980
GCAAGAATTCCTTGGC-1,1,44,36,18177,13738
TCGCCGAAGTTGCGTC-1,1,45,37,18037,13979
TTGAGAGTACTGCTAA-1,1,44,38,17899,13737
GCCACAATTTAAGGAC-1,1,45,39,17760,13978
ATATTCAGTTAAACCT-1,1,44,40,17622,13736
TGAGTGCCTCTTAAAT-1,1,45,41,17483,13977
ATCAGACGGCACGCCG-1,1,44,42,17345,13736
GTGCGAAATCGAACAC-1,1,45,43,17205,13977
GTGCCGCTTCAAAGGT-1,1,44,44,17067,13735
GATACGATGGGAGTCA-1,1,45,45,16928,13976
GACACTGAGTTCAGTG-1,1,44,46,16790,13734
ATCCTGCGTGGAATGG-1,1,45,47,16651,13975
ATCCTACCTAAGCTCT-1,1,44,48,16513,13733
AGTGATATGAGTAGTT-1,1,45,49,16373,13974
ATGATGCAATGGTACA-1,1,44,50,16235,13733
GAAACCGAATTACCTT-1,1,45,51,16096,13973
AGTGACCTACTTTACG-1,1,44,52,15958,13732
CAAATGTCCTTCCGTG-1,1,45,53,15818,13973
TTACTGGGATATTTCA-1,1,44,54,15680,13731
CTTGCCCAGGCTCTAC-1,1,45,55,15541,13972
AAATCGTGTACCACAA-1,1,44,56,15403,13730
GTGATCATAGATCTGC-1,1,45,57,15264,13971
TGGCAGATTACGATCA-1,1,44,58,15126,13729
TCACCCTCTTAAGATT-1,1,45,59,14986,13970
CAGGATATATCGTTGT-1,1,44,60,14848,13729
CCTGACCACCGATGGT-1,1,45,61,14709,13970
CTAAAGGGAAATAGGA-1,1,44,62,14571,13728
CCGCTATCAGCACCAG-1,1,45,63,14432,13969
CTTTAGTGCTATTATT-1,1,44,64,14294,13727
CGGGAATTTATGTAAA-1,1,45,65,14154,13968
TACGACTGCCTCTTAG-1,1,44,66,14016,13726
AAACTGCTGGCTCCAA-1,1,45,67,13877,13967
GTACGTTTGCCCGTCA-1,1,44,68,13739,13726
GGCAAGGCGAAATAGC-1,1,45,69,13599,13966
GATCTTGGAGGGCATA-1,1,44,70,13461,13725
AGCGTGGTATTCTACT-1,1,45,71,13322,13966
CTAAGGGAATGATTGG-1,1,44,72,13184,13724
CATGGTAAGTAGCGTT-1,1,45,73,13045,13965
CGTTGAGCGACCGTCG-1,1,44,74,12907,13723
TGCCCGTACCGTTAAA-1,1,45,75,12767,13964
ACAAGGGCAGGCTCTG-1,1,44,76,12629,13722
GAGATCTTCCATGACA-1,1,45,77,12490,13963
AATGACGTAGGATGTC-1,1,44,78,12352,13722
GTGGTGGCCAAGTGAA-1,1,45,79,12213,13963
TCCCGTGTGCAATTTG-1,1,44,80,12075,13721
ACATCGTATGCAATGG-1,1,45,81,11935,13962
GCGAAACTTAACTGGA-1,1,44,82,11797,13720
AATTGAACGCTCTGGT-1,1,45,83,11658,13961
ACAAATGGTAGTGTTT-1,1,44,84,11520,13719
ATGGTCGCGTGGTTTC-1,1,45,85,11380,13960
TGTTATTGTATGTGGC-1,1,44,86,11242,13718
TTCCGGTTACCCACTT-1,1,45,87,11103,13959
GAGTGTGCGGTACCCA-1,1,44,88,10965,13718
CAAGATATTATAACGT-1,1,45,89,10826,13959
ACACACCAGGACCAGT-1,1,44,90,10688,13717
ATGGGCCTCGGCCTCT-1,1,45,91,10548,13958
AAGGTGATAAACCAGC-1,1,44,92,10410,13716
TCTTACTTATGCCTCT-1,1,45,93,10271,13957
AAAGTGTGATTTATCT-1,1,44,94,10133,13715
TGCTCCACAGTTCTTA-1,1,45,95,9994,13956
CTGGCTGATTCATCCT-1,1,44,96,9856,13715
TAAGGCTGAATCCCTC-1,1,45,97,9716,13956
TCTAGTGATATCGTGG-1,1,44,98,9578,13714
TCGAAGAACCGAGCAC-1,1,45,99,9439,13955
GACAAACATATGCAGG-1,1,44,100,9301,13713
AAGTCAATTGTCGTCA-1,1,45,101,9161,13954
AGTGAACAAACTTCTC-1,1,44,102,9023,13712
CATGATGGAAGTTAGC-1,1,45,103,8884,13953
AAGTGCCTTGACTGTA-1,1,44,104,8746,13711
ATCGCCAGTCAACATT-1,1,45,105,8607,13952
ACCGCGGTGGAAGTCG-1,1,44,106,8469,13711
TCTTCTATAACCCGCC-1,1,45,107,8329,13952
CACATTTCTTGTCAGA-1,1,44,108,8191,13710
TAGCGTCCCTCGATTG-1,1,45,109,8052,13951
GTTCGGATCGGGAACA-1,1,44,110,7914,13709
CAAACTCGCGACGCCG-1,1,45,111,7775,13950
GTCTTGTAGCTATTCA-1,1,44,112,7637,13708
TCTCGACGTATCGCCG-1,1,45,113,7497,13949
TTGCCAAGCAGAACCC-1,1,44,114,7359,13708
AAACCCGAACGAAATC-1,1,45,115,7220,13948
TTGAGCAGCCCACGGT-1,1,44,116,7082,13707
CGCCTTTAGCATGCTC-1,1,45,117,6942,13948
TGTGGCTCCCACCAAC-1,1,44,118,6804,13706
CCGCCGTTGAGGATAA-1,1,45,119,6665,13947
CAATACGAGAGTCTGA-1,1,44,120,6527,13705
CATCTAGTGAAGGGAA-1,1,45,121,6388,13946
GGTGGAGGTTGATACG-1,1,44,122,6250,13704
CCGCACACGAACGTGT-1,1,45,123,6110,13945
AGAACCCAGCGTGACA-1,1,44,124,5972,13704
GCGCTCGATCACCTGT-1,1,45,125,5833,13945
ATCATGGACTACCGAC-1,1,44,126,5695,13703
TACGCCGCCTCAGAAG-1,1,45,127,5556,13944
CGACCTACTAGACAAT-1,0,46,0,23168,14235
GAGTCTTGTAAAGGAC-1,0,47,1,23029,14476
AATATCCTAGCAAACT-1,0,46,2,22891,14234
CCCTAGGCAACAAGAG-1,0,47,3,22751,14475
ACAAAGAAGGTAGGCC-1,0,46,4,22613,14233
CCCTGGCTGTTCCTTC-1,0,47,5,22474,14474
TCGCCGCACCGCGTGA-1,0,46,6,22336,14232
TATAGCGCACGTTATC-1,0,47,7,22197,14473
TTATCTGACATTAGGA-1,0,46,8,22059,14232
AGTGGTGTTACCCGTG-1,0,47,9,21919,14473
GCCAAGAATACTTCTG-1,0,46,10,21781,14231
CCGGCGTGAGACTCTG-1,0,47,11,21642,14472
TTCCCGGCGCCAATAG-1,0,46,12,21504,14230
AAACAGGGTCTATATT-1,0,47,13,21365,14471
ACAGTAATACAACTTG-1,0,46,14,21227,14229
CGAACGGCCGGACAAC-1,0,47,15,21087,14470
GCAACACACTAGAACT-1,0,46,16,20949,14228
ACTCCCATTCCTAAAG-1,0,47,17,20810,14469
ACCTGCGTGTCATGTT-1,0,46,18,20672,14228
TACTTTCCGCACGCCA-1,0,47,19,20532,14469
AGGTCAGGTGAGAGTG-1,0,46,20,20394,14227
TCCTCCTAAGACATTC-1,0,47,21,20255,14468
ATGTGAAAGCCTAATG-1,0,46,22,20117,14226
AGTCGGCTCAACTTTA-1,0,47,23,19978,14467
CGATCTGTTGGAGGAC-1,0,46,24,19840,14225
ACGGGAGTGTCGGCCC-1,0,47,25,19700,14466
TTAACTTCAGGTAGGA-1,0,46,26,19562,14225
CCACGGAGCCATAAGA-1,0,47,27,19423,14466
CTTCTATGTTGAAGTA-1,1,46,28,19285,14224
CACCGTTGCGCGATAT-1,1,47,29,19146,14465
TCTAGCAATCTCCGCC-1,1,46,30,19008,14223
AGTTTGGCCAGACCTA-1,1,47,31,18868,14464
TTGTAAGGACCTAAGT-1,1,46,32,18730,14222
AAATTTGCGGGTGTGG-1,1,47,33,18591,14463
AAGTTCGGCCAACAGG-1,1,46,34,18453,14221
CCGCTTACCTCACTCT-1,1,47,35,18313,14462
ATCACGTGCTAATTAA-1,1,46,36,18175,14221
GGTGAAGTACAGGGAT-1,1,47,37,18036,14462
GCTGTATTACTGGCCC-1,1,46,38,17898,14220
AACGGCCATCTCCGGT-1,1,47,39,17759,14461
TAAGTAACATCTTGAC-1,1,46,40,17621,14219
TTCTTGAGCCGCGCTA-1,1,47,41,17481,14460
AGTGCGTAGCTCGTAA-1,1,46,42,17343,14218
GGGATGGTCGTAACCG-1,1,47,43,17204,14459
GTCTGGGCGGTCGAGA-1,1,46,44,17066,14218
CGGAACGTAAACATAG-1,1,47,45,16927,14458
TGCGACACCCTAGTGC-1,1,46,46,16789,14217
CAAACGAGTATCGCAG-1,1,47,47,16649,14458
TCAGTAGGGACTATAA-1,1,46,48,16511,14216
GCGGTTCCCTATCATG-1,1,47,49,16372,14457
GTGACTTCAGTAGTGC-1,1,46,50,16234,14215
CGTCACGTCCATTGGT-1,1,47,51,16094,14456
ATAAGTTACCGCGACG-1,1,46,52,15956,14214
CTGAATCCGAGACCTC-1,1,47,53,15817,14455
TACGACGCTTGCTGCG-1,1,46,54,15679,14214
GAATTCACCCGGGTGT-1,1,47,55,15540,14455
GGGTGACACCTTAACT-1,1,46,56,15402,14213
TGAGTAAATTAGCGTA-1,1,47,57,15262,14454
GAGTCCGCTTACCGGA-1,1,46,58,15124,14212
GGCGCGTTCGAGTTTA-1,1,47,59,14985,14453
ATTCATATACTGTCCA-1,1,46,60,14847,14211
ATAAACGGACCCGTAA-1,1,47,61,14708,14452
GTCGTACCATCTCGGG-1,1,46,62,14570,14211
ATAATAGCTGTTGAAT-1,1,47,63,14430,14451
TTCCGCGTGAGGCGAT-1,1,46,64,14292,14210
TACCGGCTCACTGCCC-1,1,47,65,14153,14451
GTATCTTTCATAACCA-1,1,46,66,14015,14209
GTTACCTACAACTTGC-1,1,47,67,13875,14450
TGACTATAATCCTTTC-1,1,46,68,13737,14208
AAATACCTATAAGCAT-1,1,47,69,13598,14449
TTATTAGAGCGTGTTC-1,1,46,70,13460,14207
ATGTGGACATCTTGAT-1,1,47,71,13321,14448
GTACGCTTCATTGCAC-1,1,46,72,13183,14207
CACATATTAGCAGGAT-1,1,47,73,13043,14448
CAAGAGGGCGGAGTAC-1,1,46,74,12905,14206
TCGCAAAGATGCATTT-1,1,47,75,12766,14447
GTCGTTATTCGCTTAT-1,1,46,76,12628,14205
TCGTGTACTATGGATG-1,1,47,77,12489,14446
GCGGAGAGGGAGAACG-1,1,46,78,12351,14204
TCACAGGGAATCGCAA-1,1,47,79,12211,14445
GACTGCACCAGCCCAG-1,1,46,80,12073,14203
TCCGCTGTCATCCCGG-1,1,47,81,11934,14444
AGATACTCAAGATCGA-1,1,46,82,11796,14203
ACTGAATGGCGAAAGT-1,1,47,83,11656,14444
TCCTACATCCACGGCC-1,1,46,84,11518,14202
TTCAGCCCTGGTCCAC-1,1,47,85,11379,14443
TTAGAGTTTAGAAGGA-1,1,46,86,11241,14201
GGTTAGCTATATGTCT-1,1,47,87,11102,14442
CTGGTTTCGAGCAAGA-1,1,46,88,10964,14200
TGGGCCCATACTAATT-1,1,47,89,10824,14441
ACTTATTTATGTGCCA-1,1,46,90,10686,14200
TTAGTTATTCGTGGCA-1,1,47,91,10547,14440
AACCGCTAAGGGATGC-1,1,46,92,10409,14199
ATACGTCCACTCCTGT-1,1,47,93,10270,14440
CGACACGCTCCGACAG-1,1,46,94,10132,14198
TCTGAACTCGTACCCG-1,1,47,95,9992,14439
AGGATATAGGGATTTA-1,1,46,96,9854,14197
GTGATCACTAACGCCT-1,1,47,97,9715,14438
ACCGGGCCTTTGTTGA-1,1,46,98,9577,14196
TTGACAGGAGCTCCCG-1,1,47,99,9437,14437
CTCTTCTATTGACTGG-1,1,46,100,9299,14196
CGTGGCCGAATATCTA-1,1,47,101,9160,14437
GGTTTAGCCTTTCTTG-1,1,46,102,9022,14195
TCAAGGTTACTACACC-1,1,47,103,8883,14436
TTGACTATTGTCCGGC-1,1,46,104,8745,14194
CGGGAATATAGTATAC-1,1,47,105,8605,14435
GCAACAGCAGTATGCG-1,1,46,106,8467,14193
ATCAAACACTGTTCCA-1,1,47,107,8328,14434
TGGGCAATAGTTGGGT-1,1,46,108,8190,14193
TGAATGTCAGCCGGCC-1,1,47,109,8051,14433
CGGCTCTAAAGCTGCA-1,1,46,110,7913,14192
GGACACAAGTTTACAC-1,1,47,111,7773,14433
CCGAGAAGTCGCATAA-1,1,46,112,7635,14191
AACTACCCGTTTGTCA-1,1,47,113,7496,14432
GCACAAACGAGGCGTG-1,1,46,114,7358,14190
CACACAGCTTGCGCTC-1,1,47,115,7218,14431
GTGCTTACATCAGCGC-1,1,46,116,7080,14189
GCAAACGTCGCCAGGT-1,1,47,117,6941,14430
GAATAGCATTTAGGGT-1,1,46,118,6803,14189
TACTGTTTCTCTGGTA-1,1,47,119,6664,14430
TCCTATCATAGGTAAC-1,1,46,120,6526,14188
TTCGGTGGAGACGCCC-1,1,47,121,6386,14429
TGTTGCCGTCGTCCCA-1,1,46,122,6248,14187
CCAACTTGATAGATCC-1,1,47,123,6109,14428
CAAAGGTCATCTGAAA-1,1,46,124,5971,14186
CTAGCTTAATGGTCCC-1,1,47,125,5832,14427
AGGCCACATTGGTTAC-1,1,46,126,5694,14186
TTAGGATGGGAGGGTA-1,1,47,127,5554,14426
TATGACCTTGCGCTGG-1,0,48,0,23167,14717
ATATACATGTATGGTA-1,0,49,1,23027,14958
TGTGTGACCATGAATC-1,0,48,2,22889,14717
CCCACTCCACGGTATC-1,0,49,3,22750,14958
GGGCAGACGTCACTGC-1,0,48,4,22612,14716
TCAAAGAGCTATCTGT-1,0,49,5,22473,14957
AGATGCATCCTGTGTC-1,0,48,6,22335,14715
GTGAAGTCACGACTCG-1,0,49,7,22195,14956
TGATTCAGGTCCCGCG-1,0,48,8,22057,14714
CGCCACAGGTCGCGAT-1,0,49,9,21918,14955
TTGAATCGTTGTATAA-1,0,48,10,21780,14713
TGGCCAATTTGGTACT-1,0,49,11,21641,14954
CGACCCTTAACGCCGG-1,0,48,12,21503,14713
TCGGCGTACTGCACAA-1,0,49,13,21363,14954
GAGTAAGGCCACGGGA-1,0,48,14,21225,14712
ATCAGCTCGTCCACTA-1,0,49,15,21086,14953
AGGATCACGCGATCTG-1,0,48,16,20948,14711
AAATGGCCCGTGCCCT-1,0,49,17,20808,14952
CAGTACCAGTTTACGT-1,0,48,18,20670,14710
GGTCGTAAGCTCGCAC-1,0,49,19,20531,14951
CGTTCATGGTGCGCGT-1,0,48,20,20393,14710
GACTACAAAGCGGTGG-1,0,49,21,20254,14950
CAGCTGGCGTAACCGT-1,0,48,22,20116,14709
ACTCGTAACCCGTCCT-1,0,49,23,19976,14950
CATATGTCAGGCTACG-1,0,48,24,19838,14708
GCCCGACTTCTTCCCG-1,0,49,25,19699,14949
CTGGCATCCGAATGAG-1,0,48,26,19561,14707
AAGTGCGTTAGAATCT-1,0,49,27,19422,14948
AGAAGTGATTCGTGAT-1,0,48,28,19284,14706
TACCTTAAGATTTCCC-1,0,49,29,19144,14947
AATGACAGCAATGTCT-1,1,48,30,19006,14706
TCAACGCAGGAAATAA-1,0,49,31,18867,14947
TATTCCTCCGCCCACT-1,1,48,32,18729,14705
ATCAAACGAAGGTTTG-1,1,49,33,18589,14946
TTGATTAGCTGTTTCT-1,1,48,34,18451,14704
CTGCTGAGGCCACGAA-1,1,49,35,18312,14945
CCGTGTTAAATTCCAT-1,1,48,36,18174,14703
CACGTCGGCAACCTCT-1,1,49,37,18035,14944
GTATTCTGAGAAACGA-1,1,48,38,17897,14703
CGGTGCGCGTTGGTCC-1,1,49,39,17757,14943
GTGATTCGCCGCTCAA-1,1,48,40,17619,14702
GCCCGCGCGTAAACGG-1,1,49,41,17480,14943
AACGTACTGTGGGTAC-1,1,48,42,17342,14701
GAGTATGCCCGCCTTG-1,1,49,43,17203,14942
TGATTCTGTCGCCGGT-1,1,48,44,17065,14700
GGGCGGCAAATGAATT-1,1,49,45,16925,14941
TTCCAATCTGGCTATC-1,1,48,46,16787,14699
GGAACCGTGTAAATTG-1,1,49,47,16648,14940
TTGGTCACACTCGTAA-1,1,48,48,16510,14699
CGAACCCGCATGCGTC-1,1,49,49,16371,14940
GGGCGTCACCACGTAA-1,1,48,50,16232,14698
TACCAGAAGTAGGTTC-1,1,49,51,16093,14939
TTGGATATCGTCTACG-1,1,48,52,15955,14697
TAGATATGGACTGGAA-1,1,49,53,15816,14938
GCGACGATAGTTGTAC-1,1,48,54,15678,14696
CTGGATTTACACTTGA-1,1,49,55,15538,14937
GTTATATTATCTCCCT-1,1,48,56,15400,14695
TATTCCACTCAGCTCG-1,1,49,57,15261,14936
CTGTTACCCAATCTAG-1,1,48,58,15123,14695
ACGCGAAGTCAGACGA-1,1,49,59,14984,14936
GATAGGTAACGTTGAC-1,1,48,60,14846,14694
TGTTCGTATTGCGGTG-1,1,49,61,14706,14935
GGTCAGTGGGTCCCAC-1,1,48,62,14568,14693
AATTCTAGAGTTAGGC-1,1,49,63,14429,14934
GTTTACGTTCCATCTG-1,1,48,64,14291,14692
AGACCCACCGCTGATC-1,1,49,65,14152,14933
TCTAGCATGCCCAGAA-1,1,48,66,14013,14692
CCCGCAGCGCGAACTA-1,1,49,67,13874,14933
CTCTATTTGGCTGCAG-1,1,48,68,13736,14691
TTCTGCCGCGCCTAGA-1,1,49,69,13597,14932
ACTCCCTAGAATAGTA-1,1,48,70,13459,14690
CCGAACCTTCCCGGCC-1,1,49,71,13319,14931
TCAGACGCTATAGAAG-1,1,48,72,13181,14689
CAGGCGCCATGCTAGG-1,1,49,73,13042,14930
CACTCGAGCTGAACAA-1,1,48,74,12904,14688
ACAAGGAAATCCGCCC-1,1,49,75,12765,14929
ACCACGTGCAGCTATA-1,1,48,76,12627,14688
ACGGCGACGATGGGAA-1,1,49,77,12487,14929
TTACTAAAGGACTTTA-1,1,48,78,12349,14687
GGCTGAAATAGCAAAG-1,1,49,79,12210,14928
TTAGACGAGTCACCTC-1,1,48,80,12072,14686
GTAGTCGCGGGAATCA-1,1,49,81,11933,14927
GCAAACCCTACATTAT-1,1,48,82,11795,14685
GTTAAAGTAGGACTGG-1,1,49,83,11655,14926
ACCCTCCCTTGCTATT-1,1,48,84,11517,14685
CATGTCTCATTTATGG-1,1,49,85,11378,14925
AATAGAATCTGTTTCA-1,1,48,86,11240,14684
TCTCATGAGATAGGGT-1,1,49,87,11100,14925
ATGACTATGCGACATT-1,1,48,88,10962,14683
CCTAACCCAAACAAGT-1,1,49,89,10823,14924
AGTCAAGATGACACTT-1,1,48,90,10685,14682
CGGGAGCTTCAGTGTA-1,1,49,91,10546,14923
CCACAGTACCCATCCT-1,1,48,92,10408,14681
GAGCGCGCACGAGTAG-1,1,49,93,10268,14922
ACCAGTGCGGGAGACG-1,1,48,94,10130,14681
TCCTTACGACGGTCCG-1,1,49,95,9991,14922
TAGTCGATCACGGGTT-1,1,48,96,9853,14680
AGACGAAGTGCCGGTC-1,1,49,97,9714,14921
CGCTGGTGACTACCCT-1,1,48,98,9576,14679
AGGCATTGTCGTAGGG-1,1,49,99,9436,14920
TGGTAGAATATATGGG-1,1,48,100,9298,14678
TTCTTATCCGCTGGGT-1,1,49,101,9159,14919
AGTTTGGCACGGGTTG-1,1,48,102,9021,14678
GCATCGGCCGTGTAGG-1,1,49,103,8881,14918
ATGCGAGTCCCACCAC-1,1,48,104,8743,14677
TCGGCGAACCCAAACC-1,1,49,105,8604,14918
AGAGTAAACTTCACTA-1,1,48,106,8466,14676
AAGCCGAAGCGGTTTA-1,1,49,107,8327,14917
CCCGAGTTTCTCCGTA-1,1,48,108,8189,14675
AATATCGAATCAATGC-1,1,49,109,8049,14916
GCGCCTCCCACTCCGA-1,1,48,110,7911,14674
CGTTAAACTAGTTAGG-1,1,49,111,7772,14915
TGAGTTAAAGACATTC-1,1,48,112,7634,14674
AACAGGTAGTATGGAT-1,1,49,113,7495,14915
GAACGCGGGTCACACG-1,1,48,114,7357,14673
TGTTTGAGATCGTCAG-1,1,49,115,7217,14914
ATCTCGTGAGCGAAAC-1,1,48,116,7079,14672
CTGAGAAAGTTCGGCG-1,1,49,117,6940,14913
ATTACCACACTGCCTG-1,1,48,118,6802,14671
CTGCTGTCTAACGAGC-1,1,49,119,6662,14912
CGTGGAAGCCTCGTAC-1,1,48,120,6524,14670
GGACTCACAAATTAGG-1,1,49,121,6385,14911
CTTTGCTGTCATGGAT-1,1,48,122,6247,14670
GGTGTTGGGCGTCTTA-1,1,49,123,6108,14911
TACCATGTATTGATTT-1,1,48,124,5970,14669
GGTCTCCAAGTAGTGC-1,1,49,125,5830,14910
ATCCTTCTGAAAGAAC-1,1,48,126,5692,14668
CCGGAAGTTATCAGTC-1,1,49,127,5553,14909
TTAGAGGGATATACAG-1,0,50,0,23166,15200
TTGTACACCTCGAACA-1,0,51,1,23026,15441
GTGGGTACTGAGCGTA-1,0,50,2,22888,15199
CTTAAGCAGCGAGCCG-1,0,51,3,22749,15440
GCATTGACTTGCGGAA-1,0,50,4,22611,15198
CCATAACCTGTGCAGT-1,0,51,5,22471,15439
GGGCTACTATTTCGTG-1,0,50,6,22333,15198
GGCGAGCGAAACGGCA-1,0,51,7,22194,15439
GGAGACCATCTACATA-1,0,50,8,22056,15197
AGACCAAACCACACCT-1,0,51,9,21917,15438
CGACGCATCCGTACCT-1,0,50,10,21779,15196
CCTAGGTAAAGGTAGC-1,0,51,11,21639,15437
AGCGGCGGTTAGCGGT-1,0,50,12,21501,15195
CTGGACGCAGTCCGGC-1,0,51,13,21362,15436
AGCCTAATACCCACGT-1,0,50,14,21224,15195
AATCTGGCTTTCTAGT-1,0,51,15,21085,15435
CACCCTTGGTGAGACC-1,0,50,16,20947,15194
GGATCTTGACTCAACC-1,0,51,17,20807,15435
ACGAGGATACCACTCT-1,0,50,18,20669,15193
GAGTTGATGGCAATTT-1,0,51,19,20530,15434
GTGGCAAACAGCGGCA-1,0,50,20,20392,15192
GATGTAACGAACCACC-1,0,51,21,20252,15433
AGCCGTGGCTAAATGT-1,0,50,22,20114,15191
CTCCCTCCTTTCGATC-1,0,51,23,19975,15432
TTGGAAGAATACAGTC-1,0,50,24,19837,15191
AGTTAAGTCAACCGCT-1,0,51,25,19698,15432
CTCATGGTAATTTGCG-1,0,50,26,19560,15190
AAAGTAGCATTGCTCA-1,0,51,27,19420,15431
TTGTGGTAGGAGGGAT-1,0,50,28,19282,15189
AGTCGTGGGCATTACG-1,0,51,29,19143,15430
ACCTAAGTACCTTTCA-1,0,50,30,19005,15188
GTAGAGGGAGACAAGT-1,0,51,31,18866,15429
GATCCTCGACACTGGC-1,0,50,32,18728,15187
CCTACATTCACAGACG-1,0,51,33,18588,15428
TTGACCGTGTTAATGA-1,1,50,34,18450,15187
TCTGTTACCCAGCATA-1,1,51,35,18311,15428
CTAACTGGTCCGGTTC-1,1,50,36,18173,15186
AGCGACAGGAACGGTC-1,1,51,37,18033,15427
TAATAGAACAGAGTTA-1,1,50,38,17895,15185
ACAGGTGGAGGTGAGG-1,1,51,39,17756,15426
TGCGAGAATATTACCC-1,1,50,40,17618,15184
TTGCGTCGGCCAACCG-1,1,51,41,17479,15425
AGGCTTCCCGAAGAAG-1,1,50,42,17341,15184
GCGGACCGCGTTGTGG-1,1,51,43,17201,15425
GTAATCTGATTCTTCG-1,1,50,44,17063,15183
CCGCGGAATGCGTCAC-1,1,51,45,16924,15424
TTCCACACAGATTTGA-1,1,50,46,16786,15182
CTTCTATTAATGCTAG-1,1,51,47,16647,15423
CATTTGAGTGGTACGT-1,1,50,48,16509,15181
TCACAGCAAACTCGAA-1,1,51,49,16369,15422
CAGACGAACCTGATAC-1,1,50,50,16231,15180
TAGCTAGAAGGCATGA-1,1,51,51,16092,15421
ATCCAGAGCAACAACC-1,1,50,52,15954,15180
TCCGGTTCGTCCGGTC-1,1,51,53,15814,15421
CGCGCATGTTTGATTG-1,1,50,54,15676,15179
TGGCGATCAAGTTATG-1,1,51,55,15537,15420
CCCTTTGACAGGTCTT-1,1,50,56,15399,15178
CAGAGACGGTCACCCA-1,1,51,57,15260,15419
TAGCTCGCCTGATAAC-1,1,50,58,15122,15177
TTGTGTTTCCCGAAAG-1,1,51,59,14982,15418
TATACACAGACGCCTT-1,1,50,60,14844,15177
ACATTAGTTTATATCC-1,1,51,61,14705,15417
CCATCGCAGTTAAACT-1,1,50,62,14567,15176
AATTAGCGCTGCAGCG-1,1,51,63,14428,15417
TCCGCTTATCCCATTA-1,1,50,64,14290,15175
GTTTGGGCTTGTGAGC-1,1,51,65,14150,15416
CTTGTCAACATTCGAG-1,1,50,66,14012,15174
GGACCAACAGGATAAC-1,1,51,67,13873,15415
AAGCTAGATCGAGTAA-1,1,50,68,13735,15173
TACCGTGCCTCGGACC-1,1,51,69,13595,15414
GTAGCCAAACATGGGA-1,1,50,70,13457,15173
TGCCAGTACGTGGAGA-1,1,51,71,13318,15414
ATAAGGTGGAGAACAT-1,1,50,72,13180,15172
CTTTAATATTGGTCGA-1,1,51,73,13041,15413
TGGTTCAACGGGTAAT-1,1,50,74,12903,15171
GCTGCTACTGCGTAGC-1,1,51,75,12763,15412
CTGCACAACTACATAT-1,1,50,76,12625,15170
ATATTCCACATAGTGA-1,1,51,77,12486,15411
TGGCAAACTAAATTAC-1,1,50,78,12348,15170
ACCGCAATAACTGCCT-1,1,51,79,12209,15410
TCGCACCAGGAGGCAG-1,1,50,80,12071,15169
ACTTCAGGCTGATCCC-1,1,51,81,11931,15410
ACAAATCGCACCGAAT-1,1,50,82,11793,15168
TCTGATGTATTCTGTC-1,1,51,83,11654,15409
CTTTACCGAATAGTAG-1,1,50,84,11516,15167
GCAGATCCATAAGACT-1,1,51,85,11376,15408
TTCCTCGGACTAACCA-1,1,50,86,11238,15166
TTATCCGGGATCTATA-1,1,51,87,11099,15407
CTGGAAGACACGGTGG-1,1,50,88,10961,15166
GTTCGTCTAAAGAACT-1,1,51,89,10822,15407
GTCTATTGGTTCCGGT-1,1,50,90,10684,15165
CTAGGCGCCCTATCAG-1,1,51,91,10544,15406
AACGGACGTACGTATA-1,1,50,92,10406,15164
AACACACGCTCGCCGC-1,1,51,93,10267,15405
GCTACTATAGTAGAGT-1,1,50,94,10129,15163
AGCATATCAATATGCT-1,1,51,95,9990,15404
CGAACAGTATGGGCGT-1,1,50,96,9852,15162
ACAATTGTGTCTCTTT-1,1,51,97,9712,15403
GATCGCTACCCGATTT-1,1,50,98,9574,15162
ATTGCGATCAGTAACT-1,1,51,99,9435,15403
CAGCAGTCCAGACTAT-1,1,50,100,9297,15161
AGAGGCTTCGGAAACC-1,1,51,101,9157,15402
AAACAAGTATCTCCCA-1,1,50,102,9019,15160
GGCAGCAAACCTATGC-1,1,51,103,8880,15401
ACTAGTTGCGATCGTC-1,1,50,104,8742,15159
TTGGACCATCTGGCAA-1,1,51,105,8603,15400
CCCTCCTCGCTCGTAT-1,1,50,106,8465,15159
GAGCGCAAATACTCCG-1,1,51,107,8325,15400
ATTACATGTCAGTCTT-1,1,50,108,8187,15158
TTGGGACGTAAGAGTT-1,1,51,109,8048,15399
CTTCGGCCAATTGTTT-1,1,50,110,7910,15157
AGACCGCTCCGCGGTT-1,1,51,111,7771,15398
GACCGCGTCTGACGTG-1,1,50,112,7633,15156
CCAAATAACAAGATTC-1,1,51,113,7493,15397
TCTTTAGAGTCTAACA-1,1,50,114,7355,15155
CTCCCAATGAGTCGCG-1,1,51,115,7216,15396
TAGTCTTTCCGAATTG-1,1,50,116,7078,15155
GAGTAAACCGGAAAGT-1,1,51,117,6938,15396
GATCTCGACGCTGTGG-1,1,50,118,6800,15154
CTGACATAGAAATAGA-1,1,51,119,6661,15395
TATACCGAGTGCCACA-1,1,50,120,6523,15153
TCCGAACGTTGCCGCT-1,1,51,121,6384,15394
GCAGAAGGTAATCTCC-1,1,50,122,6246,15152
GGTACTAAGTGCTTTG-1,1,51,123,6106,15393
CAGAATATTCGTTATC-1,1,50,124,5968,15152
TAATCAACCAAATGGG-1,1,51,125,5829,15392
TCTGCTTAGAACAAGC-1,1,50,126,5691,15151
AACTGAGTTATACTGA-1,1,51,127,5552,15392
CCTCAACGATCGCTGT-1,0,52,0,23164,15683
CGGTACGGCAAACCCA-1,0,53,1,23025,15924
CAGATGTTTGTCCCAA-1,0,52,2,22887,15682
GTTTGTTAGCCAAGTA-1,0,53,3,22747,15923
ACGTGACAAAGTAAGT-1,0,52,4,22609,15681
TTGTCACCGCGGTATC-1,0,53,5,22470,15922
GATCTAACCGTATTCA-1,0,52,6,22332,15680
ATGGAAATTTAAGGAG-1,0,53,7,22193,15921
ATTGATCACCACATTT-1,0,52,8,22055,15680
ACTGCTCGGAAGGATG-1,0,53,9,21915,15920
TCTAAAGAACAGTCTC-1,0,52,10,21777,15679
CTGGGTTGAGTTAAAG-1,0,53,11,21638,15920
CCCAGTAAACTTGGGA-1,0,52,12,21500,15678
AGATTCACAACCGATA-1,0,53,13,21361,15919
AGAAGGTACACTTCAC-1,0,52,14,21223,15677
GCAGGAACTTAGATCT-1,0,53,15,21083,15918
AATCTAGGTTTACTTG-1,0,52,16,20945,15676
CCCGGTGTATCGGAAT-1,0,53,17,20806,15917
TTATCCTCAAGGAATA-1,0,52,18,20668,15676
AGCATCATTTCGAAAG-1,0,53,19,20528,15917
CGCGAGTCTGCCGGGT-1,0,52,20,20390,15675
TGCGTCATGACTGAGC-1,0,53,21,20251,15916
GTATGAAATTTCACTC-1,0,52,22,20113,15674
TTGGTTGCGGTGCGCG-1,0,53,23,19974,15915
ACAGAACTGAGAACAA-1,0,52,24,19836,15673
CTACTATCATAGGTTT-1,0,53,25,19696,15914
CCTCTATCGATTAGCA-1,0,52,26,19558,15672
CCGTATCTCGTCGTAG-1,0,53,27,19419,15913
TCACGATGTCCGTGGA-1,0,52,28,19281,15672
TCAACAAAGATAATTC-1,0,53,29,19142,15913
ATGACGCGTTCTATCC-1,0,52,30,19004,15671
ATTTGCGCGAGTAGCT-1,0,53,31,18864,15912
TTCTTGGACGATCTGC-1,0,52,32,18726,15670
AGACGACGATGCCGCT-1,0,53,33,18587,15911
GGTCTCTGAATGGACT-1,0,52,34,18449,15669
GCTCAATCCGTTTATT-1,0,53,35,18309,15910
CCAGAAAGCAACTCAT-1,1,52,36,18171,15669
CACCGTTAGGGATCAC-1,1,53,37,18032,15909
AATAACACTAGAACAA-1,1,52,38,17894,15668
CACCCGGTTTGTGACT-1,1,53,39,17755,15909
CCACCAACTTTACTGT-1,1,52,40,17617,15667
AACTCTCAGTGTGCTC-1,1,53,41,17477,15908
AAACCGTTCGTCCAGG-1,1,52,42,17339,15666
CAGCGATTCCCTTCAA-1,1,53,43,17200,15907
GCTAGCTTGAATAGCT-1,1,52,44,17062,15665
TTGCGGCATCAGAAAG-1,1,53,45,16923,15906
AATAGAACAGAGTGGC-1,1,52,46,16785,15665
GCCATCGAGCTGCGTG-1,1,53,47,16645,15906
ACACTGATCAAGGTGT-1,1,52,48,16507,15664
ACCAACGCTTATTTAT-1,1,53,49,16368,15905
GACATCGATTTATAAC-1,1,52,50,16230,15663
CAGACACCGATCGCTG-1,1,53,51,16090,15904
CCAAGAAAGTGGGCGA-1,1,52,52,15952,15662
GGTAGACCGTTGGGCG-1,1,53,53,15813,15903
TCGTTAGGAGTCCCTA-1,1,52,54,15675,15662
ACGGCCAACATGGACT-1,1,53,55,15536,15902
GTGAGTGGTACAACGC-1,1,52,56,15398,15661
GAGACTTCGCGACCGA-1,1,53,57,15258,15902
GAAGTCAGTTGCACTA-1,1,52,58,15120,15660
GTTTGGTAGGGTCAAC-1,1,53,59,14981,15901
ACGGCACTTGCTTGGG-1,1,52,60,14843,15659
CCTCTGTACTATTCTA-1,1,53,61,14704,15900
CTATTCATGTGTCCCA-1,1,52,62,14566,15658
GCCCGATCTGTGGTCG-1,1,53,63,14426,15899
TTAGAAGAACATGACT-1,1,52,64,14288,15658
AGGATAAAGTCGGGAT-1,1,53,65,14149,15899
CGGCAAACATCGTGCG-1,1,52,66,14011,15657
CTAGTTACAACCCGGT-1,1,53,67,13871,15898
TTCGACAGAGCCCGTG-1,1,52,68,13733,15656
AAGCATACTCTCCTGA-1,1,53,69,13594,15897
GACGACGATCCGCGTT-1,1,52,70,13456,15655
GGTAGAAGACCGCCTG-1,1,53,71,13317,15896
GAGATGGGAGTCGACA-1,1,52,72,13179,15654
AACGATAATGCCGTAG-1,1,53,73,13039,15895
TGGTCCCACGCTACGG-1,1,52,74,12901,15654
CTGCTTGGCGATAGCT-1,1,53,75,12762,15895
ATCGGAGACAGACGGC-1,1,52,76,12624,15653
TAGCGTCCGGTGTGGT-1,1,53,77,12485,15894
GTTGAGTCCCGCCGGT-1,1,52,78,12347,15652
AAATAGGGTGCTATTG-1,1,53,79,12207,15893
AAGTGTTTGGAGACGG-1,1,52,80,12069,15651
AGCACTACCTCACCAG-1,1,53,81,11930,15892
TGCCTTGGCCAGGCAA-1,1,52,82,11792,15651
TCGTCTTAGGCGTTAA-1,1,53,83,11652,15892
TTCTGACCGGGCTCAA-1,1,52,84,11514,15650
CAGAACTTAGCCCTCT-1,1,53,85,11375,15891
AGCTCCTTCGCACATC-1,1,52,86,11237,15649
ACAGGCTTGCCCGACT-1,1,53,87,11098,15890
GCTATACGTCTCGGAC-1,1,52,88,10960,15648
GAGCCAGCTACCTGTG-1,1,53,89,10820,15889
TGCTAAGTGTCTATTT-1,1,52,90,10682,15647
GTCCTACGAATAGTCT-1,1,53,91,10543,15888
CAGTGTCGGCTGGCCC-1,1,52,92,10405,15647
CTATCGACGAAATACA-1,1,53,93,10266,15888
CATCATTACCCTGAGG-1,1,52,94,10128,15646
TAAGTTGCGACGTAGG-1,1,53,95,9988,15887
AGTGCACGCTTAAGAA-1,1,52,96,9850,15645
TGTGCCGGTGCCGGAA-1,1,53,97,9711,15886
AGGAGGCCTTCGCGCG-1,1,52,98,9573,15644
TCCGCGGCCCAATGAA-1,1,53,99,9433,15885
TCCGTTAAGCTAATAT-1,1,52,100,9295,15644
AAATCTAGCCCTGCTA-1,1,53,101,9156,15884
CGCAGGCGATCCAAAC-1,1,52,102,9018,15643
CCATATGGAAACTATA-1,1,53,103,8879,15884
CACCGTATCCCATCCG-1,1,52,104,8741,15642
GGTCAAGACTACTTCG-1,1,53,105,8601,15883
CCCGTTTCGCAGATGT-1,1,52,106,8463,15641
GTTATAATACGGTGAA-1,1,53,107,8324,15882
ACTTGTGGATGGAACG-1,1,52,108,8186,15640
GTTCGCTGAGACGTCT-1,1,53,109,8047,15881
GACACTGGAACCCGAT-1,1,52,110,7909,15640
CCCAGGTCTGAAGGCT-1,1,53,111,7769,15881
TCTCGAGGAGGTTCGC-1,1,52,112,7631,15639
ACTATCTGCCCGCGTA-1,1,53,113,7492,15880
CCTAAATTGTATCCTA-1,1,52,114,7354,15638
AGAAATTATGACTCGC-1,1,53,115,7214,15879
TCCAGCGCTATAAGCG-1,1,52,116,7076,15637
TCGTGTATTGGTCACG-1,1,53,117,6937,15878
CCACATACTGCACCCA-1,1,52,118,6799,15637
GTTGCGGACGGTCAGG-1,1,53,119,6660,15877
GTATTTAATGGCATAA-1,1,52,120,6522,15636
GTCGATAGGTGACTTT-1,1,53,121,6382,15877
AATAATCTTCGTATCG-1,1,52,122,6244,15635
ATTGTTCAACGATCCG-1,1,53,123,6105,15876
GTGCAGCGTAGAGTAG-1,1,52,124,5967,15634
TGTGGTAGGGTGCCTT-1,1,53,125,5828,15875
TGTGGACTATCTACGT-1,1,52,126,5690,15633
GGCGGGCTCTAAGAGT-1,1,53,127,5550,15874
TGTGCCAGAGGCAAAG-1,0,54,0,23163,16165
TGGCTTATGTATAATG-1,0,55,1,23023,16406
GCAAGCTGGAAACCGC-1,0,54,2,22885,16164
GATATCAAGCAGGAGC-1,0,55,3,22746,16405
CACCAATCATCCGTCT-1,0,54,4,22608,16164
CCACATGGCTCTTTAT-1,0,55,5,22469,16405
GTCCTACTCTACGGGC-1,0,54,6,22331,16163
CTCGAGACATACGATA-1,0,55,7,22191,16404
TATCAGTGGCGTAGTC-1,0,54,8,22053,16162
TGACAGGACAAGTCCA-1,0,55,9,21914,16403
TATTAACACCAAAGCA-1,0,54,10,21776,16161
TAGGCGATGAGGTCTC-1,0,55,11,21637,16402
CCGCCGGAACTTCTCG-1,0,54,12,21499,16161
GCCATTAGCCTCAAAC-1,0,55,13,21359,16401
GTTAGGCTACCCGTTT-1,0,54,14,21221,16160
GGGTATTCTAGCAAAC-1,0,55,15,21082,16401
GCCCTAGCCGTCGCGA-1,0,54,16,20944,16159
CAGATCCTGGTTTGAA-1,0,55,17,20804,16400
CTTCAGTGGTCGCCTA-1,0,54,18,20666,16158
GGGCAACCGCACGTGC-1,0,55,19,20527,16399
GACCCAATTATGATAC-1,0,54,20,20389,16157
GAAGCTCGGACCCGTC-1,0,55,21,20250,16398
CGTCGGGTCTAAGCGC-1,0,54,22,20112,16157
GAGGCCCGACTCCGCA-1,0,55,23,19972,16398
TTGCCATAGCCCGCTC-1,0,54,24,19834,16156
TAACATACACGCGATC-1,0,55,25,19695,16397
CCGACGGGCATGAGGT-1,0,54,26,19557,16155
AATGTGCCCGAGGTGT-1,0,55,27,19418,16396
AGCTGTAACCTCAATC-1,0,54,28,19280,16154
CGAGTGAAGGTACCAG-1,0,55,29,19140,16395
AGTCTCACAAGACTAC-1,0,54,30,19002,16154
AAATTGATAGTCCTTT-1,0,55,31,18863,16394
TAAGTCGCCGAGTATC-1,0,54,32,18725,16153
GCGGAGAAACTTCGCA-1,0,55,33,18585,16394
GGCAAAGGCGCCAATA-1,0,54,34,18447,16152
ATTTCCGGGTTCTGCG-1,0,55,35,18308,16393
TAAACCCAGGAGGGCA-1,0,54,36,18170,16151
TTCGGGCGCTAGTCTT-1,0,55,37,18031,16392
GTGGAGTCGGCGGTTG-1,1,54,38,17893,16150
GCACGCCTACTTAGAT-1,1,55,39,17753,16391
CAATATTCTTGACCTA-1,1,54,40,17615,16150
CGTTTGTGTAGAGGGT-1,1,55,41,17476,16391
CATAGCGTTGCCCACC-1,1,54,42,17338,16149
TGATACATTTAGCCGT-1,1,55,43,17199,16390
TTCCGGCCTTGAGGCT-1,1,54,44,17061,16148
CCTATACCGTCCTGTC-1,1,55,45,16921,16389
TCGTTGCTATCCGGTC-1,1,54,46,16783,16147
TGGCGACTGCTCCAAA-1,1,55,47,16644,16388
CAGAGGCGATGCATGA-1,1,54,48,16506,16147
TCACAGGAGAATAAGA-1,1,55,49,16366,16387
GGGTTAACATTTGAGT-1,1,54,50,16228,16146
GCGGGCGAGCCTTACC-1,1,55,51,16089,16387
TGCCAATGGGTACTCT-1,1,54,52,15951,16145
AGGGACTCTACGCGAC-1,1,55,53,15812,16386
GACGCCGTAAAGGCTA-1,1,54,54,15674,16144
AAAGGCTCTCGCGCCG-1,1,55,55,15534,16385
CTGGCTGGTTGTCAGT-1,1,54,56,15396,16143
ACATCCCGGCCATACG-1,1,55,57,15257,16384
CTCTTGTCCCGCTTGG-1,1,54,58,15119,16143
TACGCCTCCATTCCGA-1,1,55,59,14980,16384
CGGAGCAATTTAATCG-1,1,54,60,14842,16142
AACTAGGCTTGGGTGT-1,1,55,61,14702,16383
GCGTCGCCAGGGTGAT-1,1,54,62,14564,16141
GTTGGTCATGCTATCC-1,1,55,63,14425,16382
GCTGGCGGCGCATGCT-1,1,54,64,14287,16140
TGAGCGGAAAGTGTTC-1,1,55,65,14147,16381
CTTTCTGTGCGGGCTT-1,1,54,66,14009,16139
ATCTAATATCCTACGG-1,1,55,67,13870,16380
AACCTTTAAATACGGT-1,1,54,68,13732,16139
TTCACTCGAGCACCTA-1,1,55,69,13593,16380
CTGCACTCCAGTACAG-1,1,54,70,13455,16138
CCATTTCTACCTATTA-1,1,55,71,13315,16379
CAAGCGGCACATAATT-1,1,54,72,13177,16137
GTTAACATCACTTAAA-1,1,55,73,13038,16378
ATATAAATGTAGCTGC-1,1,54,74,12900,16136
GCCTCTATACATAGCA-1,1,55,75,12761,16377
GTGTCGTATAGCGTTC-1,1,54,76,12623,16136
ATACGTACTTAGCCAC-1,1,55,77,12483,16376
GCTATCATACTCATGG-1,1,54,78,12345,16135
TATCCAATTGGTTATC-1,1,55,79,12206,16376
TCTCCCTGGGCAGCGT-1,1,54,80,12068,16134
CCTATAATGAGTGCCC-1,1,55,81,11928,16375
CAATGCGAGAAGTATC-1,1,54,82,11790,16133
TACCAATAAAGTACCA-1,1,55,83,11651,16374
GCTAGGCACCACGGAG-1,1,54,84,11513,16132
GGTGGACTGCTCTGGC-1,1,55,85,11374,16373
TATTCCGAGCTGTTAT-1,1,54,86,11236,16132
TTGAGAAGTTTAGCAT-1,1,55,87,11096,16373
GTCCGGACCTGAAATT-1,1,54,88,10958,16131
CTGTGGTCGGGAGATA-1,1,55,89,10819,16372
CATGTAAGAGACATTT-1,1,54,90,10681,16130
CACGTTTCGTACACAC-1,1,55,91,10542,16371
CATCCTCTCAAAGATC-1,1,54,92,10404,16129
GATTAACCGAAAGCCC-1,1,55,93,10264,16370
AACGCTGTTGCTGAAA-1,1,54,94,10126,16129
TTCAGCTGGCGTGCCC-1,1,55,95,9987,16369
TAGAGGTTCTACTTGT-1,1,54,96,9849,16128
GTATCAAACGTTAGCT-1,1,55,97,9709,16369
AATCATGTAAAGACTC-1,1,54,98,9571,16127
AGTCACTAGCTCTCGA-1,1,55,99,9432,16368
GCGAAACGATCGGGAG-1,1,54,100,9294,16126
CATGGATTGTCTTCCG-1,1,55,101,9155,16367
ATTGGATTACAGCGTA-1,1,54,102,9017,16125
CACACACGCTAACGAG-1,1,55,103,8877,16366
CTATGGGAAGCGGAAT-1,1,54,104,8739,16125
TGCCTAATTGAAGATT-1,1,55,105,8600,16366
TGGCAATGGGACGGCG-1,1,54,106,8462,16124
ACCTCCGCCCTCGCTG-1,1,55,107,8323,16365
CGGCAATAAGATCGCC-1,1,54,108,8185,16123
CCTTGACCACTTTATT-1,1,55,109,8045,16364
TCATTTAGAAGTGTGA-1,1,54,110,7907,16122
CAGAATAACACACGGA-1,1,55,111,7768,16363
TCTGAGCAATTGACTG-1,1,54,112,7630,16122
CAACGTGGTGGAGTCT-1,1,55,113,7490,16362
CACAGTTCGCTTCCCA-1,1,54,114,7352,16121
TCTCTCGCCGCACATA-1,1,55,115,7213,16362
TGGGCAGGCCACCGCA-1,1,54,116,7075,16120
CTCCTGTTCAAGGCAG-1,1,55,117,6936,16361
TATTTGATTTGCACAG-1,1,54,118,6798,16119
GCCACTCCTTACGGTA-1,1,55,119,6658,16360
ACCGATATTTAATCAT-1,1,54,120,6520,16118
TTATTATCTGGAAGGC-1,1,55,121,6381,16359
TACATGCCGGAATTGT-1,1,54,122,6243,16118
GGCACTCAGCCGACCC-1,1,55,123,6104,16359
AAACCGGAAATGTTAA-1,1,54,124,5966,16117
AGACAGGCATCTCAGC-1,1,55,125,5826,16358
GTGGTGATGGTTTGTG-1,1,54,126,5688,16116
CCGATATGACGTAAGG-1,1,55,127,5549,16357
CATACACAAAGTCAGC-1,0,56,0,23161,16648
TGCCGTTCTTAATCGG-1,0,57,1,23022,16889
TCGAGTCTACGATTCG-1,0,56,2,22884,16647
ACTTCCAGTGGAAGCT-1,0,57,3,22745,16888
CAATTGGGCCGCACTC-1,0,56,4,22607,16646
AAATCGCGGAAGGAGT-1,0,57,5,22467,16887
ATATCAATTCCAGCCT-1,0,56,6,22329,16646
CTTTGTCGAATGCTCC-1,0,57,7,22190,16886
TGAGGCATGTACTGTG-1,0,56,8,22052,16645
TTCGCCGCTCGCGCTA-1,0,57,9,21913,16886
GACTCCTTCCAATTGA-1,0,56,10,21775,16644
ACCGAAGAGTCTGGTT-1,0,57,11,21635,16885
TGGCATGAAGTTTGGG-1,0,56,12,21497,16643
ACGAGGTTTACAACGT-1,0,57,13,21358,16884
AACCCATCCCATGATC-1,0,56,14,21220,16642
TCGACAACTGAACCCG-1,0,57,15,21080,16883
TATCTTGCAATACAAC-1,0,56,16,20942,16642
TATTATGTTTGCCTGC-1,0,57,17,20803,16883
GTCAAAGAAGTGGTGT-1,0,56,18,20665,16641
GGGACAGAGTTACTCC-1,0,57,19,20526,16882
AGCAACCGAAAGTAAT-1,0,56,20,20388,16640
CTCTCTAACTGCCTAG-1,0,57,21,20248,16881
ATACGGAACGTCGTTT-1,0,56,22,20110,16639
TCGGTCCCGACAATAG-1,0,57,23,19971,16880
CGCGCAAATGTCCAGA-1,0,56,24,19833,16639
TCTAATACTGCCTCAG-1,0,57,25,19694,16879
CTCGGTTGTCGGCCCT-1,0,56,26,19556,16638
GGTAACCGGGAGGATA-1,0,57,27,19416,16879
CAGGCGCACGGTGGTC-1,0,56,28,19278,16637
TCATCGATGGTCCCAA-1,0,57,29,19139,16878
CAAAGATTATTGGGCC-1,0,56,30,19001,16636
ACAATGAATACGGAGA-1,0,57,31,18861,16877
GCTCCTGACATACTGG-1,0,56,32,18723,16635
GATGACAAGTAGGGCA-1,0,57,33,18584,16876
TACGCCGAGGGTACCC-1,0,56,34,18446,16635
AAGCGTCCCTCATCGA-1,0,57,35,18307,16876
CACTCCTATGTAAGAT-1,0,56,36,18169,16634
TCGAGCCAGGCAGGCC-1,0,57,37,18029,16875
TCGTCAAGTACGCGCA-1,0,56,38,17891,16633
CCCGTAGCTGGGAAGA-1,1,57,39,17752,16874
ACCCTATGCCATATCG-1,1,56,40,17614,16632
GTGGTATAGTCTGCCG-1,1,57,41,17475,16873
CCGGTTTGTAATTGTG-1,1,56,42,17337,16631
GTCGCCGTTGTGTGTT-1,1,57,43,17197,16872
TACTGAACAGATTTAG-1,1,56,44,17059,16631
TATTAACCTGACCGCG-1,1,57,45,16920,16872
CTGTAGCCATCTCACT-1,1,56,46,16782,16630
TACTATGGTTCCTCAG-1,1,57,47,16642,16871
GAGTCAGACCAGAATC-1,1,56,48,16504,16629
TAAGGCATAACATCAA-1,1,57,49,16365,16870
CTTCCGCTCCGTGAAG-1,1,56,50,16227,16628
GGGCTATGATCGATGG-1,1,57,51,16088,16869
GGTCGGTCGTCCACAG-1,1,56,52,15950,16628
GGGACCCGTATATCTT-1,1,57,53,15810,16868
GAAAGCAGTGCACTTT-1,1,56,54,15672,16627
AGCGCATAATGAATCG-1,1,57,55,15533,16868
GCTGCTAAGTAGTCGA-1,1,56,56,15395,16626
AATAGTCCGTCCCGAC-1,1,57,57,15256,16867
AGCAGCCAGATGAATA-1,1,56,58,15118,16625
CCTCGCGCTGTGCGAT-1,1,57,59,14978,16866
TTGTGTATGCCACCAA-1,1,56,60,14840,16624
TGCTCGGCGAAACCCA-1,1,57,61,14701,16865
CGATTAAATATCTCCT-1,1,56,62,14563,16624
TGCCGTGGATCGTCCT-1,1,57,63,14423,16865
GTGGACGCATTTGTCC-1,1,56,64,14285,16623
ACCCGGAAACTCCCAG-1,1,57,65,14146,16864
CCGCATGTGGTACGAT-1,1,56,66,14008,16622
GCAAACCTTGGCCATA-1,1,57,67,13869,16863
ATTCACTGATGTTGGA-1,1,56,68,13731,16621
ACTCCCTAATGCTAAA-1,1,57,69,13591,16862
TCCTAAATTGGGAAGC-1,1,56,70,13453,16621
GAACAGATTACTAAAT-1,1,57,71,13314,16861
ATACAGGCCCTCCAAT-1,1,56,72,13176,16620
CGATTCGCCTGGCTGC-1,1,57,73,13037,16861
TCCGCCTGTCTACAAG-1,1,56,74,12899,16619
CACATCTCACCGACGA-1,1,57,75,12759,16860
CGTCGTCCTTCGCGAA-1,1,56,76,12621,16618
CGTTGAATACCGCGCT-1,1,57,77,12482,16859
ACCAATATGCAAGTTA-1,1,56,78,12344,16617
ACGGATGGTGCGGATA-1,1,57,79,12204,16858
CACCCTAACAAGATCT-1,1,56,80,12066,16617
AAGCTCTTTCATGGTG-1,1,57,81,11927,16858
CATGGGTATGCCTTAT-1,1,56,82,11789,16616
GCGCGTCATTGGTACA-1,1,57,83,11650,16857
TCTGAAGCACGTGGTC-1,1,56,84,11512,16615
AAGTTCACTCCAAGCT-1,1,57,85,11372,16856
TTGGACCTATAACAGT-1,1,56,86,11234,16614
ATCAGCCTCATGCTGC-1,1,57,87,11095,16855
AGTACTCTTATGCCCA-1,1,56,88,10957,16614
GCGCTTAAATAATTGG-1,1,57,89,10818,16854
TTGTGAACCTAATCCG-1,1,56,90,10680,16613
AGTCGTCGACCACCAA-1,1,57,91,10540,16854
TCCTTTAAATCCGCTT-1,1,56,92,10402,16612
ACTGAAACGCCGTTAG-1,1,57,93,10263,16853
GCACACACTGGTAGCC-1,1,56,94,10125,16611
TAAGGGCCTGTCCGAT-1,1,57,95,9985,16852
GCTAGAGTAGAGATGT-1,1,56,96,9847,16610
CACAGGGCCATATAGT-1,1,57,97,9708,16851
CCATGCCCTAGATTTC-1,1,56,98,9570,16610
TCGCGTAGCAGTGTCC-1,1,57,99,9431,16851
GACGAGGCTAATAAAC-1,1,56,100,9293,16609
CTACACTCGCAGATGG-1,1,57,101,9153,16850
ACGCATACGTTTACTA-1,1,56,102,9015,16608
GGAGCAACATTTCAAG-1,1,57,103,8876,16849
CGAGAGGGTAGCCGCG-1,1,56,104,8738,16607
TCGTGTTCGACCACAA-1,1,57,105,8599,16848
TCTACCCAATAGAGAG-1,1,56,106,8461,16606
ATAAACGTTGCACCAC-1,1,57,107,8321,16847
TCAACTGCAGAGTCAG-1,1,56,108,8183,16606
AGCTCCATATATGTTC-1,1,57,109,8044,16847
GTAACATCTAAGATAA-1,1,56,110,7906,16605
CCGACAATAGGCCGCC-1,1,57,111,7766,16846
ATGCTTAGGAGTTGAT-1,1,56,112,7628,16604
AACCCGAGCAGAATCG-1,1,57,113,7489,16845
CGGGTTTGTTAGGGCT-1,1,56,114,7351,16603
AGGCACGTGACTGTCC-1,1,57,115,7212,16844
GACAAGAGATGAGATT-1,1,56,116,7074,16603
AGCCCTTGGACATCCC-1,1,57,117,6934,16843
GCAGTTCGATCCGAGC-1,1,56,118,6796,16602
TCGAGGGCAACAGACG-1,1,57,119,6657,16843
ACTTTGTCGACGCACT-1,1,56,120,6519,16601
GAGTATCAAAGTTACA-1,1,57,121,6380,16842
CCAGGCTGGCGTCTGA-1,1,56,122,6242,16600
GGACTCTTCCGGTTGA-1,1,57,123,6102,16841
TCCCAGCACACGACAT-1,1,56,124,5964,16599
GCTCCATGAGTGCAGA-1,1,57,125,5825,16840
GCAGTGCGGGCGGATG-1,1,56,126,5687,16599
GCGTTCTGACTAAGCG-1,1,57,127,5547,16840
ATTTGGAGATTGCGGT-1,0,58,0,23160,17131
AAGGGTTTGATTTCAG-1,0,59,1,23021,17371
CCGGCCGCGAGCATAT-1,0,58,2,22883,17130
GAGTTCTGTGGGTGCT-1,0,59,3,22743,17371
AAACGAAGATGGAGTA-1,0,58,4,22605,17129
AATTACGAGACCCATC-1,0,59,5,22466,17370
CCTTTGAATTATGGCT-1,0,58,6,22328,17128
CATGGTATTAGTTTGT-1,0,59,7,22189,17369
AACGAAAGTCGTCCCA-1,0,58,8,22051,17127
ACATAAGTCGTGGTGA-1,0,59,9,21911,17368
GCACAACCTCGGGCGT-1,0,58,10,21773,17127
ATGCACGCGCTGTTCA-1,0,59,11,21634,17368
CGATGTTGTTATCTAC-1,0,58,12,21496,17126
GTCTCCTGCCAGTATG-1,0,59,13,21356,17367
GATGCCTTCTGCGGCA-1,0,58,14,21218,17125
ACCGGTCAGGTACACC-1,0,59,15,21079,17366
GTGGAGCGTTTACCGA-1,0,58,16,20941,17124
AGGCGGTTTGTCCCGC-1,0,59,17,20802,17365
TCCCTGGCGTATTAAC-1,0,58,18,20664,17123
AAACACCAATAACTGC-1,0,59,19,20524,17364
TGGACGCAATCCAGCC-1,0,58,20,20386,17123
GGAACCTTGACTCTGC-1,0,59,21,20247,17364
GTATCTCAGTCTTGAC-1,0,58,22,20109,17122
GCTGAATCTTCCAATC-1,0,59,23,19970,17363
AGATGCAAGACGTGCA-1,0,58,24,19832,17121
TTAAGGCCCGTACTTT-1,0,59,25,19692,17362
AGTATGCTGGAGACCA-1,0,58,26,19554,17120
GCGGCAAAGTATTGCC-1,0,59,27,19415,17361
GCGCAAATATATTCAA-1,0,58,28,19277,17120
GAAGAAACGATATTGT-1,0,59,29,19137,17361
GGACCTCTAGGCCGCC-1,0,58,30,18999,17119
AACAGCTGTGTGGCAA-1,0,59,31,18860,17360
TCGAATATCCCGCAGG-1,0,58,32,18722,17118
GCGACCCAACCATCTG-1,0,59,33,18583,17359
AGAGAAGGAGTACAAT-1,0,58,34,18445,17117
GGCTCCTCCACCTGTT-1,0,59,35,18305,17358
TCAGTGTATACGTCAT-1,0,58,36,18167,17116
ATTATTATGTCCGTCA-1,0,59,37,18028,17357
TTAGGTCATAACCGAC-1,0,58,38,17890,17116
AAGATGGCACCGGACC-1,0,59,39,17751,17357
CTACAAGAAATAACCC-1,0,58,40,17613,17115
ACTATTTCCGGGCCCA-1,1,59,41,17473,17356
TTGTTTCACATCCAGG-1,1,58,42,17335,17114
CGCTGTGTGGATGTTG-1,1,59,43,17196,17355
TCAACATAGCGCCCTA-1,1,58,44,17058,17113
GGCCGTTTGGGTTTCA-1,1,59,45,16918,17354
TACTCTTTCGTCTTCA-1,1,58,46,16780,17113
TTCGCGCGCCATACGA-1,1,59,47,16641,17353
CGGAAAGAATCAAACG-1,1,58,48,16503,17112
AGGCAGGGAGCGTACT-1,1,59,49,16364,17353
CCTTTAAGGGAGCACT-1,1,58,50,16226,17111
CGCCCAGCACGCCTAG-1,1,59,51,16086,17352
AGTATTTGGCACGACC-1,1,58,52,15948,17110
TATCCGCACCGTCGGG-1,1,59,53,15809,17351
ACCCGTGTCATCAGTA-1,1,58,54,15671,17109
CAACTGCTCATCCGAT-1,1,59,55,15532,17350
CCGGAGCGTACTTTCT-1,1,58,56,15394,17109
TACCGTAGGTTAACTA-1,1,59,57,15254,17350
TGAGGAGTGCCAGCTT-1,1,58,58,15116,17108
CCAGTCTTGTCATAGA-1,1,59,59,14977,17349
GGGCAGAGCAATCGTT-1,1,58,60,14839,17107
TACCAAATAGCCCAGA-1,1,59,61,14699,17348
TACCTACTCCCAGTAT-1,1,58,62,14561,17106
TGTGAGACTAGCCCAA-1,1,59,63,14422,17347
ATACCTAACCAAGAAA-1,1,58,64,14284,17106
GTCGGGAAGCAGAAAC-1,1,59,65,14145,17346
AATTAACGGATTTCCA-1,1,58,66,14007,17105
GAACCCTCTGTGTTCT-1,1,59,67,13867,17346
ATATAAAGCGCTCGTG-1,1,58,68,13729,17104
CCTGGTCGAATGTGGG-1,1,59,69,13590,17345
CTAGGTTCGGACGTGA-1,1,58,70,13452,17103
TCGGGAGACAGCGTAC-1,1,59,71,13313,17344
CATAAGAAGCTTGGCT-1,1,58,72,13175,17102
AAGCACCCTGCGTATC-1,1,59,73,13035,17343
AGTTTGCACCTGCCTC-1,1,58,74,12897,17102
GACTGCAAATCGAGCT-1,1,59,75,12758,17343
GTGTATATCAGCGGGC-1,1,58,76,12620,17101
CTTCAACTCCACTTGG-1,1,59,77,12480,17342
ACTTACGCATCCACGC-1,1,58,78,12342,17100
CATGAGATGCACTCTC-1,1,59,79,12203,17341
GAGCACCTGTGTCCAG-1,1,58,80,12065,17099
CGCGACCGCGACAGAT-1,1,59,81,11926,17340
GTCCCGCGACGTTATG-1,1,58,82,11788,17098
GCAGTGTGGCTATAGG-1,1,59,83,11648,17339
ATACTGCCTTACACCG-1,1,58,84,11510,17098
TACAGAAACGGTGGGC-1,1,59,85,11371,17339
GGCGCGGAGATCTTTC-1,0,58,86,11233,17097
CGTTAATGTCCCGACG-1,1,59,87,11094,17338
GCTAACTGAAGTCTGA-1,1,58,88,10956,17096
AGTGATAACCTGCGCG-1,1,59,89,10816,17337
TATGATCTTCTCTTTA-1,1,58,90,10678,17095
TGTACCTACACGAGGG-1,1,59,91,10539,17336
ATATCGTTCCTCGAAC-1,1,58,92,10401,17095
CGGCGCCATCAATCCC-1,1,59,93,10261,17336
CCTGTTTGAAGACACG-1,1,58,94,10123,17094
GCCACTCAGAGCGCGA-1,1,59,95,9984,17335
TCGGCTTGTATCGACG-1,1,58,96,9846,17093
TAGATGGTTCCTTACT-1,1,59,97,9707,17334
ATCGTTAGCTAGCGGA-1,1,58,98,9569,17092
ACAGCGACATTCTCAT-1,1,59,99,9429,17333
ATTCAACCATTTAAGG-1,1,58,100,9291,17091
CACTCTTCTGCTAGCC-1,1,59,101,9152,17332
CTAACTGATAATCGCC-1,1,58,102,9014,17091
TGATGTCAATTAAGTG-1,1,59,103,8875,17332
CGCCGTTCAGCATAGT-1,1,58,104,8737,17090
ATACTACCCGTACCAC-1,1,59,105,8597,17331
CCACTGTTTGGATTAA-1,1,58,106,8459,17089
CACTACGGGAGCTGCC-1,1,59,107,8320,17330
GACCAAACGTTGACTG-1,1,58,108,8182,17088
AAGAGGCCCTTTGGAA-1,1,59,109,8042,17329
ACACGTAGGCCACAAG-1,1,58,110,7904,17088
TACTCTTACTTTACTG-1,1,59,111,7765,17328
AGAGCCGCCGAGATTT-1,1,58,112,7627,17087
GGCCTGCTTCTCCCGA-1,1,59,113,7488,17328
TCAAGCGCGGACGGTA-1,1,58,114,7350,17086
ACACTGGGACAGTCGT-1,1,59,115,7210,17327
TGTGTAGTAGCACGTG-1,1,58,116,7072,17085
CTAGCCACAGGCGAGC-1,1,59,117,6933,17326
CTATCGCGTAGAGAAC-1,1,58,118,6795,17084
GTTCCCGTAAACATAT-1,1,59,119,6656,17325
TCTTTCCTTCGAGATA-1,1,58,120,6518,17084
ATATTGGAGAGGCCTT-1,1,59,121,6378,17325
AGGCGATAACTGGCGT-1,1,58,122,6240,17083
ACCCGGAGCACCACAA-1,1,59,123,6101,17324
TGAGCTCAACTGTATA-1,1,58,124,5963,17082
ACGACCCATGAGTTGC-1,1,59,125,5823,17323
CGGTCAGTCCATATTT-1,1,58,126,5685,17081
TCCGGCTGTCGGGTCG-1,1,59,127,5546,17322
ATTCCCGAAGGTACAG-1,0,60,0,23159,17613
CTAACAGCACAATAAC-1,0,61,1,23019,17854
TTGTGCGGAAGCGGAT-1,0,60,2,22881,17612
GGGCACTATTGACCAT-1,0,61,3,22742,17853
CCATAGAGGCTGCCAG-1,0,60,4,22604,17612
CCGAAGCATTGACCAA-1,0,61,5,22465,17853
TACTGAGGGAAGAAAG-1,0,60,6,22327,17611
TATGTAGAAACCCGGC-1,0,61,7,22187,17852
TGGTTAACTTACATTT-1,0,60,8,22049,17610
AGAACCCTCAATTGGG-1,0,61,9,21910,17851
CCTATATCGTGTCACG-1,0,60,10,21772,17609
ACGGCTGGATGTAGAA-1,0,61,11,21632,17850
CTCGCATTGCATAGCC-1,0,60,12,21494,17608
ACTTTGGTCGTGCTCC-1,0,61,13,21355,17849
GCTGGTTTAGGCCATA-1,0,60,14,21217,17608
TGTCGTTATCACATAT-1,0,61,15,21078,17849
ACACATGATCAAATCT-1,0,60,16,20940,17607
TATCCATCTCGGTTAG-1,0,61,17,20800,17848
CTCGTCGAGGGCTCAT-1,0,60,18,20662,17606
ATCAATGCCGTGGCTG-1,0,61,19,20523,17847
GAAACATAGGAAACAG-1,0,60,20,20385,17605
TAATAGGTCACCAGAA-1,0,61,21,20246,17846
CACCAGTCAGCATGCA-1,0,60,22,20108,17605
GAGCGCTGTTAGGTAA-1,0,61,23,19968,17845
CCCTATGTAGAGCAGA-1,0,60,24,19830,17604
GATCGCTATATCTCAG-1,0,61,25,19691,17845
AAGGGACTATGCATTC-1,0,60,26,19553,17603
CTCGGGTTCTCTGGCC-1,0,61,27,19413,17844
TATATATCGAGAAATG-1,0,60,28,19275,17602
ACCCGAGCGAAATTAC-1,0,61,29,19136,17843
TTGTTTCATTAGTCTA-1,0,60,30,18998,17601
ATGGGACCTGCTGAAC-1,0,61,31,18859,17842
TGCGACGGCCGAACGT-1,0,60,32,18721,17601
AGCTAACAAGCAATGT-1,0,61,33,18581,17842
CGTGTCTCGTTACGAC-1,0,60,34,18443,17600
CTAAATCCGGTGTACA-1,0,61,35,18304,17841
GAATAGTGCTCGATTA-1,0,60,36,18166,17599
AACAATACATTGTCGA-1,0,61,37,18027,17840
CACATCGTGCACGCGC-1,0,60,38,17889,17598
ACCGTGACCACGTGGG-1,0,61,39,17749,17839
CCCAATGAGATTTGCA-1,0,60,40,17611,17598
TCAGCAGTAGGCCCTG-1,0,61,41,17472,17838
CTACTCAAGGTATAGT-1,1,60,42,17334,17597
TAGTAGCTTATACCAG-1,1,61,43,17194,17838
ACGTTCGTTCAGGAAA-1,1,60,44,17056,17596
TTAGAATAAGGGTCGG-1,1,61,45,16917,17837
TTCTAGAAAGTCTTAT-1,1,60,46,16779,17595
CCTTCAGTTAAAGTGA-1,1,61,47,16640,17836
TAGCTAGTGATGATGG-1,1,60,48,16502,17594
AGCCCGGTAGCCTGTA-1,1,61,49,16362,17835
TACCTCAGTTGTCTGT-1,1,60,50,16224,17594
GACGGGTTGGCCCGTA-1,1,61,51,16085,17835
GAAACCTATACAAATG-1,1,60,52,15947,17593
TCCACCTCTAGCCTTT-1,1,61,53,15808,17834
AAGACCCAACTGAACA-1,1,60,54,15670,17592
CATACACGGTTCCCAC-1,1,61,55,15530,17833
ACTACGCGTTAGAATT-1,1,60,56,15392,17591
CTTGGCCAAGCTGGGA-1,1,61,57,15253,17832
TTACCCTAGGGATTGG-1,1,60,58,15115,17590
TTCGCACTGTACGACA-1,1,61,59,14975,17831
TAGGTGTTCCACAGAT-1,1,60,60,14837,17590
GAAGCCTGCACATTCC-1,1,61,61,14698,17831
GGCTTTCAATAAGGGT-1,1,60,62,14560,17589
TCCAGGGTATATACGA-1,1,61,63,14421,17830
CTCGCCGAATGTAGGG-1,1,60,64,14283,17588
AGGAAGCTGTCCGCCG-1,1,61,65,14143,17829
GTCTCAAGGCCCGGCT-1,1,60,66,14005,17587
ACCGACACATCTCCCA-1,1,61,67,13866,17828
TATACGCGTCATCACT-1,1,60,68,13728,17587
ATCTGGGCTGTTCTTG-1,1,61,69,13589,17828
TCAAATTTGAGACTCA-1,1,60,70,13451,17586
GTTAAGGGTGCGATGT-1,1,61,71,13311,17827
AGCAAAGGCCGCTAGT-1,1,60,72,13173,17585
TTATAGGTAATTGTCT-1,1,61,73,13034,17826
TTGTGCAGCCACGTCA-1,1,60,74,12896,17584
ACGGACTCTCAAAGCG-1,1,61,75,12756,17825
ATGCTCTGGCGCGGTA-1,1,60,76,12618,17583
ATAATCTTGGAGAACC-1,1,61,77,12479,17824
CTCATTGCTCTAACAA-1,1,60,78,12341,17583
TAGGTGACGATAACCT-1,1,61,79,12202,17824
CGGATCCTCAAGGACT-1,1,60,80,12064,17582
GGGCGTGGTTTCCCAG-1,1,61,81,11924,17823
TGGCTATGTGACATAC-1,1,60,82,11786,17581
CTTAGTGTAGTAGCAT-1,1,61,83,11647,17822
GGATTGCTGTGACTCC-1,1,60,84,11509,17580
ACTTCCATGCGGGACA-1,1,61,85,11370,17821
ACTCAAGTGCAAGGCT-1,1,60,86,11232,17580
ACAAGGATGCTTTAGG-1,1,61,87,11092,17820
TTGAACGACGTGCTGA-1,1,60,88,10954,17579
ATTCATCGTTGAGGCA-1,1,61,89,10815,17820
TGCAACCCATCTGCGG-1,1,60,90,10677,17578
AGTGCTAAACACAGCA-1,1,61,91,10537,17819
AACTCCAGAGCGTGTT-1,1,60,92,10399,17577
TCTCCACAAGTTGAAT-1,1,61,93,10260,17818
CTTTGCATCGCTCTTG-1,1,60,94,10122,17576
TCACAAACCGAGGTAC-1,1,61,95,9983,17817
CCGTAGGAAATCCCTG-1,1,60,96,9845,17576
AAACATTTCCCGGATT-1,1,61,97,9705,17817
GCCTCCGACAATTCAC-1,1,60,98,9567,17575
TCTGCATACCTTGCTT-1,1,61,99,9428,17816
ACCCATTTGTCCCTCT-1,1,60,100,9290,17574
CTGCAGAGAATCAGAG-1,1,61,101,9151,17815
GGAAACTAAATGGGCC-1,1,60,102,9013,17573
CAACCTACCGAGCAGT-1,1,61,103,8873,17814
CCGTAGGGTTGTTTAC-1,1,60,104,8735,17573
GGTTTGTGACCTGAGG-1,1,61,105,8596,17813
TAACCTAGGGAGTCCA-1,1,60,106,8458,17572
TTCCATCGACAGCGTG-1,1,61,107,8318,17813
ATCTCCCACGGAATAT-1,1,60,108,8180,17571
GTTTCAAACGAGTTGT-1,1,61,109,8041,17812
GGAACTTTGGCGATTA-1,1,60,110,7903,17570
CTGCAAGCACGTTCCG-1,1,61,111,7764,17811
CACAGTCCCGCTTCGC-1,1,60,112,7626,17569
TACGCTCGGTATTGGA-1,1,61,113,7486,17810
CTGGTAAAGTGTGGGC-1,1,60,114,7348,17569
CAACCAGTGGCCTACC-1,1,61,115,7209,17810
TCTTCGCGGTGAGAGG-1,1,60,116,7071,17568
TTCGGGTTGCCACGGG-1,1,61,117,6932,17809
ACCGATAGGCATAACC-1,1,60,118,6794,17567
CTTATAGATGGCTGTT-1,1,61,119,6654,17808
AGACGCCCACTTCGCC-1,1,60,120,6516,17566
AGGTCGCCTCCCAACA-1,1,61,121,6377,17807
CCTCACGTCAGCTAAT-1,1,60,122,6239,17565
CCACCTGTATGGAATA-1,1,61,123,6099,17806
GGACTCGAAGCTTTCA-1,1,60,124,5961,17565
AAGCCGGAGAGCAGGA-1,1,61,125,5822,17806
GCCTATCAGGTAAGAT-1,1,60,126,5684,17564
TCAGAGTGTGAGCATG-1,1,61,127,5545,17805
AAACATGGTGAGAGGA-1,0,62,0,23157,18096
ATCATTGTACCGCATT-1,0,63,1,23018,18337
TCAGCTTGAGCTTTCG-1,0,62,2,22880,18095
CCGCGCAAGATACCCA-1,0,63,3,22741,18336
CTATACTTAAAGCGAG-1,0,62,4,22603,18094
ACCGTCCACTGGGCCC-1,0,63,5,22463,18335
AAGACCAAATAACTCA-1,0,62,6,22325,18093
TGTTTCTGAAGCGTGC-1,0,63,7,22186,18334
TTCTCTTACAGGTGAT-1,0,62,8,22048,18093
AATTCATTGTCATGCA-1,0,63,9,21908,18334
GCCCGAGAGTCTAAAT-1,0,62,10,21770,18092
ATATAGAGTATTGGTC-1,0,63,11,21631,18333
TTGAAGGATGGGCGCC-1,0,62,12,21493,18091
TAGTACCACAACTTTC-1,0,63,13,21354,18332
ATCCCATCCACAGCGC-1,0,62,14,21216,18090
CTTAGGTATAGACCAG-1,0,63,15,21076,18331
TGACTCCGAATCATAC-1,0,62,16,20938,18090
ACTACATCCCGACAAG-1,0,63,17,20799,18330
TTGCCGCAGACCTACA-1,0,62,18,20661,18089
TAAGAGGGACAGGGAC-1,0,63,19,20522,18330
CGAATGAAGTCATTGC-1,0,62,20,20384,18088
AAGGGAACGACTGGCT-1,0,63,21,20244,18329
CGAATCTGCTCGACGC-1,0,62,22,20106,18087
ATCGTGGAAAGTCTGG-1,0,63,23,19967,18328
CCTATGGCTCCTAGTG-1,0,62,24,19829,18086
CGTCGCTTGGTTATAC-1,0,63,25,19689,18327
TGCTTAGAGAGAATGC-1,0,62,26,19551,18086
GATTGCTCCAGTTGCA-1,0,63,27,19412,18327
CGTGCTTCTACCTAAA-1,0,62,28,19274,18085
ACTCCAATATCATCAT-1,0,63,29,19135,18326
GCCGACCCACGACTGC-1,0,62,30,18997,18084
GAGGGTAGTAACAAAG-1,0,63,31,18857,18325
GGCCGAGACTCTGGTG-1,0,62,32,18719,18083
TATATAGGGCTTTACG-1,0,63,33,18580,18324
TGCCGGATGTACGAGC-1,0,62,34,18442,18083
AGGTAGATCGAGATAT-1,0,63,35,18303,18323
GATCAACATAAAGGGA-1,0,62,36,18165,18082
TAACAGCGTTTGTGCT-1,0,63,37,18025,18323
CTATAGGCGTTGATGT-1,0,62,38,17887,18081
GGTTTAATTACCATCG-1,0,63,39,17748,18322
CTCTTCTGGAAGTTAG-1,0,62,40,17610,18080
ATCTGACATGGAAGGA-1,0,63,41,17470,18321
TACGTACTAGTGCTGA-1,0,62,42,17332,18079
ATGACTATCAGCTGTG-1,0,63,43,17193,18320
CTTTGGGATTGTTGCA-1,1,62,44,17055,18079
AGACTGTTACCGGGTC-1,1,63,45,16916,18320
TCCTAACCGTCGGGCA-1,1,62,46,16778,18078
ACGCAAACTAATAGAT-1,1,63,47,16638,18319
AAGTGAGTCGGGTTTA-1,1,62,48,16500,18077
TAAAGCGGTATTTCCA-1,1,63,49,16361,18318
CTCCTCCAGCTCACAC-1,1,62,50,16223,18076
CGGTCCGTCGCAAGCC-1,1,63,51,16084,18317
CCTATATTTGTCCTGG-1,1,62,52,15946,18075
TCCAATAAAGGCTACC-1,1,63,53,15806,18316
AAAGGCTACGGACCAT-1,1,62,54,15668,18075
CGTGACCAGTCCTCTG-1,1,63,55,15529,18316
GATCTGCTATCTAAGG-1,1,62,56,15391,18074
CGAATGACGCATAATG-1,1,63,57,15251,18315
GCTCAATGTAATACCG-1,1,62,58,15113,18073
CTATGCCCGAATGCAA-1,1,63,59,14974,18314
CACAGGGCCGTTGTCA-1,1,62,60,14836,18072
TCAATACGCCGTCATG-1,1,63,61,14697,18313
AGCGGACACTTCGTAG-1,1,62,62,14559,18072
ATACGTTATGCACGGA-1,1,63,63,14419,18312
GAGTAGATACTAGTTG-1,1,62,64,14281,18071
CCAGCTCGAACGCATT-1,1,63,65,14142,18312
TGCTTCCCAAGCAGTA-1,1,62,66,14004,18070
GTAGACACGCCTGACT-1,1,63,67,13865,18311
CTCACATTTACTAAAT-1,1,62,68,13727,18069
GAATGCGAATCGGTTC-1,1,63,69,13587,18310
TAAGGCCCGTCACCCT-1,1,62,70,13449,18068
GAGTATGCGCGTGCAT-1,1,63,71,13310,18309
ATCCACATCGACAGAA-1,1,62,72,13172,18068
TAGACGAAACGCCAAT-1,1,63,73,13032,18309
CAGCAGTCTGTGCTGC-1,1,62,74,12894,18067
CTCACTGTGATACTTA-1,1,63,75,12755,18308
TTAATTGCTTTGGGTG-1,1,62,76,12617,18066
GTAGTCTACGATATTG-1,1,63,77,12478,18307
TTGCCGCTTTCTAGTA-1,1,62,78,12340,18065
GAACCTTTAACGATCC-1,1,63,79,12200,18306
TGGACCAATCTAAGAT-1,1,62,80,12062,18065
CTAGTAGAAAGGGATT-1,1,63,81,11923,18305
AACCTCGCTTTAGCCC-1,1,62,82,11785,18064
GAGTGTCAACCAGAAA-1,1,63,83,11646,18305
GTGATCCTTGTCATGA-1,1,62,84,11508,18063
CTCAACTAACCCGGAT-1,1,63,85,11368,18304
AGTGGCGTCTGAAGGT-1,1,62,86,11230,18062
GGGAAGGGCTTTCTCA-1,0,63,87,11091,18303
AGGCCTGAGAATCTCG-1,1,62,88,10953,18061
AGCCACAGGTTACCCG-1,1,63,89,10813,18302
TGCAATCTAACACGGT-1,1,62,90,10675,18061
GTTTGGGTTTCGCCCG-1,1,63,91,10536,18302
CCTATGTCCACTCCAC-1,1,62,92,10398,18060
CTGCCTTTCTAGTAAA-1,1,63,93,10259,18301
TTAGTAAACCTGCTCT-1,1,62,94,10121,18059
TTGTGGTGGTACTAAG-1,1,63,95,9981,18300
CCTCCTGTTGTGTCGT-1,1,62,96,9843,18058
ACAAAGCATGACCTAG-1,1,63,97,9704,18299
ATAGCAACTAGGGAAG-1,1,62,98,9566,18057
CCGCTCTTCCGAACTA-1,1,63,99,9427,18298
TAGAATAGCCGATGAA-1,1,62,100,9289,18057
GGTCTCCGTCCAGGTT-1,1,63,101,9149,18298
TAATTACGTCAGTAGA-1,1,62,102,9011,18056
TACGTAAAGCGGAGTG-1,1,63,103,8872,18297
GCTACAATCGAGGATA-1,1,62,104,8734,18055
TCAGCCAATCCGTAAA-1,1,63,105,8594,18296
ATCATAGCCCTATGTA-1,1,62,106,8456,18054
GAGGCCTGTTGATACA-1,1,63,107,8317,18295
ATATACGCTCGTGACG-1,1,62,108,8179,18054
CCCTTTAATGGAGTTC-1,1,63,109,8040,18295
TTACACGATCTGCGAC-1,1,62,110,7902,18053
TCGCATAAAGGGCGCA-1,1,63,111,7762,18294
TGTAGCCATCCCATTC-1,1,62,112,7624,18052
GGGTCTATCGCTTTCC-1,1,63,113,7485,18293
GGAGGGTCAAGTAAGA-1,1,62,114,7347,18051
TACGGCATGGACGCTA-1,1,63,115,7208,18292
CACGTCAATCAATGGA-1,1,62,116,7070,18050
CGCTTGGACGGATAGA-1,1,63,117,6930,18291
CGCGGTACGGTATACA-1,1,62,118,6792,18050
CCTACTCAACACGATT-1,1,63,119,6653,18291
CGTTTGGTGTTGTGGG-1,1,62,120,6515,18049
GTTGTTGCAAGATGGC-1,1,63,121,6375,18290
CATTCGTCGTAGCGGT-1,1,62,122,6237,18048
CAGCCTCGATAGCGGT-1,1,63,123,6098,18289
TCATAAGTCCAAGAAG-1,1,62,124,5960,18047
AAAGTGCCATCAATTA-1,1,63,125,5821,18288
GTTGCAGTCGACAACA-1,1,62,126,5683,18047
TAAATGGGCTACTGAG-1,1,63,127,5543,18287
GGACAAGCCATGATCG-1,0,64,0,23156,18578
TCCAATGCGTCGCCGC-1,0,65,1,23017,18819
AAAGAATGACCTTAGA-1,0,64,2,22879,18578
CCTATTATTCCGGCCG-1,0,65,3,22739,18819
CAGTAAGGGACGTCTC-1,0,64,4,22601,18577
GGGATGGACCCGCGTC-1,0,65,5,22462,18818
GACGCATACCCGTCGG-1,0,64,6,22324,18576
GGGCAGGATTTCTGTG-1,0,65,7,22184,18817
TATCTGAGCCGATATT-1,0,64,8,22046,18575
AATGTATGGCACTGTA-1,0,65,9,21907,18816
GCCTTTGTCAGTGGAC-1,0,64,10,21769,18575
AACCATAGGGTTGAAC-1,0,65,11,21630,18815
AAACTTAATTGCACGC-1,0,64,12,21492,18574
TAGGCGGCTGCAAAGA-1,0,65,13,21352,18815
TCCATCAATACTAATC-1,0,64,14,21214,18573
ACCTCGAACTTATGCT-1,0,65,15,21075,18814
ACAAACCATGCGTCCT-1,0,64,16,20937,18572
ACACCGGTCTGACCGC-1,0,65,17,20798,18813
ATGGCAGCATTACGAT-1,0,64,18,20660,18571
CTGGTGAATGGGCCTA-1,0,65,19,20520,18812
CACAGAGACGAGGACG-1,0,64,20,20382,18571
GCACAAACCCTAGATG-1,0,65,21,20243,18812
ACTATGTCCAGCTGCC-1,0,64,22,20105,18570
AAGCCGCCGTGAAATC-1,0,65,23,19965,18811
ATGGGTGTATACCTCC-1,0,64,24,19827,18569
TAAGCGCGAATCAAAT-1,0,65,25,19688,18810
AGCCCGGCATTAGAGG-1,0,64,26,19550,18568
GTGATCAAGCGTGCAC-1,0,65,27,19411,18809
CTGCCTTTAATACCTT-1,0,64,28,19273,18567
TACCTCCACACCAATG-1,0,65,29,19133,18808
GAGCATCAACAACTTG-1,0,64,30,18995,18567
CATACGAACTAGCTGG-1,0,65,31,18856,18808
GGGAACGGTTTCAGAT-1,0,64,32,18718,18566
AGGGTGCCGTTCTTTA-1,0,65,33,18579,18807
ACGACTGGTCATACTC-1,0,64,34,18441,18565
GGATCTTACTGCCCTT-1,0,65,35,18301,18806
TACTCCTCTAGTTGAC-1,0,64,36,18163,18564
GTAGCTCCGGGAGGCT-1,0,65,37,18024,18805
GGACTCGTGAGTGGTC-1,0,64,38,17886,18564
GTAGTTCGAAGGCGAA-1,0,65,39,17746,18804
CTCAAACCACTGCCCG-1,0,64,40,17608,18563
GAGGGAGTCAGATCGC-1,0,65,41,17469,18804
GCGTCCCTAAGACATA-1,0,64,42,17331,18562
TCTCTTACCGCGAACC-1,0,65,43,17192,18803
GGCTACTATACACTCC-1,0,64,44,17054,18561
CGTTGCCCGCGTGGGA-1,1,65,45,16914,18802
TATAGAGTCGCTTGAA-1,1,64,46,16776,18560
ATGTTGTAGTCTGTTT-1,1,65,47,16637,18801
AGTATACACAGCGACA-1,1,64,48,16499,18560
TGTGGTTGCTAAAGCT-1,1,65,49,16360,18801
TGATTCCCGGTTACCT-1,1,64,50,16222,18559
CACTGACGATTGTGGA-1,1,65,51,16082,18800
AACATTGTGACTCGAG-1,1,64,52,15944,18558
GTCCAATATTTAGCCT-1,1,65,53,15805,18799
GCTCTTTCCGCTAGTG-1,1,64,54,15667,18557
GGGTCAGGAGCTAGAT-1,1,65,55,15528,18798
AGGTGGTGACCTTCGC-1,1,64,56,15389,18557
CCCGGGTCGTTCAGGG-1,1,65,57,15250,18797
AGCCAAGCTTTGTGTC-1,1,64,58,15112,18556
TGTGGCGGGCTTCTGG-1,1,65,59,14973,18797
CGAGGGTATCCAGGTG-1,1,64,60,14835,18555
CGTTCAGACCCGCGAA-1,1,65,61,14695,18796
TCATATGAGCTTTGTT-1,1,64,62,14557,18554
AGTTGACGGTCCTTGC-1,1,65,63,14418,18795
ATAATTAGCTAAGTAG-1,1,64,64,14280,18553
GGTCTTGAGCGCTCTT-1,1,65,65,14141,18794
CGTTGTCGGCAATTGA-1,1,64,66,14003,18553
TCTTGCTCCCGATACT-1,1,65,67,13863,18794
AGCAGAAGGAGAAAGA-1,1,64,68,13725,18552
GAAGCCACTGATTATG-1,1,65,69,13586,18793
TGCTCTTGAGAGTTTG-1,1,64,70,13448,18551
GACATCCGTCGAACTG-1,1,65,71,13309,18792
AGATATAATACGACTA-1,1,64,72,13170,18550
TCGCTACTGGCTTTGA-1,1,65,73,13031,18791
GTGACAGCTTCCCACT-1,1,64,74,12893,18550
GTGACGCAGGTTTCAT-1,1,65,75,12754,18790
GGGAAGACGGTCTGTC-1,1,64,76,12616,18549
CGTCGCATGTGAGCCA-1,1,65,77,12476,18790
AGAAGGTTGTAGGTCG-1,1,64,78,12338,18548
GGCCGGCGTCTGCTAT-1,1,65,79,12199,18789
TTGACCAGGAACAACT-1,1,64,80,12061,18547
AGTCGTATAAAGCAGA-1,1,65,81,11922,18788
GGCGTAGGGAAAGCTG-1,1,64,82,11784,18546
AAACCTAAGCAGCCGG-1,1,65,83,11644,18787
ATTGCCTTTATGTTTG-1,1,64,84,11506,18546
CAGGCAGTCTTACCAG-1,1,65,85,11367,18787
AGCTAAGTACGCAGGC-1,1,64,86,11229,18545
AAATCCGATACACGCC-1,0,65,87,11090,18786
CGAGAGCTTTCACTAC-1,1,64,88,10952,18544
CGCCCAGCGTTTCACG-1,1,65,89,10812,18785
TTAAGTATTGTTATCC-1,1,64,90,10674,18543
AAACGGGCGTACGGGT-1,1,65,91,10535,18784
GTATCCTTTGGTAACC-1,1,64,92,10397,18542
CATAGTCAAATACATA-1,1,65,93,10257,18783
TCTATGCTATAACGAC-1,1,64,94,10119,18542
ACGTTCTGTACAAGTC-1,1,65,95,9980,18783
CGCGAAGTGGCATACT-1,1,64,96,9842,18541
ACCAACCGCACTCCAC-1,1,65,97,9703,18782
GTCATGCGCGAGGGCT-1,1,64,98,9565,18540
TAGGCTAAAGTGGCAC-1,1,65,99,9425,18781
TGGCTACACTCTACCT-1,1,64,100,9287,18539
TGTCCACGGCTCAACT-1,1,65,101,9148,18780
AATTGCAGCAATCGAC-1,1,64,102,9010,18539
GTCAACCAGGCCTATA-1,1,65,103,8871,18779
ATCTTATCGCACACCC-1,1,64,104,8733,18538
GTCTATTGCATGCTCG-1,1,65,105,8593,18779
GCACGTGGTTTACTTA-1,1,64,106,8455,18537
ATTCGCGCCTTGAGAG-1,1,65,107,8316,18778
AGCGATGCGCCTAATA-1,1,64,108,8178,18536
TCTATAGGTGGGTAAT-1,1,65,109,8038,18777
AGATACCAATAGAACC-1,1,64,110,7900,18535
CGTGTATGGGAGCTGA-1,1,65,111,7761,18776
ATGTACATGCGGTGAG-1,1,64,112,7623,18535
TTGGCTCAATATGTGT-1,1,65,113,7484,18776
GTTCGGAGCACTCAAC-1,1,64,114,7346,18534
TCCCTCTTCTCAAGGG-1,1,65,115,7206,18775
TTACGTATCTATGACA-1,1,64,116,7068,18533
CCCATATAGGTCGATT-1,1,65,117,6929,18774
GTCCACGTCGCATTCG-1,1,64,118,6791,18532
AATTGTGGTTGCCAAA-1,1,65,119,6652,18773
AGGAACGAACGACTTC-1,1,64,120,6514,18532
TAATTCCAATGCTTCA-1,1,65,121,6374,18772
AGGGCCCTAATGTTCT-1,1,64,122,6236,18531
AGGTGTTGCCGACCAC-1,1,65,123,6097,18772
CTGAGAGTAGAAATAC-1,1,64,124,5959,18530
TAGAAGAAGGGTTACA-1,1,65,125,5819,18771
GGTGACTGATAGAGAG-1,1,64,126,5681,18529
TACCCTCGGTAACCCT-1,1,65,127,5542,18770
TGTAAGACTGATAAGA-1,0,66,0,23155,19061
GTCACTCATGAGCGAT-1,0,67,1,23015,19302
CGGTTTACTGAACATT-1,0,66,2,22877,19060
GAGATCGATCTTACTC-1,0,67,3,22738,19301
TCTTTCATCCGTCCTT-1,0,66,4,22600,19059
TCGGATCTGGATGACC-1,0,67,5,22461,19300
GTCCTAGGATACCTTA-1,0,66,6,22323,19059
TGTACCCGACCCTAAT-1,0,67,7,22183,19300
AGGTTCTCCTTTCCGG-1,0,66,8,22045,19058
AATTGCGTGGATTACA-1,0,67,9,21906,19299
CGATAGCGATACAGTG-1,0,66,10,21768,19057
CGCCCTAATTGTTCAA-1,0,67,11,21628,19298
ATTATGAGACCCAATT-1,0,66,12,21490,19056
CCTCCTAGCTAGAGTC-1,0,67,13,21351,19297
CGAAGGGTTTCAGATT-1,0,66,14,21213,19056
CACAAGCTAAGAAAGG-1,0,67,15,21074,19297
CACCGGTAGAGACATT-1,0,66,16,20936,19055
ACTCATGGCAGCCTTC-1,0,67,17,20796,19296
CATCCAATATAGTTTG-1,0,66,18,20658,19054
CAGATATGAAGATGAC-1,0,67,19,20519,19295
GCAAAGGGCGTTAGCC-1,0,66,20,20381,19053
CTGTTGTTCAGTCGTA-1,0,67,21,20242,19294
AAAGGCCCTATAATAC-1,0,66,22,20104,19052
AACATTGAAGTTGATC-1,0,67,23,19964,19293
GCTAGCGATAGGTCTT-1,0,66,24,19826,19052
ATTGCCTATTAGACCG-1,0,67,25,19687,19293
GGGCGTTTACATTCAT-1,0,66,26,19549,19051
CCTCTACAAGGATTGG-1,0,67,27,19409,19292
AGTGACTGTGACACAA-1,0,66,28,19271,19050
AGCCCTCCCTGGTGGC-1,0,67,29,19132,19291
CGGTTGAGTATCCTTC-1,0,66,30,18994,19049
CATTATCCCATTAACG-1,0,67,31,18855,19290
AATGTGCTAATCTGAG-1,0,66,32,18717,19049
CTTAGTTGAGGAATCG-1,0,67,33,18577,19289
CTTCTGGGCGTACCTA-1,0,66,34,18439,19048
AGTCAAATGATGTGAT-1,0,67,35,18300,19289
TGAACAAGCAGGGACT-1,0,66,36,18162,19047
AATACCGGAGGGCTGT-1,0,67,37,18023,19288
GTTTGGTGATCGGTGC-1,0,66,38,17885,19046
GACTGCTGGTGAGAAA-1,0,67,39,17745,19287
CGATCCTCGCAACATA-1,0,66,40,17607,19045
CCAACCTTATGTAACT-1,0,67,41,17468,19286
CGTGGTACCCAAAGGC-1,0,66,42,17330,19045
AACCCGACAACCCGTG-1,0,67,43,17190,19286
TATGTAAAGTGCTTAA-1,0,66,44,17052,19044
GCAAGTGTAAAGCATG-1,0,67,45,16913,19285
GTAACTGCCCAAGGAG-1,1,66,46,16775,19043
GGTGCATAAATGATTA-1,1,67,47,16636,19284
TAGTCCCGGAGACCAC-1,1,66,48,16498,19042
CGGCCAGAGCGACCAT-1,1,67,49,16358,19283
TGAATGAGTGTTTCCC-1,1,66,50,16220,19042
TTCACTTCCTAGAACG-1,1,67,51,16081,19282
CGCTTAGTATTGATAC-1,1,66,52,15943,19041
AACGCGACCTTGGGCG-1,1,67,53,15804,19282
GTGCACCAGCTTCAAC-1,1,66,54,15666,19040
TTCTATTAAACGCAGC-1,1,67,55,15526,19281
TGGCAAGCACAAGTCG-1,1,66,56,15388,19039
ATCTGCTGTTATCGCC-1,1,67,57,15249,19280
AATTCCAAGCATGTAC-1,1,66,58,15111,19038
AAACGGTTGCGAACTG-1,1,67,59,14971,19279
GAAGGAGTCGAGTGCG-1,1,66,60,14833,19038
GGCAAGCCCATAGTGG-1,1,67,61,14694,19279
TGACCAAATCTTAAAC-1,1,66,62,14556,19037
TTCGGTACTGTAGAGG-1,1,67,63,14417,19278
ATGTACGATGACGTCG-1,1,66,64,14279,19036
ATCTAGCTTGTGAGGG-1,1,67,65,14139,19277
AGCGGGTCTGACACTC-1,1,66,66,14001,19035
GAGGTACGCGTGTCCC-1,1,67,67,13862,19276
GCACTGCCTACCTTTA-1,1,66,68,13724,19034
GGAGCGAGGCCTACTT-1,1,67,69,13585,19275
AAACTCGGTTCGCAAT-1,1,66,70,13447,19034
GGCGCTTCATTCCCTG-1,1,67,71,13307,19275
TGCTCGGTGGGTCACC-1,1,66,72,13169,19033
AAGCGCAGGGCTTTGA-1,1,67,73,13030,19274
GACCTTCCACGTCTAC-1,1,66,74,12892,19032
GTTAGCCCATGACATC-1,1,67,75,12752,19273
AATTCGATTCGAGGAT-1,1,66,76,12614,19031
AGTCTTTAAAGTGTCC-1,1,67,77,12475,19272
GACTAGGCCGTTAGGT-1,1,66,78,12337,19031
TCCAAGCCTAGACACA-1,1,67,79,12198,19272
GATTGGGAAAGGTTGT-1,1,66,80,12060,19030
GATGAGGAACCTTCGG-1,1,67,81,11920,19271
TGAATACCGACGCGTA-1,1,66,82,11782,19029
AATCGTGAGCCGAGCA-1,1,67,83,11643,19270
GCGAAGAATCTGACGG-1,1,66,84,11505,19028
GAACAACTGGGATGAA-1,1,67,85,11366,19269
TCGCCGACATATTCGC-1,1,66,86,11228,19027
CGTAGAGAGTAATTAT-1,0,67,87,11088,19268
CGATAGTCGTACTGCA-1,1,66,88,10950,19027
CGCATGCCGAATGCGT-1,1,67,89,10811,19268
CTCTAGCCCTCGGAAA-1,1,66,90,10673,19026
TCCAACTCAGCTATCT-1,1,67,91,10533,19267
GTCTAGTGAGCCGCTT-1,1,66,92,10395,19025
TACCGAATAATTGTAA-1,1,67,93,10256,19266
ATATAACACGGGCGCA-1,1,66,94,10118,19024
GCATGCTAATAACGAT-1,1,67,95,9979,19265
TCCGGGCTTGACGGGA-1,1,66,96,9841,19024
ATTATTCAGAGTCACT-1,1,67,97,9701,19264
TAGCAGTATGACTAAA-1,1,66,98,9563,19023
TATGAAGAATTAAGGT-1,1,67,99,9424,19264
CAAGGCCAGTGGTGCA-1,1,66,100,9286,19022
TGCGTACGGCTAATTG-1,1,67,101,9147,19263
CAGATAATGGGCGGGT-1,1,66,102,9009,19021
GAGAACGGTTCTGACT-1,1,67,103,8869,19262
CGCTTCGGTCTAAGAC-1,1,66,104,8731,19020
AGCATTACGAGGCAAG-1,1,67,105,8592,19261
AAGTTGTGATGTTATA-1,1,66,106,8454,19020
TTGCTCATAGTACGTG-1,1,67,107,8314,19261
TACTTAAACATGTACA-1,1,66,108,8176,19019
AGTGAGTCGAATTAAC-1,1,67,109,8037,19260
TAGGCCTATATAGTCT-1,1,66,110,7899,19018
ACTCGCCGTTCGATAA-1,1,67,111,7760,19259
GGTACGTTGCGGCCGG-1,1,66,112,7622,19017
TATTGCCGGGCTTGTA-1,1,67,113,7482,19258
GGTAAACTCTGCGCTG-1,1,66,114,7344,19017
TCCCTTGTCTGAAACT-1,1,67,115,7205,19257
CATGATCGCTTTGAGA-1,1,66,116,7067,19016
GGACGGGCGACCAACC-1,1,67,117,6928,19257
GAGAGGCCTATGTGTA-1,1,66,118,6790,19015
TCGTAACTCCCAAGAC-1,1,67,119,6650,19256
CGTATCTAGAACTAAG-1,1,66,120,6512,19014
GCACCTTCCCGAAGGT-1,1,67,121,6373,19255
TACCTCTTTACCATCC-1,1,66,122,6235,19013
TGACTCTAACTGGTAA-1,1,67,123,6095,19254
GAGAAACTGGATCCCA-1,1,66,124,5957,19013
ATCCGGACCAGCCTGA-1,1,67,125,5818,19254
TTATTTAGGTTCCTTA-1,1,66,126,5680,19012
CGAATTCCCGGTTCAA-1,1,67,127,5541,19253
TAGTTTGATCGGTCGC-1,0,68,0,23153,19544
AGTCGAAACGATTCAG-1,0,69,1,23014,19785
ACGTCGGGCAACTCGG-1,0,68,2,22876,19543
ACTTGCTCTATCTACC-1,0,69,3,22737,19784
ATTACGGGCTACGGTT-1,0,68,4,22599,19542
GCAAACGTAAGCGACC-1,0,69,5,22459,19783
TTCGGACTGGGCATGG-1,0,68,6,22321,19541
GGGCCATTCGTGCTGG-1,0,69,7,22182,19782
GAGTTGTCACCAGTCT-1,0,68,8,22044,19541
AGTAATTTGCAAGCGT-1,0,69,9,21904,19781
GTGGCCGGTTTCTCGG-1,0,68,10,21766,19540
ATCTTAGGGCATTAAT-1,0,69,11,21627,19781
CTACATATCGCGGGAC-1,0,68,12,21489,19539
ATGGTATTTACTGATT-1,0,69,13,21350,19780
CCGTCAACCTCTGGCG-1,0,68,14,21212,19538
GCTTCGACGTTCAATC-1,0,69,15,21072,19779
GACCGATTAAATATGT-1,0,68,16,20934,19537
GTCGAATTTGGGCGCT-1,0,69,17,20795,19778
TCACGGCCCAAGAGAG-1,0,68,18,20657,19537
CTACGATCCTATCCTA-1,0,69,19,20518,19778
TGCAGTGGTAGGGAAC-1,0,68,20,20380,19536
TTGCCTAATCCAAAGT-1,0,69,21,20240,19777
AGCGAGACGTGAAGGC-1,0,68,22,20102,19535
TTCTACCTCAATCGGT-1,0,69,23,19963,19776
TACGCTGCTGTGTTAA-1,0,68,24,19825,19534
TAGTCCTGCACTAAGC-1,0,69,25,19685,19775
AGCACACGTTTAGACT-1,0,68,26,19547,19534
GTTCGACAATTGTATA-1,0,69,27,19408,19774
CCATGTTCATCTATAT-1,0,68,28,19270,19533
CCCTCGATAATACACA-1,0,69,29,19131,19774
ACTGCCCGCCATTCTC-1,0,68,30,18993,19532
CTATATCCAGCCTGGC-1,0,69,31,18853,19773
CGCACGTCTGTTTATG-1,0,68,32,18715,19531
AATCAGGTTTCATTTA-1,0,69,33,18576,19772
AGAGAAACACCAGAAA-1,0,68,34,18438,19530
ACCCGATTGGTTCCGA-1,0,69,35,18299,19771
TACCAGGAATCCCGTC-1,0,68,36,18161,19530
AAGTGCTTCTCTATTG-1,0,69,37,18021,19771
TGCATGTGACCCATAG-1,0,68,38,17883,19529
TAGATTCAAAGTGCGG-1,0,69,39,17744,19770
AGGGTCAGAGCACTCG-1,0,68,40,17606,19528
GTGAGATAACCTTATA-1,0,69,41,17466,19769
GTGTCAGTGTACGTGG-1,0,68,42,17328,19527
CTGTAGTGAGGATCGA-1,0,69,43,17189,19768
GATAGTGCGAGTAAGT-1,0,68,44,17051,19526
AGGGTTCAGACGGTCC-1,0,69,45,16912,19767
GGACTCGACAGCGCAT-1,0,68,46,16774,19526
CACTCTCAAGCATCGA-1,0,69,47,16634,19767
GAGCGGAATGCGGTGT-1,1,68,48,16496,19525
CAGTTCGAGGACCCGA-1,1,69,49,16357,19766
CGTAACTTCGACACTT-1,1,68,50,16219,19524
TGATCACCACACTGAC-1,1,69,51,16080,19765
CATACTTCTTTCTCCG-1,1,68,52,15942,19523
CAAGTAAGTGATAGAC-1,1,69,53,15802,19764
AGCCCGCAACAAGCAG-1,1,68,54,15664,19523
GCTCCATGCAAAGCAA-1,1,69,55,15525,19764
TCGTACCGACGTCAAG-1,1,68,56,15387,19522
ATTATCGGAATGTACG-1,1,69,57,15247,19763
ACCTACTATAAATCTA-1,1,68,58,15109,19521
TATCCTATCAACTGGT-1,1,69,59,14970,19762
GCGCGGTCTAGTAACT-1,1,68,60,14832,19520
CCTTCGTATAGAATCC-1,1,69,61,14693,19761
TGGGCGATACAATAAG-1,1,68,62,14555,19519
TGACATGTAACGTGAC-1,1,69,63,14415,19760
TTGGGAAGACGAGCCG-1,1,68,64,14277,19519
GGTGTAAATCGATTGT-1,1,69,65,14138,19760
GAACTGTGGAGAGACA-1,1,68,66,14000,19518
TCCACATCGTATATTG-1,1,69,67,13861,19759
CCTATGGTCAAAGCTG-1,1,68,68,13723,19517
TCCTTGTCCTTTAATT-1,1,69,69,13583,19758
AAGTTTATGGGCCCAA-1,1,68,70,13445,19516
GTCCGGGTTCACATTA-1,1,69,71,13306,19757
ATGTAGCGCGCGTAGG-1,1,68,72,13168,19516
TACGGAAGCCAAACCA-1,1,69,73,13028,19756
GCCCTGAGGATGGGCT-1,1,68,74,12890,19515
CGGGCGATGGATCACG-1,1,69,75,12751,19756
TGCGGACTTGACTCCG-1,1,68,76,12613,19514
TAATACTAGAACAGAC-1,1,69,77,12474,19755
TCAAATTGTTGTGCCG-1,1,68,78,12336,19513
GGGCAGTCAACGCCAA-1,1,69,79,12196,19754
TCGCTGCCAATGCTGT-1,1,68,80,12058,19512
TACGTGGGCCCAGGGC-1,1,69,81,11919,19753
GCCTACGTTCTGTGCA-1,1,68,82,11781,19512
TTGCGTGTGTAGGCAT-1,1,69,83,11642,19753
TCCTAAAGATTCAGAC-1,1,68,84,11504,19511
TGGGTGCACAAGCCAT-1,1,69,85,11364,19752
GGGAGCGACCGTAGTG-1,1,68,86,11226,19510
CATAGAGGAGATACTA-1,1,69,87,11087,19751
CTTCGATTGCGCAAGC-1,1,68,88,10949,19509
GTGCCTGAGACCAAAC-1,1,69,89,10809,19750
TCATCCTCAGCTGCTT-1,1,68,90,10671,19509
TGCAACTACTGGTTGA-1,1,69,91,10532,19749
ATGTTGATTAGAGACT-1,1,68,92,10394,19508
GTTTCTAGAGGCGCGG-1,1,69,93,10255,19749
TACAAGGGCTTCTTTA-1,1,68,94,10117,19507
ACAGGCACGGATCCTT-1,1,69,95,9977,19748
CCCAAGTCATTACACT-1,1,68,96,9839,19506
ACTCTGACCTAATAGA-1,1,69,97,9700,19747
GGATGGCTTGAAGTAT-1,1,68,98,9562,19505
ACCCTCCCGTCAGGGC-1,1,69,99,9423,19746
AGCTTCTTCTCGAGCA-1,1,68,100,9285,19505
TTGCGCTTGATCAATA-1,1,69,101,9145,19746
TGGGTGTAATAGATTT-1,1,68,102,9007,19504
CATGGTTTATTAATCA-1,1,69,103,8868,19745
TTGCCTTCTCGCCGGG-1,1,68,104,8730,19503
TTAAAGTAAGTCGCCA-1,1,69,105,8590,19744
AGTTGGCAAGGCTAGA-1,1,68,106,8452,19502
CCGCACTTGCAATGAC-1,1,69,107,8313,19743
AATGTTGTCGTGAGAC-1,1,68,108,8175,19501
CCAAGGTTGCCCTTTC-1,1,69,109,8036,19742
TGTGACTAGAGTTTGC-1,1,68,110,7898,19501
TTGTGATCTGTTCAGT-1,1,69,111,7758,19742
GGAGTTGATTCTGTGT-1,1,68,112,7620,19500
GTAGTGAGCAACCTCA-1,1,69,113,7481,19741
AAGACATACGTGGTTT-1,1,68,114,7343,19499
CATCCCGAGATTCATA-1,1,69,115,7204,19740
GGCCGCAGGAACCGCA-1,1,68,116,7066,19498
CCAGAAACTGATGCGA-1,1,69,117,6926,19739
ACCCGTAGTCTAGTTG-1,1,68,118,6788,19498
AGGGTCTGGACGCAGT-1,1,69,119,6649,19739
TTGAAACCCTCATTCC-1,1,68,120,6511,19497
TCAATCCCGCGCCAAA-1,1,69,121,6371,19738
AGGACATCGGCACACT-1,1,68,122,6233,19496
GACAAGACGCCCGTGC-1,1,69,123,6094,19737
GAGTAAATTAAGAACC-1,1,68,124,5956,19495
TAAGTCGGTGAGCTAG-1,1,69,125,5817,19736
CTTACTGACTCCTCTG-1,1,68,126,5679,19494
TTAACTGATCGTTTGG-1,1,69,127,5539,19735
GGGCGATCCATAGGCC-1,0,70,0,23152,20026
CGTATTGTTTGGCGCC-1,0,71,1,23013,20267
CGCGTGGGCCTGTGTT-1,0,70,2,22875,20026
AAATCTGCCCGCGTCC-1,0,71,3,22735,20266
GCTGAAGGGTTCTTGG-1,0,70,4,22597,20025
TAATTGCGCTGATTAC-1,0,71,5,22458,20266
TCGCGCGTTTACATGA-1,0,70,6,22320,20024
TAACTGAAATACGCCT-1,0,71,7,22180,20265
CCTGTCGTGTATGAAG-1,0,70,8,22042,20023
CGGGAACGCCCTGCAT-1,0,71,9,21903,20264
AGTTGCGGTCCTCAAC-1,0,70,10,21765,20022
GGGTCCTTGGAAGAAG-1,0,71,11,21626,20263
CGGGAAGTACCGTGGC-1,0,70,12,21488,20022
ACGGTCACCGAGAACA-1,0,71,13,21348,20263
TAGACTCAGTTGGCCT-1,0,70,14,21210,20021
CCTTCCGCAACGCTGC-1,0,71,15,21071,20262
CAGTGTTAATCTCTCA-1,0,70,16,20933,20020
CAGGCCAGTACCACCT-1,0,71,17,20794,20261
GATCGCTGTGGTGCGT-1,0,70,18,20656,20019
GTATCTCGGGCGCTTT-1,0,71,19,20516,20260
CCGGGCTAAGAATTTC-1,0,70,20,20378,20019
CTTCACGCCCTGGTAC-1,0,71,21,20239,20259
CGGATGAATGCTGTGA-1,0,70,22,20101,20018
CTCTGCAGGCATTCTT-1,0,71,23,19961,20259
TCAAAGTCACGGCGTC-1,0,70,24,19823,20017
TGGGTTTCGGGCGTAC-1,0,71,25,19684,20258
TGCTATGGCAAAGGGA-1,0,70,26,19546,20016
TTCACGGTCGTCACGT-1,0,71,27,19407,20257
CGTAAAGCAAGAAATC-1,0,70,28,19269,20015
CTGATCCCTTTATGCA-1,0,71,29,19129,20256
GAGTATACCCTAATCA-1,0,70,30,18991,20015
CCACGGCAGGTGTAGG-1,0,71,31,18852,20256
ACGTACTTTGGCACGG-1,0,70,32,18714,20014
CCTGAGAATAAATGCA-1,0,71,33,18575,20255
TTGATGCCGCTCGTCG-1,0,70,34,18437,20013
GCCAGGAAAGAACACT-1,0,71,35,18297,20254
TCCGACCGCTAATCAA-1,0,70,36,18159,20012
TATATCAAAGTGATCT-1,0,71,37,18020,20253
CCTCGGTTTCCTTGCC-1,0,70,38,17882,20011
TAAATTTAGTAACACC-1,0,71,39,17742,20252
CTCGTTACGGCTACCA-1,0,70,40,17604,20011
GCCGTCGGTTTCGGGC-1,0,71,41,17465,20252
GTTCCGTCCGCCTGCA-1,0,70,42,17327,20010
CTAGGGATAGGGACAA-1,0,71,43,17188,20251
GTCCAGGCACGTGTGC-1,0,70,44,17050,20009
GAGGAATATCTCTTTG-1,0,71,45,16910,20250
CGTTCAAGGAAACGGA-1,0,70,46,16772,20008
GTGGGAACAAACCGGG-1,0,71,47,16633,20249
GGGCACGTAGTACTGT-1,0,70,48,16495,20008
ACTACAAAGAGAGGTG-1,0,71,49,16356,20248
GGTGTAGGTAAGTAAA-1,1,70,50,16218,20007
CCTGTTCAACCTCGGG-1,0,71,51,16078,20248
TGAGGTGTGTGGCGGA-1,1,70,52,15940,20006
ATTGTCTGTTTCATGT-1,1,71,53,15801,20247
GCCGGTCGTATCTCTC-1,1,70,54,15663,20005
ATATGGGATAGCAACT-1,1,71,55,15523,20246
GATAGAACCCGCTAGG-1,1,70,56,15385,20004
ATCCCATTTCCGTGGG-1,1,71,57,15246,20245
GATGCTACCTTCGATG-1,1,70,58,15108,20004
TGCAAAGTTCGTCTGT-1,1,71,59,14969,20245
GTTCAGTCGCCAAATG-1,1,70,60,14831,20003
GTCTCCGCCTCAATAC-1,1,71,61,14691,20244
AGTAGAAGGCGCCTCA-1,1,70,62,14553,20002
GTTGTAGATTTATGAG-1,1,71,63,14414,20243
CTATTTGCTTGGAGGA-1,1,70,64,14276,20001
AGCCATATAGTATGTG-1,1,71,65,14137,20242
TGTTCCGGCCTGAGCT-1,1,70,66,13999,20001
TGCCGTGGGACCCAAT-1,0,71,67,13859,20241
TTGCAAGAAGACTCCT-1,1,70,68,13721,20000
CCGCTCCAGGGCGATC-1,0,71,69,13582,20241
CAAACCCTCCGGCGGG-1,1,70,70,13444,19999
CGGACCTTTACGTCCC-1,0,71,71,13304,20240
ACGTAGGAGAGTCGCT-1,1,70,72,13166,19998
CTGCGACCTCGCCGAA-1,0,71,73,13027,20239
GGCCCAGCTGGTTTGC-1,1,70,74,12889,19997
GGATTAATCATGGACC-1,0,71,75,12750,20238
GAGATGGCTTTAATCA-1,1,70,76,12612,19997
AGTACAGAAGCTTATA-1,0,71,77,12472,20238
GCGGCTTTAGCAAGTT-1,1,70,78,12334,19996
ACCGAGTCTCCTTATT-1,0,71,79,12195,20237
GACCACACTTCCCTTT-1,1,70,80,12057,19995
TGTAGCCAATTCCGTT-1,0,71,81,11918,20236
CTCGTCTGTGCCTTCG-1,1,70,82,11780,19994
GGACTCTTTGACTAAG-1,1,71,83,11640,20235
TCATCGACGACCGTCG-1,1,70,84,11502,19993
TACTACGTGCAATGCG-1,1,71,85,11363,20234
CCCTACTTGAACAATG-1,1,70,86,11225,19993
GCAGCTGTCAACGCAT-1,1,71,87,11085,20234
ATCTACCATCTGCTCC-1,1,70,88,10947,19992
TCTCAAATCAATCGGG-1,1,71,89,10808,20233
ACTCCGGCCGACCACT-1,1,70,90,10670,19991
TACACCTCTTCGAATC-1,1,71,91,10531,20232
GTGGCTGTTTCTGTTC-1,1,70,92,10393,19990
ACGACTCTAGGGCCGA-1,1,71,93,10253,20231
TCGTTTACGCGACCCT-1,1,70,94,10115,19990
AGGATATCCGACTGCA-1,1,71,95,9976,20231
GACACTTCCAATTACC-1,1,70,96,9838,19989
ACGGTACAGTTCAATG-1,1,71,97,9699,20230
CTTGATGACCATCCAG-1,1,70,98,9561,19988
CTGGTAAAGACTTACA-1,1,71,99,9421,20229
CTTGCCCACCCACGCA-1,1,70,100,9283,19987
CATTACGCAGGAAGGG-1,1,71,101,9144,20228
GGACAACCATGAAGCC-1,1,70,102,9006,19986
GTTATCAAGCTATCGA-1,1,71,103,8866,20227
AGGTGCACGTCCACAT-1,1,70,104,8728,19986
AAAGAATGTGGACTAA-1,1,71,105,8589,20227
ACCAAGTCATCGGCAG-1,1,70,106,8451,19985
AGTAACTATAGCAGCC-1,1,71,107,8312,20226
GGGAAAGAATGCCAAC-1,1,70,108,8174,19984
AATCGGTATAGCCCTC-1,1,71,109,8034,20225
GGCACTGCGGTGGTTT-1,1,70,110,7896,19983
CGTCCTCATCGCGTGC-1,1,71,111,7757,20224
CTTAACTTACAGTATA-1,1,70,112,7619,19983
GTGAGTCGACTAATAG-1,1,71,113,7480,20223
TGTACTTCCGGGCATG-1,1,70,114,7342,19982
CACAAACCGCAGAACT-1,0,71,115,7202,20223
GCTTTACACAACTGGG-1,1,70,116,7064,19981
CACCGATGATGGGTAC-1,0,71,117,6925,20222
TCAATATACAGGAGGC-1,1,70,118,6787,19980
AACGACCTCCTAGCCG-1,0,71,119,6647,20221
GTTACCAAGGCGTACG-1,1,70,120,6509,19979
TAGCTCACTGTGTTTG-1,0,71,121,6370,20220
TCGGCAGGGTTAAGGG-1,1,70,122,6232,19979
TGTTAACAAAGTGACT-1,0,71,123,6093,20220
CAGAGCGATGGATGCT-1,1,70,124,5955,19978
CATAGTGGGCACGCCT-1,1,71,125,5815,20219
AAACGCTGGGCACGAC-1,1,70,126,5677,19977
TGTTCTCATACTATAG-1,1,71,127,5538,20218
TCCGCTGGGTCGATCG-1,0,72,0,23151,20509
TTAGCATCCCTCACGT-1,0,73,1,23011,20750
AGCCTTGTCACTGATA-1,0,72,2,22873,20508
GTTTCTTGTTAGAGCT-1,0,73,3,22734,20749
TCGGAGTCCTGGTTGC-1,0,72,4,22596,20507
ACGGGTTGTGACCTGT-1,0,73,5,22456,20748
TGACAGAAATCTTGCT-1,0,72,6,22318,20507
TAGCCATGATTGCCTA-1,0,73,7,22179,20748
CGAAGCCACAGCATGG-1,0,72,8,22041,20506
ACCCGTAGCAGAGAAT-1,0,73,9,21902,20747
AGCTTGATCAGGGTAG-1,0,72,10,21764,20505
CTATAAGTAGGGTTTG-1,0,73,11,21624,20746
TATAGTTAGGTGTACT-1,0,72,12,21486,20504
TACGCTGATAGTTGTA-1,0,73,13,21347,20745
TTCTCAATTGCTACAA-1,0,72,14,21209,20503
GTTGCCCTAACGGGTG-1,0,73,15,21070,20744
GACATTTCGCCCAGCC-1,0,72,16,20932,20503
GTAACTACGTAGACCT-1,0,73,17,20792,20744
CCAGTGTACAGACCGA-1,0,72,18,20654,20502
GCCCGATGCCCAGTTC-1,0,73,19,20515,20743
CGAACCTCTTTCCTAG-1,0,72,20,20377,20501
CATGCACATGAGAGGC-1,0,73,21,20237,20742
CCAAATCAAAGGGCAA-1,0,72,22,20099,20500
GTAGTTTAAGCACACG-1,0,73,23,19960,20741
TAAGTGAATAGTCTAC-1,0,72,24,19822,20500
GGTCCACGTCTATTTG-1,0,73,25,19683,20740
CCCTCAGATCGAGAAC-1,0,72,26,19545,20499
ACATTCGCGCGGAATA-1,0,73,27,19405,20740
CTATGAACACCTTGCC-1,0,72,28,19267,20498
CGAATGGTAGGTCGTC-1,0,73,29,19128,20739
TCGACATAGCGTAGCG-1,0,72,30,18990,20497
GACGTTGCTCGGCGGC-1,0,73,31,18851,20738
CTCGAGGCAAGTTTCA-1,0,72,32,18713,20496
GCTGGGAGCGCGTCAA-1,0,73,33,18573,20737
GACGATATCACTGGGT-1,0,72,34,18435,20496
CAGCTCTGGGCTCACT-1,0,73,35,18296,20737
TAGTCTGCGGCACATT-1,0,72,36,18158,20495
TGGTCGATATACCTCT-1,0,73,37,18018,20736
TTCAGTTCAAGAGGAG-1,0,72,38,17880,20494
GTCTGTAGGTTGAACA-1,0,73,39,17741,20735
GAGAGTCTCGGGAGAG-1,0,72,40,17603,20493
TTGTTTGTATTACACG-1,0,73,41,17464,20734
GCACAGCACGGGCCGA-1,0,72,42,17326,20493
AAACAGTGTTCCTGGG-1,0,73,43,17186,20733
TGGAGAATAATCGTCC-1,0,72,44,17048,20492
CGCCGCGTTCTGAACG-1,0,73,45,16909,20733
CATGCGTTGAGAGGAG-1,0,72,46,16771,20491
TACGCTCCTAGAACTG-1,0,73,47,16632,20732
CCTTGTGAACGTGGTT-1,0,72,48,16494,20490
TTAAAGGCGATGCTCG-1,0,73,49,16354,20731
TAAAGTGCACGTCTCG-1,0,72,50,16216,20489
TGTCCGCAAACAATTC-1,0,73,51,16077,20730
AGGCCTATCATACCAA-1,0,72,52,15939,20489
ACTGGGATGCCAGTGC-1,0,73,53,15799,20730
CGATCCACCATTGTTG-1,0,72,54,15661,20488
GGGCATGCATGTCGAG-1,0,73,55,15522,20729
TCCAGGCAGGACGATC-1,0,72,56,15384,20487
CAATGACCCTTAATTT-1,0,73,57,15245,20728
ATCAAGATCCCAGGAC-1,0,72,58,15107,20486
CTCAGAGCTAATGTCG-1,0,73,59,14967,20727
CTGCGATTTCGAGATT-1,0,72,60,14829,20486
ATGGTATTGGGAACCG-1,0,73,61,14690,20726
TAGGTTCTGCTGAGAA-1,0,72,62,14552,20485
GCCTGTCCCGGTGCAT-1,0,73,63,14413,20726
GGCCTGCTCTGATGTT-1,0,72,64,14275,20484
TAGAGGGAGTTTATCT-1,0,73,65,14135,20725
CTCTACATCCTGCGTG-1,0,72,66,13997,20483
ACACATTTCCGTAGAC-1,0,73,67,13858,20724
TGGGTGTTAAGTAGAA-1,0,72,68,13720,20482
GAGCTCAACATGAGCG-1,0,73,69,13580,20723
GCACACAGCTATTACC-1,0,72,70,13442,20482
GCGACGGTAGTCTCCT-1,0,73,71,13303,20723
GTATCAAGGTACTTCC-1,0,72,72,13165,20481
GGAAAGGGAATTGAGC-1,0,73,73,13026,20722
TACACAGCCGTGGTGC-1,0,72,74,12888,20480
CGGTTGGGCAGGGTCC-1,0,73,75,12748,20721
GCACGCCGATTCCCGC-1,0,72,76,12610,20479
CGCTTTCCGCCAAGGT-1,0,73,77,12471,20720
TGCCCGATAGTTAGAA-1,0,72,78,12333,20478
TCAGAACGGCGGTAAT-1,0,73,79,12194,20719
CCACTCAGATCCGCAA-1,0,72,80,12056,20478
GAAGGGTCATTAAGAC-1,0,73,81,11916,20719
GCGGTCTTGCTTTCAC-1,0,72,82,11778,20477
GGAAGGACACCGTATA-1,0,73,83,11639,20718
CGCGGGAATTCCTTTC-1,0,72,84,11501,20476
TCTATCCGATTGCACA-1,0,73,85,11361,20717
TACTCGTTTGAATCAA-1,0,72,86,11223,20475
GTCTGCCGACTCGACG-1,0,73,87,11084,20716
TACGGGTAATAACATA-1,0,72,88,10946,20475
CCAGTTCGGTAACTCA-1,0,73,89,10807,20715
CGTGCACACCACTGTA-1,0,72,90,10669,20474
CTTCAGTTGGACAACG-1,0,73,91,10529,20715
TGATCTATCACACTCT-1,1,72,92,10391,20473
TAGCAGATACTTAGGG-1,0,73,93,10252,20714
CACCGGGCATCACAAG-1,0,72,94,10114,20472
AGTGGCCCGCAAATGG-1,0,73,95,9975,20713
CTCGCTAGGTAAGCGA-1,1,72,96,9837,20471
GATAGATAGTACAGTC-1,0,73,97,9697,20712
CGAGACTACTGCTGCT-1,1,72,98,9559,20471
ACATTTGAAACCTAAC-1,0,73,99,9420,20712
GACACAGCCGGGACTG-1,1,72,100,9282,20470
ACGGAACACGAGTGCC-1,0,73,101,9142,20711
ACGCCAGTGCGTTTGC-1,1,72,102,9004,20469
GCACCTAGGCGAGTCC-1,0,73,103,8865,20710
TCACTATCCCTTCGGT-1,1,72,104,8727,20468
TGAGTGTAACAACGGG-1,0,73,105,8588,20709
ATTGGTTGTGCATTAC-1,1,72,106,8450,20468
CTGGCGATTTACATGT-1,0,73,107,8310,20708
TCCACCAAGACATAGG-1,1,72,108,8172,20467
AACGTCGCTGCACTTC-1,0,73,109,8033,20708
GTCTCCCGAGTCCCGT-1,0,72,110,7895,20466
AGCCCGCACTACAATG-1,0,73,111,7756,20707
GGCACGCTGCTACAGT-1,0,72,112,7618,20465
GCTTGAGTGACCTCTG-1,0,73,113,7478,20706
ATAGCCATAACAGTCA-1,0,72,114,7340,20464
TAGGAGGCTCGAGAAC-1,0,73,115,7201,20705
GTCGGGTGAAGTACCG-1,0,72,116,7063,20464
CACCCGCGTTTGACAC-1,0,73,117,6923,20705
TCTCAGGCTACTCGCT-1,0,72,118,6785,20463
TAGATTCTCTAGCAAA-1,0,73,119,6646,20704
CCCATTATTGTATCCT-1,0,72,120,6508,20462
GTTAATAGCGTCATTA-1,0,73,121,6369,20703
TACTCATTGACGCATC-1,0,72,122,6231,20461
TAGTGACAAGCTCTAC-1,0,73,123,6091,20702
ATCGCCGTGGTTCATG-1,0,72,124,5953,20460
CTGCTCTCAACACACC-1,0,73,125,5814,20701
GCATGACACAAAGGAA-1,1,72,126,5676,20460
CAACGATCGATCCAAT-1,0,73,127,5537,20701
ATACAGCGTCCACTGA-1,0,74,0,23149,20992
TCACGATTAATACGTT-1,0,75,1,23010,21233
CGTGAACTGACCCGAT-1,0,74,2,22872,20991
TCGATGTTACGGCCGT-1,0,75,3,22732,21232
GACCGGTGATACTCTC-1,0,74,4,22594,20990
TCTGTTTAGATTGTTC-1,0,75,5,22455,21231
GCTACTCGGACGCAGA-1,0,74,6,22317,20989
AAGAAAGTTTGATGGG-1,0,75,7,22178,21230
CGCCAGTAGTACCTTG-1,0,74,8,22040,20988
CTCCCTTGTATCAAGG-1,0,75,9,21900,21229
ACTTTATACACCACTT-1,0,74,10,21762,20988
AGATCTGGAGAGGATA-1,0,75,11,21623,21229
TCATCCATCTGATCAC-1,0,74,12,21485,20987
AGAACACGGCGATGGT-1,0,75,13,21346,21228
CCGCTCCGGATAAGCT-1,0,74,14,21208,20986
TGGTCGGGTACAGGGC-1,0,75,15,21068,21227
ACGGACGCAGCGACAA-1,0,74,16,20930,20985
ACATGCTTACGGCAGC-1,0,75,17,20791,21226
CAGGGAGATAGGCCAG-1,0,74,18,20653,20985
TCGCCACCCGGATTAC-1,0,75,19,20513,21225
TCTTGGTCAATGATAC-1,0,74,20,20375,20984
CATAGGGACACTTGTG-1,0,75,21,20236,21225
CACGAGCAAACCAGAC-1,0,74,22,20098,20983
GGGATATTGATCGCCA-1,0,75,23,19959,21224
TAATGTCGGTTCATGG-1,0,74,24,19821,20982
CGATTTGTCATTAATG-1,0,75,25,19681,21223
TTAAGATACCCAGAGA-1,0,74,26,19543,20981
CGACCGTTGGTATTCG-1,0,75,27,19404,21222
ACTACCATCCGAGGGC-1,0,74,28,19266,20981
TCTACGCACGATCTCC-1,0,75,29,19127,21222
AAGCCACTTGCAGGTA-1,0,74,30,18989,20980
ACGTTGTCGTTGAAAG-1,0,75,31,18849,21221
ACCGCTAGTCATTGGT-1,0,74,32,18711,20979
CATGAGTCCATCACGG-1,0,75,33,18572,21220
ATGTCTTGTTTGACTC-1,0,74,34,18434,20978
TCCCAAACATCCTCTA-1,0,75,35,18294,21219
CAACGCGATGAGCCAA-1,0,74,36,18156,20978
GACACCCAAAGACGCG-1,0,75,37,18017,21218
ACGTTCACTATGCCGC-1,0,74,38,17879,20977
ATGGACTGCTTAGTTG-1,0,75,39,17740,21218
CCATGGCAAACGCTCA-1,0,74,40,17602,20976
TTGTCTCGGCAAGATG-1,0,75,41,17462,21217
TTCGAACGAAACATGC-1,0,74,42,17324,20975
GGAAAGTCTTGATTGT-1,0,75,43,17185,21216
ATCATAGATCGACGAG-1,0,74,44,17047,20974
GATTAGAAACAAGCGT-1,0,75,45,16908,21215
GCTGCGAAGAATTATT-1,0,74,46,16770,20974
TTCCAGTGGGTTTCGT-1,0,75,47,16630,21215
GCTCATTGATCATATC-1,0,74,48,16492,20973
ATACGAGGTTTGTAAG-1,0,75,49,16353,21214
GTCTATACACGCATGG-1,0,74,50,16215,20972
GATTTGCGCTAACACC-1,0,75,51,16075,21213
TGGTGCCCTGCCTTAC-1,0,74,52,15937,20971
TCGAATCGCAGGGTAG-1,0,75,53,15798,21212
GGTAGGCCAATATCAC-1,0,74,54,15660,20970
CGTAAATAACAAAGGG-1,0,75,55,15521,21211
GACTCTAGAGTTCCAA-1,0,74,56,15383,20970
ACTTGTTACCGGATCA-1,0,75,57,15243,21211
GGCATTGAACATCTCA-1,0,74,58,15105,20969
AACCCGCTGTATTCCA-1,0,75,59,14966,21210
TAACAGGTTCCCTTAG-1,0,74,60,14828,20968
GTTCTTGTAACTCAAT-1,0,75,61,14689,21209
GATTCTGTTAATGAGT-1,0,74,62,14551,20967
GGACACCTCGGTGTTG-1,0,75,63,14411,21208
CGATCGAGAAGCACCA-1,0,74,64,14273,20967
CTGCTCTGACGGCAAA-1,0,75,65,14134,21208
CCCAGGAAGAATTCGA-1,0,74,66,13996,20966
TGTCGTGGGTATAGGC-1,0,75,67,13856,21207
ATATGTCTAGAGCGTG-1,0,74,68,13718,20965
GCGGGCAGACGGGTGA-1,0,75,69,13579,21206
CGAAGATCAGTTTCAT-1,0,74,70,13441,20964
ACGCCACTCGAAACAG-1,0,75,71,13302,21205
CTTAGATGTTTCATCC-1,0,74,72,13164,20963
GCGAATGGACTAGCGA-1,0,75,73,13024,21204
TAAATTGTGGGTAAAG-1,0,74,74,12886,20963
ATTTATACTGGTAAAG-1,0,75,75,12747,21204
GCGTCGTAACATGGTC-1,0,74,76,12609,20962
CGGTATGGGCACTCTG-1,0,75,77,12470,21203
CTATCACAACGCTGGA-1,0,74,78,12332,20961
ACCACACGGTTGATGG-1,0,75,79,12192,21202
TCAGCGCACGCCGTTT-1,0,74,80,12054,20960
AATGTTAAGACCCTGA-1,0,75,81,11915,21201
CTTACATAGATTTCTT-1,0,74,82,11777,20960
AACATAGCGTGTATCG-1,0,75,83,11637,21200
AGCAGTCGAAGCATGC-1,0,74,84,11499,20959
GTACTACGGCCTCGTT-1,0,75,85,11360,21200
TTGGCCAAATTGTATC-1,0,74,86,11222,20958
TCAGAGGACGCGTTAG-1,0,75,87,11083,21199
AGTAATCTAAGGGTGG-1,0,74,88,10945,20957
AATTATACCCAGCAAG-1,0,75,89,10805,21198
CCCTACCCACACCCAG-1,0,74,90,10667,20956
CTCTGTCCATGCACCA-1,0,75,91,10528,21197
TCGCCTCCTTCGGCTC-1,0,74,92,10390,20956
CCTGATTCGCGAAGAA-1,0,75,93,10251,21197
GACTTCAACGCATCAA-1,0,74,94,10113,20955
GCTTCCCGTAAGCTCC-1,0,75,95,9973,21196
AGAACTGTACTTTGTA-1,0,74,96,9835,20954
CCTTAAGTACGCAATT-1,0,75,97,9696,21195
GGCCAATTGTATAGAC-1,0,74,98,9558,20953
AGAATACAGGCTATCC-1,0,75,99,9418,21194
AATACCTGATGTGAAC-1,0,74,100,9280,20953
TAGAGTGTTCCGGGTA-1,0,75,101,9141,21193
GCTTCCATGTAACCGC-1,0,74,102,9003,20952
GGTTCGCATTTGCCGT-1,0,75,103,8864,21193
TCAATCCGGGAAGTTT-1,0,74,104,8726,20951
CCGGAAGTGCAATATG-1,0,75,105,8586,21192
CTCATAAATGTGTATA-1,0,74,106,8448,20950
GACGGGCATCGAATTT-1,0,75,107,8309,21191
GCTAAGCCCAGTATGC-1,0,74,108,8171,20949
GCTATAAGGGCCAGGA-1,0,75,109,8032,21190
GCGGATTACTTGTTCT-1,0,74,110,7894,20949
TACAACAGCGCATACA-1,0,75,111,7754,21190
TCTAACCTAGCCTGCG-1,0,74,112,7616,20948
TCTACCCGCATCATTT-1,0,75,113,7477,21189
GTCTTACCACGCCAAG-1,0,74,114,7339,20947
AATAACGTCGCGCCCA-1,0,75,115,7199,21188
CGTTTCGGTTATATGC-1,0,74,116,7061,20946
TACGCTGCACGGTCGT-1,0,75,117,6922,21187
CGTTAAATACGACCAG-1,0,74,118,6784,20945
TCGACTGACGATGGCT-1,0,75,119,6645,21186
ACGCTACTGAATGGGC-1,0,74,120,6507,20945
AAGGGTTAGCCATGCG-1,0,75,121,6367,21186
ACGTTTCGGTGCACTT-1,0,74,122,6229,20944
TTAACCCGAGGCGTGT-1,0,75,123,6090,21185
GCCCGTCAAGCCCAAT-1,0,74,124,5952,20943
ATTCGTCCCGAGGTTA-1,0,75,125,5813,21184
TCAAATTATGTTCGAC-1,0,74,126,5675,20942
AACGTTCTACCATTGT-1,0,75,127,5535,21183
CTGTCCTGCGCACTAC-1,0,76,0,23148,21474
GCCCAGCGACACAAAG-1,0,77,1,23008,21715
TATAGCTATTATCTCT-1,0,76,2,22870,21473
AAGCTATGGATTGACC-1,0,77,3,22731,21714
CCGAAACACGACCTCT-1,0,76,4,22593,21473
ATCAGAAGCTGGTTGC-1,0,77,5,22454,21714
TGAACCTGAATGTGAG-1,0,76,6,22316,21472
TCAGAGCATGTCAACG-1,0,77,7,22176,21713
ATACCCTCCCGGCCAA-1,0,76,8,22038,21471
GCCACCTTATTCGCGA-1,0,77,9,21899,21712
CAACGAGCTTATTATG-1,0,76,10,21761,21470
GATCCAACCTTTAAAC-1,0,77,11,21622,21711
TTGTGGAGACAGCCGG-1,0,76,12,21484,21470
AGATAATCACACCTAT-1,0,77,13,21344,21710
GGTTAGGGATGCTAAT-1,0,76,14,21206,21469
TCATGAAGCGCTGCAT-1,0,77,15,21067,21710
CCAGGCGAGATGGTCT-1,0,76,16,20929,21468
CGACTTGCCGGGAAAT-1,0,77,17,20789,21709
GTGCCAAACGTTTCGA-1,0,76,18,20651,21467
TGCTCAAAGGATGCAC-1,0,77,19,20512,21708
GCCTCAGGTACCGGTC-1,0,76,20,20374,21466
ACAAGTAATTGTAAGG-1,0,77,21,20235,21707
TTAGAGTATTGTCGAG-1,0,76,22,20097,21466
GTCATCCCAAACTCAC-1,0,77,23,19957,21707
CTCCTAGTAATCGTGA-1,0,76,24,19819,21465
CCCTCATCACAGAGTA-1,0,77,25,19680,21706
GGAAACAGAGCTTGGG-1,0,76,26,19542,21464
ACATCGCAATATTCGG-1,0,77,27,19403,21705
TTAGCCATAGGGCTCG-1,0,76,28,19265,21463
CGGATTCTGCCTTATG-1,0,77,29,19125,21704
TTGTTGGCAATGACTG-1,0,76,30,18987,21462
GGATCTACCGTTCGTC-1,0,77,31,18848,21703
GGTGGGATTAGGTCCC-1,0,76,32,18710,21462
AATAGGCACGACCCTT-1,0,77,33,18570,21703
GAGGTCCGTTCGCTGT-1,0,76,34,18432,21461
TGACAACTTAAAGGTG-1,0,77,35,18293,21702
AGCTAAGCTCCGTCCG-1,0,76,36,18155,21460
CTAGCCCGGGAGACGA-1,0,77,37,18016,21701
CCCAGATTCCCGTGAC-1,0,76,38,17878,21459
GCCCGTTCACACAATT-1,0,77,39,17738,21700
ACAAACTCCATCAGAG-1,0,76,40,17600,21459
GGTTCCGTACGACTAA-1,0,77,41,17461,21700
TTGCGGAAAGCTGCCC-1,0,76,42,17323,21458
GGAACTCGTGAATACG-1,0,77,43,17184,21699
GGTTACCGCTCCCTAC-1,0,76,44,17046,21457
AGCGACTTTGAAGACA-1,0,77,45,16906,21698
CCGTTTCCTTTCCGTG-1,0,76,46,16768,21456
TGGATGGCATCTTGGA-1,0,77,47,16629,21697
CAAGTCGTTGAAATCT-1,0,76,48,16491,21455
TGCAAACGTACTAGTT-1,0,77,49,16351,21696
GGCTGTCCTACTGCGG-1,0,76,50,16213,21455
TACTGCATGATTAAAT-1,0,77,51,16074,21696
CGGACCTCTGTAGTTA-1,0,76,52,15936,21454
CCCTAGCTCTAAGGTC-1,0,77,53,15797,21695
GTAACAGGTTAACGGC-1,0,76,54,15659,21453
CCCGCAAATAATCATC-1,0,77,55,15519,21694
AATCCCGCTCAGAGCC-1,0,76,56,15381,21452
AACGTCATCCGGCTTG-1,0,77,57,15242,21693
CTCGTGGCACTGAAAG-1,0,76,58,15104,21452
CTTTATCCGACGCATG-1,0,77,59,14965,21692
AAATGACTGATCAAAC-1,0,76,60,14827,21451
TTCGTGCATGTTATAG-1,0,77,61,14687,21692
ATCAAAGAGCCGTGGT-1,0,76,62,14549,21450
ATGTCATAATAAACGA-1,0,77,63,14410,21691
CTTAATCGACTTAGTA-1,0,76,64,14272,21449
CTAAAGGATGAGATAC-1,0,77,65,14132,21690
GTGCTATCCAGCTGGA-1,0,76,66,13994,21448
GACAGAGGTCTTCAGT-1,0,77,67,13855,21689
TCGATTTACGAAACGA-1,0,76,68,13717,21448
AGGCTTAAGTTGCACA-1,0,77,69,13578,21689
TAGGATCTTAACCGCA-1,0,76,70,13440,21447
GACTTTCGAGCGGTTC-1,0,77,71,13300,21688
CCCTGGGAGGGATCCT-1,0,76,72,13162,21446
TAGTAGTTGCCGGACA-1,0,77,73,13023,21687
GCCCTAAGTGCAGGAT-1,0,76,74,12885,21445
ACTTGGGCTTTCGCCA-1,0,77,75,12746,21686
CATGATACGGTGAAAC-1,0,76,76,12608,21445
TCCTGCAGCCGCCAAT-1,0,77,77,12468,21685
GTCCGTTAGAGGGCCT-1,0,76,78,12330,21444
GCTTTATTAAGTTACC-1,0,77,79,12191,21685
AATCGAGGTCTCAAGG-1,0,76,80,12053,21443
GTGCTGTTAGAACATA-1,0,77,81,11913,21684
GGCTTCTCGTGGGTGG-1,0,76,82,11775,21442
CCTACAGTTGAGGGAG-1,0,77,83,11636,21683
TATCCCTCGATCTGCA-1,0,76,84,11498,21441
CCGGTATCTGGCGACT-1,0,77,85,11359,21682
CTCTAACACCGGCAGC-1,0,76,86,11221,21441
CTTCATCACCAGGGCT-1,0,77,87,11081,21682
GGCTGGCAATCCCACG-1,0,76,88,10943,21440
CAAACCATAAGCGTAT-1,0,77,89,10804,21681
CATGTGGGCTCATCAC-1,0,76,90,10666,21439
CCCGTGACAGTGCCTT-1,0,77,91,10527,21680
GATTATCTTGCATTAT-1,0,76,92,10389,21438
GAGTCCACCAGGTTTA-1,0,77,93,10249,21679
TGTACTATCGCTCGTT-1,0,76,94,10111,21437
TTAGCGAATAGATAGG-1,0,77,95,9972,21678
ACATACAATCAAGCGG-1,0,76,96,9834,21437
ATTCGTGTACCCATTC-1,0,77,97,9694,21678
GCTAGCAACGCACCTA-1,0,76,98,9556,21436
ACCTCAGCGAGGCGCA-1,0,77,99,9417,21677
TCCGGGCCACTAACGG-1,0,76,100,9279,21435
TCCCAATATCGACGAC-1,0,77,101,9140,21676
GGATTGAAGTAGCCTC-1,0,76,102,9002,21434
GGCGCACAGTTTACCT-1,0,77,103,8862,21675
CCCGGCACGTGTCAGG-1,0,76,104,8724,21434
AGTAAGGGACAGAATC-1,0,77,105,8585,21675
TTGCGCACAACCACGT-1,0,76,106,8447,21433
CCTGCTACAACCATAC-1,0,77,107,8308,21674
CTGGGCTACTGGAGAG-1,0,76,108,8170,21432
AGCTACGAATGGTGGT-1,0,77,109,8030,21673
ATTCGTTTATCGTATT-1,0,76,110,7892,21431
GGCATTCCCTCCCTCG-1,0,77,111,7753,21672
AGTTATTCAGACTGTG-1,0,76,112,7615,21430
CCACTTTCCTTCTAGG-1,0,77,113,7475,21671
CGCAGTTCTATCTTTC-1,0,76,114,7337,21430
AGGAGCGTTTATTATC-1,0,77,115,7198,21671
GACAGGTAATCCGTGT-1,0,76,116,7060,21429
TTCCCAAAGTACTGAT-1,0,77,117,6921,21670
CTGCAGGGTGACGCTC-1,0,76,118,6783,21428
TCATGGAGGCCTTTGT-1,0,77,119,6643,21669
ATGGCCCGAAAGGTTA-1,0,76,120,6505,21427
CGTAATATGGCCCTTG-1,0,77,121,6366,21668
AGAGTCTTAATGAAAG-1,0,76,122,6228,21427
GAACGTTTGTATCCAC-1,0,77,123,6089,21667
ATTGAATTCCCTGTAG-1,0,76,124,5951,21426
TACCTCACCAATTGTA-1,0,77,125,5811,21667
AGTCGAATTAGCGTAA-1,0,76,126,5673,21425
TTGAAGTGCATCTACA-1,0,77,127,5534,21666
