gene_id,gene_name,t,logFC,p,fdr,p_empirical,fdr_empirical
ENSG00000148842,CNNM2,11.60184571502153,2.812192810666912,4.945549448599576e-10,1.7517136146939702e-6,0.001,0.00287341924829051
ENSG00000167414,GNG8,10.857160343047832,3.662521997432176,1.4807298104364562e-9,2.6223724942829637e-6,0.001,0.00287341924829051
ENSG00000132164,SLC6A11,-9.976255486448926,-3.955244386833179,5.833994486384741e-9,6.888002823591585e-6,0.001,0.00287341924829051
ENSG00000144550,CPNE9,8.78532501733111,4.965712068564741,4.283908958493021e-8,3.79340138274557e-5,0.001,0.00287341924829051
ENSG00000162407,PLPP3,-8.527476478675412,-2.0459205182633244,6.748299798750232e-8,4.7804955774346635e-5,0.001,0.00287341924829051
ENSG00000277586,NEFL,7.9239328553138595,2.5205596654667892,2.0213785103625915e-7,1.0515925254864836e-4,0.001,0.00287341924829051
ENSG00000164638,SLC29A4,-7.909002045957722,-2.521084228070228,2.0782460977993746e-7,1.0515925254864836e-4,0.001,0.00287341924829051
ENSG00000172137,CALB2,7.554736635187672,4.416041633720627,4.049254906774442e-7,1.792807609974384e-4,0.001,0.00287341924829051
ENSG00000171724,VAT1L,7.446931944403646,2.068630660408889,4.977084783252677e-7,1.958759366920109e-4,0.001,0.00287341924829051
ENSG00000125851,PCSK2,7.037366744331089,2.3956165688274957,1.105581984721356e-6,3.559973990802766e-4,0.001,0.00287341924829051
ENSG00000152192,POU4F1,7.198010713215431,3.3972323367466304,8.062375791056958e-7,2.8556935051923744e-4,0.00149253731343283,0.00375193836014731
ENSG00000262655,SPON1,-6.586294138253991,-2.341731868717428,2.73354958175184e-6,8.068527182137514e-4,0.001,0.00287341924829051
ENSG00000145335,SNCA,6.531068927252115,1.6228139978941374,3.0596682420981494e-6,8.336419164239727e-4,0.001,0.00287341924829051
ENSG00000106003,LFNG,-6.42765903669234,-1.8532404666285396,3.782706629266768e-6,9.570247772044924e-4,0.001,0.00287341924829051
ENSG00000106537,TSPAN13,6.367217225575584,2.6412800793156457,4.284844644713874e-6,9.94901882711652e-4,0.001,0.00287341924829051
ENSG00000182902,SLC25A18,-6.344147513300795,-1.473708626571936,4.4941925814190935e-6,9.94901882711652e-4,0.001,0.00287341924829051
ENSG00000159409,CELF3,6.217745860791746,2.2267316048437897,5.8438237046723225e-6,0.00111748280305211,0.00100200400801603,0.00287341924829051
ENSG00000183908,LRRC55,6.197019432035083,2.3592325377263776,6.10216000931002e-6,0.00111748280305211,0.001,0.00287341924829051
ENSG00000157833,GAREM2,-6.1586318307215375,-1.8831727422945213,6.612137483050245e-6,0.00111748280305211,0.001,0.00287341924829051
ENSG00000124145,SDC4,-6.137993505836585,-2.594854086165076,6.904254689433451e-6,0.00111748280305211,0.001,0.00287341924829051
ENSG00000117480,FAAH,-6.135469038737653,-1.9459528135904276,6.940886975478966e-6,0.00111748280305211,0.001,0.00287341924829051
ENSG00000145832,SLC25A48,-6.07360033167877,-1.9171306364049503,7.904026371042244e-6,0.0012172200611405,0.001,0.00287341924829051
ENSG00000197971,MBP,-6.145460069716381,-1.2451417328307848,6.797068351574064e-6,0.00111748280305211,0.001,0.00287341924829051
ENSG00000103740,ACSBG1,-6.0040795652281,-1.5420194652437669,9.1519563167625e-6,0.00126843654338384,0.001,0.00287341924829051
ENSG00000101856,PGRMC1,5.985600407137771,1.3056604328203634,9.516589476003354e-6,0.00126843654338384,0.001,0.00287341924829051
ENSG00000159176,CSRP1,-6.017092667089331,-1.0235089721023956,8.90382534906169e-6,0.00126843654338384,0.001,0.00287341924829051
ENSG00000168710,AHCYL1,-5.978088583148399,-1.8154182203772864,9.669053266901134e-6,0.00126843654338384,0.001,0.00287341924829051
ENSG00000166848,TERF2IP,5.862896070434459,1.0881672419649262,1.2348583305532664e-5,0.00156209578814988,0.001,0.00287341924829051
ENSG00000043355,ZIC2,5.796966802756599,2.3140519409257108,1.421472143184329e-5,0.00172263029968422,0.001,0.00287341924829051
ENSG00000158186,MRAS,-5.78477655681274,-1.8999492740583357,1.4590318743796362e-5,0.00172263029968422,0.001,0.00287341924829051
ENSG00000241839,PLEKHO2,-5.707906934977577,-1.591868470584603,1.7205463768183523e-5,0.00182262024109291,0.001,0.00287341924829051
ENSG00000041982,TNC,-5.699221928053898,-1.7587165739376056,1.7529740481397537e-5,0.00182262024109291,0.001,0.00287341924829051
ENSG00000105928,GSDME,5.68665532856347,2.7859933413009084,1.801008143372448e-5,0.00182262024109291,0.00100502512562814,0.00287341924829051
ENSG00000264364,DYNLL2,5.695348632507852,1.0113911152675763,1.7676374659376092e-5,0.00182262024109291,0.001,0.00287341924829051
ENSG00000109107,ALDOC,-5.608581357701897,-1.1584869968744893,2.131258971303009e-5,0.00209592087403002,0.001,0.00287341924829051
ENSG00000144749,LRIG1,-5.596127993468917,-1.2041361737318774,2.189414803475748e-5,0.00209592087403002,0.001,0.00287341924829051
ENSG00000008394,MGST1,-5.412567677913095,-2.614917485157307,3.2625120119373826e-5,0.0029335570973697102,0.001,0.00287341924829051
ENSG00000156113,KCNMA1,5.401536802674339,1.8420824063537944,3.342056177424897e-5,0.0029335570973697102,0.001,0.00287341924829051
ENSG00000148053,NTRK2,-5.46685893816133,-1.5684175864598524,2.8983251736304796e-5,0.00270154414868398,0.001,0.00287341924829051
ENSG00000143248,RGS5,5.383222866233332,2.2062467629141636,3.478526202414683e-5,0.0029335570973697102,0.001,0.00287341924829051
ENSG00000196517,SLC6A9,-5.334307007123567,-1.907941875671393,3.871663768118429e-5,0.00296429617182914,0.001,0.00287341924829051
ENSG00000034510,TMSB10,5.338811655999546,1.771247330210902,3.833633592681171e-5,0.00296429617182914,0.001,0.00287341924829051
ENSG00000164116,GUCY1A1,5.38956380383045,3.093542463282527,3.4306418809063e-5,0.0029335570973697102,0.00120336943441636,0.00313179423393906
ENSG00000160014,CALM3,5.326126229933217,1.049404290406279,3.941718397261056e-5,0.00296429617182914,0.001,0.00287341924829051
ENSG00000138650,PCDH10,-5.27235714885454,-1.6910337622536458,4.435564571059981e-5,0.00296429617182914,0.001,0.00287341924829051
ENSG00000103710,RASL12,-5.303813294040637,-1.2453260499564802,4.1394508549229905e-5,0.00296429617182914,0.001,0.00287341924829051
ENSG00000140538,NTRK3,-5.27455339144553,-1.4786516565306356,4.414204486640339e-5,0.00296429617182914,0.001,0.00287341924829051
ENSG00000104904,OAZ1,5.326075037076349,1.0778467064620207,3.942160833341064e-5,0.00296429617182914,0.001,0.00287341924829051
ENSG00000135821,GLUL,-5.294222027117541,-2.2018391566327,4.2275342994021854e-5,0.00296429617182914,0.001,0.00287341924829051
ENSG00000164050,PLXNB1,-5.279449159613264,-1.4296922586739096,4.366966862924026e-5,0.00296429617182914,0.001,0.00287341924829051
ENSG00000157103,SLC6A1,-5.303407032307633,-1.0657054241000583,4.143143541824344e-5,0.00296429617182914,0.001,0.00287341924829051
ENSG00000118733,OLFM3,5.190073182582781,3.1953084568429655,5.316781536964039e-5,0.00336286432212975,0.00138312586445366,0.00350248634686263
ENSG00000135744,AGT,-5.249813597769214,-0.9963466849421324,4.66101723164248e-5,0.00300169509717775,0.001,0.00287341924829051
ENSG00000106571,GLI3,-5.146456869699575,-2.7200087564491935,5.8544351544540386e-5,0.00357524298570279,0.001,0.00287341924829051
ENSG00000167676,PLIN4,-5.080848090933353,-1.872536395278972,6.769669607920225e-5,0.00398763288650481,0.001,0.00287341924829051
ENSG00000136297,MMD2,-5.07337245438582,-2.340552036920963,6.882822479191512e-5,0.00398763288650481,0.001,0.00287341924829051
ENSG00000134824,FADS2,-5.120810197358483,-1.0544682336143247,6.196161548243803e-5,0.00371979732269144,0.001,0.00287341924829051
ENSG00000100767,PAPLN,-5.047162033529392,-3.0447868600660795,7.295000993921393e-5,0.00398763288650481,0.001,0.00287341924829051
ENSG00000134207,SYT6,5.257194723800831,3.301737493663485,4.585939735732652e-5,0.00300169509717775,0.00112359550561797,0.0029928604285289
ENSG00000135919,SERPINE2,-5.0392244961678445,-1.765461017961961,7.424721514157511e-5,0.00398763288650481,0.001,0.00287341924829051
ENSG00000076555,ACACB,-5.046711868435087,-3.3882409198167376,7.302295754793159e-5,0.00398763288650481,0.001,0.00287341924829051
ENSG00000160932,LY6E,4.972751964423452,2.0778749059039003,8.607615644888496e-5,0.0044835550903228,0.0010214504596527,0.00287341924829051
ENSG00000136160,EDNRB,-5.038881973943859,-2.171119829739602,7.430371838207737e-5,0.00398763288650481,0.001,0.00287341924829051
ENSG00000165795,NDRG2,-5.039371417914172,-1.0095569516376517,7.422299201386303e-5,0.00398763288650481,0.001,0.00287341924829051
ENSG00000105409,ATP1A3,4.997783168676614,1.4170239260246589,8.141156252816092e-5,0.00430387693245889,0.001,0.00287341924829051
ENSG00000167772,ANGPTL4,-4.911728226414568,-1.4433325820020806,9.862168426364224e-5,0.00485163896752528,0.001,0.00287341924829051
ENSG00000184009,ACTG1,4.948911096685412,1.3538133239129189,9.077188844856336e-5,0.00465962360702625,0.001,0.00287341924829051
ENSG00000170873,MTSS1,4.868879421221131,1.865067387003166,1.0852891560295298e-4,0.00519472187926566,0.00100200400801603,0.00287341924829051
ENSG00000082641,NFE2L1,4.9141102822873615,1.118261487439673,9.809869899331072e-5,0.00485163896752528,0.001,0.00287341924829051
ENSG00000152661,GJA1,-4.936053752727312,-2.0161399397658206,9.341166726951104e-5,0.00472663036383725,0.001,0.00287341924829051
ENSG00000154096,THY1,4.903133469333861,1.438766718990361,1.0053236925013636e-4,0.00487788564224634,0.001,0.00287341924829051
ENSG00000115380,EFEMP1,-4.829167312933826,-3.044919360755943,1.1861341183609676e-4,0.00560171606297939,0.001,0.00287341924829051
ENSG00000198216,CACNA1E,4.780905395136123,2.4038378309952435,1.321610012536569e-4,0.00605338613920187,0.001001001001001,0.00287341924829051
ENSG00000116254,CHD5,4.800908529294022,1.3154371427402671,1.2636484388716922e-4,0.0058892668032678,0.001,0.00287341924829051
ENSG00000012223,LTF,-5.171631533979094,-6.10633229008264,5.5376797919205873e-5,0.00344113365315486,0.00100401606425702,0.00287341924829051
ENSG00000054179,ENTPD2,-4.7770648140715295,-1.4616689979667783,1.3330438138276288e-4,0.00605338613920187,0.001,0.00287341924829051
ENSG00000065054,NHERF2,4.717222208014209,1.4979168550640671,1.5247515426936728e-4,0.00666749378298887,0.001,0.00287341924829051
ENSG00000105808,RASA4,-4.72164001723988,-1.5103026172335756,1.5096879974138802e-4,0.00666749378298887,0.001,0.00287341924829051
ENSG00000166165,CKB,-4.771025843363429,-1.0346390416795284,1.3512259052248592e-4,0.00605828121051449,0.001,0.00287341924829051
ENSG00000113916,BCL6,-4.635959514732633,-1.8145922972044073,1.830710073416013e-4,0.00771949414290418,0.001,0.00287341924829051
ENSG00000087095,NLK,4.5935445334021345,1.1832430283626525,2.0144177319517988e-4,0.00819117981733258,0.001,0.00287341924829051
ENSG00000117868,ESYT2,4.5809885534486225,1.6457032760327344,2.0723021628549383e-4,0.00819117981733258,0.001,0.00287341924829051
ENSG00000139970,RTN1,4.667614349035845,1.1257483271647464,1.704742591389508e-4,0.00727493766108631,0.001,0.00287341924829051
ENSG00000214456,PLIN5,-4.532468338410579,-2.110272841394388,2.3122622323066503e-4,0.0084433328111651,0.001,0.00287341924829051
ENSG00000151322,NPAS3,-4.5420903239198145,-1.7320584398118963,2.2625381404402735e-4,0.0084433328111651,0.001,0.00287341924829051
ENSG00000174938,SEZ6L2,4.541862014648632,1.3534785548083252,2.2637053682892627e-4,0.0084433328111651,0.001,0.00287341924829051
ENSG00000172889,EGFL7,4.499213565001417,2.03757611989739,2.4927845908535173e-4,0.00874202279287441,0.001,0.00287341924829051
ENSG00000166033,HTRA1,-4.550533411655481,-2.05945225964562,2.2197978505740764e-4,0.0084433328111651,0.001,0.00287341924829051
ENSG00000074964,ARHGEF10L,-4.535024675303406,-1.7284048592255634,2.2989448671923343e-4,0.0084433328111651,0.001,0.00287341924829051
ENSG00000013016,EHD3,4.501637474016956,1.489375911354374,2.479157849928209e-4,0.00874202279287441,0.0010482180293501,0.00289592438617062
ENSG00000100243,CYB5R3,4.585356216017232,1.128436796966844,2.0519782057283476e-4,0.00819117981733258,0.001,0.00287341924829051
ENSG00000171885,AQP4,-4.618288837536657,-1.3452605546723593,1.9050895502606345e-4,0.00793862022002725,0.001,0.00287341924829051
ENSG00000134324,LPIN1,-4.483978433431541,-1.6243891889397717,2.5801841725280956e-4,0.00895981601872011,0.001,0.00287341924829051
ENSG00000154277,UCHL1,4.57906288309927,1.1094615018012857,2.081327452173724e-4,0.00819117981733258,0.001,0.00287341924829051
ENSG00000080644,CHRNA3,4.533996168187284,4.714609371921044,2.3042935744306108e-4,0.0084433328111651,0.00165289256198347,0.00410835334226549
ENSG00000129244,ATP1B2,-4.589606590155169,-1.386463754592109,2.032393730190028e-4,0.00819117981733258,0.001,0.00287341924829051
ENSG00000168906,MAT2A,-4.557576097099875,-1.1864124497027129,2.1847719816439303e-4,0.0084433328111651,0.001,0.00287341924829051
ENSG00000079215,SLC1A3,-4.5258069380457835,-2.049035900023508,2.3473328718169785e-4,0.00848393166528136,0.001,0.00287341924829051
ENSG00000142173,COL6A2,4.445659328350492,2.044767544882836,2.813951383621592e-4,0.00936412892631567,0.001,0.00287341924829051
ENSG00000124067,SLC12A4,-4.514777295022364,-1.0333507667542423,2.4065881072669992e-4,0.00861023745044415,0.001,0.00287341924829051
ENSG00000168824,NSG1,4.443334749287558,1.453024211067809,2.828802357752053e-4,0.00936412892631567,0.001,0.00287341924829051
ENSG00000132329,RAMP1,-4.429436325006093,-1.2424127976974635,2.919260974461434e-4,0.00957409478846518,0.001,0.00287341924829051
ENSG00000172757,CFL1,4.475965641659963,0.9913387461969366,2.6273874627903183e-4,0.00903515183806146,0.001,0.00287341924829051
ENSG00000175899,A2M,4.445117699501273,1.5008438385659433,2.817404622115288e-4,0.00936412892631567,0.001,0.00287341924829051
ENSG00000151914,DST,-4.373513810764066,-1.457990154099617,3.3137398010898593e-4,0.01067024215950934,0.001,0.00287341924829051
ENSG00000167614,TTYH1,-4.46149262071991,-1.066194268137042,2.714870754993628e-4,0.00924622328287252,0.001,0.00287341924829051
ENSG00000053438,NNAT,4.319314846887692,2.084011049484459,3.747355315379769e-4,0.01174613497971251,0.00101936799184505,0.00287341924829051
ENSG00000110436,SLC1A2,-4.406066707804638,-2.903668617406638,3.077997535414665e-4,0.0100020800646227,0.001,0.00287341924829051
ENSG00000165916,PSMC3,4.301432204937534,2.0688983400200147,3.90262970767554e-4,0.01195978354948416,0.00127551020408163,0.00327278798843481
ENSG00000157064,NMNAT2,4.307209823092215,1.5541990815390234,3.8517666841360993e-4,0.01195978354948416,0.001,0.00287341924829051
ENSG00000198948,MFAP3L,-4.2756277416680195,-1.673192034811389,4.1381854054301143e-4,0.01252773735558415,0.001,0.00287341924829051
ENSG00000176971,FIBIN,-4.269797440090679,-2.0093357443068256,4.193360252689736e-4,0.012587188148328,0.00107296137339055,0.00292114695340501
ENSG00000164089,ETNPPL,-4.299834707980704,-1.73410805939934,3.9168122296447274e-4,0.01195978354948416,0.001,0.00287341924829051
ENSG00000113594,LIFR,-4.260654503847461,-1.4248478060581615,4.281379261036165e-4,0.01262294712254978,0.001,0.00287341924829051
ENSG00000168477,TNXB,4.247259588535925,1.2632173927552757,4.4137012541918736e-4,0.01281420478880952,0.001,0.00287341924829051
ENSG00000141639,MAPK4,-4.32779775554167,-0.9688192773421628,3.675890190014898e-4,0.01172416523755536,0.001,0.00287341924829051
ENSG00000173267,SNCG,4.324055548999441,1.4505644091461647,3.707245924918693e-4,0.01172416523755536,0.001,0.00287341924829051
ENSG00000107551,RASSF4,-4.261442658312735,-1.7335238496735836,4.2737190045346246e-4,0.01262294712254978,0.001,0.00287341924829051
ENSG00000144649,GASK1A,-4.176049314914976,-2.1783072668431176,5.189419873492429e-4,0.01424877921853502,0.001,0.00287341924829051
ENSG00000141469,SLC14A1,-4.181209002331052,-2.2188725534939446,5.128872365873615e-4,0.01419255149994089,0.001,0.00287341924829051
ENSG00000136854,STXBP1,4.2372689090204005,0.9654574235975518,4.515067212252561e-4,0.0128970710208053,0.001,0.00287341924829051
ENSG00000087085,ACHE,4.203101246577412,1.15156295860514,4.879769557296663e-4,0.01382731501755582,0.001,0.00287341924829051
ENSG00000087266,SH3BP2,-4.145167206679805,-1.4846604404669752,5.56712567454572e-4,0.01503638664537701,0.001,0.00287341924829051
ENSG00000149633,KIAA1755,-4.133165781613563,-1.349188049384144,5.721253473559779e-4,0.01512289537563338,0.001,0.00287341924829051
ENSG00000106991,ENG,4.127003584116685,2.0556525005146447,5.80204847930245e-4,0.01522285608421428,0.001,0.00287341924829051
ENSG00000136928,GABBR2,4.187855809588171,1.6716692686783496,5.051918988767507e-4,0.01408968272300355,0.002,0.0047354740061162
ENSG00000075340,ADD2,4.101925717598248,1.4309229361076596,6.142841209074851e-4,0.01588171062959352,0.00100200400801603,0.00287341924829051
ENSG00000146005,PSD2,-4.19434050644163,-1.6934595206650396,4.97796082234442e-4,0.0139936009783682,0.001,0.00287341924829051
ENSG00000018625,ATP1A2,-4.237964604013955,-1.0836488056045686,4.5079333946945814e-4,0.0128970710208053,0.001,0.00287341924829051
ENSG00000114790,ARHGEF26,-4.0741212295713165,-1.5406721557090803,6.544216668902512e-4,0.01679682278351645,0.001,0.00287341924829051
ENSG00000159720,ATP6V0D1,4.142295451608422,0.982991249375283,5.603622352314414e-4,0.01503638664537701,0.002,0.0047354740061162
ENSG00000204851,PNMA8B,4.114649278032702,1.333641246581879,5.967496951896288e-4,0.01554181926736518,0.001,0.00287341924829051
ENSG00000116729,WLS,-4.152316240329311,-0.8331709481310897,5.477303106600879e-4,0.01492354431044639,0.001,0.00287341924829051
ENSG00000137726,FXYD6,4.135558546247965,1.0796604918686272,5.690186282854437e-4,0.01512289537563338,0.001,0.00287341924829051
ENSG00000101542,CDH20,-3.9870227176401056,-2.0090827981573143,7.97977925683709e-4,0.01939111544135427,0.001,0.00287341924829051
ENSG00000152954,NRSN1,3.9820109995385655,1.7221352856622705,8.071378917806804e-4,0.01944817967814401,0.00119189511323003,0.00310715417985978
ENSG00000088387,DOCK9,4.027244037452067,1.272771107300669,7.281348300166571e-4,0.0181623490698521,0.001,0.00287341924829051
ENSG00000160999,SH2B2,-3.956310613050447,-1.9692457286504523,8.557899271472812e-4,0.01984648853411588,0.001,0.00287341924829051
ENSG00000107736,CDH23,-3.96947993960182,-2.1718374128484466,8.30504053121793e-4,0.01984648853411588,0.001,0.00287341924829051
ENSG00000084636,COL16A1,-4.0595390300476355,-1.2660053078813829,6.765127642507043e-4,0.01723890799263305,0.001,0.00287341924829051
ENSG00000074181,NOTCH3,4.005964066201118,1.4727360065069284,7.642884136433183e-4,0.01893083609178065,0.001,0.00287341924829051
ENSG00000125534,PPDPF,3.9535643471757744,1.9254261218093736,8.611591659705076e-4,0.01984648853411588,0.001,0.00287341924829051
ENSG00000100427,MLC1,-4.041163984549839,-1.0696092719134294,7.054173091977699e-4,0.01772048304381915,0.001,0.00287341924829051
ENSG00000135334,AKIRIN2,3.986298575622094,1.0346747923929305,7.992949899598318e-4,0.01939111544135427,0.001,0.00287341924829051
ENSG00000130876,SLC7A10,-3.893478625795875,-2.9798430241496794,9.874390635087838e-4,0.02145711142912952,0.001,0.00287341924829051
ENSG00000018236,CNTN1,-3.943046184771324,-1.6896491357135148,8.820366641566092e-4,0.01989919658880707,0.001,0.00287341924829051
ENSG00000067057,PFKP,-3.94693581748462,-1.456706753499244,8.742578117101012e-4,0.01985013569921268,0.001,0.00287341924829051
ENSG00000096384,HSP90AB1,3.998184830588414,0.8631446805905113,7.779489503933452e-4,0.01913538321036964,0.001,0.00287341924829051
ENSG00000164985,PSIP1,3.896264119921848,1.2861667491930964,9.811954755946349e-4,0.02145305169479133,0.001,0.00287341924829051
ENSG00000189241,TSPYL1,3.954472731624327,1.206595326856335,8.593794608547808e-4,0.01984648853411588,0.001,0.00287341924829051
ENSG00000116016,EPAS1,3.955763941116823,1.2424544098751709,8.568560530894405e-4,0.01984648853411588,0.001,0.00287341924829051
ENSG00000174145,NWD2,3.9187651284268794,2.671592947145855,9.321845570802766e-4,0.02063623563236462,0.001,0.00287341924829051
ENSG00000180304,OAZ2,3.952682295842254,0.8966270690012083,8.628908058311252e-4,0.01984648853411588,0.001,0.00287341924829051
ENSG00000072042,RDH11,-3.8886562106577536,-1.4337763883981318,9.983422683153523e-4,0.02156175801446937,0.001,0.00287341924829051
ENSG00000005486,RHBDD2,3.91068152198552,1.2381797452337129,9.495039857332524e-4,0.02088908768613155,0.001,0.00287341924829051
ENSG00000182054,IDH2,-3.948204233714008,-9.96895631196104,8.717359730481931e-4,0.01985013569921268,0.714,0.888055421686747
ENSG00000074317,SNCB,3.8384499707615447,1.1927191743838683,0.00111924433864752,0.02209348860802881,0.001,0.00287341924829051
ENSG00000168916,ZNF608,3.847851373750436,1.3781840375437433,0.00109554331489347,0.02209348860802881,0.001,0.00287341924829051
ENSG00000144567,RETREG2,3.866212745311864,1.076409542417882,0.00105068810258797,0.02195121858022094,0.001,0.00287341924829051
ENSG00000171612,SLC25A33,-3.837325682803548,-1.2481918100370375,0.00112211269122483,0.02209348860802881,0.001,0.00287341924829051
ENSG00000145920,CPLX2,3.8799225252141474,1.5876601572760995,0.00101839547835136,0.02171271776638956,0.001,0.00287341924829051
ENSG00000092051,JPH4,3.841083047862115,1.2480589527163544,0.001112555249086,0.02209348860802881,0.00100300902708124,0.00287341924829051
ENSG00000144908,ALDH1L1,-3.848270050285838,-0.9892765170008252,0.0010944995481886,0.02209348860802881,0.001,0.00287341924829051
ENSG00000058668,ATP2B4,-3.864748371260232,-0.9966012511567256,0.00105419719138513,0.02195121858022094,0.001,0.00287341924829051
ENSG00000147588,PMP2,-3.797475728961857,-2.6618626064331066,0.00122865393972211,0.02379123975357248,0.001,0.00287341924829051
ENSG00000128245,YWHAH,3.877631472613519,1.1489651466264086,0.00102372215329956,0.02171271776638956,0.001,0.00287341924829051
ENSG00000067191,CACNB1,-3.839337094024673,-1.0759469165312616,0.00111698621635539,0.02209348860802881,0.001,0.00287341924829051
ENSG00000182175,RGMA,-3.956259138294384,-0.9863004168952312,8.558902572175248e-4,0.01984648853411588,0.001,0.00287341924829051
ENSG00000136807,CDK9,-3.883239422216611,-1.0276138343379533,0.0010107327060992,0.02169706209092956,0.001,0.00287341924829051
ENSG00000063015,SEZ6,3.7960661204344657,2.097329580748311,0.00123260177443541,0.02379123975357248,0.00100704934541792,0.00287341924829051
ENSG00000068078,FGFR3,-3.9196344494394553,-1.9474269628533407,9.30340902777394e-4,0.02063623563236462,0.001,0.00287341924829051
ENSG00000174871,CNIH2,3.7993678161079703,1.1155127155972815,0.00122337463749317,0.02379123975357248,0.001,0.00287341924829051
ENSG00000146966,DENND2A,3.7673639549520264,1.3462516535142417,0.00131579113056961,0.02451742239544522,0.001,0.00287341924829051
ENSG00000078549,ADCYAP1R1,-3.8570721398481855,-0.8772927672752668,0.00107278398965739,0.02196416700211852,0.001,0.00287341924829051
ENSG00000168314,MOBP,-3.774740374642844,-1.2629851791159177,0.00129389246831335,0.02450784557628822,0.001,0.00287341924829051
ENSG00000127528,KLF2,3.71124714863165,2.010155162507102,0.00149491387321475,0.02715376891757262,0.00100806451612903,0.00287341924829051
ENSG00000184588,PDE4B,-3.684239440792468,-2.131098315211561,0.00158956321609884,0.02801110901205037,0.00134048257372654,0.00340843557539499
ENSG00000213760,ATP6V1G2,3.704465037608319,1.267633807190221,0.00151814198822512,0.02729231643223556,0.00101419878296146,0.00287341924829051
ENSG00000186577,SMIM29,-3.701931549966562,-1.0991298837064576,0.0015269106502928,0.02729231643223556,0.001,0.00287341924829051
ENSG00000130303,BST2,3.6575391590367663,1.998511865539275,0.00168898053192792,0.02957823882592639,0.00189035916824196,0.00462436204111008
ENSG00000170075,GPR37L1,-3.863656989016252,-0.8275036247312557,0.00105682008043127,0.02195121858022094,0.001,0.00287341924829051
ENSG00000198467,TPM2,3.743229042044861,1.476703163791429,0.00139005151004824,0.02564355441974416,0.001,0.00287341924829051
ENSG00000167535,CACNB3,3.7219770358796342,1.4960707974626006,0.00145888431848303,0.02663591884570568,0.001,0.00287341924829051
ENSG00000167106,EEIG1,-3.723014850839887,-1.0850981086202702,0.00145544558776239,0.02663591884570568,0.001,0.00287341924829051
ENSG00000168000,BSCL2,3.765266258901604,0.9361270008973008,0.00132208573617448,0.02451742239544522,0.001,0.00287341924829051
ENSG00000172247,C1QTNF4,-3.6287041649848417,-2.551068733933192,0.00180328313233701,0.03070783103239274,0.001,0.00287341924829051
ENSG00000184313,MROH7,-3.76924531942905,-1.164981500295052,0.00131017105231015,0.02451742239544522,0.049,0.08701433486238533
ENSG00000101955,SRPX,-3.624036255317075,-1.7051389506742944,0.00182249481166773,0.03076530561070982,0.001,0.00287341924829051
ENSG00000160753,RUSC1,3.655922218752143,1.3133718812277466,0.00169519550583372,0.02957823882592639,0.001187648456057,0.00310392174549244
ENSG00000198478,SH3BGRL2,3.700076580481548,1.2544600813680358,0.00153336278091893,0.02729231643223556,0.001,0.00287341924829051
ENSG00000198797,BRINP2,-3.653392287819045,-1.5323826326721588,0.00170496526244549,0.02960287725285262,0.001,0.00287341924829051
ENSG00000113649,TCERG1,3.6843610764005175,1.0006296247182584,0.00158912387356212,0.02801110901205037,0.001,0.00287341924829051
ENSG00000187773,DIPK1C,-3.619067139666152,-1.728520631657174,0.00184316913258586,0.03079483522461858,0.001,0.00287341924829051
ENSG00000136802,LRRC8A,-3.765466840328735,-0.8759030199933507,0.00132148255327263,0.02451742239544522,0.001,0.00287341924829051
ENSG00000198363,ASPH,-3.858665781104352,-9.80949729587522,0.00106889853337934,0.02196416700211852,0.883,1
ENSG00000092010,PSME1,3.623665359529079,1.1039474188081453,0.00182402997691955,0.03076530561070982,0.001,0.00287341924829051
ENSG00000123095,BHLHE41,-3.703014551192264,-0.9192526318335452,0.00152315613082915,0.02729231643223556,0.001,0.00287341924829051
ENSG00000127249,ATP13A4,-3.6369975024556274,-1.3202624928107127,0.00176964426695762,0.03040652125285215,0.001,0.00287341924829051
ENSG00000214402,LCNL1,-3.588361039955609,-1.992963317358721,0.00197617817596962,0.03240566249668705,0.131,0.20678236493374108
ENSG00000132688,NES,3.5903520639339503,1.769777278253538,0.00196727262402278,0.03240566249668705,0.001,0.00287341924829051
ENSG00000117525,F3,-3.6108464206709825,-2.2833821410316233,0.00187788347918673,0.03122752715154661,0.001,0.00287341924829051
ENSG00000181790,ADGRB1,-3.6394482001131023,-0.8212342342375003,0.00175982354995288,0.03040631714113722,0.001,0.00287341924829051
ENSG00000133048,CHI3L1,-3.482076465791569,-2.4161089501979576,0.00251418692026556,0.03741701710748165,0.001,0.00287341924829051
ENSG00000240972,MIF,3.532533945317443,1.3021089142651914,0.00224279413050875,0.03499549255622024,0.001,0.00287341924829051
ENSG00000178209,PLEC,-3.573818932861745,-14.43680915722394,0.00204244449588736,0.03303350869604132,0.843,0.998382791586998
ENSG00000130787,HIP1R,-3.576558100566157,-1.650133224460223,0.00202979655814697,0.03297953857319535,0.006,0.01304
ENSG00000142949,PTPRF,-3.536941957116796,-0.9023555482554496,0.00222050809555124,0.03495573188641116,0.001,0.00287341924829051
ENSG00000134250,NOTCH2,-3.454266324771953,-1.4299072998399427,0.00267736990727836,0.03870711923093861,0.001,0.00287341924829051
ENSG00000168575,SLC20A2,-3.559517201535509,-0.962002659459973,0.00210975938951132,0.03381342876764302,0.001,0.00287341924829051
ENSG00000115266,APC2,-3.635169630930885,-0.7556120609751144,0.00177700448880304,0.03040652125285215,0.001,0.00287341924829051
ENSG00000240771,ARHGEF25,3.487376256809806,1.1994835946152382,0.00248422152174058,0.03712705751057028,0.001,0.00287341924829051
ENSG00000197226,TBC1D9B,3.5898919586408775,0.9557002119090696,0.00196932706887218,0.03240566249668705,0.001,0.00287341924829051
ENSG00000143603,KCNN3,-3.4316195570719756,-2.52117004638362,0.00281793380607624,0.04008482546635359,0.001,0.00287341924829051
ENSG00000119138,KLF9,-3.5655824477033695,-6.438738961801287,0.00208094772913245,0.03350325843903255,0.6973684210526315,0.8729789814066289
ENSG00000101210,EEF1A2,3.5795710817272623,1.3092632137042348,0.00201597382901275,0.03290589540259536,0.001,0.00287341924829051
ENSG00000151746,BICD1,3.543731967755789,0.9574635402406364,0.00218660680086682,0.03457572003870662,0.001,0.00287341924829051
ENSG00000076864,RAP1GAP,3.4725411468877527,1.6220067486444938,0.00256900114305965,0.03775685497393076,0.001,0.00287341924829051
ENSG00000144724,PTPRG,3.4111571318263048,1.5763038344177085,0.00295117758181363,0.04115382281410984,0.00127064803049555,0.00326572361032757
ENSG00000111276,CDKN1B,3.5503415834851846,0.9003685787558314,0.00215409791252331,0.03436853516287206,0.001,0.00287341924829051
ENSG00000186350,RXRA,-3.5213365652453934,-1.0871987752927916,0.00230040483564305,0.03558093418274107,0.103,0.16727372836916624
ENSG00000122756,CNTFR,-3.5178570182085016,-0.895174677220261,0.00231860319629884,0.03570648922300214,0.001,0.00287341924829051
ENSG00000140416,TPM1,3.502043175462907,1.0314897801890448,0.00240311931764481,0.03668900268576702,0.001,0.00287341924829051
ENSG00000130294,KIF1A,-3.496185347928672,-14.68087334562121,0.00243519235729467,0.03701910441861694,0.922,1
ENSG00000104435,STMN2,-3.4908519388265336,-1.0736778902837434,0.00246476144600943,0.03712705751057028,0.001,0.00287341924829051
ENSG00000173442,EHBP1L1,3.399012635095928,1.3647172965092578,0.00303317142838527,0.04213134587976717,0.0012135922330097,0.00315045695358848
ENSG00000177432,NAP1L5,3.5150878475636698,0.9164981272826463,0.00233318780366008,0.03577554632278798,0.001,0.00287341924829051
ENSG00000130287,NCAN,-3.5334263999311113,-1.2152291442529692,0.00223826427742787,0.03499549255622024,0.001,0.00287341924829051
ENSG00000008735,MAPK8IP2,3.476402045139132,0.745763196308164,0.00254666596140909,0.03758454514712929,0.001,0.00287341924829051
ENSG00000132640,BTBD3,3.4693650597627985,1.1182226215979862,0.00258751950064609,0.03787187632763825,0.001,0.00287341924829051
ENSG00000153815,CMIP,3.487830906897226,1.1862186486096469,0.00248166737513371,0.03712705751057028,0.001,0.00287341924829051
ENSG00000197694,SPTAN1,-3.458910109778031,-14.311863211901494,0.00264941265465642,0.0384599164868568,0.947,1
ENSG00000121671,CRY2,-3.4361840222569704,-1.0912676525608551,0.00278902995037868,0.03999491532081505,0.001,0.00287341924829051
ENSG00000049540,ELN,3.427173864784418,1.1043114353789143,0.0028463691705726,0.04032735840867266,0.001,0.00287341924829051
ENSG00000135838,NPL,-3.2950406048716117,-1.789793141527323,0.00383321846634478,0.0491019241788734,0.00100300902708124,0.00287341924829051
ENSG00000172020,GAP43,-3.3700942939686587,-1.722571324522946,0.00323754505874818,0.04444722712436456,0.001,0.00287341924829051
ENSG00000130706,ADRM1,3.3898792088784124,1.0275694486919698,0.00309630909811821,0.04267364523554364,0.001,0.00287341924829051
ENSG00000100138,SNU13,3.4343147050969245,0.8812225902214343,0.00280083165778642,0.04000220053177224,0.003,0.00685538971905519
ENSG00000137642,SORL1,-3.4478879185256934,-1.095318340152323,0.00271624486080093,0.03910950933722328,0.001,0.00287341924829051
ENSG00000148660,CAMK2G,-3.4604855965690184,-1.1333480100293398,0.00263999321372429,0.0384599164868568,0.001,0.00287341924829051
ENSG00000141391,PRELID3A,-3.3221943061058665,-1.1910726053981648,0.00360622926135633,0.04748425295064737,0.001,0.00287341924829051
ENSG00000154217,PITPNC1,-3.421659296244338,-1.924071343856484,0.00288203423466166,0.04066998111223757,0.001,0.00287341924829051
ENSG00000233670,PIRT,-3.2628697914009996,-1.4494258984707595,0.00412031925902416,0.05094246762824053,0.001,0.00287341924829051
ENSG00000187778,MCRS1,3.360580841524174,0.9591898789080764,0.00330769402213001,0.04470615203433721,0.001,0.00287341924829051
ENSG00000124785,NRN1,3.4146314864136396,1.301269395473651,0.00292812449758977,0.04099374296625687,0.001,0.00287341924829051
ENSG00000196136,SERPINA3,-3.2317537388253537,-3.2143880227732864,0.0044179923430554,0.05251184187618207,0.001,0.00287341924829051
ENSG00000186480,INSIG1,-3.2614099659013496,-4.945046909270025,0.00413383496890751,0.05094246762824053,0.5272727272727272,0.6954700325228433
ENSG00000170485,NPAS2,-3.226543965074717,-1.639583209344161,0.00446984677827293,0.05287909617596208,0.001001001001001,0.00287341924829051
ENSG00000104967,NOVA2,3.298639768129893,1.335451389300179,0.00380234471957702,0.0491019241788734,0.001,0.00287341924829051
ENSG00000164929,BAALC,-3.3423276289824204,-0.9182653133907916,0.00344649415857977,0.04606597097996062,0.001,0.00287341924829051
ENSG00000154134,ROBO3,3.3917788300400566,1.083467230823913,0.00308307175648494,0.04265718813074088,0.001,0.00287341924829051
ENSG00000108828,VAT1,3.347049958655353,1.5443172976811814,0.00341004569908386,0.04575144646270848,0.001,0.00287341924829051
ENSG00000157193,LRP8,3.2910528884297605,1.7230764146290058,0.00386771226592481,0.0491019241788734,0.001,0.00287341924829051
ENSG00000119711,ALDH6A1,-3.2402132610809957,-1.2910176566520033,0.00433504291087939,0.05243665550486604,0.001,0.00287341924829051
ENSG00000132361,CLUH,-3.2911397402019693,-1.0328412719981928,0.00386695776563129,0.0491019241788734,0.001,0.00287341924829051
ENSG00000152291,TGOLN2,3.339809542037777,0.7737982867589893,0.00346608569198147,0.04615366737217432,0.001,0.00287341924829051
ENSG00000125967,NECAB3,3.297333109666899,1.3994715775496538,0.00381352498779241,0.0491019241788734,0.001,0.00287341924829051
ENSG00000177225,GATD1,-3.3647298447831764,-0.827293941916844,0.00327691886836712,0.04465366634036995,0.001,0.00287341924829051
ENSG00000166833,NAV2,-3.2547040391399378,-2.033728773777722,0.00419648113865483,0.05143230516648939,0.001,0.00287341924829051
ENSG00000126878,AIF1L,3.3296766704690266,1.1342735310284957,0.00354603413041283,0.04686586899224723,0.001,0.00287341924829051
ENSG00000182667,NTM,-3.170289692829651,-1.4532353969505596,0.00506904961674133,0.05708859787747336,0.001,0.00287341924829051
ENSG00000088367,EPB41L1,-3.3126649802171504,-0.7873992189682782,0.00368434556122377,0.04815480434632694,0.001,0.00287341924829051
ENSG00000123104,ITPR2,-3.1453560070943856,-3.0974413574378055,0.0053590682989191904,0.05845605030120966,0.19849624060150375,0.29740825212523325
ENSG00000185033,SEMA4B,-3.2695160743246388,-1.0684542965711716,0.00405933002766618,0.05071078437976441,0.001,0.00287341924829051
ENSG00000123560,PLP1,-3.3629072851812394,-0.917558370908772,0.00329040285568508,0.04465366634036995,0.001,0.00287341924829051
ENSG00000140090,SLC24A4,-3.2422486365070693,-1.5059229026114236,0.0043153136479637,0.05243665550486604,0.001,0.00287341924829051
ENSG00000168077,SCARA3,-3.309180623587302,-0.9243495479580937,0.00371332095799569,0.048328214887735,0.001,0.00287341924829051
ENSG00000117691,NENF,3.157714965872615,1.5179231770550703,0.00521334733454187,0.05770232935446526,0.00112994350282485,0.00300123072748592
ENSG00000203879,GDI1,3.3589974103480764,0.7912728453585951,0.00331951382976586,0.04470615203433721,0.001,0.00287341924829051
ENSG00000186642,PDE2A,3.1603082365026,2.1090880014280167,0.00518326484867817,0.0575521131473922,0.001,0.00287341924829051
ENSG00000186815,TPCN1,-3.2368049335538394,-1.1602526510655222,0.00436827822575054,0.05243665550486604,0.001,0.00287341924829051
ENSG00000102409,BEX4,3.337709547987759,0.6181253540199787,0.00348250792797797,0.04619866322433706,0.001,0.00287341924829051
ENSG00000130304,SLC27A1,-3.2362516729770325,-1.0399875801680805,0.00437369664757182,0.05243665550486604,0.005,0.01102135231316726
ENSG00000169992,NLGN2,-3.269602139332146,-10.551489513622558,0.00405854608467839,0.05071078437976441,0.968,1
ENSG00000106278,PTPRZ1,-3.2614402832108444,-1.1158090043101596,0.00413355383694879,0.05094246762824053,0.001,0.00287341924829051
ENSG00000130558,OLFM1,3.317148817972934,0.9303341754253492,0.00364738481678984,0.04784828526322079,0.001,0.00287341924829051
ENSG00000068831,RASGRP2,3.1638870500861236,1.125679554587723,0.00514202769272068,0.05753421385767861,0.00104166666666666,0.0028859746477797
ENSG00000116574,RHOU,-3.156339211608046,-1.3193453213938724,0.00522937541580557,0.05770232935446526,0.001,0.00287341924829051
ENSG00000170027,YWHAG,3.3077954393330526,0.7018234418904458,0.00372490193798748,0.048328214887735,0.001,0.00287341924829051
ENSG00000196961,AP2A1,3.2750571763825884,0.8413702991986203,0.00400915903212744,0.05071078437976441,0.008,0.01702817869415807
ENSG00000167995,BEST1,-3.0705506598878065,-3.4434795969133156,0.00632952710084015,0.06442294537694201,0.8421985815602837,0.997815228420887
ENSG00000197444,OGDHL,3.2353992147150543,0.7436622831405074,0.00438205816754385,0.05243665550486604,0.001,0.00287341924829051
ENSG00000148468,FAM171A1,-3.210023490489083,-1.0320672657539345,0.00463824595646187,0.05404166834798676,0.001,0.00287341924829051
ENSG00000087076,HSD17B14,-3.1151824998540114,-5.853077988916528,0.00573170710971351,0.06078355264253073,0.7331995987963892,0.9068367242301986
ENSG00000154229,PRKCA,-3.2222410014569083,-1.2300948937598883,0.00451312379838327,0.05310792190655663,0.001,0.00287341924829051
ENSG00000197959,DNM3,3.232055964509137,1.4630779118524826,0.00441500232162641,0.05251184187618207,0.001,0.00287341924829051
ENSG00000102032,RENBP,-3.162087601906242,-0.9096735126221608,0.0051627218215834,0.05753421385767861,0.001,0.00287341924829051
ENSG00000184371,CSF1,-3.169583484900535,-1.0960918552141428,0.00507704921835237,0.05708859787747336,0.001,0.00287341924829051
ENSG00000112715,VEGFA,-3.1743591894120833,-1.2496698413032299,0.00502319124771264,0.05684390862427532,0.001,0.00287341924829051
ENSG00000171552,BCL2L1,3.1518183493575744,1.141695457242721,0.00528238430072044,0.05810622730792492,0.003,0.00685538971905519
ENSG00000203685,STUM,-3.0470837465013583,-2.716065014139962,0.00666772275644195,0.06560298334254838,0.00162074554294975,0.00403492680588054
ENSG00000148204,CRB2,-3.260516147033462,-0.7033822349757773,0.00414213175520419,0.05094246762824053,0.001,0.00287341924829051
ENSG00000178234,GALNT11,-3.0634024615226543,-1.9230045237293836,0.00643073972064895,0.06452600592220568,0.00111982082866741,0.00299230811594735
ENSG00000171867,PRNP,-3.2923381245012413,-0.6703095593514392,0.00385656185776473,0.0491019241788734,0.001,0.00287341924829051
ENSG00000082014,SMARCD3,-3.205269794381088,-0.7864016431426579,0.00468784021694294,0.05434928014485284,0.001,0.00287341924829051
ENSG00000135363,LMO2,3.180890939578757,1.8761411085180255,0.00495043122833898,0.05638079553304394,0.001,0.00287341924829051
ENSG00000182768,NGRN,3.104787760475435,1.5205855582592342,0.00586583057886649,0.06165214216719619,0.00101317122593718,0.00287341924829051
ENSG00000130338,TULP4,3.106887489620002,1.0548091779677753,0.0058384939253847,0.06154745679676381,0.00100200400801603,0.00287341924829051
ENSG00000104331,BPNT2,-3.082556686441012,-1.8767876549775504,0.00616300363995752,0.06356410709642046,0.084,0.14009046849757675
ENSG00000076201,PTPN23,-3.189575042143067,-0.97758843336425,0.00485528625046095,0.0556545565009359,0.001,0.00287341924829051
ENSG00000143514,TP53BP2,-3.121241084166882,-1.7406746586990611,0.0056549148697083796,0.06014927468020144,0.001,0.00287341924829051
ENSG00000144834,TAGLN3,3.12195866549643,1.1827445604493465,0.00564588617151786,0.06014927468020144,0.00103199174406604,0.0028741712512343
ENSG00000166444,DENND2B,-3.005990993851054,-4.929007610994818,0.00730261645506511,0.068975646623575,0.911,1
ENSG00000115902,SLC1A4,-3.188893413184106,-1.313017239125865,0.00486268931212447,0.0556545565009359,0.001,0.00287341924829051
ENSG00000178814,OPLAH,-3.073808951755958,-1.591969081836583,0.00628390735011002,0.06414293900314032,0.817,0.9774296333198468
ENSG00000185189,NRBP2,-3.268781662221357,-0.8711226073137116,0.0040660256250291,0.05071078437976441,0.001,0.00287341924829051
ENSG00000137285,TUBB2B,-3.271664672664372,-0.8168614461706649,0.00403980331916639,0.05071078437976441,0.001,0.00287341924829051
ENSG00000165029,ABCA1,-3.0665555491712957,-1.646254983722718,0.0063859023174705,0.06452600592220568,0.001,0.00287341924829051
ENSG00000100234,TIMP3,-2.990470034544367,-8.594076366871509,0.00755734296937748,0.07057057550411924,0.897,1
ENSG00000175416,CLTB,3.1405562785414243,1.2090270194175174,0.00541672427662755,0.05866000705492883,0.001,0.00287341924829051
ENSG00000104722,NEFM,3.2126196411360253,1.5985349435385088,0.00461137772003117,0.05390594021237763,0.001,0.00287341924829051
ENSG00000270647,TAF15,3.0521471010304,1.1935015076671482,0.00659329929011928,0.06505143756435243,0.00101936799184505,0.00287341924829051
ENSG00000158828,PINK1,3.174452833913086,0.8195271923115541,0.00502214076473551,0.05684390862427532,0.001,0.00287341924829051
ENSG00000135424,ITGA7,-2.9561356075491987,-7.266030986424559,0.00815173862312405,0.07519129740392032,0.936,1
ENSG00000188643,S100A16,-3.1618544232247423,-0.8077426572101695,0.00516540937513884,0.05753421385767861,0.001,0.00287341924829051
ENSG00000104067,TJP1,-3.220648544194785,-6.723724395628686,0.00452924355432251,0.05312112804440512,0.95841784989858,1
ENSG00000132481,TRIM47,-3.099791758013561,-1.8021321303801752,0.00593137572786933,0.06215660600033482,0.008,0.01702817869415807
ENSG00000125827,TMX4,3.137096203487285,1.204023040450798,0.00545866231054599,0.05876772615183557,0.001,0.00287341924829051
ENSG00000145284,SCD5,-3.1881338166783504,-1.150181908835275,0.00487095214999721,0.0556545565009359,0.001,0.00287341924829051
ENSG00000213398,LCAT,-3.149839740242134,-0.8404001308656286,0.00530574872468235,0.05818254483846719,0.006,0.01304
ENSG00000091972,CD200,3.0523214506696603,1.0914549509452327,0.00659075103143494,0.06505143756435243,0.00113636363636363,0.00300796425796425
ENSG00000005893,LAMP2,-3.144968787907056,-1.0780228256149436,0.00536369744435153,0.05845605030120966,0.001,0.00287341924829051
ENSG00000291122,CASTOR3P,2.989665154493841,1.464156474765462,0.00757078440843692,0.07057057550411924,0.00103305785123966,0.00287455540457255
ENSG00000104973,MED25,3.0543461484713132,1.4478891764033102,0.0065612283783059,0.06505143756435243,0.001,0.00287341924829051
ENSG00000204624,DISP3,-3.0595535622831784,-1.0107809965262708,0.00648588611543667,0.06489550457874779,0.001,0.00287341924829051
ENSG00000161533,ACOX1,-3.0869603213781613,-1.0627715119143644,0.00610299885526801,0.06339243972246127,0.001,0.00287341924829051
ENSG00000103876,FAH,-2.913684265130049,-1.967787142738728,0.00894927632707112,0.08024895379869856,0.0012453300124533,0.00321666976527762
ENSG00000137486,ARRB1,-3.1277514692392896,-0.8821080089126977,0.00557351254978714,0.059822368034382,0.001,0.00287341924829051
ENSG00000103154,NECAB2,3.143455124915699,1.059990211146452,0.00538183046785986,0.05847375312012161,0.001,0.00287341924829051
ENSG00000010361,FUZ,-2.901091611636353,-1.7596595142501774,0.00919998534773819,0.08167004536764082,0.00188679245283018,0.00462294005254358
ENSG00000103253,HAGHL,-3.0140923155702164,-0.9913582887933164,0.00717298203392223,0.06848167753140846,0.055,0.09607163000564016
ENSG00000189171,S100A13,-3.0418977273498307,-1.149699225653112,0.00674479397489304,0.06581283817925937,0.028,0.05306976744186047
ENSG00000122786,CALD1,3.0802819938225396,0.9488771568320686,0.00619422323389142,0.06359402520128532,0.001,0.00287341924829051
ENSG00000139190,VAMP1,-3.009548081405524,-1.0123114350677649,0.00724542017637186,0.068975646623575,0.001,0.00287341924829051
ENSG00000130202,NECTIN2,2.9803733262099024,1.019803453578742,0.00772764189174952,0.07165263764548904,0.001,0.00287341924829051
ENSG00000036672,USP2,-3.025970806530583,-6.039525666745285,0.00698692971847912,0.06706695138984567,0.9274770173646578,1
ENSG00000106012,IQCE,-2.8718395081571693,-3.3421948406693893,0.00980874925244852,0.08432667439847734,0.6074766355140186,0.7812936628683205
ENSG00000150625,GPM6A,-3.0841624069239084,-1.5552256030200453,0.00614105765406216,0.06356410709642046,0.001,0.00287341924829051
ENSG00000136295,TTYH3,-3.0046587884041074,-0.8948522269377734,0.00732415003848087,0.06899505169228526,0.001,0.00287341924829051
ENSG00000089220,PEBP1,3.0646430957224333,0.7994624237587474,0.00641306134620923,0.06452600592220568,0.001,0.00287341924829051
ENSG00000172461,FUT9,-3.022569442578586,-1.491623707167894,0.007039721834296,0.06739106685696336,0.001,0.00287341924829051
ENSG00000148798,INA,3.0653954553705076,1.1136622514821044,0.00640236362025524,0.06452600592220568,0.001,0.00287341924829051
ENSG00000146409,SLC18B1,-2.8933551410565226,-1.318722607395009,0.00935735320872853,0.08203897293395167,0.0010277492291880701,0.00287341924829051
ENSG00000106976,DNM1,3.028617364703954,1.028137719645888,0.00694611850938755,0.06700430771676873,0.001,0.00287341924829051
ENSG00000185432,METTL7A,-3.126107261502215,-1.0662354441219162,0.00559396248425555,0.05986046863816668,0.001,0.00287341924829051
ENSG00000167074,TEF,-2.941013707520889,-1.00922090180582,0.00842763227417955,0.07693472555449479,0.013,0.02638335517693315
ENSG00000160781,PAQR6,-3.078214372391753,-0.8564166746541844,0.00622273412257237,0.06370209324321197,0.001,0.00287341924829051
ENSG00000112701,SENP6,-2.9081014859085994,-1.4121975331698473,0.00905960137914691,0.08103310122459183,0.0010559662090813,0.00290954390527118
ENSG00000107742,SPOCK2,3.1392850624422453,0.5980694511629572,0.005432095514968,0.05866000705492883,0.001,0.00287341924829051
ENSG00000172992,DCAKD,-3.058040552645295,-0.8236116828260631,0.00650768975164913,0.06493024535307391,0.001,0.00287341924829051
ENSG00000054523,KIF1B,-3.056403214801721,-1.190289521867691,0.00653136521932674,0.06498341462599812,0.001,0.00287341924829051
ENSG00000003402,CFLAR,3.044398726685365,1.0961125729907413,0.00670751847311253,0.06581171864754734,0.001,0.00287341924829051
ENSG00000132670,PTPRA,-2.9292407167101966,-1.3703755165840852,0.0086486458499855,0.07834655652339814,0.001,0.00287341924829051
ENSG00000102226,USP11,3.06724624186529,0.7494557525035235,0.00637612117196394,0.06452600592220568,0.001,0.00287341924829051
ENSG00000125818,PSMF1,3.042491672287148,0.7853658050885575,0.00673592352195596,0.06581283817925937,0.001,0.00287341924829051
ENSG00000007402,CACNA2D2,2.8951532797525585,1.1067889972785832,0.00932054755892045,0.0819190557163679,0.00112485939257592,0.0029928604285289
ENSG00000108387,SEPTIN4,-3.091068650057086,-0.7150510266854808,0.00604753026291671,0.06300103585662062,0.001,0.00287341924829051
ENSG00000135631,RAB11FIP5,2.88694227026564,1.1565698155342292,0.00948975967789034,0.0823841391644304,0.00165837479270315,0.00411207904964104
ENSG00000127603,MACF1,-3.091284698580512,-0.7697028022440319,0.0060446268892268,0.06300103585662062,0.001,0.00287341924829051
ENSG00000184113,CLDN5,3.0818006310168853,1.361685559031104,0.00617336330919498,0.06356410709642046,0.001,0.00287341924829051
ENSG00000107317,PTGDS,-3.204555598542155,-0.6995030238133261,0.00469533589054911,0.05434928014485284,0.463,0.6275321663019694
ENSG00000164976,MYORG,-2.7730493356143286,-1.88625212055745,0.01216396034784206,0.09604878337467036,0.00127226463104325,0.0032671671329527
ENSG00000092820,EZR,-3.0301731604254263,-1.0586383184218324,0.00692223534463068,0.06700430771676873,0.001,0.00287341924829051
ENSG00000101493,ZNF516,-2.9393569157307815,-0.9330399523189415,0.00845840221118271,0.07701712244732438,0.001,0.00287341924829051
ENSG00000197858,GPAA1,2.948534570191513,0.841810516730227,0.00828930830462588,0.07606406739633388,0.001,0.00287341924829051
ENSG00000114631,PODXL2,2.874142921223177,1.005303743143548,0.00975944008750978,0.08431204095112113,0.00108813928182807,0.00294063469094375
ENSG00000109113,RAB34,-2.915460549506526,-1.1216995610082374,0.00891444638545501,0.08013951547533411,0.001,0.00287341924829051
ENSG00000081803,CADPS2,2.890738128449899,1.4153990597533972,0.00941117037340859,0.08206881009096928,0.00100603621730382,0.00287341924829051
ENSG00000107295,SH3GL2,-2.765952089796862,-1.196556490692255,0.0123525681186134,0.09604878337467036,0.00101729399796541,0.00287341924829051
ENSG00000135540,NHSL1,-2.7662485353512047,-4.5990556835630105,0.01234463447855525,0.09604878337467036,0.9183457051961824,1
ENSG00000066468,FGFR2,-2.862028798693776,-0.9384267665643417,0.01002146394068295,0.08573919149250972,0.001,0.00287341924829051
ENSG00000171533,MAP6,2.9665423165094285,0.7906227740371238,0.00796696221487376,0.07367879938663938,0.001,0.00287341924829051
ENSG00000149485,FADS1,-2.954926048358699,-1.1038296555104516,0.00817348167322301,0.07519603139365172,0.001,0.00287341924829051
ENSG00000204128,C2orf72,-2.980642615337929,-1.0378429757057577,0.0077230520430687,0.07165263764548904,0.001,0.00287341924829051
ENSG00000162390,ACOT11,-3.0033174136332974,-0.8753567431619435,0.00734589395377933,0.06901632993179416,0.001,0.00287341924829051
ENSG00000186716,BCR,-2.8020377485756893,-2.466017996807468,0.01142182890045726,0.09343214310720468,0.049,0.08701433486238533
ENSG00000128989,ARPP19,-2.7973812680012022,-1.0446219960135092,0.01153804300636321,0.09394884673227244,0.00144300144300144,0.00363626970624529
ENSG00000176248,ANAPC2,-2.890787325858876,-1.1171021223642157,0.00941015591733829,0.08206881009096928,0.001,0.00287341924829051
ENSG00000186951,PPARA,-2.719069985958174,-1.525681160883522,0.01367047608416609,0.10324269997892606,0.00107296137339055,0.00292114695340501
ENSG00000178980,SELENOW,3.0322944618322474,0.6045869355030266,0.00688979930041308,0.06700430771676873,0.001,0.00287341924829051
ENSG00000151208,DLG5,-2.8388441236049378,-0.9273815785572508,0.01054191714289683,0.08848215763066493,0.001,0.00287341924829051
ENSG00000129521,EGLN3,-2.804552365228974,-1.015973346501127,0.01135953762471975,0.0932043754985394,0.001,0.00287341924829051
ENSG00000100320,RBFOX2,2.906103331212843,1.0354005503761712,0.00909940588933281,0.08118412005042025,0.001,0.00287341924829051
ENSG00000162706,CADM3,2.9163756605769566,0.8739071701591528,0.00889655364556511,0.08013951547533411,0.001,0.00287341924829051
ENSG00000173327,MAP3K11,2.735525240982279,1.2584634425932788,0.01319330714266592,0.10028045901142212,0.00823529411764706,0.01746897663174859
ENSG00000149090,PAMR1,-2.8503653479126716,-1.4105034760979334,0.01028012223135804,0.08731940753829787,0.001,0.00287341924829051
ENSG00000149591,TAGLN,2.8571669165089304,1.1814997792889126,0.01012851554978236,0.08644627006585336,0.001,0.00287341924829051
ENSG00000124702,KLHDC3,-2.6902158456730363,-4.760557249310367,0.01454716607011675,0.10829776278059694,0.7161152614727855,0.8899714946955123
ENSG00000162493,PDPN,-2.7838891819200575,-1.0823938991586692,0.01188120190276981,0.09456902728002402,0.001,0.00287341924829051
ENSG00000105552,BCAT2,-2.645029207764661,-2.0943677249367623,0.01602841852546868,0.11469223922668702,0.1552511415525114,0.2393294103475002
ENSG00000136158,SPRY2,-2.7861347353517156,-1.209975110740587,0.0118234182821927,0.0943997873119436,0.001,0.00287341924829051
ENSG00000148700,ADD3,-2.8623432428416957,-1.1307721711486858,0.01001457791520037,0.08573919149250972,0.001,0.00287341924829051
ENSG00000007080,CCDC124,2.829628820060847,1.1538498268221935,0.01075591141719409,0.08943060619648237,0.001,0.00287341924829051
ENSG00000108465,CDK5RAP3,2.8990224970347938,0.68025469356121,0.009241821748466,0.08171432919932516,0.001,0.00287341924829051
ENSG00000103742,IGDCC4,-2.7940188038861216,-1.5199272023592432,0.01162266514730071,0.09405093461349125,0.152,0.23513686313686313
ENSG00000205336,ADGRG1,-2.898564149253619,-2.744064430343758,0.00925111406237419,0.08171432919932516,0.063,0.10791537610619469
ENSG00000204310,AGPAT1,2.8419406268896235,0.7675282759630166,0.01047093334428569,0.08830487120347606,0.001,0.00287341924829051
ENSG00000111674,ENO2,2.9414904659874246,0.8699354185068525,0.00841879795569145,0.07693472555449479,0.001,0.00287341924829051
ENSG00000286219,NOTCH2NLC,-2.800912159090686,-1.4750813390184965,0.01144981757198011,0.09344528534551516,0.001,0.00287341924829051
ENSG00000135929,CYP27A1,-2.7569256644735827,-0.9759683666078752,0.01259648585403089,0.09699294107603788,0.053,0.09310323312535453
ENSG00000142303,ADAMTS10,2.7694843279899843,1.0468434485129832,0.01225835269551078,0.09604878337467036,0.00100806451612903,0.00287341924829051
ENSG00000140983,RHOT2,-2.840822998072981,-0.8824204191607254,0.01049650060753303,0.0883102260139715,0.004,0.00895733911785972
ENSG00000017483,SLC38A5,2.600405808184152,2.6152789352262853,0.01763093975848381,0.12102478415610396,0.00337457817772778,0.00766207376570597
ENSG00000162613,FUBP1,-2.6897474188239694,-1.4446594407743507,0.01456183081183191,0.10829776278059694,0.00117785630153121,0.00308353420612186
ENSG00000099889,ARVCF,-2.7495710651526357,-7.472155919603274,0.01279862333816228,0.09812277892591086,0.999,1
ENSG00000144476,ACKR3,-2.694145831389056,-1.3230670876061488,0.01442468507676512,0.10778952435000438,0.001,0.00287341924829051
ENSG00000117425,PTCH2,-2.60754698207179,-1.6158292772497798,0.01736466745455471,0.12029059754737868,0.00107181136120042,0.00292114695340501
ENSG00000059915,PSD,2.76209350319337,0.985720722323318,0.01245627952177694,0.09612231386957285,0.00109769484083424,0.00295357160909093
ENSG00000183864,TOB2,-2.7902470261021706,-1.4494865970569235,0.01171829574232065,0.09425536223266226,0.093,0.15328419372006388
ENSG00000115234,SNX17,-2.8376468400882024,-6.350068196762675,0.01056948718336522,0.08850383830609836,0.974863387978142,1
ENSG00000128951,DUT,2.736368820540648,1.0419787163157956,0.01316927840424043,0.10028045901142212,0.001,0.00287341924829051
ENSG00000100330,MTMR3,-2.6716998780968084,-1.1684204366922766,0.01513766770612258,0.11055179178368284,0.00121065375302663,0.00314546532980158
ENSG00000148826,NKX6-2,-2.592823906856501,-1.4446931452971286,0.01791787239537199,0.1220482769700146,0.0010593220338983,0.00291360598488725
ENSG00000198832,SELENOM,2.8467590644261276,0.7250189619373545,0.01036138829597044,0.08758958793395541,0.001,0.00287341924829051
ENSG00000179915,NRXN1,-2.872175889954127,-1.043041848541527,0.00980153341260931,0.08432667439847734,0.001,0.00287341924829051
ENSG00000145730,PAM,2.8054251611194405,1.0380294665287657,0.01133799321855235,0.0932043754985394,0.001,0.00287341924829051
ENSG00000145194,ECE2,2.789199358284266,0.8679359243145984,0.01174499200741001,0.09425536223266226,0.001,0.00287341924829051
ENSG00000083857,FAT1,-2.666890093462785,-1.4365912552154771,0.01529474864080377,0.11124024576124636,0.00100200400801603,0.00287341924829051
ENSG00000157087,ATP2B2,-2.79371896932669,-0.9942255501683356,0.01163023979692523,0.09405093461349125,0.001,0.00287341924829051
ENSG00000161509,GRIN2C,-2.8053493809365895,-0.9895985596720296,0.01133986225009849,0.0932043754985394,0.001,0.00287341924829051
ENSG00000145794,MEGF10,-2.7637939578757607,-1.1009215545655688,0.0124104723669013,0.09604878337467036,0.005,0.01102135231316726
ENSG00000185920,PTCH1,-2.5826756162838693,-2.233843036698394,0.01830884616064582,0.1239960479942782,0.00100401606425702,0.00287341924829051
ENSG00000133961,NUMB,2.6504622895816294,1.1096827927328403,0.01584302030111968,0.11359509697685412,0.00884955752212389,0.01873347891047006
ENSG00000159713,TPPP3,2.889812963549023,0.7326608466652894,0.00943026699803063,0.08206881009096928,0.001,0.00287341924829051
ENSG00000090971,NAT14,-2.754298461703526,-0.90557824595603,0.01266834041560379,0.09733462419103828,0.001,0.00287341924829051
ENSG00000189221,MAOA,2.701098498346079,0.9825009074433124,0.01421040149804316,0.1066382248009934,0.0102880658436214,0.02141272843931147
ENSG00000075624,ACTB,2.919608829805938,0.7327357756429665,0.00883361387893784,0.07981801112040263,0.001,0.00287341924829051
ENSG00000168159,RNF187,2.85342602590915,0.6570479004871891,0.01021163191451938,0.08694615442602802,0.001,0.00287341924829051
ENSG00000144040,SFXN5,-2.8054441404962818,-1.1012016370746145,0.01133752516016325,0.0932043754985394,0.001,0.00287341924829051
ENSG00000037042,TUBG2,-2.7166683446486477,-0.6547924483758502,0.01374148055520633,0.10333826778458775,0.002,0.0047354740061162
ENSG00000166123,GPT2,-2.668834888274038,-1.1231235982054903,0.0152310486214404,0.11100488522045655,0.001,0.00287341924829051
ENSG00000100201,DDX17,-2.765239247846652,-1.0854213057159412,0.0123716655533917,0.09604878337467036,0.001,0.00287341924829051
ENSG00000187091,PLCD1,-2.57596863396085,-1.514500093409921,0.01857165124668045,0.12436067566175768,0.001,0.00287341924829051
ENSG00000060762,MPC1,-2.723513710620653,-0.9236091349935992,0.01354001909002325,0.10247595644628713,0.001,0.00287341924829051
ENSG00000076108,BAZ2A,2.687646697492697,0.9554319541769783,0.01462776999244617,0.10829776278059694,0.001001001001001,0.00287341924829051
ENSG00000145555,MYO10,-2.763453388724885,-0.7946391424679632,0.01241963376216799,0.09604878337467036,0.001,0.00287341924829051
ENSG00000228049,POLR2J2,-2.7885345652032383,-0.7787954940436569,0.01176196219842934,0.09425536223266226,0.001,0.00287341924829051
ENSG00000111328,CDK2AP1,-2.6038112929231585,-2.0952100886562515,0.0175034812609159,0.1206173747590742,0.002,0.0047354740061162
ENSG00000160271,RALGDS,-2.7167762611921815,-1.0068091533078791,0.01373828247341875,0.10333826778458775,0.001,0.00287341924829051
ENSG00000137409,MTCH1,-2.781321830679954,-0.7477787076133077,0.01194759739381062,0.09488428244142874,0.001,0.00287341924829051
ENSG00000163453,IGFBP7,2.7705508437845174,0.9862871120749814,0.01223004086253782,0.09604878337467036,0.001,0.00287341924829051
ENSG00000275832,ARHGAP23,-2.504523647453136,-6.54822428299538,0.02160108358548063,0.1335271170327616,0.984,1
ENSG00000123989,CHPF,2.7484490857274513,0.8208366544703278,0.01282973154436601,0.0981488318145668,0.001,0.00287341924829051
ENSG00000167971,CASKIN1,-2.7787238041797675,-0.8574248178594535,0.01201514763374102,0.09520727722306647,0.003,0.00685538971905519
ENSG00000146122,DAAM2,-2.8356127893101335,-0.516059789638649,0.01061648438347985,0.08868770680727746,0.001,0.00287341924829051
ENSG00000163346,PBXIP1,-2.771470380321829,-0.6965097072338539,0.01220568097629084,0.09604878337467036,0.001,0.00287341924829051
ENSG00000164776,PHKG1,-2.683745231413402,-0.9664929547013082,0.01475098713695315,0.10884999258143348,0.001,0.00287341924829051
ENSG00000134569,LRP4,-2.7947074252204853,-0.8134081790139638,0.01160528655349322,0.09405093461349125,0.001,0.00287341924829051
ENSG00000156298,TSPAN7,2.7709200582885853,0.8709673109934617,0.01222025424049609,0.09604878337467036,0.001,0.00287341924829051
ENSG00000077782,FGFR1,-2.4377315056355924,-3.765953782480031,0.024848156919965,0.1426453351872221,0.41379310344827586,0.5672940422219169
ENSG00000102452,NALCN,-2.618033553600646,-0.934366261453582,0.01698054821093431,0.11816326476056846,0.001,0.00287341924829051
ENSG00000124228,DDX27,-2.5673515411543657,-1.036695921407108,0.01891453494975388,0.12453118919099608,0.01642036124794745,0.03276666158820442
ENSG00000100711,ZFYVE21,-2.694498173201232,-0.9430892196818882,0.01441375216585899,0.10778952435000438,0.001,0.00287341924829051
ENSG00000158856,DMTN,2.74138745216821,0.891762799840468,0.01302718776394584,0.09944461004287972,0.001,0.00287341924829051
ENSG00000204469,PRRC2A,-2.426386018955962,-5.155203445199559,0.02544318902750416,0.14456352558574984,0.9817258883248732,1
ENSG00000136541,ERMN,-2.4512663334048748,-1.3888962717977955,0.0241553299178268,0.14206363625153828,0.001001001001001,0.00287341924829051
ENSG00000161955,TNFSF13,-2.6775181496447784,-1.3298503972944875,0.014949700807618021,0.10964679543011906,0.001,0.00287341924829051
ENSG00000166704,ZNF606,-2.595925249040578,-0.9051804152709368,0.01779997398306883,0.12194875792655668,0.1811811811811812,0.2737161551795698
ENSG00000150656,CNDP1,-2.4823720575213923,-1.5451053917458222,0.02263104803562196,0.13655736310421293,0.00106157112526539,0.00291720122000614
ENSG00000068976,PYGM,-2.493473881148261,-2.4027135818347483,0.02210922340325782,0.13478634990419833,0.847,1
ENSG00000244754,N4BP2L2,-2.6261946561874465,-1.3313424990827067,0.01668719542807412,0.11694649814288594,0.001,0.00287341924829051
ENSG00000103811,CTSH,-2.804223287903642,-0.9099440645144146,0.01136767086825777,0.0932043754985394,0.001,0.00287341924829051
ENSG00000051128,HOMER3,-2.501329538599137,-1.5581149948998476,0.02174683024301532,0.13358546201906588,0.0531062124248497,0.09320026505626658
ENSG00000124440,HIF3A,-2.6522279769091317,-1.6598608414535765,0.01578320773446749,0.11359509697685412,0.887,1
ENSG00000141433,ADCYAP1,2.6870809872496206,1.241172604639474,0.01464557548613944,0.10829776278059694,0.001,0.00287341924829051
ENSG00000185985,SLITRK2,-2.6052634676273834,-1.035617554626983,0.0174493958063887,0.1204790642226682,0.001,0.00287341924829051
ENSG00000174460,ZCCHC12,2.570676881630307,1.3462927039910246,0.01878151348881703,0.12436067566175768,0.001187648456057,0.00310392174549244
ENSG00000172379,ARNT2,-2.4912204761650267,-5.158230858510739,0.02221421868815323,0.1351937501605477,0.9219765929778934,1
ENSG00000178904,DPY19L3,-2.5709300773443955,-1.1737607618066324,0.0187714213438841,0.12436067566175768,0.001,0.00287341924829051
ENSG00000108679,LGALS3BP,2.6774516758316955,0.9353263149246288,0.01495183574047078,0.10964679543011906,0.001,0.00287341924829051
ENSG00000168672,LRATD2,2.5519011440202513,1.15369613076597,0.01954433789561123,0.12646262802639327,0.001,0.00287341924829051
ENSG00000138032,PPM1B,-2.564308365184505,-0.816964742788126,0.01903704831557154,0.12481313615412223,0.001,0.00287341924829051
ENSG00000197921,HES5,-2.4226276776645883,-1.4855004372496186,0.02564321959972318,0.14509310514731552,0.001,0.00287341924829051
ENSG00000015676,NUDCD3,-2.451508055090754,-2.0671437663234458,0.02414312250945195,0.14206363625153828,0.5386965376782077,0.7078248524350484
ENSG00000153885,KCTD15,-2.6326140785747336,-0.8811750128247186,0.01645983033475178,0.1167655228462254,0.024,0.04622388059701492
ENSG00000130540,SULT4A1,2.576628427402873,0.8720210633659005,0.01854564079568565,0.12436067566175768,0.00539956803455723,0.01187674872373846
ENSG00000091129,NRCAM,-2.65545022374991,-1.0917516576130293,0.01567460664523038,0.11330501374980818,0.001,0.00287341924829051
ENSG00000107341,UBE2R2,2.664564020635026,0.7585694263924506,0.01537126965811666,0.11154979912584528,0.01,0.02082716879623403
ENSG00000134030,CTIF,2.6730837112332,0.7952917543694349,0.0150927585273062,0.11045155104074088,0.001,0.00287341924829051
ENSG00000108773,KAT2A,-2.539599092282677,-1.1777832468990914,0.02005989668010607,0.12825298563345797,0.164,0.2509426877470356
ENSG00000006118,TMEM132A,-2.627650050529165,-1.6358538706049188,0.01663538827317958,0.11690981203095648,0.355,0.4959111411817771
ENSG00000011295,TTC19,2.571295950906066,0.8425355133728689,0.01875684701294272,0.12436067566175768,0.00100603621730382,0.00287341924829051
ENSG00000197442,MAP3K5,-2.507252032062186,-1.227462994066708,0.02147731548056232,0.13299414586040517,0.001,0.00287341924829051
ENSG00000166839,ANKDD1A,-2.629684419745535,-1.1165587907703034,0.01656322706667024,0.11686643480108765,0.001,0.00287341924829051
ENSG00000109654,TRIM2,2.6512102501870736,0.9573691524655914,0.0158176569448189,0.11359509697685412,0.008,0.01702817869415807
ENSG00000101557,USP14,2.5576025336943933,0.8125966689260011,0.01930966343752786,0.1257257865730215,0.02416918429003021,0.04652079785346399
ENSG00000167702,KIFC2,2.663684532388712,0.8396359987079095,0.01540029694312206,0.11154979912584528,0.001,0.00287341924829051
ENSG00000152767,FARP1,-2.606913363930485,-0.7008153673181974,0.01738813832418348,0.12029059754737868,0.001,0.00287341924829051
ENSG00000133943,DGLUCY,-2.56062453616129,-0.9774783021676492,0.01918635568984969,0.12538389640857495,0.001,0.00287341924829051
ENSG00000174136,RGMB,2.680783258522556,0.7880526970413697,0.01484519182275277,0.1093174000752398,0.001,0.00287341924829051
ENSG00000176945,MUC20,-2.401899341957428,-1.5583829775822242,0.02677308573175328,0.1496873513789428,0.00147492625368731,0.0037106796163035
ENSG00000104341,LAPTM4B,-2.5173081215552746,-1.139408444619307,0.02102687417449398,0.13146306984368825,0.001,0.00287341924829051
ENSG00000169006,NTSR2,-2.6028396714407305,-1.0126715417126448,0.01753975734179327,0.12063266117404228,0.001,0.00287341924829051
ENSG00000111676,ATN1,-2.7327973901942215,-0.4920116661734078,0.01327129474422466,0.10065722908788811,0.001,0.00287341924829051
ENSG00000219200,RNASEK,2.593963666796346,0.8619257915694328,0.01787445849737757,0.12198715221138992,0.035,0.06455926146515784
ENSG00000188153,COL4A5,-2.4467223718020317,-0.8301029249423558,0.02438588671642627,0.14206363625153828,0.001,0.00287341924829051
ENSG00000117395,EBNA1BP2,2.453327546285687,0.8593238008049602,0.02405141992282299,0.14206363625153828,0.00175746924428822,0.00434041646695425
ENSG00000277363,SRCIN1,2.5649087723627364,1.0451559706052016,0.01901281771938093,0.12481313615412223,0.001,0.00287341924829051
ENSG00000141756,FKBP10,-2.4404314126088837,-1.3650693967670822,0.02470848561228903,0.14211629259069244,0.037,0.06771174952993135
ENSG00000110274,CEP164,-2.4158118579930052,-1.1256831172573274,0.02600973106807862,0.1464649720876542,0.00100806451612903,0.00287341924829051
ENSG00000120727,PAIP2,2.5152489497767485,0.831582808229961,0.02111838058354586,0.13146306984368825,0.001,0.00287341924829051
ENSG00000090487,SPG21,2.518121399161859,1.0845468301324614,0.02099083624688561,0.13146306984368825,0.00100300902708124,0.00287341924829051
ENSG00000115306,SPTBN1,2.654375309606461,0.5528831914446054,0.01571075591222671,0.1133350253383035,0.001,0.00287341924829051
ENSG00000114698,PLSCR4,-2.5333144202443427,-1.0912578398276205,0.02032819786661887,0.12908921372793938,0.001,0.00287341924829051
ENSG00000108830,RND2,2.631773591884471,0.7727847601118477,0.01648943092630992,0.1167655228462254,0.001,0.00287341924829051
ENSG00000089486,CDIP1,-2.571203421131845,-0.889965086239794,0.01876053186518302,0.12436067566175768,0.007,0.01505486111111111
ENSG00000167972,ABCA3,-2.4759868332587676,-1.1507909078433762,0.02293638945195138,0.13746309888123823,0.00100200400801603,0.00287341924829051
ENSG00000091513,TF,-2.6320215926729644,-0.8646150232396524,0.01648069149034511,0.1167655228462254,0.001,0.00287341924829051
ENSG00000080493,SLC4A4,-2.5888180738902387,-1.5554511646184686,0.01807124872041484,0.12285674274032513,0.001,0.00287341924829051
ENSG00000115649,CNPPD1,2.516616939701417,0.8020811468230703,0.02105754755284249,0.13146306984368825,0.003,0.00685538971905519
ENSG00000072134,EPN2,2.5791154078214835,0.8476208596419591,0.01844790784681975,0.12436067566175768,0.001,0.00287341924829051
ENSG00000171798,KNDC1,-2.640608656256769,-1.3041767011596317,0.01618078278885417,0.1155490577381482,0.54,0.7089359898261975
ENSG00000139163,ETNK1,2.451668366978304,0.869112640417499,0.02413502963778386,0.14206363625153828,0.001001001001001,0.00287341924829051
ENSG00000196739,COL27A1,-2.547088347358539,-0.9489058687014752,0.01974452839788075,0.12698320046556222,0.005,0.01102135231316726
ENSG00000100647,SUSD6,2.4442933827912534,0.7338036028794939,0.02450997475507917,0.14206363625153828,0.00115207373271889,0.00303141236213289
ENSG00000077157,PPP1R12B,2.5947323967468012,0.7423760286129586,0.01784523348620394,0.12198715221138992,0.001,0.00287341924829051
ENSG00000072518,MARK2,2.51508721206692,0.7899080909359546,0.02112558380360337,0.13146306984368825,0.001,0.00287341924829051
ENSG00000182307,C8orf33,2.4259184382898886,1.0815194328527449,0.02546799547304006,0.14456352558574984,0.00105042016806722,0.00289942180080588
ENSG00000100884,CPNE6,-2.444672553315171,-0.8858854273399477,0.02449056549860583,0.14206363625153828,0.036,0.06612811387900355
ENSG00000142784,WDTC1,2.5242709548824145,0.6835279527743454,0.02072021278312814,0.13082173561112276,0.001,0.00287341924829051
ENSG00000187239,FNBP1,-2.574292874618191,-0.946796193137474,0.01863786824147063,0.12436067566175768,0.001,0.00287341924829051
ENSG00000185883,ATP6V0C,2.536863224775353,0.989502186391242,0.02017628186901095,0.1285330762230878,0.001,0.00287341924829051
ENSG00000126368,NR1D1,-2.4831888808719556,-1.6501005781671128,0.02259226388391394,0.13655736310421293,0.003,0.00685538971905519
ENSG00000138078,PREPL,2.5746084810574352,0.8263477640324666,0.01862538014886096,0.12436067566175768,0.181,0.2735758906783797
ENSG00000167674,HDGFL2,-2.2178038028803138,-2.677539214314783,0.03904062894803559,0.1894081401907863,0.9660194174757282,1
ENSG00000140688,RUSF1,2.558444553556434,0.7813871385663802,0.01927523127834141,0.1257257865730215,0.013,0.02638335517693315
ENSG00000198792,TMEM184B,-2.5848948260138704,-0.967246294789212,0.01822266580570193,0.12364881663562503,0.024,0.04622388059701492
ENSG00000266964,FXYD1,-2.545156181605671,-1.1983292921156816,0.01982544038889212,0.12698320046556222,0.393,0.5428728813559323
ENSG00000176871,WSB2,2.5331218689856443,0.6111446770512127,0.02033647127616888,0.12908921372793938,0.001,0.00287341924829051
ENSG00000219438,TAFA5,-2.5190086298801053,-0.7473463112806202,0.02095158760138011,0.13146306984368825,0.001,0.00287341924829051
ENSG00000250510,GPR162,2.502379964245661,1.1253420057985182,0.02169879780405139,0.13358546201906588,0.001,0.00287341924829051
ENSG00000162734,PEA15,-2.6310215606309657,-0.6595060170133829,0.01651595904741923,0.1167655228462254,0.001,0.00287341924829051
ENSG00000168003,SLC3A2,-2.6143316045295943,-0.6376006918432263,0.01711522071240276,0.1188668858104521,0.001,0.00287341924829051
ENSG00000169604,ANTXR1,2.530446208116609,0.7783232360628367,0.02045176597471328,0.1295367478608707,0.001,0.00287341924829051
ENSG00000012660,ELOVL5,-2.5454903913729616,-0.8341687212512128,0.01981142259021698,0.12698320046556222,0.001,0.00287341924829051
ENSG00000183023,SLC8A1,-2.4021918275203915,-1.5096159156601725,0.02675682474230132,0.1496873513789428,0.001001001001001,0.00287341924829051
ENSG00000141068,KSR1,2.425109931440847,0.9439868358116448,0.02551094232225576,0.14457561232868787,0.00440528634361233,0.00984355830170808
ENSG00000196358,NTNG2,-2.563646834920167,-0.7641344808826999,0.01906377940693962,0.12481313615412223,0.001,0.00287341924829051
ENSG00000110799,VWF,2.290330989832824,1.6341566483728838,0.03369242700158028,0.17320548104440836,0.00122549019607843,0.00316806605780876
ENSG00000167978,SRRM2,-2.2136721989481987,-2.584711528261264,0.03936760465972571,0.18997282793562464,0.9309644670050762,1
ENSG00000184787,UBE2G2,-2.4590645073571884,-0.7997273376749225,0.02376440748308386,0.14123075722329367,0.001,0.00287341924829051
ENSG00000123143,PKN1,2.42914375195774,0.8376178468735868,0.02529734235270825,0.14405657011783382,0.001,0.00287341924829051
ENSG00000088826,SMOX,-2.556101418838721,-0.6026147411677312,0.01937119153965632,0.1258949732724086,0.001,0.00287341924829051
ENSG00000166925,TSC22D4,-2.5689958173243372,-1.0606999175827123,0.01884864921463234,0.12453118919099608,0.336,0.4740738041002278
ENSG00000070614,NDST1,-2.5513866548489257,-0.6010507252632803,0.01956564657212408,0.12646262802639327,0.001,0.00287341924829051
ENSG00000111666,CHPT1,-2.4829236244496804,-1.067946112843852,0.02260485186205201,0.13655736310421293,0.001,0.00287341924829051
ENSG00000141013,GAS8,-2.4304494875521367,-0.9213368778809272,0.02522855954503386,0.14405657011783382,0.001,0.00287341924829051
ENSG00000120063,GNA13,-2.3899000781824964,-1.186883229791878,0.02744819289740855,0.1528639925198445,0.001,0.00287341924829051
ENSG00000159423,ALDH4A1,-2.296394981358977,-1.0258809273914158,0.03327737088313215,0.1725745939502988,0.00607287449392712,0.01318912504045744
ENSG00000183963,SMTN,-2.347960642130638,-1.0026697190761966,0.02993433201846352,0.1606475818324209,0.08608608608608609,0.14326093960699013
ENSG00000204843,DCTN1,2.5706142817409456,0.5613826925854415,0.01878400945201591,0.12436067566175768,0.001,0.00287341924829051
ENSG00000090060,PAPOLA,2.380029312389237,0.7935493652021345,0.02801540035050801,0.15432433598989018,0.00182149362477231,0.00448423351027015
ENSG00000170004,CHD3,2.4652199822122736,0.8278953843120525,0.02346002736491246,0.13988545900081722,0.001,0.00287341924829051
ENSG00000107249,GLIS3,-2.257628765408126,-1.2291458917779898,0.03601432367699594,0.18033953414673967,0.00121506682867557,0.00315164318962166
ENSG00000116350,SRSF4,-2.226285417905509,-4.49666029708601,0.03837718711429357,0.18723415531518983,1,1
ENSG00000134107,BHLHE40,-2.5706833470116734,-1.0748691136447737,0.01878125572100181,0.12436067566175768,0.001,0.00287341924829051
ENSG00000132535,DLG4,2.5537258116392443,0.6337645228563216,0.01946894171198461,0.1262985193110797,0.001,0.00287341924829051
ENSG00000054356,PTPRN,2.4531893287754736,0.7735618971649335,0.02405837463989348,0.14206363625153828,0.001,0.00287341924829051
ENSG00000130164,LDLR,-2.444155012906467,-2.010644859719067,0.0245170613173874,0.14206363625153828,0.861,1
ENSG00000156976,EIF4A2,2.444993812462406,1.0830611769004082,0.02447413190807403,0.14206363625153828,0.002,0.0047354740061162
ENSG00000165802,NSMF,-2.547890340717112,-1.436357966217435,0.01971103539418623,0.12698320046556222,0.933,1
ENSG00000006611,USH1C,2.3314757438233333,1.1836969693422608,0.03096759932266091,0.1644486308858545,0.00113507377979568,0.00300796425796425
ENSG00000158321,AUTS2,-2.5000358915027663,-0.6755473856164699,0.02180612169106492,0.13362851735251205,0.001,0.00287341924829051
ENSG00000121310,ECHDC2,-2.456903679854137,-0.7065528649153616,0.02387213209146691,0.14163331971185225,0.001,0.00287341924829051
ENSG00000135926,TMBIM1,-2.21717588920914,-1.7608375463247024,0.03909016106139604,0.1894081401907863,0.00776914539400666,0.0166512410278468
ENSG00000173250,GPR151,2.429389287863559,1.3541707449399385,0.02528439478410786,0.14405657011783382,0.001,0.00287341924829051
ENSG00000198932,GPRASP1,2.477361436783819,0.7080277647606376,0.02287033126231244,0.1372995141205266,0.001,0.00287341924829051
ENSG00000164062,APEH,2.4406093150534436,0.8241971686881473,0.02469930821878947,0.14211629259069244,0.045,0.08065104166666667
ENSG00000163430,FSTL1,-2.3505385145341577,-1.025008854336088,0.02977567538879939,0.16028182709289887,0.001,0.00287341924829051
ENSG00000164048,ZNF589,-2.1762763882305975,-1.3677368213333034,0.04244329234335642,0.1987577271949857,0.00176991150442477,0.0043676620949829
ENSG00000108175,ZMIZ1,-2.479092970207824,-0.571239072175228,0.02278737438731346,0.13703375225783412,0.001,0.00287341924829051
ENSG00000143772,ITPKB,-2.567333976922728,-1.3176270914082178,0.0189152399166448,0.12453118919099608,0.619,0.7933377734973869
ENSG00000118257,NRP2,-2.163264020560064,-6.187571352972255,0.04356401111046846,0.20053547968280916,1,1
ENSG00000078808,SDF4,2.4712179923864666,0.6653060244130734,0.02316695172155233,0.13861037668536882,0.001,0.00287341924829051
ENSG00000141504,SAT2,-2.4015364254209617,-0.8564861785546718,0.02679327520447479,0.1496873513789428,0.001,0.00287341924829051
ENSG00000177383,MAGEF1,2.3841837332893827,1.1481069353615985,0.02777535602682919,0.1539597981956635,0.095,0.15616507430997878
ENSG00000162738,VANGL2,-2.3384061238590443,-1.199231931055657,0.0305292396561058,0.1626444332438506,0.61,0.7835628369970966
ENSG00000133398,MED10,2.3384678629493685,1.197715927867888,0.03052536053449815,0.1626444332438506,0.00104602510460251,0.00289244620442319
ENSG00000159164,SV2A,2.4448722995453545,0.7786913114575548,0.02448034652830002,0.14206363625153828,0.001,0.00287341924829051
ENSG00000182103,FAM181B,-2.495267333901742,-0.914942923463456,0.02202599245585966,0.13451045737699127,0.001,0.00287341924829051
ENSG00000117592,PRDX6,-2.2333648405840667,-1.088333592233102,0.03783136925701357,0.1863681639893492,0.00100806451612903,0.00287341924829051
ENSG00000174306,ZHX3,-2.4402881770979605,-0.7542015783763214,0.02471587697229434,0.14211629259069244,0.001,0.00287341924829051
ENSG00000177807,KCNJ10,-2.5297904095252597,-1.1978758865349934,0.02048011823887283,0.1295367478608707,0.001,0.00287341924829051
ENSG00000163531,NFASC,2.508980097262042,0.8831551840236601,0.02139927021621024,0.13274293363540574,0.001,0.00287341924829051
ENSG00000137198,GMPR,-2.443584774425404,-1.5706839312181238,0.02454628610557352,0.14206363625153828,0.001,0.00287341924829051
ENSG00000105669,COPE,-2.143272745478996,-4.340541335628408,0.04533847605867217,0.20498691813628733,1,1
ENSG00000010282,HHATL,-2.516211485860957,-0.8813060974941099,0.02107556043398769,0.13146306984368825,0.001,0.00287341924829051
ENSG00000184702,SEPTIN5,2.488446916941496,0.6216035559359474,0.02234409292891639,0.1357076323609218,0.001,0.00287341924829051
ENSG00000166341,DCHS1,-2.27886607659356,-0.746039572396727,0.03449024755724857,0.1757761969032726,0.00157977883096366,0.00395839404489844
ENSG00000103266,STUB1,2.448045864827679,0.6914846428508313,0.02431852206816229,0.14206363625153828,0.001,0.00287341924829051
ENSG00000149428,HYOU1,-2.099513145152426,-4.783280809321691,0.04945431896216915,0.21598914644143416,1,1
ENSG00000162065,TBC1D24,2.3849765551993243,0.6490256380564832,0.02772976459439093,0.15394800343782555,0.001,0.00287341924829051
ENSG00000123159,GIPC1,-2.275726685957556,-0.9916662675399884,0.03471173237228326,0.17589264100518928,0.01886792452830188,0.03733799505696546
ENSG00000175931,UBE2O,2.3802729980108244,0.9756836013974012,0.02800126693298118,0.15432433598989018,0.002,0.0047354740061162
ENSG00000204314,PRRT1,2.397549282416417,0.7534118312277093,0.027016021373361,0.15069409087314123,0.001,0.00287341924829051
ENSG00000109501,WFS1,-2.434467624875606,-0.7734360805081684,0.02501798950172097,0.1433878945228086,0.68,0.8539983779399839
ENSG00000071537,SEL1L,-2.1748304158100535,-1.3371065807341802,0.04256651633761083,0.1987577271949857,0.00162074554294975,0.00403492680588054
ENSG00000139182,CLSTN3,2.4087143342678257,0.6697057942457938,0.02639658481574167,0.14834282594436346,0.004,0.00895733911785972
ENSG00000004468,CD38,-2.376718240594714,-0.8834962816277119,0.02820809702432984,0.15466421000027292,0.001,0.00287341924829051
ENSG00000109906,ZBTB16,-2.419228554231616,-1.046032345572821,0.02582539568839218,0.14589083178354884,0.112,0.1797222797927461
ENSG00000121057,AKAP1,-2.41602885273105,-0.6626136667138536,0.02599798747167377,0.1464649720876542,0.007,0.01505486111111111
ENSG00000023902,PLEKHO1,-2.3178952995629096,-0.7503434158872729,0.03184355344291111,0.16734401527417084,0.051,0.08999829059829059
ENSG00000170525,PFKFB3,-2.503572800938836,-1.7960056843208985,0.02164437429576435,0.13356162675191174,0.903,1
ENSG00000198794,SCAMP5,2.3820180749404707,0.6978280009850931,0.02790024876989267,0.15416954936499194,0.001,0.00287341924829051
ENSG00000177706,FAM20C,-2.3206999165680307,-0.6942026070777972,0.03166079356524026,0.16734401527417084,0.001,0.00287341924829051
ENSG00000136267,DGKB,2.356189792598523,1.1063347949577802,0.02943059281529133,0.15912528080533256,0.351,0.4911687617902873
ENSG00000172466,ZNF24,-2.2288409119849604,-0.99503354202853,0.03817933188924419,0.186783416507877,0.00100300902708124,0.00287341924829051
ENSG00000115295,CLIP4,-2.146724233874266,-1.2075500754721895,0.04502748813670643,0.20420917154957,0.00101112234580384,0.00287341924829051
ENSG00000135720,DYNC1LI2,2.4644369086048052,0.5241603903188298,0.023498545484327,0.13988545900081722,0.006,0.01304
ENSG00000108641,B9D1,2.2998313519558935,0.848518612101854,0.03304426759467395,0.1718690100151764,0.141,0.220655381505811
ENSG00000140488,CELF6,2.16755332438842,0.9710798269445544,0.04319163566200412,0.19984084927810655,0.00169204737732656,0.00418551975046355
ENSG00000130985,UBA1,-2.052375940382213,-2.5373623269614947,0.05426410159345933,0.2281004832707673,0.8226872246696035,0.9807014375680378
ENSG00000182118,FAM89A,-2.2461289260523127,-0.678381229291994,0.03686525715460274,0.1826248123658782,0.003,0.00685538971905519
ENSG00000129559,NEDD8,2.2861648632752134,0.8607285076385109,0.03398034737053498,0.17400348687645023,0.00102669404517453,0.00287341924829051
ENSG00000185129,PURA,2.338298383171593,0.8801010320793975,0.03053601019400357,0.1626444332438506,0.073,0.12347405789186236
ENSG00000104980,TIMM44,-2.0117056586518105,-4.41848044291532,0.05874859455223233,0.2386324792477144,1,1
ENSG00000158526,TSR2,2.362835509733374,0.6404769744902216,0.02902954203184021,0.15770343232634668,0.009,0.01897413206262763
ENSG00000141582,CBX4,2.304338747517265,0.8335526989956353,0.03274080065176905,0.1705410528067147,0.001001001001001,0.00287341924829051
ENSG00000106682,EIF4H,-2.0015506024136873,-4.194899131335055,0.05991902473060173,0.24172344600887397,1,1
ENSG00000169862,CTNND2,2.4320400005300624,0.5877906243686111,0.02514501155057654,0.14388308709554462,0.001,0.00287341924829051
ENSG00000189043,NDUFA4,-2.2526549245903986,-1.0609934491707762,0.03638012065983146,0.18113210749666497,0.00100200400801603,0.00287341924829051
ENSG00000163884,KLF15,-2.173955123706851,-1.134901769975744,0.04264126634988449,0.1987577271949857,0.412,0.5653362871067789
ENSG00000204388,HSPA1B,-1.9835413867159224,-5.985948202354672,0.06204615301192034,0.24472992646795305,0.992,1
ENSG00000214688,C10orf105,2.2932907839659076,0.899858570694385,0.03348924699342338,0.17266217299957146,0.001,0.00287341924829051
ENSG00000100401,RANGAP1,2.2818859220056016,0.7222793612553413,0.03427842783038721,0.17494840255797045,0.001,0.00287341924829051
ENSG00000101004,NINL,-2.294877383071908,-0.7766642255217693,0.0333807988775302,0.17266217299957146,0.001,0.00287341924829051
ENSG00000145362,ANK2,-2.367800837115576,-0.9045866121433832,0.0287332202233808,0.15657394774033043,0.001,0.00287341924829051
ENSG00000111783,RFX4,-2.3537508147104065,-0.8634447742502618,0.02957906532065388,0.15946582856279462,0.001,0.00287341924829051
ENSG00000213339,QTRT1,-2.316065789873245,-0.7076813096956655,0.03196329743003881,0.1677244436995518,0.015,0.03022446324007807
ENSG00000162105,SHANK2,2.246445487093048,0.8451211461510921,0.03684158762275218,0.1826248123658782,0.00101010101010101,0.00287341924829051
ENSG00000119707,RBM25,2.293991975626449,0.865677197852483,0.03344127866440136,0.17266217299957146,0.01,0.02082716879623403
ENSG00000105443,CYTH2,-2.3555253422951843,-0.7955918237741242,0.02947097239082387,0.15912528080533256,0.495,0.6627821011673152
ENSG00000110697,PITPNM1,2.328074969340725,0.7532480965095419,0.03118483252705387,0.16510714022544817,0.001,0.00287341924829051
ENSG00000105290,APLP1,2.4454548358430097,0.4763365074091713,0.02445056689027605,0.14206363625153828,0.002,0.0047354740061162
ENSG00000130822,PNCK,-2.0168630783588064,-1.994651820196622,0.05816205853757585,0.2373387227420434,0.9948717948717948,1
ENSG00000105373,NOP53,2.2137527764624303,1.0220236931196032,0.03936120380351195,0.18997282793562464,0.03280839895013123,0.06120940454732315
ENSG00000123384,LRP1,-2.479427271104313,-0.6442864199623717,0.022771390752506,0.13703375225783412,0.001,0.00287341924829051
ENSG00000006652,IFRD1,-1.9880607465460072,-4.447795933076415,0.0615061021663922,0.24395813423668664,1,1
ENSG00000136279,DBNL,2.376741659533215,0.6077082459876781,0.02820672977553738,0.15466421000027292,0.001,0.00287341924829051
ENSG00000126214,KLC1,-1.9469916903069624,-6.464687524154564,0.06657169548146646,0.25491561664362616,0.999,1
ENSG00000127241,MASP1,-2.2986045133137862,-0.8187031624460336,0.03312731535990203,0.1720483152562654,0.005,0.01102135231316726
ENSG00000058091,CDK14,2.2724077498851525,0.9084338752055048,0.034947310276356,0.17632959116645722,0.00101214574898785,0.00287341924829051
ENSG00000151729,SLC25A4,2.3833591297233347,0.7003075965097811,0.02782284912053989,0.15398208060148796,0.076,0.12778067318132466
ENSG00000112320,SOBP,-2.1803983615463514,-0.81816852916823,0.04209380945526993,0.1980030187125712,0.00168634064080944,0.00417473778144432
ENSG00000100097,LGALS1,2.3113842667599407,0.7049924884902237,0.03227161038443186,0.16884201474395516,0.001,0.00287341924829051
ENSG00000103111,MON1B,2.1908306034171683,0.7148892751380315,0.04122102997582141,0.1954875062940225,0.00122399020807833,0.00316683180820267
ENSG00000119508,NR4A3,-1.882011637314197,-3.9561372452308103,0.07534633369147915,0.27288007559838356,1,1
ENSG00000120251,GRIA2,-2.2268306634656967,-0.9406162790198151,0.03833489347119964,0.18723415531518983,0.00100401606425702,0.00287341924829051
ENSG00000119950,MXI1,-2.231917488586248,-1.001774243134628,0.03794237560845679,0.186396524833778,0.001,0.00287341924829051
ENSG00000149480,MTA2,-2.167436957110485,-0.7350251259868503,0.04320169961725403,0.19984084927810655,0.001085776330076,0.00293681161069466
ENSG00000137070,IL11RA,-2.009829188133089,-1.8883292846938775,0.05896331224750004,0.23908497835669695,0.8956043956043956,1
ENSG00000116667,C1orf21,-2.2192360891394607,-0.7536844338073261,0.03892786039169758,0.18913920645732896,0.001,0.00287341924829051
ENSG00000008853,RHOBTB2,-2.266637030519022,-0.9756920949900124,0.0353604287734845,0.1776548066889108,0.001,0.00287341924829051
ENSG00000131459,GFPT2,-2.2216626874069867,-1.116777573046718,0.03873748831044419,0.1887320269540486,0.001,0.00287341924829051
ENSG00000126457,PRMT1,2.2306673524807867,0.6714967924435282,0.03803849701385327,0.1866099119433079,0.00100401606425702,0.00287341924829051
ENSG00000138107,ACTR1A,2.2925025857814036,0.7173925192320703,0.03354324330303076,0.17268919735368451,0.003,0.00685538971905519
ENSG00000072195,SPEG,2.330201289461117,0.8333851927060054,0.03104884350177308,0.16463323904682678,0.001,0.00287341924829051
ENSG00000182979,MTA1,-2.377054545680118,-0.7579420926500289,0.02818846871419574,0.15466421000027292,0.007,0.01505486111111111
ENSG00000135766,EGLN1,2.3191987111463677,0.858049169981834,0.03175849684485244,0.16734401527417084,0.007,0.01505486111111111
ENSG00000130055,GDPD2,-2.272652813958663,-1.2381816606953306,0.03492986535347128,0.17632959116645722,0.001,0.00287341924829051
ENSG00000155093,PTPRN2,2.2564806958032237,1.030632442685638,0.03609845559289623,0.18033953414673967,0.00100704934541792,0.00287341924829051
ENSG00000167685,ZNF444,2.2683006302756894,0.6719767721188217,0.0352408743068654,0.1773056488564166,0.001,0.00287341924829051
ENSG00000171951,SCG2,2.2197679986858456,1.0750440344711127,0.03888605758081882,0.18913920645732896,0.071,0.12042004381161008
ENSG00000074410,CA12,-1.9306361460363128,-1.798291499408624,0.06869031420896686,0.2598660627149494,0.00101010101010101,0.00287341924829051
ENSG00000170581,STAT2,-1.866726049932467,-4.175786441426502,0.07755322762145507,0.27510565924512115,1,1
ENSG00000129538,RNASE1,2.293719526679523,0.9663233437197551,0.03345990927597156,0.17266217299957146,0.052,0.091450312322544
ENSG00000160678,S100A1,-2.2758909911031773,-1.5624150837337496,0.03470010814102854,0.17589264100518928,0.001,0.00287341924829051
ENSG00000130254,SAFB2,-2.276187500196918,-1.415309708391152,0.03467913985507838,0.17589264100518928,0.72,0.8926501200960769
ENSG00000125505,MBOAT7,2.28595321664203,0.7696599521202392,0.03399503470313483,0.17400348687645023,0.001,0.00287341924829051
ENSG00000205542,TMSB4X,2.370416642946059,0.6145422425168624,0.02857824719448695,0.15621011043653207,0.001,0.00287341924829051
ENSG00000196405,EVL,2.3618600390028264,0.5835963180918274,0.02908808922861115,0.15777949777601943,0.001,0.00287341924829051
ENSG00000256463,SALL3,-2.033985917055354,-1.8059503661874865,0.05625225369770285,0.2338886521078247,0.08,0.13392432432432433
ENSG00000049769,PPP1R3F,2.1739817916158843,0.7979443422553657,0.04263898713870535,0.1987577271949857,0.00100300902708124,0.00287341924829051
ENSG00000067082,KLF6,-1.8029885820715792,-3.1196812111322636,0.087379337567569,0.2933322052772413,0.9896157840083074,1
ENSG00000152154,TMEM178A,2.1269995059742297,0.8462887232363137,0.04683123949897207,0.20786497531999887,0.00103092783505154,0.00287379253389256
ENSG00000076344,RGS11,2.304579480616105,0.671877242460428,0.0327246656724278,0.1705410528067147,0.001,0.00287341924829051
ENSG00000166716,ZNF592,-2.024993692905285,-1.7057739569162045,0.05724806157770905,0.23523507437151445,0.9929078014184396,1
ENSG00000174996,KLC2,2.125026293454377,0.8293717974579575,0.047015250349244093,0.20830513540683843,0.00107758620689655,0.00292487684729064
ENSG00000179104,TMTC2,-2.090329965623169,-1.149492962196358,0.05035993543933106,0.21788446874016157,0.00114678899082568,0.00302264298262736
ENSG00000172375,C2CD2L,2.17385536549632,0.8434890743726297,0.04264979331548788,0.1987577271949857,0.00100300902708124,0.00287341924829051
ENSG00000131242,RAB11FIP4,-2.181209890079342,-0.6269722773152223,0.04202531437236317,0.19794370147195525,0.014,0.02832005225342913
ENSG00000196187,TMEM63A,-2.205359072254676,-0.6209785542787051,0.04003312802190263,0.19161802628862049,0.001,0.00287341924829051
ENSG00000165912,PACSIN3,-2.0213107753437405,-0.843775208632581,0.0576604635820525,0.23636840599316689,0.00250312891113892,0.00588624923143299
ENSG00000198435,NRARP,-2.0409200205326714,-1.8949583974074669,0.05549503219118546,0.232344449197611,0.8717434869739479,1
ENSG00000094914,AAAS,-2.1857410578130714,-0.7169216527897205,0.04164474129891027,0.19667423157432024,0.001,0.00287341924829051
ENSG00000126803,HSPA2,-2.277933367392277,-1.002494898764805,0.03455591390464455,0.17585782622162502,0.001,0.00287341924829051
ENSG00000141012,GALNS,-2.1330482635429155,-0.8414082638309237,0.04627123779117304,0.2061543701337546,0.00300601202404809,0.00685538971905519
ENSG00000139645,ANKRD52,2.2059460258847947,0.5842413194692416,0.03998580214369631,0.19161802628862049,0.002,0.0047354740061162
ENSG00000123908,AGO2,-2.1055537246605094,-0.7996146062726901,0.0488666885627205,0.2144805587226221,0.00100300902708124,0.00287341924829051
ENSG00000096746,HNRNPH3,-1.8747614822675096,-2.22096165628489,0.07638609590138556,0.27415681764971006,0.903825136612022,1
ENSG00000185339,TCN2,2.030802513627651,0.8735402291964799,0.0566029919690064,0.2342351232866584,0.00185185185185185,0.00455173427395649
ENSG00000135144,DTX1,-2.256507953602622,-0.8359094429313684,0.03609645601310488,0.18033953414673967,0.001,0.00287341924829051
ENSG00000132510,KDM6B,-1.986760151253241,-1.1475940923805066,0.06166108722614876,0.24404595598736928,0.496045197740113,0.6638945451171694
ENSG00000204842,ATXN2,-1.9124874795043072,-2.7066290296168174,0.07111107942057489,0.26513204558702763,0.8942731277533039,1
ENSG00000135924,DNAJB2,-2.286679959679392,-0.6077987803356785,0.03394462645529859,0.17400348687645023,0.001,0.00287341924829051
ENSG00000119421,NDUFA8,-2.1138795943424538,-0.8820245662758627,0.04806712143248661,0.21202209727754368,0.00109529025191675,0.00294966426972713
ENSG00000114867,EIF4G1,-1.774126996361305,-3.8692650730222544,0.0921751353102462,0.2995269075861395,1,1
ENSG00000131771,PPP1R1B,2.345480411853425,0.4894486258716065,0.03008771969524217,0.16101409726129548,0.001,0.00287341924829051
ENSG00000213619,NDUFS3,-2.137625601686787,-0.8867689719164921,0.04585151760621615,0.20532038453109777,0.001,0.00287341924829051
ENSG00000100823,APEX1,2.0909013559731746,0.7023100013444721,0.05030315158740586,0.21788446874016157,0.09746192893401016,0.1592821076034984
ENSG00000066032,CTNNA2,-2.1785202499652496,-0.6620515017764057,0.04225271834631356,0.1984869076692873,0.001,0.00287341924829051
ENSG00000185650,ZFP36L1,2.359453362300519,0.8892374396478986,0.02923300632512919,0.1583231015345682,0.001,0.00287341924829051
ENSG00000101182,PSMA7,2.15797521036603,0.6898366263409085,0.04402719009275454,0.20053547968280916,0.061,0.10501222901612008
ENSG00000149357,LAMTOR1,2.246197426361485,0.5750973862473425,0.03686013414392269,0.1826248123658782,0.097,0.1586946645536186
ENSG00000111077,TNS2,2.2833985793997056,0.6230346445065451,0.03417277806830415,0.17466086568244343,0.001,0.00287341924829051
ENSG00000110651,CD81,-2.3194364737471154,-0.914598005634593,0.03174300390277274,0.16734401527417084,0.001,0.00287341924829051
ENSG00000213593,TMX2,-2.2323820300403705,-0.5490062192913528,0.03790671449358192,0.186396524833778,0.001,0.00287341924829051
ENSG00000174282,ZBTB4,-2.241416013808504,-0.7496875333619173,0.03721930375018215,0.18360832017151135,0.065,0.11091184573002756
ENSG00000007516,BAIAP3,2.318055958613114,0.625992733317364,0.03183305794548481,0.16734401527417084,0.001,0.00287341924829051
ENSG00000150938,CRIM1,2.142381834381868,0.7519658634322914,0.04541906635311978,0.20498691813628733,0.05125628140703518,0.0903990338938428
ENSG00000117519,CNN3,-2.3065022402202207,-0.7973545466202134,0.0325960576642996,0.17028795906629676,0.001,0.00287341924829051
ENSG00000175161,CADM2,-2.2105865031171277,-0.9676799659396536,0.03961344315635926,0.19063969518997892,0.001,0.00287341924829051
ENSG00000134153,EMC7,2.1626557961131807,0.7967963041152014,0.04361705054401235,0.20053547968280916,0.002,0.0047354740061162
ENSG00000122390,NAA60,-1.9020248288355712,-1.097171144631496,0.07254072462330068,0.2676450485580531,0.12288613303269448,0.1953687648882211
ENSG00000148362,PAXX,2.1452425180371613,0.5704118004749605,0.04516075576885818,0.20455165848247528,0.001,0.00287341924829051
ENSG00000162599,NFIA,-2.1577942585806857,-0.5962622221047672,0.04404311650298553,0.20053547968280916,0.001,0.00287341924829051
ENSG00000105583,WDR83OS,2.070210941654126,0.9868130976886312,0.05239668024177522,0.22279596808687616,0.002,0.0047354740061162
ENSG00000254122,PCDHGB7,-2.1383135354254494,-0.7378148604366621,0.04578873763764793,0.20532038453109777,0.001,0.00287341924829051
ENSG00000170035,UBE2E3,2.1577433161952775,0.7311299114486873,0.04404760112739286,0.20053547968280916,0.323,0.45865703805593766
ENSG00000114796,KLHL24,-2.1502574046115583,-0.9043688092196296,0.044711153965247843,0.2030344965960357,0.001,0.00287341924829051
ENSG00000182578,CSF1R,2.2020465724412803,0.9466653268585424,0.04030117721011278,0.1921221664578997,0.001,0.00287341924829051
ENSG00000075240,GRAMD4,-2.1129777986242098,-1.0515030668404242,0.04815314760923125,0.21213737416902623,0.001,0.00287341924829051
ENSG00000040341,STAU2,-2.0564283190401578,-0.9994440970840704,0.05383460294525157,0.22726339598750375,0.47619047619047616,0.640922166345895
ENSG00000124788,ATXN1,2.2033544981714543,0.6060046139832047,0.04019514336980269,0.19210655321314177,0.001,0.00287341924829051
ENSG00000116604,MEF2D,-2.1827620214937102,-0.7908847004707092,0.04189459420067321,0.19759074921276237,0.559,0.7304738396624473
ENSG00000138002,IFT172,-1.9751790453857268,-1.0334293113198176,0.06305661701551853,0.24679175410935536,0.03393425238600212,0.06293076625116681
ENSG00000213699,SLC35F6,-2.136469178650138,-0.5564956644654829,0.04595722783365037,0.20553093558938085,0.034,0.06293962940824865
ENSG00000101160,CTSZ,2.142255866685616,0.6601011546983631,0.04543047169310715,0.20498691813628733,0.001,0.00287341924829051
ENSG00000241404,EGFL8,2.0710250289586396,0.7529585686381645,0.05231284233830188,0.22272067912234625,0.00109289617486338,0.00294834447173511
ENSG00000080603,SRCAP,2.091673871196459,0.8003540161320092,0.05022647243120623,0.21788446874016157,0.001,0.00287341924829051
ENSG00000170915,PAQR8,-2.0127058927058563,-0.9281669755382784,0.05863442821053921,0.23844218682173351,0.00101936799184505,0.00287341924829051
ENSG00000013441,CLK1,-2.019322734353302,-0.8852301550440749,0.05788418551166884,0.23672091061681136,0.00161812297734627,0.00403488475108005
ENSG00000243335,KCTD7,-2.092473499370022,-0.6915347579781553,0.05014721354687496,0.21788446874016157,0.004,0.00895733911785972
ENSG00000087250,MT3,-2.161482543204255,-1.6177200998846777,0.04371952902069523,0.20053547968280916,0.097,0.1586946645536186
ENSG00000013374,NUB1,2.074633025172755,0.8676335742247705,0.0519427335353204,0.2218371658272998,0.00100200400801603,0.00287341924829051
ENSG00000113645,WWC1,-2.1410274092129917,-0.7952338544668739,0.04554183519756719,0.2052279647198257,0.038,0.06914571092831961
ENSG00000123096,SSPN,-1.8241392026024537,-3.211242447384721,0.08400432510525557,0.2863747059892351,0.999,1
ENSG00000172987,HPSE2,-2.0744202257825286,-1.193676304970337,0.05196449669636229,0.2218371658272998,0.001,0.00287341924829051
ENSG00000155368,DBI,-1.976414954175079,-1.003743009893261,0.06290635620298327,0.24647601069797204,0.00113895216400911,0.0030096713753722
ENSG00000213722,DDAH2,2.1615894988222073,0.7458807351620503,0.04371017782766064,0.20053547968280916,0.001,0.00287341924829051
ENSG00000104960,PTOV1,2.252243656185602,0.6532585944181069,0.03641051963230533,0.18113210749666497,0.001,0.00287341924829051
ENSG00000165716,DIPK1B,2.1351248042177735,0.7863647969589901,0.04608039764778772,0.20582190223009347,0.001,0.00287341924829051
ENSG00000104112,SCG3,-1.9576695302217044,-1.0845727788964874,0.0652200969646142,0.2516444264146661,0.00165016501650165,0.00410486831815711
ENSG00000130764,LRRC47,2.176129943828073,0.8232655889058129,0.04245575730810138,0.1987577271949857,0.022,0.04282463859208045
ENSG00000130653,PNPLA7,-1.9733464411068085,-1.5657008144261502,0.06328001357562414,0.24739272415547545,0.5095669687814703,0.6778841201716738
ENSG00000104518,GSDMD,-1.9439930627039128,-1.0934630478809748,0.0669557173441689,0.25583485510639903,0.03115264797507788,0.05843715976911944
ENSG00000140022,STON2,-2.084273338966799,-0.7141631589875194,0.05096540993682837,0.21961007542122396,0.001,0.00287341924829051
ENSG00000076685,NT5C2,-2.045844026134553,-0.9716531697654732,0.05496290250414711,0.2306618491347027,0.001,0.00287341924829051
ENSG00000177542,SLC25A22,2.0621781827299666,0.7742095298666848,0.05323045377410027,0.22552902783237216,0.00100200400801603,0.00287341924829051
ENSG00000105223,PLD3,-1.8092740805000265,-3.7866805155337833,0.08636421379703962,0.2918912645697656,0.965,1
ENSG00000168140,VASN,-1.7761025107155897,-1.8518684331298172,0.09183973132659658,0.2987110453248899,0.9166666666666666,1
ENSG00000159461,AMFR,-1.9242010901079745,-1.6426701226333391,0.06954015879971465,0.26175477414302795,0.866,1
ENSG00000101363,MANBAL,2.015055963032778,0.7258358080588831,0.05836697490261821,0.2376273851782456,0.0010752688172043,0.00292114695340501
ENSG00000156381,ANKRD9,-1.9809368581023856,-0.8048134936597595,0.06235930872712866,0.2456915144732922,0.0841683366733467,0.14029566129028778
ENSG00000083123,BCKDHB,-2.0671034103540777,-1.0638439227763266,0.05271782284616275,0.22389272004929073,0.001,0.00287341924829051
ENSG00000100324,TAB1,-2.0286711005473355,-0.8112997622370256,0.05683892263443888,0.23436957388961877,0.001,0.00287341924829051
ENSG00000139637,MYG1,-1.98853639098648,-0.6817828569705024,0.06144950920352048,0.24395813423668664,0.00100502512562814,0.00287341924829051
ENSG00000133872,SARAF,2.095763936218423,0.6611908144148418,0.04982225706254389,0.21732812132454488,0.01,0.02082716879623403
ENSG00000107719,PALD1,1.9392029409267668,1.150880295954175,0.0675732567203622,0.2576366795516931,0.00106269925611052,0.00291771240795592
ENSG00000090316,MAEA,2.120391750307657,0.6424643072795484,0.04745002847327619,0.2098227226621027,0.021,0.04098109640831758
ENSG00000105722,ERF,-2.084642181560417,-1.4987759152199178,0.05092834963750689,0.21961007542122396,0.927,1
ENSG00000150764,DIXDC1,-1.882015050616012,-0.8918932729279088,0.07534584713541242,0.27288007559838356,0.00185185185185185,0.00455173427395649
ENSG00000197818,SLC9A8,-1.8709194769893085,-0.7874721409840764,0.07694219589434227,0.2745517621609807,0.01541425818882466,0.03101881586146197
ENSG00000089280,FUS,2.1616934694287595,0.6240729366579768,0.04370108936485879,0.20053547968280916,0.001,0.00287341924829051
ENSG00000072310,SREBF1,-2.1578717976821955,-2.0445690655203363,0.04403629128202639,0.20053547968280916,0.955,1
ENSG00000127220,ABHD8,-2.0798092107248913,-0.6626134688222796,0.05141589170893468,0.22101345683622167,0.001,0.00287341924829051
ENSG00000124006,OBSL1,-2.194365664350985,-0.578851857809228,0.04092905667263741,0.1945915687711164,0.845,0.9999301901445936
ENSG00000198752,CDC42BPB,2.106409433201574,0.7980623413160761,0.04878395872581407,0.21438310397870153,0.001,0.00287341924829051
ENSG00000108654,DDX5,2.2416883028825416,0.7137023598380261,0.03719876386164551,0.18360832017151135,0.292,0.41944526901669754
ENSG00000132879,FBXO44,-1.9767199954358312,-1.4915562928919988,0.06286931876698576,0.24647601069797204,0.03350253807106599,0.06227932797484476
ENSG00000166426,CRABP1,-1.852446901991733,-1.5443936020525022,0.07966600521615226,0.2785557655238019,0.001,0.00287341924829051
ENSG00000182944,EWSR1,2.0742364352675793,0.7971157775262261,0.05198329972802339,0.2218371658272998,0.009,0.01897413206262763
ENSG00000116584,ARHGEF2,2.0307578789250957,0.9365013532987624,0.05660792364014104,0.2342351232866584,0.001,0.00287341924829051
ENSG00000115977,AAK1,2.0333142524328673,0.7667946095506534,0.05632609267305886,0.2338886521078247,0.166,0.25337703302119274
ENSG00000184905,TCEAL2,2.1505696673209465,0.5463497618023037,0.04468329386437796,0.2030344965960357,0.001,0.00287341924829051
ENSG00000182326,C1S,-1.8687800302022168,-0.8428234688888839,0.07725340684451966,0.27473048899928576,0.00127064803049555,0.00326572361032757
ENSG00000198276,UCKL1,-1.795700659191763,-1.7025302235617092,0.08856936410142022,0.2950009516015265,0.7436823104693141,0.9157789723751354
ENSG00000187634,SAMD11,1.903403911535681,1.0337596141018144,0.07235083944436062,0.2676450485580531,0.001001001001001,0.00287341924829051
ENSG00000113140,SPARC,-2.331669263277325,-0.5012211762367539,0.03095528005327171,0.1644486308858545,0.001,0.00287341924829051
ENSG00000139437,TCHP,-1.8715422229039027,-0.9801236073629804,0.07685181690941861,0.2745517621609807,0.7124117053481333,0.8871679389312976
ENSG00000130066,SAT1,2.128441582960326,0.7995065904917926,0.04669717366178422,0.20752997378925936,0.001,0.00287341924829051
ENSG00000067141,NEO1,-1.9664093702320733,-0.8960419280943435,0.06413206276974609,0.24934771276667472,0.001,0.00287341924829051
ENSG00000112514,CUTA,2.103564668897195,0.5701464487905065,0.04905948207017628,0.21479441964470256,0.002,0.0047354740061162
ENSG00000124104,SNX21,-2.065022599592221,-0.9412442480055988,0.05293385305815442,0.2245409671041712,0.011,0.02268109187749667
ENSG00000046653,GPM6B,-2.212959804111214,-0.48500116566416696,0.03942423688500843,0.18998727489346923,0.001,0.00287341924829051
ENSG00000162664,ZNF326,1.9585733382097572,0.6612024944522747,0.0651068230310111,0.251481316440394,0.0036319612590799,0.00823439532896812
ENSG00000143013,LMO4,1.9013808417398397,0.9336286440564202,0.07262954574133458,0.2676939136480823,0.00302114803625377,0.00687977607961613
ENSG00000141258,SGSM2,-2.1639632179199206,-0.6190649766782647,0.04350311121132042,0.20053547968280916,0.604,0.7784386183936746
ENSG00000112658,SRF,-1.8803164343782792,-1.173459699045197,0.07558832255417827,0.2731977943743872,0.7764830508474576,0.9430462778331672
ENSG00000112531,QKI,-2.1887025002185427,-1.2186119278699044,0.04139771529788256,0.19603035773409097,0.339,0.4776537761601456
ENSG00000130724,CHMP2A,1.9978812996670996,0.606645100004291,0.06034704520405169,0.24234607042262027,0.089,0.14739732620320856
ENSG00000099991,CABIN1,2.0901241741329812,0.5915680588768565,0.05038040087470139,0.21788446874016157,0.001,0.00287341924829051
ENSG00000198840,MT-ND3,-2.2537862822645156,-0.8454874420483836,0.03629661665510716,0.1810741073132247,0.001,0.00287341924829051
ENSG00000084764,MAPRE3,2.169742250058891,0.6425053257736958,0.04300272601976641,0.19962733363304408,0.001,0.00287341924829051
ENSG00000016391,CHDH,-2.0365192093291893,-1.1474612760838014,0.05597454082860873,0.2338886521078247,0.001,0.00287341924829051
ENSG00000125462,MIR9-1HG,-2.0709934323146535,-2.6741970041330805,0.05231609402309205,0.22272067912234625,0.854,1
ENSG00000167815,PRDX2,2.209183530852264,0.5312011628266867,0.03972568321669573,0.1909204476981496,0.684,0.8579781287970839
ENSG00000162729,IGSF8,-1.568497609205162,-2.3535286810590668,0.13337724519821798,0.36932834532347414,0.983852364475202,1
ENSG00000186310,NAP1L3,-1.9894830662430592,-0.6120378827010843,0.06133701080149866,0.24395813423668664,0.001,0.00287341924829051
ENSG00000160710,ADAR,2.137618339791626,0.5524697686595953,0.04585218073520562,0.20532038453109777,0.036,0.06612811387900355
ENSG00000119865,CNRIP1,1.9510245614108497,0.7038733695321633,0.06605831297854625,0.25389967407517955,0.14870689655172414,0.2309655258880089
ENSG00000166912,MTMR10,-1.9049869553661112,-0.6635632804452561,0.0721334131144807,0.26725580465637094,0.00102986611740473,0.00287341924829051
ENSG00000144566,RAB5A,-2.033779007018278,-0.7713889925429964,0.05627499092233562,0.2338886521078247,0.001,0.00287341924829051
ENSG00000171735,CAMTA1,-1.9722914349584009,-0.7921689628241932,0.06340894026576992,0.24762344699157335,0.149,0.2310731096644967
ENSG00000198816,ZNF358,2.099767049857403,0.5991777826398162,0.04942949062182326,0.21598914644143416,0.168,0.2561772525849335
ENSG00000166886,NAB2,-1.6581729430677328,-1.9010396783386112,0.1138089231749808,0.3390338148745013,0.9988165680473372,1
ENSG00000019505,SYT13,2.029020898349884,0.7715151264148036,0.05680014223688465,0.23436957388961877,0.002,0.0047354740061162
ENSG00000156299,TIAM1,-1.886350424776169,-0.7870539832729171,0.0747300852208408,0.27206618009718875,0.00108108108108108,0.00292922844103946
ENSG00000129219,PLD2,-1.9525129478445968,-0.7076447959631467,0.0658697343067334,0.2536685315991589,0.892,1
ENSG00000152092,ASTN1,-2.093669259849726,-0.5352513598152391,0.05002890145058177,0.21788446874016157,0.001,0.00287341924829051
ENSG00000258947,TUBB3,-1.9980134249829,-0.8147791508577632,0.06033158551897061,0.24234607042262027,0.001,0.00287341924829051
ENSG00000062598,ELMO2,-2.021256843660787,-0.8599799082337712,0.05766652246132196,0.23636840599316689,0.001,0.00287341924829051
ENSG00000173436,MICOS10,-1.992981740531184,-0.8120323271640613,0.06092284203429297,0.24354210583438657,0.016,0.03205174644243208
ENSG00000164924,YWHAZ,2.082036317923851,0.8541169826637574,0.05119070286013584,0.22031284268602813,0.026,0.04968623801905949
ENSG00000184900,SUMO3,2.104049719342723,0.5789943229313905,0.04901240403840638,0.21479441964470256,0.001,0.00287341924829051
ENSG00000113742,CPEB4,-2.0207448131073473,-0.8178480664481272,0.05772407430380839,0.23636840599316689,0.001,0.00287341924829051
ENSG00000135063,ENTREP1,-2.1333478457002246,-0.5492661074686757,0.04624366101615049,0.2061543701337546,0.001,0.00287341924829051
ENSG00000152578,GRIA4,1.9852592007034888,1.0169367380258865,0.06184038157828442,0.24433079122930473,0.002,0.0047354740061162
ENSG00000167671,UBXN6,2.111243294422311,0.5623517786568053,0.04831900235411435,0.21260361035810316,0.002,0.0047354740061162
ENSG00000187079,TEAD1,-1.8278142602609415,-0.7796959966624091,0.08342966288560714,0.2860676340182193,0.00128534704370179,0.00329257220375886
ENSG00000112851,ERBIN,-1.9779480985620144,-0.8387749272495086,0.06272040217873066,0.24647601069797204,0.001,0.00287341924829051
ENSG00000184925,LCN12,-1.921437071481455,-0.8249315037843438,0.06990804326038541,0.26286017964786107,0.622,0.7956769929781082
ENSG00000005206,SPPL2B,-1.986718596998396,-1.6706526960032282,0.06166604477941714,0.24404595598736928,0.991,1
ENSG00000116337,AMPD2,-1.658309331510818,-2.463435422085194,0.1137811250512616,0.3390338148745013,0.9375639713408394,1
ENSG00000164713,BRI3,2.0534052869499164,0.6133614788141745,0.05415471276836281,0.22808084735498343,0.001,0.00287341924829051
ENSG00000160714,UBE2Q1,1.988809036211772,0.7135733056256949,0.06141709042860086,0.24395813423668664,0.001,0.00287341924829051
ENSG00000154945,ANKRD40,1.9067981850071591,0.6982146779047408,0.07188535544297771,0.2669010280371866,0.00200601805416248,0.00474247168987879
ENSG00000124222,STX16,-2.1144771520916907,-0.42149096803922903,0.04801019468779317,0.21202209727754368,0.001,0.00287341924829051
ENSG00000164061,BSN,1.9177251663536337,0.655397429272617,0.07040480377959693,0.2636741133273062,0.00112485939257592,0.0029928604285289
ENSG00000143545,RAB13,1.887775870494626,0.6551374615043896,0.0745285986095321,0.27206618009718875,0.00125944584382871,0.0032450114628432
ENSG00000168913,ENHO,-2.033597228455479,-0.868379449960439,0.05629497328423545,0.2338886521078247,0.069,0.11722051563357104
ENSG00000148343,MIGA2,-1.8862976970077203,-0.6170530721090356,0.07473754749705383,0.27206618009718875,0.00100200400801603,0.00287341924829051
ENSG00000149091,DGKZ,-1.8047718120252012,-1.0460182986275437,0.08709028957814115,0.29298101863954523,0.6931407942238267,0.8687402022303485
ENSG00000145423,SFRP2,1.6490654083768788,1.182452919857916,0.11567830170126454,0.3416594302415377,0.00101522842639593,0.00287341924829051
ENSG00000121067,SPOP,1.8736246026616732,0.7904326097453584,0.07655028025284112,0.27415681764971006,0.04521276595744681,0.0809855038578443
ENSG00000067836,ROGDI,-2.0095528268113867,-0.6704373179995587,0.05899499465944471,0.23908497835669695,0.001,0.00287341924829051
ENSG00000100393,EP300,-1.9699280785281572,-0.8007551966387202,0.06369860476982478,0.24848068072105656,0.001,0.00287341924829051
ENSG00000173273,TNKS,1.94838472672098,0.703314289260064,0.06639396263400617,0.25451019009702364,0.001,0.00287341924829051
ENSG00000121966,CXCR4,-1.9926250987384533,-0.96293858890509,0.06096494600050947,0.24354210583438657,0.001,0.00287341924829051
ENSG00000114331,ACAP2,-1.87867924793188,-0.8089563381064201,0.07582267986726024,0.2737654761364279,0.00100200400801603,0.00287341924829051
ENSG00000187742,SECISBP2,1.9185674310948189,0.5740773487072358,0.07029181070403001,0.2636741133273062,0.00101214574898785,0.00287341924829051
ENSG00000185813,PCYT2,-1.795227934934252,-0.714751614820821,0.08864703927097026,0.2950009516015265,0.11913357400722022,0.189987991091844
ENSG00000166922,SCG5,1.943989192962451,0.7895323795429088,0.06695621419639523,0.25583485510639903,0.137,0.2149387031408308
ENSG00000102878,HSF4,1.8606573440716696,0.7281533607290924,0.07844507062716578,0.2759209932089585,0.00100704934541792,0.00287341924829051
ENSG00000157227,MMP14,1.932848078520851,0.7324686804063736,0.06840033220591843,0.2593939793076693,0.006,0.01304
ENSG00000099814,CEP170B,1.916451583572398,0.7176254546233787,0.07057596559475143,0.26369205710612825,0.0097879282218597,0.02050961684918776
ENSG00000157916,RER1,-1.696596423526722,-0.9392289316479407,0.10620295935886456,0.3266672685314083,0.00104275286757038,0.0028859746477797
ENSG00000182196,ARL6IP4,-1.6324233084756965,-2.2348950765835784,0.11916158928886338,0.347955770207052,0.9969909729187564,1
ENSG00000141503,MINK1,-2.160588417663191,-0.4665047933254232,0.04379777437024807,0.20053547968280916,0.016,0.03205174644243208
ENSG00000128596,CCDC136,1.999339404539289,0.5387858506336396,0.0601766319392504,0.24234607042262027,0.001,0.00287341924829051
ENSG00000147027,TMEM47,-1.7957788336985496,-0.7541314187421562,0.0885565246555294,0.2950009516015265,0.00100806451612903,0.00287341924829051
ENSG00000005379,TSPOAP1,-2.0761536816441906,-0.6314867867236746,0.05178745438475252,0.22180309967447817,0.001,0.00287341924829051
ENSG00000117115,PADI2,-2.14018440855845,-0.8418540240874083,0.04561839954454048,0.20531178041519996,0.001,0.00287341924829051
ENSG00000184863,RBM33,-2.0187939265034847,-0.6421610624815499,0.05794382538248883,0.23672091061681136,0.055,0.09607163000564016
ENSG00000174903,RAB1B,1.829298306434038,0.8103907068237882,0.08319858203432344,0.28568536495013597,0.00121802679658952,0.00315667697827427
ENSG00000143850,PLEKHA6,2.0861541259727745,0.5883141468275997,0.05077668825643152,0.2193305241515615,0.001,0.00287341924829051
ENSG00000178252,WDR6,2.0416425038786707,0.5890156370776718,0.05541666529903741,0.23229092128898285,0.001,0.00287341924829051
ENSG00000163590,PPM1L,1.888462771996336,0.7362055940247295,0.07443167647020493,0.27206618009718875,0.3466933867735471,0.4867115036231884
ENSG00000179094,PER1,-1.9951526809567728,-2.2355851717384865,0.06066710880104876,0.24332162648482392,1,1
ENSG00000142089,IFITM3,2.0300670226783395,0.8655938770530264,0.05668430536076415,0.23427749076759233,0.001,0.00287341924829051
ENSG00000079337,RAPGEF3,-2.00489514533488,-0.52075176844064,0.05953125865049412,0.24070744079914405,0.107,0.17259322916666667
ENSG00000135472,FAIM2,2.077307998471153,0.5351888420121009,0.05166986360609075,0.22156738122611797,0.702,0.8773583535108959
ENSG00000170271,FAXDC2,-1.7292050943106647,-1.240925437631802,0.10009373938012853,0.31458032376611816,0.00125944584382871,0.0032450114628432
ENSG00000118946,PCDH17,-1.917214863538264,-0.7657902242992571,0.07047334116674162,0.2636741133273062,0.001,0.00287341924829051
ENSG00000162591,MEGF6,1.900134842710015,0.7937919300191604,0.07280167170318534,0.2679510891165476,0.001,0.00287341924829051
ENSG00000196586,MYO6,-1.8041996254082369,-0.9498504150834788,0.08718294569341634,0.29298101863954523,0.00101419878296146,0.00287341924829051
ENSG00000087111,PIGS,-1.7789843984103433,-0.72593165576553,0.09135234323072944,0.2976724928456703,0.10421545667447309,0.168893390539426
ENSG00000162923,WDR26,1.8511331956465171,0.8126686240099827,0.07986290142012341,0.2789237256902577,0.03889457523029682,0.07069043397196553
ENSG00000242265,PEG10,2.027446666897632,0.5395955960764615,0.05697485721876777,0.2343943072719555,0.001,0.00287341924829051
ENSG00000132692,BCAN,-1.9096237129716005,-2.7338964372072834,0.07149989153407327,0.2660216552664785,1,1
ENSG00000204389,HSPA1A,-1.5890711032795777,-3.764887780981255,0.12865447694357598,0.3616081777972712,0.999,1
ENSG00000170558,CDH2,-1.7559434701463463,-0.8236585813696272,0.09531257065680038,0.3049657861484977,0.001,0.00287341924829051
ENSG00000105698,USF2,2.0521496836809807,0.6565163660940805,0.0542881726135677,0.2281004832707673,0.001,0.00287341924829051
ENSG00000140931,CMTM3,1.83133696923171,0.9816408576186328,0.08288205530791626,0.28529469378099065,0.001001001001001,0.00287341924829051
ENSG00000186866,POFUT2,-1.714885102805814,-0.747819684606774,0.10273831918633704,0.31892999698335306,0.08640406607369759,0.14371288540829294
ENSG00000185722,ANKFY1,-1.9269429060805068,-0.6633462808355793,0.06917692719947656,0.26094214711453245,0.001,0.00287341924829051
ENSG00000099331,MYO9B,1.9426196302093424,0.721934010082676,0.06713226414061439,0.256231120243595,0.001,0.00287341924829051
ENSG00000109472,CPE,-2.190747886957818,-0.4531187271767112,0.04122788458544178,0.1954875062940225,0.001,0.00287341924829051
ENSG00000111737,RAB35,1.9337275121279665,0.6350607721952197,0.06828534177385528,0.2593939793076693,0.001,0.00287341924829051
ENSG00000109572,CLCN3,-1.7303197507767136,-1.3367876390894515,0.09989036905639732,0.31458032376611816,0.00112739571589627,0.00299703393315946
ENSG00000136193,SCRN1,1.9896349433764744,0.8510720127429128,0.06131897960260054,0.24395813423668664,0.001,0.00287341924829051
ENSG00000133142,TCEAL4,1.9644808149056308,0.6434116371799709,0.06437074964307059,0.24972748656709312,0.001,0.00287341924829051
ENSG00000189058,APOD,2.0274249365608012,0.7069261598303856,0.05697727232104847,0.2343943072719555,0.001,0.00287341924829051
ENSG00000173120,KDM2A,-1.7099377431061336,-1.099882077464592,0.10366584194393684,0.32081316119941533,0.7904761904761904,0.955171580922654
ENSG00000127616,SMARCA4,2.005439050280752,0.5748718338084188,0.05946841139640006,0.24070744079914405,0.001,0.00287341924829051
ENSG00000240184,PCDHGC3,-1.9849616573472944,-0.756605789766056,0.06187597959703171,0.24433079122930473,0.001,0.00287341924829051
ENSG00000143614,GATAD2B,-1.8341348339956591,-0.7129687098205375,0.08244937010843345,0.284358002847197,0.001,0.00287341924829051
ENSG00000178719,GRINA,-2.0783671020718915,-0.6372245064053854,0.05156218461456635,0.22137364594520487,0.001,0.00287341924829051
ENSG00000106723,SPIN1,1.977039841926047,0.8332594072875752,0.06283050463127739,0.24647601069797204,0.058,0.10023772321428571
ENSG00000070610,GBA2,-1.8972993684806845,-0.6864946763552012,0.073194717330093,0.26893743649708446,0.001,0.00287341924829051
ENSG00000186174,BCL9L,-1.8870588113701916,-0.6579732458750371,0.07462989483360281,0.27206618009718875,0.001,0.00287341924829051
ENSG00000063169,BICRA,-1.7973201904710474,-0.6339263609402009,0.08830370178811724,0.2950009516015265,0.09127382146439318,0.15092099576894058
ENSG00000183087,GAS6,1.8530182207301993,0.6326271598144221,0.07958050998238356,0.27853178493834246,0.001,0.00287341924829051
ENSG00000176749,CDK5R1,1.8617253562578409,0.626574920964728,0.0782874670376741,0.27591463507208125,0.0482897384305835,0.08599960892439165
ENSG00000101400,SNTA1,-2.0338618291833717,-0.899804971556678,0.0562658886504304,0.2338886521078247,0.698,0.8734165656565657
ENSG00000153944,MSI2,2.091230926716931,0.6747482308754676,0.05027042574289017,0.21788446874016157,0.642,0.8158963538233152
ENSG00000163888,CAMK2N2,1.864081541742968,0.7919715322889362,0.07794075581486334,0.27560718648520754,0.00102986611740473,0.00287341924829051
ENSG00000166813,KIF7,-1.730951003657358,-0.700676224914204,0.09977535425566296,0.31458032376611816,0.4152457372116349,0.5690336496214307
ENSG00000188186,LAMTOR4,1.8767966685987465,0.671492102503757,0.07609295584088592,0.27415681764971006,0.036,0.06612811387900355
ENSG00000067606,PRKCZ,1.8025344658252256,0.6617282058629188,0.0874530798342086,0.2933322052772413,0.03385416666666666,0.06281986468943479
ENSG00000105063,PPP6R1,1.8830784728793888,0.6101539005774583,0.07519439430065811,0.27288007559838356,0.376,0.5215134391118607
ENSG00000205517,RGL3,1.8804983978372476,0.787089760796814,0.07556231462308341,0.2731977943743872,0.001,0.00287341924829051
ENSG00000076604,TRAF4,-1.7596951877919644,-0.7277864143143501,0.09465777188546892,0.3039690190556037,0.096,0.1573912122816305
ENSG00000090581,GNPTG,-1.926160136478941,-0.9889779928253576,0.0692804552280765,0.26105465150834783,0.001,0.00287341924829051
ENSG00000106351,AGFG2,-1.6945958473944982,-0.7301866749647852,0.10658796027116064,0.32715299417716726,0.00945378151260504,0.01986320308313284
ENSG00000166228,PCBD1,1.8763364431562657,0.6322719170036367,0.07615915797958073,0.27415681764971006,0.062,0.1065560488346282
ENSG00000072832,CRMP1,1.9349864179612464,0.631644709467433,0.06812103223826028,0.2591672354327797,0.04,0.07248683440608543
ENSG00000165821,SALL2,-1.958649216361108,-0.5516259432701839,0.06509732123047232,0.251481316440394,0.001,0.00287341924829051
ENSG00000184194,GPR173,-1.7123402137145438,-0.7034432471600777,0.1032145362733384,0.3198476705863208,0.00102880658436214,0.00287341924829051
ENSG00000175182,FAM131A,-1.7647799459203448,-0.8996364741187929,0.09377653299348304,0.30264255656786154,0.00114285714285714,0.00301741566191694
ENSG00000179456,ZBTB18,1.8046849196603212,0.6451398250782114,0.08710435482043895,0.29298101863954523,0.064,0.10944671452236332
ENSG00000101460,MAP1LC3A,1.9946404461525593,0.46354762544668815,0.06072736245414578,0.24332162648482392,0.001,0.00287341924829051
ENSG00000171310,CHST11,-1.8250432402524897,-0.6428283511740044,0.08386264217642767,0.2863747059892351,0.001,0.00287341924829051
ENSG00000104823,ECH1,-1.9924242924196705,-0.3791214723622446,0.06098866399635824,0.24354210583438657,0.001,0.00287341924829051
ENSG00000135069,PSAT1,-1.9629441750597063,-0.7746103588470914,0.06456149799365234,0.2501934637784645,0.001,0.00287341924829051
ENSG00000163285,GABRG1,-1.5049209751169967,-1.7577684166304108,0.14889507536218136,0.39054671102469635,0.00100806451612903,0.00287341924829051
ENSG00000166405,RIC3,1.797781519633591,0.9064614617532186,0.08822815407340423,0.2950009516015265,0.4025374855824682,0.5540704857106241
ENSG00000138080,EMILIN1,-1.825402599612916,-0.6639785827853917,0.08380638060825295,0.2863747059892351,0.001,0.00287341924829051
ENSG00000130702,LAMA5,-1.9024435025562951,-0.5144280952330638,0.07248303111486189,0.2676450485580531,0.074,0.12489264305177113
ENSG00000204084,INPP5B,-1.8492601503834665,-0.6327345292652051,0.0801443693474255,0.2791262106475724,0.102,0.16573662119622243
ENSG00000128512,DOCK4,-1.8928881889217728,-0.9394984029370768,0.07380991163164764,0.27091679481792325,0.001,0.00287341924829051
ENSG00000188157,AGRN,1.9614072225908543,0.6153451566365857,0.06475278910368597,0.2506605235030117,0.001,0.00287341924829051
ENSG00000172932,ANKRD13D,1.861027410943452,1.0083830438153758,0.07839042932839198,0.2759209932089585,0.001,0.00287341924829051
ENSG00000186340,THBS2,-1.95236916800406,-0.8697554531973679,0.06588793028549582,0.2536685315991589,0.142,0.2219959616355376
ENSG00000155511,GRIA1,1.8198336539115696,0.8791248034630129,0.0846819772134945,0.28813022410201494,0.28762135922330095,0.4139234895513769
ENSG00000170677,SOCS6,1.7971181097824562,0.7028204952356955,0.08833681246272554,0.2950009516015265,0.13480885311871227,0.2122536950221921
ENSG00000103528,SYT17,-1.5572062219506526,-0.7155124144493902,0.1360303217515849,0.3729252319226886,0.00110132158590308,0.00295818989726092
ENSG00000169727,GPS1,-1.7968252401064808,-0.6681814790742543,0.08838481799503636,0.2950009516015265,0.013,0.02638335517693315
ENSG00000175662,TOM1L2,-1.9985677720788575,-0.8596527888951995,0.06026676126602802,0.24234607042262027,0.001,0.00287341924829051
ENSG00000171603,CLSTN1,2.0159814352303944,0.42372208784209087,0.05826195093675283,0.2374727620460053,0.494,0.6623021645021645
ENSG00000117118,SDHB,-1.7584228745797363,-0.6847143778674829,0.0948793948460243,0.30412924574173583,0.084,0.14009046849757675
ENSG00000165553,NGB,1.788615428631231,0.6669987307330187,0.08973979892748116,0.2959575119191232,0.001194743130227,0.00311195918781583
ENSG00000108344,PSMD3,1.9312784839460189,0.5289321926613026,0.06860599212849021,0.2598660627149494,0.001,0.00287341924829051
ENSG00000139910,NOVA1,-1.779850247286887,-0.716252420586499,0.09120634943267122,0.2976724928456703,0.001,0.00287341924829051
ENSG00000090372,STRN4,-1.6877244719188125,-0.7839285481668672,0.10791943771950815,0.32895924991609116,0.6203966005665722,0.794610534307144
ENSG00000253719,ATXN7L3B,1.9678306859833417,0.436296191659056,0.06395665981814047,0.24921285926936584,0.003,0.00685538971905519
ENSG00000175866,BAIAP2,-1.627261180921603,-0.9767931812160572,0.12025994706398643,0.34906764387837125,0.5745967741935484,0.7464455577505954
ENSG00000185236,RAB11B,1.967136648781785,0.5632413454400566,0.06404225661816895,0.2492721680676422,0.001,0.00287341924829051
ENSG00000204267,TAP2,1.719099346992386,0.6871293252268053,0.10195387381492066,0.3180925360804079,0.06418918918918919,0.10970966827754906
ENSG00000213465,ARL2,1.8481828759676704,0.575500528402251,0.08030664864855039,0.279416649816469,0.001,0.00287341924829051
ENSG00000254505,CHMP4A,-1.690989485973085,-0.7954005224815212,0.10728500640863772,0.32815500233108363,0.0010183299389002,0.00287341924829051
ENSG00000124422,USP22,1.8997809819528095,0.5362296438289299,0.07285062078465142,0.2679510891165476,0.056,0.09759819921215532
ENSG00000130813,SHFL,-1.6053796725625331,-1.1624290573729097,0.12501124321353865,0.3556544766765895,0.8170731707317073,0.9774296333198468
ENSG00000116649,SRM,1.6795416053184191,0.6132236395384991,0.10952358107489138,0.3308976848093583,0.00108108108108108,0.00292922844103946
ENSG00000143093,STRIP1,-1.6754060373678688,-0.8488389774531017,0.11034202464608948,0.33205730781346554,0.05386178861788618,0.09440291983564995
ENSG00000134982,APC,-1.8155726765591211,-0.5386290712617415,0.08535731341247377,0.2895934905239292,0.001,0.00287341924829051
ENSG00000167654,ATCAY,1.7598611469217709,0.6055475127284001,0.09462889670385866,0.3039690190556037,0.00175131348511383,0.00432866549353355
ENSG00000187189,TSPYL4,1.9064088668489916,0.6905231062275656,0.07193861088192734,0.2669010280371866,0.001,0.00287341924829051
ENSG00000221869,CEBPD,-1.744975114695732,-1.3591004331873962,0.09724943527006626,0.3097639386030348,0.7537688442211056,0.9240751879699248
ENSG00000151474,FRMD4A,-1.7916792609023924,-0.6565669965209595,0.08923203191836117,0.2953830439764816,0.001,0.00287341924829051
ENSG00000140526,ABHD2,-1.8078851216923697,-0.6433341339181954,0.0865876442125493,0.2923674316499997,0.001,0.00287341924829051
ENSG00000131016,AKAP12,-1.749336062278557,-0.8112060951079209,0.09647531420652772,0.3079677827535646,0.13453815261044175,0.21193522819661148
ENSG00000116396,KCNC4,-1.6685295139149985,-0.7664389807127717,0.11171446893584788,0.3350488136924413,0.2072072072072072,0.30926299793769674
ENSG00000137161,CNPY3,1.874085672947983,0.5034917161192569,0.07648365658568053,0.27415681764971006,0.001,0.00287341924829051
ENSG00000164398,ACSL6,-1.9331111416482891,-0.5895805283666422,0.06836591734519608,0.2593939793076693,0.001,0.00287341924829051
ENSG00000112576,CCND3,1.8139146243622009,0.8800895201630458,0.08562137232669742,0.2902113883073323,0.001,0.00287341924829051
ENSG00000160888,IER2,1.9195814481206943,0.8833066826819097,0.07015598967168149,0.2635127416936329,0.001,0.00287341924829051
ENSG00000146648,EGFR,-1.8216307391298845,-0.7170961183694937,0.08439855433397797,0.2874419994720673,0.001,0.00287341924829051
ENSG00000106829,TLE4,1.8501703452116132,0.5570537292829735,0.0800074831454833,0.2789237256902577,0.505,0.6741314655172413
ENSG00000130520,LSM4,1.785818671056404,0.5371510214964116,0.09020549626927243,0.29653036971883606,0.142,0.2219959616355376
ENSG00000103257,SLC7A5,1.8628396593099203,1.617628181709039,0.07812332933228205,0.2757691502176194,0.001,0.00287341924829051
ENSG00000189350,TOGARAM2,-1.9170408879401335,-0.6380700144998536,0.07049672086983597,0.2636741133273062,0.512,0.679958833619211
ENSG00000128567,PODXL,1.6277108399325582,1.2442917880411346,0.12016393267484916,0.34906764387837125,0.0010214504596527,0.00287341924829051
ENSG00000198888,MT-ND1,-2.0359680345790303,-0.6532694882858646,0.05603485831214627,0.2338886521078247,0.995,1
ENSG00000150672,DLG2,1.6733978932861515,0.9159463868450662,0.11074132288899675,0.33269360956134564,0.21914648212226068,0.32567018000606585
ENSG00000143878,RHOB,-2.055842919589149,-0.760604408792969,0.05389645754644358,0.22726339598750375,0.878,1
ENSG00000108797,CNTNAP1,-1.8504414427828615,-0.7169672181691401,0.07996675187918122,0.2789237256902577,0.058,0.10023772321428571
ENSG00000181045,SLC26A11,1.8746746544285595,0.5947525264884949,0.07639862433589481,0.27415681764971006,0.001,0.00287341924829051
ENSG00000130203,APOE,-2.124675564580771,-0.5122237710851327,0.04704802606591495,0.20830513540683843,0.001,0.00287341924829051
ENSG00000175215,CTDSP2,-1.7705954041435232,-0.582427702230607,0.09277738042144391,0.30065643316811924,0.002,0.0047354740061162
ENSG00000134243,SORT1,-1.8104644590516408,-0.8549478646214991,0.0861731278845028,0.2915236093284708,0.001,0.00287341924829051
ENSG00000171766,GATM,-1.8899173555488544,-0.6768007252767726,0.07422680123532724,0.27206618009718875,0.001,0.00287341924829051
ENSG00000167193,CRK,1.8290479852954056,0.4926135833886438,0.08323752022262573,0.28568536495013597,0.014,0.02832005225342913
ENSG00000173041,ZNF680,-1.6741167699499806,-0.6464155160752721,0.11059824039093262,0.332545812788356,0.00100200400801603,0.00287341924829051
ENSG00000197355,UAP1L1,-1.6792404790512954,-0.7310485569146317,0.10958299951478748,0.3308976848093583,0.937,1
ENSG00000214078,CPNE1,1.8116674990479669,0.5786820402722237,0.08598038451357534,0.2911496385727379,0.001,0.00287341924829051
ENSG00000038274,MAT2B,-1.6605500738210297,-0.8912978564652485,0.11332525290127211,0.338887471666958,0.00135135135135135,0.00343325277697714
ENSG00000124942,AHNAK,1.9505693584444057,0.5055148074747318,0.06611608312472701,0.25389967407517955,0.001,0.00287341924829051
ENSG00000160408,ST6GALNAC6,1.7951010664345368,0.5211280762468398,0.08866789562316875,0.2950009516015265,0.004,0.00895733911785972
ENSG00000072364,AFF4,-1.758751381821522,-0.5969685237302612,0.09482212952185796,0.30412924574173583,0.238,0.34999335232668566
ENSG00000070214,SLC44A1,-1.5391223149630262,-0.8696129568263805,0.1403710274366534,0.38099170818438793,0.00100502512562814,0.00287341924829051
ENSG00000172638,EFEMP2,-1.377484715300194,-0.8830733624926845,0.1844781740141254,0.4361960563137731,0.656203288490284,0.8291560932086535
ENSG00000105612,DNASE2,-1.6264490210462244,-0.7174421479237332,0.1204335296996387,0.34907983813103133,0.00119047619047619,0.00310606972359289
ENSG00000125124,BBS2,-1.8245652123639984,-0.6133767444860555,0.08393753378048237,0.2863747059892351,0.001,0.00287341924829051
ENSG00000197063,MAFG,1.785561803032056,0.6226216560244552,0.09024837339268924,0.29653036971883606,0.001,0.00287341924829051
ENSG00000034677,RNF19A,-1.760715300082506,-0.9179720802682394,0.0944804034583722,0.3039505804264799,0.001,0.00287341924829051
ENSG00000110711,AIP,1.7726902249639076,0.6199210607292958,0.09241973848131356,0.30004648368543785,0.003,0.00685538971905519
ENSG00000115204,MPV17,1.833203781591424,0.5438893505978164,0.08259313569810767,0.2845767379792776,0.425,0.5811147902869758
ENSG00000120709,FAM53C,-1.6567871007216544,-0.6799619590500314,0.11409170760028071,0.33929484771603174,0.0741869918699187,0.12514004020759162
ENSG00000129422,MTUS1,1.7022314270681551,0.6704538035227137,0.10512492995845606,0.32434886926206563,0.03200883002207505,0.05986192426229857
ENSG00000123200,ZC3H13,1.7357342532028024,0.532084137468457,0.09890754570358128,0.31335467520758936,0.01911468812877263,0.03772988472581826
ENSG00000126217,MCF2L,1.8694160700139884,0.715000826074793,0.07716077085169303,0.2746768345293434,0.001,0.00287341924829051
ENSG00000116786,PLEKHM2,-1.4406751099460329,-1.6096146592228786,0.16605976486098106,0.4127962174942129,1,1
ENSG00000198089,SFI1,1.625915087927293,0.7487254827408596,0.1205477624614737,0.3491252450028944,0.07692307692307693,0.12926249008723237
ENSG00000138668,HNRNPD,1.8463407723057528,0.6063363133804023,0.08058480918197634,0.2797566466533648,0.466,0.6304945391000437
ENSG00000167468,GPX4,1.8832468861240497,0.5414563995331367,0.07517043349662914,0.27288007559838356,0.001,0.00287341924829051
ENSG00000071626,DAZAP1,-1.5856724053725828,-0.8644372632194914,0.12942485209140586,0.3626762864776578,0.00101317122593718,0.00287341924829051
ENSG00000102760,RGCC,1.7806564847532749,0.5320741964285071,0.09107058919242728,0.2975756705900161,0.104,0.1686324607329843
ENSG00000143624,INTS3,1.7041197684046363,0.7181263621601083,0.10476577776031794,0.32352256741677954,0.011,0.02268109187749667
ENSG00000129353,SLC44A2,-1.906235740751684,-0.47294790078826177,0.07196230428444755,0.2669010280371866,0.001,0.00287341924829051
ENSG00000105516,DBP,-1.8538613727991144,-0.9481161620852764,0.07945448336353103,0.2783657567493837,0.926,1
ENSG00000187391,MAGI2,-1.6027742111954162,-0.7966320621007471,0.12558738982142478,0.35700684971708396,0.00102564102564102,0.00287341924829051
ENSG00000090238,YPEL3,-1.8244429289783817,-0.4740983681815662,0.08395670104988238,0.2863747059892351,0.003,0.00685538971905519
ENSG00000167619,TMEM145,-1.4934753614639906,-0.8658408353804278,0.1518414175692364,0.3939455611726417,0.7187039764359352,0.892114715439716
ENSG00000173581,CCDC106,1.629114164141056,0.6363761167142646,0.11986470189173208,0.34885848323789237,0.01363636363636363,0.02763862446454069
ENSG00000184985,SORCS2,-1.4128023459482075,-0.8094358504235831,0.17399160074643374,0.42398422483302073,0.06818181818181818,0.11595776546353152
ENSG00000156587,UBE2L6,1.7176470633163323,0.6124221581436357,0.10222362032736966,0.31844860439713574,0.048,0.08553279631760645
ENSG00000148297,MED22,1.6897993597731005,0.5741965412993884,0.10751589151378836,0.32829421357055033,0.387,0.5355402144772118
ENSG00000165424,ZCCHC24,-1.8471861171449155,-0.4869280838005616,0.08045705598822316,0.27966525251254803,0.001,0.00287341924829051
ENSG00000277443,MARCKS,1.9774322268054352,0.5053945089532205,0.0627829170246271,0.24647601069797204,0.113,0.18113923395445136
ENSG00000184226,PCDH9,-1.71937700628901,-0.6345471944839137,0.10190237127266435,0.3180925360804079,0.001,0.00287341924829051
ENSG00000126247,CAPNS1,1.7419772585599826,0.5376329012795475,0.09778469807662588,0.31066293237417164,0.299,0.42870509259259254
ENSG00000214253,FIS1,-1.6592616382413394,-1.0562816895686262,0.11358719083131362,0.33894341189933685,0.12654320987654322,0.20056515915437784
ENSG00000113721,PDGFRB,-1.788946054735147,-0.6799888069215545,0.08968488374551382,0.2959575119191232,0.001,0.00287341924829051
ENSG00000163344,PMVK,-1.445897004798162,-1.4987121755419852,0.16460692915089903,0.41109087362040614,1,1
ENSG00000154380,ENAH,1.8454455295874252,0.5726762914833577,0.08072029725571396,0.2797566466533648,0.012,0.02454689564068692
ENSG00000152102,FAM168B,1.6337676970268666,0.6768299913690894,0.11887693876330328,0.34769786713428585,0.7889237199582028,0.9541323701679032
ENSG00000178988,MRFAP1L1,1.675791045013697,0.604530316743491,0.11026561049070888,0.33205730781346554,0.001001001001001,0.00287341924829051
ENSG00000123240,OPTN,1.789185603871031,0.6151761613348882,0.08964511421353638,0.2959575119191232,0.001,0.00287341924829051
ENSG00000119408,NEK6,-1.7922689767554787,-1.053547677192135,0.0891345861254304,0.2953830439764816,0.858,1
ENSG00000213977,TAX1BP3,-1.7792360197663388,-0.5884227505264195,0.09130989556828668,0.2976724928456703,0.816,0.9772436194895592
ENSG00000115685,PPP1R7,-1.6808662650448258,-0.6719952305203675,0.109262525030832,0.330493478786684,0.001,0.00287341924829051
ENSG00000138756,BMP2K,-1.6074723585420372,-0.8314551163327156,0.1245501007805158,0.35523133233179816,0.605,0.7794030782029949
ENSG00000181722,ZBTB20,-1.8561133871674271,-0.43691911293699986,0.07911873211112325,0.27746391003722626,0.001,0.00287341924829051
ENSG00000134046,MBD2,1.7926917475085484,0.5172678349554073,0.08906478367845042,0.2953830439764816,0.003,0.00685538971905519
ENSG00000144560,VGLL4,-1.548438088503282,-0.7097595416695508,0.1381207704486794,0.3769058312243624,0.02112676056338028,0.04120250470074857
ENSG00000137509,PRCP,-1.588253258946014,-0.82349629189823,0.12883950321291818,0.3616081777972712,0.001,0.00287341924829051
ENSG00000007545,CRAMP1,1.6901005309093378,0.6565942568244696,0.1074574240045046,0.32829421357055033,0.106,0.17124778299426183
ENSG00000103496,STX4,-1.6594747148926248,-0.5856935805017058,0.11354383698771388,0.33894341189933685,0.001,0.00287341924829051
ENSG00000105397,TYK2,-1.645062672270999,-0.64189557892896,0.11650810423098903,0.3427505857027934,0.916,1
ENSG00000179115,FARSA,1.7829909285480312,0.568095540306188,0.09067848794053106,0.29711674772003793,0.001,0.00287341924829051
ENSG00000151176,PLBD2,-1.29802253613003,-1.109155754209935,0.20991780226188636,0.46470553475725096,0.9041095890410958,1
ENSG00000155366,RHOC,1.794052500213945,0.5074268366125587,0.088840436705195,0.29519026905234586,0.001,0.00287341924829051
ENSG00000063660,GPC1,-1.8869772358072132,-0.5744782437408472,0.07464142639904067,0.27206618009718875,0.001,0.00287341924829051
ENSG00000101198,NKAIN4,-1.7424400707065528,-0.9341745160004812,0.09770189796476464,0.31066293237417164,1,1
ENSG00000170989,S1PR1,-1.8299410034912913,-0.8964440801056551,0.0830986816284973,0.28568536495013597,0.001,0.00287341924829051
ENSG00000170549,IRX1,-1.0030757585312355,-1.5686875706831078,0.32851112596384624,0.5823755796616333,1,1
ENSG00000159335,PTMS,-1.162079866940141,-2.0187663677812138,0.2596869290110024,0.518355608884144,0.9977653631284916,1
ENSG00000079819,EPB41L2,-1.7051366341950016,-0.768008179811454,0.10457281184376677,0.3232084638312582,0.001,0.00287341924829051
ENSG00000103249,CLCN7,-1.8250981696350488,-0.5119652746269476,0.08385404025301381,0.2863747059892351,0.001,0.00287341924829051
ENSG00000100105,PATZ1,-1.610580503836282,-0.8458689013275535,0.12386783924744275,0.35496754580456497,0.635,0.8089654463183875
ENSG00000160221,GATD3,-1.4463494760797266,-0.639063947081691,0.16448153102237342,0.41109087362040614,0.06948640483383686,0.11791747713446178
ENSG00000149294,NCAM1,-1.9139143561263037,-0.4987014027597518,0.07091805296182317,0.2646909837626741,0.001,0.00287341924829051
ENSG00000136717,BIN1,1.8664615418927075,0.40926066847072096,0.0775919123619074,0.27510565924512115,0.001,0.00287341924829051
ENSG00000121413,ZSCAN18,1.8413387382277844,0.48655673603380223,0.08134439273057269,0.2810944771235985,0.001,0.00287341924829051
ENSG00000099256,PRTFDC1,-1.4357560966667742,-0.955620716274299,0.16743784996966893,0.4143760936239891,0.00101214574898785,0.00287341924829051
ENSG00000054148,PHPT1,1.8459640236760548,0.40087178258950246,0.08064180284145563,0.2797566466533648,0.001,0.00287341924829051
ENSG00000156639,ZFAND3,-1.77127272170309,-0.5021317580095116,0.09266161308725204,0.30055625783429185,0.001,0.00287341924829051
ENSG00000188042,ARL4C,-1.2774376678085215,-1.3368584231081804,0.21693757270578792,0.4725663484156832,1,1
ENSG00000172348,RCAN2,1.8066641915359112,0.6078328069978371,0.08678446155747029,0.29247436996818243,0.046,0.08230040439052572
ENSG00000117139,KDM5B,-1.4910417274697303,-0.6961027732934104,0.15247403369261148,0.3949013985744688,0.1,0.16291425565491846
ENSG00000182095,TNRC18,1.517894319379731,0.6220471731517319,0.1456126635306994,0.3864807906603273,0.06729264475743349,0.11457136933137524
ENSG00000155324,GRAMD2B,-1.7491307329271693,-1.06738128593016,0.0965116428166168,0.3079677827535646,0.001,0.00287341924829051
ENSG00000163702,IL17RC,-1.341476253857982,-0.7907777413185247,0.19568431829039284,0.45049889271648486,0.03703703703703703,0.06771174952993135
ENSG00000130956,HABP4,-1.482612919871066,-1.5552182104705456,0.15468185047074362,0.3974871018699029,0.9695550351288056,1
ENSG00000164125,GASK1B,-1.6242511449617032,-0.7065148319325745,0.1209043440763164,0.349586274872092,0.001,0.00287341924829051
ENSG00000130988,RGN,1.5792428055783418,0.6125897006188459,0.13089282418939738,0.3641966875717561,0.00109529025191675,0.00294966426972713
ENSG00000159069,FBXW5,-1.1841464906938035,-1.292935100434335,0.25105308817338956,0.5121362780341151,0.9968553459119496,1
ENSG00000147475,ERLIN2,-1.6834604737403485,-0.5863959770053075,0.1087528137498582,0.32979663210787474,0.001,0.00287341924829051
ENSG00000089053,ANAPC5,-1.6542366013185617,-0.5521930404550102,0.11461370545290732,0.3400014612346715,0.001,0.00287341924829051
ENSG00000118363,SPCS2,1.5676653085160908,0.63429813937085755,0.13357131856560428,0.36932834532347414,0.4723092998955068,0.63674814936781865
ENSG00000261609,GAN,-1.527454444674198,-0.601597517445515,0.1432323390390112,0.3831789613868411,0.1,0.16291425565491846
ENSG00000182149,IST1,-1.6628489728286295,-0.7647509001052962,0.11285916578310018,0.33790969163460766,0.001,0.00287341924829051
ENSG00000105325,FZR1,1.7909540011026868,0.5971941586819146,0.08935200237221354,0.2955040078453598,0.001,0.00287341924829051
ENSG00000107104,KANK1,-1.5036032754476742,-0.8512245990807727,0.14923185911382406,0.39054671102469635,0.8498759305210918,1
ENSG00000109062,NHERF1,-1.8186304255038617,-0.6222005420799018,0.08487220607396015,0.28831011440868776,0.092,0.15171671991480298
ENSG00000168490,PHYHIP,-1.203429825168948,-1.6234135681440554,0.2436870605685338,0.5068347437074262,0.9975579975579976,1
ENSG00000109956,B3GAT1,-1.6851234730677551,-0.5872028934229319,0.10842713707952478,0.32979663210787474,0.205,0.30626386878919437
ENSG00000100364,KIAA0930,-1.882546011217743,-0.4879953686104096,0.07527019400941902,0.27288007559838356,0.002,0.0047354740061162
ENSG00000225663,MCRIP1,1.6497084825664416,0.7887460283428659,0.11554545589545225,0.3416210390498262,0.001,0.00287341924829051
ENSG00000178573,MAF,1.7299961830746828,0.45568191776051026,0.09994936763805914,0.31458032376611816,0.001,0.00287341924829051
ENSG00000167004,PDIA3,1.5575717544662375,0.7936211501069163,0.13594374972405934,0.3729252319226886,0.00278551532033426,0.00654532697046677
ENSG00000171791,BCL2,-1.521125902519601,-0.5193214173739558,0.14480441165430624,0.3853472772949307,0.02,0.03925221799746514
ENSG00000044115,CTNNA1,-1.6602948918377962,-0.7263080922267993,0.11337709032336116,0.338887471666958,0.001,0.00287341924829051
ENSG00000135414,GDF11,1.729539637002041,0.6969692898214125,0.10003266425647382,0.31458032376611816,0.001,0.00287341924829051
ENSG00000163412,EIF4E3,1.6314763240266943,0.5397981440236215,0.11936244283334134,0.34825516681688223,0.00205973223480947,0.004858332620872
ENSG00000078295,ADCY2,-1.6870329376871969,-0.6546393757581636,0.1080542222124303,0.32908689172521766,0.001,0.00287341924829051
ENSG00000111726,CMAS,1.5955961183405962,0.6814302933944617,0.12718625876306833,0.359728744401829,0.03473053892215569,0.06421521136830817
ENSG00000128585,MKLN1,-1.6056771838132675,-0.6319398915279291,0.12494559630849672,0.3556544766765895,0.001001001001001,0.00287341924829051
ENSG00000176046,NUPR1,1.7846673895219474,0.6777774962835581,0.0903978096770636,0.2967460999779048,0.001,0.00287341924829051
ENSG00000108179,PPIF,-1.6780214032879055,-0.880517787265632,0.1098238298130548,0.3310604299556086,0.038,0.06914571092831961
ENSG00000011451,WIZ,1.6958844193847098,0.5022643820047185,0.10633984423970425,0.3266745258430463,0.001,0.00287341924829051
ENSG00000162909,CAPN2,-1.8729945746724364,-0.4798118859912589,0.0766414006021164,0.27420589993201644,0.001,0.00287341924829051
ENSG00000141002,TCF25,1.842201209178063,0.42776047630824887,0.08121297597384478,0.2809144149407795,0.001,0.00287341924829051
ENSG00000122965,RBM19,-1.643778128822447,-0.6790349283041892,0.11677547019248756,0.3432370615247616,0.001,0.00287341924829051
ENSG00000153234,NR4A2,1.681127804722895,0.8222674377834219,0.1092110452418674,0.330493478786684,0.001,0.00287341924829051
ENSG00000100505,TRIM9,-1.5728426133907984,-1.161136471889179,0.13236791569481904,0.3671473432976109,0.81,0.971937233630376
ENSG00000148450,MSRB2,-1.6086650577076669,-0.5329894849536291,0.1242879206185212,0.35523133233179816,0.005,0.01102135231316726
ENSG00000140497,SCAMP2,-1.524931050666526,-0.8776261482912391,0.1438574710877192,0.3834145878415839,0.9968684759916492,1
ENSG00000164880,INTS1,-1.532541497020535,-0.9861510786613968,0.14197894675394512,0.3828413937744216,0.9798994974874372,1
ENSG00000143393,PI4KB,1.5910004819006225,0.5851350126985755,0.1282188650140482,0.36095112745933583,0.002,0.0047354740061162
ENSG00000136485,DCAF7,1.6845565348801077,0.6923644635024984,0.10853807070553076,0.32979663210787474,0.096,0.1573912122816305
ENSG00000144406,UNC80,1.6501003032496009,0.624566068995563,0.11546457742115444,0.3416210390498262,0.00100200400801603,0.00287341924829051
ENSG00000188783,PRELP,1.3076816978426746,1.3483574395819355,0.20668571020934168,0.46246417281205826,0.00165837479270315,0.00411207904964104
ENSG00000120963,ZNF706,-1.646394244413809,-0.7174474365191741,0.11623149837441007,0.3425057963745096,0.001,0.00287341924829051
ENSG00000170345,FOS,1.8586948278892448,1.4488747403632538,0.07873540111273236,0.2763932514779961,0.001,0.00287341924829051
ENSG00000103145,HCFC1R1,1.524605468903182,0.6924792049645854,0.143938293402195,0.3834145878415839,0.03846153846153846,0.06994444193504676
ENSG00000148341,SH3GLB2,1.763893579058286,0.4591088209938138,0.09392963564186708,0.3027286346164633,0.001,0.00287341924829051
ENSG00000112769,LAMA4,-1.617966128352568,-0.6186361012276819,0.12225927358029656,0.35235341498894257,0.003,0.00685538971905519
ENSG00000116691,MIIP,1.493141073875939,0.5880143959623803,0.15192818649402273,0.3939455611726417,0.00112107623318385,0.0029928604285289
ENSG00000156928,MALSU1,-1.4973915728764386,-0.6318258393232925,0.15082794562313728,0.3925294514306776,0.00118906064209274,0.00310499225005163
ENSG00000165233,CARD19,-1.5554359553012316,-0.5151966220164217,0.13645023938481185,0.37378712134648384,0.405,0.557212350066637
ENSG00000168067,MAP4K2,1.626929686582648,0.6097029565147919,0.12033077164751306,0.34906764387837125,0.001,0.00287341924829051
ENSG00000171475,WIPF2,1.693394556317564,0.6318596311327734,0.10681971667795018,0.3275804644790472,0.033,0.06138198198198198
ENSG00000146834,MEPCE,-1.4870232528518026,-0.750778181800947,0.15352336820289625,0.3958468400531172,0.9185110663983904,1
ENSG00000134769,DTNA,-1.8392238922276811,-0.5134645548999277,0.08166742631371891,0.28193569590954426,0.001,0.00287341924829051
ENSG00000238227,TMEM250,-1.4714544197463215,-0.5922297651358198,0.1576449699962302,0.40088396836139295,0.01709401709401709,0.03395777481730016
ENSG00000046889,PREX2,-1.6062601554157487,-0.7478080684588617,0.12481704578577246,0.3556544766765895,0.001,0.00287341924829051
ENSG00000120129,DUSP1,1.791752876574979,1.3047210112593524,0.08921986245929336,0.2953830439764816,0.001,0.00287341924829051
ENSG00000105357,MYH14,-1.5948980753451645,-0.7283342523342308,0.12734265219964572,0.359728744401829,0.16,0.2454284299157999
ENSG00000108840,HDAC5,-1.5885677898526165,-0.7596216624826106,0.12876831840613315,0.3616081777972712,0.008,0.01702817869415807
ENSG00000085117,CD82,-1.725851710566473,-0.515836670994808,0.10070772015616364,0.31594928679639644,0.001,0.00287341924829051
ENSG00000077549,CAPZB,1.718745640319153,0.4447960628955483,0.10201951467739792,0.3180925360804079,0.225,0.33309034416826006
ENSG00000008277,ADAM22,1.4483949694113836,0.7413969845397969,0.16391561193772378,0.4108532288719201,0.00189035916824196,0.00462436204111008
ENSG00000175806,MSRA,-1.5655978791057046,-0.5920957213104594,0.13405441740443075,0.3697980891327833,0.052,0.091450312322544
ENSG00000196123,MATCAP1,-1.6085963544543254,-0.6224353346503247,0.12430301038939874,0.35523133233179816,0.905,1
ENSG00000170385,SLC30A1,-1.1628871212018206,-0.9203629108470548,0.25936721002068125,0.518355608884144,0.4358974358974359,0.593274165202109
ENSG00000063854,HAGH,-1.6879702753070422,-0.5798034102111971,0.10787156370764088,0.32895924991609116,0.012,0.02454689564068692
ENSG00000087191,PSMC5,1.7168673905306544,0.6118151214890895,0.10236868940639318,0.3186202969046087,0.196,0.2943802133850631
ENSG00000166503,HDGFL3,1.6916387526455,0.4966400809048827,0.10715922733652866,0.32805357236472305,0.027,0.05133149171270718
ENSG00000099800,TIMM13,1.6213056553323966,0.5127847689054355,0.12153774677289984,0.3511310759132229,0.042,0.07584489795918369
ENSG00000179134,SAMD4B,-1.4900104020796174,-0.7299887565505272,0.1527427769754439,0.3949013985744688,0.573,0.7449962216624685
ENSG00000205683,DPF3,-1.6342084524796885,-0.5320995975719836,0.1187837420388905,0.34769786713428585,0.591,0.7642283924843424
ENSG00000183741,CBX6,1.68256978634829,0.5069151333363142,0.10892758683340524,0.3300440654952278,0.001,0.00287341924829051
ENSG00000166402,TUB,1.6963763394468885,0.4853434245387403,0.10624525503901254,0.3266672685314083,0.001,0.00287341924829051
ENSG00000146216,TTBK1,1.6411825634251318,0.5686628887338558,0.11731730259898045,0.3442733105265855,0.079,0.1324650785056849
ENSG00000110881,ASIC1,-1.6836946867463465,-0.4924468259879764,0.10870689566358752,0.32979663210787474,0.002,0.0047354740061162
ENSG00000154518,ATP5MC3,1.6504882381597743,0.6885356981376656,0.11538454842944962,0.3416210390498262,0.3,0.4299398426654326
ENSG00000204580,DDR1,-1.8646214530446912,-0.3784519833141118,0.07786149868558596,0.27560718648520754,0.149,0.2310731096644967
ENSG00000099875,MKNK2,-1.5398528121870207,-1.311301015986054,0.14019347873740945,0.38099170818438793,1,1
ENSG00000167470,MIDN,-1.7097177774281127,-1.1912714653828036,0.10370724719743948,0.32081316119941533,0.996,1
ENSG00000141524,TMC6,-1.44471637668014,-0.6723699961071573,0.16493449544571295,0.41140703018923613,0.7680722891566265,0.936135332356581
ENSG00000100605,ITPK1,-1.6389493149412382,-1.1270101189113555,0.11778520559933248,0.34536026343777787,0.807,0.9698405122235156
ENSG00000136699,SMPD4,-1.4178631424949155,-0.6067008067279653,0.17252910801509755,0.42202907499273173,0.375,0.5207959641255605
ENSG00000088854,DNAAF9,1.5022103762838637,0.6128291489695187,0.14958854554863094,0.3907394014257012,0.193158953722334,0.29053583277225276
ENSG00000164086,DUSP7,1.4330102974449703,0.5535562823812765,0.16821112804051902,0.4151942965292811,0.00134048257372654,0.00340843557539499
ENSG00000131051,RBM39,1.6198677610762553,0.48866619554441304,0.1218479710401546,0.3514540011597944,0.035,0.06455926146515784
ENSG00000089199,CHGB,1.5046631883298869,0.513722607562592,0.14896091231635877,0.39054671102469635,0.00113765642775881,0.00300881465138262
ENSG00000170561,IRX2,1.529844837834663,0.5664199534988168,0.1426422348790485,0.3828413937744216,0.0010752688172043,0.00292114695340501
ENSG00000176485,PLAAT3,-1.5366874810316302,-1.1029107363335735,0.1409641684097782,0.3818140053946143,0.662,0.834777687296417
ENSG00000127445,PIN1,1.509614755685182,0.6172717743630832,0.1477005092929249,0.3895439093816997,0.02955082742316785,0.05587235197164275
ENSG00000173210,ABLIM3,1.5449179792622836,0.5435377440806528,0.13896750979839276,0.3786330151583901,0.00813835198372329,0.01727517209978824
ENSG00000084733,RAB10,-1.5257589583294422,-0.5425718471714591,0.14365212093778465,0.3834145878415839,0.001,0.00287341924829051
ENSG00000108819,PPP1R9B,1.726220740021761,0.4510524553563548,0.10063999504041424,0.31594928679639644,0.001,0.00287341924829051
ENSG00000172301,COPRS,-1.632758609731602,-0.4753410578012095,0.1190905411948757,0.347955770207052,0.001,0.00287341924829051
ENSG00000066322,ELOVL1,-1.551573297425442,-0.513648461408975,0.13737023816977592,0.37572616494003575,0.001,0.00287341924829051
ENSG00000220205,VAMP2,1.7863691599978326,0.3726787537302772,0.09011366677838556,0.29653036971883606,0.001,0.00287341924829051
ENSG00000142686,C1orf216,1.5682683843273597,0.560042356938256,0.13343067162128872,0.36932834532347414,0.136,0.2136945712836124
ENSG00000163485,ADORA1,-1.4823433811421258,-0.5556110114742016,0.15475288353432978,0.3974871018699029,0.001,0.00287341924829051
ENSG00000105854,PON2,-1.7017327511294675,-0.5604063785653782,0.10521995145900834,0.3243595022348194,0.001,0.00287341924829051
ENSG00000114646,CSPG5,-1.598618546181756,-0.4987235247623801,0.12651095968704246,0.3581948994496438,0.023,0.04443605739238927
ENSG00000178585,CTNNBIP1,1.5668324602082435,0.5585680398646088,0.13376575592095663,0.3695774629266992,0.021,0.04098109640831758
ENSG00000145495,MARCHF6,1.6345707215802578,0.6345762022254019,0.11870718742340726,0.34769786713428585,0.357,0.4980310810810811
ENSG00000170921,TANC2,1.5787462911841312,0.800902281823482,0.13100676395322694,0.3642275964853452,0.036,0.06612811387900355
ENSG00000121940,CLCC1,-1.4990978192228832,-0.4930952666242507,0.15038813376955815,0.3916726248615993,0.034,0.06293962940824865
ENSG00000170390,DCLK2,-1.7815865143182796,-0.5011659521764406,0.09091420201983932,0.2973389691175169,0.001,0.00287341924829051
ENSG00000164877,MICALL2,-1.7645427448765785,-0.6278838092627128,0.09381748365655336,0.30264255656786154,0.992,1
ENSG00000167508,MVD,-1.531300249593458,-0.7371180482468881,0.14228393355604957,0.3828413937744216,0.542,0.7112601694915255
ENSG00000025770,NCAPH2,-1.0068025451976774,-1.1264335419144689,0.32676299160040023,0.5804267084343052,0.9982698961937716,1
ENSG00000109046,WSB1,1.7679139219832378,0.49060165252463184,0.09323693249563478,0.3015938035612223,0.37,0.5140825482279049
ENSG00000223501,VPS52,-1.4584529809530076,-0.7311481471857444,0.16115593054484323,0.4062735273949002,0.986,1
ENSG00000163879,DNALI1,1.5802868855248209,0.46407435633686256,0.1306535004176454,0.3641554169350093,0.042,0.07584489795918369
ENSG00000214338,SOGA3,1.645717521118517,0.5711806496581561,0.1163720035254214,0.3426347767972091,0.001,0.00287341924829051
ENSG00000196689,TRPV1,-1.381143708594228,-0.6848543067541203,0.18336875877024897,0.4353164501100683,0.9309309309309308,1
ENSG00000103544,VPS35L,-1.2868194171186849,-0.752380001097096,0.21371590423368964,0.4680167510100378,0.9561551433389543,1
ENSG00000176595,KBTBD11,-1.0965075039941463,-0.9956104473789285,0.28664998288320964,0.5455077940101826,1,1
ENSG00000141576,RNF157,-1.5308367478758007,-0.6200982921054191,0.1423979598439592,0.3828413937744216,0.104,0.1686324607329843
ENSG00000185513,L3MBTL1,1.5601926699857152,0.5798433954095971,0.13532436278920418,0.3721419976703115,0.05,0.08853630646083477
ENSG00000275066,SYNRG,-1.4627997344615409,-0.7389893195655389,0.15997507612865594,0.4042751792734963,0.00107296137339055,0.00292114695340501
ENSG00000049618,ARID1B,1.5256682910929222,0.48557521196434494,0.14367459774140415,0.3834145878415839,0.00200803212851405,0.00474361212967813
ENSG00000137343,ATAT1,1.4748882188873438,0.476048398833188,0.15672821790389638,0.4002388953248745,0.00608519269776876,0.01320661652767334
ENSG00000135439,AGAP2,1.520242622399724,0.6788359930160215,0.14502495930327677,0.3856444488379927,0.00121065375302663,0.00314546532980158
ENSG00000184221,OLIG1,1.5797558395332698,0.4931610715568852,0.1307751807852433,0.3641554169350093,0.033,0.06138198198198198
ENSG00000177200,CHD9,-1.377582407167305,-1.200619546912981,0.18444848399456948,0.4361960563137731,0.00100200400801603,0.00287341924829051
ENSG00000159592,GPBP1L1,-1.5086041290368333,-0.47507800061305583,0.14795704281393052,0.3899284565825461,0.001,0.00287341924829051
ENSG00000167037,SGSM1,1.4379455675801205,0.5471800532929331,0.1668233165728044,0.4140772160482643,0.09689213893967091,0.1586858563173775
ENSG00000172732,MUS81,-1.355842444169549,-0.5029849409448768,0.19115030727467677,0.44392525653822695,0.4428191489361702,0.6022884955007989
ENSG00000104824,HNRNPL,1.5176783435896637,0.5067069714231645,0.14566681409698953,0.3864807906603273,0.924,1
ENSG00000126822,PLEKHG3,-1.6526342245149368,-0.6704120519012655,0.114942693464768,0.3406920671566597,0.681,0.8545611831442465
ENSG00000176788,BASP1,-1.6305232376479435,-0.4621508294259595,0.11956487993808322,0.34855868702937515,0.043,0.077425
ENSG00000162368,CMPK1,-1.4634196445469083,-0.5356135654494324,0.15980724660698198,0.4042751792734963,0.05851063829787234,0.10106382978723404
ENSG00000197150,ABCB8,-1.5925245559134555,-0.6155130561778493,0.12787563866448404,0.3603305585915692,0.001,0.00287341924829051
ENSG00000104388,RAB2A,1.656314383879197,0.4176787424858259,0.11418830321919984,0.33929484771603174,0.012,0.02454689564068692
ENSG00000171853,TRAPPC12,1.6558673448523749,0.639624503996869,0.11427971578916596,0.33929484771603174,0.003,0.00685538971905519
ENSG00000131473,ACLY,1.5040865321858317,0.5123553970267556,0.14910827323968434,0.39054671102469635,0.4740820734341253,0.6386394873534084
ENSG00000184271,POU6F1,1.483400218032642,0.7146754666924136,0.15447452259495267,0.397446997728185,0.196,0.2943802133850631
ENSG00000092964,DPYSL2,-1.7949047742516246,-0.5026185831094722,0.08870017319469953,0.2950009516015265,0.001,0.00287341924829051
ENSG00000132002,DNAJB1,1.700557748359861,1.406493616954842,0.10544413667307018,0.32476794095305617,0.001,0.00287341924829051
ENSG00000125841,NRSN2,-1.4249222479950987,-0.48730474228324067,0.17050574899393045,0.4185248530398487,0.06223175965665236,0.10677659814772984
ENSG00000142687,KIAA0319L,-1.3887834402745542,-0.5162762532200458,0.1810696004870711,0.432095409618614,0.0338409475465313,0.06281986468943479
ENSG00000255302,EID1,1.7575343832727357,0.3760384904444039,0.09503442650598586,0.30435075830398006,0.21,0.31328034682080924
ENSG00000182272,B4GALNT4,-1.73012175351374,-0.5441400483879192,0.09992646785217552,0.31458032376611816,0.964,1
ENSG00000116661,FBXO2,-1.5523947417289004,-2.03694558416953,0.13717415684972528,0.37547980182513674,1,1
ENSG00000197622,CDC42SE1,-1.5061072261268236,-0.5436451976089026,0.14859242445076673,0.39054671102469635,0.007,0.01505486111111111
ENSG00000243279,PRAF2,1.4303356713295303,0.6248519781119032,0.16896714544849,0.4164799089621097,0.00136986301369863,0.00347458292663772
ENSG00000074800,ENO1,-1.5495683434960452,-0.6906628699255761,0.1378498078819535,0.37662498375913206,0.469,0.6334465765372873
ENSG00000123836,PFKFB2,-1.461650912444418,-0.8548909565884126,0.16028647980826097,0.4046576703356097,0.649,0.8220666666666666
ENSG00000158552,ZFAND2B,1.372610900964916,0.6378950888301219,0.1859642577074554,0.43650457309463686,0.00150602409638554,0.0037797055320146
ENSG00000167775,CD320,1.4430765359735505,0.6854898727194284,0.16539035037680092,0.4119638685194296,0.00884955752212389,0.01873347891047006
ENSG00000250722,SELENOP,-1.398205707862516,-0.8649807214355492,0.17826591179336806,0.4289523502527919,0.00101010101010101,0.00287341924829051
ENSG00000183773,AIFM3,-1.7451013962482895,-0.4581164160833839,0.09722694354011792,0.3097639386030348,0.71,0.8848571428571428
ENSG00000181404,WASHC1,-1.4357429814352805,-0.5208877101164224,0.16744153663964145,0.4143760936239891,0.00100908173562058,0.00287341924829051
ENSG00000147044,CASK,-1.5146974624011202,-0.6143180413175269,0.14641589921612466,0.3875972459069608,0.001,0.00287341924829051
ENSG00000148180,GSN,-1.6199040420310582,-1.7346949646334466,0.12184013524050295,0.3514540011597944,0.955,1
ENSG00000144857,BOC,-1.4707900215198355,-0.6450307735028097,0.15782285635865034,0.40088396836139295,0.003,0.00685538971905519
ENSG00000064393,HIPK2,1.713348475118829,0.4503830560466295,0.10302563711586386,0.31954186222801206,0.001,0.00287341924829051
ENSG00000108091,CCDC6,1.5621822188444567,0.4313123876680434,0.1348557579070633,0.3711414875732854,0.126,0.19980645161290325
ENSG00000166562,SEC11C,-1.6093553505922344,-0.6134535923781336,0.12413639250445524,0.35523133233179816,0.001,0.00287341924829051
ENSG00000017797,RALBP1,1.4472415488785408,0.5355206604677012,0.16423452927267226,0.41109087362040614,0.10365135453474676,0.1682433149864312
ENSG00000171206,TRIM8,-1.6715106168942515,-0.8114084172559091,0.11111771106196255,0.3335414682893826,0.34,0.4784098137210359
ENSG00000182534,MXRA7,1.6487120194162468,0.4523543514430163,0.11575135976562542,0.3416594302415377,0.253,0.3690725388601036
ENSG00000213190,MLLT11,1.6281896191338905,0.5081000339764444,0.1200617716394426,0.34906764387837125,0.011,0.02268109187749667
ENSG00000137449,CPEB2,1.4399686542860737,0.5974072571116025,0.16625711310407745,0.41296121641980527,0.007007007007007,0.01505947307474025
ENSG00000126602,TRAP1,1.4740549394615232,0.68664607660144,0.15695028362895583,0.40030715850969234,0.394,0.5440115916183683
ENSG00000157827,FMNL2,-1.6296573414802256,-0.7720818472708847,0.11974904960522496,0.34880849810995623,0.001,0.00287341924829051
ENSG00000125746,EML2,1.5821365908536094,0.5194992727310761,0.13023041198181387,0.3639266001242341,0.001,0.00287341924829051
ENSG00000196914,ARHGEF12,1.5473326665152798,0.5469085407076525,0.13838620857033596,0.3773394540077983,0.012,0.02454689564068692
ENSG00000188554,NBR1,-1.2002822424085815,-0.8383207578677346,0.2448780771635448,0.5069305372958945,0.4329183955739973,0.5899696436427628
ENSG00000124074,ENKD1,1.40366355321669,0.4914280754224577,0.17665791086731722,0.4266026251910377,0.0250501002004008,0.04803725097253331
ENSG00000104731,KLHDC4,-1.3891136876550274,-0.5569662147163769,0.18097073712629896,0.432095409618614,0.767,0.9359334121355396
ENSG00000172053,QARS1,-1.372753100358079,-0.6523989009677098,0.18592076435627108,0.43650457309463686,0.00100502512562814,0.00287341924829051
ENSG00000125651,GTF2F1,-1.3383806518729031,-0.8020675210800707,0.19667237359499465,0.45205291841237577,0.03673469387755102,0.06743766860626883
ENSG00000145721,LIX1,1.5578631084441252,0.5166209746836113,0.13587477892997962,0.3729252319226886,0.578,0.748981589958159
ENSG00000275023,MLLT6,1.7237115681459183,0.3624912765692799,0.10110125808469043,0.3163433358091639,0.001,0.00287341924829051
ENSG00000147164,SNX12,1.5182216866554343,0.6844133479170635,0.14553061607241666,0.3864807906603273,0.6710261569416499,0.8444404746234416
ENSG00000073464,CLCN4,1.5843662348671506,0.5029282798734785,0.1297219468552535,0.3629345464149352,0.017,0.03379268292682927
ENSG00000175203,DCTN2,1.6173009656509478,0.5288592109570585,0.12240341759001952,0.35248203666979605,0.376,0.5215134391118607
ENSG00000144224,UBXN4,-1.4199368655671003,-0.5824837999348976,0.17193271062575236,0.421735222324387,0.00102880658436214,0.00287341924829051
ENSG00000004777,ARHGAP33,1.418777116837214,0.63280717441153,0.17226604556991643,0.4219086467692436,0.25616921269095183,0.37299297212218047
ENSG00000123243,ITIH5,1.2964077486205297,0.96792262865118,0.210461971782604,0.46503824332750054,0.00100704934541792,0.00287341924829051
ENSG00000105499,PLA2G4C,-1.4704316424109498,-0.7836027858271297,0.15791887719246422,0.40088396836139295,0.19,0.28606222654351
ENSG00000176463,SLCO3A1,1.3999024330940677,0.6375864877364011,0.17776476285983764,0.4283284286051326,0.0015174506828528,0.00380529940469242
ENSG00000183020,AP2A2,1.5443224356950855,0.8766460377278563,0.13911119034092156,0.378733156177974,0.001,0.00287341924829051
ENSG00000212907,MT-ND4L,-1.8184697153937368,-0.5181714625961591,0.08489764238516694,0.28831011440868776,0.757,0.927018189007513
ENSG00000138835,RGS3,-1.3197043306865404,-0.7297454495898366,0.20271746925271847,0.45763242580824015,0.8234106962663976,0.9811861971285236
ENSG00000157020,SEC13,-1.3449302501407905,-0.5370272551135096,0.1945865167364676,0.4490398107779014,0.00910010111223458,0.01915908439469102
ENSG00000171316,CHD7,1.336331099779022,0.6654386522007072,0.1973287202986941,0.45219178365761536,0.01573676680972818,0.0316267143476497
ENSG00000103723,AP3B2,1.5286299693244845,0.4849383182500999,0.1429418907855394,0.3829804668399248,0.003,0.00685538971905519
ENSG00000099942,CRKL,1.5401423316790488,0.551414997018718,0.14012316216656323,0.38099170818438793,0.182,0.2748191126279863
ENSG00000196507,TCEAL3,-1.3006863930770536,-0.5130660079800904,0.20902251216432785,0.46374534883342994,0.736936936936937,0.9089182372336496
ENSG00000177030,DEAF1,1.6150095051022832,0.4837031055398298,0.12290108743592484,0.3530540565272066,0.043,0.077425
ENSG00000125166,GOT2,1.3746267928478395,0.6374444174804758,0.18534843233967355,0.43641568738227776,0.5029940119760479,0.6720329832139
ENSG00000177106,EPS8L2,1.3146907742721543,0.5835935066301547,0.20436491637337936,0.4589097543628669,0.0013089005235602,0.00333797509829619
ENSG00000166257,SCN3B,1.5067315366666592,0.5485941209273596,0.1484333466940735,0.39054671102469635,0.002,0.0047354740061162
ENSG00000132970,WASF3,-1.3242304260649351,-0.8626741034167409,0.20123919852520367,0.45545638413819256,0.9617321248741189,1
ENSG00000141295,SCRN2,1.47557051522103,0.4476090303984502,0.15654658035804178,0.40006348313721785,0.247,0.3613410486537553
ENSG00000114982,KANSL3,1.2658794018522035,0.6472248284936798,0.22095842249012135,0.4786756773455717,0.3678832116788321,0.5116004968878954
ENSG00000007392,LUC7L,-1.6252337792565164,-0.4725201940799795,0.12069365867362504,0.34926220508331685,0.001,0.00287341924829051
ENSG00000104805,NUCB1,1.6838202562389393,0.3556540451662801,0.10868228425398244,0.32979663210787474,0.001,0.00287341924829051
ENSG00000156052,GNAQ,-1.5244781689776952,-0.6394790854451573,0.1439699045254959,0.3834145878415839,0.627,0.8014110606685926
ENSG00000163539,CLASP2,-1.4272966163385017,-0.6058564360827908,0.1698295144616414,0.417754671909706,0.001,0.00287341924829051
ENSG00000119402,FBXW2,1.4123637360889776,0.4552903630427456,0.17411882222448327,0.42398422483302073,0.3446866485013624,0.4845640265132634
ENSG00000167770,OTUB1,-1.2359433021042214,-0.7382771678104751,0.23164074878419325,0.4930304262872262,0.31508379888268156,0.448856727295154
ENSG00000132718,SYT11,-1.7304454701984104,-0.3628156749963688,0.0998674537662152,0.31458032376611816,0.001,0.00287341924829051
ENSG00000120053,GOT1,-1.2425047430895997,-0.7181305842934341,0.22926604685841004,0.49037460022493257,0.00145772594752186,0.00367038801583351
ENSG00000177606,JUN,1.7243460053123172,1.2186788920363492,0.10098445742838578,0.3163197446777964,0.001,0.00287341924829051
ENSG00000099917,MED15,-1.3790173464899171,-0.72309956532667,0.1840128247801048,0.4361960563137731,0.94994994994995,1
ENSG00000116688,MFN2,-1.4054642533363286,-0.5174256830859454,0.17612995495938227,0.4262462159230307,0.01207243460764587,0.02467876566328664
ENSG00000122490,SLC66A2,-1.169491712071332,-0.6721341560954703,0.25676247615326225,0.5176167845958195,0.6676954732510288,0.8409324443507264
ENSG00000181090,EHMT1,-1.5810432785437951,-0.5377526484131276,0.13048034940083872,0.3641554169350093,0.001,0.00287341924829051
ENSG00000067560,RHOA,1.600255304327289,0.5042378395790098,0.12614652070126148,0.3576718005467555,0.769,0.9365289028706254
ENSG00000158467,AHCYL2,-1.2794581956241255,-0.5909464438763036,0.21624055551532528,0.47133787546786593,0.00139860139860139,0.00353589267874982
ENSG00000100034,PPM1F,1.3522932843589603,0.44013122524773185,0.1922625917777232,0.4453852845498336,0.08984830805134189,0.14872272048904642
ENSG00000137491,SLCO2B1,1.4095315909261952,0.7222466555444339,0.17494211190736897,0.42441435642184994,0.001001001001001,0.00287341924829051
ENSG00000100226,GTPBP1,-1.4523360182380098,-0.48877785828337345,0.16282972763260742,0.4090375143792167,0.011,0.02268109187749667
ENSG00000103479,RBL2,-1.369231846946247,-0.6562504949559872,0.18700017436297983,0.4377756890903335,0.00100806451612903,0.00287341924829051
ENSG00000084652,TXLNA,1.3991038133706004,0.6537003459070483,0.17800050376284274,0.4286048839755193,0.7683982683982684,0.9361642160619345
ENSG00000160200,CBS,-1.5299281929507924,-0.7082843823236203,0.14262169386745696,0.3828413937744216,0.998,1
ENSG00000064607,SUGP2,-1.5819106781191137,-0.37579857353492246,0.13028202398575067,0.3639266001242341,0.001,0.00287341924829051
ENSG00000150593,PDCD4,1.4353739472682772,0.4555268604838279,0.16754529855438416,0.4143760936239891,0.001,0.00287341924829051
ENSG00000134313,KIDINS220,-1.3264241303347373,-0.6439513469792136,0.2005257755448947,0.4550046745547835,0.05311542390194075,0.09320026505626658
ENSG00000180104,EXOC3,1.5128799502923491,0.4993942915994585,0.14687419479140842,0.38823014772475273,0.036,0.06612811387900355
ENSG00000213639,PPP1CB,-1.5141420548173907,-0.7025587354672178,0.14655582265355663,0.3876779117542178,0.001,0.00287341924829051
ENSG00000175287,PHYHD1,-1.6163339171994522,-0.5161519034875034,0.12261323767810028,0.35279942149133325,0.986,1
ENSG00000108262,GIT1,-1.302193768789046,-0.7126813587511693,0.20851722758734925,0.46374534883342994,0.00389105058365758,0.00881535015185629
ENSG00000242173,ARHGDIG,1.528177036481536,0.4395022305665867,0.14305374339492846,0.3829904452795439,0.001,0.00287341924829051
ENSG00000114026,OGG1,-1.3027852085667435,-0.3906014806232595,0.2083192337329149,0.46374534883342994,0.00759219088937093,0.01628325151272976
ENSG00000104812,GYS1,-1.1721725444063344,-0.6469668165984659,0.25571082125108946,0.51637840870659,0.8246951219512195,0.9823241061130332
ENSG00000124313,IQSEC2,-1.2502942368133256,-0.6196079307257755,0.22647125360006473,0.4867482889875178,0.5535006605019815,0.724816721173208
ENSG00000169714,CNBP,1.501496169296343,0.5318271710429189,0.14977170844434257,0.3908498680996636,0.005,0.01102135231316726
ENSG00000104765,BNIP3L,1.515450929101214,0.45792604346262744,0.14622625546568346,0.3873847396106588,0.021,0.04098109640831758
ENSG00000100288,CHKB,1.434077602660588,0.4266713435983698,0.1679102075929515,0.41474055459848974,0.001,0.00287341924829051
ENSG00000035862,TIMP2,-1.0884283543463518,-1.798343421881916,0.2901089327284037,0.5486203095162873,0.998,1
ENSG00000010256,UQCRC1,-1.549310763539893,-0.5249649101530383,0.13791152002698878,0.37662498375913206,0.218,0.3242776176753122
ENSG00000125656,CLPP,1.3346665230049437,0.4825492310834842,0.1978630569879095,0.45219178365761536,0.00107181136120042,0.00292114695340501
ENSG00000179222,MAGED1,1.5579164865408761,0.4532608530929994,0.1358621461610105,0.3729252319226886,0.001,0.00287341924829051
ENSG00000288701,PRRC2B,1.5287017292394307,0.5340271557835018,0.14292417619838574,0.3829804668399248,0.001,0.00287341924829051
ENSG00000158109,TPRG1L,1.4627261145528807,0.5095776958263234,0.15999501696106036,0.4042751792734963,0.03,0.05648024316109423
ENSG00000132463,GRSF1,-1.3622845359966442,-0.6307484463913449,0.1891444781309901,0.4416280432036697,0.6923076923076923,0.8680473372781065
ENSG00000131094,C1QL1,-1.2916615289634252,-0.6692218594466186,0.21206779400067371,0.4671262541430238,0.9979879275653925,1
ENSG00000102882,MAPK3,1.5906421232390764,0.3897433835199199,0.12829968082193782,0.36095112745933583,0.001,0.00287341924829051
ENSG00000140403,DNAJA4,1.5643338306687664,0.4449310095591474,0.13435050797537837,0.3703264585593698,0.001,0.00287341924829051
ENSG00000197714,ZNF460,1.3264892790954543,0.5259735647603345,0.20050461881033296,0.4550046745547835,0.741,0.9132021488261044
ENSG00000063245,EPN1,1.4699424483735448,0.5688000889793533,0.15805002457286307,0.40088396836139295,0.001,0.00287341924829051
ENSG00000142192,APP,-1.7311461112900517,-0.4090347670903016,0.09973982857867668,0.31458032376611816,0.001,0.00287341924829051
ENSG00000146540,C7orf50,1.5297167204290285,0.5851309977334629,0.14267381134450494,0.3828413937744216,0.001,0.00287341924829051
ENSG00000026508,CD44,-1.7199304428583275,-0.35729153095937943,0.10179978203365572,0.3180925360804079,0.056,0.09759819921215532
ENSG00000104324,CPQ,-1.4122001053932012,-0.547770531747531,0.17416630353812682,0.42398422483302073,0.003,0.00685538971905519
ENSG00000167632,TRAPPC9,1.3872899519784316,0.4595960468423741,0.18151723461754837,0.43266086474788445,0.057633973710819,0.09999575158678234
ENSG00000115274,INO80B,-1.2820251833613745,-1.097714457400435,0.21535754189842293,0.4702813892751011,1,1
ENSG00000033627,ATP6V0A1,1.5393460959427252,0.48307351730936504,0.140316617208956,0.38099170818438793,0.708,0.8841435483870967
ENSG00000188026,RILPL1,-1.4832546085638154,-0.4773000541819617,0.15451285033080484,0.397446997728185,0.1,0.16291425565491846
ENSG00000169738,DCXR,1.3864762416321943,0.4727841121798283,0.18176149632296673,0.43295172829586287,0.001,0.00287341924829051
ENSG00000184524,CEND1,-1.4357358143954495,-0.5389166386889175,0.1674435513105805,0.4143760936239891,0.03,0.05648024316109423
ENSG00000038532,CLEC16A,-1.37905346456667,-0.4891550914061288,0.1840018696725697,0.4361960563137731,0.087,0.14431655061596144
ENSG00000196361,ELAVL3,1.5869715744109918,0.3793430323746143,0.1291299164771509,0.3621363136675127,0.161,0.2467179614052449
ENSG00000141522,ARHGDIA,1.4991545146863705,0.4718524146064911,0.15037353777934248,0.3916726248615993,0.015,0.03022446324007807
ENSG00000184381,PLA2G6,-0.898933451591895,-0.9036057505855036,0.3800131697381737,0.6266325173243069,1,1
ENSG00000120256,LRP11,1.410124675883004,0.5734821276375233,0.17476944577718592,0.4242860705570888,0.4889779559118237,0.6564216425916419
ENSG00000156453,PCDH1,-1.3856929048054407,-0.6931785302710393,0.18199688934870187,0.4331559833770416,0.506,0.6745940594059406
ENSG00000058600,POLR3E,-1.2256209563406375,-0.7543103725827377,0.23541473437689148,0.4981117020089304,0.9867452135493372,1
ENSG00000140391,TSPAN3,-1.6433376228458232,-0.4963321381423889,0.11686727730063876,0.3432370615247616,0.001,0.00287341924829051
ENSG00000101463,SYNDIG1,1.326583549311073,0.43261076762931233,0.2004740081463905,0.4550046745547835,0.0166147455867082,0.03313320481779478
ENSG00000026025,VIM,1.607596497863376,0.9460479064797068,0.1245227906514933,0.35523133233179816,0.001,0.00287341924829051
ENSG00000135916,ITM2C,-1.731546291911895,-1.4404497371814684,0.0996669968176597,0.31458032376611816,1,1
ENSG00000114993,RTKN,-1.2063651637906765,-0.5002584035343568,0.24258032371332913,0.5064280627678833,0.31162324649298595,0.4449502970902616
ENSG00000178568,ERBB4,-1.2577677003850722,-0.6315369221295568,0.22381461247561443,0.4825023477715315,0.0013089005235602,0.00333797509829619
ENSG00000100591,AHSA1,1.3895474147953997,0.5440376167040463,0.18084096170853384,0.432095409618614,0.001001001001001,0.00287341924829051
ENSG00000243708,PLA2G4B,-0.2693142465017857,-0.5239535086186554,0.7906098923014446,0.8979244624846133,1,1
ENSG00000100003,SEC14L2,-1.503450452616337,-0.4552319457300595,0.14927095890644326,0.39054671102469635,0.002,0.0047354740061162
ENSG00000198131,ZNF544,1.297005997511821,0.5678156804916706,0.21026023852907896,0.46503824332750054,0.00138121546961325,0.00350051089148303
ENSG00000188290,HES4,-1.3048702221607742,-0.8377719917866462,0.2076224171842972,0.46265967036918426,0.998,1
ENSG00000172037,LAMB2,-1.53689195028235,-0.5918816800353682,0.14091427844373447,0.3818140053946143,0.173,0.2631537328094302
ENSG00000109846,CRYAB,1.7162745158164392,0.5682961260425496,0.10247912051774212,0.31868397267238163,0.001,0.00287341924829051
ENSG00000102898,NUTF2,1.3046754600908017,0.4871173352489702,0.207687429668832,0.46265967036918426,0.0032051282051282,0.00728801912722617
ENSG00000137267,TUBB2A,1.6121509904297682,0.39117969448416023,0.1235243057456943,0.3545567997984191,0.002,0.0047354740061162
ENSG00000135525,MAP7,1.563043169485604,0.34720141832772655,0.13465339594377293,0.3708727281748396,0.246,0.3603888363292337
ENSG00000178927,CYBC1,-1.4455913395882558,-0.5955056586462917,0.16469168539451054,0.41109087362040614,0.001,0.00287341924829051
ENSG00000112640,PPP2R5D,1.3768082798086128,0.4426939540794829,0.18468385777239457,0.4363910768711285,0.508,0.6763869303525366
ENSG00000102901,CENPT,1.384702817710774,0.4887899942564576,0.18229476050286444,0.4333476789940576,0.003,0.00685538971905519
ENSG00000165507,DEPP1,1.095596332464487,0.7469470868039904,0.2870385731640314,0.545703316690674,0.00165562913907284,0.0041118552074648
ENSG00000169084,DHRSX,-1.292445756925003,-0.4280049281929606,0.21180180252290115,0.4668338422751187,0.087,0.14431655061596144
ENSG00000134508,CABLES1,1.2889253545981494,0.5884651869386166,0.2129978824248233,0.4678323248730526,0.8882575757575758,1
ENSG00000095637,SORBS1,-1.5844585625849308,-0.6625109295753863,0.12970092769476935,0.3629345464149352,0.99,1
ENSG00000142599,RERE,-1.5779591223225191,-0.3424195060066386,0.1311875732297384,0.3644442230429281,0.033,0.06138198198198198
ENSG00000166689,PLEKHA7,-1.3167938256120966,-0.4374945371777861,0.2036725793281114,0.4578693088093624,0.336,0.4740738041002278
ENSG00000177479,ARIH2,1.3166320027826566,0.4864953693900247,0.2037257867614263,0.4578693088093624,0.01616161616161616,0.03229195177582274
ENSG00000169718,DUS1L,1.391676456298371,0.43294403100225626,0.18020501434118605,0.431327726084344,0.004,0.00895733911785972
ENSG00000267368,UPK3BL1,-1.510985609952623,-0.8685779713161534,0.14735312419984753,0.3892056419954213,0.007,0.01505486111111111
ENSG00000169855,ROBO1,1.3585073531126457,0.8226560109385355,0.19031851024178595,0.4434922126818459,0.869,1
ENSG00000180891,CUEDC1,-1.4763905121364325,-0.3689592114204122,0.15632851315034008,0.40006348313721785,0.082,0.1369762675296656
ENSG00000072210,ALDH3A2,1.355503413481794,0.3887956705224168,0.1912563358208171,0.44392525653822695,0.326,0.4622811355311356
ENSG00000140836,ZFHX3,1.206984907086651,0.5645936778309236,0.24234714555631345,0.5064280627678833,0.03949447077409163,0.07169658615906317
ENSG00000148400,NOTCH1,-1.5331964898179398,-0.7001374263487545,0.14181822736135022,0.3828413937744216,0.99,1
ENSG00000161547,SRSF2,1.313935861328034,0.5545895053043259,0.20461388907384132,0.45898821728913614,0.001,0.00287341924829051
ENSG00000140990,NDUFB10,1.3144346856858,0.46554414673820765,0.20444934849932356,0.4589097543628669,0.01506024096385542,0.03032611590706127
ENSG00000143321,HDGF,-1.096228524468408,-0.6449772882741017,0.286768919380847,0.5455077940101826,0.986005089058524,1
ENSG00000117616,RSRP1,-1.463814363617027,-0.5364439079794188,0.15970045850790002,0.4042751792734963,0.001,0.00287341924829051
ENSG00000132589,FLOT2,1.3682043436230262,0.5650683530998694,0.18731608781913203,0.4379363584523866,0.001,0.00287341924829051
ENSG00000173905,GOLIM4,-1.4523378721238864,-0.6620129324257433,0.1628292182110568,0.4090375143792167,0.001,0.00287341924829051
ENSG00000164402,SEPTIN8,-1.5659992507296805,-0.4993307838569755,0.13396051431381434,0.3697980891327833,0.045,0.08065104166666667
ENSG00000137100,DCTN3,1.4123698448628486,0.48475644030122095,0.1741170498217042,0.42398422483302073,0.006,0.01304
ENSG00000100842,EFS,-1.4457733070648864,-0.5509294380914265,0.16464122434550948,0.41109087362040614,0.118,0.1883940577575719
ENSG00000128016,ZFP36,1.4291089460885955,1.0409349699969828,0.16931481551266395,0.4170466457203447,0.001,0.00287341924829051
ENSG00000143933,CALM2,-1.4594645201994512,-0.6241143960556101,0.1608804987860708,0.4058680389603011,0.402,0.5535767007558915
ENSG00000126709,IFI6,1.435017169007656,0.8042016417620168,0.16764566407768955,0.4143760936239891,0.001,0.00287341924829051
ENSG00000119383,PTPA,-1.448029869469379,-0.44292591764965394,0.16401650638760443,0.4108532288719201,0.139,0.21796607594936712
ENSG00000171298,GAA,-1.4430971848644754,-0.3889128518031627,0.1653846038827152,0.4119638685194296,0.001,0.00287341924829051
ENSG00000117020,AKT3,1.456817532730606,0.5416238585927134,0.16160206046899506,0.407108462433272,0.11,0.17706340956340955
ENSG00000105953,OGDH,-1.5033594197051388,-0.44397119268633545,0.1492942537344548,0.39054671102469635,0.395,0.5451492869875223
ENSG00000106078,COBL,-1.0952653185112564,-0.6193542111236369,0.2871798369032796,0.545703316690674,0.5258358662613982,0.6948167938277631
ENSG00000197912,SPG7,-1.3748218491657174,-0.7622182209563408,0.18528893209159553,0.43641568738227776,0.999,1
ENSG00000132383,RPA1,1.2609253320389378,0.5252373493696761,0.22269941195160595,0.4815636856731309,0.16464088397790055,0.25155047739494724
ENSG00000255112,CHMP1B,1.4713889834433918,0.4760420123654433,0.1576624826583754,0.40088396836139295,0.003,0.00685538971905519
ENSG00000185818,NAT8L,-1.61505657370329,-0.4734412764713781,0.12289084770696763,0.3530540565272066,0.001,0.00287341924829051
ENSG00000067369,TP53BP1,1.3853771952659728,0.4803778599177169,0.1820918292626807,0.4331559833770416,0.125,0.1984238851870835
ENSG00000259956,RBM15B,1.3185775828399746,0.4326903199527939,0.20308680319841096,0.4578693088093624,0.18649193548387097,0.28119061547884533
ENSG00000142669,SH3BGRL3,1.293213313321644,0.653180975425333,0.21154171806729688,0.46681659270796955,0.04840370751802266,0.08615303573753803
ENSG00000213930,GALT,1.3786577228635375,0.4827119373851349,0.18412193202843105,0.4361960563137731,0.001,0.00287341924829051
ENSG00000097021,ACOT7,1.325320024603823,0.5290639628415449,0.2008845962485154,0.4551789179799769,0.14240506329113925,0.22240468028878377
ENSG00000227051,C14orf132,1.374523220147395,0.44490036370858466,0.1853800325065431,0.43641568738227776,0.001,0.00287341924829051
ENSG00000184144,CNTN2,1.3561461542842446,0.4496639588548858,0.19105536459684455,0.44392525653822695,0.121,0.1925678314491264
ENSG00000137312,FLOT1,-1.3166274575627177,-1.070327806497181,0.20372728139004945,0.4578693088093624,0.00100300902708124,0.00287341924829051
ENSG00000167740,CYB5D2,-1.1367103015130218,-0.42505606629922016,0.26988545383450946,0.5307797209782523,0.00503524672708962,0.01108326873759529
ENSG00000196743,GM2A,1.200525108419909,0.5309531721265439,0.24478602194688048,0.5069305372958945,0.00107411385606874,0.00292114695340501
ENSG00000130830,MPP1,1.312377248543856,0.4138838137446489,0.20512867877752575,0.45956089831119307,0.01915322580645161,0.03778187281693034
ENSG00000127527,EPS15L1,-1.4422352025513303,-0.4413075407251045,0.1656246278439943,0.4122575065519521,0.001,0.00287341924829051
ENSG00000114853,ZBTB47,-1.5365514008818673,-0.4035088174619798,0.14099737974482088,0.3818140053946143,0.001,0.00287341924829051
ENSG00000143742,SRP9,-1.218375041338874,-0.7448309451822478,0.23809191265578808,0.501380234617599,0.00101214574898785,0.00287341924829051
ENSG00000079459,FDFT1,-1.1259098336460738,-0.5554164918976519,0.2743162927465689,0.5350376150376359,0.13976377952755906,0.21905284675953968
ENSG00000093167,LRRFIP2,-1.174791189675105,-0.4210245488665584,0.25468668839848047,0.5148653661433971,0.00346820809248554,0.00786889411166867
ENSG00000117360,PRPF3,-1.3389882233164527,-0.5414380248121848,0.1964781378548989,0.4518997170662674,0.001,0.00287341924829051
ENSG00000129657,SEC14L1,1.4518494530523751,0.4297705191708362,0.16296347376579612,0.4090833622100991,0.004,0.00895733911785972
ENSG00000116117,PARD3B,-1.1503997929139906,-0.561397583818852,0.264345953227404,0.525723394908178,0.00113636363636363,0.00300796425796425
ENSG00000110107,PRPF19,1.4900172899139794,0.4844362101635371,0.15274098084898952,0.3949013985744688,0.001,0.00287341924829051
ENSG00000139722,VPS37B,-1.1681127557408126,-0.6770501147944431,0.2573046849655948,0.518096435743694,0.8787575150300602,1
ENSG00000106397,PLOD3,1.1039848831937222,0.503526460052421,0.28347558257866834,0.5418621227704497,0.00954198473282442,0.02003493336783542
ENSG00000125844,RRBP1,1.3778218229784778,0.48414411134239993,0.18437573811207084,0.4361960563137731,0.001,0.00287341924829051
ENSG00000120738,EGR1,1.4359938080238808,1.1270071120298757,0.16737104111978596,0.4143760936239891,0.001,0.00287341924829051
ENSG00000205476,CCDC85C,-1.1470612915165934,-0.5621167647325378,0.26568901938327316,0.5266203170987989,0.00116279069767441,0.0030518328734726
ENSG00000168118,RAB4A,-1.374347866153616,-0.5741135335509749,0.1854335430576872,0.43641568738227776,0.001,0.00287341924829051
ENSG00000132612,VPS4A,1.3941166208150075,0.4873697817349981,0.17947834395254114,0.43066092967013825,0.001,0.00287341924829051
ENSG00000090273,NUDC,1.4111769257558369,0.5723513282424866,0.1744634403202528,0.4240705357229214,0.001,0.00287341924829051
ENSG00000105393,BABAM1,1.25896603115834,0.5040843830075352,0.22339088328046883,0.48188216113241206,0.1440781440781441,0.22490424002520776
ENSG00000145743,FBXL17,-1.1979528507051485,-0.4328755398491247,0.24576233696324215,0.5069523450691856,0.00160513643659711,0.0040089576968881
ENSG00000181449,SOX2,-1.6111685959905415,-0.4316357907525537,0.12373910374335163,0.3548857534080579,0.001,0.00287341924829051
ENSG00000166887,VPS39,-1.2018559921008367,-0.4546748398001432,0.24428203376635865,0.5069305372958945,0.01567398119122257,0.03152098685014045
ENSG00000104957,YJU2B,-1.239566413473997,-0.4944191891178036,0.23032715595860992,0.4917533371943318,0.011,0.02268109187749667
ENSG00000137497,NUMA1,-1.5040928380352894,-0.3162377350034806,0.14910666116866209,0.39054671102469635,0.001,0.00287341924829051
ENSG00000066697,MSANTD3,-1.1972394884096285,-0.5934245228288058,0.24603361975548568,0.5069523450691856,0.0564373897707231,0.09830517217093895
ENSG00000079805,DNM2,1.5011851446280964,0.3710643479733617,0.14985153045718327,0.3908498680996636,0.855,1
ENSG00000173821,RNF213,-1.2986750303203074,-0.579822226181976,0.2096982298496429,0.4645097749389839,0.001,0.00287341924829051
ENSG00000197448,GSTK1,1.3713290202829609,0.4646727274401825,0.1863567029539376,0.43684675172921705,0.096,0.1573912122816305
ENSG00000163956,LRPAP1,1.5344334500233712,0.4257817304635419,0.1415151191757459,0.38272534993583296,0.021,0.04098109640831758
ENSG00000153707,PTPRD,-1.1872540740295463,-0.4071350622059373,0.24985479254546933,0.5108063053104482,0.00300902708124373,0.00685721624033247
ENSG00000100167,SEPTIN3,1.358004216621731,0.47676579016491194,0.19047533307599096,0.4435658315287048,0.318,0.45259466911764706
ENSG00000157514,TSC22D3,-0.971117611108789,-1.0102277503665211,0.34377076627678205,0.5964310378053161,1,1
ENSG00000131165,CHMP1A,-1.210526197110433,-0.4145866092524059,0.24101800467050108,0.5044792965382873,0.116751269035533,0.18686236702999776
ENSG00000159346,ADIPOR1,1.2830217522871614,0.45894370414866326,0.21501549143254792,0.47011411768770667,0.001001001001001,0.00287341924829051
ENSG00000162032,SPSB3,-1.3666890787552497,-0.5308641304659408,0.18778274410613957,0.4387377833931045,0.977,1
ENSG00000141858,SAMD1,1.3007174614887616,0.5487558938336302,0.20901208811177616,0.46374534883342994,0.12,0.19117283950617284
ENSG00000175745,NR2F1,1.4965580713309898,0.4414466446189385,0.1510431786324591,0.39261818587897407,0.169,0.2575752952755906
ENSG00000082397,EPB41L3,1.448428318541585,0.42560780963853984,0.16390639850925331,0.4108532288719201,0.046,0.08230040439052572
ENSG00000087470,DNM1L,1.2314435452067312,0.5357432527548969,0.233280173776422,0.4953707287266707,0.5210466439135382,0.6893128817600289
ENSG00000143258,USP21,-1.1450683395792056,-0.4303290113015485,0.2664931935986439,0.527775985441348,0.07279236276849642,0.12325748906180066
ENSG00000180357,ZNF609,1.3937616524044296,0.49882033044954904,0.17958390545533431,0.43066092967013825,0.109,0.17554498179927197
ENSG00000244274,DBNDD2,-1.4406236215145969,-0.4684085423278917,0.16607414170786375,0.4127962174942129,0.001,0.00287341924829051
ENSG00000149260,CAPN5,-1.2198050011442465,-0.43998687304416817,0.23756174683139336,0.5011576576991038,0.001,0.00287341924829051
ENSG00000198786,MT-ND5,-1.5166004055150315,-0.45854568624592823,0.14593732944134513,0.38690869826440455,0.001,0.00287341924829051
ENSG00000133065,SLC41A1,1.4184479146973767,0.4392095668208764,0.17236075998732223,0.4219086467692436,0.001,0.00287341924829051
ENSG00000122705,CLTA,1.32138925714628,0.5176713716608216,0.2021661582797213,0.4566789111140133,0.001,0.00287341924829051
ENSG00000139613,SMARCC2,1.236162983707092,0.4893578816932836,0.23156093773643965,0.4930304262872262,0.013,0.02638335517693315
ENSG00000133318,RTN3,1.593926923483462,0.4027055104016205,0.12756050337907882,0.359728744401829,0.946,1
ENSG00000157259,GATAD1,1.287617587851796,0.8330000635270646,0.21344354517076597,0.4678323248730526,0.4338677354709419,0.5908919862592379
ENSG00000022267,FHL1,-0.8487623548475115,-0.7422561515533276,0.4066495905190187,0.651500796617302,0.00194174757281553,0.0047354740061162
ENSG00000178761,FAM219B,1.197556729304684,0.6399766096448039,0.245912948991636,0.5069523450691856,0.9914285714285714,1
ENSG00000135473,PAN2,-1.1496748565460797,-0.4593092691026556,0.2646371615024918,0.5258483009481237,0.00825309491059147,0.01749475355106214
ENSG00000050820,BCAR1,1.3311397741587372,0.4659072667346677,0.1989989385852894,0.4535741573160199,0.001,0.00287341924829051
ENSG00000132563,REEP2,1.4261217170636973,0.47156305993118647,0.1701638608708181,0.4179753087409415,0.192,0.288932944606414
ENSG00000178188,SH2B1,-1.4128150102719828,-0.4624370333558257,0.17398792849660766,0.42398422483302073,0.354,0.4949607223476298
ENSG00000152284,TCF7L1,-0.9595553293893928,-0.5681347955769428,0.34941041885166013,0.5996180734363276,0.01616161616161616,0.03229195177582274
ENSG00000133195,SLC39A11,-1.3323630387880443,-0.507811274929144,0.1986043721023969,0.453258173960496,0.002,0.0047354740061162
ENSG00000168092,PAFAH1B2,1.4272662470901027,0.34667180856333063,0.169838150070575,0.417754671909706,0.644,0.8174049180327869
ENSG00000143157,POGK,-1.1412264138355304,-0.4419063053873238,0.2680485514681863,0.528634726781913,0.256,0.3729219190968956
ENSG00000181191,PJA1,-1.2600975578613287,-0.6940336754145409,0.2229913455843323,0.4815861950933604,0.001,0.00287341924829051
ENSG00000198879,SFMBT2,1.3187648913939076,0.5382511947985783,0.20302536910093785,0.4578693088093624,0.001,0.00287341924829051
ENSG00000165410,CFL2,-1.11892679691015,-0.5774801829138037,0.27720950625266016,0.5383092495323039,0.04,0.07248683440608543
ENSG00000148730,EIF4EBP2,1.4877811810881476,0.5725874411232832,0.15332499935957147,0.3958468400531172,0.907,1
ENSG00000103994,ZNF106,-1.124355256083167,-0.6230610140151613,0.2749584492139682,0.5359949516322925,0.00209205020920502,0.00492705665240148
ENSG00000146676,PURB,1.2865966869689294,0.3721927414793732,0.21379195458335437,0.4680167510100378,0.001,0.00287341924829051
ENSG00000173531,MST1,1.2015664461814417,0.4948828607709662,0.2443916139281281,0.5069305372958945,0.001001001001001,0.00287341924829051
ENSG00000088682,COQ9,-1.1309522212252558,-0.4902225420008926,0.2722410336638374,0.5327501332802829,0.001,0.00287341924829051
ENSG00000089597,GANAB,-0.7651724939923106,-0.5727791351719822,0.453630678970214,0.6891960535989309,0.0249609984399376,0.04797087980173482
ENSG00000100106,TRIOBP,-0.9191306743102836,-0.5034430847755462,0.36962457620540223,0.6166793447571995,0.9795501022494888,1
ENSG00000100926,TM9SF1,1.1045374317449053,0.4152758268889995,0.28324203196887865,0.5417104543582559,0.13690476190476192,0.2149387031408308
ENSG00000163069,SGCB,-1.086444950400486,-0.45276892195460966,0.2909627181662863,0.5496479721306593,0.1307277628032345,0.2064578691492184
ENSG00000175264,CHST1,-1.4542811422073738,-0.4932977783264369,0.1622959491389107,0.40827574705257225,0.001,0.00287341924829051
ENSG00000181789,COPG1,1.352656017466524,0.37280125693731975,0.19214867804273217,0.4453852845498336,0.301,0.43097411003236247
ENSG00000117643,MAN1C1,1.2885573795945158,0.5315956112055412,0.21312320803957668,0.4678323248730526,0.001,0.00287341924829051
ENSG00000176095,IP6K1,-1.0739795770203524,-0.49661507208472566,0.2963704418081855,0.5533706404241397,0.8219633943427621,0.9802158768885384
ENSG00000198838,RYR3,-1.4561475017669756,-0.8088927887943572,0.16178512736377634,0.40727997236851154,0.001,0.00287341924829051
ENSG00000165443,PHYHIPL,-1.2179751360486215,-0.7131560688037463,0.23824034129836977,0.5013947052161769,0.154,0.2377557328015952
ENSG00000102119,EMD,1.4151880153687413,0.4537602319902522,0.1733009363260652,0.4233323561840848,0.001,0.00287341924829051
ENSG00000100299,ARSA,1.3494729296098606,0.5273556400313729,0.19315013541387227,0.4468568123030278,0.001,0.00287341924829051
ENSG00000173599,PC,1.153287106757192,0.5155355281261172,0.26318848360450414,0.5240098982165001,0.002,0.0047354740061162
ENSG00000024422,EHD2,1.3614888861157215,0.3895122608790945,0.18939130290377415,0.4419130401088064,0.001,0.00287341924829051
ENSG00000105379,ETFB,-1.3346082612640606,-0.4296042767461367,0.19788177997439407,0.45219178365761536,0.027,0.05133149171270718
ENSG00000167258,CDK12,0.9753701973248252,0.509139182773962,0.34171239826026367,0.594955890726074,0.02572347266881029,0.04926752928590319
ENSG00000182551,ADI1,-1.3048112471026072,-0.3674193816647763,0.20764210164856145,0.46265967036918426,0.037,0.06771174952993135
ENSG00000126461,SCAF1,-1.1802656220675167,-0.7882141421832796,0.252555646218179,0.5129312493720126,1,1
ENSG00000107897,ACBD5,-1.1387138034407345,-0.469343876058647,0.269069392198913,0.5300863629439921,0.05773420479302832,0.10011356788578316
ENSG00000130640,TUBGCP2,1.3705706733903045,0.4533726250518363,0.18658918058647536,0.4371024322997988,0.001,0.00287341924829051
ENSG00000127837,AAMP,-1.4266284838938066,-0.4279862552368085,0.17001958260646047,0.4179107297654982,0.001,0.00287341924829051
ENSG00000136720,HS6ST1,-1.2316633931338143,-0.950725881774632,0.23319986906218537,0.4953707287266707,1,1
ENSG00000139990,DCAF5,1.0831180148227195,0.4493652479588496,0.29239894553880585,0.5518038708744325,0.23039215686274508,0.3399354501209726
ENSG00000142453,CARM1,1.0502151545690463,0.5056969326078206,0.30688044874685566,0.5631971758867165,0.001085776330076,0.00293681161069466
ENSG00000148219,ASTN2,1.1870768427621117,0.472428622729444,0.2499230172509901,0.5108063053104482,0.518,0.6861616766467066
ENSG00000153317,ASAP1,-1.174459595124875,-0.47567039346024026,0.25481620182082865,0.5148653661433971,0.063,0.10791537610619469
ENSG00000116685,KIAA2013,1.2597394992049615,0.4516702602695976,0.223117714892209,0.4815861950933604,0.001,0.00287341924829051
ENSG00000100403,ZC3H7B,1.3412955219663572,0.40127652307447226,0.1957418960730294,0.45049889271648486,0.005,0.01102135231316726
ENSG00000126947,ARMCX1,-1.1429361243047376,-0.43050881923892104,0.26735556481109374,0.528150256866087,0.40603015075376886,0.5583038000614564
ENSG00000179335,CLK3,1.080981342107445,0.4815137344535184,0.2933240504980245,0.5518516117506685,0.1111111111111111,0.17857348786253818
ENSG00000175197,DDIT3,1.1780179013165712,0.6268317184251057,0.25342899010967224,0.5141153968891518,0.00143061516452074,0.00361387860075101
ENSG00000075826,SEC31B,1.1926505599150048,0.4627451456523461,0.24778415840024404,0.5083548493196491,0.552870090634441,0.7244674280879866
ENSG00000085998,POMGNT1,-1.3737058333288037,-0.436641790154869,0.18562956942001901,0.43650457309463686,0.001,0.00287341924829051
ENSG00000156011,PSD3,-1.1545401193847598,-0.6031331733449585,0.2626873524746912,0.5236007892320519,0.00122249388753056,0.00316560499137303
ENSG00000099956,SMARCB1,-1.242588290238903,-0.379499110700732,0.229235930819927,0.49037460022493257,0.003,0.00685538971905519
ENSG00000068697,LAPTM4A,-1.305286626920566,-0.6968179437962777,0.2074834728626049,0.46265967036918426,0.001,0.00287341924829051
ENSG00000174243,DDX23,1.1060132555187314,0.4118735615767462,0.2826189232724642,0.5413573628625372,0.1656210790464241,0.25292331450038236
ENSG00000107263,RAPGEF1,1.300101729423813,0.4585813100936408,0.20921875403917084,0.46374534883342994,0.001,0.00287341924829051
ENSG00000126934,MAP2K2,1.3169430536850704,0.4907545106871368,0.2036235227471925,0.4578693088093624,0.03,0.05648024316109423
ENSG00000104365,IKBKB,-0.8947324369414889,-0.7340915299009995,0.3821981548816652,0.6296492393445852,0.9982363315696648,1
ENSG00000160877,NACC1,-1.2477347372861738,-0.4782961644053378,0.22738666537920504,0.4882303718359232,0.735,0.9074977014931392
ENSG00000088038,CNOT3,1.0265231311854115,0.4585098313737032,0.31762143572725077,0.5742919180654957,0.00110987791342952,0.00297343589782978
ENSG00000068724,TTC7A,-1.1119114306725832,-0.45336475105014984,0.2801386798124443,0.5393853655375709,0.9949443882709808,1
ENSG00000198910,L1CAM,1.1504225452083725,0.6185667660534064,0.2643368174553217,0.525723394908178,0.00125786163522012,0.0032450114628432
ENSG00000280789,PAGR1,1.4785445370578496,0.5223513952524823,0.15575686505402042,0.3990888794610825,0.001,0.00287341924829051
ENSG00000130749,ZC3H4,1.3359821604846032,0.4143011069193473,0.19744063673271017,0.45219178365761536,0.02,0.03925221799746514
ENSG00000197380,DACT3,1.1988392626164557,0.3701020078066603,0.2454255615084027,0.5069523450691856,0.504,0.6730866752910738
ENSG00000184678,H2BC21,1.0515356375986864,0.6949108725031921,0.30628953348766697,0.5626958130774462,0.00111234705228031,0.00297747521254289
ENSG00000143294,PRCC,1.1747771158622222,0.48984402994736015,0.2546921843094878,0.5148653661433971,0.367,0.5106015274034141
ENSG00000162174,ASRGL1,1.232384117332377,0.45111444710697535,0.23293675590048848,0.49523528775482,0.721,0.893532212885154
ENSG00000162231,NXF1,1.131212071772779,0.41729626833425143,0.27213440434456376,0.5327501332802829,0.10514541387024608,0.1700445674966852
ENSG00000170275,CRTAP,1.0442629420369685,0.4997959711708786,0.309554189615961,0.5660464494713198,0.16422287390029325,0.25115962492306576
ENSG00000131095,GFAP,1.7662829326420286,0.40080105192358817,0.0935174154970602,0.30222507818484234,0.001,0.00287341924829051
ENSG00000106665,CLIP2,1.4191435761542293,0.44348639677809987,0.17216066142371347,0.4219086467692436,0.001,0.00287341924829051
ENSG00000120885,CLU,-1.7419208358404794,-0.3705548100502557,0.09779479661129344,0.31066293237417164,0.001,0.00287341924829051
ENSG00000134817,APLNR,-1.479794665369658,-0.6532253635798664,0.1554258854026503,0.3986375713947772,0.913,1
ENSG00000186834,HEXIM1,1.0534179008641238,0.5196617560787026,0.30544863179115417,0.5617336727955701,0.00115473441108545,0.00303583401624078
ENSG00000167930,FAM234A,-1.1659451495044546,-0.3514186644829951,0.2581587279683098,0.518096435743694,0.038,0.06914571092831961
ENSG00000153113,CAST,1.1179546932110658,0.42957425733018784,0.27761404428376235,0.5385043509600691,0.5261044176706827,0.6948167938277631
ENSG00000111752,PHC1,-1.027817539570823,-0.5680077462802706,0.31702780319808543,0.5742919180654957,0.9056224899598394,1
ENSG00000140545,MFGE8,-1.0258767767935133,-0.4358163282909689,0.317918156927287,0.5742919180654957,0.14819427148194272,0.23041492316571677
ENSG00000116044,NFE2L2,-1.2038843209244328,-0.43177750043005514,0.24351544752504928,0.5068347437074262,0.033,0.06138198198198198
ENSG00000175029,CTBP2,1.2660150222617463,0.4181780178665226,0.22091091063884308,0.4786756773455717,0.907,1
ENSG00000182195,LDOC1,1.1817167215468547,0.4806505802656723,0.2519930320895121,0.5126877715736158,0.001001001001001,0.00287341924829051
ENSG00000187068,C3orf70,1.3311657695770154,0.4114424294545585,0.1989905472753976,0.4535741573160199,0.101,0.1642841386554622
ENSG00000112511,PHF1,-1.206059236791974,-1.121427027905574,0.24269549146833436,0.5064280627678833,0.998,1
ENSG00000239305,RNF103,-1.0550256436398353,-0.5039645473892197,0.3047316840092545,0.5612581282896356,0.0010183299389002,0.00287341924829051
ENSG00000135164,DMTF1,1.3050254896550677,0.459648334183697,0.20757059960354163,0.46265967036918426,0.781,0.946675929549902
ENSG00000126456,IRF3,1.0655227723257297,0.38077586404765673,0.3000803312406012,0.5557264835865909,0.0010204081632653,0.00287341924829051
ENSG00000101152,DNAJC5,1.4073580345200825,0.40797674291734615,0.17557608059546004,0.4253696836314087,0.105,0.16989811912225705
ENSG00000104964,TLE5,-1.3431593754541968,-0.3461702347486009,0.195148751525926,0.4500109882192904,0.315,0.448856727295154
ENSG00000177595,PIDD1,0.906444384313016,0.6750767087615149,0.37612739449195487,0.6225662117809954,0.001953125,0.0047354740061162
ENSG00000172216,CEBPB,-1.187150214590336,-0.7835655729730497,0.24989477125455284,0.5108063053104482,0.4724724724724725,0.63674814936781865
ENSG00000151320,AKAP6,-1.1386780721167888,-0.431620263055688,0.26908393014491755,0.5300863629439921,0.00100200400801603,0.00287341924829051
ENSG00000133243,BTBD2,1.4021685582636634,0.4214073935061155,0.17709720336557133,0.42717042439498704,0.001,0.00287341924829051
ENSG00000177697,CD151,1.3053532179480134,0.6980928484479515,0.20746125979080743,0.46265967036918426,0.001,0.00287341924829051
ENSG00000167766,ZNF83,1.2356138175536555,0.3743104784666857,0.23176049118244824,0.4930304262872262,0.055,0.09607163000564016
ENSG00000221978,CCNL2,1.4945420163229448,0.3308549190937861,0.1515648253121958,0.3935796270203794,0.001,0.00287341924829051
ENSG00000165323,FAT3,1.1374887579174244,0.5419827593962329,0.2695681570802291,0.5304502290989841,0.5604060913705584,0.7316937879319643
ENSG00000159200,RCAN1,1.1633412093805304,0.33099449704811656,0.25918749460340196,0.518355608884144,0.1519138755980861,0.2351210758257235
ENSG00000198837,DENND4B,1.2214100489194757,0.34598970453001926,0.23696774032449203,0.5010983499876721,0.087,0.14431655061596144
ENSG00000167969,ECI1,-1.0598263309241902,-0.3761033048137867,0.30259808088953466,0.5582304179743395,0.1484848484848485,0.2307363651568368
ENSG00000077942,FBLN1,1.1886023667047427,0.5555573401179019,0.24933623126777887,0.5104907116476721,0.004,0.00895733911785972
ENSG00000134590,RTL8C,1.3350571002660705,0.414447409964055,0.1977375772923919,0.45219178365761536,0.198,0.2968083252662149
ENSG00000154319,FAM167A,-1.1448780194002524,-0.5451983874035111,0.26657008412043237,0.527775985441348,0.744,0.9158060413354532
ENSG00000198561,CTNND1,1.256272685497985,0.580458720034903,0.22434411964988404,0.48334967871039497,0.818,0.9781258687258688
ENSG00000163931,TKT,-1.0556147677585903,-0.7140869973499986,0.30446927580180816,0.5612581282896356,0.997,1
ENSG00000148331,ASB6,-1.0319114617736889,-0.42858047349246015,0.31515545736830125,0.5726725321626326,0.576,0.7476412405699916
ENSG00000141232,TOB1,-1.3916018045493916,-0.6722752355289364,0.1802272824971285,0.431327726084344,0.258,0.3754821428571429
ENSG00000160299,PCNT,-1.1835161367676827,-0.46613365297895926,0.2512966830105285,0.5121362780341151,0.001,0.00287341924829051
ENSG00000163660,CCNL1,1.1768623793679895,0.4311012075019579,0.2538788478231673,0.5144387179574705,0.515,0.6833568980291345
ENSG00000197457,STMN3,1.372637233616404,0.44424211272734415,0.1859562029441173,0.43650457309463686,0.001,0.00287341924829051
ENSG00000132382,MYBBP1A,-1.2017049563786206,-0.3685159916157178,0.2443391893691778,0.5069305372958945,0.076,0.12778067318132466
ENSG00000290854,ENSG00000290854,1.1685286240658077,0.3872827384670918,0.2571410742073417,0.5180851449615498,0.04304304304304304,0.07745746909024073
ENSG00000146830,GIGYF1,-1.313038899009088,-0.3547402767497694,0.2049100199830812,0.45936157644308456,0.016,0.03205174644243208
ENSG00000073969,NSF,1.3543360245644769,0.3721461766353445,0.1916217831627645,0.44448222394401554,0.019,0.03752742346938775
ENSG00000132471,WBP2,1.3250018479650578,0.4809390318563657,0.2009880936534963,0.4551789179799769,0.001,0.00287341924829051
ENSG00000151012,SLC7A11,-1.1966948422936692,-0.7351099492548994,0.2462408945954518,0.5070844468936571,0.001,0.00287341924829051
ENSG00000213614,HEXA,-1.1655444010508074,-0.4057567923753798,0.2583168564436374,0.518096435743694,0.122,0.19405957883923983
ENSG00000185532,PRKG1,-1.0942193458611429,-0.38130653669374465,0.2876265502436658,0.5461541276840938,0.02623612512613521,0.05006363494494194
ENSG00000161010,MRNIP,-1.2143837302455078,-0.5147556480286788,0.23957649111292811,0.5036082679655735,0.001,0.00287341924829051
ENSG00000182253,SYNM,-1.292857711438749,-0.46245505286388344,0.21166218178684337,0.46681659270796955,0.527,0.6954064763527908
ENSG00000197183,NOL4L,-1.0712401703790095,-0.47839961417462934,0.2975685355115687,0.5550225133133103,0.02836879432624113,0.05370302935719364
ENSG00000165782,PIP4P1,-0.9873930727773416,-0.3859888160029489,0.3359391984088158,0.5877887019883785,0.3760217983651226,0.5215134391118607
ENSG00000144451,SPAG16,-0.9377837748051284,-0.5484305861493657,0.360201244795211,0.6078288752094508,0.00126742712294043,0.00326286101392062
ENSG00000139438,FAM222A,1.1472983331863449,0.4865299528597702,0.26559349122481846,0.5266203170987989,0.233,0.3432925784966699
ENSG00000111652,COPS7A,1.2954298077594542,0.3756370769276324,0.21079206544579715,0.465477241776193,0.14,0.219201213346815
ENSG00000157881,PANK4,-1.0308889274955757,-0.34837071793534263,0.31562237371914714,0.5727123195252147,0.20220082530949107,0.3023737112426334
ENSG00000068137,PLEKHH3,-0.9885773560806156,-0.3892913942829433,0.33537421539189005,0.5874853961019162,0.988056460369164,1
ENSG00000196821,ILRUN,-1.0079239675977347,-0.4270951626809851,0.32623824348841957,0.5800920560308371,0.5267605633802817,0.6953868136354358
ENSG00000149256,TENM4,-0.2472414462841992,-0.16589341678384648,0.807390726588732,0.90912757778353,0.99568345323741,1
ENSG00000104946,TBC1D17,-1.2680614736714235,-0.34437246830354945,0.2201949387237481,0.4781915836661654,0.268,0.3885749063670412
ENSG00000198356,GET3,-1.0817882765511624,-0.4611572343914691,0.2929744267429238,0.5518516117506685,0.0021551724137931,0.00507186091604653
ENSG00000173486,FKBP2,1.1495043709700508,0.435004971420349,0.264705680573265,0.5258483009481237,0.081,0.13552512155591573
ENSG00000180398,MCFD2,1.108139219346993,0.4043575748150938,0.2817230848993012,0.5406434500227062,0.05740181268882175,0.0996487746060992
ENSG00000170906,NDUFA3,-1.1315896260717424,-0.55695347857949,0.27197953052201373,0.5327501332802829,0.65,0.8229967293540474
ENSG00000182600,SNORC,1.3907492559527601,0.5540983523963672,0.18048174920327092,0.43164507473192815,0.001,0.00287341924829051
ENSG00000227500,SCAMP4,-0.8912450814267675,-0.5884618302242868,0.38401827355982543,0.6312950262729644,1,1
ENSG00000129250,KIF1C,-0.7730932569572173,-0.409412944500496,0.4490411183184247,0.6852007491116683,0.988394584139265,1
ENSG00000183044,ABAT,1.4035637945128212,0.3748007655165839,0.1766871968253112,0.4266026251910377,0.951,1
ENSG00000078114,NEBL,-1.1993327421071005,-0.3708931069104836,0.2452382249714826,0.5069523450691856,0.001,0.00287341924829051
ENSG00000171444,MCC,-1.20049292208803,-0.4922350575872726,0.24479822025002537,0.5069305372958945,0.001,0.00287341924829051
ENSG00000008710,PKD1,1.329734008010239,0.46275734422594395,0.19945313568677148,0.45413736922086567,0.001,0.00287341924829051
ENSG00000067829,IDH3G,-0.9478506841287294,-0.772434030166435,0.35518385342722103,0.6019431621240272,0.981798715203426,1
ENSG00000101474,APMAP,-1.2456706446409576,-0.4355815276532213,0.2281269680037711,0.48911968563520425,0.001,0.00287341924829051
ENSG00000204463,BAG6,-1.191065210762204,-0.8887450906534159,0.24839110676954188,0.5090924670082432,1,1
ENSG00000169439,SDC2,-1.2366338255101517,-0.5992592214834874,0.23138995046867208,0.4930304262872262,0.001,0.00287341924829051
ENSG00000074696,HACD3,-1.291277232407771,-0.55500020803388,0.21219823346022737,0.4671262541430238,0.001,0.00287341924829051
ENSG00000110844,PRPF40B,1.076332209764681,0.379576128575114,0.2953442936305462,0.5526199091597436,0.4158215010141988,0.5695706274396168
ENSG00000048707,VPS13D,-1.119205880209114,-0.4225709544682273,0.27709344681905296,0.5383092495323039,0.746,0.9175385226370136
ENSG00000100979,PLTP,-1.4115020438079888,-0.3365978113396881,0.17436898000749276,0.4240705357229214,0.429,0.5852920704845814
ENSG00000151414,NEK7,1.011270607336792,0.545608530919933,0.3246757686722722,0.5784628322820107,0.00110132158590308,0.00295818989726092
ENSG00000099624,ATP5F1D,1.1224543132326756,0.6123614049452502,0.2757451871255343,0.5372329223314866,0.001,0.00287341924829051
ENSG00000105767,CADM4,-1.4320508597815578,-0.29871633640481093,0.1684820091740857,0.4155733123221529,0.001,0.00287341924829051
ENSG00000131446,MGAT1,1.1208040166604976,0.4462627890434842,0.2764295358307563,0.5376789763385715,0.32439024390243903,0.4604200666204646
ENSG00000272333,KMT2B,-0.9596037477059876,-0.4050529510222075,0.349386670486838,0.5996180734363276,0.982982982982983,1
ENSG00000110237,ARHGEF17,-1.342109723458938,-0.5625268349725515,0.19548261271280384,0.4504875824520177,0.971,1
ENSG00000188647,PTAR1,-1.068665963086871,-0.5396721625282607,0.29869756363980604,0.5557264835865909,0.001001001001001,0.00287341924829051
ENSG00000239306,RBM14,-1.0365428317379075,-0.49234220801477574,0.3130467953710659,0.5706699687104042,0.001,0.00287341924829051
ENSG00000173812,EIF1,1.2059005108490477,0.5182573489966047,0.24275526101767037,0.5064280627678833,0.588,0.7609845382365231
ENSG00000080573,COL5A3,1.368366182014809,0.587737277713257,0.18726630117526405,0.4379363584523866,0.001,0.00287341924829051
ENSG00000161204,ABCF3,1.2506925132565545,0.3916711107809451,0.22632906480530565,0.48673803736514426,0.25,0.36538461538461536
ENSG00000147799,ARHGAP39,-0.8605976827192475,-0.5885510700470938,0.4002596575578651,0.6479523341270376,0.998896247240618,1
ENSG00000162836,ACP6,-0.9692057976180624,-0.3833530629849376,0.3446989197052972,0.5967368394898156,0.00688073394495412,0.01490184127798806
ENSG00000113761,ZNF346,-0.9698629924259412,-0.4003566882405257,0.3443796678813209,0.5964756888193832,0.02040816326530612,0.03997728123507467
ENSG00000144021,CIAO1,-1.1841189327700712,-0.4345799239036839,0.2510637339708844,0.5121362780341151,0.001,0.00287341924829051
ENSG00000160948,VPS28,1.1955988818916867,0.47607528706891794,0.24665838285154543,0.5076490366415886,0.001,0.00287341924829051
ENSG00000151552,QDPR,-1.322813268717625,-0.9393009339873484,0.2017011406306183,0.4559192342780154,0.78,0.9462044653349
ENSG00000102858,MGRN1,1.021247479503074,0.3659654511775491,0.3200490621282099,0.5755514268781448,0.001,0.00287341924829051
ENSG00000015171,ZMYND11,-1.1082028599725018,-0.5112413198162739,0.2816963001548245,0.5406434500227062,0.001001001001001,0.00287341924829051
ENSG00000143797,MBOAT2,-1.2426572346871096,-0.2863970841378578,0.22921108087343917,0.49037460022493257,0.363,0.5059455445544555
ENSG00000013306,SLC25A39,-1.2734195689653132,-0.3384966740198812,0.21832887771564943,0.475304784799527,0.002,0.0047354740061162
ENSG00000126705,AHDC1,-1.3361100450447878,-0.488714029493676,0.19739961407481776,0.45219178365761536,0.315,0.448856727295154
ENSG00000177628,GBA1,-1.0060189260526176,-0.6333848386981289,0.32713002275385605,0.5804267084343052,0.00100300902708124,0.00287341924829051
ENSG00000101191,DIDO1,1.1852037037652736,0.5447082105279355,0.2506449372428826,0.5119863712308479,0.34,0.4784098137210359
ENSG00000159363,ATP13A2,-0.9639831335460298,-0.4418648405159537,0.347243237247466,0.5980419775044704,0.5098743267504489,0.6778841201716738
ENSG00000168137,SETD5,1.0770113017869245,0.4157906544185974,0.2950485728726747,0.5524871819467433,0.001,0.00287341924829051
ENSG00000211584,SLC48A1,-1.192445877531663,-0.4681571127432245,0.2478624575875308,0.5083548493196491,0.488,0.6556772234273319
ENSG00000171634,BPTF,1.2206699600799424,0.3613344093807077,0.23724149610250012,0.5011576576991038,0.001,0.00287341924829051
ENSG00000128739,SNRPN,1.317317630502189,0.5572510934772466,0.2035004269624532,0.4578693088093624,0.678,0.8521777597402598
ENSG00000067715,SYT1,1.3061992185501607,0.455642860625634,0.20717921782911383,0.46265967036918426,0.897,1
ENSG00000181291,TMEM132E,-0.9539205053317996,-0.38712341918634224,0.3521817712407256,0.6005911573108571,0.87374749498998,1
ENSG00000126012,KDM5C,-1.0812824016657747,-0.33905379228820115,0.29319357382622846,0.5518516117506685,0.478,0.6430781928757602
ENSG00000101144,BMP7,-1.2729026983475469,-0.4175644610419446,0.2185083511006532,0.4754033044216915,0.006,0.01304
ENSG00000175573,C11orf68,1.0224883061229837,0.4853359797695967,0.3194769108393781,0.5755514268781448,0.00100200400801603,0.00287341924829051
ENSG00000105404,RABAC1,1.2410249315637134,0.4302724755757199,0.2297999753674391,0.4909237109478102,0.001,0.00287341924829051
ENSG00000147533,GOLGA7,-0.6816072416874622,-0.44673696643955135,0.5037655580711551,0.7276447464095371,0.0014388489208633,0.00363171565437136
ENSG00000187147,RNF220,1.135070113910302,0.34753230819322334,0.2705548961048325,0.5315060687761047,0.057,0.09906228956228956
ENSG00000099365,STX1B,-1.1142856961711256,-0.44059351453463014,0.2791448014614955,0.5393853655375709,0.001,0.00287341924829051
ENSG00000167792,NDUFV1,-1.3598328926758865,-0.31304310351062586,0.1899058442326634,0.4428219224964409,0.001,0.00287341924829051
ENSG00000196428,TSC22D2,-1.183697187350881,-0.3260982048837396,0.25122669933521313,0.5121362780341151,0.828,0.9843823416506716
ENSG00000177951,BET1L,0.9684440083295448,0.3400449691651088,0.3450692367244311,0.596956019494452,0.17796610169491525,0.26956772616136915
ENSG00000161835,TAMALIN,0.5143466412125985,0.5288193337441146,0.6129795206273198,0.79193450265491,0.00127713920817369,0.00327425507261086
ENSG00000148498,PARD3,1.110694912304845,0.561279931820801,0.28064892579025347,0.5396625923719206,0.5147864184008762,0.6833568980291345
ENSG00000178057,NDUFAF3,1.225871103511042,0.42559067557729424,0.23532272425208012,0.4981117020089304,0.006,0.01304
ENSG00000092529,CAPN3,-0.9816538652766866,-0.5544228777460413,0.33868656456337265,0.5912409126089039,0.9929435483870968,1
ENSG00000239779,WBP1,-1.2187804988563862,-0.43698167156637463,0.2379414953100499,0.501380234617599,0.158,0.24308296075509192
ENSG00000105605,CACNG7,-0.9333787497862256,-0.3546765844537941,0.3624117895052933,0.6096225738069717,0.01077844311377245,0.0224032471968814
ENSG00000164828,SUN1,-1.0827194825863933,-0.4404941497822656,0.2925713352631802,0.5518038708744325,0.665,0.8378783563873068
ENSG00000132424,PNISR,-1.193552474707371,-0.6067535425018933,0.2474393628537156,0.5083548493196491,0.153,0.23632967581047384
ENSG00000109971,HSPA8,1.396140478858771,0.3531041991610586,0.17887743550426918,0.4301316202010329,0.001,0.00287341924829051
ENSG00000157985,AGAP1,1.211252111504774,0.3733206087173138,0.2407462360376747,0.5042715363958864,0.347,0.4867115036231884
ENSG00000165566,AMER2,-1.3363365143823802,-0.3844546554708224,0.19732698405084395,0.45219178365761536,0.273,0.3950395588189967
ENSG00000248098,BCKDHA,-0.5903718503197005,-0.2783489611112708,0.5619438859681379,0.7679032577542996,0.025,0.04797087980173482
ENSG00000130226,DPP6,-1.3294969666135086,-0.310575913525455,0.1995298033513338,0.45413736922086567,0.001,0.00287341924829051
ENSG00000167491,GATAD2A,-0.9930413590087744,-0.3975235913100319,0.33325053336907384,0.5863396841216743,0.351129363449692,0.4911687617902873
ENSG00000116675,DNAJC6,1.2305846608114628,0.42426774070440487,0.23359410499585456,0.495443305326537,0.235,0.3459101711026616
ENSG00000141759,TXNL4A,1.2307521831513892,0.362340031424243,0.23353284843174332,0.495443305326537,0.134,0.21130244399185336
ENSG00000115241,PPM1G,0.989680058100511,0.4399206900646406,0.3348487471608925,0.586855152124632,0.02069857697283312,0.04052053911811894
ENSG00000119669,IRF2BPL,-1.015812992516994,-0.5397361114424037,0.3225634610220194,0.5777610727545015,0.981,1
ENSG00000183255,PTTG1IP,-1.3556945951225348,-0.3417538888605382,0.1911965398747741,0.44392525653822695,0.005,0.01102135231316726
ENSG00000142657,PGD,1.0466774430632255,0.4028671866797194,0.30846759345284225,0.5649390982471392,0.001,0.00287341924829051
ENSG00000185565,LSAMP,-1.375326923491047,-0.5520340934477305,0.1851349344799725,0.43641568738227776,0.001,0.00287341924829051
ENSG00000125971,DYNLRB1,1.1117646933621257,0.34139088252527294,0.2802001898896472,0.5393853655375709,0.003003003003003,0.00685538971905519
ENSG00000015592,STMN4,1.0828598116931134,0.5288829623777407,0.2925106258730621,0.5518038708744325,0.001001001001001,0.00287341924829051
ENSG00000241973,PI4KA,-1.245694929560778,-0.3643053389641104,0.2281182472550848,0.48911968563520425,0.001,0.00287341924829051
ENSG00000134121,CHL1,-1.0672173449263422,-0.42838574200010354,0.2993342745188652,0.5557264835865909,0.001,0.00287341924829051
ENSG00000172725,CORO1B,1.0992259755403857,0.400448437849842,0.2854929098042381,0.5445427498797045,0.6170854271356784,0.7916791913169826
ENSG00000171604,CXXC5,1.3488179477842892,0.3352197583023751,0.19335671786105427,0.4470427510860667,0.001,0.00287341924829051
ENSG00000085872,CHERP,-1.115675398219259,-0.4656036739530394,0.2785642696904094,0.5393853655375709,0.333,0.4713441499085923
ENSG00000204569,PPP1R10,-1.1617152678613702,-0.4970082484922728,0.25983142781680535,0.518355608884144,0.001,0.00287341924829051
ENSG00000058453,CROCC,0.9132131363950962,0.371998460779821,0.3726483752731199,0.6194551038033905,0.00129870129870129,0.00332128647570431
ENSG00000169682,SPNS1,-1.0162950619026625,-0.37967860484091415,0.32233985824910105,0.5777610727545015,0.1,0.16291425565491846
ENSG00000159228,CBR1,-1.1657276524446685,-0.4423651608083047,0.2582445395784744,0.518096435743694,0.001,0.00287341924829051
ENSG00000111540,RAB5B,-1.1541042066611784,-0.3403026763192543,0.26286161100889127,0.5236534455531456,0.042,0.07584489795918369
ENSG00000117758,STX12,-1.067236243387964,-0.40532831686368653,0.2993259617842346,0.5557264835865909,0.00100806451612903,0.00287341924829051
ENSG00000006282,SPATA20,-1.1352760552209822,-0.5994772868654937,0.2704707737082866,0.5315060687761047,1,1
ENSG00000135441,BLOC1S1,-1.105695498798767,-0.41248514490310934,0.28275299867185033,0.5413573628625372,0.007,0.01505486111111111
ENSG00000185386,MAPK11,-0.6813447603539494,-0.3476313149337906,0.5039278833830024,0.7276447464095371,0.9943181818181818,1
ENSG00000139218,SCAF11,0.9566067616847224,0.39369971377067187,0.35085872931928386,0.5999221098903293,0.01041666666666666,0.02166582717707634
ENSG00000070047,PHRF1,-1.0505200426020913,-0.4701590222615096,0.306743939130367,0.5631971758867165,0.98,1
ENSG00000132635,PCED1A,-0.757739192635353,-0.4229623632054492,0.4579637095454667,0.6923207252283582,0.8813376483279396,1
ENSG00000172458,IL17D,1.2410414928356237,0.6858615680468771,0.2297939946352311,0.4909237109478102,0.001,0.00287341924829051
ENSG00000092421,SEMA6A,1.1645841992202115,0.39524315062395093,0.25869603090241944,0.518355608884144,0.049,0.08701433486238533
ENSG00000148399,DPH7,1.0112965382168275,0.3880284148067159,0.32466368268634294,0.5784628322820107,0.6942148760330579,0.8693827218254672
ENSG00000162496,DHRS3,-1.0755586003427215,-0.4048610526471163,0.2956814347849705,0.5529586283043112,0.017,0.03379268292682927
ENSG00000115073,ACTR1B,1.2021492724351794,0.4192487832586778,0.24417107831297424,0.5069305372958945,0.001,0.00287341924829051
ENSG00000106636,YKT6,-1.0697004395891816,-0.38299886324322474,0.2982434789206253,0.5556325996497866,0.001,0.00287341924829051
ENSG00000141933,TPGS1,0.9559400319728402,0.354799080323904,0.3511867906091122,0.5999221098903293,0.3691588785046729,0.513144096377456
ENSG00000110497,AMBRA1,1.008676026579118,0.3747237655365516,0.3258866637202771,0.5800455089935785,0.001,0.00287341924829051
ENSG00000107957,SH3PXD2A,0.9495505319551808,0.3500954273705247,0.35434136786071,0.601046413819784,0.03675675675675675,0.06743819649032919
ENSG00000007168,PAFAH1B1,1.3013192711592574,0.35244555314615006,0.20881024963943232,0.46374534883342994,0.903,1
ENSG00000146063,TRIM41,-1.0620887295410448,-0.42502568114104705,0.3015963186341198,0.5569625446308928,0.973,1
ENSG00000179262,RAD23A,1.000116120796766,0.409659957332161,0.3299040743496283,0.5832527538245239,0.5190380761523046,0.6872428054055952
ENSG00000119048,UBE2B,1.1124292251617964,0.4012605523885728,0.27992170737551947,0.5393853655375709,0.213,0.3172972582972583
ENSG00000166710,B2M,-0.991263044783008,-0.681241549648839,0.33409541288822187,0.5866960597174427,0.00977995110024449,0.02050677627451402
ENSG00000160305,DIP2A,1.0638557616049986,0.3363855028109623,0.30081556017681554,0.5564021291485194,0.001,0.00287341924829051
ENSG00000008952,SEC62,1.2203958624749538,0.3921227284222767,0.23734294493494565,0.5011576576991038,0.651,0.8235894607843137
ENSG00000105647,PIK3R2,-1.0312908945777417,-0.43539866270234906,0.31543876630414913,0.5726725321626326,0.015,0.03022446324007807
ENSG00000178695,KCTD12,-1.1203861767239105,-0.8504039000293424,0.27660300505579144,0.5377210998395243,1,1
ENSG00000145029,NICN1,1.088431654915255,0.3837541803317217,0.2901075134705474,0.5486203095162873,0.243,0.3566687203791469
ENSG00000120451,SNX19,0.9921788525614956,0.44954281233382026,0.3336601250482222,0.5863396841216743,0.8123732251521298,0.9744073889605523
ENSG00000126351,THRA,-1.1659311607895422,-0.839342954918138,0.25816424645338837,0.518096435743694,0.996,1
ENSG00000065029,ZNF76,-0.8796483138265528,-0.32087630111416704,0.3901120112338875,0.6373508965823014,0.0010351966873706,0.00287534003658004
ENSG00000178028,DMAP1,1.133596439140816,0.39709206495439714,0.27115742488267003,0.5318891095351725,0.271,0.3925570626753976
ENSG00000114023,FAM162A,-0.9282652377107165,-0.3704286407412553,0.3649893666502305,0.6118278924160513,0.01263823064770932,0.02576734714677799
ENSG00000161202,DVL3,1.218589710931217,0.4478298987034335,0.2380122651143296,0.501380234617599,0.001,0.00287341924829051
ENSG00000160551,TAOK1,-1.1439457694759625,-0.3448111858030794,0.2669469571663242,0.5279319499068232,0.001,0.00287341924829051
ENSG00000071575,TRIB2,1.0694206697359423,0.3802644261663832,0.29836623504627163,0.5556325996497866,0.342,0.4810054495912807
ENSG00000101337,TM9SF4,-0.8390063239552409,-0.4112604242817789,0.41196611458263943,0.654533640789239,0.00131061598951507,0.00333797509829619
ENSG00000132485,ZRANB2,1.1133114536159057,0.4041541483901544,0.27955230984705215,0.5393853655375709,0.945,1
ENSG00000263001,GTF2I,0.994964146895574,0.5368532961417294,0.33233869264742355,0.5857240718154969,0.7859973579920739,0.9512441647915018
ENSG00000178104,PDE4DIP,-1.3448851442545566,-0.4292416827635677,0.194600821441016,0.4490398107779014,0.001,0.00287341924829051
ENSG00000099246,RAB18,-1.0168769682538308,-0.4455726810216724,0.32207009281047205,0.5776062120175656,0.01135190918472652,0.02339112624424354
ENSG00000160194,NDUFV3,-0.8865918381219877,-0.36410871738745265,0.3864558075403154,0.633715958475832,0.3135678391959799,0.4475205520691013
ENSG00000165458,INPPL1,-1.2138714932148542,-0.4364148215121735,0.23976752876623728,0.5037109056287143,0.002,0.0047354740061162
ENSG00000173918,C1QTNF1,-1.2047548418349392,-0.41520353501393026,0.243187003835866,0.5066872750509631,0.983,1
ENSG00000114353,GNAI2,1.1809478497932118,0.37202890895646046,0.25229101802733267,0.5126877715736158,0.001,0.00287341924829051
ENSG00000120594,PLXDC2,-1.193926076024853,-0.4257868921755176,0.24729664415029823,0.5083548493196491,0.001,0.00287341924829051
ENSG00000175550,DRAP1,1.283420541884494,0.31446557529264707,0.21487873423927917,0.4701052975142229,0.001,0.00287341924829051
ENSG00000151893,CACUL1,0.8225974384116002,0.3348199605415423,0.42100808394610034,0.6592443118201093,0.02991452991452991,0.05648024316109423
ENSG00000116580,GON4L,-1.0000644382433856,-0.4770111686642222,0.32992843533268024,0.5832527538245239,0.001,0.00287341924829051
ENSG00000080371,RAB21,-1.1080287866517475,-0.3901602050097795,0.28176956768546463,0.5406434500227062,0.005,0.01102135231316726
ENSG00000170653,ATF7,-1.051967202986595,-0.4461646574858144,0.30609658511785653,0.5626331626816025,0.001,0.00287341924829051
ENSG00000104936,DMPK,-1.2475956032573812,-0.4083642265571122,0.2274365086192189,0.4882303718359232,0.75,0.9209952418715306
ENSG00000175387,SMAD2,-1.0187710297050243,-0.297469403458079,0.3211931296735666,0.5769097694238199,0.339,0.4776537761601456
ENSG00000079999,KEAP1,-1.0220895097690847,-0.6047256971014341,0.31966071887398095,0.5755514268781448,0.997,1
ENSG00000109099,PMP22,-1.181251028663631,-0.3727352954988768,0.25217348554478325,0.5126877715736158,0.001,0.00287341924829051
ENSG00000105258,POLR2I,1.0745121159410251,0.391895367981279,0.2961379387146874,0.5533706404241397,0.023,0.04443605739238927
ENSG00000065526,SPEN,0.8612152113922438,0.4508087237641693,0.39992805123634634,0.64771154891593,0.02285714285714285,0.04438154948499776
ENSG00000223802,CERS1,-1.288781956232514,-0.41013675515233927,0.213046714468294,0.4678323248730526,0.997,1
ENSG00000092098,RNF31,0.8764572847332458,0.4004757641981112,0.3917998902782388,0.6391467943621386,0.21058315334773217,0.31399904955124047
ENSG00000143418,CERS2,-0.9090951357794496,-0.43697128024426535,0.3747623804218697,0.6211550544942734,0.001,0.00287341924829051
ENSG00000269858,EGLN2,-1.1060152118338802,-0.4041447093188211,0.2826180979622011,0.5413573628625372,0.517,0.685130081300813
ENSG00000115762,PLEKHB2,-1.111939114313068,-0.4035433307969598,0.2801270763580363,0.5393853655375709,0.044,0.07908763784097504
ENSG00000080298,RFX3,-0.9992271188016668,-0.3123724616719408,0.33032328797230337,0.5832527538245239,0.001,0.00287341924829051
ENSG00000100376,FAM118A,-1.1293948100039046,-0.5888697633708992,0.2728807630720128,0.5337071578139533,1,1
ENSG00000188191,PRKAR1B,1.2692865257953767,0.4196193261648271,0.21976720340408648,0.47755548126213143,0.467,0.6312959406372763
ENSG00000128283,CDC42EP1,-0.8490764807483656,-0.35625287367510317,0.4064791467626272,0.651500796617302,0.9158004158004158,1
ENSG00000109133,TMEM33,-1.1160250837206611,-0.4024988132020773,0.27841833258558557,0.5393853655375709,0.001,0.00287341924829051
ENSG00000172602,RND1,-0.7124458000659392,-0.45245981899899435,0.48490333845883815,0.7136453953386067,0.4652567975830816,0.6300394849649339
ENSG00000001084,GCLC,-0.847014628441146,-0.6898705804973194,0.4075987431836694,0.651500796617302,0.001,0.00287341924829051
ENSG00000114315,HES1,-0.8595116753130287,-1.012298244724689,0.4008432652098948,0.6483044956043138,1,1
ENSG00000100359,SGSM3,-1.1339982037815073,-0.3312862982979053,0.2709930603664902,0.5318891095351725,0.003,0.00685538971905519
ENSG00000171130,ATP6V0E2,1.061282409556025,0.4631376036059786,0.3019530731601698,0.5573307895431586,0.001,0.00287341924829051
ENSG00000170145,SIK2,-0.9654162677835356,-0.30141381511584514,0.34654377641106315,0.5980419775044704,0.326,0.4622811355311356
ENSG00000135677,GNS,-0.8824671504940048,-0.5334541653091811,0.38862498233284337,0.6358012413038944,0.00102880658436214,0.00287341924829051
ENSG00000106263,EIF3B,1.1440663868325165,0.3725898159157703,0.2668981738757785,0.5279319499068232,0.001,0.00287341924829051
ENSG00000099977,DDT,-1.0122783402431583,-0.2714893264224717,0.3242063126997946,0.5784628322820107,0.028,0.05306976744186047
ENSG00000137200,CMTR1,-1.012779080741273,-0.512710752496912,0.3239732187453036,0.5784628322820107,0.004,0.00895733911785972
ENSG00000166337,TAF10,-1.012028670219746,-0.3374019405604619,0.3243225778210991,0.5784628322820107,0.653,0.825445306122449
ENSG00000103202,NME4,1.066036872762586,0.346665634025388,0.29985385062413117,0.5557264835865909,0.001,0.00287341924829051
ENSG00000161011,SQSTM1,1.3502367556835646,0.33558434342759086,0.1929094446759195,0.44659166865497185,0.137,0.2149387031408308
ENSG00000023516,AKAP11,-0.9288193013595484,-0.38873005840624697,0.3647094821539777,0.6116481940290668,0.7061803444782169,0.8822269168410801
ENSG00000142156,COL6A1,1.2658847685382375,0.3967783235902561,0.22095654223040492,0.4786756773455717,0.001,0.00287341924829051
ENSG00000166619,BLCAP,1.027534229724126,0.43791696632106647,0.3171576654975901,0.5742919180654957,0.3350151362260343,0.4735525921754378
ENSG00000054965,FAM168A,-1.2294643857627712,-0.33211653612974257,0.23400406356288628,0.4957191346529564,0.004,0.00895733911785972
ENSG00000172201,ID4,-1.4108415037578967,-0.30097540311618365,0.1745609376295933,0.4240705357229214,0.005,0.01102135231316726
ENSG00000126464,PRR12,0.6385386224904579,0.4334805258504189,0.5307954130172716,0.7484384366668695,0.0010593220338983,0.00291360598488725
ENSG00000014216,CAPN1,-1.2120701066788988,-0.3364227989300933,0.240440273746977,0.5039839153007806,0.006,0.01304
ENSG00000110047,EHD1,-1.1642554921193973,-0.4013031751150261,0.25882592992114906,0.518355608884144,0.934,1
ENSG00000167202,TBC1D2B,1.032449805898338,0.3804357407082408,0.31490983235019343,0.5725927239139554,0.041,0.07421215663354763
ENSG00000116539,ASH1L,1.166949416765782,0.32683571245212817,0.25776278002107766,0.518096435743694,0.05,0.08853630646083477
ENSG00000135749,PCNX2,1.0982282271264483,0.37193352991246986,0.28591718812748285,0.5450584931902821,0.001,0.00287341924829051
ENSG00000178567,EPM2AIP1,0.9948677723247416,0.3228145302797984,0.33238435470049377,0.5857240718154969,0.799,0.9620929237947122
ENSG00000167996,FTH1,1.2876935884560452,0.6587025677006964,0.213417625677413,0.4678323248730526,0.001,0.00287341924829051
ENSG00000115756,HPCAL1,-0.7949928810199058,-0.8175208764623481,0.43650083887443303,0.6742633978601141,1,1
ENSG00000128731,HERC2,1.1266675624244886,0.35041359204429623,0.27400369596487917,0.5347223642466127,0.329,0.466108417200366
ENSG00000091164,TXNL1,0.9615121509701028,0.32434571408953883,0.3484515133032088,0.598842920970386,0.5566150178784267,0.7282791340808988
ENSG00000167113,COQ4,-0.9571080819035656,-0.4360198435962326,0.3506121953685738,0.5999221098903293,0.001,0.00287341924829051
ENSG00000004975,DVL2,-0.8203431205024456,-0.30681413804376206,0.4222600790017679,0.6603290065449279,0.453,0.6147857142857144
ENSG00000163703,CRELD1,-1.1413024502335447,-0.4293273982926777,0.2680177037722456,0.528634726781913,0.223,0.33060363810435617
ENSG00000007372,PAX6,-0.6156165469457241,-0.24805642928112517,0.5454999366211635,0.7597958220653406,0.9717607973421928,1
ENSG00000008056,SYN1,1.0733790085781183,0.34851706940008664,0.2966328045228661,0.5535687005374035,0.001,0.00287341924829051
ENSG00000078725,BRINP1,-1.1128486579561006,-0.4698517005184729,0.2797460421465108,0.5393853655375709,0.992,1
ENSG00000116857,TMEM9,0.99256193997428,0.34951120993856516,0.33347815912829626,0.5863396841216743,0.502,0.6709943892965041
ENSG00000143653,SCCPDH,-0.75146145788446606,-0.47671487570697774,0.46164262083923246,0.6949163463716793,0.00196850393700787,0.0047354740061162
ENSG00000092096,SLC22A17,1.3841461440696932,0.4113498612186451,0.1824624092410373,0.43345530082612616,0.001,0.00287341924829051
ENSG00000072778,ACADVL,-1.2880688333500243,-0.6268239862176601,0.2132896869231284,0.4678323248730526,1,1
ENSG00000242498,ARPIN,1.0438107923943634,0.3660343003711501,0.3097579737216261,0.5660464494713198,0.009,0.01897413206262763
ENSG00000130311,DDA1,0.791079038579481,0.3111670344077532,0.4387258753026354,0.6760987242420715,0.03380782918149466,0.06280914635578222
ENSG00000108557,RAI1,-0.9652686679893856,-0.395007765874129,0.34661576969124874,0.5980419775044704,0.16,0.2454284299157999
ENSG00000111716,LDHB,-1.2298640899009992,-0.5923385994368392,0.23385773081366504,0.4957056149263923,0.001,0.00287341924829051
ENSG00000105700,KXD1,-1.108898433882567,-0.3078973200155074,0.2814036722717594,0.5406434500227062,0.001,0.00287341924829051
ENSG00000071246,VASH1,1.077607960641012,0.3395191576356987,0.2947889258790988,0.5524871819467433,0.025,0.04797087980173482
ENSG00000138279,ANXA7,0.9343421120442266,0.3552913030950809,0.3619275685383043,0.6095803365490604,0.12,0.19117283950617284
ENSG00000196367,TRRAP,-0.8576445382913123,-0.30763572175562337,0.4018479336819071,0.6490825067740913,0.11911911911911913,0.189987991091844
ENSG00000128487,SPECC1,-1.170705759746267,-0.30808114901718725,0.2562858199165031,0.5169500991709876,0.001,0.00287341924829051
ENSG00000080824,HSP90AA1,1.1708820451346504,0.31799446913169144,0.25621666247245106,0.5169500991709876,0.001,0.00287341924829051
ENSG00000092445,TYRO3,0.9993286150502249,0.2909727201402745,0.3302754080359698,0.5832527538245239,0.06,0.10346325167037862
ENSG00000119396,RAB14,-1.0815020388135292,-0.48439425305617306,0.29309841150638083,0.5518516117506685,0.011,0.02268109187749667
ENSG00000260916,CCPG1,0.9633665998540152,0.35217698977311584,0.3475444435186501,0.5980802367369367,0.7194994786235662,0.8923868183008349
ENSG00000060237,WNK1,1.179338590478181,0.4124103461872109,0.25291556598841164,0.5133678709059909,0.001,0.00287341924829051
ENSG00000126091,ST3GAL3,0.8538809647829176,0.369586901712253,0.40387799512811173,0.6500277821583569,0.8885832187070152,1
ENSG00000134644,PUM1,1.1809790945770045,0.32030914166441055,0.25227890354438093,0.5126877715736158,0.175,0.26580431584109854
ENSG00000117394,SLC2A1,1.2628576982997872,0.4241813883345757,0.22201906938177196,0.48054445630499304,0.001,0.00287341924829051
ENSG00000147408,CSGALNACT1,0.8976584470816972,0.3664911929361352,0.3806754321736975,0.627432471270003,0.849896480331263,1
ENSG00000185551,NR2F2,-0.8046965471293144,-0.297431847345294,0.4310146594789276,0.6689982137924458,0.01217038539553752,0.02484619879365835
ENSG00000148334,PTGES2,1.1422159625134525,0.33785033171269885,0.267647301203081,0.5284318510932625,0.158,0.24308296075509192
ENSG00000100413,POLR3H,-1.1431400768618751,-0.3691789793397387,0.2672729869110614,0.528150256866087,0.076,0.12778067318132466
ENSG00000073060,SCARB1,1.020297415357633,0.43655296454470255,0.3204876307368054,0.5759346464077955,0.101,0.1642841386554622
ENSG00000173621,LRFN4,0.7247574021112683,0.4024442385457708,0.4774899431585501,0.7082367582360068,0.00104166666666666,0.0028859746477797
ENSG00000143811,PYCR2,1.07723184023123,0.3378315389823562,0.29495258225428256,0.5524871819467433,0.1,0.16291425565491846
ENSG00000119318,RAD23B,-0.7881558575964381,-0.42359095662905094,0.4403923045639899,0.6773206872625498,0.00103412616339193,0.00287494499822694
ENSG00000101161,PRPF6,1.1013262438626663,0.33214941087869115,0.2846013045278141,0.5434273965700904,0.934,1
ENSG00000132669,RIN2,-0.9240494313574668,-0.4489602975389658,0.3671237240945347,0.6133736937466236,0.001,0.00287341924829051
ENSG00000168394,TAP1,-0.893585443472989,-0.391336865901909,0.38279616107479975,0.6300483283117755,0.009009009009009,0.0189802046944904
ENSG00000165678,GHITM,-0.9568785238238464,-0.35915248834149976,0.35072507027073974,0.5999221098903293,0.001001001001001,0.00287341924829051
ENSG00000146729,NIPSNAP2,-0.7365986901990081,-0.3085325295572175,0.4704233822548,0.7024618971106666,0.02527646129541864,0.04844133702469773
ENSG00000143442,POGZ,-1.148564963350087,-0.3444590303034655,0.2650834706123061,0.5263036171013387,0.621,0.7947260330578513
ENSG00000172493,AFF1,0.8190539845096823,0.3336333963943191,0.4229770938542222,0.6607812315662251,0.00202224469160768,0.00477354558682088
ENSG00000175309,PHYKPL,1.0010909037206657,0.3772769966205577,0.3294448384839507,0.5831552313394069,0.001,0.00287341924829051
ENSG00000237172,B3GNT9,0.7394408916850913,0.3008887721110061,0.4687365652231727,0.7008294276152292,0.07331975560081466,0.12387958706804313
ENSG00000101265,RASSF2,-0.9250442321181552,-0.5474556494105282,0.3666193246978016,0.6131423731919369,0.001,0.00287341924829051
ENSG00000124214,STAU1,-0.7654095585121842,-0.45661382804537465,0.4534929015053165,0.6891960535989309,0.9009793253536452,1
ENSG00000102109,PCSK1N,1.3473061511544973,0.32394650476270603,0.1938342108485023,0.447854386709325,0.001,0.00287341924829051
ENSG00000113504,SLC12A7,0.8218025182316512,0.448013863991834,0.4214492948407714,0.6596435715095061,0.00160513643659711,0.0040089576968881
ENSG00000033100,CHPF2,1.0156355489397804,0.4344380168593279,0.32264579387589043,0.5777610727545015,0.101,0.1642841386554622
ENSG00000158195,WASF2,-0.8468404965092645,-0.25384736513329487,0.4076933886436409,0.651500796617302,0.0783132530120482,0.131455904920495
ENSG00000107758,PPP3CB,1.114881554781318,0.3388222052623449,0.27889577967014983,0.5393853655375709,0.001,0.00287341924829051
ENSG00000048828,FAM120A,1.021394676521059,0.3367630494261628,0.3199811510131165,0.5755514268781448,0.058,0.10023772321428571
ENSG00000138814,PPP3CA,-0.8490829769528888,-0.3505515898672393,0.4064756224283935,0.651500796617302,0.21933085501858737,0.32578784555998325
ENSG00000137075,RNF38,0.5435225600794904,0.3185603419434087,0.5931321322201036,0.7798883666337717,0.906040268456376,1
ENSG00000087274,ADD1,1.1750217363497506,0.3581475965235201,0.25459667118865026,0.5148653661433971,0.038,0.06914571092831961
ENSG00000100994,PYGB,-1.2675031362022118,-0.35928991628272167,0.2203901000892514,0.4783221412476278,0.001,0.00287341924829051
ENSG00000185989,RASA3,-0.924731526701294,-0.3619539507230982,0.3667778271131269,0.6131423731919369,0.717,0.8903564554931837
ENSG00000125814,NAPB,-0.9728431559700792,-0.6610819380291176,0.342934525567006,0.5956714605076311,0.001,0.00287341924829051
ENSG00000138688,BLTP1,-0.8293843045666447,-0.5039518277557402,0.4172530595034549,0.6585115367580417,0.01223776223776223,0.02496729225978238
ENSG00000123933,MXD4,1.0786114031637517,0.30555310972089117,0.2943526328521565,0.5524871819467433,0.253,0.3690725388601036
ENSG00000108523,RNF167,-1.035147043391491,-0.44005878161682754,0.3136812380485263,0.5712385322199899,0.001,0.00287341924829051
ENSG00000100239,PPP6R2,-0.8501093956250625,-0.7679924953188505,0.4059190153454113,0.651500796617302,1,1
ENSG00000144655,CSRNP1,-0.5712596773963103,-0.41196623510998454,0.5745634003392629,0.7725650007347596,0.998371335504886,1
ENSG00000213780,GTF2H4,-0.8743074322101041,-0.5218113636104311,0.39293974104596763,0.6396105527503756,0.001,0.00287341924829051
ENSG00000182541,LIMK2,-0.9258948091674372,-0.3003057823332934,0.3661884224791766,0.6129675767586218,0.063,0.10791537610619469
ENSG00000117419,ERI3,-0.9945094814821788,-0.3300235872168101,0.33255415050432846,0.585731875229404,0.023,0.04443605739238927
ENSG00000163041,H3-3A,1.2119996015014542,0.30706738313320087,0.2404666337826988,0.5039839153007806,0.02,0.03925221799746514
ENSG00000176148,TCP11L1,0.8357215163290762,0.35866707412212356,0.4137661497774875,0.6548524139910012,0.0376940133037694,0.06883157971802703
ENSG00000147324,MFHAS1,-0.7534015481679353,-0.23966148776283375,0.4605037773284214,0.6939941864198467,0.1457286432160804,0.22736604939052943
ENSG00000112294,ALDH5A1,0.9057362527146492,0.3216577302683652,0.3764926102865308,0.6225662117809954,0.15430861723446893,0.23811349654965136
ENSG00000170759,KIF5B,0.8402053284523617,0.31123428247110657,0.4113103270817985,0.654533640789239,0.09309309309309308,0.15335601559005813
ENSG00000134072,CAMK1,-0.9156869538057282,-0.2908720559297478,0.3713822704780996,0.6189864753037653,0.065,0.11091184573002756
ENSG00000099795,NDUFB7,1.096683845668757,0.27544315535502023,0.2865748222456369,0.5455077940101826,0.39,0.5389692101740294
ENSG00000168300,PCMTD1,1.0483732266173682,0.2974196199321963,0.30770607296074537,0.5641278004280331,0.946,1
ENSG00000149923,PPP4C,0.8880496554864814,0.371182187472344,0.3856910549681952,0.6330480614908932,0.5111111111111111,0.6790695457362124
ENSG00000123144,TRIR,1.1135827322967895,0.33165637011282983,0.2794387948937139,0.5393853655375709,0.001,0.00287341924829051
ENSG00000111642,CHD4,-1.0899792632356289,-0.3635309733487532,0.2894425921237964,0.5485316539874194,0.001,0.00287341924829051
ENSG00000163382,NAXE,-0.9569452420329262,-0.3162907255997319,0.35069226201317116,0.5999221098903293,0.133,0.2098323993886908
ENSG00000101680,LAMA1,-0.8252650627819816,-0.31358638225527835,0.41952959427178416,0.6591755428772021,0.001,0.00287341924829051
ENSG00000156345,CDK20,0.7156387818408674,0.28605440943149146,0.4829742412279403,0.712237265779519,0.02072538860103627,0.04054739639760539
ENSG00000134440,NARS1,-0.7408652206014484,-0.3286482515219502,0.4678926035699914,0.7002093267835272,0.00185528756957328,0.0045565627303477
ENSG00000143641,GALNT2,-0.9236898369013976,-0.7986880214844617,0.3673061662774646,0.6133891753676471,0.001,0.00287341924829051
ENSG00000123575,FAM199X,-0.9394261884976516,-0.3425547622883834,0.35937938956555837,0.6070204090802135,0.006,0.01304
ENSG00000004142,POLDIP2,-1.0344527724787,-0.3482598965842647,0.313997152850612,0.5715199976345672,0.054,0.09459162895927602
ENSG00000024048,UBR2,-0.9539661897203456,-0.2941175495917013,0.352159242143843,0.6005911573108571,0.086,0.14319462365591396
ENSG00000168216,LMBRD1,-0.9059208816386766,-0.36423524699637727,0.3763973659324439,0.6225662117809954,0.001,0.00287341924829051
ENSG00000152137,HSPB8,-1.0638420985699144,-1.636457916549436,0.3008215915639228,0.5564021291485194,1,1
ENSG00000155463,OXA1L,-0.8396689641396997,-0.3603401536438909,0.41160360512308136,0.654533640789239,0.06211180124223602,0.10668898971004158
ENSG00000274070,CASTOR2,0.7954231514863851,0.2941726696252274,0.43625665773460065,0.6741802276160365,0.6057347670250897,0.7797183215621105
ENSG00000142235,LMTK3,1.0485854810227846,0.31946016989042736,0.30761085128908805,0.5641278004280331,0.02,0.03925221799746514
ENSG00000141480,ARRB2,-0.9351914420570968,-0.39544454127163736,0.3615010280101863,0.6091515895395243,0.179,0.2709496578690127
ENSG00000172893,DHCR7,-0.7847447924443528,-0.2939091823816501,0.44234181766406666,0.6788451985121855,0.00300601202404809,0.00685538971905519
ENSG00000076928,ARHGEF1,1.2129787726752812,0.3585189729743368,0.24010074428977737,0.5039839153007806,0.001,0.00287341924829051
ENSG00000198915,RASGEF1A,-0.8536256517847234,-0.3545369812340364,0.4040159502857371,0.6500277821583569,0.01,0.02082716879623403
ENSG00000132470,ITGB4,-1.1752508177014969,-1.3777123304264922,0.25450724981216305,0.5148653661433971,1,1
ENSG00000188895,MSL1,-0.9467250686641356,-0.40442724451849704,0.35574248707401634,0.602313522569869,0.001,0.00287341924829051
ENSG00000063180,CA11,0.7762877464117798,0.27929973713269207,0.44719820847697533,0.6834495464106064,0.01920438957475994,0.03785868524063116
ENSG00000141425,RPRD1A,-0.8844892872581283,-0.32665245291189443,0.38756054001694906,0.6345201585807372,0.01601601601601601,0.0320630908866203
ENSG00000127948,POR,-0.9467725820594158,-0.4406271726599188,0.3557188944652917,0.602313522569869,0.967,1
ENSG00000178498,DTX3,-1.1277732993896334,-0.25307295026099647,0.27354800258702705,0.5341774978738039,0.08,0.13392432432432433
ENSG00000130939,UBE4B,0.9996938026442964,0.3213237155414578,0.3301031742668594,0.5832527538245239,0.007,0.01505486111111111
ENSG00000105248,YJU2,0.7341710542342602,0.2474384305123305,0.4718670244812784,0.7028397816285483,0.01154401154401154,0.02375535133010216
ENSG00000111011,RSRC2,-0.8492147320263905,-0.4721758320941083,0.4064041466502185,0.651500796617302,0.9369369369369368,1
ENSG00000130005,GAMT,0.8031094751767189,0.246186043635869,0.4319089777541476,0.669799299126616,0.02029312288613303,0.03980228092359341
ENSG00000012061,ERCC1,0.9317565234304274,0.33177394695957513,0.3632281703327078,0.6098839518120037,0.057,0.09906228956228956
ENSG00000169783,LINGO1,0.9406870968325348,0.3950938200454985,0.3587493025124434,0.6063868871514976,0.001,0.00287341924829051
ENSG00000156030,MIDEAS,0.9507180410008054,0.3468242952573393,0.3537635132434015,0.601046413819784,0.146,0.2275601409159537
ENSG00000105321,CCDC9,-1.0063358068785164,-0.3184829095208186,0.3269815674306128,0.5804267084343052,0.117,0.18716373966942149
ENSG00000010810,FYN,-0.8009460807221764,-0.31225181997738843,0.43312992536301054,0.6706878697161328,0.001,0.00287341924829051
ENSG00000158796,DEDD,0.8461379435654962,0.3224868846571879,0.4080753891518841,0.651500796617302,0.4633642930856553,0.6277511879642496
ENSG00000167967,E4F1,0.8601613320851149,0.4200311164413037,0.4004940808953138,0.6480356484838745,0.001,0.00287341924829051
ENSG00000109111,SUPT6H,-0.8247083793277417,-0.222064470491855,0.4198378547542741,0.6591755428772021,0.3491422805247225,0.4892731415317038
ENSG00000089916,GPATCH2L,0.7648979086167451,0.4108643329047358,0.4537902947613882,0.6891960535989309,0.926829268292683,1
ENSG00000170315,UBB,1.0432051492028451,0.3844277586265372,0.3100310875139357,0.5660464494713198,0.008,0.01702817869415807
ENSG00000107262,BAG1,0.09060483712217908,0.07199749559231161,0.928761187103873,0.9661298457333092,0.0018796992481203,0.00460920710326886
ENSG00000074416,MGLL,0.973729259109564,0.297001677670678,0.3425056451362125,0.5952674166204439,0.005,0.01102135231316726
ENSG00000030582,GRN,0.920670164849487,0.3196434146433502,0.3688406222749665,0.6156613968416265,0.00100200400801603,0.00287341924829051
ENSG00000174233,ADCY6,-0.6968960142429325,-0.2343405371056699,0.4943622518829068,0.7211824943036474,0.14820359281437126,0.23041492316571677
ENSG00000169504,CLIC4,-1.1635237578964073,-0.3767544286935492,0.2591152732808533,0.518355608884144,0.001,0.00287341924829051
ENSG00000141564,RPTOR,0.9801678120591296,0.38696331275170176,0.33940047451027433,0.5916124412969447,0.13,0.20541326530612244
ENSG00000167191,GPRC5B,-1.405298293866406,-0.3616832991684051,0.17617856016694436,0.4262462159230307,0.001,0.00287341924829051
ENSG00000117266,CDK18,-0.8842948714748352,-0.390296529530278,0.38766279592566777,0.6345201585807372,0.001,0.00287341924829051
ENSG00000203485,INF2,0.9646349722038248,0.418737217732811,0.34692497813013523,0.5980419775044704,0.001,0.00287341924829051
ENSG00000124126,PREX1,-1.1181392974749225,-0.270747499849713,0.2775371883636542,0.5385043509600691,0.984,1
ENSG00000186318,BACE1,0.7531724828668086,0.29086486352444474,0.46063815140402586,0.6939941864198467,0.6729362591431557,0.8461565548381459
ENSG00000159202,UBE2Z,0.9387417563663144,0.3769684448538329,0.35972172092388166,0.6073090255063818,0.321,0.4560261467889909
ENSG00000204946,ZNF783,-0.9681082820252788,-0.29332985520822913,0.34523252527279535,0.596956019494452,0.61,0.7835628369970966
ENSG00000089351,GRAMD1A,-0.8555145295686905,-0.32661825153698254,0.4029960406567272,0.6492446628690258,0.003,0.00685538971905519
ENSG00000197077,KIAA1671,-0.7503511515537257,-0.3492082338532479,0.462295141067141,0.6953075964585195,0.969,1
ENSG00000101246,ARFRP1,-0.8911111168232974,-0.38265077822294546,0.38408830649865566,0.6312950262729644,0.001,0.00287341924829051
ENSG00000133026,MYH10,0.9040592677643337,0.4224509131850903,0.3773584509963882,0.6234158738009361,0.5773930753564155,0.7488772924451316
ENSG00000137504,CREBZF,1.121742137723667,0.34881786628848405,0.27604036029066403,0.5375123453268456,0.092,0.15171671991480298
ENSG00000132024,CC2D1A,-0.9110334062314204,-0.4014412547662424,0.37376635877995257,0.6200845165332983,0.006,0.01304
ENSG00000149541,B3GAT3,0.5373682735283707,0.2329138430930857,0.5972921421647399,0.781984716961074,0.19646365422396855,0.29493356138227367
ENSG00000100307,CBX7,0.5559805805678107,0.27109919476478694,0.584755288319586,0.7751509098907088,0.00150602409638554,0.0037797055320146
ENSG00000136527,TRA2B,-0.5583038091631567,-0.24771278677709505,0.5831997363564552,0.7748636524639643,0.936127744510978,1
ENSG00000066044,ELAVL1,1.0109308491994875,0.3393807261068344,0.32483415398331994,0.5784628322820107,0.508,0.6763869303525366
ENSG00000185630,PBX1,-0.8531102684960706,-0.32829158166731626,0.404294524024523,0.6500277821583569,0.032,0.05986192426229857
ENSG00000103653,CSK,-0.8434300544317863,-0.2897467459161521,0.4095499106059114,0.6526917418732825,0.11546184738955824,0.18498982998730568
ENSG00000166734,GOLM2,0.7635486920728908,0.522024962420845,0.4545750883828438,0.6891960535989309,0.9764102564102564,1
ENSG00000167393,PPP2R3B,-1.0251288033881445,-0.4265138173975088,0.3182617732729508,0.5745582063877633,0.086,0.14319462365591396
ENSG00000197283,SYNGAP1,-1.0262023280175476,-0.4413381253621799,0.31776868195018587,0.5742919180654957,1,1
ENSG00000092621,PHGDH,-1.2035751546214226,-0.29858467239801495,0.2436321756384212,0.5068347437074262,0.001,0.00287341924829051
ENSG00000186998,EMID1,-0.8716345697001426,-0.336181984108056,0.3943599178133095,0.6407444169241937,0.968,1
ENSG00000067225,PKM,-1.1817161331042436,-0.23799215477882865,0.2519932600463941,0.5126877715736158,0.001,0.00287341924829051
ENSG00000084731,KIF3C,0.9521330046205808,0.43397514039176494,0.3530640452541557,0.6010252732127074,0.001,0.00287341924829051
ENSG00000105649,RAB3A,-0.9567269924572004,-0.4248029053686246,0.35079959267659144,0.5999221098903293,0.052,0.091450312322544
ENSG00000069345,DNAJA2,-0.856474427657164,-0.29746911708526613,0.40247837823098065,0.6491704989499697,0.058,0.10023772321428571
ENSG00000128463,EMC4,1.06319893760395,0.34019305825408264,0.3011056059994917,0.5566367726775573,0.031,0.0581860606060606
ENSG00000077721,UBE2A,-0.5986799041544292,-0.2651452218134829,0.5565036589588939,0.7651925310684791,0.00161290322580645,0.00402510982298354
ENSG00000141551,CSNK1D,-1.1286447757031437,-0.381414946426714,0.2731892468755643,0.5340156249631616,0.2,0.2993716771387144
ENSG00000155876,RRAGA,0.8432705801780055,0.4028008120802855,0.4096368555009337,0.6526917418732825,0.7668918918918919,0.9359334121355396
ENSG00000103365,GGA2,-0.7006116272316306,-0.30858016297671603,0.49209238881377027,0.7202443145365183,0.00109051254089422,0.00294447893561412
ENSG00000197976,AKAP17A,0.830423429827609,0.29417674658718007,0.4166800234424727,0.6582875303448877,0.01711983887210473,0.03398726986340279
ENSG00000240694,PNMA2,1.0895775399839769,0.406674030421902,0.2896150835887283,0.5485650406798265,0.001,0.00287341924829051
ENSG00000239697,TNFSF12,0.5277577226233834,0.30332540133521363,0.6038169707001103,0.7862940111102172,0.00308641975308641,0.0070232490634156
ENSG00000137824,RMDN3,-0.9810152798925365,-0.28191637678923626,0.3389932175163247,0.59148471745951825,0.31,0.4428367158671586
ENSG00000136960,ENPP2,-0.6970879497243717,-0.4503134114021948,0.4942448506394061,0.7211824943036474,0.00111731843575418,0.00298819965071737
ENSG00000165238,WNK2,1.198183559011953,0.36759554474941425,0.2456746500016405,0.5069523450691856,0.001,0.00287341924829051
ENSG00000135829,DHX9,-0.6671021699586481,-0.3244358871230467,0.5127804602953832,0.7341424374964621,0.00987925356750823,0.02068698329856186
ENSG00000117298,ECE1,-0.9638462569322648,-0.3269360747230116,0.34731009252588807,0.5980419775044704,0.528,0.6961328224776501
ENSG00000133083,DCLK1,1.0969684980337493,0.4227846744318252,0.286453527604047,0.5455077940101826,0.017,0.03379268292682927
ENSG00000054116,TRAPPC3,1.00791942955289,0.2775409937741877,0.32624036578583504,0.5800920560308371,0.043,0.077425
ENSG00000198695,MT-ND6,1.2055901785578589,0.45284514913856977,0.2428721514899374,0.5064280627678833,0.181,0.2735758906783797
ENSG00000038427,VCAN,-0.9365874903713904,-0.6177544817614361,0.3608006615436211,0.6085504491369077,0.999,1
ENSG00000143862,ARL8A,-1.0173237495167746,-0.3979338560969319,0.3218630780030223,0.5775273669132244,0.447,0.6074414216761738
ENSG00000152377,SPOCK1,1.0211113221489403,0.3250884631141506,0.3201118890316051,0.5755514268781448,0.028,0.05306976744186047
ENSG00000240849,PEDS1,0.5724976389286768,0.2209678913226982,0.5737416144247349,0.7725548483812967,0.28004410143329656,0.4041456580330473
ENSG00000152620,NADK2,-0.4629261193778691,-0.2402625860792724,0.648710024663995,0.8185717518204026,0.12949640287769784,0.20493120067053153
ENSG00000169398,PTK2,0.9679055881892812,0.4049081025421914,0.345331136065537,0.596956019494452,0.884,1
ENSG00000204852,TCTN1,-0.728335675237811,-0.3616273614305744,0.47534792804544634,0.7059464826570109,0.0010752688172043,0.00292114695340501
ENSG00000197119,SLC25A29,-1.0784099377236682,-0.3313618852442217,0.2944401917051238,0.5524871819467433,0.001,0.00287341924829051
ENSG00000141552,ANAPC11,1.0459531448732815,0.3310397429952809,0.30879326220656367,0.565243273765193,0.347,0.4867115036231884
ENSG00000173992,CCS,-0.9260305545548224,-0.41790239638052673,0.3661196854991742,0.6129675767586218,0.001,0.00287341924829051
ENSG00000095397,WHRN,0.789338949301187,0.2895158221464182,0.4397173825515761,0.6771327678249224,0.001,0.00287341924829051
ENSG00000118785,SPP1,-0.7450132398515154,-0.4461376396196208,0.4654399568167089,0.6976675103871278,0.994,1
ENSG00000133069,TMCC2,-0.3587757313891227,-0.2765864377512517,0.7237446675461074,0.8612234423216644,1,1
ENSG00000164252,AGGF1,0.5981284214218171,0.21949367591628777,0.5568639156999409,0.7653907603450487,0.02600780234070221,0.04968623801905949
ENSG00000135999,EPC2,0.8476628326706472,0.28022886961570037,0.4072465509491232,0.651500796617302,0.07551020408163266,0.12716427517173265
ENSG00000166747,AP1G1,-0.6585702386932593,-0.28731392492945595,0.5181252425483451,0.7391057628297376,0.00167224080267558,0.00414314381270903
ENSG00000100220,RTCB,-0.6708129842122825,-0.2755590598600798,0.5104655659995925,0.7323082360350573,0.17767106842737096,0.2694648868362232
ENSG00000132561,MATN2,-0.7539658560835136,-0.3894192687818016,0.46017284467050423,0.6939941864198467,0.772,0.9390746268656716
ENSG00000129116,PALLD,-0.4264870562628802,-0.216109332358186,0.6745775313913298,0.8357972486266311,0.00617283950617283,0.01337808533983014
ENSG00000160055,TMEM234,0.8177392909667266,0.3089146590427215,0.42370911705764935,0.6608444265161576,0.6422845691382766,0.8158963538233152
ENSG00000160310,PRMT2,-0.8745448162233876,-1.1412556319547866,0.3928137735539601,0.6396105527503756,1,1
ENSG00000162736,NCSTN,0.8633695697194479,0.31467815568470947,0.3987725825361793,0.6470235855900811,0.6586345381526104,0.831549598311714
ENSG00000143537,ADAM15,0.697535252459571,0.4036833151082206,0.49397131139481987,0.7211824943036474,0.00104275286757038,0.0028859746477797
ENSG00000113971,NPHP3,0.6511045498526615,0.2593238997076796,0.5228275223936467,0.7426887646172678,0.00131061598951507,0.00333797509829619
ENSG00000090975,PITPNM2,-1.01256194758636,-0.3609149233644563,0.32407427941084066,0.5784628322820107,0.001,0.00287341924829051
ENSG00000153823,PID1,-0.5919868458780847,-0.22583735163727325,0.5608841919124479,0.7676398020687366,0.02602230483271375,0.04968623801905949
ENSG00000110367,DDX6,1.0695030094552611,0.3415679942781165,0.2983301026169448,0.5556325996497866,0.891,1
ENSG00000214021,TTLL3,-1.066005202125999,-0.39492559804126537,0.2998677991706473,0.5557264835865909,0.99,1
ENSG00000099860,GADD45B,-0.3207021616082717,-0.30283046201147984,0.7519596078748743,0.8790234096015856,1,1
ENSG00000100075,SLC25A1,0.6210325415039593,0.28679807785973954,0.5420059380299934,0.757909606199067,0.00116959064327485,0.00306708062846928
ENSG00000182310,SPACA6,-0.8731495732995637,-0.4457901231826287,0.3935545365142886,0.6400230341292976,0.001,0.00287341924829051
ENSG00000106948,AKNA,-0.7473853945571076,-0.28492704668298824,0.46404082393499657,0.6973409411869995,0.6391129032258065,0.8135358246158334
ENSG00000061273,HDAC7,0.6502570223498806,0.32558646894339693,0.5233628335642859,0.7426887646172678,0.02636916835699797,0.05028652364631941
ENSG00000067182,TNFRSF1A,-1.043428873087859,-0.34774794001194714,0.309930179584908,0.5660464494713198,0.003,0.00685538971905519
ENSG00000171723,GPHN,0.4329621839913291,0.23532626174060473,0.6699492484718093,0.8337865812808031,0.9948387096774194,1
ENSG00000179604,CDC42EP4,1.1627760048704134,0.4506412310007744,0.2594112009644809,0.518355608884144,0.001,0.00287341924829051
ENSG00000197982,C1orf122,-0.8553695654225679,-0.33302042082829597,0.40307425568859057,0.6492446628690258,0.283,0.40784132154490454
ENSG00000134986,NREP,-0.56134536385484,-0.22689203757245768,0.5811663765880879,0.7741513649317332,0.00179856115107913,0.00443129982887198
ENSG00000106683,LIMK1,0.7533041926857685,0.25456084531360124,0.46056088501538595,0.6939941864198467,0.3350189633375474,0.4735525921754378
ENSG00000011114,BTBD7,-0.8382031287319445,-0.2863805201772419,0.4124057916112765,0.654533640789239,0.04604604604604605,0.08233522205808581
ENSG00000175048,ZDHHC14,0.8762059368743434,0.35389862940048733,0.3919330427313849,0.6391467943621386,0.68,0.8539983779399839
ENSG00000196776,CD47,-0.856957046044045,-0.33959480153241917,0.40221827036195457,0.6490825067740913,0.001,0.00287341924829051
ENSG00000164741,DLC1,0.6237239334592908,0.24320551135659033,0.5402741502076169,0.756084962479407,0.8075639599555061,0.9701418091474796
ENSG00000130024,PHF10,-1.0126617160631977,-0.5136376615932141,0.3240278412375609,0.5784628322820107,1,1
ENSG00000101199,ARFGAP1,-0.9748847661561634,-0.294257908476495,0.3419469283567852,0.594955890726074,0.25,0.36538461538461536
ENSG00000140829,DHX38,0.6040105719760942,0.20853747940386516,0.5530277387974186,0.7631180703779654,0.04426229508196721,0.07947277870119265
ENSG00000161960,EIF4A1,1.0174560487908682,0.3128861806937537,0.3218017955374885,0.5775273669132244,0.044,0.07908763784097504
ENSG00000146083,RNF44,-0.5425240211964393,-0.3759424892908399,0.5938061218906473,0.7804309030562793,0.9851851851851852,1
ENSG00000196924,FLNA,0.05104161668865345,0.03616339537596334,0.9598286492729996,0.9786163142558908,0.00112359550561797,0.0029928604285289
ENSG00000167716,WDR81,-0.7063633057322768,-0.25651877138055,0.48859064449687384,0.717324990606552,0.014,0.02832005225342913
ENSG00000187601,MAGEH1,-1.0110025489924126,-0.3860049829941101,0.32480072511144276,0.5784628322820107,0.002,0.0047354740061162
ENSG00000176884,GRIN1,0.9528051751206066,0.39019073694360695,0.3527320984164626,0.6010252732127074,0.001,0.00287341924829051
ENSG00000124570,SERPINB6,-0.7344845583276642,-0.3343831975717216,0.47168044468241954,0.7028397816285483,0.926,1
ENSG00000100417,PMM1,-1.0026596317246457,-0.3198882277746551,0.3287067259057582,0.5824308269925941,0.001,0.00287341924829051
ENSG00000106565,TMEM176B,-0.8387040460940474,-0.3103297786298635,0.41213154919916983,0.654533640789239,0.251,0.3665002357378595
ENSG00000031081,ARHGAP31,-0.5376737202517674,-0.22806502037280843,0.5970853364763383,0.781984716961074,0.00139082058414464,0.00351909423945748
ENSG00000120896,SORBS3,1.0280594350947143,0.27686433271712213,0.31691695404862835,0.5742919180654957,0.001,0.00287341924829051
ENSG00000135052,GOLM1,1.1210099066492234,0.5082702424936811,0.2763440886269372,0.5376789763385715,0.001,0.00287341924829051
ENSG00000090661,CERS4,-0.8011169485874066,-0.23703644762790535,0.4330334147917507,0.6706878697161328,0.064,0.10944671452236332
ENSG00000013297,CLDN11,-0.9127957013290292,-0.2965327472333262,0.37286230415269017,0.6194551038033905,0.098,0.1600770042194093
ENSG00000063322,MED29,0.8367391509928496,0.28924704067395035,0.4132079607956698,0.6546888266026706,0.037,0.06771174952993135
ENSG00000172270,BSG,1.1672708516235084,0.31098131811078333,0.25763614557087056,0.518096435743694,0.004,0.00895733911785972
ENSG00000198231,DDX42,-0.852317423274282,-0.3246066602587314,0.4047233133342219,0.6504219491060863,0.003,0.00685538971905519
ENSG00000110955,ATP5F1B,0.9577040362747892,0.38300497083256874,0.35031927774525495,0.5999221098903293,0.995,1
ENSG00000064726,BTBD1,-0.8569156603495269,-0.32249575224604315,0.4022405709681339,0.6490825067740913,0.001,0.00287341924829051
ENSG00000135090,TAOK3,0.6955653697099811,0.2865619530031037,0.4951766109005483,0.7217759488928981,0.9618163054695562,1
ENSG00000101298,SNPH,0.8482731714939021,0.27475595456173846,0.40691511170539074,0.651500796617302,0.006,0.01304
ENSG00000184164,CRELD2,-0.7961473373036441,-0.24852224508102017,0.4358458700467397,0.6738394027523142,0.647,0.8201718494271686
ENSG00000135097,MSI1,-0.5353487982692089,-0.2219229096239529,0.5986603328764071,0.782590409815251,0.0524822695035461,0.09224607755532478
ENSG00000157593,SLC35B2,-0.63381137522887,-0.2187436107266766,0.5338100650798827,0.7502997025845017,0.0020703933747412,0.00487976277136491
ENSG00000099204,ABLIM1,-0.6827644315764623,-0.26007147298514643,0.5030502774940429,0.7276447464095371,0.0222457627118644,0.04324866736889144
ENSG00000122359,ANXA11,1.0313347785136529,0.3487577391392428,0.3154187259321072,0.5726725321626326,0.001,0.00287341924829051
ENSG00000092203,TOX4,-0.6516908745138105,-0.2665650300735603,0.5224573688481466,0.7426887646172678,0.01094091903719912,0.02268109187749667
ENSG00000134686,PHC2,0.7159051018370447,0.3490274564275484,0.4828135430443235,0.712237265779519,0.00102354145342886,0.00287341924829051
ENSG00000155980,KIF5A,1.0768532569797866,0.4343163809293858,0.2951173766920492,0.5524871819467433,0.001,0.00287341924829051
ENSG00000171388,APLN,0.4779777888904764,0.22802985362040215,0.6381549798032025,0.8103761172946162,0.00159235668789808,0.00398346418612308
ENSG00000105618,PRPF31,-0.949878057864742,-0.3084959301872292,0.35417919502273,0.601046413819784,0.037,0.06771174952993135
ENSG00000185049,NELFA,0.8895318309568107,0.3264241604375302,0.38491454969347305,0.6323596173535628,0.012,0.02454689564068692
ENSG00000147421,HMBOX1,-0.44774766199444727,-0.2588332180756332,0.6594317974779224,0.8256300553788621,0.9520348837209304,1
ENSG00000182580,EPHB3,-0.8240033431071604,-0.3616943690245039,0.4202284712751774,0.6591755428772021,0.001,0.00287341924829051
ENSG00000134222,PSRC1,-0.5017659095704592,-0.20012360529231535,0.6216346668767612,0.7982054231771589,0.877,1
ENSG00000183576,SETD3,-0.6997900295238968,-0.35268694274334145,0.49259378075633886,0.7203828123199638,0.00115606936416184,0.00303676575132251
ENSG00000188878,FBF1,-0.9336660567650144,-0.3013932683403529,0.3622673326694582,0.6096225738069717,0.03,0.05648024316109423
ENSG00000130560,UBAC1,-0.8007523437674646,-0.2935128434584808,0.4332393692576262,0.6706878697161328,0.001,0.00287341924829051
ENSG00000124226,RNF114,0.6839504736734666,0.2643839902628331,0.5023177652226816,0.7276447464095371,0.9174147217235188,1
ENSG00000149187,CELF1,-0.8349889952755608,-0.35356351582056117,0.414168247866194,0.6551960401706383,0.001,0.00287341924829051
ENSG00000185000,DGAT1,0.761546834682015,0.2832783072833555,0.45574102337855094,0.6898438909430886,0.148,0.230329648241206
ENSG00000126870,DYNC2I1,0.8236563657587406,0.3252897645658763,0.420420794463682,0.6591755428772021,0.167,0.2547778325123153
ENSG00000110046,ATG2A,-0.6772959433293766,-0.23867068782540704,0.5064355540347456,0.7291848505654752,0.08734939759036145,0.14481856763241402
ENSG00000140264,SERF2,0.9492604860645244,0.26229880075805617,0.35448502497728085,0.601046413819784,0.003,0.00685538971905519
ENSG00000153902,LGI4,-1.0661481095634888,-0.31701500483012346,0.29980486283989166,0.5557264835865909,0.212,0.31595957651588064
ENSG00000169710,FASN,-1.194559567064181,-0.5116101793628937,0.24705478788919,0.5081696043574396,1,1
ENSG00000241878,PISD,-0.4460333815171192,-0.17602511893414974,0.6606475578253483,0.8263203439706754,0.10553814002089865,0.17059061568096195
ENSG00000197136,PCNX3,-0.6595838245646609,-0.29297615052950865,0.5174886604471718,0.7387927590906418,0.245,0.35926373106060605
ENSG00000168397,ATG4B,-0.7039378600973003,-0.3092014855290419,0.4900655345491437,0.7189623574042042,0.886,1
ENSG00000184486,POU3F2,-0.6352923606794891,-0.2543127866175764,0.5328646084687154,0.750174589386187,0.262,0.3807667761614266
ENSG00000148719,DNAJB12,0.7792213113865907,0.339674320499697,0.445509928916614,0.6813454957783449,0.713,0.8871679389312976
ENSG00000100083,GGA1,-0.6650955688315117,-0.26281882135453755,0.514034685779557,0.7356407503156327,0.03012048192771084,0.05667262000614853
ENSG00000089041,P2RX7,0.5729633433850906,0.25898713531358014,0.5734326255689626,0.7725548483812967,0.36394557823129253,0.5070352927495785
ENSG00000023228,NDUFS1,0.6794590974417571,0.24655724424961628,0.5050949033662585,0.7278462765351048,0.797338792221085,0.96083978191
ENSG00000197956,S100A6,-0.9656394496839784,-0.2960179433041191,0.34643493674935943,0.5980419775044704,0.977,1
ENSG00000164684,ZNF704,-0.6245137303600476,-0.2257858072111811,0.5397665203758488,0.7558771442617234,0.09547738693467336,0.15686656092131743
ENSG00000173598,NUDT4,-0.7712270005274049,-0.23594801176561475,0.450119919623588,0.6854362662539762,0.6,0.7739275301957518
ENSG00000182108,DEXI,0.5390813161586496,0.22149485971458935,0.596132765261759,0.7817483356375973,0.15038560411311053,0.23287210796915164
ENSG00000110076,NRXN2,1.1143375536720086,0.23744161227077148,0.27912312263452665,0.5393853655375709,0.47,0.6341289892694033
ENSG00000183726,TMEM50A,-0.8943342109391026,-0.2601816625248544,0.38240570713839617,0.6296982866965128,0.031,0.0581860606060606
ENSG00000013523,ANGEL1,-0.8184466939869038,-0.24712851433333308,0.4233151345315601,0.6607812315662251,0.923,1
ENSG00000109920,FNBP4,-0.6100279189344693,-0.22952066531177204,0.5491179329501812,0.7606475238598129,0.2309899569583931,0.3406551889048302
ENSG00000118369,USP35,-0.8282388795783514,-0.23198398734179865,0.4178852972223991,0.6585115367580417,0.631,0.8048628500823722
ENSG00000092871,RFFL,-0.6391713457836664,-0.2517599917137264,0.5303926235803289,0.7484384366668695,0.00323624595469255,0.00735337763879886
ENSG00000134278,SPIRE1,-0.9123014486014874,-0.3400420512580396,0.3731157071777724,0.6195854828052836,0.001,0.00287341924829051
ENSG00000146072,TNFRSF21,0.7120115617588472,0.31220103885633493,0.4851660395187366,0.7136453953386067,0.7505330490405118,0.9212845235348652
ENSG00000148248,SURF4,0.5520005730845247,0.21196991538505583,0.5874249987867555,0.7766552242264606,0.7351991388589881,0.9074977014931392
ENSG00000115561,CHMP3,0.7182375644636543,0.28834886271352017,0.48140747154806274,0.7113664014281345,0.5011600928074246,0.6701609703905845
ENSG00000157954,WIPI2,-0.838287901037802,-0.2855238929855773,0.41235937222013486,0.654533640789239,0.043,0.077425
ENSG00000140398,NEIL1,0.5953663827766075,0.21944715265656892,0.5586700673344616,0.7665792548319398,0.032,0.05986192426229857
ENSG00000204574,ABCF1,-0.5576292496514513,-0.21994630753783304,0.5836511826927198,0.7748636524639643,0.09716157205240177,0.1588750732028977
ENSG00000177565,TBL1XR1,-0.7159748845598305,-0.2555351951468935,0.4827714411590408,0.712237265779519,0.45145145145145144,0.6132215548882216
ENSG00000130827,PLXNA3,-0.22703432403275792,-0.16586889934377955,0.822837891436582,0.9147808573347062,1,1
ENSG00000101104,PABPC1L,0.5570894506395917,0.20488747432373877,0.5840125678265744,0.7750365362464318,0.00969827586206896,0.02034929562657695
ENSG00000161847,RAVER1,0.5177524607862798,0.2583739128887456,0.6106463526489947,0.7914143250824007,0.6146953405017921,0.7892667784137853
ENSG00000124562,SNRPC,0.4509683095087552,0.19327530714608213,0.6571503585245464,0.8236470523333133,0.7346711259754738,0.9074977014931392
ENSG00000171033,PKIA,0.7638009056291081,0.46338026893584616,0.4544283214836002,0.6891960535989309,0.001,0.00287341924829051
ENSG00000148335,NTMT1,-0.5582155798635509,-0.18103535949319213,0.5832587734665751,0.7748636524639643,0.3875181422351234,0.5360177251014636
ENSG00000072958,AP1M1,0.9071567896264404,0.32134984704491476,0.37576021316406505,0.6225176216216644,0.001,0.00287341924829051
ENSG00000183283,DAZAP2,-0.779242367587402,-0.26896834164240857,0.4454978251889473,0.6813454957783449,0.779,0.9453616771159876
ENSG00000197530,MIB2,0.9162636893729456,0.4146332707574781,0.3710875111851618,0.618828608577139,0.001,0.00287341924829051
ENSG00000118058,KMT2A,0.5452685013835452,0.2321921513278263,0.5919545752133084,0.7791617824705609,0.2835820895522388,0.40830020053151256
ENSG00000105220,GPI,0.8752194154040701,0.31528739722527516,0.3924559429026021,0.6396105527503756,0.56,0.7314719527625475
ENSG00000147162,OGT,-0.560622324540436,-0.2498421075873463,0.5816494224738255,0.7742210651643329,0.11801242236024843,0.1883940577575719
ENSG00000141905,NFIC,-0.9963792828414672,-0.3085614890028845,0.33166870882970323,0.5850451029257016,0.923,1
ENSG00000115464,USP34,0.6242869618990871,0.1874267984312406,0.539912245901231,0.7558771442617234,0.07839195979899498,0.13151673862269092
ENSG00000126016,AMOT,-0.877634477805865,-0.300474066663901,0.3911766629044505,0.6387956385465946,0.001,0.00287341924829051
ENSG00000144369,FAM171B,-1.0146156653888732,-0.25936317181792673,0.32311930160179014,0.578316607515685,0.001,0.00287341924829051
ENSG00000164068,RNF123,0.8305605293711671,0.2932944257073349,0.4166044560126666,0.6582875303448877,0.082,0.1369762675296656
ENSG00000100445,SDR39U1,0.9702239553073624,0.3288137604109522,0.34420440628887283,0.5964637999389372,0.288,0.4142758941012541
ENSG00000102030,NAA10,-0.8584049148039529,-0.30017698835880335,0.40143859354408507,0.6489710170393196,0.98,1
ENSG00000169957,ZNF768,-0.5687814146975374,-0.21884766812958384,0.5762103326132443,0.7736683086111111,0.05182926829268292,0.09135756625067672
ENSG00000047849,MAP4,-1.112641928840457,-0.26579216015668494,0.27983261351519567,0.5393853655375709,0.001,0.00287341924829051
ENSG00000165322,ARHGAP12,0.8238693697770936,0.33398947532427803,0.42030272361545695,0.6591755428772021,0.864,1
ENSG00000134532,SOX5,0.7599907012564402,0.2565240419938176,0.4566486123433058,0.6906274060290303,0.53,0.6981752445767758
ENSG00000171105,INSR,-0.31902118727224127,-0.1788768722492548,0.7532139645648894,0.8793288933714035,0.7291666666666666,0.9029304944688792
ENSG00000179862,CITED4,0.5723360165625062,0.2510380759479172,0.5738488686999885,0.7725548483812967,0.001,0.00287341924829051
ENSG00000028528,SNX1,0.8231213332939225,0.25956205291943146,0.42071746266500865,0.6591755428772021,0.047,0.08389567723342939
ENSG00000099783,HNRNPM,0.5450723775246914,0.23509353277588405,0.5920867938587073,0.7791617824705609,0.1358936484490399,0.2136945712836124
ENSG00000137713,PPP2R1B,-0.448637463888599,-0.28538610240960355,0.6588011367731568,0.8251321168495478,0.001,0.00287341924829051
ENSG00000068305,MEF2A,0.5479938569447129,0.27977093106007933,0.5901187710172224,0.7790524001073976,0.00179533213644524,0.00442686594472206
ENSG00000125249,RAP2A,0.8232148151468681,0.32283584565346124,0.4206656186754054,0.6591755428772021,0.885,1
ENSG00000136848,DAB2IP,-0.824516474547458,-0.28622354015753654,0.4199441543470903,0.6591755428772021,0.758,0.9275092848676412
ENSG00000205363,INSYN1,1.1381081457137197,0.29982603532255697,0.26931589396967676,0.5302484138080017,0.001,0.00287341924829051
ENSG00000132716,DCAF8,1.0258027955419875,0.26159737807659994,0.31795213193857624,0.5742919180654957,0.699,0.874314620355412
ENSG00000100991,TRPC4AP,-0.8372648319493692,-0.3738591606890849,0.4129198052748203,0.6546888266026706,0.087,0.14431655061596144
ENSG00000174501,ANKRD36C,0.5212912579563361,0.2277707451922409,0.6082266090236372,0.7891350363229755,0.5868613138686132,0.7601461685700941
ENSG00000177728,TMEM94,-0.8853446141604248,-0.2459205605741287,0.3871108791043918,0.6343604600304263,0.001,0.00287341924829051
ENSG00000099817,POLR2E,0.5292844739389639,0.1857229028228221,0.6027781119632092,0.7859512294981202,0.03752039151712887,0.0685549572439812
ENSG00000103197,TSC2,0.7656862356358514,0.2739992477625433,0.45333213422103047,0.6891960535989309,0.033,0.06138198198198198
ENSG00000072071,ADGRL1,-0.7547802742747691,-0.3712090999680692,0.45969549108000496,0.6939941864198467,1,1
ENSG00000109184,DCUN1D4,-0.6305849375592898,-0.26463801357061173,0.5358729811468095,0.7523036461442724,0.02601809954751131,0.04968623801905949
ENSG00000151929,BAG3,1.011085144554224,0.47950003286007387,0.3247622192631847,0.5784628322820107,0.001,0.00287341924829051
ENSG00000121390,PSPC1,-0.41024231686458906,-0.17454588492193884,0.6862473214655799,0.8418844780849982,0.07321772639691715,0.12377472633801988
ENSG00000103034,NDRG4,-1.1331246226013505,-0.2864255613804471,0.2713505423292086,0.5318891095351725,0.128,0.2027703324808184
ENSG00000127415,IDUA,0.9563517406264432,0.24179106909560985,0.35098418645043505,0.5999221098903293,0.005,0.01102135231316726
ENSG00000136521,NDUFB5,-0.5610278198767822,-0.23822571361028969,0.5813784954032779,0.7741513649317332,0.00110253583241455,0.00295888515856834
ENSG00000115446,UNC50,-0.6941955664944977,-0.32345100770443247,0.4960157438648736,0.722180400165524,0.001,0.00287341924829051
ENSG00000175220,ARHGAP1,-0.8115970287378875,-0.29603699550913426,0.42713974187865333,0.6647315315176583,0.878,1
ENSG00000133256,PDE6B,0.3455495181697689,0.1563081543109045,0.7335026251850647,0.8660860172288282,0.86996336996337,1
ENSG00000075399,VPS9D1,-0.4473557253550643,-0.2490186876573092,0.6597096716604178,0.8256860978873498,1,1
ENSG00000135362,PRR5L,0.5077638160731607,0.33213608280593154,0.6175011297769257,0.7950889949131242,0.9884393063583816,1
ENSG00000125734,GPR108,-0.5886754154495035,-0.2838790554106463,0.5630581426387791,0.7688326681675234,0.001,0.00287341924829051
ENSG00000198732,SMOC1,1.0535788090002298,0.5927502094250292,0.30537682290043133,0.5617336727955701,0.001,0.00287341924829051
ENSG00000162714,ZNF496,0.49032784755837505,0.28104724735865444,0.6295531534390694,0.8038490517235701,0.2740899357601713,0.3962915644487631
ENSG00000184897,H1-10,-0.27126585918787444,-0.24494183069977896,0.7891310842540908,0.897304109286674,1,1
ENSG00000128159,TUBGCP6,-0.9873724348427922,-0.28942869875626337,0.33594904996316155,0.5877887019883785,0.001,0.00287341924829051
ENSG00000147065,MSN,0.9119226134646256,0.2850772130650858,0.3733100137150859,0.6196176516301941,0.295,0.42336190917516214
ENSG00000143384,MCL1,-1.0021960420105809,-0.7092695235838795,0.3289247318332733,0.582525700076727,1,1
ENSG00000105323,HNRNPUL1,0.7890401570148751,0.2953391383213963,0.4398877749195783,0.6771327678249224,0.013,0.02638335517693315
ENSG00000157224,CLDN12,-0.3664866416508207,-0.1580729269613623,0.7180779511813188,0.8586098705395395,0.01194743130227001,0.02453660128854789
ENSG00000153774,CFDP1,0.48357012041275166,0.18115501864438813,0.6342532909596774,0.8075216235007827,0.3019230769230769,0.4320960116593203
ENSG00000007202,BLTP2,0.4058307744761296,0.2060139628013695,0.6894306284525558,0.8432602984456747,0.00114678899082568,0.00302264298262736
ENSG00000124181,PLCG1,-0.7464360797922732,-0.3736699685675886,0.4646004401737091,0.6976675103871278,1,1
ENSG00000186868,MAPT,-1.0868404369874571,-0.2642916239608668,0.2907923294860891,0.5496192268088194,0.078,0.13100108459869847
ENSG00000114573,ATP6V1A,0.958859628575218,0.4350121403779156,0.3497517706404293,0.5999132065900245,0.71,0.8848571428571428
ENSG00000174672,BRSK2,-0.5894313231487444,-0.3023226670802488,0.5625615031070434,0.7684507689954292,0.772635814889336,0.9394790415046224
ENSG00000181523,SGSH,0.7220814351500293,0.33284449250381576,0.47909554738004057,0.7094299451589062,0.821,0.9794441448382124
ENSG00000198171,DDRGK1,-0.95168631154323,-0.2845792508460334,0.3532847596919415,0.6010252732127074,0.552,0.7237696867061812
ENSG00000196465,MYL6B,0.5906040823132085,0.2070436931699718,0.5617914404511677,0.7679032577542996,0.06217616580310881,0.1067403467251818
ENSG00000143774,GUK1,0.7099448557054634,0.31469365803855104,0.4864174755825207,0.7148924060221113,0.00200601805416248,0.00474247168987879
ENSG00000188385,JAKMIP3,0.35293251703210565,0.20820217228048357,0.7280497734741967,0.862727580568126,0.00144300144300144,0.00363626970624529
ENSG00000115468,EFHD1,-0.8851616570704517,-0.37643649822895586,0.38720703404454593,0.6343604600304263,0.517,0.685130081300813
ENSG00000005513,SOX8,-0.39653367877435675,-0.15401246587779044,0.6961587166660903,0.8464792909135914,0.17249154453213078,0.2625092449218717
ENSG00000157637,SLC38A10,-0.906020956952881,-0.4294106438509758,0.37634574688935296,0.6225662117809954,0.994,1
ENSG00000161542,PRPSAP1,-0.6130051258587943,-0.24279485311930113,0.5471889402144678,0.7600848544535462,0.00102669404517453,0.00287341924829051
ENSG00000131871,SELENOS,-0.7398837226078318,-0.2513305010418036,0.4684740758376419,0.7007327603956619,0.002,0.0047354740061162
ENSG00000125968,ID1,1.0659257826224195,0.4612351226695521,0.2999027795785972,0.5557264835865909,0.001,0.00287341924829051
ENSG00000160226,CFAP410,0.6062857554710468,0.2585446920132732,0.5515476914794728,0.7625706853757654,0.0595482546201232,0.10274147329165546
ENSG00000171045,TSNARE1,-0.4997679817972259,-0.20704459919221332,0.6230144454555688,0.7989184112404334,0.2316561844863732,0.34147510868838543
ENSG00000092841,MYL6,-0.8287756122106544,-0.30402911506299224,0.4175889621625693,0.6585115367580417,0.533,0.7018286564625851
ENSG00000115310,RTN4,1.0890582828580493,0.3467213857297298,0.28983815246099165,0.5486203095162873,0.906,1
ENSG00000176381,PRR18,-0.6182248533172521,-0.2323202577712361,0.5438157430905637,0.7583343853924301,0.001,0.00287341924829051
ENSG00000131018,SYNE1,-1.0223994471239588,-0.490317553758462,0.3195178601012203,0.5755514268781448,0.001,0.00287341924829051
ENSG00000130559,CAMSAP1,-0.6043814603620361,-0.20706803374763175,0.5527863257468515,0.7631180703779654,0.347,0.4867115036231884
ENSG00000057757,PITHD1,-0.6076612957841251,-0.25206801874429124,0.550653899852662,0.7621790204291241,0.9699097291875628,1
ENSG00000111961,SASH1,-0.8015903216121086,-0.3859253475250576,0.43276611177618407,0.6706878697161328,0.001,0.00287341924829051
ENSG00000141510,TP53,-0.6508116832468086,-0.32231267062971775,0.5230124669862819,0.7426887646172678,0.001001001001001,0.00287341924829051
ENSG00000131748,STARD3,-1.0353535437069157,-0.2411656438148685,0.3135873176351843,0.5712385322199899,0.561,0.7321605562579014
ENSG00000278311,GGNBP2,-0.643792006886331,-0.21431696240107376,0.5274562214374878,0.7464042893853703,0.3660262891809909,0.5094756933004624
ENSG00000177508,IRX3,0.6395159551994992,0.30341516214331316,0.5301733170325184,0.7484384366668695,0.001,0.00287341924829051
ENSG00000262246,CORO7,-0.6561667962169606,-0.23906705041669743,0.5196364716144688,0.7403670082294644,0.525,0.6942463706233989
ENSG00000078687,TNRC6C,-0.663965605527207,-0.27567460893155876,0.5147417276804171,0.7363550886284481,0.0050251256281407,0.01106885780252614
ENSG00000213694,S1PR3,0.5843043058022819,0.3706302551476606,0.5659344855914247,0.7710058257929895,0.001,0.00287341924829051
ENSG00000101558,VAPA,-0.4120983249260235,-0.20867912100846037,0.6849098443993431,0.8406703784490825,0.8563327032136105,1
ENSG00000198720,ANKRD13B,0.8362468205221754,0.2397957224169133,0.41347795175329594,0.6546888266026706,0.018,0.03566602687140115
ENSG00000242247,ARFGAP3,-0.13838777414485146,-0.07147993765886362,0.8913997034160441,0.9489786989906752,0.23892100192678228,0.35118098859385133
ENSG00000020129,NCDN,0.99044936070483,0.1952475593782531,0.3344824927995008,0.5867939522019969,0.087,0.14431655061596144
ENSG00000077380,DYNC1I2,0.904942642604568,0.2966336822502399,0.376902192243,0.6229526667870771,0.994,1
ENSG00000179403,VWA1,0.14519620054539378,0.07278425026353197,0.8860952354537829,0.9478348339539217,0.00158982511923688,0.00398034631711934
ENSG00000160959,LRRC14,-0.12918010115005232,-0.05120778509258684,0.8985817520063474,0.952071960995059,0.961352657004831,1
ENSG00000196562,SULF2,-0.3846114788496135,-0.19772788857282303,0.7048244396304545,0.8517530416823847,0.9898734177215188,1
ENSG00000196365,LONP1,0.4259939863741515,0.30408004902106994,0.6749305161932403,0.8357972486266311,0.00100603621730382,0.00287341924829051
ENSG00000144036,EXOC6B,0.37468948766363175,0.15481163166742898,0.7120680723450719,0.8556887708773262,0.41320754716981134,0.5667421495061584
ENSG00000172663,TMEM134,-0.6636325057110963,-0.1977662139084963,0.5149502594967519,0.7363560028815079,0.009,0.01897413206262763
ENSG00000132128,LRRC41,0.8698713001167543,0.21789067209643376,0.3952986346982183,0.6419751325543739,0.004,0.00895733911785972
ENSG00000153446,C16orf89,-0.17667939547217515,-0.065726181668513,0.8616421989977991,0.9362063762817304,0.509656652360515,0.6778841201716738
ENSG00000144589,STK11IP,0.6015553168095779,0.243300470373426,0.5546272845725286,0.7642457636219432,0.46006066734074824,0.6240945627482686
ENSG00000128309,MPST,-0.5647801143816302,-0.23539785549874293,0.5788744746804663,0.7737176749735413,0.056,0.09759819921215532
ENSG00000160094,ZNF362,0.5953074124014475,0.17965423539590297,0.5587086627565383,0.7665792548319398,0.03203203203203203,0.05986916306771466
ENSG00000152583,SPARCL1,1.0057673414809218,0.42655846494966015,0.3272479211584719,0.5804267084343052,0.005,0.01102135231316726
ENSG00000158615,PPP1R15B,0.5040257391385271,0.14946622588674713,0.6200757492625837,0.7971893310561871,0.24555555555555555,0.3599079770731451
ENSG00000164300,SERINC5,-0.7012864916296861,-0.32040920057824634,0.4916807645074095,0.7199393418293694,0.006,0.01304
ENSG00000205250,E2F4,0.6000673948781484,0.22205944000634245,0.5555978226978898,0.76483773338357,0.35110663983903423,0.4911687617902873
ENSG00000077235,GTF3C1,-0.6136456867954959,-0.1933228586023629,0.5467743821350751,0.7600764762646923,0.244,0.3579668403600189
ENSG00000188021,UBQLN2,0.8746200785100284,0.21438393710860412,0.39277384125236336,0.6396105527503756,0.01,0.02082716879623403
ENSG00000158545,ZC3H18,-0.7484806756648228,-0.22549687123411577,0.4633956656307572,0.6966669981596528,0.155,0.23906125498007968
ENSG00000106479,ZNF862,-0.5394020716972739,-0.263698406376474,0.5959158031300715,0.7817483356375973,0.02116935483870967,0.04125959215574818
ENSG00000105176,URI1,-0.4154474511564546,-0.1909551406045403,0.6824990989164113,0.8393791001256696,0.33934426229508197,0.4779214098807953
ENSG00000135597,REPS1,-0.9151821615056566,-0.299519708912194,0.37164038967690294,0.6189864753037653,0.001,0.00287341924829051
ENSG00000174915,PTDSS2,0.6003362241430003,0.20761220178879225,0.5554224050534413,0.76483773338357,0.224,0.33192727272727274
ENSG00000196476,C20orf96,-0.47575362512055114,-0.16730278514950409,0.639709771997386,0.8115515803777726,0.22998986828774065,0.3396655327072641
ENSG00000104852,SNRNP70,-1.0936272184221951,-0.26866131364115814,0.2878796601880867,0.5461541276840938,0.559,0.7304738396624473
ENSG00000166233,ARIH1,0.2946153611550991,0.16690771678119798,0.7715035049455337,0.8880940573666168,0.00136986301369863,0.00347458292663772
ENSG00000214717,ZBED1,-0.6881447482396938,-0.25497396814351275,0.4997322351231366,0.7260260774430475,0.001,0.00287341924829051
ENSG00000137693,YAP1,0.6183185400936063,0.25772344215063353,0.5437553012393161,0.7583343853924301,0.846,1
ENSG00000165714,BORCS5,0.5779833921914166,0.20427310676278856,0.5701073141949496,0.771883745009023,0.17338709677419356,0.26361307742252205
ENSG00000169696,ASPSCR1,0.31961132845284257,0.1318811504823378,0.752773515985911,0.8793288933714035,0.6170212765957447,0.7916791913169826
ENSG00000137710,RDX,0.4205604656617116,0.2019896438891997,0.6788254363977682,0.8375663308751095,0.879081015719468,1
ENSG00000167578,RAB4B,-0.5322714948555375,-0.22139341470926577,0.6007481507607052,0.7848948542952482,0.00933609958506224,0.01962926029527342
ENSG00000137802,MAPKBP1,-0.5476684099470752,-0.2032155051113381,0.5903378435596429,0.7790524001073976,0.6184615384615385,0.7931161012900144
ENSG00000156858,PRR14,0.5635335387327594,0.2077515826182871,0.5797057449826558,0.7737176749735413,0.032,0.05986192426229857
ENSG00000110911,SLC11A2,-0.3896247323439608,-0.16031826621777448,0.701175394104689,0.8494955189877804,0.0116822429906542,0.02402384232540243
ENSG00000151240,DIP2C,-0.8288235011129292,-0.25711592226123836,0.4175625287619661,0.6585115367580417,0.057,0.09906228956228956
ENSG00000055609,KMT2C,-0.8443877403387618,-0.3052843739320594,0.4090280326710992,0.6523085509775026,0.001,0.00287341924829051
ENSG00000158457,TSPAN33,0.6802441150975493,0.25154237435621407,0.5046088759665325,0.727738045062483,0.00100300902708124,0.00287341924829051
ENSG00000087077,TRIP6,-0.8383421490008632,-0.4197405699044747,0.4123296690235959,0.654533640789239,1,1
ENSG00000142875,PRKACB,-0.8474133710346865,-0.3114382757928422,0.4073820690326396,0.651500796617302,0.001,0.00287341924829051
ENSG00000204681,GABBR1,1.2548241994659948,0.6528446389008828,0.2248580697117503,0.4841624820176411,1,1
ENSG00000186566,GPATCH8,-0.5733479505558248,-0.22850499536205712,0.5731775080340528,0.7725548483812967,0.02805611222444889,0.05314359606062278
ENSG00000141027,NCOR1,0.7973320512048928,0.234242812467766,0.4351743721898408,0.6730950333172122,0.027,0.05133149171270718
ENSG00000153561,RMND5A,0.5818108569994964,0.3165096558894732,0.56757867214120306,0.7710946183032183,0.9667003027245208,1
ENSG00000168297,PXK,-0.2987102204895978,-0.1341842923027493,0.7684249093535801,0.8871450550620538,0.07250755287009064,0.12290962848312573
ENSG00000090857,PDPR,0.4282725626337969,0.14520811323358762,0.6732999498070062,0.8357972486266311,0.9858442871587462,1
ENSG00000120742,SERP1,0.3806397374943321,0.13500686539848877,0.7077206176786603,0.8537964672404001,0.6461187214611872,0.8197581648362544
ENSG00000169062,UPF3A,0.3995898659876066,0.18470191801431496,0.6939441386198402,0.8458280141574162,0.8340192043895748,0.9907777046392456
ENSG00000164896,FASTK,0.47970425719425003,0.15844351593425574,0.6369492840470086,0.8097897932858954,0.13440320962888666,0.2118304021479196
ENSG00000124920,MYRF,-0.4023143131317385,-0.16198957922870544,0.6919723251386819,0.8443450291753499,0.1495983935742972,0.23188499744724644
ENSG00000139116,KIF21A,-0.4676061457733458,-0.1768369220176086,0.6454198163799105,0.8158733010769603,0.00186567164179104,0.00457843508290559
ENSG00000149179,CSTPP1,-0.543461790505072,-0.2567404950039965,0.5931731393877416,0.7798883666337717,0.0091743119266055,0.01930220382927802
ENSG00000151834,GABRA2,-0.4206371980258989,-0.23588673006609992,0.6787703672650823,0.8375663308751095,0.09162717219589256,0.15142441424262504
ENSG00000064655,EYA2,-0.49948427043100474,-0.16799199753719893,0.6232104941437938,0.7989184112404334,0.499,0.6675606911447084
ENSG00000215440,NPEPL1,-0.990669770499366,-0.29149484936915687,0.33437761019744006,0.5867939522019969,0.003,0.00685538971905519
ENSG00000116132,PRRX1,-0.6712131980287792,-0.3483441805807831,0.5102162564013651,0.7322471556619268,0.018,0.03566602687140115
ENSG00000138029,HADHB,-0.763161384009426,-0.35530236396527126,0.4548005250387466,0.6891960535989309,0.001,0.00287341924829051
ENSG00000112983,BRD8,-0.39496087506218985,-0.15190291035290757,0.697299497680079,0.8475754360956897,0.02842377260981912,0.05377423565828333
ENSG00000171163,ZNF692,0.656194566273859,0.2511423322156356,0.5196189964134476,0.7403670082294644,0.852,1
ENSG00000103275,UBE2I,0.7982758724079769,0.28570819035390294,0.4346398749168882,0.6725620082811787,0.895,1
ENSG00000117640,MTFR1L,-0.6546263867716443,-0.21324592613716128,0.5206063370156989,0.7414506014111804,0.408,0.560095744680851
ENSG00000110315,RNF141,-0.7214438248705092,-0.3648611321331984,0.47947858890107153,0.7096168910550017,0.001,0.00287341924829051
ENSG00000166974,MAPRE2,-0.8279729899987227,-0.2808046942188613,0.4180321469125171,0.6585115367580417,0.03,0.05648024316109423
ENSG00000170500,LONRF2,-0.24539594670757953,-0.12821074040792924,0.808798243795144,0.90912757778353,0.9544198895027624,1
ENSG00000102606,ARHGEF7,-0.6189054462838977,-0.2593326527224861,0.5433767420272939,0.7583343853924301,0.00100300902708124,0.00287341924829051
ENSG00000181396,OGFOD3,0.14077778633156968,0.0608804668601062,0.8895370247562103,0.9486769712505914,0.0588235294117647,0.10154764246835858
ENSG00000162076,FLYWCH2,-0.4022488805358834,-0.14862375641162276,0.6920196554760139,0.8443450291753499,0.6420323325635104,0.8158963538233152
ENSG00000148396,SEC16A,0.5776847702384413,0.16812584013586435,0.5703048449149106,0.771883745009023,0.024,0.04622388059701492
ENSG00000105245,NUMBL,-0.6820676624522273,-0.24502252747283543,0.5034808939339992,0.7276447464095371,0.71,0.8848571428571428
ENSG00000142327,RNPEPL1,-0.4421883898684107,-0.19295519412984463,0.6633779292043773,0.8279396144330018,0.22281449893390193,0.33048683103366583
ENSG00000205090,TMEM240,0.5673145823465002,0.22834874186501583,0.5771862511530765,0.7737176749735413,0.047,0.08389567723342939
ENSG00000004399,PLXND1,0.6824371867734829,0.3013608391093683,0.5032524947403998,0.7276447464095371,0.001,0.00287341924829051
ENSG00000100612,DHRS7,-0.42156845103282986,-0.13607023496815226,0.6781021753178894,0.8375663308751095,0.2730964467005076,0.3950395588189967
ENSG00000136819,C9orf78,0.4749666471756592,0.19805178610844631,0.640260316114067,0.8117003194950366,0.8884381338742393,1
ENSG00000169093,ASMTL,0.6978906069855041,0.23277262483485295,0.49375406371634,0.7211824943036474,0.002,0.0047354740061162
ENSG00000151366,NDUFC2,0.681407974621902,0.26737864249286186,0.5038887873009169,0.7276447464095371,0.023,0.04443605739238927
ENSG00000182606,TRAK1,-0.9857807354213436,-0.30330986622141226,0.33670945606782854,0.5883694589996293,0.024,0.04622388059701492
ENSG00000100614,PPM1A,0.7378094552022754,0.23513624682618783,0.469704363092567,0.7019801072041656,0.831,0.9875698388334612
ENSG00000107338,SHB,-0.24528006828931245,-0.11702699181097324,0.8088866437974866,0.90912757778353,0.5428571428571428,0.7120832576995219
ENSG00000205531,NAP1L4,-0.42575265552926905,-0.2132182961997526,0.6751033112142268,0.8357972486266311,0.0048602673147023,0.01085237770269145
ENSG00000100321,SYNGR1,0.8918561379832272,0.3078195776481758,0.3836989374831899,0.631240890183678,0.429,0.5852920704845814
ENSG00000106609,TMEM248,0.8109651393715138,0.2617606109307381,0.4274936599407203,0.6649901376855649,0.153,0.23632967581047384
ENSG00000116983,HPCAL4,0.11988488782099982,0.05885981607772491,0.905841202149698,0.9557609585982216,0.328748280605227,0.4659649542491478
ENSG00000105819,PMPCB,-0.2671834881687791,-0.12761035304183757,0.7922253765980178,0.8988027815215179,0.05027932960893855,0.08898004788507582
ENSG00000065534,MYLK,-0.20329413947634192,-0.1095621150391412,0.841080707062901,0.9249081709844644,0.0160481444332999,0.03210665588496756
ENSG00000196700,ZNF512B,-0.6447647690072289,-0.27361423709682153,0.5268391809257811,0.7460874841795179,0.092,0.15171671991480298
ENSG00000170144,HNRNPA3,-0.4424223009772346,-0.2164251452929522,0.663211687660608,0.8279396144330018,0.6728538283062645,0.8461565548381459
ENSG00000161813,LARP4,0.33171964437328394,0.12779679500022048,0.7437559490476479,0.8728905140910433,0.9285714285714286,1
ENSG00000050438,SLC4A8,0.594252743872603,0.2724849773488168,0.5593991674124562,0.7666722480149469,0.9807692307692308,1
ENSG00000108799,EZH1,-0.5618902381463085,-0.22668129720702335,0.5808024927726081,0.7739663015051083,0.06913827655310621,0.11739103206412826
ENSG00000196628,TCF4,0.7137829506745376,0.2766082295091353,0.4840949261536338,0.7135514891536291,0.396,0.5462859688195991
ENSG00000184432,COPB2,0.564758297161636,0.18254740334183325,0.578889018135947,0.7737176749735413,0.4755600814663951,0.6403519879571415
ENSG00000002834,LASP1,0.8459940426435111,0.2536091236980583,0.40815366112190654,0.651500796617302,0.84,0.9963538873994636
ENSG00000106211,HSPB1,1.0217364852040802,1.3152440651102246,0.3198234927586992,0.5755514268781448,0.001,0.00287341924829051
ENSG00000115657,ABCB6,0.4250642444640004,0.16146618554531578,0.6755963213552645,0.8358233217744837,0.04,0.07248683440608543
ENSG00000132405,TBC1D14,0.7233467699700238,0.2554033594173415,0.4783359382252259,0.7088978632609834,0.99,1
ENSG00000165637,VDAC2,0.6176444818196064,0.2101012021162725,0.5441902492020672,0.7583343853924301,0.2072072072072072,0.30926299793769674
ENSG00000125912,NCLN,-0.5948208523066707,-0.20471480430213063,0.5590271640968099,0.7665792548319398,0.268,0.3885749063670412
ENSG00000172164,SNTB1,0.7355320657554913,0.26271215038659895,0.4710573468539093,0.7028159741181748,0.001,0.00287341924829051
ENSG00000088899,LZTS3,-0.7456108272224757,-0.238880504268212,0.46508725204378665,0.6976675103871278,0.631,0.8048628500823722
ENSG00000114784,EIF1B,0.8615468998456638,0.23309528916982697,0.3997500118082631,0.64771154891593,0.355,0.4959111411817771
ENSG00000161203,AP2M1,0.4973070401602867,0.18441088105607772,0.6247159521414558,0.8002690424900674,0.7158273381294964,0.8899708013597152
ENSG00000143702,CEP170,-0.42013140238028335,-0.2215217049584648,0.6791333998513027,0.8375663308751095,0.008130081300813,0.01726945252991624
ENSG00000128590,DNAJB9,-0.4184389275358617,-0.19270901188646,0.6803487510090809,0.8376069781279682,0.0010559662090813,0.00290954390527118
ENSG00000095059,DHPS,0.495761333579841,0.2104015882124922,0.6257857688003328,0.8006848165846863,0.05346985210466439,0.09376904414957284
ENSG00000076924,XAB2,-0.43212816683535543,-0.1599454502290064,0.6705446315409241,0.8339427966706296,0.16457023060796647,0.25155047739494724
ENSG00000169976,SF3B5,-0.29481923007476923,-0.13172732927410444,0.771350139747713,0.8880940573666168,0.9613947696139477,1
ENSG00000141580,WDR45B,-0.12862882866601483,-0.05427547938967354,0.8990120399286605,0.952243015977068,0.9849548645937812,1
ENSG00000178449,COX14,0.3608696015098916,0.14972748206591993,0.7222042544387806,0.8603619495657604,0.5774358974358974,0.7488772924451316
ENSG00000106261,ZKSCAN1,0.592584459301546,0.2644326091166314,0.5604923276842139,0.7674000095313048,0.8194583751253761,0.9789916180080788
ENSG00000094631,HDAC6,-0.7721455955159543,-0.25021335715599163,0.4495887216874459,0.6852165457043603,0.001,0.00287341924829051
ENSG00000141569,TRIM65,0.1700346399453723,0.06519847146705944,0.8667921441578982,0.94004218450927,0.01182654402102496,0.02430445045329417
ENSG00000138398,PPIG,-0.5124337431152087,-0.2031753484885366,0.6142918220885705,0.79236039105525,0.3295687885010267,0.46670074896556
ENSG00000073169,SELENOO,0.2106245706286551,0.0931892718374771,0.8354373630046252,0.92177586583539,0.31983385254413293,0.45478670400788784
ENSG00000178531,CTXN1,0.6741895722243035,0.3492704037721943,0.5083643127330062,0.731664524868065,0.001,0.00287341924829051
ENSG00000138175,ARL3,0.3586381808580447,0.12461568786042412,0.7238459028208907,0.8612234423216644,0.2835820895522388,0.40830020053151256
ENSG00000185122,HSF1,-0.5765619282610066,-0.3881832807299579,0.5710478913854705,0.7720044394226475,1,1
ENSG00000150459,SAP18,-0.5816429590506785,-0.1911720211310954,0.5676894732838973,0.7710946183032183,0.15731462925851702,0.24226922268206225
ENSG00000196547,MAN2A2,-0.8807156744498897,-0.23207624785944955,0.3895485040694505,0.6367239508140258,0.001,0.00287341924829051
ENSG00000187764,SEMA4D,0.6591099821926097,0.22807079828011637,0.5177862024293488,0.7389197135393849,0.652,0.8245177623519805
ENSG00000129351,ILF3,0.9498392480892224,0.2239233172534743,0.35419840884395815,0.601046413819784,0.007,0.01505486111111111
ENSG00000148175,STOM,0.2337710130868459,0.10415883062241042,0.8176794892467223,0.9121239018468608,0.00725388601036269,0.01556845805550468
ENSG00000165282,PIGO,-0.5634521196302222,-0.2639156261117066,0.5797600598001307,0.7737176749735413,0.003,0.00685538971905519
ENSG00000127561,SYNGR3,0.6496962466814257,0.27814584925147673,0.5237171950346591,0.7428939947187675,0.8452751817237798,0.9999301901445936
ENSG00000100014,SPECC1L,0.18847592272157965,0.0675860402959169,0.8525152237215308,0.9321268512475652,0.37912673056443025,0.525349210093083
ENSG00000145912,NHP2,-0.5410614273643699,-0.17637783665599735,0.5947940208641682,0.780860052594842,0.011,0.02268109187749667
ENSG00000176915,ANKLE2,0.5253333453619448,0.22544796757907165,0.6054683925102428,0.7870377020267544,0.03048780487804878,0.05732892028373835
ENSG00000152556,PFKM,-0.4661015821528357,-0.27187256960004935,0.6464767589236178,0.8160444333953865,0.969,1
ENSG00000179091,CYC1,-0.8617275335895906,-0.22575198124212123,0.3996530752448546,0.64771154891593,0.001,0.00287341924829051
ENSG00000134780,DAGLA,-0.16737320257210908,-0.06272353693117022,0.868856591916686,0.9411720203384936,0.7784290738569754,0.9450391382732468
ENSG00000196235,SUPT5H,-0.7103110445774344,-0.26757925891794315,0.486195602705891,0.714862940964826,0.968,1
ENSG00000147649,MTDH,-0.5676802457693703,-0.22269350656724113,0.5769428877955123,0.7737176749735413,0.069,0.11722051563357104
ENSG00000197746,PSAP,-1.1615182594086235,-0.4739823320130092,0.25990953172734044,0.518355608884144,0.001,0.00287341924829051
ENSG00000100441,KHNYN,0.2421630948803015,0.10123242135113114,0.8112654706299827,0.9098322671394112,0.00128700128700128,0.00329408511226693
ENSG00000129187,DCTD,0.4572515425327834,0.1687424604172716,0.6527093945336064,0.82051092862238,0.8258823529411765,0.9829967897997016
ENSG00000169223,LMAN2,0.7856323942390998,0.2857278625907281,0.44183401681169576,0.678653984192119,0.621,0.7947260330578513
ENSG00000162191,UBXN1,0.37221322737904144,0.1493196415738809,0.7138803087473075,0.8565596387476162,0.17622377622377622,0.26740080106077163
ENSG00000048540,LMO3,-0.5486650681529346,-0.2795674795181193,0.589667077423915,0.7787474974778177,0.001001001001001,0.00287341924829051
ENSG00000146576,INTS15,0.5159413124995963,0.21181199235226184,0.6118865557208304,0.7915639811406797,0.9121114683815648,1
ENSG00000166348,USP54,0.7543598796683075,0.2253142676696909,0.4599418588446149,0.6939941864198467,0.526,0.6948167938277631
ENSG00000189067,LITAF,0.4078848955508795,0.1696594044263046,0.6879476595374037,0.8422781230838174,0.9787234042553192,1
ENSG00000143153,ATP1B1,0.9988781706604094,0.3321323189507895,0.330487938149582,0.5832527538245239,0.776,0.9428293448411142
ENSG00000162576,MXRA8,0.6444769522260473,0.2658310576949754,0.5270217067806758,0.7460874841795179,0.052,0.091450312322544
ENSG00000131503,ANKHD1,-0.3973303062237892,-0.20167325147954124,0.6955811925819527,0.8464291610289055,0.6280241935483871,0.80238899646013
ENSG00000160323,ADAMTS13,0.3674001661593389,0.2015803537737522,0.7174077076207195,0.8584655744569556,0.07265388496468214,0.12309030729519724
ENSG00000047056,WDR37,-0.30443367359592466,-0.11919834014037058,0.7641285245488506,0.8840753713155297,0.10650224215246636,0.17196947025348716
ENSG00000142186,SCYL1,-0.2546313918591657,-0.11929162339795492,0.801761395552391,0.9052721909616096,0.9091880341880342,1
ENSG00000123815,COQ8B,0.37633036139175285,0.133079499000455,0.7108681756930129,0.8550780241147236,0.40615384615384614,0.5583038000614564
ENSG00000167645,YIF1B,0.3921340708755164,0.14606550352734807,0.699351685740199,0.848700476292958,0.16305469556243551,0.24961957101179577
ENSG00000164574,GALNT10,-0.3753732444483401,-0.1259419580493509,0.7115679780706452,0.8555240252295402,0.15915915915915915,0.24474474474474472
ENSG00000180879,SSR4,0.15651302603851375,0.0723432927599213,0.8772905780609841,0.9450618088479336,0.03234501347708895,0.06038125782914073
ENSG00000165416,SUGT1,-0.09861081999425202,-0.05184525818581447,0.9224869939022308,0.9638492425963724,0.02269503546099291,0.04409443213468948
ENSG00000164040,PGRMC2,-0.7944114721329743,-0.25130241183946483,0.43683092720985206,0.6744791386997803,0.011,0.02268109187749667
ENSG00000221988,PPT2,0.17161078054727336,0.06047052939100469,0.8655700112176712,0.939289187385312,0.3351893095768374,0.4735772316420919
ENSG00000174483,BBS1,-0.564601605021523,-0.2444676289487129,0.5789934752622709,0.7737176749735413,0.16,0.2454284299157999
ENSG00000213676,ATF6B,0.8769910836206694,0.2719291546008026,0.39151720679006463,0.639057118179912,0.006,0.01304
ENSG00000136280,CCM2,0.2203728272804927,0.08264157535493848,0.8279468716373292,0.9178678620780658,0.00115074798619102,0.00303049873574285
ENSG00000134371,CDC73,-0.6104977803591325,-0.22076485047618533,0.5488132593012509,0.7606475238598129,0.731,0.9048389288569144
ENSG00000185787,MORF4L1,0.6122202987606811,0.2158017172877195,0.5476970935710237,0.7600848544535462,0.05734406438631791,0.09960435636815848
ENSG00000100100,PIK3IP1,-0.566161550513299,-0.20498789882253632,0.5779539812830826,0.7737176749735413,0.899,1
ENSG00000047644,WWC3,0.00600722716767246,0.00333322370024969,0.995269992404501,0.9966769333041398,0.00578871201157742,0.01272366295234583
ENSG00000103423,DNAJA3,0.56914170174371,0.20526448022944327,0.575970753886617,0.7736398977119444,0.8383534136546185,0.9947818092292542
ENSG00000167280,ENGASE,0.22886477548681525,0.12326020792328272,0.8214354522319932,0.9143696957277562,0.00130548302872062,0.00333587536299321
ENSG00000118518,RNF146,-0.08426292584373901,-0.03111761428408673,0.9337346893706248,0.9670433537282904,0.29158878504672897,0.4190489407376889
ENSG00000007541,PIGQ,-0.7629495100385818,-0.2279377792736274,0.45492387727676464,0.6891960535989309,0.102,0.16573662119622243
ENSG00000143819,EPHX1,-1.0684308772697029,-0.2432537454041584,0.2988008243840662,0.5557264835865909,0.001,0.00287341924829051
ENSG00000113558,SKP1,0.5393200185071795,0.2579691113182078,0.595971300992792,0.7817483356375973,0.905894519131334,1
ENSG00000102547,CAB39L,-0.40430136819559703,-0.18703688239281233,0.6905356192599199,0.8436968483679326,0.00614124872057318,0.01331894067760164
ENSG00000162298,SYVN1,-0.6205010610638987,-0.20872951741698703,0.5423482751153169,0.758089025437432,0.733,0.9068367242301986
ENSG00000114503,NCBP2,-0.2776224937395456,-0.12412197622870252,0.784320150305287,0.8935548319013594,0.6057791537667698,0.7797183215621105
ENSG00000134531,EMP1,0.23622971693347267,0.13592732943325048,0.8157989268156415,0.9115330595523666,0.08190091001011122,0.13695848720373352
ENSG00000123636,BAZ2B,-0.5124567797850649,-0.2396676754033664,0.6142760103320273,0.79236039105525,0.01322482197355035,0.02682205216246591
ENSG00000125755,SYMPK,0.9029147758569944,0.24336251463615563,0.37795012252840376,0.6241022536110051,0.008,0.01702817869415807
ENSG00000135541,AHI1,0.5351967411337746,0.1706965268934689,0.5987634134950113,0.782590409815251,0.31931931931931934,0.45426363432794303
ENSG00000029725,RABEP1,-0.4665766788867645,-0.1971094712512062,0.6461429242244177,0.8160444333953865,0.00101729399796541,0.00287341924829051
ENSG00000170296,GABARAP,0.8139606978944498,0.20048377953635535,0.425817499943959,0.6629650922204408,0.2,0.2993716771387144
ENSG00000125730,C3,-0.9361866582215492,-0.29681460965281553,0.36100165590338584,0.608599650266441,0.136,0.2136945712836124
ENSG00000140553,UNC45A,0.15792017884339565,0.07532581100085392,0.8761969142100214,0.944656359735801,0.21568627450980393,0.3209900971440955
ENSG00000155363,MOV10,0.8724439636600376,0.247555480591554,0.39392950706281527,0.640338831581685,0.418,0.5720486080424215
ENSG00000071189,SNX13,0.13160709750417063,0.05994976352083799,0.8966877795916701,0.952071960995059,0.7338129496402878,0.9072330159824236
ENSG00000119685,TTLL5,-0.33552766334615625,-0.13356882421064675,0.7409277229374214,0.870675615991508,0.8171021377672208,0.9774296333198468
ENSG00000177169,ULK1,0.8739014428188178,0.30358274402685725,0.393155240069336,0.6396673680870868,0.001,0.00287341924829051
ENSG00000173638,SLC19A1,0.4282723751833408,0.19057032719970085,0.6733000838798497,0.8357972486266311,0.00106609808102345,0.00292114695340501
ENSG00000175115,PACS1,0.6177345115010312,0.25356506565853737,0.5441321451467211,0.7583343853924301,0.001,0.00287341924829051
ENSG00000130402,ACTN4,0.7290423433174453,0.2913332208847859,0.4749255793363317,0.7056763467773411,0.001,0.00287341924829051
ENSG00000111371,SLC38A1,-0.24033204099172667,-0.14845122256701845,0.8126637838338486,0.9105812258062156,0.06006006006006006,0.10350918531219032
ENSG00000138593,SECISBP2L,0.5940562209934407,0.23464054325829184,0.5595278828680513,0.7666722480149469,0.8804020100502512,1
ENSG00000125386,FAM193A,0.20775221588388584,0.11585644521176248,0.8376475768404208,0.9234197688044724,0.9887459807073956,1
ENSG00000128849,CGNL1,0.3127765986757635,0.14061869475262762,0.7578798727124247,0.8812233323248438,0.4701195219123506,0.6341289892694033
ENSG00000129473,BCL2L2,-0.5255194082959748,-0.2056897680828103,0.6053415738789082,0.7870377020267544,0.894,1
ENSG00000004139,SARM1,0.3640889029855755,0.16052448260660046,0.7198382623955575,0.8590522659720569,0.8556962025316456,1
ENSG00000163945,UVSSA,0.737029545302587,0.2694612548262455,0.4701674414042356,0.702375823472713,0.066,0.11249422124380848
ENSG00000106780,MEGF9,-0.6977339480877653,-0.24432197840038083,0.4938498310633957,0.7211824943036474,0.001,0.00287341924829051
ENSG00000121440,PDZRN3,0.11257890685004422,0.04914446740012151,0.9115530959461708,0.9586463972212996,1,1
ENSG00000105429,MEGF8,0.629492194523496,0.19064433796930955,0.5365726407893535,0.7529874380649327,0.094,0.15476767676767678
ENSG00000273899,NOL12,-0.01323765663291077,-0.00465684621974216,0.9895771067630568,0.9936948997151858,0.15260115606936417,0.23594896672332544
ENSG00000084444,FAM234B,0.42648417689844786,0.16872257386343217,0.6745795924807432,0.8357972486266311,0.9731958762886598,1
ENSG00000198218,QRICH1,-0.3361669612195155,-0.16539485150357777,0.740453284204805,0.870675615991508,0.988,1
ENSG00000137076,TLN1,-0.34438366384056196,-0.13601630908292908,0.7343650281161842,0.8667513927315977,0.4523560209424084,0.6141808841993156
ENSG00000177830,CHID1,0.5520605590588233,0.1980392977392063,0.5873847161438204,0.7766552242264606,0.095,0.15616507430997878
ENSG00000177614,PGBD5,0.3360820258874758,0.1214433409914959,0.7405163106681483,0.870675615991508,0.383,0.5302418417523469
ENSG00000151532,VTI1A,0.02694971749426012,0.01179034674174256,0.978782735132302,0.987648585523532,0.3559718969555035,0.49685984677782785
ENSG00000106772,PRUNE2,0.2551263706648057,0.16979450411195637,0.8013847362638421,0.9051354387265718,0.9283551967709384,1
ENSG00000103091,WDR59,-0.12095833278344664,-0.06111668412427332,0.905002407202138,0.9551604667193004,0.01144640998959417,0.02357016737883853
ENSG00000150760,DOCK1,0.49132280368675346,0.22070814303383965,0.6288625024136942,0.8032567556975496,0.997,1
ENSG00000114125,RNF7,-0.30709247011198587,-0.1755882765797799,0.7621353221717877,0.8831981613091183,0.08840864440078586,0.14649629304934927
ENSG00000130414,NDUFA10,0.5802127988596045,0.19569544549566176,0.5686337345839406,0.7710952097612241,0.966,1
ENSG00000158793,NIT1,0.4405997635133186,0.27913163818391945,0.6645074459863423,0.8284707404729407,0.7913978494623656,0.9559123010081694
ENSG00000177576,C18orf32,-0.31052125360745586,-0.1359034065458142,0.7595674069116455,0.8815163025167262,0.00106951871657754,0.00292114695340501
ENSG00000117984,CTSD,0.8891021680276718,0.2858064519212761,0.38513954181924737,0.6324359096540446,0.783,0.94835784122018
ENSG00000148824,MTG1,-0.26160253495787794,-0.1510825835678178,0.7964612630192548,0.9012989755955912,1,1
ENSG00000169180,XPO6,0.18070601719074028,0.06032418395985378,0.8585244859449273,0.9344164087587836,0.09026798307475316,0.1493375767000591
ENSG00000164124,TMEM144,-0.11437482392890624,-0.04684518576171076,0.9101485582170172,0.957513118396594,0.8088088088088088,0.9711135658914728
ENSG00000128595,CALU,-0.3540483225952905,-0.15794535473248136,0.7272269590143565,0.862658978139882,0.00408163265306122,0.00912694319605098
ENSG00000164096,C4orf3,-0.7235964769396334,-0.3105669860493418,0.4781861175785914,0.7088978632609834,0.001,0.00287341924829051
ENSG00000071655,MBD3,-0.4203862712958093,-0.16707122555216947,0.6789504587498774,0.8375663308751095,0.982,1
ENSG00000130758,MAP3K10,-0.7289733546331598,-0.2634354441307777,0.47496680144471526,0.7056763467773411,0.427,0.5833343625937362
ENSG00000183172,SMDT1,0.6338944919514995,0.20270261270433343,0.5337569793587894,0.7502997025845017,0.228,0.33720916905444126
ENSG00000183401,CCDC159,-0.7034292254800191,-0.28021625407354145,0.4903751584927285,0.7189623574042042,0.815,0.9764235976789168
ENSG00000009954,BAZ1B,-0.6473223873377609,-0.1787696503835155,0.5252187401848052,0.7444276821666987,0.175,0.26580431584109854
ENSG00000122042,UBL3,-0.8230120701325847,-0.3075802697823012,0.42077806393149464,0.6591755428772021,0.001,0.00287341924829051
ENSG00000145833,DDX46,0.4609182782265023,0.2084894010764504,0.6501238821512589,0.8191273028961217,1,1
ENSG00000163516,ANKZF1,-0.39180933117985506,-0.13110298639018103,0.6995875910210911,0.848700476292958,0.803,0.9657829126213592
ENSG00000105737,GRIK5,-0.3107145352987479,-0.12057549096214808,0.7594227376264139,0.8815163025167262,0.01972872996300863,0.03886760604035479
ENSG00000104859,CLASRP,-0.7797948979040357,-0.3055954213252698,0.4451802868191784,0.6813454957783449,0.001,0.00287341924829051
ENSG00000178950,GAK,-0.8181469562004329,-0.3423427292518315,0.423482042816299,0.6607812315662251,0.963,1
ENSG00000108379,WNT3,-0.03071647907725116,-0.01536335281571547,0.975818120070874,0.9872458672639348,0.9697802197802198,1
ENSG00000112787,FBRSL1,-0.4864856668711772,-0.17490723528817811,0.6322234965005453,0.8060963371508032,0.877,1
ENSG00000177733,HNRNPA0,-0.7938703247365256,-0.5744336759719473,0.4371382971523122,0.6746596289819128,1,1
ENSG00000178026,LRRC75B,0.3936203389875393,0.14232687166857985,0.6982723955566739,0.8481758659333809,0.001,0.00287341924829051
ENSG00000130309,COLGALT1,0.39724979634214186,0.15381144962591187,0.6956395504672908,0.8464291610289055,0.02202202202202202,0.04284057927274008
ENSG00000141458,NPC1,-0.42740294726809475,-0.2124243195808118,0.6739220578116698,0.8357972486266311,0.00706357214934409,0.01517051521949977
ENSG00000197114,ZGPAT,-0.7190172651153764,-0.2209467901852929,0.4809379847350117,0.7109692579012569,0.785,0.9504085222830336
ENSG00000184840,TMED9,0.6029844278038503,0.2146465777822976,0.5536959520988012,0.7637036847094836,0.57,0.7423423044575274
ENSG00000087086,FTL,0.9329228458458102,0.4752956406342525,0.3626410962764792,0.6096225738069717,0.001,0.00287341924829051
ENSG00000196576,PLXNB2,-0.8406952676335101,-0.4838954843662129,0.4110425509963649,0.654533640789239,1,1
ENSG00000165300,SLITRK5,-0.27618124859624804,-0.1365470387813506,0.7854101643191107,0.8942214085561846,0.04929577464788732,0.08743929787199715
ENSG00000198408,OGA,0.8264660540972038,0.2740118280699745,0.4188650418807971,0.6591755428772021,0.82,0.9789916180080788
ENSG00000178764,ZHX2,-0.30797160301836946,-0.12325724931778544,0.7614766427368604,0.8831533295919973,0.64,0.8143303204601479
ENSG00000104728,ARHGEF10,-0.02446831198511658,-0.01089797609913678,0.9807358915841076,0.989113476079416,0.993,1
ENSG00000178922,HYI,0.3652539406975725,0.14742687701422394,0.7189827430887279,0.8586098705395395,0.04904904904904905,0.08705152143547558
ENSG00000123983,ACSL3,-0.17664861032584153,-0.0840722684207965,0.8616660442209829,0.9362063762817304,0.008130081300813,0.01726945252991624
ENSG00000106992,AK1,-0.5625882940934247,-0.5756020727762413,0.5803364781111975,0.7737176749735413,1,1
ENSG00000068323,TFE3,-0.6535751065302279,-0.3012367656874683,0.521268817656082,0.7420957203126377,0.461,0.6250950087565674
ENSG00000063587,ZNF275,-0.24416207846643817,-0.07597315442164235,0.809739658381462,0.9093525269458268,0.00407331975560081,0.00911493589819054
ENSG00000100804,PSMB5,0.412010515349705,0.2012460784747794,0.684973097742533,0.8406703784490825,0.3508771929824561,0.4911687617902873
ENSG00000169813,HNRNPF,-0.1688135606173215,-0.06302831856272931,0.8677392009711817,0.9407812212549512,0.2725409836065574,0.3946046873443236
ENSG00000110422,HIPK3,-0.6794601743249614,-0.3663497195080791,0.5050942364537621,0.7278462765351048,0.027,0.05133149171270718
ENSG00000104419,NDRG1,0.18013478020768914,0.08696874807012793,0.8589666366229811,0.9344164087587836,0.91991991991992,1
ENSG00000196498,NCOR2,0.986769688619206,0.28177529979311455,0.33623686059518276,0.5878336427582119,0.001,0.00287341924829051
ENSG00000100425,BRD1,0.6118213646010897,0.3273733653008371,0.5479554888331121,0.7600848544535462,0.001,0.00287341924829051
ENSG00000088812,ATRN,0.3745253113401017,0.1503168596246744,0.7121881695500727,0.8556887708773262,0.7651821862348178,0.9348202093764224
ENSG00000100412,ACO2,-0.746070023440716,-0.2282173024122088,0.46481633693498914,0.6976675103871278,0.943,1
ENSG00000160633,SAFB,0.6942865842249897,0.22673057157178897,0.49595996153562183,0.722180400165524,0.025,0.04797087980173482
ENSG00000166532,RIMKLB,-0.8811739968410961,-0.33546539716100887,0.3893066996248944,0.6366224977245503,0.004,0.00895733911785972
ENSG00000113269,RNF130,0.556282463169145,0.2535243441266246,0.5845530405036523,0.7751509098907088,1,1
ENSG00000158747,NBL1,0.4597197273645232,0.1891946646495833,0.6509685133002159,0.8192077603417001,0.001001001001001,0.00287341924829051
ENSG00000125952,MAX,-0.7861480279902676,-0.25338319595697806,0.4415391862292196,0.678653984192119,0.001,0.00287341924829051
ENSG00000154305,MIA3,0.6626902900987522,0.2272780010233324,0.5155403753546972,0.7366050865293818,0.948,1
ENSG00000197324,LRP10,0.5160722805060609,0.21769708223429127,0.6117968335676361,0.7915639811406797,0.001,0.00287341924829051
ENSG00000163162,RNF149,-0.13020042307366125,-0.05705951817127181,0.8977854393408172,0.952071960995059,0.15963855421686746,0.2453601004514335
ENSG00000170324,FRMPD2,-0.8665033393611957,-0.3708262697297658,0.3970956995328896,0.6445980603783203,0.848,1
ENSG00000119335,SET,-0.13141988110017008,-0.05880659041308386,0.8968338564868691,0.952071960995059,0.1804949053857351,0.2730790043867228
ENSG00000060491,OGFR,-0.5815866187871299,-0.2402805050733847,0.5677266565060924,0.7710946183032183,0.408,0.560095744680851
ENSG00000100982,PCIF1,-0.31242055570599936,-0.12893563689637147,0.7581461948268404,0.8812233323248438,0.4688128772635815,0.6334465765372873
ENSG00000119280,C1orf198,-0.949283613914472,-0.26082954112212814,0.3544735685028986,0.601046413819784,0.001,0.00287341924829051
ENSG00000161791,FMNL3,0.00674721751652935,0.0038801627802194,0.9946873430370828,0.9963751609268516,0.9417910447761194,1
ENSG00000084710,EFR3B,-0.7805421366575892,-0.2205841149006097,0.4447510717572486,0.6813454957783449,0.002,0.0047354740061162
ENSG00000198420,TCAF1,-0.3519647849324928,-0.19084658246670616,0.7287636705420195,0.862727580568126,0.9969666329625884,1
ENSG00000205220,PSMB10,0.07165641167090558,0.02676665312742859,0.9436291719650618,0.9735076954581054,0.2625754527162978,0.38142409805927496
ENSG00000176108,CHMP6,0.28715679610335226,0.13733572595120358,0.7771209755066246,0.8902207293804865,0.619146722164412,0.7933377734973869
ENSG00000103194,USP10,0.3277853780041045,0.12607342305645677,0.7466818697202214,0.8751645210287969,0.76125,0.930750592183182
ENSG00000160307,S100B,1.0554190564530277,0.247336666307142,0.3045564317185243,0.5612581282896356,0.001,0.00287341924829051
ENSG00000183723,CMTM4,0.8456386359098842,0.23687844342187817,0.408347018785959,0.6515158290720121,0.016,0.03205174644243208
ENSG00000164091,WDR82,-0.6690659467700322,-0.21878946629090623,0.5115546732151693,0.7331269017744587,0.001,0.00287341924829051
ENSG00000254772,EEF1G,-0.525288326192894,-0.17212683312341173,0.6054990790578503,0.7870377020267544,0.018,0.03566602687140115
ENSG00000126432,PRDX5,0.5970494494220129,0.33907883248232273,0.557569110585288,0.7657657191520318,0.997,1
ENSG00000128656,CHN1,0.2970400792236246,0.171114930173505,0.7696800808201064,0.8879448886375693,0.9053333333333332,1
ENSG00000111678,C12orf57,0.7908886963070897,0.18566674911211328,0.43883426511364265,0.6760987242420715,0.055,0.09607163000564016
ENSG00000122566,HNRNPA2B1,0.962599903071768,0.36390574998129555,0.3479192622079933,0.59821845958287,1,1
ENSG00000150867,PIP4K2A,0.4314452542279228,0.17889085990396503,0.6710323116668055,0.8342563874776501,0.998,1
ENSG00000130396,AFDN,-0.7511265956236659,-0.2711151290812956,0.4618393587547486,0.6949171659767712,0.001,0.00287341924829051
ENSG00000204308,RNF5,-0.08809522272045793,-0.04657555295304922,0.9307289482185072,0.9667926865073267,0.00106723585912486,0.00292114695340501
ENSG00000116852,KIF21B,-0.4521211455063347,-0.19016090613659747,0.6563345510984614,0.8229157451294691,0.98,1
ENSG00000189337,KAZN,-0.14066866657991542,-0.10297242009010388,0.8896220539929262,0.9486769712505914,1,1
ENSG00000196220,SRGAP3,-0.4603307470080636,-0.20191002693732416,0.65053786082631,0.8191273028961217,0.008,0.01702817869415807
ENSG00000197724,PHF2,-0.7130659153914104,-0.29058635655434223,0.4845283318802508,0.7135964039583569,0.937,1
ENSG00000131943,C19orf12,0.30081453666292346,0.10411155578719698,0.7668443742734297,0.8864761010693498,0.309552599758162,0.4424016619524817
ENSG00000116147,TNR,0.9455013565935084,0.26721568458010536,0.3563504845500457,0.6030546661616157,0.981,1
ENSG00000160741,CRTC2,0.3656752464763551,0.18007725185825488,0.7186734602824838,0.8586098705395395,0.04426559356136821,0.07947277870119265
ENSG00000160007,ARHGAP35,-0.6428659766900864,-0.28407248138393204,0.5280439890964387,0.7469376235541477,0.005,0.01102135231316726
ENSG00000075142,SRI,-0.7920686117636327,-0.28265308118884835,0.4381626339958259,0.6759460146399021,0.001,0.00287341924829051
ENSG00000080815,PSEN1,0.17181543887447037,0.08199246581534725,0.865411345416538,0.939289187385312,0.977710233029382,1
ENSG00000172081,MOB3A,0.1664590869735988,0.07725923441248667,0.8695658852383583,0.9416087941040248,0.02036659877800407,0.03992111165536621
ENSG00000173020,GRK2,0.772774155908619,0.24146259836953216,0.4492254642167016,0.6852007491116683,0.001,0.00287341924829051
ENSG00000169554,ZEB2,0.592839074058327,0.1903220754024476,0.5603254164755687,0.7674000095313048,0.63,0.8045814432989691
ENSG00000091986,CCDC80,-0.04303256383007051,-0.01726622179434762,0.9661275478388216,0.982343568457551,0.03222557905337361,0.0601945828276828
ENSG00000109339,MAPK10,0.7419009433972085,0.23207246542421256,0.4672794756996935,0.6998325170944247,0.336,0.4740738041002278
ENSG00000214753,HNRNPUL2,0.5710942368332326,0.2746625690121952,0.574673269001951,0.7725650007347596,0.007,0.01505486111111111
ENSG00000179218,CALR,-0.7267941539699213,-0.3121119405499061,0.4762700094688501,0.7070194356825931,0.001,0.00287341924829051
ENSG00000151693,ASAP2,0.06779828635021,0.02358499172714819,0.9466592585766812,0.9740861062993118,0.9103825136612022,1
ENSG00000022277,RTF2,0.13822841207856768,0.06593868391666316,0.8915239269250077,0.9489786989906752,0.01214574898785425,0.02481225898112441
ENSG00000149809,TM7SF2,-0.48868521678842447,-0.17893505101767418,0.6306941558390571,0.8047257564776442,0.837,0.9935565350709084
ENSG00000117362,APH1A,-0.34734766905752257,-0.1285419103713757,0.7321732143471329,0.8660860172288282,0.01624365482233502,0.03243494454208354
ENSG00000162616,DNAJB4,0.16732136481124812,0.05728078176284846,0.8688968115490894,0.9411720203384936,0.202020202020202,0.3022495486263602
ENSG00000084676,NCOA1,-0.3345911753116064,-0.15085739764898792,0.7416229061113437,0.870675615991508,0.001,0.00287341924829051
ENSG00000160695,VPS11,0.28752471055634377,0.10420146565251608,0.7768435796360528,0.8902207293804865,0.058,0.10023772321428571
ENSG00000133226,SRRM1,0.729232013187268,0.189536951828721,0.4748122587674544,0.7056763467773411,0.27,0.3912915301824989
ENSG00000124177,CHD6,0.10663709568081876,0.04980947619455091,0.9162021285132704,0.9606832265227956,0.9966592427616926,1
ENSG00000104177,MYEF2,0.7199337561399725,0.30754359888460786,0.4803864761514875,0.7104504795526384,0.992,1
ENSG00000103260,METRN,-0.9495740383593244,-0.37965431380022474,0.3543297270920728,0.601046413819784,0.999,1
ENSG00000084207,GSTP1,0.8518215845678289,0.2269215892356412,0.40499162392708743,0.6505579736733532,0.001,0.00287341924829051
ENSG00000215041,NEURL4,0.12972032521664487,0.05428021729058033,0.8981601190421425,0.952071960995059,0.6616616616616616,0.8346909027153425
ENSG00000204231,RXRB,-0.2790067902943042,-0.12930939546782927,0.7832736370298169,0.893334055689489,0.023,0.04443605739238927
ENSG00000100897,DCAF11,0.07025684550587687,0.02293769422310249,0.9447282609592146,0.9735509952615996,0.8655352480417755,1
ENSG00000149115,TNKS1BP1,-0.23491247642074625,-0.08502055619701049,0.8168062885776262,0.9121239018468608,0.33433433433433435,0.4730166438709152
ENSG00000183779,ZNF703,0.2217149185043388,0.08651248647937518,0.8269169244351668,0.9178678620780658,0.952,1
ENSG00000075413,MARK3,-0.3088938204876462,-0.1121880474920754,0.7607858835121926,0.8826412051752984,0.978,1
ENSG00000110721,CHKA,-0.14919717192143142,-0.05915769449215977,0.8829806205516844,0.9474454280503076,0.001001001001001,0.00287341924829051
ENSG00000119801,YPEL5,0.05660767684694455,0.02467513897013885,0.955452667880906,0.9764255170674918,0.5562060889929742,0.7280516727012852
ENSG00000169515,CCDC8,0.32978911590949833,0.123902846681732,0.7451911897826384,0.8742852581020554,0.967,1
ENSG00000104885,DOT1L,-0.36480457103924446,-0.1688030903853756,0.7193126825869283,0.8587143652588135,0.003,0.00685538971905519
ENSG00000072952,IRAG1,-0.7754908172606151,-0.3189606757017289,0.4476575233406569,0.6834495464106064,0.003,0.00685538971905519
ENSG00000148358,GPR107,-0.15807098087662175,-0.07109064052079186,0.8760797233449746,0.944656359735801,0.9098196392785572,1
ENSG00000205937,RNPS1,0.651820895532783,0.2841670586202711,0.5223753047985142,0.7426887646172678,0.378,0.524022381378693
ENSG00000107959,PITRM1,0.08378983881745061,0.04197854843114524,0.9341058120452196,0.9671449243683624,0.9472551130247578,1
ENSG00000084754,HADHA,-0.5193977674184991,-0.3515851278774496,0.6095207574851955,0.7905245415644682,0.001,0.00287341924829051
ENSG00000173757,STAT5B,-0.5307306530274608,-0.17966929748367697,0.6017948805170711,0.7856828112021621,0.717,0.8903564554931837
ENSG00000167965,MLST8,-0.5694888570623842,-0.1837722507720449,0.5757399554202349,0.77362326331505,0.945,1
ENSG00000131669,NINJ1,-0.01763559808400378,-0.006161067327376,0.9861146439070588,0.9921912408057344,0.433,0.5899696436427628
ENSG00000130643,CALY,0.5565146022523038,0.21308301997974352,0.5843975416488861,0.7751509098907088,0.803,0.9657829126213592
ENSG00000065000,AP3D1,0.8381114776439417,0.273981474285481,0.4124559814346645,0.654533640789239,0.13,0.20541326530612244
ENSG00000090863,GLG1,0.21773820292272983,0.12692321304817236,0.8299696630975101,0.9186726708410564,1,1
ENSG00000055208,TAB2,0.5841902712976901,0.18512452316330064,0.5660096262636638,0.7710058257929895,0.967,1
ENSG00000197102,DYNC1H1,-0.34159668659603354,-0.1893088171565164,0.7364280707847302,0.8676622642758691,0.00101626016260162,0.00287341924829051
ENSG00000110514,MADD,-0.47801768023397995,-0.29285269393925134,0.6381271096013705,0.8103761172946162,0.001,0.00287341924829051
ENSG00000255690,TRIL,-0.944679560517012,-0.3309858898594505,0.35675918852232846,0.6034579970134133,0.768,0.936135332356581
ENSG00000135404,CD63,0.8206127321005354,0.20003596872223833,0.4221102189894004,0.6603290065449279,0.576,0.7476412405699916
ENSG00000188229,TUBB4B,0.3249460512648006,0.10435416314628296,0.7487959403702293,0.8764685670606949,0.11211211211211213,0.1798090166811037
ENSG00000158773,USF1,-0.0357564257301231,-0.0158201060771963,0.971852022319416,0.9857674292827524,0.9313524590163934,1
ENSG00000138760,SCARB2,-0.7911932536364183,-0.4249621973243661,0.4386608438806851,0.6760987242420715,0.001,0.00287341924829051
ENSG00000132466,ANKRD17,0.5291204742676087,0.17751610956007788,0.6028896617684169,0.7859512294981202,0.603,0.7774733555370524
ENSG00000107223,EDF1,0.549626413754266,0.3504995239877924,0.589020437300981,0.7782712020303251,0.958958958958959,1
ENSG00000184207,PGP,-0.38679483127965897,-0.17556986013451062,0.7032343124982376,0.850702163548073,0.997,1
ENSG00000124357,NAGK,0.7706387256705103,0.3081767696599827,0.4504603044800186,0.6856598188518375,0.879,1
ENSG00000105518,TMEM205,0.1859774564129851,0.10601346109492026,0.8544465525931514,0.9321268512475652,0.949943117178612,1
ENSG00000118816,CCNI,-0.740808073880704,-0.2364098458134063,0.46792644734517475,0.7002093267835272,0.002,0.0047354740061162
ENSG00000149657,LSM14B,-0.5777564637936298,-0.17660780536877796,0.5702574182602682,0.771883745009023,0.017,0.03379268292682927
ENSG00000139641,ESYT1,-0.1182651670616685,-0.03570306251762393,0.9071070742527578,0.9562420407747824,0.4659206510681587,0.6304945391000437
ENSG00000038358,EDC4,0.18894764569480677,0.07351191159568617,0.8521506860176082,0.9321268512475652,0.25551102204408815,0.372560091935283
ENSG00000160218,TRAPPC10,-0.26990705605320087,-0.09073167660832232,0.7901606124171479,0.8979244624846133,0.10743801652892562,0.17320954564814298
ENSG00000166949,SMAD3,0.2423877821529254,0.0687690482269348,0.811093929378212,0.9098322671394112,0.366,0.5094756933004624
ENSG00000137411,VARS2,0.36313331221149714,0.12131593001390262,0.7205402624106727,0.8596004073622777,0.105,0.16989811912225705
ENSG00000055070,SZRD1,-0.1369612879393827,-0.05240046438355306,0.8925117585496808,0.9496174973814868,0.0962566844919786,0.1577285459638401
ENSG00000183579,ZNRF3,-0.769525075693003,-0.2670926586617327,0.4511051108935667,0.6863463499935625,0.039,0.07084046920821115
ENSG00000133858,ZFC3H1,0.4946127786838519,0.14414518452649822,0.6265812604365869,0.8012096839228847,0.908,1
ENSG00000083896,YTHDC1,-0.09499975760434232,-0.03873441360045189,0.925316320329824,0.9645789420744352,0.997991967871486,1
ENSG00000112339,HBS1L,0.5734301277552561,0.2293525225555788,0.5731230058216195,0.7725548483812967,0.283,0.40784132154490454
ENSG00000100906,NFKBIA,-0.6506056887288747,-0.3763393740183072,0.5231425738042343,0.7426887646172678,0.995,1
ENSG00000089737,DDX24,0.8032430278005349,0.3275098743547057,0.43183367581690135,0.669799299126616,0.994,1
ENSG00000139112,GABARAPL1,-0.2103665005017254,-0.10489062517640543,0.8356358851489094,0.92177586583539,1,1
ENSG00000104866,PPP1R37,-0.03375957928956205,-0.01133046421128435,0.973423321544198,0.9862220719646606,0.7707373271889401,0.9382757477610644
ENSG00000080823,MOK,0.45231816991506135,0.17271468493668005,0.6561951705410396,0.8229157451294691,0.594,0.7668270112546894
ENSG00000166471,TMEM41B,-0.6722891573081666,-0.17523920969483014,0.5095463387488112,0.7319401404959341,0.005,0.01102135231316726
ENSG00000159840,ZYX,0.6340112042948115,0.23052205017234972,0.5336824413581385,0.7502997025845017,0.001,0.00287341924829051
ENSG00000129103,SUMF2,-0.6730921817949981,-0.21154619835356653,0.5090466813485124,0.7319401404959341,0.01,0.02082716879623403
ENSG00000018189,RUFY3,-0.619442298419389,-0.3568155183645633,0.5430305923323862,0.7583343853924301,0.996,1
ENSG00000126746,ZNF384,0.19211793631210997,0.07574990410338928,0.8497016413018322,0.93033793307298,0.752,0.9227194928684628
ENSG00000185946,RNPC3,0.3243747360638585,0.13513411815697582,0.7492215706008654,0.8764685670606949,0.7525050100200401,0.922973471695867
ENSG00000139793,MBNL2,-0.34208735691211545,-0.1423581181252406,0.7360647055501243,0.8676010605852048,0.926,1
ENSG00000148384,INPP5E,0.24694966092829312,0.10813619578604731,0.8076132193827743,0.90912757778353,0.797,0.9608053717399768
ENSG00000159792,PSKH1,-0.25583318669951677,-0.13272659162189962,0.8008469637676671,0.9048174712571448,0.00110619469026548,0.00296613416082442
ENSG00000077585,GPR137B,-0.6149397981242957,-0.18747107853958653,0.5459373727180228,0.759843924612705,0.004,0.00895733911785972
ENSG00000196338,NLGN3,0.37361196979484906,0.14334937629410724,0.7128564320985626,0.8561105667611739,0.425,0.5811147902869758
ENSG00000161021,MAML1,-0.5756769081596108,-0.2135487679316785,0.571633908933034,0.7722770680874891,0.011,0.02268109187749667
ENSG00000099998,GGT5,0.41289260825450685,0.24542868812529595,0.6843377935561219,0.8406703784490825,0.001,0.00287341924829051
ENSG00000176956,LY6H,0.5783091431827633,0.2168683511758944,0.56989187854065,0.771883745009023,0.261,0.37949154929577467
ENSG00000135506,OS9,0.8059013437924828,0.20366322355763075,0.4303365299540805,0.6682384871097558,0.977,1
ENSG00000081791,DELE1,0.2192617994440322,0.07818803816718037,0.8287997384207255,0.9179514301082584,0.5725971370143149,0.744785104297914
ENSG00000145494,NDUFS6,0.02666787799508692,0.01017010667636099,0.9790045691059064,0.987648585523532,0.4888211382113821,0.6564216425916419
ENSG00000148143,ZNF462,-0.12994144084848305,-0.0642178932726131,0.8979875521281577,0.952071960995059,0.00802752293577981,0.01707502646436133
ENSG00000166780,BMERB1,0.05180488429384223,0.01879608076893021,0.9592284951975828,0.9782860149697205,0.792147806004619,0.956445128731503
ENSG00000244687,UBE2V1,0.7457918943972606,0.20854725431079188,0.46498041528118017,0.6976675103871278,0.758,0.9275092848676412
ENSG00000111667,USP5,0.3627239541377669,0.14316951266559477,0.720841064697932,0.8596697141953115,0.23023023023023023,0.3398584475800872
ENSG00000105778,AVL9,0.34712808260801886,0.1303718481359652,0.7323355127606745,0.8660860172288282,0.9931224209078404,1
ENSG00000204394,VARS1,0.44488068857042734,0.14956622082981852,0.6614655877400393,0.8267152829129213,0.105,0.16989811912225705
ENSG00000132906,CASP9,-0.6941139660771997,-0.21087396743273376,0.4960657576518125,0.722180400165524,0.16,0.2454284299157999
ENSG00000088247,KHSRP,-0.5808381556575681,-0.1914372169363551,0.568220743772572,0.7710946183032183,0.095,0.15616507430997878
ENSG00000188338,SLC38A3,-0.4421852118445278,-0.12837583272614206,0.6633801879618462,0.8279396144330018,0.051,0.08999829059829059
ENSG00000102125,TAFAZZIN,-0.20038365692258328,-0.07060846965169634,0.8433238161335702,0.9257122123503752,0.2401614530776993,0.35266952118617106
ENSG00000173575,CHD2,-0.541553143787802,-0.26330941501560956,0.5944618038160105,0.7807132773883237,0.005,0.01102135231316726
ENSG00000160209,PDXK,-0.8558403262639757,-0.37735294804551794,0.4028202937683064,0.6492446628690258,0.992,1
ENSG00000143416,SELENBP1,-0.7313999623778352,-0.22582342127606805,0.47351813181538194,0.7048080929199827,0.001,0.00287341924829051
ENSG00000078369,GNB1,-0.641925483233124,-0.3210340233954953,0.5286413059935375,0.7471857565160055,0.001,0.00287341924829051
ENSG00000101421,CHMP4B,0.5132043148417769,0.16628259719091232,0.613763027424514,0.7922553364204187,0.178,0.26956772616136915
ENSG00000164111,ANXA5,0.5464028873818764,0.2454129052727736,0.5911901064638105,0.7791108312294568,0.003,0.00685538971905519
ENSG00000100941,PNN,0.5646576132612873,0.21310290757601927,0.5789561368738614,0.7737176749735413,0.798,0.9612625437572928
ENSG00000099194,SCD,-0.9557479842449876,-0.27215220056990713,0.35128132577993876,0.5999221098903293,0.001,0.00287341924829051
ENSG00000007237,GAS7,0.06189298148548586,0.03155111439431533,0.9512987548704824,0.975266595593546,1,1
ENSG00000107331,ABCA2,0.9609583723370886,0.1892306170502308,0.34872269908266385,0.5990183317899105,0.055,0.09607163000564016
ENSG00000172009,THOP1,0.151768116902261,0.05482014841855837,0.8809802591131598,0.9468905292402002,0.9040816326530612,1
ENSG00000085733,CTTN,-0.8629522221114264,-0.2271937717573311,0.3989962529484219,0.6470900768971202,0.147,0.2290035211267605
ENSG00000136631,VPS45,0.3534728117800246,0.12583495290645424,0.7276513083221035,0.862658978139882,0.112,0.1797222797927461
ENSG00000183036,PCP4,0.6849221332666032,0.3294131186752703,0.5017181126554802,0.7273307212784458,0.267,0.3876694796061885
ENSG00000172046,USP19,0.3039276248970065,0.1050744901788516,0.7645080827092814,0.8840753713155297,0.7557557557557557,0.9258605916042624
ENSG00000064999,ANKS1A,0.2948317188400139,0.09876161295102227,0.7713407450938248,0.8880940573666168,0.001001001001001,0.00287341924829051
ENSG00000143420,ENSA,0.01781133398663494,0.00679289846234072,0.9859762938937684,0.9921912408057344,0.14227642276422764,0.222315883602832
ENSG00000051009,FHIP1B,-0.07199975336635317,-0.03049247385994209,0.943359560992491,0.9735076954581054,0.02702702702702703,0.05135135135135135
ENSG00000125875,TBC1D20,0.2206913019576623,0.07085079428047772,0.8277024388810881,0.9178678620780658,0.844,0.9991850152905198
ENSG00000196655,TRAPPC4,0.2878195046987617,0.09668480453733162,0.776621336366394,0.8902207293804865,0.8510182207931404,1
ENSG00000154310,TNIK,-0.9708763964312142,-0.30664759334837544,0.3438877767824382,0.5964310378053161,0.001,0.00287341924829051
ENSG00000235106,BRD3OS,0.05466102802123327,0.01969413496709715,0.956982946156994,0.9774029974879104,0.015,0.03022446324007807
ENSG00000101079,NDRG3,-0.10437216458924632,-0.03668204558262444,0.917975096961241,0.9608356363583674,0.7427083333333333,0.9149434002916998
ENSG00000136026,CKAP4,-0.19230825366931367,-0.07265544641523146,0.8495546710452619,0.93033793307298,0.07522567703109329,0.1268230385222079
ENSG00000101294,HM13,-0.21449335838465297,-0.07458000223767153,0.8324626386404248,0.9197076313363646,0.631,0.8048628500823722
ENSG00000083844,ZNF264,0.04797603042342254,0.02093857573534731,0.96223935100069,0.980791879494804,0.9884575026232948,1
ENSG00000137955,RABGGTB,-0.07997377787940073,-0.04113754393153915,0.9370999568936388,0.968828968860849,0.00117370892018779,0.00307527624858003
ENSG00000271601,LIX1L,0.5373257843933161,0.16679065261220105,0.5973209126384584,0.781984716961074,0.445,0.6049890254609307
ENSG00000158604,TMED4,0.5770716345380892,0.18953637536647655,0.5707105288786805,0.7720044394226475,0.28,0.4041456580330473
ENSG00000108848,LUC7L3,-0.689574366944447,-0.17484253349284126,0.4988527050652143,0.725343301043099,0.048,0.08553279631760645
ENSG00000156515,HK1,-0.2462057923511737,-0.0953565846179716,0.808180511732745,0.90912757778353,0.986986986986987,1
ENSG00000186010,NDUFA13,-0.536337249432202,-0.2780441733550668,0.5979904670163514,0.7821573981432484,0.001,0.00287341924829051
ENSG00000136274,NACAD,0.1072810713862426,0.04854892812698944,0.91569811176268,0.9606004385400462,0.308411214953271,0.440973930152484
ENSG00000167566,NCKAP5L,0.5419378616213649,0.2087142738168472,0.594201941885798,0.7806614533232553,0.001,0.00287341924829051
ENSG00000109790,KLHL5,0.04066338428307618,0.01525711953282401,0.9679912992823668,0.9833759588561568,0.9532994923857868,1
ENSG00000105701,FKBP8,0.02998302633981039,0.01432023823286286,0.9763953542639794,0.9875477854948642,0.00100401606425702,0.00287341924829051
ENSG00000138757,G3BP2,0.35213483936267165,0.18476823508665316,0.7286382027533289,0.862727580568126,0.964984552008239,1
ENSG00000204673,AKT1S1,0.3406198446582818,0.13480188287257452,0.7371516594427618,0.8680156840911776,0.663,0.8356984126984127
ENSG00000196588,MRTFA,0.4008174834005498,0.1276029832585335,0.6930553744886656,0.845317540096024,0.03,0.05648024316109423
ENSG00000174437,ATP2A2,-0.597444440740753,-0.18460891807711377,0.5573108975045102,0.7657079902874225,0.349,0.4892731415317038
ENSG00000106290,TAF6,-0.109285342296472,-0.04102014847765754,0.9141296760779528,0.9602434295619828,0.399,0.550179430097952
ENSG00000167657,DAPK3,0.6128428646550005,0.2193723659389311,0.5472939790702458,0.7600848544535462,0.001,0.00287341924829051
ENSG00000173726,TOMM20,-0.11442595582653103,-0.05073375266484684,0.9101085737773988,0.957513118396594,0.01843971631205673,0.0365139395258566
ENSG00000075151,EIF4G3,0.6367363358449825,0.2308572784316233,0.5319436616433203,0.7494607993399525,0.909,1
ENSG00000105726,ATP13A1,0.3619775704130577,0.1187331891860639,0.7213896385429159,0.8600343654389122,0.467,0.6312959406372763
ENSG00000158941,CCAR2,0.02756230233187429,0.01260143832201675,0.978300579871788,0.987648585523532,0.7486910994764397,0.9204828642630146
ENSG00000186153,WWOX,-0.4891410717565333,-0.1406397016634091,0.6303774147399679,0.8046114605437716,0.713,0.8871679389312976
ENSG00000169221,TBC1D10B,-0.283671180848439,-0.0994754256607566,0.7797505387717989,0.8915030369043615,0.99,1
ENSG00000097007,ABL1,-0.6399093396680412,-0.164689002879902,0.5299230313305582,0.7484000705633321,0.681,0.8545611831442465
ENSG00000067445,TRO,-0.14202831606720956,-0.06241311000506713,0.8885626745140255,0.9482858481759108,0.987,1
ENSG00000175224,ATG13,0.11733808144292618,0.04043031756127923,0.9078317412398882,0.9567212220980912,0.03403403403403404,0.06296499605938077
ENSG00000148737,TCF7L2,0.8182068363428324,0.2990503081037621,0.4234486953715879,0.6607812315662251,0.15,0.2323911955977989
ENSG00000166311,SMPD1,-0.0534682513847145,-0.0217372652771928,0.9579206837703396,0.9777968478139892,0.048,0.08553279631760645
ENSG00000276293,PIP4K2B,-0.6698528589533718,-0.1585158594317058,0.5110639480569561,0.7328698396832949,0.017,0.03379268292682927
ENSG00000177731,FLII,-0.5528187232394125,-0.21132436188811127,0.5868757020232732,0.776629017998686,0.856,1
ENSG00000090097,PCBP4,-0.6822038076683858,-0.27177696934791523,0.5033967370876214,0.7276447464095371,0.998,1
ENSG00000068308,OTUD5,0.04014547184396842,0.01676360338159382,0.9683987486125604,0.9833911604316768,0.9319148936170212,1
ENSG00000120693,SMAD9,-0.1190139196285337,-0.05092249922878552,0.9065218643101493,0.9561942952312532,1,1
ENSG00000175348,TMEM9B,-0.466392901462944,-0.19838346532967452,0.646272049386293,0.8160444333953865,0.006,0.01304
ENSG00000144028,SNRNP200,-0.4272295781891356,-0.17887715916385405,0.6740461119417817,0.8357972486266311,0.991,1
ENSG00000166448,TMEM130,0.11430244495084628,0.08176832459142434,0.9102051580015054,0.957513118396594,0.00113250283125707,0.00300545095835747
ENSG00000133104,SPART,-0.426388310368073,-0.2379709562052979,0.6746482165936194,0.8357972486266311,0.001,0.00287341924829051
ENSG00000087087,SRRT,0.5449333150971563,0.2520927224581756,0.5921805529109966,0.7791617824705609,0.001,0.00287341924829051
ENSG00000050748,MAPK9,0.0647340233264053,0.02110335037943625,0.9490664601392876,0.9752229190059056,0.647239263803681,0.8201718494271686
ENSG00000168264,IRF2BP2,-0.18040478100620955,-0.09563358787389524,0.8587576437711354,0.9344164087587836,0.993,1
ENSG00000171703,TCEA2,-0.6577231243774819,-0.22763716035349135,0.5186576079368769,0.739567329835917,0.219,0.3256087373979837
ENSG00000168280,KIF5C,-0.5495278777425384,-0.3128712152876483,0.5890867003510168,0.7782712020303251,0.998,1
ENSG00000171368,TPPP,0.47656518905807144,0.1664722472652197,0.6391422529127948,0.8111221282039123,0.001,0.00287341924829051
ENSG00000116133,DHCR24,0.4777335558267066,0.18630291872398097,0.6383256259887011,0.8103761172946162,0.034,0.06293962940824865
ENSG00000099822,HCN2,-0.35884962164041195,-0.16895913705562648,0.7236902875075739,0.8612234423216644,0.995,1
ENSG00000010278,CD9,-0.8279798424522027,-0.2543316033785039,0.41802836191901416,0.6585115367580417,0.001,0.00287341924829051
ENSG00000119487,MAPKAP1,-0.31559656138172615,-0.093181985845013,0.7557716249823023,0.8808631443525221,0.867,1
ENSG00000205903,ZNF316,-0.08495056991955907,-0.03132909258331688,0.9331952808744388,0.9670433537282904,0.88,1
ENSG00000107771,CCSER2,0.11098281934035996,0.04653286237948346,0.912801603389543,0.9596744669652008,0.8615702479338843,1
ENSG00000131899,LLGL1,-0.8363374307544054,-0.22612903037966137,0.41342825319062326,0.6546888266026706,0.001,0.00287341924829051
ENSG00000169057,MECP2,-0.6013881682038655,-0.15612796839535162,0.5547362671575427,0.7642457636219432,0.4,0.5513128615932354
ENSG00000167548,KMT2D,-0.6682440611064442,-0.20554311770786468,0.5120674919380892,0.7334181384733974,0.783,0.94835784122018
ENSG00000074855,ANO8,-0.9010336270810746,-0.24930146129178932,0.3789239673642183,0.6254187755843714,0.001,0.00287341924829051
ENSG00000159348,CYB5R1,0.4374806956534032,0.14619522180888997,0.6667275058541244,0.8306538254433025,0.841,0.9967765021048604
ENSG00000118200,CAMSAP2,-0.05936205226091818,-0.02993274720587663,0.9532877331484156,0.9759155451705396,0.07542579075425791,0.12709122631443784
ENSG00000165801,ARHGEF40,0.5805555249865506,0.22246476611993832,0.5684073762005242,0.7710946183032183,0.002,0.0047354740061162
ENSG00000196642,RABL6,0.7258168171108209,0.21851217725376937,0.476855164993972,0.7075915351523455,0.214,0.31863365384615383
ENSG00000180628,PCGF5,-0.26983219324162033,-0.1154757564692258,0.7902173454628239,0.8979244624846133,0.001,0.00287341924829051
ENSG00000182872,RBM10,-0.30011289345265885,-0.09515485159146812,0.7673712567370449,0.8867957557463664,0.956,1
ENSG00000205356,TECPR1,0.3885617109435848,0.17486495545038722,0.7019485271342982,0.8500176694392084,0.001,0.00287341924829051
ENSG00000204217,BMPR2,0.03358622695349349,0.01655887273006236,0.9735597361834584,0.9862220719646606,0.8203045685279188,0.9789916180080788
ENSG00000119414,PPP6C,-0.07815206328812514,-0.02764996832601072,0.9385296464832172,0.9697409591142228,0.03703703703703703,0.06771174952993135
ENSG00000159079,CFAP298,0.4052486367282919,0.1347803812067229,0.6898511367394714,0.8434424322855394,0.774,0.9407684458398744
ENSG00000168066,SF1,-0.09968514317665046,-0.04068855627701476,0.9216454470026484,0.9632541083751494,0.891,1
ENSG00000101224,CDC25B,0.5602706784437188,0.17667462225782143,0.581884422444156,0.7742429092025546,0.061,0.10501222901612008
ENSG00000141540,TTYH2,-0.31309096943459386,-0.11951031217292817,0.7576447474668995,0.8812233323248438,1,1
ENSG00000087903,RFX2,0.45620367216151464,0.15166595179805775,0.6534491070269612,0.8209342979734574,0.719,0.8921245993589743
ENSG00000104267,CA2,0.23315073204731915,0.10550902689999243,0.8181540967126681,0.9121239018468608,0.984,1
ENSG00000107874,CUEDC2,-0.07877756196947043,-0.02697252775878266,0.93803872797263,0.9695165376361412,0.995,1
ENSG00000130779,CLIP1,-0.2383364665386061,-0.08110262730967126,0.814188471411473,0.9108289703357514,0.064,0.10944671452236332
ENSG00000144711,IQSEC1,-0.734385737302931,-0.3766096417191147,0.47173925258777893,0.7028397816285483,1,1
ENSG00000182446,NPLOC4,0.03972965085655268,0.01530752702203812,0.9687258875578844,0.9834414140814064,0.983,1
ENSG00000022840,RNF10,-0.3354867137220317,-0.13486830742752598,0.7409581162967853,0.870675615991508,0.001,0.00287341924829051
ENSG00000103018,CYB5B,0.20294740584702495,0.10435294455276352,0.841347861917545,0.9249081709844644,0.9948822927328556,1
ENSG00000204371,EHMT2,0.4610218856065417,0.1837879018843672,0.6500508917570551,0.8191273028961217,0.919,1
ENSG00000149451,ADAM33,0.3706673695218663,0.19226176941673967,0.7150125219129244,0.8573372893079142,0.001,0.00287341924829051
ENSG00000147130,ZMYM3,-0.5809176611760823,-0.187504790268753,0.5681682487840802,0.7710946183032183,0.092,0.15171671991480298
ENSG00000100568,VTI1B,0.07390499413749348,0.02611226308023992,0.9418635885023252,0.9723348383780924,0.178,0.26956772616136915
ENSG00000119242,CCDC92,-0.3814421247320377,-0.1453042154898619,0.7071351497173588,0.853671676993485,0.999,1
ENSG00000005108,THSD7A,-0.1185990373695807,-0.03659177704307599,0.9068461211804856,0.9562420407747824,0.17105263157894737,0.2604473942969518
ENSG00000089159,PXN,0.23296149262727703,0.08779496095504931,0.8182989074370234,0.9121239018468608,0.19,0.28606222654351
ENSG00000070367,EXOC5,-0.00986890520531996,-0.00323417770838257,0.9922294441286336,0.9953205015869784,0.875,1
ENSG00000142208,AKT1,0.7019198574432879,0.1982279489707517,0.4912946335094116,0.7199393418293694,0.001,0.00287341924829051
ENSG00000133275,CSNK1G2,0.1420023196806074,0.04689144588525191,0.8885829277515096,0.9482858481759108,0.036,0.06612811387900355
ENSG00000162430,SELENON,0.2500763448320455,0.12046404256537112,0.8052299334029517,0.907741700863544,0.001,0.00287341924829051
ENSG00000119772,DNMT3A,-0.5750209442742621,-0.20064283323568588,0.5720684559545559,0.7722770680874891,0.001,0.00287341924829051
ENSG00000074842,MYDGF,-0.06995458020285314,-0.02820713137359487,0.9449656470099888,0.9735509952615996,0.356,0.49685984677782785
ENSG00000177239,MAN1B1,-0.05527664941557633,-0.02427704138537825,0.9564989817779272,0.9771904797973516,0.16016016016016016,0.24555248317624556
ENSG00000160445,ZER1,0.703380887664068,0.20881382568273524,0.4904045893530653,0.7189623574042042,0.973,1
ENSG00000011243,AKAP8L,-0.6718885824678579,-0.1977388138825753,0.5097956879174109,0.7319401404959341,0.428,0.584442680776014
ENSG00000111728,ST8SIA1,-0.12962010029218898,-0.04063291413096406,0.8982383400395973,0.952071960995059,0.593,0.7661748018356278
ENSG00000101040,ZMYND8,-0.06256283189811952,-0.02415950652457081,0.9507723946816948,0.975266595593546,0.00100300902708124,0.00287341924829051
ENSG00000107518,ATRNL1,-0.425168750931518,-0.25713242956253723,0.6755214686633187,0.8358233217744837,0.003,0.00685538971905519
ENSG00000004534,RBM6,0.6317853266813859,0.1953208949403859,0.5351049709255267,0.751611802559042,0.068,0.11571208791208792
ENSG00000170638,TRABD,0.498996519917275,0.16067525203343164,0.6235476043397503,0.7990613656191735,0.001,0.00287341924829051
ENSG00000187954,ZFTRAF1,-0.2782123791071094,-0.09561583976744274,0.7838741516326742,0.893334055689489,0.22,0.32662511984659637
ENSG00000162512,SDC3,-0.9315878244198194,-0.33422220828789556,0.3633131389958577,0.6098839518120037,1,1
ENSG00000033327,GAB2,0.28455112856905557,0.11548725334991836,0.7790864438251041,0.8915030369043615,0.998,1
ENSG00000181222,POLR2A,-0.4326338312405533,-0.243420868348448,0.6701836241971899,0.8337865812808031,0.994,1
ENSG00000108551,RASD1,-0.31490147682214803,-0.1170037641127253,0.7562910991234959,0.8811786424655995,0.998,1
ENSG00000100599,RIN3,-0.08141140464271117,-0.03221128756560658,0.9359718556404192,0.968199211249417,0.17002012072434608,0.25900261381372347
ENSG00000139154,AEBP2,-0.4556683854419471,-0.18650151377933336,0.6538271187417062,0.8209342979734574,0.003,0.00685538971905519
ENSG00000090565,RAB11FIP3,-0.338602260195977,-0.14576079700837602,0.7386469677428482,0.869487391075164,0.882,1
ENSG00000184867,ARMCX2,-0.06715859909867096,-0.02449110437394507,0.9471617367687462,0.9740861062993118,0.7715430861723447,0.9388875983794702
ENSG00000182093,GET1,0.4099782344645453,0.27166682850796814,0.6864377110981014,0.8418844780849982,0.991,1
ENSG00000006210,CX3CL1,-0.45713028508626313,-0.18715748343121863,0.6527949737035197,0.82051092862238,0.998,1
ENSG00000196814,MVB12B,-0.19154843280602257,-0.06725115757862968,0.8501414671479239,0.9305318531019612,0.032,0.05986192426229857
ENSG00000183722,LHFPL6,0.5767182983377545,0.1922643700423116,0.570944382824063,0.7720044394226475,0.946,1
ENSG00000141556,TBCD,-0.5630100680926198,-0.1524796938680879,0.5800549981403146,0.7737176749735413,0.111,0.17848753894080996
ENSG00000111775,COX6A1,0.628606977956397,0.2271665625314204,0.5371397897996391,0.75348480612686,0.989,1
ENSG00000166326,TRIM44,-0.5272737484577644,-0.13765161486090735,0.6041464663051535,0.7864339520958668,0.491,0.6585651797314855
ENSG00000257923,CUX1,0.02899470601035342,0.010220999538132,0.9771731927258548,0.987648585523532,0.997,1
ENSG00000102910,LONP2,-0.419114788505246,-0.1802218498771988,0.6798633133486816,0.8376069781279682,0.001,0.00287341924829051
ENSG00000105519,CAPS,0.3066100486439287,0.2206390173692127,0.7624968496924059,0.8831981613091183,0.001,0.00287341924829051
ENSG00000131409,LRRC4B,0.8532742656680734,0.2869051896966969,0.4042058671920136,0.6500277821583569,0.019,0.03752742346938775
ENSG00000125447,GGA3,-0.00879199652174232,-0.00311075565916856,0.9930773535955004,0.9956071289089335,0.3173173173173173,0.45183068125596865
ENSG00000140479,PCSK6,0.6465505149995187,0.28422792536425,0.5257074878560766,0.7448223687944893,0.983,1
ENSG00000099910,KLHL22,-0.1608007941825124,-0.06145521969822987,0.8739588488369904,0.944344796394332,0.75,0.9209952418715306
ENSG00000069020,MAST4,-0.09508679606294816,-0.03894591331029066,0.9252481121034538,0.9645789420744352,0.056,0.09759819921215532
ENSG00000085063,CD59,-0.5024584623379075,-0.19137918418661157,0.6211567216720848,0.7980185375997549,0.001,0.00287341924829051
ENSG00000164466,SFXN1,-0.500318947800539,-0.16696031433099565,0.6226338024471115,0.7989184112404334,0.001,0.00287341924829051
ENSG00000100242,SUN2,-0.6059006790507077,-0.19642160564915492,0.5517980425234577,0.7625706853757654,0.841,0.9967765021048604
ENSG00000101150,TPD52L2,-0.15827382727869244,-0.05500370042438677,0.8759220925356254,0.944656359735801,0.945,1
ENSG00000160285,LSS,0.7225364152392066,0.162762480881014,0.4788223305780589,0.7093219133866518,0.016,0.03205174644243208
ENSG00000165175,MID1IP1,0.7453025259977581,0.2517536269467497,0.4652691958532223,0.6976675103871278,0.001,0.00287341924829051
ENSG00000162413,KLHL21,-0.6122699601104671,-0.24128362350288216,0.5476649317762432,0.7600848544535462,0.998,1
ENSG00000159403,C1R,-0.2840493709018465,-0.10678059276874376,0.7794650980961477,0.8915030369043615,0.026,0.04968623801905949
ENSG00000189060,H1-0,-0.3653397919174049,-0.17827086969111838,0.7189197152140481,0.8586098705395395,0.003,0.00685538971905519
ENSG00000085662,AKR1B1,-0.29052438537513753,-0.10289750459632813,0.7745830706469456,0.8896781281511541,0.013,0.02638335517693315
ENSG00000108509,CAMTA2,-0.09689525922247064,-0.03141785490917408,0.9238310339854376,0.9645789420744352,0.065,0.11091184573002756
ENSG00000149930,TAOK2,0.6350051342275598,0.17931470215070777,0.5330479013520779,0.750174589386187,0.861,1
ENSG00000133422,MORC2,-0.1277788765030779,-0.04641118656254763,0.8996755208935818,0.9523205765901286,0.825,0.9823241061130332
ENSG00000091542,ALKBH5,-0.3436648109059676,-0.11800363726279488,0.7348969569442788,0.8670272315252948,0.671,0.8444404746234416
ENSG00000081913,PHLPP1,-0.4175094024032116,-0.17426573910507617,0.6810166170993976,0.8381378935948807,0.001,0.00287341924829051
ENSG00000163001,CFAP36,0.16006114058356083,0.08827181276755729,0.8745334120922272,0.9445579531006976,0.9744114636642784,1
ENSG00000165914,TTC7B,0.41961158438465507,0.14174042435533538,0.6795065807825571,0.8376069781279682,0.006,0.01304
ENSG00000032444,PNPLA6,0.6999981100185362,0.27016050752682125,0.49246676861819383,0.7203828123199638,0.899,1
ENSG00000168936,TMEM129,0.37670673709220304,0.14987032955178234,0.7105930582344233,0.8550780241147236,0.001,0.00287341924829051
ENSG00000049245,VAMP3,0.02237459812890677,0.00999284165529839,0.9823839869889884,0.98993003752916,0.945,1
ENSG00000078674,PCM1,0.01380978670759893,0.00490964084991758,0.9891266599834738,0.9936948997151858,0.814,0.9759806426635694
ENSG00000099864,PALM,-0.46134331589645017,-0.1687538805525725,0.6498244703393721,0.8191273028961217,0.98,1
ENSG00000173258,ZNF483,0.6244408409151904,0.2806546672925414,0.539813358133399,0.7558771442617234,0.856,1
ENSG00000140678,ITGAX,-0.40911589743352944,-0.22676441307385065,0.687059560880661,0.8420640016052945,0.981,1
ENSG00000178467,P4HTM,-0.712207832315392,-0.15561648265738273,0.48504729144221825,0.7136453953386067,0.247,0.3613410486537553
ENSG00000130159,ECSIT,-0.21953950679935405,-0.07607259906519481,0.8285865393040015,0.9179514301082584,0.389,0.5378272321428571
ENSG00000143149,ALDH9A1,0.04147329902436263,0.01254443408901432,0.9673541456025668,0.9831760068075444,0.794,0.9575615264797508
ENSG00000154832,CXXC1,-0.2784046406262872,-0.098153941064340125,0.7837288037253669,0.893334055689489,0.996,1
ENSG00000198763,MT-ND2,-1.0473259014333802,-0.3175498497245708,0.3081762332133012,0.5646974744136124,1,1
ENSG00000068971,PPP2R5B,0.5857358893519902,0.18344622135635583,0.564991614039402,0.7710058257929895,0.023,0.04443605739238927
ENSG00000123684,LPGAT1,0.04364639500979719,0.0137256482910014,0.965644700309735,0.982343568457551,0.5721442885771543,0.7445087654300196
ENSG00000099949,LZTR1,-0.2512073647266703,-0.08947269501953801,0.8043683042153447,0.9073479406148888,0.763,0.932522099447514
ENSG00000176903,PNMA1,0.713302227213138,0.19739599556737017,0.4843854701460357,0.7135964039583569,0.013,0.02638335517693315
ENSG00000108953,YWHAE,-0.7724982268816937,-0.25740766336849485,0.4493849068849253,0.6852007491116683,0.001,0.00287341924829051
ENSG00000100968,NFATC4,-0.23773614109016103,-0.1002834461224279,0.8146472899862071,0.9108289703357514,1,1
ENSG00000198961,PJA2,0.6916776747112033,0.25906390034752597,0.4975603263785272,0.7237612632578001,0.999,1
ENSG00000108256,NUFIP2,-0.15236777597523712,-0.0543331934254252,0.8805138031173807,0.9468905292402002,0.003,0.00685538971905519
ENSG00000049089,COL9A2,-0.4923563765316955,-0.18912067487658415,0.6281454171397142,0.8026302552340792,0.074,0.12489264305177113
ENSG00000172508,CARNS1,-0.4211497276341453,-0.1274488336994823,0.6784025835887078,0.8375663308751095,0.042,0.07584489795918369
ENSG00000178605,GTPBP6,0.5042529524002913,0.23596559076286208,0.619919110702304,0.7971893310561871,0.001,0.00287341924829051
ENSG00000108639,SYNGR2,-0.16419309523000417,-0.07324755777283105,0.8713246332169756,0.9427605530035348,0.553,0.7244674280879866
ENSG00000107902,LHPP,-0.2768107158293025,-0.079757714874355,0.7849340420075871,0.8939666806401522,0.768,0.936135332356581
ENSG00000168763,CNNM3,0.09098173596941768,0.03268871564084964,0.9284657052064256,0.9661298457333092,0.012,0.02454689564068692
ENSG00000002586,CD99,0.20107322480369513,0.09029801057677714,0.8427922411226662,0.9256341451337934,0.066,0.11249422124380848
ENSG00000174684,B4GAT1,-0.35401059833355303,-0.2658510986758406,0.7272547719949739,0.862658978139882,1,1
ENSG00000167986,DDB1,-0.6250937222505445,-0.23239989511781825,0.5393939039376456,0.7558771442617234,0.92,1
ENSG00000167378,IRGQ,-0.060161682797807,-0.02221459386287967,0.9526592938368978,0.9758008151446768,0.892,1
ENSG00000011021,CLCN6,0.159860264203039,0.04933743159752906,0.8746894653219335,0.9445579531006976,0.976,1
ENSG00000060971,ACAA1,-0.6722297537892111,-0.1698855604921356,0.5095833117938805,0.7319401404959341,0.043,0.077425
ENSG00000130770,ATP5IF1,0.4239432732424389,0.1357809664063618,0.6763994342660951,0.8365247193332782,0.847,1
ENSG00000131116,ZNF428,-0.28846871910394434,-0.1145579421095132,0.7761319678371222,0.8902207293804865,0.804,0.966610248447205
ENSG00000171148,TADA3,0.21537392905972497,0.08497805402625856,0.8317859252924663,0.9194230750557888,0.973,1
ENSG00000221983,UBA52,0.03252487791807258,0.01219785853822938,0.9743949523803456,0.9866514926618596,0.125,0.1984238851870835
ENSG00000168758,SEMA4C,-0.5850900987268134,-0.1885928367561256,0.565416844448648,0.7710058257929895,0.647,0.8201718494271686
ENSG00000178951,ZBTB7A,0.6835061492247647,0.16438825000256246,0.50259211328471,0.7276447464095371,0.057,0.09906228956228956
ENSG00000113621,TXNDC15,-0.5015946296344713,-0.18920067136778157,0.6217528973872901,0.7982054231771589,0.002,0.0047354740061162
ENSG00000123472,ATPAF1,-0.32664577689013613,-0.11133389957185293,0.7475301332804316,0.8755792764812462,0.062,0.1065560488346282
ENSG00000134369,NAV1,-0.6414892995992568,-0.18444125847926052,0.5289184568213687,0.7472792876191815,0.97,1
ENSG00000099904,ZDHHC8,0.4047225455170064,0.13876669798350008,0.6902312488022984,0.8436159707583647,0.006,0.01304
ENSG00000172354,GNB2,0.2901181899457857,0.1215352910367681,0.7748890528928036,0.8896781281511541,0.045,0.08065104166666667
ENSG00000198625,MDM4,0.5371243114570213,0.15155093900666114,0.5974573443594681,0.781984716961074,0.59,0.7632539682539683
ENSG00000136002,ARHGEF4,0.8261927587990313,0.2099809354664832,0.4190162072841942,0.6591755428772021,0.001,0.00287341924829051
ENSG00000185046,ANKS1B,0.20203887805180065,0.06732290049711286,0.842047967262583,0.9251035670111876,0.694,0.8693827218254672
ENSG00000069535,MAOB,-0.7062159415915049,-0.22288719439791135,0.488680181347716,0.717324990606552,0.023,0.04443605739238927
ENSG00000116005,PCYOX1,-0.10477252965011256,-0.04742241907858805,0.9176616622918174,0.9608356363583674,0.001,0.00287341924829051
ENSG00000285437,POLR2J3,0.584936208248338,0.20706202462180895,0.5655182004412276,0.7710058257929895,0.022,0.04282463859208045
ENSG00000127481,UBR4,-0.448739723570545,-0.18306237106239664,0.6587286754525984,0.8251321168495478,0.001,0.00287341924829051
ENSG00000187164,SHTN1,-0.05931799859017714,-0.02382080460943719,0.9533223563777716,0.9759155451705396,0.234,0.34460199714693296
ENSG00000106299,WASL,-0.3566256290364821,-0.13040028822383995,0.7253277093276912,0.8618285134824429,0.008,0.01702817869415807
ENSG00000103502,CDIPT,0.00235995728795856,8.478359192060124e-4,0.9981417923163104,0.9983558313570302,0.658,0.8310872756933115
ENSG00000198648,STK39,-0.15191775610143807,-0.06368120008010354,0.8808638552833956,0.9468905292402002,0.82,0.9789916180080788
ENSG00000198121,LPAR1,-0.22749967831735607,-0.10156497340770372,0.8224812921658917,0.9146715029361344,0.001,0.00287341924829051
ENSG00000198914,POU3F3,0.5368580530050976,0.21765501650891364,0.597637670472509,0.781984716961074,0.247,0.3613410486537553
ENSG00000158805,ZNF276,-0.35343317132517743,-0.11085649506325178,0.7276805402899507,0.862658978139882,0.966,1
ENSG00000170348,TMED10,0.14539453520398968,0.06497577568544698,0.8859407936603931,0.9478348339539217,0.996,1
ENSG00000115216,NRBP1,0.20586492785386656,0.0563261225504201,0.8391005591768934,0.9247337214077648,0.301,0.43097411003236247
ENSG00000099968,BCL2L13,-0.4701683294688993,-0.20284999619222893,0.6436216869255833,0.814763407823594,0.929,1
ENSG00000128872,TMOD2,-0.5043412715736021,-0.18830461597067036,0.619858229375582,0.7971893310561871,0.001,0.00287341924829051
ENSG00000175602,CCDC85B,0.4846081344981794,0.17413142269956275,0.6335302866087862,0.8068911453320102,0.049,0.08701433486238533
ENSG00000131238,PPT1,-0.22944754316638372,-0.09458507095258036,0.8209890816388523,0.9141601154243368,0.001,0.00287341924829051
ENSG00000110917,MLEC,0.01738912405798992,0.00613800408314415,0.986308684042064,0.9921912408057344,0.574,0.7459832144355854
ENSG00000174238,PITPNA,0.4228885327486257,0.13740965016991147,0.677155460191663,0.8371674136121712,0.529,0.6971544680851064
ENSG00000130881,LRP3,0.617572679917138,0.18193767762256133,0.5442365916622127,0.7583343853924301,0.304,0.43486743648960735
ENSG00000141279,NPEPPS,-0.50468976103057,-0.13969613276928833,0.6196180315639794,0.7971893310561871,0.004,0.00895733911785972
ENSG00000107404,DVL1,-0.30464773226804637,-0.13932320195438588,0.763967989826326,0.8840753713155297,0.999,1
ENSG00000129946,SHC2,0.10994895881625792,0.06033489672022096,0.9136104444633116,0.9602398202638128,0.001,0.00287341924829051
ENSG00000164916,FOXK1,0.3179031290189444,0.10162664526684809,0.7540486591456874,0.879881700364913,0.187,0.28181946472019465
ENSG00000100664,EIF5,0.06890392004842497,0.03322380828819783,0.9457908308568324,0.9739788744008244,0.041,0.07421215663354763
ENSG00000156475,PPP2R2B,-0.31953054075433096,-0.12935619108955113,0.7528338062977256,0.8793288933714035,0.001,0.00287341924829051
ENSG00000213923,CSNK1E,-0.5120031650748179,-0.18200567596039313,0.6145873950514029,0.7924530590724679,0.578,0.748981589958159
ENSG00000166794,PPIB,-0.37686612547349746,-0.16533212601282862,0.710476563193254,0.8550780241147236,0.001,0.00287341924829051
ENSG00000166313,APBB1,-0.3463947000283732,-0.12093066324867624,0.7328776565050978,0.8660860172288282,0.564,0.735456
ENSG00000182809,CRIP2,0.23284526806678524,0.1082253881017555,0.8183878486926378,0.9121239018468608,0.001,0.00287341924829051
ENSG00000271447,MMP28,-0.6228165547291715,-0.1962582121273575,0.5408576724952756,0.7566026366422852,0.003,0.00685538971905519
ENSG00000148339,SLC25A25,-0.4275179785594195,-0.17110968914927016,0.6738397525371234,0.8357972486266311,0.999,1
ENSG00000108588,CCDC47,-0.1928702430141032,-0.10162927673752632,0.8491207146439222,0.9302770093624412,0.001,0.00287341924829051
ENSG00000160679,CHTOP,-0.29882616732582495,-0.08875357020310551,0.7683377954367768,0.8871450550620538,0.001,0.00287341924829051
ENSG00000023171,GRAMD1B,-0.2924424605361128,-0.13695948560223406,0.773138719311536,0.8891095272082663,0.001,0.00287341924829051
ENSG00000182831,HAPSTR1,0.455871243858506,0.14900243868409924,0.6536838517646787,0.8209342979734574,0.988,1
ENSG00000158270,COLEC12,-0.5468150372441463,-0.23602007282749532,0.5909124780551083,0.7791108312294568,0.001,0.00287341924829051
ENSG00000149932,TMEM219,-0.3943713972556285,-0.14425615483087062,0.6977272467177367,0.8478044280872121,0.289,0.41552135561745585
ENSG00000166963,MAP1A,-0.7290837007591165,-0.20573953974400155,0.47490086846189306,0.7056763467773411,0.951,1
ENSG00000122218,COPA,0.13066201216145562,0.05217785494903319,0.8974252275510743,0.952071960995059,0.981,1
ENSG00000237441,RGL2,0.6139383423783694,0.21263994499583147,0.5465850373327268,0.7600764762646923,0.38,0.5263237924865832
ENSG00000104853,CLPTM1,-0.7212043755175592,-0.15366143621888192,0.4796224836774913,0.7096168910550017,0.001,0.00287341924829051
ENSG00000129625,REEP5,-0.4829008044098186,-0.160944903215549,0.6347196875685819,0.8078250569054678,0.035,0.06455926146515784
ENSG00000012171,SEMA3B,0.6349459568594327,0.2546308491489463,0.533085669532759,0.750174589386187,0.001,0.00287341924829051
ENSG00000100280,AP1B1,-0.6719290608946298,-0.16276515066962594,0.5097704878373841,0.7319401404959341,0.176,0.26719215686274506
ENSG00000078699,CBFA2T2,-0.2207912145852588,-0.07851285605856356,0.8276257585766899,0.9178678620780658,0.003,0.00685538971905519
ENSG00000137103,TMEM8B,0.5576108031305463,0.21040220781645713,0.5836635304274016,0.7748636524639643,0.749,0.9204972222222224
ENSG00000103168,TAF1C,-0.14670594866331235,-0.0568883217349062,0.8849197234690256,0.9477317657708162,0.035,0.06455926146515784
ENSG00000148411,NACC2,0.5840700610515117,0.23112076235769757,0.5660888419184182,0.7710058257929895,0.001,0.00287341924829051
ENSG00000197157,SND1,-0.04471153312171869,-0.01881696709492295,0.964806881355627,0.9820966473795713,0.058,0.10023772321428571
ENSG00000106153,CHCHD2,0.5177417484558902,0.1779850994145839,0.6106536844862228,0.7914143250824007,0.767,0.9359334121355396
ENSG00000184205,TSPYL2,-0.6025571321493753,-0.20260907526474992,0.5539743281496976,0.7637902181028527,0.95,1
ENSG00000168591,TMUB2,0.5652009643080904,0.1639316839638196,0.5785939705738511,0.7737176749735413,0.998,1
ENSG00000151502,VPS26B,-0.32940813029574295,-0.15069071018958258,0.7454745446553546,0.8743280917779026,1,1
ENSG00000133884,DPF2,-0.02699455954341204,-0.0104439612234078,0.9787474404202212,0.987648585523532,0.001,0.00287341924829051
ENSG00000105576,TNPO2,0.743711959688208,0.14639431954235202,0.4662085470918642,0.6985239736884024,0.163,0.24961957101179577
ENSG00000108669,CYTH1,0.3840504344626228,0.10864508870826606,0.7052332717565586,0.8519564285681208,0.571,0.7433320722992853
ENSG00000131507,NDFIP1,-0.6922604842318758,-0.1593077687638432,0.4972025599923475,0.7235379899313455,0.643,0.816470274702747
ENSG00000160058,BSDC1,-0.5308296521356405,-0.25105256924076785,0.6017276013895149,0.7856828112021621,1,1
ENSG00000182473,EXOC7,-0.47247855433288066,-0.11915104095321093,0.6420023124587767,0.8130040009756836,0.107,0.17259322916666667
ENSG00000071967,CYBRD1,-0.1870237768281025,-0.08671502332210537,0.8536376253549485,0.9321268512475652,0.001,0.00287341924829051
ENSG00000168209,DDIT4,-0.6139531725096042,-0.49305985976568806,0.5465754433428675,0.7600764762646923,1,1
ENSG00000131828,PDHA1,0.31923322575171675,0.11491763040446636,0.7530557008236026,0.8793288933714035,0.988,1
ENSG00000055163,CYFIP2,0.38110716535542394,0.1132694909790694,0.7073795326338093,0.8536757426197452,0.989,1
ENSG00000131143,COX4I1,0.48029183623855193,0.20020844429153417,0.6365391792554045,0.8095589848914336,0.564,0.735456
ENSG00000196535,MYO18A,-0.7312854001800436,-0.24278885364366729,0.47358646559840734,0.7048080929199827,0.002,0.0047354740061162
ENSG00000170634,ACYP2,0.4082694857837913,0.10137173853921654,0.6876701492460571,0.8422294843117338,0.225,0.33309034416826006
ENSG00000180900,SCRIB,-0.6992033998364433,-0.21432224510097408,0.4929519611578662,0.7206090988118705,1,1
ENSG00000173402,DAG1,-0.5670177030160384,-0.2029070348186813,0.5773838744478708,0.7737176749735413,0.951,1
ENSG00000115286,NDUFS7,-0.08109837715380927,-0.0517695436566542,0.936217475587028,0.968199211249417,0.001,0.00287341924829051
ENSG00000137207,YIPF3,-0.00731974774153535,-0.00239705764160288,0.9942365495483936,0.996205334795024,0.599,0.7729595833333334
ENSG00000119522,DENND1A,-0.1225341995776008,-0.04579274713713283,0.9037712253336018,0.9542858650453548,0.228,0.33720916905444126
ENSG00000105696,TMEM59L,0.7546371147991038,0.18123223988987505,0.4597793791903853,0.6939941864198467,0.634,0.8083565253190614
ENSG00000109180,OCIAD1,-0.17369101011255908,-0.09011523174480592,0.8639575422334012,0.9381169879186716,0.001,0.00287341924829051
ENSG00000163875,MEAF6,-0.5624969065452589,-0.13014861891190888,0.5803974766811686,0.7737176749735413,0.854,1
ENSG00000071553,ATP6AP1,0.6805892878414492,0.18540773788870957,0.5043952538211967,0.7277262684458976,0.955,1
ENSG00000058404,CAMK2B,0.3855982761822005,0.0963190232285102,0.7041055857002996,0.8511747387544235,0.028,0.05306976744186047
ENSG00000291237,SOD2,0.41851825664196385,0.1766804739117484,0.6802917653938748,0.8376069781279682,0.001,0.00287341924829051
ENSG00000160460,SPTBN4,0.5228543502626369,0.16354874362632932,0.6071592770804737,0.7886168534723278,0.891,1
ENSG00000179364,PACS2,0.554815498373716,0.21361660976797167,0.585536170876299,0.775895666757894,1,1
ENSG00000177666,PNPLA2,-0.5994837568207028,-0.1634813781204875,0.5559787613938384,0.7650647913197264,0.495,0.6627821011673152
ENSG00000164530,PI16,0.26506720176147186,0.08992302601183118,0.7938308439367094,0.9000476469986636,0.062,0.1065560488346282
ENSG00000075415,SLC25A3,-0.5261780143367748,-0.14645011776477415,0.6048927780137432,0.7870377020267544,0.001,0.00287341924829051
ENSG00000165943,MOAP1,0.5236790164583048,0.17387388589951966,0.6065965318680585,0.7881749507984824,0.917,1
ENSG00000231925,TAPBP,0.6189237065062313,0.15889980627624492,0.5433649663125688,0.7583343853924301,0.001,0.00287341924829051
ENSG00000132153,DHX30,-0.01435593150764997,-0.00382988910768246,0.9886966753028572,0.9936948997151858,0.638,0.812453125
ENSG00000175267,VWA3A,-0.2462722319370196,-0.09106839682575536,0.8081298388414405,0.90912757778353,0.995,1
ENSG00000069275,NUCKS1,0.5914145388192614,0.23927317191626055,0.5612595967399645,0.7678568913298394,0.999,1
ENSG00000131386,GALNT15,0.4422948266515091,0.15971539867393952,0.6633022819421164,0.8279396144330018,0.624,0.797905862923204
ENSG00000031823,RANBP3,-0.1156361347256662,-0.04390139261065756,0.9091623026462748,0.9572689881013988,0.268,0.3885749063670412
ENSG00000214655,ZSWIM8,-0.5746670910645618,-0.1529302771760156,0.5723029384847969,0.7722770680874891,0.557,0.7284750844594596
ENSG00000065609,SNAP91,0.2337030081443843,0.09193244027195507,0.8177315196426117,0.9121239018468608,0.972,1
ENSG00000204590,GNL1,0.22643832453962953,0.09072651749050206,0.8232946614241323,0.9149017264248308,0.939,1
ENSG00000185024,BRF1,0.3065889020467406,0.09935570773991802,0.7625126982730898,0.8831981613091183,0.995,1
ENSG00000178952,TUFM,0.4408107439959429,0.14127289323325537,0.6643573908877962,0.8284707404729407,0.482,0.6481780286582718
ENSG00000134779,TPGS2,0.08431198844274906,0.03215598016352921,0.933696202113438,0.9670433537282904,0.521,0.6893128817600289
ENSG00000156642,NPTN,0.20444394004113797,0.05722392196132502,0.8401949387898892,0.9247888356724012,0.346,0.48618965517241375
ENSG00000133687,TMTC1,-0.2094689599862951,-0.10032519087432422,0.8363264121805893,0.9222503586374992,0.001,0.00287341924829051
ENSG00000075785,RAB7A,-0.38781759050527914,-0.15429787773785067,0.7024899228019158,0.8503447730738362,1,1
ENSG00000166924,NYAP1,-0.5143965650551632,-0.17074743937200376,0.6129452894070322,0.79193450265491,0.999,1
ENSG00000068903,SIRT2,-0.4690058014008962,-0.15969170329346122,0.644437265433091,0.81521314077286,0.001,0.00287341924829051
ENSG00000160584,SIK3,-0.2917407471941891,-0.10617090343789296,0.77366702614249,0.889428304640279,0.019,0.03752742346938775
ENSG00000125991,ERGIC3,-0.48804150640659194,-0.13292234936197267,0.6311415492208077,0.8050066140943828,0.001,0.00287341924829051
ENSG00000131408,NR1H2,-0.09232967091217176,-0.03949741067659572,0.9274090361045058,0.9655740170141562,0.828,0.9843823416506716
ENSG00000166136,NDUFB8,0.13089197308780676,0.05409570642595172,0.8972457807134122,0.952071960995059,0.184,0.27770370370370373
ENSG00000108528,SLC25A11,-0.5163887240581494,-0.14283349030361872,0.611580073810684,0.7915639811406797,0.02,0.03925221799746514
ENSG00000116001,TIA1,0.14758836540514958,0.06444567152299702,0.884232787488963,0.9477317657708162,0.835,0.9915625
ENSG00000004779,NDUFAB1,0.29389356622364454,0.09485512688981557,0.7720465697552705,0.8881419129825165,0.966,1
ENSG00000102935,ZNF423,0.26532278872803355,0.0692819230253025,0.7936368990127861,0.9000476469986636,0.203,0.3034222972972973
ENSG00000168259,DNAJC7,-0.08535729617428237,-0.0323479964015057,0.9328762482776716,0.9670433537282904,0.001,0.00287341924829051
ENSG00000132478,UNK,-0.02673022317589325,-0.00871206883576667,0.9789554974816748,0.987648585523532,0.32,0.4548141349242772
ENSG00000177885,GRB2,0.0606488226680662,0.03696692435003812,0.9522764602940834,0.9756908366681064,0.999,1
ENSG00000080822,CLDND1,0.5581382834706582,0.2596246112843144,0.5833104974865418,0.7748636524639643,1,1
ENSG00000186591,UBE2H,-0.1807658316567713,-0.05098863391375324,0.8584781909326382,0.9344164087587836,0.14,0.219201213346815
ENSG00000182179,UBA7,0.12947787930323312,0.04956514598001074,0.8983493388909878,0.952071960995059,0.283,0.40784132154490454
ENSG00000213015,ZNF580,0.07072074489732716,0.02294620535083706,0.94436394484035,0.9735509952615996,0.008,0.01702817869415807
ENSG00000142459,EVI5L,-0.14360300180102603,-0.04653109704916228,0.8873360172155227,0.9482858481759108,0.222,0.3294365117393388
ENSG00000160216,AGPAT3,0.4851490066365369,0.176686598912275,0.6331537046346813,0.8067015905813099,0.001,0.00287341924829051
ENSG00000167778,SPRYD3,0.2473588139655979,0.10806760055759482,0.8073012358830091,0.90912757778353,0.025,0.04797087980173482
ENSG00000176978,DPP7,0.7639805059598356,0.2018896130889193,0.4543238269253669,0.6891960535989309,0.001,0.00287341924829051
ENSG00000165475,CRYL1,0.26243133605128494,0.09044069366381714,0.7958317978246574,0.9008744736001716,0.535,0.7035647558386412
ENSG00000071054,MAP4K4,0.1461935532454043,0.07014788093182399,0.8853186514844558,0.9477317657708162,0.996,1
ENSG00000103647,CORO2B,-0.19541529994539883,-0.06910227861862454,0.8471560957991546,0.9292743546982366,0.79,0.9549687743950038
ENSG00000107581,EIF3A,-0.20030296191629343,-0.07252981249947801,0.8433860274575552,0.9257122123503752,1,1
ENSG00000125503,PPP1R12C,0.3980691460433228,0.20669771207690768,0.695045732879128,0.8464291610289055,0.001,0.00287341924829051
ENSG00000198933,TBKBP1,0.5114690193671924,0.14279983197469578,0.6149541567348988,0.7926374174508776,0.004,0.00895733911785972
ENSG00000071859,FAM50A,0.13138087175994556,0.05524617671192905,0.896864294270792,0.952071960995059,0.008,0.01702817869415807
ENSG00000129158,SERGEF,0.04732767278388624,0.01880940470446331,0.9627492521486938,0.9810293012401248,0.251,0.3665002357378595
ENSG00000104969,SGTA,0.3177214603510504,0.09505813553076864,0.7541843145984968,0.879881700364913,0.02,0.03925221799746514
ENSG00000089057,SLC23A2,-0.4685691578801651,-0.16475751611139824,0.6447437149519166,0.8153096174079574,0.001,0.00287341924829051
ENSG00000132824,SERINC3,0.06266973145730302,0.01719275593304078,0.950688396469402,0.975266595593546,0.01,0.02082716879623403
ENSG00000172977,KAT5,0.2685535191680694,0.09135924389202618,0.7911865443202837,0.8981539168438937,0.407,0.5592187222715173
ENSG00000005007,UPF1,-0.00537536615727577,-0.0020230800868474,0.995767505683568,0.99689330275048,0.001,0.00287341924829051
ENSG00000039523,RIPOR1,0.2565758769031114,0.09414414568114006,0.8002820067769878,0.9047554637740476,0.996,1
ENSG00000136436,CALCOCO2,-0.27929197622206564,-0.09618452682408604,0.7830580921239765,0.893334055689489,0.148,0.230329648241206
ENSG00000100354,TNRC6B,0.20207293412261343,0.06900735762618142,0.842021721446141,0.9251035670111876,1,1
ENSG00000153827,TRIP12,0.08850181249065059,0.02732905033787976,0.9304101142141346,0.9667926865073267,0.535,0.7035647558386412
ENSG00000099804,CDC34,0.1785197735000814,0.08510732799119723,0.8602169475599687,0.9354892318874451,0.001,0.00287341924829051
ENSG00000072501,SMC1A,0.18584116281505217,0.0558950984922608,0.8545519355779074,0.9321268512475652,0.975,1
ENSG00000185800,DMWD,0.6869804674271486,0.22674417751627868,0.5004491810411453,0.7261741086635546,0.002,0.0047354740061162
ENSG00000114650,SCAP,0.18609076877814465,0.06559411839343765,0.854358940965496,0.9321268512475652,0.125,0.1984238851870835
ENSG00000105088,OLFM2,-0.07549526668059611,-0.02975112749810539,0.940615094865534,0.9716123260465792,0.001,0.00287341924829051
ENSG00000017260,ATP2C1,0.09635811728733668,0.03588691127227578,0.9242519013584524,0.9645789420744352,0.98,1
ENSG00000117713,ARID1A,-0.22774112839785637,-0.06786923196041467,0.8222962854755568,0.9146715029361344,0.011,0.02268109187749667
ENSG00000167114,SLC27A4,0.13807507977784975,0.03949909796426353,0.8916434529195278,0.9489786989906752,0.651,0.8235894607843137
ENSG00000101940,WDR13,0.5110302065065898,0.1379345076319992,0.6152555376857112,0.7927374006848995,0.418,0.5720486080424215
ENSG00000165478,HEPACAM,-0.8461284133231023,-0.21576017164663996,0.4080805726338185,0.651500796617302,0.116,0.1857559462254395
ENSG00000105894,PTN,0.6044317882213641,0.23372210789641495,0.5527535714053258,0.7631180703779654,1,1
ENSG00000100227,POLDIP3,0.3575702793098255,0.08909278767475153,0.7246320410419027,0.8617436325956832,0.036,0.06612811387900355
ENSG00000167552,TUBA1A,0.3136519049992821,0.0924532955603236,0.7572252708654256,0.8812233323248438,0.433,0.5899696436427628
ENSG00000198899,MT-ATP6,-1.0804040109430273,-0.20471309059937243,0.29357437876574005,0.5519322980829359,0.991,1
ENSG00000008294,SPAG9,0.6423801213360979,0.2021347994252176,0.5283525143084913,0.7470756908904895,0.993,1
ENSG00000078902,TOLLIP,0.3483847777457789,0.11058294731516802,0.7314068527015045,0.8655673479013462,0.713,0.8871679389312976
ENSG00000158863,FHIP2B,-0.4095122417918641,-0.1622476984546163,0.6867737199738178,0.8420050246269513,0.852,1
ENSG00000131171,SH3BGRL,-0.26920765671445335,-0.0952576662949732,0.7906906828033623,0.8979244624846133,0.003,0.00685538971905519
ENSG00000153395,LPCAT1,-0.04317509974900557,-0.01375311087986618,0.9660154260410896,0.982343568457551,0.031,0.0581860606060606
ENSG00000179632,MAF1,0.1461044415990296,0.04208641755680203,0.8853880330140121,0.9477317657708162,0.568,0.7400488010096761
ENSG00000100650,SRSF5,-0.04051740066639028,-0.01270625994474904,0.9681061458304404,0.9833759588561568,0.641,0.8152677618069815
ENSG00000130703,OSBPL2,-0.1495635471438947,-0.04762411427397679,0.8826955073061908,0.9474454280503076,0.015,0.03022446324007807
ENSG00000204227,RING1,0.43309218611161554,0.12167854668993676,0.6698564635336971,0.8337865812808031,0.495,0.6627821011673152
ENSG00000153147,SMARCA5,0.138166598785576,0.05219514375355361,0.8915721114637594,0.9489786989906752,0.989,1
ENSG00000167601,AXL,-0.3246881517063392,-0.0991148376354114,0.7489880654883053,0.8764685670606949,0.197,0.2955954457364341
ENSG00000080845,DLGAP4,-0.31075580021689625,-0.08584322594450369,0.7593918524539722,0.8815163025167262,0.315,0.448856727295154
ENSG00000114902,SPCS1,-0.32736871620635183,-0.09635527873736552,0.7469919740531521,0.8752383632471932,0.073,0.12347405789186236
ENSG00000107738,VSIR,-0.05379752571115732,-0.01701405087797755,0.957661808397276,0.9777968478139892,0.401,0.5524452846975089
ENSG00000115461,IGFBP5,0.28835674590673993,0.20775154069105223,0.7762163647805066,0.8902207293804865,0.001,0.00287341924829051
ENSG00000064601,CTSA,0.37838842847821674,0.08874445820486568,0.7093642991737321,0.8549058685516704,0.66,0.8329339853300733
ENSG00000125148,MT2A,0.3917059058844869,0.19705436570206444,0.6996627303149173,0.848700476292958,0.001,0.00287341924829051
ENSG00000126005,MMP24OS,-0.20482073374684717,-0.06633813849284946,0.8399047169271009,0.9247888356724012,0.745,0.9166726261422328
ENSG00000182985,CADM1,-0.5461448576245473,-0.1604548437704917,0.5913639509702618,0.7791108312294568,0.001,0.00287341924829051
ENSG00000012822,CALCOCO1,0.24936899174854024,0.0914427475907069,0.8057689364726445,0.908060315935764,0.146,0.2275601409159537
ENSG00000198892,SHISA4,-0.21878332242039208,-0.07084459944488221,0.8291671026868138,0.9180712340471068,0.003,0.00685538971905519
ENSG00000130382,MLLT1,0.4749308765165957,0.16362351663657684,0.640285345191737,0.8117003194950366,0.001,0.00287341924829051
ENSG00000143569,UBAP2L,0.21521288056281884,0.07362736567969526,0.8319096800517859,0.9194230750557888,0.984,1
ENSG00000108774,RAB5C,0.34340626706747973,0.10488644666270935,0.7350883049888369,0.8670272315252948,0.998,1
ENSG00000108518,PFN1,0.5526832313905083,0.15135986391849215,0.5869666519431063,0.776629017998686,0.793,0.9567280872613946
ENSG00000123358,NR4A1,0.5000178701580187,0.8259148219626193,0.6228417928823504,0.7989184112404334,0.001,0.00287341924829051
ENSG00000088888,MAVS,0.37621075414069566,0.11597368859369374,0.7109556129355904,0.8550780241147236,0.001,0.00287341924829051
ENSG00000127419,TMEM175,0.1651258401000778,0.05268946324493814,0.8706006000495154,0.942441114112281,0.998,1
ENSG00000107816,LZTS2,0.15096929334156786,0.05102398071599555,0.8816017082460376,0.9471135124681422,0.002,0.0047354740061162
ENSG00000119655,NPC2,0.29605363317943917,0.10268632913378664,0.7704217374998307,0.8880940573666168,0.735,0.9074977014931392
ENSG00000198952,SMG5,-0.23761439749229804,-0.07184339336614749,0.8147403449466974,0.9108289703357514,0.955,1
ENSG00000131435,PDLIM4,-0.23940430961521297,-0.07848247142863779,0.81337250744589,0.9105812258062156,0.95,1
ENSG00000070413,DGCR2,0.3454763176772853,0.10106993365778896,0.7335567621926833,0.8660860172288282,0.185,0.2790769605455431
ENSG00000119139,TJP2,-0.3125064827683126,-0.139836363393436,0.7580819180656841,0.8812233323248438,0.568,0.7400488010096761
ENSG00000161904,LEMD2,0.00384370811012993,0.00154469485724439,0.9969735060703084,0.9978186376097856,0.506,0.6745940594059406
ENSG00000138834,MAPK8IP3,-0.6630550020167102,-0.14259278467349762,0.5153119088652058,0.7365757793384016,0.74,0.9123328025477706
ENSG00000159388,BTG2,-0.29509180119486167,-0.26140859436152586,0.7711451067959827,0.8880940573666168,1,1
ENSG00000090905,TNRC6A,-0.29678774251994156,-0.09684753467373752,0.7698697778108343,0.8879448886375693,0.096,0.1573912122816305
ENSG00000148218,ALAD,-0.5710023914792693,-0.1525352555197667,0.5747342679096814,0.7725650007347596,0.001,0.00287341924829051
ENSG00000139631,CSAD,-0.10925159418947054,-0.03451373844065104,0.914156082575665,0.9602434295619828,0.297,0.42603473830477073
ENSG00000116171,SCP2,0.22621841631854456,0.074122328278245,0.823463213958882,0.9149017264248308,0.71,0.8848571428571428
ENSG00000105402,NAPA,-0.3967859151804216,-0.12870682456395868,0.6959758343998248,0.8464792909135914,0.995,1
ENSG00000132639,SNAP25,-0.5746115849249864,-0.2166486209371329,0.5723397243731392,0.7722770680874891,1,1
ENSG00000127511,SIN3B,-0.36598411509036505,-0.12476034522077804,0.7184467498401693,0.8586098705395395,1,1
ENSG00000257093,DENND11,0.00944930680803599,0.0033353404990894,0.9925598159652502,0.995370007969682,0.506,0.6745940594059406
ENSG00000102225,CDK16,0.10253202475607336,0.02802469533680348,0.9194158677098596,0.9617752520461672,0.635,0.8089654463183875
ENSG00000159788,RGS12,0.09493893089693524,0.02719758407876913,0.9253639879076596,0.9645789420744352,0.001,0.00287341924829051
ENSG00000005339,CREBBP,0.3723456332019194,0.09507347394114912,0.7137833640393856,0.8565596387476162,0.427,0.5833343625937362
ENSG00000211450,SELENOH,0.4266429861514289,0.11731842567989582,0.6744659185343842,0.8357972486266311,0.539,0.7079232400339271
ENSG00000162889,MAPKAPK2,-0.20313566298304173,-0.07564188277521869,0.8412028091909622,0.9249081709844644,1,1
ENSG00000078804,TP53INP2,-0.34135569778320685,-0.10547785251781076,0.7366065580681926,0.8676622642758691,0.015,0.03022446324007807
ENSG00000158864,NDUFS2,0.36959444829422966,0.07882048826705555,0.7157987470357706,0.8574092532974973,0.038,0.06914571092831961
ENSG00000107281,NPDC1,-0.8065896247155765,-0.1756693826234137,0.42994942613989173,0.6682384871097558,0.983,1
ENSG00000170091,NSG2,0.19381440094713692,0.13792116752759628,0.8483917670105182,0.9299053043425752,0.001,0.00287341924829051
ENSG00000093010,COMT,0.334803073348186,0.1259236002389416,0.7414655878565106,0.870675615991508,0.922,1
ENSG00000136213,CHST12,0.17565016839913225,0.08242512306801542,0.8624394802642985,0.9367557924244542,0.229,0.33836498091603057
ENSG00000160360,GPSM1,-0.15768355928818875,-0.04195058966127981,0.8763808012681655,0.944656359735801,0.966,1
ENSG00000094916,CBX5,-0.14700019393703628,-0.06121295603471336,0.8846906515887951,0.9477317657708162,0.002,0.0047354740061162
ENSG00000054690,PLEKHH1,-0.31112536793114653,-0.11083720243472066,0.7591152640212295,0.8815163025167262,0.149,0.2310731096644967
ENSG00000182670,TTC3,-0.05773131288339688,-0.01988405096925673,0.9545694478315984,0.9764255170674918,0.108,0.17402497398543185
ENSG00000088448,ANKRD10,-0.15317724280314912,-0.0557652682461044,0.8798842153633981,0.9468905292402002,0.01,0.02082716879623403
ENSG00000167588,GPD1,0.05730065801042846,0.01875271785449116,0.95490795164196,0.9764255170674918,0.001,0.00287341924829051
ENSG00000105926,PALS2,0.123611359792447,0.03821716979669143,0.9029298130678796,0.9538256480424782,0.295,0.42336190917516214
ENSG00000127884,ECHS1,0.08169496417105279,0.02917389342653252,0.9357493636914002,0.968199211249417,0.996,1
ENSG00000179832,MROH1,-0.4037407338192672,-0.1394221082707366,0.6909408545103978,0.8439008643709754,0.999,1
ENSG00000197043,ANXA6,0.09307989572293368,0.03133005582483828,0.9268209819539934,0.9655293876708956,0.277,0.40012546641791047
ENSG00000134308,YWHAQ,0.36987975954908864,0.10407696921648692,0.715589642168736,0.8574092532974973,0.537,0.7058951612903226
ENSG00000084234,APLP2,0.59910444013601,0.13292461156498897,0.556226414041367,0.7651083334114648,0.51,0.6778841201716738
ENSG00000144579,CTDSP1,-0.1420050875577167,-0.04023144041490668,0.8885807713529864,0.9482858481759108,0.82,0.9789916180080788
ENSG00000197586,ENTPD6,0.03455703179690229,0.01318998379613952,0.9727958001039768,0.9862220719646606,0.001,0.00287341924829051
ENSG00000149557,FEZ1,0.6807164901626236,0.17809449982886452,0.5043165432487798,0.7277262684458976,0.793,0.9567280872613946
ENSG00000132912,DCTN4,-0.1462845512245402,-0.06058132058532107,0.8852478022541888,0.9477317657708162,0.001,0.00287341924829051
ENSG00000204304,PBX2,-0.03391771580796356,-0.01297042306650257,0.973298881288434,0.9862220719646606,0.001,0.00287341924829051
ENSG00000265972,TXNIP,-0.03341760446833396,-0.01717033474878104,0.973692429604861,0.9862220719646606,0.588,0.7609845382365231
ENSG00000074211,PPP2R2C,-0.3070697516450147,-0.10793923175006784,0.7621523461736188,0.8831981613091183,0.001,0.00287341924829051
ENSG00000188130,MAPK12,0.0133527605431354,0.00464497835805354,0.9894864833961384,0.9936948997151858,0.005,0.01102135231316726
ENSG00000005882,PDK2,-0.12792373613802713,-0.03754094530625345,0.8995624366736706,0.9523205765901286,0.363,0.5059455445544555
ENSG00000164970,FAM219A,0.21125862170289084,0.05215134796036482,0.8349496632061497,0.92177586583539,0.24,0.35259962049335863
ENSG00000125648,SLC25A23,-0.35210221582727175,-0.08492525033209734,0.728662272101311,0.862727580568126,0.135,0.21244664634146343
ENSG00000181409,AATK,-0.1875240388209835,-0.05787413773850854,0.8532509234443537,0.9321268512475652,0.001,0.00287341924829051
ENSG00000171456,ASXL1,0.03888612726379239,0.01085581910644996,0.9693895304939864,0.9838331567363036,0.49,0.6575086655112651
ENSG00000115365,LANCL1,0.14015700673888828,0.06269534351184776,0.8900207722941037,0.9486769712505914,1,1
ENSG00000161642,ZNF385A,0.5459697558077601,0.15130209658668475,0.5914819382202172,0.7791108312294568,0.002,0.0047354740061162
ENSG00000149532,CPSF7,-0.28019538124718185,-0.10301274477169876,0.7823754131493839,0.893334055689489,0.001,0.00287341924829051
ENSG00000185950,IRS2,-0.47398251485867215,-0.20067613802650935,0.6409490843461907,0.8119605353198167,1,1
ENSG00000100461,RBM23,0.0565798442981173,0.02866487672782217,0.9554745460632204,0.9764255170674918,1,1
ENSG00000204256,BRD2,0.4549035638757655,0.10257318968680829,0.6543673912618466,0.8213215095143376,0.047,0.08389567723342939
ENSG00000077454,LRCH4,-0.4146387208354884,-0.1227925034458274,0.683080914281492,0.8397237545621979,0.997,1
ENSG00000115355,CCDC88A,0.0629597834200457,0.02281160350227325,0.9504604860160436,0.975266595593546,1,1
ENSG00000105270,CLIP3,-0.16337424456471372,-0.04573307491931383,0.8719603533708584,0.9427605530035348,0.121,0.1925678314491264
ENSG00000221823,PPP3R1,-0.3429495705262351,-0.11212173972408918,0.7354263490889705,0.8671371932334,0.001,0.00287341924829051
ENSG00000072062,PRKACA,0.5634629272829329,0.12466246660647756,0.5797528498486629,0.7737176749735413,0.05,0.08853630646083477
ENSG00000146067,FAM193B,-0.2784723649140838,-0.08601061168085122,0.7836776067410551,0.893334055689489,0.967,1
ENSG00000172005,MAL,-0.09632902872879091,-0.02398685266397058,0.9242746938021996,0.9645789420744352,0.001,0.00287341924829051
ENSG00000149639,SOGA1,0.3606127867007777,0.1130902728617438,0.7223931219674116,0.8603619495657604,0.027,0.05133149171270718
ENSG00000111897,SERINC1,-0.3733848646242605,-0.12961940632191946,0.713022634654281,0.8561105667611739,0.004,0.00895733911785972
ENSG00000105254,TBCB,-0.3700154483259014,-0.11285201391232184,0.7154902038391477,0.8574092532974973,0.001,0.00287341924829051
ENSG00000089693,MLF2,-0.14930696902955717,-0.06037509977544547,0.8828951747060638,0.9474454280503076,0.992,1
ENSG00000067840,PDZD4,0.1044162985298013,0.0688367895068736,0.9179405450499092,0.9608356363583674,0.001,0.00287341924829051
ENSG00000010404,IDS,-0.06824293390318364,-0.02854249227181941,0.946309998745814,0.9740860260266416,0.977,1
ENSG00000154930,ACSS1,-0.1639595630190914,-0.06505561963945157,0.8715059283593242,0.9427605530035348,0.998,1
ENSG00000198728,LDB1,-0.3346865664080523,-0.078900972064142,0.7415520839964556,0.870675615991508,0.005,0.01102135231316726
ENSG00000108309,RUNDC3A,0.0674612866495351,0.01710345093156951,0.946923971027279,0.9740861062993118,0.051,0.08999829059829059
ENSG00000147684,NDUFB9,-0.2975471610027807,-0.10228917881863306,0.7692989213904017,0.8878647049738686,0.067,0.11413586358635865
ENSG00000102181,CD99L2,-0.00996353785609145,-0.00308153623298273,0.9921549350737244,0.9953205015869784,0.051,0.08999829059829059
ENSG00000266714,MYO15B,-0.4057844393149873,-0.1429360013843719,0.6894640949459836,0.8432602984456747,0.97,1
ENSG00000147416,ATP6V1B2,-0.2514984174379578,-0.1042800658074898,0.8041466170829293,0.9073479406148888,0.009,0.01897413206262763
ENSG00000141867,BRD4,-0.2644557511062776,-0.07344993909664717,0.7942948818447668,0.9002855908781325,0.534,0.7028465788355291
ENSG00000130821,SLC6A8,-0.414398893318234,-0.10658736386778238,0.6832534897369437,0.8397237545621979,0.828,0.9843823416506716
ENSG00000180190,TDRP,-0.02280153302504027,-0.01039568547855894,0.9820479125190216,0.98993003752916,1,1
ENSG00000121753,ADGRB2,-0.2939652806306657,-0.07393591843925283,0.7719926077886193,0.8881419129825165,0.486,0.6532734374999999
ENSG00000136003,ISCU,-0.38753055908581785,-0.1388287634084406,0.7026988003351549,0.8503447730738362,0.001,0.00287341924829051
ENSG00000113108,APBB3,0.03094932948024769,0.01075543943762871,0.975634867464748,0.9872458672639348,0.7,0.8752119499394428
ENSG00000143198,MGST3,0.18721367754290957,0.0562801354594545,0.85349082785071,0.9321268512475652,0.277,0.40012546641791047
ENSG00000175582,RAB6A,-0.09084176843530468,-0.03566845752942527,0.9285754359858576,0.9661298457333092,0.001,0.00287341924829051
ENSG00000133030,MPRIP,0.39891927943037847,0.13459406316292322,0.6944298187939661,0.8461198548910314,0.001,0.00287341924829051
ENSG00000138443,ABI2,0.09602338401103946,0.03378496181210138,0.924514186870222,0.9645789420744352,0.998,1
ENSG00000139625,MAP3K12,0.10376940442984556,0.0308244990342793,0.9184470071038656,0.9610455832088308,0.809,0.9711135658914728
ENSG00000034713,GABARAPL2,0.3654703159570355,0.08547890968873476,0.7188238946440061,0.8586098705395395,0.847,1
ENSG00000136448,NMT1,-0.18194939484996017,-0.05117971394750343,0.8575622488426082,0.9344164087587836,0.981,1
ENSG00000160789,LMNA,-0.5140084277676606,-0.17666513321710822,0.6132114470627438,0.79193450265491,0.999,1
ENSG00000147526,TACC1,-0.06684240505201365,-0.02539476315810277,0.9474101175045536,0.9740861062993118,0.26,0.3782151244715829
ENSG00000146278,PNRC1,-0.06335224820469162,-0.02307828600477995,0.9501521109170766,0.975266595593546,0.781,0.946675929549902
ENSG00000103549,RNF40,0.14304205531579003,0.03896814646156691,0.8877729530853565,0.9482858481759108,0.99,1
ENSG00000147862,NFIB,0.2632914989333151,0.09148739380395284,0.7951786655853654,0.9007108517759399,0.93,1
ENSG00000179950,PUF60,-0.34638841550318017,-0.12667657028597784,0.7328823028836078,0.8660860172288282,0.229,0.33836498091603057
ENSG00000099622,CIRBP,-0.7813192101930797,-0.15488884213338286,0.4443049903301772,0.6809728583944127,0.157,0.2419049751243781
ENSG00000105221,AKT2,0.10829517424756804,0.03462976047756191,0.914904484094328,0.9604598940907264,0.13,0.20541326530612244
ENSG00000162545,CAMK2N1,-0.4955317567178995,-0.12109794830987948,0.6259447366242226,0.8006848165846863,0.238,0.34999335232668566
ENSG00000103024,NME3,0.10848826653005007,0.03744896656989757,0.91475338219975,0.9604598940907264,0.196,0.2943802133850631
ENSG00000074657,ZNF532,0.14039940344524185,0.04145289587798406,0.8898318774132064,0.9486769712505914,0.945,1
ENSG00000146963,LUC7L2,-0.1247386602213816,-0.03989271420606845,0.902049360545608,0.9536965080550752,0.001,0.00287341924829051
ENSG00000101290,CDS2,-0.1343122206589974,-0.03784446750006758,0.8945775137741308,0.951243936892216,0.038,0.06914571092831961
ENSG00000160111,CPAMD8,0.2205472328096854,0.11279146422646516,0.8278130112755914,0.9178678620780658,0.001,0.00287341924829051
ENSG00000114745,GORASP1,0.07046696300201412,0.01910483425984173,0.9445632469221072,0.9735509952615996,0.606,0.7797183215621105
ENSG00000127054,INTS11,0.10506993221294024,0.02899128347273386,0.9174288430513206,0.9608356363583674,0.023,0.04443605739238927
ENSG00000133313,CNDP2,0.1527493647822116,0.04691380110872173,0.8802170004700657,0.9468905292402002,1,1
ENSG00000102316,MAGED2,0.28254842139227937,0.06604014843001904,0.78059813563052,0.8921841227503395,0.923,1
ENSG00000113657,DPYSL3,0.2328743586528524,0.07473520241827515,0.8183655867816901,0.9121239018468608,0.941,1
ENSG00000198911,SREBF2,-0.3242974296798286,-0.09597715093544586,0.7492791702596793,0.8764685670606949,0.999,1
ENSG00000115694,STK25,0.10572990161511736,0.0295474998164824,0.9169122186092008,0.9608356363583674,0.436,0.593274165202109
ENSG00000240583,AQP1,-0.8158338231067868,-0.28075894437195437,0.4247715054943122,0.662209803019742,1,1
ENSG00000121716,PILRB,0.2873146042758412,0.07974834244411882,0.7770019893663704,0.8902207293804865,0.111,0.17848753894080996
ENSG00000134884,ARGLU1,0.408372532733302,0.1277914461862881,0.687595800975755,0.8422294843117338,0.001,0.00287341924829051
ENSG00000048740,CELF2,0.09522593224020286,0.03481276258815902,0.9251390784118774,0.9645789420744352,0.789,0.9541323701679032
ENSG00000131584,ACAP3,0.3788068985676547,0.12506743773907578,0.7090586630314404,0.8548283813673797,0.001,0.00287341924829051
ENSG00000019144,PHLDB1,0.3613170746777567,0.1257168551961532,0.7218752160969932,0.8603236929392833,0.991,1
ENSG00000115738,ID2,0.15592366329894575,0.06328011510531292,0.8777487165215992,0.9452678485617222,0.517,0.685130081300813
ENSG00000186635,ARAP1,0.28372701524062427,0.07109217017027107,0.7797083954871906,0.8915030369043615,0.726,0.8993687999999999
ENSG00000023191,RNH1,-0.23023420238068548,-0.07350074159347275,0.8203866398548592,0.9137765655238717,0.001,0.00287341924829051
ENSG00000100030,MAPK1,-0.1973516319341813,-0.04603243931673425,0.8456620600290414,0.927922867603118,0.198,0.2968083252662149
ENSG00000117318,ID3,0.5037204796521334,0.2525636152782822,0.6202862214542212,0.7971893310561871,0.001,0.00287341924829051
ENSG00000272325,NUDT3,0.3219623633575783,0.09497340695515004,0.7510196992582975,0.8782145179177582,1,1
ENSG00000078018,MAP2,-0.28410770788597484,-0.09341130494632584,0.7794210708510945,0.8915030369043615,0.001,0.00287341924829051
ENSG00000106771,TMEM245,0.14815317205797918,0.0365327298584254,0.8837931511515039,0.9477317657708162,0.736,0.9081243027888446
ENSG00000010322,NISCH,0.22407635290522632,0.05834883588230134,0.8251054956475085,0.91643890422812,0.001,0.00287341924829051
ENSG00000160469,BRSK1,-0.30391436366607005,-0.07677745231512835,0.7645180300224357,0.8840753713155297,0.084,0.14009046849757675
ENSG00000167371,PRRT2,0.2106255766363093,0.07140652853255566,0.8354365891487854,0.92177586583539,0.001,0.00287341924829051
ENSG00000167522,ANKRD11,0.01784938886619582,0.0058196145464032,0.9859463348331188,0.9921912408057344,0.126,0.19980645161290325
ENSG00000080503,SMARCA2,-0.08664543620138512,-0.02701581087456597,0.931865919444681,0.9670433537282904,0.001,0.00287341924829051
ENSG00000122515,ZMIZ2,0.16805413545716763,0.03539825301344813,0.868328307092305,0.9411318432438632,0.129,0.20425
ENSG00000122378,PRXL2A,-0.1060574813886312,-0.0305118468537327,0.9166558030400644,0.9608356363583674,0.001,0.00287341924829051
ENSG00000180354,MTURN,-0.4357503839944101,-0.1172137170735124,0.6679604542114318,0.8318973026782318,0.001,0.00287341924829051
ENSG00000070087,PFN2,-0.14740238160849534,-0.10598673791378388,0.8843775627028978,0.9477317657708162,1,1
ENSG00000173511,VEGFB,-0.2303091549464704,-0.09182988728289174,0.8203292454217479,0.9137765655238717,1,1
ENSG00000068400,GRIPAP1,0.11681628693645647,0.02738084838575354,0.9082396443571736,0.9568663950961062,0.754,0.9240751879699248
ENSG00000083067,TRPM3,0.1244573535607521,0.04957129329943629,0.9022690566043357,0.9536965080550752,0.998,1
ENSG00000034053,APBA2,-0.03813444629864977,-0.01096822114284593,0.9699809354891542,0.9841513816965296,0.594,0.7668270112546894
ENSG00000079432,CIC,0.11632672675387427,0.03328541892772662,0.9086223726836424,0.9569849670072738,0.112,0.1797222797927461
ENSG00000102003,SYP,0.13848832884432932,0.03887225814699194,0.8913213220193568,0.9489786989906752,0.024,0.04622388059701492
ENSG00000019582,CD74,0.5723278854708951,0.2895651503092146,0.5738542648478802,0.7725548483812967,0.969,1
ENSG00000054793,ATP9A,0.2842937596271202,0.12805037366446648,0.7792806616832266,0.8915030369043615,0.001,0.00287341924829051
ENSG00000161714,PLCD3,-0.2558321376787651,-0.11946397491859552,0.800847761826976,0.9048174712571448,1,1
ENSG00000133169,BEX1,0.2171368281203328,0.05368298230633824,0.8304315533868385,0.9188967704143024,0.338,0.47667850637522774
ENSG00000152518,ZFP36L2,-0.4215164625360159,-0.1503051969454424,0.6781394708585267,0.8375663308751095,0.956,1
ENSG00000108349,CASC3,-0.1936505097847446,-0.05929371723605894,0.8485182909700264,0.9299053043425752,0.001,0.00287341924829051
ENSG00000174080,CTSF,0.10721450380781082,0.02505658408120762,0.9157502101309324,0.9606004385400462,0.118,0.1883940577575719
ENSG00000152795,HNRNPDL,0.2505981143167075,0.06515778655558457,0.8048324091492443,0.9075824238161806,0.002,0.0047354740061162
ENSG00000198053,SIRPA,0.0526568749209111,0.02061562871807151,0.9585586081126464,0.9778869116442368,0.002,0.0047354740061162
ENSG00000167123,CERCAM,0.3157365269609988,0.1182406450768763,0.7556670355923412,0.8808631443525221,0.99,1
ENSG00000164548,TRA2A,0.13532409085672625,0.03727009576130372,0.8937883605031348,0.9506902020727036,0.118,0.1883940577575719
ENSG00000021300,PLEKHB1,0.4940149162838317,0.1467798357373706,0.6269955272557306,0.8014500748970761,0.011,0.02268109187749667
ENSG00000123091,RNF11,0.02066797826604689,0.00744441164273066,0.9837274365671116,0.9907200967644896,1,1
ENSG00000119900,OGFRL1,0.18183871662078,0.07335136444138987,0.8576478923243607,0.9344164087587836,1,1
ENSG00000121653,MAPK8IP1,0.28115902649388863,0.0882974342428153,0.7816474119753486,0.8930952042634467,0.001,0.00287341924829051
ENSG00000164733,CTSB,0.4025841869337421,0.10189785280964292,0.6917771270370079,0.8443450291753499,0.593,0.7661748018356278
ENSG00000198300,PEG3,-0.06872555706746117,-0.01960424302872628,0.9459309226253064,0.9739788744008244,0.507,0.6756364027538727
ENSG00000105401,CDC37,-0.06486573143355845,-0.01298071714199281,0.9489629833287344,0.9752229190059056,0.963,1
ENSG00000107130,NCS1,0.26078974718717474,0.08862129899411204,0.7970787053588366,0.9017096053596292,0.997,1
ENSG00000125398,SOX9,-0.3913012897088706,-0.173552073519925,0.6999567177063167,0.8487664135966361,0.999,1
ENSG00000161671,EMC10,0.04458577671204632,0.01017486226789739,0.9649057969737176,0.9820966473795713,0.976,1
ENSG00000157933,SKI,-0.09314071529122012,-0.03150002397971911,0.9267733112002234,0.9655293876708956,1,1
ENSG00000182087,TMEM259,-0.3131004969125581,-0.08619930852256044,0.7576376220215876,0.8812233323248438,0.993,1
ENSG00000050165,DKK3,-0.5541886494709523,-0.10610350196132044,0.5859565254398085,0.7759762440425423,0.051,0.08999829059829059
ENSG00000167615,LENG8,-0.5778974858733904,-0.1251021590750004,0.5701641353951885,0.771883745009023,0.001,0.00287341924829051
ENSG00000173786,CNP,-0.3692523969810262,-0.13149848975696313,0.7160494671248961,0.8574196120880264,0.001,0.00287341924829051
ENSG00000160953,PWWP3A,-0.08430927379689643,-0.0499445090236374,0.9336983316186086,0.9670433537282904,0.001,0.00287341924829051
ENSG00000154856,APCDD1,0.3047864267383772,0.0834652427139559,0.7638639808430364,0.8840753713155297,0.08,0.13392432432432433
ENSG00000198712,MT-CO2,0.8145886225408054,0.17893703607415584,0.42546667201065613,0.6629650922204408,0.001,0.00287341924829051
ENSG00000108946,PRKAR1A,-0.24593479234388055,-0.06701941561150905,0.8083872100787259,0.90912757778353,0.47,0.6341289892694033
ENSG00000008441,NFIX,-0.014789077219797,-0.00539940464701229,0.9883556583312124,0.9936948997151858,1,1
ENSG00000064042,LIMCH1,0.02074318451843693,0.00689029623585802,0.9836682331936116,0.9907200967644896,1,1
ENSG00000153904,DDAH1,-0.1592523375600738,-0.04271136402404395,0.8751617725183594,0.944656359735801,0.001,0.00287341924829051
ENSG00000116871,MAP7D1,-0.21942815321312803,-0.06544211830425997,0.8286720250886606,0.9179514301082584,0.001,0.00287341924829051
ENSG00000061938,TNK2,-0.20365401218074364,-0.06153742952339453,0.8408034496043206,0.9249081709844644,0.972,1
ENSG00000187957,DNER,-0.41245651956512247,-0.14529759813113963,0.6846518448037338,0.8406703784490825,0.001,0.00287341924829051
ENSG00000130522,JUND,-0.12401978135185014,-0.08400388408300043,0.902610809666039,0.9537731168965128,1,1
ENSG00000155265,GOLGA7B,-0.2055077602955215,-0.07228094785834492,0.8393756016878096,0.9247491076759632,0.001,0.00287341924829051
ENSG00000185896,LAMP1,0.1801713996327764,0.03983724874422142,0.8589382909020671,0.9344164087587836,0.001,0.00287341924829051
ENSG00000105426,PTPRS,-0.08574759353045283,-0.02415560199634824,0.9325701133288844,0.9670433537282904,0.001,0.00287341924829051
ENSG00000154917,RAB6B,0.15157971972909315,0.04013964852850589,0.8811268165939299,0.9468905292402002,0.71,0.8848571428571428
ENSG00000087258,GNAO1,-0.17664436104251063,-0.06148311636457734,0.8616693355952685,0.9362063762817304,0.999,1
ENSG00000159842,ABR,0.32813132652707544,0.06241212635845828,0.7464244280747403,0.8751523747900465,0.873,1
ENSG00000131711,MAP1B,0.3860348479105444,0.1013146854183854,0.7037876466779982,0.8510808619096858,0.609,0.7829277708592778
ENSG00000175130,MARCKSL1,0.04660773972327081,0.01472801639383525,0.9633154631100832,0.9813239489030532,0.001,0.00287341924829051
ENSG00000132613,MTSS2,-0.5138925883831008,-0.11159230521320246,0.6132908923722242,0.79193450265491,0.803,0.9657829126213592
ENSG00000168309,FAM107A,0.0584074948993943,0.03308356245229399,0.95403797241245,0.9763659342054024,0.001,0.00287341924829051
ENSG00000158106,RHPN1,-0.27259159852611586,-0.0795521557202964,0.7881269911652129,0.8964501614345485,1,1
ENSG00000166340,TPP1,0.00997409654332789,0.00212572425952014,0.992146621691739,0.9953205015869784,0.815,0.9764235976789168
ENSG00000111275,ALDH2,0.02879571686830068,0.00639230051963054,0.9773298061580572,0.987648585523532,0.256,0.3729219190968956
ENSG00000168056,LTBP3,0.21662239537880867,0.0741859248916306,0.830826717478925,0.9190469185853694,0.001,0.00287341924829051
ENSG00000106624,AEBP1,0.29961088595435237,0.08256313964559613,0.7677482988344707,0.886942098653521,0.001,0.00287341924829051
ENSG00000171223,JUNB,-0.00303958722426193,-0.00358769162476777,0.997606659778693,0.9981702793604889,1,1
ENSG00000167658,EEF2,0.06328600035619852,0.02146976254235817,0.9502041639061192,0.975266595593546,1,1
ENSG00000166681,BEX3,-0.06328692121443409,-0.01785362429454528,0.9502034403576706,0.975266595593546,1,1
ENSG00000136156,ITM2B,-0.0897059355524975,-0.01909709406036359,0.9294659525086562,0.9665790968249148,0.001,0.00287341924829051
ENSG00000101439,CST3,-0.46949272551362464,-0.0922121809914984,0.6440956045174198,0.8150720368705613,0.009,0.01897413206262763
ENSG00000198727,MT-CYB,-0.1260764573426439,-0.02544398812244015,0.9010046734344452,0.9532134269130242,0.76,0.9295892575039496
ENSG00000198938,MT-CO3,-0.17127204516704417,-0.02670555579169144,0.8658326360285272,0.939289187385312,1,1
ENSG00000198886,MT-ND4,0.04286702915302385,0.00756300809737122,0.966257761859432,0.982343568457551,0.001,0.00287341924829051
ENSG00000198804,MT-CO1,-0.00208812340100515,-5.466494398295341e-4,0.9983558313570302,0.9983558313570302,0.001,0.00287341924829051
