key,cluster
AAACAAGTATCTCCCA-1_V12D07-075_C1,4
AAACAGAGCGACTCCT-1_V12D07-075_C1,5
AAACATTTCCCGGATT-1_V12D07-075_C1,4
AAACCCGAACGAAATC-1_V12D07-075_C1,5
AAACCGGAAATGTTAA-1_V12D07-075_C1,20
AAACCGGGTAGGTACC-1_V12D07-075_C1,19
AAACCGTTCGTCCAGG-1_V12D07-075_C1,10
AAACCTAAGCAGCCGG-1_V12D07-075_C1,4
AAACCTCATGAAGTTG-1_V12D07-075_C1,7
AAACGAAGAACATACC-1_V12D07-075_C1,13
AAACGAGACGGTTGAT-1_V12D07-075_C1,4
AAACGCTGGGCACGAC-1_V12D07-075_C1,14
AAACGGTTGCGAACTG-1_V12D07-075_C1,16
AAACGTGTTCGCCCTA-1_V12D07-075_C1,5
AAACTAACGTGGCGAC-1_V12D07-075_C1,5
AAACTCGGTTCGCAAT-1_V12D07-075_C1,4
AAACTCGTGATATAAG-1_V12D07-075_C1,5
AAACTGCTGGCTCCAA-1_V12D07-075_C1,4
AAAGAATGTGGACTAA-1_V12D07-075_C1,4
AAAGACCCAAGTCGCG-1_V12D07-075_C1,6
AAAGACTGGGCGCTTT-1_V12D07-075_C1,7
AAAGCTTGCCTACATA-1_V12D07-075_C1,6
AAAGGCTACGGACCAT-1_V12D07-075_C1,14
AAAGGCTCTCGCGCCG-1_V12D07-075_C1,10
AAAGGGATGTAGCAAG-1_V12D07-075_C1,9
AAAGGGCAGCTTGAAT-1_V12D07-075_C1,12
AAAGGTAAGCTGTACC-1_V12D07-075_C1,5
AAAGTCACTGATGTAA-1_V12D07-075_C1,6
AAAGTCGACCCTCAGT-1_V12D07-075_C1,10
AAAGTGCCATCAATTA-1_V12D07-075_C1,15
AAAGTGTGATTTATCT-1_V12D07-075_C1,4
AAAGTTGACTCCCGTA-1_V12D07-075_C1,15
AAATAACCATACGGGA-1_V12D07-075_C1,6
AAATAAGGTAGTGCCC-1_V12D07-075_C1,5
AAATACCTATAAGCAT-1_V12D07-075_C1,9
AAATAGCTTAGACTTT-1_V12D07-075_C1,6
AAATAGGGTGCTATTG-1_V12D07-075_C1,8
AAATCGTGTACCACAA-1_V12D07-075_C1,7
AAATCTAGCCCTGCTA-1_V12D07-075_C1,4
AAATGATTCGATCAGC-1_V12D07-075_C1,5
AAATGGCATGTCTTGT-1_V12D07-075_C1,6
AAATGGTCAATGTGCC-1_V12D07-075_C1,9
AAATTAACGGGTAGCT-1_V12D07-075_C1,7
AAATTAATAAGCGCGA-1_V12D07-075_C1,4
AAATTACACGACTCTG-1_V12D07-075_C1,6
AAATTACCTATCGATG-1_V12D07-075_C1,17
AAATTCCAGGTCCAAA-1_V12D07-075_C1,6
AAATTGGTGAGAAGCA-1_V12D07-075_C1,5
AAATTTACCGAAATCC-1_V12D07-075_C1,20
AAATTTGCGGGTGTGG-1_V12D07-075_C1,19
AACAACTGGTAGTTGC-1_V12D07-075_C1,9
AACACACGCTCGCCGC-1_V12D07-075_C1,9
AACACGACTGTACTGA-1_V12D07-075_C1,6
AACACGCGGCCGCGAA-1_V12D07-075_C1,6
AACAGGATGGGCCGCG-1_V12D07-075_C1,13
AACAGGTAGTATGGAT-1_V12D07-075_C1,10
AACATATCAACTGGTG-1_V12D07-075_C1,17
AACATCGATACGTCTA-1_V12D07-075_C1,5
AACATTGTGACTCGAG-1_V12D07-075_C1,9
AACCAAGACTTCTCTG-1_V12D07-075_C1,14
AACCAGTATCACTCTT-1_V12D07-075_C1,5
AACCATGGGATCGCTA-1_V12D07-075_C1,11
AACCCAGAGACGGAGA-1_V12D07-075_C1,4
AACCCGAGCAGAATCG-1_V12D07-075_C1,4
AACCCTACTGTCAATA-1_V12D07-075_C1,8
AACCCTGGTGGAACCA-1_V12D07-075_C1,13
AACCGAGCTTGGTCAT-1_V12D07-075_C1,7
AACCGCTAAGGGATGC-1_V12D07-075_C1,8
AACCGTTGTGTTTGCT-1_V12D07-075_C1,5
AACCTCGCTTTAGCCC-1_V12D07-075_C1,4
AACCTGTCACGGAATT-1_V12D07-075_C1,6
AACCTTTAAATACGGT-1_V12D07-075_C1,9
AACCTTTACGACGTCT-1_V12D07-075_C1,17
AACGATAATGCCGTAG-1_V12D07-075_C1,4
AACGATATGTCAACTG-1_V12D07-075_C1,5
AACGCATGATCTGGGT-1_V12D07-075_C1,5
AACGCGAACGGCAACA-1_V12D07-075_C1,6
AACGCGACCTTGGGCG-1_V12D07-075_C1,4
AACGCGGTCTCCAGCC-1_V12D07-075_C1,4
AACGCTGTTGCTGAAA-1_V12D07-075_C1,4
AACGGACGTACGTATA-1_V12D07-075_C1,4
AACGGCCATCTCCGGT-1_V12D07-075_C1,19
AACGTACTGTGGGTAC-1_V12D07-075_C1,17
AACGTGATGAAGGACA-1_V12D07-075_C1,6
AACGTGCGAAAGTCTC-1_V12D07-075_C1,7
AACGTTATCAGCACCT-1_V12D07-075_C1,6
AACTACCCGTTTGTCA-1_V12D07-075_C1,14
AACTAGGCTTGGGTGT-1_V12D07-075_C1,14
AACTCAAGTTAATTGC-1_V12D07-075_C1,9
AACTCCAGAGCGTGTT-1_V12D07-075_C1,15
AACTCCTAATCCCATG-1_V12D07-075_C1,5
AACTCGATGGCGCAGT-1_V12D07-075_C1,13
AACTCTCAATAGAGCG-1_V12D07-075_C1,17
AACTCTCAGTGTGCTC-1_V12D07-075_C1,10
AACTGAGGTCAGCGTC-1_V12D07-075_C1,5
AACTGAGTTATACTGA-1_V12D07-075_C1,5
AACTGATATTAGGCCT-1_V12D07-075_C1,20
AACTGGGTCCCGACGT-1_V12D07-075_C1,3
AACTGGTGTGGGCCTT-1_V12D07-075_C1,5
AACTTGCCCGTATGCA-1_V12D07-075_C1,9
AACTTTACGGGAGCTT-1_V12D07-075_C1,4
AAGAAGGATCAGTTAG-1_V12D07-075_C1,3
AAGACATACGTGGTTT-1_V12D07-075_C1,4
AAGACCCAACTGAACA-1_V12D07-075_C1,4
AAGACTGCAAGCTACT-1_V12D07-075_C1,9
AAGAGATGAATCGGTA-1_V12D07-075_C1,9
AAGAGCTCTTTATCGG-1_V12D07-075_C1,9
AAGAGGATGTACGCGA-1_V12D07-075_C1,10
AAGAGGCATGGATCGC-1_V12D07-075_C1,10
AAGAGGCCCTTTGGAA-1_V12D07-075_C1,4
AAGATTGGCGGAACGT-1_V12D07-075_C1,10
AAGCACCCTGCGTATC-1_V12D07-075_C1,13
AAGCATACTCTCCTGA-1_V12D07-075_C1,9
AAGCCGAAGCGGTTTA-1_V12D07-075_C1,4
AAGCCGGAGAGCAGGA-1_V12D07-075_C1,15
AAGCGCAGGGCTTTGA-1_V12D07-075_C1,4
AAGCGGCGTCATGGGT-1_V12D07-075_C1,5
AAGCTAGATCGAGTAA-1_V12D07-075_C1,9
AAGCTCGTGCCAAGTC-1_V12D07-075_C1,4
AAGCTCTTTCATGGTG-1_V12D07-075_C1,4
AAGGAGCGGTTGGTGC-1_V12D07-075_C1,9
AAGGATGAGGGACCTC-1_V12D07-075_C1,17
AAGGCAGGCTGTCTCC-1_V12D07-075_C1,5
AAGGCGCGTAAAGCTT-1_V12D07-075_C1,6
AAGGCTGTGCTCATCG-1_V12D07-075_C1,6
AAGGGACAGATTCTGT-1_V12D07-075_C1,10
AAGGTATCCTAATATA-1_V12D07-075_C1,5
AAGGTGATAAACCAGC-1_V12D07-075_C1,4
AAGTAGAAGACCGGGT-1_V12D07-075_C1,9
AAGTAGTGACGCGAGG-1_V12D07-075_C1,7
AAGTCAATTGTCGTCA-1_V12D07-075_C1,4
AAGTCTTCTGTGGCCT-1_V12D07-075_C1,10
AAGTGACGACCGAATT-1_V12D07-075_C1,19
AAGTGAGTCGGGTTTA-1_V12D07-075_C1,14
AAGTGCAAAGGTAGAC-1_V12D07-075_C1,4
AAGTGCCTTGACTGTA-1_V12D07-075_C1,4
AAGTGTTTGGAGACGG-1_V12D07-075_C1,8
AAGTTCACTCCAAGCT-1_V12D07-075_C1,8
AAGTTCAGTCTGCGTA-1_V12D07-075_C1,5
AAGTTCGGCCAACAGG-1_V12D07-075_C1,19
AAGTTTACTAATGGCA-1_V12D07-075_C1,6
AAGTTTATGGGCCCAA-1_V12D07-075_C1,4
AATAACAACGCTCGGC-1_V12D07-075_C1,13
AATAACACTAGAACAA-1_V12D07-075_C1,19
AATAAGTCCTCGAGAC-1_V12D07-075_C1,18
AATAATCTTCGTATCG-1_V12D07-075_C1,5
AATAGAACAGAGTGGC-1_V12D07-075_C1,19
AATAGAATCTGTTTCA-1_V12D07-075_C1,13
AATAGCAAGCCTCCTG-1_V12D07-075_C1,5
AATAGCTACCGCGTGC-1_V12D07-075_C1,5
AATAGTCCGTCCCGAC-1_V12D07-075_C1,9
AATAGTCGCGAGTCGG-1_V12D07-075_C1,9
AATATCAAGGTCGGAT-1_V12D07-075_C1,18
AATATCGAATCAATGC-1_V12D07-075_C1,10
AATATCGAGGGTTCTC-1_V12D07-075_C1,17
AATCAGACTGCAGGAC-1_V12D07-075_C1,6
AATCATGTAAAGACTC-1_V12D07-075_C1,4
AATCCAAGGGCCTGAG-1_V12D07-075_C1,22
AATCCATGCAAGGGTG-1_V12D07-075_C1,13
AATCGCCTCAGCGCCA-1_V12D07-075_C1,9
AATCGCGCAGAGGACT-1_V12D07-075_C1,5
AATCGGGACACTACGA-1_V12D07-075_C1,13
AATCGGTATAGCCCTC-1_V12D07-075_C1,10
AATCGTGAGCCGAGCA-1_V12D07-075_C1,8
AATCTATGCCGGAGCC-1_V12D07-075_C1,2
AATCTCTACTGTGGTT-1_V12D07-075_C1,10
AATCTGCGTTGGGACG-1_V12D07-075_C1,19
AATGACAGCAATGTCT-1_V12D07-075_C1,17
AATGACGTAGGATGTC-1_V12D07-075_C1,8
AATGACTGTCAGCCGG-1_V12D07-075_C1,9
AATGAGTTCGCATATG-1_V12D07-075_C1,8
AATGATGATACGCTAT-1_V12D07-075_C1,5
AATGATGCGACTCCTG-1_V12D07-075_C1,6
AATGCAACCGGGTACC-1_V12D07-075_C1,14
AATGCACCAAGCAATG-1_V12D07-075_C1,5
AATGGTTCTCACAAGC-1_V12D07-075_C1,14
AATGTTGTCGTGAGAC-1_V12D07-075_C1,4
AATTAAAGGTCGGCGT-1_V12D07-075_C1,9
AATTAACGGATTTCCA-1_V12D07-075_C1,1
AATTACTCGTACGCTC-1_V12D07-075_C1,3
AATTAGCGCTGCAGCG-1_V12D07-075_C1,9
AATTCATAAGGGATCT-1_V12D07-075_C1,5
AATTCCAAGCATGTAC-1_V12D07-075_C1,8
AATTCGATTCGAGGAT-1_V12D07-075_C1,7
AATTCTAGAGTTAGGC-1_V12D07-075_C1,9
AATTGAACGCTCTGGT-1_V12D07-075_C1,4
AATTGCAGCAATCGAC-1_V12D07-075_C1,14
AATTGTGGTTGCCAAA-1_V12D07-075_C1,4
AATTTGGGACATAGTA-1_V12D07-075_C1,5
AATTTGGTTCCAAAGA-1_V12D07-075_C1,6
ACAAAGCATGACCTAG-1_V12D07-075_C1,15
ACAAATCGCACCGAAT-1_V12D07-075_C1,4
ACAAATGGTAGTGTTT-1_V12D07-075_C1,9
ACAAATTCAGATCTGA-1_V12D07-075_C1,5
ACAACAGCATGAGCTA-1_V12D07-075_C1,4
ACAACGGTCCCTGCGA-1_V12D07-075_C1,1
ACAAGCAGTGCCTAGC-1_V12D07-075_C1,3
ACAAGCTATATGGAAG-1_V12D07-075_C1,3
ACAAGGAAATCCGCCC-1_V12D07-075_C1,7
ACAAGGACAAGAGGTT-1_V12D07-075_C1,4
ACAAGGATGCTTTAGG-1_V12D07-075_C1,9
ACAAGGGCAGGCTCTG-1_V12D07-075_C1,7
ACAATCCATTTAAACC-1_V12D07-075_C1,9
ACAATGATTCTTCTAC-1_V12D07-075_C1,20
ACAATTGTGTCTCTTT-1_V12D07-075_C1,9
ACAATTTAGGAGGCTC-1_V12D07-075_C1,4
ACAATTTGAGCAGTGG-1_V12D07-075_C1,10
ACAATTTGGCCATATT-1_V12D07-075_C1,5
ACACAAAGACGGGTGG-1_V12D07-075_C1,9
ACACACCAGGACCAGT-1_V12D07-075_C1,4
ACACACTTTCTACACG-1_V12D07-075_C1,3
ACACATTGACGCAACA-1_V12D07-075_C1,4
ACACCACATAATTAGC-1_V12D07-075_C1,5
ACACCCAGCATGCAGC-1_V12D07-075_C1,6
ACACCCGAGAAATCCG-1_V12D07-075_C1,13
ACACCGAGCGCTCTTT-1_V12D07-075_C1,4
ACACCTTAAGTAGGGC-1_V12D07-075_C1,13
ACACCTTACTACTTGC-1_V12D07-075_C1,4
ACACGAGACTCCTTCT-1_V12D07-075_C1,9
ACACGGCACTATGCAT-1_V12D07-075_C1,1
ACACGGGAACTTAGGG-1_V12D07-075_C1,4
ACACGTAGGCCACAAG-1_V12D07-075_C1,4
ACACTCCAATGTCACT-1_V12D07-075_C1,9
ACACTGATCAAGGTGT-1_V12D07-075_C1,17
ACACTGGGACAGTCGT-1_V12D07-075_C1,8
ACAGATTAGGTTAGTG-1_V12D07-075_C1,6
ACAGCATAGAGCCAGT-1_V12D07-075_C1,6
ACAGCGACATTCTCAT-1_V12D07-075_C1,4
ACAGCGCACCCGCAGC-1_V12D07-075_C1,5
ACAGGCACGGATCCTT-1_V12D07-075_C1,4
ACAGGCTTGCCCGACT-1_V12D07-075_C1,14
ACAGGTGGAGGTGAGG-1_V12D07-075_C1,19
ACAGGTGTGTTGTTGC-1_V12D07-075_C1,10
ACAGTATACCGTGGGA-1_V12D07-075_C1,5
ACATCAGCTGGGACGC-1_V12D07-075_C1,9
ACATCCCGGCCATACG-1_V12D07-075_C1,14
ACATCCTGGTAACTGT-1_V12D07-075_C1,4
ACATCGATCGTTTACC-1_V12D07-075_C1,4
ACATCGGTCAGCCGCG-1_V12D07-075_C1,14
ACATCGTATGCAATGG-1_V12D07-075_C1,4
ACATCGTTAACCTAGT-1_V12D07-075_C1,13
ACATGGCGCCAAAGTA-1_V12D07-075_C1,10
ACATGGCTCAATTTAG-1_V12D07-075_C1,9
ACATTAGTTTATATCC-1_V12D07-075_C1,13
ACCAAACACCCAGCGA-1_V12D07-075_C1,6
ACCAACACCACACACT-1_V12D07-075_C1,6
ACCAACCGCACTCCAC-1_V12D07-075_C1,7
ACCAACGCTTATTTAT-1_V12D07-075_C1,17
ACCAAGAACGCGTGTC-1_V12D07-075_C1,6
ACCAAGTCATCGGCAG-1_V12D07-075_C1,15
ACCAATATGCAAGTTA-1_V12D07-075_C1,18
ACCACAACTCAGAACA-1_V12D07-075_C1,7
ACCACAAGTTTCTATC-1_V12D07-075_C1,14
ACCACCAATGTAACAA-1_V12D07-075_C1,17
ACCACCCTCTCTTCTA-1_V12D07-075_C1,5
ACCACGTGCAGCTATA-1_V12D07-075_C1,7
ACCACTGTTCAAGAAG-1_V12D07-075_C1,4
ACCAGACCATAACAAC-1_V12D07-075_C1,4
ACCAGCCCGGTCTTTG-1_V12D07-075_C1,6
ACCAGTGCCCGGTCAA-1_V12D07-075_C1,5
ACCAGTGCGGGAGACG-1_V12D07-075_C1,4
ACCATATCCGCAATAA-1_V12D07-075_C1,13
ACCATCGTATATGGTA-1_V12D07-075_C1,14
ACCATTAAGGGTGTCA-1_V12D07-075_C1,15
ACCCAACGCCCGTGGC-1_V12D07-075_C1,19
ACCCACCTACATGCTC-1_V12D07-075_C1,9
ACCCATCTTGAGGGTA-1_V12D07-075_C1,7
ACCCATTTGTCCCTCT-1_V12D07-075_C1,8
ACCCGGAAACTCCCAG-1_V12D07-075_C1,7
ACCCGGAGCACCACAA-1_V12D07-075_C1,10
ACCCGGATGACGCATC-1_V12D07-075_C1,17
ACCCGGTTACACTTCC-1_V12D07-075_C1,7
ACCCGTAGTCTAGTTG-1_V12D07-075_C1,15
ACCCGTGTCATCAGTA-1_V12D07-075_C1,7
ACCCTATAGGACTGAG-1_V12D07-075_C1,6
ACCCTATGCCATATCG-1_V12D07-075_C1,19
ACCCTCCCGTCAGGGC-1_V12D07-075_C1,4
ACCCTCCCTTGCTATT-1_V12D07-075_C1,7
ACCCTGGTAACGCCCT-1_V12D07-075_C1,5
ACCCTTCATCTGCGAA-1_V12D07-075_C1,16
ACCCTTTAGTTCTCCA-1_V12D07-075_C1,3
ACCGAAAGGGCCCTGC-1_V12D07-075_C1,22
ACCGACACATCTCCCA-1_V12D07-075_C1,9
ACCGACTGAGTCCCAC-1_V12D07-075_C1,7
ACCGATAGGCATAACC-1_V12D07-075_C1,4
ACCGATATTTAATCAT-1_V12D07-075_C1,6
ACCGATGGTAGCATCG-1_V12D07-075_C1,10
ACCGCAATAACTGCCT-1_V12D07-075_C1,16
ACCGCGGTGGAAGTCG-1_V12D07-075_C1,10
ACCGGGCCTTTGTTGA-1_V12D07-075_C1,15
ACCGTTCCCGCTCTGA-1_V12D07-075_C1,6
ACCTAATCGACTTCCT-1_V12D07-075_C1,3
ACCTACAGTATGTGGT-1_V12D07-075_C1,5
ACCTACTATAAATCTA-1_V12D07-075_C1,9
ACCTCCGCCCTCGCTG-1_V12D07-075_C1,4
ACCTCCGTTATTCACC-1_V12D07-075_C1,5
ACGACCCATGAGTTGC-1_V12D07-075_C1,10
ACGACTCTAGGGCCGA-1_V12D07-075_C1,10
ACGAGAACCCATCACG-1_V12D07-075_C1,6
ACGAGATATTTGCTTA-1_V12D07-075_C1,5
ACGAGTACGGATGCCC-1_V12D07-075_C1,17
ACGATACATAGAACTA-1_V12D07-075_C1,5
ACGATACCTATCCTGA-1_V12D07-075_C1,4
ACGATCATACATAGAG-1_V12D07-075_C1,9
ACGATCATCTTGTAAA-1_V12D07-075_C1,17
ACGATGCATATGTTAT-1_V12D07-075_C1,14
ACGATGGATCCGATGC-1_V12D07-075_C1,6
ACGCAAACTAATAGAT-1_V12D07-075_C1,10
ACGCAATCACTACAGC-1_V12D07-075_C1,5
ACGCATAAATGACATG-1_V12D07-075_C1,5
ACGCATACGTTTACTA-1_V12D07-075_C1,15
ACGCATTCGTGAGTAC-1_V12D07-075_C1,15
ACGCCAGATGATTTCT-1_V12D07-075_C1,6
ACGCCAGTGCGTTTGC-1_V12D07-075_C1,17
ACGCCGCTAGACGACC-1_V12D07-075_C1,9
ACGCGAAGTCAGACGA-1_V12D07-075_C1,7
ACGCGCTACACAGGGT-1_V12D07-075_C1,17
ACGCGGGCCAAGGACA-1_V12D07-075_C1,4
ACGCGTTTCTTAAGAG-1_V12D07-075_C1,4
ACGCTAGTGATACACT-1_V12D07-075_C1,17
ACGCTGTGAGGCGTAG-1_V12D07-075_C1,10
ACGGAATTTAGCAAAT-1_V12D07-075_C1,13
ACGGACTCTCAAAGCG-1_V12D07-075_C1,8
ACGGAGCGCAAATTAC-1_V12D07-075_C1,5
ACGGCACTTGCTTGGG-1_V12D07-075_C1,9
ACGGCCAACATGGACT-1_V12D07-075_C1,18
ACGGCGACGATGGGAA-1_V12D07-075_C1,4
ACGGCGGGTTGCCCTG-1_V12D07-075_C1,6
ACGGGCGTATGCGACA-1_V12D07-075_C1,5
ACGGGTCATGTGACTT-1_V12D07-075_C1,4
ACGGTACAGTTCAATG-1_V12D07-075_C1,9
ACGTACAGATTTCTCT-1_V12D07-075_C1,6
ACGTAGATTGCTGATG-1_V12D07-075_C1,4
ACGTAGGAGAGTCGCT-1_V12D07-075_C1,10
ACGTATTACTCCGATC-1_V12D07-075_C1,4
ACGTGCGCCTCGTGCA-1_V12D07-075_C1,6
ACGTTAATGTCGAAGA-1_V12D07-075_C1,6
ACGTTAGATTTGCCCG-1_V12D07-075_C1,14
ACGTTCCGCGCTCCGT-1_V12D07-075_C1,6
ACGTTCGCAATCAATT-1_V12D07-075_C1,5
ACGTTCGTTCAGGAAA-1_V12D07-075_C1,17
ACGTTCTGTACAAGTC-1_V12D07-075_C1,4
ACGTTTAGTTGTGATC-1_V12D07-075_C1,6
ACTAATACGTCAGGCG-1_V12D07-075_C1,6
ACTACCAGCTCTCTGG-1_V12D07-075_C1,5
ACTACGCGTTAGAATT-1_V12D07-075_C1,16
ACTAGTTGCGATCGTC-1_V12D07-075_C1,8
ACTATATGCTGTGTTC-1_V12D07-075_C1,5
ACTATCGCCGGCTAAA-1_V12D07-075_C1,8
ACTATTTCCGGGCCCA-1_V12D07-075_C1,10
ACTCAACGAATGTATT-1_V12D07-075_C1,6
ACTCAAGTGCAAGGCT-1_V12D07-075_C1,9
ACTCAATAAAGGCACG-1_V12D07-075_C1,7
ACTCAGACCTGCTTCT-1_V12D07-075_C1,22
ACTCCCGAATTCGTTT-1_V12D07-075_C1,6
ACTCCCTAATGCTAAA-1_V12D07-075_C1,4
ACTCCCTAGAATAGTA-1_V12D07-075_C1,9
ACTCCGGCCGACCACT-1_V12D07-075_C1,4
ACTCGATGTATTTCAT-1_V12D07-075_C1,4
ACTCGCCGTTCGATAA-1_V12D07-075_C1,9
ACTCGCGATCTGACGC-1_V12D07-075_C1,5
ACTCGTCAGTAATCCC-1_V12D07-075_C1,4
ACTCTAAACCTGGGAT-1_V12D07-075_C1,9
ACTCTCTGACTTAGGT-1_V12D07-075_C1,9
ACTCTCTTATACACGA-1_V12D07-075_C1,5
ACTCTGACCTAATAGA-1_V12D07-075_C1,8
ACTCTTCAGCTCCCGC-1_V12D07-075_C1,5
ACTCTTGTATAGTAAC-1_V12D07-075_C1,9
ACTGAAACGCCGTTAG-1_V12D07-075_C1,4
ACTGAATGGCGAAAGT-1_V12D07-075_C1,7
ACTGCGGACACACCGT-1_V12D07-075_C1,6
ACTGTACGATACACAT-1_V12D07-075_C1,14
ACTGTAGCACTTTGGA-1_V12D07-075_C1,9
ACTGTATACGCGAGCA-1_V12D07-075_C1,13
ACTGTCCAGGATTATA-1_V12D07-075_C1,9
ACTGTCTTCTTTAGAA-1_V12D07-075_C1,9
ACTTACCGGGCGCGCA-1_V12D07-075_C1,5
ACTTAGTACGACAAGA-1_V12D07-075_C1,6
ACTTATACTTACCCGG-1_V12D07-075_C1,10
ACTTATTAGGATCGGT-1_V12D07-075_C1,4
ACTTATTTATGTGCCA-1_V12D07-075_C1,4
ACTTCAGGCTGATCCC-1_V12D07-075_C1,14
ACTTCCATGCGGGACA-1_V12D07-075_C1,4
ACTTCGCCATACGCAC-1_V12D07-075_C1,4
ACTTCGCTAGCGAGTG-1_V12D07-075_C1,5
ACTTGACTCCCTCTTT-1_V12D07-075_C1,13
ACTTGGGACCCGGTGG-1_V12D07-075_C1,9
ACTTGTGGATGGAACG-1_V12D07-075_C1,8
ACTTTACCCTCATGAA-1_V12D07-075_C1,20
ACTTTCCTATAGCTTC-1_V12D07-075_C1,4
ACTTTGACTGCATCCT-1_V12D07-075_C1,10
ACTTTGTCGACGCACT-1_V12D07-075_C1,17
AGAAATTATGACTCGC-1_V12D07-075_C1,17
AGAACCCAGCGTGACA-1_V12D07-075_C1,5
AGAACGTGGTACATTC-1_V12D07-075_C1,4
AGAAGGTTGCCGAATT-1_V12D07-075_C1,9
AGAAGGTTGTAGGTCG-1_V12D07-075_C1,4
AGAATAAATCTTCAGG-1_V12D07-075_C1,1
AGAATGCGGGTTCGGA-1_V12D07-075_C1,5
AGAATTATGGATTCGA-1_V12D07-075_C1,19
AGAATTGTTTGACATA-1_V12D07-075_C1,4
AGACAGGCATCTCAGC-1_V12D07-075_C1,5
AGACATAGATCCTTCC-1_V12D07-075_C1,2
AGACCATGGGATACAA-1_V12D07-075_C1,9
AGACCCACCGCTGATC-1_V12D07-075_C1,14
AGACCCGCCCTCCTCG-1_V12D07-075_C1,9
AGACCGCTCCGCGGTT-1_V12D07-075_C1,10
AGACGAAGTGCCGGTC-1_V12D07-075_C1,4
AGACGCCCACTTCGCC-1_V12D07-075_C1,15
AGACGGGCCGATTTAA-1_V12D07-075_C1,5
AGACTAGCCTTCCAGA-1_V12D07-075_C1,9
AGACTGTTACCGGGTC-1_V12D07-075_C1,17
AGAGAACCGTCTAGGA-1_V12D07-075_C1,17
AGAGCCGCCGAGATTT-1_V12D07-075_C1,8
AGAGCGGGCTAATCAT-1_V12D07-075_C1,13
AGAGCGTACAAGCTCG-1_V12D07-075_C1,4
AGAGCTACGAAAGCAT-1_V12D07-075_C1,13
AGAGGCTTCGGAAACC-1_V12D07-075_C1,4
AGAGGGACAATTGTCC-1_V12D07-075_C1,5
AGAGTAAACTTCACTA-1_V12D07-075_C1,4
AGAGTATAGTGTTACG-1_V12D07-075_C1,20
AGAGTTAGAGACCGAT-1_V12D07-075_C1,5
AGATAACTTCAGGGCC-1_V12D07-075_C1,13
AGATACCAATAGAACC-1_V12D07-075_C1,4
AGATACCAGCACTTCA-1_V12D07-075_C1,5
AGATACCGGTGTTCAC-1_V12D07-075_C1,9
AGATACGACTTCATAT-1_V12D07-075_C1,4
AGATACTCAAGATCGA-1_V12D07-075_C1,4
AGATATAATACGACTA-1_V12D07-075_C1,4
AGATCGTGCATAAGAT-1_V12D07-075_C1,5
AGATCTCAGGTGTGAT-1_V12D07-075_C1,4
AGATGACTCGCCCACG-1_V12D07-075_C1,20
AGATGAGGGTTGCGAT-1_V12D07-075_C1,5
AGATGATGGAGTCTGG-1_V12D07-075_C1,6
AGATGCTATAACGAGC-1_V12D07-075_C1,4
AGATTATAGGACGTTT-1_V12D07-075_C1,7
AGCAAAGGCCGCTAGT-1_V12D07-075_C1,4
AGCAACATATCTTATT-1_V12D07-075_C1,4
AGCACCAGTACTCACG-1_V12D07-075_C1,21
AGCACTACCTCACCAG-1_V12D07-075_C1,9
AGCACTTAAGGACGCC-1_V12D07-075_C1,13
AGCAGAAGGAGAAAGA-1_V12D07-075_C1,8
AGCAGCCAGATGAATA-1_V12D07-075_C1,9
AGCATATCAATATGCT-1_V12D07-075_C1,7
AGCATCGTCGATAATT-1_V12D07-075_C1,6
AGCATTACGAGGCAAG-1_V12D07-075_C1,7
AGCCAAGCTTTGTGTC-1_V12D07-075_C1,4
AGCCACAGGTTACCCG-1_V12D07-075_C1,8
AGCCACTCCCGTGCTT-1_V12D07-075_C1,6
AGCCATATAGTATGTG-1_V12D07-075_C1,10
AGCCCATACATGTAAG-1_V12D07-075_C1,19
AGCCCGCAACAAGCAG-1_V12D07-075_C1,13
AGCCCGGTAGCCTGTA-1_V12D07-075_C1,10
AGCCCTAAGCGAAGTT-1_V12D07-075_C1,7
AGCCCTGTCGCACCGT-1_V12D07-075_C1,20
AGCCCTTCTAATCCGA-1_V12D07-075_C1,5
AGCCCTTGGACATCCC-1_V12D07-075_C1,4
AGCCGCAAATTCAAAT-1_V12D07-075_C1,1
AGCCGCTTGATTAGCG-1_V12D07-075_C1,8
AGCGACAGGAACGGTC-1_V12D07-075_C1,19
AGCGACATCCCATTCA-1_V12D07-075_C1,13
AGCGACCAACGATATT-1_V12D07-075_C1,13
AGCGATGCGCCTAATA-1_V12D07-075_C1,15
AGCGCATAATGAATCG-1_V12D07-075_C1,9
AGCGCGGGTGCCAATG-1_V12D07-075_C1,10
AGCGCTAGAGCGATGT-1_V12D07-075_C1,5
AGCGCTTATGGGCAAG-1_V12D07-075_C1,20
AGCGGACACTTCGTAG-1_V12D07-075_C1,7
AGCGGGAAGGGTCCAT-1_V12D07-075_C1,13
AGCGGGTCTGACACTC-1_V12D07-075_C1,15
AGCGGTTGCCGCTCTG-1_V12D07-075_C1,5
AGCGTACGAGAGCTAG-1_V12D07-075_C1,5
AGCGTCTGAACCCGCA-1_V12D07-075_C1,6
AGCGTGGTATTCTACT-1_V12D07-075_C1,9
AGCTAAGTACGCAGGC-1_V12D07-075_C1,7
AGCTAGAAGCAGAAGT-1_V12D07-075_C1,5
AGCTATTTAATCCAAC-1_V12D07-075_C1,13
AGCTCCATATATGTTC-1_V12D07-075_C1,8
AGCTCCTTCGCACATC-1_V12D07-075_C1,7
AGCTCTAGACGTTCCA-1_V12D07-075_C1,19
AGCTCTTCCCAGTGCA-1_V12D07-075_C1,6
AGCTCTTTACTCAGTT-1_V12D07-075_C1,10
AGCTGAAGTAAACCAA-1_V12D07-075_C1,6
AGCTTATAGAGACCTG-1_V12D07-075_C1,6
AGCTTCTTCTCGAGCA-1_V12D07-075_C1,4
AGCTTGATCTTAACTT-1_V12D07-075_C1,19
AGGAACGAACGACTTC-1_V12D07-075_C1,4
AGGAAGCTGTCCGCCG-1_V12D07-075_C1,9
AGGACATCGGCACACT-1_V12D07-075_C1,4
AGGACGACCCATTAGA-1_V12D07-075_C1,9
AGGACGCTCGATGTTG-1_V12D07-075_C1,5
AGGACTTATAGGAGAA-1_V12D07-075_C1,8
AGGAGACATCCACAGT-1_V12D07-075_C1,5
AGGAGGCCTTCGCGCG-1_V12D07-075_C1,4
AGGATAAAGTCGGGAT-1_V12D07-075_C1,14
AGGATATAGGGATTTA-1_V12D07-075_C1,15
AGGATATCCGACTGCA-1_V12D07-075_C1,19
AGGATTGCTTACGACA-1_V12D07-075_C1,5
AGGCACGTGACTGTCC-1_V12D07-075_C1,4
AGGCAGATGCGTAAAC-1_V12D07-075_C1,10
AGGCAGGGAGCGTACT-1_V12D07-075_C1,10
AGGCATTGTCGTAGGG-1_V12D07-075_C1,9
AGGCCACATTGGTTAC-1_V12D07-075_C1,5
AGGCCACCCGTTATGA-1_V12D07-075_C1,9
AGGCCCAGTGACTGGT-1_V12D07-075_C1,3
AGGCCTGAGAATCTCG-1_V12D07-075_C1,7
AGGCGATAACTGGCGT-1_V12D07-075_C1,4
AGGCGTCTATGGACGG-1_V12D07-075_C1,6
AGGCTATGGTTAGCTT-1_V12D07-075_C1,9
AGGCTTCCCGAAGAAG-1_V12D07-075_C1,19
AGGCTTGCTAGACACC-1_V12D07-075_C1,7
AGGGAAACGAGGTACT-1_V12D07-075_C1,5
AGGGACCGGCTGCGTT-1_V12D07-075_C1,6
AGGGACTCTACGCGAC-1_V12D07-075_C1,10
AGGGAGACATACTTCG-1_V12D07-075_C1,5
AGGGCAGCGGCGTGGT-1_V12D07-075_C1,6
AGGGCCCTAATGTTCT-1_V12D07-075_C1,15
AGGGCGTGATCGGCTA-1_V12D07-075_C1,16
AGGGCTGCAGTTACAG-1_V12D07-075_C1,1
AGGGTCAGTAACCCTA-1_V12D07-075_C1,2
AGGGTCGATGCGAACT-1_V12D07-075_C1,10
AGGGTCTGGACGCAGT-1_V12D07-075_C1,10
AGGGTGCTCTCGAGGG-1_V12D07-075_C1,19
AGGGTGGATAGTGCAT-1_V12D07-075_C1,4
AGGGTTCCCTTTGGTT-1_V12D07-075_C1,19
AGGGTTTAGTTCGGGA-1_V12D07-075_C1,7
AGGTAACCTCCTATTC-1_V12D07-075_C1,6
AGGTACGATATTGCCA-1_V12D07-075_C1,6
AGGTAGGTACAAAGCT-1_V12D07-075_C1,13
AGGTATAATTGATAGT-1_V12D07-075_C1,4
AGGTATGCGGACATTA-1_V12D07-075_C1,5
AGGTCGCCTCCCAACA-1_V12D07-075_C1,4
AGGTCGCGGAGTTACT-1_V12D07-075_C1,20
AGGTGCACGTCCACAT-1_V12D07-075_C1,4
AGGTGGTGACCTTCGC-1_V12D07-075_C1,7
AGGTGTATCGCCATGA-1_V12D07-075_C1,10
AGGTGTTGCCGACCAC-1_V12D07-075_C1,4
AGGTTACACCATGCCG-1_V12D07-075_C1,20
AGGTTGAGGCACGCTT-1_V12D07-075_C1,5
AGGTTTCACACACCTT-1_V12D07-075_C1,9
AGTAACGTTCATCCTG-1_V12D07-075_C1,5
AGTAACTATAGCAGCC-1_V12D07-075_C1,10
AGTAATGTCTTGCCGC-1_V12D07-075_C1,6
AGTACATCATTTATCA-1_V12D07-075_C1,20
AGTACCTTCGAGTGCT-1_V12D07-075_C1,5
AGTACGGCCCGTATCG-1_V12D07-075_C1,4
AGTACGGGCACCTGGC-1_V12D07-075_C1,5
AGTACGTGGCCTGTCT-1_V12D07-075_C1,5
AGTACTCTTATGCCCA-1_V12D07-075_C1,7
AGTAGAAGGCGCCTCA-1_V12D07-075_C1,4
AGTAGGAAGGAAGTTG-1_V12D07-075_C1,5
AGTAGGTAACATACAT-1_V12D07-075_C1,6
AGTATAATACTAGGCA-1_V12D07-075_C1,4
AGTATACACAGCGACA-1_V12D07-075_C1,14
AGTATTTGGCACGACC-1_V12D07-075_C1,10
AGTCAACACCACCATC-1_V12D07-075_C1,7
AGTCAAGATGACACTT-1_V12D07-075_C1,4
AGTCACTAGCTCTCGA-1_V12D07-075_C1,16
AGTCCATTGGCTGATG-1_V12D07-075_C1,8
AGTCCCTCGCAGAAAG-1_V12D07-075_C1,5
AGTCGACGGTCTCAAG-1_V12D07-075_C1,4
AGTCGGCCCAAACGAC-1_V12D07-075_C1,7
AGTCGGTTGCGTGAGA-1_V12D07-075_C1,5
AGTCGTATAAAGCAGA-1_V12D07-075_C1,7
AGTCGTCGACCACCAA-1_V12D07-075_C1,4
AGTCTAAAGTATACTC-1_V12D07-075_C1,5
AGTCTTCTCCTCAAAT-1_V12D07-075_C1,9
AGTCTTTAAAGTGTCC-1_V12D07-075_C1,4
AGTGAACAAACTTCTC-1_V12D07-075_C1,4
AGTGAAGATGGTGTCC-1_V12D07-075_C1,6
AGTGACCTACTTTACG-1_V12D07-075_C1,4
AGTGAGACTTCCAGTA-1_V12D07-075_C1,4
AGTGAGCCTCGCCGCC-1_V12D07-075_C1,10
AGTGAGGGTTTCTGAC-1_V12D07-075_C1,5
AGTGAGTCGAATTAAC-1_V12D07-075_C1,4
AGTGATAACCTGCGCG-1_V12D07-075_C1,7
AGTGATATGAGTAGTT-1_V12D07-075_C1,7
AGTGATTCAAGCAGGA-1_V12D07-075_C1,4
AGTGCACGCTTAAGAA-1_V12D07-075_C1,4
AGTGCGTAGCTCGTAA-1_V12D07-075_C1,10
AGTGCTAAACACAGCA-1_V12D07-075_C1,15
AGTGCTTGCACGAATA-1_V12D07-075_C1,4
AGTGGCGGCAATTTGA-1_V12D07-075_C1,17
AGTGGCGTCTGAAGGT-1_V12D07-075_C1,4
AGTGGCTCCGTCGGCC-1_V12D07-075_C1,10
AGTGGGAGTATACACG-1_V12D07-075_C1,8
AGTGGTTGCGTATAGG-1_V12D07-075_C1,4
AGTGTATTGCGCATTG-1_V12D07-075_C1,17
AGTGTGCTAAGATCGC-1_V12D07-075_C1,8
AGTGTGGTCTATTGTG-1_V12D07-075_C1,4
AGTTAAACACTTGCGA-1_V12D07-075_C1,4
AGTTAAGCGGTCCCGG-1_V12D07-075_C1,20
AGTTACCCTTAAGACT-1_V12D07-075_C1,13
AGTTACTCTATCGTGG-1_V12D07-075_C1,5
AGTTCACCGGTTGGAC-1_V12D07-075_C1,4
AGTTCCTACAGAATTA-1_V12D07-075_C1,9
AGTTCCTATTTATGTT-1_V12D07-075_C1,4
AGTTGACATCGGCTGG-1_V12D07-075_C1,13
AGTTGACGGTCCTTGC-1_V12D07-075_C1,15
AGTTGCTGACTGATAT-1_V12D07-075_C1,9
AGTTGGCAAGGCTAGA-1_V12D07-075_C1,4
AGTTTATGTAAAGACA-1_V12D07-075_C1,5
AGTTTCGCAGGTCGGA-1_V12D07-075_C1,6
AGTTTGCACCTGCCTC-1_V12D07-075_C1,9
AGTTTGGCACGGGTTG-1_V12D07-075_C1,4
AGTTTGGCCAGACCTA-1_V12D07-075_C1,19
ATAAACGGACCCGTAA-1_V12D07-075_C1,14
ATAAACGTTGCACCAC-1_V12D07-075_C1,4
ATAAAGGCTCGGTCGT-1_V12D07-075_C1,9
ATAAAGGTCAAGTACG-1_V12D07-075_C1,2
ATAAATATTAGCAGCT-1_V12D07-075_C1,4
ATAACGCCGGAGGGTC-1_V12D07-075_C1,4
ATAACGGAGTCCAACG-1_V12D07-075_C1,22
ATAACGTTACCTCCAC-1_V12D07-075_C1,5
ATAAGGTGGAGAACAT-1_V12D07-075_C1,13
ATAAGTACCCGATTGT-1_V12D07-075_C1,6
ATAAGTAGGATTCAGA-1_V12D07-075_C1,17
ATAAGTTACCGCGACG-1_V12D07-075_C1,10
ATAATACCGTTAGCCG-1_V12D07-075_C1,7
ATAATAGCTGTTGAAT-1_V12D07-075_C1,9
ATAATAGTGTAGGGAC-1_V12D07-075_C1,3
ATAATCTTGGAGAACC-1_V12D07-075_C1,4
ATAATTAGCTAAGTAG-1_V12D07-075_C1,15
ATACAGGCCCTCCAAT-1_V12D07-075_C1,3
ATACCACGGGCAACTT-1_V12D07-075_C1,9
ATACCAGGCTAATAGA-1_V12D07-075_C1,6
ATACCGTCATCCATAA-1_V12D07-075_C1,20
ATACCTAACCAAGAAA-1_V12D07-075_C1,1
ATACGAAGGCTTTCCA-1_V12D07-075_C1,5
ATACGCCGGCGAAACC-1_V12D07-075_C1,9
ATACGGGTTTCGATTG-1_V12D07-075_C1,6
ATACGGTGAAGATGCA-1_V12D07-075_C1,10
ATACGTACTTAGCCAC-1_V12D07-075_C1,9
ATACGTCCACTCCTGT-1_V12D07-075_C1,4
ATACGTTATGCACGGA-1_V12D07-075_C1,9
ATACTACCCGTACCAC-1_V12D07-075_C1,7
ATACTAGCATGACCCT-1_V12D07-075_C1,20
ATACTCTCGCCACTCT-1_V12D07-075_C1,6
ATACTGCCTTACACCG-1_V12D07-075_C1,7
ATACTTGTTCTCGAGC-1_V12D07-075_C1,4
ATAGACAACGGGACCT-1_V12D07-075_C1,17
ATAGACGAAGAGAAAG-1_V12D07-075_C1,4
ATAGAGTACTGGGACA-1_V12D07-075_C1,9
ATAGAGTTATCAACTT-1_V12D07-075_C1,10
ATAGCAACTAGGGAAG-1_V12D07-075_C1,9
ATAGCCTCAGTACCCA-1_V12D07-075_C1,4
ATAGCTGCTCTTGTTA-1_V12D07-075_C1,9
ATAGGAATCTAAGCTT-1_V12D07-075_C1,5
ATAGGCGGCTATAGAA-1_V12D07-075_C1,19
ATAGGCTAGCTTCGCA-1_V12D07-075_C1,17
ATAGGGATATCCTTGA-1_V12D07-075_C1,3
ATAGGTTGGGCAGATG-1_V12D07-075_C1,4
ATAGTCTTTGACGTGC-1_V12D07-075_C1,1
ATAGTGAAGCGTTCTC-1_V12D07-075_C1,9
ATAGTTCCACCCACTC-1_V12D07-075_C1,17
ATATAAAGCGCTCGTG-1_V12D07-075_C1,9
ATATAAATGTAGCTGC-1_V12D07-075_C1,9
ATATAACACGGGCGCA-1_V12D07-075_C1,4
ATATACGCTCGTGACG-1_V12D07-075_C1,4
ATATCAACCTACAGAG-1_V12D07-075_C1,6
ATATCGGTAGGGAGAT-1_V12D07-075_C1,7
ATATCGTTCCTCGAAC-1_V12D07-075_C1,4
ATATCTCCCTCGTTAA-1_V12D07-075_C1,5
ATATCTTAGGGCCTTC-1_V12D07-075_C1,4
ATATGGGATAGCAACT-1_V12D07-075_C1,9
ATATGTCTCCCTAGCC-1_V12D07-075_C1,17
ATATGTGCACAAACCA-1_V12D07-075_C1,5
ATATTATCCCGTATTT-1_V12D07-075_C1,4
ATATTCAGTTAAACCT-1_V12D07-075_C1,17
ATATTCCCACAGGTCA-1_V12D07-075_C1,13
ATATTGCTGTCAAAGT-1_V12D07-075_C1,6
ATATTGGAGAGGCCTT-1_V12D07-075_C1,8
ATATTTAACCCTCAAG-1_V12D07-075_C1,14
ATCAAACACTGTTCCA-1_V12D07-075_C1,8
ATCAAACGAAGGTTTG-1_V12D07-075_C1,19
ATCAATCTGGGCTGCA-1_V12D07-075_C1,4
ATCACATTAGAATATC-1_V12D07-075_C1,6
ATCACGTGCTAATTAA-1_V12D07-075_C1,19
ATCACTTCATCCTCGC-1_V12D07-075_C1,5
ATCAGACGGCACGCCG-1_V12D07-075_C1,10
ATCAGCCTCATGCTGC-1_V12D07-075_C1,13
ATCAGGTAGCTGACAG-1_V12D07-075_C1,5
ATCAGGTCGCCATTGC-1_V12D07-075_C1,5
ATCAGTAGGCAGGGAT-1_V12D07-075_C1,5
ATCATAGCCCTATGTA-1_V12D07-075_C1,4
ATCATCCAATATTTGT-1_V12D07-075_C1,4
ATCATGGACTACCGAC-1_V12D07-075_C1,5
ATCCAACGCAGTCATA-1_V12D07-075_C1,4
ATCCAATGGAGGGTCC-1_V12D07-075_C1,19
ATCCAATGGTACCGAA-1_V12D07-075_C1,4
ATCCACATCGACAGAA-1_V12D07-075_C1,4
ATCCACGCTAAATGTT-1_V12D07-075_C1,6
ATCCACTTTCAGACTA-1_V12D07-075_C1,20
ATCCAGAGCAACAACC-1_V12D07-075_C1,10
ATCCAGGATTCGTGAA-1_V12D07-075_C1,14
ATCCCATTTCCGTGGG-1_V12D07-075_C1,4
ATCCGGACCAGCCTGA-1_V12D07-075_C1,4
ATCCTACCTAAGCTCT-1_V12D07-075_C1,4
ATCCTGAATCGCTGCG-1_V12D07-075_C1,10
ATCCTGCGTGGAATGG-1_V12D07-075_C1,10
ATCCTGCTGCAGATAG-1_V12D07-075_C1,13
ATCCTTCTGAAAGAAC-1_V12D07-075_C1,20
ATCGACCCAATACAGA-1_V12D07-075_C1,4
ATCGACTCTTTCCGTT-1_V12D07-075_C1,9
ATCGCACGCCGGGAGA-1_V12D07-075_C1,9
ATCGCCAGTCAACATT-1_V12D07-075_C1,4
ATCGCTGCGTGCAGCA-1_V12D07-075_C1,5
ATCGCTTTACGTCTCA-1_V12D07-075_C1,5
ATCGGAGACAGACGGC-1_V12D07-075_C1,11
ATCGGCAAGCAGTCCA-1_V12D07-075_C1,6
ATCGGTTACCTAGTAA-1_V12D07-075_C1,1
ATCGTATTCCGAGAAC-1_V12D07-075_C1,4
ATCGTCCAATCGAGTC-1_V12D07-075_C1,3
ATCGTTAGCTAGCGGA-1_V12D07-075_C1,4
ATCGTTCACTTTCGCC-1_V12D07-075_C1,5
ATCTAACGTCCCTATG-1_V12D07-075_C1,4
ATCTAATATCCTACGG-1_V12D07-075_C1,14
ATCTACCATCTGCTCC-1_V12D07-075_C1,4
ATCTAGCTTGTGAGGG-1_V12D07-075_C1,4
ATCTCCCACGGAATAT-1_V12D07-075_C1,9
ATCTCCCTGCAATCTA-1_V12D07-075_C1,3
ATCTCGTGAGCGAAAC-1_V12D07-075_C1,5
ATCTGATAGTGTCTTA-1_V12D07-075_C1,4
ATCTGCACCTCTGCGA-1_V12D07-075_C1,19
ATCTGCTGTTATCGCC-1_V12D07-075_C1,4
ATCTGGGCTGTTCTTG-1_V12D07-075_C1,9
ATCTGGTTAAGACTGT-1_V12D07-075_C1,4
ATCTGTAATTGTACCC-1_V12D07-075_C1,6
ATCTTATCGCACACCC-1_V12D07-075_C1,14
ATCTTGACCTGCAACG-1_V12D07-075_C1,2
ATCTTGACTTGTCCAA-1_V12D07-075_C1,6
ATCTTTCGTATAACCA-1_V12D07-075_C1,5
ATGAAGCCAAGGAGCC-1_V12D07-075_C1,9
ATGAAGTGGACCCAGC-1_V12D07-075_C1,4
ATGACGCCGGCTCTAA-1_V12D07-075_C1,4
ATGACTATGCGACATT-1_V12D07-075_C1,4
ATGAGGAGTGTTAATC-1_V12D07-075_C1,4
ATGAGGGCAGCGGCTA-1_V12D07-075_C1,5
ATGATGCAATGGTACA-1_V12D07-075_C1,7
ATGCACTACCGCATTG-1_V12D07-075_C1,2
ATGCATGATCCAGGAT-1_V12D07-075_C1,4
ATGCCAATCGCTCTGC-1_V12D07-075_C1,5
ATGCCATTTGCGACCA-1_V12D07-075_C1,9
ATGCCGGTCTTGCATA-1_V12D07-075_C1,4
ATGCCGGTTGATGGGA-1_V12D07-075_C1,6
ATGCGACAATTGGTCC-1_V12D07-075_C1,17
ATGCGACAGTCCCATT-1_V12D07-075_C1,4
ATGCGAGTCCCACCAC-1_V12D07-075_C1,7
ATGCTCTGGCGCGGTA-1_V12D07-075_C1,4
ATGCTTAGGAGTTGAT-1_V12D07-075_C1,4
ATGGAACCTTTGCACA-1_V12D07-075_C1,6
ATGGAGCAGGCCGTGA-1_V12D07-075_C1,9
ATGGATCCGGCGTCCG-1_V12D07-075_C1,6
ATGGATTGACCAAACG-1_V12D07-075_C1,9
ATGGCAGCCGAGAAAC-1_V12D07-075_C1,16
ATGGCGGAATAGTCGC-1_V12D07-075_C1,5
ATGGCTGGAAATGGCC-1_V12D07-075_C1,6
ATGGGCCTCGGCCTCT-1_V12D07-075_C1,8
ATGGTCGCGTGGTTTC-1_V12D07-075_C1,14
ATGGTTACGAAACATG-1_V12D07-075_C1,6
ATGTAAGGCTGCTCTT-1_V12D07-075_C1,5
ATGTACATGCGGTGAG-1_V12D07-075_C1,4
ATGTACGATGACGTCG-1_V12D07-075_C1,4
ATGTAGCGCGCGTAGG-1_V12D07-075_C1,4
ATGTCATTTCCCATTG-1_V12D07-075_C1,4
ATGTGCATCCGACGCA-1_V12D07-075_C1,7
ATGTGGACATCTTGAT-1_V12D07-075_C1,7
ATGTTACGAGCAATAC-1_V12D07-075_C1,6
ATGTTCCTGCCCACCT-1_V12D07-075_C1,4
ATGTTCGTCGACCCAC-1_V12D07-075_C1,4
ATGTTGATTAGAGACT-1_V12D07-075_C1,4
ATGTTGTAGTCTGTTT-1_V12D07-075_C1,4
ATGTTTCGGCCCGGAG-1_V12D07-075_C1,5
ATTAAACATGCGGACC-1_V12D07-075_C1,4
ATTAACACCTGAGATA-1_V12D07-075_C1,9
ATTAATACTACGCGGG-1_V12D07-075_C1,7
ATTAATGAACCAGTCG-1_V12D07-075_C1,6
ATTAATTCGGTCACTC-1_V12D07-075_C1,6
ATTACAACTACCGGCC-1_V12D07-075_C1,5
ATTACATGTCAGTCTT-1_V12D07-075_C1,8
ATTACCACACTGCCTG-1_V12D07-075_C1,5
ATTACGACTCCACAGT-1_V12D07-075_C1,5
ATTACGCGCTGGCAGG-1_V12D07-075_C1,10
ATTACTTACTGGGCAT-1_V12D07-075_C1,5
ATTAGATTCCTCAGCA-1_V12D07-075_C1,5
ATTAGATTGATAGCGG-1_V12D07-075_C1,5
ATTAGGCGATGCTTTC-1_V12D07-075_C1,10
ATTATACTTTGCTCGT-1_V12D07-075_C1,6
ATTATAGCTACTTTAC-1_V12D07-075_C1,5
ATTATCGGAATGTACG-1_V12D07-075_C1,7
ATTATGCCATAGGGAG-1_V12D07-075_C1,6
ATTATTCAGAGTCACT-1_V12D07-075_C1,4
ATTCAAAGTACCTGTT-1_V12D07-075_C1,4
ATTCAACCATTTAAGG-1_V12D07-075_C1,8
ATTCACTGATGTTGGA-1_V12D07-075_C1,9
ATTCAGGACCTATTTC-1_V12D07-075_C1,5
ATTCAGTAGCAGGGTC-1_V12D07-075_C1,9
ATTCATATACTGTCCA-1_V12D07-075_C1,14
ATTCATCGTTGAGGCA-1_V12D07-075_C1,8
ATTCCCACATAAACAA-1_V12D07-075_C1,3
ATTCCTAAGACGTGGA-1_V12D07-075_C1,5
ATTCCTCCGCCAGTGC-1_V12D07-075_C1,9
ATTCCTTCCAGGCGGT-1_V12D07-075_C1,3
ATTCGACGCCGGGCCT-1_V12D07-075_C1,7
ATTCGCGCCTTGAGAG-1_V12D07-075_C1,1
ATTCTCGTCTCTTTAG-1_V12D07-075_C1,13
ATTCTGAGTATGAACT-1_V12D07-075_C1,5
ATTCTTCGTACTTATG-1_V12D07-075_C1,5
ATTGAAGATCTTAGTG-1_V12D07-075_C1,9
ATTGACCGGCGATGAC-1_V12D07-075_C1,5
ATTGACGTAACTCGGT-1_V12D07-075_C1,6
ATTGATGAGTCCTAAC-1_V12D07-075_C1,17
ATTGCCTTTATGTTTG-1_V12D07-075_C1,4
ATTGCGATCAGTAACT-1_V12D07-075_C1,4
ATTGCTGCTCCTCCAT-1_V12D07-075_C1,9
ATTGGATTACAGCGTA-1_V12D07-075_C1,4
ATTGGGAATATCTTGG-1_V12D07-075_C1,5
ATTGGGAGTTCTGTAA-1_V12D07-075_C1,5
ATTGGTAGGATCCGCT-1_V12D07-075_C1,4
ATTGGTTGTGCATTAC-1_V12D07-075_C1,17
ATTGTACAACTCGGCT-1_V12D07-075_C1,6
ATTGTCGCAATACCTT-1_V12D07-075_C1,6
ATTGTCTGTTTCATGT-1_V12D07-075_C1,18
ATTGTGACTTCGCTGC-1_V12D07-075_C1,5
ATTGTTCAACGATCCG-1_V12D07-075_C1,6
ATTTAACTCGTATTAC-1_V12D07-075_C1,13
ATTTACAGTTTACTGG-1_V12D07-075_C1,3
ATTTACTAAGTCCATT-1_V12D07-075_C1,5
ATTTCATTATTTCGCG-1_V12D07-075_C1,6
ATTTGTCTTGGGAGCT-1_V12D07-075_C1,4
ATTTGTTCCAGGGCTC-1_V12D07-075_C1,6
CAAACCAGGTCTGCAT-1_V12D07-075_C1,4
CAAACCCTCCGGCGGG-1_V12D07-075_C1,17
CAAACGAGTATCGCAG-1_V12D07-075_C1,10
CAAACGGTCGCACTTT-1_V12D07-075_C1,13
CAAACTACGATAGAGA-1_V12D07-075_C1,5
CAAACTATTGAGCTTC-1_V12D07-075_C1,6
CAAACTCGCGACGCCG-1_V12D07-075_C1,17
CAAAGGTCATCTGAAA-1_V12D07-075_C1,5
CAAAGGTTAAATTCAG-1_V12D07-075_C1,6
CAAATGTCCTTCCGTG-1_V12D07-075_C1,13
CAAATTGGATTATGCC-1_V12D07-075_C1,6
CAAATTGTCAGCAAGC-1_V12D07-075_C1,4
CAACACATCTCCTGCC-1_V12D07-075_C1,5
CAACATGGCCTGATAA-1_V12D07-075_C1,4
CAACCAGTGGCCTACC-1_V12D07-075_C1,4
CAACCGCACCTAGACA-1_V12D07-075_C1,4
CAACCTACCGAGCAGT-1_V12D07-075_C1,9
CAACCTGAACCTGCCA-1_V12D07-075_C1,5
CAACGACCCGTTTACA-1_V12D07-075_C1,6
CAACGGTTCTTGATAC-1_V12D07-075_C1,1
CAACGTGGTGGAGTCT-1_V12D07-075_C1,4
CAACTATATCGAATGC-1_V12D07-075_C1,6
CAACTCCGTAACTTGC-1_V12D07-075_C1,5
CAACTCCTTGATCCCG-1_V12D07-075_C1,6
CAACTGCTCATCCGAT-1_V12D07-075_C1,7
CAACTTGTAGTGGGCA-1_V12D07-075_C1,18
CAAGAAACCCTAAACT-1_V12D07-075_C1,20
CAAGACTCAGAAGCGC-1_V12D07-075_C1,6
CAAGAGGGCGGAGTAC-1_V12D07-075_C1,7
CAAGATATTATAACGT-1_V12D07-075_C1,4
CAAGCAACGTCGGAGT-1_V12D07-075_C1,9
CAAGCACCAAATGCCT-1_V12D07-075_C1,20
CAAGCGGCACATAATT-1_V12D07-075_C1,4
CAAGGATCGCATGTTC-1_V12D07-075_C1,5
CAAGGCCAGTGGTGCA-1_V12D07-075_C1,4
CAAGGTCCTATAGGCT-1_V12D07-075_C1,5
CAAGTAAGTGATAGAC-1_V12D07-075_C1,14
CAAGTGAACTTTGGTT-1_V12D07-075_C1,6
CAAGTGTGGTTGCAAA-1_V12D07-075_C1,4
CAATAAACCTTGGCCC-1_V12D07-075_C1,18
CAATACGAGAGTCTGA-1_V12D07-075_C1,5
CAATACGCTCTGAGGC-1_V12D07-075_C1,19
CAATATTCTTGACCTA-1_V12D07-075_C1,19
CAATCCCTATACCAGC-1_V12D07-075_C1,5
CAATGAGGTTCGACTA-1_V12D07-075_C1,5
CAATGGAATCTACATA-1_V12D07-075_C1,6
CAATGGATCTCTACCA-1_V12D07-075_C1,17
CAATGGTCGGCCTGGG-1_V12D07-075_C1,6
CAATGTGCCAACCCTT-1_V12D07-075_C1,6
CAATTAAGGGTGATGA-1_V12D07-075_C1,9
CAATTTCGTATAAGGG-1_V12D07-075_C1,9
CAATTTGACCGGGAAG-1_V12D07-075_C1,2
CACAAGAAAGATATTA-1_V12D07-075_C1,5
CACAATGAGCTGCTAT-1_V12D07-075_C1,9
CACACACGCTAACGAG-1_V12D07-075_C1,4
CACACAGCTTGCGCTC-1_V12D07-075_C1,6
CACACAGGGATAGATT-1_V12D07-075_C1,1
CACACGCGCTGTCTTA-1_V12D07-075_C1,10
CACACTTGTATTGCGA-1_V12D07-075_C1,5
CACAGCACCCACGGCA-1_V12D07-075_C1,13
CACAGCTAGGGAGTGA-1_V12D07-075_C1,6
CACAGGGCCATATAGT-1_V12D07-075_C1,8
CACAGGGCCGTTGTCA-1_V12D07-075_C1,9
CACAGTCCCGCTTCGC-1_V12D07-075_C1,4
CACAGTTCGCTTCCCA-1_V12D07-075_C1,4
CACATATTAGCAGGAT-1_V12D07-075_C1,8
CACATCTCACCGACGA-1_V12D07-075_C1,1
CACATGATTCAGCAAC-1_V12D07-075_C1,9
CACATTCTTTCGATGG-1_V12D07-075_C1,5
CACATTTCTTGTCAGA-1_V12D07-075_C1,19
CACCACGCCACACAGA-1_V12D07-075_C1,4
CACCATCGGAGGAGAC-1_V12D07-075_C1,6
CACCATGATCGCAAAG-1_V12D07-075_C1,20
CACCCAAATCTTATGT-1_V12D07-075_C1,6
CACCCACACGTCACCC-1_V12D07-075_C1,4
CACCCACGAGGCAATT-1_V12D07-075_C1,6
CACCCGGTTTGTGACT-1_V12D07-075_C1,17
CACCCTTTCCTCGCTC-1_V12D07-075_C1,22
CACCGATACACCGAGC-1_V12D07-075_C1,6
CACCGCCAGAAGGTTT-1_V12D07-075_C1,9
CACCGCCGACCAGCGA-1_V12D07-075_C1,6
CACCGCGTCCACTCTA-1_V12D07-075_C1,20
CACCGGAGATATCTCC-1_V12D07-075_C1,5
CACCGTATCCCATCCG-1_V12D07-075_C1,15
CACCGTTAGGGATCAC-1_V12D07-075_C1,17
CACCGTTGCGCGATAT-1_V12D07-075_C1,17
CACCTAATCAGTTTAC-1_V12D07-075_C1,5
CACCTCGATGGTGGAC-1_V12D07-075_C1,6
CACCTTGCGAAACTCG-1_V12D07-075_C1,6
CACCTTGGCGCCTTTG-1_V12D07-075_C1,8
CACGAAAGTTAGTCCC-1_V12D07-075_C1,9
CACGACGTAATAGTAA-1_V12D07-075_C1,5
CACGCACAGCGCAGCT-1_V12D07-075_C1,9
CACGCAGCGAGGCTTT-1_V12D07-075_C1,9
CACGCGGAACTGTTGC-1_V12D07-075_C1,4
CACGGACGTGGATGGC-1_V12D07-075_C1,5
CACGGCGCGCCAAAGG-1_V12D07-075_C1,5
CACGGGATTGAGGGTT-1_V12D07-075_C1,4
CACGTCAATCAATGGA-1_V12D07-075_C1,7
CACGTCGGCAACCTCT-1_V12D07-075_C1,19
CACGTCGGGTTCTAGA-1_V12D07-075_C1,4
CACGTCTATGATGTGG-1_V12D07-075_C1,5
CACGTTCGTGCTCTAG-1_V12D07-075_C1,17
CACGTTTCGTACACAC-1_V12D07-075_C1,4
CACTAAAGTTGCCTAT-1_V12D07-075_C1,9
CACTACGGGAGCTGCC-1_V12D07-075_C1,15
CACTACTCAGTTCTGT-1_V12D07-075_C1,6
CACTCAAGAGCTATGG-1_V12D07-075_C1,4
CACTCAGCTCTTGAGG-1_V12D07-075_C1,6
CACTCCTCTCGGTCGG-1_V12D07-075_C1,5
CACTCGAGCTGAACAA-1_V12D07-075_C1,9
CACTCGGTTAGGAGGA-1_V12D07-075_C1,4
CACTCTTCTGCTAGCC-1_V12D07-075_C1,14
CACTGACGATTGTGGA-1_V12D07-075_C1,4
CACTTAATCAGACGGA-1_V12D07-075_C1,4
CACTTCGTCTTATCTC-1_V12D07-075_C1,9
CAGAACTTAGCCCTCT-1_V12D07-075_C1,6
CAGAATAACACACGGA-1_V12D07-075_C1,4
CAGAATATTCGTTATC-1_V12D07-075_C1,6
CAGACACCGATCGCTG-1_V12D07-075_C1,14
CAGACCTGTAAGTGTT-1_V12D07-075_C1,17
CAGACGAACCTGATAC-1_V12D07-075_C1,14
CAGAGACGGTCACCCA-1_V12D07-075_C1,4
CAGAGCATGAGCTTGC-1_V12D07-075_C1,7
CAGAGCGATGGATGCT-1_V12D07-075_C1,10
CAGAGGCGATGCATGA-1_V12D07-075_C1,17
CAGAGTGATTTAACGT-1_V12D07-075_C1,6
CAGATAATGGGCGGGT-1_V12D07-075_C1,6
CAGATACTAACATAGT-1_V12D07-075_C1,22
CAGATCATTTAAAGTC-1_V12D07-075_C1,5
CAGCAGCCCGTTCCTT-1_V12D07-075_C1,10
CAGCAGTCCAGACTAT-1_V12D07-075_C1,8
CAGCAGTCTGTGCTGC-1_V12D07-075_C1,15
CAGCCGGGCCCTCTAT-1_V12D07-075_C1,5
CAGCCTCCTGCAGAGG-1_V12D07-075_C1,5
CAGCCTCGATAGCGGT-1_V12D07-075_C1,10
CAGCCTCTCCTCAAGA-1_V12D07-075_C1,5
CAGCGATTCCCTTCAA-1_V12D07-075_C1,19
CAGCGCCAACACGATA-1_V12D07-075_C1,4
CAGCTCACTGAGACAT-1_V12D07-075_C1,9
CAGCTCGACAAGTTAA-1_V12D07-075_C1,17
CAGCTTAGTAGGTAGC-1_V12D07-075_C1,9
CAGGAAGACTTTATAT-1_V12D07-075_C1,20
CAGGACAGCTGCCCTT-1_V12D07-075_C1,5
CAGGATATATCGTTGT-1_V12D07-075_C1,7
CAGGCAGTCTTACCAG-1_V12D07-075_C1,7
CAGGCCGTTTGGGTGT-1_V12D07-075_C1,10
CAGGCGCCATGCTAGG-1_V12D07-075_C1,7
CAGTAACTATTTATTG-1_V12D07-075_C1,5
CAGTACATTCTCTAAA-1_V12D07-075_C1,5
CAGTAGATGATGTCCG-1_V12D07-075_C1,4
CAGTAGCCCACGCGGT-1_V12D07-075_C1,5
CAGTCGAGGATGCAAT-1_V12D07-075_C1,6
CAGTCTCTCGGCTAAT-1_V12D07-075_C1,9
CAGTCTGTATACTGGG-1_V12D07-075_C1,13
CAGTGAATAAATGACT-1_V12D07-075_C1,5
CAGTGTCCGCAGAATG-1_V12D07-075_C1,4
CAGTGTCGGCTGGCCC-1_V12D07-075_C1,9
CAGTTCAAATTGACAC-1_V12D07-075_C1,9
CAGTTCGAGGACCCGA-1_V12D07-075_C1,10
CATAACGGACAGTCGT-1_V12D07-075_C1,10
CATAAGAAGCTTGGCT-1_V12D07-075_C1,22
CATAATGAGCGGGCGA-1_V12D07-075_C1,6
CATACAAAGCCGAACC-1_V12D07-075_C1,9
CATACACGGTTCCCAC-1_V12D07-075_C1,9
CATACCCGTACCCAGT-1_V12D07-075_C1,1
CATACGGCGTCTGGGC-1_V12D07-075_C1,4
CATACTATGTAATTGT-1_V12D07-075_C1,1
CATACTTAGGCAATAC-1_V12D07-075_C1,5
CATACTTCTTTCTCCG-1_V12D07-075_C1,9
CATAGAGGAGATACTA-1_V12D07-075_C1,7
CATAGCGTTGCCCACC-1_V12D07-075_C1,19
CATAGTACATTGAGAG-1_V12D07-075_C1,6
CATAGTAGCATAGTAG-1_V12D07-075_C1,6
CATAGTCAAATACATA-1_V12D07-075_C1,4
CATAGTCCACAAGAAC-1_V12D07-075_C1,19
CATAGTGGGCACGCCT-1_V12D07-075_C1,10
CATATACTACTGATAA-1_V12D07-075_C1,5
CATATAGGTACAGTCA-1_V12D07-075_C1,7
CATATTATTTGCCCTA-1_V12D07-075_C1,5
CATCAAACTGGCGCCC-1_V12D07-075_C1,5
CATCAACACCTACTAA-1_V12D07-075_C1,4
CATCATCTACCCGGAC-1_V12D07-075_C1,13
CATCATTACCCTGAGG-1_V12D07-075_C1,4
CATCCCGAGATTCATA-1_V12D07-075_C1,8
CATCCGCAGGCCCGAA-1_V12D07-075_C1,4
CATCCTCTCAAAGATC-1_V12D07-075_C1,8
CATCGGACGGGTTAAT-1_V12D07-075_C1,4
CATCGTCCGGTTACTA-1_V12D07-075_C1,9
CATCTACCCGAGAACG-1_V12D07-075_C1,5
CATCTAGTGAAGGGAA-1_V12D07-075_C1,5
CATCTATCCCGTGTCT-1_V12D07-075_C1,20
CATCTGCAGGATCATT-1_V12D07-075_C1,4
CATGAACCGACATTTG-1_V12D07-075_C1,6
CATGAACCTCTTATCA-1_V12D07-075_C1,6
CATGACTTCGCTGAAT-1_V12D07-075_C1,17
CATGAGATGCACTCTC-1_V12D07-075_C1,7
CATGATCGCTTTGAGA-1_V12D07-075_C1,4
CATGATGCACAATTCT-1_V12D07-075_C1,9
CATGATGGAAGTTAGC-1_V12D07-075_C1,4
CATGCATGGAGACCCT-1_V12D07-075_C1,1
CATGCGACCAGTTTAA-1_V12D07-075_C1,9
CATGCGTTAGACAGAA-1_V12D07-075_C1,6
CATGCTGGCTCCAATT-1_V12D07-075_C1,6
CATGGAAATGGGACCA-1_V12D07-075_C1,5
CATGGATTGTCTTCCG-1_V12D07-075_C1,4
CATGGCAGGAAGATCG-1_V12D07-075_C1,6
CATGGCTCCCTATGTC-1_V12D07-075_C1,4
CATGGGTCGGGTGTGG-1_V12D07-075_C1,5
CATGGTAAGTAGCGTT-1_V12D07-075_C1,4
CATGGTCTAGATACCG-1_V12D07-075_C1,7
CATGGTTTATTAATCA-1_V12D07-075_C1,4
CATGTAAGAGACATTT-1_V12D07-075_C1,4
CATGTAGGAGCGCCAA-1_V12D07-075_C1,5
CATGTCTCATTTATGG-1_V12D07-075_C1,4
CATTACATAGATTGTG-1_V12D07-075_C1,5
CATTACGCAGGAAGGG-1_V12D07-075_C1,10
CATTACGTCGGCCCGT-1_V12D07-075_C1,6
CATTATGCTTGTTGTG-1_V12D07-075_C1,6
CATTCACTGACAGCTA-1_V12D07-075_C1,6
CATTCCCATTCCGTCG-1_V12D07-075_C1,5
CATTCGTCGTAGCGGT-1_V12D07-075_C1,4
CATTGATGAACACGCC-1_V12D07-075_C1,5
CATTGCGAAATGGGCG-1_V12D07-075_C1,14
CATTGCGGGTCAATTC-1_V12D07-075_C1,5
CATTGTGTGCTAGATC-1_V12D07-075_C1,13
CATTTAGCGGACCATG-1_V12D07-075_C1,5
CATTTATCGTTCAAGA-1_V12D07-075_C1,3
CATTTGAGTGGTACGT-1_V12D07-075_C1,10
CCAAACAGAACCCTCG-1_V12D07-075_C1,7
CCAAAGCAGTTGGTTG-1_V12D07-075_C1,9
CCAAATAACAAGATTC-1_V12D07-075_C1,17
CCAACGATGCACTGAT-1_V12D07-075_C1,9
CCAACGCTTGCCAGGG-1_V12D07-075_C1,5
CCAACTTGATAGATCC-1_V12D07-075_C1,6
CCAAGAAAGTGGGCGA-1_V12D07-075_C1,14
CCAAGACTTCTGCGAA-1_V12D07-075_C1,6
CCAAGCGTAACTCGTA-1_V12D07-075_C1,6
CCAAGGTTGCCCTTTC-1_V12D07-075_C1,4
CCAAGTTTCTACAGAT-1_V12D07-075_C1,4
CCAATAGATTTCATCT-1_V12D07-075_C1,4
CCAATAGTGCCGTCGA-1_V12D07-075_C1,9
CCAATCGGTAGATCGA-1_V12D07-075_C1,20
CCAATGTCACAGCAAG-1_V12D07-075_C1,7
CCAATTACGGGTCGAG-1_V12D07-075_C1,5
CCAATTGAATGTTAAT-1_V12D07-075_C1,5
CCACAATGTACGTCTT-1_V12D07-075_C1,19
CCACACTGAGATATTA-1_V12D07-075_C1,14
CCACAGCTGAAATCAT-1_V12D07-075_C1,13
CCACAGTACCCATCCT-1_V12D07-075_C1,8
CCACATACTGCACCCA-1_V12D07-075_C1,6
CCACCAACTTTACTGT-1_V12D07-075_C1,10
CCACCCAAGGAAAGTG-1_V12D07-075_C1,17
CCACCTGTATGGAATA-1_V12D07-075_C1,15
CCACGAATTTAACCTC-1_V12D07-075_C1,1
CCACGAGAAGAGAATC-1_V12D07-075_C1,6
CCACGGTGCCCGGTAG-1_V12D07-075_C1,5
CCACGTAAATTAGACT-1_V12D07-075_C1,5
CCACTATCCGGGTCAC-1_V12D07-075_C1,20
CCACTGGTGGCTGGTT-1_V12D07-075_C1,10
CCACTGTTTGGATTAA-1_V12D07-075_C1,13
CCAGAAACTGATGCGA-1_V12D07-075_C1,10
CCAGAAAGCAACTCAT-1_V12D07-075_C1,17
CCAGAGACAAAGCCGG-1_V12D07-075_C1,4
CCAGATAGTTGAGTGA-1_V12D07-075_C1,17
CCAGCCTGGACCAATA-1_V12D07-075_C1,9
CCAGCGGGATCACCAG-1_V12D07-075_C1,5
CCAGCTACGCCTCATA-1_V12D07-075_C1,13
CCAGCTCGAACGCATT-1_V12D07-075_C1,7
CCAGCTGATGGTACTT-1_V12D07-075_C1,4
CCAGCTTCCGCCCGCA-1_V12D07-075_C1,6
CCAGGCTGGCGTCTGA-1_V12D07-075_C1,17
CCAGGGACGTGGCCTC-1_V12D07-075_C1,4
CCAGTAGTCTGATCCA-1_V12D07-075_C1,10
CCAGTCTAGACGGCGC-1_V12D07-075_C1,5
CCAGTCTTGTCATAGA-1_V12D07-075_C1,9
CCATAAACAACCCGAC-1_V12D07-075_C1,6
CCATACTCGCCTCTCC-1_V12D07-075_C1,4
CCATAGGTTGGCGTGG-1_V12D07-075_C1,20
CCATAGTCAGTAACCC-1_V12D07-075_C1,4
CCATATGGAAACTATA-1_V12D07-075_C1,4
CCATATTGGATCATGA-1_V12D07-075_C1,4
CCATCCATACCAAGTC-1_V12D07-075_C1,6
CCATCGCAGTTAAACT-1_V12D07-075_C1,9
CCATCTCACCAGTGAA-1_V12D07-075_C1,10
CCATCTTGTTCACAAT-1_V12D07-075_C1,6
CCATGCCCTAGATTTC-1_V12D07-075_C1,8
CCATGCCTGTTTAGTA-1_V12D07-075_C1,9
CCATGCTCTGCAGGAA-1_V12D07-075_C1,9
CCATGGCCCTTGTACC-1_V12D07-075_C1,4
CCATTAGCGATAATCC-1_V12D07-075_C1,16
CCATTCCCTGCCCACA-1_V12D07-075_C1,4
CCATTGTTTCCTCCAT-1_V12D07-075_C1,6
CCATTTCTACCTATTA-1_V12D07-075_C1,9
CCCAAACATGCTGCTC-1_V12D07-075_C1,10
CCCAACATACGTCGCG-1_V12D07-075_C1,10
CCCAACCACACTAACA-1_V12D07-075_C1,13
CCCAAGTCATTACACT-1_V12D07-075_C1,4
CCCAATTTCACAACTT-1_V12D07-075_C1,10
CCCAGAGGAGGGCGTA-1_V12D07-075_C1,5
CCCAGGTCTGAAGGCT-1_V12D07-075_C1,7
CCCAGTTAAGGCGCCG-1_V12D07-075_C1,5
CCCATATAGGTCGATT-1_V12D07-075_C1,2
CCCGACCATAGTCCGC-1_V12D07-075_C1,5
CCCGAGTTTCTCCGTA-1_V12D07-075_C1,10
CCCGATAGCCTCGCCT-1_V12D07-075_C1,5
CCCGCAGCGCGAACTA-1_V12D07-075_C1,7
CCCGCAGGGCCCAAAG-1_V12D07-075_C1,5
CCCGCCATGCTCCCGT-1_V12D07-075_C1,6
CCCGGCTAGGTGAGAA-1_V12D07-075_C1,7
CCCGGGTCGTTCAGGG-1_V12D07-075_C1,4
CCCGGTGGAAGAACCT-1_V12D07-075_C1,9
CCCGTAAGTCTAGGCC-1_V12D07-075_C1,19
CCCGTAGCTGGGAAGA-1_V12D07-075_C1,10
CCCGTCAGCGTCTGAC-1_V12D07-075_C1,5
CCCGTTTCGCAGATGT-1_V12D07-075_C1,4
CCCTACTTGAACAATG-1_V12D07-075_C1,7
CCCTAGTGTCAGGTGT-1_V12D07-075_C1,6
CCCTCAAGCTCTTAGT-1_V12D07-075_C1,13
CCCTCATTCTGGAATT-1_V12D07-075_C1,6
CCCTCCTCGCTCGTAT-1_V12D07-075_C1,4
CCCTGAAATGAGTTGA-1_V12D07-075_C1,9
CCCTGACTAACAAATT-1_V12D07-075_C1,10
CCCTGATGTAACTCGT-1_V12D07-075_C1,4
CCCTGCGCTACGCATA-1_V12D07-075_C1,24
CCCTGGTATGGGCGGC-1_V12D07-075_C1,7
CCCTGTTGGCAAAGAC-1_V12D07-075_C1,13
CCCTTTAATGGAGTTC-1_V12D07-075_C1,8
CCCTTTGACAGGTCTT-1_V12D07-075_C1,7
CCGAACCTTCCCGGCC-1_V12D07-075_C1,7
CCGAAGGGCGTACCGC-1_V12D07-075_C1,5
CCGAAGTATATTGTTC-1_V12D07-075_C1,3
CCGACAAACACATGAG-1_V12D07-075_C1,2
CCGACAAAGGGAGTGC-1_V12D07-075_C1,4
CCGACAATAGGCCGCC-1_V12D07-075_C1,15
CCGACGTAAACACAAC-1_V12D07-075_C1,5
CCGACTCGCATAGTCT-1_V12D07-075_C1,6
CCGAGCTGTGCTTGTC-1_V12D07-075_C1,5
CCGAGGGATGTTAGGC-1_V12D07-075_C1,13
CCGATATGACGTAAGG-1_V12D07-075_C1,6
CCGATCTCAACCTTAT-1_V12D07-075_C1,17
CCGATTCGAGGGACCC-1_V12D07-075_C1,10
CCGCACAAAGACCAAC-1_V12D07-075_C1,4
CCGCACACGAACGTGT-1_V12D07-075_C1,5
CCGCACGTGACCTCGG-1_V12D07-075_C1,7
CCGCACTTGCAATGAC-1_V12D07-075_C1,8
CCGCATGTGGTACGAT-1_V12D07-075_C1,9
CCGCCGGTCAACACAC-1_V12D07-075_C1,13
CCGCCGTTGAGGATAA-1_V12D07-075_C1,5
CCGCCTGCGAATTGGT-1_V12D07-075_C1,20
CCGCGATTTGGTAGGT-1_V12D07-075_C1,10
CCGCGGAATGCGTCAC-1_V12D07-075_C1,19
CCGCTATCAGCACCAG-1_V12D07-075_C1,4
CCGCTCTTCCGAACTA-1_V12D07-075_C1,4
CCGCTGGTGCCATTCA-1_V12D07-075_C1,6
CCGCTTACCTCACTCT-1_V12D07-075_C1,19
CCGCTTGCTGACATGG-1_V12D07-075_C1,5
CCGGAAGTTATCAGTC-1_V12D07-075_C1,5
CCGGAATGGTTTCAGT-1_V12D07-075_C1,6
CCGGAGCGTACTTTCT-1_V12D07-075_C1,14
CCGGAGGTCTTATGGT-1_V12D07-075_C1,5
CCGGCACGACCGTTTC-1_V12D07-075_C1,20
CCGGCGCATATTGGAT-1_V12D07-075_C1,6
CCGGGACCCGCAGAGA-1_V12D07-075_C1,6
CCGGGCGGTCTCGTCA-1_V12D07-075_C1,4
CCGGGCTGCTCCATAC-1_V12D07-075_C1,4
CCGGGTTCGAGGTTAC-1_V12D07-075_C1,9
CCGGTAATGGCTAGTC-1_V12D07-075_C1,5
CCGGTGCGAGTGATAG-1_V12D07-075_C1,4
CCGGTTTGTAATTGTG-1_V12D07-075_C1,19
CCGTAAGTTGGTCCCA-1_V12D07-075_C1,10
CCGTACCCAAGCGCCA-1_V12D07-075_C1,6
CCGTAGGAAATCCCTG-1_V12D07-075_C1,4
CCGTAGGGTTGTTTAC-1_V12D07-075_C1,4
CCGTATTAGCGCAGTT-1_V12D07-075_C1,5
CCGTGAGGCATTCATG-1_V12D07-075_C1,6
CCGTGCCCATGACGGC-1_V12D07-075_C1,6
CCGTGGAACGATCCAA-1_V12D07-075_C1,5
CCGTGTTAAATTCCAT-1_V12D07-075_C1,19
CCGTTACGTTAGAACA-1_V12D07-075_C1,5
CCGTTCCGAATCTCGG-1_V12D07-075_C1,10
CCTAAAGGCTGACGCT-1_V12D07-075_C1,20
CCTAAATTAACGGTTC-1_V12D07-075_C1,9
CCTAAATTGTATCCTA-1_V12D07-075_C1,10
CCTAACCCAAACAAGT-1_V12D07-075_C1,8
CCTAACTAAGGCTCTA-1_V12D07-075_C1,5
CCTACAAGTCCGGAAT-1_V12D07-075_C1,6
CCTACTCAACACGATT-1_V12D07-075_C1,10
CCTACTGCTTACACTT-1_V12D07-075_C1,13
CCTAGGCGTAGCGATC-1_V12D07-075_C1,7
CCTATAATGAGTGCCC-1_V12D07-075_C1,8
CCTATACCGTCCTGTC-1_V12D07-075_C1,19
CCTATATTTGTCCTGG-1_V12D07-075_C1,14
CCTATCTATATCGGAA-1_V12D07-075_C1,6
CCTATGAAGTGGTGCC-1_V12D07-075_C1,5
CCTATGGGTTACCGTC-1_V12D07-075_C1,10
CCTATGGTCAAAGCTG-1_V12D07-075_C1,7
CCTATGTCCACTCCAC-1_V12D07-075_C1,7
CCTCACCAATCTTGAC-1_V12D07-075_C1,7
CCTCACCTGAGGGAGC-1_V12D07-075_C1,19
CCTCACCTTAGCATCG-1_V12D07-075_C1,17
CCTCACGTCAGCTAAT-1_V12D07-075_C1,4
CCTCATGCAGCTACGA-1_V12D07-075_C1,6
CCTCCCGACAATCCCT-1_V12D07-075_C1,6
CCTCCGACAATTCAAG-1_V12D07-075_C1,9
CCTCCTGAGCCCACAT-1_V12D07-075_C1,1
CCTCCTGTTGTGTCGT-1_V12D07-075_C1,4
CCTCGAAGTGGACGGG-1_V12D07-075_C1,6
CCTCGCCAGCAAATTA-1_V12D07-075_C1,20
CCTCGCGCGATATAGG-1_V12D07-075_C1,17
CCTCGCGCTGTGCGAT-1_V12D07-075_C1,14
CCTCGGACCGGGATAG-1_V12D07-075_C1,7
CCTCGGATGCTACCTG-1_V12D07-075_C1,4
CCTCGTTACGCCTGTT-1_V12D07-075_C1,2
CCTCTAATCTGCCAAG-1_V12D07-075_C1,5
CCTCTCTCCCATCTAG-1_V12D07-075_C1,6
CCTCTGGCCTAGACGG-1_V12D07-075_C1,6
CCTCTGTACTATTCTA-1_V12D07-075_C1,14
CCTGAACGATATATTC-1_V12D07-075_C1,4
CCTGAATATTTACATA-1_V12D07-075_C1,9
CCTGACAAACTCGCGC-1_V12D07-075_C1,7
CCTGACCACCGATGGT-1_V12D07-075_C1,13
CCTGCCCGTTGTCTAG-1_V12D07-075_C1,4
CCTGCGATAGAACTGT-1_V12D07-075_C1,13
CCTGCGTTCTACGCTT-1_V12D07-075_C1,4
CCTGCTATTTGAGAAG-1_V12D07-075_C1,13
CCTGGAAACGTTCTGC-1_V12D07-075_C1,5
CCTGGCTAGACCCGCC-1_V12D07-075_C1,9
CCTGGTCGAATGTGGG-1_V12D07-075_C1,9
CCTGTAAGACATGATA-1_V12D07-075_C1,9
CCTGTACTCACGCCCA-1_V12D07-075_C1,10
CCTGTCACCCGGGCTC-1_V12D07-075_C1,4
CCTGTCCCTCACGTTA-1_V12D07-075_C1,5
CCTGTCGCCCGTAAAT-1_V12D07-075_C1,7
CCTGTGAAACCGTAAC-1_V12D07-075_C1,8
CCTGTTTGAAGACACG-1_V12D07-075_C1,4
CCTTCAGTTAAAGTGA-1_V12D07-075_C1,17
CCTTCGTATAGAATCC-1_V12D07-075_C1,4
CCTTCTTGATCCAGTG-1_V12D07-075_C1,6
CCTTGACCACTTTATT-1_V12D07-075_C1,4
CCTTTAAGGGAGCACT-1_V12D07-075_C1,10
CCTTTCAATGAAGAAA-1_V12D07-075_C1,27
CGAAACATAGATGGCA-1_V12D07-075_C1,4
CGAAACGCAATTCATG-1_V12D07-075_C1,17
CGAACAGTATGGGCGT-1_V12D07-075_C1,18
CGAACATAGTCAGAAA-1_V12D07-075_C1,20
CGAACCCGCATGCGTC-1_V12D07-075_C1,10
CGAACGCCCAGTGCCG-1_V12D07-075_C1,13
CGAAGACGGTGAGTGC-1_V12D07-075_C1,4
CGAAGCTATAAATTCA-1_V12D07-075_C1,5
CGAAGTTGCTCTGTGT-1_V12D07-075_C1,14
CGAATGACGCATAATG-1_V12D07-075_C1,14
CGAATTCCCGGTTCAA-1_V12D07-075_C1,4
CGACAATTTGATCTAA-1_V12D07-075_C1,4
CGACACCGCTTAAGGA-1_V12D07-075_C1,22
CGACACGCTCCGACAG-1_V12D07-075_C1,15
CGACAGTTCGCGTTAT-1_V12D07-075_C1,9
CGACATGCGATCTTCT-1_V12D07-075_C1,6
CGACTCAGGATGTTAT-1_V12D07-075_C1,5
CGACTTTGTATAGCCT-1_V12D07-075_C1,6
CGAGACCCTAGAGTGT-1_V12D07-075_C1,7
CGAGACTACTGCTGCT-1_V12D07-075_C1,10
CGAGAGATGTGAACCT-1_V12D07-075_C1,18
CGAGAGCTTTCACTAC-1_V12D07-075_C1,15
CGAGAGGGTAGCCGCG-1_V12D07-075_C1,4
CGAGATTTCGCTCGGG-1_V12D07-075_C1,5
CGAGCACTTCAAGTTT-1_V12D07-075_C1,9
CGAGCCGAGCACTCGA-1_V12D07-075_C1,4
CGAGCGTTGATCAGCC-1_V12D07-075_C1,6
CGAGCTGGGCTTTAGG-1_V12D07-075_C1,6
CGAGGAGCTTCCATAT-1_V12D07-075_C1,5
CGAGGATCGGGAACGA-1_V12D07-075_C1,5
CGAGGCCAGGCATTGG-1_V12D07-075_C1,4
CGAGGCTAAATATGGC-1_V12D07-075_C1,16
CGAGGGACTGCGGTCG-1_V12D07-075_C1,9
CGAGGGTATCCAGGTG-1_V12D07-075_C1,4
CGAGTACTAAAGAGGA-1_V12D07-075_C1,19
CGAGTGCTATAGTTCG-1_V12D07-075_C1,13
CGAGTTCTGTCCCACC-1_V12D07-075_C1,19
CGAGTTTATCGGACTG-1_V12D07-075_C1,15
CGATAATACTCAGGTT-1_V12D07-075_C1,5
CGATACCTCGCGGACA-1_V12D07-075_C1,9
CGATAGTCGTACTGCA-1_V12D07-075_C1,16
CGATATTAGCCGCAGG-1_V12D07-075_C1,6
CGATCCGACCCAGTGC-1_V12D07-075_C1,7
CGATGGACCCTACGCC-1_V12D07-075_C1,4
CGATTAAATATCTCCT-1_V12D07-075_C1,14
CGATTCGCCTGGCTGC-1_V12D07-075_C1,3
CGCAAACACGAGTTAC-1_V12D07-075_C1,13
CGCAATCGATCATTAG-1_V12D07-075_C1,4
CGCAATTACTTTCGGT-1_V12D07-075_C1,9
CGCAATTAGGGTAATA-1_V12D07-075_C1,9
CGCACATGTCCACTAC-1_V12D07-075_C1,10
CGCACGTGCGCTATCA-1_V12D07-075_C1,10
CGCAGAAACATTTGCG-1_V12D07-075_C1,3
CGCAGATCTTCACCCG-1_V12D07-075_C1,5
CGCAGGCGATCCAAAC-1_V12D07-075_C1,4
CGCATCATGGCTTCAG-1_V12D07-075_C1,5
CGCATCCATCAGCCAG-1_V12D07-075_C1,5
CGCATGCCGAATGCGT-1_V12D07-075_C1,2
CGCATGGTGCGATGCT-1_V12D07-075_C1,9
CGCATTAGCTAATAGG-1_V12D07-075_C1,9
CGCCAAGAAGCCGAGT-1_V12D07-075_C1,19
CGCCAATTATTGCGTT-1_V12D07-075_C1,8
CGCCACCCGCATTAAC-1_V12D07-075_C1,13
CGCCATCCGATTATGA-1_V12D07-075_C1,6
CGCCCAGCACGCCTAG-1_V12D07-075_C1,10
CGCCCAGCGTTTCACG-1_V12D07-075_C1,4
CGCCCGCTTCCGTACA-1_V12D07-075_C1,20
CGCCCTTGAAGGCTGA-1_V12D07-075_C1,9
CGCCGACTATTCGCTA-1_V12D07-075_C1,4
CGCCGCCCATGCCTGT-1_V12D07-075_C1,4
CGCCGTCTACCCATCG-1_V12D07-075_C1,5
CGCCGTTCAGCATAGT-1_V12D07-075_C1,8
CGCCTCCCTCCTCTAT-1_V12D07-075_C1,4
CGCCTGGCCTACGTAA-1_V12D07-075_C1,19
CGCCTTTAGCATGCTC-1_V12D07-075_C1,5
CGCGAAGTGGCATACT-1_V12D07-075_C1,4
CGCGACACTGCGCAGC-1_V12D07-075_C1,13
CGCGACCGCGACAGAT-1_V12D07-075_C1,14
CGCGAGAGGGACTTGT-1_V12D07-075_C1,5
CGCGCATGTTTGATTG-1_V12D07-075_C1,14
CGCGCCCGACTTAATA-1_V12D07-075_C1,5
CGCGGCAGTATTACGG-1_V12D07-075_C1,4
CGCGGCTCAACTTGAA-1_V12D07-075_C1,4
CGCGGGAATTAGGCAG-1_V12D07-075_C1,17
CGCGGTAAGTCTAGCT-1_V12D07-075_C1,5
CGCGGTACGGTATACA-1_V12D07-075_C1,10
CGCGGTCACAAACCAA-1_V12D07-075_C1,5
CGCGTACATTCTGGAA-1_V12D07-075_C1,20
CGCGTTCATGAAATAC-1_V12D07-075_C1,14
CGCTACGGGACATTTA-1_V12D07-075_C1,14
CGCTAGAGACCGCTGC-1_V12D07-075_C1,10
CGCTATACCGCCCACT-1_V12D07-075_C1,6
CGCTATTCTTAGGCTC-1_V12D07-075_C1,4
CGCTCGACATAATGAT-1_V12D07-075_C1,22
CGCTCTCCGTAGATTA-1_V12D07-075_C1,7
CGCTGGTGACTACCCT-1_V12D07-075_C1,4
CGCTGTGACGCCGCAC-1_V12D07-075_C1,9
CGCTGTGTGGATGTTG-1_V12D07-075_C1,19
CGCTTAGTATTGATAC-1_V12D07-075_C1,7
CGCTTATTCCCGGTCG-1_V12D07-075_C1,19
CGCTTCCACTGAAATC-1_V12D07-075_C1,7
CGCTTCGGTCTAAGAC-1_V12D07-075_C1,4
CGCTTGGACGGATAGA-1_V12D07-075_C1,10
CGCTTTCATACCGGTG-1_V12D07-075_C1,6
CGCTTTCTTGCATTCG-1_V12D07-075_C1,19
CGGAAAGAATCAAACG-1_V12D07-075_C1,17
CGGAAAGCAAATGTGC-1_V12D07-075_C1,4
CGGAACGTAAACATAG-1_V12D07-075_C1,17
CGGAGCAATTTAATCG-1_V12D07-075_C1,14
CGGAGCATGGCGATCC-1_V12D07-075_C1,13
CGGAGCTTATAACACC-1_V12D07-075_C1,5
CGGAGTTTGAGAGACA-1_V12D07-075_C1,7
CGGATAAGCGGACATG-1_V12D07-075_C1,4
CGGATCCTCAAGGACT-1_V12D07-075_C1,7
CGGCAAACATCGTGCG-1_V12D07-075_C1,9
CGGCAATAAGATCGCC-1_V12D07-075_C1,4
CGGCACCGTTAGCGCC-1_V12D07-075_C1,5
CGGCACTCAAGAAAGT-1_V12D07-075_C1,9
CGGCAGGGTCGGGTTG-1_V12D07-075_C1,19
CGGCCACGCACAAAGT-1_V12D07-075_C1,8
CGGCCAGAGCGACCAT-1_V12D07-075_C1,9
CGGCCCAACCTGTAGT-1_V12D07-075_C1,5
CGGCCCAGGTATATCC-1_V12D07-075_C1,4
CGGCGCCATCAATCCC-1_V12D07-075_C1,4
CGGCTCTAAAGCTGCA-1_V12D07-075_C1,17
CGGCTCTTCGTCGAAC-1_V12D07-075_C1,2
CGGCTTTGTATGATAA-1_V12D07-075_C1,6
CGGGAATATAGTATAC-1_V12D07-075_C1,4
CGGGAATTTATGTAAA-1_V12D07-075_C1,4
CGGGAGCTTCAGTGTA-1_V12D07-075_C1,7
CGGGAGTATACCGCCG-1_V12D07-075_C1,4
CGGGATCAATGTAAGA-1_V12D07-075_C1,22
CGGGCAGCTAAACCGC-1_V12D07-075_C1,9
CGGGCCATAGCCGCAC-1_V12D07-075_C1,13
CGGGCCTTCTTTGTAA-1_V12D07-075_C1,4
CGGGCGATGGATCACG-1_V12D07-075_C1,4
CGGGTGTACCCATTTA-1_V12D07-075_C1,10
CGGGTTCGGCACGTAT-1_V12D07-075_C1,5
CGGGTTTGTTAGGGCT-1_V12D07-075_C1,4
CGGTAGAGGTGCAGGT-1_V12D07-075_C1,5
CGGTATAGGTATTAGC-1_V12D07-075_C1,5
CGGTCAAGTGGGAACC-1_V12D07-075_C1,18
CGGTCAGTCCATATTT-1_V12D07-075_C1,10
CGGTCCATGAGACTCC-1_V12D07-075_C1,20
CGGTCCGTCGCAAGCC-1_V12D07-075_C1,14
CGGTCTATCAACCCGT-1_V12D07-075_C1,6
CGGTGAAGACTAAAGT-1_V12D07-075_C1,3
CGGTGCAGATAGAACG-1_V12D07-075_C1,14
CGGTGCGCGTTGGTCC-1_V12D07-075_C1,19
CGGTGGGCTCCAGCCT-1_V12D07-075_C1,2
CGGTGTACTTGATCCC-1_V12D07-075_C1,1
CGGTTATCCAACAGTG-1_V12D07-075_C1,17
CGGTTCAAGTAGGTGT-1_V12D07-075_C1,6
CGGTTCCGGCTTCTTG-1_V12D07-075_C1,13
CGGTTGACCTGGCATA-1_V12D07-075_C1,10
CGGTTGGGTTCAAGTT-1_V12D07-075_C1,20
CGGTTTATGAAGGAAC-1_V12D07-075_C1,5
CGTAACTTCGACACTT-1_V12D07-075_C1,10
CGTAATAATTACGAGT-1_V12D07-075_C1,4
CGTACCGAAAGTCTAG-1_V12D07-075_C1,13
CGTACCTGATAGGCCT-1_V12D07-075_C1,14
CGTAGCGAATTGTCAG-1_V12D07-075_C1,13
CGTAGCGCCGACGTTG-1_V12D07-075_C1,6
CGTATCTAGAACTAAG-1_V12D07-075_C1,4
CGTATTAAGAGATCTA-1_V12D07-075_C1,9
CGTCAAGGCTATAAAT-1_V12D07-075_C1,4
CGTCAATCTTTAACAT-1_V12D07-075_C1,4
CGTCACGTCCATTGGT-1_V12D07-075_C1,4
CGTCAGCTATTTACTC-1_V12D07-075_C1,9
CGTCAGTGCGCACAAG-1_V12D07-075_C1,4
CGTCCAGATGGCTCCA-1_V12D07-075_C1,15
CGTCCTCATCGCGTGC-1_V12D07-075_C1,10
CGTCGCATGTGAGCCA-1_V12D07-075_C1,4
CGTCGGATAGTGTTGA-1_V12D07-075_C1,19
CGTCGTCCTTCGCGAA-1_V12D07-075_C1,4
CGTCTGGAAGGGCCCG-1_V12D07-075_C1,13
CGTCTTGAGTGTGACG-1_V12D07-075_C1,20
CGTGAAGTTAATTCAC-1_V12D07-075_C1,4
CGTGACATTGGGTCGT-1_V12D07-075_C1,6
CGTGACCAGTCCTCTG-1_V12D07-075_C1,7
CGTGCAGACTGGGACA-1_V12D07-075_C1,9
CGTGCATTGTCGACGC-1_V12D07-075_C1,10
CGTGCCCTCCCGAAGA-1_V12D07-075_C1,9
CGTGCTGGCCTAGTCG-1_V12D07-075_C1,6
CGTGGAAGCCTCGTAC-1_V12D07-075_C1,5
CGTGGCCGAATATCTA-1_V12D07-075_C1,4
CGTGTATGGGAGCTGA-1_V12D07-075_C1,4
CGTGTCCCATTCGCGA-1_V12D07-075_C1,7
CGTGTGTTAAACCCTG-1_V12D07-075_C1,5
CGTTAAACTAGTTAGG-1_V12D07-075_C1,17
CGTTAATGTCCCGACG-1_V12D07-075_C1,9
CGTTAGCTCACAACTG-1_V12D07-075_C1,6
CGTTCAGACCCGCGAA-1_V12D07-075_C1,15
CGTTCTTCGCACACCT-1_V12D07-075_C1,20
CGTTGAATACCGCGCT-1_V12D07-075_C1,9
CGTTGAGCGACCGTCG-1_V12D07-075_C1,4
CGTTGAGTAATTGCGT-1_V12D07-075_C1,5
CGTTGCCCGCGTGGGA-1_V12D07-075_C1,10
CGTTGTAAGATTGATT-1_V12D07-075_C1,22
CGTTGTCGGCAATTGA-1_V12D07-075_C1,8
CGTTGTTTCAATTCCC-1_V12D07-075_C1,9
CGTTTAAGCGGAGCAC-1_V12D07-075_C1,13
CGTTTACAAGGCAGCT-1_V12D07-075_C1,5
CGTTTCACTTCGGGCG-1_V12D07-075_C1,5
CGTTTCGCTCATTACA-1_V12D07-075_C1,9
CGTTTGGTGTTGTGGG-1_V12D07-075_C1,4
CGTTTGTGTAGAGGGT-1_V12D07-075_C1,19
CTAAAGAATGCCTACT-1_V12D07-075_C1,9
CTAAAGGGAAATAGGA-1_V12D07-075_C1,4
CTAAATCCTATTCCGG-1_V12D07-075_C1,10
CTAACCGCGCGCCCGT-1_V12D07-075_C1,7
CTAACGAAACTTGCTG-1_V12D07-075_C1,19
CTAACTGATAATCGCC-1_V12D07-075_C1,15
CTAACTGGTCCGGTTC-1_V12D07-075_C1,19
CTAAGGGAATGATTGG-1_V12D07-075_C1,9
CTAAGTACAGGGCTAC-1_V12D07-075_C1,5
CTAATTCGCACGCGCT-1_V12D07-075_C1,6
CTAATTCTCAGATATT-1_V12D07-075_C1,17
CTAATTTCAACAACAC-1_V12D07-075_C1,3
CTACACTCGCAGATGG-1_V12D07-075_C1,4
CTACCCTAAGGTCATA-1_V12D07-075_C1,19
CTACGACTAGCTATAA-1_V12D07-075_C1,10
CTACGCACGGAGTACC-1_V12D07-075_C1,14
CTACGCCATTTCCGAT-1_V12D07-075_C1,6
CTACGTGTTGCCACCA-1_V12D07-075_C1,6
CTACTATCTTTCAGAG-1_V12D07-075_C1,19
CTACTCAAGGTATAGT-1_V12D07-075_C1,19
CTACTCTAGGCCCGGC-1_V12D07-075_C1,9
CTACTGCCACCTGACC-1_V12D07-075_C1,9
CTAGACATATATGTAG-1_V12D07-075_C1,5
CTAGACTGCATTTCGT-1_V12D07-075_C1,5
CTAGATAAACTCCTCG-1_V12D07-075_C1,6
CTAGATGTGAGTGTAA-1_V12D07-075_C1,5
CTAGATTTACGACGGC-1_V12D07-075_C1,9
CTAGCATAGTATAATG-1_V12D07-075_C1,8
CTAGCCACAGGCGAGC-1_V12D07-075_C1,15
CTAGCCGATGTTATGA-1_V12D07-075_C1,5
CTAGCTTAATGGTCCC-1_V12D07-075_C1,6
CTAGGCGCCCTATCAG-1_V12D07-075_C1,9
CTAGGTCTGAAGGAAT-1_V12D07-075_C1,10
CTAGGTTCGGACGTGA-1_V12D07-075_C1,4
CTAGTAGAAAGGGATT-1_V12D07-075_C1,7
CTAGTATTCGGAATTA-1_V12D07-075_C1,6
CTAGTCACGTCTTAAG-1_V12D07-075_C1,9
CTAGTGAAGGACAGGA-1_V12D07-075_C1,9
CTAGTTACAACCCGGT-1_V12D07-075_C1,2
CTAGTTGGGCCCGGTA-1_V12D07-075_C1,9
CTATAAGAGCCAATCG-1_V12D07-075_C1,10
CTATCGACGAAATACA-1_V12D07-075_C1,7
CTATCGCGTAGAGAAC-1_V12D07-075_C1,4
CTATCGGGTCTCAACA-1_V12D07-075_C1,4
CTATGCCCGAATGCAA-1_V12D07-075_C1,9
CTATGGGAAGCGGAAT-1_V12D07-075_C1,4
CTATGTCACTAGCCCA-1_V12D07-075_C1,4
CTATGTCTATTGAAAC-1_V12D07-075_C1,6
CTATTCATGTGTCCCA-1_V12D07-075_C1,9
CTATTGTGTTTGGTCA-1_V12D07-075_C1,5
CTATTTGCTTGGAGGA-1_V12D07-075_C1,4
CTATTTGGTTACGGAT-1_V12D07-075_C1,4
CTCAACTAACCCGGAT-1_V12D07-075_C1,15
CTCAAGACATTAGCGC-1_V12D07-075_C1,5
CTCACATTTACTAAAT-1_V12D07-075_C1,9
CTCACCAGTACAAGTG-1_V12D07-075_C1,13
CTCACCGATCCAAACT-1_V12D07-075_C1,5
CTCACTGTGATACTTA-1_V12D07-075_C1,9
CTCACTTGGCTGGTAA-1_V12D07-075_C1,19
CTCAGGACTCACCTGT-1_V12D07-075_C1,3
CTCAGTCACGACAAAT-1_V12D07-075_C1,17
CTCATCACTTAGTGAT-1_V12D07-075_C1,5
CTCATGGCTCACAATC-1_V12D07-075_C1,6
CTCATTCGTGAACATC-1_V12D07-075_C1,9
CTCATTGCTCTAACAA-1_V12D07-075_C1,8
CTCATTTGATGGGCGG-1_V12D07-075_C1,9
CTCCCAATGAGTCGCG-1_V12D07-075_C1,17
CTCCGCCCACATGAGG-1_V12D07-075_C1,14
CTCCGGCCTAATATGC-1_V12D07-075_C1,20
CTCCGGCTTGTAGACA-1_V12D07-075_C1,4
CTCCTCCAGCTCACAC-1_V12D07-075_C1,14
CTCCTGTTCAAGGCAG-1_V12D07-075_C1,4
CTCCTTTACGCAAGTC-1_V12D07-075_C1,6
CTCGAATGGAACGTAT-1_V12D07-075_C1,5
CTCGAGATCCAAAGCA-1_V12D07-075_C1,1
CTCGAGGTCGAACAGT-1_V12D07-075_C1,14
CTCGATATTTGCGAGC-1_V12D07-075_C1,5
CTCGCACCTATATAGT-1_V12D07-075_C1,9
CTCGCCGAATGTAGGG-1_V12D07-075_C1,4
CTCGCTAGGTAAGCGA-1_V12D07-075_C1,10
CTCGGGATAACACCTA-1_V12D07-075_C1,5
CTCGGTACCACTGCTC-1_V12D07-075_C1,9
CTCGTCTGTGCCTTCG-1_V12D07-075_C1,4
CTCGTTTCTAATGTTT-1_V12D07-075_C1,5
CTCTAATGCATTGATC-1_V12D07-075_C1,5
CTCTAGCCCTCGGAAA-1_V12D07-075_C1,8
CTCTATTTGGCTGCAG-1_V12D07-075_C1,9
CTCTCACAATCGATGA-1_V12D07-075_C1,4
CTCTCGCTGTACTATG-1_V12D07-075_C1,7
CTCTGCGAAGCAAGCA-1_V12D07-075_C1,2
CTCTGGACGCCTGGTG-1_V12D07-075_C1,14
CTCTGTTTGAGGATTC-1_V12D07-075_C1,13
CTCTTCTATTGACTGG-1_V12D07-075_C1,8
CTCTTGTCCCGCTTGG-1_V12D07-075_C1,14
CTGAAACGGCCCTCAG-1_V12D07-075_C1,6
CTGAAAGAGATCCGAC-1_V12D07-075_C1,2
CTGAATCCGAGACCTC-1_V12D07-075_C1,10
CTGAATTTATTGCCAG-1_V12D07-075_C1,5
CTGACATAGAAATAGA-1_V12D07-075_C1,5
CTGACTGCGCAGCTCG-1_V12D07-075_C1,17
CTGAGAAAGTTCGGCG-1_V12D07-075_C1,5
CTGAGAGTAGAAATAC-1_V12D07-075_C1,4
CTGAGCAAGTAACAAG-1_V12D07-075_C1,14
CTGAGCGAGACTTATT-1_V12D07-075_C1,6
CTGCAAGCACGTTCCG-1_V12D07-075_C1,4
CTGCACAACTACATAT-1_V12D07-075_C1,4
CTGCACCTAGTCCACA-1_V12D07-075_C1,5
CTGCACCTGGAACCGC-1_V12D07-075_C1,6
CTGCACTCCAGTACAG-1_V12D07-075_C1,1
CTGCAGAGAATCAGAG-1_V12D07-075_C1,15
CTGCAGGTGCTCGGCC-1_V12D07-075_C1,4
CTGCCAAGGTTGGAAG-1_V12D07-075_C1,6
CTGCCATGCATCACAT-1_V12D07-075_C1,13
CTGCCCACGAAGCGTT-1_V12D07-075_C1,4
CTGCCTCATATGCAAC-1_V12D07-075_C1,6
CTGCCTTTCTAGTAAA-1_V12D07-075_C1,8
CTGCGGTAGTCACGTG-1_V12D07-075_C1,5
CTGCGTTACGATATAA-1_V12D07-075_C1,5
CTGCTGAGGCCACGAA-1_V12D07-075_C1,19
CTGCTGTCTAACGAGC-1_V12D07-075_C1,5
CTGCTTGGCGATAGCT-1_V12D07-075_C1,9
CTGCTTTATGTCCGCG-1_V12D07-075_C1,5
CTGGAAATGGATGCTT-1_V12D07-075_C1,9
CTGGAAGACACGGTGG-1_V12D07-075_C1,4
CTGGATTTACACTTGA-1_V12D07-075_C1,14
CTGGCGACATAAGTCC-1_V12D07-075_C1,6
CTGGCGCACAGGTCTG-1_V12D07-075_C1,4
CTGGCGGGAATAAGTA-1_V12D07-075_C1,4
CTGGCTCCTGCGGGAT-1_V12D07-075_C1,25
CTGGCTGATTCATCCT-1_V12D07-075_C1,4
CTGGCTGGTTGTCAGT-1_V12D07-075_C1,7
CTGGGATAAATAATGG-1_V12D07-075_C1,4
CTGGGATACGCTACCC-1_V12D07-075_C1,5
CTGGGCCTGCTATATC-1_V12D07-075_C1,19
CTGGGCTATCCTTTGG-1_V12D07-075_C1,5
CTGGGTAGGCAGTTAA-1_V12D07-075_C1,9
CTGGTAAAGACTTACA-1_V12D07-075_C1,8
CTGGTAAAGTGTGGGC-1_V12D07-075_C1,4
CTGGTAACACATAGAA-1_V12D07-075_C1,4
CTGGTAACGAGCTCTT-1_V12D07-075_C1,10
CTGGTCATTCCAATCC-1_V12D07-075_C1,3
CTGGTCCTAACTTGGC-1_V12D07-075_C1,6
CTGGTTCAACGCATCA-1_V12D07-075_C1,6
CTGGTTCGCGAGCTAC-1_V12D07-075_C1,6
CTGGTTTCGAGCAAGA-1_V12D07-075_C1,4
CTGTACTTCTTAGCAT-1_V12D07-075_C1,14
CTGTAGCCATCTCACT-1_V12D07-075_C1,19
CTGTATGGTGTAGAAA-1_V12D07-075_C1,9
CTGTCAAATGGCTCGG-1_V12D07-075_C1,17
CTGTCACGCCAGGCGC-1_V12D07-075_C1,5
CTGTCTGTGGCTGGCT-1_V12D07-075_C1,4
CTGTGCAGGGTAGGTC-1_V12D07-075_C1,14
CTGTGGTCGGGAGATA-1_V12D07-075_C1,2
CTGTTACCCAATCTAG-1_V12D07-075_C1,14
CTGTTCACTGCCTGTG-1_V12D07-075_C1,6
CTGTTCATCTCACGGG-1_V12D07-075_C1,7
CTGTTGGCTCTTCTGA-1_V12D07-075_C1,4
CTTAAATAAGACCCAT-1_V12D07-075_C1,9
CTTAACTTACAGTATA-1_V12D07-075_C1,10
CTTAACTTCGAAGTAC-1_V12D07-075_C1,6
CTTACACGGTATTCCA-1_V12D07-075_C1,9
CTTACACTGGGAAATA-1_V12D07-075_C1,6
CTTACTGACTCCTCTG-1_V12D07-075_C1,14
CTTAGCCTTCCACATG-1_V12D07-075_C1,5
CTTAGTAGGCCTACAG-1_V12D07-075_C1,5
CTTAGTGTAGTAGCAT-1_V12D07-075_C1,7
CTTATAGATGGCTGTT-1_V12D07-075_C1,4
CTTCAACTCCACTTGG-1_V12D07-075_C1,9
CTTCATAGCTCAAGAA-1_V12D07-075_C1,6
CTTCATTGTCAGTGGA-1_V12D07-075_C1,8
CTTCCGCTCCGTGAAG-1_V12D07-075_C1,17
CTTCGATTGCGCAAGC-1_V12D07-075_C1,4
CTTCGGCCAATTGTTT-1_V12D07-075_C1,10
CTTCGTAGATAGGTGA-1_V12D07-075_C1,10
CTTCTATGTTGAAGTA-1_V12D07-075_C1,17
CTTCTATTAATGCTAG-1_V12D07-075_C1,17
CTTCTTACGTCGTATA-1_V12D07-075_C1,6
CTTGACCCGAAAGATA-1_V12D07-075_C1,6
CTTGAGGTTATCCCGA-1_V12D07-075_C1,3
CTTGAGTTAGGGTAAT-1_V12D07-075_C1,4
CTTGATGACCATCCAG-1_V12D07-075_C1,9
CTTGCCCACCCACGCA-1_V12D07-075_C1,4
CTTGCCCAGGCTCTAC-1_V12D07-075_C1,4
CTTGGCCAAGCTGGGA-1_V12D07-075_C1,14
CTTGTACTTGTTGACT-1_V12D07-075_C1,6
CTTGTCAACATTCGAG-1_V12D07-075_C1,14
CTTGTGAGGACAGCGG-1_V12D07-075_C1,7
CTTGTGAGTCTTTGAC-1_V12D07-075_C1,6
CTTGTGCTCACCGATT-1_V12D07-075_C1,17
CTTGTTGCTGAGTCAA-1_V12D07-075_C1,4
CTTGTTTATGTAGCCA-1_V12D07-075_C1,4
CTTTAACTTTCAAAGG-1_V12D07-075_C1,9
CTTTAATATTGGTCGA-1_V12D07-075_C1,9
CTTTAGGAACACTGTT-1_V12D07-075_C1,8
CTTTAGTGCTATTATT-1_V12D07-075_C1,8
CTTTCTGTGCGGGCTT-1_V12D07-075_C1,7
CTTTGCATCGCTCTTG-1_V12D07-075_C1,4
CTTTGCTGTCATGGAT-1_V12D07-075_C1,5
CTTTGGCAGACAGAGT-1_V12D07-075_C1,2
CTTTGGCGCTTTATAC-1_V12D07-075_C1,1
CTTTGGCTTTAGTAAA-1_V12D07-075_C1,4
CTTTGGGATTGTTGCA-1_V12D07-075_C1,17
GAAACAGATGACCACC-1_V12D07-075_C1,10
GAAACAGCCATGCAGT-1_V12D07-075_C1,6
GAAACCATGGTGCGCT-1_V12D07-075_C1,2
GAAACCGAATTACCTT-1_V12D07-075_C1,10
GAAACCTATACAAATG-1_V12D07-075_C1,9
GAAACTCGTGCGATGC-1_V12D07-075_C1,13
GAAAGAACAGCGTTAT-1_V12D07-075_C1,17
GAAAGCAGTGCACTTT-1_V12D07-075_C1,10
GAAAGCCCTTTGGACC-1_V12D07-075_C1,4
GAAAGTGACTAACTGC-1_V12D07-075_C1,13
GAAATACCTGCTGGCT-1_V12D07-075_C1,5
GAAATATCACCATCAG-1_V12D07-075_C1,4
GAAATATGCTTGAATG-1_V12D07-075_C1,20
GAAATCGCGCGCAACT-1_V12D07-075_C1,6
GAAATCTGACCAAGTT-1_V12D07-075_C1,2
GAAATGGCGGTGTTAG-1_V12D07-075_C1,9
GAAATGGGATGTAAAC-1_V12D07-075_C1,8
GAAATTAGCACGGATA-1_V12D07-075_C1,4
GAAATTCACATCGCTG-1_V12D07-075_C1,1
GAAATTGTCTCTATAA-1_V12D07-075_C1,4
GAACAACTGGGATGAA-1_V12D07-075_C1,7
GAACACACATCAACCA-1_V12D07-075_C1,6
GAACAGATTACTAAAT-1_V12D07-075_C1,9
GAACCCTCTGTGTTCT-1_V12D07-075_C1,9
GAACCTCGACCTACAC-1_V12D07-075_C1,10
GAACCTTTAACGATCC-1_V12D07-075_C1,7
GAACGACCGAATGATA-1_V12D07-075_C1,20
GAACGATAAGTTAAAG-1_V12D07-075_C1,5
GAACGCGGGTCACACG-1_V12D07-075_C1,10
GAACGTCTCATGGTCG-1_V12D07-075_C1,17
GAACGTTAGGAAGACG-1_V12D07-075_C1,3
GAACTGTGGAGAGACA-1_V12D07-075_C1,6
GAACTTAGCGCCCGGT-1_V12D07-075_C1,5
GAAGAACGGTGCAGGT-1_V12D07-075_C1,2
GAAGCCACTGATTATG-1_V12D07-075_C1,4
GAAGCCGGGTAAGCTC-1_V12D07-075_C1,13
GAAGCCTGCACATTCC-1_V12D07-075_C1,21
GAAGCGTGAGGAATTT-1_V12D07-075_C1,9
GAAGCTCTTTGCTTAG-1_V12D07-075_C1,4
GAAGCTTGCTGACCGC-1_V12D07-075_C1,9
GAAGGAGTCGAGTGCG-1_V12D07-075_C1,15
GAAGGCTACCATTGTT-1_V12D07-075_C1,5
GAAGGGCATAACCATG-1_V12D07-075_C1,11
GAAGTCAGTTGCACTA-1_V12D07-075_C1,14
GAAGTCTCCCTAGCGA-1_V12D07-075_C1,10
GAAGTGATTTATCGTG-1_V12D07-075_C1,14
GAAGTGCTGGATAGCT-1_V12D07-075_C1,6
GAAGTTTCCACTCAAT-1_V12D07-075_C1,9
GAATAGACGCGACCCA-1_V12D07-075_C1,4
GAATAGCATTTAGGGT-1_V12D07-075_C1,5
GAATAGCCCTGCGGTC-1_V12D07-075_C1,5
GAATATTCGGAGTCCC-1_V12D07-075_C1,20
GAATCGACATGGTCAC-1_V12D07-075_C1,9
GAATCGCCGGACACGG-1_V12D07-075_C1,3
GAATCTGAACATTCTC-1_V12D07-075_C1,9
GAATGAAGGTCTTCAG-1_V12D07-075_C1,6
GAATGCGAATCGGTTC-1_V12D07-075_C1,4
GAATGGGCTTATCGAC-1_V12D07-075_C1,4
GAATGTATGGCAGGTC-1_V12D07-075_C1,5
GAATGTGGTCCGGATT-1_V12D07-075_C1,4
GAATGTTGGGTAATCT-1_V12D07-075_C1,22
GAATTATAGTGAAAGG-1_V12D07-075_C1,4
GAATTCACCCGGGTGT-1_V12D07-075_C1,4
GACAAACATATGCAGG-1_V12D07-075_C1,4
GACAACGACCATTGAA-1_V12D07-075_C1,4
GACAACGCAGCTTACG-1_V12D07-075_C1,20
GACAAGACGCCCGTGC-1_V12D07-075_C1,10
GACAAGAGATGAGATT-1_V12D07-075_C1,4
GACACAAGGGAAGAAA-1_V12D07-075_C1,18
GACACAGCCGGGACTG-1_V12D07-075_C1,10
GACACGAGTTAGAGGA-1_V12D07-075_C1,3
GACACTGAGTTCAGTG-1_V12D07-075_C1,9
GACACTGGAACCCGAT-1_V12D07-075_C1,4
GACACTTCCAATTACC-1_V12D07-075_C1,4
GACAGCCAGACCTGAC-1_V12D07-075_C1,1
GACAGGCACACACTAT-1_V12D07-075_C1,10
GACATCCGTCGAACTG-1_V12D07-075_C1,7
GACATCGATTTATAAC-1_V12D07-075_C1,14
GACCAAACGTTGACTG-1_V12D07-075_C1,15
GACCACACTTCCCTTT-1_V12D07-075_C1,4
GACCAGAGCCCTGTAG-1_V12D07-075_C1,14
GACCCGTCGCCGGCTA-1_V12D07-075_C1,6
GACCGACGTGAAAGCA-1_V12D07-075_C1,5
GACCGACTGAAGCGTC-1_V12D07-075_C1,4
GACCGCGTCTGACGTG-1_V12D07-075_C1,17
GACCGTCAGGTCGTGA-1_V12D07-075_C1,6
GACCGTGCTGACGGTG-1_V12D07-075_C1,7
GACCGTTACATGCGAC-1_V12D07-075_C1,4
GACCTGGTCTGGGCGT-1_V12D07-075_C1,8
GACCTTCCACGTCTAC-1_V12D07-075_C1,4
GACGACGATCCGCGTT-1_V12D07-075_C1,9
GACGAGGCTAATAAAC-1_V12D07-075_C1,7
GACGCCGTAAAGGCTA-1_V12D07-075_C1,10
GACGCCTGTTGCAGGG-1_V12D07-075_C1,6
GACGCTTGCTTCTAAA-1_V12D07-075_C1,9
GACGGGTTGGCCCGTA-1_V12D07-075_C1,9
GACGGTCAATAGAAGC-1_V12D07-075_C1,17
GACGGTCCTAGGGTGT-1_V12D07-075_C1,20
GACGTGAGACTCCATG-1_V12D07-075_C1,13
GACGTTCGTAAATACA-1_V12D07-075_C1,5
GACTAACACAGCACCT-1_V12D07-075_C1,6
GACTAAGATCATGCAC-1_V12D07-075_C1,5
GACTAAGTAGGCTCAC-1_V12D07-075_C1,9
GACTACAATTGCTCGT-1_V12D07-075_C1,5
GACTAGGCCGTTAGGT-1_V12D07-075_C1,4
GACTCACCCACGTGAG-1_V12D07-075_C1,10
GACTCCCAGAATAAGG-1_V12D07-075_C1,5
GACTCGCGGGAATGAC-1_V12D07-075_C1,17
GACTCGGTCGGCGGAT-1_V12D07-075_C1,20
GACTGATTGGTCACAA-1_V12D07-075_C1,20
GACTGCAAATCGAGCT-1_V12D07-075_C1,7
GACTGCACCAGCCCAG-1_V12D07-075_C1,9
GACTGGGCGCCGCAAC-1_V12D07-075_C1,5
GAGAAACTGGATCCCA-1_V12D07-075_C1,10
GAGAATCTCACGATCA-1_V12D07-075_C1,9
GAGACCCTGCAACGCC-1_V12D07-075_C1,1
GAGACTGATGGGTAGA-1_V12D07-075_C1,9
GAGACTTCGCGACCGA-1_V12D07-075_C1,14
GAGAGCGCAGTCCCTG-1_V12D07-075_C1,2
GAGAGGCCTATGTGTA-1_V12D07-075_C1,4
GAGAGGGCGCGAGGTT-1_V12D07-075_C1,7
GAGAGGTGCATTCTGG-1_V12D07-075_C1,19
GAGATCTGCTTGGCAT-1_V12D07-075_C1,4
GAGATCTGTCACTCCG-1_V12D07-075_C1,4
GAGATCTTCCATGACA-1_V12D07-075_C1,4
GAGATGACAATCCTTA-1_V12D07-075_C1,5
GAGATGGCTTTAATCA-1_V12D07-075_C1,4
GAGATGGGAGTCGACA-1_V12D07-075_C1,7
GAGCACGGCGCCTCTT-1_V12D07-075_C1,5
GAGCATCATCCCTGGG-1_V12D07-075_C1,13
GAGCCACGGTAGTAGG-1_V12D07-075_C1,6
GAGCCAGCTACCTGTG-1_V12D07-075_C1,2
GAGCCGAGCGTTTATT-1_V12D07-075_C1,5
GAGCGAGGGAGTACCG-1_V12D07-075_C1,13
GAGCGCAAATACTCCG-1_V12D07-075_C1,4
GAGCGCGCACGAGTAG-1_V12D07-075_C1,8
GAGCGGAATGCGGTGT-1_V12D07-075_C1,10
GAGCTAAGGGCATATC-1_V12D07-075_C1,17
GAGCTCTCGGACCTAA-1_V12D07-075_C1,8
GAGCTGTCGTCTCGGA-1_V12D07-075_C1,2
GAGGAATGGAGAGGTT-1_V12D07-075_C1,8
GAGGAGATCCTCATGC-1_V12D07-075_C1,8
GAGGATAAACAGTGCT-1_V12D07-075_C1,5
GAGGCATTTGCAGCAG-1_V12D07-075_C1,5
GAGGCCTGTTGATACA-1_V12D07-075_C1,4
GAGGGCATCGCGTATC-1_V12D07-075_C1,6
GAGGGCGCAGCTCTGC-1_V12D07-075_C1,17
GAGGTACATCCATCTT-1_V12D07-075_C1,7
GAGGTACGCGTGTCCC-1_V12D07-075_C1,9
GAGGTCCCAAAGATCT-1_V12D07-075_C1,8
GAGTAAACCGGAAAGT-1_V12D07-075_C1,6
GAGTAAATTAAGAACC-1_V12D07-075_C1,4
GAGTAGATACTAGTTG-1_V12D07-075_C1,1
GAGTATCAAAGTTACA-1_V12D07-075_C1,10
GAGTATGCCCGCCTTG-1_V12D07-075_C1,19
GAGTATGCGCGTGCAT-1_V12D07-075_C1,15
GAGTCAGACCAGAATC-1_V12D07-075_C1,17
GAGTCCGCTTACCGGA-1_V12D07-075_C1,9
GAGTCGACAGACCCTC-1_V12D07-075_C1,4
GAGTGTCAACCAGAAA-1_V12D07-075_C1,15
GAGTGTGCGGTACCCA-1_V12D07-075_C1,2
GATAAATCGGTGGATG-1_V12D07-075_C1,6
GATAACTCGCACTGTG-1_V12D07-075_C1,4
GATAAGGCAGATGCAA-1_V12D07-075_C1,13
GATACCGTGTCGGAGT-1_V12D07-075_C1,5
GATACGATGGGAGTCA-1_V12D07-075_C1,10
GATAGAACCCGCTAGG-1_V12D07-075_C1,9
GATAGCGTACCACGCG-1_V12D07-075_C1,15
GATAGGATTAATTACA-1_V12D07-075_C1,20
GATAGGTAACGTTGAC-1_V12D07-075_C1,9
GATAGGTGTCCCGGGC-1_V12D07-075_C1,5
GATATCAGTATGTATC-1_V12D07-075_C1,9
GATATCTCATGCAATA-1_V12D07-075_C1,9
GATATGAGACACTAAC-1_V12D07-075_C1,4
GATATGCGGTAGCCAA-1_V12D07-075_C1,5
GATATTGAGATTGGCG-1_V12D07-075_C1,17
GATATTTCCTACATGG-1_V12D07-075_C1,5
GATCATTCCAAACATT-1_V12D07-075_C1,9
GATCCCTTTATACTGC-1_V12D07-075_C1,9
GATCCGAATATAAGTG-1_V12D07-075_C1,5
GATCCGGGAATTAACA-1_V12D07-075_C1,9
GATCCTAAATCGGGAC-1_V12D07-075_C1,17
GATCCTCTTGCGCTTA-1_V12D07-075_C1,5
GATCGACACTATCTGA-1_V12D07-075_C1,13
GATCGCGGGCTCTCCA-1_V12D07-075_C1,4
GATCGCTACCCGATTT-1_V12D07-075_C1,8
GATCGGCGATAAGTCG-1_V12D07-075_C1,4
GATCGGTGGCCATAAC-1_V12D07-075_C1,7
GATCGTGACTGATATC-1_V12D07-075_C1,10
GATCTCGACGCTGTGG-1_V12D07-075_C1,5
GATCTGCTATCTAAGG-1_V12D07-075_C1,7
GATCTTCATTGTCCTC-1_V12D07-075_C1,4
GATCTTGGAGGGCATA-1_V12D07-075_C1,14
GATCTTTGCAGGGTAT-1_V12D07-075_C1,7
GATCTTTGCTCAAAGA-1_V12D07-075_C1,5
GATGACGATGATCGCG-1_V12D07-075_C1,5
GATGAGGAACCTTCGG-1_V12D07-075_C1,4
GATGCGAATGGTATTA-1_V12D07-075_C1,9
GATGCGTCCTGCATTC-1_V12D07-075_C1,9
GATGCTACAAGCGCCT-1_V12D07-075_C1,13
GATGCTACCTTCGATG-1_V12D07-075_C1,9
GATGCTGTATTTCATC-1_V12D07-075_C1,4
GATGGCGCACACATTA-1_V12D07-075_C1,18
GATGGTGAAATAACCC-1_V12D07-075_C1,5
GATGGTGCCCTAGGCA-1_V12D07-075_C1,6
GATGTCCGGATCACAT-1_V12D07-075_C1,13
GATGTCGGTCAACTGC-1_V12D07-075_C1,13
GATGTGTTGTCACAAG-1_V12D07-075_C1,6
GATGTTCAATCCACGA-1_V12D07-075_C1,10
GATTAACCGAAAGCCC-1_V12D07-075_C1,4
GATTACTGAATTTGGG-1_V12D07-075_C1,10
GATTCCCTTGTCGCAG-1_V12D07-075_C1,14
GATTCCGCGTTTCCGT-1_V12D07-075_C1,20
GATTCCTATACGGCGC-1_V12D07-075_C1,1
GATTCGACGGTTCACG-1_V12D07-075_C1,6
GATTGACACTCTGCTC-1_V12D07-075_C1,6
GATTGGGAAAGGTTGT-1_V12D07-075_C1,4
GCAAACCCTACATTAT-1_V12D07-075_C1,7
GCAAACCTTGGCCATA-1_V12D07-075_C1,14
GCAAACGTCGCCAGGT-1_V12D07-075_C1,5
GCAAATATTACGCTTT-1_V12D07-075_C1,9
GCAAATGAGGACACTT-1_V12D07-075_C1,10
GCAACAGCAGTATGCG-1_V12D07-075_C1,4
GCAACCACCAGACCGG-1_V12D07-075_C1,6
GCAACCACGGCCGCGT-1_V12D07-075_C1,19
GCAACCCAAGTTGTTT-1_V12D07-075_C1,4
GCAACGGCTAGTTATG-1_V12D07-075_C1,5
GCAAGAATTCCTTGGC-1_V12D07-075_C1,17
GCAAGATGTGTTCGCG-1_V12D07-075_C1,5
GCAAGTGCACAGAGAA-1_V12D07-075_C1,9
GCAATTAGTCGCACCG-1_V12D07-075_C1,5
GCACAAACGAGGCGTG-1_V12D07-075_C1,5
GCACAAGTGGATCATA-1_V12D07-075_C1,4
GCACAAGTGTCGGAAG-1_V12D07-075_C1,6
GCACACACTGGTAGCC-1_V12D07-075_C1,9
GCACACGCCCATGGTC-1_V12D07-075_C1,2
GCACCTTCCCGAAGGT-1_V12D07-075_C1,10
GCACGCCTACTTAGAT-1_V12D07-075_C1,17
GCACGTGGTTTACTTA-1_V12D07-075_C1,4
GCACTAGTCGCGCTAT-1_V12D07-075_C1,6
GCACTGCCTACCTTTA-1_V12D07-075_C1,10
GCACTGTGCAAATGTA-1_V12D07-075_C1,13
GCAGAAGGTAATCTCC-1_V12D07-075_C1,6
GCAGACCCAGCACGTA-1_V12D07-075_C1,17
GCAGATCCATAAGACT-1_V12D07-075_C1,13
GCAGATCCTCGCAAAT-1_V12D07-075_C1,3
GCAGATTAGGGATATC-1_V12D07-075_C1,7
GCAGCACACAGCCCAG-1_V12D07-075_C1,9
GCAGCCTATATCACAT-1_V12D07-075_C1,5
GCAGCGGTGGGCATTA-1_V12D07-075_C1,6
GCAGCTATGGACAGGT-1_V12D07-075_C1,5
GCAGCTGTCAACGCAT-1_V12D07-075_C1,17
GCAGGACTATAGAATA-1_V12D07-075_C1,13
GCAGGTAGAGTATGGT-1_V12D07-075_C1,6
GCAGTGCGGGCGGATG-1_V12D07-075_C1,17
GCAGTGTGGCTATAGG-1_V12D07-075_C1,6
GCAGTTCGATCCGAGC-1_V12D07-075_C1,7
GCATACGAGGTCTTTA-1_V12D07-075_C1,10
GCATAGAGCACTCAGG-1_V12D07-075_C1,7
GCATCCCTAACTTTGA-1_V12D07-075_C1,3
GCATGACACAAAGGAA-1_V12D07-075_C1,4
GCATGAGGGACGCGGC-1_V12D07-075_C1,19
GCATGGGTACTGACGC-1_V12D07-075_C1,10
GCATTCAAGGCAACGC-1_V12D07-075_C1,5
GCATTCGAAATGAACA-1_V12D07-075_C1,4
GCATTTCCAAGGCTCC-1_V12D07-075_C1,5
GCCAACCATTTCCGGA-1_V12D07-075_C1,5
GCCAATAGGGCATCTC-1_V12D07-075_C1,20
GCCACAATTTAAGGAC-1_V12D07-075_C1,10
GCCACTCAGAGCGCGA-1_V12D07-075_C1,4
GCCACTCCTTACGGTA-1_V12D07-075_C1,3
GCCAGGAGTAACCGAT-1_V12D07-075_C1,5
GCCAGGCGTTCGCATG-1_V12D07-075_C1,5
GCCAGGCTTAGTGGTA-1_V12D07-075_C1,4
GCCATATTGCACACAG-1_V12D07-075_C1,6
GCCATCGAGCTGCGTG-1_V12D07-075_C1,17
GCCATCGATGCTGCAT-1_V12D07-075_C1,5
GCCCACCAAGGCTGTC-1_V12D07-075_C1,6
GCCCAGATGCTGGAGA-1_V12D07-075_C1,20
GCCCAGTTGGTATGCC-1_V12D07-075_C1,7
GCCCGATCTGTGGTCG-1_V12D07-075_C1,14
GCCCGCGCGTAAACGG-1_V12D07-075_C1,19
GCCCGCGCGTTTGACA-1_V12D07-075_C1,9
GCCCGTAATACCTTCT-1_V12D07-075_C1,5
GCCCTGAGGATGGGCT-1_V12D07-075_C1,4
GCCGAAATTCCTACGT-1_V12D07-075_C1,9
GCCGATTGGCCAAGCT-1_V12D07-075_C1,4
GCCGCACTCCGTTTCA-1_V12D07-075_C1,6
GCCGCATTAGTCCGGC-1_V12D07-075_C1,4
GCCGCTTGTGAGAAAC-1_V12D07-075_C1,9
GCCGGGTTAGGGTCGC-1_V12D07-075_C1,9
GCCGGTCGTATCTCTC-1_V12D07-075_C1,9
GCCGTGGAAGAAATGT-1_V12D07-075_C1,5
GCCTACGTTCTGTGCA-1_V12D07-075_C1,4
GCCTAGCGATCTGACC-1_V12D07-075_C1,4
GCCTATAGTGTCAGGG-1_V12D07-075_C1,19
GCCTATCAGGTAAGAT-1_V12D07-075_C1,10
GCCTATGCTGGGCCTT-1_V12D07-075_C1,20
GCCTATTTGCTACACA-1_V12D07-075_C1,6
GCCTCATCTGGAAATA-1_V12D07-075_C1,4
GCCTCCGACAATTCAC-1_V12D07-075_C1,8
GCCTCTATACATAGCA-1_V12D07-075_C1,4
GCCTGCTACACTGAGA-1_V12D07-075_C1,20
GCCTTCAGCCCTACCG-1_V12D07-075_C1,5
GCCTTGTATATGCAGT-1_V12D07-075_C1,9
GCGAAACGATCGGGAG-1_V12D07-075_C1,4
GCGAAACTTAACTGGA-1_V12D07-075_C1,9
GCGAAGAATCTGACGG-1_V12D07-075_C1,7
GCGAAGCCATACCCGT-1_V12D07-075_C1,7
GCGACATGTAAACATC-1_V12D07-075_C1,2
GCGACGATAGTTGTAC-1_V12D07-075_C1,9
GCGAGAAACGGGAGTT-1_V12D07-075_C1,4
GCGAGAGGCCATGTAA-1_V12D07-075_C1,6
GCGAGAGTTGCGTCCA-1_V12D07-075_C1,20
GCGAGCGCATGCTCCC-1_V12D07-075_C1,5
GCGAGGCCCGAGCAGA-1_V12D07-075_C1,7
GCGAGTTCTGCAAAGA-1_V12D07-075_C1,1
GCGATGTCTGTGCTTG-1_V12D07-075_C1,8
GCGATTGTTAACGTTA-1_V12D07-075_C1,10
GCGCAAGAGCGCGCTG-1_V12D07-075_C1,4
GCGCATCCAGTCAGCA-1_V12D07-075_C1,19
GCGCCGTTCCACGATA-1_V12D07-075_C1,13
GCGCCTCCCACTCCGA-1_V12D07-075_C1,17
GCGCGGTCTAGTAACT-1_V12D07-075_C1,7
GCGCGTCATTGGTACA-1_V12D07-075_C1,8
GCGCTAATTGAATAGA-1_V12D07-075_C1,1
GCGCTATGCCGAGGCA-1_V12D07-075_C1,10
GCGCTCGATCACCTGT-1_V12D07-075_C1,5
GCGCTGATCCAGACTC-1_V12D07-075_C1,5
GCGCTGCTTTGCATTT-1_V12D07-075_C1,17
GCGCTGGCGGAAAGTC-1_V12D07-075_C1,4
GCGCTTAAATAATTGG-1_V12D07-075_C1,22
GCGGACCGCGTTGTGG-1_V12D07-075_C1,19
GCGGAGAGGGAGAACG-1_V12D07-075_C1,4
GCGGCTCTGACGTACC-1_V12D07-075_C1,7
GCGGCTTTAGCAAGTT-1_V12D07-075_C1,4
GCGGGAACCAGGCCCT-1_V12D07-075_C1,6
GCGGGCATTACGATGC-1_V12D07-075_C1,5
GCGGGCGAGCCTTACC-1_V12D07-075_C1,10
GCGGTAACCCAAATGA-1_V12D07-075_C1,1
GCGGTCCCGGTGAAGG-1_V12D07-075_C1,5
GCGGTCCCTAGACGCA-1_V12D07-075_C1,6
GCGGTGAACTGCGCTC-1_V12D07-075_C1,10
GCGGTGCGGAGCATCG-1_V12D07-075_C1,4
GCGGTTCCCTATCATG-1_V12D07-075_C1,10
GCGTAAATGGCCATAA-1_V12D07-075_C1,10
GCGTCGAAATGTCGGT-1_V12D07-075_C1,6
GCGTCGCCAGGGTGAT-1_V12D07-075_C1,7
GCGTCTAACCTCCTAA-1_V12D07-075_C1,5
GCGTCTCTGCATTGGG-1_V12D07-075_C1,9
GCGTGGTACTGGGTTA-1_V12D07-075_C1,19
GCGTTATATTTGGAAC-1_V12D07-075_C1,4
GCGTTCGGAGACCGGG-1_V12D07-075_C1,5
GCGTTCTGACTAAGCG-1_V12D07-075_C1,10
GCTAAACCTGAGGTGA-1_V12D07-075_C1,4
GCTAACTGAAGTCTGA-1_V12D07-075_C1,4
GCTAAGTAAAGGCGAT-1_V12D07-075_C1,4
GCTAAGTAGTTTCTCT-1_V12D07-075_C1,4
GCTAATACCGAATGCC-1_V12D07-075_C1,7
GCTACAATCGAGGATA-1_V12D07-075_C1,4
GCTACAGTACGGACCG-1_V12D07-075_C1,19
GCTACGACTTATTGGG-1_V12D07-075_C1,13
GCTACTATAGTAGAGT-1_V12D07-075_C1,7
GCTAGACCGTCTACTG-1_V12D07-075_C1,10
GCTAGAGTAGAGATGT-1_V12D07-075_C1,7
GCTAGCACCTGGGCCA-1_V12D07-075_C1,5
GCTAGCAGGGAGTGGG-1_V12D07-075_C1,5
GCTAGCTTGAATAGCT-1_V12D07-075_C1,19
GCTAGTAGAGCTTGTA-1_V12D07-075_C1,9
GCTATCATACTCATGG-1_V12D07-075_C1,1
GCTCAACCTCTTAGAG-1_V12D07-075_C1,1
GCTCAATGTAATACCG-1_V12D07-075_C1,1
GCTCATTACTGCATGT-1_V12D07-075_C1,20
GCTCCATGAGTGCAGA-1_V12D07-075_C1,17
GCTCCATGCAAAGCAA-1_V12D07-075_C1,13
GCTCCCAGTCGGTCCA-1_V12D07-075_C1,17
GCTCCGCTCGCTTCAG-1_V12D07-075_C1,5
GCTCGCGGTTCCGCTC-1_V12D07-075_C1,3
GCTCGCTCATGTCCAA-1_V12D07-075_C1,4
GCTCGGAATTTAAAGC-1_V12D07-075_C1,6
GCTCTAAACCCTGACG-1_V12D07-075_C1,13
GCTCTATGTTACGTGC-1_V12D07-075_C1,7
GCTCTCGGGTACCGAA-1_V12D07-075_C1,14
GCTCTTTCCGCTAGTG-1_V12D07-075_C1,9
GCTGAACTCTCCAGGG-1_V12D07-075_C1,20
GCTGAGCAACGGTTCT-1_V12D07-075_C1,4
GCTGAGGCGTGAGTAT-1_V12D07-075_C1,9
GCTGCACGGTTTCTTA-1_V12D07-075_C1,13
GCTGCGCCTCCCACGT-1_V12D07-075_C1,4
GCTGCTAAGTAGTCGA-1_V12D07-075_C1,9
GCTGCTACTGCGTAGC-1_V12D07-075_C1,3
GCTGCTCTCCGGACAC-1_V12D07-075_C1,7
GCTGGACCCAAAGTGG-1_V12D07-075_C1,5
GCTGGCAGGTGCCGTG-1_V12D07-075_C1,4
GCTGGCATATTCACCT-1_V12D07-075_C1,3
GCTGGCGGCGCATGCT-1_V12D07-075_C1,14
GCTGGTGACTCGTAGT-1_V12D07-075_C1,4
GCTGTATTACTGGCCC-1_V12D07-075_C1,19
GCTGTTGCTACCGAAC-1_V12D07-075_C1,8
GCTTAATGTAACTAAC-1_V12D07-075_C1,20
GCTTACGTAGTTAGTA-1_V12D07-075_C1,5
GCTTATGAAGCAGGAA-1_V12D07-075_C1,4
GCTTCAGTGGGATTAC-1_V12D07-075_C1,6
GCTTCCAGCTTAGATT-1_V12D07-075_C1,9
GCTTCCGTCCCTAGAC-1_V12D07-075_C1,14
GCTTGATGATAATCAG-1_V12D07-075_C1,7
GCTTGCAGCACAATTG-1_V12D07-075_C1,5
GCTTGGATCGATTAGG-1_V12D07-075_C1,19
GCTTTACACAACTGGG-1_V12D07-075_C1,10
GCTTTCAGAGGAGGTG-1_V12D07-075_C1,19
GCTTTCTATCTCAACT-1_V12D07-075_C1,5
GGAAACCTTGTTGAAT-1_V12D07-075_C1,20
GGAAACTAAATGGGCC-1_V12D07-075_C1,4
GGAAAGTGCCCATGCC-1_V12D07-075_C1,6
GGAACCCGAACAAGAA-1_V12D07-075_C1,9
GGAACCGTGTAAATTG-1_V12D07-075_C1,10
GGAACGGCCTGCAGCC-1_V12D07-075_C1,4
GGAACTTTGGCGATTA-1_V12D07-075_C1,8
GGAAGCTCGCTTACAG-1_V12D07-075_C1,5
GGAATAACCTCAAGAA-1_V12D07-075_C1,6
GGAATGCGCTAGCGTG-1_V12D07-075_C1,10
GGACAACCATGAAGCC-1_V12D07-075_C1,4
GGACAAGTTGCAGTGA-1_V12D07-075_C1,9
GGACACAAGTTTACAC-1_V12D07-075_C1,17
GGACCAACAGGATAAC-1_V12D07-075_C1,13
GGACCTACGGTAACGT-1_V12D07-075_C1,5
GGACGGCTTGCGCAAC-1_V12D07-075_C1,5
GGACGGGCGACCAACC-1_V12D07-075_C1,8
GGACGTCCATAGTTGG-1_V12D07-075_C1,5
GGACTAAGTCAGGAGT-1_V12D07-075_C1,4
GGACTCACAAATTAGG-1_V12D07-075_C1,5
GGACTCGAAGCTTTCA-1_V12D07-075_C1,4
GGACTCTTCCGGTTGA-1_V12D07-075_C1,17
GGACTCTTTGACTAAG-1_V12D07-075_C1,10
GGAGAAGTCATTGGCA-1_V12D07-075_C1,2
GGAGACCAATGTGCTT-1_V12D07-075_C1,5
GGAGACGACACCTTTG-1_V12D07-075_C1,4
GGAGCAACATTTCAAG-1_V12D07-075_C1,4
GGAGCACCAAGAACTA-1_V12D07-075_C1,6
GGAGCGAGGCCTACTT-1_V12D07-075_C1,4
GGAGGATTGAAAGGAG-1_V12D07-075_C1,18
GGAGGCCGAAGTCGTC-1_V12D07-075_C1,5
GGAGGGCTTGGTTGGC-1_V12D07-075_C1,7
GGAGGGTCAAGTAAGA-1_V12D07-075_C1,4
GGAGTACACATGAGCT-1_V12D07-075_C1,4
GGAGTGCCGCCCTGGA-1_V12D07-075_C1,6
GGAGTTGATTCTGTGT-1_V12D07-075_C1,4
GGATACTCATGAATTG-1_V12D07-075_C1,18
GGATCAAAGGACGAGG-1_V12D07-075_C1,13
GGATCATCCCGTACGC-1_V12D07-075_C1,5
GGATCCGGAATATACT-1_V12D07-075_C1,4
GGATGAAGATCGCTGA-1_V12D07-075_C1,4
GGATGACGCGAGTTTA-1_V12D07-075_C1,9
GGATGTCCTTACCGCA-1_V12D07-075_C1,10
GGATTAAGCTAAGGTC-1_V12D07-075_C1,5
GGATTCCGCTATACCC-1_V12D07-075_C1,20
GGATTGCTGTGACTCC-1_V12D07-075_C1,9
GGATTTCACTTCTATA-1_V12D07-075_C1,10
GGCAAATTACTTTACT-1_V12D07-075_C1,18
GGCAAGCCAGGGATAG-1_V12D07-075_C1,6
GGCAAGCCCATAGTGG-1_V12D07-075_C1,8
GGCAAGGCGAAATAGC-1_V12D07-075_C1,9
GGCAATAGTCAATGAG-1_V12D07-075_C1,8
GGCACTCCACTGGGCA-1_V12D07-075_C1,14
GGCACTGCGGTGGTTT-1_V12D07-075_C1,10
GGCAGAGAGATCGGGA-1_V12D07-075_C1,4
GGCAGCAAACCTATGC-1_V12D07-075_C1,4
GGCAGCGGTAATCCTA-1_V12D07-075_C1,5
GGCATACAGGTAGCGG-1_V12D07-075_C1,14
GGCATATCGGTTCTGC-1_V12D07-075_C1,5
GGCATCAACGAGCACG-1_V12D07-075_C1,6
GGCCACACGAAAGCCT-1_V12D07-075_C1,4
GGCCCAATCTAGAGGG-1_V12D07-075_C1,5
GGCCCAGCTGGTTTGC-1_V12D07-075_C1,4
GGCCCAGTTATCAGCA-1_V12D07-075_C1,5
GGCCCGGAGCATGTCT-1_V12D07-075_C1,5
GGCCCGTATACCATGC-1_V12D07-075_C1,5
GGCCCTCACCCACTTA-1_V12D07-075_C1,10
GGCCGCAGGAACCGCA-1_V12D07-075_C1,15
GGCCGGCGTCTGCTAT-1_V12D07-075_C1,4
GGCCGTTTGGGTTTCA-1_V12D07-075_C1,19
GGCCTGCTTCTCCCGA-1_V12D07-075_C1,4
GGCCTTTGCAACTGGC-1_V12D07-075_C1,4
GGCGAAATCTAACTTG-1_V12D07-075_C1,1
GGCGCAGGACATCTTC-1_V12D07-075_C1,3
GGCGCATGAATTGATG-1_V12D07-075_C1,4
GGCGCGTTCGAGTTTA-1_V12D07-075_C1,9
GGCGCTTCATTCCCTG-1_V12D07-075_C1,4
GGCGGAGTAATATTAG-1_V12D07-075_C1,14
GGCGGGCTCTAAGAGT-1_V12D07-075_C1,20
GGCGGTAGGATCATTG-1_V12D07-075_C1,4
GGCGGTTTGCCGGTGC-1_V12D07-075_C1,4
GGCGTAGGGAAAGCTG-1_V12D07-075_C1,4
GGCGTCCTATCCGCTG-1_V12D07-075_C1,4
GGCTAAAGGGCGGGTC-1_V12D07-075_C1,5
GGCTAATGATTGAAAT-1_V12D07-075_C1,6
GGCTATTAAGTTGTAT-1_V12D07-075_C1,22
GGCTCGCGTTGAGGTA-1_V12D07-075_C1,19
GGCTCGTGCCACCAGC-1_V12D07-075_C1,6
GGCTCTGCTCCAACGC-1_V12D07-075_C1,10
GGCTGAAATAGCAAAG-1_V12D07-075_C1,4
GGCTGAGCATCGTAAG-1_V12D07-075_C1,5
GGCTGGCAGCTTTATG-1_V12D07-075_C1,4
GGCTGGCTAGCTTAAA-1_V12D07-075_C1,13
GGCTTGGCTCTCACCT-1_V12D07-075_C1,7
GGCTTTCAATAAGGGT-1_V12D07-075_C1,7
GGGAAAGAATGCCAAC-1_V12D07-075_C1,10
GGGAACGGGAGGTTAG-1_V12D07-075_C1,9
GGGAAGACGGTCTGTC-1_V12D07-075_C1,4
GGGAATGAGCCCTCAC-1_V12D07-075_C1,20
GGGAATTCTGTCCAGT-1_V12D07-075_C1,4
GGGACCCGTATATCTT-1_V12D07-075_C1,14
GGGACTGCATAGATAG-1_V12D07-075_C1,9
GGGAGAACTCACAGTA-1_V12D07-075_C1,9
GGGAGCGACCGTAGTG-1_V12D07-075_C1,16
GGGAGGATGCCCGAAA-1_V12D07-075_C1,9
GGGAGTAATGGCTGGC-1_V12D07-075_C1,4
GGGAGTTAATGAGGCG-1_V12D07-075_C1,4
GGGATACGGTAATAAT-1_V12D07-075_C1,2
GGGATCCCAATACAAA-1_V12D07-075_C1,20
GGGATGGTCGTAACCG-1_V12D07-075_C1,17
GGGATTTACCGCACCT-1_V12D07-075_C1,7
GGGCACGAATTGGCCG-1_V12D07-075_C1,4
GGGCAGAGCAATCGTT-1_V12D07-075_C1,7
GGGCAGTCAACGCCAA-1_V12D07-075_C1,8
GGGCCCGTCTTAAACA-1_V12D07-075_C1,9
GGGCCCTACGAAAGGG-1_V12D07-075_C1,17
GGGCCCTTATCTATAC-1_V12D07-075_C1,4
GGGCCGGCCGAAGTAC-1_V12D07-075_C1,4
GGGCCTATTTAAGTAT-1_V12D07-075_C1,20
GGGCGAATTTCTCCAC-1_V12D07-075_C1,4
GGGCGATATGTGTGAA-1_V12D07-075_C1,7
GGGCGCAGCGTTACTC-1_V12D07-075_C1,5
GGGCGGCAAATGAATT-1_V12D07-075_C1,17
GGGCGGGTTCCCTACG-1_V12D07-075_C1,17
GGGCGGTCCTATTGTC-1_V12D07-075_C1,6
GGGCGTACATTTATAT-1_V12D07-075_C1,9
GGGCGTCACCACGTAA-1_V12D07-075_C1,4
GGGCGTCCACTGGCTC-1_V12D07-075_C1,6
GGGCGTGGTTTCCCAG-1_V12D07-075_C1,4
GGGCTATGATCGATGG-1_V12D07-075_C1,10
GGGCTCATCGAACCCA-1_V12D07-075_C1,6
GGGCTGCCTAGGGCGA-1_V12D07-075_C1,8
GGGCTGGTTAGTCGCG-1_V12D07-075_C1,9
GGGTACACTCTGGAGG-1_V12D07-075_C1,10
GGGTACCCACGGTCCT-1_V12D07-075_C1,13
GGGTACTTCATGAACT-1_V12D07-075_C1,7
GGGTCACCGTGACGGT-1_V12D07-075_C1,9
GGGTCAGGAGCTAGAT-1_V12D07-075_C1,14
GGGTCATGCGTACCAT-1_V12D07-075_C1,4
GGGTCGTGGCAAGTGT-1_V12D07-075_C1,5
GGGTCTATCGCTTTCC-1_V12D07-075_C1,8
GGGTGACACCTTAACT-1_V12D07-075_C1,4
GGGTGCATATGAAAGC-1_V12D07-075_C1,5
GGGTGTTTCAGCTATG-1_V12D07-075_C1,6
GGGTTAACATTTGAGT-1_V12D07-075_C1,10
GGGTTTAGGATAGGAT-1_V12D07-075_C1,17
GGTAAACTCTGCGCTG-1_V12D07-075_C1,8
GGTAAATGTGCGTTAC-1_V12D07-075_C1,5
GGTAACCGGCAAAGGT-1_V12D07-075_C1,8
GGTAACTATGTATCTG-1_V12D07-075_C1,5
GGTACAAACATGCTAT-1_V12D07-075_C1,9
GGTACACCAGATTTAT-1_V12D07-075_C1,5
GGTACATCTGGGACGA-1_V12D07-075_C1,10
GGTACCATTAAGACGG-1_V12D07-075_C1,17
GGTACGTTGCGGCCGG-1_V12D07-075_C1,4
GGTACTAAGTGCTTTG-1_V12D07-075_C1,20
GGTAGAAGACCGCCTG-1_V12D07-075_C1,7
GGTAGACCGTTGGGCG-1_V12D07-075_C1,10
GGTAGTGCTCGCACCA-1_V12D07-075_C1,2
GGTATAGTGACACATA-1_V12D07-075_C1,5
GGTATGAAAGAACTGA-1_V12D07-075_C1,4
GGTATTGCCGAGTTTA-1_V12D07-075_C1,14
GGTCAAGACTACTTCG-1_V12D07-075_C1,4
GGTCAGTGGGTCCCAC-1_V12D07-075_C1,9
GGTCATTGTAGTCATA-1_V12D07-075_C1,6
GGTCCTTCATACGACT-1_V12D07-075_C1,8
GGTCGGATAAACGGCG-1_V12D07-075_C1,8
GGTCGGCCAGGAGCTT-1_V12D07-075_C1,10
GGTCGGTAATTAGACA-1_V12D07-075_C1,13
GGTCGGTCGTCCACAG-1_V12D07-075_C1,10
GGTCTCCAAGTAGTGC-1_V12D07-075_C1,20
GGTCTCCGTCCAGGTT-1_V12D07-075_C1,4
GGTCTGAGAATCTGGA-1_V12D07-075_C1,10
GGTCTTGAGCGCTCTT-1_V12D07-075_C1,8
GGTCTTGGTGTTAACT-1_V12D07-075_C1,15
GGTGAAACCGGGAATG-1_V12D07-075_C1,6
GGTGAACGGGCTAGCC-1_V12D07-075_C1,6
GGTGAAGTACAGGGAT-1_V12D07-075_C1,19
GGTGACTGATAGAGAG-1_V12D07-075_C1,15
GGTGAGATGCAGATAA-1_V12D07-075_C1,3
GGTGATAAGGAGCAGT-1_V12D07-075_C1,7
GGTGATGAAGGAAGTG-1_V12D07-075_C1,4
GGTGATTTCATCTTGT-1_V12D07-075_C1,13
GGTGCAGAGCCTATCG-1_V12D07-075_C1,5
GGTGCATAAATGATTA-1_V12D07-075_C1,10
GGTGCGGATAAGTGGC-1_V12D07-075_C1,9
GGTGCTGGTACACATT-1_V12D07-075_C1,14
GGTGGACCACGTGTTA-1_V12D07-075_C1,5
GGTGGACTGCTCTGGC-1_V12D07-075_C1,4
GGTGGAGGTTGATACG-1_V12D07-075_C1,5
GGTGTAAATCGATTGT-1_V12D07-075_C1,4
GGTGTAGGTAAGTAAA-1_V12D07-075_C1,10
GGTGTTGGGCGTCTTA-1_V12D07-075_C1,20
GGTTACCACCCTCGGG-1_V12D07-075_C1,19
GGTTACCCGACACTTT-1_V12D07-075_C1,5
GGTTAGCTATATGTCT-1_V12D07-075_C1,15
GGTTAGGCTTGGAGAA-1_V12D07-075_C1,9
GGTTCGGATTATACTA-1_V12D07-075_C1,4
GGTTCTACTCGTCTGA-1_V12D07-075_C1,19
GGTTGTGCTCTTGTCC-1_V12D07-075_C1,4
GGTTGTGTAGCCTGGC-1_V12D07-075_C1,4
GGTTTAATTGAGCAGG-1_V12D07-075_C1,2
GGTTTACAATCTCAAT-1_V12D07-075_C1,2
GGTTTAGCCTTTCTTG-1_V12D07-075_C1,4
GGTTTCAATCGGTCAG-1_V12D07-075_C1,17
GGTTTGACAAGAAGCT-1_V12D07-075_C1,5
GGTTTGAGTGCTGGAA-1_V12D07-075_C1,9
GGTTTGTGACCTGAGG-1_V12D07-075_C1,14
GTAACAACTGACCTTG-1_V12D07-075_C1,5
GTAACATCTAAGATAA-1_V12D07-075_C1,7
GTAACTGCCCAAGGAG-1_V12D07-075_C1,10
GTAACTTGCGGCAGTC-1_V12D07-075_C1,13
GTAAGCGGGCAGTCAG-1_V12D07-075_C1,7
GTAAGGATTTGTCGGA-1_V12D07-075_C1,13
GTAAGTAACAGTCTGG-1_V12D07-075_C1,4
GTAAGTAGGGTATACC-1_V12D07-075_C1,9
GTAAGTCCACACTCTA-1_V12D07-075_C1,5
GTAATAAAGGGCTCCC-1_V12D07-075_C1,5
GTAATCTGATTCTTCG-1_V12D07-075_C1,19
GTACACTTACCTGAAG-1_V12D07-075_C1,4
GTACAGAGGCAAGGGT-1_V12D07-075_C1,4
GTACGACGGCGCTGCG-1_V12D07-075_C1,13
GTACGAGATTGCGACA-1_V12D07-075_C1,6
GTACGCTTCATTGCAC-1_V12D07-075_C1,4
GTACGTCACGTATTAA-1_V12D07-075_C1,5
GTACGTTTGCCCGTCA-1_V12D07-075_C1,4
GTACTAAGATTTGGAG-1_V12D07-075_C1,9
GTACTCCCTTATCGCT-1_V12D07-075_C1,7
GTACTCCTGGGTATGC-1_V12D07-075_C1,5
GTACTGCATGAAGCGT-1_V12D07-075_C1,6
GTACTGGAGTTAGACC-1_V12D07-075_C1,15
GTACTTGGGCACTTCT-1_V12D07-075_C1,4
GTAGAAACGGGTGGAG-1_V12D07-075_C1,3
GTAGACAACCGATGAA-1_V12D07-075_C1,6
GTAGACACGCCTGACT-1_V12D07-075_C1,7
GTAGACGTCGTTACAT-1_V12D07-075_C1,13
GTAGCCAAACATGGGA-1_V12D07-075_C1,9
GTAGCGCTGTTGTAGT-1_V12D07-075_C1,6
GTAGCGGCTATACACT-1_V12D07-075_C1,9
GTAGCTTCCTCTTGTT-1_V12D07-075_C1,19
GTAGGTGATCCGTGTA-1_V12D07-075_C1,20
GTAGTCGCGGGAATCA-1_V12D07-075_C1,9
GTAGTCTACGATATTG-1_V12D07-075_C1,4
GTAGTGAGCAACCTCA-1_V12D07-075_C1,8
GTATAATCTCCCGGAT-1_V12D07-075_C1,4
GTATAGGACTCAGTAG-1_V12D07-075_C1,20
GTATCAAACGTTAGCT-1_V12D07-075_C1,4
GTATCAGCTTGGGTTC-1_V12D07-075_C1,9
GTATCCTTTGGTAACC-1_V12D07-075_C1,4
GTATCTTTCATAACCA-1_V12D07-075_C1,9
GTATGACGTGGGAAAC-1_V12D07-075_C1,13
GTATGTGGGTCTAGTT-1_V12D07-075_C1,4
GTATTAGGGTTCGCGT-1_V12D07-075_C1,5
GTATTCTGAGAAACGA-1_V12D07-075_C1,19
GTATTCTTACCGTGCT-1_V12D07-075_C1,4
GTATTTAATGGCATAA-1_V12D07-075_C1,6
GTCAAAGTTTACATAG-1_V12D07-075_C1,13
GTCAACCAGGCCTATA-1_V12D07-075_C1,7
GTCAAGCGGACTCGGG-1_V12D07-075_C1,14
GTCAATGCTATAATTT-1_V12D07-075_C1,5
GTCAATTGTACTGAAG-1_V12D07-075_C1,6
GTCACAAAGTTTCCAA-1_V12D07-075_C1,6
GTCAGAATAGTCTATG-1_V12D07-075_C1,18
GTCAGACAGCGTTGGA-1_V12D07-075_C1,4
GTCAGTTGTGCTCGTT-1_V12D07-075_C1,13
GTCAGTTTGGTAGTCG-1_V12D07-075_C1,9
GTCATCTCCTACAGCT-1_V12D07-075_C1,4
GTCATGCACCTCCGTT-1_V12D07-075_C1,4
GTCATGCGCGAGGGCT-1_V12D07-075_C1,15
GTCATGGACATGACTA-1_V12D07-075_C1,9
GTCATTAGAGCGAACG-1_V12D07-075_C1,7
GTCATTGCATTGACCC-1_V12D07-075_C1,9
GTCCAATATTTAGCCT-1_V12D07-075_C1,9
GTCCACGTCGCATTCG-1_V12D07-075_C1,4
GTCCATTACTGCTACG-1_V12D07-075_C1,10
GTCCCAACGTAAAGTA-1_V12D07-075_C1,16
GTCCCGCGACGTTATG-1_V12D07-075_C1,9
GTCCGAGAGCAATCAT-1_V12D07-075_C1,4
GTCCGGACCTGAAATT-1_V12D07-075_C1,4
GTCCGGCTGAATTGCG-1_V12D07-075_C1,18
GTCCGGGTTCACATTA-1_V12D07-075_C1,8
GTCCTACAGGCGGCTC-1_V12D07-075_C1,4
GTCCTACGAATAGTCT-1_V12D07-075_C1,7
GTCCTATTGTTGTGGT-1_V12D07-075_C1,1
GTCCTTCTACAACCCA-1_V12D07-075_C1,13
GTCCTTCTAGTGGGTT-1_V12D07-075_C1,5
GTCCTTTAATGACTTC-1_V12D07-075_C1,6
GTCGATAGGTGACTTT-1_V12D07-075_C1,5
GTCGCCGTTGTGTGTT-1_V12D07-075_C1,10
GTCGCGTAACCCGTTG-1_V12D07-075_C1,14
GTCGGAAGGATACCAG-1_V12D07-075_C1,5
GTCGGATATCTCAGAC-1_V12D07-075_C1,9
GTCGGATGTAGCGCGC-1_V12D07-075_C1,20
GTCGGGAACATGGTAG-1_V12D07-075_C1,3
GTCGGGAAGCAGAAAC-1_V12D07-075_C1,9
GTCGTACCATCTCGGG-1_V12D07-075_C1,4
GTCGTACCTACGATTG-1_V12D07-075_C1,1
GTCGTATTGGCGTACA-1_V12D07-075_C1,6
GTCGTCAATTATAAGG-1_V12D07-075_C1,6
GTCGTCTGGTTGGCTA-1_V12D07-075_C1,5
GTCGTGTCTGGTCATC-1_V12D07-075_C1,5
GTCGTTATTCGCTTAT-1_V12D07-075_C1,4
GTCTACTCAATTACAA-1_V12D07-075_C1,4
GTCTAGTGAGCCGCTT-1_V12D07-075_C1,1
GTCTATCTGAGTTTCT-1_V12D07-075_C1,4
GTCTATTGCATGCTCG-1_V12D07-075_C1,4
GTCTCAAGGCCCGGCT-1_V12D07-075_C1,9
GTCTCCGCCTCAATAC-1_V12D07-075_C1,10
GTCTCGACTAAGTTTG-1_V12D07-075_C1,5
GTCTCGATCTGCTTTC-1_V12D07-075_C1,6
GTCTGGGCGGTCGAGA-1_V12D07-075_C1,17
GTCTTAGTACAGCCGG-1_V12D07-075_C1,6
GTCTTCCTCACCTAAG-1_V12D07-075_C1,4
GTCTTGAGGAGCAGTG-1_V12D07-075_C1,6
GTGAAACGGCGCCACC-1_V12D07-075_C1,5
GTGAAACGTGCTCCAC-1_V12D07-075_C1,6
GTGAACTCCCATTCGA-1_V12D07-075_C1,2
GTGAAGATTTCAAGTG-1_V12D07-075_C1,5
GTGAAGCCGTATAGTC-1_V12D07-075_C1,5
GTGACAGCTTCCCACT-1_V12D07-075_C1,7
GTGACCGCACACTACG-1_V12D07-075_C1,15
GTGACCTAAAGAATAA-1_V12D07-075_C1,20
GTGACGAGGGTGACCC-1_V12D07-075_C1,5
GTGACGCAGGTTTCAT-1_V12D07-075_C1,8
GTGACTTCAGTAGTGC-1_V12D07-075_C1,14
GTGAGCGTGCTGCACT-1_V12D07-075_C1,9
GTGAGGACACTTAAGG-1_V12D07-075_C1,9
GTGAGGAGCGGTTGAG-1_V12D07-075_C1,5
GTGAGTCGACTAATAG-1_V12D07-075_C1,10
GTGAGTCTAAGACGGA-1_V12D07-075_C1,3
GTGAGTGGTACAACGC-1_V12D07-075_C1,14
GTGATCACTAACGCCT-1_V12D07-075_C1,15
GTGATCATAGATCTGC-1_V12D07-075_C1,9
GTGATCCTTGTCATGA-1_V12D07-075_C1,4
GTGATGCACAACATCT-1_V12D07-075_C1,5
GTGATTCGCCGCTCAA-1_V12D07-075_C1,19
GTGCAACAAATGTGGC-1_V12D07-075_C1,13
GTGCACCAGCTTCAAC-1_V12D07-075_C1,13
GTGCACGAAAGTGACT-1_V12D07-075_C1,5
GTGCAGCGTAGAGTAG-1_V12D07-075_C1,6
GTGCCATCACACGGTG-1_V12D07-075_C1,10
GTGCCCGTTCGGATTC-1_V12D07-075_C1,4
GTGCCGCTTCAAAGGT-1_V12D07-075_C1,9
GTGCCTAGCTATGCTT-1_V12D07-075_C1,4
GTGCCTCAGTGTACGG-1_V12D07-075_C1,5
GTGCCTGAGACCAAAC-1_V12D07-075_C1,4
GTGCGAAATCGAACAC-1_V12D07-075_C1,17
GTGCGACAGGGAGTGT-1_V12D07-075_C1,17
GTGCGGGACCATCGGC-1_V12D07-075_C1,18
GTGCGGGTCTCCAAAT-1_V12D07-075_C1,20
GTGCGTGTATATGAGC-1_V12D07-075_C1,5
GTGCTCAAGTACTGTC-1_V12D07-075_C1,9
GTGCTGCAGATAAGGA-1_V12D07-075_C1,4
GTGCTTACATCAGCGC-1_V12D07-075_C1,5
GTGGAACCTACATGCG-1_V12D07-075_C1,20
GTGGACCAACCCGATT-1_V12D07-075_C1,19
GTGGACGCATTTGTCC-1_V12D07-075_C1,2
GTGGACGTGCTGAGAC-1_V12D07-075_C1,13
GTGGAGCATGTCGGCC-1_V12D07-075_C1,20
GTGGAGTCGGCGGTTG-1_V12D07-075_C1,19
GTGGCCTAATATCATT-1_V12D07-075_C1,4
GTGGCTGTTTCTGTTC-1_V12D07-075_C1,4
GTGGGCTTAGACACAC-1_V12D07-075_C1,13
GTGGTATAGTCTGCCG-1_V12D07-075_C1,17
GTGGTCAGCGAAGTAT-1_V12D07-075_C1,5
GTGGTGATGGTTTGTG-1_V12D07-075_C1,6
GTGGTGGCCAAGTGAA-1_V12D07-075_C1,7
GTGGTTACTTCTTTCG-1_V12D07-075_C1,5
GTGGTTTCCGCCTTTC-1_V12D07-075_C1,19
GTGTACCTTGGCTACG-1_V12D07-075_C1,2
GTGTACGAACCGTTCC-1_V12D07-075_C1,20
GTGTATATCAGCGGGC-1_V12D07-075_C1,4
GTGTATGACTTTAAAG-1_V12D07-075_C1,22
GTGTCGTATAGCGTTC-1_V12D07-075_C1,9
GTGTCGTATTCACCTT-1_V12D07-075_C1,20
GTGTGAATAACTTAGG-1_V12D07-075_C1,10
GTGTGTCGACGTCGCT-1_V12D07-075_C1,4
GTGTTACTATGCGTCC-1_V12D07-075_C1,9
GTTAACATCACTTAAA-1_V12D07-075_C1,9
GTTAAGGGTGCGATGT-1_V12D07-075_C1,9
GTTAAGTTAGAGTGGG-1_V12D07-075_C1,5
GTTAATGTCTATCTTA-1_V12D07-075_C1,4
GTTACAATTGGTGACG-1_V12D07-075_C1,7
GTTACCAAGGCGTACG-1_V12D07-075_C1,10
GTTACCTACAACTTGC-1_V12D07-075_C1,9
GTTACTTTGGGCCTAG-1_V12D07-075_C1,10
GTTAGCCCATGACATC-1_V12D07-075_C1,4
GTTAGCCGTAAATCAA-1_V12D07-075_C1,5
GTTATAATACGGTGAA-1_V12D07-075_C1,4
GTTATATCAGGAGCCA-1_V12D07-075_C1,5
GTTATATTATCTCCCT-1_V12D07-075_C1,9
GTTATCAAGCTATCGA-1_V12D07-075_C1,4
GTTATCACCTTCTGAA-1_V12D07-075_C1,6
GTTCAAATCAGATGTC-1_V12D07-075_C1,4
GTTCACAGGAGTCTAG-1_V12D07-075_C1,4
GTTCAGTCGCCAAATG-1_V12D07-075_C1,7
GTTCATCGTTTGGCTG-1_V12D07-075_C1,5
GTTCCAGTCTGACCAT-1_V12D07-075_C1,6
GTTCCCGTAAACATAT-1_V12D07-075_C1,15
GTTCGCCATAAGTGCC-1_V12D07-075_C1,14
GTTCGCTGAGACGTCT-1_V12D07-075_C1,4
GTTCGGAGCACTCAAC-1_V12D07-075_C1,8
GTTCGGATCGGGAACA-1_V12D07-075_C1,17
GTTCGGGCGTACCATT-1_V12D07-075_C1,20
GTTCGTCTGGGTCCCT-1_V12D07-075_C1,20
GTTGAACCGGTTCCAT-1_V12D07-075_C1,14
GTTGAGTCCCGCCGGT-1_V12D07-075_C1,21
GTTGCACGGAGTTTCG-1_V12D07-075_C1,9
GTTGCAGTCGACAACA-1_V12D07-075_C1,15
GTTGCGCTAACATTAC-1_V12D07-075_C1,20
GTTGCGGACGGTCAGG-1_V12D07-075_C1,6
GTTGGACCGCATCAGG-1_V12D07-075_C1,5
GTTGGATTCAGTGGCT-1_V12D07-075_C1,5
GTTGGATTGAGAACAC-1_V12D07-075_C1,15
GTTGGATTTGCGTTGG-1_V12D07-075_C1,4
GTTGGTCATGCTATCC-1_V12D07-075_C1,10
GTTGTAGATTTATGAG-1_V12D07-075_C1,4
GTTGTTACATTGCGCT-1_V12D07-075_C1,20
GTTGTTGCAAGATGGC-1_V12D07-075_C1,10
GTTTACGTTCCATCTG-1_V12D07-075_C1,9
GTTTATGGGATTTAGA-1_V12D07-075_C1,7
GTTTCAAACGAGTTGT-1_V12D07-075_C1,4
GTTTCATATCGTCGCT-1_V12D07-075_C1,19
GTTTCCTGGAGGGTGA-1_V12D07-075_C1,6
GTTTCTAGAGGCGCGG-1_V12D07-075_C1,4
GTTTCTGCAGTCTCCC-1_V12D07-075_C1,9
GTTTGACCAAATCCTA-1_V12D07-075_C1,9
GTTTGGCCCAAGTTAT-1_V12D07-075_C1,4
GTTTGGGCTTGTGAGC-1_V12D07-075_C1,9
GTTTGGGTTTCGCCCG-1_V12D07-075_C1,8
GTTTGGTAGGGTCAAC-1_V12D07-075_C1,9
TAAACGTCGTCAATGA-1_V12D07-075_C1,7
TAAAGACAACCCTTTA-1_V12D07-075_C1,6
TAAAGAGCCCGAAACC-1_V12D07-075_C1,6
TAAAGCGGTATTTCCA-1_V12D07-075_C1,14
TAAAGCGTTAGGAGAA-1_V12D07-075_C1,17
TAAAGCTGCAATAGGG-1_V12D07-075_C1,4
TAAATCTTTACACCTC-1_V12D07-075_C1,5
TAAATGAATCCGTTTC-1_V12D07-075_C1,7
TAAATGCCGTCTCATG-1_V12D07-075_C1,5
TAAATGGGCTACTGAG-1_V12D07-075_C1,4
TAACAAAGGGAGAAGC-1_V12D07-075_C1,9
TAACAATATTTGTTGC-1_V12D07-075_C1,2
TAACATACAATGTGGG-1_V12D07-075_C1,13
TAACCGCCCGCAGTGC-1_V12D07-075_C1,6
TAACCTACCGTCCGAG-1_V12D07-075_C1,5
TAACCTAGGGAGTCCA-1_V12D07-075_C1,4
TAACGCTTTGAGAGCG-1_V12D07-075_C1,9
TAACTATCGAAGGTCC-1_V12D07-075_C1,13
TAACTATTACGCCAAA-1_V12D07-075_C1,20
TAACTCATCCGCGCGG-1_V12D07-075_C1,14
TAACTCCATGGAGGCT-1_V12D07-075_C1,3
TAAGCAGGCGACACGC-1_V12D07-075_C1,4
TAAGCCCTTACGACCA-1_V12D07-075_C1,5
TAAGGCAACATAAGAT-1_V12D07-075_C1,14
TAAGGCATAACATCAA-1_V12D07-075_C1,17
TAAGGCCCGTCACCCT-1_V12D07-075_C1,4
TAAGGCTGAATCCCTC-1_V12D07-075_C1,8
TAAGGGCCTGTCCGAT-1_V12D07-075_C1,7
TAAGGGCTGGGAGAGG-1_V12D07-075_C1,3
TAAGTAAATGTGCCGC-1_V12D07-075_C1,7
TAAGTAACATCTTGAC-1_V12D07-075_C1,17
TAAGTCGGTGAGCTAG-1_V12D07-075_C1,21
TAAGTTGCGACGTAGG-1_V12D07-075_C1,4
TAATAAACAAGGAGAT-1_V12D07-075_C1,5
TAATACACAGTAGTAT-1_V12D07-075_C1,6
TAATACTAGAACAGAC-1_V12D07-075_C1,4
TAATAGAACAGAGTTA-1_V12D07-075_C1,19
TAATAGCTAAATGATG-1_V12D07-075_C1,5
TAATAGTGACGACCAG-1_V12D07-075_C1,17
TAATATTGAAATTCGC-1_V12D07-075_C1,13
TAATCAACCAAATGGG-1_V12D07-075_C1,6
TAATCGATCCGTACGT-1_V12D07-075_C1,10
TAATGAAAGACCCTTG-1_V12D07-075_C1,3
TAATTACGTCAGTAGA-1_V12D07-075_C1,16
TAATTAGGACATCCGT-1_V12D07-075_C1,19
TAATTCCAATGCTTCA-1_V12D07-075_C1,8
TAATTGGAATCGGGAA-1_V12D07-075_C1,16
TAATTTCCGTCCAGTA-1_V12D07-075_C1,19
TACAACGCACAACTCA-1_V12D07-075_C1,14
TACAAGGGCTTCTTTA-1_V12D07-075_C1,4
TACACCGTCGTTAGTC-1_V12D07-075_C1,2
TACACCTCTTCGAATC-1_V12D07-075_C1,10
TACATAGGCATACACC-1_V12D07-075_C1,4
TACATCTTGTTTCTTG-1_V12D07-075_C1,4
TACATGACCTTATCCG-1_V12D07-075_C1,4
TACATGCCGGAATTGT-1_V12D07-075_C1,20
TACATTTCTAACGTGC-1_V12D07-075_C1,4
TACCAAATAGCCCAGA-1_V12D07-075_C1,4
TACCAATAAAGTACCA-1_V12D07-075_C1,4
TACCAGAAGTAGGTTC-1_V12D07-075_C1,9
TACCAGCTAGGTTTAA-1_V12D07-075_C1,13
TACCATGTATTGATTT-1_V12D07-075_C1,6
TACCCTCGGTAACCCT-1_V12D07-075_C1,15
TACCGAATAATTGTAA-1_V12D07-075_C1,4
TACCGCGGACTTGCAG-1_V12D07-075_C1,19
TACCGGCTCACTGCCC-1_V12D07-075_C1,9
TACCGGTCGTTTCCAT-1_V12D07-075_C1,19
TACCGTAGGTTAACTA-1_V12D07-075_C1,1
TACCGTGCCTCGGACC-1_V12D07-075_C1,14
TACCTACTCCCAGTAT-1_V12D07-075_C1,7
TACCTATCCCTAGAGG-1_V12D07-075_C1,10
TACCTCACGCTTGTAC-1_V12D07-075_C1,6
TACCTCAGTTGTCTGT-1_V12D07-075_C1,14
TACCTCTTTACCATCC-1_V12D07-075_C1,10
TACCTGCTGCACTGTG-1_V12D07-075_C1,13
TACGAACACGACTTCA-1_V12D07-075_C1,14
TACGACGCTTGCTGCG-1_V12D07-075_C1,9
TACGACTGCCTCTTAG-1_V12D07-075_C1,4
TACGAGAACTTCACGT-1_V12D07-075_C1,13
TACGATGTTGATCATC-1_V12D07-075_C1,7
TACGCAGTTCTTTCCT-1_V12D07-075_C1,4
TACGCCATATTCTAAT-1_V12D07-075_C1,7
TACGCCGCCTCAGAAG-1_V12D07-075_C1,6
TACGCCTCCATTCCGA-1_V12D07-075_C1,9
TACGCTATAGAAACCT-1_V12D07-075_C1,5
TACGCTCGGTATTGGA-1_V12D07-075_C1,4
TACGGAAGCCAAACCA-1_V12D07-075_C1,8
TACGGCATGGACGCTA-1_V12D07-075_C1,4
TACGGGATGCTAGCAG-1_V12D07-075_C1,5
TACGTAAAGCGGAGTG-1_V12D07-075_C1,8
TACGTGCAAGGTTCCT-1_V12D07-075_C1,5
TACGTGCACTATGCTG-1_V12D07-075_C1,7
TACGTGGGCCCAGGGC-1_V12D07-075_C1,4
TACGTTTACCGGCAAT-1_V12D07-075_C1,10
TACTACGTGCAATGCG-1_V12D07-075_C1,17
TACTATGGTTCCTCAG-1_V12D07-075_C1,17
TACTCTCCGAACAAAT-1_V12D07-075_C1,6
TACTCTTACTTTACTG-1_V12D07-075_C1,10
TACTCTTTCGTCTTCA-1_V12D07-075_C1,17
TACTGAACAGATTTAG-1_V12D07-075_C1,19
TACTGCAATCAATTAC-1_V12D07-075_C1,20
TACTGGACAGCTCGGC-1_V12D07-075_C1,1
TACTGTTTCTCTGGTA-1_V12D07-075_C1,5
TACTTAAACATGTACA-1_V12D07-075_C1,4
TACTTGTTAGTAGTCC-1_V12D07-075_C1,18
TACTTTACTGAGCCGG-1_V12D07-075_C1,19
TAGAAACACAATAGTG-1_V12D07-075_C1,4
TAGAAACCACTAAGTA-1_V12D07-075_C1,6
TAGAAAGGTGGCGCTA-1_V12D07-075_C1,4
TAGAAATTCACGTATA-1_V12D07-075_C1,4
TAGAAGAAGGGTTACA-1_V12D07-075_C1,8
TAGAATAGCCGATGAA-1_V12D07-075_C1,4
TAGACGAAACGCCAAT-1_V12D07-075_C1,3
TAGACGCCCGTACCGG-1_V12D07-075_C1,19
TAGACTACCTAGCGTT-1_V12D07-075_C1,10
TAGAGCTACGAAGAAC-1_V12D07-075_C1,13
TAGAGGTTCTACTTGT-1_V12D07-075_C1,4
TAGAGTCTAAGCGAAC-1_V12D07-075_C1,13
TAGATATGGACTGGAA-1_V12D07-075_C1,10
TAGATCCGAAGTCGCA-1_V12D07-075_C1,3
TAGATGGTTCCTTACT-1_V12D07-075_C1,8
TAGATTCCTGGTTATT-1_V12D07-075_C1,2
TAGCAACCTGTCACAA-1_V12D07-075_C1,7
TAGCAGTATGACTAAA-1_V12D07-075_C1,8
TAGCCAGAGGGTCCGG-1_V12D07-075_C1,15
TAGCCATTTCAAAGTC-1_V12D07-075_C1,14
TAGCCGGCGGTCAGCG-1_V12D07-075_C1,4
TAGCGTCCCTCGATTG-1_V12D07-075_C1,17
TAGCGTCCGGTGTGGT-1_V12D07-075_C1,7
TAGCGTCGAATATTGA-1_V12D07-075_C1,4
TAGCGTTGGGTCTTAC-1_V12D07-075_C1,14
TAGCTAAGTCCGGGAG-1_V12D07-075_C1,7
TAGCTAGAAGGCATGA-1_V12D07-075_C1,14
TAGCTAGTGATGATGG-1_V12D07-075_C1,17
TAGCTCAGATCCTAGT-1_V12D07-075_C1,6
TAGCTCGCCTGATAAC-1_V12D07-075_C1,4
TAGGAACAGCCTCCAG-1_V12D07-075_C1,5
TAGGCATGTTACGCCA-1_V12D07-075_C1,5
TAGGCCTATATAGTCT-1_V12D07-075_C1,4
TAGGCTAAAGTGGCAC-1_V12D07-075_C1,4
TAGGGAGCTTGGGATG-1_V12D07-075_C1,10
TAGGGTGTTTCAAGAG-1_V12D07-075_C1,6
TAGGTCGCCGGAACTG-1_V12D07-075_C1,19
TAGGTGACGATAACCT-1_V12D07-075_C1,4
TAGGTGAGCCCTACTC-1_V12D07-075_C1,4
TAGGTGCTCGCCTAGC-1_V12D07-075_C1,4
TAGGTGTTCCACAGAT-1_V12D07-075_C1,7
TAGGTTCGAGTTCGTC-1_V12D07-075_C1,14
TAGTAGCTTATACCAG-1_V12D07-075_C1,19
TAGTCCCGGAGACCAC-1_V12D07-075_C1,4
TAGTCCGCAGAGAATG-1_V12D07-075_C1,7
TAGTCCGTATGCATAA-1_V12D07-075_C1,4
TAGTCGATCACGGGTT-1_V12D07-075_C1,4
TAGTCGGGATTCTTCG-1_V12D07-075_C1,8
TAGTCTAACAACGAGA-1_V12D07-075_C1,10
TAGTCTGTGACGTTGC-1_V12D07-075_C1,20
TAGTCTTTCCGAATTG-1_V12D07-075_C1,6
TAGTGCCCTCCAGAGT-1_V12D07-075_C1,4
TAGTGCTTGAATCCTT-1_V12D07-075_C1,4
TAGTGTCAGAAACGGC-1_V12D07-075_C1,7
TAGTTAAGATAGGATA-1_V12D07-075_C1,5
TAGTTTATTCTTGCTT-1_V12D07-075_C1,6
TATAAATCCACAAGCT-1_V12D07-075_C1,18
TATAAGTGAGGATAGC-1_V12D07-075_C1,13
TATACACAGACGCCTT-1_V12D07-075_C1,14
TATACACGCAAAGTAT-1_V12D07-075_C1,3
TATACCGAGTGCCACA-1_V12D07-075_C1,6
TATACGCGTCATCACT-1_V12D07-075_C1,7
TATAGAGTCGCTTGAA-1_V12D07-075_C1,3
TATAGATGGTCGCAGT-1_V12D07-075_C1,8
TATAGGGTACTCATGA-1_V12D07-075_C1,10
TATATCATTGATCAGT-1_V12D07-075_C1,4
TATATCCCTGGGAGGA-1_V12D07-075_C1,17
TATATGCTGGGTTGCC-1_V12D07-075_C1,13
TATATTACAAATGTCG-1_V12D07-075_C1,20
TATATTCGCGTCGATA-1_V12D07-075_C1,13
TATCAAAGGTCTGTAA-1_V12D07-075_C1,4
TATCACCATGTAAAGT-1_V12D07-075_C1,6
TATCACCCAACCGACC-1_V12D07-075_C1,5
TATCACTTCGAGTAAC-1_V12D07-075_C1,1
TATCCATATCATGCGA-1_V12D07-075_C1,6
TATCCGCACCGTCGGG-1_V12D07-075_C1,14
TATCCTATCAACTGGT-1_V12D07-075_C1,4
TATCCTGCATGGGAAT-1_V12D07-075_C1,2
TATCGATCTATGCATA-1_V12D07-075_C1,20
TATCGATGATTAAACG-1_V12D07-075_C1,9
TATCTACAGAGGTAAT-1_V12D07-075_C1,3
TATCTACCACAGCGGG-1_V12D07-075_C1,4
TATCTAGCCTAAAGGA-1_V12D07-075_C1,3
TATGAAGAATTAAGGT-1_V12D07-075_C1,8
TATGAAGACAGGTGCG-1_V12D07-075_C1,13
TATGATAAATCTAACG-1_V12D07-075_C1,6
TATGATCCGGCACGCC-1_V12D07-075_C1,5
TATGATTCTGCTTGGT-1_V12D07-075_C1,6
TATGCTCCCTACTTAC-1_V12D07-075_C1,13
TATGGAGTTTCTCGTT-1_V12D07-075_C1,6
TATGGATGTGCTACGC-1_V12D07-075_C1,7
TATGGCTAGGCTAATT-1_V12D07-075_C1,5
TATGGGACCGAGCAGG-1_V12D07-075_C1,4
TATGGGTACGTATCGT-1_V12D07-075_C1,14
TATGGTCTGAGTAACA-1_V12D07-075_C1,14
TATGGTTAGTGGGAGA-1_V12D07-075_C1,10
TATGTCAAGACCGACT-1_V12D07-075_C1,5
TATGTCTCATTGTGCC-1_V12D07-075_C1,17
TATTAACCTGACCGCG-1_V12D07-075_C1,17
TATTACCATCCTGCTT-1_V12D07-075_C1,4
TATTCAATTCTAATCC-1_V12D07-075_C1,4
TATTCCACTCAGCTCG-1_V12D07-075_C1,7
TATTCCGGCAGTCCTA-1_V12D07-075_C1,13
TATTCCTCCGCCCACT-1_V12D07-075_C1,19
TATTCGTGCCAGAATA-1_V12D07-075_C1,9
TATTGACATTTCTGCC-1_V12D07-075_C1,5
TATTGCCGGGCTTGTA-1_V12D07-075_C1,4
TATTTAGTCTAGATCG-1_V12D07-075_C1,6
TATTTATACCGAGTAG-1_V12D07-075_C1,6
TATTTGTTACCCTTTA-1_V12D07-075_C1,9
TCAAACAACCGCGTCG-1_V12D07-075_C1,9
TCAAACTTAGATTGTT-1_V12D07-075_C1,9
TCAAATTGTTGTGCCG-1_V12D07-075_C1,4
TCAAATTTGAGACTCA-1_V12D07-075_C1,9
TCAACACATTGGGTAA-1_V12D07-075_C1,6
TCAACATAGCGCCCTA-1_V12D07-075_C1,19
TCAACCATGTTCGGGC-1_V12D07-075_C1,5
TCAACGAGGAGACAAA-1_V12D07-075_C1,9
TCAACGCGACCGGCAG-1_V12D07-075_C1,10
TCAACTAACGTATAAC-1_V12D07-075_C1,3
TCAACTGCAGAGTCAG-1_V12D07-075_C1,4
TCAAGAAATACTAGCT-1_V12D07-075_C1,5
TCAAGCGCGGACGGTA-1_V12D07-075_C1,4
TCAAGGTTACTACACC-1_V12D07-075_C1,4
TCAATACAATTGCTGC-1_V12D07-075_C1,4
TCAATACGCCGTCATG-1_V12D07-075_C1,9
TCAATATACAGGAGGC-1_V12D07-075_C1,10
TCAATCCCGCGCCAAA-1_V12D07-075_C1,10
TCACAAACCGAGGTAC-1_V12D07-075_C1,7
TCACAGATCCTCAAAC-1_V12D07-075_C1,7
TCACAGCAAACTCGAA-1_V12D07-075_C1,10
TCACAGGAGAATAAGA-1_V12D07-075_C1,10
TCACAGGGAATCGCAA-1_V12D07-075_C1,9
TCACAGGTTATTGGGC-1_V12D07-075_C1,7
TCACATCTTATCTGAT-1_V12D07-075_C1,3
TCACCCTCTTAAGATT-1_V12D07-075_C1,14
TCACCGCTCGGCACTC-1_V12D07-075_C1,19
TCACGCATTGTAGATC-1_V12D07-075_C1,7
TCACGGTCATCGCACA-1_V12D07-075_C1,9
TCACGTGCCCGATTCA-1_V12D07-075_C1,4
TCACTACGACCAATGC-1_V12D07-075_C1,5
TCACTATCCCTTCGGT-1_V12D07-075_C1,10
TCACTCGTGCAACGGC-1_V12D07-075_C1,17
TCACTCTTCGTCTGTC-1_V12D07-075_C1,4
TCAGAACCTCCACAGG-1_V12D07-075_C1,5
TCAGACGCTATAGAAG-1_V12D07-075_C1,9
TCAGAGTGTGAGCATG-1_V12D07-075_C1,10
TCAGCAAATGCATCTC-1_V12D07-075_C1,4
TCAGCCAATCCGTAAA-1_V12D07-075_C1,4
TCAGGGCGACTTCCTT-1_V12D07-075_C1,9
TCAGGGTGCACGAAAC-1_V12D07-075_C1,5
TCAGGGTGTAACGTAA-1_V12D07-075_C1,8
TCAGGTTCTTTGAGAA-1_V12D07-075_C1,9
TCAGTACTGACCCGCG-1_V12D07-075_C1,8
TCAGTAGGGACTATAA-1_V12D07-075_C1,10
TCATAAGTCCAAGAAG-1_V12D07-075_C1,15
TCATACTTACAGATCC-1_V12D07-075_C1,13
TCATATGAGCTTTGTT-1_V12D07-075_C1,4
TCATCCCAGAGGGTGG-1_V12D07-075_C1,6
TCATCCTCAGCTGCTT-1_V12D07-075_C1,4
TCATCGACGACCGTCG-1_V12D07-075_C1,4
TCATGCAGGTTCTCAT-1_V12D07-075_C1,5
TCATTCGTATAATTTG-1_V12D07-075_C1,5
TCATTTAAGTCTCCGA-1_V12D07-075_C1,17
TCATTTAGAAGTGTGA-1_V12D07-075_C1,4
TCCAACTCAGCTATCT-1_V12D07-075_C1,18
TCCAACTTTAAATTCT-1_V12D07-075_C1,4
TCCAATAAAGGCTACC-1_V12D07-075_C1,9
TCCACAATGGTTTACG-1_V12D07-075_C1,13
TCCACATCGTATATTG-1_V12D07-075_C1,4
TCCACCAAGACATAGG-1_V12D07-075_C1,10
TCCACCTCTAGCCTTT-1_V12D07-075_C1,14
TCCACTTTATCTAGGT-1_V12D07-075_C1,7
TCCAGAGCACCGGTTC-1_V12D07-075_C1,9
TCCAGATGTACGCCAA-1_V12D07-075_C1,5
TCCAGCGCTATAAGCG-1_V12D07-075_C1,17
TCCAGGCGAGTACGGT-1_V12D07-075_C1,9
TCCAGGGTATATACGA-1_V12D07-075_C1,9
TCCATTAGTTGGATAG-1_V12D07-075_C1,6
TCCATTGTGACCTCGT-1_V12D07-075_C1,6
TCCCAAACAGACAACG-1_V12D07-075_C1,6
TCCCAAAGACGAAGGA-1_V12D07-075_C1,9
TCCCAAAGCCCTAAAT-1_V12D07-075_C1,5
TCCCACTCTCTTCCGG-1_V12D07-075_C1,20
TCCCAGCACACGACAT-1_V12D07-075_C1,10
TCCCAGCTTTAGTCTG-1_V12D07-075_C1,9
TCCCAGGCTTAGCTAA-1_V12D07-075_C1,9
TCCCGCCTATGTGCGT-1_V12D07-075_C1,5
TCCCGCGTACTCCTGG-1_V12D07-075_C1,7
TCCCGGGTGTGCTGCT-1_V12D07-075_C1,4
TCCCGGTCAGGAATTT-1_V12D07-075_C1,3
TCCCGTCAGTCCCGCA-1_V12D07-075_C1,6
TCCCGTCGCGTCATAG-1_V12D07-075_C1,6
TCCCGTGTGCAATTTG-1_V12D07-075_C1,4
TCCCTAGATCAATAGG-1_V12D07-075_C1,6
TCCCTCTTCTCAAGGG-1_V12D07-075_C1,4
TCCCTGGCTCGCTGGA-1_V12D07-075_C1,3
TCCCTTAGATTACTCG-1_V12D07-075_C1,6
TCCCTTGTCTGAAACT-1_V12D07-075_C1,4
TCCGAACGTTGCCGCT-1_V12D07-075_C1,6
TCCGAAGTAGTCACCA-1_V12D07-075_C1,5
TCCGAATGGTCCTGAG-1_V12D07-075_C1,5
TCCGAGAAGGCTAAGC-1_V12D07-075_C1,22
TCCGATGACTGAGCTC-1_V12D07-075_C1,5
TCCGATGGTGCGACAT-1_V12D07-075_C1,9
TCCGATTACATTGCCG-1_V12D07-075_C1,9
TCCGCAGCCACCTAGC-1_V12D07-075_C1,8
TCCGCCTGTCTACAAG-1_V12D07-075_C1,9
TCCGCGGCAGCATCTG-1_V12D07-075_C1,8
TCCGCGGCCCAATGAA-1_V12D07-075_C1,4
TCCGCTGTCATCCCGG-1_V12D07-075_C1,4
TCCGCTTATCCCATTA-1_V12D07-075_C1,7
TCCGGAGGAAGGGCTG-1_V12D07-075_C1,5
TCCGGCCTAGCGTACA-1_V12D07-075_C1,17
TCCGGCTGTCGGGTCG-1_V12D07-075_C1,10
TCCGGGCTTGACGGGA-1_V12D07-075_C1,7
TCCGGTTCGTCCGGTC-1_V12D07-075_C1,13
TCCGTTAAGCTAATAT-1_V12D07-075_C1,4
TCCGTTTAGCCTTGAA-1_V12D07-075_C1,19
TCCTAAAGATTCAGAC-1_V12D07-075_C1,4
TCCTAAATTGGGAAGC-1_V12D07-075_C1,9
TCCTAACCGTCGGGCA-1_V12D07-075_C1,17
TCCTACATCCACGGCC-1_V12D07-075_C1,4
TCCTAGCAAAGAAGCT-1_V12D07-075_C1,10
TCCTATCATAGGTAAC-1_V12D07-075_C1,5
TCCTCGGGCTGGGCTT-1_V12D07-075_C1,7
TCCTCTACGAGATGGC-1_V12D07-075_C1,7
TCCTCTGGCCCATTAG-1_V12D07-075_C1,5
TCCTGCCAACTGGAGA-1_V12D07-075_C1,6
TCCTGCGTTGATACTC-1_V12D07-075_C1,9
TCCTGGCGCTGCCTGG-1_V12D07-075_C1,6
TCCTTACGACGGTCCG-1_V12D07-075_C1,9
TCCTTCAATCCCTACG-1_V12D07-075_C1,19
TCCTTCAGTGGTCGAA-1_V12D07-075_C1,6
TCCTTGTCCTTTAATT-1_V12D07-075_C1,4
TCCTTTAAATCCGCTT-1_V12D07-075_C1,4
TCCTTTCTTACGCTTA-1_V12D07-075_C1,4
TCGAAATTTAGGACCA-1_V12D07-075_C1,9
TCGAAGAACCGAGCAC-1_V12D07-075_C1,4
TCGAGACCAACACCGT-1_V12D07-075_C1,7
TCGAGGGCAACAGACG-1_V12D07-075_C1,4
TCGATAGGCTAGTCGC-1_V12D07-075_C1,6
TCGCAAAGATGCATTT-1_V12D07-075_C1,9
TCGCACCAGGAGGCAG-1_V12D07-075_C1,9
TCGCACTAACGTTTGT-1_V12D07-075_C1,4
TCGCATAAAGGGCGCA-1_V12D07-075_C1,4
TCGCATCCCTAAGTGT-1_V12D07-075_C1,6
TCGCATTCAATGACTT-1_V12D07-075_C1,13
TCGCCCAACTGACTCC-1_V12D07-075_C1,20
TCGCCCACTGCGAGAG-1_V12D07-075_C1,4
TCGCCGAAGTTGCGTC-1_V12D07-075_C1,19
TCGCCGACATATTCGC-1_V12D07-075_C1,4
TCGCCGGATGGGCAAG-1_V12D07-075_C1,4
TCGCCGGTCGATCCGT-1_V12D07-075_C1,20
TCGCTAAACCGCTATC-1_V12D07-075_C1,20
TCGCTACTGGCTTTGA-1_V12D07-075_C1,9
TCGCTCGATATATTCC-1_V12D07-075_C1,14
TCGCTCGGCACCAGCG-1_V12D07-075_C1,5
TCGCTGCCAATGCTGT-1_V12D07-075_C1,4
TCGCTGGGCGGATTGT-1_V12D07-075_C1,7
TCGCTGTGCGTAAATC-1_V12D07-075_C1,4
TCGCTTAATTACGAAG-1_V12D07-075_C1,20
TCGCTTTAAACGTTTG-1_V12D07-075_C1,5
TCGGAATGCGCTCTGA-1_V12D07-075_C1,11
TCGGACGCCCAGCCCA-1_V12D07-075_C1,8
TCGGAGTACATGAGTA-1_V12D07-075_C1,4
TCGGCAGGGTTAAGGG-1_V12D07-075_C1,10
TCGGCGAACCCAAACC-1_V12D07-075_C1,8
TCGGCTTGTATCGACG-1_V12D07-075_C1,7
TCGGGAACGTGCCTAG-1_V12D07-075_C1,20
TCGGGAGACAGCGTAC-1_V12D07-075_C1,9
TCGGGATTCAAACATA-1_V12D07-075_C1,19
TCGGGCCGTCGTGGTA-1_V12D07-075_C1,2
TCGGGTGAAACTGCTA-1_V12D07-075_C1,6
TCGGTCCCTGACTCCA-1_V12D07-075_C1,5
TCGGTGACCGCTCCGG-1_V12D07-075_C1,5
TCGGTTAGCCATGTAG-1_V12D07-075_C1,5
TCGTAACTCCCAAGAC-1_V12D07-075_C1,8
TCGTAAGACGACATTG-1_V12D07-075_C1,7
TCGTAAGCTCCGAGGA-1_V12D07-075_C1,5
TCGTACCGACGTCAAG-1_V12D07-075_C1,7
TCGTATAGTGCAATTA-1_V12D07-075_C1,13
TCGTATTACCCATTGC-1_V12D07-075_C1,4
TCGTCACACTGTTAGC-1_V12D07-075_C1,4
TCGTCCGCTGGCGTCT-1_V12D07-075_C1,13
TCGTCCGGGTACACTC-1_V12D07-075_C1,5
TCGTCTTAGGCGTTAA-1_V12D07-075_C1,13
TCGTGTTCGACCACAA-1_V12D07-075_C1,4
TCGTTAGGAGTCCCTA-1_V12D07-075_C1,14
TCGTTCGTTATTATGT-1_V12D07-075_C1,6
TCGTTGACAGGGTCCC-1_V12D07-075_C1,8
TCGTTGCTATCCGGTC-1_V12D07-075_C1,19
TCGTTGGCTCGTCAAT-1_V12D07-075_C1,13
TCGTTTACGCGACCCT-1_V12D07-075_C1,4
TCTAACTGTATGTAAA-1_V12D07-075_C1,4
TCTACACGTTCATGCA-1_V12D07-075_C1,5
TCTACCCAATAGAGAG-1_V12D07-075_C1,4
TCTACCGTCCACAAGC-1_V12D07-075_C1,9
TCTAGCAATCTCCGCC-1_V12D07-075_C1,17
TCTAGCATCTTCGATG-1_V12D07-075_C1,9
TCTAGCATGCCCAGAA-1_V12D07-075_C1,14
TCTAGGTGGCGACGCT-1_V12D07-075_C1,10
TCTAGTGATATCGTGG-1_V12D07-075_C1,4
TCTAGTTATCAGAAGA-1_V12D07-075_C1,4
TCTATAGGTGGGTAAT-1_V12D07-075_C1,4
TCTATCATGCAGTTAC-1_V12D07-075_C1,4
TCTATCGGTCGCAACA-1_V12D07-075_C1,7
TCTATGCTATAACGAC-1_V12D07-075_C1,4
TCTATTACGCTGGCGA-1_V12D07-075_C1,4
TCTCAAATCAATCGGG-1_V12D07-075_C1,10
TCTCATGAGATAGGGT-1_V12D07-075_C1,16
TCTCCAACGTAGGTTA-1_V12D07-075_C1,6
TCTCCACAAGTTGAAT-1_V12D07-075_C1,9
TCTCCCTGGGCAGCGT-1_V12D07-075_C1,7
TCTCGAACGAGGTCAC-1_V12D07-075_C1,5
TCTCGAGGAGGTTCGC-1_V12D07-075_C1,14
TCTCGGCTCCAGGACT-1_V12D07-075_C1,3
TCTCTAATAGCTGGTA-1_V12D07-075_C1,20
TCTCTCGCCGCACATA-1_V12D07-075_C1,4
TCTGAACCGGTCGGCT-1_V12D07-075_C1,13
TCTGAACTCGTACCCG-1_V12D07-075_C1,4
TCTGAAGCACGTGGTC-1_V12D07-075_C1,8
TCTGAATTCCGTACAA-1_V12D07-075_C1,19
TCTGACGGGCTAACCC-1_V12D07-075_C1,5
TCTGACTGTAATGGTT-1_V12D07-075_C1,4
TCTGAGCAATTGACTG-1_V12D07-075_C1,4
TCTGATCGGGTGCTAG-1_V12D07-075_C1,20
TCTGATGTATTCTGTC-1_V12D07-075_C1,9
TCTGATTGGAAATGGA-1_V12D07-075_C1,5
TCTGCAGATTCGAGTC-1_V12D07-075_C1,13
TCTGCATACCTTGCTT-1_V12D07-075_C1,4
TCTGCCAGAAACTGCA-1_V12D07-075_C1,14
TCTGCGTCCGGTTTCT-1_V12D07-075_C1,3
TCTGCTTAGAACAAGC-1_V12D07-075_C1,6
TCTGGAGCGTAAGAGT-1_V12D07-075_C1,5
TCTGGCCGTTCAAGTT-1_V12D07-075_C1,5
TCTGGCGCAAGCCGGG-1_V12D07-075_C1,4
TCTGGGAACCTTTGAA-1_V12D07-075_C1,3
TCTGGGTAGCGCTCAT-1_V12D07-075_C1,14
TCTGTCATACAAGAGC-1_V12D07-075_C1,9
TCTGTGATGGAGGTTG-1_V12D07-075_C1,20
TCTGTGCCATCATAGT-1_V12D07-075_C1,4
TCTGTTACCCAGCATA-1_V12D07-075_C1,19
TCTTAACTCGGATGTA-1_V12D07-075_C1,4
TCTTACAGAGGTACCG-1_V12D07-075_C1,6
TCTTACCGGAACTCGT-1_V12D07-075_C1,6
TCTTACGGCATCCGAC-1_V12D07-075_C1,13
TCTTACTTATGCCTCT-1_V12D07-075_C1,4
TCTTAGAGCTCCAATT-1_V12D07-075_C1,1
TCTTAGAGTGAACTCT-1_V12D07-075_C1,4
TCTTCCCATGGGCACA-1_V12D07-075_C1,19
TCTTCGAATAGACGTT-1_V12D07-075_C1,9
TCTTCGATACCAATAA-1_V12D07-075_C1,7
TCTTCGCGGTGAGAGG-1_V12D07-075_C1,4
TCTTCTATAACCCGCC-1_V12D07-075_C1,17
TCTTGATGCGTAGCGA-1_V12D07-075_C1,4
TCTTGCTCCCGATACT-1_V12D07-075_C1,4
TCTTGGTAACACCAAA-1_V12D07-075_C1,9
TCTTTAAGACTATGAA-1_V12D07-075_C1,19
TCTTTAGAGTCTAACA-1_V12D07-075_C1,10
TCTTTAGCAGGCGAAC-1_V12D07-075_C1,6
TCTTTCCTTCGAGATA-1_V12D07-075_C1,4
TGAAACTTATGCAAGC-1_V12D07-075_C1,13
TGAAAGGACCTGACTC-1_V12D07-075_C1,4
TGAACTGCTATGACTT-1_V12D07-075_C1,10
TGAAGAGCGGTCCTAG-1_V12D07-075_C1,9
TGAAGTAGCTTACGGA-1_V12D07-075_C1,4
TGAATACCGACGCGTA-1_V12D07-075_C1,4
TGAATATGCTATAAAC-1_V12D07-075_C1,5
TGAATGAGTGTTTCCC-1_V12D07-075_C1,9
TGAATGTCAGCCGGCC-1_V12D07-075_C1,19
TGACAACGCATGTCGC-1_V12D07-075_C1,6
TGACACTTCTCTTTGC-1_V12D07-075_C1,20
TGACATATATGACGAT-1_V12D07-075_C1,8
TGACATCGAGCGGACC-1_V12D07-075_C1,17
TGACATGTAACGTGAC-1_V12D07-075_C1,4
TGACCAAATCTTAAAC-1_V12D07-075_C1,8
TGACCAGCTTCAAAGT-1_V12D07-075_C1,6
TGACCCACGTTAGACA-1_V12D07-075_C1,9
TGACGATGCACTAGAA-1_V12D07-075_C1,10
TGACTATAATCCTTTC-1_V12D07-075_C1,4
TGACTCTAACTGGTAA-1_V12D07-075_C1,8
TGAGAATGCTTTACCG-1_V12D07-075_C1,20
TGAGACGTACCTCTCA-1_V12D07-075_C1,4
TGAGAGATTTACCACG-1_V12D07-075_C1,4
TGAGATCAAATACTCA-1_V12D07-075_C1,13
TGAGATTAGGCCCTAA-1_V12D07-075_C1,6
TGAGCAGTCGTGAAGT-1_V12D07-075_C1,12
TGAGCCATACAGTCTC-1_V12D07-075_C1,10
TGAGCGGAAAGTGTTC-1_V12D07-075_C1,9
TGAGCTCAACTGTATA-1_V12D07-075_C1,10
TGAGCTTTAATGACGC-1_V12D07-075_C1,20
TGAGGAGTGCCAGCTT-1_V12D07-075_C1,9
TGAGGTGTGTGGCGGA-1_V12D07-075_C1,9
TGAGTAAATTAGCGTA-1_V12D07-075_C1,4
TGAGTGCCTCTTAAAT-1_V12D07-075_C1,10
TGAGTGGTCCGTGACG-1_V12D07-075_C1,17
TGAGTTAAAGACATTC-1_V12D07-075_C1,17
TGATACATTTAGCCGT-1_V12D07-075_C1,19
TGATAGCGGGATTCTA-1_V12D07-075_C1,12
TGATCACCACACTGAC-1_V12D07-075_C1,9
TGATCCCAGCATTAGT-1_V12D07-075_C1,7
TGATCGGTTTGACCCT-1_V12D07-075_C1,22
TGATCTACGCTGATCT-1_V12D07-075_C1,20
TGATCTATCACACTCT-1_V12D07-075_C1,10
TGATCTCCGGCGCCAG-1_V12D07-075_C1,13
TGATGGCTGTTTCTGA-1_V12D07-075_C1,5
TGATGTCAATTAAGTG-1_V12D07-075_C1,4
TGATTATGGCACGCAG-1_V12D07-075_C1,5
TGATTCCCGGTTACCT-1_V12D07-075_C1,14
TGATTCGTCTATCACT-1_V12D07-075_C1,7
TGATTCTGTCGCCGGT-1_V12D07-075_C1,10
TGATTTATTAGCTGTG-1_V12D07-075_C1,10
TGATTTCCTCCTGACG-1_V12D07-075_C1,9
TGCAAAGTTCGTCTGT-1_V12D07-075_C1,9
TGCAACCCATCTGCGG-1_V12D07-075_C1,4
TGCAACTACTGGTTGA-1_V12D07-075_C1,7
TGCAAGAATGACGTAA-1_V12D07-075_C1,22
TGCAATCTAACACGGT-1_V12D07-075_C1,4
TGCAATTTGGGCACGG-1_V12D07-075_C1,5
TGCACAGTGAAGTTAT-1_V12D07-075_C1,5
TGCACGAGTCGGCAGC-1_V12D07-075_C1,6
TGCACTATGTGAGTGC-1_V12D07-075_C1,9
TGCAGAGTACCGAGCA-1_V12D07-075_C1,14
TGCAGGATCGGCAAAG-1_V12D07-075_C1,5
TGCAGTGAGGCTCGGG-1_V12D07-075_C1,5
TGCAGTTTCCTCCCAT-1_V12D07-075_C1,4
TGCATATGTCTGTCAC-1_V12D07-075_C1,4
TGCATGGATCGGATCT-1_V12D07-075_C1,5
TGCATGTGGTAATCTA-1_V12D07-075_C1,10
TGCCAATGGGTACTCT-1_V12D07-075_C1,9
TGCCACCTGGCGAAAC-1_V12D07-075_C1,6
TGCCAGTACGTGGAGA-1_V12D07-075_C1,9
TGCCATTACTAAAGAA-1_V12D07-075_C1,5
TGCCCGTACCGTTAAA-1_V12D07-075_C1,4
TGCCGAAAGCGTATTC-1_V12D07-075_C1,25
TGCCGTGGATCGTCCT-1_V12D07-075_C1,9
TGCCTAAATTTAATAG-1_V12D07-075_C1,5
TGCCTAATTGAAGATT-1_V12D07-075_C1,4
TGCCTGACATCGGTCA-1_V12D07-075_C1,13
TGCCTGATCAAACGAT-1_V12D07-075_C1,9
TGCCTTGGCCAGGCAA-1_V12D07-075_C1,7
TGCGACACCCTAGTGC-1_V12D07-075_C1,10
TGCGAGAATATTACCC-1_V12D07-075_C1,19
TGCGAGATGGCGGCCA-1_V12D07-075_C1,5
TGCGAGCCCTTCCGCG-1_V12D07-075_C1,5
TGCGCAAAGCATTTGG-1_V12D07-075_C1,7
TGCGCCGTTAATAACG-1_V12D07-075_C1,5
TGCGCGATTAACGGAG-1_V12D07-075_C1,7
TGCGGACTTGACTCCG-1_V12D07-075_C1,4
TGCGGAGTAAAGGTGC-1_V12D07-075_C1,7
TGCGGCATAGTTCAAC-1_V12D07-075_C1,6
TGCGGTGAAATTTCAT-1_V12D07-075_C1,6
TGCGTAAGAACCTGAT-1_V12D07-075_C1,10
TGCGTACGGCTAATTG-1_V12D07-075_C1,4
TGCGTGATTGGGTGTC-1_V12D07-075_C1,6
TGCGTTTGTTGACACT-1_V12D07-075_C1,7
TGCTAAGTGTCTATTT-1_V12D07-075_C1,14
TGCTATACAAACGGAC-1_V12D07-075_C1,13
TGCTCCACAGTTCTTA-1_V12D07-075_C1,4
TGCTCGGCGAAACCCA-1_V12D07-075_C1,7
TGCTCGGTGGGTCACC-1_V12D07-075_C1,9
TGCTCTTGAGAGTTTG-1_V12D07-075_C1,4
TGCTGGTTGGACAATT-1_V12D07-075_C1,9
TGCTGTTGAAGAACTC-1_V12D07-075_C1,9
TGCTTCCCAAGCAGTA-1_V12D07-075_C1,7
TGCTTGAAACCATGCA-1_V12D07-075_C1,3
TGGAACCACTGACACA-1_V12D07-075_C1,6
TGGAAGAAGGGAACGT-1_V12D07-075_C1,9
TGGAAGACGAACACCA-1_V12D07-075_C1,13
TGGAAGGATAAAGATG-1_V12D07-075_C1,16
TGGAATATCCTTGACC-1_V12D07-075_C1,5
TGGAATTAGACGCTTT-1_V12D07-075_C1,7
TGGACACCGTTGCTTG-1_V12D07-075_C1,4
TGGACCAATCTAAGAT-1_V12D07-075_C1,15
TGGACCACGGCGTTGA-1_V12D07-075_C1,3
TGGACGTAGGCGAATC-1_V12D07-075_C1,4
TGGACTGTTCGCTCAA-1_V12D07-075_C1,10
TGGAGGGAAACACCTC-1_V12D07-075_C1,5
TGGAGTGATGCGATGA-1_V12D07-075_C1,13
TGGCAAACTAAATTAC-1_V12D07-075_C1,7
TGGCAACTCGCGCGCC-1_V12D07-075_C1,6
TGGCAAGCACAAGTCG-1_V12D07-075_C1,4
TGGCAATGGGACGGCG-1_V12D07-075_C1,8
TGGCACGAGCTCGAGT-1_V12D07-075_C1,2
TGGCAGATTACGATCA-1_V12D07-075_C1,7
TGGCAGCAGTAATAGT-1_V12D07-075_C1,4
TGGCCAAACTGAAGTA-1_V12D07-075_C1,7
TGGCCGTATATTGACC-1_V12D07-075_C1,4
TGGCGACTGCTCCAAA-1_V12D07-075_C1,17
TGGCGATCAAGTTATG-1_V12D07-075_C1,9
TGGCGGTGTGCGATTG-1_V12D07-075_C1,22
TGGCTACACTCTACCT-1_V12D07-075_C1,4
TGGCTATGTGACATAC-1_V12D07-075_C1,13
TGGCTTGTACAAGCTT-1_V12D07-075_C1,5
TGGCTTTGGGTAGACA-1_V12D07-075_C1,6
TGGGAAATGCCTTTCC-1_V12D07-075_C1,9
TGGGACCATTGGGAGT-1_V12D07-075_C1,4
TGGGATGCACTCATTC-1_V12D07-075_C1,5
TGGGCAATAGTTGGGT-1_V12D07-075_C1,10
TGGGCACAAACAGAAC-1_V12D07-075_C1,2
TGGGCACGTTCTATGG-1_V12D07-075_C1,13
TGGGCAGGCCACCGCA-1_V12D07-075_C1,9
TGGGCCACAAGAGCGC-1_V12D07-075_C1,5
TGGGCCCATACTAATT-1_V12D07-075_C1,4
TGGGCGATACAATAAG-1_V12D07-075_C1,4
TGGGTAAGGTTCCCGC-1_V12D07-075_C1,6
TGGGTGCACAAGCCAT-1_V12D07-075_C1,4
TGGGTGGGATGTCATT-1_V12D07-075_C1,6
TGGGTGTAATAGATTT-1_V12D07-075_C1,4
TGGGTTCCCGGACGGA-1_V12D07-075_C1,9
TGGTAAGCAGGATTGA-1_V12D07-075_C1,19
TGGTAGAATATATGGG-1_V12D07-075_C1,8
TGGTATCGCATCCCAA-1_V12D07-075_C1,13
TGGTATCGGTCTGTAT-1_V12D07-075_C1,6
TGGTCCCACGCTACGG-1_V12D07-075_C1,14
TGGTCGTGCAAGGCAA-1_V12D07-075_C1,19
TGGTCTAGCTTACATG-1_V12D07-075_C1,13
TGGTCTGTTGGGCGTA-1_V12D07-075_C1,4
TGGTGATCGTATTTGT-1_V12D07-075_C1,9
TGGTTAAGGGCGCTGG-1_V12D07-075_C1,5
TGGTTATGCTTGCGGT-1_V12D07-075_C1,4
TGGTTCAACGGGTAAT-1_V12D07-075_C1,4
TGGTTCGTAGCAAAGG-1_V12D07-075_C1,6
TGGTTGGAGGATCCTG-1_V12D07-075_C1,6
TGGTTTAAACGTGGGT-1_V12D07-075_C1,5
TGTAATGACCACAATA-1_V12D07-075_C1,4
TGTACCTACACGAGGG-1_V12D07-075_C1,4
TGTACGAACAAATCCG-1_V12D07-075_C1,4
TGTACTACTCTCACGG-1_V12D07-075_C1,5
TGTACTGTGCCAAAGT-1_V12D07-075_C1,6
TGTACTTCCGGGCATG-1_V12D07-075_C1,10
TGTAGCCATCCCATTC-1_V12D07-075_C1,7
TGTAGGAGAAATTTCC-1_V12D07-075_C1,10
TGTAGTGATCTATAAT-1_V12D07-075_C1,9
TGTATAACAGATCCTG-1_V12D07-075_C1,7
TGTATACGGATGATGA-1_V12D07-075_C1,5
TGTATCAGACTGAAGC-1_V12D07-075_C1,5
TGTATCCTTATTCCAT-1_V12D07-075_C1,6
TGTATGGCGCAGACAG-1_V12D07-075_C1,4
TGTATTTACCTAATGC-1_V12D07-075_C1,20
TGTCATTTGTTGGGAA-1_V12D07-075_C1,5
TGTCCACGGCTCAACT-1_V12D07-075_C1,4
TGTCCCGACATAGCAC-1_V12D07-075_C1,6
TGTCCGTGGCGCCTTT-1_V12D07-075_C1,9
TGTCGGCATGGTGGAA-1_V12D07-075_C1,1
TGTCTACAGTTTCTGT-1_V12D07-075_C1,6
TGTGACTACGCCAGTC-1_V12D07-075_C1,6
TGTGACTAGAGTTTGC-1_V12D07-075_C1,8
TGTGAGACTAGCCCAA-1_V12D07-075_C1,9
TGTGCCGGTGCCGGAA-1_V12D07-075_C1,4
TGTGCTTTACGTAAGA-1_V12D07-075_C1,3
TGTGGCAAAGCGTATG-1_V12D07-075_C1,19
TGTGGCGGGCTTCTGG-1_V12D07-075_C1,16
TGTGGCTCCCACCAAC-1_V12D07-075_C1,5
TGTGGTAGGGTGCCTT-1_V12D07-075_C1,6
TGTGGTTGCTAAAGCT-1_V12D07-075_C1,4
TGTGTAGTAGCACGTG-1_V12D07-075_C1,4
TGTGTCGCGAGTTGCA-1_V12D07-075_C1,3
TGTGTTCGTATCCAAG-1_V12D07-075_C1,9
TGTTATTGTATGTGGC-1_V12D07-075_C1,9
TGTTCCGCTTCCATGA-1_V12D07-075_C1,9
TGTTCCGGCCTGAGCT-1_V12D07-075_C1,10
TGTTCGTATTGCGGTG-1_V12D07-075_C1,14
TGTTCTCATACTATAG-1_V12D07-075_C1,10
TGTTCTTCCATTGACT-1_V12D07-075_C1,4
TGTTGCCGTCGTCCCA-1_V12D07-075_C1,5
TGTTGTCAAGAAGTCT-1_V12D07-075_C1,5
TGTTTCGGTACTTCTC-1_V12D07-075_C1,13
TGTTTGAGATCGTCAG-1_V12D07-075_C1,6
TTAAACAGAGTCCCGC-1_V12D07-075_C1,13
TTAAACCGGTAGCGAC-1_V12D07-075_C1,6
TTAAACCTGGTTCCTT-1_V12D07-075_C1,4
TTAAACTCGAATTCAT-1_V12D07-075_C1,19
TTAACCAACCCTCCCT-1_V12D07-075_C1,20
TTAACGAACAAGCAGT-1_V12D07-075_C1,5
TTAACGTCGCAAGACC-1_V12D07-075_C1,5
TTAACGTTAAAGCCTG-1_V12D07-075_C1,4
TTAACTCACGCGTGGA-1_V12D07-075_C1,9
TTAACTGATCGTTTGG-1_V12D07-075_C1,4
TTAAGACGAACGAACC-1_V12D07-075_C1,5
TTAAGATAGGATTGAC-1_V12D07-075_C1,4
TTAAGCCGACAACTTC-1_V12D07-075_C1,13
TTAAGCGCCTGACCCA-1_V12D07-075_C1,9
TTAAGGATACGGAGGT-1_V12D07-075_C1,18
TTAAGTATTGTTATCC-1_V12D07-075_C1,15
TTAATCAGTACGTCAG-1_V12D07-075_C1,13
TTAATGTAGACCAGGT-1_V12D07-075_C1,9
TTAATGTGTTTGCAGG-1_V12D07-075_C1,8
TTAATTGCTTTGGGTG-1_V12D07-075_C1,4
TTAATTTCAGACGCGG-1_V12D07-075_C1,6
TTACAACTACGCATCC-1_V12D07-075_C1,5
TTACACGATCTGCGAC-1_V12D07-075_C1,4
TTACAGACCTAAATGA-1_V12D07-075_C1,17
TTACATCGTGGCCTGG-1_V12D07-075_C1,9
TTACATGCCACAACTA-1_V12D07-075_C1,10
TTACCATTGATTACCC-1_V12D07-075_C1,7
TTACCCATTGCCGGGT-1_V12D07-075_C1,6
TTACCCTAACAGTCCT-1_V12D07-075_C1,6
TTACCCTAGGGATTGG-1_V12D07-075_C1,7
TTACGGATGGTTCGAG-1_V12D07-075_C1,19
TTACGGTGTCACCGAG-1_V12D07-075_C1,6
TTACGTATCTATGACA-1_V12D07-075_C1,10
TTACTAAAGGACTTTA-1_V12D07-075_C1,4
TTACTCCGGCCGGGAA-1_V12D07-075_C1,8
TTACTCTGGTACGTAC-1_V12D07-075_C1,19
TTACTGGGATATTTCA-1_V12D07-075_C1,14
TTACTGTCTAGAGCTC-1_V12D07-075_C1,5
TTAGAAGAACATGACT-1_V12D07-075_C1,14
TTAGAATAAGGGTCGG-1_V12D07-075_C1,25
TTAGACACGATCGTTG-1_V12D07-075_C1,6
TTAGACGAGTCACCTC-1_V12D07-075_C1,14
TTAGAGTTTAGAAGGA-1_V12D07-075_C1,22
TTAGCTAATACGATCT-1_V12D07-075_C1,5
TTAGCTCTGTAATCCG-1_V12D07-075_C1,3
TTAGCTGATTTGCCGT-1_V12D07-075_C1,4
TTAGGATGGGAGGGTA-1_V12D07-075_C1,5
TTAGTAAACCTGCTCT-1_V12D07-075_C1,4
TTAGTAGGGCGGCGGG-1_V12D07-075_C1,1
TTAGTTATTCGTGGCA-1_V12D07-075_C1,8
TTAGTTCAAGTGTTCG-1_V12D07-075_C1,5
TTATAGATGCACATTA-1_V12D07-075_C1,13
TTATAGGTAATTGTCT-1_V12D07-075_C1,4
TTATAGTCCAAGGTGC-1_V12D07-075_C1,5
TTATATACGCTGTCAC-1_V12D07-075_C1,10
TTATATTTGGCAATCC-1_V12D07-075_C1,13
TTATCCAATCGAACTC-1_V12D07-075_C1,2
TTATCCGGGATCTATA-1_V12D07-075_C1,7
TTATCTGTATCATAAC-1_V12D07-075_C1,5
TTATGAATGAAAGGGA-1_V12D07-075_C1,18
TTATGACAAACTGGAT-1_V12D07-075_C1,13
TTATGATCTTAACGAA-1_V12D07-075_C1,4
TTATGCGTCCCGGTCC-1_V12D07-075_C1,6
TTATTAGAGCGTGTTC-1_V12D07-075_C1,13
TTATTTAGGTTCCTTA-1_V12D07-075_C1,8
TTCAAAGTCTCTAGCC-1_V12D07-075_C1,4
TTCAACGACCCGACCG-1_V12D07-075_C1,7
TTCAAGCCGAGCTGAG-1_V12D07-075_C1,6
TTCAATACTCTGAATC-1_V12D07-075_C1,10
TTCACGAAAGGATCAC-1_V12D07-075_C1,4
TTCACTCGAGCACCTA-1_V12D07-075_C1,14
TTCACTTCCTAGAACG-1_V12D07-075_C1,9
TTCAGAGTAACCTGAC-1_V12D07-075_C1,16
TTCAGCCCTGGTCCAC-1_V12D07-075_C1,4
TTCAGCTGGCGTGCCC-1_V12D07-075_C1,15
TTCAGTTTGTGGCAGC-1_V12D07-075_C1,7
TTCATAGCCTTGTAAC-1_V12D07-075_C1,7
TTCATAGGGTGTCCAT-1_V12D07-075_C1,4
TTCATGGCGCAACAGG-1_V12D07-075_C1,20
TTCCAATCAGAGCTAG-1_V12D07-075_C1,17
TTCCAATCTGGCTATC-1_V12D07-075_C1,19
TTCCACACAGATTTGA-1_V12D07-075_C1,19
TTCCAGACGAGATTTA-1_V12D07-075_C1,5
TTCCATCATGCGGTGA-1_V12D07-075_C1,6
TTCCATCGACAGCGTG-1_V12D07-075_C1,9
TTCCGCAGAGAAATAT-1_V12D07-075_C1,5
TTCCGCGTGAGGCGAT-1_V12D07-075_C1,4
TTCCGGCCTTGAGGCT-1_V12D07-075_C1,19
TTCCGGCTCGACTTCT-1_V12D07-075_C1,5
TTCCGGTATCTGTGTC-1_V12D07-075_C1,5
TTCCGGTTACCCACTT-1_V12D07-075_C1,7
TTCCTCGAGGGTGTCT-1_V12D07-075_C1,13
TTCGACAGAGCCCGTG-1_V12D07-075_C1,7
TTCGACGGGAAGGGCG-1_V12D07-075_C1,9
TTCGCACTCGCGTGCT-1_V12D07-075_C1,2
TTCGCACTGTACGACA-1_V12D07-075_C1,16
TTCGCATCCGGAAGCA-1_V12D07-075_C1,2
TTCGCGCGCCATACGA-1_V12D07-075_C1,19
TTCGCTAGGAAGTTGT-1_V12D07-075_C1,20
TTCGCTATCTGACGTG-1_V12D07-075_C1,5
TTCGGACTGATGCCTT-1_V12D07-075_C1,20
TTCGGCAACCCGCTGA-1_V12D07-075_C1,5
TTCGGGACTAATCGCG-1_V12D07-075_C1,7
TTCGGGTTGCCACGGG-1_V12D07-075_C1,7
TTCGGTACTGTAGAGG-1_V12D07-075_C1,8
TTCGGTGGAGACGCCC-1_V12D07-075_C1,5
TTCGTAATCCCAGCGG-1_V12D07-075_C1,6
TTCGTTCAACGAAGTT-1_V12D07-075_C1,5
TTCTAACCGAAGCTTA-1_V12D07-075_C1,10
TTCTACCTTTATGTTG-1_V12D07-075_C1,6
TTCTACTTGCGAGGGC-1_V12D07-075_C1,4
TTCTAGAAAGTCTTAT-1_V12D07-075_C1,19
TTCTAGGCCAATTGTG-1_V12D07-075_C1,9
TTCTATGCCTTTCGCA-1_V12D07-075_C1,6
TTCTATTAAACGCAGC-1_V12D07-075_C1,15
TTCTGCCGCGCCTAGA-1_V12D07-075_C1,9
TTCTGCGAGCGCCCTT-1_V12D07-075_C1,7
TTCTGCGGGTTAGCGG-1_V12D07-075_C1,9
TTCTGCTAGACTCCAA-1_V12D07-075_C1,7
TTCTGTTTCCTGTCGC-1_V12D07-075_C1,1
TTCTTAGTGAACGGTG-1_V12D07-075_C1,4
TTCTTAGTGGCTCAGA-1_V12D07-075_C1,6
TTCTTATCCGCTGGGT-1_V12D07-075_C1,15
TTCTTGAGCCGCGCTA-1_V12D07-075_C1,17
TTCTTGGAGTAATGAG-1_V12D07-075_C1,20
TTCTTGTAACCTAATG-1_V12D07-075_C1,6
TTCTTGTGTCCATCAG-1_V12D07-075_C1,4
TTCTTTGGTCGCGACG-1_V12D07-075_C1,5
TTGAAACCCTCATTCC-1_V12D07-075_C1,10
TTGAAAGGTGTAAAGG-1_V12D07-075_C1,5
TTGAACGACGTGCTGA-1_V12D07-075_C1,9
TTGAAGAATTCCCAGG-1_V12D07-075_C1,9
TTGAATATGGACTTTC-1_V12D07-075_C1,4
TTGAATTCACGTGAGG-1_V12D07-075_C1,4
TTGACAGGAGCTCCCG-1_V12D07-075_C1,4
TTGACATGAACGTGGA-1_V12D07-075_C1,19
TTGACCAGGAACAACT-1_V12D07-075_C1,8
TTGACCATGTTCTCCG-1_V12D07-075_C1,2
TTGACCGTGTTAATGA-1_V12D07-075_C1,17
TTGACGCTCCATGAGC-1_V12D07-075_C1,4
TTGACTACCATATGGT-1_V12D07-075_C1,10
TTGACTATTGTCCGGC-1_V12D07-075_C1,8
TTGAGAAGTTTAGCAT-1_V12D07-075_C1,9
TTGAGAGTACTGCTAA-1_V12D07-075_C1,17
TTGAGCAGCCCACGGT-1_V12D07-075_C1,5
TTGAGCGCCACGTGAT-1_V12D07-075_C1,5
TTGAGGCATTTAACTC-1_V12D07-075_C1,5
TTGAGTCCCGCTGCTG-1_V12D07-075_C1,20
TTGATAGTCAATACAT-1_V12D07-075_C1,5
TTGATCTAACTTTGTC-1_V12D07-075_C1,16
TTGATGTGTAGTCCCG-1_V12D07-075_C1,6
TTGATTAGCTGTTTCT-1_V12D07-075_C1,19
TTGATTATGCAGATGA-1_V12D07-075_C1,7
TTGCAAGAAGACTCCT-1_V12D07-075_C1,10
TTGCACAATTCAGAAA-1_V12D07-075_C1,4
TTGCACGGAGCAGCAC-1_V12D07-075_C1,13
TTGCATGCTGATCACG-1_V12D07-075_C1,14
TTGCCAAGCAGAACCC-1_V12D07-075_C1,5
TTGCCCTGATCACGGG-1_V12D07-075_C1,7
TTGCCGCTTTCTAGTA-1_V12D07-075_C1,7
TTGCCGGTGATCCCTC-1_V12D07-075_C1,5
TTGCCTTCTCGCCGGG-1_V12D07-075_C1,9
TTGCGCTCTCTCGCTT-1_V12D07-075_C1,7
TTGCGCTTGATCAATA-1_V12D07-075_C1,4
TTGCGGCATCAGAAAG-1_V12D07-075_C1,19
TTGCGTCGGCCAACCG-1_V12D07-075_C1,19
TTGCGTGAACGCTTAG-1_V12D07-075_C1,5
TTGCGTGTGTAGGCAT-1_V12D07-075_C1,14
TTGCTCCCATACCGGA-1_V12D07-075_C1,16
TTGCTGAAGGAACCAC-1_V12D07-075_C1,20
TTGCTGATCATGTTCG-1_V12D07-075_C1,9
TTGCTGGCCGGGCTTC-1_V12D07-075_C1,5
TTGGACATGTGGCTTA-1_V12D07-075_C1,17
TTGGACCATCTGGCAA-1_V12D07-075_C1,4
TTGGACCTATAACAGT-1_V12D07-075_C1,9
TTGGAGTCTCCCTTCT-1_V12D07-075_C1,18
TTGGATATCGTCTACG-1_V12D07-075_C1,7
TTGGATCGACTTCTGG-1_V12D07-075_C1,6
TTGGATTGGGTACCAC-1_V12D07-075_C1,6
TTGGCCTAGAATTTCG-1_V12D07-075_C1,20
TTGGCGATCCGAATAT-1_V12D07-075_C1,20
TTGGCTCAATATGTGT-1_V12D07-075_C1,4
TTGGCTCGCATGAGAC-1_V12D07-075_C1,7
TTGGGAAGACGAGCCG-1_V12D07-075_C1,4
TTGGGACACTGCCCGC-1_V12D07-075_C1,4
TTGGGACGTAAGAGTT-1_V12D07-075_C1,4
TTGGGCGGCGGTTGCC-1_V12D07-075_C1,9
TTGGTATGGCTTGTGT-1_V12D07-075_C1,5
TTGGTCACACTCGTAA-1_V12D07-075_C1,17
TTGGTTCGCTCAAAGG-1_V12D07-075_C1,5
TTGTAAGGACCTAAGT-1_V12D07-075_C1,19
TTGTAAGGCCAGTTGG-1_V12D07-075_C1,10
TTGTAATCCGTACTCG-1_V12D07-075_C1,14
TTGTATCACACAGAAT-1_V12D07-075_C1,13
TTGTCGTTCAGTTACC-1_V12D07-075_C1,5
TTGTGAACCTAATCCG-1_V12D07-075_C1,4
TTGTGATCTGTTCAGT-1_V12D07-075_C1,4
TTGTGCAGCCACGTCA-1_V12D07-075_C1,9
TTGTGGCCCTGACAGT-1_V12D07-075_C1,20
TTGTGGTGGTACTAAG-1_V12D07-075_C1,8
TTGTGTATGCCACCAA-1_V12D07-075_C1,18
TTGTGTTTCCCGAAAG-1_V12D07-075_C1,14
TTGTTAGCAAATTCGA-1_V12D07-075_C1,16
TTGTTCAGTGTGCTAC-1_V12D07-075_C1,9
TTGTTCTAGATACGCT-1_V12D07-075_C1,1
TTGTTGTGTGTCAAGA-1_V12D07-075_C1,4
TTGTTTCACATCCAGG-1_V12D07-075_C1,19
TTGTTTCCATACAACT-1_V12D07-075_C1,19
TTGTTTGTGTAAATTC-1_V12D07-075_C1,13
AAACAAGTATCTCCCA-1_V13B23-285_A1,1
AAACAATCTACTAGCA-1_V13B23-285_A1,3
AAACACCAATAACTGC-1_V13B23-285_A1,2
AAACAGAGCGACTCCT-1_V13B23-285_A1,1
AAACAGCTTTCAGAAG-1_V13B23-285_A1,5
AAACAGGGTCTATATT-1_V13B23-285_A1,2
AAACATTTCCCGGATT-1_V13B23-285_A1,3
AAACCCGAACGAAATC-1_V13B23-285_A1,18
AAACCGGGTAGGTACC-1_V13B23-285_A1,2
AAACCGTTCGTCCAGG-1_V13B23-285_A1,2
AAACCTAAGCAGCCGG-1_V13B23-285_A1,3
AAACCTCATGAAGTTG-1_V13B23-285_A1,2
AAACGAAGAACATACC-1_V13B23-285_A1,16
AAACGAAGATGGAGTA-1_V13B23-285_A1,1
AAACGAGACGGTTGAT-1_V13B23-285_A1,15
AAACGGGCGTACGGGT-1_V13B23-285_A1,1
AAACGGGTTGGTATCC-1_V13B23-285_A1,10
AAACGGTTGCGAACTG-1_V13B23-285_A1,1
AAACTCGGTTCGCAAT-1_V13B23-285_A1,3
AAACTCGTGATATAAG-1_V13B23-285_A1,4
AAACTGCTGGCTCCAA-1_V13B23-285_A1,8
AAACTTGCAAACGTAT-1_V13B23-285_A1,5
AAAGAATGTGGACTAA-1_V13B23-285_A1,3
AAAGACCCAAGTCGCG-1_V13B23-285_A1,11
AAAGACTGGGCGCTTT-1_V13B23-285_A1,2
AAAGCTTGCCTACATA-1_V13B23-285_A1,4
AAAGGCTACGGACCAT-1_V13B23-285_A1,1
AAAGGCTCTCGCGCCG-1_V13B23-285_A1,1
AAAGGGATGTAGCAAG-1_V13B23-285_A1,5
AAAGGGCAGCTTGAAT-1_V13B23-285_A1,1
AAAGTAGCATTGCTCA-1_V13B23-285_A1,5
AAAGTCACTGATGTAA-1_V13B23-285_A1,3
AAAGTCGACCCTCAGT-1_V13B23-285_A1,5
AAAGTGTGATTTATCT-1_V13B23-285_A1,3
AAAGTTGACTCCCGTA-1_V13B23-285_A1,1
AAATAACCATACGGGA-1_V13B23-285_A1,4
AAATAAGGTAGTGCCC-1_V13B23-285_A1,1
AAATACCTATAAGCAT-1_V13B23-285_A1,2
AAATAGCTTAGACTTT-1_V13B23-285_A1,2
AAATAGGGTGCTATTG-1_V13B23-285_A1,3
AAATCCGATACACGCC-1_V13B23-285_A1,8
AAATCGCGGAAGGAGT-1_V13B23-285_A1,1
AAATCGTGTACCACAA-1_V13B23-285_A1,2
AAATCTAGCCCTGCTA-1_V13B23-285_A1,3
AAATGATTCGATCAGC-1_V13B23-285_A1,1
AAATGCTCGTTACGTT-1_V13B23-285_A1,4
AAATGGCATGTCTTGT-1_V13B23-285_A1,8
AAATGGCCCGTGCCCT-1_V13B23-285_A1,5
AAATGGTCAATGTGCC-1_V13B23-285_A1,8
AAATGTATCTTATCCC-1_V13B23-285_A1,5
AAATGTGGGTGCTCCT-1_V13B23-285_A1,4
AAATTAACGGGTAGCT-1_V13B23-285_A1,22
AAATTAATAAGCGCGA-1_V13B23-285_A1,2
AAATTACACGACTCTG-1_V13B23-285_A1,1
AAATTACCTATCGATG-1_V13B23-285_A1,2
AAATTCCAGGTCCAAA-1_V13B23-285_A1,1
AAATTGATAGTCCTTT-1_V13B23-285_A1,7
AAATTGCGGCGGTTCT-1_V13B23-285_A1,4
AAATTTGCGGGTGTGG-1_V13B23-285_A1,5
AACAACTGGTAGTTGC-1_V13B23-285_A1,1
AACAATACATTGTCGA-1_V13B23-285_A1,2
AACAATTACTCTACGC-1_V13B23-285_A1,5
AACACACGCTCGCCGC-1_V13B23-285_A1,3
AACACGACTGTACTGA-1_V13B23-285_A1,10
AACACGAGACGCGGCC-1_V13B23-285_A1,20
AACACGCGGCCGCGAA-1_V13B23-285_A1,15
AACAGCTGTGTGGCAA-1_V13B23-285_A1,3
AACAGGAAATCGAATA-1_V13B23-285_A1,3
AACAGGATGGGCCGCG-1_V13B23-285_A1,2
AACAGGTAGTATGGAT-1_V13B23-285_A1,3
AACATATCAACTGGTG-1_V13B23-285_A1,3
AACATTGGTCAGCCGT-1_V13B23-285_A1,10
AACATTGTGACTCGAG-1_V13B23-285_A1,2
AACCAAGACTTCTCTG-1_V13B23-285_A1,5
AACCATGGGATCGCTA-1_V13B23-285_A1,8
AACCCAGAGACGGAGA-1_V13B23-285_A1,4
AACCCATCCCATGATC-1_V13B23-285_A1,2
AACCCGAGCAGAATCG-1_V13B23-285_A1,12
AACCCTACTGTCAATA-1_V13B23-285_A1,11
AACCCTGGTGGAACCA-1_V13B23-285_A1,13
AACCGAGCTTGGTCAT-1_V13B23-285_A1,8
AACCGCTAAGGGATGC-1_V13B23-285_A1,1
AACCGTTGTGTTTGCT-1_V13B23-285_A1,7
AACCTCGCTTTAGCCC-1_V13B23-285_A1,11
AACCTGTCACGGAATT-1_V13B23-285_A1,2
AACCTTTAAATACGGT-1_V13B23-285_A1,2
AACCTTTACGACGTCT-1_V13B23-285_A1,1
AACGAAAGTCGTCCCA-1_V13B23-285_A1,1
AACGATAATGCCGTAG-1_V13B23-285_A1,2
AACGATAGAAGGGCCG-1_V13B23-285_A1,1
AACGATATGTCAACTG-1_V13B23-285_A1,2
AACGCATGATCTGGGT-1_V13B23-285_A1,4
AACGCGAACGGCAACA-1_V13B23-285_A1,4
AACGCGACCTTGGGCG-1_V13B23-285_A1,1
AACGCGGTCTCCAGCC-1_V13B23-285_A1,2
AACGCTGTTGCTGAAA-1_V13B23-285_A1,3
AACGGACGTACGTATA-1_V13B23-285_A1,1
AACGGCCATCTCCGGT-1_V13B23-285_A1,1
AACGTACTGTGGGTAC-1_V13B23-285_A1,2
AACGTAGTCTACCCAT-1_V13B23-285_A1,15
AACGTCAGACTAGTGG-1_V13B23-285_A1,2
AACGTCGCTGCACTTC-1_V13B23-285_A1,4
AACGTGATGAAGGACA-1_V13B23-285_A1,21
AACGTGCGAAAGTCTC-1_V13B23-285_A1,2
AACGTTATCAGCACCT-1_V13B23-285_A1,4
AACTACCCGTTTGTCA-1_V13B23-285_A1,3
AACTAGCGTATCGCAC-1_V13B23-285_A1,4
AACTAGGCTTGGGTGT-1_V13B23-285_A1,5
AACTCAAGTTAATTGC-1_V13B23-285_A1,5
AACTCCAGAGCGTGTT-1_V13B23-285_A1,12
AACTCCTAATCCCATG-1_V13B23-285_A1,14
AACTCGATAAACACGT-1_V13B23-285_A1,4
AACTCGATGGCGCAGT-1_V13B23-285_A1,3
AACTCTCAATAGAGCG-1_V13B23-285_A1,2
AACTCTCAGTGTGCTC-1_V13B23-285_A1,2
AACTGATATTAGGCCT-1_V13B23-285_A1,1
AACTGGGTCCCGACGT-1_V13B23-285_A1,18
AACTGGTGTGGGCCTT-1_V13B23-285_A1,3
AACTTCTGCGTCTATC-1_V13B23-285_A1,10
AACTTGCCCGTATGCA-1_V13B23-285_A1,2
AACTTGCGTTCTCGCG-1_V13B23-285_A1,12
AACTTTACGGGAGCTT-1_V13B23-285_A1,1
AACTTTAGCTGCTGAG-1_V13B23-285_A1,1
AAGAAGGATCAGTTAG-1_V13B23-285_A1,8
AAGACATACGTGGTTT-1_V13B23-285_A1,3
AAGACCCAACTGAACA-1_V13B23-285_A1,6
AAGACTAACCCGTTGT-1_V13B23-285_A1,12
AAGACTGCAAGCTACT-1_V13B23-285_A1,5
AAGAGATGAATCGGTA-1_V13B23-285_A1,2
AAGAGCTCTTTATCGG-1_V13B23-285_A1,2
AAGAGGATGTACGCGA-1_V13B23-285_A1,15
AAGAGGCATGGATCGC-1_V13B23-285_A1,1
AAGAGGCCCTTTGGAA-1_V13B23-285_A1,1
AAGATGGCACCGGACC-1_V13B23-285_A1,1
AAGATTGGCGGAACGT-1_V13B23-285_A1,6
AAGCACCCTGCGTATC-1_V13B23-285_A1,3
AAGCATACTCTCCTGA-1_V13B23-285_A1,1
AAGCCGAAGCGGTTTA-1_V13B23-285_A1,1
AAGCCGCCGTGAAATC-1_V13B23-285_A1,4
AAGCGCAGGGCTTTGA-1_V13B23-285_A1,3
AAGCGTCCCTCATCGA-1_V13B23-285_A1,1
AAGCTAGATCGAGTAA-1_V13B23-285_A1,2
AAGCTCGTGCCAAGTC-1_V13B23-285_A1,7
AAGCTCTTTCATGGTG-1_V13B23-285_A1,3
AAGGAGAACTTATAAG-1_V13B23-285_A1,16
AAGGAGCGGTTGGTGC-1_V13B23-285_A1,20
AAGGATCGATCGCTTG-1_V13B23-285_A1,3
AAGGATGAGGGACCTC-1_V13B23-285_A1,18
AAGGCAGGCTGTCTCC-1_V13B23-285_A1,1
AAGGCGCGTAAAGCTT-1_V13B23-285_A1,2
AAGGCTGTGCTCATCG-1_V13B23-285_A1,2
AAGGGAACGACTGGCT-1_V13B23-285_A1,12
AAGGGACAGATTCTGT-1_V13B23-285_A1,6
AAGGGACTATGCATTC-1_V13B23-285_A1,1
AAGGGTTTGATTTCAG-1_V13B23-285_A1,2
AAGGTATCCTAATATA-1_V13B23-285_A1,7
AAGGTGATAAACCAGC-1_V13B23-285_A1,11
AAGTAAGCTTCCAAAC-1_V13B23-285_A1,4
AAGTAGAAGACCGGGT-1_V13B23-285_A1,2
AAGTAGTGACGCGAGG-1_V13B23-285_A1,5
AAGTCAATTGTCGTCA-1_V13B23-285_A1,3
AAGTCTTCTGTGGCCT-1_V13B23-285_A1,4
AAGTGACGACCGAATT-1_V13B23-285_A1,4
AAGTGAGTCGGGTTTA-1_V13B23-285_A1,4
AAGTGCAAAGGTAGAC-1_V13B23-285_A1,8
AAGTGCCTTGACTGTA-1_V13B23-285_A1,11
AAGTGCGTTAGAATCT-1_V13B23-285_A1,1
AAGTGTTTGGAGACGG-1_V13B23-285_A1,1
AAGTTCACTCCAAGCT-1_V13B23-285_A1,3
AAGTTCAGTCTGCGTA-1_V13B23-285_A1,14
AAGTTCGGCCAACAGG-1_V13B23-285_A1,5
AAGTTGTGATGTTATA-1_V13B23-285_A1,1
AAGTTTACTAATGGCA-1_V13B23-285_A1,7
AAGTTTATGGGCCCAA-1_V13B23-285_A1,3
AATAACAACGCTCGGC-1_V13B23-285_A1,5
AATAACACTAGAACAA-1_V13B23-285_A1,5
AATAAGTCCTCGAGAC-1_V13B23-285_A1,9
AATAATCTTCGTATCG-1_V13B23-285_A1,12
AATACAATGTTTCAGG-1_V13B23-285_A1,2
AATAGAACAGAGTGGC-1_V13B23-285_A1,4
AATAGAATCTGTTTCA-1_V13B23-285_A1,1
AATAGCTACCGCGTGC-1_V13B23-285_A1,23
AATAGTCCGTCCCGAC-1_V13B23-285_A1,2
AATAGTCGCGAGTCGG-1_V13B23-285_A1,2
AATATCAAGGTCGGAT-1_V13B23-285_A1,8
AATATCCTAGCAAACT-1_V13B23-285_A1,5
AATATCGAATCAATGC-1_V13B23-285_A1,4
AATATCGAGGGTTCTC-1_V13B23-285_A1,3
AATATTGGAGTATTGA-1_V13B23-285_A1,5
AATCAGACTGCAGGAC-1_V13B23-285_A1,11
AATCATGTAAAGACTC-1_V13B23-285_A1,3
AATCCAAGGGCCTGAG-1_V13B23-285_A1,1
AATCCATGCAAGGGTG-1_V13B23-285_A1,8
AATCGCCTCAGCGCCA-1_V13B23-285_A1,4
AATCGCGCAGAGGACT-1_V13B23-285_A1,1
AATCGGGACACTACGA-1_V13B23-285_A1,1
AATCGGTATAGCCCTC-1_V13B23-285_A1,3
AATCGTGAGCCGAGCA-1_V13B23-285_A1,1
AATCTAGGTTTACTTG-1_V13B23-285_A1,5
AATCTATGCCGGAGCC-1_V13B23-285_A1,11
AATCTCTACTGTGGTT-1_V13B23-285_A1,2
AATCTGCGTTGGGACG-1_V13B23-285_A1,3
AATCTGGCTTTCTAGT-1_V13B23-285_A1,1
AATGACAGCAATGTCT-1_V13B23-285_A1,1
AATGACGTAGGATGTC-1_V13B23-285_A1,1
AATGACTGTCAGCCGG-1_V13B23-285_A1,5
AATGAGTTCGCATATG-1_V13B23-285_A1,8
AATGATGATACGCTAT-1_V13B23-285_A1,3
AATGATGCGACTCCTG-1_V13B23-285_A1,3
AATGCAACCGGGTACC-1_V13B23-285_A1,5
AATGCACCAAGCAATG-1_V13B23-285_A1,4
AATGGTCCACCGTTCA-1_V13B23-285_A1,2
AATGGTTCTCACAAGC-1_V13B23-285_A1,3
AATGTGCCCGAGGTGT-1_V13B23-285_A1,2
AATGTTGTCGTGAGAC-1_V13B23-285_A1,12
AATTAAAGGTCGGCGT-1_V13B23-285_A1,1
AATTAACGGATTTCCA-1_V13B23-285_A1,2
AATTACGAGACCCATC-1_V13B23-285_A1,2
AATTACTCGTACGCTC-1_V13B23-285_A1,10
AATTAGCGCTGCAGCG-1_V13B23-285_A1,5
AATTCATAAGGGATCT-1_V13B23-285_A1,7
AATTCCAAGCATGTAC-1_V13B23-285_A1,3
AATTCGATTCGAGGAT-1_V13B23-285_A1,3
AATTCTAGAGTTAGGC-1_V13B23-285_A1,15
AATTGAACGCTCTGGT-1_V13B23-285_A1,5
AATTGCAGCAATCGAC-1_V13B23-285_A1,3
AATTGTGGTTGCCAAA-1_V13B23-285_A1,4
AATTTGGGACATAGTA-1_V13B23-285_A1,7
AATTTGGTTCCAAAGA-1_V13B23-285_A1,27
ACAAAGAAGGTAGGCC-1_V13B23-285_A1,5
ACAAAGCATGACCTAG-1_V13B23-285_A1,1
ACAAATCGCACCGAAT-1_V13B23-285_A1,18
ACAAATGGTAGTGTTT-1_V13B23-285_A1,2
ACAACAGCATGAGCTA-1_V13B23-285_A1,4
ACAACGGTCCCTGCGA-1_V13B23-285_A1,1
ACAAGCAGTGCCTAGC-1_V13B23-285_A1,2
ACAAGCTATATGGAAG-1_V13B23-285_A1,4
ACAAGGAAATCCGCCC-1_V13B23-285_A1,2
ACAAGGACAAGAGGTT-1_V13B23-285_A1,2
ACAAGGATGCTTTAGG-1_V13B23-285_A1,10
ACAAGGGCAGGCTCTG-1_V13B23-285_A1,3
ACAATAGTCGTACGTT-1_V13B23-285_A1,5
ACAATCCATTTAAACC-1_V13B23-285_A1,4
ACAATGAATACGGAGA-1_V13B23-285_A1,2
ACAATTGTGTCTCTTT-1_V13B23-285_A1,12
ACAATTTAGGAGGCTC-1_V13B23-285_A1,2
ACAATTTGAGCAGTGG-1_V13B23-285_A1,1
ACAATTTGGCCATATT-1_V13B23-285_A1,1
ACACAAAGACGGGTGG-1_V13B23-285_A1,2
ACACACCAGGACCAGT-1_V13B23-285_A1,1
ACACACTTTCTACACG-1_V13B23-285_A1,11
ACACATGATCAAATCT-1_V13B23-285_A1,1
ACACATTGACGCAACA-1_V13B23-285_A1,16
ACACCACATAATTAGC-1_V13B23-285_A1,1
ACACCCAGCATGCAGC-1_V13B23-285_A1,6
ACACCCGAGAAATCCG-1_V13B23-285_A1,2
ACACCGAGCGCTCTTT-1_V13B23-285_A1,3
ACACCTTAAGTAGGGC-1_V13B23-285_A1,7
ACACCTTACTACTTGC-1_V13B23-285_A1,11
ACACGAGACTCCTTCT-1_V13B23-285_A1,1
ACACGGCACTATGCAT-1_V13B23-285_A1,21
ACACGGGAACTTAGGG-1_V13B23-285_A1,2
ACACGTAGGCCACAAG-1_V13B23-285_A1,3
ACACTCCAATGTCACT-1_V13B23-285_A1,10
ACACTGATCAAGGTGT-1_V13B23-285_A1,4
ACACTGGGACAGTCGT-1_V13B23-285_A1,3
ACAGAACTGAGAACAA-1_V13B23-285_A1,2
ACAGATTAGGTTAGTG-1_V13B23-285_A1,7
ACAGCATAGAGCCAGT-1_V13B23-285_A1,3
ACAGCGACATTCTCAT-1_V13B23-285_A1,3
ACAGCGCACCCGCAGC-1_V13B23-285_A1,14
ACAGGCACGGATCCTT-1_V13B23-285_A1,11
ACAGGCTTGCCCGACT-1_V13B23-285_A1,3
ACAGGTGGAGGTGAGG-1_V13B23-285_A1,6
ACAGGTGTGTTGTTGC-1_V13B23-285_A1,5
ACAGTAATACAACTTG-1_V13B23-285_A1,5
ACATAAGTCGTGGTGA-1_V13B23-285_A1,3
ACATAATAAGGCGGTG-1_V13B23-285_A1,5
ACATCAGCTGGGACGC-1_V13B23-285_A1,5
ACATCCCGGCCATACG-1_V13B23-285_A1,2
ACATCCTGGTAACTGT-1_V13B23-285_A1,3
ACATCGATCGTTTACC-1_V13B23-285_A1,22
ACATCGGTCAGCCGCG-1_V13B23-285_A1,5
ACATCGTATGCAATGG-1_V13B23-285_A1,3
ACATCGTTAACCTAGT-1_V13B23-285_A1,10
ACATGGCGCCAAAGTA-1_V13B23-285_A1,1
ACATGGCTCAATTTAG-1_V13B23-285_A1,3
ACATTAGTTTATATCC-1_V13B23-285_A1,6
ACCAACACCACACACT-1_V13B23-285_A1,14
ACCAACCGCACTCCAC-1_V13B23-285_A1,3
ACCAACGCTTATTTAT-1_V13B23-285_A1,5
ACCAAGAACGCGTGTC-1_V13B23-285_A1,1
ACCAAGTCATCGGCAG-1_V13B23-285_A1,12
ACCAATATGCAAGTTA-1_V13B23-285_A1,1
ACCACAAGTTTCTATC-1_V13B23-285_A1,5
ACCACCAATGTAACAA-1_V13B23-285_A1,2
ACCACCCTCTCTTCTA-1_V13B23-285_A1,6
ACCACGTGCAGCTATA-1_V13B23-285_A1,2
ACCACTGTTCAAGAAG-1_V13B23-285_A1,17
ACCAGACCATAACAAC-1_V13B23-285_A1,18
ACCAGGAGTGTGATCT-1_V13B23-285_A1,7
ACCAGTGCGGGAGACG-1_V13B23-285_A1,12
ACCATATCCGCAATAA-1_V13B23-285_A1,5
ACCATCCGCCAACTAG-1_V13B23-285_A1,5
ACCATCGTATATGGTA-1_V13B23-285_A1,5
ACCATTAAGGGTGTCA-1_V13B23-285_A1,3
ACCCAACGCCCGTGGC-1_V13B23-285_A1,2
ACCCACCTACATGCTC-1_V13B23-285_A1,2
ACCCATCTTGAGGGTA-1_V13B23-285_A1,6
ACCCATTTGTCCCTCT-1_V13B23-285_A1,12
ACCCGAGCGAAATTAC-1_V13B23-285_A1,2
ACCCGGAAACTCCCAG-1_V13B23-285_A1,2
ACCCGGATGACGCATC-1_V13B23-285_A1,3
ACCCGGTTACACTTCC-1_V13B23-285_A1,5
ACCCGTGTCATCAGTA-1_V13B23-285_A1,1
ACCCTATAGGACTGAG-1_V13B23-285_A1,4
ACCCTATGCCATATCG-1_V13B23-285_A1,2
ACCCTCCCGTCAGGGC-1_V13B23-285_A1,3
ACCCTCCCTTGCTATT-1_V13B23-285_A1,13
ACCCTGGTAACGCCCT-1_V13B23-285_A1,7
ACCCTTCATCTGCGAA-1_V13B23-285_A1,3
ACCGAAAGGGCCCTGC-1_V13B23-285_A1,16
ACCGAAGAGTCTGGTT-1_V13B23-285_A1,1
ACCGACACATCTCCCA-1_V13B23-285_A1,2
ACCGACTGAGTCCCAC-1_V13B23-285_A1,18
ACCGAGTCTCCTTATT-1_V13B23-285_A1,3
ACCGATAGGCATAACC-1_V13B23-285_A1,3
ACCGATATTTAATCAT-1_V13B23-285_A1,3
ACCGATGGTAGCATCG-1_V13B23-285_A1,1
ACCGCAATAACTGCCT-1_V13B23-285_A1,2
ACCGCGGTGGAAGTCG-1_V13B23-285_A1,1
ACCGGGCCTTTGTTGA-1_V13B23-285_A1,11
ACCGGTCAGGTACACC-1_V13B23-285_A1,6
ACCGTGACCACGTGGG-1_V13B23-285_A1,1
ACCGTTCCCGCTCTGA-1_V13B23-285_A1,21
ACCTAAGTACCTTTCA-1_V13B23-285_A1,1
ACCTAATCGACTTCCT-1_V13B23-285_A1,4
ACCTACAGTATGTGGT-1_V13B23-285_A1,1
ACCTACTATAAATCTA-1_V13B23-285_A1,1
ACCTCCGCCCTCGCTG-1_V13B23-285_A1,3
ACCTCCGTTATTCACC-1_V13B23-285_A1,1
ACCTGCGTGTCATGTT-1_V13B23-285_A1,4
ACGAAATGGGCGGCAC-1_V13B23-285_A1,5
ACGACTGGTCATACTC-1_V13B23-285_A1,12
ACGAGAACCCATCACG-1_V13B23-285_A1,3
ACGAGATATTTGCTTA-1_V13B23-285_A1,24
ACGAGGATACCACTCT-1_V13B23-285_A1,5
ACGAGGTTTACAACGT-1_V13B23-285_A1,1
ACGAGTACGGATGCCC-1_V13B23-285_A1,12
ACGATACATAGAACTA-1_V13B23-285_A1,5
ACGATACCTATCCTGA-1_V13B23-285_A1,5
ACGATCATACATAGAG-1_V13B23-285_A1,2
ACGATCATCTTGTAAA-1_V13B23-285_A1,2
ACGATGCATATGTTAT-1_V13B23-285_A1,5
ACGATGGATCCGATGC-1_V13B23-285_A1,15
ACGCAAACTAATAGAT-1_V13B23-285_A1,2
ACGCAATCACTACAGC-1_V13B23-285_A1,3
ACGCATACGTTTACTA-1_V13B23-285_A1,1
ACGCATTCGTGAGTAC-1_V13B23-285_A1,5
ACGCCAGATGATTTCT-1_V13B23-285_A1,3
ACGCCGCTAGACGACC-1_V13B23-285_A1,6
ACGCGAAGTCAGACGA-1_V13B23-285_A1,5
ACGCGCTACACAGGGT-1_V13B23-285_A1,1
ACGCGGGCCAAGGACA-1_V13B23-285_A1,2
ACGCGTTTCTTAAGAG-1_V13B23-285_A1,2
ACGCTAGTGATACACT-1_V13B23-285_A1,1
ACGCTGTGAGGCGTAG-1_V13B23-285_A1,4
ACGGAATTTAGCAAAT-1_V13B23-285_A1,8
ACGGACTCTCAAAGCG-1_V13B23-285_A1,3
ACGGATGGTGCGGATA-1_V13B23-285_A1,11
ACGGCACTTGCTTGGG-1_V13B23-285_A1,2
ACGGCCAACATGGACT-1_V13B23-285_A1,2
ACGGCGACGATGGGAA-1_V13B23-285_A1,2
ACGGCGGGTTGCCCTG-1_V13B23-285_A1,8
ACGGCTGGATGTAGAA-1_V13B23-285_A1,2
ACGGGAGTGTCGGCCC-1_V13B23-285_A1,1
ACGGGCGTATGCGACA-1_V13B23-285_A1,1
ACGGGTCATGTGACTT-1_V13B23-285_A1,12
ACGGTACAGTTCAATG-1_V13B23-285_A1,4
ACGTACAGATTTCTCT-1_V13B23-285_A1,19
ACGTAGATTGCTGATG-1_V13B23-285_A1,2
ACGTAGGAGAGTCGCT-1_V13B23-285_A1,12
ACGTATTACTCCGATC-1_V13B23-285_A1,3
ACGTCTCGTTCCGGGA-1_V13B23-285_A1,5
ACGTGACAAAGTAAGT-1_V13B23-285_A1,1
ACGTGCGCCTCGTGCA-1_V13B23-285_A1,3
ACGTTAATGTCGAAGA-1_V13B23-285_A1,4
ACGTTAGATTTGCCCG-1_V13B23-285_A1,5
ACGTTATTGGTCACTC-1_V13B23-285_A1,3
ACGTTCCGCGCTCCGT-1_V13B23-285_A1,7
ACGTTCGCAATCAATT-1_V13B23-285_A1,2
ACGTTCGTTCAGGAAA-1_V13B23-285_A1,3
ACGTTCTGTACAAGTC-1_V13B23-285_A1,1
ACGTTTAGTTGTGATC-1_V13B23-285_A1,4
ACTACATCCCGACAAG-1_V13B23-285_A1,4
ACTACCAGCTCTCTGG-1_V13B23-285_A1,5
ACTACGCGTTAGAATT-1_V13B23-285_A1,3
ACTAGTTGCGATCGTC-1_V13B23-285_A1,3
ACTATCCAGGGCATGG-1_V13B23-285_A1,1
ACTATCGCCGGCTAAA-1_V13B23-285_A1,4
ACTATCTGCCCGCGTA-1_V13B23-285_A1,11
ACTATGTCCAGCTGCC-1_V13B23-285_A1,4
ACTATTCGTCCGTGGT-1_V13B23-285_A1,11
ACTATTTCCGGGCCCA-1_V13B23-285_A1,2
ACTCAACGAATGTATT-1_V13B23-285_A1,3
ACTCAAGTGCAAGGCT-1_V13B23-285_A1,12
ACTCAATAAAGGCACG-1_V13B23-285_A1,2
ACTCAGACCTGCTTCT-1_V13B23-285_A1,4
ACTCCAATATCATCAT-1_V13B23-285_A1,3
ACTCCCATTCCTAAAG-1_V13B23-285_A1,2
ACTCCCGAATTCGTTT-1_V13B23-285_A1,11
ACTCCCTAATGCTAAA-1_V13B23-285_A1,4
ACTCCCTAGAATAGTA-1_V13B23-285_A1,5
ACTCCGGCCGACCACT-1_V13B23-285_A1,3
ACTCGATGTATTTCAT-1_V13B23-285_A1,2
ACTCGCCGTTCGATAA-1_V13B23-285_A1,3
ACTCGCGATCTGACGC-1_V13B23-285_A1,18
ACTCGTAACCCGTCCT-1_V13B23-285_A1,4
ACTCGTCAGTAATCCC-1_V13B23-285_A1,1
ACTCTAAACCTGGGAT-1_V13B23-285_A1,2
ACTCTCTGACTTAGGT-1_V13B23-285_A1,3
ACTCTCTTATACACGA-1_V13B23-285_A1,23
ACTCTGACCTAATAGA-1_V13B23-285_A1,3
ACTCTTGTATAGTAAC-1_V13B23-285_A1,2
ACTGAAACGCCGTTAG-1_V13B23-285_A1,3
ACTGAATGGCGAAAGT-1_V13B23-285_A1,4
ACTGCCGTCGTAACTC-1_V13B23-285_A1,1
ACTGCGGACACACCGT-1_V13B23-285_A1,2
ACTGCTCGGAAGGATG-1_V13B23-285_A1,2
ACTGTACGATACACAT-1_V13B23-285_A1,15
ACTGTAGCACTTTGGA-1_V13B23-285_A1,2
ACTGTATACGCGAGCA-1_V13B23-285_A1,3
ACTGTCCAGGATTATA-1_V13B23-285_A1,5
ACTGTCTTCTTTAGAA-1_V13B23-285_A1,2
ACTGTGCTAGTAGATC-1_V13B23-285_A1,22
ACTGTTTAGTGTAGGC-1_V13B23-285_A1,19
ACTTACGCATCCACGC-1_V13B23-285_A1,3
ACTTAGTACGACAAGA-1_V13B23-285_A1,8
ACTTATACTTACCCGG-1_V13B23-285_A1,2
ACTTATCTGATCTATA-1_V13B23-285_A1,4
ACTTATTAGGATCGGT-1_V13B23-285_A1,5
ACTTATTTATGTGCCA-1_V13B23-285_A1,1
ACTTCAGGCTGATCCC-1_V13B23-285_A1,1
ACTTCCAGTGGAAGCT-1_V13B23-285_A1,4
ACTTCCATGCGGGACA-1_V13B23-285_A1,1
ACTTCGCCATACGCAC-1_V13B23-285_A1,6
ACTTGACTCCCTCTTT-1_V13B23-285_A1,1
ACTTGCCATATTGTAC-1_V13B23-285_A1,7
ACTTGGGACCCGGTGG-1_V13B23-285_A1,5
ACTTGTAGTCCCTTCA-1_V13B23-285_A1,2
ACTTGTGGATGGAACG-1_V13B23-285_A1,11
ACTTTACCCTCATGAA-1_V13B23-285_A1,3
ACTTTCCTATAGCTTC-1_V13B23-285_A1,1
ACTTTGACTGCATCCT-1_V13B23-285_A1,2
ACTTTGGTCGTGCTCC-1_V13B23-285_A1,1
ACTTTGTCGACGCACT-1_V13B23-285_A1,3
AGAAATTATGACTCGC-1_V13B23-285_A1,3
AGAACCCAGCGTGACA-1_V13B23-285_A1,1
AGAACCCTCAATTGGG-1_V13B23-285_A1,2
AGAACGTGGTACATTC-1_V13B23-285_A1,1
AGAAGAGCGCCGTTCC-1_V13B23-285_A1,3
AGAAGGTACACTTCAC-1_V13B23-285_A1,20
AGAAGGTTGCCGAATT-1_V13B23-285_A1,20
AGAAGGTTGTAGGTCG-1_V13B23-285_A1,3
AGAAGTGATTCGTGAT-1_V13B23-285_A1,5
AGAATAAATCTTCAGG-1_V13B23-285_A1,5
AGAATTATGGATTCGA-1_V13B23-285_A1,1
AGAATTGTTTGACATA-1_V13B23-285_A1,8
AGACAGCTCAGAATCC-1_V13B23-285_A1,5
AGACATAGATCCTTCC-1_V13B23-285_A1,3
AGACCAAACCACACCT-1_V13B23-285_A1,2
AGACCATGGGATACAA-1_V13B23-285_A1,1
AGACCCACCGCTGATC-1_V13B23-285_A1,6
AGACCCGCCCTCCTCG-1_V13B23-285_A1,6
AGACCGCTCCGCGGTT-1_V13B23-285_A1,11
AGACGAAGTGCCGGTC-1_V13B23-285_A1,3
AGACGACGATGCCGCT-1_V13B23-285_A1,1
AGACGCCCACTTCGCC-1_V13B23-285_A1,3
AGACTAGCCTTCCAGA-1_V13B23-285_A1,5
AGACTGTTACCGGGTC-1_V13B23-285_A1,1
AGAGAACCGTCTAGGA-1_V13B23-285_A1,9
AGAGAAGGAGTACAAT-1_V13B23-285_A1,1
AGAGATCTCTAAAGCG-1_V13B23-285_A1,5
AGAGCAGTTATGAGAC-1_V13B23-285_A1,1
AGAGCCGCCGAGATTT-1_V13B23-285_A1,3
AGAGCGGGCTAATCAT-1_V13B23-285_A1,12
AGAGCGTACAAGCTCG-1_V13B23-285_A1,4
AGAGCTACGAAAGCAT-1_V13B23-285_A1,12
AGAGGCTTCGGAAACC-1_V13B23-285_A1,1
AGAGGTATCTCGGTCC-1_V13B23-285_A1,10
AGAGTAAACTTCACTA-1_V13B23-285_A1,1
AGAGTATAGTGTTACG-1_V13B23-285_A1,11
AGATAACTTCAGGGCC-1_V13B23-285_A1,1
AGATACCAATAGAACC-1_V13B23-285_A1,1
AGATACCGGTGTTCAC-1_V13B23-285_A1,5
AGATACGACTTCATAT-1_V13B23-285_A1,3
AGATACTCAAGATCGA-1_V13B23-285_A1,1
AGATATAATACGACTA-1_V13B23-285_A1,1
AGATCGTGCATAAGAT-1_V13B23-285_A1,2
AGATCTCAGGTGTGAT-1_V13B23-285_A1,2
AGATGACTCGCCCACG-1_V13B23-285_A1,6
AGATGAGGGTTGCGAT-1_V13B23-285_A1,14
AGATGATGGAGTCTGG-1_V13B23-285_A1,1
AGATGCAAGACGTGCA-1_V13B23-285_A1,2
AGATGCATCCTGTGTC-1_V13B23-285_A1,5
AGATGCTATAACGAGC-1_V13B23-285_A1,17
AGATTATAGGACGTTT-1_V13B23-285_A1,5
AGATTCACAACCGATA-1_V13B23-285_A1,5
AGCAAAGGCCGCTAGT-1_V13B23-285_A1,3
AGCAACATATCTTATT-1_V13B23-285_A1,1
AGCAACCGAAAGTAAT-1_V13B23-285_A1,2
AGCACCAGTACTCACG-1_V13B23-285_A1,2
AGCACTACCGGCCTGT-1_V13B23-285_A1,5
AGCACTACCTCACCAG-1_V13B23-285_A1,1
AGCACTTAAGGACGCC-1_V13B23-285_A1,6
AGCAGAAGGAGAAAGA-1_V13B23-285_A1,3
AGCAGCCAGATGAATA-1_V13B23-285_A1,5
AGCATATCAATATGCT-1_V13B23-285_A1,12
AGCATCATTTCGAAAG-1_V13B23-285_A1,5
AGCATCGTCGATAATT-1_V13B23-285_A1,2
AGCATTACGAGGCAAG-1_V13B23-285_A1,3
AGCCAAGCTTTGTGTC-1_V13B23-285_A1,1
AGCCACAGGTTACCCG-1_V13B23-285_A1,3
AGCCACTCCCGTGCTT-1_V13B23-285_A1,1
AGCCATATAGTATGTG-1_V13B23-285_A1,4
AGCCCATACATGTAAG-1_V13B23-285_A1,4
AGCCCGCAACAAGCAG-1_V13B23-285_A1,2
AGCCCGCACTACAATG-1_V13B23-285_A1,4
AGCCCGGCATTAGAGG-1_V13B23-285_A1,1
AGCCCGGTAGCCTGTA-1_V13B23-285_A1,1
AGCCCTAAGCGAAGTT-1_V13B23-285_A1,12
AGCCCTGTCGCACCGT-1_V13B23-285_A1,1
AGCCCTTCTAATCCGA-1_V13B23-285_A1,23
AGCCCTTGGACATCCC-1_V13B23-285_A1,12
AGCCGCTTGATTAGCG-1_V13B23-285_A1,3
AGCCGTGGCTAAATGT-1_V13B23-285_A1,2
AGCCTAATACCCACGT-1_V13B23-285_A1,5
AGCCTTAAAGCGGAAG-1_V13B23-285_A1,2
AGCGACAGGAACGGTC-1_V13B23-285_A1,2
AGCGACATCCCATTCA-1_V13B23-285_A1,1
AGCGACCAACGATATT-1_V13B23-285_A1,2
AGCGATGCGCCTAATA-1_V13B23-285_A1,3
AGCGCATAATGAATCG-1_V13B23-285_A1,5
AGCGCGGGTGCCAATG-1_V13B23-285_A1,20
AGCGCTAGAGCGATGT-1_V13B23-285_A1,1
AGCGGACACTTCGTAG-1_V13B23-285_A1,1
AGCGGCGGTTAGCGGT-1_V13B23-285_A1,5
AGCGGGAAGGGTCCAT-1_V13B23-285_A1,8
AGCGGGTCTGACACTC-1_V13B23-285_A1,3
AGCGTACGAGAGCTAG-1_V13B23-285_A1,3
AGCGTAGCGCTAGACC-1_V13B23-285_A1,8
AGCGTCTGAACCCGCA-1_V13B23-285_A1,8
AGCGTGGTATTCTACT-1_V13B23-285_A1,4
AGCTAACAAGCAATGT-1_V13B23-285_A1,1
AGCTAAGTACGCAGGC-1_V13B23-285_A1,4
AGCTAGAAGCAGAAGT-1_V13B23-285_A1,1
AGCTATTTAATCCAAC-1_V13B23-285_A1,1
AGCTCCATATATGTTC-1_V13B23-285_A1,12
AGCTCCTTCGCACATC-1_V13B23-285_A1,3
AGCTCTAGACGTTCCA-1_V13B23-285_A1,5
AGCTCTTCCCAGTGCA-1_V13B23-285_A1,3
AGCTCTTCGTAACCTT-1_V13B23-285_A1,6
AGCTCTTTACTCAGTT-1_V13B23-285_A1,5
AGCTGAAGTAAACCAA-1_V13B23-285_A1,6
AGCTGTAACCTCAATC-1_V13B23-285_A1,6
AGCTTATAGAGACCTG-1_V13B23-285_A1,4
AGCTTCTTCTCGAGCA-1_V13B23-285_A1,12
AGCTTGATCTTAACTT-1_V13B23-285_A1,2
AGGAAAGCCTCTGATG-1_V13B23-285_A1,1
AGGAAGCTGTCCGCCG-1_V13B23-285_A1,1
AGGACAGTCGAATCCC-1_V13B23-285_A1,2
AGGACATCGCACGTCG-1_V13B23-285_A1,11
AGGACGACCCATTAGA-1_V13B23-285_A1,5
AGGACGCTCGATGTTG-1_V13B23-285_A1,1
AGGACTTATAGGAGAA-1_V13B23-285_A1,3
AGGAGACATCCACAGT-1_V13B23-285_A1,1
AGGAGGCCTTCGCGCG-1_V13B23-285_A1,11
AGGATAAAGTCGGGAT-1_V13B23-285_A1,1
AGGATATAGGGATTTA-1_V13B23-285_A1,1
AGGATCACGCGATCTG-1_V13B23-285_A1,2
AGGATTGCTTACGACA-1_V13B23-285_A1,3
AGGCAAAGAGGAATCA-1_V13B23-285_A1,1
AGGCACGTGACTGTCC-1_V13B23-285_A1,11
AGGCAGATGCGTAAAC-1_V13B23-285_A1,2
AGGCAGGGAGCGTACT-1_V13B23-285_A1,1
AGGCATTGTCGTAGGG-1_V13B23-285_A1,3
AGGCCACATTGGTTAC-1_V13B23-285_A1,3
AGGCCACCCGTTATGA-1_V13B23-285_A1,5
AGGCCCAGTGACTGGT-1_V13B23-285_A1,3
AGGCCCATTGTACAGG-1_V13B23-285_A1,3
AGGCCCTAGAACGCCA-1_V13B23-285_A1,5
AGGCGGTTTGTCCCGC-1_V13B23-285_A1,2
AGGCTATGGTTAGCTT-1_V13B23-285_A1,2
AGGCTTCCCGAAGAAG-1_V13B23-285_A1,2
AGGCTTGCTAGACACC-1_V13B23-285_A1,2
AGGGAAACGAGGTACT-1_V13B23-285_A1,4
AGGGACAGCACGGCGG-1_V13B23-285_A1,8
AGGGACCGGCTGCGTT-1_V13B23-285_A1,6
AGGGACTCTACGCGAC-1_V13B23-285_A1,5
AGGGAGACATACTTCG-1_V13B23-285_A1,1
AGGGCAGCGGCGTGGT-1_V13B23-285_A1,21
AGGGCGAGCAGCTGAT-1_V13B23-285_A1,5
AGGGCGTGATCGGCTA-1_V13B23-285_A1,3
AGGGCTGCAGTTACAG-1_V13B23-285_A1,5
AGGGTCGATGCGAACT-1_V13B23-285_A1,1
AGGGTGCCGTTCTTTA-1_V13B23-285_A1,4
AGGGTGCTCTCGAGGG-1_V13B23-285_A1,1
AGGGTGGATAGTGCAT-1_V13B23-285_A1,16
AGGGTTCCCTTTGGTT-1_V13B23-285_A1,12
AGGGTTTAGTTCGGGA-1_V13B23-285_A1,5
AGGTAACCTCCTATTC-1_V13B23-285_A1,3
AGGTACGATATTGCCA-1_V13B23-285_A1,10
AGGTAGATCGAGATAT-1_V13B23-285_A1,1
AGGTAGGTACAAAGCT-1_V13B23-285_A1,5
AGGTATAATTGATAGT-1_V13B23-285_A1,1
AGGTATGCGGACATTA-1_V13B23-285_A1,1
AGGTCAGGTGAGAGTG-1_V13B23-285_A1,5
AGGTCGCCACTTCGGT-1_V13B23-285_A1,11
AGGTCGCCTCCCAACA-1_V13B23-285_A1,4
AGGTCGCGGAGTTACT-1_V13B23-285_A1,3
AGGTGCACGTCCACAT-1_V13B23-285_A1,11
AGGTGGTGACCTTCGC-1_V13B23-285_A1,2
AGGTGTATCGCCATGA-1_V13B23-285_A1,4
AGGTTACACCATGCCG-1_V13B23-285_A1,3
AGGTTGAGGCACGCTT-1_V13B23-285_A1,2
AGGTTTCACACACCTT-1_V13B23-285_A1,4
AGTAACTATAGCAGCC-1_V13B23-285_A1,3
AGTAATGTCTTGCCGC-1_V13B23-285_A1,3
AGTACAGAAGCTTATA-1_V13B23-285_A1,1
AGTACATCATTTATCA-1_V13B23-285_A1,3
AGTACGGCCCGTATCG-1_V13B23-285_A1,8
AGTACGGGCACCTGGC-1_V13B23-285_A1,5
AGTACTCTTATGCCCA-1_V13B23-285_A1,1
AGTAGAAGGCGCCTCA-1_V13B23-285_A1,3
AGTAGGAAGGAAGTTG-1_V13B23-285_A1,17
AGTAGGTAACATACAT-1_V13B23-285_A1,3
AGTATAATACTAGGCA-1_V13B23-285_A1,5
AGTATACACAGCGACA-1_V13B23-285_A1,5
AGTATCCATAATAACG-1_V13B23-285_A1,8
AGTATGCTGGAGACCA-1_V13B23-285_A1,3
AGTATTTGGCACGACC-1_V13B23-285_A1,3
AGTCAACACCACCATC-1_V13B23-285_A1,2
AGTCAAGATGACACTT-1_V13B23-285_A1,2
AGTCACTAGCTCTCGA-1_V13B23-285_A1,3
AGTCACTCCGCCTCAT-1_V13B23-285_A1,3
AGTCAGCCACCGCCTG-1_V13B23-285_A1,15
AGTCCAGCGGGTACGT-1_V13B23-285_A1,4
AGTCCATTGGCTGATG-1_V13B23-285_A1,12
AGTCCCGCCTTTAATT-1_V13B23-285_A1,18
AGTCCCTCGCAGAAAG-1_V13B23-285_A1,4
AGTCGACGGTCTCAAG-1_V13B23-285_A1,2
AGTCGGCCCAAACGAC-1_V13B23-285_A1,2
AGTCGGCTCAACTTTA-1_V13B23-285_A1,5
AGTCGGTTGCGTGAGA-1_V13B23-285_A1,2
AGTCGTATAAAGCAGA-1_V13B23-285_A1,3
AGTCGTCGACCACCAA-1_V13B23-285_A1,1
AGTCGTGGGCATTACG-1_V13B23-285_A1,3
AGTCTAAAGTATACTC-1_V13B23-285_A1,11
AGTCTCACAAGACTAC-1_V13B23-285_A1,5
AGTCTGGACATCCTTG-1_V13B23-285_A1,25
AGTCTTCTCCTCAAAT-1_V13B23-285_A1,2
AGTCTTTAAAGTGTCC-1_V13B23-285_A1,11
AGTGAACAAACTTCTC-1_V13B23-285_A1,1
AGTGAAGATGGTGTCC-1_V13B23-285_A1,7
AGTGACCTACTTTACG-1_V13B23-285_A1,16
AGTGAGACTTCCAGTA-1_V13B23-285_A1,2
AGTGAGCCTCGCCGCC-1_V13B23-285_A1,3
AGTGAGTCGAATTAAC-1_V13B23-285_A1,3
AGTGATAACCTGCGCG-1_V13B23-285_A1,3
AGTGATATGAGTAGTT-1_V13B23-285_A1,6
AGTGATTCAAGCAGGA-1_V13B23-285_A1,1
AGTGCACGCTTAAGAA-1_V13B23-285_A1,3
AGTGCGTAGCTCGTAA-1_V13B23-285_A1,6
AGTGCTAAACACAGCA-1_V13B23-285_A1,1
AGTGCTTGCACGAATA-1_V13B23-285_A1,2
AGTGGCGGCAATTTGA-1_V13B23-285_A1,18
AGTGGCGTCTGAAGGT-1_V13B23-285_A1,11
AGTGGCTCCGTCGGCC-1_V13B23-285_A1,2
AGTGGTGTTACCCGTG-1_V13B23-285_A1,2
AGTGGTTGCGTATAGG-1_V13B23-285_A1,5
AGTGTATTGCGCATTG-1_V13B23-285_A1,1
AGTGTGCTAAGATCGC-1_V13B23-285_A1,1
AGTGTGGTCTATTGTG-1_V13B23-285_A1,3
AGTTAAACACTTGCGA-1_V13B23-285_A1,6
AGTTAAGCGGTCCCGG-1_V13B23-285_A1,3
AGTTAAGTCAACCGCT-1_V13B23-285_A1,2
AGTTACCCTTAAGACT-1_V13B23-285_A1,5
AGTTACCGCACATGGT-1_V13B23-285_A1,5
AGTTACTCTATCGTGG-1_V13B23-285_A1,4
AGTTCACCGGTTGGAC-1_V13B23-285_A1,2
AGTTCCTACAGAATTA-1_V13B23-285_A1,2
AGTTCCTATTTATGTT-1_V13B23-285_A1,2
AGTTCTGCGTTGTATC-1_V13B23-285_A1,3
AGTTGACATCGGCTGG-1_V13B23-285_A1,3
AGTTGACGGTCCTTGC-1_V13B23-285_A1,3
AGTTGCTGACTGATAT-1_V13B23-285_A1,15
AGTTGGCAAGGCTAGA-1_V13B23-285_A1,12
AGTTTATGTAAAGACA-1_V13B23-285_A1,2
AGTTTCGCAGGTCGGA-1_V13B23-285_A1,5
AGTTTGCACCTGCCTC-1_V13B23-285_A1,3
AGTTTGGCACGGGTTG-1_V13B23-285_A1,12
AGTTTGGCCAGACCTA-1_V13B23-285_A1,5
ATAAACCATTGGACGG-1_V13B23-285_A1,4
ATAAACGGACCCGTAA-1_V13B23-285_A1,2
ATAAACGTTGCACCAC-1_V13B23-285_A1,11
ATAAAGGCTCGGTCGT-1_V13B23-285_A1,4
ATAAATATTAGCAGCT-1_V13B23-285_A1,5
ATAACGCCGGAGGGTC-1_V13B23-285_A1,2
ATAACGGAGTCCAACG-1_V13B23-285_A1,5
ATAAGGTGGAGAACAT-1_V13B23-285_A1,5
ATAAGTAGGATTCAGA-1_V13B23-285_A1,3
ATAAGTAGGGCGACTC-1_V13B23-285_A1,2
ATAAGTTACCGCGACG-1_V13B23-285_A1,2
ATAATACCGTTAGCCG-1_V13B23-285_A1,3
ATAATAGCTGTTGAAT-1_V13B23-285_A1,5
ATAATAGTGTAGGGAC-1_V13B23-285_A1,3
ATAATCTTGGAGAACC-1_V13B23-285_A1,2
ATAATTAGCTAAGTAG-1_V13B23-285_A1,2
ATACAGGCCCTCCAAT-1_V13B23-285_A1,2
ATACCACGGGCAACTT-1_V13B23-285_A1,4
ATACCAGCAAATTGCT-1_V13B23-285_A1,10
ATACCAGGCTAATAGA-1_V13B23-285_A1,4
ATACCTAACCAAGAAA-1_V13B23-285_A1,2
ATACGAAGGCTTTCCA-1_V13B23-285_A1,3
ATACGCCGATCTACCG-1_V13B23-285_A1,4
ATACGCCGGCGAAACC-1_V13B23-285_A1,5
ATACGGAACGTCGTTT-1_V13B23-285_A1,1
ATACGGGTTTCGATTG-1_V13B23-285_A1,13
ATACGGTGAAGATGCA-1_V13B23-285_A1,2
ATACGTACTTAGCCAC-1_V13B23-285_A1,11
ATACGTCCACTCCTGT-1_V13B23-285_A1,3
ATACGTTATGCACGGA-1_V13B23-285_A1,3
ATACTACCCGTACCAC-1_V13B23-285_A1,1
ATACTAGCATGACCCT-1_V13B23-285_A1,2
ATACTCTCGCCACTCT-1_V13B23-285_A1,8
ATACTGCCTTACACCG-1_V13B23-285_A1,1
ATACTTGTTCTCGAGC-1_V13B23-285_A1,2
ATAGACAACGGGACCT-1_V13B23-285_A1,1
ATAGACGAAGAGAAAG-1_V13B23-285_A1,7
ATAGAGTACTGGGACA-1_V13B23-285_A1,5
ATAGAGTTATCAACTT-1_V13B23-285_A1,1
ATAGCAACTAGGGAAG-1_V13B23-285_A1,2
ATAGCCATAACAGTCA-1_V13B23-285_A1,7
ATAGCCTCAGTACCCA-1_V13B23-285_A1,1
ATAGCTGCTCTTGTTA-1_V13B23-285_A1,3
ATAGGCGGCTATAGAA-1_V13B23-285_A1,5
ATAGGCTAGCTTCGCA-1_V13B23-285_A1,16
ATAGGGATATCCTTGA-1_V13B23-285_A1,5
ATAGGTTGGGCAGATG-1_V13B23-285_A1,4
ATAGTCTTTGACGTGC-1_V13B23-285_A1,14
ATAGTGAAGCGTTCTC-1_V13B23-285_A1,6
ATAGTTCCACCCACTC-1_V13B23-285_A1,1
ATATAAAGCGCTCGTG-1_V13B23-285_A1,3
ATATAAATGTAGCTGC-1_V13B23-285_A1,11
ATATAACACGGGCGCA-1_V13B23-285_A1,18
ATATACATGTATGGTA-1_V13B23-285_A1,2
ATATACGCTCGTGACG-1_V13B23-285_A1,3
ATATAGAGTATTGGTC-1_V13B23-285_A1,2
ATATCAACCTACAGAG-1_V13B23-285_A1,2
ATATCAATTCCAGCCT-1_V13B23-285_A1,2
ATATCGGTAGGGAGAT-1_V13B23-285_A1,1
ATATCGTTCCTCGAAC-1_V13B23-285_A1,11
ATATCTCCCTCGTTAA-1_V13B23-285_A1,2
ATATCTTAGGGCCTTC-1_V13B23-285_A1,5
ATATGTCTCCCTAGCC-1_V13B23-285_A1,1
ATATTCAGTTAAACCT-1_V13B23-285_A1,5
ATATTCCACATAGTGA-1_V13B23-285_A1,11
ATATTCCCACAGGTCA-1_V13B23-285_A1,3
ATATTGCTGTCAAAGT-1_V13B23-285_A1,3
ATATTGGAGAGGCCTT-1_V13B23-285_A1,3
ATATTTAACCCTCAAG-1_V13B23-285_A1,5
ATCAAACACTGTTCCA-1_V13B23-285_A1,2
ATCAAACGAAGGTTTG-1_V13B23-285_A1,4
ATCAATCTGGGCTGCA-1_V13B23-285_A1,2
ATCAATGCCGTGGCTG-1_V13B23-285_A1,5
ATCACATTAGAATATC-1_V13B23-285_A1,13
ATCACGTGCTAATTAA-1_V13B23-285_A1,2
ATCACTTCATCCTCGC-1_V13B23-285_A1,5
ATCAGACGGCACGCCG-1_V13B23-285_A1,5
ATCAGCCTCATGCTGC-1_V13B23-285_A1,12
ATCAGCTCGTCCACTA-1_V13B23-285_A1,2
ATCAGTAGGCAGGGAT-1_V13B23-285_A1,6
ATCATAGCCCTATGTA-1_V13B23-285_A1,3
ATCATCCAATATTTGT-1_V13B23-285_A1,2
ATCATGGACTACCGAC-1_V13B23-285_A1,1
ATCCAACGCAGTCATA-1_V13B23-285_A1,5
ATCCAATGGAGGGTCC-1_V13B23-285_A1,5
ATCCAATGGTACCGAA-1_V13B23-285_A1,2
ATCCACATCGACAGAA-1_V13B23-285_A1,3
ATCCAGAGCAACAACC-1_V13B23-285_A1,2
ATCCAGGATTCGTGAA-1_V13B23-285_A1,6
ATCCCATCCACAGCGC-1_V13B23-285_A1,6
ATCCTACCTAAGCTCT-1_V13B23-285_A1,16
ATCCTGAATCGCTGCG-1_V13B23-285_A1,4
ATCCTGCGTGGAATGG-1_V13B23-285_A1,22
ATCCTGCTGCAGATAG-1_V13B23-285_A1,1
ATCGACCCAATACAGA-1_V13B23-285_A1,2
ATCGACTCTTTCCGTT-1_V13B23-285_A1,2
ATCGCACGATTGTTCA-1_V13B23-285_A1,3
ATCGCACGCCGGGAGA-1_V13B23-285_A1,5
ATCGCCAGTCAACATT-1_V13B23-285_A1,1
ATCGCTGCGTGCAGCA-1_V13B23-285_A1,7
ATCGCTTTACGTCTCA-1_V13B23-285_A1,3
ATCGGAGACAGACGGC-1_V13B23-285_A1,1
ATCGGCAAGCAGTCCA-1_V13B23-285_A1,4
ATCGGTTACCTAGTAA-1_V13B23-285_A1,5
ATCGTATTCCGAGAAC-1_V13B23-285_A1,2
ATCGTCCAATCGAGTC-1_V13B23-285_A1,11
ATCGTGGAAAGTCTGG-1_V13B23-285_A1,1
ATCGTTAGCTAGCGGA-1_V13B23-285_A1,11
ATCTAACGTCCCTATG-1_V13B23-285_A1,10
ATCTAATATCCTACGG-1_V13B23-285_A1,1
ATCTACCATCTGCTCC-1_V13B23-285_A1,12
ATCTAGCTTGTGAGGG-1_V13B23-285_A1,1
ATCTCCCACGGAATAT-1_V13B23-285_A1,12
ATCTCCCTGCAATCTA-1_V13B23-285_A1,3
ATCTCGTGAGCGAAAC-1_V13B23-285_A1,11
ATCTGACATGGAAGGA-1_V13B23-285_A1,11
ATCTGATAGTGTCTTA-1_V13B23-285_A1,3
ATCTGCACCTCTGCGA-1_V13B23-285_A1,3
ATCTGCTGTTATCGCC-1_V13B23-285_A1,3
ATCTGGGCTGTTCTTG-1_V13B23-285_A1,2
ATCTGGTTAAGACTGT-1_V13B23-285_A1,2
ATCTGTAATTGTACCC-1_V13B23-285_A1,12
ATCTTATCGCACACCC-1_V13B23-285_A1,3
ATCTTGACCTGCAACG-1_V13B23-285_A1,2
ATCTTGACTTGTCCAA-1_V13B23-285_A1,1
ATCTTTCGTATAACCA-1_V13B23-285_A1,4
ATGAAGCCAAGGAGCC-1_V13B23-285_A1,5
ATGAAGTGGACCCAGC-1_V13B23-285_A1,2
ATGACGCCGGCTCTAA-1_V13B23-285_A1,1
ATGACGCGTTCTATCC-1_V13B23-285_A1,2
ATGACTATCAGCTGTG-1_V13B23-285_A1,2
ATGACTATGCGACATT-1_V13B23-285_A1,3
ATGAGGAGTGTTAATC-1_V13B23-285_A1,2
ATGAGGGCAGCGGCTA-1_V13B23-285_A1,2
ATGATCGGGAATAGAC-1_V13B23-285_A1,3
ATGATGCAATGGTACA-1_V13B23-285_A1,2
ATGCACCTTCCTTAAT-1_V13B23-285_A1,2
ATGCACGCGCTGTTCA-1_V13B23-285_A1,1
ATGCACTACCGCATTG-1_V13B23-285_A1,2
ATGCATGATCCAGGAT-1_V13B23-285_A1,2
ATGCATTCCGTGATGG-1_V13B23-285_A1,8
ATGCCATTTGCGACCA-1_V13B23-285_A1,3
ATGCCGGTCTTGCATA-1_V13B23-285_A1,1
ATGCCGGTTGATGGGA-1_V13B23-285_A1,1
ATGCGACAGTCCCATT-1_V13B23-285_A1,5
ATGCGAGTCCCACCAC-1_V13B23-285_A1,3
ATGCTCAGTGTTGCAT-1_V13B23-285_A1,4
ATGCTCTGGCGCGGTA-1_V13B23-285_A1,11
ATGCTTAGGAGTTGAT-1_V13B23-285_A1,1
ATGGAAATTTAAGGAG-1_V13B23-285_A1,2
ATGGAACCTTTGCACA-1_V13B23-285_A1,1
ATGGAGCAGGCCGTGA-1_V13B23-285_A1,8
ATGGATCCGGCGTCCG-1_V13B23-285_A1,9
ATGGATTGACCAAACG-1_V13B23-285_A1,5
ATGGCAGCCGAGAAAC-1_V13B23-285_A1,5
ATGGCGGAATAGTCGC-1_V13B23-285_A1,11
ATGGGACCTGCTGAAC-1_V13B23-285_A1,1
ATGGGCCTCGGCCTCT-1_V13B23-285_A1,3
ATGGGTGTATACCTCC-1_V13B23-285_A1,1
ATGGTCGCGTGGTTTC-1_V13B23-285_A1,2
ATGTAAGGCTGCTCTT-1_V13B23-285_A1,2
ATGTACATGCGGTGAG-1_V13B23-285_A1,1
ATGTACGATGACGTCG-1_V13B23-285_A1,2
ATGTAGCGCGCGTAGG-1_V13B23-285_A1,11
ATGTCATTTCCCATTG-1_V13B23-285_A1,2
ATGTGAAAGCCTAATG-1_V13B23-285_A1,5
ATGTGCATCCGACGCA-1_V13B23-285_A1,5
ATGTGGACATCTTGAT-1_V13B23-285_A1,16
ATGTGTAGTTTAGTCA-1_V13B23-285_A1,13
ATGTTACGAGCAATAC-1_V13B23-285_A1,3
ATGTTCCTGCCCACCT-1_V13B23-285_A1,1
ATGTTCGTCGACCCAC-1_V13B23-285_A1,5
ATGTTGATTAGAGACT-1_V13B23-285_A1,3
ATGTTGTAGTCTGTTT-1_V13B23-285_A1,2
ATGTTTCGGCCCGGAG-1_V13B23-285_A1,3
ATTAAACATGCGGACC-1_V13B23-285_A1,1
ATTAACACCTGAGATA-1_V13B23-285_A1,2
ATTAATACTACGCGGG-1_V13B23-285_A1,4
ATTAATGAACCAGTCG-1_V13B23-285_A1,2
ATTAATTCGGTCACTC-1_V13B23-285_A1,4
ATTACAACTACCGGCC-1_V13B23-285_A1,14
ATTACATGTCAGTCTT-1_V13B23-285_A1,18
ATTACCACACTGCCTG-1_V13B23-285_A1,12
ATTACGCGCTGGCAGG-1_V13B23-285_A1,5
ATTACTAGCCTCTTGC-1_V13B23-285_A1,3
ATTACTTACTGGGCAT-1_V13B23-285_A1,3
ATTAGATTCCTCAGCA-1_V13B23-285_A1,3
ATTAGATTGATAGCGG-1_V13B23-285_A1,5
ATTAGGCGATGCTTTC-1_V13B23-285_A1,2
ATTATACTTTGCTCGT-1_V13B23-285_A1,3
ATTATAGCTACTTTAC-1_V13B23-285_A1,2
ATTATCGGAATGTACG-1_V13B23-285_A1,3
ATTATCTCGACAGATC-1_V13B23-285_A1,4
ATTATGCCATAGGGAG-1_V13B23-285_A1,6
ATTATTATGTCCGTCA-1_V13B23-285_A1,2
ATTATTCAGAGTCACT-1_V13B23-285_A1,10
ATTCAAAGTACCTGTT-1_V13B23-285_A1,17
ATTCAACCATTTAAGG-1_V13B23-285_A1,3
ATTCACTGATGTTGGA-1_V13B23-285_A1,4
ATTCAGGACCTATTTC-1_V13B23-285_A1,1
ATTCAGTAGCAGGGTC-1_V13B23-285_A1,5
ATTCATATACTGTCCA-1_V13B23-285_A1,2
ATTCATCGTTGAGGCA-1_V13B23-285_A1,3
ATTCCCACATAAACAA-1_V13B23-285_A1,5
ATTCCTCCGCCAGTGC-1_V13B23-285_A1,1
ATTCCTTCCAGGCGGT-1_V13B23-285_A1,4
ATTCGACGCCGGGCCT-1_V13B23-285_A1,2
ATTCGCGCCTTGAGAG-1_V13B23-285_A1,3
ATTCGTGCTATCTCTT-1_V13B23-285_A1,2
ATTCTCGTCTCTTTAG-1_V13B23-285_A1,8
ATTCTTCGTACTTATG-1_V13B23-285_A1,23
ATTGAAGATCTTAGTG-1_V13B23-285_A1,5
ATTGACCGGCGATGAC-1_V13B23-285_A1,23
ATTGACGTAACTCGGT-1_V13B23-285_A1,21
ATTGATAGCAACGAGA-1_V13B23-285_A1,4
ATTGATCACCACATTT-1_V13B23-285_A1,5
ATTGATGAGTCCTAAC-1_V13B23-285_A1,3
ATTGCCTTTATGTTTG-1_V13B23-285_A1,3
ATTGCGATCAGTAACT-1_V13B23-285_A1,3
ATTGCTGCTCCTCCAT-1_V13B23-285_A1,2
ATTGGATTACAGCGTA-1_V13B23-285_A1,12
ATTGGGAATATCTTGG-1_V13B23-285_A1,3
ATTGGTAGGATCCGCT-1_V13B23-285_A1,2
ATTGGTTGTGCATTAC-1_V13B23-285_A1,12
ATTGTACAACTCGGCT-1_V13B23-285_A1,1
ATTGTCGCAATACCTT-1_V13B23-285_A1,12
ATTGTTCAACGATCCG-1_V13B23-285_A1,3
ATTTAACTCGTATTAC-1_V13B23-285_A1,1
ATTTACAGTTTACTGG-1_V13B23-285_A1,2
ATTTACTAAGTCCATT-1_V13B23-285_A1,3
ATTTCATTATTTCGCG-1_V13B23-285_A1,1
ATTTCCGGGTTCTGCG-1_V13B23-285_A1,3
ATTTGCGCGAGTAGCT-1_V13B23-285_A1,3
ATTTGGAGATTGCGGT-1_V13B23-285_A1,2
ATTTGTCTTGGGAGCT-1_V13B23-285_A1,3
ATTTGTTCCAGGGCTC-1_V13B23-285_A1,1
CAAACCCTCCGGCGGG-1_V13B23-285_A1,3
CAAACGAGTATCGCAG-1_V13B23-285_A1,5
CAAACGGTCGCACTTT-1_V13B23-285_A1,5
CAAACTACGATAGAGA-1_V13B23-285_A1,9
CAAACTCGCGACGCCG-1_V13B23-285_A1,1
CAAAGATTATTGGGCC-1_V13B23-285_A1,3
CAAAGGTCATCTGAAA-1_V13B23-285_A1,2
CAAAGTCAGGTTAGCT-1_V13B23-285_A1,3
CAAATCTCTCACAAGG-1_V13B23-285_A1,5
CAAATGTCCTTCCGTG-1_V13B23-285_A1,5
CAAATTGGATTATGCC-1_V13B23-285_A1,1
CAAATTGTCAGCAAGC-1_V13B23-285_A1,4
CAACACATCTCCTGCC-1_V13B23-285_A1,3
CAACATGGCCTGATAA-1_V13B23-285_A1,4
CAACCAGTGGCCTACC-1_V13B23-285_A1,1
CAACCGCACCTAGACA-1_V13B23-285_A1,10
CAACCTACCGAGCAGT-1_V13B23-285_A1,1
CAACCTGAACCTGCCA-1_V13B23-285_A1,4
CAACGACCCGTTTACA-1_V13B23-285_A1,2
CAACGGTTCTTGATAC-1_V13B23-285_A1,3
CAACGTGGTGGAGTCT-1_V13B23-285_A1,3
CAACTATATCGAATGC-1_V13B23-285_A1,1
CAACTCCTTGATCCCG-1_V13B23-285_A1,2
CAACTGCTCATCCGAT-1_V13B23-285_A1,2
CAACTTGTAGTGGGCA-1_V13B23-285_A1,3
CAAGAGGGCGGAGTAC-1_V13B23-285_A1,2
CAAGATATTATAACGT-1_V13B23-285_A1,16
CAAGCAACGTCGGAGT-1_V13B23-285_A1,5
CAAGCACCAAATGCCT-1_V13B23-285_A1,2
CAAGCGGCACATAATT-1_V13B23-285_A1,11
CAAGGATCGCATGTTC-1_V13B23-285_A1,5
CAAGGCCAGTGGTGCA-1_V13B23-285_A1,3
CAAGGTCCTATAGGCT-1_V13B23-285_A1,2
CAAGTGAACTTTGGTT-1_V13B23-285_A1,3
CAAGTGTGGTTGCAAA-1_V13B23-285_A1,1
CAATAAACCTTGGCCC-1_V13B23-285_A1,1
CAATACGAGAGTCTGA-1_V13B23-285_A1,1
CAATACGCTCTGAGGC-1_V13B23-285_A1,5
CAATATTCTTGACCTA-1_V13B23-285_A1,2
CAATATTGGACTAGTG-1_V13B23-285_A1,3
CAATCCCTATACCAGC-1_V13B23-285_A1,7
CAATCCTGCCGTGGAG-1_V13B23-285_A1,8
CAATGAGGTTCGACTA-1_V13B23-285_A1,1
CAATGCGAGAAGTATC-1_V13B23-285_A1,3
CAATGGATCTCTACCA-1_V13B23-285_A1,7
CAATGGTCGGCCTGGG-1_V13B23-285_A1,7
CAATGTGCCAACCCTT-1_V13B23-285_A1,1
CAATTAAGGGTGATGA-1_V13B23-285_A1,8
CAATTGGGCCGCACTC-1_V13B23-285_A1,5
CAATTTCGTATAAGGG-1_V13B23-285_A1,2
CAATTTGACCGGGAAG-1_V13B23-285_A1,3
CACAAACCGCAGAACT-1_V13B23-285_A1,1
CACAATGAGCTGCTAT-1_V13B23-285_A1,5
CACACACGCTAACGAG-1_V13B23-285_A1,3
CACACAGCTTGCGCTC-1_V13B23-285_A1,1
CACACAGGGATAGATT-1_V13B23-285_A1,2
CACACGCGCTGTCTTA-1_V13B23-285_A1,1
CACAGAGACGAGGACG-1_V13B23-285_A1,4
CACAGCACCCACGGCA-1_V13B23-285_A1,4
CACAGCTAGGGAGTGA-1_V13B23-285_A1,15
CACAGGGCCATATAGT-1_V13B23-285_A1,3
CACAGGGCCGTTGTCA-1_V13B23-285_A1,1
CACAGTCCCGCTTCGC-1_V13B23-285_A1,3
CACAGTTCGCTTCCCA-1_V13B23-285_A1,12
CACATAAGGCGACCGT-1_V13B23-285_A1,4
CACATATTAGCAGGAT-1_V13B23-285_A1,2
CACATCGTGCACGCGC-1_V13B23-285_A1,2
CACATCTCACCGACGA-1_V13B23-285_A1,4
CACATGATTCAGCAAC-1_V13B23-285_A1,5
CACATGTTTGGACATG-1_V13B23-285_A1,3
CACATTCTTTCGATGG-1_V13B23-285_A1,3
CACATTTCTTGTCAGA-1_V13B23-285_A1,1
CACCAATCATCCGTCT-1_V13B23-285_A1,2
CACCACGCCACACAGA-1_V13B23-285_A1,5
CACCAGTCAGCATGCA-1_V13B23-285_A1,1
CACCATCGGAGGAGAC-1_V13B23-285_A1,1
CACCCAAATCTTATGT-1_V13B23-285_A1,4
CACCCACACGTCACCC-1_V13B23-285_A1,11
CACCCACGAGGCAATT-1_V13B23-285_A1,1
CACCCGGTTTGTGACT-1_V13B23-285_A1,2
CACCCTAACAAGATCT-1_V13B23-285_A1,3
CACCCTTGGTGAGACC-1_V13B23-285_A1,2
CACCCTTTCCTCGCTC-1_V13B23-285_A1,3
CACCGATACACCGAGC-1_V13B23-285_A1,21
CACCGCCAGAAGGTTT-1_V13B23-285_A1,2
CACCGCCGACCAGCGA-1_V13B23-285_A1,4
CACCGTATCCCATCCG-1_V13B23-285_A1,1
CACCGTTAGGGATCAC-1_V13B23-285_A1,5
CACCGTTGCGCGATAT-1_V13B23-285_A1,4
CACCTAATAGAGTCGT-1_V13B23-285_A1,11
CACCTAATCAGTTTAC-1_V13B23-285_A1,11
CACCTCGATGGTGGAC-1_V13B23-285_A1,6
CACCTTGCGAAACTCG-1_V13B23-285_A1,1
CACCTTGGCGCCTTTG-1_V13B23-285_A1,3
CACGAAAGTTAGTCCC-1_V13B23-285_A1,2
CACGACTAAAGTTCTG-1_V13B23-285_A1,7
CACGATTGGTCGTTAA-1_V13B23-285_A1,19
CACGCACAGCGCAGCT-1_V13B23-285_A1,20
CACGCAGCGAGGCTTT-1_V13B23-285_A1,5
CACGCGGAACTGTTGC-1_V13B23-285_A1,3
CACGGACGTGGATGGC-1_V13B23-285_A1,9
CACGGGATTGAGGGTT-1_V13B23-285_A1,1
CACGTCAATCAATGGA-1_V13B23-285_A1,1
CACGTCGGCAACCTCT-1_V13B23-285_A1,2
CACGTCGGGTTCTAGA-1_V13B23-285_A1,11
CACGTTCGTGCTCTAG-1_V13B23-285_A1,3
CACGTTTCGTACACAC-1_V13B23-285_A1,3
CACTAAAGTTGCCTAT-1_V13B23-285_A1,5
CACTACGGGAGCTGCC-1_V13B23-285_A1,12
CACTCAAGAGCTATGG-1_V13B23-285_A1,1
CACTCAGCTCTTGAGG-1_V13B23-285_A1,10
CACTCCTATGTAAGAT-1_V13B23-285_A1,6
CACTCCTCTCGGTCGG-1_V13B23-285_A1,1
CACTCGAGCTGAACAA-1_V13B23-285_A1,5
CACTCGGTTAGGAGGA-1_V13B23-285_A1,5
CACTCTTCTGCTAGCC-1_V13B23-285_A1,11
CACTGACGATTGTGGA-1_V13B23-285_A1,2
CACTGTCCAAGTGAGA-1_V13B23-285_A1,6
CACTTAATCAGACGGA-1_V13B23-285_A1,2
CACTTCGCCACAGGCT-1_V13B23-285_A1,3
CACTTCGTCTTATCTC-1_V13B23-285_A1,1
CAGAACTTAGCCCTCT-1_V13B23-285_A1,4
CAGAATAACACACGGA-1_V13B23-285_A1,11
CAGACACCGATCGCTG-1_V13B23-285_A1,2
CAGACCTGTAAGTGTT-1_V13B23-285_A1,3
CAGACGAACCTGATAC-1_V13B23-285_A1,2
CAGAGACGGTCACCCA-1_V13B23-285_A1,2
CAGAGCATGAGCTTGC-1_V13B23-285_A1,4
CAGAGGCGATGCATGA-1_V13B23-285_A1,5
CAGAGTGATTTAACGT-1_V13B23-285_A1,1
CAGATAATGGGCGGGT-1_V13B23-285_A1,11
CAGATACTAACATAGT-1_V13B23-285_A1,2
CAGATCATTTAAAGTC-1_V13B23-285_A1,1
CAGATCCTGGTTTGAA-1_V13B23-285_A1,3
CAGATGTTTGTCCCAA-1_V13B23-285_A1,1
CAGCAGCCCGTTCCTT-1_V13B23-285_A1,1
CAGCAGTCCAGACTAT-1_V13B23-285_A1,3
CAGCAGTCTGTGCTGC-1_V13B23-285_A1,1
CAGCCGGGCCCTCTAT-1_V13B23-285_A1,14
CAGCCTCCTGCAGAGG-1_V13B23-285_A1,2
CAGCCTCTCCTCAAGA-1_V13B23-285_A1,4
CAGCGATTCCCTTCAA-1_V13B23-285_A1,2
CAGCGCCAACACGATA-1_V13B23-285_A1,5
CAGCTCACTGAGACAT-1_V13B23-285_A1,6
CAGCTCGACAAGTTAA-1_V13B23-285_A1,2
CAGCTCGTGCTTGTGT-1_V13B23-285_A1,12
CAGCTGGCGTAACCGT-1_V13B23-285_A1,1
CAGCTTAGTAGGTAGC-1_V13B23-285_A1,5
CAGGAAGACTTTATAT-1_V13B23-285_A1,7
CAGGATATATCGTTGT-1_V13B23-285_A1,5
CAGGATCCGCCCGACC-1_V13B23-285_A1,4
CAGGCAGTCTTACCAG-1_V13B23-285_A1,3
CAGGCCGTTTGGGTGT-1_V13B23-285_A1,5
CAGGCGCACGGTGGTC-1_V13B23-285_A1,3
CAGGCGCCATGCTAGG-1_V13B23-285_A1,1
CAGTAACTATTTATTG-1_V13B23-285_A1,8
CAGTAATCCCTCCCAG-1_V13B23-285_A1,3
CAGTACATTCTCTAAA-1_V13B23-285_A1,1
CAGTACCAGTTTACGT-1_V13B23-285_A1,22
CAGTAGATGATGTCCG-1_V13B23-285_A1,2
CAGTAGCCCACGCGGT-1_V13B23-285_A1,13
CAGTAGCGAGGTAGTA-1_V13B23-285_A1,11
CAGTCGAGGATGCAAT-1_V13B23-285_A1,3
CAGTCGGCCTAGATAT-1_V13B23-285_A1,5
CAGTCTCTCGGCTAAT-1_V13B23-285_A1,3
CAGTCTGTATACTGGG-1_V13B23-285_A1,1
CAGTGAATAAATGACT-1_V13B23-285_A1,5
CAGTGGTTGCACATGA-1_V13B23-285_A1,3
CAGTGTCCGCAGAATG-1_V13B23-285_A1,3
CAGTGTCGGCTGGCCC-1_V13B23-285_A1,11
CAGTTCAAATTGACAC-1_V13B23-285_A1,5
CAGTTCCGCGGGTCGA-1_V13B23-285_A1,1
CATAACGGACAGTCGT-1_V13B23-285_A1,1
CATAAGAAGCTTGGCT-1_V13B23-285_A1,3
CATAAGCTCTCCGTCT-1_V13B23-285_A1,4
CATAATGAGCGGGCGA-1_V13B23-285_A1,15
CATACAAAGCCGAACC-1_V13B23-285_A1,8
CATACACAAAGTCAGC-1_V13B23-285_A1,1
CATACACGGTTCCCAC-1_V13B23-285_A1,2
CATACCCGTACCCAGT-1_V13B23-285_A1,1
CATACGGCGTCTGGGC-1_V13B23-285_A1,1
CATACGGGTGCATGAT-1_V13B23-285_A1,4
CATACTATGTAATTGT-1_V13B23-285_A1,5
CATACTTAGGCAATAC-1_V13B23-285_A1,1
CATACTTCTTTCTCCG-1_V13B23-285_A1,11
CATAGAGGAGATACTA-1_V13B23-285_A1,11
CATAGCCGCCCGGGAT-1_V13B23-285_A1,2
CATAGCGTTGCCCACC-1_V13B23-285_A1,5
CATAGTACATTGAGAG-1_V13B23-285_A1,3
CATAGTAGCATAGTAG-1_V13B23-285_A1,4
CATAGTCAAATACATA-1_V13B23-285_A1,3
CATAGTCCACAAGAAC-1_V13B23-285_A1,2
CATATACTACTGATAA-1_V13B23-285_A1,7
CATATAGGTACAGTCA-1_V13B23-285_A1,20
CATATGTCAGGCTACG-1_V13B23-285_A1,2
CATATTATTTGCCCTA-1_V13B23-285_A1,21
CATCAACACCTACTAA-1_V13B23-285_A1,4
CATCATTACCCTGAGG-1_V13B23-285_A1,12
CATCCCGAGATTCATA-1_V13B23-285_A1,11
CATCCGCAGGCCCGAA-1_V13B23-285_A1,4
CATCCTCTCAAAGATC-1_V13B23-285_A1,12
CATCGAATGGATCTCT-1_V13B23-285_A1,4
CATCGCCCGCGGCCAA-1_V13B23-285_A1,3
CATCGGACGGGTTAAT-1_V13B23-285_A1,5
CATCGTCCGGTTACTA-1_V13B23-285_A1,2
CATCTAGTGAAGGGAA-1_V13B23-285_A1,1
CATCTATCCCGTGTCT-1_V13B23-285_A1,25
CATCTGCAGGATCATT-1_V13B23-285_A1,1
CATCTTACACCACCTC-1_V13B23-285_A1,3
CATGAACCGACATTTG-1_V13B23-285_A1,18
CATGAACCTCTTATCA-1_V13B23-285_A1,17
CATGACTTCGCTGAAT-1_V13B23-285_A1,1
CATGAGATGCACTCTC-1_V13B23-285_A1,1
CATGATCGCTTTGAGA-1_V13B23-285_A1,3
CATGATGCACAATTCT-1_V13B23-285_A1,5
CATGATGGAAGTTAGC-1_V13B23-285_A1,6
CATGCATGGAGACCCT-1_V13B23-285_A1,21
CATGCCAACTCGCAAA-1_V13B23-285_A1,2
CATGCGACCAGTTTAA-1_V13B23-285_A1,1
CATGCGTTAGACAGAA-1_V13B23-285_A1,11
CATGCTGGCTCCAATT-1_V13B23-285_A1,7
CATGGATTGTCTTCCG-1_V13B23-285_A1,1
CATGGCAGGAAGATCG-1_V13B23-285_A1,1
CATGGCTCCCTATGTC-1_V13B23-285_A1,5
CATGGGTATGCCTTAT-1_V13B23-285_A1,11
CATGGGTCGGGTGTGG-1_V13B23-285_A1,5
CATGGTAAGTAGCGTT-1_V13B23-285_A1,1
CATGGTATTAGTTTGT-1_V13B23-285_A1,12
CATGGTCTAGATACCG-1_V13B23-285_A1,1
CATGGTTTATTAATCA-1_V13B23-285_A1,3
CATGTAAGAGACATTT-1_V13B23-285_A1,3
CATGTCTCATTTATGG-1_V13B23-285_A1,2
CATTACATAGATTGTG-1_V13B23-285_A1,2
CATTACGCAGGAAGGG-1_V13B23-285_A1,3
CATTACGTCGGCCCGT-1_V13B23-285_A1,1
CATTATGCTTGTTGTG-1_V13B23-285_A1,5
CATTCACTGACAGCTA-1_V13B23-285_A1,14
CATTCAGGTCAGTGCG-1_V13B23-285_A1,8
CATTCCCATTCCGTCG-1_V13B23-285_A1,1
CATTCCCTAAGTACAA-1_V13B23-285_A1,3
CATTGATGAACACGCC-1_V13B23-285_A1,7
CATTGCGAAATGGGCG-1_V13B23-285_A1,2
CATTGCGGGTCAATTC-1_V13B23-285_A1,1
CATTGTGTGCTAGATC-1_V13B23-285_A1,4
CATTTAGCGGACCATG-1_V13B23-285_A1,6
CATTTCTAGCAGACTA-1_V13B23-285_A1,12
CATTTGAGTGGTACGT-1_V13B23-285_A1,2
CCAAACAGAACCCTCG-1_V13B23-285_A1,5
CCAAAGCAGTTGGTTG-1_V13B23-285_A1,3
CCAAAGTCCCGCTAAC-1_V13B23-285_A1,8
CCAAATAACAAGATTC-1_V13B23-285_A1,3
CCAACGATGCACTGAT-1_V13B23-285_A1,5
CCAACTTGATAGATCC-1_V13B23-285_A1,1
CCAAGAAAGTGGGCGA-1_V13B23-285_A1,4
CCAAGACTTCTGCGAA-1_V13B23-285_A1,25
CCAAGCGTAACTCGTA-1_V13B23-285_A1,5
CCAAGGAACAGAGAGG-1_V13B23-285_A1,11
CCAAGGTTGCCCTTTC-1_V13B23-285_A1,3
CCAAGTTTCTACAGAT-1_V13B23-285_A1,1
CCAATAGATTTCATCT-1_V13B23-285_A1,5
CCAATAGTGCCGTCGA-1_V13B23-285_A1,5
CCAATCGGTAGATCGA-1_V13B23-285_A1,3
CCAATGTCACAGCAAG-1_V13B23-285_A1,5
CCAATTACGGGTCGAG-1_V13B23-285_A1,4
CCAATTGAATGTTAAT-1_V13B23-285_A1,5
CCACAATGTACGTCTT-1_V13B23-285_A1,1
CCACACTGAGATATTA-1_V13B23-285_A1,1
CCACAGCTGAAATCAT-1_V13B23-285_A1,8
CCACAGTACCCATCCT-1_V13B23-285_A1,12
CCACATACTGCACCCA-1_V13B23-285_A1,3
CCACATGGCTCTTTAT-1_V13B23-285_A1,1
CCACCAACTTTACTGT-1_V13B23-285_A1,1
CCACCCAAGGAAAGTG-1_V13B23-285_A1,2
CCACGAATTTAACCTC-1_V13B23-285_A1,2
CCACGAGAAGAGAATC-1_V13B23-285_A1,3
CCACGGAGCCATAAGA-1_V13B23-285_A1,4
CCACGGTGCCCGGTAG-1_V13B23-285_A1,6
CCACGTAAATTAGACT-1_V13B23-285_A1,1
CCACTAAACTGAATCG-1_V13B23-285_A1,4
CCACTATCCGGGTCAC-1_V13B23-285_A1,1
CCACTGGTGGCTGGTT-1_V13B23-285_A1,5
CCACTGTTTGGATTAA-1_V13B23-285_A1,11
CCAGAAAGCAACTCAT-1_V13B23-285_A1,2
CCAGAGACAAAGCCGG-1_V13B23-285_A1,1
CCAGATAGTTGAGTGA-1_V13B23-285_A1,5
CCAGCCTGGACCAATA-1_V13B23-285_A1,4
CCAGCGGGATCACCAG-1_V13B23-285_A1,3
CCAGCTACGCCTCATA-1_V13B23-285_A1,11
CCAGCTCGAACGCATT-1_V13B23-285_A1,2
CCAGCTGATGGTACTT-1_V13B23-285_A1,5
CCAGCTTCCGCCCGCA-1_V13B23-285_A1,2
CCAGGCTGGCGTCTGA-1_V13B23-285_A1,1
CCAGGGACGTGGCCTC-1_V13B23-285_A1,2
CCAGTAGTCTGATCCA-1_V13B23-285_A1,2
CCAGTCAAATCTCTTA-1_V13B23-285_A1,5
CCAGTCCATTATTCGA-1_V13B23-285_A1,3
CCAGTCTAGACGGCGC-1_V13B23-285_A1,2
CCAGTCTTGTCATAGA-1_V13B23-285_A1,6
CCATAAACAACCCGAC-1_V13B23-285_A1,3
CCATAACCTGTGCAGT-1_V13B23-285_A1,2
CCATACCTTTACTTGT-1_V13B23-285_A1,3
CCATACTCGCCTCTCC-1_V13B23-285_A1,2
CCATAGAGGCTGCCAG-1_V13B23-285_A1,1
CCATAGGTTGGCGTGG-1_V13B23-285_A1,6
CCATAGTCAGTAACCC-1_V13B23-285_A1,12
CCATATGGAAACTATA-1_V13B23-285_A1,1
CCATATTGGATCATGA-1_V13B23-285_A1,1
CCATCCATACCAAGTC-1_V13B23-285_A1,18
CCATCGCAGTTAAACT-1_V13B23-285_A1,2
CCATCTCACCAGTGAA-1_V13B23-285_A1,2
CCATCTTGTTCACAAT-1_V13B23-285_A1,8
CCATGCCCTAGATTTC-1_V13B23-285_A1,3
CCATGCCTGTTTAGTA-1_V13B23-285_A1,5
CCATGCTCTGCAGGAA-1_V13B23-285_A1,2
CCATGGCCCTTGTACC-1_V13B23-285_A1,5
CCATTAGCGATAATCC-1_V13B23-285_A1,5
CCATTCCCTGCCCACA-1_V13B23-285_A1,2
CCATTGTTTCCTCCAT-1_V13B23-285_A1,3
CCATTTCTACCTATTA-1_V13B23-285_A1,3
CCCAAACATGCTGCTC-1_V13B23-285_A1,1
CCCAACATACGTCGCG-1_V13B23-285_A1,5
CCCAACCACACTAACA-1_V13B23-285_A1,15
CCCAAGACAGAGTATG-1_V13B23-285_A1,16
CCCAAGTCATTACACT-1_V13B23-285_A1,3
CCCAATGAGATTTGCA-1_V13B23-285_A1,3
CCCAATTTCACAACTT-1_V13B23-285_A1,2
CCCACTCCACGGTATC-1_V13B23-285_A1,2
CCCAGAGGAGGGCGTA-1_V13B23-285_A1,3
CCCAGGTCTGAAGGCT-1_V13B23-285_A1,3
CCCAGTAAACTTGGGA-1_V13B23-285_A1,2
CCCAGTTAAGGCGCCG-1_V13B23-285_A1,1
CCCATATAGGTCGATT-1_V13B23-285_A1,12
CCCGAAGTTTCGCGAA-1_V13B23-285_A1,1
CCCGACCATAGTCCGC-1_V13B23-285_A1,1
CCCGAGTTTCTCCGTA-1_V13B23-285_A1,3
CCCGCAGCGCGAACTA-1_V13B23-285_A1,5
CCCGCCATGCTCCCGT-1_V13B23-285_A1,1
CCCGCGCAATGCACCC-1_V13B23-285_A1,16
CCCGCTTGCCCTCGTC-1_V13B23-285_A1,3
CCCGGCTAGGTGAGAA-1_V13B23-285_A1,10
CCCGGGTCGTTCAGGG-1_V13B23-285_A1,3
CCCGGTGGAAGAACCT-1_V13B23-285_A1,1
CCCGGTGTATCGGAAT-1_V13B23-285_A1,2
CCCGTAAGTCTAGGCC-1_V13B23-285_A1,4
CCCGTAGCTGGGAAGA-1_V13B23-285_A1,12
CCCGTCAGCGTCTGAC-1_V13B23-285_A1,7
CCCGTGAGGGCGGTGA-1_V13B23-285_A1,5
CCCGTTTCGCAGATGT-1_V13B23-285_A1,12
CCCTACTTGAACAATG-1_V13B23-285_A1,11
CCCTAGGCAACAAGAG-1_V13B23-285_A1,5
CCCTAGTGTCAGGTGT-1_V13B23-285_A1,3
CCCTATGTAGAGCAGA-1_V13B23-285_A1,12
CCCTCAAGCTCTTAGT-1_V13B23-285_A1,2
CCCTCATTCTGGAATT-1_V13B23-285_A1,12
CCCTCCTCGCTCGTAT-1_V13B23-285_A1,1
CCCTGAAATGAGTTGA-1_V13B23-285_A1,5
CCCTGATGTAACTCGT-1_V13B23-285_A1,8
CCCTGCCCAATCCGCT-1_V13B23-285_A1,2
CCCTGCGCTACGCATA-1_V13B23-285_A1,5
CCCTGGCTGTTCCTTC-1_V13B23-285_A1,6
CCCTGGTATGGGCGGC-1_V13B23-285_A1,24
CCCTGTTGGCAAAGAC-1_V13B23-285_A1,1
CCCTTCTCGTACGCGA-1_V13B23-285_A1,4
CCCTTTAATGGAGTTC-1_V13B23-285_A1,12
CCCTTTGACAGGTCTT-1_V13B23-285_A1,4
CCGAAAGTGGTGAGCA-1_V13B23-285_A1,3
CCGAACACTGGGCCTC-1_V13B23-285_A1,5
CCGAACCTTCCCGGCC-1_V13B23-285_A1,1
CCGAAGTATATTGTTC-1_V13B23-285_A1,4
CCGACAAACACATGAG-1_V13B23-285_A1,15
CCGACAAAGGGAGTGC-1_V13B23-285_A1,6
CCGACAATAGGCCGCC-1_V13B23-285_A1,11
CCGACGGGCATGAGGT-1_V13B23-285_A1,2
CCGACGTAAACACAAC-1_V13B23-285_A1,7
CCGAGAAGTCGCATAA-1_V13B23-285_A1,1
CCGAGGGATGTTAGGC-1_V13B23-285_A1,7
CCGATCTCAACCTTAT-1_V13B23-285_A1,1
CCGATTCGAGGGACCC-1_V13B23-285_A1,5
CCGCACAAAGACCAAC-1_V13B23-285_A1,5
CCGCACACGAACGTGT-1_V13B23-285_A1,1
CCGCACGTGACCTCGG-1_V13B23-285_A1,2
CCGCACTTGCAATGAC-1_V13B23-285_A1,12
CCGCATGTGGTACGAT-1_V13B23-285_A1,1
CCGCCACCACAATCCA-1_V13B23-285_A1,17
CCGCCGGAACTTCTCG-1_V13B23-285_A1,2
CCGCCGGTCAACACAC-1_V13B23-285_A1,3
CCGCCGTTGAGGATAA-1_V13B23-285_A1,1
CCGCCTGCGAATTGGT-1_V13B23-285_A1,9
CCGCCTTGCGATGTCG-1_V13B23-285_A1,5
CCGCGATTTGGTAGGT-1_V13B23-285_A1,2
CCGCGGAATGCGTCAC-1_V13B23-285_A1,5
CCGCGGGTACGAAGAA-1_V13B23-285_A1,5
CCGCGTAGGTAAGGGC-1_V13B23-285_A1,5
CCGCTATCAGCACCAG-1_V13B23-285_A1,2
CCGCTCCAGGGCGATC-1_V13B23-285_A1,4
CCGCTCTTCCGAACTA-1_V13B23-285_A1,3
CCGCTGGTGCCATTCA-1_V13B23-285_A1,23
CCGCTTACCTCACTCT-1_V13B23-285_A1,5
CCGCTTCGCGGTTAAC-1_V13B23-285_A1,8
CCGCTTGCTGACATGG-1_V13B23-285_A1,1
CCGGAATGGTTTCAGT-1_V13B23-285_A1,1
CCGGAGCGTACTTTCT-1_V13B23-285_A1,1
CCGGCACGACCGTTTC-1_V13B23-285_A1,1
CCGGCCGCGAGCATAT-1_V13B23-285_A1,1
CCGGCGCATATTGGAT-1_V13B23-285_A1,4
CCGGCGTGAGACTCTG-1_V13B23-285_A1,2
CCGGGACCCGCAGAGA-1_V13B23-285_A1,3
CCGGGCGGTCTCGTCA-1_V13B23-285_A1,16
CCGGGCTGCTCCATAC-1_V13B23-285_A1,2
CCGGGTTCGAGGTTAC-1_V13B23-285_A1,1
CCGGTAATGGCTAGTC-1_V13B23-285_A1,2
CCGGTGCGAGTGATAG-1_V13B23-285_A1,10
CCGGTTTGTAATTGTG-1_V13B23-285_A1,2
CCGTAAGTTGGTCCCA-1_V13B23-285_A1,15
CCGTACCCAAGCGCCA-1_V13B23-285_A1,3
CCGTAGGAAATCCCTG-1_V13B23-285_A1,12
CCGTAGGGTTGTTTAC-1_V13B23-285_A1,11
CCGTATCTCGTCGTAG-1_V13B23-285_A1,3
CCGTGAGGCATTCATG-1_V13B23-285_A1,2
CCGTGCCCATGACGGC-1_V13B23-285_A1,4
CCGTGGAACGATCCAA-1_V13B23-285_A1,16
CCGTGTTAAATTCCAT-1_V13B23-285_A1,5
CCGTTACGTTAGAACA-1_V13B23-285_A1,3
CCGTTCCGAATCTCGG-1_V13B23-285_A1,16
CCTAAAGGCTGACGCT-1_V13B23-285_A1,4
CCTAAATTAACGGTTC-1_V13B23-285_A1,2
CCTAAATTGTATCCTA-1_V13B23-285_A1,12
CCTAACCCAAACAAGT-1_V13B23-285_A1,4
CCTAACTAAGGCTCTA-1_V13B23-285_A1,3
CCTAAGTGTCTAACCG-1_V13B23-285_A1,17
CCTACATTCACAGACG-1_V13B23-285_A1,5
CCTACGGCTCAGTCGA-1_V13B23-285_A1,3
CCTACTCAACACGATT-1_V13B23-285_A1,3
CCTACTGCTTACACTT-1_V13B23-285_A1,5
CCTAGGCGTAGCGATC-1_V13B23-285_A1,3
CCTAGGTAAAGGTAGC-1_V13B23-285_A1,1
CCTAGTTAGTCGCATG-1_V13B23-285_A1,10
CCTATAATGAGTGCCC-1_V13B23-285_A1,3
CCTATACCGTCCTGTC-1_V13B23-285_A1,2
CCTATATCGTGTCACG-1_V13B23-285_A1,1
CCTATATTTGTCCTGG-1_V13B23-285_A1,1
CCTATCTATATCGGAA-1_V13B23-285_A1,2
CCTATGAAGTGGTGCC-1_V13B23-285_A1,2
CCTATGGCTCCTAGTG-1_V13B23-285_A1,11
CCTATGGGTTACCGTC-1_V13B23-285_A1,4
CCTATGGTCAAAGCTG-1_V13B23-285_A1,3
CCTATGTCCACTCCAC-1_V13B23-285_A1,11
CCTCAACGATCGCTGT-1_V13B23-285_A1,10
CCTCACCAATCTTGAC-1_V13B23-285_A1,3
CCTCACCTGAGGGAGC-1_V13B23-285_A1,3
CCTCACCTTAGCATCG-1_V13B23-285_A1,1
CCTCATGCAGCTACGA-1_V13B23-285_A1,3
CCTCCCGACAATCCCT-1_V13B23-285_A1,7
CCTCCGACAATTCAAG-1_V13B23-285_A1,2
CCTCCTGAGCCCACAT-1_V13B23-285_A1,22
CCTCCTGTTGTGTCGT-1_V13B23-285_A1,3
CCTCGAAGTGGACGGG-1_V13B23-285_A1,1
CCTCGCCAGCAAATTA-1_V13B23-285_A1,4
CCTCGCGCGATATAGG-1_V13B23-285_A1,1
CCTCGCGCTGTGCGAT-1_V13B23-285_A1,1
CCTCGGACCGGGATAG-1_V13B23-285_A1,2
CCTCGGATGCTACCTG-1_V13B23-285_A1,3
CCTCTAATCTGCCAAG-1_V13B23-285_A1,4
CCTCTATCGATTAGCA-1_V13B23-285_A1,1
CCTCTCTCCCATCTAG-1_V13B23-285_A1,1
CCTCTGGCCTAGACGG-1_V13B23-285_A1,3
CCTCTGTACTATTCTA-1_V13B23-285_A1,4
CCTGAACGATATATTC-1_V13B23-285_A1,1
CCTGAATATTTACATA-1_V13B23-285_A1,5
CCTGACAAACTCGCGC-1_V13B23-285_A1,2
CCTGACCACCGATGGT-1_V13B23-285_A1,5
CCTGCCCGTTGTCTAG-1_V13B23-285_A1,1
CCTGCGATAGAACTGT-1_V13B23-285_A1,3
CCTGCGTTCTACGCTT-1_V13B23-285_A1,1
CCTGCTATTTGAGAAG-1_V13B23-285_A1,5
CCTGGAAACGTTCTGC-1_V13B23-285_A1,1
CCTGGCTAGACCCGCC-1_V13B23-285_A1,6
CCTGGTCGAATGTGGG-1_V13B23-285_A1,1
CCTGTAAGACATGATA-1_V13B23-285_A1,5
CCTGTACTCACGCCCA-1_V13B23-285_A1,1
CCTGTCACCCGGGCTC-1_V13B23-285_A1,2
CCTGTCCCTCACGTTA-1_V13B23-285_A1,1
CCTGTCGCCCGTAAAT-1_V13B23-285_A1,7
CCTGTGAAACCGTAAC-1_V13B23-285_A1,2
CCTGTGCATAGGAGAC-1_V13B23-285_A1,4
CCTGTTTGAAGACACG-1_V13B23-285_A1,3
CCTTCAGTTAAAGTGA-1_V13B23-285_A1,3
CCTTCGTATAGAATCC-1_V13B23-285_A1,11
CCTTCTCAGCGTTCCT-1_V13B23-285_A1,2
CCTTCTTGATCCAGTG-1_V13B23-285_A1,1
CCTTGACCACTTTATT-1_V13B23-285_A1,12
CCTTTAAGGGAGCACT-1_V13B23-285_A1,1
CCTTTCAATGAAGAAA-1_V13B23-285_A1,2
CCTTTGAATTATGGCT-1_V13B23-285_A1,1
CGAAACGCAATTCATG-1_V13B23-285_A1,5
CGAACAGTATGGGCGT-1_V13B23-285_A1,1
CGAACCCGCATGCGTC-1_V13B23-285_A1,2
CGAACGCCCAGTGCCG-1_V13B23-285_A1,1
CGAACGGCCGGACAAC-1_V13B23-285_A1,2
CGAAGACGGTGAGTGC-1_V13B23-285_A1,5
CGAAGACTGCCCGGGA-1_V13B23-285_A1,10
CGAAGCTATAAATTCA-1_V13B23-285_A1,14
CGAAGTTGCTCTGTGT-1_V13B23-285_A1,2
CGAATCTGCTCGACGC-1_V13B23-285_A1,3
CGAATGAAGTCATTGC-1_V13B23-285_A1,3
CGAATGACGCATAATG-1_V13B23-285_A1,2
CGACAATTTGATCTAA-1_V13B23-285_A1,3
CGACACGCTCCGACAG-1_V13B23-285_A1,3
CGACAGTTCGCGTTAT-1_V13B23-285_A1,5
CGACATGCGATCTTCT-1_V13B23-285_A1,1
CGACCCTTAACGCCGG-1_V13B23-285_A1,2
CGACCTACTAGACAAT-1_V13B23-285_A1,22
CGACGCATCCGTACCT-1_V13B23-285_A1,2
CGACTCAGGATGTTAT-1_V13B23-285_A1,20
CGACTTTGTATAGCCT-1_V13B23-285_A1,1
CGAGACCCTAGAGTGT-1_V13B23-285_A1,22
CGAGAGATGTGAACCT-1_V13B23-285_A1,4
CGAGAGCGCGTAGATA-1_V13B23-285_A1,2
CGAGAGCTTTCACTAC-1_V13B23-285_A1,1
CGAGAGGGTAGCCGCG-1_V13B23-285_A1,3
CGAGATGTTGCCTATA-1_V13B23-285_A1,4
CGAGATTTCGCTCGGG-1_V13B23-285_A1,1
CGAGCACTTCAAGTTT-1_V13B23-285_A1,1
CGAGCCGAGCACTCGA-1_V13B23-285_A1,3
CGAGCGTTGATCAGCC-1_V13B23-285_A1,3
CGAGCTGGGCTTTAGG-1_V13B23-285_A1,1
CGAGGAGCTTCCATAT-1_V13B23-285_A1,1
CGAGGATCGGGAACGA-1_V13B23-285_A1,1
CGAGGCCAGGCATTGG-1_V13B23-285_A1,8
CGAGGCTAAATATGGC-1_V13B23-285_A1,6
CGAGGGACTGCGGTCG-1_V13B23-285_A1,2
CGAGGGTATCCAGGTG-1_V13B23-285_A1,2
CGAGTACTAAAGAGGA-1_V13B23-285_A1,5
CGAGTGAAGGTACCAG-1_V13B23-285_A1,6
CGAGTGCTATAGTTCG-1_V13B23-285_A1,11
CGAGTTCTGTCCCACC-1_V13B23-285_A1,2
CGAGTTTATCGGACTG-1_V13B23-285_A1,1
CGATAATACTCAGGTT-1_V13B23-285_A1,1
CGATACCTCGCGGACA-1_V13B23-285_A1,5
CGATAGTCGTACTGCA-1_V13B23-285_A1,18
CGATATTAGCCGCAGG-1_V13B23-285_A1,3
CGATCCGACCCAGTGC-1_V13B23-285_A1,5
CGATCCTCGCAACATA-1_V13B23-285_A1,4
CGATCTGTTGGAGGAC-1_V13B23-285_A1,1
CGATGGACCCTACGCC-1_V13B23-285_A1,1
CGATGTTGTTATCTAC-1_V13B23-285_A1,1
CGATTAAATATCTCCT-1_V13B23-285_A1,1
CGATTCGCCTGGCTGC-1_V13B23-285_A1,25
CGCAAACACGAGTTAC-1_V13B23-285_A1,5
CGCAATCGATCATTAG-1_V13B23-285_A1,5
CGCAATTACTTTCGGT-1_V13B23-285_A1,5
CGCAATTAGGGTAATA-1_V13B23-285_A1,5
CGCAATTCTACAATAA-1_V13B23-285_A1,2
CGCACATGTCCACTAC-1_V13B23-285_A1,4
CGCACGTGCGCTATCA-1_V13B23-285_A1,3
CGCAGAAACATTTGCG-1_V13B23-285_A1,1
CGCAGATCTTCACCCG-1_V13B23-285_A1,1
CGCAGGCGATCCAAAC-1_V13B23-285_A1,2
CGCATCATGGCTTCAG-1_V13B23-285_A1,14
CGCATCCATCAGCCAG-1_V13B23-285_A1,1
CGCATGCCGAATGCGT-1_V13B23-285_A1,3
CGCATGGTGCGATGCT-1_V13B23-285_A1,2
CGCATTAGCTAATAGG-1_V13B23-285_A1,5
CGCCAAGAAGCCGAGT-1_V13B23-285_A1,5
CGCCACAGGTCGCGAT-1_V13B23-285_A1,2
CGCCACCCGCATTAAC-1_V13B23-285_A1,1
CGCCATCCGATTATGA-1_V13B23-285_A1,5
CGCCCAGCACGCCTAG-1_V13B23-285_A1,2
CGCCCAGCGTTTCACG-1_V13B23-285_A1,3
CGCCCGCTTCCGTACA-1_V13B23-285_A1,3
CGCCCTTGAAGGCTGA-1_V13B23-285_A1,25
CGCCGACTATTCGCTA-1_V13B23-285_A1,5
CGCCGCCCATGCCTGT-1_V13B23-285_A1,2
CGCCGTCTACCCATCG-1_V13B23-285_A1,1
CGCCGTTCAGCATAGT-1_V13B23-285_A1,1
CGCCTCCCTCCTCTAT-1_V13B23-285_A1,2
CGCCTGGCCTACGTAA-1_V13B23-285_A1,5
CGCCTTTAGCATGCTC-1_V13B23-285_A1,22
CGCGAAGTGGCATACT-1_V13B23-285_A1,11
CGCGACACTGCGCAGC-1_V13B23-285_A1,5
CGCGACCGCGACAGAT-1_V13B23-285_A1,2
CGCGAGTCTGCCGGGT-1_V13B23-285_A1,3
CGCGCAAATGTCCAGA-1_V13B23-285_A1,18
CGCGCAAGGAACTACA-1_V13B23-285_A1,3
CGCGCATGTTTGATTG-1_V13B23-285_A1,5
CGCGCCCGACTTAATA-1_V13B23-285_A1,2
CGCGGCAGTATTACGG-1_V13B23-285_A1,3
CGCGGCTCAACTTGAA-1_V13B23-285_A1,4
CGCGGGAATTAGGCAG-1_V13B23-285_A1,4
CGCGGTAAGTCTAGCT-1_V13B23-285_A1,1
CGCGGTACGGTATACA-1_V13B23-285_A1,11
CGCGGTCACAAACCAA-1_V13B23-285_A1,23
CGCGTGCTATCAACGA-1_V13B23-285_A1,7
CGCGTTCATGAAATAC-1_V13B23-285_A1,6
CGCTACCGCCCTATGA-1_V13B23-285_A1,3
CGCTACGGGACATTTA-1_V13B23-285_A1,5
CGCTAGAGACCGCTGC-1_V13B23-285_A1,1
CGCTATACCGCCCACT-1_V13B23-285_A1,3
CGCTATTCAATGTATG-1_V13B23-285_A1,11
CGCTATTCTTAGGCTC-1_V13B23-285_A1,6
CGCTCGACATAATGAT-1_V13B23-285_A1,2
CGCTCTCCGTAGATTA-1_V13B23-285_A1,5
CGCTGAGGACGTCCAA-1_V13B23-285_A1,18
CGCTGGTGACTACCCT-1_V13B23-285_A1,3
CGCTGTGACGCCGCAC-1_V13B23-285_A1,5
CGCTGTGTGGATGTTG-1_V13B23-285_A1,2
CGCTTAGTATTGATAC-1_V13B23-285_A1,12
CGCTTATTCCCGGTCG-1_V13B23-285_A1,4
CGCTTCCACTGAAATC-1_V13B23-285_A1,3
CGCTTCGGTCTAAGAC-1_V13B23-285_A1,12
CGCTTGGACGGATAGA-1_V13B23-285_A1,3
CGCTTTCATACCGGTG-1_V13B23-285_A1,3
CGCTTTCTTGCATTCG-1_V13B23-285_A1,11
CGGAAAGAATCAAACG-1_V13B23-285_A1,18
CGGAAAGCAAATGTGC-1_V13B23-285_A1,2
CGGAACGTAAACATAG-1_V13B23-285_A1,2
CGGACCTTTACGTCCC-1_V13B23-285_A1,4
CGGACGTTACTTGAAG-1_V13B23-285_A1,5
CGGAGCAATTTAATCG-1_V13B23-285_A1,5
CGGAGCATGGCGATCC-1_V13B23-285_A1,1
CGGAGCTTATAACACC-1_V13B23-285_A1,14
CGGAGTTTGAGAGACA-1_V13B23-285_A1,5
CGGATAAGCGGACATG-1_V13B23-285_A1,4
CGGATCCTCAAGGACT-1_V13B23-285_A1,3
CGGCAAACATCGTGCG-1_V13B23-285_A1,2
CGGCAATAAGATCGCC-1_V13B23-285_A1,18
CGGCACCGTTAGCGCC-1_V13B23-285_A1,14
CGGCACTCAAGAAAGT-1_V13B23-285_A1,16
CGGCAGGGTCGGGTTG-1_V13B23-285_A1,3
CGGCCACGCACAAAGT-1_V13B23-285_A1,2
CGGCCAGAGCGACCAT-1_V13B23-285_A1,4
CGGCCCAACCTGTAGT-1_V13B23-285_A1,1
CGGCCCAGGTATATCC-1_V13B23-285_A1,1
CGGCGCCATCAATCCC-1_V13B23-285_A1,1
CGGCTCTAAAGCTGCA-1_V13B23-285_A1,1
CGGCTCTTCGTCGAAC-1_V13B23-285_A1,14
CGGCTTTGTATGATAA-1_V13B23-285_A1,7
CGGGAATATAGTATAC-1_V13B23-285_A1,2
CGGGAATTTATGTAAA-1_V13B23-285_A1,5
CGGGAGCTTCAGTGTA-1_V13B23-285_A1,3
CGGGAGTATACCGCCG-1_V13B23-285_A1,3
CGGGATCAATGTAAGA-1_V13B23-285_A1,5
CGGGCAGCTAAACCGC-1_V13B23-285_A1,5
CGGGCCATAGCCGCAC-1_V13B23-285_A1,4
CGGGCCTTCTTTGTAA-1_V13B23-285_A1,2
CGGGCGATGGATCACG-1_V13B23-285_A1,11
CGGGTGTACCCATTTA-1_V13B23-285_A1,3
CGGGTTGTAGCTTTGG-1_V13B23-285_A1,10
CGGGTTTGTTAGGGCT-1_V13B23-285_A1,3
CGGTACGGCAAACCCA-1_V13B23-285_A1,3
CGGTACTAGAATCAAA-1_V13B23-285_A1,1
CGGTAGAGGTGCAGGT-1_V13B23-285_A1,3
CGGTCAAGTGGGAACC-1_V13B23-285_A1,2
CGGTCCATGAGACTCC-1_V13B23-285_A1,14
CGGTCCGTCGCAAGCC-1_V13B23-285_A1,1
CGGTCTATCAACCCGT-1_V13B23-285_A1,3
CGGTGAAGACTAAAGT-1_V13B23-285_A1,5
CGGTGCAGATAGAACG-1_V13B23-285_A1,2
CGGTGCGCGTTGGTCC-1_V13B23-285_A1,2
CGGTGGGCTCCAGCCT-1_V13B23-285_A1,24
CGGTGTACTTGATCCC-1_V13B23-285_A1,3
CGGTTATCCAACAGTG-1_V13B23-285_A1,1
CGGTTCAAGTAGGTGT-1_V13B23-285_A1,3
CGGTTCCGGCTTCTTG-1_V13B23-285_A1,3
CGGTTGACCTGGCATA-1_V13B23-285_A1,2
CGTAAACGCTTGAGTG-1_V13B23-285_A1,8
CGTAACTTCGACACTT-1_V13B23-285_A1,2
CGTAATAATTACGAGT-1_V13B23-285_A1,3
CGTACCGAAAGTCTAG-1_V13B23-285_A1,4
CGTACCTGATAGGCCT-1_V13B23-285_A1,5
CGTAGAGAGTAATTAT-1_V13B23-285_A1,2
CGTAGCGAATTGTCAG-1_V13B23-285_A1,8
CGTAGCGCCGACGTTG-1_V13B23-285_A1,3
CGTATTAAGAGATCTA-1_V13B23-285_A1,4
CGTCAAGGCTATAAAT-1_V13B23-285_A1,2
CGTCAATCTTTAACAT-1_V13B23-285_A1,1
CGTCACGTCCATTGGT-1_V13B23-285_A1,6
CGTCAGCTATTTACTC-1_V13B23-285_A1,3
CGTCAGTGCGCACAAG-1_V13B23-285_A1,3
CGTCATACCATATCCA-1_V13B23-285_A1,3
CGTCCAGATGGCTCCA-1_V13B23-285_A1,4
CGTCCTCATCGCGTGC-1_V13B23-285_A1,3
CGTCGCATGTGAGCCA-1_V13B23-285_A1,11
CGTCGCGGCGGGATTT-1_V13B23-285_A1,8
CGTCGCTTGGTTATAC-1_V13B23-285_A1,3
CGTCGGATAGTGTTGA-1_V13B23-285_A1,1
CGTCGGGTCTAAGCGC-1_V13B23-285_A1,2
CGTCGTCCTTCGCGAA-1_V13B23-285_A1,3
CGTCTGGAAGGGCCCG-1_V13B23-285_A1,7
CGTCTTGAGTGTGACG-1_V13B23-285_A1,2
CGTGAAGTTAATTCAC-1_V13B23-285_A1,2
CGTGACATTGGGTCGT-1_V13B23-285_A1,4
CGTGACCAGTCCTCTG-1_V13B23-285_A1,12
CGTGCAGACTGGGACA-1_V13B23-285_A1,2
CGTGCATTGTCGACGC-1_V13B23-285_A1,1
CGTGCCCTCCCGAAGA-1_V13B23-285_A1,16
CGTGCTGGCCTAGTCG-1_V13B23-285_A1,4
CGTGCTTCTACCTAAA-1_V13B23-285_A1,1
CGTGGAAGCCTCGTAC-1_V13B23-285_A1,3
CGTGGCCGAATATCTA-1_V13B23-285_A1,3
CGTGGTACCCAAAGGC-1_V13B23-285_A1,4
CGTGTATGGGAGCTGA-1_V13B23-285_A1,3
CGTGTCCCATTCGCGA-1_V13B23-285_A1,4
CGTGTCTCGTTACGAC-1_V13B23-285_A1,3
CGTGTGTTAAACCCTG-1_V13B23-285_A1,1
CGTTAAACTAGTTAGG-1_V13B23-285_A1,2
CGTTAATGTCCCGACG-1_V13B23-285_A1,12
CGTTAGCTCACAACTG-1_V13B23-285_A1,1
CGTTATCATACTTCCA-1_V13B23-285_A1,5
CGTTCAGACCCGCGAA-1_V13B23-285_A1,3
CGTTCATGGTGCGCGT-1_V13B23-285_A1,5
CGTTCTTCGCACACCT-1_V13B23-285_A1,27
CGTTGAATACCGCGCT-1_V13B23-285_A1,4
CGTTGAGCGACCGTCG-1_V13B23-285_A1,1
CGTTGCCCGCGTGGGA-1_V13B23-285_A1,2
CGTTGTAAACGTCAGG-1_V13B23-285_A1,2
CGTTGTAAGATTGATT-1_V13B23-285_A1,2
CGTTGTCGGCAATTGA-1_V13B23-285_A1,3
CGTTGTTTCAATTCCC-1_V13B23-285_A1,2
CGTTTAAGCGGAGCAC-1_V13B23-285_A1,3
CGTTTACAAGGCAGCT-1_V13B23-285_A1,7
CGTTTCACTTCGGGCG-1_V13B23-285_A1,3
CGTTTCGCTCATTACA-1_V13B23-285_A1,5
CGTTTGGTGTTGTGGG-1_V13B23-285_A1,12
CGTTTGTGTAGAGGGT-1_V13B23-285_A1,6
CTAAACGGGTGTAATC-1_V13B23-285_A1,15
CTAAAGAATGCCTACT-1_V13B23-285_A1,5
CTAAAGGGAAATAGGA-1_V13B23-285_A1,6
CTAAAGTCCGAAGCTA-1_V13B23-285_A1,15
CTAAATCCGGTGTACA-1_V13B23-285_A1,2
CTAAATCCTATTCCGG-1_V13B23-285_A1,7
CTAACCGCGCGCCCGT-1_V13B23-285_A1,2
CTAACGAAACTTGCTG-1_V13B23-285_A1,3
CTAACTGATAATCGCC-1_V13B23-285_A1,3
CTAACTGGTCCGGTTC-1_V13B23-285_A1,5
CTAAGGGAATGATTGG-1_V13B23-285_A1,2
CTAATTCGCACGCGCT-1_V13B23-285_A1,5
CTAATTCTCAGATATT-1_V13B23-285_A1,3
CTAATTTCAACAACAC-1_V13B23-285_A1,3
CTACAAGAAATAACCC-1_V13B23-285_A1,1
CTACACTAGCTTGTTC-1_V13B23-285_A1,3
CTACACTCGCAGATGG-1_V13B23-285_A1,3
CTACCCTAAGGTCATA-1_V13B23-285_A1,1
CTACGACTAGCTATAA-1_V13B23-285_A1,5
CTACGCACGGAGTACC-1_V13B23-285_A1,5
CTACGCCATTTCCGAT-1_V13B23-285_A1,6
CTACGTGTTGCCACCA-1_V13B23-285_A1,11
CTACTATCATAGGTTT-1_V13B23-285_A1,2
CTACTATCTTTCAGAG-1_V13B23-285_A1,1
CTACTCAAGGTATAGT-1_V13B23-285_A1,3
CTACTCTAGGCCCGGC-1_V13B23-285_A1,5
CTACTGCCACCTGACC-1_V13B23-285_A1,1
CTAGATAAACTCCTCG-1_V13B23-285_A1,8
CTAGATGTGAGTGTAA-1_V13B23-285_A1,1
CTAGATTTACGACGGC-1_V13B23-285_A1,1
CTAGCAACTAATTTAC-1_V13B23-285_A1,3
CTAGCATAGTATAATG-1_V13B23-285_A1,5
CTAGCCACAGGCGAGC-1_V13B23-285_A1,11
CTAGCCGATGTTATGA-1_V13B23-285_A1,12
CTAGCTTAATGGTCCC-1_V13B23-285_A1,3
CTAGGCGCCCTATCAG-1_V13B23-285_A1,12
CTAGGCGGCAGAGAAT-1_V13B23-285_A1,8
CTAGGTCTGAAGGAAT-1_V13B23-285_A1,3
CTAGGTTCGGACGTGA-1_V13B23-285_A1,1
CTAGTAGAAAGGGATT-1_V13B23-285_A1,1
CTAGTATTCGGAATTA-1_V13B23-285_A1,3
CTAGTCACGTCTTAAG-1_V13B23-285_A1,6
CTAGTGAAGGACAGGA-1_V13B23-285_A1,6
CTAGTTACAACCCGGT-1_V13B23-285_A1,1
CTAGTTGGGCCCGGTA-1_V13B23-285_A1,5
CTATAAGAGCCAATCG-1_V13B23-285_A1,3
CTATAGGCGTTGATGT-1_V13B23-285_A1,2
CTATCGACGAAATACA-1_V13B23-285_A1,11
CTATCGCGTAGAGAAC-1_V13B23-285_A1,3
CTATCGGGTCTCAACA-1_V13B23-285_A1,6
CTATGCCCGAATGCAA-1_V13B23-285_A1,2
CTATGGGAAGCGGAAT-1_V13B23-285_A1,1
CTATGTCACTAGCCCA-1_V13B23-285_A1,13
CTATGTCTATTGAAAC-1_V13B23-285_A1,3
CTATGTGAGTCACGGC-1_V13B23-285_A1,4
CTATTCATGTGTCCCA-1_V13B23-285_A1,2
CTATTTGCTTGGAGGA-1_V13B23-285_A1,11
CTATTTGGTTACGGAT-1_V13B23-285_A1,2
CTCAAACCACTGCCCG-1_V13B23-285_A1,12
CTCAACTAACCCGGAT-1_V13B23-285_A1,3
CTCACATTTACTAAAT-1_V13B23-285_A1,1
CTCACCAGTACAAGTG-1_V13B23-285_A1,2
CTCACTGTGATACTTA-1_V13B23-285_A1,11
CTCACTTGGCTGGTAA-1_V13B23-285_A1,1
CTCAGATTGTGATAAG-1_V13B23-285_A1,16
CTCAGGACTCACCTGT-1_V13B23-285_A1,4
CTCAGTCACGACAAAT-1_V13B23-285_A1,3
CTCATCACTTAGTGAT-1_V13B23-285_A1,6
CTCATGGCTCACAATC-1_V13B23-285_A1,3
CTCATGGTAATTTGCG-1_V13B23-285_A1,2
CTCATTCGTGAACATC-1_V13B23-285_A1,22
CTCATTGCTCTAACAA-1_V13B23-285_A1,3
CTCATTTGATGGGCGG-1_V13B23-285_A1,5
CTCCCAATGAGTCGCG-1_V13B23-285_A1,3
CTCCCTCCTTTCGATC-1_V13B23-285_A1,2
CTCCGCCCACATGAGG-1_V13B23-285_A1,1
CTCCGGCCTAATATGC-1_V13B23-285_A1,6
CTCCGGCTTGTAGACA-1_V13B23-285_A1,3
CTCCTAAGTTATGTCT-1_V13B23-285_A1,3
CTCCTCCAGCTCACAC-1_V13B23-285_A1,3
CTCCTGTTCAAGGCAG-1_V13B23-285_A1,3
CTCCTTTACGCAAGTC-1_V13B23-285_A1,2
CTCGAGACATACGATA-1_V13B23-285_A1,1
CTCGAGATCCAAAGCA-1_V13B23-285_A1,11
CTCGAGGTCGAACAGT-1_V13B23-285_A1,5
CTCGATATTTGCGAGC-1_V13B23-285_A1,3
CTCGCACCTATATAGT-1_V13B23-285_A1,2
CTCGCATTGCATAGCC-1_V13B23-285_A1,2
CTCGCCGAATGTAGGG-1_V13B23-285_A1,1
CTCGGGATAACACCTA-1_V13B23-285_A1,3
CTCGGGTTCTCTGGCC-1_V13B23-285_A1,1
CTCGGTACCACTGCTC-1_V13B23-285_A1,3
CTCGGTCCGTAGCCTG-1_V13B23-285_A1,6
CTCGGTTGTCGGCCCT-1_V13B23-285_A1,6
CTCGTCGAGGGCTCAT-1_V13B23-285_A1,2
CTCGTCTGTGCCTTCG-1_V13B23-285_A1,12
CTCGTTTCTAATGTTT-1_V13B23-285_A1,3
CTCTAATGCATTGATC-1_V13B23-285_A1,4
CTCTACACTGGCGATT-1_V13B23-285_A1,22
CTCTAGCCCTCGGAAA-1_V13B23-285_A1,3
CTCTATTTGGCTGCAG-1_V13B23-285_A1,6
CTCTCACAATCGATGA-1_V13B23-285_A1,4
CTCTCGATGTGCGCCT-1_V13B23-285_A1,26
CTCTCGCTGTACTATG-1_V13B23-285_A1,2
CTCTCTAACTGCCTAG-1_V13B23-285_A1,2
CTCTGCGAAGCAAGCA-1_V13B23-285_A1,3
CTCTGGACGCCTGGTG-1_V13B23-285_A1,1
CTCTGTGCCTGCTATG-1_V13B23-285_A1,4
CTCTGTTTGAGGATTC-1_V13B23-285_A1,3
CTCTTCTATTGACTGG-1_V13B23-285_A1,3
CTCTTCTGGAAGTTAG-1_V13B23-285_A1,6
CTCTTGTCCCGCTTGG-1_V13B23-285_A1,1
CTGAAAGAGATCCGAC-1_V13B23-285_A1,2
CTGAATCCGAGACCTC-1_V13B23-285_A1,2
CTGAATTTATTGCCAG-1_V13B23-285_A1,1
CTGACATAGAAATAGA-1_V13B23-285_A1,1
CTGACTGCGCAGCTCG-1_V13B23-285_A1,3
CTGAGAAAGTTCGGCG-1_V13B23-285_A1,3
CTGAGCAAGTAACAAG-1_V13B23-285_A1,3
CTGATAGTGTATCTCA-1_V13B23-285_A1,5
CTGCAAGCACGTTCCG-1_V13B23-285_A1,3
CTGCACAACTACATAT-1_V13B23-285_A1,1
CTGCACCTAGTCCACA-1_V13B23-285_A1,1
CTGCACCTGGAACCGC-1_V13B23-285_A1,11
CTGCACTCCAGTACAG-1_V13B23-285_A1,22
CTGCAGAGAATCAGAG-1_V13B23-285_A1,1
CTGCCAAGGTTGGAAG-1_V13B23-285_A1,5
CTGCCATGCATCACAT-1_V13B23-285_A1,5
CTGCCCACGAAGCGTT-1_V13B23-285_A1,5
CTGCCTAGCCACCAAG-1_V13B23-285_A1,23
CTGCCTCATATGCAAC-1_V13B23-285_A1,1
CTGCCTTTAATACCTT-1_V13B23-285_A1,1
CTGCCTTTCTAGTAAA-1_V13B23-285_A1,3
CTGCGACCTCGCCGAA-1_V13B23-285_A1,4
CTGCGGGTGAAATGTT-1_V13B23-285_A1,2
CTGCGTTACGATATAA-1_V13B23-285_A1,6
CTGCTGAGGCCACGAA-1_V13B23-285_A1,4
CTGCTGTCTAACGAGC-1_V13B23-285_A1,3
CTGCTTGGCGATAGCT-1_V13B23-285_A1,3
CTGCTTTATGTCCGCG-1_V13B23-285_A1,24
CTGGAAATGGATGCTT-1_V13B23-285_A1,5
CTGGAAGACACGGTGG-1_V13B23-285_A1,1
CTGGACGCAGTCCGGC-1_V13B23-285_A1,2
CTGGATTTACACTTGA-1_V13B23-285_A1,5
CTGGCATCCGAATGAG-1_V13B23-285_A1,1
CTGGCGACATAAGTCC-1_V13B23-285_A1,3
CTGGCGATTTACATGT-1_V13B23-285_A1,8
CTGGCGCACAGGTCTG-1_V13B23-285_A1,2
CTGGCGGGAATAAGTA-1_V13B23-285_A1,3
CTGGCTCCTGCGGGAT-1_V13B23-285_A1,8
CTGGCTGATTCATCCT-1_V13B23-285_A1,3
CTGGCTGCTAACGTAA-1_V13B23-285_A1,3
CTGGCTGGTTGTCAGT-1_V13B23-285_A1,2
CTGGGATAAATAATGG-1_V13B23-285_A1,1
CTGGGATACGCTACCC-1_V13B23-285_A1,2
CTGGGCCTGCTATATC-1_V13B23-285_A1,5
CTGGGTAGGCAGTTAA-1_V13B23-285_A1,2
CTGGGTTGAGTTAAAG-1_V13B23-285_A1,2
CTGGTAAAGACTTACA-1_V13B23-285_A1,4
CTGGTAAAGTGTGGGC-1_V13B23-285_A1,3
CTGGTAACACATAGAA-1_V13B23-285_A1,1
CTGGTAACGAGCTCTT-1_V13B23-285_A1,1
CTGGTCATTCCAATCC-1_V13B23-285_A1,2
CTGGTCCTAACTTGGC-1_V13B23-285_A1,16
CTGGTTCAACGCATCA-1_V13B23-285_A1,4
CTGGTTCGCGAGCTAC-1_V13B23-285_A1,2
CTGGTTTCGAGCAAGA-1_V13B23-285_A1,1
CTGTACTTCTTAGCAT-1_V13B23-285_A1,6
CTGTAGCCATCTCACT-1_V13B23-285_A1,2
CTGTATGGTGTAGAAA-1_V13B23-285_A1,3
CTGTCAAATGGCTCGG-1_V13B23-285_A1,6
CTGTGCAGGGTAGGTC-1_V13B23-285_A1,5
CTGTGGTCGGGAGATA-1_V13B23-285_A1,12
CTGTTACCCAATCTAG-1_V13B23-285_A1,5
CTGTTCACTGCCTGTG-1_V13B23-285_A1,5
CTGTTCATCTCACGGG-1_V13B23-285_A1,2
CTGTTGGCTCTTCTGA-1_V13B23-285_A1,2
CTTAAATAAGACCCAT-1_V13B23-285_A1,5
CTTAACTTACAGTATA-1_V13B23-285_A1,3
CTTAACTTCGAAGTAC-1_V13B23-285_A1,3
CTTAAGCAGCGAGCCG-1_V13B23-285_A1,2
CTTACACGGTATTCCA-1_V13B23-285_A1,2
CTTACACTGGGAAATA-1_V13B23-285_A1,1
CTTAGCCCGGATAGTG-1_V13B23-285_A1,2
CTTAGCCTTCCACATG-1_V13B23-285_A1,2
CTTAGTAGGCCTACAG-1_V13B23-285_A1,2
CTTAGTGTAGTAGCAT-1_V13B23-285_A1,12
CTTATAGATGGCTGTT-1_V13B23-285_A1,12
CTTATGCGCTCAGGGC-1_V13B23-285_A1,5
CTTATGTTGACTACCA-1_V13B23-285_A1,1
CTTCAACTCCACTTGG-1_V13B23-285_A1,3
CTTCAGTGGTCGCCTA-1_V13B23-285_A1,5
CTTCATAGCTCAAGAA-1_V13B23-285_A1,1
CTTCATTGTCAGTGGA-1_V13B23-285_A1,5
CTTCCGCTCCGTGAAG-1_V13B23-285_A1,2
CTTCGATTGCGCAAGC-1_V13B23-285_A1,11
CTTCGGCCAATTGTTT-1_V13B23-285_A1,3
CTTCGTAGATAGGTGA-1_V13B23-285_A1,2
CTTCGTGCCCGCATCG-1_V13B23-285_A1,17
CTTCTATGTTGAAGTA-1_V13B23-285_A1,6
CTTCTATTAATGCTAG-1_V13B23-285_A1,2
CTTCTTACGTCGTATA-1_V13B23-285_A1,11
CTTGACCCGAAAGATA-1_V13B23-285_A1,7
CTTGAGGTTATCCCGA-1_V13B23-285_A1,4
CTTGAGTTAGGGTAAT-1_V13B23-285_A1,3
CTTGATGACCATCCAG-1_V13B23-285_A1,12
CTTGCAACCGCCTCCT-1_V13B23-285_A1,5
CTTGCCCACCCACGCA-1_V13B23-285_A1,12
CTTGCCCAGGCTCTAC-1_V13B23-285_A1,2
CTTGGCCAAGCTGGGA-1_V13B23-285_A1,1
CTTGTACTTGTTGACT-1_V13B23-285_A1,6
CTTGTCAACATTCGAG-1_V13B23-285_A1,5
CTTGTCGTACGTGTCA-1_V13B23-285_A1,12
CTTGTGAGGACAGCGG-1_V13B23-285_A1,4
CTTGTGAGTCTTTGAC-1_V13B23-285_A1,10
CTTGTGCTCACCGATT-1_V13B23-285_A1,3
CTTGTTGCTGAGTCAA-1_V13B23-285_A1,1
CTTGTTTATGTAGCCA-1_V13B23-285_A1,3
CTTTAACTTTCAAAGG-1_V13B23-285_A1,22
CTTTAATATTGGTCGA-1_V13B23-285_A1,1
CTTTACCGAATAGTAG-1_V13B23-285_A1,1
CTTTAGGAACACTGTT-1_V13B23-285_A1,1
CTTTAGTGCTATTATT-1_V13B23-285_A1,2
CTTTCTGTGCGGGCTT-1_V13B23-285_A1,1
CTTTGACGTCGCTTCT-1_V13B23-285_A1,5
CTTTGCATCGCTCTTG-1_V13B23-285_A1,2
CTTTGCTGTCATGGAT-1_V13B23-285_A1,12
CTTTGGCGCTTTATAC-1_V13B23-285_A1,2
CTTTGGCTTTAGTAAA-1_V13B23-285_A1,5
CTTTGGGATTGTTGCA-1_V13B23-285_A1,2
CTTTGTCGAATGCTCC-1_V13B23-285_A1,3
GAAACAGATGACCACC-1_V13B23-285_A1,1
GAAACAGCCATGCAGT-1_V13B23-285_A1,4
GAAACATAGGAAACAG-1_V13B23-285_A1,1
GAAACCATGGTGCGCT-1_V13B23-285_A1,3
GAAACCGAATTACCTT-1_V13B23-285_A1,5
GAAACCTATACAAATG-1_V13B23-285_A1,1
GAAACTCGTGCGATGC-1_V13B23-285_A1,5
GAAACTCTAATGAAGG-1_V13B23-285_A1,7
GAAAGAACAGCGTTAT-1_V13B23-285_A1,1
GAAAGCAGTGCACTTT-1_V13B23-285_A1,1
GAAAGCCCTTTGGACC-1_V13B23-285_A1,5
GAAAGTGACTAACTGC-1_V13B23-285_A1,5
GAAATACTAAACGTTT-1_V13B23-285_A1,19
GAAATATCACCATCAG-1_V13B23-285_A1,5
GAAATCGCGCGCAACT-1_V13B23-285_A1,5
GAAATCTGACCAAGTT-1_V13B23-285_A1,2
GAAATGGCGGTGTTAG-1_V13B23-285_A1,5
GAAATGGGATGTAAAC-1_V13B23-285_A1,8
GAAATTAGCACGGATA-1_V13B23-285_A1,1
GAAATTCACATCGCTG-1_V13B23-285_A1,8
GAAATTGTCTCTATAA-1_V13B23-285_A1,5
GAACAACTGGGATGAA-1_V13B23-285_A1,3
GAACACACATCAACCA-1_V13B23-285_A1,5
GAACAGATTACTAAAT-1_V13B23-285_A1,3
GAACCATCTGGGAGAC-1_V13B23-285_A1,1
GAACCCTCTGTGTTCT-1_V13B23-285_A1,2
GAACCTCGACCTACAC-1_V13B23-285_A1,2
GAACCTTTAACGATCC-1_V13B23-285_A1,3
GAACGACCGAATGATA-1_V13B23-285_A1,6
GAACGATAAGTTAAAG-1_V13B23-285_A1,1
GAACGCGGGTCACACG-1_V13B23-285_A1,1
GAACGTCTCATGGTCG-1_V13B23-285_A1,1
GAACGTTAGGAAGACG-1_V13B23-285_A1,4
GAACTGTGGAGAGACA-1_V13B23-285_A1,3
GAAGAAACGATATTGT-1_V13B23-285_A1,3
GAAGAACGGTGCAGGT-1_V13B23-285_A1,7
GAAGCAAGGCAATGTT-1_V13B23-285_A1,8
GAAGCCACTGATTATG-1_V13B23-285_A1,3
GAAGCCGGGTAAGCTC-1_V13B23-285_A1,2
GAAGCCTGCACATTCC-1_V13B23-285_A1,2
GAAGCGTGAGGAATTT-1_V13B23-285_A1,5
GAAGCTCGGACCCGTC-1_V13B23-285_A1,2
GAAGCTCTTTGCTTAG-1_V13B23-285_A1,3
GAAGCTTGCTGACCGC-1_V13B23-285_A1,5
GAAGGACTAAATTGAA-1_V13B23-285_A1,15
GAAGGAGTCGAGTGCG-1_V13B23-285_A1,2
GAAGGCTACCATTGTT-1_V13B23-285_A1,1
GAAGGGCATAACCATG-1_V13B23-285_A1,15
GAAGTCAGTTGCACTA-1_V13B23-285_A1,5
GAAGTCTCCCTAGCGA-1_V13B23-285_A1,1
GAAGTGATTTATCGTG-1_V13B23-285_A1,5
GAAGTGCTGGATAGCT-1_V13B23-285_A1,1
GAAGTTTCCACTCAAT-1_V13B23-285_A1,1
GAATAGACGCGACCCA-1_V13B23-285_A1,2
GAATAGCATTTAGGGT-1_V13B23-285_A1,3
GAATAGTGCTCGATTA-1_V13B23-285_A1,2
GAATATTCGGAGTCCC-1_V13B23-285_A1,4
GAATCGACATGGTCAC-1_V13B23-285_A1,2
GAATCGCCGGACACGG-1_V13B23-285_A1,8
GAATCTGAACATTCTC-1_V13B23-285_A1,1
GAATGCCGAAATGACC-1_V13B23-285_A1,1
GAATGCGAATCGGTTC-1_V13B23-285_A1,3
GAATGGGCTTATCGAC-1_V13B23-285_A1,4
GAATGTATGGCAGGTC-1_V13B23-285_A1,1
GAATGTGGTCCGGATT-1_V13B23-285_A1,1
GAATGTTGGGTAATCT-1_V13B23-285_A1,2
GAATTATAGTGAAAGG-1_V13B23-285_A1,6
GAATTCACCCGGGTGT-1_V13B23-285_A1,2
GAATTTCTCGCTGCAG-1_V13B23-285_A1,2
GACAAACATATGCAGG-1_V13B23-285_A1,11
GACAACGACCATTGAA-1_V13B23-285_A1,2
GACAACGCAGCTTACG-1_V13B23-285_A1,2
GACAAGAGATGAGATT-1_V13B23-285_A1,3
GACACAAGGGAAGAAA-1_V13B23-285_A1,4
GACACGAGTTAGAGGA-1_V13B23-285_A1,10
GACACTGAGTTCAGTG-1_V13B23-285_A1,2
GACACTGGAACCCGAT-1_V13B23-285_A1,1
GACACTTCCAATTACC-1_V13B23-285_A1,3
GACAGATTTCTGGCTC-1_V13B23-285_A1,5
GACAGCCAGACCTGAC-1_V13B23-285_A1,2
GACAGGCACACACTAT-1_V13B23-285_A1,8
GACATACTGTCGCAGA-1_V13B23-285_A1,8
GACATCCGTCGAACTG-1_V13B23-285_A1,3
GACATCGATTTATAAC-1_V13B23-285_A1,8
GACCAAACGTTGACTG-1_V13B23-285_A1,3
GACCACACTTCCCTTT-1_V13B23-285_A1,3
GACCAGAGCCCTGTAG-1_V13B23-285_A1,5
GACCCAATTATGATAC-1_V13B23-285_A1,5
GACCCGTCGCCGGCTA-1_V13B23-285_A1,1
GACCGACGTGAAAGCA-1_V13B23-285_A1,18
GACCGACTGAAGCGTC-1_V13B23-285_A1,5
GACCGCGTCTGACGTG-1_V13B23-285_A1,3
GACCGTCAGGTCGTGA-1_V13B23-285_A1,8
GACCGTGCTGACGGTG-1_V13B23-285_A1,4
GACCGTTACATGCGAC-1_V13B23-285_A1,5
GACCTTCCACGTCTAC-1_V13B23-285_A1,3
GACGACGATCCGCGTT-1_V13B23-285_A1,5
GACGAGGCTAATAAAC-1_V13B23-285_A1,1
GACGCCGTAAAGGCTA-1_V13B23-285_A1,5
GACGCCTGTTGCAGGG-1_V13B23-285_A1,3
GACGCTTGCTTCTAAA-1_V13B23-285_A1,5
GACGGACCGCGTTCCT-1_V13B23-285_A1,10
GACGGGATGTCTTATG-1_V13B23-285_A1,10
GACGGGTTGGCCCGTA-1_V13B23-285_A1,3
GACGGTCAATAGAAGC-1_V13B23-285_A1,3
GACGGTCCTAGGGTGT-1_V13B23-285_A1,1
GACGTGAGACTCCATG-1_V13B23-285_A1,3
GACGTGTAGGGATTAT-1_V13B23-285_A1,3
GACGTTCGTAAATACA-1_V13B23-285_A1,1
GACTAAGATCATGCAC-1_V13B23-285_A1,5
GACTAAGTAGGCTCAC-1_V13B23-285_A1,5
GACTACAAAGCGGTGG-1_V13B23-285_A1,1
GACTACAATTGCTCGT-1_V13B23-285_A1,23
GACTAGGCCGTTAGGT-1_V13B23-285_A1,12
GACTCACCCACGTGAG-1_V13B23-285_A1,2
GACTCCCAGAATAAGG-1_V13B23-285_A1,1
GACTCCTTCCAATTGA-1_V13B23-285_A1,2
GACTCGCGGGAATGAC-1_V13B23-285_A1,2
GACTGCAAATCGAGCT-1_V13B23-285_A1,15
GACTGCACCAGCCCAG-1_V13B23-285_A1,3
GACTGCGGCACGTGTA-1_V13B23-285_A1,2
GAGAACGGTTCTGACT-1_V13B23-285_A1,3
GAGAATCTCACGATCA-1_V13B23-285_A1,2
GAGACTGATGGGTAGA-1_V13B23-285_A1,5
GAGACTTCGCGACCGA-1_V13B23-285_A1,1
GAGAGCGCAGTCCCTG-1_V13B23-285_A1,4
GAGAGGCCTATGTGTA-1_V13B23-285_A1,3
GAGAGGGCGCGAGGTT-1_V13B23-285_A1,5
GAGAGGTGCATTCTGG-1_V13B23-285_A1,4
GAGATCTGCTTGGCAT-1_V13B23-285_A1,2
GAGATCTGTCACTCCG-1_V13B23-285_A1,2
GAGATCTTCCATGACA-1_V13B23-285_A1,3
GAGATGACAATCCTTA-1_V13B23-285_A1,3
GAGATGGCTTTAATCA-1_V13B23-285_A1,11
GAGATGGGAGTCGACA-1_V13B23-285_A1,2
GAGCACCTGTGTCCAG-1_V13B23-285_A1,3
GAGCACGGCGCCTCTT-1_V13B23-285_A1,1
GAGCATCAACAACTTG-1_V13B23-285_A1,4
GAGCATCATCCCTGGG-1_V13B23-285_A1,3
GAGCCACGGTAGTAGG-1_V13B23-285_A1,1
GAGCCAGCTACCTGTG-1_V13B23-285_A1,12
GAGCGAGGGAGTACCG-1_V13B23-285_A1,1
GAGCGCAAATACTCCG-1_V13B23-285_A1,1
GAGCGCGCACGAGTAG-1_V13B23-285_A1,3
GAGCGCTGTTAGGTAA-1_V13B23-285_A1,3
GAGCTAAGGGCATATC-1_V13B23-285_A1,4
GAGCTCTCGGACCTAA-1_V13B23-285_A1,3
GAGCTGTCGTCTCGGA-1_V13B23-285_A1,10
GAGGAATGGAGAGGTT-1_V13B23-285_A1,2
GAGGAGATCCTCATGC-1_V13B23-285_A1,3
GAGGAGTAATTCCTAC-1_V13B23-285_A1,4
GAGGATAAACAGTGCT-1_V13B23-285_A1,1
GAGGCCCGACTCCGCA-1_V13B23-285_A1,2
GAGGCCTGTTGATACA-1_V13B23-285_A1,12
GAGGCTATCAAAGTCG-1_V13B23-285_A1,4
GAGGGAGTCAGATCGC-1_V13B23-285_A1,3
GAGGGCATCGCGTATC-1_V13B23-285_A1,1
GAGGGCGCAGCTCTGC-1_V13B23-285_A1,1
GAGGGTAGTAACAAAG-1_V13B23-285_A1,3
GAGGTACATCCATCTT-1_V13B23-285_A1,19
GAGGTACGCGTGTCCC-1_V13B23-285_A1,3
GAGGTCCCAAAGATCT-1_V13B23-285_A1,3
GAGTAAACCGGAAAGT-1_V13B23-285_A1,3
GAGTAAGGCCACGGGA-1_V13B23-285_A1,6
GAGTACGGGTATACAA-1_V13B23-285_A1,3
GAGTAGATACTAGTTG-1_V13B23-285_A1,1
GAGTATCAAAGTTACA-1_V13B23-285_A1,1
GAGTATGCCCGCCTTG-1_V13B23-285_A1,2
GAGTATGCGCGTGCAT-1_V13B23-285_A1,3
GAGTCAGACCAGAATC-1_V13B23-285_A1,5
GAGTCCGCTTACCGGA-1_V13B23-285_A1,4
GAGTCGACAGACCCTC-1_V13B23-285_A1,2
GAGTCTTGTAAAGGAC-1_V13B23-285_A1,2
GAGTGTCAACCAGAAA-1_V13B23-285_A1,3
GAGTGTGCGGTACCCA-1_V13B23-285_A1,2
GAGTTCTGTGGGTGCT-1_V13B23-285_A1,1
GAGTTGATGGCAATTT-1_V13B23-285_A1,5
GATAAATCGGTGGATG-1_V13B23-285_A1,11
GATAACTCGCACTGTG-1_V13B23-285_A1,1
GATAAGGCAGATGCAA-1_V13B23-285_A1,4
GATACCGTGTCGGAGT-1_V13B23-285_A1,1
GATACGATGGGAGTCA-1_V13B23-285_A1,2
GATAGCGTACCACGCG-1_V13B23-285_A1,1
GATAGGATTAATTACA-1_V13B23-285_A1,1
GATAGGTAACGTTGAC-1_V13B23-285_A1,15
GATAGGTGTCCCGGGC-1_V13B23-285_A1,1
GATATCAAGCAGGAGC-1_V13B23-285_A1,1
GATATCAGTATGTATC-1_V13B23-285_A1,3
GATATCTCATGCAATA-1_V13B23-285_A1,3
GATATGAGACACTAAC-1_V13B23-285_A1,5
GATATGCGGTAGCCAA-1_V13B23-285_A1,23
GATATGGATTACGCGG-1_V13B23-285_A1,1
GATATTGAGATTGGCG-1_V13B23-285_A1,1
GATATTTCCTACATGG-1_V13B23-285_A1,3
GATCAACATAAAGGGA-1_V13B23-285_A1,2
GATCATTCCAAACATT-1_V13B23-285_A1,5
GATCCCTTTATACTGC-1_V13B23-285_A1,1
GATCCGAATATAAGTG-1_V13B23-285_A1,1
GATCCGGGAATTAACA-1_V13B23-285_A1,8
GATCCTAAATCGGGAC-1_V13B23-285_A1,2
GATCCTCGACACTGGC-1_V13B23-285_A1,2
GATCGACACTATCTGA-1_V13B23-285_A1,1
GATCGCGGGCTCTCCA-1_V13B23-285_A1,6
GATCGCTACCCGATTT-1_V13B23-285_A1,12
GATCGCTATATCTCAG-1_V13B23-285_A1,11
GATCGGATAGAACCAT-1_V13B23-285_A1,18
GATCGGCGATAAGTCG-1_V13B23-285_A1,1
GATCGGTGGCCATAAC-1_V13B23-285_A1,8
GATCGTGACTGATATC-1_V13B23-285_A1,1
GATCTAACCGTATTCA-1_V13B23-285_A1,22
GATCTCGACGCTGTGG-1_V13B23-285_A1,1
GATCTGCTATCTAAGG-1_V13B23-285_A1,1
GATCTTCATTGTCCTC-1_V13B23-285_A1,2
GATCTTGGAGGGCATA-1_V13B23-285_A1,1
GATCTTTGCAGGGTAT-1_V13B23-285_A1,5
GATGACAAGTAGGGCA-1_V13B23-285_A1,12
GATGAGGAACCTTCGG-1_V13B23-285_A1,3
GATGATTTGAAACTGG-1_V13B23-285_A1,7
GATGCCACACTACAGC-1_V13B23-285_A1,8
GATGCCAGCAGAAGGC-1_V13B23-285_A1,2
GATGCCTTCTGCGGCA-1_V13B23-285_A1,5
GATGCGAATGGTATTA-1_V13B23-285_A1,2
GATGCGTCCTGCATTC-1_V13B23-285_A1,4
GATGCTACAAGCGCCT-1_V13B23-285_A1,3
GATGCTACCTTCGATG-1_V13B23-285_A1,4
GATGCTGTATTTCATC-1_V13B23-285_A1,2
GATGGCGCACACATTA-1_V13B23-285_A1,3
GATGTAACGAACCACC-1_V13B23-285_A1,1
GATGTCCGGATCACAT-1_V13B23-285_A1,3
GATGTCGGTCAACTGC-1_V13B23-285_A1,4
GATGTTCAATCCACGA-1_V13B23-285_A1,5
GATGTTTGTGCGAGAT-1_V13B23-285_A1,8
GATTAACCGAAAGCCC-1_V13B23-285_A1,3
GATTAATCCTGGCTCA-1_V13B23-285_A1,8
GATTACTGAATTTGGG-1_V13B23-285_A1,2
GATTCCCTTGTCGCAG-1_V13B23-285_A1,2
GATTCCGCGTTTCCGT-1_V13B23-285_A1,7
GATTCCTATACGGCGC-1_V13B23-285_A1,18
GATTCGACGGTTCACG-1_V13B23-285_A1,2
GATTGACACTCTGCTC-1_V13B23-285_A1,14
GATTGCTCCAGTTGCA-1_V13B23-285_A1,1
GATTGGGAAAGGTTGT-1_V13B23-285_A1,3
GCAAACCCTACATTAT-1_V13B23-285_A1,2
GCAAACCTTGGCCATA-1_V13B23-285_A1,2
GCAAACGTCGCCAGGT-1_V13B23-285_A1,1
GCAAATATTACGCTTT-1_V13B23-285_A1,2
GCAAATGAGGACACTT-1_V13B23-285_A1,5
GCAACACACTAGAACT-1_V13B23-285_A1,4
GCAACAGCAGTATGCG-1_V13B23-285_A1,2
GCAACCACCAGACCGG-1_V13B23-285_A1,4
GCAACCACGGCCGCGT-1_V13B23-285_A1,5
GCAACCCAAGTTGTTT-1_V13B23-285_A1,2
GCAACGGCTAGTTATG-1_V13B23-285_A1,2
GCAAGAATTCCTTGGC-1_V13B23-285_A1,4
GCAAGCTGGAAACCGC-1_V13B23-285_A1,2
GCAAGTGCACAGAGAA-1_V13B23-285_A1,2
GCAAGTGTAAAGCATG-1_V13B23-285_A1,4
GCAATTAGTCGCACCG-1_V13B23-285_A1,1
GCACAAACGAGGCGTG-1_V13B23-285_A1,1
GCACAACCTCGGGCGT-1_V13B23-285_A1,10
GCACAAGTGGATCATA-1_V13B23-285_A1,2
GCACAAGTGTCGGAAG-1_V13B23-285_A1,19
GCACACACTGGTAGCC-1_V13B23-285_A1,12
GCACACGCCCATGGTC-1_V13B23-285_A1,2
GCACGCCTACTTAGAT-1_V13B23-285_A1,1
GCACGTGGTTTACTTA-1_V13B23-285_A1,12
GCACTAGTCGCGCTAT-1_V13B23-285_A1,18
GCACTCCCACAGTCCC-1_V13B23-285_A1,8
GCACTGCCTACCTTTA-1_V13B23-285_A1,1
GCACTGTGCAAATGTA-1_V13B23-285_A1,4
GCAGAAGGTAATCTCC-1_V13B23-285_A1,3
GCAGACCCAGCACGTA-1_V13B23-285_A1,3
GCAGATCCATAAGACT-1_V13B23-285_A1,3
GCAGATCCTCGCAAAT-1_V13B23-285_A1,2
GCAGATTAGGGATATC-1_V13B23-285_A1,5
GCAGCACACAGCCCAG-1_V13B23-285_A1,5
GCAGCCTATATCACAT-1_V13B23-285_A1,22
GCAGCGGTGGGCATTA-1_V13B23-285_A1,15
GCAGGAACTTAGATCT-1_V13B23-285_A1,2
GCAGGACTATAGAATA-1_V13B23-285_A1,5
GCAGGTAGAGTATGGT-1_V13B23-285_A1,3
GCAGTGTGGCTATAGG-1_V13B23-285_A1,3
GCAGTTCGATCCGAGC-1_V13B23-285_A1,1
GCATACGAGGTCTTTA-1_V13B23-285_A1,4
GCATAGAGCACTCAGG-1_V13B23-285_A1,5
GCATCCCTAACTTTGA-1_V13B23-285_A1,3
GCATCGGCCGTGTAGG-1_V13B23-285_A1,12
GCATGAGGGACGCGGC-1_V13B23-285_A1,2
GCATGCTAATAACGAT-1_V13B23-285_A1,3
GCATGGGTACTGACGC-1_V13B23-285_A1,5
GCATTCAAGGCAACGC-1_V13B23-285_A1,3
GCATTCGAAATGAACA-1_V13B23-285_A1,8
GCATTGACTTGCGGAA-1_V13B23-285_A1,2
GCATTGTAATTCATAT-1_V13B23-285_A1,18
GCATTTCCAAGGCTCC-1_V13B23-285_A1,2
GCCAACCATTTCCGGA-1_V13B23-285_A1,1
GCCAAGAATACTTCTG-1_V13B23-285_A1,4
GCCAATAGGGCATCTC-1_V13B23-285_A1,3
GCCACAATTTAAGGAC-1_V13B23-285_A1,2
GCCACTCAGAGCGCGA-1_V13B23-285_A1,11
GCCACTCCTTACGGTA-1_V13B23-285_A1,3
GCCAGGAGTAACCGAT-1_V13B23-285_A1,1
GCCAGGCTTAGTGGTA-1_V13B23-285_A1,10
GCCATATTGCACACAG-1_V13B23-285_A1,7
GCCATCGAGCTGCGTG-1_V13B23-285_A1,2
GCCATCGATGCTGCAT-1_V13B23-285_A1,18
GCCATTAGCCTCAAAC-1_V13B23-285_A1,1
GCCCACCAAGGCTGTC-1_V13B23-285_A1,1
GCCCAGATGCTGGAGA-1_V13B23-285_A1,1
GCCCAGTTGGTATGCC-1_V13B23-285_A1,1
GCCCGACTTCTTCCCG-1_V13B23-285_A1,4
GCCCGAGAGTCTAAAT-1_V13B23-285_A1,2
GCCCGATCTGTGGTCG-1_V13B23-285_A1,5
GCCCGCGCGTAAACGG-1_V13B23-285_A1,8
GCCCGCGCGTTTGACA-1_V13B23-285_A1,1
GCCCGTAATACCTTCT-1_V13B23-285_A1,2
GCCCTAGCCGTCGCGA-1_V13B23-285_A1,2
GCCGAAATTCCTACGT-1_V13B23-285_A1,2
GCCGACCCACGACTGC-1_V13B23-285_A1,3
GCCGATTGGCCAAGCT-1_V13B23-285_A1,4
GCCGCACTCCGTTTCA-1_V13B23-285_A1,3
GCCGCATTAGTCCGGC-1_V13B23-285_A1,5
GCCGCTTGTGAGAAAC-1_V13B23-285_A1,5
GCCGGAAACACATCTT-1_V13B23-285_A1,4
GCCGGGTTAGGGTCGC-1_V13B23-285_A1,5
GCCGGTTTGGGCGGAT-1_V13B23-285_A1,4
GCCGTGGAAGAAATGT-1_V13B23-285_A1,1
GCCTACGTTCTGTGCA-1_V13B23-285_A1,12
GCCTAGCGATCTGACC-1_V13B23-285_A1,11
GCCTATAGTGTCAGGG-1_V13B23-285_A1,6
GCCTATTCCGATATAG-1_V13B23-285_A1,2
GCCTATTTGCTACACA-1_V13B23-285_A1,1
GCCTCATCTGGAAATA-1_V13B23-285_A1,4
GCCTCCGACAATTCAC-1_V13B23-285_A1,1
GCCTCTATACATAGCA-1_V13B23-285_A1,3
GCCTTCAGCCCTACCG-1_V13B23-285_A1,11
GCCTTGTATATGCAGT-1_V13B23-285_A1,4
GCGAAACGATCGGGAG-1_V13B23-285_A1,3
GCGAAACTTAACTGGA-1_V13B23-285_A1,1
GCGAAGAATCTGACGG-1_V13B23-285_A1,3
GCGAAGCCATACCCGT-1_V13B23-285_A1,1
GCGACATGTAAACATC-1_V13B23-285_A1,6
GCGACCCAACCATCTG-1_V13B23-285_A1,2
GCGACGATAGTTGTAC-1_V13B23-285_A1,1
GCGAGAAACGGGAGTT-1_V13B23-285_A1,10
GCGAGAGGCCATGTAA-1_V13B23-285_A1,7
GCGAGAGTTGCGTCCA-1_V13B23-285_A1,2
GCGAGCGCATGCTCCC-1_V13B23-285_A1,2
GCGAGGCCCGAGCAGA-1_V13B23-285_A1,8
GCGAGTTCTGCAAAGA-1_V13B23-285_A1,4
GCGATGTCTGTGCTTG-1_V13B23-285_A1,1
GCGATTCTGGAAGCAG-1_V13B23-285_A1,16
GCGATTGTTAACGTTA-1_V13B23-285_A1,1
GCGCAAATATATTCAA-1_V13B23-285_A1,2
GCGCAAGAGCGCGCTG-1_V13B23-285_A1,1
GCGCATCCAGTCAGCA-1_V13B23-285_A1,3
GCGCCGTTCCACGATA-1_V13B23-285_A1,8
GCGCCTCCCACTCCGA-1_V13B23-285_A1,2
GCGCGATGGGTCAAGT-1_V13B23-285_A1,3
GCGCGGTCTAGTAACT-1_V13B23-285_A1,1
GCGCGTCATTGGTACA-1_V13B23-285_A1,3
GCGCTAATTGAATAGA-1_V13B23-285_A1,2
GCGCTATGCCGAGGCA-1_V13B23-285_A1,5
GCGCTCGATCACCTGT-1_V13B23-285_A1,4
GCGCTGATCCAGACTC-1_V13B23-285_A1,3
GCGCTGCTTTGCATTT-1_V13B23-285_A1,3
GCGCTTAAATAATTGG-1_V13B23-285_A1,3
GCGGACCGCGTTGTGG-1_V13B23-285_A1,2
GCGGAGAAACTTCGCA-1_V13B23-285_A1,2
GCGGAGAGGGAGAACG-1_V13B23-285_A1,2
GCGGATTACTTGTTCT-1_V13B23-285_A1,10
GCGGCAAAGTATTGCC-1_V13B23-285_A1,3
GCGGCTCTGACGTACC-1_V13B23-285_A1,8
GCGGCTTTAGCAAGTT-1_V13B23-285_A1,3
GCGGGAACCAGGCCCT-1_V13B23-285_A1,2
GCGGGCATTACGATGC-1_V13B23-285_A1,2
GCGGGCGAGCCTTACC-1_V13B23-285_A1,2
GCGGTAACCCAAATGA-1_V13B23-285_A1,1
GCGGTCCCTAGACGCA-1_V13B23-285_A1,3
GCGGTGAACTGCGCTC-1_V13B23-285_A1,4
GCGGTGCGGAGCATCG-1_V13B23-285_A1,18
GCGGTTCCCTATCATG-1_V13B23-285_A1,5
GCGTAAATGGCCATAA-1_V13B23-285_A1,2
GCGTCCAGCTCGTGGC-1_V13B23-285_A1,12
GCGTCCCTAAGACATA-1_V13B23-285_A1,1
GCGTCGAAATGTCGGT-1_V13B23-285_A1,2
GCGTCGCCAGGGTGAT-1_V13B23-285_A1,5
GCGTCTAACCTCCTAA-1_V13B23-285_A1,1
GCGTCTCTGCATTGGG-1_V13B23-285_A1,5
GCGTGGTACTGGGTTA-1_V13B23-285_A1,3
GCGTGTATGTCGTATT-1_V13B23-285_A1,19
GCGTTATATTTGGAAC-1_V13B23-285_A1,2
GCGTTCGGAGACCGGG-1_V13B23-285_A1,4
GCTAAACCTGAGGTGA-1_V13B23-285_A1,2
GCTAACTGAAGTCTGA-1_V13B23-285_A1,3
GCTAAGTAAAGGCGAT-1_V13B23-285_A1,2
GCTAAGTAGTTTCTCT-1_V13B23-285_A1,3
GCTAATACCGAATGCC-1_V13B23-285_A1,2
GCTACAATCGAGGATA-1_V13B23-285_A1,3
GCTACACTGTCCGAAC-1_V13B23-285_A1,10
GCTACAGTACGGACCG-1_V13B23-285_A1,5
GCTACGACTTATTGGG-1_V13B23-285_A1,5
GCTACTATAGTAGAGT-1_V13B23-285_A1,12
GCTAGACCGTCTACTG-1_V13B23-285_A1,11
GCTAGAGTAGAGATGT-1_V13B23-285_A1,3
GCTAGCACCTGGGCCA-1_V13B23-285_A1,1
GCTAGCTTGAATAGCT-1_V13B23-285_A1,5
GCTAGGCACCACGGAG-1_V13B23-285_A1,12
GCTAGTAGAGCTTGTA-1_V13B23-285_A1,5
GCTAGTTTCATTGAGG-1_V13B23-285_A1,3
GCTATACGTCTCGGAC-1_V13B23-285_A1,1
GCTATCATACTCATGG-1_V13B23-285_A1,3
GCTATCGCGGCGCAAC-1_V13B23-285_A1,12
GCTATGCCAGCTTATG-1_V13B23-285_A1,22
GCTCAACCTCTTAGAG-1_V13B23-285_A1,7
GCTCAATCCGTTTATT-1_V13B23-285_A1,1
GCTCAATGTAATACCG-1_V13B23-285_A1,2
GCTCATTACTGCATGT-1_V13B23-285_A1,7
GCTCCATGCAAAGCAA-1_V13B23-285_A1,3
GCTCCCAGTCGGTCCA-1_V13B23-285_A1,3
GCTCCGCTCGCTTCAG-1_V13B23-285_A1,1
GCTCCTGACATACTGG-1_V13B23-285_A1,1
GCTCGCGGTTCCGCTC-1_V13B23-285_A1,2
GCTCGCTCATGTCCAA-1_V13B23-285_A1,1
GCTCGGAATTTAAAGC-1_V13B23-285_A1,20
GCTCTAAACCCTGACG-1_V13B23-285_A1,5
GCTCTATGTTACGTGC-1_V13B23-285_A1,5
GCTCTCGGGTACCGAA-1_V13B23-285_A1,5
GCTCTTTCCGCTAGTG-1_V13B23-285_A1,3
GCTGAACTCTCCAGGG-1_V13B23-285_A1,1
GCTGAATCTTCCAATC-1_V13B23-285_A1,1
GCTGAGCAACGGTTCT-1_V13B23-285_A1,2
GCTGAGGCGTGAGTAT-1_V13B23-285_A1,2
GCTGCACGGTTTCTTA-1_V13B23-285_A1,5
GCTGCGCCTCCCACGT-1_V13B23-285_A1,2
GCTGCTAAGTAGTCGA-1_V13B23-285_A1,1
GCTGCTACTGCGTAGC-1_V13B23-285_A1,3
GCTGCTCTCCGGACAC-1_V13B23-285_A1,5
GCTGGCAGGTGCCGTG-1_V13B23-285_A1,5
GCTGGCATATTCACCT-1_V13B23-285_A1,5
GCTGGCGGCGCATGCT-1_V13B23-285_A1,15
GCTGGGTCCGCTGTTA-1_V13B23-285_A1,10
GCTGGTTTAGGCCATA-1_V13B23-285_A1,1
GCTGTATTACTGGCCC-1_V13B23-285_A1,4
GCTGTTGCTACCGAAC-1_V13B23-285_A1,3
GCTTAATGTAACTAAC-1_V13B23-285_A1,2
GCTTACGTAGTTAGTA-1_V13B23-285_A1,2
GCTTATGAAGCAGGAA-1_V13B23-285_A1,3
GCTTCCAGCTTAGATT-1_V13B23-285_A1,3
GCTTCCGTCCCTAGAC-1_V13B23-285_A1,2
GCTTGAGTGACCTCTG-1_V13B23-285_A1,3
GCTTGATGATAATCAG-1_V13B23-285_A1,2
GCTTGGATCGATTAGG-1_V13B23-285_A1,1
GCTTTACACAACTGGG-1_V13B23-285_A1,1
GCTTTCAGAGGAGGTG-1_V13B23-285_A1,3
GGAAACCTTGTTGAAT-1_V13B23-285_A1,25
GGAAACTAAATGGGCC-1_V13B23-285_A1,3
GGAAAGTGCCCATGCC-1_V13B23-285_A1,3
GGAACCCGAACAAGAA-1_V13B23-285_A1,2
GGAACCGTGTAAATTG-1_V13B23-285_A1,5
GGAACCTTGACTCTGC-1_V13B23-285_A1,2
GGAACGGCCTGCAGCC-1_V13B23-285_A1,2
GGAACTTTGGCGATTA-1_V13B23-285_A1,3
GGAAGCTCGCTTACAG-1_V13B23-285_A1,7
GGAATAACCTCAAGAA-1_V13B23-285_A1,8
GGAATGCGCTAGCGTG-1_V13B23-285_A1,2
GGACAACCATGAAGCC-1_V13B23-285_A1,12
GGACAAGTTGCAGTGA-1_V13B23-285_A1,2
GGACACAAGTTTACAC-1_V13B23-285_A1,1
GGACCAACAGGATAAC-1_V13B23-285_A1,7
GGACCTCTAGGCCGCC-1_V13B23-285_A1,1
GGACGGGCGACCAACC-1_V13B23-285_A1,1
GGACTAAGTCAGGAGT-1_V13B23-285_A1,5
GGACTCACAAATTAGG-1_V13B23-285_A1,4
GGACTCGTGAGTGGTC-1_V13B23-285_A1,3
GGACTCTTTGACTAAG-1_V13B23-285_A1,1
GGAGAAGTCATTGGCA-1_V13B23-285_A1,1
GGAGACCAATGTGCTT-1_V13B23-285_A1,1
GGAGACCATCTACATA-1_V13B23-285_A1,2
GGAGACGACACCTTTG-1_V13B23-285_A1,4
GGAGCAACATTTCAAG-1_V13B23-285_A1,1
GGAGCACCAAGAACTA-1_V13B23-285_A1,1
GGAGCGAGGCCTACTT-1_V13B23-285_A1,1
GGAGGATTGAAAGGAG-1_V13B23-285_A1,24
GGAGGCCGAAGTCGTC-1_V13B23-285_A1,1
GGAGGGCTTGGTTGGC-1_V13B23-285_A1,2
GGAGGGTCAAGTAAGA-1_V13B23-285_A1,3
GGAGTACACATGAGCT-1_V13B23-285_A1,4
GGAGTGCCGCCCTGGA-1_V13B23-285_A1,5
GGAGTTGATTCTGTGT-1_V13B23-285_A1,11
GGATACTCATGAATTG-1_V13B23-285_A1,4
GGATCAAAGGACGAGG-1_V13B23-285_A1,4
GGATCAGAGCCATCAG-1_V13B23-285_A1,22
GGATCATCCCGTACGC-1_V13B23-285_A1,14
GGATCCCTACCAGCTA-1_V13B23-285_A1,3
GGATCCGGAATATACT-1_V13B23-285_A1,2
GGATCTTACTGCCCTT-1_V13B23-285_A1,4
GGATCTTGACTCAACC-1_V13B23-285_A1,18
GGATGAAGATCGCTGA-1_V13B23-285_A1,3
GGATGACGCGAGTTTA-1_V13B23-285_A1,5
GGATGCTGGCGTTCCT-1_V13B23-285_A1,5
GGATGGCTTGAAGTAT-1_V13B23-285_A1,3
GGATGTCCTTACCGCA-1_V13B23-285_A1,11
GGATTAATCATGGACC-1_V13B23-285_A1,4
GGATTCAGTACGGTGG-1_V13B23-285_A1,11
GGATTCCGCTATACCC-1_V13B23-285_A1,6
GGATTGCTGTGACTCC-1_V13B23-285_A1,12
GGATTTCACTTCTATA-1_V13B23-285_A1,1
GGCAAAGGCGCCAATA-1_V13B23-285_A1,1
GGCAAATTACTTTACT-1_V13B23-285_A1,5
GGCAAGCCCATAGTGG-1_V13B23-285_A1,11
GGCAAGGCGAAATAGC-1_V13B23-285_A1,5
GGCAATAGTCAATGAG-1_V13B23-285_A1,5
GGCACTCCACTGGGCA-1_V13B23-285_A1,5
GGCACTGCGGTGGTTT-1_V13B23-285_A1,3
GGCAGAGAGATCGGGA-1_V13B23-285_A1,5
GGCAGCAAACCTATGC-1_V13B23-285_A1,4
GGCATACAGGTAGCGG-1_V13B23-285_A1,2
GGCATATCGGTTCTGC-1_V13B23-285_A1,11
GGCATCAACGAGCACG-1_V13B23-285_A1,16
GGCCACAAGCGATGGC-1_V13B23-285_A1,8
GGCCACACGAAAGCCT-1_V13B23-285_A1,2
GGCCCAGCTGGTTTGC-1_V13B23-285_A1,3
GGCCCGGAGCATGTCT-1_V13B23-285_A1,2
GGCCCGTATACCATGC-1_V13B23-285_A1,2
GGCCCTCACCCACTTA-1_V13B23-285_A1,5
GGCCGAGACTCTGGTG-1_V13B23-285_A1,3
GGCCGCAGGAACCGCA-1_V13B23-285_A1,3
GGCCGGCGTCTGCTAT-1_V13B23-285_A1,3
GGCCGTTTGGGTTTCA-1_V13B23-285_A1,2
GGCCTGCTTCTCCCGA-1_V13B23-285_A1,3
GGCCTTTGCAACTGGC-1_V13B23-285_A1,2
GGCGAAATCTAACTTG-1_V13B23-285_A1,2
GGCGAGCATCGAGGAC-1_V13B23-285_A1,14
GGCGAGCGAAACGGCA-1_V13B23-285_A1,2
GGCGCAGGACATCTTC-1_V13B23-285_A1,5
GGCGCATGAATTGATG-1_V13B23-285_A1,5
GGCGCGGAGATCTTTC-1_V13B23-285_A1,3
GGCGCGTTCGAGTTTA-1_V13B23-285_A1,8
GGCGCTCCTCATCAAT-1_V13B23-285_A1,3
GGCGCTTCATTCCCTG-1_V13B23-285_A1,3
GGCGGAGTAATATTAG-1_V13B23-285_A1,1
GGCGGTAGGATCATTG-1_V13B23-285_A1,4
GGCGGTTTGCCGGTGC-1_V13B23-285_A1,11
GGCGTACCCTATATAA-1_V13B23-285_A1,7
GGCGTAGGGAAAGCTG-1_V13B23-285_A1,3
GGCGTCCTATCCGCTG-1_V13B23-285_A1,5
GGCTAAAGGGCGGGTC-1_V13B23-285_A1,7
GGCTACTATACACTCC-1_V13B23-285_A1,1
GGCTATTAAGTTGTAT-1_V13B23-285_A1,5
GGCTCCTCCACCTGTT-1_V13B23-285_A1,2
GGCTCGCGTTGAGGTA-1_V13B23-285_A1,10
GGCTCGTGCCACCAGC-1_V13B23-285_A1,1
GGCTCTGCTCCAACGC-1_V13B23-285_A1,2
GGCTGAAATAGCAAAG-1_V13B23-285_A1,3
GGCTGGCTAGCTTAAA-1_V13B23-285_A1,15
GGCTTGGCTCTCACCT-1_V13B23-285_A1,2
GGCTTTCAATAAGGGT-1_V13B23-285_A1,2
GGGAAAGAATGCCAAC-1_V13B23-285_A1,12
GGGAACCACCTGTTTC-1_V13B23-285_A1,8
GGGAACGGGAGGTTAG-1_V13B23-285_A1,1
GGGAACGGTTTCAGAT-1_V13B23-285_A1,12
GGGAAGACGGTCTGTC-1_V13B23-285_A1,12
GGGAAGGGCTTTCTCA-1_V13B23-285_A1,3
GGGAATGAGCCCTCAC-1_V13B23-285_A1,21
GGGAATTCTGTCCAGT-1_V13B23-285_A1,2
GGGACAGAGTTACTCC-1_V13B23-285_A1,1
GGGACCCGTATATCTT-1_V13B23-285_A1,4
GGGACTGCATAGATAG-1_V13B23-285_A1,4
GGGAGAACTCACAGTA-1_V13B23-285_A1,1
GGGAGCGACCGTAGTG-1_V13B23-285_A1,12
GGGAGGATGCCCGAAA-1_V13B23-285_A1,5
GGGAGTAATGGCTGGC-1_V13B23-285_A1,8
GGGAGTTAATGAGGCG-1_V13B23-285_A1,2
GGGATACGGTAATAAT-1_V13B23-285_A1,2
GGGATGGTCGTAACCG-1_V13B23-285_A1,8
GGGATTTACCGCACCT-1_V13B23-285_A1,3
GGGCAACCGCACGTGC-1_V13B23-285_A1,2
GGGCAGACGTCACTGC-1_V13B23-285_A1,5
GGGCAGAGCAATCGTT-1_V13B23-285_A1,2
GGGCAGTCAACGCCAA-1_V13B23-285_A1,3
GGGCCCGTCTTAAACA-1_V13B23-285_A1,4
GGGCCCTACGAAAGGG-1_V13B23-285_A1,5
GGGCCCTTATCTATAC-1_V13B23-285_A1,1
GGGCCGGCCGAAGTAC-1_V13B23-285_A1,1
GGGCCTAAATGGGCTA-1_V13B23-285_A1,4
GGGCGAATTTCTCCAC-1_V13B23-285_A1,5
GGGCGATATGTGTGAA-1_V13B23-285_A1,5
GGGCGCAGCGTTACTC-1_V13B23-285_A1,1
GGGCGGCAAATGAATT-1_V13B23-285_A1,5
GGGCGGGTTCCCTACG-1_V13B23-285_A1,5
GGGCGGTCCTATTGTC-1_V13B23-285_A1,3
GGGCGTACATTTATAT-1_V13B23-285_A1,1
GGGCGTCACCACGTAA-1_V13B23-285_A1,5
GGGCGTCCACTGGCTC-1_V13B23-285_A1,3
GGGCGTGGTTTCCCAG-1_V13B23-285_A1,12
GGGCTACTATTTCGTG-1_V13B23-285_A1,2
GGGCTATGATCGATGG-1_V13B23-285_A1,2
GGGCTCATCGAACCCA-1_V13B23-285_A1,6
GGGCTGCCTAGGGCGA-1_V13B23-285_A1,5
GGGCTGGTTAGTCGCG-1_V13B23-285_A1,5
GGGTAATGCTGTGTTT-1_V13B23-285_A1,8
GGGTACACTCTGGAGG-1_V13B23-285_A1,10
GGGTACCCACGGTCCT-1_V13B23-285_A1,4
GGGTACTTCATGAACT-1_V13B23-285_A1,1
GGGTATGTATGCACTT-1_V13B23-285_A1,2
GGGTATTCTAGCAAAC-1_V13B23-285_A1,2
GGGTCACCGTGACGGT-1_V13B23-285_A1,2
GGGTCAGGAGCTAGAT-1_V13B23-285_A1,1
GGGTCATGCGTACCAT-1_V13B23-285_A1,2
GGGTCGTGGCAAGTGT-1_V13B23-285_A1,2
GGGTCTATCGCTTTCC-1_V13B23-285_A1,1
GGGTGACACCTTAACT-1_V13B23-285_A1,1
GGGTGCATATGAAAGC-1_V13B23-285_A1,3
GGGTGGTCCAGCCTGT-1_V13B23-285_A1,14
GGGTGTTTCAGCTATG-1_V13B23-285_A1,12
GGGTTAACATTTGAGT-1_V13B23-285_A1,4
GGGTTCAGACGAACAA-1_V13B23-285_A1,15
GGGTTTAGGATAGGAT-1_V13B23-285_A1,3
GGTAAACTCTGCGCTG-1_V13B23-285_A1,3
GGTAACCGGGAGGATA-1_V13B23-285_A1,2
GGTAACTATGTATCTG-1_V13B23-285_A1,3
GGTACAAACATGCTAT-1_V13B23-285_A1,1
GGTACACCAGATTTAT-1_V13B23-285_A1,1
GGTACATCTGGGACGA-1_V13B23-285_A1,5
GGTACCATTAAGACGG-1_V13B23-285_A1,11
GGTACGTTGCGGCCGG-1_V13B23-285_A1,11
GGTACTAAGTGCTTTG-1_V13B23-285_A1,1
GGTAGAAGACCGCCTG-1_V13B23-285_A1,1
GGTAGACCGTTGGGCG-1_V13B23-285_A1,18
GGTAGTGCTCGCACCA-1_V13B23-285_A1,8
GGTATAGTGACACATA-1_V13B23-285_A1,2
GGTATTGCCGAGTTTA-1_V13B23-285_A1,5
GGTCAAGACTACTTCG-1_V13B23-285_A1,3
GGTCACGTTAGATTCA-1_V13B23-285_A1,3
GGTCAGTGGGTCCCAC-1_V13B23-285_A1,6
GGTCCTTCATACGACT-1_V13B23-285_A1,1
GGTCGGATAAACGGCG-1_V13B23-285_A1,1
GGTCGGCCAGGAGCTT-1_V13B23-285_A1,2
GGTCGGTAATTAGACA-1_V13B23-285_A1,3
GGTCGGTCGTCCACAG-1_V13B23-285_A1,6
GGTCGTAAGCTCGCAC-1_V13B23-285_A1,8
GGTCTCCGTCCAGGTT-1_V13B23-285_A1,3
GGTCTCTGAATGGACT-1_V13B23-285_A1,4
GGTCTGAGAATCTGGA-1_V13B23-285_A1,2
GGTCTTGAGCGCTCTT-1_V13B23-285_A1,1
GGTGAAACCGGGAATG-1_V13B23-285_A1,4
GGTGAACGGGCTAGCC-1_V13B23-285_A1,3
GGTGAAGTACAGGGAT-1_V13B23-285_A1,5
GGTGAGATGCAGATAA-1_V13B23-285_A1,12
GGTGATAAGGAGCAGT-1_V13B23-285_A1,2
GGTGATGAAGGAAGTG-1_V13B23-285_A1,2
GGTGATTTCATCTTGT-1_V13B23-285_A1,3
GGTGCATAAATGATTA-1_V13B23-285_A1,4
GGTGCGGATAAGTGGC-1_V13B23-285_A1,1
GGTGCTGATCACAAAG-1_V13B23-285_A1,2
GGTGCTGGTACACATT-1_V13B23-285_A1,5
GGTGGACTGCTCTGGC-1_V13B23-285_A1,3
GGTGGAGGTTGATACG-1_V13B23-285_A1,1
GGTGTAAATCGATTGT-1_V13B23-285_A1,11
GGTGTTGGGCGTCTTA-1_V13B23-285_A1,3
GGTTACCACCCTCGGG-1_V13B23-285_A1,2
GGTTACCCGACACTTT-1_V13B23-285_A1,3
GGTTAGCTATATGTCT-1_V13B23-285_A1,1
GGTTAGGCTTGGAGAA-1_V13B23-285_A1,2
GGTTAGTTACGGCGCC-1_V13B23-285_A1,2
GGTTCGGATTATACTA-1_V13B23-285_A1,5
GGTTCTACTCGTCTGA-1_V13B23-285_A1,3
GGTTGTATCGTGAAAT-1_V13B23-285_A1,16
GGTTGTGCTCTTGTCC-1_V13B23-285_A1,2
GGTTGTGTAGCCTGGC-1_V13B23-285_A1,2
GGTTTAATTACCATCG-1_V13B23-285_A1,1
GGTTTAATTGAGCAGG-1_V13B23-285_A1,1
GGTTTACAATCTCAAT-1_V13B23-285_A1,2
GGTTTAGCCTTTCTTG-1_V13B23-285_A1,11
GGTTTCAATCGGTCAG-1_V13B23-285_A1,1
GGTTTGAGTGCTGGAA-1_V13B23-285_A1,1
GGTTTGTGACCTGAGG-1_V13B23-285_A1,12
GTAACATCTAAGATAA-1_V13B23-285_A1,1
GTAACTGCCCAAGGAG-1_V13B23-285_A1,2
GTAACTTGCGGCAGTC-1_V13B23-285_A1,1
GTAAGCGGGCAGTCAG-1_V13B23-285_A1,16
GTAAGTAACAGTCTGG-1_V13B23-285_A1,1
GTAAGTAGGGTATACC-1_V13B23-285_A1,2
GTAAGTCCACACTCTA-1_V13B23-285_A1,8
GTAATAAAGGGCTCCC-1_V13B23-285_A1,3
GTAATCTGATTCTTCG-1_V13B23-285_A1,2
GTACACTTACCTGAAG-1_V13B23-285_A1,15
GTACAGAGGCAAGGGT-1_V13B23-285_A1,4
GTACGACGGCGCTGCG-1_V13B23-285_A1,3
GTACGAGATTGCGACA-1_V13B23-285_A1,5
GTACGCTTCATTGCAC-1_V13B23-285_A1,1
GTACGTTTGCCCGTCA-1_V13B23-285_A1,5
GTACTAAGATTTGGAG-1_V13B23-285_A1,5
GTACTCCCTTATCGCT-1_V13B23-285_A1,5
GTACTCCTGGGTATGC-1_V13B23-285_A1,3
GTACTGAGGTCGTAAC-1_V13B23-285_A1,12
GTACTGCATGAAGCGT-1_V13B23-285_A1,1
GTACTGGAGTTAGACC-1_V13B23-285_A1,2
GTACTTGGGCACTTCT-1_V13B23-285_A1,11
GTAGAAACGGGTGGAG-1_V13B23-285_A1,2
GTAGACAACCGATGAA-1_V13B23-285_A1,1
GTAGACACGCCTGACT-1_V13B23-285_A1,2
GTAGACGTCGTTACAT-1_V13B23-285_A1,3
GTAGAGGGAGACAAGT-1_V13B23-285_A1,2
GTAGCCAAACATGGGA-1_V13B23-285_A1,6
GTAGCGCTGTTGTAGT-1_V13B23-285_A1,1
GTAGCGGCTATACACT-1_V13B23-285_A1,4
GTAGCTCCGGGAGGCT-1_V13B23-285_A1,4
GTAGCTTCCTCTTGTT-1_V13B23-285_A1,3
GTAGGTGATCCGTGTA-1_V13B23-285_A1,1
GTAGTCGCGGGAATCA-1_V13B23-285_A1,5
GTAGTCTACGATATTG-1_V13B23-285_A1,12
GTAGTGAGCAACCTCA-1_V13B23-285_A1,3
GTAGTTCGAAGGCGAA-1_V13B23-285_A1,2
GTATAATCTCCCGGAT-1_V13B23-285_A1,10
GTATAGGACTCAGTAG-1_V13B23-285_A1,5
GTATATGTTACGGCGG-1_V13B23-285_A1,11
GTATCAAACGTTAGCT-1_V13B23-285_A1,3
GTATCAGCTTGGGTTC-1_V13B23-285_A1,3
GTATCCTTTGGTAACC-1_V13B23-285_A1,11
GTATCGGGACGAGCTG-1_V13B23-285_A1,3
GTATCTCAGTCTTGAC-1_V13B23-285_A1,2
GTATCTTTCATAACCA-1_V13B23-285_A1,4
GTATGAAATTTCACTC-1_V13B23-285_A1,16
GTATGACGTGGGAAAC-1_V13B23-285_A1,8
GTATGTGGGTCTAGTT-1_V13B23-285_A1,1
GTATTAAGGCGTCTAA-1_V13B23-285_A1,6
GTATTCTGAGAAACGA-1_V13B23-285_A1,5
GTATTCTTACCGTGCT-1_V13B23-285_A1,3
GTATTTAATGGCATAA-1_V13B23-285_A1,3
GTCAAAGAAGTGGTGT-1_V13B23-285_A1,1
GTCAAAGTTTACATAG-1_V13B23-285_A1,3
GTCAACCAGGCCTATA-1_V13B23-285_A1,11
GTCAAGCGGACTCGGG-1_V13B23-285_A1,8
GTCAATGCTATAATTT-1_V13B23-285_A1,2
GTCAATTGTACTGAAG-1_V13B23-285_A1,4
GTCACAAAGTTTCCAA-1_V13B23-285_A1,1
GTCACTCTCCAAATCT-1_V13B23-285_A1,2
GTCAGAATAGTCTATG-1_V13B23-285_A1,2
GTCAGACAGCGTTGGA-1_V13B23-285_A1,19
GTCAGTTGTGCTCGTT-1_V13B23-285_A1,9
GTCAGTTTGGTAGTCG-1_V13B23-285_A1,2
GTCATCTCCTACAGCT-1_V13B23-285_A1,3
GTCATGCACCTCCGTT-1_V13B23-285_A1,2
GTCATGCGCGAGGGCT-1_V13B23-285_A1,3
GTCATGGACATGACTA-1_V13B23-285_A1,8
GTCATTAGAGCGAACG-1_V13B23-285_A1,5
GTCATTGCATTGACCC-1_V13B23-285_A1,16
GTCCAATATTTAGCCT-1_V13B23-285_A1,1
GTCCACGTCGCATTCG-1_V13B23-285_A1,11
GTCCATTACTGCTACG-1_V13B23-285_A1,1
GTCCCAACGTAAAGTA-1_V13B23-285_A1,2
GTCCCAATCATCCCGC-1_V13B23-285_A1,5
GTCCCGCGACGTTATG-1_V13B23-285_A1,1
GTCCGAGAGCAATCAT-1_V13B23-285_A1,4
GTCCGGACCTGAAATT-1_V13B23-285_A1,11
GTCCGGCTGAATTGCG-1_V13B23-285_A1,5
GTCCGGGTTCACATTA-1_V13B23-285_A1,11
GTCCTACAGGCGGCTC-1_V13B23-285_A1,4
GTCCTACGAATAGTCT-1_V13B23-285_A1,11
GTCCTACTCTACGGGC-1_V13B23-285_A1,1
GTCCTATTGTTGTGGT-1_V13B23-285_A1,5
GTCCTTCTACAACCCA-1_V13B23-285_A1,2
GTCCTTCTAGTGGGTT-1_V13B23-285_A1,9
GTCGATAGGTGACTTT-1_V13B23-285_A1,12
GTCGCCGTTGTGTGTT-1_V13B23-285_A1,11
GTCGCGTAACCCGTTG-1_V13B23-285_A1,2
GTCGGATATCTCAGAC-1_V13B23-285_A1,5
GTCGGATGTAGCGCGC-1_V13B23-285_A1,3
GTCGGGAACATGGTAG-1_V13B23-285_A1,2
GTCGGGAAGCAGAAAC-1_V13B23-285_A1,2
GTCGTACCATCTCGGG-1_V13B23-285_A1,5
GTCGTACCTACGATTG-1_V13B23-285_A1,5
GTCGTATTGGCGTACA-1_V13B23-285_A1,11
GTCGTCAATTATAAGG-1_V13B23-285_A1,1
GTCGTCTGGTTGGCTA-1_V13B23-285_A1,11
GTCGTGTCTGGTCATC-1_V13B23-285_A1,3
GTCGTTATTCGCTTAT-1_V13B23-285_A1,5
GTCTACTCAATTACAA-1_V13B23-285_A1,16
GTCTAGTGAGCCGCTT-1_V13B23-285_A1,12
GTCTATCTGAGTTTCT-1_V13B23-285_A1,5
GTCTATTGCATGCTCG-1_V13B23-285_A1,11
GTCTATTGGTTCCGGT-1_V13B23-285_A1,3
GTCTCAAGGCCCGGCT-1_V13B23-285_A1,2
GTCTCCCGAGTCCCGT-1_V13B23-285_A1,3
GTCTCCTGCCAGTATG-1_V13B23-285_A1,5
GTCTCGACTAAGTTTG-1_V13B23-285_A1,4
GTCTCGATCTGCTTTC-1_V13B23-285_A1,13
GTCTGGGCGGTCGAGA-1_V13B23-285_A1,5
GTCTTAGTACAGCCGG-1_V13B23-285_A1,4
GTCTTCCTCACCTAAG-1_V13B23-285_A1,2
GTCTTGAGGAGCAGTG-1_V13B23-285_A1,1
GTCTTGTAGCTATTCA-1_V13B23-285_A1,12
GTGAAACGGCGCCACC-1_V13B23-285_A1,6
GTGAAACGTGCTCCAC-1_V13B23-285_A1,8
GTGAACTCCCATTCGA-1_V13B23-285_A1,3
GTGAAGATTTCAAGTG-1_V13B23-285_A1,3
GTGAAGCCGTATAGTC-1_V13B23-285_A1,10
GTGAAGTCACGACTCG-1_V13B23-285_A1,2
GTGACAGCTTCCCACT-1_V13B23-285_A1,3
GTGACCGCACACTACG-1_V13B23-285_A1,1
GTGACCTAAAGAATAA-1_V13B23-285_A1,3
GTGACGAGGGTGACCC-1_V13B23-285_A1,1
GTGACGCAGGTTTCAT-1_V13B23-285_A1,12
GTGACTTCAGTAGTGC-1_V13B23-285_A1,5
GTGAGCGTGCTGCACT-1_V13B23-285_A1,2
GTGAGGACACTTAAGG-1_V13B23-285_A1,2
GTGAGGAGCGGTTGAG-1_V13B23-285_A1,7
GTGAGTCTAAGACGGA-1_V13B23-285_A1,2
GTGAGTGGTACAACGC-1_V13B23-285_A1,6
GTGATCAAGCGTGCAC-1_V13B23-285_A1,4
GTGATCACTAACGCCT-1_V13B23-285_A1,3
GTGATCATAGATCTGC-1_V13B23-285_A1,5
GTGATCCTTGTCATGA-1_V13B23-285_A1,12
GTGATTCGCCGCTCAA-1_V13B23-285_A1,2
GTGCAACAAATGTGGC-1_V13B23-285_A1,1
GTGCACCAGCTTCAAC-1_V13B23-285_A1,2
GTGCACGAAAGTGACT-1_V13B23-285_A1,1
GTGCCATCACACGGTG-1_V13B23-285_A1,1
GTGCCCGTTCGGATTC-1_V13B23-285_A1,3
GTGCCGCTTCAAAGGT-1_V13B23-285_A1,22
GTGCCTAGCTATGCTT-1_V13B23-285_A1,3
GTGCCTGAGACCAAAC-1_V13B23-285_A1,1
GTGCGAAATCGAACAC-1_V13B23-285_A1,5
GTGCGACAGGGAGTGT-1_V13B23-285_A1,4
GTGCGCAGCTTGCTCC-1_V13B23-285_A1,3
GTGCGCTTACAAATGA-1_V13B23-285_A1,10
GTGCGGGACCATCGGC-1_V13B23-285_A1,15
GTGCGGGTCTCCAAAT-1_V13B23-285_A1,5
GTGCGTGTATATGAGC-1_V13B23-285_A1,12
GTGCTCAAGTACTGTC-1_V13B23-285_A1,8
GTGCTGCAGATAAGGA-1_V13B23-285_A1,5
GTGCTTACATCAGCGC-1_V13B23-285_A1,11
GTGGAACCTACATGCG-1_V13B23-285_A1,3
GTGGACCAACCCGATT-1_V13B23-285_A1,1
GTGGACGCATTTGTCC-1_V13B23-285_A1,1
GTGGACGTGCTGAGAC-1_V13B23-285_A1,3
GTGGAGCGTTTACCGA-1_V13B23-285_A1,6
GTGGAGTCGGCGGTTG-1_V13B23-285_A1,2
GTGGCAAACAGCGGCA-1_V13B23-285_A1,5
GTGGCCTAATATCATT-1_V13B23-285_A1,5
GTGGCGGTCCCAGCGT-1_V13B23-285_A1,5
GTGGCTGTTTCTGTTC-1_V13B23-285_A1,12
GTGGGAAGACTGAATC-1_V13B23-285_A1,4
GTGGGCTTAGACACAC-1_V13B23-285_A1,2
GTGGGTACTGAGCGTA-1_V13B23-285_A1,2
GTGGGTCTTCTTTGCG-1_V13B23-285_A1,27
GTGGTATAGTCTGCCG-1_V13B23-285_A1,2
GTGGTGGCCAAGTGAA-1_V13B23-285_A1,6
GTGGTTACTTCTTTCG-1_V13B23-285_A1,3
GTGGTTTCCGCCTTTC-1_V13B23-285_A1,2
GTGTACCTTGGCTACG-1_V13B23-285_A1,5
GTGTACGAACCGTTCC-1_V13B23-285_A1,16
GTGTATATCAGCGGGC-1_V13B23-285_A1,2
GTGTATGACTTTAAAG-1_V13B23-285_A1,16
GTGTCGTATAGCGTTC-1_V13B23-285_A1,1
GTGTGAATAACTTAGG-1_V13B23-285_A1,3
GTGTGAGCCGAGGTGC-1_V13B23-285_A1,4
GTGTGTCGACGTCGCT-1_V13B23-285_A1,1
GTGTTACTATGCGTCC-1_V13B23-285_A1,2
GTTAAAGTAGGACTGG-1_V13B23-285_A1,3
GTTAACATCACTTAAA-1_V13B23-285_A1,3
GTTAACTATGTTGTCA-1_V13B23-285_A1,2
GTTAAGGGTGCGATGT-1_V13B23-285_A1,3
GTTAAGTTAGAGTGGG-1_V13B23-285_A1,6
GTTAATGTCTATCTTA-1_V13B23-285_A1,4
GTTACAATTGGTGACG-1_V13B23-285_A1,5
GTTACCTACAACTTGC-1_V13B23-285_A1,5
GTTACGAAATCCACGC-1_V13B23-285_A1,3
GTTACGGCCCGACTGC-1_V13B23-285_A1,4
GTTACTTTGGGCCTAG-1_V13B23-285_A1,1
GTTAGAGTGTGCCGCT-1_V13B23-285_A1,21
GTTAGCCCATGACATC-1_V13B23-285_A1,3
GTTAGCCGTAAATCAA-1_V13B23-285_A1,11
GTTAGGCTACCCGTTT-1_V13B23-285_A1,2
GTTATAATACGGTGAA-1_V13B23-285_A1,1
GTTATATCAGGAGCCA-1_V13B23-285_A1,1
GTTATATTATCTCCCT-1_V13B23-285_A1,4
GTTATCAAGCTATCGA-1_V13B23-285_A1,3
GTTATCACCTTCTGAA-1_V13B23-285_A1,7
GTTATTAACGTGGGAG-1_V13B23-285_A1,1
GTTCAAATCAGATGTC-1_V13B23-285_A1,2
GTTCACAGGAGTCTAG-1_V13B23-285_A1,20
GTTCAGTCGCCAAATG-1_V13B23-285_A1,2
GTTCATCGTTTGGCTG-1_V13B23-285_A1,1
GTTCCAAGACAGCGAC-1_V13B23-285_A1,3
GTTCCAGTCTGACCAT-1_V13B23-285_A1,3
GTTCCCGTAAACATAT-1_V13B23-285_A1,11
GTTCGCCATAAGTGCC-1_V13B23-285_A1,5
GTTCGCTGAGACGTCT-1_V13B23-285_A1,3
GTTCGGAGCACTCAAC-1_V13B23-285_A1,3
GTTCGGATCGGGAACA-1_V13B23-285_A1,1
GTTCGGGCGTACCATT-1_V13B23-285_A1,3
GTTCGTCTAAAGAACT-1_V13B23-285_A1,3
GTTCGTCTGGGTCCCT-1_V13B23-285_A1,7
GTTCGTTGCGGACCAG-1_V13B23-285_A1,4
GTTCTTCCCTCGATGT-1_V13B23-285_A1,12
GTTGAACCGGTTCCAT-1_V13B23-285_A1,20
GTTGAGTCCCGCCGGT-1_V13B23-285_A1,3
GTTGCACGGAGTTTCG-1_V13B23-285_A1,5
GTTGCGCTAACATTAC-1_V13B23-285_A1,1
GTTGCGGACGGTCAGG-1_V13B23-285_A1,11
GTTGGACCGCATCAGG-1_V13B23-285_A1,14
GTTGGATTCAGTGGCT-1_V13B23-285_A1,1
GTTGGATTGAGAACAC-1_V13B23-285_A1,1
GTTGGATTTGCGTTGG-1_V13B23-285_A1,5
GTTGGTCATGCTATCC-1_V13B23-285_A1,6
GTTGTAGATTTATGAG-1_V13B23-285_A1,4
GTTGTCGTGTTAGTTG-1_V13B23-285_A1,3
GTTTACGTTCCATCTG-1_V13B23-285_A1,5
GTTTATGGGATTTAGA-1_V13B23-285_A1,1
GTTTCAAACGAGTTGT-1_V13B23-285_A1,3
GTTTCATATCGTCGCT-1_V13B23-285_A1,5
GTTTCCTGGAGGGTGA-1_V13B23-285_A1,5
GTTTCTAGAGGCGCGG-1_V13B23-285_A1,3
GTTTCTGCAGTCTCCC-1_V13B23-285_A1,4
GTTTGACCAAATCCTA-1_V13B23-285_A1,2
GTTTGAGCGGTTATGT-1_V13B23-285_A1,3
GTTTGGCCCAAGTTAT-1_V13B23-285_A1,5
GTTTGGCCGCTCAGCG-1_V13B23-285_A1,8
GTTTGGGCTTGTGAGC-1_V13B23-285_A1,2
GTTTGGGTTTCGCCCG-1_V13B23-285_A1,12
GTTTGGTAGGGTCAAC-1_V13B23-285_A1,5
GTTTGGTGATCGGTGC-1_V13B23-285_A1,4
GTTTGTTAGCCAAGTA-1_V13B23-285_A1,1
TAAACCCAGGAGGGCA-1_V13B23-285_A1,5
TAAACGTCGTCAATGA-1_V13B23-285_A1,1
TAAAGACAACCCTTTA-1_V13B23-285_A1,2
TAAAGAGCCCGAAACC-1_V13B23-285_A1,8
TAAAGCGGTATTTCCA-1_V13B23-285_A1,2
TAAAGCGTTAGGAGAA-1_V13B23-285_A1,2
TAAAGCTGCAATAGGG-1_V13B23-285_A1,16
TAAATCTTTACACCTC-1_V13B23-285_A1,4
TAAATGAATCCGTTTC-1_V13B23-285_A1,1
TAACAAAGGGAGAAGC-1_V13B23-285_A1,1
TAACAATATTTGTTGC-1_V13B23-285_A1,1
TAACAGCGTTTGTGCT-1_V13B23-285_A1,2
TAACATACAATGTGGG-1_V13B23-285_A1,5
TAACATACACGCGATC-1_V13B23-285_A1,3
TAACCGCCCGCAGTGC-1_V13B23-285_A1,8
TAACCTACCGTCCGAG-1_V13B23-285_A1,1
TAACCTAGGGAGTCCA-1_V13B23-285_A1,3
TAACGCTTTGAGAGCG-1_V13B23-285_A1,16
TAACTATCGAAGGTCC-1_V13B23-285_A1,5
TAACTATTACGCCAAA-1_V13B23-285_A1,2
TAACTCATCCGCGCGG-1_V13B23-285_A1,6
TAACTCCATGGAGGCT-1_V13B23-285_A1,4
TAAGAGGGACAGGGAC-1_V13B23-285_A1,1
TAAGATTTAGCGGGAG-1_V13B23-285_A1,3
TAAGCAGGCGACACGC-1_V13B23-285_A1,2
TAAGCGCGAATCAAAT-1_V13B23-285_A1,4
TAAGGAACTTGTGGGA-1_V13B23-285_A1,4
TAAGGCAACATAAGAT-1_V13B23-285_A1,5
TAAGGCATAACATCAA-1_V13B23-285_A1,2
TAAGGCCCGTCACCCT-1_V13B23-285_A1,3
TAAGGCTGAATCCCTC-1_V13B23-285_A1,8
TAAGGGCCTGTCCGAT-1_V13B23-285_A1,3
TAAGGGCTGGGAGAGG-1_V13B23-285_A1,5
TAAGTAACATCTTGAC-1_V13B23-285_A1,4
TAAGTCGCCGAGTATC-1_V13B23-285_A1,12
TAAGTTGCGACGTAGG-1_V13B23-285_A1,1
TAATAAACAAGGAGAT-1_V13B23-285_A1,1
TAATACACAGTAGTAT-1_V13B23-285_A1,22
TAATACTAGAACAGAC-1_V13B23-285_A1,1
TAATAGAACAGAGTTA-1_V13B23-285_A1,2
TAATAGCTAAATGATG-1_V13B23-285_A1,1
TAATAGGTCACCAGAA-1_V13B23-285_A1,2
TAATAGTGACGACCAG-1_V13B23-285_A1,2
TAATATTGAAATTCGC-1_V13B23-285_A1,1
TAATCGATCCGTACGT-1_V13B23-285_A1,6
TAATGAAAGACCCTTG-1_V13B23-285_A1,1
TAATTACGTCAGTAGA-1_V13B23-285_A1,3
TAATTAGATGGATATG-1_V13B23-285_A1,3
TAATTAGGACATCCGT-1_V13B23-285_A1,12
TAATTTCCGTCCAGTA-1_V13B23-285_A1,5
TACAACAGCGCATACA-1_V13B23-285_A1,4
TACAACGCACAACTCA-1_V13B23-285_A1,5
TACAAGCTGTTCACTG-1_V13B23-285_A1,10
TACAAGGGCTTCTTTA-1_V13B23-285_A1,12
TACAAGTCTCGTGCAT-1_V13B23-285_A1,5
TACAATGAAACCAGCA-1_V13B23-285_A1,8
TACACCGTCGTTAGTC-1_V13B23-285_A1,1
TACAGAAACGGTGGGC-1_V13B23-285_A1,3
TACATAGGCATACACC-1_V13B23-285_A1,6
TACATCCCTATCCCTG-1_V13B23-285_A1,2
TACATCTTGTTTCTTG-1_V13B23-285_A1,2
TACATGACCTTATCCG-1_V13B23-285_A1,2
TACATGCCGGAATTGT-1_V13B23-285_A1,1
TACATTTCTAACGTGC-1_V13B23-285_A1,1
TACCAAATAGCCCAGA-1_V13B23-285_A1,2
TACCAATAAAGTACCA-1_V13B23-285_A1,3
TACCAGAAGTAGGTTC-1_V13B23-285_A1,2
TACCAGCTAGGTTTAA-1_V13B23-285_A1,17
TACCATGTATTGATTT-1_V13B23-285_A1,2
TACCGAATAATTGTAA-1_V13B23-285_A1,3
TACCGCGGACTTGCAG-1_V13B23-285_A1,3
TACCGGCTCACTGCCC-1_V13B23-285_A1,5
TACCGGTCGTTTCCAT-1_V13B23-285_A1,2
TACCGTAGGTTAACTA-1_V13B23-285_A1,3
TACCGTGCCTCGGACC-1_V13B23-285_A1,2
TACCTACTCCCAGTAT-1_V13B23-285_A1,2
TACCTATCCCTAGAGG-1_V13B23-285_A1,18
TACCTCACGCTTGTAC-1_V13B23-285_A1,3
TACCTCAGTTGTCTGT-1_V13B23-285_A1,7
TACCTGCTGCACTGTG-1_V13B23-285_A1,2
TACCTTAAGATTTCCC-1_V13B23-285_A1,1
TACGAACACGACTTCA-1_V13B23-285_A1,2
TACGACGCTTGCTGCG-1_V13B23-285_A1,5
TACGACTGCCTCTTAG-1_V13B23-285_A1,2
TACGAGAACTTCACGT-1_V13B23-285_A1,5
TACGATGTTGATCATC-1_V13B23-285_A1,5
TACGCAGTTCTTTCCT-1_V13B23-285_A1,5
TACGCCATATTCTAAT-1_V13B23-285_A1,2
TACGCCGAGGGTACCC-1_V13B23-285_A1,2
TACGCCGCCTCAGAAG-1_V13B23-285_A1,1
TACGCCTCCATTCCGA-1_V13B23-285_A1,6
TACGCTATAGAAACCT-1_V13B23-285_A1,1
TACGCTCGGTATTGGA-1_V13B23-285_A1,3
TACGGAAGCCAAACCA-1_V13B23-285_A1,1
TACGGCATGGACGCTA-1_V13B23-285_A1,1
TACGGGATGCTAGCAG-1_V13B23-285_A1,20
TACGTAAAGCGGAGTG-1_V13B23-285_A1,11
TACGTACTAGTGCTGA-1_V13B23-285_A1,1
TACGTGCACTATGCTG-1_V13B23-285_A1,1
TACGTGGGCCCAGGGC-1_V13B23-285_A1,3
TACGTTTACCGGCAAT-1_V13B23-285_A1,6
TACTACGTGCAATGCG-1_V13B23-285_A1,1
TACTATGGTTCCTCAG-1_V13B23-285_A1,2
TACTCCTCTAGTTGAC-1_V13B23-285_A1,1
TACTCGGCACGCCGGG-1_V13B23-285_A1,5
TACTCTCCGAACAAAT-1_V13B23-285_A1,13
TACTCTTACTTTACTG-1_V13B23-285_A1,11
TACTCTTTCGTCTTCA-1_V13B23-285_A1,6
TACTGAACAGATTTAG-1_V13B23-285_A1,6
TACTGAGGGAAGAAAG-1_V13B23-285_A1,1
TACTGCAATCAATTAC-1_V13B23-285_A1,1
TACTGGACAGCTCGGC-1_V13B23-285_A1,5
TACTGTTTCTCTGGTA-1_V13B23-285_A1,18
TACTTAAACATGTACA-1_V13B23-285_A1,2
TACTTGTTAGTAGTCC-1_V13B23-285_A1,2
TACTTTACTGAGCCGG-1_V13B23-285_A1,1
TACTTTCCGCACGCCA-1_V13B23-285_A1,8
TAGAAACACAATAGTG-1_V13B23-285_A1,2
TAGAAAGGTGGCGCTA-1_V13B23-285_A1,3
TAGAAATTCACGTATA-1_V13B23-285_A1,5
TAGAATAGCCGATGAA-1_V13B23-285_A1,1
TAGACGAAACGCCAAT-1_V13B23-285_A1,3
TAGACGCCCGTACCGG-1_V13B23-285_A1,1
TAGACTACCTAGCGTT-1_V13B23-285_A1,3
TAGAGATCATGCAACT-1_V13B23-285_A1,2
TAGAGCTACGAAGAAC-1_V13B23-285_A1,8
TAGAGGTTCTACTTGT-1_V13B23-285_A1,12
TAGAGTCTAAGCGAAC-1_V13B23-285_A1,5
TAGATATGGACTGGAA-1_V13B23-285_A1,5
TAGATCCGAAGTCGCA-1_V13B23-285_A1,25
TAGATGGTTCCTTACT-1_V13B23-285_A1,3
TAGATTCCTGGTTATT-1_V13B23-285_A1,4
TAGCAACCTGTCACAA-1_V13B23-285_A1,3
TAGCAGTATGACTAAA-1_V13B23-285_A1,17
TAGCCAGAGGGTCCGG-1_V13B23-285_A1,4
TAGCCATTTCAAAGTC-1_V13B23-285_A1,1
TAGCCGGCGGTCAGCG-1_V13B23-285_A1,1
TAGCGTCCCTCGATTG-1_V13B23-285_A1,1
TAGCGTCCGGTGTGGT-1_V13B23-285_A1,16
TAGCGTCGAATATTGA-1_V13B23-285_A1,2
TAGCGTTGGGTCTTAC-1_V13B23-285_A1,2
TAGCTAAGTCCGGGAG-1_V13B23-285_A1,18
TAGCTAGAAGGCATGA-1_V13B23-285_A1,2
TAGCTAGTGATGATGG-1_V13B23-285_A1,3
TAGCTCGCCTGATAAC-1_V13B23-285_A1,2
TAGCTGATGTGAAGCG-1_V13B23-285_A1,2
TAGGCATGTTACGCCA-1_V13B23-285_A1,7
TAGGCCTATATAGTCT-1_V13B23-285_A1,12
TAGGCGATGAGGTCTC-1_V13B23-285_A1,3
TAGGCTAAAGTGGCAC-1_V13B23-285_A1,3
TAGGGAGCTTGGGATG-1_V13B23-285_A1,8
TAGGGTGTTTCAAGAG-1_V13B23-285_A1,2
TAGGTCCAAGTAAGGA-1_V13B23-285_A1,2
TAGGTCGCCGGAACTG-1_V13B23-285_A1,3
TAGGTGACGATAACCT-1_V13B23-285_A1,3
TAGGTGAGCCCTACTC-1_V13B23-285_A1,5
TAGGTGCTCGCCTAGC-1_V13B23-285_A1,1
TAGGTGTTCCACAGAT-1_V13B23-285_A1,3
TAGGTTCGAGTTCGTC-1_V13B23-285_A1,5
TAGTACCACAACTTTC-1_V13B23-285_A1,4
TAGTACCTTAGTGGTC-1_V13B23-285_A1,3
TAGTAGCTTATACCAG-1_V13B23-285_A1,3
TAGTCCCGGAGACCAC-1_V13B23-285_A1,3
TAGTCCGCAGAGAATG-1_V13B23-285_A1,4
TAGTCCGTATGCATAA-1_V13B23-285_A1,8
TAGTCGATCACGGGTT-1_V13B23-285_A1,3
TAGTCGGGATTCTTCG-1_V13B23-285_A1,1
TAGTCTAACAACGAGA-1_V13B23-285_A1,5
TAGTCTGTGACGTTGC-1_V13B23-285_A1,3
TAGTCTTTCCGAATTG-1_V13B23-285_A1,1
TAGTGAGAAGTGGTTG-1_V13B23-285_A1,8
TAGTGCCCTCCAGAGT-1_V13B23-285_A1,4
TAGTGCTTGAATCCTT-1_V13B23-285_A1,3
TAGTGTCAGAAACGGC-1_V13B23-285_A1,3
TAGTTAAGATAGGATA-1_V13B23-285_A1,7
TAGTTTATTCTTGCTT-1_V13B23-285_A1,6
TATAAATCCACAAGCT-1_V13B23-285_A1,2
TATAAGTGAGGATAGC-1_V13B23-285_A1,2
TATACACAGACGCCTT-1_V13B23-285_A1,7
TATACACGCAAAGTAT-1_V13B23-285_A1,1
TATACCGAGTGCCACA-1_V13B23-285_A1,1
TATACGCGTCATCACT-1_V13B23-285_A1,2
TATACTCATGCGGCAA-1_V13B23-285_A1,3
TATAGAGTCGCTTGAA-1_V13B23-285_A1,1
TATAGATGGTCGCAGT-1_V13B23-285_A1,3
TATAGCGCACGTTATC-1_V13B23-285_A1,2
TATAGGGTACTCATGA-1_V13B23-285_A1,8
TATATAGGGCTTTACG-1_V13B23-285_A1,1
TATATATCGAGAAATG-1_V13B23-285_A1,2
TATATCATTGATCAGT-1_V13B23-285_A1,2
TATATCCCTGGGAGGA-1_V13B23-285_A1,2
TATATGCTGGGTTGCC-1_V13B23-285_A1,2
TATATTCGCGTCGATA-1_V13B23-285_A1,2
TATCAAAGGTCTGTAA-1_V13B23-285_A1,5
TATCACAGCACGGGCA-1_V13B23-285_A1,23
TATCACCCAACCGACC-1_V13B23-285_A1,3
TATCACTTCGAGTAAC-1_V13B23-285_A1,25
TATCAGTGGCGTAGTC-1_V13B23-285_A1,2
TATCCAATTGGTTATC-1_V13B23-285_A1,1
TATCCATATCATGCGA-1_V13B23-285_A1,2
TATCCATCTCGGTTAG-1_V13B23-285_A1,1
TATCCGCACCGTCGGG-1_V13B23-285_A1,1
TATCCTATCAACTGGT-1_V13B23-285_A1,3
TATCCTGCATGGGAAT-1_V13B23-285_A1,11
TATCGATCTATGCATA-1_V13B23-285_A1,6
TATCGATGATTAAACG-1_V13B23-285_A1,5
TATCTACAGAGGTAAT-1_V13B23-285_A1,5
TATCTACCACAGCGGG-1_V13B23-285_A1,5
TATCTAGCCTAAAGGA-1_V13B23-285_A1,2
TATCTTGCAATACAAC-1_V13B23-285_A1,5
TATGAAGAATTAAGGT-1_V13B23-285_A1,3
TATGAAGACAGGTGCG-1_V13B23-285_A1,5
TATGACCTTGCGCTGG-1_V13B23-285_A1,2
TATGATCCGGCACGCC-1_V13B23-285_A1,2
TATGATCTTCTCTTTA-1_V13B23-285_A1,3
TATGATTCTGCTTGGT-1_V13B23-285_A1,3
TATGCTCCCTACTTAC-1_V13B23-285_A1,5
TATGGAGTTTCTCGTT-1_V13B23-285_A1,3
TATGGATGTGCTACGC-1_V13B23-285_A1,4
TATGGCAGACTTTCGA-1_V13B23-285_A1,27
TATGGCCCGGCCTCGC-1_V13B23-285_A1,5
TATGGGACCGAGCAGG-1_V13B23-285_A1,5
TATGGGTACGTATCGT-1_V13B23-285_A1,2
TATGGTCTGAGTAACA-1_V13B23-285_A1,6
TATGGTTAGTGGGAGA-1_V13B23-285_A1,1
TATGTAAAGTGCTTAA-1_V13B23-285_A1,1
TATGTCAAGACCGACT-1_V13B23-285_A1,1
TATGTCTCATTGTGCC-1_V13B23-285_A1,1
TATTAACACCAAAGCA-1_V13B23-285_A1,1
TATTAACCTGACCGCG-1_V13B23-285_A1,5
TATTACCATCCTGCTT-1_V13B23-285_A1,1
TATTATGTTTGCCTGC-1_V13B23-285_A1,1
TATTCAATTCTAATCC-1_V13B23-285_A1,1
TATTCCACTCAGCTCG-1_V13B23-285_A1,6
TATTCCGAGCTGTTAT-1_V13B23-285_A1,11
TATTCCGGCAGTCCTA-1_V13B23-285_A1,9
TATTCCTCCGCCCACT-1_V13B23-285_A1,2
TATTCGTGCCAGAATA-1_V13B23-285_A1,5
TATTGACATTTCTGCC-1_V13B23-285_A1,3
TATTGCCGGGCTTGTA-1_V13B23-285_A1,12
TATTTAGTCTAGATCG-1_V13B23-285_A1,6
TATTTATACCGAGTAG-1_V13B23-285_A1,3
TATTTGATTTGCACAG-1_V13B23-285_A1,3
TATTTGTTACCCTTTA-1_V13B23-285_A1,5
TCAAACAACCGCGTCG-1_V13B23-285_A1,2
TCAAACTTAGATTGTT-1_V13B23-285_A1,5
TCAAAGAGCTATCTGT-1_V13B23-285_A1,5
TCAAATTGTTGTGCCG-1_V13B23-285_A1,12
TCAAATTTGAGACTCA-1_V13B23-285_A1,1
TCAACAAAGATAATTC-1_V13B23-285_A1,1
TCAACACATTGGGTAA-1_V13B23-285_A1,3
TCAACATAGCGCCCTA-1_V13B23-285_A1,3
TCAACATCGACCGAGA-1_V13B23-285_A1,2
TCAACCATGTTCGGGC-1_V13B23-285_A1,5
TCAACGAGGAGACAAA-1_V13B23-285_A1,2
TCAACGCAGGAAATAA-1_V13B23-285_A1,4
TCAACGCGACCGGCAG-1_V13B23-285_A1,16
TCAACTAACGTATAAC-1_V13B23-285_A1,4
TCAACTGCAGAGTCAG-1_V13B23-285_A1,11
TCAAGAAATACTAGCT-1_V13B23-285_A1,2
TCAAGCGCGGACGGTA-1_V13B23-285_A1,3
TCAAGGTTACTACACC-1_V13B23-285_A1,6
TCAATACAATTGCTGC-1_V13B23-285_A1,1
TCAATACGCCGTCATG-1_V13B23-285_A1,3
TCACAAACCGAGGTAC-1_V13B23-285_A1,3
TCACAGATCCTCAAAC-1_V13B23-285_A1,12
TCACAGCAAACTCGAA-1_V13B23-285_A1,2
TCACAGGAGAATAAGA-1_V13B23-285_A1,2
TCACAGGGAATCGCAA-1_V13B23-285_A1,2
TCACAGGTTATTGGGC-1_V13B23-285_A1,2
TCACATCTTATCTGAT-1_V13B23-285_A1,15
TCACCCTCTTAAGATT-1_V13B23-285_A1,2
TCACCGCTCGGCACTC-1_V13B23-285_A1,3
TCACGATGTCCGTGGA-1_V13B23-285_A1,12
TCACGCATTGTAGATC-1_V13B23-285_A1,2
TCACGGTCATCGCACA-1_V13B23-285_A1,6
TCACGTGCCCGATTCA-1_V13B23-285_A1,5
TCACTACGACCAATGC-1_V13B23-285_A1,16
TCACTATCCCTTCGGT-1_V13B23-285_A1,4
TCACTATCGTGCAATC-1_V13B23-285_A1,8
TCACTCAGCGCATTAG-1_V13B23-285_A1,1
TCACTCGTGCAACGGC-1_V13B23-285_A1,1
TCACTCTTCGTCTGTC-1_V13B23-285_A1,1
TCAGAACCTCCACAGG-1_V13B23-285_A1,3
TCAGACGCTATAGAAG-1_V13B23-285_A1,1
TCAGCAAATGCATCTC-1_V13B23-285_A1,6
TCAGCAGTAGGCCCTG-1_V13B23-285_A1,2
TCAGCCAATCCGTAAA-1_V13B23-285_A1,2
TCAGGGCGACTTCCTT-1_V13B23-285_A1,2
TCAGGGCGCAAACTCG-1_V13B23-285_A1,2
TCAGGGTGTAACGTAA-1_V13B23-285_A1,1
TCAGGTTCTTTGAGAA-1_V13B23-285_A1,5
TCAGTACTGACCCGCG-1_V13B23-285_A1,2
TCAGTAGGGACTATAA-1_V13B23-285_A1,5
TCAGTGTATACGTCAT-1_V13B23-285_A1,1
TCATACTTACAGATCC-1_V13B23-285_A1,1
TCATATGAGCTTTGTT-1_V13B23-285_A1,11
TCATCACTCGAGCTCG-1_V13B23-285_A1,3
TCATCCTCAGCTGCTT-1_V13B23-285_A1,3
TCATCGACGACCGTCG-1_V13B23-285_A1,3
TCATCGATGGTCCCAA-1_V13B23-285_A1,3
TCATGCAGGTTCTCAT-1_V13B23-285_A1,11
TCATTTAAGTCTCCGA-1_V13B23-285_A1,3
TCATTTAGAAGTGTGA-1_V13B23-285_A1,3
TCCAACTCAGCTATCT-1_V13B23-285_A1,12
TCCAACTTTAAATTCT-1_V13B23-285_A1,20
TCCAAGCCTAGACACA-1_V13B23-285_A1,3
TCCAATAAAGGCTACC-1_V13B23-285_A1,11
TCCACAATGGTTTACG-1_V13B23-285_A1,5
TCCACATCGTATATTG-1_V13B23-285_A1,3
TCCACCAAGACATAGG-1_V13B23-285_A1,11
TCCACCTCTAGCCTTT-1_V13B23-285_A1,3
TCCACTTTATCTAGGT-1_V13B23-285_A1,2
TCCAGAGCACCGGTTC-1_V13B23-285_A1,5
TCCAGATGTACGCCAA-1_V13B23-285_A1,1
TCCAGCGCTATAAGCG-1_V13B23-285_A1,11
TCCAGGCGAGTACGGT-1_V13B23-285_A1,2
TCCAGGGTATATACGA-1_V13B23-285_A1,2
TCCATTAGTTGGATAG-1_V13B23-285_A1,12
TCCATTGTGACCTCGT-1_V13B23-285_A1,21
TCCCAAACAGACAACG-1_V13B23-285_A1,1
TCCCAAAGACGAAGGA-1_V13B23-285_A1,6
TCCCAAAGCCCTAAAT-1_V13B23-285_A1,3
TCCCACTCTCTTCCGG-1_V13B23-285_A1,3
TCCCAGCTTTAGTCTG-1_V13B23-285_A1,5
TCCCAGGCTTAGCTAA-1_V13B23-285_A1,8
TCCCGCCTATGTGCGT-1_V13B23-285_A1,1
TCCCGCGTACTCCTGG-1_V13B23-285_A1,2
TCCCGGGTGTGCTGCT-1_V13B23-285_A1,2
TCCCGGTCAGGAATTT-1_V13B23-285_A1,15
TCCCGTCAGTCCCGCA-1_V13B23-285_A1,2
TCCCGTCGCGTCATAG-1_V13B23-285_A1,1
TCCCGTGTGCAATTTG-1_V13B23-285_A1,1
TCCCTAGATCAATAGG-1_V13B23-285_A1,1
TCCCTCCGAAATCGTT-1_V13B23-285_A1,1
TCCCTCTTCTCAAGGG-1_V13B23-285_A1,3
TCCCTGGCGTATTAAC-1_V13B23-285_A1,1
TCCCTGGCTCGCTGGA-1_V13B23-285_A1,2
TCCCTTAGATTACTCG-1_V13B23-285_A1,3
TCCCTTGTCTGAAACT-1_V13B23-285_A1,12
TCCGAACGTTGCCGCT-1_V13B23-285_A1,11
TCCGAACTTGGCTTAC-1_V13B23-285_A1,2
TCCGAATGGTCCTGAG-1_V13B23-285_A1,3
TCCGAGAAGGCTAAGC-1_V13B23-285_A1,4
TCCGATAATTGCCATA-1_V13B23-285_A1,5
TCCGATGACTGAGCTC-1_V13B23-285_A1,8
TCCGATGGTGCGACAT-1_V13B23-285_A1,2
TCCGATTACATTGCCG-1_V13B23-285_A1,5
TCCGCAGCCACCTAGC-1_V13B23-285_A1,3
TCCGCCTGTCTACAAG-1_V13B23-285_A1,1
TCCGCGGCAGCATCTG-1_V13B23-285_A1,3
TCCGCGGCCCAATGAA-1_V13B23-285_A1,3
TCCGCTGTCATCCCGG-1_V13B23-285_A1,3
TCCGCTTATCCCATTA-1_V13B23-285_A1,22
TCCGGCCTAGCGTACA-1_V13B23-285_A1,1
TCCGGGCTTGACGGGA-1_V13B23-285_A1,3
TCCGGTTCGTCCGGTC-1_V13B23-285_A1,5
TCCGTAACCACAATCC-1_V13B23-285_A1,4
TCCGTTAAGCTAATAT-1_V13B23-285_A1,3
TCCGTTTAGCCTTGAA-1_V13B23-285_A1,3
TCCTAAAGATTCAGAC-1_V13B23-285_A1,11
TCCTAAATTGGGAAGC-1_V13B23-285_A1,1
TCCTAACCGTCGGGCA-1_V13B23-285_A1,1
TCCTACATCCACGGCC-1_V13B23-285_A1,18
TCCTAGCAAAGAAGCT-1_V13B23-285_A1,5
TCCTATCATAGGTAAC-1_V13B23-285_A1,1
TCCTCCTAAGACATTC-1_V13B23-285_A1,22
TCCTCGGGCTGGGCTT-1_V13B23-285_A1,2
TCCTCTACGAGATGGC-1_V13B23-285_A1,5
TCCTCTCCAGTTGTCC-1_V13B23-285_A1,2
TCCTCTGGCCCATTAG-1_V13B23-285_A1,21
TCCTGCCAACTGGAGA-1_V13B23-285_A1,14
TCCTGCGTTGATACTC-1_V13B23-285_A1,2
TCCTTACGACGGTCCG-1_V13B23-285_A1,3
TCCTTCAATCCCTACG-1_V13B23-285_A1,5
TCCTTCAGTGGTCGAA-1_V13B23-285_A1,3
TCCTTGTCCTTTAATT-1_V13B23-285_A1,12
TCCTTTAAATCCGCTT-1_V13B23-285_A1,3
TCCTTTCTTACGCTTA-1_V13B23-285_A1,2
TCGAAATTTAGGACCA-1_V13B23-285_A1,5
TCGAAGAACCGAGCAC-1_V13B23-285_A1,3
TCGAATATCCCGCAGG-1_V13B23-285_A1,1
TCGACAACTGAACCCG-1_V13B23-285_A1,1
TCGAGACCAACACCGT-1_V13B23-285_A1,5
TCGAGCCAGGCAGGCC-1_V13B23-285_A1,3
TCGAGGGCAACAGACG-1_V13B23-285_A1,3
TCGAGTCTACGATTCG-1_V13B23-285_A1,2
TCGATAGGCTAGTCGC-1_V13B23-285_A1,1
TCGCAAAGATGCATTT-1_V13B23-285_A1,1
TCGCACCAGGAGGCAG-1_V13B23-285_A1,2
TCGCACTAACGTTTGT-1_V13B23-285_A1,16
TCGCATAAAGGGCGCA-1_V13B23-285_A1,1
TCGCATCCCTAAGTGT-1_V13B23-285_A1,3
TCGCATTCAATGACTT-1_V13B23-285_A1,4
TCGCCCACTGCGAGAG-1_V13B23-285_A1,6
TCGCCGAAGTTGCGTC-1_V13B23-285_A1,2
TCGCCGACATATTCGC-1_V13B23-285_A1,11
TCGCCGCACCGCGTGA-1_V13B23-285_A1,5
TCGCCGGATGGGCAAG-1_V13B23-285_A1,2
TCGCCGGTCGATCCGT-1_V13B23-285_A1,6
TCGCCTCGACCTGTTG-1_V13B23-285_A1,4
TCGCGTCCAGAAGGTC-1_V13B23-285_A1,5
TCGCTAAACCGCTATC-1_V13B23-285_A1,12
TCGCTACTGGCTTTGA-1_V13B23-285_A1,11
TCGCTCGATATATTCC-1_V13B23-285_A1,2
TCGCTCGGCACCAGCG-1_V13B23-285_A1,1
TCGCTGCCAATGCTGT-1_V13B23-285_A1,3
TCGCTGGGCGGATTGT-1_V13B23-285_A1,3
TCGCTGTGCGTAAATC-1_V13B23-285_A1,3
TCGCTTTAAACGTTTG-1_V13B23-285_A1,6
TCGGAATGCGCTCTGA-1_V13B23-285_A1,2
TCGGACGCCCAGCCCA-1_V13B23-285_A1,4
TCGGAGAGTATCGGGA-1_V13B23-285_A1,8
TCGGAGTACATGAGTA-1_V13B23-285_A1,1
TCGGCGAACCCAAACC-1_V13B23-285_A1,1
TCGGCGTACTGCACAA-1_V13B23-285_A1,2
TCGGCTTGTATCGACG-1_V13B23-285_A1,12
TCGGGAACGTGCCTAG-1_V13B23-285_A1,18
TCGGGAGACAGCGTAC-1_V13B23-285_A1,3
TCGGGATTCAAACATA-1_V13B23-285_A1,4
TCGGGCACTTCTGGAT-1_V13B23-285_A1,8
TCGGGCCGTCGTGGTA-1_V13B23-285_A1,3
TCGGGTGAAACTGCTA-1_V13B23-285_A1,11
TCGGTCCCGACAATAG-1_V13B23-285_A1,2
TCGTAAGACGACATTG-1_V13B23-285_A1,1
TCGTACCGACGTCAAG-1_V13B23-285_A1,1
TCGTATAGTGCAATTA-1_V13B23-285_A1,12
TCGTATTACCCATTGC-1_V13B23-285_A1,2
TCGTCAAGTACGCGCA-1_V13B23-285_A1,1
TCGTCACACTGTTAGC-1_V13B23-285_A1,2
TCGTCCGCTGGCGTCT-1_V13B23-285_A1,2
TCGTCTTAGGCGTTAA-1_V13B23-285_A1,3
TCGTGTACTATGGATG-1_V13B23-285_A1,12
TCGTGTATTGGTCACG-1_V13B23-285_A1,3
TCGTGTCACGCTGACA-1_V13B23-285_A1,1
TCGTGTTCGACCACAA-1_V13B23-285_A1,12
TCGTTAGGAGTCCCTA-1_V13B23-285_A1,2
TCGTTCGTTATTATGT-1_V13B23-285_A1,10
TCGTTGACAGGGTCCC-1_V13B23-285_A1,4
TCGTTGCTATCCGGTC-1_V13B23-285_A1,5
TCGTTGGCTCGTCAAT-1_V13B23-285_A1,12
TCGTTTACGCGACCCT-1_V13B23-285_A1,3
TCTAAAGAACAGTCTC-1_V13B23-285_A1,2
TCTAACCTAGCCTGCG-1_V13B23-285_A1,3
TCTAACTGTATGTAAA-1_V13B23-285_A1,2
TCTAATACTGCCTCAG-1_V13B23-285_A1,2
TCTACCCAATAGAGAG-1_V13B23-285_A1,3
TCTACCGTCCACAAGC-1_V13B23-285_A1,3
TCTAGCAATCTCCGCC-1_V13B23-285_A1,2
TCTAGCATCTTCGATG-1_V13B23-285_A1,15
TCTAGCATGCCCAGAA-1_V13B23-285_A1,5
TCTAGGTGGCGACGCT-1_V13B23-285_A1,3
TCTAGTGATATCGTGG-1_V13B23-285_A1,11
TCTAGTTATCAGAAGA-1_V13B23-285_A1,5
TCTATAGGTGGGTAAT-1_V13B23-285_A1,1
TCTATCATGCAGTTAC-1_V13B23-285_A1,3
TCTATCGGTCGCAACA-1_V13B23-285_A1,5
TCTATGCTATAACGAC-1_V13B23-285_A1,3
TCTATTACGCTGGCGA-1_V13B23-285_A1,1
TCTATTACTAGAGGAT-1_V13B23-285_A1,5
TCTCATGAGATAGGGT-1_V13B23-285_A1,1
TCTCCAACGTAGGTTA-1_V13B23-285_A1,16
TCTCCACAAGTTGAAT-1_V13B23-285_A1,2
TCTCCCTGGGCAGCGT-1_V13B23-285_A1,1
TCTCGAACGAGGTCAC-1_V13B23-285_A1,21
TCTCGACGTATCGCCG-1_V13B23-285_A1,1
TCTCGAGGAGGTTCGC-1_V13B23-285_A1,3
TCTCGGCTCCAGGACT-1_V13B23-285_A1,8
TCTCGTGTTACGAGGA-1_V13B23-285_A1,5
TCTCTAATAGCTGGTA-1_V13B23-285_A1,2
TCTCTCGCCGCACATA-1_V13B23-285_A1,12
TCTCTTACCGCGAACC-1_V13B23-285_A1,5
TCTGAACCGGTCGGCT-1_V13B23-285_A1,1
TCTGAACTCGTACCCG-1_V13B23-285_A1,3
TCTGAAGCACGTGGTC-1_V13B23-285_A1,12
TCTGAATTCCGTACAA-1_V13B23-285_A1,1
TCTGACGGGCTAACCC-1_V13B23-285_A1,1
TCTGACTGTAATGGTT-1_V13B23-285_A1,12
TCTGAGCAATTGACTG-1_V13B23-285_A1,3
TCTGATCGGGTGCTAG-1_V13B23-285_A1,1
TCTGATGTATTCTGTC-1_V13B23-285_A1,1
TCTGATTGGAAATGGA-1_V13B23-285_A1,3
TCTGCAGATTCGAGTC-1_V13B23-285_A1,2
TCTGCATACCTTGCTT-1_V13B23-285_A1,3
TCTGCCAGAAACTGCA-1_V13B23-285_A1,2
TCTGCGTCCGGTTTCT-1_V13B23-285_A1,4
TCTGGCCGTTCAAGTT-1_V13B23-285_A1,2
TCTGGCGCAAGCCGGG-1_V13B23-285_A1,2
TCTGGGAACCTTTGAA-1_V13B23-285_A1,3
TCTGGGTAGCGCTCAT-1_V13B23-285_A1,1
TCTGTCATACAAGAGC-1_V13B23-285_A1,3
TCTGTGACTGACCGTT-1_V13B23-285_A1,4
TCTGTGCCATCATAGT-1_V13B23-285_A1,1
TCTGTGGCTACATTTC-1_V13B23-285_A1,8
TCTGTTACCCAGCATA-1_V13B23-285_A1,5
TCTTAACTCGGATGTA-1_V13B23-285_A1,4
TCTTACAGAGGTACCG-1_V13B23-285_A1,11
TCTTACCGGAACTCGT-1_V13B23-285_A1,11
TCTTACGGCATCCGAC-1_V13B23-285_A1,4
TCTTACTTATGCCTCT-1_V13B23-285_A1,3
TCTTAGAGCTCCAATT-1_V13B23-285_A1,1
TCTTAGAGTGAACTCT-1_V13B23-285_A1,11
TCTTCCCATGGGCACA-1_V13B23-285_A1,3
TCTTCGAATAGACGTT-1_V13B23-285_A1,4
TCTTCGATACCAATAA-1_V13B23-285_A1,5
TCTTCGCGGTGAGAGG-1_V13B23-285_A1,11
TCTTCTATAACCCGCC-1_V13B23-285_A1,18
TCTTGATGCGTAGCGA-1_V13B23-285_A1,5
TCTTGCTCCCGATACT-1_V13B23-285_A1,3
TCTTGGTAACACCAAA-1_V13B23-285_A1,2
TCTTTAAGACTATGAA-1_V13B23-285_A1,3
TCTTTAGAGTCTAACA-1_V13B23-285_A1,3
TCTTTAGCAGGCGAAC-1_V13B23-285_A1,12
TCTTTCCTTCGAGATA-1_V13B23-285_A1,3
TGAAACCTCAACTCAC-1_V13B23-285_A1,10
TGAAACTTATGCAAGC-1_V13B23-285_A1,25
TGAAAGGACCTGACTC-1_V13B23-285_A1,1
TGAACTGCTATGACTT-1_V13B23-285_A1,5
TGAAGAGCGGTCCTAG-1_V13B23-285_A1,3
TGAAGTAGCTTACGGA-1_V13B23-285_A1,2
TGAATACCGACGCGTA-1_V13B23-285_A1,3
TGAATGAGTGTTTCCC-1_V13B23-285_A1,1
TGAATGTCAGCCGGCC-1_V13B23-285_A1,2
TGAATTTCACTTGCCT-1_V13B23-285_A1,5
TGACAACGCATGTCGC-1_V13B23-285_A1,15
TGACAGGACAAGTCCA-1_V13B23-285_A1,2
TGACATATATGACGAT-1_V13B23-285_A1,2
TGACATCGAGCGGACC-1_V13B23-285_A1,3
TGACATGTAACGTGAC-1_V13B23-285_A1,12
TGACCAAATCTTAAAC-1_V13B23-285_A1,1
TGACCCAACTCACATT-1_V13B23-285_A1,10
TGACCCACGTTAGACA-1_V13B23-285_A1,7
TGACGAATATTTCCCT-1_V13B23-285_A1,5
TGACGATGCACTAGAA-1_V13B23-285_A1,2
TGACTATAATCCTTTC-1_V13B23-285_A1,6
TGACTCCGAATCATAC-1_V13B23-285_A1,2
TGAGAATGCTTTACCG-1_V13B23-285_A1,1
TGAGACGTACCTCTCA-1_V13B23-285_A1,18
TGAGAGATTTACCACG-1_V13B23-285_A1,2
TGAGATCAAATACTCA-1_V13B23-285_A1,4
TGAGATTAGGCCCTAA-1_V13B23-285_A1,8
TGAGCAGTCGTGAAGT-1_V13B23-285_A1,3
TGAGCCATACAGTCTC-1_V13B23-285_A1,5
TGAGCGGAAAGTGTTC-1_V13B23-285_A1,1
TGAGCTTTAATGACGC-1_V13B23-285_A1,12
TGAGGAGTGCCAGCTT-1_V13B23-285_A1,1
TGAGGCATGTACTGTG-1_V13B23-285_A1,1
TGAGGTTGATCCCAAG-1_V13B23-285_A1,4
TGAGTAAATTAGCGTA-1_V13B23-285_A1,5
TGAGTGCCTCTTAAAT-1_V13B23-285_A1,22
TGAGTGGTCCGTGACG-1_V13B23-285_A1,6
TGAGTTAAAGACATTC-1_V13B23-285_A1,2
TGATACATTTAGCCGT-1_V13B23-285_A1,5
TGATAGCGGGATTCTA-1_V13B23-285_A1,2
TGATCAGGGAACTGCT-1_V13B23-285_A1,2
TGATCCCAGCATTAGT-1_V13B23-285_A1,12
TGATCGGTTTGACCCT-1_V13B23-285_A1,2
TGATCTACGCTGATCT-1_V13B23-285_A1,19
TGATCTCCGGCGCCAG-1_V13B23-285_A1,16
TGATGGCTGTTTCTGA-1_V13B23-285_A1,1
TGATGGGACTAAGTCA-1_V13B23-285_A1,19
TGATGTCAATTAAGTG-1_V13B23-285_A1,12
TGATTCAGGTCCCGCG-1_V13B23-285_A1,5
TGATTCCCGGTTACCT-1_V13B23-285_A1,3
TGATTCGTCTATCACT-1_V13B23-285_A1,5
TGATTCTGTCGCCGGT-1_V13B23-285_A1,5
TGATTTATTAGCTGTG-1_V13B23-285_A1,6
TGATTTCCTCCTGACG-1_V13B23-285_A1,1
TGCAAACCCACATCAA-1_V13B23-285_A1,14
TGCAACCCATCTGCGG-1_V13B23-285_A1,3
TGCAACTACTGGTTGA-1_V13B23-285_A1,3
TGCAAGAATGACGTAA-1_V13B23-285_A1,5
TGCAATCTAACACGGT-1_V13B23-285_A1,11
TGCACGAGTCGGCAGC-1_V13B23-285_A1,21
TGCACTATGTGAGTGC-1_V13B23-285_A1,3
TGCAGAACTATATCGT-1_V13B23-285_A1,5
TGCAGAGTACCGAGCA-1_V13B23-285_A1,5
TGCAGATCGTCCTAGG-1_V13B23-285_A1,5
TGCAGCTACGTACTTC-1_V13B23-285_A1,5
TGCAGGATCGGCAAAG-1_V13B23-285_A1,2
TGCAGTTTCCTCCCAT-1_V13B23-285_A1,1
TGCATATGTCTGTCAC-1_V13B23-285_A1,1
TGCATGGATCGGATCT-1_V13B23-285_A1,2
TGCATGTGGTAATCTA-1_V13B23-285_A1,3
TGCCAAAGTCAGACTT-1_V13B23-285_A1,2
TGCCAATGGGTACTCT-1_V13B23-285_A1,2
TGCCACACTAGAGGAA-1_V13B23-285_A1,2
TGCCACCTGGCGAAAC-1_V13B23-285_A1,5
TGCCAGTACGTGGAGA-1_V13B23-285_A1,3
TGCCATTACTAAAGAA-1_V13B23-285_A1,1
TGCCCGTACCGTTAAA-1_V13B23-285_A1,2
TGCCGAAAGCGTATTC-1_V13B23-285_A1,3
TGCCGGATGTACGAGC-1_V13B23-285_A1,18
TGCCGTGGATCGTCCT-1_V13B23-285_A1,11
TGCCGTGGGACCCAAT-1_V13B23-285_A1,4
TGCCGTTCTTAATCGG-1_V13B23-285_A1,1
TGCCTAATTGAAGATT-1_V13B23-285_A1,11
TGCCTGACATCGGTCA-1_V13B23-285_A1,3
TGCCTGATCAAACGAT-1_V13B23-285_A1,6
TGCCTTGGCCAGGCAA-1_V13B23-285_A1,1
TGCGAATATGGGATTT-1_V13B23-285_A1,2
TGCGACACCCTAGTGC-1_V13B23-285_A1,5
TGCGACGGCCGAACGT-1_V13B23-285_A1,2
TGCGAGAATATTACCC-1_V13B23-285_A1,1
TGCGATGCTAATGGCT-1_V13B23-285_A1,2
TGCGCAAAGCATTTGG-1_V13B23-285_A1,4
TGCGCCGTTAATAACG-1_V13B23-285_A1,1
TGCGCGATTAACGGAG-1_V13B23-285_A1,6
TGCGGACTTGACTCCG-1_V13B23-285_A1,1
TGCGGAGTAAAGGTGC-1_V13B23-285_A1,5
TGCGGCATAGTTCAAC-1_V13B23-285_A1,3
TGCGGTGAAATTTCAT-1_V13B23-285_A1,4
TGCGTAAGAACCTGAT-1_V13B23-285_A1,22
TGCGTACGGCTAATTG-1_V13B23-285_A1,11
TGCGTCATGACTGAGC-1_V13B23-285_A1,1
TGCGTGATTGGGTGTC-1_V13B23-285_A1,3
TGCGTTTGTTGACACT-1_V13B23-285_A1,4
TGCTAAGTGTCTATTT-1_V13B23-285_A1,3
TGCTATACAAACGGAC-1_V13B23-285_A1,7
TGCTCCACAGTTCTTA-1_V13B23-285_A1,1
TGCTCGGCGAAACCCA-1_V13B23-285_A1,1
TGCTCGGTGGGTCACC-1_V13B23-285_A1,12
TGCTCTTGAGAGTTTG-1_V13B23-285_A1,11
TGCTGGTTGGACAATT-1_V13B23-285_A1,1
TGCTGTTGAAGAACTC-1_V13B23-285_A1,6
TGCTTAGAGAGAATGC-1_V13B23-285_A1,3
TGCTTCCCAAGCAGTA-1_V13B23-285_A1,2
TGCTTGAAACCATGCA-1_V13B23-285_A1,3
TGGAAACGGAGTGAAC-1_V13B23-285_A1,4
TGGAACCACTGACACA-1_V13B23-285_A1,3
TGGAAGAAGGGAACGT-1_V13B23-285_A1,5
TGGAAGACGAACACCA-1_V13B23-285_A1,3
TGGAAGGATAAAGATG-1_V13B23-285_A1,5
TGGAATATCCTTGACC-1_V13B23-285_A1,1
TGGAATTAGACGCTTT-1_V13B23-285_A1,1
TGGACACCGTTGCTTG-1_V13B23-285_A1,2
TGGACCAATCTAAGAT-1_V13B23-285_A1,1
TGGACCACGGCGTTGA-1_V13B23-285_A1,4
TGGACGCAATCCAGCC-1_V13B23-285_A1,5
TGGACGTAGGCGAATC-1_V13B23-285_A1,17
TGGACTGTTCGCTCAA-1_V13B23-285_A1,5
TGGAGCTAAAGTTCCC-1_V13B23-285_A1,21
TGGAGGGAAACACCTC-1_V13B23-285_A1,6
TGGAGTGATGCGATGA-1_V13B23-285_A1,2
TGGATAGAGTAACAGA-1_V13B23-285_A1,3
TGGCAAACTAAATTAC-1_V13B23-285_A1,1
TGGCAACTCGCGCGCC-1_V13B23-285_A1,6
TGGCAAGCACAAGTCG-1_V13B23-285_A1,2
TGGCAATGGGACGGCG-1_V13B23-285_A1,2
TGGCAGATTACGATCA-1_V13B23-285_A1,16
TGGCAGCAGTAATAGT-1_V13B23-285_A1,4
TGGCATGAAGTTTGGG-1_V13B23-285_A1,1
TGGCCAAACTGAAGTA-1_V13B23-285_A1,4
TGGCCAATTTGGTACT-1_V13B23-285_A1,2
TGGCCGTATATTGACC-1_V13B23-285_A1,5
TGGCGACTGCTCCAAA-1_V13B23-285_A1,1
TGGCGATCAAGTTATG-1_V13B23-285_A1,2
TGGCGGTGTGCGATTG-1_V13B23-285_A1,4
TGGCTACACTCTACCT-1_V13B23-285_A1,12
TGGCTATGTGACATAC-1_V13B23-285_A1,3
TGGCTCTTGTCGCGTA-1_V13B23-285_A1,5
TGGCTTATGTATAATG-1_V13B23-285_A1,3
TGGCTTTGGGTAGACA-1_V13B23-285_A1,2
TGGGAAATGCCTTTCC-1_V13B23-285_A1,1
TGGGACCATTGGGAGT-1_V13B23-285_A1,19
TGGGCAATAGTTGGGT-1_V13B23-285_A1,1
TGGGCACAAACAGAAC-1_V13B23-285_A1,4
TGGGCACGTTCTATGG-1_V13B23-285_A1,8
TGGGCAGGCCACCGCA-1_V13B23-285_A1,1
TGGGCCACAAGAGCGC-1_V13B23-285_A1,2
TGGGCCCATACTAATT-1_V13B23-285_A1,1
TGGGCCTTGCCTGCAT-1_V13B23-285_A1,3
TGGGCGATACAATAAG-1_V13B23-285_A1,2
TGGGTAAGGTTCCCGC-1_V13B23-285_A1,8
TGGGTGCACAAGCCAT-1_V13B23-285_A1,3
TGGGTGTAATAGATTT-1_V13B23-285_A1,11
TGGGTTCCCGGACGGA-1_V13B23-285_A1,2
TGGTAAGCAGGATTGA-1_V13B23-285_A1,4
TGGTAGAATATATGGG-1_V13B23-285_A1,1
TGGTATCGCATCCCAA-1_V13B23-285_A1,7
TGGTATCGGTCTGTAT-1_V13B23-285_A1,7
TGGTCCCACGCTACGG-1_V13B23-285_A1,2
TGGTCGTGCAAGGCAA-1_V13B23-285_A1,5
TGGTCTAGCTTACATG-1_V13B23-285_A1,2
TGGTCTGTTGGGCGTA-1_V13B23-285_A1,1
TGGTGATCGTATTTGT-1_V13B23-285_A1,1
TGGTTAACTTACATTT-1_V13B23-285_A1,1
TGGTTAAGGGCGCTGG-1_V13B23-285_A1,7
TGGTTATGCTTGCGGT-1_V13B23-285_A1,2
TGGTTCAACGGGTAAT-1_V13B23-285_A1,8
TGGTTCGTAGCAAAGG-1_V13B23-285_A1,2
TGGTTGGAGGATCCTG-1_V13B23-285_A1,21
TGGTTTAAACGTGGGT-1_V13B23-285_A1,4
TGTAACTTGTCAACCT-1_V13B23-285_A1,4
TGTAATGACCACAATA-1_V13B23-285_A1,5
TGTACCTACACGAGGG-1_V13B23-285_A1,12
TGTACGAACAAATCCG-1_V13B23-285_A1,5
TGTACTACTCTCACGG-1_V13B23-285_A1,14
TGTACTGTGCCAAAGT-1_V13B23-285_A1,3
TGTAGCCAATTCCGTT-1_V13B23-285_A1,3
TGTAGCCATCCCATTC-1_V13B23-285_A1,3
TGTAGGAGAAATTTCC-1_V13B23-285_A1,1
TGTAGTGATCTATAAT-1_V13B23-285_A1,2
TGTATAACAGATCCTG-1_V13B23-285_A1,3
TGTATACGGATGATGA-1_V13B23-285_A1,1
TGTATCCTTATTCCAT-1_V13B23-285_A1,3
TGTATGGCGCAGACAG-1_V13B23-285_A1,1
TGTCATTTGTTGGGAA-1_V13B23-285_A1,7
TGTCCACGGCTCAACT-1_V13B23-285_A1,11
TGTCCCGACATAGCAC-1_V13B23-285_A1,11
TGTCCGTGGCGCCTTT-1_V13B23-285_A1,2
TGTCCTAAGTCACCGC-1_V13B23-285_A1,5
TGTCGGCATGGTGGAA-1_V13B23-285_A1,3
TGTCGTTATCACATAT-1_V13B23-285_A1,1
TGTCTACAGTTTCTGT-1_V13B23-285_A1,3
TGTGACTACGCCAGTC-1_V13B23-285_A1,2
TGTGACTAGAGTTTGC-1_V13B23-285_A1,3
TGTGAGACTAGCCCAA-1_V13B23-285_A1,2
TGTGCCAGAGGCAAAG-1_V13B23-285_A1,10
TGTGCCGGTGCCGGAA-1_V13B23-285_A1,2
TGTGCTTTACGTAAGA-1_V13B23-285_A1,5
TGTGGAGGAAGCTTAA-1_V13B23-285_A1,19
TGTGGCAAAGCGTATG-1_V13B23-285_A1,6
TGTGGCGGGCTTCTGG-1_V13B23-285_A1,3
TGTGGCTCCCACCAAC-1_V13B23-285_A1,1
TGTGGTTGCTAAAGCT-1_V13B23-285_A1,18
TGTGTAGTAGCACGTG-1_V13B23-285_A1,12
TGTGTCGAAGTCGAGG-1_V13B23-285_A1,5
TGTGTCGCGAGTTGCA-1_V13B23-285_A1,5
TGTGTGACCATGAATC-1_V13B23-285_A1,2
TGTGTTCGTATCCAAG-1_V13B23-285_A1,2
TGTTATTGTATGTGGC-1_V13B23-285_A1,1
TGTTCATAAATGTGCT-1_V13B23-285_A1,2
TGTTCCGCTTCCATGA-1_V13B23-285_A1,5
TGTTCCGGCCTGAGCT-1_V13B23-285_A1,12
TGTTCGTATTGCGGTG-1_V13B23-285_A1,4
TGTTCTTCCATTGACT-1_V13B23-285_A1,1
TGTTGCCGTCGTCCCA-1_V13B23-285_A1,1
TGTTGTCAAGAAGTCT-1_V13B23-285_A1,7
TGTTTAATACTTCATC-1_V13B23-285_A1,14
TGTTTCGGTACTTCTC-1_V13B23-285_A1,12
TGTTTGAGATCGTCAG-1_V13B23-285_A1,1
TTAAACAGAGTCCCGC-1_V13B23-285_A1,3
TTAAACCGGTAGCGAC-1_V13B23-285_A1,3
TTAAACCTGGTTCCTT-1_V13B23-285_A1,16
TTAAACTCGAATTCAT-1_V13B23-285_A1,1
TTAAAGTAAGTCGCCA-1_V13B23-285_A1,12
TTAACACCTCGAACAT-1_V13B23-285_A1,2
TTAACCAACCCTCCCT-1_V13B23-285_A1,2
TTAACGAACAAGCAGT-1_V13B23-285_A1,3
TTAACGTCGCAAGACC-1_V13B23-285_A1,4
TTAACGTTAAAGCCTG-1_V13B23-285_A1,2
TTAACTCACGCGTGGA-1_V13B23-285_A1,5
TTAACTTCAGGTAGGA-1_V13B23-285_A1,2
TTAAGATAGGATTGAC-1_V13B23-285_A1,11
TTAAGCCGACAACTTC-1_V13B23-285_A1,4
TTAAGCGCCTGACCCA-1_V13B23-285_A1,6
TTAAGGATACGGAGGT-1_V13B23-285_A1,8
TTAAGGCCCGTACTTT-1_V13B23-285_A1,12
TTAAGTATTGTTATCC-1_V13B23-285_A1,12
TTAATCAGTACGTCAG-1_V13B23-285_A1,1
TTAATGTAGACCAGGT-1_V13B23-285_A1,4
TTAATGTGTTTGCAGG-1_V13B23-285_A1,3
TTAATTGCTTTGGGTG-1_V13B23-285_A1,12
TTAATTTCAGACGCGG-1_V13B23-285_A1,1
TTACAACTACGCATCC-1_V13B23-285_A1,5
TTACACGATCTGCGAC-1_V13B23-285_A1,3
TTACAGACCTAAATGA-1_V13B23-285_A1,1
TTACATCGTGGCCTGG-1_V13B23-285_A1,3
TTACATGCCACAACTA-1_V13B23-285_A1,1
TTACCATTGATTACCC-1_V13B23-285_A1,5
TTACCCATTGCCGGGT-1_V13B23-285_A1,11
TTACCCTAACAGTCCT-1_V13B23-285_A1,18
TTACCCTAGGGATTGG-1_V13B23-285_A1,11
TTACCGCCTTAGGGAA-1_V13B23-285_A1,11
TTACGGATGGTTCGAG-1_V13B23-285_A1,12
TTACGGTGTCACCGAG-1_V13B23-285_A1,8
TTACGTATCTATGACA-1_V13B23-285_A1,3
TTACTAAAGGACTTTA-1_V13B23-285_A1,5
TTACTATCGGCTTCTC-1_V13B23-285_A1,5
TTACTCCGGCCGGGAA-1_V13B23-285_A1,2
TTACTCTGGTACGTAC-1_V13B23-285_A1,16
TTACTGGGATATTTCA-1_V13B23-285_A1,5
TTAGAAGAACATGACT-1_V13B23-285_A1,4
TTAGAATAAGGGTCGG-1_V13B23-285_A1,3
TTAGACACGATCGTTG-1_V13B23-285_A1,3
TTAGACGAGTCACCTC-1_V13B23-285_A1,1
TTAGAGGGATATACAG-1_V13B23-285_A1,2
TTAGAGTTTAGAAGGA-1_V13B23-285_A1,1
TTAGATAGGTCGATAC-1_V13B23-285_A1,11
TTAGCAACATGGATGT-1_V13B23-285_A1,3
TTAGCTAATACGATCT-1_V13B23-285_A1,3
TTAGCTCTGTAATCCG-1_V13B23-285_A1,5
TTAGCTGATTTGCCGT-1_V13B23-285_A1,2
TTAGGTCATAACCGAC-1_V13B23-285_A1,5
TTAGTAAACCTGCTCT-1_V13B23-285_A1,12
TTAGTAGGGCGGCGGG-1_V13B23-285_A1,5
TTAGTTATTCGTGGCA-1_V13B23-285_A1,3
TTAGTTCAAGTGTTCG-1_V13B23-285_A1,1
TTATAGATGCACATTA-1_V13B23-285_A1,7
TTATAGGTAATTGTCT-1_V13B23-285_A1,3
TTATATACGCTGTCAC-1_V13B23-285_A1,1
TTATATTTGGCAATCC-1_V13B23-285_A1,2
TTATCATACTCGCAAA-1_V13B23-285_A1,10
TTATCCAATCGAACTC-1_V13B23-285_A1,4
TTATCCGGGATCTATA-1_V13B23-285_A1,11
TTATCCTCAAGGAATA-1_V13B23-285_A1,6
TTATCGCCTGCGAAGC-1_V13B23-285_A1,2
TTATCTGACATTAGGA-1_V13B23-285_A1,1
TTATCTGTATCATAAC-1_V13B23-285_A1,2
TTATGAATGAAAGGGA-1_V13B23-285_A1,5
TTATGACAAACTGGAT-1_V13B23-285_A1,5
TTATGATCTTAACGAA-1_V13B23-285_A1,15
TTATGCGTCCCGGTCC-1_V13B23-285_A1,2
TTATGTTTGCGATAGA-1_V13B23-285_A1,2
TTATTAGAGCGTGTTC-1_V13B23-285_A1,22
TTATTAGGGAAGCATC-1_V13B23-285_A1,18
TTATTATCTGGAAGGC-1_V13B23-285_A1,3
TTATTTCATCCCAAAC-1_V13B23-285_A1,10
TTCAAAGTCTCTAGCC-1_V13B23-285_A1,7
TTCAACGACCCGACCG-1_V13B23-285_A1,5
TTCAAGCCGAGCTGAG-1_V13B23-285_A1,4
TTCAATACTCTGAATC-1_V13B23-285_A1,8
TTCACGAAAGGATCAC-1_V13B23-285_A1,2
TTCACTCGAGCACCTA-1_V13B23-285_A1,3
TTCACTTCCTAGAACG-1_V13B23-285_A1,1
TTCAGAGTAACCTGAC-1_V13B23-285_A1,3
TTCAGCCCTGGTCCAC-1_V13B23-285_A1,1
TTCAGCTGGCGTGCCC-1_V13B23-285_A1,3
TTCAGGCGTCAAAGCC-1_V13B23-285_A1,2
TTCAGTTTGTGGCAGC-1_V13B23-285_A1,5
TTCATAGCCTTGTAAC-1_V13B23-285_A1,3
TTCATAGGGTGTCCAT-1_V13B23-285_A1,8
TTCATGGCGCAACAGG-1_V13B23-285_A1,2
TTCCAATCAGAGCTAG-1_V13B23-285_A1,1
TTCCAATCTGGCTATC-1_V13B23-285_A1,1
TTCCACACAGATTTGA-1_V13B23-285_A1,5
TTCCAGACGAGATTTA-1_V13B23-285_A1,18
TTCCATCGACAGCGTG-1_V13B23-285_A1,12
TTCCCGGCGCCAATAG-1_V13B23-285_A1,5
TTCCGCAGAGAAATAT-1_V13B23-285_A1,1
TTCCGCGTGAGGCGAT-1_V13B23-285_A1,5
TTCCGGCCTTGAGGCT-1_V13B23-285_A1,4
TTCCGGTATCTGTGTC-1_V13B23-285_A1,3
TTCCGGTTACCCACTT-1_V13B23-285_A1,1
TTCCTCGAGGGTGTCT-1_V13B23-285_A1,2
TTCCTCGGACTAACCA-1_V13B23-285_A1,3
TTCCTCTGCCCGAATA-1_V13B23-285_A1,5
TTCCTTTCTGTGTTGC-1_V13B23-285_A1,3
TTCGACAGAGCCCGTG-1_V13B23-285_A1,1
TTCGACGGGAAGGGCG-1_V13B23-285_A1,2
TTCGCACTCGCGTGCT-1_V13B23-285_A1,5
TTCGCACTGTACGACA-1_V13B23-285_A1,2
TTCGCATCCGGAAGCA-1_V13B23-285_A1,3
TTCGCCGCTCGCGCTA-1_V13B23-285_A1,1
TTCGCGCGCCATACGA-1_V13B23-285_A1,2
TTCGCTAGGAAGTTGT-1_V13B23-285_A1,2
TTCGCTATCTGACGTG-1_V13B23-285_A1,3
TTCGGCAACCCGCTGA-1_V13B23-285_A1,16
TTCGGCTAGAGATGGT-1_V13B23-285_A1,1
TTCGGGACTAATCGCG-1_V13B23-285_A1,2
TTCGGGCGCTAGTCTT-1_V13B23-285_A1,5
TTCGGGTTGCCACGGG-1_V13B23-285_A1,1
TTCGGTACTGTAGAGG-1_V13B23-285_A1,3
TTCGGTGGAGACGCCC-1_V13B23-285_A1,1
TTCGTAATCCCAGCGG-1_V13B23-285_A1,14
TTCGTACTCCAGAACG-1_V13B23-285_A1,5
TTCGTTCAACGAAGTT-1_V13B23-285_A1,1
TTCTAACCGAAGCTTA-1_V13B23-285_A1,1
TTCTACTTGCGAGGGC-1_V13B23-285_A1,4
TTCTAGAAAGTCTTAT-1_V13B23-285_A1,4
TTCTAGGCCAATTGTG-1_V13B23-285_A1,5
TTCTATGCCTTTCGCA-1_V13B23-285_A1,12
TTCTATTAAACGCAGC-1_V13B23-285_A1,2
TTCTCTTACAGGTGAT-1_V13B23-285_A1,2
TTCTGACCGGGCTCAA-1_V13B23-285_A1,1
TTCTGCCGCGCCTAGA-1_V13B23-285_A1,1
TTCTGCGAGCGCCCTT-1_V13B23-285_A1,2
TTCTGCGGGTTAGCGG-1_V13B23-285_A1,3
TTCTGCTAGACTCCAA-1_V13B23-285_A1,3
TTCTGTTTCCTGTCGC-1_V13B23-285_A1,2
TTCTTAGTGAACGGTG-1_V13B23-285_A1,12
TTCTTAGTGGCTCAGA-1_V13B23-285_A1,1
TTCTTATCCGCTGGGT-1_V13B23-285_A1,12
TTCTTGAGCCGCGCTA-1_V13B23-285_A1,22
TTCTTGCTAGCATCTC-1_V13B23-285_A1,3
TTCTTGGACGATCTGC-1_V13B23-285_A1,3
TTCTTGGAGTAATGAG-1_V13B23-285_A1,5
TTCTTGTAACCTAATG-1_V13B23-285_A1,1
TTCTTGTGTCCATCAG-1_V13B23-285_A1,1
TTCTTTGGTCGCGACG-1_V13B23-285_A1,1
TTGAACGAATCCTTTG-1_V13B23-285_A1,10
TTGAACGACGTGCTGA-1_V13B23-285_A1,3
TTGAAGAATTCCCAGG-1_V13B23-285_A1,1
TTGAAGGATGGGCGCC-1_V13B23-285_A1,16
TTGAATATGGACTTTC-1_V13B23-285_A1,2
TTGAATCGTTGTATAA-1_V13B23-285_A1,5
TTGAATTCACGTGAGG-1_V13B23-285_A1,18
TTGACAGGAGCTCCCG-1_V13B23-285_A1,3
TTGACATGAACGTGGA-1_V13B23-285_A1,2
TTGACCAGGAACAACT-1_V13B23-285_A1,3
TTGACCATGTTCTCCG-1_V13B23-285_A1,2
TTGACCGTGTTAATGA-1_V13B23-285_A1,2
TTGACGATTCAGCACG-1_V13B23-285_A1,3
TTGACGCTCCATGAGC-1_V13B23-285_A1,3
TTGACTACCATATGGT-1_V13B23-285_A1,5
TTGACTATTGTCCGGC-1_V13B23-285_A1,3
TTGAGAAGTTTAGCAT-1_V13B23-285_A1,3
TTGAGAGTACTGCTAA-1_V13B23-285_A1,5
TTGAGCAGCCCACGGT-1_V13B23-285_A1,2
TTGAGCGCCACGTGAT-1_V13B23-285_A1,3
TTGATAGTCAATACAT-1_V13B23-285_A1,1
TTGATCTAACTTTGTC-1_V13B23-285_A1,2
TTGATGTGTAGTCCCG-1_V13B23-285_A1,5
TTGATTAGCTGTTTCT-1_V13B23-285_A1,4
TTGATTATGCAGATGA-1_V13B23-285_A1,6
TTGCAAGAAGACTCCT-1_V13B23-285_A1,3
TTGCACAATTCAGAAA-1_V13B23-285_A1,20
TTGCACGGAGCAGCAC-1_V13B23-285_A1,5
TTGCATGCTGATCACG-1_V13B23-285_A1,2
TTGCCAAGCAGAACCC-1_V13B23-285_A1,10
TTGCCATAGCCCGCTC-1_V13B23-285_A1,1
TTGCCCTGATCACGGG-1_V13B23-285_A1,1
TTGCCGCAGACCTACA-1_V13B23-285_A1,3
TTGCCGCTTTCTAGTA-1_V13B23-285_A1,3
TTGCCTTCTCGCCGGG-1_V13B23-285_A1,3
TTGCGCTCTCTCGCTT-1_V13B23-285_A1,2
TTGCGCTTGATCAATA-1_V13B23-285_A1,3
TTGCGGCATCAGAAAG-1_V13B23-285_A1,8
TTGCGTAGTTTGAGGA-1_V13B23-285_A1,4
TTGCGTCGGCCAACCG-1_V13B23-285_A1,2
TTGCGTGAACGCTTAG-1_V13B23-285_A1,7
TTGCGTGTGTAGGCAT-1_V13B23-285_A1,3
TTGCTAGCTACCAATC-1_V13B23-285_A1,4
TTGCTCATAGTACGTG-1_V13B23-285_A1,1
TTGCTCCCATACCGGA-1_V13B23-285_A1,2
TTGCTGAAGGAACCAC-1_V13B23-285_A1,5
TTGCTGATCATGTTCG-1_V13B23-285_A1,5
TTGCTGCACCTATCCA-1_V13B23-285_A1,1
TTGCTGGCCGGGCTTC-1_V13B23-285_A1,21
TTGGAAGAATACAGTC-1_V13B23-285_A1,5
TTGGACATGTGGCTTA-1_V13B23-285_A1,13
TTGGACCATCTGGCAA-1_V13B23-285_A1,3
TTGGACCTATAACAGT-1_V13B23-285_A1,3
TTGGAGTCTCCCTTCT-1_V13B23-285_A1,11
TTGGATATCGTCTACG-1_V13B23-285_A1,4
TTGGATCGACTTCTGG-1_V13B23-285_A1,1
TTGGATTGGGTACCAC-1_V13B23-285_A1,2
TTGGCCATCTTGCGCT-1_V13B23-285_A1,3
TTGGCCTAGAATTTCG-1_V13B23-285_A1,3
TTGGCGATCCGAATAT-1_V13B23-285_A1,1
TTGGCTCAATATGTGT-1_V13B23-285_A1,12
TTGGCTCGCATGAGAC-1_V13B23-285_A1,1
TTGGGAAGACGAGCCG-1_V13B23-285_A1,1
TTGGGACACTGCCCGC-1_V13B23-285_A1,4
TTGGGACGTAAGAGTT-1_V13B23-285_A1,3
TTGGGCGGCGGTTGCC-1_V13B23-285_A1,1
TTGGTATGGCTTGTGT-1_V13B23-285_A1,3
TTGGTCACACTCGTAA-1_V13B23-285_A1,5
TTGGTTGCGGTGCGCG-1_V13B23-285_A1,2
TTGTAAGGACCTAAGT-1_V13B23-285_A1,2
TTGTAAGGCCAGTTGG-1_V13B23-285_A1,1
TTGTAATCCGTACTCG-1_V13B23-285_A1,1
TTGTACACCTCGAACA-1_V13B23-285_A1,16
TTGTATCACACAGAAT-1_V13B23-285_A1,4
TTGTCACCGCGGTATC-1_V13B23-285_A1,18
TTGTCGTTCAGTTACC-1_V13B23-285_A1,5
TTGTGAACCTAATCCG-1_V13B23-285_A1,3
TTGTGAGGCATGACGC-1_V13B23-285_A1,2
TTGTGATCTGTTCAGT-1_V13B23-285_A1,12
TTGTGCAGCCACGTCA-1_V13B23-285_A1,3
TTGTGCGGAAGCGGAT-1_V13B23-285_A1,2
TTGTGGCCCTGACAGT-1_V13B23-285_A1,5
TTGTGGTAGGAGGGAT-1_V13B23-285_A1,13
TTGTGGTGGTACTAAG-1_V13B23-285_A1,3
TTGTGTATGCCACCAA-1_V13B23-285_A1,7
TTGTGTTTCCCGAAAG-1_V13B23-285_A1,5
TTGTTAGCAAATTCGA-1_V13B23-285_A1,1
TTGTTCAGTGTGCTAC-1_V13B23-285_A1,5
TTGTTCTAGATACGCT-1_V13B23-285_A1,2
TTGTTGTGTGTCAAGA-1_V13B23-285_A1,5
TTGTTTCACATCCAGG-1_V13B23-285_A1,2
TTGTTTCATTAGTCTA-1_V13B23-285_A1,1
TTGTTTCCATACAACT-1_V13B23-285_A1,2
TTGTTTGTGTAAATTC-1_V13B23-285_A1,1
AAACAAGTATCTCCCA-1_V13B23-285_B1,5
AAACACCAATAACTGC-1_V13B23-285_B1,1
AAACAGAGCGACTCCT-1_V13B23-285_B1,2
AAACAGCTTTCAGAAG-1_V13B23-285_B1,3
AAACAGGGTCTATATT-1_V13B23-285_B1,3
AAACATTTCCCGGATT-1_V13B23-285_B1,1
AAACCCGAACGAAATC-1_V13B23-285_B1,4
AAACCGGAAATGTTAA-1_V13B23-285_B1,2
AAACCGGGTAGGTACC-1_V13B23-285_B1,3
AAACCGTTCGTCCAGG-1_V13B23-285_B1,1
AAACCTCATGAAGTTG-1_V13B23-285_B1,4
AAACGAGACGGTTGAT-1_V13B23-285_B1,2
AAACGTGTTCGCCCTA-1_V13B23-285_B1,4
AAACTCGTGATATAAG-1_V13B23-285_B1,8
AAACTGCTGGCTCCAA-1_V13B23-285_B1,2
AAACTTGCAAACGTAT-1_V13B23-285_B1,4
AAAGACTGGGCGCTTT-1_V13B23-285_B1,6
AAAGCTTGCCTACATA-1_V13B23-285_B1,1
AAAGGCTACGGACCAT-1_V13B23-285_B1,4
AAAGGCTCTCGCGCCG-1_V13B23-285_B1,4
AAAGGGATGTAGCAAG-1_V13B23-285_B1,4
AAAGGGCAGCTTGAAT-1_V13B23-285_B1,11
AAAGGTAAGCTGTACC-1_V13B23-285_B1,10
AAAGTAGCATTGCTCA-1_V13B23-285_B1,4
AAAGTCGACCCTCAGT-1_V13B23-285_B1,1
AAAGTGTGATTTATCT-1_V13B23-285_B1,5
AAAGTTGACTCCCGTA-1_V13B23-285_B1,2
AAATAACCATACGGGA-1_V13B23-285_B1,9
AAATAAGGTAGTGCCC-1_V13B23-285_B1,4
AAATACCTATAAGCAT-1_V13B23-285_B1,2
AAATAGCTTAGACTTT-1_V13B23-285_B1,2
AAATAGGGTGCTATTG-1_V13B23-285_B1,2
AAATCGTGTACCACAA-1_V13B23-285_B1,4
AAATCTAGCCCTGCTA-1_V13B23-285_B1,2
AAATGATTCGATCAGC-1_V13B23-285_B1,8
AAATGCTCGTTACGTT-1_V13B23-285_B1,1
AAATGGCATGTCTTGT-1_V13B23-285_B1,14
AAATGGCCCGTGCCCT-1_V13B23-285_B1,1
AAATGGTCAATGTGCC-1_V13B23-285_B1,1
AAATTAACGGGTAGCT-1_V13B23-285_B1,1
AAATTACACGACTCTG-1_V13B23-285_B1,13
AAATTACCTATCGATG-1_V13B23-285_B1,1
AAATTCCAGGTCCAAA-1_V13B23-285_B1,5
AAATTGATAGTCCTTT-1_V13B23-285_B1,1
AAATTGGTGAGAAGCA-1_V13B23-285_B1,8
AAATTTGCGGGTGTGG-1_V13B23-285_B1,1
AACAACTGGTAGTTGC-1_V13B23-285_B1,1
AACAATACATTGTCGA-1_V13B23-285_B1,3
AACAATTACTCTACGC-1_V13B23-285_B1,1
AACACACGCTCGCCGC-1_V13B23-285_B1,5
AACACGAGACGCGGCC-1_V13B23-285_B1,1
AACAGCTGTGTGGCAA-1_V13B23-285_B1,1
AACAGGAAATCGAATA-1_V13B23-285_B1,7
AACAGGATGGGCCGCG-1_V13B23-285_B1,1
AACAGGTAGTATGGAT-1_V13B23-285_B1,4
AACATATCAACTGGTG-1_V13B23-285_B1,3
AACATCGATACGTCTA-1_V13B23-285_B1,4
AACCAAGACTTCTCTG-1_V13B23-285_B1,2
AACCATGGGATCGCTA-1_V13B23-285_B1,1
AACCCAGAGACGGAGA-1_V13B23-285_B1,4
AACCCATCCCATGATC-1_V13B23-285_B1,1
AACCCGAGCAGAATCG-1_V13B23-285_B1,5
AACCCTACTGTCAATA-1_V13B23-285_B1,2
AACCGAGCTTGGTCAT-1_V13B23-285_B1,7
AACCGCTAAGGGATGC-1_V13B23-285_B1,1
AACCGTTGTGTTTGCT-1_V13B23-285_B1,14
AACCTCGCTTTAGCCC-1_V13B23-285_B1,5
AACCTGTCACGGAATT-1_V13B23-285_B1,5
AACCTTTAAATACGGT-1_V13B23-285_B1,1
AACCTTTACGACGTCT-1_V13B23-285_B1,7
AACGATAATGCCGTAG-1_V13B23-285_B1,2
AACGATAGAAGGGCCG-1_V13B23-285_B1,7
AACGATATGTCAACTG-1_V13B23-285_B1,1
AACGCATGATCTGGGT-1_V13B23-285_B1,3
AACGCGGTCTCCAGCC-1_V13B23-285_B1,4
AACGCTGTTGCTGAAA-1_V13B23-285_B1,5
AACGGACGTACGTATA-1_V13B23-285_B1,5
AACGGCCATCTCCGGT-1_V13B23-285_B1,1
AACGTACTGTGGGTAC-1_V13B23-285_B1,1
AACGTCAGACTAGTGG-1_V13B23-285_B1,3
AACGTGATGAAGGACA-1_V13B23-285_B1,21
AACGTGCGAAAGTCTC-1_V13B23-285_B1,2
AACTACCCGTTTGTCA-1_V13B23-285_B1,2
AACTAGGCTTGGGTGT-1_V13B23-285_B1,1
AACTCAAGTTAATTGC-1_V13B23-285_B1,1
AACTCCAGAGCGTGTT-1_V13B23-285_B1,1
AACTCCTAATCCCATG-1_V13B23-285_B1,3
AACTCGATGGCGCAGT-1_V13B23-285_B1,4
AACTCTCAATAGAGCG-1_V13B23-285_B1,5
AACTCTCAGTGTGCTC-1_V13B23-285_B1,1
AACTGAGTTATACTGA-1_V13B23-285_B1,6
AACTGATATTAGGCCT-1_V13B23-285_B1,9
AACTGGGTCCCGACGT-1_V13B23-285_B1,7
AACTTCTGCGTCTATC-1_V13B23-285_B1,3
AACTTGCCCGTATGCA-1_V13B23-285_B1,3
AACTTGCGTTCTCGCG-1_V13B23-285_B1,16
AACTTTACGGGAGCTT-1_V13B23-285_B1,4
AACTTTCTCGATCATG-1_V13B23-285_B1,11
AAGAAATCACCAGATT-1_V13B23-285_B1,4
AAGAAGGATCAGTTAG-1_V13B23-285_B1,7
AAGACCCAACTGAACA-1_V13B23-285_B1,3
AAGACTGCAAGCTACT-1_V13B23-285_B1,1
AAGAGATGAATCGGTA-1_V13B23-285_B1,7
AAGAGCTCTTTATCGG-1_V13B23-285_B1,1
AAGAGGATGTACGCGA-1_V13B23-285_B1,16
AAGAGGCATGGATCGC-1_V13B23-285_B1,15
AAGAGGCCCTTTGGAA-1_V13B23-285_B1,22
AAGATGGCACCGGACC-1_V13B23-285_B1,1
AAGATTGGCGGAACGT-1_V13B23-285_B1,4
AAGCACCCTGCGTATC-1_V13B23-285_B1,1
AAGCATACTCTCCTGA-1_V13B23-285_B1,4
AAGCCGAAGCGGTTTA-1_V13B23-285_B1,5
AAGCCGCTTTACCTTG-1_V13B23-285_B1,4
AAGCCGGAGAGCAGGA-1_V13B23-285_B1,1
AAGCGGAGTGCGCGCA-1_V13B23-285_B1,17
AAGCGGCGTCATGGGT-1_V13B23-285_B1,10
AAGCGTCCCTCATCGA-1_V13B23-285_B1,11
AAGCTAGATCGAGTAA-1_V13B23-285_B1,2
AAGCTCGTGCCAAGTC-1_V13B23-285_B1,10
AAGCTCTTTCATGGTG-1_V13B23-285_B1,2
AAGGAGCGGTTGGTGC-1_V13B23-285_B1,4
AAGGATCGATCGCTTG-1_V13B23-285_B1,2
AAGGATGAGGGACCTC-1_V13B23-285_B1,1
AAGGCAGGCTGTCTCC-1_V13B23-285_B1,18
AAGGCGCGTAAAGCTT-1_V13B23-285_B1,1
AAGGCTGTGCTCATCG-1_V13B23-285_B1,1
AAGGGACAGATTCTGT-1_V13B23-285_B1,4
AAGGGACTATGCATTC-1_V13B23-285_B1,12
AAGGTATCCTAATATA-1_V13B23-285_B1,16
AAGGTGATAAACCAGC-1_V13B23-285_B1,5
AAGTAGAAGACCGGGT-1_V13B23-285_B1,1
AAGTAGTGACGCGAGG-1_V13B23-285_B1,2
AAGTCAATTGTCGTCA-1_V13B23-285_B1,2
AAGTCTAGTAGCTGCC-1_V13B23-285_B1,3
AAGTGACGACCGAATT-1_V13B23-285_B1,4
AAGTGAGTCGGGTTTA-1_V13B23-285_B1,2
AAGTGCAAAGGTAGAC-1_V13B23-285_B1,3
AAGTGCCTTGACTGTA-1_V13B23-285_B1,4
AAGTGCGTTAGAATCT-1_V13B23-285_B1,4
AAGTGTTTGGAGACGG-1_V13B23-285_B1,2
AAGTTCACTCCAAGCT-1_V13B23-285_B1,2
AAGTTCAGTCTGCGTA-1_V13B23-285_B1,4
AAGTTCGGCCAACAGG-1_V13B23-285_B1,1
AATAACAACGCTCGGC-1_V13B23-285_B1,1
AATAACACTAGAACAA-1_V13B23-285_B1,8
AATAATCTTCGTATCG-1_V13B23-285_B1,2
AATACAATGTTTCAGG-1_V13B23-285_B1,3
AATAGAACAGAGTGGC-1_V13B23-285_B1,1
AATAGAATCTGTTTCA-1_V13B23-285_B1,22
AATAGCTACCGCGTGC-1_V13B23-285_B1,3
AATAGTCCGTCCCGAC-1_V13B23-285_B1,3
AATAGTCGCGAGTCGG-1_V13B23-285_B1,1
AATATCGAATCAATGC-1_V13B23-285_B1,2
AATATCGAGGGTTCTC-1_V13B23-285_B1,8
AATATTGGAGTATTGA-1_V13B23-285_B1,1
AATCATGTAAAGACTC-1_V13B23-285_B1,8
AATCCAAGGGCCTGAG-1_V13B23-285_B1,23
AATCGCCTCAGCGCCA-1_V13B23-285_B1,18
AATCGCGCAGAGGACT-1_V13B23-285_B1,2
AATCTAGGTTTACTTG-1_V13B23-285_B1,2
AATCTATGCCGGAGCC-1_V13B23-285_B1,3
AATCTCTACTGTGGTT-1_V13B23-285_B1,6
AATCTGCGTTGGGACG-1_V13B23-285_B1,1
AATCTGGCTTTCTAGT-1_V13B23-285_B1,3
AATGACAGCAATGTCT-1_V13B23-285_B1,3
AATGACGTAGGATGTC-1_V13B23-285_B1,2
AATGACTGTCAGCCGG-1_V13B23-285_B1,22
AATGAGTTCGCATATG-1_V13B23-285_B1,1
AATGATGATACGCTAT-1_V13B23-285_B1,4
AATGATGCGACTCCTG-1_V13B23-285_B1,3
AATGCAACCGGGTACC-1_V13B23-285_B1,4
AATGCACCAAGCAATG-1_V13B23-285_B1,1
AATGGTCCACCGTTCA-1_V13B23-285_B1,6
AATGGTTCTCACAAGC-1_V13B23-285_B1,1
AATGTGCCCGAGGTGT-1_V13B23-285_B1,16
AATTAAAGGTCGGCGT-1_V13B23-285_B1,6
AATTAACGGATTTCCA-1_V13B23-285_B1,11
AATTAGCGCTGCAGCG-1_V13B23-285_B1,4
AATTCATAAGGGATCT-1_V13B23-285_B1,1
AATTCTAGAGTTAGGC-1_V13B23-285_B1,4
AATTGAACGCTCTGGT-1_V13B23-285_B1,2
AATTTGGGACATAGTA-1_V13B23-285_B1,15
AATTTGGTTCCAAAGA-1_V13B23-285_B1,21
ACAAATCGCACCGAAT-1_V13B23-285_B1,5
ACAAATGGTAGTGTTT-1_V13B23-285_B1,5
ACAACAGCATGAGCTA-1_V13B23-285_B1,5
ACAACGGTCCCTGCGA-1_V13B23-285_B1,1
ACAAGCAGTGCCTAGC-1_V13B23-285_B1,1
ACAAGGAAATCCGCCC-1_V13B23-285_B1,1
ACAAGGACAAGAGGTT-1_V13B23-285_B1,1
ACAAGGATGCTTTAGG-1_V13B23-285_B1,3
ACAAGGGCAGGCTCTG-1_V13B23-285_B1,2
ACAATAGTCGTACGTT-1_V13B23-285_B1,8
ACAATCCATTTAAACC-1_V13B23-285_B1,1
ACAATGAATACGGAGA-1_V13B23-285_B1,3
ACAATTGTGTCTCTTT-1_V13B23-285_B1,2
ACAATTTAGGAGGCTC-1_V13B23-285_B1,3
ACAATTTGAGCAGTGG-1_V13B23-285_B1,12
ACAATTTGGCCATATT-1_V13B23-285_B1,5
ACACAAAGACGGGTGG-1_V13B23-285_B1,4
ACACAAATATTCCTAG-1_V13B23-285_B1,10
ACACACCAGGACCAGT-1_V13B23-285_B1,5
ACACACTTTCTACACG-1_V13B23-285_B1,13
ACACATGATCAAATCT-1_V13B23-285_B1,3
ACACCACATAATTAGC-1_V13B23-285_B1,3
ACACCCAGCATGCAGC-1_V13B23-285_B1,1
ACACCCGAGAAATCCG-1_V13B23-285_B1,7
ACACCTTAAGTAGGGC-1_V13B23-285_B1,8
ACACCTTACTACTTGC-1_V13B23-285_B1,6
ACACGAGACTCCTTCT-1_V13B23-285_B1,5
ACACGGGAACTTAGGG-1_V13B23-285_B1,1
ACACGTAGGCCACAAG-1_V13B23-285_B1,2
ACACTCCAATGTCACT-1_V13B23-285_B1,4
ACACTGATCAAGGTGT-1_V13B23-285_B1,1
ACACTGGGACAGTCGT-1_V13B23-285_B1,5
ACAGAACTGAGAACAA-1_V13B23-285_B1,1
ACAGCGACATTCTCAT-1_V13B23-285_B1,2
ACAGCGCACCCGCAGC-1_V13B23-285_B1,21
ACAGGCTTGCCCGACT-1_V13B23-285_B1,2
ACAGGTGGAGGTGAGG-1_V13B23-285_B1,1
ACAGTAATACAACTTG-1_V13B23-285_B1,3
ACAGTATACCGTGGGA-1_V13B23-285_B1,4
ACATAATAAGGCGGTG-1_V13B23-285_B1,1
ACATCAGCTGGGACGC-1_V13B23-285_B1,12
ACATCCCGGCCATACG-1_V13B23-285_B1,3
ACATCCTGGTAACTGT-1_V13B23-285_B1,5
ACATCGATCGTTTACC-1_V13B23-285_B1,4
ACATCGGTCAGCCGCG-1_V13B23-285_B1,1
ACATCGTATGCAATGG-1_V13B23-285_B1,2
ACATCGTTAACCTAGT-1_V13B23-285_B1,21
ACATGGCGCCAAAGTA-1_V13B23-285_B1,5
ACATTAGTTTATATCC-1_V13B23-285_B1,4
ACCAAACACCCAGCGA-1_V13B23-285_B1,1
ACCAACACCACACACT-1_V13B23-285_B1,8
ACCAACGCTTATTTAT-1_V13B23-285_B1,1
ACCAAGAACGCGTGTC-1_V13B23-285_B1,7
ACCAATATGCAAGTTA-1_V13B23-285_B1,18
ACCACAAGTTTCTATC-1_V13B23-285_B1,3
ACCACCAATGTAACAA-1_V13B23-285_B1,2
ACCACCCTCTCTTCTA-1_V13B23-285_B1,11
ACCACGTGCAGCTATA-1_V13B23-285_B1,2
ACCAGTGCCCGGTCAA-1_V13B23-285_B1,10
ACCAGTGCGGGAGACG-1_V13B23-285_B1,1
ACCATATCCGCAATAA-1_V13B23-285_B1,1
ACCATCGTATATGGTA-1_V13B23-285_B1,11
ACCCAACGCCCGTGGC-1_V13B23-285_B1,3
ACCCACCTACATGCTC-1_V13B23-285_B1,1
ACCCATCTTGAGGGTA-1_V13B23-285_B1,1
ACCCATTTGTCCCTCT-1_V13B23-285_B1,2
ACCCGAGCGAAATTAC-1_V13B23-285_B1,1
ACCCGGAAACTCCCAG-1_V13B23-285_B1,11
ACCCGGAGCACCACAA-1_V13B23-285_B1,2
ACCCGGATGACGCATC-1_V13B23-285_B1,5
ACCCGGTTACACTTCC-1_V13B23-285_B1,1
ACCCGTGTCATCAGTA-1_V13B23-285_B1,11
ACCCTATAGGACTGAG-1_V13B23-285_B1,4
ACCCTATGCCATATCG-1_V13B23-285_B1,1
ACCCTCCCTTGCTATT-1_V13B23-285_B1,5
ACCCTGGTAACGCCCT-1_V13B23-285_B1,15
ACCCTTCATCTGCGAA-1_V13B23-285_B1,9
ACCCTTGCCTGGGTCG-1_V13B23-285_B1,8
ACCGAAGAGTCTGGTT-1_V13B23-285_B1,12
ACCGACACATCTCCCA-1_V13B23-285_B1,11
ACCGACTGAGTCCCAC-1_V13B23-285_B1,1
ACCGATAGGCATAACC-1_V13B23-285_B1,5
ACCGATATTTAATCAT-1_V13B23-285_B1,5
ACCGATGGTAGCATCG-1_V13B23-285_B1,5
ACCGCAATAACTGCCT-1_V13B23-285_B1,2
ACCGCGGTGGAAGTCG-1_V13B23-285_B1,25
ACCGGGCCTTTGTTGA-1_V13B23-285_B1,5
ACCGGTCAGGTACACC-1_V13B23-285_B1,11
ACCGTGACCACGTGGG-1_V13B23-285_B1,3
ACCTAAGTACCTTTCA-1_V13B23-285_B1,1
ACCTAATCGACTTCCT-1_V13B23-285_B1,2
ACCTACAGTATGTGGT-1_V13B23-285_B1,5
ACCTCCGCCCTCGCTG-1_V13B23-285_B1,2
ACCTCCGTTATTCACC-1_V13B23-285_B1,6
ACCTGCGTGTCATGTT-1_V13B23-285_B1,3
ACGAAATGGGCGGCAC-1_V13B23-285_B1,2
ACGACCCATGAGTTGC-1_V13B23-285_B1,2
ACGAGATATTTGCTTA-1_V13B23-285_B1,24
ACGAGGATACCACTCT-1_V13B23-285_B1,3
ACGAGGTTTACAACGT-1_V13B23-285_B1,1
ACGAGTACGGATGCCC-1_V13B23-285_B1,3
ACGATACATAGAACTA-1_V13B23-285_B1,4
ACGATCATACATAGAG-1_V13B23-285_B1,4
ACGATCATCTTGTAAA-1_V13B23-285_B1,5
ACGATGCATATGTTAT-1_V13B23-285_B1,3
ACGATGGATCCGATGC-1_V13B23-285_B1,24
ACGCAATCACTACAGC-1_V13B23-285_B1,4
ACGCATACGTTTACTA-1_V13B23-285_B1,2
ACGCATTCGTGAGTAC-1_V13B23-285_B1,2
ACGCCGCTAGACGACC-1_V13B23-285_B1,2
ACGCGAAGTCAGACGA-1_V13B23-285_B1,1
ACGCGCTACACAGGGT-1_V13B23-285_B1,1
ACGCGGGCCAAGGACA-1_V13B23-285_B1,5
ACGCTAGTGATACACT-1_V13B23-285_B1,11
ACGCTGTGAGGCGTAG-1_V13B23-285_B1,8
ACGGAATTTAGCAAAT-1_V13B23-285_B1,2
ACGGACTCTCAAAGCG-1_V13B23-285_B1,2
ACGGAGCGCAAATTAC-1_V13B23-285_B1,4
ACGGATGGTGCGGATA-1_V13B23-285_B1,1
ACGGCACTTGCTTGGG-1_V13B23-285_B1,3
ACGGCCAACATGGACT-1_V13B23-285_B1,1
ACGGCGACGATGGGAA-1_V13B23-285_B1,2
ACGGCTGGATGTAGAA-1_V13B23-285_B1,1
ACGGGAGTGTCGGCCC-1_V13B23-285_B1,3
ACGGGCGTATGCGACA-1_V13B23-285_B1,3
ACGGGTCATGTGACTT-1_V13B23-285_B1,11
ACGTACAGATTTCTCT-1_V13B23-285_B1,14
ACGTAGATTGCTGATG-1_V13B23-285_B1,5
ACGTATTACTCCGATC-1_V13B23-285_B1,5
ACGTGCGCCTCGTGCA-1_V13B23-285_B1,4
ACGTTAATGTCGAAGA-1_V13B23-285_B1,2
ACGTTAGATTTGCCCG-1_V13B23-285_B1,3
ACGTTATTGGTCACTC-1_V13B23-285_B1,3
ACGTTCGCAATCAATT-1_V13B23-285_B1,3
ACGTTCGTTCAGGAAA-1_V13B23-285_B1,1
ACGTTTAGTTGTGATC-1_V13B23-285_B1,13
ACTACCAGCTCTCTGG-1_V13B23-285_B1,4
ACTACGCGTTAGAATT-1_V13B23-285_B1,11
ACTAGTTGCGATCGTC-1_V13B23-285_B1,2
ACTATATGCTGTGTTC-1_V13B23-285_B1,4
ACTATCCAGGGCATGG-1_V13B23-285_B1,5
ACTATCTGCCCGCGTA-1_V13B23-285_B1,5
ACTATTCGTCCGTGGT-1_V13B23-285_B1,13
ACTATTTCCGGGCCCA-1_V13B23-285_B1,3
ACTCAAGTGCAAGGCT-1_V13B23-285_B1,16
ACTCAATAAAGGCACG-1_V13B23-285_B1,4
ACTCCCATTCCTAAAG-1_V13B23-285_B1,1
ACTCCCGAATTCGTTT-1_V13B23-285_B1,11
ACTCCCGTAGACTAGG-1_V13B23-285_B1,3
ACTCCCTAATGCTAAA-1_V13B23-285_B1,3
ACTCCCTAGAATAGTA-1_V13B23-285_B1,2
ACTCGCGATCTGACGC-1_V13B23-285_B1,20
ACTCGTAACCCGTCCT-1_V13B23-285_B1,11
ACTCGTCAGTAATCCC-1_V13B23-285_B1,2
ACTCTCTGACTTAGGT-1_V13B23-285_B1,2
ACTCTCTTATACACGA-1_V13B23-285_B1,17
ACTCTTCAGCTCCCGC-1_V13B23-285_B1,1
ACTCTTGTATAGTAAC-1_V13B23-285_B1,2
ACTGAAACGCCGTTAG-1_V13B23-285_B1,4
ACTGAATGGCGAAAGT-1_V13B23-285_B1,2
ACTGCCGTCGTAACTC-1_V13B23-285_B1,9
ACTGCGGACACACCGT-1_V13B23-285_B1,5
ACTGTACGATACACAT-1_V13B23-285_B1,6
ACTGTAGCACTTTGGA-1_V13B23-285_B1,3
ACTGTCCAGGATTATA-1_V13B23-285_B1,2
ACTGTCTTCTTTAGAA-1_V13B23-285_B1,4
ACTGTGCTAGTAGATC-1_V13B23-285_B1,1
ACTTACCGGGCGCGCA-1_V13B23-285_B1,3
ACTTACGCATCCACGC-1_V13B23-285_B1,2
ACTTAGTACGACAAGA-1_V13B23-285_B1,1
ACTTATACTTACCCGG-1_V13B23-285_B1,5
ACTTATTAGGATCGGT-1_V13B23-285_B1,2
ACTTATTTATGTGCCA-1_V13B23-285_B1,2
ACTTCAGGCTGATCCC-1_V13B23-285_B1,2
ACTTCCATGCGGGACA-1_V13B23-285_B1,3
ACTTCGCCATACGCAC-1_V13B23-285_B1,1
ACTTCGCTAGCGAGTG-1_V13B23-285_B1,3
ACTTGACTCCCTCTTT-1_V13B23-285_B1,2
ACTTGGGACCCGGTGG-1_V13B23-285_B1,1
ACTTGTGGATGGAACG-1_V13B23-285_B1,5
ACTTTACCCTCATGAA-1_V13B23-285_B1,3
ACTTTCCTATAGCTTC-1_V13B23-285_B1,3
ACTTTGGTCGTGCTCC-1_V13B23-285_B1,1
ACTTTGTCGACGCACT-1_V13B23-285_B1,2
AGAAATTATGACTCGC-1_V13B23-285_B1,5
AGAACCCAGCGTGACA-1_V13B23-285_B1,5
AGAACCCTCAATTGGG-1_V13B23-285_B1,1
AGAACGTGGTACATTC-1_V13B23-285_B1,1
AGAAGAGCGCCGTTCC-1_V13B23-285_B1,3
AGAAGGTACACTTCAC-1_V13B23-285_B1,4
AGAAGGTTGCCGAATT-1_V13B23-285_B1,1
AGAAGTGATTCGTGAT-1_V13B23-285_B1,11
AGAATGCGGGTTCGGA-1_V13B23-285_B1,15
AGAATTATGGATTCGA-1_V13B23-285_B1,1
AGAATTGTTTGACATA-1_V13B23-285_B1,2
AGACAGCTCAGAATCC-1_V13B23-285_B1,3
AGACAGGCATCTCAGC-1_V13B23-285_B1,2
AGACCAAACCACACCT-1_V13B23-285_B1,3
AGACCATGGGATACAA-1_V13B23-285_B1,1
AGACCCACCGCTGATC-1_V13B23-285_B1,2
AGACCCGCCCTCCTCG-1_V13B23-285_B1,1
AGACCGCTCCGCGGTT-1_V13B23-285_B1,2
AGACCGGGAAACCCTG-1_V13B23-285_B1,1
AGACGAAGTGCCGGTC-1_V13B23-285_B1,5
AGACGACGATGCCGCT-1_V13B23-285_B1,11
AGACGCCCACTTCGCC-1_V13B23-285_B1,2
AGACTAGCCTTCCAGA-1_V13B23-285_B1,18
AGAGAACCGTCTAGGA-1_V13B23-285_B1,4
AGAGAAGGAGTACAAT-1_V13B23-285_B1,1
AGAGATCTCTAAAGCG-1_V13B23-285_B1,1
AGAGCAGTTATGAGAC-1_V13B23-285_B1,3
AGAGCCGCCGAGATTT-1_V13B23-285_B1,2
AGAGCGCTTGTAACGG-1_V13B23-285_B1,4
AGAGCGGGCTAATCAT-1_V13B23-285_B1,9
AGAGCGTACAAGCTCG-1_V13B23-285_B1,3
AGAGGCTTCGGAAACC-1_V13B23-285_B1,5
AGAGTAAACTTCACTA-1_V13B23-285_B1,5
AGAGTATAGTGTTACG-1_V13B23-285_B1,3
AGATAACTTCAGGGCC-1_V13B23-285_B1,1
AGATACCAGCACTTCA-1_V13B23-285_B1,4
AGATACCGGTGTTCAC-1_V13B23-285_B1,1
AGATACGACTTCATAT-1_V13B23-285_B1,1
AGATACTCAAGATCGA-1_V13B23-285_B1,2
AGATCGTGCATAAGAT-1_V13B23-285_B1,4
AGATCTCAGGTGTGAT-1_V13B23-285_B1,7
AGATGACTCGCCCACG-1_V13B23-285_B1,4
AGATGAGGGTTGCGAT-1_V13B23-285_B1,3
AGATGATGGAGTCTGG-1_V13B23-285_B1,5
AGATGCAAGACGTGCA-1_V13B23-285_B1,12
AGATGCATCCTGTGTC-1_V13B23-285_B1,4
AGATTATAGGACGTTT-1_V13B23-285_B1,1
AGATTCACAACCGATA-1_V13B23-285_B1,2
AGCAAAGGCCGCTAGT-1_V13B23-285_B1,1
AGCAACATATCTTATT-1_V13B23-285_B1,5
AGCAACCGAAAGTAAT-1_V13B23-285_B1,1
AGCACCAGTACTCACG-1_V13B23-285_B1,11
AGCACTACCGGCCTGT-1_V13B23-285_B1,1
AGCACTACCTCACCAG-1_V13B23-285_B1,2
AGCACTTAAGGACGCC-1_V13B23-285_B1,2
AGCAGCCAGATGAATA-1_V13B23-285_B1,3
AGCATATCAATATGCT-1_V13B23-285_B1,5
AGCATCATTTCGAAAG-1_V13B23-285_B1,1
AGCATCGTCGATAATT-1_V13B23-285_B1,1
AGCCACTCCCGTGCTT-1_V13B23-285_B1,2
AGCCCATACATGTAAG-1_V13B23-285_B1,3
AGCCCGGTAGCCTGTA-1_V13B23-285_B1,3
AGCCCTAAGCGAAGTT-1_V13B23-285_B1,13
AGCCCTGTCGCACCGT-1_V13B23-285_B1,20
AGCCCTTCTAATCCGA-1_V13B23-285_B1,11
AGCCCTTGGACATCCC-1_V13B23-285_B1,2
AGCCGTGGCTAAATGT-1_V13B23-285_B1,6
AGCCTAATACCCACGT-1_V13B23-285_B1,2
AGCCTTAAAGCGGAAG-1_V13B23-285_B1,1
AGCGACAGGAACGGTC-1_V13B23-285_B1,3
AGCGACATCCCATTCA-1_V13B23-285_B1,19
AGCGACCAACGATATT-1_V13B23-285_B1,4
AGCGCATAATGAATCG-1_V13B23-285_B1,7
AGCGCGGGTGCCAATG-1_V13B23-285_B1,7
AGCGCTAGAGCGATGT-1_V13B23-285_B1,20
AGCGCTTATGGGCAAG-1_V13B23-285_B1,19
AGCGGACACTTCGTAG-1_V13B23-285_B1,3
AGCGGCGGTTAGCGGT-1_V13B23-285_B1,3
AGCGGGAAGGGTCCAT-1_V13B23-285_B1,1
AGCGGTTGCCGCTCTG-1_V13B23-285_B1,1
AGCGTGGTATTCTACT-1_V13B23-285_B1,5
AGCTAACAAGCAATGT-1_V13B23-285_B1,11
AGCTAGAAGCAGAAGT-1_V13B23-285_B1,15
AGCTCCATATATGTTC-1_V13B23-285_B1,6
AGCTCCTTCGCACATC-1_V13B23-285_B1,2
AGCTCGTTGATGGAAA-1_V13B23-285_B1,8
AGCTCTAGACGTTCCA-1_V13B23-285_B1,2
AGCTCTTCCCAGTGCA-1_V13B23-285_B1,4
AGCTCTTCGTAACCTT-1_V13B23-285_B1,2
AGCTCTTTACTCAGTT-1_V13B23-285_B1,1
AGCTGAAGTAAACCAA-1_V13B23-285_B1,8
AGCTGTAACCTCAATC-1_V13B23-285_B1,1
AGCTTGATCTTAACTT-1_V13B23-285_B1,4
AGGAAGCTGTCCGCCG-1_V13B23-285_B1,11
AGGACAGTCGAATCCC-1_V13B23-285_B1,2
AGGACATCGCACGTCG-1_V13B23-285_B1,1
AGGACGACCCATTAGA-1_V13B23-285_B1,1
AGGACGCTCGATGTTG-1_V13B23-285_B1,4
AGGAGACATCCACAGT-1_V13B23-285_B1,15
AGGAGAGTCTGGCTAC-1_V13B23-285_B1,1
AGGAGGCCTTCGCGCG-1_V13B23-285_B1,4
AGGATAAAGTCGGGAT-1_V13B23-285_B1,1
AGGATATAGGGATTTA-1_V13B23-285_B1,5
AGGATCACGCGATCTG-1_V13B23-285_B1,1
AGGATTGCTTACGACA-1_V13B23-285_B1,3
AGGCACGTGACTGTCC-1_V13B23-285_B1,5
AGGCAGATGCGTAAAC-1_V13B23-285_B1,3
AGGCAGGGAGCGTACT-1_V13B23-285_B1,1
AGGCATTGTCGTAGGG-1_V13B23-285_B1,2
AGGCCACATTGGTTAC-1_V13B23-285_B1,5
AGGCCACCCGTTATGA-1_V13B23-285_B1,25
AGGCCCATTGTACAGG-1_V13B23-285_B1,9
AGGCCCTAGAACGCCA-1_V13B23-285_B1,3
AGGCCTGAGAATCTCG-1_V13B23-285_B1,2
AGGCGATAACTGGCGT-1_V13B23-285_B1,2
AGGCGGTTTGTCCCGC-1_V13B23-285_B1,12
AGGCGTCTATGGACGG-1_V13B23-285_B1,15
AGGCTATGGTTAGCTT-1_V13B23-285_B1,11
AGGCTTCCCGAAGAAG-1_V13B23-285_B1,4
AGGCTTGCTAGACACC-1_V13B23-285_B1,3
AGGGAAACGAGGTACT-1_V13B23-285_B1,7
AGGGACCGGCTGCGTT-1_V13B23-285_B1,5
AGGGACTCTACGCGAC-1_V13B23-285_B1,1
AGGGAGACATACTTCG-1_V13B23-285_B1,3
AGGGCGAGCAGCTGAT-1_V13B23-285_B1,3
AGGGCGTGATCGGCTA-1_V13B23-285_B1,22
AGGGCTGCAGTTACAG-1_V13B23-285_B1,5
AGGGTCAGTAACCCTA-1_V13B23-285_B1,15
AGGGTCGATGCGAACT-1_V13B23-285_B1,2
AGGGTGCTCTCGAGGG-1_V13B23-285_B1,5
AGGGTGGATAGTGCAT-1_V13B23-285_B1,12
AGGGTTCCCTTTGGTT-1_V13B23-285_B1,3
AGGGTTTAGTTCGGGA-1_V13B23-285_B1,5
AGGTAACCTCCTATTC-1_V13B23-285_B1,23
AGGTACGATATTGCCA-1_V13B23-285_B1,9
AGGTAGGTACAAAGCT-1_V13B23-285_B1,1
AGGTATAATTGATAGT-1_V13B23-285_B1,5
AGGTATGCGGACATTA-1_V13B23-285_B1,2
AGGTCAGGTGAGAGTG-1_V13B23-285_B1,1
AGGTCGCCTCCCAACA-1_V13B23-285_B1,22
AGGTCGCGGAGTTACT-1_V13B23-285_B1,4
AGGTGTATCGCCATGA-1_V13B23-285_B1,15
AGGTTACACCATGCCG-1_V13B23-285_B1,5
AGGTTGAGGCACGCTT-1_V13B23-285_B1,2
AGGTTTCACACACCTT-1_V13B23-285_B1,1
AGTACATCATTTATCA-1_V13B23-285_B1,18
AGTACCTTCGAGTGCT-1_V13B23-285_B1,10
AGTACGGGCACCTGGC-1_V13B23-285_B1,1
AGTACTCTTATGCCCA-1_V13B23-285_B1,2
AGTAGGAAGGAAGTTG-1_V13B23-285_B1,3
AGTAGGTAACATACAT-1_V13B23-285_B1,23
AGTATAATACTAGGCA-1_V13B23-285_B1,1
AGTATGCTGGAGACCA-1_V13B23-285_B1,3
AGTATTTGGCACGACC-1_V13B23-285_B1,12
AGTCAACACCACCATC-1_V13B23-285_B1,1
AGTCAAGATGACACTT-1_V13B23-285_B1,5
AGTCACTAGCTCTCGA-1_V13B23-285_B1,1
AGTCAGCCACCGCCTG-1_V13B23-285_B1,2
AGTCCATTGGCTGATG-1_V13B23-285_B1,2
AGTCCCGCCTTTAATT-1_V13B23-285_B1,10
AGTCCCTCGCAGAAAG-1_V13B23-285_B1,8
AGTCGACGGTCTCAAG-1_V13B23-285_B1,2
AGTCGGCCCAAACGAC-1_V13B23-285_B1,1
AGTCGGCTCAACTTTA-1_V13B23-285_B1,3
AGTCGGTTGCGTGAGA-1_V13B23-285_B1,5
AGTCGTCGACCACCAA-1_V13B23-285_B1,2
AGTCGTGGGCATTACG-1_V13B23-285_B1,2
AGTCTAAAGTATACTC-1_V13B23-285_B1,3
AGTCTCACAAGACTAC-1_V13B23-285_B1,3
AGTCTGGACATCCTTG-1_V13B23-285_B1,1
AGTCTTCTCCTCAAAT-1_V13B23-285_B1,1
AGTGAACAAACTTCTC-1_V13B23-285_B1,2
AGTGAAGATGGTGTCC-1_V13B23-285_B1,18
AGTGACCTACTTTACG-1_V13B23-285_B1,1
AGTGAGACTTCCAGTA-1_V13B23-285_B1,2
AGTGAGCCTCGCCGCC-1_V13B23-285_B1,3
AGTGAGGGTTTCTGAC-1_V13B23-285_B1,17
AGTGATAACCTGCGCG-1_V13B23-285_B1,3
AGTGATATGAGTAGTT-1_V13B23-285_B1,3
AGTGATTCAAGCAGGA-1_V13B23-285_B1,4
AGTGCACGCTTAAGAA-1_V13B23-285_B1,1
AGTGCGTAGCTCGTAA-1_V13B23-285_B1,1
AGTGCTAAACACAGCA-1_V13B23-285_B1,3
AGTGCTTGCACGAATA-1_V13B23-285_B1,5
AGTGGCGGCAATTTGA-1_V13B23-285_B1,1
AGTGGCGTCTGAAGGT-1_V13B23-285_B1,1
AGTGGTTGCGTATAGG-1_V13B23-285_B1,8
AGTGTATTGCGCATTG-1_V13B23-285_B1,8
AGTGTGCTAAGATCGC-1_V13B23-285_B1,3
AGTGTGGTCTATTGTG-1_V13B23-285_B1,3
AGTTAAACACTTGCGA-1_V13B23-285_B1,2
AGTTAAGCGGTCCCGG-1_V13B23-285_B1,13
AGTTAAGTCAACCGCT-1_V13B23-285_B1,3
AGTTACCCTTAAGACT-1_V13B23-285_B1,3
AGTTACCGCACATGGT-1_V13B23-285_B1,11
AGTTACTCTATCGTGG-1_V13B23-285_B1,6
AGTTCACCGGTTGGAC-1_V13B23-285_B1,12
AGTTCCTACAGAATTA-1_V13B23-285_B1,1
AGTTCCTATTTATGTT-1_V13B23-285_B1,1
AGTTCTGCGTTGTATC-1_V13B23-285_B1,4
AGTTGCTGACTGATAT-1_V13B23-285_B1,4
AGTTTATGTAAAGACA-1_V13B23-285_B1,8
AGTTTCGCAGGTCGGA-1_V13B23-285_B1,14
AGTTTGCACCTGCCTC-1_V13B23-285_B1,2
AGTTTGGCACGGGTTG-1_V13B23-285_B1,5
AGTTTGGCCAGACCTA-1_V13B23-285_B1,1
ATAAACGGACCCGTAA-1_V13B23-285_B1,3
ATAAACGTTGCACCAC-1_V13B23-285_B1,5
ATAAAGGCTCGGTCGT-1_V13B23-285_B1,1
ATAAATATTAGCAGCT-1_V13B23-285_B1,6
ATAACGCCGGAGGGTC-1_V13B23-285_B1,4
ATAACGGAGTCCAACG-1_V13B23-285_B1,7
ATAAGGTGGAGAACAT-1_V13B23-285_B1,1
ATAAGTAGGATTCAGA-1_V13B23-285_B1,3
ATAAGTAGGGCGACTC-1_V13B23-285_B1,5
ATAAGTTACCGCGACG-1_V13B23-285_B1,11
ATAATACCGTTAGCCG-1_V13B23-285_B1,4
ATAATAGCTGTTGAAT-1_V13B23-285_B1,1
ATAATAGTGTAGGGAC-1_V13B23-285_B1,1
ATAATCTTGGAGAACC-1_V13B23-285_B1,2
ATACAGGCCCTCCAAT-1_V13B23-285_B1,2
ATACCACGGGCAACTT-1_V13B23-285_B1,1
ATACCGTCATCCATAA-1_V13B23-285_B1,4
ATACCTAACCAAGAAA-1_V13B23-285_B1,1
ATACGAAGGCTTTCCA-1_V13B23-285_B1,5
ATACGCCGGCGAAACC-1_V13B23-285_B1,2
ATACGGAACGTCGTTT-1_V13B23-285_B1,3
ATACGGGTTTCGATTG-1_V13B23-285_B1,2
ATACGGTGAAGATGCA-1_V13B23-285_B1,12
ATACGTACTTAGCCAC-1_V13B23-285_B1,5
ATACGTCCACTCCTGT-1_V13B23-285_B1,5
ATACTACCCGTACCAC-1_V13B23-285_B1,2
ATACTAGCATGACCCT-1_V13B23-285_B1,1
ATACTGCCTTACACCG-1_V13B23-285_B1,2
ATAGACAACGGGACCT-1_V13B23-285_B1,8
ATAGACGAAGAGAAAG-1_V13B23-285_B1,1
ATAGAGTACTGGGACA-1_V13B23-285_B1,1
ATAGAGTTATCAACTT-1_V13B23-285_B1,7
ATAGCAACTAGGGAAG-1_V13B23-285_B1,1
ATAGCCTCAGTACCCA-1_V13B23-285_B1,3
ATAGCTGCTCTTGTTA-1_V13B23-285_B1,11
ATAGGCGGCTATAGAA-1_V13B23-285_B1,11
ATAGGCTAGCTTCGCA-1_V13B23-285_B1,3
ATAGGGATATCCTTGA-1_V13B23-285_B1,4
ATAGGTTGGGCAGATG-1_V13B23-285_B1,1
ATAGTGAAGCGTTCTC-1_V13B23-285_B1,2
ATAGTTCCACCCACTC-1_V13B23-285_B1,2
ATATAAAGCGCTCGTG-1_V13B23-285_B1,11
ATATAAATGTAGCTGC-1_V13B23-285_B1,8
ATATACGCTCGTGACG-1_V13B23-285_B1,18
ATATCAACCTACAGAG-1_V13B23-285_B1,5
ATATCAATTCCAGCCT-1_V13B23-285_B1,8
ATATCGGTAGGGAGAT-1_V13B23-285_B1,5
ATATCGTTCCTCGAAC-1_V13B23-285_B1,2
ATATCTCCCTCGTTAA-1_V13B23-285_B1,2
ATATCTTAGGGCCTTC-1_V13B23-285_B1,2
ATATGTCTCCCTAGCC-1_V13B23-285_B1,2
ATATTCAGTTAAACCT-1_V13B23-285_B1,18
ATATTCCACATAGTGA-1_V13B23-285_B1,2
ATATTGCTGTCAAAGT-1_V13B23-285_B1,7
ATATTGGAGAGGCCTT-1_V13B23-285_B1,1
ATATTTAACCCTCAAG-1_V13B23-285_B1,1
ATCAAACACTGTTCCA-1_V13B23-285_B1,5
ATCAAACGAAGGTTTG-1_V13B23-285_B1,3
ATCAATCTGGGCTGCA-1_V13B23-285_B1,2
ATCAATGCCGTGGCTG-1_V13B23-285_B1,1
ATCACATTAGAATATC-1_V13B23-285_B1,1
ATCACGTGCTAATTAA-1_V13B23-285_B1,3
ATCACTTCATCCTCGC-1_V13B23-285_B1,4
ATCAGACGGCACGCCG-1_V13B23-285_B1,1
ATCAGCCTCATGCTGC-1_V13B23-285_B1,2
ATCAGCTCGTCCACTA-1_V13B23-285_B1,3
ATCAGTAGGCAGGGAT-1_V13B23-285_B1,1
ATCATAGCCCTATGTA-1_V13B23-285_B1,2
ATCATCCAATATTTGT-1_V13B23-285_B1,1
ATCATGGACTACCGAC-1_V13B23-285_B1,5
ATCCAACGCAGTCATA-1_V13B23-285_B1,3
ATCCAATGGAGGGTCC-1_V13B23-285_B1,11
ATCCACATCGACAGAA-1_V13B23-285_B1,4
ATCCAGAGCAACAACC-1_V13B23-285_B1,1
ATCCAGGATTCGTGAA-1_V13B23-285_B1,1
ATCCTACCTAAGCTCT-1_V13B23-285_B1,3
ATCCTGCGTGGAATGG-1_V13B23-285_B1,3
ATCCTTCTGAAAGAAC-1_V13B23-285_B1,5
ATCGACCCAATACAGA-1_V13B23-285_B1,16
ATCGACTCTTTCCGTT-1_V13B23-285_B1,2
ATCGCACGCCGGGAGA-1_V13B23-285_B1,1
ATCGCCAGTCAACATT-1_V13B23-285_B1,5
ATCGCTGCGTGCAGCA-1_V13B23-285_B1,3
ATCGCTTTACGTCTCA-1_V13B23-285_B1,2
ATCGGAGACAGACGGC-1_V13B23-285_B1,1
ATCGGCAAGCAGTCCA-1_V13B23-285_B1,4
ATCGGTTACCTAGTAA-1_V13B23-285_B1,12
ATCGTTAGCTAGCGGA-1_V13B23-285_B1,2
ATCGTTCACTTTCGCC-1_V13B23-285_B1,4
ATCTAATATCCTACGG-1_V13B23-285_B1,5
ATCTCCCACGGAATAT-1_V13B23-285_B1,18
ATCTCGTGAGCGAAAC-1_V13B23-285_B1,2
ATCTGATAGTGTCTTA-1_V13B23-285_B1,3
ATCTGCACCTCTGCGA-1_V13B23-285_B1,7
ATCTGGGCTGTTCTTG-1_V13B23-285_B1,1
ATCTGGTTAAGACTGT-1_V13B23-285_B1,11
ATCTGTAATTGTACCC-1_V13B23-285_B1,17
ATCTTGACCTGCAACG-1_V13B23-285_B1,15
ATCTTGACTTGTCCAA-1_V13B23-285_B1,4
ATCTTTCGTATAACCA-1_V13B23-285_B1,3
ATGAAGCCAAGGAGCC-1_V13B23-285_B1,18
ATGACGCCGGCTCTAA-1_V13B23-285_B1,19
ATGACGCGTTCTATCC-1_V13B23-285_B1,11
ATGACTATGCGACATT-1_V13B23-285_B1,5
ATGAGGAGTGTTAATC-1_V13B23-285_B1,1
ATGAGGGCAGCGGCTA-1_V13B23-285_B1,5
ATGATCGGGAATAGAC-1_V13B23-285_B1,7
ATGATGCAATGGTACA-1_V13B23-285_B1,1
ATGCACGCGCTGTTCA-1_V13B23-285_B1,3
ATGCACTACCGCATTG-1_V13B23-285_B1,3
ATGCATGATCCAGGAT-1_V13B23-285_B1,4
ATGCCAATCGCTCTGC-1_V13B23-285_B1,4
ATGCCATTTGCGACCA-1_V13B23-285_B1,2
ATGCCGGTCTTGCATA-1_V13B23-285_B1,5
ATGCCGGTTGATGGGA-1_V13B23-285_B1,7
ATGCGACAATTGGTCC-1_V13B23-285_B1,3
ATGCGACAGTCCCATT-1_V13B23-285_B1,6
ATGCGAGTCCCACCAC-1_V13B23-285_B1,2
ATGCTCAGTGTTGCAT-1_V13B23-285_B1,1
ATGCTCTGGCGCGGTA-1_V13B23-285_B1,2
ATGCTTAGGAGTTGAT-1_V13B23-285_B1,5
ATGGAAATTTAAGGAG-1_V13B23-285_B1,4
ATGGAACCTTTGCACA-1_V13B23-285_B1,5
ATGGAGCAGGCCGTGA-1_V13B23-285_B1,5
ATGGATCCGGCGTCCG-1_V13B23-285_B1,6
ATGGATTGACCAAACG-1_V13B23-285_B1,18
ATGGCAGCCGAGAAAC-1_V13B23-285_B1,3
ATGGCGGAATAGTCGC-1_V13B23-285_B1,3
ATGGCTGGAAATGGCC-1_V13B23-285_B1,4
ATGGGACCTGCTGAAC-1_V13B23-285_B1,1
ATGGGCCTCGGCCTCT-1_V13B23-285_B1,2
ATGGTCGCGTGGTTTC-1_V13B23-285_B1,2
ATGTAAGGCTGCTCTT-1_V13B23-285_B1,12
ATGTGAAAGCCTAATG-1_V13B23-285_B1,3
ATGTGCATCCGACGCA-1_V13B23-285_B1,4
ATGTGGACATCTTGAT-1_V13B23-285_B1,2
ATGTTACGAGCAATAC-1_V13B23-285_B1,1
ATGTTCCTGCCCACCT-1_V13B23-285_B1,11
ATGTTCGTCGACCCAC-1_V13B23-285_B1,11
ATGTTTCGGCCCGGAG-1_V13B23-285_B1,12
ATTAAACATGCGGACC-1_V13B23-285_B1,15
ATTAATACTACGCGGG-1_V13B23-285_B1,4
ATTAATGAACCAGTCG-1_V13B23-285_B1,1
ATTAATTCGGTCACTC-1_V13B23-285_B1,13
ATTACAACTACCGGCC-1_V13B23-285_B1,9
ATTACATGTCAGTCTT-1_V13B23-285_B1,2
ATTACCACACTGCCTG-1_V13B23-285_B1,5
ATTACGACTCCACAGT-1_V13B23-285_B1,4
ATTACGCGCTGGCAGG-1_V13B23-285_B1,4
ATTACTAGCCTCTTGC-1_V13B23-285_B1,1
ATTACTTACTGGGCAT-1_V13B23-285_B1,3
ATTAGATTCCTCAGCA-1_V13B23-285_B1,3
ATTAGATTGATAGCGG-1_V13B23-285_B1,4
ATTAGGCGATGCTTTC-1_V13B23-285_B1,2
ATTATAGCTACTTTAC-1_V13B23-285_B1,12
ATTATGCCATAGGGAG-1_V13B23-285_B1,2
ATTATTATGTCCGTCA-1_V13B23-285_B1,1
ATTCAACCATTTAAGG-1_V13B23-285_B1,2
ATTCACTGATGTTGGA-1_V13B23-285_B1,1
ATTCAGGACCTATTTC-1_V13B23-285_B1,1
ATTCAGTAGCAGGGTC-1_V13B23-285_B1,3
ATTCATATACTGTCCA-1_V13B23-285_B1,2
ATTCATCGTTGAGGCA-1_V13B23-285_B1,3
ATTCCCACATAAACAA-1_V13B23-285_B1,8
ATTCCTAAGACGTGGA-1_V13B23-285_B1,7
ATTCCTCCGCCAGTGC-1_V13B23-285_B1,1
ATTCGACGCCGGGCCT-1_V13B23-285_B1,1
ATTCGCAGAGGACACT-1_V13B23-285_B1,10
ATTCGTGCTATCTCTT-1_V13B23-285_B1,5
ATTCTTCGTACTTATG-1_V13B23-285_B1,21
ATTGAAGATCTTAGTG-1_V13B23-285_B1,1
ATTGACCGGCGATGAC-1_V13B23-285_B1,4
ATTGATAGCAACGAGA-1_V13B23-285_B1,4
ATTGATGAGTCCTAAC-1_V13B23-285_B1,2
ATTGCGATCAGTAACT-1_V13B23-285_B1,5
ATTGCTGCTCCTCCAT-1_V13B23-285_B1,3
ATTGGATTACAGCGTA-1_V13B23-285_B1,2
ATTGTACAACTCGGCT-1_V13B23-285_B1,5
ATTGTCGCAATACCTT-1_V13B23-285_B1,13
ATTGTGACTTCGCTGC-1_V13B23-285_B1,4
ATTGTTCAACGATCCG-1_V13B23-285_B1,1
ATTTAACTCGTATTAC-1_V13B23-285_B1,9
ATTTACAGTTTACTGG-1_V13B23-285_B1,1
ATTTACTAAGTCCATT-1_V13B23-285_B1,3
ATTTCATTATTTCGCG-1_V13B23-285_B1,13
ATTTCCGGGTTCTGCG-1_V13B23-285_B1,3
ATTTGCGCGAGTAGCT-1_V13B23-285_B1,11
ATTTGTCTTGGGAGCT-1_V13B23-285_B1,2
ATTTGTTCCAGGGCTC-1_V13B23-285_B1,7
CAAACGAGTATCGCAG-1_V13B23-285_B1,1
CAAACGGTCGCACTTT-1_V13B23-285_B1,1
CAAACTACGATAGAGA-1_V13B23-285_B1,15
CAAACTATTGAGCTTC-1_V13B23-285_B1,21
CAAACTCGCGACGCCG-1_V13B23-285_B1,5
CAAAGATTATTGGGCC-1_V13B23-285_B1,3
CAAAGGTCATCTGAAA-1_V13B23-285_B1,4
CAAAGTCAGGTTAGCT-1_V13B23-285_B1,3
CAAATCTCTCACAAGG-1_V13B23-285_B1,3
CAAATGTCCTTCCGTG-1_V13B23-285_B1,1
CAAATTGGATTATGCC-1_V13B23-285_B1,15
CAAATTGTCAGCAAGC-1_V13B23-285_B1,9
CAACACATCTCCTGCC-1_V13B23-285_B1,3
CAACCAGTGGCCTACC-1_V13B23-285_B1,2
CAACCTACCGAGCAGT-1_V13B23-285_B1,2
CAACCTGAACCTGCCA-1_V13B23-285_B1,15
CAACGACCCGTTTACA-1_V13B23-285_B1,7
CAACGGTTCTTGATAC-1_V13B23-285_B1,2
CAACGTGGTGGAGTCT-1_V13B23-285_B1,2
CAACTATATCGAATGC-1_V13B23-285_B1,13
CAACTCCGTAACTTGC-1_V13B23-285_B1,4
CAACTCCTTGATCCCG-1_V13B23-285_B1,1
CAACTGCTCATCCGAT-1_V13B23-285_B1,12
CAAGACTCAGAAGCGC-1_V13B23-285_B1,15
CAAGAGGGCGGAGTAC-1_V13B23-285_B1,2
CAAGATATTATAACGT-1_V13B23-285_B1,1
CAAGCAACGTCGGAGT-1_V13B23-285_B1,1
CAAGCGGCACATAATT-1_V13B23-285_B1,2
CAAGGATCGCATGTTC-1_V13B23-285_B1,2
CAAGGTCCTATAGGCT-1_V13B23-285_B1,6
CAAGTGTGGTTGCAAA-1_V13B23-285_B1,5
CAATAAACCTTGGCCC-1_V13B23-285_B1,4
CAATACGAGAGTCTGA-1_V13B23-285_B1,20
CAATATTCTTGACCTA-1_V13B23-285_B1,2
CAATCCCTATACCAGC-1_V13B23-285_B1,9
CAATCCTGCCGTGGAG-1_V13B23-285_B1,1
CAATGAGGTTCGACTA-1_V13B23-285_B1,8
CAATGCGAGAAGTATC-1_V13B23-285_B1,2
CAATGGAATCTACATA-1_V13B23-285_B1,10
CAATGGATCTCTACCA-1_V13B23-285_B1,4
CAATGTGCCAACCCTT-1_V13B23-285_B1,5
CAATTAAGGGTGATGA-1_V13B23-285_B1,1
CAATTTCGTATAAGGG-1_V13B23-285_B1,1
CACAAGAAAGATATTA-1_V13B23-285_B1,8
CACAATGAGCTGCTAT-1_V13B23-285_B1,2
CACACACGCTAACGAG-1_V13B23-285_B1,2
CACACAGCTTGCGCTC-1_V13B23-285_B1,4
CACACAGGGATAGATT-1_V13B23-285_B1,1
CACACGCGCTGTCTTA-1_V13B23-285_B1,4
CACAGCACCCACGGCA-1_V13B23-285_B1,1
CACAGCTAGGGAGTGA-1_V13B23-285_B1,4
CACAGGGCCATATAGT-1_V13B23-285_B1,5
CACAGGGCCGTTGTCA-1_V13B23-285_B1,3
CACAGTCCCGCTTCGC-1_V13B23-285_B1,2
CACAGTTCGCTTCCCA-1_V13B23-285_B1,18
CACATATTAGCAGGAT-1_V13B23-285_B1,2
CACATCGTGCACGCGC-1_V13B23-285_B1,12
CACATCTCACCGACGA-1_V13B23-285_B1,2
CACATGATTCAGCAAC-1_V13B23-285_B1,4
CACATTCTTTCGATGG-1_V13B23-285_B1,4
CACATTTCTTGTCAGA-1_V13B23-285_B1,6
CACCAGTCAGCATGCA-1_V13B23-285_B1,3
CACCATCGGAGGAGAC-1_V13B23-285_B1,23
CACCATGATCGCAAAG-1_V13B23-285_B1,4
CACCCAAATCTTATGT-1_V13B23-285_B1,5
CACCCACACGTCACCC-1_V13B23-285_B1,18
CACCCACGAGGCAATT-1_V13B23-285_B1,7
CACCCGGTTTGTGACT-1_V13B23-285_B1,3
CACCCTAACAAGATCT-1_V13B23-285_B1,5
CACCCTTGGTGAGACC-1_V13B23-285_B1,1
CACCGATACACCGAGC-1_V13B23-285_B1,21
CACCGCCAGAAGGTTT-1_V13B23-285_B1,19
CACCGCGTCCACTCTA-1_V13B23-285_B1,1
CACCGTATCCCATCCG-1_V13B23-285_B1,15
CACCGTTAGGGATCAC-1_V13B23-285_B1,1
CACCGTTGCGCGATAT-1_V13B23-285_B1,1
CACCTAATAGAGTCGT-1_V13B23-285_B1,2
CACCTAATCAGTTTAC-1_V13B23-285_B1,9
CACCTCGATGGTGGAC-1_V13B23-285_B1,4
CACCTTGCGAAACTCG-1_V13B23-285_B1,2
CACCTTGGCGCCTTTG-1_V13B23-285_B1,5
CACGAAAGTTAGTCCC-1_V13B23-285_B1,1
CACGCACAGCGCAGCT-1_V13B23-285_B1,2
CACGCAGCGAGGCTTT-1_V13B23-285_B1,4
CACGCGGAACTGTTGC-1_V13B23-285_B1,5
CACGGACGTGGATGGC-1_V13B23-285_B1,8
CACGGCGCGCCAAAGG-1_V13B23-285_B1,1
CACGTCAATCAATGGA-1_V13B23-285_B1,2
CACGTCGGCAACCTCT-1_V13B23-285_B1,3
CACGTTCGTGCTCTAG-1_V13B23-285_B1,2
CACGTTTCGTACACAC-1_V13B23-285_B1,1
CACTAAAGTTGCCTAT-1_V13B23-285_B1,1
CACTACGGGAGCTGCC-1_V13B23-285_B1,2
CACTCAAGAGCTATGG-1_V13B23-285_B1,1
CACTCAGCTCTTGAGG-1_V13B23-285_B1,24
CACTCCTATGTAAGAT-1_V13B23-285_B1,3
CACTCCTCTCGGTCGG-1_V13B23-285_B1,7
CACTCGAGCTGAACAA-1_V13B23-285_B1,2
CACTCGGTTAGGAGGA-1_V13B23-285_B1,3
CACTCTTCTGCTAGCC-1_V13B23-285_B1,5
CACTGTCCAAGTGAGA-1_V13B23-285_B1,1
CACTTAATCAGACGGA-1_V13B23-285_B1,2
CACTTCGCCACAGGCT-1_V13B23-285_B1,2
CACTTCGTCTTATCTC-1_V13B23-285_B1,1
CAGAACTTAGCCCTCT-1_V13B23-285_B1,5
CAGAATAACACACGGA-1_V13B23-285_B1,5
CAGAATATTCGTTATC-1_V13B23-285_B1,2
CAGACACCGATCGCTG-1_V13B23-285_B1,2
CAGACCTGTAAGTGTT-1_V13B23-285_B1,10
CAGACGAACCTGATAC-1_V13B23-285_B1,1
CAGAGACGGTCACCCA-1_V13B23-285_B1,1
CAGAGCATGAGCTTGC-1_V13B23-285_B1,16
CAGAGGCGATGCATGA-1_V13B23-285_B1,1
CAGATACTAACATAGT-1_V13B23-285_B1,1
CAGATCATTTAAAGTC-1_V13B23-285_B1,3
CAGATCCTGGTTTGAA-1_V13B23-285_B1,1
CAGCAGCCCGTTCCTT-1_V13B23-285_B1,3
CAGCAGTCCAGACTAT-1_V13B23-285_B1,6
CAGCAGTCTGTGCTGC-1_V13B23-285_B1,4
CAGCCGGGCCCTCTAT-1_V13B23-285_B1,9
CAGCCTCCTGCAGAGG-1_V13B23-285_B1,1
CAGCCTCTCCTCAAGA-1_V13B23-285_B1,11
CAGCGATTCCCTTCAA-1_V13B23-285_B1,1
CAGCTCACTGAGACAT-1_V13B23-285_B1,1
CAGCTCGACAAGTTAA-1_V13B23-285_B1,3
CAGCTCGTGCTTGTGT-1_V13B23-285_B1,14
CAGCTGGCGTAACCGT-1_V13B23-285_B1,6
CAGCTTAGTAGGTAGC-1_V13B23-285_B1,1
CAGGAAGACTTTATAT-1_V13B23-285_B1,7
CAGGACAGCTGCCCTT-1_V13B23-285_B1,1
CAGGATATATCGTTGT-1_V13B23-285_B1,1
CAGGCCGTTTGGGTGT-1_V13B23-285_B1,2
CAGGCGCACGGTGGTC-1_V13B23-285_B1,3
CAGGCGCCATGCTAGG-1_V13B23-285_B1,5
CAGGTTTAGTACTACA-1_V13B23-285_B1,10
CAGTAACTATTTATTG-1_V13B23-285_B1,3
CAGTAATCCCTCCCAG-1_V13B23-285_B1,3
CAGTACATTCTCTAAA-1_V13B23-285_B1,4
CAGTACCAGTTTACGT-1_V13B23-285_B1,1
CAGTAGCCCACGCGGT-1_V13B23-285_B1,4
CAGTCGAGGATGCAAT-1_V13B23-285_B1,8
CAGTCTGTATACTGGG-1_V13B23-285_B1,1
CAGTGAATAAATGACT-1_V13B23-285_B1,7
CAGTGGTTGCACATGA-1_V13B23-285_B1,4
CAGTGTCCGCAGAATG-1_V13B23-285_B1,1
CAGTGTCGGCTGGCCC-1_V13B23-285_B1,2
CAGTTCAAATTGACAC-1_V13B23-285_B1,1
CAGTTCCGCGGGTCGA-1_V13B23-285_B1,3
CATAACGGACAGTCGT-1_V13B23-285_B1,5
CATAAGAAGCTTGGCT-1_V13B23-285_B1,2
CATAAGCTCTCCGTCT-1_V13B23-285_B1,4
CATACAAAGCCGAACC-1_V13B23-285_B1,15
CATACACGGTTCCCAC-1_V13B23-285_B1,1
CATACCCGTACCCAGT-1_V13B23-285_B1,1
CATACGGCGTCTGGGC-1_V13B23-285_B1,4
CATACTATGTAATTGT-1_V13B23-285_B1,1
CATACTTAGGCAATAC-1_V13B23-285_B1,5
CATAGCCGCCCGGGAT-1_V13B23-285_B1,1
CATAGCGTTGCCCACC-1_V13B23-285_B1,3
CATAGTACATTGAGAG-1_V13B23-285_B1,14
CATAGTAGCATAGTAG-1_V13B23-285_B1,4
CATAGTCCACAAGAAC-1_V13B23-285_B1,1
CATATACTACTGATAA-1_V13B23-285_B1,3
CATATAGGTACAGTCA-1_V13B23-285_B1,6
CATATGTCAGGCTACG-1_V13B23-285_B1,2
CATATTATTTGCCCTA-1_V13B23-285_B1,21
CATCAAACTGGCGCCC-1_V13B23-285_B1,8
CATCAACACCTACTAA-1_V13B23-285_B1,4
CATCATCTACCCGGAC-1_V13B23-285_B1,21
CATCATTACCCTGAGG-1_V13B23-285_B1,5
CATCCGCAGGCCCGAA-1_V13B23-285_B1,18
CATCCTCTCAAAGATC-1_V13B23-285_B1,2
CATCGCCCGCGGCCAA-1_V13B23-285_B1,25
CATCGGACGGGTTAAT-1_V13B23-285_B1,1
CATCGTCCGGTTACTA-1_V13B23-285_B1,12
CATCTAGTGAAGGGAA-1_V13B23-285_B1,5
CATCTATCCCGTGTCT-1_V13B23-285_B1,8
CATCTGCAGGATCATT-1_V13B23-285_B1,12
CATCTTACACCACCTC-1_V13B23-285_B1,5
CATGACTTCGCTGAAT-1_V13B23-285_B1,2
CATGAGATGCACTCTC-1_V13B23-285_B1,2
CATGATGCACAATTCT-1_V13B23-285_B1,4
CATGATGGAAGTTAGC-1_V13B23-285_B1,5
CATGCCAACTCGCAAA-1_V13B23-285_B1,3
CATGCGACCAGTTTAA-1_V13B23-285_B1,1
CATGCGTTAGACAGAA-1_V13B23-285_B1,13
CATGCTGGCTCCAATT-1_V13B23-285_B1,23
CATGGATTGTCTTCCG-1_V13B23-285_B1,1
CATGGCAGGAAGATCG-1_V13B23-285_B1,13
CATGGGTATGCCTTAT-1_V13B23-285_B1,2
CATGGGTCGGGTGTGG-1_V13B23-285_B1,5
CATGGTAAGTAGCGTT-1_V13B23-285_B1,5
CATGGTATTAGTTTGT-1_V13B23-285_B1,3
CATGGTCTAGATACCG-1_V13B23-285_B1,18
CATGTAAGAGACATTT-1_V13B23-285_B1,5
CATGTAGGAGCGCCAA-1_V13B23-285_B1,3
CATGTCTCATTTATGG-1_V13B23-285_B1,4
CATTACATAGATTGTG-1_V13B23-285_B1,3
CATTACGTCGGCCCGT-1_V13B23-285_B1,7
CATTATGCTTGTTGTG-1_V13B23-285_B1,1
CATTCCCATTCCGTCG-1_V13B23-285_B1,11
CATTCCCTAAGTACAA-1_V13B23-285_B1,15
CATTCGTCGTAGCGGT-1_V13B23-285_B1,2
CATTGATGAACACGCC-1_V13B23-285_B1,4
CATTGCGGGTCAATTC-1_V13B23-285_B1,10
CATTGTGTGCTAGATC-1_V13B23-285_B1,1
CATTTAGCGGACCATG-1_V13B23-285_B1,4
CATTTCTAGCAGACTA-1_V13B23-285_B1,5
CATTTGAGTGGTACGT-1_V13B23-285_B1,8
CCAAACAGAACCCTCG-1_V13B23-285_B1,4
CCAAAGCAGTTGGTTG-1_V13B23-285_B1,1
CCAAATAACAAGATTC-1_V13B23-285_B1,2
CCAACGATGCACTGAT-1_V13B23-285_B1,1
CCAACGCTTGCCAGGG-1_V13B23-285_B1,4
CCAACTTGATAGATCC-1_V13B23-285_B1,5
CCAAGAAAGTGGGCGA-1_V13B23-285_B1,1
CCAAGACTTCTGCGAA-1_V13B23-285_B1,1
CCAAGCGTAACTCGTA-1_V13B23-285_B1,5
CCAAGGAACAGAGAGG-1_V13B23-285_B1,14
CCAAGTTTCTACAGAT-1_V13B23-285_B1,3
CCAATAGTGCCGTCGA-1_V13B23-285_B1,6
CCAATCGGTAGATCGA-1_V13B23-285_B1,9
CCAATGTCACAGCAAG-1_V13B23-285_B1,2
CCAATTACGGGTCGAG-1_V13B23-285_B1,2
CCAATTGAATGTTAAT-1_V13B23-285_B1,5
CCACAATGTACGTCTT-1_V13B23-285_B1,8
CCACACTGAGATATTA-1_V13B23-285_B1,2
CCACAGTACCCATCCT-1_V13B23-285_B1,2
CCACATACTGCACCCA-1_V13B23-285_B1,5
CCACCAACTTTACTGT-1_V13B23-285_B1,3
CCACCCAAGGAAAGTG-1_V13B23-285_B1,2
CCACCTGTATGGAATA-1_V13B23-285_B1,2
CCACGAATTTAACCTC-1_V13B23-285_B1,2
CCACGAGAAGAGAATC-1_V13B23-285_B1,7
CCACGGAGCCATAAGA-1_V13B23-285_B1,4
CCACGGTGCCCGGTAG-1_V13B23-285_B1,5
CCACGTAAATTAGACT-1_V13B23-285_B1,3
CCACTATCCGGGTCAC-1_V13B23-285_B1,3
CCACTGGTGGCTGGTT-1_V13B23-285_B1,4
CCACTGTTTGGATTAA-1_V13B23-285_B1,1
CCAGAAAGCAACTCAT-1_V13B23-285_B1,7
CCAGAGACAAAGCCGG-1_V13B23-285_B1,8
CCAGATAGTTGAGTGA-1_V13B23-285_B1,1
CCAGATGTAAATGGGT-1_V13B23-285_B1,7
CCAGCCTGGACCAATA-1_V13B23-285_B1,2
CCAGCGGGATCACCAG-1_V13B23-285_B1,4
CCAGCTGATGGTACTT-1_V13B23-285_B1,3
CCAGCTTCCGCCCGCA-1_V13B23-285_B1,4
CCAGGCTGGCGTCTGA-1_V13B23-285_B1,5
CCAGGGACGTGGCCTC-1_V13B23-285_B1,3
CCAGTAGTCTGATCCA-1_V13B23-285_B1,4
CCAGTCAAATCTCTTA-1_V13B23-285_B1,12
CCAGTCTAGACGGCGC-1_V13B23-285_B1,1
CCAGTCTTGTCATAGA-1_V13B23-285_B1,3
CCATAAACAACCCGAC-1_V13B23-285_B1,13
CCATACCTTTACTTGT-1_V13B23-285_B1,3
CCATAGGTTGGCGTGG-1_V13B23-285_B1,4
CCATAGTCAGTAACCC-1_V13B23-285_B1,4
CCATATGGAAACTATA-1_V13B23-285_B1,2
CCATATTGGATCATGA-1_V13B23-285_B1,12
CCATCCATACCAAGTC-1_V13B23-285_B1,1
CCATCGCAGTTAAACT-1_V13B23-285_B1,4
CCATCTCACCAGTGAA-1_V13B23-285_B1,5
CCATGCCCTAGATTTC-1_V13B23-285_B1,1
CCATGCCTGTTTAGTA-1_V13B23-285_B1,4
CCATGCTCTGCAGGAA-1_V13B23-285_B1,7
CCATGGCCCTTGTACC-1_V13B23-285_B1,1
CCATTAGCGATAATCC-1_V13B23-285_B1,4
CCATTCCCTGCCCACA-1_V13B23-285_B1,1
CCATTGTTTCCTCCAT-1_V13B23-285_B1,7
CCATTTCTACCTATTA-1_V13B23-285_B1,5
CCCAAACATGCTGCTC-1_V13B23-285_B1,1
CCCAACATACGTCGCG-1_V13B23-285_B1,1
CCCAATGAGATTTGCA-1_V13B23-285_B1,3
CCCAATTTCACAACTT-1_V13B23-285_B1,1
CCCAGAGGAGGGCGTA-1_V13B23-285_B1,3
CCCAGGTCTGAAGGCT-1_V13B23-285_B1,2
CCCAGTAAACTTGGGA-1_V13B23-285_B1,3
CCCAGTTAAGGCGCCG-1_V13B23-285_B1,7
CCCGACCATAGTCCGC-1_V13B23-285_B1,7
CCCGAGTTTCTCCGTA-1_V13B23-285_B1,18
CCCGATAGCCTCGCCT-1_V13B23-285_B1,2
CCCGCAGCGCGAACTA-1_V13B23-285_B1,2
CCCGCAGGGCCCAAAG-1_V13B23-285_B1,21
CCCGCCATGCTCCCGT-1_V13B23-285_B1,1
CCCGCGCAATGCACCC-1_V13B23-285_B1,1
CCCGGTGGAAGAACCT-1_V13B23-285_B1,8
CCCGGTGTATCGGAAT-1_V13B23-285_B1,7
CCCGTAAGTCTAGGCC-1_V13B23-285_B1,1
CCCGTAGCTGGGAAGA-1_V13B23-285_B1,5
CCCGTCAGCGTCTGAC-1_V13B23-285_B1,1
CCCGTTTCGCAGATGT-1_V13B23-285_B1,2
CCCTATGTAGAGCAGA-1_V13B23-285_B1,11
CCCTCATTCTGGAATT-1_V13B23-285_B1,18
CCCTCCTCGCTCGTAT-1_V13B23-285_B1,22
CCCTGAAATGAGTTGA-1_V13B23-285_B1,4
CCCTGACTAACAAATT-1_V13B23-285_B1,8
CCCTGATGTAACTCGT-1_V13B23-285_B1,8
CCCTGCCCAATCCGCT-1_V13B23-285_B1,3
CCCTGCGCTACGCATA-1_V13B23-285_B1,1
CCCTGTTGGCAAAGAC-1_V13B23-285_B1,1
CCCTTTGACAGGTCTT-1_V13B23-285_B1,2
CCGAAAGTGGTGAGCA-1_V13B23-285_B1,1
CCGAACACTGGGCCTC-1_V13B23-285_B1,8
CCGAACCTTCCCGGCC-1_V13B23-285_B1,2
CCGAAGGGCGTACCGC-1_V13B23-285_B1,12
CCGAAGTATATTGTTC-1_V13B23-285_B1,11
CCGACAAACACATGAG-1_V13B23-285_B1,1
CCGACAAAGGGAGTGC-1_V13B23-285_B1,1
CCGACAATAGGCCGCC-1_V13B23-285_B1,2
CCGACGGGCATGAGGT-1_V13B23-285_B1,7
CCGACGTAAACACAAC-1_V13B23-285_B1,4
CCGAGAAGTCGCATAA-1_V13B23-285_B1,2
CCGAGCTGTGCTTGTC-1_V13B23-285_B1,8
CCGATATGACGTAAGG-1_V13B23-285_B1,6
CCGATCTCAACCTTAT-1_V13B23-285_B1,2
CCGATTCGAGGGACCC-1_V13B23-285_B1,1
CCGCACAAAGACCAAC-1_V13B23-285_B1,16
CCGCACACGAACGTGT-1_V13B23-285_B1,5
CCGCACGTGACCTCGG-1_V13B23-285_B1,3
CCGCATGTGGTACGAT-1_V13B23-285_B1,1
CCGCCGGAACTTCTCG-1_V13B23-285_B1,12
CCGCCGGTCAACACAC-1_V13B23-285_B1,14
CCGCCGTTGAGGATAA-1_V13B23-285_B1,5
CCGCCTGCGAATTGGT-1_V13B23-285_B1,3
CCGCCTTGCGATGTCG-1_V13B23-285_B1,4
CCGCGGAATGCGTCAC-1_V13B23-285_B1,1
CCGCGGGTACGAAGAA-1_V13B23-285_B1,1
CCGCGTAGGTAAGGGC-1_V13B23-285_B1,3
CCGCTATCAGCACCAG-1_V13B23-285_B1,2
CCGCTTACCTCACTCT-1_V13B23-285_B1,3
CCGCTTGCTGACATGG-1_V13B23-285_B1,12
CCGGAAGTTATCAGTC-1_V13B23-285_B1,5
CCGGAATGGTTTCAGT-1_V13B23-285_B1,10
CCGGAGCGTACTTTCT-1_V13B23-285_B1,12
CCGGAGGTCTTATGGT-1_V13B23-285_B1,10
CCGGCACGACCGTTTC-1_V13B23-285_B1,5
CCGGCGCATATTGGAT-1_V13B23-285_B1,9
CCGGGACCCGCAGAGA-1_V13B23-285_B1,13
CCGGGCGGTCTCGTCA-1_V13B23-285_B1,1
CCGGGCTGCTCCATAC-1_V13B23-285_B1,2
CCGGGTTCGAGGTTAC-1_V13B23-285_B1,3
CCGGTAATGGCTAGTC-1_V13B23-285_B1,5
CCGGTTTGTAATTGTG-1_V13B23-285_B1,1
CCGTAAGTTGGTCCCA-1_V13B23-285_B1,1
CCGTACCCAAGCGCCA-1_V13B23-285_B1,1
CCGTAGGAAATCCCTG-1_V13B23-285_B1,2
CCGTAGGGTTGTTTAC-1_V13B23-285_B1,2
CCGTATCTCGTCGTAG-1_V13B23-285_B1,3
CCGTATTAGCGCAGTT-1_V13B23-285_B1,4
CCGTGAGGCATTCATG-1_V13B23-285_B1,5
CCGTGGAACGATCCAA-1_V13B23-285_B1,1
CCGTGTTAAATTCCAT-1_V13B23-285_B1,1
CCGTTACGTTAGAACA-1_V13B23-285_B1,16
CCGTTCCGAATCTCGG-1_V13B23-285_B1,2
CCTAAAGGCTGACGCT-1_V13B23-285_B1,9
CCTAAATTAACGGTTC-1_V13B23-285_B1,1
CCTAAATTGTATCCTA-1_V13B23-285_B1,5
CCTAACCCAAACAAGT-1_V13B23-285_B1,5
CCTAACTAAGGCTCTA-1_V13B23-285_B1,4
CCTACAAGTCCGGAAT-1_V13B23-285_B1,17
CCTACATTCACAGACG-1_V13B23-285_B1,1
CCTACGGCTCAGTCGA-1_V13B23-285_B1,1
CCTACTGCGGCGGCCA-1_V13B23-285_B1,3
CCTACTGCTTACACTT-1_V13B23-285_B1,3
CCTAGGCGTAGCGATC-1_V13B23-285_B1,5
CCTAGTTAGTCGCATG-1_V13B23-285_B1,21
CCTATAATGAGTGCCC-1_V13B23-285_B1,2
CCTATACCGTCCTGTC-1_V13B23-285_B1,16
CCTATATTTGTCCTGG-1_V13B23-285_B1,1
CCTATCTATATCGGAA-1_V13B23-285_B1,6
CCTATGAAGTGGTGCC-1_V13B23-285_B1,22
CCTATGGGTTACCGTC-1_V13B23-285_B1,8
CCTATGTCCACTCCAC-1_V13B23-285_B1,17
CCTCACCAATCTTGAC-1_V13B23-285_B1,1
CCTCACCTGAGGGAGC-1_V13B23-285_B1,4
CCTCACCTTAGCATCG-1_V13B23-285_B1,4
CCTCACGTCAGCTAAT-1_V13B23-285_B1,2
CCTCCGACAATTCAAG-1_V13B23-285_B1,2
CCTCCTGTTGTGTCGT-1_V13B23-285_B1,12
CCTCGAAGTGGACGGG-1_V13B23-285_B1,13
CCTCGCGCGATATAGG-1_V13B23-285_B1,4
CCTCGCGCTGTGCGAT-1_V13B23-285_B1,1
CCTCGGACCGGGATAG-1_V13B23-285_B1,2
CCTCGGATGCTACCTG-1_V13B23-285_B1,3
CCTCTAATCTGCCAAG-1_V13B23-285_B1,4
CCTCTATCGATTAGCA-1_V13B23-285_B1,1
CCTCTCTCCCATCTAG-1_V13B23-285_B1,2
CCTCTGGCCTAGACGG-1_V13B23-285_B1,13
CCTCTGTACTATTCTA-1_V13B23-285_B1,16
CCTGAACGATATATTC-1_V13B23-285_B1,18
CCTGAATATTTACATA-1_V13B23-285_B1,2
CCTGACCACCGATGGT-1_V13B23-285_B1,5
CCTGCGTTCTACGCTT-1_V13B23-285_B1,11
CCTGCTATTTGAGAAG-1_V13B23-285_B1,1
CCTGGAAACGTTCTGC-1_V13B23-285_B1,6
CCTGGCTAGACCCGCC-1_V13B23-285_B1,4
CCTGGTCGAATGTGGG-1_V13B23-285_B1,3
CCTGTAAGACATGATA-1_V13B23-285_B1,18
CCTGTACTCACGCCCA-1_V13B23-285_B1,2
CCTGTCACCCGGGCTC-1_V13B23-285_B1,4
CCTGTCCCTCACGTTA-1_V13B23-285_B1,5
CCTGTCGCCCGTAAAT-1_V13B23-285_B1,1
CCTGTTTGAAGACACG-1_V13B23-285_B1,4
CCTTCAGTTAAAGTGA-1_V13B23-285_B1,3
CCTTCTCAGCGTTCCT-1_V13B23-285_B1,15
CCTTGACCACTTTATT-1_V13B23-285_B1,2
CCTTTAAGGGAGCACT-1_V13B23-285_B1,3
CCTTTCAATGAAGAAA-1_V13B23-285_B1,1
CCTTTGAATTATGGCT-1_V13B23-285_B1,4
CGAAACATAGATGGCA-1_V13B23-285_B1,21
CGAAACGCAATTCATG-1_V13B23-285_B1,4
CGAACAGTATGGGCGT-1_V13B23-285_B1,5
CGAACCCGCATGCGTC-1_V13B23-285_B1,1
CGAACGCCCAGTGCCG-1_V13B23-285_B1,13
CGAACGGCCGGACAAC-1_V13B23-285_B1,1
CGAAGCTATAAATTCA-1_V13B23-285_B1,1
CGAAGTTGCTCTGTGT-1_V13B23-285_B1,5
CGACAATTTGATCTAA-1_V13B23-285_B1,2
CGACACGCTCCGACAG-1_V13B23-285_B1,2
CGACAGTTCGCGTTAT-1_V13B23-285_B1,1
CGACCCTTAACGCCGG-1_V13B23-285_B1,3
CGACTCAGGATGTTAT-1_V13B23-285_B1,4
CGACTTTGTATAGCCT-1_V13B23-285_B1,12
CGAGACCCTAGAGTGT-1_V13B23-285_B1,4
CGAGAGATGTGAACCT-1_V13B23-285_B1,1
CGAGAGCGCGTAGATA-1_V13B23-285_B1,4
CGAGAGGGTAGCCGCG-1_V13B23-285_B1,2
CGAGATTTCGCTCGGG-1_V13B23-285_B1,2
CGAGCACTTCAAGTTT-1_V13B23-285_B1,11
CGAGGAGCTTCCATAT-1_V13B23-285_B1,3
CGAGGATCGGGAACGA-1_V13B23-285_B1,3
CGAGGCCAGGCATTGG-1_V13B23-285_B1,1
CGAGGCTAAATATGGC-1_V13B23-285_B1,1
CGAGGGACTGCGGTCG-1_V13B23-285_B1,5
CGAGTACTAAAGAGGA-1_V13B23-285_B1,1
CGAGTTCTGTCCCACC-1_V13B23-285_B1,3
CGAGTTTATCGGACTG-1_V13B23-285_B1,2
CGATAATACTCAGGTT-1_V13B23-285_B1,22
CGATACCTCGCGGACA-1_V13B23-285_B1,1
CGATCATTAGAGGCAC-1_V13B23-285_B1,17
CGATCCGACCCAGTGC-1_V13B23-285_B1,1
CGATCTGTTGGAGGAC-1_V13B23-285_B1,3
CGATGGACCCTACGCC-1_V13B23-285_B1,4
CGATGTTGTTATCTAC-1_V13B23-285_B1,11
CGATTAAATATCTCCT-1_V13B23-285_B1,3
CGATTCGCCTGGCTGC-1_V13B23-285_B1,4
CGCAAACACGAGTTAC-1_V13B23-285_B1,3
CGCAATTACTTTCGGT-1_V13B23-285_B1,1
CGCAATTAGGGTAATA-1_V13B23-285_B1,3
CGCAATTCTACAATAA-1_V13B23-285_B1,3
CGCACATGTCCACTAC-1_V13B23-285_B1,5
CGCACGTGCGCTATCA-1_V13B23-285_B1,4
CGCAGATCTTCACCCG-1_V13B23-285_B1,3
CGCAGGCGATCCAAAC-1_V13B23-285_B1,5
CGCATCATGGCTTCAG-1_V13B23-285_B1,21
CGCATCCATCAGCCAG-1_V13B23-285_B1,11
CGCATGGTGCGATGCT-1_V13B23-285_B1,1
CGCATTAGCTAATAGG-1_V13B23-285_B1,4
CGCCAAGAAGCCGAGT-1_V13B23-285_B1,1
CGCCACAGGTCGCGAT-1_V13B23-285_B1,3
CGCCATCCGATTATGA-1_V13B23-285_B1,17
CGCCCAGCACGCCTAG-1_V13B23-285_B1,12
CGCCCGCTTCCGTACA-1_V13B23-285_B1,7
CGCCCTTGAAGGCTGA-1_V13B23-285_B1,3
CGCCGCCCATGCCTGT-1_V13B23-285_B1,6
CGCCGTCTACCCATCG-1_V13B23-285_B1,5
CGCCGTTCAGCATAGT-1_V13B23-285_B1,1
CGCCTCCCTCCTCTAT-1_V13B23-285_B1,2
CGCCTGGCCTACGTAA-1_V13B23-285_B1,2
CGCCTTTAGCATGCTC-1_V13B23-285_B1,5
CGCGACACTGCGCAGC-1_V13B23-285_B1,3
CGCGACCGCGACAGAT-1_V13B23-285_B1,2
CGCGAGAGGGACTTGT-1_V13B23-285_B1,15
CGCGAGTCTGCCGGGT-1_V13B23-285_B1,11
CGCGCAAATGTCCAGA-1_V13B23-285_B1,3
CGCGCATGTTTGATTG-1_V13B23-285_B1,3
CGCGCCCGACTTAATA-1_V13B23-285_B1,1
CGCGGCAGTATTACGG-1_V13B23-285_B1,22
CGCGGCTCAACTTGAA-1_V13B23-285_B1,5
CGCGGGAATTAGGCAG-1_V13B23-285_B1,2
CGCGGTAAGTCTAGCT-1_V13B23-285_B1,3
CGCGGTACGGTATACA-1_V13B23-285_B1,5
CGCGGTCACAAACCAA-1_V13B23-285_B1,4
CGCGTTCATGAAATAC-1_V13B23-285_B1,1
CGCTACGGGACATTTA-1_V13B23-285_B1,2
CGCTAGAGACCGCTGC-1_V13B23-285_B1,6
CGCTATACCGCCCACT-1_V13B23-285_B1,1
CGCTATTCAATGTATG-1_V13B23-285_B1,1
CGCTATTCTTAGGCTC-1_V13B23-285_B1,2
CGCTCGACATAATGAT-1_V13B23-285_B1,3
CGCTCTCCGTAGATTA-1_V13B23-285_B1,6
CGCTGGTGACTACCCT-1_V13B23-285_B1,5
CGCTGTGACGCCGCAC-1_V13B23-285_B1,1
CGCTGTGTGGATGTTG-1_V13B23-285_B1,2
CGCTTATTCCCGGTCG-1_V13B23-285_B1,3
CGCTTCCACTGAAATC-1_V13B23-285_B1,1
CGCTTTCATACCGGTG-1_V13B23-285_B1,7
CGCTTTCTTGCATTCG-1_V13B23-285_B1,2
CGGAAAGAATCAAACG-1_V13B23-285_B1,1
CGGAACGTAAACATAG-1_V13B23-285_B1,1
CGGAGCAATTTAATCG-1_V13B23-285_B1,3
CGGAGCATGGCGATCC-1_V13B23-285_B1,4
CGGAGCTTATAACACC-1_V13B23-285_B1,14
CGGAGTTTGAGAGACA-1_V13B23-285_B1,6
CGGATAAGCGGACATG-1_V13B23-285_B1,1
CGGATCCTCAAGGACT-1_V13B23-285_B1,2
CGGCAAACATCGTGCG-1_V13B23-285_B1,1
CGGCAATAAGATCGCC-1_V13B23-285_B1,2
CGGCACCGTTAGCGCC-1_V13B23-285_B1,1
CGGCACTCAAGAAAGT-1_V13B23-285_B1,1
CGGCAGGGTCGGGTTG-1_V13B23-285_B1,1
CGGCCACGCACAAAGT-1_V13B23-285_B1,2
CGGCCCAACCTGTAGT-1_V13B23-285_B1,1
CGGCCCAGGTATATCC-1_V13B23-285_B1,5
CGGCGCCATCAATCCC-1_V13B23-285_B1,1
CGGCTCTAAAGCTGCA-1_V13B23-285_B1,5
CGGCTCTTCGTCGAAC-1_V13B23-285_B1,10
CGGGAATATAGTATAC-1_V13B23-285_B1,5
CGGGAATTTATGTAAA-1_V13B23-285_B1,2
CGGGAGCTTCAGTGTA-1_V13B23-285_B1,5
CGGGAGTATACCGCCG-1_V13B23-285_B1,3
CGGGATCAATGTAAGA-1_V13B23-285_B1,1
CGGGCAGCTAAACCGC-1_V13B23-285_B1,2
CGGGCCATAGCCGCAC-1_V13B23-285_B1,1
CGGGCCTTCTTTGTAA-1_V13B23-285_B1,1
CGGGTGTACCCATTTA-1_V13B23-285_B1,2
CGGGTTTGTTAGGGCT-1_V13B23-285_B1,4
CGGTACTAGAATCAAA-1_V13B23-285_B1,5
CGGTAGAGGTGCAGGT-1_V13B23-285_B1,3
CGGTATAGGTATTAGC-1_V13B23-285_B1,3
CGGTCAAGTGGGAACC-1_V13B23-285_B1,4
CGGTCAGTCCATATTT-1_V13B23-285_B1,6
CGGTCCATGAGACTCC-1_V13B23-285_B1,3
CGGTCTATCAACCCGT-1_V13B23-285_B1,9
CGGTGAAGACTAAAGT-1_V13B23-285_B1,5
CGGTGCAGATAGAACG-1_V13B23-285_B1,1
CGGTGCGCGTTGGTCC-1_V13B23-285_B1,3
CGGTGGGCTCCAGCCT-1_V13B23-285_B1,15
CGGTGTACTTGATCCC-1_V13B23-285_B1,4
CGGTTATCCAACAGTG-1_V13B23-285_B1,3
CGGTTCAAGTAGGTGT-1_V13B23-285_B1,1
CGGTTGACCTGGCATA-1_V13B23-285_B1,1
CGGTTTATGAAGGAAC-1_V13B23-285_B1,10
CGTAAACGCTTGAGTG-1_V13B23-285_B1,14
CGTACCGAAAGTCTAG-1_V13B23-285_B1,4
CGTACCTGATAGGCCT-1_V13B23-285_B1,7
CGTAGCGAATTGTCAG-1_V13B23-285_B1,21
CGTATTAAGAGATCTA-1_V13B23-285_B1,1
CGTATTGTTTCCTAAT-1_V13B23-285_B1,4
CGTCAAATGGTCGCAG-1_V13B23-285_B1,3
CGTCAAGGCTATAAAT-1_V13B23-285_B1,3
CGTCAATCTTTAACAT-1_V13B23-285_B1,4
CGTCACGTCCATTGGT-1_V13B23-285_B1,1
CGTCAGCTATTTACTC-1_V13B23-285_B1,3
CGTCATACCATATCCA-1_V13B23-285_B1,1
CGTCGCGGCGGGATTT-1_V13B23-285_B1,8
CGTCGGATAGTGTTGA-1_V13B23-285_B1,6
CGTCGGGTCTAAGCGC-1_V13B23-285_B1,4
CGTCGTCCTTCGCGAA-1_V13B23-285_B1,2
CGTCTGGAAGGGCCCG-1_V13B23-285_B1,4
CGTCTTGAGTGTGACG-1_V13B23-285_B1,20
CGTGAAGTTAATTCAC-1_V13B23-285_B1,16
CGTGACATTGGGTCGT-1_V13B23-285_B1,13
CGTGCAGACTGGGACA-1_V13B23-285_B1,2
CGTGCATTGTCGACGC-1_V13B23-285_B1,3
CGTGCCCTCCCGAAGA-1_V13B23-285_B1,5
CGTGGAAGCCTCGTAC-1_V13B23-285_B1,5
CGTGGCCGAATATCTA-1_V13B23-285_B1,5
CGTGTCCCATTCGCGA-1_V13B23-285_B1,1
CGTGTCTCGTTACGAC-1_V13B23-285_B1,10
CGTGTGTTAAACCCTG-1_V13B23-285_B1,3
CGTTAAACTAGTTAGG-1_V13B23-285_B1,2
CGTTAATGTCCCGACG-1_V13B23-285_B1,2
CGTTAGCTCACAACTG-1_V13B23-285_B1,9
CGTTCATGGTGCGCGT-1_V13B23-285_B1,4
CGTTCTTCGCACACCT-1_V13B23-285_B1,8
CGTTGAATACCGCGCT-1_V13B23-285_B1,1
CGTTGAGCGACCGTCG-1_V13B23-285_B1,2
CGTTGAGTAATTGCGT-1_V13B23-285_B1,4
CGTTGTAAACGTCAGG-1_V13B23-285_B1,3
CGTTGTAAGATTGATT-1_V13B23-285_B1,1
CGTTGTTTCAATTCCC-1_V13B23-285_B1,4
CGTTTAAGCGGAGCAC-1_V13B23-285_B1,10
CGTTTACAAGGCAGCT-1_V13B23-285_B1,8
CGTTTCACTTCGGGCG-1_V13B23-285_B1,17
CGTTTCGCTCATTACA-1_V13B23-285_B1,6
CGTTTGGTGTTGTGGG-1_V13B23-285_B1,2
CGTTTGTGTAGAGGGT-1_V13B23-285_B1,1
CTAAAGAATGCCTACT-1_V13B23-285_B1,1
CTAAAGGGAAATAGGA-1_V13B23-285_B1,1
CTAAATCCGGTGTACA-1_V13B23-285_B1,1
CTAAATCCTATTCCGG-1_V13B23-285_B1,1
CTAACCGCGCGCCCGT-1_V13B23-285_B1,22
CTAACGAAACTTGCTG-1_V13B23-285_B1,4
CTAACTGATAATCGCC-1_V13B23-285_B1,2
CTAACTGGTCCGGTTC-1_V13B23-285_B1,11
CTAAGGGAATGATTGG-1_V13B23-285_B1,2
CTAATTCGCACGCGCT-1_V13B23-285_B1,3
CTAATTCTCAGATATT-1_V13B23-285_B1,11
CTAATTTCAACAACAC-1_V13B23-285_B1,2
CTACAAGAAATAACCC-1_V13B23-285_B1,3
CTACACTCGCAGATGG-1_V13B23-285_B1,2
CTACCCTAAGGTCATA-1_V13B23-285_B1,4
CTACGACTAGCTATAA-1_V13B23-285_B1,1
CTACGCACGGAGTACC-1_V13B23-285_B1,6
CTACTATCATAGGTTT-1_V13B23-285_B1,1
CTACTATCTTTCAGAG-1_V13B23-285_B1,3
CTACTCAAGGTATAGT-1_V13B23-285_B1,2
CTACTCTAGGCCCGGC-1_V13B23-285_B1,3
CTACTGCCACCTGACC-1_V13B23-285_B1,1
CTAGACTGCATTTCGT-1_V13B23-285_B1,4
CTAGATGTGAGTGTAA-1_V13B23-285_B1,6
CTAGATTTACGACGGC-1_V13B23-285_B1,2
CTAGCATAGTATAATG-1_V13B23-285_B1,2
CTAGCCACAGGCGAGC-1_V13B23-285_B1,1
CTAGCCGATGTTATGA-1_V13B23-285_B1,1
CTAGCTTAATGGTCCC-1_V13B23-285_B1,5
CTAGGCGCCCTATCAG-1_V13B23-285_B1,4
CTAGGTCTGAAGGAAT-1_V13B23-285_B1,5
CTAGGTTCGGACGTGA-1_V13B23-285_B1,3
CTAGTATTCGGAATTA-1_V13B23-285_B1,13
CTAGTCACGTCTTAAG-1_V13B23-285_B1,4
CTAGTGAAGGACAGGA-1_V13B23-285_B1,1
CTAGTTACAACCCGGT-1_V13B23-285_B1,1
CTAGTTGGGCCCGGTA-1_V13B23-285_B1,1
CTATAAGAGCCAATCG-1_V13B23-285_B1,1
CTATCGACGAAATACA-1_V13B23-285_B1,2
CTATCGCGTAGAGAAC-1_V13B23-285_B1,5
CTATCGGGTCTCAACA-1_V13B23-285_B1,5
CTATGGGAAGCGGAAT-1_V13B23-285_B1,4
CTATGTCACTAGCCCA-1_V13B23-285_B1,1
CTATGTGAGTCACGGC-1_V13B23-285_B1,3
CTATTCATGTGTCCCA-1_V13B23-285_B1,3
CTATTGTGTTTGGTCA-1_V13B23-285_B1,3
CTATTTGGTTACGGAT-1_V13B23-285_B1,5
CTCAAGACATTAGCGC-1_V13B23-285_B1,4
CTCACACGCAAGCCTA-1_V13B23-285_B1,8
CTCACATTTACTAAAT-1_V13B23-285_B1,15
CTCACTTGGCTGGTAA-1_V13B23-285_B1,1
CTCAGGACTCACCTGT-1_V13B23-285_B1,2
CTCAGTCACGACAAAT-1_V13B23-285_B1,8
CTCATCACTTAGTGAT-1_V13B23-285_B1,4
CTCATGGCTCACAATC-1_V13B23-285_B1,9
CTCATGGTAATTTGCG-1_V13B23-285_B1,1
CTCATTAACGTTGCCC-1_V13B23-285_B1,12
CTCATTGCTCTAACAA-1_V13B23-285_B1,2
CTCATTTGATGGGCGG-1_V13B23-285_B1,8
CTCCCAATGAGTCGCG-1_V13B23-285_B1,5
CTCCCTCCTTTCGATC-1_V13B23-285_B1,8
CTCCGCCCACATGAGG-1_V13B23-285_B1,3
CTCCGGCCTAATATGC-1_V13B23-285_B1,4
CTCCGGCTTGTAGACA-1_V13B23-285_B1,16
CTCCTAAGTTATGTCT-1_V13B23-285_B1,3
CTCCTCCAGCTCACAC-1_V13B23-285_B1,4
CTCCTGTTCAAGGCAG-1_V13B23-285_B1,5
CTCCTTTACGCAAGTC-1_V13B23-285_B1,3
CTCGAGACATACGATA-1_V13B23-285_B1,8
CTCGAGATCCAAAGCA-1_V13B23-285_B1,7
CTCGAGGTCGAACAGT-1_V13B23-285_B1,1
CTCGATATTTGCGAGC-1_V13B23-285_B1,3
CTCGCACCTATATAGT-1_V13B23-285_B1,4
CTCGCATTGCATAGCC-1_V13B23-285_B1,3
CTCGCCGAATGTAGGG-1_V13B23-285_B1,3
CTCGGGATAACACCTA-1_V13B23-285_B1,1
CTCGGGTTCTCTGGCC-1_V13B23-285_B1,1
CTCGGTACCACTGCTC-1_V13B23-285_B1,2
CTCGGTCCGTAGCCTG-1_V13B23-285_B1,2
CTCGGTTGTCGGCCCT-1_V13B23-285_B1,1
CTCGTCGAGGGCTCAT-1_V13B23-285_B1,3
CTCGTTTCTAATGTTT-1_V13B23-285_B1,3
CTCTAATGCATTGATC-1_V13B23-285_B1,3
CTCTACACTGGCGATT-1_V13B23-285_B1,15
CTCTATTTGGCTGCAG-1_V13B23-285_B1,2
CTCTCACAATCGATGA-1_V13B23-285_B1,16
CTCTCTAACTGCCTAG-1_V13B23-285_B1,12
CTCTGGACGCCTGGTG-1_V13B23-285_B1,2
CTCTGTTTGAGGATTC-1_V13B23-285_B1,13
CTCTTCTATTGACTGG-1_V13B23-285_B1,6
CTCTTGTCCCGCTTGG-1_V13B23-285_B1,3
CTGAAAGAGATCCGAC-1_V13B23-285_B1,7
CTGAATCCGAGACCTC-1_V13B23-285_B1,1
CTGAATTTATTGCCAG-1_V13B23-285_B1,8
CTGACATAGAAATAGA-1_V13B23-285_B1,5
CTGACTGCGCAGCTCG-1_V13B23-285_B1,6
CTGAGAAAGTTCGGCG-1_V13B23-285_B1,5
CTGAGCAAGTAACAAG-1_V13B23-285_B1,6
CTGAGCGAGACTTATT-1_V13B23-285_B1,3
CTGATAGTGTATCTCA-1_V13B23-285_B1,3
CTGCAAGCACGTTCCG-1_V13B23-285_B1,5
CTGCACAACTACATAT-1_V13B23-285_B1,1
CTGCACCTAGTCCACA-1_V13B23-285_B1,4
CTGCACCTGGAACCGC-1_V13B23-285_B1,7
CTGCACTCCAGTACAG-1_V13B23-285_B1,2
CTGCAGAGAATCAGAG-1_V13B23-285_B1,2
CTGCCAAGGTTGGAAG-1_V13B23-285_B1,1
CTGCCATGCATCACAT-1_V13B23-285_B1,5
CTGCCTAGCCACCAAG-1_V13B23-285_B1,23
CTGCCTCATATGCAAC-1_V13B23-285_B1,3
CTGCGGGTGAAATGTT-1_V13B23-285_B1,3
CTGCGGTAGTCACGTG-1_V13B23-285_B1,4
CTGCGTTACGATATAA-1_V13B23-285_B1,10
CTGCTGAGGCCACGAA-1_V13B23-285_B1,8
CTGCTGTCTAACGAGC-1_V13B23-285_B1,2
CTGCTTGGCGATAGCT-1_V13B23-285_B1,2
CTGCTTTATGTCCGCG-1_V13B23-285_B1,8
CTGGAAATGGATGCTT-1_V13B23-285_B1,1
CTGGAAGACACGGTGG-1_V13B23-285_B1,5
CTGGACGCAGTCCGGC-1_V13B23-285_B1,1
CTGGATTTACACTTGA-1_V13B23-285_B1,11
CTGGCATCCGAATGAG-1_V13B23-285_B1,1
CTGGCGACATAAGTCC-1_V13B23-285_B1,9
CTGGCGCACAGGTCTG-1_V13B23-285_B1,2
CTGGCGGGAATAAGTA-1_V13B23-285_B1,1
CTGGCTGATTCATCCT-1_V13B23-285_B1,5
CTGGCTGGTTGTCAGT-1_V13B23-285_B1,3
CTGGGATAAATAATGG-1_V13B23-285_B1,2
CTGGGATACGCTACCC-1_V13B23-285_B1,8
CTGGGCCTGCTATATC-1_V13B23-285_B1,1
CTGGGTAGGCAGTTAA-1_V13B23-285_B1,5
CTGGTAAAGTGTGGGC-1_V13B23-285_B1,2
CTGGTAACACATAGAA-1_V13B23-285_B1,5
CTGGTAACGAGCTCTT-1_V13B23-285_B1,3
CTGGTCATTCCAATCC-1_V13B23-285_B1,3
CTGGTTCGCGAGCTAC-1_V13B23-285_B1,6
CTGGTTTCGAGCAAGA-1_V13B23-285_B1,2
CTGTACTTCTTAGCAT-1_V13B23-285_B1,2
CTGTAGCCATCTCACT-1_V13B23-285_B1,1
CTGTATGGTGTAGAAA-1_V13B23-285_B1,22
CTGTCAAATGGCTCGG-1_V13B23-285_B1,1
CTGTCACGCCAGGCGC-1_V13B23-285_B1,4
CTGTGCAGGGTAGGTC-1_V13B23-285_B1,1
CTGTGGTCGGGAGATA-1_V13B23-285_B1,8
CTGTTACCCAATCTAG-1_V13B23-285_B1,1
CTGTTCACTGCCTGTG-1_V13B23-285_B1,1
CTGTTCATCTCACGGG-1_V13B23-285_B1,2
CTTAAATAAGACCCAT-1_V13B23-285_B1,11
CTTAACTTCGAAGTAC-1_V13B23-285_B1,27
CTTACACGGTATTCCA-1_V13B23-285_B1,3
CTTACACTGGGAAATA-1_V13B23-285_B1,1
CTTAGCCCGGATAGTG-1_V13B23-285_B1,12
CTTAGCCTTCCACATG-1_V13B23-285_B1,7
CTTAGGTCCCAATCGT-1_V13B23-285_B1,11
CTTAGTAGGCCTACAG-1_V13B23-285_B1,3
CTTAGTGTAGTAGCAT-1_V13B23-285_B1,2
CTTATAGATGGCTGTT-1_V13B23-285_B1,5
CTTATGTTGACTACCA-1_V13B23-285_B1,7
CTTCAACTCCACTTGG-1_V13B23-285_B1,2
CTTCAGTGGTCGCCTA-1_V13B23-285_B1,18
CTTCATAGCTCAAGAA-1_V13B23-285_B1,1
CTTCATTGTCAGTGGA-1_V13B23-285_B1,2
CTTCCGCTCCGTGAAG-1_V13B23-285_B1,2
CTTCGGCCAATTGTTT-1_V13B23-285_B1,5
CTTCGTAGATAGGTGA-1_V13B23-285_B1,16
CTTCTATGTTGAAGTA-1_V13B23-285_B1,3
CTTCTATTAATGCTAG-1_V13B23-285_B1,2
CTTCTTACGTCGTATA-1_V13B23-285_B1,10
CTTGAGGTTATCCCGA-1_V13B23-285_B1,7
CTTGAGTTAGGGTAAT-1_V13B23-285_B1,2
CTTGCAACCGCCTCCT-1_V13B23-285_B1,3
CTTGCCCAGGCTCTAC-1_V13B23-285_B1,1
CTTGGCCAAGCTGGGA-1_V13B23-285_B1,3
CTTGTACTTGTTGACT-1_V13B23-285_B1,1
CTTGTCAACATTCGAG-1_V13B23-285_B1,2
CTTGTGCTCACCGATT-1_V13B23-285_B1,4
CTTGTTGCTGAGTCAA-1_V13B23-285_B1,5
CTTGTTTATGTAGCCA-1_V13B23-285_B1,2
CTTTAACTTTCAAAGG-1_V13B23-285_B1,1
CTTTAATATTGGTCGA-1_V13B23-285_B1,1
CTTTACCGAATAGTAG-1_V13B23-285_B1,4
CTTTAGGAACACTGTT-1_V13B23-285_B1,2
CTTTAGTGCTATTATT-1_V13B23-285_B1,1
CTTTCTGTGCGGGCTT-1_V13B23-285_B1,2
CTTTGCATCGCTCTTG-1_V13B23-285_B1,3
CTTTGCTGTCATGGAT-1_V13B23-285_B1,5
CTTTGGCGCTTTATAC-1_V13B23-285_B1,1
CTTTGGCTTTAGTAAA-1_V13B23-285_B1,1
CTTTGGGATTGTTGCA-1_V13B23-285_B1,1
CTTTGTCGAATGCTCC-1_V13B23-285_B1,15
GAAACAGATGACCACC-1_V13B23-285_B1,2
GAAACAGCCATGCAGT-1_V13B23-285_B1,9
GAAACATAGGAAACAG-1_V13B23-285_B1,3
GAAACCATGGTGCGCT-1_V13B23-285_B1,4
GAAACCGAATTACCTT-1_V13B23-285_B1,3
GAAACCTATACAAATG-1_V13B23-285_B1,3
GAAACTCGTGCGATGC-1_V13B23-285_B1,3
GAAACTCTAATGAAGG-1_V13B23-285_B1,14
GAAAGAACAGCGTTAT-1_V13B23-285_B1,5
GAAAGCAGTGCACTTT-1_V13B23-285_B1,3
GAAAGCCCTTTGGACC-1_V13B23-285_B1,1
GAAAGTGACTAACTGC-1_V13B23-285_B1,1
GAAATACCTGCTGGCT-1_V13B23-285_B1,16
GAAATACTAAACGTTT-1_V13B23-285_B1,1
GAAATATCACCATCAG-1_V13B23-285_B1,1
GAAATATGCTTGAATG-1_V13B23-285_B1,11
GAAATCGCGCGCAACT-1_V13B23-285_B1,9
GAAATGGCGGTGTTAG-1_V13B23-285_B1,1
GAAATGGGATGTAAAC-1_V13B23-285_B1,4
GAAATTAGCACGGATA-1_V13B23-285_B1,16
GAAATTCACATCGCTG-1_V13B23-285_B1,23
GAAATTGTCTCTATAA-1_V13B23-285_B1,2
GAACACACATCAACCA-1_V13B23-285_B1,2
GAACAGATTACTAAAT-1_V13B23-285_B1,1
GAACATTAGTATGTTA-1_V13B23-285_B1,8
GAACCCTCTGTGTTCT-1_V13B23-285_B1,3
GAACGACCGAATGATA-1_V13B23-285_B1,7
GAACGATAAGTTAAAG-1_V13B23-285_B1,3
GAACGCGGGTCACACG-1_V13B23-285_B1,2
GAACGTCTCATGGTCG-1_V13B23-285_B1,3
GAACGTTAGGAAGACG-1_V13B23-285_B1,3
GAACTTGTGCACGGGA-1_V13B23-285_B1,4
GAAGAAACGATATTGT-1_V13B23-285_B1,1
GAAGAACGGTGCAGGT-1_V13B23-285_B1,14
GAAGCCTGCACATTCC-1_V13B23-285_B1,1
GAAGCGTGAGGAATTT-1_V13B23-285_B1,1
GAAGCTCGGACCCGTC-1_V13B23-285_B1,2
GAAGCTTGCTGACCGC-1_V13B23-285_B1,1
GAAGGCTACCATTGTT-1_V13B23-285_B1,3
GAAGGGCATAACCATG-1_V13B23-285_B1,3
GAAGTCAGTTGCACTA-1_V13B23-285_B1,3
GAAGTCTCCCTAGCGA-1_V13B23-285_B1,4
GAAGTGATTTATCGTG-1_V13B23-285_B1,4
GAAGTTTCCACTCAAT-1_V13B23-285_B1,4
GAATAGACGCGACCCA-1_V13B23-285_B1,5
GAATAGCATTTAGGGT-1_V13B23-285_B1,2
GAATAGCCCTGCGGTC-1_V13B23-285_B1,15
GAATAGTGCTCGATTA-1_V13B23-285_B1,3
GAATATTCGGAGTCCC-1_V13B23-285_B1,9
GAATCGACATGGTCAC-1_V13B23-285_B1,16
GAATCTGAACATTCTC-1_V13B23-285_B1,1
GAATGAAGGTCTTCAG-1_V13B23-285_B1,22
GAATGCCGAAATGACC-1_V13B23-285_B1,1
GAATGTATGGCAGGTC-1_V13B23-285_B1,10
GAATGTGGTCCGGATT-1_V13B23-285_B1,2
GAATGTTGGGTAATCT-1_V13B23-285_B1,4
GAATTATAGTGAAAGG-1_V13B23-285_B1,2
GAATTCACCCGGGTGT-1_V13B23-285_B1,1
GAATTTCTCGCTGCAG-1_V13B23-285_B1,3
GACAAACATATGCAGG-1_V13B23-285_B1,5
GACAACGACCATTGAA-1_V13B23-285_B1,1
GACAACGCAGCTTACG-1_V13B23-285_B1,16
GACAAGAGATGAGATT-1_V13B23-285_B1,5
GACACAAGGGAAGAAA-1_V13B23-285_B1,1
GACACGAGTTAGAGGA-1_V13B23-285_B1,1
GACACTGAGTTCAGTG-1_V13B23-285_B1,12
GACACTGGAACCCGAT-1_V13B23-285_B1,5
GACAGATTTCTGGCTC-1_V13B23-285_B1,11
GACAGCCAGACCTGAC-1_V13B23-285_B1,2
GACAGGCACACACTAT-1_V13B23-285_B1,3
GACATACTGTCGCAGA-1_V13B23-285_B1,12
GACATCGATTTATAAC-1_V13B23-285_B1,1
GACCAAACGTTGACTG-1_V13B23-285_B1,2
GACCAGAGCCCTGTAG-1_V13B23-285_B1,1
GACCCAATTATGATAC-1_V13B23-285_B1,3
GACCGACGTGAAAGCA-1_V13B23-285_B1,5
GACCGACTGAAGCGTC-1_V13B23-285_B1,2
GACCGCGTCTGACGTG-1_V13B23-285_B1,5
GACCGTCAGGTCGTGA-1_V13B23-285_B1,13
GACCGTGCTGACGGTG-1_V13B23-285_B1,4
GACGACGATCCGCGTT-1_V13B23-285_B1,1
GACGAGGCTAATAAAC-1_V13B23-285_B1,1
GACGCCGTAAAGGCTA-1_V13B23-285_B1,1
GACGCCTGTTGCAGGG-1_V13B23-285_B1,10
GACGCTTGCTTCTAAA-1_V13B23-285_B1,2
GACGGGTTGGCCCGTA-1_V13B23-285_B1,1
GACGGTCAATAGAAGC-1_V13B23-285_B1,11
GACGGTCCTAGGGTGT-1_V13B23-285_B1,5
GACGTGTAGGGATTAT-1_V13B23-285_B1,3
GACGTTCGTAAATACA-1_V13B23-285_B1,3
GACTAAGATCATGCAC-1_V13B23-285_B1,7
GACTAAGTAGGCTCAC-1_V13B23-285_B1,1
GACTACAAAGCGGTGG-1_V13B23-285_B1,2
GACTACAATTGCTCGT-1_V13B23-285_B1,17
GACTCACCCACGTGAG-1_V13B23-285_B1,5
GACTCCCAGAATAAGG-1_V13B23-285_B1,2
GACTCGCGGGAATGAC-1_V13B23-285_B1,4
GACTCGGTCGGCGGAT-1_V13B23-285_B1,27
GACTGATTGGTCACAA-1_V13B23-285_B1,10
GACTGCAAATCGAGCT-1_V13B23-285_B1,3
GACTGCACCAGCCCAG-1_V13B23-285_B1,2
GACTGCGGCACGTGTA-1_V13B23-285_B1,3
GAGACCCTGCAACGCC-1_V13B23-285_B1,10
GAGACTGATGGGTAGA-1_V13B23-285_B1,1
GAGACTTCGCGACCGA-1_V13B23-285_B1,1
GAGAGGGCGCGAGGTT-1_V13B23-285_B1,1
GAGAGGTGCATTCTGG-1_V13B23-285_B1,1
GAGATCTGCTTGGCAT-1_V13B23-285_B1,1
GAGATCTGTCACTCCG-1_V13B23-285_B1,4
GAGATCTTCCATGACA-1_V13B23-285_B1,2
GAGATGACAATCCTTA-1_V13B23-285_B1,4
GAGATGGGAGTCGACA-1_V13B23-285_B1,2
GAGCACCTGTGTCCAG-1_V13B23-285_B1,1
GAGCACGGCGCCTCTT-1_V13B23-285_B1,13
GAGCCAGCTACCTGTG-1_V13B23-285_B1,18
GAGCCGAGCGTTTATT-1_V13B23-285_B1,15
GAGCGAGGGAGTACCG-1_V13B23-285_B1,7
GAGCGCAAATACTCCG-1_V13B23-285_B1,5
GAGCGCGCACGAGTAG-1_V13B23-285_B1,18
GAGCGCTGTTAGGTAA-1_V13B23-285_B1,11
GAGCTAAGGGCATATC-1_V13B23-285_B1,4
GAGCTCTCGGACCTAA-1_V13B23-285_B1,1
GAGCTGTCGTCTCGGA-1_V13B23-285_B1,4
GAGGAATGGAGAGGTT-1_V13B23-285_B1,2
GAGGAGATCCTCATGC-1_V13B23-285_B1,1
GAGGATAAACAGTGCT-1_V13B23-285_B1,2
GAGGCATTTGCAGCAG-1_V13B23-285_B1,1
GAGGCCCGACTCCGCA-1_V13B23-285_B1,3
GAGGCTATCAAAGTCG-1_V13B23-285_B1,1
GAGGGCCATAATATTA-1_V13B23-285_B1,4
GAGGGCGCAGCTCTGC-1_V13B23-285_B1,3
GAGGTACATCCATCTT-1_V13B23-285_B1,21
GAGGTCCCAAAGATCT-1_V13B23-285_B1,1
GAGTAAACCGGAAAGT-1_V13B23-285_B1,5
GAGTAAGGCCACGGGA-1_V13B23-285_B1,3
GAGTACGGGTATACAA-1_V13B23-285_B1,7
GAGTAGATACTAGTTG-1_V13B23-285_B1,4
GAGTATCAAAGTTACA-1_V13B23-285_B1,5
GAGTATGCCCGCCTTG-1_V13B23-285_B1,3
GAGTCAGACCAGAATC-1_V13B23-285_B1,1
GAGTCCGCTTACCGGA-1_V13B23-285_B1,1
GAGTCGACAGACCCTC-1_V13B23-285_B1,12
GAGTGCACGGACAACA-1_V13B23-285_B1,4
GAGTGTGCGGTACCCA-1_V13B23-285_B1,2
GAGTTGATGGCAATTT-1_V13B23-285_B1,1
GATAAATCGGTGGATG-1_V13B23-285_B1,7
GATAACTCGCACTGTG-1_V13B23-285_B1,5
GATACCGTGTCGGAGT-1_V13B23-285_B1,20
GATACGATGGGAGTCA-1_V13B23-285_B1,3
GATAGGATTAATTACA-1_V13B23-285_B1,5
GATAGGTAACGTTGAC-1_V13B23-285_B1,1
GATAGGTGTCCCGGGC-1_V13B23-285_B1,6
GATATCTCATGCAATA-1_V13B23-285_B1,23
GATATGAGACACTAAC-1_V13B23-285_B1,2
GATATGCGGTAGCCAA-1_V13B23-285_B1,12
GATATGGATTACGCGG-1_V13B23-285_B1,3
GATATTGAGATTGGCG-1_V13B23-285_B1,2
GATCATTCCAAACATT-1_V13B23-285_B1,16
GATCCCTTTATACTGC-1_V13B23-285_B1,4
GATCCGAATATAAGTG-1_V13B23-285_B1,5
GATCCGGGAATTAACA-1_V13B23-285_B1,2
GATCCTAAATCGGGAC-1_V13B23-285_B1,5
GATCCTCGACACTGGC-1_V13B23-285_B1,3
GATCGACACTATCTGA-1_V13B23-285_B1,3
GATCGCGGGCTCTCCA-1_V13B23-285_B1,1
GATCGCTACCCGATTT-1_V13B23-285_B1,2
GATCGCTATATCTCAG-1_V13B23-285_B1,1
GATCGGATAGAACCAT-1_V13B23-285_B1,8
GATCGGCGATAAGTCG-1_V13B23-285_B1,1
GATCGGTGGCCATAAC-1_V13B23-285_B1,2
GATCGTGACTGATATC-1_V13B23-285_B1,2
GATCTAACCGTATTCA-1_V13B23-285_B1,4
GATCTCGACGCTGTGG-1_V13B23-285_B1,2
GATCTGCTATCTAAGG-1_V13B23-285_B1,1
GATCTTCATTGTCCTC-1_V13B23-285_B1,12
GATCTTGGAGGGCATA-1_V13B23-285_B1,1
GATCTTTGCAGGGTAT-1_V13B23-285_B1,1
GATCTTTGCTCAAAGA-1_V13B23-285_B1,19
GATGACAAGTAGGGCA-1_V13B23-285_B1,4
GATGACGATGATCGCG-1_V13B23-285_B1,15
GATGCCAGCAGAAGGC-1_V13B23-285_B1,1
GATGCCTTCTGCGGCA-1_V13B23-285_B1,11
GATGCGAATGGTATTA-1_V13B23-285_B1,12
GATGCGTCCTGCATTC-1_V13B23-285_B1,2
GATGCTACAAGCGCCT-1_V13B23-285_B1,2
GATGCTGTATTTCATC-1_V13B23-285_B1,2
GATGGCGCACACATTA-1_V13B23-285_B1,1
GATGGTGCCCTAGGCA-1_V13B23-285_B1,21
GATGTAACGAACCACC-1_V13B23-285_B1,2
GATGTCGGTCAACTGC-1_V13B23-285_B1,23
GATGTTCAATCCACGA-1_V13B23-285_B1,3
GATGTTTGTGCGAGAT-1_V13B23-285_B1,1
GATTAACCGAAAGCCC-1_V13B23-285_B1,2
GATTACTGAATTTGGG-1_V13B23-285_B1,1
GATTCCCTTGTCGCAG-1_V13B23-285_B1,1
GATTCCGCGTTTCCGT-1_V13B23-285_B1,9
GATTCCTATACGGCGC-1_V13B23-285_B1,7
GATTCGACGGTTCACG-1_V13B23-285_B1,5
GATTTAGTGCGTACTG-1_V13B23-285_B1,4
GCAAACCCTACATTAT-1_V13B23-285_B1,2
GCAAACCTTGGCCATA-1_V13B23-285_B1,11
GCAAACGTCGCCAGGT-1_V13B23-285_B1,4
GCAAATATTACGCTTT-1_V13B23-285_B1,1
GCAACACACTAGAACT-1_V13B23-285_B1,8
GCAACAGCAGTATGCG-1_V13B23-285_B1,5
GCAACCACCAGACCGG-1_V13B23-285_B1,7
GCAACCACGGCCGCGT-1_V13B23-285_B1,3
GCAACGGCTAGTTATG-1_V13B23-285_B1,5
GCAAGAATTCCTTGGC-1_V13B23-285_B1,2
GCAAGATGTGTTCGCG-1_V13B23-285_B1,10
GCAAGTGCACAGAGAA-1_V13B23-285_B1,1
GCAATTAGTCGCACCG-1_V13B23-285_B1,3
GCACAAACGAGGCGTG-1_V13B23-285_B1,6
GCACACACTGGTAGCC-1_V13B23-285_B1,2
GCACACGCCCATGGTC-1_V13B23-285_B1,11
GCACGCCTACTTAGAT-1_V13B23-285_B1,3
GCACTAGTCGCGCTAT-1_V13B23-285_B1,9
GCAGAAGGTAATCTCC-1_V13B23-285_B1,5
GCAGACCCAGCACGTA-1_V13B23-285_B1,6
GCAGATCCATAAGACT-1_V13B23-285_B1,2
GCAGATCCTCGCAAAT-1_V13B23-285_B1,4
GCAGATTAGGGATATC-1_V13B23-285_B1,2
GCAGCACACAGCCCAG-1_V13B23-285_B1,2
GCAGCCTATATCACAT-1_V13B23-285_B1,5
GCAGCTATGGACAGGT-1_V13B23-285_B1,8
GCAGGAACTTAGATCT-1_V13B23-285_B1,1
GCAGGACTATAGAATA-1_V13B23-285_B1,1
GCAGGTAGAGTATGGT-1_V13B23-285_B1,10
GCAGTGCGGGCGGATG-1_V13B23-285_B1,5
GCAGTGTGGCTATAGG-1_V13B23-285_B1,2
GCAGTTCGATCCGAGC-1_V13B23-285_B1,2
GCATACGAGGTCTTTA-1_V13B23-285_B1,3
GCATAGAGCACTCAGG-1_V13B23-285_B1,1
GCATCCCTAACTTTGA-1_V13B23-285_B1,18
GCATCGGCCGTGTAGG-1_V13B23-285_B1,4
GCATGAGGGACGCGGC-1_V13B23-285_B1,3
GCATTCAAGGCAACGC-1_V13B23-285_B1,4
GCATTCGAAATGAACA-1_V13B23-285_B1,2
GCATTGTAATTCATAT-1_V13B23-285_B1,1
GCATTTCCAAGGCTCC-1_V13B23-285_B1,12
GCCAACCATTTCCGGA-1_V13B23-285_B1,3
GCCAAGAATACTTCTG-1_V13B23-285_B1,3
GCCAATAGGGCATCTC-1_V13B23-285_B1,3
GCCACAATTTAAGGAC-1_V13B23-285_B1,18
GCCACTCAGAGCGCGA-1_V13B23-285_B1,1
GCCACTCCTTACGGTA-1_V13B23-285_B1,5
GCCAGGAGTAACCGAT-1_V13B23-285_B1,4
GCCAGGCGTTCGCATG-1_V13B23-285_B1,14
GCCATATTGCACACAG-1_V13B23-285_B1,4
GCCATCGAGCTGCGTG-1_V13B23-285_B1,1
GCCATCGATGCTGCAT-1_V13B23-285_B1,7
GCCATTAGCCTCAAAC-1_V13B23-285_B1,4
GCCCAGATGCTGGAGA-1_V13B23-285_B1,5
GCCCAGTTGGTATGCC-1_V13B23-285_B1,8
GCCCGACTTCTTCCCG-1_V13B23-285_B1,3
GCCCGATCTGTGGTCG-1_V13B23-285_B1,3
GCCCGCGCGTAAACGG-1_V13B23-285_B1,1
GCCCGCGCGTTTGACA-1_V13B23-285_B1,1
GCCCGTAATACCTTCT-1_V13B23-285_B1,16
GCCCTAGCCGTCGCGA-1_V13B23-285_B1,6
GCCGAAATTCCTACGT-1_V13B23-285_B1,1
GCCGATTGGCCAAGCT-1_V13B23-285_B1,2
GCCGCACTCCGTTTCA-1_V13B23-285_B1,13
GCCGCATTAGTCCGGC-1_V13B23-285_B1,3
GCCGCTTGTGAGAAAC-1_V13B23-285_B1,2
GCCGGGTTAGGGTCGC-1_V13B23-285_B1,1
GCCGTGGAAGAAATGT-1_V13B23-285_B1,5
GCCTAGCGATCTGACC-1_V13B23-285_B1,1
GCCTATAGTGTCAGGG-1_V13B23-285_B1,8
GCCTATCAGGTAAGAT-1_V13B23-285_B1,5
GCCTATGCTGGGCCTT-1_V13B23-285_B1,4
GCCTATTCCGATATAG-1_V13B23-285_B1,1
GCCTCATCTGGAAATA-1_V13B23-285_B1,5
GCCTCCGACAATTCAC-1_V13B23-285_B1,2
GCCTCTATACATAGCA-1_V13B23-285_B1,2
GCCTTCAGCCCTACCG-1_V13B23-285_B1,7
GCCTTGTATATGCAGT-1_V13B23-285_B1,1
GCGAAACGATCGGGAG-1_V13B23-285_B1,5
GCGAAACTTAACTGGA-1_V13B23-285_B1,2
GCGAAGCCATACCCGT-1_V13B23-285_B1,1
GCGACATGTAAACATC-1_V13B23-285_B1,5
GCGACCCAACCATCTG-1_V13B23-285_B1,3
GCGACGATAGTTGTAC-1_V13B23-285_B1,1
GCGAGAAACGGGAGTT-1_V13B23-285_B1,4
GCGAGAGGCCATGTAA-1_V13B23-285_B1,4
GCGAGAGTTGCGTCCA-1_V13B23-285_B1,3
GCGAGCGCATGCTCCC-1_V13B23-285_B1,5
GCGAGGCCCGAGCAGA-1_V13B23-285_B1,4
GCGAGTTCTGCAAAGA-1_V13B23-285_B1,2
GCGATTCTGGAAGCAG-1_V13B23-285_B1,24
GCGATTGTTAACGTTA-1_V13B23-285_B1,2
GCGCAAATATATTCAA-1_V13B23-285_B1,3
GCGCAAGAGCGCGCTG-1_V13B23-285_B1,4
GCGCATCCAGTCAGCA-1_V13B23-285_B1,8
GCGCCGTTCCACGATA-1_V13B23-285_B1,1
GCGCCTCCCACTCCGA-1_V13B23-285_B1,16
GCGCGTCATTGGTACA-1_V13B23-285_B1,2
GCGCTAATTGAATAGA-1_V13B23-285_B1,2
GCGCTATGCCGAGGCA-1_V13B23-285_B1,1
GCGCTCGATCACCTGT-1_V13B23-285_B1,5
GCGCTGATCCAGACTC-1_V13B23-285_B1,17
GCGCTGCTTTGCATTT-1_V13B23-285_B1,11
GCGCTTAAATAATTGG-1_V13B23-285_B1,1
GCGGACCGCGTTGTGG-1_V13B23-285_B1,2
GCGGAGAAACTTCGCA-1_V13B23-285_B1,1
GCGGAGAGGGAGAACG-1_V13B23-285_B1,2
GCGGCAAAGTATTGCC-1_V13B23-285_B1,3
GCGGCTCTGACGTACC-1_V13B23-285_B1,2
GCGGGAACCAGGCCCT-1_V13B23-285_B1,1
GCGGGCATTACGATGC-1_V13B23-285_B1,3
GCGGGCGAGCCTTACC-1_V13B23-285_B1,2
GCGGTCCCGGTGAAGG-1_V13B23-285_B1,3
GCGGTGAACTGCGCTC-1_V13B23-285_B1,1
GCGGTTCCCTATCATG-1_V13B23-285_B1,1
GCGTAAATGGCCATAA-1_V13B23-285_B1,2
GCGTCGAAATGTCGGT-1_V13B23-285_B1,4
GCGTCGCCAGGGTGAT-1_V13B23-285_B1,1
GCGTCTAACCTCCTAA-1_V13B23-285_B1,4
GCGTCTCTGCATTGGG-1_V13B23-285_B1,1
GCGTGGTACTGGGTTA-1_V13B23-285_B1,5
GCGTTATATTTGGAAC-1_V13B23-285_B1,11
GCGTTCGGAGACCGGG-1_V13B23-285_B1,3
GCGTTCTGACTAAGCG-1_V13B23-285_B1,5
GCTAAACCTGAGGTGA-1_V13B23-285_B1,11
GCTAACTGAAGTCTGA-1_V13B23-285_B1,2
GCTAAGTAAAGGCGAT-1_V13B23-285_B1,1
GCTAAGTAGTTTCTCT-1_V13B23-285_B1,16
GCTAATACCGAATGCC-1_V13B23-285_B1,1
GCTACAATCGAGGATA-1_V13B23-285_B1,2
GCTACAGTACGGACCG-1_V13B23-285_B1,3
GCTACGACTTATTGGG-1_V13B23-285_B1,2
GCTACTATAGTAGAGT-1_V13B23-285_B1,5
GCTAGACCGTCTACTG-1_V13B23-285_B1,2
GCTAGAGTAGAGATGT-1_V13B23-285_B1,5
GCTAGCACCTGGGCCA-1_V13B23-285_B1,12
GCTAGCAGGGAGTGGG-1_V13B23-285_B1,3
GCTAGCTTGAATAGCT-1_V13B23-285_B1,1
GCTAGGCACCACGGAG-1_V13B23-285_B1,2
GCTAGTAGAGCTTGTA-1_V13B23-285_B1,1
GCTAGTTTCATTGAGG-1_V13B23-285_B1,2
GCTATACGTCTCGGAC-1_V13B23-285_B1,16
GCTATCATACTCATGG-1_V13B23-285_B1,5
GCTATCGCGGCGCAAC-1_V13B23-285_B1,1
GCTCAATCCGTTTATT-1_V13B23-285_B1,2
GCTCAATGTAATACCG-1_V13B23-285_B1,1
GCTCATTACTGCATGT-1_V13B23-285_B1,7
GCTCCATGAGTGCAGA-1_V13B23-285_B1,1
GCTCCCAGTCGGTCCA-1_V13B23-285_B1,5
GCTCCGCTCGCTTCAG-1_V13B23-285_B1,5
GCTCCTGACATACTGG-1_V13B23-285_B1,3
GCTCGCGGTTCCGCTC-1_V13B23-285_B1,3
GCTCGCTCATGTCCAA-1_V13B23-285_B1,6
GCTCGGAATTTAAAGC-1_V13B23-285_B1,4
GCTCTAAACCCTGACG-1_V13B23-285_B1,4
GCTCTATGTTACGTGC-1_V13B23-285_B1,3
GCTCTCGGGTACCGAA-1_V13B23-285_B1,1
GCTGAACTCTCCAGGG-1_V13B23-285_B1,3
GCTGAATCTTCCAATC-1_V13B23-285_B1,3
GCTGAGCAACGGTTCT-1_V13B23-285_B1,1
GCTGAGGCGTGAGTAT-1_V13B23-285_B1,5
GCTGCACGGTTTCTTA-1_V13B23-285_B1,2
GCTGCTAAGTAGTCGA-1_V13B23-285_B1,1
GCTGCTACTGCGTAGC-1_V13B23-285_B1,1
GCTGCTCTCCGGACAC-1_V13B23-285_B1,1
GCTGGACCCAAAGTGG-1_V13B23-285_B1,15
GCTGGCATATTCACCT-1_V13B23-285_B1,1
GCTGGCGGCGCATGCT-1_V13B23-285_B1,1
GCTGGTTTAGGCCATA-1_V13B23-285_B1,1
GCTGTATTACTGGCCC-1_V13B23-285_B1,3
GCTGTTGCTACCGAAC-1_V13B23-285_B1,2
GCTTAATGTAACTAAC-1_V13B23-285_B1,5
GCTTACGTAGTTAGTA-1_V13B23-285_B1,2
GCTTAGGGAAGCGGTA-1_V13B23-285_B1,25
GCTTATGAAGCAGGAA-1_V13B23-285_B1,4
GCTTCCGTCCCTAGAC-1_V13B23-285_B1,3
GCTTGATGATAATCAG-1_V13B23-285_B1,1
GCTTGCAGCACAATTG-1_V13B23-285_B1,4
GCTTGGATCGATTAGG-1_V13B23-285_B1,11
GCTTTCAGAGGAGGTG-1_V13B23-285_B1,4
GGAAACCTTGTTGAAT-1_V13B23-285_B1,1
GGAAACTAAATGGGCC-1_V13B23-285_B1,2
GGAAAGTGCCCATGCC-1_V13B23-285_B1,1
GGAACCCGAACAAGAA-1_V13B23-285_B1,11
GGAACCGTGTAAATTG-1_V13B23-285_B1,1
GGAACCTTGACTCTGC-1_V13B23-285_B1,11
GGAACGGCCTGCAGCC-1_V13B23-285_B1,1
GGAACTTTGGCGATTA-1_V13B23-285_B1,22
GGAAGCTCGCTTACAG-1_V13B23-285_B1,14
GGAATGCGCTAGCGTG-1_V13B23-285_B1,2
GGACAAGTTGCAGTGA-1_V13B23-285_B1,4
GGACACAAGTTTACAC-1_V13B23-285_B1,5
GGACCAACAGGATAAC-1_V13B23-285_B1,2
GGACCTACGGTAACGT-1_V13B23-285_B1,4
GGACCTCTAGGCCGCC-1_V13B23-285_B1,11
GGACGTCCATAGTTGG-1_V13B23-285_B1,4
GGACTCACAAATTAGG-1_V13B23-285_B1,6
GGACTCGAAGCTTTCA-1_V13B23-285_B1,5
GGACTCTTCCGGTTGA-1_V13B23-285_B1,5
GGAGAAGTCATTGGCA-1_V13B23-285_B1,4
GGAGACCAATGTGCTT-1_V13B23-285_B1,3
GGAGACCATCTACATA-1_V13B23-285_B1,3
GGAGACGACACCTTTG-1_V13B23-285_B1,1
GGAGCAACATTTCAAG-1_V13B23-285_B1,2
GGAGCACCAAGAACTA-1_V13B23-285_B1,7
GGAGGCCGAAGTCGTC-1_V13B23-285_B1,2
GGAGGGCTTGGTTGGC-1_V13B23-285_B1,6
GGAGGGTCAAGTAAGA-1_V13B23-285_B1,2
GGAGTGCCGCCCTGGA-1_V13B23-285_B1,1
GGATCATCCCGTACGC-1_V13B23-285_B1,15
GGATCCGGAATATACT-1_V13B23-285_B1,17
GGATCTTGACTCAACC-1_V13B23-285_B1,1
GGATGAAGATCGCTGA-1_V13B23-285_B1,5
GGATGACGCGAGTTTA-1_V13B23-285_B1,1
GGATGCTGGCGTTCCT-1_V13B23-285_B1,4
GGATGTCCTTACCGCA-1_V13B23-285_B1,5
GGATTAAGCTAAGGTC-1_V13B23-285_B1,10
GGATTCAGTACGGTGG-1_V13B23-285_B1,18
GGATTCCGCTATACCC-1_V13B23-285_B1,7
GGATTGCTGTGACTCC-1_V13B23-285_B1,2
GGATTTCACTTCTATA-1_V13B23-285_B1,1
GGCAAAGGCGCCAATA-1_V13B23-285_B1,4
GGCAAATTACTTTACT-1_V13B23-285_B1,5
GGCAAGCCAGGGATAG-1_V13B23-285_B1,1
GGCAAGGCGAAATAGC-1_V13B23-285_B1,1
GGCAATAGTCAATGAG-1_V13B23-285_B1,2
GGCACTCAGCCGACCC-1_V13B23-285_B1,6
GGCACTCCACTGGGCA-1_V13B23-285_B1,1
GGCAGCAAACCTATGC-1_V13B23-285_B1,1
GGCAGCGGTAATCCTA-1_V13B23-285_B1,3
GGCATACAGGTAGCGG-1_V13B23-285_B1,2
GGCATATCGGTTCTGC-1_V13B23-285_B1,9
GGCCCAGTTATCAGCA-1_V13B23-285_B1,7
GGCCCGGAGCATGTCT-1_V13B23-285_B1,5
GGCCCGTATACCATGC-1_V13B23-285_B1,3
GGCCCTCACCCACTTA-1_V13B23-285_B1,11
GGCCGTTTGGGTTTCA-1_V13B23-285_B1,3
GGCCTGCTTCTCCCGA-1_V13B23-285_B1,5
GGCCTTTGCAACTGGC-1_V13B23-285_B1,4
GGCGAAATCTAACTTG-1_V13B23-285_B1,5
GGCGAACCGTTCTGAT-1_V13B23-285_B1,1
GGCGAGCGAAACGGCA-1_V13B23-285_B1,1
GGCGCAGGACATCTTC-1_V13B23-285_B1,1
GGCGCATGAATTGATG-1_V13B23-285_B1,4
GGCGCGGAGATCTTTC-1_V13B23-285_B1,2
GGCGCGTTCGAGTTTA-1_V13B23-285_B1,1
GGCGCTCCTCATCAAT-1_V13B23-285_B1,16
GGCGGAGTAATATTAG-1_V13B23-285_B1,1
GGCGGGCTCTAAGAGT-1_V13B23-285_B1,5
GGCGGTAGGATCATTG-1_V13B23-285_B1,5
GGCGGTTTGCCGGTGC-1_V13B23-285_B1,12
GGCGTCCTATCCGCTG-1_V13B23-285_B1,2
GGCTAAAGGGCGGGTC-1_V13B23-285_B1,1
GGCTAATGATTGAAAT-1_V13B23-285_B1,10
GGCTATTAAGTTGTAT-1_V13B23-285_B1,1
GGCTCCTCCACCTGTT-1_V13B23-285_B1,3
GGCTCGCGTTGAGGTA-1_V13B23-285_B1,4
GGCTCGTGCCACCAGC-1_V13B23-285_B1,1
GGCTCTGCTCCAACGC-1_V13B23-285_B1,4
GGCTGAAATAGCAAAG-1_V13B23-285_B1,2
GGCTGAGCATCGTAAG-1_V13B23-285_B1,4
GGCTGGCTAGCTTAAA-1_V13B23-285_B1,21
GGCTTTCAATAAGGGT-1_V13B23-285_B1,3
GGGAACGGGAGGTTAG-1_V13B23-285_B1,2
GGGAATGAGCCCTCAC-1_V13B23-285_B1,8
GGGACAGAGTTACTCC-1_V13B23-285_B1,3
GGGACCCGTATATCTT-1_V13B23-285_B1,3
GGGACTGCATAGATAG-1_V13B23-285_B1,1
GGGAGAACTCACAGTA-1_V13B23-285_B1,2
GGGAGGATGCCCGAAA-1_V13B23-285_B1,2
GGGAGTTAATGAGGCG-1_V13B23-285_B1,17
GGGATACGGTAATAAT-1_V13B23-285_B1,1
GGGATCCCAATACAAA-1_V13B23-285_B1,8
GGGATGGTCGTAACCG-1_V13B23-285_B1,1
GGGATTTACCGCACCT-1_V13B23-285_B1,5
GGGCAACCGCACGTGC-1_V13B23-285_B1,1
GGGCAGAGCAATCGTT-1_V13B23-285_B1,1
GGGCCCGTCTTAAACA-1_V13B23-285_B1,1
GGGCCCTACGAAAGGG-1_V13B23-285_B1,3
GGGCCGGCCGAAGTAC-1_V13B23-285_B1,5
GGGCCTAAATGGGCTA-1_V13B23-285_B1,3
GGGCCTATTTAAGTAT-1_V13B23-285_B1,7
GGGCGAATTTCTCCAC-1_V13B23-285_B1,1
GGGCGATATGTGTGAA-1_V13B23-285_B1,1
GGGCGCAGCGTTACTC-1_V13B23-285_B1,3
GGGCGGCAAATGAATT-1_V13B23-285_B1,1
GGGCGGGTTCCCTACG-1_V13B23-285_B1,3
GGGCGGTCCTATTGTC-1_V13B23-285_B1,1
GGGCGTACATTTATAT-1_V13B23-285_B1,1
GGGCGTCACCACGTAA-1_V13B23-285_B1,3
GGGCGTCCACTGGCTC-1_V13B23-285_B1,9
GGGCGTGGTTTCCCAG-1_V13B23-285_B1,1
GGGCTACTATTTCGTG-1_V13B23-285_B1,4
GGGCTATGATCGATGG-1_V13B23-285_B1,3
GGGCTCATCGAACCCA-1_V13B23-285_B1,10
GGGCTGCCTAGGGCGA-1_V13B23-285_B1,7
GGGCTGGTTAGTCGCG-1_V13B23-285_B1,3
GGGTACCCACGGTCCT-1_V13B23-285_B1,1
GGGTACTTCATGAACT-1_V13B23-285_B1,1
GGGTATGTATGCACTT-1_V13B23-285_B1,3
GGGTATTCTAGCAAAC-1_V13B23-285_B1,1
GGGTCACCGTGACGGT-1_V13B23-285_B1,4
GGGTCATGCGTACCAT-1_V13B23-285_B1,3
GGGTCGTGGCAAGTGT-1_V13B23-285_B1,3
GGGTGACACCTTAACT-1_V13B23-285_B1,5
GGGTGCATATGAAAGC-1_V13B23-285_B1,3
GGGTGTTTCAGCTATG-1_V13B23-285_B1,6
GGGTTAACATTTGAGT-1_V13B23-285_B1,1
GGGTTCAGACGAACAA-1_V13B23-285_B1,3
GGGTTTAGGATAGGAT-1_V13B23-285_B1,5
GGTAAATGTGCGTTAC-1_V13B23-285_B1,14
GGTAACCGGGAGGATA-1_V13B23-285_B1,3
GGTACAAACATGCTAT-1_V13B23-285_B1,1
GGTACACCAGATTTAT-1_V13B23-285_B1,4
GGTACATCTGGGACGA-1_V13B23-285_B1,3
GGTACCATTAAGACGG-1_V13B23-285_B1,3
GGTACTAAGTGCTTTG-1_V13B23-285_B1,6
GGTAGAAGACCGCCTG-1_V13B23-285_B1,2
GGTAGACCGTTGGGCG-1_V13B23-285_B1,2
GGTAGTGCTCGCACCA-1_V13B23-285_B1,19
GGTATAGTGACACATA-1_V13B23-285_B1,2
GGTATTGCCGAGTTTA-1_V13B23-285_B1,1
GGTCAAGACTACTTCG-1_V13B23-285_B1,4
GGTCAGTGGGTCCCAC-1_V13B23-285_B1,1
GGTCATTGTAGTCATA-1_V13B23-285_B1,4
GGTCCTTCATACGACT-1_V13B23-285_B1,3
GGTCGGATAAACGGCG-1_V13B23-285_B1,1
GGTCGGCCAGGAGCTT-1_V13B23-285_B1,5
GGTCGGTAATTAGACA-1_V13B23-285_B1,3
GGTCGGTCGTCCACAG-1_V13B23-285_B1,3
GGTCGTAAGCTCGCAC-1_V13B23-285_B1,2
GGTCTCCAAGTAGTGC-1_V13B23-285_B1,4
GGTCTCTGAATGGACT-1_V13B23-285_B1,1
GGTCTGAGAATCTGGA-1_V13B23-285_B1,2
GGTGAAGTACAGGGAT-1_V13B23-285_B1,1
GGTGAGATGCAGATAA-1_V13B23-285_B1,1
GGTGATAAGGAGCAGT-1_V13B23-285_B1,1
GGTGCAGAGCCTATCG-1_V13B23-285_B1,12
GGTGCGGATAAGTGGC-1_V13B23-285_B1,7
GGTGCTGATCACAAAG-1_V13B23-285_B1,1
GGTGCTGGTACACATT-1_V13B23-285_B1,3
GGTGGACTGCTCTGGC-1_V13B23-285_B1,2
GGTGGAGGTTGATACG-1_V13B23-285_B1,5
GGTGTTGGGCGTCTTA-1_V13B23-285_B1,1
GGTTACCACCCTCGGG-1_V13B23-285_B1,3
GGTTACCCGACACTTT-1_V13B23-285_B1,3
GGTTAGCTATATGTCT-1_V13B23-285_B1,2
GGTTAGGCTTGGAGAA-1_V13B23-285_B1,3
GGTTAGTTACGGCGCC-1_V13B23-285_B1,3
GGTTCGGATTATACTA-1_V13B23-285_B1,15
GGTTCTACTCGTCTGA-1_V13B23-285_B1,20
GGTTGTGCTCTTGTCC-1_V13B23-285_B1,3
GGTTGTGTAGCCTGGC-1_V13B23-285_B1,12
GGTTTAATTGAGCAGG-1_V13B23-285_B1,8
GGTTTACAATCTCAAT-1_V13B23-285_B1,4
GGTTTAGCCTTTCTTG-1_V13B23-285_B1,5
GGTTTCAATCGGTCAG-1_V13B23-285_B1,6
GGTTTGACAAGAAGCT-1_V13B23-285_B1,4
GGTTTGCGAACACGTA-1_V13B23-285_B1,8
GGTTTGTGACCTGAGG-1_V13B23-285_B1,5
GTAACATCTAAGATAA-1_V13B23-285_B1,5
GTAAGCGGGCAGTCAG-1_V13B23-285_B1,2
GTAAGGATTTGTCGGA-1_V13B23-285_B1,23
GTAAGTAACAGTCTGG-1_V13B23-285_B1,5
GTAAGTAGGGTATACC-1_V13B23-285_B1,1
GTAAGTCCACACTCTA-1_V13B23-285_B1,13
GTAATAAAGGGCTCCC-1_V13B23-285_B1,3
GTAATCTGATTCTTCG-1_V13B23-285_B1,1
GTACACTTACCTGAAG-1_V13B23-285_B1,2
GTACAGAGGCAAGGGT-1_V13B23-285_B1,2
GTACGACGGCGCTGCG-1_V13B23-285_B1,4
GTACGAGATTGCGACA-1_V13B23-285_B1,4
GTACGCTTCATTGCAC-1_V13B23-285_B1,1
GTACGTCACGTATTAA-1_V13B23-285_B1,15
GTACGTTTGCCCGTCA-1_V13B23-285_B1,1
GTACTAAGATTTGGAG-1_V13B23-285_B1,1
GTACTCCCTTATCGCT-1_V13B23-285_B1,1
GTACTCCTGGGTATGC-1_V13B23-285_B1,1
GTACTGGAGTTAGACC-1_V13B23-285_B1,7
GTACTTGGGCACTTCT-1_V13B23-285_B1,1
GTAGAAACGGGTGGAG-1_V13B23-285_B1,3
GTAGACGTCGTTACAT-1_V13B23-285_B1,14
GTAGAGGGAGACAAGT-1_V13B23-285_B1,12
GTAGCCAAACATGGGA-1_V13B23-285_B1,1
GTAGCGGCTATACACT-1_V13B23-285_B1,2
GTAGCTTCCTCTTGTT-1_V13B23-285_B1,4
GTAGGTGATCCGTGTA-1_V13B23-285_B1,7
GTAGTCGCGGGAATCA-1_V13B23-285_B1,5
GTATAATCTCCCGGAT-1_V13B23-285_B1,1
GTATAGGACTCAGTAG-1_V13B23-285_B1,4
GTATCAAACGTTAGCT-1_V13B23-285_B1,5
GTATCAGCTTGGGTTC-1_V13B23-285_B1,2
GTATCTCAGTCTTGAC-1_V13B23-285_B1,12
GTATCTTTCATAACCA-1_V13B23-285_B1,16
GTATGAAATTTCACTC-1_V13B23-285_B1,1
GTATGTGGGTCTAGTT-1_V13B23-285_B1,2
GTATTAAGGCGTCTAA-1_V13B23-285_B1,1
GTATTCTGAGAAACGA-1_V13B23-285_B1,3
GTATTTAATGGCATAA-1_V13B23-285_B1,18
GTCAAAGAAGTGGTGT-1_V13B23-285_B1,2
GTCAAAGTTTACATAG-1_V13B23-285_B1,2
GTCAAGCGGACTCGGG-1_V13B23-285_B1,1
GTCAATGCTATAATTT-1_V13B23-285_B1,1
GTCACTCTCCAAATCT-1_V13B23-285_B1,4
GTCAGAATAGTCTATG-1_V13B23-285_B1,1
GTCAGTTGTGCTCGTT-1_V13B23-285_B1,24
GTCAGTTTGGTAGTCG-1_V13B23-285_B1,3
GTCATCTCCTACAGCT-1_V13B23-285_B1,1
GTCATGCACCTCCGTT-1_V13B23-285_B1,1
GTCATGGACATGACTA-1_V13B23-285_B1,18
GTCATTAGAGCGAACG-1_V13B23-285_B1,2
GTCATTGCATTGACCC-1_V13B23-285_B1,1
GTCCATTACTGCTACG-1_V13B23-285_B1,5
GTCCCAACGTAAAGTA-1_V13B23-285_B1,10
GTCCCGCGACGTTATG-1_V13B23-285_B1,5
GTCCGAGAGCAATCAT-1_V13B23-285_B1,1
GTCCGGACCTGAAATT-1_V13B23-285_B1,2
GTCCGGCTGAATTGCG-1_V13B23-285_B1,4
GTCCTACAGGCGGCTC-1_V13B23-285_B1,1
GTCCTACGAATAGTCT-1_V13B23-285_B1,2
GTCCTACTCTACGGGC-1_V13B23-285_B1,4
GTCCTATTGTTGTGGT-1_V13B23-285_B1,1
GTCCTTCTAGTGGGTT-1_V13B23-285_B1,21
GTCGATAGGTGACTTT-1_V13B23-285_B1,2
GTCGCCGTTGTGTGTT-1_V13B23-285_B1,3
GTCGCGTAACCCGTTG-1_V13B23-285_B1,1
GTCGGAAGGATACCAG-1_V13B23-285_B1,11
GTCGGATATCTCAGAC-1_V13B23-285_B1,2
GTCGGATGTAGCGCGC-1_V13B23-285_B1,9
GTCGGGAAGCAGAAAC-1_V13B23-285_B1,12
GTCGTACCATCTCGGG-1_V13B23-285_B1,2
GTCGTATTGGCGTACA-1_V13B23-285_B1,7
GTCGTCTGGTTGGCTA-1_V13B23-285_B1,3
GTCGTGTCTGGTCATC-1_V13B23-285_B1,11
GTCGTTATTCGCTTAT-1_V13B23-285_B1,2
GTCTACTCAATTACAA-1_V13B23-285_B1,4
GTCTATCTGAGTTTCT-1_V13B23-285_B1,1
GTCTATTGGTTCCGGT-1_V13B23-285_B1,2
GTCTCAAGGCCCGGCT-1_V13B23-285_B1,18
GTCTCCTGCCAGTATG-1_V13B23-285_B1,3
GTCTCGACTAAGTTTG-1_V13B23-285_B1,4
GTCTCGATCTGCTTTC-1_V13B23-285_B1,7
GTCTGGGCGGTCGAGA-1_V13B23-285_B1,3
GTCTTAGTACAGCCGG-1_V13B23-285_B1,13
GTCTTGAGGAGCAGTG-1_V13B23-285_B1,5
GTCTTGTAGCTATTCA-1_V13B23-285_B1,2
GTGAAACGGCGCCACC-1_V13B23-285_B1,4
GTGAACTCCCATTCGA-1_V13B23-285_B1,4
GTGAAGATTTCAAGTG-1_V13B23-285_B1,4
GTGAAGCCGTATAGTC-1_V13B23-285_B1,7
GTGAAGTCACGACTCG-1_V13B23-285_B1,3
GTGACCGCACACTACG-1_V13B23-285_B1,5
GTGACCTAAAGAATAA-1_V13B23-285_B1,3
GTGACGAGGGTGACCC-1_V13B23-285_B1,3
GTGACTTCAGTAGTGC-1_V13B23-285_B1,3
GTGAGCGTGCTGCACT-1_V13B23-285_B1,2
GTGAGGACACTTAAGG-1_V13B23-285_B1,2
GTGAGGAGCGGTTGAG-1_V13B23-285_B1,9
GTGAGTCTAAGACGGA-1_V13B23-285_B1,12
GTGAGTGGTACAACGC-1_V13B23-285_B1,2
GTGATCACTAACGCCT-1_V13B23-285_B1,5
GTGATCATAGATCTGC-1_V13B23-285_B1,1
GTGATCCTTGTCATGA-1_V13B23-285_B1,2
GTGATGCACAACATCT-1_V13B23-285_B1,11
GTGATTCGCCGCTCAA-1_V13B23-285_B1,16
GTGCACGAAAGTGACT-1_V13B23-285_B1,7
GTGCAGCGTAGAGTAG-1_V13B23-285_B1,5
GTGCCATCACACGGTG-1_V13B23-285_B1,1
GTGCCCGTTCGGATTC-1_V13B23-285_B1,5
GTGCCGCTTCAAAGGT-1_V13B23-285_B1,1
GTGCCTAGCTATGCTT-1_V13B23-285_B1,2
GTGCCTCAGTGTACGG-1_V13B23-285_B1,4
GTGCGAAATCGAACAC-1_V13B23-285_B1,11
GTGCGACAGGGAGTGT-1_V13B23-285_B1,5
GTGCGGGTCTCCAAAT-1_V13B23-285_B1,1
GTGCGTGTATATGAGC-1_V13B23-285_B1,5
GTGCTCAAGTACTGTC-1_V13B23-285_B1,1
GTGCTGCAGATAAGGA-1_V13B23-285_B1,15
GTGCTTACATCAGCGC-1_V13B23-285_B1,5
GTGGAACCTACATGCG-1_V13B23-285_B1,13
GTGGACCAACCCGATT-1_V13B23-285_B1,1
GTGGACGCATTTGTCC-1_V13B23-285_B1,11
GTGGACGTGCTGAGAC-1_V13B23-285_B1,1
GTGGAGCATGTCGGCC-1_V13B23-285_B1,2
GTGGAGCGTTTACCGA-1_V13B23-285_B1,3
GTGGAGTCGGCGGTTG-1_V13B23-285_B1,1
GTGGCAAACAGCGGCA-1_V13B23-285_B1,2
GTGGCGGTCCCAGCGT-1_V13B23-285_B1,1
GTGGGAAGACTGAATC-1_V13B23-285_B1,4
GTGGGCTTAGACACAC-1_V13B23-285_B1,17
GTGGTATAGTCTGCCG-1_V13B23-285_B1,4
GTGGTGATGGTTTGTG-1_V13B23-285_B1,4
GTGGTGGCCAAGTGAA-1_V13B23-285_B1,5
GTGGTTACTTCTTTCG-1_V13B23-285_B1,3
GTGGTTTCCGCCTTTC-1_V13B23-285_B1,1
GTGTACCTTGGCTACG-1_V13B23-285_B1,11
GTGTACGAACCGTTCC-1_V13B23-285_B1,2
GTGTATATCAGCGGGC-1_V13B23-285_B1,1
GTGTCGTATAGCGTTC-1_V13B23-285_B1,2
GTGTGAATAACTTAGG-1_V13B23-285_B1,2
GTGTTACTATGCGTCC-1_V13B23-285_B1,2
GTTAAAGTAGGACTGG-1_V13B23-285_B1,5
GTTAACATCACTTAAA-1_V13B23-285_B1,1
GTTAACTATGTTGTCA-1_V13B23-285_B1,5
GTTAAGGGTGCGATGT-1_V13B23-285_B1,1
GTTAAGTTAGAGTGGG-1_V13B23-285_B1,5
GTTAATGTCTATCTTA-1_V13B23-285_B1,3
GTTACAATTGGTGACG-1_V13B23-285_B1,1
GTTACCTACAACTTGC-1_V13B23-285_B1,1
GTTACTTTGGGCCTAG-1_V13B23-285_B1,2
GTTAGCCGTAAATCAA-1_V13B23-285_B1,3
GTTAGGCTACCCGTTT-1_V13B23-285_B1,3
GTTATAATACGGTGAA-1_V13B23-285_B1,1
GTTATATCAGGAGCCA-1_V13B23-285_B1,11
GTTATATTATCTCCCT-1_V13B23-285_B1,1
GTTATTAACGTGGGAG-1_V13B23-285_B1,1
GTTCACAGGAGTCTAG-1_V13B23-285_B1,2
GTTCATCGTTTGGCTG-1_V13B23-285_B1,3
GTTCCAGTCTGACCAT-1_V13B23-285_B1,8
GTTCCCGTAAACATAT-1_V13B23-285_B1,5
GTTCGCCATAAGTGCC-1_V13B23-285_B1,1
GTTCGCTGAGACGTCT-1_V13B23-285_B1,5
GTTCGGATCGGGAACA-1_V13B23-285_B1,2
GTTCGGGCGTACCATT-1_V13B23-285_B1,11
GTTCGTCTAAAGAACT-1_V13B23-285_B1,5
GTTCGTCTGGGTCCCT-1_V13B23-285_B1,3
GTTCTTCCCTCGATGT-1_V13B23-285_B1,7
GTTGAACCGGTTCCAT-1_V13B23-285_B1,3
GTTGAGTCCCGCCGGT-1_V13B23-285_B1,22
GTTGCACGGAGTTTCG-1_V13B23-285_B1,1
GTTGCAGTCGACAACA-1_V13B23-285_B1,1
GTTGCGCTAACATTAC-1_V13B23-285_B1,4
GTTGCGGACGGTCAGG-1_V13B23-285_B1,6
GTTGGACCGCATCAGG-1_V13B23-285_B1,4
GTTGGATTCAGTGGCT-1_V13B23-285_B1,12
GTTGGATTGAGAACAC-1_V13B23-285_B1,1
GTTGGATTTGCGTTGG-1_V13B23-285_B1,1
GTTGGTCATGCTATCC-1_V13B23-285_B1,11
GTTGTCGTGTTAGTTG-1_V13B23-285_B1,14
GTTGTTACATTGCGCT-1_V13B23-285_B1,10
GTTTACGTTCCATCTG-1_V13B23-285_B1,1
GTTTATGGGATTTAGA-1_V13B23-285_B1,11
GTTTCAAACGAGTTGT-1_V13B23-285_B1,5
GTTTCATATCGTCGCT-1_V13B23-285_B1,1
GTTTCCTGGAGGGTGA-1_V13B23-285_B1,1
GTTTCTGCAGTCTCCC-1_V13B23-285_B1,2
GTTTGACCAAATCCTA-1_V13B23-285_B1,16
GTTTGGCCCAAGTTAT-1_V13B23-285_B1,5
GTTTGGCCGCTCAGCG-1_V13B23-285_B1,8
GTTTGGGCTTGTGAGC-1_V13B23-285_B1,4
GTTTGGTAGGGTCAAC-1_V13B23-285_B1,1
TAAACCCAGGAGGGCA-1_V13B23-285_B1,1
TAAACGTCGTCAATGA-1_V13B23-285_B1,2
TAAAGACAACCCTTTA-1_V13B23-285_B1,1
TAAAGCGTTAGGAGAA-1_V13B23-285_B1,1
TAAAGCTGCAATAGGG-1_V13B23-285_B1,4
TAAATCTTTACACCTC-1_V13B23-285_B1,3
TAAATGAATCCGTTTC-1_V13B23-285_B1,4
TAAATGCCGTCTCATG-1_V13B23-285_B1,8
TAACAAAGGGAGAAGC-1_V13B23-285_B1,2
TAACAATATTTGTTGC-1_V13B23-285_B1,8
TAACATACAATGTGGG-1_V13B23-285_B1,2
TAACATACACGCGATC-1_V13B23-285_B1,18
TAACCTACCGTCCGAG-1_V13B23-285_B1,5
TAACCTAGGGAGTCCA-1_V13B23-285_B1,2
TAACGCTTTGAGAGCG-1_V13B23-285_B1,3
TAACTATCGAAGGTCC-1_V13B23-285_B1,1
TAACTATTACGCCAAA-1_V13B23-285_B1,22
TAACTCATCCGCGCGG-1_V13B23-285_B1,3
TAACTCCATGGAGGCT-1_V13B23-285_B1,4
TAAGCAGGCGACACGC-1_V13B23-285_B1,2
TAAGCCCTTACGACCA-1_V13B23-285_B1,3
TAAGGAACTTGTGGGA-1_V13B23-285_B1,2
TAAGGCAACATAAGAT-1_V13B23-285_B1,1
TAAGGCATAACATCAA-1_V13B23-285_B1,3
TAAGGCCCGTCACCCT-1_V13B23-285_B1,4
TAAGGCTGAATCCCTC-1_V13B23-285_B1,2
TAAGGGCCTGTCCGAT-1_V13B23-285_B1,2
TAAGGGCTGGGAGAGG-1_V13B23-285_B1,1
TAAGTAACATCTTGAC-1_V13B23-285_B1,1
TAAGTCGCCGAGTATC-1_V13B23-285_B1,2
TAAGTTGCGACGTAGG-1_V13B23-285_B1,1
TAATAAACAAGGAGAT-1_V13B23-285_B1,19
TAATACACAGTAGTAT-1_V13B23-285_B1,7
TAATAGAACAGAGTTA-1_V13B23-285_B1,3
TAATAGCTAAATGATG-1_V13B23-285_B1,4
TAATAGGTCACCAGAA-1_V13B23-285_B1,1
TAATAGTGACGACCAG-1_V13B23-285_B1,3
TAATATTGAAATTCGC-1_V13B23-285_B1,1
TAATCAACCAAATGGG-1_V13B23-285_B1,5
TAATCGATCCGTACGT-1_V13B23-285_B1,3
TAATGAAAGACCCTTG-1_V13B23-285_B1,3
TAATTACGTCAGTAGA-1_V13B23-285_B1,2
TAATTAGGACATCCGT-1_V13B23-285_B1,2
TAATTGGAATCGGGAA-1_V13B23-285_B1,4
TACAACGCACAACTCA-1_V13B23-285_B1,4
TACAAGTCTCGTGCAT-1_V13B23-285_B1,1
TACACCGTCGTTAGTC-1_V13B23-285_B1,3
TACAGAAACGGTGGGC-1_V13B23-285_B1,2
TACATAGGCATACACC-1_V13B23-285_B1,2
TACATCCCTATCCCTG-1_V13B23-285_B1,1
TACATGCCGGAATTGT-1_V13B23-285_B1,2
TACATTTCTAACGTGC-1_V13B23-285_B1,11
TACCAAATAGCCCAGA-1_V13B23-285_B1,1
TACCAATAAAGTACCA-1_V13B23-285_B1,2
TACCAGAAGTAGGTTC-1_V13B23-285_B1,1
TACCAGCTAGGTTTAA-1_V13B23-285_B1,23
TACCATGTATTGATTT-1_V13B23-285_B1,4
TACCGCGGACTTGCAG-1_V13B23-285_B1,2
TACCGGCTCACTGCCC-1_V13B23-285_B1,25
TACCGGTCGTTTCCAT-1_V13B23-285_B1,1
TACCGTAGGTTAACTA-1_V13B23-285_B1,3
TACCGTGCCTCGGACC-1_V13B23-285_B1,5
TACCTACTCCCAGTAT-1_V13B23-285_B1,3
TACCTCACGCTTGTAC-1_V13B23-285_B1,7
TACCTCAGTTGTCTGT-1_V13B23-285_B1,1
TACCTGCTGCACTGTG-1_V13B23-285_B1,1
TACCTTAAGATTTCCC-1_V13B23-285_B1,3
TACGAACACGACTTCA-1_V13B23-285_B1,1
TACGACGCTTGCTGCG-1_V13B23-285_B1,1
TACGACTGCCTCTTAG-1_V13B23-285_B1,1
TACGAGAACTTCACGT-1_V13B23-285_B1,1
TACGATGTTGATCATC-1_V13B23-285_B1,1
TACGCAGTTCTTTCCT-1_V13B23-285_B1,1
TACGCCATATTCTAAT-1_V13B23-285_B1,4
TACGCCGAGGGTACCC-1_V13B23-285_B1,3
TACGCCGCCTCAGAAG-1_V13B23-285_B1,2
TACGCCTCCATTCCGA-1_V13B23-285_B1,3
TACGCTATAGAAACCT-1_V13B23-285_B1,5
TACGCTCGGTATTGGA-1_V13B23-285_B1,18
TACGGGATGCTAGCAG-1_V13B23-285_B1,1
TACGTACTAGTGCTGA-1_V13B23-285_B1,2
TACGTGCAAGGTTCCT-1_V13B23-285_B1,3
TACGTGCACTATGCTG-1_V13B23-285_B1,2
TACGTTTACCGGCAAT-1_V13B23-285_B1,2
TACTATGGTTCCTCAG-1_V13B23-285_B1,1
TACTCGGCACGCCGGG-1_V13B23-285_B1,4
TACTCTCCGAACAAAT-1_V13B23-285_B1,7
TACTCTTACTTTACTG-1_V13B23-285_B1,2
TACTCTTTCGTCTTCA-1_V13B23-285_B1,11
TACTGAACAGATTTAG-1_V13B23-285_B1,2
TACTGAGGGAAGAAAG-1_V13B23-285_B1,4
TACTGCAATCAATTAC-1_V13B23-285_B1,4
TACTGGACAGCTCGGC-1_V13B23-285_B1,16
TACTGTTTCTCTGGTA-1_V13B23-285_B1,2
TACTTGTTAGTAGTCC-1_V13B23-285_B1,5
TACTTTACTGAGCCGG-1_V13B23-285_B1,12
TACTTTCCGCACGCCA-1_V13B23-285_B1,3
TAGAAAGGTGGCGCTA-1_V13B23-285_B1,4
TAGAATAGCCGATGAA-1_V13B23-285_B1,2
TAGAATTAAGGGCAAC-1_V13B23-285_B1,21
TAGACGCCCGTACCGG-1_V13B23-285_B1,2
TAGACTACCTAGCGTT-1_V13B23-285_B1,5
TAGAGATCATGCAACT-1_V13B23-285_B1,3
TAGAGCTACGAAGAAC-1_V13B23-285_B1,23
TAGAGGTTCTACTTGT-1_V13B23-285_B1,2
TAGAGTCTAAGCGAAC-1_V13B23-285_B1,1
TAGATATGGACTGGAA-1_V13B23-285_B1,3
TAGATCCGAAGTCGCA-1_V13B23-285_B1,24
TAGATGGTTCCTTACT-1_V13B23-285_B1,8
TAGATTCCTGGTTATT-1_V13B23-285_B1,3
TAGCAACCTGTCACAA-1_V13B23-285_B1,1
TAGCCATTTCAAAGTC-1_V13B23-285_B1,5
TAGCCGGCGGTCAGCG-1_V13B23-285_B1,1
TAGCGTCCCTCGATTG-1_V13B23-285_B1,5
TAGCGTCCGGTGTGGT-1_V13B23-285_B1,2
TAGCGTTGGGTCTTAC-1_V13B23-285_B1,2
TAGCTAAGTCCGGGAG-1_V13B23-285_B1,1
TAGCTAGAAGGCATGA-1_V13B23-285_B1,1
TAGCTAGTGATGATGG-1_V13B23-285_B1,3
TAGCTCGCCTGATAAC-1_V13B23-285_B1,1
TAGCTGATGTGAAGCG-1_V13B23-285_B1,12
TAGGCATGTTACGCCA-1_V13B23-285_B1,1
TAGGGAGCTTGGGATG-1_V13B23-285_B1,4
TAGGGTGTTTCAAGAG-1_V13B23-285_B1,8
TAGGTCCAAGTAAGGA-1_V13B23-285_B1,1
TAGGTCGCCGGAACTG-1_V13B23-285_B1,12
TAGGTGACGATAACCT-1_V13B23-285_B1,2
TAGGTGAGCCCTACTC-1_V13B23-285_B1,1
TAGGTGCTCGCCTAGC-1_V13B23-285_B1,5
TAGGTGTTCCACAGAT-1_V13B23-285_B1,3
TAGGTTCGAGTTCGTC-1_V13B23-285_B1,2
TAGTACCTTAGTGGTC-1_V13B23-285_B1,1
TAGTAGCTTATACCAG-1_V13B23-285_B1,6
TAGTCCGCAGAGAATG-1_V13B23-285_B1,1
TAGTCCGTATGCATAA-1_V13B23-285_B1,16
TAGTCGATCACGGGTT-1_V13B23-285_B1,2
TAGTCTAACAACGAGA-1_V13B23-285_B1,1
TAGTCTGTGACGTTGC-1_V13B23-285_B1,3
TAGTCTTTCCGAATTG-1_V13B23-285_B1,6
TAGTGCCCTCCAGAGT-1_V13B23-285_B1,1
TAGTGTCAGAAACGGC-1_V13B23-285_B1,2
TAGTTAAGATAGGATA-1_V13B23-285_B1,14
TAGTTTATTCTTGCTT-1_V13B23-285_B1,14
TATAAATCCACAAGCT-1_V13B23-285_B1,2
TATAAGTGAGGATAGC-1_V13B23-285_B1,1
TATACACAGACGCCTT-1_V13B23-285_B1,1
TATACACGCAAAGTAT-1_V13B23-285_B1,1
TATACCGAGTGCCACA-1_V13B23-285_B1,18
TATACGCGTCATCACT-1_V13B23-285_B1,12
TATACTCATGCGGCAA-1_V13B23-285_B1,3
TATAGATGGTCGCAGT-1_V13B23-285_B1,5
TATAGCGCACGTTATC-1_V13B23-285_B1,8
TATAGGGTACTCATGA-1_V13B23-285_B1,1
TATATATCGAGAAATG-1_V13B23-285_B1,1
TATATCCCTGGGAGGA-1_V13B23-285_B1,2
TATATGCTGGGTTGCC-1_V13B23-285_B1,3
TATATTACAAATGTCG-1_V13B23-285_B1,3
TATCACCATGTAAAGT-1_V13B23-285_B1,7
TATCACCCAACCGACC-1_V13B23-285_B1,15
TATCACTTCGAGTAAC-1_V13B23-285_B1,8
TATCCAATTGGTTATC-1_V13B23-285_B1,2
TATCCATATCATGCGA-1_V13B23-285_B1,1
TATCCATCTCGGTTAG-1_V13B23-285_B1,1
TATCCGCACCGTCGGG-1_V13B23-285_B1,3
TATCCTGCATGGGAAT-1_V13B23-285_B1,14
TATCGATCTATGCATA-1_V13B23-285_B1,7
TATCGATGATTAAACG-1_V13B23-285_B1,8
TATCTACAGAGGTAAT-1_V13B23-285_B1,3
TATCTACCACAGCGGG-1_V13B23-285_B1,1
TATCTAGCCTAAAGGA-1_V13B23-285_B1,12
TATCTTGCAATACAAC-1_V13B23-285_B1,1
TATGAAGACAGGTGCG-1_V13B23-285_B1,1
TATGATCCGGCACGCC-1_V13B23-285_B1,3
TATGATCTTCTCTTTA-1_V13B23-285_B1,2
TATGCTCCCTACTTAC-1_V13B23-285_B1,1
TATGGATGTGCTACGC-1_V13B23-285_B1,3
TATGGCCCGGCCTCGC-1_V13B23-285_B1,1
TATGGCTAGGCTAATT-1_V13B23-285_B1,3
TATGGGACCGAGCAGG-1_V13B23-285_B1,2
TATGGGTACGTATCGT-1_V13B23-285_B1,1
TATGGTCTGAGTAACA-1_V13B23-285_B1,5
TATGGTTAGTGGGAGA-1_V13B23-285_B1,2
TATGTAGAAACCCGGC-1_V13B23-285_B1,4
TATGTCAAGACCGACT-1_V13B23-285_B1,4
TATGTCTCATTGTGCC-1_V13B23-285_B1,3
TATTAACCTGACCGCG-1_V13B23-285_B1,3
TATTACCATCCTGCTT-1_V13B23-285_B1,2
TATTATGTTTGCCTGC-1_V13B23-285_B1,12
TATTCAATTCTAATCC-1_V13B23-285_B1,19
TATTCCACTCAGCTCG-1_V13B23-285_B1,1
TATTCCGAGCTGTTAT-1_V13B23-285_B1,2
TATTCCTCCGCCCACT-1_V13B23-285_B1,3
TATTCGTGCCAGAATA-1_V13B23-285_B1,5
TATTGACATTTCTGCC-1_V13B23-285_B1,2
TATTTAGTCTAGATCG-1_V13B23-285_B1,7
TATTTATACCGAGTAG-1_V13B23-285_B1,14
TATTTGATTTGCACAG-1_V13B23-285_B1,6
TATTTGTTACCCTTTA-1_V13B23-285_B1,1
TCAAACAACCGCGTCG-1_V13B23-285_B1,4
TCAAACTTAGATTGTT-1_V13B23-285_B1,1
TCAAATTTGAGACTCA-1_V13B23-285_B1,11
TCAACAAAGATAATTC-1_V13B23-285_B1,11
TCAACATAGCGCCCTA-1_V13B23-285_B1,2
TCAACATCGACCGAGA-1_V13B23-285_B1,3
TCAACCATGTTCGGGC-1_V13B23-285_B1,4
TCAACGAGGAGACAAA-1_V13B23-285_B1,1
TCAACGCAGGAAATAA-1_V13B23-285_B1,6
TCAACGCGACCGGCAG-1_V13B23-285_B1,1
TCAACTAACGTATAAC-1_V13B23-285_B1,3
TCAACTGCAGAGTCAG-1_V13B23-285_B1,5
TCAAGAAATACTAGCT-1_V13B23-285_B1,5
TCAAGCGCGGACGGTA-1_V13B23-285_B1,5
TCAAGCTGCCTTGAAA-1_V13B23-285_B1,3
TCAAGGTTACTACACC-1_V13B23-285_B1,1
TCACAAACCGAGGTAC-1_V13B23-285_B1,18
TCACAGATCCTCAAAC-1_V13B23-285_B1,7
TCACAGCAAACTCGAA-1_V13B23-285_B1,2
TCACAGGAGAATAAGA-1_V13B23-285_B1,1
TCACAGGGAATCGCAA-1_V13B23-285_B1,1
TCACAGGTTATTGGGC-1_V13B23-285_B1,1
TCACATCTTATCTGAT-1_V13B23-285_B1,3
TCACCCTCTTAAGATT-1_V13B23-285_B1,1
TCACCGCTCGGCACTC-1_V13B23-285_B1,1
TCACGATGTCCGTGGA-1_V13B23-285_B1,1
TCACGCATTGTAGATC-1_V13B23-285_B1,1
TCACGGTCATCGCACA-1_V13B23-285_B1,1
TCACGTGCCCGATTCA-1_V13B23-285_B1,2
TCACTACGACCAATGC-1_V13B23-285_B1,2
TCACTCGTGCAACGGC-1_V13B23-285_B1,3
TCACTCTTCGTCTGTC-1_V13B23-285_B1,11
TCAGAACCTCCACAGG-1_V13B23-285_B1,3
TCAGACGCTATAGAAG-1_V13B23-285_B1,2
TCAGAGTGTGAGCATG-1_V13B23-285_B1,3
TCAGCAAATGCATCTC-1_V13B23-285_B1,6
TCAGCAGTAGGCCCTG-1_V13B23-285_B1,3
TCAGGGCGCAAACTCG-1_V13B23-285_B1,1
TCAGGGTGTAACGTAA-1_V13B23-285_B1,1
TCAGGTTCTTTGAGAA-1_V13B23-285_B1,1
TCAGTACTGACCCGCG-1_V13B23-285_B1,1
TCAGTAGGGACTATAA-1_V13B23-285_B1,18
TCAGTGTATACGTCAT-1_V13B23-285_B1,12
TCATAAGTCCAAGAAG-1_V13B23-285_B1,2
TCATACTTACAGATCC-1_V13B23-285_B1,3
TCATCACTCGAGCTCG-1_V13B23-285_B1,4
TCATCCCAGAGGGTGG-1_V13B23-285_B1,21
TCATCGATGGTCCCAA-1_V13B23-285_B1,3
TCATGCAGGTTCTCAT-1_V13B23-285_B1,6
TCATTTAAGTCTCCGA-1_V13B23-285_B1,2
TCATTTAGAAGTGTGA-1_V13B23-285_B1,2
TCCAACTTTAAATTCT-1_V13B23-285_B1,2
TCCACAATGGTTTACG-1_V13B23-285_B1,1
TCCACCTCTAGCCTTT-1_V13B23-285_B1,3
TCCACTTTATCTAGGT-1_V13B23-285_B1,5
TCCAGAGCACCGGTTC-1_V13B23-285_B1,2
TCCAGATGTACGCCAA-1_V13B23-285_B1,1
TCCAGCGCTATAAGCG-1_V13B23-285_B1,18
TCCAGGCGAGTACGGT-1_V13B23-285_B1,1
TCCAGGGTATATACGA-1_V13B23-285_B1,3
TCCATTCCCACTAGAG-1_V13B23-285_B1,1
TCCATTGTGACCTCGT-1_V13B23-285_B1,23
TCCCAAACAGACAACG-1_V13B23-285_B1,8
TCCCAAAGACGAAGGA-1_V13B23-285_B1,1
TCCCAAAGCCCTAAAT-1_V13B23-285_B1,5
TCCCACTCTCTTCCGG-1_V13B23-285_B1,7
TCCCAGCACACGACAT-1_V13B23-285_B1,3
TCCCAGCTTTAGTCTG-1_V13B23-285_B1,2
TCCCAGGCTTAGCTAA-1_V13B23-285_B1,1
TCCCGCCTATGTGCGT-1_V13B23-285_B1,3
TCCCGCGTACTCCTGG-1_V13B23-285_B1,3
TCCCGGGTGTGCTGCT-1_V13B23-285_B1,1
TCCCGTCAGTCCCGCA-1_V13B23-285_B1,16
TCCCGTCGCGTCATAG-1_V13B23-285_B1,11
TCCCGTGTGCAATTTG-1_V13B23-285_B1,5
TCCCTAGATCAATAGG-1_V13B23-285_B1,4
TCCCTGGCGTATTAAC-1_V13B23-285_B1,3
TCCCTGGCTCGCTGGA-1_V13B23-285_B1,2
TCCCTTAGATTACTCG-1_V13B23-285_B1,16
TCCGAACGTTGCCGCT-1_V13B23-285_B1,2
TCCGAACTTGGCTTAC-1_V13B23-285_B1,1
TCCGAAGTAGTCACCA-1_V13B23-285_B1,8
TCCGAATGGTCCTGAG-1_V13B23-285_B1,11
TCCGATAATTGCCATA-1_V13B23-285_B1,4
TCCGATGACTGAGCTC-1_V13B23-285_B1,7
TCCGATGGTGCGACAT-1_V13B23-285_B1,1
TCCGATTACATTGCCG-1_V13B23-285_B1,2
TCCGCCTGTCTACAAG-1_V13B23-285_B1,2
TCCGCGGCAGCATCTG-1_V13B23-285_B1,17
TCCGCGGCCCAATGAA-1_V13B23-285_B1,2
TCCGCTGTCATCCCGG-1_V13B23-285_B1,1
TCCGCTTATCCCATTA-1_V13B23-285_B1,1
TCCGGAGGAAGGGCTG-1_V13B23-285_B1,4
TCCGGCCTAGCGTACA-1_V13B23-285_B1,3
TCCGGCTGTCGGGTCG-1_V13B23-285_B1,6
TCCGGTTCGTCCGGTC-1_V13B23-285_B1,2
TCCGTAACCACAATCC-1_V13B23-285_B1,1
TCCGTTAAGCTAATAT-1_V13B23-285_B1,1
TCCGTTTAGCCTTGAA-1_V13B23-285_B1,11
TCCTAAATTGGGAAGC-1_V13B23-285_B1,8
TCCTAACCGTCGGGCA-1_V13B23-285_B1,4
TCCTACATCCACGGCC-1_V13B23-285_B1,2
TCCTAGCAAAGAAGCT-1_V13B23-285_B1,2
TCCTATCATAGGTAAC-1_V13B23-285_B1,5
TCCTCCTAAGACATTC-1_V13B23-285_B1,3
TCCTCGGGCTGGGCTT-1_V13B23-285_B1,18
TCCTCTACGAGATGGC-1_V13B23-285_B1,1
TCCTCTCCAGTTGTCC-1_V13B23-285_B1,12
TCCTCTGGCCCATTAG-1_V13B23-285_B1,14
TCCTGCCAACTGGAGA-1_V13B23-285_B1,7
TCCTGCGTTGATACTC-1_V13B23-285_B1,2
TCCTGGCGCTGCCTGG-1_V13B23-285_B1,4
TCCTTACGACGGTCCG-1_V13B23-285_B1,2
TCCTTCAGTGGTCGAA-1_V13B23-285_B1,13
TCCTTTAAATCCGCTT-1_V13B23-285_B1,2
TCCTTTCTTACGCTTA-1_V13B23-285_B1,1
TCGAAATTTAGGACCA-1_V13B23-285_B1,4
TCGAAGAACCGAGCAC-1_V13B23-285_B1,5
TCGAATATCCCGCAGG-1_V13B23-285_B1,11
TCGACAACTGAACCCG-1_V13B23-285_B1,6
TCGAGACCAACACCGT-1_V13B23-285_B1,6
TCGAGCCAGGCAGGCC-1_V13B23-285_B1,12
TCGAGGGCAACAGACG-1_V13B23-285_B1,2
TCGCAAAGATGCATTT-1_V13B23-285_B1,5
TCGCACCAGGAGGCAG-1_V13B23-285_B1,1
TCGCATCCCTAAGTGT-1_V13B23-285_B1,1
TCGCCGAAGTTGCGTC-1_V13B23-285_B1,3
TCGCCGGTCGATCCGT-1_V13B23-285_B1,9
TCGCGTAGCAGTGTCC-1_V13B23-285_B1,12
TCGCGTCCAGAAGGTC-1_V13B23-285_B1,1
TCGCTAAACCGCTATC-1_V13B23-285_B1,7
TCGCTCGATATATTCC-1_V13B23-285_B1,1
TCGCTCGGCACCAGCG-1_V13B23-285_B1,1
TCGCTGGGCGGATTGT-1_V13B23-285_B1,2
TCGCTGTGCGTAAATC-1_V13B23-285_B1,1
TCGCTTAATTACGAAG-1_V13B23-285_B1,10
TCGCTTTAAACGTTTG-1_V13B23-285_B1,1
TCGGAATGCGCTCTGA-1_V13B23-285_B1,3
TCGGACGCCCAGCCCA-1_V13B23-285_B1,5
TCGGAGAGTATCGGGA-1_V13B23-285_B1,3
TCGGAGTACATGAGTA-1_V13B23-285_B1,5
TCGGCGAACCCAAACC-1_V13B23-285_B1,4
TCGGCGTACTGCACAA-1_V13B23-285_B1,3
TCGGCTTGTATCGACG-1_V13B23-285_B1,1
TCGGGAACGTGCCTAG-1_V13B23-285_B1,3
TCGGGAGACAGCGTAC-1_V13B23-285_B1,1
TCGGGATTCAAACATA-1_V13B23-285_B1,3
TCGGGCCGTCGTGGTA-1_V13B23-285_B1,5
TCGGTCCCGACAATAG-1_V13B23-285_B1,12
TCGGTCCCTGACTCCA-1_V13B23-285_B1,7
TCGGTGACCGCTCCGG-1_V13B23-285_B1,3
TCGTAAGACGACATTG-1_V13B23-285_B1,3
TCGTAAGCTCCGAGGA-1_V13B23-285_B1,15
TCGTATAGTGCAATTA-1_V13B23-285_B1,23
TCGTATTACCCATTGC-1_V13B23-285_B1,3
TCGTCAAGTACGCGCA-1_V13B23-285_B1,1
TCGTCACACTGTTAGC-1_V13B23-285_B1,1
TCGTCCGCTGGCGTCT-1_V13B23-285_B1,1
TCGTCTTAGGCGTTAA-1_V13B23-285_B1,2
TCGTGTACTATGGATG-1_V13B23-285_B1,12
TCGTGTATTGGTCACG-1_V13B23-285_B1,3
TCGTGTCACGCTGACA-1_V13B23-285_B1,8
TCGTGTTCGACCACAA-1_V13B23-285_B1,2
TCGTTAGGAGTCCCTA-1_V13B23-285_B1,1
TCGTTGCTATCCGGTC-1_V13B23-285_B1,1
TCTAATACTGCCTCAG-1_V13B23-285_B1,1
TCTACCCAATAGAGAG-1_V13B23-285_B1,5
TCTACCGTCCACAAGC-1_V13B23-285_B1,1
TCTACGGGCTCAGTTG-1_V13B23-285_B1,12
TCTAGCAATCTCCGCC-1_V13B23-285_B1,3
TCTAGCATCTTCGATG-1_V13B23-285_B1,2
TCTAGCATGCCCAGAA-1_V13B23-285_B1,3
TCTAGGTGGCGACGCT-1_V13B23-285_B1,1
TCTAGTGATATCGTGG-1_V13B23-285_B1,5
TCTAGTTATCAGAAGA-1_V13B23-285_B1,2
TCTATCATGCAGTTAC-1_V13B23-285_B1,6
TCTATCGGTCGCAACA-1_V13B23-285_B1,8
TCTATTACGCTGGCGA-1_V13B23-285_B1,1
TCTATTACTAGAGGAT-1_V13B23-285_B1,1
TCTCATGAGATAGGGT-1_V13B23-285_B1,2
TCTCCAACGTAGGTTA-1_V13B23-285_B1,6
TCTCCACAAGTTGAAT-1_V13B23-285_B1,3
TCTCCCTGGGCAGCGT-1_V13B23-285_B1,2
TCTCGAACGAGGTCAC-1_V13B23-285_B1,4
TCTCGACGTATCGCCG-1_V13B23-285_B1,2
TCTCGAGGAGGTTCGC-1_V13B23-285_B1,2
TCTCGGCTCCAGGACT-1_V13B23-285_B1,16
TCTCTAATAGCTGGTA-1_V13B23-285_B1,1
TCTCTCGCCGCACATA-1_V13B23-285_B1,2
TCTGAACCGGTCGGCT-1_V13B23-285_B1,1
TCTGAACTCGTACCCG-1_V13B23-285_B1,5
TCTGAAGCACGTGGTC-1_V13B23-285_B1,2
TCTGAATTCCGTACAA-1_V13B23-285_B1,5
TCTGACGGGCTAACCC-1_V13B23-285_B1,4
TCTGAGCAATTGACTG-1_V13B23-285_B1,5
TCTGATCGGGTGCTAG-1_V13B23-285_B1,2
TCTGATGTATTCTGTC-1_V13B23-285_B1,2
TCTGATTGGAAATGGA-1_V13B23-285_B1,1
TCTGCACCATTAGTAA-1_V13B23-285_B1,3
TCTGCATACCTTGCTT-1_V13B23-285_B1,2
TCTGCCAGAAACTGCA-1_V13B23-285_B1,22
TCTGCGAATCGTTCGC-1_V13B23-285_B1,4
TCTGCGTCCGGTTTCT-1_V13B23-285_B1,5
TCTGCTTAGAACAAGC-1_V13B23-285_B1,5
TCTGGAGCGTAAGAGT-1_V13B23-285_B1,11
TCTGGCCGTTCAAGTT-1_V13B23-285_B1,2
TCTGGGAACCTTTGAA-1_V13B23-285_B1,5
TCTGGGTAGCGCTCAT-1_V13B23-285_B1,2
TCTGTGCCATCATAGT-1_V13B23-285_B1,2
TCTGTTACCCAGCATA-1_V13B23-285_B1,3
TCTTACAGAGGTACCG-1_V13B23-285_B1,22
TCTTACCGGAACTCGT-1_V13B23-285_B1,1
TCTTACGGCATCCGAC-1_V13B23-285_B1,18
TCTTACTTATGCCTCT-1_V13B23-285_B1,5
TCTTAGAGCTCCAATT-1_V13B23-285_B1,5
TCTTAGAGTGAACTCT-1_V13B23-285_B1,5
TCTTCCCATGGGCACA-1_V13B23-285_B1,8
TCTTCGAATAGACGTT-1_V13B23-285_B1,5
TCTTCGATACCAATAA-1_V13B23-285_B1,5
TCTTCGCGGTGAGAGG-1_V13B23-285_B1,2
TCTTCTATAACCCGCC-1_V13B23-285_B1,2
TCTTGATGCGTAGCGA-1_V13B23-285_B1,5
TCTTGGTAACACCAAA-1_V13B23-285_B1,6
TCTTTAAGACTATGAA-1_V13B23-285_B1,5
TCTTTAGAGTCTAACA-1_V13B23-285_B1,2
TCTTTAGCAGGCGAAC-1_V13B23-285_B1,2
TCTTTCCTTCGAGATA-1_V13B23-285_B1,2
TGAAACTTATGCAAGC-1_V13B23-285_B1,21
TGAAAGGACCTGACTC-1_V13B23-285_B1,10
TGAATATGCTATAAAC-1_V13B23-285_B1,4
TGAATGAGATACAGCA-1_V13B23-285_B1,8
TGAATGTCAGCCGGCC-1_V13B23-285_B1,5
TGACAACGCATGTCGC-1_V13B23-285_B1,20
TGACACTTCTCTTTGC-1_V13B23-285_B1,4
TGACATCGAGCGGACC-1_V13B23-285_B1,5
TGACCCACGTTAGACA-1_V13B23-285_B1,1
TGACGAATATTTCCCT-1_V13B23-285_B1,8
TGACGATGCACTAGAA-1_V13B23-285_B1,5
TGACTATAATCCTTTC-1_V13B23-285_B1,1
TGAGAATGCTTTACCG-1_V13B23-285_B1,2
TGAGAGATTTACCACG-1_V13B23-285_B1,5
TGAGATTAGGCCCTAA-1_V13B23-285_B1,3
TGAGCCATACAGTCTC-1_V13B23-285_B1,1
TGAGCGGAAAGTGTTC-1_V13B23-285_B1,1
TGAGCTCAACTGTATA-1_V13B23-285_B1,5
TGAGCTTTAATGACGC-1_V13B23-285_B1,4
TGAGGAGTGCCAGCTT-1_V13B23-285_B1,1
TGAGTAAATTAGCGTA-1_V13B23-285_B1,1
TGAGTGCCTCTTAAAT-1_V13B23-285_B1,3
TGAGTGGTCCGTGACG-1_V13B23-285_B1,4
TGAGTTAAAGACATTC-1_V13B23-285_B1,1
TGATACATTTAGCCGT-1_V13B23-285_B1,2
TGATAGCGGGATTCTA-1_V13B23-285_B1,12
TGATCAGGGAACTGCT-1_V13B23-285_B1,8
TGATCCCAGCATTAGT-1_V13B23-285_B1,8
TGATCGGTTTGACCCT-1_V13B23-285_B1,1
TGATCTACGCTGATCT-1_V13B23-285_B1,15
TGATCTCCGGCGCCAG-1_V13B23-285_B1,1
TGATGGCTGTTTCTGA-1_V13B23-285_B1,12
TGATGTCAATTAAGTG-1_V13B23-285_B1,2
TGATTATGGCACGCAG-1_V13B23-285_B1,4
TGATTCGTCTATCACT-1_V13B23-285_B1,3
TGATTCTGTCGCCGGT-1_V13B23-285_B1,3
TGATTTATTAGCTGTG-1_V13B23-285_B1,12
TGATTTCCTCCTGACG-1_V13B23-285_B1,1
TGCAACCCATCTGCGG-1_V13B23-285_B1,3
TGCAAGAATGACGTAA-1_V13B23-285_B1,1
TGCAATCTAACACGGT-1_V13B23-285_B1,2
TGCAATTTGGGCACGG-1_V13B23-285_B1,4
TGCACAGTGAAGTTAT-1_V13B23-285_B1,8
TGCACTATGTGAGTGC-1_V13B23-285_B1,3
TGCAGAACTATATCGT-1_V13B23-285_B1,4
TGCAGAGTACCGAGCA-1_V13B23-285_B1,2
TGCAGATCGTCCTAGG-1_V13B23-285_B1,3
TGCAGCTACGTACTTC-1_V13B23-285_B1,4
TGCAGGATCGGCAAAG-1_V13B23-285_B1,2
TGCAGTGAGGCTCGGG-1_V13B23-285_B1,1
TGCAGTTTCCTCCCAT-1_V13B23-285_B1,5
TGCATATGTCTGTCAC-1_V13B23-285_B1,2
TGCATGGATCGGATCT-1_V13B23-285_B1,7
TGCATGTGGTAATCTA-1_V13B23-285_B1,11
TGCCAAAGTCAGACTT-1_V13B23-285_B1,15
TGCCAATGGGTACTCT-1_V13B23-285_B1,1
TGCCACCTGGCGAAAC-1_V13B23-285_B1,7
TGCCAGTACGTGGAGA-1_V13B23-285_B1,2
TGCCATTACTAAAGAA-1_V13B23-285_B1,7
TGCCCGTACCGTTAAA-1_V13B23-285_B1,2
TGCCGAAAGCGTATTC-1_V13B23-285_B1,3
TGCCGTGGATCGTCCT-1_V13B23-285_B1,11
TGCCTAAATTTAATAG-1_V13B23-285_B1,3
TGCCTAATTGAAGATT-1_V13B23-285_B1,2
TGCCTGACATCGGTCA-1_V13B23-285_B1,4
TGCCTGATCAAACGAT-1_V13B23-285_B1,4
TGCCTTGGCCAGGCAA-1_V13B23-285_B1,2
TGCGAATATGGGATTT-1_V13B23-285_B1,3
TGCGACACCCTAGTGC-1_V13B23-285_B1,12
TGCGACGGCCGAACGT-1_V13B23-285_B1,11
TGCGAGAATATTACCC-1_V13B23-285_B1,1
TGCGAGATGGCGGCCA-1_V13B23-285_B1,10
TGCGAGCCCTTCCGCG-1_V13B23-285_B1,11
TGCGATGCTAATGGCT-1_V13B23-285_B1,12
TGCGCAAAGCATTTGG-1_V13B23-285_B1,5
TGCGCCGTTAATAACG-1_V13B23-285_B1,20
TGCGCGATTAACGGAG-1_V13B23-285_B1,4
TGCGGAGTAAAGGTGC-1_V13B23-285_B1,4
TGCGGCATAGTTCAAC-1_V13B23-285_B1,14
TGCGGTGAAATTTCAT-1_V13B23-285_B1,14
TGCGTAAGAACCTGAT-1_V13B23-285_B1,3
TGCGTCATGACTGAGC-1_V13B23-285_B1,1
TGCGTGATTGGGTGTC-1_V13B23-285_B1,7
TGCGTTTGTTGACACT-1_V13B23-285_B1,5
TGCTAAGTGTCTATTT-1_V13B23-285_B1,8
TGCTCCACAGTTCTTA-1_V13B23-285_B1,2
TGCTCGGCGAAACCCA-1_V13B23-285_B1,11
TGCTCTGCCGGTTCAC-1_V13B23-285_B1,3
TGCTGGTTGGACAATT-1_V13B23-285_B1,2
TGCTGTTGAAGAACTC-1_V13B23-285_B1,2
TGCTTCCCAAGCAGTA-1_V13B23-285_B1,4
TGGAACCACTGACACA-1_V13B23-285_B1,10
TGGAAGAAGGGAACGT-1_V13B23-285_B1,1
TGGAAGACGAACACCA-1_V13B23-285_B1,14
TGGAAGGATAAAGATG-1_V13B23-285_B1,1
TGGAATATCCTTGACC-1_V13B23-285_B1,4
TGGAATTAGACGCTTT-1_V13B23-285_B1,3
TGGACACCGTTGCTTG-1_V13B23-285_B1,12
TGGACCAATCTAAGAT-1_V13B23-285_B1,2
TGGACGCAATCCAGCC-1_V13B23-285_B1,3
TGGACTGTTCGCTCAA-1_V13B23-285_B1,2
TGGAGGGAAACACCTC-1_V13B23-285_B1,3
TGGAGTGATGCGATGA-1_V13B23-285_B1,2
TGGCAAACTAAATTAC-1_V13B23-285_B1,2
TGGCAACTCGCGCGCC-1_V13B23-285_B1,4
TGGCAATGGGACGGCG-1_V13B23-285_B1,5
TGGCAGATTACGATCA-1_V13B23-285_B1,2
TGGCAGCAGTAATAGT-1_V13B23-285_B1,1
TGGCATGAAGTTTGGG-1_V13B23-285_B1,1
TGGCCAAACTGAAGTA-1_V13B23-285_B1,11
TGGCCAATTTGGTACT-1_V13B23-285_B1,12
TGGCCGTATATTGACC-1_V13B23-285_B1,1
TGGCGACTGCTCCAAA-1_V13B23-285_B1,1
TGGCGATCAAGTTATG-1_V13B23-285_B1,16
TGGCTATGTGACATAC-1_V13B23-285_B1,2
TGGCTTGTACAAGCTT-1_V13B23-285_B1,1
TGGCTTTGGGTAGACA-1_V13B23-285_B1,1
TGGGAAATGCCTTTCC-1_V13B23-285_B1,3
TGGGATGCACTCATTC-1_V13B23-285_B1,11
TGGGCAATAGTTGGGT-1_V13B23-285_B1,5
TGGGCACGTTCTATGG-1_V13B23-285_B1,9
TGGGCAGGCCACCGCA-1_V13B23-285_B1,5
TGGGCCCATACTAATT-1_V13B23-285_B1,6
TGGGCCTTGCCTGCAT-1_V13B23-285_B1,4
TGGGTAAGGTTCCCGC-1_V13B23-285_B1,13
TGGGTGGGATGTCATT-1_V13B23-285_B1,10
TGGTAGAATATATGGG-1_V13B23-285_B1,5
TGGTCCCACGCTACGG-1_V13B23-285_B1,1
TGGTCGTGCAAGGCAA-1_V13B23-285_B1,1
TGGTCTGTTGGGCGTA-1_V13B23-285_B1,1
TGGTGATCGTATTTGT-1_V13B23-285_B1,3
TGGTTAACTTACATTT-1_V13B23-285_B1,3
TGGTTAAGGGCGCTGG-1_V13B23-285_B1,3
TGGTTCAACGGGTAAT-1_V13B23-285_B1,2
TGGTTCGTAGCAAAGG-1_V13B23-285_B1,1
TGGTTGGAGGATCCTG-1_V13B23-285_B1,8
TGGTTTAAACGTGGGT-1_V13B23-285_B1,3
TGTAATGACCACAATA-1_V13B23-285_B1,8
TGTACCTACACGAGGG-1_V13B23-285_B1,2
TGTACGAACAAATCCG-1_V13B23-285_B1,8
TGTACTACTCTCACGG-1_V13B23-285_B1,4
TGTAGCCATCCCATTC-1_V13B23-285_B1,2
TGTAGGAGAAATTTCC-1_V13B23-285_B1,5
TGTAGTGATCTATAAT-1_V13B23-285_B1,1
TGTATAACAGATCCTG-1_V13B23-285_B1,2
TGTATACGGATGATGA-1_V13B23-285_B1,1
TGTATCAGACTGAAGC-1_V13B23-285_B1,10
TGTATGGCGCAGACAG-1_V13B23-285_B1,2
TGTATTTACCTAATGC-1_V13B23-285_B1,8
TGTCATTTGTTGGGAA-1_V13B23-285_B1,4
TGTCCGTGGCGCCTTT-1_V13B23-285_B1,18
TGTCCTAAGTCACCGC-1_V13B23-285_B1,1
TGTCGTTATCACATAT-1_V13B23-285_B1,2
TGTGACTACGCCAGTC-1_V13B23-285_B1,6
TGTGAGACTAGCCCAA-1_V13B23-285_B1,1
TGTGCCGGTGCCGGAA-1_V13B23-285_B1,5
TGTGCTTTACGTAAGA-1_V13B23-285_B1,3
TGTGGACTATCTACGT-1_V13B23-285_B1,5
TGTGGCAAAGCGTATG-1_V13B23-285_B1,3
TGTGGCTCCCACCAAC-1_V13B23-285_B1,20
TGTGGTAGGGTGCCTT-1_V13B23-285_B1,18
TGTGTAGTAGCACGTG-1_V13B23-285_B1,2
TGTGTCGCGAGTTGCA-1_V13B23-285_B1,1
TGTGTTCGTATCCAAG-1_V13B23-285_B1,3
TGTTATTGTATGTGGC-1_V13B23-285_B1,2
TGTTCATAAATGTGCT-1_V13B23-285_B1,11
TGTTCCGCTTCCATGA-1_V13B23-285_B1,1
TGTTCGTATTGCGGTG-1_V13B23-285_B1,6
TGTTCTCTACTCCCTA-1_V13B23-285_B1,10
TGTTCTTCCATTGACT-1_V13B23-285_B1,3
TGTTGCCGTCGTCCCA-1_V13B23-285_B1,5
TGTTGTCAAGAAGTCT-1_V13B23-285_B1,1
TGTTTAATACTTCATC-1_V13B23-285_B1,24
TGTTTCGGTACTTCTC-1_V13B23-285_B1,4
TGTTTGAGATCGTCAG-1_V13B23-285_B1,5
TTAAACCTGGTTCCTT-1_V13B23-285_B1,11
TTAAACTCGAATTCAT-1_V13B23-285_B1,1
TTAACACCTCGAACAT-1_V13B23-285_B1,3
TTAACCAACCCTCCCT-1_V13B23-285_B1,18
TTAACGAACAAGCAGT-1_V13B23-285_B1,3
TTAACTCACGCGTGGA-1_V13B23-285_B1,1
TTAACTTCAGGTAGGA-1_V13B23-285_B1,3
TTAAGATAGGATTGAC-1_V13B23-285_B1,6
TTAAGCCGACAACTTC-1_V13B23-285_B1,13
TTAAGCGCCTGACCCA-1_V13B23-285_B1,1
TTAAGGCCCGTACTTT-1_V13B23-285_B1,18
TTAATCAGTACGTCAG-1_V13B23-285_B1,6
TTAATGTAGACCAGGT-1_V13B23-285_B1,2
TTAATTGCTTTGGGTG-1_V13B23-285_B1,4
TTAATTTCAGACGCGG-1_V13B23-285_B1,9
TTACAACTACGCATCC-1_V13B23-285_B1,1
TTACACGATCTGCGAC-1_V13B23-285_B1,5
TTACAGACCTAAATGA-1_V13B23-285_B1,4
TTACATCGTGGCCTGG-1_V13B23-285_B1,1
TTACATGCCACAACTA-1_V13B23-285_B1,5
TTACCATTGATTACCC-1_V13B23-285_B1,1
TTACCCATTGCCGGGT-1_V13B23-285_B1,7
TTACCCTAACAGTCCT-1_V13B23-285_B1,3
TTACCCTAGGGATTGG-1_V13B23-285_B1,3
TTACCGCCTTAGGGAA-1_V13B23-285_B1,14
TTACGGATGGTTCGAG-1_V13B23-285_B1,5
TTACTAAAGGACTTTA-1_V13B23-285_B1,2
TTACTATCGGCTTCTC-1_V13B23-285_B1,1
TTACTCCGGCCGGGAA-1_V13B23-285_B1,10
TTACTCTGGTACGTAC-1_V13B23-285_B1,3
TTACTGGGATATTTCA-1_V13B23-285_B1,1
TTACTGTCTAGAGCTC-1_V13B23-285_B1,8
TTAGAAGAACATGACT-1_V13B23-285_B1,1
TTAGAATAAGGGTCGG-1_V13B23-285_B1,1
TTAGACACGATCGTTG-1_V13B23-285_B1,9
TTAGACGAGTCACCTC-1_V13B23-285_B1,1
TTAGAGTTTAGAAGGA-1_V13B23-285_B1,2
TTAGATAGGTCGATAC-1_V13B23-285_B1,4
TTAGCAACATGGATGT-1_V13B23-285_B1,1
TTAGCTAATACGATCT-1_V13B23-285_B1,3
TTAGCTCTGTAATCCG-1_V13B23-285_B1,1
TTAGCTGATTTGCCGT-1_V13B23-285_B1,2
TTAGGATGGGAGGGTA-1_V13B23-285_B1,5
TTAGGTCATAACCGAC-1_V13B23-285_B1,16
TTAGTAAACCTGCTCT-1_V13B23-285_B1,16
TTAGTAGGGCGGCGGG-1_V13B23-285_B1,1
TTAGTTATTCGTGGCA-1_V13B23-285_B1,1
TTAGTTCAAGTGTTCG-1_V13B23-285_B1,4
TTATAGGTAATTGTCT-1_V13B23-285_B1,3
TTATATACGCTGTCAC-1_V13B23-285_B1,2
TTATATTTGGCAATCC-1_V13B23-285_B1,12
TTATCCAATCGAACTC-1_V13B23-285_B1,25
TTATCCGGGATCTATA-1_V13B23-285_B1,2
TTATCCTCAAGGAATA-1_V13B23-285_B1,1
TTATCGCCTGCGAAGC-1_V13B23-285_B1,3
TTATCTGTATCATAAC-1_V13B23-285_B1,2
TTATGAATGAAAGGGA-1_V13B23-285_B1,15
TTATGACAAACTGGAT-1_V13B23-285_B1,1
TTATGATCTTAACGAA-1_V13B23-285_B1,2
TTATGTTTGCGATAGA-1_V13B23-285_B1,3
TTATTAGAGCGTGTTC-1_V13B23-285_B1,2
TTATTAGGGAAGCATC-1_V13B23-285_B1,19
TTATTATCTGGAAGGC-1_V13B23-285_B1,2
TTCAAAGTCTCTAGCC-1_V13B23-285_B1,2
TTCAACGACCCGACCG-1_V13B23-285_B1,4
TTCAAGCCGAGCTGAG-1_V13B23-285_B1,13
TTCAATACTCTGAATC-1_V13B23-285_B1,2
TTCACGAAAGGATCAC-1_V13B23-285_B1,4
TTCACTCGAGCACCTA-1_V13B23-285_B1,2
TTCAGCCCTGGTCCAC-1_V13B23-285_B1,2
TTCAGCTGGCGTGCCC-1_V13B23-285_B1,5
TTCAGGCGTCAAAGCC-1_V13B23-285_B1,1
TTCAGTTTGTGGCAGC-1_V13B23-285_B1,11
TTCATGGCGCAACAGG-1_V13B23-285_B1,7
TTCCAATCAGAGCTAG-1_V13B23-285_B1,2
TTCCAATCTGGCTATC-1_V13B23-285_B1,3
TTCCACACAGATTTGA-1_V13B23-285_B1,16
TTCCAGACGAGATTTA-1_V13B23-285_B1,5
TTCCATCATGCGGTGA-1_V13B23-285_B1,7
TTCCATCGACAGCGTG-1_V13B23-285_B1,5
TTCCCGGCGCCAATAG-1_V13B23-285_B1,11
TTCCGCAGAGAAATAT-1_V13B23-285_B1,4
TTCCGCGTGAGGCGAT-1_V13B23-285_B1,5
TTCCGGCCTTGAGGCT-1_V13B23-285_B1,2
TTCCGGCTCGACTTCT-1_V13B23-285_B1,1
TTCCGGTATCTGTGTC-1_V13B23-285_B1,5
TTCCGGTTACCCACTT-1_V13B23-285_B1,5
TTCCTCGAGGGTGTCT-1_V13B23-285_B1,1
TTCCTCGGACTAACCA-1_V13B23-285_B1,2
TTCCTCTGCCCGAATA-1_V13B23-285_B1,1
TTCCTTTCTGTGTTGC-1_V13B23-285_B1,7
TTCGACAGAGCCCGTG-1_V13B23-285_B1,1
TTCGACGGGAAGGGCG-1_V13B23-285_B1,3
TTCGCACTCGCGTGCT-1_V13B23-285_B1,1
TTCGCACTGTACGACA-1_V13B23-285_B1,8
TTCGCATCCGGAAGCA-1_V13B23-285_B1,7
TTCGCGCGCCATACGA-1_V13B23-285_B1,1
TTCGCTAGGAAGTTGT-1_V13B23-285_B1,3
TTCGCTATCTGACGTG-1_V13B23-285_B1,4
TTCGGCAACCCGCTGA-1_V13B23-285_B1,9
TTCGGCTAGAGATGGT-1_V13B23-285_B1,1
TTCGGGACTAATCGCG-1_V13B23-285_B1,3
TTCGGGCGCTAGTCTT-1_V13B23-285_B1,12
TTCGGGTTGCCACGGG-1_V13B23-285_B1,22
TTCGGTGGAGACGCCC-1_V13B23-285_B1,6
TTCGTAATCCCAGCGG-1_V13B23-285_B1,7
TTCGTACTCCAGAACG-1_V13B23-285_B1,3
TTCGTTCAACGAAGTT-1_V13B23-285_B1,1
TTCTAACCGAAGCTTA-1_V13B23-285_B1,5
TTCTACTTGCGAGGGC-1_V13B23-285_B1,2
TTCTAGAAAGTCTTAT-1_V13B23-285_B1,3
TTCTAGGCCAATTGTG-1_V13B23-285_B1,1
TTCTATGCCTTTCGCA-1_V13B23-285_B1,3
TTCTGACCGGGCTCAA-1_V13B23-285_B1,1
TTCTGCCGCGCCTAGA-1_V13B23-285_B1,1
TTCTGCGAGCGCCCTT-1_V13B23-285_B1,2
TTCTGCGGGTTAGCGG-1_V13B23-285_B1,2
TTCTGCTAGACTCCAA-1_V13B23-285_B1,11
TTCTGTTTCCTGTCGC-1_V13B23-285_B1,3
TTCTTAGTGAACGGTG-1_V13B23-285_B1,1
TTCTTAGTGGCTCAGA-1_V13B23-285_B1,19
TTCTTATCCGCTGGGT-1_V13B23-285_B1,5
TTCTTGAGCCGCGCTA-1_V13B23-285_B1,3
TTCTTGCTAGCATCTC-1_V13B23-285_B1,5
TTCTTGGACGATCTGC-1_V13B23-285_B1,11
TTCTTGGAGTAATGAG-1_V13B23-285_B1,2
TTCTTGTAACCTAATG-1_V13B23-285_B1,1
TTCTTGTGTCCATCAG-1_V13B23-285_B1,3
TTCTTTGGTCGCGACG-1_V13B23-285_B1,4
TTGAAAGGTGTAAAGG-1_V13B23-285_B1,3
TTGAACGAATCCTTTG-1_V13B23-285_B1,1
TTGAACGACGTGCTGA-1_V13B23-285_B1,2
TTGAAGAATTCCCAGG-1_V13B23-285_B1,1
TTGAATATGGACTTTC-1_V13B23-285_B1,19
TTGAATTCACGTGAGG-1_V13B23-285_B1,5
TTGACAGGAGCTCCCG-1_V13B23-285_B1,2
TTGACATGAACGTGGA-1_V13B23-285_B1,1
TTGACCATGTTCTCCG-1_V13B23-285_B1,4
TTGACCGTGTTAATGA-1_V13B23-285_B1,4
TTGACGCTCCATGAGC-1_V13B23-285_B1,5
TTGACTACCATATGGT-1_V13B23-285_B1,1
TTGACTATTGTCCGGC-1_V13B23-285_B1,2
TTGAGAAGTTTAGCAT-1_V13B23-285_B1,2
TTGAGAGTACTGCTAA-1_V13B23-285_B1,1
TTGAGCAGCCCACGGT-1_V13B23-285_B1,2
TTGAGCGCCACGTGAT-1_V13B23-285_B1,5
TTGAGTCCCGCTGCTG-1_V13B23-285_B1,2
TTGATAGTCAATACAT-1_V13B23-285_B1,8
TTGATCTAACTTTGTC-1_V13B23-285_B1,16
TTGATGTGTAGTCCCG-1_V13B23-285_B1,11
TTGATTAGCTGTTTCT-1_V13B23-285_B1,1
TTGATTATGCAGATGA-1_V13B23-285_B1,11
TTGCACAATTCAGAAA-1_V13B23-285_B1,2
TTGCACGGAGCAGCAC-1_V13B23-285_B1,1
TTGCATGCTGATCACG-1_V13B23-285_B1,2
TTGCCAAGCAGAACCC-1_V13B23-285_B1,16
TTGCCATAGCCCGCTC-1_V13B23-285_B1,10
TTGCCCTGATCACGGG-1_V13B23-285_B1,2
TTGCCGCTTTCTAGTA-1_V13B23-285_B1,1
TTGCCGGTGATCCCTC-1_V13B23-285_B1,15
TTGCGGCATCAGAAAG-1_V13B23-285_B1,4
TTGCGTAGTTTGAGGA-1_V13B23-285_B1,3
TTGCGTCGGCCAACCG-1_V13B23-285_B1,1
TTGCGTGAACGCTTAG-1_V13B23-285_B1,1
TTGCTCCCATACCGGA-1_V13B23-285_B1,1
TTGCTGAAGGAACCAC-1_V13B23-285_B1,1
TTGCTGATCATGTTCG-1_V13B23-285_B1,2
TTGCTGCACCTATCCA-1_V13B23-285_B1,1
TTGCTGGCCGGGCTTC-1_V13B23-285_B1,10
TTGGAAGAATACAGTC-1_V13B23-285_B1,1
TTGGACATGTGGCTTA-1_V13B23-285_B1,1
TTGGACCATCTGGCAA-1_V13B23-285_B1,5
TTGGACCTATAACAGT-1_V13B23-285_B1,2
TTGGATATCGTCTACG-1_V13B23-285_B1,1
TTGGATTGGGTACCAC-1_V13B23-285_B1,4
TTGGCCATCTTGCGCT-1_V13B23-285_B1,2
TTGGCCTAGAATTTCG-1_V13B23-285_B1,9
TTGGCGATCCGAATAT-1_V13B23-285_B1,2
TTGGCTCGCATGAGAC-1_V13B23-285_B1,1
TTGGGACACTGCCCGC-1_V13B23-285_B1,3
TTGGGACGTAAGAGTT-1_V13B23-285_B1,5
TTGGGCGGCGGTTGCC-1_V13B23-285_B1,5
TTGGGTTTATTCAGCG-1_V13B23-285_B1,15
TTGGTATGGCTTGTGT-1_V13B23-285_B1,3
TTGGTCACACTCGTAA-1_V13B23-285_B1,1
TTGGTTCGCTCAAAGG-1_V13B23-285_B1,20
TTGGTTGCGGTGCGCG-1_V13B23-285_B1,12
TTGTAAGGACCTAAGT-1_V13B23-285_B1,3
TTGTAAGGCCAGTTGG-1_V13B23-285_B1,1
TTGTAATCCGTACTCG-1_V13B23-285_B1,2
TTGTATCACACAGAAT-1_V13B23-285_B1,14
TTGTCGTTCAGTTACC-1_V13B23-285_B1,3
TTGTGAACCTAATCCG-1_V13B23-285_B1,1
TTGTGAGGCATGACGC-1_V13B23-285_B1,11
TTGTGCAGCCACGTCA-1_V13B23-285_B1,1
TTGTGGCCCTGACAGT-1_V13B23-285_B1,17
TTGTGGTAGGAGGGAT-1_V13B23-285_B1,3
TTGTGGTATAGGTATG-1_V13B23-285_B1,11
TTGTGTATGCCACCAA-1_V13B23-285_B1,18
TTGTGTTTCCCGAAAG-1_V13B23-285_B1,3
TTGTTAGCAAATTCGA-1_V13B23-285_B1,4
TTGTTCAGTGTGCTAC-1_V13B23-285_B1,1
TTGTTGTGTGTCAAGA-1_V13B23-285_B1,6
TTGTTTCACATCCAGG-1_V13B23-285_B1,11
TTGTTTCATTAGTCTA-1_V13B23-285_B1,1
TTGTTTCCATACAACT-1_V13B23-285_B1,3
AAACAAGTATCTCCCA-1_V13B23-285_C1,4
AAACACCAATAACTGC-1_V13B23-285_C1,3
AAACAGAGCGACTCCT-1_V13B23-285_C1,4
AAACAGCTTTCAGAAG-1_V13B23-285_C1,3
AAACAGGGTCTATATT-1_V13B23-285_C1,4
AAACATTTCCCGGATT-1_V13B23-285_C1,2
AAACCCGAACGAAATC-1_V13B23-285_C1,2
AAACCGGAAATGTTAA-1_V13B23-285_C1,5
AAACCGGGTAGGTACC-1_V13B23-285_C1,1
AAACCGTTCGTCCAGG-1_V13B23-285_C1,2
AAACCTCATGAAGTTG-1_V13B23-285_C1,3
AAACGAGACGGTTGAT-1_V13B23-285_C1,4
AAACGTGTTCGCCCTA-1_V13B23-285_C1,17
AAACTCGTGATATAAG-1_V13B23-285_C1,3
AAACTGCTGGCTCCAA-1_V13B23-285_C1,2
AAACTTGCAAACGTAT-1_V13B23-285_C1,4
AAAGACTGGGCGCTTT-1_V13B23-285_C1,1
AAAGCTTGCCTACATA-1_V13B23-285_C1,3
AAAGGCTACGGACCAT-1_V13B23-285_C1,1
AAAGGCTCTCGCGCCG-1_V13B23-285_C1,4
AAAGGGATGTAGCAAG-1_V13B23-285_C1,8
AAAGGGCAGCTTGAAT-1_V13B23-285_C1,1
AAAGGTAAGCTGTACC-1_V13B23-285_C1,10
AAAGTAGCATTGCTCA-1_V13B23-285_C1,1
AAAGTCACTGATGTAA-1_V13B23-285_C1,23
AAAGTCGACCCTCAGT-1_V13B23-285_C1,12
AAAGTGCCATCAATTA-1_V13B23-285_C1,6
AAAGTGTGATTTATCT-1_V13B23-285_C1,22
AAAGTTGACTCCCGTA-1_V13B23-285_C1,2
AAATAACCATACGGGA-1_V13B23-285_C1,15
AAATAAGGTAGTGCCC-1_V13B23-285_C1,10
AAATACCTATAAGCAT-1_V13B23-285_C1,5
AAATAGCTTAGACTTT-1_V13B23-285_C1,5
AAATAGGGTGCTATTG-1_V13B23-285_C1,2
AAATCGTGTACCACAA-1_V13B23-285_C1,1
AAATCTAGCCCTGCTA-1_V13B23-285_C1,5
AAATGATTCGATCAGC-1_V13B23-285_C1,3
AAATGCTCGTTACGTT-1_V13B23-285_C1,1
AAATGGCATGTCTTGT-1_V13B23-285_C1,9
AAATGGCCCGTGCCCT-1_V13B23-285_C1,1
AAATGGTCAATGTGCC-1_V13B23-285_C1,1
AAATTAACGGGTAGCT-1_V13B23-285_C1,6
AAATTACACGACTCTG-1_V13B23-285_C1,3
AAATTACCTATCGATG-1_V13B23-285_C1,3
AAATTCCAGGTCCAAA-1_V13B23-285_C1,4
AAATTGATAGTCCTTT-1_V13B23-285_C1,2
AAATTGGTGAGAAGCA-1_V13B23-285_C1,10
AAATTTGCGGGTGTGG-1_V13B23-285_C1,1
AACAACTGGTAGTTGC-1_V13B23-285_C1,1
AACAATACATTGTCGA-1_V13B23-285_C1,8
AACAATTACTCTACGC-1_V13B23-285_C1,4
AACACACGCTCGCCGC-1_V13B23-285_C1,2
AACACGACTGTACTGA-1_V13B23-285_C1,21
AACACGAGACGCGGCC-1_V13B23-285_C1,1
AACAGCTGTGTGGCAA-1_V13B23-285_C1,1
AACAGGAAATCGAATA-1_V13B23-285_C1,9
AACAGGATGGGCCGCG-1_V13B23-285_C1,16
AACAGGTAGTATGGAT-1_V13B23-285_C1,18
AACATATCAACTGGTG-1_V13B23-285_C1,10
AACATCGATACGTCTA-1_V13B23-285_C1,3
AACCAAGACTTCTCTG-1_V13B23-285_C1,2
AACCATGGGATCGCTA-1_V13B23-285_C1,4
AACCCAGAGACGGAGA-1_V13B23-285_C1,7
AACCCATCCCATGATC-1_V13B23-285_C1,1
AACCCGAGCAGAATCG-1_V13B23-285_C1,5
AACCCTACTGTCAATA-1_V13B23-285_C1,2
AACCCTGGTGGAACCA-1_V13B23-285_C1,21
AACCGAGCTTGGTCAT-1_V13B23-285_C1,3
AACCGCTAAGGGATGC-1_V13B23-285_C1,2
AACCGTTGTGTTTGCT-1_V13B23-285_C1,13
AACCTCGCTTTAGCCC-1_V13B23-285_C1,2
AACCTGTCACGGAATT-1_V13B23-285_C1,1
AACCTTTAAATACGGT-1_V13B23-285_C1,2
AACCTTTACGACGTCT-1_V13B23-285_C1,3
AACGATAATGCCGTAG-1_V13B23-285_C1,5
AACGATATGTCAACTG-1_V13B23-285_C1,4
AACGCATGATCTGGGT-1_V13B23-285_C1,1
AACGCGGTCTCCAGCC-1_V13B23-285_C1,1
AACGCTGTTGCTGAAA-1_V13B23-285_C1,5
AACGGACGTACGTATA-1_V13B23-285_C1,2
AACGGCCATCTCCGGT-1_V13B23-285_C1,1
AACGTACTGTGGGTAC-1_V13B23-285_C1,3
AACGTCAGACTAGTGG-1_V13B23-285_C1,16
AACGTGATGAAGGACA-1_V13B23-285_C1,15
AACGTGCGAAAGTCTC-1_V13B23-285_C1,2
AACGTTATCAGCACCT-1_V13B23-285_C1,1
AACTACCCGTTTGTCA-1_V13B23-285_C1,2
AACTAGGCTTGGGTGT-1_V13B23-285_C1,1
AACTCAAGTTAATTGC-1_V13B23-285_C1,2
AACTCCAGAGCGTGTT-1_V13B23-285_C1,2
AACTCCTAATCCCATG-1_V13B23-285_C1,16
AACTCTCAATAGAGCG-1_V13B23-285_C1,5
AACTCTCAGTGTGCTC-1_V13B23-285_C1,2
AACTGAGTTATACTGA-1_V13B23-285_C1,2
AACTGATATTAGGCCT-1_V13B23-285_C1,4
AACTGGGTCCCGACGT-1_V13B23-285_C1,7
AACTTCTGCGTCTATC-1_V13B23-285_C1,2
AACTTGCCCGTATGCA-1_V13B23-285_C1,4
AACTTGCGTTCTCGCG-1_V13B23-285_C1,4
AACTTTACGGGAGCTT-1_V13B23-285_C1,11
AACTTTCTCGATCATG-1_V13B23-285_C1,12
AAGAAATCACCAGATT-1_V13B23-285_C1,17
AAGAAGGATCAGTTAG-1_V13B23-285_C1,2
AAGACCCAACTGAACA-1_V13B23-285_C1,1
AAGACTGCAAGCTACT-1_V13B23-285_C1,2
AAGAGATGAATCGGTA-1_V13B23-285_C1,1
AAGAGCTCTTTATCGG-1_V13B23-285_C1,8
AAGAGGATGTACGCGA-1_V13B23-285_C1,1
AAGAGGCATGGATCGC-1_V13B23-285_C1,2
AAGAGGCCCTTTGGAA-1_V13B23-285_C1,2
AAGATGGCACCGGACC-1_V13B23-285_C1,1
AAGATTGGCGGAACGT-1_V13B23-285_C1,3
AAGCACCCTGCGTATC-1_V13B23-285_C1,2
AAGCATACTCTCCTGA-1_V13B23-285_C1,15
AAGCCGAAGCGGTTTA-1_V13B23-285_C1,2
AAGCCGCTTTACCTTG-1_V13B23-285_C1,8
AAGCCGGAGAGCAGGA-1_V13B23-285_C1,2
AAGCGGCGTCATGGGT-1_V13B23-285_C1,19
AAGCGTCCCTCATCGA-1_V13B23-285_C1,2
AAGCTAGATCGAGTAA-1_V13B23-285_C1,2
AAGCTCGTGCCAAGTC-1_V13B23-285_C1,1
AAGCTCTTTCATGGTG-1_V13B23-285_C1,5
AAGGAGCGGTTGGTGC-1_V13B23-285_C1,2
AAGGATCGATCGCTTG-1_V13B23-285_C1,5
AAGGATGAGGGACCTC-1_V13B23-285_C1,11
AAGGCAGGCTGTCTCC-1_V13B23-285_C1,5
AAGGCGCGTAAAGCTT-1_V13B23-285_C1,16
AAGGCTGTGCTCATCG-1_V13B23-285_C1,1
AAGGGACAGATTCTGT-1_V13B23-285_C1,7
AAGGGACTATGCATTC-1_V13B23-285_C1,11
AAGGTATCCTAATATA-1_V13B23-285_C1,1
AAGGTGATAAACCAGC-1_V13B23-285_C1,1
AAGTAGAAGACCGGGT-1_V13B23-285_C1,16
AAGTAGTGACGCGAGG-1_V13B23-285_C1,1
AAGTCAATTGTCGTCA-1_V13B23-285_C1,2
AAGTCTAGTAGCTGCC-1_V13B23-285_C1,3
AAGTGACGACCGAATT-1_V13B23-285_C1,1
AAGTGAGTCGGGTTTA-1_V13B23-285_C1,1
AAGTGCAAAGGTAGAC-1_V13B23-285_C1,1
AAGTGCCTTGACTGTA-1_V13B23-285_C1,4
AAGTGCGTTAGAATCT-1_V13B23-285_C1,3
AAGTGTTTGGAGACGG-1_V13B23-285_C1,1
AAGTTCACTCCAAGCT-1_V13B23-285_C1,2
AAGTTCAGTCTGCGTA-1_V13B23-285_C1,8
AAGTTCGGCCAACAGG-1_V13B23-285_C1,1
AATAACAACGCTCGGC-1_V13B23-285_C1,16
AATAACACTAGAACAA-1_V13B23-285_C1,1
AATAATCTTCGTATCG-1_V13B23-285_C1,5
AATACAATGTTTCAGG-1_V13B23-285_C1,4
AATAGAACAGAGTGGC-1_V13B23-285_C1,2
AATAGAATCTGTTTCA-1_V13B23-285_C1,8
AATAGCTACCGCGTGC-1_V13B23-285_C1,11
AATAGTCCGTCCCGAC-1_V13B23-285_C1,1
AATAGTCGCGAGTCGG-1_V13B23-285_C1,1
AATATCGAATCAATGC-1_V13B23-285_C1,6
AATATCGAGGGTTCTC-1_V13B23-285_C1,3
AATATTGGAGTATTGA-1_V13B23-285_C1,4
AATCATGTAAAGACTC-1_V13B23-285_C1,1
AATCCAAGGGCCTGAG-1_V13B23-285_C1,14
AATCGCCTCAGCGCCA-1_V13B23-285_C1,5
AATCGCGCAGAGGACT-1_V13B23-285_C1,1
AATCTAGGTTTACTTG-1_V13B23-285_C1,4
AATCTATGCCGGAGCC-1_V13B23-285_C1,12
AATCTGCGTTGGGACG-1_V13B23-285_C1,11
AATCTGGCTTTCTAGT-1_V13B23-285_C1,2
AATGACAGCAATGTCT-1_V13B23-285_C1,1
AATGACGTAGGATGTC-1_V13B23-285_C1,2
AATGACTGTCAGCCGG-1_V13B23-285_C1,1
AATGAGTTCGCATATG-1_V13B23-285_C1,4
AATGATGATACGCTAT-1_V13B23-285_C1,3
AATGATGCGACTCCTG-1_V13B23-285_C1,4
AATGCAACCGGGTACC-1_V13B23-285_C1,4
AATGCACCAAGCAATG-1_V13B23-285_C1,12
AATGGTCCACCGTTCA-1_V13B23-285_C1,1
AATGGTTCTCACAAGC-1_V13B23-285_C1,4
AATGTGCCCGAGGTGT-1_V13B23-285_C1,1
AATTAAAGGTCGGCGT-1_V13B23-285_C1,1
AATTAACGGATTTCCA-1_V13B23-285_C1,1
AATTACTCGTACGCTC-1_V13B23-285_C1,14
AATTAGCGCTGCAGCG-1_V13B23-285_C1,4
AATTCATAAGGGATCT-1_V13B23-285_C1,4
AATTCTAGAGTTAGGC-1_V13B23-285_C1,2
AATTGAACGCTCTGGT-1_V13B23-285_C1,2
AATTTGGGACATAGTA-1_V13B23-285_C1,3
AATTTGGTTCCAAAGA-1_V13B23-285_C1,9
ACAAAGCATGACCTAG-1_V13B23-285_C1,2
ACAAATCGCACCGAAT-1_V13B23-285_C1,5
ACAAATGGTAGTGTTT-1_V13B23-285_C1,18
ACAACAGCATGAGCTA-1_V13B23-285_C1,1
ACAACGGTCCCTGCGA-1_V13B23-285_C1,1
ACAAGCAGTGCCTAGC-1_V13B23-285_C1,2
ACAAGGAAATCCGCCC-1_V13B23-285_C1,2
ACAAGGACAAGAGGTT-1_V13B23-285_C1,1
ACAAGGATGCTTTAGG-1_V13B23-285_C1,5
ACAAGGGCAGGCTCTG-1_V13B23-285_C1,2
ACAATAGTCGTACGTT-1_V13B23-285_C1,4
ACAATCCATTTAAACC-1_V13B23-285_C1,1
ACAATGAATACGGAGA-1_V13B23-285_C1,16
ACAATTGTGTCTCTTT-1_V13B23-285_C1,5
ACAATTTAGGAGGCTC-1_V13B23-285_C1,3
ACAATTTGAGCAGTGG-1_V13B23-285_C1,3
ACAATTTGGCCATATT-1_V13B23-285_C1,2
ACACAAAGACGGGTGG-1_V13B23-285_C1,2
ACACACCAGGACCAGT-1_V13B23-285_C1,2
ACACACTTTCTACACG-1_V13B23-285_C1,9
ACACATGATCAAATCT-1_V13B23-285_C1,1
ACACCACATAATTAGC-1_V13B23-285_C1,4
ACACCCAGCATGCAGC-1_V13B23-285_C1,1
ACACCCGAGAAATCCG-1_V13B23-285_C1,4
ACACCGAGCGCTCTTT-1_V13B23-285_C1,1
ACACCTTAAGTAGGGC-1_V13B23-285_C1,4
ACACCTTACTACTTGC-1_V13B23-285_C1,4
ACACGAGACTCCTTCT-1_V13B23-285_C1,8
ACACGGCACTATGCAT-1_V13B23-285_C1,27
ACACGGGAACTTAGGG-1_V13B23-285_C1,1
ACACGTAGGCCACAAG-1_V13B23-285_C1,2
ACACTCCAATGTCACT-1_V13B23-285_C1,4
ACACTGATCAAGGTGT-1_V13B23-285_C1,1
ACACTGGGACAGTCGT-1_V13B23-285_C1,2
ACAGAACTGAGAACAA-1_V13B23-285_C1,1
ACAGCATAGAGCCAGT-1_V13B23-285_C1,21
ACAGCGACATTCTCAT-1_V13B23-285_C1,2
ACAGCGCACCCGCAGC-1_V13B23-285_C1,4
ACAGGCTTGCCCGACT-1_V13B23-285_C1,2
ACAGGTGGAGGTGAGG-1_V13B23-285_C1,1
ACAGTAATACAACTTG-1_V13B23-285_C1,1
ACAGTATACCGTGGGA-1_V13B23-285_C1,3
ACATAAGTCGTGGTGA-1_V13B23-285_C1,4
ACATAATAAGGCGGTG-1_V13B23-285_C1,10
ACATCAGCTGGGACGC-1_V13B23-285_C1,1
ACATCCCGGCCATACG-1_V13B23-285_C1,1
ACATCCTGGTAACTGT-1_V13B23-285_C1,5
ACATCGATCGTTTACC-1_V13B23-285_C1,1
ACATCGGTCAGCCGCG-1_V13B23-285_C1,3
ACATCGTATGCAATGG-1_V13B23-285_C1,20
ACATCGTTAACCTAGT-1_V13B23-285_C1,21
ACATGGCGCCAAAGTA-1_V13B23-285_C1,4
ACATTAGTTTATATCC-1_V13B23-285_C1,4
ACCAAACACCCAGCGA-1_V13B23-285_C1,8
ACCAACACCACACACT-1_V13B23-285_C1,3
ACCAACGCTTATTTAT-1_V13B23-285_C1,4
ACCAAGAACGCGTGTC-1_V13B23-285_C1,7
ACCAATATGCAAGTTA-1_V13B23-285_C1,2
ACCACAAGTTTCTATC-1_V13B23-285_C1,1
ACCACCAATGTAACAA-1_V13B23-285_C1,4
ACCACCCTCTCTTCTA-1_V13B23-285_C1,1
ACCACGTGCAGCTATA-1_V13B23-285_C1,18
ACCACTGTTCAAGAAG-1_V13B23-285_C1,1
ACCAGTGCGGGAGACG-1_V13B23-285_C1,2
ACCATATCCGCAATAA-1_V13B23-285_C1,1
ACCATCCGCCAACTAG-1_V13B23-285_C1,3
ACCATCGTATATGGTA-1_V13B23-285_C1,11
ACCATTAAGGGTGTCA-1_V13B23-285_C1,3
ACCCAACGCCCGTGGC-1_V13B23-285_C1,11
ACCCACCTACATGCTC-1_V13B23-285_C1,1
ACCCATCTTGAGGGTA-1_V13B23-285_C1,2
ACCCATTTGTCCCTCT-1_V13B23-285_C1,2
ACCCGAGCGAAATTAC-1_V13B23-285_C1,16
ACCCGGAAACTCCCAG-1_V13B23-285_C1,1
ACCCGGAGCACCACAA-1_V13B23-285_C1,2
ACCCGGATGACGCATC-1_V13B23-285_C1,2
ACCCGGTTACACTTCC-1_V13B23-285_C1,3
ACCCGTGTCATCAGTA-1_V13B23-285_C1,1
ACCCTATAGGACTGAG-1_V13B23-285_C1,4
ACCCTATGCCATATCG-1_V13B23-285_C1,4
ACCCTCCCTTGCTATT-1_V13B23-285_C1,2
ACCCTGGTAACGCCCT-1_V13B23-285_C1,10
ACCCTTCATCTGCGAA-1_V13B23-285_C1,9
ACCGACACATCTCCCA-1_V13B23-285_C1,1
ACCGACTGAGTCCCAC-1_V13B23-285_C1,11
ACCGATAGGCATAACC-1_V13B23-285_C1,7
ACCGATATTTAATCAT-1_V13B23-285_C1,2
ACCGATGGTAGCATCG-1_V13B23-285_C1,5
ACCGCAATAACTGCCT-1_V13B23-285_C1,4
ACCGCGGTGGAAGTCG-1_V13B23-285_C1,20
ACCGGGCCTTTGTTGA-1_V13B23-285_C1,2
ACCGGTCAGGTACACC-1_V13B23-285_C1,1
ACCGTGACCACGTGGG-1_V13B23-285_C1,1
ACCTAAGTACCTTTCA-1_V13B23-285_C1,3
ACCTAATCGACTTCCT-1_V13B23-285_C1,1
ACCTACAGTATGTGGT-1_V13B23-285_C1,1
ACCTCCGCCCTCGCTG-1_V13B23-285_C1,5
ACCTCCGTTATTCACC-1_V13B23-285_C1,3
ACCTGCGTGTCATGTT-1_V13B23-285_C1,3
ACGAAATGGGCGGCAC-1_V13B23-285_C1,2
ACGACCCATGAGTTGC-1_V13B23-285_C1,5
ACGAGATATTTGCTTA-1_V13B23-285_C1,4
ACGAGGATACCACTCT-1_V13B23-285_C1,1
ACGAGGTTTACAACGT-1_V13B23-285_C1,3
ACGAGTACGGATGCCC-1_V13B23-285_C1,3
ACGATACATAGAACTA-1_V13B23-285_C1,16
ACGATCATACATAGAG-1_V13B23-285_C1,1
ACGATCATCTTGTAAA-1_V13B23-285_C1,4
ACGATGCATATGTTAT-1_V13B23-285_C1,2
ACGATGGATCCGATGC-1_V13B23-285_C1,21
ACGCAAACTAATAGAT-1_V13B23-285_C1,1
ACGCAATCACTACAGC-1_V13B23-285_C1,4
ACGCATACGTTTACTA-1_V13B23-285_C1,5
ACGCATTCGTGAGTAC-1_V13B23-285_C1,1
ACGCCAGATGATTTCT-1_V13B23-285_C1,9
ACGCCGCTAGACGACC-1_V13B23-285_C1,2
ACGCGAAGTCAGACGA-1_V13B23-285_C1,1
ACGCGCTACACAGGGT-1_V13B23-285_C1,1
ACGCGGGCCAAGGACA-1_V13B23-285_C1,18
ACGCTAGTGATACACT-1_V13B23-285_C1,8
ACGCTGTGAGGCGTAG-1_V13B23-285_C1,3
ACGGAATTTAGCAAAT-1_V13B23-285_C1,7
ACGGACTCTCAAAGCG-1_V13B23-285_C1,5
ACGGAGCGCAAATTAC-1_V13B23-285_C1,15
ACGGATGGTGCGGATA-1_V13B23-285_C1,2
ACGGCACTTGCTTGGG-1_V13B23-285_C1,2
ACGGCCAACATGGACT-1_V13B23-285_C1,13
ACGGCGACGATGGGAA-1_V13B23-285_C1,2
ACGGCTGGATGTAGAA-1_V13B23-285_C1,3
ACGGGAGTGTCGGCCC-1_V13B23-285_C1,3
ACGGGCGTATGCGACA-1_V13B23-285_C1,4
ACGGGTCATGTGACTT-1_V13B23-285_C1,7
ACGTACAGATTTCTCT-1_V13B23-285_C1,21
ACGTAGATTGCTGATG-1_V13B23-285_C1,18
ACGTATTACTCCGATC-1_V13B23-285_C1,5
ACGTGCGCCTCGTGCA-1_V13B23-285_C1,6
ACGTTAATGTCGAAGA-1_V13B23-285_C1,5
ACGTTAGATTTGCCCG-1_V13B23-285_C1,3
ACGTTATTGGTCACTC-1_V13B23-285_C1,1
ACGTTCGCAATCAATT-1_V13B23-285_C1,12
ACGTTCGTTCAGGAAA-1_V13B23-285_C1,1
ACGTTTAGTTGTGATC-1_V13B23-285_C1,7
ACTACCAGCTCTCTGG-1_V13B23-285_C1,3
ACTACGCGTTAGAATT-1_V13B23-285_C1,3
ACTAGTTGCGATCGTC-1_V13B23-285_C1,8
ACTATATGCTGTGTTC-1_V13B23-285_C1,11
ACTATCCAGGGCATGG-1_V13B23-285_C1,6
ACTATCTGCCCGCGTA-1_V13B23-285_C1,5
ACTATTCGTCCGTGGT-1_V13B23-285_C1,9
ACTATTTCCGGGCCCA-1_V13B23-285_C1,3
ACTCAAGTGCAAGGCT-1_V13B23-285_C1,2
ACTCAATAAAGGCACG-1_V13B23-285_C1,1
ACTCCCATTCCTAAAG-1_V13B23-285_C1,4
ACTCCCGAATTCGTTT-1_V13B23-285_C1,3
ACTCCCGTAGACTAGG-1_V13B23-285_C1,10
ACTCCCTAATGCTAAA-1_V13B23-285_C1,8
ACTCCCTAGAATAGTA-1_V13B23-285_C1,1
ACTCGATGTATTTCAT-1_V13B23-285_C1,4
ACTCGCGATCTGACGC-1_V13B23-285_C1,2
ACTCGTAACCCGTCCT-1_V13B23-285_C1,1
ACTCGTCAGTAATCCC-1_V13B23-285_C1,2
ACTCTCTGACTTAGGT-1_V13B23-285_C1,5
ACTCTCTTATACACGA-1_V13B23-285_C1,7
ACTCTTCAGCTCCCGC-1_V13B23-285_C1,1
ACTCTTGTATAGTAAC-1_V13B23-285_C1,1
ACTGAAACGCCGTTAG-1_V13B23-285_C1,2
ACTGAATGGCGAAAGT-1_V13B23-285_C1,2
ACTGCCGTCGTAACTC-1_V13B23-285_C1,9
ACTGCGGACACACCGT-1_V13B23-285_C1,2
ACTGCTCGGAAGGATG-1_V13B23-285_C1,4
ACTGTACGATACACAT-1_V13B23-285_C1,4
ACTGTAGCACTTTGGA-1_V13B23-285_C1,3
ACTGTCCAGGATTATA-1_V13B23-285_C1,1
ACTGTCTTCTTTAGAA-1_V13B23-285_C1,3
ACTGTGCTAGTAGATC-1_V13B23-285_C1,7
ACTTACCGGGCGCGCA-1_V13B23-285_C1,1
ACTTACGCATCCACGC-1_V13B23-285_C1,4
ACTTAGTACGACAAGA-1_V13B23-285_C1,7
ACTTATACTTACCCGG-1_V13B23-285_C1,5
ACTTATTAGGATCGGT-1_V13B23-285_C1,1
ACTTATTTATGTGCCA-1_V13B23-285_C1,4
ACTTCAGGCTGATCCC-1_V13B23-285_C1,2
ACTTCCATGCGGGACA-1_V13B23-285_C1,1
ACTTCGCCATACGCAC-1_V13B23-285_C1,11
ACTTCGCTAGCGAGTG-1_V13B23-285_C1,10
ACTTGACTCCCTCTTT-1_V13B23-285_C1,4
ACTTGGGACCCGGTGG-1_V13B23-285_C1,4
ACTTGTGGATGGAACG-1_V13B23-285_C1,5
ACTTTACCCTCATGAA-1_V13B23-285_C1,12
ACTTTCCTATAGCTTC-1_V13B23-285_C1,3
ACTTTGACTGCATCCT-1_V13B23-285_C1,3
ACTTTGGTCGTGCTCC-1_V13B23-285_C1,3
ACTTTGTCGACGCACT-1_V13B23-285_C1,1
AGAAATTATGACTCGC-1_V13B23-285_C1,5
AGAACCCAGCGTGACA-1_V13B23-285_C1,5
AGAACGTGGTACATTC-1_V13B23-285_C1,12
AGAAGAGCGCCGTTCC-1_V13B23-285_C1,1
AGAAGGTACACTTCAC-1_V13B23-285_C1,4
AGAAGGTTGCCGAATT-1_V13B23-285_C1,1
AGAAGTGATTCGTGAT-1_V13B23-285_C1,3
AGAATAAATCTTCAGG-1_V13B23-285_C1,3
AGAATGCGGGTTCGGA-1_V13B23-285_C1,4
AGAATTATGGATTCGA-1_V13B23-285_C1,12
AGAATTGTTTGACATA-1_V13B23-285_C1,1
AGACAGCTCAGAATCC-1_V13B23-285_C1,2
AGACAGGCATCTCAGC-1_V13B23-285_C1,5
AGACCAAACCACACCT-1_V13B23-285_C1,1
AGACCATGGGATACAA-1_V13B23-285_C1,4
AGACCCACCGCTGATC-1_V13B23-285_C1,1
AGACCCGCCCTCCTCG-1_V13B23-285_C1,4
AGACCGCTCCGCGGTT-1_V13B23-285_C1,5
AGACCGGGAAACCCTG-1_V13B23-285_C1,4
AGACGAAGTGCCGGTC-1_V13B23-285_C1,5
AGACGACGATGCCGCT-1_V13B23-285_C1,3
AGACGCCCACTTCGCC-1_V13B23-285_C1,1
AGACTAGCCTTCCAGA-1_V13B23-285_C1,1
AGACTGTTACCGGGTC-1_V13B23-285_C1,7
AGAGAACCGTCTAGGA-1_V13B23-285_C1,8
AGAGAAGGAGTACAAT-1_V13B23-285_C1,1
AGAGATCTCTAAAGCG-1_V13B23-285_C1,4
AGAGCAGTTATGAGAC-1_V13B23-285_C1,4
AGAGCCGCCGAGATTT-1_V13B23-285_C1,2
AGAGCGGGCTAATCAT-1_V13B23-285_C1,9
AGAGCGTACAAGCTCG-1_V13B23-285_C1,1
AGAGGCTTCGGAAACC-1_V13B23-285_C1,5
AGAGTAAACTTCACTA-1_V13B23-285_C1,2
AGAGTATAGTGTTACG-1_V13B23-285_C1,3
AGATAACTTCAGGGCC-1_V13B23-285_C1,1
AGATACCAGCACTTCA-1_V13B23-285_C1,10
AGATACCGGTGTTCAC-1_V13B23-285_C1,1
AGATACGACTTCATAT-1_V13B23-285_C1,4
AGATACTCAAGATCGA-1_V13B23-285_C1,2
AGATCGTGCATAAGAT-1_V13B23-285_C1,3
AGATCTCAGGTGTGAT-1_V13B23-285_C1,4
AGATGACTCGCCCACG-1_V13B23-285_C1,1
AGATGAGGGTTGCGAT-1_V13B23-285_C1,11
AGATGATGGAGTCTGG-1_V13B23-285_C1,18
AGATGCAAGACGTGCA-1_V13B23-285_C1,3
AGATGCTATAACGAGC-1_V13B23-285_C1,7
AGATTATAGGACGTTT-1_V13B23-285_C1,2
AGATTCACAACCGATA-1_V13B23-285_C1,3
AGCAAAGGCCGCTAGT-1_V13B23-285_C1,1
AGCAACATATCTTATT-1_V13B23-285_C1,22
AGCAACCGAAAGTAAT-1_V13B23-285_C1,3
AGCACCAGTACTCACG-1_V13B23-285_C1,3
AGCACTACCGGCCTGT-1_V13B23-285_C1,6
AGCACTACCTCACCAG-1_V13B23-285_C1,2
AGCACTTAAGGACGCC-1_V13B23-285_C1,8
AGCAGCCAGATGAATA-1_V13B23-285_C1,1
AGCATATCAATATGCT-1_V13B23-285_C1,2
AGCATCATTTCGAAAG-1_V13B23-285_C1,1
AGCATCGTCGATAATT-1_V13B23-285_C1,4
AGCCACAGGTTACCCG-1_V13B23-285_C1,2
AGCCACTCCCGTGCTT-1_V13B23-285_C1,25
AGCCCATACATGTAAG-1_V13B23-285_C1,15
AGCCCGGTAGCCTGTA-1_V13B23-285_C1,1
AGCCCTAAGCGAAGTT-1_V13B23-285_C1,14
AGCCCTGTCGCACCGT-1_V13B23-285_C1,7
AGCCCTTCTAATCCGA-1_V13B23-285_C1,3
AGCCCTTGGACATCCC-1_V13B23-285_C1,6
AGCCGTGGCTAAATGT-1_V13B23-285_C1,3
AGCCTAATACCCACGT-1_V13B23-285_C1,1
AGCCTTAAAGCGGAAG-1_V13B23-285_C1,4
AGCGACAGGAACGGTC-1_V13B23-285_C1,1
AGCGACATCCCATTCA-1_V13B23-285_C1,7
AGCGACCAACGATATT-1_V13B23-285_C1,1
AGCGCATAATGAATCG-1_V13B23-285_C1,3
AGCGCGGGTGCCAATG-1_V13B23-285_C1,3
AGCGCTAGAGCGATGT-1_V13B23-285_C1,6
AGCGGACACTTCGTAG-1_V13B23-285_C1,2
AGCGGCGGTTAGCGGT-1_V13B23-285_C1,12
AGCGGGAAGGGTCCAT-1_V13B23-285_C1,24
AGCGGTTGCCGCTCTG-1_V13B23-285_C1,15
AGCGTGGTATTCTACT-1_V13B23-285_C1,2
AGCTAACAAGCAATGT-1_V13B23-285_C1,1
AGCTAGAAGCAGAAGT-1_V13B23-285_C1,8
AGCTATTTAATCCAAC-1_V13B23-285_C1,13
AGCTCCATATATGTTC-1_V13B23-285_C1,5
AGCTCCTTCGCACATC-1_V13B23-285_C1,2
AGCTCTAGACGTTCCA-1_V13B23-285_C1,5
AGCTCTTCCCAGTGCA-1_V13B23-285_C1,11
AGCTCTTCGTAACCTT-1_V13B23-285_C1,22
AGCTCTTTACTCAGTT-1_V13B23-285_C1,1
AGCTGAAGTAAACCAA-1_V13B23-285_C1,4
AGCTGTAACCTCAATC-1_V13B23-285_C1,3
AGCTTGATCTTAACTT-1_V13B23-285_C1,4
AGGAAGCTGTCCGCCG-1_V13B23-285_C1,1
AGGACAGTCGAATCCC-1_V13B23-285_C1,1
AGGACATCGCACGTCG-1_V13B23-285_C1,7
AGGACGACCCATTAGA-1_V13B23-285_C1,4
AGGACGCTCGATGTTG-1_V13B23-285_C1,3
AGGAGACATCCACAGT-1_V13B23-285_C1,11
AGGAGAGTCTGGCTAC-1_V13B23-285_C1,3
AGGAGGCCTTCGCGCG-1_V13B23-285_C1,2
AGGATAAAGTCGGGAT-1_V13B23-285_C1,2
AGGATATAGGGATTTA-1_V13B23-285_C1,5
AGGATCACGCGATCTG-1_V13B23-285_C1,4
AGGATTGCTTACGACA-1_V13B23-285_C1,3
AGGCACGTGACTGTCC-1_V13B23-285_C1,5
AGGCAGATGCGTAAAC-1_V13B23-285_C1,3
AGGCAGGGAGCGTACT-1_V13B23-285_C1,18
AGGCATTGTCGTAGGG-1_V13B23-285_C1,5
AGGCCACATTGGTTAC-1_V13B23-285_C1,2
AGGCCACCCGTTATGA-1_V13B23-285_C1,1
AGGCCCATTGTACAGG-1_V13B23-285_C1,9
AGGCCCTAGAACGCCA-1_V13B23-285_C1,4
AGGCCTGAGAATCTCG-1_V13B23-285_C1,1
AGGCGATAACTGGCGT-1_V13B23-285_C1,2
AGGCGGTTTGTCCCGC-1_V13B23-285_C1,1
AGGCGTCTATGGACGG-1_V13B23-285_C1,3
AGGCTATGGTTAGCTT-1_V13B23-285_C1,1
AGGCTTCCCGAAGAAG-1_V13B23-285_C1,3
AGGCTTGCTAGACACC-1_V13B23-285_C1,1
AGGGAAACGAGGTACT-1_V13B23-285_C1,8
AGGGACCGGCTGCGTT-1_V13B23-285_C1,5
AGGGACTCTACGCGAC-1_V13B23-285_C1,3
AGGGAGACATACTTCG-1_V13B23-285_C1,1
AGGGCAGCGGCGTGGT-1_V13B23-285_C1,24
AGGGCGAGCAGCTGAT-1_V13B23-285_C1,8
AGGGCGTGATCGGCTA-1_V13B23-285_C1,16
AGGGCTGCAGTTACAG-1_V13B23-285_C1,2
AGGGTCAGTAACCCTA-1_V13B23-285_C1,4
AGGGTCGATGCGAACT-1_V13B23-285_C1,2
AGGGTGCTCTCGAGGG-1_V13B23-285_C1,1
AGGGTGGATAGTGCAT-1_V13B23-285_C1,1
AGGGTTCCCTTTGGTT-1_V13B23-285_C1,11
AGGGTTTAGTTCGGGA-1_V13B23-285_C1,3
AGGTAACCTCCTATTC-1_V13B23-285_C1,14
AGGTACGATATTGCCA-1_V13B23-285_C1,9
AGGTAGGTACAAAGCT-1_V13B23-285_C1,1
AGGTATAATTGATAGT-1_V13B23-285_C1,2
AGGTATGCGGACATTA-1_V13B23-285_C1,4
AGGTCAGGTGAGAGTG-1_V13B23-285_C1,1
AGGTCGCCTCCCAACA-1_V13B23-285_C1,2
AGGTCGCGGAGTTACT-1_V13B23-285_C1,3
AGGTGTATCGCCATGA-1_V13B23-285_C1,3
AGGTTACACCATGCCG-1_V13B23-285_C1,5
AGGTTGAGGCACGCTT-1_V13B23-285_C1,16
AGGTTTCACACACCTT-1_V13B23-285_C1,1
AGTAATGTCTTGCCGC-1_V13B23-285_C1,9
AGTACATCATTTATCA-1_V13B23-285_C1,3
AGTACCTTCGAGTGCT-1_V13B23-285_C1,26
AGTACGGCCCGTATCG-1_V13B23-285_C1,4
AGTACGGGCACCTGGC-1_V13B23-285_C1,3
AGTACTCTTATGCCCA-1_V13B23-285_C1,5
AGTAGGAAGGAAGTTG-1_V13B23-285_C1,11
AGTAGGTAACATACAT-1_V13B23-285_C1,14
AGTATAATACTAGGCA-1_V13B23-285_C1,1
AGTATGCTGGAGACCA-1_V13B23-285_C1,4
AGTATTTGGCACGACC-1_V13B23-285_C1,3
AGTCAACACCACCATC-1_V13B23-285_C1,1
AGTCAAGATGACACTT-1_V13B23-285_C1,5
AGTCACTAGCTCTCGA-1_V13B23-285_C1,2
AGTCAGCCACCGCCTG-1_V13B23-285_C1,1
AGTCCATTGGCTGATG-1_V13B23-285_C1,6
AGTCCCGCCTTTAATT-1_V13B23-285_C1,11
AGTCCCTCGCAGAAAG-1_V13B23-285_C1,3
AGTCGACGGTCTCAAG-1_V13B23-285_C1,5
AGTCGGCCCAAACGAC-1_V13B23-285_C1,1
AGTCGGCTCAACTTTA-1_V13B23-285_C1,11
AGTCGGTTGCGTGAGA-1_V13B23-285_C1,2
AGTCGTCGACCACCAA-1_V13B23-285_C1,5
AGTCGTGGGCATTACG-1_V13B23-285_C1,3
AGTCTAAAGTATACTC-1_V13B23-285_C1,3
AGTCTCACAAGACTAC-1_V13B23-285_C1,11
AGTCTGGACATCCTTG-1_V13B23-285_C1,1
AGTCTTCTCCTCAAAT-1_V13B23-285_C1,4
AGTGAACAAACTTCTC-1_V13B23-285_C1,2
AGTGAAGATGGTGTCC-1_V13B23-285_C1,4
AGTGACCTACTTTACG-1_V13B23-285_C1,1
AGTGAGACTTCCAGTA-1_V13B23-285_C1,22
AGTGAGCCTCGCCGCC-1_V13B23-285_C1,3
AGTGAGGGTTTCTGAC-1_V13B23-285_C1,10
AGTGATAACCTGCGCG-1_V13B23-285_C1,16
AGTGATATGAGTAGTT-1_V13B23-285_C1,2
AGTGATTCAAGCAGGA-1_V13B23-285_C1,1
AGTGCACGCTTAAGAA-1_V13B23-285_C1,2
AGTGCGTAGCTCGTAA-1_V13B23-285_C1,1
AGTGCTAAACACAGCA-1_V13B23-285_C1,2
AGTGCTTGCACGAATA-1_V13B23-285_C1,5
AGTGGCGGCAATTTGA-1_V13B23-285_C1,4
AGTGGCGTCTGAAGGT-1_V13B23-285_C1,1
AGTGGCTCCGTCGGCC-1_V13B23-285_C1,1
AGTGGTGTTACCCGTG-1_V13B23-285_C1,11
AGTGGTTGCGTATAGG-1_V13B23-285_C1,15
AGTGTATTGCGCATTG-1_V13B23-285_C1,11
AGTGTGCTAAGATCGC-1_V13B23-285_C1,4
AGTGTGGTCTATTGTG-1_V13B23-285_C1,4
AGTTAAACACTTGCGA-1_V13B23-285_C1,18
AGTTAAGCGGTCCCGG-1_V13B23-285_C1,9
AGTTAAGTCAACCGCT-1_V13B23-285_C1,3
AGTTACCCTTAAGACT-1_V13B23-285_C1,3
AGTTACCGCACATGGT-1_V13B23-285_C1,4
AGTTACTCTATCGTGG-1_V13B23-285_C1,11
AGTTCACCGGTTGGAC-1_V13B23-285_C1,1
AGTTCCTACAGAATTA-1_V13B23-285_C1,4
AGTTCCTATTTATGTT-1_V13B23-285_C1,2
AGTTCTGCGTTGTATC-1_V13B23-285_C1,4
AGTTGCTGACTGATAT-1_V13B23-285_C1,8
AGTTTATGTAAAGACA-1_V13B23-285_C1,3
AGTTTCGCAGGTCGGA-1_V13B23-285_C1,13
AGTTTGCACCTGCCTC-1_V13B23-285_C1,2
AGTTTGGCACGGGTTG-1_V13B23-285_C1,4
AGTTTGGCCAGACCTA-1_V13B23-285_C1,8
ATAAACGGACCCGTAA-1_V13B23-285_C1,2
ATAAACGTTGCACCAC-1_V13B23-285_C1,1
ATAAAGGCTCGGTCGT-1_V13B23-285_C1,1
ATAAATATTAGCAGCT-1_V13B23-285_C1,1
ATAACGCCGGAGGGTC-1_V13B23-285_C1,5
ATAACGGAGTCCAACG-1_V13B23-285_C1,1
ATAAGGTGGAGAACAT-1_V13B23-285_C1,5
ATAAGTAGGATTCAGA-1_V13B23-285_C1,3
ATAAGTAGGGCGACTC-1_V13B23-285_C1,5
ATAAGTTACCGCGACG-1_V13B23-285_C1,1
ATAATACCGTTAGCCG-1_V13B23-285_C1,4
ATAATAGCTGTTGAAT-1_V13B23-285_C1,2
ATAATAGTGTAGGGAC-1_V13B23-285_C1,2
ATAATCTTGGAGAACC-1_V13B23-285_C1,4
ATACAGGCCCTCCAAT-1_V13B23-285_C1,2
ATACCACGGGCAACTT-1_V13B23-285_C1,1
ATACCGTCATCCATAA-1_V13B23-285_C1,4
ATACCTAACCAAGAAA-1_V13B23-285_C1,1
ATACGAAGGCTTTCCA-1_V13B23-285_C1,4
ATACGCCGGCGAAACC-1_V13B23-285_C1,5
ATACGGAACGTCGTTT-1_V13B23-285_C1,12
ATACGGGTTTCGATTG-1_V13B23-285_C1,4
ATACGGTGAAGATGCA-1_V13B23-285_C1,2
ATACGTACTTAGCCAC-1_V13B23-285_C1,2
ATACGTCCACTCCTGT-1_V13B23-285_C1,2
ATACGTTATGCACGGA-1_V13B23-285_C1,2
ATACTACCCGTACCAC-1_V13B23-285_C1,2
ATACTAGCATGACCCT-1_V13B23-285_C1,7
ATACTGCCTTACACCG-1_V13B23-285_C1,2
ATACTTGTTCTCGAGC-1_V13B23-285_C1,1
ATAGACAACGGGACCT-1_V13B23-285_C1,12
ATAGACGAAGAGAAAG-1_V13B23-285_C1,2
ATAGAGTACTGGGACA-1_V13B23-285_C1,1
ATAGAGTTATCAACTT-1_V13B23-285_C1,11
ATAGCAACTAGGGAAG-1_V13B23-285_C1,2
ATAGCCTCAGTACCCA-1_V13B23-285_C1,1
ATAGCTGCTCTTGTTA-1_V13B23-285_C1,16
ATAGGCGGCTATAGAA-1_V13B23-285_C1,2
ATAGGCTAGCTTCGCA-1_V13B23-285_C1,1
ATAGGGATATCCTTGA-1_V13B23-285_C1,2
ATAGGTTGGGCAGATG-1_V13B23-285_C1,1
ATAGTGAAGCGTTCTC-1_V13B23-285_C1,2
ATAGTTCCACCCACTC-1_V13B23-285_C1,5
ATATAAAGCGCTCGTG-1_V13B23-285_C1,1
ATATAAATGTAGCTGC-1_V13B23-285_C1,2
ATATACGCTCGTGACG-1_V13B23-285_C1,5
ATATCAACCTACAGAG-1_V13B23-285_C1,5
ATATCGGTAGGGAGAT-1_V13B23-285_C1,5
ATATCGTTCCTCGAAC-1_V13B23-285_C1,1
ATATCTCCCTCGTTAA-1_V13B23-285_C1,1
ATATCTTAGGGCCTTC-1_V13B23-285_C1,4
ATATGTCTCCCTAGCC-1_V13B23-285_C1,5
ATATTCAGTTAAACCT-1_V13B23-285_C1,2
ATATTCCACATAGTGA-1_V13B23-285_C1,1
ATATTCCCACAGGTCA-1_V13B23-285_C1,21
ATATTGCTGTCAAAGT-1_V13B23-285_C1,1
ATATTGGAGAGGCCTT-1_V13B23-285_C1,2
ATATTTAACCCTCAAG-1_V13B23-285_C1,1
ATCAAACACTGTTCCA-1_V13B23-285_C1,5
ATCAAACGAAGGTTTG-1_V13B23-285_C1,4
ATCAATCTGGGCTGCA-1_V13B23-285_C1,10
ATCAATGCCGTGGCTG-1_V13B23-285_C1,1
ATCACATTAGAATATC-1_V13B23-285_C1,1
ATCACGTGCTAATTAA-1_V13B23-285_C1,1
ATCACTTCATCCTCGC-1_V13B23-285_C1,15
ATCAGACGGCACGCCG-1_V13B23-285_C1,3
ATCAGCCTCATGCTGC-1_V13B23-285_C1,2
ATCAGCTCGTCCACTA-1_V13B23-285_C1,2
ATCAGGTAGCTGACAG-1_V13B23-285_C1,3
ATCAGTAGGCAGGGAT-1_V13B23-285_C1,3
ATCATAGCCCTATGTA-1_V13B23-285_C1,2
ATCATCCAATATTTGT-1_V13B23-285_C1,1
ATCATGGACTACCGAC-1_V13B23-285_C1,6
ATCCAACGCAGTCATA-1_V13B23-285_C1,16
ATCCAATGGAGGGTCC-1_V13B23-285_C1,3
ATCCACATCGACAGAA-1_V13B23-285_C1,5
ATCCAGAGCAACAACC-1_V13B23-285_C1,1
ATCCAGGATTCGTGAA-1_V13B23-285_C1,1
ATCCTACCTAAGCTCT-1_V13B23-285_C1,2
ATCCTGAATCGCTGCG-1_V13B23-285_C1,3
ATCCTGCGTGGAATGG-1_V13B23-285_C1,2
ATCCTTCTGAAAGAAC-1_V13B23-285_C1,5
ATCGACCCAATACAGA-1_V13B23-285_C1,2
ATCGACTCTTTCCGTT-1_V13B23-285_C1,1
ATCGCACGCCGGGAGA-1_V13B23-285_C1,2
ATCGCCAGTCAACATT-1_V13B23-285_C1,5
ATCGCTGCGTGCAGCA-1_V13B23-285_C1,4
ATCGCTTTACGTCTCA-1_V13B23-285_C1,3
ATCGGAGACAGACGGC-1_V13B23-285_C1,4
ATCGGCAAGCAGTCCA-1_V13B23-285_C1,3
ATCGGTTACCTAGTAA-1_V13B23-285_C1,1
ATCGTTAGCTAGCGGA-1_V13B23-285_C1,2
ATCGTTCACTTTCGCC-1_V13B23-285_C1,15
ATCTAACGTCCCTATG-1_V13B23-285_C1,4
ATCTAATATCCTACGG-1_V13B23-285_C1,4
ATCTCCCACGGAATAT-1_V13B23-285_C1,5
ATCTCCCTGCAATCTA-1_V13B23-285_C1,7
ATCTCGTGAGCGAAAC-1_V13B23-285_C1,2
ATCTGATAGTGTCTTA-1_V13B23-285_C1,4
ATCTGCACCTCTGCGA-1_V13B23-285_C1,1
ATCTGGGCTGTTCTTG-1_V13B23-285_C1,2
ATCTGGTTAAGACTGT-1_V13B23-285_C1,3
ATCTGTAATTGTACCC-1_V13B23-285_C1,7
ATCTTGACCTGCAACG-1_V13B23-285_C1,1
ATCTTGACTTGTCCAA-1_V13B23-285_C1,3
ATCTTTCGTATAACCA-1_V13B23-285_C1,3
ATGAAGCCAAGGAGCC-1_V13B23-285_C1,4
ATGACGCCGGCTCTAA-1_V13B23-285_C1,7
ATGACGCGTTCTATCC-1_V13B23-285_C1,11
ATGACTATCAGCTGTG-1_V13B23-285_C1,2
ATGACTATGCGACATT-1_V13B23-285_C1,16
ATGAGGAGTGTTAATC-1_V13B23-285_C1,1
ATGAGGGCAGCGGCTA-1_V13B23-285_C1,5
ATGATCGGGAATAGAC-1_V13B23-285_C1,10
ATGATGCAATGGTACA-1_V13B23-285_C1,2
ATGCACCTTCCTTAAT-1_V13B23-285_C1,3
ATGCACTACCGCATTG-1_V13B23-285_C1,1
ATGCATGATCCAGGAT-1_V13B23-285_C1,7
ATGCCAATCGCTCTGC-1_V13B23-285_C1,4
ATGCCATTTGCGACCA-1_V13B23-285_C1,4
ATGCCGGTCTTGCATA-1_V13B23-285_C1,4
ATGCCGGTTGATGGGA-1_V13B23-285_C1,4
ATGCGACAATTGGTCC-1_V13B23-285_C1,4
ATGCGACAGTCCCATT-1_V13B23-285_C1,5
ATGCGAGTCCCACCAC-1_V13B23-285_C1,5
ATGCTCAGTGTTGCAT-1_V13B23-285_C1,4
ATGCTCTGGCGCGGTA-1_V13B23-285_C1,2
ATGCTTAGGAGTTGAT-1_V13B23-285_C1,5
ATGGAACCTTTGCACA-1_V13B23-285_C1,1
ATGGAGCAGGCCGTGA-1_V13B23-285_C1,4
ATGGATCCGGCGTCCG-1_V13B23-285_C1,2
ATGGATTGACCAAACG-1_V13B23-285_C1,1
ATGGCAGCCGAGAAAC-1_V13B23-285_C1,11
ATGGCGGAATAGTCGC-1_V13B23-285_C1,1
ATGGCTGGAAATGGCC-1_V13B23-285_C1,4
ATGGGACCTGCTGAAC-1_V13B23-285_C1,3
ATGGGCCTCGGCCTCT-1_V13B23-285_C1,2
ATGGTCGCGTGGTTTC-1_V13B23-285_C1,15
ATGTAAGGCTGCTCTT-1_V13B23-285_C1,4
ATGTGAAAGCCTAATG-1_V13B23-285_C1,18
ATGTGCATCCGACGCA-1_V13B23-285_C1,4
ATGTGGACATCTTGAT-1_V13B23-285_C1,2
ATGTTACGAGCAATAC-1_V13B23-285_C1,16
ATGTTCCTGCCCACCT-1_V13B23-285_C1,1
ATGTTCGTCGACCCAC-1_V13B23-285_C1,4
ATGTTTCGGCCCGGAG-1_V13B23-285_C1,3
ATTAAACATGCGGACC-1_V13B23-285_C1,1
ATTAATACTACGCGGG-1_V13B23-285_C1,4
ATTAATGAACCAGTCG-1_V13B23-285_C1,4
ATTAATTCGGTCACTC-1_V13B23-285_C1,9
ATTACAACTACCGGCC-1_V13B23-285_C1,8
ATTACATGTCAGTCTT-1_V13B23-285_C1,5
ATTACCACACTGCCTG-1_V13B23-285_C1,5
ATTACGACTCCACAGT-1_V13B23-285_C1,10
ATTACGCGCTGGCAGG-1_V13B23-285_C1,1
ATTACTAGCCTCTTGC-1_V13B23-285_C1,1
ATTACTTACTGGGCAT-1_V13B23-285_C1,3
ATTAGATTCCTCAGCA-1_V13B23-285_C1,3
ATTAGATTGATAGCGG-1_V13B23-285_C1,4
ATTAGGCGATGCTTTC-1_V13B23-285_C1,5
ATTATACTTTGCTCGT-1_V13B23-285_C1,9
ATTATGCCATAGGGAG-1_V13B23-285_C1,2
ATTATTATGTCCGTCA-1_V13B23-285_C1,2
ATTCAACCATTTAAGG-1_V13B23-285_C1,2
ATTCACTGATGTTGGA-1_V13B23-285_C1,2
ATTCAGGACCTATTTC-1_V13B23-285_C1,3
ATTCAGTAGCAGGGTC-1_V13B23-285_C1,3
ATTCATATACTGTCCA-1_V13B23-285_C1,2
ATTCATCGTTGAGGCA-1_V13B23-285_C1,2
ATTCCCACATAAACAA-1_V13B23-285_C1,4
ATTCCTAAGACGTGGA-1_V13B23-285_C1,4
ATTCCTCCGCCAGTGC-1_V13B23-285_C1,6
ATTCGACGCCGGGCCT-1_V13B23-285_C1,3
ATTCGTGCTATCTCTT-1_V13B23-285_C1,4
ATTCTCGTCTCTTTAG-1_V13B23-285_C1,21
ATTCTTCGTACTTATG-1_V13B23-285_C1,4
ATTGAAGATCTTAGTG-1_V13B23-285_C1,1
ATTGACCGGCGATGAC-1_V13B23-285_C1,3
ATTGACGTAACTCGGT-1_V13B23-285_C1,21
ATTGATAGCAACGAGA-1_V13B23-285_C1,15
ATTGATGAGTCCTAAC-1_V13B23-285_C1,3
ATTGCGATCAGTAACT-1_V13B23-285_C1,2
ATTGCTGCTCCTCCAT-1_V13B23-285_C1,1
ATTGGATTACAGCGTA-1_V13B23-285_C1,5
ATTGGGAATATCTTGG-1_V13B23-285_C1,14
ATTGTACAACTCGGCT-1_V13B23-285_C1,1
ATTGTCGCAATACCTT-1_V13B23-285_C1,3
ATTGTGACTTCGCTGC-1_V13B23-285_C1,10
ATTGTTCAACGATCCG-1_V13B23-285_C1,5
ATTTACAGTTTACTGG-1_V13B23-285_C1,1
ATTTACTAAGTCCATT-1_V13B23-285_C1,3
ATTTCATTATTTCGCG-1_V13B23-285_C1,7
ATTTCCGGGTTCTGCG-1_V13B23-285_C1,1
ATTTGCGCGAGTAGCT-1_V13B23-285_C1,3
ATTTGTCTTGGGAGCT-1_V13B23-285_C1,5
ATTTGTTCCAGGGCTC-1_V13B23-285_C1,7
CAAACGAGTATCGCAG-1_V13B23-285_C1,8
CAAACGGTCGCACTTT-1_V13B23-285_C1,1
CAAACTACGATAGAGA-1_V13B23-285_C1,15
CAAACTATTGAGCTTC-1_V13B23-285_C1,9
CAAACTCGCGACGCCG-1_V13B23-285_C1,5
CAAAGATTATTGGGCC-1_V13B23-285_C1,1
CAAAGGTCATCTGAAA-1_V13B23-285_C1,6
CAAATCTCTCACAAGG-1_V13B23-285_C1,1
CAAATGTCCTTCCGTG-1_V13B23-285_C1,1
CAAATTGGATTATGCC-1_V13B23-285_C1,3
CAAATTGTCAGCAAGC-1_V13B23-285_C1,6
CAACACATCTCCTGCC-1_V13B23-285_C1,3
CAACCAGTGGCCTACC-1_V13B23-285_C1,2
CAACCGCACCTAGACA-1_V13B23-285_C1,3
CAACCTACCGAGCAGT-1_V13B23-285_C1,6
CAACCTGAACCTGCCA-1_V13B23-285_C1,10
CAACGACCCGTTTACA-1_V13B23-285_C1,4
CAACGGTTCTTGATAC-1_V13B23-285_C1,16
CAACGTGGTGGAGTCT-1_V13B23-285_C1,5
CAACTCCGTAACTTGC-1_V13B23-285_C1,19
CAACTCCTTGATCCCG-1_V13B23-285_C1,4
CAACTGCTCATCCGAT-1_V13B23-285_C1,2
CAAGACTCAGAAGCGC-1_V13B23-285_C1,10
CAAGAGGGCGGAGTAC-1_V13B23-285_C1,5
CAAGATATTATAACGT-1_V13B23-285_C1,2
CAAGCAACGTCGGAGT-1_V13B23-285_C1,4
CAAGCACCAAATGCCT-1_V13B23-285_C1,7
CAAGCGGCACATAATT-1_V13B23-285_C1,2
CAAGGATCGCATGTTC-1_V13B23-285_C1,2
CAAGGTCCTATAGGCT-1_V13B23-285_C1,11
CAAGTGTGGTTGCAAA-1_V13B23-285_C1,5
CAATAAACCTTGGCCC-1_V13B23-285_C1,18
CAATACGAGAGTCTGA-1_V13B23-285_C1,5
CAATATGTAGATTTAC-1_V13B23-285_C1,10
CAATATTCTTGACCTA-1_V13B23-285_C1,18
CAATCCCTATACCAGC-1_V13B23-285_C1,15
CAATCCTGCCGTGGAG-1_V13B23-285_C1,1
CAATGAGGTTCGACTA-1_V13B23-285_C1,11
CAATGCGAGAAGTATC-1_V13B23-285_C1,5
CAATGGAATCTACATA-1_V13B23-285_C1,4
CAATGGATCTCTACCA-1_V13B23-285_C1,4
CAATGTGCCAACCCTT-1_V13B23-285_C1,2
CAATTAAGGGTGATGA-1_V13B23-285_C1,11
CAATTTCGTATAAGGG-1_V13B23-285_C1,2
CACAAGAAAGATATTA-1_V13B23-285_C1,4
CACAATGAGCTGCTAT-1_V13B23-285_C1,1
CACACACGCTAACGAG-1_V13B23-285_C1,2
CACACAGCTTGCGCTC-1_V13B23-285_C1,5
CACACAGGGATAGATT-1_V13B23-285_C1,1
CACACGCGCTGTCTTA-1_V13B23-285_C1,3
CACAGCACCCACGGCA-1_V13B23-285_C1,1
CACAGCTAGGGAGTGA-1_V13B23-285_C1,4
CACAGGGCCATATAGT-1_V13B23-285_C1,5
CACAGGGCCGTTGTCA-1_V13B23-285_C1,3
CACAGTCCCGCTTCGC-1_V13B23-285_C1,2
CACAGTTCGCTTCCCA-1_V13B23-285_C1,2
CACATATTAGCAGGAT-1_V13B23-285_C1,2
CACATCGTGCACGCGC-1_V13B23-285_C1,2
CACATCTCACCGACGA-1_V13B23-285_C1,2
CACATGATTCAGCAAC-1_V13B23-285_C1,2
CACATTCTTTCGATGG-1_V13B23-285_C1,3
CACATTTCTTGTCAGA-1_V13B23-285_C1,5
CACCACGCCACACAGA-1_V13B23-285_C1,3
CACCAGTCAGCATGCA-1_V13B23-285_C1,1
CACCATCGGAGGAGAC-1_V13B23-285_C1,14
CACCATGATCGCAAAG-1_V13B23-285_C1,10
CACCCAAATCTTATGT-1_V13B23-285_C1,5
CACCCACACGTCACCC-1_V13B23-285_C1,1
CACCCACGAGGCAATT-1_V13B23-285_C1,7
CACCCGGTTTGTGACT-1_V13B23-285_C1,1
CACCCTAACAAGATCT-1_V13B23-285_C1,1
CACCCTTGGTGAGACC-1_V13B23-285_C1,8
CACCGATACACCGAGC-1_V13B23-285_C1,1
CACCGCCAGAAGGTTT-1_V13B23-285_C1,1
CACCGCCGACCAGCGA-1_V13B23-285_C1,21
CACCGCGTCCACTCTA-1_V13B23-285_C1,4
CACCGTATCCCATCCG-1_V13B23-285_C1,2
CACCGTTAGGGATCAC-1_V13B23-285_C1,16
CACCGTTGCGCGATAT-1_V13B23-285_C1,3
CACCTAATAGAGTCGT-1_V13B23-285_C1,2
CACCTAATCAGTTTAC-1_V13B23-285_C1,7
CACCTCGATGGTGGAC-1_V13B23-285_C1,9
CACCTTGCGAAACTCG-1_V13B23-285_C1,1
CACCTTGGCGCCTTTG-1_V13B23-285_C1,15
CACGAAAGTTAGTCCC-1_V13B23-285_C1,1
CACGCACAGCGCAGCT-1_V13B23-285_C1,3
CACGCAGCGAGGCTTT-1_V13B23-285_C1,1
CACGCGGAACTGTTGC-1_V13B23-285_C1,5
CACGGACGTGGATGGC-1_V13B23-285_C1,10
CACGGCGCGCCAAAGG-1_V13B23-285_C1,3
CACGGGATTGAGGGTT-1_V13B23-285_C1,2
CACGTCGGCAACCTCT-1_V13B23-285_C1,3
CACGTTCGTGCTCTAG-1_V13B23-285_C1,2
CACGTTTCGTACACAC-1_V13B23-285_C1,2
CACTAAAGTTGCCTAT-1_V13B23-285_C1,1
CACTACGGGAGCTGCC-1_V13B23-285_C1,5
CACTCAAGAGCTATGG-1_V13B23-285_C1,1
CACTCAGCTCTTGAGG-1_V13B23-285_C1,9
CACTCCTATGTAAGAT-1_V13B23-285_C1,1
CACTCCTCTCGGTCGG-1_V13B23-285_C1,4
CACTCGAGCTGAACAA-1_V13B23-285_C1,2
CACTCGGTTAGGAGGA-1_V13B23-285_C1,4
CACTCTTCTGCTAGCC-1_V13B23-285_C1,2
CACTGTCCAAGTGAGA-1_V13B23-285_C1,4
CACTTAATCAGACGGA-1_V13B23-285_C1,2
CACTTCGCCACAGGCT-1_V13B23-285_C1,1
CACTTCGTCTTATCTC-1_V13B23-285_C1,1
CAGAACTTAGCCCTCT-1_V13B23-285_C1,5
CAGAATAACACACGGA-1_V13B23-285_C1,5
CAGAATATTCGTTATC-1_V13B23-285_C1,2
CAGACACCGATCGCTG-1_V13B23-285_C1,4
CAGACCTGTAAGTGTT-1_V13B23-285_C1,3
CAGACGAACCTGATAC-1_V13B23-285_C1,1
CAGAGACGGTCACCCA-1_V13B23-285_C1,2
CAGAGCATGAGCTTGC-1_V13B23-285_C1,6
CAGAGGCGATGCATGA-1_V13B23-285_C1,2
CAGAGTGATTTAACGT-1_V13B23-285_C1,21
CAGATACTAACATAGT-1_V13B23-285_C1,1
CAGATCATTTAAAGTC-1_V13B23-285_C1,2
CAGATCCTGGTTTGAA-1_V13B23-285_C1,1
CAGCAGCCCGTTCCTT-1_V13B23-285_C1,11
CAGCAGTCCAGACTAT-1_V13B23-285_C1,2
CAGCAGTCTGTGCTGC-1_V13B23-285_C1,1
CAGCCGGGCCCTCTAT-1_V13B23-285_C1,3
CAGCCTCCTGCAGAGG-1_V13B23-285_C1,8
CAGCCTCGATAGCGGT-1_V13B23-285_C1,1
CAGCCTCTCCTCAAGA-1_V13B23-285_C1,3
CAGCGATTCCCTTCAA-1_V13B23-285_C1,2
CAGCTCACTGAGACAT-1_V13B23-285_C1,7
CAGCTCGACAAGTTAA-1_V13B23-285_C1,1
CAGCTCGTGCTTGTGT-1_V13B23-285_C1,7
CAGCTGGCGTAACCGT-1_V13B23-285_C1,3
CAGCTTAGTAGGTAGC-1_V13B23-285_C1,2
CAGGAAGACTTTATAT-1_V13B23-285_C1,4
CAGGACAGCTGCCCTT-1_V13B23-285_C1,2
CAGGATATATCGTTGT-1_V13B23-285_C1,2
CAGGCCGTTTGGGTGT-1_V13B23-285_C1,1
CAGGCGCACGGTGGTC-1_V13B23-285_C1,3
CAGGCGCCATGCTAGG-1_V13B23-285_C1,2
CAGTAACTATTTATTG-1_V13B23-285_C1,4
CAGTAATCCCTCCCAG-1_V13B23-285_C1,4
CAGTACATTCTCTAAA-1_V13B23-285_C1,8
CAGTACCAGTTTACGT-1_V13B23-285_C1,1
CAGTAGCCCACGCGGT-1_V13B23-285_C1,4
CAGTCGAGGATGCAAT-1_V13B23-285_C1,1
CAGTCTGTATACTGGG-1_V13B23-285_C1,4
CAGTGAATAAATGACT-1_V13B23-285_C1,25
CAGTGGTTGCACATGA-1_V13B23-285_C1,22
CAGTGTCCGCAGAATG-1_V13B23-285_C1,7
CAGTGTCGGCTGGCCC-1_V13B23-285_C1,1
CAGTTCAAATTGACAC-1_V13B23-285_C1,4
CAGTTCCGCGGGTCGA-1_V13B23-285_C1,2
CATAACGGACAGTCGT-1_V13B23-285_C1,5
CATAAGAAGCTTGGCT-1_V13B23-285_C1,2
CATAAGCTCTCCGTCT-1_V13B23-285_C1,15
CATACAAAGCCGAACC-1_V13B23-285_C1,25
CATACACGGTTCCCAC-1_V13B23-285_C1,4
CATACCCGTACCCAGT-1_V13B23-285_C1,2
CATACGGCGTCTGGGC-1_V13B23-285_C1,5
CATACTATGTAATTGT-1_V13B23-285_C1,1
CATACTTAGGCAATAC-1_V13B23-285_C1,5
CATAGCCGCCCGGGAT-1_V13B23-285_C1,1
CATAGCGTTGCCCACC-1_V13B23-285_C1,1
CATAGTACATTGAGAG-1_V13B23-285_C1,9
CATAGTAGCATAGTAG-1_V13B23-285_C1,3
CATAGTCCACAAGAAC-1_V13B23-285_C1,1
CATATACTACTGATAA-1_V13B23-285_C1,8
CATATAGGTACAGTCA-1_V13B23-285_C1,2
CATATGTCAGGCTACG-1_V13B23-285_C1,3
CATATTATTTGCCCTA-1_V13B23-285_C1,7
CATCAAACTGGCGCCC-1_V13B23-285_C1,10
CATCAACACCTACTAA-1_V13B23-285_C1,3
CATCATCTACCCGGAC-1_V13B23-285_C1,14
CATCATTACCCTGAGG-1_V13B23-285_C1,2
CATCCGCAGGCCCGAA-1_V13B23-285_C1,8
CATCCTCTCAAAGATC-1_V13B23-285_C1,5
CATCGCCCGCGGCCAA-1_V13B23-285_C1,7
CATCGGACGGGTTAAT-1_V13B23-285_C1,1
CATCGTCCGGTTACTA-1_V13B23-285_C1,1
CATCTAGTGAAGGGAA-1_V13B23-285_C1,2
CATCTATCCCGTGTCT-1_V13B23-285_C1,3
CATCTGCAGGATCATT-1_V13B23-285_C1,3
CATCTTACACCACCTC-1_V13B23-285_C1,5
CATGACTTCGCTGAAT-1_V13B23-285_C1,5
CATGAGATGCACTCTC-1_V13B23-285_C1,2
CATGATGCACAATTCT-1_V13B23-285_C1,7
CATGATGGAAGTTAGC-1_V13B23-285_C1,20
CATGCCAACTCGCAAA-1_V13B23-285_C1,8
CATGCGACCAGTTTAA-1_V13B23-285_C1,12
CATGCGTTAGACAGAA-1_V13B23-285_C1,9
CATGCTGGCTCCAATT-1_V13B23-285_C1,13
CATGGATTGTCTTCCG-1_V13B23-285_C1,5
CATGGCAGGAAGATCG-1_V13B23-285_C1,7
CATGGGTATGCCTTAT-1_V13B23-285_C1,2
CATGGGTCGGGTGTGG-1_V13B23-285_C1,5
CATGGTAAGTAGCGTT-1_V13B23-285_C1,1
CATGGTCTAGATACCG-1_V13B23-285_C1,4
CATGTAAGAGACATTT-1_V13B23-285_C1,5
CATGTAGGAGCGCCAA-1_V13B23-285_C1,12
CATGTCTCATTTATGG-1_V13B23-285_C1,22
CATTACATAGATTGTG-1_V13B23-285_C1,12
CATTACGTCGGCCCGT-1_V13B23-285_C1,7
CATTATGCTTGTTGTG-1_V13B23-285_C1,1
CATTCCCATTCCGTCG-1_V13B23-285_C1,11
CATTCCCTAAGTACAA-1_V13B23-285_C1,1
CATTCGTCGTAGCGGT-1_V13B23-285_C1,2
CATTGATGAACACGCC-1_V13B23-285_C1,10
CATTGCGAAATGGGCG-1_V13B23-285_C1,4
CATTGCGGGTCAATTC-1_V13B23-285_C1,8
CATTGTGTGCTAGATC-1_V13B23-285_C1,1
CATTTAGCGGACCATG-1_V13B23-285_C1,3
CATTTCTAGCAGACTA-1_V13B23-285_C1,2
CATTTGAGTGGTACGT-1_V13B23-285_C1,1
CCAAACAGAACCCTCG-1_V13B23-285_C1,4
CCAAATAACAAGATTC-1_V13B23-285_C1,5
CCAACGATGCACTGAT-1_V13B23-285_C1,2
CCAACGCTTGCCAGGG-1_V13B23-285_C1,10
CCAACTTGATAGATCC-1_V13B23-285_C1,5
CCAAGAAAGTGGGCGA-1_V13B23-285_C1,1
CCAAGACTTCTGCGAA-1_V13B23-285_C1,7
CCAAGCGTAACTCGTA-1_V13B23-285_C1,4
CCAAGGAACAGAGAGG-1_V13B23-285_C1,14
CCAAGTTTCTACAGAT-1_V13B23-285_C1,4
CCAATAGTGCCGTCGA-1_V13B23-285_C1,2
CCAATCGGTAGATCGA-1_V13B23-285_C1,15
CCAATGTCACAGCAAG-1_V13B23-285_C1,4
CCAATTACGGGTCGAG-1_V13B23-285_C1,3
CCAATTGAATGTTAAT-1_V13B23-285_C1,4
CCACAATGTACGTCTT-1_V13B23-285_C1,4
CCACACTGAGATATTA-1_V13B23-285_C1,1
CCACAGTACCCATCCT-1_V13B23-285_C1,2
CCACATACTGCACCCA-1_V13B23-285_C1,2
CCACCAACTTTACTGT-1_V13B23-285_C1,1
CCACCCAAGGAAAGTG-1_V13B23-285_C1,5
CCACCTGTATGGAATA-1_V13B23-285_C1,1
CCACGAATTTAACCTC-1_V13B23-285_C1,2
CCACGAGAAGAGAATC-1_V13B23-285_C1,13
CCACGGAGCCATAAGA-1_V13B23-285_C1,1
CCACGGTGCCCGGTAG-1_V13B23-285_C1,2
CCACGTAAATTAGACT-1_V13B23-285_C1,1
CCACTATCCGGGTCAC-1_V13B23-285_C1,3
CCACTGGTGGCTGGTT-1_V13B23-285_C1,4
CCACTGTTTGGATTAA-1_V13B23-285_C1,2
CCAGAAAGCAACTCAT-1_V13B23-285_C1,3
CCAGAGACAAAGCCGG-1_V13B23-285_C1,4
CCAGATAGTTGAGTGA-1_V13B23-285_C1,3
CCAGATGTAAATGGGT-1_V13B23-285_C1,10
CCAGCCTGGACCAATA-1_V13B23-285_C1,4
CCAGCGGGATCACCAG-1_V13B23-285_C1,4
CCAGCTCGAACGCATT-1_V13B23-285_C1,16
CCAGCTGATGGTACTT-1_V13B23-285_C1,8
CCAGCTTCCGCCCGCA-1_V13B23-285_C1,4
CCAGGCTGGCGTCTGA-1_V13B23-285_C1,4
CCAGGGACGTGGCCTC-1_V13B23-285_C1,1
CCAGTAGTCTGATCCA-1_V13B23-285_C1,12
CCAGTCAAATCTCTTA-1_V13B23-285_C1,1
CCAGTCTAGACGGCGC-1_V13B23-285_C1,8
CCAGTCTTGTCATAGA-1_V13B23-285_C1,1
CCATAAACAACCCGAC-1_V13B23-285_C1,13
CCATACCTTTACTTGT-1_V13B23-285_C1,3
CCATAGGTTGGCGTGG-1_V13B23-285_C1,7
CCATAGTCAGTAACCC-1_V13B23-285_C1,4
CCATATGGAAACTATA-1_V13B23-285_C1,2
CCATATTGGATCATGA-1_V13B23-285_C1,21
CCATCCATACCAAGTC-1_V13B23-285_C1,14
CCATCGCAGTTAAACT-1_V13B23-285_C1,5
CCATCTCACCAGTGAA-1_V13B23-285_C1,4
CCATGCCCTAGATTTC-1_V13B23-285_C1,5
CCATGCCTGTTTAGTA-1_V13B23-285_C1,2
CCATGCTCTGCAGGAA-1_V13B23-285_C1,1
CCATGGCCCTTGTACC-1_V13B23-285_C1,16
CCATTAGCGATAATCC-1_V13B23-285_C1,1
CCATTCCCTGCCCACA-1_V13B23-285_C1,1
CCATTGTTTCCTCCAT-1_V13B23-285_C1,4
CCATTTCTACCTATTA-1_V13B23-285_C1,2
CCCAAACATGCTGCTC-1_V13B23-285_C1,1
CCCAACATACGTCGCG-1_V13B23-285_C1,3
CCCAACCACACTAACA-1_V13B23-285_C1,21
CCCAATGAGATTTGCA-1_V13B23-285_C1,1
CCCAATTTCACAACTT-1_V13B23-285_C1,4
CCCAGAGGAGGGCGTA-1_V13B23-285_C1,4
CCCAGGTCTGAAGGCT-1_V13B23-285_C1,2
CCCAGTTAAGGCGCCG-1_V13B23-285_C1,5
CCCGAAGTTTCGCGAA-1_V13B23-285_C1,3
CCCGACCATAGTCCGC-1_V13B23-285_C1,7
CCCGAGTTTCTCCGTA-1_V13B23-285_C1,5
CCCGATAGCCTCGCCT-1_V13B23-285_C1,3
CCCGCAGCGCGAACTA-1_V13B23-285_C1,2
CCCGCAGGGCCCAAAG-1_V13B23-285_C1,8
CCCGCCATGCTCCCGT-1_V13B23-285_C1,8
CCCGCGCAATGCACCC-1_V13B23-285_C1,1
CCCGGTGGAAGAACCT-1_V13B23-285_C1,4
CCCGGTGTATCGGAAT-1_V13B23-285_C1,16
CCCGTAGCTGGGAAGA-1_V13B23-285_C1,11
CCCGTCAGCGTCTGAC-1_V13B23-285_C1,1
CCCGTTTCGCAGATGT-1_V13B23-285_C1,1
CCCTATGTAGAGCAGA-1_V13B23-285_C1,11
CCCTCATTCTGGAATT-1_V13B23-285_C1,4
CCCTCCTCGCTCGTAT-1_V13B23-285_C1,2
CCCTGAAATGAGTTGA-1_V13B23-285_C1,1
CCCTGACTAACAAATT-1_V13B23-285_C1,15
CCCTGATGTAACTCGT-1_V13B23-285_C1,1
CCCTGCCCAATCCGCT-1_V13B23-285_C1,3
CCCTGCGCTACGCATA-1_V13B23-285_C1,2
CCCTGTTGGCAAAGAC-1_V13B23-285_C1,7
CCCTTTAATGGAGTTC-1_V13B23-285_C1,18
CCCTTTGACAGGTCTT-1_V13B23-285_C1,4
CCGAAAGTGGTGAGCA-1_V13B23-285_C1,1
CCGAACACTGGGCCTC-1_V13B23-285_C1,3
CCGAACCTTCCCGGCC-1_V13B23-285_C1,2
CCGAAGGGCGTACCGC-1_V13B23-285_C1,12
CCGAAGTATATTGTTC-1_V13B23-285_C1,4
CCGACAAACACATGAG-1_V13B23-285_C1,1
CCGACAAAGGGAGTGC-1_V13B23-285_C1,5
CCGACAATAGGCCGCC-1_V13B23-285_C1,2
CCGACGGGCATGAGGT-1_V13B23-285_C1,11
CCGACGTAAACACAAC-1_V13B23-285_C1,4
CCGAGAAGTCGCATAA-1_V13B23-285_C1,5
CCGAGCTGTGCTTGTC-1_V13B23-285_C1,4
CCGATATGACGTAAGG-1_V13B23-285_C1,5
CCGATCTCAACCTTAT-1_V13B23-285_C1,5
CCGATTCGAGGGACCC-1_V13B23-285_C1,4
CCGCACAAAGACCAAC-1_V13B23-285_C1,5
CCGCACACGAACGTGT-1_V13B23-285_C1,18
CCGCACGTGACCTCGG-1_V13B23-285_C1,1
CCGCATGTGGTACGAT-1_V13B23-285_C1,8
CCGCCGGTCAACACAC-1_V13B23-285_C1,13
CCGCCGTTGAGGATAA-1_V13B23-285_C1,16
CCGCCTGCGAATTGGT-1_V13B23-285_C1,4
CCGCGGAATGCGTCAC-1_V13B23-285_C1,1
CCGCGGGTACGAAGAA-1_V13B23-285_C1,1
CCGCGTAGGTAAGGGC-1_V13B23-285_C1,1
CCGCTATCAGCACCAG-1_V13B23-285_C1,2
CCGCTCTTCCGAACTA-1_V13B23-285_C1,4
CCGCTTACCTCACTCT-1_V13B23-285_C1,3
CCGCTTGCTGACATGG-1_V13B23-285_C1,4
CCGGAAGTTATCAGTC-1_V13B23-285_C1,2
CCGGAATGGTTTCAGT-1_V13B23-285_C1,2
CCGGAGCGTACTTTCT-1_V13B23-285_C1,12
CCGGAGGTCTTATGGT-1_V13B23-285_C1,11
CCGGCACGACCGTTTC-1_V13B23-285_C1,2
CCGGCGCATATTGGAT-1_V13B23-285_C1,7
CCGGGCGGTCTCGTCA-1_V13B23-285_C1,3
CCGGGCTGCTCCATAC-1_V13B23-285_C1,2
CCGGGTTCGAGGTTAC-1_V13B23-285_C1,1
CCGGTAATGGCTAGTC-1_V13B23-285_C1,5
CCGGTTTGTAATTGTG-1_V13B23-285_C1,2
CCGTAAGTTGGTCCCA-1_V13B23-285_C1,1
CCGTACCCAAGCGCCA-1_V13B23-285_C1,23
CCGTAGGAAATCCCTG-1_V13B23-285_C1,2
CCGTAGGGTTGTTTAC-1_V13B23-285_C1,1
CCGTATCTCGTCGTAG-1_V13B23-285_C1,3
CCGTATTAGCGCAGTT-1_V13B23-285_C1,4
CCGTGAGGCATTCATG-1_V13B23-285_C1,2
CCGTGCCCATGACGGC-1_V13B23-285_C1,21
CCGTGGAACGATCCAA-1_V13B23-285_C1,12
CCGTGTTAAATTCCAT-1_V13B23-285_C1,12
CCGTTACGTTAGAACA-1_V13B23-285_C1,1
CCGTTCCGAATCTCGG-1_V13B23-285_C1,1
CCTAAAGGCTGACGCT-1_V13B23-285_C1,7
CCTAAATTAACGGTTC-1_V13B23-285_C1,4
CCTAAATTGTATCCTA-1_V13B23-285_C1,2
CCTAACCCAAACAAGT-1_V13B23-285_C1,5
CCTAACTAAGGCTCTA-1_V13B23-285_C1,3
CCTACAAGTCCGGAAT-1_V13B23-285_C1,17
CCTACATTCACAGACG-1_V13B23-285_C1,3
CCTACGGCTCAGTCGA-1_V13B23-285_C1,4
CCTACTCAACACGATT-1_V13B23-285_C1,1
CCTACTGCGGCGGCCA-1_V13B23-285_C1,10
CCTACTGCTTACACTT-1_V13B23-285_C1,1
CCTAGGCGTAGCGATC-1_V13B23-285_C1,5
CCTAGGTAAAGGTAGC-1_V13B23-285_C1,12
CCTAGTTAGTCGCATG-1_V13B23-285_C1,13
CCTATAATGAGTGCCC-1_V13B23-285_C1,2
CCTATACCGTCCTGTC-1_V13B23-285_C1,1
CCTATATCGTGTCACG-1_V13B23-285_C1,12
CCTATATTTGTCCTGG-1_V13B23-285_C1,3
CCTATCTATATCGGAA-1_V13B23-285_C1,16
CCTATGAAGTGGTGCC-1_V13B23-285_C1,5
CCTATGGCTCCTAGTG-1_V13B23-285_C1,1
CCTATGGGTTACCGTC-1_V13B23-285_C1,3
CCTATGTCCACTCCAC-1_V13B23-285_C1,2
CCTCACCAATCTTGAC-1_V13B23-285_C1,1
CCTCACCTGAGGGAGC-1_V13B23-285_C1,4
CCTCACCTTAGCATCG-1_V13B23-285_C1,3
CCTCACGTCAGCTAAT-1_V13B23-285_C1,2
CCTCCCGACAATCCCT-1_V13B23-285_C1,21
CCTCCGACAATTCAAG-1_V13B23-285_C1,1
CCTCCTGTTGTGTCGT-1_V13B23-285_C1,2
CCTCGAAGTGGACGGG-1_V13B23-285_C1,9
CCTCGCCAGCAAATTA-1_V13B23-285_C1,9
CCTCGCGCGATATAGG-1_V13B23-285_C1,11
CCTCGCGCTGTGCGAT-1_V13B23-285_C1,2
CCTCGGACCGGGATAG-1_V13B23-285_C1,2
CCTCGGATGCTACCTG-1_V13B23-285_C1,2
CCTCTAATCTGCCAAG-1_V13B23-285_C1,1
CCTCTATCGATTAGCA-1_V13B23-285_C1,3
CCTCTCTCCCATCTAG-1_V13B23-285_C1,2
CCTCTGGCCTAGACGG-1_V13B23-285_C1,9
CCTCTGTACTATTCTA-1_V13B23-285_C1,8
CCTGAACGATATATTC-1_V13B23-285_C1,2
CCTGAATATTTACATA-1_V13B23-285_C1,3
CCTGACCACCGATGGT-1_V13B23-285_C1,1
CCTGCCCGTTGTCTAG-1_V13B23-285_C1,3
CCTGCGTTCTACGCTT-1_V13B23-285_C1,1
CCTGCTATTTGAGAAG-1_V13B23-285_C1,2
CCTGGAAACGTTCTGC-1_V13B23-285_C1,2
CCTGGCTAGACCCGCC-1_V13B23-285_C1,1
CCTGGTCGAATGTGGG-1_V13B23-285_C1,1
CCTGTAAGACATGATA-1_V13B23-285_C1,1
CCTGTACTCACGCCCA-1_V13B23-285_C1,2
CCTGTCACCCGGGCTC-1_V13B23-285_C1,3
CCTGTCCCTCACGTTA-1_V13B23-285_C1,5
CCTGTCGCCCGTAAAT-1_V13B23-285_C1,5
CCTGTTTGAAGACACG-1_V13B23-285_C1,2
CCTTCAGTTAAAGTGA-1_V13B23-285_C1,2
CCTTCTCAGCGTTCCT-1_V13B23-285_C1,17
CCTTCTTGATCCAGTG-1_V13B23-285_C1,7
CCTTGACCACTTTATT-1_V13B23-285_C1,2
CCTTTAAGGGAGCACT-1_V13B23-285_C1,3
CCTTTCAATGAAGAAA-1_V13B23-285_C1,4
CGAAACATAGATGGCA-1_V13B23-285_C1,7
CGAAACGCAATTCATG-1_V13B23-285_C1,1
CGAACAGTATGGGCGT-1_V13B23-285_C1,5
CGAACCCGCATGCGTC-1_V13B23-285_C1,1
CGAACGCCCAGTGCCG-1_V13B23-285_C1,13
CGAACGGCCGGACAAC-1_V13B23-285_C1,4
CGAAGCTATAAATTCA-1_V13B23-285_C1,8
CGAAGTTGCTCTGTGT-1_V13B23-285_C1,3
CGAATCTGCTCGACGC-1_V13B23-285_C1,1
CGAATGACGCATAATG-1_V13B23-285_C1,1
CGACAATTTGATCTAA-1_V13B23-285_C1,6
CGACACGCTCCGACAG-1_V13B23-285_C1,5
CGACAGTTCGCGTTAT-1_V13B23-285_C1,1
CGACATGCGATCTTCT-1_V13B23-285_C1,24
CGACCCTTAACGCCGG-1_V13B23-285_C1,1
CGACTCAGGATGTTAT-1_V13B23-285_C1,3
CGACTTTGTATAGCCT-1_V13B23-285_C1,11
CGAGACCCTAGAGTGT-1_V13B23-285_C1,15
CGAGAGATGTGAACCT-1_V13B23-285_C1,3
CGAGAGGGTAGCCGCG-1_V13B23-285_C1,2
CGAGATTTCGCTCGGG-1_V13B23-285_C1,2
CGAGCACTTCAAGTTT-1_V13B23-285_C1,2
CGAGCGTTGATCAGCC-1_V13B23-285_C1,21
CGAGCTGGGCTTTAGG-1_V13B23-285_C1,6
CGAGGAGCTTCCATAT-1_V13B23-285_C1,11
CGAGGATCGGGAACGA-1_V13B23-285_C1,8
CGAGGCCAGGCATTGG-1_V13B23-285_C1,2
CGAGGCTAAATATGGC-1_V13B23-285_C1,3
CGAGGGACTGCGGTCG-1_V13B23-285_C1,7
CGAGTACTAAAGAGGA-1_V13B23-285_C1,2
CGAGTGAAGGTACCAG-1_V13B23-285_C1,1
CGAGTTCTGTCCCACC-1_V13B23-285_C1,18
CGAGTTTATCGGACTG-1_V13B23-285_C1,22
CGATAATACTCAGGTT-1_V13B23-285_C1,2
CGATACCTCGCGGACA-1_V13B23-285_C1,2
CGATCCGACCCAGTGC-1_V13B23-285_C1,1
CGATCTGTTGGAGGAC-1_V13B23-285_C1,1
CGATGGACCCTACGCC-1_V13B23-285_C1,11
CGATTAAATATCTCCT-1_V13B23-285_C1,2
CGATTCGCCTGGCTGC-1_V13B23-285_C1,5
CGCAAACACGAGTTAC-1_V13B23-285_C1,8
CGCAATTACTTTCGGT-1_V13B23-285_C1,1
CGCAATTAGGGTAATA-1_V13B23-285_C1,1
CGCAATTCTACAATAA-1_V13B23-285_C1,1
CGCACATGTCCACTAC-1_V13B23-285_C1,5
CGCACGTGCGCTATCA-1_V13B23-285_C1,2
CGCAGATCTTCACCCG-1_V13B23-285_C1,3
CGCAGGCGATCCAAAC-1_V13B23-285_C1,5
CGCATCATGGCTTCAG-1_V13B23-285_C1,4
CGCATCCATCAGCCAG-1_V13B23-285_C1,4
CGCATGGTGCGATGCT-1_V13B23-285_C1,1
CGCATTAGCTAATAGG-1_V13B23-285_C1,4
CGCCAAGAAGCCGAGT-1_V13B23-285_C1,4
CGCCAATTATTGCGTT-1_V13B23-285_C1,4
CGCCACAGGTCGCGAT-1_V13B23-285_C1,12
CGCCATCCGATTATGA-1_V13B23-285_C1,3
CGCCCAGCACGCCTAG-1_V13B23-285_C1,1
CGCCCGCTTCCGTACA-1_V13B23-285_C1,9
CGCCCTTGAAGGCTGA-1_V13B23-285_C1,1
CGCCGCCCATGCCTGT-1_V13B23-285_C1,5
CGCCGTCTACCCATCG-1_V13B23-285_C1,6
CGCCGTTCAGCATAGT-1_V13B23-285_C1,1
CGCCTCCCTCCTCTAT-1_V13B23-285_C1,2
CGCCTGGCCTACGTAA-1_V13B23-285_C1,4
CGCCTTTAGCATGCTC-1_V13B23-285_C1,5
CGCGACACTGCGCAGC-1_V13B23-285_C1,1
CGCGACCGCGACAGAT-1_V13B23-285_C1,1
CGCGAGAGGGACTTGT-1_V13B23-285_C1,4
CGCGAGTCTGCCGGGT-1_V13B23-285_C1,1
CGCGCAAATGTCCAGA-1_V13B23-285_C1,12
CGCGCATGTTTGATTG-1_V13B23-285_C1,3
CGCGCCCGACTTAATA-1_V13B23-285_C1,7
CGCGGCAGTATTACGG-1_V13B23-285_C1,16
CGCGGCTCAACTTGAA-1_V13B23-285_C1,5
CGCGGGAATTAGGCAG-1_V13B23-285_C1,3
CGCGGTAAGTCTAGCT-1_V13B23-285_C1,3
CGCGGTACGGTATACA-1_V13B23-285_C1,1
CGCGGTCACAAACCAA-1_V13B23-285_C1,15
CGCGTTCATGAAATAC-1_V13B23-285_C1,15
CGCTACGGGACATTTA-1_V13B23-285_C1,2
CGCTAGAGACCGCTGC-1_V13B23-285_C1,5
CGCTATACCGCCCACT-1_V13B23-285_C1,14
CGCTATTCAATGTATG-1_V13B23-285_C1,1
CGCTATTCTTAGGCTC-1_V13B23-285_C1,2
CGCTCGACATAATGAT-1_V13B23-285_C1,1
CGCTCTCCGTAGATTA-1_V13B23-285_C1,1
CGCTGGTGACTACCCT-1_V13B23-285_C1,5
CGCTGTGACGCCGCAC-1_V13B23-285_C1,4
CGCTGTGTGGATGTTG-1_V13B23-285_C1,1
CGCTTATTCCCGGTCG-1_V13B23-285_C1,11
CGCTTCCACTGAAATC-1_V13B23-285_C1,8
CGCTTTCATACCGGTG-1_V13B23-285_C1,13
CGCTTTCTTGCATTCG-1_V13B23-285_C1,18
CGGAAAGAATCAAACG-1_V13B23-285_C1,16
CGGAAAGCAAATGTGC-1_V13B23-285_C1,3
CGGAACGTAAACATAG-1_V13B23-285_C1,4
CGGAGCAATTTAATCG-1_V13B23-285_C1,1
CGGAGCATGGCGATCC-1_V13B23-285_C1,8
CGGAGCTTATAACACC-1_V13B23-285_C1,15
CGGAGTTTGAGAGACA-1_V13B23-285_C1,2
CGGATAAGCGGACATG-1_V13B23-285_C1,4
CGGATCCTCAAGGACT-1_V13B23-285_C1,1
CGGCAAACATCGTGCG-1_V13B23-285_C1,4
CGGCAATAAGATCGCC-1_V13B23-285_C1,1
CGGCACCGTTAGCGCC-1_V13B23-285_C1,15
CGGCACTCAAGAAAGT-1_V13B23-285_C1,7
CGGCCACGCACAAAGT-1_V13B23-285_C1,5
CGGCCCAACCTGTAGT-1_V13B23-285_C1,12
CGGCCCAGGTATATCC-1_V13B23-285_C1,5
CGGCGCCATCAATCCC-1_V13B23-285_C1,2
CGGCTCTAAAGCTGCA-1_V13B23-285_C1,18
CGGCTCTTCGTCGAAC-1_V13B23-285_C1,10
CGGGAATATAGTATAC-1_V13B23-285_C1,5
CGGGAATTTATGTAAA-1_V13B23-285_C1,2
CGGGAGCTTCAGTGTA-1_V13B23-285_C1,5
CGGGAGTATACCGCCG-1_V13B23-285_C1,1
CGGGATCAATGTAAGA-1_V13B23-285_C1,1
CGGGCAGCTAAACCGC-1_V13B23-285_C1,1
CGGGCCATAGCCGCAC-1_V13B23-285_C1,1
CGGGCCTTCTTTGTAA-1_V13B23-285_C1,1
CGGGTGTACCCATTTA-1_V13B23-285_C1,11
CGGGTTTGTTAGGGCT-1_V13B23-285_C1,2
CGGTACTAGAATCAAA-1_V13B23-285_C1,2
CGGTAGAGGTGCAGGT-1_V13B23-285_C1,4
CGGTATAGGTATTAGC-1_V13B23-285_C1,4
CGGTCAAGTGGGAACC-1_V13B23-285_C1,3
CGGTCAGTCCATATTT-1_V13B23-285_C1,5
CGGTCCATGAGACTCC-1_V13B23-285_C1,3
CGGTCCGTCGCAAGCC-1_V13B23-285_C1,2
CGGTCTATCAACCCGT-1_V13B23-285_C1,2
CGGTGAAGACTAAAGT-1_V13B23-285_C1,1
CGGTGCAGATAGAACG-1_V13B23-285_C1,11
CGGTGCGCGTTGGTCC-1_V13B23-285_C1,1
CGGTGGGCTCCAGCCT-1_V13B23-285_C1,1
CGGTGTACTTGATCCC-1_V13B23-285_C1,4
CGGTTCAAGTAGGTGT-1_V13B23-285_C1,8
CGGTTTATGAAGGAAC-1_V13B23-285_C1,19
CGTAAACGCTTGAGTG-1_V13B23-285_C1,1
CGTAATAATTACGAGT-1_V13B23-285_C1,11
CGTACCTGATAGGCCT-1_V13B23-285_C1,4
CGTAGCGAATTGTCAG-1_V13B23-285_C1,7
CGTATTAAGAGATCTA-1_V13B23-285_C1,2
CGTATTGTTTCCTAAT-1_V13B23-285_C1,12
CGTCAAATGGTCGCAG-1_V13B23-285_C1,10
CGTCAAGGCTATAAAT-1_V13B23-285_C1,4
CGTCAATCTTTAACAT-1_V13B23-285_C1,24
CGTCACGTCCATTGGT-1_V13B23-285_C1,1
CGTCAGCTATTTACTC-1_V13B23-285_C1,18
CGTCAGTGCGCACAAG-1_V13B23-285_C1,23
CGTCATACCATATCCA-1_V13B23-285_C1,1
CGTCGCGGCGGGATTT-1_V13B23-285_C1,16
CGTCGGATAGTGTTGA-1_V13B23-285_C1,8
CGTCGGGTCTAAGCGC-1_V13B23-285_C1,3
CGTCGTCCTTCGCGAA-1_V13B23-285_C1,4
CGTCTGGAAGGGCCCG-1_V13B23-285_C1,13
CGTCTTGAGTGTGACG-1_V13B23-285_C1,1
CGTGAAGTTAATTCAC-1_V13B23-285_C1,4
CGTGACATTGGGTCGT-1_V13B23-285_C1,3
CGTGACCAGTCCTCTG-1_V13B23-285_C1,1
CGTGCAGACTGGGACA-1_V13B23-285_C1,2
CGTGCATTGTCGACGC-1_V13B23-285_C1,3
CGTGCCCTCCCGAAGA-1_V13B23-285_C1,5
CGTGCTTCTACCTAAA-1_V13B23-285_C1,1
CGTGGAAGCCTCGTAC-1_V13B23-285_C1,5
CGTGGCCGAATATCTA-1_V13B23-285_C1,2
CGTGTCCCATTCGCGA-1_V13B23-285_C1,3
CGTGTCTCGTTACGAC-1_V13B23-285_C1,2
CGTGTGTTAAACCCTG-1_V13B23-285_C1,3
CGTTAAACTAGTTAGG-1_V13B23-285_C1,18
CGTTAATGTCCCGACG-1_V13B23-285_C1,5
CGTTAGCTCACAACTG-1_V13B23-285_C1,8
CGTTCATGGTGCGCGT-1_V13B23-285_C1,3
CGTTCTTCGCACACCT-1_V13B23-285_C1,4
CGTTGAATACCGCGCT-1_V13B23-285_C1,1
CGTTGAGCGACCGTCG-1_V13B23-285_C1,2
CGTTGAGTAATTGCGT-1_V13B23-285_C1,4
CGTTGTAAACGTCAGG-1_V13B23-285_C1,2
CGTTGTAAGATTGATT-1_V13B23-285_C1,11
CGTTGTTTCAATTCCC-1_V13B23-285_C1,4
CGTTTAAGCGGAGCAC-1_V13B23-285_C1,13
CGTTTACAAGGCAGCT-1_V13B23-285_C1,10
CGTTTCACTTCGGGCG-1_V13B23-285_C1,7
CGTTTCGCTCATTACA-1_V13B23-285_C1,1
CGTTTGGTGTTGTGGG-1_V13B23-285_C1,5
CGTTTGTGTAGAGGGT-1_V13B23-285_C1,2
CTAAAGAATGCCTACT-1_V13B23-285_C1,1
CTAAAGGGAAATAGGA-1_V13B23-285_C1,2
CTAAATCCGGTGTACA-1_V13B23-285_C1,2
CTAAATCCTATTCCGG-1_V13B23-285_C1,4
CTAACCGCGCGCCCGT-1_V13B23-285_C1,1
CTAACGAAACTTGCTG-1_V13B23-285_C1,3
CTAACTGATAATCGCC-1_V13B23-285_C1,5
CTAACTGGTCCGGTTC-1_V13B23-285_C1,1
CTAAGGGAATGATTGG-1_V13B23-285_C1,2
CTAATTCGCACGCGCT-1_V13B23-285_C1,1
CTAATTCTCAGATATT-1_V13B23-285_C1,3
CTAATTTCAACAACAC-1_V13B23-285_C1,1
CTACAAGAAATAACCC-1_V13B23-285_C1,8
CTACACTCGCAGATGG-1_V13B23-285_C1,5
CTACCCTAAGGTCATA-1_V13B23-285_C1,8
CTACGACTAGCTATAA-1_V13B23-285_C1,1
CTACGCACGGAGTACC-1_V13B23-285_C1,5
CTACTATCATAGGTTT-1_V13B23-285_C1,1
CTACTATCTTTCAGAG-1_V13B23-285_C1,3
CTACTCAAGGTATAGT-1_V13B23-285_C1,1
CTACTCTAGGCCCGGC-1_V13B23-285_C1,3
CTACTGCCACCTGACC-1_V13B23-285_C1,3
CTAGACTGCATTTCGT-1_V13B23-285_C1,4
CTAGATGTGAGTGTAA-1_V13B23-285_C1,3
CTAGATTTACGACGGC-1_V13B23-285_C1,5
CTAGCATAGTATAATG-1_V13B23-285_C1,17
CTAGCCACAGGCGAGC-1_V13B23-285_C1,5
CTAGCCGATGTTATGA-1_V13B23-285_C1,3
CTAGCTTAATGGTCCC-1_V13B23-285_C1,2
CTAGGCGCCCTATCAG-1_V13B23-285_C1,2
CTAGGTCTGAAGGAAT-1_V13B23-285_C1,5
CTAGGTTCGGACGTGA-1_V13B23-285_C1,4
CTAGTAGAAAGGGATT-1_V13B23-285_C1,1
CTAGTCACGTCTTAAG-1_V13B23-285_C1,2
CTAGTGAAGGACAGGA-1_V13B23-285_C1,1
CTAGTTACAACCCGGT-1_V13B23-285_C1,2
CTAGTTGGGCCCGGTA-1_V13B23-285_C1,2
CTATAAGAGCCAATCG-1_V13B23-285_C1,4
CTATAGGCGTTGATGT-1_V13B23-285_C1,1
CTATCGACGAAATACA-1_V13B23-285_C1,2
CTATCGCGTAGAGAAC-1_V13B23-285_C1,5
CTATCGGGTCTCAACA-1_V13B23-285_C1,10
CTATGCCCGAATGCAA-1_V13B23-285_C1,1
CTATGGGAAGCGGAAT-1_V13B23-285_C1,5
CTATGTCACTAGCCCA-1_V13B23-285_C1,1
CTATGTCTATTGAAAC-1_V13B23-285_C1,21
CTATGTGAGTCACGGC-1_V13B23-285_C1,3
CTATTCATGTGTCCCA-1_V13B23-285_C1,1
CTATTGTGTTTGGTCA-1_V13B23-285_C1,3
CTATTTGGTTACGGAT-1_V13B23-285_C1,1
CTCAACTAACCCGGAT-1_V13B23-285_C1,2
CTCAAGACATTAGCGC-1_V13B23-285_C1,8
CTCACACGCAAGCCTA-1_V13B23-285_C1,10
CTCACATTTACTAAAT-1_V13B23-285_C1,2
CTCACTGTGATACTTA-1_V13B23-285_C1,2
CTCACTTGGCTGGTAA-1_V13B23-285_C1,2
CTCAGGACTCACCTGT-1_V13B23-285_C1,1
CTCAGTCACGACAAAT-1_V13B23-285_C1,8
CTCATCACTTAGTGAT-1_V13B23-285_C1,3
CTCATGGCTCACAATC-1_V13B23-285_C1,13
CTCATGGTAATTTGCG-1_V13B23-285_C1,2
CTCATTAACGTTGCCC-1_V13B23-285_C1,3
CTCATTGCTCTAACAA-1_V13B23-285_C1,1
CTCATTTGATGGGCGG-1_V13B23-285_C1,2
CTCCCAATGAGTCGCG-1_V13B23-285_C1,5
CTCCCTCCTTTCGATC-1_V13B23-285_C1,12
CTCCGCCCACATGAGG-1_V13B23-285_C1,3
CTCCGGCCTAATATGC-1_V13B23-285_C1,1
CTCCGGCTTGTAGACA-1_V13B23-285_C1,7
CTCCTAAGTTATGTCT-1_V13B23-285_C1,24
CTCCTCCAGCTCACAC-1_V13B23-285_C1,1
CTCCTGTTCAAGGCAG-1_V13B23-285_C1,2
CTCCTTTACGCAAGTC-1_V13B23-285_C1,4
CTCGAGATCCAAAGCA-1_V13B23-285_C1,24
CTCGAGGTCGAACAGT-1_V13B23-285_C1,4
CTCGATATTTGCGAGC-1_V13B23-285_C1,3
CTCGCACCTATATAGT-1_V13B23-285_C1,7
CTCGCCGAATGTAGGG-1_V13B23-285_C1,2
CTCGGGATAACACCTA-1_V13B23-285_C1,1
CTCGGGTTCTCTGGCC-1_V13B23-285_C1,3
CTCGGTACCACTGCTC-1_V13B23-285_C1,5
CTCGGTCCGTAGCCTG-1_V13B23-285_C1,7
CTCGGTTGTCGGCCCT-1_V13B23-285_C1,3
CTCGTCGAGGGCTCAT-1_V13B23-285_C1,1
CTCGTTTCTAATGTTT-1_V13B23-285_C1,4
CTCTAATGCATTGATC-1_V13B23-285_C1,4
CTCTACACTGGCGATT-1_V13B23-285_C1,3
CTCTATTTGGCTGCAG-1_V13B23-285_C1,2
CTCTCACAATCGATGA-1_V13B23-285_C1,1
CTCTCGCTGTACTATG-1_V13B23-285_C1,1
CTCTCTAACTGCCTAG-1_V13B23-285_C1,3
CTCTGCGAAGCAAGCA-1_V13B23-285_C1,14
CTCTGGACGCCTGGTG-1_V13B23-285_C1,4
CTCTGTTTGAGGATTC-1_V13B23-285_C1,9
CTCTTCTATTGACTGG-1_V13B23-285_C1,5
CTCTTCTGGAAGTTAG-1_V13B23-285_C1,12
CTCTTGTCCCGCTTGG-1_V13B23-285_C1,5
CTGAAAGAGATCCGAC-1_V13B23-285_C1,6
CTGAATCCGAGACCTC-1_V13B23-285_C1,4
CTGAATTTATTGCCAG-1_V13B23-285_C1,11
CTGACATAGAAATAGA-1_V13B23-285_C1,2
CTGACTGCGCAGCTCG-1_V13B23-285_C1,3
CTGAGAAAGTTCGGCG-1_V13B23-285_C1,5
CTGAGCAAGTAACAAG-1_V13B23-285_C1,7
CTGAGCGAGACTTATT-1_V13B23-285_C1,10
CTGATAGTGTATCTCA-1_V13B23-285_C1,1
CTGCAAGCACGTTCCG-1_V13B23-285_C1,2
CTGCACAACTACATAT-1_V13B23-285_C1,5
CTGCACCTAGTCCACA-1_V13B23-285_C1,3
CTGCACCTGGAACCGC-1_V13B23-285_C1,13
CTGCACTCCAGTACAG-1_V13B23-285_C1,2
CTGCAGAGAATCAGAG-1_V13B23-285_C1,2
CTGCCAAGGTTGGAAG-1_V13B23-285_C1,8
CTGCCATGCATCACAT-1_V13B23-285_C1,1
CTGCCCACGAAGCGTT-1_V13B23-285_C1,4
CTGCCTAGCCACCAAG-1_V13B23-285_C1,21
CTGCCTCATATGCAAC-1_V13B23-285_C1,3
CTGCCTTTCTAGTAAA-1_V13B23-285_C1,2
CTGCGGGTGAAATGTT-1_V13B23-285_C1,1
CTGCGGTAGTCACGTG-1_V13B23-285_C1,15
CTGCGTTACGATATAA-1_V13B23-285_C1,1
CTGCTGAGGCCACGAA-1_V13B23-285_C1,11
CTGCTGTCTAACGAGC-1_V13B23-285_C1,5
CTGCTTGGCGATAGCT-1_V13B23-285_C1,4
CTGCTTTATGTCCGCG-1_V13B23-285_C1,3
CTGGAAATGGATGCTT-1_V13B23-285_C1,1
CTGGAAGACACGGTGG-1_V13B23-285_C1,2
CTGGACGCAGTCCGGC-1_V13B23-285_C1,2
CTGGATTTACACTTGA-1_V13B23-285_C1,2
CTGGCATCCGAATGAG-1_V13B23-285_C1,3
CTGGCGACATAAGTCC-1_V13B23-285_C1,4
CTGGCGCACAGGTCTG-1_V13B23-285_C1,2
CTGGCGGGAATAAGTA-1_V13B23-285_C1,2
CTGGCTGATTCATCCT-1_V13B23-285_C1,16
CTGGCTGGTTGTCAGT-1_V13B23-285_C1,3
CTGGGATAAATAATGG-1_V13B23-285_C1,5
CTGGGATACGCTACCC-1_V13B23-285_C1,2
CTGGGCCTGCTATATC-1_V13B23-285_C1,1
CTGGGTAGGCAGTTAA-1_V13B23-285_C1,5
CTGGTAAAGTGTGGGC-1_V13B23-285_C1,2
CTGGTAACACATAGAA-1_V13B23-285_C1,5
CTGGTAACGAGCTCTT-1_V13B23-285_C1,3
CTGGTCATTCCAATCC-1_V13B23-285_C1,4
CTGGTTCGCGAGCTAC-1_V13B23-285_C1,5
CTGGTTTCGAGCAAGA-1_V13B23-285_C1,5
CTGTACTTCTTAGCAT-1_V13B23-285_C1,1
CTGTAGCCATCTCACT-1_V13B23-285_C1,11
CTGTATGGTGTAGAAA-1_V13B23-285_C1,7
CTGTCAAATGGCTCGG-1_V13B23-285_C1,11
CTGTCACGCCAGGCGC-1_V13B23-285_C1,10
CTGTGCAGGGTAGGTC-1_V13B23-285_C1,2
CTGTGGTCGGGAGATA-1_V13B23-285_C1,1
CTGTTACCCAATCTAG-1_V13B23-285_C1,2
CTGTTCACTGCCTGTG-1_V13B23-285_C1,4
CTGTTCATCTCACGGG-1_V13B23-285_C1,1
CTTAAATAAGACCCAT-1_V13B23-285_C1,1
CTTAACTTCGAAGTAC-1_V13B23-285_C1,14
CTTACACGGTATTCCA-1_V13B23-285_C1,3
CTTACACTGGGAAATA-1_V13B23-285_C1,4
CTTAGCCCGGATAGTG-1_V13B23-285_C1,1
CTTAGCCTTCCACATG-1_V13B23-285_C1,1
CTTAGTAGGCCTACAG-1_V13B23-285_C1,3
CTTAGTGTAGTAGCAT-1_V13B23-285_C1,4
CTTATAGATGGCTGTT-1_V13B23-285_C1,3
CTTATGCGCTCAGGGC-1_V13B23-285_C1,3
CTTATGTTGACTACCA-1_V13B23-285_C1,16
CTTCAACTCCACTTGG-1_V13B23-285_C1,2
CTTCAGTGGTCGCCTA-1_V13B23-285_C1,3
CTTCATAGCTCAAGAA-1_V13B23-285_C1,4
CTTCATTGTCAGTGGA-1_V13B23-285_C1,5
CTTCCGCTCCGTGAAG-1_V13B23-285_C1,1
CTTCGGCCAATTGTTT-1_V13B23-285_C1,5
CTTCGTAGATAGGTGA-1_V13B23-285_C1,1
CTTCTATGTTGAAGTA-1_V13B23-285_C1,3
CTTCTATTAATGCTAG-1_V13B23-285_C1,3
CTTCTTACGTCGTATA-1_V13B23-285_C1,9
CTTGACCCGAAAGATA-1_V13B23-285_C1,23
CTTGAGGTTATCCCGA-1_V13B23-285_C1,1
CTTGAGTTAGGGTAAT-1_V13B23-285_C1,2
CTTGCAACCGCCTCCT-1_V13B23-285_C1,3
CTTGCCCAGGCTCTAC-1_V13B23-285_C1,1
CTTGGCCAAGCTGGGA-1_V13B23-285_C1,1
CTTGTACTTGTTGACT-1_V13B23-285_C1,4
CTTGTCAACATTCGAG-1_V13B23-285_C1,2
CTTGTGCTCACCGATT-1_V13B23-285_C1,3
CTTGTTGCTGAGTCAA-1_V13B23-285_C1,2
CTTGTTTATGTAGCCA-1_V13B23-285_C1,1
CTTTAACTTTCAAAGG-1_V13B23-285_C1,7
CTTTAATATTGGTCGA-1_V13B23-285_C1,2
CTTTACCGAATAGTAG-1_V13B23-285_C1,2
CTTTAGGAACACTGTT-1_V13B23-285_C1,2
CTTTAGTGCTATTATT-1_V13B23-285_C1,2
CTTTCTGTGCGGGCTT-1_V13B23-285_C1,1
CTTTGCATCGCTCTTG-1_V13B23-285_C1,1
CTTTGCTGTCATGGAT-1_V13B23-285_C1,5
CTTTGGCGCTTTATAC-1_V13B23-285_C1,1
CTTTGGCTTTAGTAAA-1_V13B23-285_C1,1
CTTTGGGATTGTTGCA-1_V13B23-285_C1,1
GAAACAGATGACCACC-1_V13B23-285_C1,5
GAAACAGCCATGCAGT-1_V13B23-285_C1,13
GAAACATAGGAAACAG-1_V13B23-285_C1,1
GAAACCATGGTGCGCT-1_V13B23-285_C1,3
GAAACCGAATTACCTT-1_V13B23-285_C1,2
GAAACCTATACAAATG-1_V13B23-285_C1,16
GAAACTCGTGCGATGC-1_V13B23-285_C1,2
GAAACTCTAATGAAGG-1_V13B23-285_C1,13
GAAAGAACAGCGTTAT-1_V13B23-285_C1,6
GAAAGCAGTGCACTTT-1_V13B23-285_C1,13
GAAAGCCCTTTGGACC-1_V13B23-285_C1,1
GAAAGTGACTAACTGC-1_V13B23-285_C1,4
GAAATACTAAACGTTT-1_V13B23-285_C1,16
GAAATATCACCATCAG-1_V13B23-285_C1,2
GAAATATGCTTGAATG-1_V13B23-285_C1,1
GAAATCGCGCGCAACT-1_V13B23-285_C1,6
GAAATGGCGGTGTTAG-1_V13B23-285_C1,1
GAAATGGGATGTAAAC-1_V13B23-285_C1,15
GAAATTAGCACGGATA-1_V13B23-285_C1,4
GAAATTCACATCGCTG-1_V13B23-285_C1,14
GAAATTGTCTCTATAA-1_V13B23-285_C1,1
GAACACACATCAACCA-1_V13B23-285_C1,1
GAACAGATTACTAAAT-1_V13B23-285_C1,2
GAACATTAGTATGTTA-1_V13B23-285_C1,26
GAACCCTCTGTGTTCT-1_V13B23-285_C1,5
GAACCTCGACCTACAC-1_V13B23-285_C1,12
GAACCTTTAACGATCC-1_V13B23-285_C1,4
GAACGACCGAATGATA-1_V13B23-285_C1,7
GAACGATAAGTTAAAG-1_V13B23-285_C1,10
GAACGCGGGTCACACG-1_V13B23-285_C1,5
GAACGTCTCATGGTCG-1_V13B23-285_C1,1
GAACGTTAGGAAGACG-1_V13B23-285_C1,2
GAACTTGTGCACGGGA-1_V13B23-285_C1,8
GAAGAAACGATATTGT-1_V13B23-285_C1,16
GAAGAACGGTGCAGGT-1_V13B23-285_C1,7
GAAGCCTGCACATTCC-1_V13B23-285_C1,3
GAAGCGTGAGGAATTT-1_V13B23-285_C1,5
GAAGCTCTTTGCTTAG-1_V13B23-285_C1,4
GAAGCTTGCTGACCGC-1_V13B23-285_C1,1
GAAGGCTACCATTGTT-1_V13B23-285_C1,3
GAAGTCAGTTGCACTA-1_V13B23-285_C1,1
GAAGTCTCCCTAGCGA-1_V13B23-285_C1,5
GAAGTGATTTATCGTG-1_V13B23-285_C1,3
GAAGTGCTGGATAGCT-1_V13B23-285_C1,13
GAAGTTTCCACTCAAT-1_V13B23-285_C1,4
GAATAGACGCGACCCA-1_V13B23-285_C1,5
GAATAGCATTTAGGGT-1_V13B23-285_C1,6
GAATAGCCCTGCGGTC-1_V13B23-285_C1,1
GAATAGTGCTCGATTA-1_V13B23-285_C1,6
GAATATTCGGAGTCCC-1_V13B23-285_C1,7
GAATCGACATGGTCAC-1_V13B23-285_C1,2
GAATCTGAACATTCTC-1_V13B23-285_C1,2
GAATGAAGGTCTTCAG-1_V13B23-285_C1,4
GAATGCCGAAATGACC-1_V13B23-285_C1,1
GAATGCGAATCGGTTC-1_V13B23-285_C1,2
GAATGTATGGCAGGTC-1_V13B23-285_C1,8
GAATGTGGTCCGGATT-1_V13B23-285_C1,2
GAATGTTGGGTAATCT-1_V13B23-285_C1,7
GAATTATAGTGAAAGG-1_V13B23-285_C1,19
GAATTCACCCGGGTGT-1_V13B23-285_C1,8
GAATTTCTCGCTGCAG-1_V13B23-285_C1,1
GACAAACATATGCAGG-1_V13B23-285_C1,5
GACAACGACCATTGAA-1_V13B23-285_C1,6
GACAACGCAGCTTACG-1_V13B23-285_C1,4
GACAAGAGATGAGATT-1_V13B23-285_C1,5
GACACAAGGGAAGAAA-1_V13B23-285_C1,3
GACACGAGTTAGAGGA-1_V13B23-285_C1,1
GACACTGAGTTCAGTG-1_V13B23-285_C1,2
GACACTGGAACCCGAT-1_V13B23-285_C1,18
GACAGATTTCTGGCTC-1_V13B23-285_C1,4
GACAGCCAGACCTGAC-1_V13B23-285_C1,2
GACAGGCACACACTAT-1_V13B23-285_C1,1
GACATACTGTCGCAGA-1_V13B23-285_C1,18
GACATCGATTTATAAC-1_V13B23-285_C1,1
GACCAAACGTTGACTG-1_V13B23-285_C1,2
GACCAGAGCCCTGTAG-1_V13B23-285_C1,4
GACCCAATTATGATAC-1_V13B23-285_C1,1
GACCCGTCGCCGGCTA-1_V13B23-285_C1,23
GACCGACGTGAAAGCA-1_V13B23-285_C1,5
GACCGACTGAAGCGTC-1_V13B23-285_C1,6
GACCGCGTCTGACGTG-1_V13B23-285_C1,1
GACCGTCAGGTCGTGA-1_V13B23-285_C1,9
GACCGTGCTGACGGTG-1_V13B23-285_C1,1
GACGACGATCCGCGTT-1_V13B23-285_C1,1
GACGAGGCTAATAAAC-1_V13B23-285_C1,5
GACGCCGTAAAGGCTA-1_V13B23-285_C1,4
GACGCTTGCTTCTAAA-1_V13B23-285_C1,8
GACGGGTTGGCCCGTA-1_V13B23-285_C1,1
GACGGTCAATAGAAGC-1_V13B23-285_C1,12
GACGGTCCTAGGGTGT-1_V13B23-285_C1,5
GACGTGTAGGGATTAT-1_V13B23-285_C1,1
GACGTTCGTAAATACA-1_V13B23-285_C1,3
GACTAACACAGCACCT-1_V13B23-285_C1,10
GACTAAGATCATGCAC-1_V13B23-285_C1,7
GACTAAGTAGGCTCAC-1_V13B23-285_C1,2
GACTACAAAGCGGTGG-1_V13B23-285_C1,7
GACTCACCCACGTGAG-1_V13B23-285_C1,5
GACTCCCAGAATAAGG-1_V13B23-285_C1,4
GACTCCTTCCAATTGA-1_V13B23-285_C1,3
GACTCGCGGGAATGAC-1_V13B23-285_C1,18
GACTGCAAATCGAGCT-1_V13B23-285_C1,2
GACTGCACCAGCCCAG-1_V13B23-285_C1,5
GACTGCGGCACGTGTA-1_V13B23-285_C1,2
GAGACCCTGCAACGCC-1_V13B23-285_C1,10
GAGACTGATGGGTAGA-1_V13B23-285_C1,3
GAGACTTCGCGACCGA-1_V13B23-285_C1,1
GAGAGCGCAGTCCCTG-1_V13B23-285_C1,1
GAGAGGGCGCGAGGTT-1_V13B23-285_C1,2
GAGAGGTGCATTCTGG-1_V13B23-285_C1,4
GAGATCTGCTTGGCAT-1_V13B23-285_C1,1
GAGATCTGTCACTCCG-1_V13B23-285_C1,3
GAGATCTTCCATGACA-1_V13B23-285_C1,5
GAGATGACAATCCTTA-1_V13B23-285_C1,3
GAGATGGGAGTCGACA-1_V13B23-285_C1,2
GAGCACCTGTGTCCAG-1_V13B23-285_C1,5
GAGCACGGCGCCTCTT-1_V13B23-285_C1,5
GAGCATCATCCCTGGG-1_V13B23-285_C1,23
GAGCCAGCTACCTGTG-1_V13B23-285_C1,2
GAGCCGAGCGTTTATT-1_V13B23-285_C1,4
GAGCGAGGGAGTACCG-1_V13B23-285_C1,9
GAGCGCAAATACTCCG-1_V13B23-285_C1,2
GAGCGCGCACGAGTAG-1_V13B23-285_C1,5
GAGCGCTGTTAGGTAA-1_V13B23-285_C1,1
GAGCTAAGGGCATATC-1_V13B23-285_C1,1
GAGCTCTCGGACCTAA-1_V13B23-285_C1,7
GAGCTGTCGTCTCGGA-1_V13B23-285_C1,4
GAGGAATGGAGAGGTT-1_V13B23-285_C1,1
GAGGAGATCCTCATGC-1_V13B23-285_C1,15
GAGGATAAACAGTGCT-1_V13B23-285_C1,2
GAGGCATTTGCAGCAG-1_V13B23-285_C1,10
GAGGCCCGACTCCGCA-1_V13B23-285_C1,10
GAGGCCTGTTGATACA-1_V13B23-285_C1,5
GAGGCTATCAAAGTCG-1_V13B23-285_C1,4
GAGGGCCATAATATTA-1_V13B23-285_C1,10
GAGGGCGCAGCTCTGC-1_V13B23-285_C1,8
GAGGTACATCCATCTT-1_V13B23-285_C1,13
GAGGTCCCAAAGATCT-1_V13B23-285_C1,1
GAGTAAACCGGAAAGT-1_V13B23-285_C1,5
GAGTAAGGCCACGGGA-1_V13B23-285_C1,18
GAGTACGGGTATACAA-1_V13B23-285_C1,7
GAGTAGATACTAGTTG-1_V13B23-285_C1,1
GAGTATCAAAGTTACA-1_V13B23-285_C1,5
GAGTATGCCCGCCTTG-1_V13B23-285_C1,1
GAGTATGCGCGTGCAT-1_V13B23-285_C1,2
GAGTCAGACCAGAATC-1_V13B23-285_C1,11
GAGTCCGCTTACCGGA-1_V13B23-285_C1,2
GAGTCGACAGACCCTC-1_V13B23-285_C1,1
GAGTGTCAACCAGAAA-1_V13B23-285_C1,1
GAGTGTGCGGTACCCA-1_V13B23-285_C1,1
GAGTTGATGGCAATTT-1_V13B23-285_C1,1
GATAAATCGGTGGATG-1_V13B23-285_C1,7
GATAACTCGCACTGTG-1_V13B23-285_C1,2
GATACCGTGTCGGAGT-1_V13B23-285_C1,2
GATACGATGGGAGTCA-1_V13B23-285_C1,3
GATAGGATTAATTACA-1_V13B23-285_C1,1
GATAGGTAACGTTGAC-1_V13B23-285_C1,1
GATAGGTGTCCCGGGC-1_V13B23-285_C1,3
GATATCTCATGCAATA-1_V13B23-285_C1,13
GATATGAGACACTAAC-1_V13B23-285_C1,5
GATATGCGGTAGCCAA-1_V13B23-285_C1,11
GATATGGATTACGCGG-1_V13B23-285_C1,1
GATATTGAGATTGGCG-1_V13B23-285_C1,3
GATATTTCCTACATGG-1_V13B23-285_C1,4
GATCAACATAAAGGGA-1_V13B23-285_C1,1
GATCATTCCAAACATT-1_V13B23-285_C1,8
GATCCCTTTATACTGC-1_V13B23-285_C1,1
GATCCGAATATAAGTG-1_V13B23-285_C1,1
GATCCGGGAATTAACA-1_V13B23-285_C1,2
GATCCTAAATCGGGAC-1_V13B23-285_C1,11
GATCCTCGACACTGGC-1_V13B23-285_C1,3
GATCGACACTATCTGA-1_V13B23-285_C1,1
GATCGCGGGCTCTCCA-1_V13B23-285_C1,4
GATCGCTACCCGATTT-1_V13B23-285_C1,5
GATCGCTATATCTCAG-1_V13B23-285_C1,1
GATCGGATAGAACCAT-1_V13B23-285_C1,4
GATCGGCGATAAGTCG-1_V13B23-285_C1,4
GATCGGTGGCCATAAC-1_V13B23-285_C1,3
GATCGTGACTGATATC-1_V13B23-285_C1,5
GATCTCGACGCTGTGG-1_V13B23-285_C1,5
GATCTGCTATCTAAGG-1_V13B23-285_C1,18
GATCTTCATTGTCCTC-1_V13B23-285_C1,4
GATCTTGGAGGGCATA-1_V13B23-285_C1,5
GATCTTTGCAGGGTAT-1_V13B23-285_C1,3
GATGACAAGTAGGGCA-1_V13B23-285_C1,1
GATGACGATGATCGCG-1_V13B23-285_C1,3
GATGCCAGCAGAAGGC-1_V13B23-285_C1,1
GATGCCTTCTGCGGCA-1_V13B23-285_C1,3
GATGCGAATGGTATTA-1_V13B23-285_C1,1
GATGCGTCCTGCATTC-1_V13B23-285_C1,5
GATGCTACAAGCGCCT-1_V13B23-285_C1,7
GATGCTGTATTTCATC-1_V13B23-285_C1,2
GATGGCGCACACATTA-1_V13B23-285_C1,1
GATGGTGCCCTAGGCA-1_V13B23-285_C1,15
GATGTAACGAACCACC-1_V13B23-285_C1,3
GATGTCGGTCAACTGC-1_V13B23-285_C1,21
GATGTTCAATCCACGA-1_V13B23-285_C1,1
GATGTTTGTGCGAGAT-1_V13B23-285_C1,1
GATTAACCGAAAGCCC-1_V13B23-285_C1,2
GATTACTGAATTTGGG-1_V13B23-285_C1,1
GATTCCCTTGTCGCAG-1_V13B23-285_C1,1
GATTCCGCGTTTCCGT-1_V13B23-285_C1,14
GATTCCTATACGGCGC-1_V13B23-285_C1,1
GATTCGACGGTTCACG-1_V13B23-285_C1,5
GCAAACCCTACATTAT-1_V13B23-285_C1,2
GCAAACCTTGGCCATA-1_V13B23-285_C1,2
GCAAACGTCGCCAGGT-1_V13B23-285_C1,5
GCAAATATTACGCTTT-1_V13B23-285_C1,2
GCAACACACTAGAACT-1_V13B23-285_C1,8
GCAACAGCAGTATGCG-1_V13B23-285_C1,2
GCAACCACCAGACCGG-1_V13B23-285_C1,1
GCAACCACGGCCGCGT-1_V13B23-285_C1,1
GCAACGGCTAGTTATG-1_V13B23-285_C1,5
GCAAGAATTCCTTGGC-1_V13B23-285_C1,12
GCAAGATGTGTTCGCG-1_V13B23-285_C1,10
GCAAGTGCACAGAGAA-1_V13B23-285_C1,4
GCAATTAGTCGCACCG-1_V13B23-285_C1,10
GCACAAACGAGGCGTG-1_V13B23-285_C1,5
GCACAACCTCGGGCGT-1_V13B23-285_C1,3
GCACAAGTGGATCATA-1_V13B23-285_C1,3
GCACAAGTGTCGGAAG-1_V13B23-285_C1,21
GCACACACTGGTAGCC-1_V13B23-285_C1,4
GCACACGCCCATGGTC-1_V13B23-285_C1,1
GCACGCCTACTTAGAT-1_V13B23-285_C1,1
GCACTAGTCGCGCTAT-1_V13B23-285_C1,14
GCAGAAGGTAATCTCC-1_V13B23-285_C1,2
GCAGACCCAGCACGTA-1_V13B23-285_C1,6
GCAGATCCATAAGACT-1_V13B23-285_C1,2
GCAGATCCTCGCAAAT-1_V13B23-285_C1,4
GCAGATTAGGGATATC-1_V13B23-285_C1,5
GCAGCACACAGCCCAG-1_V13B23-285_C1,3
GCAGCCTATATCACAT-1_V13B23-285_C1,1
GCAGCTATGGACAGGT-1_V13B23-285_C1,10
GCAGGAACTTAGATCT-1_V13B23-285_C1,1
GCAGGACTATAGAATA-1_V13B23-285_C1,2
GCAGGTAGAGTATGGT-1_V13B23-285_C1,3
GCAGTGCGGGCGGATG-1_V13B23-285_C1,5
GCAGTGTGGCTATAGG-1_V13B23-285_C1,2
GCAGTTCGATCCGAGC-1_V13B23-285_C1,5
GCATACGAGGTCTTTA-1_V13B23-285_C1,15
GCATAGAGCACTCAGG-1_V13B23-285_C1,5
GCATCCCTAACTTTGA-1_V13B23-285_C1,1
GCATCGGCCGTGTAGG-1_V13B23-285_C1,2
GCATGAGGGACGCGGC-1_V13B23-285_C1,3
GCATTCAAGGCAACGC-1_V13B23-285_C1,4
GCATTCGAAATGAACA-1_V13B23-285_C1,1
GCATTGTAATTCATAT-1_V13B23-285_C1,2
GCATTTCCAAGGCTCC-1_V13B23-285_C1,4
GCCAACCATTTCCGGA-1_V13B23-285_C1,11
GCCAAGAATACTTCTG-1_V13B23-285_C1,3
GCCAATAGGGCATCTC-1_V13B23-285_C1,8
GCCACAATTTAAGGAC-1_V13B23-285_C1,3
GCCACCCATTCCACTT-1_V13B23-285_C1,17
GCCACTCAGAGCGCGA-1_V13B23-285_C1,2
GCCACTCCTTACGGTA-1_V13B23-285_C1,2
GCCAGGAGTAACCGAT-1_V13B23-285_C1,1
GCCAGGCGTTCGCATG-1_V13B23-285_C1,15
GCCAGGCTTAGTGGTA-1_V13B23-285_C1,1
GCCATATTGCACACAG-1_V13B23-285_C1,4
GCCATCGAGCTGCGTG-1_V13B23-285_C1,4
GCCATCGATGCTGCAT-1_V13B23-285_C1,11
GCCATTAGCCTCAAAC-1_V13B23-285_C1,3
GCCCAGATGCTGGAGA-1_V13B23-285_C1,1
GCCCAGTTGGTATGCC-1_V13B23-285_C1,1
GCCCGACTTCTTCCCG-1_V13B23-285_C1,11
GCCCGATCTGTGGTCG-1_V13B23-285_C1,2
GCCCGCGCGTAAACGG-1_V13B23-285_C1,1
GCCCGCGCGTTTGACA-1_V13B23-285_C1,16
GCCCGTAATACCTTCT-1_V13B23-285_C1,1
GCCCTAGCCGTCGCGA-1_V13B23-285_C1,2
GCCGAAATTCCTACGT-1_V13B23-285_C1,1
GCCGACCCACGACTGC-1_V13B23-285_C1,1
GCCGATTGGCCAAGCT-1_V13B23-285_C1,2
GCCGCACTCCGTTTCA-1_V13B23-285_C1,5
GCCGCATTAGTCCGGC-1_V13B23-285_C1,2
GCCGCTTGTGAGAAAC-1_V13B23-285_C1,1
GCCGGGTTAGGGTCGC-1_V13B23-285_C1,4
GCCGTGGAAGAAATGT-1_V13B23-285_C1,2
GCCTAGCGATCTGACC-1_V13B23-285_C1,4
GCCTATAGTGTCAGGG-1_V13B23-285_C1,12
GCCTATCAGGTAAGAT-1_V13B23-285_C1,5
GCCTATGCTGGGCCTT-1_V13B23-285_C1,1
GCCTATTCCGATATAG-1_V13B23-285_C1,1
GCCTCATCTGGAAATA-1_V13B23-285_C1,5
GCCTCCGACAATTCAC-1_V13B23-285_C1,2
GCCTCTATACATAGCA-1_V13B23-285_C1,4
GCCTTCAGCCCTACCG-1_V13B23-285_C1,14
GCCTTGTATATGCAGT-1_V13B23-285_C1,1
GCGAAACGATCGGGAG-1_V13B23-285_C1,2
GCGAAACTTAACTGGA-1_V13B23-285_C1,2
GCGAAGCCATACCCGT-1_V13B23-285_C1,4
GCGACATGTAAACATC-1_V13B23-285_C1,5
GCGACCCAACCATCTG-1_V13B23-285_C1,22
GCGACGATAGTTGTAC-1_V13B23-285_C1,1
GCGAGAAACGGGAGTT-1_V13B23-285_C1,4
GCGAGAGGCCATGTAA-1_V13B23-285_C1,11
GCGAGAGTTGCGTCCA-1_V13B23-285_C1,12
GCGAGCGCATGCTCCC-1_V13B23-285_C1,2
GCGAGGCCCGAGCAGA-1_V13B23-285_C1,7
GCGAGTTCTGCAAAGA-1_V13B23-285_C1,1
GCGATTCTGGAAGCAG-1_V13B23-285_C1,21
GCGATTGTTAACGTTA-1_V13B23-285_C1,2
GCGCAAATATATTCAA-1_V13B23-285_C1,3
GCGCAAGAGCGCGCTG-1_V13B23-285_C1,20
GCGCATCCAGTCAGCA-1_V13B23-285_C1,12
GCGCCGTTCCACGATA-1_V13B23-285_C1,2
GCGCCTCCCACTCCGA-1_V13B23-285_C1,5
GCGCGTCATTGGTACA-1_V13B23-285_C1,5
GCGCTAATTGAATAGA-1_V13B23-285_C1,17
GCGCTATGCCGAGGCA-1_V13B23-285_C1,1
GCGCTCGATCACCTGT-1_V13B23-285_C1,5
GCGCTGATCCAGACTC-1_V13B23-285_C1,3
GCGCTGCTTTGCATTT-1_V13B23-285_C1,3
GCGCTTAAATAATTGG-1_V13B23-285_C1,2
GCGGACCGCGTTGTGG-1_V13B23-285_C1,4
GCGGAGAAACTTCGCA-1_V13B23-285_C1,1
GCGGAGAGGGAGAACG-1_V13B23-285_C1,2
GCGGCAAAGTATTGCC-1_V13B23-285_C1,1
GCGGCTCTGACGTACC-1_V13B23-285_C1,3
GCGGGAACCAGGCCCT-1_V13B23-285_C1,4
GCGGGCATTACGATGC-1_V13B23-285_C1,12
GCGGGCGAGCCTTACC-1_V13B23-285_C1,4
GCGGTCCCGGTGAAGG-1_V13B23-285_C1,10
GCGGTCCCTAGACGCA-1_V13B23-285_C1,14
GCGGTGAACTGCGCTC-1_V13B23-285_C1,3
GCGGTGCGGAGCATCG-1_V13B23-285_C1,1
GCGGTTCCCTATCATG-1_V13B23-285_C1,1
GCGTAAATGGCCATAA-1_V13B23-285_C1,2
GCGTCGAAATGTCGGT-1_V13B23-285_C1,7
GCGTCGCCAGGGTGAT-1_V13B23-285_C1,1
GCGTCTAACCTCCTAA-1_V13B23-285_C1,4
GCGTCTCTGCATTGGG-1_V13B23-285_C1,1
GCGTGGTACTGGGTTA-1_V13B23-285_C1,5
GCGTTATATTTGGAAC-1_V13B23-285_C1,1
GCGTTCGGAGACCGGG-1_V13B23-285_C1,8
GCGTTCTGACTAAGCG-1_V13B23-285_C1,5
GCTAAACCTGAGGTGA-1_V13B23-285_C1,1
GCTAACTGAAGTCTGA-1_V13B23-285_C1,6
GCTAAGTAAAGGCGAT-1_V13B23-285_C1,1
GCTAAGTAGTTTCTCT-1_V13B23-285_C1,4
GCTAATACCGAATGCC-1_V13B23-285_C1,4
GCTACAGTACGGACCG-1_V13B23-285_C1,1
GCTACGACTTATTGGG-1_V13B23-285_C1,2
GCTACTATAGTAGAGT-1_V13B23-285_C1,2
GCTAGACCGTCTACTG-1_V13B23-285_C1,5
GCTAGAGTAGAGATGT-1_V13B23-285_C1,1
GCTAGCACCTGGGCCA-1_V13B23-285_C1,1
GCTAGCAGGGAGTGGG-1_V13B23-285_C1,4
GCTAGCTTGAATAGCT-1_V13B23-285_C1,1
GCTAGGCACCACGGAG-1_V13B23-285_C1,5
GCTAGTAGAGCTTGTA-1_V13B23-285_C1,2
GCTAGTTTCATTGAGG-1_V13B23-285_C1,8
GCTATACGTCTCGGAC-1_V13B23-285_C1,5
GCTATCATACTCATGG-1_V13B23-285_C1,16
GCTATCGCGGCGCAAC-1_V13B23-285_C1,1
GCTCAACCTCTTAGAG-1_V13B23-285_C1,2
GCTCAATCCGTTTATT-1_V13B23-285_C1,1
GCTCAATGTAATACCG-1_V13B23-285_C1,3
GCTCATTACTGCATGT-1_V13B23-285_C1,4
GCTCCATGAGTGCAGA-1_V13B23-285_C1,5
GCTCCCAGTCGGTCCA-1_V13B23-285_C1,5
GCTCCGCTCGCTTCAG-1_V13B23-285_C1,5
GCTCCTGACATACTGG-1_V13B23-285_C1,3
GCTCGCGGTTCCGCTC-1_V13B23-285_C1,1
GCTCGCTCATGTCCAA-1_V13B23-285_C1,4
GCTCGGAATTTAAAGC-1_V13B23-285_C1,4
GCTCTAAACCCTGACG-1_V13B23-285_C1,7
GCTCTATGTTACGTGC-1_V13B23-285_C1,1
GCTCTCGGGTACCGAA-1_V13B23-285_C1,1
GCTGAACTCTCCAGGG-1_V13B23-285_C1,2
GCTGAATCTTCCAATC-1_V13B23-285_C1,3
GCTGAGCAACGGTTCT-1_V13B23-285_C1,3
GCTGAGGCGTGAGTAT-1_V13B23-285_C1,2
GCTGCACGGTTTCTTA-1_V13B23-285_C1,22
GCTGCTAAGTAGTCGA-1_V13B23-285_C1,11
GCTGCTACTGCGTAGC-1_V13B23-285_C1,4
GCTGCTCTCCGGACAC-1_V13B23-285_C1,15
GCTGGACCCAAAGTGG-1_V13B23-285_C1,1
GCTGGCATATTCACCT-1_V13B23-285_C1,18
GCTGGCGGCGCATGCT-1_V13B23-285_C1,18
GCTGGTTTAGGCCATA-1_V13B23-285_C1,3
GCTGTATTACTGGCCC-1_V13B23-285_C1,12
GCTGTTGCTACCGAAC-1_V13B23-285_C1,2
GCTTAATGTAACTAAC-1_V13B23-285_C1,5
GCTTACGTAGTTAGTA-1_V13B23-285_C1,5
GCTTATGAAGCAGGAA-1_V13B23-285_C1,5
GCTTCCGTCCCTAGAC-1_V13B23-285_C1,3
GCTTGATGATAATCAG-1_V13B23-285_C1,1
GCTTGCAGCACAATTG-1_V13B23-285_C1,3
GCTTGGATCGATTAGG-1_V13B23-285_C1,3
GCTTTCAGAGGAGGTG-1_V13B23-285_C1,11
GGAAACCTTGTTGAAT-1_V13B23-285_C1,3
GGAAACTAAATGGGCC-1_V13B23-285_C1,2
GGAAAGTGCCCATGCC-1_V13B23-285_C1,3
GGAACCCGAACAAGAA-1_V13B23-285_C1,4
GGAACCGTGTAAATTG-1_V13B23-285_C1,1
GGAACCTTGACTCTGC-1_V13B23-285_C1,3
GGAACGGCCTGCAGCC-1_V13B23-285_C1,4
GGAACTTTGGCGATTA-1_V13B23-285_C1,2
GGAAGCTCGCTTACAG-1_V13B23-285_C1,8
GGAATGCGCTAGCGTG-1_V13B23-285_C1,3
GGACAAGTTGCAGTGA-1_V13B23-285_C1,2
GGACACAAGTTTACAC-1_V13B23-285_C1,5
GGACCAACAGGATAAC-1_V13B23-285_C1,2
GGACCTACGGTAACGT-1_V13B23-285_C1,4
GGACCTCTAGGCCGCC-1_V13B23-285_C1,3
GGACGTCCATAGTTGG-1_V13B23-285_C1,10
GGACTCACAAATTAGG-1_V13B23-285_C1,5
GGACTCGAAGCTTTCA-1_V13B23-285_C1,2
GGACTCTTCCGGTTGA-1_V13B23-285_C1,4
GGAGAAGTCATTGGCA-1_V13B23-285_C1,3
GGAGACCAATGTGCTT-1_V13B23-285_C1,3
GGAGACCATCTACATA-1_V13B23-285_C1,4
GGAGACGACACCTTTG-1_V13B23-285_C1,5
GGAGCAACATTTCAAG-1_V13B23-285_C1,5
GGAGCACCAAGAACTA-1_V13B23-285_C1,1
GGAGGATTGAAAGGAG-1_V13B23-285_C1,24
GGAGGCCGAAGTCGTC-1_V13B23-285_C1,2
GGAGGGCTTGGTTGGC-1_V13B23-285_C1,3
GGAGGGTCAAGTAAGA-1_V13B23-285_C1,2
GGAGTGCCGCCCTGGA-1_V13B23-285_C1,16
GGATCATCCCGTACGC-1_V13B23-285_C1,4
GGATCCGGAATATACT-1_V13B23-285_C1,1
GGATCTTGACTCAACC-1_V13B23-285_C1,4
GGATGAAGATCGCTGA-1_V13B23-285_C1,5
GGATGACGCGAGTTTA-1_V13B23-285_C1,2
GGATGCTGGCGTTCCT-1_V13B23-285_C1,4
GGATGTCCTTACCGCA-1_V13B23-285_C1,5
GGATTCAGTACGGTGG-1_V13B23-285_C1,1
GGATTCCGCTATACCC-1_V13B23-285_C1,4
GGATTGCTGTGACTCC-1_V13B23-285_C1,2
GGATTTCACTTCTATA-1_V13B23-285_C1,11
GGCAAAGGCGCCAATA-1_V13B23-285_C1,3
GGCAAATTACTTTACT-1_V13B23-285_C1,4
GGCAAGCCAGGGATAG-1_V13B23-285_C1,10
GGCAAGGCGAAATAGC-1_V13B23-285_C1,2
GGCAATAGTCAATGAG-1_V13B23-285_C1,1
GGCACTCAGCCGACCC-1_V13B23-285_C1,2
GGCACTCCACTGGGCA-1_V13B23-285_C1,1
GGCAGCAAACCTATGC-1_V13B23-285_C1,2
GGCAGCGGTAATCCTA-1_V13B23-285_C1,4
GGCATACAGGTAGCGG-1_V13B23-285_C1,1
GGCATATCGGTTCTGC-1_V13B23-285_C1,4
GGCCCAGTTATCAGCA-1_V13B23-285_C1,10
GGCCCGGAGCATGTCT-1_V13B23-285_C1,2
GGCCCGTATACCATGC-1_V13B23-285_C1,3
GGCCCTCACCCACTTA-1_V13B23-285_C1,11
GGCCGAGACTCTGGTG-1_V13B23-285_C1,1
GGCCGTTTGGGTTTCA-1_V13B23-285_C1,3
GGCCTGCTTCTCCCGA-1_V13B23-285_C1,2
GGCCTTTGCAACTGGC-1_V13B23-285_C1,8
GGCGAAATCTAACTTG-1_V13B23-285_C1,5
GGCGCAGGACATCTTC-1_V13B23-285_C1,7
GGCGCATGAATTGATG-1_V13B23-285_C1,1
GGCGCGGAGATCTTTC-1_V13B23-285_C1,2
GGCGCGTTCGAGTTTA-1_V13B23-285_C1,2
GGCGCTCCTCATCAAT-1_V13B23-285_C1,4
GGCGGAGTAATATTAG-1_V13B23-285_C1,1
GGCGGGCTCTAAGAGT-1_V13B23-285_C1,5
GGCGGTAGGATCATTG-1_V13B23-285_C1,2
GGCGGTTTGCCGGTGC-1_V13B23-285_C1,1
GGCGTCCTATCCGCTG-1_V13B23-285_C1,3
GGCTAAAGGGCGGGTC-1_V13B23-285_C1,15
GGCTAATGATTGAAAT-1_V13B23-285_C1,19
GGCTATTAAGTTGTAT-1_V13B23-285_C1,3
GGCTCCTCCACCTGTT-1_V13B23-285_C1,2
GGCTCGCGTTGAGGTA-1_V13B23-285_C1,11
GGCTCGTGCCACCAGC-1_V13B23-285_C1,4
GGCTCTGCTCCAACGC-1_V13B23-285_C1,1
GGCTGAAATAGCAAAG-1_V13B23-285_C1,5
GGCTGAGCATCGTAAG-1_V13B23-285_C1,10
GGCTGGCAGCTTTATG-1_V13B23-285_C1,15
GGCTTTCAATAAGGGT-1_V13B23-285_C1,4
GGGAACGGGAGGTTAG-1_V13B23-285_C1,1
GGGAAGGGCTTTCTCA-1_V13B23-285_C1,2
GGGAATGAGCCCTCAC-1_V13B23-285_C1,4
GGGACAGAGTTACTCC-1_V13B23-285_C1,12
GGGACCCGTATATCTT-1_V13B23-285_C1,1
GGGACTGCATAGATAG-1_V13B23-285_C1,1
GGGAGAACTCACAGTA-1_V13B23-285_C1,4
GGGAGGATGCCCGAAA-1_V13B23-285_C1,1
GGGAGTTAATGAGGCG-1_V13B23-285_C1,4
GGGATACGGTAATAAT-1_V13B23-285_C1,11
GGGATCCCAATACAAA-1_V13B23-285_C1,10
GGGATGGTCGTAACCG-1_V13B23-285_C1,1
GGGATTTACCGCACCT-1_V13B23-285_C1,5
GGGCAACCGCACGTGC-1_V13B23-285_C1,16
GGGCAGAGCAATCGTT-1_V13B23-285_C1,16
GGGCCCGTCTTAAACA-1_V13B23-285_C1,2
GGGCCCTACGAAAGGG-1_V13B23-285_C1,3
GGGCCGGCCGAAGTAC-1_V13B23-285_C1,2
GGGCCTAAATGGGCTA-1_V13B23-285_C1,11
GGGCCTATTTAAGTAT-1_V13B23-285_C1,10
GGGCGAATTTCTCCAC-1_V13B23-285_C1,11
GGGCGATATGTGTGAA-1_V13B23-285_C1,11
GGGCGCAGCGTTACTC-1_V13B23-285_C1,3
GGGCGGCAAATGAATT-1_V13B23-285_C1,2
GGGCGGGTTCCCTACG-1_V13B23-285_C1,3
GGGCGGTCCTATTGTC-1_V13B23-285_C1,4
GGGCGTACATTTATAT-1_V13B23-285_C1,4
GGGCGTCACCACGTAA-1_V13B23-285_C1,1
GGGCGTCCACTGGCTC-1_V13B23-285_C1,16
GGGCGTGGTTTCCCAG-1_V13B23-285_C1,2
GGGCTATGATCGATGG-1_V13B23-285_C1,1
GGGCTCATCGAACCCA-1_V13B23-285_C1,12
GGGCTGCCTAGGGCGA-1_V13B23-285_C1,1
GGGCTGGTTAGTCGCG-1_V13B23-285_C1,1
GGGTACCCACGGTCCT-1_V13B23-285_C1,1
GGGTACTTCATGAACT-1_V13B23-285_C1,2
GGGTATGTATGCACTT-1_V13B23-285_C1,1
GGGTATTCTAGCAAAC-1_V13B23-285_C1,4
GGGTCACCGTGACGGT-1_V13B23-285_C1,1
GGGTCATGCGTACCAT-1_V13B23-285_C1,1
GGGTCGTGGCAAGTGT-1_V13B23-285_C1,3
GGGTGACACCTTAACT-1_V13B23-285_C1,1
GGGTGCATATGAAAGC-1_V13B23-285_C1,11
GGGTGGTCCAGCCTGT-1_V13B23-285_C1,21
GGGTGTTTCAGCTATG-1_V13B23-285_C1,13
GGGTTAACATTTGAGT-1_V13B23-285_C1,5
GGGTTCAGACGAACAA-1_V13B23-285_C1,4
GGGTTTAGGATAGGAT-1_V13B23-285_C1,5
GGTAAATGTGCGTTAC-1_V13B23-285_C1,9
GGTAACCGGGAGGATA-1_V13B23-285_C1,2
GGTAACTATGTATCTG-1_V13B23-285_C1,24
GGTACAAACATGCTAT-1_V13B23-285_C1,2
GGTACACCAGATTTAT-1_V13B23-285_C1,3
GGTACATCTGGGACGA-1_V13B23-285_C1,4
GGTACCATTAAGACGG-1_V13B23-285_C1,3
GGTACTAAGTGCTTTG-1_V13B23-285_C1,5
GGTAGAAGACCGCCTG-1_V13B23-285_C1,5
GGTAGACCGTTGGGCG-1_V13B23-285_C1,1
GGTAGTGCTCGCACCA-1_V13B23-285_C1,2
GGTATTGCCGAGTTTA-1_V13B23-285_C1,2
GGTCAAGACTACTTCG-1_V13B23-285_C1,5
GGTCAGTGGGTCCCAC-1_V13B23-285_C1,2
GGTCATTGTAGTCATA-1_V13B23-285_C1,19
GGTCCTTCATACGACT-1_V13B23-285_C1,1
GGTCGGATAAACGGCG-1_V13B23-285_C1,10
GGTCGGCCAGGAGCTT-1_V13B23-285_C1,18
GGTCGGTCGTCCACAG-1_V13B23-285_C1,2
GGTCGTAAGCTCGCAC-1_V13B23-285_C1,3
GGTCTCCAAGTAGTGC-1_V13B23-285_C1,2
GGTCTCCGTCCAGGTT-1_V13B23-285_C1,2
GGTCTCTGAATGGACT-1_V13B23-285_C1,1
GGTCTGAGAATCTGGA-1_V13B23-285_C1,3
GGTGAAGTACAGGGAT-1_V13B23-285_C1,3
GGTGAGATGCAGATAA-1_V13B23-285_C1,15
GGTGATAAGGAGCAGT-1_V13B23-285_C1,4
GGTGCAGAGCCTATCG-1_V13B23-285_C1,4
GGTGCGGATAAGTGGC-1_V13B23-285_C1,6
GGTGCTGATCACAAAG-1_V13B23-285_C1,4
GGTGCTGGTACACATT-1_V13B23-285_C1,2
GGTGGACCACGTGTTA-1_V13B23-285_C1,17
GGTGGACTGCTCTGGC-1_V13B23-285_C1,2
GGTGGAGGTTGATACG-1_V13B23-285_C1,5
GGTGTTGGGCGTCTTA-1_V13B23-285_C1,5
GGTTACCACCCTCGGG-1_V13B23-285_C1,3
GGTTACCCGACACTTT-1_V13B23-285_C1,4
GGTTAGCTATATGTCT-1_V13B23-285_C1,2
GGTTAGGCTTGGAGAA-1_V13B23-285_C1,1
GGTTAGTTACGGCGCC-1_V13B23-285_C1,4
GGTTCGGATTATACTA-1_V13B23-285_C1,15
GGTTCTACTCGTCTGA-1_V13B23-285_C1,5
GGTTGTGCTCTTGTCC-1_V13B23-285_C1,1
GGTTGTGTAGCCTGGC-1_V13B23-285_C1,2
GGTTTAATTGAGCAGG-1_V13B23-285_C1,3
GGTTTACAATCTCAAT-1_V13B23-285_C1,7
GGTTTAGCCTTTCTTG-1_V13B23-285_C1,5
GGTTTCAATCGGTCAG-1_V13B23-285_C1,3
GGTTTGACAAGAAGCT-1_V13B23-285_C1,10
GGTTTGAGTGCTGGAA-1_V13B23-285_C1,23
GGTTTGTGACCTGAGG-1_V13B23-285_C1,5
GTAACATCTAAGATAA-1_V13B23-285_C1,5
GTAAGCGGGCAGTCAG-1_V13B23-285_C1,15
GTAAGGATTTGTCGGA-1_V13B23-285_C1,21
GTAAGTAACAGTCTGG-1_V13B23-285_C1,5
GTAAGTAGGGTATACC-1_V13B23-285_C1,1
GTAAGTCCACACTCTA-1_V13B23-285_C1,5
GTAATAAAGGGCTCCC-1_V13B23-285_C1,8
GTAATCTGATTCTTCG-1_V13B23-285_C1,2
GTACACTTACCTGAAG-1_V13B23-285_C1,1
GTACAGAGGCAAGGGT-1_V13B23-285_C1,2
GTACGACGGCGCTGCG-1_V13B23-285_C1,8
GTACGAGATTGCGACA-1_V13B23-285_C1,16
GTACGCTTCATTGCAC-1_V13B23-285_C1,2
GTACGTCACGTATTAA-1_V13B23-285_C1,19
GTACGTTTGCCCGTCA-1_V13B23-285_C1,4
GTACTAAGATTTGGAG-1_V13B23-285_C1,1
GTACTCCCTTATCGCT-1_V13B23-285_C1,1
GTACTCCTGGGTATGC-1_V13B23-285_C1,11
GTACTGAGGTCGTAAC-1_V13B23-285_C1,23
GTACTGGAGTTAGACC-1_V13B23-285_C1,11
GTACTTGGGCACTTCT-1_V13B23-285_C1,1
GTAGAAACGGGTGGAG-1_V13B23-285_C1,1
GTAGACACGCCTGACT-1_V13B23-285_C1,2
GTAGACGTCGTTACAT-1_V13B23-285_C1,21
GTAGAGGGAGACAAGT-1_V13B23-285_C1,10
GTAGCCAAACATGGGA-1_V13B23-285_C1,2
GTAGCGGCTATACACT-1_V13B23-285_C1,2
GTAGCTTCCTCTTGTT-1_V13B23-285_C1,3
GTAGGTGATCCGTGTA-1_V13B23-285_C1,9
GTAGTCGCGGGAATCA-1_V13B23-285_C1,2
GTAGTCTACGATATTG-1_V13B23-285_C1,2
GTATAATCTCCCGGAT-1_V13B23-285_C1,7
GTATAGGACTCAGTAG-1_V13B23-285_C1,1
GTATCAAACGTTAGCT-1_V13B23-285_C1,2
GTATCAGCTTGGGTTC-1_V13B23-285_C1,1
GTATCTCAGTCTTGAC-1_V13B23-285_C1,3
GTATCTTTCATAACCA-1_V13B23-285_C1,2
GTATGAAATTTCACTC-1_V13B23-285_C1,3
GTATGTGGGTCTAGTT-1_V13B23-285_C1,2
GTATTAAGGCGTCTAA-1_V13B23-285_C1,1
GTATTCTGAGAAACGA-1_V13B23-285_C1,3
GTATTTAATGGCATAA-1_V13B23-285_C1,2
GTCAAAGAAGTGGTGT-1_V13B23-285_C1,2
GTCAAAGTTTACATAG-1_V13B23-285_C1,10
GTCAAGCGGACTCGGG-1_V13B23-285_C1,2
GTCAATGCTATAATTT-1_V13B23-285_C1,4
GTCACAAAGTTTCCAA-1_V13B23-285_C1,24
GTCACTCTCCAAATCT-1_V13B23-285_C1,2
GTCAGAATAGTCTATG-1_V13B23-285_C1,2
GTCAGACAGCGTTGGA-1_V13B23-285_C1,4
GTCAGTTGTGCTCGTT-1_V13B23-285_C1,21
GTCAGTTTGGTAGTCG-1_V13B23-285_C1,1
GTCATCTCCTACAGCT-1_V13B23-285_C1,7
GTCATGCACCTCCGTT-1_V13B23-285_C1,16
GTCATGGACATGACTA-1_V13B23-285_C1,4
GTCATTAGAGCGAACG-1_V13B23-285_C1,4
GTCATTGCATTGACCC-1_V13B23-285_C1,1
GTCCATTACTGCTACG-1_V13B23-285_C1,3
GTCCCAACGTAAAGTA-1_V13B23-285_C1,22
GTCCCGCGACGTTATG-1_V13B23-285_C1,5
GTCCGAGAGCAATCAT-1_V13B23-285_C1,3
GTCCGGACCTGAAATT-1_V13B23-285_C1,8
GTCCGGCTGAATTGCG-1_V13B23-285_C1,4
GTCCTACAGGCGGCTC-1_V13B23-285_C1,4
GTCCTACGAATAGTCT-1_V13B23-285_C1,2
GTCCTATTGTTGTGGT-1_V13B23-285_C1,1
GTCCTTCTACAACCCA-1_V13B23-285_C1,1
GTCCTTCTAGTGGGTT-1_V13B23-285_C1,4
GTCCTTTAATGACTTC-1_V13B23-285_C1,17
GTCGATAGGTGACTTT-1_V13B23-285_C1,5
GTCGCCGTTGTGTGTT-1_V13B23-285_C1,3
GTCGCGTAACCCGTTG-1_V13B23-285_C1,5
GTCGGAAGGATACCAG-1_V13B23-285_C1,10
GTCGGATATCTCAGAC-1_V13B23-285_C1,3
GTCGGATGTAGCGCGC-1_V13B23-285_C1,9
GTCGGGAAGCAGAAAC-1_V13B23-285_C1,1
GTCGTACCATCTCGGG-1_V13B23-285_C1,1
GTCGTATTGGCGTACA-1_V13B23-285_C1,3
GTCGTCTGGTTGGCTA-1_V13B23-285_C1,3
GTCGTTATTCGCTTAT-1_V13B23-285_C1,8
GTCTACTCAATTACAA-1_V13B23-285_C1,4
GTCTATCTGAGTTTCT-1_V13B23-285_C1,2
GTCTATTGGTTCCGGT-1_V13B23-285_C1,5
GTCTCAAGGCCCGGCT-1_V13B23-285_C1,2
GTCTCCTGCCAGTATG-1_V13B23-285_C1,3
GTCTCGACTAAGTTTG-1_V13B23-285_C1,1
GTCTCGATCTGCTTTC-1_V13B23-285_C1,1
GTCTGGGCGGTCGAGA-1_V13B23-285_C1,4
GTCTTAGTACAGCCGG-1_V13B23-285_C1,7
GTCTTGAGGAGCAGTG-1_V13B23-285_C1,2
GTCTTGTAGCTATTCA-1_V13B23-285_C1,3
GTGAAACGGCGCCACC-1_V13B23-285_C1,3
GTGAACTCCCATTCGA-1_V13B23-285_C1,3
GTGAAGATTTCAAGTG-1_V13B23-285_C1,1
GTGAAGCCGTATAGTC-1_V13B23-285_C1,3
GTGACCGCACACTACG-1_V13B23-285_C1,2
GTGACCTAAAGAATAA-1_V13B23-285_C1,4
GTGACTTCAGTAGTGC-1_V13B23-285_C1,2
GTGAGCGTGCTGCACT-1_V13B23-285_C1,6
GTGAGGACACTTAAGG-1_V13B23-285_C1,2
GTGAGGAGCGGTTGAG-1_V13B23-285_C1,3
GTGAGTCTAAGACGGA-1_V13B23-285_C1,1
GTGAGTGGTACAACGC-1_V13B23-285_C1,4
GTGATCACTAACGCCT-1_V13B23-285_C1,18
GTGATCATAGATCTGC-1_V13B23-285_C1,4
GTGATCCTTGTCATGA-1_V13B23-285_C1,2
GTGATGCACAACATCT-1_V13B23-285_C1,8
GTGATTCGCCGCTCAA-1_V13B23-285_C1,3
GTGCAACAAATGTGGC-1_V13B23-285_C1,7
GTGCACGAAAGTGACT-1_V13B23-285_C1,13
GTGCAGCGTAGAGTAG-1_V13B23-285_C1,20
GTGCCATCACACGGTG-1_V13B23-285_C1,1
GTGCCCGTTCGGATTC-1_V13B23-285_C1,5
GTGCCGCTTCAAAGGT-1_V13B23-285_C1,1
GTGCCTAGCTATGCTT-1_V13B23-285_C1,1
GTGCCTCAGTGTACGG-1_V13B23-285_C1,4
GTGCGAAATCGAACAC-1_V13B23-285_C1,3
GTGCGACAGGGAGTGT-1_V13B23-285_C1,2
GTGCGGGTCTCCAAAT-1_V13B23-285_C1,16
GTGCGTGTATATGAGC-1_V13B23-285_C1,20
GTGCTCAAGTACTGTC-1_V13B23-285_C1,1
GTGCTGCAGATAAGGA-1_V13B23-285_C1,4
GTGCTTACATCAGCGC-1_V13B23-285_C1,2
GTGGAACCTACATGCG-1_V13B23-285_C1,7
GTGGACCAACCCGATT-1_V13B23-285_C1,4
GTGGACGCATTTGTCC-1_V13B23-285_C1,1
GTGGACGTGCTGAGAC-1_V13B23-285_C1,2
GTGGAGCATGTCGGCC-1_V13B23-285_C1,11
GTGGAGCGTTTACCGA-1_V13B23-285_C1,16
GTGGAGTCGGCGGTTG-1_V13B23-285_C1,1
GTGGCAAACAGCGGCA-1_V13B23-285_C1,1
GTGGCGGTCCCAGCGT-1_V13B23-285_C1,1
GTGGGAAGACTGAATC-1_V13B23-285_C1,3
GTGGGCTTAGACACAC-1_V13B23-285_C1,1
GTGGTATAGTCTGCCG-1_V13B23-285_C1,3
GTGGTGATGGTTTGTG-1_V13B23-285_C1,2
GTGGTGGCCAAGTGAA-1_V13B23-285_C1,2
GTGGTTACTTCTTTCG-1_V13B23-285_C1,11
GTGGTTTCCGCCTTTC-1_V13B23-285_C1,1
GTGTACCTTGGCTACG-1_V13B23-285_C1,9
GTGTACGAACCGTTCC-1_V13B23-285_C1,5
GTGTATATCAGCGGGC-1_V13B23-285_C1,2
GTGTCGTATAGCGTTC-1_V13B23-285_C1,5
GTGTGAATAACTTAGG-1_V13B23-285_C1,22
GTGTTACTATGCGTCC-1_V13B23-285_C1,2
GTTAAAGTAGGACTGG-1_V13B23-285_C1,2
GTTAACATCACTTAAA-1_V13B23-285_C1,2
GTTAACTATGTTGTCA-1_V13B23-285_C1,2
GTTAAGGGTGCGATGT-1_V13B23-285_C1,1
GTTAAGTTAGAGTGGG-1_V13B23-285_C1,1
GTTAATGTCTATCTTA-1_V13B23-285_C1,1
GTTACAATTGGTGACG-1_V13B23-285_C1,1
GTTACCTACAACTTGC-1_V13B23-285_C1,2
GTTACTTTGGGCCTAG-1_V13B23-285_C1,1
GTTAGAGTGTGCCGCT-1_V13B23-285_C1,17
GTTAGCCGTAAATCAA-1_V13B23-285_C1,3
GTTAGGCTACCCGTTT-1_V13B23-285_C1,3
GTTATAATACGGTGAA-1_V13B23-285_C1,5
GTTATATCAGGAGCCA-1_V13B23-285_C1,11
GTTATATTATCTCCCT-1_V13B23-285_C1,2
GTTATTAACGTGGGAG-1_V13B23-285_C1,4
GTTCACAGGAGTCTAG-1_V13B23-285_C1,3
GTTCATCGTTTGGCTG-1_V13B23-285_C1,3
GTTCCAGTCTGACCAT-1_V13B23-285_C1,8
GTTCCCGTAAACATAT-1_V13B23-285_C1,2
GTTCGCCATAAGTGCC-1_V13B23-285_C1,1
GTTCGCTGAGACGTCT-1_V13B23-285_C1,5
GTTCGGATCGGGAACA-1_V13B23-285_C1,1
GTTCGGGCGTACCATT-1_V13B23-285_C1,3
GTTCGTCTAAAGAACT-1_V13B23-285_C1,2
GTTCGTCTGGGTCCCT-1_V13B23-285_C1,4
GTTCTTCCCTCGATGT-1_V13B23-285_C1,19
GTTGAACCGGTTCCAT-1_V13B23-285_C1,1
GTTGAGTCCCGCCGGT-1_V13B23-285_C1,4
GTTGCACGGAGTTTCG-1_V13B23-285_C1,1
GTTGCAGTCGACAACA-1_V13B23-285_C1,2
GTTGCGCTAACATTAC-1_V13B23-285_C1,2
GTTGCGGACGGTCAGG-1_V13B23-285_C1,2
GTTGGACCGCATCAGG-1_V13B23-285_C1,10
GTTGGATTCAGTGGCT-1_V13B23-285_C1,8
GTTGGATTGAGAACAC-1_V13B23-285_C1,2
GTTGGATTTGCGTTGG-1_V13B23-285_C1,2
GTTGGTCATGCTATCC-1_V13B23-285_C1,2
GTTGTCGTGTTAGTTG-1_V13B23-285_C1,7
GTTGTTGCAAGATGGC-1_V13B23-285_C1,2
GTTTACGTTCCATCTG-1_V13B23-285_C1,2
GTTTATGGGATTTAGA-1_V13B23-285_C1,3
GTTTCAAACGAGTTGT-1_V13B23-285_C1,5
GTTTCCTGGAGGGTGA-1_V13B23-285_C1,4
GTTTCTGCAGTCTCCC-1_V13B23-285_C1,5
GTTTGACCAAATCCTA-1_V13B23-285_C1,1
GTTTGGCCCAAGTTAT-1_V13B23-285_C1,5
GTTTGGCCGCTCAGCG-1_V13B23-285_C1,23
GTTTGGGCTTGTGAGC-1_V13B23-285_C1,8
GTTTGGTAGGGTCAAC-1_V13B23-285_C1,4
TAAACCCAGGAGGGCA-1_V13B23-285_C1,1
TAAACGTCGTCAATGA-1_V13B23-285_C1,4
TAAAGACAACCCTTTA-1_V13B23-285_C1,4
TAAAGCGGTATTTCCA-1_V13B23-285_C1,2
TAAAGCGTTAGGAGAA-1_V13B23-285_C1,3
TAAAGCTGCAATAGGG-1_V13B23-285_C1,4
TAAATCTTTACACCTC-1_V13B23-285_C1,3
TAAATGAATCCGTTTC-1_V13B23-285_C1,4
TAAATGCCGTCTCATG-1_V13B23-285_C1,4
TAAATGGGCTACTGAG-1_V13B23-285_C1,5
TAACAAAGGGAGAAGC-1_V13B23-285_C1,22
TAACAATATTTGTTGC-1_V13B23-285_C1,4
TAACATACAATGTGGG-1_V13B23-285_C1,2
TAACATACACGCGATC-1_V13B23-285_C1,11
TAACCTACCGTCCGAG-1_V13B23-285_C1,1
TAACCTAGGGAGTCCA-1_V13B23-285_C1,2
TAACGCTTTGAGAGCG-1_V13B23-285_C1,1
TAACTATCGAAGGTCC-1_V13B23-285_C1,1
TAACTATTACGCCAAA-1_V13B23-285_C1,17
TAACTCATCCGCGCGG-1_V13B23-285_C1,2
TAACTCCATGGAGGCT-1_V13B23-285_C1,1
TAAGCAGGCGACACGC-1_V13B23-285_C1,1
TAAGCCCTTACGACCA-1_V13B23-285_C1,8
TAAGGAACTTGTGGGA-1_V13B23-285_C1,1
TAAGGCAACATAAGAT-1_V13B23-285_C1,3
TAAGGCATAACATCAA-1_V13B23-285_C1,4
TAAGGCCCGTCACCCT-1_V13B23-285_C1,2
TAAGGCTGAATCCCTC-1_V13B23-285_C1,2
TAAGGGCCTGTCCGAT-1_V13B23-285_C1,2
TAAGGGCTGGGAGAGG-1_V13B23-285_C1,1
TAAGTAACATCTTGAC-1_V13B23-285_C1,3
TAAGTCGCCGAGTATC-1_V13B23-285_C1,1
TAAGTTGCGACGTAGG-1_V13B23-285_C1,2
TAATAAACAAGGAGAT-1_V13B23-285_C1,3
TAATACACAGTAGTAT-1_V13B23-285_C1,7
TAATAGAACAGAGTTA-1_V13B23-285_C1,12
TAATAGCTAAATGATG-1_V13B23-285_C1,10
TAATAGGTCACCAGAA-1_V13B23-285_C1,2
TAATAGTGACGACCAG-1_V13B23-285_C1,3
TAATATTGAAATTCGC-1_V13B23-285_C1,7
TAATCAACCAAATGGG-1_V13B23-285_C1,18
TAATCGATCCGTACGT-1_V13B23-285_C1,3
TAATGAAAGACCCTTG-1_V13B23-285_C1,1
TAATTACGTCAGTAGA-1_V13B23-285_C1,2
TAATTAGGACATCCGT-1_V13B23-285_C1,1
TAATTGGAATCGGGAA-1_V13B23-285_C1,4
TACAACGCACAACTCA-1_V13B23-285_C1,5
TACAAGTCTCGTGCAT-1_V13B23-285_C1,1
TACACCGTCGTTAGTC-1_V13B23-285_C1,12
TACAGAAACGGTGGGC-1_V13B23-285_C1,2
TACATAGGCATACACC-1_V13B23-285_C1,1
TACATCCCTATCCCTG-1_V13B23-285_C1,12
TACATGACCTTATCCG-1_V13B23-285_C1,4
TACATGCCGGAATTGT-1_V13B23-285_C1,2
TACATTTCTAACGTGC-1_V13B23-285_C1,2
TACCAAATAGCCCAGA-1_V13B23-285_C1,4
TACCAATAAAGTACCA-1_V13B23-285_C1,5
TACCAGAAGTAGGTTC-1_V13B23-285_C1,1
TACCAGCTAGGTTTAA-1_V13B23-285_C1,9
TACCATGTATTGATTT-1_V13B23-285_C1,5
TACCGCGGACTTGCAG-1_V13B23-285_C1,11
TACCGGCTCACTGCCC-1_V13B23-285_C1,2
TACCGGTCGTTTCCAT-1_V13B23-285_C1,18
TACCGTAGGTTAACTA-1_V13B23-285_C1,2
TACCGTGCCTCGGACC-1_V13B23-285_C1,2
TACCTACTCCCAGTAT-1_V13B23-285_C1,1
TACCTCACGCTTGTAC-1_V13B23-285_C1,7
TACCTCAGTTGTCTGT-1_V13B23-285_C1,1
TACCTGCTGCACTGTG-1_V13B23-285_C1,1
TACCTTAAGATTTCCC-1_V13B23-285_C1,12
TACGAACACGACTTCA-1_V13B23-285_C1,1
TACGACGCTTGCTGCG-1_V13B23-285_C1,2
TACGACTGCCTCTTAG-1_V13B23-285_C1,2
TACGAGAACTTCACGT-1_V13B23-285_C1,1
TACGATGTTGATCATC-1_V13B23-285_C1,3
TACGCAGTTCTTTCCT-1_V13B23-285_C1,16
TACGCCATATTCTAAT-1_V13B23-285_C1,2
TACGCCGAGGGTACCC-1_V13B23-285_C1,1
TACGCCGCCTCAGAAG-1_V13B23-285_C1,5
TACGCCTCCATTCCGA-1_V13B23-285_C1,1
TACGCTATAGAAACCT-1_V13B23-285_C1,1
TACGCTCGGTATTGGA-1_V13B23-285_C1,1
TACGGGATGCTAGCAG-1_V13B23-285_C1,1
TACGTACTAGTGCTGA-1_V13B23-285_C1,3
TACGTGCAAGGTTCCT-1_V13B23-285_C1,1
TACGTGCACTATGCTG-1_V13B23-285_C1,2
TACGTTTACCGGCAAT-1_V13B23-285_C1,1
TACTATGGTTCCTCAG-1_V13B23-285_C1,3
TACTCGGCACGCCGGG-1_V13B23-285_C1,8
TACTCTCCGAACAAAT-1_V13B23-285_C1,4
TACTCTTACTTTACTG-1_V13B23-285_C1,2
TACTCTTTCGTCTTCA-1_V13B23-285_C1,3
TACTGAACAGATTTAG-1_V13B23-285_C1,3
TACTGCAATCAATTAC-1_V13B23-285_C1,7
TACTGGACAGCTCGGC-1_V13B23-285_C1,1
TACTGTTTCTCTGGTA-1_V13B23-285_C1,5
TACTTGTTAGTAGTCC-1_V13B23-285_C1,5
TACTTTACTGAGCCGG-1_V13B23-285_C1,8
TACTTTCCGCACGCCA-1_V13B23-285_C1,3
TAGAAAGGTGGCGCTA-1_V13B23-285_C1,3
TAGAAATTCACGTATA-1_V13B23-285_C1,3
TAGAATAGCCGATGAA-1_V13B23-285_C1,5
TAGAATTAAGGGCAAC-1_V13B23-285_C1,14
TAGACGAAACGCCAAT-1_V13B23-285_C1,2
TAGACGCCCGTACCGG-1_V13B23-285_C1,2
TAGACTACCTAGCGTT-1_V13B23-285_C1,6
TAGAGATCATGCAACT-1_V13B23-285_C1,1
TAGAGCTACGAAGAAC-1_V13B23-285_C1,8
TAGAGGTTCTACTTGT-1_V13B23-285_C1,2
TAGAGTCTAAGCGAAC-1_V13B23-285_C1,4
TAGATATGGACTGGAA-1_V13B23-285_C1,4
TAGATCCGAAGTCGCA-1_V13B23-285_C1,14
TAGATGGTTCCTTACT-1_V13B23-285_C1,2
TAGATTCCTGGTTATT-1_V13B23-285_C1,1
TAGCAACCTGTCACAA-1_V13B23-285_C1,8
TAGCCATTTCAAAGTC-1_V13B23-285_C1,5
TAGCCGGCGGTCAGCG-1_V13B23-285_C1,4
TAGCGTCCCTCGATTG-1_V13B23-285_C1,2
TAGCGTCCGGTGTGGT-1_V13B23-285_C1,1
TAGCGTTGGGTCTTAC-1_V13B23-285_C1,5
TAGCTAAGTCCGGGAG-1_V13B23-285_C1,4
TAGCTAGAAGGCATGA-1_V13B23-285_C1,3
TAGCTAGTGATGATGG-1_V13B23-285_C1,3
TAGCTCGCCTGATAAC-1_V13B23-285_C1,4
TAGCTGATGTGAAGCG-1_V13B23-285_C1,1
TAGGCATGTTACGCCA-1_V13B23-285_C1,4
TAGGGAGCTTGGGATG-1_V13B23-285_C1,2
TAGGGTGTTTCAAGAG-1_V13B23-285_C1,1
TAGGTCCAAGTAAGGA-1_V13B23-285_C1,1
TAGGTCGCCGGAACTG-1_V13B23-285_C1,3
TAGGTGACGATAACCT-1_V13B23-285_C1,2
TAGGTGAGCCCTACTC-1_V13B23-285_C1,6
TAGGTGCTCGCCTAGC-1_V13B23-285_C1,5
TAGGTGTTCCACAGAT-1_V13B23-285_C1,4
TAGGTTCGAGTTCGTC-1_V13B23-285_C1,10
TAGTACCTTAGTGGTC-1_V13B23-285_C1,2
TAGTAGCTTATACCAG-1_V13B23-285_C1,1
TAGTCCGCAGAGAATG-1_V13B23-285_C1,1
TAGTCCGTATGCATAA-1_V13B23-285_C1,4
TAGTCGATCACGGGTT-1_V13B23-285_C1,5
TAGTCGGGATTCTTCG-1_V13B23-285_C1,2
TAGTCTAACAACGAGA-1_V13B23-285_C1,1
TAGTCTGTGACGTTGC-1_V13B23-285_C1,1
TAGTCTTTCCGAATTG-1_V13B23-285_C1,5
TAGTGCCCTCCAGAGT-1_V13B23-285_C1,1
TAGTGCTTGAATCCTT-1_V13B23-285_C1,3
TAGTGTCAGAAACGGC-1_V13B23-285_C1,4
TAGTTAAGATAGGATA-1_V13B23-285_C1,9
TAGTTTATTCTTGCTT-1_V13B23-285_C1,13
TATAAATCCACAAGCT-1_V13B23-285_C1,1
TATAAGTGAGGATAGC-1_V13B23-285_C1,2
TATACACAGACGCCTT-1_V13B23-285_C1,4
TATACACGCAAAGTAT-1_V13B23-285_C1,16
TATACCGAGTGCCACA-1_V13B23-285_C1,5
TATACGCGTCATCACT-1_V13B23-285_C1,2
TATACTCATGCGGCAA-1_V13B23-285_C1,1
TATAGATGGTCGCAGT-1_V13B23-285_C1,6
TATAGGGTACTCATGA-1_V13B23-285_C1,1
TATATATCGAGAAATG-1_V13B23-285_C1,1
TATATCATTGATCAGT-1_V13B23-285_C1,1
TATATCCCTGGGAGGA-1_V13B23-285_C1,5
TATATGCTGGGTTGCC-1_V13B23-285_C1,3
TATATTACAAATGTCG-1_V13B23-285_C1,11
TATATTCGCGTCGATA-1_V13B23-285_C1,24
TATCAAAGGTCTGTAA-1_V13B23-285_C1,4
TATCACCATGTAAAGT-1_V13B23-285_C1,8
TATCACCCAACCGACC-1_V13B23-285_C1,3
TATCACTTCGAGTAAC-1_V13B23-285_C1,4
TATCCAATTGGTTATC-1_V13B23-285_C1,2
TATCCATATCATGCGA-1_V13B23-285_C1,7
TATCCATCTCGGTTAG-1_V13B23-285_C1,1
TATCCGCACCGTCGGG-1_V13B23-285_C1,1
TATCGATCTATGCATA-1_V13B23-285_C1,4
TATCGATGATTAAACG-1_V13B23-285_C1,1
TATCTACAGAGGTAAT-1_V13B23-285_C1,2
TATCTACCACAGCGGG-1_V13B23-285_C1,1
TATCTAGCCTAAAGGA-1_V13B23-285_C1,2
TATCTTGCAATACAAC-1_V13B23-285_C1,4
TATGAAGACAGGTGCG-1_V13B23-285_C1,1
TATGATCCGGCACGCC-1_V13B23-285_C1,3
TATGATCTTCTCTTTA-1_V13B23-285_C1,2
TATGCTCCCTACTTAC-1_V13B23-285_C1,2
TATGGATGTGCTACGC-1_V13B23-285_C1,18
TATGGCCCGGCCTCGC-1_V13B23-285_C1,1
TATGGCTAGGCTAATT-1_V13B23-285_C1,3
TATGGGACCGAGCAGG-1_V13B23-285_C1,5
TATGGGTACGTATCGT-1_V13B23-285_C1,1
TATGGTCTGAGTAACA-1_V13B23-285_C1,5
TATGGTTAGTGGGAGA-1_V13B23-285_C1,5
TATGTCAAGACCGACT-1_V13B23-285_C1,4
TATGTCTCATTGTGCC-1_V13B23-285_C1,3
TATTAACCTGACCGCG-1_V13B23-285_C1,4
TATTACCATCCTGCTT-1_V13B23-285_C1,2
TATTATGTTTGCCTGC-1_V13B23-285_C1,2
TATTCAATTCTAATCC-1_V13B23-285_C1,2
TATTCCACTCAGCTCG-1_V13B23-285_C1,1
TATTCCGAGCTGTTAT-1_V13B23-285_C1,5
TATTCCTCCGCCCACT-1_V13B23-285_C1,3
TATTCGTGCCAGAATA-1_V13B23-285_C1,17
TATTGACATTTCTGCC-1_V13B23-285_C1,4
TATTTAGTCTAGATCG-1_V13B23-285_C1,7
TATTTATACCGAGTAG-1_V13B23-285_C1,4
TATTTGATTTGCACAG-1_V13B23-285_C1,1
TATTTGTTACCCTTTA-1_V13B23-285_C1,4
TCAAACAACCGCGTCG-1_V13B23-285_C1,1
TCAAACTTAGATTGTT-1_V13B23-285_C1,18
TCAAATTTGAGACTCA-1_V13B23-285_C1,1
TCAACAAAGATAATTC-1_V13B23-285_C1,1
TCAACATAGCGCCCTA-1_V13B23-285_C1,3
TCAACATCGACCGAGA-1_V13B23-285_C1,8
TCAACCATGTTCGGGC-1_V13B23-285_C1,4
TCAACGAGGAGACAAA-1_V13B23-285_C1,1
TCAACGCAGGAAATAA-1_V13B23-285_C1,2
TCAACTAACGTATAAC-1_V13B23-285_C1,2
TCAACTGCAGAGTCAG-1_V13B23-285_C1,5
TCAAGAAATACTAGCT-1_V13B23-285_C1,22
TCAAGCGCGGACGGTA-1_V13B23-285_C1,5
TCAAGCTGCCTTGAAA-1_V13B23-285_C1,10
TCAAGGTTACTACACC-1_V13B23-285_C1,2
TCAATACGCCGTCATG-1_V13B23-285_C1,4
TCACAAACCGAGGTAC-1_V13B23-285_C1,1
TCACAGATCCTCAAAC-1_V13B23-285_C1,24
TCACAGCAAACTCGAA-1_V13B23-285_C1,4
TCACAGGAGAATAAGA-1_V13B23-285_C1,1
TCACAGGGAATCGCAA-1_V13B23-285_C1,2
TCACAGGTTATTGGGC-1_V13B23-285_C1,1
TCACATCTTATCTGAT-1_V13B23-285_C1,1
TCACCCTCTTAAGATT-1_V13B23-285_C1,2
TCACCGCTCGGCACTC-1_V13B23-285_C1,8
TCACGATGTCCGTGGA-1_V13B23-285_C1,11
TCACGCATTGTAGATC-1_V13B23-285_C1,1
TCACGGTCATCGCACA-1_V13B23-285_C1,1
TCACGTGCCCGATTCA-1_V13B23-285_C1,1
TCACTACGACCAATGC-1_V13B23-285_C1,8
TCACTCGTGCAACGGC-1_V13B23-285_C1,3
TCACTCTTCGTCTGTC-1_V13B23-285_C1,1
TCAGAACCTCCACAGG-1_V13B23-285_C1,3
TCAGACGCTATAGAAG-1_V13B23-285_C1,1
TCAGAGTGTGAGCATG-1_V13B23-285_C1,2
TCAGCAAATGCATCTC-1_V13B23-285_C1,4
TCAGCAGTAGGCCCTG-1_V13B23-285_C1,1
TCAGCCAATCCGTAAA-1_V13B23-285_C1,2
TCAGGGCGCAAACTCG-1_V13B23-285_C1,1
TCAGGGTGTAACGTAA-1_V13B23-285_C1,3
TCAGGTTCTTTGAGAA-1_V13B23-285_C1,1
TCAGTACTGACCCGCG-1_V13B23-285_C1,25
TCAGTAGGGACTATAA-1_V13B23-285_C1,5
TCAGTGTATACGTCAT-1_V13B23-285_C1,1
TCATAAGTCCAAGAAG-1_V13B23-285_C1,2
TCATACTTACAGATCC-1_V13B23-285_C1,1
TCATCACTCGAGCTCG-1_V13B23-285_C1,4
TCATCCCAGAGGGTGG-1_V13B23-285_C1,13
TCATCGATGGTCCCAA-1_V13B23-285_C1,3
TCATGCAGGTTCTCAT-1_V13B23-285_C1,4
TCATTTAAGTCTCCGA-1_V13B23-285_C1,6
TCATTTAGAAGTGTGA-1_V13B23-285_C1,1
TCCAACTTTAAATTCT-1_V13B23-285_C1,3
TCCAATAAAGGCTACC-1_V13B23-285_C1,18
TCCACAATGGTTTACG-1_V13B23-285_C1,1
TCCACCTCTAGCCTTT-1_V13B23-285_C1,8
TCCACTTTATCTAGGT-1_V13B23-285_C1,3
TCCAGAGCACCGGTTC-1_V13B23-285_C1,6
TCCAGATGTACGCCAA-1_V13B23-285_C1,3
TCCAGCGCTATAAGCG-1_V13B23-285_C1,4
TCCAGGCGAGTACGGT-1_V13B23-285_C1,18
TCCAGGGTATATACGA-1_V13B23-285_C1,2
TCCATTCCCACTAGAG-1_V13B23-285_C1,19
TCCATTGTGACCTCGT-1_V13B23-285_C1,21
TCCCAAACAGACAACG-1_V13B23-285_C1,1
TCCCAAAGACGAAGGA-1_V13B23-285_C1,1
TCCCAAAGCCCTAAAT-1_V13B23-285_C1,5
TCCCACTCTCTTCCGG-1_V13B23-285_C1,3
TCCCAGCACACGACAT-1_V13B23-285_C1,5
TCCCAGCTTTAGTCTG-1_V13B23-285_C1,16
TCCCAGGCTTAGCTAA-1_V13B23-285_C1,1
TCCCGCCTATGTGCGT-1_V13B23-285_C1,3
TCCCGCGTACTCCTGG-1_V13B23-285_C1,7
TCCCGGGTGTGCTGCT-1_V13B23-285_C1,2
TCCCGTCAGTCCCGCA-1_V13B23-285_C1,7
TCCCGTCGCGTCATAG-1_V13B23-285_C1,12
TCCCGTGTGCAATTTG-1_V13B23-285_C1,2
TCCCTAGATCAATAGG-1_V13B23-285_C1,3
TCCCTGGCGTATTAAC-1_V13B23-285_C1,1
TCCCTGGCTCGCTGGA-1_V13B23-285_C1,2
TCCCTTAGATTACTCG-1_V13B23-285_C1,7
TCCGAACGTTGCCGCT-1_V13B23-285_C1,5
TCCGAACTTGGCTTAC-1_V13B23-285_C1,2
TCCGAAGTAGTCACCA-1_V13B23-285_C1,8
TCCGAATGGTCCTGAG-1_V13B23-285_C1,4
TCCGATAATTGCCATA-1_V13B23-285_C1,9
TCCGATGACTGAGCTC-1_V13B23-285_C1,4
TCCGATGGTGCGACAT-1_V13B23-285_C1,1
TCCGATTACATTGCCG-1_V13B23-285_C1,1
TCCGCAGCCACCTAGC-1_V13B23-285_C1,8
TCCGCCTGTCTACAAG-1_V13B23-285_C1,5
TCCGCGGCAGCATCTG-1_V13B23-285_C1,5
TCCGCGGCCCAATGAA-1_V13B23-285_C1,2
TCCGCTGTCATCCCGG-1_V13B23-285_C1,2
TCCGCTTATCCCATTA-1_V13B23-285_C1,2
TCCGGAGGAAGGGCTG-1_V13B23-285_C1,15
TCCGGCCTAGCGTACA-1_V13B23-285_C1,3
TCCGGCTGTCGGGTCG-1_V13B23-285_C1,5
TCCGGTTCGTCCGGTC-1_V13B23-285_C1,3
TCCGTAACCACAATCC-1_V13B23-285_C1,1
TCCGTTAAGCTAATAT-1_V13B23-285_C1,2
TCCGTTTAGCCTTGAA-1_V13B23-285_C1,3
TCCTAAATTGGGAAGC-1_V13B23-285_C1,2
TCCTAACCGTCGGGCA-1_V13B23-285_C1,4
TCCTACATCCACGGCC-1_V13B23-285_C1,2
TCCTAGCAAAGAAGCT-1_V13B23-285_C1,3
TCCTATCATAGGTAAC-1_V13B23-285_C1,5
TCCTCCTAAGACATTC-1_V13B23-285_C1,11
TCCTCGGGCTGGGCTT-1_V13B23-285_C1,5
TCCTCTACGAGATGGC-1_V13B23-285_C1,1
TCCTCTCCAGTTGTCC-1_V13B23-285_C1,8
TCCTCTGGCCCATTAG-1_V13B23-285_C1,4
TCCTGCCAACTGGAGA-1_V13B23-285_C1,7
TCCTGCGTTGATACTC-1_V13B23-285_C1,2
TCCTGGCGCTGCCTGG-1_V13B23-285_C1,4
TCCTTACGACGGTCCG-1_V13B23-285_C1,2
TCCTTCAGTGGTCGAA-1_V13B23-285_C1,9
TCCTTTAAATCCGCTT-1_V13B23-285_C1,5
TCCTTTCTTACGCTTA-1_V13B23-285_C1,4
TCGAAATTTAGGACCA-1_V13B23-285_C1,1
TCGAAGAACCGAGCAC-1_V13B23-285_C1,5
TCGAATATCCCGCAGG-1_V13B23-285_C1,3
TCGACAACTGAACCCG-1_V13B23-285_C1,2
TCGAGACCAACACCGT-1_V13B23-285_C1,7
TCGAGCCAGGCAGGCC-1_V13B23-285_C1,1
TCGAGGGCAACAGACG-1_V13B23-285_C1,1
TCGCAAAGATGCATTT-1_V13B23-285_C1,2
TCGCACCAGGAGGCAG-1_V13B23-285_C1,2
TCGCATAAAGGGCGCA-1_V13B23-285_C1,22
TCGCATCCCTAAGTGT-1_V13B23-285_C1,7
TCGCCGAAGTTGCGTC-1_V13B23-285_C1,6
TCGCCGGTCGATCCGT-1_V13B23-285_C1,1
TCGCGTAGCAGTGTCC-1_V13B23-285_C1,3
TCGCGTCCAGAAGGTC-1_V13B23-285_C1,2
TCGCTAAACCGCTATC-1_V13B23-285_C1,4
TCGCTCGATATATTCC-1_V13B23-285_C1,3
TCGCTCGGCACCAGCG-1_V13B23-285_C1,3
TCGCTGGGCGGATTGT-1_V13B23-285_C1,3
TCGCTGTGCGTAAATC-1_V13B23-285_C1,1
TCGCTTTAAACGTTTG-1_V13B23-285_C1,12
TCGGAATGCGCTCTGA-1_V13B23-285_C1,2
TCGGACGCCCAGCCCA-1_V13B23-285_C1,3
TCGGAGAGTATCGGGA-1_V13B23-285_C1,11
TCGGAGTACATGAGTA-1_V13B23-285_C1,1
TCGGCGAACCCAAACC-1_V13B23-285_C1,2
TCGGCGTACTGCACAA-1_V13B23-285_C1,4
TCGGCTTGTATCGACG-1_V13B23-285_C1,5
TCGGGAACGTGCCTAG-1_V13B23-285_C1,3
TCGGGAGACAGCGTAC-1_V13B23-285_C1,2
TCGGGATTCAAACATA-1_V13B23-285_C1,4
TCGGGCCGTCGTGGTA-1_V13B23-285_C1,5
TCGGGTGAAACTGCTA-1_V13B23-285_C1,14
TCGGTCCCGACAATAG-1_V13B23-285_C1,2
TCGGTCCCTGACTCCA-1_V13B23-285_C1,15
TCGGTGACCGCTCCGG-1_V13B23-285_C1,4
TCGTAAGACGACATTG-1_V13B23-285_C1,1
TCGTAAGCTCCGAGGA-1_V13B23-285_C1,4
TCGTATAGTGCAATTA-1_V13B23-285_C1,9
TCGTATTACCCATTGC-1_V13B23-285_C1,4
TCGTCAAGTACGCGCA-1_V13B23-285_C1,1
TCGTCACACTGTTAGC-1_V13B23-285_C1,1
TCGTCCGCTGGCGTCT-1_V13B23-285_C1,1
TCGTCTTAGGCGTTAA-1_V13B23-285_C1,8
TCGTGTACTATGGATG-1_V13B23-285_C1,3
TCGTGTATTGGTCACG-1_V13B23-285_C1,6
TCGTGTCACGCTGACA-1_V13B23-285_C1,1
TCGTGTTCGACCACAA-1_V13B23-285_C1,2
TCGTTAGGAGTCCCTA-1_V13B23-285_C1,1
TCGTTCGTTATTATGT-1_V13B23-285_C1,21
TCGTTGCTATCCGGTC-1_V13B23-285_C1,3
TCTAACTGTATGTAAA-1_V13B23-285_C1,1
TCTAATACTGCCTCAG-1_V13B23-285_C1,3
TCTACCCAATAGAGAG-1_V13B23-285_C1,5
TCTACCGTCCACAAGC-1_V13B23-285_C1,4
TCTACGGGCTCAGTTG-1_V13B23-285_C1,17
TCTAGCAATCTCCGCC-1_V13B23-285_C1,11
TCTAGCATCTTCGATG-1_V13B23-285_C1,1
TCTAGCATGCCCAGAA-1_V13B23-285_C1,2
TCTAGGTGGCGACGCT-1_V13B23-285_C1,4
TCTAGTGATATCGTGG-1_V13B23-285_C1,2
TCTAGTTATCAGAAGA-1_V13B23-285_C1,5
TCTATCATGCAGTTAC-1_V13B23-285_C1,1
TCTATCGGTCGCAACA-1_V13B23-285_C1,1
TCTATTACGCTGGCGA-1_V13B23-285_C1,7
TCTATTACTAGAGGAT-1_V13B23-285_C1,1
TCTCATGAGATAGGGT-1_V13B23-285_C1,5
TCTCCAACGTAGGTTA-1_V13B23-285_C1,16
TCTCCACAAGTTGAAT-1_V13B23-285_C1,2
TCTCCCTGGGCAGCGT-1_V13B23-285_C1,5
TCTCGAACGAGGTCAC-1_V13B23-285_C1,4
TCTCGACGTATCGCCG-1_V13B23-285_C1,5
TCTCGAGGAGGTTCGC-1_V13B23-285_C1,4
TCTCGGCTCCAGGACT-1_V13B23-285_C1,1
TCTCTAATAGCTGGTA-1_V13B23-285_C1,15
TCTCTCGCCGCACATA-1_V13B23-285_C1,2
TCTGAACCGGTCGGCT-1_V13B23-285_C1,1
TCTGAACTCGTACCCG-1_V13B23-285_C1,1
TCTGAAGCACGTGGTC-1_V13B23-285_C1,2
TCTGAATTCCGTACAA-1_V13B23-285_C1,2
TCTGACGGGCTAACCC-1_V13B23-285_C1,4
TCTGAGCAATTGACTG-1_V13B23-285_C1,18
TCTGATCGGGTGCTAG-1_V13B23-285_C1,3
TCTGATGTATTCTGTC-1_V13B23-285_C1,5
TCTGATTGGAAATGGA-1_V13B23-285_C1,1
TCTGCACCATTAGTAA-1_V13B23-285_C1,3
TCTGCATACCTTGCTT-1_V13B23-285_C1,8
TCTGCCAGAAACTGCA-1_V13B23-285_C1,5
TCTGCGAATCGTTCGC-1_V13B23-285_C1,15
TCTGCGTCCGGTTTCT-1_V13B23-285_C1,1
TCTGCTTAGAACAAGC-1_V13B23-285_C1,5
TCTGGAGCGTAAGAGT-1_V13B23-285_C1,1
TCTGGCCGTTCAAGTT-1_V13B23-285_C1,2
TCTGGGAACCTTTGAA-1_V13B23-285_C1,5
TCTGGGTAGCGCTCAT-1_V13B23-285_C1,3
TCTGTGCCATCATAGT-1_V13B23-285_C1,11
TCTGTTACCCAGCATA-1_V13B23-285_C1,1
TCTTACAGAGGTACCG-1_V13B23-285_C1,7
TCTTACCGGAACTCGT-1_V13B23-285_C1,1
TCTTACGGCATCCGAC-1_V13B23-285_C1,4
TCTTACTTATGCCTCT-1_V13B23-285_C1,2
TCTTAGAGCTCCAATT-1_V13B23-285_C1,18
TCTTAGAGTGAACTCT-1_V13B23-285_C1,2
TCTTCCCATGGGCACA-1_V13B23-285_C1,3
TCTTCGAATAGACGTT-1_V13B23-285_C1,2
TCTTCGATACCAATAA-1_V13B23-285_C1,1
TCTTCGCGGTGAGAGG-1_V13B23-285_C1,5
TCTTCTATAACCCGCC-1_V13B23-285_C1,5
TCTTGATGCGTAGCGA-1_V13B23-285_C1,2
TCTTGGTAACACCAAA-1_V13B23-285_C1,7
TCTTTAAGACTATGAA-1_V13B23-285_C1,3
TCTTTAGAGTCTAACA-1_V13B23-285_C1,6
TCTTTAGCAGGCGAAC-1_V13B23-285_C1,3
TCTTTCCTTCGAGATA-1_V13B23-285_C1,2
TGAAACTTATGCAAGC-1_V13B23-285_C1,7
TGAAAGGACCTGACTC-1_V13B23-285_C1,4
TGAAGAGCGGTCCTAG-1_V13B23-285_C1,4
TGAAGTAGCTTACGGA-1_V13B23-285_C1,1
TGAATATGCTATAAAC-1_V13B23-285_C1,4
TGAATGAGATACAGCA-1_V13B23-285_C1,26
TGAATGTCAGCCGGCC-1_V13B23-285_C1,6
TGACAACGCATGTCGC-1_V13B23-285_C1,6
TGACACTTCTCTTTGC-1_V13B23-285_C1,8
TGACAGGACAAGTCCA-1_V13B23-285_C1,8
TGACATCGAGCGGACC-1_V13B23-285_C1,6
TGACCCACGTTAGACA-1_V13B23-285_C1,1
TGACGAATATTTCCCT-1_V13B23-285_C1,3
TGACGATGCACTAGAA-1_V13B23-285_C1,5
TGACTATAATCCTTTC-1_V13B23-285_C1,2
TGAGAATGCTTTACCG-1_V13B23-285_C1,7
TGAGAGATTTACCACG-1_V13B23-285_C1,2
TGAGATTAGGCCCTAA-1_V13B23-285_C1,8
TGAGCCATACAGTCTC-1_V13B23-285_C1,3
TGAGCGGAAAGTGTTC-1_V13B23-285_C1,2
TGAGCTCAACTGTATA-1_V13B23-285_C1,2
TGAGCTTTAATGACGC-1_V13B23-285_C1,4
TGAGGAGTGCCAGCTT-1_V13B23-285_C1,18
TGAGTAAATTAGCGTA-1_V13B23-285_C1,2
TGAGTGCCTCTTAAAT-1_V13B23-285_C1,16
TGAGTGGTCCGTGACG-1_V13B23-285_C1,12
TGAGTTAAAGACATTC-1_V13B23-285_C1,2
TGATACATTTAGCCGT-1_V13B23-285_C1,3
TGATAGCGGGATTCTA-1_V13B23-285_C1,1
TGATCAGGGAACTGCT-1_V13B23-285_C1,8
TGATCCCAGCATTAGT-1_V13B23-285_C1,11
TGATCGGTTTGACCCT-1_V13B23-285_C1,1
TGATCTACGCTGATCT-1_V13B23-285_C1,3
TGATCTCCGGCGCCAG-1_V13B23-285_C1,8
TGATGGCTGTTTCTGA-1_V13B23-285_C1,3
TGATGTCAATTAAGTG-1_V13B23-285_C1,2
TGATTATGGCACGCAG-1_V13B23-285_C1,4
TGATTCAGGTCCCGCG-1_V13B23-285_C1,4
TGATTCGTCTATCACT-1_V13B23-285_C1,1
TGATTCTGTCGCCGGT-1_V13B23-285_C1,3
TGATTTATTAGCTGTG-1_V13B23-285_C1,1
TGATTTCCTCCTGACG-1_V13B23-285_C1,1
TGCAACCCATCTGCGG-1_V13B23-285_C1,2
TGCAAGAATGACGTAA-1_V13B23-285_C1,3
TGCAATCTAACACGGT-1_V13B23-285_C1,2
TGCAATTTGGGCACGG-1_V13B23-285_C1,3
TGCACAGTGAAGTTAT-1_V13B23-285_C1,4
TGCACTATGTGAGTGC-1_V13B23-285_C1,1
TGCAGAACTATATCGT-1_V13B23-285_C1,8
TGCAGAGTACCGAGCA-1_V13B23-285_C1,1
TGCAGATCGTCCTAGG-1_V13B23-285_C1,4
TGCAGCTACGTACTTC-1_V13B23-285_C1,3
TGCAGGATCGGCAAAG-1_V13B23-285_C1,1
TGCAGTGAGGCTCGGG-1_V13B23-285_C1,26
TGCAGTTTCCTCCCAT-1_V13B23-285_C1,5
TGCATATGTCTGTCAC-1_V13B23-285_C1,18
TGCATGGATCGGATCT-1_V13B23-285_C1,9
TGCATGTGGTAATCTA-1_V13B23-285_C1,12
TGCCAAAGTCAGACTT-1_V13B23-285_C1,15
TGCCAATGGGTACTCT-1_V13B23-285_C1,1
TGCCACCTGGCGAAAC-1_V13B23-285_C1,7
TGCCAGTACGTGGAGA-1_V13B23-285_C1,2
TGCCATTACTAAAGAA-1_V13B23-285_C1,3
TGCCCGTACCGTTAAA-1_V13B23-285_C1,5
TGCCGGATGTACGAGC-1_V13B23-285_C1,4
TGCCGTGGATCGTCCT-1_V13B23-285_C1,1
TGCCTAAATTTAATAG-1_V13B23-285_C1,1
TGCCTAATTGAAGATT-1_V13B23-285_C1,2
TGCCTGACATCGGTCA-1_V13B23-285_C1,1
TGCCTGATCAAACGAT-1_V13B23-285_C1,8
TGCCTTGGCCAGGCAA-1_V13B23-285_C1,5
TGCGAATATGGGATTT-1_V13B23-285_C1,4
TGCGACACCCTAGTGC-1_V13B23-285_C1,3
TGCGACGGCCGAACGT-1_V13B23-285_C1,1
TGCGAGAATATTACCC-1_V13B23-285_C1,1
TGCGAGCCCTTCCGCG-1_V13B23-285_C1,15
TGCGATGCTAATGGCT-1_V13B23-285_C1,4
TGCGCAAAGCATTTGG-1_V13B23-285_C1,1
TGCGCCGTTAATAACG-1_V13B23-285_C1,2
TGCGCGATTAACGGAG-1_V13B23-285_C1,3
TGCGGAGTAAAGGTGC-1_V13B23-285_C1,4
TGCGGCATAGTTCAAC-1_V13B23-285_C1,9
TGCGGTGAAATTTCAT-1_V13B23-285_C1,13
TGCGTAAGAACCTGAT-1_V13B23-285_C1,1
TGCGTCATGACTGAGC-1_V13B23-285_C1,3
TGCGTGATTGGGTGTC-1_V13B23-285_C1,16
TGCGTTTGTTGACACT-1_V13B23-285_C1,5
TGCTAAGTGTCTATTT-1_V13B23-285_C1,5
TGCTCCACAGTTCTTA-1_V13B23-285_C1,5
TGCTCGGCGAAACCCA-1_V13B23-285_C1,2
TGCTCTGCCGGTTCAC-1_V13B23-285_C1,3
TGCTGGTTGGACAATT-1_V13B23-285_C1,16
TGCTGTTGAAGAACTC-1_V13B23-285_C1,4
TGCTTAGAGAGAATGC-1_V13B23-285_C1,1
TGCTTCCCAAGCAGTA-1_V13B23-285_C1,2
TGGAACCACTGACACA-1_V13B23-285_C1,3
TGGAAGAAGGGAACGT-1_V13B23-285_C1,1
TGGAAGACGAACACCA-1_V13B23-285_C1,7
TGGAAGGATAAAGATG-1_V13B23-285_C1,7
TGGAATATCCTTGACC-1_V13B23-285_C1,4
TGGAATTAGACGCTTT-1_V13B23-285_C1,1
TGGACACCGTTGCTTG-1_V13B23-285_C1,4
TGGACCAATCTAAGAT-1_V13B23-285_C1,2
TGGACGCAATCCAGCC-1_V13B23-285_C1,3
TGGACTGTTCGCTCAA-1_V13B23-285_C1,2
TGGAGGGAAACACCTC-1_V13B23-285_C1,1
TGGAGTGATGCGATGA-1_V13B23-285_C1,1
TGGCAAACTAAATTAC-1_V13B23-285_C1,6
TGGCAACTCGCGCGCC-1_V13B23-285_C1,4
TGGCAATGGGACGGCG-1_V13B23-285_C1,2
TGGCAGATTACGATCA-1_V13B23-285_C1,4
TGGCAGCAGTAATAGT-1_V13B23-285_C1,4
TGGCCAAACTGAAGTA-1_V13B23-285_C1,8
TGGCCGTATATTGACC-1_V13B23-285_C1,2
TGGCGACTGCTCCAAA-1_V13B23-285_C1,2
TGGCGATCAAGTTATG-1_V13B23-285_C1,1
TGGCTATGTGACATAC-1_V13B23-285_C1,2
TGGCTCTTGTCGCGTA-1_V13B23-285_C1,3
TGGCTTGTACAAGCTT-1_V13B23-285_C1,4
TGGCTTTGGGTAGACA-1_V13B23-285_C1,7
TGGGAAATGCCTTTCC-1_V13B23-285_C1,22
TGGGATGCACTCATTC-1_V13B23-285_C1,4
TGGGCAATAGTTGGGT-1_V13B23-285_C1,2
TGGGCACGTTCTATGG-1_V13B23-285_C1,13
TGGGCAGGCCACCGCA-1_V13B23-285_C1,2
TGGGCCACAAGAGCGC-1_V13B23-285_C1,13
TGGGCCCATACTAATT-1_V13B23-285_C1,22
TGGGTAAGGTTCCCGC-1_V13B23-285_C1,7
TGGGTGGGATGTCATT-1_V13B23-285_C1,19
TGGTAAGCAGGATTGA-1_V13B23-285_C1,4
TGGTAGAATATATGGG-1_V13B23-285_C1,2
TGGTATCGCATCCCAA-1_V13B23-285_C1,21
TGGTCCCACGCTACGG-1_V13B23-285_C1,2
TGGTCGTGCAAGGCAA-1_V13B23-285_C1,4
TGGTCTAGCTTACATG-1_V13B23-285_C1,3
TGGTCTGTTGGGCGTA-1_V13B23-285_C1,3
TGGTGATCGTATTTGT-1_V13B23-285_C1,2
TGGTTAAGGGCGCTGG-1_V13B23-285_C1,3
TGGTTCAACGGGTAAT-1_V13B23-285_C1,2
TGGTTCGTAGCAAAGG-1_V13B23-285_C1,1
TGGTTGGAGGATCCTG-1_V13B23-285_C1,3
TGGTTTAAACGTGGGT-1_V13B23-285_C1,12
TGTAATGACCACAATA-1_V13B23-285_C1,4
TGTACCTACACGAGGG-1_V13B23-285_C1,5
TGTACGAACAAATCCG-1_V13B23-285_C1,1
TGTACTACTCTCACGG-1_V13B23-285_C1,1
TGTAGCCATCCCATTC-1_V13B23-285_C1,5
TGTAGGAGAAATTTCC-1_V13B23-285_C1,6
TGTAGTGATCTATAAT-1_V13B23-285_C1,1
TGTATAACAGATCCTG-1_V13B23-285_C1,1
TGTATACGGATGATGA-1_V13B23-285_C1,1
TGTATCCTTATTCCAT-1_V13B23-285_C1,23
TGTATGGCGCAGACAG-1_V13B23-285_C1,5
TGTATTTACCTAATGC-1_V13B23-285_C1,10
TGTCATTTGTTGGGAA-1_V13B23-285_C1,11
TGTCCCGACATAGCAC-1_V13B23-285_C1,21
TGTCCGTGGCGCCTTT-1_V13B23-285_C1,1
TGTCCTAAGTCACCGC-1_V13B23-285_C1,1
TGTCGTTATCACATAT-1_V13B23-285_C1,4
TGTCTACAGTTTCTGT-1_V13B23-285_C1,14
TGTGACTACGCCAGTC-1_V13B23-285_C1,4
TGTGAGACTAGCCCAA-1_V13B23-285_C1,1
TGTGCCGGTGCCGGAA-1_V13B23-285_C1,2
TGTGCTTTACGTAAGA-1_V13B23-285_C1,1
TGTGGACTATCTACGT-1_V13B23-285_C1,5
TGTGGCAAAGCGTATG-1_V13B23-285_C1,4
TGTGGCTCCCACCAAC-1_V13B23-285_C1,5
TGTGGTAGGGTGCCTT-1_V13B23-285_C1,5
TGTGTAGTAGCACGTG-1_V13B23-285_C1,2
TGTGTCGCGAGTTGCA-1_V13B23-285_C1,2
TGTGTTCGTATCCAAG-1_V13B23-285_C1,1
TGTTATTGTATGTGGC-1_V13B23-285_C1,20
TGTTCATAAATGTGCT-1_V13B23-285_C1,11
TGTTCCGCTTCCATGA-1_V13B23-285_C1,2
TGTTCGTATTGCGGTG-1_V13B23-285_C1,1
TGTTCTTCCATTGACT-1_V13B23-285_C1,2
TGTTGCCGTCGTCCCA-1_V13B23-285_C1,2
TGTTGTCAAGAAGTCT-1_V13B23-285_C1,16
TGTTTAATACTTCATC-1_V13B23-285_C1,14
TGTTTCGGTACTTCTC-1_V13B23-285_C1,7
TGTTTGAGATCGTCAG-1_V13B23-285_C1,5
TTAAACCTGGTTCCTT-1_V13B23-285_C1,4
TTAAACTCGAATTCAT-1_V13B23-285_C1,10
TTAACACCTCGAACAT-1_V13B23-285_C1,1
TTAACCAACCCTCCCT-1_V13B23-285_C1,7
TTAACGAACAAGCAGT-1_V13B23-285_C1,3
TTAACGTCGCAAGACC-1_V13B23-285_C1,24
TTAACTCACGCGTGGA-1_V13B23-285_C1,1
TTAACTTCAGGTAGGA-1_V13B23-285_C1,3
TTAAGATAGGATTGAC-1_V13B23-285_C1,5
TTAAGCCGACAACTTC-1_V13B23-285_C1,9
TTAAGCGCCTGACCCA-1_V13B23-285_C1,1
TTAAGGCCCGTACTTT-1_V13B23-285_C1,1
TTAATCAGTACGTCAG-1_V13B23-285_C1,7
TTAATGTAGACCAGGT-1_V13B23-285_C1,3
TTAATGTGTTTGCAGG-1_V13B23-285_C1,1
TTAATTGCTTTGGGTG-1_V13B23-285_C1,2
TTAATTTCAGACGCGG-1_V13B23-285_C1,4
TTACAACTACGCATCC-1_V13B23-285_C1,7
TTACACGATCTGCGAC-1_V13B23-285_C1,2
TTACAGACCTAAATGA-1_V13B23-285_C1,4
TTACATCGTGGCCTGG-1_V13B23-285_C1,4
TTACATGCCACAACTA-1_V13B23-285_C1,5
TTACCATTGATTACCC-1_V13B23-285_C1,1
TTACCCATTGCCGGGT-1_V13B23-285_C1,3
TTACCCTAACAGTCCT-1_V13B23-285_C1,1
TTACCCTAGGGATTGG-1_V13B23-285_C1,17
TTACCGCCTTAGGGAA-1_V13B23-285_C1,7
TTACGGATGGTTCGAG-1_V13B23-285_C1,3
TTACTAAAGGACTTTA-1_V13B23-285_C1,2
TTACTATCGGCTTCTC-1_V13B23-285_C1,4
TTACTCCGGCCGGGAA-1_V13B23-285_C1,6
TTACTCTGGTACGTAC-1_V13B23-285_C1,1
TTACTGGGATATTTCA-1_V13B23-285_C1,1
TTACTGTCTAGAGCTC-1_V13B23-285_C1,8
TTAGAAGAACATGACT-1_V13B23-285_C1,5
TTAGAATAAGGGTCGG-1_V13B23-285_C1,2
TTAGACACGATCGTTG-1_V13B23-285_C1,12
TTAGACGAGTCACCTC-1_V13B23-285_C1,5
TTAGAGTTTAGAAGGA-1_V13B23-285_C1,5
TTAGATAGGTCGATAC-1_V13B23-285_C1,4
TTAGCAACATGGATGT-1_V13B23-285_C1,1
TTAGCTAATACGATCT-1_V13B23-285_C1,12
TTAGCTCTGTAATCCG-1_V13B23-285_C1,1
TTAGCTGATTTGCCGT-1_V13B23-285_C1,2
TTAGGATGGGAGGGTA-1_V13B23-285_C1,20
TTAGGTCATAACCGAC-1_V13B23-285_C1,1
TTAGTAAACCTGCTCT-1_V13B23-285_C1,2
TTAGTAGGGCGGCGGG-1_V13B23-285_C1,3
TTAGTTATTCGTGGCA-1_V13B23-285_C1,6
TTAGTTCAAGTGTTCG-1_V13B23-285_C1,1
TTATAGGTAATTGTCT-1_V13B23-285_C1,2
TTATATACGCTGTCAC-1_V13B23-285_C1,2
TTATATTTGGCAATCC-1_V13B23-285_C1,2
TTATCCAATCGAACTC-1_V13B23-285_C1,14
TTATCCGGGATCTATA-1_V13B23-285_C1,2
TTATCCTCAAGGAATA-1_V13B23-285_C1,3
TTATCGCCTGCGAAGC-1_V13B23-285_C1,8
TTATCTGACATTAGGA-1_V13B23-285_C1,8
TTATCTGTATCATAAC-1_V13B23-285_C1,4
TTATGAATGAAAGGGA-1_V13B23-285_C1,4
TTATGACAAACTGGAT-1_V13B23-285_C1,2
TTATGATCTTAACGAA-1_V13B23-285_C1,2
TTATGTTTGCGATAGA-1_V13B23-285_C1,4
TTATTAGAGCGTGTTC-1_V13B23-285_C1,2
TTATTAGGGAAGCATC-1_V13B23-285_C1,7
TTATTATCTGGAAGGC-1_V13B23-285_C1,2
TTCAAAGTCTCTAGCC-1_V13B23-285_C1,2
TTCAACGACCCGACCG-1_V13B23-285_C1,4
TTCAAGCCGAGCTGAG-1_V13B23-285_C1,13
TTCAATACTCTGAATC-1_V13B23-285_C1,5
TTCAATTAGCCATAAT-1_V13B23-285_C1,10
TTCACGAAAGGATCAC-1_V13B23-285_C1,1
TTCACTCGAGCACCTA-1_V13B23-285_C1,2
TTCAGCCCTGGTCCAC-1_V13B23-285_C1,8
TTCAGCTGGCGTGCCC-1_V13B23-285_C1,25
TTCAGGCGTCAAAGCC-1_V13B23-285_C1,1
TTCAGTTTGTGGCAGC-1_V13B23-285_C1,12
TTCATAGGGTGTCCAT-1_V13B23-285_C1,1
TTCATGGCGCAACAGG-1_V13B23-285_C1,9
TTCCAATCAGAGCTAG-1_V13B23-285_C1,2
TTCCAATCTGGCTATC-1_V13B23-285_C1,2
TTCCACACAGATTTGA-1_V13B23-285_C1,4
TTCCAGACGAGATTTA-1_V13B23-285_C1,2
TTCCATCATGCGGTGA-1_V13B23-285_C1,8
TTCCATCGACAGCGTG-1_V13B23-285_C1,2
TTCCCGGCGCCAATAG-1_V13B23-285_C1,3
TTCCGCAGAGAAATAT-1_V13B23-285_C1,3
TTCCGCGTGAGGCGAT-1_V13B23-285_C1,2
TTCCGGCCTTGAGGCT-1_V13B23-285_C1,1
TTCCGGCTCGACTTCT-1_V13B23-285_C1,10
TTCCGGTATCTGTGTC-1_V13B23-285_C1,2
TTCCGGTTACCCACTT-1_V13B23-285_C1,2
TTCCTCGAGGGTGTCT-1_V13B23-285_C1,4
TTCCTCGGACTAACCA-1_V13B23-285_C1,2
TTCCTCTGCCCGAATA-1_V13B23-285_C1,2
TTCGACAGAGCCCGTG-1_V13B23-285_C1,1
TTCGACGGGAAGGGCG-1_V13B23-285_C1,1
TTCGCACTCGCGTGCT-1_V13B23-285_C1,2
TTCGCACTGTACGACA-1_V13B23-285_C1,4
TTCGCATCCGGAAGCA-1_V13B23-285_C1,14
TTCGCCGCTCGCGCTA-1_V13B23-285_C1,3
TTCGCGCGCCATACGA-1_V13B23-285_C1,3
TTCGCTAGGAAGTTGT-1_V13B23-285_C1,1
TTCGCTATCTGACGTG-1_V13B23-285_C1,11
TTCGGCAACCCGCTGA-1_V13B23-285_C1,7
TTCGGCTAGAGATGGT-1_V13B23-285_C1,4
TTCGGGACTAATCGCG-1_V13B23-285_C1,2
TTCGGGCGCTAGTCTT-1_V13B23-285_C1,3
TTCGGGTTGCCACGGG-1_V13B23-285_C1,2
TTCGGTGGAGACGCCC-1_V13B23-285_C1,5
TTCGTAATCCCAGCGG-1_V13B23-285_C1,4
TTCGTACTCCAGAACG-1_V13B23-285_C1,2
TTCGTTCAACGAAGTT-1_V13B23-285_C1,8
TTCTAACCGAAGCTTA-1_V13B23-285_C1,6
TTCTACTTGCGAGGGC-1_V13B23-285_C1,1
TTCTAGAAAGTCTTAT-1_V13B23-285_C1,3
TTCTAGGCCAATTGTG-1_V13B23-285_C1,22
TTCTATGCCTTTCGCA-1_V13B23-285_C1,3
TTCTGACCGGGCTCAA-1_V13B23-285_C1,2
TTCTGCCGCGCCTAGA-1_V13B23-285_C1,18
TTCTGCGAGCGCCCTT-1_V13B23-285_C1,6
TTCTGCGGGTTAGCGG-1_V13B23-285_C1,2
TTCTGCTAGACTCCAA-1_V13B23-285_C1,3
TTCTGTTTCCTGTCGC-1_V13B23-285_C1,1
TTCTTAGTGAACGGTG-1_V13B23-285_C1,1
TTCTTAGTGGCTCAGA-1_V13B23-285_C1,5
TTCTTATCCGCTGGGT-1_V13B23-285_C1,5
TTCTTGAGCCGCGCTA-1_V13B23-285_C1,3
TTCTTGCTAGCATCTC-1_V13B23-285_C1,5
TTCTTGGACGATCTGC-1_V13B23-285_C1,1
TTCTTGGAGTAATGAG-1_V13B23-285_C1,22
TTCTTGTAACCTAATG-1_V13B23-285_C1,1
TTCTTGTGTCCATCAG-1_V13B23-285_C1,12
TTCTTTGGTCGCGACG-1_V13B23-285_C1,3
TTGAAAGGTGTAAAGG-1_V13B23-285_C1,3
TTGAACGAATCCTTTG-1_V13B23-285_C1,1
TTGAACGACGTGCTGA-1_V13B23-285_C1,6
TTGAAGAATTCCCAGG-1_V13B23-285_C1,1
TTGAATATGGACTTTC-1_V13B23-285_C1,8
TTGAATTCACGTGAGG-1_V13B23-285_C1,5
TTGACAGGAGCTCCCG-1_V13B23-285_C1,2
TTGACATGAACGTGGA-1_V13B23-285_C1,1
TTGACCAGGAACAACT-1_V13B23-285_C1,2
TTGACCATGTTCTCCG-1_V13B23-285_C1,3
TTGACCGTGTTAATGA-1_V13B23-285_C1,12
TTGACGCTCCATGAGC-1_V13B23-285_C1,5
TTGACTACCATATGGT-1_V13B23-285_C1,7
TTGACTATTGTCCGGC-1_V13B23-285_C1,5
TTGAGAAGTTTAGCAT-1_V13B23-285_C1,5
TTGAGAGTACTGCTAA-1_V13B23-285_C1,3
TTGAGCAGCCCACGGT-1_V13B23-285_C1,1
TTGAGCGCCACGTGAT-1_V13B23-285_C1,2
TTGAGTCCCGCTGCTG-1_V13B23-285_C1,18
TTGATAGTCAATACAT-1_V13B23-285_C1,10
TTGATCTAACTTTGTC-1_V13B23-285_C1,1
TTGATGTGTAGTCCCG-1_V13B23-285_C1,12
TTGATTAGCTGTTTCT-1_V13B23-285_C1,1
TTGATTATGCAGATGA-1_V13B23-285_C1,2
TTGCACAATTCAGAAA-1_V13B23-285_C1,1
TTGCACGGAGCAGCAC-1_V13B23-285_C1,7
TTGCATGCTGATCACG-1_V13B23-285_C1,1
TTGCCAAGCAGAACCC-1_V13B23-285_C1,2
TTGCCATAGCCCGCTC-1_V13B23-285_C1,11
TTGCCCTGATCACGGG-1_V13B23-285_C1,18
TTGCCGCTTTCTAGTA-1_V13B23-285_C1,4
TTGCCGGTGATCCCTC-1_V13B23-285_C1,16
TTGCGGCATCAGAAAG-1_V13B23-285_C1,1
TTGCGTAGTTTGAGGA-1_V13B23-285_C1,1
TTGCGTCGGCCAACCG-1_V13B23-285_C1,2
TTGCGTGAACGCTTAG-1_V13B23-285_C1,1
TTGCTCCCATACCGGA-1_V13B23-285_C1,4
TTGCTGAAGGAACCAC-1_V13B23-285_C1,7
TTGCTGATCATGTTCG-1_V13B23-285_C1,25
TTGCTGCACCTATCCA-1_V13B23-285_C1,8
TTGCTGGCCGGGCTTC-1_V13B23-285_C1,21
TTGGAAGAATACAGTC-1_V13B23-285_C1,3
TTGGACATGTGGCTTA-1_V13B23-285_C1,1
TTGGACCATCTGGCAA-1_V13B23-285_C1,5
TTGGACCTATAACAGT-1_V13B23-285_C1,2
TTGGATATCGTCTACG-1_V13B23-285_C1,1
TTGGATCGACTTCTGG-1_V13B23-285_C1,21
TTGGATTGGGTACCAC-1_V13B23-285_C1,4
TTGGCCATCTTGCGCT-1_V13B23-285_C1,1
TTGGCCTAGAATTTCG-1_V13B23-285_C1,14
TTGGCGATCCGAATAT-1_V13B23-285_C1,4
TTGGCTCGCATGAGAC-1_V13B23-285_C1,1
TTGGGACACTGCCCGC-1_V13B23-285_C1,4
TTGGGACGTAAGAGTT-1_V13B23-285_C1,5
TTGGGCGGCGGTTGCC-1_V13B23-285_C1,3
TTGGTCACACTCGTAA-1_V13B23-285_C1,1
TTGGTTCGCTCAAAGG-1_V13B23-285_C1,1
TTGGTTGCGGTGCGCG-1_V13B23-285_C1,3
TTGTAAGGACCTAAGT-1_V13B23-285_C1,1
TTGTAAGGCCAGTTGG-1_V13B23-285_C1,4
TTGTAATCCGTACTCG-1_V13B23-285_C1,5
TTGTATCACACAGAAT-1_V13B23-285_C1,14
TTGTCGTTCAGTTACC-1_V13B23-285_C1,1
TTGTGAACCTAATCCG-1_V13B23-285_C1,2
TTGTGAGGCATGACGC-1_V13B23-285_C1,11
TTGTGCAGCCACGTCA-1_V13B23-285_C1,2
TTGTGGCCCTGACAGT-1_V13B23-285_C1,7
TTGTGGTAGGAGGGAT-1_V13B23-285_C1,1
TTGTGGTATAGGTATG-1_V13B23-285_C1,1
TTGTGGTGGTACTAAG-1_V13B23-285_C1,2
TTGTGTATGCCACCAA-1_V13B23-285_C1,1
TTGTGTTTCCCGAAAG-1_V13B23-285_C1,15
TTGTTAGCAAATTCGA-1_V13B23-285_C1,4
TTGTTCAGTGTGCTAC-1_V13B23-285_C1,6
TTGTTGTGTGTCAAGA-1_V13B23-285_C1,4
TTGTTTCACATCCAGG-1_V13B23-285_C1,11
TTGTTTCATTAGTCTA-1_V13B23-285_C1,1
TTGTTTCCATACAACT-1_V13B23-285_C1,1
AAACAAGTATCTCCCA-1_V13B23-285_D1,5
AAACACCAATAACTGC-1_V13B23-285_D1,2
AAACAGAGCGACTCCT-1_V13B23-285_D1,8
AAACAGGGTCTATATT-1_V13B23-285_D1,1
AAACATTTCCCGGATT-1_V13B23-285_D1,5
AAACCCGAACGAAATC-1_V13B23-285_D1,5
AAACCGGAAATGTTAA-1_V13B23-285_D1,2
AAACCGGGTAGGTACC-1_V13B23-285_D1,3
AAACCGTTCGTCCAGG-1_V13B23-285_D1,2
AAACCTAAGCAGCCGG-1_V13B23-285_D1,2
AAACCTCATGAAGTTG-1_V13B23-285_D1,3
AAACGAGACGGTTGAT-1_V13B23-285_D1,1
AAACGGGCGTACGGGT-1_V13B23-285_D1,2
AAACGTGTTCGCCCTA-1_V13B23-285_D1,19
AAACTCGTGATATAAG-1_V13B23-285_D1,4
AAACTGCTGGCTCCAA-1_V13B23-285_D1,18
AAACTTGCAAACGTAT-1_V13B23-285_D1,4
AAAGACTGGGCGCTTT-1_V13B23-285_D1,1
AAAGCTTGCCTACATA-1_V13B23-285_D1,3
AAAGGCTACGGACCAT-1_V13B23-285_D1,1
AAAGGCTCTCGCGCCG-1_V13B23-285_D1,3
AAAGGGATGTAGCAAG-1_V13B23-285_D1,4
AAAGGGCAGCTTGAAT-1_V13B23-285_D1,4
AAAGTAGCATTGCTCA-1_V13B23-285_D1,1
AAAGTCACTGATGTAA-1_V13B23-285_D1,23
AAAGTGCCATCAATTA-1_V13B23-285_D1,5
AAAGTGTGATTTATCT-1_V13B23-285_D1,5
AAAGTTGACTCCCGTA-1_V13B23-285_D1,2
AAATAACCATACGGGA-1_V13B23-285_D1,7
AAATAAGGTAGTGCCC-1_V13B23-285_D1,8
AAATACCTATAAGCAT-1_V13B23-285_D1,2
AAATAGCTTAGACTTT-1_V13B23-285_D1,4
AAATAGGGTGCTATTG-1_V13B23-285_D1,1
AAATCCGATACACGCC-1_V13B23-285_D1,2
AAATCGTGTACCACAA-1_V13B23-285_D1,4
AAATCTAGCCCTGCTA-1_V13B23-285_D1,5
AAATGATTCGATCAGC-1_V13B23-285_D1,8
AAATGCTCGTTACGTT-1_V13B23-285_D1,1
AAATGGCATGTCTTGT-1_V13B23-285_D1,13
AAATGGCCCGTGCCCT-1_V13B23-285_D1,1
AAATGGTCAATGTGCC-1_V13B23-285_D1,1
AAATTAACGGGTAGCT-1_V13B23-285_D1,6
AAATTACACGACTCTG-1_V13B23-285_D1,9
AAATTACCTATCGATG-1_V13B23-285_D1,7
AAATTCCAGGTCCAAA-1_V13B23-285_D1,1
AAATTGATAGTCCTTT-1_V13B23-285_D1,3
AAATTTGCGGGTGTGG-1_V13B23-285_D1,1
AACAACTGGTAGTTGC-1_V13B23-285_D1,1
AACAATACATTGTCGA-1_V13B23-285_D1,2
AACAATTACTCTACGC-1_V13B23-285_D1,4
AACACACGCTCGCCGC-1_V13B23-285_D1,2
AACACGACTGTACTGA-1_V13B23-285_D1,14
AACACGAGACGCGGCC-1_V13B23-285_D1,4
AACAGCTGTGTGGCAA-1_V13B23-285_D1,3
AACAGGAAATCGAATA-1_V13B23-285_D1,6
AACAGGATGGGCCGCG-1_V13B23-285_D1,5
AACAGGTAGTATGGAT-1_V13B23-285_D1,8
AACATATCAACTGGTG-1_V13B23-285_D1,3
AACATCGATACGTCTA-1_V13B23-285_D1,4
AACCAAGACTTCTCTG-1_V13B23-285_D1,1
AACCATGGGATCGCTA-1_V13B23-285_D1,1
AACCCAGAGACGGAGA-1_V13B23-285_D1,1
AACCCATCCCATGATC-1_V13B23-285_D1,3
AACCCGAGCAGAATCG-1_V13B23-285_D1,5
AACCCTACTGTCAATA-1_V13B23-285_D1,5
AACCCTGGTGGAACCA-1_V13B23-285_D1,24
AACCGAGCTTGGTCAT-1_V13B23-285_D1,8
AACCGCTAAGGGATGC-1_V13B23-285_D1,5
AACCGTTGTGTTTGCT-1_V13B23-285_D1,13
AACCTCGCTTTAGCCC-1_V13B23-285_D1,2
AACCTGTCACGGAATT-1_V13B23-285_D1,12
AACCTTTAAATACGGT-1_V13B23-285_D1,4
AACCTTTACGACGTCT-1_V13B23-285_D1,7
AACGATAATGCCGTAG-1_V13B23-285_D1,2
AACGATAGAAGGGCCG-1_V13B23-285_D1,4
AACGATATGTCAACTG-1_V13B23-285_D1,4
AACGCATGATCTGGGT-1_V13B23-285_D1,3
AACGCGAACGGCAACA-1_V13B23-285_D1,7
AACGCGGTCTCCAGCC-1_V13B23-285_D1,16
AACGCTGTTGCTGAAA-1_V13B23-285_D1,5
AACGGACGTACGTATA-1_V13B23-285_D1,2
AACGGCCATCTCCGGT-1_V13B23-285_D1,18
AACGTACTGTGGGTAC-1_V13B23-285_D1,18
AACGTCAGACTAGTGG-1_V13B23-285_D1,1
AACGTGATGAAGGACA-1_V13B23-285_D1,21
AACGTGCGAAAGTCTC-1_V13B23-285_D1,4
AACTACCCGTTTGTCA-1_V13B23-285_D1,2
AACTAGGCTTGGGTGT-1_V13B23-285_D1,2
AACTCAAGTTAATTGC-1_V13B23-285_D1,2
AACTCCAGAGCGTGTT-1_V13B23-285_D1,2
AACTCCTAATCCCATG-1_V13B23-285_D1,7
AACTCGATGGCGCAGT-1_V13B23-285_D1,1
AACTCTCAATAGAGCG-1_V13B23-285_D1,4
AACTCTCAGTGTGCTC-1_V13B23-285_D1,1
AACTGAGTTATACTGA-1_V13B23-285_D1,5
AACTGATATTAGGCCT-1_V13B23-285_D1,7
AACTGGGTCCCGACGT-1_V13B23-285_D1,4
AACTTCTGCGTCTATC-1_V13B23-285_D1,1
AACTTGCCCGTATGCA-1_V13B23-285_D1,2
AACTTGCGTTCTCGCG-1_V13B23-285_D1,18
AACTTTCTCGATCATG-1_V13B23-285_D1,3
AAGAAATCACCAGATT-1_V13B23-285_D1,10
AAGAAGGATCAGTTAG-1_V13B23-285_D1,1
AAGACCCAACTGAACA-1_V13B23-285_D1,1
AAGACTGCAAGCTACT-1_V13B23-285_D1,1
AAGAGATGAATCGGTA-1_V13B23-285_D1,1
AAGAGCTCTTTATCGG-1_V13B23-285_D1,10
AAGAGGATGTACGCGA-1_V13B23-285_D1,1
AAGAGGCATGGATCGC-1_V13B23-285_D1,1
AAGAGGCCCTTTGGAA-1_V13B23-285_D1,5
AAGATGGCACCGGACC-1_V13B23-285_D1,3
AAGATTGGCGGAACGT-1_V13B23-285_D1,1
AAGCACCCTGCGTATC-1_V13B23-285_D1,2
AAGCATACTCTCCTGA-1_V13B23-285_D1,1
AAGCCGAAGCGGTTTA-1_V13B23-285_D1,2
AAGCCGCTTTACCTTG-1_V13B23-285_D1,10
AAGCCGGAGAGCAGGA-1_V13B23-285_D1,2
AAGCGGCGTCATGGGT-1_V13B23-285_D1,19
AAGCGTCCCTCATCGA-1_V13B23-285_D1,2
AAGCTAGATCGAGTAA-1_V13B23-285_D1,2
AAGCTCGTGCCAAGTC-1_V13B23-285_D1,4
AAGCTCTTTCATGGTG-1_V13B23-285_D1,2
AAGGAGCGGTTGGTGC-1_V13B23-285_D1,4
AAGGATCGATCGCTTG-1_V13B23-285_D1,5
AAGGATGAGGGACCTC-1_V13B23-285_D1,1
AAGGCAGGCTGTCTCC-1_V13B23-285_D1,6
AAGGCGCGTAAAGCTT-1_V13B23-285_D1,1
AAGGCTGTGCTCATCG-1_V13B23-285_D1,2
AAGGGACAGATTCTGT-1_V13B23-285_D1,2
AAGGGACTATGCATTC-1_V13B23-285_D1,1
AAGGTATCCTAATATA-1_V13B23-285_D1,1
AAGGTGATAAACCAGC-1_V13B23-285_D1,5
AAGTAGAAGACCGGGT-1_V13B23-285_D1,1
AAGTAGTGACGCGAGG-1_V13B23-285_D1,3
AAGTCAATTGTCGTCA-1_V13B23-285_D1,1
AAGTCTAGTAGCTGCC-1_V13B23-285_D1,3
AAGTGACGACCGAATT-1_V13B23-285_D1,3
AAGTGAGTCGGGTTTA-1_V13B23-285_D1,1
AAGTGCCTTGACTGTA-1_V13B23-285_D1,2
AAGTGCGTTAGAATCT-1_V13B23-285_D1,4
AAGTGTTTGGAGACGG-1_V13B23-285_D1,8
AAGTTCACTCCAAGCT-1_V13B23-285_D1,2
AAGTTCAGTCTGCGTA-1_V13B23-285_D1,11
AAGTTCGGCCAACAGG-1_V13B23-285_D1,3
AAGTTGTGATGTTATA-1_V13B23-285_D1,1
AATAACAACGCTCGGC-1_V13B23-285_D1,1
AATAACACTAGAACAA-1_V13B23-285_D1,1
AATAATCTTCGTATCG-1_V13B23-285_D1,2
AATACAATGTTTCAGG-1_V13B23-285_D1,4
AATAGAACAGAGTGGC-1_V13B23-285_D1,4
AATAGAATCTGTTTCA-1_V13B23-285_D1,2
AATAGCTACCGCGTGC-1_V13B23-285_D1,8
AATAGTCCGTCCCGAC-1_V13B23-285_D1,15
AATATCGAATCAATGC-1_V13B23-285_D1,6
AATATCGAGGGTTCTC-1_V13B23-285_D1,3
AATATTGGAGTATTGA-1_V13B23-285_D1,3
AATCATGTAAAGACTC-1_V13B23-285_D1,2
AATCCAAGGGCCTGAG-1_V13B23-285_D1,7
AATCGCCTCAGCGCCA-1_V13B23-285_D1,2
AATCGCGCAGAGGACT-1_V13B23-285_D1,5
AATCTAGGTTTACTTG-1_V13B23-285_D1,12
AATCTATGCCGGAGCC-1_V13B23-285_D1,1
AATCTGCGTTGGGACG-1_V13B23-285_D1,4
AATCTGGCTTTCTAGT-1_V13B23-285_D1,23
AATGACAGCAATGTCT-1_V13B23-285_D1,1
AATGACGTAGGATGTC-1_V13B23-285_D1,2
AATGACTGTCAGCCGG-1_V13B23-285_D1,1
AATGAGTTCGCATATG-1_V13B23-285_D1,1
AATGATGATACGCTAT-1_V13B23-285_D1,3
AATGATGCGACTCCTG-1_V13B23-285_D1,1
AATGCAACCGGGTACC-1_V13B23-285_D1,1
AATGCACCAAGCAATG-1_V13B23-285_D1,3
AATGGTCCACCGTTCA-1_V13B23-285_D1,11
AATGGTTCTCACAAGC-1_V13B23-285_D1,2
AATGTGCCCGAGGTGT-1_V13B23-285_D1,11
AATTAAAGGTCGGCGT-1_V13B23-285_D1,1
AATTAACGGATTTCCA-1_V13B23-285_D1,1
AATTAGCGCTGCAGCG-1_V13B23-285_D1,2
AATTCATAAGGGATCT-1_V13B23-285_D1,4
AATTCTAGAGTTAGGC-1_V13B23-285_D1,1
AATTGAACGCTCTGGT-1_V13B23-285_D1,2
AATTGCAGCAATCGAC-1_V13B23-285_D1,6
AATTGTGGTTGCCAAA-1_V13B23-285_D1,2
AATTTGGGACATAGTA-1_V13B23-285_D1,2
AATTTGGTTCCAAAGA-1_V13B23-285_D1,13
ACAAAGCATGACCTAG-1_V13B23-285_D1,2
ACAAATCGCACCGAAT-1_V13B23-285_D1,2
ACAAATGGTAGTGTTT-1_V13B23-285_D1,2
ACAACAGCATGAGCTA-1_V13B23-285_D1,1
ACAACGGTCCCTGCGA-1_V13B23-285_D1,1
ACAAGCAGTGCCTAGC-1_V13B23-285_D1,1
ACAAGGAAATCCGCCC-1_V13B23-285_D1,2
ACAAGGACAAGAGGTT-1_V13B23-285_D1,2
ACAAGGATGCTTTAGG-1_V13B23-285_D1,2
ACAAGGGCAGGCTCTG-1_V13B23-285_D1,2
ACAATAGTCGTACGTT-1_V13B23-285_D1,3
ACAATCCATTTAAACC-1_V13B23-285_D1,1
ACAATGAATACGGAGA-1_V13B23-285_D1,3
ACAATTGTGTCTCTTT-1_V13B23-285_D1,5
ACAATTTGAGCAGTGG-1_V13B23-285_D1,1
ACAATTTGGCCATATT-1_V13B23-285_D1,5
ACACAAAGACGGGTGG-1_V13B23-285_D1,4
ACACACCAGGACCAGT-1_V13B23-285_D1,18
ACACATGATCAAATCT-1_V13B23-285_D1,4
ACACCACATAATTAGC-1_V13B23-285_D1,4
ACACCCAGCATGCAGC-1_V13B23-285_D1,1
ACACCCGAGAAATCCG-1_V13B23-285_D1,1
ACACCTTAAGTAGGGC-1_V13B23-285_D1,3
ACACCTTACTACTTGC-1_V13B23-285_D1,2
ACACGAGACTCCTTCT-1_V13B23-285_D1,7
ACACGGGAACTTAGGG-1_V13B23-285_D1,3
ACACGTAGGCCACAAG-1_V13B23-285_D1,2
ACACTCCAATGTCACT-1_V13B23-285_D1,12
ACACTGATCAAGGTGT-1_V13B23-285_D1,1
ACACTGGGACAGTCGT-1_V13B23-285_D1,20
ACAGAACTGAGAACAA-1_V13B23-285_D1,4
ACAGCATAGAGCCAGT-1_V13B23-285_D1,14
ACAGCGACATTCTCAT-1_V13B23-285_D1,5
ACAGCGCACCCGCAGC-1_V13B23-285_D1,21
ACAGGCTTGCCCGACT-1_V13B23-285_D1,2
ACAGGTGGAGGTGAGG-1_V13B23-285_D1,3
ACAGTAATACAACTTG-1_V13B23-285_D1,3
ACAGTATACCGTGGGA-1_V13B23-285_D1,26
ACATAATAAGGCGGTG-1_V13B23-285_D1,1
ACATCCCGGCCATACG-1_V13B23-285_D1,3
ACATCCTGGTAACTGT-1_V13B23-285_D1,5
ACATCGATCGTTTACC-1_V13B23-285_D1,5
ACATCGGTCAGCCGCG-1_V13B23-285_D1,1
ACATCGTATGCAATGG-1_V13B23-285_D1,5
ACATCGTTAACCTAGT-1_V13B23-285_D1,21
ACATGGCGCCAAAGTA-1_V13B23-285_D1,5
ACATTAGTTTATATCC-1_V13B23-285_D1,2
ACCAAACACCCAGCGA-1_V13B23-285_D1,19
ACCAACACCACACACT-1_V13B23-285_D1,1
ACCAACCGCACTCCAC-1_V13B23-285_D1,2
ACCAACGCTTATTTAT-1_V13B23-285_D1,1
ACCAAGAACGCGTGTC-1_V13B23-285_D1,1
ACCAATATGCAAGTTA-1_V13B23-285_D1,2
ACCACAACTCAGAACA-1_V13B23-285_D1,24
ACCACAAGTTTCTATC-1_V13B23-285_D1,2
ACCACCAATGTAACAA-1_V13B23-285_D1,2
ACCACCCTCTCTTCTA-1_V13B23-285_D1,8
ACCACGTGCAGCTATA-1_V13B23-285_D1,2
ACCAGTGCGGGAGACG-1_V13B23-285_D1,5
ACCATATCCGCAATAA-1_V13B23-285_D1,1
ACCATCGTATATGGTA-1_V13B23-285_D1,11
ACCCAACGCCCGTGGC-1_V13B23-285_D1,1
ACCCACCTACATGCTC-1_V13B23-285_D1,1
ACCCATCTTGAGGGTA-1_V13B23-285_D1,1
ACCCATTTGTCCCTCT-1_V13B23-285_D1,22
ACCCGGAAACTCCCAG-1_V13B23-285_D1,1
ACCCGGAGCACCACAA-1_V13B23-285_D1,2
ACCCGGATGACGCATC-1_V13B23-285_D1,5
ACCCGGTTACACTTCC-1_V13B23-285_D1,3
ACCCGTGTCATCAGTA-1_V13B23-285_D1,1
ACCCTATAGGACTGAG-1_V13B23-285_D1,4
ACCCTATGCCATATCG-1_V13B23-285_D1,4
ACCCTCCCTTGCTATT-1_V13B23-285_D1,2
ACCCTGGTAACGCCCT-1_V13B23-285_D1,10
ACCCTTGCCTGGGTCG-1_V13B23-285_D1,27
ACCGACACATCTCCCA-1_V13B23-285_D1,1
ACCGACTGAGTCCCAC-1_V13B23-285_D1,18
ACCGATAGGCATAACC-1_V13B23-285_D1,5
ACCGATATTTAATCAT-1_V13B23-285_D1,1
ACCGATGGTAGCATCG-1_V13B23-285_D1,11
ACCGCAATAACTGCCT-1_V13B23-285_D1,2
ACCGCGGTGGAAGTCG-1_V13B23-285_D1,4
ACCGGGCCTTTGTTGA-1_V13B23-285_D1,2
ACCGGTCAGGTACACC-1_V13B23-285_D1,3
ACCGTGACCACGTGGG-1_V13B23-285_D1,1
ACCTAAGTACCTTTCA-1_V13B23-285_D1,3
ACCTAATCGACTTCCT-1_V13B23-285_D1,1
ACCTACAGTATGTGGT-1_V13B23-285_D1,5
ACCTCCGCCCTCGCTG-1_V13B23-285_D1,2
ACCTCCGTTATTCACC-1_V13B23-285_D1,3
ACCTGCGTGTCATGTT-1_V13B23-285_D1,4
ACGAAATGGGCGGCAC-1_V13B23-285_D1,2
ACGACCCATGAGTTGC-1_V13B23-285_D1,5
ACGAGATATTTGCTTA-1_V13B23-285_D1,24
ACGAGGATACCACTCT-1_V13B23-285_D1,1
ACGAGGTTTACAACGT-1_V13B23-285_D1,12
ACGAGTACGGATGCCC-1_V13B23-285_D1,3
ACGATACATAGAACTA-1_V13B23-285_D1,4
ACGATCATACATAGAG-1_V13B23-285_D1,10
ACGATCATCTTGTAAA-1_V13B23-285_D1,3
ACGATGCATATGTTAT-1_V13B23-285_D1,3
ACGATGGATCCGATGC-1_V13B23-285_D1,14
ACGCAATCACTACAGC-1_V13B23-285_D1,8
ACGCATACGTTTACTA-1_V13B23-285_D1,5
ACGCATTCGTGAGTAC-1_V13B23-285_D1,25
ACGCCAGATGATTTCT-1_V13B23-285_D1,7
ACGCCGCTAGACGACC-1_V13B23-285_D1,1
ACGCGAAGTCAGACGA-1_V13B23-285_D1,16
ACGCGCTACACAGGGT-1_V13B23-285_D1,3
ACGCGGGCCAAGGACA-1_V13B23-285_D1,1
ACGCTAGTGATACACT-1_V13B23-285_D1,3
ACGGAATTTAGCAAAT-1_V13B23-285_D1,1
ACGGACTCTCAAAGCG-1_V13B23-285_D1,2
ACGGAGCGCAAATTAC-1_V13B23-285_D1,4
ACGGATGGTGCGGATA-1_V13B23-285_D1,1
ACGGCACTTGCTTGGG-1_V13B23-285_D1,1
ACGGCCAACATGGACT-1_V13B23-285_D1,1
ACGGCGACGATGGGAA-1_V13B23-285_D1,2
ACGGGAGTGTCGGCCC-1_V13B23-285_D1,3
ACGGGCGTATGCGACA-1_V13B23-285_D1,10
ACGTACAGATTTCTCT-1_V13B23-285_D1,9
ACGTAGATTGCTGATG-1_V13B23-285_D1,4
ACGTATTACTCCGATC-1_V13B23-285_D1,1
ACGTGCGCCTCGTGCA-1_V13B23-285_D1,6
ACGTTAATGTCGAAGA-1_V13B23-285_D1,5
ACGTTAGATTTGCCCG-1_V13B23-285_D1,3
ACGTTCGCAATCAATT-1_V13B23-285_D1,3
ACGTTCGTTCAGGAAA-1_V13B23-285_D1,6
ACGTTCTGTACAAGTC-1_V13B23-285_D1,2
ACGTTTAGTTGTGATC-1_V13B23-285_D1,7
ACTACCAGCTCTCTGG-1_V13B23-285_D1,1
ACTACGCGTTAGAATT-1_V13B23-285_D1,4
ACTAGTTGCGATCGTC-1_V13B23-285_D1,5
ACTATATGCTGTGTTC-1_V13B23-285_D1,8
ACTATCCAGGGCATGG-1_V13B23-285_D1,2
ACTATCTGCCCGCGTA-1_V13B23-285_D1,5
ACTATTCGTCCGTGGT-1_V13B23-285_D1,9
ACTATTTCCGGGCCCA-1_V13B23-285_D1,11
ACTCAAGTGCAAGGCT-1_V13B23-285_D1,4
ACTCAATAAAGGCACG-1_V13B23-285_D1,1
ACTCCCATTCCTAAAG-1_V13B23-285_D1,1
ACTCCCGAATTCGTTT-1_V13B23-285_D1,3
ACTCCCGTAGACTAGG-1_V13B23-285_D1,3
ACTCCCTAATGCTAAA-1_V13B23-285_D1,2
ACTCCCTAGAATAGTA-1_V13B23-285_D1,2
ACTCGCCGTTCGATAA-1_V13B23-285_D1,5
ACTCGCGATCTGACGC-1_V13B23-285_D1,5
ACTCGTAACCCGTCCT-1_V13B23-285_D1,2
ACTCGTCAGTAATCCC-1_V13B23-285_D1,4
ACTCTCTGACTTAGGT-1_V13B23-285_D1,2
ACTCTCTTATACACGA-1_V13B23-285_D1,24
ACTCTTCAGCTCCCGC-1_V13B23-285_D1,3
ACTCTTGTATAGTAAC-1_V13B23-285_D1,2
ACTGAAACGCCGTTAG-1_V13B23-285_D1,2
ACTGAATGGCGAAAGT-1_V13B23-285_D1,2
ACTGCCGTCGTAACTC-1_V13B23-285_D1,7
ACTGCGGACACACCGT-1_V13B23-285_D1,3
ACTGTACGATACACAT-1_V13B23-285_D1,8
ACTGTAGCACTTTGGA-1_V13B23-285_D1,16
ACTGTCCAGGATTATA-1_V13B23-285_D1,1
ACTGTCTTCTTTAGAA-1_V13B23-285_D1,1
ACTGTGCTAGTAGATC-1_V13B23-285_D1,1
ACTTACCGGGCGCGCA-1_V13B23-285_D1,3
ACTTACGCATCCACGC-1_V13B23-285_D1,5
ACTTAGTACGACAAGA-1_V13B23-285_D1,4
ACTTATACTTACCCGG-1_V13B23-285_D1,2
ACTTATTAGGATCGGT-1_V13B23-285_D1,3
ACTTATTTATGTGCCA-1_V13B23-285_D1,2
ACTTCAGGCTGATCCC-1_V13B23-285_D1,5
ACTTCCATGCGGGACA-1_V13B23-285_D1,2
ACTTCGCCATACGCAC-1_V13B23-285_D1,3
ACTTCGCTAGCGAGTG-1_V13B23-285_D1,12
ACTTGACTCCCTCTTT-1_V13B23-285_D1,2
ACTTGGGACCCGGTGG-1_V13B23-285_D1,1
ACTTGTGGATGGAACG-1_V13B23-285_D1,5
ACTTTACCCTCATGAA-1_V13B23-285_D1,18
ACTTTCCTATAGCTTC-1_V13B23-285_D1,3
ACTTTGTCGACGCACT-1_V13B23-285_D1,2
AGAAATTATGACTCGC-1_V13B23-285_D1,5
AGAACCCAGCGTGACA-1_V13B23-285_D1,4
AGAACGTGGTACATTC-1_V13B23-285_D1,7
AGAAGAGCGCCGTTCC-1_V13B23-285_D1,1
AGAAGGTACACTTCAC-1_V13B23-285_D1,3
AGAAGGTTGCCGAATT-1_V13B23-285_D1,1
AGAAGGTTGTAGGTCG-1_V13B23-285_D1,2
AGAAGTGATTCGTGAT-1_V13B23-285_D1,3
AGAATGCGGGTTCGGA-1_V13B23-285_D1,4
AGAATTATGGATTCGA-1_V13B23-285_D1,3
AGAATTGTTTGACATA-1_V13B23-285_D1,1
AGACAGGCATCTCAGC-1_V13B23-285_D1,2
AGACCATGGGATACAA-1_V13B23-285_D1,1
AGACCCACCGCTGATC-1_V13B23-285_D1,1
AGACCCGCCCTCCTCG-1_V13B23-285_D1,7
AGACCGCTCCGCGGTT-1_V13B23-285_D1,5
AGACCGGGAAACCCTG-1_V13B23-285_D1,3
AGACGAAGTGCCGGTC-1_V13B23-285_D1,2
AGACGACGATGCCGCT-1_V13B23-285_D1,3
AGACGCCCACTTCGCC-1_V13B23-285_D1,3
AGACTAGCCTTCCAGA-1_V13B23-285_D1,1
AGAGAACCGTCTAGGA-1_V13B23-285_D1,4
AGAGAAGGAGTACAAT-1_V13B23-285_D1,1
AGAGATCTCTAAAGCG-1_V13B23-285_D1,15
AGAGCAGTTATGAGAC-1_V13B23-285_D1,19
AGAGCCGCCGAGATTT-1_V13B23-285_D1,6
AGAGCGCTTGTAACGG-1_V13B23-285_D1,10
AGAGCGGGCTAATCAT-1_V13B23-285_D1,7
AGAGCGTACAAGCTCG-1_V13B23-285_D1,1
AGAGGCTTCGGAAACC-1_V13B23-285_D1,2
AGAGTAAACTTCACTA-1_V13B23-285_D1,5
AGAGTATAGTGTTACG-1_V13B23-285_D1,11
AGATAACTTCAGGGCC-1_V13B23-285_D1,1
AGATACCAATAGAACC-1_V13B23-285_D1,4
AGATACCAGCACTTCA-1_V13B23-285_D1,26
AGATACCGGTGTTCAC-1_V13B23-285_D1,16
AGATACGACTTCATAT-1_V13B23-285_D1,4
AGATACTCAAGATCGA-1_V13B23-285_D1,2
AGATATAATACGACTA-1_V13B23-285_D1,2
AGATCGTGCATAAGAT-1_V13B23-285_D1,4
AGATCTCAGGTGTGAT-1_V13B23-285_D1,11
AGATGACTCGCCCACG-1_V13B23-285_D1,4
AGATGAGGGTTGCGAT-1_V13B23-285_D1,1
AGATGATGGAGTCTGG-1_V13B23-285_D1,3
AGATGCAAGACGTGCA-1_V13B23-285_D1,3
AGATTATAGGACGTTT-1_V13B23-285_D1,1
AGCAAAGGCCGCTAGT-1_V13B23-285_D1,1
AGCAACATATCTTATT-1_V13B23-285_D1,2
AGCAACCGAAAGTAAT-1_V13B23-285_D1,3
AGCACCAGTACTCACG-1_V13B23-285_D1,1
AGCACTACCGGCCTGT-1_V13B23-285_D1,3
AGCACTACCTCACCAG-1_V13B23-285_D1,2
AGCACTTAAGGACGCC-1_V13B23-285_D1,1
AGCAGAAGGAGAAAGA-1_V13B23-285_D1,15
AGCAGCCAGATGAATA-1_V13B23-285_D1,4
AGCATATCAATATGCT-1_V13B23-285_D1,1
AGCATCATTTCGAAAG-1_V13B23-285_D1,1
AGCATCGTCGATAATT-1_V13B23-285_D1,1
AGCATTACGAGGCAAG-1_V13B23-285_D1,2
AGCCACAGGTTACCCG-1_V13B23-285_D1,2
AGCCACTCCCGTGCTT-1_V13B23-285_D1,1
AGCCCATACATGTAAG-1_V13B23-285_D1,3
AGCCCGGTAGCCTGTA-1_V13B23-285_D1,4
AGCCCTAAGCGAAGTT-1_V13B23-285_D1,7
AGCCCTGTCGCACCGT-1_V13B23-285_D1,5
AGCCCTTCTAATCCGA-1_V13B23-285_D1,4
AGCCCTTGGACATCCC-1_V13B23-285_D1,2
AGCCGTGGCTAAATGT-1_V13B23-285_D1,5
AGCCTTAAAGCGGAAG-1_V13B23-285_D1,3
AGCGACAGGAACGGTC-1_V13B23-285_D1,1
AGCGACATCCCATTCA-1_V13B23-285_D1,4
AGCGACCAACGATATT-1_V13B23-285_D1,4
AGCGATGCGCCTAATA-1_V13B23-285_D1,16
AGCGCATAATGAATCG-1_V13B23-285_D1,1
AGCGCGGGTGCCAATG-1_V13B23-285_D1,1
AGCGCTAGAGCGATGT-1_V13B23-285_D1,2
AGCGGACACTTCGTAG-1_V13B23-285_D1,16
AGCGGGAAGGGTCCAT-1_V13B23-285_D1,4
AGCGGTTGCCGCTCTG-1_V13B23-285_D1,3
AGCGTGGTATTCTACT-1_V13B23-285_D1,2
AGCTAAGTACGCAGGC-1_V13B23-285_D1,2
AGCTAGAAGCAGAAGT-1_V13B23-285_D1,15
AGCTATTTAATCCAAC-1_V13B23-285_D1,4
AGCTCCATATATGTTC-1_V13B23-285_D1,2
AGCTCCTTCGCACATC-1_V13B23-285_D1,2
AGCTCTAGACGTTCCA-1_V13B23-285_D1,1
AGCTCTTCCCAGTGCA-1_V13B23-285_D1,7
AGCTCTTCGTAACCTT-1_V13B23-285_D1,2
AGCTCTTTACTCAGTT-1_V13B23-285_D1,3
AGCTGAAGTAAACCAA-1_V13B23-285_D1,7
AGCTGTAACCTCAATC-1_V13B23-285_D1,2
AGCTTGATCTTAACTT-1_V13B23-285_D1,3
AGGAACGAACGACTTC-1_V13B23-285_D1,5
AGGAAGCTGTCCGCCG-1_V13B23-285_D1,1
AGGACAGTCGAATCCC-1_V13B23-285_D1,2
AGGACATCGCACGTCG-1_V13B23-285_D1,1
AGGACATCGGCACACT-1_V13B23-285_D1,3
AGGACGACCCATTAGA-1_V13B23-285_D1,3
AGGACGCTCGATGTTG-1_V13B23-285_D1,8
AGGAGACATCCACAGT-1_V13B23-285_D1,3
AGGAGAGTCTGGCTAC-1_V13B23-285_D1,3
AGGAGGCCTTCGCGCG-1_V13B23-285_D1,2
AGGATAAAGTCGGGAT-1_V13B23-285_D1,4
AGGATATAGGGATTTA-1_V13B23-285_D1,5
AGGATCACGCGATCTG-1_V13B23-285_D1,3
AGGATTGCTTACGACA-1_V13B23-285_D1,3
AGGCACGTGACTGTCC-1_V13B23-285_D1,5
AGGCAGATGCGTAAAC-1_V13B23-285_D1,3
AGGCAGGGAGCGTACT-1_V13B23-285_D1,3
AGGCATTGTCGTAGGG-1_V13B23-285_D1,2
AGGCCACATTGGTTAC-1_V13B23-285_D1,5
AGGCCACCCGTTATGA-1_V13B23-285_D1,1
AGGCCCATTGTACAGG-1_V13B23-285_D1,9
AGGCCCTAGAACGCCA-1_V13B23-285_D1,3
AGGCCTGAGAATCTCG-1_V13B23-285_D1,2
AGGCGATAACTGGCGT-1_V13B23-285_D1,5
AGGCGGTTTGTCCCGC-1_V13B23-285_D1,3
AGGCGTCTATGGACGG-1_V13B23-285_D1,8
AGGCTATGGTTAGCTT-1_V13B23-285_D1,1
AGGCTTCCCGAAGAAG-1_V13B23-285_D1,11
AGGCTTGCTAGACACC-1_V13B23-285_D1,15
AGGGAAACGAGGTACT-1_V13B23-285_D1,7
AGGGACCGGCTGCGTT-1_V13B23-285_D1,3
AGGGACTCTACGCGAC-1_V13B23-285_D1,3
AGGGAGACATACTTCG-1_V13B23-285_D1,8
AGGGCAGCGGCGTGGT-1_V13B23-285_D1,24
AGGGCCCTAATGTTCT-1_V13B23-285_D1,2
AGGGCGAGCAGCTGAT-1_V13B23-285_D1,1
AGGGCGTGATCGGCTA-1_V13B23-285_D1,1
AGGGCTGCAGTTACAG-1_V13B23-285_D1,5
AGGGTCAGTAACCCTA-1_V13B23-285_D1,4
AGGGTCGATGCGAACT-1_V13B23-285_D1,4
AGGGTGCTCTCGAGGG-1_V13B23-285_D1,3
AGGGTTCCCTTTGGTT-1_V13B23-285_D1,3
AGGGTTTAGTTCGGGA-1_V13B23-285_D1,22
AGGTAACCTCCTATTC-1_V13B23-285_D1,1
AGGTACGATATTGCCA-1_V13B23-285_D1,9
AGGTAGGTACAAAGCT-1_V13B23-285_D1,8
AGGTATAATTGATAGT-1_V13B23-285_D1,3
AGGTATGCGGACATTA-1_V13B23-285_D1,1
AGGTCAGGTGAGAGTG-1_V13B23-285_D1,3
AGGTCGCCTCCCAACA-1_V13B23-285_D1,2
AGGTCGCGGAGTTACT-1_V13B23-285_D1,3
AGGTGTATCGCCATGA-1_V13B23-285_D1,3
AGGTGTTGCCGACCAC-1_V13B23-285_D1,4
AGGTTACACCATGCCG-1_V13B23-285_D1,5
AGGTTGAGGCACGCTT-1_V13B23-285_D1,4
AGGTTTCACACACCTT-1_V13B23-285_D1,1
AGTAATGTCTTGCCGC-1_V13B23-285_D1,16
AGTACATCATTTATCA-1_V13B23-285_D1,17
AGTACGGGCACCTGGC-1_V13B23-285_D1,3
AGTACTCTTATGCCCA-1_V13B23-285_D1,5
AGTAGGAAGGAAGTTG-1_V13B23-285_D1,8
AGTAGGTAACATACAT-1_V13B23-285_D1,7
AGTATAATACTAGGCA-1_V13B23-285_D1,1
AGTATGCTGGAGACCA-1_V13B23-285_D1,11
AGTATTTGGCACGACC-1_V13B23-285_D1,3
AGTCAACACCACCATC-1_V13B23-285_D1,3
AGTCAAGATGACACTT-1_V13B23-285_D1,5
AGTCACTAGCTCTCGA-1_V13B23-285_D1,2
AGTCAGCCACCGCCTG-1_V13B23-285_D1,1
AGTCCATTGGCTGATG-1_V13B23-285_D1,5
AGTCCCGCCTTTAATT-1_V13B23-285_D1,4
AGTCCCTCGCAGAAAG-1_V13B23-285_D1,3
AGTCGACGGTCTCAAG-1_V13B23-285_D1,2
AGTCGGCCCAAACGAC-1_V13B23-285_D1,1
AGTCGGCTCAACTTTA-1_V13B23-285_D1,1
AGTCGGTTGCGTGAGA-1_V13B23-285_D1,5
AGTCGTATAAAGCAGA-1_V13B23-285_D1,2
AGTCGTCGACCACCAA-1_V13B23-285_D1,2
AGTCGTGGGCATTACG-1_V13B23-285_D1,1
AGTCTAAAGTATACTC-1_V13B23-285_D1,1
AGTCTCACAAGACTAC-1_V13B23-285_D1,3
AGTCTGGACATCCTTG-1_V13B23-285_D1,4
AGTCTTCTCCTCAAAT-1_V13B23-285_D1,2
AGTGAACAAACTTCTC-1_V13B23-285_D1,5
AGTGAAGATGGTGTCC-1_V13B23-285_D1,19
AGTGACCTACTTTACG-1_V13B23-285_D1,1
AGTGAGACTTCCAGTA-1_V13B23-285_D1,3
AGTGAGCCTCGCCGCC-1_V13B23-285_D1,11
AGTGAGGGTTTCTGAC-1_V13B23-285_D1,21
AGTGAGTCGAATTAAC-1_V13B23-285_D1,2
AGTGATAACCTGCGCG-1_V13B23-285_D1,5
AGTGATATGAGTAGTT-1_V13B23-285_D1,1
AGTGATTCAAGCAGGA-1_V13B23-285_D1,11
AGTGCACGCTTAAGAA-1_V13B23-285_D1,2
AGTGCGTAGCTCGTAA-1_V13B23-285_D1,12
AGTGCTAAACACAGCA-1_V13B23-285_D1,1
AGTGCTTGCACGAATA-1_V13B23-285_D1,5
AGTGGCGGCAATTTGA-1_V13B23-285_D1,8
AGTGGCGTCTGAAGGT-1_V13B23-285_D1,16
AGTGTATTGCGCATTG-1_V13B23-285_D1,3
AGTGTGGTCTATTGTG-1_V13B23-285_D1,6
AGTTAAACACTTGCGA-1_V13B23-285_D1,1
AGTTAAGCGGTCCCGG-1_V13B23-285_D1,13
AGTTAAGTCAACCGCT-1_V13B23-285_D1,3
AGTTACTCTATCGTGG-1_V13B23-285_D1,13
AGTTCCTACAGAATTA-1_V13B23-285_D1,1
AGTTCCTATTTATGTT-1_V13B23-285_D1,1
AGTTCTGCGTTGTATC-1_V13B23-285_D1,18
AGTTGACATCGGCTGG-1_V13B23-285_D1,8
AGTTGCTGACTGATAT-1_V13B23-285_D1,1
AGTTTATGTAAAGACA-1_V13B23-285_D1,1
AGTTTCGCAGGTCGGA-1_V13B23-285_D1,13
AGTTTGCACCTGCCTC-1_V13B23-285_D1,2
AGTTTGGCACGGGTTG-1_V13B23-285_D1,5
AGTTTGGCCAGACCTA-1_V13B23-285_D1,11
ATAAACGGACCCGTAA-1_V13B23-285_D1,1
ATAAACGTTGCACCAC-1_V13B23-285_D1,5
ATAAAGGCTCGGTCGT-1_V13B23-285_D1,1
ATAACGCCGGAGGGTC-1_V13B23-285_D1,3
ATAACGGAGTCCAACG-1_V13B23-285_D1,4
ATAAGGTGGAGAACAT-1_V13B23-285_D1,2
ATAAGTAGGATTCAGA-1_V13B23-285_D1,3
ATAAGTAGGGCGACTC-1_V13B23-285_D1,8
ATAAGTTACCGCGACG-1_V13B23-285_D1,1
ATAATACCGTTAGCCG-1_V13B23-285_D1,1
ATAATAGCTGTTGAAT-1_V13B23-285_D1,4
ATAATAGTGTAGGGAC-1_V13B23-285_D1,1
ATAATCTTGGAGAACC-1_V13B23-285_D1,2
ATAATTAGCTAAGTAG-1_V13B23-285_D1,1
ATACAGGCCCTCCAAT-1_V13B23-285_D1,5
ATACCACGGGCAACTT-1_V13B23-285_D1,16
ATACCAGGCTAATAGA-1_V13B23-285_D1,24
ATACCGTCATCCATAA-1_V13B23-285_D1,3
ATACCTAACCAAGAAA-1_V13B23-285_D1,2
ATACGAAGGCTTTCCA-1_V13B23-285_D1,3
ATACGCCGGCGAAACC-1_V13B23-285_D1,5
ATACGGAACGTCGTTT-1_V13B23-285_D1,3
ATACGGGTTTCGATTG-1_V13B23-285_D1,1
ATACGTACTTAGCCAC-1_V13B23-285_D1,22
ATACGTCCACTCCTGT-1_V13B23-285_D1,5
ATACGTTATGCACGGA-1_V13B23-285_D1,5
ATACTACCCGTACCAC-1_V13B23-285_D1,2
ATACTAGCATGACCCT-1_V13B23-285_D1,1
ATACTCTCGCCACTCT-1_V13B23-285_D1,16
ATACTGCCTTACACCG-1_V13B23-285_D1,1
ATAGACAACGGGACCT-1_V13B23-285_D1,3
ATAGACGAAGAGAAAG-1_V13B23-285_D1,1
ATAGAGTACTGGGACA-1_V13B23-285_D1,1
ATAGAGTTATCAACTT-1_V13B23-285_D1,11
ATAGCAACTAGGGAAG-1_V13B23-285_D1,18
ATAGGCGGCTATAGAA-1_V13B23-285_D1,3
ATAGGCTAGCTTCGCA-1_V13B23-285_D1,3
ATAGGGATATCCTTGA-1_V13B23-285_D1,18
ATAGGTTGGGCAGATG-1_V13B23-285_D1,4
ATAGTGAAGCGTTCTC-1_V13B23-285_D1,1
ATAGTTCCACCCACTC-1_V13B23-285_D1,6
ATATAAAGCGCTCGTG-1_V13B23-285_D1,2
ATATAAATGTAGCTGC-1_V13B23-285_D1,2
ATATAACACGGGCGCA-1_V13B23-285_D1,2
ATATACGCTCGTGACG-1_V13B23-285_D1,5
ATATCAACCTACAGAG-1_V13B23-285_D1,17
ATATCGGTAGGGAGAT-1_V13B23-285_D1,4
ATATCGTTCCTCGAAC-1_V13B23-285_D1,5
ATATCTCCCTCGTTAA-1_V13B23-285_D1,4
ATATCTTAGGGCCTTC-1_V13B23-285_D1,1
ATATGTCTCCCTAGCC-1_V13B23-285_D1,3
ATATTCAGTTAAACCT-1_V13B23-285_D1,12
ATATTCCACATAGTGA-1_V13B23-285_D1,5
ATATTCCCACAGGTCA-1_V13B23-285_D1,14
ATATTGCTGTCAAAGT-1_V13B23-285_D1,1
ATATTGGAGAGGCCTT-1_V13B23-285_D1,2
ATATTTAACCCTCAAG-1_V13B23-285_D1,1
ATCAAACACTGTTCCA-1_V13B23-285_D1,1
ATCAAACGAAGGTTTG-1_V13B23-285_D1,3
ATCAATCTGGGCTGCA-1_V13B23-285_D1,2
ATCACATTAGAATATC-1_V13B23-285_D1,7
ATCACGTGCTAATTAA-1_V13B23-285_D1,1
ATCACTTCATCCTCGC-1_V13B23-285_D1,4
ATCAGACGGCACGCCG-1_V13B23-285_D1,11
ATCAGCCTCATGCTGC-1_V13B23-285_D1,1
ATCAGCTCGTCCACTA-1_V13B23-285_D1,11
ATCAGGTAGCTGACAG-1_V13B23-285_D1,11
ATCAGTAGGCAGGGAT-1_V13B23-285_D1,1
ATCATAGCCCTATGTA-1_V13B23-285_D1,5
ATCATCCAATATTTGT-1_V13B23-285_D1,5
ATCATGGACTACCGAC-1_V13B23-285_D1,3
ATCCAACGCAGTCATA-1_V13B23-285_D1,1
ATCCAATGGAGGGTCC-1_V13B23-285_D1,3
ATCCACATCGACAGAA-1_V13B23-285_D1,2
ATCCAGAGCAACAACC-1_V13B23-285_D1,1
ATCCAGGATTCGTGAA-1_V13B23-285_D1,2
ATCCGGACCAGCCTGA-1_V13B23-285_D1,1
ATCCTACCTAAGCTCT-1_V13B23-285_D1,1
ATCCTGAATCGCTGCG-1_V13B23-285_D1,1
ATCCTGCGTGGAATGG-1_V13B23-285_D1,3
ATCCTTCTGAAAGAAC-1_V13B23-285_D1,5
ATCGACCCAATACAGA-1_V13B23-285_D1,1
ATCGACTCTTTCCGTT-1_V13B23-285_D1,7
ATCGCACGATTGTTCA-1_V13B23-285_D1,7
ATCGCACGCCGGGAGA-1_V13B23-285_D1,1
ATCGCCAGTCAACATT-1_V13B23-285_D1,5
ATCGCTGCGTGCAGCA-1_V13B23-285_D1,4
ATCGCTTTACGTCTCA-1_V13B23-285_D1,12
ATCGGAGACAGACGGC-1_V13B23-285_D1,5
ATCGGCAAGCAGTCCA-1_V13B23-285_D1,1
ATCGTTAGCTAGCGGA-1_V13B23-285_D1,5
ATCGTTCACTTTCGCC-1_V13B23-285_D1,8
ATCTAATATCCTACGG-1_V13B23-285_D1,4
ATCTCCCACGGAATAT-1_V13B23-285_D1,2
ATCTCCCTGCAATCTA-1_V13B23-285_D1,9
ATCTCGTGAGCGAAAC-1_V13B23-285_D1,5
ATCTGCACCTCTGCGA-1_V13B23-285_D1,10
ATCTGGGCTGTTCTTG-1_V13B23-285_D1,1
ATCTGGTTAAGACTGT-1_V13B23-285_D1,1
ATCTGTAATTGTACCC-1_V13B23-285_D1,22
ATCTTATCGCACACCC-1_V13B23-285_D1,2
ATCTTGACCTGCAACG-1_V13B23-285_D1,1
ATCTTGACTTGTCCAA-1_V13B23-285_D1,3
ATCTTTCGTATAACCA-1_V13B23-285_D1,4
ATGAAGCCAAGGAGCC-1_V13B23-285_D1,4
ATGACGCCGGCTCTAA-1_V13B23-285_D1,6
ATGACGCGTTCTATCC-1_V13B23-285_D1,3
ATGACTATGCGACATT-1_V13B23-285_D1,5
ATGAGGAGTGTTAATC-1_V13B23-285_D1,1
ATGAGGGCAGCGGCTA-1_V13B23-285_D1,5
ATGATCGGGAATAGAC-1_V13B23-285_D1,7
ATGATGCAATGGTACA-1_V13B23-285_D1,1
ATGCACTACCGCATTG-1_V13B23-285_D1,1
ATGCATGATCCAGGAT-1_V13B23-285_D1,1
ATGCCAATCGCTCTGC-1_V13B23-285_D1,3
ATGCCATTTGCGACCA-1_V13B23-285_D1,5
ATGCCGGTCTTGCATA-1_V13B23-285_D1,3
ATGCCGGTTGATGGGA-1_V13B23-285_D1,7
ATGCGACAATTGGTCC-1_V13B23-285_D1,4
ATGCGACAGTCCCATT-1_V13B23-285_D1,2
ATGCGAGTCCCACCAC-1_V13B23-285_D1,5
ATGCTCAGTGTTGCAT-1_V13B23-285_D1,1
ATGCTCTGGCGCGGTA-1_V13B23-285_D1,2
ATGCTTAGGAGTTGAT-1_V13B23-285_D1,2
ATGGAACCTTTGCACA-1_V13B23-285_D1,1
ATGGAGCAGGCCGTGA-1_V13B23-285_D1,20
ATGGATCCGGCGTCCG-1_V13B23-285_D1,7
ATGGATTGACCAAACG-1_V13B23-285_D1,1
ATGGCGGAATAGTCGC-1_V13B23-285_D1,11
ATGGCTGGAAATGGCC-1_V13B23-285_D1,14
ATGGGCCTCGGCCTCT-1_V13B23-285_D1,2
ATGGTCGCGTGGTTTC-1_V13B23-285_D1,2
ATGTAAGGCTGCTCTT-1_V13B23-285_D1,11
ATGTACATGCGGTGAG-1_V13B23-285_D1,2
ATGTGAAAGCCTAATG-1_V13B23-285_D1,1
ATGTGCATCCGACGCA-1_V13B23-285_D1,1
ATGTGGACATCTTGAT-1_V13B23-285_D1,2
ATGTTACGAGCAATAC-1_V13B23-285_D1,2
ATGTTCGTCGACCCAC-1_V13B23-285_D1,8
ATGTTTCGGCCCGGAG-1_V13B23-285_D1,3
ATTAAACATGCGGACC-1_V13B23-285_D1,4
ATTAATACTACGCGGG-1_V13B23-285_D1,4
ATTAATGAACCAGTCG-1_V13B23-285_D1,4
ATTACAACTACCGGCC-1_V13B23-285_D1,8
ATTACATGTCAGTCTT-1_V13B23-285_D1,1
ATTACCACACTGCCTG-1_V13B23-285_D1,5
ATTACGACTCCACAGT-1_V13B23-285_D1,26
ATTACGCGCTGGCAGG-1_V13B23-285_D1,3
ATTACTAGCCTCTTGC-1_V13B23-285_D1,6
ATTACTTACTGGGCAT-1_V13B23-285_D1,1
ATTAGATTCCTCAGCA-1_V13B23-285_D1,17
ATTAGATTGATAGCGG-1_V13B23-285_D1,4
ATTAGGCGATGCTTTC-1_V13B23-285_D1,6
ATTATACTTTGCTCGT-1_V13B23-285_D1,5
ATTATAGCTACTTTAC-1_V13B23-285_D1,3
ATTATGCCATAGGGAG-1_V13B23-285_D1,1
ATTATTATGTCCGTCA-1_V13B23-285_D1,1
ATTCAACCATTTAAGG-1_V13B23-285_D1,2
ATTCACTGATGTTGGA-1_V13B23-285_D1,2
ATTCAGGACCTATTTC-1_V13B23-285_D1,4
ATTCAGTAGCAGGGTC-1_V13B23-285_D1,2
ATTCATATACTGTCCA-1_V13B23-285_D1,5
ATTCATCGTTGAGGCA-1_V13B23-285_D1,18
ATTCCCACATAAACAA-1_V13B23-285_D1,1
ATTCCTAAGACGTGGA-1_V13B23-285_D1,15
ATTCCTCCGCCAGTGC-1_V13B23-285_D1,1
ATTCCTTCCAGGCGGT-1_V13B23-285_D1,1
ATTCGACGCCGGGCCT-1_V13B23-285_D1,3
ATTCGCAGAGGACACT-1_V13B23-285_D1,27
ATTCGCGCCTTGAGAG-1_V13B23-285_D1,5
ATTCGTGCTATCTCTT-1_V13B23-285_D1,5
ATTCTCGTCTCTTTAG-1_V13B23-285_D1,14
ATTCTTCGTACTTATG-1_V13B23-285_D1,24
ATTGAAGATCTTAGTG-1_V13B23-285_D1,1
ATTGACCGGCGATGAC-1_V13B23-285_D1,3
ATTGACGTAACTCGGT-1_V13B23-285_D1,24
ATTGATAGCAACGAGA-1_V13B23-285_D1,1
ATTGATGAGTCCTAAC-1_V13B23-285_D1,4
ATTGCCTTTATGTTTG-1_V13B23-285_D1,2
ATTGCGATCAGTAACT-1_V13B23-285_D1,2
ATTGCTGCTCCTCCAT-1_V13B23-285_D1,1
ATTGGATTACAGCGTA-1_V13B23-285_D1,2
ATTGGGAATATCTTGG-1_V13B23-285_D1,7
ATTGTACAACTCGGCT-1_V13B23-285_D1,8
ATTGTCGCAATACCTT-1_V13B23-285_D1,13
ATTGTGACTTCGCTGC-1_V13B23-285_D1,10
ATTGTTCAACGATCCG-1_V13B23-285_D1,5
ATTTAACTCGTATTAC-1_V13B23-285_D1,15
ATTTACAGTTTACTGG-1_V13B23-285_D1,1
ATTTACTAAGTCCATT-1_V13B23-285_D1,3
ATTTCATTATTTCGCG-1_V13B23-285_D1,4
ATTTCCGGGTTCTGCG-1_V13B23-285_D1,3
ATTTGCGCGAGTAGCT-1_V13B23-285_D1,4
ATTTGTCTTGGGAGCT-1_V13B23-285_D1,1
ATTTGTTCCAGGGCTC-1_V13B23-285_D1,4
CAAACGAGTATCGCAG-1_V13B23-285_D1,3
CAAACGGTCGCACTTT-1_V13B23-285_D1,1
CAAACTACGATAGAGA-1_V13B23-285_D1,13
CAAACTATTGAGCTTC-1_V13B23-285_D1,13
CAAACTCGCGACGCCG-1_V13B23-285_D1,5
CAAAGATTATTGGGCC-1_V13B23-285_D1,1
CAAAGGTCATCTGAAA-1_V13B23-285_D1,5
CAAATCTCTCACAAGG-1_V13B23-285_D1,16
CAAATGTCCTTCCGTG-1_V13B23-285_D1,8
CAAATTGGATTATGCC-1_V13B23-285_D1,3
CAACACATCTCCTGCC-1_V13B23-285_D1,3
CAACCAGTGGCCTACC-1_V13B23-285_D1,8
CAACCTACCGAGCAGT-1_V13B23-285_D1,2
CAACCTGAACCTGCCA-1_V13B23-285_D1,1
CAACGACCCGTTTACA-1_V13B23-285_D1,1
CAACGGTTCTTGATAC-1_V13B23-285_D1,1
CAACGTGGTGGAGTCT-1_V13B23-285_D1,2
CAACTATATCGAATGC-1_V13B23-285_D1,9
CAACTCCTTGATCCCG-1_V13B23-285_D1,1
CAACTGCTCATCCGAT-1_V13B23-285_D1,1
CAAGACTCAGAAGCGC-1_V13B23-285_D1,12
CAAGAGGGCGGAGTAC-1_V13B23-285_D1,22
CAAGATATTATAACGT-1_V13B23-285_D1,2
CAAGCAACGTCGGAGT-1_V13B23-285_D1,1
CAAGCACCAAATGCCT-1_V13B23-285_D1,1
CAAGCGGCACATAATT-1_V13B23-285_D1,4
CAAGGATCGCATGTTC-1_V13B23-285_D1,2
CAAGGCCAGTGGTGCA-1_V13B23-285_D1,2
CAAGGTCCTATAGGCT-1_V13B23-285_D1,3
CAAGTGTGGTTGCAAA-1_V13B23-285_D1,2
CAATAAACCTTGGCCC-1_V13B23-285_D1,7
CAATACGAGAGTCTGA-1_V13B23-285_D1,6
CAATATTCTTGACCTA-1_V13B23-285_D1,2
CAATATTGGACTAGTG-1_V13B23-285_D1,1
CAATCCCTATACCAGC-1_V13B23-285_D1,14
CAATCCTGCCGTGGAG-1_V13B23-285_D1,1
CAATGAGGTTCGACTA-1_V13B23-285_D1,3
CAATGCGAGAAGTATC-1_V13B23-285_D1,5
CAATGGAATCTACATA-1_V13B23-285_D1,21
CAATGGATCTCTACCA-1_V13B23-285_D1,2
CAATGTGCCAACCCTT-1_V13B23-285_D1,3
CAATTAAGGGTGATGA-1_V13B23-285_D1,2
CAATTTCGTATAAGGG-1_V13B23-285_D1,8
CACAAGAAAGATATTA-1_V13B23-285_D1,4
CACAATGAGCTGCTAT-1_V13B23-285_D1,2
CACACACGCTAACGAG-1_V13B23-285_D1,5
CACACAGCTTGCGCTC-1_V13B23-285_D1,5
CACACAGGGATAGATT-1_V13B23-285_D1,1
CACACGCGCTGTCTTA-1_V13B23-285_D1,3
CACAGCACCCACGGCA-1_V13B23-285_D1,1
CACAGCTAGGGAGTGA-1_V13B23-285_D1,7
CACAGGGCCATATAGT-1_V13B23-285_D1,5
CACAGGGCCGTTGTCA-1_V13B23-285_D1,1
CACAGTCCCGCTTCGC-1_V13B23-285_D1,2
CACAGTTCGCTTCCCA-1_V13B23-285_D1,5
CACATATTAGCAGGAT-1_V13B23-285_D1,1
CACATCGTGCACGCGC-1_V13B23-285_D1,1
CACATCTCACCGACGA-1_V13B23-285_D1,2
CACATGATTCAGCAAC-1_V13B23-285_D1,2
CACATGTTTGGACATG-1_V13B23-285_D1,3
CACATTCTTTCGATGG-1_V13B23-285_D1,4
CACATTTCTTGTCAGA-1_V13B23-285_D1,5
CACCAGTCAGCATGCA-1_V13B23-285_D1,4
CACCATCGGAGGAGAC-1_V13B23-285_D1,14
CACCCAAATCTTATGT-1_V13B23-285_D1,3
CACCCACACGTCACCC-1_V13B23-285_D1,1
CACCCACGAGGCAATT-1_V13B23-285_D1,4
CACCCGGTTTGTGACT-1_V13B23-285_D1,11
CACCCTAACAAGATCT-1_V13B23-285_D1,2
CACCCTTGGTGAGACC-1_V13B23-285_D1,4
CACCGATACACCGAGC-1_V13B23-285_D1,21
CACCGCCAGAAGGTTT-1_V13B23-285_D1,1
CACCGCCGACCAGCGA-1_V13B23-285_D1,21
CACCGCGTCCACTCTA-1_V13B23-285_D1,4
CACCGTATCCCATCCG-1_V13B23-285_D1,2
CACCGTTAGGGATCAC-1_V13B23-285_D1,1
CACCGTTGCGCGATAT-1_V13B23-285_D1,4
CACCTAATAGAGTCGT-1_V13B23-285_D1,8
CACCTAATCAGTTTAC-1_V13B23-285_D1,7
CACCTCGATGGTGGAC-1_V13B23-285_D1,7
CACCTTGCGAAACTCG-1_V13B23-285_D1,3
CACCTTGGCGCCTTTG-1_V13B23-285_D1,2
CACGAAAGTTAGTCCC-1_V13B23-285_D1,1
CACGCACAGCGCAGCT-1_V13B23-285_D1,4
CACGCAGCGAGGCTTT-1_V13B23-285_D1,16
CACGCGGAACTGTTGC-1_V13B23-285_D1,5
CACGGACGTGGATGGC-1_V13B23-285_D1,1
CACGGCGCGCCAAAGG-1_V13B23-285_D1,4
CACGTCAATCAATGGA-1_V13B23-285_D1,5
CACGTCGGCAACCTCT-1_V13B23-285_D1,3
CACGTTCGTGCTCTAG-1_V13B23-285_D1,4
CACGTTTCGTACACAC-1_V13B23-285_D1,2
CACTAAAGTTGCCTAT-1_V13B23-285_D1,1
CACTACGGGAGCTGCC-1_V13B23-285_D1,8
CACTCAAGAGCTATGG-1_V13B23-285_D1,2
CACTCAGCTCTTGAGG-1_V13B23-285_D1,13
CACTCCTATGTAAGAT-1_V13B23-285_D1,1
CACTCCTCTCGGTCGG-1_V13B23-285_D1,6
CACTCGAGCTGAACAA-1_V13B23-285_D1,2
CACTCTTCTGCTAGCC-1_V13B23-285_D1,1
CACTGTCCAAGTGAGA-1_V13B23-285_D1,1
CACTTAATCAGACGGA-1_V13B23-285_D1,1
CACTTCGCCACAGGCT-1_V13B23-285_D1,1
CAGAACTTAGCCCTCT-1_V13B23-285_D1,2
CAGAATAACACACGGA-1_V13B23-285_D1,5
CAGAATATTCGTTATC-1_V13B23-285_D1,2
CAGACACCGATCGCTG-1_V13B23-285_D1,4
CAGACCTGTAAGTGTT-1_V13B23-285_D1,3
CAGACGAACCTGATAC-1_V13B23-285_D1,1
CAGAGACGGTCACCCA-1_V13B23-285_D1,1
CAGAGCATGAGCTTGC-1_V13B23-285_D1,3
CAGAGGCGATGCATGA-1_V13B23-285_D1,1
CAGAGTGATTTAACGT-1_V13B23-285_D1,21
CAGATAATGGGCGGGT-1_V13B23-285_D1,2
CAGATACTAACATAGT-1_V13B23-285_D1,2
CAGATCATTTAAAGTC-1_V13B23-285_D1,1
CAGATCCTGGTTTGAA-1_V13B23-285_D1,3
CAGCAGCCCGTTCCTT-1_V13B23-285_D1,3
CAGCAGTCCAGACTAT-1_V13B23-285_D1,5
CAGCAGTCTGTGCTGC-1_V13B23-285_D1,1
CAGCCGGGCCCTCTAT-1_V13B23-285_D1,9
CAGCCTCCTGCAGAGG-1_V13B23-285_D1,7
CAGCCTCGATAGCGGT-1_V13B23-285_D1,2
CAGCCTCTCCTCAAGA-1_V13B23-285_D1,3
CAGCGATTCCCTTCAA-1_V13B23-285_D1,1
CAGCTCACTGAGACAT-1_V13B23-285_D1,1
CAGCTCGACAAGTTAA-1_V13B23-285_D1,8
CAGCTCGTGCTTGTGT-1_V13B23-285_D1,1
CAGCTGGCGTAACCGT-1_V13B23-285_D1,2
CAGCTTAGTAGGTAGC-1_V13B23-285_D1,1
CAGGAAGACTTTATAT-1_V13B23-285_D1,4
CAGGACAGCTGCCCTT-1_V13B23-285_D1,3
CAGGATATATCGTTGT-1_V13B23-285_D1,1
CAGGCAGTCTTACCAG-1_V13B23-285_D1,2
CAGGCCGTTTGGGTGT-1_V13B23-285_D1,12
CAGGCGCACGGTGGTC-1_V13B23-285_D1,1
CAGGCGCCATGCTAGG-1_V13B23-285_D1,1
CAGTAACTATTTATTG-1_V13B23-285_D1,11
CAGTAATCCCTCCCAG-1_V13B23-285_D1,2
CAGTACATTCTCTAAA-1_V13B23-285_D1,8
CAGTACCAGTTTACGT-1_V13B23-285_D1,1
CAGTAGCCCACGCGGT-1_V13B23-285_D1,7
CAGTCGAGGATGCAAT-1_V13B23-285_D1,10
CAGTCTGTATACTGGG-1_V13B23-285_D1,4
CAGTGAATAAATGACT-1_V13B23-285_D1,1
CAGTGGTTGCACATGA-1_V13B23-285_D1,1
CAGTGTCCGCAGAATG-1_V13B23-285_D1,4
CAGTGTCGGCTGGCCC-1_V13B23-285_D1,5
CAGTTCAAATTGACAC-1_V13B23-285_D1,3
CAGTTCCGCGGGTCGA-1_V13B23-285_D1,1
CATAACGGACAGTCGT-1_V13B23-285_D1,3
CATAAGAAGCTTGGCT-1_V13B23-285_D1,1
CATAAGCTCTCCGTCT-1_V13B23-285_D1,11
CATACAAAGCCGAACC-1_V13B23-285_D1,4
CATACACGGTTCCCAC-1_V13B23-285_D1,4
CATACCCGTACCCAGT-1_V13B23-285_D1,4
CATACGGCGTCTGGGC-1_V13B23-285_D1,2
CATACTATGTAATTGT-1_V13B23-285_D1,1
CATACTTAGGCAATAC-1_V13B23-285_D1,3
CATAGCCGCCCGGGAT-1_V13B23-285_D1,3
CATAGCGTTGCCCACC-1_V13B23-285_D1,1
CATAGTACATTGAGAG-1_V13B23-285_D1,7
CATAGTAGCATAGTAG-1_V13B23-285_D1,1
CATAGTCAAATACATA-1_V13B23-285_D1,2
CATAGTCCACAAGAAC-1_V13B23-285_D1,12
CATATACTACTGATAA-1_V13B23-285_D1,3
CATATAGGTACAGTCA-1_V13B23-285_D1,2
CATATGTCAGGCTACG-1_V13B23-285_D1,1
CATATTATTTGCCCTA-1_V13B23-285_D1,21
CATCAAACTGGCGCCC-1_V13B23-285_D1,17
CATCATCTACCCGGAC-1_V13B23-285_D1,13
CATCATTACCCTGAGG-1_V13B23-285_D1,2
CATCCTCTCAAAGATC-1_V13B23-285_D1,2
CATCGCCCGCGGCCAA-1_V13B23-285_D1,4
CATCGGACGGGTTAAT-1_V13B23-285_D1,2
CATCTAGTGAAGGGAA-1_V13B23-285_D1,6
CATCTATCCCGTGTCT-1_V13B23-285_D1,3
CATCTTACACCACCTC-1_V13B23-285_D1,5
CATGAACCGACATTTG-1_V13B23-285_D1,14
CATGACTTCGCTGAAT-1_V13B23-285_D1,5
CATGAGATGCACTCTC-1_V13B23-285_D1,2
CATGATCGCTTTGAGA-1_V13B23-285_D1,1
CATGATGCACAATTCT-1_V13B23-285_D1,4
CATGATGGAAGTTAGC-1_V13B23-285_D1,2
CATGCCAACTCGCAAA-1_V13B23-285_D1,4
CATGCGACCAGTTTAA-1_V13B23-285_D1,1
CATGCGTTAGACAGAA-1_V13B23-285_D1,4
CATGCTGGCTCCAATT-1_V13B23-285_D1,13
CATGGATTGTCTTCCG-1_V13B23-285_D1,2
CATGGCAGGAAGATCG-1_V13B23-285_D1,7
CATGGGTATGCCTTAT-1_V13B23-285_D1,2
CATGGGTCGGGTGTGG-1_V13B23-285_D1,4
CATGGTAAGTAGCGTT-1_V13B23-285_D1,2
CATGGTCTAGATACCG-1_V13B23-285_D1,4
CATGTAAGAGACATTT-1_V13B23-285_D1,2
CATGTAGGAGCGCCAA-1_V13B23-285_D1,11
CATGTCTCATTTATGG-1_V13B23-285_D1,5
CATTACATAGATTGTG-1_V13B23-285_D1,3
CATTACGTCGGCCCGT-1_V13B23-285_D1,2
CATTATGCTTGTTGTG-1_V13B23-285_D1,1
CATTCAGGTCAGTGCG-1_V13B23-285_D1,14
CATTCCCATTCCGTCG-1_V13B23-285_D1,3
CATTCCCTAAGTACAA-1_V13B23-285_D1,1
CATTCGTCGTAGCGGT-1_V13B23-285_D1,2
CATTGATGAACACGCC-1_V13B23-285_D1,10
CATTGCGGGTCAATTC-1_V13B23-285_D1,3
CATTTAGCGGACCATG-1_V13B23-285_D1,1
CATTTCTAGCAGACTA-1_V13B23-285_D1,2
CATTTGAGTGGTACGT-1_V13B23-285_D1,1
CCAAACAGAACCCTCG-1_V13B23-285_D1,4
CCAAATAACAAGATTC-1_V13B23-285_D1,2
CCAACGATGCACTGAT-1_V13B23-285_D1,1
CCAACGCTTGCCAGGG-1_V13B23-285_D1,7
CCAACTTGATAGATCC-1_V13B23-285_D1,6
CCAAGAAAGTGGGCGA-1_V13B23-285_D1,1
CCAAGACTTCTGCGAA-1_V13B23-285_D1,7
CCAAGCGTAACTCGTA-1_V13B23-285_D1,16
CCAAGGAACAGAGAGG-1_V13B23-285_D1,1
CCAATAGTGCCGTCGA-1_V13B23-285_D1,1
CCAATCGGTAGATCGA-1_V13B23-285_D1,13
CCAATGTCACAGCAAG-1_V13B23-285_D1,1
CCAATTACGGGTCGAG-1_V13B23-285_D1,8
CCAATTGAATGTTAAT-1_V13B23-285_D1,4
CCACAATGTACGTCTT-1_V13B23-285_D1,1
CCACACTGAGATATTA-1_V13B23-285_D1,11
CCACAGTACCCATCCT-1_V13B23-285_D1,2
CCACATACTGCACCCA-1_V13B23-285_D1,4
CCACCAACTTTACTGT-1_V13B23-285_D1,2
CCACCCAAGGAAAGTG-1_V13B23-285_D1,4
CCACCTGTATGGAATA-1_V13B23-285_D1,18
CCACGAATTTAACCTC-1_V13B23-285_D1,2
CCACGAGAAGAGAATC-1_V13B23-285_D1,7
CCACGGAGCCATAAGA-1_V13B23-285_D1,1
CCACGGTGCCCGGTAG-1_V13B23-285_D1,1
CCACGTAAATTAGACT-1_V13B23-285_D1,1
CCACTATCCGGGTCAC-1_V13B23-285_D1,4
CCACTGGTGGCTGGTT-1_V13B23-285_D1,1
CCACTGTTTGGATTAA-1_V13B23-285_D1,2
CCAGAAAGCAACTCAT-1_V13B23-285_D1,1
CCAGAGACAAAGCCGG-1_V13B23-285_D1,1
CCAGATAGTTGAGTGA-1_V13B23-285_D1,7
CCAGATGTAAATGGGT-1_V13B23-285_D1,19
CCAGCCTGGACCAATA-1_V13B23-285_D1,5
CCAGCGGGATCACCAG-1_V13B23-285_D1,11
CCAGCTCGAACGCATT-1_V13B23-285_D1,1
CCAGCTGATGGTACTT-1_V13B23-285_D1,3
CCAGCTTCCGCCCGCA-1_V13B23-285_D1,1
CCAGGCTGGCGTCTGA-1_V13B23-285_D1,5
CCAGGGACGTGGCCTC-1_V13B23-285_D1,1
CCAGTAGTCTGATCCA-1_V13B23-285_D1,4
CCAGTCCATTATTCGA-1_V13B23-285_D1,4
CCAGTCTAGACGGCGC-1_V13B23-285_D1,1
CCAGTCTTGTCATAGA-1_V13B23-285_D1,11
CCATAAACAACCCGAC-1_V13B23-285_D1,13
CCATACCTTTACTTGT-1_V13B23-285_D1,3
CCATAGGTTGGCGTGG-1_V13B23-285_D1,7
CCATAGTCAGTAACCC-1_V13B23-285_D1,11
CCATATGGAAACTATA-1_V13B23-285_D1,2
CCATCCATACCAAGTC-1_V13B23-285_D1,1
CCATCGCAGTTAAACT-1_V13B23-285_D1,1
CCATCTCACCAGTGAA-1_V13B23-285_D1,5
CCATGCCCTAGATTTC-1_V13B23-285_D1,5
CCATGCCTGTTTAGTA-1_V13B23-285_D1,1
CCATGCTCTGCAGGAA-1_V13B23-285_D1,1
CCATGGCCCTTGTACC-1_V13B23-285_D1,2
CCATTAGCGATAATCC-1_V13B23-285_D1,1
CCATTCCCTGCCCACA-1_V13B23-285_D1,1
CCATTGTTTCCTCCAT-1_V13B23-285_D1,3
CCATTTCTACCTATTA-1_V13B23-285_D1,2
CCCAAACATGCTGCTC-1_V13B23-285_D1,3
CCCAACATACGTCGCG-1_V13B23-285_D1,3
CCCAACCACACTAACA-1_V13B23-285_D1,23
CCCAATGAGATTTGCA-1_V13B23-285_D1,1
CCCAATTTCACAACTT-1_V13B23-285_D1,3
CCCAGAGGAGGGCGTA-1_V13B23-285_D1,15
CCCAGGTCTGAAGGCT-1_V13B23-285_D1,5
CCCAGTAAACTTGGGA-1_V13B23-285_D1,4
CCCAGTTAAGGCGCCG-1_V13B23-285_D1,2
CCCATATAGGTCGATT-1_V13B23-285_D1,2
CCCGACCATAGTCCGC-1_V13B23-285_D1,7
CCCGAGTTTCTCCGTA-1_V13B23-285_D1,2
CCCGATAGCCTCGCCT-1_V13B23-285_D1,11
CCCGCAGCGCGAACTA-1_V13B23-285_D1,1
CCCGCAGGGCCCAAAG-1_V13B23-285_D1,9
CCCGCCATGCTCCCGT-1_V13B23-285_D1,1
CCCGCGCAATGCACCC-1_V13B23-285_D1,1
CCCGGTGGAAGAACCT-1_V13B23-285_D1,1
CCCGGTGTATCGGAAT-1_V13B23-285_D1,3
CCCGTAAGTCTAGGCC-1_V13B23-285_D1,3
CCCGTAGCTGGGAAGA-1_V13B23-285_D1,3
CCCGTCAGCGTCTGAC-1_V13B23-285_D1,1
CCCGTTTCGCAGATGT-1_V13B23-285_D1,2
CCCTAGTGTCAGGTGT-1_V13B23-285_D1,1
CCCTATGTAGAGCAGA-1_V13B23-285_D1,6
CCCTCATTCTGGAATT-1_V13B23-285_D1,16
CCCTCCTCGCTCGTAT-1_V13B23-285_D1,5
CCCTGAAATGAGTTGA-1_V13B23-285_D1,1
CCCTGATGTAACTCGT-1_V13B23-285_D1,1
CCCTGCCCAATCCGCT-1_V13B23-285_D1,8
CCCTGCGCTACGCATA-1_V13B23-285_D1,8
CCCTTTAATGGAGTTC-1_V13B23-285_D1,5
CCCTTTGACAGGTCTT-1_V13B23-285_D1,2
CCGAAAGTGGTGAGCA-1_V13B23-285_D1,1
CCGAACACTGGGCCTC-1_V13B23-285_D1,3
CCGAACCTTCCCGGCC-1_V13B23-285_D1,1
CCGAAGGGCGTACCGC-1_V13B23-285_D1,11
CCGAAGTATATTGTTC-1_V13B23-285_D1,3
CCGACAAAGGGAGTGC-1_V13B23-285_D1,1
CCGACAATAGGCCGCC-1_V13B23-285_D1,5
CCGACGGGCATGAGGT-1_V13B23-285_D1,2
CCGACGTAAACACAAC-1_V13B23-285_D1,22
CCGAGAAGTCGCATAA-1_V13B23-285_D1,5
CCGAGCTGTGCTTGTC-1_V13B23-285_D1,10
CCGATATGACGTAAGG-1_V13B23-285_D1,5
CCGATCTCAACCTTAT-1_V13B23-285_D1,20
CCGATTCGAGGGACCC-1_V13B23-285_D1,4
CCGCACAAAGACCAAC-1_V13B23-285_D1,4
CCGCACACGAACGTGT-1_V13B23-285_D1,2
CCGCACGTGACCTCGG-1_V13B23-285_D1,1
CCGCATGTGGTACGAT-1_V13B23-285_D1,1
CCGCCGGAACTTCTCG-1_V13B23-285_D1,12
CCGCCGGTCAACACAC-1_V13B23-285_D1,9
CCGCCTGCGAATTGGT-1_V13B23-285_D1,4
CCGCGGAATGCGTCAC-1_V13B23-285_D1,2
CCGCGGGTACGAAGAA-1_V13B23-285_D1,1
CCGCGTAGGTAAGGGC-1_V13B23-285_D1,1
CCGCTATCAGCACCAG-1_V13B23-285_D1,2
CCGCTCTTCCGAACTA-1_V13B23-285_D1,2
CCGCTTACCTCACTCT-1_V13B23-285_D1,3
CCGCTTGCTGACATGG-1_V13B23-285_D1,11
CCGGAAGTTATCAGTC-1_V13B23-285_D1,6
CCGGAATGGTTTCAGT-1_V13B23-285_D1,2
CCGGAGCGTACTTTCT-1_V13B23-285_D1,1
CCGGAGGTCTTATGGT-1_V13B23-285_D1,17
CCGGCACGACCGTTTC-1_V13B23-285_D1,3
CCGGCGCATATTGGAT-1_V13B23-285_D1,13
CCGGGACCCGCAGAGA-1_V13B23-285_D1,4
CCGGGCGGTCTCGTCA-1_V13B23-285_D1,1
CCGGGCTGCTCCATAC-1_V13B23-285_D1,2
CCGGGTTCGAGGTTAC-1_V13B23-285_D1,6
CCGGTAATGGCTAGTC-1_V13B23-285_D1,2
CCGGTTTGTAATTGTG-1_V13B23-285_D1,8
CCGTAAGTTGGTCCCA-1_V13B23-285_D1,11
CCGTACCCAAGCGCCA-1_V13B23-285_D1,1
CCGTAGGAAATCCCTG-1_V13B23-285_D1,2
CCGTAGGGTTGTTTAC-1_V13B23-285_D1,2
CCGTATCTCGTCGTAG-1_V13B23-285_D1,3
CCGTATTAGCGCAGTT-1_V13B23-285_D1,4
CCGTGAGGCATTCATG-1_V13B23-285_D1,16
CCGTGCCCATGACGGC-1_V13B23-285_D1,14
CCGTGGAACGATCCAA-1_V13B23-285_D1,3
CCGTGTTAAATTCCAT-1_V13B23-285_D1,1
CCGTTACGTTAGAACA-1_V13B23-285_D1,7
CCGTTCCGAATCTCGG-1_V13B23-285_D1,3
CCTAAAGGCTGACGCT-1_V13B23-285_D1,9
CCTAAATTAACGGTTC-1_V13B23-285_D1,1
CCTAAATTGTATCCTA-1_V13B23-285_D1,2
CCTAACCCAAACAAGT-1_V13B23-285_D1,2
CCTAACTAAGGCTCTA-1_V13B23-285_D1,2
CCTACATTCACAGACG-1_V13B23-285_D1,3
CCTACGGCTCAGTCGA-1_V13B23-285_D1,1
CCTACTCAACACGATT-1_V13B23-285_D1,2
CCTACTGCGGCGGCCA-1_V13B23-285_D1,3
CCTACTGCTTACACTT-1_V13B23-285_D1,1
CCTAGGCGTAGCGATC-1_V13B23-285_D1,11
CCTAGTTAGTCGCATG-1_V13B23-285_D1,13
CCTATAATGAGTGCCC-1_V13B23-285_D1,2
CCTATACCGTCCTGTC-1_V13B23-285_D1,3
CCTATATTTGTCCTGG-1_V13B23-285_D1,1
CCTATGAAGTGGTGCC-1_V13B23-285_D1,3
CCTATGGGTTACCGTC-1_V13B23-285_D1,4
CCTATGTCCACTCCAC-1_V13B23-285_D1,2
CCTCACCAATCTTGAC-1_V13B23-285_D1,1
CCTCACCTGAGGGAGC-1_V13B23-285_D1,10
CCTCACCTTAGCATCG-1_V13B23-285_D1,3
CCTCACGTCAGCTAAT-1_V13B23-285_D1,5
CCTCATGCAGCTACGA-1_V13B23-285_D1,3
CCTCCCGACAATCCCT-1_V13B23-285_D1,24
CCTCCGACAATTCAAG-1_V13B23-285_D1,2
CCTCCTGTTGTGTCGT-1_V13B23-285_D1,1
CCTCGAAGTGGACGGG-1_V13B23-285_D1,6
CCTCGCCAGCAAATTA-1_V13B23-285_D1,7
CCTCGCGCGATATAGG-1_V13B23-285_D1,1
CCTCGCGCTGTGCGAT-1_V13B23-285_D1,3
CCTCGGACCGGGATAG-1_V13B23-285_D1,2
CCTCTAATCTGCCAAG-1_V13B23-285_D1,1
CCTCTATCGATTAGCA-1_V13B23-285_D1,1
CCTCTCTCCCATCTAG-1_V13B23-285_D1,2
CCTCTGGCCTAGACGG-1_V13B23-285_D1,9
CCTCTGTACTATTCTA-1_V13B23-285_D1,1
CCTGAACGATATATTC-1_V13B23-285_D1,2
CCTGAATATTTACATA-1_V13B23-285_D1,1
CCTGACCACCGATGGT-1_V13B23-285_D1,2
CCTGCGATAGAACTGT-1_V13B23-285_D1,1
CCTGCGTTCTACGCTT-1_V13B23-285_D1,1
CCTGCTATTTGAGAAG-1_V13B23-285_D1,3
CCTGGAAACGTTCTGC-1_V13B23-285_D1,5
CCTGGCTAGACCCGCC-1_V13B23-285_D1,3
CCTGGTCGAATGTGGG-1_V13B23-285_D1,2
CCTGTAAGACATGATA-1_V13B23-285_D1,3
CCTGTACTCACGCCCA-1_V13B23-285_D1,4
CCTGTCACCCGGGCTC-1_V13B23-285_D1,1
CCTGTCCCTCACGTTA-1_V13B23-285_D1,3
CCTGTCGCCCGTAAAT-1_V13B23-285_D1,5
CCTGTTTGAAGACACG-1_V13B23-285_D1,5
CCTTCAGTTAAAGTGA-1_V13B23-285_D1,2
CCTTCTTGATCCAGTG-1_V13B23-285_D1,7
CCTTGACCACTTTATT-1_V13B23-285_D1,2
CCTTTAAGGGAGCACT-1_V13B23-285_D1,1
CCTTTCAATGAAGAAA-1_V13B23-285_D1,15
CGAAACATAGATGGCA-1_V13B23-285_D1,9
CGAAACGCAATTCATG-1_V13B23-285_D1,11
CGAACAGTATGGGCGT-1_V13B23-285_D1,2
CGAACCCGCATGCGTC-1_V13B23-285_D1,1
CGAACGCCCAGTGCCG-1_V13B23-285_D1,9
CGAACGGCCGGACAAC-1_V13B23-285_D1,3
CGAAGCTATAAATTCA-1_V13B23-285_D1,4
CGAAGTTGCTCTGTGT-1_V13B23-285_D1,1
CGAATGACGCATAATG-1_V13B23-285_D1,1
CGAATTCCCGGTTCAA-1_V13B23-285_D1,5
CGACAATTTGATCTAA-1_V13B23-285_D1,5
CGACACGCTCCGACAG-1_V13B23-285_D1,5
CGACAGTTCGCGTTAT-1_V13B23-285_D1,2
CGACATGCGATCTTCT-1_V13B23-285_D1,23
CGACTCAGGATGTTAT-1_V13B23-285_D1,4
CGACTTTGTATAGCCT-1_V13B23-285_D1,11
CGAGACCCTAGAGTGT-1_V13B23-285_D1,2
CGAGAGATGTGAACCT-1_V13B23-285_D1,3
CGAGAGCTTTCACTAC-1_V13B23-285_D1,1
CGAGAGGGTAGCCGCG-1_V13B23-285_D1,1
CGAGATTTCGCTCGGG-1_V13B23-285_D1,5
CGAGCACTTCAAGTTT-1_V13B23-285_D1,4
CGAGCGTTGATCAGCC-1_V13B23-285_D1,14
CGAGCTGGGCTTTAGG-1_V13B23-285_D1,2
CGAGGAGCTTCCATAT-1_V13B23-285_D1,10
CGAGGATCGGGAACGA-1_V13B23-285_D1,11
CGAGGCCAGGCATTGG-1_V13B23-285_D1,4
CGAGGCTAAATATGGC-1_V13B23-285_D1,3
CGAGGGACTGCGGTCG-1_V13B23-285_D1,6
CGAGTACTAAAGAGGA-1_V13B23-285_D1,4
CGAGTGAAGGTACCAG-1_V13B23-285_D1,3
CGAGTGCTATAGTTCG-1_V13B23-285_D1,16
CGAGTTCTGTCCCACC-1_V13B23-285_D1,8
CGAGTTTATCGGACTG-1_V13B23-285_D1,3
CGATAATACTCAGGTT-1_V13B23-285_D1,5
CGATACCTCGCGGACA-1_V13B23-285_D1,12
CGATAGTCGTACTGCA-1_V13B23-285_D1,3
CGATCCGACCCAGTGC-1_V13B23-285_D1,1
CGATCTGTTGGAGGAC-1_V13B23-285_D1,1
CGATGGACCCTACGCC-1_V13B23-285_D1,1
CGATGTTGTTATCTAC-1_V13B23-285_D1,3
CGATTAAATATCTCCT-1_V13B23-285_D1,16
CGATTCGCCTGGCTGC-1_V13B23-285_D1,1
CGCAAACACGAGTTAC-1_V13B23-285_D1,2
CGCAATTACTTTCGGT-1_V13B23-285_D1,1
CGCAATTAGGGTAATA-1_V13B23-285_D1,1
CGCAATTCTACAATAA-1_V13B23-285_D1,1
CGCACATGTCCACTAC-1_V13B23-285_D1,5
CGCACGTGCGCTATCA-1_V13B23-285_D1,5
CGCAGATCTTCACCCG-1_V13B23-285_D1,3
CGCAGGCGATCCAAAC-1_V13B23-285_D1,2
CGCATCATGGCTTCAG-1_V13B23-285_D1,24
CGCATCCATCAGCCAG-1_V13B23-285_D1,3
CGCATGGTGCGATGCT-1_V13B23-285_D1,5
CGCATTAGCTAATAGG-1_V13B23-285_D1,8
CGCCAAGAAGCCGAGT-1_V13B23-285_D1,8
CGCCATCCGATTATGA-1_V13B23-285_D1,4
CGCCCAGCACGCCTAG-1_V13B23-285_D1,3
CGCCCAGCGTTTCACG-1_V13B23-285_D1,2
CGCCCGCTTCCGTACA-1_V13B23-285_D1,7
CGCCCTTGAAGGCTGA-1_V13B23-285_D1,3
CGCCGCCCATGCCTGT-1_V13B23-285_D1,1
CGCCGTCTACCCATCG-1_V13B23-285_D1,3
CGCCGTTCAGCATAGT-1_V13B23-285_D1,2
CGCCTCCCTCCTCTAT-1_V13B23-285_D1,2
CGCCTGGCCTACGTAA-1_V13B23-285_D1,3
CGCCTTTAGCATGCTC-1_V13B23-285_D1,2
CGCGAAGTGGCATACT-1_V13B23-285_D1,5
CGCGACCGCGACAGAT-1_V13B23-285_D1,1
CGCGAGAGGGACTTGT-1_V13B23-285_D1,4
CGCGAGTCTGCCGGGT-1_V13B23-285_D1,8
CGCGCAAATGTCCAGA-1_V13B23-285_D1,4
CGCGCATGTTTGATTG-1_V13B23-285_D1,1
CGCGCCCGACTTAATA-1_V13B23-285_D1,4
CGCGGCAGTATTACGG-1_V13B23-285_D1,18
CGCGGCTCAACTTGAA-1_V13B23-285_D1,5
CGCGGGAATTAGGCAG-1_V13B23-285_D1,7
CGCGGTAAGTCTAGCT-1_V13B23-285_D1,8
CGCGGTACGGTATACA-1_V13B23-285_D1,5
CGCGGTCACAAACCAA-1_V13B23-285_D1,8
CGCGTTCATGAAATAC-1_V13B23-285_D1,1
CGCTACGGGACATTTA-1_V13B23-285_D1,16
CGCTAGAGACCGCTGC-1_V13B23-285_D1,2
CGCTATACCGCCCACT-1_V13B23-285_D1,2
CGCTATTCAATGTATG-1_V13B23-285_D1,1
CGCTATTCTTAGGCTC-1_V13B23-285_D1,5
CGCTCGACATAATGAT-1_V13B23-285_D1,4
CGCTCTCCGTAGATTA-1_V13B23-285_D1,1
CGCTGGTGACTACCCT-1_V13B23-285_D1,2
CGCTGTGACGCCGCAC-1_V13B23-285_D1,3
CGCTGTGTGGATGTTG-1_V13B23-285_D1,3
CGCTTATTCCCGGTCG-1_V13B23-285_D1,3
CGCTTCCACTGAAATC-1_V13B23-285_D1,1
CGCTTCGGTCTAAGAC-1_V13B23-285_D1,5
CGCTTGGACGGATAGA-1_V13B23-285_D1,2
CGCTTTCATACCGGTG-1_V13B23-285_D1,1
CGCTTTCTTGCATTCG-1_V13B23-285_D1,3
CGGAAAGAATCAAACG-1_V13B23-285_D1,4
CGGAACGTAAACATAG-1_V13B23-285_D1,8
CGGAGCAATTTAATCG-1_V13B23-285_D1,4
CGGAGCATGGCGATCC-1_V13B23-285_D1,1
CGGAGCTTATAACACC-1_V13B23-285_D1,21
CGGAGTTTGAGAGACA-1_V13B23-285_D1,4
CGGATAAGCGGACATG-1_V13B23-285_D1,3
CGGATCCTCAAGGACT-1_V13B23-285_D1,1
CGGCAAACATCGTGCG-1_V13B23-285_D1,2
CGGCAATAAGATCGCC-1_V13B23-285_D1,5
CGGCACCGTTAGCGCC-1_V13B23-285_D1,3
CGGCACTCAAGAAAGT-1_V13B23-285_D1,1
CGGCAGGGTCGGGTTG-1_V13B23-285_D1,10
CGGCCACGCACAAAGT-1_V13B23-285_D1,1
CGGCCCAACCTGTAGT-1_V13B23-285_D1,10
CGGCCCAGGTATATCC-1_V13B23-285_D1,1
CGGCGCCATCAATCCC-1_V13B23-285_D1,18
CGGCTCTAAAGCTGCA-1_V13B23-285_D1,5
CGGCTCTTCGTCGAAC-1_V13B23-285_D1,21
CGGGAATATAGTATAC-1_V13B23-285_D1,6
CGGGAATTTATGTAAA-1_V13B23-285_D1,1
CGGGAGCTTCAGTGTA-1_V13B23-285_D1,5
CGGGAGTATACCGCCG-1_V13B23-285_D1,3
CGGGATCAATGTAAGA-1_V13B23-285_D1,1
CGGGCAGCTAAACCGC-1_V13B23-285_D1,16
CGGGCCATAGCCGCAC-1_V13B23-285_D1,1
CGGGCCTTCTTTGTAA-1_V13B23-285_D1,11
CGGGTGTACCCATTTA-1_V13B23-285_D1,3
CGGGTTTGTTAGGGCT-1_V13B23-285_D1,5
CGGTACTAGAATCAAA-1_V13B23-285_D1,18
CGGTAGAGGTGCAGGT-1_V13B23-285_D1,4
CGGTATAGGTATTAGC-1_V13B23-285_D1,16
CGGTCAAGTGGGAACC-1_V13B23-285_D1,1
CGGTCAGTCCATATTT-1_V13B23-285_D1,2
CGGTCCATGAGACTCC-1_V13B23-285_D1,10
CGGTCCGTCGCAAGCC-1_V13B23-285_D1,3
CGGTCTATCAACCCGT-1_V13B23-285_D1,13
CGGTGAAGACTAAAGT-1_V13B23-285_D1,3
CGGTGCAGATAGAACG-1_V13B23-285_D1,1
CGGTGCGCGTTGGTCC-1_V13B23-285_D1,12
CGGTGGGCTCCAGCCT-1_V13B23-285_D1,3
CGGTGTACTTGATCCC-1_V13B23-285_D1,4
CGGTTATCCAACAGTG-1_V13B23-285_D1,4
CGGTTCAAGTAGGTGT-1_V13B23-285_D1,2
CGGTTCCGGCTTCTTG-1_V13B23-285_D1,7
CGGTTGACCTGGCATA-1_V13B23-285_D1,3
CGTAAACGCTTGAGTG-1_V13B23-285_D1,4
CGTACCTGATAGGCCT-1_V13B23-285_D1,4
CGTAGCGAATTGTCAG-1_V13B23-285_D1,6
CGTATCTAGAACTAAG-1_V13B23-285_D1,2
CGTATTAAGAGATCTA-1_V13B23-285_D1,1
CGTATTGTTTCCTAAT-1_V13B23-285_D1,18
CGTCAAATGGTCGCAG-1_V13B23-285_D1,3
CGTCAAGGCTATAAAT-1_V13B23-285_D1,1
CGTCACGTCCATTGGT-1_V13B23-285_D1,1
CGTCAGTGCGCACAAG-1_V13B23-285_D1,14
CGTCATACCATATCCA-1_V13B23-285_D1,1
CGTCGCATGTGAGCCA-1_V13B23-285_D1,1
CGTCGGATAGTGTTGA-1_V13B23-285_D1,3
CGTCGGGTCTAAGCGC-1_V13B23-285_D1,3
CGTCGTCCTTCGCGAA-1_V13B23-285_D1,1
CGTCTGGAAGGGCCCG-1_V13B23-285_D1,7
CGTCTTGAGTGTGACG-1_V13B23-285_D1,2
CGTGAAGTTAATTCAC-1_V13B23-285_D1,1
CGTGACATTGGGTCGT-1_V13B23-285_D1,13
CGTGACCAGTCCTCTG-1_V13B23-285_D1,4
CGTGCAGACTGGGACA-1_V13B23-285_D1,2
CGTGCATTGTCGACGC-1_V13B23-285_D1,4
CGTGCCCTCCCGAAGA-1_V13B23-285_D1,5
CGTGCTGGCCTAGTCG-1_V13B23-285_D1,3
CGTGGAAGCCTCGTAC-1_V13B23-285_D1,2
CGTGGCCGAATATCTA-1_V13B23-285_D1,2
CGTGTATGGGAGCTGA-1_V13B23-285_D1,25
CGTGTCCCATTCGCGA-1_V13B23-285_D1,1
CGTGTCTCGTTACGAC-1_V13B23-285_D1,1
CGTGTGTTAAACCCTG-1_V13B23-285_D1,3
CGTTAAACTAGTTAGG-1_V13B23-285_D1,5
CGTTAATGTCCCGACG-1_V13B23-285_D1,4
CGTTAGCTCACAACTG-1_V13B23-285_D1,6
CGTTCATGGTGCGCGT-1_V13B23-285_D1,2
CGTTCTTCGCACACCT-1_V13B23-285_D1,3
CGTTGAATACCGCGCT-1_V13B23-285_D1,2
CGTTGAGCGACCGTCG-1_V13B23-285_D1,2
CGTTGAGTAATTGCGT-1_V13B23-285_D1,15
CGTTGTAAGATTGATT-1_V13B23-285_D1,10
CGTTGTCGGCAATTGA-1_V13B23-285_D1,1
CGTTGTTTCAATTCCC-1_V13B23-285_D1,1
CGTTTAAGCGGAGCAC-1_V13B23-285_D1,13
CGTTTACAAGGCAGCT-1_V13B23-285_D1,10
CGTTTCACTTCGGGCG-1_V13B23-285_D1,11
CGTTTCGCTCATTACA-1_V13B23-285_D1,1
CGTTTGGTGTTGTGGG-1_V13B23-285_D1,2
CGTTTGTGTAGAGGGT-1_V13B23-285_D1,3
CTAAAGAATGCCTACT-1_V13B23-285_D1,3
CTAAAGGGAAATAGGA-1_V13B23-285_D1,1
CTAAATCCGGTGTACA-1_V13B23-285_D1,1
CTAAATCCTATTCCGG-1_V13B23-285_D1,3
CTAACCGCGCGCCCGT-1_V13B23-285_D1,2
CTAACGAAACTTGCTG-1_V13B23-285_D1,10
CTAACTGATAATCGCC-1_V13B23-285_D1,5
CTAACTGGTCCGGTTC-1_V13B23-285_D1,3
CTAAGGGAATGATTGG-1_V13B23-285_D1,2
CTAATTCGCACGCGCT-1_V13B23-285_D1,1
CTAATTCTCAGATATT-1_V13B23-285_D1,10
CTAATTTCAACAACAC-1_V13B23-285_D1,1
CTACAAGAAATAACCC-1_V13B23-285_D1,8
CTACACTCGCAGATGG-1_V13B23-285_D1,2
CTACCCTAAGGTCATA-1_V13B23-285_D1,3
CTACGACTAGCTATAA-1_V13B23-285_D1,4
CTACGCACGGAGTACC-1_V13B23-285_D1,1
CTACGCCATTTCCGAT-1_V13B23-285_D1,13
CTACTATCATAGGTTT-1_V13B23-285_D1,1
CTACTATCTTTCAGAG-1_V13B23-285_D1,3
CTACTCAAGGTATAGT-1_V13B23-285_D1,1
CTACTCTAGGCCCGGC-1_V13B23-285_D1,1
CTACTGCCACCTGACC-1_V13B23-285_D1,1
CTAGACTGCATTTCGT-1_V13B23-285_D1,7
CTAGATGTGAGTGTAA-1_V13B23-285_D1,11
CTAGATTTACGACGGC-1_V13B23-285_D1,2
CTAGCATAGTATAATG-1_V13B23-285_D1,1
CTAGCCACAGGCGAGC-1_V13B23-285_D1,2
CTAGCCGATGTTATGA-1_V13B23-285_D1,4
CTAGCTTAATGGTCCC-1_V13B23-285_D1,5
CTAGGCGCCCTATCAG-1_V13B23-285_D1,2
CTAGGTCTGAAGGAAT-1_V13B23-285_D1,3
CTAGGTTCGGACGTGA-1_V13B23-285_D1,2
CTAGTAGAAAGGGATT-1_V13B23-285_D1,1
CTAGTATTCGGAATTA-1_V13B23-285_D1,13
CTAGTCACGTCTTAAG-1_V13B23-285_D1,5
CTAGTGAAGGACAGGA-1_V13B23-285_D1,1
CTAGTTACAACCCGGT-1_V13B23-285_D1,2
CTAGTTGGGCCCGGTA-1_V13B23-285_D1,1
CTATAAGAGCCAATCG-1_V13B23-285_D1,2
CTATCGACGAAATACA-1_V13B23-285_D1,2
CTATCGCGTAGAGAAC-1_V13B23-285_D1,5
CTATCGGGTCTCAACA-1_V13B23-285_D1,1
CTATGCCCGAATGCAA-1_V13B23-285_D1,4
CTATGGGAAGCGGAAT-1_V13B23-285_D1,6
CTATGTCACTAGCCCA-1_V13B23-285_D1,3
CTATGTCTATTGAAAC-1_V13B23-285_D1,21
CTATGTGAGTCACGGC-1_V13B23-285_D1,1
CTATTCATGTGTCCCA-1_V13B23-285_D1,4
CTATTGTGTTTGGTCA-1_V13B23-285_D1,4
CTATTTGGTTACGGAT-1_V13B23-285_D1,3
CTCAACTAACCCGGAT-1_V13B23-285_D1,2
CTCAAGACATTAGCGC-1_V13B23-285_D1,1
CTCACACGCAAGCCTA-1_V13B23-285_D1,26
CTCACATTTACTAAAT-1_V13B23-285_D1,1
CTCACTGTGATACTTA-1_V13B23-285_D1,1
CTCACTTGGCTGGTAA-1_V13B23-285_D1,4
CTCAGGACTCACCTGT-1_V13B23-285_D1,4
CTCAGTCACGACAAAT-1_V13B23-285_D1,1
CTCATCACTTAGTGAT-1_V13B23-285_D1,12
CTCATGGTAATTTGCG-1_V13B23-285_D1,3
CTCATTAACGTTGCCC-1_V13B23-285_D1,12
CTCATTGCTCTAACAA-1_V13B23-285_D1,2
CTCATTTGATGGGCGG-1_V13B23-285_D1,4
CTCCCAATGAGTCGCG-1_V13B23-285_D1,5
CTCCCTCCTTTCGATC-1_V13B23-285_D1,4
CTCCGCCCACATGAGG-1_V13B23-285_D1,1
CTCCGGCCTAATATGC-1_V13B23-285_D1,2
CTCCGGCTTGTAGACA-1_V13B23-285_D1,1
CTCCTAAGTTATGTCT-1_V13B23-285_D1,1
CTCCTCCAGCTCACAC-1_V13B23-285_D1,3
CTCCTGTTCAAGGCAG-1_V13B23-285_D1,5
CTCCTTTACGCAAGTC-1_V13B23-285_D1,3
CTCGAGGTCGAACAGT-1_V13B23-285_D1,3
CTCGATATTTGCGAGC-1_V13B23-285_D1,4
CTCGCACCTATATAGT-1_V13B23-285_D1,4
CTCGCATTGCATAGCC-1_V13B23-285_D1,3
CTCGCCGAATGTAGGG-1_V13B23-285_D1,2
CTCGGGATAACACCTA-1_V13B23-285_D1,4
CTCGGTACCACTGCTC-1_V13B23-285_D1,5
CTCGGTCCGTAGCCTG-1_V13B23-285_D1,4
CTCGGTTGTCGGCCCT-1_V13B23-285_D1,1
CTCGTCGAGGGCTCAT-1_V13B23-285_D1,4
CTCGTTTCTAATGTTT-1_V13B23-285_D1,11
CTCTAATGCATTGATC-1_V13B23-285_D1,8
CTCTACACTGGCGATT-1_V13B23-285_D1,12
CTCTAGCCCTCGGAAA-1_V13B23-285_D1,5
CTCTATTTGGCTGCAG-1_V13B23-285_D1,5
CTCTCACAATCGATGA-1_V13B23-285_D1,4
CTCTCTAACTGCCTAG-1_V13B23-285_D1,1
CTCTGCGAAGCAAGCA-1_V13B23-285_D1,7
CTCTGGACGCCTGGTG-1_V13B23-285_D1,3
CTCTGTTTGAGGATTC-1_V13B23-285_D1,6
CTCTTCTATTGACTGG-1_V13B23-285_D1,25
CTCTTGTCCCGCTTGG-1_V13B23-285_D1,3
CTGAAAGAGATCCGAC-1_V13B23-285_D1,7
CTGAATCCGAGACCTC-1_V13B23-285_D1,1
CTGAATTTATTGCCAG-1_V13B23-285_D1,12
CTGACATAGAAATAGA-1_V13B23-285_D1,5
CTGACTGCGCAGCTCG-1_V13B23-285_D1,8
CTGAGAAAGTTCGGCG-1_V13B23-285_D1,5
CTGAGAGTAGAAATAC-1_V13B23-285_D1,1
CTGAGCAAGTAACAAG-1_V13B23-285_D1,2
CTGAGCGAGACTTATT-1_V13B23-285_D1,12
CTGATAGTGTATCTCA-1_V13B23-285_D1,11
CTGCAAGCACGTTCCG-1_V13B23-285_D1,18
CTGCACAACTACATAT-1_V13B23-285_D1,2
CTGCACCTAGTCCACA-1_V13B23-285_D1,3
CTGCACCTGGAACCGC-1_V13B23-285_D1,1
CTGCACTCCAGTACAG-1_V13B23-285_D1,2
CTGCAGAGAATCAGAG-1_V13B23-285_D1,5
CTGCCAAGGTTGGAAG-1_V13B23-285_D1,1
CTGCCATGCATCACAT-1_V13B23-285_D1,2
CTGCCTAGCCACCAAG-1_V13B23-285_D1,21
CTGCCTCATATGCAAC-1_V13B23-285_D1,11
CTGCCTTTCTAGTAAA-1_V13B23-285_D1,2
CTGCGGGTGAAATGTT-1_V13B23-285_D1,2
CTGCGGTAGTCACGTG-1_V13B23-285_D1,15
CTGCGTTACGATATAA-1_V13B23-285_D1,5
CTGCTGAGGCCACGAA-1_V13B23-285_D1,2
CTGCTGTCTAACGAGC-1_V13B23-285_D1,2
CTGCTTGGCGATAGCT-1_V13B23-285_D1,2
CTGCTTTATGTCCGCG-1_V13B23-285_D1,3
CTGGAAATGGATGCTT-1_V13B23-285_D1,1
CTGGAAGACACGGTGG-1_V13B23-285_D1,2
CTGGACGCAGTCCGGC-1_V13B23-285_D1,3
CTGGATTTACACTTGA-1_V13B23-285_D1,4
CTGGCATCCGAATGAG-1_V13B23-285_D1,1
CTGGCGACATAAGTCC-1_V13B23-285_D1,9
CTGGCGCACAGGTCTG-1_V13B23-285_D1,1
CTGGCGGGAATAAGTA-1_V13B23-285_D1,1
CTGGCTGATTCATCCT-1_V13B23-285_D1,2
CTGGCTGGTTGTCAGT-1_V13B23-285_D1,3
CTGGGATAAATAATGG-1_V13B23-285_D1,5
CTGGGATACGCTACCC-1_V13B23-285_D1,12
CTGGGCCTGCTATATC-1_V13B23-285_D1,1
CTGGGTAGGCAGTTAA-1_V13B23-285_D1,5
CTGGTAAAGTGTGGGC-1_V13B23-285_D1,2
CTGGTAACACATAGAA-1_V13B23-285_D1,5
CTGGTAACGAGCTCTT-1_V13B23-285_D1,1
CTGGTCATTCCAATCC-1_V13B23-285_D1,1
CTGGTTCGCGAGCTAC-1_V13B23-285_D1,2
CTGGTTTCGAGCAAGA-1_V13B23-285_D1,5
CTGTACTTCTTAGCAT-1_V13B23-285_D1,1
CTGTAGCCATCTCACT-1_V13B23-285_D1,11
CTGTATGGTGTAGAAA-1_V13B23-285_D1,1
CTGTCAAATGGCTCGG-1_V13B23-285_D1,4
CTGTCACGCCAGGCGC-1_V13B23-285_D1,14
CTGTGCAGGGTAGGTC-1_V13B23-285_D1,4
CTGTGGTCGGGAGATA-1_V13B23-285_D1,1
CTGTTACCCAATCTAG-1_V13B23-285_D1,5
CTGTTCACTGCCTGTG-1_V13B23-285_D1,4
CTGTTCATCTCACGGG-1_V13B23-285_D1,1
CTTAACTTCGAAGTAC-1_V13B23-285_D1,9
CTTACACGGTATTCCA-1_V13B23-285_D1,3
CTTACACTGGGAAATA-1_V13B23-285_D1,4
CTTACTGACTCCTCTG-1_V13B23-285_D1,2
CTTAGCCTTCCACATG-1_V13B23-285_D1,1
CTTAGGTCCCAATCGT-1_V13B23-285_D1,22
CTTAGTAGGCCTACAG-1_V13B23-285_D1,11
CTTAGTGTAGTAGCAT-1_V13B23-285_D1,2
CTTATAGATGGCTGTT-1_V13B23-285_D1,3
CTTATGTTGACTACCA-1_V13B23-285_D1,1
CTTCAACTCCACTTGG-1_V13B23-285_D1,18
CTTCAGTGGTCGCCTA-1_V13B23-285_D1,3
CTTCATAGCTCAAGAA-1_V13B23-285_D1,1
CTTCATTGTCAGTGGA-1_V13B23-285_D1,2
CTTCCGCTCCGTGAAG-1_V13B23-285_D1,3
CTTCGGCCAATTGTTT-1_V13B23-285_D1,5
CTTCGTAGATAGGTGA-1_V13B23-285_D1,3
CTTCTATGTTGAAGTA-1_V13B23-285_D1,1
CTTCTATTAATGCTAG-1_V13B23-285_D1,2
CTTCTTACGTCGTATA-1_V13B23-285_D1,9
CTTGACCCGAAAGATA-1_V13B23-285_D1,23
CTTGAGGTTATCCCGA-1_V13B23-285_D1,1
CTTGAGTTAGGGTAAT-1_V13B23-285_D1,2
CTTGCAACCGCCTCCT-1_V13B23-285_D1,3
CTTGCCCAGGCTCTAC-1_V13B23-285_D1,1
CTTGGCCAAGCTGGGA-1_V13B23-285_D1,4
CTTGTACTTGTTGACT-1_V13B23-285_D1,1
CTTGTCAACATTCGAG-1_V13B23-285_D1,4
CTTGTGAGTCTTTGAC-1_V13B23-285_D1,7
CTTGTGCTCACCGATT-1_V13B23-285_D1,2
CTTGTTGCTGAGTCAA-1_V13B23-285_D1,4
CTTGTTTATGTAGCCA-1_V13B23-285_D1,4
CTTTAACTTTCAAAGG-1_V13B23-285_D1,18
CTTTAATATTGGTCGA-1_V13B23-285_D1,1
CTTTACCGAATAGTAG-1_V13B23-285_D1,2
CTTTAGGAACACTGTT-1_V13B23-285_D1,2
CTTTAGTGCTATTATT-1_V13B23-285_D1,4
CTTTCTGTGCGGGCTT-1_V13B23-285_D1,1
CTTTGCATCGCTCTTG-1_V13B23-285_D1,5
CTTTGCTGTCATGGAT-1_V13B23-285_D1,1
CTTTGGCGCTTTATAC-1_V13B23-285_D1,1
CTTTGGCTTTAGTAAA-1_V13B23-285_D1,3
CTTTGGGATTGTTGCA-1_V13B23-285_D1,3
GAAACAGATGACCACC-1_V13B23-285_D1,5
GAAACAGCCATGCAGT-1_V13B23-285_D1,13
GAAACATAGGAAACAG-1_V13B23-285_D1,4
GAAACCATGGTGCGCT-1_V13B23-285_D1,3
GAAACCGAATTACCTT-1_V13B23-285_D1,1
GAAACCTATACAAATG-1_V13B23-285_D1,4
GAAACTCGTGCGATGC-1_V13B23-285_D1,1
GAAACTCTAATGAAGG-1_V13B23-285_D1,13
GAAAGAACAGCGTTAT-1_V13B23-285_D1,3
GAAAGCAGTGCACTTT-1_V13B23-285_D1,1
GAAAGCCCTTTGGACC-1_V13B23-285_D1,1
GAAAGTGACTAACTGC-1_V13B23-285_D1,4
GAAATACCTGCTGGCT-1_V13B23-285_D1,21
GAAATACTAAACGTTT-1_V13B23-285_D1,1
GAAATATCACCATCAG-1_V13B23-285_D1,3
GAAATATGCTTGAATG-1_V13B23-285_D1,1
GAAATCGCGCGCAACT-1_V13B23-285_D1,7
GAAATGGCGGTGTTAG-1_V13B23-285_D1,1
GAAATGGGATGTAAAC-1_V13B23-285_D1,3
GAAATTAGCACGGATA-1_V13B23-285_D1,3
GAAATTCACATCGCTG-1_V13B23-285_D1,4
GAAATTGTCTCTATAA-1_V13B23-285_D1,2
GAACACACATCAACCA-1_V13B23-285_D1,4
GAACAGATTACTAAAT-1_V13B23-285_D1,1
GAACCCTCTGTGTTCT-1_V13B23-285_D1,1
GAACCTTTAACGATCC-1_V13B23-285_D1,5
GAACGACCGAATGATA-1_V13B23-285_D1,7
GAACGATAAGTTAAAG-1_V13B23-285_D1,3
GAACGCGGGTCACACG-1_V13B23-285_D1,4
GAACGTCTCATGGTCG-1_V13B23-285_D1,3
GAACTTGTGCACGGGA-1_V13B23-285_D1,19
GAAGAAACGATATTGT-1_V13B23-285_D1,4
GAAGAACGGTGCAGGT-1_V13B23-285_D1,1
GAAGCCTGCACATTCC-1_V13B23-285_D1,16
GAAGCGTGAGGAATTT-1_V13B23-285_D1,1
GAAGCTCGGACCCGTC-1_V13B23-285_D1,7
GAAGCTTGCTGACCGC-1_V13B23-285_D1,1
GAAGGCTACCATTGTT-1_V13B23-285_D1,1
GAAGTCAGTTGCACTA-1_V13B23-285_D1,3
GAAGTCTCCCTAGCGA-1_V13B23-285_D1,3
GAAGTGATTTATCGTG-1_V13B23-285_D1,1
GAAGTGCTGGATAGCT-1_V13B23-285_D1,7
GAAGTTTCCACTCAAT-1_V13B23-285_D1,1
GAATAGACGCGACCCA-1_V13B23-285_D1,5
GAATAGCATTTAGGGT-1_V13B23-285_D1,5
GAATAGCCCTGCGGTC-1_V13B23-285_D1,8
GAATAGTGCTCGATTA-1_V13B23-285_D1,1
GAATATTCGGAGTCCC-1_V13B23-285_D1,13
GAATCGACATGGTCAC-1_V13B23-285_D1,1
GAATCGCCGGACACGG-1_V13B23-285_D1,14
GAATCTGAACATTCTC-1_V13B23-285_D1,4
GAATGAAGGTCTTCAG-1_V13B23-285_D1,17
GAATGCCGAAATGACC-1_V13B23-285_D1,1
GAATGCGAATCGGTTC-1_V13B23-285_D1,2
GAATGTATGGCAGGTC-1_V13B23-285_D1,22
GAATGTGGTCCGGATT-1_V13B23-285_D1,2
GAATGTTGGGTAATCT-1_V13B23-285_D1,4
GAATTATAGTGAAAGG-1_V13B23-285_D1,1
GAATTCACCCGGGTGT-1_V13B23-285_D1,1
GAATTTCTCGCTGCAG-1_V13B23-285_D1,1
GACAAACATATGCAGG-1_V13B23-285_D1,5
GACAACGACCATTGAA-1_V13B23-285_D1,8
GACAACGCAGCTTACG-1_V13B23-285_D1,4
GACAAGAGATGAGATT-1_V13B23-285_D1,5
GACACAAGGGAAGAAA-1_V13B23-285_D1,4
GACACGAGTTAGAGGA-1_V13B23-285_D1,4
GACACTGAGTTCAGTG-1_V13B23-285_D1,11
GACACTGGAACCCGAT-1_V13B23-285_D1,5
GACAGCCAGACCTGAC-1_V13B23-285_D1,5
GACAGGCACACACTAT-1_V13B23-285_D1,1
GACATCGATTTATAAC-1_V13B23-285_D1,1
GACCAAACGTTGACTG-1_V13B23-285_D1,5
GACCAGAGCCCTGTAG-1_V13B23-285_D1,1
GACCCAATTATGATAC-1_V13B23-285_D1,3
GACCCGTCGCCGGCTA-1_V13B23-285_D1,23
GACCGACGTGAAAGCA-1_V13B23-285_D1,8
GACCGACTGAAGCGTC-1_V13B23-285_D1,4
GACCGCGTCTGACGTG-1_V13B23-285_D1,2
GACCGTCAGGTCGTGA-1_V13B23-285_D1,13
GACCGTGCTGACGGTG-1_V13B23-285_D1,1
GACGACGATCCGCGTT-1_V13B23-285_D1,1
GACGAGGCTAATAAAC-1_V13B23-285_D1,5
GACGCCGTAAAGGCTA-1_V13B23-285_D1,8
GACGCCTGTTGCAGGG-1_V13B23-285_D1,1
GACGCTTGCTTCTAAA-1_V13B23-285_D1,11
GACGGGTTGGCCCGTA-1_V13B23-285_D1,18
GACGGTCAATAGAAGC-1_V13B23-285_D1,4
GACGGTCCTAGGGTGT-1_V13B23-285_D1,2
GACGTGTAGGGATTAT-1_V13B23-285_D1,2
GACGTTCGTAAATACA-1_V13B23-285_D1,10
GACTAACACAGCACCT-1_V13B23-285_D1,14
GACTAAGATCATGCAC-1_V13B23-285_D1,15
GACTAAGTAGGCTCAC-1_V13B23-285_D1,1
GACTACAAAGCGGTGG-1_V13B23-285_D1,1
GACTACAATTGCTCGT-1_V13B23-285_D1,21
GACTCACCCACGTGAG-1_V13B23-285_D1,2
GACTCCCAGAATAAGG-1_V13B23-285_D1,3
GACTCGCGGGAATGAC-1_V13B23-285_D1,4
GACTGCAAATCGAGCT-1_V13B23-285_D1,5
GACTGCACCAGCCCAG-1_V13B23-285_D1,2
GACTGCGGCACGTGTA-1_V13B23-285_D1,1
GAGAAACTGGATCCCA-1_V13B23-285_D1,4
GAGAACGGTTCTGACT-1_V13B23-285_D1,2
GAGACTGATGGGTAGA-1_V13B23-285_D1,3
GAGACTTCGCGACCGA-1_V13B23-285_D1,1
GAGAGGCCTATGTGTA-1_V13B23-285_D1,2
GAGAGGGCGCGAGGTT-1_V13B23-285_D1,1
GAGAGGTGCATTCTGG-1_V13B23-285_D1,3
GAGATCTGCTTGGCAT-1_V13B23-285_D1,3
GAGATCTGTCACTCCG-1_V13B23-285_D1,4
GAGATCTTCCATGACA-1_V13B23-285_D1,2
GAGATGACAATCCTTA-1_V13B23-285_D1,8
GAGATGGGAGTCGACA-1_V13B23-285_D1,2
GAGCACCTGTGTCCAG-1_V13B23-285_D1,4
GAGCACGGCGCCTCTT-1_V13B23-285_D1,2
GAGCATCATCCCTGGG-1_V13B23-285_D1,7
GAGCCAGCTACCTGTG-1_V13B23-285_D1,2
GAGCCGAGCGTTTATT-1_V13B23-285_D1,4
GAGCGAGGGAGTACCG-1_V13B23-285_D1,9
GAGCGCAAATACTCCG-1_V13B23-285_D1,5
GAGCGCGCACGAGTAG-1_V13B23-285_D1,2
GAGCTAAGGGCATATC-1_V13B23-285_D1,3
GAGCTCTCGGACCTAA-1_V13B23-285_D1,1
GAGCTGTCGTCTCGGA-1_V13B23-285_D1,4
GAGGAATGGAGAGGTT-1_V13B23-285_D1,1
GAGGATAAACAGTGCT-1_V13B23-285_D1,5
GAGGCATTTGCAGCAG-1_V13B23-285_D1,26
GAGGCCCGACTCCGCA-1_V13B23-285_D1,3
GAGGCCTGTTGATACA-1_V13B23-285_D1,2
GAGGCTATCAAAGTCG-1_V13B23-285_D1,8
GAGGGCATCGCGTATC-1_V13B23-285_D1,2
GAGGGCCATAATATTA-1_V13B23-285_D1,19
GAGGGCGCAGCTCTGC-1_V13B23-285_D1,1
GAGGTACATCCATCTT-1_V13B23-285_D1,4
GAGGTCCCAAAGATCT-1_V13B23-285_D1,2
GAGTAAACCGGAAAGT-1_V13B23-285_D1,4
GAGTAAATTAAGAACC-1_V13B23-285_D1,2
GAGTAAGGCCACGGGA-1_V13B23-285_D1,12
GAGTACGGGTATACAA-1_V13B23-285_D1,8
GAGTAGATACTAGTTG-1_V13B23-285_D1,1
GAGTATCAAAGTTACA-1_V13B23-285_D1,1
GAGTATGCCCGCCTTG-1_V13B23-285_D1,1
GAGTATGCGCGTGCAT-1_V13B23-285_D1,2
GAGTCAGACCAGAATC-1_V13B23-285_D1,1
GAGTCCGCTTACCGGA-1_V13B23-285_D1,2
GAGTGCACGGACAACA-1_V13B23-285_D1,4
GAGTGTCAACCAGAAA-1_V13B23-285_D1,1
GAGTGTGCGGTACCCA-1_V13B23-285_D1,5
GAGTTGATGGCAATTT-1_V13B23-285_D1,3
GATAAATCGGTGGATG-1_V13B23-285_D1,1
GATAACTCGCACTGTG-1_V13B23-285_D1,2
GATAAGGCAGATGCAA-1_V13B23-285_D1,15
GATACCGTGTCGGAGT-1_V13B23-285_D1,2
GATACGATGGGAGTCA-1_V13B23-285_D1,12
GATAGGATTAATTACA-1_V13B23-285_D1,2
GATAGGTAACGTTGAC-1_V13B23-285_D1,4
GATAGGTGTCCCGGGC-1_V13B23-285_D1,2
GATATCTCATGCAATA-1_V13B23-285_D1,9
GATATGAGACACTAAC-1_V13B23-285_D1,4
GATATGCGGTAGCCAA-1_V13B23-285_D1,12
GATATGGATTACGCGG-1_V13B23-285_D1,1
GATATTGAGATTGGCG-1_V13B23-285_D1,1
GATATTTCCTACATGG-1_V13B23-285_D1,7
GATCATTCCAAACATT-1_V13B23-285_D1,1
GATCCCTTTATACTGC-1_V13B23-285_D1,1
GATCCGAATATAAGTG-1_V13B23-285_D1,1
GATCCGGGAATTAACA-1_V13B23-285_D1,2
GATCCTAAATCGGGAC-1_V13B23-285_D1,3
GATCCTCGACACTGGC-1_V13B23-285_D1,1
GATCCTCTTGCGCTTA-1_V13B23-285_D1,23
GATCGACACTATCTGA-1_V13B23-285_D1,1
GATCGCGGGCTCTCCA-1_V13B23-285_D1,1
GATCGCTACCCGATTT-1_V13B23-285_D1,5
GATCGGTGGCCATAAC-1_V13B23-285_D1,15
GATCGTGACTGATATC-1_V13B23-285_D1,1
GATCTCGACGCTGTGG-1_V13B23-285_D1,3
GATCTGCTATCTAAGG-1_V13B23-285_D1,3
GATCTTGGAGGGCATA-1_V13B23-285_D1,2
GATCTTTGCAGGGTAT-1_V13B23-285_D1,3
GATGACAAGTAGGGCA-1_V13B23-285_D1,25
GATGACGATGATCGCG-1_V13B23-285_D1,2
GATGCCAGCAGAAGGC-1_V13B23-285_D1,3
GATGCCTTCTGCGGCA-1_V13B23-285_D1,12
GATGCGTCCTGCATTC-1_V13B23-285_D1,2
GATGCTACAAGCGCCT-1_V13B23-285_D1,2
GATGCTGTATTTCATC-1_V13B23-285_D1,4
GATGGCGCACACATTA-1_V13B23-285_D1,18
GATGGTGCCCTAGGCA-1_V13B23-285_D1,14
GATGTAACGAACCACC-1_V13B23-285_D1,3
GATGTCGGTCAACTGC-1_V13B23-285_D1,21
GATGTTCAATCCACGA-1_V13B23-285_D1,3
GATGTTTGTGCGAGAT-1_V13B23-285_D1,1
GATTAACCGAAAGCCC-1_V13B23-285_D1,2
GATTACTGAATTTGGG-1_V13B23-285_D1,3
GATTCCCTTGTCGCAG-1_V13B23-285_D1,1
GATTCCGCGTTTCCGT-1_V13B23-285_D1,9
GATTCCTATACGGCGC-1_V13B23-285_D1,1
GATTCGACGGTTCACG-1_V13B23-285_D1,2
GCAAACCCTACATTAT-1_V13B23-285_D1,2
GCAAACCTTGGCCATA-1_V13B23-285_D1,2
GCAAACGTCGCCAGGT-1_V13B23-285_D1,2
GCAAATATTACGCTTT-1_V13B23-285_D1,1
GCAACACACTAGAACT-1_V13B23-285_D1,3
GCAACAGCAGTATGCG-1_V13B23-285_D1,5
GCAACCACCAGACCGG-1_V13B23-285_D1,7
GCAACCACGGCCGCGT-1_V13B23-285_D1,3
GCAACGGCTAGTTATG-1_V13B23-285_D1,5
GCAAGAATTCCTTGGC-1_V13B23-285_D1,1
GCAAGATGTGTTCGCG-1_V13B23-285_D1,4
GCAAGTGCACAGAGAA-1_V13B23-285_D1,1
GCAATTAGTCGCACCG-1_V13B23-285_D1,4
GCACAAACGAGGCGTG-1_V13B23-285_D1,5
GCACAAGTGTCGGAAG-1_V13B23-285_D1,14
GCACACACTGGTAGCC-1_V13B23-285_D1,2
GCACCTTCCCGAAGGT-1_V13B23-285_D1,2
GCACGCCTACTTAGAT-1_V13B23-285_D1,1
GCACGTGGTTTACTTA-1_V13B23-285_D1,6
GCACTAGTCGCGCTAT-1_V13B23-285_D1,7
GCACTGTGCAAATGTA-1_V13B23-285_D1,14
GCAGAAGGTAATCTCC-1_V13B23-285_D1,4
GCAGACCCAGCACGTA-1_V13B23-285_D1,4
GCAGATCCATAAGACT-1_V13B23-285_D1,4
GCAGATTAGGGATATC-1_V13B23-285_D1,4
GCAGCACACAGCCCAG-1_V13B23-285_D1,1
GCAGCCTATATCACAT-1_V13B23-285_D1,3
GCAGCTATGGACAGGT-1_V13B23-285_D1,10
GCAGGAACTTAGATCT-1_V13B23-285_D1,12
GCAGGACTATAGAATA-1_V13B23-285_D1,4
GCAGGTAGAGTATGGT-1_V13B23-285_D1,8
GCAGTGCGGGCGGATG-1_V13B23-285_D1,5
GCAGTGTGGCTATAGG-1_V13B23-285_D1,2
GCAGTTCGATCCGAGC-1_V13B23-285_D1,2
GCATACGAGGTCTTTA-1_V13B23-285_D1,4
GCATAGAGCACTCAGG-1_V13B23-285_D1,2
GCATCCCTAACTTTGA-1_V13B23-285_D1,1
GCATCGGCCGTGTAGG-1_V13B23-285_D1,3
GCATGAGGGACGCGGC-1_V13B23-285_D1,10
GCATTCAAGGCAACGC-1_V13B23-285_D1,4
GCATTCGAAATGAACA-1_V13B23-285_D1,3
GCATTGTAATTCATAT-1_V13B23-285_D1,3
GCATTTCCAAGGCTCC-1_V13B23-285_D1,4
GCCAACCATTTCCGGA-1_V13B23-285_D1,10
GCCAATAGGGCATCTC-1_V13B23-285_D1,10
GCCACAATTTAAGGAC-1_V13B23-285_D1,1
GCCACTCAGAGCGCGA-1_V13B23-285_D1,5
GCCACTCCTTACGGTA-1_V13B23-285_D1,2
GCCAGGAGTAACCGAT-1_V13B23-285_D1,4
GCCAGGCGTTCGCATG-1_V13B23-285_D1,21
GCCATATTGCACACAG-1_V13B23-285_D1,3
GCCATCGAGCTGCGTG-1_V13B23-285_D1,1
GCCATCGATGCTGCAT-1_V13B23-285_D1,3
GCCCACCAAGGCTGTC-1_V13B23-285_D1,1
GCCCAGATGCTGGAGA-1_V13B23-285_D1,11
GCCCAGTTGGTATGCC-1_V13B23-285_D1,1
GCCCGACTTCTTCCCG-1_V13B23-285_D1,8
GCCCGATCTGTGGTCG-1_V13B23-285_D1,1
GCCCGCGCGTAAACGG-1_V13B23-285_D1,4
GCCCGCGCGTTTGACA-1_V13B23-285_D1,4
GCCCGTAATACCTTCT-1_V13B23-285_D1,6
GCCCTAGCCGTCGCGA-1_V13B23-285_D1,1
GCCGAAATTCCTACGT-1_V13B23-285_D1,3
GCCGATTGGCCAAGCT-1_V13B23-285_D1,2
GCCGCACTCCGTTTCA-1_V13B23-285_D1,5
GCCGCATTAGTCCGGC-1_V13B23-285_D1,3
GCCGCTTGTGAGAAAC-1_V13B23-285_D1,3
GCCGGGTTAGGGTCGC-1_V13B23-285_D1,6
GCCGTGGAAGAAATGT-1_V13B23-285_D1,2
GCCTAGCGATCTGACC-1_V13B23-285_D1,1
GCCTATAGTGTCAGGG-1_V13B23-285_D1,4
GCCTATCAGGTAAGAT-1_V13B23-285_D1,5
GCCTATGCTGGGCCTT-1_V13B23-285_D1,10
GCCTATTCCGATATAG-1_V13B23-285_D1,4
GCCTCATCTGGAAATA-1_V13B23-285_D1,2
GCCTCCGACAATTCAC-1_V13B23-285_D1,2
GCCTCTATACATAGCA-1_V13B23-285_D1,1
GCCTTCAGCCCTACCG-1_V13B23-285_D1,4
GCCTTGTATATGCAGT-1_V13B23-285_D1,1
GCGAAACGATCGGGAG-1_V13B23-285_D1,2
GCGAAACTTAACTGGA-1_V13B23-285_D1,5
GCGAAGCCATACCCGT-1_V13B23-285_D1,1
GCGACATGTAAACATC-1_V13B23-285_D1,10
GCGACCCAACCATCTG-1_V13B23-285_D1,1
GCGACGATAGTTGTAC-1_V13B23-285_D1,1
GCGAGAGGCCATGTAA-1_V13B23-285_D1,4
GCGAGAGTTGCGTCCA-1_V13B23-285_D1,11
GCGAGCGCATGCTCCC-1_V13B23-285_D1,1
GCGAGGCCCGAGCAGA-1_V13B23-285_D1,1
GCGAGTTCTGCAAAGA-1_V13B23-285_D1,5
GCGATTCTGGAAGCAG-1_V13B23-285_D1,13
GCGATTGTTAACGTTA-1_V13B23-285_D1,4
GCGCAAATATATTCAA-1_V13B23-285_D1,1
GCGCAAGAGCGCGCTG-1_V13B23-285_D1,6
GCGCATCCAGTCAGCA-1_V13B23-285_D1,3
GCGCCGTTCCACGATA-1_V13B23-285_D1,4
GCGCCTCCCACTCCGA-1_V13B23-285_D1,2
GCGCGTCATTGGTACA-1_V13B23-285_D1,2
GCGCTAATTGAATAGA-1_V13B23-285_D1,16
GCGCTATGCCGAGGCA-1_V13B23-285_D1,1
GCGCTCGATCACCTGT-1_V13B23-285_D1,2
GCGCTGATCCAGACTC-1_V13B23-285_D1,7
GCGCTGCTTTGCATTT-1_V13B23-285_D1,3
GCGCTTAAATAATTGG-1_V13B23-285_D1,5
GCGGACCGCGTTGTGG-1_V13B23-285_D1,3
GCGGAGAAACTTCGCA-1_V13B23-285_D1,15
GCGGAGAGGGAGAACG-1_V13B23-285_D1,8
GCGGCAAAGTATTGCC-1_V13B23-285_D1,1
GCGGCTCTGACGTACC-1_V13B23-285_D1,11
GCGGGAACCAGGCCCT-1_V13B23-285_D1,4
GCGGGCATTACGATGC-1_V13B23-285_D1,3
GCGGGCGAGCCTTACC-1_V13B23-285_D1,4
GCGGTCCCGGTGAAGG-1_V13B23-285_D1,26
GCGGTCCCTAGACGCA-1_V13B23-285_D1,7
GCGGTGAACTGCGCTC-1_V13B23-285_D1,7
GCGGTTCCCTATCATG-1_V13B23-285_D1,1
GCGTAAATGGCCATAA-1_V13B23-285_D1,16
GCGTCGAAATGTCGGT-1_V13B23-285_D1,7
GCGTCGCCAGGGTGAT-1_V13B23-285_D1,1
GCGTCTAACCTCCTAA-1_V13B23-285_D1,12
GCGTCTCTGCATTGGG-1_V13B23-285_D1,8
GCGTGGTACTGGGTTA-1_V13B23-285_D1,3
GCGTTCGGAGACCGGG-1_V13B23-285_D1,3
GCGTTCTGACTAAGCG-1_V13B23-285_D1,19
GCTAAACCTGAGGTGA-1_V13B23-285_D1,4
GCTAACTGAAGTCTGA-1_V13B23-285_D1,2
GCTAAGTAGTTTCTCT-1_V13B23-285_D1,1
GCTAATACCGAATGCC-1_V13B23-285_D1,4
GCTACAATCGAGGATA-1_V13B23-285_D1,5
GCTACAGTACGGACCG-1_V13B23-285_D1,3
GCTACGACTTATTGGG-1_V13B23-285_D1,2
GCTACTATAGTAGAGT-1_V13B23-285_D1,5
GCTAGACCGTCTACTG-1_V13B23-285_D1,5
GCTAGAGTAGAGATGT-1_V13B23-285_D1,2
GCTAGCACCTGGGCCA-1_V13B23-285_D1,2
GCTAGCAGGGAGTGGG-1_V13B23-285_D1,1
GCTAGCTTGAATAGCT-1_V13B23-285_D1,1
GCTAGGCACCACGGAG-1_V13B23-285_D1,22
GCTAGTAGAGCTTGTA-1_V13B23-285_D1,2
GCTAGTTTCATTGAGG-1_V13B23-285_D1,2
GCTATACGTCTCGGAC-1_V13B23-285_D1,2
GCTATCATACTCATGG-1_V13B23-285_D1,2
GCTATCGCGGCGCAAC-1_V13B23-285_D1,1
GCTCAATCCGTTTATT-1_V13B23-285_D1,1
GCTCAATGTAATACCG-1_V13B23-285_D1,1
GCTCATTACTGCATGT-1_V13B23-285_D1,7
GCTCCATGAGTGCAGA-1_V13B23-285_D1,2
GCTCCCAGTCGGTCCA-1_V13B23-285_D1,2
GCTCCGCTCGCTTCAG-1_V13B23-285_D1,5
GCTCCTGACATACTGG-1_V13B23-285_D1,1
GCTCGCTCATGTCCAA-1_V13B23-285_D1,5
GCTCGGAATTTAAAGC-1_V13B23-285_D1,4
GCTCTAAACCCTGACG-1_V13B23-285_D1,1
GCTCTATGTTACGTGC-1_V13B23-285_D1,6
GCTCTCGGGTACCGAA-1_V13B23-285_D1,1
GCTGAACTCTCCAGGG-1_V13B23-285_D1,5
GCTGAATCTTCCAATC-1_V13B23-285_D1,1
GCTGAGGCGTGAGTAT-1_V13B23-285_D1,4
GCTGCACGGTTTCTTA-1_V13B23-285_D1,2
GCTGCTAAGTAGTCGA-1_V13B23-285_D1,3
GCTGCTACTGCGTAGC-1_V13B23-285_D1,4
GCTGCTCTCCGGACAC-1_V13B23-285_D1,4
GCTGGACCCAAAGTGG-1_V13B23-285_D1,8
GCTGGCATATTCACCT-1_V13B23-285_D1,1
GCTGGCGGCGCATGCT-1_V13B23-285_D1,5
GCTGGTTTAGGCCATA-1_V13B23-285_D1,3
GCTGTATTACTGGCCC-1_V13B23-285_D1,1
GCTGTTGCTACCGAAC-1_V13B23-285_D1,4
GCTTAATGTAACTAAC-1_V13B23-285_D1,5
GCTTACGTAGTTAGTA-1_V13B23-285_D1,3
GCTTATGAAGCAGGAA-1_V13B23-285_D1,3
GCTTCCGTCCCTAGAC-1_V13B23-285_D1,3
GCTTGATGATAATCAG-1_V13B23-285_D1,1
GCTTGCAGCACAATTG-1_V13B23-285_D1,10
GCTTGGATCGATTAGG-1_V13B23-285_D1,3
GCTTTCAGAGGAGGTG-1_V13B23-285_D1,11
GGAAACCTTGTTGAAT-1_V13B23-285_D1,1
GGAAACTAAATGGGCC-1_V13B23-285_D1,2
GGAAAGTGCCCATGCC-1_V13B23-285_D1,25
GGAACCGTGTAAATTG-1_V13B23-285_D1,2
GGAACCTTGACTCTGC-1_V13B23-285_D1,2
GGAACGGCCTGCAGCC-1_V13B23-285_D1,3
GGAACTTTGGCGATTA-1_V13B23-285_D1,5
GGAAGCTCGCTTACAG-1_V13B23-285_D1,14
GGAATGCGCTAGCGTG-1_V13B23-285_D1,1
GGACACAAGTTTACAC-1_V13B23-285_D1,5
GGACCAACAGGATAAC-1_V13B23-285_D1,2
GGACCTACGGTAACGT-1_V13B23-285_D1,4
GGACCTCTAGGCCGCC-1_V13B23-285_D1,3
GGACGGGCGACCAACC-1_V13B23-285_D1,5
GGACGTCCATAGTTGG-1_V13B23-285_D1,10
GGACTCACAAATTAGG-1_V13B23-285_D1,8
GGACTCGAAGCTTTCA-1_V13B23-285_D1,2
GGACTCTTCCGGTTGA-1_V13B23-285_D1,2
GGAGAAGTCATTGGCA-1_V13B23-285_D1,1
GGAGACCAATGTGCTT-1_V13B23-285_D1,10
GGAGACGACACCTTTG-1_V13B23-285_D1,2
GGAGCAACATTTCAAG-1_V13B23-285_D1,2
GGAGCACCAAGAACTA-1_V13B23-285_D1,4
GGAGGCCGAAGTCGTC-1_V13B23-285_D1,5
GGAGGGCTTGGTTGGC-1_V13B23-285_D1,4
GGAGGGTCAAGTAAGA-1_V13B23-285_D1,18
GGAGTGCCGCCCTGGA-1_V13B23-285_D1,4
GGATCATCCCGTACGC-1_V13B23-285_D1,4
GGATCCGGAATATACT-1_V13B23-285_D1,10
GGATCTTGACTCAACC-1_V13B23-285_D1,3
GGATGAAGATCGCTGA-1_V13B23-285_D1,2
GGATGACGCGAGTTTA-1_V13B23-285_D1,1
GGATGCTGGCGTTCCT-1_V13B23-285_D1,1
GGATGTCCTTACCGCA-1_V13B23-285_D1,3
GGATTCAGTACGGTGG-1_V13B23-285_D1,1
GGATTCCGCTATACCC-1_V13B23-285_D1,13
GGATTGCTGTGACTCC-1_V13B23-285_D1,4
GGATTTCACTTCTATA-1_V13B23-285_D1,3
GGCAAAGGCGCCAATA-1_V13B23-285_D1,1
GGCAAATTACTTTACT-1_V13B23-285_D1,2
GGCAAGCCAGGGATAG-1_V13B23-285_D1,26
GGCAAGGCGAAATAGC-1_V13B23-285_D1,5
GGCAATAGTCAATGAG-1_V13B23-285_D1,1
GGCACTCAGCCGACCC-1_V13B23-285_D1,1
GGCACTCCACTGGGCA-1_V13B23-285_D1,1
GGCAGCAAACCTATGC-1_V13B23-285_D1,5
GGCAGCGGTAATCCTA-1_V13B23-285_D1,8
GGCATACAGGTAGCGG-1_V13B23-285_D1,3
GGCATATCGGTTCTGC-1_V13B23-285_D1,7
GGCCCGGAGCATGTCT-1_V13B23-285_D1,2
GGCCCGTATACCATGC-1_V13B23-285_D1,3
GGCCCTCACCCACTTA-1_V13B23-285_D1,3
GGCCGGCGTCTGCTAT-1_V13B23-285_D1,2
GGCCGTTTGGGTTTCA-1_V13B23-285_D1,3
GGCCTGCTTCTCCCGA-1_V13B23-285_D1,6
GGCGAAATCTAACTTG-1_V13B23-285_D1,5
GGCGCAGGACATCTTC-1_V13B23-285_D1,4
GGCGCATGAATTGATG-1_V13B23-285_D1,1
GGCGCGGAGATCTTTC-1_V13B23-285_D1,1
GGCGCGTTCGAGTTTA-1_V13B23-285_D1,2
GGCGCTCCTCATCAAT-1_V13B23-285_D1,1
GGCGGAGTAATATTAG-1_V13B23-285_D1,1
GGCGGGCTCTAAGAGT-1_V13B23-285_D1,2
GGCGGTAGGATCATTG-1_V13B23-285_D1,3
GGCGTAGGGAAAGCTG-1_V13B23-285_D1,1
GGCGTCCTATCCGCTG-1_V13B23-285_D1,1
GGCTAAAGGGCGGGTC-1_V13B23-285_D1,11
GGCTATTAAGTTGTAT-1_V13B23-285_D1,1
GGCTCCTCCACCTGTT-1_V13B23-285_D1,1
GGCTCGCGTTGAGGTA-1_V13B23-285_D1,3
GGCTCGTGCCACCAGC-1_V13B23-285_D1,4
GGCTCTGCTCCAACGC-1_V13B23-285_D1,3
GGCTGAAATAGCAAAG-1_V13B23-285_D1,1
GGCTGGCTAGCTTAAA-1_V13B23-285_D1,1
GGCTTTCAATAAGGGT-1_V13B23-285_D1,4
GGGAAGACGGTCTGTC-1_V13B23-285_D1,2
GGGAAGGGCTTTCTCA-1_V13B23-285_D1,2
GGGAATGAGCCCTCAC-1_V13B23-285_D1,7
GGGACAGAGTTACTCC-1_V13B23-285_D1,12
GGGACCCGTATATCTT-1_V13B23-285_D1,2
GGGACTGCATAGATAG-1_V13B23-285_D1,4
GGGAGAACTCACAGTA-1_V13B23-285_D1,1
GGGAGGATGCCCGAAA-1_V13B23-285_D1,1
GGGAGTTAATGAGGCG-1_V13B23-285_D1,1
GGGATCCCAATACAAA-1_V13B23-285_D1,26
GGGATGGTCGTAACCG-1_V13B23-285_D1,1
GGGATTTACCGCACCT-1_V13B23-285_D1,2
GGGCAACCGCACGTGC-1_V13B23-285_D1,3
GGGCAGAGCAATCGTT-1_V13B23-285_D1,1
GGGCCCGTCTTAAACA-1_V13B23-285_D1,1
GGGCCCTACGAAAGGG-1_V13B23-285_D1,3
GGGCCGGCCGAAGTAC-1_V13B23-285_D1,3
GGGCGATATGTGTGAA-1_V13B23-285_D1,8
GGGCGCAGCGTTACTC-1_V13B23-285_D1,3
GGGCGGCAAATGAATT-1_V13B23-285_D1,2
GGGCGGGTTCCCTACG-1_V13B23-285_D1,1
GGGCGGTCCTATTGTC-1_V13B23-285_D1,16
GGGCGTACATTTATAT-1_V13B23-285_D1,1
GGGCGTCACCACGTAA-1_V13B23-285_D1,1
GGGCGTCCACTGGCTC-1_V13B23-285_D1,13
GGGCGTGGTTTCCCAG-1_V13B23-285_D1,1
GGGCTATGATCGATGG-1_V13B23-285_D1,3
GGGCTCATCGAACCCA-1_V13B23-285_D1,8
GGGCTGGTTAGTCGCG-1_V13B23-285_D1,3
GGGTAATGCTGTGTTT-1_V13B23-285_D1,4
GGGTACCCACGGTCCT-1_V13B23-285_D1,1
GGGTACTTCATGAACT-1_V13B23-285_D1,16
GGGTATGTATGCACTT-1_V13B23-285_D1,1
GGGTATTCTAGCAAAC-1_V13B23-285_D1,3
GGGTCACCGTGACGGT-1_V13B23-285_D1,1
GGGTCGTGGCAAGTGT-1_V13B23-285_D1,10
GGGTCTATCGCTTTCC-1_V13B23-285_D1,2
GGGTGACACCTTAACT-1_V13B23-285_D1,2
GGGTGCATATGAAAGC-1_V13B23-285_D1,3
GGGTGTTTCAGCTATG-1_V13B23-285_D1,7
GGGTTAACATTTGAGT-1_V13B23-285_D1,1
GGGTTCAGACGAACAA-1_V13B23-285_D1,8
GGGTTTAGGATAGGAT-1_V13B23-285_D1,18
GGTAAACTCTGCGCTG-1_V13B23-285_D1,2
GGTAAATGTGCGTTAC-1_V13B23-285_D1,13
GGTAACCGGGAGGATA-1_V13B23-285_D1,3
GGTAACTATGTATCTG-1_V13B23-285_D1,25
GGTACAAACATGCTAT-1_V13B23-285_D1,1
GGTACACCAGATTTAT-1_V13B23-285_D1,4
GGTACATCTGGGACGA-1_V13B23-285_D1,4
GGTACCATTAAGACGG-1_V13B23-285_D1,3
GGTACGTTGCGGCCGG-1_V13B23-285_D1,5
GGTACTAAGTGCTTTG-1_V13B23-285_D1,4
GGTAGAAGACCGCCTG-1_V13B23-285_D1,2
GGTAGACCGTTGGGCG-1_V13B23-285_D1,8
GGTAGTGCTCGCACCA-1_V13B23-285_D1,17
GGTATAGTGACACATA-1_V13B23-285_D1,4
GGTATTGCCGAGTTTA-1_V13B23-285_D1,1
GGTCAAGACTACTTCG-1_V13B23-285_D1,4
GGTCAGTGGGTCCCAC-1_V13B23-285_D1,1
GGTCGGATAAACGGCG-1_V13B23-285_D1,4
GGTCGGCCAGGAGCTT-1_V13B23-285_D1,4
GGTCGGTAATTAGACA-1_V13B23-285_D1,2
GGTCGGTCGTCCACAG-1_V13B23-285_D1,2
GGTCGTAAGCTCGCAC-1_V13B23-285_D1,2
GGTCTCCAAGTAGTGC-1_V13B23-285_D1,2
GGTCTCCGTCCAGGTT-1_V13B23-285_D1,5
GGTCTCTGAATGGACT-1_V13B23-285_D1,11
GGTCTGAGAATCTGGA-1_V13B23-285_D1,4
GGTGAAGTACAGGGAT-1_V13B23-285_D1,1
GGTGACTGATAGAGAG-1_V13B23-285_D1,2
GGTGAGATGCAGATAA-1_V13B23-285_D1,4
GGTGATAAGGAGCAGT-1_V13B23-285_D1,2
GGTGCAGAGCCTATCG-1_V13B23-285_D1,4
GGTGCGGATAAGTGGC-1_V13B23-285_D1,1
GGTGCTGATCACAAAG-1_V13B23-285_D1,4
GGTGCTGGTACACATT-1_V13B23-285_D1,1
GGTGGACTGCTCTGGC-1_V13B23-285_D1,5
GGTGGAGGTTGATACG-1_V13B23-285_D1,4
GGTGTTGGGCGTCTTA-1_V13B23-285_D1,2
GGTTACCACCCTCGGG-1_V13B23-285_D1,1
GGTTACCCGACACTTT-1_V13B23-285_D1,3
GGTTAGCTATATGTCT-1_V13B23-285_D1,22
GGTTAGGCTTGGAGAA-1_V13B23-285_D1,1
GGTTAGTTACGGCGCC-1_V13B23-285_D1,18
GGTTCTACTCGTCTGA-1_V13B23-285_D1,2
GGTTTAATTGAGCAGG-1_V13B23-285_D1,8
GGTTTACAATCTCAAT-1_V13B23-285_D1,1
GGTTTAGCCTTTCTTG-1_V13B23-285_D1,2
GGTTTCAATCGGTCAG-1_V13B23-285_D1,10
GGTTTGACAAGAAGCT-1_V13B23-285_D1,4
GGTTTGAGTGCTGGAA-1_V13B23-285_D1,7
GGTTTGCGAACACGTA-1_V13B23-285_D1,26
GGTTTGTGACCTGAGG-1_V13B23-285_D1,2
GTAACATCTAAGATAA-1_V13B23-285_D1,2
GTAACTTGCGGCAGTC-1_V13B23-285_D1,10
GTAAGCGGGCAGTCAG-1_V13B23-285_D1,3
GTAAGGATTTGTCGGA-1_V13B23-285_D1,9
GTAAGTAACAGTCTGG-1_V13B23-285_D1,2
GTAAGTAGGGTATACC-1_V13B23-285_D1,1
GTAAGTCCACACTCTA-1_V13B23-285_D1,5
GTAATAAAGGGCTCCC-1_V13B23-285_D1,11
GTAATCTGATTCTTCG-1_V13B23-285_D1,1
GTACACTTACCTGAAG-1_V13B23-285_D1,6
GTACAGAGGCAAGGGT-1_V13B23-285_D1,2
GTACGACGGCGCTGCG-1_V13B23-285_D1,4
GTACGAGATTGCGACA-1_V13B23-285_D1,1
GTACGCTTCATTGCAC-1_V13B23-285_D1,2
GTACGTCACGTATTAA-1_V13B23-285_D1,10
GTACGTTTGCCCGTCA-1_V13B23-285_D1,2
GTACTAAGATTTGGAG-1_V13B23-285_D1,4
GTACTCCTGGGTATGC-1_V13B23-285_D1,3
GTACTGAGGTCGTAAC-1_V13B23-285_D1,23
GTACTGCATGAAGCGT-1_V13B23-285_D1,16
GTACTGGAGTTAGACC-1_V13B23-285_D1,3
GTACTTGGGCACTTCT-1_V13B23-285_D1,4
GTAGAAACGGGTGGAG-1_V13B23-285_D1,3
GTAGACACGCCTGACT-1_V13B23-285_D1,1
GTAGACGTCGTTACAT-1_V13B23-285_D1,1
GTAGAGGGAGACAAGT-1_V13B23-285_D1,3
GTAGCCAAACATGGGA-1_V13B23-285_D1,2
GTAGCGGCTATACACT-1_V13B23-285_D1,5
GTAGCTTCCTCTTGTT-1_V13B23-285_D1,3
GTAGGTGATCCGTGTA-1_V13B23-285_D1,6
GTAGTCGCGGGAATCA-1_V13B23-285_D1,5
GTAGTCTACGATATTG-1_V13B23-285_D1,2
GTATAGGACTCAGTAG-1_V13B23-285_D1,2
GTATATGTTACGGCGG-1_V13B23-285_D1,4
GTATCAAACGTTAGCT-1_V13B23-285_D1,2
GTATCAGCTTGGGTTC-1_V13B23-285_D1,4
GTATCCTTTGGTAACC-1_V13B23-285_D1,2
GTATCTCAGTCTTGAC-1_V13B23-285_D1,1
GTATCTTTCATAACCA-1_V13B23-285_D1,8
GTATGAAATTTCACTC-1_V13B23-285_D1,18
GTATGTGGGTCTAGTT-1_V13B23-285_D1,2
GTATTAAGGCGTCTAA-1_V13B23-285_D1,4
GTATTCTGAGAAACGA-1_V13B23-285_D1,1
GTATTCTTACCGTGCT-1_V13B23-285_D1,4
GTATTTAATGGCATAA-1_V13B23-285_D1,5
GTCAAAGAAGTGGTGT-1_V13B23-285_D1,3
GTCAAAGTTTACATAG-1_V13B23-285_D1,4
GTCAACCAGGCCTATA-1_V13B23-285_D1,5
GTCAAGCGGACTCGGG-1_V13B23-285_D1,5
GTCAATGCTATAATTT-1_V13B23-285_D1,4
GTCACAAAGTTTCCAA-1_V13B23-285_D1,23
GTCACTCTCCAAATCT-1_V13B23-285_D1,16
GTCAGAATAGTCTATG-1_V13B23-285_D1,2
GTCAGTTGTGCTCGTT-1_V13B23-285_D1,21
GTCATGCACCTCCGTT-1_V13B23-285_D1,4
GTCATGCGCGAGGGCT-1_V13B23-285_D1,5
GTCATGGACATGACTA-1_V13B23-285_D1,22
GTCATTAGAGCGAACG-1_V13B23-285_D1,6
GTCATTGCATTGACCC-1_V13B23-285_D1,3
GTCCACGTCGCATTCG-1_V13B23-285_D1,2
GTCCATTACTGCTACG-1_V13B23-285_D1,2
GTCCCAACGTAAAGTA-1_V13B23-285_D1,10
GTCCCGCGACGTTATG-1_V13B23-285_D1,4
GTCCGGACCTGAAATT-1_V13B23-285_D1,8
GTCCGGCTGAATTGCG-1_V13B23-285_D1,1
GTCCTACAGGCGGCTC-1_V13B23-285_D1,3
GTCCTACGAATAGTCT-1_V13B23-285_D1,5
GTCCTTCTAGTGGGTT-1_V13B23-285_D1,21
GTCGATAGGTGACTTT-1_V13B23-285_D1,5
GTCGCCGTTGTGTGTT-1_V13B23-285_D1,1
GTCGCGTAACCCGTTG-1_V13B23-285_D1,4
GTCGGAAGGATACCAG-1_V13B23-285_D1,10
GTCGGATATCTCAGAC-1_V13B23-285_D1,1
GTCGGATGTAGCGCGC-1_V13B23-285_D1,7
GTCGGGAAGCAGAAAC-1_V13B23-285_D1,4
GTCGTACCATCTCGGG-1_V13B23-285_D1,1
GTCGTATTGGCGTACA-1_V13B23-285_D1,4
GTCGTCAATTATAAGG-1_V13B23-285_D1,23
GTCGTCTGGTTGGCTA-1_V13B23-285_D1,4
GTCGTGTCTGGTCATC-1_V13B23-285_D1,3
GTCGTTATTCGCTTAT-1_V13B23-285_D1,2
GTCTAGTGAGCCGCTT-1_V13B23-285_D1,2
GTCTATCTGAGTTTCT-1_V13B23-285_D1,1
GTCTATTGCATGCTCG-1_V13B23-285_D1,2
GTCTATTGGTTCCGGT-1_V13B23-285_D1,1
GTCTCAAGGCCCGGCT-1_V13B23-285_D1,2
GTCTCGACTAAGTTTG-1_V13B23-285_D1,3
GTCTCGATCTGCTTTC-1_V13B23-285_D1,7
GTCTGGGCGGTCGAGA-1_V13B23-285_D1,1
GTCTTAGTACAGCCGG-1_V13B23-285_D1,6
GTCTTGAGGAGCAGTG-1_V13B23-285_D1,4
GTCTTGTAGCTATTCA-1_V13B23-285_D1,1
GTGAAACGGCGCCACC-1_V13B23-285_D1,3
GTGAACTCCCATTCGA-1_V13B23-285_D1,3
GTGAAGATTTCAAGTG-1_V13B23-285_D1,3
GTGAAGCCGTATAGTC-1_V13B23-285_D1,4
GTGACAGCTTCCCACT-1_V13B23-285_D1,5
GTGACCGCACACTACG-1_V13B23-285_D1,4
GTGACCTAAAGAATAA-1_V13B23-285_D1,1
GTGACGAGGGTGACCC-1_V13B23-285_D1,3
GTGACTTCAGTAGTGC-1_V13B23-285_D1,1
GTGAGCGTGCTGCACT-1_V13B23-285_D1,3
GTGAGGACACTTAAGG-1_V13B23-285_D1,2
GTGAGGAGCGGTTGAG-1_V13B23-285_D1,9
GTGAGTGGTACAACGC-1_V13B23-285_D1,3
GTGATCACTAACGCCT-1_V13B23-285_D1,2
GTGATCATAGATCTGC-1_V13B23-285_D1,2
GTGATCCTTGTCATGA-1_V13B23-285_D1,2
GTGATGCACAACATCT-1_V13B23-285_D1,15
GTGATTCGCCGCTCAA-1_V13B23-285_D1,3
GTGCAACAAATGTGGC-1_V13B23-285_D1,9
GTGCACGAAAGTGACT-1_V13B23-285_D1,7
GTGCAGCGTAGAGTAG-1_V13B23-285_D1,5
GTGCCATCACACGGTG-1_V13B23-285_D1,1
GTGCCCGTTCGGATTC-1_V13B23-285_D1,5
GTGCCGCTTCAAAGGT-1_V13B23-285_D1,12
GTGCCTCAGTGTACGG-1_V13B23-285_D1,8
GTGCGAAATCGAACAC-1_V13B23-285_D1,18
GTGCGACAGGGAGTGT-1_V13B23-285_D1,3
GTGCGGGTCTCCAAAT-1_V13B23-285_D1,5
GTGCGTGTATATGAGC-1_V13B23-285_D1,5
GTGCTCAAGTACTGTC-1_V13B23-285_D1,1
GTGCTTACATCAGCGC-1_V13B23-285_D1,5
GTGGAACCTACATGCG-1_V13B23-285_D1,7
GTGGACCAACCCGATT-1_V13B23-285_D1,1
GTGGACGCATTTGTCC-1_V13B23-285_D1,2
GTGGACGTGCTGAGAC-1_V13B23-285_D1,1
GTGGAGCATGTCGGCC-1_V13B23-285_D1,12
GTGGAGCGTTTACCGA-1_V13B23-285_D1,4
GTGGAGTCGGCGGTTG-1_V13B23-285_D1,4
GTGGCAAACAGCGGCA-1_V13B23-285_D1,4
GTGGCGGTCCCAGCGT-1_V13B23-285_D1,8
GTGGGCTTAGACACAC-1_V13B23-285_D1,3
GTGGTATAGTCTGCCG-1_V13B23-285_D1,3
GTGGTGATGGTTTGTG-1_V13B23-285_D1,5
GTGGTGGCCAAGTGAA-1_V13B23-285_D1,2
GTGGTTACTTCTTTCG-1_V13B23-285_D1,3
GTGGTTTCCGCCTTTC-1_V13B23-285_D1,11
GTGTACCTTGGCTACG-1_V13B23-285_D1,1
GTGTACGAACCGTTCC-1_V13B23-285_D1,6
GTGTATATCAGCGGGC-1_V13B23-285_D1,2
GTGTCGTATAGCGTTC-1_V13B23-285_D1,5
GTGTGAATAACTTAGG-1_V13B23-285_D1,4
GTGTTACTATGCGTCC-1_V13B23-285_D1,2
GTTAAAGTAGGACTGG-1_V13B23-285_D1,5
GTTAACATCACTTAAA-1_V13B23-285_D1,2
GTTAACTATGTTGTCA-1_V13B23-285_D1,2
GTTAAGGGTGCGATGT-1_V13B23-285_D1,2
GTTAAGTTAGAGTGGG-1_V13B23-285_D1,12
GTTACAATTGGTGACG-1_V13B23-285_D1,16
GTTACCTACAACTTGC-1_V13B23-285_D1,2
GTTACTTTGGGCCTAG-1_V13B23-285_D1,4
GTTAGCCGTAAATCAA-1_V13B23-285_D1,8
GTTAGGCTACCCGTTT-1_V13B23-285_D1,12
GTTATAATACGGTGAA-1_V13B23-285_D1,18
GTTATATCAGGAGCCA-1_V13B23-285_D1,3
GTTATATTATCTCCCT-1_V13B23-285_D1,5
GTTATTAACGTGGGAG-1_V13B23-285_D1,1
GTTCACAGGAGTCTAG-1_V13B23-285_D1,1
GTTCATCGTTTGGCTG-1_V13B23-285_D1,3
GTTCCAGTCTGACCAT-1_V13B23-285_D1,4
GTTCCCGTAAACATAT-1_V13B23-285_D1,2
GTTCGCCATAAGTGCC-1_V13B23-285_D1,11
GTTCGCTGAGACGTCT-1_V13B23-285_D1,5
GTTCGGAGCACTCAAC-1_V13B23-285_D1,5
GTTCGGATCGGGAACA-1_V13B23-285_D1,5
GTTCGGGCGTACCATT-1_V13B23-285_D1,10
GTTCGTCTAAAGAACT-1_V13B23-285_D1,2
GTTCGTCTGGGTCCCT-1_V13B23-285_D1,11
GTTCTTCCCTCGATGT-1_V13B23-285_D1,1
GTTGAACCGGTTCCAT-1_V13B23-285_D1,2
GTTGAGTCCCGCCGGT-1_V13B23-285_D1,2
GTTGCACGGAGTTTCG-1_V13B23-285_D1,1
GTTGCAGTCGACAACA-1_V13B23-285_D1,2
GTTGCGCTAACATTAC-1_V13B23-285_D1,5
GTTGCGGACGGTCAGG-1_V13B23-285_D1,5
GTTGGACCGCATCAGG-1_V13B23-285_D1,17
GTTGGATTCAGTGGCT-1_V13B23-285_D1,3
GTTGGATTGAGAACAC-1_V13B23-285_D1,4
GTTGGATTTGCGTTGG-1_V13B23-285_D1,1
GTTGGTCATGCTATCC-1_V13B23-285_D1,1
GTTGTCGTGTTAGTTG-1_V13B23-285_D1,4
GTTGTTGCAAGATGGC-1_V13B23-285_D1,2
GTTTACGTTCCATCTG-1_V13B23-285_D1,1
GTTTCAAACGAGTTGT-1_V13B23-285_D1,5
GTTTCATATCGTCGCT-1_V13B23-285_D1,8
GTTTCCTGGAGGGTGA-1_V13B23-285_D1,2
GTTTCTGCAGTCTCCC-1_V13B23-285_D1,2
GTTTGACCAAATCCTA-1_V13B23-285_D1,1
GTTTGGCCCAAGTTAT-1_V13B23-285_D1,2
GTTTGGCCGCTCAGCG-1_V13B23-285_D1,16
GTTTGGGCTTGTGAGC-1_V13B23-285_D1,4
GTTTGGGTTTCGCCCG-1_V13B23-285_D1,2
GTTTGGTAGGGTCAAC-1_V13B23-285_D1,1
TAAACCCAGGAGGGCA-1_V13B23-285_D1,1
TAAAGACAACCCTTTA-1_V13B23-285_D1,2
TAAAGCGTTAGGAGAA-1_V13B23-285_D1,15
TAAAGCTGCAATAGGG-1_V13B23-285_D1,1
TAAATCTTTACACCTC-1_V13B23-285_D1,3
TAAATGAATCCGTTTC-1_V13B23-285_D1,1
TAAATGCCGTCTCATG-1_V13B23-285_D1,4
TAAATGGGCTACTGAG-1_V13B23-285_D1,5
TAACAAAGGGAGAAGC-1_V13B23-285_D1,16
TAACAATATTTGTTGC-1_V13B23-285_D1,12
TAACATACAATGTGGG-1_V13B23-285_D1,8
TAACATACACGCGATC-1_V13B23-285_D1,1
TAACCTACCGTCCGAG-1_V13B23-285_D1,3
TAACCTAGGGAGTCCA-1_V13B23-285_D1,2
TAACGCTTTGAGAGCG-1_V13B23-285_D1,4
TAACTATCGAAGGTCC-1_V13B23-285_D1,1
TAACTATTACGCCAAA-1_V13B23-285_D1,4
TAACTCATCCGCGCGG-1_V13B23-285_D1,1
TAACTCCATGGAGGCT-1_V13B23-285_D1,1
TAAGCAGGCGACACGC-1_V13B23-285_D1,15
TAAGCCCTTACGACCA-1_V13B23-285_D1,4
TAAGGAACTTGTGGGA-1_V13B23-285_D1,1
TAAGGCAACATAAGAT-1_V13B23-285_D1,4
TAAGGCATAACATCAA-1_V13B23-285_D1,1
TAAGGCCCGTCACCCT-1_V13B23-285_D1,1
TAAGGCTGAATCCCTC-1_V13B23-285_D1,4
TAAGGGCCTGTCCGAT-1_V13B23-285_D1,2
TAAGGGCTGGGAGAGG-1_V13B23-285_D1,11
TAAGTAACATCTTGAC-1_V13B23-285_D1,1
TAAGTCGCCGAGTATC-1_V13B23-285_D1,3
TAAGTTGCGACGTAGG-1_V13B23-285_D1,2
TAATAAACAAGGAGAT-1_V13B23-285_D1,9
TAATACACAGTAGTAT-1_V13B23-285_D1,5
TAATAGAACAGAGTTA-1_V13B23-285_D1,3
TAATAGCTAAATGATG-1_V13B23-285_D1,3
TAATAGTGACGACCAG-1_V13B23-285_D1,3
TAATATTGAAATTCGC-1_V13B23-285_D1,1
TAATCAACCAAATGGG-1_V13B23-285_D1,5
TAATCGATCCGTACGT-1_V13B23-285_D1,3
TAATGAAAGACCCTTG-1_V13B23-285_D1,1
TAATTACGTCAGTAGA-1_V13B23-285_D1,5
TAATTAGATGGATATG-1_V13B23-285_D1,4
TAATTAGGACATCCGT-1_V13B23-285_D1,5
TAATTCCAATGCTTCA-1_V13B23-285_D1,5
TAATTGGAATCGGGAA-1_V13B23-285_D1,8
TACAACGCACAACTCA-1_V13B23-285_D1,1
TACAAGTCTCGTGCAT-1_V13B23-285_D1,2
TACACCGTCGTTAGTC-1_V13B23-285_D1,3
TACAGAAACGGTGGGC-1_V13B23-285_D1,1
TACATAGGCATACACC-1_V13B23-285_D1,2
TACATGCCGGAATTGT-1_V13B23-285_D1,5
TACATTTCTAACGTGC-1_V13B23-285_D1,1
TACCAAATAGCCCAGA-1_V13B23-285_D1,3
TACCAATAAAGTACCA-1_V13B23-285_D1,1
TACCAGAAGTAGGTTC-1_V13B23-285_D1,2
TACCAGCTAGGTTTAA-1_V13B23-285_D1,9
TACCATGTATTGATTT-1_V13B23-285_D1,5
TACCCTCGGTAACCCT-1_V13B23-285_D1,2
TACCGCGGACTTGCAG-1_V13B23-285_D1,17
TACCGGCTCACTGCCC-1_V13B23-285_D1,4
TACCGGTCGTTTCCAT-1_V13B23-285_D1,11
TACCGTAGGTTAACTA-1_V13B23-285_D1,18
TACCGTGCCTCGGACC-1_V13B23-285_D1,2
TACCTACTCCCAGTAT-1_V13B23-285_D1,2
TACCTCACGCTTGTAC-1_V13B23-285_D1,2
TACCTCAGTTGTCTGT-1_V13B23-285_D1,3
TACCTCTTTACCATCC-1_V13B23-285_D1,2
TACCTGCTGCACTGTG-1_V13B23-285_D1,1
TACCTTAAGATTTCCC-1_V13B23-285_D1,1
TACGAACACGACTTCA-1_V13B23-285_D1,2
TACGACGCTTGCTGCG-1_V13B23-285_D1,1
TACGACTGCCTCTTAG-1_V13B23-285_D1,1
TACGAGAACTTCACGT-1_V13B23-285_D1,3
TACGATGTTGATCATC-1_V13B23-285_D1,3
TACGCAGTTCTTTCCT-1_V13B23-285_D1,1
TACGCCATATTCTAAT-1_V13B23-285_D1,5
TACGCCGAGGGTACCC-1_V13B23-285_D1,1
TACGCCGCCTCAGAAG-1_V13B23-285_D1,2
TACGCCTCCATTCCGA-1_V13B23-285_D1,8
TACGCTATAGAAACCT-1_V13B23-285_D1,4
TACGCTCGGTATTGGA-1_V13B23-285_D1,22
TACGGCATGGACGCTA-1_V13B23-285_D1,2
TACGGGATGCTAGCAG-1_V13B23-285_D1,4
TACGTAAAGCGGAGTG-1_V13B23-285_D1,2
TACGTGCAAGGTTCCT-1_V13B23-285_D1,8
TACGTGCACTATGCTG-1_V13B23-285_D1,1
TACGTTTACCGGCAAT-1_V13B23-285_D1,1
TACTATGGTTCCTCAG-1_V13B23-285_D1,4
TACTCGGCACGCCGGG-1_V13B23-285_D1,3
TACTCTCCGAACAAAT-1_V13B23-285_D1,15
TACTCTTACTTTACTG-1_V13B23-285_D1,2
TACTCTTTCGTCTTCA-1_V13B23-285_D1,1
TACTGAACAGATTTAG-1_V13B23-285_D1,3
TACTGCAATCAATTAC-1_V13B23-285_D1,4
TACTGGACAGCTCGGC-1_V13B23-285_D1,11
TACTTAAACATGTACA-1_V13B23-285_D1,5
TACTTGTTAGTAGTCC-1_V13B23-285_D1,2
TACTTTACTGAGCCGG-1_V13B23-285_D1,4
TACTTTCCGCACGCCA-1_V13B23-285_D1,18
TAGAAAGGTGGCGCTA-1_V13B23-285_D1,4
TAGAAGAAGGGTTACA-1_V13B23-285_D1,2
TAGAATAGCCGATGAA-1_V13B23-285_D1,5
TAGAATTAAGGGCAAC-1_V13B23-285_D1,21
TAGACGAAACGCCAAT-1_V13B23-285_D1,4
TAGACGCCCGTACCGG-1_V13B23-285_D1,4
TAGACTACCTAGCGTT-1_V13B23-285_D1,5
TAGAGATCATGCAACT-1_V13B23-285_D1,3
TAGAGCTACGAAGAAC-1_V13B23-285_D1,18
TAGAGGTTCTACTTGT-1_V13B23-285_D1,2
TAGAGTCTAAGCGAAC-1_V13B23-285_D1,1
TAGATATGGACTGGAA-1_V13B23-285_D1,22
TAGATCCGAAGTCGCA-1_V13B23-285_D1,14
TAGATGGTTCCTTACT-1_V13B23-285_D1,4
TAGATTCCTGGTTATT-1_V13B23-285_D1,2
TAGCAACCTGTCACAA-1_V13B23-285_D1,4
TAGCAGTATGACTAAA-1_V13B23-285_D1,2
TAGCCATTTCAAAGTC-1_V13B23-285_D1,2
TAGCCGGCGGTCAGCG-1_V13B23-285_D1,11
TAGCGTCCCTCGATTG-1_V13B23-285_D1,8
TAGCGTCCGGTGTGGT-1_V13B23-285_D1,2
TAGCGTTGGGTCTTAC-1_V13B23-285_D1,22
TAGCTAAGTCCGGGAG-1_V13B23-285_D1,1
TAGCTAGAAGGCATGA-1_V13B23-285_D1,1
TAGCTAGTGATGATGG-1_V13B23-285_D1,3
TAGCTCGCCTGATAAC-1_V13B23-285_D1,1
TAGGCATGTTACGCCA-1_V13B23-285_D1,1
TAGGCCTATATAGTCT-1_V13B23-285_D1,2
TAGGCTAAAGTGGCAC-1_V13B23-285_D1,2
TAGGGAGCTTGGGATG-1_V13B23-285_D1,3
TAGGGTGTTTCAAGAG-1_V13B23-285_D1,4
TAGGTCCAAGTAAGGA-1_V13B23-285_D1,1
TAGGTCGCCGGAACTG-1_V13B23-285_D1,15
TAGGTGACGATAACCT-1_V13B23-285_D1,2
TAGGTGAGCCCTACTC-1_V13B23-285_D1,1
TAGGTGCTCGCCTAGC-1_V13B23-285_D1,2
TAGGTGTTCCACAGAT-1_V13B23-285_D1,1
TAGGTTCGAGTTCGTC-1_V13B23-285_D1,1
TAGTACCTTAGTGGTC-1_V13B23-285_D1,1
TAGTAGCTTATACCAG-1_V13B23-285_D1,3
TAGTCCGCAGAGAATG-1_V13B23-285_D1,3
TAGTCGATCACGGGTT-1_V13B23-285_D1,5
TAGTCTAACAACGAGA-1_V13B23-285_D1,4
TAGTCTGTGACGTTGC-1_V13B23-285_D1,4
TAGTGCCCTCCAGAGT-1_V13B23-285_D1,3
TAGTGTCAGAAACGGC-1_V13B23-285_D1,2
TAGTTAAGATAGGATA-1_V13B23-285_D1,13
TAGTTTATTCTTGCTT-1_V13B23-285_D1,13
TATAAATCCACAAGCT-1_V13B23-285_D1,4
TATAAGTGAGGATAGC-1_V13B23-285_D1,8
TATACACAGACGCCTT-1_V13B23-285_D1,5
TATACACGCAAAGTAT-1_V13B23-285_D1,22
TATACCGAGTGCCACA-1_V13B23-285_D1,5
TATACGCGTCATCACT-1_V13B23-285_D1,4
TATACTCATGCGGCAA-1_V13B23-285_D1,1
TATAGATGGTCGCAGT-1_V13B23-285_D1,5
TATAGGGTACTCATGA-1_V13B23-285_D1,1
TATATATCGAGAAATG-1_V13B23-285_D1,1
TATATCCCTGGGAGGA-1_V13B23-285_D1,1
TATATTACAAATGTCG-1_V13B23-285_D1,1
TATATTCGCGTCGATA-1_V13B23-285_D1,24
TATCACCATGTAAAGT-1_V13B23-285_D1,10
TATCACCCAACCGACC-1_V13B23-285_D1,4
TATCACTTCGAGTAAC-1_V13B23-285_D1,4
TATCCAATTGGTTATC-1_V13B23-285_D1,5
TATCCATATCATGCGA-1_V13B23-285_D1,4
TATCCGCACCGTCGGG-1_V13B23-285_D1,1
TATCCTGCATGGGAAT-1_V13B23-285_D1,7
TATCGATCTATGCATA-1_V13B23-285_D1,16
TATCGATGATTAAACG-1_V13B23-285_D1,1
TATCTACAGAGGTAAT-1_V13B23-285_D1,1
TATCTACCACAGCGGG-1_V13B23-285_D1,1
TATCTTGCAATACAAC-1_V13B23-285_D1,15
TATGAAGACAGGTGCG-1_V13B23-285_D1,3
TATGATCCGGCACGCC-1_V13B23-285_D1,4
TATGATCTTCTCTTTA-1_V13B23-285_D1,2
TATGCTCCCTACTTAC-1_V13B23-285_D1,16
TATGGATGTGCTACGC-1_V13B23-285_D1,1
TATGGCCCGGCCTCGC-1_V13B23-285_D1,1
TATGGCTAGGCTAATT-1_V13B23-285_D1,11
TATGGGACCGAGCAGG-1_V13B23-285_D1,1
TATGGGTACGTATCGT-1_V13B23-285_D1,1
TATGGTCTGAGTAACA-1_V13B23-285_D1,2
TATGGTTAGTGGGAGA-1_V13B23-285_D1,5
TATGTCAAGACCGACT-1_V13B23-285_D1,2
TATGTCTCATTGTGCC-1_V13B23-285_D1,3
TATTAACCTGACCGCG-1_V13B23-285_D1,12
TATTACCATCCTGCTT-1_V13B23-285_D1,5
TATTATGTTTGCCTGC-1_V13B23-285_D1,3
TATTCAATTCTAATCC-1_V13B23-285_D1,10
TATTCCACTCAGCTCG-1_V13B23-285_D1,2
TATTCCGAGCTGTTAT-1_V13B23-285_D1,2
TATTCCTCCGCCCACT-1_V13B23-285_D1,1
TATTCGTGCCAGAATA-1_V13B23-285_D1,5
TATTGACATTTCTGCC-1_V13B23-285_D1,3
TATTGCCGGGCTTGTA-1_V13B23-285_D1,5
TATTTAGTCTAGATCG-1_V13B23-285_D1,5
TATTTATACCGAGTAG-1_V13B23-285_D1,9
TATTTGATTTGCACAG-1_V13B23-285_D1,2
TATTTGTTACCCTTTA-1_V13B23-285_D1,1
TCAAACAACCGCGTCG-1_V13B23-285_D1,1
TCAAACTTAGATTGTT-1_V13B23-285_D1,1
TCAAATTTGAGACTCA-1_V13B23-285_D1,2
TCAACAAAGATAATTC-1_V13B23-285_D1,3
TCAACACATTGGGTAA-1_V13B23-285_D1,2
TCAACATAGCGCCCTA-1_V13B23-285_D1,3
TCAACATCGACCGAGA-1_V13B23-285_D1,12
TCAACCATGTTCGGGC-1_V13B23-285_D1,1
TCAACGAGGAGACAAA-1_V13B23-285_D1,16
TCAACGCAGGAAATAA-1_V13B23-285_D1,1
TCAACGCGACCGGCAG-1_V13B23-285_D1,3
TCAACTAACGTATAAC-1_V13B23-285_D1,1
TCAACTGCAGAGTCAG-1_V13B23-285_D1,2
TCAAGAAATACTAGCT-1_V13B23-285_D1,1
TCAAGCGCGGACGGTA-1_V13B23-285_D1,22
TCAAGCTGCCTTGAAA-1_V13B23-285_D1,3
TCAAGGTTACTACACC-1_V13B23-285_D1,2
TCAATACGCCGTCATG-1_V13B23-285_D1,4
TCACAAACCGAGGTAC-1_V13B23-285_D1,5
TCACAGCAAACTCGAA-1_V13B23-285_D1,1
TCACAGGAGAATAAGA-1_V13B23-285_D1,1
TCACAGGGAATCGCAA-1_V13B23-285_D1,2
TCACAGGTTATTGGGC-1_V13B23-285_D1,3
TCACATCTTATCTGAT-1_V13B23-285_D1,3
TCACCCTCTTAAGATT-1_V13B23-285_D1,2
TCACCGCTCGGCACTC-1_V13B23-285_D1,3
TCACGATGTCCGTGGA-1_V13B23-285_D1,4
TCACGCATTGTAGATC-1_V13B23-285_D1,1
TCACGGTCATCGCACA-1_V13B23-285_D1,1
TCACGTGCCCGATTCA-1_V13B23-285_D1,2
TCACTACGACCAATGC-1_V13B23-285_D1,3
TCACTCGTGCAACGGC-1_V13B23-285_D1,1
TCAGAACCTCCACAGG-1_V13B23-285_D1,1
TCAGACGCTATAGAAG-1_V13B23-285_D1,2
TCAGAGTGTGAGCATG-1_V13B23-285_D1,2
TCAGCAAATGCATCTC-1_V13B23-285_D1,3
TCAGCAGTAGGCCCTG-1_V13B23-285_D1,1
TCAGCCAATCCGTAAA-1_V13B23-285_D1,5
TCAGGGCGCAAACTCG-1_V13B23-285_D1,3
TCAGGGTGTAACGTAA-1_V13B23-285_D1,3
TCAGGTTCTTTGAGAA-1_V13B23-285_D1,1
TCAGTACTGACCCGCG-1_V13B23-285_D1,1
TCAGTAGGGACTATAA-1_V13B23-285_D1,4
TCAGTGTATACGTCAT-1_V13B23-285_D1,1
TCATAAGTCCAAGAAG-1_V13B23-285_D1,2
TCATACTTACAGATCC-1_V13B23-285_D1,4
TCATATGAGCTTTGTT-1_V13B23-285_D1,3
TCATCACTCGAGCTCG-1_V13B23-285_D1,2
TCATCCCAGAGGGTGG-1_V13B23-285_D1,13
TCATCGATGGTCCCAA-1_V13B23-285_D1,1
TCATGCAGGTTCTCAT-1_V13B23-285_D1,7
TCATTTAAGTCTCCGA-1_V13B23-285_D1,3
TCATTTAGAAGTGTGA-1_V13B23-285_D1,2
TCCAACTTTAAATTCT-1_V13B23-285_D1,1
TCCAATAAAGGCTACC-1_V13B23-285_D1,1
TCCACAATGGTTTACG-1_V13B23-285_D1,1
TCCACCTCTAGCCTTT-1_V13B23-285_D1,2
TCCACTTTATCTAGGT-1_V13B23-285_D1,3
TCCAGAGCACCGGTTC-1_V13B23-285_D1,5
TCCAGATGTACGCCAA-1_V13B23-285_D1,4
TCCAGCGCTATAAGCG-1_V13B23-285_D1,4
TCCAGGCGAGTACGGT-1_V13B23-285_D1,2
TCCAGGGTATATACGA-1_V13B23-285_D1,1
TCCATTCCCACTAGAG-1_V13B23-285_D1,10
TCCATTGTGACCTCGT-1_V13B23-285_D1,21
TCCCAAACAGACAACG-1_V13B23-285_D1,1
TCCCAAAGACGAAGGA-1_V13B23-285_D1,1
TCCCAAAGCCCTAAAT-1_V13B23-285_D1,5
TCCCACTCTCTTCCGG-1_V13B23-285_D1,3
TCCCAGCACACGACAT-1_V13B23-285_D1,6
TCCCAGCTTTAGTCTG-1_V13B23-285_D1,1
TCCCAGGCTTAGCTAA-1_V13B23-285_D1,3
TCCCGCCTATGTGCGT-1_V13B23-285_D1,3
TCCCGCGTACTCCTGG-1_V13B23-285_D1,11
TCCCGGGTGTGCTGCT-1_V13B23-285_D1,2
TCCCGTCAGTCCCGCA-1_V13B23-285_D1,7
TCCCGTCGCGTCATAG-1_V13B23-285_D1,8
TCCCGTGTGCAATTTG-1_V13B23-285_D1,5
TCCCTAGATCAATAGG-1_V13B23-285_D1,8
TCCCTCTTCTCAAGGG-1_V13B23-285_D1,2
TCCCTGGCGTATTAAC-1_V13B23-285_D1,1
TCCCTGGCTCGCTGGA-1_V13B23-285_D1,3
TCCCTTAGATTACTCG-1_V13B23-285_D1,1
TCCCTTGTCTGAAACT-1_V13B23-285_D1,8
TCCGAACGTTGCCGCT-1_V13B23-285_D1,5
TCCGAACTTGGCTTAC-1_V13B23-285_D1,3
TCCGAAGTAGTCACCA-1_V13B23-285_D1,4
TCCGAATGGTCCTGAG-1_V13B23-285_D1,11
TCCGATAATTGCCATA-1_V13B23-285_D1,4
TCCGATGACTGAGCTC-1_V13B23-285_D1,4
TCCGATGGTGCGACAT-1_V13B23-285_D1,1
TCCGATTACATTGCCG-1_V13B23-285_D1,1
TCCGCCTGTCTACAAG-1_V13B23-285_D1,2
TCCGCGGCAGCATCTG-1_V13B23-285_D1,3
TCCGCGGCCCAATGAA-1_V13B23-285_D1,5
TCCGCTGTCATCCCGG-1_V13B23-285_D1,5
TCCGCTTATCCCATTA-1_V13B23-285_D1,1
TCCGGAGGAAGGGCTG-1_V13B23-285_D1,8
TCCGGCCTAGCGTACA-1_V13B23-285_D1,3
TCCGGCTGTCGGGTCG-1_V13B23-285_D1,10
TCCGGGCTTGACGGGA-1_V13B23-285_D1,1
TCCGGTTCGTCCGGTC-1_V13B23-285_D1,1
TCCGTAACCACAATCC-1_V13B23-285_D1,3
TCCGTTAAGCTAATAT-1_V13B23-285_D1,16
TCCGTTTAGCCTTGAA-1_V13B23-285_D1,3
TCCTAAATTGGGAAGC-1_V13B23-285_D1,1
TCCTAACCGTCGGGCA-1_V13B23-285_D1,1
TCCTACATCCACGGCC-1_V13B23-285_D1,5
TCCTAGCAAAGAAGCT-1_V13B23-285_D1,1
TCCTATCATAGGTAAC-1_V13B23-285_D1,2
TCCTCCTAAGACATTC-1_V13B23-285_D1,1
TCCTCGGGCTGGGCTT-1_V13B23-285_D1,5
TCCTCTACGAGATGGC-1_V13B23-285_D1,1
TCCTCTCCAGTTGTCC-1_V13B23-285_D1,10
TCCTCTGGCCCATTAG-1_V13B23-285_D1,4
TCCTGCCAACTGGAGA-1_V13B23-285_D1,4
TCCTGCGTTGATACTC-1_V13B23-285_D1,1
TCCTGGCGCTGCCTGG-1_V13B23-285_D1,8
TCCTTACGACGGTCCG-1_V13B23-285_D1,1
TCCTTCAGTGGTCGAA-1_V13B23-285_D1,7
TCCTTTAAATCCGCTT-1_V13B23-285_D1,2
TCCTTTCTTACGCTTA-1_V13B23-285_D1,1
TCGAAATTTAGGACCA-1_V13B23-285_D1,1
TCGAAGAACCGAGCAC-1_V13B23-285_D1,5
TCGAATATCCCGCAGG-1_V13B23-285_D1,3
TCGACAACTGAACCCG-1_V13B23-285_D1,11
TCGAGACCAACACCGT-1_V13B23-285_D1,2
TCGAGCCAGGCAGGCC-1_V13B23-285_D1,1
TCGAGGGCAACAGACG-1_V13B23-285_D1,2
TCGCAAAGATGCATTT-1_V13B23-285_D1,5
TCGCACCAGGAGGCAG-1_V13B23-285_D1,2
TCGCATAAAGGGCGCA-1_V13B23-285_D1,5
TCGCATCCCTAAGTGT-1_V13B23-285_D1,7
TCGCCGAAGTTGCGTC-1_V13B23-285_D1,3
TCGCCGGTCGATCCGT-1_V13B23-285_D1,2
TCGCGTAGCAGTGTCC-1_V13B23-285_D1,3
TCGCGTCCAGAAGGTC-1_V13B23-285_D1,1
TCGCTAAACCGCTATC-1_V13B23-285_D1,22
TCGCTCGATATATTCC-1_V13B23-285_D1,11
TCGCTCGGCACCAGCG-1_V13B23-285_D1,8
TCGCTGGGCGGATTGT-1_V13B23-285_D1,2
TCGCTGTGCGTAAATC-1_V13B23-285_D1,1
TCGCTTTAAACGTTTG-1_V13B23-285_D1,3
TCGGAATGCGCTCTGA-1_V13B23-285_D1,2
TCGGACGCCCAGCCCA-1_V13B23-285_D1,1
TCGGAGAGTATCGGGA-1_V13B23-285_D1,1
TCGGAGTACATGAGTA-1_V13B23-285_D1,8
TCGGCGAACCCAAACC-1_V13B23-285_D1,5
TCGGCGTACTGCACAA-1_V13B23-285_D1,1
TCGGCTTGTATCGACG-1_V13B23-285_D1,5
TCGGGAACGTGCCTAG-1_V13B23-285_D1,4
TCGGGAGACAGCGTAC-1_V13B23-285_D1,2
TCGGGATTCAAACATA-1_V13B23-285_D1,11
TCGGGCCGTCGTGGTA-1_V13B23-285_D1,5
TCGGGTGAAACTGCTA-1_V13B23-285_D1,21
TCGGTCCCGACAATAG-1_V13B23-285_D1,3
TCGGTCCCTGACTCCA-1_V13B23-285_D1,4
TCGGTGACCGCTCCGG-1_V13B23-285_D1,3
TCGTAAGACGACATTG-1_V13B23-285_D1,12
TCGTAAGCTCCGAGGA-1_V13B23-285_D1,1
TCGTATAGTGCAATTA-1_V13B23-285_D1,14
TCGTATTACCCATTGC-1_V13B23-285_D1,6
TCGTCAAGTACGCGCA-1_V13B23-285_D1,1
TCGTCACACTGTTAGC-1_V13B23-285_D1,1
TCGTCCGCTGGCGTCT-1_V13B23-285_D1,1
TCGTCTTAGGCGTTAA-1_V13B23-285_D1,2
TCGTGTACTATGGATG-1_V13B23-285_D1,3
TCGTGTATTGGTCACG-1_V13B23-285_D1,3
TCGTGTCACGCTGACA-1_V13B23-285_D1,2
TCGTGTTCGACCACAA-1_V13B23-285_D1,2
TCGTTAGGAGTCCCTA-1_V13B23-285_D1,3
TCGTTCGTTATTATGT-1_V13B23-285_D1,21
TCGTTGCTATCCGGTC-1_V13B23-285_D1,1
TCGTTGGCTCGTCAAT-1_V13B23-285_D1,7
TCTAATACTGCCTCAG-1_V13B23-285_D1,11
TCTACCCAATAGAGAG-1_V13B23-285_D1,5
TCTACCGTCCACAAGC-1_V13B23-285_D1,1
TCTAGCAATCTCCGCC-1_V13B23-285_D1,11
TCTAGCATCTTCGATG-1_V13B23-285_D1,11
TCTAGCATGCCCAGAA-1_V13B23-285_D1,1
TCTAGGTGGCGACGCT-1_V13B23-285_D1,7
TCTAGTGATATCGTGG-1_V13B23-285_D1,5
TCTAGTTATCAGAAGA-1_V13B23-285_D1,2
TCTATAGGTGGGTAAT-1_V13B23-285_D1,2
TCTATCATGCAGTTAC-1_V13B23-285_D1,16
TCTATCGGTCGCAACA-1_V13B23-285_D1,4
TCTATGCTATAACGAC-1_V13B23-285_D1,2
TCTATTACGCTGGCGA-1_V13B23-285_D1,8
TCTCATGAGATAGGGT-1_V13B23-285_D1,5
TCTCCAACGTAGGTTA-1_V13B23-285_D1,7
TCTCCACAAGTTGAAT-1_V13B23-285_D1,2
TCTCCCTGGGCAGCGT-1_V13B23-285_D1,2
TCTCGAACGAGGTCAC-1_V13B23-285_D1,15
TCTCGACGTATCGCCG-1_V13B23-285_D1,6
TCTCGAGGAGGTTCGC-1_V13B23-285_D1,5
TCTCGGCTCCAGGACT-1_V13B23-285_D1,1
TCTCTAATAGCTGGTA-1_V13B23-285_D1,4
TCTCTCGCCGCACATA-1_V13B23-285_D1,5
TCTGAACCGGTCGGCT-1_V13B23-285_D1,1
TCTGAACTCGTACCCG-1_V13B23-285_D1,5
TCTGAAGCACGTGGTC-1_V13B23-285_D1,18
TCTGAATTCCGTACAA-1_V13B23-285_D1,11
TCTGACGGGCTAACCC-1_V13B23-285_D1,2
TCTGAGCAATTGACTG-1_V13B23-285_D1,5
TCTGATCGGGTGCTAG-1_V13B23-285_D1,11
TCTGATGTATTCTGTC-1_V13B23-285_D1,4
TCTGATTGGAAATGGA-1_V13B23-285_D1,3
TCTGCACCATTAGTAA-1_V13B23-285_D1,11
TCTGCATACCTTGCTT-1_V13B23-285_D1,2
TCTGCCAGAAACTGCA-1_V13B23-285_D1,2
TCTGCGAATCGTTCGC-1_V13B23-285_D1,26
TCTGCGTCCGGTTTCT-1_V13B23-285_D1,4
TCTGCTTAGAACAAGC-1_V13B23-285_D1,2
TCTGGAGCGTAAGAGT-1_V13B23-285_D1,1
TCTGGCCGTTCAAGTT-1_V13B23-285_D1,3
TCTGGGAACCTTTGAA-1_V13B23-285_D1,2
TCTGGGTAGCGCTCAT-1_V13B23-285_D1,1
TCTGTCATACAAGAGC-1_V13B23-285_D1,21
TCTGTGCCATCATAGT-1_V13B23-285_D1,1
TCTGTTACCCAGCATA-1_V13B23-285_D1,1
TCTTACAGAGGTACCG-1_V13B23-285_D1,2
TCTTACCGGAACTCGT-1_V13B23-285_D1,1
TCTTACGGCATCCGAC-1_V13B23-285_D1,1
TCTTACTTATGCCTCT-1_V13B23-285_D1,5
TCTTAGAGCTCCAATT-1_V13B23-285_D1,5
TCTTAGAGTGAACTCT-1_V13B23-285_D1,2
TCTTCCCATGGGCACA-1_V13B23-285_D1,3
TCTTCGAATAGACGTT-1_V13B23-285_D1,2
TCTTCGATACCAATAA-1_V13B23-285_D1,3
TCTTCGCGGTGAGAGG-1_V13B23-285_D1,2
TCTTCTATAACCCGCC-1_V13B23-285_D1,5
TCTTGATGCGTAGCGA-1_V13B23-285_D1,3
TCTTGGTAACACCAAA-1_V13B23-285_D1,7
TCTTTAAGACTATGAA-1_V13B23-285_D1,8
TCTTTAGAGTCTAACA-1_V13B23-285_D1,2
TCTTTAGCAGGCGAAC-1_V13B23-285_D1,12
TCTTTCCTTCGAGATA-1_V13B23-285_D1,11
TCTTTCTCTTAAGGAG-1_V13B23-285_D1,27
TGAAACTTATGCAAGC-1_V13B23-285_D1,13
TGAAAGGACCTGACTC-1_V13B23-285_D1,3
TGAATATGCTATAAAC-1_V13B23-285_D1,10
TGAATGAGATACAGCA-1_V13B23-285_D1,27
TGAATGTCAGCCGGCC-1_V13B23-285_D1,16
TGACAACGCATGTCGC-1_V13B23-285_D1,5
TGACACTTCTCTTTGC-1_V13B23-285_D1,8
TGACATCGAGCGGACC-1_V13B23-285_D1,8
TGACCCACGTTAGACA-1_V13B23-285_D1,1
TGACGAATATTTCCCT-1_V13B23-285_D1,3
TGACGATGCACTAGAA-1_V13B23-285_D1,1
TGACTATAATCCTTTC-1_V13B23-285_D1,4
TGACTCTAACTGGTAA-1_V13B23-285_D1,2
TGAGAATGCTTTACCG-1_V13B23-285_D1,4
TGAGAGATTTACCACG-1_V13B23-285_D1,5
TGAGATTAGGCCCTAA-1_V13B23-285_D1,15
TGAGCCATACAGTCTC-1_V13B23-285_D1,3
TGAGCGGAAAGTGTTC-1_V13B23-285_D1,1
TGAGCTCAACTGTATA-1_V13B23-285_D1,16
TGAGCTTTAATGACGC-1_V13B23-285_D1,7
TGAGGAGTGCCAGCTT-1_V13B23-285_D1,3
TGAGTAAATTAGCGTA-1_V13B23-285_D1,1
TGAGTGCCTCTTAAAT-1_V13B23-285_D1,3
TGAGTGGTCCGTGACG-1_V13B23-285_D1,3
TGAGTTAAAGACATTC-1_V13B23-285_D1,5
TGATACATTTAGCCGT-1_V13B23-285_D1,1
TGATCAGGGAACTGCT-1_V13B23-285_D1,3
TGATCCCAGCATTAGT-1_V13B23-285_D1,3
TGATCGGTTTGACCCT-1_V13B23-285_D1,3
TGATCTACGCTGATCT-1_V13B23-285_D1,4
TGATCTCCGGCGCCAG-1_V13B23-285_D1,1
TGATGGCTGTTTCTGA-1_V13B23-285_D1,3
TGATGTCAATTAAGTG-1_V13B23-285_D1,2
TGATTATGGCACGCAG-1_V13B23-285_D1,1
TGATTCGTCTATCACT-1_V13B23-285_D1,3
TGATTCTGTCGCCGGT-1_V13B23-285_D1,1
TGATTTATTAGCTGTG-1_V13B23-285_D1,1
TGATTTCCTCCTGACG-1_V13B23-285_D1,1
TGCAACCCATCTGCGG-1_V13B23-285_D1,1
TGCAAGAATGACGTAA-1_V13B23-285_D1,18
TGCAATCTAACACGGT-1_V13B23-285_D1,5
TGCAATTTGGGCACGG-1_V13B23-285_D1,8
TGCACAGTGAAGTTAT-1_V13B23-285_D1,3
TGCAGAACTATATCGT-1_V13B23-285_D1,1
TGCAGAGTACCGAGCA-1_V13B23-285_D1,1
TGCAGATCGTCCTAGG-1_V13B23-285_D1,3
TGCAGCTACGTACTTC-1_V13B23-285_D1,12
TGCAGGATCGGCAAAG-1_V13B23-285_D1,1
TGCAGTGAGGCTCGGG-1_V13B23-285_D1,26
TGCAGTTTCCTCCCAT-1_V13B23-285_D1,2
TGCATATGTCTGTCAC-1_V13B23-285_D1,3
TGCATGGATCGGATCT-1_V13B23-285_D1,7
TGCATGTGGTAATCTA-1_V13B23-285_D1,3
TGCCAAAGTCAGACTT-1_V13B23-285_D1,3
TGCCAATGGGTACTCT-1_V13B23-285_D1,1
TGCCACCTGGCGAAAC-1_V13B23-285_D1,1
TGCCAGTACGTGGAGA-1_V13B23-285_D1,1
TGCCATTACTAAAGAA-1_V13B23-285_D1,1
TGCCCGTACCGTTAAA-1_V13B23-285_D1,2
TGCCGAAAGCGTATTC-1_V13B23-285_D1,3
TGCCGTGGATCGTCCT-1_V13B23-285_D1,1
TGCCTAAATTTAATAG-1_V13B23-285_D1,1
TGCCTAATTGAAGATT-1_V13B23-285_D1,4
TGCCTGACATCGGTCA-1_V13B23-285_D1,1
TGCCTGATCAAACGAT-1_V13B23-285_D1,4
TGCCTTGGCCAGGCAA-1_V13B23-285_D1,5
TGCGACACCCTAGTGC-1_V13B23-285_D1,1
TGCGACGGCCGAACGT-1_V13B23-285_D1,1
TGCGAGAATATTACCC-1_V13B23-285_D1,1
TGCGAGCCCTTCCGCG-1_V13B23-285_D1,9
TGCGCAAAGCATTTGG-1_V13B23-285_D1,3
TGCGCCGTTAATAACG-1_V13B23-285_D1,5
TGCGCGATTAACGGAG-1_V13B23-285_D1,1
TGCGGAGTAAAGGTGC-1_V13B23-285_D1,4
TGCGGCATAGTTCAAC-1_V13B23-285_D1,9
TGCGGTGAAATTTCAT-1_V13B23-285_D1,13
TGCGTAAGAACCTGAT-1_V13B23-285_D1,3
TGCGTACGGCTAATTG-1_V13B23-285_D1,1
TGCGTCATGACTGAGC-1_V13B23-285_D1,1
TGCGTGATTGGGTGTC-1_V13B23-285_D1,11
TGCGTTTGTTGACACT-1_V13B23-285_D1,5
TGCTAAGTGTCTATTT-1_V13B23-285_D1,4
TGCTCCACAGTTCTTA-1_V13B23-285_D1,2
TGCTCGGCGAAACCCA-1_V13B23-285_D1,2
TGCTCTGCCGGTTCAC-1_V13B23-285_D1,11
TGCTCTTGAGAGTTTG-1_V13B23-285_D1,2
TGCTGGTTGGACAATT-1_V13B23-285_D1,1
TGCTGTTGAAGAACTC-1_V13B23-285_D1,1
TGCTTCCCAAGCAGTA-1_V13B23-285_D1,4
TGCTTGAAACCATGCA-1_V13B23-285_D1,1
TGGAACCACTGACACA-1_V13B23-285_D1,1
TGGAAGAAGGGAACGT-1_V13B23-285_D1,4
TGGAAGACGAACACCA-1_V13B23-285_D1,7
TGGAAGGATAAAGATG-1_V13B23-285_D1,7
TGGAATATCCTTGACC-1_V13B23-285_D1,8
TGGAATTAGACGCTTT-1_V13B23-285_D1,1
TGGACCAATCTAAGAT-1_V13B23-285_D1,4
TGGACCACGGCGTTGA-1_V13B23-285_D1,7
TGGACGCAATCCAGCC-1_V13B23-285_D1,12
TGGACTGTTCGCTCAA-1_V13B23-285_D1,5
TGGAGGGAAACACCTC-1_V13B23-285_D1,3
TGGAGTGATGCGATGA-1_V13B23-285_D1,1
TGGCAAACTAAATTAC-1_V13B23-285_D1,5
TGGCAACTCGCGCGCC-1_V13B23-285_D1,5
TGGCAATGGGACGGCG-1_V13B23-285_D1,2
TGGCAGATTACGATCA-1_V13B23-285_D1,2
TGGCAGCAGTAATAGT-1_V13B23-285_D1,4
TGGCCAAACTGAAGTA-1_V13B23-285_D1,3
TGGCCGTATATTGACC-1_V13B23-285_D1,1
TGGCGACTGCTCCAAA-1_V13B23-285_D1,3
TGGCGATCAAGTTATG-1_V13B23-285_D1,2
TGGCTACACTCTACCT-1_V13B23-285_D1,2
TGGCTATGTGACATAC-1_V13B23-285_D1,18
TGGCTTGTACAAGCTT-1_V13B23-285_D1,10
TGGCTTTGGGTAGACA-1_V13B23-285_D1,1
TGGGAAATGCCTTTCC-1_V13B23-285_D1,1
TGGGATGCACTCATTC-1_V13B23-285_D1,2
TGGGCAATAGTTGGGT-1_V13B23-285_D1,2
TGGGCACGTTCTATGG-1_V13B23-285_D1,5
TGGGCAGGCCACCGCA-1_V13B23-285_D1,1
TGGGCCACAAGAGCGC-1_V13B23-285_D1,7
TGGGCCCATACTAATT-1_V13B23-285_D1,2
TGGTAGAATATATGGG-1_V13B23-285_D1,2
TGGTATCGCATCCCAA-1_V13B23-285_D1,23
TGGTCCCACGCTACGG-1_V13B23-285_D1,2
TGGTGATCGTATTTGT-1_V13B23-285_D1,3
TGGTTAAGGGCGCTGG-1_V13B23-285_D1,12
TGGTTCAACGGGTAAT-1_V13B23-285_D1,1
TGGTTCGTAGCAAAGG-1_V13B23-285_D1,2
TGGTTGGAGGATCCTG-1_V13B23-285_D1,4
TGGTTTAAACGTGGGT-1_V13B23-285_D1,3
TGTAATGACCACAATA-1_V13B23-285_D1,1
TGTACCTACACGAGGG-1_V13B23-285_D1,2
TGTACGAACAAATCCG-1_V13B23-285_D1,1
TGTACTACTCTCACGG-1_V13B23-285_D1,17
TGTAGCCATCCCATTC-1_V13B23-285_D1,2
TGTAGGAGAAATTTCC-1_V13B23-285_D1,3
TGTAGTGATCTATAAT-1_V13B23-285_D1,1
TGTATAACAGATCCTG-1_V13B23-285_D1,4
TGTATACGGATGATGA-1_V13B23-285_D1,1
TGTATCCTTATTCCAT-1_V13B23-285_D1,23
TGTATGGCGCAGACAG-1_V13B23-285_D1,5
TGTATTTACCTAATGC-1_V13B23-285_D1,10
TGTCATTTGTTGGGAA-1_V13B23-285_D1,17
TGTCCACGGCTCAACT-1_V13B23-285_D1,2
TGTCCCGACATAGCAC-1_V13B23-285_D1,14
TGTCCGTGGCGCCTTT-1_V13B23-285_D1,4
TGTCCTAAGTCACCGC-1_V13B23-285_D1,8
TGTCGGCATGGTGGAA-1_V13B23-285_D1,7
TGTCTACAGTTTCTGT-1_V13B23-285_D1,21
TGTGACTACGCCAGTC-1_V13B23-285_D1,4
TGTGAGACTAGCCCAA-1_V13B23-285_D1,1
TGTGCCGGTGCCGGAA-1_V13B23-285_D1,5
TGTGCTTTACGTAAGA-1_V13B23-285_D1,8
TGTGGACTATCTACGT-1_V13B23-285_D1,18
TGTGGCAAAGCGTATG-1_V13B23-285_D1,4
TGTGGCTCCCACCAAC-1_V13B23-285_D1,5
TGTGGTAGGGTGCCTT-1_V13B23-285_D1,5
TGTGTAGTAGCACGTG-1_V13B23-285_D1,4
TGTGTCGCGAGTTGCA-1_V13B23-285_D1,6
TGTGTTCGTATCCAAG-1_V13B23-285_D1,1
TGTTATTGTATGTGGC-1_V13B23-285_D1,2
TGTTCCGCTTCCATGA-1_V13B23-285_D1,1
TGTTCGTATTGCGGTG-1_V13B23-285_D1,1
TGTTCTTCCATTGACT-1_V13B23-285_D1,1
TGTTGCCGTCGTCCCA-1_V13B23-285_D1,5
TGTTGTCAAGAAGTCT-1_V13B23-285_D1,4
TGTTTAATACTTCATC-1_V13B23-285_D1,21
TGTTTCGGTACTTCTC-1_V13B23-285_D1,4
TGTTTGAGATCGTCAG-1_V13B23-285_D1,2
TTAAACAGAGTCCCGC-1_V13B23-285_D1,1
TTAAACTCGAATTCAT-1_V13B23-285_D1,4
TTAACACCTCGAACAT-1_V13B23-285_D1,1
TTAACCAACCCTCCCT-1_V13B23-285_D1,1
TTAACGAACAAGCAGT-1_V13B23-285_D1,8
TTAACGTCGCAAGACC-1_V13B23-285_D1,21
TTAACTTCAGGTAGGA-1_V13B23-285_D1,1
TTAAGATAGGATTGAC-1_V13B23-285_D1,6
TTAAGCCGACAACTTC-1_V13B23-285_D1,13
TTAAGCGCCTGACCCA-1_V13B23-285_D1,1
TTAAGGCCCGTACTTT-1_V13B23-285_D1,4
TTAAGTATTGTTATCC-1_V13B23-285_D1,2
TTAATCAGTACGTCAG-1_V13B23-285_D1,9
TTAATGTAGACCAGGT-1_V13B23-285_D1,3
TTAATTGCTTTGGGTG-1_V13B23-285_D1,1
TTAATTTCAGACGCGG-1_V13B23-285_D1,7
TTACAACTACGCATCC-1_V13B23-285_D1,1
TTACACGATCTGCGAC-1_V13B23-285_D1,5
TTACAGACCTAAATGA-1_V13B23-285_D1,3
TTACATCGTGGCCTGG-1_V13B23-285_D1,1
TTACATGCCACAACTA-1_V13B23-285_D1,5
TTACCATTGATTACCC-1_V13B23-285_D1,15
TTACCCATTGCCGGGT-1_V13B23-285_D1,4
TTACCCTAACAGTCCT-1_V13B23-285_D1,1
TTACCCTAGGGATTGG-1_V13B23-285_D1,11
TTACCGCCTTAGGGAA-1_V13B23-285_D1,1
TTACGGATGGTTCGAG-1_V13B23-285_D1,3
TTACGTATCTATGACA-1_V13B23-285_D1,2
TTACTAAAGGACTTTA-1_V13B23-285_D1,1
TTACTATCGGCTTCTC-1_V13B23-285_D1,23
TTACTCCGGCCGGGAA-1_V13B23-285_D1,1
TTACTCTGGTACGTAC-1_V13B23-285_D1,4
TTACTGGGATATTTCA-1_V13B23-285_D1,2
TTACTGTCTAGAGCTC-1_V13B23-285_D1,4
TTAGAAGAACATGACT-1_V13B23-285_D1,1
TTAGAATAAGGGTCGG-1_V13B23-285_D1,1
TTAGACACGATCGTTG-1_V13B23-285_D1,7
TTAGACGAGTCACCTC-1_V13B23-285_D1,2
TTAGAGTTTAGAAGGA-1_V13B23-285_D1,2
TTAGATAGGTCGATAC-1_V13B23-285_D1,1
TTAGCAACATGGATGT-1_V13B23-285_D1,1
TTAGCTAATACGATCT-1_V13B23-285_D1,4
TTAGCTCTGTAATCCG-1_V13B23-285_D1,11
TTAGCTGATTTGCCGT-1_V13B23-285_D1,5
TTAGGATGGGAGGGTA-1_V13B23-285_D1,2
TTAGGTCATAACCGAC-1_V13B23-285_D1,1
TTAGTAAACCTGCTCT-1_V13B23-285_D1,2
TTAGTAGGGCGGCGGG-1_V13B23-285_D1,12
TTAGTTATTCGTGGCA-1_V13B23-285_D1,2
TTAGTTCAAGTGTTCG-1_V13B23-285_D1,3
TTATAGGTAATTGTCT-1_V13B23-285_D1,1
TTATATACGCTGTCAC-1_V13B23-285_D1,2
TTATATTTGGCAATCC-1_V13B23-285_D1,4
TTATCCAATCGAACTC-1_V13B23-285_D1,7
TTATCCGGGATCTATA-1_V13B23-285_D1,5
TTATCCTCAAGGAATA-1_V13B23-285_D1,15
TTATCGCCTGCGAAGC-1_V13B23-285_D1,1
TTATCTGTATCATAAC-1_V13B23-285_D1,1
TTATGAATGAAAGGGA-1_V13B23-285_D1,2
TTATGACAAACTGGAT-1_V13B23-285_D1,1
TTATGATCTTAACGAA-1_V13B23-285_D1,2
TTATGTTTGCGATAGA-1_V13B23-285_D1,22
TTATTAGAGCGTGTTC-1_V13B23-285_D1,2
TTATTAGGGAAGCATC-1_V13B23-285_D1,6
TTATTATCTGGAAGGC-1_V13B23-285_D1,11
TTATTTAGGTTCCTTA-1_V13B23-285_D1,2
TTCAAAGTCTCTAGCC-1_V13B23-285_D1,4
TTCAACGACCCGACCG-1_V13B23-285_D1,4
TTCAAGCCGAGCTGAG-1_V13B23-285_D1,13
TTCAATACTCTGAATC-1_V13B23-285_D1,22
TTCAATTAGCCATAAT-1_V13B23-285_D1,24
TTCACGAAAGGATCAC-1_V13B23-285_D1,1
TTCACTCGAGCACCTA-1_V13B23-285_D1,4
TTCAGAGTAACCTGAC-1_V13B23-285_D1,1
TTCAGCCCTGGTCCAC-1_V13B23-285_D1,2
TTCAGCTGGCGTGCCC-1_V13B23-285_D1,6
TTCAGGCGTCAAAGCC-1_V13B23-285_D1,3
TTCATGGCGCAACAGG-1_V13B23-285_D1,7
TTCCAATCAGAGCTAG-1_V13B23-285_D1,8
TTCCAATCTGGCTATC-1_V13B23-285_D1,1
TTCCACACAGATTTGA-1_V13B23-285_D1,1
TTCCAGACGAGATTTA-1_V13B23-285_D1,5
TTCCATCATGCGGTGA-1_V13B23-285_D1,4
TTCCATCGACAGCGTG-1_V13B23-285_D1,2
TTCCGCAGAGAAATAT-1_V13B23-285_D1,4
TTCCGCGTGAGGCGAT-1_V13B23-285_D1,1
TTCCGGCCTTGAGGCT-1_V13B23-285_D1,8
TTCCGGCTCGACTTCT-1_V13B23-285_D1,10
TTCCGGTATCTGTGTC-1_V13B23-285_D1,5
TTCCGGTTACCCACTT-1_V13B23-285_D1,2
TTCCTCGAGGGTGTCT-1_V13B23-285_D1,1
TTCCTCGGACTAACCA-1_V13B23-285_D1,5
TTCCTCTGCCCGAATA-1_V13B23-285_D1,11
TTCCTTTCTGTGTTGC-1_V13B23-285_D1,4
TTCGACAGAGCCCGTG-1_V13B23-285_D1,2
TTCGACGGGAAGGGCG-1_V13B23-285_D1,1
TTCGCACTCGCGTGCT-1_V13B23-285_D1,1
TTCGCACTGTACGACA-1_V13B23-285_D1,18
TTCGCATCCGGAAGCA-1_V13B23-285_D1,1
TTCGCGCGCCATACGA-1_V13B23-285_D1,16
TTCGCTAGGAAGTTGT-1_V13B23-285_D1,5
TTCGCTATCTGACGTG-1_V13B23-285_D1,3
TTCGGCAACCCGCTGA-1_V13B23-285_D1,9
TTCGGCTAGAGATGGT-1_V13B23-285_D1,4
TTCGGGACTAATCGCG-1_V13B23-285_D1,4
TTCGGGCGCTAGTCTT-1_V13B23-285_D1,1
TTCGGGTTGCCACGGG-1_V13B23-285_D1,2
TTCGGTGGAGACGCCC-1_V13B23-285_D1,5
TTCGTAATCCCAGCGG-1_V13B23-285_D1,14
TTCGTACTCCAGAACG-1_V13B23-285_D1,1
TTCGTTCAACGAAGTT-1_V13B23-285_D1,4
TTCTAACCGAAGCTTA-1_V13B23-285_D1,3
TTCTACTTGCGAGGGC-1_V13B23-285_D1,3
TTCTAGAAAGTCTTAT-1_V13B23-285_D1,1
TTCTAGGCCAATTGTG-1_V13B23-285_D1,1
TTCTATGCCTTTCGCA-1_V13B23-285_D1,3
TTCTGACCGGGCTCAA-1_V13B23-285_D1,6
TTCTGCCGCGCCTAGA-1_V13B23-285_D1,5
TTCTGCGAGCGCCCTT-1_V13B23-285_D1,3
TTCTGCGGGTTAGCGG-1_V13B23-285_D1,5
TTCTGCTAGACTCCAA-1_V13B23-285_D1,4
TTCTTAGTGAACGGTG-1_V13B23-285_D1,2
TTCTTAGTGGCTCAGA-1_V13B23-285_D1,7
TTCTTATCCGCTGGGT-1_V13B23-285_D1,20
TTCTTGAGCCGCGCTA-1_V13B23-285_D1,11
TTCTTGCTAGCATCTC-1_V13B23-285_D1,5
TTCTTGGACGATCTGC-1_V13B23-285_D1,12
TTCTTGGAGTAATGAG-1_V13B23-285_D1,4
TTCTTGTAACCTAATG-1_V13B23-285_D1,1
TTCTTTGGTCGCGACG-1_V13B23-285_D1,10
TTGAAACCCTCATTCC-1_V13B23-285_D1,3
TTGAAAGGTGTAAAGG-1_V13B23-285_D1,4
TTGAACGAATCCTTTG-1_V13B23-285_D1,1
TTGAACGACGTGCTGA-1_V13B23-285_D1,2
TTGAAGAATTCCCAGG-1_V13B23-285_D1,1
TTGAATATGGACTTTC-1_V13B23-285_D1,3
TTGAATTCACGTGAGG-1_V13B23-285_D1,5
TTGACAGGAGCTCCCG-1_V13B23-285_D1,6
TTGACATGAACGTGGA-1_V13B23-285_D1,18
TTGACCAGGAACAACT-1_V13B23-285_D1,2
TTGACCATGTTCTCCG-1_V13B23-285_D1,1
TTGACCGTGTTAATGA-1_V13B23-285_D1,2
TTGACGCTCCATGAGC-1_V13B23-285_D1,5
TTGACTACCATATGGT-1_V13B23-285_D1,3
TTGACTATTGTCCGGC-1_V13B23-285_D1,2
TTGAGAAGTTTAGCAT-1_V13B23-285_D1,5
TTGAGAGTACTGCTAA-1_V13B23-285_D1,11
TTGAGCAGCCCACGGT-1_V13B23-285_D1,5
TTGAGCGCCACGTGAT-1_V13B23-285_D1,1
TTGAGTCCCGCTGCTG-1_V13B23-285_D1,5
TTGATAGTCAATACAT-1_V13B23-285_D1,11
TTGATCTAACTTTGTC-1_V13B23-285_D1,3
TTGATGTGTAGTCCCG-1_V13B23-285_D1,3
TTGATTAGCTGTTTCT-1_V13B23-285_D1,3
TTGATTATGCAGATGA-1_V13B23-285_D1,1
TTGCACAATTCAGAAA-1_V13B23-285_D1,4
TTGCACGGAGCAGCAC-1_V13B23-285_D1,1
TTGCATGCTGATCACG-1_V13B23-285_D1,3
TTGCCAAGCAGAACCC-1_V13B23-285_D1,5
TTGCCATAGCCCGCTC-1_V13B23-285_D1,1
TTGCCCTGATCACGGG-1_V13B23-285_D1,1
TTGCCGCTTTCTAGTA-1_V13B23-285_D1,1
TTGCCGGTGATCCCTC-1_V13B23-285_D1,8
TTGCGGCATCAGAAAG-1_V13B23-285_D1,1
TTGCGTAGTTTGAGGA-1_V13B23-285_D1,15
TTGCGTCGGCCAACCG-1_V13B23-285_D1,1
TTGCGTGAACGCTTAG-1_V13B23-285_D1,3
TTGCTCATAGTACGTG-1_V13B23-285_D1,2
TTGCTCCCATACCGGA-1_V13B23-285_D1,7
TTGCTGAAGGAACCAC-1_V13B23-285_D1,8
TTGCTGATCATGTTCG-1_V13B23-285_D1,2
TTGCTGCACCTATCCA-1_V13B23-285_D1,4
TTGCTGGCCGGGCTTC-1_V13B23-285_D1,21
TTGGAAGAATACAGTC-1_V13B23-285_D1,1
TTGGACATGTGGCTTA-1_V13B23-285_D1,3
TTGGACCATCTGGCAA-1_V13B23-285_D1,5
TTGGACCTATAACAGT-1_V13B23-285_D1,1
TTGGATATCGTCTACG-1_V13B23-285_D1,6
TTGGATCGACTTCTGG-1_V13B23-285_D1,14
TTGGATTGGGTACCAC-1_V13B23-285_D1,1
TTGGCCATCTTGCGCT-1_V13B23-285_D1,1
TTGGCCTAGAATTTCG-1_V13B23-285_D1,13
TTGGCGATCCGAATAT-1_V13B23-285_D1,4
TTGGCTCAATATGTGT-1_V13B23-285_D1,5
TTGGCTCGCATGAGAC-1_V13B23-285_D1,1
TTGGGACACTGCCCGC-1_V13B23-285_D1,3
TTGGGACGTAAGAGTT-1_V13B23-285_D1,1
TTGGGCGGCGGTTGCC-1_V13B23-285_D1,4
TTGGGTTTATTCAGCG-1_V13B23-285_D1,27
TTGGTATGGCTTGTGT-1_V13B23-285_D1,3
TTGGTCACACTCGTAA-1_V13B23-285_D1,4
TTGGTTCGCTCAAAGG-1_V13B23-285_D1,1
TTGGTTGCGGTGCGCG-1_V13B23-285_D1,4
TTGTAAGGACCTAAGT-1_V13B23-285_D1,1
TTGTAAGGCCAGTTGG-1_V13B23-285_D1,1
TTGTAATCCGTACTCG-1_V13B23-285_D1,2
TTGTATCACACAGAAT-1_V13B23-285_D1,13
TTGTCGTTCAGTTACC-1_V13B23-285_D1,2
TTGTGAACCTAATCCG-1_V13B23-285_D1,2
TTGTGCAGCCACGTCA-1_V13B23-285_D1,2
TTGTGGCCCTGACAGT-1_V13B23-285_D1,1
TTGTGGTAGGAGGGAT-1_V13B23-285_D1,1
TTGTGGTATAGGTATG-1_V13B23-285_D1,11
TTGTGGTGGTACTAAG-1_V13B23-285_D1,5
TTGTGTATGCCACCAA-1_V13B23-285_D1,3
TTGTGTTTCCCGAAAG-1_V13B23-285_D1,4
TTGTTAGCAAATTCGA-1_V13B23-285_D1,1
TTGTTCAGTGTGCTAC-1_V13B23-285_D1,1
TTGTTGTGTGTCAAGA-1_V13B23-285_D1,11
TTGTTTCACATCCAGG-1_V13B23-285_D1,11
TTGTTTCATTAGTCTA-1_V13B23-285_D1,1
TTGTTTCCATACAACT-1_V13B23-285_D1,3
