barcode,in_tissue,array_row,array_col,pxl_row_in_fullres,pxl_col_in_fullres
ACGCCTGACACGCGCT-1,0,0,0,20132,3759
TACCGATCCAACACTT-1,0,1,1,19993,4000
ATTAAAGCGGACGAGC-1,0,0,2,19855,3759
GATAAGGGACGATTAG-1,0,1,3,19716,4000
GTGCAAATCACCAATA-1,0,0,4,19578,3758
TGTTGGCTGGCGGAAG-1,0,1,5,19439,3999
GCATCCTCTCCTATTA-1,0,0,6,19301,3758
GCGAGGGACTGCTAGA-1,0,1,7,19162,3999
TGGTACCGGCACAGCC-1,0,0,8,19023,3758
GCGCGTTTAAATCGTA-1,0,1,9,18885,3999
TGCCTTGCCCTTACGG-1,0,0,10,18746,3758
GACGACTTTCCAAGAA-1,0,1,11,18608,3999
CCAGTGAGCTCCTTGT-1,0,0,12,18469,3757
ATACCCTGGCTCAAAT-1,0,1,13,18331,3998
GGGTTTCCGGCTTCCA-1,0,0,14,18192,3757
TAACCGTCCAGTTCAT-1,0,1,15,18053,3998
AAACAACGAATAGTTC-1,0,0,16,17915,3757
CAAGGGAGTGTATTTG-1,0,1,17,17776,3998
CCAAGCTTGATCTCCT-1,0,0,18,17638,3757
TTATTTCATCCCAAAC-1,0,1,19,17499,3998
GAGCGCTATGTCAGGC-1,0,0,20,17361,3757
TATGGCAGACTTTCGA-1,0,1,21,17222,3997
CTTCGTGCCCGCATCG-1,0,0,22,17084,3756
AAACGGGTTGGTATCC-1,0,1,23,16945,3997
TGCAAACCCACATCAA-1,0,0,24,16807,3756
GACGGGATGTCTTATG-1,0,1,25,16668,3997
GGCGAGCATCGAGGAC-1,0,0,26,16530,3756
CGCGTGCTATCAACGA-1,0,1,27,16391,3997
TGAAACCTCAACTCAC-1,0,0,28,16253,3756
CACATAAGGCGACCGT-1,0,1,29,16114,3996
TGACCCAACTCACATT-1,0,0,30,15975,3755
ATACGCCGATCTACCG-1,0,1,31,15837,3996
ACTTATCTGATCTATA-1,0,0,32,15698,3755
GTGTGAGCCGAGGTGC-1,0,1,33,15560,3996
GATGATTTGAAACTGG-1,0,0,34,15421,3755
GGGAACCACCTGTTTC-1,0,1,35,15282,3996
GTTCGTTGCGGACCAG-1,0,0,36,15144,3755
TGAGGTTGATCCCAAG-1,0,1,37,15005,3996
GATGCCACACTACAGC-1,0,0,38,14867,3754
AGGCAAAGAGGAATCA-1,0,1,39,14728,3995
AAGTAAGCTTCCAAAC-1,0,0,40,14590,3754
AACGTAGTCTACCCAT-1,0,1,41,14451,3995
GTTTGAGCGGTTATGT-1,0,0,42,14313,3754
GAAGCAAGGCAATGTT-1,0,1,43,14174,3995
TCACTCAGCGCATTAG-1,0,0,44,14036,3754
TACAATGAAACCAGCA-1,0,1,45,13897,3995
GTGCGCTTACAAATGA-1,0,0,46,13759,3753
GCACTCCCACAGTCCC-1,0,1,47,13620,3994
CGAAGACTGCCCGGGA-1,0,0,48,13482,3753
CAGGATCCGCCCGACC-1,0,1,49,13343,3994
CACGATTGGTCGTTAA-1,0,0,50,13204,3753
GGTTGTATCGTGAAAT-1,0,1,51,13066,3994
TCTTATGGGTAGTACC-1,0,0,52,12927,3753
TACAAGCTGTTCACTG-1,0,1,53,12789,3994
GTATCTTGTTGCTCAC-1,0,0,54,12650,3752
ATACCAGGTGAGCGAT-1,0,1,55,12511,3993
CCTAAACAGGGTCCGT-1,0,0,56,12373,3752
ATGGTGCTCAAAGCCA-1,0,1,57,12234,3993
CAAATGCGGAGTGTTC-1,0,0,58,12096,3752
CGTGCCCGACATTTGT-1,0,1,59,11957,3993
GTATCTCCCTAACTGT-1,0,0,60,11819,3752
ATTTGCCTAGTTACGA-1,0,1,61,11680,3993
ACGTCCTAAACGAGAT-1,0,0,62,11542,3751
CTGGGATCGCCCAGAT-1,0,1,63,11403,3992
CTGCAAATGGGCTCCA-1,0,0,64,11265,3751
CATTATAACAGGGTCC-1,0,1,65,11126,3992
ACCTTTCCTTTAGAAG-1,0,0,66,10988,3751
ATAGATTTGCAGTCGG-1,0,1,67,10849,3992
CTCGGGCATCGTCGGG-1,0,0,68,10711,3751
GTGGCGGGCCGTAGCT-1,0,1,69,10572,3992
CAACAGTGCCAAACGG-1,0,0,70,10433,3750
TGCGGGTATTGGGATC-1,0,1,71,10295,3991
GTCTCGCCAACACGCC-1,0,0,72,10156,3750
CTGGGCGGCCAAATGT-1,0,1,73,10018,3991
TAAAGGAGAAACTAGT-1,0,0,74,9879,3750
TCCCACGGAGGGAGCT-1,0,1,75,9741,3991
AGCTTCAATACTTTGA-1,0,0,76,9602,3750
TTCCACATTTCTCGTC-1,0,1,77,9463,3991
ACAAACCGACAAGGCG-1,0,0,78,9325,3749
AGACGGGATTGGTATA-1,0,1,79,9186,3990
AACCTAAAGCCGTCCG-1,0,0,80,9048,3749
TACAAATTGCGGAGGT-1,0,1,81,8909,3990
CCCGCTAGAGGGTTAA-1,0,0,82,8771,3749
CATTGCAAAGCATAAT-1,0,1,83,8632,3990
TGTACGCTATCAGCTT-1,0,0,84,8494,3749
TTCTTCGCAATAGAGC-1,0,1,85,8355,3990
TGTGATTCCAGCGCTT-1,0,0,86,8217,3748
ATTCAGGATCGCCTCT-1,0,1,87,8078,3989
GCCCATGGGTGCAATG-1,0,0,88,7940,3748
TTCCCGACGCTTCACT-1,0,1,89,7801,3989
AGCGGTTGAGATGTAC-1,0,0,90,7663,3748
GCTGTCTGTGATCGAC-1,0,1,91,7524,3989
AAAGACATGAAGTTTA-1,0,0,92,7385,3748
CAACAGAATAACGCTA-1,0,1,93,7247,3989
TGCGGTCTACGAGTAA-1,0,0,94,7108,3747
AAGACTCACGCCCACT-1,0,1,95,6970,3988
CTTTGAAACATATTCC-1,0,0,96,6831,3747
CTGGGCACTAGTCGGA-1,0,1,97,6692,3988
CGCCCTTACATCCACC-1,0,0,98,6554,3747
CACGACCACAGACTTT-1,0,1,99,6415,3988
CAATCCATTATCCGTT-1,0,0,100,6277,3747
GTGGCGTGCACCAGAG-1,0,1,101,6138,3988
CGGAGTCCTAACCTGG-1,0,0,102,6000,3747
GGTCCCATAACATAGA-1,0,1,103,5861,3987
ATCTCATAAACCTACC-1,0,0,104,5723,3746
TGCATGGCAGTCTTGC-1,0,1,105,5584,3987
TTGCAGGTCATGAAGT-1,0,0,106,5446,3746
AGCTGCATTTGAGGTG-1,0,1,107,5307,3987
TAATCAGGAATGCTGC-1,0,0,108,5169,3746
CCATCATAAGAACAGG-1,0,1,109,5030,3987
TCGTATCACCAAGCTA-1,0,0,110,4892,3746
ATTCAGATGAATCCCT-1,0,1,111,4753,3986
AAAGGTCAACGACATG-1,0,0,112,4614,3745
AGCTGCTGTGCCGAAT-1,0,1,113,4476,3986
CTAGCGCCAATCCTAC-1,0,0,114,4337,3745
GCTCGACCGAACTGAA-1,0,1,115,4199,3986
ACAGTGCAGCGCATTT-1,0,0,116,4060,3745
CGGCTGAAGGTTACGC-1,0,1,117,3921,3986
CACCTCTACGAGTGTG-1,0,0,118,3783,3745
ATACGACAGATGGGTA-1,0,1,119,3644,3986
ACTTCCTGTCGTGCGA-1,0,0,120,3506,3744
CGTAACGGAACGATCA-1,0,1,121,3367,3985
AAATCACTCCTAAACG-1,0,0,122,3229,3744
CTCCGAGTAAATCCGC-1,0,1,123,3090,3985
ACGCTAGTATCAGTGC-1,0,0,124,2952,3744
AGAGTGAACAGACACC-1,0,1,125,2813,3985
ACACCCGTAAATCTGT-1,0,0,126,2675,3744
GCTTTGCTGCCGGGTA-1,0,1,127,2536,3985
ACAGGAGGCGCAGCCG-1,0,2,0,20131,4241
AGGCAATACGGAGGAC-1,0,3,1,19993,4482
TGGTGTGACAGACGAT-1,0,2,2,19854,4241
ATCTATCGATGATCAA-1,0,3,3,19716,4482
CGGTAACAAGATACAT-1,0,2,4,19577,4241
TCGCCGGAGAGTCTTA-1,0,3,5,19438,4482
GGAGGAGTGTGTTTAT-1,0,2,6,19300,4240
TTAGGTGTGACTGGTC-1,0,3,7,19161,4481
CAGGGCTAACGAAACC-1,0,2,8,19023,4240
CCCGTGGGTTAATTGA-1,0,3,9,18884,4481
GACCGACCGCTAATAT-1,0,2,10,18746,4240
GGTATCAAGCATAGAA-1,0,3,11,18607,4481
TGCATGAGTAGATTCG-1,0,2,12,18469,4240
AATTCCAACTTGGTGA-1,0,3,13,18330,4481
TGCCGATGTCATCAAT-1,0,2,14,18192,4239
GCTGGGTCCGCTGTTA-1,0,3,15,18053,4480
TGAACACCCGAAGCAG-1,0,2,16,17915,4239
AACATTGGTCAGCCGT-1,0,3,17,17776,4480
GTGGGTCTTCTTTGCG-1,0,2,18,17638,4239
CATCGAATGGATCTCT-1,0,3,19,17499,4480
GCTACACTGTCCGAAC-1,0,2,20,17360,4239
CGGGTTGTAGCTTTGG-1,0,3,21,17222,4480
CCTAAGTGTCTAACCG-1,0,2,22,17083,4238
TCTGTGACTGACCGTT-1,0,3,23,16945,4479
TTATCATACTCGCAAA-1,0,2,24,16806,4238
AGCGTAGCGCTAGACC-1,0,3,25,16668,4479
TCCCTCCGAAATCGTT-1,0,2,26,16529,4238
AGGTCGCCACTTCGGT-1,0,3,27,16390,4479
CTAGCAACTAATTTAC-1,0,2,28,16252,4238
TTGCTAGCTACCAATC-1,0,3,29,16113,4479
GCCGGTTTGGGCGGAT-1,0,2,30,15975,4237
TGTAACTTGTCAACCT-1,0,3,31,15836,4478
CGAGATGTTGCCTATA-1,0,2,32,15698,4237
GTTACGAAATCCACGC-1,0,3,33,15559,4478
CTTGTCGTACGTGTCA-1,0,2,34,15421,4237
GCGTCCAGCTCGTGGC-1,0,3,35,15282,4478
CCCTTCTCGTACGCGA-1,0,2,36,15144,4237
CCAAAGTCCCGCTAAC-1,0,3,37,15005,4478
CCGCTTCGCGGTTAAC-1,0,2,38,14867,4236
GTTACGGCCCGACTGC-1,0,3,39,14728,4477
CCCGCTTGCCCTCGTC-1,0,2,40,14590,4236
TAGTGAGAAGTGGTTG-1,0,3,41,14451,4477
CGCTACCGCCCTATGA-1,0,2,42,14312,4236
AAACAATCTACTAGCA-1,0,3,43,14174,4477
GCGCGATGGGTCAAGT-1,0,2,44,14035,4236
ATAAACCATTGGACGG-1,0,3,45,13897,4477
TCGGGCACTTCTGGAT-1,0,2,46,13758,4235
TCTGTGGCTACATTTC-1,0,3,47,13619,4476
CTCTGTGCCTGCTATG-1,0,2,48,13481,4235
CACGACTAAAGTTCTG-1,0,3,49,13342,4476
GAGGAGTAATTCCTAC-1,0,2,50,13204,4235
AGAGGTATCTCGGTCC-1,0,3,51,13065,4476
GGCGTACCCTATATAA-1,0,2,52,12927,4235
GCCGGAAACACATCTT-1,0,3,53,12788,4476
AAATGTGGGTGCTCCT-1,0,2,54,12650,4235
ACCAGGAGTGTGATCT-1,0,3,55,12511,4475
TGTGGAGGAAGCTTAA-1,0,2,56,12373,4234
AAGGAGAACTTATAAG-1,0,3,57,12234,4475
CCCTCGGGAGCCTTGT-1,0,2,58,12096,4234
ACTGTTTAGTGTAGGC-1,0,3,59,11957,4475
CGTCAGTTTATCGTCT-1,0,2,60,11819,4234
GCGTGTATGTCGTATT-1,0,3,61,11680,4475
ACAATCGATCTTTATA-1,0,2,62,11541,4234
CAGCCCTCACAGGCAG-1,0,3,63,11403,4474
CGCGTCATATTAAACC-1,0,2,64,11264,4233
GAAGACTTCAATGCCG-1,0,3,65,11126,4474
TTGCGGCGACTCATGC-1,0,2,66,10987,4233
ACCAAACTAGAAATCC-1,0,3,67,10848,4474
TTACTGTTTCTCTACG-1,0,2,68,10710,4233
GACCAGGTCATTCATA-1,0,3,69,10571,4474
TTCTTCCCTTTGATAT-1,0,2,70,10433,4233
ACGCCCAGCTGTCGAT-1,0,3,71,10294,4474
AGTAGCGTGAACGAAC-1,0,2,72,10156,4232
CCTCGACCCACTGCCT-1,0,3,73,10017,4473
AGTTATTGAAAGGTAA-1,0,2,74,9879,4232
TCAGTTACGGAATGAT-1,0,3,75,9740,4473
GAATCTATACTCGGAC-1,0,2,76,9602,4232
TCGGCTAACTTCCCTT-1,0,3,77,9463,4473
ACGTGGTCGAATGTGC-1,0,2,78,9325,4232
ATATCGTGCCAGACCC-1,0,3,79,9186,4473
GTAGCTAGTAAGCGCG-1,0,2,80,9048,4231
ACGCTTAGTGTCTCTC-1,0,3,81,8909,4472
TCCGGCCTGCATCGAT-1,0,2,82,8770,4231
TAGTGGAACTCATACA-1,0,3,83,8632,4472
ATCATCTGCCCAGTGT-1,0,2,84,8493,4231
GTTATTAAATACGACC-1,0,3,85,8355,4472
GCGCTAAGTATGCATG-1,0,2,86,8216,4231
CCTGACGCAACCTTTA-1,0,3,87,8078,4472
CCCAAGAATGCACGGT-1,0,2,88,7939,4230
AACTGGGTTCGAGCCG-1,0,3,89,7800,4471
GGTTCCACCCGCTTCT-1,0,2,90,7662,4230
CATGCACGTGTTACTG-1,0,3,91,7523,4471
AGCGTTCCGATTTAAA-1,0,2,92,7385,4230
CCTACGCGACCTTACA-1,0,3,93,7246,4471
CGAATTACATGGTGTT-1,0,2,94,7108,4230
GAGGTCTTAGTGGGTC-1,0,3,95,6969,4471
GCCGCTAGATACGCAG-1,0,2,96,6831,4229
GTCACCTGTCTATGTC-1,0,3,97,6692,4470
CCGATTGGTCAATGAA-1,0,2,98,6554,4229
CCTGTGCGGATTGTAA-1,0,3,99,6415,4470
TTACGTAGCGCGTGCT-1,0,2,100,6277,4229
GGAGGCGAAGAACCGC-1,0,3,101,6138,4470
GGGTCACGTGCTTATG-1,0,2,102,6000,4229
GCTCCGGACGTTGATA-1,0,3,103,5861,4470
ATGTTTGTAAGATCAT-1,0,2,104,5722,4228
TGACCCAGCATTCCCG-1,0,3,105,5584,4469
TGGTCGTTTGATAGAT-1,0,2,106,5445,4228
TGTAATGCCTTCGGAC-1,0,3,107,5307,4469
TGCTCACACAACAACC-1,0,2,108,5168,4228
TACGATCCAAGCCACT-1,0,3,109,5029,4469
TTGTAACTTCATAGCG-1,0,2,110,4891,4228
AGATTCAAGCGGGTCG-1,0,3,111,4752,4469
CTCAGCAGACTGCCGA-1,0,2,112,4614,4227
GTAACATCAGCTCATC-1,0,3,113,4475,4468
ATGGAACAGAATAAAC-1,0,2,114,4337,4227
GGGCCTATACAACCGG-1,0,3,115,4198,4468
TCAAACAATTAGGACA-1,0,2,116,4060,4227
AAACCACTACACAGAT-1,0,3,117,3921,4468
AAACGACAGTCTTGCC-1,0,2,118,3783,4227
TTGAGGGTCGAACGCG-1,0,3,119,3644,4468
TGTTGATCACTGTTTA-1,0,2,120,3506,4226
AGGGTGTGCTACACGC-1,0,3,121,3367,4467
GTAGTTAGACAATATA-1,0,2,122,3229,4226
AATGGCCGCCAATGCG-1,0,3,123,3090,4467
TCGGCGGTATTAGATT-1,0,2,124,2951,4226
GGGTCACTGAGTAGTG-1,0,3,125,2813,4467
GAATTATGCAACCTAC-1,0,2,126,2674,4226
GATCTTAGTGAACGTG-1,0,3,127,2536,4467
CTAATGCGCCCAACAA-1,0,4,0,20131,4723
GCCACCCATTCCACTT-1,0,5,1,19992,4964
TACTCACAACGTAGTA-1,0,4,2,19854,4723
GTTCGGTGTGGATTTA-1,0,5,3,19715,4964
TCTTTCGGCGGGACAC-1,0,4,4,19577,4723
GGAGACATTCACGGGC-1,0,5,5,19438,4964
GGGATTATCTCACAAC-1,0,4,6,19300,4723
TAGAACGCCAGTAACG-1,0,5,7,19161,4963
ACGAGTCGCCGGCGTT-1,0,4,8,19023,4722
TGATGGGACTAAGTCA-1,0,5,9,18884,4963
TGCGAGAAACGTTACG-1,0,4,10,18746,4722
TCGCCTCGACCTGTTG-1,0,5,11,18607,4963
AACTCGATAAACACGT-1,0,4,12,18468,4722
AGGAAAGCCTCTGATG-1,0,5,13,18330,4963
GAAGGACTAAATTGAA-1,0,4,14,18191,4722
GTATCGGGACGAGCTG-1,0,5,15,18053,4962
CCTGTGCATAGGAGAC-1,0,4,16,17914,4721
CATACGGGTGCATGAT-1,0,5,17,17775,4962
CCACTAAACTGAATCG-1,0,4,18,17637,4721
AAATTGCGGCGGTTCT-1,0,5,19,17498,4962
AGTCCAGCGGGTACGT-1,0,4,20,17360,4721
CATTCAGGTCAGTGCG-1,0,5,21,17221,4962
CTAAAGTCCGAAGCTA-1,0,4,22,17083,4721
AATCAGACTGCAGGAC-1,0,5,23,16944,4962
AGTATCCATAATAACG-1,0,4,24,16806,4720
CTGGCTGCTAACGTAA-1,0,5,25,16667,4961
GTTCCAAGACAGCGAC-1,0,4,26,16529,4720
AAGACTAACCCGTTGT-1,0,5,27,16390,4961
GATTAATCCTGGCTCA-1,0,4,28,16252,4720
CGCGCAAGGAACTACA-1,0,5,29,16113,4961
CAGTAGCGAGGTAGTA-1,0,4,30,15975,4720
ACGGCGGGTTGCCCTG-1,0,5,31,15836,4961
CTAGGCGGCAGAGAAT-1,0,4,32,15697,4719
GTGCGCAGCTTGCTCC-1,0,5,33,15559,4960
TCACTATCGTGCAATC-1,0,4,34,15420,4719
TATGATTCTGCTTGGT-1,0,5,35,15282,4960
TAAGATTTAGCGGGAG-1,0,4,36,15143,4719
TTACGGTGTCACCGAG-1,0,5,37,15005,4960
CTACACTAGCTTGTTC-1,0,4,38,14866,4719
TGAGCAGTCGTGAAGT-1,0,5,39,14727,4960
CGCTGAGGACGTCCAA-1,0,4,40,14589,4718
GTGTATGACTTTAAAG-1,0,5,41,14450,4959
CTAAACGGGTGTAATC-1,0,4,42,14312,4718
TGTACTGTGCCAAAGT-1,0,5,43,14173,4959
GGCCACAAGCGATGGC-1,0,4,44,14035,4718
GTCAATTGTACTGAAG-1,0,5,45,13896,4959
AGGGACAGCACGGCGG-1,0,4,46,13758,4718
AGCTTATAGAGACCTG-1,0,5,47,13619,4959
AACTAGCGTATCGCAC-1,0,4,48,13481,4717
AACTTTAGCTGCTGAG-1,0,5,49,13342,4958
CCCAAGACAGAGTATG-1,0,4,50,13204,4717
GGCATCAACGAGCACG-1,0,5,51,13065,4958
ATGCATTCCGTGATGG-1,0,4,52,12927,4717
TTATAGATGCACATTA-1,0,5,53,12788,4958
GAACCATCTGGGAGAC-1,0,4,54,12649,4717
TGCTATACAAACGGAC-1,0,5,55,12511,4958
ACTTGCCATATTGTAC-1,0,4,56,12372,4716
TATTCCGGCAGTCCTA-1,0,5,57,12234,4957
GACGGACCGCGTTCCT-1,0,4,58,12095,4716
ATGTGTAGTTTAGTCA-1,0,5,59,11956,4957
ATACCAGCAAATTGCT-1,0,4,60,11818,4716
AAGTTTACTAATGGCA-1,0,5,61,11679,4957
CTCTCGATGTGCGCCT-1,0,4,62,11541,4716
GATTGACACTCTGCTC-1,0,5,63,11402,4957
TATCACAGCACGGGCA-1,0,4,64,11264,4715
ACCGTTCCCGCTCTGA-1,0,5,65,11125,4956
CCGCCACCACAATCCA-1,0,4,66,10987,4715
CATTCACTGACAGCTA-1,0,5,67,10848,4956
CGGCTGCAAGATTAAG-1,0,4,68,10710,4715
CATGAACCTCTTATCA-1,0,5,69,10571,4956
TTAATGCGAGGTAACT-1,0,4,70,10433,4715
AATAAGTCCTCGAGAC-1,0,5,71,10294,4956
ACCAGCCCGGTCTTTG-1,0,4,72,10156,4714
CTACGAACTAGGTCGA-1,0,5,73,10017,4955
ACATCTCAACGCGTAA-1,0,4,74,9878,4714
CACTACTCAGTTCTGT-1,0,5,75,9740,4955
CCGACTCGCATAGTCT-1,0,4,76,9601,4714
CATTTATCGTTCAAGA-1,0,5,77,9463,4955
CAAACGTGGTCTTGCG-1,0,4,78,9324,4714
TAGAAACCACTAAGTA-1,0,5,79,9185,4955
ACTGATTTAGTGATTC-1,0,4,80,9047,4713
TCGTATTTCGTCCGGA-1,0,5,81,8908,4954
CGGAAATTTCACATCC-1,0,4,82,8770,4713
ATCCACGCTAAATGTT-1,0,5,83,8631,4954
GTTCAATCTATGTCAA-1,0,4,84,8493,4713
ATAAAGGTCAAGTACG-1,0,5,85,8354,4954
CAACTCCAACGTTTAG-1,0,4,86,8216,4713
TAGGAACAGCCTCCAG-1,0,5,87,8077,4954
ATGGGAACGGAAGCGG-1,0,4,88,7939,4713
CACACGTTTCAATGGG-1,0,5,89,7800,4953
GGTGTTCTGTTTCTAC-1,0,4,90,7662,4712
AGTAACGTTCATCCTG-1,0,5,91,7523,4953
GTATAGTGGCCCATGT-1,0,4,92,7385,4712
TCTACACGTTCATGCA-1,0,5,93,7246,4953
AATCTGGGTAGACCCT-1,0,4,94,7107,4712
TCGGTTAGCCATGTAG-1,0,5,95,6969,4953
TGCCATGGCTTATAAG-1,0,4,96,6830,4712
TAAGTAAATGTGCCGC-1,0,5,97,6692,4952
GTGTCCGATAAGGCAT-1,0,4,98,6553,4711
TGGCACGAGCTCGAGT-1,0,5,99,6415,4952
ACCGGTCTGAGTACGG-1,0,4,100,6276,4711
GAACTTAGCGCCCGGT-1,0,5,101,6137,4952
AGTAGCTAGACGCCGA-1,0,4,102,5999,4711
ATAGGAATCTAAGCTT-1,0,5,103,5860,4952
CTTCCTGCATATTTAC-1,0,4,104,5722,4711
CAATATGTAGATTTAC-1,0,5,105,5583,4952
ACAAGGCCTACCAGCC-1,0,4,106,5445,4710
TTATAGTCCAAGGTGC-1,0,5,107,5306,4951
AAACGCCCGAGATCGG-1,0,4,108,5168,4710
CCTCGTTACGCCTGTT-1,0,5,109,5029,4951
GAACGGTGTAAAGCAG-1,0,4,110,4891,4710
ACGCATAAATGACATG-1,0,5,111,4752,4951
GGTTCGATGCTGAGTT-1,0,4,112,4614,4710
CTTTGGCAGACAGAGT-1,0,5,113,4475,4951
TTCGTGGGCTGGAAGC-1,0,4,114,4337,4709
CAAAGGTTAAATTCAG-1,0,5,115,4198,4950
GTTTGGCGTCAGGCAC-1,0,4,116,4059,4709
GCTTTCTATCTCAACT-1,0,5,117,3921,4950
TGCATCTCCGGATCTT-1,0,4,118,3782,4709
CTGAAACGGCCCTCAG-1,0,5,119,3644,4950
TAGCAGTAAATACGCG-1,0,4,120,3505,4709
CGGGCTACTTAAATTG-1,0,5,121,3366,4950
ATTATGCTCAGTATTG-1,0,4,122,3228,4708
TGATGCTCACGTAGTC-1,0,5,123,3089,4949
GTCTAAGATGCCCAGC-1,0,4,124,2951,4708
AACCCGATAGGGCTTC-1,0,5,125,2812,4949
CGCTATCGTGGCTTTA-1,0,4,126,2674,4708
CGTCTCTCGCCGAGGC-1,0,5,127,2535,4949
AGTGGGAGTATACACG-1,0,6,0,20131,5205
GGTCTTGGTGTTAACT-1,0,7,1,19992,5446
GGCTGGCAGCTTTATG-1,0,6,2,19853,5205
CGCCAATTATTGCGTT-1,0,7,3,19715,5446
GGTAACCGGCAAAGGT-1,0,6,4,19576,5205
TGGGACCATTGGGAGT-1,0,7,5,19438,5446
CTGCAGGTGCTCGGCC-1,0,6,6,19299,5205
CCGGTGCGAGTGATAG-1,0,7,7,19161,5446
GGGTACACTCTGGAGG-1,0,6,8,19022,5204
TAGCCAGAGGGTCCGG-1,0,7,9,18883,5445
CTTGTGAGGACAGCGG-1,0,6,10,18745,5204
GAAGGGCATAACCATG-1,0,7,11,18606,5445
CAACATGGCCTGATAA-1,0,6,12,18468,5204
CAATTTGACCGGGAAG-1,0,7,13,18329,5445
TCTGACTGTAATGGTT-1,0,6,14,18191,5204
TTCATAGCCTTGTAAC-1,0,7,15,18052,5445
TGGAAACGGAGTGAAC-1,0,6,16,17914,5203
ATCGCACGATTGTTCA-1,0,7,17,17775,5444
CGCCACCCGCATTAAC-1,0,6,18,17637,5203
TGGACCACGGCGTTGA-1,0,7,19,17498,5444
GTATATGTTACGGCGG-1,0,6,20,17360,5203
GTATTCTTACCGTGCT-1,0,7,21,17221,5444
TTCAGAGTAACCTGAC-1,0,6,22,17083,5203
GCGGTAACCCAAATGA-1,0,7,23,16944,5444
CTACGTGTTGCCACCA-1,0,6,24,16805,5202
CTAGATAAACTCCTCG-1,0,7,25,16667,5443
TCCATTAGTTGGATAG-1,0,6,26,16528,5202
CTGGCTCCTGCGGGAT-1,0,7,27,16390,5443
CAGTCTCTCGGCTAAT-1,0,6,28,16251,5202
GTATGACGTGGGAAAC-1,0,7,29,16112,5443
AGTCACTCCGCCTCAT-1,0,6,30,15974,5202
GCAGCGGTGGGCATTA-1,0,7,31,15835,5443
TATGGAGTTTCTCGTT-1,0,6,32,15697,5201
ACTCAACGAATGTATT-1,0,7,33,15558,5442
AACACGCGGCCGCGAA-1,0,6,34,15420,5201
CGATATTAGCCGCAGG-1,0,7,35,15281,5442
AGCGTCTGAACCCGCA-1,0,6,36,15143,5201
GATGTCCGGATCACAT-1,0,7,37,15004,5442
GGTCACGTTAGATTCA-1,0,6,38,14866,5201
TTAAGGATACGGAGGT-1,0,7,39,14727,5442
GTGCGGGACCATCGGC-1,0,6,40,14589,5201
CCATCTTGTTCACAAT-1,0,7,41,14450,5441
TCCGAGAAGGCTAAGC-1,0,6,42,14312,5200
TGGCGGTGTGCGATTG-1,0,7,43,14173,5441
ATCCTGCTGCAGATAG-1,0,6,44,14034,5200
TTATGCGTCCCGGTCC-1,0,7,45,13896,5441
CATAATGAGCGGGCGA-1,0,6,46,13757,5200
AGACATAGATCCTTCC-1,0,7,47,13619,5441
GGTGAAACCGGGAATG-1,0,6,48,13480,5200
AACTGGTGTGGGCCTT-1,0,7,49,13342,5440
GTAGCGCTGTTGTAGT-1,0,6,50,13203,5199
TTGTTTGTGTAAATTC-1,0,7,51,13064,5440
GGATCAAAGGACGAGG-1,0,6,52,12926,5199
CGTAGCGCCGACGTTG-1,0,7,53,12787,5440
CAAGTGAACTTTGGTT-1,0,6,54,12649,5199
GTAGACAACCGATGAA-1,0,7,55,12510,5440
CAATGGTCGGCCTGGG-1,0,6,56,12372,5199
ACAGATTAGGTTAGTG-1,0,7,57,12233,5440
GTTATCACCTTCTGAA-1,0,6,58,12095,5198
TGGTATCGGTCTGTAT-1,0,7,59,11956,5439
GGAATAACCTCAAGAA-1,0,6,60,11818,5198
ATTATCTCGACAGATC-1,0,7,61,11679,5439
CCGAGGGATGTTAGGC-1,0,6,62,11541,5198
TGAGATCAAATACTCA-1,0,7,63,11402,5439
AAACGAAGAACATACC-1,0,6,64,11263,5198
CTGGTCCTAACTTGGC-1,0,7,65,11125,5439
TGCACGAGTCGGCAGC-1,0,6,66,10986,5197
ATAGTCTTTGACGTGC-1,0,7,67,10848,5438
TGGAGCTAAAGTTCCC-1,0,6,68,10709,5197
GGGTGGTCCAGCCTGT-1,0,7,69,10571,5438
CATGCATGGAGACCCT-1,0,6,70,10432,5197
ACACGGCACTATGCAT-1,0,7,71,10293,5438
CCCTGGTATGGGCGGC-1,0,6,72,10155,5197
GGAGGATTGAAAGGAG-1,0,7,73,10016,5438
CCGCTGGTGCCATTCA-1,0,6,74,9878,5196
GTTAGAGTGTGCCGCT-1,0,7,75,9739,5437
TCGGAATGACCATCAA-1,0,6,76,9601,5196
TTCAATTAGCCATAAT-1,0,7,77,9462,5437
GATGTGTTGTCACAAG-1,0,6,78,9324,5196
TCTTTCTCTTAAGGAG-1,0,7,79,9185,5437
ACCCTTTAGTTCTCCA-1,0,6,80,9047,5196
ACCACAACTCAGAACA-1,0,7,81,8908,5437
TATGATAAATCTAACG-1,0,6,82,8770,5195
GATCCTCTTGCGCTTA-1,0,7,83,8631,5436
TTCTACCTTTATGTTG-1,0,6,84,8493,5195
GAAATACCTGCTGGCT-1,0,7,85,8354,5436
ATTCTGAGTATGAACT-1,0,6,86,8215,5195
GGATTAAGCTAAGGTC-1,0,7,87,8077,5436
AGTACGTGGCCTGTCT-1,0,6,88,7938,5195
TCAGGGTGCACGAAAC-1,0,7,89,7800,5436
AAATTTACCGAAATCC-1,0,6,90,7661,5194
TTGAGGCATTTAACTC-1,0,7,91,7522,5435
AACCAGTATCACTCTT-1,0,6,92,7384,5194
CACCGGAGATATCTCC-1,0,7,93,7245,5435
GACTGGGCGCCGCAAC-1,0,6,94,7107,5194
CACGTCTATGATGTGG-1,0,7,95,6968,5435
TTAAGACGAACGAACC-1,0,6,96,6830,5194
TGACCAGCTTCAAAGT-1,0,7,97,6691,5435
AGAGTTAGAGACCGAT-1,0,6,98,6553,5193
TTCGGACTGATGCCTT-1,0,7,99,6414,5434
CTCGAATGGAACGTAT-1,0,6,100,6276,5193
GGACGGCTTGCGCAAC-1,0,7,101,6137,5434
CTAAGTACAGGGCTAC-1,0,6,102,5999,5193
ACAAATTCAGATCTGA-1,0,7,103,5860,5434
CATGGAAATGGGACCA-1,0,6,104,5722,5193
GGTGGACCACGTGTTA-1,0,7,105,5583,5434
CACGACGTAATAGTAA-1,0,6,106,5444,5192
CGGGTTCGGCACGTAT-1,0,7,107,5306,5433
CTGGGCTATCCTTTGG-1,0,6,108,5167,5192
GTATTAGGGTTCGCGT-1,0,7,109,5029,5433
TCATTCGTATAATTTG-1,0,6,110,4890,5192
AATAGCAAGCCTCCTG-1,0,7,111,4752,5433
CATCTACCCGAGAACG-1,0,6,112,4613,5192
GCTTCAGTGGGATTAC-1,0,7,113,4474,5433
TCTGTGATGGAGGTTG-1,0,6,114,4336,5192
ATCCACTTTCAGACTA-1,0,7,115,4197,5432
ATGGTTACGAAACATG-1,0,6,116,4059,5191
GGCCCAATCTAGAGGG-1,0,7,117,3920,5432
GATGGTGAAATAACCC-1,0,6,118,3782,5191
AGAGGGACAATTGTCC-1,0,7,119,3643,5432
CGCGTACATTCTGGAA-1,0,6,120,3505,5191
CAAGAAACCCTAAACT-1,0,7,121,3366,5432
TTGGTGCGGTGTTGAA-1,0,6,122,3228,5191
GGTTCCCTAGTGTCTC-1,0,7,123,3089,5431
CGATAACCAATTTGAG-1,0,6,124,2951,5190
GCCCACTGGTCCACAA-1,0,7,125,2812,5431
GAGGGCCGGCAGAGTC-1,0,6,126,2674,5190
CGACACGGATGCCCAC-1,0,7,127,2535,5431
CTGTCTGTGGCTGGCT-1,0,8,0,20130,5688
ATATTATCCCGTATTT-1,0,9,1,19991,5928
GCGCTGGCGGAAAGTC-1,0,8,2,19853,5687
ATCTAACGTCCCTATG-1,0,9,3,19714,5928
GTCAGACAGCGTTGGA-1,0,8,4,19576,5687
GCCAGGCTTAGTGGTA-1,0,9,5,19437,5928
ATTCAAAGTACCTGTT-1,0,8,6,19299,5687
TGGACGTAGGCGAATC-1,0,9,7,19160,5928
ACACATTGACGCAACA-1,0,8,8,19022,5687
GATATCAGTATGTATC-1,0,9,9,18883,5928
TGGGCCTTGCCTGCAT-1,0,8,10,18745,5686
CAAAGTCAGGTTAGCT-1,0,9,11,18606,5927
GGATCCCTACCAGCTA-1,0,8,12,18468,5686
ATCGTCCAATCGAGTC-1,0,9,13,18329,5927
ACATGGCTCAATTTAG-1,0,8,14,18190,5686
AGGCCCAGTGACTGGT-1,0,9,15,18052,5927
GCTTCCAGCTTAGATT-1,0,8,16,17913,5686
TGCTTGAAACCATGCA-1,0,9,17,17775,5927
CAATATTGGACTAGTG-1,0,8,18,17636,5685
CGTGCTGGCCTAGTCG-1,0,9,19,17498,5926
CCTGCGATAGAACTGT-1,0,8,20,17359,5685
GGGTAATGCTGTGTTT-1,0,9,21,17220,5926
AACGCGAACGGCAACA-1,0,8,22,17082,5685
TGTCGGCATGGTGGAA-1,0,9,23,16943,5926
AGCGTACGAGAGCTAG-1,0,8,24,16805,5685
ATACTCTCGCCACTCT-1,0,9,25,16666,5926
AATCCATGCAAGGGTG-1,0,8,26,16528,5684
TTAAACAGAGTCCCGC-1,0,9,27,16389,5925
CCACAGCTGAAATCAT-1,0,8,28,16251,5684
CGGTTCCGGCTTCTTG-1,0,9,29,16112,5925
GACGTGAGACTCCATG-1,0,8,30,15974,5684
TCGTTGGCTCGTCAAT-1,0,9,31,15835,5925
GGTGAACGGGCTAGCC-1,0,8,32,15697,5684
GCACTGTGCAAATGTA-1,0,9,33,15558,5925
ACGAGAACCCATCACG-1,0,8,34,15420,5683
CCAGCTACGCCTCATA-1,0,9,35,15281,5924
TCCCGGTCAGGAATTT-1,0,8,36,15142,5683
TCGCATTCAATGACTT-1,0,9,37,15004,5924
CTGGTTCAACGCATCA-1,0,8,38,14865,5683
GGTGATTTCATCTTGT-1,0,9,39,14727,5924
CACCCTTTCCTCGCTC-1,0,8,40,14588,5683
CAACTTGTAGTGGGCA-1,0,9,41,14449,5924
AATATCAAGGTCGGAT-1,0,8,42,14311,5682
ACTCAGACCTGCTTCT-1,0,9,43,14172,5923
TTGGAGTCTCCCTTCT-1,0,8,44,14034,5682
GGATACTCATGAATTG-1,0,9,45,13895,5923
TGGGCACAAACAGAAC-1,0,8,46,13757,5682
GAGCCACGGTAGTAGG-1,0,9,47,13618,5923
TCGATAGGCTAGTCGC-1,0,8,48,13480,5682
TAACCGCCCGCAGTGC-1,0,9,49,13341,5923
GCCTATTTGCTACACA-1,0,8,50,13203,5681
TTGACGATTCAGCACG-1,0,9,51,13064,5922
TTAAACCGGTAGCGAC-1,0,8,52,12926,5681
ACCGAAAGGGCCCTGC-1,0,9,53,12787,5922
ACGTTCCGCGCTCCGT-1,0,8,54,12649,5681
ATACCAGGCTAATAGA-1,0,9,55,12510,5922
CGGCTTTGTATGATAA-1,0,8,56,12371,5681
CTTGACCCGAAAGATA-1,0,9,57,12233,5922
CGCAGAAACATTTGCG-1,0,8,58,12094,5680
GACCCGTCGCCGGCTA-1,0,9,59,11956,5921
AATCGGGACACTACGA-1,0,8,60,11817,5680
GTCACAAAGTTTCCAA-1,0,9,61,11679,5921
TATATTCGCGTCGATA-1,0,8,62,11540,5680
CCTCCCGACAATCCCT-1,0,9,63,11401,5921
CGACATGCGATCTTCT-1,0,8,64,11263,5680
AACACGACTGTACTGA-1,0,9,65,11124,5921
CCCAACCACACTAACA-1,0,8,66,10986,5679
CACCGCCGACCAGCGA-1,0,9,67,10847,5920
TGGTATCGCATCCCAA-1,0,8,68,10709,5679
CAGAGTGATTTAACGT-1,0,9,69,10570,5920
AACCCTGGTGGAACCA-1,0,8,70,10432,5679
GTCAGTTGTGCTCGTT-1,0,9,71,10293,5920
ATTGACGTAACTCGGT-1,0,8,72,10155,5679
GATGTCGGTCAACTGC-1,0,9,73,10016,5920
AGGGCAGCGGCGTGGT-1,0,8,74,9878,5679
ACATCGTTAACCTAGT-1,0,9,75,9739,5919
TCCATTGTGACCTCGT-1,0,8,76,9600,5678
TGTTTAATACTTCATC-1,0,9,77,9462,5919
TTGCTGGCCGGGCTTC-1,0,8,78,9323,5678
CATATTATTTGCCCTA-1,0,9,79,9185,5919
CTGCCTAGCCACCAAG-1,0,8,80,9046,5678
ACGAGATATTTGCTTA-1,0,9,81,8908,5919
GACTACAATTGCTCGT-1,0,8,82,8769,5678
AACGTGATGAAGGACA-1,0,9,83,8630,5919
ACTCTCTTATACACGA-1,0,8,84,8492,5677
CGCATCATGGCTTCAG-1,0,9,85,8353,5918
CGGCTCTTCGTCGAAC-1,0,8,86,8215,5677
ATTCTTCGTACTTATG-1,0,9,87,8076,5918
AGTGAGGGTTTCTGAC-1,0,8,88,7938,5677
GCCAGGCGTTCGCATG-1,0,9,89,7799,5918
GACTAACACAGCACCT-1,0,8,90,7661,5677
CAATGGAATCTACATA-1,0,9,91,7522,5918
GTGGTCAGCGAAGTAT-1,0,8,92,7384,5676
ATGGCTGGAAATGGCC-1,0,9,93,7245,5917
ATCAGGTCGCCATTGC-1,0,8,94,7107,5676
TATCACCATGTAAAGT-1,0,9,95,6968,5917
AGCGCTTATGGGCAAG-1,0,8,96,6830,5676
AAGCGGCGTCATGGGT-1,0,9,97,6691,5917
ACTAATACGTCAGGCG-1,0,8,98,6552,5676
GGCTGAGCATCGTAAG-1,0,9,99,6414,5917
CGGTTGGGTTCAAGTT-1,0,8,100,6275,5675
GACTGATTGGTCACAA-1,0,9,101,6137,5916
AGACGGGCCGATTTAA-1,0,8,102,5998,5675
ACCAGTGCCCGGTCAA-1,0,9,103,5859,5916
GTCCTTTAATGACTTC-1,0,8,104,5721,5675
CCTACAAGTCCGGAAT-1,0,9,105,5582,5916
GCCTGCTACACTGAGA-1,0,8,106,5444,5675
GACTCGGTCGGCGGAT-1,0,9,107,5305,5916
CTAGACATATATGTAG-1,0,8,108,5167,5674
TCGCCCAACTGACTCC-1,0,9,109,5028,5915
AAACTAACGTGGCGAC-1,0,8,110,4890,5674
AACTGAGGTCAGCGTC-1,0,9,111,4751,5915
ACAATGATTCTTCTAC-1,0,8,112,4613,5674
ATAAGTACCCGATTGT-1,0,9,113,4474,5915
ATTGGGAGTTCTGTAA-1,0,8,114,4336,5674
CGAACATAGTCAGAAA-1,0,9,115,4197,5915
TAGCTCAGATCCTAGT-1,0,8,116,4059,5673
GTGTCGTATTCACCTT-1,0,9,117,3920,5914
CTCACCGATCCAAACT-1,0,8,118,3781,5673
ATATGTGCACAAACCA-1,0,9,119,3643,5914
CAGTCCAACGCCTTCT-1,0,8,120,3504,5673
TCGTCCGGGTACACTC-1,0,9,121,3366,5914
GCAGAAACGTAATCCA-1,0,8,122,3227,5673
TTCGAGCCGGCGCTAC-1,0,9,123,3089,5914
GGAAGATAAGACTGTA-1,0,8,124,2950,5672
ATAAGCAAACACCGAG-1,0,9,125,2811,5913
GCATAAATTGAACGCC-1,0,8,126,2673,5672
CGCCGGTGTCGCAGTA-1,0,9,127,2534,5913
GACCTGGTCTGGGCGT-1,0,10,0,20130,6170
AGCCGCTTGATTAGCG-1,0,11,1,19991,6411
CCCGGCTAGGTGAGAA-1,0,10,2,19853,6169
CGAGCCGAGCACTCGA-1,0,11,3,19714,6410
TAGTGCTTGAATCCTT-1,0,10,4,19576,6169
CAACCGCACCTAGACA-1,0,11,5,19437,6410
ACCACTGTTCAAGAAG-1,0,10,6,19298,6169
AGATGCTATAACGAGC-1,0,11,7,19160,6410
AATTACTCGTACGCTC-1,0,10,8,19021,6169
CGTCAATCTTTAACAT-1,0,11,9,18883,6410
CCAAAGCAGTTGGTTG-1,0,10,10,18744,6168
CCATATTGGATCATGA-1,0,11,11,18606,6409
CGTACCGAAAGTCTAG-1,0,10,12,18467,6168
CTCGAGATCCAAAGCA-1,0,11,13,18328,6409
TGGATAGAGTAACAGA-1,0,10,14,18190,6168
TCACAGATCCTCAAAC-1,0,11,15,18051,6409
AGAGCTACGAAAGCAT-1,0,10,16,17913,6168
TGCGTGATTGGGTGTC-1,0,11,17,17774,6409
CACATGTTTGGACATG-1,0,10,18,17636,6167
TTCGCATCCGGAAGCA-1,0,11,19,17497,6408
CCCTAGTGTCAGGTGT-1,0,10,20,17359,6167
TTACCGCCTTAGGGAA-1,0,11,21,17220,6408
CCAGTCCATTATTCGA-1,0,10,22,17082,6167
CGTAAACGCTTGAGTG-1,0,11,23,16943,6408
ATTCCTTCCAGGCGGT-1,0,10,24,16805,6167
TTCCTTTCTGTGTTGC-1,0,11,25,16666,6408
AGTTGACATCGGCTGG-1,0,10,26,16527,6167
AACTCGATGGCGCAGT-1,0,11,27,16389,6407
GATAAGGCAGATGCAA-1,0,10,28,16250,6166
GGCTGGCTAGCTTAAA-1,0,11,29,16112,6407
CCTCATGCAGCTACGA-1,0,10,30,15973,6166
GACGCCTGTTGCAGGG-1,0,11,31,15835,6407
TAATTAGATGGATATG-1,0,10,32,15696,6166
GAGGGCATCGCGTATC-1,0,11,33,15557,6407
CTTGTGAGTCTTTGAC-1,0,10,34,15419,6166
TCAACACATTGGGTAA-1,0,11,35,15280,6406
ACTGTATACGCGAGCA-1,0,10,36,15142,6165
GTGAAACGTGCTCCAC-1,0,11,37,15003,6406
CGAGTGCTATAGTTCG-1,0,10,38,14865,6165
GTACTGCATGAAGCGT-1,0,11,39,14726,6406
GTAACTTGCGGCAGTC-1,0,10,40,14588,6165
GAATCGCCGGACACGG-1,0,11,41,14449,6406
GGGAGTAATGGCTGGC-1,0,10,42,14311,6165
CATGAACCGACATTTG-1,0,11,43,14172,6406
TCTGTCATACAAGAGC-1,0,10,44,14034,6164
GTCGTCAATTATAAGG-1,0,11,45,13895,6405
TAAAGAGCCCGAAACC-1,0,10,46,13757,6164
GTACTGAGGTCGTAAC-1,0,11,47,13618,6405
AAAGACCCAAGTCGCG-1,0,10,48,13479,6164
CGTCAGTGCGCACAAG-1,0,11,49,13341,6405
TGTATCCTTATTCCAT-1,0,10,50,13202,6164
ATTCTCGTCTCTTTAG-1,0,11,51,13064,6405
AAAGTCACTGATGTAA-1,0,10,52,12925,6163
TGTCTACAGTTTCTGT-1,0,11,53,12786,6404
TTAACGTCGCAAGACC-1,0,10,54,12648,6163
CTATGTCTATTGAAAC-1,0,11,55,12509,6404
TCGGGTGAAACTGCTA-1,0,10,56,12371,6163
TGTCCCGACATAGCAC-1,0,11,57,12232,6404
ACAGCATAGAGCCAGT-1,0,10,58,12094,6163
ATATTCCCACAGGTCA-1,0,11,59,11955,6404
TTGGATCGACTTCTGG-1,0,10,60,11817,6162
CACCATCGGAGGAGAC-1,0,11,61,11678,6403
TCGTTCGTTATTATGT-1,0,10,62,11540,6162
CTTAACTTCGAAGTAC-1,0,11,63,11401,6403
GCACAAGTGTCGGAAG-1,0,10,64,11263,6162
TACCAGCTAGGTTTAA-1,0,11,65,11124,6403
ACGTACAGATTTCTCT-1,0,10,66,10986,6162
AATTTGGTTCCAAAGA-1,0,11,67,10847,6403
GTAAGGATTTGTCGGA-1,0,10,68,10708,6161
CATCATCTACCCGGAC-1,0,11,69,10570,6402
ACGATGGATCCGATGC-1,0,10,70,10431,6161
CACTCAGCTCTTGAGG-1,0,11,71,10293,6402
TAGATCCGAAGTCGCA-1,0,10,72,10154,6161
TGAAACTTATGCAAGC-1,0,11,73,10016,6402
GCGATTCTGGAAGCAG-1,0,10,74,9877,6161
CAAACTATTGAGCTTC-1,0,11,75,9738,6402
TAGAATTAAGGGCAAC-1,0,10,76,9600,6160
CGAAACATAGATGGCA-1,0,11,77,9461,6401
GATGGTGCCCTAGGCA-1,0,10,78,9323,6160
CCCGCAGGGCCCAAAG-1,0,11,79,9184,6401
ACAGCGCACCCGCAGC-1,0,10,80,9046,6160
GGTAAATGTGCGTTAC-1,0,11,81,8907,6401
GTCCTTCTAGTGGGTT-1,0,10,82,8769,6160
GGAAGCTCGCTTACAG-1,0,11,83,8630,6401
CACCGATACACCGAGC-1,0,10,84,8492,6159
CAGCCGGGCCCTCTAT-1,0,11,85,8353,6400
CGGAGCTTATAACACC-1,0,10,86,8215,6159
ATTACAACTACCGGCC-1,0,11,87,8076,6400
TCCTCTGGCCCATTAG-1,0,10,88,7937,6159
CGGCACCGTTAGCGCC-1,0,11,89,7799,6400
TCGGTCCCTGACTCCA-1,0,10,90,7660,6159
TGGTTGGAGGATCCTG-1,0,11,91,7522,6400
CTGCGGTAGTCACGTG-1,0,10,92,7383,6158
GTGCCTCAGTGTACGG-1,0,11,93,7245,6399
ATCGTTCACTTTCGCC-1,0,10,94,7106,6158
ACTTACCGGGCGCGCA-1,0,11,95,6967,6399
CTAGACTGCATTTCGT-1,0,10,96,6829,6158
TTGCCGGTGATCCCTC-1,0,11,97,6690,6399
CTGTCACGCCAGGCGC-1,0,10,98,6552,6158
CGGTATAGGTATTAGC-1,0,11,99,6413,6399
CCAACGCTTGCCAGGG-1,0,10,100,6275,6158
CGTTGAGTAATTGCGT-1,0,11,101,6136,6398
TGTATTTACCTAATGC-1,0,10,102,5998,6157
TAAATGCCGTCTCATG-1,0,11,103,5859,6398
CGGTTTATGAAGGAAC-1,0,10,104,5721,6157
GCAAGATGTGTTCGCG-1,0,11,105,5582,6398
AAAGGTAAGCTGTACC-1,0,10,106,5444,6157
GTACGTCACGTATTAA-1,0,11,107,5305,6398
AGTACCTTCGAGTGCT-1,0,10,108,5167,6157
ATTGTGACTTCGCTGC-1,0,11,109,5028,6397
TGTATCAGACTGAAGC-1,0,10,110,4889,6156
GAGACCCTGCAACGCC-1,1,11,111,4751,6397
TGGGTGGGATGTCATT-1,0,10,112,4612,6156
GGCTAATGATTGAAAT-1,0,11,113,4474,6397
ATAACGTTACCTCCAC-1,0,10,114,4335,6156
TGCGAGATGGCGGCCA-1,0,11,115,4196,6397
CACACTTGTATTGCGA-1,0,10,116,4058,6156
GCTGGTGACTCGTAGT-1,0,11,117,3919,6397
CGACACCGCTTAAGGA-1,0,10,118,3781,6155
GTAACAACTGACCTTG-1,0,11,119,3642,6396
CAACTGAGGGTATGAC-1,0,10,120,3504,6155
CTAATTATGAAGCGTA-1,0,11,121,3365,6396
CCGATCTTAAGAGGCT-1,0,10,122,3227,6155
CGACTCGGTACACGGT-1,0,11,123,3088,6396
TGCTGCGTCAGAGTTA-1,0,10,124,2950,6155
AGAGTTGCAGGCCTCC-1,0,11,125,2811,6396
ACTGGCGAACCTGCGT-1,0,10,126,2673,6154
ACTAAGGACGCACACC-1,0,11,127,2534,6395
CGTCCAGATGGCTCCA-1,0,12,0,20129,6652
ACTATCGCCGGCTAAA-1,0,13,1,19991,6893
GATAGCGTACCACGCG-1,0,12,2,19852,6652
AGGACTTATAGGAGAA-1,0,13,3,19713,6893
TAGTCGGGATTCTTCG-1,0,12,4,19575,6651
ACCATTAAGGGTGTCA-1,0,13,5,19436,6892
TTAATGTGTTTGCAGG-1,0,12,6,19298,6651
TCCGCAGCCACCTAGC-1,0,13,7,19159,6892
GAGGAGATCCTCATGC-1,0,12,8,19021,6651
GGTCCTTCATACGACT-1,0,13,9,18882,6892
CCCTGTTGGCAAAGAC-1,0,12,10,18744,6651
GTGCCTAGCTATGCTT-1,0,13,11,18605,6892
GTCATCTCCTACAGCT-1,0,12,12,18467,6650
GCGAGAAACGGGAGTT-1,0,13,13,18328,6891
CGTCGCGGCGGGATTT-1,0,12,14,18190,6650
CATTGTGTGCTAGATC-1,0,13,15,18051,6891
CGCGGCAGTATTACGG-1,0,12,16,17913,6650
GAAATGGGATGTAAAC-1,0,13,17,17774,6891
CATTCCCTAAGTACAA-1,0,12,18,17635,6650
AGTTCTGCGTTGTATC-1,0,13,19,17497,6891
ACCCTATAGGACTGAG-1,0,12,20,17358,6649
TTAGATAGGTCGATAC-1,0,13,21,17220,6890
ATTGATAGCAACGAGA-1,0,12,22,17081,6649
TCTCGGCTCCAGGACT-1,0,13,23,16942,6890
CTTGAGGTTATCCCGA-1,0,12,24,16804,6649
AAGAAGGATCAGTTAG-1,0,13,25,16665,6890
GTACGACGGCGCTGCG-1,0,12,26,16527,6649
CTTATGTTGACTACCA-1,0,13,27,16388,6890
CGGCACTCAAGAAAGT-1,0,12,28,16250,6648
GTCAAAGTTTACATAG-1,0,13,29,16111,6889
CTCCTAAGTTATGTCT-1,0,12,30,15973,6648
ACTGTGCTAGTAGATC-1,0,13,31,15834,6889
GTTTGGCCGCTCAGCG-1,0,12,32,15696,6648
TTATCCAATCGAACTC-1,0,13,33,15557,6889
CCGTACCCAAGCGCCA-1,0,12,34,15419,6648
CATACAAAGCCGAACC-1,0,13,35,15280,6889
GGTCGGTAATTAGACA-1,0,12,36,15142,6647
AGCGGGAAGGGTCCAT-1,0,13,37,15003,6888
GCCCACCAAGGCTGTC-1,0,12,38,14864,6647
GTAGACGTCGTTACAT-1,0,13,39,14726,6888
GAGCATCATCCCTGGG-1,0,12,40,14587,6647
AGGTAACCTCCTATTC-1,0,13,41,14449,6888
GGTTTGAGTGCTGGAA-1,0,12,42,14310,6647
GCACTAGTCGCGCTAT-1,0,13,43,14172,6888
GGTAACTATGTATCTG-1,0,12,44,14033,6646
GCGGTCCCTAGACGCA-1,0,13,45,13894,6887
CGAGCGTTGATCAGCC-1,0,12,46,13756,6646
AATCCAAGGGCCTGAG-1,0,13,47,13617,6887
CCGTGCCCATGACGGC-1,0,12,48,13479,6646
GAAATTCACATCGCTG-1,0,13,49,13340,6887
CTCTGCGAAGCAAGCA-1,0,12,50,13202,6646
AGTAGGTAACATACAT-1,1,13,51,13063,6887
ATTGGGAATATCTTGG-1,0,12,52,12925,6645
TAGAGCTACGAAGAAC-1,1,13,53,12786,6886
TGCGGCATAGTTCAAC-1,0,12,54,12648,6645
CCGCCGGTCAACACAC-1,1,13,55,12509,6886
TCGTATAGTGCAATTA-1,0,12,56,12371,6645
TAGTTTATTCTTGCTT-1,1,13,57,12232,6886
GATATCTCATGCAATA-1,0,12,58,12094,6645
CGTTTAAGCGGAGCAC-1,1,13,59,11955,6886
CATGCTGGCTCCAATT-1,0,12,60,11816,6645
GAAACAGCCATGCAGT-1,1,13,61,11678,6885
AGTTTCGCAGGTCGGA-1,0,12,62,11539,6644
CTCATGGCTCACAATC-1,1,13,63,11401,6885
AACCGTTGTGTTTGCT-1,0,12,64,11262,6644
ACCCTTCATCTGCGAA-1,1,13,65,11123,6885
TGCGGTGAAATTTCAT-1,0,12,66,10985,6644
CAAATTGTCAGCAAGC-1,1,13,67,10846,6885
GAGGTACATCCATCTT-1,0,12,68,10708,6644
AAATGGCATGTCTTGT-1,1,13,69,10569,6885
TCATCCCAGAGGGTGG-1,0,12,70,10431,6643
CGTAGCGAATTGTCAG-1,1,13,71,10292,6884
CCTAGTTAGTCGCATG-1,0,12,72,10154,6643
GAAACTCTAATGAAGG-1,0,13,73,10015,6884
TTGTATCACACAGAAT-1,0,12,74,9877,6643
TTCAAGCCGAGCTGAG-1,0,13,75,9738,6884
AGGTACGATATTGCCA-1,0,12,76,9600,6643
TTAAGCCGACAACTTC-1,0,13,77,9461,6884
GTCTTAGTACAGCCGG-1,0,12,78,9323,6642
TGGGTAAGGTTCCCGC-1,0,13,79,9184,6883
CTACGCCATTTCCGAT-1,0,12,80,9045,6642
GACCGTCAGGTCGTGA-1,1,13,81,8907,6883
TAGTTAAGATAGGATA-1,0,12,82,8768,6642
GAATATTCGGAGTCCC-1,0,13,83,8630,6883
CAAACTACGATAGAGA-1,0,12,84,8491,6642
CAGGAAGACTTTATAT-1,0,13,85,8353,6883
TTCGTAATCCCAGCGG-1,0,12,86,8214,6641
GTGAGGAGCGGTTGAG-1,0,13,87,8075,6882
CAATCCCTATACCAGC-1,0,12,88,7937,6641
AGGGAAACGAGGTACT-1,0,13,89,7798,6882
TCCTGCCAACTGGAGA-1,0,12,90,7660,6641
AATTTGGGACATAGTA-1,0,13,91,7521,6882
AACTCCTAATCCCATG-1,0,12,92,7383,6641
GCTCATTACTGCATGT-1,0,13,93,7244,6882
TCTCGAACGAGGTCAC-1,0,12,94,7106,6640
TCACTACGACCAATGC-1,0,13,95,6967,6881
GTGATGCACAACATCT-1,0,12,96,6829,6640
CCGACGTAAACACAAC-1,0,13,97,6690,6881
TGGGATGCACTCATTC-1,0,12,98,6552,6640
TTCCATCATGCGGTGA-1,0,13,99,6413,6881
TGCACAGTGAAGTTAT-1,0,12,100,6274,6640
CTATTGTGTTTGGTCA-1,0,13,101,6136,6881
TGCGAGCCCTTCCGCG-1,0,12,102,5997,6639
TTGAAAGGTGTAAAGG-1,0,13,103,5859,6880
GGTGCAGAGCCTATCG-1,0,12,104,5720,6639
ACTATATGCTGTGTTC-1,1,13,105,5582,6880
TCCTGGCGCTGCCTGG-1,1,12,106,5443,6639
GAGCCGAGCGTTTATT-1,1,13,107,5304,6880
AGAATGCGGGTTCGGA-1,1,12,108,5166,6639
ATGCGACAATTGGTCC-1,1,13,109,5027,6880
TTCCGGCTCGACTTCT-1,1,12,110,4889,6638
TGATTATGGCACGCAG-1,1,13,111,4750,6879
GGTTTGACAAGAAGCT-1,1,12,112,4612,6638
GCAGCTATGGACAGGT-1,1,13,113,4473,6879
CACCATGATCGCAAAG-1,1,12,114,4335,6638
GTCGGAAGGATACCAG-1,1,13,115,4196,6879
GGCCCAGTTATCAGCA-1,1,12,116,4058,6638
GGGCCTATTTAAGTAT-1,1,13,117,3919,6879
GTTGTTACATTGCGCT-1,1,12,118,3781,6637
CAACTCCGTAACTTGC-1,1,13,119,3642,6878
GATCTTTGCTCAAAGA-1,1,12,120,3504,6637
TCGCTTAATTACGAAG-1,1,13,121,3365,6878
CGATCATTAGAGGCAC-1,0,12,122,3226,6637
TGTTCTCTACTCCCTA-1,1,13,123,3088,6878
GCTTAGGGAAGCGGTA-1,0,12,124,2949,6637
CAGGTTTAGTACTACA-1,1,13,125,2811,6878
AAGCGGAGTGCGCGCA-1,0,12,126,2672,6636
TCAGATGGAGACGTAG-1,0,13,127,2533,6877
TCGCACTAACGTTTGT-1,0,14,0,20129,7134
CACGTCGGGTTCTAGA-1,0,15,1,19990,7375
GGAGTACACATGAGCT-1,0,14,2,19852,7134
GTGTGTCGACGTCGCT-1,0,15,3,19713,7375
GAAGCTCTTTGCTTAG-1,0,14,4,19575,7133
ACACCGAGCGCTCTTT-1,1,15,5,19436,7374
CGTAATAATTACGAGT-1,0,14,6,19298,7133
CATCAACACCTACTAA-1,1,15,7,19159,7374
CCAAGTTTCTACAGAT-1,0,14,8,19021,7133
ACGGGTCATGTGACTT-1,1,15,9,18882,7374
AGTGTGCTAAGATCGC-1,0,14,10,18743,7133
GGCGGTTTGCCGGTGC-1,1,15,11,18605,7374
GTATAATCTCCCGGAT-1,0,14,12,18466,7133
TAGTCCGTATGCATAA-1,1,15,13,18328,7373
CACTTCGTCTTATCTC-1,1,14,14,18189,7132
CATCCGCAGGCCCGAA-1,1,15,15,18050,7373
CCCTGATGTAACTCGT-1,1,14,16,17912,7132
CCATAGTCAGTAACCC-1,1,15,17,17773,7373
CGGGCCATAGCCGCAC-1,1,14,18,17635,7132
CTCCGGCTTGTAGACA-1,1,15,19,17496,7373
AACTTGCGTTCTCGCG-1,1,14,20,17358,7132
AATGAGTTCGCATATG-1,1,15,21,17219,7372
CGAGGCCAGGCATTGG-1,1,14,22,17081,7131
TCTGCGTCCGGTTTCT-1,1,15,23,16942,7372
CAATCCTGCCGTGGAG-1,0,14,24,16804,7131
CTGAGCAAGTAACAAG-1,1,15,25,16665,7372
GGGTACCCACGGTCCT-1,0,14,26,16527,7131
ACGGAATTTAGCAAAT-1,1,15,27,16388,7372
GGGCGGTCCTATTGTC-1,0,14,28,16250,7131
ATGTTACGAGCAATAC-1,1,15,29,16111,7372
AACCATGGGATCGCTA-1,0,14,30,15972,7130
TCGCATCCCTAAGTGT-1,1,15,31,15834,7371
ACTTAGTACGACAAGA-1,0,14,32,15695,7130
GAGCTCTCGGACCTAA-1,1,15,33,15557,7371
TCTATTACGCTGGCGA-1,0,14,34,15418,7130
AGATACGACTTCATAT-1,1,15,35,15279,7371
CGCTATACCGCCCACT-1,1,14,36,15141,7130
CAGTGTCCGCAGAATG-1,1,15,37,15002,7371
CCATCCATACCAAGTC-1,1,14,38,14864,7129
AACCCAGAGACGGAGA-1,1,15,39,14725,7370
GAAGAACGGTGCAGGT-1,1,14,40,14587,7129
GATAAATCGGTGGATG-1,1,15,41,14448,7370
CAGCTCGTGCTTGTGT-1,1,14,42,14310,7129
GAGTACGGGTATACAA-1,1,15,43,14171,7370
CATCGCCCGCGGCCAA-1,1,14,44,14033,7129
TCTTACAGAGGTACCG-1,1,15,45,13894,7370
TGGAAGACGAACACCA-1,1,14,46,13756,7128
GTTGTCGTGTTAGTTG-1,1,15,47,13617,7369
CCAAGGAACAGAGAGG-1,1,14,48,13479,7128
CTGCACCTGGAACCGC-1,1,15,49,13340,7369
CGCTTTCATACCGGTG-1,1,14,50,13201,7128
GTTCTTCCCTCGATGT-1,1,15,51,13063,7369
ATTTAACTCGTATTAC-1,1,14,52,12924,7128
AACGATAGAAGGGCCG-1,1,15,53,12786,7369
TATCCTGCATGGGAAT-1,1,14,54,12647,7127
AGGCCCATTGTACAGG-1,1,15,55,12509,7368
CCGGCGCATATTGGAT-1,1,14,56,12370,7127
ATCTGTAATTGTACCC-1,1,15,57,12231,7368
GAGCGAGGGAGTACCG-1,1,14,58,12093,7127
TTATTAGGGAAGCATC-1,1,15,59,11954,7368
CTTCTTACGTCGTATA-1,1,14,60,11816,7127
GAAGTGCTGGATAGCT-1,1,15,61,11677,7368
GTGCAACAAATGTGGC-1,1,14,62,11539,7126
CATGCGTTAGACAGAA-1,1,15,63,11400,7367
ACACACTTTCTACACG-1,1,14,64,11262,7126
AGCCCTAAGCGAAGTT-1,1,15,65,11123,7367
ATTAATTCGGTCACTC-1,1,14,66,10985,7126
AACAGGAAATCGAATA-1,1,15,67,10846,7367
ACGTTTAGTTGTGATC-1,1,14,68,10708,7126
TCCTTCAGTGGTCGAA-1,1,15,69,10569,7367
CGAACGCCCAGTGCCG-1,1,14,70,10431,7125
CCTCGAAGTGGACGGG-1,1,15,71,10292,7366
CTCTGTTTGAGGATTC-1,1,14,72,10153,7125
TGGGCACGTTCTATGG-1,0,15,73,10015,7366
ACTATTCGTCCGTGGT-1,0,14,74,9876,7125
CCTCTGGCCTAGACGG-1,0,15,75,9738,7366
CCATAAACAACCCGAC-1,0,14,76,9599,7125
CATAGTACATTGAGAG-1,0,15,77,9460,7366
ATTTCATTATTTCGCG-1,1,14,78,9322,7124
CAACTATATCGAATGC-1,1,15,79,9183,7365
CTAGTATTCGGAATTA-1,1,14,80,9045,7124
GTGGAACCTACATGCG-1,1,15,81,8906,7365
CCTAAAGGCTGACGCT-1,1,14,82,8768,7124
CGTGACATTGGGTCGT-1,1,15,83,8629,7365
CCAATCGGTAGATCGA-1,0,14,84,8491,7124
ATTGTCGCAATACCTT-1,0,15,85,8352,7365
AAATTACACGACTCTG-1,0,14,86,8214,7124
CACTCCTCTCGGTCGG-1,0,15,87,8075,7364
AAATAACCATACGGGA-1,0,14,88,7937,7123
AGTTACTCTATCGTGG-1,0,15,89,7798,7364
CGTTAGCTCACAACTG-1,0,14,90,7660,7123
GAATGTATGGCAGGTC-1,1,15,91,7521,7364
GCAACCACCAGACCGG-1,0,14,92,7382,7123
TCACTCGTGCAACGGC-1,1,15,93,7244,7364
AAACAGAGCGACTCCT-1,0,14,94,7105,7123
CAGCCTCTCCTCAAGA-1,1,15,95,6967,7363
TTGCGTGAACGCTTAG-1,0,14,96,6828,7122
CCGCCTGCGAATTGGT-1,1,15,97,6689,7363
AGATGAGGGTTGCGAT-1,0,14,98,6551,7122
CGGTGGGCTCCAGCCT-1,1,15,99,6412,7363
GGCAGCGGTAATCCTA-1,1,14,100,6274,7122
GCTAGCAGGGAGTGGG-1,1,15,101,6135,7363
CTCAAGACATTAGCGC-1,1,14,102,5997,7122
CACGGCGCGCCAAAGG-1,1,15,103,5858,7363
TGCAATTTGGGCACGG-1,1,14,104,5720,7121
ATGCCAATCGCTCTGC-1,1,15,105,5581,7362
GCTGGACCCAAAGTGG-1,1,14,106,5443,7121
ATTCCTAAGACGTGGA-1,1,15,107,5304,7362
TCCGGAGGAAGGGCTG-1,1,14,108,5166,7121
TCGGTGACCGCTCCGG-1,1,15,109,5027,7362
TCCGAAGTAGTCACCA-1,1,14,110,4889,7121
CATGTAGGAGCGCCAA-1,1,15,111,4750,7362
CACAAGAAAGATATTA-1,1,14,112,4611,7120
AGGGTCAGTAACCCTA-1,1,15,113,4473,7361
TAAGCCCTTACGACCA-1,1,14,114,4334,7120
ATACCGTCATCCATAA-1,1,15,115,4196,7361
GGACGTCCATAGTTGG-1,1,14,116,4057,7120
CATCAAACTGGCGCCC-1,1,15,117,3919,7361
AAACGTGTTCGCCCTA-1,1,14,118,3780,7120
AAATTGGTGAGAAGCA-1,1,15,119,3641,7361
GGTCATTGTAGTCATA-1,1,14,120,3503,7119
TGCAGTGAGGCTCGGG-1,1,15,121,3364,7360
GAACATTAGTATGTTA-1,1,14,122,3226,7119
GGTTTGCGAACACGTA-1,1,15,123,3087,7360
ACACAAATATTCCTAG-1,1,14,124,2949,7119
TTGGGTTTATTCAGCG-1,1,15,125,2810,7360
ATTCGCAGAGGACACT-1,1,14,126,2672,7119
GATTTAGTGCGTACTG-1,1,15,127,2533,7360
TAGAAACACAATAGTG-1,1,16,0,20128,7616
CAGTAGATGATGTCCG-1,1,17,1,19990,7857
TCTTAACTCGGATGTA-1,1,16,2,19851,7616
TACATCTTGTTTCTTG-1,1,17,3,19713,7857
TTCATAGGGTGTCCAT-1,1,16,4,19574,7616
TGAAGTAGCTTACGGA-1,1,17,5,19436,7857
GCACAAGTGGATCATA-1,1,16,6,19297,7615
GGGCGAATTTCTCCAC-1,1,17,7,19158,7856
ATGTTCCTGCCCACCT-1,1,16,8,19020,7615
GCTCAACCTCTTAGAG-1,1,17,9,18881,7856
ATAGCTGCTCTTGTTA-1,1,16,10,18743,7615
CGTCAGCTATTTACTC-1,1,17,11,18604,7856
ATCTGATAGTGTCTTA-1,1,16,12,18466,7615
TGCACTATGTGAGTGC-1,1,17,13,18327,7856
CCGACAAACACATGAG-1,1,16,14,18189,7614
GCCTTGTATATGCAGT-1,1,17,15,18050,7855
ATAATACCGTTAGCCG-1,1,16,16,17912,7614
ACACTCCAATGTCACT-1,1,17,17,17773,7855
AGTTGCTGACTGATAT-1,1,16,18,17635,7614
GGCGCTCCTCATCAAT-1,1,17,19,17496,7855
TGCCTGACATCGGTCA-1,1,16,20,17358,7614
TTGGCCATCTTGCGCT-1,1,17,21,17219,7855
CAGTGGTTGCACATGA-1,1,16,22,17080,7613
AGAATTGTTTGACATA-1,1,17,23,16942,7854
AAATGCTCGTTACGTT-1,1,16,24,16803,7613
CACCTAATAGAGTCGT-1,1,17,25,16665,7854
CATTTCTAGCAGACTA-1,1,16,26,16526,7613
CCGAAAGTGGTGAGCA-1,1,17,27,16387,7854
AGTCAGCCACCGCCTG-1,1,16,28,16249,7613
TCATCACTCGAGCTCG-1,1,17,29,16110,7854
CTCAGGACTCACCTGT-1,1,16,30,15972,7612
CGGTGTACTTGATCCC-1,1,17,31,15833,7853
CCTACGGCTCAGTCGA-1,1,16,32,15695,7612
GTACTTGGGCACTTCT-1,1,17,33,15556,7853
TGATTTCCTCCTGACG-1,1,16,34,15418,7612
CCTCACCAATCTTGAC-1,1,17,35,15279,7853
GGTGAGATGCAGATAA-1,1,16,36,15141,7612
GCTAGTTTCATTGAGG-1,1,17,37,15002,7853
AGGACATCGCACGTCG-1,1,16,38,14864,7612
GTGGACGTGCTGAGAC-1,1,17,39,14725,7852
TAAGGAACTTGTGGGA-1,1,16,40,14587,7611
TCGCTGTGCGTAAATC-1,1,17,41,14448,7852
GCATCCCTAACTTTGA-1,1,16,42,14309,7611
CACCCACACGTCACCC-1,1,17,43,14171,7852
CCCTCATTCTGGAATT-1,1,16,44,14032,7611
AGGGCGTGATCGGCTA-1,1,17,45,13894,7852
GGTGCGGATAAGTGGC-1,1,16,46,13755,7611
TAATATTGAAATTCGC-1,1,17,47,13616,7851
CTTACACTGGGAAATA-1,1,16,48,13478,7610
ACCAAGAACGCGTGTC-1,1,17,49,13339,7851
GCCTTCAGCCCTACCG-1,1,16,50,13201,7610
GATGCTACAAGCGCCT-1,1,17,51,13062,7851
CCGGGACCCGCAGAGA-1,1,16,52,12924,7610
GTTCCAGTCTGACCAT-1,1,17,53,12785,7851
ATGATCGGGAATAGAC-1,1,16,54,12647,7610
TTGGATTGGGTACCAC-1,1,17,55,12508,7851
TACCTCACGCTTGTAC-1,1,16,56,12370,7609
CATGGCAGGAAGATCG-1,1,17,57,12231,7850
ATGACGCCGGCTCTAA-1,1,16,58,12093,7609
AGCGACATCCCATTCA-1,1,17,59,11954,7850
AGTAATGTCTTGCCGC-1,1,16,60,11816,7609
TTCTTAGTGGCTCAGA-1,1,17,61,11677,7850
CGTCTGGAAGGGCCCG-1,1,16,62,11538,7609
ACGTGCGCCTCGTGCA-1,1,17,63,11400,7850
AGAGCGGGCTAATCAT-1,1,16,64,11261,7608
GCGTCGAAATGTCGGT-1,1,17,65,11123,7849
AACTGATATTAGGCCT-1,1,16,66,10984,7608
CGAGCTGGGCTTTAGG-1,1,17,67,10846,7849
GGGTGTTTCAGCTATG-1,1,16,68,10707,7608
TTAATTTCAGACGCGG-1,1,17,69,10568,7849
ACTGCCGTCGTAACTC-1,1,16,70,10430,7608
GTGCACGAAAGTGACT-1,1,17,71,10291,7849
ATCTCCCTGCAATCTA-1,1,16,72,10153,7607
ACGCCAGATGATTTCT-1,1,17,73,10014,7848
AGCTATTTAATCCAAC-1,0,16,74,9876,7607
CCACGAGAAGAGAATC-1,0,17,75,9737,7848
GATTCCGCGTTTCCGT-1,0,16,76,9599,7607
GTCGGATGTAGCGCGC-1,0,17,77,9460,7848
TATTTATACCGAGTAG-1,0,16,78,9322,7607
GTAGGTGATCCGTGTA-1,1,17,79,9183,7848
AGTTAAGCGGTCCCGG-1,1,16,80,9045,7606
CTGGCGACATAAGTCC-1,1,17,81,8906,7847
TTGGCCTAGAATTTCG-1,1,16,82,8768,7606
GGCATATCGGTTCTGC-1,1,17,83,8629,7847
GGGCGTCCACTGGCTC-1,1,16,84,8490,7606
TTACCCATTGCCGGGT-1,1,17,85,8352,7847
TTAGACACGATCGTTG-1,1,16,86,8213,7606
GCGCTGATCCAGACTC-1,1,17,87,8075,7847
TTCGGCAACCCGCTGA-1,1,16,88,7936,7605
GATATTTCCTACATGG-1,1,17,89,7797,7846
CTGCGTTACGATATAA-1,1,16,90,7659,7605
TAATAAACAAGGAGAT-1,1,17,91,7520,7846
AACCTTTACGACGTCT-1,1,16,92,7382,7605
AGTCCCGCCTTTAATT-1,1,17,93,7243,7846
TGAGATTAGGCCCTAA-1,1,16,94,7105,7605
AGTGTATTGCGCATTG-1,1,17,95,6966,7846
GTTGGATTCAGTGGCT-1,1,16,96,6828,7604
TAAAGCTGCAATAGGG-1,1,17,97,6689,7845
AGTAGGAAGGAAGTTG-1,1,16,98,6551,7604
TATCACTTCGAGTAAC-1,1,17,99,6412,7845
TGATCTACGCTGATCT-1,1,16,100,6274,7604
GGATCATCCCGTACGC-1,1,17,101,6135,7845
TGACACTTCTCTTTGC-1,1,16,102,5997,7604
AGCCCTTCTAATCCGA-1,1,17,103,5858,7845
CACCGCGTCCACTCTA-1,1,16,104,5719,7603
TAATTGGAATCGGGAA-1,1,17,105,5581,7844
TCGTAAGCTCCGAGGA-1,1,16,106,5442,7603
TATATTACAAATGTCG-1,1,17,107,5304,7844
CGCGAGAGGGACTTGT-1,1,16,108,5165,7603
GGACCTACGGTAACGT-1,1,17,109,5026,7844
GAAATATGCTTGAATG-1,1,16,110,4888,7603
CCGTATTAGCGCAGTT-1,1,17,111,4749,7844
AGGCGTCTATGGACGG-1,1,16,112,4611,7602
AACATCGATACGTCTA-1,1,17,113,4472,7843
TGAATATGCTATAAAC-1,1,16,114,4334,7602
ACCAAACACCCAGCGA-1,1,17,115,4195,7843
TGGCTTGTACAAGCTT-1,1,16,116,4057,7602
GAATGAAGGTCTTCAG-1,1,17,117,3918,7843
AGATACCAGCACTTCA-1,1,16,118,3780,7602
GCGGTCCCGGTGAAGG-1,1,17,119,3641,7843
GAGGCATTTGCAGCAG-1,1,16,120,3503,7602
GGCAAGCCAGGGATAG-1,1,17,121,3364,7842
TCTACGGGCTCAGTTG-1,1,16,122,3226,7601
TCTGCGAATCGTTCGC-1,1,17,123,3087,7842
AGCTCGTTGATGGAAA-1,1,16,124,2948,7601
TGAATGAGATACAGCA-1,1,17,125,2810,7842
ACCCTTGCCTGGGTCG-1,1,16,126,2671,7601
GGCGAACCGTTCTGAT-1,1,17,127,2533,7842
GCGATGTCTGTGCTTG-1,1,18,0,20128,8098
ATTAACACCTGAGATA-1,1,19,1,19989,8339
GAAATCTGACCAAGTT-1,1,18,2,19851,8098
CCTGACAAACTCGCGC-1,1,19,3,19712,8339
ATGTCATTTCCCATTG-1,1,18,4,19574,8098
GCGGTGCGGAGCATCG-1,1,19,5,19435,8339
CGGAAAGCAAATGTGC-1,1,18,6,19297,8098
GCTGAGCAACGGTTCT-1,1,19,7,19158,8338
TCACTCTTCGTCTGTC-1,1,18,8,19020,8097
GATCTTCATTGTCCTC-1,1,19,9,18881,8338
ACTCGATGTATTTCAT-1,1,18,10,18743,8097
TGAAGAGCGGTCCTAG-1,1,19,11,18604,8338
TAAACGTCGTCAATGA-1,1,18,12,18465,8097
ACGTTATTGGTCACTC-1,1,19,13,18327,8338
ATAGCCTCAGTACCCA-1,1,18,14,18188,8097
CGGGAGTATACCGCCG-1,1,19,15,18050,8338
GTCCTACAGGCGGCTC-1,1,18,16,17911,8096
CGGATAAGCGGACATG-1,1,19,17,17773,8337
AACTTCTGCGTCTATC-1,1,18,18,17634,8096
GGGTTCAGACGAACAA-1,1,19,19,17495,8337
AGTCTGGACATCCTTG-1,1,18,20,17357,8096
TTGAACGAATCCTTTG-1,1,19,21,17218,8337
GAAATACTAAACGTTT-1,1,18,22,17080,8096
CCCGCGCAATGCACCC-1,1,19,23,16941,8337
TTCGGCTAGAGATGGT-1,1,18,24,16803,8095
GACACGAGTTAGAGGA-1,1,19,25,16664,8336
GAGGTCCCAAAGATCT-1,1,18,26,16526,8095
TAACTCCATGGAGGCT-1,1,19,27,16387,8336
CTTGTTTATGTAGCCA-1,1,18,28,16249,8095
GATGGCGCACACATTA-1,1,19,29,16110,8336
ATAATAGTGTAGGGAC-1,1,18,30,15972,8095
CGCTATTCAATGTATG-1,1,19,31,15833,8336
ATATTGCTGTCAAAGT-1,1,18,32,15695,8094
GGATTCAGTACGGTGG-1,1,19,33,15556,8335
TTCTTAGTGAACGGTG-1,1,18,34,15417,8094
AATGGTTCTCACAAGC-1,1,19,35,15279,8335
TATACACGCAAAGTAT-1,1,18,36,15140,8094
CTTCATAGCTCAAGAA-1,1,19,37,15002,8335
CAACGGTTCTTGATAC-1,1,18,38,14863,8094
ACACCCGAGAAATCCG-1,1,19,39,14724,8335
TCTATCATGCAGTTAC-1,1,18,40,14586,8093
CCCGCCATGCTCCCGT-1,1,19,41,14447,8334
CGCTTCCACTGAAATC-1,1,18,42,14309,8093
CACTGTCCAAGTGAGA-1,1,19,43,14170,8334
ATTACTAGCCTCTTGC-1,1,18,44,14032,8093
CATAGTAGCATAGTAG-1,1,19,45,13893,8334
CAACTCCTTGATCCCG-1,1,18,46,13755,8093
AAGTAGAAGACCGGGT-1,1,19,47,13616,8334
GCGGGAACCAGGCCCT-1,1,18,48,13478,8092
ATTAGATTGATAGCGG-1,1,19,49,13339,8333
CTCGGTCCGTAGCCTG-1,1,18,50,13201,8092
TGGCTTTGGGTAGACA-1,1,19,51,13062,8333
TATCCATATCATGCGA-1,1,18,52,12924,8092
GGAGTGCCGCCCTGGA-1,1,19,53,12785,8333
TGAGAATGCTTTACCG-1,1,18,54,12646,8092
TTAACCAACCCTCCCT-1,1,19,55,12508,8333
TGTTTCGGTACTTCTC-1,1,18,56,12369,8091
TTGCTGAAGGAACCAC-1,1,19,57,12231,8332
TATTTAGTCTAGATCG-1,1,18,58,12092,8091
CTCCGGCCTAATATGC-1,1,19,59,11953,8332
TTGTGGCCCTGACAGT-1,1,18,60,11815,8091
TCGCCGGTCGATCCGT-1,1,19,61,11676,8332
CCATAGGTTGGCGTGG-1,1,18,62,11538,8091
GAACGACCGAATGATA-1,1,19,63,11399,8332
TCCGATAATTGCCATA-1,1,18,64,11261,8090
CATTACGTCGGCCCGT-1,1,19,65,11122,8331
CAAGCACCAAATGCCT-1,1,18,66,10984,8090
TGCATGGATCGGATCT-1,1,19,67,10845,8331
GAAATCGCGCGCAACT-1,1,18,68,10707,8090
CTGAAAGAGATCCGAC-1,1,19,69,10568,8331
CACCTCGATGGTGGAC-1,1,18,70,10430,8090
ATTTGTTCCAGGGCTC-1,1,19,71,10291,8331
TGGGCCACAAGAGCGC-1,1,18,72,10153,8090
CCTTCTTGATCCAGTG-1,1,19,73,10014,8330
CCTCGCCAGCAAATTA-1,1,18,74,9875,8089
TTCATGGCGCAACAGG-1,1,19,75,9737,8330
TTAATCAGTACGTCAG-1,1,18,76,9598,8089
CCTATCTATATCGGAA-1,1,19,77,9460,8330
ATTATACTTTGCTCGT-1,1,18,78,9321,8089
ATGGATCCGGCGTCCG-1,1,19,79,9183,8330
CGCCCGCTTCCGTACA-1,1,18,80,9044,8089
GGATTCCGCTATACCC-1,1,19,81,8905,8329
CGGTCTATCAACCCGT-1,1,18,82,8767,8088
ATGCCGGTTGATGGGA-1,1,19,83,8628,8329
TCATGCAGGTTCTCAT-1,1,18,84,8490,8088
TGAGCTTTAATGACGC-1,1,19,85,8351,8329
TCCCTTAGATTACTCG-1,1,18,86,8213,8088
ATATCTCCCTCGTTAA-1,1,19,87,8074,8329
AGCTCTTCCCAGTGCA-1,1,18,88,7936,8088
TCGCTAAACCGCTATC-1,1,19,89,7797,8329
CACATTCTTTCGATGG-1,1,18,90,7659,8087
GATATGCGGTAGCCAA-1,1,19,91,7520,8328
CGTTTCACTTCGGGCG-1,1,18,92,7382,8087
CCAATTACGGGTCGAG-1,1,19,93,7243,8328
GCAGGTAGAGTATGGT-1,1,18,94,7105,8087
GTCGTATTGGCGTACA-1,1,19,95,6966,8328
GAAATTAGCACGGATA-1,1,18,96,6827,8087
AATGCACCAAGCAATG-1,1,19,97,6689,8328
AGGACGCTCGATGTTG-1,1,18,98,6550,8086
GGCTAAAGGGCGGGTC-1,1,19,99,6412,8327
CATCTATCCCGTGTCT-1,1,18,100,6273,8086
CAGTAACTATTTATTG-1,1,19,101,6134,8327
CATATACTACTGATAA-1,1,18,102,5996,8086
GCGTTCGGAGACCGGG-1,1,19,103,5857,8327
AAGTTCAGTCTGCGTA-1,1,18,104,5719,8086
CGAAGCTATAAATTCA-1,1,19,105,5580,8327
CGCGGTCACAAACCAA-1,1,18,106,5442,8085
GGGAATGAGCCCTCAC-1,1,19,107,5303,8326
ACGGAGCGCAAATTAC-1,1,18,108,5165,8085
CGTTCTTCGCACACCT-1,1,19,109,5026,8326
GAATAGCCCTGCGGTC-1,1,18,110,4888,8085
AATAGCTACCGCGTGC-1,1,19,111,4749,8326
CCGAGCTGTGCTTGTC-1,1,18,112,4611,8085
GATGACGATGATCGCG-1,1,19,113,4472,8326
GCCTATGCTGGGCCTT-1,1,18,114,4334,8084
TTACTGTCTAGAGCTC-1,1,19,115,4195,8325
AGCGGTTGCCGCTCTG-1,1,18,116,4056,8084
GCTTGCAGCACAATTG-1,1,19,117,3918,8325
CCGGAGGTCTTATGGT-1,1,18,118,3779,8084
ACAGTATACCGTGGGA-1,1,19,119,3641,8325
GGGATCCCAATACAAA-1,1,18,120,3502,8084
ATTACGACTCCACAGT-1,1,19,121,3363,8325
CTCACACGCAAGCCTA-1,1,18,122,3225,8083
CCAGATGTAAATGGGT-1,1,19,123,3086,8324
GAACTTGTGCACGGGA-1,1,18,124,2948,8083
AAGCCGCTTTACCTTG-1,1,19,125,2809,8324
TCCATTCCCACTAGAG-1,1,18,126,2671,8083
AGAGCGCTTGTAACGG-1,1,19,127,2532,8324
TGGGTTCCCGGACGGA-1,1,20,0,20128,8580
GCTGCGCCTCCCACGT-1,1,21,1,19989,8821
CTGTTGGCTCTTCTGA-1,1,20,2,19851,8580
TTGTTCTAGATACGCT-1,1,21,3,19712,8821
CCCTCAAGCTCTTAGT-1,1,20,4,19573,8580
TGGTCTAGCTTACATG-1,1,21,5,19435,8821
ATGCACCTTCCTTAAT-1,1,20,6,19296,8580
GGGATACGGTAATAAT-1,1,21,7,19158,8821
AGTTCACCGGTTGGAC-1,1,20,8,19019,8579
GACATACTGTCGCAGA-1,1,21,9,18880,8820
TGGACACCGTTGCTTG-1,1,20,10,18742,8579
TGCGATGCTAATGGCT-1,1,21,11,18603,8820
TTCTGTTTCCTGTCGC-1,1,20,12,18465,8579
CGTTGTAAACGTCAGG-1,1,21,13,18326,8820
GATCGGCGATAAGTCG-1,1,20,14,18188,8579
AGCCTTAAAGCGGAAG-1,1,21,15,18049,8820
TCCGTAACCACAATCC-1,1,20,16,17911,8578
GAATGCCGAAATGACC-1,1,21,17,17772,8819
TATACTCATGCGGCAA-1,1,20,18,17634,8578
TAGTGTCAGAAACGGC-1,1,21,19,17495,8819
CGTCATACCATATCCA-1,1,20,20,17357,8578
TAGTACCTTAGTGGTC-1,1,21,21,17218,8819
CTGGCGGGAATAAGTA-1,1,20,22,17080,8578
AGTGTGGTCTATTGTG-1,1,21,23,16941,8819
GCTATCGCGGCGCAAC-1,1,20,24,16802,8578
CAGTAATCCCTCCCAG-1,1,21,25,16664,8818
GTATTAAGGCGTCTAA-1,1,20,26,16525,8577
CTAATTTCAACAACAC-1,1,21,27,16387,8818
TTAGCAACATGGATGT-1,1,20,28,16248,8577
ATGCTCAGTGTTGCAT-1,1,21,29,16110,8818
GATGTTTGTGCGAGAT-1,1,20,30,15971,8577
CACTTCGCCACAGGCT-1,1,21,31,15832,8818
CTGTATGGTGTAGAAA-1,1,20,32,15694,8577
TACGTGCACTATGCTG-1,1,21,33,15555,8817
GTATCAGCTTGGGTTC-1,1,20,34,15417,8576
TAACAAAGGGAGAAGC-1,1,21,35,15278,8817
TTACATCGTGGCCTGG-1,1,20,36,15140,8576
TCTGAACCGGTCGGCT-1,1,21,37,15001,8817
GGCTCGTGCCACCAGC-1,1,20,38,14863,8576
TATAAGTGAGGATAGC-1,1,21,39,14724,8817
GCCCGCGCGTTTGACA-1,1,20,40,14586,8576
TGCTGGTTGGACAATT-1,1,21,41,14447,8817
GCCTAGCGATCTGACC-1,1,20,42,14309,8575
CCATGCTCTGCAGGAA-1,1,21,43,14170,8816
TATAAATCCACAAGCT-1,1,20,44,14031,8575
CGCTCGACATAATGAT-1,1,21,45,13893,8816
CCAATTGAATGTTAAT-1,1,20,46,13754,8575
GCTAATACCGAATGCC-1,1,21,47,13616,8816
TTCAACGACCCGACCG-1,1,20,48,13477,8575
TTCCTCGAGGGTGTCT-1,1,21,49,13339,8816
CAACGACCCGTTTACA-1,1,20,50,13200,8574
CTTGTACTTGTTGACT-1,1,21,51,13061,8815
TCTCTAATAGCTGGTA-1,1,20,52,12923,8574
ATTATGCCATAGGGAG-1,1,21,53,12784,8815
GACAACGCAGCTTACG-1,1,20,54,12646,8574
AGATGACTCGCCCACG-1,1,21,55,12507,8815
GTGCGGGTCTCCAAAT-1,1,20,56,12369,8574
GTACGAGATTGCGACA-1,1,21,57,12230,8815
GTATAGGACTCAGTAG-1,1,20,58,12092,8573
TTGCACGGAGCAGCAC-1,1,21,59,11953,8814
CACAGCTAGGGAGTGA-1,1,20,60,11815,8573
ATACTAGCATGACCCT-1,1,21,61,11676,8814
CCAAGACTTCTGCGAA-1,1,20,62,11538,8573
ACATAATAAGGCGGTG-1,1,21,63,11399,8814
TAATACACAGTAGTAT-1,1,20,64,11261,8573
TCTTGGTAACACCAAA-1,1,21,65,11122,8814
AACTGGGTCCCGACGT-1,1,20,66,10983,8572
ATCACTTCATCCTCGC-1,1,21,67,10845,8813
TGGAAGGATAAAGATG-1,1,20,68,10706,8572
CATGATGCACAATTCT-1,1,21,69,10568,8813
TGCCTGATCAAACGAT-1,1,20,70,10429,8572
ATAGGGATATCCTTGA-1,1,21,71,10290,8813
CACCTAATCAGTTTAC-1,1,20,72,10152,8572
TGTGACTACGCCAGTC-1,1,21,73,10013,8813
CCCGACCATAGTCCGC-1,1,20,74,9875,8571
CGCGCCCGACTTAATA-1,1,21,75,9736,8812
TGCCACCTGGCGAAAC-1,1,20,76,9598,8571
CTGCCAAGGTTGGAAG-1,1,21,77,9459,8812
TCTCCAACGTAGGTTA-1,1,20,78,9321,8571
TTCTTGGAGTAATGAG-1,1,21,79,9182,8812
GTCTCGATCTGCTTTC-1,1,20,80,9044,8571
TACTCTCCGAACAAAT-1,1,21,81,8905,8812
ATCACATTAGAATATC-1,1,20,82,8767,8570
TACGGGATGCTAGCAG-1,1,21,83,8628,8811
AGCTGAAGTAAACCAA-1,1,20,84,8490,8570
CATGGGTCGGGTGTGG-1,1,21,85,8351,8811
CACCCACGAGGCAATT-1,1,20,86,8212,8570
TGCCATTACTAAAGAA-1,1,21,87,8074,8811
CCGTTACGTTAGAACA-1,1,20,88,7935,8570
GCCAGGAGTAACCGAT-1,1,21,89,7797,8811
GGAAAGTGCCCATGCC-1,1,20,90,7658,8569
TCTTACCGGAACTCGT-1,1,21,91,7520,8810
TATGTCAAGACCGACT-1,1,20,92,7381,8569
CCTAACTAAGGCTCTA-1,1,21,93,7242,8810
GCGGTGAACTGCGCTC-1,1,20,94,7104,8569
CCTCGCGCGATATAGG-1,1,21,95,6965,8810
ATCGGCAAGCAGTCCA-1,1,20,96,6827,8569
AGATCGTGCATAAGAT-1,1,21,97,6688,8810
ATTCAGGACCTATTTC-1,1,20,98,6550,8568
AGCTAGAAGCAGAAGT-1,1,21,99,6411,8809
TTCGCTATCTGACGTG-1,1,20,100,6273,8568
TTCCGCAGAGAAATAT-1,1,21,101,6134,8809
CAGTACATTCTCTAAA-1,1,20,102,5996,8568
GTGAAGATTTCAAGTG-1,1,21,103,5857,8809
AACGCATGATCTGGGT-1,1,20,104,5719,8568
CCCAGAGGAGGGCGTA-1,1,21,105,5580,8809
GGAAACCTTGTTGAAT-1,1,20,106,5442,8568
GTGAAGCCGTATAGTC-1,1,21,107,5303,8808
GAGCTGTCGTCTCGGA-1,1,20,108,5164,8567
TGTCATTTGTTGGGAA-1,1,21,109,5026,8808
ACCAACACCACACACT-1,1,20,110,4887,8567
AAATGATTCGATCAGC-1,1,21,111,4749,8808
CTGCTTTATGTCCGCG-1,1,20,112,4610,8567
GCGAGAGGCCATGTAA-1,1,21,113,4471,8808
ATTGACCGGCGATGAC-1,1,20,114,4333,8567
ACCCTGGTAACGCCCT-1,1,21,115,4194,8807
GTTGGACCGCATCAGG-1,1,20,116,4056,8566
CGTTTACAAGGCAGCT-1,1,21,117,3917,8807
CGGTCCATGAGACTCC-1,1,20,118,3779,8566
GTTCGTCTGGGTCCCT-1,1,21,119,3640,8807
TGTACTACTCTCACGG-1,1,20,120,3502,8566
AGTGAAGATGGTGTCC-1,1,21,121,3363,8807
GAGGGCCATAATATTA-1,1,20,122,3225,8566
ACTCCCGTAGACTAGG-1,1,21,123,3086,8807
CGTCAAATGGTCGCAG-1,1,20,124,2948,8565
AAGTCTAGTAGCTGCC-1,1,21,125,2809,8806
AAGAAATCACCAGATT-1,1,20,126,2671,8565
GAGTGCACGGACAACA-1,1,21,127,2532,8806
GTTCAAATCAGATGTC-1,1,22,0,20127,9063
CATGGCTCCCTATGTC-1,1,23,1,19988,9304
GGCCACACGAAAGCCT-1,1,22,2,19850,9062
GAAGCCGGGTAAGCTC-1,1,23,3,19711,9303
TTGCGCTCTCTCGCTT-1,1,22,4,19573,9062
TACATGACCTTATCCG-1,1,23,5,19434,9303
GTCCTTCTACAACCCA-1,1,22,6,19296,9062
TATATGCTGGGTTGCC-1,1,23,7,19157,9303
GTTTATGGGATTTAGA-1,1,22,8,19019,9062
GGAACCCGAACAAGAA-1,1,23,9,18880,9303
AACGTTATCAGCACCT-1,1,22,10,18742,9061
CATCGTCCGGTTACTA-1,1,23,11,18603,9302
AGACAGCTCAGAATCC-1,1,22,12,18465,9061
GCAGATCCTCGCAAAT-1,1,23,13,18326,9302
GGGTCATGCGTACCAT-1,1,22,14,18188,9061
CTGGTCATTCCAATCC-1,1,23,15,18049,9302
TCAGGGCGCAAACTCG-1,1,22,16,17910,9061
GATGCCAGCAGAAGGC-1,1,23,17,17772,9302
GTTATTAACGTGGGAG-1,1,22,18,17633,9060
AATACAATGTTTCAGG-1,0,23,19,17495,9301
TTGCTGCACCTATCCA-1,1,22,20,17356,9060
CCAGAGACAAAGCCGG-1,1,23,21,17217,9301
CCGAAGTATATTGTTC-1,1,22,22,17079,9060
GCTAAACCTGAGGTGA-1,1,23,23,16940,9301
TCATACTTACAGATCC-1,1,22,24,16802,9060
CGAGCACTTCAAGTTT-1,1,23,25,16663,9301
TAGCAACCTGTCACAA-1,1,22,26,16525,9059
TGGGAAATGCCTTTCC-1,1,23,27,16386,9300
AGACCATGGGATACAA-1,1,22,28,16248,9059
TAAATGAATCCGTTTC-1,1,23,29,16109,9300
ACAACGGTCCCTGCGA-1,1,22,30,15971,9059
GTCACTCTCCAAATCT-1,1,23,31,15832,9300
TTCTACTTGCGAGGGC-1,1,22,32,15694,9059
CGCAATTACTTTCGGT-1,1,23,33,15555,9300
CTGTTCATCTCACGGG-1,1,22,34,15417,9058
TTCTTGTAACCTAATG-1,1,23,35,15278,9299
GCTTGATGATAATCAG-1,1,22,36,15139,9058
TTGGCTCGCATGAGAC-1,1,23,37,15001,9299
GCCCAGTTGGTATGCC-1,1,22,38,14862,9058
ATTCCTCCGCCAGTGC-1,1,23,39,14724,9299
TCGTCCGCTGGCGTCT-1,1,22,40,14585,9058
GGAGAAGTCATTGGCA-1,1,23,41,14447,9299
TTGTTAGCAAATTCGA-1,1,22,42,14308,9057
TCTAGCATCTTCGATG-1,1,23,43,14169,9298
TTCTAGGCCAATTGTG-1,1,22,44,14031,9057
TCACGGTCATCGCACA-1,1,23,45,13892,9298
ATGAAGCCAAGGAGCC-1,1,22,46,13754,9057
AATGACTGTCAGCCGG-1,1,23,47,13615,9298
CCAAACAGAACCCTCG-1,1,22,48,13477,9057
TATCGATGATTAAACG-1,1,23,49,13338,9298
GAACACACATCAACCA-1,1,22,50,13200,9056
CCCGTCAGCGTCTGAC-1,1,23,51,13061,9297
AGCATCGTCGATAATT-1,1,22,52,12923,9056
GACTAAGATCATGCAC-1,1,23,53,12784,9297
TAGGGTGTTTCAAGAG-1,1,22,54,12646,9056
TGGTTCGTAGCAAAGG-1,1,23,55,12507,9297
CTGTTCACTGCCTGTG-1,1,22,56,12368,9056
ATGTGCATCCGACGCA-1,1,23,57,12230,9297
TTGTCGTTCAGTTACC-1,1,22,58,12091,9056
CGGGATCAATGTAAGA-1,1,23,59,11953,9296
TTATCTGTATCATAAC-1,1,22,60,11814,9055
ATCGACTCTTTCCGTT-1,1,23,61,11676,9296
CTCATTTGATGGGCGG-1,1,22,62,11537,9055
GTAAGCGGGCAGTCAG-1,1,23,63,11398,9296
TCTATCGGTCGCAACA-1,1,22,64,11260,9055
AACGCGGTCTCCAGCC-1,1,23,65,11121,9296
ATTAATACTACGCGGG-1,1,22,66,10983,9055
CTTTAACTTTCAAAGG-1,1,23,67,10844,9295
CGTACCTGATAGGCCT-1,1,22,68,10706,9054
GAATGTTGGGTAATCT-1,1,23,69,10567,9295
TGCGGAGTAAAGGTGC-1,1,22,70,10429,9054
CCTGAATATTTACATA-1,1,23,71,10290,9295
TTGCTCCCATACCGGA-1,1,22,72,10152,9054
CCTCTAATCTGCCAAG-1,1,23,73,10013,9295
AGGTTGAGGCACGCTT-1,1,22,74,9875,9054
TCCCGTCAGTCCCGCA-1,1,23,75,9736,9295
TCCGATGACTGAGCTC-1,1,22,76,9598,9053
CAGCCTCCTGCAGAGG-1,1,23,77,9459,9294
CTTAGCCTTCCACATG-1,1,22,78,9320,9053
ATTAATGAACCAGTCG-1,1,23,79,9182,9294
ACGATACATAGAACTA-1,1,22,80,9043,9053
AGCCACTCCCGTGCTT-1,1,23,81,8905,9294
ATACGGGTTTCGATTG-1,1,22,82,8766,9053
CTGTCAAATGGCTCGG-1,1,23,83,8627,9294
GCTCGGAATTTAAAGC-1,1,22,84,8489,9052
TAGGCATGTTACGCCA-1,1,23,85,8350,9293
TGGCAACTCGCGCGCC-1,1,22,86,8212,9052
ATCAGTAGGCAGGGAT-1,1,23,87,8073,9293
TATCGATCTATGCATA-1,1,22,88,7935,9052
CGACTCAGGATGTTAT-1,1,23,89,7796,9293
GCCATATTGCACACAG-1,1,22,90,7658,9052
AATTCATAAGGGATCT-1,1,23,91,7519,9293
CGGTAGAGGTGCAGGT-1,1,22,92,7381,9051
AATGATGATACGCTAT-1,1,23,93,7242,9292
CTTGTGCTCACCGATT-1,1,22,94,7104,9051
TTCCAATCAGAGCTAG-1,1,23,95,6965,9292
CGATGGACCCTACGCC-1,1,22,96,6827,9051
GGTCGGATAAACGGCG-1,1,23,97,6688,9292
TTAGCTAATACGATCT-1,1,22,98,6549,9051
CTCGATATTTGCGAGC-1,1,23,99,6411,9292
ATTACTTACTGGGCAT-1,1,22,100,6272,9050
CTAGCCGATGTTATGA-1,1,23,101,6134,9291
TACTGCAATCAATTAC-1,1,22,102,5995,9050
TAGTCTGTGACGTTGC-1,1,23,103,5857,9291
CTCGTTTCTAATGTTT-1,1,22,104,5718,9050
TTCGTTCAACGAAGTT-1,1,23,105,5579,9291
CTGAATTTATTGCCAG-1,1,22,106,5441,9050
TGGAATATCCTTGACC-1,1,23,107,5302,9291
CAGATCATTTAAAGTC-1,1,22,108,5164,9049
CTCCTTTACGCAAGTC-1,1,23,109,5025,9290
TCCCAAACAGACAACG-1,1,22,110,4887,9049
ATCGCTGCGTGCAGCA-1,1,23,111,4748,9290
TTAGTTCAAGTGTTCG-1,1,22,112,4610,9049
AAACTCGTGATATAAG-1,1,23,113,4471,9290
TTAACGAACAAGCAGT-1,1,22,114,4333,9049
GTTATATCAGGAGCCA-1,1,23,115,4194,9290
CAAATTGGATTATGCC-1,1,22,116,4056,9048
CGAGGAGCTTCCATAT-1,1,23,117,3917,9289
GGAGACCAATGTGCTT-1,1,22,118,3778,9048
CATTGATGAACACGCC-1,1,23,119,3640,9289
GTCAATGCTATAATTT-1,1,22,120,3501,9048
ACCACCCTCTCTTCTA-1,1,23,121,3363,9289
TGGAGGGAAACACCTC-1,1,22,122,3224,9048
CACGGACGTGGATGGC-1,1,23,123,3086,9289
AACTTTCTCGATCATG-1,1,22,124,2947,9047
CGTATTGTTTCCTAAT-1,1,23,125,2808,9288
CCTACTGCGGCGGCCA-1,1,22,126,2670,9047
CTTAGGTCCCAATCGT-1,1,23,127,2531,9288
CGCAATCGATCATTAG-1,1,24,0,20127,9545
TGGTTATGCTTGCGGT-1,1,25,1,19988,9786
GGCTTGGCTCTCACCT-1,1,24,2,19850,9544
ATTGGTAGGATCCGCT-1,1,25,3,19711,9785
TCAGGGCGACTTCCTT-1,1,24,4,19573,9544
TCTGCAGATTCGAGTC-1,1,25,5,19434,9785
CTCTCGCTGTACTATG-1,1,24,6,19295,9544
AATAGTCGCGAGTCGG-1,1,25,7,19157,9785
AGTTACCCTTAAGACT-1,1,24,8,19018,9544
CTTAAATAAGACCCAT-1,1,25,9,18880,9785
GGTTGTGCTCTTGTCC-1,1,24,10,18741,9544
GTGAGTCTAAGACGGA-1,1,25,11,18603,9784
CGCGACACTGCGCAGC-1,1,24,12,18464,9543
GCTCGCGGTTCCGCTC-1,1,25,13,18325,9784
TTAACTCACGCGTGGA-1,1,24,14,18187,9543
GGAACGGCCTGCAGCC-1,1,25,15,18048,9784
GTAGAAACGGGTGGAG-1,1,24,16,17910,9543
TAATGAAAGACCCTTG-1,0,25,17,17771,9784
AGGCTTGCTAGACACC-1,0,24,18,17633,9543
TTGCGTAGTTTGAGGA-1,0,25,19,17494,9783
CGCCCTTGAAGGCTGA-1,0,24,20,17356,9542
CCCGGTGGAAGAACCT-1,1,25,21,17217,9783
TTAACACCTCGAACAT-1,1,24,22,17079,9542
GATTCCTATACGGCGC-1,1,25,23,16940,9783
TTACCCTAACAGTCCT-1,1,24,24,16802,9542
ACCCACCTACATGCTC-1,1,25,25,16663,9783
AAAGGGCAGCTTGAAT-1,1,24,26,16525,9542
CACACAGGGATAGATT-1,1,25,27,16386,9783
AGAGCGTACAAGCTCG-1,1,24,28,16247,9541
TCTTACGGCATCCGAC-1,1,25,29,16109,9782
GCCTATTCCGATATAG-1,1,24,30,15970,9541
GAAAGTGACTAACTGC-1,1,25,31,15832,9782
CCGGAATGGTTTCAGT-1,1,24,32,15693,9541
AGTATAATACTAGGCA-1,1,25,33,15554,9782
TAACTATCGAAGGTCC-1,1,24,34,15416,9541
ATGAGGAGTGTTAATC-1,1,25,35,15277,9782
TGTGTCGCGAGTTGCA-1,1,24,36,15139,9540
ATCCAACGCAGTCATA-1,1,25,37,15000,9781
AAGGCGCGTAAAGCTT-1,1,24,38,14862,9540
AGTCGGCCCAAACGAC-1,1,25,39,14723,9781
AACGTCAGACTAGTGG-1,1,24,40,14585,9540
ACTACCAGCTCTCTGG-1,1,25,41,14446,9781
GCAAGTGCACAGAGAA-1,1,24,42,14308,9540
ACACCTTAAGTAGGGC-1,1,25,43,14169,9781
TTCGACGGGAAGGGCG-1,1,24,44,14031,9539
TTCGCACTCGCGTGCT-1,1,25,45,13892,9780
TATTTGTTACCCTTTA-1,1,24,46,13754,9539
CGCTGTGACGCCGCAC-1,1,25,47,13615,9780
GTTGCACGGAGTTTCG-1,1,24,48,13476,9539
GTTTCCTGGAGGGTGA-1,1,25,49,13338,9780
ACACCCAGCATGCAGC-1,1,24,50,13199,9539
TCAACCATGTTCGGGC-1,1,25,51,13061,9780
TTACAACTACGCATCC-1,1,24,52,12922,9538
TCCGATGGTGCGACAT-1,1,25,53,12784,9779
GGGCGTACATTTATAT-1,1,24,54,12645,9538
AGCGACCAACGATATT-1,1,25,55,12506,9779
ACACAAAGACGGGTGG-1,1,24,56,12368,9538
ATCGCACGCCGGGAGA-1,1,25,57,12229,9779
GCTCTAAACCCTGACG-1,1,24,58,12091,9538
AATGCAACCGGGTACC-1,1,25,59,11952,9779
TCAAACAACCGCGTCG-1,1,24,60,11814,9537
TATGCTCCCTACTTAC-1,1,25,61,11675,9778
AAAGGGATGTAGCAAG-1,1,24,62,11537,9537
ACGATCATACATAGAG-1,1,25,63,11398,9778
TTGTTCAGTGTGCTAC-1,1,24,64,11260,9537
ATGCATGATCCAGGAT-1,1,25,65,11121,9778
AGTCTTCTCCTCAAAT-1,1,24,66,10983,9537
GATTCCCTTGTCGCAG-1,1,25,67,10844,9778
CTCGCACCTATATAGT-1,1,24,68,10705,9536
ACTCAATAAAGGCACG-1,1,25,69,10567,9777
AACCGAGCTTGGTCAT-1,1,24,70,10428,9536
TAAGGCAACATAAGAT-1,1,25,71,10290,9777
CACGCACAGCGCAGCT-1,1,24,72,10151,9536
GGTTTACAATCTCAAT-1,1,25,73,10013,9777
TGCAGGATCGGCAAAG-1,1,24,74,9874,9536
ATAACGGAGTCCAACG-1,1,25,75,9735,9777
AACGATATGTCAACTG-1,1,24,76,9597,9535
GACAACGACCATTGAA-1,1,25,77,9458,9776
TTGACCATGTTCTCCG-1,1,24,78,9320,9535
AGTACGGGCACCTGGC-1,1,25,79,9181,9776
CGCCATCCGATTATGA-1,1,24,80,9043,9535
AAGGTATCCTAATATA-1,1,25,81,8904,9776
TGTTGTCAAGAAGTCT-1,1,24,82,8766,9535
CAGTGAATAAATGACT-1,1,25,83,8627,9776
CACCTTGCGAAACTCG-1,1,24,84,8489,9534
CATTTAGCGGACCATG-1,1,25,85,8350,9775
CCAGTCTAGACGGCGC-1,1,24,86,8212,9534
TCGCTTTAAACGTTTG-1,1,25,87,8073,9775
GTGAAACGGCGCCACC-1,1,24,88,7935,9534
GGGCTCATCGAACCCA-1,1,25,89,7796,9775
TTGATGTGTAGTCCCG-1,1,24,90,7657,9534
CAGTAGCCCACGCGGT-1,1,25,91,7519,9775
AGCGCGGGTGCCAATG-1,1,24,92,7380,9534
TAATCGATCCGTACGT-1,1,25,93,7242,9774
AGTGGCGGCAATTTGA-1,1,24,94,7103,9533
CCTTTCAATGAAGAAA-1,1,25,95,6964,9774
CTCAGTCACGACAAAT-1,1,24,96,6826,9533
ATAGGCTAGCTTCGCA-1,1,25,97,6687,9774
CGGTTCAAGTAGGTGT-1,1,24,98,6549,9533
CAGTCGAGGATGCAAT-1,1,25,99,6410,9774
TATCACCCAACCGACC-1,1,24,100,6272,9533
AATGATGCGACTCCTG-1,1,25,101,6133,9773
TGGAACCACTGACACA-1,1,24,102,5995,9532
GCCAATAGGGCATCTC-1,1,25,103,5856,9773
TTCTTTGGTCGCGACG-1,1,24,104,5718,9532
ATTAGATTCCTCAGCA-1,1,25,105,5579,9773
CCGTGGAACGATCCAA-1,1,24,106,5441,9532
GGGTCGTGGCAAGTGT-1,1,25,107,5302,9773
TCGCTCGGCACCAGCG-1,1,24,108,5164,9532
ACGCAATCACTACAGC-1,1,25,109,5025,9773
CTCTAATGCATTGATC-1,1,24,110,4886,9531
GTCTCGACTAAGTTTG-1,1,25,111,4748,9772
TGGTTTAAACGTGGGT-1,1,24,112,4609,9531
CGCAGATCTTCACCCG-1,1,25,113,4471,9772
TCCAGATGTACGCCAA-1,1,24,114,4332,9531
CATTGCGGGTCAATTC-1,1,25,115,4194,9772
GACGTTCGTAAATACA-1,1,24,116,4055,9531
TACACCGTCGTTAGTC-1,1,25,117,3916,9772
ACGGGCGTATGCGACA-1,1,24,118,3778,9530
GAAGGCTACCATTGTT-1,1,25,119,3639,9771
TAAATCTTTACACCTC-1,1,24,120,3501,9530
AGTTTATGTAAAGACA-1,1,25,121,3362,9771
AGGAGACATCCACAGT-1,1,24,122,3224,9530
CAACCTGAACCTGCCA-1,1,25,123,3085,9771
AGTCCCTCGCAGAAAG-1,1,24,124,2947,9530
TGTATACGGATGATGA-1,1,25,125,2808,9771
TTGTGGTATAGGTATG-1,1,24,126,2670,9529
TCTGCACCATTAGTAA-1,1,25,127,2531,9770
AAATGTATCTTATCCC-1,1,26,0,20126,10027
ACTCTAAACCTGGGAT-1,1,27,1,19988,10268
GCTGGCAGGTGCCGTG-1,1,26,2,19849,10027
CTCATTCGTGAACATC-1,1,27,3,19710,10268
TCGCCGGATGGGCAAG-1,1,26,4,19572,10026
GGACTAAGTCAGGAGT-1,1,27,5,19433,10267
TATCAAAGGTCTGTAA-1,1,26,6,19295,10026
TTCAGTTTGTGGCAGC-1,1,27,7,19156,10267
TGTTCATAAATGTGCT-1,1,26,8,19018,10026
CTTAGCCCGGATAGTG-1,1,27,9,18879,10267
GATGCGAATGGTATTA-1,1,26,10,18741,10026
TCTAACTGTATGTAAA-1,1,27,11,18602,10267
TTAAACCTGGTTCCTT-1,1,26,12,18464,10025
GCTAAGTAAAGGCGAT-1,1,27,13,18325,10266
AGTTACCGCACATGGT-1,1,26,14,18187,10025
GACTGCGGCACGTGTA-1,1,27,15,18048,10266
TGGTGATCGTATTTGT-1,1,26,16,17910,10025
TTATCGCCTGCGAAGC-1,1,27,17,17771,10266
TGGAATTAGACGCTTT-1,0,26,18,17632,10025
TCGTCACACTGTTAGC-1,0,27,19,17494,10266
TTATGTTTGCGATAGA-1,1,26,20,17355,10024
GGTGCTGATCACAAAG-1,1,27,21,17217,10265
CATAGCCGCCCGGGAT-1,1,26,22,17078,10024
GGTTAGTTACGGCGCC-1,1,27,23,16940,10265
ATTCCCACATAAACAA-1,1,26,24,16801,10024
ATTCAGTAGCAGGGTC-1,1,27,25,16662,10265
CAGTTCCGCGGGTCGA-1,1,26,26,16524,10024
AAGAGATGAATCGGTA-1,1,27,27,16385,10265
CGCAATTCTACAATAA-1,1,26,28,16247,10023
TAACGCTTTGAGAGCG-1,1,27,29,16108,10264
AGGCTATGGTTAGCTT-1,1,26,30,15970,10023
GAGGAATGGAGAGGTT-1,1,27,31,15831,10264
TCCTCTACGAGATGGC-1,1,26,32,15693,10023
TTGATTATGCAGATGA-1,1,27,33,15554,10264
TCAGTACTGACCCGCG-1,1,26,34,15416,10023
TTATGACAAACTGGAT-1,1,27,35,15277,10264
GTAAGTAGGGTATACC-1,1,26,36,15139,10022
CGCAAACACGAGTTAC-1,1,27,37,15000,10263
TGGCCGTATATTGACC-1,1,26,38,14862,10022
ACTGTAGCACTTTGGA-1,1,27,39,14723,10263
GCTCTATGTTACGTGC-1,1,26,40,14584,10022
TGCGCGATTAACGGAG-1,1,27,41,14446,10263
GAATCGACATGGTCAC-1,1,26,42,14307,10022
GACTAAGTAGGCTCAC-1,1,27,43,14169,10263
ATCTTGACCTGCAACG-1,1,26,44,14030,10022
ATGCACTACCGCATTG-1,1,27,45,13891,10262
CAGATACTAACATAGT-1,1,26,46,13753,10021
GATCGACACTATCTGA-1,1,27,47,13614,10262
ATAGAGTACTGGGACA-1,1,26,48,13476,10021
CCTACTGCTTACACTT-1,1,27,49,13337,10262
CCTGCTATTTGAGAAG-1,1,26,50,13199,10021
CGCGTTCATGAAATAC-1,1,27,51,13060,10262
CATTATGCTTGTTGTG-1,1,26,52,12922,10021
CCAGGGACGTGGCCTC-1,1,27,53,12783,10261
TATGGATGTGCTACGC-1,1,26,54,12645,10020
GTACTAAGATTTGGAG-1,1,27,55,12506,10261
AGACCCGCCCTCCTCG-1,1,26,56,12368,10020
CGCATTAGCTAATAGG-1,1,27,57,12229,10261
GCTCTCGGGTACCGAA-1,1,26,58,12091,10020
CACCGCCAGAAGGTTT-1,1,27,59,11952,10261
TCCCAAAGACGAAGGA-1,1,26,60,11813,10020
ATGGATTGACCAAACG-1,1,27,61,11675,10261
GTCATGGACATGACTA-1,1,26,62,11536,10019
CTACTGCCACCTGACC-1,1,27,63,11398,10260
TTATATTTGGCAATCC-1,1,26,64,11259,10019
AGCACCAGTACTCACG-1,1,27,65,11120,10260
CATGGTCTAGATACCG-1,1,26,66,10982,10019
TCTACCGTCCACAAGC-1,1,27,67,10843,10260
CTAGTTGGGCCCGGTA-1,1,26,68,10705,10019
TCCCGCGTACTCCTGG-1,1,27,69,10566,10260
CAGAGCATGAGCTTGC-1,1,26,70,10428,10018
ACACGGGAACTTAGGG-1,1,27,71,10289,10259
GGCTCTGCTCCAACGC-1,1,26,72,10151,10018
AGAACGTGGTACATTC-1,1,27,73,10012,10259
CAATAAACCTTGGCCC-1,1,26,74,9874,10018
ACTTCGCCATACGCAC-1,1,27,75,9735,10259
ATCTGGTTAAGACTGT-1,1,26,76,9597,10018
TCGTAAGACGACATTG-1,1,27,77,9458,10259
GTGTACCTTGGCTACG-1,1,26,78,9320,10017
GCCCGTAATACCTTCT-1,1,27,79,9181,10258
CGGTCAAGTGGGAACC-1,1,26,80,9042,10017
TTGTAAGGCCAGTTGG-1,1,27,81,8904,10258
GGAGCACCAAGAACTA-1,1,26,82,8765,10017
TAATAGTGACGACCAG-1,1,27,83,8627,10258
CTAAATCCTATTCCGG-1,1,26,84,8488,10017
CGAGTTCTGTCCCACC-1,1,27,85,8350,10258
AGGCAGATGCGTAAAC-1,1,26,86,8211,10016
AAGGATGAGGGACCTC-1,1,27,87,8072,10257
AGAGAACCGTCTAGGA-1,1,26,88,7934,10016
GAGGGCGCAGCTCTGC-1,1,27,89,7795,10257
AAGATTGGCGGAACGT-1,1,26,90,7657,10016
CCAGTAGTCTGATCCA-1,1,27,91,7518,10257
AAGGGACAGATTCTGT-1,1,26,92,7380,10016
ATAGAGTTATCAACTT-1,1,27,93,7241,10257
AAATTACCTATCGATG-1,1,26,94,7103,10015
GATCCTAAATCGGGAC-1,1,27,95,6964,10256
TTACAGACCTAAATGA-1,1,26,96,6826,10015
CCTCACCTTAGCATCG-1,1,27,97,6687,10256
CATGCGACCAGTTTAA-1,1,26,98,6549,10015
AACATATCAACTGGTG-1,1,27,99,6410,10256
CTATAAGAGCCAATCG-1,1,26,100,6272,10015
AATATCGAGGGTTCTC-1,1,27,101,6133,10256
GTACTCCTGGGTATGC-1,1,26,102,5994,10014
ATAAGTAGGATTCAGA-1,1,27,103,5856,10255
AGGTCGCGGAGTTACT-1,1,26,104,5717,10014
CTAATTCTCAGATATT-1,1,27,105,5579,10255
GCCAACCATTTCCGGA-1,1,26,106,5440,10014
TGATCCCAGCATTAGT-1,1,27,107,5301,10255
CGTTGTAAGATTGATT-1,1,26,108,5163,10014
GAAACCATGGTGCGCT-1,1,27,109,5024,10255
AATCTATGCCGGAGCC-1,1,26,110,4886,10013
GACTCCCAGAATAAGG-1,1,27,111,4747,10254
TATGATCCGGCACGCC-1,1,26,112,4609,10013
CCGCTTGCTGACATGG-1,1,27,113,4470,10254
TGGTTAAGGGCGCTGG-1,1,26,114,4332,10013
TTGATAGTCAATACAT-1,1,27,115,4193,10254
GGTTTAATTGAGCAGG-1,1,26,116,4055,10013
CATTACATAGATTGTG-1,1,27,117,3916,10254
GGTACACCAGATTTAT-1,1,26,118,3778,10012
GGCCCGTATACCATGC-1,1,27,119,3639,10253
ATCTTTCGTATAACCA-1,1,26,120,3501,10012
GAGATGACAATCCTTA-1,1,27,121,3362,10253
AAAGCTTGCCTACATA-1,1,26,122,3223,10012
GAACGATAAGTTAAAG-1,1,27,123,3085,10253
TAATAGCTAAATGATG-1,1,26,124,2946,10012
TATGGCTAGGCTAATT-1,1,27,125,2808,10253
AGGAGAGTCTGGCTAC-1,1,26,126,2669,10012
TGCTCTGCCGGTTCAC-1,1,27,127,2531,10252
CCAATAGATTTCATCT-1,1,28,0,20126,10509
GGGCACGAATTGGCCG-1,1,29,1,19987,10750
TCGTTGACAGGGTCCC-1,1,28,2,19849,10509
ATCGTATTCCGAGAAC-1,1,29,3,19710,10750
GGGAATTCTGTCCAGT-1,1,28,4,19572,10509
ACGCGTTTCTTAAGAG-1,1,29,5,19433,10749
GAGAGCGCAGTCCCTG-1,1,28,6,19295,10508
GTCCTATTGTTGTGGT-1,1,29,7,19156,10749
CATCTGCAGGATCATT-1,1,28,8,19018,10508
GAGTCGACAGACCCTC-1,1,29,9,18879,10749
AAGTGCAAAGGTAGAC-1,1,28,10,18740,10508
AGGGTGGATAGTGCAT-1,1,29,11,18602,10749
TGATAGCGGGATTCTA-1,1,28,12,18463,10508
GTCAGTTTGGTAGTCG-1,1,29,13,18325,10749
GCATTCGAAATGAACA-1,1,28,14,18186,10507
AAAGACTGGGCGCTTT-1,1,29,15,18047,10748
TAACAATATTTGTTGC-1,1,28,16,17909,10507
CCAGCTTCCGCCCGCA-1,0,29,17,17770,10748
GATATGGATTACGCGG-1,0,28,18,17632,10507
AGAGCAGTTATGAGAC-1,1,29,19,17493,10748
TCACATCTTATCTGAT-1,1,28,20,17355,10507
TATGAAGACAGGTGCG-1,1,29,21,17216,10748
TACCTGCTGCACTGTG-1,1,28,22,17078,10506
TAGGTCCAAGTAAGGA-1,1,29,23,16939,10747
GAAACTCGTGCGATGC-1,1,28,24,16801,10506
AACAATTACTCTACGC-1,1,29,25,16662,10747
CCGCACGTGACCTCGG-1,1,28,26,16524,10506
AACTTGCCCGTATGCA-1,1,29,27,16385,10747
GGGTATGTATGCACTT-1,1,28,28,16247,10506
TTCGTACTCCAGAACG-1,1,29,29,16108,10747
GAATTTCTCGCTGCAG-1,1,28,30,15969,10505
AACAGGATGGGCCGCG-1,1,29,31,15831,10746
GACGTGTAGGGATTAT-1,1,28,32,15692,10505
TAGGTGAGCCCTACTC-1,1,29,33,15554,10746
CTAATTCGCACGCGCT-1,1,28,34,15415,10505
GAAGCTTGCTGACCGC-1,1,29,35,15277,10746
GGTTAGGCTTGGAGAA-1,1,28,36,15138,10505
ACAAGGACAAGAGGTT-1,1,29,37,14999,10746
AGGCCACCCGTTATGA-1,1,28,38,14861,10504
GTGGGCTTAGACACAC-1,1,29,39,14722,10745
CGTGTCCCATTCGCGA-1,1,28,40,14584,10504
TGGAGTGATGCGATGA-1,1,29,41,14445,10745
AACAACTGGTAGTTGC-1,1,28,42,14307,10504
CCTGGCTAGACCCGCC-1,1,29,43,14168,10745
CGCAATTAGGGTAATA-1,1,28,44,14030,10504
TCGAAATTTAGGACCA-1,1,29,45,13891,10745
AGACTAGCCTTCCAGA-1,1,28,46,13753,10503
TTGATCTAACTTTGTC-1,1,29,47,13614,10744
AAGGAGCGGTTGGTGC-1,1,28,48,13476,10503
ACTTGGGACCCGGTGG-1,1,29,49,13337,10744
TGATCTCCGGCGCCAG-1,1,28,50,13199,10503
CAGTTCAAATTGACAC-1,1,29,51,13060,10744
GTCCGGCTGAATTGCG-1,1,28,52,12921,10503
CTGGAAATGGATGCTT-1,1,29,53,12783,10744
TGATCGGTTTGACCCT-1,1,28,54,12644,10502
TAGAGTCTAAGCGAAC-1,1,29,55,12506,10743
GAGACTGATGGGTAGA-1,1,28,56,12367,10502
TAGCTAAGTCCGGGAG-1,1,29,57,12228,10743
GGGCGATATGTGTGAA-1,1,28,58,12090,10502
CTCGAGGTCGAACAGT-1,1,29,59,11951,10743
GATCCCTTTATACTGC-1,1,28,60,11813,10502
GTCATGCACCTCCGTT-1,1,29,61,11674,10743
ACTTTCCTATAGCTTC-1,1,28,62,11536,10501
TCGCTCGATATATTCC-1,1,29,63,11397,10742
ATAGGTTGGGCAGATG-1,1,28,64,11259,10501
CAATTAAGGGTGATGA-1,1,29,65,11120,10742
ACCGACTGAGTCCCAC-1,1,28,66,10982,10501
CCTGTCACCCGGGCTC-1,1,29,67,10843,10742
GATCGGTGGCCATAAC-1,1,28,68,10705,10501
CCTATGGGTTACCGTC-1,1,29,69,10566,10742
TTGGGACACTGCCCGC-1,1,28,70,10428,10500
CGAGGCTAAATATGGC-1,1,29,71,10289,10741
TCAGGGTGTAACGTAA-1,1,28,72,10150,10500
CGAGAGATGTGAACCT-1,1,29,73,10012,10741
TCGCTGGGCGGATTGT-1,1,28,74,9873,10500
AGATCTCAGGTGTGAT-1,1,29,75,9735,10741
TGGCCAAACTGAAGTA-1,1,28,76,9596,10500
GCTTCCGTCCCTAGAC-1,1,29,77,9457,10741
CAGCAGCCCGTTCCTT-1,1,28,78,9319,10500
TGTATAACAGATCCTG-1,1,29,79,9180,10740
CGCGGGAATTAGGCAG-1,1,28,80,9042,10499
TGCATGTGGTAATCTA-1,1,29,81,8903,10740
ACAATTTGAGCAGTGG-1,1,28,82,8765,10499
GAGCTAAGGGCATATC-1,1,29,83,8626,10740
CCAGATAGTTGAGTGA-1,1,28,84,8488,10499
CCACAATGTACGTCTT-1,1,29,85,8349,10740
CAATGGATCTCTACCA-1,1,28,86,8211,10499
TGTGGCAAAGCGTATG-1,1,29,87,8072,10739
TAAAGCGTTAGGAGAA-1,1,28,88,7934,10498
TCCGTTTAGCCTTGAA-1,1,29,89,7795,10739
CAGCTCGACAAGTTAA-1,1,28,90,7657,10498
GCCTATAGTGTCAGGG-1,1,29,91,7518,10739
ATAGACAACGGGACCT-1,1,28,92,7379,10498
CTACTATCTTTCAGAG-1,1,29,93,7241,10739
GCGCTGCTTTGCATTT-1,1,28,94,7102,10498
GCGCATCCAGTCAGCA-1,1,29,95,6964,10739
GACTCGCGGGAATGAC-1,1,28,96,6825,10497
CTGGTAACGAGCTCTT-1,1,29,97,6687,10738
TCCGGCCTAGCGTACA-1,1,28,98,6548,10497
TCTAGGTGGCGACGCT-1,1,29,99,6409,10738
ACGCTAGTGATACACT-1,1,28,100,6271,10497
ATCTGCACCTCTGCGA-1,1,29,101,6132,10738
CCTCACCTGAGGGAGC-1,1,28,102,5994,10497
AGTGAGCCTCGCCGCC-1,1,29,103,5855,10738
ACGAGTACGGATGCCC-1,1,28,104,5717,10496
GGTACCATTAAGACGG-1,1,29,105,5578,10737
TTCTGCTAGACTCCAA-1,1,28,106,5440,10496
TAACTATTACGCCAAA-1,1,29,107,5301,10737
GCATTCAAGGCAACGC-1,1,28,108,5163,10496
AGTACATCATTTATCA-1,1,29,109,5024,10737
GTCGTGTCTGGTCATC-1,1,28,110,4886,10496
AGTCTAAAGTATACTC-1,1,29,111,4747,10737
CGGCCCAACCTGTAGT-1,1,28,112,4609,10495
AGGGAGACATACTTCG-1,1,29,113,4470,10736
TCCCTAGATCAATAGG-1,1,28,114,4331,10495
TCCCGTCGCGTCATAG-1,1,29,115,4193,10736
CGCATCCATCAGCCAG-1,1,28,116,4054,10495
CTGCACCTAGTCCACA-1,1,29,117,3916,10736
CGAGGATCGGGAACGA-1,1,28,118,3777,10495
CAATGAGGTTCGACTA-1,1,29,119,3638,10736
TCTGACGGGCTAACCC-1,1,28,120,3500,10494
TTCTATGCCTTTCGCA-1,1,29,121,3361,10735
AGAGTATAGTGTTACG-1,1,28,122,3223,10494
CCATTGTTTCCTCCAT-1,1,29,123,3084,10735
CTCATCACTTAGTGAT-1,1,28,124,2946,10494
CCGAAGGGCGTACCGC-1,1,29,125,2807,10735
TCAAGCTGCCTTGAAA-1,1,28,126,2669,10494
CTCATTAACGTTGCCC-1,1,29,127,2530,10735
GTCTTCCTCACCTAAG-1,1,30,0,20126,10991
GGTGATGAAGGAAGTG-1,1,31,1,19987,11232
TCAATACAATTGCTGC-1,1,30,2,19848,10991
GCAACCCAAGTTGTTT-1,1,31,3,19710,11232
ATGAAGTGGACCCAGC-1,1,30,4,19571,10991
GAGAATCTCACGATCA-1,1,31,5,19433,11232
TATATCATTGATCAGT-1,1,30,6,19294,10990
AACTTTACGGGAGCTT-1,1,31,7,19155,11231
TTCTTGTGTCCATCAG-1,1,30,8,19017,10990
ACAATTTAGGAGGCTC-1,1,31,9,18878,11231
ATACTTGTTCTCGAGC-1,1,30,10,18740,10990
CACGGGATTGAGGGTT-1,1,31,11,18601,11231
GTTAATGTCTATCTTA-1,1,30,12,18463,10990
GCGTTATATTTGGAAC-1,1,31,13,18324,11231
CGTCAAGGCTATAAAT-1,1,30,14,18186,10989
TTAGCTCTGTAATCCG-1,0,31,15,18047,11230
AATGGTCCACCGTTCA-1,0,30,16,17909,10989
GTCATTGCATTGACCC-1,0,31,17,17770,11230
TGTCCGTGGCGCCTTT-1,0,30,18,17632,10989
TCAACTAACGTATAAC-1,1,31,19,17493,11230
TCCTCTCCAGTTGTCC-1,1,30,20,17355,10989
TGTGTTCGTATCCAAG-1,1,31,21,17216,11230
CCGCGTAGGTAAGGGC-1,1,30,22,17077,10988
CTGCGGGTGAAATGTT-1,1,31,23,16939,11229
TATCTACAGAGGTAAT-1,1,30,24,16800,10988
CTACTCTAGGCCCGGC-1,1,31,25,16662,11229
ACAAGCAGTGCCTAGC-1,1,30,26,16523,10988
TACAAGTCTCGTGCAT-1,1,31,27,16384,11229
TCGGAATGCGCTCTGA-1,1,30,28,16246,10988
TCGCGTCCAGAAGGTC-1,1,31,29,16107,11229
TATGGCCCGGCCTCGC-1,1,30,30,15969,10988
GCTGGCATATTCACCT-1,1,31,31,15830,11228
GTCAGAATAGTCTATG-1,1,30,32,15692,10987
GGCGTCCTATCCGCTG-1,1,31,33,15553,11228
CGGAGTTTGAGAGACA-1,1,30,34,15415,10987
AGCACTTAAGGACGCC-1,1,31,35,15276,11228
TCCACAATGGTTTACG-1,1,30,36,15138,10987
CCAACGATGCACTGAT-1,1,31,37,14999,11228
ATTTACAGTTTACTGG-1,1,30,38,14861,10987
CCCTGAAATGAGTTGA-1,1,31,39,14722,11227
CAAACGGTCGCACTTT-1,1,30,40,14584,10986
TGATTCGTCTATCACT-1,1,31,41,14445,11227
TCAGGTTCTTTGAGAA-1,1,30,42,14306,10986
CACGCAGCGAGGCTTT-1,1,31,43,14168,11227
TTAAGCGCCTGACCCA-1,1,30,44,14029,10986
CTTACACGGTATTCCA-1,1,31,45,13891,11227
AAGGCTGTGCTCATCG-1,1,30,46,13752,10986
GACCAGAGCCCTGTAG-1,1,31,47,13614,11227
TCCCAGGCTTAGCTAA-1,1,30,48,13475,10985
ATTGAAGATCTTAGTG-1,1,31,49,13336,11226
AGTTCCTACAGAATTA-1,1,30,50,13198,10985
GGGCTGGTTAGTCGCG-1,1,31,51,13059,11226
GAAATGGCGGTGTTAG-1,1,30,52,12921,10985
TACGAACACGACTTCA-1,1,31,53,12782,11226
ACCACAAGTTTCTATC-1,1,30,54,12644,10985
ATATTTAACCCTCAAG-1,1,31,55,12505,11226
GATCATTCCAAACATT-1,1,30,56,12367,10984
TCCAGGCGAGTACGGT-1,1,31,57,12228,11225
GTTTGACCAAATCCTA-1,1,30,58,12090,10984
CACAGCACCCACGGCA-1,1,31,59,11951,11225
TGCAAGAATGACGTAA-1,1,30,60,11813,10984
GCGAAGCCATACCCGT-1,1,31,61,11674,11225
TCCTTTCTTACGCTTA-1,1,30,62,11536,10984
GCTGCTCTCCGGACAC-1,1,31,63,11397,11225
ACTGTCTTCTTTAGAA-1,1,30,64,11258,10983
TCAAACTTAGATTGTT-1,1,31,65,11120,11224
CTATGTCACTAGCCCA-1,1,30,66,10981,10983
TGCGCAAAGCATTTGG-1,1,31,67,10843,11224
TTAATGTAGACCAGGT-1,1,30,68,10704,10983
GGCGGTAGGATCATTG-1,1,31,69,10565,11224
GGCAATAGTCAATGAG-1,1,30,70,10427,10983
ACACGAGACTCCTTCT-1,1,31,71,10288,11224
GACACAAGGGAAGAAA-1,1,30,72,10150,10982
TCAGCAAATGCATCTC-1,1,31,73,10011,11223
GAGATCTGTCACTCCG-1,1,30,74,9873,10982
ATGCCGGTCTTGCATA-1,1,31,75,9734,11223
TTGGGCGGCGGTTGCC-1,1,30,76,9596,10982
TTGTTGTGTGTCAAGA-1,1,31,77,9457,11223
ACTGTACGATACACAT-1,1,30,78,9319,10982
TCCACTTTATCTAGGT-1,1,31,79,9180,11223
GGTCTGAGAATCTGGA-1,1,30,80,9042,10981
TAGAAAGGTGGCGCTA-1,1,31,81,8903,11222
TATGTCTCATTGTGCC-1,1,30,82,8765,10981
GGATTTCACTTCTATA-1,1,31,83,8626,11222
TGAGTGGTCCGTGACG-1,1,30,84,8487,10981
CGCTTTCTTGCATTCG-1,1,31,85,8349,11222
ACCCAACGCCCGTGGC-1,1,30,86,8210,10981
GAACGTCTCATGGTCG-1,1,31,87,8072,11222
AGGGTTCCCTTTGGTT-1,1,30,88,7933,10980
GTAGCTTCCTCTTGTT-1,1,31,89,7794,11221
GCATGAGGGACGCGGC-1,1,30,90,7656,10980
CTACCCTAAGGTCATA-1,1,31,91,7517,11221
TCACCGCTCGGCACTC-1,1,30,92,7379,10980
GGCTCGCGTTGAGGTA-1,1,31,93,7240,11221
CTAACGAAACTTGCTG-1,1,30,94,7102,10980
TTAAACTCGAATTCAT-1,1,31,95,6963,11221
TACTTTACTGAGCCGG-1,1,30,96,6825,10979
GCTTGGATCGATTAGG-1,1,31,97,6686,11220
CGGTTATCCAACAGTG-1,1,30,98,6548,10979
CAGACCTGTAAGTGTT-1,1,31,99,6409,11220
GACGGTCAATAGAAGC-1,1,30,100,6271,10979
CTGACTGCGCAGCTCG-1,1,31,101,6132,11220
CCATACCTTTACTTGT-1,1,30,102,5994,10979
GTAATAAAGGGCTCCC-1,1,31,103,5855,11220
GTGAACTCCCATTCGA-1,1,30,104,5716,10978
GTGGTTACTTCTTTCG-1,1,31,105,5578,11219
TCAGAACCTCCACAGG-1,1,30,106,5439,10978
TCCCACTCTCTTCCGG-1,1,31,107,5301,11219
ATCTTGACTTGTCCAA-1,1,30,108,5162,10978
TCGGGAACGTGCCTAG-1,1,31,109,5024,11219
GTTAGCCGTAAATCAA-1,1,30,110,4885,10978
ATTTACTAAGTCCATT-1,1,31,111,4746,11219
GGGTGCATATGAAAGC-1,1,30,112,4608,10978
TCCGAATGGTCCTGAG-1,1,31,113,4469,11218
TGATGGCTGTTTCTGA-1,1,30,114,4331,10977
AAATAAGGTAGTGCCC-1,1,31,115,4192,11218
CCACTATCCGGGTCAC-1,1,30,116,4054,10977
ACACCACATAATTAGC-1,1,31,117,3915,11218
CGCGGTAAGTCTAGCT-1,1,30,118,3777,10977
GCGGGCATTACGATGC-1,1,31,119,3638,11218
AGGATTGCTTACGACA-1,1,30,120,3500,10977
CTCGGGATAACACCTA-1,1,31,121,3361,11218
GTCGTCTGGTTGGCTA-1,1,30,122,3223,10976
GCAATTAGTCGCACCG-1,1,31,123,3084,11217
GTGACCTAAAGAATAA-1,1,30,124,2946,10976
CTGAGCGAGACTTATT-1,1,31,125,2807,11217
CAAGACTCAGAAGCGC-1,1,30,126,2668,10976
ACTTCGCTAGCGAGTG-1,1,31,127,2530,11217
CCATACTCGCCTCTCC-1,1,32,0,20125,11473
ACGATACCTATCCTGA-1,1,33,1,19986,11714
CTCACCAGTACAAGTG-1,1,32,2,19848,11473
CGAAGACGGTGAGTGC-1,1,33,3,19709,11714
AAATTAATAAGCGCGA-1,1,32,4,19571,11473
GGGCCCTTATCTATAC-1,1,33,5,19432,11714
CTGCCCACGAAGCGTT-1,1,32,6,19294,11473
GGACAAGTTGCAGTGA-1,1,33,7,19155,11714
GTCCGAGAGCAATCAT-1,1,32,8,19017,11472
ATGGCAGCCGAGAAAC-1,1,33,9,18878,11713
CCTCGGATGCTACCTG-1,1,32,10,18740,11472
ATACGGTGAAGATGCA-1,0,33,11,18601,11713
ACATCAGCTGGGACGC-1,0,32,12,18462,11472
GGTTGTGTAGCCTGGC-1,0,33,13,18324,11713
CCTGCGTTCTACGCTT-1,0,32,14,18185,11472
GAACGTTAGGAAGACG-1,0,33,15,18047,11713
CTGATAGTGTATCTCA-1,0,32,16,17908,11471
TTCTGCGAGCGCCCTT-1,1,33,17,17770,11712
CTTTGGCGCTTTATAC-1,1,32,18,17631,11471
TCCGAACTTGGCTTAC-1,1,33,19,17492,11712
TAGATTCCTGGTTATT-1,1,32,20,17354,11471
CCGACAAAGGGAGTGC-1,1,33,21,17215,11712
CCATGGCCCTTGTACC-1,1,32,22,17077,11471
GAAATATCACCATCAG-1,1,33,23,16938,11712
ACGAAATGGGCGGCAC-1,1,32,24,16800,11470
GTGAGCGTGCTGCACT-1,1,33,25,16661,11711
CCGCGGGTACGAAGAA-1,1,32,26,16523,11470
TCCCTGGCTCGCTGGA-1,1,33,27,16384,11711
CAGCTTAGTAGGTAGC-1,1,32,28,16246,11470
CACGAAAGTTAGTCCC-1,1,33,29,16107,11711
ACCTAATCGACTTCCT-1,1,32,30,15969,11470
AAGTAGTGACGCGAGG-1,1,33,31,15830,11711
TCCGATTACATTGCCG-1,1,32,32,15692,11469
CCTCCGACAATTCAAG-1,1,33,33,15553,11710
GTTCACAGGAGTCTAG-1,1,32,34,15414,11469
CGAAGTTGCTCTGTGT-1,1,33,35,15276,11710
GTCGGATATCTCAGAC-1,1,32,36,15137,11469
CGCTCTCCGTAGATTA-1,1,33,37,14999,11710
CAAGCAACGTCGGAGT-1,1,32,38,14860,11469
CCATTCCCTGCCCACA-1,1,33,39,14721,11710
CTTTGGCTTTAGTAAA-1,1,32,40,14583,11468
GGCTATTAAGTTGTAT-1,1,33,41,14444,11709
CCATTAGCGATAATCC-1,1,32,42,14306,11468
TGTTCTTCCATTGACT-1,1,33,43,14167,11709
AGATAACTTCAGGGCC-1,1,32,44,14029,11468
ATAGACGAAGAGAAAG-1,1,33,45,13890,11709
GGCGGAGTAATATTAG-1,1,32,46,13752,11468
TGACCCACGTTAGACA-1,1,33,47,13613,11709
TCACAGGTTATTGGGC-1,1,32,48,13475,11467
TCACGCATTGTAGATC-1,1,33,49,13336,11708
TTGAAGAATTCCCAGG-1,1,32,50,13198,11467
AAATGGTCAATGTGCC-1,1,33,51,13059,11708
TAGTGCCCTCCAGAGT-1,1,32,52,12921,11467
GGTATTGCCGAGTTTA-1,1,33,53,12782,11708
CGTATTAAGAGATCTA-1,1,32,54,12643,11467
ACTGTCCAGGATTATA-1,1,33,55,12505,11708
CGGGCAGCTAAACCGC-1,1,32,56,12366,11466
TTGCTGATCATGTTCG-1,1,33,57,12228,11707
TATGGGTACGTATCGT-1,1,32,58,12089,11466
CAGCTCACTGAGACAT-1,1,33,59,11951,11707
GGGACTGCATAGATAG-1,1,32,60,11812,11466
ACGCATTCGTGAGTAC-1,1,33,61,11673,11707
CTCTGGACGCCTGGTG-1,1,32,62,11535,11466
AGGGTTTAGTTCGGGA-1,1,33,63,11396,11707
GGGAGAACTCACAGTA-1,1,32,64,11258,11466
ATCAATCTGGGCTGCA-1,1,33,65,11119,11706
TCTTCGATACCAATAA-1,1,32,66,10981,11465
ACGTAGATTGCTGATG-1,1,33,67,10842,11706
TCTTGATGCGTAGCGA-1,1,32,68,10704,11465
GGGCTGCCTAGGGCGA-1,1,33,69,10565,11706
CTCTCACAATCGATGA-1,1,32,70,10427,11465
CCAAGCGTAACTCGTA-1,1,33,71,10288,11706
ACAACAGCATGAGCTA-1,1,32,72,10150,11465
GTCCCAACGTAAAGTA-1,1,33,73,10011,11705
TCGGAGTACATGAGTA-1,1,32,74,9873,11464
GGGAGTTAATGAGGCG-1,1,33,75,9734,11705
CCGGGCGGTCTCGTCA-1,1,32,76,9595,11464
CCGTAAGTTGGTCCCA-1,1,33,77,9457,11705
GGAGGGCTTGGTTGGC-1,1,32,78,9318,11464
TCGGACGCCCAGCCCA-1,1,33,79,9180,11705
TCTGTGCCATCATAGT-1,1,32,80,9041,11464
GTACTGGAGTTAGACC-1,1,33,81,8902,11705
GGAATGCGCTAGCGTG-1,1,32,82,8764,11463
GTGTGAATAACTTAGG-1,1,33,83,8625,11704
GGTCGGCCAGGAGCTT-1,1,32,84,8487,11463
TAGCCGGCGGTCAGCG-1,1,33,85,8348,11704
CGGGTGTACCCATTTA-1,1,32,86,8210,11463
AGTGATTCAAGCAGGA-1,1,33,87,8071,11704
GTTGGATTGAGAACAC-1,1,32,88,7933,11463
CACACGCGCTGTCTTA-1,1,33,89,7794,11704
TAGACGCCCGTACCGG-1,1,32,90,7656,11462
GGTTTCAATCGGTCAG-1,1,33,91,7517,11703
AATCTGCGTTGGGACG-1,1,32,92,7379,11462
TTACGGATGGTTCGAG-1,1,33,93,7240,11703
CGGCAGGGTCGGGTTG-1,1,32,94,7102,11462
GCTTTCAGAGGAGGTG-1,1,33,95,6963,11703
TCTTCCCATGGGCACA-1,1,32,96,6824,11462
TACCGCGGACTTGCAG-1,1,33,97,6686,11703
AGAATTATGGATTCGA-1,1,32,98,6547,11461
ATTGATGAGTCCTAAC-1,1,33,99,6409,11702
TAGGTCGCCGGAACTG-1,1,32,100,6270,11461
TAACCTACCGTCCGAG-1,1,33,101,6131,11702
CTTAGTAGGCCTACAG-1,1,32,102,5993,11461
CTAGATGTGAGTGTAA-1,1,33,103,5854,11702
ACTCCCGAATTCGTTT-1,1,32,104,5716,11461
GTTCATCGTTTGGCTG-1,1,33,105,5577,11702
ACTTTACCCTCATGAA-1,1,32,106,5439,11460
GCGAGAGTTGCGTCCA-1,1,33,107,5300,11701
GTTCGGGCGTACCATT-1,1,32,108,5162,11460
CGACTTTGTATAGCCT-1,1,33,109,5023,11701
GCCATCGATGCTGCAT-1,1,32,110,4885,11460
GCATTTCCAAGGCTCC-1,1,33,111,4746,11701
ATGTAAGGCTGCTCTT-1,1,32,112,4608,11460
ACGTTCGCAATCAATT-1,1,33,113,4469,11701
GTGACGAGGGTGACCC-1,1,32,114,4331,11459
ATTATAGCTACTTTAC-1,1,33,115,4192,11700
CGTGTGTTAAACCCTG-1,1,32,116,4053,11459
TTGGTATGGCTTGTGT-1,1,33,117,3915,11700
CATTCCCATTCCGTCG-1,1,32,118,3776,11459
TGCCGAAAGCGTATTC-1,1,33,119,3638,11700
CAACACATCTCCTGCC-1,1,32,120,3499,11459
CTGCCTCATATGCAAC-1,1,33,121,3361,11700
TCCCGCCTATGTGCGT-1,1,32,122,3222,11458
GGTTACCCGACACTTT-1,1,33,123,3083,11699
CCAGCGGGATCACCAG-1,1,32,124,2945,11458
ATGTTTCGGCCCGGAG-1,1,33,125,2806,11699
GCGTCTAACCTCCTAA-1,1,32,126,2668,11458
ATCAGGTAGCTGACAG-1,1,33,127,2529,11699
GGTATGAAAGAACTGA-1,1,34,0,20125,11955
GTGGCCTAATATCATT-1,1,35,1,19986,12196
CCTGTGAAACCGTAAC-1,1,34,2,19848,11955
GGCAGAGAGATCGGGA-1,1,35,3,19709,12196
TAGCGTCGAATATTGA-1,1,34,4,19570,11955
CGCCGACTATTCGCTA-1,1,35,5,19432,12196
TCTGGCGCAAGCCGGG-1,1,34,6,19293,11955
AGTGGTTGCGTATAGG-1,1,35,7,19155,12196
ATCGGTTACCTAGTAA-1,1,34,8,19016,11954
CCTGCCCGTTGTCTAG-1,1,35,9,18878,12195
GCACACGCCCATGGTC-1,1,34,10,18739,11954
AGTACGGCCCGTATCG-1,1,35,11,18600,12195
TATCTAGCCTAAAGGA-1,0,34,12,18462,11954
CACTCGGTTAGGAGGA-1,0,35,13,18323,12195
ATGTTCGTCGACCCAC-1,0,34,14,18185,11954
TTCCTCTGCCCGAATA-1,0,35,15,18046,12195
TTACTATCGGCTTCTC-1,0,34,16,17908,11954
GCCGCATTAGTCCGGC-1,1,35,17,17769,12194
TAAGGGCTGGGAGAGG-1,1,34,18,17631,11953
TAAGCAGGCGACACGC-1,1,35,19,17492,12194
AGCACTACCGGCCTGT-1,1,34,20,17354,11953
GAAAGCCCTTTGGACC-1,1,35,21,17215,12194
GACCGACTGAAGCGTC-1,1,34,22,17077,11953
CGGTGAAGACTAAAGT-1,1,35,23,16938,12194
CCCTGCGCTACGCATA-1,1,34,24,16799,11953
TACTGGACAGCTCGGC-1,1,35,25,16661,12193
TTAGTAGGGCGGCGGG-1,1,34,26,16522,11952
GAGGCTATCAAAGTCG-1,1,35,27,16384,12193
TTACCATTGATTACCC-1,1,34,28,16245,11952
ATACCACGGGCAACTT-1,1,35,29,16107,12193
TGTCCTAAGTCACCGC-1,1,34,30,15968,11952
AGGTAGGTACAAAGCT-1,1,35,31,15829,12193
GGCATACAGGTAGCGG-1,1,34,32,15691,11952
TGTAGTGATCTATAAT-1,1,35,33,15552,12193
TCCCGGGTGTGCTGCT-1,1,34,34,15414,11951
TACGATGTTGATCATC-1,1,35,35,15275,12192
CCTCTCTCCCATCTAG-1,1,34,36,15137,11951
GCAGGACTATAGAATA-1,1,35,37,14998,12192
CTAGTGAAGGACAGGA-1,1,34,38,14860,11951
TACGAGAACTTCACGT-1,1,35,39,14721,12192
CGTTGTTTCAATTCCC-1,1,34,40,14583,11951
GCAAATATTACGCTTT-1,1,35,41,14444,12192
CCAATAGTGCCGTCGA-1,1,34,42,14306,11950
ATTGCTGCTCCTCCAT-1,1,35,43,14167,12191
GAGATCTGCTTGGCAT-1,1,34,44,14029,11950
GCCGAAATTCCTACGT-1,1,35,45,13890,12191
GGCACTCCACTGGGCA-1,1,34,46,13751,11950
GGGTCACCGTGACGGT-1,1,35,47,13613,12191
CACTTAATCAGACGGA-1,1,34,48,13474,11950
CGTTTCGCTCATTACA-1,1,35,49,13336,12191
ATAAAGGCTCGGTCGT-1,1,34,50,13197,11949
CACTAAAGTTGCCTAT-1,1,35,51,13058,12190
GTGCTCAAGTACTGTC-1,1,34,52,12920,11949
CCATGCCTGTTTAGTA-1,1,35,53,12781,12190
TCTAGTTATCAGAAGA-1,1,34,54,12643,11949
TTGTAATCCGTACTCG-1,1,35,55,12504,12190
TCCCAGCTTTAGTCTG-1,1,34,56,12366,11949
CTACGCACGGAGTACC-1,1,35,57,12227,12190
AAATTAACGGGTAGCT-1,1,34,58,12089,11948
CGGCCACGCACAAAGT-1,1,35,59,11950,12189
GAAGCGTGAGGAATTT-1,1,34,60,11812,11948
ATATCTTAGGGCCTTC-1,1,35,61,11673,12189
ACGCGGGCCAAGGACA-1,1,34,62,11535,11948
GCGAGTTCTGCAAAGA-1,1,35,63,11396,12189
TATTCGTGCCAGAATA-1,1,34,64,11258,11948
AGGGCTGCAGTTACAG-1,1,35,65,11119,12189
CTAGCATAGTATAATG-1,1,34,66,10980,11947
TAGGTTCGAGTTCGTC-1,1,35,67,10842,12188
GAATTATAGTGAAAGG-1,1,34,68,10703,11947
CTATCGGGTCTCAACA-1,1,35,69,10565,12188
GCGCTAATTGAATAGA-1,1,34,70,10426,11947
ATGCGACAGTCCCATT-1,1,35,71,10288,12188
GGTAGTGCTCGCACCA-1,1,34,72,10149,11947
AAGCTCGTGCCAAGTC-1,1,35,73,10010,12188
TATTCAATTCTAATCC-1,1,34,74,9872,11946
TTCAAAGTCTCTAGCC-1,1,35,75,9733,12187
TTGAATATGGACTTTC-1,1,34,76,9595,11946
AAGAGCTCTTTATCGG-1,1,35,77,9456,12187
TTACTCCGGCCGGGAA-1,1,34,78,9318,11946
AAACGAGACGGTTGAT-1,1,35,79,9179,12187
GCTAAGTAGTTTCTCT-1,1,34,80,9041,11946
ATAACGCCGGAGGGTC-1,1,35,81,8902,12187
GGATCCGGAATATACT-1,1,34,82,8764,11945
TGAAAGGACCTGACTC-1,1,35,83,8625,12186
TCCGCGGCAGCATCTG-1,1,34,84,8487,11945
TGCATATGTCTGTCAC-1,1,35,85,8348,12186
TGTAGGAGAAATTTCC-1,1,34,86,8210,11945
AGTGAGACTTCCAGTA-1,1,35,87,8071,12186
CCCAAACATGCTGCTC-1,1,34,88,7932,11945
GCTTATGAAGCAGGAA-1,1,35,89,7794,12186
TTCTAACCGAAGCTTA-1,1,34,90,7655,11944
GGATGTCCTTACCGCA-1,1,35,91,7517,12185
AGGGTGCTCTCGAGGG-1,1,34,92,7378,11944
AACTCTCAATAGAGCG-1,1,35,93,7239,12185
TCTGAATTCCGTACAA-1,1,34,94,7101,11944
GCGTGGTACTGGGTTA-1,1,35,95,6962,12185
CGTCGGATAGTGTTGA-1,1,34,96,6824,11944
ATATGTCTCCCTAGCC-1,1,35,97,6685,12185
TCTTTAAGACTATGAA-1,1,34,98,6547,11944
TCATTTAAGTCTCCGA-1,1,35,99,6408,12184
GATATTGAGATTGGCG-1,1,34,100,6270,11943
TGACATCGAGCGGACC-1,1,35,101,6131,12184
GCGTAAATGGCCATAA-1,1,34,102,5993,11943
ATTGTACAACTCGGCT-1,1,35,103,5854,12184
TACGCTATAGAAACCT-1,1,34,104,5716,11943
CACCCAAATCTTATGT-1,1,35,105,5577,12184
AGATGATGGAGTCTGG-1,1,34,106,5439,11943
CCACGGTGCCCGGTAG-1,1,35,107,5300,12184
TCAAGAAATACTAGCT-1,1,34,108,5161,11942
AGGTATAATTGATAGT-1,1,35,109,5023,12183
CAAGGTCCTATAGGCT-1,1,34,110,4884,11942
CCGGCACGACCGTTTC-1,1,35,111,4746,12183
ACCTCCGTTATTCACC-1,1,34,112,4607,11942
GCAGCCTATATCACAT-1,1,35,113,4468,12183
GGTATAGTGACACATA-1,1,34,114,4330,11942
AAATTCCAGGTCCAAA-1,1,35,115,4191,12183
TCTTTAGCAGGCGAAC-1,1,34,116,4053,11941
TATTGACATTTCTGCC-1,1,35,117,3914,12182
TCTGATCGGGTGCTAG-1,1,34,118,3776,11941
GGCCCGGAGCATGTCT-1,1,35,119,3637,12182
GGGCGCAGCGTTACTC-1,1,34,120,3499,11941
TTGGCGATCCGAATAT-1,1,35,121,3360,12182
CCACGTAAATTAGACT-1,1,34,122,3222,11941
TCTGATTGGAAATGGA-1,1,35,123,3083,12182
ATGGCGGAATAGTCGC-1,1,34,124,2945,11940
ATCGCTTTACGTCTCA-1,1,35,125,2806,12181
TACGTGCAAGGTTCCT-1,1,34,126,2668,11940
CAGGACAGCTGCCCTT-1,1,35,127,2529,12181
CAAACCAGGTCTGCAT-1,1,36,0,20124,12438
ACAAGCTATATGGAAG-1,1,37,1,19985,12679
TCGCCCACTGCGAGAG-1,1,36,2,19847,12437
AGCCGCAAATTCAAAT-1,1,37,3,19708,12678
TTAACGTTAAAGCCTG-1,1,36,4,19570,12437
CAGCGCCAACACGATA-1,1,37,5,19431,12678
ATCCAATGGTACCGAA-1,1,36,6,19293,12437
GTGCTGCAGATAAGGA-1,1,37,7,19154,12678
GGCCTTTGCAACTGGC-1,1,36,8,19016,12437
GTCGTACCTACGATTG-1,1,37,9,18877,12678
TAGAAATTCACGTATA-1,1,36,10,18739,12436
AGAATAAATCTTCAGG-1,1,37,11,18600,12677
CATTGCGAAATGGGCG-1,1,36,12,18462,12436
GTCTACTCAATTACAA-1,0,37,13,18323,12677
TGTAATGACCACAATA-1,0,36,14,18185,12436
AAAGTCGACCCTCAGT-1,0,37,15,18046,12677
TACTCGGCACGCCGGG-1,0,36,16,17907,12436
AGGTGTATCGCCATGA-1,0,37,17,17769,12677
TGTGCTTTACGTAAGA-1,1,36,18,17630,12435
AAACCTCATGAAGTTG-1,1,37,19,17492,12676
TATAGGGTACTCATGA-1,1,36,20,17353,12435
CCAGCTGATGGTACTT-1,1,37,21,17215,12676
AATATTGGAGTATTGA-1,1,36,22,17076,12435
GGCCCTCACCCACTTA-1,1,37,23,16937,12676
AACCAAGACTTCTCTG-1,1,36,24,16799,12435
TCGTATTACCCATTGC-1,1,37,25,16660,12676
ATTCGACGCCGGGCCT-1,1,36,26,16522,12434
GGCGCAGGACATCTTC-1,1,37,27,16383,12675
GTACTCCCTTATCGCT-1,1,36,28,16245,12434
TGGTCTGTTGGGCGTA-1,1,37,29,16106,12675
AATAACAACGCTCGGC-1,1,36,30,15968,12434
CATACCCGTACCCAGT-1,1,37,31,15829,12675
ACAATCCATTTAAACC-1,1,36,32,15691,12434
GTTACAATTGGTGACG-1,1,37,33,15552,12675
TTGCCCTGATCACGGG-1,1,36,34,15414,12433
CTAACCGCGCGCCCGT-1,1,37,35,15275,12674
CTAAAGAATGCCTACT-1,1,36,36,15136,12433
ACCCATCTTGAGGGTA-1,1,37,37,14998,12674
GATCTTTGCAGGGTAT-1,1,36,38,14859,12433
GGGTACTTCATGAACT-1,1,37,39,14721,12674
GCCGCTTGTGAGAAAC-1,1,36,40,14582,12433
CCTGTAAGACATGATA-1,1,37,41,14444,12674
CGACAGTTCGCGTTAT-1,1,36,42,14305,12432
ACGATGCATATGTTAT-1,1,37,43,14166,12673
TGTTCCGCTTCCATGA-1,1,36,44,14028,12432
GGATGACGCGAGTTTA-1,1,37,45,13889,12673
GAAGTTTCCACTCAAT-1,1,36,46,13751,12432
GCGAGGCCCGAGCAGA-1,1,37,47,13612,12673
CATACTATGTAATTGT-1,1,36,48,13474,12432
CCAATGTCACAGCAAG-1,1,37,49,13335,12673
GTTGGATTTGCGTTGG-1,1,36,50,13197,12432
GGGAGGATGCCCGAAA-1,1,37,51,13058,12672
GATCGCGGGCTCTCCA-1,1,36,52,12920,12431
GTTCGCCATAAGTGCC-1,1,37,53,12781,12672
AGATTATAGGACGTTT-1,1,36,54,12643,12431
TCGAGACCAACACCGT-1,1,37,55,12504,12672
TATGGGACCGAGCAGG-1,1,36,56,12366,12431
GATGCGTCCTGCATTC-1,1,37,57,12227,12672
TATGGTCTGAGTAACA-1,1,36,58,12088,12431
GCATAGAGCACTCAGG-1,1,37,59,11950,12671
CTTCATTGTCAGTGGA-1,1,36,60,11811,12430
GCAGATTAGGGATATC-1,1,37,61,11673,12671
CCTGTCGCCCGTAAAT-1,1,36,62,11534,12430
CAATTTCGTATAAGGG-1,1,37,63,11395,12671
GTACACTTACCTGAAG-1,1,36,64,11257,12430
CCAGCCTGGACCAATA-1,1,37,65,11118,12671
ATGGAGCAGGCCGTGA-1,1,36,66,10980,12430
GTCATTAGAGCGAACG-1,1,37,67,10841,12671
AAGACTGCAAGCTACT-1,1,36,68,10703,12429
CTAGTCACGTCTTAAG-1,1,37,69,10564,12670
ACTCTTGTATAGTAAC-1,1,36,70,10426,12429
ATTAGGCGATGCTTTC-1,1,37,71,10287,12670
TTCGGGACTAATCGCG-1,1,36,72,10149,12429
TGGACTGTTCGCTCAA-1,1,37,73,10010,12670
AACGTGCGAAAGTCTC-1,1,36,74,9872,12429
CCACCCAAGGAAAGTG-1,1,37,75,9733,12670
CCGCACAAAGACCAAC-1,1,36,76,9595,12428
GCGATTGTTAACGTTA-1,1,37,77,9456,12669
ACTCGTCAGTAATCCC-1,1,36,78,9317,12428
GGTGATAAGGAGCAGT-1,1,37,79,9179,12669
AAGAGGCATGGATCGC-1,1,36,80,9040,12428
CACGTTCGTGCTCTAG-1,1,37,81,8902,12669
CTATTTGGTTACGGAT-1,1,36,82,8763,12428
GTACAGAGGCAAGGGT-1,1,37,83,8625,12669
GGGCCGGCCGAAGTAC-1,1,36,84,8486,12427
CCTGAACGATATATTC-1,1,37,85,8347,12668
CCGGGCTGCTCCATAC-1,1,36,86,8209,12427
TACTTGTTAGTAGTCC-1,1,37,87,8070,12668
CCTAGGCGTAGCGATC-1,1,36,88,7932,12427
CTGGCGCACAGGTCTG-1,1,37,89,7793,12668
ACTTATACTTACCCGG-1,1,36,90,7655,12427
GAAGTCTCCCTAGCGA-1,1,37,91,7516,12668
ACCGATGGTAGCATCG-1,1,36,92,7378,12426
CGAGTTTATCGGACTG-1,1,37,93,7239,12667
CATAACGGACAGTCGT-1,1,36,94,7101,12426
TGACGATGCACTAGAA-1,1,37,95,6962,12667
TAGGGAGCTTGGGATG-1,1,36,96,6824,12426
AGGGTCGATGCGAACT-1,1,37,97,6685,12667
TATATCCCTGGGAGGA-1,1,36,98,6546,12426
CATCTTACACCACCTC-1,1,37,99,6408,12667
GTGCGACAGGGAGTGT-1,1,36,100,6269,12425
CCGATCTCAACCTTAT-1,1,37,101,6131,12666
ACGATCATCTTGTAAA-1,1,36,102,5992,12425
GAAAGAACAGCGTTAT-1,1,37,103,5854,12666
CTAGGTCTGAAGGAAT-1,1,36,104,5715,12425
ATATCAACCTACAGAG-1,1,37,105,5576,12666
AAATAGCTTAGACTTT-1,1,36,106,5438,12425
GCGACATGTAAACATC-1,1,37,107,5299,12666
ATAAGTAGGGCGACTC-1,1,36,108,5161,12424
GCGAGCGCATGCTCCC-1,1,37,109,5022,12665
AGGGACCGGCTGCGTT-1,1,36,110,4884,12424
CCTATGAAGTGGTGCC-1,1,37,111,4745,12665
GCTTACGTAGTTAGTA-1,1,36,112,4607,12424
CATACTTAGGCAATAC-1,1,37,113,4468,12665
CCTGTCCCTCACGTTA-1,1,36,114,4330,12424
CAATGTGCCAACCCTT-1,1,37,115,4191,12665
GTTAAGTTAGAGTGGG-1,1,36,116,4053,12423
CTGGGATACGCTACCC-1,1,37,117,3914,12664
AACCTGTCACGGAATT-1,1,36,118,3776,12423
ACTGCGGACACACCGT-1,1,37,119,3637,12664
CCGTGAGGCATTCATG-1,1,36,120,3498,12423
GCCCAGATGCTGGAGA-1,1,37,121,3360,12664
TCTGGCCGTTCAAGTT-1,1,36,122,3221,12423
ATACGAAGGCTTTCCA-1,1,37,123,3083,12664
GATCCGAATATAAGTG-1,1,36,124,2944,12423
GTGGAGCATGTCGGCC-1,1,37,125,2805,12663
ACTCTTCAGCTCCCGC-1,1,36,126,2667,12422
CCCGATAGCCTCGCCT-1,1,37,127,2528,12663
ACAGGTGTGTTGTTGC-1,1,38,0,20124,12920
TGAACTGCTATGACTT-1,1,39,1,19985,13161
TGACATATATGACGAT-1,1,38,2,19847,12920
AAGTCTTCTGTGGCCT-1,1,39,3,19708,13160
ACCAGACCATAACAAC-1,1,38,4,19570,12919
TGAGACGTACCTCTCA-1,1,39,5,19431,13160
GACCGTTACATGCGAC-1,1,38,6,19293,12919
GGTTCGGATTATACTA-1,1,39,7,19154,13160
CCTCCTGAGCCCACAT-1,1,38,8,19015,12919
CCGCGATTTGGTAGGT-1,1,39,9,18877,13160
AATCTCTACTGTGGTT-1,1,38,10,18738,12919
ACTTTGACTGCATCCT-1,1,39,11,18600,13159
CCCTGACTAACAAATT-1,1,38,12,18461,12918
ACGCTGTGAGGCGTAG-1,1,39,13,18322,13159
GCATACGAGGTCTTTA-1,0,38,14,18184,12918
TCGGGATTCAAACATA-1,0,39,15,18045,13159
GGGCCCTACGAAAGGG-1,0,38,16,17907,12918
CGCCAAGAAGCCGAGT-1,0,39,17,17768,13159
GGTACATCTGGGACGA-1,1,38,18,17630,12918
GGATGCTGGCGTTCCT-1,1,39,19,17491,13159
CCGATTCGAGGGACCC-1,1,38,20,17353,12917
CCACTGGTGGCTGGTT-1,1,39,21,17214,13158
GACAGGCACACACTAT-1,1,38,22,17076,12917
TCAACGCGACCGGCAG-1,1,39,23,16937,13158
CTACGACTAGCTATAA-1,1,38,24,16799,12917
CGGTTGACCTGGCATA-1,1,39,25,16660,13158
ATCCTGAATCGCTGCG-1,1,38,26,16522,12917
GTTTCATATCGTCGCT-1,1,39,27,16383,13158
ATAAATATTAGCAGCT-1,1,38,28,16244,12916
AAGAGGATGTACGCGA-1,1,39,29,16106,13157
TCCTGCGTTGATACTC-1,1,38,30,15967,12916
CGTGCATTGTCGACGC-1,1,39,31,15829,13157
CCGGGTTCGAGGTTAC-1,1,38,32,15690,12916
CCCAATTTCACAACTT-1,1,39,33,15552,13157
TGATTTATTAGCTGTG-1,1,38,34,15413,12916
TGGAAGAAGGGAACGT-1,1,39,35,15274,13157
GACGCTTGCTTCTAAA-1,1,38,36,15136,12915
GGGAACGGGAGGTTAG-1,1,39,37,14997,13156
GCGGCTCTGACGTACC-1,1,38,38,14859,12915
ACGTTAGATTTGCCCG-1,1,39,39,14720,13156
GAGAGGGCGCGAGGTT-1,1,38,40,14582,12915
GCGTCTCTGCATTGGG-1,1,39,41,14443,13156
GCAGCACACAGCCCAG-1,1,38,42,14305,12915
CAGGCCGTTTGGGTGT-1,1,39,43,14166,13156
AACTCAAGTTAATTGC-1,1,38,44,14028,12914
CTTCGTAGATAGGTGA-1,1,39,45,13889,13155
TGCAGAGTACCGAGCA-1,1,38,46,13751,12914
GAAGTGATTTATCGTG-1,1,39,47,13612,13155
CGCTACGGGACATTTA-1,1,38,48,13473,12914
CCACACTGAGATATTA-1,1,39,49,13335,13155
CGATCCGACCCAGTGC-1,1,38,50,13196,12914
CTGTACTTCTTAGCAT-1,1,39,51,13058,13155
ACTTATTAGGATCGGT-1,1,38,52,12919,12913
TAGTCCGCAGAGAATG-1,1,39,53,12781,13154
TTCACGAAAGGATCAC-1,1,38,54,12642,12913
TACATTTCTAACGTGC-1,1,39,55,12503,13154
ACCATATCCGCAATAA-1,1,38,56,12365,12913
CACTCAAGAGCTATGG-1,1,39,57,12226,13154
TGTACGAACAAATCCG-1,1,38,58,12088,12913
ATCATCCAATATTTGT-1,1,39,59,11949,13154
CGCTATTCTTAGGCTC-1,1,38,60,11811,12912
TGGCAGCAGTAATAGT-1,1,39,61,11672,13153
TCACGTGCCCGATTCA-1,1,38,62,11534,12912
CATACGGCGTCTGGGC-1,1,39,63,11395,13153
CACATGATTCAGCAAC-1,1,38,64,11257,12912
GCTAGTAGAGCTTGTA-1,1,39,65,11118,13153
TGCTGTTGAAGAACTC-1,1,38,66,10980,12912
CGGAGCATGGCGATCC-1,1,39,67,10841,13153
TAGCGTTGGGTCTTAC-1,1,38,68,10703,12911
GTAGCGGCTATACACT-1,1,39,69,10564,13152
TAACATACAATGTGGG-1,1,38,70,10425,12911
TCTTCGAATAGACGTT-1,1,39,71,10287,13152
GATCGTGACTGATATC-1,1,38,72,10148,12911
GATCCGGGAATTAACA-1,1,39,73,10010,13152
TTATATACGCTGTCAC-1,1,38,74,9871,12911
GTCGCGTAACCCGTTG-1,1,39,75,9732,13152
AGCTCTAGACGTTCCA-1,1,38,76,9594,12911
GTCAAGCGGACTCGGG-1,1,39,77,9455,13151
CGAGGGACTGCGGTCG-1,1,38,78,9317,12910
AATCGCCTCAGCGCCA-1,1,39,79,9178,13151
CTTGTTGCTGAGTCAA-1,1,38,80,9040,12910
GATATGAGACACTAAC-1,1,39,81,8901,13151
TTATGATCTTAACGAA-1,1,38,82,8763,12910
CGCCGCCCATGCCTGT-1,1,39,83,8624,13151
CTGGGATAAATAATGG-1,1,38,84,8486,12910
GTGCCCGTTCGGATTC-1,1,39,85,8347,13150
TTCAATACTCTGAATC-1,1,38,86,8209,12909
CGCACATGTCCACTAC-1,1,39,87,8070,13150
AGAAGAGCGCCGTTCC-1,1,38,88,7932,12909
GATAACTCGCACTGTG-1,1,39,89,7793,13150
AGTCGACGGTCTCAAG-1,1,38,90,7654,12909
GTGACCGCACACTACG-1,1,39,91,7516,13150
GTATGTGGGTCTAGTT-1,1,38,92,7377,12909
CTTGAGTTAGGGTAAT-1,1,39,93,7239,13150
TTAGCTGATTTGCCGT-1,1,38,94,7100,12908
GCTGTTGCTACCGAAC-1,1,39,95,6962,13149
TATTACCATCCTGCTT-1,1,38,96,6823,12908
TTGAATTCACGTGAGG-1,1,39,97,6684,13149
CCATCTCACCAGTGAA-1,1,38,98,6546,12908
CGCACGTGCGCTATCA-1,1,39,99,6407,13149
ACCCGGATGACGCATC-1,1,38,100,6269,12908
CGCTAGAGACCGCTGC-1,1,39,101,6130,13149
ATAGTTCCACCCACTC-1,1,38,102,5992,12907
GCAGACCCAGCACGTA-1,1,39,103,5853,13148
TAGACTACCTAGCGTT-1,1,38,104,5715,12907
GGTTCTACTCGTCTGA-1,1,39,105,5576,13148
GACTCACCCACGTGAG-1,1,38,106,5438,12907
AGCTCTTCGTAACCTT-1,1,39,107,5299,13148
ACTATCCAGGGCATGG-1,1,38,108,5161,12907
AAGGATCGATCGCTTG-1,1,39,109,5022,13148
ATATCGGTAGGGAGAT-1,1,38,110,4883,12906
TTCCAGACGAGATTTA-1,1,39,111,4745,13147
GACCGACGTGAAAGCA-1,1,38,112,4606,12906
CCTGGAAACGTTCTGC-1,1,39,113,4468,13147
CCGGTAATGGCTAGTC-1,1,38,114,4329,12906
GCCGTGGAAGAAATGT-1,1,39,115,4191,13147
GTCTTGAGGAGCAGTG-1,1,38,116,4052,12906
TCCCAAAGCCCTAAAT-1,1,39,117,3913,13147
TTGAGCGCCACGTGAT-1,1,38,118,3775,12905
TTGAGTCCCGCTGCTG-1,1,39,119,3636,13146
ATGGAACCTTTGCACA-1,1,38,120,3498,12905
GCTAGCACCTGGGCCA-1,0,39,121,3359,13146
CGCCGTCTACCCATCG-1,1,38,122,3221,12905
GATAGGTGTCCCGGGC-1,1,39,123,3082,13146
AGGTATGCGGACATTA-1,1,38,124,2944,12905
TTGGTTCGCTCAAAGG-1,1,39,125,2805,13146
TCTGGAGCGTAAGAGT-1,1,38,126,2667,12904
TGCCTAAATTTAATAG-1,1,39,127,2528,13145
TAATTTCCGTCCAGTA-1,1,40,0,20123,13402
TCCTTCAATCCCTACG-1,1,41,1,19985,13643
TACCTATCCCTAGAGG-1,1,40,2,19846,13402
GCATGGGTACTGACGC-1,1,41,3,19708,13643
GTCGGGAACATGGTAG-1,1,40,4,19569,13401
GCAAATGAGGACACTT-1,1,41,5,19430,13642
GAATGGGCTTATCGAC-1,1,40,6,19292,13401
TGGTCGTGCAAGGCAA-1,1,41,7,19153,13642
CACCACGCCACACAGA-1,1,40,8,19015,13401
GAACCTCGACCTACAC-1,1,41,9,18876,13642
CAATACGCTCTGAGGC-1,1,40,10,18738,13401
TGGTAAGCAGGATTGA-1,1,41,11,18599,13642
AGTGGCTCCGTCGGCC-1,1,40,12,18461,13400
GATCGGATAGAACCAT-1,0,41,13,18322,13641
GCTACAGTACGGACCG-1,1,40,14,18184,13400
TCTATTACTAGAGGAT-1,0,41,15,18045,13641
TTCAGGCGTCAAAGCC-1,0,40,16,17907,13400
AGACCGGGAAACCCTG-1,0,41,17,17768,13641
AGAGATCTCTAAAGCG-1,1,40,18,17630,13400
CCCTGCCCAATCCGCT-1,1,41,19,17491,13641
GTGGCGGTCCCAGCGT-1,1,40,20,17352,13399
GCATTGTAATTCATAT-1,1,41,21,17214,13640
CCGTTCCGAATCTCGG-1,1,40,22,17075,13399
AGCTTGATCTTAACTT-1,1,41,23,16937,13640
CCTGTACTCACGCCCA-1,1,40,24,16798,13399
AAGTGACGACCGAATT-1,1,41,25,16659,13640
CTCACTTGGCTGGTAA-1,1,40,26,16521,13399
CGCCTGGCCTACGTAA-1,1,41,27,16382,13640
CCCGTAAGTCTAGGCC-1,1,40,28,16244,13398
TTGGACATGTGGCTTA-1,1,41,29,16105,13639
ATTACGCGCTGGCAGG-1,1,40,30,15967,13398
ACGCGCTACACAGGGT-1,1,41,31,15828,13639
TACGTTTACCGGCAAT-1,1,40,32,15690,13398
CGAAACGCAATTCATG-1,1,41,33,15551,13639
TAGTCTAACAACGAGA-1,1,40,34,15413,13398
TTGCATGCTGATCACG-1,1,41,35,15274,13639
TCTGGGTAGCGCTCAT-1,1,40,36,15136,13398
ACATCGGTCAGCCGCG-1,1,41,37,14997,13638
AGATACCGGTGTTCAC-1,1,40,38,14859,13397
GATTACTGAATTTGGG-1,1,41,39,14720,13638
TCCAACTTTAAATTCT-1,1,40,40,14581,13397
TCCTAGCAAAGAAGCT-1,1,41,41,14443,13638
GTCTATCTGAGTTTCT-1,1,40,42,14304,13397
GATGTTCAATCCACGA-1,1,41,43,14166,13638
AGTTAAACACTTGCGA-1,1,40,44,14027,13397
AGCTCTTTACTCAGTT-1,1,41,45,13888,13637
ATCCAGGATTCGTGAA-1,1,40,46,13750,13396
AGTCAACACCACCATC-1,1,41,47,13611,13637
CGATACCTCGCGGACA-1,1,40,48,13473,13396
TACAACGCACAACTCA-1,1,41,49,13334,13637
AATTAAAGGTCGGCGT-1,1,40,50,13196,13396
TACGCAGTTCTTTCCT-1,1,41,51,13057,13637
GACCGTGCTGACGGTG-1,1,40,52,12919,13396
GGCAAATTACTTTACT-1,1,41,53,12780,13637
GGTACAAACATGCTAT-1,1,40,54,12642,13395
CGGGCCTTCTTTGTAA-1,1,41,55,12503,13636
CGTGAAGTTAATTCAC-1,1,40,56,12365,13395
ATAGTGAAGCGTTCTC-1,1,41,57,12226,13636
TACGCCATATTCTAAT-1,1,40,58,12088,13395
GCCGGGTTAGGGTCGC-1,1,41,59,11949,13636
TACATAGGCATACACC-1,1,40,60,11810,13395
GCCGATTGGCCAAGCT-1,1,41,61,11672,13636
CTGCCATGCATCACAT-1,1,40,62,11533,13394
TTATGAATGAAAGGGA-1,1,41,63,11395,13635
GCTGAGGCGTGAGTAT-1,1,40,64,11256,13394
GCGCCGTTCCACGATA-1,1,41,65,11118,13635
CGCATGGTGCGATGCT-1,1,40,66,10979,13394
AGGTTTCACACACCTT-1,1,41,67,10840,13635
CAAGGATCGCATGTTC-1,1,40,68,10702,13394
ACGTTAATGTCGAAGA-1,1,41,69,10563,13635
TCCAGAGCACCGGTTC-1,1,40,70,10425,13393
GATTCGACGGTTCACG-1,1,41,71,10286,13634
GTTTCTGCAGTCTCCC-1,1,40,72,10148,13393
GCTGCACGGTTTCTTA-1,1,41,73,10009,13634
CGTGCAGACTGGGACA-1,1,40,74,9871,13393
GTGTTACTATGCGTCC-1,1,41,75,9732,13634
TCCTCGGGCTGGGCTT-1,1,40,76,9594,13393
GTGAGGACACTTAAGG-1,1,41,77,9455,13634
ATACGCCGGCGAAACC-1,1,40,78,9317,13392
TCTGCCAGAAACTGCA-1,1,41,79,9178,13633
TTCTGCGGGTTAGCGG-1,1,40,80,9040,13392
CTCGGTACCACTGCTC-1,1,41,81,8901,13633
GTAAGTAACAGTCTGG-1,1,40,82,8762,13392
GTGCGTGTATATGAGC-1,1,41,83,8624,13633
ATTTGTCTTGGGAGCT-1,1,40,84,8485,13392
CCTCGGACCGGGATAG-1,1,41,85,8347,13633
TAGGTGCTCGCCTAGC-1,1,40,86,8208,13391
CTTTAGGAACACTGTT-1,1,41,87,8069,13632
TCGGGCCGTCGTGGTA-1,1,40,88,7931,13391
AGTGCTTGCACGAATA-1,1,41,89,7792,13632
TGCAGTTTCCTCCCAT-1,1,40,90,7654,13391
TGAGAGATTTACCACG-1,1,41,91,7515,13632
GAAACAGATGACCACC-1,1,40,92,7377,13391
AGCAACATATCTTATT-1,1,41,93,7238,13632
CAAGTGTGGTTGCAAA-1,1,40,94,7100,13390
GCCTCATCTGGAAATA-1,1,41,95,6961,13631
AACCCTACTGTCAATA-1,1,40,96,6823,13390
ACGTATTACTCCGATC-1,1,41,97,6684,13631
TCTGGGAACCTTTGAA-1,1,40,98,6546,13390
GCTCGCTCATGTCCAA-1,1,41,99,6407,13631
GCGCAAGAGCGCGCTG-1,1,40,100,6269,13390
TTGACGCTCCATGAGC-1,1,41,101,6130,13631
TATAGATGGTCGCAGT-1,1,40,102,5991,13389
TTACATGCCACAACTA-1,1,41,103,5853,13630
ACATGGCGCCAAAGTA-1,1,40,104,5714,13389
TATGGTTAGTGGGAGA-1,1,41,105,5576,13630
CATGACTTCGCTGAAT-1,1,40,106,5437,13389
ACCACCAATGTAACAA-1,1,41,107,5299,13630
TCTTAGAGCTCCAATT-1,1,40,108,5160,13389
CCACGAATTTAACCTC-1,1,41,109,5021,13630
TTCTTGCTAGCATCTC-1,1,40,110,4883,13389
ACACCTTACTACTTGC-1,1,41,111,4744,13629
AGTCGGTTGCGTGAGA-1,1,40,112,4606,13388
ACCTACAGTATGTGGT-1,1,41,113,4467,13629
GAGGATAAACAGTGCT-1,1,40,114,4329,13388
TTCCGGTATCTGTGTC-1,1,41,115,4190,13629
GGAGGCCGAAGTCGTC-1,1,40,116,4052,13388
TTCGCTAGGAAGTTGT-1,1,41,117,3913,13629
TAAAGACAACCCTTTA-1,1,40,118,3775,13388
GTTGCGCTAACATTAC-1,1,41,119,3636,13628
GCTGAACTCTCCAGGG-1,1,40,120,3498,13387
AGCCCTGTCGCACCGT-1,1,41,121,3359,13628
AGCGCTAGAGCGATGT-1,1,40,122,3220,13387
TGCGCCGTTAATAACG-1,1,41,123,3082,13628
TGACAACGCATGTCGC-1,1,40,124,2943,13387
CGTCTTGAGTGTGACG-1,1,41,125,2805,13628
GATAGGATTAATTACA-1,1,40,126,2666,13387
GATACCGTGTCGGAGT-1,1,41,127,2528,13628
TGTGTCGAAGTCGAGG-1,1,42,0,20123,13884
GGATCAGAGCCATCAG-1,1,43,1,19984,14125
GTCCCAATCATCCCGC-1,1,42,2,19846,13884
TGCCACACTAGAGGAA-1,1,43,3,19707,14125
TGAATTTCACTTGCCT-1,1,42,4,19569,13884
CTCAGATTGTGATAAG-1,1,43,5,19430,14125
CGGACGTTACTTGAAG-1,1,42,6,19292,13883
CCGCCTTGCGATGTCG-1,1,43,7,19153,14124
CCAGTCAAATCTCTTA-1,1,42,8,19015,13883
AAACAGCTTTCAGAAG-1,1,43,9,18876,14124
TAGCTGATGTGAAGCG-1,0,42,10,18737,13883
CTTATGCGCTCAGGGC-1,0,43,11,18599,14124
TGGCTCTTGTCGCGTA-1,0,42,12,18460,13883
TTGTGAGGCATGACGC-1,0,43,13,18322,14124
CATAAGCTCTCCGTCT-1,0,42,14,18183,13882
CCTTCTCAGCGTTCCT-1,0,43,15,18045,14123
TGCAGCTACGTACTTC-1,0,42,16,17906,13882
CTCTACACTGGCGATT-1,0,43,17,17767,14123
TGCAGATCGTCCTAGG-1,1,42,18,17629,13882
TGCCAAAGTCAGACTT-1,1,43,19,17490,14123
ACAATAGTCGTACGTT-1,1,42,20,17352,13882
CATGCCAACTCGCAAA-1,1,43,21,17213,14123
TGCAGAACTATATCGT-1,1,42,22,17075,13881
TCGTGTCACGCTGACA-1,1,43,23,16936,14122
TGATCAGGGAACTGCT-1,1,42,24,16798,13881
CTTGCAACCGCCTCCT-1,1,43,25,16659,14122
AGCCCATACATGTAAG-1,1,42,26,16521,13881
ATCCAATGGAGGGTCC-1,1,43,27,16382,14122
AAACCGGGTAGGTACC-1,1,42,28,16244,13881
GCAACCACGGCCGCGT-1,1,43,29,16105,14122
CGCTTATTCCCGGTCG-1,1,42,30,15967,13880
TTACTCTGGTACGTAC-1,1,43,31,15828,14121
GTGGTTTCCGCCTTTC-1,1,42,32,15689,13880
ATAGGCGGCTATAGAA-1,1,43,33,15551,14121
GTGCCATCACACGGTG-1,1,42,34,15412,13880
CCCAACATACGTCGCG-1,1,43,35,15274,14121
CGGTGCAGATAGAACG-1,1,42,36,15135,13880
GGGCGGGTTCCCTACG-1,1,43,37,14996,14121
TGAGCCATACAGTCTC-1,1,42,38,14858,13879
CTCCGCCCACATGAGG-1,1,43,39,14719,14120
GTTGAACCGGTTCCAT-1,1,42,40,14581,13879
TTGACTACCATATGGT-1,1,43,41,14442,14120
ACCATCGTATATGGTA-1,1,42,42,14304,13879
TGCGTAAGAACCTGAT-1,1,43,43,14165,14120
AGAAGGTTGCCGAATT-1,1,42,44,14027,13879
AGGACGACCCATTAGA-1,1,43,45,13888,14120
GGTGCTGGTACACATT-1,1,42,46,13750,13878
GCGCTATGCCGAGGCA-1,1,43,47,13611,14119
ACCCGGTTACACTTCC-1,1,42,48,13473,13878
TAACTCATCCGCGCGG-1,1,43,49,13334,14119
CACAATGAGCTGCTAT-1,1,42,50,13196,13878
GTTACTTTGGGCCTAG-1,1,43,51,13057,14119
GGGCCCGTCTTAAACA-1,1,42,52,12918,13878
GAAATTGTCTCTATAA-1,1,43,53,12780,14119
GGCGCATGAATTGATG-1,1,42,54,12641,13877
CATATAGGTACAGTCA-1,1,43,55,12503,14118
TCAACGAGGAGACAAA-1,1,42,56,12364,13877
TTGCACAATTCAGAAA-1,1,43,57,12225,14118
CATCGGACGGGTTAAT-1,1,42,58,12087,13877
ATTAAACATGCGGACC-1,1,43,59,11948,14118
TATCTACCACAGCGGG-1,1,42,60,11810,13877
CGAGACCCTAGAGTGT-1,1,43,61,11671,14118
ACATCGATCGTTTACC-1,1,42,62,11533,13877
ATCGACCCAATACAGA-1,1,43,63,11394,14117
GAATCTGAACATTCTC-1,1,42,64,11256,13876
AGTTCCTATTTATGTT-1,1,43,65,11117,14117
CAGTCTGTATACTGGG-1,1,42,66,10979,13876
GGAGACGACACCTTTG-1,1,43,67,10840,14117
CCTAAATTAACGGTTC-1,1,42,68,10702,13876
GCTACGACTTATTGGG-1,1,43,69,10563,14117
CTGTGCAGGGTAGGTC-1,1,42,70,10425,13876
ACGCCGCTAGACGACC-1,1,43,71,10286,14116
ACTTGACTCCCTCTTT-1,1,42,72,10147,13875
CGCCTCCCTCCTCTAT-1,1,43,73,10009,14116
CTAGATTTACGACGGC-1,1,42,74,9870,13875
GATGCTGTATTTCATC-1,1,43,75,9732,14116
TGCGTTTGTTGACACT-1,1,42,76,9593,13875
CGTGCCCTCCCGAAGA-1,1,43,77,9455,14116
ACTCTCTGACTTAGGT-1,1,42,78,9316,13875
CTGGGTAGGCAGTTAA-1,1,43,79,9177,14116
GTTTGGCCCAAGTTAT-1,1,42,80,9039,13874
GAATGTGGTCCGGATT-1,1,43,81,8900,14115
CCCAGTTAAGGCGCCG-1,1,42,82,8762,13874
CGGTACTAGAATCAAA-1,1,43,83,8623,14115
GCTTAATGTAACTAAC-1,1,42,84,8485,13874
AGGACAGTCGAATCCC-1,1,43,85,8346,14115
GACAGCCAGACCTGAC-1,1,42,86,8208,13874
GGCGAAATCTAACTTG-1,1,43,87,8069,14115
CTGGTAACACATAGAA-1,1,42,88,7931,13873
TAGCCATTTCAAAGTC-1,1,43,89,7792,14114
GGGATTTACCGCACCT-1,1,42,90,7654,13873
ATGCCATTTGCGACCA-1,1,43,91,7515,14114
GAATAGACGCGACCCA-1,1,42,92,7377,13873
TGTATGGCGCAGACAG-1,1,43,93,7238,14114
GGATGAAGATCGCTGA-1,1,42,94,7099,13873
CGACAATTTGATCTAA-1,1,43,95,6961,14114
AAAGTTGACTCCCGTA-1,1,42,96,6822,13872
CGCGGCTCAACTTGAA-1,1,43,97,6684,14113
CACGCGGAACTGTTGC-1,1,42,98,6545,13872
TCTTAGAGTGAACTCT-1,1,43,99,6406,14113
AGTCCATTGGCTGATG-1,1,42,100,6268,13872
TTAAGATAGGATTGAC-1,1,43,101,6129,14113
ACATCCTGGTAACTGT-1,1,42,102,5991,13872
CACCTTGGCGCCTTTG-1,1,43,103,5852,14113
GCTAGACCGTCTACTG-1,1,42,104,5714,13871
CGGCCCAGGTATATCC-1,1,43,105,5575,14112
GTCCATTACTGCTACG-1,1,42,106,5437,13871
GGGTTTAGGATAGGAT-1,1,43,107,5298,14112
TAATTAGGACATCCGT-1,1,42,108,5160,13871
GCTCCCAGTCGGTCCA-1,1,43,109,5021,14112
ATTCGTGCTATCTCTT-1,1,42,110,4883,13871
GTTAACTATGTTGTCA-1,1,43,111,4744,14112
GCTCCGCTCGCTTCAG-1,1,42,112,4606,13870
GCAACGGCTAGTTATG-1,1,43,113,4467,14111
AATCGCGCAGAGGACT-1,1,42,114,4328,13870
AGGTTACACCATGCCG-1,1,43,115,4190,14111
CGAGATTTCGCTCGGG-1,1,42,116,4051,13870
CGATAATACTCAGGTT-1,1,43,117,3913,14111
AAGGCAGGCTGTCTCC-1,1,42,118,3774,13870
GTAAGTCCACACTCTA-1,1,43,119,3635,14111
ATGAGGGCAGCGGCTA-1,1,42,120,3497,13869
GCCGCACTCCGTTTCA-1,1,43,121,3358,14110
GAGCACGGCGCCTCTT-1,1,42,122,3220,13869
ACAATTTGGCCATATT-1,1,43,123,3081,14110
CTGGTTCGCGAGCTAC-1,1,42,124,2943,13869
GACGGTCCTAGGGTGT-1,1,43,125,2804,14110
ACTCGCGATCTGACGC-1,1,42,126,2666,13869
GTGTACGAACCGTTCC-1,1,43,127,2527,14110
CTTTGACGTCGCTTCT-1,1,44,0,20123,14366
CGTTATCATACTTCCA-1,1,45,1,19984,14607
GCTATGCCAGCTTATG-1,1,44,2,19845,14366
CAGTCGGCCTAGATAT-1,1,45,3,19707,14607
CCCGTGAGGGCGGTGA-1,1,44,4,19568,14366
TCTCGTGTTACGAGGA-1,1,45,5,19430,14607
ACGTCTCGTTCCGGGA-1,1,44,6,19291,14365
CGAGAGCGCGTAGATA-1,1,45,7,19152,14606
GACAGATTTCTGGCTC-1,1,44,8,19014,14365
GGGCCTAAATGGGCTA-1,1,45,9,18875,14606
ACTTGTAGTCCCTTCA-1,1,44,10,18737,14365
CCCGAAGTTTCGCGAA-1,0,45,11,18598,14606
ACCATCCGCCAACTAG-1,0,44,12,18460,14365
TGCGAATATGGGATTT-1,1,45,13,18321,14606
TACATCCCTATCCCTG-1,0,44,14,18183,14364
GTGGGAAGACTGAATC-1,1,45,15,18044,14605
TCAACATCGACCGAGA-1,1,44,16,17906,14364
CTATGTGAGTCACGGC-1,1,45,17,17767,14605
CCGAACACTGGGCCTC-1,1,44,18,17629,14364
AAACTTGCAAACGTAT-1,0,45,19,17490,14605
AGGGCGAGCAGCTGAT-1,1,44,20,17352,14364
AACACGAGACGCGGCC-1,1,45,21,17213,14605
TGACGAATATTTCCCT-1,1,44,22,17074,14364
TCGGAGAGTATCGGGA-1,1,45,23,16936,14604
CAAATCTCTCACAAGG-1,1,44,24,16797,14363
AGGCCCTAGAACGCCA-1,1,45,25,16659,14604
TAGAGATCATGCAACT-1,1,44,26,16520,14363
TTGTTTCCATACAACT-1,1,45,27,16382,14604
GAGAGGTGCATTCTGG-1,1,44,28,16243,14363
GTGGACCAACCCGATT-1,1,45,29,16104,14604
CTGGGCCTGCTATATC-1,1,44,30,15966,14363
CATAGTCCACAAGAAC-1,1,45,31,15827,14604
TTGACATGAACGTGGA-1,1,44,32,15689,14362
GGTTACCACCCTCGGG-1,1,45,33,15550,14603
TACCGGTCGTTTCCAT-1,1,44,34,15412,14362
CGAGTACTAAAGAGGA-1,1,45,35,15273,14603
GCAAGAATTCCTTGGC-1,1,44,36,15135,14362
TCGCCGAAGTTGCGTC-1,1,45,37,14996,14603
TTGAGAGTACTGCTAA-1,1,44,38,14858,14362
GCCACAATTTAAGGAC-1,1,45,39,14719,14603
ATATTCAGTTAAACCT-1,1,44,40,14581,14361
TGAGTGCCTCTTAAAT-1,1,45,41,14442,14602
ATCAGACGGCACGCCG-1,1,44,42,14304,14361
GTGCGAAATCGAACAC-1,1,45,43,14165,14602
GTGCCGCTTCAAAGGT-1,1,44,44,14026,14361
GATACGATGGGAGTCA-1,1,45,45,13888,14602
GACACTGAGTTCAGTG-1,1,44,46,13749,14361
ATCCTGCGTGGAATGG-1,1,45,47,13611,14602
ATCCTACCTAAGCTCT-1,1,44,48,13472,14360
AGTGATATGAGTAGTT-1,1,45,49,13333,14601
ATGATGCAATGGTACA-1,1,44,50,13195,14360
GAAACCGAATTACCTT-1,1,45,51,13056,14601
AGTGACCTACTTTACG-1,1,44,52,12918,14360
CAAATGTCCTTCCGTG-1,1,45,53,12779,14601
TTACTGGGATATTTCA-1,1,44,54,12641,14360
CTTGCCCAGGCTCTAC-1,1,45,55,12502,14601
AAATCGTGTACCACAA-1,1,44,56,12364,14359
GTGATCATAGATCTGC-1,1,45,57,12225,14600
TGGCAGATTACGATCA-1,1,44,58,12087,14359
TCACCCTCTTAAGATT-1,1,45,59,11948,14600
CAGGATATATCGTTGT-1,1,44,60,11810,14359
CCTGACCACCGATGGT-1,1,45,61,11671,14600
CTAAAGGGAAATAGGA-1,1,44,62,11533,14359
CCGCTATCAGCACCAG-1,1,45,63,11394,14600
CTTTAGTGCTATTATT-1,1,44,64,11255,14358
CGGGAATTTATGTAAA-1,1,45,65,11117,14599
TACGACTGCCTCTTAG-1,1,44,66,10978,14358
AAACTGCTGGCTCCAA-1,1,45,67,10840,14599
GTACGTTTGCCCGTCA-1,1,44,68,10701,14358
GGCAAGGCGAAATAGC-1,1,45,69,10562,14599
GATCTTGGAGGGCATA-1,1,44,70,10424,14358
AGCGTGGTATTCTACT-1,1,45,71,10285,14599
CTAAGGGAATGATTGG-1,1,44,72,10147,14357
CATGGTAAGTAGCGTT-1,1,45,73,10008,14598
CGTTGAGCGACCGTCG-1,0,44,74,9870,14357
TGCCCGTACCGTTAAA-1,1,45,75,9731,14598
ACAAGGGCAGGCTCTG-1,1,44,76,9593,14357
GAGATCTTCCATGACA-1,1,45,77,9454,14598
AATGACGTAGGATGTC-1,1,44,78,9316,14357
GTGGTGGCCAAGTGAA-1,1,45,79,9177,14598
TCCCGTGTGCAATTTG-1,1,44,80,9039,14356
ACATCGTATGCAATGG-1,1,45,81,8900,14597
GCGAAACTTAACTGGA-1,1,44,82,8762,14356
AATTGAACGCTCTGGT-1,1,45,83,8623,14597
ACAAATGGTAGTGTTT-1,1,44,84,8484,14356
ATGGTCGCGTGGTTTC-1,1,45,85,8346,14597
TGTTATTGTATGTGGC-1,1,44,86,8207,14356
TTCCGGTTACCCACTT-1,1,45,87,8069,14597
GAGTGTGCGGTACCCA-1,1,44,88,7930,14355
CAAGATATTATAACGT-1,1,45,89,7792,14596
ACACACCAGGACCAGT-1,1,44,90,7653,14355
ATGGGCCTCGGCCTCT-1,1,45,91,7514,14596
AAGGTGATAAACCAGC-1,1,44,92,7376,14355
TCTTACTTATGCCTCT-1,1,45,93,7237,14596
AAAGTGTGATTTATCT-1,1,44,94,7099,14355
TGCTCCACAGTTCTTA-1,1,45,95,6960,14596
CTGGCTGATTCATCCT-1,1,44,96,6822,14355
TAAGGCTGAATCCCTC-1,1,45,97,6683,14595
TCTAGTGATATCGTGG-1,1,44,98,6545,14354
TCGAAGAACCGAGCAC-1,1,45,99,6406,14595
GACAAACATATGCAGG-1,1,44,100,6268,14354
AAGTCAATTGTCGTCA-1,1,45,101,6129,14595
AGTGAACAAACTTCTC-1,1,44,102,5991,14354
CATGATGGAAGTTAGC-1,1,45,103,5852,14595
AAGTGCCTTGACTGTA-1,1,44,104,5714,14354
ATCGCCAGTCAACATT-1,1,45,105,5575,14594
ACCGCGGTGGAAGTCG-1,1,44,106,5436,14353
TCTTCTATAACCCGCC-1,1,45,107,5298,14594
CACATTTCTTGTCAGA-1,1,44,108,5159,14353
TAGCGTCCCTCGATTG-1,1,45,109,5021,14594
GTTCGGATCGGGAACA-1,1,44,110,4882,14353
CAAACTCGCGACGCCG-1,1,45,111,4743,14594
GTCTTGTAGCTATTCA-1,1,44,112,4605,14353
TCTCGACGTATCGCCG-1,1,45,113,4466,14594
TTGCCAAGCAGAACCC-1,1,44,114,4328,14352
AAACCCGAACGAAATC-1,1,45,115,4189,14593
TTGAGCAGCCCACGGT-1,1,44,116,4051,14352
CGCCTTTAGCATGCTC-1,1,45,117,3912,14593
TGTGGCTCCCACCAAC-1,1,44,118,3774,14352
CCGCCGTTGAGGATAA-1,1,45,119,3635,14593
CAATACGAGAGTCTGA-1,1,44,120,3497,14352
CATCTAGTGAAGGGAA-1,1,45,121,3358,14593
GGTGGAGGTTGATACG-1,1,44,122,3220,14351
CCGCACACGAACGTGT-1,1,45,123,3081,14592
AGAACCCAGCGTGACA-1,1,44,124,2943,14351
GCGCTCGATCACCTGT-1,1,45,125,2804,14592
ATCATGGACTACCGAC-1,1,44,126,2665,14351
TACGCCGCCTCAGAAG-1,1,45,127,2527,14592
CGACCTACTAGACAAT-1,1,46,0,20122,14848
GAGTCTTGTAAAGGAC-1,1,47,1,19983,15089
AATATCCTAGCAAACT-1,1,46,2,19845,14848
CCCTAGGCAACAAGAG-1,1,47,3,19706,15089
ACAAAGAAGGTAGGCC-1,1,46,4,19568,14848
CCCTGGCTGTTCCTTC-1,1,47,5,19429,15089
TCGCCGCACCGCGTGA-1,1,46,6,19291,14848
TATAGCGCACGTTATC-1,1,47,7,19152,15089
TTATCTGACATTAGGA-1,1,46,8,19014,14847
AGTGGTGTTACCCGTG-1,1,47,9,18875,15088
GCCAAGAATACTTCTG-1,1,46,10,18737,14847
CCGGCGTGAGACTCTG-1,1,47,11,18598,15088
TTCCCGGCGCCAATAG-1,1,46,12,18460,14847
AAACAGGGTCTATATT-1,0,47,13,18321,15088
ACAGTAATACAACTTG-1,0,46,14,18182,14847
CGAACGGCCGGACAAC-1,0,47,15,18044,15088
GCAACACACTAGAACT-1,0,46,16,17905,14846
ACTCCCATTCCTAAAG-1,0,47,17,17767,15087
ACCTGCGTGTCATGTT-1,0,46,18,17628,14846
TACTTTCCGCACGCCA-1,0,47,19,17489,15087
AGGTCAGGTGAGAGTG-1,1,46,20,17351,14846
TCCTCCTAAGACATTC-1,1,47,21,17212,15087
ATGTGAAAGCCTAATG-1,1,46,22,17074,14846
AGTCGGCTCAACTTTA-1,1,47,23,16935,15087
CGATCTGTTGGAGGAC-1,1,46,24,16797,14845
ACGGGAGTGTCGGCCC-1,1,47,25,16658,15086
TTAACTTCAGGTAGGA-1,1,46,26,16520,14845
CCACGGAGCCATAAGA-1,1,47,27,16381,15086
CTTCTATGTTGAAGTA-1,1,46,28,16243,14845
CACCGTTGCGCGATAT-1,1,47,29,16104,15086
TCTAGCAATCTCCGCC-1,1,46,30,15966,14845
AGTTTGGCCAGACCTA-1,1,47,31,15827,15086
TTGTAAGGACCTAAGT-1,1,46,32,15689,14844
AAATTTGCGGGTGTGG-1,1,47,33,15550,15085
AAGTTCGGCCAACAGG-1,1,46,34,15411,14844
CCGCTTACCTCACTCT-1,1,47,35,15273,15085
ATCACGTGCTAATTAA-1,1,46,36,15134,14844
GGTGAAGTACAGGGAT-1,1,47,37,14996,15085
GCTGTATTACTGGCCC-1,1,46,38,14857,14844
AACGGCCATCTCCGGT-1,1,47,39,14719,15085
TAAGTAACATCTTGAC-1,1,46,40,14580,14843
TTCTTGAGCCGCGCTA-1,1,47,41,14441,15084
AGTGCGTAGCTCGTAA-1,1,46,42,14303,14843
GGGATGGTCGTAACCG-1,1,47,43,14164,15084
GTCTGGGCGGTCGAGA-1,1,46,44,14026,14843
CGGAACGTAAACATAG-1,1,47,45,13887,15084
TGCGACACCCTAGTGC-1,1,46,46,13749,14843
CAAACGAGTATCGCAG-1,1,47,47,13610,15084
TCAGTAGGGACTATAA-1,1,46,48,13472,14843
GCGGTTCCCTATCATG-1,1,47,49,13333,15083
GTGACTTCAGTAGTGC-1,1,46,50,13195,14842
CGTCACGTCCATTGGT-1,1,47,51,13056,15083
ATAAGTTACCGCGACG-1,1,46,52,12918,14842
CTGAATCCGAGACCTC-1,1,47,53,12779,15083
TACGACGCTTGCTGCG-1,1,46,54,12641,14842
GAATTCACCCGGGTGT-1,1,47,55,12502,15083
GGGTGACACCTTAACT-1,1,46,56,12363,14842
TGAGTAAATTAGCGTA-1,1,47,57,12225,15082
GAGTCCGCTTACCGGA-1,1,46,58,12086,14841
GGCGCGTTCGAGTTTA-1,1,47,59,11948,15082
ATTCATATACTGTCCA-1,1,46,60,11809,14841
ATAAACGGACCCGTAA-1,1,47,61,11670,15082
GTCGTACCATCTCGGG-1,1,46,62,11532,14841
ATAATAGCTGTTGAAT-1,1,47,63,11393,15082
TTCCGCGTGAGGCGAT-1,1,46,64,11255,14841
TACCGGCTCACTGCCC-1,1,47,65,11116,15082
GTATCTTTCATAACCA-1,1,46,66,10978,14840
GTTACCTACAACTTGC-1,1,47,67,10839,15081
TGACTATAATCCTTTC-1,1,46,68,10701,14840
AAATACCTATAAGCAT-1,1,47,69,10562,15081
TTATTAGAGCGTGTTC-1,1,46,70,10424,14840
ATGTGGACATCTTGAT-1,1,47,71,10285,15081
GTACGCTTCATTGCAC-1,1,46,72,10147,14840
CACATATTAGCAGGAT-1,1,47,73,10008,15081
CAAGAGGGCGGAGTAC-1,1,46,74,9870,14839
TCGCAAAGATGCATTT-1,1,47,75,9731,15080
GTCGTTATTCGCTTAT-1,1,46,76,9592,14839
TCGTGTACTATGGATG-1,1,47,77,9454,15080
GCGGAGAGGGAGAACG-1,1,46,78,9315,14839
TCACAGGGAATCGCAA-1,1,47,79,9177,15080
GACTGCACCAGCCCAG-1,1,46,80,9038,14839
TCCGCTGTCATCCCGG-1,1,47,81,8899,15080
AGATACTCAAGATCGA-1,1,46,82,8761,14838
ACTGAATGGCGAAAGT-1,1,47,83,8622,15079
TCCTACATCCACGGCC-1,1,46,84,8484,14838
TTCAGCCCTGGTCCAC-1,1,47,85,8345,15079
TTAGAGTTTAGAAGGA-1,1,46,86,8207,14838
GGTTAGCTATATGTCT-1,1,47,87,8068,15079
CTGGTTTCGAGCAAGA-1,1,46,88,7930,14838
TGGGCCCATACTAATT-1,1,47,89,7791,15079
ACTTATTTATGTGCCA-1,1,46,90,7653,14837
TTAGTTATTCGTGGCA-1,1,47,91,7514,15078
AACCGCTAAGGGATGC-1,1,46,92,7376,14837
ATACGTCCACTCCTGT-1,1,47,93,7237,15078
CGACACGCTCCGACAG-1,1,46,94,7099,14837
TCTGAACTCGTACCCG-1,1,47,95,6960,15078
AGGATATAGGGATTTA-1,1,46,96,6821,14837
GTGATCACTAACGCCT-1,1,47,97,6683,15078
ACCGGGCCTTTGTTGA-1,1,46,98,6544,14836
TTGACAGGAGCTCCCG-1,1,47,99,6406,15077
CTCTTCTATTGACTGG-1,1,46,100,6267,14836
CGTGGCCGAATATCTA-1,1,47,101,6129,15077
GGTTTAGCCTTTCTTG-1,1,46,102,5990,14836
TCAAGGTTACTACACC-1,1,47,103,5851,15077
TTGACTATTGTCCGGC-1,1,46,104,5713,14836
CGGGAATATAGTATAC-1,1,47,105,5574,15077
GCAACAGCAGTATGCG-1,1,46,106,5436,14835
ATCAAACACTGTTCCA-1,1,47,107,5297,15076
TGGGCAATAGTTGGGT-1,1,46,108,5159,14835
TGAATGTCAGCCGGCC-1,1,47,109,5020,15076
CGGCTCTAAAGCTGCA-1,1,46,110,4882,14835
GGACACAAGTTTACAC-1,1,47,111,4743,15076
CCGAGAAGTCGCATAA-1,1,46,112,4605,14835
AACTACCCGTTTGTCA-1,1,47,113,4466,15076
GCACAAACGAGGCGTG-1,1,46,114,4328,14834
CACACAGCTTGCGCTC-1,1,47,115,4189,15075
GTGCTTACATCAGCGC-1,1,46,116,4051,14834
GCAAACGTCGCCAGGT-1,1,47,117,3912,15075
GAATAGCATTTAGGGT-1,1,46,118,3773,14834
TACTGTTTCTCTGGTA-1,1,47,119,3635,15075
TCCTATCATAGGTAAC-1,1,46,120,3496,14834
TTCGGTGGAGACGCCC-1,1,47,121,3358,15075
TGTTGCCGTCGTCCCA-1,1,46,122,3219,14833
CCAACTTGATAGATCC-1,1,47,123,3080,15074
CAAAGGTCATCTGAAA-1,1,46,124,2942,14833
CTAGCTTAATGGTCCC-1,1,47,125,2803,15074
AGGCCACATTGGTTAC-1,1,46,126,2665,14833
TTAGGATGGGAGGGTA-1,1,47,127,2526,15074
TATGACCTTGCGCTGG-1,1,48,0,20122,15331
ATATACATGTATGGTA-1,1,49,1,19983,15571
TGTGTGACCATGAATC-1,1,48,2,19845,15330
CCCACTCCACGGTATC-1,1,49,3,19706,15571
GGGCAGACGTCACTGC-1,1,48,4,19567,15330
TCAAAGAGCTATCTGT-1,1,49,5,19429,15571
AGATGCATCCTGTGTC-1,1,48,6,19290,15330
GTGAAGTCACGACTCG-1,1,49,7,19152,15571
TGATTCAGGTCCCGCG-1,1,48,8,19013,15330
CGCCACAGGTCGCGAT-1,1,49,9,18875,15570
TTGAATCGTTGTATAA-1,1,48,10,18736,15329
TGGCCAATTTGGTACT-1,1,49,11,18597,15570
CGACCCTTAACGCCGG-1,1,48,12,18459,15329
TCGGCGTACTGCACAA-1,1,49,13,18320,15570
GAGTAAGGCCACGGGA-1,0,48,14,18182,15329
ATCAGCTCGTCCACTA-1,0,49,15,18043,15570
AGGATCACGCGATCTG-1,0,48,16,17905,15329
AAATGGCCCGTGCCCT-1,0,49,17,17766,15570
CAGTACCAGTTTACGT-1,0,48,18,17628,15328
GGTCGTAAGCTCGCAC-1,0,49,19,17489,15569
CGTTCATGGTGCGCGT-1,0,48,20,17351,15328
GACTACAAAGCGGTGG-1,0,49,21,17212,15569
CAGCTGGCGTAACCGT-1,1,48,22,17074,15328
ACTCGTAACCCGTCCT-1,1,49,23,16935,15569
CATATGTCAGGCTACG-1,1,48,24,16797,15328
GCCCGACTTCTTCCCG-1,1,49,25,16658,15569
CTGGCATCCGAATGAG-1,1,48,26,16519,15327
AAGTGCGTTAGAATCT-1,1,49,27,16381,15568
AGAAGTGATTCGTGAT-1,1,48,28,16242,15327
TACCTTAAGATTTCCC-1,1,49,29,16104,15568
AATGACAGCAATGTCT-1,1,48,30,15965,15327
TCAACGCAGGAAATAA-1,1,49,31,15826,15568
TATTCCTCCGCCCACT-1,1,48,32,15688,15327
ATCAAACGAAGGTTTG-1,1,49,33,15549,15568
TTGATTAGCTGTTTCT-1,1,48,34,15411,15326
CTGCTGAGGCCACGAA-1,1,49,35,15272,15567
CCGTGTTAAATTCCAT-1,1,48,36,15134,15326
CACGTCGGCAACCTCT-1,1,49,37,14995,15567
GTATTCTGAGAAACGA-1,1,48,38,14857,15326
CGGTGCGCGTTGGTCC-1,1,49,39,14718,15567
GTGATTCGCCGCTCAA-1,1,48,40,14580,15326
GCCCGCGCGTAAACGG-1,1,49,41,14441,15567
AACGTACTGTGGGTAC-1,1,48,42,14303,15325
GAGTATGCCCGCCTTG-1,1,49,43,14164,15566
TGATTCTGTCGCCGGT-1,1,48,44,14026,15325
GGGCGGCAAATGAATT-1,1,49,45,13887,15566
TTCCAATCTGGCTATC-1,1,48,46,13748,15325
GGAACCGTGTAAATTG-1,1,49,47,13610,15566
TTGGTCACACTCGTAA-1,1,48,48,13471,15325
CGAACCCGCATGCGTC-1,1,49,49,13333,15566
GGGCGTCACCACGTAA-1,1,48,50,13194,15324
TACCAGAAGTAGGTTC-1,1,49,51,13056,15565
TTGGATATCGTCTACG-1,1,48,52,12917,15324
TAGATATGGACTGGAA-1,1,49,53,12778,15565
GCGACGATAGTTGTAC-1,1,48,54,12640,15324
CTGGATTTACACTTGA-1,1,49,55,12501,15565
GTTATATTATCTCCCT-1,1,48,56,12363,15324
TATTCCACTCAGCTCG-1,1,49,57,12224,15565
CTGTTACCCAATCTAG-1,1,48,58,12086,15323
ACGCGAAGTCAGACGA-1,1,49,59,11947,15564
GATAGGTAACGTTGAC-1,1,48,60,11809,15323
TGTTCGTATTGCGGTG-1,1,49,61,11670,15564
GGTCAGTGGGTCCCAC-1,1,48,62,11532,15323
AATTCTAGAGTTAGGC-1,1,49,63,11393,15564
GTTTACGTTCCATCTG-1,1,48,64,11255,15323
AGACCCACCGCTGATC-1,1,49,65,11116,15564
TCTAGCATGCCCAGAA-1,1,48,66,10978,15322
CCCGCAGCGCGAACTA-1,1,49,67,10839,15563
CTCTATTTGGCTGCAG-1,1,48,68,10700,15322
TTCTGCCGCGCCTAGA-1,1,49,69,10562,15563
ACTCCCTAGAATAGTA-1,1,48,70,10423,15322
CCGAACCTTCCCGGCC-1,1,49,71,10285,15563
TCAGACGCTATAGAAG-1,1,48,72,10146,15322
CAGGCGCCATGCTAGG-1,1,49,73,10007,15563
CACTCGAGCTGAACAA-1,1,48,74,9869,15321
ACAAGGAAATCCGCCC-1,1,49,75,9730,15562
ACCACGTGCAGCTATA-1,1,48,76,9592,15321
ACGGCGACGATGGGAA-1,1,49,77,9453,15562
TTACTAAAGGACTTTA-1,1,48,78,9315,15321
GGCTGAAATAGCAAAG-1,1,49,79,9176,15562
TTAGACGAGTCACCTC-1,1,48,80,9038,15321
GTAGTCGCGGGAATCA-1,1,49,81,8899,15562
GCAAACCCTACATTAT-1,1,48,82,8761,15321
GTTAAAGTAGGACTGG-1,1,49,83,8622,15561
ACCCTCCCTTGCTATT-1,1,48,84,8484,15320
CATGTCTCATTTATGG-1,1,49,85,8345,15561
AATAGAATCTGTTTCA-1,1,48,86,8207,15320
TCTCATGAGATAGGGT-1,1,49,87,8068,15561
ATGACTATGCGACATT-1,1,48,88,7929,15320
CCTAACCCAAACAAGT-1,1,49,89,7791,15561
AGTCAAGATGACACTT-1,1,48,90,7652,15320
CGGGAGCTTCAGTGTA-1,1,49,91,7514,15560
CCACAGTACCCATCCT-1,1,48,92,7375,15319
GAGCGCGCACGAGTAG-1,1,49,93,7236,15560
ACCAGTGCGGGAGACG-1,1,48,94,7098,15319
TCCTTACGACGGTCCG-1,1,49,95,6959,15560
TAGTCGATCACGGGTT-1,1,48,96,6821,15319
AGACGAAGTGCCGGTC-1,1,49,97,6682,15560
CGCTGGTGACTACCCT-1,1,48,98,6544,15319
AGGCATTGTCGTAGGG-1,1,49,99,6405,15560
TGGTAGAATATATGGG-1,1,48,100,6267,15318
TTCTTATCCGCTGGGT-1,1,49,101,6128,15559
AGTTTGGCACGGGTTG-1,1,48,102,5990,15318
GCATCGGCCGTGTAGG-1,1,49,103,5851,15559
ATGCGAGTCCCACCAC-1,1,48,104,5713,15318
TCGGCGAACCCAAACC-1,1,49,105,5574,15559
AGAGTAAACTTCACTA-1,1,48,106,5436,15318
AAGCCGAAGCGGTTTA-1,1,49,107,5297,15559
CCCGAGTTTCTCCGTA-1,1,48,108,5158,15317
AATATCGAATCAATGC-1,1,49,109,5020,15558
GCGCCTCCCACTCCGA-1,1,48,110,4881,15317
CGTTAAACTAGTTAGG-1,1,49,111,4743,15558
TGAGTTAAAGACATTC-1,1,48,112,4604,15317
AACAGGTAGTATGGAT-1,1,49,113,4466,15558
GAACGCGGGTCACACG-1,1,48,114,4327,15317
TGTTTGAGATCGTCAG-1,1,49,115,4188,15558
ATCTCGTGAGCGAAAC-1,1,48,116,4050,15316
CTGAGAAAGTTCGGCG-1,1,49,117,3911,15557
ATTACCACACTGCCTG-1,1,48,118,3773,15316
CTGCTGTCTAACGAGC-1,1,49,119,3634,15557
CGTGGAAGCCTCGTAC-1,1,48,120,3496,15316
GGACTCACAAATTAGG-1,1,49,121,3357,15557
CTTTGCTGTCATGGAT-1,1,48,122,3219,15316
GGTGTTGGGCGTCTTA-1,1,49,123,3080,15557
TACCATGTATTGATTT-1,1,48,124,2942,15315
GGTCTCCAAGTAGTGC-1,1,49,125,2803,15556
ATCCTTCTGAAAGAAC-1,1,48,126,2665,15315
CCGGAAGTTATCAGTC-1,1,49,127,2526,15556
TTAGAGGGATATACAG-1,1,50,0,20121,15813
TTGTACACCTCGAACA-1,1,51,1,19983,16054
GTGGGTACTGAGCGTA-1,1,50,2,19844,15812
CTTAAGCAGCGAGCCG-1,1,51,3,19705,16053
GCATTGACTTGCGGAA-1,1,50,4,19567,15812
CCATAACCTGTGCAGT-1,1,51,5,19428,16053
GGGCTACTATTTCGTG-1,1,50,6,19290,15812
GGCGAGCGAAACGGCA-1,1,51,7,19151,16053
GGAGACCATCTACATA-1,1,50,8,19013,15812
AGACCAAACCACACCT-1,1,51,9,18874,16053
CGACGCATCCGTACCT-1,1,50,10,18736,15811
CCTAGGTAAAGGTAGC-1,1,51,11,18597,16052
AGCGGCGGTTAGCGGT-1,1,50,12,18459,15811
CTGGACGCAGTCCGGC-1,1,51,13,18320,16052
AGCCTAATACCCACGT-1,1,50,14,18182,15811
AATCTGGCTTTCTAGT-1,0,51,15,18043,16052
CACCCTTGGTGAGACC-1,0,50,16,17904,15811
GGATCTTGACTCAACC-1,0,51,17,17766,16052
ACGAGGATACCACTCT-1,0,50,18,17627,15810
GAGTTGATGGCAATTT-1,0,51,19,17489,16051
GTGGCAAACAGCGGCA-1,0,50,20,17350,15810
GATGTAACGAACCACC-1,1,51,21,17212,16051
AGCCGTGGCTAAATGT-1,0,50,22,17073,15810
CTCCCTCCTTTCGATC-1,1,51,23,16934,16051
TTGGAAGAATACAGTC-1,1,50,24,16796,15810
AGTTAAGTCAACCGCT-1,1,51,25,16657,16051
CTCATGGTAATTTGCG-1,1,50,26,16519,15809
AAAGTAGCATTGCTCA-1,1,51,27,16380,16050
TTGTGGTAGGAGGGAT-1,1,50,28,16242,15809
AGTCGTGGGCATTACG-1,1,51,29,16103,16050
ACCTAAGTACCTTTCA-1,1,50,30,15965,15809
GTAGAGGGAGACAAGT-1,1,51,31,15826,16050
GATCCTCGACACTGGC-1,1,50,32,15688,15809
CCTACATTCACAGACG-1,1,51,33,15549,16050
TTGACCGTGTTAATGA-1,1,50,34,15411,15809
TCTGTTACCCAGCATA-1,1,51,35,15272,16049
CTAACTGGTCCGGTTC-1,1,50,36,15134,15808
AGCGACAGGAACGGTC-1,1,51,37,14995,16049
TAATAGAACAGAGTTA-1,1,50,38,14856,15808
ACAGGTGGAGGTGAGG-1,1,51,39,14718,16049
TGCGAGAATATTACCC-1,1,50,40,14579,15808
TTGCGTCGGCCAACCG-1,1,51,41,14441,16049
AGGCTTCCCGAAGAAG-1,1,50,42,14302,15808
GCGGACCGCGTTGTGG-1,1,51,43,14163,16048
GTAATCTGATTCTTCG-1,1,50,44,14025,15807
CCGCGGAATGCGTCAC-1,1,51,45,13886,16048
TTCCACACAGATTTGA-1,1,50,46,13748,15807
CTTCTATTAATGCTAG-1,1,51,47,13609,16048
CATTTGAGTGGTACGT-1,1,50,48,13471,15807
TCACAGCAAACTCGAA-1,1,51,49,13332,16048
CAGACGAACCTGATAC-1,1,50,50,13194,15807
TAGCTAGAAGGCATGA-1,1,51,51,13055,16048
ATCCAGAGCAACAACC-1,1,50,52,12917,15806
TCCGGTTCGTCCGGTC-1,1,51,53,12778,16047
CGCGCATGTTTGATTG-1,1,50,54,12640,15806
TGGCGATCAAGTTATG-1,1,51,55,12501,16047
CCCTTTGACAGGTCTT-1,1,50,56,12363,15806
CAGAGACGGTCACCCA-1,1,51,57,12224,16047
TAGCTCGCCTGATAAC-1,1,50,58,12085,15806
TTGTGTTTCCCGAAAG-1,1,51,59,11947,16047
TATACACAGACGCCTT-1,1,50,60,11808,15805
ACATTAGTTTATATCC-1,1,51,61,11670,16046
CCATCGCAGTTAAACT-1,1,50,62,11531,15805
AATTAGCGCTGCAGCG-1,1,51,63,11393,16046
TCCGCTTATCCCATTA-1,1,50,64,11254,15805
GTTTGGGCTTGTGAGC-1,1,51,65,11115,16046
CTTGTCAACATTCGAG-1,1,50,66,10977,15805
GGACCAACAGGATAAC-1,1,51,67,10838,16046
AAGCTAGATCGAGTAA-1,1,50,68,10700,15804
TACCGTGCCTCGGACC-1,1,51,69,10561,16045
GTAGCCAAACATGGGA-1,1,50,70,10423,15804
TGCCAGTACGTGGAGA-1,1,51,71,10284,16045
ATAAGGTGGAGAACAT-1,1,50,72,10146,15804
CTTTAATATTGGTCGA-1,1,51,73,10007,16045
TGGTTCAACGGGTAAT-1,1,50,74,9869,15804
GCTGCTACTGCGTAGC-1,1,51,75,9730,16045
CTGCACAACTACATAT-1,1,50,76,9592,15803
ATATTCCACATAGTGA-1,1,51,77,9453,16044
TGGCAAACTAAATTAC-1,1,50,78,9314,15803
ACCGCAATAACTGCCT-1,1,51,79,9176,16044
TCGCACCAGGAGGCAG-1,1,50,80,9037,15803
ACTTCAGGCTGATCCC-1,1,51,81,8899,16044
ACAAATCGCACCGAAT-1,1,50,82,8760,15803
TCTGATGTATTCTGTC-1,1,51,83,8622,16044
CTTTACCGAATAGTAG-1,1,50,84,8483,15802
GCAGATCCATAAGACT-1,1,51,85,8344,16043
TTCCTCGGACTAACCA-1,1,50,86,8206,15802
TTATCCGGGATCTATA-1,1,51,87,8067,16043
CTGGAAGACACGGTGG-1,1,50,88,7929,15802
GTTCGTCTAAAGAACT-1,1,51,89,7790,16043
GTCTATTGGTTCCGGT-1,1,50,90,7652,15802
CTAGGCGCCCTATCAG-1,1,51,91,7513,16043
AACGGACGTACGTATA-1,1,50,92,7375,15801
AACACACGCTCGCCGC-1,1,51,93,7236,16042
GCTACTATAGTAGAGT-1,1,50,94,7098,15801
AGCATATCAATATGCT-1,1,51,95,6959,16042
CGAACAGTATGGGCGT-1,1,50,96,6821,15801
ACAATTGTGTCTCTTT-1,1,51,97,6682,16042
GATCGCTACCCGATTT-1,1,50,98,6544,15801
ATTGCGATCAGTAACT-1,1,51,99,6405,16042
CAGCAGTCCAGACTAT-1,1,50,100,6266,15800
AGAGGCTTCGGAAACC-1,1,51,101,6128,16041
AAACAAGTATCTCCCA-1,1,50,102,5989,15800
GGCAGCAAACCTATGC-1,1,51,103,5851,16041
ACTAGTTGCGATCGTC-1,1,50,104,5712,15800
TTGGACCATCTGGCAA-1,1,51,105,5573,16041
CCCTCCTCGCTCGTAT-1,1,50,106,5435,15800
GAGCGCAAATACTCCG-1,1,51,107,5296,16041
ATTACATGTCAGTCTT-1,1,50,108,5158,15799
TTGGGACGTAAGAGTT-1,1,51,109,5019,16040
CTTCGGCCAATTGTTT-1,1,50,110,4881,15799
AGACCGCTCCGCGGTT-1,1,51,111,4742,16040
GACCGCGTCTGACGTG-1,1,50,112,4604,15799
CCAAATAACAAGATTC-1,1,51,113,4465,16040
TCTTTAGAGTCTAACA-1,1,50,114,4327,15799
CTCCCAATGAGTCGCG-1,1,51,115,4188,16040
TAGTCTTTCCGAATTG-1,1,50,116,4050,15799
GAGTAAACCGGAAAGT-1,1,51,117,3911,16039
GATCTCGACGCTGTGG-1,1,50,118,3773,15798
CTGACATAGAAATAGA-1,1,51,119,3634,16039
TATACCGAGTGCCACA-1,1,50,120,3495,15798
TCCGAACGTTGCCGCT-1,1,51,121,3357,16039
GCAGAAGGTAATCTCC-1,1,50,122,3218,15798
GGTACTAAGTGCTTTG-1,1,51,123,3080,16039
CAGAATATTCGTTATC-1,1,50,124,2941,15798
TAATCAACCAAATGGG-1,1,51,125,2803,16038
TCTGCTTAGAACAAGC-1,1,50,126,2664,15797
AACTGAGTTATACTGA-1,1,51,127,2525,16038
CCTCAACGATCGCTGT-1,1,52,0,20121,16295
CGGTACGGCAAACCCA-1,1,53,1,19982,16536
CAGATGTTTGTCCCAA-1,1,52,2,19844,16295
GTTTGTTAGCCAAGTA-1,1,53,3,19705,16536
ACGTGACAAAGTAAGT-1,1,52,4,19567,16294
TTGTCACCGCGGTATC-1,1,53,5,19428,16535
GATCTAACCGTATTCA-1,1,52,6,19290,16294
ATGGAAATTTAAGGAG-1,1,53,7,19151,16535
ATTGATCACCACATTT-1,1,52,8,19012,16294
ACTGCTCGGAAGGATG-1,1,53,9,18874,16535
TCTAAAGAACAGTCTC-1,1,52,10,18735,16294
CTGGGTTGAGTTAAAG-1,1,53,11,18597,16535
CCCAGTAAACTTGGGA-1,1,52,12,18458,16293
AGATTCACAACCGATA-1,1,53,13,18320,16534
AGAAGGTACACTTCAC-1,1,52,14,18181,16293
GCAGGAACTTAGATCT-1,1,53,15,18042,16534
AATCTAGGTTTACTTG-1,0,52,16,17904,16293
CCCGGTGTATCGGAAT-1,0,53,17,17765,16534
TTATCCTCAAGGAATA-1,0,52,18,17627,16293
AGCATCATTTCGAAAG-1,1,53,19,17488,16534
CGCGAGTCTGCCGGGT-1,1,52,20,17350,16292
TGCGTCATGACTGAGC-1,1,53,21,17211,16533
GTATGAAATTTCACTC-1,1,52,22,17073,16292
TTGGTTGCGGTGCGCG-1,1,53,23,16934,16533
ACAGAACTGAGAACAA-1,1,52,24,16796,16292
CTACTATCATAGGTTT-1,1,53,25,16657,16533
CCTCTATCGATTAGCA-1,1,52,26,16519,16292
CCGTATCTCGTCGTAG-1,1,53,27,16380,16533
TCACGATGTCCGTGGA-1,1,52,28,16241,16291
TCAACAAAGATAATTC-1,1,53,29,16103,16532
ATGACGCGTTCTATCC-1,1,52,30,15964,16291
ATTTGCGCGAGTAGCT-1,1,53,31,15826,16532
TTCTTGGACGATCTGC-1,1,52,32,15687,16291
AGACGACGATGCCGCT-1,1,53,33,15549,16532
GGTCTCTGAATGGACT-1,1,52,34,15410,16291
GCTCAATCCGTTTATT-1,1,53,35,15271,16532
CCAGAAAGCAACTCAT-1,1,52,36,15133,16290
CACCGTTAGGGATCAC-1,1,53,37,14994,16531
AATAACACTAGAACAA-1,1,52,38,14856,16290
CACCCGGTTTGTGACT-1,1,53,39,14717,16531
CCACCAACTTTACTGT-1,1,52,40,14579,16290
AACTCTCAGTGTGCTC-1,1,53,41,14440,16531
AAACCGTTCGTCCAGG-1,1,52,42,14302,16290
CAGCGATTCCCTTCAA-1,1,53,43,14163,16531
GCTAGCTTGAATAGCT-1,1,52,44,14025,16289
TTGCGGCATCAGAAAG-1,1,53,45,13886,16530
AATAGAACAGAGTGGC-1,1,52,46,13748,16289
GCCATCGAGCTGCGTG-1,1,53,47,13609,16530
ACACTGATCAAGGTGT-1,1,52,48,13471,16289
ACCAACGCTTATTTAT-1,1,53,49,13332,16530
GACATCGATTTATAAC-1,1,52,50,13193,16289
CAGACACCGATCGCTG-1,1,53,51,13055,16530
CCAAGAAAGTGGGCGA-1,1,52,52,12916,16288
GGTAGACCGTTGGGCG-1,1,53,53,12778,16529
TCGTTAGGAGTCCCTA-1,1,52,54,12639,16288
ACGGCCAACATGGACT-1,1,53,55,12500,16529
GTGAGTGGTACAACGC-1,1,52,56,12362,16288
GAGACTTCGCGACCGA-1,1,53,57,12223,16529
GAAGTCAGTTGCACTA-1,1,52,58,12085,16288
GTTTGGTAGGGTCAAC-1,1,53,59,11946,16529
ACGGCACTTGCTTGGG-1,1,52,60,11808,16287
CCTCTGTACTATTCTA-1,1,53,61,11669,16528
CTATTCATGTGTCCCA-1,1,52,62,11531,16287
GCCCGATCTGTGGTCG-1,1,53,63,11392,16528
TTAGAAGAACATGACT-1,1,52,64,11254,16287
AGGATAAAGTCGGGAT-1,1,53,65,11115,16528
CGGCAAACATCGTGCG-1,1,52,66,10977,16287
CTAGTTACAACCCGGT-1,1,53,67,10838,16528
TTCGACAGAGCCCGTG-1,1,52,68,10700,16287
AAGCATACTCTCCTGA-1,1,53,69,10561,16527
GACGACGATCCGCGTT-1,1,52,70,10422,16286
GGTAGAAGACCGCCTG-1,1,53,71,10284,16527
GAGATGGGAGTCGACA-1,1,52,72,10145,16286
AACGATAATGCCGTAG-1,1,53,73,10007,16527
TGGTCCCACGCTACGG-1,1,52,74,9868,16286
CTGCTTGGCGATAGCT-1,1,53,75,9730,16527
ATCGGAGACAGACGGC-1,1,52,76,9591,16286
TAGCGTCCGGTGTGGT-1,1,53,77,9452,16526
GTTGAGTCCCGCCGGT-1,1,52,78,9314,16285
AAATAGGGTGCTATTG-1,1,53,79,9175,16526
AAGTGTTTGGAGACGG-1,1,52,80,9037,16285
AGCACTACCTCACCAG-1,1,53,81,8898,16526
TGCCTTGGCCAGGCAA-1,1,52,82,8760,16285
TCGTCTTAGGCGTTAA-1,1,53,83,8621,16526
TTCTGACCGGGCTCAA-1,1,52,84,8483,16285
CAGAACTTAGCCCTCT-1,1,53,85,8344,16526
AGCTCCTTCGCACATC-1,1,52,86,8206,16284
ACAGGCTTGCCCGACT-1,1,53,87,8067,16525
GCTATACGTCTCGGAC-1,1,52,88,7929,16284
GAGCCAGCTACCTGTG-1,1,53,89,7790,16525
TGCTAAGTGTCTATTT-1,1,52,90,7651,16284
GTCCTACGAATAGTCT-1,1,53,91,7513,16525
CAGTGTCGGCTGGCCC-1,1,52,92,7374,16284
CTATCGACGAAATACA-1,1,53,93,7236,16525
CATCATTACCCTGAGG-1,1,52,94,7097,16283
TAAGTTGCGACGTAGG-1,1,53,95,6959,16524
AGTGCACGCTTAAGAA-1,1,52,96,6820,16283
TGTGCCGGTGCCGGAA-1,1,53,97,6681,16524
AGGAGGCCTTCGCGCG-1,1,52,98,6543,16283
TCCGCGGCCCAATGAA-1,1,53,99,6404,16524
TCCGTTAAGCTAATAT-1,1,52,100,6266,16283
AAATCTAGCCCTGCTA-1,1,53,101,6127,16524
CGCAGGCGATCCAAAC-1,1,52,102,5989,16282
CCATATGGAAACTATA-1,1,53,103,5850,16523
CACCGTATCCCATCCG-1,1,52,104,5712,16282
GGTCAAGACTACTTCG-1,1,53,105,5573,16523
CCCGTTTCGCAGATGT-1,1,52,106,5435,16282
GTTATAATACGGTGAA-1,1,53,107,5296,16523
ACTTGTGGATGGAACG-1,1,52,108,5158,16282
GTTCGCTGAGACGTCT-1,1,53,109,5019,16523
GACACTGGAACCCGAT-1,1,52,110,4881,16281
CCCAGGTCTGAAGGCT-1,1,53,111,4742,16522
TCTCGAGGAGGTTCGC-1,1,52,112,4603,16281
ACTATCTGCCCGCGTA-1,1,53,113,4465,16522
CCTAAATTGTATCCTA-1,1,52,114,4326,16281
AGAAATTATGACTCGC-1,1,53,115,4188,16522
TCCAGCGCTATAAGCG-1,1,52,116,4049,16281
TCGTGTATTGGTCACG-1,1,53,117,3910,16522
CCACATACTGCACCCA-1,1,52,118,3772,16280
GTTGCGGACGGTCAGG-1,1,53,119,3633,16521
GTATTTAATGGCATAA-1,1,52,120,3495,16280
GTCGATAGGTGACTTT-1,1,53,121,3356,16521
AATAATCTTCGTATCG-1,1,52,122,3218,16280
ATTGTTCAACGATCCG-1,1,53,123,3079,16521
GTGCAGCGTAGAGTAG-1,1,52,124,2941,16280
TGTGGTAGGGTGCCTT-1,1,53,125,2802,16521
TGTGGACTATCTACGT-1,1,52,126,2664,16279
GGCGGGCTCTAAGAGT-1,1,53,127,2525,16520
TGTGCCAGAGGCAAAG-1,1,54,0,20120,16777
TGGCTTATGTATAATG-1,1,55,1,19982,17018
GCAAGCTGGAAACCGC-1,1,54,2,19843,16777
GATATCAAGCAGGAGC-1,1,55,3,19705,17018
CACCAATCATCCGTCT-1,1,54,4,19566,16776
CCACATGGCTCTTTAT-1,1,55,5,19427,17017
GTCCTACTCTACGGGC-1,1,54,6,19289,16776
CTCGAGACATACGATA-1,1,55,7,19150,17017
TATCAGTGGCGTAGTC-1,1,54,8,19012,16776
TGACAGGACAAGTCCA-1,1,55,9,18873,17017
TATTAACACCAAAGCA-1,1,54,10,18735,16776
TAGGCGATGAGGTCTC-1,1,55,11,18596,17017
CCGCCGGAACTTCTCG-1,1,54,12,18458,16775
GCCATTAGCCTCAAAC-1,1,55,13,18319,17016
GTTAGGCTACCCGTTT-1,1,54,14,18181,16775
GGGTATTCTAGCAAAC-1,1,55,15,18042,17016
GCCCTAGCCGTCGCGA-1,1,54,16,17904,16775
CAGATCCTGGTTTGAA-1,1,55,17,17765,17016
CTTCAGTGGTCGCCTA-1,1,54,18,17627,16775
GGGCAACCGCACGTGC-1,1,55,19,17488,17016
GACCCAATTATGATAC-1,1,54,20,17349,16775
GAAGCTCGGACCCGTC-1,1,55,21,17211,17015
CGTCGGGTCTAAGCGC-1,1,54,22,17072,16774
GAGGCCCGACTCCGCA-1,1,55,23,16934,17015
TTGCCATAGCCCGCTC-1,1,54,24,16795,16774
TAACATACACGCGATC-1,1,55,25,16656,17015
CCGACGGGCATGAGGT-1,1,54,26,16518,16774
AATGTGCCCGAGGTGT-1,1,55,27,16379,17015
AGCTGTAACCTCAATC-1,1,54,28,16241,16774
CGAGTGAAGGTACCAG-1,1,55,29,16102,17014
AGTCTCACAAGACTAC-1,1,54,30,15964,16773
AAATTGATAGTCCTTT-1,1,55,31,15825,17014
TAAGTCGCCGAGTATC-1,1,54,32,15687,16773
GCGGAGAAACTTCGCA-1,1,55,33,15548,17014
GGCAAAGGCGCCAATA-1,1,54,34,15410,16773
ATTTCCGGGTTCTGCG-1,1,55,35,15271,17014
TAAACCCAGGAGGGCA-1,1,54,36,15133,16773
TTCGGGCGCTAGTCTT-1,1,55,37,14994,17014
GTGGAGTCGGCGGTTG-1,1,54,38,14856,16772
GCACGCCTACTTAGAT-1,1,55,39,14717,17013
CAATATTCTTGACCTA-1,1,54,40,14578,16772
CGTTTGTGTAGAGGGT-1,1,55,41,14440,17013
CATAGCGTTGCCCACC-1,1,54,42,14301,16772
TGATACATTTAGCCGT-1,1,55,43,14163,17013
TTCCGGCCTTGAGGCT-1,1,54,44,14024,16772
CCTATACCGTCCTGTC-1,1,55,45,13886,17013
TCGTTGCTATCCGGTC-1,1,54,46,13747,16771
TGGCGACTGCTCCAAA-1,1,55,47,13608,17012
CAGAGGCGATGCATGA-1,1,54,48,13470,16771
TCACAGGAGAATAAGA-1,1,55,49,13331,17012
GGGTTAACATTTGAGT-1,1,54,50,13193,16771
GCGGGCGAGCCTTACC-1,1,55,51,13054,17012
TGCCAATGGGTACTCT-1,1,54,52,12916,16771
AGGGACTCTACGCGAC-1,1,55,53,12777,17012
GACGCCGTAAAGGCTA-1,1,54,54,12639,16770
AAAGGCTCTCGCGCCG-1,1,55,55,12500,17011
CTGGCTGGTTGTCAGT-1,1,54,56,12362,16770
ACATCCCGGCCATACG-1,1,55,57,12223,17011
CTCTTGTCCCGCTTGG-1,1,54,58,12085,16770
TACGCCTCCATTCCGA-1,1,55,59,11946,17011
CGGAGCAATTTAATCG-1,1,54,60,11808,16770
AACTAGGCTTGGGTGT-1,1,55,61,11669,17011
GCGTCGCCAGGGTGAT-1,1,54,62,11530,16769
GTTGGTCATGCTATCC-1,1,55,63,11392,17010
GCTGGCGGCGCATGCT-1,1,54,64,11253,16769
TGAGCGGAAAGTGTTC-1,1,55,65,11115,17010
CTTTCTGTGCGGGCTT-1,1,54,66,10976,16769
ATCTAATATCCTACGG-1,1,55,67,10837,17010
AACCTTTAAATACGGT-1,1,54,68,10699,16769
TTCACTCGAGCACCTA-1,1,55,69,10560,17010
CTGCACTCCAGTACAG-1,1,54,70,10422,16768
CCATTTCTACCTATTA-1,1,55,71,10283,17009
CAAGCGGCACATAATT-1,1,54,72,10145,16768
GTTAACATCACTTAAA-1,1,55,73,10006,17009
ATATAAATGTAGCTGC-1,1,54,74,9868,16768
GCCTCTATACATAGCA-1,1,55,75,9729,17009
GTGTCGTATAGCGTTC-1,1,54,76,9591,16768
ATACGTACTTAGCCAC-1,1,55,77,9452,17009
GCTATCATACTCATGG-1,1,54,78,9314,16767
TATCCAATTGGTTATC-1,1,55,79,9175,17008
TCTCCCTGGGCAGCGT-1,1,54,80,9037,16767
CCTATAATGAGTGCCC-1,1,55,81,8898,17008
CAATGCGAGAAGTATC-1,1,54,82,8759,16767
TACCAATAAAGTACCA-1,1,55,83,8621,17008
GCTAGGCACCACGGAG-1,1,54,84,8482,16767
GGTGGACTGCTCTGGC-1,1,55,85,8344,17008
TATTCCGAGCTGTTAT-1,1,54,86,8205,16766
TTGAGAAGTTTAGCAT-1,1,55,87,8067,17007
GTCCGGACCTGAAATT-1,1,54,88,7928,16766
CTGTGGTCGGGAGATA-1,1,55,89,7789,17007
CATGTAAGAGACATTT-1,1,54,90,7651,16766
CACGTTTCGTACACAC-1,1,55,91,7512,17007
CATCCTCTCAAAGATC-1,1,54,92,7374,16766
GATTAACCGAAAGCCC-1,1,55,93,7235,17007
AACGCTGTTGCTGAAA-1,1,54,94,7097,16765
TTCAGCTGGCGTGCCC-1,1,55,95,6958,17006
TAGAGGTTCTACTTGT-1,1,54,96,6820,16765
GTATCAAACGTTAGCT-1,1,55,97,6681,17006
AATCATGTAAAGACTC-1,1,54,98,6543,16765
AGTCACTAGCTCTCGA-1,1,55,99,6404,17006
GCGAAACGATCGGGAG-1,1,54,100,6266,16765
CATGGATTGTCTTCCG-1,1,55,101,6127,17006
ATTGGATTACAGCGTA-1,1,54,102,5988,16765
CACACACGCTAACGAG-1,1,55,103,5850,17005
CTATGGGAAGCGGAAT-1,1,54,104,5711,16764
TGCCTAATTGAAGATT-1,1,55,105,5573,17005
TGGCAATGGGACGGCG-1,1,54,106,5434,16764
ACCTCCGCCCTCGCTG-1,1,55,107,5296,17005
CGGCAATAAGATCGCC-1,1,54,108,5157,16764
CCTTGACCACTTTATT-1,1,55,109,5018,17005
TCATTTAGAAGTGTGA-1,1,54,110,4880,16764
CAGAATAACACACGGA-1,1,55,111,4741,17004
TCTGAGCAATTGACTG-1,1,54,112,4603,16763
CAACGTGGTGGAGTCT-1,1,55,113,4464,17004
CACAGTTCGCTTCCCA-1,1,54,114,4326,16763
TCTCTCGCCGCACATA-1,1,55,115,4187,17004
TGGGCAGGCCACCGCA-1,1,54,116,4049,16763
CTCCTGTTCAAGGCAG-1,1,55,117,3910,17004
TATTTGATTTGCACAG-1,1,54,118,3772,16763
GCCACTCCTTACGGTA-1,1,55,119,3633,17004
ACCGATATTTAATCAT-1,1,54,120,3495,16762
TTATTATCTGGAAGGC-1,1,55,121,3356,17003
TACATGCCGGAATTGT-1,1,54,122,3218,16762
GGCACTCAGCCGACCC-1,1,55,123,3079,17003
AAACCGGAAATGTTAA-1,1,54,124,2940,16762
AGACAGGCATCTCAGC-1,1,55,125,2802,17003
GTGGTGATGGTTTGTG-1,1,54,126,2663,16762
CCGATATGACGTAAGG-1,1,55,127,2525,17003
CATACACAAAGTCAGC-1,1,56,0,20120,17259
TGCCGTTCTTAATCGG-1,1,57,1,19981,17500
TCGAGTCTACGATTCG-1,1,56,2,19843,17259
ACTTCCAGTGGAAGCT-1,1,57,3,19704,17500
CAATTGGGCCGCACTC-1,1,56,4,19566,17259
AAATCGCGGAAGGAGT-1,1,57,5,19427,17500
ATATCAATTCCAGCCT-1,1,56,6,19289,17258
CTTTGTCGAATGCTCC-1,1,57,7,19150,17499
TGAGGCATGTACTGTG-1,1,56,8,19012,17258
TTCGCCGCTCGCGCTA-1,1,57,9,18873,17499
GACTCCTTCCAATTGA-1,1,56,10,18735,17258
ACCGAAGAGTCTGGTT-1,1,57,11,18596,17499
TGGCATGAAGTTTGGG-1,1,56,12,18457,17258
ACGAGGTTTACAACGT-1,1,57,13,18319,17499
AACCCATCCCATGATC-1,1,56,14,18180,17257
TCGACAACTGAACCCG-1,0,57,15,18042,17498
TATCTTGCAATACAAC-1,1,56,16,17903,17257
TATTATGTTTGCCTGC-1,1,57,17,17764,17498
GTCAAAGAAGTGGTGT-1,1,56,18,17626,17257
GGGACAGAGTTACTCC-1,1,57,19,17487,17498
AGCAACCGAAAGTAAT-1,1,56,20,17349,17257
CTCTCTAACTGCCTAG-1,1,57,21,17210,17498
ATACGGAACGTCGTTT-1,1,56,22,17072,17256
TCGGTCCCGACAATAG-1,1,57,23,16933,17497
CGCGCAAATGTCCAGA-1,1,56,24,16795,17256
TCTAATACTGCCTCAG-1,1,57,25,16656,17497
CTCGGTTGTCGGCCCT-1,1,56,26,16518,17256
GGTAACCGGGAGGATA-1,1,57,27,16379,17497
CAGGCGCACGGTGGTC-1,1,56,28,16241,17256
TCATCGATGGTCCCAA-1,1,57,29,16102,17497
CAAAGATTATTGGGCC-1,1,56,30,15964,17255
ACAATGAATACGGAGA-1,1,57,31,15825,17496
GCTCCTGACATACTGG-1,1,56,32,15686,17255
GATGACAAGTAGGGCA-1,1,57,33,15548,17496
TACGCCGAGGGTACCC-1,1,56,34,15409,17255
AAGCGTCCCTCATCGA-1,1,57,35,15271,17496
CACTCCTATGTAAGAT-1,1,56,36,15132,17255
TCGAGCCAGGCAGGCC-1,1,57,37,14993,17496
TCGTCAAGTACGCGCA-1,1,56,38,14855,17254
CCCGTAGCTGGGAAGA-1,1,57,39,14716,17495
ACCCTATGCCATATCG-1,1,56,40,14578,17254
GTGGTATAGTCTGCCG-1,1,57,41,14439,17495
CCGGTTTGTAATTGTG-1,1,56,42,14301,17254
GTCGCCGTTGTGTGTT-1,1,57,43,14162,17495
TACTGAACAGATTTAG-1,1,56,44,14024,17254
TATTAACCTGACCGCG-1,1,57,45,13885,17495
CTGTAGCCATCTCACT-1,1,56,46,13747,17253
TACTATGGTTCCTCAG-1,1,57,47,13608,17494
GAGTCAGACCAGAATC-1,1,56,48,13470,17253
TAAGGCATAACATCAA-1,1,57,49,13331,17494
CTTCCGCTCCGTGAAG-1,1,56,50,13193,17253
GGGCTATGATCGATGG-1,1,57,51,13054,17494
GGTCGGTCGTCCACAG-1,1,56,52,12915,17253
GGGACCCGTATATCTT-1,1,57,53,12777,17494
GAAAGCAGTGCACTTT-1,1,56,54,12638,17253
AGCGCATAATGAATCG-1,1,57,55,12500,17493
GCTGCTAAGTAGTCGA-1,1,56,56,12361,17252
AATAGTCCGTCCCGAC-1,1,57,57,12223,17493
AGCAGCCAGATGAATA-1,1,56,58,12084,17252
CCTCGCGCTGTGCGAT-1,1,57,59,11945,17493
TTGTGTATGCCACCAA-1,1,56,60,11807,17252
TGCTCGGCGAAACCCA-1,1,57,61,11668,17493
CGATTAAATATCTCCT-1,1,56,62,11530,17252
TGCCGTGGATCGTCCT-1,1,57,63,11391,17492
GTGGACGCATTTGTCC-1,1,56,64,11253,17251
ACCCGGAAACTCCCAG-1,1,57,65,11114,17492
CCGCATGTGGTACGAT-1,1,56,66,10976,17251
GCAAACCTTGGCCATA-1,1,57,67,10837,17492
ATTCACTGATGTTGGA-1,1,56,68,10699,17251
ACTCCCTAATGCTAAA-1,1,57,69,10560,17492
TCCTAAATTGGGAAGC-1,1,56,70,10422,17251
GAACAGATTACTAAAT-1,1,57,71,10283,17492
ATACAGGCCCTCCAAT-1,1,56,72,10145,17250
CGATTCGCCTGGCTGC-1,1,57,73,10006,17491
TCCGCCTGTCTACAAG-1,1,56,74,9867,17250
CACATCTCACCGACGA-1,1,57,75,9729,17491
CGTCGTCCTTCGCGAA-1,1,56,76,9590,17250
CGTTGAATACCGCGCT-1,1,57,77,9452,17491
ACCAATATGCAAGTTA-1,1,56,78,9313,17250
ACGGATGGTGCGGATA-1,1,57,79,9174,17491
CACCCTAACAAGATCT-1,1,56,80,9036,17249
AAGCTCTTTCATGGTG-1,1,57,81,8897,17490
CATGGGTATGCCTTAT-1,1,56,82,8759,17249
GCGCGTCATTGGTACA-1,1,57,83,8620,17490
TCTGAAGCACGTGGTC-1,1,56,84,8482,17249
AAGTTCACTCCAAGCT-1,1,57,85,8343,17490
TTGGACCTATAACAGT-1,1,56,86,8205,17249
ATCAGCCTCATGCTGC-1,1,57,87,8066,17490
AGTACTCTTATGCCCA-1,1,56,88,7928,17248
GCGCTTAAATAATTGG-1,1,57,89,7789,17489
TTGTGAACCTAATCCG-1,1,56,90,7651,17248
AGTCGTCGACCACCAA-1,1,57,91,7512,17489
TCCTTTAAATCCGCTT-1,1,56,92,7374,17248
ACTGAAACGCCGTTAG-1,1,57,93,7235,17489
GCACACACTGGTAGCC-1,1,56,94,7096,17248
TAAGGGCCTGTCCGAT-1,1,57,95,6958,17489
GCTAGAGTAGAGATGT-1,1,56,96,6819,17247
CACAGGGCCATATAGT-1,1,57,97,6681,17488
CCATGCCCTAGATTTC-1,1,56,98,6542,17247
TCGCGTAGCAGTGTCC-1,1,57,99,6403,17488
GACGAGGCTAATAAAC-1,1,56,100,6265,17247
CTACACTCGCAGATGG-1,1,57,101,6126,17488
ACGCATACGTTTACTA-1,1,56,102,5988,17247
GGAGCAACATTTCAAG-1,1,57,103,5849,17488
CGAGAGGGTAGCCGCG-1,1,56,104,5711,17246
TCGTGTTCGACCACAA-1,1,57,105,5572,17487
TCTACCCAATAGAGAG-1,1,56,106,5434,17246
ATAAACGTTGCACCAC-1,1,57,107,5295,17487
TCAACTGCAGAGTCAG-1,1,56,108,5157,17246
AGCTCCATATATGTTC-1,1,57,109,5018,17487
GTAACATCTAAGATAA-1,1,56,110,4880,17246
CCGACAATAGGCCGCC-1,1,57,111,4741,17487
ATGCTTAGGAGTTGAT-1,1,56,112,4603,17245
AACCCGAGCAGAATCG-1,1,57,113,4464,17486
CGGGTTTGTTAGGGCT-1,1,56,114,4325,17245
AGGCACGTGACTGTCC-1,1,57,115,4187,17486
GACAAGAGATGAGATT-1,1,56,116,4048,17245
AGCCCTTGGACATCCC-1,1,57,117,3910,17486
GCAGTTCGATCCGAGC-1,1,56,118,3771,17245
TCGAGGGCAACAGACG-1,1,57,119,3633,17486
ACTTTGTCGACGCACT-1,1,56,120,3494,17244
GAGTATCAAAGTTACA-1,1,57,121,3355,17485
CCAGGCTGGCGTCTGA-1,1,56,122,3217,17244
GGACTCTTCCGGTTGA-1,1,57,123,3078,17485
TCCCAGCACACGACAT-1,1,56,124,2940,17244
GCTCCATGAGTGCAGA-1,1,57,125,2801,17485
GCAGTGCGGGCGGATG-1,1,56,126,2663,17244
GCGTTCTGACTAAGCG-1,1,57,127,2524,17485
ATTTGGAGATTGCGGT-1,1,58,0,20120,17741
AAGGGTTTGATTTCAG-1,1,59,1,19981,17982
CCGGCCGCGAGCATAT-1,1,58,2,19842,17741
GAGTTCTGTGGGTGCT-1,1,59,3,19704,17982
AAACGAAGATGGAGTA-1,1,58,4,19565,17741
AATTACGAGACCCATC-1,1,59,5,19427,17982
CCTTTGAATTATGGCT-1,1,58,6,19288,17741
CATGGTATTAGTTTGT-1,1,59,7,19150,17981
AACGAAAGTCGTCCCA-1,1,58,8,19011,17740
ACATAAGTCGTGGTGA-1,1,59,9,18872,17981
GCACAACCTCGGGCGT-1,1,58,10,18734,17740
ATGCACGCGCTGTTCA-1,1,59,11,18595,17981
CGATGTTGTTATCTAC-1,1,58,12,18457,17740
GTCTCCTGCCAGTATG-1,1,59,13,18318,17981
GATGCCTTCTGCGGCA-1,1,58,14,18180,17740
ACCGGTCAGGTACACC-1,1,59,15,18041,17980
GTGGAGCGTTTACCGA-1,1,58,16,17903,17739
AGGCGGTTTGTCCCGC-1,1,59,17,17764,17980
TCCCTGGCGTATTAAC-1,1,58,18,17626,17739
AAACACCAATAACTGC-1,1,59,19,17487,17980
TGGACGCAATCCAGCC-1,1,58,20,17349,17739
GGAACCTTGACTCTGC-1,1,59,21,17210,17980
GTATCTCAGTCTTGAC-1,1,58,22,17072,17739
GCTGAATCTTCCAATC-1,1,59,23,16933,17980
AGATGCAAGACGTGCA-1,1,58,24,16794,17738
TTAAGGCCCGTACTTT-1,1,59,25,16656,17979
AGTATGCTGGAGACCA-1,1,58,26,16517,17738
GCGGCAAAGTATTGCC-1,1,59,27,16379,17979
GCGCAAATATATTCAA-1,1,58,28,16240,17738
GAAGAAACGATATTGT-1,1,59,29,16101,17979
GGACCTCTAGGCCGCC-1,1,58,30,15963,17738
AACAGCTGTGTGGCAA-1,1,59,31,15824,17979
TCGAATATCCCGCAGG-1,1,58,32,15686,17737
GCGACCCAACCATCTG-1,1,59,33,15547,17978
AGAGAAGGAGTACAAT-1,1,58,34,15409,17737
GGCTCCTCCACCTGTT-1,1,59,35,15270,17978
TCAGTGTATACGTCAT-1,1,58,36,15132,17737
ATTATTATGTCCGTCA-1,1,59,37,14993,17978
TTAGGTCATAACCGAC-1,1,58,38,14855,17737
AAGATGGCACCGGACC-1,1,59,39,14716,17978
CTACAAGAAATAACCC-1,1,58,40,14578,17736
ACTATTTCCGGGCCCA-1,1,59,41,14439,17977
TTGTTTCACATCCAGG-1,1,58,42,14301,17736
CGCTGTGTGGATGTTG-1,1,59,43,14162,17977
TCAACATAGCGCCCTA-1,1,58,44,14023,17736
GGCCGTTTGGGTTTCA-1,1,59,45,13885,17977
TACTCTTTCGTCTTCA-1,1,58,46,13746,17736
TTCGCGCGCCATACGA-1,1,59,47,13608,17977
CGGAAAGAATCAAACG-1,1,58,48,13469,17735
AGGCAGGGAGCGTACT-1,1,59,49,13330,17976
CCTTTAAGGGAGCACT-1,1,58,50,13192,17735
CGCCCAGCACGCCTAG-1,1,59,51,13053,17976
AGTATTTGGCACGACC-1,1,58,52,12915,17735
TATCCGCACCGTCGGG-1,1,59,53,12776,17976
ACCCGTGTCATCAGTA-1,1,58,54,12638,17735
CAACTGCTCATCCGAT-1,1,59,55,12499,17976
CCGGAGCGTACTTTCT-1,1,58,56,12361,17734
TACCGTAGGTTAACTA-1,1,59,57,12222,17975
TGAGGAGTGCCAGCTT-1,1,58,58,12084,17734
CCAGTCTTGTCATAGA-1,1,59,59,11945,17975
GGGCAGAGCAATCGTT-1,1,58,60,11807,17734
TACCAAATAGCCCAGA-1,1,59,61,11668,17975
TACCTACTCCCAGTAT-1,1,58,62,11530,17734
TGTGAGACTAGCCCAA-1,1,59,63,11391,17975
ATACCTAACCAAGAAA-1,1,58,64,11252,17733
GTCGGGAAGCAGAAAC-1,1,59,65,11114,17974
AATTAACGGATTTCCA-1,1,58,66,10975,17733
GAACCCTCTGTGTTCT-1,1,59,67,10837,17974
ATATAAAGCGCTCGTG-1,1,58,68,10698,17733
CCTGGTCGAATGTGGG-1,1,59,69,10560,17974
CTAGGTTCGGACGTGA-1,1,58,70,10421,17733
TCGGGAGACAGCGTAC-1,1,59,71,10282,17974
CATAAGAAGCTTGGCT-1,1,58,72,10144,17732
AAGCACCCTGCGTATC-1,1,59,73,10005,17973
AGTTTGCACCTGCCTC-1,1,58,74,9867,17732
GACTGCAAATCGAGCT-1,1,59,75,9728,17973
GTGTATATCAGCGGGC-1,1,58,76,9590,17732
CTTCAACTCCACTTGG-1,1,59,77,9451,17973
ACTTACGCATCCACGC-1,1,58,78,9313,17732
CATGAGATGCACTCTC-1,1,59,79,9174,17973
GAGCACCTGTGTCCAG-1,1,58,80,9036,17731
CGCGACCGCGACAGAT-1,1,59,81,8897,17972
GTCCCGCGACGTTATG-1,0,58,82,8759,17731
GCAGTGTGGCTATAGG-1,1,59,83,8620,17972
ATACTGCCTTACACCG-1,0,58,84,8482,17731
TACAGAAACGGTGGGC-1,1,59,85,8343,17972
GGCGCGGAGATCTTTC-1,0,58,86,8204,17731
CGTTAATGTCCCGACG-1,1,59,87,8066,17972
GCTAACTGAAGTCTGA-1,0,58,88,7927,17731
AGTGATAACCTGCGCG-1,1,59,89,7789,17971
TATGATCTTCTCTTTA-1,0,58,90,7650,17730
TGTACCTACACGAGGG-1,1,59,91,7511,17971
ATATCGTTCCTCGAAC-1,0,58,92,7373,17730
CGGCGCCATCAATCCC-1,1,59,93,7234,17971
CCTGTTTGAAGACACG-1,0,58,94,7096,17730
GCCACTCAGAGCGCGA-1,1,59,95,6957,17971
TCGGCTTGTATCGACG-1,0,58,96,6819,17730
TAGATGGTTCCTTACT-1,1,59,97,6680,17970
ATCGTTAGCTAGCGGA-1,0,58,98,6542,17729
ACAGCGACATTCTCAT-1,1,59,99,6403,17970
ATTCAACCATTTAAGG-1,0,58,100,6265,17729
CACTCTTCTGCTAGCC-1,1,59,101,6126,17970
CTAACTGATAATCGCC-1,0,58,102,5988,17729
TGATGTCAATTAAGTG-1,1,59,103,5849,17970
CGCCGTTCAGCATAGT-1,0,58,104,5711,17729
ATACTACCCGTACCAC-1,1,59,105,5572,17970
CCACTGTTTGGATTAA-1,0,58,106,5433,17728
CACTACGGGAGCTGCC-1,1,59,107,5295,17969
GACCAAACGTTGACTG-1,0,58,108,5156,17728
AAGAGGCCCTTTGGAA-1,1,59,109,5018,17969
ACACGTAGGCCACAAG-1,0,58,110,4879,17728
TACTCTTACTTTACTG-1,1,59,111,4740,17969
AGAGCCGCCGAGATTT-1,1,58,112,4602,17728
GGCCTGCTTCTCCCGA-1,1,59,113,4463,17969
TCAAGCGCGGACGGTA-1,1,58,114,4325,17727
ACACTGGGACAGTCGT-1,1,59,115,4186,17968
TGTGTAGTAGCACGTG-1,1,58,116,4048,17727
CTAGCCACAGGCGAGC-1,1,59,117,3909,17968
CTATCGCGTAGAGAAC-1,1,58,118,3771,17727
GTTCCCGTAAACATAT-1,1,59,119,3632,17968
TCTTTCCTTCGAGATA-1,1,58,120,3494,17727
ATATTGGAGAGGCCTT-1,1,59,121,3355,17968
AGGCGATAACTGGCGT-1,1,58,122,3217,17726
ACCCGGAGCACCACAA-1,1,59,123,3078,17967
TGAGCTCAACTGTATA-1,1,58,124,2940,17726
ACGACCCATGAGTTGC-1,1,59,125,2801,17967
CGGTCAGTCCATATTT-1,1,58,126,2662,17726
TCCGGCTGTCGGGTCG-1,1,59,127,2524,17967
ATTCCCGAAGGTACAG-1,1,60,0,20119,18223
CTAACAGCACAATAAC-1,1,61,1,19980,18464
TTGTGCGGAAGCGGAT-1,1,60,2,19842,18223
GGGCACTATTGACCAT-1,1,61,3,19703,18464
CCATAGAGGCTGCCAG-1,1,60,4,19565,18223
CCGAAGCATTGACCAA-1,1,61,5,19426,18464
TACTGAGGGAAGAAAG-1,1,60,6,19288,18223
TATGTAGAAACCCGGC-1,1,61,7,19149,18464
TGGTTAACTTACATTT-1,1,60,8,19011,18222
AGAACCCTCAATTGGG-1,1,61,9,18872,18463
CCTATATCGTGTCACG-1,1,60,10,18734,18222
ACGGCTGGATGTAGAA-1,1,61,11,18595,18463
CTCGCATTGCATAGCC-1,1,60,12,18457,18222
ACTTTGGTCGTGCTCC-1,1,61,13,18318,18463
GCTGGTTTAGGCCATA-1,1,60,14,18179,18222
TGTCGTTATCACATAT-1,1,61,15,18041,18463
ACACATGATCAAATCT-1,1,60,16,17902,18221
TATCCATCTCGGTTAG-1,1,61,17,17764,18462
CTCGTCGAGGGCTCAT-1,1,60,18,17625,18221
ATCAATGCCGTGGCTG-1,1,61,19,17487,18462
GAAACATAGGAAACAG-1,1,60,20,17348,18221
TAATAGGTCACCAGAA-1,1,61,21,17209,18462
CACCAGTCAGCATGCA-1,1,60,22,17071,18221
GAGCGCTGTTAGGTAA-1,1,61,23,16932,18462
CCCTATGTAGAGCAGA-1,1,60,24,16794,18220
GATCGCTATATCTCAG-1,1,61,25,16655,18461
AAGGGACTATGCATTC-1,1,60,26,16517,18220
CTCGGGTTCTCTGGCC-1,1,61,27,16378,18461
TATATATCGAGAAATG-1,1,60,28,16240,18220
ACCCGAGCGAAATTAC-1,1,61,29,16101,18461
TTGTTTCATTAGTCTA-1,1,60,30,15963,18220
ATGGGACCTGCTGAAC-1,1,61,31,15824,18461
TGCGACGGCCGAACGT-1,1,60,32,15686,18219
AGCTAACAAGCAATGT-1,1,61,33,15547,18460
CGTGTCTCGTTACGAC-1,1,60,34,15409,18219
CTAAATCCGGTGTACA-1,1,61,35,15270,18460
GAATAGTGCTCGATTA-1,1,60,36,15131,18219
AACAATACATTGTCGA-1,1,61,37,14993,18460
CACATCGTGCACGCGC-1,1,60,38,14854,18219
ACCGTGACCACGTGGG-1,1,61,39,14716,18460
CCCAATGAGATTTGCA-1,1,60,40,14577,18219
TCAGCAGTAGGCCCTG-1,1,61,41,14438,18459
CTACTCAAGGTATAGT-1,1,60,42,14300,18218
TAGTAGCTTATACCAG-1,1,61,43,14161,18459
ACGTTCGTTCAGGAAA-1,1,60,44,14023,18218
TTAGAATAAGGGTCGG-1,1,61,45,13884,18459
TTCTAGAAAGTCTTAT-1,1,60,46,13746,18218
CCTTCAGTTAAAGTGA-1,1,61,47,13607,18459
TAGCTAGTGATGATGG-1,1,60,48,13469,18218
AGCCCGGTAGCCTGTA-1,1,61,49,13330,18458
TACCTCAGTTGTCTGT-1,1,60,50,13192,18217
GACGGGTTGGCCCGTA-1,1,61,51,13053,18458
GAAACCTATACAAATG-1,1,60,52,12915,18217
TCCACCTCTAGCCTTT-1,1,61,53,12776,18458
AAGACCCAACTGAACA-1,1,60,54,12638,18217
CATACACGGTTCCCAC-1,1,61,55,12499,18458
ACTACGCGTTAGAATT-1,1,60,56,12360,18217
CTTGGCCAAGCTGGGA-1,1,61,57,12222,18458
TTACCCTAGGGATTGG-1,1,60,58,12083,18216
TTCGCACTGTACGACA-1,1,61,59,11945,18457
TAGGTGTTCCACAGAT-1,1,60,60,11806,18216
GAAGCCTGCACATTCC-1,1,61,61,11667,18457
GGCTTTCAATAAGGGT-1,1,60,62,11529,18216
TCCAGGGTATATACGA-1,1,61,63,11390,18457
CTCGCCGAATGTAGGG-1,1,60,64,11252,18216
AGGAAGCTGTCCGCCG-1,1,61,65,11113,18457
GTCTCAAGGCCCGGCT-1,1,60,66,10975,18215
ACCGACACATCTCCCA-1,1,61,67,10836,18456
TATACGCGTCATCACT-1,1,60,68,10698,18215
ATCTGGGCTGTTCTTG-1,1,61,69,10559,18456
TCAAATTTGAGACTCA-1,1,60,70,10421,18215
GTTAAGGGTGCGATGT-1,1,61,71,10282,18456
AGCAAAGGCCGCTAGT-1,1,60,72,10144,18215
TTATAGGTAATTGTCT-1,1,61,73,10005,18456
TTGTGCAGCCACGTCA-1,1,60,74,9867,18214
ACGGACTCTCAAAGCG-1,1,61,75,9728,18455
ATGCTCTGGCGCGGTA-1,1,60,76,9589,18214
ATAATCTTGGAGAACC-1,1,61,77,9451,18455
CTCATTGCTCTAACAA-1,1,60,78,9312,18214
TAGGTGACGATAACCT-1,1,61,79,9174,18455
CGGATCCTCAAGGACT-1,1,60,80,9035,18214
GGGCGTGGTTTCCCAG-1,1,61,81,8897,18455
TGGCTATGTGACATAC-1,1,60,82,8758,18213
CTTAGTGTAGTAGCAT-1,1,61,83,8619,18454
GGATTGCTGTGACTCC-1,1,60,84,8481,18213
ACTTCCATGCGGGACA-1,1,61,85,8342,18454
ACTCAAGTGCAAGGCT-1,1,60,86,8204,18213
ACAAGGATGCTTTAGG-1,1,61,87,8065,18454
TTGAACGACGTGCTGA-1,1,60,88,7927,18213
ATTCATCGTTGAGGCA-1,1,61,89,7788,18454
TGCAACCCATCTGCGG-1,1,60,90,7650,18212
AGTGCTAAACACAGCA-1,1,61,91,7511,18453
AACTCCAGAGCGTGTT-1,1,60,92,7373,18212
TCTCCACAAGTTGAAT-1,1,61,93,7234,18453
CTTTGCATCGCTCTTG-1,1,60,94,7096,18212
TCACAAACCGAGGTAC-1,1,61,95,6957,18453
CCGTAGGAAATCCCTG-1,1,60,96,6819,18212
AAACATTTCCCGGATT-1,1,61,97,6680,18453
GCCTCCGACAATTCAC-1,1,60,98,6541,18211
TCTGCATACCTTGCTT-1,1,61,99,6403,18452
ACCCATTTGTCCCTCT-1,1,60,100,6264,18211
CTGCAGAGAATCAGAG-1,1,61,101,6126,18452
GGAAACTAAATGGGCC-1,1,60,102,5987,18211
CAACCTACCGAGCAGT-1,1,61,103,5848,18452
CCGTAGGGTTGTTTAC-1,1,60,104,5710,18211
GGTTTGTGACCTGAGG-1,1,61,105,5571,18452
TAACCTAGGGAGTCCA-1,1,60,106,5433,18210
TTCCATCGACAGCGTG-1,1,61,107,5294,18451
ATCTCCCACGGAATAT-1,1,60,108,5156,18210
GTTTCAAACGAGTTGT-1,1,61,109,5017,18451
GGAACTTTGGCGATTA-1,1,60,110,4879,18210
CTGCAAGCACGTTCCG-1,1,61,111,4740,18451
CACAGTCCCGCTTCGC-1,1,60,112,4602,18210
TACGCTCGGTATTGGA-1,1,61,113,4463,18451
CTGGTAAAGTGTGGGC-1,1,60,114,4325,18210
CAACCAGTGGCCTACC-1,1,61,115,4186,18450
TCTTCGCGGTGAGAGG-1,1,60,116,4048,18209
TTCGGGTTGCCACGGG-1,1,61,117,3909,18450
ACCGATAGGCATAACC-1,1,60,118,3770,18209
CTTATAGATGGCTGTT-1,1,61,119,3632,18450
AGACGCCCACTTCGCC-1,1,60,120,3493,18209
AGGTCGCCTCCCAACA-1,1,61,121,3355,18450
CCTCACGTCAGCTAAT-1,1,60,122,3216,18209
CCACCTGTATGGAATA-1,1,61,123,3077,18449
GGACTCGAAGCTTTCA-1,1,60,124,2939,18208
AAGCCGGAGAGCAGGA-1,1,61,125,2800,18449
GCCTATCAGGTAAGAT-1,1,60,126,2662,18208
TCAGAGTGTGAGCATG-1,1,61,127,2523,18449
AAACATGGTGAGAGGA-1,1,62,0,20119,18706
ATCATTGTACCGCATT-1,1,63,1,19980,18946
TCAGCTTGAGCTTTCG-1,1,62,2,19842,18705
CCGCGCAAGATACCCA-1,1,63,3,19703,18946
CTATACTTAAAGCGAG-1,1,62,4,19565,18705
ACCGTCCACTGGGCCC-1,1,63,5,19426,18946
AAGACCAAATAACTCA-1,1,62,6,19287,18705
TGTTTCTGAAGCGTGC-1,1,63,7,19149,18946
TTCTCTTACAGGTGAT-1,1,62,8,19010,18705
AATTCATTGTCATGCA-1,1,63,9,18872,18946
GCCCGAGAGTCTAAAT-1,1,62,10,18733,18704
ATATAGAGTATTGGTC-1,1,63,11,18594,18945
TTGAAGGATGGGCGCC-1,1,62,12,18456,18704
TAGTACCACAACTTTC-1,1,63,13,18317,18945
ATCCCATCCACAGCGC-1,1,62,14,18179,18704
CTTAGGTATAGACCAG-1,1,63,15,18040,18945
TGACTCCGAATCATAC-1,1,62,16,17902,18704
ACTACATCCCGACAAG-1,1,63,17,17763,18945
TTGCCGCAGACCTACA-1,1,62,18,17625,18703
TAAGAGGGACAGGGAC-1,1,63,19,17486,18944
CGAATGAAGTCATTGC-1,1,62,20,17348,18703
AAGGGAACGACTGGCT-1,1,63,21,17209,18944
CGAATCTGCTCGACGC-1,1,62,22,17071,18703
ATCGTGGAAAGTCTGG-1,1,63,23,16932,18944
CCTATGGCTCCTAGTG-1,1,62,24,16794,18703
CGTCGCTTGGTTATAC-1,1,63,25,16655,18944
TGCTTAGAGAGAATGC-1,1,62,26,16516,18702
GATTGCTCCAGTTGCA-1,1,63,27,16378,18943
CGTGCTTCTACCTAAA-1,1,62,28,16239,18702
ACTCCAATATCATCAT-1,1,63,29,16101,18943
GCCGACCCACGACTGC-1,1,62,30,15962,18702
GAGGGTAGTAACAAAG-1,1,63,31,15824,18943
GGCCGAGACTCTGGTG-1,1,62,32,15685,18702
TATATAGGGCTTTACG-1,1,63,33,15546,18943
TGCCGGATGTACGAGC-1,1,62,34,15408,18701
AGGTAGATCGAGATAT-1,1,63,35,15269,18942
GATCAACATAAAGGGA-1,1,62,36,15131,18701
TAACAGCGTTTGTGCT-1,1,63,37,14992,18942
CTATAGGCGTTGATGT-1,1,62,38,14854,18701
GGTTTAATTACCATCG-1,1,63,39,14715,18942
CTCTTCTGGAAGTTAG-1,1,62,40,14577,18701
ATCTGACATGGAAGGA-1,1,63,41,14438,18942
TACGTACTAGTGCTGA-1,1,62,42,14300,18700
ATGACTATCAGCTGTG-1,1,63,43,14161,18941
CTTTGGGATTGTTGCA-1,1,62,44,14023,18700
AGACTGTTACCGGGTC-1,1,63,45,13884,18941
TCCTAACCGTCGGGCA-1,1,62,46,13745,18700
ACGCAAACTAATAGAT-1,1,63,47,13607,18941
AAGTGAGTCGGGTTTA-1,1,62,48,13468,18700
TAAAGCGGTATTTCCA-1,1,63,49,13330,18941
CTCCTCCAGCTCACAC-1,1,62,50,13191,18699
CGGTCCGTCGCAAGCC-1,1,63,51,13053,18940
CCTATATTTGTCCTGG-1,1,62,52,12914,18699
TCCAATAAAGGCTACC-1,1,63,53,12775,18940
AAAGGCTACGGACCAT-1,1,62,54,12637,18699
CGTGACCAGTCCTCTG-1,1,63,55,12498,18940
GATCTGCTATCTAAGG-1,1,62,56,12360,18699
CGAATGACGCATAATG-1,1,63,57,12221,18940
GCTCAATGTAATACCG-1,1,62,58,12083,18698
CTATGCCCGAATGCAA-1,1,63,59,11944,18939
CACAGGGCCGTTGTCA-1,1,62,60,11806,18698
TCAATACGCCGTCATG-1,1,63,61,11667,18939
AGCGGACACTTCGTAG-1,1,62,62,11529,18698
ATACGTTATGCACGGA-1,1,63,63,11390,18939
GAGTAGATACTAGTTG-1,1,62,64,11252,18698
CCAGCTCGAACGCATT-1,1,63,65,11113,18939
TGCTTCCCAAGCAGTA-1,1,62,66,10975,18697
GTAGACACGCCTGACT-1,1,63,67,10836,18938
CTCACATTTACTAAAT-1,1,62,68,10697,18697
GAATGCGAATCGGTTC-1,1,63,69,10559,18938
TAAGGCCCGTCACCCT-1,1,62,70,10420,18697
GAGTATGCGCGTGCAT-1,1,63,71,10282,18938
ATCCACATCGACAGAA-1,1,62,72,10143,18697
TAGACGAAACGCCAAT-1,1,63,73,10004,18938
CAGCAGTCTGTGCTGC-1,1,62,74,9866,18697
CTCACTGTGATACTTA-1,1,63,75,9727,18937
TTAATTGCTTTGGGTG-1,1,62,76,9589,18696
GTAGTCTACGATATTG-1,1,63,77,9450,18937
TTGCCGCTTTCTAGTA-1,1,62,78,9312,18696
GAACCTTTAACGATCC-1,1,63,79,9173,18937
TGGACCAATCTAAGAT-1,1,62,80,9035,18696
CTAGTAGAAAGGGATT-1,1,63,81,8896,18937
AACCTCGCTTTAGCCC-1,1,62,82,8758,18696
GAGTGTCAACCAGAAA-1,1,63,83,8619,18936
GTGATCCTTGTCATGA-1,1,62,84,8481,18695
CTCAACTAACCCGGAT-1,1,63,85,8342,18936
AGTGGCGTCTGAAGGT-1,1,62,86,8204,18695
GGGAAGGGCTTTCTCA-1,1,63,87,8065,18936
AGGCCTGAGAATCTCG-1,1,62,88,7926,18695
AGCCACAGGTTACCCG-1,1,63,89,7788,18936
TGCAATCTAACACGGT-1,1,62,90,7649,18695
GTTTGGGTTTCGCCCG-1,1,63,91,7511,18936
CCTATGTCCACTCCAC-1,1,62,92,7372,18694
CTGCCTTTCTAGTAAA-1,1,63,93,7234,18935
TTAGTAAACCTGCTCT-1,1,62,94,7095,18694
TTGTGGTGGTACTAAG-1,1,63,95,6956,18935
CCTCCTGTTGTGTCGT-1,1,62,96,6818,18694
ACAAAGCATGACCTAG-1,1,63,97,6679,18935
ATAGCAACTAGGGAAG-1,1,62,98,6541,18694
CCGCTCTTCCGAACTA-1,1,63,99,6402,18935
TAGAATAGCCGATGAA-1,1,62,100,6264,18693
GGTCTCCGTCCAGGTT-1,1,63,101,6125,18934
TAATTACGTCAGTAGA-1,1,62,102,5987,18693
TACGTAAAGCGGAGTG-1,1,63,103,5848,18934
GCTACAATCGAGGATA-1,1,62,104,5710,18693
TCAGCCAATCCGTAAA-1,1,63,105,5571,18934
ATCATAGCCCTATGTA-1,1,62,106,5433,18693
GAGGCCTGTTGATACA-1,1,63,107,5294,18934
ATATACGCTCGTGACG-1,1,62,108,5156,18692
CCCTTTAATGGAGTTC-1,1,63,109,5017,18933
TTACACGATCTGCGAC-1,1,62,110,4878,18692
TCGCATAAAGGGCGCA-1,1,63,111,4740,18933
TGTAGCCATCCCATTC-1,1,62,112,4601,18692
GGGTCTATCGCTTTCC-1,1,63,113,4463,18933
GGAGGGTCAAGTAAGA-1,1,62,114,4324,18692
TACGGCATGGACGCTA-1,1,63,115,4185,18933
CACGTCAATCAATGGA-1,1,62,116,4047,18691
CGCTTGGACGGATAGA-1,1,63,117,3908,18932
CGCGGTACGGTATACA-1,1,62,118,3770,18691
CCTACTCAACACGATT-1,1,63,119,3631,18932
CGTTTGGTGTTGTGGG-1,1,62,120,3493,18691
GTTGTTGCAAGATGGC-1,1,63,121,3354,18932
CATTCGTCGTAGCGGT-1,1,62,122,3216,18691
CAGCCTCGATAGCGGT-1,1,63,123,3077,18932
TCATAAGTCCAAGAAG-1,1,62,124,2939,18690
AAAGTGCCATCAATTA-1,1,63,125,2800,18931
GTTGCAGTCGACAACA-1,1,62,126,2662,18690
TAAATGGGCTACTGAG-1,1,63,127,2523,18931
GGACAAGCCATGATCG-1,1,64,0,20118,19188
TCCAATGCGTCGCCGC-1,1,65,1,19980,19429
AAAGAATGACCTTAGA-1,1,64,2,19841,19187
CCTATTATTCCGGCCG-1,1,65,3,19702,19428
CAGTAAGGGACGTCTC-1,1,64,4,19564,19187
GGGATGGACCCGCGTC-1,1,65,5,19425,19428
GACGCATACCCGTCGG-1,1,64,6,19287,19187
GGGCAGGATTTCTGTG-1,1,65,7,19148,19428
TATCTGAGCCGATATT-1,1,64,8,19010,19187
AATGTATGGCACTGTA-1,1,65,9,18871,19428
GCCTTTGTCAGTGGAC-1,1,64,10,18733,19186
AACCATAGGGTTGAAC-1,1,65,11,18594,19427
AAACTTAATTGCACGC-1,1,64,12,18456,19186
TAGGCGGCTGCAAAGA-1,1,65,13,18317,19427
TCCATCAATACTAATC-1,1,64,14,18179,19186
ACCTCGAACTTATGCT-1,1,65,15,18040,19427
ACAAACCATGCGTCCT-1,1,64,16,17902,19186
ACACCGGTCTGACCGC-1,1,65,17,17763,19427
ATGGCAGCATTACGAT-1,1,64,18,17624,19185
CTGGTGAATGGGCCTA-1,1,65,19,17486,19426
CACAGAGACGAGGACG-1,1,64,20,17347,19185
GCACAAACCCTAGATG-1,1,65,21,17209,19426
ACTATGTCCAGCTGCC-1,1,64,22,17070,19185
AAGCCGCCGTGAAATC-1,1,65,23,16931,19426
ATGGGTGTATACCTCC-1,1,64,24,16793,19185
TAAGCGCGAATCAAAT-1,1,65,25,16654,19426
AGCCCGGCATTAGAGG-1,1,64,26,16516,19185
GTGATCAAGCGTGCAC-1,1,65,27,16377,19425
CTGCCTTTAATACCTT-1,1,64,28,16239,19184
TACCTCCACACCAATG-1,1,65,29,16100,19425
GAGCATCAACAACTTG-1,1,64,30,15962,19184
CATACGAACTAGCTGG-1,1,65,31,15823,19425
GGGAACGGTTTCAGAT-1,1,64,32,15685,19184
AGGGTGCCGTTCTTTA-1,1,65,33,15546,19425
ACGACTGGTCATACTC-1,1,64,34,15408,19184
GGATCTTACTGCCCTT-1,1,65,35,15269,19424
TACTCCTCTAGTTGAC-1,1,64,36,15131,19183
GTAGCTCCGGGAGGCT-1,1,65,37,14992,19424
GGACTCGTGAGTGGTC-1,1,64,38,14853,19183
GTAGTTCGAAGGCGAA-1,1,65,39,14715,19424
CTCAAACCACTGCCCG-1,1,64,40,14576,19183
GAGGGAGTCAGATCGC-1,1,65,41,14438,19424
GCGTCCCTAAGACATA-1,1,64,42,14299,19183
TCTCTTACCGCGAACC-1,1,65,43,14161,19424
GGCTACTATACACTCC-1,1,64,44,14022,19182
CGTTGCCCGCGTGGGA-1,1,65,45,13883,19423
TATAGAGTCGCTTGAA-1,1,64,46,13745,19182
ATGTTGTAGTCTGTTT-1,1,65,47,13606,19423
AGTATACACAGCGACA-1,1,64,48,13468,19182
TGTGGTTGCTAAAGCT-1,1,65,49,13329,19423
TGATTCCCGGTTACCT-1,1,64,50,13191,19182
CACTGACGATTGTGGA-1,1,65,51,13052,19423
AACATTGTGACTCGAG-1,1,64,52,12914,19181
GTCCAATATTTAGCCT-1,1,65,53,12775,19422
GCTCTTTCCGCTAGTG-1,1,64,54,12637,19181
GGGTCAGGAGCTAGAT-1,1,65,55,12498,19422
AGGTGGTGACCTTCGC-1,1,64,56,12360,19181
CCCGGGTCGTTCAGGG-1,1,65,57,12221,19422
AGCCAAGCTTTGTGTC-1,1,64,58,12082,19181
TGTGGCGGGCTTCTGG-1,1,65,59,11944,19422
CGAGGGTATCCAGGTG-1,1,64,60,11805,19180
CGTTCAGACCCGCGAA-1,1,65,61,11667,19421
TCATATGAGCTTTGTT-1,1,64,62,11528,19180
AGTTGACGGTCCTTGC-1,1,65,63,11390,19421
ATAATTAGCTAAGTAG-1,1,64,64,11251,19180
GGTCTTGAGCGCTCTT-1,1,65,65,11112,19421
CGTTGTCGGCAATTGA-1,1,64,66,10974,19180
TCTTGCTCCCGATACT-1,1,65,67,10835,19421
AGCAGAAGGAGAAAGA-1,1,64,68,10697,19179
GAAGCCACTGATTATG-1,1,65,69,10558,19420
TGCTCTTGAGAGTTTG-1,1,64,70,10420,19179
GACATCCGTCGAACTG-1,1,65,71,10281,19420
AGATATAATACGACTA-1,1,64,72,10143,19179
TCGCTACTGGCTTTGA-1,1,65,73,10004,19420
GTGACAGCTTCCCACT-1,1,64,74,9866,19179
GTGACGCAGGTTTCAT-1,1,65,75,9727,19420
GGGAAGACGGTCTGTC-1,1,64,76,9589,19178
CGTCGCATGTGAGCCA-1,1,65,77,9450,19419
AGAAGGTTGTAGGTCG-1,1,64,78,9312,19178
GGCCGGCGTCTGCTAT-1,1,65,79,9173,19419
TTGACCAGGAACAACT-1,1,64,80,9034,19178
AGTCGTATAAAGCAGA-1,1,65,81,8896,19419
GGCGTAGGGAAAGCTG-1,1,64,82,8757,19178
AAACCTAAGCAGCCGG-1,1,65,83,8619,19419
ATTGCCTTTATGTTTG-1,1,64,84,8480,19177
CAGGCAGTCTTACCAG-1,1,65,85,8341,19418
AGCTAAGTACGCAGGC-1,1,64,86,8203,19177
AAATCCGATACACGCC-1,1,65,87,8064,19418
CGAGAGCTTTCACTAC-1,1,64,88,7926,19177
CGCCCAGCGTTTCACG-1,1,65,89,7787,19418
TTAAGTATTGTTATCC-1,1,64,90,7649,19177
AAACGGGCGTACGGGT-1,1,65,91,7510,19418
GTATCCTTTGGTAACC-1,1,64,92,7372,19176
CATAGTCAAATACATA-1,1,65,93,7233,19417
TCTATGCTATAACGAC-1,1,64,94,7095,19176
ACGTTCTGTACAAGTC-1,1,65,95,6956,19417
CGCGAAGTGGCATACT-1,1,64,96,6818,19176
ACCAACCGCACTCCAC-1,1,65,97,6679,19417
GTCATGCGCGAGGGCT-1,1,64,98,6541,19176
TAGGCTAAAGTGGCAC-1,1,65,99,6402,19417
TGGCTACACTCTACCT-1,1,64,100,6263,19176
TGTCCACGGCTCAACT-1,1,65,101,6125,19416
AATTGCAGCAATCGAC-1,1,64,102,5986,19175
GTCAACCAGGCCTATA-1,1,65,103,5848,19416
ATCTTATCGCACACCC-1,1,64,104,5709,19175
GTCTATTGCATGCTCG-1,0,65,105,5571,19416
GCACGTGGTTTACTTA-1,1,64,106,5432,19175
ATTCGCGCCTTGAGAG-1,1,65,107,5293,19416
AGCGATGCGCCTAATA-1,1,64,108,5155,19175
TCTATAGGTGGGTAAT-1,1,65,109,5016,19415
AGATACCAATAGAACC-1,1,64,110,4878,19174
CGTGTATGGGAGCTGA-1,1,65,111,4739,19415
ATGTACATGCGGTGAG-1,1,64,112,4601,19174
TTGGCTCAATATGTGT-1,1,65,113,4462,19415
GTTCGGAGCACTCAAC-1,1,64,114,4324,19174
TCCCTCTTCTCAAGGG-1,1,65,115,4185,19415
TTACGTATCTATGACA-1,1,64,116,4047,19174
CCCATATAGGTCGATT-1,1,65,117,3908,19415
GTCCACGTCGCATTCG-1,1,64,118,3770,19173
AATTGTGGTTGCCAAA-1,1,65,119,3631,19414
AGGAACGAACGACTTC-1,1,64,120,3492,19173
TAATTCCAATGCTTCA-1,1,65,121,3354,19414
AGGGCCCTAATGTTCT-1,1,64,122,3215,19173
AGGTGTTGCCGACCAC-1,1,65,123,3077,19414
CTGAGAGTAGAAATAC-1,1,64,124,2938,19173
TAGAAGAAGGGTTACA-1,1,65,125,2800,19414
GGTGACTGATAGAGAG-1,1,64,126,2661,19172
TACCCTCGGTAACCCT-1,1,65,127,2522,19413
TGTAAGACTGATAAGA-1,1,66,0,20118,19670
GTCACTCATGAGCGAT-1,1,67,1,19979,19911
CGGTTTACTGAACATT-1,1,66,2,19841,19670
GAGATCGATCTTACTC-1,1,67,3,19702,19911
TCTTTCATCCGTCCTT-1,1,66,4,19564,19669
TCGGATCTGGATGACC-1,1,67,5,19425,19910
GTCCTAGGATACCTTA-1,1,66,6,19287,19669
TGTACCCGACCCTAAT-1,1,67,7,19148,19910
AGGTTCTCCTTTCCGG-1,1,66,8,19009,19669
AATTGCGTGGATTACA-1,1,67,9,18871,19910
CGATAGCGATACAGTG-1,1,66,10,18732,19669
CGCCCTAATTGTTCAA-1,1,67,11,18594,19910
ATTATGAGACCCAATT-1,1,66,12,18455,19668
CCTCCTAGCTAGAGTC-1,1,67,13,18317,19909
CGAAGGGTTTCAGATT-1,1,66,14,18178,19668
CACAAGCTAAGAAAGG-1,1,67,15,18039,19909
CACCGGTAGAGACATT-1,1,66,16,17901,19668
ACTCATGGCAGCCTTC-1,0,67,17,17762,19909
CATCCAATATAGTTTG-1,1,66,18,17624,19668
CAGATATGAAGATGAC-1,1,67,19,17485,19909
GCAAAGGGCGTTAGCC-1,1,66,20,17347,19667
CTGTTGTTCAGTCGTA-1,1,67,21,17208,19908
AAAGGCCCTATAATAC-1,1,66,22,17070,19667
AACATTGAAGTTGATC-1,1,67,23,16931,19908
GCTAGCGATAGGTCTT-1,1,66,24,16793,19667
ATTGCCTATTAGACCG-1,1,67,25,16654,19908
GGGCGTTTACATTCAT-1,1,66,26,16516,19667
CCTCTACAAGGATTGG-1,1,67,27,16377,19908
AGTGACTGTGACACAA-1,1,66,28,16239,19666
AGCCCTCCCTGGTGGC-1,1,67,29,16100,19907
CGGTTGAGTATCCTTC-1,1,66,30,15961,19666
CATTATCCCATTAACG-1,1,67,31,15823,19907
AATGTGCTAATCTGAG-1,1,66,32,15684,19666
CTTAGTTGAGGAATCG-1,1,67,33,15546,19907
CTTCTGGGCGTACCTA-1,1,66,34,15407,19666
AGTCAAATGATGTGAT-1,1,67,35,15268,19907
TGAACAAGCAGGGACT-1,1,66,36,15130,19665
AATACCGGAGGGCTGT-1,1,67,37,14991,19906
GTTTGGTGATCGGTGC-1,1,66,38,14853,19665
GACTGCTGGTGAGAAA-1,1,67,39,14714,19906
CGATCCTCGCAACATA-1,1,66,40,14576,19665
CCAACCTTATGTAACT-1,0,67,41,14437,19906
CGTGGTACCCAAAGGC-1,1,66,42,14299,19665
AACCCGACAACCCGTG-1,0,67,43,14160,19906
TATGTAAAGTGCTTAA-1,1,66,44,14022,19664
GCAAGTGTAAAGCATG-1,0,67,45,13883,19905
GTAACTGCCCAAGGAG-1,1,66,46,13745,19664
GGTGCATAAATGATTA-1,0,67,47,13606,19905
TAGTCCCGGAGACCAC-1,1,66,48,13468,19664
CGGCCAGAGCGACCAT-1,1,67,49,13329,19905
TGAATGAGTGTTTCCC-1,1,66,50,13190,19664
TTCACTTCCTAGAACG-1,1,67,51,13052,19905
CGCTTAGTATTGATAC-1,1,66,52,12913,19664
AACGCGACCTTGGGCG-1,1,67,53,12775,19904
GTGCACCAGCTTCAAC-1,1,66,54,12636,19663
TTCTATTAAACGCAGC-1,1,67,55,12498,19904
TGGCAAGCACAAGTCG-1,1,66,56,12359,19663
ATCTGCTGTTATCGCC-1,1,67,57,12220,19904
AATTCCAAGCATGTAC-1,1,66,58,12082,19663
AAACGGTTGCGAACTG-1,1,67,59,11943,19904
GAAGGAGTCGAGTGCG-1,1,66,60,11805,19663
GGCAAGCCCATAGTGG-1,1,67,61,11666,19903
TGACCAAATCTTAAAC-1,1,66,62,11528,19662
TTCGGTACTGTAGAGG-1,1,67,63,11389,19903
ATGTACGATGACGTCG-1,1,66,64,11251,19662
ATCTAGCTTGTGAGGG-1,1,67,65,11112,19903
AGCGGGTCTGACACTC-1,1,66,66,10974,19662
GAGGTACGCGTGTCCC-1,1,67,67,10835,19903
GCACTGCCTACCTTTA-1,1,66,68,10697,19662
GGAGCGAGGCCTACTT-1,1,67,69,10558,19903
AAACTCGGTTCGCAAT-1,1,66,70,10419,19661
GGCGCTTCATTCCCTG-1,1,67,71,10281,19902
TGCTCGGTGGGTCACC-1,1,66,72,10142,19661
AAGCGCAGGGCTTTGA-1,1,67,73,10004,19902
GACCTTCCACGTCTAC-1,1,66,74,9865,19661
GTTAGCCCATGACATC-1,1,67,75,9727,19902
AATTCGATTCGAGGAT-1,1,66,76,9588,19661
AGTCTTTAAAGTGTCC-1,0,67,77,9449,19902
GACTAGGCCGTTAGGT-1,1,66,78,9311,19660
TCCAAGCCTAGACACA-1,0,67,79,9172,19901
GATTGGGAAAGGTTGT-1,1,66,80,9034,19660
GATGAGGAACCTTCGG-1,1,67,81,8895,19901
TGAATACCGACGCGTA-1,1,66,82,8757,19660
AATCGTGAGCCGAGCA-1,0,67,83,8618,19901
GCGAAGAATCTGACGG-1,1,66,84,8480,19660
GAACAACTGGGATGAA-1,0,67,85,8341,19901
TCGCCGACATATTCGC-1,1,66,86,8203,19659
CGTAGAGAGTAATTAT-1,0,67,87,8064,19900
CGATAGTCGTACTGCA-1,1,66,88,7926,19659
CGCATGCCGAATGCGT-1,1,67,89,7787,19900
CTCTAGCCCTCGGAAA-1,1,66,90,7649,19659
TCCAACTCAGCTATCT-1,1,67,91,7510,19900
GTCTAGTGAGCCGCTT-1,1,66,92,7371,19659
TACCGAATAATTGTAA-1,0,67,93,7233,19900
ATATAACACGGGCGCA-1,1,66,94,7094,19658
GCATGCTAATAACGAT-1,0,67,95,6956,19899
TCCGGGCTTGACGGGA-1,1,66,96,6817,19658
ATTATTCAGAGTCACT-1,0,67,97,6678,19899
TAGCAGTATGACTAAA-1,1,66,98,6540,19658
TATGAAGAATTAAGGT-1,0,67,99,6401,19899
CAAGGCCAGTGGTGCA-1,1,66,100,6263,19658
TGCGTACGGCTAATTG-1,0,67,101,6124,19899
CAGATAATGGGCGGGT-1,1,66,102,5986,19657
GAGAACGGTTCTGACT-1,0,67,103,5847,19898
CGCTTCGGTCTAAGAC-1,0,66,104,5709,19657
AGCATTACGAGGCAAG-1,0,67,105,5570,19898
AAGTTGTGATGTTATA-1,0,66,106,5432,19657
TTGCTCATAGTACGTG-1,0,67,107,5293,19898
TACTTAAACATGTACA-1,1,66,108,5155,19657
AGTGAGTCGAATTAAC-1,0,67,109,5016,19898
TAGGCCTATATAGTCT-1,0,66,110,4878,19656
ACTCGCCGTTCGATAA-1,0,67,111,4739,19897
GGTACGTTGCGGCCGG-1,0,66,112,4600,19656
TATTGCCGGGCTTGTA-1,0,67,113,4462,19897
GGTAAACTCTGCGCTG-1,0,66,114,4323,19656
TCCCTTGTCTGAAACT-1,0,67,115,4185,19897
CATGATCGCTTTGAGA-1,0,66,116,4046,19656
GGACGGGCGACCAACC-1,0,67,117,3908,19897
GAGAGGCCTATGTGTA-1,0,66,118,3769,19655
TCGTAACTCCCAAGAC-1,0,67,119,3630,19896
CGTATCTAGAACTAAG-1,0,66,120,3492,19655
GCACCTTCCCGAAGGT-1,0,67,121,3353,19896
TACCTCTTTACCATCC-1,0,66,122,3215,19655
TGACTCTAACTGGTAA-1,0,67,123,3076,19896
GAGAAACTGGATCCCA-1,0,66,124,2938,19655
ATCCGGACCAGCCTGA-1,0,67,125,2799,19896
TTATTTAGGTTCCTTA-1,0,66,126,2661,19654
CGAATTCCCGGTTCAA-1,0,67,127,2522,19895
TAGTTTGATCGGTCGC-1,0,68,0,20117,20152
AGTCGAAACGATTCAG-1,0,69,1,19979,20393
ACGTCGGGCAACTCGG-1,0,68,2,19840,20152
ACTTGCTCTATCTACC-1,0,69,3,19702,20393
ATTACGGGCTACGGTT-1,0,68,4,19563,20151
GCAAACGTAAGCGACC-1,0,69,5,19424,20392
TTCGGACTGGGCATGG-1,0,68,6,19286,20151
GGGCCATTCGTGCTGG-1,0,69,7,19147,20392
GAGTTGTCACCAGTCT-1,0,68,8,19009,20151
AGTAATTTGCAAGCGT-1,0,69,9,18870,20392
GTGGCCGGTTTCTCGG-1,0,68,10,18732,20151
ATCTTAGGGCATTAAT-1,0,69,11,18593,20392
CTACATATCGCGGGAC-1,0,68,12,18455,20151
ATGGTATTTACTGATT-1,0,69,13,18316,20391
CCGTCAACCTCTGGCG-1,0,68,14,18178,20150
GCTTCGACGTTCAATC-1,0,69,15,18039,20391
GACCGATTAAATATGT-1,0,68,16,17901,20150
GTCGAATTTGGGCGCT-1,0,69,17,17762,20391
TCACGGCCCAAGAGAG-1,0,68,18,17624,20150
CTACGATCCTATCCTA-1,0,69,19,17485,20391
TGCAGTGGTAGGGAAC-1,0,68,20,17346,20150
TTGCCTAATCCAAAGT-1,0,69,21,17208,20390
AGCGAGACGTGAAGGC-1,0,68,22,17069,20149
TTCTACCTCAATCGGT-1,0,69,23,16931,20390
TACGCTGCTGTGTTAA-1,0,68,24,16792,20149
TAGTCCTGCACTAAGC-1,0,69,25,16654,20390
AGCACACGTTTAGACT-1,0,68,26,16515,20149
GTTCGACAATTGTATA-1,0,69,27,16376,20390
CCATGTTCATCTATAT-1,0,68,28,16238,20149
CCCTCGATAATACACA-1,0,69,29,16099,20390
ACTGCCCGCCATTCTC-1,0,68,30,15961,20148
CTATATCCAGCCTGGC-1,0,69,31,15822,20389
CGCACGTCTGTTTATG-1,0,68,32,15684,20148
AATCAGGTTTCATTTA-1,0,69,33,15545,20389
AGAGAAACACCAGAAA-1,0,68,34,15407,20148
ACCCGATTGGTTCCGA-1,0,69,35,15268,20389
TACCAGGAATCCCGTC-1,0,68,36,15130,20148
AAGTGCTTCTCTATTG-1,0,69,37,14991,20389
TGCATGTGACCCATAG-1,0,68,38,14853,20147
TAGATTCAAAGTGCGG-1,0,69,39,14714,20388
AGGGTCAGAGCACTCG-1,0,68,40,14576,20147
GTGAGATAACCTTATA-1,0,69,41,14437,20388
GTGTCAGTGTACGTGG-1,0,68,42,14298,20147
CTGTAGTGAGGATCGA-1,0,69,43,14160,20388
GATAGTGCGAGTAAGT-1,0,68,44,14021,20147
AGGGTTCAGACGGTCC-1,0,69,45,13883,20388
GGACTCGACAGCGCAT-1,0,68,46,13744,20146
CACTCTCAAGCATCGA-1,0,69,47,13605,20387
GAGCGGAATGCGGTGT-1,0,68,48,13467,20146
CAGTTCGAGGACCCGA-1,0,69,49,13328,20387
CGTAACTTCGACACTT-1,0,68,50,13190,20146
TGATCACCACACTGAC-1,0,69,51,13051,20387
CATACTTCTTTCTCCG-1,0,68,52,12913,20146
CAAGTAAGTGATAGAC-1,0,69,53,12774,20387
AGCCCGCAACAAGCAG-1,0,68,54,12636,20145
GCTCCATGCAAAGCAA-1,0,69,55,12497,20386
TCGTACCGACGTCAAG-1,0,68,56,12359,20145
ATTATCGGAATGTACG-1,0,69,57,12220,20386
ACCTACTATAAATCTA-1,0,68,58,12082,20145
TATCCTATCAACTGGT-1,0,69,59,11943,20386
GCGCGGTCTAGTAACT-1,0,68,60,11805,20145
CCTTCGTATAGAATCC-1,0,69,61,11666,20386
TGGGCGATACAATAAG-1,0,68,62,11527,20144
TGACATGTAACGTGAC-1,0,69,63,11389,20385
TTGGGAAGACGAGCCG-1,0,68,64,11250,20144
GGTGTAAATCGATTGT-1,0,69,65,11112,20385
GAACTGTGGAGAGACA-1,0,68,66,10973,20144
TCCACATCGTATATTG-1,0,69,67,10834,20385
CCTATGGTCAAAGCTG-1,0,68,68,10696,20144
TCCTTGTCCTTTAATT-1,0,69,69,10557,20385
AAGTTTATGGGCCCAA-1,0,68,70,10419,20143
GTCCGGGTTCACATTA-1,0,69,71,10280,20384
ATGTAGCGCGCGTAGG-1,0,68,72,10142,20143
TACGGAAGCCAAACCA-1,0,69,73,10003,20384
GCCCTGAGGATGGGCT-1,0,68,74,9865,20143
CGGGCGATGGATCACG-1,0,69,75,9726,20384
TGCGGACTTGACTCCG-1,0,68,76,9588,20143
TAATACTAGAACAGAC-1,0,69,77,9449,20384
TCAAATTGTTGTGCCG-1,0,68,78,9311,20142
GGGCAGTCAACGCCAA-1,0,69,79,9172,20383
TCGCTGCCAATGCTGT-1,0,68,80,9034,20142
TACGTGGGCCCAGGGC-1,0,69,81,8895,20383
GCCTACGTTCTGTGCA-1,0,68,82,8756,20142
TTGCGTGTGTAGGCAT-1,0,69,83,8618,20383
TCCTAAAGATTCAGAC-1,0,68,84,8479,20142
TGGGTGCACAAGCCAT-1,0,69,85,8341,20383
GGGAGCGACCGTAGTG-1,0,68,86,8202,20142
CATAGAGGAGATACTA-1,0,69,87,8064,20382
CTTCGATTGCGCAAGC-1,0,68,88,7925,20141
GTGCCTGAGACCAAAC-1,0,69,89,7786,20382
TCATCCTCAGCTGCTT-1,0,68,90,7648,20141
TGCAACTACTGGTTGA-1,0,69,91,7509,20382
ATGTTGATTAGAGACT-1,0,68,92,7371,20141
GTTTCTAGAGGCGCGG-1,0,69,93,7232,20382
TACAAGGGCTTCTTTA-1,0,68,94,7094,20141
ACAGGCACGGATCCTT-1,0,69,95,6955,20381
CCCAAGTCATTACACT-1,0,68,96,6817,20140
ACTCTGACCTAATAGA-1,0,69,97,6678,20381
GGATGGCTTGAAGTAT-1,0,68,98,6540,20140
ACCCTCCCGTCAGGGC-1,0,69,99,6401,20381
AGCTTCTTCTCGAGCA-1,0,68,100,6263,20140
TTGCGCTTGATCAATA-1,0,69,101,6124,20381
TGGGTGTAATAGATTT-1,0,68,102,5986,20140
CATGGTTTATTAATCA-1,0,69,103,5847,20381
TTGCCTTCTCGCCGGG-1,0,68,104,5708,20139
TTAAAGTAAGTCGCCA-1,0,69,105,5570,20380
AGTTGGCAAGGCTAGA-1,0,68,106,5431,20139
CCGCACTTGCAATGAC-1,0,69,107,5293,20380
AATGTTGTCGTGAGAC-1,0,68,108,5154,20139
CCAAGGTTGCCCTTTC-1,0,69,109,5015,20380
TGTGACTAGAGTTTGC-1,0,68,110,4877,20139
TTGTGATCTGTTCAGT-1,0,69,111,4738,20380
GGAGTTGATTCTGTGT-1,0,68,112,4600,20138
GTAGTGAGCAACCTCA-1,0,69,113,4461,20379
AAGACATACGTGGTTT-1,0,68,114,4323,20138
CATCCCGAGATTCATA-1,0,69,115,4184,20379
GGCCGCAGGAACCGCA-1,0,68,116,4046,20138
CCAGAAACTGATGCGA-1,0,69,117,3907,20379
ACCCGTAGTCTAGTTG-1,0,68,118,3769,20138
AGGGTCTGGACGCAGT-1,0,69,119,3630,20379
TTGAAACCCTCATTCC-1,0,68,120,3492,20137
TCAATCCCGCGCCAAA-1,0,69,121,3353,20378
AGGACATCGGCACACT-1,0,68,122,3215,20137
GACAAGACGCCCGTGC-1,0,69,123,3076,20378
GAGTAAATTAAGAACC-1,0,68,124,2937,20137
TAAGTCGGTGAGCTAG-1,0,69,125,2799,20378
CTTACTGACTCCTCTG-1,0,68,126,2660,20137
TTAACTGATCGTTTGG-1,0,69,127,2522,20378
GGGCGATCCATAGGCC-1,0,70,0,20117,20634
CGTATTGTTTGGCGCC-1,0,71,1,19978,20875
CGCGTGGGCCTGTGTT-1,0,70,2,19840,20634
AAATCTGCCCGCGTCC-1,0,71,3,19701,20875
GCTGAAGGGTTCTTGG-1,0,70,4,19563,20634
TAATTGCGCTGATTAC-1,0,71,5,19424,20875
TCGCGCGTTTACATGA-1,0,70,6,19286,20633
TAACTGAAATACGCCT-1,0,71,7,19147,20874
CCTGTCGTGTATGAAG-1,0,70,8,19009,20633
CGGGAACGCCCTGCAT-1,0,71,9,18870,20874
AGTTGCGGTCCTCAAC-1,0,70,10,18732,20633
GGGTCCTTGGAAGAAG-1,0,71,11,18593,20874
CGGGAAGTACCGTGGC-1,0,70,12,18454,20633
ACGGTCACCGAGAACA-1,0,71,13,18316,20874
TAGACTCAGTTGGCCT-1,0,70,14,18177,20632
CCTTCCGCAACGCTGC-1,0,71,15,18039,20873
CAGTGTTAATCTCTCA-1,0,70,16,17900,20632
CAGGCCAGTACCACCT-1,0,71,17,17761,20873
GATCGCTGTGGTGCGT-1,0,70,18,17623,20632
GTATCTCGGGCGCTTT-1,0,71,19,17484,20873
CCGGGCTAAGAATTTC-1,0,70,20,17346,20632
CTTCACGCCCTGGTAC-1,0,71,21,17207,20873
CGGATGAATGCTGTGA-1,0,70,22,17069,20631
CTCTGCAGGCATTCTT-1,0,71,23,16930,20872
TCAAAGTCACGGCGTC-1,0,70,24,16792,20631
TGGGTTTCGGGCGTAC-1,0,71,25,16653,20872
TGCTATGGCAAAGGGA-1,0,70,26,16515,20631
TTCACGGTCGTCACGT-1,0,71,27,16376,20872
CGTAAAGCAAGAAATC-1,0,70,28,16238,20631
CTGATCCCTTTATGCA-1,0,71,29,16099,20872
GAGTATACCCTAATCA-1,0,70,30,15961,20630
CCACGGCAGGTGTAGG-1,0,71,31,15822,20871
ACGTACTTTGGCACGG-1,0,70,32,15683,20630
CCTGAGAATAAATGCA-1,0,71,33,15545,20871
TTGATGCCGCTCGTCG-1,0,70,34,15406,20630
GCCAGGAAAGAACACT-1,0,71,35,15268,20871
TCCGACCGCTAATCAA-1,0,70,36,15129,20630
TATATCAAAGTGATCT-1,0,71,37,14991,20871
CCTCGGTTTCCTTGCC-1,0,70,38,14852,20629
TAAATTTAGTAACACC-1,0,71,39,14713,20870
CTCGTTACGGCTACCA-1,0,70,40,14575,20629
GCCGTCGGTTTCGGGC-1,0,71,41,14436,20870
GTTCCGTCCGCCTGCA-1,0,70,42,14298,20629
CTAGGGATAGGGACAA-1,0,71,43,14159,20870
GTCCAGGCACGTGTGC-1,0,70,44,14021,20629
GAGGAATATCTCTTTG-1,0,71,45,13882,20870
CGTTCAAGGAAACGGA-1,0,70,46,13744,20629
GTGGGAACAAACCGGG-1,0,71,47,13605,20869
GGGCACGTAGTACTGT-1,0,70,48,13467,20628
ACTACAAAGAGAGGTG-1,0,71,49,13328,20869
GGTGTAGGTAAGTAAA-1,0,70,50,13190,20628
CCTGTTCAACCTCGGG-1,0,71,51,13051,20869
TGAGGTGTGTGGCGGA-1,0,70,52,12913,20628
ATTGTCTGTTTCATGT-1,0,71,53,12774,20869
GCCGGTCGTATCTCTC-1,0,70,54,12635,20628
ATATGGGATAGCAACT-1,0,71,55,12497,20869
GATAGAACCCGCTAGG-1,0,70,56,12358,20627
ATCCCATTTCCGTGGG-1,0,71,57,12220,20868
GATGCTACCTTCGATG-1,0,70,58,12081,20627
TGCAAAGTTCGTCTGT-1,0,71,59,11942,20868
GTTCAGTCGCCAAATG-1,0,70,60,11804,20627
GTCTCCGCCTCAATAC-1,0,71,61,11665,20868
AGTAGAAGGCGCCTCA-1,0,70,62,11527,20627
GTTGTAGATTTATGAG-1,0,71,63,11388,20868
CTATTTGCTTGGAGGA-1,0,70,64,11250,20626
AGCCATATAGTATGTG-1,0,71,65,11111,20867
TGTTCCGGCCTGAGCT-1,0,70,66,10973,20626
TGCCGTGGGACCCAAT-1,0,71,67,10834,20867
TTGCAAGAAGACTCCT-1,0,70,68,10696,20626
CCGCTCCAGGGCGATC-1,0,71,69,10557,20867
CAAACCCTCCGGCGGG-1,0,70,70,10419,20626
CGGACCTTTACGTCCC-1,0,71,71,10280,20867
ACGTAGGAGAGTCGCT-1,0,70,72,10142,20625
CTGCGACCTCGCCGAA-1,0,71,73,10003,20866
GGCCCAGCTGGTTTGC-1,0,70,74,9864,20625
GGATTAATCATGGACC-1,0,71,75,9726,20866
GAGATGGCTTTAATCA-1,0,70,76,9587,20625
AGTACAGAAGCTTATA-1,0,71,77,9449,20866
GCGGCTTTAGCAAGTT-1,0,70,78,9310,20625
ACCGAGTCTCCTTATT-1,0,71,79,9171,20866
GACCACACTTCCCTTT-1,0,70,80,9033,20624
TGTAGCCAATTCCGTT-1,0,71,81,8894,20865
CTCGTCTGTGCCTTCG-1,0,70,82,8756,20624
GGACTCTTTGACTAAG-1,0,71,83,8617,20865
TCATCGACGACCGTCG-1,0,70,84,8479,20624
TACTACGTGCAATGCG-1,0,71,85,8340,20865
CCCTACTTGAACAATG-1,0,70,86,8202,20624
GCAGCTGTCAACGCAT-1,0,71,87,8063,20865
ATCTACCATCTGCTCC-1,0,70,88,7925,20623
TCTCAAATCAATCGGG-1,0,71,89,7786,20864
ACTCCGGCCGACCACT-1,0,70,90,7648,20623
TACACCTCTTCGAATC-1,0,71,91,7509,20864
GTGGCTGTTTCTGTTC-1,0,70,92,7371,20623
ACGACTCTAGGGCCGA-1,0,71,93,7232,20864
TCGTTTACGCGACCCT-1,0,70,94,7093,20623
AGGATATCCGACTGCA-1,0,71,95,6955,20864
GACACTTCCAATTACC-1,0,70,96,6816,20622
ACGGTACAGTTCAATG-1,0,71,97,6678,20863
CTTGATGACCATCCAG-1,0,70,98,6539,20622
CTGGTAAAGACTTACA-1,0,71,99,6401,20863
CTTGCCCACCCACGCA-1,0,70,100,6262,20622
CATTACGCAGGAAGGG-1,0,71,101,6123,20863
GGACAACCATGAAGCC-1,0,70,102,5985,20622
GTTATCAAGCTATCGA-1,0,71,103,5846,20863
AGGTGCACGTCCACAT-1,0,70,104,5708,20621
AAAGAATGTGGACTAA-1,0,71,105,5569,20862
ACCAAGTCATCGGCAG-1,0,70,106,5431,20621
AGTAACTATAGCAGCC-1,0,71,107,5292,20862
GGGAAAGAATGCCAAC-1,0,70,108,5154,20621
AATCGGTATAGCCCTC-1,0,71,109,5015,20862
GGCACTGCGGTGGTTT-1,0,70,110,4877,20621
CGTCCTCATCGCGTGC-1,0,71,111,4738,20862
CTTAACTTACAGTATA-1,0,70,112,4600,20620
GTGAGTCGACTAATAG-1,0,71,113,4461,20861
TGTACTTCCGGGCATG-1,0,70,114,4323,20620
CACAAACCGCAGAACT-1,0,71,115,4184,20861
GCTTTACACAACTGGG-1,0,70,116,4045,20620
CACCGATGATGGGTAC-1,0,71,117,3907,20861
TCAATATACAGGAGGC-1,0,70,118,3768,20620
AACGACCTCCTAGCCG-1,0,71,119,3630,20861
GTTACCAAGGCGTACG-1,0,70,120,3491,20620
TAGCTCACTGTGTTTG-1,0,71,121,3352,20860
TCGGCAGGGTTAAGGG-1,0,70,122,3214,20619
TGTTAACAAAGTGACT-1,0,71,123,3075,20860
CAGAGCGATGGATGCT-1,0,70,124,2937,20619
CATAGTGGGCACGCCT-1,0,71,125,2798,20860
AAACGCTGGGCACGAC-1,0,70,126,2660,20619
TGTTCTCATACTATAG-1,0,71,127,2521,20860
TCCGCTGGGTCGATCG-1,0,72,0,20117,21116
TTAGCATCCCTCACGT-1,0,73,1,19978,21357
AGCCTTGTCACTGATA-1,0,72,2,19840,21116
GTTTCTTGTTAGAGCT-1,0,73,3,19701,21357
TCGGAGTCCTGGTTGC-1,0,72,4,19562,21116
ACGGGTTGTGACCTGT-1,0,73,5,19424,21357
TGACAGAAATCTTGCT-1,0,72,6,19285,21116
TAGCCATGATTGCCTA-1,0,73,7,19147,21356
CGAAGCCACAGCATGG-1,0,72,8,19008,21115
ACCCGTAGCAGAGAAT-1,0,73,9,18869,21356
AGCTTGATCAGGGTAG-1,0,72,10,18731,21115
CTATAAGTAGGGTTTG-1,0,73,11,18592,21356
TATAGTTAGGTGTACT-1,0,72,12,18454,21115
TACGCTGATAGTTGTA-1,0,73,13,18315,21356
TTCTCAATTGCTACAA-1,0,72,14,18177,21115
GTTGCCCTAACGGGTG-1,0,73,15,18038,21356
GACATTTCGCCCAGCC-1,0,72,16,17900,21114
GTAACTACGTAGACCT-1,0,73,17,17761,21355
CCAGTGTACAGACCGA-1,0,72,18,17623,21114
GCCCGATGCCCAGTTC-1,0,73,19,17484,21355
CGAACCTCTTTCCTAG-1,0,72,20,17346,21114
CATGCACATGAGAGGC-1,0,73,21,17207,21355
CCAAATCAAAGGGCAA-1,0,72,22,17069,21114
GTAGTTTAAGCACACG-1,0,73,23,16930,21355
TAAGTGAATAGTCTAC-1,0,72,24,16791,21113
GGTCCACGTCTATTTG-1,0,73,25,16653,21354
CCCTCAGATCGAGAAC-1,0,72,26,16514,21113
ACATTCGCGCGGAATA-1,0,73,27,16376,21354
CTATGAACACCTTGCC-1,0,72,28,16237,21113
CGAATGGTAGGTCGTC-1,0,73,29,16098,21354
TCGACATAGCGTAGCG-1,0,72,30,15960,21113
GACGTTGCTCGGCGGC-1,0,73,31,15821,21354
CTCGAGGCAAGTTTCA-1,0,72,32,15683,21112
GCTGGGAGCGCGTCAA-1,0,73,33,15544,21353
GACGATATCACTGGGT-1,0,72,34,15406,21112
CAGCTCTGGGCTCACT-1,0,73,35,15267,21353
TAGTCTGCGGCACATT-1,0,72,36,15129,21112
TGGTCGATATACCTCT-1,0,73,37,14990,21353
TTCAGTTCAAGAGGAG-1,0,72,38,14852,21112
GTCTGTAGGTTGAACA-1,0,73,39,14713,21353
GAGAGTCTCGGGAGAG-1,0,72,40,14575,21111
TTGTTTGTATTACACG-1,0,73,41,14436,21352
GCACAGCACGGGCCGA-1,0,72,42,14298,21111
AAACAGTGTTCCTGGG-1,0,73,43,14159,21352
TGGAGAATAATCGTCC-1,0,72,44,14020,21111
CGCCGCGTTCTGAACG-1,0,73,45,13882,21352
CATGCGTTGAGAGGAG-1,0,72,46,13743,21111
TACGCTCCTAGAACTG-1,0,73,47,13605,21352
CCTTGTGAACGTGGTT-1,0,72,48,13466,21110
TTAAAGGCGATGCTCG-1,0,73,49,13328,21351
TAAAGTGCACGTCTCG-1,0,72,50,13189,21110
TGTCCGCAAACAATTC-1,0,73,51,13050,21351
AGGCCTATCATACCAA-1,0,72,52,12912,21110
ACTGGGATGCCAGTGC-1,0,73,53,12773,21351
CGATCCACCATTGTTG-1,0,72,54,12635,21110
GGGCATGCATGTCGAG-1,0,73,55,12496,21351
TCCAGGCAGGACGATC-1,0,72,56,12358,21109
CAATGACCCTTAATTT-1,0,73,57,12219,21350
ATCAAGATCCCAGGAC-1,0,72,58,12081,21109
CTCAGAGCTAATGTCG-1,0,73,59,11942,21350
CTGCGATTTCGAGATT-1,0,72,60,11804,21109
ATGGTATTGGGAACCG-1,0,73,61,11665,21350
TAGGTTCTGCTGAGAA-1,0,72,62,11527,21109
GCCTGTCCCGGTGCAT-1,0,73,63,11388,21350
GGCCTGCTCTGATGTT-1,0,72,64,11250,21108
TAGAGGGAGTTTATCT-1,0,73,65,11111,21349
CTCTACATCCTGCGTG-1,0,72,66,10972,21108
ACACATTTCCGTAGAC-1,0,73,67,10834,21349
TGGGTGTTAAGTAGAA-1,0,72,68,10695,21108
GAGCTCAACATGAGCG-1,0,73,69,10557,21349
GCACACAGCTATTACC-1,0,72,70,10418,21108
GCGACGGTAGTCTCCT-1,0,73,71,10279,21349
GTATCAAGGTACTTCC-1,0,72,72,10141,21108
GGAAAGGGAATTGAGC-1,0,73,73,10002,21348
TACACAGCCGTGGTGC-1,0,72,74,9864,21107
CGGTTGGGCAGGGTCC-1,0,73,75,9725,21348
GCACGCCGATTCCCGC-1,0,72,76,9587,21107
CGCTTTCCGCCAAGGT-1,0,73,77,9448,21348
TGCCCGATAGTTAGAA-1,0,72,78,9310,21107
TCAGAACGGCGGTAAT-1,0,73,79,9171,21348
CCACTCAGATCCGCAA-1,0,72,80,9033,21107
GAAGGGTCATTAAGAC-1,0,73,81,8894,21347
GCGGTCTTGCTTTCAC-1,0,72,82,8756,21106
GGAAGGACACCGTATA-1,0,73,83,8617,21347
CGCGGGAATTCCTTTC-1,0,72,84,8479,21106
TCTATCCGATTGCACA-1,0,73,85,8340,21347
TACTCGTTTGAATCAA-1,0,72,86,8201,21106
GTCTGCCGACTCGACG-1,0,73,87,8063,21347
TACGGGTAATAACATA-1,0,72,88,7924,21106
CCAGTTCGGTAACTCA-1,0,73,89,7786,21347
CGTGCACACCACTGTA-1,0,72,90,7647,21105
CTTCAGTTGGACAACG-1,0,73,91,7508,21346
TGATCTATCACACTCT-1,0,72,92,7370,21105
TAGCAGATACTTAGGG-1,0,73,93,7231,21346
CACCGGGCATCACAAG-1,0,72,94,7093,21105
AGTGGCCCGCAAATGG-1,0,73,95,6954,21346
CTCGCTAGGTAAGCGA-1,0,72,96,6816,21105
GATAGATAGTACAGTC-1,0,73,97,6677,21346
CGAGACTACTGCTGCT-1,0,72,98,6539,21104
ACATTTGAAACCTAAC-1,0,73,99,6400,21345
GACACAGCCGGGACTG-1,0,72,100,6262,21104
ACGGAACACGAGTGCC-1,0,73,101,6123,21345
ACGCCAGTGCGTTTGC-1,0,72,102,5985,21104
GCACCTAGGCGAGTCC-1,0,73,103,5846,21345
TCACTATCCCTTCGGT-1,0,72,104,5708,21104
TGAGTGTAACAACGGG-1,0,73,105,5569,21345
ATTGGTTGTGCATTAC-1,0,72,106,5430,21103
CTGGCGATTTACATGT-1,0,73,107,5292,21344
TCCACCAAGACATAGG-1,0,72,108,5153,21103
AACGTCGCTGCACTTC-1,0,73,109,5015,21344
GTCTCCCGAGTCCCGT-1,0,72,110,4876,21103
AGCCCGCACTACAATG-1,0,73,111,4738,21344
GGCACGCTGCTACAGT-1,0,72,112,4599,21103
GCTTGAGTGACCTCTG-1,0,73,113,4460,21344
ATAGCCATAACAGTCA-1,0,72,114,4322,21102
TAGGAGGCTCGAGAAC-1,0,73,115,4183,21343
GTCGGGTGAAGTACCG-1,0,72,116,4045,21102
CACCCGCGTTTGACAC-1,0,73,117,3906,21343
TCTCAGGCTACTCGCT-1,0,72,118,3768,21102
TAGATTCTCTAGCAAA-1,0,73,119,3629,21343
CCCATTATTGTATCCT-1,0,72,120,3491,21102
GTTAATAGCGTCATTA-1,0,73,121,3352,21343
TACTCATTGACGCATC-1,0,72,122,3214,21101
TAGTGACAAGCTCTAC-1,0,73,123,3075,21342
ATCGCCGTGGTTCATG-1,0,72,124,2937,21101
CTGCTCTCAACACACC-1,0,73,125,2798,21342
GCATGACACAAAGGAA-1,0,72,126,2660,21101
CAACGATCGATCCAAT-1,0,73,127,2521,21342
ATACAGCGTCCACTGA-1,0,74,0,20116,21598
TCACGATTAATACGTT-1,0,75,1,19977,21839
CGTGAACTGACCCGAT-1,0,74,2,19839,21598
TCGATGTTACGGCCGT-1,0,75,3,19700,21839
GACCGGTGATACTCTC-1,0,74,4,19562,21598
TCTGTTTAGATTGTTC-1,0,75,5,19423,21839
GCTACTCGGACGCAGA-1,0,74,6,19285,21598
AAGAAAGTTTGATGGG-1,0,75,7,19146,21839
CGCCAGTAGTACCTTG-1,0,74,8,19008,21597
CTCCCTTGTATCAAGG-1,0,75,9,18869,21838
ACTTTATACACCACTT-1,0,74,10,18731,21597
AGATCTGGAGAGGATA-1,0,75,11,18592,21838
TCATCCATCTGATCAC-1,0,74,12,18454,21597
AGAACACGGCGATGGT-1,0,75,13,18315,21838
CCGCTCCGGATAAGCT-1,0,74,14,18176,21597
TGGTCGGGTACAGGGC-1,0,75,15,18038,21838
ACGGACGCAGCGACAA-1,0,74,16,17899,21596
ACATGCTTACGGCAGC-1,0,75,17,17761,21837
CAGGGAGATAGGCCAG-1,0,74,18,17622,21596
TCGCCACCCGGATTAC-1,0,75,19,17484,21837
TCTTGGTCAATGATAC-1,0,74,20,17345,21596
CATAGGGACACTTGTG-1,0,75,21,17206,21837
CACGAGCAAACCAGAC-1,0,74,22,17068,21596
GGGATATTGATCGCCA-1,0,75,23,16929,21837
TAATGTCGGTTCATGG-1,0,74,24,16791,21596
CGATTTGTCATTAATG-1,0,75,25,16652,21836
TTAAGATACCCAGAGA-1,0,74,26,16514,21595
CGACCGTTGGTATTCG-1,0,75,27,16375,21836
ACTACCATCCGAGGGC-1,0,74,28,16237,21595
TCTACGCACGATCTCC-1,0,75,29,16098,21836
AAGCCACTTGCAGGTA-1,0,74,30,15960,21595
ACGTTGTCGTTGAAAG-1,0,75,31,15821,21836
ACCGCTAGTCATTGGT-1,0,74,32,15683,21595
CATGAGTCCATCACGG-1,0,75,33,15544,21835
ATGTCTTGTTTGACTC-1,0,74,34,15406,21594
TCCCAAACATCCTCTA-1,0,75,35,15267,21835
CAACGCGATGAGCCAA-1,0,74,36,15128,21594
GACACCCAAAGACGCG-1,0,75,37,14990,21835
ACGTTCACTATGCCGC-1,0,74,38,14851,21594
ATGGACTGCTTAGTTG-1,0,75,39,14713,21835
CCATGGCAAACGCTCA-1,0,74,40,14574,21594
TTGTCTCGGCAAGATG-1,0,75,41,14435,21835
TTCGAACGAAACATGC-1,0,74,42,14297,21593
GGAAAGTCTTGATTGT-1,0,75,43,14158,21834
ATCATAGATCGACGAG-1,0,74,44,14020,21593
GATTAGAAACAAGCGT-1,0,75,45,13881,21834
GCTGCGAAGAATTATT-1,0,74,46,13743,21593
TTCCAGTGGGTTTCGT-1,0,75,47,13604,21834
GCTCATTGATCATATC-1,0,74,48,13466,21593
ATACGAGGTTTGTAAG-1,0,75,49,13327,21834
GTCTATACACGCATGG-1,0,74,50,13189,21592
GATTTGCGCTAACACC-1,0,75,51,13050,21833
TGGTGCCCTGCCTTAC-1,0,74,52,12912,21592
TCGAATCGCAGGGTAG-1,0,75,53,12773,21833
GGTAGGCCAATATCAC-1,0,74,54,12635,21592
CGTAAATAACAAAGGG-1,0,75,55,12496,21833
GACTCTAGAGTTCCAA-1,0,74,56,12357,21592
ACTTGTTACCGGATCA-1,0,75,57,12219,21833
GGCATTGAACATCTCA-1,0,74,58,12080,21591
AACCCGCTGTATTCCA-1,0,75,59,11942,21832
TAACAGGTTCCCTTAG-1,0,74,60,11803,21591
GTTCTTGTAACTCAAT-1,0,75,61,11665,21832
GATTCTGTTAATGAGT-1,0,74,62,11526,21591
GGACACCTCGGTGTTG-1,0,75,63,11387,21832
CGATCGAGAAGCACCA-1,0,74,64,11249,21591
CTGCTCTGACGGCAAA-1,0,75,65,11110,21832
CCCAGGAAGAATTCGA-1,0,74,66,10972,21590
TGTCGTGGGTATAGGC-1,0,75,67,10833,21831
ATATGTCTAGAGCGTG-1,0,74,68,10695,21590
GCGGGCAGACGGGTGA-1,0,75,69,10556,21831
CGAAGATCAGTTTCAT-1,0,74,70,10418,21590
ACGCCACTCGAAACAG-1,0,75,71,10279,21831
CTTAGATGTTTCATCC-1,0,74,72,10141,21590
GCGAATGGACTAGCGA-1,0,75,73,10002,21831
TAAATTGTGGGTAAAG-1,0,74,74,9864,21589
ATTTATACTGGTAAAG-1,0,75,75,9725,21830
GCGTCGTAACATGGTC-1,0,74,76,9587,21589
CGGTATGGGCACTCTG-1,0,75,77,9448,21830
CTATCACAACGCTGGA-1,0,74,78,9309,21589
ACCACACGGTTGATGG-1,0,75,79,9171,21830
TCAGCGCACGCCGTTT-1,0,74,80,9032,21589
AATGTTAAGACCCTGA-1,0,75,81,8894,21830
CTTACATAGATTTCTT-1,0,74,82,8755,21588
AACATAGCGTGTATCG-1,0,75,83,8616,21829
AGCAGTCGAAGCATGC-1,0,74,84,8478,21588
GTACTACGGCCTCGTT-1,0,75,85,8339,21829
TTGGCCAAATTGTATC-1,0,74,86,8201,21588
TCAGAGGACGCGTTAG-1,0,75,87,8062,21829
AGTAATCTAAGGGTGG-1,0,74,88,7924,21588
AATTATACCCAGCAAG-1,0,75,89,7785,21829
CCCTACCCACACCCAG-1,0,74,90,7647,21587
CTCTGTCCATGCACCA-1,0,75,91,7508,21828
TCGCCTCCTTCGGCTC-1,0,74,92,7370,21587
CCTGATTCGCGAAGAA-1,0,75,93,7231,21828
GACTTCAACGCATCAA-1,0,74,94,7093,21587
GCTTCCCGTAAGCTCC-1,0,75,95,6954,21828
AGAACTGTACTTTGTA-1,0,74,96,6816,21587
CCTTAAGTACGCAATT-1,0,75,97,6677,21828
GGCCAATTGTATAGAC-1,0,74,98,6538,21586
AGAATACAGGCTATCC-1,0,75,99,6400,21827
AATACCTGATGTGAAC-1,0,74,100,6261,21586
TAGAGTGTTCCGGGTA-1,0,75,101,6123,21827
GCTTCCATGTAACCGC-1,0,74,102,5984,21586
GGTTCGCATTTGCCGT-1,0,75,103,5845,21827
TCAATCCGGGAAGTTT-1,0,74,104,5707,21586
CCGGAAGTGCAATATG-1,0,75,105,5568,21827
CTCATAAATGTGTATA-1,0,74,106,5430,21586
GACGGGCATCGAATTT-1,0,75,107,5291,21826
GCTAAGCCCAGTATGC-1,0,74,108,5153,21585
GCTATAAGGGCCAGGA-1,0,75,109,5014,21826
GCGGATTACTTGTTCT-1,0,74,110,4876,21585
TACAACAGCGCATACA-1,0,75,111,4737,21826
TCTAACCTAGCCTGCG-1,0,74,112,4599,21585
TCTACCCGCATCATTT-1,0,75,113,4460,21826
GTCTTACCACGCCAAG-1,0,74,114,4322,21585
AATAACGTCGCGCCCA-1,0,75,115,4183,21825
CGTTTCGGTTATATGC-1,0,74,116,4045,21584
TACGCTGCACGGTCGT-1,0,75,117,3906,21825
CGTTAAATACGACCAG-1,0,74,118,3767,21584
TCGACTGACGATGGCT-1,0,75,119,3629,21825
ACGCTACTGAATGGGC-1,0,74,120,3490,21584
AAGGGTTAGCCATGCG-1,0,75,121,3352,21825
ACGTTTCGGTGCACTT-1,0,74,122,3213,21584
TTAACCCGAGGCGTGT-1,0,75,123,3075,21825
GCCCGTCAAGCCCAAT-1,0,74,124,2936,21583
ATTCGTCCCGAGGTTA-1,0,75,125,2797,21824
TCAAATTATGTTCGAC-1,0,74,126,2659,21583
AACGTTCTACCATTGT-1,0,75,127,2520,21824
CTGTCCTGCGCACTAC-1,0,76,0,20116,22081
GCCCAGCGACACAAAG-1,0,77,1,19977,22322
TATAGCTATTATCTCT-1,0,76,2,19839,22080
AAGCTATGGATTGACC-1,0,77,3,19700,22321
CCGAAACACGACCTCT-1,0,76,4,19562,22080
ATCAGAAGCTGGTTGC-1,0,77,5,19423,22321
TGAACCTGAATGTGAG-1,0,76,6,19284,22080
TCAGAGCATGTCAACG-1,0,77,7,19146,22321
ATACCCTCCCGGCCAA-1,0,76,8,19007,22080
GCCACCTTATTCGCGA-1,0,77,9,18869,22321
CAACGAGCTTATTATG-1,0,76,10,18730,22079
GATCCAACCTTTAAAC-1,0,77,11,18592,22320
TTGTGGAGACAGCCGG-1,0,76,12,18453,22079
AGATAATCACACCTAT-1,0,77,13,18314,22320
GGTTAGGGATGCTAAT-1,0,76,14,18176,22079
TCATGAAGCGCTGCAT-1,0,77,15,18037,22320
CCAGGCGAGATGGTCT-1,0,76,16,17899,22079
CGACTTGCCGGGAAAT-1,0,77,17,17760,22320
GTGCCAAACGTTTCGA-1,0,76,18,17622,22078
TGCTCAAAGGATGCAC-1,0,77,19,17483,22319
GCCTCAGGTACCGGTC-1,0,76,20,17345,22078
ACAAGTAATTGTAAGG-1,0,77,21,17206,22319
TTAGAGTATTGTCGAG-1,0,76,22,17068,22078
GTCATCCCAAACTCAC-1,0,77,23,16929,22319
CTCCTAGTAATCGTGA-1,0,76,24,16791,22078
CCCTCATCACAGAGTA-1,0,77,25,16652,22319
GGAAACAGAGCTTGGG-1,0,76,26,16513,22077
ACATCGCAATATTCGG-1,0,77,27,16375,22318
TTAGCCATAGGGCTCG-1,0,76,28,16236,22077
CGGATTCTGCCTTATG-1,0,77,29,16098,22318
TTGTTGGCAATGACTG-1,0,76,30,15959,22077
GGATCTACCGTTCGTC-1,0,77,31,15821,22318
GGTGGGATTAGGTCCC-1,0,76,32,15682,22077
AATAGGCACGACCCTT-1,0,77,33,15543,22318
GAGGTCCGTTCGCTGT-1,0,76,34,15405,22076
TGACAACTTAAAGGTG-1,0,77,35,15266,22317
AGCTAAGCTCCGTCCG-1,0,76,36,15128,22076
CTAGCCCGGGAGACGA-1,0,77,37,14989,22317
CCCAGATTCCCGTGAC-1,0,76,38,14851,22076
GCCCGTTCACACAATT-1,0,77,39,14712,22317
ACAAACTCCATCAGAG-1,0,76,40,14574,22076
GGTTCCGTACGACTAA-1,0,77,41,14435,22317
TTGCGGAAAGCTGCCC-1,0,76,42,14297,22075
GGAACTCGTGAATACG-1,0,77,43,14158,22316
GGTTACCGCTCCCTAC-1,0,76,44,14020,22075
AGCGACTTTGAAGACA-1,0,77,45,13881,22316
CCGTTTCCTTTCCGTG-1,0,76,46,13743,22075
TGGATGGCATCTTGGA-1,0,77,47,13604,22316
CAAGTCGTTGAAATCT-1,0,76,48,13465,22075
TGCAAACGTACTAGTT-1,0,77,49,13327,22316
GGCTGTCCTACTGCGG-1,0,76,50,13188,22074
TACTGCATGATTAAAT-1,0,77,51,13050,22315
CGGACCTCTGTAGTTA-1,0,76,52,12911,22074
CCCTAGCTCTAAGGTC-1,0,77,53,12772,22315
GTAACAGGTTAACGGC-1,0,76,54,12634,22074
CCCGCAAATAATCATC-1,0,77,55,12495,22315
AATCCCGCTCAGAGCC-1,0,76,56,12357,22074
AACGTCATCCGGCTTG-1,0,77,57,12218,22315
CTCGTGGCACTGAAAG-1,0,76,58,12080,22074
CTTTATCCGACGCATG-1,0,77,59,11941,22314
AAATGACTGATCAAAC-1,0,76,60,11803,22073
TTCGTGCATGTTATAG-1,0,77,61,11664,22314
ATCAAAGAGCCGTGGT-1,0,76,62,11526,22073
ATGTCATAATAAACGA-1,0,77,63,11387,22314
CTTAATCGACTTAGTA-1,0,76,64,11249,22073
CTAAAGGATGAGATAC-1,0,77,65,11110,22314
GTGCTATCCAGCTGGA-1,0,76,66,10972,22073
GACAGAGGTCTTCAGT-1,0,77,67,10833,22313
TCGATTTACGAAACGA-1,0,76,68,10694,22072
AGGCTTAAGTTGCACA-1,0,77,69,10556,22313
TAGGATCTTAACCGCA-1,0,76,70,10417,22072
GACTTTCGAGCGGTTC-1,0,77,71,10279,22313
CCCTGGGAGGGATCCT-1,0,76,72,10140,22072
TAGTAGTTGCCGGACA-1,0,77,73,10002,22313
GCCCTAAGTGCAGGAT-1,0,76,74,9863,22072
ACTTGGGCTTTCGCCA-1,0,77,75,9724,22313
CATGATACGGTGAAAC-1,0,76,76,9586,22071
TCCTGCAGCCGCCAAT-1,0,77,77,9447,22312
GTCCGTTAGAGGGCCT-1,0,76,78,9309,22071
GCTTTATTAAGTTACC-1,0,77,79,9170,22312
AATCGAGGTCTCAAGG-1,0,76,80,9032,22071
GTGCTGTTAGAACATA-1,0,77,81,8893,22312
GGCTTCTCGTGGGTGG-1,0,76,82,8755,22071
CCTACAGTTGAGGGAG-1,0,77,83,8616,22312
TATCCCTCGATCTGCA-1,0,76,84,8478,22070
CCGGTATCTGGCGACT-1,0,77,85,8339,22311
CTCTAACACCGGCAGC-1,0,76,86,8201,22070
CTTCATCACCAGGGCT-1,0,77,87,8062,22311
GGCTGGCAATCCCACG-1,0,76,88,7924,22070
CAAACCATAAGCGTAT-1,0,77,89,7785,22311
CATGTGGGCTCATCAC-1,0,76,90,7646,22070
CCCGTGACAGTGCCTT-1,0,77,91,7508,22311
GATTATCTTGCATTAT-1,0,76,92,7369,22069
GAGTCCACCAGGTTTA-1,0,77,93,7231,22310
TGTACTATCGCTCGTT-1,0,76,94,7092,22069
TTAGCGAATAGATAGG-1,0,77,95,6953,22310
ACATACAATCAAGCGG-1,0,76,96,6815,22069
ATTCGTGTACCCATTC-1,0,77,97,6676,22310
GCTAGCAACGCACCTA-1,0,76,98,6538,22069
ACCTCAGCGAGGCGCA-1,0,77,99,6399,22310
TCCGGGCCACTAACGG-1,0,76,100,6261,22068
TCCCAATATCGACGAC-1,0,77,101,6122,22309
GGATTGAAGTAGCCTC-1,0,76,102,5984,22068
GGCGCACAGTTTACCT-1,0,77,103,5845,22309
CCCGGCACGTGTCAGG-1,0,76,104,5707,22068
AGTAAGGGACAGAATC-1,0,77,105,5568,22309
TTGCGCACAACCACGT-1,0,76,106,5430,22068
CCTGCTACAACCATAC-1,0,77,107,5291,22309
CTGGGCTACTGGAGAG-1,0,76,108,5153,22067
AGCTACGAATGGTGGT-1,0,77,109,5014,22308
ATTCGTTTATCGTATT-1,0,76,110,4875,22067
GGCATTCCCTCCCTCG-1,0,77,111,4737,22308
AGTTATTCAGACTGTG-1,0,76,112,4598,22067
CCACTTTCCTTCTAGG-1,0,77,113,4460,22308
CGCAGTTCTATCTTTC-1,0,76,114,4321,22067
AGGAGCGTTTATTATC-1,0,77,115,4182,22308
GACAGGTAATCCGTGT-1,0,76,116,4044,22066
TTCCCAAAGTACTGAT-1,0,77,117,3905,22307
CTGCAGGGTGACGCTC-1,0,76,118,3767,22066
TCATGGAGGCCTTTGT-1,0,77,119,3628,22307
ATGGCCCGAAAGGTTA-1,0,76,120,3490,22066
CGTAATATGGCCCTTG-1,0,77,121,3351,22307
AGAGTCTTAATGAAAG-1,0,76,122,3213,22066
GAACGTTTGTATCCAC-1,0,77,123,3074,22307
ATTGAATTCCCTGTAG-1,0,76,124,2936,22065
TACCTCACCAATTGTA-1,0,77,125,2797,22306
AGTCGAATTAGCGTAA-1,0,76,126,2659,22065
TTGAAGTGCATCTACA-1,0,77,127,2520,22306
