key,cluster
AAACAAGTATCTCCCA-1_V12D07-075_C1,3
AAACAGAGCGACTCCT-1_V12D07-075_C1,4
AAACATTTCCCGGATT-1_V12D07-075_C1,3
AAACCCGAACGAAATC-1_V12D07-075_C1,4
AAACCGGAAATGTTAA-1_V12D07-075_C1,16
AAACCGGGTAGGTACC-1_V12D07-075_C1,15
AAACCGTTCGTCCAGG-1_V12D07-075_C1,8
AAACCTAAGCAGCCGG-1_V12D07-075_C1,3
AAACCTCATGAAGTTG-1_V12D07-075_C1,9
AAACGAAGAACATACC-1_V12D07-075_C1,13
AAACGAGACGGTTGAT-1_V12D07-075_C1,3
AAACGCTGGGCACGAC-1_V12D07-075_C1,5
AAACGGTTGCGAACTG-1_V12D07-075_C1,14
AAACGTGTTCGCCCTA-1_V12D07-075_C1,4
AAACTAACGTGGCGAC-1_V12D07-075_C1,4
AAACTCGGTTCGCAAT-1_V12D07-075_C1,3
AAACTCGTGATATAAG-1_V12D07-075_C1,4
AAACTGCTGGCTCCAA-1_V12D07-075_C1,3
AAAGAATGTGGACTAA-1_V12D07-075_C1,3
AAAGACCCAAGTCGCG-1_V12D07-075_C1,7
AAAGACTGGGCGCTTT-1_V12D07-075_C1,9
AAAGCTTGCCTACATA-1_V12D07-075_C1,7
AAAGGCTACGGACCAT-1_V12D07-075_C1,5
AAAGGCTCTCGCGCCG-1_V12D07-075_C1,8
AAAGGGATGTAGCAAG-1_V12D07-075_C1,5
AAAGGGCAGCTTGAAT-1_V12D07-075_C1,11
AAAGGTAAGCTGTACC-1_V12D07-075_C1,4
AAAGTCACTGATGTAA-1_V12D07-075_C1,7
AAAGTCGACCCTCAGT-1_V12D07-075_C1,8
AAAGTGCCATCAATTA-1_V12D07-075_C1,6
AAAGTGTGATTTATCT-1_V12D07-075_C1,3
AAAGTTGACTCCCGTA-1_V12D07-075_C1,6
AAATAACCATACGGGA-1_V12D07-075_C1,7
AAATAAGGTAGTGCCC-1_V12D07-075_C1,4
AAATACCTATAAGCAT-1_V12D07-075_C1,5
AAATAGCTTAGACTTT-1_V12D07-075_C1,7
AAATAGGGTGCTATTG-1_V12D07-075_C1,6
AAATCGTGTACCACAA-1_V12D07-075_C1,9
AAATCTAGCCCTGCTA-1_V12D07-075_C1,3
AAATGATTCGATCAGC-1_V12D07-075_C1,4
AAATGGCATGTCTTGT-1_V12D07-075_C1,7
AAATGGTCAATGTGCC-1_V12D07-075_C1,5
AAATTAACGGGTAGCT-1_V12D07-075_C1,9
AAATTAATAAGCGCGA-1_V12D07-075_C1,3
AAATTACACGACTCTG-1_V12D07-075_C1,7
AAATTACCTATCGATG-1_V12D07-075_C1,8
AAATTCCAGGTCCAAA-1_V12D07-075_C1,7
AAATTGGTGAGAAGCA-1_V12D07-075_C1,4
AAATTTACCGAAATCC-1_V12D07-075_C1,16
AAATTTGCGGGTGTGG-1_V12D07-075_C1,15
AACAACTGGTAGTTGC-1_V12D07-075_C1,5
AACACACGCTCGCCGC-1_V12D07-075_C1,5
AACACGACTGTACTGA-1_V12D07-075_C1,7
AACACGCGGCCGCGAA-1_V12D07-075_C1,7
AACAGGATGGGCCGCG-1_V12D07-075_C1,13
AACAGGTAGTATGGAT-1_V12D07-075_C1,8
AACATATCAACTGGTG-1_V12D07-075_C1,8
AACATCGATACGTCTA-1_V12D07-075_C1,4
AACATTGTGACTCGAG-1_V12D07-075_C1,5
AACCAAGACTTCTCTG-1_V12D07-075_C1,5
AACCAGTATCACTCTT-1_V12D07-075_C1,4
AACCATGGGATCGCTA-1_V12D07-075_C1,10
AACCCAGAGACGGAGA-1_V12D07-075_C1,3
AACCCGAGCAGAATCG-1_V12D07-075_C1,3
AACCCTACTGTCAATA-1_V12D07-075_C1,6
AACCCTGGTGGAACCA-1_V12D07-075_C1,13
AACCGAGCTTGGTCAT-1_V12D07-075_C1,9
AACCGCTAAGGGATGC-1_V12D07-075_C1,6
AACCGTTGTGTTTGCT-1_V12D07-075_C1,4
AACCTCGCTTTAGCCC-1_V12D07-075_C1,3
AACCTGTCACGGAATT-1_V12D07-075_C1,7
AACCTTTAAATACGGT-1_V12D07-075_C1,5
AACCTTTACGACGTCT-1_V12D07-075_C1,8
AACGATAATGCCGTAG-1_V12D07-075_C1,3
AACGATATGTCAACTG-1_V12D07-075_C1,4
AACGCATGATCTGGGT-1_V12D07-075_C1,4
AACGCGAACGGCAACA-1_V12D07-075_C1,7
AACGCGACCTTGGGCG-1_V12D07-075_C1,3
AACGCGGTCTCCAGCC-1_V12D07-075_C1,3
AACGCTGTTGCTGAAA-1_V12D07-075_C1,3
AACGGACGTACGTATA-1_V12D07-075_C1,3
AACGGCCATCTCCGGT-1_V12D07-075_C1,15
AACGTACTGTGGGTAC-1_V12D07-075_C1,8
AACGTGATGAAGGACA-1_V12D07-075_C1,7
AACGTGCGAAAGTCTC-1_V12D07-075_C1,9
AACGTTATCAGCACCT-1_V12D07-075_C1,7
AACTACCCGTTTGTCA-1_V12D07-075_C1,5
AACTAGGCTTGGGTGT-1_V12D07-075_C1,5
AACTCAAGTTAATTGC-1_V12D07-075_C1,5
AACTCCAGAGCGTGTT-1_V12D07-075_C1,6
AACTCCTAATCCCATG-1_V12D07-075_C1,4
AACTCGATGGCGCAGT-1_V12D07-075_C1,13
AACTCTCAATAGAGCG-1_V12D07-075_C1,8
AACTCTCAGTGTGCTC-1_V12D07-075_C1,8
AACTGAGGTCAGCGTC-1_V12D07-075_C1,4
AACTGAGTTATACTGA-1_V12D07-075_C1,4
AACTGATATTAGGCCT-1_V12D07-075_C1,16
AACTGGGTCCCGACGT-1_V12D07-075_C1,2
AACTGGTGTGGGCCTT-1_V12D07-075_C1,4
AACTTGCCCGTATGCA-1_V12D07-075_C1,5
AACTTTACGGGAGCTT-1_V12D07-075_C1,3
AAGAAGGATCAGTTAG-1_V12D07-075_C1,2
AAGACATACGTGGTTT-1_V12D07-075_C1,3
AAGACCCAACTGAACA-1_V12D07-075_C1,3
AAGACTGCAAGCTACT-1_V12D07-075_C1,5
AAGAGATGAATCGGTA-1_V12D07-075_C1,5
AAGAGCTCTTTATCGG-1_V12D07-075_C1,5
AAGAGGATGTACGCGA-1_V12D07-075_C1,8
AAGAGGCATGGATCGC-1_V12D07-075_C1,8
AAGAGGCCCTTTGGAA-1_V12D07-075_C1,3
AAGATTGGCGGAACGT-1_V12D07-075_C1,8
AAGCACCCTGCGTATC-1_V12D07-075_C1,13
AAGCATACTCTCCTGA-1_V12D07-075_C1,5
AAGCCGAAGCGGTTTA-1_V12D07-075_C1,3
AAGCCGGAGAGCAGGA-1_V12D07-075_C1,6
AAGCGCAGGGCTTTGA-1_V12D07-075_C1,3
AAGCGGCGTCATGGGT-1_V12D07-075_C1,4
AAGCTAGATCGAGTAA-1_V12D07-075_C1,5
AAGCTCGTGCCAAGTC-1_V12D07-075_C1,3
AAGCTCTTTCATGGTG-1_V12D07-075_C1,3
AAGGAGCGGTTGGTGC-1_V12D07-075_C1,5
AAGGATGAGGGACCTC-1_V12D07-075_C1,8
AAGGCAGGCTGTCTCC-1_V12D07-075_C1,4
AAGGCGCGTAAAGCTT-1_V12D07-075_C1,7
AAGGCTGTGCTCATCG-1_V12D07-075_C1,7
AAGGGACAGATTCTGT-1_V12D07-075_C1,8
AAGGTATCCTAATATA-1_V12D07-075_C1,4
AAGGTGATAAACCAGC-1_V12D07-075_C1,3
AAGTAGAAGACCGGGT-1_V12D07-075_C1,5
AAGTAGTGACGCGAGG-1_V12D07-075_C1,9
AAGTCAATTGTCGTCA-1_V12D07-075_C1,3
AAGTCTTCTGTGGCCT-1_V12D07-075_C1,8
AAGTGACGACCGAATT-1_V12D07-075_C1,15
AAGTGAGTCGGGTTTA-1_V12D07-075_C1,5
AAGTGCAAAGGTAGAC-1_V12D07-075_C1,3
AAGTGCCTTGACTGTA-1_V12D07-075_C1,3
AAGTGTTTGGAGACGG-1_V12D07-075_C1,6
AAGTTCACTCCAAGCT-1_V12D07-075_C1,6
AAGTTCAGTCTGCGTA-1_V12D07-075_C1,4
AAGTTCGGCCAACAGG-1_V12D07-075_C1,15
AAGTTTACTAATGGCA-1_V12D07-075_C1,7
AAGTTTATGGGCCCAA-1_V12D07-075_C1,3
AATAACAACGCTCGGC-1_V12D07-075_C1,13
AATAACACTAGAACAA-1_V12D07-075_C1,15
AATAAGTCCTCGAGAC-1_V12D07-075_C1,12
AATAATCTTCGTATCG-1_V12D07-075_C1,4
AATAGAACAGAGTGGC-1_V12D07-075_C1,15
AATAGAATCTGTTTCA-1_V12D07-075_C1,13
AATAGCAAGCCTCCTG-1_V12D07-075_C1,4
AATAGCTACCGCGTGC-1_V12D07-075_C1,4
AATAGTCCGTCCCGAC-1_V12D07-075_C1,5
AATAGTCGCGAGTCGG-1_V12D07-075_C1,5
AATATCAAGGTCGGAT-1_V12D07-075_C1,12
AATATCGAATCAATGC-1_V12D07-075_C1,8
AATATCGAGGGTTCTC-1_V12D07-075_C1,8
AATCAGACTGCAGGAC-1_V12D07-075_C1,7
AATCATGTAAAGACTC-1_V12D07-075_C1,3
AATCCAAGGGCCTGAG-1_V12D07-075_C1,12
AATCCATGCAAGGGTG-1_V12D07-075_C1,13
AATCGCCTCAGCGCCA-1_V12D07-075_C1,5
AATCGCGCAGAGGACT-1_V12D07-075_C1,4
AATCGGGACACTACGA-1_V12D07-075_C1,13
AATCGGTATAGCCCTC-1_V12D07-075_C1,8
AATCGTGAGCCGAGCA-1_V12D07-075_C1,6
AATCTATGCCGGAGCC-1_V12D07-075_C1,1
AATCTCTACTGTGGTT-1_V12D07-075_C1,8
AATCTGCGTTGGGACG-1_V12D07-075_C1,15
AATGACAGCAATGTCT-1_V12D07-075_C1,8
AATGACGTAGGATGTC-1_V12D07-075_C1,6
AATGACTGTCAGCCGG-1_V12D07-075_C1,5
AATGAGTTCGCATATG-1_V12D07-075_C1,6
AATGATGATACGCTAT-1_V12D07-075_C1,4
AATGATGCGACTCCTG-1_V12D07-075_C1,7
AATGCAACCGGGTACC-1_V12D07-075_C1,5
AATGCACCAAGCAATG-1_V12D07-075_C1,4
AATGGTTCTCACAAGC-1_V12D07-075_C1,5
AATGTTGTCGTGAGAC-1_V12D07-075_C1,3
AATTAAAGGTCGGCGT-1_V12D07-075_C1,5
AATTAACGGATTTCCA-1_V12D07-075_C1,1
AATTACTCGTACGCTC-1_V12D07-075_C1,2
AATTAGCGCTGCAGCG-1_V12D07-075_C1,5
AATTCATAAGGGATCT-1_V12D07-075_C1,4
AATTCCAAGCATGTAC-1_V12D07-075_C1,6
AATTCGATTCGAGGAT-1_V12D07-075_C1,9
AATTCTAGAGTTAGGC-1_V12D07-075_C1,5
AATTGAACGCTCTGGT-1_V12D07-075_C1,3
AATTGCAGCAATCGAC-1_V12D07-075_C1,5
AATTGTGGTTGCCAAA-1_V12D07-075_C1,3
AATTTGGGACATAGTA-1_V12D07-075_C1,4
AATTTGGTTCCAAAGA-1_V12D07-075_C1,7
ACAAAGCATGACCTAG-1_V12D07-075_C1,6
ACAAATCGCACCGAAT-1_V12D07-075_C1,3
ACAAATGGTAGTGTTT-1_V12D07-075_C1,5
ACAAATTCAGATCTGA-1_V12D07-075_C1,4
ACAACAGCATGAGCTA-1_V12D07-075_C1,3
ACAACGGTCCCTGCGA-1_V12D07-075_C1,1
ACAAGCAGTGCCTAGC-1_V12D07-075_C1,2
ACAAGCTATATGGAAG-1_V12D07-075_C1,2
ACAAGGAAATCCGCCC-1_V12D07-075_C1,9
ACAAGGACAAGAGGTT-1_V12D07-075_C1,3
ACAAGGATGCTTTAGG-1_V12D07-075_C1,5
ACAAGGGCAGGCTCTG-1_V12D07-075_C1,9
ACAATCCATTTAAACC-1_V12D07-075_C1,5
ACAATGATTCTTCTAC-1_V12D07-075_C1,16
ACAATTGTGTCTCTTT-1_V12D07-075_C1,5
ACAATTTAGGAGGCTC-1_V12D07-075_C1,3
ACAATTTGAGCAGTGG-1_V12D07-075_C1,8
ACAATTTGGCCATATT-1_V12D07-075_C1,4
ACACAAAGACGGGTGG-1_V12D07-075_C1,5
ACACACCAGGACCAGT-1_V12D07-075_C1,3
ACACACTTTCTACACG-1_V12D07-075_C1,2
ACACATTGACGCAACA-1_V12D07-075_C1,3
ACACCACATAATTAGC-1_V12D07-075_C1,4
ACACCCAGCATGCAGC-1_V12D07-075_C1,7
ACACCCGAGAAATCCG-1_V12D07-075_C1,13
ACACCGAGCGCTCTTT-1_V12D07-075_C1,3
ACACCTTAAGTAGGGC-1_V12D07-075_C1,13
ACACCTTACTACTTGC-1_V12D07-075_C1,3
ACACGAGACTCCTTCT-1_V12D07-075_C1,5
ACACGGCACTATGCAT-1_V12D07-075_C1,1
ACACGGGAACTTAGGG-1_V12D07-075_C1,3
ACACGTAGGCCACAAG-1_V12D07-075_C1,3
ACACTCCAATGTCACT-1_V12D07-075_C1,5
ACACTGATCAAGGTGT-1_V12D07-075_C1,8
ACACTGGGACAGTCGT-1_V12D07-075_C1,6
ACAGATTAGGTTAGTG-1_V12D07-075_C1,7
ACAGCATAGAGCCAGT-1_V12D07-075_C1,7
ACAGCGACATTCTCAT-1_V12D07-075_C1,3
ACAGCGCACCCGCAGC-1_V12D07-075_C1,4
ACAGGCACGGATCCTT-1_V12D07-075_C1,3
ACAGGCTTGCCCGACT-1_V12D07-075_C1,5
ACAGGTGGAGGTGAGG-1_V12D07-075_C1,15
ACAGGTGTGTTGTTGC-1_V12D07-075_C1,8
ACAGTATACCGTGGGA-1_V12D07-075_C1,4
ACATCAGCTGGGACGC-1_V12D07-075_C1,5
ACATCCCGGCCATACG-1_V12D07-075_C1,5
ACATCCTGGTAACTGT-1_V12D07-075_C1,3
ACATCGATCGTTTACC-1_V12D07-075_C1,3
ACATCGGTCAGCCGCG-1_V12D07-075_C1,5
ACATCGTATGCAATGG-1_V12D07-075_C1,3
ACATCGTTAACCTAGT-1_V12D07-075_C1,13
ACATGGCGCCAAAGTA-1_V12D07-075_C1,8
ACATGGCTCAATTTAG-1_V12D07-075_C1,5
ACATTAGTTTATATCC-1_V12D07-075_C1,13
ACCAAACACCCAGCGA-1_V12D07-075_C1,7
ACCAACACCACACACT-1_V12D07-075_C1,7
ACCAACCGCACTCCAC-1_V12D07-075_C1,9
ACCAACGCTTATTTAT-1_V12D07-075_C1,8
ACCAAGAACGCGTGTC-1_V12D07-075_C1,7
ACCAAGTCATCGGCAG-1_V12D07-075_C1,6
ACCAATATGCAAGTTA-1_V12D07-075_C1,12
ACCACAACTCAGAACA-1_V12D07-075_C1,9
ACCACAAGTTTCTATC-1_V12D07-075_C1,5
ACCACCAATGTAACAA-1_V12D07-075_C1,8
ACCACCCTCTCTTCTA-1_V12D07-075_C1,4
ACCACGTGCAGCTATA-1_V12D07-075_C1,9
ACCACTGTTCAAGAAG-1_V12D07-075_C1,3
ACCAGACCATAACAAC-1_V12D07-075_C1,3
ACCAGCCCGGTCTTTG-1_V12D07-075_C1,7
ACCAGTGCCCGGTCAA-1_V12D07-075_C1,4
ACCAGTGCGGGAGACG-1_V12D07-075_C1,3
ACCATATCCGCAATAA-1_V12D07-075_C1,13
ACCATCGTATATGGTA-1_V12D07-075_C1,5
ACCATTAAGGGTGTCA-1_V12D07-075_C1,6
ACCCAACGCCCGTGGC-1_V12D07-075_C1,15
ACCCACCTACATGCTC-1_V12D07-075_C1,5
ACCCATCTTGAGGGTA-1_V12D07-075_C1,9
ACCCATTTGTCCCTCT-1_V12D07-075_C1,6
ACCCGGAAACTCCCAG-1_V12D07-075_C1,9
ACCCGGAGCACCACAA-1_V12D07-075_C1,8
ACCCGGATGACGCATC-1_V12D07-075_C1,8
ACCCGGTTACACTTCC-1_V12D07-075_C1,9
ACCCGTAGTCTAGTTG-1_V12D07-075_C1,6
ACCCGTGTCATCAGTA-1_V12D07-075_C1,9
ACCCTATAGGACTGAG-1_V12D07-075_C1,7
ACCCTATGCCATATCG-1_V12D07-075_C1,15
ACCCTCCCGTCAGGGC-1_V12D07-075_C1,3
ACCCTCCCTTGCTATT-1_V12D07-075_C1,9
ACCCTGGTAACGCCCT-1_V12D07-075_C1,4
ACCCTTCATCTGCGAA-1_V12D07-075_C1,14
ACCCTTTAGTTCTCCA-1_V12D07-075_C1,2
ACCGAAAGGGCCCTGC-1_V12D07-075_C1,12
ACCGACACATCTCCCA-1_V12D07-075_C1,5
ACCGACTGAGTCCCAC-1_V12D07-075_C1,9
ACCGATAGGCATAACC-1_V12D07-075_C1,3
ACCGATATTTAATCAT-1_V12D07-075_C1,7
ACCGATGGTAGCATCG-1_V12D07-075_C1,8
ACCGCAATAACTGCCT-1_V12D07-075_C1,14
ACCGCGGTGGAAGTCG-1_V12D07-075_C1,8
ACCGGGCCTTTGTTGA-1_V12D07-075_C1,6
ACCGTTCCCGCTCTGA-1_V12D07-075_C1,7
ACCTAATCGACTTCCT-1_V12D07-075_C1,2
ACCTACAGTATGTGGT-1_V12D07-075_C1,4
ACCTACTATAAATCTA-1_V12D07-075_C1,5
ACCTCCGCCCTCGCTG-1_V12D07-075_C1,3
ACCTCCGTTATTCACC-1_V12D07-075_C1,4
ACGACCCATGAGTTGC-1_V12D07-075_C1,8
ACGACTCTAGGGCCGA-1_V12D07-075_C1,8
ACGAGAACCCATCACG-1_V12D07-075_C1,7
ACGAGATATTTGCTTA-1_V12D07-075_C1,4
ACGAGTACGGATGCCC-1_V12D07-075_C1,8
ACGATACATAGAACTA-1_V12D07-075_C1,4
ACGATACCTATCCTGA-1_V12D07-075_C1,3
ACGATCATACATAGAG-1_V12D07-075_C1,5
ACGATCATCTTGTAAA-1_V12D07-075_C1,8
ACGATGCATATGTTAT-1_V12D07-075_C1,5
ACGATGGATCCGATGC-1_V12D07-075_C1,7
ACGCAAACTAATAGAT-1_V12D07-075_C1,8
ACGCAATCACTACAGC-1_V12D07-075_C1,4
ACGCATAAATGACATG-1_V12D07-075_C1,4
ACGCATACGTTTACTA-1_V12D07-075_C1,6
ACGCATTCGTGAGTAC-1_V12D07-075_C1,6
ACGCCAGATGATTTCT-1_V12D07-075_C1,7
ACGCCAGTGCGTTTGC-1_V12D07-075_C1,8
ACGCCGCTAGACGACC-1_V12D07-075_C1,5
ACGCGAAGTCAGACGA-1_V12D07-075_C1,9
ACGCGCTACACAGGGT-1_V12D07-075_C1,8
ACGCGGGCCAAGGACA-1_V12D07-075_C1,3
ACGCGTTTCTTAAGAG-1_V12D07-075_C1,3
ACGCTAGTGATACACT-1_V12D07-075_C1,8
ACGCTGTGAGGCGTAG-1_V12D07-075_C1,8
ACGGAATTTAGCAAAT-1_V12D07-075_C1,13
ACGGACTCTCAAAGCG-1_V12D07-075_C1,6
ACGGAGCGCAAATTAC-1_V12D07-075_C1,4
ACGGCACTTGCTTGGG-1_V12D07-075_C1,5
ACGGCCAACATGGACT-1_V12D07-075_C1,12
ACGGCGACGATGGGAA-1_V12D07-075_C1,3
ACGGCGGGTTGCCCTG-1_V12D07-075_C1,7
ACGGGCGTATGCGACA-1_V12D07-075_C1,4
ACGGGTCATGTGACTT-1_V12D07-075_C1,3
ACGGTACAGTTCAATG-1_V12D07-075_C1,5
ACGTACAGATTTCTCT-1_V12D07-075_C1,7
ACGTAGATTGCTGATG-1_V12D07-075_C1,3
ACGTAGGAGAGTCGCT-1_V12D07-075_C1,8
ACGTATTACTCCGATC-1_V12D07-075_C1,3
ACGTGCGCCTCGTGCA-1_V12D07-075_C1,7
ACGTTAATGTCGAAGA-1_V12D07-075_C1,7
ACGTTAGATTTGCCCG-1_V12D07-075_C1,5
ACGTTCCGCGCTCCGT-1_V12D07-075_C1,7
ACGTTCGCAATCAATT-1_V12D07-075_C1,4
ACGTTCGTTCAGGAAA-1_V12D07-075_C1,8
ACGTTCTGTACAAGTC-1_V12D07-075_C1,3
ACGTTTAGTTGTGATC-1_V12D07-075_C1,7
ACTAATACGTCAGGCG-1_V12D07-075_C1,7
ACTACCAGCTCTCTGG-1_V12D07-075_C1,4
ACTACGCGTTAGAATT-1_V12D07-075_C1,14
ACTAGTTGCGATCGTC-1_V12D07-075_C1,6
ACTATATGCTGTGTTC-1_V12D07-075_C1,4
ACTATCGCCGGCTAAA-1_V12D07-075_C1,6
ACTATTTCCGGGCCCA-1_V12D07-075_C1,8
ACTCAACGAATGTATT-1_V12D07-075_C1,7
ACTCAAGTGCAAGGCT-1_V12D07-075_C1,5
ACTCAATAAAGGCACG-1_V12D07-075_C1,9
ACTCAGACCTGCTTCT-1_V12D07-075_C1,12
ACTCCCGAATTCGTTT-1_V12D07-075_C1,7
ACTCCCTAATGCTAAA-1_V12D07-075_C1,3
ACTCCCTAGAATAGTA-1_V12D07-075_C1,5
ACTCCGGCCGACCACT-1_V12D07-075_C1,3
ACTCGATGTATTTCAT-1_V12D07-075_C1,3
ACTCGCCGTTCGATAA-1_V12D07-075_C1,5
ACTCGCGATCTGACGC-1_V12D07-075_C1,4
ACTCGTCAGTAATCCC-1_V12D07-075_C1,3
ACTCTAAACCTGGGAT-1_V12D07-075_C1,5
ACTCTCTGACTTAGGT-1_V12D07-075_C1,5
ACTCTCTTATACACGA-1_V12D07-075_C1,4
ACTCTGACCTAATAGA-1_V12D07-075_C1,6
ACTCTTCAGCTCCCGC-1_V12D07-075_C1,4
ACTCTTGTATAGTAAC-1_V12D07-075_C1,5
ACTGAAACGCCGTTAG-1_V12D07-075_C1,3
ACTGAATGGCGAAAGT-1_V12D07-075_C1,9
ACTGCGGACACACCGT-1_V12D07-075_C1,7
ACTGTACGATACACAT-1_V12D07-075_C1,5
ACTGTAGCACTTTGGA-1_V12D07-075_C1,5
ACTGTATACGCGAGCA-1_V12D07-075_C1,13
ACTGTCCAGGATTATA-1_V12D07-075_C1,5
ACTGTCTTCTTTAGAA-1_V12D07-075_C1,5
ACTTACCGGGCGCGCA-1_V12D07-075_C1,4
ACTTAGTACGACAAGA-1_V12D07-075_C1,7
ACTTATACTTACCCGG-1_V12D07-075_C1,8
ACTTATTAGGATCGGT-1_V12D07-075_C1,3
ACTTATTTATGTGCCA-1_V12D07-075_C1,3
ACTTCAGGCTGATCCC-1_V12D07-075_C1,5
ACTTCCATGCGGGACA-1_V12D07-075_C1,3
ACTTCGCCATACGCAC-1_V12D07-075_C1,3
ACTTCGCTAGCGAGTG-1_V12D07-075_C1,4
ACTTGACTCCCTCTTT-1_V12D07-075_C1,13
ACTTGGGACCCGGTGG-1_V12D07-075_C1,5
ACTTGTGGATGGAACG-1_V12D07-075_C1,6
ACTTTACCCTCATGAA-1_V12D07-075_C1,16
ACTTTCCTATAGCTTC-1_V12D07-075_C1,3
ACTTTGACTGCATCCT-1_V12D07-075_C1,8
ACTTTGTCGACGCACT-1_V12D07-075_C1,8
AGAAATTATGACTCGC-1_V12D07-075_C1,8
AGAACCCAGCGTGACA-1_V12D07-075_C1,4
AGAACGTGGTACATTC-1_V12D07-075_C1,3
AGAAGGTTGCCGAATT-1_V12D07-075_C1,5
AGAAGGTTGTAGGTCG-1_V12D07-075_C1,3
AGAATAAATCTTCAGG-1_V12D07-075_C1,1
AGAATGCGGGTTCGGA-1_V12D07-075_C1,4
AGAATTATGGATTCGA-1_V12D07-075_C1,15
AGAATTGTTTGACATA-1_V12D07-075_C1,3
AGACAGGCATCTCAGC-1_V12D07-075_C1,4
AGACATAGATCCTTCC-1_V12D07-075_C1,1
AGACCATGGGATACAA-1_V12D07-075_C1,5
AGACCCACCGCTGATC-1_V12D07-075_C1,5
AGACCCGCCCTCCTCG-1_V12D07-075_C1,5
AGACCGCTCCGCGGTT-1_V12D07-075_C1,8
AGACGAAGTGCCGGTC-1_V12D07-075_C1,3
AGACGCCCACTTCGCC-1_V12D07-075_C1,6
AGACGGGCCGATTTAA-1_V12D07-075_C1,4
AGACTAGCCTTCCAGA-1_V12D07-075_C1,5
AGACTGTTACCGGGTC-1_V12D07-075_C1,8
AGAGAACCGTCTAGGA-1_V12D07-075_C1,8
AGAGCCGCCGAGATTT-1_V12D07-075_C1,6
AGAGCGGGCTAATCAT-1_V12D07-075_C1,13
AGAGCGTACAAGCTCG-1_V12D07-075_C1,3
AGAGCTACGAAAGCAT-1_V12D07-075_C1,13
AGAGGCTTCGGAAACC-1_V12D07-075_C1,3
AGAGGGACAATTGTCC-1_V12D07-075_C1,4
AGAGTAAACTTCACTA-1_V12D07-075_C1,3
AGAGTATAGTGTTACG-1_V12D07-075_C1,16
AGAGTTAGAGACCGAT-1_V12D07-075_C1,4
AGATAACTTCAGGGCC-1_V12D07-075_C1,13
AGATACCAATAGAACC-1_V12D07-075_C1,3
AGATACCAGCACTTCA-1_V12D07-075_C1,4
AGATACCGGTGTTCAC-1_V12D07-075_C1,5
AGATACGACTTCATAT-1_V12D07-075_C1,3
AGATACTCAAGATCGA-1_V12D07-075_C1,3
AGATATAATACGACTA-1_V12D07-075_C1,3
AGATCGTGCATAAGAT-1_V12D07-075_C1,4
AGATCTCAGGTGTGAT-1_V12D07-075_C1,3
AGATGACTCGCCCACG-1_V12D07-075_C1,16
AGATGAGGGTTGCGAT-1_V12D07-075_C1,4
AGATGATGGAGTCTGG-1_V12D07-075_C1,7
AGATGCTATAACGAGC-1_V12D07-075_C1,3
AGATTATAGGACGTTT-1_V12D07-075_C1,9
AGCAAAGGCCGCTAGT-1_V12D07-075_C1,3
AGCAACATATCTTATT-1_V12D07-075_C1,3
AGCACCAGTACTCACG-1_V12D07-075_C1,17
AGCACTACCTCACCAG-1_V12D07-075_C1,5
AGCACTTAAGGACGCC-1_V12D07-075_C1,13
AGCAGAAGGAGAAAGA-1_V12D07-075_C1,6
AGCAGCCAGATGAATA-1_V12D07-075_C1,5
AGCATATCAATATGCT-1_V12D07-075_C1,9
AGCATCGTCGATAATT-1_V12D07-075_C1,7
AGCATTACGAGGCAAG-1_V12D07-075_C1,9
AGCCAAGCTTTGTGTC-1_V12D07-075_C1,3
AGCCACAGGTTACCCG-1_V12D07-075_C1,6
AGCCACTCCCGTGCTT-1_V12D07-075_C1,7
AGCCATATAGTATGTG-1_V12D07-075_C1,8
AGCCCATACATGTAAG-1_V12D07-075_C1,15
AGCCCGCAACAAGCAG-1_V12D07-075_C1,13
AGCCCGGTAGCCTGTA-1_V12D07-075_C1,8
AGCCCTAAGCGAAGTT-1_V12D07-075_C1,9
AGCCCTGTCGCACCGT-1_V12D07-075_C1,16
AGCCCTTCTAATCCGA-1_V12D07-075_C1,4
AGCCCTTGGACATCCC-1_V12D07-075_C1,3
AGCCGCAAATTCAAAT-1_V12D07-075_C1,1
AGCCGCTTGATTAGCG-1_V12D07-075_C1,6
AGCGACAGGAACGGTC-1_V12D07-075_C1,15
AGCGACATCCCATTCA-1_V12D07-075_C1,13
AGCGACCAACGATATT-1_V12D07-075_C1,13
AGCGATGCGCCTAATA-1_V12D07-075_C1,6
AGCGCATAATGAATCG-1_V12D07-075_C1,5
AGCGCGGGTGCCAATG-1_V12D07-075_C1,8
AGCGCTAGAGCGATGT-1_V12D07-075_C1,4
AGCGCTTATGGGCAAG-1_V12D07-075_C1,16
AGCGGACACTTCGTAG-1_V12D07-075_C1,9
AGCGGGAAGGGTCCAT-1_V12D07-075_C1,13
AGCGGGTCTGACACTC-1_V12D07-075_C1,6
AGCGGTTGCCGCTCTG-1_V12D07-075_C1,4
AGCGTACGAGAGCTAG-1_V12D07-075_C1,4
AGCGTCTGAACCCGCA-1_V12D07-075_C1,7
AGCGTGGTATTCTACT-1_V12D07-075_C1,5
AGCTAAGTACGCAGGC-1_V12D07-075_C1,9
AGCTAGAAGCAGAAGT-1_V12D07-075_C1,4
AGCTATTTAATCCAAC-1_V12D07-075_C1,13
AGCTCCATATATGTTC-1_V12D07-075_C1,6
AGCTCCTTCGCACATC-1_V12D07-075_C1,9
AGCTCTAGACGTTCCA-1_V12D07-075_C1,15
AGCTCTTCCCAGTGCA-1_V12D07-075_C1,7
AGCTCTTTACTCAGTT-1_V12D07-075_C1,8
AGCTGAAGTAAACCAA-1_V12D07-075_C1,7
AGCTTATAGAGACCTG-1_V12D07-075_C1,7
AGCTTCTTCTCGAGCA-1_V12D07-075_C1,3
AGCTTGATCTTAACTT-1_V12D07-075_C1,15
AGGAACGAACGACTTC-1_V12D07-075_C1,3
AGGAAGCTGTCCGCCG-1_V12D07-075_C1,5
AGGACATCGGCACACT-1_V12D07-075_C1,3
AGGACGACCCATTAGA-1_V12D07-075_C1,5
AGGACGCTCGATGTTG-1_V12D07-075_C1,4
AGGACTTATAGGAGAA-1_V12D07-075_C1,6
AGGAGACATCCACAGT-1_V12D07-075_C1,4
AGGAGGCCTTCGCGCG-1_V12D07-075_C1,3
AGGATAAAGTCGGGAT-1_V12D07-075_C1,5
AGGATATAGGGATTTA-1_V12D07-075_C1,6
AGGATATCCGACTGCA-1_V12D07-075_C1,15
AGGATTGCTTACGACA-1_V12D07-075_C1,4
AGGCACGTGACTGTCC-1_V12D07-075_C1,3
AGGCAGATGCGTAAAC-1_V12D07-075_C1,8
AGGCAGGGAGCGTACT-1_V12D07-075_C1,8
AGGCATTGTCGTAGGG-1_V12D07-075_C1,5
AGGCCACATTGGTTAC-1_V12D07-075_C1,4
AGGCCACCCGTTATGA-1_V12D07-075_C1,5
AGGCCCAGTGACTGGT-1_V12D07-075_C1,2
AGGCCTGAGAATCTCG-1_V12D07-075_C1,9
AGGCGATAACTGGCGT-1_V12D07-075_C1,3
AGGCGTCTATGGACGG-1_V12D07-075_C1,7
AGGCTATGGTTAGCTT-1_V12D07-075_C1,5
AGGCTTCCCGAAGAAG-1_V12D07-075_C1,15
AGGCTTGCTAGACACC-1_V12D07-075_C1,9
AGGGAAACGAGGTACT-1_V12D07-075_C1,4
AGGGACCGGCTGCGTT-1_V12D07-075_C1,7
AGGGACTCTACGCGAC-1_V12D07-075_C1,8
AGGGAGACATACTTCG-1_V12D07-075_C1,4
AGGGCAGCGGCGTGGT-1_V12D07-075_C1,7
AGGGCCCTAATGTTCT-1_V12D07-075_C1,6
AGGGCGTGATCGGCTA-1_V12D07-075_C1,14
AGGGCTGCAGTTACAG-1_V12D07-075_C1,1
AGGGTCAGTAACCCTA-1_V12D07-075_C1,1
AGGGTCGATGCGAACT-1_V12D07-075_C1,8
AGGGTCTGGACGCAGT-1_V12D07-075_C1,8
AGGGTGCTCTCGAGGG-1_V12D07-075_C1,15
AGGGTGGATAGTGCAT-1_V12D07-075_C1,3
AGGGTTCCCTTTGGTT-1_V12D07-075_C1,15
AGGGTTTAGTTCGGGA-1_V12D07-075_C1,9
AGGTAACCTCCTATTC-1_V12D07-075_C1,7
AGGTACGATATTGCCA-1_V12D07-075_C1,7
AGGTAGGTACAAAGCT-1_V12D07-075_C1,13
AGGTATAATTGATAGT-1_V12D07-075_C1,3
AGGTATGCGGACATTA-1_V12D07-075_C1,4
AGGTCGCCTCCCAACA-1_V12D07-075_C1,3
AGGTCGCGGAGTTACT-1_V12D07-075_C1,16
AGGTGCACGTCCACAT-1_V12D07-075_C1,3
AGGTGGTGACCTTCGC-1_V12D07-075_C1,9
AGGTGTATCGCCATGA-1_V12D07-075_C1,8
AGGTGTTGCCGACCAC-1_V12D07-075_C1,3
AGGTTACACCATGCCG-1_V12D07-075_C1,16
AGGTTGAGGCACGCTT-1_V12D07-075_C1,4
AGGTTTCACACACCTT-1_V12D07-075_C1,5
AGTAACGTTCATCCTG-1_V12D07-075_C1,4
AGTAACTATAGCAGCC-1_V12D07-075_C1,8
AGTAATGTCTTGCCGC-1_V12D07-075_C1,7
AGTACATCATTTATCA-1_V12D07-075_C1,16
AGTACCTTCGAGTGCT-1_V12D07-075_C1,4
AGTACGGCCCGTATCG-1_V12D07-075_C1,3
AGTACGGGCACCTGGC-1_V12D07-075_C1,4
AGTACGTGGCCTGTCT-1_V12D07-075_C1,4
AGTACTCTTATGCCCA-1_V12D07-075_C1,9
AGTAGAAGGCGCCTCA-1_V12D07-075_C1,3
AGTAGGAAGGAAGTTG-1_V12D07-075_C1,4
AGTAGGTAACATACAT-1_V12D07-075_C1,7
AGTATAATACTAGGCA-1_V12D07-075_C1,3
AGTATACACAGCGACA-1_V12D07-075_C1,5
AGTATTTGGCACGACC-1_V12D07-075_C1,8
AGTCAACACCACCATC-1_V12D07-075_C1,9
AGTCAAGATGACACTT-1_V12D07-075_C1,3
AGTCACTAGCTCTCGA-1_V12D07-075_C1,14
AGTCCATTGGCTGATG-1_V12D07-075_C1,6
AGTCCCTCGCAGAAAG-1_V12D07-075_C1,4
AGTCGACGGTCTCAAG-1_V12D07-075_C1,3
AGTCGGCCCAAACGAC-1_V12D07-075_C1,9
AGTCGGTTGCGTGAGA-1_V12D07-075_C1,4
AGTCGTATAAAGCAGA-1_V12D07-075_C1,9
AGTCGTCGACCACCAA-1_V12D07-075_C1,3
AGTCTAAAGTATACTC-1_V12D07-075_C1,4
AGTCTTCTCCTCAAAT-1_V12D07-075_C1,5
AGTCTTTAAAGTGTCC-1_V12D07-075_C1,3
AGTGAACAAACTTCTC-1_V12D07-075_C1,3
AGTGAAGATGGTGTCC-1_V12D07-075_C1,7
AGTGACCTACTTTACG-1_V12D07-075_C1,3
AGTGAGACTTCCAGTA-1_V12D07-075_C1,3
AGTGAGCCTCGCCGCC-1_V12D07-075_C1,8
AGTGAGGGTTTCTGAC-1_V12D07-075_C1,4
AGTGAGTCGAATTAAC-1_V12D07-075_C1,3
AGTGATAACCTGCGCG-1_V12D07-075_C1,9
AGTGATATGAGTAGTT-1_V12D07-075_C1,9
AGTGATTCAAGCAGGA-1_V12D07-075_C1,3
AGTGCACGCTTAAGAA-1_V12D07-075_C1,3
AGTGCGTAGCTCGTAA-1_V12D07-075_C1,8
AGTGCTAAACACAGCA-1_V12D07-075_C1,6
AGTGCTTGCACGAATA-1_V12D07-075_C1,3
AGTGGCGGCAATTTGA-1_V12D07-075_C1,8
AGTGGCGTCTGAAGGT-1_V12D07-075_C1,3
AGTGGCTCCGTCGGCC-1_V12D07-075_C1,8
AGTGGGAGTATACACG-1_V12D07-075_C1,6
AGTGGTTGCGTATAGG-1_V12D07-075_C1,3
AGTGTATTGCGCATTG-1_V12D07-075_C1,8
AGTGTGCTAAGATCGC-1_V12D07-075_C1,6
AGTGTGGTCTATTGTG-1_V12D07-075_C1,3
AGTTAAACACTTGCGA-1_V12D07-075_C1,3
AGTTAAGCGGTCCCGG-1_V12D07-075_C1,16
AGTTACCCTTAAGACT-1_V12D07-075_C1,13
AGTTACTCTATCGTGG-1_V12D07-075_C1,4
AGTTCACCGGTTGGAC-1_V12D07-075_C1,3
AGTTCCTACAGAATTA-1_V12D07-075_C1,5
AGTTCCTATTTATGTT-1_V12D07-075_C1,3
AGTTGACATCGGCTGG-1_V12D07-075_C1,13
AGTTGACGGTCCTTGC-1_V12D07-075_C1,6
AGTTGCTGACTGATAT-1_V12D07-075_C1,5
AGTTGGCAAGGCTAGA-1_V12D07-075_C1,3
AGTTTATGTAAAGACA-1_V12D07-075_C1,4
AGTTTCGCAGGTCGGA-1_V12D07-075_C1,7
AGTTTGCACCTGCCTC-1_V12D07-075_C1,5
AGTTTGGCACGGGTTG-1_V12D07-075_C1,3
AGTTTGGCCAGACCTA-1_V12D07-075_C1,15
ATAAACGGACCCGTAA-1_V12D07-075_C1,5
ATAAACGTTGCACCAC-1_V12D07-075_C1,3
ATAAAGGCTCGGTCGT-1_V12D07-075_C1,5
ATAAAGGTCAAGTACG-1_V12D07-075_C1,1
ATAAATATTAGCAGCT-1_V12D07-075_C1,3
ATAACGCCGGAGGGTC-1_V12D07-075_C1,3
ATAACGGAGTCCAACG-1_V12D07-075_C1,12
ATAACGTTACCTCCAC-1_V12D07-075_C1,4
ATAAGGTGGAGAACAT-1_V12D07-075_C1,13
ATAAGTACCCGATTGT-1_V12D07-075_C1,7
ATAAGTAGGATTCAGA-1_V12D07-075_C1,8
ATAAGTTACCGCGACG-1_V12D07-075_C1,8
ATAATACCGTTAGCCG-1_V12D07-075_C1,9
ATAATAGCTGTTGAAT-1_V12D07-075_C1,5
ATAATAGTGTAGGGAC-1_V12D07-075_C1,2
ATAATCTTGGAGAACC-1_V12D07-075_C1,3
ATAATTAGCTAAGTAG-1_V12D07-075_C1,6
ATACAGGCCCTCCAAT-1_V12D07-075_C1,2
ATACCACGGGCAACTT-1_V12D07-075_C1,5
ATACCAGGCTAATAGA-1_V12D07-075_C1,7
ATACCGTCATCCATAA-1_V12D07-075_C1,16
ATACCTAACCAAGAAA-1_V12D07-075_C1,1
ATACGAAGGCTTTCCA-1_V12D07-075_C1,4
ATACGCCGGCGAAACC-1_V12D07-075_C1,5
ATACGGGTTTCGATTG-1_V12D07-075_C1,7
ATACGGTGAAGATGCA-1_V12D07-075_C1,8
ATACGTACTTAGCCAC-1_V12D07-075_C1,5
ATACGTCCACTCCTGT-1_V12D07-075_C1,3
ATACGTTATGCACGGA-1_V12D07-075_C1,5
ATACTACCCGTACCAC-1_V12D07-075_C1,9
ATACTAGCATGACCCT-1_V12D07-075_C1,16
ATACTCTCGCCACTCT-1_V12D07-075_C1,7
ATACTGCCTTACACCG-1_V12D07-075_C1,9
ATACTTGTTCTCGAGC-1_V12D07-075_C1,3
ATAGACAACGGGACCT-1_V12D07-075_C1,8
ATAGACGAAGAGAAAG-1_V12D07-075_C1,3
ATAGAGTACTGGGACA-1_V12D07-075_C1,5
ATAGAGTTATCAACTT-1_V12D07-075_C1,8
ATAGCAACTAGGGAAG-1_V12D07-075_C1,5
ATAGCCTCAGTACCCA-1_V12D07-075_C1,3
ATAGCTGCTCTTGTTA-1_V12D07-075_C1,5
ATAGGAATCTAAGCTT-1_V12D07-075_C1,4
ATAGGCGGCTATAGAA-1_V12D07-075_C1,15
ATAGGCTAGCTTCGCA-1_V12D07-075_C1,8
ATAGGGATATCCTTGA-1_V12D07-075_C1,2
ATAGGTTGGGCAGATG-1_V12D07-075_C1,3
ATAGTCTTTGACGTGC-1_V12D07-075_C1,1
ATAGTGAAGCGTTCTC-1_V12D07-075_C1,5
ATAGTTCCACCCACTC-1_V12D07-075_C1,8
ATATAAAGCGCTCGTG-1_V12D07-075_C1,5
ATATAAATGTAGCTGC-1_V12D07-075_C1,5
ATATAACACGGGCGCA-1_V12D07-075_C1,3
ATATACGCTCGTGACG-1_V12D07-075_C1,3
ATATCAACCTACAGAG-1_V12D07-075_C1,7
ATATCGGTAGGGAGAT-1_V12D07-075_C1,9
ATATCGTTCCTCGAAC-1_V12D07-075_C1,3
ATATCTCCCTCGTTAA-1_V12D07-075_C1,4
ATATCTTAGGGCCTTC-1_V12D07-075_C1,3
ATATGGGATAGCAACT-1_V12D07-075_C1,5
ATATGTCTCCCTAGCC-1_V12D07-075_C1,8
ATATGTGCACAAACCA-1_V12D07-075_C1,4
ATATTATCCCGTATTT-1_V12D07-075_C1,3
ATATTCAGTTAAACCT-1_V12D07-075_C1,8
ATATTCCCACAGGTCA-1_V12D07-075_C1,13
ATATTGCTGTCAAAGT-1_V12D07-075_C1,7
ATATTGGAGAGGCCTT-1_V12D07-075_C1,6
ATATTTAACCCTCAAG-1_V12D07-075_C1,5
ATCAAACACTGTTCCA-1_V12D07-075_C1,6
ATCAAACGAAGGTTTG-1_V12D07-075_C1,15
ATCAATCTGGGCTGCA-1_V12D07-075_C1,3
ATCACATTAGAATATC-1_V12D07-075_C1,7
ATCACGTGCTAATTAA-1_V12D07-075_C1,15
ATCACTTCATCCTCGC-1_V12D07-075_C1,4
ATCAGACGGCACGCCG-1_V12D07-075_C1,8
ATCAGCCTCATGCTGC-1_V12D07-075_C1,13
ATCAGGTAGCTGACAG-1_V12D07-075_C1,4
ATCAGGTCGCCATTGC-1_V12D07-075_C1,4
ATCAGTAGGCAGGGAT-1_V12D07-075_C1,4
ATCATAGCCCTATGTA-1_V12D07-075_C1,3
ATCATCCAATATTTGT-1_V12D07-075_C1,3
ATCATGGACTACCGAC-1_V12D07-075_C1,4
ATCCAACGCAGTCATA-1_V12D07-075_C1,3
ATCCAATGGAGGGTCC-1_V12D07-075_C1,15
ATCCAATGGTACCGAA-1_V12D07-075_C1,3
ATCCACATCGACAGAA-1_V12D07-075_C1,3
ATCCACGCTAAATGTT-1_V12D07-075_C1,7
ATCCACTTTCAGACTA-1_V12D07-075_C1,16
ATCCAGAGCAACAACC-1_V12D07-075_C1,8
ATCCAGGATTCGTGAA-1_V12D07-075_C1,5
ATCCCATTTCCGTGGG-1_V12D07-075_C1,3
ATCCGGACCAGCCTGA-1_V12D07-075_C1,3
ATCCTACCTAAGCTCT-1_V12D07-075_C1,3
ATCCTGAATCGCTGCG-1_V12D07-075_C1,8
ATCCTGCGTGGAATGG-1_V12D07-075_C1,8
ATCCTGCTGCAGATAG-1_V12D07-075_C1,13
ATCCTTCTGAAAGAAC-1_V12D07-075_C1,16
ATCGACCCAATACAGA-1_V12D07-075_C1,3
ATCGACTCTTTCCGTT-1_V12D07-075_C1,5
ATCGCACGCCGGGAGA-1_V12D07-075_C1,5
ATCGCCAGTCAACATT-1_V12D07-075_C1,3
ATCGCTGCGTGCAGCA-1_V12D07-075_C1,4
ATCGCTTTACGTCTCA-1_V12D07-075_C1,4
ATCGGAGACAGACGGC-1_V12D07-075_C1,10
ATCGGCAAGCAGTCCA-1_V12D07-075_C1,7
ATCGGTTACCTAGTAA-1_V12D07-075_C1,1
ATCGTATTCCGAGAAC-1_V12D07-075_C1,3
ATCGTCCAATCGAGTC-1_V12D07-075_C1,2
ATCGTTAGCTAGCGGA-1_V12D07-075_C1,3
ATCGTTCACTTTCGCC-1_V12D07-075_C1,4
ATCTAACGTCCCTATG-1_V12D07-075_C1,3
ATCTAATATCCTACGG-1_V12D07-075_C1,5
ATCTACCATCTGCTCC-1_V12D07-075_C1,3
ATCTAGCTTGTGAGGG-1_V12D07-075_C1,3
ATCTCCCACGGAATAT-1_V12D07-075_C1,5
ATCTCCCTGCAATCTA-1_V12D07-075_C1,2
ATCTCGTGAGCGAAAC-1_V12D07-075_C1,4
ATCTGATAGTGTCTTA-1_V12D07-075_C1,3
ATCTGCACCTCTGCGA-1_V12D07-075_C1,15
ATCTGCTGTTATCGCC-1_V12D07-075_C1,3
ATCTGGGCTGTTCTTG-1_V12D07-075_C1,5
ATCTGGTTAAGACTGT-1_V12D07-075_C1,3
ATCTGTAATTGTACCC-1_V12D07-075_C1,7
ATCTTATCGCACACCC-1_V12D07-075_C1,5
ATCTTGACCTGCAACG-1_V12D07-075_C1,1
ATCTTGACTTGTCCAA-1_V12D07-075_C1,7
ATCTTTCGTATAACCA-1_V12D07-075_C1,4
ATGAAGCCAAGGAGCC-1_V12D07-075_C1,5
ATGAAGTGGACCCAGC-1_V12D07-075_C1,3
ATGACGCCGGCTCTAA-1_V12D07-075_C1,3
ATGACTATGCGACATT-1_V12D07-075_C1,3
ATGAGGAGTGTTAATC-1_V12D07-075_C1,3
ATGAGGGCAGCGGCTA-1_V12D07-075_C1,4
ATGATGCAATGGTACA-1_V12D07-075_C1,9
ATGCACTACCGCATTG-1_V12D07-075_C1,1
ATGCATGATCCAGGAT-1_V12D07-075_C1,3
ATGCCAATCGCTCTGC-1_V12D07-075_C1,4
ATGCCATTTGCGACCA-1_V12D07-075_C1,5
ATGCCGGTCTTGCATA-1_V12D07-075_C1,3
ATGCCGGTTGATGGGA-1_V12D07-075_C1,7
ATGCGACAATTGGTCC-1_V12D07-075_C1,8
ATGCGACAGTCCCATT-1_V12D07-075_C1,3
ATGCGAGTCCCACCAC-1_V12D07-075_C1,9
ATGCTCTGGCGCGGTA-1_V12D07-075_C1,3
ATGCTTAGGAGTTGAT-1_V12D07-075_C1,3
ATGGAACCTTTGCACA-1_V12D07-075_C1,7
ATGGAGCAGGCCGTGA-1_V12D07-075_C1,5
ATGGATCCGGCGTCCG-1_V12D07-075_C1,7
ATGGATTGACCAAACG-1_V12D07-075_C1,5
ATGGCAGCCGAGAAAC-1_V12D07-075_C1,14
ATGGCGGAATAGTCGC-1_V12D07-075_C1,4
ATGGCTGGAAATGGCC-1_V12D07-075_C1,7
ATGGGCCTCGGCCTCT-1_V12D07-075_C1,6
ATGGTCGCGTGGTTTC-1_V12D07-075_C1,5
ATGGTTACGAAACATG-1_V12D07-075_C1,7
ATGTAAGGCTGCTCTT-1_V12D07-075_C1,4
ATGTACATGCGGTGAG-1_V12D07-075_C1,3
ATGTACGATGACGTCG-1_V12D07-075_C1,3
ATGTAGCGCGCGTAGG-1_V12D07-075_C1,3
ATGTCATTTCCCATTG-1_V12D07-075_C1,3
ATGTGCATCCGACGCA-1_V12D07-075_C1,9
ATGTGGACATCTTGAT-1_V12D07-075_C1,9
ATGTTACGAGCAATAC-1_V12D07-075_C1,7
ATGTTCCTGCCCACCT-1_V12D07-075_C1,3
ATGTTCGTCGACCCAC-1_V12D07-075_C1,3
ATGTTGATTAGAGACT-1_V12D07-075_C1,3
ATGTTGTAGTCTGTTT-1_V12D07-075_C1,3
ATGTTTCGGCCCGGAG-1_V12D07-075_C1,4
ATTAAACATGCGGACC-1_V12D07-075_C1,3
ATTAACACCTGAGATA-1_V12D07-075_C1,5
ATTAATACTACGCGGG-1_V12D07-075_C1,9
ATTAATGAACCAGTCG-1_V12D07-075_C1,7
ATTAATTCGGTCACTC-1_V12D07-075_C1,7
ATTACAACTACCGGCC-1_V12D07-075_C1,4
ATTACATGTCAGTCTT-1_V12D07-075_C1,6
ATTACCACACTGCCTG-1_V12D07-075_C1,4
ATTACGACTCCACAGT-1_V12D07-075_C1,4
ATTACGCGCTGGCAGG-1_V12D07-075_C1,8
ATTACTTACTGGGCAT-1_V12D07-075_C1,4
ATTAGATTCCTCAGCA-1_V12D07-075_C1,4
ATTAGATTGATAGCGG-1_V12D07-075_C1,4
ATTAGGCGATGCTTTC-1_V12D07-075_C1,8
ATTATACTTTGCTCGT-1_V12D07-075_C1,7
ATTATAGCTACTTTAC-1_V12D07-075_C1,4
ATTATCGGAATGTACG-1_V12D07-075_C1,9
ATTATGCCATAGGGAG-1_V12D07-075_C1,7
ATTATTCAGAGTCACT-1_V12D07-075_C1,3
ATTCAAAGTACCTGTT-1_V12D07-075_C1,3
ATTCAACCATTTAAGG-1_V12D07-075_C1,6
ATTCACTGATGTTGGA-1_V12D07-075_C1,5
ATTCAGGACCTATTTC-1_V12D07-075_C1,4
ATTCAGTAGCAGGGTC-1_V12D07-075_C1,5
ATTCATATACTGTCCA-1_V12D07-075_C1,5
ATTCATCGTTGAGGCA-1_V12D07-075_C1,6
ATTCCCACATAAACAA-1_V12D07-075_C1,2
ATTCCTAAGACGTGGA-1_V12D07-075_C1,4
ATTCCTCCGCCAGTGC-1_V12D07-075_C1,5
ATTCCTTCCAGGCGGT-1_V12D07-075_C1,2
ATTCGACGCCGGGCCT-1_V12D07-075_C1,9
ATTCGCGCCTTGAGAG-1_V12D07-075_C1,1
ATTCTCGTCTCTTTAG-1_V12D07-075_C1,13
ATTCTGAGTATGAACT-1_V12D07-075_C1,4
ATTCTTCGTACTTATG-1_V12D07-075_C1,4
ATTGAAGATCTTAGTG-1_V12D07-075_C1,5
ATTGACCGGCGATGAC-1_V12D07-075_C1,4
ATTGACGTAACTCGGT-1_V12D07-075_C1,7
ATTGATGAGTCCTAAC-1_V12D07-075_C1,8
ATTGCCTTTATGTTTG-1_V12D07-075_C1,3
ATTGCGATCAGTAACT-1_V12D07-075_C1,3
ATTGCTGCTCCTCCAT-1_V12D07-075_C1,5
ATTGGATTACAGCGTA-1_V12D07-075_C1,3
ATTGGGAATATCTTGG-1_V12D07-075_C1,4
ATTGGGAGTTCTGTAA-1_V12D07-075_C1,4
ATTGGTAGGATCCGCT-1_V12D07-075_C1,3
ATTGGTTGTGCATTAC-1_V12D07-075_C1,8
ATTGTACAACTCGGCT-1_V12D07-075_C1,7
ATTGTCGCAATACCTT-1_V12D07-075_C1,7
ATTGTCTGTTTCATGT-1_V12D07-075_C1,12
ATTGTGACTTCGCTGC-1_V12D07-075_C1,4
ATTGTTCAACGATCCG-1_V12D07-075_C1,7
ATTTAACTCGTATTAC-1_V12D07-075_C1,13
ATTTACAGTTTACTGG-1_V12D07-075_C1,2
ATTTACTAAGTCCATT-1_V12D07-075_C1,4
ATTTCATTATTTCGCG-1_V12D07-075_C1,7
ATTTGTCTTGGGAGCT-1_V12D07-075_C1,3
ATTTGTTCCAGGGCTC-1_V12D07-075_C1,7
CAAACCAGGTCTGCAT-1_V12D07-075_C1,3
CAAACCCTCCGGCGGG-1_V12D07-075_C1,8
CAAACGAGTATCGCAG-1_V12D07-075_C1,8
CAAACGGTCGCACTTT-1_V12D07-075_C1,13
CAAACTACGATAGAGA-1_V12D07-075_C1,4
CAAACTATTGAGCTTC-1_V12D07-075_C1,7
CAAACTCGCGACGCCG-1_V12D07-075_C1,8
CAAAGGTCATCTGAAA-1_V12D07-075_C1,4
CAAAGGTTAAATTCAG-1_V12D07-075_C1,7
CAAATGTCCTTCCGTG-1_V12D07-075_C1,13
CAAATTGGATTATGCC-1_V12D07-075_C1,7
CAAATTGTCAGCAAGC-1_V12D07-075_C1,3
CAACACATCTCCTGCC-1_V12D07-075_C1,4
CAACATGGCCTGATAA-1_V12D07-075_C1,3
CAACCAGTGGCCTACC-1_V12D07-075_C1,3
CAACCGCACCTAGACA-1_V12D07-075_C1,3
CAACCTACCGAGCAGT-1_V12D07-075_C1,5
CAACCTGAACCTGCCA-1_V12D07-075_C1,4
CAACGACCCGTTTACA-1_V12D07-075_C1,7
CAACGGTTCTTGATAC-1_V12D07-075_C1,1
CAACGTGGTGGAGTCT-1_V12D07-075_C1,3
CAACTATATCGAATGC-1_V12D07-075_C1,7
CAACTCCGTAACTTGC-1_V12D07-075_C1,4
CAACTCCTTGATCCCG-1_V12D07-075_C1,7
CAACTGCTCATCCGAT-1_V12D07-075_C1,9
CAACTTGTAGTGGGCA-1_V12D07-075_C1,12
CAAGAAACCCTAAACT-1_V12D07-075_C1,16
CAAGACTCAGAAGCGC-1_V12D07-075_C1,7
CAAGAGGGCGGAGTAC-1_V12D07-075_C1,9
CAAGATATTATAACGT-1_V12D07-075_C1,3
CAAGCAACGTCGGAGT-1_V12D07-075_C1,5
CAAGCACCAAATGCCT-1_V12D07-075_C1,16
CAAGCGGCACATAATT-1_V12D07-075_C1,3
CAAGGATCGCATGTTC-1_V12D07-075_C1,4
CAAGGCCAGTGGTGCA-1_V12D07-075_C1,3
CAAGGTCCTATAGGCT-1_V12D07-075_C1,4
CAAGTAAGTGATAGAC-1_V12D07-075_C1,5
CAAGTGAACTTTGGTT-1_V12D07-075_C1,7
CAAGTGTGGTTGCAAA-1_V12D07-075_C1,3
CAATAAACCTTGGCCC-1_V12D07-075_C1,12
CAATACGAGAGTCTGA-1_V12D07-075_C1,4
CAATACGCTCTGAGGC-1_V12D07-075_C1,15
CAATATTCTTGACCTA-1_V12D07-075_C1,15
CAATCCCTATACCAGC-1_V12D07-075_C1,4
CAATGAGGTTCGACTA-1_V12D07-075_C1,4
CAATGGAATCTACATA-1_V12D07-075_C1,7
CAATGGATCTCTACCA-1_V12D07-075_C1,8
CAATGGTCGGCCTGGG-1_V12D07-075_C1,7
CAATGTGCCAACCCTT-1_V12D07-075_C1,7
CAATTAAGGGTGATGA-1_V12D07-075_C1,5
CAATTTCGTATAAGGG-1_V12D07-075_C1,5
CAATTTGACCGGGAAG-1_V12D07-075_C1,1
CACAAGAAAGATATTA-1_V12D07-075_C1,4
CACAATGAGCTGCTAT-1_V12D07-075_C1,5
CACACACGCTAACGAG-1_V12D07-075_C1,3
CACACAGCTTGCGCTC-1_V12D07-075_C1,7
CACACAGGGATAGATT-1_V12D07-075_C1,1
CACACGCGCTGTCTTA-1_V12D07-075_C1,8
CACACTTGTATTGCGA-1_V12D07-075_C1,4
CACAGCACCCACGGCA-1_V12D07-075_C1,13
CACAGCTAGGGAGTGA-1_V12D07-075_C1,7
CACAGGGCCATATAGT-1_V12D07-075_C1,6
CACAGGGCCGTTGTCA-1_V12D07-075_C1,5
CACAGTCCCGCTTCGC-1_V12D07-075_C1,3
CACAGTTCGCTTCCCA-1_V12D07-075_C1,3
CACATATTAGCAGGAT-1_V12D07-075_C1,6
CACATCTCACCGACGA-1_V12D07-075_C1,1
CACATGATTCAGCAAC-1_V12D07-075_C1,5
CACATTCTTTCGATGG-1_V12D07-075_C1,4
CACATTTCTTGTCAGA-1_V12D07-075_C1,15
CACCACGCCACACAGA-1_V12D07-075_C1,3
CACCATCGGAGGAGAC-1_V12D07-075_C1,7
CACCATGATCGCAAAG-1_V12D07-075_C1,16
CACCCAAATCTTATGT-1_V12D07-075_C1,7
CACCCACACGTCACCC-1_V12D07-075_C1,3
CACCCACGAGGCAATT-1_V12D07-075_C1,7
CACCCGGTTTGTGACT-1_V12D07-075_C1,8
CACCCTTTCCTCGCTC-1_V12D07-075_C1,12
CACCGATACACCGAGC-1_V12D07-075_C1,7
CACCGCCAGAAGGTTT-1_V12D07-075_C1,5
CACCGCCGACCAGCGA-1_V12D07-075_C1,7
CACCGCGTCCACTCTA-1_V12D07-075_C1,16
CACCGGAGATATCTCC-1_V12D07-075_C1,4
CACCGTATCCCATCCG-1_V12D07-075_C1,6
CACCGTTAGGGATCAC-1_V12D07-075_C1,8
CACCGTTGCGCGATAT-1_V12D07-075_C1,8
CACCTAATCAGTTTAC-1_V12D07-075_C1,4
CACCTCGATGGTGGAC-1_V12D07-075_C1,7
CACCTTGCGAAACTCG-1_V12D07-075_C1,7
CACCTTGGCGCCTTTG-1_V12D07-075_C1,6
CACGAAAGTTAGTCCC-1_V12D07-075_C1,5
CACGACGTAATAGTAA-1_V12D07-075_C1,4
CACGCACAGCGCAGCT-1_V12D07-075_C1,5
CACGCAGCGAGGCTTT-1_V12D07-075_C1,5
CACGCGGAACTGTTGC-1_V12D07-075_C1,3
CACGGACGTGGATGGC-1_V12D07-075_C1,4
CACGGCGCGCCAAAGG-1_V12D07-075_C1,4
CACGGGATTGAGGGTT-1_V12D07-075_C1,3
CACGTCAATCAATGGA-1_V12D07-075_C1,9
CACGTCGGCAACCTCT-1_V12D07-075_C1,15
CACGTCGGGTTCTAGA-1_V12D07-075_C1,3
CACGTCTATGATGTGG-1_V12D07-075_C1,4
CACGTTCGTGCTCTAG-1_V12D07-075_C1,8
CACGTTTCGTACACAC-1_V12D07-075_C1,3
CACTAAAGTTGCCTAT-1_V12D07-075_C1,5
CACTACGGGAGCTGCC-1_V12D07-075_C1,6
CACTACTCAGTTCTGT-1_V12D07-075_C1,7
CACTCAAGAGCTATGG-1_V12D07-075_C1,3
CACTCAGCTCTTGAGG-1_V12D07-075_C1,7
CACTCCTCTCGGTCGG-1_V12D07-075_C1,4
CACTCGAGCTGAACAA-1_V12D07-075_C1,5
CACTCGGTTAGGAGGA-1_V12D07-075_C1,3
CACTCTTCTGCTAGCC-1_V12D07-075_C1,5
CACTGACGATTGTGGA-1_V12D07-075_C1,3
CACTTAATCAGACGGA-1_V12D07-075_C1,3
CACTTCGTCTTATCTC-1_V12D07-075_C1,5
CAGAACTTAGCCCTCT-1_V12D07-075_C1,7
CAGAATAACACACGGA-1_V12D07-075_C1,3
CAGAATATTCGTTATC-1_V12D07-075_C1,7
CAGACACCGATCGCTG-1_V12D07-075_C1,5
CAGACCTGTAAGTGTT-1_V12D07-075_C1,8
CAGACGAACCTGATAC-1_V12D07-075_C1,5
CAGAGACGGTCACCCA-1_V12D07-075_C1,3
CAGAGCATGAGCTTGC-1_V12D07-075_C1,9
CAGAGCGATGGATGCT-1_V12D07-075_C1,8
CAGAGGCGATGCATGA-1_V12D07-075_C1,8
CAGAGTGATTTAACGT-1_V12D07-075_C1,7
CAGATAATGGGCGGGT-1_V12D07-075_C1,7
CAGATACTAACATAGT-1_V12D07-075_C1,12
CAGATCATTTAAAGTC-1_V12D07-075_C1,4
CAGCAGCCCGTTCCTT-1_V12D07-075_C1,8
CAGCAGTCCAGACTAT-1_V12D07-075_C1,6
CAGCAGTCTGTGCTGC-1_V12D07-075_C1,6
CAGCCGGGCCCTCTAT-1_V12D07-075_C1,4
CAGCCTCCTGCAGAGG-1_V12D07-075_C1,4
CAGCCTCGATAGCGGT-1_V12D07-075_C1,8
CAGCCTCTCCTCAAGA-1_V12D07-075_C1,4
CAGCGATTCCCTTCAA-1_V12D07-075_C1,15
CAGCGCCAACACGATA-1_V12D07-075_C1,3
CAGCTCACTGAGACAT-1_V12D07-075_C1,5
CAGCTCGACAAGTTAA-1_V12D07-075_C1,8
CAGCTTAGTAGGTAGC-1_V12D07-075_C1,5
CAGGAAGACTTTATAT-1_V12D07-075_C1,16
CAGGACAGCTGCCCTT-1_V12D07-075_C1,4
CAGGATATATCGTTGT-1_V12D07-075_C1,9
CAGGCAGTCTTACCAG-1_V12D07-075_C1,9
CAGGCCGTTTGGGTGT-1_V12D07-075_C1,8
CAGGCGCCATGCTAGG-1_V12D07-075_C1,9
CAGTAACTATTTATTG-1_V12D07-075_C1,4
CAGTACATTCTCTAAA-1_V12D07-075_C1,4
CAGTAGATGATGTCCG-1_V12D07-075_C1,3
CAGTAGCCCACGCGGT-1_V12D07-075_C1,4
CAGTCGAGGATGCAAT-1_V12D07-075_C1,7
CAGTCTCTCGGCTAAT-1_V12D07-075_C1,5
CAGTCTGTATACTGGG-1_V12D07-075_C1,13
CAGTGAATAAATGACT-1_V12D07-075_C1,4
CAGTGTCCGCAGAATG-1_V12D07-075_C1,3
CAGTGTCGGCTGGCCC-1_V12D07-075_C1,5
CAGTTCAAATTGACAC-1_V12D07-075_C1,5
CAGTTCGAGGACCCGA-1_V12D07-075_C1,8
CATAACGGACAGTCGT-1_V12D07-075_C1,8
CATAAGAAGCTTGGCT-1_V12D07-075_C1,12
CATAATGAGCGGGCGA-1_V12D07-075_C1,7
CATACAAAGCCGAACC-1_V12D07-075_C1,5
CATACACGGTTCCCAC-1_V12D07-075_C1,5
CATACCCGTACCCAGT-1_V12D07-075_C1,1
CATACGGCGTCTGGGC-1_V12D07-075_C1,3
CATACTATGTAATTGT-1_V12D07-075_C1,1
CATACTTAGGCAATAC-1_V12D07-075_C1,4
CATACTTCTTTCTCCG-1_V12D07-075_C1,5
CATAGAGGAGATACTA-1_V12D07-075_C1,9
CATAGCGTTGCCCACC-1_V12D07-075_C1,15
CATAGTACATTGAGAG-1_V12D07-075_C1,7
CATAGTAGCATAGTAG-1_V12D07-075_C1,7
CATAGTCAAATACATA-1_V12D07-075_C1,3
CATAGTCCACAAGAAC-1_V12D07-075_C1,15
CATAGTGGGCACGCCT-1_V12D07-075_C1,8
CATATACTACTGATAA-1_V12D07-075_C1,4
CATATAGGTACAGTCA-1_V12D07-075_C1,9
CATATTATTTGCCCTA-1_V12D07-075_C1,4
CATCAAACTGGCGCCC-1_V12D07-075_C1,4
CATCAACACCTACTAA-1_V12D07-075_C1,3
CATCATCTACCCGGAC-1_V12D07-075_C1,13
CATCATTACCCTGAGG-1_V12D07-075_C1,3
CATCCCGAGATTCATA-1_V12D07-075_C1,6
CATCCGCAGGCCCGAA-1_V12D07-075_C1,3
CATCCTCTCAAAGATC-1_V12D07-075_C1,6
CATCGGACGGGTTAAT-1_V12D07-075_C1,3
CATCGTCCGGTTACTA-1_V12D07-075_C1,5
CATCTACCCGAGAACG-1_V12D07-075_C1,4
CATCTAGTGAAGGGAA-1_V12D07-075_C1,4
CATCTATCCCGTGTCT-1_V12D07-075_C1,16
CATCTGCAGGATCATT-1_V12D07-075_C1,3
CATGAACCGACATTTG-1_V12D07-075_C1,7
CATGAACCTCTTATCA-1_V12D07-075_C1,7
CATGACTTCGCTGAAT-1_V12D07-075_C1,8
CATGAGATGCACTCTC-1_V12D07-075_C1,9
CATGATCGCTTTGAGA-1_V12D07-075_C1,3
CATGATGCACAATTCT-1_V12D07-075_C1,5
CATGATGGAAGTTAGC-1_V12D07-075_C1,3
CATGCATGGAGACCCT-1_V12D07-075_C1,1
CATGCGACCAGTTTAA-1_V12D07-075_C1,5
CATGCGTTAGACAGAA-1_V12D07-075_C1,7
CATGCTGGCTCCAATT-1_V12D07-075_C1,7
CATGGAAATGGGACCA-1_V12D07-075_C1,4
CATGGATTGTCTTCCG-1_V12D07-075_C1,3
CATGGCAGGAAGATCG-1_V12D07-075_C1,7
CATGGCTCCCTATGTC-1_V12D07-075_C1,3
CATGGGTCGGGTGTGG-1_V12D07-075_C1,4
CATGGTAAGTAGCGTT-1_V12D07-075_C1,3
CATGGTCTAGATACCG-1_V12D07-075_C1,9
CATGGTTTATTAATCA-1_V12D07-075_C1,3
CATGTAAGAGACATTT-1_V12D07-075_C1,3
CATGTAGGAGCGCCAA-1_V12D07-075_C1,4
CATGTCTCATTTATGG-1_V12D07-075_C1,3
CATTACATAGATTGTG-1_V12D07-075_C1,4
CATTACGCAGGAAGGG-1_V12D07-075_C1,8
CATTACGTCGGCCCGT-1_V12D07-075_C1,7
CATTATGCTTGTTGTG-1_V12D07-075_C1,7
CATTCACTGACAGCTA-1_V12D07-075_C1,7
CATTCCCATTCCGTCG-1_V12D07-075_C1,4
CATTCGTCGTAGCGGT-1_V12D07-075_C1,3
CATTGATGAACACGCC-1_V12D07-075_C1,4
CATTGCGAAATGGGCG-1_V12D07-075_C1,5
CATTGCGGGTCAATTC-1_V12D07-075_C1,4
CATTGTGTGCTAGATC-1_V12D07-075_C1,13
CATTTAGCGGACCATG-1_V12D07-075_C1,4
CATTTATCGTTCAAGA-1_V12D07-075_C1,2
CATTTGAGTGGTACGT-1_V12D07-075_C1,8
CCAAACAGAACCCTCG-1_V12D07-075_C1,9
CCAAAGCAGTTGGTTG-1_V12D07-075_C1,5
CCAAATAACAAGATTC-1_V12D07-075_C1,8
CCAACGATGCACTGAT-1_V12D07-075_C1,5
CCAACGCTTGCCAGGG-1_V12D07-075_C1,4
CCAACTTGATAGATCC-1_V12D07-075_C1,7
CCAAGAAAGTGGGCGA-1_V12D07-075_C1,5
CCAAGACTTCTGCGAA-1_V12D07-075_C1,7
CCAAGCGTAACTCGTA-1_V12D07-075_C1,7
CCAAGGTTGCCCTTTC-1_V12D07-075_C1,3
CCAAGTTTCTACAGAT-1_V12D07-075_C1,3
CCAATAGATTTCATCT-1_V12D07-075_C1,3
CCAATAGTGCCGTCGA-1_V12D07-075_C1,5
CCAATCGGTAGATCGA-1_V12D07-075_C1,16
CCAATGTCACAGCAAG-1_V12D07-075_C1,9
CCAATTACGGGTCGAG-1_V12D07-075_C1,4
CCAATTGAATGTTAAT-1_V12D07-075_C1,4
CCACAATGTACGTCTT-1_V12D07-075_C1,15
CCACACTGAGATATTA-1_V12D07-075_C1,5
CCACAGCTGAAATCAT-1_V12D07-075_C1,13
CCACAGTACCCATCCT-1_V12D07-075_C1,6
CCACATACTGCACCCA-1_V12D07-075_C1,7
CCACCAACTTTACTGT-1_V12D07-075_C1,8
CCACCCAAGGAAAGTG-1_V12D07-075_C1,8
CCACCTGTATGGAATA-1_V12D07-075_C1,6
CCACGAATTTAACCTC-1_V12D07-075_C1,1
CCACGAGAAGAGAATC-1_V12D07-075_C1,7
CCACGGTGCCCGGTAG-1_V12D07-075_C1,4
CCACGTAAATTAGACT-1_V12D07-075_C1,4
CCACTATCCGGGTCAC-1_V12D07-075_C1,16
CCACTGGTGGCTGGTT-1_V12D07-075_C1,8
CCACTGTTTGGATTAA-1_V12D07-075_C1,13
CCAGAAACTGATGCGA-1_V12D07-075_C1,8
CCAGAAAGCAACTCAT-1_V12D07-075_C1,8
CCAGAGACAAAGCCGG-1_V12D07-075_C1,3
CCAGATAGTTGAGTGA-1_V12D07-075_C1,8
CCAGCCTGGACCAATA-1_V12D07-075_C1,5
CCAGCGGGATCACCAG-1_V12D07-075_C1,4
CCAGCTACGCCTCATA-1_V12D07-075_C1,13
CCAGCTCGAACGCATT-1_V12D07-075_C1,9
CCAGCTGATGGTACTT-1_V12D07-075_C1,3
CCAGCTTCCGCCCGCA-1_V12D07-075_C1,7
CCAGGCTGGCGTCTGA-1_V12D07-075_C1,8
CCAGGGACGTGGCCTC-1_V12D07-075_C1,3
CCAGTAGTCTGATCCA-1_V12D07-075_C1,8
CCAGTCTAGACGGCGC-1_V12D07-075_C1,4
CCAGTCTTGTCATAGA-1_V12D07-075_C1,5
CCATAAACAACCCGAC-1_V12D07-075_C1,7
CCATACTCGCCTCTCC-1_V12D07-075_C1,3
CCATAGGTTGGCGTGG-1_V12D07-075_C1,16
CCATAGTCAGTAACCC-1_V12D07-075_C1,3
CCATATGGAAACTATA-1_V12D07-075_C1,3
CCATATTGGATCATGA-1_V12D07-075_C1,3
CCATCCATACCAAGTC-1_V12D07-075_C1,7
CCATCGCAGTTAAACT-1_V12D07-075_C1,5
CCATCTCACCAGTGAA-1_V12D07-075_C1,8
CCATCTTGTTCACAAT-1_V12D07-075_C1,7
CCATGCCCTAGATTTC-1_V12D07-075_C1,6
CCATGCCTGTTTAGTA-1_V12D07-075_C1,5
CCATGCTCTGCAGGAA-1_V12D07-075_C1,5
CCATGGCCCTTGTACC-1_V12D07-075_C1,3
CCATTAGCGATAATCC-1_V12D07-075_C1,14
CCATTCCCTGCCCACA-1_V12D07-075_C1,3
CCATTGTTTCCTCCAT-1_V12D07-075_C1,7
CCATTTCTACCTATTA-1_V12D07-075_C1,5
CCCAAACATGCTGCTC-1_V12D07-075_C1,8
CCCAACATACGTCGCG-1_V12D07-075_C1,8
CCCAACCACACTAACA-1_V12D07-075_C1,13
CCCAAGTCATTACACT-1_V12D07-075_C1,3
CCCAATTTCACAACTT-1_V12D07-075_C1,8
CCCAGAGGAGGGCGTA-1_V12D07-075_C1,4
CCCAGGTCTGAAGGCT-1_V12D07-075_C1,9
CCCAGTTAAGGCGCCG-1_V12D07-075_C1,4
CCCATATAGGTCGATT-1_V12D07-075_C1,1
CCCGACCATAGTCCGC-1_V12D07-075_C1,4
CCCGAGTTTCTCCGTA-1_V12D07-075_C1,8
CCCGATAGCCTCGCCT-1_V12D07-075_C1,4
CCCGCAGCGCGAACTA-1_V12D07-075_C1,9
CCCGCAGGGCCCAAAG-1_V12D07-075_C1,4
CCCGCCATGCTCCCGT-1_V12D07-075_C1,7
CCCGGCTAGGTGAGAA-1_V12D07-075_C1,9
CCCGGGTCGTTCAGGG-1_V12D07-075_C1,3
CCCGGTGGAAGAACCT-1_V12D07-075_C1,5
CCCGTAAGTCTAGGCC-1_V12D07-075_C1,15
CCCGTAGCTGGGAAGA-1_V12D07-075_C1,8
CCCGTCAGCGTCTGAC-1_V12D07-075_C1,4
CCCGTTTCGCAGATGT-1_V12D07-075_C1,3
CCCTACTTGAACAATG-1_V12D07-075_C1,9
CCCTAGTGTCAGGTGT-1_V12D07-075_C1,7
CCCTCAAGCTCTTAGT-1_V12D07-075_C1,13
CCCTCATTCTGGAATT-1_V12D07-075_C1,7
CCCTCCTCGCTCGTAT-1_V12D07-075_C1,3
CCCTGAAATGAGTTGA-1_V12D07-075_C1,5
CCCTGACTAACAAATT-1_V12D07-075_C1,8
CCCTGATGTAACTCGT-1_V12D07-075_C1,3
CCCTGCGCTACGCATA-1_V12D07-075_C1,17
CCCTGGTATGGGCGGC-1_V12D07-075_C1,9
CCCTGTTGGCAAAGAC-1_V12D07-075_C1,13
CCCTTTAATGGAGTTC-1_V12D07-075_C1,6
CCCTTTGACAGGTCTT-1_V12D07-075_C1,9
CCGAACCTTCCCGGCC-1_V12D07-075_C1,9
CCGAAGGGCGTACCGC-1_V12D07-075_C1,4
CCGAAGTATATTGTTC-1_V12D07-075_C1,2
CCGACAAACACATGAG-1_V12D07-075_C1,1
CCGACAAAGGGAGTGC-1_V12D07-075_C1,3
CCGACAATAGGCCGCC-1_V12D07-075_C1,6
CCGACGTAAACACAAC-1_V12D07-075_C1,4
CCGACTCGCATAGTCT-1_V12D07-075_C1,7
CCGAGCTGTGCTTGTC-1_V12D07-075_C1,4
CCGAGGGATGTTAGGC-1_V12D07-075_C1,13
CCGATATGACGTAAGG-1_V12D07-075_C1,7
CCGATCTCAACCTTAT-1_V12D07-075_C1,8
CCGATTCGAGGGACCC-1_V12D07-075_C1,8
CCGCACAAAGACCAAC-1_V12D07-075_C1,3
CCGCACACGAACGTGT-1_V12D07-075_C1,4
CCGCACGTGACCTCGG-1_V12D07-075_C1,9
CCGCACTTGCAATGAC-1_V12D07-075_C1,6
CCGCATGTGGTACGAT-1_V12D07-075_C1,5
CCGCCGGTCAACACAC-1_V12D07-075_C1,13
CCGCCGTTGAGGATAA-1_V12D07-075_C1,4
CCGCCTGCGAATTGGT-1_V12D07-075_C1,16
CCGCGATTTGGTAGGT-1_V12D07-075_C1,8
CCGCGGAATGCGTCAC-1_V12D07-075_C1,15
CCGCTATCAGCACCAG-1_V12D07-075_C1,3
CCGCTCTTCCGAACTA-1_V12D07-075_C1,3
CCGCTGGTGCCATTCA-1_V12D07-075_C1,7
CCGCTTACCTCACTCT-1_V12D07-075_C1,15
CCGCTTGCTGACATGG-1_V12D07-075_C1,4
CCGGAAGTTATCAGTC-1_V12D07-075_C1,4
CCGGAATGGTTTCAGT-1_V12D07-075_C1,7
CCGGAGCGTACTTTCT-1_V12D07-075_C1,5
CCGGAGGTCTTATGGT-1_V12D07-075_C1,4
CCGGCACGACCGTTTC-1_V12D07-075_C1,16
CCGGCGCATATTGGAT-1_V12D07-075_C1,7
CCGGGACCCGCAGAGA-1_V12D07-075_C1,7
CCGGGCGGTCTCGTCA-1_V12D07-075_C1,3
CCGGGCTGCTCCATAC-1_V12D07-075_C1,3
CCGGGTTCGAGGTTAC-1_V12D07-075_C1,5
CCGGTAATGGCTAGTC-1_V12D07-075_C1,4
CCGGTGCGAGTGATAG-1_V12D07-075_C1,3
CCGGTTTGTAATTGTG-1_V12D07-075_C1,15
CCGTAAGTTGGTCCCA-1_V12D07-075_C1,8
CCGTACCCAAGCGCCA-1_V12D07-075_C1,7
CCGTAGGAAATCCCTG-1_V12D07-075_C1,3
CCGTAGGGTTGTTTAC-1_V12D07-075_C1,3
CCGTATTAGCGCAGTT-1_V12D07-075_C1,4
CCGTGAGGCATTCATG-1_V12D07-075_C1,7
CCGTGCCCATGACGGC-1_V12D07-075_C1,7
CCGTGGAACGATCCAA-1_V12D07-075_C1,4
CCGTGTTAAATTCCAT-1_V12D07-075_C1,15
CCGTTACGTTAGAACA-1_V12D07-075_C1,4
CCGTTCCGAATCTCGG-1_V12D07-075_C1,8
CCTAAAGGCTGACGCT-1_V12D07-075_C1,16
CCTAAATTAACGGTTC-1_V12D07-075_C1,5
CCTAAATTGTATCCTA-1_V12D07-075_C1,8
CCTAACCCAAACAAGT-1_V12D07-075_C1,6
CCTAACTAAGGCTCTA-1_V12D07-075_C1,4
CCTACAAGTCCGGAAT-1_V12D07-075_C1,7
CCTACTCAACACGATT-1_V12D07-075_C1,8
CCTACTGCTTACACTT-1_V12D07-075_C1,13
CCTAGGCGTAGCGATC-1_V12D07-075_C1,9
CCTATAATGAGTGCCC-1_V12D07-075_C1,6
CCTATACCGTCCTGTC-1_V12D07-075_C1,15
CCTATATTTGTCCTGG-1_V12D07-075_C1,5
CCTATCTATATCGGAA-1_V12D07-075_C1,7
CCTATGAAGTGGTGCC-1_V12D07-075_C1,4
CCTATGGGTTACCGTC-1_V12D07-075_C1,8
CCTATGGTCAAAGCTG-1_V12D07-075_C1,9
CCTATGTCCACTCCAC-1_V12D07-075_C1,9
CCTCACCAATCTTGAC-1_V12D07-075_C1,9
CCTCACCTGAGGGAGC-1_V12D07-075_C1,15
CCTCACCTTAGCATCG-1_V12D07-075_C1,8
CCTCACGTCAGCTAAT-1_V12D07-075_C1,3
CCTCATGCAGCTACGA-1_V12D07-075_C1,7
CCTCCCGACAATCCCT-1_V12D07-075_C1,7
CCTCCGACAATTCAAG-1_V12D07-075_C1,5
CCTCCTGAGCCCACAT-1_V12D07-075_C1,1
CCTCCTGTTGTGTCGT-1_V12D07-075_C1,3
CCTCGAAGTGGACGGG-1_V12D07-075_C1,7
CCTCGCCAGCAAATTA-1_V12D07-075_C1,16
CCTCGCGCGATATAGG-1_V12D07-075_C1,8
CCTCGCGCTGTGCGAT-1_V12D07-075_C1,5
CCTCGGACCGGGATAG-1_V12D07-075_C1,9
CCTCGGATGCTACCTG-1_V12D07-075_C1,3
CCTCGTTACGCCTGTT-1_V12D07-075_C1,1
CCTCTAATCTGCCAAG-1_V12D07-075_C1,4
CCTCTCTCCCATCTAG-1_V12D07-075_C1,7
CCTCTGGCCTAGACGG-1_V12D07-075_C1,7
CCTCTGTACTATTCTA-1_V12D07-075_C1,5
CCTGAACGATATATTC-1_V12D07-075_C1,3
CCTGAATATTTACATA-1_V12D07-075_C1,5
CCTGACAAACTCGCGC-1_V12D07-075_C1,9
CCTGACCACCGATGGT-1_V12D07-075_C1,13
CCTGCCCGTTGTCTAG-1_V12D07-075_C1,3
CCTGCGATAGAACTGT-1_V12D07-075_C1,13
CCTGCGTTCTACGCTT-1_V12D07-075_C1,3
CCTGCTATTTGAGAAG-1_V12D07-075_C1,13
CCTGGAAACGTTCTGC-1_V12D07-075_C1,4
CCTGGCTAGACCCGCC-1_V12D07-075_C1,5
CCTGGTCGAATGTGGG-1_V12D07-075_C1,5
CCTGTAAGACATGATA-1_V12D07-075_C1,5
CCTGTACTCACGCCCA-1_V12D07-075_C1,8
CCTGTCACCCGGGCTC-1_V12D07-075_C1,3
CCTGTCCCTCACGTTA-1_V12D07-075_C1,4
CCTGTCGCCCGTAAAT-1_V12D07-075_C1,9
CCTGTGAAACCGTAAC-1_V12D07-075_C1,6
CCTGTTTGAAGACACG-1_V12D07-075_C1,3
CCTTCAGTTAAAGTGA-1_V12D07-075_C1,8
CCTTCGTATAGAATCC-1_V12D07-075_C1,3
CCTTCTTGATCCAGTG-1_V12D07-075_C1,7
CCTTGACCACTTTATT-1_V12D07-075_C1,3
CCTTTAAGGGAGCACT-1_V12D07-075_C1,8
CCTTTCAATGAAGAAA-1_V12D07-075_C1,20
CGAAACATAGATGGCA-1_V12D07-075_C1,3
CGAAACGCAATTCATG-1_V12D07-075_C1,8
CGAACAGTATGGGCGT-1_V12D07-075_C1,12
CGAACATAGTCAGAAA-1_V12D07-075_C1,16
CGAACCCGCATGCGTC-1_V12D07-075_C1,8
CGAACGCCCAGTGCCG-1_V12D07-075_C1,13
CGAAGACGGTGAGTGC-1_V12D07-075_C1,3
CGAAGCTATAAATTCA-1_V12D07-075_C1,4
CGAAGTTGCTCTGTGT-1_V12D07-075_C1,5
CGAATGACGCATAATG-1_V12D07-075_C1,5
CGAATTCCCGGTTCAA-1_V12D07-075_C1,3
CGACAATTTGATCTAA-1_V12D07-075_C1,3
CGACACCGCTTAAGGA-1_V12D07-075_C1,12
CGACACGCTCCGACAG-1_V12D07-075_C1,6
CGACAGTTCGCGTTAT-1_V12D07-075_C1,5
CGACATGCGATCTTCT-1_V12D07-075_C1,7
CGACTCAGGATGTTAT-1_V12D07-075_C1,4
CGACTTTGTATAGCCT-1_V12D07-075_C1,7
CGAGACCCTAGAGTGT-1_V12D07-075_C1,9
CGAGACTACTGCTGCT-1_V12D07-075_C1,8
CGAGAGATGTGAACCT-1_V12D07-075_C1,12
CGAGAGCTTTCACTAC-1_V12D07-075_C1,6
CGAGAGGGTAGCCGCG-1_V12D07-075_C1,3
CGAGATTTCGCTCGGG-1_V12D07-075_C1,4
CGAGCACTTCAAGTTT-1_V12D07-075_C1,5
CGAGCCGAGCACTCGA-1_V12D07-075_C1,3
CGAGCGTTGATCAGCC-1_V12D07-075_C1,7
CGAGCTGGGCTTTAGG-1_V12D07-075_C1,7
CGAGGAGCTTCCATAT-1_V12D07-075_C1,4
CGAGGATCGGGAACGA-1_V12D07-075_C1,4
CGAGGCCAGGCATTGG-1_V12D07-075_C1,3
CGAGGCTAAATATGGC-1_V12D07-075_C1,14
CGAGGGACTGCGGTCG-1_V12D07-075_C1,5
CGAGGGTATCCAGGTG-1_V12D07-075_C1,3
CGAGTACTAAAGAGGA-1_V12D07-075_C1,15
CGAGTGCTATAGTTCG-1_V12D07-075_C1,13
CGAGTTCTGTCCCACC-1_V12D07-075_C1,15
CGAGTTTATCGGACTG-1_V12D07-075_C1,6
CGATAATACTCAGGTT-1_V12D07-075_C1,4
CGATACCTCGCGGACA-1_V12D07-075_C1,5
CGATAGTCGTACTGCA-1_V12D07-075_C1,14
CGATATTAGCCGCAGG-1_V12D07-075_C1,7
CGATCCGACCCAGTGC-1_V12D07-075_C1,9
CGATGGACCCTACGCC-1_V12D07-075_C1,3
CGATTAAATATCTCCT-1_V12D07-075_C1,5
CGATTCGCCTGGCTGC-1_V12D07-075_C1,2
CGCAAACACGAGTTAC-1_V12D07-075_C1,13
CGCAATCGATCATTAG-1_V12D07-075_C1,3
CGCAATTACTTTCGGT-1_V12D07-075_C1,5
CGCAATTAGGGTAATA-1_V12D07-075_C1,5
CGCACATGTCCACTAC-1_V12D07-075_C1,8
CGCACGTGCGCTATCA-1_V12D07-075_C1,8
CGCAGAAACATTTGCG-1_V12D07-075_C1,2
CGCAGATCTTCACCCG-1_V12D07-075_C1,4
CGCAGGCGATCCAAAC-1_V12D07-075_C1,3
CGCATCATGGCTTCAG-1_V12D07-075_C1,4
CGCATCCATCAGCCAG-1_V12D07-075_C1,4
CGCATGCCGAATGCGT-1_V12D07-075_C1,1
CGCATGGTGCGATGCT-1_V12D07-075_C1,5
CGCATTAGCTAATAGG-1_V12D07-075_C1,5
CGCCAAGAAGCCGAGT-1_V12D07-075_C1,15
CGCCAATTATTGCGTT-1_V12D07-075_C1,6
CGCCACCCGCATTAAC-1_V12D07-075_C1,13
CGCCATCCGATTATGA-1_V12D07-075_C1,7
CGCCCAGCACGCCTAG-1_V12D07-075_C1,8
CGCCCAGCGTTTCACG-1_V12D07-075_C1,3
CGCCCGCTTCCGTACA-1_V12D07-075_C1,16
CGCCCTTGAAGGCTGA-1_V12D07-075_C1,5
CGCCGACTATTCGCTA-1_V12D07-075_C1,3
CGCCGCCCATGCCTGT-1_V12D07-075_C1,3
CGCCGTCTACCCATCG-1_V12D07-075_C1,4
CGCCGTTCAGCATAGT-1_V12D07-075_C1,6
CGCCTCCCTCCTCTAT-1_V12D07-075_C1,3
CGCCTGGCCTACGTAA-1_V12D07-075_C1,15
CGCCTTTAGCATGCTC-1_V12D07-075_C1,4
CGCGAAGTGGCATACT-1_V12D07-075_C1,3
CGCGACACTGCGCAGC-1_V12D07-075_C1,13
CGCGACCGCGACAGAT-1_V12D07-075_C1,5
CGCGAGAGGGACTTGT-1_V12D07-075_C1,4
CGCGCATGTTTGATTG-1_V12D07-075_C1,5
CGCGCCCGACTTAATA-1_V12D07-075_C1,4
CGCGGCAGTATTACGG-1_V12D07-075_C1,3
CGCGGCTCAACTTGAA-1_V12D07-075_C1,3
CGCGGGAATTAGGCAG-1_V12D07-075_C1,8
CGCGGTAAGTCTAGCT-1_V12D07-075_C1,4
CGCGGTACGGTATACA-1_V12D07-075_C1,8
CGCGGTCACAAACCAA-1_V12D07-075_C1,4
CGCGTACATTCTGGAA-1_V12D07-075_C1,16
CGCGTTCATGAAATAC-1_V12D07-075_C1,5
CGCTACGGGACATTTA-1_V12D07-075_C1,5
CGCTAGAGACCGCTGC-1_V12D07-075_C1,8
CGCTATACCGCCCACT-1_V12D07-075_C1,7
CGCTATTCTTAGGCTC-1_V12D07-075_C1,3
CGCTCGACATAATGAT-1_V12D07-075_C1,12
CGCTCTCCGTAGATTA-1_V12D07-075_C1,9
CGCTGGTGACTACCCT-1_V12D07-075_C1,3
CGCTGTGACGCCGCAC-1_V12D07-075_C1,5
CGCTGTGTGGATGTTG-1_V12D07-075_C1,15
CGCTTAGTATTGATAC-1_V12D07-075_C1,9
CGCTTATTCCCGGTCG-1_V12D07-075_C1,15
CGCTTCCACTGAAATC-1_V12D07-075_C1,9
CGCTTCGGTCTAAGAC-1_V12D07-075_C1,3
CGCTTGGACGGATAGA-1_V12D07-075_C1,8
CGCTTTCATACCGGTG-1_V12D07-075_C1,7
CGCTTTCTTGCATTCG-1_V12D07-075_C1,15
CGGAAAGAATCAAACG-1_V12D07-075_C1,8
CGGAAAGCAAATGTGC-1_V12D07-075_C1,3
CGGAACGTAAACATAG-1_V12D07-075_C1,8
CGGAGCAATTTAATCG-1_V12D07-075_C1,5
CGGAGCATGGCGATCC-1_V12D07-075_C1,13
CGGAGCTTATAACACC-1_V12D07-075_C1,4
CGGAGTTTGAGAGACA-1_V12D07-075_C1,9
CGGATAAGCGGACATG-1_V12D07-075_C1,3
CGGATCCTCAAGGACT-1_V12D07-075_C1,9
CGGCAAACATCGTGCG-1_V12D07-075_C1,5
CGGCAATAAGATCGCC-1_V12D07-075_C1,3
CGGCACCGTTAGCGCC-1_V12D07-075_C1,4
CGGCACTCAAGAAAGT-1_V12D07-075_C1,5
CGGCAGGGTCGGGTTG-1_V12D07-075_C1,15
CGGCCACGCACAAAGT-1_V12D07-075_C1,6
CGGCCAGAGCGACCAT-1_V12D07-075_C1,5
CGGCCCAACCTGTAGT-1_V12D07-075_C1,4
CGGCCCAGGTATATCC-1_V12D07-075_C1,3
CGGCGCCATCAATCCC-1_V12D07-075_C1,3
CGGCTCTAAAGCTGCA-1_V12D07-075_C1,8
CGGCTCTTCGTCGAAC-1_V12D07-075_C1,1
CGGCTTTGTATGATAA-1_V12D07-075_C1,7
CGGGAATATAGTATAC-1_V12D07-075_C1,3
CGGGAATTTATGTAAA-1_V12D07-075_C1,3
CGGGAGCTTCAGTGTA-1_V12D07-075_C1,9
CGGGAGTATACCGCCG-1_V12D07-075_C1,3
CGGGATCAATGTAAGA-1_V12D07-075_C1,12
CGGGCAGCTAAACCGC-1_V12D07-075_C1,5
CGGGCCATAGCCGCAC-1_V12D07-075_C1,13
CGGGCCTTCTTTGTAA-1_V12D07-075_C1,3
CGGGCGATGGATCACG-1_V12D07-075_C1,3
CGGGTGTACCCATTTA-1_V12D07-075_C1,8
CGGGTTCGGCACGTAT-1_V12D07-075_C1,4
CGGGTTTGTTAGGGCT-1_V12D07-075_C1,3
CGGTAGAGGTGCAGGT-1_V12D07-075_C1,4
CGGTATAGGTATTAGC-1_V12D07-075_C1,4
CGGTCAAGTGGGAACC-1_V12D07-075_C1,12
CGGTCAGTCCATATTT-1_V12D07-075_C1,8
CGGTCCATGAGACTCC-1_V12D07-075_C1,16
CGGTCCGTCGCAAGCC-1_V12D07-075_C1,5
CGGTCTATCAACCCGT-1_V12D07-075_C1,7
CGGTGAAGACTAAAGT-1_V12D07-075_C1,2
CGGTGCAGATAGAACG-1_V12D07-075_C1,5
CGGTGCGCGTTGGTCC-1_V12D07-075_C1,15
CGGTGGGCTCCAGCCT-1_V12D07-075_C1,1
CGGTGTACTTGATCCC-1_V12D07-075_C1,1
CGGTTATCCAACAGTG-1_V12D07-075_C1,8
CGGTTCAAGTAGGTGT-1_V12D07-075_C1,7
CGGTTCCGGCTTCTTG-1_V12D07-075_C1,13
CGGTTGACCTGGCATA-1_V12D07-075_C1,8
CGGTTGGGTTCAAGTT-1_V12D07-075_C1,16
CGGTTTATGAAGGAAC-1_V12D07-075_C1,4
CGTAACTTCGACACTT-1_V12D07-075_C1,8
CGTAATAATTACGAGT-1_V12D07-075_C1,3
CGTACCGAAAGTCTAG-1_V12D07-075_C1,13
CGTACCTGATAGGCCT-1_V12D07-075_C1,5
CGTAGCGAATTGTCAG-1_V12D07-075_C1,13
CGTAGCGCCGACGTTG-1_V12D07-075_C1,7
CGTATCTAGAACTAAG-1_V12D07-075_C1,3
CGTATTAAGAGATCTA-1_V12D07-075_C1,5
CGTCAAGGCTATAAAT-1_V12D07-075_C1,3
CGTCAATCTTTAACAT-1_V12D07-075_C1,3
CGTCACGTCCATTGGT-1_V12D07-075_C1,3
CGTCAGCTATTTACTC-1_V12D07-075_C1,5
CGTCAGTGCGCACAAG-1_V12D07-075_C1,3
CGTCCAGATGGCTCCA-1_V12D07-075_C1,6
CGTCCTCATCGCGTGC-1_V12D07-075_C1,8
CGTCGCATGTGAGCCA-1_V12D07-075_C1,3
CGTCGGATAGTGTTGA-1_V12D07-075_C1,15
CGTCGTCCTTCGCGAA-1_V12D07-075_C1,3
CGTCTGGAAGGGCCCG-1_V12D07-075_C1,13
CGTCTTGAGTGTGACG-1_V12D07-075_C1,16
CGTGAAGTTAATTCAC-1_V12D07-075_C1,3
CGTGACATTGGGTCGT-1_V12D07-075_C1,7
CGTGACCAGTCCTCTG-1_V12D07-075_C1,9
CGTGCAGACTGGGACA-1_V12D07-075_C1,5
CGTGCATTGTCGACGC-1_V12D07-075_C1,8
CGTGCCCTCCCGAAGA-1_V12D07-075_C1,5
CGTGCTGGCCTAGTCG-1_V12D07-075_C1,7
CGTGGAAGCCTCGTAC-1_V12D07-075_C1,4
CGTGGCCGAATATCTA-1_V12D07-075_C1,3
CGTGTATGGGAGCTGA-1_V12D07-075_C1,3
CGTGTCCCATTCGCGA-1_V12D07-075_C1,9
CGTGTGTTAAACCCTG-1_V12D07-075_C1,4
CGTTAAACTAGTTAGG-1_V12D07-075_C1,8
CGTTAATGTCCCGACG-1_V12D07-075_C1,5
CGTTAGCTCACAACTG-1_V12D07-075_C1,7
CGTTCAGACCCGCGAA-1_V12D07-075_C1,6
CGTTCTTCGCACACCT-1_V12D07-075_C1,16
CGTTGAATACCGCGCT-1_V12D07-075_C1,5
CGTTGAGCGACCGTCG-1_V12D07-075_C1,3
CGTTGAGTAATTGCGT-1_V12D07-075_C1,4
CGTTGCCCGCGTGGGA-1_V12D07-075_C1,8
CGTTGTAAGATTGATT-1_V12D07-075_C1,12
CGTTGTCGGCAATTGA-1_V12D07-075_C1,6
CGTTGTTTCAATTCCC-1_V12D07-075_C1,5
CGTTTAAGCGGAGCAC-1_V12D07-075_C1,13
CGTTTACAAGGCAGCT-1_V12D07-075_C1,4
CGTTTCACTTCGGGCG-1_V12D07-075_C1,4
CGTTTCGCTCATTACA-1_V12D07-075_C1,5
CGTTTGGTGTTGTGGG-1_V12D07-075_C1,3
CGTTTGTGTAGAGGGT-1_V12D07-075_C1,15
CTAAAGAATGCCTACT-1_V12D07-075_C1,5
CTAAAGGGAAATAGGA-1_V12D07-075_C1,3
CTAAATCCTATTCCGG-1_V12D07-075_C1,8
CTAACCGCGCGCCCGT-1_V12D07-075_C1,9
CTAACGAAACTTGCTG-1_V12D07-075_C1,15
CTAACTGATAATCGCC-1_V12D07-075_C1,6
CTAACTGGTCCGGTTC-1_V12D07-075_C1,15
CTAAGGGAATGATTGG-1_V12D07-075_C1,5
CTAAGTACAGGGCTAC-1_V12D07-075_C1,4
CTAATTCGCACGCGCT-1_V12D07-075_C1,7
CTAATTCTCAGATATT-1_V12D07-075_C1,8
CTAATTTCAACAACAC-1_V12D07-075_C1,2
CTACACTCGCAGATGG-1_V12D07-075_C1,3
CTACCCTAAGGTCATA-1_V12D07-075_C1,15
CTACGACTAGCTATAA-1_V12D07-075_C1,8
CTACGCACGGAGTACC-1_V12D07-075_C1,5
CTACGCCATTTCCGAT-1_V12D07-075_C1,7
CTACGTGTTGCCACCA-1_V12D07-075_C1,7
CTACTATCTTTCAGAG-1_V12D07-075_C1,15
CTACTCAAGGTATAGT-1_V12D07-075_C1,15
CTACTCTAGGCCCGGC-1_V12D07-075_C1,5
CTACTGCCACCTGACC-1_V12D07-075_C1,5
CTAGACATATATGTAG-1_V12D07-075_C1,4
CTAGACTGCATTTCGT-1_V12D07-075_C1,4
CTAGATAAACTCCTCG-1_V12D07-075_C1,7
CTAGATGTGAGTGTAA-1_V12D07-075_C1,4
CTAGATTTACGACGGC-1_V12D07-075_C1,5
CTAGCATAGTATAATG-1_V12D07-075_C1,6
CTAGCCACAGGCGAGC-1_V12D07-075_C1,6
CTAGCCGATGTTATGA-1_V12D07-075_C1,4
CTAGCTTAATGGTCCC-1_V12D07-075_C1,7
CTAGGCGCCCTATCAG-1_V12D07-075_C1,5
CTAGGTCTGAAGGAAT-1_V12D07-075_C1,8
CTAGGTTCGGACGTGA-1_V12D07-075_C1,3
CTAGTAGAAAGGGATT-1_V12D07-075_C1,9
CTAGTATTCGGAATTA-1_V12D07-075_C1,7
CTAGTCACGTCTTAAG-1_V12D07-075_C1,5
CTAGTGAAGGACAGGA-1_V12D07-075_C1,5
CTAGTTACAACCCGGT-1_V12D07-075_C1,1
CTAGTTGGGCCCGGTA-1_V12D07-075_C1,5
CTATAAGAGCCAATCG-1_V12D07-075_C1,8
CTATCGACGAAATACA-1_V12D07-075_C1,9
CTATCGCGTAGAGAAC-1_V12D07-075_C1,3
CTATCGGGTCTCAACA-1_V12D07-075_C1,3
CTATGCCCGAATGCAA-1_V12D07-075_C1,5
CTATGGGAAGCGGAAT-1_V12D07-075_C1,3
CTATGTCACTAGCCCA-1_V12D07-075_C1,3
CTATGTCTATTGAAAC-1_V12D07-075_C1,7
CTATTCATGTGTCCCA-1_V12D07-075_C1,5
CTATTGTGTTTGGTCA-1_V12D07-075_C1,4
CTATTTGCTTGGAGGA-1_V12D07-075_C1,3
CTATTTGGTTACGGAT-1_V12D07-075_C1,3
CTCAACTAACCCGGAT-1_V12D07-075_C1,6
CTCAAGACATTAGCGC-1_V12D07-075_C1,4
CTCACATTTACTAAAT-1_V12D07-075_C1,5
CTCACCAGTACAAGTG-1_V12D07-075_C1,13
CTCACCGATCCAAACT-1_V12D07-075_C1,4
CTCACTGTGATACTTA-1_V12D07-075_C1,5
CTCACTTGGCTGGTAA-1_V12D07-075_C1,15
CTCAGGACTCACCTGT-1_V12D07-075_C1,2
CTCAGTCACGACAAAT-1_V12D07-075_C1,8
CTCATCACTTAGTGAT-1_V12D07-075_C1,4
CTCATGGCTCACAATC-1_V12D07-075_C1,7
CTCATTCGTGAACATC-1_V12D07-075_C1,5
CTCATTGCTCTAACAA-1_V12D07-075_C1,6
CTCATTTGATGGGCGG-1_V12D07-075_C1,5
CTCCCAATGAGTCGCG-1_V12D07-075_C1,8
CTCCGCCCACATGAGG-1_V12D07-075_C1,5
CTCCGGCCTAATATGC-1_V12D07-075_C1,16
CTCCGGCTTGTAGACA-1_V12D07-075_C1,3
CTCCTCCAGCTCACAC-1_V12D07-075_C1,5
CTCCTGTTCAAGGCAG-1_V12D07-075_C1,3
CTCCTTTACGCAAGTC-1_V12D07-075_C1,7
CTCGAATGGAACGTAT-1_V12D07-075_C1,4
CTCGAGATCCAAAGCA-1_V12D07-075_C1,1
CTCGAGGTCGAACAGT-1_V12D07-075_C1,5
CTCGATATTTGCGAGC-1_V12D07-075_C1,4
CTCGCACCTATATAGT-1_V12D07-075_C1,5
CTCGCCGAATGTAGGG-1_V12D07-075_C1,3
CTCGCTAGGTAAGCGA-1_V12D07-075_C1,8
CTCGGGATAACACCTA-1_V12D07-075_C1,4
CTCGGTACCACTGCTC-1_V12D07-075_C1,5
CTCGTCTGTGCCTTCG-1_V12D07-075_C1,3
CTCGTTTCTAATGTTT-1_V12D07-075_C1,4
CTCTAATGCATTGATC-1_V12D07-075_C1,4
CTCTAGCCCTCGGAAA-1_V12D07-075_C1,6
CTCTATTTGGCTGCAG-1_V12D07-075_C1,5
CTCTCACAATCGATGA-1_V12D07-075_C1,3
CTCTCGCTGTACTATG-1_V12D07-075_C1,9
CTCTGCGAAGCAAGCA-1_V12D07-075_C1,1
CTCTGGACGCCTGGTG-1_V12D07-075_C1,5
CTCTGTTTGAGGATTC-1_V12D07-075_C1,13
CTCTTCTATTGACTGG-1_V12D07-075_C1,6
CTCTTGTCCCGCTTGG-1_V12D07-075_C1,5
CTGAAACGGCCCTCAG-1_V12D07-075_C1,7
CTGAAAGAGATCCGAC-1_V12D07-075_C1,1
CTGAATCCGAGACCTC-1_V12D07-075_C1,8
CTGAATTTATTGCCAG-1_V12D07-075_C1,4
CTGACATAGAAATAGA-1_V12D07-075_C1,4
CTGACTGCGCAGCTCG-1_V12D07-075_C1,8
CTGAGAAAGTTCGGCG-1_V12D07-075_C1,4
CTGAGAGTAGAAATAC-1_V12D07-075_C1,3
CTGAGCAAGTAACAAG-1_V12D07-075_C1,5
CTGAGCGAGACTTATT-1_V12D07-075_C1,7
CTGCAAGCACGTTCCG-1_V12D07-075_C1,3
CTGCACAACTACATAT-1_V12D07-075_C1,3
CTGCACCTAGTCCACA-1_V12D07-075_C1,4
CTGCACCTGGAACCGC-1_V12D07-075_C1,7
CTGCACTCCAGTACAG-1_V12D07-075_C1,1
CTGCAGAGAATCAGAG-1_V12D07-075_C1,6
CTGCAGGTGCTCGGCC-1_V12D07-075_C1,3
CTGCCAAGGTTGGAAG-1_V12D07-075_C1,7
CTGCCATGCATCACAT-1_V12D07-075_C1,13
CTGCCCACGAAGCGTT-1_V12D07-075_C1,3
CTGCCTCATATGCAAC-1_V12D07-075_C1,7
CTGCCTTTCTAGTAAA-1_V12D07-075_C1,6
CTGCGGTAGTCACGTG-1_V12D07-075_C1,4
CTGCGTTACGATATAA-1_V12D07-075_C1,4
CTGCTGAGGCCACGAA-1_V12D07-075_C1,15
CTGCTGTCTAACGAGC-1_V12D07-075_C1,4
CTGCTTGGCGATAGCT-1_V12D07-075_C1,5
CTGCTTTATGTCCGCG-1_V12D07-075_C1,4
CTGGAAATGGATGCTT-1_V12D07-075_C1,5
CTGGAAGACACGGTGG-1_V12D07-075_C1,3
CTGGATTTACACTTGA-1_V12D07-075_C1,5
CTGGCGACATAAGTCC-1_V12D07-075_C1,7
CTGGCGCACAGGTCTG-1_V12D07-075_C1,3
CTGGCGGGAATAAGTA-1_V12D07-075_C1,3
CTGGCTCCTGCGGGAT-1_V12D07-075_C1,14
CTGGCTGATTCATCCT-1_V12D07-075_C1,3
CTGGCTGGTTGTCAGT-1_V12D07-075_C1,9
CTGGGATAAATAATGG-1_V12D07-075_C1,3
CTGGGATACGCTACCC-1_V12D07-075_C1,4
CTGGGCCTGCTATATC-1_V12D07-075_C1,15
CTGGGCTATCCTTTGG-1_V12D07-075_C1,4
CTGGGTAGGCAGTTAA-1_V12D07-075_C1,5
CTGGTAAAGACTTACA-1_V12D07-075_C1,6
CTGGTAAAGTGTGGGC-1_V12D07-075_C1,3
CTGGTAACACATAGAA-1_V12D07-075_C1,3
CTGGTAACGAGCTCTT-1_V12D07-075_C1,8
CTGGTCATTCCAATCC-1_V12D07-075_C1,2
CTGGTCCTAACTTGGC-1_V12D07-075_C1,7
CTGGTTCAACGCATCA-1_V12D07-075_C1,7
CTGGTTCGCGAGCTAC-1_V12D07-075_C1,7
CTGGTTTCGAGCAAGA-1_V12D07-075_C1,3
CTGTACTTCTTAGCAT-1_V12D07-075_C1,5
CTGTAGCCATCTCACT-1_V12D07-075_C1,15
CTGTATGGTGTAGAAA-1_V12D07-075_C1,5
CTGTCAAATGGCTCGG-1_V12D07-075_C1,8
CTGTCACGCCAGGCGC-1_V12D07-075_C1,4
CTGTCTGTGGCTGGCT-1_V12D07-075_C1,3
CTGTGCAGGGTAGGTC-1_V12D07-075_C1,5
CTGTGGTCGGGAGATA-1_V12D07-075_C1,1
CTGTTACCCAATCTAG-1_V12D07-075_C1,5
CTGTTCACTGCCTGTG-1_V12D07-075_C1,7
CTGTTCATCTCACGGG-1_V12D07-075_C1,9
CTGTTGGCTCTTCTGA-1_V12D07-075_C1,3
CTTAAATAAGACCCAT-1_V12D07-075_C1,5
CTTAACTTACAGTATA-1_V12D07-075_C1,8
CTTAACTTCGAAGTAC-1_V12D07-075_C1,7
CTTACACGGTATTCCA-1_V12D07-075_C1,5
CTTACACTGGGAAATA-1_V12D07-075_C1,7
CTTACTGACTCCTCTG-1_V12D07-075_C1,5
CTTAGCCTTCCACATG-1_V12D07-075_C1,4
CTTAGTAGGCCTACAG-1_V12D07-075_C1,4
CTTAGTGTAGTAGCAT-1_V12D07-075_C1,9
CTTATAGATGGCTGTT-1_V12D07-075_C1,3
CTTCAACTCCACTTGG-1_V12D07-075_C1,5
CTTCATAGCTCAAGAA-1_V12D07-075_C1,7
CTTCATTGTCAGTGGA-1_V12D07-075_C1,6
CTTCCGCTCCGTGAAG-1_V12D07-075_C1,8
CTTCGATTGCGCAAGC-1_V12D07-075_C1,3
CTTCGGCCAATTGTTT-1_V12D07-075_C1,8
CTTCGTAGATAGGTGA-1_V12D07-075_C1,8
CTTCTATGTTGAAGTA-1_V12D07-075_C1,8
CTTCTATTAATGCTAG-1_V12D07-075_C1,8
CTTCTTACGTCGTATA-1_V12D07-075_C1,7
CTTGACCCGAAAGATA-1_V12D07-075_C1,7
CTTGAGGTTATCCCGA-1_V12D07-075_C1,2
CTTGAGTTAGGGTAAT-1_V12D07-075_C1,3
CTTGATGACCATCCAG-1_V12D07-075_C1,5
CTTGCCCACCCACGCA-1_V12D07-075_C1,3
CTTGCCCAGGCTCTAC-1_V12D07-075_C1,3
CTTGGCCAAGCTGGGA-1_V12D07-075_C1,5
CTTGTACTTGTTGACT-1_V12D07-075_C1,7
CTTGTCAACATTCGAG-1_V12D07-075_C1,5
CTTGTGAGGACAGCGG-1_V12D07-075_C1,9
CTTGTGAGTCTTTGAC-1_V12D07-075_C1,7
CTTGTGCTCACCGATT-1_V12D07-075_C1,8
CTTGTTGCTGAGTCAA-1_V12D07-075_C1,3
CTTGTTTATGTAGCCA-1_V12D07-075_C1,3
CTTTAACTTTCAAAGG-1_V12D07-075_C1,5
CTTTAATATTGGTCGA-1_V12D07-075_C1,5
CTTTAGGAACACTGTT-1_V12D07-075_C1,6
CTTTAGTGCTATTATT-1_V12D07-075_C1,6
CTTTCTGTGCGGGCTT-1_V12D07-075_C1,9
CTTTGCATCGCTCTTG-1_V12D07-075_C1,3
CTTTGCTGTCATGGAT-1_V12D07-075_C1,4
CTTTGGCAGACAGAGT-1_V12D07-075_C1,1
CTTTGGCGCTTTATAC-1_V12D07-075_C1,1
CTTTGGCTTTAGTAAA-1_V12D07-075_C1,3
CTTTGGGATTGTTGCA-1_V12D07-075_C1,8
GAAACAGATGACCACC-1_V12D07-075_C1,8
GAAACAGCCATGCAGT-1_V12D07-075_C1,7
GAAACCATGGTGCGCT-1_V12D07-075_C1,1
GAAACCGAATTACCTT-1_V12D07-075_C1,8
GAAACCTATACAAATG-1_V12D07-075_C1,5
GAAACTCGTGCGATGC-1_V12D07-075_C1,13
GAAAGAACAGCGTTAT-1_V12D07-075_C1,8
GAAAGCAGTGCACTTT-1_V12D07-075_C1,8
GAAAGCCCTTTGGACC-1_V12D07-075_C1,3
GAAAGTGACTAACTGC-1_V12D07-075_C1,13
GAAATACCTGCTGGCT-1_V12D07-075_C1,4
GAAATATCACCATCAG-1_V12D07-075_C1,3
GAAATATGCTTGAATG-1_V12D07-075_C1,16
GAAATCGCGCGCAACT-1_V12D07-075_C1,7
GAAATCTGACCAAGTT-1_V12D07-075_C1,1
GAAATGGCGGTGTTAG-1_V12D07-075_C1,5
GAAATGGGATGTAAAC-1_V12D07-075_C1,6
GAAATTAGCACGGATA-1_V12D07-075_C1,3
GAAATTCACATCGCTG-1_V12D07-075_C1,1
GAAATTGTCTCTATAA-1_V12D07-075_C1,3
GAACAACTGGGATGAA-1_V12D07-075_C1,9
GAACACACATCAACCA-1_V12D07-075_C1,7
GAACAGATTACTAAAT-1_V12D07-075_C1,5
GAACCCTCTGTGTTCT-1_V12D07-075_C1,5
GAACCTCGACCTACAC-1_V12D07-075_C1,8
GAACCTTTAACGATCC-1_V12D07-075_C1,9
GAACGACCGAATGATA-1_V12D07-075_C1,16
GAACGATAAGTTAAAG-1_V12D07-075_C1,4
GAACGCGGGTCACACG-1_V12D07-075_C1,8
GAACGTCTCATGGTCG-1_V12D07-075_C1,8
GAACGTTAGGAAGACG-1_V12D07-075_C1,2
GAACTGTGGAGAGACA-1_V12D07-075_C1,7
GAACTTAGCGCCCGGT-1_V12D07-075_C1,4
GAAGAACGGTGCAGGT-1_V12D07-075_C1,1
GAAGCCACTGATTATG-1_V12D07-075_C1,3
GAAGCCGGGTAAGCTC-1_V12D07-075_C1,13
GAAGCCTGCACATTCC-1_V12D07-075_C1,17
GAAGCGTGAGGAATTT-1_V12D07-075_C1,5
GAAGCTCTTTGCTTAG-1_V12D07-075_C1,3
GAAGCTTGCTGACCGC-1_V12D07-075_C1,5
GAAGGAGTCGAGTGCG-1_V12D07-075_C1,6
GAAGGCTACCATTGTT-1_V12D07-075_C1,4
GAAGGGCATAACCATG-1_V12D07-075_C1,10
GAAGTCAGTTGCACTA-1_V12D07-075_C1,5
GAAGTCTCCCTAGCGA-1_V12D07-075_C1,8
GAAGTGATTTATCGTG-1_V12D07-075_C1,5
GAAGTGCTGGATAGCT-1_V12D07-075_C1,7
GAAGTTTCCACTCAAT-1_V12D07-075_C1,5
GAATAGACGCGACCCA-1_V12D07-075_C1,3
GAATAGCATTTAGGGT-1_V12D07-075_C1,4
GAATAGCCCTGCGGTC-1_V12D07-075_C1,4
GAATATTCGGAGTCCC-1_V12D07-075_C1,16
GAATCGACATGGTCAC-1_V12D07-075_C1,5
GAATCGCCGGACACGG-1_V12D07-075_C1,2
GAATCTGAACATTCTC-1_V12D07-075_C1,5
GAATGAAGGTCTTCAG-1_V12D07-075_C1,7
GAATGCGAATCGGTTC-1_V12D07-075_C1,3
GAATGGGCTTATCGAC-1_V12D07-075_C1,3
GAATGTATGGCAGGTC-1_V12D07-075_C1,4
GAATGTGGTCCGGATT-1_V12D07-075_C1,3
GAATGTTGGGTAATCT-1_V12D07-075_C1,12
GAATTATAGTGAAAGG-1_V12D07-075_C1,3
GAATTCACCCGGGTGT-1_V12D07-075_C1,3
GACAAACATATGCAGG-1_V12D07-075_C1,3
GACAACGACCATTGAA-1_V12D07-075_C1,3
GACAACGCAGCTTACG-1_V12D07-075_C1,16
GACAAGACGCCCGTGC-1_V12D07-075_C1,8
GACAAGAGATGAGATT-1_V12D07-075_C1,3
GACACAAGGGAAGAAA-1_V12D07-075_C1,12
GACACAGCCGGGACTG-1_V12D07-075_C1,8
GACACGAGTTAGAGGA-1_V12D07-075_C1,2
GACACTGAGTTCAGTG-1_V12D07-075_C1,5
GACACTGGAACCCGAT-1_V12D07-075_C1,3
GACACTTCCAATTACC-1_V12D07-075_C1,3
GACAGCCAGACCTGAC-1_V12D07-075_C1,1
GACAGGCACACACTAT-1_V12D07-075_C1,8
GACATCCGTCGAACTG-1_V12D07-075_C1,9
GACATCGATTTATAAC-1_V12D07-075_C1,5
GACCAAACGTTGACTG-1_V12D07-075_C1,6
GACCACACTTCCCTTT-1_V12D07-075_C1,3
GACCAGAGCCCTGTAG-1_V12D07-075_C1,5
GACCCGTCGCCGGCTA-1_V12D07-075_C1,7
GACCGACGTGAAAGCA-1_V12D07-075_C1,4
GACCGACTGAAGCGTC-1_V12D07-075_C1,3
GACCGCGTCTGACGTG-1_V12D07-075_C1,8
GACCGTCAGGTCGTGA-1_V12D07-075_C1,7
GACCGTGCTGACGGTG-1_V12D07-075_C1,9
GACCGTTACATGCGAC-1_V12D07-075_C1,3
GACCTGGTCTGGGCGT-1_V12D07-075_C1,6
GACCTTCCACGTCTAC-1_V12D07-075_C1,3
GACGACGATCCGCGTT-1_V12D07-075_C1,5
GACGAGGCTAATAAAC-1_V12D07-075_C1,9
GACGCCGTAAAGGCTA-1_V12D07-075_C1,8
GACGCCTGTTGCAGGG-1_V12D07-075_C1,7
GACGCTTGCTTCTAAA-1_V12D07-075_C1,5
GACGGGTTGGCCCGTA-1_V12D07-075_C1,5
GACGGTCAATAGAAGC-1_V12D07-075_C1,8
GACGGTCCTAGGGTGT-1_V12D07-075_C1,16
GACGTGAGACTCCATG-1_V12D07-075_C1,13
GACGTTCGTAAATACA-1_V12D07-075_C1,4
GACTAACACAGCACCT-1_V12D07-075_C1,7
GACTAAGATCATGCAC-1_V12D07-075_C1,4
GACTAAGTAGGCTCAC-1_V12D07-075_C1,5
GACTACAATTGCTCGT-1_V12D07-075_C1,4
GACTAGGCCGTTAGGT-1_V12D07-075_C1,3
GACTCACCCACGTGAG-1_V12D07-075_C1,8
GACTCCCAGAATAAGG-1_V12D07-075_C1,4
GACTCGCGGGAATGAC-1_V12D07-075_C1,8
GACTCGGTCGGCGGAT-1_V12D07-075_C1,16
GACTGATTGGTCACAA-1_V12D07-075_C1,16
GACTGCAAATCGAGCT-1_V12D07-075_C1,9
GACTGCACCAGCCCAG-1_V12D07-075_C1,5
GACTGGGCGCCGCAAC-1_V12D07-075_C1,4
GAGAAACTGGATCCCA-1_V12D07-075_C1,8
GAGAATCTCACGATCA-1_V12D07-075_C1,5
GAGACCCTGCAACGCC-1_V12D07-075_C1,1
GAGACTGATGGGTAGA-1_V12D07-075_C1,5
GAGACTTCGCGACCGA-1_V12D07-075_C1,5
GAGAGCGCAGTCCCTG-1_V12D07-075_C1,1
GAGAGGCCTATGTGTA-1_V12D07-075_C1,3
GAGAGGGCGCGAGGTT-1_V12D07-075_C1,9
GAGAGGTGCATTCTGG-1_V12D07-075_C1,15
GAGATCTGCTTGGCAT-1_V12D07-075_C1,3
GAGATCTGTCACTCCG-1_V12D07-075_C1,3
GAGATCTTCCATGACA-1_V12D07-075_C1,3
GAGATGACAATCCTTA-1_V12D07-075_C1,4
GAGATGGCTTTAATCA-1_V12D07-075_C1,3
GAGATGGGAGTCGACA-1_V12D07-075_C1,9
GAGCACGGCGCCTCTT-1_V12D07-075_C1,4
GAGCATCATCCCTGGG-1_V12D07-075_C1,13
GAGCCACGGTAGTAGG-1_V12D07-075_C1,7
GAGCCAGCTACCTGTG-1_V12D07-075_C1,1
GAGCCGAGCGTTTATT-1_V12D07-075_C1,4
GAGCGAGGGAGTACCG-1_V12D07-075_C1,13
GAGCGCAAATACTCCG-1_V12D07-075_C1,3
GAGCGCGCACGAGTAG-1_V12D07-075_C1,6
GAGCGGAATGCGGTGT-1_V12D07-075_C1,8
GAGCTAAGGGCATATC-1_V12D07-075_C1,8
GAGCTCTCGGACCTAA-1_V12D07-075_C1,6
GAGCTGTCGTCTCGGA-1_V12D07-075_C1,1
GAGGAATGGAGAGGTT-1_V12D07-075_C1,6
GAGGAGATCCTCATGC-1_V12D07-075_C1,6
GAGGATAAACAGTGCT-1_V12D07-075_C1,4
GAGGCATTTGCAGCAG-1_V12D07-075_C1,4
GAGGCCTGTTGATACA-1_V12D07-075_C1,3
GAGGGCATCGCGTATC-1_V12D07-075_C1,7
GAGGGCGCAGCTCTGC-1_V12D07-075_C1,8
GAGGTACATCCATCTT-1_V12D07-075_C1,9
GAGGTACGCGTGTCCC-1_V12D07-075_C1,5
GAGGTCCCAAAGATCT-1_V12D07-075_C1,6
GAGTAAACCGGAAAGT-1_V12D07-075_C1,7
GAGTAAATTAAGAACC-1_V12D07-075_C1,3
GAGTAGATACTAGTTG-1_V12D07-075_C1,1
GAGTATCAAAGTTACA-1_V12D07-075_C1,8
GAGTATGCCCGCCTTG-1_V12D07-075_C1,15
GAGTATGCGCGTGCAT-1_V12D07-075_C1,6
GAGTCAGACCAGAATC-1_V12D07-075_C1,8
GAGTCCGCTTACCGGA-1_V12D07-075_C1,5
GAGTCGACAGACCCTC-1_V12D07-075_C1,3
GAGTGTCAACCAGAAA-1_V12D07-075_C1,6
GAGTGTGCGGTACCCA-1_V12D07-075_C1,1
GATAAATCGGTGGATG-1_V12D07-075_C1,7
GATAACTCGCACTGTG-1_V12D07-075_C1,3
GATAAGGCAGATGCAA-1_V12D07-075_C1,13
GATACCGTGTCGGAGT-1_V12D07-075_C1,4
GATACGATGGGAGTCA-1_V12D07-075_C1,8
GATAGAACCCGCTAGG-1_V12D07-075_C1,5
GATAGCGTACCACGCG-1_V12D07-075_C1,6
GATAGGATTAATTACA-1_V12D07-075_C1,16
GATAGGTAACGTTGAC-1_V12D07-075_C1,5
GATAGGTGTCCCGGGC-1_V12D07-075_C1,4
GATATCAGTATGTATC-1_V12D07-075_C1,5
GATATCTCATGCAATA-1_V12D07-075_C1,5
GATATGAGACACTAAC-1_V12D07-075_C1,3
GATATGCGGTAGCCAA-1_V12D07-075_C1,4
GATATTGAGATTGGCG-1_V12D07-075_C1,8
GATATTTCCTACATGG-1_V12D07-075_C1,4
GATCATTCCAAACATT-1_V12D07-075_C1,5
GATCCCTTTATACTGC-1_V12D07-075_C1,5
GATCCGAATATAAGTG-1_V12D07-075_C1,4
GATCCGGGAATTAACA-1_V12D07-075_C1,5
GATCCTAAATCGGGAC-1_V12D07-075_C1,8
GATCCTCTTGCGCTTA-1_V12D07-075_C1,4
GATCGACACTATCTGA-1_V12D07-075_C1,13
GATCGCGGGCTCTCCA-1_V12D07-075_C1,3
GATCGCTACCCGATTT-1_V12D07-075_C1,6
GATCGGCGATAAGTCG-1_V12D07-075_C1,3
GATCGGTGGCCATAAC-1_V12D07-075_C1,9
GATCGTGACTGATATC-1_V12D07-075_C1,8
GATCTCGACGCTGTGG-1_V12D07-075_C1,4
GATCTGCTATCTAAGG-1_V12D07-075_C1,9
GATCTTCATTGTCCTC-1_V12D07-075_C1,3
GATCTTGGAGGGCATA-1_V12D07-075_C1,5
GATCTTTGCAGGGTAT-1_V12D07-075_C1,9
GATCTTTGCTCAAAGA-1_V12D07-075_C1,4
GATGACGATGATCGCG-1_V12D07-075_C1,4
GATGAGGAACCTTCGG-1_V12D07-075_C1,3
GATGCGAATGGTATTA-1_V12D07-075_C1,5
GATGCGTCCTGCATTC-1_V12D07-075_C1,5
GATGCTACAAGCGCCT-1_V12D07-075_C1,13
GATGCTACCTTCGATG-1_V12D07-075_C1,5
GATGCTGTATTTCATC-1_V12D07-075_C1,3
GATGGCGCACACATTA-1_V12D07-075_C1,12
GATGGTGAAATAACCC-1_V12D07-075_C1,4
GATGGTGCCCTAGGCA-1_V12D07-075_C1,7
GATGTCCGGATCACAT-1_V12D07-075_C1,13
GATGTCGGTCAACTGC-1_V12D07-075_C1,13
GATGTGTTGTCACAAG-1_V12D07-075_C1,7
GATGTTCAATCCACGA-1_V12D07-075_C1,8
GATTAACCGAAAGCCC-1_V12D07-075_C1,3
GATTACTGAATTTGGG-1_V12D07-075_C1,8
GATTCCCTTGTCGCAG-1_V12D07-075_C1,5
GATTCCGCGTTTCCGT-1_V12D07-075_C1,16
GATTCCTATACGGCGC-1_V12D07-075_C1,1
GATTCGACGGTTCACG-1_V12D07-075_C1,7
GATTGACACTCTGCTC-1_V12D07-075_C1,7
GATTGGGAAAGGTTGT-1_V12D07-075_C1,3
GCAAACCCTACATTAT-1_V12D07-075_C1,9
GCAAACCTTGGCCATA-1_V12D07-075_C1,5
GCAAACGTCGCCAGGT-1_V12D07-075_C1,4
GCAAATATTACGCTTT-1_V12D07-075_C1,5
GCAAATGAGGACACTT-1_V12D07-075_C1,8
GCAACAGCAGTATGCG-1_V12D07-075_C1,3
GCAACCACCAGACCGG-1_V12D07-075_C1,7
GCAACCACGGCCGCGT-1_V12D07-075_C1,15
GCAACCCAAGTTGTTT-1_V12D07-075_C1,3
GCAACGGCTAGTTATG-1_V12D07-075_C1,4
GCAAGAATTCCTTGGC-1_V12D07-075_C1,8
GCAAGATGTGTTCGCG-1_V12D07-075_C1,4
GCAAGTGCACAGAGAA-1_V12D07-075_C1,5
GCAATTAGTCGCACCG-1_V12D07-075_C1,4
GCACAAACGAGGCGTG-1_V12D07-075_C1,4
GCACAAGTGGATCATA-1_V12D07-075_C1,3
GCACAAGTGTCGGAAG-1_V12D07-075_C1,7
GCACACACTGGTAGCC-1_V12D07-075_C1,5
GCACACGCCCATGGTC-1_V12D07-075_C1,1
GCACCTTCCCGAAGGT-1_V12D07-075_C1,8
GCACGCCTACTTAGAT-1_V12D07-075_C1,8
GCACGTGGTTTACTTA-1_V12D07-075_C1,3
GCACTAGTCGCGCTAT-1_V12D07-075_C1,7
GCACTGCCTACCTTTA-1_V12D07-075_C1,8
GCACTGTGCAAATGTA-1_V12D07-075_C1,13
GCAGAAGGTAATCTCC-1_V12D07-075_C1,7
GCAGACCCAGCACGTA-1_V12D07-075_C1,8
GCAGATCCATAAGACT-1_V12D07-075_C1,13
GCAGATCCTCGCAAAT-1_V12D07-075_C1,2
GCAGATTAGGGATATC-1_V12D07-075_C1,9
GCAGCACACAGCCCAG-1_V12D07-075_C1,5
GCAGCCTATATCACAT-1_V12D07-075_C1,4
GCAGCGGTGGGCATTA-1_V12D07-075_C1,7
GCAGCTATGGACAGGT-1_V12D07-075_C1,4
GCAGCTGTCAACGCAT-1_V12D07-075_C1,8
GCAGGACTATAGAATA-1_V12D07-075_C1,13
GCAGGTAGAGTATGGT-1_V12D07-075_C1,7
GCAGTGCGGGCGGATG-1_V12D07-075_C1,8
GCAGTGTGGCTATAGG-1_V12D07-075_C1,7
GCAGTTCGATCCGAGC-1_V12D07-075_C1,9
GCATACGAGGTCTTTA-1_V12D07-075_C1,8
GCATAGAGCACTCAGG-1_V12D07-075_C1,9
GCATCCCTAACTTTGA-1_V12D07-075_C1,2
GCATGACACAAAGGAA-1_V12D07-075_C1,3
GCATGAGGGACGCGGC-1_V12D07-075_C1,15
GCATGGGTACTGACGC-1_V12D07-075_C1,8
GCATTCAAGGCAACGC-1_V12D07-075_C1,4
GCATTCGAAATGAACA-1_V12D07-075_C1,3
GCATTTCCAAGGCTCC-1_V12D07-075_C1,4
GCCAACCATTTCCGGA-1_V12D07-075_C1,4
GCCAATAGGGCATCTC-1_V12D07-075_C1,16
GCCACAATTTAAGGAC-1_V12D07-075_C1,8
GCCACTCAGAGCGCGA-1_V12D07-075_C1,3
GCCACTCCTTACGGTA-1_V12D07-075_C1,2
GCCAGGAGTAACCGAT-1_V12D07-075_C1,4
GCCAGGCGTTCGCATG-1_V12D07-075_C1,4
GCCAGGCTTAGTGGTA-1_V12D07-075_C1,3
GCCATATTGCACACAG-1_V12D07-075_C1,7
GCCATCGAGCTGCGTG-1_V12D07-075_C1,8
GCCATCGATGCTGCAT-1_V12D07-075_C1,4
GCCCACCAAGGCTGTC-1_V12D07-075_C1,7
GCCCAGATGCTGGAGA-1_V12D07-075_C1,16
GCCCAGTTGGTATGCC-1_V12D07-075_C1,9
GCCCGATCTGTGGTCG-1_V12D07-075_C1,5
GCCCGCGCGTAAACGG-1_V12D07-075_C1,15
GCCCGCGCGTTTGACA-1_V12D07-075_C1,5
GCCCGTAATACCTTCT-1_V12D07-075_C1,4
GCCCTGAGGATGGGCT-1_V12D07-075_C1,3
GCCGAAATTCCTACGT-1_V12D07-075_C1,5
GCCGATTGGCCAAGCT-1_V12D07-075_C1,3
GCCGCACTCCGTTTCA-1_V12D07-075_C1,7
GCCGCATTAGTCCGGC-1_V12D07-075_C1,3
GCCGCTTGTGAGAAAC-1_V12D07-075_C1,5
GCCGGGTTAGGGTCGC-1_V12D07-075_C1,5
GCCGGTCGTATCTCTC-1_V12D07-075_C1,5
GCCGTGGAAGAAATGT-1_V12D07-075_C1,4
GCCTACGTTCTGTGCA-1_V12D07-075_C1,3
GCCTAGCGATCTGACC-1_V12D07-075_C1,3
GCCTATAGTGTCAGGG-1_V12D07-075_C1,15
GCCTATCAGGTAAGAT-1_V12D07-075_C1,8
GCCTATGCTGGGCCTT-1_V12D07-075_C1,16
GCCTATTTGCTACACA-1_V12D07-075_C1,7
GCCTCATCTGGAAATA-1_V12D07-075_C1,3
GCCTCCGACAATTCAC-1_V12D07-075_C1,6
GCCTCTATACATAGCA-1_V12D07-075_C1,3
GCCTGCTACACTGAGA-1_V12D07-075_C1,16
GCCTTCAGCCCTACCG-1_V12D07-075_C1,4
GCCTTGTATATGCAGT-1_V12D07-075_C1,5
GCGAAACGATCGGGAG-1_V12D07-075_C1,3
GCGAAACTTAACTGGA-1_V12D07-075_C1,5
GCGAAGAATCTGACGG-1_V12D07-075_C1,9
GCGAAGCCATACCCGT-1_V12D07-075_C1,9
GCGACATGTAAACATC-1_V12D07-075_C1,1
GCGACGATAGTTGTAC-1_V12D07-075_C1,5
GCGAGAAACGGGAGTT-1_V12D07-075_C1,3
GCGAGAGGCCATGTAA-1_V12D07-075_C1,7
GCGAGAGTTGCGTCCA-1_V12D07-075_C1,16
GCGAGCGCATGCTCCC-1_V12D07-075_C1,4
GCGAGGCCCGAGCAGA-1_V12D07-075_C1,9
GCGAGTTCTGCAAAGA-1_V12D07-075_C1,1
GCGATGTCTGTGCTTG-1_V12D07-075_C1,6
GCGATTGTTAACGTTA-1_V12D07-075_C1,8
GCGCAAGAGCGCGCTG-1_V12D07-075_C1,3
GCGCATCCAGTCAGCA-1_V12D07-075_C1,15
GCGCCGTTCCACGATA-1_V12D07-075_C1,13
GCGCCTCCCACTCCGA-1_V12D07-075_C1,8
GCGCGGTCTAGTAACT-1_V12D07-075_C1,9
GCGCGTCATTGGTACA-1_V12D07-075_C1,6
GCGCTAATTGAATAGA-1_V12D07-075_C1,1
GCGCTATGCCGAGGCA-1_V12D07-075_C1,8
GCGCTCGATCACCTGT-1_V12D07-075_C1,4
GCGCTGATCCAGACTC-1_V12D07-075_C1,4
GCGCTGCTTTGCATTT-1_V12D07-075_C1,8
GCGCTGGCGGAAAGTC-1_V12D07-075_C1,3
GCGCTTAAATAATTGG-1_V12D07-075_C1,12
GCGGACCGCGTTGTGG-1_V12D07-075_C1,15
GCGGAGAGGGAGAACG-1_V12D07-075_C1,3
GCGGCTCTGACGTACC-1_V12D07-075_C1,9
GCGGCTTTAGCAAGTT-1_V12D07-075_C1,3
GCGGGAACCAGGCCCT-1_V12D07-075_C1,7
GCGGGCATTACGATGC-1_V12D07-075_C1,4
GCGGGCGAGCCTTACC-1_V12D07-075_C1,8
GCGGTAACCCAAATGA-1_V12D07-075_C1,1
GCGGTCCCGGTGAAGG-1_V12D07-075_C1,4
GCGGTCCCTAGACGCA-1_V12D07-075_C1,7
GCGGTGAACTGCGCTC-1_V12D07-075_C1,8
GCGGTGCGGAGCATCG-1_V12D07-075_C1,3
GCGGTTCCCTATCATG-1_V12D07-075_C1,8
GCGTAAATGGCCATAA-1_V12D07-075_C1,8
GCGTCGAAATGTCGGT-1_V12D07-075_C1,7
GCGTCGCCAGGGTGAT-1_V12D07-075_C1,9
GCGTCTAACCTCCTAA-1_V12D07-075_C1,4
GCGTCTCTGCATTGGG-1_V12D07-075_C1,5
GCGTGGTACTGGGTTA-1_V12D07-075_C1,15
GCGTTATATTTGGAAC-1_V12D07-075_C1,3
GCGTTCGGAGACCGGG-1_V12D07-075_C1,4
GCGTTCTGACTAAGCG-1_V12D07-075_C1,8
GCTAAACCTGAGGTGA-1_V12D07-075_C1,3
GCTAACTGAAGTCTGA-1_V12D07-075_C1,3
GCTAAGTAAAGGCGAT-1_V12D07-075_C1,3
GCTAAGTAGTTTCTCT-1_V12D07-075_C1,3
GCTAATACCGAATGCC-1_V12D07-075_C1,9
GCTACAATCGAGGATA-1_V12D07-075_C1,3
GCTACAGTACGGACCG-1_V12D07-075_C1,15
GCTACGACTTATTGGG-1_V12D07-075_C1,13
GCTACTATAGTAGAGT-1_V12D07-075_C1,9
GCTAGACCGTCTACTG-1_V12D07-075_C1,8
GCTAGAGTAGAGATGT-1_V12D07-075_C1,9
GCTAGCACCTGGGCCA-1_V12D07-075_C1,4
GCTAGCAGGGAGTGGG-1_V12D07-075_C1,4
GCTAGCTTGAATAGCT-1_V12D07-075_C1,15
GCTAGTAGAGCTTGTA-1_V12D07-075_C1,5
GCTATCATACTCATGG-1_V12D07-075_C1,1
GCTCAACCTCTTAGAG-1_V12D07-075_C1,1
GCTCAATGTAATACCG-1_V12D07-075_C1,1
GCTCATTACTGCATGT-1_V12D07-075_C1,16
GCTCCATGAGTGCAGA-1_V12D07-075_C1,8
GCTCCATGCAAAGCAA-1_V12D07-075_C1,13
GCTCCCAGTCGGTCCA-1_V12D07-075_C1,8
GCTCCGCTCGCTTCAG-1_V12D07-075_C1,4
GCTCGCGGTTCCGCTC-1_V12D07-075_C1,2
GCTCGCTCATGTCCAA-1_V12D07-075_C1,3
GCTCGGAATTTAAAGC-1_V12D07-075_C1,7
GCTCTAAACCCTGACG-1_V12D07-075_C1,13
GCTCTATGTTACGTGC-1_V12D07-075_C1,9
GCTCTCGGGTACCGAA-1_V12D07-075_C1,5
GCTCTTTCCGCTAGTG-1_V12D07-075_C1,5
GCTGAACTCTCCAGGG-1_V12D07-075_C1,16
GCTGAGCAACGGTTCT-1_V12D07-075_C1,3
GCTGAGGCGTGAGTAT-1_V12D07-075_C1,5
GCTGCACGGTTTCTTA-1_V12D07-075_C1,13
GCTGCGCCTCCCACGT-1_V12D07-075_C1,3
GCTGCTAAGTAGTCGA-1_V12D07-075_C1,5
GCTGCTACTGCGTAGC-1_V12D07-075_C1,2
GCTGCTCTCCGGACAC-1_V12D07-075_C1,9
GCTGGACCCAAAGTGG-1_V12D07-075_C1,4
GCTGGCAGGTGCCGTG-1_V12D07-075_C1,3
GCTGGCATATTCACCT-1_V12D07-075_C1,2
GCTGGCGGCGCATGCT-1_V12D07-075_C1,5
GCTGGTGACTCGTAGT-1_V12D07-075_C1,3
GCTGTATTACTGGCCC-1_V12D07-075_C1,15
GCTGTTGCTACCGAAC-1_V12D07-075_C1,6
GCTTAATGTAACTAAC-1_V12D07-075_C1,16
GCTTACGTAGTTAGTA-1_V12D07-075_C1,4
GCTTATGAAGCAGGAA-1_V12D07-075_C1,3
GCTTCAGTGGGATTAC-1_V12D07-075_C1,7
GCTTCCAGCTTAGATT-1_V12D07-075_C1,5
GCTTCCGTCCCTAGAC-1_V12D07-075_C1,5
GCTTGATGATAATCAG-1_V12D07-075_C1,9
GCTTGCAGCACAATTG-1_V12D07-075_C1,4
GCTTGGATCGATTAGG-1_V12D07-075_C1,15
GCTTTACACAACTGGG-1_V12D07-075_C1,8
GCTTTCAGAGGAGGTG-1_V12D07-075_C1,15
GCTTTCTATCTCAACT-1_V12D07-075_C1,4
GGAAACCTTGTTGAAT-1_V12D07-075_C1,16
GGAAACTAAATGGGCC-1_V12D07-075_C1,3
GGAAAGTGCCCATGCC-1_V12D07-075_C1,7
GGAACCCGAACAAGAA-1_V12D07-075_C1,5
GGAACCGTGTAAATTG-1_V12D07-075_C1,8
GGAACGGCCTGCAGCC-1_V12D07-075_C1,3
GGAACTTTGGCGATTA-1_V12D07-075_C1,6
GGAAGCTCGCTTACAG-1_V12D07-075_C1,4
GGAATAACCTCAAGAA-1_V12D07-075_C1,7
GGAATGCGCTAGCGTG-1_V12D07-075_C1,8
GGACAACCATGAAGCC-1_V12D07-075_C1,3
GGACAAGTTGCAGTGA-1_V12D07-075_C1,5
GGACACAAGTTTACAC-1_V12D07-075_C1,8
GGACCAACAGGATAAC-1_V12D07-075_C1,13
GGACCTACGGTAACGT-1_V12D07-075_C1,4
GGACGGCTTGCGCAAC-1_V12D07-075_C1,4
GGACGGGCGACCAACC-1_V12D07-075_C1,6
GGACGTCCATAGTTGG-1_V12D07-075_C1,4
GGACTAAGTCAGGAGT-1_V12D07-075_C1,3
GGACTCACAAATTAGG-1_V12D07-075_C1,4
GGACTCGAAGCTTTCA-1_V12D07-075_C1,3
GGACTCTTCCGGTTGA-1_V12D07-075_C1,8
GGACTCTTTGACTAAG-1_V12D07-075_C1,8
GGAGAAGTCATTGGCA-1_V12D07-075_C1,1
GGAGACCAATGTGCTT-1_V12D07-075_C1,4
GGAGACGACACCTTTG-1_V12D07-075_C1,3
GGAGCAACATTTCAAG-1_V12D07-075_C1,3
GGAGCACCAAGAACTA-1_V12D07-075_C1,7
GGAGCGAGGCCTACTT-1_V12D07-075_C1,3
GGAGGATTGAAAGGAG-1_V12D07-075_C1,12
GGAGGCCGAAGTCGTC-1_V12D07-075_C1,4
GGAGGGCTTGGTTGGC-1_V12D07-075_C1,9
GGAGGGTCAAGTAAGA-1_V12D07-075_C1,3
GGAGTACACATGAGCT-1_V12D07-075_C1,3
GGAGTGCCGCCCTGGA-1_V12D07-075_C1,7
GGAGTTGATTCTGTGT-1_V12D07-075_C1,3
GGATACTCATGAATTG-1_V12D07-075_C1,12
GGATCAAAGGACGAGG-1_V12D07-075_C1,13
GGATCATCCCGTACGC-1_V12D07-075_C1,4
GGATCCGGAATATACT-1_V12D07-075_C1,3
GGATGAAGATCGCTGA-1_V12D07-075_C1,3
GGATGACGCGAGTTTA-1_V12D07-075_C1,5
GGATGTCCTTACCGCA-1_V12D07-075_C1,8
GGATTAAGCTAAGGTC-1_V12D07-075_C1,4
GGATTCCGCTATACCC-1_V12D07-075_C1,16
GGATTGCTGTGACTCC-1_V12D07-075_C1,5
GGATTTCACTTCTATA-1_V12D07-075_C1,8
GGCAAATTACTTTACT-1_V12D07-075_C1,12
GGCAAGCCAGGGATAG-1_V12D07-075_C1,7
GGCAAGCCCATAGTGG-1_V12D07-075_C1,6
GGCAAGGCGAAATAGC-1_V12D07-075_C1,5
GGCAATAGTCAATGAG-1_V12D07-075_C1,6
GGCACTCCACTGGGCA-1_V12D07-075_C1,5
GGCACTGCGGTGGTTT-1_V12D07-075_C1,8
GGCAGAGAGATCGGGA-1_V12D07-075_C1,3
GGCAGCAAACCTATGC-1_V12D07-075_C1,3
GGCAGCGGTAATCCTA-1_V12D07-075_C1,4
GGCATACAGGTAGCGG-1_V12D07-075_C1,5
GGCATATCGGTTCTGC-1_V12D07-075_C1,4
GGCATCAACGAGCACG-1_V12D07-075_C1,7
GGCCACACGAAAGCCT-1_V12D07-075_C1,3
GGCCCAATCTAGAGGG-1_V12D07-075_C1,4
GGCCCAGCTGGTTTGC-1_V12D07-075_C1,3
GGCCCAGTTATCAGCA-1_V12D07-075_C1,4
GGCCCGGAGCATGTCT-1_V12D07-075_C1,4
GGCCCGTATACCATGC-1_V12D07-075_C1,4
GGCCCTCACCCACTTA-1_V12D07-075_C1,8
GGCCGCAGGAACCGCA-1_V12D07-075_C1,6
GGCCGGCGTCTGCTAT-1_V12D07-075_C1,3
GGCCGTTTGGGTTTCA-1_V12D07-075_C1,15
GGCCTGCTTCTCCCGA-1_V12D07-075_C1,3
GGCCTTTGCAACTGGC-1_V12D07-075_C1,3
GGCGAAATCTAACTTG-1_V12D07-075_C1,1
GGCGCAGGACATCTTC-1_V12D07-075_C1,2
GGCGCATGAATTGATG-1_V12D07-075_C1,3
GGCGCGTTCGAGTTTA-1_V12D07-075_C1,5
GGCGCTTCATTCCCTG-1_V12D07-075_C1,3
GGCGGAGTAATATTAG-1_V12D07-075_C1,5
GGCGGGCTCTAAGAGT-1_V12D07-075_C1,16
GGCGGTAGGATCATTG-1_V12D07-075_C1,3
GGCGGTTTGCCGGTGC-1_V12D07-075_C1,3
GGCGTAGGGAAAGCTG-1_V12D07-075_C1,3
GGCGTCCTATCCGCTG-1_V12D07-075_C1,3
GGCTAAAGGGCGGGTC-1_V12D07-075_C1,4
GGCTAATGATTGAAAT-1_V12D07-075_C1,7
GGCTATTAAGTTGTAT-1_V12D07-075_C1,12
GGCTCGCGTTGAGGTA-1_V12D07-075_C1,15
GGCTCGTGCCACCAGC-1_V12D07-075_C1,7
GGCTCTGCTCCAACGC-1_V12D07-075_C1,8
GGCTGAAATAGCAAAG-1_V12D07-075_C1,3
GGCTGAGCATCGTAAG-1_V12D07-075_C1,4
GGCTGGCAGCTTTATG-1_V12D07-075_C1,3
GGCTGGCTAGCTTAAA-1_V12D07-075_C1,13
GGCTTGGCTCTCACCT-1_V12D07-075_C1,9
GGCTTTCAATAAGGGT-1_V12D07-075_C1,9
GGGAAAGAATGCCAAC-1_V12D07-075_C1,8
GGGAACGGGAGGTTAG-1_V12D07-075_C1,5
GGGAAGACGGTCTGTC-1_V12D07-075_C1,3
GGGAATGAGCCCTCAC-1_V12D07-075_C1,16
GGGAATTCTGTCCAGT-1_V12D07-075_C1,3
GGGACCCGTATATCTT-1_V12D07-075_C1,5
GGGACTGCATAGATAG-1_V12D07-075_C1,5
GGGAGAACTCACAGTA-1_V12D07-075_C1,5
GGGAGCGACCGTAGTG-1_V12D07-075_C1,14
GGGAGGATGCCCGAAA-1_V12D07-075_C1,5
GGGAGTAATGGCTGGC-1_V12D07-075_C1,3
GGGAGTTAATGAGGCG-1_V12D07-075_C1,3
GGGATACGGTAATAAT-1_V12D07-075_C1,1
GGGATCCCAATACAAA-1_V12D07-075_C1,16
GGGATGGTCGTAACCG-1_V12D07-075_C1,8
GGGATTTACCGCACCT-1_V12D07-075_C1,9
GGGCACGAATTGGCCG-1_V12D07-075_C1,3
GGGCAGAGCAATCGTT-1_V12D07-075_C1,9
GGGCAGTCAACGCCAA-1_V12D07-075_C1,6
GGGCCCGTCTTAAACA-1_V12D07-075_C1,5
GGGCCCTACGAAAGGG-1_V12D07-075_C1,8
GGGCCCTTATCTATAC-1_V12D07-075_C1,3
GGGCCGGCCGAAGTAC-1_V12D07-075_C1,3
GGGCCTATTTAAGTAT-1_V12D07-075_C1,16
GGGCGAATTTCTCCAC-1_V12D07-075_C1,3
GGGCGATATGTGTGAA-1_V12D07-075_C1,9
GGGCGCAGCGTTACTC-1_V12D07-075_C1,4
GGGCGGCAAATGAATT-1_V12D07-075_C1,8
GGGCGGGTTCCCTACG-1_V12D07-075_C1,8
GGGCGGTCCTATTGTC-1_V12D07-075_C1,7
GGGCGTACATTTATAT-1_V12D07-075_C1,5
GGGCGTCACCACGTAA-1_V12D07-075_C1,3
GGGCGTCCACTGGCTC-1_V12D07-075_C1,7
GGGCGTGGTTTCCCAG-1_V12D07-075_C1,3
GGGCTATGATCGATGG-1_V12D07-075_C1,8
GGGCTCATCGAACCCA-1_V12D07-075_C1,7
GGGCTGCCTAGGGCGA-1_V12D07-075_C1,6
GGGCTGGTTAGTCGCG-1_V12D07-075_C1,5
GGGTACACTCTGGAGG-1_V12D07-075_C1,8
GGGTACCCACGGTCCT-1_V12D07-075_C1,13
GGGTACTTCATGAACT-1_V12D07-075_C1,9
GGGTCACCGTGACGGT-1_V12D07-075_C1,5
GGGTCAGGAGCTAGAT-1_V12D07-075_C1,5
GGGTCATGCGTACCAT-1_V12D07-075_C1,3
GGGTCGTGGCAAGTGT-1_V12D07-075_C1,4
GGGTCTATCGCTTTCC-1_V12D07-075_C1,6
GGGTGACACCTTAACT-1_V12D07-075_C1,3
GGGTGCATATGAAAGC-1_V12D07-075_C1,4
GGGTGTTTCAGCTATG-1_V12D07-075_C1,7
GGGTTAACATTTGAGT-1_V12D07-075_C1,8
GGGTTTAGGATAGGAT-1_V12D07-075_C1,8
GGTAAACTCTGCGCTG-1_V12D07-075_C1,6
GGTAAATGTGCGTTAC-1_V12D07-075_C1,4
GGTAACCGGCAAAGGT-1_V12D07-075_C1,6
GGTAACTATGTATCTG-1_V12D07-075_C1,4
GGTACAAACATGCTAT-1_V12D07-075_C1,5
GGTACACCAGATTTAT-1_V12D07-075_C1,4
GGTACATCTGGGACGA-1_V12D07-075_C1,8
GGTACCATTAAGACGG-1_V12D07-075_C1,8
GGTACGTTGCGGCCGG-1_V12D07-075_C1,3
GGTACTAAGTGCTTTG-1_V12D07-075_C1,16
GGTAGAAGACCGCCTG-1_V12D07-075_C1,9
GGTAGACCGTTGGGCG-1_V12D07-075_C1,8
GGTAGTGCTCGCACCA-1_V12D07-075_C1,1
GGTATAGTGACACATA-1_V12D07-075_C1,4
GGTATGAAAGAACTGA-1_V12D07-075_C1,3
GGTATTGCCGAGTTTA-1_V12D07-075_C1,5
GGTCAAGACTACTTCG-1_V12D07-075_C1,3
GGTCAGTGGGTCCCAC-1_V12D07-075_C1,5
GGTCATTGTAGTCATA-1_V12D07-075_C1,7
GGTCCTTCATACGACT-1_V12D07-075_C1,6
GGTCGGATAAACGGCG-1_V12D07-075_C1,6
GGTCGGCCAGGAGCTT-1_V12D07-075_C1,8
GGTCGGTAATTAGACA-1_V12D07-075_C1,13
GGTCGGTCGTCCACAG-1_V12D07-075_C1,8
GGTCTCCAAGTAGTGC-1_V12D07-075_C1,16
GGTCTCCGTCCAGGTT-1_V12D07-075_C1,3
GGTCTGAGAATCTGGA-1_V12D07-075_C1,8
GGTCTTGAGCGCTCTT-1_V12D07-075_C1,6
GGTCTTGGTGTTAACT-1_V12D07-075_C1,6
GGTGAAACCGGGAATG-1_V12D07-075_C1,7
GGTGAACGGGCTAGCC-1_V12D07-075_C1,7
GGTGAAGTACAGGGAT-1_V12D07-075_C1,15
GGTGACTGATAGAGAG-1_V12D07-075_C1,6
GGTGAGATGCAGATAA-1_V12D07-075_C1,2
GGTGATAAGGAGCAGT-1_V12D07-075_C1,9
GGTGATGAAGGAAGTG-1_V12D07-075_C1,3
GGTGATTTCATCTTGT-1_V12D07-075_C1,13
GGTGCAGAGCCTATCG-1_V12D07-075_C1,4
GGTGCATAAATGATTA-1_V12D07-075_C1,8
GGTGCGGATAAGTGGC-1_V12D07-075_C1,5
GGTGCTGGTACACATT-1_V12D07-075_C1,5
GGTGGACCACGTGTTA-1_V12D07-075_C1,4
GGTGGACTGCTCTGGC-1_V12D07-075_C1,3
GGTGGAGGTTGATACG-1_V12D07-075_C1,4
GGTGTAAATCGATTGT-1_V12D07-075_C1,3
GGTGTAGGTAAGTAAA-1_V12D07-075_C1,8
GGTGTTGGGCGTCTTA-1_V12D07-075_C1,16
GGTTACCACCCTCGGG-1_V12D07-075_C1,15
GGTTACCCGACACTTT-1_V12D07-075_C1,4
GGTTAGCTATATGTCT-1_V12D07-075_C1,6
GGTTAGGCTTGGAGAA-1_V12D07-075_C1,5
GGTTCGGATTATACTA-1_V12D07-075_C1,3
GGTTCTACTCGTCTGA-1_V12D07-075_C1,15
GGTTGTGCTCTTGTCC-1_V12D07-075_C1,3
GGTTGTGTAGCCTGGC-1_V12D07-075_C1,3
GGTTTAATTGAGCAGG-1_V12D07-075_C1,1
GGTTTACAATCTCAAT-1_V12D07-075_C1,1
GGTTTAGCCTTTCTTG-1_V12D07-075_C1,3
GGTTTCAATCGGTCAG-1_V12D07-075_C1,8
GGTTTGACAAGAAGCT-1_V12D07-075_C1,4
GGTTTGAGTGCTGGAA-1_V12D07-075_C1,5
GGTTTGTGACCTGAGG-1_V12D07-075_C1,5
GTAACAACTGACCTTG-1_V12D07-075_C1,4
GTAACATCTAAGATAA-1_V12D07-075_C1,9
GTAACTGCCCAAGGAG-1_V12D07-075_C1,8
GTAACTTGCGGCAGTC-1_V12D07-075_C1,13
GTAAGCGGGCAGTCAG-1_V12D07-075_C1,9
GTAAGGATTTGTCGGA-1_V12D07-075_C1,13
GTAAGTAACAGTCTGG-1_V12D07-075_C1,3
GTAAGTAGGGTATACC-1_V12D07-075_C1,5
GTAAGTCCACACTCTA-1_V12D07-075_C1,4
GTAATAAAGGGCTCCC-1_V12D07-075_C1,4
GTAATCTGATTCTTCG-1_V12D07-075_C1,15
GTACACTTACCTGAAG-1_V12D07-075_C1,3
GTACAGAGGCAAGGGT-1_V12D07-075_C1,3
GTACGACGGCGCTGCG-1_V12D07-075_C1,13
GTACGAGATTGCGACA-1_V12D07-075_C1,7
GTACGCTTCATTGCAC-1_V12D07-075_C1,3
GTACGTCACGTATTAA-1_V12D07-075_C1,4
GTACGTTTGCCCGTCA-1_V12D07-075_C1,3
GTACTAAGATTTGGAG-1_V12D07-075_C1,5
GTACTCCCTTATCGCT-1_V12D07-075_C1,9
GTACTCCTGGGTATGC-1_V12D07-075_C1,4
GTACTGCATGAAGCGT-1_V12D07-075_C1,7
GTACTGGAGTTAGACC-1_V12D07-075_C1,6
GTACTTGGGCACTTCT-1_V12D07-075_C1,3
GTAGAAACGGGTGGAG-1_V12D07-075_C1,2
GTAGACAACCGATGAA-1_V12D07-075_C1,7
GTAGACACGCCTGACT-1_V12D07-075_C1,9
GTAGACGTCGTTACAT-1_V12D07-075_C1,13
GTAGCCAAACATGGGA-1_V12D07-075_C1,5
GTAGCGCTGTTGTAGT-1_V12D07-075_C1,7
GTAGCGGCTATACACT-1_V12D07-075_C1,5
GTAGCTTCCTCTTGTT-1_V12D07-075_C1,15
GTAGGTGATCCGTGTA-1_V12D07-075_C1,16
GTAGTCGCGGGAATCA-1_V12D07-075_C1,5
GTAGTCTACGATATTG-1_V12D07-075_C1,3
GTAGTGAGCAACCTCA-1_V12D07-075_C1,6
GTATAATCTCCCGGAT-1_V12D07-075_C1,3
GTATAGGACTCAGTAG-1_V12D07-075_C1,16
GTATCAAACGTTAGCT-1_V12D07-075_C1,3
GTATCAGCTTGGGTTC-1_V12D07-075_C1,5
GTATCCTTTGGTAACC-1_V12D07-075_C1,3
GTATCTTTCATAACCA-1_V12D07-075_C1,5
GTATGACGTGGGAAAC-1_V12D07-075_C1,13
GTATGTGGGTCTAGTT-1_V12D07-075_C1,3
GTATTAGGGTTCGCGT-1_V12D07-075_C1,4
GTATTCTGAGAAACGA-1_V12D07-075_C1,15
GTATTCTTACCGTGCT-1_V12D07-075_C1,3
GTATTTAATGGCATAA-1_V12D07-075_C1,7
GTCAAAGTTTACATAG-1_V12D07-075_C1,13
GTCAACCAGGCCTATA-1_V12D07-075_C1,9
GTCAAGCGGACTCGGG-1_V12D07-075_C1,5
GTCAATGCTATAATTT-1_V12D07-075_C1,4
GTCAATTGTACTGAAG-1_V12D07-075_C1,7
GTCACAAAGTTTCCAA-1_V12D07-075_C1,7
GTCAGAATAGTCTATG-1_V12D07-075_C1,12
GTCAGACAGCGTTGGA-1_V12D07-075_C1,3
GTCAGTTGTGCTCGTT-1_V12D07-075_C1,13
GTCAGTTTGGTAGTCG-1_V12D07-075_C1,5
GTCATCTCCTACAGCT-1_V12D07-075_C1,3
GTCATGCACCTCCGTT-1_V12D07-075_C1,3
GTCATGCGCGAGGGCT-1_V12D07-075_C1,6
GTCATGGACATGACTA-1_V12D07-075_C1,5
GTCATTAGAGCGAACG-1_V12D07-075_C1,9
GTCATTGCATTGACCC-1_V12D07-075_C1,5
GTCCAATATTTAGCCT-1_V12D07-075_C1,5
GTCCACGTCGCATTCG-1_V12D07-075_C1,3
GTCCATTACTGCTACG-1_V12D07-075_C1,8
GTCCCAACGTAAAGTA-1_V12D07-075_C1,14
GTCCCGCGACGTTATG-1_V12D07-075_C1,5
GTCCGAGAGCAATCAT-1_V12D07-075_C1,3
GTCCGGACCTGAAATT-1_V12D07-075_C1,3
GTCCGGCTGAATTGCG-1_V12D07-075_C1,12
GTCCGGGTTCACATTA-1_V12D07-075_C1,6
GTCCTACAGGCGGCTC-1_V12D07-075_C1,3
GTCCTACGAATAGTCT-1_V12D07-075_C1,9
GTCCTATTGTTGTGGT-1_V12D07-075_C1,1
GTCCTTCTACAACCCA-1_V12D07-075_C1,13
GTCCTTCTAGTGGGTT-1_V12D07-075_C1,4
GTCCTTTAATGACTTC-1_V12D07-075_C1,7
GTCGATAGGTGACTTT-1_V12D07-075_C1,4
GTCGCCGTTGTGTGTT-1_V12D07-075_C1,8
GTCGCGTAACCCGTTG-1_V12D07-075_C1,5
GTCGGAAGGATACCAG-1_V12D07-075_C1,4
GTCGGATATCTCAGAC-1_V12D07-075_C1,5
GTCGGATGTAGCGCGC-1_V12D07-075_C1,16
GTCGGGAACATGGTAG-1_V12D07-075_C1,2
GTCGGGAAGCAGAAAC-1_V12D07-075_C1,5
GTCGTACCATCTCGGG-1_V12D07-075_C1,3
GTCGTACCTACGATTG-1_V12D07-075_C1,1
GTCGTATTGGCGTACA-1_V12D07-075_C1,7
GTCGTCAATTATAAGG-1_V12D07-075_C1,7
GTCGTCTGGTTGGCTA-1_V12D07-075_C1,4
GTCGTGTCTGGTCATC-1_V12D07-075_C1,4
GTCGTTATTCGCTTAT-1_V12D07-075_C1,3
GTCTACTCAATTACAA-1_V12D07-075_C1,3
GTCTAGTGAGCCGCTT-1_V12D07-075_C1,1
GTCTATCTGAGTTTCT-1_V12D07-075_C1,3
GTCTATTGCATGCTCG-1_V12D07-075_C1,3
GTCTCAAGGCCCGGCT-1_V12D07-075_C1,5
GTCTCCGCCTCAATAC-1_V12D07-075_C1,8
GTCTCGACTAAGTTTG-1_V12D07-075_C1,4
GTCTCGATCTGCTTTC-1_V12D07-075_C1,7
GTCTGGGCGGTCGAGA-1_V12D07-075_C1,8
GTCTTAGTACAGCCGG-1_V12D07-075_C1,7
GTCTTCCTCACCTAAG-1_V12D07-075_C1,3
GTCTTGAGGAGCAGTG-1_V12D07-075_C1,7
GTGAAACGGCGCCACC-1_V12D07-075_C1,4
GTGAAACGTGCTCCAC-1_V12D07-075_C1,7
GTGAACTCCCATTCGA-1_V12D07-075_C1,1
GTGAAGATTTCAAGTG-1_V12D07-075_C1,4
GTGAAGCCGTATAGTC-1_V12D07-075_C1,4
GTGACAGCTTCCCACT-1_V12D07-075_C1,9
GTGACCGCACACTACG-1_V12D07-075_C1,6
GTGACCTAAAGAATAA-1_V12D07-075_C1,16
GTGACGAGGGTGACCC-1_V12D07-075_C1,4
GTGACGCAGGTTTCAT-1_V12D07-075_C1,6
GTGACTTCAGTAGTGC-1_V12D07-075_C1,5
GTGAGCGTGCTGCACT-1_V12D07-075_C1,5
GTGAGGACACTTAAGG-1_V12D07-075_C1,5
GTGAGGAGCGGTTGAG-1_V12D07-075_C1,4
GTGAGTCGACTAATAG-1_V12D07-075_C1,8
GTGAGTCTAAGACGGA-1_V12D07-075_C1,2
GTGAGTGGTACAACGC-1_V12D07-075_C1,5
GTGATCACTAACGCCT-1_V12D07-075_C1,6
GTGATCATAGATCTGC-1_V12D07-075_C1,5
GTGATCCTTGTCATGA-1_V12D07-075_C1,3
GTGATGCACAACATCT-1_V12D07-075_C1,4
GTGATTCGCCGCTCAA-1_V12D07-075_C1,15
GTGCAACAAATGTGGC-1_V12D07-075_C1,13
GTGCACCAGCTTCAAC-1_V12D07-075_C1,13
GTGCACGAAAGTGACT-1_V12D07-075_C1,4
GTGCAGCGTAGAGTAG-1_V12D07-075_C1,7
GTGCCATCACACGGTG-1_V12D07-075_C1,8
GTGCCCGTTCGGATTC-1_V12D07-075_C1,3
GTGCCGCTTCAAAGGT-1_V12D07-075_C1,5
GTGCCTAGCTATGCTT-1_V12D07-075_C1,3
GTGCCTCAGTGTACGG-1_V12D07-075_C1,4
GTGCCTGAGACCAAAC-1_V12D07-075_C1,3
GTGCGAAATCGAACAC-1_V12D07-075_C1,8
GTGCGACAGGGAGTGT-1_V12D07-075_C1,8
GTGCGGGACCATCGGC-1_V12D07-075_C1,12
GTGCGGGTCTCCAAAT-1_V12D07-075_C1,16
GTGCGTGTATATGAGC-1_V12D07-075_C1,4
GTGCTCAAGTACTGTC-1_V12D07-075_C1,5
GTGCTGCAGATAAGGA-1_V12D07-075_C1,3
GTGCTTACATCAGCGC-1_V12D07-075_C1,4
GTGGAACCTACATGCG-1_V12D07-075_C1,16
GTGGACCAACCCGATT-1_V12D07-075_C1,15
GTGGACGCATTTGTCC-1_V12D07-075_C1,1
GTGGACGTGCTGAGAC-1_V12D07-075_C1,13
GTGGAGCATGTCGGCC-1_V12D07-075_C1,16
GTGGAGTCGGCGGTTG-1_V12D07-075_C1,15
GTGGCCTAATATCATT-1_V12D07-075_C1,3
GTGGCTGTTTCTGTTC-1_V12D07-075_C1,3
GTGGGCTTAGACACAC-1_V12D07-075_C1,13
GTGGTATAGTCTGCCG-1_V12D07-075_C1,8
GTGGTCAGCGAAGTAT-1_V12D07-075_C1,4
GTGGTGATGGTTTGTG-1_V12D07-075_C1,7
GTGGTGGCCAAGTGAA-1_V12D07-075_C1,9
GTGGTTACTTCTTTCG-1_V12D07-075_C1,4
GTGGTTTCCGCCTTTC-1_V12D07-075_C1,15
GTGTACCTTGGCTACG-1_V12D07-075_C1,1
GTGTACGAACCGTTCC-1_V12D07-075_C1,16
GTGTATATCAGCGGGC-1_V12D07-075_C1,3
GTGTATGACTTTAAAG-1_V12D07-075_C1,12
GTGTCGTATAGCGTTC-1_V12D07-075_C1,5
GTGTCGTATTCACCTT-1_V12D07-075_C1,16
GTGTGAATAACTTAGG-1_V12D07-075_C1,8
GTGTGTCGACGTCGCT-1_V12D07-075_C1,3
GTGTTACTATGCGTCC-1_V12D07-075_C1,5
GTTAACATCACTTAAA-1_V12D07-075_C1,5
GTTAAGGGTGCGATGT-1_V12D07-075_C1,5
GTTAAGTTAGAGTGGG-1_V12D07-075_C1,4
GTTAATGTCTATCTTA-1_V12D07-075_C1,3
GTTACAATTGGTGACG-1_V12D07-075_C1,9
GTTACCAAGGCGTACG-1_V12D07-075_C1,8
GTTACCTACAACTTGC-1_V12D07-075_C1,5
GTTACTTTGGGCCTAG-1_V12D07-075_C1,8
GTTAGCCCATGACATC-1_V12D07-075_C1,3
GTTAGCCGTAAATCAA-1_V12D07-075_C1,4
GTTATAATACGGTGAA-1_V12D07-075_C1,3
GTTATATCAGGAGCCA-1_V12D07-075_C1,4
GTTATATTATCTCCCT-1_V12D07-075_C1,5
GTTATCAAGCTATCGA-1_V12D07-075_C1,3
GTTATCACCTTCTGAA-1_V12D07-075_C1,7
GTTCAAATCAGATGTC-1_V12D07-075_C1,3
GTTCACAGGAGTCTAG-1_V12D07-075_C1,3
GTTCAGTCGCCAAATG-1_V12D07-075_C1,9
GTTCATCGTTTGGCTG-1_V12D07-075_C1,4
GTTCCAGTCTGACCAT-1_V12D07-075_C1,7
GTTCCCGTAAACATAT-1_V12D07-075_C1,6
GTTCGCCATAAGTGCC-1_V12D07-075_C1,5
GTTCGCTGAGACGTCT-1_V12D07-075_C1,3
GTTCGGAGCACTCAAC-1_V12D07-075_C1,6
GTTCGGATCGGGAACA-1_V12D07-075_C1,8
GTTCGGGCGTACCATT-1_V12D07-075_C1,16
GTTCGTCTGGGTCCCT-1_V12D07-075_C1,16
GTTGAACCGGTTCCAT-1_V12D07-075_C1,5
GTTGAGTCCCGCCGGT-1_V12D07-075_C1,17
GTTGCACGGAGTTTCG-1_V12D07-075_C1,5
GTTGCAGTCGACAACA-1_V12D07-075_C1,6
GTTGCGCTAACATTAC-1_V12D07-075_C1,16
GTTGCGGACGGTCAGG-1_V12D07-075_C1,7
GTTGGACCGCATCAGG-1_V12D07-075_C1,4
GTTGGATTCAGTGGCT-1_V12D07-075_C1,4
GTTGGATTGAGAACAC-1_V12D07-075_C1,6
GTTGGATTTGCGTTGG-1_V12D07-075_C1,3
GTTGGTCATGCTATCC-1_V12D07-075_C1,8
GTTGTAGATTTATGAG-1_V12D07-075_C1,3
GTTGTTACATTGCGCT-1_V12D07-075_C1,16
GTTGTTGCAAGATGGC-1_V12D07-075_C1,8
GTTTACGTTCCATCTG-1_V12D07-075_C1,5
GTTTATGGGATTTAGA-1_V12D07-075_C1,9
GTTTCAAACGAGTTGT-1_V12D07-075_C1,3
GTTTCATATCGTCGCT-1_V12D07-075_C1,15
GTTTCCTGGAGGGTGA-1_V12D07-075_C1,7
GTTTCTAGAGGCGCGG-1_V12D07-075_C1,3
GTTTCTGCAGTCTCCC-1_V12D07-075_C1,5
GTTTGACCAAATCCTA-1_V12D07-075_C1,5
GTTTGGCCCAAGTTAT-1_V12D07-075_C1,3
GTTTGGGCTTGTGAGC-1_V12D07-075_C1,5
GTTTGGGTTTCGCCCG-1_V12D07-075_C1,6
GTTTGGTAGGGTCAAC-1_V12D07-075_C1,5
TAAACGTCGTCAATGA-1_V12D07-075_C1,9
TAAAGACAACCCTTTA-1_V12D07-075_C1,7
TAAAGAGCCCGAAACC-1_V12D07-075_C1,7
TAAAGCGGTATTTCCA-1_V12D07-075_C1,5
TAAAGCGTTAGGAGAA-1_V12D07-075_C1,8
TAAAGCTGCAATAGGG-1_V12D07-075_C1,3
TAAATCTTTACACCTC-1_V12D07-075_C1,4
TAAATGAATCCGTTTC-1_V12D07-075_C1,9
TAAATGCCGTCTCATG-1_V12D07-075_C1,4
TAAATGGGCTACTGAG-1_V12D07-075_C1,3
TAACAAAGGGAGAAGC-1_V12D07-075_C1,5
TAACAATATTTGTTGC-1_V12D07-075_C1,1
TAACATACAATGTGGG-1_V12D07-075_C1,13
TAACCGCCCGCAGTGC-1_V12D07-075_C1,7
TAACCTACCGTCCGAG-1_V12D07-075_C1,4
TAACCTAGGGAGTCCA-1_V12D07-075_C1,3
TAACGCTTTGAGAGCG-1_V12D07-075_C1,5
TAACTATCGAAGGTCC-1_V12D07-075_C1,13
TAACTATTACGCCAAA-1_V12D07-075_C1,16
TAACTCATCCGCGCGG-1_V12D07-075_C1,5
TAACTCCATGGAGGCT-1_V12D07-075_C1,2
TAAGCAGGCGACACGC-1_V12D07-075_C1,3
TAAGCCCTTACGACCA-1_V12D07-075_C1,4
TAAGGCAACATAAGAT-1_V12D07-075_C1,5
TAAGGCATAACATCAA-1_V12D07-075_C1,8
TAAGGCCCGTCACCCT-1_V12D07-075_C1,3
TAAGGCTGAATCCCTC-1_V12D07-075_C1,6
TAAGGGCCTGTCCGAT-1_V12D07-075_C1,9
TAAGGGCTGGGAGAGG-1_V12D07-075_C1,2
TAAGTAAATGTGCCGC-1_V12D07-075_C1,9
TAAGTAACATCTTGAC-1_V12D07-075_C1,8
TAAGTCGGTGAGCTAG-1_V12D07-075_C1,17
TAAGTTGCGACGTAGG-1_V12D07-075_C1,3
TAATAAACAAGGAGAT-1_V12D07-075_C1,4
TAATACACAGTAGTAT-1_V12D07-075_C1,7
TAATACTAGAACAGAC-1_V12D07-075_C1,3
TAATAGAACAGAGTTA-1_V12D07-075_C1,15
TAATAGCTAAATGATG-1_V12D07-075_C1,4
TAATAGTGACGACCAG-1_V12D07-075_C1,8
TAATATTGAAATTCGC-1_V12D07-075_C1,13
TAATCAACCAAATGGG-1_V12D07-075_C1,7
TAATCGATCCGTACGT-1_V12D07-075_C1,8
TAATGAAAGACCCTTG-1_V12D07-075_C1,2
TAATTACGTCAGTAGA-1_V12D07-075_C1,14
TAATTAGGACATCCGT-1_V12D07-075_C1,15
TAATTCCAATGCTTCA-1_V12D07-075_C1,6
TAATTGGAATCGGGAA-1_V12D07-075_C1,14
TAATTTCCGTCCAGTA-1_V12D07-075_C1,15
TACAACGCACAACTCA-1_V12D07-075_C1,5
TACAAGGGCTTCTTTA-1_V12D07-075_C1,3
TACACCGTCGTTAGTC-1_V12D07-075_C1,1
TACACCTCTTCGAATC-1_V12D07-075_C1,8
TACATAGGCATACACC-1_V12D07-075_C1,3
TACATCTTGTTTCTTG-1_V12D07-075_C1,3
TACATGACCTTATCCG-1_V12D07-075_C1,3
TACATGCCGGAATTGT-1_V12D07-075_C1,16
TACATTTCTAACGTGC-1_V12D07-075_C1,3
TACCAAATAGCCCAGA-1_V12D07-075_C1,3
TACCAATAAAGTACCA-1_V12D07-075_C1,3
TACCAGAAGTAGGTTC-1_V12D07-075_C1,5
TACCAGCTAGGTTTAA-1_V12D07-075_C1,13
TACCATGTATTGATTT-1_V12D07-075_C1,7
TACCCTCGGTAACCCT-1_V12D07-075_C1,6
TACCGAATAATTGTAA-1_V12D07-075_C1,3
TACCGCGGACTTGCAG-1_V12D07-075_C1,15
TACCGGCTCACTGCCC-1_V12D07-075_C1,5
TACCGGTCGTTTCCAT-1_V12D07-075_C1,15
TACCGTAGGTTAACTA-1_V12D07-075_C1,1
TACCGTGCCTCGGACC-1_V12D07-075_C1,5
TACCTACTCCCAGTAT-1_V12D07-075_C1,9
TACCTATCCCTAGAGG-1_V12D07-075_C1,8
TACCTCACGCTTGTAC-1_V12D07-075_C1,7
TACCTCAGTTGTCTGT-1_V12D07-075_C1,5
TACCTCTTTACCATCC-1_V12D07-075_C1,8
TACCTGCTGCACTGTG-1_V12D07-075_C1,13
TACGAACACGACTTCA-1_V12D07-075_C1,5
TACGACGCTTGCTGCG-1_V12D07-075_C1,5
TACGACTGCCTCTTAG-1_V12D07-075_C1,3
TACGAGAACTTCACGT-1_V12D07-075_C1,13
TACGATGTTGATCATC-1_V12D07-075_C1,9
TACGCAGTTCTTTCCT-1_V12D07-075_C1,3
TACGCCATATTCTAAT-1_V12D07-075_C1,9
TACGCCGCCTCAGAAG-1_V12D07-075_C1,7
TACGCCTCCATTCCGA-1_V12D07-075_C1,5
TACGCTATAGAAACCT-1_V12D07-075_C1,4
TACGCTCGGTATTGGA-1_V12D07-075_C1,3
TACGGAAGCCAAACCA-1_V12D07-075_C1,6
TACGGCATGGACGCTA-1_V12D07-075_C1,3
TACGGGATGCTAGCAG-1_V12D07-075_C1,4
TACGTAAAGCGGAGTG-1_V12D07-075_C1,6
TACGTGCAAGGTTCCT-1_V12D07-075_C1,4
TACGTGCACTATGCTG-1_V12D07-075_C1,9
TACGTGGGCCCAGGGC-1_V12D07-075_C1,3
TACGTTTACCGGCAAT-1_V12D07-075_C1,8
TACTACGTGCAATGCG-1_V12D07-075_C1,8
TACTATGGTTCCTCAG-1_V12D07-075_C1,8
TACTCTCCGAACAAAT-1_V12D07-075_C1,7
TACTCTTACTTTACTG-1_V12D07-075_C1,8
TACTCTTTCGTCTTCA-1_V12D07-075_C1,8
TACTGAACAGATTTAG-1_V12D07-075_C1,15
TACTGCAATCAATTAC-1_V12D07-075_C1,16
TACTGGACAGCTCGGC-1_V12D07-075_C1,1
TACTGTTTCTCTGGTA-1_V12D07-075_C1,4
TACTTAAACATGTACA-1_V12D07-075_C1,3
TACTTGTTAGTAGTCC-1_V12D07-075_C1,12
TACTTTACTGAGCCGG-1_V12D07-075_C1,15
TAGAAACACAATAGTG-1_V12D07-075_C1,3
TAGAAACCACTAAGTA-1_V12D07-075_C1,7
TAGAAAGGTGGCGCTA-1_V12D07-075_C1,3
TAGAAATTCACGTATA-1_V12D07-075_C1,3
TAGAAGAAGGGTTACA-1_V12D07-075_C1,6
TAGAATAGCCGATGAA-1_V12D07-075_C1,3
TAGACGAAACGCCAAT-1_V12D07-075_C1,2
TAGACGCCCGTACCGG-1_V12D07-075_C1,15
TAGACTACCTAGCGTT-1_V12D07-075_C1,8
TAGAGCTACGAAGAAC-1_V12D07-075_C1,13
TAGAGGTTCTACTTGT-1_V12D07-075_C1,3
TAGAGTCTAAGCGAAC-1_V12D07-075_C1,13
TAGATATGGACTGGAA-1_V12D07-075_C1,8
TAGATCCGAAGTCGCA-1_V12D07-075_C1,2
TAGATGGTTCCTTACT-1_V12D07-075_C1,6
TAGATTCCTGGTTATT-1_V12D07-075_C1,1
TAGCAACCTGTCACAA-1_V12D07-075_C1,9
TAGCAGTATGACTAAA-1_V12D07-075_C1,6
TAGCCAGAGGGTCCGG-1_V12D07-075_C1,6
TAGCCATTTCAAAGTC-1_V12D07-075_C1,5
TAGCCGGCGGTCAGCG-1_V12D07-075_C1,3
TAGCGTCCCTCGATTG-1_V12D07-075_C1,8
TAGCGTCCGGTGTGGT-1_V12D07-075_C1,9
TAGCGTCGAATATTGA-1_V12D07-075_C1,3
TAGCGTTGGGTCTTAC-1_V12D07-075_C1,5
TAGCTAAGTCCGGGAG-1_V12D07-075_C1,9
TAGCTAGAAGGCATGA-1_V12D07-075_C1,5
TAGCTAGTGATGATGG-1_V12D07-075_C1,8
TAGCTCAGATCCTAGT-1_V12D07-075_C1,7
TAGCTCGCCTGATAAC-1_V12D07-075_C1,3
TAGGAACAGCCTCCAG-1_V12D07-075_C1,4
TAGGCATGTTACGCCA-1_V12D07-075_C1,4
TAGGCCTATATAGTCT-1_V12D07-075_C1,3
TAGGCTAAAGTGGCAC-1_V12D07-075_C1,3
TAGGGAGCTTGGGATG-1_V12D07-075_C1,8
TAGGGTGTTTCAAGAG-1_V12D07-075_C1,7
TAGGTCGCCGGAACTG-1_V12D07-075_C1,15
TAGGTGACGATAACCT-1_V12D07-075_C1,3
TAGGTGAGCCCTACTC-1_V12D07-075_C1,3
TAGGTGCTCGCCTAGC-1_V12D07-075_C1,3
TAGGTGTTCCACAGAT-1_V12D07-075_C1,9
TAGGTTCGAGTTCGTC-1_V12D07-075_C1,5
TAGTAGCTTATACCAG-1_V12D07-075_C1,15
TAGTCCCGGAGACCAC-1_V12D07-075_C1,3
TAGTCCGCAGAGAATG-1_V12D07-075_C1,9
TAGTCCGTATGCATAA-1_V12D07-075_C1,3
TAGTCGATCACGGGTT-1_V12D07-075_C1,3
TAGTCGGGATTCTTCG-1_V12D07-075_C1,6
TAGTCTAACAACGAGA-1_V12D07-075_C1,8
TAGTCTGTGACGTTGC-1_V12D07-075_C1,16
TAGTCTTTCCGAATTG-1_V12D07-075_C1,7
TAGTGCCCTCCAGAGT-1_V12D07-075_C1,3
TAGTGCTTGAATCCTT-1_V12D07-075_C1,3
TAGTGTCAGAAACGGC-1_V12D07-075_C1,9
TAGTTAAGATAGGATA-1_V12D07-075_C1,4
TAGTTTATTCTTGCTT-1_V12D07-075_C1,7
TATAAATCCACAAGCT-1_V12D07-075_C1,12
TATAAGTGAGGATAGC-1_V12D07-075_C1,13
TATACACAGACGCCTT-1_V12D07-075_C1,5
TATACACGCAAAGTAT-1_V12D07-075_C1,2
TATACCGAGTGCCACA-1_V12D07-075_C1,7
TATACGCGTCATCACT-1_V12D07-075_C1,9
TATAGAGTCGCTTGAA-1_V12D07-075_C1,2
TATAGATGGTCGCAGT-1_V12D07-075_C1,6
TATAGGGTACTCATGA-1_V12D07-075_C1,8
TATATCATTGATCAGT-1_V12D07-075_C1,3
TATATCCCTGGGAGGA-1_V12D07-075_C1,8
TATATGCTGGGTTGCC-1_V12D07-075_C1,13
TATATTACAAATGTCG-1_V12D07-075_C1,16
TATATTCGCGTCGATA-1_V12D07-075_C1,13
TATCAAAGGTCTGTAA-1_V12D07-075_C1,3
TATCACCATGTAAAGT-1_V12D07-075_C1,7
TATCACCCAACCGACC-1_V12D07-075_C1,4
TATCACTTCGAGTAAC-1_V12D07-075_C1,1
TATCCATATCATGCGA-1_V12D07-075_C1,7
TATCCGCACCGTCGGG-1_V12D07-075_C1,5
TATCCTATCAACTGGT-1_V12D07-075_C1,3
TATCCTGCATGGGAAT-1_V12D07-075_C1,1
TATCGATCTATGCATA-1_V12D07-075_C1,16
TATCGATGATTAAACG-1_V12D07-075_C1,5
TATCTACAGAGGTAAT-1_V12D07-075_C1,2
TATCTACCACAGCGGG-1_V12D07-075_C1,3
TATCTAGCCTAAAGGA-1_V12D07-075_C1,2
TATGAAGAATTAAGGT-1_V12D07-075_C1,6
TATGAAGACAGGTGCG-1_V12D07-075_C1,13
TATGATAAATCTAACG-1_V12D07-075_C1,7
TATGATCCGGCACGCC-1_V12D07-075_C1,4
TATGATTCTGCTTGGT-1_V12D07-075_C1,7
TATGCTCCCTACTTAC-1_V12D07-075_C1,13
TATGGAGTTTCTCGTT-1_V12D07-075_C1,7
TATGGATGTGCTACGC-1_V12D07-075_C1,9
TATGGCTAGGCTAATT-1_V12D07-075_C1,4
TATGGGACCGAGCAGG-1_V12D07-075_C1,3
TATGGGTACGTATCGT-1_V12D07-075_C1,5
TATGGTCTGAGTAACA-1_V12D07-075_C1,5
TATGGTTAGTGGGAGA-1_V12D07-075_C1,8
TATGTCAAGACCGACT-1_V12D07-075_C1,4
TATGTCTCATTGTGCC-1_V12D07-075_C1,8
TATTAACCTGACCGCG-1_V12D07-075_C1,8
TATTACCATCCTGCTT-1_V12D07-075_C1,3
TATTCAATTCTAATCC-1_V12D07-075_C1,3
TATTCCACTCAGCTCG-1_V12D07-075_C1,9
TATTCCGGCAGTCCTA-1_V12D07-075_C1,13
TATTCCTCCGCCCACT-1_V12D07-075_C1,15
TATTCGTGCCAGAATA-1_V12D07-075_C1,5
TATTGACATTTCTGCC-1_V12D07-075_C1,4
TATTGCCGGGCTTGTA-1_V12D07-075_C1,3
TATTTAGTCTAGATCG-1_V12D07-075_C1,7
TATTTATACCGAGTAG-1_V12D07-075_C1,7
TATTTGTTACCCTTTA-1_V12D07-075_C1,5
TCAAACAACCGCGTCG-1_V12D07-075_C1,5
TCAAACTTAGATTGTT-1_V12D07-075_C1,5
TCAAATTGTTGTGCCG-1_V12D07-075_C1,3
TCAAATTTGAGACTCA-1_V12D07-075_C1,5
TCAACACATTGGGTAA-1_V12D07-075_C1,7
TCAACATAGCGCCCTA-1_V12D07-075_C1,15
TCAACCATGTTCGGGC-1_V12D07-075_C1,4
TCAACGAGGAGACAAA-1_V12D07-075_C1,5
TCAACGCGACCGGCAG-1_V12D07-075_C1,8
TCAACTAACGTATAAC-1_V12D07-075_C1,2
TCAACTGCAGAGTCAG-1_V12D07-075_C1,3
TCAAGAAATACTAGCT-1_V12D07-075_C1,4
TCAAGCGCGGACGGTA-1_V12D07-075_C1,3
TCAAGGTTACTACACC-1_V12D07-075_C1,3
TCAATACAATTGCTGC-1_V12D07-075_C1,3
TCAATACGCCGTCATG-1_V12D07-075_C1,5
TCAATATACAGGAGGC-1_V12D07-075_C1,8
TCAATCCCGCGCCAAA-1_V12D07-075_C1,8
TCACAAACCGAGGTAC-1_V12D07-075_C1,9
TCACAGATCCTCAAAC-1_V12D07-075_C1,9
TCACAGCAAACTCGAA-1_V12D07-075_C1,8
TCACAGGAGAATAAGA-1_V12D07-075_C1,8
TCACAGGGAATCGCAA-1_V12D07-075_C1,5
TCACAGGTTATTGGGC-1_V12D07-075_C1,9
TCACATCTTATCTGAT-1_V12D07-075_C1,2
TCACCCTCTTAAGATT-1_V12D07-075_C1,5
TCACCGCTCGGCACTC-1_V12D07-075_C1,15
TCACGCATTGTAGATC-1_V12D07-075_C1,9
TCACGGTCATCGCACA-1_V12D07-075_C1,5
TCACGTGCCCGATTCA-1_V12D07-075_C1,3
TCACTACGACCAATGC-1_V12D07-075_C1,4
TCACTATCCCTTCGGT-1_V12D07-075_C1,8
TCACTCGTGCAACGGC-1_V12D07-075_C1,8
TCACTCTTCGTCTGTC-1_V12D07-075_C1,3
TCAGAACCTCCACAGG-1_V12D07-075_C1,4
TCAGACGCTATAGAAG-1_V12D07-075_C1,5
TCAGAGTGTGAGCATG-1_V12D07-075_C1,8
TCAGCAAATGCATCTC-1_V12D07-075_C1,3
TCAGCCAATCCGTAAA-1_V12D07-075_C1,3
TCAGGGCGACTTCCTT-1_V12D07-075_C1,5
TCAGGGTGCACGAAAC-1_V12D07-075_C1,4
TCAGGGTGTAACGTAA-1_V12D07-075_C1,6
TCAGGTTCTTTGAGAA-1_V12D07-075_C1,5
TCAGTACTGACCCGCG-1_V12D07-075_C1,6
TCAGTAGGGACTATAA-1_V12D07-075_C1,8
TCATAAGTCCAAGAAG-1_V12D07-075_C1,6
TCATACTTACAGATCC-1_V12D07-075_C1,13
TCATATGAGCTTTGTT-1_V12D07-075_C1,3
TCATCCCAGAGGGTGG-1_V12D07-075_C1,7
TCATCCTCAGCTGCTT-1_V12D07-075_C1,3
TCATCGACGACCGTCG-1_V12D07-075_C1,3
TCATGCAGGTTCTCAT-1_V12D07-075_C1,4
TCATTCGTATAATTTG-1_V12D07-075_C1,4
TCATTTAAGTCTCCGA-1_V12D07-075_C1,8
TCATTTAGAAGTGTGA-1_V12D07-075_C1,3
TCCAACTCAGCTATCT-1_V12D07-075_C1,12
TCCAACTTTAAATTCT-1_V12D07-075_C1,3
TCCAATAAAGGCTACC-1_V12D07-075_C1,5
TCCACAATGGTTTACG-1_V12D07-075_C1,13
TCCACATCGTATATTG-1_V12D07-075_C1,3
TCCACCAAGACATAGG-1_V12D07-075_C1,8
TCCACCTCTAGCCTTT-1_V12D07-075_C1,5
TCCACTTTATCTAGGT-1_V12D07-075_C1,9
TCCAGAGCACCGGTTC-1_V12D07-075_C1,5
TCCAGATGTACGCCAA-1_V12D07-075_C1,4
TCCAGCGCTATAAGCG-1_V12D07-075_C1,8
TCCAGGCGAGTACGGT-1_V12D07-075_C1,5
TCCAGGGTATATACGA-1_V12D07-075_C1,5
TCCATTAGTTGGATAG-1_V12D07-075_C1,7
TCCATTGTGACCTCGT-1_V12D07-075_C1,7
TCCCAAACAGACAACG-1_V12D07-075_C1,7
TCCCAAAGACGAAGGA-1_V12D07-075_C1,5
TCCCAAAGCCCTAAAT-1_V12D07-075_C1,4
TCCCACTCTCTTCCGG-1_V12D07-075_C1,16
TCCCAGCACACGACAT-1_V12D07-075_C1,8
TCCCAGCTTTAGTCTG-1_V12D07-075_C1,5
TCCCAGGCTTAGCTAA-1_V12D07-075_C1,5
TCCCGCCTATGTGCGT-1_V12D07-075_C1,4
TCCCGCGTACTCCTGG-1_V12D07-075_C1,9
TCCCGGGTGTGCTGCT-1_V12D07-075_C1,3
TCCCGGTCAGGAATTT-1_V12D07-075_C1,2
TCCCGTCAGTCCCGCA-1_V12D07-075_C1,7
TCCCGTCGCGTCATAG-1_V12D07-075_C1,7
TCCCGTGTGCAATTTG-1_V12D07-075_C1,3
TCCCTAGATCAATAGG-1_V12D07-075_C1,7
TCCCTCTTCTCAAGGG-1_V12D07-075_C1,3
TCCCTGGCTCGCTGGA-1_V12D07-075_C1,2
TCCCTTAGATTACTCG-1_V12D07-075_C1,7
TCCCTTGTCTGAAACT-1_V12D07-075_C1,3
TCCGAACGTTGCCGCT-1_V12D07-075_C1,7
TCCGAAGTAGTCACCA-1_V12D07-075_C1,4
TCCGAATGGTCCTGAG-1_V12D07-075_C1,4
TCCGAGAAGGCTAAGC-1_V12D07-075_C1,12
TCCGATGACTGAGCTC-1_V12D07-075_C1,4
TCCGATGGTGCGACAT-1_V12D07-075_C1,5
TCCGATTACATTGCCG-1_V12D07-075_C1,5
TCCGCAGCCACCTAGC-1_V12D07-075_C1,6
TCCGCCTGTCTACAAG-1_V12D07-075_C1,5
TCCGCGGCAGCATCTG-1_V12D07-075_C1,6
TCCGCGGCCCAATGAA-1_V12D07-075_C1,3
TCCGCTGTCATCCCGG-1_V12D07-075_C1,3
TCCGCTTATCCCATTA-1_V12D07-075_C1,9
TCCGGAGGAAGGGCTG-1_V12D07-075_C1,4
TCCGGCCTAGCGTACA-1_V12D07-075_C1,8
TCCGGCTGTCGGGTCG-1_V12D07-075_C1,8
TCCGGGCTTGACGGGA-1_V12D07-075_C1,9
TCCGGTTCGTCCGGTC-1_V12D07-075_C1,13
TCCGTTAAGCTAATAT-1_V12D07-075_C1,3
TCCGTTTAGCCTTGAA-1_V12D07-075_C1,15
TCCTAAAGATTCAGAC-1_V12D07-075_C1,3
TCCTAAATTGGGAAGC-1_V12D07-075_C1,5
TCCTAACCGTCGGGCA-1_V12D07-075_C1,8
TCCTACATCCACGGCC-1_V12D07-075_C1,3
TCCTAGCAAAGAAGCT-1_V12D07-075_C1,8
TCCTATCATAGGTAAC-1_V12D07-075_C1,4
TCCTCGGGCTGGGCTT-1_V12D07-075_C1,9
TCCTCTACGAGATGGC-1_V12D07-075_C1,9
TCCTCTGGCCCATTAG-1_V12D07-075_C1,4
TCCTGCCAACTGGAGA-1_V12D07-075_C1,7
TCCTGCGTTGATACTC-1_V12D07-075_C1,5
TCCTGGCGCTGCCTGG-1_V12D07-075_C1,7
TCCTTACGACGGTCCG-1_V12D07-075_C1,5
TCCTTCAATCCCTACG-1_V12D07-075_C1,15
TCCTTCAGTGGTCGAA-1_V12D07-075_C1,7
TCCTTGTCCTTTAATT-1_V12D07-075_C1,3
TCCTTTAAATCCGCTT-1_V12D07-075_C1,3
TCCTTTCTTACGCTTA-1_V12D07-075_C1,3
TCGAAATTTAGGACCA-1_V12D07-075_C1,5
TCGAAGAACCGAGCAC-1_V12D07-075_C1,3
TCGAGACCAACACCGT-1_V12D07-075_C1,9
TCGAGGGCAACAGACG-1_V12D07-075_C1,3
TCGATAGGCTAGTCGC-1_V12D07-075_C1,7
TCGCAAAGATGCATTT-1_V12D07-075_C1,5
TCGCACCAGGAGGCAG-1_V12D07-075_C1,5
TCGCACTAACGTTTGT-1_V12D07-075_C1,3
TCGCATAAAGGGCGCA-1_V12D07-075_C1,3
TCGCATCCCTAAGTGT-1_V12D07-075_C1,7
TCGCATTCAATGACTT-1_V12D07-075_C1,13
TCGCCCAACTGACTCC-1_V12D07-075_C1,16
TCGCCCACTGCGAGAG-1_V12D07-075_C1,3
TCGCCGAAGTTGCGTC-1_V12D07-075_C1,15
TCGCCGACATATTCGC-1_V12D07-075_C1,3
TCGCCGGATGGGCAAG-1_V12D07-075_C1,3
TCGCCGGTCGATCCGT-1_V12D07-075_C1,16
TCGCTAAACCGCTATC-1_V12D07-075_C1,16
TCGCTACTGGCTTTGA-1_V12D07-075_C1,5
TCGCTCGATATATTCC-1_V12D07-075_C1,5
TCGCTCGGCACCAGCG-1_V12D07-075_C1,4
TCGCTGCCAATGCTGT-1_V12D07-075_C1,3
TCGCTGGGCGGATTGT-1_V12D07-075_C1,9
TCGCTGTGCGTAAATC-1_V12D07-075_C1,3
TCGCTTAATTACGAAG-1_V12D07-075_C1,16
TCGCTTTAAACGTTTG-1_V12D07-075_C1,4
TCGGAATGCGCTCTGA-1_V12D07-075_C1,10
TCGGACGCCCAGCCCA-1_V12D07-075_C1,6
TCGGAGTACATGAGTA-1_V12D07-075_C1,3
TCGGCAGGGTTAAGGG-1_V12D07-075_C1,8
TCGGCGAACCCAAACC-1_V12D07-075_C1,6
TCGGCTTGTATCGACG-1_V12D07-075_C1,9
TCGGGAACGTGCCTAG-1_V12D07-075_C1,16
TCGGGAGACAGCGTAC-1_V12D07-075_C1,5
TCGGGATTCAAACATA-1_V12D07-075_C1,15
TCGGGCCGTCGTGGTA-1_V12D07-075_C1,1
TCGGGTGAAACTGCTA-1_V12D07-075_C1,7
TCGGTCCCTGACTCCA-1_V12D07-075_C1,4
TCGGTGACCGCTCCGG-1_V12D07-075_C1,4
TCGGTTAGCCATGTAG-1_V12D07-075_C1,4
TCGTAACTCCCAAGAC-1_V12D07-075_C1,6
TCGTAAGACGACATTG-1_V12D07-075_C1,9
TCGTAAGCTCCGAGGA-1_V12D07-075_C1,4
TCGTACCGACGTCAAG-1_V12D07-075_C1,9
TCGTATAGTGCAATTA-1_V12D07-075_C1,13
TCGTATTACCCATTGC-1_V12D07-075_C1,3
TCGTCACACTGTTAGC-1_V12D07-075_C1,3
TCGTCCGCTGGCGTCT-1_V12D07-075_C1,13
TCGTCCGGGTACACTC-1_V12D07-075_C1,4
TCGTCTTAGGCGTTAA-1_V12D07-075_C1,13
TCGTGTTCGACCACAA-1_V12D07-075_C1,3
TCGTTAGGAGTCCCTA-1_V12D07-075_C1,5
TCGTTCGTTATTATGT-1_V12D07-075_C1,7
TCGTTGACAGGGTCCC-1_V12D07-075_C1,6
TCGTTGCTATCCGGTC-1_V12D07-075_C1,15
TCGTTGGCTCGTCAAT-1_V12D07-075_C1,13
TCGTTTACGCGACCCT-1_V12D07-075_C1,3
TCTAACTGTATGTAAA-1_V12D07-075_C1,3
TCTACACGTTCATGCA-1_V12D07-075_C1,4
TCTACCCAATAGAGAG-1_V12D07-075_C1,3
TCTACCGTCCACAAGC-1_V12D07-075_C1,5
TCTAGCAATCTCCGCC-1_V12D07-075_C1,8
TCTAGCATCTTCGATG-1_V12D07-075_C1,5
TCTAGCATGCCCAGAA-1_V12D07-075_C1,5
TCTAGGTGGCGACGCT-1_V12D07-075_C1,8
TCTAGTGATATCGTGG-1_V12D07-075_C1,3
TCTAGTTATCAGAAGA-1_V12D07-075_C1,3
TCTATAGGTGGGTAAT-1_V12D07-075_C1,3
TCTATCATGCAGTTAC-1_V12D07-075_C1,3
TCTATCGGTCGCAACA-1_V12D07-075_C1,9
TCTATGCTATAACGAC-1_V12D07-075_C1,3
TCTATTACGCTGGCGA-1_V12D07-075_C1,3
TCTCAAATCAATCGGG-1_V12D07-075_C1,8
TCTCATGAGATAGGGT-1_V12D07-075_C1,14
TCTCCAACGTAGGTTA-1_V12D07-075_C1,7
TCTCCACAAGTTGAAT-1_V12D07-075_C1,5
TCTCCCTGGGCAGCGT-1_V12D07-075_C1,9
TCTCGAACGAGGTCAC-1_V12D07-075_C1,4
TCTCGAGGAGGTTCGC-1_V12D07-075_C1,5
TCTCGGCTCCAGGACT-1_V12D07-075_C1,2
TCTCTAATAGCTGGTA-1_V12D07-075_C1,16
TCTCTCGCCGCACATA-1_V12D07-075_C1,3
TCTGAACCGGTCGGCT-1_V12D07-075_C1,13
TCTGAACTCGTACCCG-1_V12D07-075_C1,3
TCTGAAGCACGTGGTC-1_V12D07-075_C1,6
TCTGAATTCCGTACAA-1_V12D07-075_C1,15
TCTGACGGGCTAACCC-1_V12D07-075_C1,4
TCTGACTGTAATGGTT-1_V12D07-075_C1,3
TCTGAGCAATTGACTG-1_V12D07-075_C1,3
TCTGATCGGGTGCTAG-1_V12D07-075_C1,16
TCTGATGTATTCTGTC-1_V12D07-075_C1,5
TCTGATTGGAAATGGA-1_V12D07-075_C1,4
TCTGCAGATTCGAGTC-1_V12D07-075_C1,13
TCTGCATACCTTGCTT-1_V12D07-075_C1,3
TCTGCCAGAAACTGCA-1_V12D07-075_C1,5
TCTGCGTCCGGTTTCT-1_V12D07-075_C1,2
TCTGCTTAGAACAAGC-1_V12D07-075_C1,7
TCTGGAGCGTAAGAGT-1_V12D07-075_C1,4
TCTGGCCGTTCAAGTT-1_V12D07-075_C1,4
TCTGGCGCAAGCCGGG-1_V12D07-075_C1,3
TCTGGGAACCTTTGAA-1_V12D07-075_C1,2
TCTGGGTAGCGCTCAT-1_V12D07-075_C1,5
TCTGTCATACAAGAGC-1_V12D07-075_C1,5
TCTGTGATGGAGGTTG-1_V12D07-075_C1,16
TCTGTGCCATCATAGT-1_V12D07-075_C1,3
TCTGTTACCCAGCATA-1_V12D07-075_C1,15
TCTTAACTCGGATGTA-1_V12D07-075_C1,3
TCTTACAGAGGTACCG-1_V12D07-075_C1,7
TCTTACCGGAACTCGT-1_V12D07-075_C1,7
TCTTACGGCATCCGAC-1_V12D07-075_C1,13
TCTTACTTATGCCTCT-1_V12D07-075_C1,3
TCTTAGAGCTCCAATT-1_V12D07-075_C1,1
TCTTAGAGTGAACTCT-1_V12D07-075_C1,3
TCTTCCCATGGGCACA-1_V12D07-075_C1,15
TCTTCGAATAGACGTT-1_V12D07-075_C1,5
TCTTCGATACCAATAA-1_V12D07-075_C1,9
TCTTCGCGGTGAGAGG-1_V12D07-075_C1,3
TCTTCTATAACCCGCC-1_V12D07-075_C1,8
TCTTGATGCGTAGCGA-1_V12D07-075_C1,3
TCTTGCTCCCGATACT-1_V12D07-075_C1,3
TCTTGGTAACACCAAA-1_V12D07-075_C1,5
TCTTTAAGACTATGAA-1_V12D07-075_C1,15
TCTTTAGAGTCTAACA-1_V12D07-075_C1,8
TCTTTAGCAGGCGAAC-1_V12D07-075_C1,7
TCTTTCCTTCGAGATA-1_V12D07-075_C1,3
TGAAACTTATGCAAGC-1_V12D07-075_C1,13
TGAAAGGACCTGACTC-1_V12D07-075_C1,3
TGAACTGCTATGACTT-1_V12D07-075_C1,8
TGAAGAGCGGTCCTAG-1_V12D07-075_C1,5
TGAAGTAGCTTACGGA-1_V12D07-075_C1,3
TGAATACCGACGCGTA-1_V12D07-075_C1,3
TGAATATGCTATAAAC-1_V12D07-075_C1,4
TGAATGAGTGTTTCCC-1_V12D07-075_C1,5
TGAATGTCAGCCGGCC-1_V12D07-075_C1,15
TGACAACGCATGTCGC-1_V12D07-075_C1,7
TGACACTTCTCTTTGC-1_V12D07-075_C1,16
TGACATATATGACGAT-1_V12D07-075_C1,6
TGACATCGAGCGGACC-1_V12D07-075_C1,8
TGACATGTAACGTGAC-1_V12D07-075_C1,3
TGACCAAATCTTAAAC-1_V12D07-075_C1,6
TGACCAGCTTCAAAGT-1_V12D07-075_C1,7
TGACCCACGTTAGACA-1_V12D07-075_C1,5
TGACGATGCACTAGAA-1_V12D07-075_C1,8
TGACTATAATCCTTTC-1_V12D07-075_C1,3
TGACTCTAACTGGTAA-1_V12D07-075_C1,6
TGAGAATGCTTTACCG-1_V12D07-075_C1,16
TGAGACGTACCTCTCA-1_V12D07-075_C1,3
TGAGAGATTTACCACG-1_V12D07-075_C1,3
TGAGATCAAATACTCA-1_V12D07-075_C1,13
TGAGATTAGGCCCTAA-1_V12D07-075_C1,7
TGAGCAGTCGTGAAGT-1_V12D07-075_C1,11
TGAGCCATACAGTCTC-1_V12D07-075_C1,8
TGAGCGGAAAGTGTTC-1_V12D07-075_C1,5
TGAGCTCAACTGTATA-1_V12D07-075_C1,8
TGAGCTTTAATGACGC-1_V12D07-075_C1,16
TGAGGAGTGCCAGCTT-1_V12D07-075_C1,5
TGAGGTGTGTGGCGGA-1_V12D07-075_C1,5
TGAGTAAATTAGCGTA-1_V12D07-075_C1,3
TGAGTGCCTCTTAAAT-1_V12D07-075_C1,8
TGAGTGGTCCGTGACG-1_V12D07-075_C1,8
TGAGTTAAAGACATTC-1_V12D07-075_C1,8
TGATACATTTAGCCGT-1_V12D07-075_C1,15
TGATAGCGGGATTCTA-1_V12D07-075_C1,11
TGATCACCACACTGAC-1_V12D07-075_C1,5
TGATCCCAGCATTAGT-1_V12D07-075_C1,9
TGATCGGTTTGACCCT-1_V12D07-075_C1,12
TGATCTACGCTGATCT-1_V12D07-075_C1,16
TGATCTATCACACTCT-1_V12D07-075_C1,8
TGATCTCCGGCGCCAG-1_V12D07-075_C1,13
TGATGGCTGTTTCTGA-1_V12D07-075_C1,4
TGATGTCAATTAAGTG-1_V12D07-075_C1,3
TGATTATGGCACGCAG-1_V12D07-075_C1,4
TGATTCCCGGTTACCT-1_V12D07-075_C1,5
TGATTCGTCTATCACT-1_V12D07-075_C1,9
TGATTCTGTCGCCGGT-1_V12D07-075_C1,8
TGATTTATTAGCTGTG-1_V12D07-075_C1,8
TGATTTCCTCCTGACG-1_V12D07-075_C1,5
TGCAAAGTTCGTCTGT-1_V12D07-075_C1,5
TGCAACCCATCTGCGG-1_V12D07-075_C1,3
TGCAACTACTGGTTGA-1_V12D07-075_C1,9
TGCAAGAATGACGTAA-1_V12D07-075_C1,12
TGCAATCTAACACGGT-1_V12D07-075_C1,3
TGCAATTTGGGCACGG-1_V12D07-075_C1,4
TGCACAGTGAAGTTAT-1_V12D07-075_C1,4
TGCACGAGTCGGCAGC-1_V12D07-075_C1,7
TGCACTATGTGAGTGC-1_V12D07-075_C1,5
TGCAGAGTACCGAGCA-1_V12D07-075_C1,5
TGCAGGATCGGCAAAG-1_V12D07-075_C1,4
TGCAGTGAGGCTCGGG-1_V12D07-075_C1,4
TGCAGTTTCCTCCCAT-1_V12D07-075_C1,3
TGCATATGTCTGTCAC-1_V12D07-075_C1,3
TGCATGGATCGGATCT-1_V12D07-075_C1,4
TGCATGTGGTAATCTA-1_V12D07-075_C1,8
TGCCAATGGGTACTCT-1_V12D07-075_C1,5
TGCCACCTGGCGAAAC-1_V12D07-075_C1,7
TGCCAGTACGTGGAGA-1_V12D07-075_C1,5
TGCCATTACTAAAGAA-1_V12D07-075_C1,4
TGCCCGTACCGTTAAA-1_V12D07-075_C1,3
TGCCGAAAGCGTATTC-1_V12D07-075_C1,14
TGCCGTGGATCGTCCT-1_V12D07-075_C1,5
TGCCTAAATTTAATAG-1_V12D07-075_C1,4
TGCCTAATTGAAGATT-1_V12D07-075_C1,3
TGCCTGACATCGGTCA-1_V12D07-075_C1,13
TGCCTGATCAAACGAT-1_V12D07-075_C1,5
TGCCTTGGCCAGGCAA-1_V12D07-075_C1,9
TGCGACACCCTAGTGC-1_V12D07-075_C1,8
TGCGAGAATATTACCC-1_V12D07-075_C1,15
TGCGAGATGGCGGCCA-1_V12D07-075_C1,4
TGCGAGCCCTTCCGCG-1_V12D07-075_C1,4
TGCGCAAAGCATTTGG-1_V12D07-075_C1,9
TGCGCCGTTAATAACG-1_V12D07-075_C1,4
TGCGCGATTAACGGAG-1_V12D07-075_C1,9
TGCGGACTTGACTCCG-1_V12D07-075_C1,3
TGCGGAGTAAAGGTGC-1_V12D07-075_C1,9
TGCGGCATAGTTCAAC-1_V12D07-075_C1,7
TGCGGTGAAATTTCAT-1_V12D07-075_C1,7
TGCGTAAGAACCTGAT-1_V12D07-075_C1,8
TGCGTACGGCTAATTG-1_V12D07-075_C1,3
TGCGTGATTGGGTGTC-1_V12D07-075_C1,7
TGCGTTTGTTGACACT-1_V12D07-075_C1,9
TGCTAAGTGTCTATTT-1_V12D07-075_C1,5
TGCTATACAAACGGAC-1_V12D07-075_C1,13
TGCTCCACAGTTCTTA-1_V12D07-075_C1,3
TGCTCGGCGAAACCCA-1_V12D07-075_C1,9
TGCTCGGTGGGTCACC-1_V12D07-075_C1,5
TGCTCTTGAGAGTTTG-1_V12D07-075_C1,3
TGCTGGTTGGACAATT-1_V12D07-075_C1,5
TGCTGTTGAAGAACTC-1_V12D07-075_C1,5
TGCTTCCCAAGCAGTA-1_V12D07-075_C1,9
TGCTTGAAACCATGCA-1_V12D07-075_C1,2
TGGAACCACTGACACA-1_V12D07-075_C1,7
TGGAAGAAGGGAACGT-1_V12D07-075_C1,5
TGGAAGACGAACACCA-1_V12D07-075_C1,13
TGGAAGGATAAAGATG-1_V12D07-075_C1,14
TGGAATATCCTTGACC-1_V12D07-075_C1,4
TGGAATTAGACGCTTT-1_V12D07-075_C1,9
TGGACACCGTTGCTTG-1_V12D07-075_C1,3
TGGACCAATCTAAGAT-1_V12D07-075_C1,6
TGGACCACGGCGTTGA-1_V12D07-075_C1,2
TGGACGTAGGCGAATC-1_V12D07-075_C1,3
TGGACTGTTCGCTCAA-1_V12D07-075_C1,8
TGGAGGGAAACACCTC-1_V12D07-075_C1,4
TGGAGTGATGCGATGA-1_V12D07-075_C1,13
TGGCAAACTAAATTAC-1_V12D07-075_C1,9
TGGCAACTCGCGCGCC-1_V12D07-075_C1,7
TGGCAAGCACAAGTCG-1_V12D07-075_C1,3
TGGCAATGGGACGGCG-1_V12D07-075_C1,6
TGGCACGAGCTCGAGT-1_V12D07-075_C1,1
TGGCAGATTACGATCA-1_V12D07-075_C1,9
TGGCAGCAGTAATAGT-1_V12D07-075_C1,3
TGGCCAAACTGAAGTA-1_V12D07-075_C1,9
TGGCCGTATATTGACC-1_V12D07-075_C1,3
TGGCGACTGCTCCAAA-1_V12D07-075_C1,8
TGGCGATCAAGTTATG-1_V12D07-075_C1,5
TGGCGGTGTGCGATTG-1_V12D07-075_C1,12
TGGCTACACTCTACCT-1_V12D07-075_C1,3
TGGCTATGTGACATAC-1_V12D07-075_C1,13
TGGCTTGTACAAGCTT-1_V12D07-075_C1,4
TGGCTTTGGGTAGACA-1_V12D07-075_C1,7
TGGGAAATGCCTTTCC-1_V12D07-075_C1,5
TGGGACCATTGGGAGT-1_V12D07-075_C1,3
TGGGATGCACTCATTC-1_V12D07-075_C1,4
TGGGCAATAGTTGGGT-1_V12D07-075_C1,8
TGGGCACAAACAGAAC-1_V12D07-075_C1,1
TGGGCACGTTCTATGG-1_V12D07-075_C1,13
TGGGCAGGCCACCGCA-1_V12D07-075_C1,5
TGGGCCACAAGAGCGC-1_V12D07-075_C1,4
TGGGCCCATACTAATT-1_V12D07-075_C1,3
TGGGCGATACAATAAG-1_V12D07-075_C1,3
TGGGTAAGGTTCCCGC-1_V12D07-075_C1,7
TGGGTGCACAAGCCAT-1_V12D07-075_C1,3
TGGGTGGGATGTCATT-1_V12D07-075_C1,7
TGGGTGTAATAGATTT-1_V12D07-075_C1,3
TGGGTTCCCGGACGGA-1_V12D07-075_C1,5
TGGTAAGCAGGATTGA-1_V12D07-075_C1,15
TGGTAGAATATATGGG-1_V12D07-075_C1,6
TGGTATCGCATCCCAA-1_V12D07-075_C1,13
TGGTATCGGTCTGTAT-1_V12D07-075_C1,7
TGGTCCCACGCTACGG-1_V12D07-075_C1,5
TGGTCGTGCAAGGCAA-1_V12D07-075_C1,15
TGGTCTAGCTTACATG-1_V12D07-075_C1,13
TGGTCTGTTGGGCGTA-1_V12D07-075_C1,3
TGGTGATCGTATTTGT-1_V12D07-075_C1,5
TGGTTAAGGGCGCTGG-1_V12D07-075_C1,4
TGGTTATGCTTGCGGT-1_V12D07-075_C1,3
TGGTTCAACGGGTAAT-1_V12D07-075_C1,3
TGGTTCGTAGCAAAGG-1_V12D07-075_C1,7
TGGTTGGAGGATCCTG-1_V12D07-075_C1,7
TGGTTTAAACGTGGGT-1_V12D07-075_C1,4
TGTAATGACCACAATA-1_V12D07-075_C1,3
TGTACCTACACGAGGG-1_V12D07-075_C1,3
TGTACGAACAAATCCG-1_V12D07-075_C1,3
TGTACTACTCTCACGG-1_V12D07-075_C1,4
TGTACTGTGCCAAAGT-1_V12D07-075_C1,7
TGTACTTCCGGGCATG-1_V12D07-075_C1,8
TGTAGCCATCCCATTC-1_V12D07-075_C1,9
TGTAGGAGAAATTTCC-1_V12D07-075_C1,8
TGTAGTGATCTATAAT-1_V12D07-075_C1,5
TGTATAACAGATCCTG-1_V12D07-075_C1,9
TGTATACGGATGATGA-1_V12D07-075_C1,4
TGTATCAGACTGAAGC-1_V12D07-075_C1,4
TGTATCCTTATTCCAT-1_V12D07-075_C1,7
TGTATGGCGCAGACAG-1_V12D07-075_C1,3
TGTATTTACCTAATGC-1_V12D07-075_C1,16
TGTCATTTGTTGGGAA-1_V12D07-075_C1,4
TGTCCACGGCTCAACT-1_V12D07-075_C1,3
TGTCCCGACATAGCAC-1_V12D07-075_C1,7
TGTCCGTGGCGCCTTT-1_V12D07-075_C1,5
TGTCGGCATGGTGGAA-1_V12D07-075_C1,1
TGTCTACAGTTTCTGT-1_V12D07-075_C1,7
TGTGACTACGCCAGTC-1_V12D07-075_C1,7
TGTGACTAGAGTTTGC-1_V12D07-075_C1,6
TGTGAGACTAGCCCAA-1_V12D07-075_C1,5
TGTGCCGGTGCCGGAA-1_V12D07-075_C1,3
TGTGCTTTACGTAAGA-1_V12D07-075_C1,2
TGTGGCAAAGCGTATG-1_V12D07-075_C1,15
TGTGGCGGGCTTCTGG-1_V12D07-075_C1,14
TGTGGCTCCCACCAAC-1_V12D07-075_C1,4
TGTGGTAGGGTGCCTT-1_V12D07-075_C1,7
TGTGGTTGCTAAAGCT-1_V12D07-075_C1,3
TGTGTAGTAGCACGTG-1_V12D07-075_C1,3
TGTGTCGCGAGTTGCA-1_V12D07-075_C1,2
TGTGTTCGTATCCAAG-1_V12D07-075_C1,5
TGTTATTGTATGTGGC-1_V12D07-075_C1,5
TGTTCCGCTTCCATGA-1_V12D07-075_C1,5
TGTTCCGGCCTGAGCT-1_V12D07-075_C1,8
TGTTCGTATTGCGGTG-1_V12D07-075_C1,5
TGTTCTCATACTATAG-1_V12D07-075_C1,8
TGTTCTTCCATTGACT-1_V12D07-075_C1,3
TGTTGCCGTCGTCCCA-1_V12D07-075_C1,4
TGTTGTCAAGAAGTCT-1_V12D07-075_C1,4
TGTTTCGGTACTTCTC-1_V12D07-075_C1,13
TGTTTGAGATCGTCAG-1_V12D07-075_C1,7
TTAAACAGAGTCCCGC-1_V12D07-075_C1,13
TTAAACCGGTAGCGAC-1_V12D07-075_C1,7
TTAAACCTGGTTCCTT-1_V12D07-075_C1,3
TTAAACTCGAATTCAT-1_V12D07-075_C1,15
TTAACCAACCCTCCCT-1_V12D07-075_C1,16
TTAACGAACAAGCAGT-1_V12D07-075_C1,4
TTAACGTCGCAAGACC-1_V12D07-075_C1,4
TTAACGTTAAAGCCTG-1_V12D07-075_C1,3
TTAACTCACGCGTGGA-1_V12D07-075_C1,5
TTAACTGATCGTTTGG-1_V12D07-075_C1,3
TTAAGACGAACGAACC-1_V12D07-075_C1,4
TTAAGATAGGATTGAC-1_V12D07-075_C1,3
TTAAGCCGACAACTTC-1_V12D07-075_C1,13
TTAAGCGCCTGACCCA-1_V12D07-075_C1,5
TTAAGGATACGGAGGT-1_V12D07-075_C1,12
TTAAGTATTGTTATCC-1_V12D07-075_C1,6
TTAATCAGTACGTCAG-1_V12D07-075_C1,13
TTAATGTAGACCAGGT-1_V12D07-075_C1,5
TTAATGTGTTTGCAGG-1_V12D07-075_C1,6
TTAATTGCTTTGGGTG-1_V12D07-075_C1,3
TTAATTTCAGACGCGG-1_V12D07-075_C1,7
TTACAACTACGCATCC-1_V12D07-075_C1,4
TTACACGATCTGCGAC-1_V12D07-075_C1,3
TTACAGACCTAAATGA-1_V12D07-075_C1,8
TTACATCGTGGCCTGG-1_V12D07-075_C1,5
TTACATGCCACAACTA-1_V12D07-075_C1,8
TTACCATTGATTACCC-1_V12D07-075_C1,9
TTACCCATTGCCGGGT-1_V12D07-075_C1,7
TTACCCTAACAGTCCT-1_V12D07-075_C1,7
TTACCCTAGGGATTGG-1_V12D07-075_C1,9
TTACGGATGGTTCGAG-1_V12D07-075_C1,15
TTACGGTGTCACCGAG-1_V12D07-075_C1,7
TTACGTATCTATGACA-1_V12D07-075_C1,8
TTACTAAAGGACTTTA-1_V12D07-075_C1,3
TTACTCCGGCCGGGAA-1_V12D07-075_C1,6
TTACTCTGGTACGTAC-1_V12D07-075_C1,15
TTACTGGGATATTTCA-1_V12D07-075_C1,5
TTACTGTCTAGAGCTC-1_V12D07-075_C1,4
TTAGAAGAACATGACT-1_V12D07-075_C1,5
TTAGAATAAGGGTCGG-1_V12D07-075_C1,14
TTAGACACGATCGTTG-1_V12D07-075_C1,7
TTAGACGAGTCACCTC-1_V12D07-075_C1,5
TTAGAGTTTAGAAGGA-1_V12D07-075_C1,12
TTAGCTAATACGATCT-1_V12D07-075_C1,4
TTAGCTCTGTAATCCG-1_V12D07-075_C1,2
TTAGCTGATTTGCCGT-1_V12D07-075_C1,3
TTAGGATGGGAGGGTA-1_V12D07-075_C1,4
TTAGTAAACCTGCTCT-1_V12D07-075_C1,3
TTAGTAGGGCGGCGGG-1_V12D07-075_C1,1
TTAGTTATTCGTGGCA-1_V12D07-075_C1,6
TTAGTTCAAGTGTTCG-1_V12D07-075_C1,4
TTATAGATGCACATTA-1_V12D07-075_C1,13
TTATAGGTAATTGTCT-1_V12D07-075_C1,3
TTATAGTCCAAGGTGC-1_V12D07-075_C1,4
TTATATACGCTGTCAC-1_V12D07-075_C1,8
TTATATTTGGCAATCC-1_V12D07-075_C1,13
TTATCCAATCGAACTC-1_V12D07-075_C1,1
TTATCCGGGATCTATA-1_V12D07-075_C1,9
TTATCTGTATCATAAC-1_V12D07-075_C1,4
TTATGAATGAAAGGGA-1_V12D07-075_C1,12
TTATGACAAACTGGAT-1_V12D07-075_C1,13
TTATGATCTTAACGAA-1_V12D07-075_C1,3
TTATGCGTCCCGGTCC-1_V12D07-075_C1,7
TTATTAGAGCGTGTTC-1_V12D07-075_C1,13
TTATTTAGGTTCCTTA-1_V12D07-075_C1,6
TTCAAAGTCTCTAGCC-1_V12D07-075_C1,3
TTCAACGACCCGACCG-1_V12D07-075_C1,9
TTCAAGCCGAGCTGAG-1_V12D07-075_C1,7
TTCAATACTCTGAATC-1_V12D07-075_C1,8
TTCACGAAAGGATCAC-1_V12D07-075_C1,3
TTCACTCGAGCACCTA-1_V12D07-075_C1,5
TTCACTTCCTAGAACG-1_V12D07-075_C1,5
TTCAGAGTAACCTGAC-1_V12D07-075_C1,14
TTCAGCCCTGGTCCAC-1_V12D07-075_C1,3
TTCAGCTGGCGTGCCC-1_V12D07-075_C1,6
TTCAGTTTGTGGCAGC-1_V12D07-075_C1,9
TTCATAGCCTTGTAAC-1_V12D07-075_C1,9
TTCATAGGGTGTCCAT-1_V12D07-075_C1,3
TTCATGGCGCAACAGG-1_V12D07-075_C1,16
TTCCAATCAGAGCTAG-1_V12D07-075_C1,8
TTCCAATCTGGCTATC-1_V12D07-075_C1,15
TTCCACACAGATTTGA-1_V12D07-075_C1,15
TTCCAGACGAGATTTA-1_V12D07-075_C1,4
TTCCATCATGCGGTGA-1_V12D07-075_C1,7
TTCCATCGACAGCGTG-1_V12D07-075_C1,5
TTCCGCAGAGAAATAT-1_V12D07-075_C1,4
TTCCGCGTGAGGCGAT-1_V12D07-075_C1,3
TTCCGGCCTTGAGGCT-1_V12D07-075_C1,15
TTCCGGCTCGACTTCT-1_V12D07-075_C1,4
TTCCGGTATCTGTGTC-1_V12D07-075_C1,4
TTCCGGTTACCCACTT-1_V12D07-075_C1,9
TTCCTCGAGGGTGTCT-1_V12D07-075_C1,13
TTCGACAGAGCCCGTG-1_V12D07-075_C1,9
TTCGACGGGAAGGGCG-1_V12D07-075_C1,5
TTCGCACTCGCGTGCT-1_V12D07-075_C1,1
TTCGCACTGTACGACA-1_V12D07-075_C1,14
TTCGCATCCGGAAGCA-1_V12D07-075_C1,1
TTCGCGCGCCATACGA-1_V12D07-075_C1,15
TTCGCTAGGAAGTTGT-1_V12D07-075_C1,16
TTCGCTATCTGACGTG-1_V12D07-075_C1,4
TTCGGACTGATGCCTT-1_V12D07-075_C1,16
TTCGGCAACCCGCTGA-1_V12D07-075_C1,4
TTCGGGACTAATCGCG-1_V12D07-075_C1,9
TTCGGGTTGCCACGGG-1_V12D07-075_C1,9
TTCGGTACTGTAGAGG-1_V12D07-075_C1,6
TTCGGTGGAGACGCCC-1_V12D07-075_C1,4
TTCGTAATCCCAGCGG-1_V12D07-075_C1,7
TTCGTTCAACGAAGTT-1_V12D07-075_C1,4
TTCTAACCGAAGCTTA-1_V12D07-075_C1,8
TTCTACCTTTATGTTG-1_V12D07-075_C1,7
TTCTACTTGCGAGGGC-1_V12D07-075_C1,3
TTCTAGAAAGTCTTAT-1_V12D07-075_C1,15
TTCTAGGCCAATTGTG-1_V12D07-075_C1,5
TTCTATGCCTTTCGCA-1_V12D07-075_C1,7
TTCTATTAAACGCAGC-1_V12D07-075_C1,6
TTCTGCCGCGCCTAGA-1_V12D07-075_C1,5
TTCTGCGAGCGCCCTT-1_V12D07-075_C1,9
TTCTGCGGGTTAGCGG-1_V12D07-075_C1,5
TTCTGCTAGACTCCAA-1_V12D07-075_C1,9
TTCTGTTTCCTGTCGC-1_V12D07-075_C1,1
TTCTTAGTGAACGGTG-1_V12D07-075_C1,3
TTCTTAGTGGCTCAGA-1_V12D07-075_C1,7
TTCTTATCCGCTGGGT-1_V12D07-075_C1,6
TTCTTGAGCCGCGCTA-1_V12D07-075_C1,8
TTCTTGGAGTAATGAG-1_V12D07-075_C1,16
TTCTTGTAACCTAATG-1_V12D07-075_C1,7
TTCTTGTGTCCATCAG-1_V12D07-075_C1,3
TTCTTTGGTCGCGACG-1_V12D07-075_C1,4
TTGAAACCCTCATTCC-1_V12D07-075_C1,8
TTGAAAGGTGTAAAGG-1_V12D07-075_C1,4
TTGAACGACGTGCTGA-1_V12D07-075_C1,5
TTGAAGAATTCCCAGG-1_V12D07-075_C1,5
TTGAATATGGACTTTC-1_V12D07-075_C1,3
TTGAATTCACGTGAGG-1_V12D07-075_C1,3
TTGACAGGAGCTCCCG-1_V12D07-075_C1,3
TTGACATGAACGTGGA-1_V12D07-075_C1,15
TTGACCAGGAACAACT-1_V12D07-075_C1,6
TTGACCATGTTCTCCG-1_V12D07-075_C1,1
TTGACCGTGTTAATGA-1_V12D07-075_C1,8
TTGACGCTCCATGAGC-1_V12D07-075_C1,3
TTGACTACCATATGGT-1_V12D07-075_C1,8
TTGACTATTGTCCGGC-1_V12D07-075_C1,6
TTGAGAAGTTTAGCAT-1_V12D07-075_C1,5
TTGAGAGTACTGCTAA-1_V12D07-075_C1,8
TTGAGCAGCCCACGGT-1_V12D07-075_C1,4
TTGAGCGCCACGTGAT-1_V12D07-075_C1,4
TTGAGGCATTTAACTC-1_V12D07-075_C1,4
TTGAGTCCCGCTGCTG-1_V12D07-075_C1,16
TTGATAGTCAATACAT-1_V12D07-075_C1,4
TTGATCTAACTTTGTC-1_V12D07-075_C1,14
TTGATGTGTAGTCCCG-1_V12D07-075_C1,7
TTGATTAGCTGTTTCT-1_V12D07-075_C1,15
TTGATTATGCAGATGA-1_V12D07-075_C1,9
TTGCAAGAAGACTCCT-1_V12D07-075_C1,8
TTGCACAATTCAGAAA-1_V12D07-075_C1,3
TTGCACGGAGCAGCAC-1_V12D07-075_C1,13
TTGCATGCTGATCACG-1_V12D07-075_C1,5
TTGCCAAGCAGAACCC-1_V12D07-075_C1,4
TTGCCCTGATCACGGG-1_V12D07-075_C1,9
TTGCCGCTTTCTAGTA-1_V12D07-075_C1,9
TTGCCGGTGATCCCTC-1_V12D07-075_C1,4
TTGCCTTCTCGCCGGG-1_V12D07-075_C1,5
TTGCGCTCTCTCGCTT-1_V12D07-075_C1,9
TTGCGCTTGATCAATA-1_V12D07-075_C1,3
TTGCGGCATCAGAAAG-1_V12D07-075_C1,15
TTGCGTCGGCCAACCG-1_V12D07-075_C1,15
TTGCGTGAACGCTTAG-1_V12D07-075_C1,4
TTGCGTGTGTAGGCAT-1_V12D07-075_C1,5
TTGCTCCCATACCGGA-1_V12D07-075_C1,14
TTGCTGAAGGAACCAC-1_V12D07-075_C1,16
TTGCTGATCATGTTCG-1_V12D07-075_C1,5
TTGCTGGCCGGGCTTC-1_V12D07-075_C1,4
TTGGACATGTGGCTTA-1_V12D07-075_C1,8
TTGGACCATCTGGCAA-1_V12D07-075_C1,3
TTGGACCTATAACAGT-1_V12D07-075_C1,5
TTGGAGTCTCCCTTCT-1_V12D07-075_C1,12
TTGGATATCGTCTACG-1_V12D07-075_C1,9
TTGGATCGACTTCTGG-1_V12D07-075_C1,7
TTGGATTGGGTACCAC-1_V12D07-075_C1,7
TTGGCCTAGAATTTCG-1_V12D07-075_C1,16
TTGGCGATCCGAATAT-1_V12D07-075_C1,16
TTGGCTCAATATGTGT-1_V12D07-075_C1,3
TTGGCTCGCATGAGAC-1_V12D07-075_C1,9
TTGGGAAGACGAGCCG-1_V12D07-075_C1,3
TTGGGACACTGCCCGC-1_V12D07-075_C1,3
TTGGGACGTAAGAGTT-1_V12D07-075_C1,3
TTGGGCGGCGGTTGCC-1_V12D07-075_C1,5
TTGGTATGGCTTGTGT-1_V12D07-075_C1,4
TTGGTCACACTCGTAA-1_V12D07-075_C1,8
TTGGTTCGCTCAAAGG-1_V12D07-075_C1,4
TTGTAAGGACCTAAGT-1_V12D07-075_C1,15
TTGTAAGGCCAGTTGG-1_V12D07-075_C1,8
TTGTAATCCGTACTCG-1_V12D07-075_C1,5
TTGTATCACACAGAAT-1_V12D07-075_C1,13
TTGTCGTTCAGTTACC-1_V12D07-075_C1,4
TTGTGAACCTAATCCG-1_V12D07-075_C1,3
TTGTGATCTGTTCAGT-1_V12D07-075_C1,3
TTGTGCAGCCACGTCA-1_V12D07-075_C1,5
TTGTGGCCCTGACAGT-1_V12D07-075_C1,16
TTGTGGTGGTACTAAG-1_V12D07-075_C1,6
TTGTGTATGCCACCAA-1_V12D07-075_C1,12
TTGTGTTTCCCGAAAG-1_V12D07-075_C1,5
TTGTTAGCAAATTCGA-1_V12D07-075_C1,14
TTGTTCAGTGTGCTAC-1_V12D07-075_C1,5
TTGTTCTAGATACGCT-1_V12D07-075_C1,1
TTGTTGTGTGTCAAGA-1_V12D07-075_C1,3
TTGTTTCACATCCAGG-1_V12D07-075_C1,15
TTGTTTCCATACAACT-1_V12D07-075_C1,15
TTGTTTGTGTAAATTC-1_V12D07-075_C1,13
AAACAAGTATCTCCCA-1_V13B23-285_A1,1
AAACAATCTACTAGCA-1_V13B23-285_A1,2
AAACACCAATAACTGC-1_V13B23-285_A1,1
AAACAGAGCGACTCCT-1_V13B23-285_A1,1
AAACAGCTTTCAGAAG-1_V13B23-285_A1,4
AAACAGGGTCTATATT-1_V13B23-285_A1,1
AAACATTTCCCGGATT-1_V13B23-285_A1,2
AAACCCGAACGAAATC-1_V13B23-285_A1,12
AAACCGGGTAGGTACC-1_V13B23-285_A1,1
AAACCGTTCGTCCAGG-1_V13B23-285_A1,1
AAACCTAAGCAGCCGG-1_V13B23-285_A1,2
AAACCTCATGAAGTTG-1_V13B23-285_A1,1
AAACGAAGAACATACC-1_V13B23-285_A1,14
AAACGAAGATGGAGTA-1_V13B23-285_A1,1
AAACGAGACGGTTGAT-1_V13B23-285_A1,6
AAACGGGCGTACGGGT-1_V13B23-285_A1,1
AAACGGGTTGGTATCC-1_V13B23-285_A1,8
AAACGGTTGCGAACTG-1_V13B23-285_A1,1
AAACTCGGTTCGCAAT-1_V13B23-285_A1,2
AAACTCGTGATATAAG-1_V13B23-285_A1,3
AAACTGCTGGCTCCAA-1_V13B23-285_A1,6
AAACTTGCAAACGTAT-1_V13B23-285_A1,4
AAAGAATGTGGACTAA-1_V13B23-285_A1,2
AAAGACCCAAGTCGCG-1_V13B23-285_A1,10
AAAGACTGGGCGCTTT-1_V13B23-285_A1,1
AAAGCTTGCCTACATA-1_V13B23-285_A1,3
AAAGGCTACGGACCAT-1_V13B23-285_A1,1
AAAGGCTCTCGCGCCG-1_V13B23-285_A1,1
AAAGGGATGTAGCAAG-1_V13B23-285_A1,4
AAAGGGCAGCTTGAAT-1_V13B23-285_A1,1
AAAGTAGCATTGCTCA-1_V13B23-285_A1,4
AAAGTCACTGATGTAA-1_V13B23-285_A1,2
AAAGTCGACCCTCAGT-1_V13B23-285_A1,4
AAAGTGTGATTTATCT-1_V13B23-285_A1,2
AAAGTTGACTCCCGTA-1_V13B23-285_A1,1
AAATAACCATACGGGA-1_V13B23-285_A1,3
AAATAAGGTAGTGCCC-1_V13B23-285_A1,1
AAATACCTATAAGCAT-1_V13B23-285_A1,1
AAATAGCTTAGACTTT-1_V13B23-285_A1,1
AAATAGGGTGCTATTG-1_V13B23-285_A1,2
AAATCCGATACACGCC-1_V13B23-285_A1,6
AAATCGCGGAAGGAGT-1_V13B23-285_A1,1
AAATCGTGTACCACAA-1_V13B23-285_A1,1
AAATCTAGCCCTGCTA-1_V13B23-285_A1,2
AAATGATTCGATCAGC-1_V13B23-285_A1,1
AAATGCTCGTTACGTT-1_V13B23-285_A1,3
AAATGGCATGTCTTGT-1_V13B23-285_A1,6
AAATGGCCCGTGCCCT-1_V13B23-285_A1,4
AAATGGTCAATGTGCC-1_V13B23-285_A1,6
AAATGTATCTTATCCC-1_V13B23-285_A1,4
AAATGTGGGTGCTCCT-1_V13B23-285_A1,3
AAATTAACGGGTAGCT-1_V13B23-285_A1,12
AAATTAATAAGCGCGA-1_V13B23-285_A1,1
AAATTACACGACTCTG-1_V13B23-285_A1,1
AAATTACCTATCGATG-1_V13B23-285_A1,1
AAATTCCAGGTCCAAA-1_V13B23-285_A1,1
AAATTGATAGTCCTTT-1_V13B23-285_A1,9
AAATTGCGGCGGTTCT-1_V13B23-285_A1,3
AAATTTGCGGGTGTGG-1_V13B23-285_A1,4
AACAACTGGTAGTTGC-1_V13B23-285_A1,1
AACAATACATTGTCGA-1_V13B23-285_A1,1
AACAATTACTCTACGC-1_V13B23-285_A1,4
AACACACGCTCGCCGC-1_V13B23-285_A1,2
AACACGACTGTACTGA-1_V13B23-285_A1,8
AACACGAGACGCGGCC-1_V13B23-285_A1,16
AACACGCGGCCGCGAA-1_V13B23-285_A1,6
AACAGCTGTGTGGCAA-1_V13B23-285_A1,2
AACAGGAAATCGAATA-1_V13B23-285_A1,2
AACAGGATGGGCCGCG-1_V13B23-285_A1,1
AACAGGTAGTATGGAT-1_V13B23-285_A1,2
AACATATCAACTGGTG-1_V13B23-285_A1,2
AACATTGGTCAGCCGT-1_V13B23-285_A1,8
AACATTGTGACTCGAG-1_V13B23-285_A1,1
AACCAAGACTTCTCTG-1_V13B23-285_A1,4
AACCATGGGATCGCTA-1_V13B23-285_A1,6
AACCCAGAGACGGAGA-1_V13B23-285_A1,3
AACCCATCCCATGATC-1_V13B23-285_A1,1
AACCCGAGCAGAATCG-1_V13B23-285_A1,11
AACCCTACTGTCAATA-1_V13B23-285_A1,10
AACCCTGGTGGAACCA-1_V13B23-285_A1,13
AACCGAGCTTGGTCAT-1_V13B23-285_A1,6
AACCGCTAAGGGATGC-1_V13B23-285_A1,1
AACCGTTGTGTTTGCT-1_V13B23-285_A1,9
AACCTCGCTTTAGCCC-1_V13B23-285_A1,10
AACCTGTCACGGAATT-1_V13B23-285_A1,1
AACCTTTAAATACGGT-1_V13B23-285_A1,1
AACCTTTACGACGTCT-1_V13B23-285_A1,1
AACGAAAGTCGTCCCA-1_V13B23-285_A1,1
AACGATAATGCCGTAG-1_V13B23-285_A1,1
AACGATAGAAGGGCCG-1_V13B23-285_A1,1
AACGATATGTCAACTG-1_V13B23-285_A1,1
AACGCATGATCTGGGT-1_V13B23-285_A1,3
AACGCGAACGGCAACA-1_V13B23-285_A1,3
AACGCGACCTTGGGCG-1_V13B23-285_A1,1
AACGCGGTCTCCAGCC-1_V13B23-285_A1,1
AACGCTGTTGCTGAAA-1_V13B23-285_A1,2
AACGGACGTACGTATA-1_V13B23-285_A1,1
AACGGCCATCTCCGGT-1_V13B23-285_A1,1
AACGTACTGTGGGTAC-1_V13B23-285_A1,1
AACGTAGTCTACCCAT-1_V13B23-285_A1,6
AACGTCAGACTAGTGG-1_V13B23-285_A1,1
AACGTCGCTGCACTTC-1_V13B23-285_A1,3
AACGTGATGAAGGACA-1_V13B23-285_A1,17
AACGTGCGAAAGTCTC-1_V13B23-285_A1,1
AACGTTATCAGCACCT-1_V13B23-285_A1,3
AACTACCCGTTTGTCA-1_V13B23-285_A1,2
AACTAGCGTATCGCAC-1_V13B23-285_A1,3
AACTAGGCTTGGGTGT-1_V13B23-285_A1,4
AACTCAAGTTAATTGC-1_V13B23-285_A1,4
AACTCCAGAGCGTGTT-1_V13B23-285_A1,11
AACTCCTAATCCCATG-1_V13B23-285_A1,5
AACTCGATAAACACGT-1_V13B23-285_A1,3
AACTCGATGGCGCAGT-1_V13B23-285_A1,2
AACTCTCAATAGAGCG-1_V13B23-285_A1,1
AACTCTCAGTGTGCTC-1_V13B23-285_A1,1
AACTGATATTAGGCCT-1_V13B23-285_A1,1
AACTGGGTCCCGACGT-1_V13B23-285_A1,12
AACTGGTGTGGGCCTT-1_V13B23-285_A1,2
AACTTCTGCGTCTATC-1_V13B23-285_A1,8
AACTTGCCCGTATGCA-1_V13B23-285_A1,1
AACTTGCGTTCTCGCG-1_V13B23-285_A1,11
AACTTTACGGGAGCTT-1_V13B23-285_A1,1
AACTTTAGCTGCTGAG-1_V13B23-285_A1,1
AAGAAGGATCAGTTAG-1_V13B23-285_A1,6
AAGACATACGTGGTTT-1_V13B23-285_A1,2
AAGACCCAACTGAACA-1_V13B23-285_A1,7
AAGACTAACCCGTTGT-1_V13B23-285_A1,11
AAGACTGCAAGCTACT-1_V13B23-285_A1,4
AAGAGATGAATCGGTA-1_V13B23-285_A1,1
AAGAGCTCTTTATCGG-1_V13B23-285_A1,1
AAGAGGATGTACGCGA-1_V13B23-285_A1,6
AAGAGGCATGGATCGC-1_V13B23-285_A1,1
AAGAGGCCCTTTGGAA-1_V13B23-285_A1,1
AAGATGGCACCGGACC-1_V13B23-285_A1,1
AAGATTGGCGGAACGT-1_V13B23-285_A1,7
AAGCACCCTGCGTATC-1_V13B23-285_A1,2
AAGCATACTCTCCTGA-1_V13B23-285_A1,1
AAGCCGAAGCGGTTTA-1_V13B23-285_A1,1
AAGCCGCCGTGAAATC-1_V13B23-285_A1,3
AAGCGCAGGGCTTTGA-1_V13B23-285_A1,2
AAGCGTCCCTCATCGA-1_V13B23-285_A1,1
AAGCTAGATCGAGTAA-1_V13B23-285_A1,1
AAGCTCGTGCCAAGTC-1_V13B23-285_A1,9
AAGCTCTTTCATGGTG-1_V13B23-285_A1,2
AAGGAGAACTTATAAG-1_V13B23-285_A1,14
AAGGAGCGGTTGGTGC-1_V13B23-285_A1,16
AAGGATCGATCGCTTG-1_V13B23-285_A1,2
AAGGATGAGGGACCTC-1_V13B23-285_A1,12
AAGGCAGGCTGTCTCC-1_V13B23-285_A1,1
AAGGCGCGTAAAGCTT-1_V13B23-285_A1,1
AAGGCTGTGCTCATCG-1_V13B23-285_A1,1
AAGGGAACGACTGGCT-1_V13B23-285_A1,11
AAGGGACAGATTCTGT-1_V13B23-285_A1,7
AAGGGACTATGCATTC-1_V13B23-285_A1,1
AAGGGTTTGATTTCAG-1_V13B23-285_A1,1
AAGGTATCCTAATATA-1_V13B23-285_A1,9
AAGGTGATAAACCAGC-1_V13B23-285_A1,10
AAGTAAGCTTCCAAAC-1_V13B23-285_A1,3
AAGTAGAAGACCGGGT-1_V13B23-285_A1,1
AAGTAGTGACGCGAGG-1_V13B23-285_A1,4
AAGTCAATTGTCGTCA-1_V13B23-285_A1,2
AAGTCTTCTGTGGCCT-1_V13B23-285_A1,3
AAGTGACGACCGAATT-1_V13B23-285_A1,3
AAGTGAGTCGGGTTTA-1_V13B23-285_A1,3
AAGTGCAAAGGTAGAC-1_V13B23-285_A1,6
AAGTGCCTTGACTGTA-1_V13B23-285_A1,10
AAGTGCGTTAGAATCT-1_V13B23-285_A1,1
AAGTGTTTGGAGACGG-1_V13B23-285_A1,1
AAGTTCACTCCAAGCT-1_V13B23-285_A1,2
AAGTTCAGTCTGCGTA-1_V13B23-285_A1,5
AAGTTCGGCCAACAGG-1_V13B23-285_A1,4
AAGTTGTGATGTTATA-1_V13B23-285_A1,1
AAGTTTACTAATGGCA-1_V13B23-285_A1,9
AAGTTTATGGGCCCAA-1_V13B23-285_A1,2
AATAACAACGCTCGGC-1_V13B23-285_A1,4
AATAACACTAGAACAA-1_V13B23-285_A1,4
AATAAGTCCTCGAGAC-1_V13B23-285_A1,5
AATAATCTTCGTATCG-1_V13B23-285_A1,11
AATACAATGTTTCAGG-1_V13B23-285_A1,1
AATAGAACAGAGTGGC-1_V13B23-285_A1,3
AATAGAATCTGTTTCA-1_V13B23-285_A1,1
AATAGCTACCGCGTGC-1_V13B23-285_A1,18
AATAGTCCGTCCCGAC-1_V13B23-285_A1,1
AATAGTCGCGAGTCGG-1_V13B23-285_A1,1
AATATCAAGGTCGGAT-1_V13B23-285_A1,6
AATATCCTAGCAAACT-1_V13B23-285_A1,4
AATATCGAATCAATGC-1_V13B23-285_A1,3
AATATCGAGGGTTCTC-1_V13B23-285_A1,2
AATATTGGAGTATTGA-1_V13B23-285_A1,4
AATCAGACTGCAGGAC-1_V13B23-285_A1,10
AATCATGTAAAGACTC-1_V13B23-285_A1,2
AATCCAAGGGCCTGAG-1_V13B23-285_A1,1
AATCCATGCAAGGGTG-1_V13B23-285_A1,6
AATCGCCTCAGCGCCA-1_V13B23-285_A1,3
AATCGCGCAGAGGACT-1_V13B23-285_A1,1
AATCGGGACACTACGA-1_V13B23-285_A1,1
AATCGGTATAGCCCTC-1_V13B23-285_A1,2
AATCGTGAGCCGAGCA-1_V13B23-285_A1,1
AATCTAGGTTTACTTG-1_V13B23-285_A1,4
AATCTATGCCGGAGCC-1_V13B23-285_A1,10
AATCTCTACTGTGGTT-1_V13B23-285_A1,1
AATCTGCGTTGGGACG-1_V13B23-285_A1,2
AATCTGGCTTTCTAGT-1_V13B23-285_A1,1
AATGACAGCAATGTCT-1_V13B23-285_A1,1
AATGACGTAGGATGTC-1_V13B23-285_A1,1
AATGACTGTCAGCCGG-1_V13B23-285_A1,4
AATGAGTTCGCATATG-1_V13B23-285_A1,6
AATGATGATACGCTAT-1_V13B23-285_A1,2
AATGATGCGACTCCTG-1_V13B23-285_A1,2
AATGCAACCGGGTACC-1_V13B23-285_A1,4
AATGCACCAAGCAATG-1_V13B23-285_A1,3
AATGGTCCACCGTTCA-1_V13B23-285_A1,1
AATGGTTCTCACAAGC-1_V13B23-285_A1,2
AATGTGCCCGAGGTGT-1_V13B23-285_A1,1
AATGTTGTCGTGAGAC-1_V13B23-285_A1,11
AATTAAAGGTCGGCGT-1_V13B23-285_A1,1
AATTAACGGATTTCCA-1_V13B23-285_A1,1
AATTACGAGACCCATC-1_V13B23-285_A1,1
AATTACTCGTACGCTC-1_V13B23-285_A1,8
AATTAGCGCTGCAGCG-1_V13B23-285_A1,4
AATTCATAAGGGATCT-1_V13B23-285_A1,9
AATTCCAAGCATGTAC-1_V13B23-285_A1,2
AATTCGATTCGAGGAT-1_V13B23-285_A1,2
AATTCTAGAGTTAGGC-1_V13B23-285_A1,6
AATTGAACGCTCTGGT-1_V13B23-285_A1,4
AATTGCAGCAATCGAC-1_V13B23-285_A1,2
AATTGTGGTTGCCAAA-1_V13B23-285_A1,3
AATTTGGGACATAGTA-1_V13B23-285_A1,9
AATTTGGTTCCAAAGA-1_V13B23-285_A1,20
ACAAAGAAGGTAGGCC-1_V13B23-285_A1,4
ACAAAGCATGACCTAG-1_V13B23-285_A1,1
ACAAATCGCACCGAAT-1_V13B23-285_A1,12
ACAAATGGTAGTGTTT-1_V13B23-285_A1,1
ACAACAGCATGAGCTA-1_V13B23-285_A1,3
ACAACGGTCCCTGCGA-1_V13B23-285_A1,1
ACAAGCAGTGCCTAGC-1_V13B23-285_A1,1
ACAAGCTATATGGAAG-1_V13B23-285_A1,3
ACAAGGAAATCCGCCC-1_V13B23-285_A1,1
ACAAGGACAAGAGGTT-1_V13B23-285_A1,1
ACAAGGATGCTTTAGG-1_V13B23-285_A1,8
ACAAGGGCAGGCTCTG-1_V13B23-285_A1,2
ACAATAGTCGTACGTT-1_V13B23-285_A1,4
ACAATCCATTTAAACC-1_V13B23-285_A1,3
ACAATGAATACGGAGA-1_V13B23-285_A1,1
ACAATTGTGTCTCTTT-1_V13B23-285_A1,11
ACAATTTAGGAGGCTC-1_V13B23-285_A1,1
ACAATTTGAGCAGTGG-1_V13B23-285_A1,1
ACAATTTGGCCATATT-1_V13B23-285_A1,1
ACACAAAGACGGGTGG-1_V13B23-285_A1,1
ACACACCAGGACCAGT-1_V13B23-285_A1,1
ACACACTTTCTACACG-1_V13B23-285_A1,10
ACACATGATCAAATCT-1_V13B23-285_A1,1
ACACATTGACGCAACA-1_V13B23-285_A1,14
ACACCACATAATTAGC-1_V13B23-285_A1,1
ACACCCAGCATGCAGC-1_V13B23-285_A1,7
ACACCCGAGAAATCCG-1_V13B23-285_A1,1
ACACCGAGCGCTCTTT-1_V13B23-285_A1,2
ACACCTTAAGTAGGGC-1_V13B23-285_A1,9
ACACCTTACTACTTGC-1_V13B23-285_A1,10
ACACGAGACTCCTTCT-1_V13B23-285_A1,1
ACACGGCACTATGCAT-1_V13B23-285_A1,17
ACACGGGAACTTAGGG-1_V13B23-285_A1,1
ACACGTAGGCCACAAG-1_V13B23-285_A1,2
ACACTCCAATGTCACT-1_V13B23-285_A1,8
ACACTGATCAAGGTGT-1_V13B23-285_A1,3
ACACTGGGACAGTCGT-1_V13B23-285_A1,2
ACAGAACTGAGAACAA-1_V13B23-285_A1,1
ACAGATTAGGTTAGTG-1_V13B23-285_A1,9
ACAGCATAGAGCCAGT-1_V13B23-285_A1,2
ACAGCGACATTCTCAT-1_V13B23-285_A1,2
ACAGCGCACCCGCAGC-1_V13B23-285_A1,5
ACAGGCACGGATCCTT-1_V13B23-285_A1,10
ACAGGCTTGCCCGACT-1_V13B23-285_A1,2
ACAGGTGGAGGTGAGG-1_V13B23-285_A1,7
ACAGGTGTGTTGTTGC-1_V13B23-285_A1,4
ACAGTAATACAACTTG-1_V13B23-285_A1,4
ACATAAGTCGTGGTGA-1_V13B23-285_A1,2
ACATAATAAGGCGGTG-1_V13B23-285_A1,4
ACATCAGCTGGGACGC-1_V13B23-285_A1,4
ACATCCCGGCCATACG-1_V13B23-285_A1,1
ACATCCTGGTAACTGT-1_V13B23-285_A1,2
ACATCGATCGTTTACC-1_V13B23-285_A1,12
ACATCGGTCAGCCGCG-1_V13B23-285_A1,4
ACATCGTATGCAATGG-1_V13B23-285_A1,2
ACATCGTTAACCTAGT-1_V13B23-285_A1,8
ACATGGCGCCAAAGTA-1_V13B23-285_A1,1
ACATGGCTCAATTTAG-1_V13B23-285_A1,2
ACATTAGTTTATATCC-1_V13B23-285_A1,7
ACCAACACCACACACT-1_V13B23-285_A1,5
ACCAACCGCACTCCAC-1_V13B23-285_A1,2
ACCAACGCTTATTTAT-1_V13B23-285_A1,4
ACCAAGAACGCGTGTC-1_V13B23-285_A1,1
ACCAAGTCATCGGCAG-1_V13B23-285_A1,11
ACCAATATGCAAGTTA-1_V13B23-285_A1,1
ACCACAAGTTTCTATC-1_V13B23-285_A1,4
ACCACCAATGTAACAA-1_V13B23-285_A1,1
ACCACCCTCTCTTCTA-1_V13B23-285_A1,7
ACCACGTGCAGCTATA-1_V13B23-285_A1,1
ACCACTGTTCAAGAAG-1_V13B23-285_A1,8
ACCAGACCATAACAAC-1_V13B23-285_A1,12
ACCAGGAGTGTGATCT-1_V13B23-285_A1,9
ACCAGTGCGGGAGACG-1_V13B23-285_A1,11
ACCATATCCGCAATAA-1_V13B23-285_A1,4
ACCATCCGCCAACTAG-1_V13B23-285_A1,4
ACCATCGTATATGGTA-1_V13B23-285_A1,4
ACCATTAAGGGTGTCA-1_V13B23-285_A1,2
ACCCAACGCCCGTGGC-1_V13B23-285_A1,1
ACCCACCTACATGCTC-1_V13B23-285_A1,1
ACCCATCTTGAGGGTA-1_V13B23-285_A1,7
ACCCATTTGTCCCTCT-1_V13B23-285_A1,11
ACCCGAGCGAAATTAC-1_V13B23-285_A1,1
ACCCGGAAACTCCCAG-1_V13B23-285_A1,1
ACCCGGATGACGCATC-1_V13B23-285_A1,2
ACCCGGTTACACTTCC-1_V13B23-285_A1,4
ACCCGTGTCATCAGTA-1_V13B23-285_A1,1
ACCCTATAGGACTGAG-1_V13B23-285_A1,3
ACCCTATGCCATATCG-1_V13B23-285_A1,1
ACCCTCCCGTCAGGGC-1_V13B23-285_A1,2
ACCCTCCCTTGCTATT-1_V13B23-285_A1,13
ACCCTGGTAACGCCCT-1_V13B23-285_A1,9
ACCCTTCATCTGCGAA-1_V13B23-285_A1,2
ACCGAAAGGGCCCTGC-1_V13B23-285_A1,14
ACCGAAGAGTCTGGTT-1_V13B23-285_A1,1
ACCGACACATCTCCCA-1_V13B23-285_A1,1
ACCGACTGAGTCCCAC-1_V13B23-285_A1,12
ACCGAGTCTCCTTATT-1_V13B23-285_A1,2
ACCGATAGGCATAACC-1_V13B23-285_A1,2
ACCGATATTTAATCAT-1_V13B23-285_A1,2
ACCGATGGTAGCATCG-1_V13B23-285_A1,1
ACCGCAATAACTGCCT-1_V13B23-285_A1,1
ACCGCGGTGGAAGTCG-1_V13B23-285_A1,1
ACCGGGCCTTTGTTGA-1_V13B23-285_A1,10
ACCGGTCAGGTACACC-1_V13B23-285_A1,7
ACCGTGACCACGTGGG-1_V13B23-285_A1,1
ACCGTTCCCGCTCTGA-1_V13B23-285_A1,17
ACCTAAGTACCTTTCA-1_V13B23-285_A1,1
ACCTAATCGACTTCCT-1_V13B23-285_A1,3
ACCTACAGTATGTGGT-1_V13B23-285_A1,1
ACCTACTATAAATCTA-1_V13B23-285_A1,1
ACCTCCGCCCTCGCTG-1_V13B23-285_A1,2
ACCTCCGTTATTCACC-1_V13B23-285_A1,1
ACCTGCGTGTCATGTT-1_V13B23-285_A1,3
ACGAAATGGGCGGCAC-1_V13B23-285_A1,4
ACGACTGGTCATACTC-1_V13B23-285_A1,11
ACGAGAACCCATCACG-1_V13B23-285_A1,2
ACGAGATATTTGCTTA-1_V13B23-285_A1,17
ACGAGGATACCACTCT-1_V13B23-285_A1,4
ACGAGGTTTACAACGT-1_V13B23-285_A1,1
ACGAGTACGGATGCCC-1_V13B23-285_A1,11
ACGATACATAGAACTA-1_V13B23-285_A1,4
ACGATACCTATCCTGA-1_V13B23-285_A1,4
ACGATCATACATAGAG-1_V13B23-285_A1,1
ACGATCATCTTGTAAA-1_V13B23-285_A1,1
ACGATGCATATGTTAT-1_V13B23-285_A1,4
ACGATGGATCCGATGC-1_V13B23-285_A1,6
ACGCAAACTAATAGAT-1_V13B23-285_A1,1
ACGCAATCACTACAGC-1_V13B23-285_A1,2
ACGCATACGTTTACTA-1_V13B23-285_A1,1
ACGCATTCGTGAGTAC-1_V13B23-285_A1,4
ACGCCAGATGATTTCT-1_V13B23-285_A1,2
ACGCCGCTAGACGACC-1_V13B23-285_A1,7
ACGCGAAGTCAGACGA-1_V13B23-285_A1,4
ACGCGCTACACAGGGT-1_V13B23-285_A1,1
ACGCGGGCCAAGGACA-1_V13B23-285_A1,1
ACGCGTTTCTTAAGAG-1_V13B23-285_A1,1
ACGCTAGTGATACACT-1_V13B23-285_A1,1
ACGCTGTGAGGCGTAG-1_V13B23-285_A1,3
ACGGAATTTAGCAAAT-1_V13B23-285_A1,6
ACGGACTCTCAAAGCG-1_V13B23-285_A1,2
ACGGATGGTGCGGATA-1_V13B23-285_A1,10
ACGGCACTTGCTTGGG-1_V13B23-285_A1,1
ACGGCCAACATGGACT-1_V13B23-285_A1,1
ACGGCGACGATGGGAA-1_V13B23-285_A1,1
ACGGCGGGTTGCCCTG-1_V13B23-285_A1,6
ACGGCTGGATGTAGAA-1_V13B23-285_A1,1
ACGGGAGTGTCGGCCC-1_V13B23-285_A1,1
ACGGGCGTATGCGACA-1_V13B23-285_A1,1
ACGGGTCATGTGACTT-1_V13B23-285_A1,11
ACGGTACAGTTCAATG-1_V13B23-285_A1,3
ACGTACAGATTTCTCT-1_V13B23-285_A1,15
ACGTAGATTGCTGATG-1_V13B23-285_A1,1
ACGTAGGAGAGTCGCT-1_V13B23-285_A1,11
ACGTATTACTCCGATC-1_V13B23-285_A1,2
ACGTCTCGTTCCGGGA-1_V13B23-285_A1,4
ACGTGACAAAGTAAGT-1_V13B23-285_A1,1
ACGTGCGCCTCGTGCA-1_V13B23-285_A1,2
ACGTTAATGTCGAAGA-1_V13B23-285_A1,3
ACGTTAGATTTGCCCG-1_V13B23-285_A1,4
ACGTTATTGGTCACTC-1_V13B23-285_A1,2
ACGTTCCGCGCTCCGT-1_V13B23-285_A1,9
ACGTTCGCAATCAATT-1_V13B23-285_A1,1
ACGTTCGTTCAGGAAA-1_V13B23-285_A1,2
ACGTTCTGTACAAGTC-1_V13B23-285_A1,1
ACGTTTAGTTGTGATC-1_V13B23-285_A1,3
ACTACATCCCGACAAG-1_V13B23-285_A1,3
ACTACCAGCTCTCTGG-1_V13B23-285_A1,4
ACTACGCGTTAGAATT-1_V13B23-285_A1,2
ACTAGTTGCGATCGTC-1_V13B23-285_A1,2
ACTATCCAGGGCATGG-1_V13B23-285_A1,1
ACTATCGCCGGCTAAA-1_V13B23-285_A1,3
ACTATCTGCCCGCGTA-1_V13B23-285_A1,10
ACTATGTCCAGCTGCC-1_V13B23-285_A1,3
ACTATTCGTCCGTGGT-1_V13B23-285_A1,10
ACTATTTCCGGGCCCA-1_V13B23-285_A1,1
ACTCAACGAATGTATT-1_V13B23-285_A1,2
ACTCAAGTGCAAGGCT-1_V13B23-285_A1,11
ACTCAATAAAGGCACG-1_V13B23-285_A1,1
ACTCAGACCTGCTTCT-1_V13B23-285_A1,3
ACTCCAATATCATCAT-1_V13B23-285_A1,2
ACTCCCATTCCTAAAG-1_V13B23-285_A1,1
ACTCCCGAATTCGTTT-1_V13B23-285_A1,10
ACTCCCTAATGCTAAA-1_V13B23-285_A1,3
ACTCCCTAGAATAGTA-1_V13B23-285_A1,4
ACTCCGGCCGACCACT-1_V13B23-285_A1,2
ACTCGATGTATTTCAT-1_V13B23-285_A1,1
ACTCGCCGTTCGATAA-1_V13B23-285_A1,2
ACTCGCGATCTGACGC-1_V13B23-285_A1,12
ACTCGTAACCCGTCCT-1_V13B23-285_A1,3
ACTCGTCAGTAATCCC-1_V13B23-285_A1,1
ACTCTAAACCTGGGAT-1_V13B23-285_A1,1
ACTCTCTGACTTAGGT-1_V13B23-285_A1,2
ACTCTCTTATACACGA-1_V13B23-285_A1,18
ACTCTGACCTAATAGA-1_V13B23-285_A1,2
ACTCTTGTATAGTAAC-1_V13B23-285_A1,1
ACTGAAACGCCGTTAG-1_V13B23-285_A1,2
ACTGAATGGCGAAAGT-1_V13B23-285_A1,3
ACTGCCGTCGTAACTC-1_V13B23-285_A1,1
ACTGCGGACACACCGT-1_V13B23-285_A1,1
ACTGCTCGGAAGGATG-1_V13B23-285_A1,1
ACTGTACGATACACAT-1_V13B23-285_A1,6
ACTGTAGCACTTTGGA-1_V13B23-285_A1,1
ACTGTATACGCGAGCA-1_V13B23-285_A1,2
ACTGTCCAGGATTATA-1_V13B23-285_A1,4
ACTGTCTTCTTTAGAA-1_V13B23-285_A1,1
ACTGTGCTAGTAGATC-1_V13B23-285_A1,12
ACTGTTTAGTGTAGGC-1_V13B23-285_A1,15
ACTTACGCATCCACGC-1_V13B23-285_A1,2
ACTTAGTACGACAAGA-1_V13B23-285_A1,6
ACTTATACTTACCCGG-1_V13B23-285_A1,1
ACTTATCTGATCTATA-1_V13B23-285_A1,3
ACTTATTAGGATCGGT-1_V13B23-285_A1,4
ACTTATTTATGTGCCA-1_V13B23-285_A1,1
ACTTCAGGCTGATCCC-1_V13B23-285_A1,1
ACTTCCAGTGGAAGCT-1_V13B23-285_A1,3
ACTTCCATGCGGGACA-1_V13B23-285_A1,1
ACTTCGCCATACGCAC-1_V13B23-285_A1,7
ACTTGACTCCCTCTTT-1_V13B23-285_A1,1
ACTTGCCATATTGTAC-1_V13B23-285_A1,9
ACTTGGGACCCGGTGG-1_V13B23-285_A1,4
ACTTGTAGTCCCTTCA-1_V13B23-285_A1,1
ACTTGTGGATGGAACG-1_V13B23-285_A1,10
ACTTTACCCTCATGAA-1_V13B23-285_A1,2
ACTTTCCTATAGCTTC-1_V13B23-285_A1,1
ACTTTGACTGCATCCT-1_V13B23-285_A1,1
ACTTTGGTCGTGCTCC-1_V13B23-285_A1,1
ACTTTGTCGACGCACT-1_V13B23-285_A1,2
AGAAATTATGACTCGC-1_V13B23-285_A1,2
AGAACCCAGCGTGACA-1_V13B23-285_A1,1
AGAACCCTCAATTGGG-1_V13B23-285_A1,1
AGAACGTGGTACATTC-1_V13B23-285_A1,1
AGAAGAGCGCCGTTCC-1_V13B23-285_A1,2
AGAAGGTACACTTCAC-1_V13B23-285_A1,16
AGAAGGTTGCCGAATT-1_V13B23-285_A1,16
AGAAGGTTGTAGGTCG-1_V13B23-285_A1,2
AGAAGTGATTCGTGAT-1_V13B23-285_A1,4
AGAATAAATCTTCAGG-1_V13B23-285_A1,4
AGAATTATGGATTCGA-1_V13B23-285_A1,1
AGAATTGTTTGACATA-1_V13B23-285_A1,6
AGACAGCTCAGAATCC-1_V13B23-285_A1,4
AGACATAGATCCTTCC-1_V13B23-285_A1,2
AGACCAAACCACACCT-1_V13B23-285_A1,1
AGACCATGGGATACAA-1_V13B23-285_A1,1
AGACCCACCGCTGATC-1_V13B23-285_A1,7
AGACCCGCCCTCCTCG-1_V13B23-285_A1,7
AGACCGCTCCGCGGTT-1_V13B23-285_A1,10
AGACGAAGTGCCGGTC-1_V13B23-285_A1,2
AGACGACGATGCCGCT-1_V13B23-285_A1,1
AGACGCCCACTTCGCC-1_V13B23-285_A1,2
AGACTAGCCTTCCAGA-1_V13B23-285_A1,4
AGACTGTTACCGGGTC-1_V13B23-285_A1,1
AGAGAACCGTCTAGGA-1_V13B23-285_A1,5
AGAGAAGGAGTACAAT-1_V13B23-285_A1,1
AGAGATCTCTAAAGCG-1_V13B23-285_A1,4
AGAGCAGTTATGAGAC-1_V13B23-285_A1,1
AGAGCCGCCGAGATTT-1_V13B23-285_A1,2
AGAGCGGGCTAATCAT-1_V13B23-285_A1,11
AGAGCGTACAAGCTCG-1_V13B23-285_A1,3
AGAGCTACGAAAGCAT-1_V13B23-285_A1,11
AGAGGCTTCGGAAACC-1_V13B23-285_A1,1
AGAGGTATCTCGGTCC-1_V13B23-285_A1,8
AGAGTAAACTTCACTA-1_V13B23-285_A1,1
AGAGTATAGTGTTACG-1_V13B23-285_A1,10
AGATAACTTCAGGGCC-1_V13B23-285_A1,1
AGATACCAATAGAACC-1_V13B23-285_A1,1
AGATACCGGTGTTCAC-1_V13B23-285_A1,4
AGATACGACTTCATAT-1_V13B23-285_A1,2
AGATACTCAAGATCGA-1_V13B23-285_A1,1
AGATATAATACGACTA-1_V13B23-285_A1,1
AGATCGTGCATAAGAT-1_V13B23-285_A1,1
AGATCTCAGGTGTGAT-1_V13B23-285_A1,1
AGATGACTCGCCCACG-1_V13B23-285_A1,7
AGATGAGGGTTGCGAT-1_V13B23-285_A1,5
AGATGATGGAGTCTGG-1_V13B23-285_A1,1
AGATGCAAGACGTGCA-1_V13B23-285_A1,1
AGATGCATCCTGTGTC-1_V13B23-285_A1,4
AGATGCTATAACGAGC-1_V13B23-285_A1,8
AGATTATAGGACGTTT-1_V13B23-285_A1,4
AGATTCACAACCGATA-1_V13B23-285_A1,4
AGCAAAGGCCGCTAGT-1_V13B23-285_A1,2
AGCAACATATCTTATT-1_V13B23-285_A1,1
AGCAACCGAAAGTAAT-1_V13B23-285_A1,1
AGCACCAGTACTCACG-1_V13B23-285_A1,1
AGCACTACCGGCCTGT-1_V13B23-285_A1,4
AGCACTACCTCACCAG-1_V13B23-285_A1,1
AGCACTTAAGGACGCC-1_V13B23-285_A1,7
AGCAGAAGGAGAAAGA-1_V13B23-285_A1,2
AGCAGCCAGATGAATA-1_V13B23-285_A1,4
AGCATATCAATATGCT-1_V13B23-285_A1,11
AGCATCATTTCGAAAG-1_V13B23-285_A1,4
AGCATCGTCGATAATT-1_V13B23-285_A1,1
AGCATTACGAGGCAAG-1_V13B23-285_A1,2
AGCCAAGCTTTGTGTC-1_V13B23-285_A1,1
AGCCACAGGTTACCCG-1_V13B23-285_A1,2
AGCCACTCCCGTGCTT-1_V13B23-285_A1,1
AGCCATATAGTATGTG-1_V13B23-285_A1,3
AGCCCATACATGTAAG-1_V13B23-285_A1,3
AGCCCGCAACAAGCAG-1_V13B23-285_A1,1
AGCCCGCACTACAATG-1_V13B23-285_A1,3
AGCCCGGCATTAGAGG-1_V13B23-285_A1,1
AGCCCGGTAGCCTGTA-1_V13B23-285_A1,1
AGCCCTAAGCGAAGTT-1_V13B23-285_A1,11
AGCCCTGTCGCACCGT-1_V13B23-285_A1,1
AGCCCTTCTAATCCGA-1_V13B23-285_A1,18
AGCCCTTGGACATCCC-1_V13B23-285_A1,11
AGCCGCTTGATTAGCG-1_V13B23-285_A1,2
AGCCGTGGCTAAATGT-1_V13B23-285_A1,1
AGCCTAATACCCACGT-1_V13B23-285_A1,4
AGCCTTAAAGCGGAAG-1_V13B23-285_A1,1
AGCGACAGGAACGGTC-1_V13B23-285_A1,1
AGCGACATCCCATTCA-1_V13B23-285_A1,1
AGCGACCAACGATATT-1_V13B23-285_A1,1
AGCGATGCGCCTAATA-1_V13B23-285_A1,2
AGCGCATAATGAATCG-1_V13B23-285_A1,4
AGCGCGGGTGCCAATG-1_V13B23-285_A1,16
AGCGCTAGAGCGATGT-1_V13B23-285_A1,1
AGCGGACACTTCGTAG-1_V13B23-285_A1,1
AGCGGCGGTTAGCGGT-1_V13B23-285_A1,4
AGCGGGAAGGGTCCAT-1_V13B23-285_A1,6
AGCGGGTCTGACACTC-1_V13B23-285_A1,2
AGCGTACGAGAGCTAG-1_V13B23-285_A1,2
AGCGTAGCGCTAGACC-1_V13B23-285_A1,6
AGCGTCTGAACCCGCA-1_V13B23-285_A1,6
AGCGTGGTATTCTACT-1_V13B23-285_A1,3
AGCTAACAAGCAATGT-1_V13B23-285_A1,1
AGCTAAGTACGCAGGC-1_V13B23-285_A1,3
AGCTAGAAGCAGAAGT-1_V13B23-285_A1,1
AGCTATTTAATCCAAC-1_V13B23-285_A1,1
AGCTCCATATATGTTC-1_V13B23-285_A1,11
AGCTCCTTCGCACATC-1_V13B23-285_A1,2
AGCTCTAGACGTTCCA-1_V13B23-285_A1,4
AGCTCTTCCCAGTGCA-1_V13B23-285_A1,2
AGCTCTTCGTAACCTT-1_V13B23-285_A1,7
AGCTCTTTACTCAGTT-1_V13B23-285_A1,4
AGCTGAAGTAAACCAA-1_V13B23-285_A1,7
AGCTGTAACCTCAATC-1_V13B23-285_A1,7
AGCTTATAGAGACCTG-1_V13B23-285_A1,3
AGCTTCTTCTCGAGCA-1_V13B23-285_A1,11
AGCTTGATCTTAACTT-1_V13B23-285_A1,1
AGGAAAGCCTCTGATG-1_V13B23-285_A1,1
AGGAAGCTGTCCGCCG-1_V13B23-285_A1,1
AGGACAGTCGAATCCC-1_V13B23-285_A1,1
AGGACATCGCACGTCG-1_V13B23-285_A1,10
AGGACGACCCATTAGA-1_V13B23-285_A1,4
AGGACGCTCGATGTTG-1_V13B23-285_A1,1
AGGACTTATAGGAGAA-1_V13B23-285_A1,2
AGGAGACATCCACAGT-1_V13B23-285_A1,1
AGGAGGCCTTCGCGCG-1_V13B23-285_A1,10
AGGATAAAGTCGGGAT-1_V13B23-285_A1,1
AGGATATAGGGATTTA-1_V13B23-285_A1,1
AGGATCACGCGATCTG-1_V13B23-285_A1,1
AGGATTGCTTACGACA-1_V13B23-285_A1,2
AGGCAAAGAGGAATCA-1_V13B23-285_A1,1
AGGCACGTGACTGTCC-1_V13B23-285_A1,10
AGGCAGATGCGTAAAC-1_V13B23-285_A1,1
AGGCAGGGAGCGTACT-1_V13B23-285_A1,1
AGGCATTGTCGTAGGG-1_V13B23-285_A1,2
AGGCCACATTGGTTAC-1_V13B23-285_A1,2
AGGCCACCCGTTATGA-1_V13B23-285_A1,4
AGGCCCAGTGACTGGT-1_V13B23-285_A1,2
AGGCCCATTGTACAGG-1_V13B23-285_A1,2
AGGCCCTAGAACGCCA-1_V13B23-285_A1,4
AGGCGGTTTGTCCCGC-1_V13B23-285_A1,1
AGGCTATGGTTAGCTT-1_V13B23-285_A1,1
AGGCTTCCCGAAGAAG-1_V13B23-285_A1,1
AGGCTTGCTAGACACC-1_V13B23-285_A1,1
AGGGAAACGAGGTACT-1_V13B23-285_A1,3
AGGGACAGCACGGCGG-1_V13B23-285_A1,6
AGGGACCGGCTGCGTT-1_V13B23-285_A1,7
AGGGACTCTACGCGAC-1_V13B23-285_A1,4
AGGGAGACATACTTCG-1_V13B23-285_A1,1
AGGGCAGCGGCGTGGT-1_V13B23-285_A1,17
AGGGCGAGCAGCTGAT-1_V13B23-285_A1,4
AGGGCGTGATCGGCTA-1_V13B23-285_A1,2
AGGGCTGCAGTTACAG-1_V13B23-285_A1,4
AGGGTCGATGCGAACT-1_V13B23-285_A1,1
AGGGTGCCGTTCTTTA-1_V13B23-285_A1,3
AGGGTGCTCTCGAGGG-1_V13B23-285_A1,1
AGGGTGGATAGTGCAT-1_V13B23-285_A1,14
AGGGTTCCCTTTGGTT-1_V13B23-285_A1,11
AGGGTTTAGTTCGGGA-1_V13B23-285_A1,4
AGGTAACCTCCTATTC-1_V13B23-285_A1,2
AGGTACGATATTGCCA-1_V13B23-285_A1,8
AGGTAGATCGAGATAT-1_V13B23-285_A1,1
AGGTAGGTACAAAGCT-1_V13B23-285_A1,4
AGGTATAATTGATAGT-1_V13B23-285_A1,1
AGGTATGCGGACATTA-1_V13B23-285_A1,1
AGGTCAGGTGAGAGTG-1_V13B23-285_A1,4
AGGTCGCCACTTCGGT-1_V13B23-285_A1,10
AGGTCGCCTCCCAACA-1_V13B23-285_A1,3
AGGTCGCGGAGTTACT-1_V13B23-285_A1,2
AGGTGCACGTCCACAT-1_V13B23-285_A1,10
AGGTGGTGACCTTCGC-1_V13B23-285_A1,1
AGGTGTATCGCCATGA-1_V13B23-285_A1,3
AGGTTACACCATGCCG-1_V13B23-285_A1,2
AGGTTGAGGCACGCTT-1_V13B23-285_A1,1
AGGTTTCACACACCTT-1_V13B23-285_A1,3
AGTAACTATAGCAGCC-1_V13B23-285_A1,2
AGTAATGTCTTGCCGC-1_V13B23-285_A1,2
AGTACAGAAGCTTATA-1_V13B23-285_A1,1
AGTACATCATTTATCA-1_V13B23-285_A1,2
AGTACGGCCCGTATCG-1_V13B23-285_A1,6
AGTACGGGCACCTGGC-1_V13B23-285_A1,4
AGTACTCTTATGCCCA-1_V13B23-285_A1,1
AGTAGAAGGCGCCTCA-1_V13B23-285_A1,2
AGTAGGAAGGAAGTTG-1_V13B23-285_A1,8
AGTAGGTAACATACAT-1_V13B23-285_A1,2
AGTATAATACTAGGCA-1_V13B23-285_A1,4
AGTATACACAGCGACA-1_V13B23-285_A1,4
AGTATCCATAATAACG-1_V13B23-285_A1,6
AGTATGCTGGAGACCA-1_V13B23-285_A1,2
AGTATTTGGCACGACC-1_V13B23-285_A1,2
AGTCAACACCACCATC-1_V13B23-285_A1,1
AGTCAAGATGACACTT-1_V13B23-285_A1,1
AGTCACTAGCTCTCGA-1_V13B23-285_A1,2
AGTCACTCCGCCTCAT-1_V13B23-285_A1,2
AGTCAGCCACCGCCTG-1_V13B23-285_A1,6
AGTCCAGCGGGTACGT-1_V13B23-285_A1,3
AGTCCATTGGCTGATG-1_V13B23-285_A1,11
AGTCCCGCCTTTAATT-1_V13B23-285_A1,12
AGTCCCTCGCAGAAAG-1_V13B23-285_A1,3
AGTCGACGGTCTCAAG-1_V13B23-285_A1,1
AGTCGGCCCAAACGAC-1_V13B23-285_A1,1
AGTCGGCTCAACTTTA-1_V13B23-285_A1,4
AGTCGGTTGCGTGAGA-1_V13B23-285_A1,1
AGTCGTATAAAGCAGA-1_V13B23-285_A1,2
AGTCGTCGACCACCAA-1_V13B23-285_A1,1
AGTCGTGGGCATTACG-1_V13B23-285_A1,2
AGTCTAAAGTATACTC-1_V13B23-285_A1,10
AGTCTCACAAGACTAC-1_V13B23-285_A1,4
AGTCTGGACATCCTTG-1_V13B23-285_A1,14
AGTCTTCTCCTCAAAT-1_V13B23-285_A1,1
AGTCTTTAAAGTGTCC-1_V13B23-285_A1,10
AGTGAACAAACTTCTC-1_V13B23-285_A1,1
AGTGAAGATGGTGTCC-1_V13B23-285_A1,9
AGTGACCTACTTTACG-1_V13B23-285_A1,14
AGTGAGACTTCCAGTA-1_V13B23-285_A1,1
AGTGAGCCTCGCCGCC-1_V13B23-285_A1,2
AGTGAGTCGAATTAAC-1_V13B23-285_A1,2
AGTGATAACCTGCGCG-1_V13B23-285_A1,2
AGTGATATGAGTAGTT-1_V13B23-285_A1,7
AGTGATTCAAGCAGGA-1_V13B23-285_A1,1
AGTGCACGCTTAAGAA-1_V13B23-285_A1,2
AGTGCGTAGCTCGTAA-1_V13B23-285_A1,7
AGTGCTAAACACAGCA-1_V13B23-285_A1,1
AGTGCTTGCACGAATA-1_V13B23-285_A1,1
AGTGGCGGCAATTTGA-1_V13B23-285_A1,12
AGTGGCGTCTGAAGGT-1_V13B23-285_A1,10
AGTGGCTCCGTCGGCC-1_V13B23-285_A1,1
AGTGGTGTTACCCGTG-1_V13B23-285_A1,1
AGTGGTTGCGTATAGG-1_V13B23-285_A1,4
AGTGTATTGCGCATTG-1_V13B23-285_A1,1
AGTGTGCTAAGATCGC-1_V13B23-285_A1,1
AGTGTGGTCTATTGTG-1_V13B23-285_A1,2
AGTTAAACACTTGCGA-1_V13B23-285_A1,7
AGTTAAGCGGTCCCGG-1_V13B23-285_A1,2
AGTTAAGTCAACCGCT-1_V13B23-285_A1,1
AGTTACCCTTAAGACT-1_V13B23-285_A1,4
AGTTACCGCACATGGT-1_V13B23-285_A1,4
AGTTACTCTATCGTGG-1_V13B23-285_A1,3
AGTTCACCGGTTGGAC-1_V13B23-285_A1,1
AGTTCCTACAGAATTA-1_V13B23-285_A1,1
AGTTCCTATTTATGTT-1_V13B23-285_A1,1
AGTTCTGCGTTGTATC-1_V13B23-285_A1,2
AGTTGACATCGGCTGG-1_V13B23-285_A1,2
AGTTGACGGTCCTTGC-1_V13B23-285_A1,2
AGTTGCTGACTGATAT-1_V13B23-285_A1,6
AGTTGGCAAGGCTAGA-1_V13B23-285_A1,11
AGTTTATGTAAAGACA-1_V13B23-285_A1,1
AGTTTCGCAGGTCGGA-1_V13B23-285_A1,4
AGTTTGCACCTGCCTC-1_V13B23-285_A1,2
AGTTTGGCACGGGTTG-1_V13B23-285_A1,11
AGTTTGGCCAGACCTA-1_V13B23-285_A1,4
ATAAACCATTGGACGG-1_V13B23-285_A1,3
ATAAACGGACCCGTAA-1_V13B23-285_A1,1
ATAAACGTTGCACCAC-1_V13B23-285_A1,10
ATAAAGGCTCGGTCGT-1_V13B23-285_A1,3
ATAAATATTAGCAGCT-1_V13B23-285_A1,4
ATAACGCCGGAGGGTC-1_V13B23-285_A1,1
ATAACGGAGTCCAACG-1_V13B23-285_A1,4
ATAAGGTGGAGAACAT-1_V13B23-285_A1,4
ATAAGTAGGATTCAGA-1_V13B23-285_A1,2
ATAAGTAGGGCGACTC-1_V13B23-285_A1,1
ATAAGTTACCGCGACG-1_V13B23-285_A1,1
ATAATACCGTTAGCCG-1_V13B23-285_A1,2
ATAATAGCTGTTGAAT-1_V13B23-285_A1,4
ATAATAGTGTAGGGAC-1_V13B23-285_A1,2
ATAATCTTGGAGAACC-1_V13B23-285_A1,1
ATAATTAGCTAAGTAG-1_V13B23-285_A1,1
ATACAGGCCCTCCAAT-1_V13B23-285_A1,1
ATACCACGGGCAACTT-1_V13B23-285_A1,3
ATACCAGCAAATTGCT-1_V13B23-285_A1,8
ATACCAGGCTAATAGA-1_V13B23-285_A1,3
ATACCTAACCAAGAAA-1_V13B23-285_A1,1
ATACGAAGGCTTTCCA-1_V13B23-285_A1,2
ATACGCCGATCTACCG-1_V13B23-285_A1,3
ATACGCCGGCGAAACC-1_V13B23-285_A1,4
ATACGGAACGTCGTTT-1_V13B23-285_A1,1
ATACGGGTTTCGATTG-1_V13B23-285_A1,13
ATACGGTGAAGATGCA-1_V13B23-285_A1,1
ATACGTACTTAGCCAC-1_V13B23-285_A1,10
ATACGTCCACTCCTGT-1_V13B23-285_A1,2
ATACGTTATGCACGGA-1_V13B23-285_A1,2
ATACTACCCGTACCAC-1_V13B23-285_A1,1
ATACTAGCATGACCCT-1_V13B23-285_A1,1
ATACTCTCGCCACTCT-1_V13B23-285_A1,6
ATACTGCCTTACACCG-1_V13B23-285_A1,1
ATACTTGTTCTCGAGC-1_V13B23-285_A1,1
ATAGACAACGGGACCT-1_V13B23-285_A1,1
ATAGACGAAGAGAAAG-1_V13B23-285_A1,9
ATAGAGTACTGGGACA-1_V13B23-285_A1,4
ATAGAGTTATCAACTT-1_V13B23-285_A1,1
ATAGCAACTAGGGAAG-1_V13B23-285_A1,1
ATAGCCATAACAGTCA-1_V13B23-285_A1,9
ATAGCCTCAGTACCCA-1_V13B23-285_A1,1
ATAGCTGCTCTTGTTA-1_V13B23-285_A1,2
ATAGGCGGCTATAGAA-1_V13B23-285_A1,4
ATAGGCTAGCTTCGCA-1_V13B23-285_A1,14
ATAGGGATATCCTTGA-1_V13B23-285_A1,4
ATAGGTTGGGCAGATG-1_V13B23-285_A1,3
ATAGTCTTTGACGTGC-1_V13B23-285_A1,5
ATAGTGAAGCGTTCTC-1_V13B23-285_A1,7
ATAGTTCCACCCACTC-1_V13B23-285_A1,1
ATATAAAGCGCTCGTG-1_V13B23-285_A1,2
ATATAAATGTAGCTGC-1_V13B23-285_A1,10
ATATAACACGGGCGCA-1_V13B23-285_A1,12
ATATACATGTATGGTA-1_V13B23-285_A1,1
ATATACGCTCGTGACG-1_V13B23-285_A1,2
ATATAGAGTATTGGTC-1_V13B23-285_A1,1
ATATCAACCTACAGAG-1_V13B23-285_A1,1
ATATCAATTCCAGCCT-1_V13B23-285_A1,1
ATATCGGTAGGGAGAT-1_V13B23-285_A1,1
ATATCGTTCCTCGAAC-1_V13B23-285_A1,10
ATATCTCCCTCGTTAA-1_V13B23-285_A1,1
ATATCTTAGGGCCTTC-1_V13B23-285_A1,4
ATATGTCTCCCTAGCC-1_V13B23-285_A1,1
ATATTCAGTTAAACCT-1_V13B23-285_A1,4
ATATTCCACATAGTGA-1_V13B23-285_A1,10
ATATTCCCACAGGTCA-1_V13B23-285_A1,2
ATATTGCTGTCAAAGT-1_V13B23-285_A1,2
ATATTGGAGAGGCCTT-1_V13B23-285_A1,2
ATATTTAACCCTCAAG-1_V13B23-285_A1,4
ATCAAACACTGTTCCA-1_V13B23-285_A1,1
ATCAAACGAAGGTTTG-1_V13B23-285_A1,3
ATCAATCTGGGCTGCA-1_V13B23-285_A1,1
ATCAATGCCGTGGCTG-1_V13B23-285_A1,4
ATCACATTAGAATATC-1_V13B23-285_A1,13
ATCACGTGCTAATTAA-1_V13B23-285_A1,1
ATCACTTCATCCTCGC-1_V13B23-285_A1,4
ATCAGACGGCACGCCG-1_V13B23-285_A1,4
ATCAGCCTCATGCTGC-1_V13B23-285_A1,11
ATCAGCTCGTCCACTA-1_V13B23-285_A1,1
ATCAGTAGGCAGGGAT-1_V13B23-285_A1,7
ATCATAGCCCTATGTA-1_V13B23-285_A1,2
ATCATCCAATATTTGT-1_V13B23-285_A1,1
ATCATGGACTACCGAC-1_V13B23-285_A1,1
ATCCAACGCAGTCATA-1_V13B23-285_A1,4
ATCCAATGGAGGGTCC-1_V13B23-285_A1,4
ATCCAATGGTACCGAA-1_V13B23-285_A1,1
ATCCACATCGACAGAA-1_V13B23-285_A1,2
ATCCAGAGCAACAACC-1_V13B23-285_A1,1
ATCCAGGATTCGTGAA-1_V13B23-285_A1,7
ATCCCATCCACAGCGC-1_V13B23-285_A1,7
ATCCTACCTAAGCTCT-1_V13B23-285_A1,14
ATCCTGAATCGCTGCG-1_V13B23-285_A1,3
ATCCTGCGTGGAATGG-1_V13B23-285_A1,12
ATCCTGCTGCAGATAG-1_V13B23-285_A1,1
ATCGACCCAATACAGA-1_V13B23-285_A1,1
ATCGACTCTTTCCGTT-1_V13B23-285_A1,1
ATCGCACGATTGTTCA-1_V13B23-285_A1,2
ATCGCACGCCGGGAGA-1_V13B23-285_A1,4
ATCGCCAGTCAACATT-1_V13B23-285_A1,1
ATCGCTGCGTGCAGCA-1_V13B23-285_A1,9
ATCGCTTTACGTCTCA-1_V13B23-285_A1,2
ATCGGAGACAGACGGC-1_V13B23-285_A1,1
ATCGGCAAGCAGTCCA-1_V13B23-285_A1,3
ATCGGTTACCTAGTAA-1_V13B23-285_A1,4
ATCGTATTCCGAGAAC-1_V13B23-285_A1,1
ATCGTCCAATCGAGTC-1_V13B23-285_A1,10
ATCGTGGAAAGTCTGG-1_V13B23-285_A1,1
ATCGTTAGCTAGCGGA-1_V13B23-285_A1,10
ATCTAACGTCCCTATG-1_V13B23-285_A1,8
ATCTAATATCCTACGG-1_V13B23-285_A1,1
ATCTACCATCTGCTCC-1_V13B23-285_A1,11
ATCTAGCTTGTGAGGG-1_V13B23-285_A1,1
ATCTCCCACGGAATAT-1_V13B23-285_A1,11
ATCTCCCTGCAATCTA-1_V13B23-285_A1,2
ATCTCGTGAGCGAAAC-1_V13B23-285_A1,10
ATCTGACATGGAAGGA-1_V13B23-285_A1,10
ATCTGATAGTGTCTTA-1_V13B23-285_A1,2
ATCTGCACCTCTGCGA-1_V13B23-285_A1,2
ATCTGCTGTTATCGCC-1_V13B23-285_A1,2
ATCTGGGCTGTTCTTG-1_V13B23-285_A1,1
ATCTGGTTAAGACTGT-1_V13B23-285_A1,1
ATCTGTAATTGTACCC-1_V13B23-285_A1,11
ATCTTATCGCACACCC-1_V13B23-285_A1,2
ATCTTGACCTGCAACG-1_V13B23-285_A1,1
ATCTTGACTTGTCCAA-1_V13B23-285_A1,1
ATCTTTCGTATAACCA-1_V13B23-285_A1,3
ATGAAGCCAAGGAGCC-1_V13B23-285_A1,4
ATGAAGTGGACCCAGC-1_V13B23-285_A1,1
ATGACGCCGGCTCTAA-1_V13B23-285_A1,1
ATGACGCGTTCTATCC-1_V13B23-285_A1,1
ATGACTATCAGCTGTG-1_V13B23-285_A1,1
ATGACTATGCGACATT-1_V13B23-285_A1,2
ATGAGGAGTGTTAATC-1_V13B23-285_A1,1
ATGAGGGCAGCGGCTA-1_V13B23-285_A1,1
ATGATCGGGAATAGAC-1_V13B23-285_A1,2
ATGATGCAATGGTACA-1_V13B23-285_A1,1
ATGCACCTTCCTTAAT-1_V13B23-285_A1,1
ATGCACGCGCTGTTCA-1_V13B23-285_A1,1
ATGCACTACCGCATTG-1_V13B23-285_A1,1
ATGCATGATCCAGGAT-1_V13B23-285_A1,1
ATGCATTCCGTGATGG-1_V13B23-285_A1,6
ATGCCATTTGCGACCA-1_V13B23-285_A1,2
ATGCCGGTCTTGCATA-1_V13B23-285_A1,1
ATGCCGGTTGATGGGA-1_V13B23-285_A1,1
ATGCGACAGTCCCATT-1_V13B23-285_A1,4
ATGCGAGTCCCACCAC-1_V13B23-285_A1,2
ATGCTCAGTGTTGCAT-1_V13B23-285_A1,3
ATGCTCTGGCGCGGTA-1_V13B23-285_A1,10
ATGCTTAGGAGTTGAT-1_V13B23-285_A1,1
ATGGAAATTTAAGGAG-1_V13B23-285_A1,1
ATGGAACCTTTGCACA-1_V13B23-285_A1,1
ATGGAGCAGGCCGTGA-1_V13B23-285_A1,6
ATGGATCCGGCGTCCG-1_V13B23-285_A1,5
ATGGATTGACCAAACG-1_V13B23-285_A1,4
ATGGCAGCCGAGAAAC-1_V13B23-285_A1,4
ATGGCGGAATAGTCGC-1_V13B23-285_A1,10
ATGGGACCTGCTGAAC-1_V13B23-285_A1,1
ATGGGCCTCGGCCTCT-1_V13B23-285_A1,2
ATGGGTGTATACCTCC-1_V13B23-285_A1,1
ATGGTCGCGTGGTTTC-1_V13B23-285_A1,1
ATGTAAGGCTGCTCTT-1_V13B23-285_A1,1
ATGTACATGCGGTGAG-1_V13B23-285_A1,1
ATGTACGATGACGTCG-1_V13B23-285_A1,1
ATGTAGCGCGCGTAGG-1_V13B23-285_A1,10
ATGTCATTTCCCATTG-1_V13B23-285_A1,1
ATGTGAAAGCCTAATG-1_V13B23-285_A1,4
ATGTGCATCCGACGCA-1_V13B23-285_A1,4
ATGTGGACATCTTGAT-1_V13B23-285_A1,14
ATGTGTAGTTTAGTCA-1_V13B23-285_A1,13
ATGTTACGAGCAATAC-1_V13B23-285_A1,2
ATGTTCCTGCCCACCT-1_V13B23-285_A1,1
ATGTTCGTCGACCCAC-1_V13B23-285_A1,4
ATGTTGATTAGAGACT-1_V13B23-285_A1,2
ATGTTGTAGTCTGTTT-1_V13B23-285_A1,1
ATGTTTCGGCCCGGAG-1_V13B23-285_A1,2
ATTAAACATGCGGACC-1_V13B23-285_A1,1
ATTAACACCTGAGATA-1_V13B23-285_A1,1
ATTAATACTACGCGGG-1_V13B23-285_A1,3
ATTAATGAACCAGTCG-1_V13B23-285_A1,1
ATTAATTCGGTCACTC-1_V13B23-285_A1,3
ATTACAACTACCGGCC-1_V13B23-285_A1,5
ATTACATGTCAGTCTT-1_V13B23-285_A1,12
ATTACCACACTGCCTG-1_V13B23-285_A1,11
ATTACGCGCTGGCAGG-1_V13B23-285_A1,4
ATTACTAGCCTCTTGC-1_V13B23-285_A1,2
ATTACTTACTGGGCAT-1_V13B23-285_A1,2
ATTAGATTCCTCAGCA-1_V13B23-285_A1,2
ATTAGATTGATAGCGG-1_V13B23-285_A1,4
ATTAGGCGATGCTTTC-1_V13B23-285_A1,1
ATTATACTTTGCTCGT-1_V13B23-285_A1,2
ATTATAGCTACTTTAC-1_V13B23-285_A1,1
ATTATCGGAATGTACG-1_V13B23-285_A1,2
ATTATCTCGACAGATC-1_V13B23-285_A1,3
ATTATGCCATAGGGAG-1_V13B23-285_A1,7
ATTATTATGTCCGTCA-1_V13B23-285_A1,1
ATTATTCAGAGTCACT-1_V13B23-285_A1,8
ATTCAAAGTACCTGTT-1_V13B23-285_A1,8
ATTCAACCATTTAAGG-1_V13B23-285_A1,2
ATTCACTGATGTTGGA-1_V13B23-285_A1,3
ATTCAGGACCTATTTC-1_V13B23-285_A1,1
ATTCAGTAGCAGGGTC-1_V13B23-285_A1,4
ATTCATATACTGTCCA-1_V13B23-285_A1,1
ATTCATCGTTGAGGCA-1_V13B23-285_A1,2
ATTCCCACATAAACAA-1_V13B23-285_A1,4
ATTCCTCCGCCAGTGC-1_V13B23-285_A1,1
ATTCCTTCCAGGCGGT-1_V13B23-285_A1,3
ATTCGACGCCGGGCCT-1_V13B23-285_A1,1
ATTCGCGCCTTGAGAG-1_V13B23-285_A1,2
ATTCGTGCTATCTCTT-1_V13B23-285_A1,1
ATTCTCGTCTCTTTAG-1_V13B23-285_A1,6
ATTCTTCGTACTTATG-1_V13B23-285_A1,18
ATTGAAGATCTTAGTG-1_V13B23-285_A1,4
ATTGACCGGCGATGAC-1_V13B23-285_A1,18
ATTGACGTAACTCGGT-1_V13B23-285_A1,17
ATTGATAGCAACGAGA-1_V13B23-285_A1,3
ATTGATCACCACATTT-1_V13B23-285_A1,4
ATTGATGAGTCCTAAC-1_V13B23-285_A1,2
ATTGCCTTTATGTTTG-1_V13B23-285_A1,2
ATTGCGATCAGTAACT-1_V13B23-285_A1,2
ATTGCTGCTCCTCCAT-1_V13B23-285_A1,1
ATTGGATTACAGCGTA-1_V13B23-285_A1,11
ATTGGGAATATCTTGG-1_V13B23-285_A1,2
ATTGGTAGGATCCGCT-1_V13B23-285_A1,1
ATTGGTTGTGCATTAC-1_V13B23-285_A1,11
ATTGTACAACTCGGCT-1_V13B23-285_A1,1
ATTGTCGCAATACCTT-1_V13B23-285_A1,11
ATTGTTCAACGATCCG-1_V13B23-285_A1,2
ATTTAACTCGTATTAC-1_V13B23-285_A1,1
ATTTACAGTTTACTGG-1_V13B23-285_A1,1
ATTTACTAAGTCCATT-1_V13B23-285_A1,2
ATTTCATTATTTCGCG-1_V13B23-285_A1,1
ATTTCCGGGTTCTGCG-1_V13B23-285_A1,2
ATTTGCGCGAGTAGCT-1_V13B23-285_A1,2
ATTTGGAGATTGCGGT-1_V13B23-285_A1,1
ATTTGTCTTGGGAGCT-1_V13B23-285_A1,2
ATTTGTTCCAGGGCTC-1_V13B23-285_A1,1
CAAACCCTCCGGCGGG-1_V13B23-285_A1,2
CAAACGAGTATCGCAG-1_V13B23-285_A1,4
CAAACGGTCGCACTTT-1_V13B23-285_A1,4
CAAACTACGATAGAGA-1_V13B23-285_A1,5
CAAACTCGCGACGCCG-1_V13B23-285_A1,1
CAAAGATTATTGGGCC-1_V13B23-285_A1,2
CAAAGGTCATCTGAAA-1_V13B23-285_A1,1
CAAAGTCAGGTTAGCT-1_V13B23-285_A1,2
CAAATCTCTCACAAGG-1_V13B23-285_A1,4
CAAATGTCCTTCCGTG-1_V13B23-285_A1,4
CAAATTGGATTATGCC-1_V13B23-285_A1,1
CAAATTGTCAGCAAGC-1_V13B23-285_A1,3
CAACACATCTCCTGCC-1_V13B23-285_A1,2
CAACATGGCCTGATAA-1_V13B23-285_A1,3
CAACCAGTGGCCTACC-1_V13B23-285_A1,1
CAACCGCACCTAGACA-1_V13B23-285_A1,8
CAACCTACCGAGCAGT-1_V13B23-285_A1,1
CAACCTGAACCTGCCA-1_V13B23-285_A1,3
CAACGACCCGTTTACA-1_V13B23-285_A1,1
CAACGGTTCTTGATAC-1_V13B23-285_A1,2
CAACGTGGTGGAGTCT-1_V13B23-285_A1,2
CAACTATATCGAATGC-1_V13B23-285_A1,1
CAACTCCTTGATCCCG-1_V13B23-285_A1,1
CAACTGCTCATCCGAT-1_V13B23-285_A1,1
CAACTTGTAGTGGGCA-1_V13B23-285_A1,2
CAAGAGGGCGGAGTAC-1_V13B23-285_A1,1
CAAGATATTATAACGT-1_V13B23-285_A1,14
CAAGCAACGTCGGAGT-1_V13B23-285_A1,4
CAAGCACCAAATGCCT-1_V13B23-285_A1,1
CAAGCGGCACATAATT-1_V13B23-285_A1,10
CAAGGATCGCATGTTC-1_V13B23-285_A1,4
CAAGGCCAGTGGTGCA-1_V13B23-285_A1,2
CAAGGTCCTATAGGCT-1_V13B23-285_A1,1
CAAGTGAACTTTGGTT-1_V13B23-285_A1,2
CAAGTGTGGTTGCAAA-1_V13B23-285_A1,1
CAATAAACCTTGGCCC-1_V13B23-285_A1,1
CAATACGAGAGTCTGA-1_V13B23-285_A1,1
CAATACGCTCTGAGGC-1_V13B23-285_A1,4
CAATATTCTTGACCTA-1_V13B23-285_A1,1
CAATATTGGACTAGTG-1_V13B23-285_A1,2
CAATCCCTATACCAGC-1_V13B23-285_A1,9
CAATCCTGCCGTGGAG-1_V13B23-285_A1,6
CAATGAGGTTCGACTA-1_V13B23-285_A1,1
CAATGCGAGAAGTATC-1_V13B23-285_A1,2
CAATGGATCTCTACCA-1_V13B23-285_A1,9
CAATGGTCGGCCTGGG-1_V13B23-285_A1,9
CAATGTGCCAACCCTT-1_V13B23-285_A1,1
CAATTAAGGGTGATGA-1_V13B23-285_A1,6
CAATTGGGCCGCACTC-1_V13B23-285_A1,4
CAATTTCGTATAAGGG-1_V13B23-285_A1,1
CAATTTGACCGGGAAG-1_V13B23-285_A1,2
CACAAACCGCAGAACT-1_V13B23-285_A1,1
CACAATGAGCTGCTAT-1_V13B23-285_A1,4
CACACACGCTAACGAG-1_V13B23-285_A1,2
CACACAGCTTGCGCTC-1_V13B23-285_A1,1
CACACAGGGATAGATT-1_V13B23-285_A1,1
CACACGCGCTGTCTTA-1_V13B23-285_A1,1
CACAGAGACGAGGACG-1_V13B23-285_A1,3
CACAGCACCCACGGCA-1_V13B23-285_A1,3
CACAGCTAGGGAGTGA-1_V13B23-285_A1,6
CACAGGGCCATATAGT-1_V13B23-285_A1,2
CACAGGGCCGTTGTCA-1_V13B23-285_A1,1
CACAGTCCCGCTTCGC-1_V13B23-285_A1,2
CACAGTTCGCTTCCCA-1_V13B23-285_A1,11
CACATAAGGCGACCGT-1_V13B23-285_A1,3
CACATATTAGCAGGAT-1_V13B23-285_A1,1
CACATCGTGCACGCGC-1_V13B23-285_A1,1
CACATCTCACCGACGA-1_V13B23-285_A1,3
CACATGATTCAGCAAC-1_V13B23-285_A1,4
CACATGTTTGGACATG-1_V13B23-285_A1,2
CACATTCTTTCGATGG-1_V13B23-285_A1,2
CACATTTCTTGTCAGA-1_V13B23-285_A1,1
CACCAATCATCCGTCT-1_V13B23-285_A1,1
CACCACGCCACACAGA-1_V13B23-285_A1,4
CACCAGTCAGCATGCA-1_V13B23-285_A1,1
CACCATCGGAGGAGAC-1_V13B23-285_A1,1
CACCCAAATCTTATGT-1_V13B23-285_A1,3
CACCCACACGTCACCC-1_V13B23-285_A1,10
CACCCACGAGGCAATT-1_V13B23-285_A1,1
CACCCGGTTTGTGACT-1_V13B23-285_A1,1
CACCCTAACAAGATCT-1_V13B23-285_A1,2
CACCCTTGGTGAGACC-1_V13B23-285_A1,1
CACCCTTTCCTCGCTC-1_V13B23-285_A1,2
CACCGATACACCGAGC-1_V13B23-285_A1,17
CACCGCCAGAAGGTTT-1_V13B23-285_A1,1
CACCGCCGACCAGCGA-1_V13B23-285_A1,3
CACCGTATCCCATCCG-1_V13B23-285_A1,1
CACCGTTAGGGATCAC-1_V13B23-285_A1,4
CACCGTTGCGCGATAT-1_V13B23-285_A1,3
CACCTAATAGAGTCGT-1_V13B23-285_A1,10
CACCTAATCAGTTTAC-1_V13B23-285_A1,10
CACCTCGATGGTGGAC-1_V13B23-285_A1,7
CACCTTGCGAAACTCG-1_V13B23-285_A1,1
CACCTTGGCGCCTTTG-1_V13B23-285_A1,2
CACGAAAGTTAGTCCC-1_V13B23-285_A1,1
CACGACTAAAGTTCTG-1_V13B23-285_A1,9
CACGATTGGTCGTTAA-1_V13B23-285_A1,15
CACGCACAGCGCAGCT-1_V13B23-285_A1,16
CACGCAGCGAGGCTTT-1_V13B23-285_A1,4
CACGCGGAACTGTTGC-1_V13B23-285_A1,2
CACGGACGTGGATGGC-1_V13B23-285_A1,5
CACGGGATTGAGGGTT-1_V13B23-285_A1,1
CACGTCAATCAATGGA-1_V13B23-285_A1,1
CACGTCGGCAACCTCT-1_V13B23-285_A1,1
CACGTCGGGTTCTAGA-1_V13B23-285_A1,10
CACGTTCGTGCTCTAG-1_V13B23-285_A1,2
CACGTTTCGTACACAC-1_V13B23-285_A1,2
CACTAAAGTTGCCTAT-1_V13B23-285_A1,4
CACTACGGGAGCTGCC-1_V13B23-285_A1,11
CACTCAAGAGCTATGG-1_V13B23-285_A1,1
CACTCAGCTCTTGAGG-1_V13B23-285_A1,8
CACTCCTATGTAAGAT-1_V13B23-285_A1,7
CACTCCTCTCGGTCGG-1_V13B23-285_A1,1
CACTCGAGCTGAACAA-1_V13B23-285_A1,4
CACTCGGTTAGGAGGA-1_V13B23-285_A1,4
CACTCTTCTGCTAGCC-1_V13B23-285_A1,10
CACTGACGATTGTGGA-1_V13B23-285_A1,1
CACTGTCCAAGTGAGA-1_V13B23-285_A1,7
CACTTAATCAGACGGA-1_V13B23-285_A1,1
CACTTCGCCACAGGCT-1_V13B23-285_A1,2
CACTTCGTCTTATCTC-1_V13B23-285_A1,1
CAGAACTTAGCCCTCT-1_V13B23-285_A1,3
CAGAATAACACACGGA-1_V13B23-285_A1,10
CAGACACCGATCGCTG-1_V13B23-285_A1,1
CAGACCTGTAAGTGTT-1_V13B23-285_A1,2
CAGACGAACCTGATAC-1_V13B23-285_A1,1
CAGAGACGGTCACCCA-1_V13B23-285_A1,1
CAGAGCATGAGCTTGC-1_V13B23-285_A1,3
CAGAGGCGATGCATGA-1_V13B23-285_A1,4
CAGAGTGATTTAACGT-1_V13B23-285_A1,1
CAGATAATGGGCGGGT-1_V13B23-285_A1,10
CAGATACTAACATAGT-1_V13B23-285_A1,1
CAGATCATTTAAAGTC-1_V13B23-285_A1,1
CAGATCCTGGTTTGAA-1_V13B23-285_A1,2
CAGATGTTTGTCCCAA-1_V13B23-285_A1,1
CAGCAGCCCGTTCCTT-1_V13B23-285_A1,1
CAGCAGTCCAGACTAT-1_V13B23-285_A1,2
CAGCAGTCTGTGCTGC-1_V13B23-285_A1,1
CAGCCGGGCCCTCTAT-1_V13B23-285_A1,5
CAGCCTCCTGCAGAGG-1_V13B23-285_A1,1
CAGCCTCTCCTCAAGA-1_V13B23-285_A1,3
CAGCGATTCCCTTCAA-1_V13B23-285_A1,1
CAGCGCCAACACGATA-1_V13B23-285_A1,4
CAGCTCACTGAGACAT-1_V13B23-285_A1,7
CAGCTCGACAAGTTAA-1_V13B23-285_A1,1
CAGCTCGTGCTTGTGT-1_V13B23-285_A1,11
CAGCTGGCGTAACCGT-1_V13B23-285_A1,1
CAGCTTAGTAGGTAGC-1_V13B23-285_A1,4
CAGGAAGACTTTATAT-1_V13B23-285_A1,9
CAGGATATATCGTTGT-1_V13B23-285_A1,4
CAGGATCCGCCCGACC-1_V13B23-285_A1,3
CAGGCAGTCTTACCAG-1_V13B23-285_A1,2
CAGGCCGTTTGGGTGT-1_V13B23-285_A1,4
CAGGCGCACGGTGGTC-1_V13B23-285_A1,2
CAGGCGCCATGCTAGG-1_V13B23-285_A1,1
CAGTAACTATTTATTG-1_V13B23-285_A1,6
CAGTAATCCCTCCCAG-1_V13B23-285_A1,2
CAGTACATTCTCTAAA-1_V13B23-285_A1,1
CAGTACCAGTTTACGT-1_V13B23-285_A1,12
CAGTAGATGATGTCCG-1_V13B23-285_A1,1
CAGTAGCCCACGCGGT-1_V13B23-285_A1,13
CAGTAGCGAGGTAGTA-1_V13B23-285_A1,10
CAGTCGAGGATGCAAT-1_V13B23-285_A1,2
CAGTCGGCCTAGATAT-1_V13B23-285_A1,4
CAGTCTCTCGGCTAAT-1_V13B23-285_A1,2
CAGTCTGTATACTGGG-1_V13B23-285_A1,1
CAGTGAATAAATGACT-1_V13B23-285_A1,4
CAGTGGTTGCACATGA-1_V13B23-285_A1,2
CAGTGTCCGCAGAATG-1_V13B23-285_A1,2
CAGTGTCGGCTGGCCC-1_V13B23-285_A1,10
CAGTTCAAATTGACAC-1_V13B23-285_A1,4
CAGTTCCGCGGGTCGA-1_V13B23-285_A1,1
CATAACGGACAGTCGT-1_V13B23-285_A1,1
CATAAGAAGCTTGGCT-1_V13B23-285_A1,2
CATAAGCTCTCCGTCT-1_V13B23-285_A1,3
CATAATGAGCGGGCGA-1_V13B23-285_A1,6
CATACAAAGCCGAACC-1_V13B23-285_A1,6
CATACACAAAGTCAGC-1_V13B23-285_A1,1
CATACACGGTTCCCAC-1_V13B23-285_A1,1
CATACCCGTACCCAGT-1_V13B23-285_A1,1
CATACGGCGTCTGGGC-1_V13B23-285_A1,1
CATACGGGTGCATGAT-1_V13B23-285_A1,3
CATACTATGTAATTGT-1_V13B23-285_A1,4
CATACTTAGGCAATAC-1_V13B23-285_A1,1
CATACTTCTTTCTCCG-1_V13B23-285_A1,10
CATAGAGGAGATACTA-1_V13B23-285_A1,10
CATAGCCGCCCGGGAT-1_V13B23-285_A1,1
CATAGCGTTGCCCACC-1_V13B23-285_A1,4
CATAGTACATTGAGAG-1_V13B23-285_A1,2
CATAGTAGCATAGTAG-1_V13B23-285_A1,3
CATAGTCAAATACATA-1_V13B23-285_A1,2
CATAGTCCACAAGAAC-1_V13B23-285_A1,1
CATATACTACTGATAA-1_V13B23-285_A1,9
CATATAGGTACAGTCA-1_V13B23-285_A1,16
CATATGTCAGGCTACG-1_V13B23-285_A1,1
CATATTATTTGCCCTA-1_V13B23-285_A1,17
CATCAACACCTACTAA-1_V13B23-285_A1,3
CATCATTACCCTGAGG-1_V13B23-285_A1,11
CATCCCGAGATTCATA-1_V13B23-285_A1,10
CATCCGCAGGCCCGAA-1_V13B23-285_A1,3
CATCCTCTCAAAGATC-1_V13B23-285_A1,11
CATCGAATGGATCTCT-1_V13B23-285_A1,3
CATCGCCCGCGGCCAA-1_V13B23-285_A1,2
CATCGGACGGGTTAAT-1_V13B23-285_A1,4
CATCGTCCGGTTACTA-1_V13B23-285_A1,1
CATCTAGTGAAGGGAA-1_V13B23-285_A1,1
CATCTATCCCGTGTCT-1_V13B23-285_A1,14
CATCTGCAGGATCATT-1_V13B23-285_A1,1
CATCTTACACCACCTC-1_V13B23-285_A1,2
CATGAACCGACATTTG-1_V13B23-285_A1,12
CATGAACCTCTTATCA-1_V13B23-285_A1,8
CATGACTTCGCTGAAT-1_V13B23-285_A1,1
CATGAGATGCACTCTC-1_V13B23-285_A1,1
CATGATCGCTTTGAGA-1_V13B23-285_A1,2
CATGATGCACAATTCT-1_V13B23-285_A1,4
CATGATGGAAGTTAGC-1_V13B23-285_A1,7
CATGCATGGAGACCCT-1_V13B23-285_A1,17
CATGCCAACTCGCAAA-1_V13B23-285_A1,1
CATGCGACCAGTTTAA-1_V13B23-285_A1,1
CATGCGTTAGACAGAA-1_V13B23-285_A1,10
CATGCTGGCTCCAATT-1_V13B23-285_A1,9
CATGGATTGTCTTCCG-1_V13B23-285_A1,1
CATGGCAGGAAGATCG-1_V13B23-285_A1,1
CATGGCTCCCTATGTC-1_V13B23-285_A1,4
CATGGGTATGCCTTAT-1_V13B23-285_A1,10
CATGGGTCGGGTGTGG-1_V13B23-285_A1,4
CATGGTAAGTAGCGTT-1_V13B23-285_A1,1
CATGGTATTAGTTTGT-1_V13B23-285_A1,11
CATGGTCTAGATACCG-1_V13B23-285_A1,1
CATGGTTTATTAATCA-1_V13B23-285_A1,2
CATGTAAGAGACATTT-1_V13B23-285_A1,2
CATGTCTCATTTATGG-1_V13B23-285_A1,1
CATTACATAGATTGTG-1_V13B23-285_A1,1
CATTACGCAGGAAGGG-1_V13B23-285_A1,2
CATTACGTCGGCCCGT-1_V13B23-285_A1,1
CATTATGCTTGTTGTG-1_V13B23-285_A1,4
CATTCACTGACAGCTA-1_V13B23-285_A1,5
CATTCAGGTCAGTGCG-1_V13B23-285_A1,6
CATTCCCATTCCGTCG-1_V13B23-285_A1,1
CATTCCCTAAGTACAA-1_V13B23-285_A1,2
CATTGATGAACACGCC-1_V13B23-285_A1,9
CATTGCGAAATGGGCG-1_V13B23-285_A1,1
CATTGCGGGTCAATTC-1_V13B23-285_A1,1
CATTGTGTGCTAGATC-1_V13B23-285_A1,3
CATTTAGCGGACCATG-1_V13B23-285_A1,7
CATTTCTAGCAGACTA-1_V13B23-285_A1,11
CATTTGAGTGGTACGT-1_V13B23-285_A1,1
CCAAACAGAACCCTCG-1_V13B23-285_A1,4
CCAAAGCAGTTGGTTG-1_V13B23-285_A1,2
CCAAAGTCCCGCTAAC-1_V13B23-285_A1,6
CCAAATAACAAGATTC-1_V13B23-285_A1,2
CCAACGATGCACTGAT-1_V13B23-285_A1,4
CCAACTTGATAGATCC-1_V13B23-285_A1,1
CCAAGAAAGTGGGCGA-1_V13B23-285_A1,3
CCAAGACTTCTGCGAA-1_V13B23-285_A1,14
CCAAGCGTAACTCGTA-1_V13B23-285_A1,4
CCAAGGAACAGAGAGG-1_V13B23-285_A1,10
CCAAGGTTGCCCTTTC-1_V13B23-285_A1,2
CCAAGTTTCTACAGAT-1_V13B23-285_A1,1
CCAATAGATTTCATCT-1_V13B23-285_A1,4
CCAATAGTGCCGTCGA-1_V13B23-285_A1,4
CCAATCGGTAGATCGA-1_V13B23-285_A1,2
CCAATGTCACAGCAAG-1_V13B23-285_A1,4
CCAATTACGGGTCGAG-1_V13B23-285_A1,3
CCAATTGAATGTTAAT-1_V13B23-285_A1,4
CCACAATGTACGTCTT-1_V13B23-285_A1,1
CCACACTGAGATATTA-1_V13B23-285_A1,1
CCACAGCTGAAATCAT-1_V13B23-285_A1,6
CCACAGTACCCATCCT-1_V13B23-285_A1,11
CCACATACTGCACCCA-1_V13B23-285_A1,2
CCACATGGCTCTTTAT-1_V13B23-285_A1,1
CCACCAACTTTACTGT-1_V13B23-285_A1,1
CCACCCAAGGAAAGTG-1_V13B23-285_A1,1
CCACGAATTTAACCTC-1_V13B23-285_A1,1
CCACGAGAAGAGAATC-1_V13B23-285_A1,2
CCACGGAGCCATAAGA-1_V13B23-285_A1,3
CCACGGTGCCCGGTAG-1_V13B23-285_A1,7
CCACGTAAATTAGACT-1_V13B23-285_A1,1
CCACTAAACTGAATCG-1_V13B23-285_A1,3
CCACTATCCGGGTCAC-1_V13B23-285_A1,1
CCACTGGTGGCTGGTT-1_V13B23-285_A1,4
CCACTGTTTGGATTAA-1_V13B23-285_A1,10
CCAGAAAGCAACTCAT-1_V13B23-285_A1,1
CCAGAGACAAAGCCGG-1_V13B23-285_A1,1
CCAGATAGTTGAGTGA-1_V13B23-285_A1,4
CCAGCCTGGACCAATA-1_V13B23-285_A1,3
CCAGCGGGATCACCAG-1_V13B23-285_A1,2
CCAGCTACGCCTCATA-1_V13B23-285_A1,10
CCAGCTCGAACGCATT-1_V13B23-285_A1,1
CCAGCTGATGGTACTT-1_V13B23-285_A1,4
CCAGCTTCCGCCCGCA-1_V13B23-285_A1,1
CCAGGCTGGCGTCTGA-1_V13B23-285_A1,1
CCAGGGACGTGGCCTC-1_V13B23-285_A1,1
CCAGTAGTCTGATCCA-1_V13B23-285_A1,1
CCAGTCAAATCTCTTA-1_V13B23-285_A1,4
CCAGTCCATTATTCGA-1_V13B23-285_A1,2
CCAGTCTAGACGGCGC-1_V13B23-285_A1,1
CCAGTCTTGTCATAGA-1_V13B23-285_A1,7
CCATAAACAACCCGAC-1_V13B23-285_A1,2
CCATAACCTGTGCAGT-1_V13B23-285_A1,1
CCATACCTTTACTTGT-1_V13B23-285_A1,2
CCATACTCGCCTCTCC-1_V13B23-285_A1,1
CCATAGAGGCTGCCAG-1_V13B23-285_A1,1
CCATAGGTTGGCGTGG-1_V13B23-285_A1,7
CCATAGTCAGTAACCC-1_V13B23-285_A1,11
CCATATGGAAACTATA-1_V13B23-285_A1,1
CCATATTGGATCATGA-1_V13B23-285_A1,1
CCATCCATACCAAGTC-1_V13B23-285_A1,12
CCATCGCAGTTAAACT-1_V13B23-285_A1,1
CCATCTCACCAGTGAA-1_V13B23-285_A1,1
CCATCTTGTTCACAAT-1_V13B23-285_A1,6
CCATGCCCTAGATTTC-1_V13B23-285_A1,2
CCATGCCTGTTTAGTA-1_V13B23-285_A1,4
CCATGCTCTGCAGGAA-1_V13B23-285_A1,1
CCATGGCCCTTGTACC-1_V13B23-285_A1,4
CCATTAGCGATAATCC-1_V13B23-285_A1,4
CCATTCCCTGCCCACA-1_V13B23-285_A1,1
CCATTGTTTCCTCCAT-1_V13B23-285_A1,2
CCATTTCTACCTATTA-1_V13B23-285_A1,2
CCCAAACATGCTGCTC-1_V13B23-285_A1,1
CCCAACATACGTCGCG-1_V13B23-285_A1,4
CCCAACCACACTAACA-1_V13B23-285_A1,6
CCCAAGACAGAGTATG-1_V13B23-285_A1,14
CCCAAGTCATTACACT-1_V13B23-285_A1,2
CCCAATGAGATTTGCA-1_V13B23-285_A1,2
CCCAATTTCACAACTT-1_V13B23-285_A1,1
CCCACTCCACGGTATC-1_V13B23-285_A1,1
CCCAGAGGAGGGCGTA-1_V13B23-285_A1,2
CCCAGGTCTGAAGGCT-1_V13B23-285_A1,2
CCCAGTAAACTTGGGA-1_V13B23-285_A1,1
CCCAGTTAAGGCGCCG-1_V13B23-285_A1,1
CCCATATAGGTCGATT-1_V13B23-285_A1,11
CCCGAAGTTTCGCGAA-1_V13B23-285_A1,1
CCCGACCATAGTCCGC-1_V13B23-285_A1,1
CCCGAGTTTCTCCGTA-1_V13B23-285_A1,2
CCCGCAGCGCGAACTA-1_V13B23-285_A1,4
CCCGCCATGCTCCCGT-1_V13B23-285_A1,1
CCCGCGCAATGCACCC-1_V13B23-285_A1,14
CCCGCTTGCCCTCGTC-1_V13B23-285_A1,2
CCCGGCTAGGTGAGAA-1_V13B23-285_A1,8
CCCGGGTCGTTCAGGG-1_V13B23-285_A1,2
CCCGGTGGAAGAACCT-1_V13B23-285_A1,1
CCCGGTGTATCGGAAT-1_V13B23-285_A1,1
CCCGTAAGTCTAGGCC-1_V13B23-285_A1,3
CCCGTAGCTGGGAAGA-1_V13B23-285_A1,11
CCCGTCAGCGTCTGAC-1_V13B23-285_A1,9
CCCGTGAGGGCGGTGA-1_V13B23-285_A1,4
CCCGTTTCGCAGATGT-1_V13B23-285_A1,11
CCCTACTTGAACAATG-1_V13B23-285_A1,10
CCCTAGGCAACAAGAG-1_V13B23-285_A1,4
CCCTAGTGTCAGGTGT-1_V13B23-285_A1,2
CCCTATGTAGAGCAGA-1_V13B23-285_A1,11
CCCTCAAGCTCTTAGT-1_V13B23-285_A1,1
CCCTCATTCTGGAATT-1_V13B23-285_A1,11
CCCTCCTCGCTCGTAT-1_V13B23-285_A1,1
CCCTGAAATGAGTTGA-1_V13B23-285_A1,4
CCCTGATGTAACTCGT-1_V13B23-285_A1,6
CCCTGCCCAATCCGCT-1_V13B23-285_A1,1
CCCTGCGCTACGCATA-1_V13B23-285_A1,4
CCCTGGCTGTTCCTTC-1_V13B23-285_A1,7
CCCTGGTATGGGCGGC-1_V13B23-285_A1,17
CCCTGTTGGCAAAGAC-1_V13B23-285_A1,1
CCCTTCTCGTACGCGA-1_V13B23-285_A1,3
CCCTTTAATGGAGTTC-1_V13B23-285_A1,11
CCCTTTGACAGGTCTT-1_V13B23-285_A1,3
CCGAAAGTGGTGAGCA-1_V13B23-285_A1,2
CCGAACACTGGGCCTC-1_V13B23-285_A1,4
CCGAACCTTCCCGGCC-1_V13B23-285_A1,1
CCGAAGTATATTGTTC-1_V13B23-285_A1,3
CCGACAAACACATGAG-1_V13B23-285_A1,6
CCGACAAAGGGAGTGC-1_V13B23-285_A1,7
CCGACAATAGGCCGCC-1_V13B23-285_A1,10
CCGACGGGCATGAGGT-1_V13B23-285_A1,1
CCGACGTAAACACAAC-1_V13B23-285_A1,9
CCGAGAAGTCGCATAA-1_V13B23-285_A1,1
CCGAGGGATGTTAGGC-1_V13B23-285_A1,9
CCGATCTCAACCTTAT-1_V13B23-285_A1,1
CCGATTCGAGGGACCC-1_V13B23-285_A1,4
CCGCACAAAGACCAAC-1_V13B23-285_A1,4
CCGCACACGAACGTGT-1_V13B23-285_A1,1
CCGCACGTGACCTCGG-1_V13B23-285_A1,1
CCGCACTTGCAATGAC-1_V13B23-285_A1,11
CCGCATGTGGTACGAT-1_V13B23-285_A1,1
CCGCCACCACAATCCA-1_V13B23-285_A1,8
CCGCCGGAACTTCTCG-1_V13B23-285_A1,1
CCGCCGGTCAACACAC-1_V13B23-285_A1,2
CCGCCGTTGAGGATAA-1_V13B23-285_A1,1
CCGCCTGCGAATTGGT-1_V13B23-285_A1,5
CCGCCTTGCGATGTCG-1_V13B23-285_A1,4
CCGCGATTTGGTAGGT-1_V13B23-285_A1,1
CCGCGGAATGCGTCAC-1_V13B23-285_A1,4
CCGCGGGTACGAAGAA-1_V13B23-285_A1,4
CCGCGTAGGTAAGGGC-1_V13B23-285_A1,4
CCGCTATCAGCACCAG-1_V13B23-285_A1,1
CCGCTCCAGGGCGATC-1_V13B23-285_A1,3
CCGCTCTTCCGAACTA-1_V13B23-285_A1,2
CCGCTGGTGCCATTCA-1_V13B23-285_A1,18
CCGCTTACCTCACTCT-1_V13B23-285_A1,4
CCGCTTCGCGGTTAAC-1_V13B23-285_A1,6
CCGCTTGCTGACATGG-1_V13B23-285_A1,1
CCGGAATGGTTTCAGT-1_V13B23-285_A1,1
CCGGAGCGTACTTTCT-1_V13B23-285_A1,1
CCGGCACGACCGTTTC-1_V13B23-285_A1,1
CCGGCCGCGAGCATAT-1_V13B23-285_A1,1
CCGGCGCATATTGGAT-1_V13B23-285_A1,3
CCGGCGTGAGACTCTG-1_V13B23-285_A1,1
CCGGGACCCGCAGAGA-1_V13B23-285_A1,2
CCGGGCGGTCTCGTCA-1_V13B23-285_A1,14
CCGGGCTGCTCCATAC-1_V13B23-285_A1,1
CCGGGTTCGAGGTTAC-1_V13B23-285_A1,1
CCGGTAATGGCTAGTC-1_V13B23-285_A1,1
CCGGTGCGAGTGATAG-1_V13B23-285_A1,8
CCGGTTTGTAATTGTG-1_V13B23-285_A1,1
CCGTAAGTTGGTCCCA-1_V13B23-285_A1,6
CCGTACCCAAGCGCCA-1_V13B23-285_A1,2
CCGTAGGAAATCCCTG-1_V13B23-285_A1,11
CCGTAGGGTTGTTTAC-1_V13B23-285_A1,10
CCGTATCTCGTCGTAG-1_V13B23-285_A1,2
CCGTGAGGCATTCATG-1_V13B23-285_A1,1
CCGTGCCCATGACGGC-1_V13B23-285_A1,3
CCGTGGAACGATCCAA-1_V13B23-285_A1,14
CCGTGTTAAATTCCAT-1_V13B23-285_A1,4
CCGTTACGTTAGAACA-1_V13B23-285_A1,2
CCGTTCCGAATCTCGG-1_V13B23-285_A1,14
CCTAAAGGCTGACGCT-1_V13B23-285_A1,3
CCTAAATTAACGGTTC-1_V13B23-285_A1,1
CCTAAATTGTATCCTA-1_V13B23-285_A1,11
CCTAACCCAAACAAGT-1_V13B23-285_A1,3
CCTAACTAAGGCTCTA-1_V13B23-285_A1,2
CCTAAGTGTCTAACCG-1_V13B23-285_A1,8
CCTACATTCACAGACG-1_V13B23-285_A1,4
CCTACGGCTCAGTCGA-1_V13B23-285_A1,2
CCTACTCAACACGATT-1_V13B23-285_A1,2
CCTACTGCTTACACTT-1_V13B23-285_A1,4
CCTAGGCGTAGCGATC-1_V13B23-285_A1,2
CCTAGGTAAAGGTAGC-1_V13B23-285_A1,1
CCTAGTTAGTCGCATG-1_V13B23-285_A1,8
CCTATAATGAGTGCCC-1_V13B23-285_A1,2
CCTATACCGTCCTGTC-1_V13B23-285_A1,1
CCTATATCGTGTCACG-1_V13B23-285_A1,1
CCTATATTTGTCCTGG-1_V13B23-285_A1,1
CCTATCTATATCGGAA-1_V13B23-285_A1,1
CCTATGAAGTGGTGCC-1_V13B23-285_A1,1
CCTATGGCTCCTAGTG-1_V13B23-285_A1,10
CCTATGGGTTACCGTC-1_V13B23-285_A1,3
CCTATGGTCAAAGCTG-1_V13B23-285_A1,2
CCTATGTCCACTCCAC-1_V13B23-285_A1,10
CCTCAACGATCGCTGT-1_V13B23-285_A1,8
CCTCACCAATCTTGAC-1_V13B23-285_A1,2
CCTCACCTGAGGGAGC-1_V13B23-285_A1,2
CCTCACCTTAGCATCG-1_V13B23-285_A1,1
CCTCATGCAGCTACGA-1_V13B23-285_A1,2
CCTCCCGACAATCCCT-1_V13B23-285_A1,9
CCTCCGACAATTCAAG-1_V13B23-285_A1,1
CCTCCTGAGCCCACAT-1_V13B23-285_A1,12
CCTCCTGTTGTGTCGT-1_V13B23-285_A1,2
CCTCGAAGTGGACGGG-1_V13B23-285_A1,1
CCTCGCCAGCAAATTA-1_V13B23-285_A1,3
CCTCGCGCGATATAGG-1_V13B23-285_A1,1
CCTCGCGCTGTGCGAT-1_V13B23-285_A1,1
CCTCGGACCGGGATAG-1_V13B23-285_A1,1
CCTCGGATGCTACCTG-1_V13B23-285_A1,2
CCTCTAATCTGCCAAG-1_V13B23-285_A1,3
CCTCTATCGATTAGCA-1_V13B23-285_A1,1
CCTCTCTCCCATCTAG-1_V13B23-285_A1,1
CCTCTGGCCTAGACGG-1_V13B23-285_A1,2
CCTCTGTACTATTCTA-1_V13B23-285_A1,3
CCTGAACGATATATTC-1_V13B23-285_A1,1
CCTGAATATTTACATA-1_V13B23-285_A1,4
CCTGACAAACTCGCGC-1_V13B23-285_A1,1
CCTGACCACCGATGGT-1_V13B23-285_A1,4
CCTGCCCGTTGTCTAG-1_V13B23-285_A1,1
CCTGCGATAGAACTGT-1_V13B23-285_A1,2
CCTGCGTTCTACGCTT-1_V13B23-285_A1,1
CCTGCTATTTGAGAAG-1_V13B23-285_A1,4
CCTGGAAACGTTCTGC-1_V13B23-285_A1,1
CCTGGCTAGACCCGCC-1_V13B23-285_A1,7
CCTGGTCGAATGTGGG-1_V13B23-285_A1,1
CCTGTAAGACATGATA-1_V13B23-285_A1,4
CCTGTACTCACGCCCA-1_V13B23-285_A1,1
CCTGTCACCCGGGCTC-1_V13B23-285_A1,1
CCTGTCCCTCACGTTA-1_V13B23-285_A1,1
CCTGTCGCCCGTAAAT-1_V13B23-285_A1,9
CCTGTGAAACCGTAAC-1_V13B23-285_A1,1
CCTGTGCATAGGAGAC-1_V13B23-285_A1,3
CCTGTTTGAAGACACG-1_V13B23-285_A1,2
CCTTCAGTTAAAGTGA-1_V13B23-285_A1,2
CCTTCGTATAGAATCC-1_V13B23-285_A1,10
CCTTCTCAGCGTTCCT-1_V13B23-285_A1,1
CCTTCTTGATCCAGTG-1_V13B23-285_A1,1
CCTTGACCACTTTATT-1_V13B23-285_A1,11
CCTTTAAGGGAGCACT-1_V13B23-285_A1,1
CCTTTCAATGAAGAAA-1_V13B23-285_A1,1
CCTTTGAATTATGGCT-1_V13B23-285_A1,1
CGAAACGCAATTCATG-1_V13B23-285_A1,4
CGAACAGTATGGGCGT-1_V13B23-285_A1,1
CGAACCCGCATGCGTC-1_V13B23-285_A1,1
CGAACGCCCAGTGCCG-1_V13B23-285_A1,1
CGAACGGCCGGACAAC-1_V13B23-285_A1,1
CGAAGACGGTGAGTGC-1_V13B23-285_A1,4
CGAAGACTGCCCGGGA-1_V13B23-285_A1,8
CGAAGCTATAAATTCA-1_V13B23-285_A1,5
CGAAGTTGCTCTGTGT-1_V13B23-285_A1,1
CGAATCTGCTCGACGC-1_V13B23-285_A1,2
CGAATGAAGTCATTGC-1_V13B23-285_A1,2
CGAATGACGCATAATG-1_V13B23-285_A1,1
CGACAATTTGATCTAA-1_V13B23-285_A1,2
CGACACGCTCCGACAG-1_V13B23-285_A1,2
CGACAGTTCGCGTTAT-1_V13B23-285_A1,4
CGACATGCGATCTTCT-1_V13B23-285_A1,1
CGACCCTTAACGCCGG-1_V13B23-285_A1,1
CGACCTACTAGACAAT-1_V13B23-285_A1,12
CGACGCATCCGTACCT-1_V13B23-285_A1,1
CGACTCAGGATGTTAT-1_V13B23-285_A1,16
CGACTTTGTATAGCCT-1_V13B23-285_A1,1
CGAGACCCTAGAGTGT-1_V13B23-285_A1,12
CGAGAGATGTGAACCT-1_V13B23-285_A1,3
CGAGAGCGCGTAGATA-1_V13B23-285_A1,1
CGAGAGCTTTCACTAC-1_V13B23-285_A1,1
CGAGAGGGTAGCCGCG-1_V13B23-285_A1,2
CGAGATGTTGCCTATA-1_V13B23-285_A1,3
CGAGATTTCGCTCGGG-1_V13B23-285_A1,1
CGAGCACTTCAAGTTT-1_V13B23-285_A1,1
CGAGCCGAGCACTCGA-1_V13B23-285_A1,2
CGAGCGTTGATCAGCC-1_V13B23-285_A1,2
CGAGCTGGGCTTTAGG-1_V13B23-285_A1,1
CGAGGAGCTTCCATAT-1_V13B23-285_A1,1
CGAGGATCGGGAACGA-1_V13B23-285_A1,1
CGAGGCCAGGCATTGG-1_V13B23-285_A1,6
CGAGGCTAAATATGGC-1_V13B23-285_A1,7
CGAGGGACTGCGGTCG-1_V13B23-285_A1,1
CGAGGGTATCCAGGTG-1_V13B23-285_A1,1
CGAGTACTAAAGAGGA-1_V13B23-285_A1,4
CGAGTGAAGGTACCAG-1_V13B23-285_A1,7
CGAGTGCTATAGTTCG-1_V13B23-285_A1,10
CGAGTTCTGTCCCACC-1_V13B23-285_A1,1
CGAGTTTATCGGACTG-1_V13B23-285_A1,1
CGATAATACTCAGGTT-1_V13B23-285_A1,1
CGATACCTCGCGGACA-1_V13B23-285_A1,4
CGATAGTCGTACTGCA-1_V13B23-285_A1,12
CGATATTAGCCGCAGG-1_V13B23-285_A1,2
CGATCCGACCCAGTGC-1_V13B23-285_A1,4
CGATCCTCGCAACATA-1_V13B23-285_A1,3
CGATCTGTTGGAGGAC-1_V13B23-285_A1,1
CGATGGACCCTACGCC-1_V13B23-285_A1,1
CGATGTTGTTATCTAC-1_V13B23-285_A1,1
CGATTAAATATCTCCT-1_V13B23-285_A1,1
CGATTCGCCTGGCTGC-1_V13B23-285_A1,14
CGCAAACACGAGTTAC-1_V13B23-285_A1,4
CGCAATCGATCATTAG-1_V13B23-285_A1,4
CGCAATTACTTTCGGT-1_V13B23-285_A1,4
CGCAATTAGGGTAATA-1_V13B23-285_A1,4
CGCAATTCTACAATAA-1_V13B23-285_A1,1
CGCACATGTCCACTAC-1_V13B23-285_A1,3
CGCACGTGCGCTATCA-1_V13B23-285_A1,2
CGCAGAAACATTTGCG-1_V13B23-285_A1,1
CGCAGATCTTCACCCG-1_V13B23-285_A1,1
CGCAGGCGATCCAAAC-1_V13B23-285_A1,1
CGCATCATGGCTTCAG-1_V13B23-285_A1,5
CGCATCCATCAGCCAG-1_V13B23-285_A1,1
CGCATGCCGAATGCGT-1_V13B23-285_A1,2
CGCATGGTGCGATGCT-1_V13B23-285_A1,1
CGCATTAGCTAATAGG-1_V13B23-285_A1,4
CGCCAAGAAGCCGAGT-1_V13B23-285_A1,4
CGCCACAGGTCGCGAT-1_V13B23-285_A1,1
CGCCACCCGCATTAAC-1_V13B23-285_A1,1
CGCCATCCGATTATGA-1_V13B23-285_A1,4
CGCCCAGCACGCCTAG-1_V13B23-285_A1,1
CGCCCAGCGTTTCACG-1_V13B23-285_A1,2
CGCCCGCTTCCGTACA-1_V13B23-285_A1,2
CGCCCTTGAAGGCTGA-1_V13B23-285_A1,14
CGCCGACTATTCGCTA-1_V13B23-285_A1,4
CGCCGCCCATGCCTGT-1_V13B23-285_A1,1
CGCCGTCTACCCATCG-1_V13B23-285_A1,1
CGCCGTTCAGCATAGT-1_V13B23-285_A1,1
CGCCTCCCTCCTCTAT-1_V13B23-285_A1,1
CGCCTGGCCTACGTAA-1_V13B23-285_A1,4
CGCCTTTAGCATGCTC-1_V13B23-285_A1,12
CGCGAAGTGGCATACT-1_V13B23-285_A1,10
CGCGACACTGCGCAGC-1_V13B23-285_A1,4
CGCGACCGCGACAGAT-1_V13B23-285_A1,1
CGCGAGTCTGCCGGGT-1_V13B23-285_A1,2
CGCGCAAATGTCCAGA-1_V13B23-285_A1,12
CGCGCAAGGAACTACA-1_V13B23-285_A1,2
CGCGCATGTTTGATTG-1_V13B23-285_A1,4
CGCGCCCGACTTAATA-1_V13B23-285_A1,1
CGCGGCAGTATTACGG-1_V13B23-285_A1,2
CGCGGCTCAACTTGAA-1_V13B23-285_A1,3
CGCGGGAATTAGGCAG-1_V13B23-285_A1,3
CGCGGTAAGTCTAGCT-1_V13B23-285_A1,1
CGCGGTACGGTATACA-1_V13B23-285_A1,10
CGCGGTCACAAACCAA-1_V13B23-285_A1,18
CGCGTGCTATCAACGA-1_V13B23-285_A1,9
CGCGTTCATGAAATAC-1_V13B23-285_A1,7
CGCTACCGCCCTATGA-1_V13B23-285_A1,2
CGCTACGGGACATTTA-1_V13B23-285_A1,4
CGCTAGAGACCGCTGC-1_V13B23-285_A1,1
CGCTATACCGCCCACT-1_V13B23-285_A1,2
CGCTATTCAATGTATG-1_V13B23-285_A1,10
CGCTATTCTTAGGCTC-1_V13B23-285_A1,7
CGCTCGACATAATGAT-1_V13B23-285_A1,1
CGCTCTCCGTAGATTA-1_V13B23-285_A1,4
CGCTGAGGACGTCCAA-1_V13B23-285_A1,12
CGCTGGTGACTACCCT-1_V13B23-285_A1,2
CGCTGTGACGCCGCAC-1_V13B23-285_A1,4
CGCTGTGTGGATGTTG-1_V13B23-285_A1,1
CGCTTAGTATTGATAC-1_V13B23-285_A1,11
CGCTTATTCCCGGTCG-1_V13B23-285_A1,3
CGCTTCCACTGAAATC-1_V13B23-285_A1,2
CGCTTCGGTCTAAGAC-1_V13B23-285_A1,11
CGCTTGGACGGATAGA-1_V13B23-285_A1,2
CGCTTTCATACCGGTG-1_V13B23-285_A1,2
CGCTTTCTTGCATTCG-1_V13B23-285_A1,10
CGGAAAGAATCAAACG-1_V13B23-285_A1,12
CGGAAAGCAAATGTGC-1_V13B23-285_A1,1
CGGAACGTAAACATAG-1_V13B23-285_A1,1
CGGACCTTTACGTCCC-1_V13B23-285_A1,3
CGGACGTTACTTGAAG-1_V13B23-285_A1,4
CGGAGCAATTTAATCG-1_V13B23-285_A1,4
CGGAGCATGGCGATCC-1_V13B23-285_A1,1
CGGAGCTTATAACACC-1_V13B23-285_A1,5
CGGAGTTTGAGAGACA-1_V13B23-285_A1,4
CGGATAAGCGGACATG-1_V13B23-285_A1,3
CGGATCCTCAAGGACT-1_V13B23-285_A1,2
CGGCAAACATCGTGCG-1_V13B23-285_A1,1
CGGCAATAAGATCGCC-1_V13B23-285_A1,12
CGGCACCGTTAGCGCC-1_V13B23-285_A1,5
CGGCACTCAAGAAAGT-1_V13B23-285_A1,14
CGGCAGGGTCGGGTTG-1_V13B23-285_A1,2
CGGCCACGCACAAAGT-1_V13B23-285_A1,1
CGGCCAGAGCGACCAT-1_V13B23-285_A1,3
CGGCCCAACCTGTAGT-1_V13B23-285_A1,1
CGGCCCAGGTATATCC-1_V13B23-285_A1,1
CGGCGCCATCAATCCC-1_V13B23-285_A1,1
CGGCTCTAAAGCTGCA-1_V13B23-285_A1,1
CGGCTCTTCGTCGAAC-1_V13B23-285_A1,5
CGGCTTTGTATGATAA-1_V13B23-285_A1,9
CGGGAATATAGTATAC-1_V13B23-285_A1,1
CGGGAATTTATGTAAA-1_V13B23-285_A1,4
CGGGAGCTTCAGTGTA-1_V13B23-285_A1,2
CGGGAGTATACCGCCG-1_V13B23-285_A1,2
CGGGATCAATGTAAGA-1_V13B23-285_A1,4
CGGGCAGCTAAACCGC-1_V13B23-285_A1,4
CGGGCCATAGCCGCAC-1_V13B23-285_A1,3
CGGGCCTTCTTTGTAA-1_V13B23-285_A1,1
CGGGCGATGGATCACG-1_V13B23-285_A1,10
CGGGTGTACCCATTTA-1_V13B23-285_A1,2
CGGGTTGTAGCTTTGG-1_V13B23-285_A1,8
CGGGTTTGTTAGGGCT-1_V13B23-285_A1,2
CGGTACGGCAAACCCA-1_V13B23-285_A1,2
CGGTACTAGAATCAAA-1_V13B23-285_A1,1
CGGTAGAGGTGCAGGT-1_V13B23-285_A1,2
CGGTCAAGTGGGAACC-1_V13B23-285_A1,1
CGGTCCATGAGACTCC-1_V13B23-285_A1,5
CGGTCCGTCGCAAGCC-1_V13B23-285_A1,1
CGGTCTATCAACCCGT-1_V13B23-285_A1,2
CGGTGAAGACTAAAGT-1_V13B23-285_A1,4
CGGTGCAGATAGAACG-1_V13B23-285_A1,1
CGGTGCGCGTTGGTCC-1_V13B23-285_A1,1
CGGTGGGCTCCAGCCT-1_V13B23-285_A1,17
CGGTGTACTTGATCCC-1_V13B23-285_A1,2
CGGTTATCCAACAGTG-1_V13B23-285_A1,1
CGGTTCAAGTAGGTGT-1_V13B23-285_A1,2
CGGTTCCGGCTTCTTG-1_V13B23-285_A1,2
CGGTTGACCTGGCATA-1_V13B23-285_A1,1
CGTAAACGCTTGAGTG-1_V13B23-285_A1,6
CGTAACTTCGACACTT-1_V13B23-285_A1,1
CGTAATAATTACGAGT-1_V13B23-285_A1,2
CGTACCGAAAGTCTAG-1_V13B23-285_A1,3
CGTACCTGATAGGCCT-1_V13B23-285_A1,4
CGTAGAGAGTAATTAT-1_V13B23-285_A1,1
CGTAGCGAATTGTCAG-1_V13B23-285_A1,6
CGTAGCGCCGACGTTG-1_V13B23-285_A1,2
CGTATTAAGAGATCTA-1_V13B23-285_A1,3
CGTCAAGGCTATAAAT-1_V13B23-285_A1,1
CGTCAATCTTTAACAT-1_V13B23-285_A1,1
CGTCACGTCCATTGGT-1_V13B23-285_A1,7
CGTCAGCTATTTACTC-1_V13B23-285_A1,2
CGTCAGTGCGCACAAG-1_V13B23-285_A1,2
CGTCATACCATATCCA-1_V13B23-285_A1,2
CGTCCAGATGGCTCCA-1_V13B23-285_A1,3
CGTCCTCATCGCGTGC-1_V13B23-285_A1,2
CGTCGCATGTGAGCCA-1_V13B23-285_A1,10
CGTCGCGGCGGGATTT-1_V13B23-285_A1,6
CGTCGCTTGGTTATAC-1_V13B23-285_A1,2
CGTCGGATAGTGTTGA-1_V13B23-285_A1,1
CGTCGGGTCTAAGCGC-1_V13B23-285_A1,1
CGTCGTCCTTCGCGAA-1_V13B23-285_A1,2
CGTCTGGAAGGGCCCG-1_V13B23-285_A1,9
CGTCTTGAGTGTGACG-1_V13B23-285_A1,1
CGTGAAGTTAATTCAC-1_V13B23-285_A1,1
CGTGACATTGGGTCGT-1_V13B23-285_A1,3
CGTGACCAGTCCTCTG-1_V13B23-285_A1,11
CGTGCAGACTGGGACA-1_V13B23-285_A1,1
CGTGCATTGTCGACGC-1_V13B23-285_A1,1
CGTGCCCTCCCGAAGA-1_V13B23-285_A1,14
CGTGCTGGCCTAGTCG-1_V13B23-285_A1,3
CGTGCTTCTACCTAAA-1_V13B23-285_A1,1
CGTGGAAGCCTCGTAC-1_V13B23-285_A1,2
CGTGGCCGAATATCTA-1_V13B23-285_A1,2
CGTGGTACCCAAAGGC-1_V13B23-285_A1,3
CGTGTATGGGAGCTGA-1_V13B23-285_A1,2
CGTGTCCCATTCGCGA-1_V13B23-285_A1,3
CGTGTCTCGTTACGAC-1_V13B23-285_A1,2
CGTGTGTTAAACCCTG-1_V13B23-285_A1,1
CGTTAAACTAGTTAGG-1_V13B23-285_A1,1
CGTTAATGTCCCGACG-1_V13B23-285_A1,11
CGTTAGCTCACAACTG-1_V13B23-285_A1,1
CGTTATCATACTTCCA-1_V13B23-285_A1,4
CGTTCAGACCCGCGAA-1_V13B23-285_A1,2
CGTTCATGGTGCGCGT-1_V13B23-285_A1,4
CGTTCTTCGCACACCT-1_V13B23-285_A1,20
CGTTGAATACCGCGCT-1_V13B23-285_A1,3
CGTTGAGCGACCGTCG-1_V13B23-285_A1,1
CGTTGCCCGCGTGGGA-1_V13B23-285_A1,1
CGTTGTAAACGTCAGG-1_V13B23-285_A1,1
CGTTGTAAGATTGATT-1_V13B23-285_A1,1
CGTTGTCGGCAATTGA-1_V13B23-285_A1,2
CGTTGTTTCAATTCCC-1_V13B23-285_A1,1
CGTTTAAGCGGAGCAC-1_V13B23-285_A1,2
CGTTTACAAGGCAGCT-1_V13B23-285_A1,9
CGTTTCACTTCGGGCG-1_V13B23-285_A1,2
CGTTTCGCTCATTACA-1_V13B23-285_A1,4
CGTTTGGTGTTGTGGG-1_V13B23-285_A1,11
CGTTTGTGTAGAGGGT-1_V13B23-285_A1,7
CTAAACGGGTGTAATC-1_V13B23-285_A1,6
CTAAAGAATGCCTACT-1_V13B23-285_A1,4
CTAAAGGGAAATAGGA-1_V13B23-285_A1,7
CTAAAGTCCGAAGCTA-1_V13B23-285_A1,6
CTAAATCCGGTGTACA-1_V13B23-285_A1,1
CTAAATCCTATTCCGG-1_V13B23-285_A1,9
CTAACCGCGCGCCCGT-1_V13B23-285_A1,1
CTAACGAAACTTGCTG-1_V13B23-285_A1,2
CTAACTGATAATCGCC-1_V13B23-285_A1,2
CTAACTGGTCCGGTTC-1_V13B23-285_A1,4
CTAAGGGAATGATTGG-1_V13B23-285_A1,1
CTAATTCGCACGCGCT-1_V13B23-285_A1,4
CTAATTCTCAGATATT-1_V13B23-285_A1,2
CTAATTTCAACAACAC-1_V13B23-285_A1,2
CTACAAGAAATAACCC-1_V13B23-285_A1,1
CTACACTAGCTTGTTC-1_V13B23-285_A1,2
CTACACTCGCAGATGG-1_V13B23-285_A1,2
CTACCCTAAGGTCATA-1_V13B23-285_A1,1
CTACGACTAGCTATAA-1_V13B23-285_A1,4
CTACGCACGGAGTACC-1_V13B23-285_A1,4
CTACGCCATTTCCGAT-1_V13B23-285_A1,7
CTACGTGTTGCCACCA-1_V13B23-285_A1,10
CTACTATCATAGGTTT-1_V13B23-285_A1,1
CTACTATCTTTCAGAG-1_V13B23-285_A1,1
CTACTCAAGGTATAGT-1_V13B23-285_A1,2
CTACTCTAGGCCCGGC-1_V13B23-285_A1,4
CTACTGCCACCTGACC-1_V13B23-285_A1,1
CTAGATAAACTCCTCG-1_V13B23-285_A1,6
CTAGATGTGAGTGTAA-1_V13B23-285_A1,1
CTAGATTTACGACGGC-1_V13B23-285_A1,1
CTAGCAACTAATTTAC-1_V13B23-285_A1,2
CTAGCATAGTATAATG-1_V13B23-285_A1,4
CTAGCCACAGGCGAGC-1_V13B23-285_A1,10
CTAGCCGATGTTATGA-1_V13B23-285_A1,11
CTAGCTTAATGGTCCC-1_V13B23-285_A1,2
CTAGGCGCCCTATCAG-1_V13B23-285_A1,11
CTAGGCGGCAGAGAAT-1_V13B23-285_A1,6
CTAGGTCTGAAGGAAT-1_V13B23-285_A1,2
CTAGGTTCGGACGTGA-1_V13B23-285_A1,1
CTAGTAGAAAGGGATT-1_V13B23-285_A1,1
CTAGTATTCGGAATTA-1_V13B23-285_A1,2
CTAGTCACGTCTTAAG-1_V13B23-285_A1,7
CTAGTGAAGGACAGGA-1_V13B23-285_A1,7
CTAGTTACAACCCGGT-1_V13B23-285_A1,1
CTAGTTGGGCCCGGTA-1_V13B23-285_A1,4
CTATAAGAGCCAATCG-1_V13B23-285_A1,2
CTATAGGCGTTGATGT-1_V13B23-285_A1,1
CTATCGACGAAATACA-1_V13B23-285_A1,10
CTATCGCGTAGAGAAC-1_V13B23-285_A1,2
CTATCGGGTCTCAACA-1_V13B23-285_A1,7
CTATGCCCGAATGCAA-1_V13B23-285_A1,1
CTATGGGAAGCGGAAT-1_V13B23-285_A1,1
CTATGTCACTAGCCCA-1_V13B23-285_A1,13
CTATGTCTATTGAAAC-1_V13B23-285_A1,2
CTATGTGAGTCACGGC-1_V13B23-285_A1,3
CTATTCATGTGTCCCA-1_V13B23-285_A1,1
CTATTTGCTTGGAGGA-1_V13B23-285_A1,10
CTATTTGGTTACGGAT-1_V13B23-285_A1,1
CTCAAACCACTGCCCG-1_V13B23-285_A1,11
CTCAACTAACCCGGAT-1_V13B23-285_A1,2
CTCACATTTACTAAAT-1_V13B23-285_A1,1
CTCACCAGTACAAGTG-1_V13B23-285_A1,1
CTCACTGTGATACTTA-1_V13B23-285_A1,10
CTCACTTGGCTGGTAA-1_V13B23-285_A1,1
CTCAGATTGTGATAAG-1_V13B23-285_A1,14
CTCAGGACTCACCTGT-1_V13B23-285_A1,3
CTCAGTCACGACAAAT-1_V13B23-285_A1,2
CTCATCACTTAGTGAT-1_V13B23-285_A1,7
CTCATGGCTCACAATC-1_V13B23-285_A1,2
CTCATGGTAATTTGCG-1_V13B23-285_A1,1
CTCATTCGTGAACATC-1_V13B23-285_A1,12
CTCATTGCTCTAACAA-1_V13B23-285_A1,2
CTCATTTGATGGGCGG-1_V13B23-285_A1,4
CTCCCAATGAGTCGCG-1_V13B23-285_A1,2
CTCCCTCCTTTCGATC-1_V13B23-285_A1,1
CTCCGCCCACATGAGG-1_V13B23-285_A1,1
CTCCGGCCTAATATGC-1_V13B23-285_A1,7
CTCCGGCTTGTAGACA-1_V13B23-285_A1,2
CTCCTAAGTTATGTCT-1_V13B23-285_A1,2
CTCCTCCAGCTCACAC-1_V13B23-285_A1,2
CTCCTGTTCAAGGCAG-1_V13B23-285_A1,2
CTCCTTTACGCAAGTC-1_V13B23-285_A1,1
CTCGAGACATACGATA-1_V13B23-285_A1,1
CTCGAGATCCAAAGCA-1_V13B23-285_A1,10
CTCGAGGTCGAACAGT-1_V13B23-285_A1,4
CTCGATATTTGCGAGC-1_V13B23-285_A1,2
CTCGCACCTATATAGT-1_V13B23-285_A1,1
CTCGCATTGCATAGCC-1_V13B23-285_A1,1
CTCGCCGAATGTAGGG-1_V13B23-285_A1,1
CTCGGGATAACACCTA-1_V13B23-285_A1,2
CTCGGGTTCTCTGGCC-1_V13B23-285_A1,1
CTCGGTACCACTGCTC-1_V13B23-285_A1,2
CTCGGTCCGTAGCCTG-1_V13B23-285_A1,7
CTCGGTTGTCGGCCCT-1_V13B23-285_A1,7
CTCGTCGAGGGCTCAT-1_V13B23-285_A1,1
CTCGTCTGTGCCTTCG-1_V13B23-285_A1,11
CTCGTTTCTAATGTTT-1_V13B23-285_A1,2
CTCTAATGCATTGATC-1_V13B23-285_A1,3
CTCTACACTGGCGATT-1_V13B23-285_A1,12
CTCTAGCCCTCGGAAA-1_V13B23-285_A1,2
CTCTATTTGGCTGCAG-1_V13B23-285_A1,7
CTCTCACAATCGATGA-1_V13B23-285_A1,3
CTCTCGATGTGCGCCT-1_V13B23-285_A1,19
CTCTCGCTGTACTATG-1_V13B23-285_A1,1
CTCTCTAACTGCCTAG-1_V13B23-285_A1,1
CTCTGCGAAGCAAGCA-1_V13B23-285_A1,2
CTCTGGACGCCTGGTG-1_V13B23-285_A1,1
CTCTGTGCCTGCTATG-1_V13B23-285_A1,3
CTCTGTTTGAGGATTC-1_V13B23-285_A1,2
CTCTTCTATTGACTGG-1_V13B23-285_A1,2
CTCTTCTGGAAGTTAG-1_V13B23-285_A1,7
CTCTTGTCCCGCTTGG-1_V13B23-285_A1,1
CTGAAAGAGATCCGAC-1_V13B23-285_A1,1
CTGAATCCGAGACCTC-1_V13B23-285_A1,1
CTGAATTTATTGCCAG-1_V13B23-285_A1,1
CTGACATAGAAATAGA-1_V13B23-285_A1,1
CTGACTGCGCAGCTCG-1_V13B23-285_A1,2
CTGAGAAAGTTCGGCG-1_V13B23-285_A1,2
CTGAGCAAGTAACAAG-1_V13B23-285_A1,2
CTGATAGTGTATCTCA-1_V13B23-285_A1,4
CTGCAAGCACGTTCCG-1_V13B23-285_A1,2
CTGCACAACTACATAT-1_V13B23-285_A1,1
CTGCACCTAGTCCACA-1_V13B23-285_A1,1
CTGCACCTGGAACCGC-1_V13B23-285_A1,10
CTGCACTCCAGTACAG-1_V13B23-285_A1,12
CTGCAGAGAATCAGAG-1_V13B23-285_A1,1
CTGCCAAGGTTGGAAG-1_V13B23-285_A1,4
CTGCCATGCATCACAT-1_V13B23-285_A1,4
CTGCCCACGAAGCGTT-1_V13B23-285_A1,4
CTGCCTAGCCACCAAG-1_V13B23-285_A1,18
CTGCCTCATATGCAAC-1_V13B23-285_A1,1
CTGCCTTTAATACCTT-1_V13B23-285_A1,1
CTGCCTTTCTAGTAAA-1_V13B23-285_A1,2
CTGCGACCTCGCCGAA-1_V13B23-285_A1,3
CTGCGGGTGAAATGTT-1_V13B23-285_A1,1
CTGCGTTACGATATAA-1_V13B23-285_A1,7
CTGCTGAGGCCACGAA-1_V13B23-285_A1,3
CTGCTGTCTAACGAGC-1_V13B23-285_A1,2
CTGCTTGGCGATAGCT-1_V13B23-285_A1,2
CTGCTTTATGTCCGCG-1_V13B23-285_A1,17
CTGGAAATGGATGCTT-1_V13B23-285_A1,4
CTGGAAGACACGGTGG-1_V13B23-285_A1,1
CTGGACGCAGTCCGGC-1_V13B23-285_A1,1
CTGGATTTACACTTGA-1_V13B23-285_A1,4
CTGGCATCCGAATGAG-1_V13B23-285_A1,1
CTGGCGACATAAGTCC-1_V13B23-285_A1,2
CTGGCGATTTACATGT-1_V13B23-285_A1,6
CTGGCGCACAGGTCTG-1_V13B23-285_A1,1
CTGGCGGGAATAAGTA-1_V13B23-285_A1,2
CTGGCTCCTGCGGGAT-1_V13B23-285_A1,6
CTGGCTGATTCATCCT-1_V13B23-285_A1,2
CTGGCTGCTAACGTAA-1_V13B23-285_A1,2
CTGGCTGGTTGTCAGT-1_V13B23-285_A1,1
CTGGGATAAATAATGG-1_V13B23-285_A1,1
CTGGGATACGCTACCC-1_V13B23-285_A1,1
CTGGGCCTGCTATATC-1_V13B23-285_A1,4
CTGGGTAGGCAGTTAA-1_V13B23-285_A1,1
CTGGGTTGAGTTAAAG-1_V13B23-285_A1,1
CTGGTAAAGACTTACA-1_V13B23-285_A1,3
CTGGTAAAGTGTGGGC-1_V13B23-285_A1,2
CTGGTAACACATAGAA-1_V13B23-285_A1,1
CTGGTAACGAGCTCTT-1_V13B23-285_A1,1
CTGGTCATTCCAATCC-1_V13B23-285_A1,1
CTGGTCCTAACTTGGC-1_V13B23-285_A1,14
CTGGTTCAACGCATCA-1_V13B23-285_A1,3
CTGGTTCGCGAGCTAC-1_V13B23-285_A1,1
CTGGTTTCGAGCAAGA-1_V13B23-285_A1,1
CTGTACTTCTTAGCAT-1_V13B23-285_A1,7
CTGTAGCCATCTCACT-1_V13B23-285_A1,1
CTGTATGGTGTAGAAA-1_V13B23-285_A1,2
CTGTCAAATGGCTCGG-1_V13B23-285_A1,7
CTGTGCAGGGTAGGTC-1_V13B23-285_A1,4
CTGTGGTCGGGAGATA-1_V13B23-285_A1,11
CTGTTACCCAATCTAG-1_V13B23-285_A1,4
CTGTTCACTGCCTGTG-1_V13B23-285_A1,4
CTGTTCATCTCACGGG-1_V13B23-285_A1,1
CTGTTGGCTCTTCTGA-1_V13B23-285_A1,1
CTTAAATAAGACCCAT-1_V13B23-285_A1,4
CTTAACTTACAGTATA-1_V13B23-285_A1,2
CTTAACTTCGAAGTAC-1_V13B23-285_A1,2
CTTAAGCAGCGAGCCG-1_V13B23-285_A1,1
CTTACACGGTATTCCA-1_V13B23-285_A1,1
CTTACACTGGGAAATA-1_V13B23-285_A1,1
CTTAGCCCGGATAGTG-1_V13B23-285_A1,1
CTTAGCCTTCCACATG-1_V13B23-285_A1,1
CTTAGTAGGCCTACAG-1_V13B23-285_A1,1
CTTAGTGTAGTAGCAT-1_V13B23-285_A1,11
CTTATAGATGGCTGTT-1_V13B23-285_A1,11
CTTATGCGCTCAGGGC-1_V13B23-285_A1,4
CTTATGTTGACTACCA-1_V13B23-285_A1,1
CTTCAACTCCACTTGG-1_V13B23-285_A1,2
CTTCAGTGGTCGCCTA-1_V13B23-285_A1,4
CTTCATAGCTCAAGAA-1_V13B23-285_A1,1
CTTCATTGTCAGTGGA-1_V13B23-285_A1,4
CTTCCGCTCCGTGAAG-1_V13B23-285_A1,1
CTTCGATTGCGCAAGC-1_V13B23-285_A1,10
CTTCGGCCAATTGTTT-1_V13B23-285_A1,2
CTTCGTAGATAGGTGA-1_V13B23-285_A1,1
CTTCGTGCCCGCATCG-1_V13B23-285_A1,8
CTTCTATGTTGAAGTA-1_V13B23-285_A1,7
CTTCTATTAATGCTAG-1_V13B23-285_A1,1
CTTCTTACGTCGTATA-1_V13B23-285_A1,10
CTTGACCCGAAAGATA-1_V13B23-285_A1,9
CTTGAGGTTATCCCGA-1_V13B23-285_A1,3
CTTGAGTTAGGGTAAT-1_V13B23-285_A1,2
CTTGATGACCATCCAG-1_V13B23-285_A1,11
CTTGCAACCGCCTCCT-1_V13B23-285_A1,4
CTTGCCCACCCACGCA-1_V13B23-285_A1,11
CTTGCCCAGGCTCTAC-1_V13B23-285_A1,1
CTTGGCCAAGCTGGGA-1_V13B23-285_A1,1
CTTGTACTTGTTGACT-1_V13B23-285_A1,7
CTTGTCAACATTCGAG-1_V13B23-285_A1,4
CTTGTCGTACGTGTCA-1_V13B23-285_A1,11
CTTGTGAGGACAGCGG-1_V13B23-285_A1,3
CTTGTGAGTCTTTGAC-1_V13B23-285_A1,8
CTTGTGCTCACCGATT-1_V13B23-285_A1,2
CTTGTTGCTGAGTCAA-1_V13B23-285_A1,1
CTTGTTTATGTAGCCA-1_V13B23-285_A1,2
CTTTAACTTTCAAAGG-1_V13B23-285_A1,12
CTTTAATATTGGTCGA-1_V13B23-285_A1,1
CTTTACCGAATAGTAG-1_V13B23-285_A1,1
CTTTAGGAACACTGTT-1_V13B23-285_A1,1
CTTTAGTGCTATTATT-1_V13B23-285_A1,1
CTTTCTGTGCGGGCTT-1_V13B23-285_A1,1
CTTTGACGTCGCTTCT-1_V13B23-285_A1,4
CTTTGCATCGCTCTTG-1_V13B23-285_A1,1
CTTTGCTGTCATGGAT-1_V13B23-285_A1,11
CTTTGGCGCTTTATAC-1_V13B23-285_A1,1
CTTTGGCTTTAGTAAA-1_V13B23-285_A1,4
CTTTGGGATTGTTGCA-1_V13B23-285_A1,1
CTTTGTCGAATGCTCC-1_V13B23-285_A1,2
GAAACAGATGACCACC-1_V13B23-285_A1,1
GAAACAGCCATGCAGT-1_V13B23-285_A1,3
GAAACATAGGAAACAG-1_V13B23-285_A1,1
GAAACCATGGTGCGCT-1_V13B23-285_A1,2
GAAACCGAATTACCTT-1_V13B23-285_A1,4
GAAACCTATACAAATG-1_V13B23-285_A1,1
GAAACTCGTGCGATGC-1_V13B23-285_A1,4
GAAACTCTAATGAAGG-1_V13B23-285_A1,9
GAAAGAACAGCGTTAT-1_V13B23-285_A1,1
GAAAGCAGTGCACTTT-1_V13B23-285_A1,1
GAAAGCCCTTTGGACC-1_V13B23-285_A1,4
GAAAGTGACTAACTGC-1_V13B23-285_A1,4
GAAATACTAAACGTTT-1_V13B23-285_A1,15
GAAATATCACCATCAG-1_V13B23-285_A1,4
GAAATCGCGCGCAACT-1_V13B23-285_A1,4
GAAATCTGACCAAGTT-1_V13B23-285_A1,1
GAAATGGCGGTGTTAG-1_V13B23-285_A1,4
GAAATGGGATGTAAAC-1_V13B23-285_A1,6
GAAATTAGCACGGATA-1_V13B23-285_A1,1
GAAATTCACATCGCTG-1_V13B23-285_A1,6
GAAATTGTCTCTATAA-1_V13B23-285_A1,4
GAACAACTGGGATGAA-1_V13B23-285_A1,2
GAACACACATCAACCA-1_V13B23-285_A1,4
GAACAGATTACTAAAT-1_V13B23-285_A1,2
GAACCATCTGGGAGAC-1_V13B23-285_A1,1
GAACCCTCTGTGTTCT-1_V13B23-285_A1,1
GAACCTCGACCTACAC-1_V13B23-285_A1,1
GAACCTTTAACGATCC-1_V13B23-285_A1,2
GAACGACCGAATGATA-1_V13B23-285_A1,7
GAACGATAAGTTAAAG-1_V13B23-285_A1,1
GAACGCGGGTCACACG-1_V13B23-285_A1,1
GAACGTCTCATGGTCG-1_V13B23-285_A1,1
GAACGTTAGGAAGACG-1_V13B23-285_A1,3
GAACTGTGGAGAGACA-1_V13B23-285_A1,2
GAAGAAACGATATTGT-1_V13B23-285_A1,2
GAAGAACGGTGCAGGT-1_V13B23-285_A1,9
GAAGCAAGGCAATGTT-1_V13B23-285_A1,6
GAAGCCACTGATTATG-1_V13B23-285_A1,2
GAAGCCGGGTAAGCTC-1_V13B23-285_A1,1
GAAGCCTGCACATTCC-1_V13B23-285_A1,1
GAAGCGTGAGGAATTT-1_V13B23-285_A1,4
GAAGCTCGGACCCGTC-1_V13B23-285_A1,1
GAAGCTCTTTGCTTAG-1_V13B23-285_A1,2
GAAGCTTGCTGACCGC-1_V13B23-285_A1,4
GAAGGACTAAATTGAA-1_V13B23-285_A1,6
GAAGGAGTCGAGTGCG-1_V13B23-285_A1,1
GAAGGCTACCATTGTT-1_V13B23-285_A1,1
GAAGGGCATAACCATG-1_V13B23-285_A1,6
GAAGTCAGTTGCACTA-1_V13B23-285_A1,4
GAAGTCTCCCTAGCGA-1_V13B23-285_A1,1
GAAGTGATTTATCGTG-1_V13B23-285_A1,4
GAAGTGCTGGATAGCT-1_V13B23-285_A1,1
GAAGTTTCCACTCAAT-1_V13B23-285_A1,1
GAATAGACGCGACCCA-1_V13B23-285_A1,1
GAATAGCATTTAGGGT-1_V13B23-285_A1,2
GAATAGTGCTCGATTA-1_V13B23-285_A1,1
GAATATTCGGAGTCCC-1_V13B23-285_A1,3
GAATCGACATGGTCAC-1_V13B23-285_A1,1
GAATCGCCGGACACGG-1_V13B23-285_A1,6
GAATCTGAACATTCTC-1_V13B23-285_A1,1
GAATGCCGAAATGACC-1_V13B23-285_A1,1
GAATGCGAATCGGTTC-1_V13B23-285_A1,2
GAATGGGCTTATCGAC-1_V13B23-285_A1,3
GAATGTATGGCAGGTC-1_V13B23-285_A1,1
GAATGTGGTCCGGATT-1_V13B23-285_A1,1
GAATGTTGGGTAATCT-1_V13B23-285_A1,1
GAATTATAGTGAAAGG-1_V13B23-285_A1,7
GAATTCACCCGGGTGT-1_V13B23-285_A1,1
GAATTTCTCGCTGCAG-1_V13B23-285_A1,1
GACAAACATATGCAGG-1_V13B23-285_A1,10
GACAACGACCATTGAA-1_V13B23-285_A1,1
GACAACGCAGCTTACG-1_V13B23-285_A1,1
GACAAGAGATGAGATT-1_V13B23-285_A1,2
GACACAAGGGAAGAAA-1_V13B23-285_A1,3
GACACGAGTTAGAGGA-1_V13B23-285_A1,8
GACACTGAGTTCAGTG-1_V13B23-285_A1,1
GACACTGGAACCCGAT-1_V13B23-285_A1,1
GACACTTCCAATTACC-1_V13B23-285_A1,2
GACAGATTTCTGGCTC-1_V13B23-285_A1,4
GACAGCCAGACCTGAC-1_V13B23-285_A1,1
GACAGGCACACACTAT-1_V13B23-285_A1,6
GACATACTGTCGCAGA-1_V13B23-285_A1,6
GACATCCGTCGAACTG-1_V13B23-285_A1,2
GACATCGATTTATAAC-1_V13B23-285_A1,6
GACCAAACGTTGACTG-1_V13B23-285_A1,2
GACCACACTTCCCTTT-1_V13B23-285_A1,2
GACCAGAGCCCTGTAG-1_V13B23-285_A1,4
GACCCAATTATGATAC-1_V13B23-285_A1,4
GACCCGTCGCCGGCTA-1_V13B23-285_A1,1
GACCGACGTGAAAGCA-1_V13B23-285_A1,12
GACCGACTGAAGCGTC-1_V13B23-285_A1,4
GACCGCGTCTGACGTG-1_V13B23-285_A1,2
GACCGTCAGGTCGTGA-1_V13B23-285_A1,6
GACCGTGCTGACGGTG-1_V13B23-285_A1,3
GACCGTTACATGCGAC-1_V13B23-285_A1,4
GACCTTCCACGTCTAC-1_V13B23-285_A1,2
GACGACGATCCGCGTT-1_V13B23-285_A1,4
GACGAGGCTAATAAAC-1_V13B23-285_A1,1
GACGCCGTAAAGGCTA-1_V13B23-285_A1,4
GACGCCTGTTGCAGGG-1_V13B23-285_A1,2
GACGCTTGCTTCTAAA-1_V13B23-285_A1,4
GACGGACCGCGTTCCT-1_V13B23-285_A1,8
GACGGGATGTCTTATG-1_V13B23-285_A1,8
GACGGGTTGGCCCGTA-1_V13B23-285_A1,2
GACGGTCAATAGAAGC-1_V13B23-285_A1,2
GACGGTCCTAGGGTGT-1_V13B23-285_A1,1
GACGTGAGACTCCATG-1_V13B23-285_A1,2
GACGTGTAGGGATTAT-1_V13B23-285_A1,2
GACGTTCGTAAATACA-1_V13B23-285_A1,1
GACTAAGATCATGCAC-1_V13B23-285_A1,4
GACTAAGTAGGCTCAC-1_V13B23-285_A1,4
GACTACAAAGCGGTGG-1_V13B23-285_A1,1
GACTACAATTGCTCGT-1_V13B23-285_A1,18
GACTAGGCCGTTAGGT-1_V13B23-285_A1,11
GACTCACCCACGTGAG-1_V13B23-285_A1,1
GACTCCCAGAATAAGG-1_V13B23-285_A1,1
GACTCCTTCCAATTGA-1_V13B23-285_A1,1
GACTCGCGGGAATGAC-1_V13B23-285_A1,1
GACTGCAAATCGAGCT-1_V13B23-285_A1,6
GACTGCACCAGCCCAG-1_V13B23-285_A1,2
GACTGCGGCACGTGTA-1_V13B23-285_A1,1
GAGAACGGTTCTGACT-1_V13B23-285_A1,2
GAGAATCTCACGATCA-1_V13B23-285_A1,1
GAGACTGATGGGTAGA-1_V13B23-285_A1,4
GAGACTTCGCGACCGA-1_V13B23-285_A1,1
GAGAGCGCAGTCCCTG-1_V13B23-285_A1,3
GAGAGGCCTATGTGTA-1_V13B23-285_A1,2
GAGAGGGCGCGAGGTT-1_V13B23-285_A1,4
GAGAGGTGCATTCTGG-1_V13B23-285_A1,3
GAGATCTGCTTGGCAT-1_V13B23-285_A1,1
GAGATCTGTCACTCCG-1_V13B23-285_A1,1
GAGATCTTCCATGACA-1_V13B23-285_A1,2
GAGATGACAATCCTTA-1_V13B23-285_A1,2
GAGATGGCTTTAATCA-1_V13B23-285_A1,10
GAGATGGGAGTCGACA-1_V13B23-285_A1,1
GAGCACCTGTGTCCAG-1_V13B23-285_A1,2
GAGCACGGCGCCTCTT-1_V13B23-285_A1,1
GAGCATCAACAACTTG-1_V13B23-285_A1,3
GAGCATCATCCCTGGG-1_V13B23-285_A1,2
GAGCCACGGTAGTAGG-1_V13B23-285_A1,1
GAGCCAGCTACCTGTG-1_V13B23-285_A1,11
GAGCGAGGGAGTACCG-1_V13B23-285_A1,1
GAGCGCAAATACTCCG-1_V13B23-285_A1,1
GAGCGCGCACGAGTAG-1_V13B23-285_A1,2
GAGCGCTGTTAGGTAA-1_V13B23-285_A1,2
GAGCTAAGGGCATATC-1_V13B23-285_A1,3
GAGCTCTCGGACCTAA-1_V13B23-285_A1,2
GAGCTGTCGTCTCGGA-1_V13B23-285_A1,8
GAGGAATGGAGAGGTT-1_V13B23-285_A1,1
GAGGAGATCCTCATGC-1_V13B23-285_A1,2
GAGGAGTAATTCCTAC-1_V13B23-285_A1,3
GAGGATAAACAGTGCT-1_V13B23-285_A1,1
GAGGCCCGACTCCGCA-1_V13B23-285_A1,1
GAGGCCTGTTGATACA-1_V13B23-285_A1,11
GAGGCTATCAAAGTCG-1_V13B23-285_A1,3
GAGGGAGTCAGATCGC-1_V13B23-285_A1,2
GAGGGCATCGCGTATC-1_V13B23-285_A1,1
GAGGGCGCAGCTCTGC-1_V13B23-285_A1,1
GAGGGTAGTAACAAAG-1_V13B23-285_A1,2
GAGGTACATCCATCTT-1_V13B23-285_A1,15
GAGGTACGCGTGTCCC-1_V13B23-285_A1,2
GAGGTCCCAAAGATCT-1_V13B23-285_A1,2
GAGTAAACCGGAAAGT-1_V13B23-285_A1,2
GAGTAAGGCCACGGGA-1_V13B23-285_A1,7
GAGTACGGGTATACAA-1_V13B23-285_A1,2
GAGTAGATACTAGTTG-1_V13B23-285_A1,1
GAGTATCAAAGTTACA-1_V13B23-285_A1,1
GAGTATGCCCGCCTTG-1_V13B23-285_A1,1
GAGTATGCGCGTGCAT-1_V13B23-285_A1,2
GAGTCAGACCAGAATC-1_V13B23-285_A1,4
GAGTCCGCTTACCGGA-1_V13B23-285_A1,3
GAGTCGACAGACCCTC-1_V13B23-285_A1,1
GAGTCTTGTAAAGGAC-1_V13B23-285_A1,1
GAGTGTCAACCAGAAA-1_V13B23-285_A1,2
GAGTGTGCGGTACCCA-1_V13B23-285_A1,1
GAGTTCTGTGGGTGCT-1_V13B23-285_A1,1
GAGTTGATGGCAATTT-1_V13B23-285_A1,4
GATAAATCGGTGGATG-1_V13B23-285_A1,10
GATAACTCGCACTGTG-1_V13B23-285_A1,1
GATAAGGCAGATGCAA-1_V13B23-285_A1,3
GATACCGTGTCGGAGT-1_V13B23-285_A1,1
GATACGATGGGAGTCA-1_V13B23-285_A1,1
GATAGCGTACCACGCG-1_V13B23-285_A1,1
GATAGGATTAATTACA-1_V13B23-285_A1,1
GATAGGTAACGTTGAC-1_V13B23-285_A1,6
GATAGGTGTCCCGGGC-1_V13B23-285_A1,1
GATATCAAGCAGGAGC-1_V13B23-285_A1,1
GATATCAGTATGTATC-1_V13B23-285_A1,2
GATATCTCATGCAATA-1_V13B23-285_A1,2
GATATGAGACACTAAC-1_V13B23-285_A1,4
GATATGCGGTAGCCAA-1_V13B23-285_A1,18
GATATGGATTACGCGG-1_V13B23-285_A1,1
GATATTGAGATTGGCG-1_V13B23-285_A1,1
GATATTTCCTACATGG-1_V13B23-285_A1,2
GATCAACATAAAGGGA-1_V13B23-285_A1,1
GATCATTCCAAACATT-1_V13B23-285_A1,4
GATCCCTTTATACTGC-1_V13B23-285_A1,1
GATCCGAATATAAGTG-1_V13B23-285_A1,1
GATCCGGGAATTAACA-1_V13B23-285_A1,6
GATCCTAAATCGGGAC-1_V13B23-285_A1,1
GATCCTCGACACTGGC-1_V13B23-285_A1,1
GATCGACACTATCTGA-1_V13B23-285_A1,1
GATCGCGGGCTCTCCA-1_V13B23-285_A1,7
GATCGCTACCCGATTT-1_V13B23-285_A1,11
GATCGCTATATCTCAG-1_V13B23-285_A1,10
GATCGGATAGAACCAT-1_V13B23-285_A1,12
GATCGGCGATAAGTCG-1_V13B23-285_A1,1
GATCGGTGGCCATAAC-1_V13B23-285_A1,6
GATCGTGACTGATATC-1_V13B23-285_A1,1
GATCTAACCGTATTCA-1_V13B23-285_A1,12
GATCTCGACGCTGTGG-1_V13B23-285_A1,1
GATCTGCTATCTAAGG-1_V13B23-285_A1,1
GATCTTCATTGTCCTC-1_V13B23-285_A1,1
GATCTTGGAGGGCATA-1_V13B23-285_A1,1
GATCTTTGCAGGGTAT-1_V13B23-285_A1,4
GATGACAAGTAGGGCA-1_V13B23-285_A1,11
GATGAGGAACCTTCGG-1_V13B23-285_A1,2
GATGATTTGAAACTGG-1_V13B23-285_A1,9
GATGCCACACTACAGC-1_V13B23-285_A1,6
GATGCCAGCAGAAGGC-1_V13B23-285_A1,1
GATGCCTTCTGCGGCA-1_V13B23-285_A1,4
GATGCGAATGGTATTA-1_V13B23-285_A1,1
GATGCGTCCTGCATTC-1_V13B23-285_A1,3
GATGCTACAAGCGCCT-1_V13B23-285_A1,2
GATGCTACCTTCGATG-1_V13B23-285_A1,3
GATGCTGTATTTCATC-1_V13B23-285_A1,1
GATGGCGCACACATTA-1_V13B23-285_A1,2
GATGTAACGAACCACC-1_V13B23-285_A1,1
GATGTCCGGATCACAT-1_V13B23-285_A1,2
GATGTCGGTCAACTGC-1_V13B23-285_A1,3
GATGTTCAATCCACGA-1_V13B23-285_A1,4
GATGTTTGTGCGAGAT-1_V13B23-285_A1,6
GATTAACCGAAAGCCC-1_V13B23-285_A1,2
GATTAATCCTGGCTCA-1_V13B23-285_A1,6
GATTACTGAATTTGGG-1_V13B23-285_A1,1
GATTCCCTTGTCGCAG-1_V13B23-285_A1,1
GATTCCGCGTTTCCGT-1_V13B23-285_A1,9
GATTCCTATACGGCGC-1_V13B23-285_A1,12
GATTCGACGGTTCACG-1_V13B23-285_A1,1
GATTGACACTCTGCTC-1_V13B23-285_A1,5
GATTGCTCCAGTTGCA-1_V13B23-285_A1,1
GATTGGGAAAGGTTGT-1_V13B23-285_A1,2
GCAAACCCTACATTAT-1_V13B23-285_A1,1
GCAAACCTTGGCCATA-1_V13B23-285_A1,1
GCAAACGTCGCCAGGT-1_V13B23-285_A1,1
GCAAATATTACGCTTT-1_V13B23-285_A1,1
GCAAATGAGGACACTT-1_V13B23-285_A1,4
GCAACACACTAGAACT-1_V13B23-285_A1,3
GCAACAGCAGTATGCG-1_V13B23-285_A1,1
GCAACCACCAGACCGG-1_V13B23-285_A1,3
GCAACCACGGCCGCGT-1_V13B23-285_A1,4
GCAACCCAAGTTGTTT-1_V13B23-285_A1,1
GCAACGGCTAGTTATG-1_V13B23-285_A1,1
GCAAGAATTCCTTGGC-1_V13B23-285_A1,3
GCAAGCTGGAAACCGC-1_V13B23-285_A1,1
GCAAGTGCACAGAGAA-1_V13B23-285_A1,1
GCAAGTGTAAAGCATG-1_V13B23-285_A1,3
GCAATTAGTCGCACCG-1_V13B23-285_A1,1
GCACAAACGAGGCGTG-1_V13B23-285_A1,1
GCACAACCTCGGGCGT-1_V13B23-285_A1,8
GCACAAGTGGATCATA-1_V13B23-285_A1,1
GCACAAGTGTCGGAAG-1_V13B23-285_A1,15
GCACACACTGGTAGCC-1_V13B23-285_A1,11
GCACACGCCCATGGTC-1_V13B23-285_A1,1
GCACGCCTACTTAGAT-1_V13B23-285_A1,1
GCACGTGGTTTACTTA-1_V13B23-285_A1,11
GCACTAGTCGCGCTAT-1_V13B23-285_A1,12
GCACTCCCACAGTCCC-1_V13B23-285_A1,6
GCACTGCCTACCTTTA-1_V13B23-285_A1,1
GCACTGTGCAAATGTA-1_V13B23-285_A1,3
GCAGAAGGTAATCTCC-1_V13B23-285_A1,2
GCAGACCCAGCACGTA-1_V13B23-285_A1,2
GCAGATCCATAAGACT-1_V13B23-285_A1,2
GCAGATCCTCGCAAAT-1_V13B23-285_A1,1
GCAGATTAGGGATATC-1_V13B23-285_A1,4
GCAGCACACAGCCCAG-1_V13B23-285_A1,4
GCAGCCTATATCACAT-1_V13B23-285_A1,12
GCAGCGGTGGGCATTA-1_V13B23-285_A1,6
GCAGGAACTTAGATCT-1_V13B23-285_A1,1
GCAGGACTATAGAATA-1_V13B23-285_A1,4
GCAGGTAGAGTATGGT-1_V13B23-285_A1,2
GCAGTGTGGCTATAGG-1_V13B23-285_A1,2
GCAGTTCGATCCGAGC-1_V13B23-285_A1,1
GCATACGAGGTCTTTA-1_V13B23-285_A1,3
GCATAGAGCACTCAGG-1_V13B23-285_A1,4
GCATCCCTAACTTTGA-1_V13B23-285_A1,2
GCATCGGCCGTGTAGG-1_V13B23-285_A1,11
GCATGAGGGACGCGGC-1_V13B23-285_A1,1
GCATGCTAATAACGAT-1_V13B23-285_A1,2
GCATGGGTACTGACGC-1_V13B23-285_A1,4
GCATTCAAGGCAACGC-1_V13B23-285_A1,2
GCATTCGAAATGAACA-1_V13B23-285_A1,6
GCATTGACTTGCGGAA-1_V13B23-285_A1,1
GCATTGTAATTCATAT-1_V13B23-285_A1,12
GCATTTCCAAGGCTCC-1_V13B23-285_A1,1
GCCAACCATTTCCGGA-1_V13B23-285_A1,1
GCCAAGAATACTTCTG-1_V13B23-285_A1,3
GCCAATAGGGCATCTC-1_V13B23-285_A1,2
GCCACAATTTAAGGAC-1_V13B23-285_A1,1
GCCACTCAGAGCGCGA-1_V13B23-285_A1,10
GCCACTCCTTACGGTA-1_V13B23-285_A1,2
GCCAGGAGTAACCGAT-1_V13B23-285_A1,1
GCCAGGCTTAGTGGTA-1_V13B23-285_A1,8
GCCATATTGCACACAG-1_V13B23-285_A1,9
GCCATCGAGCTGCGTG-1_V13B23-285_A1,1
GCCATCGATGCTGCAT-1_V13B23-285_A1,12
GCCATTAGCCTCAAAC-1_V13B23-285_A1,1
GCCCACCAAGGCTGTC-1_V13B23-285_A1,1
GCCCAGATGCTGGAGA-1_V13B23-285_A1,1
GCCCAGTTGGTATGCC-1_V13B23-285_A1,1
GCCCGACTTCTTCCCG-1_V13B23-285_A1,3
GCCCGAGAGTCTAAAT-1_V13B23-285_A1,1
GCCCGATCTGTGGTCG-1_V13B23-285_A1,4
GCCCGCGCGTAAACGG-1_V13B23-285_A1,6
GCCCGCGCGTTTGACA-1_V13B23-285_A1,1
GCCCGTAATACCTTCT-1_V13B23-285_A1,1
GCCCTAGCCGTCGCGA-1_V13B23-285_A1,1
GCCGAAATTCCTACGT-1_V13B23-285_A1,1
GCCGACCCACGACTGC-1_V13B23-285_A1,2
GCCGATTGGCCAAGCT-1_V13B23-285_A1,3
GCCGCACTCCGTTTCA-1_V13B23-285_A1,2
GCCGCATTAGTCCGGC-1_V13B23-285_A1,4
GCCGCTTGTGAGAAAC-1_V13B23-285_A1,4
GCCGGAAACACATCTT-1_V13B23-285_A1,3
GCCGGGTTAGGGTCGC-1_V13B23-285_A1,4
GCCGGTTTGGGCGGAT-1_V13B23-285_A1,3
GCCGTGGAAGAAATGT-1_V13B23-285_A1,1
GCCTACGTTCTGTGCA-1_V13B23-285_A1,11
GCCTAGCGATCTGACC-1_V13B23-285_A1,10
GCCTATAGTGTCAGGG-1_V13B23-285_A1,7
GCCTATTCCGATATAG-1_V13B23-285_A1,1
GCCTATTTGCTACACA-1_V13B23-285_A1,1
GCCTCATCTGGAAATA-1_V13B23-285_A1,3
GCCTCCGACAATTCAC-1_V13B23-285_A1,1
GCCTCTATACATAGCA-1_V13B23-285_A1,2
GCCTTCAGCCCTACCG-1_V13B23-285_A1,10
GCCTTGTATATGCAGT-1_V13B23-285_A1,3
GCGAAACGATCGGGAG-1_V13B23-285_A1,2
GCGAAACTTAACTGGA-1_V13B23-285_A1,1
GCGAAGAATCTGACGG-1_V13B23-285_A1,2
GCGAAGCCATACCCGT-1_V13B23-285_A1,1
GCGACATGTAAACATC-1_V13B23-285_A1,7
GCGACCCAACCATCTG-1_V13B23-285_A1,1
GCGACGATAGTTGTAC-1_V13B23-285_A1,1
GCGAGAAACGGGAGTT-1_V13B23-285_A1,8
GCGAGAGGCCATGTAA-1_V13B23-285_A1,9
GCGAGAGTTGCGTCCA-1_V13B23-285_A1,1
GCGAGCGCATGCTCCC-1_V13B23-285_A1,1
GCGAGGCCCGAGCAGA-1_V13B23-285_A1,6
GCGAGTTCTGCAAAGA-1_V13B23-285_A1,3
GCGATGTCTGTGCTTG-1_V13B23-285_A1,1
GCGATTCTGGAAGCAG-1_V13B23-285_A1,14
GCGATTGTTAACGTTA-1_V13B23-285_A1,1
GCGCAAATATATTCAA-1_V13B23-285_A1,1
GCGCAAGAGCGCGCTG-1_V13B23-285_A1,1
GCGCATCCAGTCAGCA-1_V13B23-285_A1,2
GCGCCGTTCCACGATA-1_V13B23-285_A1,6
GCGCCTCCCACTCCGA-1_V13B23-285_A1,1
GCGCGATGGGTCAAGT-1_V13B23-285_A1,2
GCGCGGTCTAGTAACT-1_V13B23-285_A1,1
GCGCGTCATTGGTACA-1_V13B23-285_A1,2
GCGCTAATTGAATAGA-1_V13B23-285_A1,1
GCGCTATGCCGAGGCA-1_V13B23-285_A1,4
GCGCTCGATCACCTGT-1_V13B23-285_A1,3
GCGCTGATCCAGACTC-1_V13B23-285_A1,2
GCGCTGCTTTGCATTT-1_V13B23-285_A1,2
GCGCTTAAATAATTGG-1_V13B23-285_A1,2
GCGGACCGCGTTGTGG-1_V13B23-285_A1,1
GCGGAGAAACTTCGCA-1_V13B23-285_A1,1
GCGGAGAGGGAGAACG-1_V13B23-285_A1,1
GCGGATTACTTGTTCT-1_V13B23-285_A1,8
GCGGCAAAGTATTGCC-1_V13B23-285_A1,2
GCGGCTCTGACGTACC-1_V13B23-285_A1,6
GCGGCTTTAGCAAGTT-1_V13B23-285_A1,2
GCGGGAACCAGGCCCT-1_V13B23-285_A1,1
GCGGGCATTACGATGC-1_V13B23-285_A1,1
GCGGGCGAGCCTTACC-1_V13B23-285_A1,1
GCGGTAACCCAAATGA-1_V13B23-285_A1,1
GCGGTCCCTAGACGCA-1_V13B23-285_A1,2
GCGGTGAACTGCGCTC-1_V13B23-285_A1,3
GCGGTGCGGAGCATCG-1_V13B23-285_A1,12
GCGGTTCCCTATCATG-1_V13B23-285_A1,4
GCGTAAATGGCCATAA-1_V13B23-285_A1,1
GCGTCCAGCTCGTGGC-1_V13B23-285_A1,11
GCGTCCCTAAGACATA-1_V13B23-285_A1,1
GCGTCGAAATGTCGGT-1_V13B23-285_A1,1
GCGTCGCCAGGGTGAT-1_V13B23-285_A1,4
GCGTCTAACCTCCTAA-1_V13B23-285_A1,1
GCGTCTCTGCATTGGG-1_V13B23-285_A1,4
GCGTGGTACTGGGTTA-1_V13B23-285_A1,2
GCGTGTATGTCGTATT-1_V13B23-285_A1,15
GCGTTATATTTGGAAC-1_V13B23-285_A1,1
GCGTTCGGAGACCGGG-1_V13B23-285_A1,3
GCTAAACCTGAGGTGA-1_V13B23-285_A1,1
GCTAACTGAAGTCTGA-1_V13B23-285_A1,2
GCTAAGTAAAGGCGAT-1_V13B23-285_A1,1
GCTAAGTAGTTTCTCT-1_V13B23-285_A1,2
GCTAATACCGAATGCC-1_V13B23-285_A1,1
GCTACAATCGAGGATA-1_V13B23-285_A1,2
GCTACACTGTCCGAAC-1_V13B23-285_A1,8
GCTACAGTACGGACCG-1_V13B23-285_A1,4
GCTACGACTTATTGGG-1_V13B23-285_A1,4
GCTACTATAGTAGAGT-1_V13B23-285_A1,11
GCTAGACCGTCTACTG-1_V13B23-285_A1,10
GCTAGAGTAGAGATGT-1_V13B23-285_A1,2
GCTAGCACCTGGGCCA-1_V13B23-285_A1,1
GCTAGCTTGAATAGCT-1_V13B23-285_A1,4
GCTAGGCACCACGGAG-1_V13B23-285_A1,11
GCTAGTAGAGCTTGTA-1_V13B23-285_A1,4
GCTAGTTTCATTGAGG-1_V13B23-285_A1,2
GCTATACGTCTCGGAC-1_V13B23-285_A1,1
GCTATCATACTCATGG-1_V13B23-285_A1,2
GCTATCGCGGCGCAAC-1_V13B23-285_A1,11
GCTATGCCAGCTTATG-1_V13B23-285_A1,12
GCTCAACCTCTTAGAG-1_V13B23-285_A1,9
GCTCAATCCGTTTATT-1_V13B23-285_A1,1
GCTCAATGTAATACCG-1_V13B23-285_A1,1
GCTCATTACTGCATGT-1_V13B23-285_A1,9
GCTCCATGCAAAGCAA-1_V13B23-285_A1,2
GCTCCCAGTCGGTCCA-1_V13B23-285_A1,2
GCTCCGCTCGCTTCAG-1_V13B23-285_A1,1
GCTCCTGACATACTGG-1_V13B23-285_A1,1
GCTCGCGGTTCCGCTC-1_V13B23-285_A1,1
GCTCGCTCATGTCCAA-1_V13B23-285_A1,1
GCTCGGAATTTAAAGC-1_V13B23-285_A1,16
GCTCTAAACCCTGACG-1_V13B23-285_A1,4
GCTCTATGTTACGTGC-1_V13B23-285_A1,4
GCTCTCGGGTACCGAA-1_V13B23-285_A1,4
GCTCTTTCCGCTAGTG-1_V13B23-285_A1,2
GCTGAACTCTCCAGGG-1_V13B23-285_A1,1
GCTGAATCTTCCAATC-1_V13B23-285_A1,1
GCTGAGCAACGGTTCT-1_V13B23-285_A1,1
GCTGAGGCGTGAGTAT-1_V13B23-285_A1,1
GCTGCACGGTTTCTTA-1_V13B23-285_A1,4
GCTGCGCCTCCCACGT-1_V13B23-285_A1,1
GCTGCTAAGTAGTCGA-1_V13B23-285_A1,1
GCTGCTACTGCGTAGC-1_V13B23-285_A1,2
GCTGCTCTCCGGACAC-1_V13B23-285_A1,4
GCTGGCAGGTGCCGTG-1_V13B23-285_A1,4
GCTGGCATATTCACCT-1_V13B23-285_A1,4
GCTGGCGGCGCATGCT-1_V13B23-285_A1,6
GCTGGGTCCGCTGTTA-1_V13B23-285_A1,8
GCTGGTTTAGGCCATA-1_V13B23-285_A1,1
GCTGTATTACTGGCCC-1_V13B23-285_A1,3
GCTGTTGCTACCGAAC-1_V13B23-285_A1,2
GCTTAATGTAACTAAC-1_V13B23-285_A1,1
GCTTACGTAGTTAGTA-1_V13B23-285_A1,1
GCTTATGAAGCAGGAA-1_V13B23-285_A1,2
GCTTCCAGCTTAGATT-1_V13B23-285_A1,2
GCTTCCGTCCCTAGAC-1_V13B23-285_A1,1
GCTTGAGTGACCTCTG-1_V13B23-285_A1,2
GCTTGATGATAATCAG-1_V13B23-285_A1,1
GCTTGGATCGATTAGG-1_V13B23-285_A1,1
GCTTTACACAACTGGG-1_V13B23-285_A1,1
GCTTTCAGAGGAGGTG-1_V13B23-285_A1,2
GGAAACCTTGTTGAAT-1_V13B23-285_A1,14
GGAAACTAAATGGGCC-1_V13B23-285_A1,2
GGAAAGTGCCCATGCC-1_V13B23-285_A1,2
GGAACCCGAACAAGAA-1_V13B23-285_A1,1
GGAACCGTGTAAATTG-1_V13B23-285_A1,4
GGAACCTTGACTCTGC-1_V13B23-285_A1,1
GGAACGGCCTGCAGCC-1_V13B23-285_A1,1
GGAACTTTGGCGATTA-1_V13B23-285_A1,2
GGAAGCTCGCTTACAG-1_V13B23-285_A1,9
GGAATAACCTCAAGAA-1_V13B23-285_A1,6
GGAATGCGCTAGCGTG-1_V13B23-285_A1,1
GGACAACCATGAAGCC-1_V13B23-285_A1,11
GGACAAGTTGCAGTGA-1_V13B23-285_A1,1
GGACACAAGTTTACAC-1_V13B23-285_A1,1
GGACCAACAGGATAAC-1_V13B23-285_A1,9
GGACCTCTAGGCCGCC-1_V13B23-285_A1,1
GGACGGGCGACCAACC-1_V13B23-285_A1,1
GGACTAAGTCAGGAGT-1_V13B23-285_A1,4
GGACTCACAAATTAGG-1_V13B23-285_A1,3
GGACTCGTGAGTGGTC-1_V13B23-285_A1,2
GGACTCTTTGACTAAG-1_V13B23-285_A1,1
GGAGAAGTCATTGGCA-1_V13B23-285_A1,1
GGAGACCAATGTGCTT-1_V13B23-285_A1,1
GGAGACCATCTACATA-1_V13B23-285_A1,1
GGAGACGACACCTTTG-1_V13B23-285_A1,3
GGAGCAACATTTCAAG-1_V13B23-285_A1,1
GGAGCACCAAGAACTA-1_V13B23-285_A1,1
GGAGCGAGGCCTACTT-1_V13B23-285_A1,1
GGAGGATTGAAAGGAG-1_V13B23-285_A1,17
GGAGGCCGAAGTCGTC-1_V13B23-285_A1,1
GGAGGGCTTGGTTGGC-1_V13B23-285_A1,1
GGAGGGTCAAGTAAGA-1_V13B23-285_A1,2
GGAGTACACATGAGCT-1_V13B23-285_A1,3
GGAGTGCCGCCCTGGA-1_V13B23-285_A1,4
GGAGTTGATTCTGTGT-1_V13B23-285_A1,10
GGATACTCATGAATTG-1_V13B23-285_A1,3
GGATCAAAGGACGAGG-1_V13B23-285_A1,3
GGATCAGAGCCATCAG-1_V13B23-285_A1,12
GGATCATCCCGTACGC-1_V13B23-285_A1,5
GGATCCCTACCAGCTA-1_V13B23-285_A1,2
GGATCCGGAATATACT-1_V13B23-285_A1,1
GGATCTTACTGCCCTT-1_V13B23-285_A1,3
GGATCTTGACTCAACC-1_V13B23-285_A1,12
GGATGAAGATCGCTGA-1_V13B23-285_A1,2
GGATGACGCGAGTTTA-1_V13B23-285_A1,4
GGATGCTGGCGTTCCT-1_V13B23-285_A1,4
GGATGGCTTGAAGTAT-1_V13B23-285_A1,2
GGATGTCCTTACCGCA-1_V13B23-285_A1,10
GGATTAATCATGGACC-1_V13B23-285_A1,3
GGATTCAGTACGGTGG-1_V13B23-285_A1,10
GGATTCCGCTATACCC-1_V13B23-285_A1,7
GGATTGCTGTGACTCC-1_V13B23-285_A1,11
GGATTTCACTTCTATA-1_V13B23-285_A1,1
GGCAAAGGCGCCAATA-1_V13B23-285_A1,1
GGCAAATTACTTTACT-1_V13B23-285_A1,4
GGCAAGCCCATAGTGG-1_V13B23-285_A1,10
GGCAAGGCGAAATAGC-1_V13B23-285_A1,4
GGCAATAGTCAATGAG-1_V13B23-285_A1,4
GGCACTCCACTGGGCA-1_V13B23-285_A1,4
GGCACTGCGGTGGTTT-1_V13B23-285_A1,2
GGCAGAGAGATCGGGA-1_V13B23-285_A1,4
GGCAGCAAACCTATGC-1_V13B23-285_A1,3
GGCATACAGGTAGCGG-1_V13B23-285_A1,1
GGCATATCGGTTCTGC-1_V13B23-285_A1,10
GGCATCAACGAGCACG-1_V13B23-285_A1,14
GGCCACAAGCGATGGC-1_V13B23-285_A1,6
GGCCACACGAAAGCCT-1_V13B23-285_A1,1
GGCCCAGCTGGTTTGC-1_V13B23-285_A1,2
GGCCCGGAGCATGTCT-1_V13B23-285_A1,1
GGCCCGTATACCATGC-1_V13B23-285_A1,1
GGCCCTCACCCACTTA-1_V13B23-285_A1,4
GGCCGAGACTCTGGTG-1_V13B23-285_A1,2
GGCCGCAGGAACCGCA-1_V13B23-285_A1,2
GGCCGGCGTCTGCTAT-1_V13B23-285_A1,2
GGCCGTTTGGGTTTCA-1_V13B23-285_A1,1
GGCCTGCTTCTCCCGA-1_V13B23-285_A1,2
GGCCTTTGCAACTGGC-1_V13B23-285_A1,1
GGCGAAATCTAACTTG-1_V13B23-285_A1,1
GGCGAGCATCGAGGAC-1_V13B23-285_A1,5
GGCGAGCGAAACGGCA-1_V13B23-285_A1,1
GGCGCAGGACATCTTC-1_V13B23-285_A1,4
GGCGCATGAATTGATG-1_V13B23-285_A1,4
GGCGCGGAGATCTTTC-1_V13B23-285_A1,2
GGCGCGTTCGAGTTTA-1_V13B23-285_A1,6
GGCGCTCCTCATCAAT-1_V13B23-285_A1,2
GGCGCTTCATTCCCTG-1_V13B23-285_A1,2
GGCGGAGTAATATTAG-1_V13B23-285_A1,1
GGCGGTAGGATCATTG-1_V13B23-285_A1,3
GGCGGTTTGCCGGTGC-1_V13B23-285_A1,10
GGCGTACCCTATATAA-1_V13B23-285_A1,9
GGCGTAGGGAAAGCTG-1_V13B23-285_A1,2
GGCGTCCTATCCGCTG-1_V13B23-285_A1,4
GGCTAAAGGGCGGGTC-1_V13B23-285_A1,9
GGCTACTATACACTCC-1_V13B23-285_A1,1
GGCTATTAAGTTGTAT-1_V13B23-285_A1,4
GGCTCCTCCACCTGTT-1_V13B23-285_A1,1
GGCTCGCGTTGAGGTA-1_V13B23-285_A1,8
GGCTCGTGCCACCAGC-1_V13B23-285_A1,1
GGCTCTGCTCCAACGC-1_V13B23-285_A1,1
GGCTGAAATAGCAAAG-1_V13B23-285_A1,2
GGCTGGCTAGCTTAAA-1_V13B23-285_A1,6
GGCTTGGCTCTCACCT-1_V13B23-285_A1,1
GGCTTTCAATAAGGGT-1_V13B23-285_A1,1
GGGAAAGAATGCCAAC-1_V13B23-285_A1,11
GGGAACCACCTGTTTC-1_V13B23-285_A1,6
GGGAACGGGAGGTTAG-1_V13B23-285_A1,1
GGGAACGGTTTCAGAT-1_V13B23-285_A1,11
GGGAAGACGGTCTGTC-1_V13B23-285_A1,11
GGGAAGGGCTTTCTCA-1_V13B23-285_A1,2
GGGAATGAGCCCTCAC-1_V13B23-285_A1,17
GGGAATTCTGTCCAGT-1_V13B23-285_A1,1
GGGACAGAGTTACTCC-1_V13B23-285_A1,1
GGGACCCGTATATCTT-1_V13B23-285_A1,3
GGGACTGCATAGATAG-1_V13B23-285_A1,3
GGGAGAACTCACAGTA-1_V13B23-285_A1,1
GGGAGCGACCGTAGTG-1_V13B23-285_A1,11
GGGAGGATGCCCGAAA-1_V13B23-285_A1,4
GGGAGTAATGGCTGGC-1_V13B23-285_A1,6
GGGAGTTAATGAGGCG-1_V13B23-285_A1,1
GGGATACGGTAATAAT-1_V13B23-285_A1,1
GGGATGGTCGTAACCG-1_V13B23-285_A1,6
GGGATTTACCGCACCT-1_V13B23-285_A1,2
GGGCAACCGCACGTGC-1_V13B23-285_A1,1
GGGCAGACGTCACTGC-1_V13B23-285_A1,4
GGGCAGAGCAATCGTT-1_V13B23-285_A1,1
GGGCAGTCAACGCCAA-1_V13B23-285_A1,2
GGGCCCGTCTTAAACA-1_V13B23-285_A1,3
GGGCCCTACGAAAGGG-1_V13B23-285_A1,4
GGGCCCTTATCTATAC-1_V13B23-285_A1,1
GGGCCGGCCGAAGTAC-1_V13B23-285_A1,1
GGGCCTAAATGGGCTA-1_V13B23-285_A1,3
GGGCGAATTTCTCCAC-1_V13B23-285_A1,4
GGGCGATATGTGTGAA-1_V13B23-285_A1,4
GGGCGCAGCGTTACTC-1_V13B23-285_A1,1
GGGCGGCAAATGAATT-1_V13B23-285_A1,4
GGGCGGGTTCCCTACG-1_V13B23-285_A1,4
GGGCGGTCCTATTGTC-1_V13B23-285_A1,2
GGGCGTACATTTATAT-1_V13B23-285_A1,1
GGGCGTCACCACGTAA-1_V13B23-285_A1,4
GGGCGTCCACTGGCTC-1_V13B23-285_A1,2
GGGCGTGGTTTCCCAG-1_V13B23-285_A1,11
GGGCTACTATTTCGTG-1_V13B23-285_A1,1
GGGCTATGATCGATGG-1_V13B23-285_A1,1
GGGCTCATCGAACCCA-1_V13B23-285_A1,7
GGGCTGCCTAGGGCGA-1_V13B23-285_A1,4
GGGCTGGTTAGTCGCG-1_V13B23-285_A1,4
GGGTAATGCTGTGTTT-1_V13B23-285_A1,6
GGGTACACTCTGGAGG-1_V13B23-285_A1,8
GGGTACCCACGGTCCT-1_V13B23-285_A1,3
GGGTACTTCATGAACT-1_V13B23-285_A1,1
GGGTATGTATGCACTT-1_V13B23-285_A1,1
GGGTATTCTAGCAAAC-1_V13B23-285_A1,1
GGGTCACCGTGACGGT-1_V13B23-285_A1,1
GGGTCAGGAGCTAGAT-1_V13B23-285_A1,1
GGGTCATGCGTACCAT-1_V13B23-285_A1,1
GGGTCGTGGCAAGTGT-1_V13B23-285_A1,1
GGGTCTATCGCTTTCC-1_V13B23-285_A1,1
GGGTGACACCTTAACT-1_V13B23-285_A1,1
GGGTGCATATGAAAGC-1_V13B23-285_A1,2
GGGTGGTCCAGCCTGT-1_V13B23-285_A1,5
GGGTGTTTCAGCTATG-1_V13B23-285_A1,11
GGGTTAACATTTGAGT-1_V13B23-285_A1,3
GGGTTCAGACGAACAA-1_V13B23-285_A1,6
GGGTTTAGGATAGGAT-1_V13B23-285_A1,2
GGTAAACTCTGCGCTG-1_V13B23-285_A1,2
GGTAACCGGGAGGATA-1_V13B23-285_A1,1
GGTAACTATGTATCTG-1_V13B23-285_A1,2
GGTACAAACATGCTAT-1_V13B23-285_A1,1
GGTACACCAGATTTAT-1_V13B23-285_A1,1
GGTACATCTGGGACGA-1_V13B23-285_A1,4
GGTACCATTAAGACGG-1_V13B23-285_A1,10
GGTACGTTGCGGCCGG-1_V13B23-285_A1,10
GGTACTAAGTGCTTTG-1_V13B23-285_A1,1
GGTAGAAGACCGCCTG-1_V13B23-285_A1,1
GGTAGACCGTTGGGCG-1_V13B23-285_A1,12
GGTAGTGCTCGCACCA-1_V13B23-285_A1,6
GGTATAGTGACACATA-1_V13B23-285_A1,1
GGTATTGCCGAGTTTA-1_V13B23-285_A1,4
GGTCAAGACTACTTCG-1_V13B23-285_A1,2
GGTCACGTTAGATTCA-1_V13B23-285_A1,2
GGTCAGTGGGTCCCAC-1_V13B23-285_A1,7
GGTCCTTCATACGACT-1_V13B23-285_A1,1
GGTCGGATAAACGGCG-1_V13B23-285_A1,1
GGTCGGCCAGGAGCTT-1_V13B23-285_A1,1
GGTCGGTAATTAGACA-1_V13B23-285_A1,2
GGTCGGTCGTCCACAG-1_V13B23-285_A1,7
GGTCGTAAGCTCGCAC-1_V13B23-285_A1,6
GGTCTCCGTCCAGGTT-1_V13B23-285_A1,2
GGTCTCTGAATGGACT-1_V13B23-285_A1,3
GGTCTGAGAATCTGGA-1_V13B23-285_A1,1
GGTCTTGAGCGCTCTT-1_V13B23-285_A1,1
GGTGAAACCGGGAATG-1_V13B23-285_A1,3
GGTGAACGGGCTAGCC-1_V13B23-285_A1,2
GGTGAAGTACAGGGAT-1_V13B23-285_A1,4
GGTGAGATGCAGATAA-1_V13B23-285_A1,11
GGTGATAAGGAGCAGT-1_V13B23-285_A1,1
GGTGATGAAGGAAGTG-1_V13B23-285_A1,1
GGTGATTTCATCTTGT-1_V13B23-285_A1,2
GGTGCATAAATGATTA-1_V13B23-285_A1,3
GGTGCGGATAAGTGGC-1_V13B23-285_A1,1
GGTGCTGATCACAAAG-1_V13B23-285_A1,1
GGTGCTGGTACACATT-1_V13B23-285_A1,4
GGTGGACTGCTCTGGC-1_V13B23-285_A1,2
GGTGGAGGTTGATACG-1_V13B23-285_A1,1
GGTGTAAATCGATTGT-1_V13B23-285_A1,10
GGTGTTGGGCGTCTTA-1_V13B23-285_A1,2
GGTTACCACCCTCGGG-1_V13B23-285_A1,1
GGTTACCCGACACTTT-1_V13B23-285_A1,2
GGTTAGCTATATGTCT-1_V13B23-285_A1,1
GGTTAGGCTTGGAGAA-1_V13B23-285_A1,1
GGTTAGTTACGGCGCC-1_V13B23-285_A1,1
GGTTCGGATTATACTA-1_V13B23-285_A1,4
GGTTCTACTCGTCTGA-1_V13B23-285_A1,2
GGTTGTATCGTGAAAT-1_V13B23-285_A1,14
GGTTGTGCTCTTGTCC-1_V13B23-285_A1,1
GGTTGTGTAGCCTGGC-1_V13B23-285_A1,1
GGTTTAATTACCATCG-1_V13B23-285_A1,1
GGTTTAATTGAGCAGG-1_V13B23-285_A1,1
GGTTTACAATCTCAAT-1_V13B23-285_A1,1
GGTTTAGCCTTTCTTG-1_V13B23-285_A1,10
GGTTTCAATCGGTCAG-1_V13B23-285_A1,1
GGTTTGAGTGCTGGAA-1_V13B23-285_A1,1
GGTTTGTGACCTGAGG-1_V13B23-285_A1,11
GTAACATCTAAGATAA-1_V13B23-285_A1,1
GTAACTGCCCAAGGAG-1_V13B23-285_A1,1
GTAACTTGCGGCAGTC-1_V13B23-285_A1,1
GTAAGCGGGCAGTCAG-1_V13B23-285_A1,14
GTAAGTAACAGTCTGG-1_V13B23-285_A1,1
GTAAGTAGGGTATACC-1_V13B23-285_A1,1
GTAAGTCCACACTCTA-1_V13B23-285_A1,6
GTAATAAAGGGCTCCC-1_V13B23-285_A1,2
GTAATCTGATTCTTCG-1_V13B23-285_A1,1
GTACACTTACCTGAAG-1_V13B23-285_A1,6
GTACAGAGGCAAGGGT-1_V13B23-285_A1,3
GTACGACGGCGCTGCG-1_V13B23-285_A1,2
GTACGAGATTGCGACA-1_V13B23-285_A1,4
GTACGCTTCATTGCAC-1_V13B23-285_A1,1
GTACGTTTGCCCGTCA-1_V13B23-285_A1,4
GTACTAAGATTTGGAG-1_V13B23-285_A1,4
GTACTCCCTTATCGCT-1_V13B23-285_A1,4
GTACTCCTGGGTATGC-1_V13B23-285_A1,2
GTACTGAGGTCGTAAC-1_V13B23-285_A1,11
GTACTGCATGAAGCGT-1_V13B23-285_A1,1
GTACTGGAGTTAGACC-1_V13B23-285_A1,1
GTACTTGGGCACTTCT-1_V13B23-285_A1,10
GTAGAAACGGGTGGAG-1_V13B23-285_A1,1
GTAGACAACCGATGAA-1_V13B23-285_A1,1
GTAGACACGCCTGACT-1_V13B23-285_A1,1
GTAGACGTCGTTACAT-1_V13B23-285_A1,2
GTAGAGGGAGACAAGT-1_V13B23-285_A1,1
GTAGCCAAACATGGGA-1_V13B23-285_A1,7
GTAGCGCTGTTGTAGT-1_V13B23-285_A1,1
GTAGCGGCTATACACT-1_V13B23-285_A1,3
GTAGCTCCGGGAGGCT-1_V13B23-285_A1,3
GTAGCTTCCTCTTGTT-1_V13B23-285_A1,2
GTAGGTGATCCGTGTA-1_V13B23-285_A1,1
GTAGTCGCGGGAATCA-1_V13B23-285_A1,4
GTAGTCTACGATATTG-1_V13B23-285_A1,11
GTAGTGAGCAACCTCA-1_V13B23-285_A1,2
GTAGTTCGAAGGCGAA-1_V13B23-285_A1,1
GTATAATCTCCCGGAT-1_V13B23-285_A1,8
GTATAGGACTCAGTAG-1_V13B23-285_A1,4
GTATATGTTACGGCGG-1_V13B23-285_A1,10
GTATCAAACGTTAGCT-1_V13B23-285_A1,2
GTATCAGCTTGGGTTC-1_V13B23-285_A1,2
GTATCCTTTGGTAACC-1_V13B23-285_A1,10
GTATCGGGACGAGCTG-1_V13B23-285_A1,2
GTATCTCAGTCTTGAC-1_V13B23-285_A1,1
GTATCTTTCATAACCA-1_V13B23-285_A1,3
GTATGAAATTTCACTC-1_V13B23-285_A1,14
GTATGACGTGGGAAAC-1_V13B23-285_A1,6
GTATGTGGGTCTAGTT-1_V13B23-285_A1,1
GTATTAAGGCGTCTAA-1_V13B23-285_A1,7
GTATTCTGAGAAACGA-1_V13B23-285_A1,4
GTATTCTTACCGTGCT-1_V13B23-285_A1,2
GTATTTAATGGCATAA-1_V13B23-285_A1,2
GTCAAAGAAGTGGTGT-1_V13B23-285_A1,1
GTCAAAGTTTACATAG-1_V13B23-285_A1,2
GTCAACCAGGCCTATA-1_V13B23-285_A1,10
GTCAAGCGGACTCGGG-1_V13B23-285_A1,6
GTCAATGCTATAATTT-1_V13B23-285_A1,1
GTCAATTGTACTGAAG-1_V13B23-285_A1,3
GTCACAAAGTTTCCAA-1_V13B23-285_A1,1
GTCACTCTCCAAATCT-1_V13B23-285_A1,1
GTCAGAATAGTCTATG-1_V13B23-285_A1,1
GTCAGACAGCGTTGGA-1_V13B23-285_A1,15
GTCAGTTGTGCTCGTT-1_V13B23-285_A1,5
GTCAGTTTGGTAGTCG-1_V13B23-285_A1,1
GTCATCTCCTACAGCT-1_V13B23-285_A1,2
GTCATGCACCTCCGTT-1_V13B23-285_A1,1
GTCATGCGCGAGGGCT-1_V13B23-285_A1,2
GTCATGGACATGACTA-1_V13B23-285_A1,6
GTCATTAGAGCGAACG-1_V13B23-285_A1,4
GTCATTGCATTGACCC-1_V13B23-285_A1,14
GTCCAATATTTAGCCT-1_V13B23-285_A1,1
GTCCACGTCGCATTCG-1_V13B23-285_A1,10
GTCCATTACTGCTACG-1_V13B23-285_A1,1
GTCCCAACGTAAAGTA-1_V13B23-285_A1,1
GTCCCAATCATCCCGC-1_V13B23-285_A1,4
GTCCCGCGACGTTATG-1_V13B23-285_A1,1
GTCCGAGAGCAATCAT-1_V13B23-285_A1,3
GTCCGGACCTGAAATT-1_V13B23-285_A1,10
GTCCGGCTGAATTGCG-1_V13B23-285_A1,4
GTCCGGGTTCACATTA-1_V13B23-285_A1,10
GTCCTACAGGCGGCTC-1_V13B23-285_A1,3
GTCCTACGAATAGTCT-1_V13B23-285_A1,10
GTCCTACTCTACGGGC-1_V13B23-285_A1,1
GTCCTATTGTTGTGGT-1_V13B23-285_A1,4
GTCCTTCTACAACCCA-1_V13B23-285_A1,1
GTCCTTCTAGTGGGTT-1_V13B23-285_A1,5
GTCGATAGGTGACTTT-1_V13B23-285_A1,11
GTCGCCGTTGTGTGTT-1_V13B23-285_A1,10
GTCGCGTAACCCGTTG-1_V13B23-285_A1,1
GTCGGATATCTCAGAC-1_V13B23-285_A1,4
GTCGGATGTAGCGCGC-1_V13B23-285_A1,2
GTCGGGAACATGGTAG-1_V13B23-285_A1,1
GTCGGGAAGCAGAAAC-1_V13B23-285_A1,1
GTCGTACCATCTCGGG-1_V13B23-285_A1,4
GTCGTACCTACGATTG-1_V13B23-285_A1,4
GTCGTATTGGCGTACA-1_V13B23-285_A1,10
GTCGTCAATTATAAGG-1_V13B23-285_A1,1
GTCGTCTGGTTGGCTA-1_V13B23-285_A1,10
GTCGTGTCTGGTCATC-1_V13B23-285_A1,2
GTCGTTATTCGCTTAT-1_V13B23-285_A1,4
GTCTACTCAATTACAA-1_V13B23-285_A1,14
GTCTAGTGAGCCGCTT-1_V13B23-285_A1,11
GTCTATCTGAGTTTCT-1_V13B23-285_A1,4
GTCTATTGCATGCTCG-1_V13B23-285_A1,10
GTCTATTGGTTCCGGT-1_V13B23-285_A1,2
GTCTCAAGGCCCGGCT-1_V13B23-285_A1,1
GTCTCCCGAGTCCCGT-1_V13B23-285_A1,2
GTCTCCTGCCAGTATG-1_V13B23-285_A1,4
GTCTCGACTAAGTTTG-1_V13B23-285_A1,3
GTCTCGATCTGCTTTC-1_V13B23-285_A1,13
GTCTGGGCGGTCGAGA-1_V13B23-285_A1,4
GTCTTAGTACAGCCGG-1_V13B23-285_A1,3
GTCTTCCTCACCTAAG-1_V13B23-285_A1,1
GTCTTGAGGAGCAGTG-1_V13B23-285_A1,1
GTCTTGTAGCTATTCA-1_V13B23-285_A1,11
GTGAAACGGCGCCACC-1_V13B23-285_A1,7
GTGAAACGTGCTCCAC-1_V13B23-285_A1,6
GTGAACTCCCATTCGA-1_V13B23-285_A1,2
GTGAAGATTTCAAGTG-1_V13B23-285_A1,2
GTGAAGCCGTATAGTC-1_V13B23-285_A1,8
GTGAAGTCACGACTCG-1_V13B23-285_A1,1
GTGACAGCTTCCCACT-1_V13B23-285_A1,2
GTGACCGCACACTACG-1_V13B23-285_A1,1
GTGACCTAAAGAATAA-1_V13B23-285_A1,2
GTGACGAGGGTGACCC-1_V13B23-285_A1,1
GTGACGCAGGTTTCAT-1_V13B23-285_A1,11
GTGACTTCAGTAGTGC-1_V13B23-285_A1,4
GTGAGCGTGCTGCACT-1_V13B23-285_A1,1
GTGAGGACACTTAAGG-1_V13B23-285_A1,1
GTGAGGAGCGGTTGAG-1_V13B23-285_A1,9
GTGAGTCTAAGACGGA-1_V13B23-285_A1,1
GTGAGTGGTACAACGC-1_V13B23-285_A1,7
GTGATCAAGCGTGCAC-1_V13B23-285_A1,3
GTGATCACTAACGCCT-1_V13B23-285_A1,2
GTGATCATAGATCTGC-1_V13B23-285_A1,4
GTGATCCTTGTCATGA-1_V13B23-285_A1,11
GTGATTCGCCGCTCAA-1_V13B23-285_A1,1
GTGCAACAAATGTGGC-1_V13B23-285_A1,1
GTGCACCAGCTTCAAC-1_V13B23-285_A1,1
GTGCACGAAAGTGACT-1_V13B23-285_A1,1
GTGCCATCACACGGTG-1_V13B23-285_A1,1
GTGCCCGTTCGGATTC-1_V13B23-285_A1,2
GTGCCGCTTCAAAGGT-1_V13B23-285_A1,12
GTGCCTAGCTATGCTT-1_V13B23-285_A1,2
GTGCCTGAGACCAAAC-1_V13B23-285_A1,1
GTGCGAAATCGAACAC-1_V13B23-285_A1,4
GTGCGACAGGGAGTGT-1_V13B23-285_A1,3
GTGCGCAGCTTGCTCC-1_V13B23-285_A1,2
GTGCGCTTACAAATGA-1_V13B23-285_A1,8
GTGCGGGACCATCGGC-1_V13B23-285_A1,6
GTGCGGGTCTCCAAAT-1_V13B23-285_A1,4
GTGCGTGTATATGAGC-1_V13B23-285_A1,11
GTGCTCAAGTACTGTC-1_V13B23-285_A1,6
GTGCTGCAGATAAGGA-1_V13B23-285_A1,4
GTGCTTACATCAGCGC-1_V13B23-285_A1,10
GTGGAACCTACATGCG-1_V13B23-285_A1,2
GTGGACCAACCCGATT-1_V13B23-285_A1,1
GTGGACGCATTTGTCC-1_V13B23-285_A1,1
GTGGACGTGCTGAGAC-1_V13B23-285_A1,2
GTGGAGCGTTTACCGA-1_V13B23-285_A1,7
GTGGAGTCGGCGGTTG-1_V13B23-285_A1,1
GTGGCAAACAGCGGCA-1_V13B23-285_A1,4
GTGGCCTAATATCATT-1_V13B23-285_A1,4
GTGGCGGTCCCAGCGT-1_V13B23-285_A1,4
GTGGCTGTTTCTGTTC-1_V13B23-285_A1,11
GTGGGAAGACTGAATC-1_V13B23-285_A1,3
GTGGGCTTAGACACAC-1_V13B23-285_A1,1
GTGGGTACTGAGCGTA-1_V13B23-285_A1,1
GTGGGTCTTCTTTGCG-1_V13B23-285_A1,20
GTGGTATAGTCTGCCG-1_V13B23-285_A1,1
GTGGTGGCCAAGTGAA-1_V13B23-285_A1,7
GTGGTTACTTCTTTCG-1_V13B23-285_A1,2
GTGGTTTCCGCCTTTC-1_V13B23-285_A1,1
GTGTACCTTGGCTACG-1_V13B23-285_A1,4
GTGTACGAACCGTTCC-1_V13B23-285_A1,14
GTGTATATCAGCGGGC-1_V13B23-285_A1,1
GTGTATGACTTTAAAG-1_V13B23-285_A1,14
GTGTCGTATAGCGTTC-1_V13B23-285_A1,1
GTGTGAATAACTTAGG-1_V13B23-285_A1,2
GTGTGAGCCGAGGTGC-1_V13B23-285_A1,3
GTGTGTCGACGTCGCT-1_V13B23-285_A1,1
GTGTTACTATGCGTCC-1_V13B23-285_A1,1
GTTAAAGTAGGACTGG-1_V13B23-285_A1,2
GTTAACATCACTTAAA-1_V13B23-285_A1,2
GTTAACTATGTTGTCA-1_V13B23-285_A1,1
GTTAAGGGTGCGATGT-1_V13B23-285_A1,2
GTTAAGTTAGAGTGGG-1_V13B23-285_A1,7
GTTAATGTCTATCTTA-1_V13B23-285_A1,3
GTTACAATTGGTGACG-1_V13B23-285_A1,4
GTTACCTACAACTTGC-1_V13B23-285_A1,4
GTTACGAAATCCACGC-1_V13B23-285_A1,2
GTTACGGCCCGACTGC-1_V13B23-285_A1,3
GTTACTTTGGGCCTAG-1_V13B23-285_A1,1
GTTAGAGTGTGCCGCT-1_V13B23-285_A1,17
GTTAGCCCATGACATC-1_V13B23-285_A1,2
GTTAGCCGTAAATCAA-1_V13B23-285_A1,10
GTTAGGCTACCCGTTT-1_V13B23-285_A1,1
GTTATAATACGGTGAA-1_V13B23-285_A1,1
GTTATATCAGGAGCCA-1_V13B23-285_A1,1
GTTATATTATCTCCCT-1_V13B23-285_A1,3
GTTATCAAGCTATCGA-1_V13B23-285_A1,2
GTTATCACCTTCTGAA-1_V13B23-285_A1,9
GTTATTAACGTGGGAG-1_V13B23-285_A1,1
GTTCAAATCAGATGTC-1_V13B23-285_A1,1
GTTCACAGGAGTCTAG-1_V13B23-285_A1,16
GTTCAGTCGCCAAATG-1_V13B23-285_A1,1
GTTCATCGTTTGGCTG-1_V13B23-285_A1,1
GTTCCAAGACAGCGAC-1_V13B23-285_A1,2
GTTCCAGTCTGACCAT-1_V13B23-285_A1,2
GTTCCCGTAAACATAT-1_V13B23-285_A1,10
GTTCGCCATAAGTGCC-1_V13B23-285_A1,4
GTTCGCTGAGACGTCT-1_V13B23-285_A1,2
GTTCGGAGCACTCAAC-1_V13B23-285_A1,2
GTTCGGATCGGGAACA-1_V13B23-285_A1,1
GTTCGGGCGTACCATT-1_V13B23-285_A1,2
GTTCGTCTAAAGAACT-1_V13B23-285_A1,2
GTTCGTCTGGGTCCCT-1_V13B23-285_A1,9
GTTCGTTGCGGACCAG-1_V13B23-285_A1,3
GTTCTTCCCTCGATGT-1_V13B23-285_A1,11
GTTGAACCGGTTCCAT-1_V13B23-285_A1,16
GTTGAGTCCCGCCGGT-1_V13B23-285_A1,2
GTTGCACGGAGTTTCG-1_V13B23-285_A1,4
GTTGCGCTAACATTAC-1_V13B23-285_A1,1
GTTGCGGACGGTCAGG-1_V13B23-285_A1,10
GTTGGACCGCATCAGG-1_V13B23-285_A1,5
GTTGGATTCAGTGGCT-1_V13B23-285_A1,1
GTTGGATTGAGAACAC-1_V13B23-285_A1,1
GTTGGATTTGCGTTGG-1_V13B23-285_A1,4
GTTGGTCATGCTATCC-1_V13B23-285_A1,7
GTTGTAGATTTATGAG-1_V13B23-285_A1,3
GTTGTCGTGTTAGTTG-1_V13B23-285_A1,2
GTTTACGTTCCATCTG-1_V13B23-285_A1,4
GTTTATGGGATTTAGA-1_V13B23-285_A1,1
GTTTCAAACGAGTTGT-1_V13B23-285_A1,2
GTTTCATATCGTCGCT-1_V13B23-285_A1,4
GTTTCCTGGAGGGTGA-1_V13B23-285_A1,4
GTTTCTAGAGGCGCGG-1_V13B23-285_A1,2
GTTTCTGCAGTCTCCC-1_V13B23-285_A1,3
GTTTGACCAAATCCTA-1_V13B23-285_A1,1
GTTTGAGCGGTTATGT-1_V13B23-285_A1,2
GTTTGGCCCAAGTTAT-1_V13B23-285_A1,4
GTTTGGCCGCTCAGCG-1_V13B23-285_A1,6
GTTTGGGCTTGTGAGC-1_V13B23-285_A1,1
GTTTGGGTTTCGCCCG-1_V13B23-285_A1,11
GTTTGGTAGGGTCAAC-1_V13B23-285_A1,4
GTTTGGTGATCGGTGC-1_V13B23-285_A1,3
GTTTGTTAGCCAAGTA-1_V13B23-285_A1,1
TAAACCCAGGAGGGCA-1_V13B23-285_A1,4
TAAACGTCGTCAATGA-1_V13B23-285_A1,1
TAAAGACAACCCTTTA-1_V13B23-285_A1,1
TAAAGAGCCCGAAACC-1_V13B23-285_A1,6
TAAAGCGGTATTTCCA-1_V13B23-285_A1,1
TAAAGCGTTAGGAGAA-1_V13B23-285_A1,1
TAAAGCTGCAATAGGG-1_V13B23-285_A1,14
TAAATCTTTACACCTC-1_V13B23-285_A1,3
TAAATGAATCCGTTTC-1_V13B23-285_A1,1
TAACAAAGGGAGAAGC-1_V13B23-285_A1,1
TAACAATATTTGTTGC-1_V13B23-285_A1,1
TAACAGCGTTTGTGCT-1_V13B23-285_A1,1
TAACATACAATGTGGG-1_V13B23-285_A1,4
TAACATACACGCGATC-1_V13B23-285_A1,2
TAACCGCCCGCAGTGC-1_V13B23-285_A1,6
TAACCTACCGTCCGAG-1_V13B23-285_A1,1
TAACCTAGGGAGTCCA-1_V13B23-285_A1,2
TAACGCTTTGAGAGCG-1_V13B23-285_A1,14
TAACTATCGAAGGTCC-1_V13B23-285_A1,4
TAACTATTACGCCAAA-1_V13B23-285_A1,1
TAACTCATCCGCGCGG-1_V13B23-285_A1,7
TAACTCCATGGAGGCT-1_V13B23-285_A1,3
TAAGAGGGACAGGGAC-1_V13B23-285_A1,1
TAAGATTTAGCGGGAG-1_V13B23-285_A1,2
TAAGCAGGCGACACGC-1_V13B23-285_A1,1
TAAGCGCGAATCAAAT-1_V13B23-285_A1,3
TAAGGAACTTGTGGGA-1_V13B23-285_A1,3
TAAGGCAACATAAGAT-1_V13B23-285_A1,4
TAAGGCATAACATCAA-1_V13B23-285_A1,1
TAAGGCCCGTCACCCT-1_V13B23-285_A1,2
TAAGGCTGAATCCCTC-1_V13B23-285_A1,6
TAAGGGCCTGTCCGAT-1_V13B23-285_A1,2
TAAGGGCTGGGAGAGG-1_V13B23-285_A1,4
TAAGTAACATCTTGAC-1_V13B23-285_A1,3
TAAGTCGCCGAGTATC-1_V13B23-285_A1,11
TAAGTTGCGACGTAGG-1_V13B23-285_A1,1
TAATAAACAAGGAGAT-1_V13B23-285_A1,1
TAATACACAGTAGTAT-1_V13B23-285_A1,12
TAATACTAGAACAGAC-1_V13B23-285_A1,1
TAATAGAACAGAGTTA-1_V13B23-285_A1,1
TAATAGCTAAATGATG-1_V13B23-285_A1,1
TAATAGGTCACCAGAA-1_V13B23-285_A1,1
TAATAGTGACGACCAG-1_V13B23-285_A1,1
TAATATTGAAATTCGC-1_V13B23-285_A1,1
TAATCGATCCGTACGT-1_V13B23-285_A1,7
TAATGAAAGACCCTTG-1_V13B23-285_A1,1
TAATTACGTCAGTAGA-1_V13B23-285_A1,2
TAATTAGATGGATATG-1_V13B23-285_A1,2
TAATTAGGACATCCGT-1_V13B23-285_A1,11
TAATTTCCGTCCAGTA-1_V13B23-285_A1,4
TACAACAGCGCATACA-1_V13B23-285_A1,3
TACAACGCACAACTCA-1_V13B23-285_A1,4
TACAAGCTGTTCACTG-1_V13B23-285_A1,8
TACAAGGGCTTCTTTA-1_V13B23-285_A1,11
TACAAGTCTCGTGCAT-1_V13B23-285_A1,4
TACAATGAAACCAGCA-1_V13B23-285_A1,6
TACACCGTCGTTAGTC-1_V13B23-285_A1,1
TACAGAAACGGTGGGC-1_V13B23-285_A1,2
TACATAGGCATACACC-1_V13B23-285_A1,7
TACATCCCTATCCCTG-1_V13B23-285_A1,1
TACATCTTGTTTCTTG-1_V13B23-285_A1,1
TACATGACCTTATCCG-1_V13B23-285_A1,1
TACATGCCGGAATTGT-1_V13B23-285_A1,1
TACATTTCTAACGTGC-1_V13B23-285_A1,1
TACCAAATAGCCCAGA-1_V13B23-285_A1,1
TACCAATAAAGTACCA-1_V13B23-285_A1,2
TACCAGAAGTAGGTTC-1_V13B23-285_A1,1
TACCAGCTAGGTTTAA-1_V13B23-285_A1,8
TACCATGTATTGATTT-1_V13B23-285_A1,1
TACCGAATAATTGTAA-1_V13B23-285_A1,2
TACCGCGGACTTGCAG-1_V13B23-285_A1,2
TACCGGCTCACTGCCC-1_V13B23-285_A1,4
TACCGGTCGTTTCCAT-1_V13B23-285_A1,1
TACCGTAGGTTAACTA-1_V13B23-285_A1,2
TACCGTGCCTCGGACC-1_V13B23-285_A1,1
TACCTACTCCCAGTAT-1_V13B23-285_A1,1
TACCTATCCCTAGAGG-1_V13B23-285_A1,12
TACCTCACGCTTGTAC-1_V13B23-285_A1,2
TACCTCAGTTGTCTGT-1_V13B23-285_A1,9
TACCTGCTGCACTGTG-1_V13B23-285_A1,1
TACCTTAAGATTTCCC-1_V13B23-285_A1,1
TACGAACACGACTTCA-1_V13B23-285_A1,1
TACGACGCTTGCTGCG-1_V13B23-285_A1,4
TACGACTGCCTCTTAG-1_V13B23-285_A1,1
TACGAGAACTTCACGT-1_V13B23-285_A1,4
TACGATGTTGATCATC-1_V13B23-285_A1,4
TACGCAGTTCTTTCCT-1_V13B23-285_A1,4
TACGCCATATTCTAAT-1_V13B23-285_A1,1
TACGCCGAGGGTACCC-1_V13B23-285_A1,1
TACGCCGCCTCAGAAG-1_V13B23-285_A1,1
TACGCCTCCATTCCGA-1_V13B23-285_A1,7
TACGCTATAGAAACCT-1_V13B23-285_A1,1
TACGCTCGGTATTGGA-1_V13B23-285_A1,2
TACGGAAGCCAAACCA-1_V13B23-285_A1,1
TACGGCATGGACGCTA-1_V13B23-285_A1,1
TACGGGATGCTAGCAG-1_V13B23-285_A1,16
TACGTAAAGCGGAGTG-1_V13B23-285_A1,10
TACGTACTAGTGCTGA-1_V13B23-285_A1,1
TACGTGCACTATGCTG-1_V13B23-285_A1,1
TACGTGGGCCCAGGGC-1_V13B23-285_A1,2
TACGTTTACCGGCAAT-1_V13B23-285_A1,7
TACTACGTGCAATGCG-1_V13B23-285_A1,1
TACTATGGTTCCTCAG-1_V13B23-285_A1,1
TACTCCTCTAGTTGAC-1_V13B23-285_A1,1
TACTCGGCACGCCGGG-1_V13B23-285_A1,4
TACTCTCCGAACAAAT-1_V13B23-285_A1,13
TACTCTTACTTTACTG-1_V13B23-285_A1,10
TACTCTTTCGTCTTCA-1_V13B23-285_A1,7
TACTGAACAGATTTAG-1_V13B23-285_A1,7
TACTGAGGGAAGAAAG-1_V13B23-285_A1,1
TACTGCAATCAATTAC-1_V13B23-285_A1,1
TACTGGACAGCTCGGC-1_V13B23-285_A1,4
TACTGTTTCTCTGGTA-1_V13B23-285_A1,12
TACTTAAACATGTACA-1_V13B23-285_A1,1
TACTTGTTAGTAGTCC-1_V13B23-285_A1,1
TACTTTACTGAGCCGG-1_V13B23-285_A1,1
TACTTTCCGCACGCCA-1_V13B23-285_A1,6
TAGAAACACAATAGTG-1_V13B23-285_A1,1
TAGAAAGGTGGCGCTA-1_V13B23-285_A1,2
TAGAAATTCACGTATA-1_V13B23-285_A1,4
TAGAATAGCCGATGAA-1_V13B23-285_A1,1
TAGACGAAACGCCAAT-1_V13B23-285_A1,2
TAGACGCCCGTACCGG-1_V13B23-285_A1,1
TAGACTACCTAGCGTT-1_V13B23-285_A1,2
TAGAGATCATGCAACT-1_V13B23-285_A1,1
TAGAGCTACGAAGAAC-1_V13B23-285_A1,6
TAGAGGTTCTACTTGT-1_V13B23-285_A1,11
TAGAGTCTAAGCGAAC-1_V13B23-285_A1,4
TAGATATGGACTGGAA-1_V13B23-285_A1,4
TAGATCCGAAGTCGCA-1_V13B23-285_A1,14
TAGATGGTTCCTTACT-1_V13B23-285_A1,2
TAGATTCCTGGTTATT-1_V13B23-285_A1,3
TAGCAACCTGTCACAA-1_V13B23-285_A1,2
TAGCAGTATGACTAAA-1_V13B23-285_A1,8
TAGCCAGAGGGTCCGG-1_V13B23-285_A1,3
TAGCCATTTCAAAGTC-1_V13B23-285_A1,1
TAGCCGGCGGTCAGCG-1_V13B23-285_A1,1
TAGCGTCCCTCGATTG-1_V13B23-285_A1,1
TAGCGTCCGGTGTGGT-1_V13B23-285_A1,14
TAGCGTCGAATATTGA-1_V13B23-285_A1,1
TAGCGTTGGGTCTTAC-1_V13B23-285_A1,1
TAGCTAAGTCCGGGAG-1_V13B23-285_A1,12
TAGCTAGAAGGCATGA-1_V13B23-285_A1,1
TAGCTAGTGATGATGG-1_V13B23-285_A1,2
TAGCTCGCCTGATAAC-1_V13B23-285_A1,1
TAGCTGATGTGAAGCG-1_V13B23-285_A1,1
TAGGCATGTTACGCCA-1_V13B23-285_A1,9
TAGGCCTATATAGTCT-1_V13B23-285_A1,11
TAGGCGATGAGGTCTC-1_V13B23-285_A1,2
TAGGCTAAAGTGGCAC-1_V13B23-285_A1,2
TAGGGAGCTTGGGATG-1_V13B23-285_A1,6
TAGGGTGTTTCAAGAG-1_V13B23-285_A1,1
TAGGTCCAAGTAAGGA-1_V13B23-285_A1,1
TAGGTCGCCGGAACTG-1_V13B23-285_A1,2
TAGGTGACGATAACCT-1_V13B23-285_A1,2
TAGGTGAGCCCTACTC-1_V13B23-285_A1,4
TAGGTGCTCGCCTAGC-1_V13B23-285_A1,1
TAGGTGTTCCACAGAT-1_V13B23-285_A1,2
TAGGTTCGAGTTCGTC-1_V13B23-285_A1,4
TAGTACCACAACTTTC-1_V13B23-285_A1,3
TAGTACCTTAGTGGTC-1_V13B23-285_A1,2
TAGTAGCTTATACCAG-1_V13B23-285_A1,2
TAGTCCCGGAGACCAC-1_V13B23-285_A1,2
TAGTCCGCAGAGAATG-1_V13B23-285_A1,3
TAGTCCGTATGCATAA-1_V13B23-285_A1,6
TAGTCGATCACGGGTT-1_V13B23-285_A1,2
TAGTCGGGATTCTTCG-1_V13B23-285_A1,1
TAGTCTAACAACGAGA-1_V13B23-285_A1,4
TAGTCTGTGACGTTGC-1_V13B23-285_A1,2
TAGTCTTTCCGAATTG-1_V13B23-285_A1,1
TAGTGAGAAGTGGTTG-1_V13B23-285_A1,6
TAGTGCCCTCCAGAGT-1_V13B23-285_A1,3
TAGTGCTTGAATCCTT-1_V13B23-285_A1,2
TAGTGTCAGAAACGGC-1_V13B23-285_A1,2
TAGTTAAGATAGGATA-1_V13B23-285_A1,9
TAGTTTATTCTTGCTT-1_V13B23-285_A1,7
TATAAATCCACAAGCT-1_V13B23-285_A1,1
TATAAGTGAGGATAGC-1_V13B23-285_A1,1
TATACACAGACGCCTT-1_V13B23-285_A1,9
TATACACGCAAAGTAT-1_V13B23-285_A1,1
TATACCGAGTGCCACA-1_V13B23-285_A1,1
TATACGCGTCATCACT-1_V13B23-285_A1,1
TATACTCATGCGGCAA-1_V13B23-285_A1,2
TATAGAGTCGCTTGAA-1_V13B23-285_A1,1
TATAGATGGTCGCAGT-1_V13B23-285_A1,2
TATAGCGCACGTTATC-1_V13B23-285_A1,1
TATAGGGTACTCATGA-1_V13B23-285_A1,6
TATATAGGGCTTTACG-1_V13B23-285_A1,1
TATATATCGAGAAATG-1_V13B23-285_A1,1
TATATCATTGATCAGT-1_V13B23-285_A1,1
TATATCCCTGGGAGGA-1_V13B23-285_A1,1
TATATGCTGGGTTGCC-1_V13B23-285_A1,1
TATATTCGCGTCGATA-1_V13B23-285_A1,1
TATCAAAGGTCTGTAA-1_V13B23-285_A1,4
TATCACAGCACGGGCA-1_V13B23-285_A1,18
TATCACCCAACCGACC-1_V13B23-285_A1,2
TATCACTTCGAGTAAC-1_V13B23-285_A1,14
TATCAGTGGCGTAGTC-1_V13B23-285_A1,1
TATCCAATTGGTTATC-1_V13B23-285_A1,1
TATCCATATCATGCGA-1_V13B23-285_A1,1
TATCCATCTCGGTTAG-1_V13B23-285_A1,1
TATCCGCACCGTCGGG-1_V13B23-285_A1,1
TATCCTATCAACTGGT-1_V13B23-285_A1,2
TATCCTGCATGGGAAT-1_V13B23-285_A1,10
TATCGATCTATGCATA-1_V13B23-285_A1,7
TATCGATGATTAAACG-1_V13B23-285_A1,4
TATCTACAGAGGTAAT-1_V13B23-285_A1,4
TATCTACCACAGCGGG-1_V13B23-285_A1,4
TATCTAGCCTAAAGGA-1_V13B23-285_A1,1
TATCTTGCAATACAAC-1_V13B23-285_A1,4
TATGAAGAATTAAGGT-1_V13B23-285_A1,2
TATGAAGACAGGTGCG-1_V13B23-285_A1,4
TATGACCTTGCGCTGG-1_V13B23-285_A1,1
TATGATCCGGCACGCC-1_V13B23-285_A1,1
TATGATCTTCTCTTTA-1_V13B23-285_A1,2
TATGATTCTGCTTGGT-1_V13B23-285_A1,2
TATGCTCCCTACTTAC-1_V13B23-285_A1,4
TATGGAGTTTCTCGTT-1_V13B23-285_A1,2
TATGGATGTGCTACGC-1_V13B23-285_A1,3
TATGGCAGACTTTCGA-1_V13B23-285_A1,20
TATGGCCCGGCCTCGC-1_V13B23-285_A1,4
TATGGGACCGAGCAGG-1_V13B23-285_A1,4
TATGGGTACGTATCGT-1_V13B23-285_A1,1
TATGGTCTGAGTAACA-1_V13B23-285_A1,7
TATGGTTAGTGGGAGA-1_V13B23-285_A1,1
TATGTAAAGTGCTTAA-1_V13B23-285_A1,1
TATGTCAAGACCGACT-1_V13B23-285_A1,1
TATGTCTCATTGTGCC-1_V13B23-285_A1,1
TATTAACACCAAAGCA-1_V13B23-285_A1,1
TATTAACCTGACCGCG-1_V13B23-285_A1,4
TATTACCATCCTGCTT-1_V13B23-285_A1,1
TATTATGTTTGCCTGC-1_V13B23-285_A1,1
TATTCAATTCTAATCC-1_V13B23-285_A1,1
TATTCCACTCAGCTCG-1_V13B23-285_A1,7
TATTCCGAGCTGTTAT-1_V13B23-285_A1,10
TATTCCGGCAGTCCTA-1_V13B23-285_A1,5
TATTCCTCCGCCCACT-1_V13B23-285_A1,1
TATTCGTGCCAGAATA-1_V13B23-285_A1,4
TATTGACATTTCTGCC-1_V13B23-285_A1,2
TATTGCCGGGCTTGTA-1_V13B23-285_A1,11
TATTTAGTCTAGATCG-1_V13B23-285_A1,7
TATTTATACCGAGTAG-1_V13B23-285_A1,2
TATTTGATTTGCACAG-1_V13B23-285_A1,2
TATTTGTTACCCTTTA-1_V13B23-285_A1,4
TCAAACAACCGCGTCG-1_V13B23-285_A1,1
TCAAACTTAGATTGTT-1_V13B23-285_A1,4
TCAAAGAGCTATCTGT-1_V13B23-285_A1,4
TCAAATTGTTGTGCCG-1_V13B23-285_A1,11
TCAAATTTGAGACTCA-1_V13B23-285_A1,1
TCAACAAAGATAATTC-1_V13B23-285_A1,1
TCAACACATTGGGTAA-1_V13B23-285_A1,2
TCAACATAGCGCCCTA-1_V13B23-285_A1,2
TCAACATCGACCGAGA-1_V13B23-285_A1,1
TCAACCATGTTCGGGC-1_V13B23-285_A1,4
TCAACGAGGAGACAAA-1_V13B23-285_A1,1
TCAACGCAGGAAATAA-1_V13B23-285_A1,3
TCAACGCGACCGGCAG-1_V13B23-285_A1,14
TCAACTAACGTATAAC-1_V13B23-285_A1,3
TCAACTGCAGAGTCAG-1_V13B23-285_A1,10
TCAAGAAATACTAGCT-1_V13B23-285_A1,1
TCAAGCGCGGACGGTA-1_V13B23-285_A1,2
TCAAGGTTACTACACC-1_V13B23-285_A1,7
TCAATACAATTGCTGC-1_V13B23-285_A1,1
TCAATACGCCGTCATG-1_V13B23-285_A1,2
TCACAAACCGAGGTAC-1_V13B23-285_A1,2
TCACAGATCCTCAAAC-1_V13B23-285_A1,11
TCACAGCAAACTCGAA-1_V13B23-285_A1,1
TCACAGGAGAATAAGA-1_V13B23-285_A1,1
TCACAGGGAATCGCAA-1_V13B23-285_A1,1
TCACAGGTTATTGGGC-1_V13B23-285_A1,1
TCACATCTTATCTGAT-1_V13B23-285_A1,6
TCACCCTCTTAAGATT-1_V13B23-285_A1,1
TCACCGCTCGGCACTC-1_V13B23-285_A1,2
TCACGATGTCCGTGGA-1_V13B23-285_A1,11
TCACGCATTGTAGATC-1_V13B23-285_A1,1
TCACGGTCATCGCACA-1_V13B23-285_A1,7
TCACGTGCCCGATTCA-1_V13B23-285_A1,4
TCACTACGACCAATGC-1_V13B23-285_A1,14
TCACTATCCCTTCGGT-1_V13B23-285_A1,3
TCACTATCGTGCAATC-1_V13B23-285_A1,6
TCACTCAGCGCATTAG-1_V13B23-285_A1,1
TCACTCGTGCAACGGC-1_V13B23-285_A1,1
TCACTCTTCGTCTGTC-1_V13B23-285_A1,1
TCAGAACCTCCACAGG-1_V13B23-285_A1,2
TCAGACGCTATAGAAG-1_V13B23-285_A1,1
TCAGCAAATGCATCTC-1_V13B23-285_A1,7
TCAGCAGTAGGCCCTG-1_V13B23-285_A1,1
TCAGCCAATCCGTAAA-1_V13B23-285_A1,1
TCAGGGCGACTTCCTT-1_V13B23-285_A1,1
TCAGGGCGCAAACTCG-1_V13B23-285_A1,1
TCAGGGTGTAACGTAA-1_V13B23-285_A1,1
TCAGGTTCTTTGAGAA-1_V13B23-285_A1,4
TCAGTACTGACCCGCG-1_V13B23-285_A1,1
TCAGTAGGGACTATAA-1_V13B23-285_A1,4
TCAGTGTATACGTCAT-1_V13B23-285_A1,1
TCATACTTACAGATCC-1_V13B23-285_A1,1
TCATATGAGCTTTGTT-1_V13B23-285_A1,10
TCATCACTCGAGCTCG-1_V13B23-285_A1,2
TCATCCTCAGCTGCTT-1_V13B23-285_A1,2
TCATCGACGACCGTCG-1_V13B23-285_A1,2
TCATCGATGGTCCCAA-1_V13B23-285_A1,2
TCATGCAGGTTCTCAT-1_V13B23-285_A1,10
TCATTTAAGTCTCCGA-1_V13B23-285_A1,2
TCATTTAGAAGTGTGA-1_V13B23-285_A1,2
TCCAACTCAGCTATCT-1_V13B23-285_A1,11
TCCAACTTTAAATTCT-1_V13B23-285_A1,16
TCCAAGCCTAGACACA-1_V13B23-285_A1,2
TCCAATAAAGGCTACC-1_V13B23-285_A1,10
TCCACAATGGTTTACG-1_V13B23-285_A1,4
TCCACATCGTATATTG-1_V13B23-285_A1,2
TCCACCAAGACATAGG-1_V13B23-285_A1,10
TCCACCTCTAGCCTTT-1_V13B23-285_A1,2
TCCACTTTATCTAGGT-1_V13B23-285_A1,1
TCCAGAGCACCGGTTC-1_V13B23-285_A1,4
TCCAGATGTACGCCAA-1_V13B23-285_A1,1
TCCAGCGCTATAAGCG-1_V13B23-285_A1,10
TCCAGGCGAGTACGGT-1_V13B23-285_A1,1
TCCAGGGTATATACGA-1_V13B23-285_A1,1
TCCATTAGTTGGATAG-1_V13B23-285_A1,11
TCCATTGTGACCTCGT-1_V13B23-285_A1,17
TCCCAAACAGACAACG-1_V13B23-285_A1,1
TCCCAAAGACGAAGGA-1_V13B23-285_A1,7
TCCCAAAGCCCTAAAT-1_V13B23-285_A1,2
TCCCACTCTCTTCCGG-1_V13B23-285_A1,2
TCCCAGCTTTAGTCTG-1_V13B23-285_A1,4
TCCCAGGCTTAGCTAA-1_V13B23-285_A1,6
TCCCGCCTATGTGCGT-1_V13B23-285_A1,1
TCCCGCGTACTCCTGG-1_V13B23-285_A1,1
TCCCGGGTGTGCTGCT-1_V13B23-285_A1,1
TCCCGGTCAGGAATTT-1_V13B23-285_A1,6
TCCCGTCAGTCCCGCA-1_V13B23-285_A1,1
TCCCGTCGCGTCATAG-1_V13B23-285_A1,1
TCCCGTGTGCAATTTG-1_V13B23-285_A1,1
TCCCTAGATCAATAGG-1_V13B23-285_A1,1
TCCCTCCGAAATCGTT-1_V13B23-285_A1,1
TCCCTCTTCTCAAGGG-1_V13B23-285_A1,2
TCCCTGGCGTATTAAC-1_V13B23-285_A1,1
TCCCTGGCTCGCTGGA-1_V13B23-285_A1,1
TCCCTTAGATTACTCG-1_V13B23-285_A1,2
TCCCTTGTCTGAAACT-1_V13B23-285_A1,11
TCCGAACGTTGCCGCT-1_V13B23-285_A1,10
TCCGAACTTGGCTTAC-1_V13B23-285_A1,1
TCCGAATGGTCCTGAG-1_V13B23-285_A1,2
TCCGAGAAGGCTAAGC-1_V13B23-285_A1,3
TCCGATAATTGCCATA-1_V13B23-285_A1,4
TCCGATGACTGAGCTC-1_V13B23-285_A1,6
TCCGATGGTGCGACAT-1_V13B23-285_A1,1
TCCGATTACATTGCCG-1_V13B23-285_A1,4
TCCGCAGCCACCTAGC-1_V13B23-285_A1,2
TCCGCCTGTCTACAAG-1_V13B23-285_A1,1
TCCGCGGCAGCATCTG-1_V13B23-285_A1,2
TCCGCGGCCCAATGAA-1_V13B23-285_A1,2
TCCGCTGTCATCCCGG-1_V13B23-285_A1,2
TCCGCTTATCCCATTA-1_V13B23-285_A1,12
TCCGGCCTAGCGTACA-1_V13B23-285_A1,1
TCCGGGCTTGACGGGA-1_V13B23-285_A1,2
TCCGGTTCGTCCGGTC-1_V13B23-285_A1,4
TCCGTAACCACAATCC-1_V13B23-285_A1,3
TCCGTTAAGCTAATAT-1_V13B23-285_A1,2
TCCGTTTAGCCTTGAA-1_V13B23-285_A1,2
TCCTAAAGATTCAGAC-1_V13B23-285_A1,10
TCCTAAATTGGGAAGC-1_V13B23-285_A1,1
TCCTAACCGTCGGGCA-1_V13B23-285_A1,1
TCCTACATCCACGGCC-1_V13B23-285_A1,12
TCCTAGCAAAGAAGCT-1_V13B23-285_A1,4
TCCTATCATAGGTAAC-1_V13B23-285_A1,1
TCCTCCTAAGACATTC-1_V13B23-285_A1,12
TCCTCGGGCTGGGCTT-1_V13B23-285_A1,1
TCCTCTACGAGATGGC-1_V13B23-285_A1,4
TCCTCTCCAGTTGTCC-1_V13B23-285_A1,1
TCCTCTGGCCCATTAG-1_V13B23-285_A1,17
TCCTGCCAACTGGAGA-1_V13B23-285_A1,5
TCCTGCGTTGATACTC-1_V13B23-285_A1,1
TCCTTACGACGGTCCG-1_V13B23-285_A1,2
TCCTTCAATCCCTACG-1_V13B23-285_A1,4
TCCTTCAGTGGTCGAA-1_V13B23-285_A1,2
TCCTTGTCCTTTAATT-1_V13B23-285_A1,11
TCCTTTAAATCCGCTT-1_V13B23-285_A1,2
TCCTTTCTTACGCTTA-1_V13B23-285_A1,1
TCGAAATTTAGGACCA-1_V13B23-285_A1,4
TCGAAGAACCGAGCAC-1_V13B23-285_A1,2
TCGAATATCCCGCAGG-1_V13B23-285_A1,1
TCGACAACTGAACCCG-1_V13B23-285_A1,1
TCGAGACCAACACCGT-1_V13B23-285_A1,4
TCGAGCCAGGCAGGCC-1_V13B23-285_A1,2
TCGAGGGCAACAGACG-1_V13B23-285_A1,2
TCGAGTCTACGATTCG-1_V13B23-285_A1,1
TCGATAGGCTAGTCGC-1_V13B23-285_A1,1
TCGCAAAGATGCATTT-1_V13B23-285_A1,1
TCGCACCAGGAGGCAG-1_V13B23-285_A1,1
TCGCACTAACGTTTGT-1_V13B23-285_A1,14
TCGCATAAAGGGCGCA-1_V13B23-285_A1,1
TCGCATCCCTAAGTGT-1_V13B23-285_A1,2
TCGCATTCAATGACTT-1_V13B23-285_A1,3
TCGCCCACTGCGAGAG-1_V13B23-285_A1,7
TCGCCGAAGTTGCGTC-1_V13B23-285_A1,1
TCGCCGACATATTCGC-1_V13B23-285_A1,10
TCGCCGCACCGCGTGA-1_V13B23-285_A1,4
TCGCCGGATGGGCAAG-1_V13B23-285_A1,1
TCGCCGGTCGATCCGT-1_V13B23-285_A1,7
TCGCCTCGACCTGTTG-1_V13B23-285_A1,3
TCGCGTCCAGAAGGTC-1_V13B23-285_A1,4
TCGCTAAACCGCTATC-1_V13B23-285_A1,11
TCGCTACTGGCTTTGA-1_V13B23-285_A1,10
TCGCTCGATATATTCC-1_V13B23-285_A1,1
TCGCTCGGCACCAGCG-1_V13B23-285_A1,1
TCGCTGCCAATGCTGT-1_V13B23-285_A1,2
TCGCTGGGCGGATTGT-1_V13B23-285_A1,2
TCGCTGTGCGTAAATC-1_V13B23-285_A1,2
TCGCTTTAAACGTTTG-1_V13B23-285_A1,7
TCGGAATGCGCTCTGA-1_V13B23-285_A1,1
TCGGACGCCCAGCCCA-1_V13B23-285_A1,3
TCGGAGAGTATCGGGA-1_V13B23-285_A1,6
TCGGAGTACATGAGTA-1_V13B23-285_A1,1
TCGGCGAACCCAAACC-1_V13B23-285_A1,1
TCGGCGTACTGCACAA-1_V13B23-285_A1,1
TCGGCTTGTATCGACG-1_V13B23-285_A1,11
TCGGGAACGTGCCTAG-1_V13B23-285_A1,12
TCGGGAGACAGCGTAC-1_V13B23-285_A1,2
TCGGGATTCAAACATA-1_V13B23-285_A1,3
TCGGGCACTTCTGGAT-1_V13B23-285_A1,6
TCGGGCCGTCGTGGTA-1_V13B23-285_A1,2
TCGGGTGAAACTGCTA-1_V13B23-285_A1,10
TCGGTCCCGACAATAG-1_V13B23-285_A1,1
TCGTAAGACGACATTG-1_V13B23-285_A1,1
TCGTACCGACGTCAAG-1_V13B23-285_A1,1
TCGTATAGTGCAATTA-1_V13B23-285_A1,11
TCGTATTACCCATTGC-1_V13B23-285_A1,1
TCGTCAAGTACGCGCA-1_V13B23-285_A1,1
TCGTCACACTGTTAGC-1_V13B23-285_A1,1
TCGTCCGCTGGCGTCT-1_V13B23-285_A1,1
TCGTCTTAGGCGTTAA-1_V13B23-285_A1,2
TCGTGTACTATGGATG-1_V13B23-285_A1,11
TCGTGTATTGGTCACG-1_V13B23-285_A1,2
TCGTGTCACGCTGACA-1_V13B23-285_A1,1
TCGTGTTCGACCACAA-1_V13B23-285_A1,11
TCGTTAGGAGTCCCTA-1_V13B23-285_A1,1
TCGTTCGTTATTATGT-1_V13B23-285_A1,8
TCGTTGACAGGGTCCC-1_V13B23-285_A1,3
TCGTTGCTATCCGGTC-1_V13B23-285_A1,4
TCGTTGGCTCGTCAAT-1_V13B23-285_A1,11
TCGTTTACGCGACCCT-1_V13B23-285_A1,2
TCTAAAGAACAGTCTC-1_V13B23-285_A1,1
TCTAACCTAGCCTGCG-1_V13B23-285_A1,2
TCTAACTGTATGTAAA-1_V13B23-285_A1,1
TCTAATACTGCCTCAG-1_V13B23-285_A1,1
TCTACCCAATAGAGAG-1_V13B23-285_A1,2
TCTACCGTCCACAAGC-1_V13B23-285_A1,2
TCTAGCAATCTCCGCC-1_V13B23-285_A1,1
TCTAGCATCTTCGATG-1_V13B23-285_A1,6
TCTAGCATGCCCAGAA-1_V13B23-285_A1,4
TCTAGGTGGCGACGCT-1_V13B23-285_A1,2
TCTAGTGATATCGTGG-1_V13B23-285_A1,10
TCTAGTTATCAGAAGA-1_V13B23-285_A1,4
TCTATAGGTGGGTAAT-1_V13B23-285_A1,1
TCTATCATGCAGTTAC-1_V13B23-285_A1,2
TCTATCGGTCGCAACA-1_V13B23-285_A1,4
TCTATGCTATAACGAC-1_V13B23-285_A1,2
TCTATTACGCTGGCGA-1_V13B23-285_A1,1
TCTATTACTAGAGGAT-1_V13B23-285_A1,4
TCTCATGAGATAGGGT-1_V13B23-285_A1,1
TCTCCAACGTAGGTTA-1_V13B23-285_A1,14
TCTCCACAAGTTGAAT-1_V13B23-285_A1,1
TCTCCCTGGGCAGCGT-1_V13B23-285_A1,1
TCTCGAACGAGGTCAC-1_V13B23-285_A1,17
TCTCGACGTATCGCCG-1_V13B23-285_A1,1
TCTCGAGGAGGTTCGC-1_V13B23-285_A1,2
TCTCGGCTCCAGGACT-1_V13B23-285_A1,6
TCTCGTGTTACGAGGA-1_V13B23-285_A1,4
TCTCTAATAGCTGGTA-1_V13B23-285_A1,1
TCTCTCGCCGCACATA-1_V13B23-285_A1,11
TCTCTTACCGCGAACC-1_V13B23-285_A1,4
TCTGAACCGGTCGGCT-1_V13B23-285_A1,1
TCTGAACTCGTACCCG-1_V13B23-285_A1,2
TCTGAAGCACGTGGTC-1_V13B23-285_A1,11
TCTGAATTCCGTACAA-1_V13B23-285_A1,1
TCTGACGGGCTAACCC-1_V13B23-285_A1,1
TCTGACTGTAATGGTT-1_V13B23-285_A1,11
TCTGAGCAATTGACTG-1_V13B23-285_A1,2
TCTGATCGGGTGCTAG-1_V13B23-285_A1,1
TCTGATGTATTCTGTC-1_V13B23-285_A1,1
TCTGATTGGAAATGGA-1_V13B23-285_A1,2
TCTGCAGATTCGAGTC-1_V13B23-285_A1,1
TCTGCATACCTTGCTT-1_V13B23-285_A1,2
TCTGCCAGAAACTGCA-1_V13B23-285_A1,1
TCTGCGTCCGGTTTCT-1_V13B23-285_A1,3
TCTGGCCGTTCAAGTT-1_V13B23-285_A1,1
TCTGGCGCAAGCCGGG-1_V13B23-285_A1,1
TCTGGGAACCTTTGAA-1_V13B23-285_A1,2
TCTGGGTAGCGCTCAT-1_V13B23-285_A1,1
TCTGTCATACAAGAGC-1_V13B23-285_A1,2
TCTGTGACTGACCGTT-1_V13B23-285_A1,3
TCTGTGCCATCATAGT-1_V13B23-285_A1,1
TCTGTGGCTACATTTC-1_V13B23-285_A1,6
TCTGTTACCCAGCATA-1_V13B23-285_A1,4
TCTTAACTCGGATGTA-1_V13B23-285_A1,3
TCTTACAGAGGTACCG-1_V13B23-285_A1,10
TCTTACCGGAACTCGT-1_V13B23-285_A1,10
TCTTACGGCATCCGAC-1_V13B23-285_A1,3
TCTTACTTATGCCTCT-1_V13B23-285_A1,2
TCTTAGAGCTCCAATT-1_V13B23-285_A1,1
TCTTAGAGTGAACTCT-1_V13B23-285_A1,10
TCTTCCCATGGGCACA-1_V13B23-285_A1,2
TCTTCGAATAGACGTT-1_V13B23-285_A1,3
TCTTCGATACCAATAA-1_V13B23-285_A1,4
TCTTCGCGGTGAGAGG-1_V13B23-285_A1,10
TCTTCTATAACCCGCC-1_V13B23-285_A1,12
TCTTGATGCGTAGCGA-1_V13B23-285_A1,4
TCTTGCTCCCGATACT-1_V13B23-285_A1,2
TCTTGGTAACACCAAA-1_V13B23-285_A1,1
TCTTTAAGACTATGAA-1_V13B23-285_A1,2
TCTTTAGAGTCTAACA-1_V13B23-285_A1,2
TCTTTAGCAGGCGAAC-1_V13B23-285_A1,11
TCTTTCCTTCGAGATA-1_V13B23-285_A1,2
TGAAACCTCAACTCAC-1_V13B23-285_A1,8
TGAAACTTATGCAAGC-1_V13B23-285_A1,14
TGAAAGGACCTGACTC-1_V13B23-285_A1,1
TGAACTGCTATGACTT-1_V13B23-285_A1,4
TGAAGAGCGGTCCTAG-1_V13B23-285_A1,2
TGAAGTAGCTTACGGA-1_V13B23-285_A1,1
TGAATACCGACGCGTA-1_V13B23-285_A1,2
TGAATGAGTGTTTCCC-1_V13B23-285_A1,1
TGAATGTCAGCCGGCC-1_V13B23-285_A1,1
TGAATTTCACTTGCCT-1_V13B23-285_A1,4
TGACAACGCATGTCGC-1_V13B23-285_A1,6
TGACAGGACAAGTCCA-1_V13B23-285_A1,1
TGACATATATGACGAT-1_V13B23-285_A1,1
TGACATCGAGCGGACC-1_V13B23-285_A1,2
TGACATGTAACGTGAC-1_V13B23-285_A1,11
TGACCAAATCTTAAAC-1_V13B23-285_A1,1
TGACCCAACTCACATT-1_V13B23-285_A1,8
TGACCCACGTTAGACA-1_V13B23-285_A1,9
TGACGAATATTTCCCT-1_V13B23-285_A1,4
TGACGATGCACTAGAA-1_V13B23-285_A1,1
TGACTATAATCCTTTC-1_V13B23-285_A1,7
TGACTCCGAATCATAC-1_V13B23-285_A1,1
TGAGAATGCTTTACCG-1_V13B23-285_A1,1
TGAGACGTACCTCTCA-1_V13B23-285_A1,12
TGAGAGATTTACCACG-1_V13B23-285_A1,1
TGAGATCAAATACTCA-1_V13B23-285_A1,3
TGAGATTAGGCCCTAA-1_V13B23-285_A1,6
TGAGCAGTCGTGAAGT-1_V13B23-285_A1,2
TGAGCCATACAGTCTC-1_V13B23-285_A1,4
TGAGCGGAAAGTGTTC-1_V13B23-285_A1,1
TGAGCTTTAATGACGC-1_V13B23-285_A1,11
TGAGGAGTGCCAGCTT-1_V13B23-285_A1,1
TGAGGCATGTACTGTG-1_V13B23-285_A1,1
TGAGGTTGATCCCAAG-1_V13B23-285_A1,3
TGAGTAAATTAGCGTA-1_V13B23-285_A1,4
TGAGTGCCTCTTAAAT-1_V13B23-285_A1,12
TGAGTGGTCCGTGACG-1_V13B23-285_A1,7
TGAGTTAAAGACATTC-1_V13B23-285_A1,1
TGATACATTTAGCCGT-1_V13B23-285_A1,4
TGATAGCGGGATTCTA-1_V13B23-285_A1,1
TGATCAGGGAACTGCT-1_V13B23-285_A1,1
TGATCCCAGCATTAGT-1_V13B23-285_A1,11
TGATCGGTTTGACCCT-1_V13B23-285_A1,1
TGATCTACGCTGATCT-1_V13B23-285_A1,15
TGATCTCCGGCGCCAG-1_V13B23-285_A1,14
TGATGGCTGTTTCTGA-1_V13B23-285_A1,1
TGATGGGACTAAGTCA-1_V13B23-285_A1,15
TGATGTCAATTAAGTG-1_V13B23-285_A1,11
TGATTCAGGTCCCGCG-1_V13B23-285_A1,4
TGATTCCCGGTTACCT-1_V13B23-285_A1,2
TGATTCGTCTATCACT-1_V13B23-285_A1,4
TGATTCTGTCGCCGGT-1_V13B23-285_A1,4
TGATTTATTAGCTGTG-1_V13B23-285_A1,7
TGATTTCCTCCTGACG-1_V13B23-285_A1,1
TGCAAACCCACATCAA-1_V13B23-285_A1,5
TGCAACCCATCTGCGG-1_V13B23-285_A1,2
TGCAACTACTGGTTGA-1_V13B23-285_A1,2
TGCAAGAATGACGTAA-1_V13B23-285_A1,4
TGCAATCTAACACGGT-1_V13B23-285_A1,10
TGCACGAGTCGGCAGC-1_V13B23-285_A1,17
TGCACTATGTGAGTGC-1_V13B23-285_A1,2
TGCAGAACTATATCGT-1_V13B23-285_A1,4
TGCAGAGTACCGAGCA-1_V13B23-285_A1,4
TGCAGATCGTCCTAGG-1_V13B23-285_A1,4
TGCAGCTACGTACTTC-1_V13B23-285_A1,4
TGCAGGATCGGCAAAG-1_V13B23-285_A1,1
TGCAGTTTCCTCCCAT-1_V13B23-285_A1,1
TGCATATGTCTGTCAC-1_V13B23-285_A1,1
TGCATGGATCGGATCT-1_V13B23-285_A1,1
TGCATGTGGTAATCTA-1_V13B23-285_A1,2
TGCCAAAGTCAGACTT-1_V13B23-285_A1,1
TGCCAATGGGTACTCT-1_V13B23-285_A1,1
TGCCACACTAGAGGAA-1_V13B23-285_A1,1
TGCCACCTGGCGAAAC-1_V13B23-285_A1,4
TGCCAGTACGTGGAGA-1_V13B23-285_A1,2
TGCCATTACTAAAGAA-1_V13B23-285_A1,1
TGCCCGTACCGTTAAA-1_V13B23-285_A1,1
TGCCGAAAGCGTATTC-1_V13B23-285_A1,2
TGCCGGATGTACGAGC-1_V13B23-285_A1,12
TGCCGTGGATCGTCCT-1_V13B23-285_A1,10
TGCCGTGGGACCCAAT-1_V13B23-285_A1,3
TGCCGTTCTTAATCGG-1_V13B23-285_A1,1
TGCCTAATTGAAGATT-1_V13B23-285_A1,10
TGCCTGACATCGGTCA-1_V13B23-285_A1,2
TGCCTGATCAAACGAT-1_V13B23-285_A1,7
TGCCTTGGCCAGGCAA-1_V13B23-285_A1,1
TGCGAATATGGGATTT-1_V13B23-285_A1,1
TGCGACACCCTAGTGC-1_V13B23-285_A1,4
TGCGACGGCCGAACGT-1_V13B23-285_A1,1
TGCGAGAATATTACCC-1_V13B23-285_A1,1
TGCGATGCTAATGGCT-1_V13B23-285_A1,1
TGCGCAAAGCATTTGG-1_V13B23-285_A1,3
TGCGCCGTTAATAACG-1_V13B23-285_A1,1
TGCGCGATTAACGGAG-1_V13B23-285_A1,7
TGCGGACTTGACTCCG-1_V13B23-285_A1,1
TGCGGAGTAAAGGTGC-1_V13B23-285_A1,4
TGCGGCATAGTTCAAC-1_V13B23-285_A1,2
TGCGGTGAAATTTCAT-1_V13B23-285_A1,3
TGCGTAAGAACCTGAT-1_V13B23-285_A1,12
TGCGTACGGCTAATTG-1_V13B23-285_A1,10
TGCGTCATGACTGAGC-1_V13B23-285_A1,1
TGCGTGATTGGGTGTC-1_V13B23-285_A1,2
TGCGTTTGTTGACACT-1_V13B23-285_A1,3
TGCTAAGTGTCTATTT-1_V13B23-285_A1,2
TGCTATACAAACGGAC-1_V13B23-285_A1,9
TGCTCCACAGTTCTTA-1_V13B23-285_A1,1
TGCTCGGCGAAACCCA-1_V13B23-285_A1,1
TGCTCGGTGGGTCACC-1_V13B23-285_A1,11
TGCTCTTGAGAGTTTG-1_V13B23-285_A1,10
TGCTGGTTGGACAATT-1_V13B23-285_A1,1
TGCTGTTGAAGAACTC-1_V13B23-285_A1,7
TGCTTAGAGAGAATGC-1_V13B23-285_A1,2
TGCTTCCCAAGCAGTA-1_V13B23-285_A1,1
TGCTTGAAACCATGCA-1_V13B23-285_A1,2
TGGAAACGGAGTGAAC-1_V13B23-285_A1,3
TGGAACCACTGACACA-1_V13B23-285_A1,2
TGGAAGAAGGGAACGT-1_V13B23-285_A1,4
TGGAAGACGAACACCA-1_V13B23-285_A1,2
TGGAAGGATAAAGATG-1_V13B23-285_A1,4
TGGAATATCCTTGACC-1_V13B23-285_A1,1
TGGAATTAGACGCTTT-1_V13B23-285_A1,1
TGGACACCGTTGCTTG-1_V13B23-285_A1,1
TGGACCAATCTAAGAT-1_V13B23-285_A1,1
TGGACCACGGCGTTGA-1_V13B23-285_A1,3
TGGACGCAATCCAGCC-1_V13B23-285_A1,4
TGGACGTAGGCGAATC-1_V13B23-285_A1,8
TGGACTGTTCGCTCAA-1_V13B23-285_A1,4
TGGAGCTAAAGTTCCC-1_V13B23-285_A1,17
TGGAGGGAAACACCTC-1_V13B23-285_A1,7
TGGAGTGATGCGATGA-1_V13B23-285_A1,1
TGGATAGAGTAACAGA-1_V13B23-285_A1,2
TGGCAAACTAAATTAC-1_V13B23-285_A1,1
TGGCAACTCGCGCGCC-1_V13B23-285_A1,7
TGGCAAGCACAAGTCG-1_V13B23-285_A1,1
TGGCAATGGGACGGCG-1_V13B23-285_A1,1
TGGCAGATTACGATCA-1_V13B23-285_A1,14
TGGCAGCAGTAATAGT-1_V13B23-285_A1,3
TGGCATGAAGTTTGGG-1_V13B23-285_A1,1
TGGCCAAACTGAAGTA-1_V13B23-285_A1,3
TGGCCAATTTGGTACT-1_V13B23-285_A1,1
TGGCCGTATATTGACC-1_V13B23-285_A1,4
TGGCGACTGCTCCAAA-1_V13B23-285_A1,1
TGGCGATCAAGTTATG-1_V13B23-285_A1,1
TGGCGGTGTGCGATTG-1_V13B23-285_A1,3
TGGCTACACTCTACCT-1_V13B23-285_A1,11
TGGCTATGTGACATAC-1_V13B23-285_A1,2
TGGCTCTTGTCGCGTA-1_V13B23-285_A1,4
TGGCTTATGTATAATG-1_V13B23-285_A1,2
TGGCTTTGGGTAGACA-1_V13B23-285_A1,1
TGGGAAATGCCTTTCC-1_V13B23-285_A1,1
TGGGACCATTGGGAGT-1_V13B23-285_A1,15
TGGGCAATAGTTGGGT-1_V13B23-285_A1,1
TGGGCACAAACAGAAC-1_V13B23-285_A1,3
TGGGCACGTTCTATGG-1_V13B23-285_A1,6
TGGGCAGGCCACCGCA-1_V13B23-285_A1,1
TGGGCCACAAGAGCGC-1_V13B23-285_A1,1
TGGGCCCATACTAATT-1_V13B23-285_A1,1
TGGGCCTTGCCTGCAT-1_V13B23-285_A1,2
TGGGCGATACAATAAG-1_V13B23-285_A1,1
TGGGTAAGGTTCCCGC-1_V13B23-285_A1,6
TGGGTGCACAAGCCAT-1_V13B23-285_A1,2
TGGGTGTAATAGATTT-1_V13B23-285_A1,10
TGGGTTCCCGGACGGA-1_V13B23-285_A1,1
TGGTAAGCAGGATTGA-1_V13B23-285_A1,3
TGGTAGAATATATGGG-1_V13B23-285_A1,1
TGGTATCGCATCCCAA-1_V13B23-285_A1,9
TGGTATCGGTCTGTAT-1_V13B23-285_A1,9
TGGTCCCACGCTACGG-1_V13B23-285_A1,1
TGGTCGTGCAAGGCAA-1_V13B23-285_A1,4
TGGTCTAGCTTACATG-1_V13B23-285_A1,1
TGGTCTGTTGGGCGTA-1_V13B23-285_A1,1
TGGTGATCGTATTTGT-1_V13B23-285_A1,1
TGGTTAACTTACATTT-1_V13B23-285_A1,1
TGGTTAAGGGCGCTGG-1_V13B23-285_A1,9
TGGTTATGCTTGCGGT-1_V13B23-285_A1,1
TGGTTCAACGGGTAAT-1_V13B23-285_A1,6
TGGTTCGTAGCAAAGG-1_V13B23-285_A1,1
TGGTTGGAGGATCCTG-1_V13B23-285_A1,17
TGGTTTAAACGTGGGT-1_V13B23-285_A1,3
TGTAACTTGTCAACCT-1_V13B23-285_A1,3
TGTAATGACCACAATA-1_V13B23-285_A1,4
TGTACCTACACGAGGG-1_V13B23-285_A1,11
TGTACGAACAAATCCG-1_V13B23-285_A1,4
TGTACTACTCTCACGG-1_V13B23-285_A1,5
TGTACTGTGCCAAAGT-1_V13B23-285_A1,2
TGTAGCCAATTCCGTT-1_V13B23-285_A1,2
TGTAGCCATCCCATTC-1_V13B23-285_A1,2
TGTAGGAGAAATTTCC-1_V13B23-285_A1,1
TGTAGTGATCTATAAT-1_V13B23-285_A1,1
TGTATAACAGATCCTG-1_V13B23-285_A1,2
TGTATACGGATGATGA-1_V13B23-285_A1,1
TGTATCCTTATTCCAT-1_V13B23-285_A1,2
TGTATGGCGCAGACAG-1_V13B23-285_A1,1
TGTCATTTGTTGGGAA-1_V13B23-285_A1,9
TGTCCACGGCTCAACT-1_V13B23-285_A1,10
TGTCCCGACATAGCAC-1_V13B23-285_A1,10
TGTCCGTGGCGCCTTT-1_V13B23-285_A1,1
TGTCCTAAGTCACCGC-1_V13B23-285_A1,4
TGTCGGCATGGTGGAA-1_V13B23-285_A1,2
TGTCGTTATCACATAT-1_V13B23-285_A1,1
TGTCTACAGTTTCTGT-1_V13B23-285_A1,2
TGTGACTACGCCAGTC-1_V13B23-285_A1,1
TGTGACTAGAGTTTGC-1_V13B23-285_A1,2
TGTGAGACTAGCCCAA-1_V13B23-285_A1,1
TGTGCCAGAGGCAAAG-1_V13B23-285_A1,8
TGTGCCGGTGCCGGAA-1_V13B23-285_A1,1
TGTGCTTTACGTAAGA-1_V13B23-285_A1,4
TGTGGAGGAAGCTTAA-1_V13B23-285_A1,15
TGTGGCAAAGCGTATG-1_V13B23-285_A1,7
TGTGGCGGGCTTCTGG-1_V13B23-285_A1,2
TGTGGCTCCCACCAAC-1_V13B23-285_A1,1
TGTGGTTGCTAAAGCT-1_V13B23-285_A1,12
TGTGTAGTAGCACGTG-1_V13B23-285_A1,11
TGTGTCGAAGTCGAGG-1_V13B23-285_A1,4
TGTGTCGCGAGTTGCA-1_V13B23-285_A1,4
TGTGTGACCATGAATC-1_V13B23-285_A1,1
TGTGTTCGTATCCAAG-1_V13B23-285_A1,1
TGTTATTGTATGTGGC-1_V13B23-285_A1,1
TGTTCATAAATGTGCT-1_V13B23-285_A1,1
TGTTCCGCTTCCATGA-1_V13B23-285_A1,4
TGTTCCGGCCTGAGCT-1_V13B23-285_A1,11
TGTTCGTATTGCGGTG-1_V13B23-285_A1,3
TGTTCTTCCATTGACT-1_V13B23-285_A1,1
TGTTGCCGTCGTCCCA-1_V13B23-285_A1,1
TGTTGTCAAGAAGTCT-1_V13B23-285_A1,9
TGTTTAATACTTCATC-1_V13B23-285_A1,5
TGTTTCGGTACTTCTC-1_V13B23-285_A1,11
TGTTTGAGATCGTCAG-1_V13B23-285_A1,1
TTAAACAGAGTCCCGC-1_V13B23-285_A1,2
TTAAACCGGTAGCGAC-1_V13B23-285_A1,2
TTAAACCTGGTTCCTT-1_V13B23-285_A1,14
TTAAACTCGAATTCAT-1_V13B23-285_A1,1
TTAAAGTAAGTCGCCA-1_V13B23-285_A1,11
TTAACACCTCGAACAT-1_V13B23-285_A1,1
TTAACCAACCCTCCCT-1_V13B23-285_A1,1
TTAACGAACAAGCAGT-1_V13B23-285_A1,2
TTAACGTCGCAAGACC-1_V13B23-285_A1,3
TTAACGTTAAAGCCTG-1_V13B23-285_A1,1
TTAACTCACGCGTGGA-1_V13B23-285_A1,4
TTAACTTCAGGTAGGA-1_V13B23-285_A1,1
TTAAGATAGGATTGAC-1_V13B23-285_A1,10
TTAAGCCGACAACTTC-1_V13B23-285_A1,3
TTAAGCGCCTGACCCA-1_V13B23-285_A1,7
TTAAGGATACGGAGGT-1_V13B23-285_A1,6
TTAAGGCCCGTACTTT-1_V13B23-285_A1,11
TTAAGTATTGTTATCC-1_V13B23-285_A1,11
TTAATCAGTACGTCAG-1_V13B23-285_A1,1
TTAATGTAGACCAGGT-1_V13B23-285_A1,3
TTAATGTGTTTGCAGG-1_V13B23-285_A1,2
TTAATTGCTTTGGGTG-1_V13B23-285_A1,11
TTAATTTCAGACGCGG-1_V13B23-285_A1,1
TTACAACTACGCATCC-1_V13B23-285_A1,4
TTACACGATCTGCGAC-1_V13B23-285_A1,2
TTACAGACCTAAATGA-1_V13B23-285_A1,1
TTACATCGTGGCCTGG-1_V13B23-285_A1,2
TTACATGCCACAACTA-1_V13B23-285_A1,1
TTACCATTGATTACCC-1_V13B23-285_A1,4
TTACCCATTGCCGGGT-1_V13B23-285_A1,10
TTACCCTAACAGTCCT-1_V13B23-285_A1,12
TTACCCTAGGGATTGG-1_V13B23-285_A1,10
TTACCGCCTTAGGGAA-1_V13B23-285_A1,10
TTACGGATGGTTCGAG-1_V13B23-285_A1,11
TTACGGTGTCACCGAG-1_V13B23-285_A1,6
TTACGTATCTATGACA-1_V13B23-285_A1,2
TTACTAAAGGACTTTA-1_V13B23-285_A1,4
TTACTATCGGCTTCTC-1_V13B23-285_A1,4
TTACTCCGGCCGGGAA-1_V13B23-285_A1,1
TTACTCTGGTACGTAC-1_V13B23-285_A1,14
TTACTGGGATATTTCA-1_V13B23-285_A1,4
TTAGAAGAACATGACT-1_V13B23-285_A1,3
TTAGAATAAGGGTCGG-1_V13B23-285_A1,2
TTAGACACGATCGTTG-1_V13B23-285_A1,2
TTAGACGAGTCACCTC-1_V13B23-285_A1,1
TTAGAGGGATATACAG-1_V13B23-285_A1,1
TTAGAGTTTAGAAGGA-1_V13B23-285_A1,1
TTAGATAGGTCGATAC-1_V13B23-285_A1,10
TTAGCAACATGGATGT-1_V13B23-285_A1,2
TTAGCTAATACGATCT-1_V13B23-285_A1,2
TTAGCTCTGTAATCCG-1_V13B23-285_A1,4
TTAGCTGATTTGCCGT-1_V13B23-285_A1,1
TTAGGTCATAACCGAC-1_V13B23-285_A1,4
TTAGTAAACCTGCTCT-1_V13B23-285_A1,11
TTAGTAGGGCGGCGGG-1_V13B23-285_A1,4
TTAGTTATTCGTGGCA-1_V13B23-285_A1,2
TTAGTTCAAGTGTTCG-1_V13B23-285_A1,1
TTATAGATGCACATTA-1_V13B23-285_A1,9
TTATAGGTAATTGTCT-1_V13B23-285_A1,2
TTATATACGCTGTCAC-1_V13B23-285_A1,1
TTATATTTGGCAATCC-1_V13B23-285_A1,1
TTATCATACTCGCAAA-1_V13B23-285_A1,8
TTATCCAATCGAACTC-1_V13B23-285_A1,3
TTATCCGGGATCTATA-1_V13B23-285_A1,10
TTATCCTCAAGGAATA-1_V13B23-285_A1,7
TTATCGCCTGCGAAGC-1_V13B23-285_A1,1
TTATCTGACATTAGGA-1_V13B23-285_A1,1
TTATCTGTATCATAAC-1_V13B23-285_A1,1
TTATGAATGAAAGGGA-1_V13B23-285_A1,4
TTATGACAAACTGGAT-1_V13B23-285_A1,4
TTATGATCTTAACGAA-1_V13B23-285_A1,6
TTATGCGTCCCGGTCC-1_V13B23-285_A1,1
TTATGTTTGCGATAGA-1_V13B23-285_A1,1
TTATTAGAGCGTGTTC-1_V13B23-285_A1,12
TTATTAGGGAAGCATC-1_V13B23-285_A1,12
TTATTATCTGGAAGGC-1_V13B23-285_A1,2
TTATTTCATCCCAAAC-1_V13B23-285_A1,8
TTCAAAGTCTCTAGCC-1_V13B23-285_A1,9
TTCAACGACCCGACCG-1_V13B23-285_A1,4
TTCAAGCCGAGCTGAG-1_V13B23-285_A1,3
TTCAATACTCTGAATC-1_V13B23-285_A1,6
TTCACGAAAGGATCAC-1_V13B23-285_A1,1
TTCACTCGAGCACCTA-1_V13B23-285_A1,2
TTCACTTCCTAGAACG-1_V13B23-285_A1,1
TTCAGAGTAACCTGAC-1_V13B23-285_A1,2
TTCAGCCCTGGTCCAC-1_V13B23-285_A1,1
TTCAGCTGGCGTGCCC-1_V13B23-285_A1,2
TTCAGGCGTCAAAGCC-1_V13B23-285_A1,1
TTCAGTTTGTGGCAGC-1_V13B23-285_A1,4
TTCATAGCCTTGTAAC-1_V13B23-285_A1,2
TTCATAGGGTGTCCAT-1_V13B23-285_A1,6
TTCATGGCGCAACAGG-1_V13B23-285_A1,1
TTCCAATCAGAGCTAG-1_V13B23-285_A1,1
TTCCAATCTGGCTATC-1_V13B23-285_A1,1
TTCCACACAGATTTGA-1_V13B23-285_A1,4
TTCCAGACGAGATTTA-1_V13B23-285_A1,12
TTCCATCGACAGCGTG-1_V13B23-285_A1,11
TTCCCGGCGCCAATAG-1_V13B23-285_A1,4
TTCCGCAGAGAAATAT-1_V13B23-285_A1,1
TTCCGCGTGAGGCGAT-1_V13B23-285_A1,4
TTCCGGCCTTGAGGCT-1_V13B23-285_A1,3
TTCCGGTATCTGTGTC-1_V13B23-285_A1,2
TTCCGGTTACCCACTT-1_V13B23-285_A1,1
TTCCTCGAGGGTGTCT-1_V13B23-285_A1,1
TTCCTCGGACTAACCA-1_V13B23-285_A1,2
TTCCTCTGCCCGAATA-1_V13B23-285_A1,4
TTCCTTTCTGTGTTGC-1_V13B23-285_A1,2
TTCGACAGAGCCCGTG-1_V13B23-285_A1,1
TTCGACGGGAAGGGCG-1_V13B23-285_A1,1
TTCGCACTCGCGTGCT-1_V13B23-285_A1,4
TTCGCACTGTACGACA-1_V13B23-285_A1,1
TTCGCATCCGGAAGCA-1_V13B23-285_A1,2
TTCGCCGCTCGCGCTA-1_V13B23-285_A1,1
TTCGCGCGCCATACGA-1_V13B23-285_A1,1
TTCGCTAGGAAGTTGT-1_V13B23-285_A1,1
TTCGCTATCTGACGTG-1_V13B23-285_A1,2
TTCGGCAACCCGCTGA-1_V13B23-285_A1,14
TTCGGCTAGAGATGGT-1_V13B23-285_A1,1
TTCGGGACTAATCGCG-1_V13B23-285_A1,1
TTCGGGCGCTAGTCTT-1_V13B23-285_A1,4
TTCGGGTTGCCACGGG-1_V13B23-285_A1,1
TTCGGTACTGTAGAGG-1_V13B23-285_A1,2
TTCGGTGGAGACGCCC-1_V13B23-285_A1,1
TTCGTAATCCCAGCGG-1_V13B23-285_A1,5
TTCGTACTCCAGAACG-1_V13B23-285_A1,4
TTCGTTCAACGAAGTT-1_V13B23-285_A1,1
TTCTAACCGAAGCTTA-1_V13B23-285_A1,1
TTCTACTTGCGAGGGC-1_V13B23-285_A1,3
TTCTAGAAAGTCTTAT-1_V13B23-285_A1,3
TTCTAGGCCAATTGTG-1_V13B23-285_A1,4
TTCTATGCCTTTCGCA-1_V13B23-285_A1,11
TTCTATTAAACGCAGC-1_V13B23-285_A1,1
TTCTCTTACAGGTGAT-1_V13B23-285_A1,1
TTCTGACCGGGCTCAA-1_V13B23-285_A1,1
TTCTGCCGCGCCTAGA-1_V13B23-285_A1,1
TTCTGCGAGCGCCCTT-1_V13B23-285_A1,1
TTCTGCGGGTTAGCGG-1_V13B23-285_A1,2
TTCTGCTAGACTCCAA-1_V13B23-285_A1,2
TTCTGTTTCCTGTCGC-1_V13B23-285_A1,1
TTCTTAGTGAACGGTG-1_V13B23-285_A1,11
TTCTTAGTGGCTCAGA-1_V13B23-285_A1,1
TTCTTATCCGCTGGGT-1_V13B23-285_A1,11
TTCTTGAGCCGCGCTA-1_V13B23-285_A1,12
TTCTTGCTAGCATCTC-1_V13B23-285_A1,2
TTCTTGGACGATCTGC-1_V13B23-285_A1,2
TTCTTGGAGTAATGAG-1_V13B23-285_A1,4
TTCTTGTAACCTAATG-1_V13B23-285_A1,1
TTCTTGTGTCCATCAG-1_V13B23-285_A1,1
TTCTTTGGTCGCGACG-1_V13B23-285_A1,1
TTGAACGAATCCTTTG-1_V13B23-285_A1,8
TTGAACGACGTGCTGA-1_V13B23-285_A1,2
TTGAAGAATTCCCAGG-1_V13B23-285_A1,1
TTGAAGGATGGGCGCC-1_V13B23-285_A1,14
TTGAATATGGACTTTC-1_V13B23-285_A1,1
TTGAATCGTTGTATAA-1_V13B23-285_A1,4
TTGAATTCACGTGAGG-1_V13B23-285_A1,12
TTGACAGGAGCTCCCG-1_V13B23-285_A1,2
TTGACATGAACGTGGA-1_V13B23-285_A1,1
TTGACCAGGAACAACT-1_V13B23-285_A1,2
TTGACCATGTTCTCCG-1_V13B23-285_A1,1
TTGACCGTGTTAATGA-1_V13B23-285_A1,1
TTGACGATTCAGCACG-1_V13B23-285_A1,2
TTGACGCTCCATGAGC-1_V13B23-285_A1,2
TTGACTACCATATGGT-1_V13B23-285_A1,4
TTGACTATTGTCCGGC-1_V13B23-285_A1,2
TTGAGAAGTTTAGCAT-1_V13B23-285_A1,2
TTGAGAGTACTGCTAA-1_V13B23-285_A1,4
TTGAGCAGCCCACGGT-1_V13B23-285_A1,1
TTGAGCGCCACGTGAT-1_V13B23-285_A1,2
TTGATAGTCAATACAT-1_V13B23-285_A1,1
TTGATCTAACTTTGTC-1_V13B23-285_A1,1
TTGATGTGTAGTCCCG-1_V13B23-285_A1,4
TTGATTAGCTGTTTCT-1_V13B23-285_A1,3
TTGATTATGCAGATGA-1_V13B23-285_A1,7
TTGCAAGAAGACTCCT-1_V13B23-285_A1,2
TTGCACAATTCAGAAA-1_V13B23-285_A1,16
TTGCACGGAGCAGCAC-1_V13B23-285_A1,4
TTGCATGCTGATCACG-1_V13B23-285_A1,1
TTGCCAAGCAGAACCC-1_V13B23-285_A1,8
TTGCCATAGCCCGCTC-1_V13B23-285_A1,1
TTGCCCTGATCACGGG-1_V13B23-285_A1,1
TTGCCGCAGACCTACA-1_V13B23-285_A1,2
TTGCCGCTTTCTAGTA-1_V13B23-285_A1,2
TTGCCTTCTCGCCGGG-1_V13B23-285_A1,2
TTGCGCTCTCTCGCTT-1_V13B23-285_A1,1
TTGCGCTTGATCAATA-1_V13B23-285_A1,2
TTGCGGCATCAGAAAG-1_V13B23-285_A1,6
TTGCGTAGTTTGAGGA-1_V13B23-285_A1,3
TTGCGTCGGCCAACCG-1_V13B23-285_A1,1
TTGCGTGAACGCTTAG-1_V13B23-285_A1,9
TTGCGTGTGTAGGCAT-1_V13B23-285_A1,2
TTGCTAGCTACCAATC-1_V13B23-285_A1,3
TTGCTCATAGTACGTG-1_V13B23-285_A1,1
TTGCTCCCATACCGGA-1_V13B23-285_A1,1
TTGCTGAAGGAACCAC-1_V13B23-285_A1,4
TTGCTGATCATGTTCG-1_V13B23-285_A1,4
TTGCTGCACCTATCCA-1_V13B23-285_A1,1
TTGCTGGCCGGGCTTC-1_V13B23-285_A1,17
TTGGAAGAATACAGTC-1_V13B23-285_A1,4
TTGGACATGTGGCTTA-1_V13B23-285_A1,13
TTGGACCATCTGGCAA-1_V13B23-285_A1,2
TTGGACCTATAACAGT-1_V13B23-285_A1,2
TTGGAGTCTCCCTTCT-1_V13B23-285_A1,10
TTGGATATCGTCTACG-1_V13B23-285_A1,3
TTGGATCGACTTCTGG-1_V13B23-285_A1,1
TTGGATTGGGTACCAC-1_V13B23-285_A1,1
TTGGCCATCTTGCGCT-1_V13B23-285_A1,2
TTGGCCTAGAATTTCG-1_V13B23-285_A1,2
TTGGCGATCCGAATAT-1_V13B23-285_A1,1
TTGGCTCAATATGTGT-1_V13B23-285_A1,11
TTGGCTCGCATGAGAC-1_V13B23-285_A1,1
TTGGGAAGACGAGCCG-1_V13B23-285_A1,1
TTGGGACACTGCCCGC-1_V13B23-285_A1,3
TTGGGACGTAAGAGTT-1_V13B23-285_A1,2
TTGGGCGGCGGTTGCC-1_V13B23-285_A1,1
TTGGTATGGCTTGTGT-1_V13B23-285_A1,2
TTGGTCACACTCGTAA-1_V13B23-285_A1,4
TTGGTTGCGGTGCGCG-1_V13B23-285_A1,1
TTGTAAGGACCTAAGT-1_V13B23-285_A1,1
TTGTAAGGCCAGTTGG-1_V13B23-285_A1,1
TTGTAATCCGTACTCG-1_V13B23-285_A1,1
TTGTACACCTCGAACA-1_V13B23-285_A1,14
TTGTATCACACAGAAT-1_V13B23-285_A1,3
TTGTCACCGCGGTATC-1_V13B23-285_A1,12
TTGTCGTTCAGTTACC-1_V13B23-285_A1,4
TTGTGAACCTAATCCG-1_V13B23-285_A1,2
TTGTGAGGCATGACGC-1_V13B23-285_A1,1
TTGTGATCTGTTCAGT-1_V13B23-285_A1,11
TTGTGCAGCCACGTCA-1_V13B23-285_A1,2
TTGTGCGGAAGCGGAT-1_V13B23-285_A1,1
TTGTGGCCCTGACAGT-1_V13B23-285_A1,4
TTGTGGTAGGAGGGAT-1_V13B23-285_A1,13
TTGTGGTGGTACTAAG-1_V13B23-285_A1,2
TTGTGTATGCCACCAA-1_V13B23-285_A1,9
TTGTGTTTCCCGAAAG-1_V13B23-285_A1,4
TTGTTAGCAAATTCGA-1_V13B23-285_A1,1
TTGTTCAGTGTGCTAC-1_V13B23-285_A1,4
TTGTTCTAGATACGCT-1_V13B23-285_A1,1
TTGTTGTGTGTCAAGA-1_V13B23-285_A1,4
TTGTTTCACATCCAGG-1_V13B23-285_A1,1
TTGTTTCATTAGTCTA-1_V13B23-285_A1,1
TTGTTTCCATACAACT-1_V13B23-285_A1,1
TTGTTTGTGTAAATTC-1_V13B23-285_A1,1
AAACAAGTATCTCCCA-1_V13B23-285_B1,4
AAACACCAATAACTGC-1_V13B23-285_B1,1
AAACAGAGCGACTCCT-1_V13B23-285_B1,1
AAACAGCTTTCAGAAG-1_V13B23-285_B1,2
AAACAGGGTCTATATT-1_V13B23-285_B1,2
AAACATTTCCCGGATT-1_V13B23-285_B1,1
AAACCCGAACGAAATC-1_V13B23-285_B1,3
AAACCGGAAATGTTAA-1_V13B23-285_B1,1
AAACCGGGTAGGTACC-1_V13B23-285_B1,2
AAACCGTTCGTCCAGG-1_V13B23-285_B1,1
AAACCTCATGAAGTTG-1_V13B23-285_B1,3
AAACGAGACGGTTGAT-1_V13B23-285_B1,1
AAACGTGTTCGCCCTA-1_V13B23-285_B1,3
AAACTCGTGATATAAG-1_V13B23-285_B1,6
AAACTGCTGGCTCCAA-1_V13B23-285_B1,1
AAACTTGCAAACGTAT-1_V13B23-285_B1,3
AAAGACTGGGCGCTTT-1_V13B23-285_B1,7
AAAGCTTGCCTACATA-1_V13B23-285_B1,1
AAAGGCTACGGACCAT-1_V13B23-285_B1,3
AAAGGCTCTCGCGCCG-1_V13B23-285_B1,3
AAAGGGATGTAGCAAG-1_V13B23-285_B1,3
AAAGGGCAGCTTGAAT-1_V13B23-285_B1,10
AAAGGTAAGCTGTACC-1_V13B23-285_B1,8
AAAGTAGCATTGCTCA-1_V13B23-285_B1,3
AAAGTCGACCCTCAGT-1_V13B23-285_B1,1
AAAGTGTGATTTATCT-1_V13B23-285_B1,4
AAAGTTGACTCCCGTA-1_V13B23-285_B1,1
AAATAACCATACGGGA-1_V13B23-285_B1,5
AAATAAGGTAGTGCCC-1_V13B23-285_B1,3
AAATACCTATAAGCAT-1_V13B23-285_B1,1
AAATAGCTTAGACTTT-1_V13B23-285_B1,1
AAATAGGGTGCTATTG-1_V13B23-285_B1,1
AAATCGTGTACCACAA-1_V13B23-285_B1,3
AAATCTAGCCCTGCTA-1_V13B23-285_B1,1
AAATGATTCGATCAGC-1_V13B23-285_B1,6
AAATGCTCGTTACGTT-1_V13B23-285_B1,1
AAATGGCATGTCTTGT-1_V13B23-285_B1,5
AAATGGCCCGTGCCCT-1_V13B23-285_B1,1
AAATGGTCAATGTGCC-1_V13B23-285_B1,1
AAATTAACGGGTAGCT-1_V13B23-285_B1,1
AAATTACACGACTCTG-1_V13B23-285_B1,13
AAATTACCTATCGATG-1_V13B23-285_B1,1
AAATTCCAGGTCCAAA-1_V13B23-285_B1,4
AAATTGATAGTCCTTT-1_V13B23-285_B1,1
AAATTGGTGAGAAGCA-1_V13B23-285_B1,6
AAATTTGCGGGTGTGG-1_V13B23-285_B1,1
AACAACTGGTAGTTGC-1_V13B23-285_B1,1
AACAATACATTGTCGA-1_V13B23-285_B1,2
AACAATTACTCTACGC-1_V13B23-285_B1,1
AACACACGCTCGCCGC-1_V13B23-285_B1,4
AACACGAGACGCGGCC-1_V13B23-285_B1,1
AACAGCTGTGTGGCAA-1_V13B23-285_B1,1
AACAGGAAATCGAATA-1_V13B23-285_B1,9
AACAGGATGGGCCGCG-1_V13B23-285_B1,1
AACAGGTAGTATGGAT-1_V13B23-285_B1,3
AACATATCAACTGGTG-1_V13B23-285_B1,2
AACATCGATACGTCTA-1_V13B23-285_B1,3
AACCAAGACTTCTCTG-1_V13B23-285_B1,1
AACCATGGGATCGCTA-1_V13B23-285_B1,1
AACCCAGAGACGGAGA-1_V13B23-285_B1,3
AACCCATCCCATGATC-1_V13B23-285_B1,1
AACCCGAGCAGAATCG-1_V13B23-285_B1,4
AACCCTACTGTCAATA-1_V13B23-285_B1,1
AACCGAGCTTGGTCAT-1_V13B23-285_B1,9
AACCGCTAAGGGATGC-1_V13B23-285_B1,1
AACCGTTGTGTTTGCT-1_V13B23-285_B1,5
AACCTCGCTTTAGCCC-1_V13B23-285_B1,4
AACCTGTCACGGAATT-1_V13B23-285_B1,4
AACCTTTAAATACGGT-1_V13B23-285_B1,1
AACCTTTACGACGTCT-1_V13B23-285_B1,9
AACGATAATGCCGTAG-1_V13B23-285_B1,1
AACGATAGAAGGGCCG-1_V13B23-285_B1,9
AACGATATGTCAACTG-1_V13B23-285_B1,1
AACGCATGATCTGGGT-1_V13B23-285_B1,2
AACGCGGTCTCCAGCC-1_V13B23-285_B1,3
AACGCTGTTGCTGAAA-1_V13B23-285_B1,4
AACGGACGTACGTATA-1_V13B23-285_B1,4
AACGGCCATCTCCGGT-1_V13B23-285_B1,1
AACGTACTGTGGGTAC-1_V13B23-285_B1,1
AACGTCAGACTAGTGG-1_V13B23-285_B1,2
AACGTGATGAAGGACA-1_V13B23-285_B1,17
AACGTGCGAAAGTCTC-1_V13B23-285_B1,1
AACTACCCGTTTGTCA-1_V13B23-285_B1,1
AACTAGGCTTGGGTGT-1_V13B23-285_B1,1
AACTCAAGTTAATTGC-1_V13B23-285_B1,1
AACTCCAGAGCGTGTT-1_V13B23-285_B1,1
AACTCCTAATCCCATG-1_V13B23-285_B1,2
AACTCGATGGCGCAGT-1_V13B23-285_B1,3
AACTCTCAATAGAGCG-1_V13B23-285_B1,4
AACTCTCAGTGTGCTC-1_V13B23-285_B1,1
AACTGAGTTATACTGA-1_V13B23-285_B1,7
AACTGATATTAGGCCT-1_V13B23-285_B1,5
AACTGGGTCCCGACGT-1_V13B23-285_B1,9
AACTTCTGCGTCTATC-1_V13B23-285_B1,2
AACTTGCCCGTATGCA-1_V13B23-285_B1,2
AACTTGCGTTCTCGCG-1_V13B23-285_B1,14
AACTTTACGGGAGCTT-1_V13B23-285_B1,3
AACTTTCTCGATCATG-1_V13B23-285_B1,10
AAGAAATCACCAGATT-1_V13B23-285_B1,3
AAGAAGGATCAGTTAG-1_V13B23-285_B1,9
AAGACCCAACTGAACA-1_V13B23-285_B1,2
AAGACTGCAAGCTACT-1_V13B23-285_B1,1
AAGAGATGAATCGGTA-1_V13B23-285_B1,9
AAGAGCTCTTTATCGG-1_V13B23-285_B1,1
AAGAGGATGTACGCGA-1_V13B23-285_B1,14
AAGAGGCATGGATCGC-1_V13B23-285_B1,6
AAGAGGCCCTTTGGAA-1_V13B23-285_B1,12
AAGATGGCACCGGACC-1_V13B23-285_B1,1
AAGATTGGCGGAACGT-1_V13B23-285_B1,3
AAGCACCCTGCGTATC-1_V13B23-285_B1,1
AAGCATACTCTCCTGA-1_V13B23-285_B1,3
AAGCCGAAGCGGTTTA-1_V13B23-285_B1,4
AAGCCGCTTTACCTTG-1_V13B23-285_B1,3
AAGCCGGAGAGCAGGA-1_V13B23-285_B1,1
AAGCGGAGTGCGCGCA-1_V13B23-285_B1,8
AAGCGGCGTCATGGGT-1_V13B23-285_B1,8
AAGCGTCCCTCATCGA-1_V13B23-285_B1,10
AAGCTAGATCGAGTAA-1_V13B23-285_B1,1
AAGCTCGTGCCAAGTC-1_V13B23-285_B1,8
AAGCTCTTTCATGGTG-1_V13B23-285_B1,1
AAGGAGCGGTTGGTGC-1_V13B23-285_B1,3
AAGGATCGATCGCTTG-1_V13B23-285_B1,1
AAGGATGAGGGACCTC-1_V13B23-285_B1,1
AAGGCAGGCTGTCTCC-1_V13B23-285_B1,12
AAGGCGCGTAAAGCTT-1_V13B23-285_B1,1
AAGGCTGTGCTCATCG-1_V13B23-285_B1,1
AAGGGACAGATTCTGT-1_V13B23-285_B1,3
AAGGGACTATGCATTC-1_V13B23-285_B1,11
AAGGTATCCTAATATA-1_V13B23-285_B1,14
AAGGTGATAAACCAGC-1_V13B23-285_B1,4
AAGTAGAAGACCGGGT-1_V13B23-285_B1,1
AAGTAGTGACGCGAGG-1_V13B23-285_B1,1
AAGTCAATTGTCGTCA-1_V13B23-285_B1,1
AAGTCTAGTAGCTGCC-1_V13B23-285_B1,2
AAGTGACGACCGAATT-1_V13B23-285_B1,3
AAGTGAGTCGGGTTTA-1_V13B23-285_B1,1
AAGTGCAAAGGTAGAC-1_V13B23-285_B1,2
AAGTGCCTTGACTGTA-1_V13B23-285_B1,3
AAGTGCGTTAGAATCT-1_V13B23-285_B1,3
AAGTGTTTGGAGACGG-1_V13B23-285_B1,1
AAGTTCACTCCAAGCT-1_V13B23-285_B1,1
AAGTTCAGTCTGCGTA-1_V13B23-285_B1,3
AAGTTCGGCCAACAGG-1_V13B23-285_B1,1
AATAACAACGCTCGGC-1_V13B23-285_B1,1
AATAACACTAGAACAA-1_V13B23-285_B1,6
AATAATCTTCGTATCG-1_V13B23-285_B1,1
AATACAATGTTTCAGG-1_V13B23-285_B1,2
AATAGAACAGAGTGGC-1_V13B23-285_B1,1
AATAGAATCTGTTTCA-1_V13B23-285_B1,12
AATAGCTACCGCGTGC-1_V13B23-285_B1,2
AATAGTCCGTCCCGAC-1_V13B23-285_B1,2
AATAGTCGCGAGTCGG-1_V13B23-285_B1,1
AATATCGAATCAATGC-1_V13B23-285_B1,1
AATATCGAGGGTTCTC-1_V13B23-285_B1,6
AATATTGGAGTATTGA-1_V13B23-285_B1,1
AATCATGTAAAGACTC-1_V13B23-285_B1,6
AATCCAAGGGCCTGAG-1_V13B23-285_B1,18
AATCGCCTCAGCGCCA-1_V13B23-285_B1,12
AATCGCGCAGAGGACT-1_V13B23-285_B1,1
AATCTAGGTTTACTTG-1_V13B23-285_B1,1
AATCTATGCCGGAGCC-1_V13B23-285_B1,2
AATCTCTACTGTGGTT-1_V13B23-285_B1,7
AATCTGCGTTGGGACG-1_V13B23-285_B1,1
AATCTGGCTTTCTAGT-1_V13B23-285_B1,2
AATGACAGCAATGTCT-1_V13B23-285_B1,2
AATGACGTAGGATGTC-1_V13B23-285_B1,1
AATGACTGTCAGCCGG-1_V13B23-285_B1,12
AATGAGTTCGCATATG-1_V13B23-285_B1,1
AATGATGATACGCTAT-1_V13B23-285_B1,3
AATGATGCGACTCCTG-1_V13B23-285_B1,2
AATGCAACCGGGTACC-1_V13B23-285_B1,3
AATGCACCAAGCAATG-1_V13B23-285_B1,1
AATGGTCCACCGTTCA-1_V13B23-285_B1,7
AATGGTTCTCACAAGC-1_V13B23-285_B1,1
AATGTGCCCGAGGTGT-1_V13B23-285_B1,14
AATTAAAGGTCGGCGT-1_V13B23-285_B1,7
AATTAACGGATTTCCA-1_V13B23-285_B1,10
AATTAGCGCTGCAGCG-1_V13B23-285_B1,3
AATTCATAAGGGATCT-1_V13B23-285_B1,1
AATTCTAGAGTTAGGC-1_V13B23-285_B1,3
AATTGAACGCTCTGGT-1_V13B23-285_B1,1
AATTTGGGACATAGTA-1_V13B23-285_B1,6
AATTTGGTTCCAAAGA-1_V13B23-285_B1,17
ACAAATCGCACCGAAT-1_V13B23-285_B1,4
ACAAATGGTAGTGTTT-1_V13B23-285_B1,4
ACAACAGCATGAGCTA-1_V13B23-285_B1,4
ACAACGGTCCCTGCGA-1_V13B23-285_B1,1
ACAAGCAGTGCCTAGC-1_V13B23-285_B1,1
ACAAGGAAATCCGCCC-1_V13B23-285_B1,1
ACAAGGACAAGAGGTT-1_V13B23-285_B1,1
ACAAGGATGCTTTAGG-1_V13B23-285_B1,2
ACAAGGGCAGGCTCTG-1_V13B23-285_B1,1
ACAATAGTCGTACGTT-1_V13B23-285_B1,6
ACAATCCATTTAAACC-1_V13B23-285_B1,1
ACAATGAATACGGAGA-1_V13B23-285_B1,2
ACAATTGTGTCTCTTT-1_V13B23-285_B1,1
ACAATTTAGGAGGCTC-1_V13B23-285_B1,2
ACAATTTGAGCAGTGG-1_V13B23-285_B1,11
ACAATTTGGCCATATT-1_V13B23-285_B1,4
ACACAAAGACGGGTGG-1_V13B23-285_B1,3
ACACAAATATTCCTAG-1_V13B23-285_B1,8
ACACACCAGGACCAGT-1_V13B23-285_B1,4
ACACACTTTCTACACG-1_V13B23-285_B1,13
ACACATGATCAAATCT-1_V13B23-285_B1,2
ACACCACATAATTAGC-1_V13B23-285_B1,2
ACACCCAGCATGCAGC-1_V13B23-285_B1,1
ACACCCGAGAAATCCG-1_V13B23-285_B1,9
ACACCTTAAGTAGGGC-1_V13B23-285_B1,6
ACACCTTACTACTTGC-1_V13B23-285_B1,7
ACACGAGACTCCTTCT-1_V13B23-285_B1,4
ACACGGGAACTTAGGG-1_V13B23-285_B1,1
ACACGTAGGCCACAAG-1_V13B23-285_B1,1
ACACTCCAATGTCACT-1_V13B23-285_B1,3
ACACTGATCAAGGTGT-1_V13B23-285_B1,1
ACACTGGGACAGTCGT-1_V13B23-285_B1,4
ACAGAACTGAGAACAA-1_V13B23-285_B1,1
ACAGCGACATTCTCAT-1_V13B23-285_B1,1
ACAGCGCACCCGCAGC-1_V13B23-285_B1,17
ACAGGCTTGCCCGACT-1_V13B23-285_B1,1
ACAGGTGGAGGTGAGG-1_V13B23-285_B1,1
ACAGTAATACAACTTG-1_V13B23-285_B1,2
ACAGTATACCGTGGGA-1_V13B23-285_B1,3
ACATAATAAGGCGGTG-1_V13B23-285_B1,1
ACATCAGCTGGGACGC-1_V13B23-285_B1,11
ACATCCCGGCCATACG-1_V13B23-285_B1,2
ACATCCTGGTAACTGT-1_V13B23-285_B1,4
ACATCGATCGTTTACC-1_V13B23-285_B1,3
ACATCGGTCAGCCGCG-1_V13B23-285_B1,1
ACATCGTATGCAATGG-1_V13B23-285_B1,1
ACATCGTTAACCTAGT-1_V13B23-285_B1,17
ACATGGCGCCAAAGTA-1_V13B23-285_B1,4
ACATTAGTTTATATCC-1_V13B23-285_B1,3
ACCAAACACCCAGCGA-1_V13B23-285_B1,1
ACCAACACCACACACT-1_V13B23-285_B1,6
ACCAACGCTTATTTAT-1_V13B23-285_B1,1
ACCAAGAACGCGTGTC-1_V13B23-285_B1,9
ACCAATATGCAAGTTA-1_V13B23-285_B1,12
ACCACAAGTTTCTATC-1_V13B23-285_B1,2
ACCACCAATGTAACAA-1_V13B23-285_B1,1
ACCACCCTCTCTTCTA-1_V13B23-285_B1,10
ACCACGTGCAGCTATA-1_V13B23-285_B1,1
ACCAGTGCCCGGTCAA-1_V13B23-285_B1,8
ACCAGTGCGGGAGACG-1_V13B23-285_B1,1
ACCATATCCGCAATAA-1_V13B23-285_B1,1
ACCATCGTATATGGTA-1_V13B23-285_B1,10
ACCCAACGCCCGTGGC-1_V13B23-285_B1,2
ACCCACCTACATGCTC-1_V13B23-285_B1,1
ACCCATCTTGAGGGTA-1_V13B23-285_B1,1
ACCCATTTGTCCCTCT-1_V13B23-285_B1,1
ACCCGAGCGAAATTAC-1_V13B23-285_B1,1
ACCCGGAAACTCCCAG-1_V13B23-285_B1,10
ACCCGGAGCACCACAA-1_V13B23-285_B1,1
ACCCGGATGACGCATC-1_V13B23-285_B1,4
ACCCGGTTACACTTCC-1_V13B23-285_B1,1
ACCCGTGTCATCAGTA-1_V13B23-285_B1,10
ACCCTATAGGACTGAG-1_V13B23-285_B1,3
ACCCTATGCCATATCG-1_V13B23-285_B1,1
ACCCTCCCTTGCTATT-1_V13B23-285_B1,4
ACCCTGGTAACGCCCT-1_V13B23-285_B1,6
ACCCTTCATCTGCGAA-1_V13B23-285_B1,5
ACCCTTGCCTGGGTCG-1_V13B23-285_B1,6
ACCGAAGAGTCTGGTT-1_V13B23-285_B1,11
ACCGACACATCTCCCA-1_V13B23-285_B1,10
ACCGACTGAGTCCCAC-1_V13B23-285_B1,1
ACCGATAGGCATAACC-1_V13B23-285_B1,4
ACCGATATTTAATCAT-1_V13B23-285_B1,4
ACCGATGGTAGCATCG-1_V13B23-285_B1,4
ACCGCAATAACTGCCT-1_V13B23-285_B1,1
ACCGCGGTGGAAGTCG-1_V13B23-285_B1,14
ACCGGGCCTTTGTTGA-1_V13B23-285_B1,4
ACCGGTCAGGTACACC-1_V13B23-285_B1,10
ACCGTGACCACGTGGG-1_V13B23-285_B1,2
ACCTAAGTACCTTTCA-1_V13B23-285_B1,1
ACCTAATCGACTTCCT-1_V13B23-285_B1,1
ACCTACAGTATGTGGT-1_V13B23-285_B1,4
ACCTCCGCCCTCGCTG-1_V13B23-285_B1,1
ACCTCCGTTATTCACC-1_V13B23-285_B1,7
ACCTGCGTGTCATGTT-1_V13B23-285_B1,2
ACGAAATGGGCGGCAC-1_V13B23-285_B1,1
ACGACCCATGAGTTGC-1_V13B23-285_B1,1
ACGAGATATTTGCTTA-1_V13B23-285_B1,17
ACGAGGATACCACTCT-1_V13B23-285_B1,2
ACGAGGTTTACAACGT-1_V13B23-285_B1,1
ACGAGTACGGATGCCC-1_V13B23-285_B1,2
ACGATACATAGAACTA-1_V13B23-285_B1,3
ACGATCATACATAGAG-1_V13B23-285_B1,3
ACGATCATCTTGTAAA-1_V13B23-285_B1,4
ACGATGCATATGTTAT-1_V13B23-285_B1,2
ACGATGGATCCGATGC-1_V13B23-285_B1,17
ACGCAATCACTACAGC-1_V13B23-285_B1,3
ACGCATACGTTTACTA-1_V13B23-285_B1,1
ACGCATTCGTGAGTAC-1_V13B23-285_B1,1
ACGCCGCTAGACGACC-1_V13B23-285_B1,1
ACGCGAAGTCAGACGA-1_V13B23-285_B1,1
ACGCGCTACACAGGGT-1_V13B23-285_B1,1
ACGCGGGCCAAGGACA-1_V13B23-285_B1,4
ACGCTAGTGATACACT-1_V13B23-285_B1,10
ACGCTGTGAGGCGTAG-1_V13B23-285_B1,6
ACGGAATTTAGCAAAT-1_V13B23-285_B1,1
ACGGACTCTCAAAGCG-1_V13B23-285_B1,1
ACGGAGCGCAAATTAC-1_V13B23-285_B1,3
ACGGATGGTGCGGATA-1_V13B23-285_B1,1
ACGGCACTTGCTTGGG-1_V13B23-285_B1,2
ACGGCCAACATGGACT-1_V13B23-285_B1,1
ACGGCGACGATGGGAA-1_V13B23-285_B1,1
ACGGCTGGATGTAGAA-1_V13B23-285_B1,1
ACGGGAGTGTCGGCCC-1_V13B23-285_B1,2
ACGGGCGTATGCGACA-1_V13B23-285_B1,2
ACGGGTCATGTGACTT-1_V13B23-285_B1,10
ACGTACAGATTTCTCT-1_V13B23-285_B1,5
ACGTAGATTGCTGATG-1_V13B23-285_B1,4
ACGTATTACTCCGATC-1_V13B23-285_B1,4
ACGTGCGCCTCGTGCA-1_V13B23-285_B1,3
ACGTTAATGTCGAAGA-1_V13B23-285_B1,1
ACGTTAGATTTGCCCG-1_V13B23-285_B1,2
ACGTTATTGGTCACTC-1_V13B23-285_B1,2
ACGTTCGCAATCAATT-1_V13B23-285_B1,2
ACGTTCGTTCAGGAAA-1_V13B23-285_B1,1
ACGTTTAGTTGTGATC-1_V13B23-285_B1,13
ACTACCAGCTCTCTGG-1_V13B23-285_B1,3
ACTACGCGTTAGAATT-1_V13B23-285_B1,10
ACTAGTTGCGATCGTC-1_V13B23-285_B1,1
ACTATATGCTGTGTTC-1_V13B23-285_B1,3
ACTATCCAGGGCATGG-1_V13B23-285_B1,4
ACTATCTGCCCGCGTA-1_V13B23-285_B1,4
ACTATTCGTCCGTGGT-1_V13B23-285_B1,13
ACTATTTCCGGGCCCA-1_V13B23-285_B1,2
ACTCAAGTGCAAGGCT-1_V13B23-285_B1,14
ACTCAATAAAGGCACG-1_V13B23-285_B1,3
ACTCCCATTCCTAAAG-1_V13B23-285_B1,1
ACTCCCGAATTCGTTT-1_V13B23-285_B1,10
ACTCCCGTAGACTAGG-1_V13B23-285_B1,2
ACTCCCTAATGCTAAA-1_V13B23-285_B1,2
ACTCCCTAGAATAGTA-1_V13B23-285_B1,1
ACTCGCGATCTGACGC-1_V13B23-285_B1,16
ACTCGTAACCCGTCCT-1_V13B23-285_B1,10
ACTCGTCAGTAATCCC-1_V13B23-285_B1,1
ACTCTCTGACTTAGGT-1_V13B23-285_B1,1
ACTCTCTTATACACGA-1_V13B23-285_B1,8
ACTCTTCAGCTCCCGC-1_V13B23-285_B1,1
ACTCTTGTATAGTAAC-1_V13B23-285_B1,1
ACTGAAACGCCGTTAG-1_V13B23-285_B1,3
ACTGAATGGCGAAAGT-1_V13B23-285_B1,1
ACTGCCGTCGTAACTC-1_V13B23-285_B1,5
ACTGCGGACACACCGT-1_V13B23-285_B1,4
ACTGTACGATACACAT-1_V13B23-285_B1,7
ACTGTAGCACTTTGGA-1_V13B23-285_B1,2
ACTGTCCAGGATTATA-1_V13B23-285_B1,1
ACTGTCTTCTTTAGAA-1_V13B23-285_B1,3
ACTGTGCTAGTAGATC-1_V13B23-285_B1,1
ACTTACCGGGCGCGCA-1_V13B23-285_B1,2
ACTTACGCATCCACGC-1_V13B23-285_B1,1
ACTTAGTACGACAAGA-1_V13B23-285_B1,1
ACTTATACTTACCCGG-1_V13B23-285_B1,4
ACTTATTAGGATCGGT-1_V13B23-285_B1,1
ACTTATTTATGTGCCA-1_V13B23-285_B1,1
ACTTCAGGCTGATCCC-1_V13B23-285_B1,1
ACTTCCATGCGGGACA-1_V13B23-285_B1,2
ACTTCGCCATACGCAC-1_V13B23-285_B1,1
ACTTCGCTAGCGAGTG-1_V13B23-285_B1,2
ACTTGACTCCCTCTTT-1_V13B23-285_B1,1
ACTTGGGACCCGGTGG-1_V13B23-285_B1,1
ACTTGTGGATGGAACG-1_V13B23-285_B1,4
ACTTTACCCTCATGAA-1_V13B23-285_B1,2
ACTTTCCTATAGCTTC-1_V13B23-285_B1,2
ACTTTGGTCGTGCTCC-1_V13B23-285_B1,1
ACTTTGTCGACGCACT-1_V13B23-285_B1,1
AGAAATTATGACTCGC-1_V13B23-285_B1,4
AGAACCCAGCGTGACA-1_V13B23-285_B1,4
AGAACCCTCAATTGGG-1_V13B23-285_B1,1
AGAACGTGGTACATTC-1_V13B23-285_B1,1
AGAAGAGCGCCGTTCC-1_V13B23-285_B1,2
AGAAGGTACACTTCAC-1_V13B23-285_B1,3
AGAAGGTTGCCGAATT-1_V13B23-285_B1,1
AGAAGTGATTCGTGAT-1_V13B23-285_B1,10
AGAATGCGGGTTCGGA-1_V13B23-285_B1,6
AGAATTATGGATTCGA-1_V13B23-285_B1,1
AGAATTGTTTGACATA-1_V13B23-285_B1,1
AGACAGCTCAGAATCC-1_V13B23-285_B1,2
AGACAGGCATCTCAGC-1_V13B23-285_B1,1
AGACCAAACCACACCT-1_V13B23-285_B1,2
AGACCATGGGATACAA-1_V13B23-285_B1,1
AGACCCACCGCTGATC-1_V13B23-285_B1,1
AGACCCGCCCTCCTCG-1_V13B23-285_B1,1
AGACCGCTCCGCGGTT-1_V13B23-285_B1,1
AGACCGGGAAACCCTG-1_V13B23-285_B1,1
AGACGAAGTGCCGGTC-1_V13B23-285_B1,4
AGACGACGATGCCGCT-1_V13B23-285_B1,10
AGACGCCCACTTCGCC-1_V13B23-285_B1,1
AGACTAGCCTTCCAGA-1_V13B23-285_B1,12
AGAGAACCGTCTAGGA-1_V13B23-285_B1,3
AGAGAAGGAGTACAAT-1_V13B23-285_B1,1
AGAGATCTCTAAAGCG-1_V13B23-285_B1,1
AGAGCAGTTATGAGAC-1_V13B23-285_B1,2
AGAGCCGCCGAGATTT-1_V13B23-285_B1,1
AGAGCGCTTGTAACGG-1_V13B23-285_B1,3
AGAGCGGGCTAATCAT-1_V13B23-285_B1,5
AGAGCGTACAAGCTCG-1_V13B23-285_B1,2
AGAGGCTTCGGAAACC-1_V13B23-285_B1,4
AGAGTAAACTTCACTA-1_V13B23-285_B1,4
AGAGTATAGTGTTACG-1_V13B23-285_B1,2
AGATAACTTCAGGGCC-1_V13B23-285_B1,1
AGATACCAGCACTTCA-1_V13B23-285_B1,3
AGATACCGGTGTTCAC-1_V13B23-285_B1,1
AGATACGACTTCATAT-1_V13B23-285_B1,1
AGATACTCAAGATCGA-1_V13B23-285_B1,1
AGATCGTGCATAAGAT-1_V13B23-285_B1,3
AGATCTCAGGTGTGAT-1_V13B23-285_B1,9
AGATGACTCGCCCACG-1_V13B23-285_B1,3
AGATGAGGGTTGCGAT-1_V13B23-285_B1,2
AGATGATGGAGTCTGG-1_V13B23-285_B1,4
AGATGCAAGACGTGCA-1_V13B23-285_B1,11
AGATGCATCCTGTGTC-1_V13B23-285_B1,3
AGATTATAGGACGTTT-1_V13B23-285_B1,1
AGATTCACAACCGATA-1_V13B23-285_B1,1
AGCAAAGGCCGCTAGT-1_V13B23-285_B1,1
AGCAACATATCTTATT-1_V13B23-285_B1,4
AGCAACCGAAAGTAAT-1_V13B23-285_B1,1
AGCACCAGTACTCACG-1_V13B23-285_B1,10
AGCACTACCGGCCTGT-1_V13B23-285_B1,1
AGCACTACCTCACCAG-1_V13B23-285_B1,1
AGCACTTAAGGACGCC-1_V13B23-285_B1,1
AGCAGCCAGATGAATA-1_V13B23-285_B1,2
AGCATATCAATATGCT-1_V13B23-285_B1,4
AGCATCATTTCGAAAG-1_V13B23-285_B1,1
AGCATCGTCGATAATT-1_V13B23-285_B1,1
AGCCACTCCCGTGCTT-1_V13B23-285_B1,1
AGCCCATACATGTAAG-1_V13B23-285_B1,2
AGCCCGGTAGCCTGTA-1_V13B23-285_B1,2
AGCCCTAAGCGAAGTT-1_V13B23-285_B1,13
AGCCCTGTCGCACCGT-1_V13B23-285_B1,16
AGCCCTTCTAATCCGA-1_V13B23-285_B1,10
AGCCCTTGGACATCCC-1_V13B23-285_B1,1
AGCCGTGGCTAAATGT-1_V13B23-285_B1,7
AGCCTAATACCCACGT-1_V13B23-285_B1,1
AGCCTTAAAGCGGAAG-1_V13B23-285_B1,1
AGCGACAGGAACGGTC-1_V13B23-285_B1,2
AGCGACATCCCATTCA-1_V13B23-285_B1,15
AGCGACCAACGATATT-1_V13B23-285_B1,3
AGCGCATAATGAATCG-1_V13B23-285_B1,9
AGCGCGGGTGCCAATG-1_V13B23-285_B1,9
AGCGCTAGAGCGATGT-1_V13B23-285_B1,16
AGCGCTTATGGGCAAG-1_V13B23-285_B1,15
AGCGGACACTTCGTAG-1_V13B23-285_B1,2
AGCGGCGGTTAGCGGT-1_V13B23-285_B1,2
AGCGGGAAGGGTCCAT-1_V13B23-285_B1,1
AGCGGTTGCCGCTCTG-1_V13B23-285_B1,1
AGCGTGGTATTCTACT-1_V13B23-285_B1,4
AGCTAACAAGCAATGT-1_V13B23-285_B1,10
AGCTAGAAGCAGAAGT-1_V13B23-285_B1,6
AGCTCCATATATGTTC-1_V13B23-285_B1,7
AGCTCCTTCGCACATC-1_V13B23-285_B1,1
AGCTCGTTGATGGAAA-1_V13B23-285_B1,6
AGCTCTAGACGTTCCA-1_V13B23-285_B1,1
AGCTCTTCCCAGTGCA-1_V13B23-285_B1,3
AGCTCTTCGTAACCTT-1_V13B23-285_B1,1
AGCTCTTTACTCAGTT-1_V13B23-285_B1,1
AGCTGAAGTAAACCAA-1_V13B23-285_B1,6
AGCTGTAACCTCAATC-1_V13B23-285_B1,1
AGCTTGATCTTAACTT-1_V13B23-285_B1,3
AGGAAGCTGTCCGCCG-1_V13B23-285_B1,10
AGGACAGTCGAATCCC-1_V13B23-285_B1,1
AGGACATCGCACGTCG-1_V13B23-285_B1,1
AGGACGACCCATTAGA-1_V13B23-285_B1,1
AGGACGCTCGATGTTG-1_V13B23-285_B1,3
AGGAGACATCCACAGT-1_V13B23-285_B1,6
AGGAGAGTCTGGCTAC-1_V13B23-285_B1,1
AGGAGGCCTTCGCGCG-1_V13B23-285_B1,3
AGGATAAAGTCGGGAT-1_V13B23-285_B1,1
AGGATATAGGGATTTA-1_V13B23-285_B1,4
AGGATCACGCGATCTG-1_V13B23-285_B1,1
AGGATTGCTTACGACA-1_V13B23-285_B1,2
AGGCACGTGACTGTCC-1_V13B23-285_B1,4
AGGCAGATGCGTAAAC-1_V13B23-285_B1,2
AGGCAGGGAGCGTACT-1_V13B23-285_B1,1
AGGCATTGTCGTAGGG-1_V13B23-285_B1,1
AGGCCACATTGGTTAC-1_V13B23-285_B1,4
AGGCCACCCGTTATGA-1_V13B23-285_B1,14
AGGCCCATTGTACAGG-1_V13B23-285_B1,5
AGGCCCTAGAACGCCA-1_V13B23-285_B1,2
AGGCCTGAGAATCTCG-1_V13B23-285_B1,1
AGGCGATAACTGGCGT-1_V13B23-285_B1,1
AGGCGGTTTGTCCCGC-1_V13B23-285_B1,11
AGGCGTCTATGGACGG-1_V13B23-285_B1,6
AGGCTATGGTTAGCTT-1_V13B23-285_B1,10
AGGCTTCCCGAAGAAG-1_V13B23-285_B1,3
AGGCTTGCTAGACACC-1_V13B23-285_B1,2
AGGGAAACGAGGTACT-1_V13B23-285_B1,9
AGGGACCGGCTGCGTT-1_V13B23-285_B1,4
AGGGACTCTACGCGAC-1_V13B23-285_B1,1
AGGGAGACATACTTCG-1_V13B23-285_B1,2
AGGGCGAGCAGCTGAT-1_V13B23-285_B1,2
AGGGCGTGATCGGCTA-1_V13B23-285_B1,12
AGGGCTGCAGTTACAG-1_V13B23-285_B1,4
AGGGTCAGTAACCCTA-1_V13B23-285_B1,6
AGGGTCGATGCGAACT-1_V13B23-285_B1,1
AGGGTGCTCTCGAGGG-1_V13B23-285_B1,4
AGGGTGGATAGTGCAT-1_V13B23-285_B1,11
AGGGTTCCCTTTGGTT-1_V13B23-285_B1,2
AGGGTTTAGTTCGGGA-1_V13B23-285_B1,4
AGGTAACCTCCTATTC-1_V13B23-285_B1,18
AGGTACGATATTGCCA-1_V13B23-285_B1,5
AGGTAGGTACAAAGCT-1_V13B23-285_B1,1
AGGTATAATTGATAGT-1_V13B23-285_B1,4
AGGTATGCGGACATTA-1_V13B23-285_B1,1
AGGTCAGGTGAGAGTG-1_V13B23-285_B1,1
AGGTCGCCTCCCAACA-1_V13B23-285_B1,12
AGGTCGCGGAGTTACT-1_V13B23-285_B1,3
AGGTGTATCGCCATGA-1_V13B23-285_B1,6
AGGTTACACCATGCCG-1_V13B23-285_B1,4
AGGTTGAGGCACGCTT-1_V13B23-285_B1,1
AGGTTTCACACACCTT-1_V13B23-285_B1,1
AGTACATCATTTATCA-1_V13B23-285_B1,12
AGTACCTTCGAGTGCT-1_V13B23-285_B1,8
AGTACGGGCACCTGGC-1_V13B23-285_B1,1
AGTACTCTTATGCCCA-1_V13B23-285_B1,1
AGTAGGAAGGAAGTTG-1_V13B23-285_B1,2
AGTAGGTAACATACAT-1_V13B23-285_B1,18
AGTATAATACTAGGCA-1_V13B23-285_B1,1
AGTATGCTGGAGACCA-1_V13B23-285_B1,2
AGTATTTGGCACGACC-1_V13B23-285_B1,11
AGTCAACACCACCATC-1_V13B23-285_B1,1
AGTCAAGATGACACTT-1_V13B23-285_B1,4
AGTCACTAGCTCTCGA-1_V13B23-285_B1,1
AGTCAGCCACCGCCTG-1_V13B23-285_B1,1
AGTCCATTGGCTGATG-1_V13B23-285_B1,1
AGTCCCGCCTTTAATT-1_V13B23-285_B1,8
AGTCCCTCGCAGAAAG-1_V13B23-285_B1,6
AGTCGACGGTCTCAAG-1_V13B23-285_B1,1
AGTCGGCCCAAACGAC-1_V13B23-285_B1,1
AGTCGGCTCAACTTTA-1_V13B23-285_B1,2
AGTCGGTTGCGTGAGA-1_V13B23-285_B1,4
AGTCGTCGACCACCAA-1_V13B23-285_B1,1
AGTCGTGGGCATTACG-1_V13B23-285_B1,1
AGTCTAAAGTATACTC-1_V13B23-285_B1,2
AGTCTCACAAGACTAC-1_V13B23-285_B1,2
AGTCTGGACATCCTTG-1_V13B23-285_B1,1
AGTCTTCTCCTCAAAT-1_V13B23-285_B1,1
AGTGAACAAACTTCTC-1_V13B23-285_B1,1
AGTGAAGATGGTGTCC-1_V13B23-285_B1,12
AGTGACCTACTTTACG-1_V13B23-285_B1,1
AGTGAGACTTCCAGTA-1_V13B23-285_B1,1
AGTGAGCCTCGCCGCC-1_V13B23-285_B1,2
AGTGAGGGTTTCTGAC-1_V13B23-285_B1,8
AGTGATAACCTGCGCG-1_V13B23-285_B1,2
AGTGATATGAGTAGTT-1_V13B23-285_B1,2
AGTGATTCAAGCAGGA-1_V13B23-285_B1,3
AGTGCACGCTTAAGAA-1_V13B23-285_B1,1
AGTGCGTAGCTCGTAA-1_V13B23-285_B1,1
AGTGCTAAACACAGCA-1_V13B23-285_B1,2
AGTGCTTGCACGAATA-1_V13B23-285_B1,4
AGTGGCGGCAATTTGA-1_V13B23-285_B1,1
AGTGGCGTCTGAAGGT-1_V13B23-285_B1,1
AGTGGTTGCGTATAGG-1_V13B23-285_B1,6
AGTGTATTGCGCATTG-1_V13B23-285_B1,6
AGTGTGCTAAGATCGC-1_V13B23-285_B1,2
AGTGTGGTCTATTGTG-1_V13B23-285_B1,2
AGTTAAACACTTGCGA-1_V13B23-285_B1,1
AGTTAAGCGGTCCCGG-1_V13B23-285_B1,13
AGTTAAGTCAACCGCT-1_V13B23-285_B1,2
AGTTACCCTTAAGACT-1_V13B23-285_B1,2
AGTTACCGCACATGGT-1_V13B23-285_B1,10
AGTTACTCTATCGTGG-1_V13B23-285_B1,7
AGTTCACCGGTTGGAC-1_V13B23-285_B1,11
AGTTCCTACAGAATTA-1_V13B23-285_B1,1
AGTTCCTATTTATGTT-1_V13B23-285_B1,1
AGTTCTGCGTTGTATC-1_V13B23-285_B1,3
AGTTGCTGACTGATAT-1_V13B23-285_B1,3
AGTTTATGTAAAGACA-1_V13B23-285_B1,6
AGTTTCGCAGGTCGGA-1_V13B23-285_B1,5
AGTTTGCACCTGCCTC-1_V13B23-285_B1,1
AGTTTGGCACGGGTTG-1_V13B23-285_B1,4
AGTTTGGCCAGACCTA-1_V13B23-285_B1,1
ATAAACGGACCCGTAA-1_V13B23-285_B1,2
ATAAACGTTGCACCAC-1_V13B23-285_B1,4
ATAAAGGCTCGGTCGT-1_V13B23-285_B1,1
ATAAATATTAGCAGCT-1_V13B23-285_B1,7
ATAACGCCGGAGGGTC-1_V13B23-285_B1,3
ATAACGGAGTCCAACG-1_V13B23-285_B1,9
ATAAGGTGGAGAACAT-1_V13B23-285_B1,1
ATAAGTAGGATTCAGA-1_V13B23-285_B1,2
ATAAGTAGGGCGACTC-1_V13B23-285_B1,4
ATAAGTTACCGCGACG-1_V13B23-285_B1,10
ATAATACCGTTAGCCG-1_V13B23-285_B1,3
ATAATAGCTGTTGAAT-1_V13B23-285_B1,1
ATAATAGTGTAGGGAC-1_V13B23-285_B1,1
ATAATCTTGGAGAACC-1_V13B23-285_B1,1
ATACAGGCCCTCCAAT-1_V13B23-285_B1,1
ATACCACGGGCAACTT-1_V13B23-285_B1,1
ATACCGTCATCCATAA-1_V13B23-285_B1,3
ATACCTAACCAAGAAA-1_V13B23-285_B1,1
ATACGAAGGCTTTCCA-1_V13B23-285_B1,4
ATACGCCGGCGAAACC-1_V13B23-285_B1,1
ATACGGAACGTCGTTT-1_V13B23-285_B1,2
ATACGGGTTTCGATTG-1_V13B23-285_B1,1
ATACGGTGAAGATGCA-1_V13B23-285_B1,11
ATACGTACTTAGCCAC-1_V13B23-285_B1,4
ATACGTCCACTCCTGT-1_V13B23-285_B1,4
ATACTACCCGTACCAC-1_V13B23-285_B1,1
ATACTAGCATGACCCT-1_V13B23-285_B1,1
ATACTGCCTTACACCG-1_V13B23-285_B1,1
ATAGACAACGGGACCT-1_V13B23-285_B1,6
ATAGACGAAGAGAAAG-1_V13B23-285_B1,1
ATAGAGTACTGGGACA-1_V13B23-285_B1,1
ATAGAGTTATCAACTT-1_V13B23-285_B1,9
ATAGCAACTAGGGAAG-1_V13B23-285_B1,1
ATAGCCTCAGTACCCA-1_V13B23-285_B1,2
ATAGCTGCTCTTGTTA-1_V13B23-285_B1,10
ATAGGCGGCTATAGAA-1_V13B23-285_B1,10
ATAGGCTAGCTTCGCA-1_V13B23-285_B1,2
ATAGGGATATCCTTGA-1_V13B23-285_B1,3
ATAGGTTGGGCAGATG-1_V13B23-285_B1,1
ATAGTGAAGCGTTCTC-1_V13B23-285_B1,1
ATAGTTCCACCCACTC-1_V13B23-285_B1,1
ATATAAAGCGCTCGTG-1_V13B23-285_B1,10
ATATAAATGTAGCTGC-1_V13B23-285_B1,6
ATATACGCTCGTGACG-1_V13B23-285_B1,12
ATATCAACCTACAGAG-1_V13B23-285_B1,4
ATATCAATTCCAGCCT-1_V13B23-285_B1,6
ATATCGGTAGGGAGAT-1_V13B23-285_B1,4
ATATCGTTCCTCGAAC-1_V13B23-285_B1,1
ATATCTCCCTCGTTAA-1_V13B23-285_B1,1
ATATCTTAGGGCCTTC-1_V13B23-285_B1,1
ATATGTCTCCCTAGCC-1_V13B23-285_B1,1
ATATTCAGTTAAACCT-1_V13B23-285_B1,12
ATATTCCACATAGTGA-1_V13B23-285_B1,1
ATATTGCTGTCAAAGT-1_V13B23-285_B1,9
ATATTGGAGAGGCCTT-1_V13B23-285_B1,1
ATATTTAACCCTCAAG-1_V13B23-285_B1,1
ATCAAACACTGTTCCA-1_V13B23-285_B1,4
ATCAAACGAAGGTTTG-1_V13B23-285_B1,2
ATCAATCTGGGCTGCA-1_V13B23-285_B1,1
ATCAATGCCGTGGCTG-1_V13B23-285_B1,1
ATCACATTAGAATATC-1_V13B23-285_B1,1
ATCACGTGCTAATTAA-1_V13B23-285_B1,2
ATCACTTCATCCTCGC-1_V13B23-285_B1,3
ATCAGACGGCACGCCG-1_V13B23-285_B1,1
ATCAGCCTCATGCTGC-1_V13B23-285_B1,1
ATCAGCTCGTCCACTA-1_V13B23-285_B1,2
ATCAGTAGGCAGGGAT-1_V13B23-285_B1,1
ATCATAGCCCTATGTA-1_V13B23-285_B1,1
ATCATCCAATATTTGT-1_V13B23-285_B1,1
ATCATGGACTACCGAC-1_V13B23-285_B1,4
ATCCAACGCAGTCATA-1_V13B23-285_B1,2
ATCCAATGGAGGGTCC-1_V13B23-285_B1,10
ATCCACATCGACAGAA-1_V13B23-285_B1,3
ATCCAGAGCAACAACC-1_V13B23-285_B1,1
ATCCAGGATTCGTGAA-1_V13B23-285_B1,1
ATCCTACCTAAGCTCT-1_V13B23-285_B1,2
ATCCTGCGTGGAATGG-1_V13B23-285_B1,2
ATCCTTCTGAAAGAAC-1_V13B23-285_B1,4
ATCGACCCAATACAGA-1_V13B23-285_B1,14
ATCGACTCTTTCCGTT-1_V13B23-285_B1,1
ATCGCACGCCGGGAGA-1_V13B23-285_B1,1
ATCGCCAGTCAACATT-1_V13B23-285_B1,4
ATCGCTGCGTGCAGCA-1_V13B23-285_B1,2
ATCGCTTTACGTCTCA-1_V13B23-285_B1,1
ATCGGAGACAGACGGC-1_V13B23-285_B1,1
ATCGGCAAGCAGTCCA-1_V13B23-285_B1,3
ATCGGTTACCTAGTAA-1_V13B23-285_B1,11
ATCGTTAGCTAGCGGA-1_V13B23-285_B1,1
ATCGTTCACTTTCGCC-1_V13B23-285_B1,3
ATCTAATATCCTACGG-1_V13B23-285_B1,4
ATCTCCCACGGAATAT-1_V13B23-285_B1,12
ATCTCGTGAGCGAAAC-1_V13B23-285_B1,1
ATCTGATAGTGTCTTA-1_V13B23-285_B1,2
ATCTGCACCTCTGCGA-1_V13B23-285_B1,9
ATCTGGGCTGTTCTTG-1_V13B23-285_B1,1
ATCTGGTTAAGACTGT-1_V13B23-285_B1,10
ATCTGTAATTGTACCC-1_V13B23-285_B1,8
ATCTTGACCTGCAACG-1_V13B23-285_B1,6
ATCTTGACTTGTCCAA-1_V13B23-285_B1,3
ATCTTTCGTATAACCA-1_V13B23-285_B1,2
ATGAAGCCAAGGAGCC-1_V13B23-285_B1,12
ATGACGCCGGCTCTAA-1_V13B23-285_B1,15
ATGACGCGTTCTATCC-1_V13B23-285_B1,10
ATGACTATGCGACATT-1_V13B23-285_B1,4
ATGAGGAGTGTTAATC-1_V13B23-285_B1,1
ATGAGGGCAGCGGCTA-1_V13B23-285_B1,4
ATGATCGGGAATAGAC-1_V13B23-285_B1,9
ATGATGCAATGGTACA-1_V13B23-285_B1,1
ATGCACGCGCTGTTCA-1_V13B23-285_B1,2
ATGCACTACCGCATTG-1_V13B23-285_B1,2
ATGCATGATCCAGGAT-1_V13B23-285_B1,3
ATGCCAATCGCTCTGC-1_V13B23-285_B1,3
ATGCCATTTGCGACCA-1_V13B23-285_B1,1
ATGCCGGTCTTGCATA-1_V13B23-285_B1,4
ATGCCGGTTGATGGGA-1_V13B23-285_B1,9
ATGCGACAATTGGTCC-1_V13B23-285_B1,2
ATGCGACAGTCCCATT-1_V13B23-285_B1,7
ATGCGAGTCCCACCAC-1_V13B23-285_B1,1
ATGCTCAGTGTTGCAT-1_V13B23-285_B1,1
ATGCTCTGGCGCGGTA-1_V13B23-285_B1,1
ATGCTTAGGAGTTGAT-1_V13B23-285_B1,4
ATGGAAATTTAAGGAG-1_V13B23-285_B1,3
ATGGAACCTTTGCACA-1_V13B23-285_B1,4
ATGGAGCAGGCCGTGA-1_V13B23-285_B1,4
ATGGATCCGGCGTCCG-1_V13B23-285_B1,7
ATGGATTGACCAAACG-1_V13B23-285_B1,12
ATGGCAGCCGAGAAAC-1_V13B23-285_B1,2
ATGGCGGAATAGTCGC-1_V13B23-285_B1,2
ATGGCTGGAAATGGCC-1_V13B23-285_B1,3
ATGGGACCTGCTGAAC-1_V13B23-285_B1,1
ATGGGCCTCGGCCTCT-1_V13B23-285_B1,1
ATGGTCGCGTGGTTTC-1_V13B23-285_B1,1
ATGTAAGGCTGCTCTT-1_V13B23-285_B1,11
ATGTGAAAGCCTAATG-1_V13B23-285_B1,2
ATGTGCATCCGACGCA-1_V13B23-285_B1,3
ATGTGGACATCTTGAT-1_V13B23-285_B1,1
ATGTTACGAGCAATAC-1_V13B23-285_B1,1
ATGTTCCTGCCCACCT-1_V13B23-285_B1,10
ATGTTCGTCGACCCAC-1_V13B23-285_B1,10
ATGTTTCGGCCCGGAG-1_V13B23-285_B1,11
ATTAAACATGCGGACC-1_V13B23-285_B1,6
ATTAATACTACGCGGG-1_V13B23-285_B1,3
ATTAATGAACCAGTCG-1_V13B23-285_B1,1
ATTAATTCGGTCACTC-1_V13B23-285_B1,13
ATTACAACTACCGGCC-1_V13B23-285_B1,5
ATTACATGTCAGTCTT-1_V13B23-285_B1,1
ATTACCACACTGCCTG-1_V13B23-285_B1,4
ATTACGACTCCACAGT-1_V13B23-285_B1,3
ATTACGCGCTGGCAGG-1_V13B23-285_B1,3
ATTACTAGCCTCTTGC-1_V13B23-285_B1,1
ATTACTTACTGGGCAT-1_V13B23-285_B1,2
ATTAGATTCCTCAGCA-1_V13B23-285_B1,2
ATTAGATTGATAGCGG-1_V13B23-285_B1,3
ATTAGGCGATGCTTTC-1_V13B23-285_B1,1
ATTATAGCTACTTTAC-1_V13B23-285_B1,11
ATTATGCCATAGGGAG-1_V13B23-285_B1,1
ATTATTATGTCCGTCA-1_V13B23-285_B1,1
ATTCAACCATTTAAGG-1_V13B23-285_B1,1
ATTCACTGATGTTGGA-1_V13B23-285_B1,1
ATTCAGGACCTATTTC-1_V13B23-285_B1,1
ATTCAGTAGCAGGGTC-1_V13B23-285_B1,2
ATTCATATACTGTCCA-1_V13B23-285_B1,1
ATTCATCGTTGAGGCA-1_V13B23-285_B1,2
ATTCCCACATAAACAA-1_V13B23-285_B1,6
ATTCCTAAGACGTGGA-1_V13B23-285_B1,9
ATTCCTCCGCCAGTGC-1_V13B23-285_B1,1
ATTCGACGCCGGGCCT-1_V13B23-285_B1,1
ATTCGCAGAGGACACT-1_V13B23-285_B1,8
ATTCGTGCTATCTCTT-1_V13B23-285_B1,4
ATTCTTCGTACTTATG-1_V13B23-285_B1,17
ATTGAAGATCTTAGTG-1_V13B23-285_B1,1
ATTGACCGGCGATGAC-1_V13B23-285_B1,3
ATTGATAGCAACGAGA-1_V13B23-285_B1,3
ATTGATGAGTCCTAAC-1_V13B23-285_B1,1
ATTGCGATCAGTAACT-1_V13B23-285_B1,4
ATTGCTGCTCCTCCAT-1_V13B23-285_B1,2
ATTGGATTACAGCGTA-1_V13B23-285_B1,1
ATTGTACAACTCGGCT-1_V13B23-285_B1,4
ATTGTCGCAATACCTT-1_V13B23-285_B1,13
ATTGTGACTTCGCTGC-1_V13B23-285_B1,3
ATTGTTCAACGATCCG-1_V13B23-285_B1,1
ATTTAACTCGTATTAC-1_V13B23-285_B1,5
ATTTACAGTTTACTGG-1_V13B23-285_B1,1
ATTTACTAAGTCCATT-1_V13B23-285_B1,2
ATTTCATTATTTCGCG-1_V13B23-285_B1,13
ATTTCCGGGTTCTGCG-1_V13B23-285_B1,2
ATTTGCGCGAGTAGCT-1_V13B23-285_B1,10
ATTTGTCTTGGGAGCT-1_V13B23-285_B1,1
ATTTGTTCCAGGGCTC-1_V13B23-285_B1,9
CAAACGAGTATCGCAG-1_V13B23-285_B1,1
CAAACGGTCGCACTTT-1_V13B23-285_B1,1
CAAACTACGATAGAGA-1_V13B23-285_B1,6
CAAACTATTGAGCTTC-1_V13B23-285_B1,17
CAAACTCGCGACGCCG-1_V13B23-285_B1,4
CAAAGATTATTGGGCC-1_V13B23-285_B1,2
CAAAGGTCATCTGAAA-1_V13B23-285_B1,3
CAAAGTCAGGTTAGCT-1_V13B23-285_B1,2
CAAATCTCTCACAAGG-1_V13B23-285_B1,2
CAAATGTCCTTCCGTG-1_V13B23-285_B1,1
CAAATTGGATTATGCC-1_V13B23-285_B1,6
CAAATTGTCAGCAAGC-1_V13B23-285_B1,5
CAACACATCTCCTGCC-1_V13B23-285_B1,2
CAACCAGTGGCCTACC-1_V13B23-285_B1,1
CAACCTACCGAGCAGT-1_V13B23-285_B1,1
CAACCTGAACCTGCCA-1_V13B23-285_B1,6
CAACGACCCGTTTACA-1_V13B23-285_B1,9
CAACGGTTCTTGATAC-1_V13B23-285_B1,1
CAACGTGGTGGAGTCT-1_V13B23-285_B1,1
CAACTATATCGAATGC-1_V13B23-285_B1,13
CAACTCCGTAACTTGC-1_V13B23-285_B1,3
CAACTCCTTGATCCCG-1_V13B23-285_B1,1
CAACTGCTCATCCGAT-1_V13B23-285_B1,11
CAAGACTCAGAAGCGC-1_V13B23-285_B1,6
CAAGAGGGCGGAGTAC-1_V13B23-285_B1,1
CAAGATATTATAACGT-1_V13B23-285_B1,1
CAAGCAACGTCGGAGT-1_V13B23-285_B1,1
CAAGCGGCACATAATT-1_V13B23-285_B1,1
CAAGGATCGCATGTTC-1_V13B23-285_B1,1
CAAGGTCCTATAGGCT-1_V13B23-285_B1,7
CAAGTGTGGTTGCAAA-1_V13B23-285_B1,4
CAATAAACCTTGGCCC-1_V13B23-285_B1,3
CAATACGAGAGTCTGA-1_V13B23-285_B1,16
CAATATTCTTGACCTA-1_V13B23-285_B1,1
CAATCCCTATACCAGC-1_V13B23-285_B1,5
CAATCCTGCCGTGGAG-1_V13B23-285_B1,1
CAATGAGGTTCGACTA-1_V13B23-285_B1,6
CAATGCGAGAAGTATC-1_V13B23-285_B1,1
CAATGGAATCTACATA-1_V13B23-285_B1,8
CAATGGATCTCTACCA-1_V13B23-285_B1,3
CAATGTGCCAACCCTT-1_V13B23-285_B1,4
CAATTAAGGGTGATGA-1_V13B23-285_B1,1
CAATTTCGTATAAGGG-1_V13B23-285_B1,1
CACAAGAAAGATATTA-1_V13B23-285_B1,6
CACAATGAGCTGCTAT-1_V13B23-285_B1,1
CACACACGCTAACGAG-1_V13B23-285_B1,1
CACACAGCTTGCGCTC-1_V13B23-285_B1,3
CACACAGGGATAGATT-1_V13B23-285_B1,1
CACACGCGCTGTCTTA-1_V13B23-285_B1,3
CACAGCACCCACGGCA-1_V13B23-285_B1,1
CACAGCTAGGGAGTGA-1_V13B23-285_B1,3
CACAGGGCCATATAGT-1_V13B23-285_B1,4
CACAGGGCCGTTGTCA-1_V13B23-285_B1,2
CACAGTCCCGCTTCGC-1_V13B23-285_B1,1
CACAGTTCGCTTCCCA-1_V13B23-285_B1,12
CACATATTAGCAGGAT-1_V13B23-285_B1,1
CACATCGTGCACGCGC-1_V13B23-285_B1,11
CACATCTCACCGACGA-1_V13B23-285_B1,1
CACATGATTCAGCAAC-1_V13B23-285_B1,3
CACATTCTTTCGATGG-1_V13B23-285_B1,3
CACATTTCTTGTCAGA-1_V13B23-285_B1,7
CACCAGTCAGCATGCA-1_V13B23-285_B1,2
CACCATCGGAGGAGAC-1_V13B23-285_B1,18
CACCATGATCGCAAAG-1_V13B23-285_B1,3
CACCCAAATCTTATGT-1_V13B23-285_B1,4
CACCCACACGTCACCC-1_V13B23-285_B1,12
CACCCACGAGGCAATT-1_V13B23-285_B1,9
CACCCGGTTTGTGACT-1_V13B23-285_B1,2
CACCCTAACAAGATCT-1_V13B23-285_B1,4
CACCCTTGGTGAGACC-1_V13B23-285_B1,1
CACCGATACACCGAGC-1_V13B23-285_B1,17
CACCGCCAGAAGGTTT-1_V13B23-285_B1,15
CACCGCGTCCACTCTA-1_V13B23-285_B1,1
CACCGTATCCCATCCG-1_V13B23-285_B1,6
CACCGTTAGGGATCAC-1_V13B23-285_B1,1
CACCGTTGCGCGATAT-1_V13B23-285_B1,1
CACCTAATAGAGTCGT-1_V13B23-285_B1,1
CACCTAATCAGTTTAC-1_V13B23-285_B1,5
CACCTCGATGGTGGAC-1_V13B23-285_B1,3
CACCTTGCGAAACTCG-1_V13B23-285_B1,1
CACCTTGGCGCCTTTG-1_V13B23-285_B1,4
CACGAAAGTTAGTCCC-1_V13B23-285_B1,1
CACGCACAGCGCAGCT-1_V13B23-285_B1,1
CACGCAGCGAGGCTTT-1_V13B23-285_B1,3
CACGCGGAACTGTTGC-1_V13B23-285_B1,4
CACGGACGTGGATGGC-1_V13B23-285_B1,6
CACGGCGCGCCAAAGG-1_V13B23-285_B1,1
CACGTCAATCAATGGA-1_V13B23-285_B1,1
CACGTCGGCAACCTCT-1_V13B23-285_B1,2
CACGTTCGTGCTCTAG-1_V13B23-285_B1,1
CACGTTTCGTACACAC-1_V13B23-285_B1,1
CACTAAAGTTGCCTAT-1_V13B23-285_B1,1
CACTACGGGAGCTGCC-1_V13B23-285_B1,1
CACTCAAGAGCTATGG-1_V13B23-285_B1,1
CACTCAGCTCTTGAGG-1_V13B23-285_B1,17
CACTCCTATGTAAGAT-1_V13B23-285_B1,2
CACTCCTCTCGGTCGG-1_V13B23-285_B1,9
CACTCGAGCTGAACAA-1_V13B23-285_B1,1
CACTCGGTTAGGAGGA-1_V13B23-285_B1,2
CACTCTTCTGCTAGCC-1_V13B23-285_B1,4
CACTGTCCAAGTGAGA-1_V13B23-285_B1,1
CACTTAATCAGACGGA-1_V13B23-285_B1,1
CACTTCGCCACAGGCT-1_V13B23-285_B1,1
CACTTCGTCTTATCTC-1_V13B23-285_B1,1
CAGAACTTAGCCCTCT-1_V13B23-285_B1,4
CAGAATAACACACGGA-1_V13B23-285_B1,4
CAGAATATTCGTTATC-1_V13B23-285_B1,1
CAGACACCGATCGCTG-1_V13B23-285_B1,1
CAGACCTGTAAGTGTT-1_V13B23-285_B1,8
CAGACGAACCTGATAC-1_V13B23-285_B1,1
CAGAGACGGTCACCCA-1_V13B23-285_B1,1
CAGAGCATGAGCTTGC-1_V13B23-285_B1,14
CAGAGGCGATGCATGA-1_V13B23-285_B1,1
CAGATACTAACATAGT-1_V13B23-285_B1,1
CAGATCATTTAAAGTC-1_V13B23-285_B1,2
CAGATCCTGGTTTGAA-1_V13B23-285_B1,1
CAGCAGCCCGTTCCTT-1_V13B23-285_B1,2
CAGCAGTCCAGACTAT-1_V13B23-285_B1,7
CAGCAGTCTGTGCTGC-1_V13B23-285_B1,3
CAGCCGGGCCCTCTAT-1_V13B23-285_B1,5
CAGCCTCCTGCAGAGG-1_V13B23-285_B1,1
CAGCCTCTCCTCAAGA-1_V13B23-285_B1,10
CAGCGATTCCCTTCAA-1_V13B23-285_B1,1
CAGCTCACTGAGACAT-1_V13B23-285_B1,1
CAGCTCGACAAGTTAA-1_V13B23-285_B1,2
CAGCTCGTGCTTGTGT-1_V13B23-285_B1,5
CAGCTGGCGTAACCGT-1_V13B23-285_B1,7
CAGCTTAGTAGGTAGC-1_V13B23-285_B1,1
CAGGAAGACTTTATAT-1_V13B23-285_B1,9
CAGGACAGCTGCCCTT-1_V13B23-285_B1,1
CAGGATATATCGTTGT-1_V13B23-285_B1,1
CAGGCCGTTTGGGTGT-1_V13B23-285_B1,1
CAGGCGCACGGTGGTC-1_V13B23-285_B1,2
CAGGCGCCATGCTAGG-1_V13B23-285_B1,4
CAGGTTTAGTACTACA-1_V13B23-285_B1,8
CAGTAACTATTTATTG-1_V13B23-285_B1,2
CAGTAATCCCTCCCAG-1_V13B23-285_B1,2
CAGTACATTCTCTAAA-1_V13B23-285_B1,3
CAGTACCAGTTTACGT-1_V13B23-285_B1,1
CAGTAGCCCACGCGGT-1_V13B23-285_B1,3
CAGTCGAGGATGCAAT-1_V13B23-285_B1,6
CAGTCTGTATACTGGG-1_V13B23-285_B1,1
CAGTGAATAAATGACT-1_V13B23-285_B1,9
CAGTGGTTGCACATGA-1_V13B23-285_B1,3
CAGTGTCCGCAGAATG-1_V13B23-285_B1,1
CAGTGTCGGCTGGCCC-1_V13B23-285_B1,1
CAGTTCAAATTGACAC-1_V13B23-285_B1,1
CAGTTCCGCGGGTCGA-1_V13B23-285_B1,2
CATAACGGACAGTCGT-1_V13B23-285_B1,4
CATAAGAAGCTTGGCT-1_V13B23-285_B1,1
CATAAGCTCTCCGTCT-1_V13B23-285_B1,3
CATACAAAGCCGAACC-1_V13B23-285_B1,6
CATACACGGTTCCCAC-1_V13B23-285_B1,1
CATACCCGTACCCAGT-1_V13B23-285_B1,1
CATACGGCGTCTGGGC-1_V13B23-285_B1,3
CATACTATGTAATTGT-1_V13B23-285_B1,1
CATACTTAGGCAATAC-1_V13B23-285_B1,4
CATAGCCGCCCGGGAT-1_V13B23-285_B1,1
CATAGCGTTGCCCACC-1_V13B23-285_B1,2
CATAGTACATTGAGAG-1_V13B23-285_B1,5
CATAGTAGCATAGTAG-1_V13B23-285_B1,3
CATAGTCCACAAGAAC-1_V13B23-285_B1,1
CATATACTACTGATAA-1_V13B23-285_B1,2
CATATAGGTACAGTCA-1_V13B23-285_B1,7
CATATGTCAGGCTACG-1_V13B23-285_B1,1
CATATTATTTGCCCTA-1_V13B23-285_B1,17
CATCAAACTGGCGCCC-1_V13B23-285_B1,6
CATCAACACCTACTAA-1_V13B23-285_B1,3
CATCATCTACCCGGAC-1_V13B23-285_B1,17
CATCATTACCCTGAGG-1_V13B23-285_B1,4
CATCCGCAGGCCCGAA-1_V13B23-285_B1,12
CATCCTCTCAAAGATC-1_V13B23-285_B1,1
CATCGCCCGCGGCCAA-1_V13B23-285_B1,14
CATCGGACGGGTTAAT-1_V13B23-285_B1,1
CATCGTCCGGTTACTA-1_V13B23-285_B1,11
CATCTAGTGAAGGGAA-1_V13B23-285_B1,4
CATCTATCCCGTGTCT-1_V13B23-285_B1,6
CATCTGCAGGATCATT-1_V13B23-285_B1,11
CATCTTACACCACCTC-1_V13B23-285_B1,4
CATGACTTCGCTGAAT-1_V13B23-285_B1,1
CATGAGATGCACTCTC-1_V13B23-285_B1,1
CATGATGCACAATTCT-1_V13B23-285_B1,3
CATGATGGAAGTTAGC-1_V13B23-285_B1,4
CATGCCAACTCGCAAA-1_V13B23-285_B1,2
CATGCGACCAGTTTAA-1_V13B23-285_B1,1
CATGCGTTAGACAGAA-1_V13B23-285_B1,13
CATGCTGGCTCCAATT-1_V13B23-285_B1,18
CATGGATTGTCTTCCG-1_V13B23-285_B1,1
CATGGCAGGAAGATCG-1_V13B23-285_B1,13
CATGGGTATGCCTTAT-1_V13B23-285_B1,1
CATGGGTCGGGTGTGG-1_V13B23-285_B1,4
CATGGTAAGTAGCGTT-1_V13B23-285_B1,4
CATGGTATTAGTTTGT-1_V13B23-285_B1,2
CATGGTCTAGATACCG-1_V13B23-285_B1,12
CATGTAAGAGACATTT-1_V13B23-285_B1,4
CATGTAGGAGCGCCAA-1_V13B23-285_B1,2
CATGTCTCATTTATGG-1_V13B23-285_B1,3
CATTACATAGATTGTG-1_V13B23-285_B1,2
CATTACGTCGGCCCGT-1_V13B23-285_B1,9
CATTATGCTTGTTGTG-1_V13B23-285_B1,1
CATTCCCATTCCGTCG-1_V13B23-285_B1,10
CATTCCCTAAGTACAA-1_V13B23-285_B1,6
CATTCGTCGTAGCGGT-1_V13B23-285_B1,1
CATTGATGAACACGCC-1_V13B23-285_B1,3
CATTGCGGGTCAATTC-1_V13B23-285_B1,8
CATTGTGTGCTAGATC-1_V13B23-285_B1,1
CATTTAGCGGACCATG-1_V13B23-285_B1,3
CATTTCTAGCAGACTA-1_V13B23-285_B1,4
CATTTGAGTGGTACGT-1_V13B23-285_B1,6
CCAAACAGAACCCTCG-1_V13B23-285_B1,3
CCAAAGCAGTTGGTTG-1_V13B23-285_B1,1
CCAAATAACAAGATTC-1_V13B23-285_B1,1
CCAACGATGCACTGAT-1_V13B23-285_B1,1
CCAACGCTTGCCAGGG-1_V13B23-285_B1,3
CCAACTTGATAGATCC-1_V13B23-285_B1,4
CCAAGAAAGTGGGCGA-1_V13B23-285_B1,1
CCAAGACTTCTGCGAA-1_V13B23-285_B1,1
CCAAGCGTAACTCGTA-1_V13B23-285_B1,4
CCAAGGAACAGAGAGG-1_V13B23-285_B1,5
CCAAGTTTCTACAGAT-1_V13B23-285_B1,2
CCAATAGTGCCGTCGA-1_V13B23-285_B1,7
CCAATCGGTAGATCGA-1_V13B23-285_B1,5
CCAATGTCACAGCAAG-1_V13B23-285_B1,1
CCAATTACGGGTCGAG-1_V13B23-285_B1,1
CCAATTGAATGTTAAT-1_V13B23-285_B1,4
CCACAATGTACGTCTT-1_V13B23-285_B1,6
CCACACTGAGATATTA-1_V13B23-285_B1,1
CCACAGTACCCATCCT-1_V13B23-285_B1,1
CCACATACTGCACCCA-1_V13B23-285_B1,4
CCACCAACTTTACTGT-1_V13B23-285_B1,2
CCACCCAAGGAAAGTG-1_V13B23-285_B1,1
CCACCTGTATGGAATA-1_V13B23-285_B1,1
CCACGAATTTAACCTC-1_V13B23-285_B1,1
CCACGAGAAGAGAATC-1_V13B23-285_B1,9
CCACGGAGCCATAAGA-1_V13B23-285_B1,3
CCACGGTGCCCGGTAG-1_V13B23-285_B1,4
CCACGTAAATTAGACT-1_V13B23-285_B1,2
CCACTATCCGGGTCAC-1_V13B23-285_B1,2
CCACTGGTGGCTGGTT-1_V13B23-285_B1,3
CCACTGTTTGGATTAA-1_V13B23-285_B1,1
CCAGAAAGCAACTCAT-1_V13B23-285_B1,9
CCAGAGACAAAGCCGG-1_V13B23-285_B1,6
CCAGATAGTTGAGTGA-1_V13B23-285_B1,1
CCAGATGTAAATGGGT-1_V13B23-285_B1,9
CCAGCCTGGACCAATA-1_V13B23-285_B1,1
CCAGCGGGATCACCAG-1_V13B23-285_B1,3
CCAGCTGATGGTACTT-1_V13B23-285_B1,2
CCAGCTTCCGCCCGCA-1_V13B23-285_B1,3
CCAGGCTGGCGTCTGA-1_V13B23-285_B1,4
CCAGGGACGTGGCCTC-1_V13B23-285_B1,2
CCAGTAGTCTGATCCA-1_V13B23-285_B1,3
CCAGTCAAATCTCTTA-1_V13B23-285_B1,11
CCAGTCTAGACGGCGC-1_V13B23-285_B1,1
CCAGTCTTGTCATAGA-1_V13B23-285_B1,2
CCATAAACAACCCGAC-1_V13B23-285_B1,13
CCATACCTTTACTTGT-1_V13B23-285_B1,2
CCATAGGTTGGCGTGG-1_V13B23-285_B1,3
CCATAGTCAGTAACCC-1_V13B23-285_B1,3
CCATATGGAAACTATA-1_V13B23-285_B1,1
CCATATTGGATCATGA-1_V13B23-285_B1,11
CCATCCATACCAAGTC-1_V13B23-285_B1,1
CCATCGCAGTTAAACT-1_V13B23-285_B1,3
CCATCTCACCAGTGAA-1_V13B23-285_B1,4
CCATGCCCTAGATTTC-1_V13B23-285_B1,1
CCATGCCTGTTTAGTA-1_V13B23-285_B1,3
CCATGCTCTGCAGGAA-1_V13B23-285_B1,9
CCATGGCCCTTGTACC-1_V13B23-285_B1,1
CCATTAGCGATAATCC-1_V13B23-285_B1,3
CCATTCCCTGCCCACA-1_V13B23-285_B1,1
CCATTGTTTCCTCCAT-1_V13B23-285_B1,9
CCATTTCTACCTATTA-1_V13B23-285_B1,4
CCCAAACATGCTGCTC-1_V13B23-285_B1,1
CCCAACATACGTCGCG-1_V13B23-285_B1,1
CCCAATGAGATTTGCA-1_V13B23-285_B1,2
CCCAATTTCACAACTT-1_V13B23-285_B1,1
CCCAGAGGAGGGCGTA-1_V13B23-285_B1,2
CCCAGGTCTGAAGGCT-1_V13B23-285_B1,1
CCCAGTAAACTTGGGA-1_V13B23-285_B1,2
CCCAGTTAAGGCGCCG-1_V13B23-285_B1,9
CCCGACCATAGTCCGC-1_V13B23-285_B1,9
CCCGAGTTTCTCCGTA-1_V13B23-285_B1,12
CCCGATAGCCTCGCCT-1_V13B23-285_B1,1
CCCGCAGCGCGAACTA-1_V13B23-285_B1,1
CCCGCAGGGCCCAAAG-1_V13B23-285_B1,17
CCCGCCATGCTCCCGT-1_V13B23-285_B1,1
CCCGCGCAATGCACCC-1_V13B23-285_B1,1
CCCGGTGGAAGAACCT-1_V13B23-285_B1,6
CCCGGTGTATCGGAAT-1_V13B23-285_B1,9
CCCGTAAGTCTAGGCC-1_V13B23-285_B1,1
CCCGTAGCTGGGAAGA-1_V13B23-285_B1,4
CCCGTCAGCGTCTGAC-1_V13B23-285_B1,1
CCCGTTTCGCAGATGT-1_V13B23-285_B1,1
CCCTATGTAGAGCAGA-1_V13B23-285_B1,10
CCCTCATTCTGGAATT-1_V13B23-285_B1,12
CCCTCCTCGCTCGTAT-1_V13B23-285_B1,12
CCCTGAAATGAGTTGA-1_V13B23-285_B1,3
CCCTGACTAACAAATT-1_V13B23-285_B1,6
CCCTGATGTAACTCGT-1_V13B23-285_B1,6
CCCTGCCCAATCCGCT-1_V13B23-285_B1,2
CCCTGCGCTACGCATA-1_V13B23-285_B1,1
CCCTGTTGGCAAAGAC-1_V13B23-285_B1,1
CCCTTTGACAGGTCTT-1_V13B23-285_B1,1
CCGAAAGTGGTGAGCA-1_V13B23-285_B1,1
CCGAACACTGGGCCTC-1_V13B23-285_B1,6
CCGAACCTTCCCGGCC-1_V13B23-285_B1,1
CCGAAGGGCGTACCGC-1_V13B23-285_B1,11
CCGAAGTATATTGTTC-1_V13B23-285_B1,10
CCGACAAACACATGAG-1_V13B23-285_B1,1
CCGACAAAGGGAGTGC-1_V13B23-285_B1,1
CCGACAATAGGCCGCC-1_V13B23-285_B1,1
CCGACGGGCATGAGGT-1_V13B23-285_B1,9
CCGACGTAAACACAAC-1_V13B23-285_B1,3
CCGAGAAGTCGCATAA-1_V13B23-285_B1,1
CCGAGCTGTGCTTGTC-1_V13B23-285_B1,6
CCGATATGACGTAAGG-1_V13B23-285_B1,7
CCGATCTCAACCTTAT-1_V13B23-285_B1,1
CCGATTCGAGGGACCC-1_V13B23-285_B1,1
CCGCACAAAGACCAAC-1_V13B23-285_B1,14
CCGCACACGAACGTGT-1_V13B23-285_B1,4
CCGCACGTGACCTCGG-1_V13B23-285_B1,2
CCGCATGTGGTACGAT-1_V13B23-285_B1,1
CCGCCGGAACTTCTCG-1_V13B23-285_B1,11
CCGCCGGTCAACACAC-1_V13B23-285_B1,5
CCGCCGTTGAGGATAA-1_V13B23-285_B1,4
CCGCCTGCGAATTGGT-1_V13B23-285_B1,2
CCGCCTTGCGATGTCG-1_V13B23-285_B1,3
CCGCGGAATGCGTCAC-1_V13B23-285_B1,1
CCGCGGGTACGAAGAA-1_V13B23-285_B1,1
CCGCGTAGGTAAGGGC-1_V13B23-285_B1,2
CCGCTATCAGCACCAG-1_V13B23-285_B1,1
CCGCTTACCTCACTCT-1_V13B23-285_B1,2
CCGCTTGCTGACATGG-1_V13B23-285_B1,11
CCGGAAGTTATCAGTC-1_V13B23-285_B1,4
CCGGAATGGTTTCAGT-1_V13B23-285_B1,8
CCGGAGCGTACTTTCT-1_V13B23-285_B1,11
CCGGAGGTCTTATGGT-1_V13B23-285_B1,8
CCGGCACGACCGTTTC-1_V13B23-285_B1,4
CCGGCGCATATTGGAT-1_V13B23-285_B1,5
CCGGGACCCGCAGAGA-1_V13B23-285_B1,13
CCGGGCGGTCTCGTCA-1_V13B23-285_B1,1
CCGGGCTGCTCCATAC-1_V13B23-285_B1,1
CCGGGTTCGAGGTTAC-1_V13B23-285_B1,2
CCGGTAATGGCTAGTC-1_V13B23-285_B1,4
CCGGTTTGTAATTGTG-1_V13B23-285_B1,1
CCGTAAGTTGGTCCCA-1_V13B23-285_B1,1
CCGTACCCAAGCGCCA-1_V13B23-285_B1,1
CCGTAGGAAATCCCTG-1_V13B23-285_B1,1
CCGTAGGGTTGTTTAC-1_V13B23-285_B1,1
CCGTATCTCGTCGTAG-1_V13B23-285_B1,2
CCGTATTAGCGCAGTT-1_V13B23-285_B1,3
CCGTGAGGCATTCATG-1_V13B23-285_B1,4
CCGTGGAACGATCCAA-1_V13B23-285_B1,1
CCGTGTTAAATTCCAT-1_V13B23-285_B1,1
CCGTTACGTTAGAACA-1_V13B23-285_B1,14
CCGTTCCGAATCTCGG-1_V13B23-285_B1,1
CCTAAAGGCTGACGCT-1_V13B23-285_B1,5
CCTAAATTAACGGTTC-1_V13B23-285_B1,1
CCTAAATTGTATCCTA-1_V13B23-285_B1,4
CCTAACCCAAACAAGT-1_V13B23-285_B1,4
CCTAACTAAGGCTCTA-1_V13B23-285_B1,3
CCTACAAGTCCGGAAT-1_V13B23-285_B1,8
CCTACATTCACAGACG-1_V13B23-285_B1,1
CCTACGGCTCAGTCGA-1_V13B23-285_B1,1
CCTACTGCGGCGGCCA-1_V13B23-285_B1,2
CCTACTGCTTACACTT-1_V13B23-285_B1,2
CCTAGGCGTAGCGATC-1_V13B23-285_B1,4
CCTAGTTAGTCGCATG-1_V13B23-285_B1,17
CCTATAATGAGTGCCC-1_V13B23-285_B1,1
CCTATACCGTCCTGTC-1_V13B23-285_B1,14
CCTATATTTGTCCTGG-1_V13B23-285_B1,1
CCTATCTATATCGGAA-1_V13B23-285_B1,7
CCTATGAAGTGGTGCC-1_V13B23-285_B1,12
CCTATGGGTTACCGTC-1_V13B23-285_B1,6
CCTATGTCCACTCCAC-1_V13B23-285_B1,8
CCTCACCAATCTTGAC-1_V13B23-285_B1,1
CCTCACCTGAGGGAGC-1_V13B23-285_B1,3
CCTCACCTTAGCATCG-1_V13B23-285_B1,3
CCTCACGTCAGCTAAT-1_V13B23-285_B1,1
CCTCCGACAATTCAAG-1_V13B23-285_B1,1
CCTCCTGTTGTGTCGT-1_V13B23-285_B1,11
CCTCGAAGTGGACGGG-1_V13B23-285_B1,13
CCTCGCGCGATATAGG-1_V13B23-285_B1,3
CCTCGCGCTGTGCGAT-1_V13B23-285_B1,1
CCTCGGACCGGGATAG-1_V13B23-285_B1,1
CCTCGGATGCTACCTG-1_V13B23-285_B1,2
CCTCTAATCTGCCAAG-1_V13B23-285_B1,3
CCTCTATCGATTAGCA-1_V13B23-285_B1,1
CCTCTCTCCCATCTAG-1_V13B23-285_B1,1
CCTCTGGCCTAGACGG-1_V13B23-285_B1,13
CCTCTGTACTATTCTA-1_V13B23-285_B1,14
CCTGAACGATATATTC-1_V13B23-285_B1,12
CCTGAATATTTACATA-1_V13B23-285_B1,1
CCTGACCACCGATGGT-1_V13B23-285_B1,4
CCTGCGTTCTACGCTT-1_V13B23-285_B1,10
CCTGCTATTTGAGAAG-1_V13B23-285_B1,1
CCTGGAAACGTTCTGC-1_V13B23-285_B1,7
CCTGGCTAGACCCGCC-1_V13B23-285_B1,3
CCTGGTCGAATGTGGG-1_V13B23-285_B1,2
CCTGTAAGACATGATA-1_V13B23-285_B1,12
CCTGTACTCACGCCCA-1_V13B23-285_B1,1
CCTGTCACCCGGGCTC-1_V13B23-285_B1,3
CCTGTCCCTCACGTTA-1_V13B23-285_B1,4
CCTGTCGCCCGTAAAT-1_V13B23-285_B1,1
CCTGTTTGAAGACACG-1_V13B23-285_B1,3
CCTTCAGTTAAAGTGA-1_V13B23-285_B1,2
CCTTCTCAGCGTTCCT-1_V13B23-285_B1,6
CCTTGACCACTTTATT-1_V13B23-285_B1,1
CCTTTAAGGGAGCACT-1_V13B23-285_B1,2
CCTTTCAATGAAGAAA-1_V13B23-285_B1,1
CCTTTGAATTATGGCT-1_V13B23-285_B1,3
CGAAACATAGATGGCA-1_V13B23-285_B1,17
CGAAACGCAATTCATG-1_V13B23-285_B1,3
CGAACAGTATGGGCGT-1_V13B23-285_B1,4
CGAACCCGCATGCGTC-1_V13B23-285_B1,1
CGAACGCCCAGTGCCG-1_V13B23-285_B1,13
CGAACGGCCGGACAAC-1_V13B23-285_B1,1
CGAAGCTATAAATTCA-1_V13B23-285_B1,1
CGAAGTTGCTCTGTGT-1_V13B23-285_B1,4
CGACAATTTGATCTAA-1_V13B23-285_B1,1
CGACACGCTCCGACAG-1_V13B23-285_B1,1
CGACAGTTCGCGTTAT-1_V13B23-285_B1,1
CGACCCTTAACGCCGG-1_V13B23-285_B1,2
CGACTCAGGATGTTAT-1_V13B23-285_B1,3
CGACTTTGTATAGCCT-1_V13B23-285_B1,11
CGAGACCCTAGAGTGT-1_V13B23-285_B1,3
CGAGAGATGTGAACCT-1_V13B23-285_B1,1
CGAGAGCGCGTAGATA-1_V13B23-285_B1,3
CGAGAGGGTAGCCGCG-1_V13B23-285_B1,1
CGAGATTTCGCTCGGG-1_V13B23-285_B1,1
CGAGCACTTCAAGTTT-1_V13B23-285_B1,10
CGAGGAGCTTCCATAT-1_V13B23-285_B1,2
CGAGGATCGGGAACGA-1_V13B23-285_B1,2
CGAGGCCAGGCATTGG-1_V13B23-285_B1,1
CGAGGCTAAATATGGC-1_V13B23-285_B1,1
CGAGGGACTGCGGTCG-1_V13B23-285_B1,4
CGAGTACTAAAGAGGA-1_V13B23-285_B1,1
CGAGTTCTGTCCCACC-1_V13B23-285_B1,2
CGAGTTTATCGGACTG-1_V13B23-285_B1,1
CGATAATACTCAGGTT-1_V13B23-285_B1,12
CGATACCTCGCGGACA-1_V13B23-285_B1,1
CGATCATTAGAGGCAC-1_V13B23-285_B1,8
CGATCCGACCCAGTGC-1_V13B23-285_B1,1
CGATCTGTTGGAGGAC-1_V13B23-285_B1,2
CGATGGACCCTACGCC-1_V13B23-285_B1,3
CGATGTTGTTATCTAC-1_V13B23-285_B1,10
CGATTAAATATCTCCT-1_V13B23-285_B1,2
CGATTCGCCTGGCTGC-1_V13B23-285_B1,3
CGCAAACACGAGTTAC-1_V13B23-285_B1,2
CGCAATTACTTTCGGT-1_V13B23-285_B1,1
CGCAATTAGGGTAATA-1_V13B23-285_B1,2
CGCAATTCTACAATAA-1_V13B23-285_B1,2
CGCACATGTCCACTAC-1_V13B23-285_B1,4
CGCACGTGCGCTATCA-1_V13B23-285_B1,3
CGCAGATCTTCACCCG-1_V13B23-285_B1,2
CGCAGGCGATCCAAAC-1_V13B23-285_B1,4
CGCATCATGGCTTCAG-1_V13B23-285_B1,17
CGCATCCATCAGCCAG-1_V13B23-285_B1,10
CGCATGGTGCGATGCT-1_V13B23-285_B1,1
CGCATTAGCTAATAGG-1_V13B23-285_B1,3
CGCCAAGAAGCCGAGT-1_V13B23-285_B1,1
CGCCACAGGTCGCGAT-1_V13B23-285_B1,2
CGCCATCCGATTATGA-1_V13B23-285_B1,8
CGCCCAGCACGCCTAG-1_V13B23-285_B1,11
CGCCCGCTTCCGTACA-1_V13B23-285_B1,9
CGCCCTTGAAGGCTGA-1_V13B23-285_B1,2
CGCCGCCCATGCCTGT-1_V13B23-285_B1,7
CGCCGTCTACCCATCG-1_V13B23-285_B1,4
CGCCGTTCAGCATAGT-1_V13B23-285_B1,1
CGCCTCCCTCCTCTAT-1_V13B23-285_B1,1
CGCCTGGCCTACGTAA-1_V13B23-285_B1,1
CGCCTTTAGCATGCTC-1_V13B23-285_B1,4
CGCGACACTGCGCAGC-1_V13B23-285_B1,2
CGCGACCGCGACAGAT-1_V13B23-285_B1,1
CGCGAGAGGGACTTGT-1_V13B23-285_B1,6
CGCGAGTCTGCCGGGT-1_V13B23-285_B1,10
CGCGCAAATGTCCAGA-1_V13B23-285_B1,2
CGCGCATGTTTGATTG-1_V13B23-285_B1,2
CGCGCCCGACTTAATA-1_V13B23-285_B1,1
CGCGGCAGTATTACGG-1_V13B23-285_B1,12
CGCGGCTCAACTTGAA-1_V13B23-285_B1,4
CGCGGGAATTAGGCAG-1_V13B23-285_B1,1
CGCGGTAAGTCTAGCT-1_V13B23-285_B1,2
CGCGGTACGGTATACA-1_V13B23-285_B1,4
CGCGGTCACAAACCAA-1_V13B23-285_B1,3
CGCGTTCATGAAATAC-1_V13B23-285_B1,1
CGCTACGGGACATTTA-1_V13B23-285_B1,1
CGCTAGAGACCGCTGC-1_V13B23-285_B1,7
CGCTATACCGCCCACT-1_V13B23-285_B1,1
CGCTATTCAATGTATG-1_V13B23-285_B1,1
CGCTATTCTTAGGCTC-1_V13B23-285_B1,1
CGCTCGACATAATGAT-1_V13B23-285_B1,2
CGCTCTCCGTAGATTA-1_V13B23-285_B1,7
CGCTGGTGACTACCCT-1_V13B23-285_B1,4
CGCTGTGACGCCGCAC-1_V13B23-285_B1,1
CGCTGTGTGGATGTTG-1_V13B23-285_B1,1
CGCTTATTCCCGGTCG-1_V13B23-285_B1,2
CGCTTCCACTGAAATC-1_V13B23-285_B1,1
CGCTTTCATACCGGTG-1_V13B23-285_B1,9
CGCTTTCTTGCATTCG-1_V13B23-285_B1,1
CGGAAAGAATCAAACG-1_V13B23-285_B1,1
CGGAACGTAAACATAG-1_V13B23-285_B1,1
CGGAGCAATTTAATCG-1_V13B23-285_B1,2
CGGAGCATGGCGATCC-1_V13B23-285_B1,3
CGGAGCTTATAACACC-1_V13B23-285_B1,5
CGGAGTTTGAGAGACA-1_V13B23-285_B1,7
CGGATAAGCGGACATG-1_V13B23-285_B1,1
CGGATCCTCAAGGACT-1_V13B23-285_B1,1
CGGCAAACATCGTGCG-1_V13B23-285_B1,1
CGGCAATAAGATCGCC-1_V13B23-285_B1,1
CGGCACCGTTAGCGCC-1_V13B23-285_B1,1
CGGCACTCAAGAAAGT-1_V13B23-285_B1,1
CGGCAGGGTCGGGTTG-1_V13B23-285_B1,1
CGGCCACGCACAAAGT-1_V13B23-285_B1,1
CGGCCCAACCTGTAGT-1_V13B23-285_B1,1
CGGCCCAGGTATATCC-1_V13B23-285_B1,4
CGGCGCCATCAATCCC-1_V13B23-285_B1,1
CGGCTCTAAAGCTGCA-1_V13B23-285_B1,4
CGGCTCTTCGTCGAAC-1_V13B23-285_B1,8
CGGGAATATAGTATAC-1_V13B23-285_B1,4
CGGGAATTTATGTAAA-1_V13B23-285_B1,1
CGGGAGCTTCAGTGTA-1_V13B23-285_B1,4
CGGGAGTATACCGCCG-1_V13B23-285_B1,2
CGGGATCAATGTAAGA-1_V13B23-285_B1,1
CGGGCAGCTAAACCGC-1_V13B23-285_B1,1
CGGGCCATAGCCGCAC-1_V13B23-285_B1,1
CGGGCCTTCTTTGTAA-1_V13B23-285_B1,1
CGGGTGTACCCATTTA-1_V13B23-285_B1,1
CGGGTTTGTTAGGGCT-1_V13B23-285_B1,3
CGGTACTAGAATCAAA-1_V13B23-285_B1,4
CGGTAGAGGTGCAGGT-1_V13B23-285_B1,2
CGGTATAGGTATTAGC-1_V13B23-285_B1,2
CGGTCAAGTGGGAACC-1_V13B23-285_B1,3
CGGTCAGTCCATATTT-1_V13B23-285_B1,7
CGGTCCATGAGACTCC-1_V13B23-285_B1,2
CGGTCTATCAACCCGT-1_V13B23-285_B1,5
CGGTGAAGACTAAAGT-1_V13B23-285_B1,4
CGGTGCAGATAGAACG-1_V13B23-285_B1,1
CGGTGCGCGTTGGTCC-1_V13B23-285_B1,2
CGGTGGGCTCCAGCCT-1_V13B23-285_B1,6
CGGTGTACTTGATCCC-1_V13B23-285_B1,3
CGGTTATCCAACAGTG-1_V13B23-285_B1,2
CGGTTCAAGTAGGTGT-1_V13B23-285_B1,1
CGGTTGACCTGGCATA-1_V13B23-285_B1,1
CGGTTTATGAAGGAAC-1_V13B23-285_B1,8
CGTAAACGCTTGAGTG-1_V13B23-285_B1,5
CGTACCGAAAGTCTAG-1_V13B23-285_B1,3
CGTACCTGATAGGCCT-1_V13B23-285_B1,9
CGTAGCGAATTGTCAG-1_V13B23-285_B1,17
CGTATTAAGAGATCTA-1_V13B23-285_B1,1
CGTATTGTTTCCTAAT-1_V13B23-285_B1,3
CGTCAAATGGTCGCAG-1_V13B23-285_B1,2
CGTCAAGGCTATAAAT-1_V13B23-285_B1,2
CGTCAATCTTTAACAT-1_V13B23-285_B1,3
CGTCACGTCCATTGGT-1_V13B23-285_B1,1
CGTCAGCTATTTACTC-1_V13B23-285_B1,2
CGTCATACCATATCCA-1_V13B23-285_B1,1
CGTCGCGGCGGGATTT-1_V13B23-285_B1,6
CGTCGGATAGTGTTGA-1_V13B23-285_B1,7
CGTCGGGTCTAAGCGC-1_V13B23-285_B1,3
CGTCGTCCTTCGCGAA-1_V13B23-285_B1,1
CGTCTGGAAGGGCCCG-1_V13B23-285_B1,3
CGTCTTGAGTGTGACG-1_V13B23-285_B1,16
CGTGAAGTTAATTCAC-1_V13B23-285_B1,14
CGTGACATTGGGTCGT-1_V13B23-285_B1,13
CGTGCAGACTGGGACA-1_V13B23-285_B1,1
CGTGCATTGTCGACGC-1_V13B23-285_B1,2
CGTGCCCTCCCGAAGA-1_V13B23-285_B1,4
CGTGGAAGCCTCGTAC-1_V13B23-285_B1,4
CGTGGCCGAATATCTA-1_V13B23-285_B1,4
CGTGTCCCATTCGCGA-1_V13B23-285_B1,1
CGTGTCTCGTTACGAC-1_V13B23-285_B1,8
CGTGTGTTAAACCCTG-1_V13B23-285_B1,2
CGTTAAACTAGTTAGG-1_V13B23-285_B1,1
CGTTAATGTCCCGACG-1_V13B23-285_B1,1
CGTTAGCTCACAACTG-1_V13B23-285_B1,5
CGTTCATGGTGCGCGT-1_V13B23-285_B1,3
CGTTCTTCGCACACCT-1_V13B23-285_B1,6
CGTTGAATACCGCGCT-1_V13B23-285_B1,1
CGTTGAGCGACCGTCG-1_V13B23-285_B1,1
CGTTGAGTAATTGCGT-1_V13B23-285_B1,3
CGTTGTAAACGTCAGG-1_V13B23-285_B1,2
CGTTGTAAGATTGATT-1_V13B23-285_B1,1
CGTTGTTTCAATTCCC-1_V13B23-285_B1,3
CGTTTAAGCGGAGCAC-1_V13B23-285_B1,8
CGTTTACAAGGCAGCT-1_V13B23-285_B1,6
CGTTTCACTTCGGGCG-1_V13B23-285_B1,8
CGTTTCGCTCATTACA-1_V13B23-285_B1,7
CGTTTGGTGTTGTGGG-1_V13B23-285_B1,1
CGTTTGTGTAGAGGGT-1_V13B23-285_B1,1
CTAAAGAATGCCTACT-1_V13B23-285_B1,1
CTAAAGGGAAATAGGA-1_V13B23-285_B1,1
CTAAATCCGGTGTACA-1_V13B23-285_B1,1
CTAAATCCTATTCCGG-1_V13B23-285_B1,1
CTAACCGCGCGCCCGT-1_V13B23-285_B1,12
CTAACGAAACTTGCTG-1_V13B23-285_B1,3
CTAACTGATAATCGCC-1_V13B23-285_B1,1
CTAACTGGTCCGGTTC-1_V13B23-285_B1,10
CTAAGGGAATGATTGG-1_V13B23-285_B1,1
CTAATTCGCACGCGCT-1_V13B23-285_B1,2
CTAATTCTCAGATATT-1_V13B23-285_B1,10
CTAATTTCAACAACAC-1_V13B23-285_B1,1
CTACAAGAAATAACCC-1_V13B23-285_B1,2
CTACACTCGCAGATGG-1_V13B23-285_B1,1
CTACCCTAAGGTCATA-1_V13B23-285_B1,3
CTACGACTAGCTATAA-1_V13B23-285_B1,1
CTACGCACGGAGTACC-1_V13B23-285_B1,7
CTACTATCATAGGTTT-1_V13B23-285_B1,1
CTACTATCTTTCAGAG-1_V13B23-285_B1,2
CTACTCAAGGTATAGT-1_V13B23-285_B1,1
CTACTCTAGGCCCGGC-1_V13B23-285_B1,2
CTACTGCCACCTGACC-1_V13B23-285_B1,1
CTAGACTGCATTTCGT-1_V13B23-285_B1,3
CTAGATGTGAGTGTAA-1_V13B23-285_B1,7
CTAGATTTACGACGGC-1_V13B23-285_B1,1
CTAGCATAGTATAATG-1_V13B23-285_B1,1
CTAGCCACAGGCGAGC-1_V13B23-285_B1,1
CTAGCCGATGTTATGA-1_V13B23-285_B1,1
CTAGCTTAATGGTCCC-1_V13B23-285_B1,4
CTAGGCGCCCTATCAG-1_V13B23-285_B1,3
CTAGGTCTGAAGGAAT-1_V13B23-285_B1,4
CTAGGTTCGGACGTGA-1_V13B23-285_B1,2
CTAGTATTCGGAATTA-1_V13B23-285_B1,13
CTAGTCACGTCTTAAG-1_V13B23-285_B1,3
CTAGTGAAGGACAGGA-1_V13B23-285_B1,1
CTAGTTACAACCCGGT-1_V13B23-285_B1,1
CTAGTTGGGCCCGGTA-1_V13B23-285_B1,1
CTATAAGAGCCAATCG-1_V13B23-285_B1,1
CTATCGACGAAATACA-1_V13B23-285_B1,1
CTATCGCGTAGAGAAC-1_V13B23-285_B1,4
CTATCGGGTCTCAACA-1_V13B23-285_B1,4
CTATGGGAAGCGGAAT-1_V13B23-285_B1,3
CTATGTCACTAGCCCA-1_V13B23-285_B1,1
CTATGTGAGTCACGGC-1_V13B23-285_B1,2
CTATTCATGTGTCCCA-1_V13B23-285_B1,2
CTATTGTGTTTGGTCA-1_V13B23-285_B1,2
CTATTTGGTTACGGAT-1_V13B23-285_B1,4
CTCAAGACATTAGCGC-1_V13B23-285_B1,3
CTCACACGCAAGCCTA-1_V13B23-285_B1,6
CTCACATTTACTAAAT-1_V13B23-285_B1,6
CTCACTTGGCTGGTAA-1_V13B23-285_B1,1
CTCAGGACTCACCTGT-1_V13B23-285_B1,1
CTCAGTCACGACAAAT-1_V13B23-285_B1,6
CTCATCACTTAGTGAT-1_V13B23-285_B1,3
CTCATGGCTCACAATC-1_V13B23-285_B1,5
CTCATGGTAATTTGCG-1_V13B23-285_B1,1
CTCATTAACGTTGCCC-1_V13B23-285_B1,11
CTCATTGCTCTAACAA-1_V13B23-285_B1,1
CTCATTTGATGGGCGG-1_V13B23-285_B1,6
CTCCCAATGAGTCGCG-1_V13B23-285_B1,4
CTCCCTCCTTTCGATC-1_V13B23-285_B1,6
CTCCGCCCACATGAGG-1_V13B23-285_B1,2
CTCCGGCCTAATATGC-1_V13B23-285_B1,3
CTCCGGCTTGTAGACA-1_V13B23-285_B1,14
CTCCTAAGTTATGTCT-1_V13B23-285_B1,2
CTCCTCCAGCTCACAC-1_V13B23-285_B1,3
CTCCTGTTCAAGGCAG-1_V13B23-285_B1,4
CTCCTTTACGCAAGTC-1_V13B23-285_B1,2
CTCGAGACATACGATA-1_V13B23-285_B1,6
CTCGAGATCCAAAGCA-1_V13B23-285_B1,9
CTCGAGGTCGAACAGT-1_V13B23-285_B1,1
CTCGATATTTGCGAGC-1_V13B23-285_B1,2
CTCGCACCTATATAGT-1_V13B23-285_B1,3
CTCGCATTGCATAGCC-1_V13B23-285_B1,2
CTCGCCGAATGTAGGG-1_V13B23-285_B1,2
CTCGGGATAACACCTA-1_V13B23-285_B1,1
CTCGGGTTCTCTGGCC-1_V13B23-285_B1,1
CTCGGTACCACTGCTC-1_V13B23-285_B1,1
CTCGGTCCGTAGCCTG-1_V13B23-285_B1,1
CTCGGTTGTCGGCCCT-1_V13B23-285_B1,1
CTCGTCGAGGGCTCAT-1_V13B23-285_B1,2
CTCGTTTCTAATGTTT-1_V13B23-285_B1,2
CTCTAATGCATTGATC-1_V13B23-285_B1,2
CTCTACACTGGCGATT-1_V13B23-285_B1,6
CTCTATTTGGCTGCAG-1_V13B23-285_B1,1
CTCTCACAATCGATGA-1_V13B23-285_B1,14
CTCTCTAACTGCCTAG-1_V13B23-285_B1,11
CTCTGGACGCCTGGTG-1_V13B23-285_B1,1
CTCTGTTTGAGGATTC-1_V13B23-285_B1,13
CTCTTCTATTGACTGG-1_V13B23-285_B1,7
CTCTTGTCCCGCTTGG-1_V13B23-285_B1,2
CTGAAAGAGATCCGAC-1_V13B23-285_B1,9
CTGAATCCGAGACCTC-1_V13B23-285_B1,1
CTGAATTTATTGCCAG-1_V13B23-285_B1,6
CTGACATAGAAATAGA-1_V13B23-285_B1,4
CTGACTGCGCAGCTCG-1_V13B23-285_B1,7
CTGAGAAAGTTCGGCG-1_V13B23-285_B1,4
CTGAGCAAGTAACAAG-1_V13B23-285_B1,7
CTGAGCGAGACTTATT-1_V13B23-285_B1,2
CTGATAGTGTATCTCA-1_V13B23-285_B1,2
CTGCAAGCACGTTCCG-1_V13B23-285_B1,4
CTGCACAACTACATAT-1_V13B23-285_B1,1
CTGCACCTAGTCCACA-1_V13B23-285_B1,3
CTGCACCTGGAACCGC-1_V13B23-285_B1,9
CTGCACTCCAGTACAG-1_V13B23-285_B1,1
CTGCAGAGAATCAGAG-1_V13B23-285_B1,1
CTGCCAAGGTTGGAAG-1_V13B23-285_B1,1
CTGCCATGCATCACAT-1_V13B23-285_B1,4
CTGCCTAGCCACCAAG-1_V13B23-285_B1,18
CTGCCTCATATGCAAC-1_V13B23-285_B1,2
CTGCGGGTGAAATGTT-1_V13B23-285_B1,2
CTGCGGTAGTCACGTG-1_V13B23-285_B1,3
CTGCGTTACGATATAA-1_V13B23-285_B1,8
CTGCTGAGGCCACGAA-1_V13B23-285_B1,6
CTGCTGTCTAACGAGC-1_V13B23-285_B1,1
CTGCTTGGCGATAGCT-1_V13B23-285_B1,1
CTGCTTTATGTCCGCG-1_V13B23-285_B1,6
CTGGAAATGGATGCTT-1_V13B23-285_B1,1
CTGGAAGACACGGTGG-1_V13B23-285_B1,4
CTGGACGCAGTCCGGC-1_V13B23-285_B1,1
CTGGATTTACACTTGA-1_V13B23-285_B1,10
CTGGCATCCGAATGAG-1_V13B23-285_B1,1
CTGGCGACATAAGTCC-1_V13B23-285_B1,5
CTGGCGCACAGGTCTG-1_V13B23-285_B1,1
CTGGCGGGAATAAGTA-1_V13B23-285_B1,1
CTGGCTGATTCATCCT-1_V13B23-285_B1,4
CTGGCTGGTTGTCAGT-1_V13B23-285_B1,2
CTGGGATAAATAATGG-1_V13B23-285_B1,1
CTGGGATACGCTACCC-1_V13B23-285_B1,6
CTGGGCCTGCTATATC-1_V13B23-285_B1,1
CTGGGTAGGCAGTTAA-1_V13B23-285_B1,4
CTGGTAAAGTGTGGGC-1_V13B23-285_B1,1
CTGGTAACACATAGAA-1_V13B23-285_B1,4
CTGGTAACGAGCTCTT-1_V13B23-285_B1,2
CTGGTCATTCCAATCC-1_V13B23-285_B1,2
CTGGTTCGCGAGCTAC-1_V13B23-285_B1,7
CTGGTTTCGAGCAAGA-1_V13B23-285_B1,1
CTGTACTTCTTAGCAT-1_V13B23-285_B1,1
CTGTAGCCATCTCACT-1_V13B23-285_B1,1
CTGTATGGTGTAGAAA-1_V13B23-285_B1,12
CTGTCAAATGGCTCGG-1_V13B23-285_B1,1
CTGTCACGCCAGGCGC-1_V13B23-285_B1,3
CTGTGCAGGGTAGGTC-1_V13B23-285_B1,1
CTGTGGTCGGGAGATA-1_V13B23-285_B1,6
CTGTTACCCAATCTAG-1_V13B23-285_B1,1
CTGTTCACTGCCTGTG-1_V13B23-285_B1,1
CTGTTCATCTCACGGG-1_V13B23-285_B1,1
CTTAAATAAGACCCAT-1_V13B23-285_B1,10
CTTAACTTCGAAGTAC-1_V13B23-285_B1,20
CTTACACGGTATTCCA-1_V13B23-285_B1,2
CTTACACTGGGAAATA-1_V13B23-285_B1,1
CTTAGCCCGGATAGTG-1_V13B23-285_B1,11
CTTAGCCTTCCACATG-1_V13B23-285_B1,9
CTTAGGTCCCAATCGT-1_V13B23-285_B1,10
CTTAGTAGGCCTACAG-1_V13B23-285_B1,2
CTTAGTGTAGTAGCAT-1_V13B23-285_B1,1
CTTATAGATGGCTGTT-1_V13B23-285_B1,4
CTTATGTTGACTACCA-1_V13B23-285_B1,9
CTTCAACTCCACTTGG-1_V13B23-285_B1,1
CTTCAGTGGTCGCCTA-1_V13B23-285_B1,12
CTTCATAGCTCAAGAA-1_V13B23-285_B1,1
CTTCATTGTCAGTGGA-1_V13B23-285_B1,1
CTTCCGCTCCGTGAAG-1_V13B23-285_B1,1
CTTCGGCCAATTGTTT-1_V13B23-285_B1,4
CTTCGTAGATAGGTGA-1_V13B23-285_B1,14
CTTCTATGTTGAAGTA-1_V13B23-285_B1,2
CTTCTATTAATGCTAG-1_V13B23-285_B1,1
CTTCTTACGTCGTATA-1_V13B23-285_B1,8
CTTGAGGTTATCCCGA-1_V13B23-285_B1,9
CTTGAGTTAGGGTAAT-1_V13B23-285_B1,1
CTTGCAACCGCCTCCT-1_V13B23-285_B1,2
CTTGCCCAGGCTCTAC-1_V13B23-285_B1,1
CTTGGCCAAGCTGGGA-1_V13B23-285_B1,2
CTTGTACTTGTTGACT-1_V13B23-285_B1,1
CTTGTCAACATTCGAG-1_V13B23-285_B1,1
CTTGTGCTCACCGATT-1_V13B23-285_B1,3
CTTGTTGCTGAGTCAA-1_V13B23-285_B1,4
CTTGTTTATGTAGCCA-1_V13B23-285_B1,1
CTTTAACTTTCAAAGG-1_V13B23-285_B1,1
CTTTAATATTGGTCGA-1_V13B23-285_B1,1
CTTTACCGAATAGTAG-1_V13B23-285_B1,3
CTTTAGGAACACTGTT-1_V13B23-285_B1,1
CTTTAGTGCTATTATT-1_V13B23-285_B1,1
CTTTCTGTGCGGGCTT-1_V13B23-285_B1,1
CTTTGCATCGCTCTTG-1_V13B23-285_B1,2
CTTTGCTGTCATGGAT-1_V13B23-285_B1,4
CTTTGGCGCTTTATAC-1_V13B23-285_B1,1
CTTTGGCTTTAGTAAA-1_V13B23-285_B1,1
CTTTGGGATTGTTGCA-1_V13B23-285_B1,1
CTTTGTCGAATGCTCC-1_V13B23-285_B1,6
GAAACAGATGACCACC-1_V13B23-285_B1,1
GAAACAGCCATGCAGT-1_V13B23-285_B1,5
GAAACATAGGAAACAG-1_V13B23-285_B1,2
GAAACCATGGTGCGCT-1_V13B23-285_B1,3
GAAACCGAATTACCTT-1_V13B23-285_B1,2
GAAACCTATACAAATG-1_V13B23-285_B1,2
GAAACTCGTGCGATGC-1_V13B23-285_B1,2
GAAACTCTAATGAAGG-1_V13B23-285_B1,5
GAAAGAACAGCGTTAT-1_V13B23-285_B1,4
GAAAGCAGTGCACTTT-1_V13B23-285_B1,2
GAAAGCCCTTTGGACC-1_V13B23-285_B1,1
GAAAGTGACTAACTGC-1_V13B23-285_B1,1
GAAATACCTGCTGGCT-1_V13B23-285_B1,14
GAAATACTAAACGTTT-1_V13B23-285_B1,1
GAAATATCACCATCAG-1_V13B23-285_B1,1
GAAATATGCTTGAATG-1_V13B23-285_B1,10
GAAATCGCGCGCAACT-1_V13B23-285_B1,5
GAAATGGCGGTGTTAG-1_V13B23-285_B1,1
GAAATGGGATGTAAAC-1_V13B23-285_B1,3
GAAATTAGCACGGATA-1_V13B23-285_B1,14
GAAATTCACATCGCTG-1_V13B23-285_B1,18
GAAATTGTCTCTATAA-1_V13B23-285_B1,1
GAACACACATCAACCA-1_V13B23-285_B1,1
GAACAGATTACTAAAT-1_V13B23-285_B1,1
GAACATTAGTATGTTA-1_V13B23-285_B1,6
GAACCCTCTGTGTTCT-1_V13B23-285_B1,2
GAACGACCGAATGATA-1_V13B23-285_B1,9
GAACGATAAGTTAAAG-1_V13B23-285_B1,2
GAACGCGGGTCACACG-1_V13B23-285_B1,1
GAACGTCTCATGGTCG-1_V13B23-285_B1,2
GAACGTTAGGAAGACG-1_V13B23-285_B1,2
GAACTTGTGCACGGGA-1_V13B23-285_B1,3
GAAGAAACGATATTGT-1_V13B23-285_B1,1
GAAGAACGGTGCAGGT-1_V13B23-285_B1,5
GAAGCCTGCACATTCC-1_V13B23-285_B1,1
GAAGCGTGAGGAATTT-1_V13B23-285_B1,1
GAAGCTCGGACCCGTC-1_V13B23-285_B1,1
GAAGCTTGCTGACCGC-1_V13B23-285_B1,1
GAAGGCTACCATTGTT-1_V13B23-285_B1,2
GAAGGGCATAACCATG-1_V13B23-285_B1,2
GAAGTCAGTTGCACTA-1_V13B23-285_B1,2
GAAGTCTCCCTAGCGA-1_V13B23-285_B1,3
GAAGTGATTTATCGTG-1_V13B23-285_B1,3
GAAGTTTCCACTCAAT-1_V13B23-285_B1,3
GAATAGACGCGACCCA-1_V13B23-285_B1,4
GAATAGCATTTAGGGT-1_V13B23-285_B1,1
GAATAGCCCTGCGGTC-1_V13B23-285_B1,6
GAATAGTGCTCGATTA-1_V13B23-285_B1,2
GAATATTCGGAGTCCC-1_V13B23-285_B1,5
GAATCGACATGGTCAC-1_V13B23-285_B1,14
GAATCTGAACATTCTC-1_V13B23-285_B1,1
GAATGAAGGTCTTCAG-1_V13B23-285_B1,12
GAATGCCGAAATGACC-1_V13B23-285_B1,1
GAATGTATGGCAGGTC-1_V13B23-285_B1,8
GAATGTGGTCCGGATT-1_V13B23-285_B1,1
GAATGTTGGGTAATCT-1_V13B23-285_B1,3
GAATTATAGTGAAAGG-1_V13B23-285_B1,1
GAATTCACCCGGGTGT-1_V13B23-285_B1,1
GAATTTCTCGCTGCAG-1_V13B23-285_B1,2
GACAAACATATGCAGG-1_V13B23-285_B1,4
GACAACGACCATTGAA-1_V13B23-285_B1,1
GACAACGCAGCTTACG-1_V13B23-285_B1,14
GACAAGAGATGAGATT-1_V13B23-285_B1,4
GACACAAGGGAAGAAA-1_V13B23-285_B1,1
GACACGAGTTAGAGGA-1_V13B23-285_B1,1
GACACTGAGTTCAGTG-1_V13B23-285_B1,11
GACACTGGAACCCGAT-1_V13B23-285_B1,4
GACAGATTTCTGGCTC-1_V13B23-285_B1,10
GACAGCCAGACCTGAC-1_V13B23-285_B1,1
GACAGGCACACACTAT-1_V13B23-285_B1,2
GACATACTGTCGCAGA-1_V13B23-285_B1,11
GACATCGATTTATAAC-1_V13B23-285_B1,1
GACCAAACGTTGACTG-1_V13B23-285_B1,1
GACCAGAGCCCTGTAG-1_V13B23-285_B1,1
GACCCAATTATGATAC-1_V13B23-285_B1,2
GACCGACGTGAAAGCA-1_V13B23-285_B1,4
GACCGACTGAAGCGTC-1_V13B23-285_B1,1
GACCGCGTCTGACGTG-1_V13B23-285_B1,4
GACCGTCAGGTCGTGA-1_V13B23-285_B1,13
GACCGTGCTGACGGTG-1_V13B23-285_B1,3
GACGACGATCCGCGTT-1_V13B23-285_B1,1
GACGAGGCTAATAAAC-1_V13B23-285_B1,1
GACGCCGTAAAGGCTA-1_V13B23-285_B1,1
GACGCCTGTTGCAGGG-1_V13B23-285_B1,8
GACGCTTGCTTCTAAA-1_V13B23-285_B1,1
GACGGGTTGGCCCGTA-1_V13B23-285_B1,1
GACGGTCAATAGAAGC-1_V13B23-285_B1,10
GACGGTCCTAGGGTGT-1_V13B23-285_B1,4
GACGTGTAGGGATTAT-1_V13B23-285_B1,2
GACGTTCGTAAATACA-1_V13B23-285_B1,2
GACTAAGATCATGCAC-1_V13B23-285_B1,9
GACTAAGTAGGCTCAC-1_V13B23-285_B1,1
GACTACAAAGCGGTGG-1_V13B23-285_B1,1
GACTACAATTGCTCGT-1_V13B23-285_B1,8
GACTCACCCACGTGAG-1_V13B23-285_B1,4
GACTCCCAGAATAAGG-1_V13B23-285_B1,1
GACTCGCGGGAATGAC-1_V13B23-285_B1,3
GACTCGGTCGGCGGAT-1_V13B23-285_B1,20
GACTGATTGGTCACAA-1_V13B23-285_B1,8
GACTGCAAATCGAGCT-1_V13B23-285_B1,2
GACTGCACCAGCCCAG-1_V13B23-285_B1,1
GACTGCGGCACGTGTA-1_V13B23-285_B1,2
GAGACCCTGCAACGCC-1_V13B23-285_B1,8
GAGACTGATGGGTAGA-1_V13B23-285_B1,1
GAGACTTCGCGACCGA-1_V13B23-285_B1,1
GAGAGGGCGCGAGGTT-1_V13B23-285_B1,1
GAGAGGTGCATTCTGG-1_V13B23-285_B1,1
GAGATCTGCTTGGCAT-1_V13B23-285_B1,1
GAGATCTGTCACTCCG-1_V13B23-285_B1,3
GAGATCTTCCATGACA-1_V13B23-285_B1,1
GAGATGACAATCCTTA-1_V13B23-285_B1,3
GAGATGGGAGTCGACA-1_V13B23-285_B1,1
GAGCACCTGTGTCCAG-1_V13B23-285_B1,1
GAGCACGGCGCCTCTT-1_V13B23-285_B1,13
GAGCCAGCTACCTGTG-1_V13B23-285_B1,12
GAGCCGAGCGTTTATT-1_V13B23-285_B1,6
GAGCGAGGGAGTACCG-1_V13B23-285_B1,9
GAGCGCAAATACTCCG-1_V13B23-285_B1,4
GAGCGCGCACGAGTAG-1_V13B23-285_B1,12
GAGCGCTGTTAGGTAA-1_V13B23-285_B1,10
GAGCTAAGGGCATATC-1_V13B23-285_B1,3
GAGCTCTCGGACCTAA-1_V13B23-285_B1,1
GAGCTGTCGTCTCGGA-1_V13B23-285_B1,3
GAGGAATGGAGAGGTT-1_V13B23-285_B1,1
GAGGAGATCCTCATGC-1_V13B23-285_B1,1
GAGGATAAACAGTGCT-1_V13B23-285_B1,1
GAGGCATTTGCAGCAG-1_V13B23-285_B1,1
GAGGCCCGACTCCGCA-1_V13B23-285_B1,2
GAGGCTATCAAAGTCG-1_V13B23-285_B1,1
GAGGGCCATAATATTA-1_V13B23-285_B1,3
GAGGGCGCAGCTCTGC-1_V13B23-285_B1,2
GAGGTACATCCATCTT-1_V13B23-285_B1,17
GAGGTCCCAAAGATCT-1_V13B23-285_B1,1
GAGTAAACCGGAAAGT-1_V13B23-285_B1,4
GAGTAAGGCCACGGGA-1_V13B23-285_B1,2
GAGTACGGGTATACAA-1_V13B23-285_B1,9
GAGTAGATACTAGTTG-1_V13B23-285_B1,3
GAGTATCAAAGTTACA-1_V13B23-285_B1,4
GAGTATGCCCGCCTTG-1_V13B23-285_B1,2
GAGTCAGACCAGAATC-1_V13B23-285_B1,1
GAGTCCGCTTACCGGA-1_V13B23-285_B1,1
GAGTCGACAGACCCTC-1_V13B23-285_B1,11
GAGTGCACGGACAACA-1_V13B23-285_B1,3
GAGTGTGCGGTACCCA-1_V13B23-285_B1,1
GAGTTGATGGCAATTT-1_V13B23-285_B1,1
GATAAATCGGTGGATG-1_V13B23-285_B1,9
GATAACTCGCACTGTG-1_V13B23-285_B1,4
GATACCGTGTCGGAGT-1_V13B23-285_B1,16
GATACGATGGGAGTCA-1_V13B23-285_B1,2
GATAGGATTAATTACA-1_V13B23-285_B1,4
GATAGGTAACGTTGAC-1_V13B23-285_B1,1
GATAGGTGTCCCGGGC-1_V13B23-285_B1,7
GATATCTCATGCAATA-1_V13B23-285_B1,18
GATATGAGACACTAAC-1_V13B23-285_B1,1
GATATGCGGTAGCCAA-1_V13B23-285_B1,11
GATATGGATTACGCGG-1_V13B23-285_B1,2
GATATTGAGATTGGCG-1_V13B23-285_B1,1
GATCATTCCAAACATT-1_V13B23-285_B1,14
GATCCCTTTATACTGC-1_V13B23-285_B1,3
GATCCGAATATAAGTG-1_V13B23-285_B1,4
GATCCGGGAATTAACA-1_V13B23-285_B1,1
GATCCTAAATCGGGAC-1_V13B23-285_B1,4
GATCCTCGACACTGGC-1_V13B23-285_B1,2
GATCGACACTATCTGA-1_V13B23-285_B1,2
GATCGCGGGCTCTCCA-1_V13B23-285_B1,1
GATCGCTACCCGATTT-1_V13B23-285_B1,1
GATCGCTATATCTCAG-1_V13B23-285_B1,1
GATCGGATAGAACCAT-1_V13B23-285_B1,6
GATCGGCGATAAGTCG-1_V13B23-285_B1,1
GATCGGTGGCCATAAC-1_V13B23-285_B1,1
GATCGTGACTGATATC-1_V13B23-285_B1,1
GATCTAACCGTATTCA-1_V13B23-285_B1,3
GATCTCGACGCTGTGG-1_V13B23-285_B1,1
GATCTGCTATCTAAGG-1_V13B23-285_B1,1
GATCTTCATTGTCCTC-1_V13B23-285_B1,11
GATCTTGGAGGGCATA-1_V13B23-285_B1,1
GATCTTTGCAGGGTAT-1_V13B23-285_B1,1
GATCTTTGCTCAAAGA-1_V13B23-285_B1,15
GATGACAAGTAGGGCA-1_V13B23-285_B1,3
GATGACGATGATCGCG-1_V13B23-285_B1,6
GATGCCAGCAGAAGGC-1_V13B23-285_B1,1
GATGCCTTCTGCGGCA-1_V13B23-285_B1,10
GATGCGAATGGTATTA-1_V13B23-285_B1,11
GATGCGTCCTGCATTC-1_V13B23-285_B1,1
GATGCTACAAGCGCCT-1_V13B23-285_B1,1
GATGCTGTATTTCATC-1_V13B23-285_B1,1
GATGGCGCACACATTA-1_V13B23-285_B1,1
GATGGTGCCCTAGGCA-1_V13B23-285_B1,17
GATGTAACGAACCACC-1_V13B23-285_B1,1
GATGTCGGTCAACTGC-1_V13B23-285_B1,18
GATGTTCAATCCACGA-1_V13B23-285_B1,2
GATGTTTGTGCGAGAT-1_V13B23-285_B1,1
GATTAACCGAAAGCCC-1_V13B23-285_B1,1
GATTACTGAATTTGGG-1_V13B23-285_B1,1
GATTCCCTTGTCGCAG-1_V13B23-285_B1,1
GATTCCGCGTTTCCGT-1_V13B23-285_B1,5
GATTCCTATACGGCGC-1_V13B23-285_B1,9
GATTCGACGGTTCACG-1_V13B23-285_B1,4
GATTTAGTGCGTACTG-1_V13B23-285_B1,3
GCAAACCCTACATTAT-1_V13B23-285_B1,1
GCAAACCTTGGCCATA-1_V13B23-285_B1,10
GCAAACGTCGCCAGGT-1_V13B23-285_B1,3
GCAAATATTACGCTTT-1_V13B23-285_B1,1
GCAACACACTAGAACT-1_V13B23-285_B1,6
GCAACAGCAGTATGCG-1_V13B23-285_B1,4
GCAACCACCAGACCGG-1_V13B23-285_B1,9
GCAACCACGGCCGCGT-1_V13B23-285_B1,2
GCAACGGCTAGTTATG-1_V13B23-285_B1,4
GCAAGAATTCCTTGGC-1_V13B23-285_B1,1
GCAAGATGTGTTCGCG-1_V13B23-285_B1,8
GCAAGTGCACAGAGAA-1_V13B23-285_B1,1
GCAATTAGTCGCACCG-1_V13B23-285_B1,2
GCACAAACGAGGCGTG-1_V13B23-285_B1,7
GCACACACTGGTAGCC-1_V13B23-285_B1,1
GCACACGCCCATGGTC-1_V13B23-285_B1,10
GCACGCCTACTTAGAT-1_V13B23-285_B1,2
GCACTAGTCGCGCTAT-1_V13B23-285_B1,5
GCAGAAGGTAATCTCC-1_V13B23-285_B1,4
GCAGACCCAGCACGTA-1_V13B23-285_B1,7
GCAGATCCATAAGACT-1_V13B23-285_B1,1
GCAGATCCTCGCAAAT-1_V13B23-285_B1,3
GCAGATTAGGGATATC-1_V13B23-285_B1,1
GCAGCACACAGCCCAG-1_V13B23-285_B1,1
GCAGCCTATATCACAT-1_V13B23-285_B1,4
GCAGCTATGGACAGGT-1_V13B23-285_B1,6
GCAGGAACTTAGATCT-1_V13B23-285_B1,1
GCAGGACTATAGAATA-1_V13B23-285_B1,1
GCAGGTAGAGTATGGT-1_V13B23-285_B1,8
GCAGTGCGGGCGGATG-1_V13B23-285_B1,4
GCAGTGTGGCTATAGG-1_V13B23-285_B1,1
GCAGTTCGATCCGAGC-1_V13B23-285_B1,1
GCATACGAGGTCTTTA-1_V13B23-285_B1,2
GCATAGAGCACTCAGG-1_V13B23-285_B1,1
GCATCCCTAACTTTGA-1_V13B23-285_B1,12
GCATCGGCCGTGTAGG-1_V13B23-285_B1,3
GCATGAGGGACGCGGC-1_V13B23-285_B1,2
GCATTCAAGGCAACGC-1_V13B23-285_B1,3
GCATTCGAAATGAACA-1_V13B23-285_B1,1
GCATTGTAATTCATAT-1_V13B23-285_B1,1
GCATTTCCAAGGCTCC-1_V13B23-285_B1,11
GCCAACCATTTCCGGA-1_V13B23-285_B1,2
GCCAAGAATACTTCTG-1_V13B23-285_B1,2
GCCAATAGGGCATCTC-1_V13B23-285_B1,2
GCCACAATTTAAGGAC-1_V13B23-285_B1,12
GCCACTCAGAGCGCGA-1_V13B23-285_B1,1
GCCACTCCTTACGGTA-1_V13B23-285_B1,4
GCCAGGAGTAACCGAT-1_V13B23-285_B1,3
GCCAGGCGTTCGCATG-1_V13B23-285_B1,5
GCCATATTGCACACAG-1_V13B23-285_B1,3
GCCATCGAGCTGCGTG-1_V13B23-285_B1,1
GCCATCGATGCTGCAT-1_V13B23-285_B1,9
GCCATTAGCCTCAAAC-1_V13B23-285_B1,3
GCCCAGATGCTGGAGA-1_V13B23-285_B1,4
GCCCAGTTGGTATGCC-1_V13B23-285_B1,6
GCCCGACTTCTTCCCG-1_V13B23-285_B1,2
GCCCGATCTGTGGTCG-1_V13B23-285_B1,2
GCCCGCGCGTAAACGG-1_V13B23-285_B1,1
GCCCGCGCGTTTGACA-1_V13B23-285_B1,1
GCCCGTAATACCTTCT-1_V13B23-285_B1,14
GCCCTAGCCGTCGCGA-1_V13B23-285_B1,7
GCCGAAATTCCTACGT-1_V13B23-285_B1,1
GCCGATTGGCCAAGCT-1_V13B23-285_B1,1
GCCGCACTCCGTTTCA-1_V13B23-285_B1,13
GCCGCATTAGTCCGGC-1_V13B23-285_B1,2
GCCGCTTGTGAGAAAC-1_V13B23-285_B1,1
GCCGGGTTAGGGTCGC-1_V13B23-285_B1,1
GCCGTGGAAGAAATGT-1_V13B23-285_B1,4
GCCTAGCGATCTGACC-1_V13B23-285_B1,1
GCCTATAGTGTCAGGG-1_V13B23-285_B1,6
GCCTATCAGGTAAGAT-1_V13B23-285_B1,4
GCCTATGCTGGGCCTT-1_V13B23-285_B1,3
GCCTATTCCGATATAG-1_V13B23-285_B1,1
GCCTCATCTGGAAATA-1_V13B23-285_B1,4
GCCTCCGACAATTCAC-1_V13B23-285_B1,1
GCCTCTATACATAGCA-1_V13B23-285_B1,1
GCCTTCAGCCCTACCG-1_V13B23-285_B1,9
GCCTTGTATATGCAGT-1_V13B23-285_B1,1
GCGAAACGATCGGGAG-1_V13B23-285_B1,4
GCGAAACTTAACTGGA-1_V13B23-285_B1,1
GCGAAGCCATACCCGT-1_V13B23-285_B1,1
GCGACATGTAAACATC-1_V13B23-285_B1,4
GCGACCCAACCATCTG-1_V13B23-285_B1,2
GCGACGATAGTTGTAC-1_V13B23-285_B1,1
GCGAGAAACGGGAGTT-1_V13B23-285_B1,3
GCGAGAGGCCATGTAA-1_V13B23-285_B1,3
GCGAGAGTTGCGTCCA-1_V13B23-285_B1,2
GCGAGCGCATGCTCCC-1_V13B23-285_B1,4
GCGAGGCCCGAGCAGA-1_V13B23-285_B1,3
GCGAGTTCTGCAAAGA-1_V13B23-285_B1,1
GCGATTCTGGAAGCAG-1_V13B23-285_B1,17
GCGATTGTTAACGTTA-1_V13B23-285_B1,1
GCGCAAATATATTCAA-1_V13B23-285_B1,2
GCGCAAGAGCGCGCTG-1_V13B23-285_B1,3
GCGCATCCAGTCAGCA-1_V13B23-285_B1,6
GCGCCGTTCCACGATA-1_V13B23-285_B1,1
GCGCCTCCCACTCCGA-1_V13B23-285_B1,14
GCGCGTCATTGGTACA-1_V13B23-285_B1,1
GCGCTAATTGAATAGA-1_V13B23-285_B1,1
GCGCTATGCCGAGGCA-1_V13B23-285_B1,1
GCGCTCGATCACCTGT-1_V13B23-285_B1,4
GCGCTGATCCAGACTC-1_V13B23-285_B1,8
GCGCTGCTTTGCATTT-1_V13B23-285_B1,10
GCGCTTAAATAATTGG-1_V13B23-285_B1,1
GCGGACCGCGTTGTGG-1_V13B23-285_B1,1
GCGGAGAAACTTCGCA-1_V13B23-285_B1,1
GCGGAGAGGGAGAACG-1_V13B23-285_B1,1
GCGGCAAAGTATTGCC-1_V13B23-285_B1,2
GCGGCTCTGACGTACC-1_V13B23-285_B1,1
GCGGGAACCAGGCCCT-1_V13B23-285_B1,1
GCGGGCATTACGATGC-1_V13B23-285_B1,2
GCGGGCGAGCCTTACC-1_V13B23-285_B1,1
GCGGTCCCGGTGAAGG-1_V13B23-285_B1,2
GCGGTGAACTGCGCTC-1_V13B23-285_B1,1
GCGGTTCCCTATCATG-1_V13B23-285_B1,1
GCGTAAATGGCCATAA-1_V13B23-285_B1,1
GCGTCGAAATGTCGGT-1_V13B23-285_B1,3
GCGTCGCCAGGGTGAT-1_V13B23-285_B1,1
GCGTCTAACCTCCTAA-1_V13B23-285_B1,3
GCGTCTCTGCATTGGG-1_V13B23-285_B1,1
GCGTGGTACTGGGTTA-1_V13B23-285_B1,4
GCGTTATATTTGGAAC-1_V13B23-285_B1,10
GCGTTCGGAGACCGGG-1_V13B23-285_B1,2
GCGTTCTGACTAAGCG-1_V13B23-285_B1,4
GCTAAACCTGAGGTGA-1_V13B23-285_B1,10
GCTAACTGAAGTCTGA-1_V13B23-285_B1,1
GCTAAGTAAAGGCGAT-1_V13B23-285_B1,1
GCTAAGTAGTTTCTCT-1_V13B23-285_B1,14
GCTAATACCGAATGCC-1_V13B23-285_B1,1
GCTACAATCGAGGATA-1_V13B23-285_B1,1
GCTACAGTACGGACCG-1_V13B23-285_B1,2
GCTACGACTTATTGGG-1_V13B23-285_B1,1
GCTACTATAGTAGAGT-1_V13B23-285_B1,4
GCTAGACCGTCTACTG-1_V13B23-285_B1,1
GCTAGAGTAGAGATGT-1_V13B23-285_B1,4
GCTAGCACCTGGGCCA-1_V13B23-285_B1,11
GCTAGCAGGGAGTGGG-1_V13B23-285_B1,2
GCTAGCTTGAATAGCT-1_V13B23-285_B1,1
GCTAGGCACCACGGAG-1_V13B23-285_B1,1
GCTAGTAGAGCTTGTA-1_V13B23-285_B1,1
GCTAGTTTCATTGAGG-1_V13B23-285_B1,1
GCTATACGTCTCGGAC-1_V13B23-285_B1,14
GCTATCATACTCATGG-1_V13B23-285_B1,4
GCTATCGCGGCGCAAC-1_V13B23-285_B1,1
GCTCAATCCGTTTATT-1_V13B23-285_B1,1
GCTCAATGTAATACCG-1_V13B23-285_B1,1
GCTCATTACTGCATGT-1_V13B23-285_B1,9
GCTCCATGAGTGCAGA-1_V13B23-285_B1,1
GCTCCCAGTCGGTCCA-1_V13B23-285_B1,4
GCTCCGCTCGCTTCAG-1_V13B23-285_B1,4
GCTCCTGACATACTGG-1_V13B23-285_B1,2
GCTCGCGGTTCCGCTC-1_V13B23-285_B1,2
GCTCGCTCATGTCCAA-1_V13B23-285_B1,7
GCTCGGAATTTAAAGC-1_V13B23-285_B1,3
GCTCTAAACCCTGACG-1_V13B23-285_B1,3
GCTCTATGTTACGTGC-1_V13B23-285_B1,2
GCTCTCGGGTACCGAA-1_V13B23-285_B1,1
GCTGAACTCTCCAGGG-1_V13B23-285_B1,2
GCTGAATCTTCCAATC-1_V13B23-285_B1,2
GCTGAGCAACGGTTCT-1_V13B23-285_B1,1
GCTGAGGCGTGAGTAT-1_V13B23-285_B1,4
GCTGCACGGTTTCTTA-1_V13B23-285_B1,1
GCTGCTAAGTAGTCGA-1_V13B23-285_B1,1
GCTGCTACTGCGTAGC-1_V13B23-285_B1,1
GCTGCTCTCCGGACAC-1_V13B23-285_B1,1
GCTGGACCCAAAGTGG-1_V13B23-285_B1,6
GCTGGCATATTCACCT-1_V13B23-285_B1,1
GCTGGCGGCGCATGCT-1_V13B23-285_B1,1
GCTGGTTTAGGCCATA-1_V13B23-285_B1,1
GCTGTATTACTGGCCC-1_V13B23-285_B1,2
GCTGTTGCTACCGAAC-1_V13B23-285_B1,1
GCTTAATGTAACTAAC-1_V13B23-285_B1,4
GCTTACGTAGTTAGTA-1_V13B23-285_B1,1
GCTTAGGGAAGCGGTA-1_V13B23-285_B1,14
GCTTATGAAGCAGGAA-1_V13B23-285_B1,3
GCTTCCGTCCCTAGAC-1_V13B23-285_B1,2
GCTTGATGATAATCAG-1_V13B23-285_B1,1
GCTTGCAGCACAATTG-1_V13B23-285_B1,3
GCTTGGATCGATTAGG-1_V13B23-285_B1,10
GCTTTCAGAGGAGGTG-1_V13B23-285_B1,3
GGAAACCTTGTTGAAT-1_V13B23-285_B1,1
GGAAACTAAATGGGCC-1_V13B23-285_B1,1
GGAAAGTGCCCATGCC-1_V13B23-285_B1,1
GGAACCCGAACAAGAA-1_V13B23-285_B1,10
GGAACCGTGTAAATTG-1_V13B23-285_B1,1
GGAACCTTGACTCTGC-1_V13B23-285_B1,10
GGAACGGCCTGCAGCC-1_V13B23-285_B1,1
GGAACTTTGGCGATTA-1_V13B23-285_B1,12
GGAAGCTCGCTTACAG-1_V13B23-285_B1,5
GGAATGCGCTAGCGTG-1_V13B23-285_B1,1
GGACAAGTTGCAGTGA-1_V13B23-285_B1,3
GGACACAAGTTTACAC-1_V13B23-285_B1,4
GGACCAACAGGATAAC-1_V13B23-285_B1,1
GGACCTACGGTAACGT-1_V13B23-285_B1,3
GGACCTCTAGGCCGCC-1_V13B23-285_B1,10
GGACGTCCATAGTTGG-1_V13B23-285_B1,3
GGACTCACAAATTAGG-1_V13B23-285_B1,7
GGACTCGAAGCTTTCA-1_V13B23-285_B1,4
GGACTCTTCCGGTTGA-1_V13B23-285_B1,4
GGAGAAGTCATTGGCA-1_V13B23-285_B1,3
GGAGACCAATGTGCTT-1_V13B23-285_B1,2
GGAGACCATCTACATA-1_V13B23-285_B1,2
GGAGACGACACCTTTG-1_V13B23-285_B1,1
GGAGCAACATTTCAAG-1_V13B23-285_B1,1
GGAGCACCAAGAACTA-1_V13B23-285_B1,9
GGAGGCCGAAGTCGTC-1_V13B23-285_B1,1
GGAGGGCTTGGTTGGC-1_V13B23-285_B1,7
GGAGGGTCAAGTAAGA-1_V13B23-285_B1,1
GGAGTGCCGCCCTGGA-1_V13B23-285_B1,1
GGATCATCCCGTACGC-1_V13B23-285_B1,6
GGATCCGGAATATACT-1_V13B23-285_B1,8
GGATCTTGACTCAACC-1_V13B23-285_B1,1
GGATGAAGATCGCTGA-1_V13B23-285_B1,4
GGATGACGCGAGTTTA-1_V13B23-285_B1,1
GGATGCTGGCGTTCCT-1_V13B23-285_B1,3
GGATGTCCTTACCGCA-1_V13B23-285_B1,4
GGATTAAGCTAAGGTC-1_V13B23-285_B1,8
GGATTCAGTACGGTGG-1_V13B23-285_B1,12
GGATTCCGCTATACCC-1_V13B23-285_B1,9
GGATTGCTGTGACTCC-1_V13B23-285_B1,1
GGATTTCACTTCTATA-1_V13B23-285_B1,1
GGCAAAGGCGCCAATA-1_V13B23-285_B1,3
GGCAAATTACTTTACT-1_V13B23-285_B1,4
GGCAAGCCAGGGATAG-1_V13B23-285_B1,1
GGCAAGGCGAAATAGC-1_V13B23-285_B1,1
GGCAATAGTCAATGAG-1_V13B23-285_B1,1
GGCACTCAGCCGACCC-1_V13B23-285_B1,7
GGCACTCCACTGGGCA-1_V13B23-285_B1,1
GGCAGCAAACCTATGC-1_V13B23-285_B1,1
GGCAGCGGTAATCCTA-1_V13B23-285_B1,2
GGCATACAGGTAGCGG-1_V13B23-285_B1,1
GGCATATCGGTTCTGC-1_V13B23-285_B1,5
GGCCCAGTTATCAGCA-1_V13B23-285_B1,9
GGCCCGGAGCATGTCT-1_V13B23-285_B1,4
GGCCCGTATACCATGC-1_V13B23-285_B1,2
GGCCCTCACCCACTTA-1_V13B23-285_B1,10
GGCCGTTTGGGTTTCA-1_V13B23-285_B1,2
GGCCTGCTTCTCCCGA-1_V13B23-285_B1,4
GGCCTTTGCAACTGGC-1_V13B23-285_B1,3
GGCGAAATCTAACTTG-1_V13B23-285_B1,4
GGCGAACCGTTCTGAT-1_V13B23-285_B1,1
GGCGAGCGAAACGGCA-1_V13B23-285_B1,1
GGCGCAGGACATCTTC-1_V13B23-285_B1,1
GGCGCATGAATTGATG-1_V13B23-285_B1,3
GGCGCGGAGATCTTTC-1_V13B23-285_B1,1
GGCGCGTTCGAGTTTA-1_V13B23-285_B1,1
GGCGCTCCTCATCAAT-1_V13B23-285_B1,14
GGCGGAGTAATATTAG-1_V13B23-285_B1,1
GGCGGGCTCTAAGAGT-1_V13B23-285_B1,4
GGCGGTAGGATCATTG-1_V13B23-285_B1,4
GGCGGTTTGCCGGTGC-1_V13B23-285_B1,11
GGCGTCCTATCCGCTG-1_V13B23-285_B1,1
GGCTAAAGGGCGGGTC-1_V13B23-285_B1,1
GGCTAATGATTGAAAT-1_V13B23-285_B1,8
GGCTATTAAGTTGTAT-1_V13B23-285_B1,1
GGCTCCTCCACCTGTT-1_V13B23-285_B1,2
GGCTCGCGTTGAGGTA-1_V13B23-285_B1,3
GGCTCGTGCCACCAGC-1_V13B23-285_B1,1
GGCTCTGCTCCAACGC-1_V13B23-285_B1,3
GGCTGAAATAGCAAAG-1_V13B23-285_B1,1
GGCTGAGCATCGTAAG-1_V13B23-285_B1,3
GGCTGGCTAGCTTAAA-1_V13B23-285_B1,17
GGCTTTCAATAAGGGT-1_V13B23-285_B1,2
GGGAACGGGAGGTTAG-1_V13B23-285_B1,1
GGGAATGAGCCCTCAC-1_V13B23-285_B1,6
GGGACAGAGTTACTCC-1_V13B23-285_B1,2
GGGACCCGTATATCTT-1_V13B23-285_B1,2
GGGACTGCATAGATAG-1_V13B23-285_B1,1
GGGAGAACTCACAGTA-1_V13B23-285_B1,1
GGGAGGATGCCCGAAA-1_V13B23-285_B1,1
GGGAGTTAATGAGGCG-1_V13B23-285_B1,8
GGGATACGGTAATAAT-1_V13B23-285_B1,1
GGGATCCCAATACAAA-1_V13B23-285_B1,6
GGGATGGTCGTAACCG-1_V13B23-285_B1,1
GGGATTTACCGCACCT-1_V13B23-285_B1,4
GGGCAACCGCACGTGC-1_V13B23-285_B1,1
GGGCAGAGCAATCGTT-1_V13B23-285_B1,1
GGGCCCGTCTTAAACA-1_V13B23-285_B1,1
GGGCCCTACGAAAGGG-1_V13B23-285_B1,2
GGGCCGGCCGAAGTAC-1_V13B23-285_B1,4
GGGCCTAAATGGGCTA-1_V13B23-285_B1,2
GGGCCTATTTAAGTAT-1_V13B23-285_B1,9
GGGCGAATTTCTCCAC-1_V13B23-285_B1,1
GGGCGATATGTGTGAA-1_V13B23-285_B1,1
GGGCGCAGCGTTACTC-1_V13B23-285_B1,2
GGGCGGCAAATGAATT-1_V13B23-285_B1,1
GGGCGGGTTCCCTACG-1_V13B23-285_B1,2
GGGCGGTCCTATTGTC-1_V13B23-285_B1,1
GGGCGTACATTTATAT-1_V13B23-285_B1,1
GGGCGTCACCACGTAA-1_V13B23-285_B1,2
GGGCGTCCACTGGCTC-1_V13B23-285_B1,5
GGGCGTGGTTTCCCAG-1_V13B23-285_B1,1
GGGCTACTATTTCGTG-1_V13B23-285_B1,3
GGGCTATGATCGATGG-1_V13B23-285_B1,2
GGGCTCATCGAACCCA-1_V13B23-285_B1,8
GGGCTGCCTAGGGCGA-1_V13B23-285_B1,9
GGGCTGGTTAGTCGCG-1_V13B23-285_B1,2
GGGTACCCACGGTCCT-1_V13B23-285_B1,1
GGGTACTTCATGAACT-1_V13B23-285_B1,1
GGGTATGTATGCACTT-1_V13B23-285_B1,2
GGGTATTCTAGCAAAC-1_V13B23-285_B1,1
GGGTCACCGTGACGGT-1_V13B23-285_B1,3
GGGTCATGCGTACCAT-1_V13B23-285_B1,2
GGGTCGTGGCAAGTGT-1_V13B23-285_B1,2
GGGTGACACCTTAACT-1_V13B23-285_B1,4
GGGTGCATATGAAAGC-1_V13B23-285_B1,2
GGGTGTTTCAGCTATG-1_V13B23-285_B1,7
GGGTTAACATTTGAGT-1_V13B23-285_B1,1
GGGTTCAGACGAACAA-1_V13B23-285_B1,2
GGGTTTAGGATAGGAT-1_V13B23-285_B1,4
GGTAAATGTGCGTTAC-1_V13B23-285_B1,5
GGTAACCGGGAGGATA-1_V13B23-285_B1,2
GGTACAAACATGCTAT-1_V13B23-285_B1,1
GGTACACCAGATTTAT-1_V13B23-285_B1,3
GGTACATCTGGGACGA-1_V13B23-285_B1,2
GGTACCATTAAGACGG-1_V13B23-285_B1,2
GGTACTAAGTGCTTTG-1_V13B23-285_B1,7
GGTAGAAGACCGCCTG-1_V13B23-285_B1,1
GGTAGACCGTTGGGCG-1_V13B23-285_B1,1
GGTAGTGCTCGCACCA-1_V13B23-285_B1,15
GGTATAGTGACACATA-1_V13B23-285_B1,1
GGTATTGCCGAGTTTA-1_V13B23-285_B1,1
GGTCAAGACTACTTCG-1_V13B23-285_B1,3
GGTCAGTGGGTCCCAC-1_V13B23-285_B1,1
GGTCATTGTAGTCATA-1_V13B23-285_B1,3
GGTCCTTCATACGACT-1_V13B23-285_B1,2
GGTCGGATAAACGGCG-1_V13B23-285_B1,1
GGTCGGCCAGGAGCTT-1_V13B23-285_B1,4
GGTCGGTAATTAGACA-1_V13B23-285_B1,2
GGTCGGTCGTCCACAG-1_V13B23-285_B1,2
GGTCGTAAGCTCGCAC-1_V13B23-285_B1,1
GGTCTCCAAGTAGTGC-1_V13B23-285_B1,3
GGTCTCTGAATGGACT-1_V13B23-285_B1,1
GGTCTGAGAATCTGGA-1_V13B23-285_B1,1
GGTGAAGTACAGGGAT-1_V13B23-285_B1,1
GGTGAGATGCAGATAA-1_V13B23-285_B1,1
GGTGATAAGGAGCAGT-1_V13B23-285_B1,1
GGTGCAGAGCCTATCG-1_V13B23-285_B1,11
GGTGCGGATAAGTGGC-1_V13B23-285_B1,9
GGTGCTGATCACAAAG-1_V13B23-285_B1,1
GGTGCTGGTACACATT-1_V13B23-285_B1,2
GGTGGACTGCTCTGGC-1_V13B23-285_B1,1
GGTGGAGGTTGATACG-1_V13B23-285_B1,4
GGTGTTGGGCGTCTTA-1_V13B23-285_B1,1
GGTTACCACCCTCGGG-1_V13B23-285_B1,2
GGTTACCCGACACTTT-1_V13B23-285_B1,2
GGTTAGCTATATGTCT-1_V13B23-285_B1,1
GGTTAGGCTTGGAGAA-1_V13B23-285_B1,2
GGTTAGTTACGGCGCC-1_V13B23-285_B1,2
GGTTCGGATTATACTA-1_V13B23-285_B1,6
GGTTCTACTCGTCTGA-1_V13B23-285_B1,16
GGTTGTGCTCTTGTCC-1_V13B23-285_B1,2
GGTTGTGTAGCCTGGC-1_V13B23-285_B1,11
GGTTTAATTGAGCAGG-1_V13B23-285_B1,6
GGTTTACAATCTCAAT-1_V13B23-285_B1,3
GGTTTAGCCTTTCTTG-1_V13B23-285_B1,4
GGTTTCAATCGGTCAG-1_V13B23-285_B1,7
GGTTTGACAAGAAGCT-1_V13B23-285_B1,3
GGTTTGCGAACACGTA-1_V13B23-285_B1,6
GGTTTGTGACCTGAGG-1_V13B23-285_B1,4
GTAACATCTAAGATAA-1_V13B23-285_B1,4
GTAAGCGGGCAGTCAG-1_V13B23-285_B1,1
GTAAGGATTTGTCGGA-1_V13B23-285_B1,18
GTAAGTAACAGTCTGG-1_V13B23-285_B1,4
GTAAGTAGGGTATACC-1_V13B23-285_B1,1
GTAAGTCCACACTCTA-1_V13B23-285_B1,13
GTAATAAAGGGCTCCC-1_V13B23-285_B1,2
GTAATCTGATTCTTCG-1_V13B23-285_B1,1
GTACACTTACCTGAAG-1_V13B23-285_B1,1
GTACAGAGGCAAGGGT-1_V13B23-285_B1,1
GTACGACGGCGCTGCG-1_V13B23-285_B1,3
GTACGAGATTGCGACA-1_V13B23-285_B1,3
GTACGCTTCATTGCAC-1_V13B23-285_B1,1
GTACGTCACGTATTAA-1_V13B23-285_B1,6
GTACGTTTGCCCGTCA-1_V13B23-285_B1,1
GTACTAAGATTTGGAG-1_V13B23-285_B1,1
GTACTCCCTTATCGCT-1_V13B23-285_B1,1
GTACTCCTGGGTATGC-1_V13B23-285_B1,1
GTACTGGAGTTAGACC-1_V13B23-285_B1,9
GTACTTGGGCACTTCT-1_V13B23-285_B1,1
GTAGAAACGGGTGGAG-1_V13B23-285_B1,2
GTAGACGTCGTTACAT-1_V13B23-285_B1,5
GTAGAGGGAGACAAGT-1_V13B23-285_B1,11
GTAGCCAAACATGGGA-1_V13B23-285_B1,1
GTAGCGGCTATACACT-1_V13B23-285_B1,1
GTAGCTTCCTCTTGTT-1_V13B23-285_B1,3
GTAGGTGATCCGTGTA-1_V13B23-285_B1,9
GTAGTCGCGGGAATCA-1_V13B23-285_B1,4
GTATAATCTCCCGGAT-1_V13B23-285_B1,1
GTATAGGACTCAGTAG-1_V13B23-285_B1,3
GTATCAAACGTTAGCT-1_V13B23-285_B1,4
GTATCAGCTTGGGTTC-1_V13B23-285_B1,1
GTATCTCAGTCTTGAC-1_V13B23-285_B1,11
GTATCTTTCATAACCA-1_V13B23-285_B1,14
GTATGAAATTTCACTC-1_V13B23-285_B1,1
GTATGTGGGTCTAGTT-1_V13B23-285_B1,1
GTATTAAGGCGTCTAA-1_V13B23-285_B1,1
GTATTCTGAGAAACGA-1_V13B23-285_B1,2
GTATTTAATGGCATAA-1_V13B23-285_B1,12
GTCAAAGAAGTGGTGT-1_V13B23-285_B1,1
GTCAAAGTTTACATAG-1_V13B23-285_B1,1
GTCAAGCGGACTCGGG-1_V13B23-285_B1,1
GTCAATGCTATAATTT-1_V13B23-285_B1,1
GTCACTCTCCAAATCT-1_V13B23-285_B1,3
GTCAGAATAGTCTATG-1_V13B23-285_B1,1
GTCAGTTGTGCTCGTT-1_V13B23-285_B1,17
GTCAGTTTGGTAGTCG-1_V13B23-285_B1,2
GTCATCTCCTACAGCT-1_V13B23-285_B1,1
GTCATGCACCTCCGTT-1_V13B23-285_B1,1
GTCATGGACATGACTA-1_V13B23-285_B1,12
GTCATTAGAGCGAACG-1_V13B23-285_B1,1
GTCATTGCATTGACCC-1_V13B23-285_B1,1
GTCCATTACTGCTACG-1_V13B23-285_B1,4
GTCCCAACGTAAAGTA-1_V13B23-285_B1,8
GTCCCGCGACGTTATG-1_V13B23-285_B1,4
GTCCGAGAGCAATCAT-1_V13B23-285_B1,1
GTCCGGACCTGAAATT-1_V13B23-285_B1,1
GTCCGGCTGAATTGCG-1_V13B23-285_B1,3
GTCCTACAGGCGGCTC-1_V13B23-285_B1,1
GTCCTACGAATAGTCT-1_V13B23-285_B1,1
GTCCTACTCTACGGGC-1_V13B23-285_B1,3
GTCCTATTGTTGTGGT-1_V13B23-285_B1,1
GTCCTTCTAGTGGGTT-1_V13B23-285_B1,17
GTCGATAGGTGACTTT-1_V13B23-285_B1,1
GTCGCCGTTGTGTGTT-1_V13B23-285_B1,2
GTCGCGTAACCCGTTG-1_V13B23-285_B1,1
GTCGGAAGGATACCAG-1_V13B23-285_B1,10
GTCGGATATCTCAGAC-1_V13B23-285_B1,1
GTCGGATGTAGCGCGC-1_V13B23-285_B1,5
GTCGGGAAGCAGAAAC-1_V13B23-285_B1,11
GTCGTACCATCTCGGG-1_V13B23-285_B1,1
GTCGTATTGGCGTACA-1_V13B23-285_B1,9
GTCGTCTGGTTGGCTA-1_V13B23-285_B1,2
GTCGTGTCTGGTCATC-1_V13B23-285_B1,10
GTCGTTATTCGCTTAT-1_V13B23-285_B1,1
GTCTACTCAATTACAA-1_V13B23-285_B1,3
GTCTATCTGAGTTTCT-1_V13B23-285_B1,1
GTCTATTGGTTCCGGT-1_V13B23-285_B1,1
GTCTCAAGGCCCGGCT-1_V13B23-285_B1,12
GTCTCCTGCCAGTATG-1_V13B23-285_B1,2
GTCTCGACTAAGTTTG-1_V13B23-285_B1,3
GTCTCGATCTGCTTTC-1_V13B23-285_B1,9
GTCTGGGCGGTCGAGA-1_V13B23-285_B1,2
GTCTTAGTACAGCCGG-1_V13B23-285_B1,13
GTCTTGAGGAGCAGTG-1_V13B23-285_B1,4
GTCTTGTAGCTATTCA-1_V13B23-285_B1,1
GTGAAACGGCGCCACC-1_V13B23-285_B1,3
GTGAACTCCCATTCGA-1_V13B23-285_B1,3
GTGAAGATTTCAAGTG-1_V13B23-285_B1,3
GTGAAGCCGTATAGTC-1_V13B23-285_B1,9
GTGAAGTCACGACTCG-1_V13B23-285_B1,2
GTGACCGCACACTACG-1_V13B23-285_B1,4
GTGACCTAAAGAATAA-1_V13B23-285_B1,2
GTGACGAGGGTGACCC-1_V13B23-285_B1,2
GTGACTTCAGTAGTGC-1_V13B23-285_B1,2
GTGAGCGTGCTGCACT-1_V13B23-285_B1,1
GTGAGGACACTTAAGG-1_V13B23-285_B1,1
GTGAGGAGCGGTTGAG-1_V13B23-285_B1,5
GTGAGTCTAAGACGGA-1_V13B23-285_B1,11
GTGAGTGGTACAACGC-1_V13B23-285_B1,1
GTGATCACTAACGCCT-1_V13B23-285_B1,4
GTGATCATAGATCTGC-1_V13B23-285_B1,1
GTGATCCTTGTCATGA-1_V13B23-285_B1,1
GTGATGCACAACATCT-1_V13B23-285_B1,10
GTGATTCGCCGCTCAA-1_V13B23-285_B1,14
GTGCACGAAAGTGACT-1_V13B23-285_B1,9
GTGCAGCGTAGAGTAG-1_V13B23-285_B1,4
GTGCCATCACACGGTG-1_V13B23-285_B1,1
GTGCCCGTTCGGATTC-1_V13B23-285_B1,4
GTGCCGCTTCAAAGGT-1_V13B23-285_B1,1
GTGCCTAGCTATGCTT-1_V13B23-285_B1,1
GTGCCTCAGTGTACGG-1_V13B23-285_B1,3
GTGCGAAATCGAACAC-1_V13B23-285_B1,10
GTGCGACAGGGAGTGT-1_V13B23-285_B1,4
GTGCGGGTCTCCAAAT-1_V13B23-285_B1,1
GTGCGTGTATATGAGC-1_V13B23-285_B1,4
GTGCTCAAGTACTGTC-1_V13B23-285_B1,1
GTGCTGCAGATAAGGA-1_V13B23-285_B1,6
GTGCTTACATCAGCGC-1_V13B23-285_B1,4
GTGGAACCTACATGCG-1_V13B23-285_B1,13
GTGGACCAACCCGATT-1_V13B23-285_B1,1
GTGGACGCATTTGTCC-1_V13B23-285_B1,10
GTGGACGTGCTGAGAC-1_V13B23-285_B1,1
GTGGAGCATGTCGGCC-1_V13B23-285_B1,1
GTGGAGCGTTTACCGA-1_V13B23-285_B1,2
GTGGAGTCGGCGGTTG-1_V13B23-285_B1,1
GTGGCAAACAGCGGCA-1_V13B23-285_B1,1
GTGGCGGTCCCAGCGT-1_V13B23-285_B1,1
GTGGGAAGACTGAATC-1_V13B23-285_B1,3
GTGGGCTTAGACACAC-1_V13B23-285_B1,8
GTGGTATAGTCTGCCG-1_V13B23-285_B1,3
GTGGTGATGGTTTGTG-1_V13B23-285_B1,3
GTGGTGGCCAAGTGAA-1_V13B23-285_B1,4
GTGGTTACTTCTTTCG-1_V13B23-285_B1,2
GTGGTTTCCGCCTTTC-1_V13B23-285_B1,1
GTGTACCTTGGCTACG-1_V13B23-285_B1,10
GTGTACGAACCGTTCC-1_V13B23-285_B1,1
GTGTATATCAGCGGGC-1_V13B23-285_B1,1
GTGTCGTATAGCGTTC-1_V13B23-285_B1,1
GTGTGAATAACTTAGG-1_V13B23-285_B1,1
GTGTTACTATGCGTCC-1_V13B23-285_B1,1
GTTAAAGTAGGACTGG-1_V13B23-285_B1,4
GTTAACATCACTTAAA-1_V13B23-285_B1,1
GTTAACTATGTTGTCA-1_V13B23-285_B1,4
GTTAAGGGTGCGATGT-1_V13B23-285_B1,1
GTTAAGTTAGAGTGGG-1_V13B23-285_B1,4
GTTAATGTCTATCTTA-1_V13B23-285_B1,2
GTTACAATTGGTGACG-1_V13B23-285_B1,1
GTTACCTACAACTTGC-1_V13B23-285_B1,1
GTTACTTTGGGCCTAG-1_V13B23-285_B1,1
GTTAGCCGTAAATCAA-1_V13B23-285_B1,2
GTTAGGCTACCCGTTT-1_V13B23-285_B1,2
GTTATAATACGGTGAA-1_V13B23-285_B1,1
GTTATATCAGGAGCCA-1_V13B23-285_B1,10
GTTATATTATCTCCCT-1_V13B23-285_B1,1
GTTATTAACGTGGGAG-1_V13B23-285_B1,1
GTTCACAGGAGTCTAG-1_V13B23-285_B1,1
GTTCATCGTTTGGCTG-1_V13B23-285_B1,2
GTTCCAGTCTGACCAT-1_V13B23-285_B1,6
GTTCCCGTAAACATAT-1_V13B23-285_B1,4
GTTCGCCATAAGTGCC-1_V13B23-285_B1,1
GTTCGCTGAGACGTCT-1_V13B23-285_B1,4
GTTCGGATCGGGAACA-1_V13B23-285_B1,1
GTTCGGGCGTACCATT-1_V13B23-285_B1,10
GTTCGTCTAAAGAACT-1_V13B23-285_B1,4
GTTCGTCTGGGTCCCT-1_V13B23-285_B1,2
GTTCTTCCCTCGATGT-1_V13B23-285_B1,9
GTTGAACCGGTTCCAT-1_V13B23-285_B1,2
GTTGAGTCCCGCCGGT-1_V13B23-285_B1,12
GTTGCACGGAGTTTCG-1_V13B23-285_B1,1
GTTGCAGTCGACAACA-1_V13B23-285_B1,1
GTTGCGCTAACATTAC-1_V13B23-285_B1,3
GTTGCGGACGGTCAGG-1_V13B23-285_B1,7
GTTGGACCGCATCAGG-1_V13B23-285_B1,3
GTTGGATTCAGTGGCT-1_V13B23-285_B1,11
GTTGGATTGAGAACAC-1_V13B23-285_B1,1
GTTGGATTTGCGTTGG-1_V13B23-285_B1,1
GTTGGTCATGCTATCC-1_V13B23-285_B1,10
GTTGTCGTGTTAGTTG-1_V13B23-285_B1,5
GTTGTTACATTGCGCT-1_V13B23-285_B1,8
GTTTACGTTCCATCTG-1_V13B23-285_B1,1
GTTTATGGGATTTAGA-1_V13B23-285_B1,10
GTTTCAAACGAGTTGT-1_V13B23-285_B1,4
GTTTCATATCGTCGCT-1_V13B23-285_B1,1
GTTTCCTGGAGGGTGA-1_V13B23-285_B1,1
GTTTCTGCAGTCTCCC-1_V13B23-285_B1,1
GTTTGACCAAATCCTA-1_V13B23-285_B1,14
GTTTGGCCCAAGTTAT-1_V13B23-285_B1,4
GTTTGGCCGCTCAGCG-1_V13B23-285_B1,6
GTTTGGGCTTGTGAGC-1_V13B23-285_B1,3
GTTTGGTAGGGTCAAC-1_V13B23-285_B1,1
TAAACCCAGGAGGGCA-1_V13B23-285_B1,1
TAAACGTCGTCAATGA-1_V13B23-285_B1,1
TAAAGACAACCCTTTA-1_V13B23-285_B1,1
TAAAGCGTTAGGAGAA-1_V13B23-285_B1,1
TAAAGCTGCAATAGGG-1_V13B23-285_B1,3
TAAATCTTTACACCTC-1_V13B23-285_B1,2
TAAATGAATCCGTTTC-1_V13B23-285_B1,3
TAAATGCCGTCTCATG-1_V13B23-285_B1,6
TAACAAAGGGAGAAGC-1_V13B23-285_B1,1
TAACAATATTTGTTGC-1_V13B23-285_B1,6
TAACATACAATGTGGG-1_V13B23-285_B1,1
TAACATACACGCGATC-1_V13B23-285_B1,12
TAACCTACCGTCCGAG-1_V13B23-285_B1,4
TAACCTAGGGAGTCCA-1_V13B23-285_B1,1
TAACGCTTTGAGAGCG-1_V13B23-285_B1,2
TAACTATCGAAGGTCC-1_V13B23-285_B1,1
TAACTATTACGCCAAA-1_V13B23-285_B1,12
TAACTCATCCGCGCGG-1_V13B23-285_B1,2
TAACTCCATGGAGGCT-1_V13B23-285_B1,3
TAAGCAGGCGACACGC-1_V13B23-285_B1,1
TAAGCCCTTACGACCA-1_V13B23-285_B1,2
TAAGGAACTTGTGGGA-1_V13B23-285_B1,1
TAAGGCAACATAAGAT-1_V13B23-285_B1,1
TAAGGCATAACATCAA-1_V13B23-285_B1,2
TAAGGCCCGTCACCCT-1_V13B23-285_B1,3
TAAGGCTGAATCCCTC-1_V13B23-285_B1,1
TAAGGGCCTGTCCGAT-1_V13B23-285_B1,1
TAAGGGCTGGGAGAGG-1_V13B23-285_B1,1
TAAGTAACATCTTGAC-1_V13B23-285_B1,1
TAAGTCGCCGAGTATC-1_V13B23-285_B1,1
TAAGTTGCGACGTAGG-1_V13B23-285_B1,1
TAATAAACAAGGAGAT-1_V13B23-285_B1,15
TAATACACAGTAGTAT-1_V13B23-285_B1,9
TAATAGAACAGAGTTA-1_V13B23-285_B1,2
TAATAGCTAAATGATG-1_V13B23-285_B1,3
TAATAGGTCACCAGAA-1_V13B23-285_B1,1
TAATAGTGACGACCAG-1_V13B23-285_B1,2
TAATATTGAAATTCGC-1_V13B23-285_B1,1
TAATCAACCAAATGGG-1_V13B23-285_B1,4
TAATCGATCCGTACGT-1_V13B23-285_B1,2
TAATGAAAGACCCTTG-1_V13B23-285_B1,2
TAATTACGTCAGTAGA-1_V13B23-285_B1,1
TAATTAGGACATCCGT-1_V13B23-285_B1,1
TAATTGGAATCGGGAA-1_V13B23-285_B1,3
TACAACGCACAACTCA-1_V13B23-285_B1,3
TACAAGTCTCGTGCAT-1_V13B23-285_B1,1
TACACCGTCGTTAGTC-1_V13B23-285_B1,2
TACAGAAACGGTGGGC-1_V13B23-285_B1,1
TACATAGGCATACACC-1_V13B23-285_B1,1
TACATCCCTATCCCTG-1_V13B23-285_B1,1
TACATGCCGGAATTGT-1_V13B23-285_B1,1
TACATTTCTAACGTGC-1_V13B23-285_B1,10
TACCAAATAGCCCAGA-1_V13B23-285_B1,1
TACCAATAAAGTACCA-1_V13B23-285_B1,1
TACCAGAAGTAGGTTC-1_V13B23-285_B1,1
TACCAGCTAGGTTTAA-1_V13B23-285_B1,18
TACCATGTATTGATTT-1_V13B23-285_B1,3
TACCGCGGACTTGCAG-1_V13B23-285_B1,1
TACCGGCTCACTGCCC-1_V13B23-285_B1,14
TACCGGTCGTTTCCAT-1_V13B23-285_B1,1
TACCGTAGGTTAACTA-1_V13B23-285_B1,2
TACCGTGCCTCGGACC-1_V13B23-285_B1,4
TACCTACTCCCAGTAT-1_V13B23-285_B1,2
TACCTCACGCTTGTAC-1_V13B23-285_B1,9
TACCTCAGTTGTCTGT-1_V13B23-285_B1,1
TACCTGCTGCACTGTG-1_V13B23-285_B1,1
TACCTTAAGATTTCCC-1_V13B23-285_B1,2
TACGAACACGACTTCA-1_V13B23-285_B1,1
TACGACGCTTGCTGCG-1_V13B23-285_B1,1
TACGACTGCCTCTTAG-1_V13B23-285_B1,1
TACGAGAACTTCACGT-1_V13B23-285_B1,1
TACGATGTTGATCATC-1_V13B23-285_B1,1
TACGCAGTTCTTTCCT-1_V13B23-285_B1,1
TACGCCATATTCTAAT-1_V13B23-285_B1,3
TACGCCGAGGGTACCC-1_V13B23-285_B1,2
TACGCCGCCTCAGAAG-1_V13B23-285_B1,1
TACGCCTCCATTCCGA-1_V13B23-285_B1,2
TACGCTATAGAAACCT-1_V13B23-285_B1,4
TACGCTCGGTATTGGA-1_V13B23-285_B1,12
TACGGGATGCTAGCAG-1_V13B23-285_B1,1
TACGTACTAGTGCTGA-1_V13B23-285_B1,1
TACGTGCAAGGTTCCT-1_V13B23-285_B1,2
TACGTGCACTATGCTG-1_V13B23-285_B1,1
TACGTTTACCGGCAAT-1_V13B23-285_B1,1
TACTATGGTTCCTCAG-1_V13B23-285_B1,1
TACTCGGCACGCCGGG-1_V13B23-285_B1,3
TACTCTCCGAACAAAT-1_V13B23-285_B1,9
TACTCTTACTTTACTG-1_V13B23-285_B1,1
TACTCTTTCGTCTTCA-1_V13B23-285_B1,10
TACTGAACAGATTTAG-1_V13B23-285_B1,1
TACTGAGGGAAGAAAG-1_V13B23-285_B1,3
TACTGCAATCAATTAC-1_V13B23-285_B1,3
TACTGGACAGCTCGGC-1_V13B23-285_B1,14
TACTGTTTCTCTGGTA-1_V13B23-285_B1,1
TACTTGTTAGTAGTCC-1_V13B23-285_B1,4
TACTTTACTGAGCCGG-1_V13B23-285_B1,11
TACTTTCCGCACGCCA-1_V13B23-285_B1,2
TAGAAAGGTGGCGCTA-1_V13B23-285_B1,3
TAGAATAGCCGATGAA-1_V13B23-285_B1,1
TAGAATTAAGGGCAAC-1_V13B23-285_B1,17
TAGACGCCCGTACCGG-1_V13B23-285_B1,1
TAGACTACCTAGCGTT-1_V13B23-285_B1,4
TAGAGATCATGCAACT-1_V13B23-285_B1,2
TAGAGCTACGAAGAAC-1_V13B23-285_B1,18
TAGAGGTTCTACTTGT-1_V13B23-285_B1,1
TAGAGTCTAAGCGAAC-1_V13B23-285_B1,1
TAGATATGGACTGGAA-1_V13B23-285_B1,2
TAGATCCGAAGTCGCA-1_V13B23-285_B1,17
TAGATGGTTCCTTACT-1_V13B23-285_B1,6
TAGATTCCTGGTTATT-1_V13B23-285_B1,2
TAGCAACCTGTCACAA-1_V13B23-285_B1,1
TAGCCATTTCAAAGTC-1_V13B23-285_B1,4
TAGCCGGCGGTCAGCG-1_V13B23-285_B1,1
TAGCGTCCCTCGATTG-1_V13B23-285_B1,4
TAGCGTCCGGTGTGGT-1_V13B23-285_B1,1
TAGCGTTGGGTCTTAC-1_V13B23-285_B1,1
TAGCTAAGTCCGGGAG-1_V13B23-285_B1,1
TAGCTAGAAGGCATGA-1_V13B23-285_B1,1
TAGCTAGTGATGATGG-1_V13B23-285_B1,2
TAGCTCGCCTGATAAC-1_V13B23-285_B1,1
TAGCTGATGTGAAGCG-1_V13B23-285_B1,11
TAGGCATGTTACGCCA-1_V13B23-285_B1,1
TAGGGAGCTTGGGATG-1_V13B23-285_B1,3
TAGGGTGTTTCAAGAG-1_V13B23-285_B1,6
TAGGTCCAAGTAAGGA-1_V13B23-285_B1,1
TAGGTCGCCGGAACTG-1_V13B23-285_B1,11
TAGGTGACGATAACCT-1_V13B23-285_B1,1
TAGGTGAGCCCTACTC-1_V13B23-285_B1,1
TAGGTGCTCGCCTAGC-1_V13B23-285_B1,4
TAGGTGTTCCACAGAT-1_V13B23-285_B1,2
TAGGTTCGAGTTCGTC-1_V13B23-285_B1,1
TAGTACCTTAGTGGTC-1_V13B23-285_B1,1
TAGTAGCTTATACCAG-1_V13B23-285_B1,7
TAGTCCGCAGAGAATG-1_V13B23-285_B1,1
TAGTCCGTATGCATAA-1_V13B23-285_B1,14
TAGTCGATCACGGGTT-1_V13B23-285_B1,1
TAGTCTAACAACGAGA-1_V13B23-285_B1,1
TAGTCTGTGACGTTGC-1_V13B23-285_B1,2
TAGTCTTTCCGAATTG-1_V13B23-285_B1,7
TAGTGCCCTCCAGAGT-1_V13B23-285_B1,1
TAGTGTCAGAAACGGC-1_V13B23-285_B1,1
TAGTTAAGATAGGATA-1_V13B23-285_B1,5
TAGTTTATTCTTGCTT-1_V13B23-285_B1,5
TATAAATCCACAAGCT-1_V13B23-285_B1,1
TATAAGTGAGGATAGC-1_V13B23-285_B1,1
TATACACAGACGCCTT-1_V13B23-285_B1,1
TATACACGCAAAGTAT-1_V13B23-285_B1,1
TATACCGAGTGCCACA-1_V13B23-285_B1,12
TATACGCGTCATCACT-1_V13B23-285_B1,11
TATACTCATGCGGCAA-1_V13B23-285_B1,2
TATAGATGGTCGCAGT-1_V13B23-285_B1,4
TATAGCGCACGTTATC-1_V13B23-285_B1,6
TATAGGGTACTCATGA-1_V13B23-285_B1,1
TATATATCGAGAAATG-1_V13B23-285_B1,1
TATATCCCTGGGAGGA-1_V13B23-285_B1,1
TATATGCTGGGTTGCC-1_V13B23-285_B1,2
TATATTACAAATGTCG-1_V13B23-285_B1,2
TATCACCATGTAAAGT-1_V13B23-285_B1,9
TATCACCCAACCGACC-1_V13B23-285_B1,6
TATCACTTCGAGTAAC-1_V13B23-285_B1,6
TATCCAATTGGTTATC-1_V13B23-285_B1,1
TATCCATATCATGCGA-1_V13B23-285_B1,1
TATCCATCTCGGTTAG-1_V13B23-285_B1,1
TATCCGCACCGTCGGG-1_V13B23-285_B1,2
TATCCTGCATGGGAAT-1_V13B23-285_B1,5
TATCGATCTATGCATA-1_V13B23-285_B1,9
TATCGATGATTAAACG-1_V13B23-285_B1,6
TATCTACAGAGGTAAT-1_V13B23-285_B1,2
TATCTACCACAGCGGG-1_V13B23-285_B1,1
TATCTAGCCTAAAGGA-1_V13B23-285_B1,11
TATCTTGCAATACAAC-1_V13B23-285_B1,1
TATGAAGACAGGTGCG-1_V13B23-285_B1,1
TATGATCCGGCACGCC-1_V13B23-285_B1,2
TATGATCTTCTCTTTA-1_V13B23-285_B1,1
TATGCTCCCTACTTAC-1_V13B23-285_B1,1
TATGGATGTGCTACGC-1_V13B23-285_B1,2
TATGGCCCGGCCTCGC-1_V13B23-285_B1,1
TATGGCTAGGCTAATT-1_V13B23-285_B1,2
TATGGGACCGAGCAGG-1_V13B23-285_B1,1
TATGGGTACGTATCGT-1_V13B23-285_B1,1
TATGGTCTGAGTAACA-1_V13B23-285_B1,4
TATGGTTAGTGGGAGA-1_V13B23-285_B1,1
TATGTAGAAACCCGGC-1_V13B23-285_B1,3
TATGTCAAGACCGACT-1_V13B23-285_B1,3
TATGTCTCATTGTGCC-1_V13B23-285_B1,2
TATTAACCTGACCGCG-1_V13B23-285_B1,2
TATTACCATCCTGCTT-1_V13B23-285_B1,1
TATTATGTTTGCCTGC-1_V13B23-285_B1,11
TATTCAATTCTAATCC-1_V13B23-285_B1,15
TATTCCACTCAGCTCG-1_V13B23-285_B1,1
TATTCCGAGCTGTTAT-1_V13B23-285_B1,1
TATTCCTCCGCCCACT-1_V13B23-285_B1,2
TATTCGTGCCAGAATA-1_V13B23-285_B1,4
TATTGACATTTCTGCC-1_V13B23-285_B1,1
TATTTAGTCTAGATCG-1_V13B23-285_B1,9
TATTTATACCGAGTAG-1_V13B23-285_B1,5
TATTTGATTTGCACAG-1_V13B23-285_B1,7
TATTTGTTACCCTTTA-1_V13B23-285_B1,1
TCAAACAACCGCGTCG-1_V13B23-285_B1,3
TCAAACTTAGATTGTT-1_V13B23-285_B1,1
TCAAATTTGAGACTCA-1_V13B23-285_B1,10
TCAACAAAGATAATTC-1_V13B23-285_B1,10
TCAACATAGCGCCCTA-1_V13B23-285_B1,1
TCAACATCGACCGAGA-1_V13B23-285_B1,2
TCAACCATGTTCGGGC-1_V13B23-285_B1,3
TCAACGAGGAGACAAA-1_V13B23-285_B1,1
TCAACGCAGGAAATAA-1_V13B23-285_B1,7
TCAACGCGACCGGCAG-1_V13B23-285_B1,1
TCAACTAACGTATAAC-1_V13B23-285_B1,2
TCAACTGCAGAGTCAG-1_V13B23-285_B1,4
TCAAGAAATACTAGCT-1_V13B23-285_B1,4
TCAAGCGCGGACGGTA-1_V13B23-285_B1,4
TCAAGCTGCCTTGAAA-1_V13B23-285_B1,2
TCAAGGTTACTACACC-1_V13B23-285_B1,1
TCACAAACCGAGGTAC-1_V13B23-285_B1,12
TCACAGATCCTCAAAC-1_V13B23-285_B1,9
TCACAGCAAACTCGAA-1_V13B23-285_B1,1
TCACAGGAGAATAAGA-1_V13B23-285_B1,1
TCACAGGGAATCGCAA-1_V13B23-285_B1,1
TCACAGGTTATTGGGC-1_V13B23-285_B1,1
TCACATCTTATCTGAT-1_V13B23-285_B1,2
TCACCCTCTTAAGATT-1_V13B23-285_B1,1
TCACCGCTCGGCACTC-1_V13B23-285_B1,1
TCACGATGTCCGTGGA-1_V13B23-285_B1,1
TCACGCATTGTAGATC-1_V13B23-285_B1,1
TCACGGTCATCGCACA-1_V13B23-285_B1,1
TCACGTGCCCGATTCA-1_V13B23-285_B1,1
TCACTACGACCAATGC-1_V13B23-285_B1,1
TCACTCGTGCAACGGC-1_V13B23-285_B1,2
TCACTCTTCGTCTGTC-1_V13B23-285_B1,10
TCAGAACCTCCACAGG-1_V13B23-285_B1,2
TCAGACGCTATAGAAG-1_V13B23-285_B1,1
TCAGAGTGTGAGCATG-1_V13B23-285_B1,2
TCAGCAAATGCATCTC-1_V13B23-285_B1,7
TCAGCAGTAGGCCCTG-1_V13B23-285_B1,2
TCAGGGCGCAAACTCG-1_V13B23-285_B1,1
TCAGGGTGTAACGTAA-1_V13B23-285_B1,1
TCAGGTTCTTTGAGAA-1_V13B23-285_B1,1
TCAGTACTGACCCGCG-1_V13B23-285_B1,1
TCAGTAGGGACTATAA-1_V13B23-285_B1,12
TCAGTGTATACGTCAT-1_V13B23-285_B1,11
TCATAAGTCCAAGAAG-1_V13B23-285_B1,1
TCATACTTACAGATCC-1_V13B23-285_B1,2
TCATCACTCGAGCTCG-1_V13B23-285_B1,3
TCATCCCAGAGGGTGG-1_V13B23-285_B1,17
TCATCGATGGTCCCAA-1_V13B23-285_B1,2
TCATGCAGGTTCTCAT-1_V13B23-285_B1,7
TCATTTAAGTCTCCGA-1_V13B23-285_B1,1
TCATTTAGAAGTGTGA-1_V13B23-285_B1,1
TCCAACTTTAAATTCT-1_V13B23-285_B1,1
TCCACAATGGTTTACG-1_V13B23-285_B1,1
TCCACCTCTAGCCTTT-1_V13B23-285_B1,2
TCCACTTTATCTAGGT-1_V13B23-285_B1,4
TCCAGAGCACCGGTTC-1_V13B23-285_B1,1
TCCAGATGTACGCCAA-1_V13B23-285_B1,1
TCCAGCGCTATAAGCG-1_V13B23-285_B1,12
TCCAGGCGAGTACGGT-1_V13B23-285_B1,1
TCCAGGGTATATACGA-1_V13B23-285_B1,2
TCCATTCCCACTAGAG-1_V13B23-285_B1,1
TCCATTGTGACCTCGT-1_V13B23-285_B1,18
TCCCAAACAGACAACG-1_V13B23-285_B1,6
TCCCAAAGACGAAGGA-1_V13B23-285_B1,1
TCCCAAAGCCCTAAAT-1_V13B23-285_B1,4
TCCCACTCTCTTCCGG-1_V13B23-285_B1,9
TCCCAGCACACGACAT-1_V13B23-285_B1,2
TCCCAGCTTTAGTCTG-1_V13B23-285_B1,1
TCCCAGGCTTAGCTAA-1_V13B23-285_B1,1
TCCCGCCTATGTGCGT-1_V13B23-285_B1,2
TCCCGCGTACTCCTGG-1_V13B23-285_B1,2
TCCCGGGTGTGCTGCT-1_V13B23-285_B1,1
TCCCGTCAGTCCCGCA-1_V13B23-285_B1,14
TCCCGTCGCGTCATAG-1_V13B23-285_B1,10
TCCCGTGTGCAATTTG-1_V13B23-285_B1,4
TCCCTAGATCAATAGG-1_V13B23-285_B1,3
TCCCTGGCGTATTAAC-1_V13B23-285_B1,2
TCCCTGGCTCGCTGGA-1_V13B23-285_B1,1
TCCCTTAGATTACTCG-1_V13B23-285_B1,14
TCCGAACGTTGCCGCT-1_V13B23-285_B1,1
TCCGAACTTGGCTTAC-1_V13B23-285_B1,1
TCCGAAGTAGTCACCA-1_V13B23-285_B1,6
TCCGAATGGTCCTGAG-1_V13B23-285_B1,10
TCCGATAATTGCCATA-1_V13B23-285_B1,3
TCCGATGACTGAGCTC-1_V13B23-285_B1,9
TCCGATGGTGCGACAT-1_V13B23-285_B1,1
TCCGATTACATTGCCG-1_V13B23-285_B1,1
TCCGCCTGTCTACAAG-1_V13B23-285_B1,1
TCCGCGGCAGCATCTG-1_V13B23-285_B1,8
TCCGCGGCCCAATGAA-1_V13B23-285_B1,1
TCCGCTGTCATCCCGG-1_V13B23-285_B1,1
TCCGCTTATCCCATTA-1_V13B23-285_B1,1
TCCGGAGGAAGGGCTG-1_V13B23-285_B1,3
TCCGGCCTAGCGTACA-1_V13B23-285_B1,2
TCCGGCTGTCGGGTCG-1_V13B23-285_B1,7
TCCGGTTCGTCCGGTC-1_V13B23-285_B1,1
TCCGTAACCACAATCC-1_V13B23-285_B1,1
TCCGTTAAGCTAATAT-1_V13B23-285_B1,1
TCCGTTTAGCCTTGAA-1_V13B23-285_B1,10
TCCTAAATTGGGAAGC-1_V13B23-285_B1,6
TCCTAACCGTCGGGCA-1_V13B23-285_B1,3
TCCTACATCCACGGCC-1_V13B23-285_B1,1
TCCTAGCAAAGAAGCT-1_V13B23-285_B1,1
TCCTATCATAGGTAAC-1_V13B23-285_B1,4
TCCTCCTAAGACATTC-1_V13B23-285_B1,2
TCCTCGGGCTGGGCTT-1_V13B23-285_B1,12
TCCTCTACGAGATGGC-1_V13B23-285_B1,1
TCCTCTCCAGTTGTCC-1_V13B23-285_B1,11
TCCTCTGGCCCATTAG-1_V13B23-285_B1,5
TCCTGCCAACTGGAGA-1_V13B23-285_B1,9
TCCTGCGTTGATACTC-1_V13B23-285_B1,1
TCCTGGCGCTGCCTGG-1_V13B23-285_B1,3
TCCTTACGACGGTCCG-1_V13B23-285_B1,1
TCCTTCAGTGGTCGAA-1_V13B23-285_B1,13
TCCTTTAAATCCGCTT-1_V13B23-285_B1,1
TCCTTTCTTACGCTTA-1_V13B23-285_B1,1
TCGAAATTTAGGACCA-1_V13B23-285_B1,3
TCGAAGAACCGAGCAC-1_V13B23-285_B1,4
TCGAATATCCCGCAGG-1_V13B23-285_B1,10
TCGACAACTGAACCCG-1_V13B23-285_B1,7
TCGAGACCAACACCGT-1_V13B23-285_B1,7
TCGAGCCAGGCAGGCC-1_V13B23-285_B1,11
TCGAGGGCAACAGACG-1_V13B23-285_B1,1
TCGCAAAGATGCATTT-1_V13B23-285_B1,4
TCGCACCAGGAGGCAG-1_V13B23-285_B1,1
TCGCATCCCTAAGTGT-1_V13B23-285_B1,1
TCGCCGAAGTTGCGTC-1_V13B23-285_B1,2
TCGCCGGTCGATCCGT-1_V13B23-285_B1,5
TCGCGTAGCAGTGTCC-1_V13B23-285_B1,11
TCGCGTCCAGAAGGTC-1_V13B23-285_B1,1
TCGCTAAACCGCTATC-1_V13B23-285_B1,9
TCGCTCGATATATTCC-1_V13B23-285_B1,1
TCGCTCGGCACCAGCG-1_V13B23-285_B1,1
TCGCTGGGCGGATTGT-1_V13B23-285_B1,1
TCGCTGTGCGTAAATC-1_V13B23-285_B1,1
TCGCTTAATTACGAAG-1_V13B23-285_B1,8
TCGCTTTAAACGTTTG-1_V13B23-285_B1,1
TCGGAATGCGCTCTGA-1_V13B23-285_B1,2
TCGGACGCCCAGCCCA-1_V13B23-285_B1,4
TCGGAGAGTATCGGGA-1_V13B23-285_B1,2
TCGGAGTACATGAGTA-1_V13B23-285_B1,4
TCGGCGAACCCAAACC-1_V13B23-285_B1,3
TCGGCGTACTGCACAA-1_V13B23-285_B1,2
TCGGCTTGTATCGACG-1_V13B23-285_B1,1
TCGGGAACGTGCCTAG-1_V13B23-285_B1,2
TCGGGAGACAGCGTAC-1_V13B23-285_B1,1
TCGGGATTCAAACATA-1_V13B23-285_B1,2
TCGGGCCGTCGTGGTA-1_V13B23-285_B1,4
TCGGTCCCGACAATAG-1_V13B23-285_B1,11
TCGGTCCCTGACTCCA-1_V13B23-285_B1,9
TCGGTGACCGCTCCGG-1_V13B23-285_B1,2
TCGTAAGACGACATTG-1_V13B23-285_B1,2
TCGTAAGCTCCGAGGA-1_V13B23-285_B1,6
TCGTATAGTGCAATTA-1_V13B23-285_B1,18
TCGTATTACCCATTGC-1_V13B23-285_B1,2
TCGTCAAGTACGCGCA-1_V13B23-285_B1,1
TCGTCACACTGTTAGC-1_V13B23-285_B1,1
TCGTCCGCTGGCGTCT-1_V13B23-285_B1,1
TCGTCTTAGGCGTTAA-1_V13B23-285_B1,1
TCGTGTACTATGGATG-1_V13B23-285_B1,11
TCGTGTATTGGTCACG-1_V13B23-285_B1,2
TCGTGTCACGCTGACA-1_V13B23-285_B1,6
TCGTGTTCGACCACAA-1_V13B23-285_B1,1
TCGTTAGGAGTCCCTA-1_V13B23-285_B1,1
TCGTTGCTATCCGGTC-1_V13B23-285_B1,1
TCTAATACTGCCTCAG-1_V13B23-285_B1,1
TCTACCCAATAGAGAG-1_V13B23-285_B1,4
TCTACCGTCCACAAGC-1_V13B23-285_B1,1
TCTACGGGCTCAGTTG-1_V13B23-285_B1,11
TCTAGCAATCTCCGCC-1_V13B23-285_B1,2
TCTAGCATCTTCGATG-1_V13B23-285_B1,1
TCTAGCATGCCCAGAA-1_V13B23-285_B1,2
TCTAGGTGGCGACGCT-1_V13B23-285_B1,1
TCTAGTGATATCGTGG-1_V13B23-285_B1,4
TCTAGTTATCAGAAGA-1_V13B23-285_B1,1
TCTATCATGCAGTTAC-1_V13B23-285_B1,7
TCTATCGGTCGCAACA-1_V13B23-285_B1,6
TCTATTACGCTGGCGA-1_V13B23-285_B1,1
TCTATTACTAGAGGAT-1_V13B23-285_B1,1
TCTCATGAGATAGGGT-1_V13B23-285_B1,1
TCTCCAACGTAGGTTA-1_V13B23-285_B1,7
TCTCCACAAGTTGAAT-1_V13B23-285_B1,2
TCTCCCTGGGCAGCGT-1_V13B23-285_B1,1
TCTCGAACGAGGTCAC-1_V13B23-285_B1,3
TCTCGACGTATCGCCG-1_V13B23-285_B1,1
TCTCGAGGAGGTTCGC-1_V13B23-285_B1,1
TCTCGGCTCCAGGACT-1_V13B23-285_B1,14
TCTCTAATAGCTGGTA-1_V13B23-285_B1,1
TCTCTCGCCGCACATA-1_V13B23-285_B1,1
TCTGAACCGGTCGGCT-1_V13B23-285_B1,1
TCTGAACTCGTACCCG-1_V13B23-285_B1,4
TCTGAAGCACGTGGTC-1_V13B23-285_B1,1
TCTGAATTCCGTACAA-1_V13B23-285_B1,4
TCTGACGGGCTAACCC-1_V13B23-285_B1,3
TCTGAGCAATTGACTG-1_V13B23-285_B1,4
TCTGATCGGGTGCTAG-1_V13B23-285_B1,1
TCTGATGTATTCTGTC-1_V13B23-285_B1,1
TCTGATTGGAAATGGA-1_V13B23-285_B1,1
TCTGCACCATTAGTAA-1_V13B23-285_B1,2
TCTGCATACCTTGCTT-1_V13B23-285_B1,1
TCTGCCAGAAACTGCA-1_V13B23-285_B1,12
TCTGCGAATCGTTCGC-1_V13B23-285_B1,3
TCTGCGTCCGGTTTCT-1_V13B23-285_B1,4
TCTGCTTAGAACAAGC-1_V13B23-285_B1,4
TCTGGAGCGTAAGAGT-1_V13B23-285_B1,10
TCTGGCCGTTCAAGTT-1_V13B23-285_B1,1
TCTGGGAACCTTTGAA-1_V13B23-285_B1,4
TCTGGGTAGCGCTCAT-1_V13B23-285_B1,1
TCTGTGCCATCATAGT-1_V13B23-285_B1,1
TCTGTTACCCAGCATA-1_V13B23-285_B1,2
TCTTACAGAGGTACCG-1_V13B23-285_B1,12
TCTTACCGGAACTCGT-1_V13B23-285_B1,1
TCTTACGGCATCCGAC-1_V13B23-285_B1,12
TCTTACTTATGCCTCT-1_V13B23-285_B1,4
TCTTAGAGCTCCAATT-1_V13B23-285_B1,4
TCTTAGAGTGAACTCT-1_V13B23-285_B1,4
TCTTCCCATGGGCACA-1_V13B23-285_B1,6
TCTTCGAATAGACGTT-1_V13B23-285_B1,4
TCTTCGATACCAATAA-1_V13B23-285_B1,4
TCTTCGCGGTGAGAGG-1_V13B23-285_B1,1
TCTTCTATAACCCGCC-1_V13B23-285_B1,1
TCTTGATGCGTAGCGA-1_V13B23-285_B1,4
TCTTGGTAACACCAAA-1_V13B23-285_B1,7
TCTTTAAGACTATGAA-1_V13B23-285_B1,4
TCTTTAGAGTCTAACA-1_V13B23-285_B1,1
TCTTTAGCAGGCGAAC-1_V13B23-285_B1,1
TCTTTCCTTCGAGATA-1_V13B23-285_B1,1
TGAAACTTATGCAAGC-1_V13B23-285_B1,17
TGAAAGGACCTGACTC-1_V13B23-285_B1,8
TGAATATGCTATAAAC-1_V13B23-285_B1,3
TGAATGAGATACAGCA-1_V13B23-285_B1,6
TGAATGTCAGCCGGCC-1_V13B23-285_B1,4
TGACAACGCATGTCGC-1_V13B23-285_B1,16
TGACACTTCTCTTTGC-1_V13B23-285_B1,3
TGACATCGAGCGGACC-1_V13B23-285_B1,4
TGACCCACGTTAGACA-1_V13B23-285_B1,1
TGACGAATATTTCCCT-1_V13B23-285_B1,6
TGACGATGCACTAGAA-1_V13B23-285_B1,4
TGACTATAATCCTTTC-1_V13B23-285_B1,1
TGAGAATGCTTTACCG-1_V13B23-285_B1,1
TGAGAGATTTACCACG-1_V13B23-285_B1,4
TGAGATTAGGCCCTAA-1_V13B23-285_B1,2
TGAGCCATACAGTCTC-1_V13B23-285_B1,1
TGAGCGGAAAGTGTTC-1_V13B23-285_B1,1
TGAGCTCAACTGTATA-1_V13B23-285_B1,4
TGAGCTTTAATGACGC-1_V13B23-285_B1,3
TGAGGAGTGCCAGCTT-1_V13B23-285_B1,1
TGAGTAAATTAGCGTA-1_V13B23-285_B1,1
TGAGTGCCTCTTAAAT-1_V13B23-285_B1,2
TGAGTGGTCCGTGACG-1_V13B23-285_B1,3
TGAGTTAAAGACATTC-1_V13B23-285_B1,1
TGATACATTTAGCCGT-1_V13B23-285_B1,1
TGATAGCGGGATTCTA-1_V13B23-285_B1,11
TGATCAGGGAACTGCT-1_V13B23-285_B1,6
TGATCCCAGCATTAGT-1_V13B23-285_B1,6
TGATCGGTTTGACCCT-1_V13B23-285_B1,1
TGATCTACGCTGATCT-1_V13B23-285_B1,6
TGATCTCCGGCGCCAG-1_V13B23-285_B1,1
TGATGGCTGTTTCTGA-1_V13B23-285_B1,11
TGATGTCAATTAAGTG-1_V13B23-285_B1,1
TGATTATGGCACGCAG-1_V13B23-285_B1,3
TGATTCGTCTATCACT-1_V13B23-285_B1,2
TGATTCTGTCGCCGGT-1_V13B23-285_B1,2
TGATTTATTAGCTGTG-1_V13B23-285_B1,11
TGATTTCCTCCTGACG-1_V13B23-285_B1,1
TGCAACCCATCTGCGG-1_V13B23-285_B1,2
TGCAAGAATGACGTAA-1_V13B23-285_B1,1
TGCAATCTAACACGGT-1_V13B23-285_B1,1
TGCAATTTGGGCACGG-1_V13B23-285_B1,3
TGCACAGTGAAGTTAT-1_V13B23-285_B1,6
TGCACTATGTGAGTGC-1_V13B23-285_B1,2
TGCAGAACTATATCGT-1_V13B23-285_B1,3
TGCAGAGTACCGAGCA-1_V13B23-285_B1,1
TGCAGATCGTCCTAGG-1_V13B23-285_B1,2
TGCAGCTACGTACTTC-1_V13B23-285_B1,3
TGCAGGATCGGCAAAG-1_V13B23-285_B1,1
TGCAGTGAGGCTCGGG-1_V13B23-285_B1,1
TGCAGTTTCCTCCCAT-1_V13B23-285_B1,4
TGCATATGTCTGTCAC-1_V13B23-285_B1,1
TGCATGGATCGGATCT-1_V13B23-285_B1,9
TGCATGTGGTAATCTA-1_V13B23-285_B1,10
TGCCAAAGTCAGACTT-1_V13B23-285_B1,6
TGCCAATGGGTACTCT-1_V13B23-285_B1,1
TGCCACCTGGCGAAAC-1_V13B23-285_B1,9
TGCCAGTACGTGGAGA-1_V13B23-285_B1,1
TGCCATTACTAAAGAA-1_V13B23-285_B1,9
TGCCCGTACCGTTAAA-1_V13B23-285_B1,1
TGCCGAAAGCGTATTC-1_V13B23-285_B1,2
TGCCGTGGATCGTCCT-1_V13B23-285_B1,10
TGCCTAAATTTAATAG-1_V13B23-285_B1,2
TGCCTAATTGAAGATT-1_V13B23-285_B1,1
TGCCTGACATCGGTCA-1_V13B23-285_B1,3
TGCCTGATCAAACGAT-1_V13B23-285_B1,3
TGCCTTGGCCAGGCAA-1_V13B23-285_B1,1
TGCGAATATGGGATTT-1_V13B23-285_B1,2
TGCGACACCCTAGTGC-1_V13B23-285_B1,11
TGCGACGGCCGAACGT-1_V13B23-285_B1,10
TGCGAGAATATTACCC-1_V13B23-285_B1,1
TGCGAGATGGCGGCCA-1_V13B23-285_B1,8
TGCGAGCCCTTCCGCG-1_V13B23-285_B1,10
TGCGATGCTAATGGCT-1_V13B23-285_B1,11
TGCGCAAAGCATTTGG-1_V13B23-285_B1,4
TGCGCCGTTAATAACG-1_V13B23-285_B1,16
TGCGCGATTAACGGAG-1_V13B23-285_B1,3
TGCGGAGTAAAGGTGC-1_V13B23-285_B1,3
TGCGGCATAGTTCAAC-1_V13B23-285_B1,5
TGCGGTGAAATTTCAT-1_V13B23-285_B1,5
TGCGTAAGAACCTGAT-1_V13B23-285_B1,2
TGCGTCATGACTGAGC-1_V13B23-285_B1,1
TGCGTGATTGGGTGTC-1_V13B23-285_B1,9
TGCGTTTGTTGACACT-1_V13B23-285_B1,4
TGCTAAGTGTCTATTT-1_V13B23-285_B1,6
TGCTCCACAGTTCTTA-1_V13B23-285_B1,1
TGCTCGGCGAAACCCA-1_V13B23-285_B1,10
TGCTCTGCCGGTTCAC-1_V13B23-285_B1,2
TGCTGGTTGGACAATT-1_V13B23-285_B1,1
TGCTGTTGAAGAACTC-1_V13B23-285_B1,1
TGCTTCCCAAGCAGTA-1_V13B23-285_B1,3
TGGAACCACTGACACA-1_V13B23-285_B1,8
TGGAAGAAGGGAACGT-1_V13B23-285_B1,1
TGGAAGACGAACACCA-1_V13B23-285_B1,5
TGGAAGGATAAAGATG-1_V13B23-285_B1,1
TGGAATATCCTTGACC-1_V13B23-285_B1,3
TGGAATTAGACGCTTT-1_V13B23-285_B1,2
TGGACACCGTTGCTTG-1_V13B23-285_B1,11
TGGACCAATCTAAGAT-1_V13B23-285_B1,1
TGGACGCAATCCAGCC-1_V13B23-285_B1,2
TGGACTGTTCGCTCAA-1_V13B23-285_B1,1
TGGAGGGAAACACCTC-1_V13B23-285_B1,2
TGGAGTGATGCGATGA-1_V13B23-285_B1,1
TGGCAAACTAAATTAC-1_V13B23-285_B1,1
TGGCAACTCGCGCGCC-1_V13B23-285_B1,3
TGGCAATGGGACGGCG-1_V13B23-285_B1,4
TGGCAGATTACGATCA-1_V13B23-285_B1,1
TGGCAGCAGTAATAGT-1_V13B23-285_B1,1
TGGCATGAAGTTTGGG-1_V13B23-285_B1,1
TGGCCAAACTGAAGTA-1_V13B23-285_B1,10
TGGCCAATTTGGTACT-1_V13B23-285_B1,11
TGGCCGTATATTGACC-1_V13B23-285_B1,1
TGGCGACTGCTCCAAA-1_V13B23-285_B1,1
TGGCGATCAAGTTATG-1_V13B23-285_B1,14
TGGCTATGTGACATAC-1_V13B23-285_B1,1
TGGCTTGTACAAGCTT-1_V13B23-285_B1,1
TGGCTTTGGGTAGACA-1_V13B23-285_B1,1
TGGGAAATGCCTTTCC-1_V13B23-285_B1,2
TGGGATGCACTCATTC-1_V13B23-285_B1,10
TGGGCAATAGTTGGGT-1_V13B23-285_B1,4
TGGGCACGTTCTATGG-1_V13B23-285_B1,5
TGGGCAGGCCACCGCA-1_V13B23-285_B1,4
TGGGCCCATACTAATT-1_V13B23-285_B1,7
TGGGCCTTGCCTGCAT-1_V13B23-285_B1,3
TGGGTAAGGTTCCCGC-1_V13B23-285_B1,13
TGGGTGGGATGTCATT-1_V13B23-285_B1,8
TGGTAGAATATATGGG-1_V13B23-285_B1,4
TGGTCCCACGCTACGG-1_V13B23-285_B1,1
TGGTCGTGCAAGGCAA-1_V13B23-285_B1,1
TGGTCTGTTGGGCGTA-1_V13B23-285_B1,1
TGGTGATCGTATTTGT-1_V13B23-285_B1,2
TGGTTAACTTACATTT-1_V13B23-285_B1,2
TGGTTAAGGGCGCTGG-1_V13B23-285_B1,2
TGGTTCAACGGGTAAT-1_V13B23-285_B1,1
TGGTTCGTAGCAAAGG-1_V13B23-285_B1,1
TGGTTGGAGGATCCTG-1_V13B23-285_B1,6
TGGTTTAAACGTGGGT-1_V13B23-285_B1,2
TGTAATGACCACAATA-1_V13B23-285_B1,6
TGTACCTACACGAGGG-1_V13B23-285_B1,1
TGTACGAACAAATCCG-1_V13B23-285_B1,6
TGTACTACTCTCACGG-1_V13B23-285_B1,3
TGTAGCCATCCCATTC-1_V13B23-285_B1,1
TGTAGGAGAAATTTCC-1_V13B23-285_B1,4
TGTAGTGATCTATAAT-1_V13B23-285_B1,1
TGTATAACAGATCCTG-1_V13B23-285_B1,1
TGTATACGGATGATGA-1_V13B23-285_B1,1
TGTATCAGACTGAAGC-1_V13B23-285_B1,8
TGTATGGCGCAGACAG-1_V13B23-285_B1,1
TGTATTTACCTAATGC-1_V13B23-285_B1,6
TGTCATTTGTTGGGAA-1_V13B23-285_B1,3
TGTCCGTGGCGCCTTT-1_V13B23-285_B1,12
TGTCCTAAGTCACCGC-1_V13B23-285_B1,1
TGTCGTTATCACATAT-1_V13B23-285_B1,1
TGTGACTACGCCAGTC-1_V13B23-285_B1,7
TGTGAGACTAGCCCAA-1_V13B23-285_B1,1
TGTGCCGGTGCCGGAA-1_V13B23-285_B1,4
TGTGCTTTACGTAAGA-1_V13B23-285_B1,2
TGTGGACTATCTACGT-1_V13B23-285_B1,4
TGTGGCAAAGCGTATG-1_V13B23-285_B1,2
TGTGGCTCCCACCAAC-1_V13B23-285_B1,16
TGTGGTAGGGTGCCTT-1_V13B23-285_B1,12
TGTGTAGTAGCACGTG-1_V13B23-285_B1,1
TGTGTCGCGAGTTGCA-1_V13B23-285_B1,1
TGTGTTCGTATCCAAG-1_V13B23-285_B1,2
TGTTATTGTATGTGGC-1_V13B23-285_B1,1
TGTTCATAAATGTGCT-1_V13B23-285_B1,10
TGTTCCGCTTCCATGA-1_V13B23-285_B1,1
TGTTCGTATTGCGGTG-1_V13B23-285_B1,7
TGTTCTCTACTCCCTA-1_V13B23-285_B1,8
TGTTCTTCCATTGACT-1_V13B23-285_B1,2
TGTTGCCGTCGTCCCA-1_V13B23-285_B1,4
TGTTGTCAAGAAGTCT-1_V13B23-285_B1,1
TGTTTAATACTTCATC-1_V13B23-285_B1,17
TGTTTCGGTACTTCTC-1_V13B23-285_B1,3
TGTTTGAGATCGTCAG-1_V13B23-285_B1,4
TTAAACCTGGTTCCTT-1_V13B23-285_B1,10
TTAAACTCGAATTCAT-1_V13B23-285_B1,1
TTAACACCTCGAACAT-1_V13B23-285_B1,2
TTAACCAACCCTCCCT-1_V13B23-285_B1,12
TTAACGAACAAGCAGT-1_V13B23-285_B1,2
TTAACTCACGCGTGGA-1_V13B23-285_B1,1
TTAACTTCAGGTAGGA-1_V13B23-285_B1,2
TTAAGATAGGATTGAC-1_V13B23-285_B1,7
TTAAGCCGACAACTTC-1_V13B23-285_B1,13
TTAAGCGCCTGACCCA-1_V13B23-285_B1,1
TTAAGGCCCGTACTTT-1_V13B23-285_B1,12
TTAATCAGTACGTCAG-1_V13B23-285_B1,7
TTAATGTAGACCAGGT-1_V13B23-285_B1,1
TTAATTGCTTTGGGTG-1_V13B23-285_B1,3
TTAATTTCAGACGCGG-1_V13B23-285_B1,5
TTACAACTACGCATCC-1_V13B23-285_B1,1
TTACACGATCTGCGAC-1_V13B23-285_B1,4
TTACAGACCTAAATGA-1_V13B23-285_B1,3
TTACATCGTGGCCTGG-1_V13B23-285_B1,1
TTACATGCCACAACTA-1_V13B23-285_B1,4
TTACCATTGATTACCC-1_V13B23-285_B1,1
TTACCCATTGCCGGGT-1_V13B23-285_B1,9
TTACCCTAACAGTCCT-1_V13B23-285_B1,2
TTACCCTAGGGATTGG-1_V13B23-285_B1,2
TTACCGCCTTAGGGAA-1_V13B23-285_B1,5
TTACGGATGGTTCGAG-1_V13B23-285_B1,4
TTACTAAAGGACTTTA-1_V13B23-285_B1,1
TTACTATCGGCTTCTC-1_V13B23-285_B1,1
TTACTCCGGCCGGGAA-1_V13B23-285_B1,8
TTACTCTGGTACGTAC-1_V13B23-285_B1,2
TTACTGGGATATTTCA-1_V13B23-285_B1,1
TTACTGTCTAGAGCTC-1_V13B23-285_B1,6
TTAGAAGAACATGACT-1_V13B23-285_B1,1
TTAGAATAAGGGTCGG-1_V13B23-285_B1,1
TTAGACACGATCGTTG-1_V13B23-285_B1,5
TTAGACGAGTCACCTC-1_V13B23-285_B1,1
TTAGAGTTTAGAAGGA-1_V13B23-285_B1,1
TTAGATAGGTCGATAC-1_V13B23-285_B1,3
TTAGCAACATGGATGT-1_V13B23-285_B1,1
TTAGCTAATACGATCT-1_V13B23-285_B1,2
TTAGCTCTGTAATCCG-1_V13B23-285_B1,1
TTAGCTGATTTGCCGT-1_V13B23-285_B1,1
TTAGGATGGGAGGGTA-1_V13B23-285_B1,4
TTAGGTCATAACCGAC-1_V13B23-285_B1,14
TTAGTAAACCTGCTCT-1_V13B23-285_B1,14
TTAGTAGGGCGGCGGG-1_V13B23-285_B1,1
TTAGTTATTCGTGGCA-1_V13B23-285_B1,1
TTAGTTCAAGTGTTCG-1_V13B23-285_B1,3
TTATAGGTAATTGTCT-1_V13B23-285_B1,2
TTATATACGCTGTCAC-1_V13B23-285_B1,1
TTATATTTGGCAATCC-1_V13B23-285_B1,11
TTATCCAATCGAACTC-1_V13B23-285_B1,14
TTATCCGGGATCTATA-1_V13B23-285_B1,1
TTATCCTCAAGGAATA-1_V13B23-285_B1,1
TTATCGCCTGCGAAGC-1_V13B23-285_B1,2
TTATCTGTATCATAAC-1_V13B23-285_B1,1
TTATGAATGAAAGGGA-1_V13B23-285_B1,6
TTATGACAAACTGGAT-1_V13B23-285_B1,1
TTATGATCTTAACGAA-1_V13B23-285_B1,1
TTATGTTTGCGATAGA-1_V13B23-285_B1,2
TTATTAGAGCGTGTTC-1_V13B23-285_B1,1
TTATTAGGGAAGCATC-1_V13B23-285_B1,15
TTATTATCTGGAAGGC-1_V13B23-285_B1,1
TTCAAAGTCTCTAGCC-1_V13B23-285_B1,1
TTCAACGACCCGACCG-1_V13B23-285_B1,3
TTCAAGCCGAGCTGAG-1_V13B23-285_B1,13
TTCAATACTCTGAATC-1_V13B23-285_B1,1
TTCACGAAAGGATCAC-1_V13B23-285_B1,3
TTCACTCGAGCACCTA-1_V13B23-285_B1,1
TTCAGCCCTGGTCCAC-1_V13B23-285_B1,1
TTCAGCTGGCGTGCCC-1_V13B23-285_B1,4
TTCAGGCGTCAAAGCC-1_V13B23-285_B1,1
TTCAGTTTGTGGCAGC-1_V13B23-285_B1,10
TTCATGGCGCAACAGG-1_V13B23-285_B1,9
TTCCAATCAGAGCTAG-1_V13B23-285_B1,1
TTCCAATCTGGCTATC-1_V13B23-285_B1,2
TTCCACACAGATTTGA-1_V13B23-285_B1,14
TTCCAGACGAGATTTA-1_V13B23-285_B1,4
TTCCATCATGCGGTGA-1_V13B23-285_B1,9
TTCCATCGACAGCGTG-1_V13B23-285_B1,4
TTCCCGGCGCCAATAG-1_V13B23-285_B1,10
TTCCGCAGAGAAATAT-1_V13B23-285_B1,3
TTCCGCGTGAGGCGAT-1_V13B23-285_B1,4
TTCCGGCCTTGAGGCT-1_V13B23-285_B1,1
TTCCGGCTCGACTTCT-1_V13B23-285_B1,1
TTCCGGTATCTGTGTC-1_V13B23-285_B1,4
TTCCGGTTACCCACTT-1_V13B23-285_B1,4
TTCCTCGAGGGTGTCT-1_V13B23-285_B1,1
TTCCTCGGACTAACCA-1_V13B23-285_B1,1
TTCCTCTGCCCGAATA-1_V13B23-285_B1,1
TTCCTTTCTGTGTTGC-1_V13B23-285_B1,9
TTCGACAGAGCCCGTG-1_V13B23-285_B1,1
TTCGACGGGAAGGGCG-1_V13B23-285_B1,2
TTCGCACTCGCGTGCT-1_V13B23-285_B1,1
TTCGCACTGTACGACA-1_V13B23-285_B1,6
TTCGCATCCGGAAGCA-1_V13B23-285_B1,9
TTCGCGCGCCATACGA-1_V13B23-285_B1,1
TTCGCTAGGAAGTTGT-1_V13B23-285_B1,2
TTCGCTATCTGACGTG-1_V13B23-285_B1,3
TTCGGCAACCCGCTGA-1_V13B23-285_B1,5
TTCGGCTAGAGATGGT-1_V13B23-285_B1,1
TTCGGGACTAATCGCG-1_V13B23-285_B1,2
TTCGGGCGCTAGTCTT-1_V13B23-285_B1,11
TTCGGGTTGCCACGGG-1_V13B23-285_B1,12
TTCGGTGGAGACGCCC-1_V13B23-285_B1,7
TTCGTAATCCCAGCGG-1_V13B23-285_B1,9
TTCGTACTCCAGAACG-1_V13B23-285_B1,2
TTCGTTCAACGAAGTT-1_V13B23-285_B1,1
TTCTAACCGAAGCTTA-1_V13B23-285_B1,4
TTCTACTTGCGAGGGC-1_V13B23-285_B1,1
TTCTAGAAAGTCTTAT-1_V13B23-285_B1,2
TTCTAGGCCAATTGTG-1_V13B23-285_B1,1
TTCTATGCCTTTCGCA-1_V13B23-285_B1,2
TTCTGACCGGGCTCAA-1_V13B23-285_B1,1
TTCTGCCGCGCCTAGA-1_V13B23-285_B1,1
TTCTGCGAGCGCCCTT-1_V13B23-285_B1,1
TTCTGCGGGTTAGCGG-1_V13B23-285_B1,1
TTCTGCTAGACTCCAA-1_V13B23-285_B1,10
TTCTGTTTCCTGTCGC-1_V13B23-285_B1,2
TTCTTAGTGAACGGTG-1_V13B23-285_B1,1
TTCTTAGTGGCTCAGA-1_V13B23-285_B1,15
TTCTTATCCGCTGGGT-1_V13B23-285_B1,4
TTCTTGAGCCGCGCTA-1_V13B23-285_B1,2
TTCTTGCTAGCATCTC-1_V13B23-285_B1,4
TTCTTGGACGATCTGC-1_V13B23-285_B1,10
TTCTTGGAGTAATGAG-1_V13B23-285_B1,1
TTCTTGTAACCTAATG-1_V13B23-285_B1,1
TTCTTGTGTCCATCAG-1_V13B23-285_B1,2
TTCTTTGGTCGCGACG-1_V13B23-285_B1,3
TTGAAAGGTGTAAAGG-1_V13B23-285_B1,2
TTGAACGAATCCTTTG-1_V13B23-285_B1,1
TTGAACGACGTGCTGA-1_V13B23-285_B1,1
TTGAAGAATTCCCAGG-1_V13B23-285_B1,1
TTGAATATGGACTTTC-1_V13B23-285_B1,15
TTGAATTCACGTGAGG-1_V13B23-285_B1,4
TTGACAGGAGCTCCCG-1_V13B23-285_B1,1
TTGACATGAACGTGGA-1_V13B23-285_B1,1
TTGACCATGTTCTCCG-1_V13B23-285_B1,3
TTGACCGTGTTAATGA-1_V13B23-285_B1,3
TTGACGCTCCATGAGC-1_V13B23-285_B1,4
TTGACTACCATATGGT-1_V13B23-285_B1,1
TTGACTATTGTCCGGC-1_V13B23-285_B1,1
TTGAGAAGTTTAGCAT-1_V13B23-285_B1,1
TTGAGAGTACTGCTAA-1_V13B23-285_B1,1
TTGAGCAGCCCACGGT-1_V13B23-285_B1,1
TTGAGCGCCACGTGAT-1_V13B23-285_B1,4
TTGAGTCCCGCTGCTG-1_V13B23-285_B1,1
TTGATAGTCAATACAT-1_V13B23-285_B1,6
TTGATCTAACTTTGTC-1_V13B23-285_B1,14
TTGATGTGTAGTCCCG-1_V13B23-285_B1,10
TTGATTAGCTGTTTCT-1_V13B23-285_B1,1
TTGATTATGCAGATGA-1_V13B23-285_B1,10
TTGCACAATTCAGAAA-1_V13B23-285_B1,1
TTGCACGGAGCAGCAC-1_V13B23-285_B1,1
TTGCATGCTGATCACG-1_V13B23-285_B1,1
TTGCCAAGCAGAACCC-1_V13B23-285_B1,14
TTGCCATAGCCCGCTC-1_V13B23-285_B1,8
TTGCCCTGATCACGGG-1_V13B23-285_B1,1
TTGCCGCTTTCTAGTA-1_V13B23-285_B1,1
TTGCCGGTGATCCCTC-1_V13B23-285_B1,6
TTGCGGCATCAGAAAG-1_V13B23-285_B1,3
TTGCGTAGTTTGAGGA-1_V13B23-285_B1,2
TTGCGTCGGCCAACCG-1_V13B23-285_B1,1
TTGCGTGAACGCTTAG-1_V13B23-285_B1,1
TTGCTCCCATACCGGA-1_V13B23-285_B1,1
TTGCTGAAGGAACCAC-1_V13B23-285_B1,1
TTGCTGATCATGTTCG-1_V13B23-285_B1,1
TTGCTGCACCTATCCA-1_V13B23-285_B1,1
TTGCTGGCCGGGCTTC-1_V13B23-285_B1,8
TTGGAAGAATACAGTC-1_V13B23-285_B1,1
TTGGACATGTGGCTTA-1_V13B23-285_B1,1
TTGGACCATCTGGCAA-1_V13B23-285_B1,4
TTGGACCTATAACAGT-1_V13B23-285_B1,1
TTGGATATCGTCTACG-1_V13B23-285_B1,1
TTGGATTGGGTACCAC-1_V13B23-285_B1,3
TTGGCCATCTTGCGCT-1_V13B23-285_B1,1
TTGGCCTAGAATTTCG-1_V13B23-285_B1,5
TTGGCGATCCGAATAT-1_V13B23-285_B1,1
TTGGCTCGCATGAGAC-1_V13B23-285_B1,1
TTGGGACACTGCCCGC-1_V13B23-285_B1,2
TTGGGACGTAAGAGTT-1_V13B23-285_B1,4
TTGGGCGGCGGTTGCC-1_V13B23-285_B1,4
TTGGGTTTATTCAGCG-1_V13B23-285_B1,6
TTGGTATGGCTTGTGT-1_V13B23-285_B1,2
TTGGTCACACTCGTAA-1_V13B23-285_B1,1
TTGGTTCGCTCAAAGG-1_V13B23-285_B1,16
TTGGTTGCGGTGCGCG-1_V13B23-285_B1,11
TTGTAAGGACCTAAGT-1_V13B23-285_B1,2
TTGTAAGGCCAGTTGG-1_V13B23-285_B1,1
TTGTAATCCGTACTCG-1_V13B23-285_B1,1
TTGTATCACACAGAAT-1_V13B23-285_B1,5
TTGTCGTTCAGTTACC-1_V13B23-285_B1,2
TTGTGAACCTAATCCG-1_V13B23-285_B1,1
TTGTGAGGCATGACGC-1_V13B23-285_B1,10
TTGTGCAGCCACGTCA-1_V13B23-285_B1,1
TTGTGGCCCTGACAGT-1_V13B23-285_B1,8
TTGTGGTAGGAGGGAT-1_V13B23-285_B1,2
TTGTGGTATAGGTATG-1_V13B23-285_B1,10
TTGTGTATGCCACCAA-1_V13B23-285_B1,12
TTGTGTTTCCCGAAAG-1_V13B23-285_B1,2
TTGTTAGCAAATTCGA-1_V13B23-285_B1,3
TTGTTCAGTGTGCTAC-1_V13B23-285_B1,1
TTGTTGTGTGTCAAGA-1_V13B23-285_B1,7
TTGTTTCACATCCAGG-1_V13B23-285_B1,10
TTGTTTCATTAGTCTA-1_V13B23-285_B1,1
TTGTTTCCATACAACT-1_V13B23-285_B1,2
AAACAAGTATCTCCCA-1_V13B23-285_C1,3
AAACACCAATAACTGC-1_V13B23-285_C1,2
AAACAGAGCGACTCCT-1_V13B23-285_C1,3
AAACAGCTTTCAGAAG-1_V13B23-285_C1,2
AAACAGGGTCTATATT-1_V13B23-285_C1,3
AAACATTTCCCGGATT-1_V13B23-285_C1,1
AAACCCGAACGAAATC-1_V13B23-285_C1,1
AAACCGGAAATGTTAA-1_V13B23-285_C1,4
AAACCGGGTAGGTACC-1_V13B23-285_C1,1
AAACCGTTCGTCCAGG-1_V13B23-285_C1,1
AAACCTCATGAAGTTG-1_V13B23-285_C1,2
AAACGAGACGGTTGAT-1_V13B23-285_C1,3
AAACGTGTTCGCCCTA-1_V13B23-285_C1,8
AAACTCGTGATATAAG-1_V13B23-285_C1,2
AAACTGCTGGCTCCAA-1_V13B23-285_C1,1
AAACTTGCAAACGTAT-1_V13B23-285_C1,3
AAAGACTGGGCGCTTT-1_V13B23-285_C1,1
AAAGCTTGCCTACATA-1_V13B23-285_C1,2
AAAGGCTACGGACCAT-1_V13B23-285_C1,1
AAAGGCTCTCGCGCCG-1_V13B23-285_C1,3
AAAGGGATGTAGCAAG-1_V13B23-285_C1,6
AAAGGGCAGCTTGAAT-1_V13B23-285_C1,1
AAAGGTAAGCTGTACC-1_V13B23-285_C1,8
AAAGTAGCATTGCTCA-1_V13B23-285_C1,1
AAAGTCACTGATGTAA-1_V13B23-285_C1,18
AAAGTCGACCCTCAGT-1_V13B23-285_C1,11
AAAGTGCCATCAATTA-1_V13B23-285_C1,7
AAAGTGTGATTTATCT-1_V13B23-285_C1,12
AAAGTTGACTCCCGTA-1_V13B23-285_C1,1
AAATAACCATACGGGA-1_V13B23-285_C1,6
AAATAAGGTAGTGCCC-1_V13B23-285_C1,8
AAATACCTATAAGCAT-1_V13B23-285_C1,4
AAATAGCTTAGACTTT-1_V13B23-285_C1,4
AAATAGGGTGCTATTG-1_V13B23-285_C1,1
AAATCGTGTACCACAA-1_V13B23-285_C1,1
AAATCTAGCCCTGCTA-1_V13B23-285_C1,4
AAATGATTCGATCAGC-1_V13B23-285_C1,2
AAATGCTCGTTACGTT-1_V13B23-285_C1,1
AAATGGCATGTCTTGT-1_V13B23-285_C1,5
AAATGGCCCGTGCCCT-1_V13B23-285_C1,1
AAATGGTCAATGTGCC-1_V13B23-285_C1,1
AAATTAACGGGTAGCT-1_V13B23-285_C1,7
AAATTACACGACTCTG-1_V13B23-285_C1,2
AAATTACCTATCGATG-1_V13B23-285_C1,2
AAATTCCAGGTCCAAA-1_V13B23-285_C1,3
AAATTGATAGTCCTTT-1_V13B23-285_C1,1
AAATTGGTGAGAAGCA-1_V13B23-285_C1,8
AAATTTGCGGGTGTGG-1_V13B23-285_C1,1
AACAACTGGTAGTTGC-1_V13B23-285_C1,1
AACAATACATTGTCGA-1_V13B23-285_C1,6
AACAATTACTCTACGC-1_V13B23-285_C1,3
AACACACGCTCGCCGC-1_V13B23-285_C1,1
AACACGACTGTACTGA-1_V13B23-285_C1,17
AACACGAGACGCGGCC-1_V13B23-285_C1,1
AACAGCTGTGTGGCAA-1_V13B23-285_C1,1
AACAGGAAATCGAATA-1_V13B23-285_C1,5
AACAGGATGGGCCGCG-1_V13B23-285_C1,14
AACAGGTAGTATGGAT-1_V13B23-285_C1,12
AACATATCAACTGGTG-1_V13B23-285_C1,8
AACATCGATACGTCTA-1_V13B23-285_C1,2
AACCAAGACTTCTCTG-1_V13B23-285_C1,1
AACCATGGGATCGCTA-1_V13B23-285_C1,3
AACCCAGAGACGGAGA-1_V13B23-285_C1,9
AACCCATCCCATGATC-1_V13B23-285_C1,1
AACCCGAGCAGAATCG-1_V13B23-285_C1,4
AACCCTACTGTCAATA-1_V13B23-285_C1,1
AACCCTGGTGGAACCA-1_V13B23-285_C1,17
AACCGAGCTTGGTCAT-1_V13B23-285_C1,2
AACCGCTAAGGGATGC-1_V13B23-285_C1,1
AACCGTTGTGTTTGCT-1_V13B23-285_C1,13
AACCTCGCTTTAGCCC-1_V13B23-285_C1,1
AACCTGTCACGGAATT-1_V13B23-285_C1,1
AACCTTTAAATACGGT-1_V13B23-285_C1,1
AACCTTTACGACGTCT-1_V13B23-285_C1,2
AACGATAATGCCGTAG-1_V13B23-285_C1,4
AACGATATGTCAACTG-1_V13B23-285_C1,3
AACGCATGATCTGGGT-1_V13B23-285_C1,1
AACGCGGTCTCCAGCC-1_V13B23-285_C1,1
AACGCTGTTGCTGAAA-1_V13B23-285_C1,4
AACGGACGTACGTATA-1_V13B23-285_C1,1
AACGGCCATCTCCGGT-1_V13B23-285_C1,1
AACGTACTGTGGGTAC-1_V13B23-285_C1,2
AACGTCAGACTAGTGG-1_V13B23-285_C1,14
AACGTGATGAAGGACA-1_V13B23-285_C1,6
AACGTGCGAAAGTCTC-1_V13B23-285_C1,1
AACGTTATCAGCACCT-1_V13B23-285_C1,1
AACTACCCGTTTGTCA-1_V13B23-285_C1,1
AACTAGGCTTGGGTGT-1_V13B23-285_C1,1
AACTCAAGTTAATTGC-1_V13B23-285_C1,1
AACTCCAGAGCGTGTT-1_V13B23-285_C1,1
AACTCCTAATCCCATG-1_V13B23-285_C1,14
AACTCTCAATAGAGCG-1_V13B23-285_C1,4
AACTCTCAGTGTGCTC-1_V13B23-285_C1,1
AACTGAGTTATACTGA-1_V13B23-285_C1,1
AACTGATATTAGGCCT-1_V13B23-285_C1,3
AACTGGGTCCCGACGT-1_V13B23-285_C1,9
AACTTCTGCGTCTATC-1_V13B23-285_C1,1
AACTTGCCCGTATGCA-1_V13B23-285_C1,3
AACTTGCGTTCTCGCG-1_V13B23-285_C1,3
AACTTTACGGGAGCTT-1_V13B23-285_C1,10
AACTTTCTCGATCATG-1_V13B23-285_C1,11
AAGAAATCACCAGATT-1_V13B23-285_C1,8
AAGAAGGATCAGTTAG-1_V13B23-285_C1,1
AAGACCCAACTGAACA-1_V13B23-285_C1,1
AAGACTGCAAGCTACT-1_V13B23-285_C1,1
AAGAGATGAATCGGTA-1_V13B23-285_C1,1
AAGAGCTCTTTATCGG-1_V13B23-285_C1,6
AAGAGGATGTACGCGA-1_V13B23-285_C1,1
AAGAGGCATGGATCGC-1_V13B23-285_C1,1
AAGAGGCCCTTTGGAA-1_V13B23-285_C1,1
AAGATGGCACCGGACC-1_V13B23-285_C1,1
AAGATTGGCGGAACGT-1_V13B23-285_C1,2
AAGCACCCTGCGTATC-1_V13B23-285_C1,1
AAGCATACTCTCCTGA-1_V13B23-285_C1,6
AAGCCGAAGCGGTTTA-1_V13B23-285_C1,1
AAGCCGCTTTACCTTG-1_V13B23-285_C1,6
AAGCCGGAGAGCAGGA-1_V13B23-285_C1,1
AAGCGGCGTCATGGGT-1_V13B23-285_C1,15
AAGCGTCCCTCATCGA-1_V13B23-285_C1,1
AAGCTAGATCGAGTAA-1_V13B23-285_C1,1
AAGCTCGTGCCAAGTC-1_V13B23-285_C1,1
AAGCTCTTTCATGGTG-1_V13B23-285_C1,4
AAGGAGCGGTTGGTGC-1_V13B23-285_C1,1
AAGGATCGATCGCTTG-1_V13B23-285_C1,4
AAGGATGAGGGACCTC-1_V13B23-285_C1,10
AAGGCAGGCTGTCTCC-1_V13B23-285_C1,4
AAGGCGCGTAAAGCTT-1_V13B23-285_C1,14
AAGGCTGTGCTCATCG-1_V13B23-285_C1,1
AAGGGACAGATTCTGT-1_V13B23-285_C1,9
AAGGGACTATGCATTC-1_V13B23-285_C1,10
AAGGTATCCTAATATA-1_V13B23-285_C1,1
AAGGTGATAAACCAGC-1_V13B23-285_C1,1
AAGTAGAAGACCGGGT-1_V13B23-285_C1,14
AAGTAGTGACGCGAGG-1_V13B23-285_C1,1
AAGTCAATTGTCGTCA-1_V13B23-285_C1,1
AAGTCTAGTAGCTGCC-1_V13B23-285_C1,2
AAGTGACGACCGAATT-1_V13B23-285_C1,1
AAGTGAGTCGGGTTTA-1_V13B23-285_C1,1
AAGTGCAAAGGTAGAC-1_V13B23-285_C1,1
AAGTGCCTTGACTGTA-1_V13B23-285_C1,3
AAGTGCGTTAGAATCT-1_V13B23-285_C1,2
AAGTGTTTGGAGACGG-1_V13B23-285_C1,1
AAGTTCACTCCAAGCT-1_V13B23-285_C1,1
AAGTTCAGTCTGCGTA-1_V13B23-285_C1,6
AAGTTCGGCCAACAGG-1_V13B23-285_C1,1
AATAACAACGCTCGGC-1_V13B23-285_C1,14
AATAACACTAGAACAA-1_V13B23-285_C1,1
AATAATCTTCGTATCG-1_V13B23-285_C1,4
AATACAATGTTTCAGG-1_V13B23-285_C1,3
AATAGAACAGAGTGGC-1_V13B23-285_C1,1
AATAGAATCTGTTTCA-1_V13B23-285_C1,6
AATAGCTACCGCGTGC-1_V13B23-285_C1,10
AATAGTCCGTCCCGAC-1_V13B23-285_C1,1
AATAGTCGCGAGTCGG-1_V13B23-285_C1,1
AATATCGAATCAATGC-1_V13B23-285_C1,7
AATATCGAGGGTTCTC-1_V13B23-285_C1,2
AATATTGGAGTATTGA-1_V13B23-285_C1,3
AATCATGTAAAGACTC-1_V13B23-285_C1,1
AATCCAAGGGCCTGAG-1_V13B23-285_C1,5
AATCGCCTCAGCGCCA-1_V13B23-285_C1,4
AATCGCGCAGAGGACT-1_V13B23-285_C1,1
AATCTAGGTTTACTTG-1_V13B23-285_C1,3
AATCTATGCCGGAGCC-1_V13B23-285_C1,11
AATCTGCGTTGGGACG-1_V13B23-285_C1,10
AATCTGGCTTTCTAGT-1_V13B23-285_C1,1
AATGACAGCAATGTCT-1_V13B23-285_C1,1
AATGACGTAGGATGTC-1_V13B23-285_C1,1
AATGACTGTCAGCCGG-1_V13B23-285_C1,1
AATGAGTTCGCATATG-1_V13B23-285_C1,3
AATGATGATACGCTAT-1_V13B23-285_C1,2
AATGATGCGACTCCTG-1_V13B23-285_C1,3
AATGCAACCGGGTACC-1_V13B23-285_C1,3
AATGCACCAAGCAATG-1_V13B23-285_C1,11
AATGGTCCACCGTTCA-1_V13B23-285_C1,1
AATGGTTCTCACAAGC-1_V13B23-285_C1,3
AATGTGCCCGAGGTGT-1_V13B23-285_C1,1
AATTAAAGGTCGGCGT-1_V13B23-285_C1,1
AATTAACGGATTTCCA-1_V13B23-285_C1,1
AATTACTCGTACGCTC-1_V13B23-285_C1,5
AATTAGCGCTGCAGCG-1_V13B23-285_C1,3
AATTCATAAGGGATCT-1_V13B23-285_C1,3
AATTCTAGAGTTAGGC-1_V13B23-285_C1,1
AATTGAACGCTCTGGT-1_V13B23-285_C1,1
AATTTGGGACATAGTA-1_V13B23-285_C1,2
AATTTGGTTCCAAAGA-1_V13B23-285_C1,5
ACAAAGCATGACCTAG-1_V13B23-285_C1,1
ACAAATCGCACCGAAT-1_V13B23-285_C1,4
ACAAATGGTAGTGTTT-1_V13B23-285_C1,12
ACAACAGCATGAGCTA-1_V13B23-285_C1,1
ACAACGGTCCCTGCGA-1_V13B23-285_C1,1
ACAAGCAGTGCCTAGC-1_V13B23-285_C1,1
ACAAGGAAATCCGCCC-1_V13B23-285_C1,1
ACAAGGACAAGAGGTT-1_V13B23-285_C1,1
ACAAGGATGCTTTAGG-1_V13B23-285_C1,4
ACAAGGGCAGGCTCTG-1_V13B23-285_C1,1
ACAATAGTCGTACGTT-1_V13B23-285_C1,3
ACAATCCATTTAAACC-1_V13B23-285_C1,1
ACAATGAATACGGAGA-1_V13B23-285_C1,14
ACAATTGTGTCTCTTT-1_V13B23-285_C1,4
ACAATTTAGGAGGCTC-1_V13B23-285_C1,2
ACAATTTGAGCAGTGG-1_V13B23-285_C1,2
ACAATTTGGCCATATT-1_V13B23-285_C1,1
ACACAAAGACGGGTGG-1_V13B23-285_C1,1
ACACACCAGGACCAGT-1_V13B23-285_C1,1
ACACACTTTCTACACG-1_V13B23-285_C1,5
ACACATGATCAAATCT-1_V13B23-285_C1,1
ACACCACATAATTAGC-1_V13B23-285_C1,3
ACACCCAGCATGCAGC-1_V13B23-285_C1,1
ACACCCGAGAAATCCG-1_V13B23-285_C1,3
ACACCGAGCGCTCTTT-1_V13B23-285_C1,1
ACACCTTAAGTAGGGC-1_V13B23-285_C1,3
ACACCTTACTACTTGC-1_V13B23-285_C1,3
ACACGAGACTCCTTCT-1_V13B23-285_C1,6
ACACGGCACTATGCAT-1_V13B23-285_C1,20
ACACGGGAACTTAGGG-1_V13B23-285_C1,1
ACACGTAGGCCACAAG-1_V13B23-285_C1,1
ACACTCCAATGTCACT-1_V13B23-285_C1,3
ACACTGATCAAGGTGT-1_V13B23-285_C1,1
ACACTGGGACAGTCGT-1_V13B23-285_C1,1
ACAGAACTGAGAACAA-1_V13B23-285_C1,1
ACAGCATAGAGCCAGT-1_V13B23-285_C1,17
ACAGCGACATTCTCAT-1_V13B23-285_C1,1
ACAGCGCACCCGCAGC-1_V13B23-285_C1,3
ACAGGCTTGCCCGACT-1_V13B23-285_C1,1
ACAGGTGGAGGTGAGG-1_V13B23-285_C1,1
ACAGTAATACAACTTG-1_V13B23-285_C1,1
ACAGTATACCGTGGGA-1_V13B23-285_C1,2
ACATAAGTCGTGGTGA-1_V13B23-285_C1,3
ACATAATAAGGCGGTG-1_V13B23-285_C1,8
ACATCAGCTGGGACGC-1_V13B23-285_C1,1
ACATCCCGGCCATACG-1_V13B23-285_C1,1
ACATCCTGGTAACTGT-1_V13B23-285_C1,4
ACATCGATCGTTTACC-1_V13B23-285_C1,1
ACATCGGTCAGCCGCG-1_V13B23-285_C1,2
ACATCGTATGCAATGG-1_V13B23-285_C1,16
ACATCGTTAACCTAGT-1_V13B23-285_C1,17
ACATGGCGCCAAAGTA-1_V13B23-285_C1,3
ACATTAGTTTATATCC-1_V13B23-285_C1,3
ACCAAACACCCAGCGA-1_V13B23-285_C1,6
ACCAACACCACACACT-1_V13B23-285_C1,2
ACCAACGCTTATTTAT-1_V13B23-285_C1,3
ACCAAGAACGCGTGTC-1_V13B23-285_C1,9
ACCAATATGCAAGTTA-1_V13B23-285_C1,1
ACCACAAGTTTCTATC-1_V13B23-285_C1,1
ACCACCAATGTAACAA-1_V13B23-285_C1,3
ACCACCCTCTCTTCTA-1_V13B23-285_C1,1
ACCACGTGCAGCTATA-1_V13B23-285_C1,12
ACCACTGTTCAAGAAG-1_V13B23-285_C1,1
ACCAGTGCGGGAGACG-1_V13B23-285_C1,1
ACCATATCCGCAATAA-1_V13B23-285_C1,1
ACCATCCGCCAACTAG-1_V13B23-285_C1,2
ACCATCGTATATGGTA-1_V13B23-285_C1,10
ACCATTAAGGGTGTCA-1_V13B23-285_C1,2
ACCCAACGCCCGTGGC-1_V13B23-285_C1,10
ACCCACCTACATGCTC-1_V13B23-285_C1,1
ACCCATCTTGAGGGTA-1_V13B23-285_C1,1
ACCCATTTGTCCCTCT-1_V13B23-285_C1,1
ACCCGAGCGAAATTAC-1_V13B23-285_C1,14
ACCCGGAAACTCCCAG-1_V13B23-285_C1,1
ACCCGGAGCACCACAA-1_V13B23-285_C1,1
ACCCGGATGACGCATC-1_V13B23-285_C1,1
ACCCGGTTACACTTCC-1_V13B23-285_C1,2
ACCCGTGTCATCAGTA-1_V13B23-285_C1,1
ACCCTATAGGACTGAG-1_V13B23-285_C1,3
ACCCTATGCCATATCG-1_V13B23-285_C1,3
ACCCTCCCTTGCTATT-1_V13B23-285_C1,1
ACCCTGGTAACGCCCT-1_V13B23-285_C1,8
ACCCTTCATCTGCGAA-1_V13B23-285_C1,5
ACCGACACATCTCCCA-1_V13B23-285_C1,1
ACCGACTGAGTCCCAC-1_V13B23-285_C1,10
ACCGATAGGCATAACC-1_V13B23-285_C1,9
ACCGATATTTAATCAT-1_V13B23-285_C1,1
ACCGATGGTAGCATCG-1_V13B23-285_C1,4
ACCGCAATAACTGCCT-1_V13B23-285_C1,3
ACCGCGGTGGAAGTCG-1_V13B23-285_C1,16
ACCGGGCCTTTGTTGA-1_V13B23-285_C1,1
ACCGGTCAGGTACACC-1_V13B23-285_C1,1
ACCGTGACCACGTGGG-1_V13B23-285_C1,1
ACCTAAGTACCTTTCA-1_V13B23-285_C1,2
ACCTAATCGACTTCCT-1_V13B23-285_C1,1
ACCTACAGTATGTGGT-1_V13B23-285_C1,1
ACCTCCGCCCTCGCTG-1_V13B23-285_C1,4
ACCTCCGTTATTCACC-1_V13B23-285_C1,2
ACCTGCGTGTCATGTT-1_V13B23-285_C1,2
ACGAAATGGGCGGCAC-1_V13B23-285_C1,1
ACGACCCATGAGTTGC-1_V13B23-285_C1,4
ACGAGATATTTGCTTA-1_V13B23-285_C1,3
ACGAGGATACCACTCT-1_V13B23-285_C1,1
ACGAGGTTTACAACGT-1_V13B23-285_C1,2
ACGAGTACGGATGCCC-1_V13B23-285_C1,2
ACGATACATAGAACTA-1_V13B23-285_C1,14
ACGATCATACATAGAG-1_V13B23-285_C1,1
ACGATCATCTTGTAAA-1_V13B23-285_C1,3
ACGATGCATATGTTAT-1_V13B23-285_C1,1
ACGATGGATCCGATGC-1_V13B23-285_C1,17
ACGCAAACTAATAGAT-1_V13B23-285_C1,1
ACGCAATCACTACAGC-1_V13B23-285_C1,3
ACGCATACGTTTACTA-1_V13B23-285_C1,4
ACGCATTCGTGAGTAC-1_V13B23-285_C1,1
ACGCCAGATGATTTCT-1_V13B23-285_C1,5
ACGCCGCTAGACGACC-1_V13B23-285_C1,1
ACGCGAAGTCAGACGA-1_V13B23-285_C1,1
ACGCGCTACACAGGGT-1_V13B23-285_C1,1
ACGCGGGCCAAGGACA-1_V13B23-285_C1,12
ACGCTAGTGATACACT-1_V13B23-285_C1,6
ACGCTGTGAGGCGTAG-1_V13B23-285_C1,2
ACGGAATTTAGCAAAT-1_V13B23-285_C1,9
ACGGACTCTCAAAGCG-1_V13B23-285_C1,4
ACGGAGCGCAAATTAC-1_V13B23-285_C1,6
ACGGATGGTGCGGATA-1_V13B23-285_C1,1
ACGGCACTTGCTTGGG-1_V13B23-285_C1,1
ACGGCCAACATGGACT-1_V13B23-285_C1,13
ACGGCGACGATGGGAA-1_V13B23-285_C1,1
ACGGCTGGATGTAGAA-1_V13B23-285_C1,2
ACGGGAGTGTCGGCCC-1_V13B23-285_C1,2
ACGGGCGTATGCGACA-1_V13B23-285_C1,3
ACGGGTCATGTGACTT-1_V13B23-285_C1,9
ACGTACAGATTTCTCT-1_V13B23-285_C1,17
ACGTAGATTGCTGATG-1_V13B23-285_C1,12
ACGTATTACTCCGATC-1_V13B23-285_C1,4
ACGTGCGCCTCGTGCA-1_V13B23-285_C1,7
ACGTTAATGTCGAAGA-1_V13B23-285_C1,4
ACGTTAGATTTGCCCG-1_V13B23-285_C1,2
ACGTTATTGGTCACTC-1_V13B23-285_C1,1
ACGTTCGCAATCAATT-1_V13B23-285_C1,11
ACGTTCGTTCAGGAAA-1_V13B23-285_C1,1
ACGTTTAGTTGTGATC-1_V13B23-285_C1,9
ACTACCAGCTCTCTGG-1_V13B23-285_C1,2
ACTACGCGTTAGAATT-1_V13B23-285_C1,2
ACTAGTTGCGATCGTC-1_V13B23-285_C1,6
ACTATATGCTGTGTTC-1_V13B23-285_C1,10
ACTATCCAGGGCATGG-1_V13B23-285_C1,7
ACTATCTGCCCGCGTA-1_V13B23-285_C1,4
ACTATTCGTCCGTGGT-1_V13B23-285_C1,5
ACTATTTCCGGGCCCA-1_V13B23-285_C1,2
ACTCAAGTGCAAGGCT-1_V13B23-285_C1,1
ACTCAATAAAGGCACG-1_V13B23-285_C1,1
ACTCCCATTCCTAAAG-1_V13B23-285_C1,3
ACTCCCGAATTCGTTT-1_V13B23-285_C1,2
ACTCCCGTAGACTAGG-1_V13B23-285_C1,8
ACTCCCTAATGCTAAA-1_V13B23-285_C1,6
ACTCCCTAGAATAGTA-1_V13B23-285_C1,1
ACTCGATGTATTTCAT-1_V13B23-285_C1,3
ACTCGCGATCTGACGC-1_V13B23-285_C1,1
ACTCGTAACCCGTCCT-1_V13B23-285_C1,1
ACTCGTCAGTAATCCC-1_V13B23-285_C1,1
ACTCTCTGACTTAGGT-1_V13B23-285_C1,4
ACTCTCTTATACACGA-1_V13B23-285_C1,9
ACTCTTCAGCTCCCGC-1_V13B23-285_C1,1
ACTCTTGTATAGTAAC-1_V13B23-285_C1,1
ACTGAAACGCCGTTAG-1_V13B23-285_C1,1
ACTGAATGGCGAAAGT-1_V13B23-285_C1,1
ACTGCCGTCGTAACTC-1_V13B23-285_C1,5
ACTGCGGACACACCGT-1_V13B23-285_C1,1
ACTGCTCGGAAGGATG-1_V13B23-285_C1,3
ACTGTACGATACACAT-1_V13B23-285_C1,3
ACTGTAGCACTTTGGA-1_V13B23-285_C1,2
ACTGTCCAGGATTATA-1_V13B23-285_C1,1
ACTGTCTTCTTTAGAA-1_V13B23-285_C1,2
ACTGTGCTAGTAGATC-1_V13B23-285_C1,9
ACTTACCGGGCGCGCA-1_V13B23-285_C1,1
ACTTACGCATCCACGC-1_V13B23-285_C1,3
ACTTAGTACGACAAGA-1_V13B23-285_C1,9
ACTTATACTTACCCGG-1_V13B23-285_C1,4
ACTTATTAGGATCGGT-1_V13B23-285_C1,1
ACTTATTTATGTGCCA-1_V13B23-285_C1,3
ACTTCAGGCTGATCCC-1_V13B23-285_C1,1
ACTTCCATGCGGGACA-1_V13B23-285_C1,1
ACTTCGCCATACGCAC-1_V13B23-285_C1,10
ACTTCGCTAGCGAGTG-1_V13B23-285_C1,8
ACTTGACTCCCTCTTT-1_V13B23-285_C1,3
ACTTGGGACCCGGTGG-1_V13B23-285_C1,3
ACTTGTGGATGGAACG-1_V13B23-285_C1,4
ACTTTACCCTCATGAA-1_V13B23-285_C1,11
ACTTTCCTATAGCTTC-1_V13B23-285_C1,2
ACTTTGACTGCATCCT-1_V13B23-285_C1,2
ACTTTGGTCGTGCTCC-1_V13B23-285_C1,2
ACTTTGTCGACGCACT-1_V13B23-285_C1,1
AGAAATTATGACTCGC-1_V13B23-285_C1,4
AGAACCCAGCGTGACA-1_V13B23-285_C1,4
AGAACGTGGTACATTC-1_V13B23-285_C1,11
AGAAGAGCGCCGTTCC-1_V13B23-285_C1,1
AGAAGGTACACTTCAC-1_V13B23-285_C1,3
AGAAGGTTGCCGAATT-1_V13B23-285_C1,1
AGAAGTGATTCGTGAT-1_V13B23-285_C1,2
AGAATAAATCTTCAGG-1_V13B23-285_C1,2
AGAATGCGGGTTCGGA-1_V13B23-285_C1,3
AGAATTATGGATTCGA-1_V13B23-285_C1,11
AGAATTGTTTGACATA-1_V13B23-285_C1,1
AGACAGCTCAGAATCC-1_V13B23-285_C1,1
AGACAGGCATCTCAGC-1_V13B23-285_C1,4
AGACCAAACCACACCT-1_V13B23-285_C1,1
AGACCATGGGATACAA-1_V13B23-285_C1,3
AGACCCACCGCTGATC-1_V13B23-285_C1,1
AGACCCGCCCTCCTCG-1_V13B23-285_C1,3
AGACCGCTCCGCGGTT-1_V13B23-285_C1,4
AGACCGGGAAACCCTG-1_V13B23-285_C1,3
AGACGAAGTGCCGGTC-1_V13B23-285_C1,4
AGACGACGATGCCGCT-1_V13B23-285_C1,2
AGACGCCCACTTCGCC-1_V13B23-285_C1,1
AGACTAGCCTTCCAGA-1_V13B23-285_C1,1
AGACTGTTACCGGGTC-1_V13B23-285_C1,9
AGAGAACCGTCTAGGA-1_V13B23-285_C1,6
AGAGAAGGAGTACAAT-1_V13B23-285_C1,1
AGAGATCTCTAAAGCG-1_V13B23-285_C1,3
AGAGCAGTTATGAGAC-1_V13B23-285_C1,3
AGAGCCGCCGAGATTT-1_V13B23-285_C1,1
AGAGCGGGCTAATCAT-1_V13B23-285_C1,5
AGAGCGTACAAGCTCG-1_V13B23-285_C1,1
AGAGGCTTCGGAAACC-1_V13B23-285_C1,4
AGAGTAAACTTCACTA-1_V13B23-285_C1,1
AGAGTATAGTGTTACG-1_V13B23-285_C1,2
AGATAACTTCAGGGCC-1_V13B23-285_C1,1
AGATACCAGCACTTCA-1_V13B23-285_C1,8
AGATACCGGTGTTCAC-1_V13B23-285_C1,1
AGATACGACTTCATAT-1_V13B23-285_C1,3
AGATACTCAAGATCGA-1_V13B23-285_C1,1
AGATCGTGCATAAGAT-1_V13B23-285_C1,2
AGATCTCAGGTGTGAT-1_V13B23-285_C1,3
AGATGACTCGCCCACG-1_V13B23-285_C1,1
AGATGAGGGTTGCGAT-1_V13B23-285_C1,10
AGATGATGGAGTCTGG-1_V13B23-285_C1,12
AGATGCAAGACGTGCA-1_V13B23-285_C1,2
AGATGCTATAACGAGC-1_V13B23-285_C1,9
AGATTATAGGACGTTT-1_V13B23-285_C1,1
AGATTCACAACCGATA-1_V13B23-285_C1,2
AGCAAAGGCCGCTAGT-1_V13B23-285_C1,1
AGCAACATATCTTATT-1_V13B23-285_C1,12
AGCAACCGAAAGTAAT-1_V13B23-285_C1,2
AGCACCAGTACTCACG-1_V13B23-285_C1,2
AGCACTACCGGCCTGT-1_V13B23-285_C1,7
AGCACTACCTCACCAG-1_V13B23-285_C1,1
AGCACTTAAGGACGCC-1_V13B23-285_C1,6
AGCAGCCAGATGAATA-1_V13B23-285_C1,1
AGCATATCAATATGCT-1_V13B23-285_C1,1
AGCATCATTTCGAAAG-1_V13B23-285_C1,1
AGCATCGTCGATAATT-1_V13B23-285_C1,3
AGCCACAGGTTACCCG-1_V13B23-285_C1,1
AGCCACTCCCGTGCTT-1_V13B23-285_C1,14
AGCCCATACATGTAAG-1_V13B23-285_C1,6
AGCCCGGTAGCCTGTA-1_V13B23-285_C1,1
AGCCCTAAGCGAAGTT-1_V13B23-285_C1,5
AGCCCTGTCGCACCGT-1_V13B23-285_C1,9
AGCCCTTCTAATCCGA-1_V13B23-285_C1,2
AGCCCTTGGACATCCC-1_V13B23-285_C1,7
AGCCGTGGCTAAATGT-1_V13B23-285_C1,2
AGCCTAATACCCACGT-1_V13B23-285_C1,1
AGCCTTAAAGCGGAAG-1_V13B23-285_C1,3
AGCGACAGGAACGGTC-1_V13B23-285_C1,1
AGCGACATCCCATTCA-1_V13B23-285_C1,9
AGCGACCAACGATATT-1_V13B23-285_C1,1
AGCGCATAATGAATCG-1_V13B23-285_C1,2
AGCGCGGGTGCCAATG-1_V13B23-285_C1,2
AGCGCTAGAGCGATGT-1_V13B23-285_C1,7
AGCGGACACTTCGTAG-1_V13B23-285_C1,1
AGCGGCGGTTAGCGGT-1_V13B23-285_C1,11
AGCGGGAAGGGTCCAT-1_V13B23-285_C1,17
AGCGGTTGCCGCTCTG-1_V13B23-285_C1,6
AGCGTGGTATTCTACT-1_V13B23-285_C1,1
AGCTAACAAGCAATGT-1_V13B23-285_C1,1
AGCTAGAAGCAGAAGT-1_V13B23-285_C1,6
AGCTATTTAATCCAAC-1_V13B23-285_C1,13
AGCTCCATATATGTTC-1_V13B23-285_C1,4
AGCTCCTTCGCACATC-1_V13B23-285_C1,1
AGCTCTAGACGTTCCA-1_V13B23-285_C1,4
AGCTCTTCCCAGTGCA-1_V13B23-285_C1,10
AGCTCTTCGTAACCTT-1_V13B23-285_C1,12
AGCTCTTTACTCAGTT-1_V13B23-285_C1,1
AGCTGAAGTAAACCAA-1_V13B23-285_C1,3
AGCTGTAACCTCAATC-1_V13B23-285_C1,2
AGCTTGATCTTAACTT-1_V13B23-285_C1,3
AGGAAGCTGTCCGCCG-1_V13B23-285_C1,1
AGGACAGTCGAATCCC-1_V13B23-285_C1,1
AGGACATCGCACGTCG-1_V13B23-285_C1,9
AGGACGACCCATTAGA-1_V13B23-285_C1,3
AGGACGCTCGATGTTG-1_V13B23-285_C1,2
AGGAGACATCCACAGT-1_V13B23-285_C1,10
AGGAGAGTCTGGCTAC-1_V13B23-285_C1,2
AGGAGGCCTTCGCGCG-1_V13B23-285_C1,1
AGGATAAAGTCGGGAT-1_V13B23-285_C1,1
AGGATATAGGGATTTA-1_V13B23-285_C1,4
AGGATCACGCGATCTG-1_V13B23-285_C1,3
AGGATTGCTTACGACA-1_V13B23-285_C1,2
AGGCACGTGACTGTCC-1_V13B23-285_C1,4
AGGCAGATGCGTAAAC-1_V13B23-285_C1,2
AGGCAGGGAGCGTACT-1_V13B23-285_C1,12
AGGCATTGTCGTAGGG-1_V13B23-285_C1,4
AGGCCACATTGGTTAC-1_V13B23-285_C1,1
AGGCCACCCGTTATGA-1_V13B23-285_C1,1
AGGCCCATTGTACAGG-1_V13B23-285_C1,5
AGGCCCTAGAACGCCA-1_V13B23-285_C1,3
AGGCCTGAGAATCTCG-1_V13B23-285_C1,1
AGGCGATAACTGGCGT-1_V13B23-285_C1,1
AGGCGGTTTGTCCCGC-1_V13B23-285_C1,1
AGGCGTCTATGGACGG-1_V13B23-285_C1,2
AGGCTATGGTTAGCTT-1_V13B23-285_C1,1
AGGCTTCCCGAAGAAG-1_V13B23-285_C1,2
AGGCTTGCTAGACACC-1_V13B23-285_C1,1
AGGGAAACGAGGTACT-1_V13B23-285_C1,6
AGGGACCGGCTGCGTT-1_V13B23-285_C1,4
AGGGACTCTACGCGAC-1_V13B23-285_C1,2
AGGGAGACATACTTCG-1_V13B23-285_C1,1
AGGGCAGCGGCGTGGT-1_V13B23-285_C1,17
AGGGCGAGCAGCTGAT-1_V13B23-285_C1,6
AGGGCGTGATCGGCTA-1_V13B23-285_C1,14
AGGGCTGCAGTTACAG-1_V13B23-285_C1,1
AGGGTCAGTAACCCTA-1_V13B23-285_C1,3
AGGGTCGATGCGAACT-1_V13B23-285_C1,1
AGGGTGCTCTCGAGGG-1_V13B23-285_C1,1
AGGGTGGATAGTGCAT-1_V13B23-285_C1,1
AGGGTTCCCTTTGGTT-1_V13B23-285_C1,10
AGGGTTTAGTTCGGGA-1_V13B23-285_C1,2
AGGTAACCTCCTATTC-1_V13B23-285_C1,5
AGGTACGATATTGCCA-1_V13B23-285_C1,5
AGGTAGGTACAAAGCT-1_V13B23-285_C1,1
AGGTATAATTGATAGT-1_V13B23-285_C1,1
AGGTATGCGGACATTA-1_V13B23-285_C1,3
AGGTCAGGTGAGAGTG-1_V13B23-285_C1,1
AGGTCGCCTCCCAACA-1_V13B23-285_C1,1
AGGTCGCGGAGTTACT-1_V13B23-285_C1,2
AGGTGTATCGCCATGA-1_V13B23-285_C1,2
AGGTTACACCATGCCG-1_V13B23-285_C1,4
AGGTTGAGGCACGCTT-1_V13B23-285_C1,14
AGGTTTCACACACCTT-1_V13B23-285_C1,1
AGTAATGTCTTGCCGC-1_V13B23-285_C1,5
AGTACATCATTTATCA-1_V13B23-285_C1,2
AGTACCTTCGAGTGCT-1_V13B23-285_C1,19
AGTACGGCCCGTATCG-1_V13B23-285_C1,3
AGTACGGGCACCTGGC-1_V13B23-285_C1,2
AGTACTCTTATGCCCA-1_V13B23-285_C1,4
AGTAGGAAGGAAGTTG-1_V13B23-285_C1,10
AGTAGGTAACATACAT-1_V13B23-285_C1,5
AGTATAATACTAGGCA-1_V13B23-285_C1,1
AGTATGCTGGAGACCA-1_V13B23-285_C1,3
AGTATTTGGCACGACC-1_V13B23-285_C1,2
AGTCAACACCACCATC-1_V13B23-285_C1,1
AGTCAAGATGACACTT-1_V13B23-285_C1,4
AGTCACTAGCTCTCGA-1_V13B23-285_C1,1
AGTCAGCCACCGCCTG-1_V13B23-285_C1,1
AGTCCATTGGCTGATG-1_V13B23-285_C1,7
AGTCCCGCCTTTAATT-1_V13B23-285_C1,10
AGTCCCTCGCAGAAAG-1_V13B23-285_C1,2
AGTCGACGGTCTCAAG-1_V13B23-285_C1,4
AGTCGGCCCAAACGAC-1_V13B23-285_C1,1
AGTCGGCTCAACTTTA-1_V13B23-285_C1,10
AGTCGGTTGCGTGAGA-1_V13B23-285_C1,1
AGTCGTCGACCACCAA-1_V13B23-285_C1,4
AGTCGTGGGCATTACG-1_V13B23-285_C1,2
AGTCTAAAGTATACTC-1_V13B23-285_C1,2
AGTCTCACAAGACTAC-1_V13B23-285_C1,10
AGTCTGGACATCCTTG-1_V13B23-285_C1,1
AGTCTTCTCCTCAAAT-1_V13B23-285_C1,3
AGTGAACAAACTTCTC-1_V13B23-285_C1,1
AGTGAAGATGGTGTCC-1_V13B23-285_C1,3
AGTGACCTACTTTACG-1_V13B23-285_C1,1
AGTGAGACTTCCAGTA-1_V13B23-285_C1,12
AGTGAGCCTCGCCGCC-1_V13B23-285_C1,2
AGTGAGGGTTTCTGAC-1_V13B23-285_C1,8
AGTGATAACCTGCGCG-1_V13B23-285_C1,14
AGTGATATGAGTAGTT-1_V13B23-285_C1,1
AGTGATTCAAGCAGGA-1_V13B23-285_C1,1
AGTGCACGCTTAAGAA-1_V13B23-285_C1,1
AGTGCGTAGCTCGTAA-1_V13B23-285_C1,1
AGTGCTAAACACAGCA-1_V13B23-285_C1,1
AGTGCTTGCACGAATA-1_V13B23-285_C1,4
AGTGGCGGCAATTTGA-1_V13B23-285_C1,3
AGTGGCGTCTGAAGGT-1_V13B23-285_C1,1
AGTGGCTCCGTCGGCC-1_V13B23-285_C1,1
AGTGGTGTTACCCGTG-1_V13B23-285_C1,10
AGTGGTTGCGTATAGG-1_V13B23-285_C1,6
AGTGTATTGCGCATTG-1_V13B23-285_C1,10
AGTGTGCTAAGATCGC-1_V13B23-285_C1,3
AGTGTGGTCTATTGTG-1_V13B23-285_C1,3
AGTTAAACACTTGCGA-1_V13B23-285_C1,12
AGTTAAGCGGTCCCGG-1_V13B23-285_C1,5
AGTTAAGTCAACCGCT-1_V13B23-285_C1,2
AGTTACCCTTAAGACT-1_V13B23-285_C1,2
AGTTACCGCACATGGT-1_V13B23-285_C1,3
AGTTACTCTATCGTGG-1_V13B23-285_C1,10
AGTTCACCGGTTGGAC-1_V13B23-285_C1,1
AGTTCCTACAGAATTA-1_V13B23-285_C1,3
AGTTCCTATTTATGTT-1_V13B23-285_C1,1
AGTTCTGCGTTGTATC-1_V13B23-285_C1,3
AGTTGCTGACTGATAT-1_V13B23-285_C1,6
AGTTTATGTAAAGACA-1_V13B23-285_C1,2
AGTTTCGCAGGTCGGA-1_V13B23-285_C1,13
AGTTTGCACCTGCCTC-1_V13B23-285_C1,1
AGTTTGGCACGGGTTG-1_V13B23-285_C1,3
AGTTTGGCCAGACCTA-1_V13B23-285_C1,6
ATAAACGGACCCGTAA-1_V13B23-285_C1,1
ATAAACGTTGCACCAC-1_V13B23-285_C1,1
ATAAAGGCTCGGTCGT-1_V13B23-285_C1,1
ATAAATATTAGCAGCT-1_V13B23-285_C1,1
ATAACGCCGGAGGGTC-1_V13B23-285_C1,4
ATAACGGAGTCCAACG-1_V13B23-285_C1,1
ATAAGGTGGAGAACAT-1_V13B23-285_C1,4
ATAAGTAGGATTCAGA-1_V13B23-285_C1,2
ATAAGTAGGGCGACTC-1_V13B23-285_C1,4
ATAAGTTACCGCGACG-1_V13B23-285_C1,1
ATAATACCGTTAGCCG-1_V13B23-285_C1,3
ATAATAGCTGTTGAAT-1_V13B23-285_C1,1
ATAATAGTGTAGGGAC-1_V13B23-285_C1,1
ATAATCTTGGAGAACC-1_V13B23-285_C1,3
ATACAGGCCCTCCAAT-1_V13B23-285_C1,1
ATACCACGGGCAACTT-1_V13B23-285_C1,1
ATACCGTCATCCATAA-1_V13B23-285_C1,3
ATACCTAACCAAGAAA-1_V13B23-285_C1,1
ATACGAAGGCTTTCCA-1_V13B23-285_C1,3
ATACGCCGGCGAAACC-1_V13B23-285_C1,4
ATACGGAACGTCGTTT-1_V13B23-285_C1,11
ATACGGGTTTCGATTG-1_V13B23-285_C1,3
ATACGGTGAAGATGCA-1_V13B23-285_C1,1
ATACGTACTTAGCCAC-1_V13B23-285_C1,1
ATACGTCCACTCCTGT-1_V13B23-285_C1,1
ATACGTTATGCACGGA-1_V13B23-285_C1,1
ATACTACCCGTACCAC-1_V13B23-285_C1,1
ATACTAGCATGACCCT-1_V13B23-285_C1,9
ATACTGCCTTACACCG-1_V13B23-285_C1,1
ATACTTGTTCTCGAGC-1_V13B23-285_C1,1
ATAGACAACGGGACCT-1_V13B23-285_C1,11
ATAGACGAAGAGAAAG-1_V13B23-285_C1,1
ATAGAGTACTGGGACA-1_V13B23-285_C1,1
ATAGAGTTATCAACTT-1_V13B23-285_C1,10
ATAGCAACTAGGGAAG-1_V13B23-285_C1,1
ATAGCCTCAGTACCCA-1_V13B23-285_C1,1
ATAGCTGCTCTTGTTA-1_V13B23-285_C1,14
ATAGGCGGCTATAGAA-1_V13B23-285_C1,1
ATAGGCTAGCTTCGCA-1_V13B23-285_C1,1
ATAGGGATATCCTTGA-1_V13B23-285_C1,1
ATAGGTTGGGCAGATG-1_V13B23-285_C1,1
ATAGTGAAGCGTTCTC-1_V13B23-285_C1,1
ATAGTTCCACCCACTC-1_V13B23-285_C1,4
ATATAAAGCGCTCGTG-1_V13B23-285_C1,1
ATATAAATGTAGCTGC-1_V13B23-285_C1,1
ATATACGCTCGTGACG-1_V13B23-285_C1,4
ATATCAACCTACAGAG-1_V13B23-285_C1,4
ATATCGGTAGGGAGAT-1_V13B23-285_C1,4
ATATCGTTCCTCGAAC-1_V13B23-285_C1,1
ATATCTCCCTCGTTAA-1_V13B23-285_C1,1
ATATCTTAGGGCCTTC-1_V13B23-285_C1,3
ATATGTCTCCCTAGCC-1_V13B23-285_C1,4
ATATTCAGTTAAACCT-1_V13B23-285_C1,1
ATATTCCACATAGTGA-1_V13B23-285_C1,1
ATATTCCCACAGGTCA-1_V13B23-285_C1,17
ATATTGCTGTCAAAGT-1_V13B23-285_C1,1
ATATTGGAGAGGCCTT-1_V13B23-285_C1,1
ATATTTAACCCTCAAG-1_V13B23-285_C1,1
ATCAAACACTGTTCCA-1_V13B23-285_C1,4
ATCAAACGAAGGTTTG-1_V13B23-285_C1,3
ATCAATCTGGGCTGCA-1_V13B23-285_C1,8
ATCAATGCCGTGGCTG-1_V13B23-285_C1,1
ATCACATTAGAATATC-1_V13B23-285_C1,1
ATCACGTGCTAATTAA-1_V13B23-285_C1,1
ATCACTTCATCCTCGC-1_V13B23-285_C1,6
ATCAGACGGCACGCCG-1_V13B23-285_C1,2
ATCAGCCTCATGCTGC-1_V13B23-285_C1,1
ATCAGCTCGTCCACTA-1_V13B23-285_C1,1
ATCAGGTAGCTGACAG-1_V13B23-285_C1,2
ATCAGTAGGCAGGGAT-1_V13B23-285_C1,2
ATCATAGCCCTATGTA-1_V13B23-285_C1,1
ATCATCCAATATTTGT-1_V13B23-285_C1,1
ATCATGGACTACCGAC-1_V13B23-285_C1,7
ATCCAACGCAGTCATA-1_V13B23-285_C1,14
ATCCAATGGAGGGTCC-1_V13B23-285_C1,2
ATCCACATCGACAGAA-1_V13B23-285_C1,4
ATCCAGAGCAACAACC-1_V13B23-285_C1,1
ATCCAGGATTCGTGAA-1_V13B23-285_C1,1
ATCCTACCTAAGCTCT-1_V13B23-285_C1,1
ATCCTGAATCGCTGCG-1_V13B23-285_C1,2
ATCCTGCGTGGAATGG-1_V13B23-285_C1,1
ATCCTTCTGAAAGAAC-1_V13B23-285_C1,4
ATCGACCCAATACAGA-1_V13B23-285_C1,1
ATCGACTCTTTCCGTT-1_V13B23-285_C1,1
ATCGCACGCCGGGAGA-1_V13B23-285_C1,1
ATCGCCAGTCAACATT-1_V13B23-285_C1,4
ATCGCTGCGTGCAGCA-1_V13B23-285_C1,3
ATCGCTTTACGTCTCA-1_V13B23-285_C1,2
ATCGGAGACAGACGGC-1_V13B23-285_C1,3
ATCGGCAAGCAGTCCA-1_V13B23-285_C1,2
ATCGGTTACCTAGTAA-1_V13B23-285_C1,1
ATCGTTAGCTAGCGGA-1_V13B23-285_C1,1
ATCGTTCACTTTCGCC-1_V13B23-285_C1,6
ATCTAACGTCCCTATG-1_V13B23-285_C1,3
ATCTAATATCCTACGG-1_V13B23-285_C1,3
ATCTCCCACGGAATAT-1_V13B23-285_C1,4
ATCTCCCTGCAATCTA-1_V13B23-285_C1,9
ATCTCGTGAGCGAAAC-1_V13B23-285_C1,1
ATCTGATAGTGTCTTA-1_V13B23-285_C1,3
ATCTGCACCTCTGCGA-1_V13B23-285_C1,1
ATCTGGGCTGTTCTTG-1_V13B23-285_C1,1
ATCTGGTTAAGACTGT-1_V13B23-285_C1,2
ATCTGTAATTGTACCC-1_V13B23-285_C1,9
ATCTTGACCTGCAACG-1_V13B23-285_C1,1
ATCTTGACTTGTCCAA-1_V13B23-285_C1,2
ATCTTTCGTATAACCA-1_V13B23-285_C1,2
ATGAAGCCAAGGAGCC-1_V13B23-285_C1,3
ATGACGCCGGCTCTAA-1_V13B23-285_C1,9
ATGACGCGTTCTATCC-1_V13B23-285_C1,10
ATGACTATCAGCTGTG-1_V13B23-285_C1,1
ATGACTATGCGACATT-1_V13B23-285_C1,14
ATGAGGAGTGTTAATC-1_V13B23-285_C1,1
ATGAGGGCAGCGGCTA-1_V13B23-285_C1,4
ATGATCGGGAATAGAC-1_V13B23-285_C1,8
ATGATGCAATGGTACA-1_V13B23-285_C1,1
ATGCACCTTCCTTAAT-1_V13B23-285_C1,2
ATGCACTACCGCATTG-1_V13B23-285_C1,1
ATGCATGATCCAGGAT-1_V13B23-285_C1,9
ATGCCAATCGCTCTGC-1_V13B23-285_C1,3
ATGCCATTTGCGACCA-1_V13B23-285_C1,3
ATGCCGGTCTTGCATA-1_V13B23-285_C1,3
ATGCCGGTTGATGGGA-1_V13B23-285_C1,3
ATGCGACAATTGGTCC-1_V13B23-285_C1,3
ATGCGACAGTCCCATT-1_V13B23-285_C1,4
ATGCGAGTCCCACCAC-1_V13B23-285_C1,4
ATGCTCAGTGTTGCAT-1_V13B23-285_C1,3
ATGCTCTGGCGCGGTA-1_V13B23-285_C1,1
ATGCTTAGGAGTTGAT-1_V13B23-285_C1,4
ATGGAACCTTTGCACA-1_V13B23-285_C1,1
ATGGAGCAGGCCGTGA-1_V13B23-285_C1,3
ATGGATCCGGCGTCCG-1_V13B23-285_C1,1
ATGGATTGACCAAACG-1_V13B23-285_C1,1
ATGGCAGCCGAGAAAC-1_V13B23-285_C1,10
ATGGCGGAATAGTCGC-1_V13B23-285_C1,1
ATGGCTGGAAATGGCC-1_V13B23-285_C1,3
ATGGGACCTGCTGAAC-1_V13B23-285_C1,2
ATGGGCCTCGGCCTCT-1_V13B23-285_C1,1
ATGGTCGCGTGGTTTC-1_V13B23-285_C1,6
ATGTAAGGCTGCTCTT-1_V13B23-285_C1,3
ATGTGAAAGCCTAATG-1_V13B23-285_C1,12
ATGTGCATCCGACGCA-1_V13B23-285_C1,3
ATGTGGACATCTTGAT-1_V13B23-285_C1,1
ATGTTACGAGCAATAC-1_V13B23-285_C1,14
ATGTTCCTGCCCACCT-1_V13B23-285_C1,1
ATGTTCGTCGACCCAC-1_V13B23-285_C1,3
ATGTTTCGGCCCGGAG-1_V13B23-285_C1,2
ATTAAACATGCGGACC-1_V13B23-285_C1,1
ATTAATACTACGCGGG-1_V13B23-285_C1,3
ATTAATGAACCAGTCG-1_V13B23-285_C1,3
ATTAATTCGGTCACTC-1_V13B23-285_C1,5
ATTACAACTACCGGCC-1_V13B23-285_C1,6
ATTACATGTCAGTCTT-1_V13B23-285_C1,4
ATTACCACACTGCCTG-1_V13B23-285_C1,4
ATTACGACTCCACAGT-1_V13B23-285_C1,8
ATTACGCGCTGGCAGG-1_V13B23-285_C1,1
ATTACTAGCCTCTTGC-1_V13B23-285_C1,1
ATTACTTACTGGGCAT-1_V13B23-285_C1,2
ATTAGATTCCTCAGCA-1_V13B23-285_C1,2
ATTAGATTGATAGCGG-1_V13B23-285_C1,3
ATTAGGCGATGCTTTC-1_V13B23-285_C1,4
ATTATACTTTGCTCGT-1_V13B23-285_C1,5
ATTATGCCATAGGGAG-1_V13B23-285_C1,1
ATTATTATGTCCGTCA-1_V13B23-285_C1,1
ATTCAACCATTTAAGG-1_V13B23-285_C1,1
ATTCACTGATGTTGGA-1_V13B23-285_C1,1
ATTCAGGACCTATTTC-1_V13B23-285_C1,2
ATTCAGTAGCAGGGTC-1_V13B23-285_C1,2
ATTCATATACTGTCCA-1_V13B23-285_C1,1
ATTCATCGTTGAGGCA-1_V13B23-285_C1,1
ATTCCCACATAAACAA-1_V13B23-285_C1,3
ATTCCTAAGACGTGGA-1_V13B23-285_C1,3
ATTCCTCCGCCAGTGC-1_V13B23-285_C1,7
ATTCGACGCCGGGCCT-1_V13B23-285_C1,2
ATTCGTGCTATCTCTT-1_V13B23-285_C1,3
ATTCTCGTCTCTTTAG-1_V13B23-285_C1,17
ATTCTTCGTACTTATG-1_V13B23-285_C1,3
ATTGAAGATCTTAGTG-1_V13B23-285_C1,1
ATTGACCGGCGATGAC-1_V13B23-285_C1,2
ATTGACGTAACTCGGT-1_V13B23-285_C1,17
ATTGATAGCAACGAGA-1_V13B23-285_C1,6
ATTGATGAGTCCTAAC-1_V13B23-285_C1,2
ATTGCGATCAGTAACT-1_V13B23-285_C1,1
ATTGCTGCTCCTCCAT-1_V13B23-285_C1,1
ATTGGATTACAGCGTA-1_V13B23-285_C1,4
ATTGGGAATATCTTGG-1_V13B23-285_C1,5
ATTGTACAACTCGGCT-1_V13B23-285_C1,1
ATTGTCGCAATACCTT-1_V13B23-285_C1,2
ATTGTGACTTCGCTGC-1_V13B23-285_C1,8
ATTGTTCAACGATCCG-1_V13B23-285_C1,4
ATTTACAGTTTACTGG-1_V13B23-285_C1,1
ATTTACTAAGTCCATT-1_V13B23-285_C1,2
ATTTCATTATTTCGCG-1_V13B23-285_C1,9
ATTTCCGGGTTCTGCG-1_V13B23-285_C1,1
ATTTGCGCGAGTAGCT-1_V13B23-285_C1,2
ATTTGTCTTGGGAGCT-1_V13B23-285_C1,4
ATTTGTTCCAGGGCTC-1_V13B23-285_C1,9
CAAACGAGTATCGCAG-1_V13B23-285_C1,6
CAAACGGTCGCACTTT-1_V13B23-285_C1,1
CAAACTACGATAGAGA-1_V13B23-285_C1,6
CAAACTATTGAGCTTC-1_V13B23-285_C1,5
CAAACTCGCGACGCCG-1_V13B23-285_C1,4
CAAAGATTATTGGGCC-1_V13B23-285_C1,1
CAAAGGTCATCTGAAA-1_V13B23-285_C1,7
CAAATCTCTCACAAGG-1_V13B23-285_C1,1
CAAATGTCCTTCCGTG-1_V13B23-285_C1,1
CAAATTGGATTATGCC-1_V13B23-285_C1,2
CAAATTGTCAGCAAGC-1_V13B23-285_C1,7
CAACACATCTCCTGCC-1_V13B23-285_C1,2
CAACCAGTGGCCTACC-1_V13B23-285_C1,1
CAACCGCACCTAGACA-1_V13B23-285_C1,2
CAACCTACCGAGCAGT-1_V13B23-285_C1,7
CAACCTGAACCTGCCA-1_V13B23-285_C1,8
CAACGACCCGTTTACA-1_V13B23-285_C1,3
CAACGGTTCTTGATAC-1_V13B23-285_C1,14
CAACGTGGTGGAGTCT-1_V13B23-285_C1,4
CAACTCCGTAACTTGC-1_V13B23-285_C1,15
CAACTCCTTGATCCCG-1_V13B23-285_C1,3
CAACTGCTCATCCGAT-1_V13B23-285_C1,1
CAAGACTCAGAAGCGC-1_V13B23-285_C1,8
CAAGAGGGCGGAGTAC-1_V13B23-285_C1,4
CAAGATATTATAACGT-1_V13B23-285_C1,1
CAAGCAACGTCGGAGT-1_V13B23-285_C1,3
CAAGCACCAAATGCCT-1_V13B23-285_C1,9
CAAGCGGCACATAATT-1_V13B23-285_C1,1
CAAGGATCGCATGTTC-1_V13B23-285_C1,1
CAAGGTCCTATAGGCT-1_V13B23-285_C1,10
CAAGTGTGGTTGCAAA-1_V13B23-285_C1,4
CAATAAACCTTGGCCC-1_V13B23-285_C1,12
CAATACGAGAGTCTGA-1_V13B23-285_C1,4
CAATATGTAGATTTAC-1_V13B23-285_C1,8
CAATATTCTTGACCTA-1_V13B23-285_C1,12
CAATCCCTATACCAGC-1_V13B23-285_C1,6
CAATCCTGCCGTGGAG-1_V13B23-285_C1,1
CAATGAGGTTCGACTA-1_V13B23-285_C1,10
CAATGCGAGAAGTATC-1_V13B23-285_C1,4
CAATGGAATCTACATA-1_V13B23-285_C1,3
CAATGGATCTCTACCA-1_V13B23-285_C1,3
CAATGTGCCAACCCTT-1_V13B23-285_C1,1
CAATTAAGGGTGATGA-1_V13B23-285_C1,10
CAATTTCGTATAAGGG-1_V13B23-285_C1,1
CACAAGAAAGATATTA-1_V13B23-285_C1,3
CACAATGAGCTGCTAT-1_V13B23-285_C1,1
CACACACGCTAACGAG-1_V13B23-285_C1,1
CACACAGCTTGCGCTC-1_V13B23-285_C1,4
CACACAGGGATAGATT-1_V13B23-285_C1,1
CACACGCGCTGTCTTA-1_V13B23-285_C1,2
CACAGCACCCACGGCA-1_V13B23-285_C1,1
CACAGCTAGGGAGTGA-1_V13B23-285_C1,3
CACAGGGCCATATAGT-1_V13B23-285_C1,4
CACAGGGCCGTTGTCA-1_V13B23-285_C1,2
CACAGTCCCGCTTCGC-1_V13B23-285_C1,1
CACAGTTCGCTTCCCA-1_V13B23-285_C1,1
CACATATTAGCAGGAT-1_V13B23-285_C1,1
CACATCGTGCACGCGC-1_V13B23-285_C1,1
CACATCTCACCGACGA-1_V13B23-285_C1,1
CACATGATTCAGCAAC-1_V13B23-285_C1,1
CACATTCTTTCGATGG-1_V13B23-285_C1,2
CACATTTCTTGTCAGA-1_V13B23-285_C1,4
CACCACGCCACACAGA-1_V13B23-285_C1,2
CACCAGTCAGCATGCA-1_V13B23-285_C1,1
CACCATCGGAGGAGAC-1_V13B23-285_C1,5
CACCATGATCGCAAAG-1_V13B23-285_C1,8
CACCCAAATCTTATGT-1_V13B23-285_C1,4
CACCCACACGTCACCC-1_V13B23-285_C1,1
CACCCACGAGGCAATT-1_V13B23-285_C1,9
CACCCGGTTTGTGACT-1_V13B23-285_C1,1
CACCCTAACAAGATCT-1_V13B23-285_C1,1
CACCCTTGGTGAGACC-1_V13B23-285_C1,6
CACCGATACACCGAGC-1_V13B23-285_C1,1
CACCGCCAGAAGGTTT-1_V13B23-285_C1,1
CACCGCCGACCAGCGA-1_V13B23-285_C1,17
CACCGCGTCCACTCTA-1_V13B23-285_C1,3
CACCGTATCCCATCCG-1_V13B23-285_C1,1
CACCGTTAGGGATCAC-1_V13B23-285_C1,14
CACCGTTGCGCGATAT-1_V13B23-285_C1,2
CACCTAATAGAGTCGT-1_V13B23-285_C1,1
CACCTAATCAGTTTAC-1_V13B23-285_C1,9
CACCTCGATGGTGGAC-1_V13B23-285_C1,5
CACCTTGCGAAACTCG-1_V13B23-285_C1,1
CACCTTGGCGCCTTTG-1_V13B23-285_C1,6
CACGAAAGTTAGTCCC-1_V13B23-285_C1,1
CACGCACAGCGCAGCT-1_V13B23-285_C1,2
CACGCAGCGAGGCTTT-1_V13B23-285_C1,1
CACGCGGAACTGTTGC-1_V13B23-285_C1,4
CACGGACGTGGATGGC-1_V13B23-285_C1,8
CACGGCGCGCCAAAGG-1_V13B23-285_C1,2
CACGGGATTGAGGGTT-1_V13B23-285_C1,1
CACGTCGGCAACCTCT-1_V13B23-285_C1,2
CACGTTCGTGCTCTAG-1_V13B23-285_C1,1
CACGTTTCGTACACAC-1_V13B23-285_C1,1
CACTAAAGTTGCCTAT-1_V13B23-285_C1,1
CACTACGGGAGCTGCC-1_V13B23-285_C1,4
CACTCAAGAGCTATGG-1_V13B23-285_C1,1
CACTCAGCTCTTGAGG-1_V13B23-285_C1,5
CACTCCTATGTAAGAT-1_V13B23-285_C1,1
CACTCCTCTCGGTCGG-1_V13B23-285_C1,3
CACTCGAGCTGAACAA-1_V13B23-285_C1,1
CACTCGGTTAGGAGGA-1_V13B23-285_C1,3
CACTCTTCTGCTAGCC-1_V13B23-285_C1,1
CACTGTCCAAGTGAGA-1_V13B23-285_C1,3
CACTTAATCAGACGGA-1_V13B23-285_C1,1
CACTTCGCCACAGGCT-1_V13B23-285_C1,1
CACTTCGTCTTATCTC-1_V13B23-285_C1,1
CAGAACTTAGCCCTCT-1_V13B23-285_C1,4
CAGAATAACACACGGA-1_V13B23-285_C1,4
CAGAATATTCGTTATC-1_V13B23-285_C1,1
CAGACACCGATCGCTG-1_V13B23-285_C1,3
CAGACCTGTAAGTGTT-1_V13B23-285_C1,2
CAGACGAACCTGATAC-1_V13B23-285_C1,1
CAGAGACGGTCACCCA-1_V13B23-285_C1,1
CAGAGCATGAGCTTGC-1_V13B23-285_C1,7
CAGAGGCGATGCATGA-1_V13B23-285_C1,1
CAGAGTGATTTAACGT-1_V13B23-285_C1,17
CAGATACTAACATAGT-1_V13B23-285_C1,1
CAGATCATTTAAAGTC-1_V13B23-285_C1,1
CAGATCCTGGTTTGAA-1_V13B23-285_C1,1
CAGCAGCCCGTTCCTT-1_V13B23-285_C1,10
CAGCAGTCCAGACTAT-1_V13B23-285_C1,1
CAGCAGTCTGTGCTGC-1_V13B23-285_C1,1
CAGCCGGGCCCTCTAT-1_V13B23-285_C1,2
CAGCCTCCTGCAGAGG-1_V13B23-285_C1,6
CAGCCTCGATAGCGGT-1_V13B23-285_C1,1
CAGCCTCTCCTCAAGA-1_V13B23-285_C1,2
CAGCGATTCCCTTCAA-1_V13B23-285_C1,1
CAGCTCACTGAGACAT-1_V13B23-285_C1,9
CAGCTCGACAAGTTAA-1_V13B23-285_C1,1
CAGCTCGTGCTTGTGT-1_V13B23-285_C1,9
CAGCTGGCGTAACCGT-1_V13B23-285_C1,2
CAGCTTAGTAGGTAGC-1_V13B23-285_C1,1
CAGGAAGACTTTATAT-1_V13B23-285_C1,3
CAGGACAGCTGCCCTT-1_V13B23-285_C1,1
CAGGATATATCGTTGT-1_V13B23-285_C1,1
CAGGCCGTTTGGGTGT-1_V13B23-285_C1,1
CAGGCGCACGGTGGTC-1_V13B23-285_C1,2
CAGGCGCCATGCTAGG-1_V13B23-285_C1,1
CAGTAACTATTTATTG-1_V13B23-285_C1,3
CAGTAATCCCTCCCAG-1_V13B23-285_C1,3
CAGTACATTCTCTAAA-1_V13B23-285_C1,6
CAGTACCAGTTTACGT-1_V13B23-285_C1,1
CAGTAGCCCACGCGGT-1_V13B23-285_C1,3
CAGTCGAGGATGCAAT-1_V13B23-285_C1,1
CAGTCTGTATACTGGG-1_V13B23-285_C1,3
CAGTGAATAAATGACT-1_V13B23-285_C1,14
CAGTGGTTGCACATGA-1_V13B23-285_C1,12
CAGTGTCCGCAGAATG-1_V13B23-285_C1,9
CAGTGTCGGCTGGCCC-1_V13B23-285_C1,1
CAGTTCAAATTGACAC-1_V13B23-285_C1,3
CAGTTCCGCGGGTCGA-1_V13B23-285_C1,1
CATAACGGACAGTCGT-1_V13B23-285_C1,4
CATAAGAAGCTTGGCT-1_V13B23-285_C1,1
CATAAGCTCTCCGTCT-1_V13B23-285_C1,6
CATACAAAGCCGAACC-1_V13B23-285_C1,14
CATACACGGTTCCCAC-1_V13B23-285_C1,3
CATACCCGTACCCAGT-1_V13B23-285_C1,1
CATACGGCGTCTGGGC-1_V13B23-285_C1,4
CATACTATGTAATTGT-1_V13B23-285_C1,1
CATACTTAGGCAATAC-1_V13B23-285_C1,4
CATAGCCGCCCGGGAT-1_V13B23-285_C1,1
CATAGCGTTGCCCACC-1_V13B23-285_C1,1
CATAGTACATTGAGAG-1_V13B23-285_C1,5
CATAGTAGCATAGTAG-1_V13B23-285_C1,2
CATAGTCCACAAGAAC-1_V13B23-285_C1,1
CATATACTACTGATAA-1_V13B23-285_C1,6
CATATAGGTACAGTCA-1_V13B23-285_C1,1
CATATGTCAGGCTACG-1_V13B23-285_C1,2
CATATTATTTGCCCTA-1_V13B23-285_C1,9
CATCAAACTGGCGCCC-1_V13B23-285_C1,8
CATCAACACCTACTAA-1_V13B23-285_C1,2
CATCATCTACCCGGAC-1_V13B23-285_C1,5
CATCATTACCCTGAGG-1_V13B23-285_C1,1
CATCCGCAGGCCCGAA-1_V13B23-285_C1,6
CATCCTCTCAAAGATC-1_V13B23-285_C1,4
CATCGCCCGCGGCCAA-1_V13B23-285_C1,9
CATCGGACGGGTTAAT-1_V13B23-285_C1,1
CATCGTCCGGTTACTA-1_V13B23-285_C1,1
CATCTAGTGAAGGGAA-1_V13B23-285_C1,1
CATCTATCCCGTGTCT-1_V13B23-285_C1,2
CATCTGCAGGATCATT-1_V13B23-285_C1,2
CATCTTACACCACCTC-1_V13B23-285_C1,4
CATGACTTCGCTGAAT-1_V13B23-285_C1,4
CATGAGATGCACTCTC-1_V13B23-285_C1,1
CATGATGCACAATTCT-1_V13B23-285_C1,9
CATGATGGAAGTTAGC-1_V13B23-285_C1,16
CATGCCAACTCGCAAA-1_V13B23-285_C1,6
CATGCGACCAGTTTAA-1_V13B23-285_C1,11
CATGCGTTAGACAGAA-1_V13B23-285_C1,5
CATGCTGGCTCCAATT-1_V13B23-285_C1,13
CATGGATTGTCTTCCG-1_V13B23-285_C1,4
CATGGCAGGAAGATCG-1_V13B23-285_C1,9
CATGGGTATGCCTTAT-1_V13B23-285_C1,1
CATGGGTCGGGTGTGG-1_V13B23-285_C1,4
CATGGTAAGTAGCGTT-1_V13B23-285_C1,1
CATGGTCTAGATACCG-1_V13B23-285_C1,3
CATGTAAGAGACATTT-1_V13B23-285_C1,4
CATGTAGGAGCGCCAA-1_V13B23-285_C1,11
CATGTCTCATTTATGG-1_V13B23-285_C1,12
CATTACATAGATTGTG-1_V13B23-285_C1,11
CATTACGTCGGCCCGT-1_V13B23-285_C1,9
CATTATGCTTGTTGTG-1_V13B23-285_C1,1
CATTCCCATTCCGTCG-1_V13B23-285_C1,10
CATTCCCTAAGTACAA-1_V13B23-285_C1,1
CATTCGTCGTAGCGGT-1_V13B23-285_C1,1
CATTGATGAACACGCC-1_V13B23-285_C1,8
CATTGCGAAATGGGCG-1_V13B23-285_C1,3
CATTGCGGGTCAATTC-1_V13B23-285_C1,6
CATTGTGTGCTAGATC-1_V13B23-285_C1,1
CATTTAGCGGACCATG-1_V13B23-285_C1,2
CATTTCTAGCAGACTA-1_V13B23-285_C1,1
CATTTGAGTGGTACGT-1_V13B23-285_C1,1
CCAAACAGAACCCTCG-1_V13B23-285_C1,3
CCAAATAACAAGATTC-1_V13B23-285_C1,4
CCAACGATGCACTGAT-1_V13B23-285_C1,1
CCAACGCTTGCCAGGG-1_V13B23-285_C1,8
CCAACTTGATAGATCC-1_V13B23-285_C1,4
CCAAGAAAGTGGGCGA-1_V13B23-285_C1,1
CCAAGACTTCTGCGAA-1_V13B23-285_C1,9
CCAAGCGTAACTCGTA-1_V13B23-285_C1,3
CCAAGGAACAGAGAGG-1_V13B23-285_C1,5
CCAAGTTTCTACAGAT-1_V13B23-285_C1,3
CCAATAGTGCCGTCGA-1_V13B23-285_C1,1
CCAATCGGTAGATCGA-1_V13B23-285_C1,6
CCAATGTCACAGCAAG-1_V13B23-285_C1,3
CCAATTACGGGTCGAG-1_V13B23-285_C1,2
CCAATTGAATGTTAAT-1_V13B23-285_C1,3
CCACAATGTACGTCTT-1_V13B23-285_C1,3
CCACACTGAGATATTA-1_V13B23-285_C1,1
CCACAGTACCCATCCT-1_V13B23-285_C1,1
CCACATACTGCACCCA-1_V13B23-285_C1,1
CCACCAACTTTACTGT-1_V13B23-285_C1,1
CCACCCAAGGAAAGTG-1_V13B23-285_C1,4
CCACCTGTATGGAATA-1_V13B23-285_C1,1
CCACGAATTTAACCTC-1_V13B23-285_C1,1
CCACGAGAAGAGAATC-1_V13B23-285_C1,13
CCACGGAGCCATAAGA-1_V13B23-285_C1,1
CCACGGTGCCCGGTAG-1_V13B23-285_C1,1
CCACGTAAATTAGACT-1_V13B23-285_C1,1
CCACTATCCGGGTCAC-1_V13B23-285_C1,2
CCACTGGTGGCTGGTT-1_V13B23-285_C1,3
CCACTGTTTGGATTAA-1_V13B23-285_C1,1
CCAGAAAGCAACTCAT-1_V13B23-285_C1,2
CCAGAGACAAAGCCGG-1_V13B23-285_C1,3
CCAGATAGTTGAGTGA-1_V13B23-285_C1,2
CCAGATGTAAATGGGT-1_V13B23-285_C1,8
CCAGCCTGGACCAATA-1_V13B23-285_C1,3
CCAGCGGGATCACCAG-1_V13B23-285_C1,3
CCAGCTCGAACGCATT-1_V13B23-285_C1,14
CCAGCTGATGGTACTT-1_V13B23-285_C1,6
CCAGCTTCCGCCCGCA-1_V13B23-285_C1,3
CCAGGCTGGCGTCTGA-1_V13B23-285_C1,3
CCAGGGACGTGGCCTC-1_V13B23-285_C1,1
CCAGTAGTCTGATCCA-1_V13B23-285_C1,11
CCAGTCAAATCTCTTA-1_V13B23-285_C1,1
CCAGTCTAGACGGCGC-1_V13B23-285_C1,6
CCAGTCTTGTCATAGA-1_V13B23-285_C1,1
CCATAAACAACCCGAC-1_V13B23-285_C1,13
CCATACCTTTACTTGT-1_V13B23-285_C1,2
CCATAGGTTGGCGTGG-1_V13B23-285_C1,9
CCATAGTCAGTAACCC-1_V13B23-285_C1,3
CCATATGGAAACTATA-1_V13B23-285_C1,1
CCATATTGGATCATGA-1_V13B23-285_C1,17
CCATCCATACCAAGTC-1_V13B23-285_C1,5
CCATCGCAGTTAAACT-1_V13B23-285_C1,4
CCATCTCACCAGTGAA-1_V13B23-285_C1,3
CCATGCCCTAGATTTC-1_V13B23-285_C1,4
CCATGCCTGTTTAGTA-1_V13B23-285_C1,1
CCATGCTCTGCAGGAA-1_V13B23-285_C1,1
CCATGGCCCTTGTACC-1_V13B23-285_C1,14
CCATTAGCGATAATCC-1_V13B23-285_C1,1
CCATTCCCTGCCCACA-1_V13B23-285_C1,1
CCATTGTTTCCTCCAT-1_V13B23-285_C1,3
CCATTTCTACCTATTA-1_V13B23-285_C1,1
CCCAAACATGCTGCTC-1_V13B23-285_C1,1
CCCAACATACGTCGCG-1_V13B23-285_C1,2
CCCAACCACACTAACA-1_V13B23-285_C1,17
CCCAATGAGATTTGCA-1_V13B23-285_C1,1
CCCAATTTCACAACTT-1_V13B23-285_C1,3
CCCAGAGGAGGGCGTA-1_V13B23-285_C1,3
CCCAGGTCTGAAGGCT-1_V13B23-285_C1,1
CCCAGTTAAGGCGCCG-1_V13B23-285_C1,4
CCCGAAGTTTCGCGAA-1_V13B23-285_C1,2
CCCGACCATAGTCCGC-1_V13B23-285_C1,9
CCCGAGTTTCTCCGTA-1_V13B23-285_C1,4
CCCGATAGCCTCGCCT-1_V13B23-285_C1,2
CCCGCAGCGCGAACTA-1_V13B23-285_C1,1
CCCGCAGGGCCCAAAG-1_V13B23-285_C1,6
CCCGCCATGCTCCCGT-1_V13B23-285_C1,6
CCCGCGCAATGCACCC-1_V13B23-285_C1,1
CCCGGTGGAAGAACCT-1_V13B23-285_C1,3
CCCGGTGTATCGGAAT-1_V13B23-285_C1,14
CCCGTAGCTGGGAAGA-1_V13B23-285_C1,10
CCCGTCAGCGTCTGAC-1_V13B23-285_C1,1
CCCGTTTCGCAGATGT-1_V13B23-285_C1,1
CCCTATGTAGAGCAGA-1_V13B23-285_C1,10
CCCTCATTCTGGAATT-1_V13B23-285_C1,3
CCCTCCTCGCTCGTAT-1_V13B23-285_C1,1
CCCTGAAATGAGTTGA-1_V13B23-285_C1,1
CCCTGACTAACAAATT-1_V13B23-285_C1,6
CCCTGATGTAACTCGT-1_V13B23-285_C1,1
CCCTGCCCAATCCGCT-1_V13B23-285_C1,2
CCCTGCGCTACGCATA-1_V13B23-285_C1,1
CCCTGTTGGCAAAGAC-1_V13B23-285_C1,9
CCCTTTAATGGAGTTC-1_V13B23-285_C1,12
CCCTTTGACAGGTCTT-1_V13B23-285_C1,3
CCGAAAGTGGTGAGCA-1_V13B23-285_C1,1
CCGAACACTGGGCCTC-1_V13B23-285_C1,2
CCGAACCTTCCCGGCC-1_V13B23-285_C1,1
CCGAAGGGCGTACCGC-1_V13B23-285_C1,11
CCGAAGTATATTGTTC-1_V13B23-285_C1,3
CCGACAAACACATGAG-1_V13B23-285_C1,1
CCGACAAAGGGAGTGC-1_V13B23-285_C1,4
CCGACAATAGGCCGCC-1_V13B23-285_C1,1
CCGACGGGCATGAGGT-1_V13B23-285_C1,10
CCGACGTAAACACAAC-1_V13B23-285_C1,3
CCGAGAAGTCGCATAA-1_V13B23-285_C1,4
CCGAGCTGTGCTTGTC-1_V13B23-285_C1,3
CCGATATGACGTAAGG-1_V13B23-285_C1,4
CCGATCTCAACCTTAT-1_V13B23-285_C1,4
CCGATTCGAGGGACCC-1_V13B23-285_C1,3
CCGCACAAAGACCAAC-1_V13B23-285_C1,4
CCGCACACGAACGTGT-1_V13B23-285_C1,12
CCGCACGTGACCTCGG-1_V13B23-285_C1,1
CCGCATGTGGTACGAT-1_V13B23-285_C1,6
CCGCCGGTCAACACAC-1_V13B23-285_C1,13
CCGCCGTTGAGGATAA-1_V13B23-285_C1,14
CCGCCTGCGAATTGGT-1_V13B23-285_C1,3
CCGCGGAATGCGTCAC-1_V13B23-285_C1,1
CCGCGGGTACGAAGAA-1_V13B23-285_C1,1
CCGCGTAGGTAAGGGC-1_V13B23-285_C1,1
CCGCTATCAGCACCAG-1_V13B23-285_C1,1
CCGCTCTTCCGAACTA-1_V13B23-285_C1,3
CCGCTTACCTCACTCT-1_V13B23-285_C1,2
CCGCTTGCTGACATGG-1_V13B23-285_C1,3
CCGGAAGTTATCAGTC-1_V13B23-285_C1,1
CCGGAATGGTTTCAGT-1_V13B23-285_C1,1
CCGGAGCGTACTTTCT-1_V13B23-285_C1,11
CCGGAGGTCTTATGGT-1_V13B23-285_C1,10
CCGGCACGACCGTTTC-1_V13B23-285_C1,1
CCGGCGCATATTGGAT-1_V13B23-285_C1,9
CCGGGCGGTCTCGTCA-1_V13B23-285_C1,2
CCGGGCTGCTCCATAC-1_V13B23-285_C1,1
CCGGGTTCGAGGTTAC-1_V13B23-285_C1,1
CCGGTAATGGCTAGTC-1_V13B23-285_C1,4
CCGGTTTGTAATTGTG-1_V13B23-285_C1,1
CCGTAAGTTGGTCCCA-1_V13B23-285_C1,1
CCGTACCCAAGCGCCA-1_V13B23-285_C1,18
CCGTAGGAAATCCCTG-1_V13B23-285_C1,1
CCGTAGGGTTGTTTAC-1_V13B23-285_C1,1
CCGTATCTCGTCGTAG-1_V13B23-285_C1,2
CCGTATTAGCGCAGTT-1_V13B23-285_C1,3
CCGTGAGGCATTCATG-1_V13B23-285_C1,1
CCGTGCCCATGACGGC-1_V13B23-285_C1,17
CCGTGGAACGATCCAA-1_V13B23-285_C1,11
CCGTGTTAAATTCCAT-1_V13B23-285_C1,11
CCGTTACGTTAGAACA-1_V13B23-285_C1,1
CCGTTCCGAATCTCGG-1_V13B23-285_C1,1
CCTAAAGGCTGACGCT-1_V13B23-285_C1,9
CCTAAATTAACGGTTC-1_V13B23-285_C1,3
CCTAAATTGTATCCTA-1_V13B23-285_C1,1
CCTAACCCAAACAAGT-1_V13B23-285_C1,4
CCTAACTAAGGCTCTA-1_V13B23-285_C1,2
CCTACAAGTCCGGAAT-1_V13B23-285_C1,8
CCTACATTCACAGACG-1_V13B23-285_C1,2
CCTACGGCTCAGTCGA-1_V13B23-285_C1,3
CCTACTCAACACGATT-1_V13B23-285_C1,1
CCTACTGCGGCGGCCA-1_V13B23-285_C1,8
CCTACTGCTTACACTT-1_V13B23-285_C1,1
CCTAGGCGTAGCGATC-1_V13B23-285_C1,4
CCTAGGTAAAGGTAGC-1_V13B23-285_C1,11
CCTAGTTAGTCGCATG-1_V13B23-285_C1,13
CCTATAATGAGTGCCC-1_V13B23-285_C1,1
CCTATACCGTCCTGTC-1_V13B23-285_C1,1
CCTATATCGTGTCACG-1_V13B23-285_C1,11
CCTATATTTGTCCTGG-1_V13B23-285_C1,2
CCTATCTATATCGGAA-1_V13B23-285_C1,14
CCTATGAAGTGGTGCC-1_V13B23-285_C1,4
CCTATGGCTCCTAGTG-1_V13B23-285_C1,1
CCTATGGGTTACCGTC-1_V13B23-285_C1,2
CCTATGTCCACTCCAC-1_V13B23-285_C1,1
CCTCACCAATCTTGAC-1_V13B23-285_C1,1
CCTCACCTGAGGGAGC-1_V13B23-285_C1,3
CCTCACCTTAGCATCG-1_V13B23-285_C1,2
CCTCACGTCAGCTAAT-1_V13B23-285_C1,1
CCTCCCGACAATCCCT-1_V13B23-285_C1,17
CCTCCGACAATTCAAG-1_V13B23-285_C1,1
CCTCCTGTTGTGTCGT-1_V13B23-285_C1,1
CCTCGAAGTGGACGGG-1_V13B23-285_C1,5
CCTCGCCAGCAAATTA-1_V13B23-285_C1,5
CCTCGCGCGATATAGG-1_V13B23-285_C1,10
CCTCGCGCTGTGCGAT-1_V13B23-285_C1,1
CCTCGGACCGGGATAG-1_V13B23-285_C1,1
CCTCGGATGCTACCTG-1_V13B23-285_C1,1
CCTCTAATCTGCCAAG-1_V13B23-285_C1,1
CCTCTATCGATTAGCA-1_V13B23-285_C1,2
CCTCTCTCCCATCTAG-1_V13B23-285_C1,1
CCTCTGGCCTAGACGG-1_V13B23-285_C1,5
CCTCTGTACTATTCTA-1_V13B23-285_C1,6
CCTGAACGATATATTC-1_V13B23-285_C1,1
CCTGAATATTTACATA-1_V13B23-285_C1,2
CCTGACCACCGATGGT-1_V13B23-285_C1,1
CCTGCCCGTTGTCTAG-1_V13B23-285_C1,2
CCTGCGTTCTACGCTT-1_V13B23-285_C1,1
CCTGCTATTTGAGAAG-1_V13B23-285_C1,1
CCTGGAAACGTTCTGC-1_V13B23-285_C1,1
CCTGGCTAGACCCGCC-1_V13B23-285_C1,1
CCTGGTCGAATGTGGG-1_V13B23-285_C1,1
CCTGTAAGACATGATA-1_V13B23-285_C1,1
CCTGTACTCACGCCCA-1_V13B23-285_C1,1
CCTGTCACCCGGGCTC-1_V13B23-285_C1,2
CCTGTCCCTCACGTTA-1_V13B23-285_C1,4
CCTGTCGCCCGTAAAT-1_V13B23-285_C1,4
CCTGTTTGAAGACACG-1_V13B23-285_C1,1
CCTTCAGTTAAAGTGA-1_V13B23-285_C1,1
CCTTCTCAGCGTTCCT-1_V13B23-285_C1,8
CCTTCTTGATCCAGTG-1_V13B23-285_C1,9
CCTTGACCACTTTATT-1_V13B23-285_C1,1
CCTTTAAGGGAGCACT-1_V13B23-285_C1,2
CCTTTCAATGAAGAAA-1_V13B23-285_C1,3
CGAAACATAGATGGCA-1_V13B23-285_C1,9
CGAAACGCAATTCATG-1_V13B23-285_C1,1
CGAACAGTATGGGCGT-1_V13B23-285_C1,4
CGAACCCGCATGCGTC-1_V13B23-285_C1,1
CGAACGCCCAGTGCCG-1_V13B23-285_C1,13
CGAACGGCCGGACAAC-1_V13B23-285_C1,3
CGAAGCTATAAATTCA-1_V13B23-285_C1,6
CGAAGTTGCTCTGTGT-1_V13B23-285_C1,2
CGAATCTGCTCGACGC-1_V13B23-285_C1,1
CGAATGACGCATAATG-1_V13B23-285_C1,1
CGACAATTTGATCTAA-1_V13B23-285_C1,7
CGACACGCTCCGACAG-1_V13B23-285_C1,4
CGACAGTTCGCGTTAT-1_V13B23-285_C1,1
CGACATGCGATCTTCT-1_V13B23-285_C1,17
CGACCCTTAACGCCGG-1_V13B23-285_C1,1
CGACTCAGGATGTTAT-1_V13B23-285_C1,2
CGACTTTGTATAGCCT-1_V13B23-285_C1,10
CGAGACCCTAGAGTGT-1_V13B23-285_C1,6
CGAGAGATGTGAACCT-1_V13B23-285_C1,2
CGAGAGGGTAGCCGCG-1_V13B23-285_C1,1
CGAGATTTCGCTCGGG-1_V13B23-285_C1,1
CGAGCACTTCAAGTTT-1_V13B23-285_C1,1
CGAGCGTTGATCAGCC-1_V13B23-285_C1,17
CGAGCTGGGCTTTAGG-1_V13B23-285_C1,7
CGAGGAGCTTCCATAT-1_V13B23-285_C1,10
CGAGGATCGGGAACGA-1_V13B23-285_C1,6
CGAGGCCAGGCATTGG-1_V13B23-285_C1,1
CGAGGCTAAATATGGC-1_V13B23-285_C1,2
CGAGGGACTGCGGTCG-1_V13B23-285_C1,9
CGAGTACTAAAGAGGA-1_V13B23-285_C1,1
CGAGTGAAGGTACCAG-1_V13B23-285_C1,1
CGAGTTCTGTCCCACC-1_V13B23-285_C1,12
CGAGTTTATCGGACTG-1_V13B23-285_C1,12
CGATAATACTCAGGTT-1_V13B23-285_C1,1
CGATACCTCGCGGACA-1_V13B23-285_C1,1
CGATCCGACCCAGTGC-1_V13B23-285_C1,1
CGATCTGTTGGAGGAC-1_V13B23-285_C1,1
CGATGGACCCTACGCC-1_V13B23-285_C1,10
CGATTAAATATCTCCT-1_V13B23-285_C1,1
CGATTCGCCTGGCTGC-1_V13B23-285_C1,4
CGCAAACACGAGTTAC-1_V13B23-285_C1,6
CGCAATTACTTTCGGT-1_V13B23-285_C1,1
CGCAATTAGGGTAATA-1_V13B23-285_C1,1
CGCAATTCTACAATAA-1_V13B23-285_C1,1
CGCACATGTCCACTAC-1_V13B23-285_C1,4
CGCACGTGCGCTATCA-1_V13B23-285_C1,1
CGCAGATCTTCACCCG-1_V13B23-285_C1,2
CGCAGGCGATCCAAAC-1_V13B23-285_C1,4
CGCATCATGGCTTCAG-1_V13B23-285_C1,3
CGCATCCATCAGCCAG-1_V13B23-285_C1,3
CGCATGGTGCGATGCT-1_V13B23-285_C1,1
CGCATTAGCTAATAGG-1_V13B23-285_C1,3
CGCCAAGAAGCCGAGT-1_V13B23-285_C1,3
CGCCAATTATTGCGTT-1_V13B23-285_C1,3
CGCCACAGGTCGCGAT-1_V13B23-285_C1,11
CGCCATCCGATTATGA-1_V13B23-285_C1,2
CGCCCAGCACGCCTAG-1_V13B23-285_C1,1
CGCCCGCTTCCGTACA-1_V13B23-285_C1,5
CGCCCTTGAAGGCTGA-1_V13B23-285_C1,1
CGCCGCCCATGCCTGT-1_V13B23-285_C1,4
CGCCGTCTACCCATCG-1_V13B23-285_C1,7
CGCCGTTCAGCATAGT-1_V13B23-285_C1,1
CGCCTCCCTCCTCTAT-1_V13B23-285_C1,1
CGCCTGGCCTACGTAA-1_V13B23-285_C1,3
CGCCTTTAGCATGCTC-1_V13B23-285_C1,4
CGCGACACTGCGCAGC-1_V13B23-285_C1,1
CGCGACCGCGACAGAT-1_V13B23-285_C1,1
CGCGAGAGGGACTTGT-1_V13B23-285_C1,3
CGCGAGTCTGCCGGGT-1_V13B23-285_C1,1
CGCGCAAATGTCCAGA-1_V13B23-285_C1,11
CGCGCATGTTTGATTG-1_V13B23-285_C1,2
CGCGCCCGACTTAATA-1_V13B23-285_C1,9
CGCGGCAGTATTACGG-1_V13B23-285_C1,14
CGCGGCTCAACTTGAA-1_V13B23-285_C1,4
CGCGGGAATTAGGCAG-1_V13B23-285_C1,2
CGCGGTAAGTCTAGCT-1_V13B23-285_C1,2
CGCGGTACGGTATACA-1_V13B23-285_C1,1
CGCGGTCACAAACCAA-1_V13B23-285_C1,6
CGCGTTCATGAAATAC-1_V13B23-285_C1,6
CGCTACGGGACATTTA-1_V13B23-285_C1,1
CGCTAGAGACCGCTGC-1_V13B23-285_C1,4
CGCTATACCGCCCACT-1_V13B23-285_C1,5
CGCTATTCAATGTATG-1_V13B23-285_C1,1
CGCTATTCTTAGGCTC-1_V13B23-285_C1,1
CGCTCGACATAATGAT-1_V13B23-285_C1,1
CGCTCTCCGTAGATTA-1_V13B23-285_C1,1
CGCTGGTGACTACCCT-1_V13B23-285_C1,4
CGCTGTGACGCCGCAC-1_V13B23-285_C1,3
CGCTGTGTGGATGTTG-1_V13B23-285_C1,1
CGCTTATTCCCGGTCG-1_V13B23-285_C1,10
CGCTTCCACTGAAATC-1_V13B23-285_C1,6
CGCTTTCATACCGGTG-1_V13B23-285_C1,13
CGCTTTCTTGCATTCG-1_V13B23-285_C1,12
CGGAAAGAATCAAACG-1_V13B23-285_C1,14
CGGAAAGCAAATGTGC-1_V13B23-285_C1,2
CGGAACGTAAACATAG-1_V13B23-285_C1,3
CGGAGCAATTTAATCG-1_V13B23-285_C1,1
CGGAGCATGGCGATCC-1_V13B23-285_C1,6
CGGAGCTTATAACACC-1_V13B23-285_C1,6
CGGAGTTTGAGAGACA-1_V13B23-285_C1,1
CGGATAAGCGGACATG-1_V13B23-285_C1,3
CGGATCCTCAAGGACT-1_V13B23-285_C1,1
CGGCAAACATCGTGCG-1_V13B23-285_C1,3
CGGCAATAAGATCGCC-1_V13B23-285_C1,1
CGGCACCGTTAGCGCC-1_V13B23-285_C1,6
CGGCACTCAAGAAAGT-1_V13B23-285_C1,9
CGGCCACGCACAAAGT-1_V13B23-285_C1,4
CGGCCCAACCTGTAGT-1_V13B23-285_C1,11
CGGCCCAGGTATATCC-1_V13B23-285_C1,4
CGGCGCCATCAATCCC-1_V13B23-285_C1,1
CGGCTCTAAAGCTGCA-1_V13B23-285_C1,12
CGGCTCTTCGTCGAAC-1_V13B23-285_C1,8
CGGGAATATAGTATAC-1_V13B23-285_C1,4
CGGGAATTTATGTAAA-1_V13B23-285_C1,1
CGGGAGCTTCAGTGTA-1_V13B23-285_C1,4
CGGGAGTATACCGCCG-1_V13B23-285_C1,1
CGGGATCAATGTAAGA-1_V13B23-285_C1,1
CGGGCAGCTAAACCGC-1_V13B23-285_C1,1
CGGGCCATAGCCGCAC-1_V13B23-285_C1,1
CGGGCCTTCTTTGTAA-1_V13B23-285_C1,1
CGGGTGTACCCATTTA-1_V13B23-285_C1,10
CGGGTTTGTTAGGGCT-1_V13B23-285_C1,1
CGGTACTAGAATCAAA-1_V13B23-285_C1,1
CGGTAGAGGTGCAGGT-1_V13B23-285_C1,3
CGGTATAGGTATTAGC-1_V13B23-285_C1,3
CGGTCAAGTGGGAACC-1_V13B23-285_C1,2
CGGTCAGTCCATATTT-1_V13B23-285_C1,4
CGGTCCATGAGACTCC-1_V13B23-285_C1,2
CGGTCCGTCGCAAGCC-1_V13B23-285_C1,1
CGGTCTATCAACCCGT-1_V13B23-285_C1,1
CGGTGAAGACTAAAGT-1_V13B23-285_C1,1
CGGTGCAGATAGAACG-1_V13B23-285_C1,10
CGGTGCGCGTTGGTCC-1_V13B23-285_C1,1
CGGTGGGCTCCAGCCT-1_V13B23-285_C1,1
CGGTGTACTTGATCCC-1_V13B23-285_C1,3
CGGTTCAAGTAGGTGT-1_V13B23-285_C1,6
CGGTTTATGAAGGAAC-1_V13B23-285_C1,15
CGTAAACGCTTGAGTG-1_V13B23-285_C1,1
CGTAATAATTACGAGT-1_V13B23-285_C1,10
CGTACCTGATAGGCCT-1_V13B23-285_C1,3
CGTAGCGAATTGTCAG-1_V13B23-285_C1,9
CGTATTAAGAGATCTA-1_V13B23-285_C1,1
CGTATTGTTTCCTAAT-1_V13B23-285_C1,11
CGTCAAATGGTCGCAG-1_V13B23-285_C1,8
CGTCAAGGCTATAAAT-1_V13B23-285_C1,3
CGTCAATCTTTAACAT-1_V13B23-285_C1,17
CGTCACGTCCATTGGT-1_V13B23-285_C1,1
CGTCAGCTATTTACTC-1_V13B23-285_C1,12
CGTCAGTGCGCACAAG-1_V13B23-285_C1,18
CGTCATACCATATCCA-1_V13B23-285_C1,1
CGTCGCGGCGGGATTT-1_V13B23-285_C1,14
CGTCGGATAGTGTTGA-1_V13B23-285_C1,6
CGTCGGGTCTAAGCGC-1_V13B23-285_C1,2
CGTCGTCCTTCGCGAA-1_V13B23-285_C1,3
CGTCTGGAAGGGCCCG-1_V13B23-285_C1,13
CGTCTTGAGTGTGACG-1_V13B23-285_C1,1
CGTGAAGTTAATTCAC-1_V13B23-285_C1,3
CGTGACATTGGGTCGT-1_V13B23-285_C1,2
CGTGACCAGTCCTCTG-1_V13B23-285_C1,1
CGTGCAGACTGGGACA-1_V13B23-285_C1,1
CGTGCATTGTCGACGC-1_V13B23-285_C1,2
CGTGCCCTCCCGAAGA-1_V13B23-285_C1,4
CGTGCTTCTACCTAAA-1_V13B23-285_C1,1
CGTGGAAGCCTCGTAC-1_V13B23-285_C1,4
CGTGGCCGAATATCTA-1_V13B23-285_C1,1
CGTGTCCCATTCGCGA-1_V13B23-285_C1,2
CGTGTCTCGTTACGAC-1_V13B23-285_C1,1
CGTGTGTTAAACCCTG-1_V13B23-285_C1,2
CGTTAAACTAGTTAGG-1_V13B23-285_C1,12
CGTTAATGTCCCGACG-1_V13B23-285_C1,4
CGTTAGCTCACAACTG-1_V13B23-285_C1,6
CGTTCATGGTGCGCGT-1_V13B23-285_C1,2
CGTTCTTCGCACACCT-1_V13B23-285_C1,3
CGTTGAATACCGCGCT-1_V13B23-285_C1,1
CGTTGAGCGACCGTCG-1_V13B23-285_C1,1
CGTTGAGTAATTGCGT-1_V13B23-285_C1,3
CGTTGTAAACGTCAGG-1_V13B23-285_C1,1
CGTTGTAAGATTGATT-1_V13B23-285_C1,10
CGTTGTTTCAATTCCC-1_V13B23-285_C1,3
CGTTTAAGCGGAGCAC-1_V13B23-285_C1,13
CGTTTACAAGGCAGCT-1_V13B23-285_C1,8
CGTTTCACTTCGGGCG-1_V13B23-285_C1,9
CGTTTCGCTCATTACA-1_V13B23-285_C1,1
CGTTTGGTGTTGTGGG-1_V13B23-285_C1,4
CGTTTGTGTAGAGGGT-1_V13B23-285_C1,1
CTAAAGAATGCCTACT-1_V13B23-285_C1,1
CTAAAGGGAAATAGGA-1_V13B23-285_C1,1
CTAAATCCGGTGTACA-1_V13B23-285_C1,1
CTAAATCCTATTCCGG-1_V13B23-285_C1,3
CTAACCGCGCGCCCGT-1_V13B23-285_C1,1
CTAACGAAACTTGCTG-1_V13B23-285_C1,2
CTAACTGATAATCGCC-1_V13B23-285_C1,4
CTAACTGGTCCGGTTC-1_V13B23-285_C1,1
CTAAGGGAATGATTGG-1_V13B23-285_C1,1
CTAATTCGCACGCGCT-1_V13B23-285_C1,1
CTAATTCTCAGATATT-1_V13B23-285_C1,2
CTAATTTCAACAACAC-1_V13B23-285_C1,1
CTACAAGAAATAACCC-1_V13B23-285_C1,6
CTACACTCGCAGATGG-1_V13B23-285_C1,4
CTACCCTAAGGTCATA-1_V13B23-285_C1,6
CTACGACTAGCTATAA-1_V13B23-285_C1,1
CTACGCACGGAGTACC-1_V13B23-285_C1,4
CTACTATCATAGGTTT-1_V13B23-285_C1,1
CTACTATCTTTCAGAG-1_V13B23-285_C1,2
CTACTCAAGGTATAGT-1_V13B23-285_C1,1
CTACTCTAGGCCCGGC-1_V13B23-285_C1,2
CTACTGCCACCTGACC-1_V13B23-285_C1,2
CTAGACTGCATTTCGT-1_V13B23-285_C1,3
CTAGATGTGAGTGTAA-1_V13B23-285_C1,2
CTAGATTTACGACGGC-1_V13B23-285_C1,4
CTAGCATAGTATAATG-1_V13B23-285_C1,8
CTAGCCACAGGCGAGC-1_V13B23-285_C1,4
CTAGCCGATGTTATGA-1_V13B23-285_C1,2
CTAGCTTAATGGTCCC-1_V13B23-285_C1,1
CTAGGCGCCCTATCAG-1_V13B23-285_C1,1
CTAGGTCTGAAGGAAT-1_V13B23-285_C1,4
CTAGGTTCGGACGTGA-1_V13B23-285_C1,3
CTAGTAGAAAGGGATT-1_V13B23-285_C1,1
CTAGTCACGTCTTAAG-1_V13B23-285_C1,1
CTAGTGAAGGACAGGA-1_V13B23-285_C1,1
CTAGTTACAACCCGGT-1_V13B23-285_C1,1
CTAGTTGGGCCCGGTA-1_V13B23-285_C1,1
CTATAAGAGCCAATCG-1_V13B23-285_C1,3
CTATAGGCGTTGATGT-1_V13B23-285_C1,1
CTATCGACGAAATACA-1_V13B23-285_C1,1
CTATCGCGTAGAGAAC-1_V13B23-285_C1,4
CTATCGGGTCTCAACA-1_V13B23-285_C1,8
CTATGCCCGAATGCAA-1_V13B23-285_C1,1
CTATGGGAAGCGGAAT-1_V13B23-285_C1,4
CTATGTCACTAGCCCA-1_V13B23-285_C1,1
CTATGTCTATTGAAAC-1_V13B23-285_C1,17
CTATGTGAGTCACGGC-1_V13B23-285_C1,2
CTATTCATGTGTCCCA-1_V13B23-285_C1,1
CTATTGTGTTTGGTCA-1_V13B23-285_C1,2
CTATTTGGTTACGGAT-1_V13B23-285_C1,1
CTCAACTAACCCGGAT-1_V13B23-285_C1,1
CTCAAGACATTAGCGC-1_V13B23-285_C1,6
CTCACACGCAAGCCTA-1_V13B23-285_C1,8
CTCACATTTACTAAAT-1_V13B23-285_C1,1
CTCACTGTGATACTTA-1_V13B23-285_C1,1
CTCACTTGGCTGGTAA-1_V13B23-285_C1,1
CTCAGGACTCACCTGT-1_V13B23-285_C1,1
CTCAGTCACGACAAAT-1_V13B23-285_C1,6
CTCATCACTTAGTGAT-1_V13B23-285_C1,2
CTCATGGCTCACAATC-1_V13B23-285_C1,13
CTCATGGTAATTTGCG-1_V13B23-285_C1,1
CTCATTAACGTTGCCC-1_V13B23-285_C1,2
CTCATTGCTCTAACAA-1_V13B23-285_C1,1
CTCATTTGATGGGCGG-1_V13B23-285_C1,1
CTCCCAATGAGTCGCG-1_V13B23-285_C1,4
CTCCCTCCTTTCGATC-1_V13B23-285_C1,11
CTCCGCCCACATGAGG-1_V13B23-285_C1,2
CTCCGGCCTAATATGC-1_V13B23-285_C1,1
CTCCGGCTTGTAGACA-1_V13B23-285_C1,9
CTCCTAAGTTATGTCT-1_V13B23-285_C1,17
CTCCTCCAGCTCACAC-1_V13B23-285_C1,1
CTCCTGTTCAAGGCAG-1_V13B23-285_C1,1
CTCCTTTACGCAAGTC-1_V13B23-285_C1,3
CTCGAGATCCAAAGCA-1_V13B23-285_C1,17
CTCGAGGTCGAACAGT-1_V13B23-285_C1,3
CTCGATATTTGCGAGC-1_V13B23-285_C1,2
CTCGCACCTATATAGT-1_V13B23-285_C1,9
CTCGCCGAATGTAGGG-1_V13B23-285_C1,1
CTCGGGATAACACCTA-1_V13B23-285_C1,1
CTCGGGTTCTCTGGCC-1_V13B23-285_C1,2
CTCGGTACCACTGCTC-1_V13B23-285_C1,4
CTCGGTCCGTAGCCTG-1_V13B23-285_C1,9
CTCGGTTGTCGGCCCT-1_V13B23-285_C1,2
CTCGTCGAGGGCTCAT-1_V13B23-285_C1,1
CTCGTTTCTAATGTTT-1_V13B23-285_C1,3
CTCTAATGCATTGATC-1_V13B23-285_C1,3
CTCTACACTGGCGATT-1_V13B23-285_C1,2
CTCTATTTGGCTGCAG-1_V13B23-285_C1,1
CTCTCACAATCGATGA-1_V13B23-285_C1,1
CTCTCGCTGTACTATG-1_V13B23-285_C1,1
CTCTCTAACTGCCTAG-1_V13B23-285_C1,2
CTCTGCGAAGCAAGCA-1_V13B23-285_C1,5
CTCTGGACGCCTGGTG-1_V13B23-285_C1,3
CTCTGTTTGAGGATTC-1_V13B23-285_C1,5
CTCTTCTATTGACTGG-1_V13B23-285_C1,4
CTCTTCTGGAAGTTAG-1_V13B23-285_C1,11
CTCTTGTCCCGCTTGG-1_V13B23-285_C1,4
CTGAAAGAGATCCGAC-1_V13B23-285_C1,7
CTGAATCCGAGACCTC-1_V13B23-285_C1,3
CTGAATTTATTGCCAG-1_V13B23-285_C1,10
CTGACATAGAAATAGA-1_V13B23-285_C1,1
CTGACTGCGCAGCTCG-1_V13B23-285_C1,2
CTGAGAAAGTTCGGCG-1_V13B23-285_C1,4
CTGAGCAAGTAACAAG-1_V13B23-285_C1,9
CTGAGCGAGACTTATT-1_V13B23-285_C1,8
CTGATAGTGTATCTCA-1_V13B23-285_C1,1
CTGCAAGCACGTTCCG-1_V13B23-285_C1,1
CTGCACAACTACATAT-1_V13B23-285_C1,4
CTGCACCTAGTCCACA-1_V13B23-285_C1,2
CTGCACCTGGAACCGC-1_V13B23-285_C1,13
CTGCACTCCAGTACAG-1_V13B23-285_C1,1
CTGCAGAGAATCAGAG-1_V13B23-285_C1,1
CTGCCAAGGTTGGAAG-1_V13B23-285_C1,6
CTGCCATGCATCACAT-1_V13B23-285_C1,1
CTGCCCACGAAGCGTT-1_V13B23-285_C1,3
CTGCCTAGCCACCAAG-1_V13B23-285_C1,17
CTGCCTCATATGCAAC-1_V13B23-285_C1,2
CTGCCTTTCTAGTAAA-1_V13B23-285_C1,1
CTGCGGGTGAAATGTT-1_V13B23-285_C1,1
CTGCGGTAGTCACGTG-1_V13B23-285_C1,6
CTGCGTTACGATATAA-1_V13B23-285_C1,1
CTGCTGAGGCCACGAA-1_V13B23-285_C1,10
CTGCTGTCTAACGAGC-1_V13B23-285_C1,4
CTGCTTGGCGATAGCT-1_V13B23-285_C1,3
CTGCTTTATGTCCGCG-1_V13B23-285_C1,2
CTGGAAATGGATGCTT-1_V13B23-285_C1,1
CTGGAAGACACGGTGG-1_V13B23-285_C1,1
CTGGACGCAGTCCGGC-1_V13B23-285_C1,1
CTGGATTTACACTTGA-1_V13B23-285_C1,1
CTGGCATCCGAATGAG-1_V13B23-285_C1,2
CTGGCGACATAAGTCC-1_V13B23-285_C1,3
CTGGCGCACAGGTCTG-1_V13B23-285_C1,1
CTGGCGGGAATAAGTA-1_V13B23-285_C1,1
CTGGCTGATTCATCCT-1_V13B23-285_C1,14
CTGGCTGGTTGTCAGT-1_V13B23-285_C1,2
CTGGGATAAATAATGG-1_V13B23-285_C1,4
CTGGGATACGCTACCC-1_V13B23-285_C1,1
CTGGGCCTGCTATATC-1_V13B23-285_C1,1
CTGGGTAGGCAGTTAA-1_V13B23-285_C1,4
CTGGTAAAGTGTGGGC-1_V13B23-285_C1,1
CTGGTAACACATAGAA-1_V13B23-285_C1,4
CTGGTAACGAGCTCTT-1_V13B23-285_C1,2
CTGGTCATTCCAATCC-1_V13B23-285_C1,3
CTGGTTCGCGAGCTAC-1_V13B23-285_C1,4
CTGGTTTCGAGCAAGA-1_V13B23-285_C1,4
CTGTACTTCTTAGCAT-1_V13B23-285_C1,1
CTGTAGCCATCTCACT-1_V13B23-285_C1,10
CTGTATGGTGTAGAAA-1_V13B23-285_C1,9
CTGTCAAATGGCTCGG-1_V13B23-285_C1,10
CTGTCACGCCAGGCGC-1_V13B23-285_C1,8
CTGTGCAGGGTAGGTC-1_V13B23-285_C1,1
CTGTGGTCGGGAGATA-1_V13B23-285_C1,1
CTGTTACCCAATCTAG-1_V13B23-285_C1,1
CTGTTCACTGCCTGTG-1_V13B23-285_C1,3
CTGTTCATCTCACGGG-1_V13B23-285_C1,1
CTTAAATAAGACCCAT-1_V13B23-285_C1,1
CTTAACTTCGAAGTAC-1_V13B23-285_C1,5
CTTACACGGTATTCCA-1_V13B23-285_C1,2
CTTACACTGGGAAATA-1_V13B23-285_C1,3
CTTAGCCCGGATAGTG-1_V13B23-285_C1,1
CTTAGCCTTCCACATG-1_V13B23-285_C1,1
CTTAGTAGGCCTACAG-1_V13B23-285_C1,2
CTTAGTGTAGTAGCAT-1_V13B23-285_C1,3
CTTATAGATGGCTGTT-1_V13B23-285_C1,2
CTTATGCGCTCAGGGC-1_V13B23-285_C1,2
CTTATGTTGACTACCA-1_V13B23-285_C1,14
CTTCAACTCCACTTGG-1_V13B23-285_C1,1
CTTCAGTGGTCGCCTA-1_V13B23-285_C1,2
CTTCATAGCTCAAGAA-1_V13B23-285_C1,3
CTTCATTGTCAGTGGA-1_V13B23-285_C1,4
CTTCCGCTCCGTGAAG-1_V13B23-285_C1,1
CTTCGGCCAATTGTTT-1_V13B23-285_C1,4
CTTCGTAGATAGGTGA-1_V13B23-285_C1,1
CTTCTATGTTGAAGTA-1_V13B23-285_C1,2
CTTCTATTAATGCTAG-1_V13B23-285_C1,2
CTTCTTACGTCGTATA-1_V13B23-285_C1,5
CTTGACCCGAAAGATA-1_V13B23-285_C1,18
CTTGAGGTTATCCCGA-1_V13B23-285_C1,1
CTTGAGTTAGGGTAAT-1_V13B23-285_C1,1
CTTGCAACCGCCTCCT-1_V13B23-285_C1,2
CTTGCCCAGGCTCTAC-1_V13B23-285_C1,1
CTTGGCCAAGCTGGGA-1_V13B23-285_C1,1
CTTGTACTTGTTGACT-1_V13B23-285_C1,3
CTTGTCAACATTCGAG-1_V13B23-285_C1,1
CTTGTGCTCACCGATT-1_V13B23-285_C1,2
CTTGTTGCTGAGTCAA-1_V13B23-285_C1,1
CTTGTTTATGTAGCCA-1_V13B23-285_C1,1
CTTTAACTTTCAAAGG-1_V13B23-285_C1,9
CTTTAATATTGGTCGA-1_V13B23-285_C1,1
CTTTACCGAATAGTAG-1_V13B23-285_C1,1
CTTTAGGAACACTGTT-1_V13B23-285_C1,1
CTTTAGTGCTATTATT-1_V13B23-285_C1,1
CTTTCTGTGCGGGCTT-1_V13B23-285_C1,1
CTTTGCATCGCTCTTG-1_V13B23-285_C1,1
CTTTGCTGTCATGGAT-1_V13B23-285_C1,4
CTTTGGCGCTTTATAC-1_V13B23-285_C1,1
CTTTGGCTTTAGTAAA-1_V13B23-285_C1,1
CTTTGGGATTGTTGCA-1_V13B23-285_C1,1
GAAACAGATGACCACC-1_V13B23-285_C1,4
GAAACAGCCATGCAGT-1_V13B23-285_C1,13
GAAACATAGGAAACAG-1_V13B23-285_C1,1
GAAACCATGGTGCGCT-1_V13B23-285_C1,2
GAAACCGAATTACCTT-1_V13B23-285_C1,1
GAAACCTATACAAATG-1_V13B23-285_C1,14
GAAACTCGTGCGATGC-1_V13B23-285_C1,1
GAAACTCTAATGAAGG-1_V13B23-285_C1,13
GAAAGAACAGCGTTAT-1_V13B23-285_C1,7
GAAAGCAGTGCACTTT-1_V13B23-285_C1,13
GAAAGCCCTTTGGACC-1_V13B23-285_C1,1
GAAAGTGACTAACTGC-1_V13B23-285_C1,3
GAAATACTAAACGTTT-1_V13B23-285_C1,14
GAAATATCACCATCAG-1_V13B23-285_C1,1
GAAATATGCTTGAATG-1_V13B23-285_C1,1
GAAATCGCGCGCAACT-1_V13B23-285_C1,7
GAAATGGCGGTGTTAG-1_V13B23-285_C1,1
GAAATGGGATGTAAAC-1_V13B23-285_C1,6
GAAATTAGCACGGATA-1_V13B23-285_C1,3
GAAATTCACATCGCTG-1_V13B23-285_C1,5
GAAATTGTCTCTATAA-1_V13B23-285_C1,1
GAACACACATCAACCA-1_V13B23-285_C1,1
GAACAGATTACTAAAT-1_V13B23-285_C1,1
GAACATTAGTATGTTA-1_V13B23-285_C1,19
GAACCCTCTGTGTTCT-1_V13B23-285_C1,4
GAACCTCGACCTACAC-1_V13B23-285_C1,11
GAACCTTTAACGATCC-1_V13B23-285_C1,3
GAACGACCGAATGATA-1_V13B23-285_C1,9
GAACGATAAGTTAAAG-1_V13B23-285_C1,8
GAACGCGGGTCACACG-1_V13B23-285_C1,4
GAACGTCTCATGGTCG-1_V13B23-285_C1,1
GAACGTTAGGAAGACG-1_V13B23-285_C1,1
GAACTTGTGCACGGGA-1_V13B23-285_C1,6
GAAGAAACGATATTGT-1_V13B23-285_C1,14
GAAGAACGGTGCAGGT-1_V13B23-285_C1,9
GAAGCCTGCACATTCC-1_V13B23-285_C1,2
GAAGCGTGAGGAATTT-1_V13B23-285_C1,4
GAAGCTCTTTGCTTAG-1_V13B23-285_C1,3
GAAGCTTGCTGACCGC-1_V13B23-285_C1,1
GAAGGCTACCATTGTT-1_V13B23-285_C1,2
GAAGTCAGTTGCACTA-1_V13B23-285_C1,1
GAAGTCTCCCTAGCGA-1_V13B23-285_C1,4
GAAGTGATTTATCGTG-1_V13B23-285_C1,2
GAAGTGCTGGATAGCT-1_V13B23-285_C1,13
GAAGTTTCCACTCAAT-1_V13B23-285_C1,3
GAATAGACGCGACCCA-1_V13B23-285_C1,4
GAATAGCATTTAGGGT-1_V13B23-285_C1,7
GAATAGCCCTGCGGTC-1_V13B23-285_C1,1
GAATAGTGCTCGATTA-1_V13B23-285_C1,7
GAATATTCGGAGTCCC-1_V13B23-285_C1,9
GAATCGACATGGTCAC-1_V13B23-285_C1,1
GAATCTGAACATTCTC-1_V13B23-285_C1,1
GAATGAAGGTCTTCAG-1_V13B23-285_C1,3
GAATGCCGAAATGACC-1_V13B23-285_C1,1
GAATGCGAATCGGTTC-1_V13B23-285_C1,1
GAATGTATGGCAGGTC-1_V13B23-285_C1,6
GAATGTGGTCCGGATT-1_V13B23-285_C1,1
GAATGTTGGGTAATCT-1_V13B23-285_C1,9
GAATTATAGTGAAAGG-1_V13B23-285_C1,15
GAATTCACCCGGGTGT-1_V13B23-285_C1,6
GAATTTCTCGCTGCAG-1_V13B23-285_C1,1
GACAAACATATGCAGG-1_V13B23-285_C1,4
GACAACGACCATTGAA-1_V13B23-285_C1,7
GACAACGCAGCTTACG-1_V13B23-285_C1,3
GACAAGAGATGAGATT-1_V13B23-285_C1,4
GACACAAGGGAAGAAA-1_V13B23-285_C1,2
GACACGAGTTAGAGGA-1_V13B23-285_C1,1
GACACTGAGTTCAGTG-1_V13B23-285_C1,1
GACACTGGAACCCGAT-1_V13B23-285_C1,12
GACAGATTTCTGGCTC-1_V13B23-285_C1,3
GACAGCCAGACCTGAC-1_V13B23-285_C1,1
GACAGGCACACACTAT-1_V13B23-285_C1,1
GACATACTGTCGCAGA-1_V13B23-285_C1,12
GACATCGATTTATAAC-1_V13B23-285_C1,1
GACCAAACGTTGACTG-1_V13B23-285_C1,1
GACCAGAGCCCTGTAG-1_V13B23-285_C1,3
GACCCAATTATGATAC-1_V13B23-285_C1,1
GACCCGTCGCCGGCTA-1_V13B23-285_C1,18
GACCGACGTGAAAGCA-1_V13B23-285_C1,4
GACCGACTGAAGCGTC-1_V13B23-285_C1,7
GACCGCGTCTGACGTG-1_V13B23-285_C1,1
GACCGTCAGGTCGTGA-1_V13B23-285_C1,5
GACCGTGCTGACGGTG-1_V13B23-285_C1,1
GACGACGATCCGCGTT-1_V13B23-285_C1,1
GACGAGGCTAATAAAC-1_V13B23-285_C1,4
GACGCCGTAAAGGCTA-1_V13B23-285_C1,3
GACGCTTGCTTCTAAA-1_V13B23-285_C1,6
GACGGGTTGGCCCGTA-1_V13B23-285_C1,1
GACGGTCAATAGAAGC-1_V13B23-285_C1,11
GACGGTCCTAGGGTGT-1_V13B23-285_C1,4
GACGTGTAGGGATTAT-1_V13B23-285_C1,1
GACGTTCGTAAATACA-1_V13B23-285_C1,2
GACTAACACAGCACCT-1_V13B23-285_C1,8
GACTAAGATCATGCAC-1_V13B23-285_C1,9
GACTAAGTAGGCTCAC-1_V13B23-285_C1,1
GACTACAAAGCGGTGG-1_V13B23-285_C1,9
GACTCACCCACGTGAG-1_V13B23-285_C1,4
GACTCCCAGAATAAGG-1_V13B23-285_C1,3
GACTCCTTCCAATTGA-1_V13B23-285_C1,2
GACTCGCGGGAATGAC-1_V13B23-285_C1,12
GACTGCAAATCGAGCT-1_V13B23-285_C1,1
GACTGCACCAGCCCAG-1_V13B23-285_C1,4
GACTGCGGCACGTGTA-1_V13B23-285_C1,1
GAGACCCTGCAACGCC-1_V13B23-285_C1,8
GAGACTGATGGGTAGA-1_V13B23-285_C1,2
GAGACTTCGCGACCGA-1_V13B23-285_C1,1
GAGAGCGCAGTCCCTG-1_V13B23-285_C1,1
GAGAGGGCGCGAGGTT-1_V13B23-285_C1,1
GAGAGGTGCATTCTGG-1_V13B23-285_C1,3
GAGATCTGCTTGGCAT-1_V13B23-285_C1,1
GAGATCTGTCACTCCG-1_V13B23-285_C1,2
GAGATCTTCCATGACA-1_V13B23-285_C1,4
GAGATGACAATCCTTA-1_V13B23-285_C1,2
GAGATGGGAGTCGACA-1_V13B23-285_C1,1
GAGCACCTGTGTCCAG-1_V13B23-285_C1,4
GAGCACGGCGCCTCTT-1_V13B23-285_C1,4
GAGCATCATCCCTGGG-1_V13B23-285_C1,18
GAGCCAGCTACCTGTG-1_V13B23-285_C1,1
GAGCCGAGCGTTTATT-1_V13B23-285_C1,3
GAGCGAGGGAGTACCG-1_V13B23-285_C1,5
GAGCGCAAATACTCCG-1_V13B23-285_C1,1
GAGCGCGCACGAGTAG-1_V13B23-285_C1,4
GAGCGCTGTTAGGTAA-1_V13B23-285_C1,1
GAGCTAAGGGCATATC-1_V13B23-285_C1,1
GAGCTCTCGGACCTAA-1_V13B23-285_C1,9
GAGCTGTCGTCTCGGA-1_V13B23-285_C1,3
GAGGAATGGAGAGGTT-1_V13B23-285_C1,1
GAGGAGATCCTCATGC-1_V13B23-285_C1,6
GAGGATAAACAGTGCT-1_V13B23-285_C1,1
GAGGCATTTGCAGCAG-1_V13B23-285_C1,8
GAGGCCCGACTCCGCA-1_V13B23-285_C1,8
GAGGCCTGTTGATACA-1_V13B23-285_C1,4
GAGGCTATCAAAGTCG-1_V13B23-285_C1,3
GAGGGCCATAATATTA-1_V13B23-285_C1,8
GAGGGCGCAGCTCTGC-1_V13B23-285_C1,6
GAGGTACATCCATCTT-1_V13B23-285_C1,13
GAGGTCCCAAAGATCT-1_V13B23-285_C1,1
GAGTAAACCGGAAAGT-1_V13B23-285_C1,4
GAGTAAGGCCACGGGA-1_V13B23-285_C1,12
GAGTACGGGTATACAA-1_V13B23-285_C1,9
GAGTAGATACTAGTTG-1_V13B23-285_C1,1
GAGTATCAAAGTTACA-1_V13B23-285_C1,4
GAGTATGCCCGCCTTG-1_V13B23-285_C1,1
GAGTATGCGCGTGCAT-1_V13B23-285_C1,1
GAGTCAGACCAGAATC-1_V13B23-285_C1,10
GAGTCCGCTTACCGGA-1_V13B23-285_C1,1
GAGTCGACAGACCCTC-1_V13B23-285_C1,1
GAGTGTCAACCAGAAA-1_V13B23-285_C1,1
GAGTGTGCGGTACCCA-1_V13B23-285_C1,1
GAGTTGATGGCAATTT-1_V13B23-285_C1,1
GATAAATCGGTGGATG-1_V13B23-285_C1,9
GATAACTCGCACTGTG-1_V13B23-285_C1,1
GATACCGTGTCGGAGT-1_V13B23-285_C1,1
GATACGATGGGAGTCA-1_V13B23-285_C1,2
GATAGGATTAATTACA-1_V13B23-285_C1,1
GATAGGTAACGTTGAC-1_V13B23-285_C1,1
GATAGGTGTCCCGGGC-1_V13B23-285_C1,2
GATATCTCATGCAATA-1_V13B23-285_C1,13
GATATGAGACACTAAC-1_V13B23-285_C1,4
GATATGCGGTAGCCAA-1_V13B23-285_C1,10
GATATGGATTACGCGG-1_V13B23-285_C1,1
GATATTGAGATTGGCG-1_V13B23-285_C1,2
GATATTTCCTACATGG-1_V13B23-285_C1,3
GATCAACATAAAGGGA-1_V13B23-285_C1,1
GATCATTCCAAACATT-1_V13B23-285_C1,6
GATCCCTTTATACTGC-1_V13B23-285_C1,1
GATCCGAATATAAGTG-1_V13B23-285_C1,1
GATCCGGGAATTAACA-1_V13B23-285_C1,1
GATCCTAAATCGGGAC-1_V13B23-285_C1,10
GATCCTCGACACTGGC-1_V13B23-285_C1,2
GATCGACACTATCTGA-1_V13B23-285_C1,1
GATCGCGGGCTCTCCA-1_V13B23-285_C1,3
GATCGCTACCCGATTT-1_V13B23-285_C1,4
GATCGCTATATCTCAG-1_V13B23-285_C1,1
GATCGGATAGAACCAT-1_V13B23-285_C1,3
GATCGGCGATAAGTCG-1_V13B23-285_C1,3
GATCGGTGGCCATAAC-1_V13B23-285_C1,2
GATCGTGACTGATATC-1_V13B23-285_C1,4
GATCTCGACGCTGTGG-1_V13B23-285_C1,4
GATCTGCTATCTAAGG-1_V13B23-285_C1,12
GATCTTCATTGTCCTC-1_V13B23-285_C1,3
GATCTTGGAGGGCATA-1_V13B23-285_C1,4
GATCTTTGCAGGGTAT-1_V13B23-285_C1,2
GATGACAAGTAGGGCA-1_V13B23-285_C1,1
GATGACGATGATCGCG-1_V13B23-285_C1,2
GATGCCAGCAGAAGGC-1_V13B23-285_C1,1
GATGCCTTCTGCGGCA-1_V13B23-285_C1,2
GATGCGAATGGTATTA-1_V13B23-285_C1,1
GATGCGTCCTGCATTC-1_V13B23-285_C1,4
GATGCTACAAGCGCCT-1_V13B23-285_C1,9
GATGCTGTATTTCATC-1_V13B23-285_C1,1
GATGGCGCACACATTA-1_V13B23-285_C1,1
GATGGTGCCCTAGGCA-1_V13B23-285_C1,6
GATGTAACGAACCACC-1_V13B23-285_C1,2
GATGTCGGTCAACTGC-1_V13B23-285_C1,17
GATGTTCAATCCACGA-1_V13B23-285_C1,1
GATGTTTGTGCGAGAT-1_V13B23-285_C1,1
GATTAACCGAAAGCCC-1_V13B23-285_C1,1
GATTACTGAATTTGGG-1_V13B23-285_C1,1
GATTCCCTTGTCGCAG-1_V13B23-285_C1,1
GATTCCGCGTTTCCGT-1_V13B23-285_C1,5
GATTCCTATACGGCGC-1_V13B23-285_C1,1
GATTCGACGGTTCACG-1_V13B23-285_C1,4
GCAAACCCTACATTAT-1_V13B23-285_C1,1
GCAAACCTTGGCCATA-1_V13B23-285_C1,1
GCAAACGTCGCCAGGT-1_V13B23-285_C1,4
GCAAATATTACGCTTT-1_V13B23-285_C1,1
GCAACACACTAGAACT-1_V13B23-285_C1,6
GCAACAGCAGTATGCG-1_V13B23-285_C1,1
GCAACCACCAGACCGG-1_V13B23-285_C1,1
GCAACCACGGCCGCGT-1_V13B23-285_C1,1
GCAACGGCTAGTTATG-1_V13B23-285_C1,4
GCAAGAATTCCTTGGC-1_V13B23-285_C1,11
GCAAGATGTGTTCGCG-1_V13B23-285_C1,8
GCAAGTGCACAGAGAA-1_V13B23-285_C1,3
GCAATTAGTCGCACCG-1_V13B23-285_C1,8
GCACAAACGAGGCGTG-1_V13B23-285_C1,4
GCACAACCTCGGGCGT-1_V13B23-285_C1,2
GCACAAGTGGATCATA-1_V13B23-285_C1,2
GCACAAGTGTCGGAAG-1_V13B23-285_C1,17
GCACACACTGGTAGCC-1_V13B23-285_C1,3
GCACACGCCCATGGTC-1_V13B23-285_C1,1
GCACGCCTACTTAGAT-1_V13B23-285_C1,1
GCACTAGTCGCGCTAT-1_V13B23-285_C1,5
GCAGAAGGTAATCTCC-1_V13B23-285_C1,1
GCAGACCCAGCACGTA-1_V13B23-285_C1,7
GCAGATCCATAAGACT-1_V13B23-285_C1,1
GCAGATCCTCGCAAAT-1_V13B23-285_C1,3
GCAGATTAGGGATATC-1_V13B23-285_C1,4
GCAGCACACAGCCCAG-1_V13B23-285_C1,2
GCAGCCTATATCACAT-1_V13B23-285_C1,1
GCAGCTATGGACAGGT-1_V13B23-285_C1,8
GCAGGAACTTAGATCT-1_V13B23-285_C1,1
GCAGGACTATAGAATA-1_V13B23-285_C1,1
GCAGGTAGAGTATGGT-1_V13B23-285_C1,2
GCAGTGCGGGCGGATG-1_V13B23-285_C1,4
GCAGTGTGGCTATAGG-1_V13B23-285_C1,1
GCAGTTCGATCCGAGC-1_V13B23-285_C1,4
GCATACGAGGTCTTTA-1_V13B23-285_C1,6
GCATAGAGCACTCAGG-1_V13B23-285_C1,4
GCATCCCTAACTTTGA-1_V13B23-285_C1,1
GCATCGGCCGTGTAGG-1_V13B23-285_C1,1
GCATGAGGGACGCGGC-1_V13B23-285_C1,2
GCATTCAAGGCAACGC-1_V13B23-285_C1,3
GCATTCGAAATGAACA-1_V13B23-285_C1,1
GCATTGTAATTCATAT-1_V13B23-285_C1,1
GCATTTCCAAGGCTCC-1_V13B23-285_C1,3
GCCAACCATTTCCGGA-1_V13B23-285_C1,10
GCCAAGAATACTTCTG-1_V13B23-285_C1,2
GCCAATAGGGCATCTC-1_V13B23-285_C1,6
GCCACAATTTAAGGAC-1_V13B23-285_C1,2
GCCACCCATTCCACTT-1_V13B23-285_C1,8
GCCACTCAGAGCGCGA-1_V13B23-285_C1,1
GCCACTCCTTACGGTA-1_V13B23-285_C1,1
GCCAGGAGTAACCGAT-1_V13B23-285_C1,1
GCCAGGCGTTCGCATG-1_V13B23-285_C1,6
GCCAGGCTTAGTGGTA-1_V13B23-285_C1,1
GCCATATTGCACACAG-1_V13B23-285_C1,3
GCCATCGAGCTGCGTG-1_V13B23-285_C1,3
GCCATCGATGCTGCAT-1_V13B23-285_C1,10
GCCATTAGCCTCAAAC-1_V13B23-285_C1,2
GCCCAGATGCTGGAGA-1_V13B23-285_C1,1
GCCCAGTTGGTATGCC-1_V13B23-285_C1,1
GCCCGACTTCTTCCCG-1_V13B23-285_C1,10
GCCCGATCTGTGGTCG-1_V13B23-285_C1,1
GCCCGCGCGTAAACGG-1_V13B23-285_C1,1
GCCCGCGCGTTTGACA-1_V13B23-285_C1,14
GCCCGTAATACCTTCT-1_V13B23-285_C1,1
GCCCTAGCCGTCGCGA-1_V13B23-285_C1,1
GCCGAAATTCCTACGT-1_V13B23-285_C1,1
GCCGACCCACGACTGC-1_V13B23-285_C1,1
GCCGATTGGCCAAGCT-1_V13B23-285_C1,1
GCCGCACTCCGTTTCA-1_V13B23-285_C1,4
GCCGCATTAGTCCGGC-1_V13B23-285_C1,1
GCCGCTTGTGAGAAAC-1_V13B23-285_C1,1
GCCGGGTTAGGGTCGC-1_V13B23-285_C1,3
GCCGTGGAAGAAATGT-1_V13B23-285_C1,1
GCCTAGCGATCTGACC-1_V13B23-285_C1,3
GCCTATAGTGTCAGGG-1_V13B23-285_C1,11
GCCTATCAGGTAAGAT-1_V13B23-285_C1,4
GCCTATGCTGGGCCTT-1_V13B23-285_C1,1
GCCTATTCCGATATAG-1_V13B23-285_C1,1
GCCTCATCTGGAAATA-1_V13B23-285_C1,4
GCCTCCGACAATTCAC-1_V13B23-285_C1,1
GCCTCTATACATAGCA-1_V13B23-285_C1,3
GCCTTCAGCCCTACCG-1_V13B23-285_C1,5
GCCTTGTATATGCAGT-1_V13B23-285_C1,1
GCGAAACGATCGGGAG-1_V13B23-285_C1,1
GCGAAACTTAACTGGA-1_V13B23-285_C1,1
GCGAAGCCATACCCGT-1_V13B23-285_C1,3
GCGACATGTAAACATC-1_V13B23-285_C1,4
GCGACCCAACCATCTG-1_V13B23-285_C1,12
GCGACGATAGTTGTAC-1_V13B23-285_C1,1
GCGAGAAACGGGAGTT-1_V13B23-285_C1,3
GCGAGAGGCCATGTAA-1_V13B23-285_C1,10
GCGAGAGTTGCGTCCA-1_V13B23-285_C1,11
GCGAGCGCATGCTCCC-1_V13B23-285_C1,1
GCGAGGCCCGAGCAGA-1_V13B23-285_C1,9
GCGAGTTCTGCAAAGA-1_V13B23-285_C1,1
GCGATTCTGGAAGCAG-1_V13B23-285_C1,17
GCGATTGTTAACGTTA-1_V13B23-285_C1,1
GCGCAAATATATTCAA-1_V13B23-285_C1,2
GCGCAAGAGCGCGCTG-1_V13B23-285_C1,16
GCGCATCCAGTCAGCA-1_V13B23-285_C1,11
GCGCCGTTCCACGATA-1_V13B23-285_C1,1
GCGCCTCCCACTCCGA-1_V13B23-285_C1,4
GCGCGTCATTGGTACA-1_V13B23-285_C1,4
GCGCTAATTGAATAGA-1_V13B23-285_C1,8
GCGCTATGCCGAGGCA-1_V13B23-285_C1,1
GCGCTCGATCACCTGT-1_V13B23-285_C1,4
GCGCTGATCCAGACTC-1_V13B23-285_C1,2
GCGCTGCTTTGCATTT-1_V13B23-285_C1,2
GCGCTTAAATAATTGG-1_V13B23-285_C1,1
GCGGACCGCGTTGTGG-1_V13B23-285_C1,3
GCGGAGAAACTTCGCA-1_V13B23-285_C1,1
GCGGAGAGGGAGAACG-1_V13B23-285_C1,1
GCGGCAAAGTATTGCC-1_V13B23-285_C1,1
GCGGCTCTGACGTACC-1_V13B23-285_C1,2
GCGGGAACCAGGCCCT-1_V13B23-285_C1,3
GCGGGCATTACGATGC-1_V13B23-285_C1,11
GCGGGCGAGCCTTACC-1_V13B23-285_C1,3
GCGGTCCCGGTGAAGG-1_V13B23-285_C1,8
GCGGTCCCTAGACGCA-1_V13B23-285_C1,5
GCGGTGAACTGCGCTC-1_V13B23-285_C1,2
GCGGTGCGGAGCATCG-1_V13B23-285_C1,1
GCGGTTCCCTATCATG-1_V13B23-285_C1,1
GCGTAAATGGCCATAA-1_V13B23-285_C1,1
GCGTCGAAATGTCGGT-1_V13B23-285_C1,9
GCGTCGCCAGGGTGAT-1_V13B23-285_C1,1
GCGTCTAACCTCCTAA-1_V13B23-285_C1,3
GCGTCTCTGCATTGGG-1_V13B23-285_C1,1
GCGTGGTACTGGGTTA-1_V13B23-285_C1,4
GCGTTATATTTGGAAC-1_V13B23-285_C1,1
GCGTTCGGAGACCGGG-1_V13B23-285_C1,6
GCGTTCTGACTAAGCG-1_V13B23-285_C1,4
GCTAAACCTGAGGTGA-1_V13B23-285_C1,1
GCTAACTGAAGTCTGA-1_V13B23-285_C1,7
GCTAAGTAAAGGCGAT-1_V13B23-285_C1,1
GCTAAGTAGTTTCTCT-1_V13B23-285_C1,3
GCTAATACCGAATGCC-1_V13B23-285_C1,3
GCTACAGTACGGACCG-1_V13B23-285_C1,1
GCTACGACTTATTGGG-1_V13B23-285_C1,1
GCTACTATAGTAGAGT-1_V13B23-285_C1,1
GCTAGACCGTCTACTG-1_V13B23-285_C1,4
GCTAGAGTAGAGATGT-1_V13B23-285_C1,1
GCTAGCACCTGGGCCA-1_V13B23-285_C1,1
GCTAGCAGGGAGTGGG-1_V13B23-285_C1,3
GCTAGCTTGAATAGCT-1_V13B23-285_C1,1
GCTAGGCACCACGGAG-1_V13B23-285_C1,4
GCTAGTAGAGCTTGTA-1_V13B23-285_C1,1
GCTAGTTTCATTGAGG-1_V13B23-285_C1,6
GCTATACGTCTCGGAC-1_V13B23-285_C1,4
GCTATCATACTCATGG-1_V13B23-285_C1,14
GCTATCGCGGCGCAAC-1_V13B23-285_C1,1
GCTCAACCTCTTAGAG-1_V13B23-285_C1,1
GCTCAATCCGTTTATT-1_V13B23-285_C1,1
GCTCAATGTAATACCG-1_V13B23-285_C1,2
GCTCATTACTGCATGT-1_V13B23-285_C1,3
GCTCCATGAGTGCAGA-1_V13B23-285_C1,4
GCTCCCAGTCGGTCCA-1_V13B23-285_C1,4
GCTCCGCTCGCTTCAG-1_V13B23-285_C1,4
GCTCCTGACATACTGG-1_V13B23-285_C1,2
GCTCGCGGTTCCGCTC-1_V13B23-285_C1,1
GCTCGCTCATGTCCAA-1_V13B23-285_C1,3
GCTCGGAATTTAAAGC-1_V13B23-285_C1,3
GCTCTAAACCCTGACG-1_V13B23-285_C1,9
GCTCTATGTTACGTGC-1_V13B23-285_C1,1
GCTCTCGGGTACCGAA-1_V13B23-285_C1,1
GCTGAACTCTCCAGGG-1_V13B23-285_C1,1
GCTGAATCTTCCAATC-1_V13B23-285_C1,2
GCTGAGCAACGGTTCT-1_V13B23-285_C1,2
GCTGAGGCGTGAGTAT-1_V13B23-285_C1,1
GCTGCACGGTTTCTTA-1_V13B23-285_C1,12
GCTGCTAAGTAGTCGA-1_V13B23-285_C1,10
GCTGCTACTGCGTAGC-1_V13B23-285_C1,3
GCTGCTCTCCGGACAC-1_V13B23-285_C1,6
GCTGGACCCAAAGTGG-1_V13B23-285_C1,1
GCTGGCATATTCACCT-1_V13B23-285_C1,12
GCTGGCGGCGCATGCT-1_V13B23-285_C1,12
GCTGGTTTAGGCCATA-1_V13B23-285_C1,2
GCTGTATTACTGGCCC-1_V13B23-285_C1,11
GCTGTTGCTACCGAAC-1_V13B23-285_C1,1
GCTTAATGTAACTAAC-1_V13B23-285_C1,4
GCTTACGTAGTTAGTA-1_V13B23-285_C1,4
GCTTATGAAGCAGGAA-1_V13B23-285_C1,4
GCTTCCGTCCCTAGAC-1_V13B23-285_C1,2
GCTTGATGATAATCAG-1_V13B23-285_C1,1
GCTTGCAGCACAATTG-1_V13B23-285_C1,2
GCTTGGATCGATTAGG-1_V13B23-285_C1,2
GCTTTCAGAGGAGGTG-1_V13B23-285_C1,10
GGAAACCTTGTTGAAT-1_V13B23-285_C1,2
GGAAACTAAATGGGCC-1_V13B23-285_C1,1
GGAAAGTGCCCATGCC-1_V13B23-285_C1,2
GGAACCCGAACAAGAA-1_V13B23-285_C1,3
GGAACCGTGTAAATTG-1_V13B23-285_C1,1
GGAACCTTGACTCTGC-1_V13B23-285_C1,2
GGAACGGCCTGCAGCC-1_V13B23-285_C1,3
GGAACTTTGGCGATTA-1_V13B23-285_C1,1
GGAAGCTCGCTTACAG-1_V13B23-285_C1,6
GGAATGCGCTAGCGTG-1_V13B23-285_C1,2
GGACAAGTTGCAGTGA-1_V13B23-285_C1,1
GGACACAAGTTTACAC-1_V13B23-285_C1,4
GGACCAACAGGATAAC-1_V13B23-285_C1,1
GGACCTACGGTAACGT-1_V13B23-285_C1,3
GGACCTCTAGGCCGCC-1_V13B23-285_C1,2
GGACGTCCATAGTTGG-1_V13B23-285_C1,8
GGACTCACAAATTAGG-1_V13B23-285_C1,4
GGACTCGAAGCTTTCA-1_V13B23-285_C1,1
GGACTCTTCCGGTTGA-1_V13B23-285_C1,3
GGAGAAGTCATTGGCA-1_V13B23-285_C1,2
GGAGACCAATGTGCTT-1_V13B23-285_C1,2
GGAGACCATCTACATA-1_V13B23-285_C1,3
GGAGACGACACCTTTG-1_V13B23-285_C1,4
GGAGCAACATTTCAAG-1_V13B23-285_C1,4
GGAGCACCAAGAACTA-1_V13B23-285_C1,1
GGAGGATTGAAAGGAG-1_V13B23-285_C1,17
GGAGGCCGAAGTCGTC-1_V13B23-285_C1,1
GGAGGGCTTGGTTGGC-1_V13B23-285_C1,2
GGAGGGTCAAGTAAGA-1_V13B23-285_C1,1
GGAGTGCCGCCCTGGA-1_V13B23-285_C1,14
GGATCATCCCGTACGC-1_V13B23-285_C1,3
GGATCCGGAATATACT-1_V13B23-285_C1,1
GGATCTTGACTCAACC-1_V13B23-285_C1,3
GGATGAAGATCGCTGA-1_V13B23-285_C1,4
GGATGACGCGAGTTTA-1_V13B23-285_C1,1
GGATGCTGGCGTTCCT-1_V13B23-285_C1,3
GGATGTCCTTACCGCA-1_V13B23-285_C1,4
GGATTCAGTACGGTGG-1_V13B23-285_C1,1
GGATTCCGCTATACCC-1_V13B23-285_C1,3
GGATTGCTGTGACTCC-1_V13B23-285_C1,1
GGATTTCACTTCTATA-1_V13B23-285_C1,10
GGCAAAGGCGCCAATA-1_V13B23-285_C1,2
GGCAAATTACTTTACT-1_V13B23-285_C1,3
GGCAAGCCAGGGATAG-1_V13B23-285_C1,8
GGCAAGGCGAAATAGC-1_V13B23-285_C1,1
GGCAATAGTCAATGAG-1_V13B23-285_C1,1
GGCACTCAGCCGACCC-1_V13B23-285_C1,1
GGCACTCCACTGGGCA-1_V13B23-285_C1,1
GGCAGCAAACCTATGC-1_V13B23-285_C1,1
GGCAGCGGTAATCCTA-1_V13B23-285_C1,3
GGCATACAGGTAGCGG-1_V13B23-285_C1,1
GGCATATCGGTTCTGC-1_V13B23-285_C1,3
GGCCCAGTTATCAGCA-1_V13B23-285_C1,8
GGCCCGGAGCATGTCT-1_V13B23-285_C1,1
GGCCCGTATACCATGC-1_V13B23-285_C1,2
GGCCCTCACCCACTTA-1_V13B23-285_C1,10
GGCCGAGACTCTGGTG-1_V13B23-285_C1,1
GGCCGTTTGGGTTTCA-1_V13B23-285_C1,2
GGCCTGCTTCTCCCGA-1_V13B23-285_C1,1
GGCCTTTGCAACTGGC-1_V13B23-285_C1,6
GGCGAAATCTAACTTG-1_V13B23-285_C1,4
GGCGCAGGACATCTTC-1_V13B23-285_C1,9
GGCGCATGAATTGATG-1_V13B23-285_C1,1
GGCGCGGAGATCTTTC-1_V13B23-285_C1,1
GGCGCGTTCGAGTTTA-1_V13B23-285_C1,1
GGCGCTCCTCATCAAT-1_V13B23-285_C1,3
GGCGGAGTAATATTAG-1_V13B23-285_C1,1
GGCGGGCTCTAAGAGT-1_V13B23-285_C1,4
GGCGGTAGGATCATTG-1_V13B23-285_C1,1
GGCGGTTTGCCGGTGC-1_V13B23-285_C1,1
GGCGTCCTATCCGCTG-1_V13B23-285_C1,2
GGCTAAAGGGCGGGTC-1_V13B23-285_C1,6
GGCTAATGATTGAAAT-1_V13B23-285_C1,15
GGCTATTAAGTTGTAT-1_V13B23-285_C1,2
GGCTCCTCCACCTGTT-1_V13B23-285_C1,1
GGCTCGCGTTGAGGTA-1_V13B23-285_C1,10
GGCTCGTGCCACCAGC-1_V13B23-285_C1,3
GGCTCTGCTCCAACGC-1_V13B23-285_C1,1
GGCTGAAATAGCAAAG-1_V13B23-285_C1,4
GGCTGAGCATCGTAAG-1_V13B23-285_C1,8
GGCTGGCAGCTTTATG-1_V13B23-285_C1,6
GGCTTTCAATAAGGGT-1_V13B23-285_C1,3
GGGAACGGGAGGTTAG-1_V13B23-285_C1,1
GGGAAGGGCTTTCTCA-1_V13B23-285_C1,1
GGGAATGAGCCCTCAC-1_V13B23-285_C1,3
GGGACAGAGTTACTCC-1_V13B23-285_C1,11
GGGACCCGTATATCTT-1_V13B23-285_C1,1
GGGACTGCATAGATAG-1_V13B23-285_C1,1
GGGAGAACTCACAGTA-1_V13B23-285_C1,3
GGGAGGATGCCCGAAA-1_V13B23-285_C1,1
GGGAGTTAATGAGGCG-1_V13B23-285_C1,3
GGGATACGGTAATAAT-1_V13B23-285_C1,10
GGGATCCCAATACAAA-1_V13B23-285_C1,8
GGGATGGTCGTAACCG-1_V13B23-285_C1,1
GGGATTTACCGCACCT-1_V13B23-285_C1,4
GGGCAACCGCACGTGC-1_V13B23-285_C1,14
GGGCAGAGCAATCGTT-1_V13B23-285_C1,14
GGGCCCGTCTTAAACA-1_V13B23-285_C1,1
GGGCCCTACGAAAGGG-1_V13B23-285_C1,2
GGGCCGGCCGAAGTAC-1_V13B23-285_C1,1
GGGCCTAAATGGGCTA-1_V13B23-285_C1,10
GGGCCTATTTAAGTAT-1_V13B23-285_C1,8
GGGCGAATTTCTCCAC-1_V13B23-285_C1,10
GGGCGATATGTGTGAA-1_V13B23-285_C1,10
GGGCGCAGCGTTACTC-1_V13B23-285_C1,2
GGGCGGCAAATGAATT-1_V13B23-285_C1,1
GGGCGGGTTCCCTACG-1_V13B23-285_C1,2
GGGCGGTCCTATTGTC-1_V13B23-285_C1,3
GGGCGTACATTTATAT-1_V13B23-285_C1,3
GGGCGTCACCACGTAA-1_V13B23-285_C1,1
GGGCGTCCACTGGCTC-1_V13B23-285_C1,14
GGGCGTGGTTTCCCAG-1_V13B23-285_C1,1
GGGCTATGATCGATGG-1_V13B23-285_C1,1
GGGCTCATCGAACCCA-1_V13B23-285_C1,11
GGGCTGCCTAGGGCGA-1_V13B23-285_C1,1
GGGCTGGTTAGTCGCG-1_V13B23-285_C1,1
GGGTACCCACGGTCCT-1_V13B23-285_C1,1
GGGTACTTCATGAACT-1_V13B23-285_C1,1
GGGTATGTATGCACTT-1_V13B23-285_C1,1
GGGTATTCTAGCAAAC-1_V13B23-285_C1,3
GGGTCACCGTGACGGT-1_V13B23-285_C1,1
GGGTCATGCGTACCAT-1_V13B23-285_C1,1
GGGTCGTGGCAAGTGT-1_V13B23-285_C1,2
GGGTGACACCTTAACT-1_V13B23-285_C1,1
GGGTGCATATGAAAGC-1_V13B23-285_C1,10
GGGTGGTCCAGCCTGT-1_V13B23-285_C1,17
GGGTGTTTCAGCTATG-1_V13B23-285_C1,13
GGGTTAACATTTGAGT-1_V13B23-285_C1,4
GGGTTCAGACGAACAA-1_V13B23-285_C1,3
GGGTTTAGGATAGGAT-1_V13B23-285_C1,4
GGTAAATGTGCGTTAC-1_V13B23-285_C1,5
GGTAACCGGGAGGATA-1_V13B23-285_C1,1
GGTAACTATGTATCTG-1_V13B23-285_C1,17
GGTACAAACATGCTAT-1_V13B23-285_C1,1
GGTACACCAGATTTAT-1_V13B23-285_C1,2
GGTACATCTGGGACGA-1_V13B23-285_C1,3
GGTACCATTAAGACGG-1_V13B23-285_C1,2
GGTACTAAGTGCTTTG-1_V13B23-285_C1,4
GGTAGAAGACCGCCTG-1_V13B23-285_C1,4
GGTAGACCGTTGGGCG-1_V13B23-285_C1,1
GGTAGTGCTCGCACCA-1_V13B23-285_C1,1
GGTATTGCCGAGTTTA-1_V13B23-285_C1,1
GGTCAAGACTACTTCG-1_V13B23-285_C1,4
GGTCAGTGGGTCCCAC-1_V13B23-285_C1,1
GGTCATTGTAGTCATA-1_V13B23-285_C1,15
GGTCCTTCATACGACT-1_V13B23-285_C1,1
GGTCGGATAAACGGCG-1_V13B23-285_C1,8
GGTCGGCCAGGAGCTT-1_V13B23-285_C1,12
GGTCGGTCGTCCACAG-1_V13B23-285_C1,1
GGTCGTAAGCTCGCAC-1_V13B23-285_C1,2
GGTCTCCAAGTAGTGC-1_V13B23-285_C1,1
GGTCTCCGTCCAGGTT-1_V13B23-285_C1,1
GGTCTCTGAATGGACT-1_V13B23-285_C1,1
GGTCTGAGAATCTGGA-1_V13B23-285_C1,2
GGTGAAGTACAGGGAT-1_V13B23-285_C1,2
GGTGAGATGCAGATAA-1_V13B23-285_C1,6
GGTGATAAGGAGCAGT-1_V13B23-285_C1,3
GGTGCAGAGCCTATCG-1_V13B23-285_C1,3
GGTGCGGATAAGTGGC-1_V13B23-285_C1,7
GGTGCTGATCACAAAG-1_V13B23-285_C1,3
GGTGCTGGTACACATT-1_V13B23-285_C1,1
GGTGGACCACGTGTTA-1_V13B23-285_C1,8
GGTGGACTGCTCTGGC-1_V13B23-285_C1,1
GGTGGAGGTTGATACG-1_V13B23-285_C1,4
GGTGTTGGGCGTCTTA-1_V13B23-285_C1,4
GGTTACCACCCTCGGG-1_V13B23-285_C1,2
GGTTACCCGACACTTT-1_V13B23-285_C1,3
GGTTAGCTATATGTCT-1_V13B23-285_C1,1
GGTTAGGCTTGGAGAA-1_V13B23-285_C1,1
GGTTAGTTACGGCGCC-1_V13B23-285_C1,3
GGTTCGGATTATACTA-1_V13B23-285_C1,6
GGTTCTACTCGTCTGA-1_V13B23-285_C1,4
GGTTGTGCTCTTGTCC-1_V13B23-285_C1,1
GGTTGTGTAGCCTGGC-1_V13B23-285_C1,1
GGTTTAATTGAGCAGG-1_V13B23-285_C1,2
GGTTTACAATCTCAAT-1_V13B23-285_C1,9
GGTTTAGCCTTTCTTG-1_V13B23-285_C1,4
GGTTTCAATCGGTCAG-1_V13B23-285_C1,2
GGTTTGACAAGAAGCT-1_V13B23-285_C1,8
GGTTTGAGTGCTGGAA-1_V13B23-285_C1,18
GGTTTGTGACCTGAGG-1_V13B23-285_C1,4
GTAACATCTAAGATAA-1_V13B23-285_C1,4
GTAAGCGGGCAGTCAG-1_V13B23-285_C1,6
GTAAGGATTTGTCGGA-1_V13B23-285_C1,17
GTAAGTAACAGTCTGG-1_V13B23-285_C1,4
GTAAGTAGGGTATACC-1_V13B23-285_C1,1
GTAAGTCCACACTCTA-1_V13B23-285_C1,4
GTAATAAAGGGCTCCC-1_V13B23-285_C1,6
GTAATCTGATTCTTCG-1_V13B23-285_C1,1
GTACACTTACCTGAAG-1_V13B23-285_C1,1
GTACAGAGGCAAGGGT-1_V13B23-285_C1,1
GTACGACGGCGCTGCG-1_V13B23-285_C1,6
GTACGAGATTGCGACA-1_V13B23-285_C1,14
GTACGCTTCATTGCAC-1_V13B23-285_C1,1
GTACGTCACGTATTAA-1_V13B23-285_C1,15
GTACGTTTGCCCGTCA-1_V13B23-285_C1,3
GTACTAAGATTTGGAG-1_V13B23-285_C1,1
GTACTCCCTTATCGCT-1_V13B23-285_C1,1
GTACTCCTGGGTATGC-1_V13B23-285_C1,10
GTACTGAGGTCGTAAC-1_V13B23-285_C1,18
GTACTGGAGTTAGACC-1_V13B23-285_C1,10
GTACTTGGGCACTTCT-1_V13B23-285_C1,1
GTAGAAACGGGTGGAG-1_V13B23-285_C1,1
GTAGACACGCCTGACT-1_V13B23-285_C1,1
GTAGACGTCGTTACAT-1_V13B23-285_C1,17
GTAGAGGGAGACAAGT-1_V13B23-285_C1,8
GTAGCCAAACATGGGA-1_V13B23-285_C1,1
GTAGCGGCTATACACT-1_V13B23-285_C1,1
GTAGCTTCCTCTTGTT-1_V13B23-285_C1,2
GTAGGTGATCCGTGTA-1_V13B23-285_C1,5
GTAGTCGCGGGAATCA-1_V13B23-285_C1,1
GTAGTCTACGATATTG-1_V13B23-285_C1,1
GTATAATCTCCCGGAT-1_V13B23-285_C1,9
GTATAGGACTCAGTAG-1_V13B23-285_C1,1
GTATCAAACGTTAGCT-1_V13B23-285_C1,1
GTATCAGCTTGGGTTC-1_V13B23-285_C1,1
GTATCTCAGTCTTGAC-1_V13B23-285_C1,2
GTATCTTTCATAACCA-1_V13B23-285_C1,1
GTATGAAATTTCACTC-1_V13B23-285_C1,2
GTATGTGGGTCTAGTT-1_V13B23-285_C1,1
GTATTAAGGCGTCTAA-1_V13B23-285_C1,1
GTATTCTGAGAAACGA-1_V13B23-285_C1,2
GTATTTAATGGCATAA-1_V13B23-285_C1,1
GTCAAAGAAGTGGTGT-1_V13B23-285_C1,1
GTCAAAGTTTACATAG-1_V13B23-285_C1,8
GTCAAGCGGACTCGGG-1_V13B23-285_C1,1
GTCAATGCTATAATTT-1_V13B23-285_C1,3
GTCACAAAGTTTCCAA-1_V13B23-285_C1,17
GTCACTCTCCAAATCT-1_V13B23-285_C1,1
GTCAGAATAGTCTATG-1_V13B23-285_C1,1
GTCAGACAGCGTTGGA-1_V13B23-285_C1,3
GTCAGTTGTGCTCGTT-1_V13B23-285_C1,17
GTCAGTTTGGTAGTCG-1_V13B23-285_C1,1
GTCATCTCCTACAGCT-1_V13B23-285_C1,9
GTCATGCACCTCCGTT-1_V13B23-285_C1,14
GTCATGGACATGACTA-1_V13B23-285_C1,3
GTCATTAGAGCGAACG-1_V13B23-285_C1,3
GTCATTGCATTGACCC-1_V13B23-285_C1,1
GTCCATTACTGCTACG-1_V13B23-285_C1,2
GTCCCAACGTAAAGTA-1_V13B23-285_C1,12
GTCCCGCGACGTTATG-1_V13B23-285_C1,4
GTCCGAGAGCAATCAT-1_V13B23-285_C1,2
GTCCGGACCTGAAATT-1_V13B23-285_C1,6
GTCCGGCTGAATTGCG-1_V13B23-285_C1,3
GTCCTACAGGCGGCTC-1_V13B23-285_C1,3
GTCCTACGAATAGTCT-1_V13B23-285_C1,1
GTCCTATTGTTGTGGT-1_V13B23-285_C1,1
GTCCTTCTACAACCCA-1_V13B23-285_C1,1
GTCCTTCTAGTGGGTT-1_V13B23-285_C1,3
GTCCTTTAATGACTTC-1_V13B23-285_C1,8
GTCGATAGGTGACTTT-1_V13B23-285_C1,4
GTCGCCGTTGTGTGTT-1_V13B23-285_C1,2
GTCGCGTAACCCGTTG-1_V13B23-285_C1,4
GTCGGAAGGATACCAG-1_V13B23-285_C1,8
GTCGGATATCTCAGAC-1_V13B23-285_C1,2
GTCGGATGTAGCGCGC-1_V13B23-285_C1,5
GTCGGGAAGCAGAAAC-1_V13B23-285_C1,1
GTCGTACCATCTCGGG-1_V13B23-285_C1,1
GTCGTATTGGCGTACA-1_V13B23-285_C1,2
GTCGTCTGGTTGGCTA-1_V13B23-285_C1,2
GTCGTTATTCGCTTAT-1_V13B23-285_C1,6
GTCTACTCAATTACAA-1_V13B23-285_C1,3
GTCTATCTGAGTTTCT-1_V13B23-285_C1,1
GTCTATTGGTTCCGGT-1_V13B23-285_C1,4
GTCTCAAGGCCCGGCT-1_V13B23-285_C1,1
GTCTCCTGCCAGTATG-1_V13B23-285_C1,2
GTCTCGACTAAGTTTG-1_V13B23-285_C1,1
GTCTCGATCTGCTTTC-1_V13B23-285_C1,1
GTCTGGGCGGTCGAGA-1_V13B23-285_C1,3
GTCTTAGTACAGCCGG-1_V13B23-285_C1,9
GTCTTGAGGAGCAGTG-1_V13B23-285_C1,1
GTCTTGTAGCTATTCA-1_V13B23-285_C1,2
GTGAAACGGCGCCACC-1_V13B23-285_C1,2
GTGAACTCCCATTCGA-1_V13B23-285_C1,2
GTGAAGATTTCAAGTG-1_V13B23-285_C1,1
GTGAAGCCGTATAGTC-1_V13B23-285_C1,2
GTGACCGCACACTACG-1_V13B23-285_C1,1
GTGACCTAAAGAATAA-1_V13B23-285_C1,3
GTGACTTCAGTAGTGC-1_V13B23-285_C1,1
GTGAGCGTGCTGCACT-1_V13B23-285_C1,7
GTGAGGACACTTAAGG-1_V13B23-285_C1,1
GTGAGGAGCGGTTGAG-1_V13B23-285_C1,2
GTGAGTCTAAGACGGA-1_V13B23-285_C1,1
GTGAGTGGTACAACGC-1_V13B23-285_C1,3
GTGATCACTAACGCCT-1_V13B23-285_C1,12
GTGATCATAGATCTGC-1_V13B23-285_C1,3
GTGATCCTTGTCATGA-1_V13B23-285_C1,1
GTGATGCACAACATCT-1_V13B23-285_C1,6
GTGATTCGCCGCTCAA-1_V13B23-285_C1,2
GTGCAACAAATGTGGC-1_V13B23-285_C1,9
GTGCACGAAAGTGACT-1_V13B23-285_C1,13
GTGCAGCGTAGAGTAG-1_V13B23-285_C1,16
GTGCCATCACACGGTG-1_V13B23-285_C1,1
GTGCCCGTTCGGATTC-1_V13B23-285_C1,4
GTGCCGCTTCAAAGGT-1_V13B23-285_C1,1
GTGCCTAGCTATGCTT-1_V13B23-285_C1,1
GTGCCTCAGTGTACGG-1_V13B23-285_C1,3
GTGCGAAATCGAACAC-1_V13B23-285_C1,2
GTGCGACAGGGAGTGT-1_V13B23-285_C1,1
GTGCGGGTCTCCAAAT-1_V13B23-285_C1,14
GTGCGTGTATATGAGC-1_V13B23-285_C1,16
GTGCTCAAGTACTGTC-1_V13B23-285_C1,1
GTGCTGCAGATAAGGA-1_V13B23-285_C1,3
GTGCTTACATCAGCGC-1_V13B23-285_C1,1
GTGGAACCTACATGCG-1_V13B23-285_C1,9
GTGGACCAACCCGATT-1_V13B23-285_C1,3
GTGGACGCATTTGTCC-1_V13B23-285_C1,1
GTGGACGTGCTGAGAC-1_V13B23-285_C1,1
GTGGAGCATGTCGGCC-1_V13B23-285_C1,10
GTGGAGCGTTTACCGA-1_V13B23-285_C1,14
GTGGAGTCGGCGGTTG-1_V13B23-285_C1,1
GTGGCAAACAGCGGCA-1_V13B23-285_C1,1
GTGGCGGTCCCAGCGT-1_V13B23-285_C1,1
GTGGGAAGACTGAATC-1_V13B23-285_C1,2
GTGGGCTTAGACACAC-1_V13B23-285_C1,1
GTGGTATAGTCTGCCG-1_V13B23-285_C1,2
GTGGTGATGGTTTGTG-1_V13B23-285_C1,1
GTGGTGGCCAAGTGAA-1_V13B23-285_C1,1
GTGGTTACTTCTTTCG-1_V13B23-285_C1,10
GTGGTTTCCGCCTTTC-1_V13B23-285_C1,1
GTGTACCTTGGCTACG-1_V13B23-285_C1,5
GTGTACGAACCGTTCC-1_V13B23-285_C1,4
GTGTATATCAGCGGGC-1_V13B23-285_C1,1
GTGTCGTATAGCGTTC-1_V13B23-285_C1,4
GTGTGAATAACTTAGG-1_V13B23-285_C1,12
GTGTTACTATGCGTCC-1_V13B23-285_C1,1
GTTAAAGTAGGACTGG-1_V13B23-285_C1,1
GTTAACATCACTTAAA-1_V13B23-285_C1,1
GTTAACTATGTTGTCA-1_V13B23-285_C1,1
GTTAAGGGTGCGATGT-1_V13B23-285_C1,1
GTTAAGTTAGAGTGGG-1_V13B23-285_C1,1
GTTAATGTCTATCTTA-1_V13B23-285_C1,1
GTTACAATTGGTGACG-1_V13B23-285_C1,1
GTTACCTACAACTTGC-1_V13B23-285_C1,1
GTTACTTTGGGCCTAG-1_V13B23-285_C1,1
GTTAGAGTGTGCCGCT-1_V13B23-285_C1,8
GTTAGCCGTAAATCAA-1_V13B23-285_C1,2
GTTAGGCTACCCGTTT-1_V13B23-285_C1,2
GTTATAATACGGTGAA-1_V13B23-285_C1,4
GTTATATCAGGAGCCA-1_V13B23-285_C1,10
GTTATATTATCTCCCT-1_V13B23-285_C1,1
GTTATTAACGTGGGAG-1_V13B23-285_C1,3
GTTCACAGGAGTCTAG-1_V13B23-285_C1,2
GTTCATCGTTTGGCTG-1_V13B23-285_C1,2
GTTCCAGTCTGACCAT-1_V13B23-285_C1,6
GTTCCCGTAAACATAT-1_V13B23-285_C1,1
GTTCGCCATAAGTGCC-1_V13B23-285_C1,1
GTTCGCTGAGACGTCT-1_V13B23-285_C1,4
GTTCGGATCGGGAACA-1_V13B23-285_C1,1
GTTCGGGCGTACCATT-1_V13B23-285_C1,2
GTTCGTCTAAAGAACT-1_V13B23-285_C1,1
GTTCGTCTGGGTCCCT-1_V13B23-285_C1,3
GTTCTTCCCTCGATGT-1_V13B23-285_C1,15
GTTGAACCGGTTCCAT-1_V13B23-285_C1,1
GTTGAGTCCCGCCGGT-1_V13B23-285_C1,3
GTTGCACGGAGTTTCG-1_V13B23-285_C1,1
GTTGCAGTCGACAACA-1_V13B23-285_C1,1
GTTGCGCTAACATTAC-1_V13B23-285_C1,1
GTTGCGGACGGTCAGG-1_V13B23-285_C1,1
GTTGGACCGCATCAGG-1_V13B23-285_C1,8
GTTGGATTCAGTGGCT-1_V13B23-285_C1,6
GTTGGATTGAGAACAC-1_V13B23-285_C1,1
GTTGGATTTGCGTTGG-1_V13B23-285_C1,1
GTTGGTCATGCTATCC-1_V13B23-285_C1,1
GTTGTCGTGTTAGTTG-1_V13B23-285_C1,9
GTTGTTGCAAGATGGC-1_V13B23-285_C1,1
GTTTACGTTCCATCTG-1_V13B23-285_C1,1
GTTTATGGGATTTAGA-1_V13B23-285_C1,2
GTTTCAAACGAGTTGT-1_V13B23-285_C1,4
GTTTCCTGGAGGGTGA-1_V13B23-285_C1,3
GTTTCTGCAGTCTCCC-1_V13B23-285_C1,4
GTTTGACCAAATCCTA-1_V13B23-285_C1,1
GTTTGGCCCAAGTTAT-1_V13B23-285_C1,4
GTTTGGCCGCTCAGCG-1_V13B23-285_C1,18
GTTTGGGCTTGTGAGC-1_V13B23-285_C1,6
GTTTGGTAGGGTCAAC-1_V13B23-285_C1,3
TAAACCCAGGAGGGCA-1_V13B23-285_C1,1
TAAACGTCGTCAATGA-1_V13B23-285_C1,3
TAAAGACAACCCTTTA-1_V13B23-285_C1,3
TAAAGCGGTATTTCCA-1_V13B23-285_C1,1
TAAAGCGTTAGGAGAA-1_V13B23-285_C1,2
TAAAGCTGCAATAGGG-1_V13B23-285_C1,3
TAAATCTTTACACCTC-1_V13B23-285_C1,2
TAAATGAATCCGTTTC-1_V13B23-285_C1,3
TAAATGCCGTCTCATG-1_V13B23-285_C1,3
TAAATGGGCTACTGAG-1_V13B23-285_C1,4
TAACAAAGGGAGAAGC-1_V13B23-285_C1,12
TAACAATATTTGTTGC-1_V13B23-285_C1,3
TAACATACAATGTGGG-1_V13B23-285_C1,1
TAACATACACGCGATC-1_V13B23-285_C1,10
TAACCTACCGTCCGAG-1_V13B23-285_C1,1
TAACCTAGGGAGTCCA-1_V13B23-285_C1,1
TAACGCTTTGAGAGCG-1_V13B23-285_C1,1
TAACTATCGAAGGTCC-1_V13B23-285_C1,1
TAACTATTACGCCAAA-1_V13B23-285_C1,8
TAACTCATCCGCGCGG-1_V13B23-285_C1,1
TAACTCCATGGAGGCT-1_V13B23-285_C1,1
TAAGCAGGCGACACGC-1_V13B23-285_C1,1
TAAGCCCTTACGACCA-1_V13B23-285_C1,6
TAAGGAACTTGTGGGA-1_V13B23-285_C1,1
TAAGGCAACATAAGAT-1_V13B23-285_C1,2
TAAGGCATAACATCAA-1_V13B23-285_C1,3
TAAGGCCCGTCACCCT-1_V13B23-285_C1,1
TAAGGCTGAATCCCTC-1_V13B23-285_C1,1
TAAGGGCCTGTCCGAT-1_V13B23-285_C1,1
TAAGGGCTGGGAGAGG-1_V13B23-285_C1,1
TAAGTAACATCTTGAC-1_V13B23-285_C1,2
TAAGTCGCCGAGTATC-1_V13B23-285_C1,1
TAAGTTGCGACGTAGG-1_V13B23-285_C1,1
TAATAAACAAGGAGAT-1_V13B23-285_C1,2
TAATACACAGTAGTAT-1_V13B23-285_C1,9
TAATAGAACAGAGTTA-1_V13B23-285_C1,11
TAATAGCTAAATGATG-1_V13B23-285_C1,8
TAATAGGTCACCAGAA-1_V13B23-285_C1,1
TAATAGTGACGACCAG-1_V13B23-285_C1,2
TAATATTGAAATTCGC-1_V13B23-285_C1,9
TAATCAACCAAATGGG-1_V13B23-285_C1,12
TAATCGATCCGTACGT-1_V13B23-285_C1,2
TAATGAAAGACCCTTG-1_V13B23-285_C1,1
TAATTACGTCAGTAGA-1_V13B23-285_C1,1
TAATTAGGACATCCGT-1_V13B23-285_C1,1
TAATTGGAATCGGGAA-1_V13B23-285_C1,3
TACAACGCACAACTCA-1_V13B23-285_C1,4
TACAAGTCTCGTGCAT-1_V13B23-285_C1,1
TACACCGTCGTTAGTC-1_V13B23-285_C1,11
TACAGAAACGGTGGGC-1_V13B23-285_C1,1
TACATAGGCATACACC-1_V13B23-285_C1,1
TACATCCCTATCCCTG-1_V13B23-285_C1,11
TACATGACCTTATCCG-1_V13B23-285_C1,3
TACATGCCGGAATTGT-1_V13B23-285_C1,1
TACATTTCTAACGTGC-1_V13B23-285_C1,1
TACCAAATAGCCCAGA-1_V13B23-285_C1,3
TACCAATAAAGTACCA-1_V13B23-285_C1,4
TACCAGAAGTAGGTTC-1_V13B23-285_C1,1
TACCAGCTAGGTTTAA-1_V13B23-285_C1,5
TACCATGTATTGATTT-1_V13B23-285_C1,4
TACCGCGGACTTGCAG-1_V13B23-285_C1,10
TACCGGCTCACTGCCC-1_V13B23-285_C1,1
TACCGGTCGTTTCCAT-1_V13B23-285_C1,12
TACCGTAGGTTAACTA-1_V13B23-285_C1,1
TACCGTGCCTCGGACC-1_V13B23-285_C1,1
TACCTACTCCCAGTAT-1_V13B23-285_C1,1
TACCTCACGCTTGTAC-1_V13B23-285_C1,9
TACCTCAGTTGTCTGT-1_V13B23-285_C1,1
TACCTGCTGCACTGTG-1_V13B23-285_C1,1
TACCTTAAGATTTCCC-1_V13B23-285_C1,11
TACGAACACGACTTCA-1_V13B23-285_C1,1
TACGACGCTTGCTGCG-1_V13B23-285_C1,1
TACGACTGCCTCTTAG-1_V13B23-285_C1,1
TACGAGAACTTCACGT-1_V13B23-285_C1,1
TACGATGTTGATCATC-1_V13B23-285_C1,2
TACGCAGTTCTTTCCT-1_V13B23-285_C1,14
TACGCCATATTCTAAT-1_V13B23-285_C1,1
TACGCCGAGGGTACCC-1_V13B23-285_C1,1
TACGCCGCCTCAGAAG-1_V13B23-285_C1,4
TACGCCTCCATTCCGA-1_V13B23-285_C1,1
TACGCTATAGAAACCT-1_V13B23-285_C1,1
TACGCTCGGTATTGGA-1_V13B23-285_C1,1
TACGGGATGCTAGCAG-1_V13B23-285_C1,1
TACGTACTAGTGCTGA-1_V13B23-285_C1,2
TACGTGCAAGGTTCCT-1_V13B23-285_C1,1
TACGTGCACTATGCTG-1_V13B23-285_C1,1
TACGTTTACCGGCAAT-1_V13B23-285_C1,1
TACTATGGTTCCTCAG-1_V13B23-285_C1,2
TACTCGGCACGCCGGG-1_V13B23-285_C1,6
TACTCTCCGAACAAAT-1_V13B23-285_C1,3
TACTCTTACTTTACTG-1_V13B23-285_C1,1
TACTCTTTCGTCTTCA-1_V13B23-285_C1,2
TACTGAACAGATTTAG-1_V13B23-285_C1,2
TACTGCAATCAATTAC-1_V13B23-285_C1,9
TACTGGACAGCTCGGC-1_V13B23-285_C1,1
TACTGTTTCTCTGGTA-1_V13B23-285_C1,4
TACTTGTTAGTAGTCC-1_V13B23-285_C1,4
TACTTTACTGAGCCGG-1_V13B23-285_C1,6
TACTTTCCGCACGCCA-1_V13B23-285_C1,2
TAGAAAGGTGGCGCTA-1_V13B23-285_C1,2
TAGAAATTCACGTATA-1_V13B23-285_C1,2
TAGAATAGCCGATGAA-1_V13B23-285_C1,4
TAGAATTAAGGGCAAC-1_V13B23-285_C1,5
TAGACGAAACGCCAAT-1_V13B23-285_C1,1
TAGACGCCCGTACCGG-1_V13B23-285_C1,1
TAGACTACCTAGCGTT-1_V13B23-285_C1,7
TAGAGATCATGCAACT-1_V13B23-285_C1,1
TAGAGCTACGAAGAAC-1_V13B23-285_C1,6
TAGAGGTTCTACTTGT-1_V13B23-285_C1,1
TAGAGTCTAAGCGAAC-1_V13B23-285_C1,3
TAGATATGGACTGGAA-1_V13B23-285_C1,3
TAGATCCGAAGTCGCA-1_V13B23-285_C1,5
TAGATGGTTCCTTACT-1_V13B23-285_C1,1
TAGATTCCTGGTTATT-1_V13B23-285_C1,1
TAGCAACCTGTCACAA-1_V13B23-285_C1,6
TAGCCATTTCAAAGTC-1_V13B23-285_C1,4
TAGCCGGCGGTCAGCG-1_V13B23-285_C1,3
TAGCGTCCCTCGATTG-1_V13B23-285_C1,1
TAGCGTCCGGTGTGGT-1_V13B23-285_C1,1
TAGCGTTGGGTCTTAC-1_V13B23-285_C1,4
TAGCTAAGTCCGGGAG-1_V13B23-285_C1,3
TAGCTAGAAGGCATGA-1_V13B23-285_C1,2
TAGCTAGTGATGATGG-1_V13B23-285_C1,2
TAGCTCGCCTGATAAC-1_V13B23-285_C1,3
TAGCTGATGTGAAGCG-1_V13B23-285_C1,1
TAGGCATGTTACGCCA-1_V13B23-285_C1,3
TAGGGAGCTTGGGATG-1_V13B23-285_C1,1
TAGGGTGTTTCAAGAG-1_V13B23-285_C1,1
TAGGTCCAAGTAAGGA-1_V13B23-285_C1,1
TAGGTCGCCGGAACTG-1_V13B23-285_C1,2
TAGGTGACGATAACCT-1_V13B23-285_C1,1
TAGGTGAGCCCTACTC-1_V13B23-285_C1,7
TAGGTGCTCGCCTAGC-1_V13B23-285_C1,4
TAGGTGTTCCACAGAT-1_V13B23-285_C1,3
TAGGTTCGAGTTCGTC-1_V13B23-285_C1,8
TAGTACCTTAGTGGTC-1_V13B23-285_C1,1
TAGTAGCTTATACCAG-1_V13B23-285_C1,1
TAGTCCGCAGAGAATG-1_V13B23-285_C1,1
TAGTCCGTATGCATAA-1_V13B23-285_C1,3
TAGTCGATCACGGGTT-1_V13B23-285_C1,4
TAGTCGGGATTCTTCG-1_V13B23-285_C1,1
TAGTCTAACAACGAGA-1_V13B23-285_C1,1
TAGTCTGTGACGTTGC-1_V13B23-285_C1,1
TAGTCTTTCCGAATTG-1_V13B23-285_C1,4
TAGTGCCCTCCAGAGT-1_V13B23-285_C1,1
TAGTGCTTGAATCCTT-1_V13B23-285_C1,2
TAGTGTCAGAAACGGC-1_V13B23-285_C1,3
TAGTTAAGATAGGATA-1_V13B23-285_C1,5
TAGTTTATTCTTGCTT-1_V13B23-285_C1,13
TATAAATCCACAAGCT-1_V13B23-285_C1,1
TATAAGTGAGGATAGC-1_V13B23-285_C1,1
TATACACAGACGCCTT-1_V13B23-285_C1,3
TATACACGCAAAGTAT-1_V13B23-285_C1,14
TATACCGAGTGCCACA-1_V13B23-285_C1,4
TATACGCGTCATCACT-1_V13B23-285_C1,1
TATACTCATGCGGCAA-1_V13B23-285_C1,1
TATAGATGGTCGCAGT-1_V13B23-285_C1,7
TATAGGGTACTCATGA-1_V13B23-285_C1,1
TATATATCGAGAAATG-1_V13B23-285_C1,1
TATATCATTGATCAGT-1_V13B23-285_C1,1
TATATCCCTGGGAGGA-1_V13B23-285_C1,4
TATATGCTGGGTTGCC-1_V13B23-285_C1,2
TATATTACAAATGTCG-1_V13B23-285_C1,10
TATATTCGCGTCGATA-1_V13B23-285_C1,17
TATCAAAGGTCTGTAA-1_V13B23-285_C1,3
TATCACCATGTAAAGT-1_V13B23-285_C1,6
TATCACCCAACCGACC-1_V13B23-285_C1,2
TATCACTTCGAGTAAC-1_V13B23-285_C1,3
TATCCAATTGGTTATC-1_V13B23-285_C1,1
TATCCATATCATGCGA-1_V13B23-285_C1,9
TATCCATCTCGGTTAG-1_V13B23-285_C1,1
TATCCGCACCGTCGGG-1_V13B23-285_C1,1
TATCGATCTATGCATA-1_V13B23-285_C1,3
TATCGATGATTAAACG-1_V13B23-285_C1,1
TATCTACAGAGGTAAT-1_V13B23-285_C1,1
TATCTACCACAGCGGG-1_V13B23-285_C1,1
TATCTAGCCTAAAGGA-1_V13B23-285_C1,1
TATCTTGCAATACAAC-1_V13B23-285_C1,3
TATGAAGACAGGTGCG-1_V13B23-285_C1,1
TATGATCCGGCACGCC-1_V13B23-285_C1,2
TATGATCTTCTCTTTA-1_V13B23-285_C1,1
TATGCTCCCTACTTAC-1_V13B23-285_C1,1
TATGGATGTGCTACGC-1_V13B23-285_C1,12
TATGGCCCGGCCTCGC-1_V13B23-285_C1,1
TATGGCTAGGCTAATT-1_V13B23-285_C1,2
TATGGGACCGAGCAGG-1_V13B23-285_C1,4
TATGGGTACGTATCGT-1_V13B23-285_C1,1
TATGGTCTGAGTAACA-1_V13B23-285_C1,4
TATGGTTAGTGGGAGA-1_V13B23-285_C1,4
TATGTCAAGACCGACT-1_V13B23-285_C1,3
TATGTCTCATTGTGCC-1_V13B23-285_C1,2
TATTAACCTGACCGCG-1_V13B23-285_C1,3
TATTACCATCCTGCTT-1_V13B23-285_C1,1
TATTATGTTTGCCTGC-1_V13B23-285_C1,1
TATTCAATTCTAATCC-1_V13B23-285_C1,1
TATTCCACTCAGCTCG-1_V13B23-285_C1,1
TATTCCGAGCTGTTAT-1_V13B23-285_C1,4
TATTCCTCCGCCCACT-1_V13B23-285_C1,2
TATTCGTGCCAGAATA-1_V13B23-285_C1,8
TATTGACATTTCTGCC-1_V13B23-285_C1,3
TATTTAGTCTAGATCG-1_V13B23-285_C1,9
TATTTATACCGAGTAG-1_V13B23-285_C1,3
TATTTGATTTGCACAG-1_V13B23-285_C1,1
TATTTGTTACCCTTTA-1_V13B23-285_C1,3
TCAAACAACCGCGTCG-1_V13B23-285_C1,1
TCAAACTTAGATTGTT-1_V13B23-285_C1,12
TCAAATTTGAGACTCA-1_V13B23-285_C1,1
TCAACAAAGATAATTC-1_V13B23-285_C1,1
TCAACATAGCGCCCTA-1_V13B23-285_C1,2
TCAACATCGACCGAGA-1_V13B23-285_C1,6
TCAACCATGTTCGGGC-1_V13B23-285_C1,3
TCAACGAGGAGACAAA-1_V13B23-285_C1,1
TCAACGCAGGAAATAA-1_V13B23-285_C1,1
TCAACTAACGTATAAC-1_V13B23-285_C1,1
TCAACTGCAGAGTCAG-1_V13B23-285_C1,4
TCAAGAAATACTAGCT-1_V13B23-285_C1,12
TCAAGCGCGGACGGTA-1_V13B23-285_C1,4
TCAAGCTGCCTTGAAA-1_V13B23-285_C1,8
TCAAGGTTACTACACC-1_V13B23-285_C1,1
TCAATACGCCGTCATG-1_V13B23-285_C1,3
TCACAAACCGAGGTAC-1_V13B23-285_C1,1
TCACAGATCCTCAAAC-1_V13B23-285_C1,17
TCACAGCAAACTCGAA-1_V13B23-285_C1,3
TCACAGGAGAATAAGA-1_V13B23-285_C1,1
TCACAGGGAATCGCAA-1_V13B23-285_C1,1
TCACAGGTTATTGGGC-1_V13B23-285_C1,1
TCACATCTTATCTGAT-1_V13B23-285_C1,1
TCACCCTCTTAAGATT-1_V13B23-285_C1,1
TCACCGCTCGGCACTC-1_V13B23-285_C1,6
TCACGATGTCCGTGGA-1_V13B23-285_C1,10
TCACGCATTGTAGATC-1_V13B23-285_C1,1
TCACGGTCATCGCACA-1_V13B23-285_C1,1
TCACGTGCCCGATTCA-1_V13B23-285_C1,1
TCACTACGACCAATGC-1_V13B23-285_C1,6
TCACTCGTGCAACGGC-1_V13B23-285_C1,2
TCACTCTTCGTCTGTC-1_V13B23-285_C1,1
TCAGAACCTCCACAGG-1_V13B23-285_C1,2
TCAGACGCTATAGAAG-1_V13B23-285_C1,1
TCAGAGTGTGAGCATG-1_V13B23-285_C1,1
TCAGCAAATGCATCTC-1_V13B23-285_C1,3
TCAGCAGTAGGCCCTG-1_V13B23-285_C1,1
TCAGCCAATCCGTAAA-1_V13B23-285_C1,1
TCAGGGCGCAAACTCG-1_V13B23-285_C1,1
TCAGGGTGTAACGTAA-1_V13B23-285_C1,2
TCAGGTTCTTTGAGAA-1_V13B23-285_C1,1
TCAGTACTGACCCGCG-1_V13B23-285_C1,14
TCAGTAGGGACTATAA-1_V13B23-285_C1,4
TCAGTGTATACGTCAT-1_V13B23-285_C1,1
TCATAAGTCCAAGAAG-1_V13B23-285_C1,1
TCATACTTACAGATCC-1_V13B23-285_C1,1
TCATCACTCGAGCTCG-1_V13B23-285_C1,3
TCATCCCAGAGGGTGG-1_V13B23-285_C1,13
TCATCGATGGTCCCAA-1_V13B23-285_C1,2
TCATGCAGGTTCTCAT-1_V13B23-285_C1,3
TCATTTAAGTCTCCGA-1_V13B23-285_C1,7
TCATTTAGAAGTGTGA-1_V13B23-285_C1,1
TCCAACTTTAAATTCT-1_V13B23-285_C1,2
TCCAATAAAGGCTACC-1_V13B23-285_C1,12
TCCACAATGGTTTACG-1_V13B23-285_C1,1
TCCACCTCTAGCCTTT-1_V13B23-285_C1,6
TCCACTTTATCTAGGT-1_V13B23-285_C1,2
TCCAGAGCACCGGTTC-1_V13B23-285_C1,7
TCCAGATGTACGCCAA-1_V13B23-285_C1,2
TCCAGCGCTATAAGCG-1_V13B23-285_C1,3
TCCAGGCGAGTACGGT-1_V13B23-285_C1,12
TCCAGGGTATATACGA-1_V13B23-285_C1,1
TCCATTCCCACTAGAG-1_V13B23-285_C1,15
TCCATTGTGACCTCGT-1_V13B23-285_C1,17
TCCCAAACAGACAACG-1_V13B23-285_C1,1
TCCCAAAGACGAAGGA-1_V13B23-285_C1,1
TCCCAAAGCCCTAAAT-1_V13B23-285_C1,4
TCCCACTCTCTTCCGG-1_V13B23-285_C1,2
TCCCAGCACACGACAT-1_V13B23-285_C1,4
TCCCAGCTTTAGTCTG-1_V13B23-285_C1,14
TCCCAGGCTTAGCTAA-1_V13B23-285_C1,1
TCCCGCCTATGTGCGT-1_V13B23-285_C1,2
TCCCGCGTACTCCTGG-1_V13B23-285_C1,9
TCCCGGGTGTGCTGCT-1_V13B23-285_C1,1
TCCCGTCAGTCCCGCA-1_V13B23-285_C1,9
TCCCGTCGCGTCATAG-1_V13B23-285_C1,11
TCCCGTGTGCAATTTG-1_V13B23-285_C1,1
TCCCTAGATCAATAGG-1_V13B23-285_C1,2
TCCCTGGCGTATTAAC-1_V13B23-285_C1,1
TCCCTGGCTCGCTGGA-1_V13B23-285_C1,1
TCCCTTAGATTACTCG-1_V13B23-285_C1,9
TCCGAACGTTGCCGCT-1_V13B23-285_C1,4
TCCGAACTTGGCTTAC-1_V13B23-285_C1,1
TCCGAAGTAGTCACCA-1_V13B23-285_C1,6
TCCGAATGGTCCTGAG-1_V13B23-285_C1,3
TCCGATAATTGCCATA-1_V13B23-285_C1,5
TCCGATGACTGAGCTC-1_V13B23-285_C1,3
TCCGATGGTGCGACAT-1_V13B23-285_C1,1
TCCGATTACATTGCCG-1_V13B23-285_C1,1
TCCGCAGCCACCTAGC-1_V13B23-285_C1,6
TCCGCCTGTCTACAAG-1_V13B23-285_C1,4
TCCGCGGCAGCATCTG-1_V13B23-285_C1,4
TCCGCGGCCCAATGAA-1_V13B23-285_C1,1
TCCGCTGTCATCCCGG-1_V13B23-285_C1,1
TCCGCTTATCCCATTA-1_V13B23-285_C1,1
TCCGGAGGAAGGGCTG-1_V13B23-285_C1,6
TCCGGCCTAGCGTACA-1_V13B23-285_C1,2
TCCGGCTGTCGGGTCG-1_V13B23-285_C1,4
TCCGGTTCGTCCGGTC-1_V13B23-285_C1,2
TCCGTAACCACAATCC-1_V13B23-285_C1,1
TCCGTTAAGCTAATAT-1_V13B23-285_C1,1
TCCGTTTAGCCTTGAA-1_V13B23-285_C1,2
TCCTAAATTGGGAAGC-1_V13B23-285_C1,1
TCCTAACCGTCGGGCA-1_V13B23-285_C1,3
TCCTACATCCACGGCC-1_V13B23-285_C1,1
TCCTAGCAAAGAAGCT-1_V13B23-285_C1,2
TCCTATCATAGGTAAC-1_V13B23-285_C1,4
TCCTCCTAAGACATTC-1_V13B23-285_C1,10
TCCTCGGGCTGGGCTT-1_V13B23-285_C1,4
TCCTCTACGAGATGGC-1_V13B23-285_C1,1
TCCTCTCCAGTTGTCC-1_V13B23-285_C1,6
TCCTCTGGCCCATTAG-1_V13B23-285_C1,3
TCCTGCCAACTGGAGA-1_V13B23-285_C1,9
TCCTGCGTTGATACTC-1_V13B23-285_C1,1
TCCTGGCGCTGCCTGG-1_V13B23-285_C1,3
TCCTTACGACGGTCCG-1_V13B23-285_C1,1
TCCTTCAGTGGTCGAA-1_V13B23-285_C1,5
TCCTTTAAATCCGCTT-1_V13B23-285_C1,4
TCCTTTCTTACGCTTA-1_V13B23-285_C1,3
TCGAAATTTAGGACCA-1_V13B23-285_C1,1
TCGAAGAACCGAGCAC-1_V13B23-285_C1,4
TCGAATATCCCGCAGG-1_V13B23-285_C1,2
TCGACAACTGAACCCG-1_V13B23-285_C1,1
TCGAGACCAACACCGT-1_V13B23-285_C1,9
TCGAGCCAGGCAGGCC-1_V13B23-285_C1,1
TCGAGGGCAACAGACG-1_V13B23-285_C1,1
TCGCAAAGATGCATTT-1_V13B23-285_C1,1
TCGCACCAGGAGGCAG-1_V13B23-285_C1,1
TCGCATAAAGGGCGCA-1_V13B23-285_C1,12
TCGCATCCCTAAGTGT-1_V13B23-285_C1,9
TCGCCGAAGTTGCGTC-1_V13B23-285_C1,7
TCGCCGGTCGATCCGT-1_V13B23-285_C1,1
TCGCGTAGCAGTGTCC-1_V13B23-285_C1,2
TCGCGTCCAGAAGGTC-1_V13B23-285_C1,1
TCGCTAAACCGCTATC-1_V13B23-285_C1,3
TCGCTCGATATATTCC-1_V13B23-285_C1,2
TCGCTCGGCACCAGCG-1_V13B23-285_C1,2
TCGCTGGGCGGATTGT-1_V13B23-285_C1,2
TCGCTGTGCGTAAATC-1_V13B23-285_C1,1
TCGCTTTAAACGTTTG-1_V13B23-285_C1,11
TCGGAATGCGCTCTGA-1_V13B23-285_C1,1
TCGGACGCCCAGCCCA-1_V13B23-285_C1,2
TCGGAGAGTATCGGGA-1_V13B23-285_C1,10
TCGGAGTACATGAGTA-1_V13B23-285_C1,1
TCGGCGAACCCAAACC-1_V13B23-285_C1,1
TCGGCGTACTGCACAA-1_V13B23-285_C1,3
TCGGCTTGTATCGACG-1_V13B23-285_C1,4
TCGGGAACGTGCCTAG-1_V13B23-285_C1,2
TCGGGAGACAGCGTAC-1_V13B23-285_C1,1
TCGGGATTCAAACATA-1_V13B23-285_C1,3
TCGGGCCGTCGTGGTA-1_V13B23-285_C1,4
TCGGGTGAAACTGCTA-1_V13B23-285_C1,5
TCGGTCCCGACAATAG-1_V13B23-285_C1,1
TCGGTCCCTGACTCCA-1_V13B23-285_C1,6
TCGGTGACCGCTCCGG-1_V13B23-285_C1,3
TCGTAAGACGACATTG-1_V13B23-285_C1,1
TCGTAAGCTCCGAGGA-1_V13B23-285_C1,3
TCGTATAGTGCAATTA-1_V13B23-285_C1,5
TCGTATTACCCATTGC-1_V13B23-285_C1,3
TCGTCAAGTACGCGCA-1_V13B23-285_C1,1
TCGTCACACTGTTAGC-1_V13B23-285_C1,1
TCGTCCGCTGGCGTCT-1_V13B23-285_C1,1
TCGTCTTAGGCGTTAA-1_V13B23-285_C1,6
TCGTGTACTATGGATG-1_V13B23-285_C1,2
TCGTGTATTGGTCACG-1_V13B23-285_C1,7
TCGTGTCACGCTGACA-1_V13B23-285_C1,1
TCGTGTTCGACCACAA-1_V13B23-285_C1,1
TCGTTAGGAGTCCCTA-1_V13B23-285_C1,1
TCGTTCGTTATTATGT-1_V13B23-285_C1,17
TCGTTGCTATCCGGTC-1_V13B23-285_C1,2
TCTAACTGTATGTAAA-1_V13B23-285_C1,1
TCTAATACTGCCTCAG-1_V13B23-285_C1,2
TCTACCCAATAGAGAG-1_V13B23-285_C1,4
TCTACCGTCCACAAGC-1_V13B23-285_C1,3
TCTACGGGCTCAGTTG-1_V13B23-285_C1,8
TCTAGCAATCTCCGCC-1_V13B23-285_C1,10
TCTAGCATCTTCGATG-1_V13B23-285_C1,1
TCTAGCATGCCCAGAA-1_V13B23-285_C1,1
TCTAGGTGGCGACGCT-1_V13B23-285_C1,3
TCTAGTGATATCGTGG-1_V13B23-285_C1,1
TCTAGTTATCAGAAGA-1_V13B23-285_C1,4
TCTATCATGCAGTTAC-1_V13B23-285_C1,1
TCTATCGGTCGCAACA-1_V13B23-285_C1,1
TCTATTACGCTGGCGA-1_V13B23-285_C1,9
TCTATTACTAGAGGAT-1_V13B23-285_C1,1
TCTCATGAGATAGGGT-1_V13B23-285_C1,4
TCTCCAACGTAGGTTA-1_V13B23-285_C1,14
TCTCCACAAGTTGAAT-1_V13B23-285_C1,1
TCTCCCTGGGCAGCGT-1_V13B23-285_C1,4
TCTCGAACGAGGTCAC-1_V13B23-285_C1,3
TCTCGACGTATCGCCG-1_V13B23-285_C1,4
TCTCGAGGAGGTTCGC-1_V13B23-285_C1,3
TCTCGGCTCCAGGACT-1_V13B23-285_C1,1
TCTCTAATAGCTGGTA-1_V13B23-285_C1,6
TCTCTCGCCGCACATA-1_V13B23-285_C1,1
TCTGAACCGGTCGGCT-1_V13B23-285_C1,1
TCTGAACTCGTACCCG-1_V13B23-285_C1,1
TCTGAAGCACGTGGTC-1_V13B23-285_C1,1
TCTGAATTCCGTACAA-1_V13B23-285_C1,1
TCTGACGGGCTAACCC-1_V13B23-285_C1,3
TCTGAGCAATTGACTG-1_V13B23-285_C1,12
TCTGATCGGGTGCTAG-1_V13B23-285_C1,2
TCTGATGTATTCTGTC-1_V13B23-285_C1,4
TCTGATTGGAAATGGA-1_V13B23-285_C1,1
TCTGCACCATTAGTAA-1_V13B23-285_C1,2
TCTGCATACCTTGCTT-1_V13B23-285_C1,6
TCTGCCAGAAACTGCA-1_V13B23-285_C1,4
TCTGCGAATCGTTCGC-1_V13B23-285_C1,6
TCTGCGTCCGGTTTCT-1_V13B23-285_C1,1
TCTGCTTAGAACAAGC-1_V13B23-285_C1,4
TCTGGAGCGTAAGAGT-1_V13B23-285_C1,1
TCTGGCCGTTCAAGTT-1_V13B23-285_C1,1
TCTGGGAACCTTTGAA-1_V13B23-285_C1,4
TCTGGGTAGCGCTCAT-1_V13B23-285_C1,2
TCTGTGCCATCATAGT-1_V13B23-285_C1,10
TCTGTTACCCAGCATA-1_V13B23-285_C1,1
TCTTACAGAGGTACCG-1_V13B23-285_C1,9
TCTTACCGGAACTCGT-1_V13B23-285_C1,1
TCTTACGGCATCCGAC-1_V13B23-285_C1,3
TCTTACTTATGCCTCT-1_V13B23-285_C1,1
TCTTAGAGCTCCAATT-1_V13B23-285_C1,12
TCTTAGAGTGAACTCT-1_V13B23-285_C1,1
TCTTCCCATGGGCACA-1_V13B23-285_C1,2
TCTTCGAATAGACGTT-1_V13B23-285_C1,1
TCTTCGATACCAATAA-1_V13B23-285_C1,1
TCTTCGCGGTGAGAGG-1_V13B23-285_C1,4
TCTTCTATAACCCGCC-1_V13B23-285_C1,4
TCTTGATGCGTAGCGA-1_V13B23-285_C1,1
TCTTGGTAACACCAAA-1_V13B23-285_C1,9
TCTTTAAGACTATGAA-1_V13B23-285_C1,2
TCTTTAGAGTCTAACA-1_V13B23-285_C1,7
TCTTTAGCAGGCGAAC-1_V13B23-285_C1,2
TCTTTCCTTCGAGATA-1_V13B23-285_C1,1
TGAAACTTATGCAAGC-1_V13B23-285_C1,9
TGAAAGGACCTGACTC-1_V13B23-285_C1,3
TGAAGAGCGGTCCTAG-1_V13B23-285_C1,3
TGAAGTAGCTTACGGA-1_V13B23-285_C1,1
TGAATATGCTATAAAC-1_V13B23-285_C1,3
TGAATGAGATACAGCA-1_V13B23-285_C1,19
TGAATGTCAGCCGGCC-1_V13B23-285_C1,7
TGACAACGCATGTCGC-1_V13B23-285_C1,7
TGACACTTCTCTTTGC-1_V13B23-285_C1,6
TGACAGGACAAGTCCA-1_V13B23-285_C1,6
TGACATCGAGCGGACC-1_V13B23-285_C1,7
TGACCCACGTTAGACA-1_V13B23-285_C1,1
TGACGAATATTTCCCT-1_V13B23-285_C1,2
TGACGATGCACTAGAA-1_V13B23-285_C1,4
TGACTATAATCCTTTC-1_V13B23-285_C1,1
TGAGAATGCTTTACCG-1_V13B23-285_C1,9
TGAGAGATTTACCACG-1_V13B23-285_C1,1
TGAGATTAGGCCCTAA-1_V13B23-285_C1,6
TGAGCCATACAGTCTC-1_V13B23-285_C1,2
TGAGCGGAAAGTGTTC-1_V13B23-285_C1,1
TGAGCTCAACTGTATA-1_V13B23-285_C1,1
TGAGCTTTAATGACGC-1_V13B23-285_C1,3
TGAGGAGTGCCAGCTT-1_V13B23-285_C1,12
TGAGTAAATTAGCGTA-1_V13B23-285_C1,1
TGAGTGCCTCTTAAAT-1_V13B23-285_C1,14
TGAGTGGTCCGTGACG-1_V13B23-285_C1,11
TGAGTTAAAGACATTC-1_V13B23-285_C1,1
TGATACATTTAGCCGT-1_V13B23-285_C1,2
TGATAGCGGGATTCTA-1_V13B23-285_C1,1
TGATCAGGGAACTGCT-1_V13B23-285_C1,6
TGATCCCAGCATTAGT-1_V13B23-285_C1,10
TGATCGGTTTGACCCT-1_V13B23-285_C1,1
TGATCTACGCTGATCT-1_V13B23-285_C1,2
TGATCTCCGGCGCCAG-1_V13B23-285_C1,6
TGATGGCTGTTTCTGA-1_V13B23-285_C1,2
TGATGTCAATTAAGTG-1_V13B23-285_C1,1
TGATTATGGCACGCAG-1_V13B23-285_C1,3
TGATTCAGGTCCCGCG-1_V13B23-285_C1,3
TGATTCGTCTATCACT-1_V13B23-285_C1,1
TGATTCTGTCGCCGGT-1_V13B23-285_C1,2
TGATTTATTAGCTGTG-1_V13B23-285_C1,1
TGATTTCCTCCTGACG-1_V13B23-285_C1,1
TGCAACCCATCTGCGG-1_V13B23-285_C1,1
TGCAAGAATGACGTAA-1_V13B23-285_C1,2
TGCAATCTAACACGGT-1_V13B23-285_C1,1
TGCAATTTGGGCACGG-1_V13B23-285_C1,2
TGCACAGTGAAGTTAT-1_V13B23-285_C1,3
TGCACTATGTGAGTGC-1_V13B23-285_C1,1
TGCAGAACTATATCGT-1_V13B23-285_C1,6
TGCAGAGTACCGAGCA-1_V13B23-285_C1,1
TGCAGATCGTCCTAGG-1_V13B23-285_C1,3
TGCAGCTACGTACTTC-1_V13B23-285_C1,2
TGCAGGATCGGCAAAG-1_V13B23-285_C1,1
TGCAGTGAGGCTCGGG-1_V13B23-285_C1,19
TGCAGTTTCCTCCCAT-1_V13B23-285_C1,4
TGCATATGTCTGTCAC-1_V13B23-285_C1,12
TGCATGGATCGGATCT-1_V13B23-285_C1,5
TGCATGTGGTAATCTA-1_V13B23-285_C1,11
TGCCAAAGTCAGACTT-1_V13B23-285_C1,6
TGCCAATGGGTACTCT-1_V13B23-285_C1,1
TGCCACCTGGCGAAAC-1_V13B23-285_C1,9
TGCCAGTACGTGGAGA-1_V13B23-285_C1,1
TGCCATTACTAAAGAA-1_V13B23-285_C1,2
TGCCCGTACCGTTAAA-1_V13B23-285_C1,4
TGCCGGATGTACGAGC-1_V13B23-285_C1,3
TGCCGTGGATCGTCCT-1_V13B23-285_C1,1
TGCCTAAATTTAATAG-1_V13B23-285_C1,1
TGCCTAATTGAAGATT-1_V13B23-285_C1,1
TGCCTGACATCGGTCA-1_V13B23-285_C1,1
TGCCTGATCAAACGAT-1_V13B23-285_C1,6
TGCCTTGGCCAGGCAA-1_V13B23-285_C1,4
TGCGAATATGGGATTT-1_V13B23-285_C1,3
TGCGACACCCTAGTGC-1_V13B23-285_C1,2
TGCGACGGCCGAACGT-1_V13B23-285_C1,1
TGCGAGAATATTACCC-1_V13B23-285_C1,1
TGCGAGCCCTTCCGCG-1_V13B23-285_C1,6
TGCGATGCTAATGGCT-1_V13B23-285_C1,3
TGCGCAAAGCATTTGG-1_V13B23-285_C1,1
TGCGCCGTTAATAACG-1_V13B23-285_C1,1
TGCGCGATTAACGGAG-1_V13B23-285_C1,2
TGCGGAGTAAAGGTGC-1_V13B23-285_C1,3
TGCGGCATAGTTCAAC-1_V13B23-285_C1,5
TGCGGTGAAATTTCAT-1_V13B23-285_C1,13
TGCGTAAGAACCTGAT-1_V13B23-285_C1,1
TGCGTCATGACTGAGC-1_V13B23-285_C1,2
TGCGTGATTGGGTGTC-1_V13B23-285_C1,14
TGCGTTTGTTGACACT-1_V13B23-285_C1,4
TGCTAAGTGTCTATTT-1_V13B23-285_C1,4
TGCTCCACAGTTCTTA-1_V13B23-285_C1,4
TGCTCGGCGAAACCCA-1_V13B23-285_C1,1
TGCTCTGCCGGTTCAC-1_V13B23-285_C1,2
TGCTGGTTGGACAATT-1_V13B23-285_C1,14
TGCTGTTGAAGAACTC-1_V13B23-285_C1,3
TGCTTAGAGAGAATGC-1_V13B23-285_C1,1
TGCTTCCCAAGCAGTA-1_V13B23-285_C1,1
TGGAACCACTGACACA-1_V13B23-285_C1,2
TGGAAGAAGGGAACGT-1_V13B23-285_C1,1
TGGAAGACGAACACCA-1_V13B23-285_C1,9
TGGAAGGATAAAGATG-1_V13B23-285_C1,9
TGGAATATCCTTGACC-1_V13B23-285_C1,3
TGGAATTAGACGCTTT-1_V13B23-285_C1,1
TGGACACCGTTGCTTG-1_V13B23-285_C1,3
TGGACCAATCTAAGAT-1_V13B23-285_C1,1
TGGACGCAATCCAGCC-1_V13B23-285_C1,2
TGGACTGTTCGCTCAA-1_V13B23-285_C1,1
TGGAGGGAAACACCTC-1_V13B23-285_C1,1
TGGAGTGATGCGATGA-1_V13B23-285_C1,1
TGGCAAACTAAATTAC-1_V13B23-285_C1,7
TGGCAACTCGCGCGCC-1_V13B23-285_C1,3
TGGCAATGGGACGGCG-1_V13B23-285_C1,1
TGGCAGATTACGATCA-1_V13B23-285_C1,3
TGGCAGCAGTAATAGT-1_V13B23-285_C1,3
TGGCCAAACTGAAGTA-1_V13B23-285_C1,6
TGGCCGTATATTGACC-1_V13B23-285_C1,1
TGGCGACTGCTCCAAA-1_V13B23-285_C1,1
TGGCGATCAAGTTATG-1_V13B23-285_C1,1
TGGCTATGTGACATAC-1_V13B23-285_C1,1
TGGCTCTTGTCGCGTA-1_V13B23-285_C1,2
TGGCTTGTACAAGCTT-1_V13B23-285_C1,3
TGGCTTTGGGTAGACA-1_V13B23-285_C1,9
TGGGAAATGCCTTTCC-1_V13B23-285_C1,12
TGGGATGCACTCATTC-1_V13B23-285_C1,3
TGGGCAATAGTTGGGT-1_V13B23-285_C1,1
TGGGCACGTTCTATGG-1_V13B23-285_C1,13
TGGGCAGGCCACCGCA-1_V13B23-285_C1,1
TGGGCCACAAGAGCGC-1_V13B23-285_C1,13
TGGGCCCATACTAATT-1_V13B23-285_C1,12
TGGGTAAGGTTCCCGC-1_V13B23-285_C1,9
TGGGTGGGATGTCATT-1_V13B23-285_C1,15
TGGTAAGCAGGATTGA-1_V13B23-285_C1,3
TGGTAGAATATATGGG-1_V13B23-285_C1,1
TGGTATCGCATCCCAA-1_V13B23-285_C1,17
TGGTCCCACGCTACGG-1_V13B23-285_C1,1
TGGTCGTGCAAGGCAA-1_V13B23-285_C1,3
TGGTCTAGCTTACATG-1_V13B23-285_C1,2
TGGTCTGTTGGGCGTA-1_V13B23-285_C1,2
TGGTGATCGTATTTGT-1_V13B23-285_C1,1
TGGTTAAGGGCGCTGG-1_V13B23-285_C1,2
TGGTTCAACGGGTAAT-1_V13B23-285_C1,1
TGGTTCGTAGCAAAGG-1_V13B23-285_C1,1
TGGTTGGAGGATCCTG-1_V13B23-285_C1,2
TGGTTTAAACGTGGGT-1_V13B23-285_C1,11
TGTAATGACCACAATA-1_V13B23-285_C1,3
TGTACCTACACGAGGG-1_V13B23-285_C1,4
TGTACGAACAAATCCG-1_V13B23-285_C1,1
TGTACTACTCTCACGG-1_V13B23-285_C1,1
TGTAGCCATCCCATTC-1_V13B23-285_C1,4
TGTAGGAGAAATTTCC-1_V13B23-285_C1,7
TGTAGTGATCTATAAT-1_V13B23-285_C1,1
TGTATAACAGATCCTG-1_V13B23-285_C1,1
TGTATACGGATGATGA-1_V13B23-285_C1,1
TGTATCCTTATTCCAT-1_V13B23-285_C1,18
TGTATGGCGCAGACAG-1_V13B23-285_C1,4
TGTATTTACCTAATGC-1_V13B23-285_C1,8
TGTCATTTGTTGGGAA-1_V13B23-285_C1,10
TGTCCCGACATAGCAC-1_V13B23-285_C1,17
TGTCCGTGGCGCCTTT-1_V13B23-285_C1,1
TGTCCTAAGTCACCGC-1_V13B23-285_C1,1
TGTCGTTATCACATAT-1_V13B23-285_C1,3
TGTCTACAGTTTCTGT-1_V13B23-285_C1,5
TGTGACTACGCCAGTC-1_V13B23-285_C1,3
TGTGAGACTAGCCCAA-1_V13B23-285_C1,1
TGTGCCGGTGCCGGAA-1_V13B23-285_C1,1
TGTGCTTTACGTAAGA-1_V13B23-285_C1,1
TGTGGACTATCTACGT-1_V13B23-285_C1,4
TGTGGCAAAGCGTATG-1_V13B23-285_C1,3
TGTGGCTCCCACCAAC-1_V13B23-285_C1,4
TGTGGTAGGGTGCCTT-1_V13B23-285_C1,4
TGTGTAGTAGCACGTG-1_V13B23-285_C1,1
TGTGTCGCGAGTTGCA-1_V13B23-285_C1,1
TGTGTTCGTATCCAAG-1_V13B23-285_C1,1
TGTTATTGTATGTGGC-1_V13B23-285_C1,16
TGTTCATAAATGTGCT-1_V13B23-285_C1,10
TGTTCCGCTTCCATGA-1_V13B23-285_C1,1
TGTTCGTATTGCGGTG-1_V13B23-285_C1,1
TGTTCTTCCATTGACT-1_V13B23-285_C1,1
TGTTGCCGTCGTCCCA-1_V13B23-285_C1,1
TGTTGTCAAGAAGTCT-1_V13B23-285_C1,14
TGTTTAATACTTCATC-1_V13B23-285_C1,5
TGTTTCGGTACTTCTC-1_V13B23-285_C1,9
TGTTTGAGATCGTCAG-1_V13B23-285_C1,4
TTAAACCTGGTTCCTT-1_V13B23-285_C1,3
TTAAACTCGAATTCAT-1_V13B23-285_C1,8
TTAACACCTCGAACAT-1_V13B23-285_C1,1
TTAACCAACCCTCCCT-1_V13B23-285_C1,9
TTAACGAACAAGCAGT-1_V13B23-285_C1,2
TTAACGTCGCAAGACC-1_V13B23-285_C1,17
TTAACTCACGCGTGGA-1_V13B23-285_C1,1
TTAACTTCAGGTAGGA-1_V13B23-285_C1,2
TTAAGATAGGATTGAC-1_V13B23-285_C1,4
TTAAGCCGACAACTTC-1_V13B23-285_C1,5
TTAAGCGCCTGACCCA-1_V13B23-285_C1,1
TTAAGGCCCGTACTTT-1_V13B23-285_C1,1
TTAATCAGTACGTCAG-1_V13B23-285_C1,9
TTAATGTAGACCAGGT-1_V13B23-285_C1,2
TTAATGTGTTTGCAGG-1_V13B23-285_C1,1
TTAATTGCTTTGGGTG-1_V13B23-285_C1,1
TTAATTTCAGACGCGG-1_V13B23-285_C1,3
TTACAACTACGCATCC-1_V13B23-285_C1,9
TTACACGATCTGCGAC-1_V13B23-285_C1,1
TTACAGACCTAAATGA-1_V13B23-285_C1,3
TTACATCGTGGCCTGG-1_V13B23-285_C1,3
TTACATGCCACAACTA-1_V13B23-285_C1,4
TTACCATTGATTACCC-1_V13B23-285_C1,1
TTACCCATTGCCGGGT-1_V13B23-285_C1,2
TTACCCTAACAGTCCT-1_V13B23-285_C1,1
TTACCCTAGGGATTGG-1_V13B23-285_C1,8
TTACCGCCTTAGGGAA-1_V13B23-285_C1,9
TTACGGATGGTTCGAG-1_V13B23-285_C1,2
TTACTAAAGGACTTTA-1_V13B23-285_C1,1
TTACTATCGGCTTCTC-1_V13B23-285_C1,3
TTACTCCGGCCGGGAA-1_V13B23-285_C1,7
TTACTCTGGTACGTAC-1_V13B23-285_C1,1
TTACTGGGATATTTCA-1_V13B23-285_C1,1
TTACTGTCTAGAGCTC-1_V13B23-285_C1,6
TTAGAAGAACATGACT-1_V13B23-285_C1,4
TTAGAATAAGGGTCGG-1_V13B23-285_C1,1
TTAGACACGATCGTTG-1_V13B23-285_C1,11
TTAGACGAGTCACCTC-1_V13B23-285_C1,4
TTAGAGTTTAGAAGGA-1_V13B23-285_C1,4
TTAGATAGGTCGATAC-1_V13B23-285_C1,3
TTAGCAACATGGATGT-1_V13B23-285_C1,1
TTAGCTAATACGATCT-1_V13B23-285_C1,11
TTAGCTCTGTAATCCG-1_V13B23-285_C1,1
TTAGCTGATTTGCCGT-1_V13B23-285_C1,1
TTAGGATGGGAGGGTA-1_V13B23-285_C1,16
TTAGGTCATAACCGAC-1_V13B23-285_C1,1
TTAGTAAACCTGCTCT-1_V13B23-285_C1,1
TTAGTAGGGCGGCGGG-1_V13B23-285_C1,2
TTAGTTATTCGTGGCA-1_V13B23-285_C1,7
TTAGTTCAAGTGTTCG-1_V13B23-285_C1,1
TTATAGGTAATTGTCT-1_V13B23-285_C1,1
TTATATACGCTGTCAC-1_V13B23-285_C1,1
TTATATTTGGCAATCC-1_V13B23-285_C1,1
TTATCCAATCGAACTC-1_V13B23-285_C1,5
TTATCCGGGATCTATA-1_V13B23-285_C1,1
TTATCCTCAAGGAATA-1_V13B23-285_C1,2
TTATCGCCTGCGAAGC-1_V13B23-285_C1,6
TTATCTGACATTAGGA-1_V13B23-285_C1,6
TTATCTGTATCATAAC-1_V13B23-285_C1,3
TTATGAATGAAAGGGA-1_V13B23-285_C1,3
TTATGACAAACTGGAT-1_V13B23-285_C1,1
TTATGATCTTAACGAA-1_V13B23-285_C1,1
TTATGTTTGCGATAGA-1_V13B23-285_C1,3
TTATTAGAGCGTGTTC-1_V13B23-285_C1,1
TTATTAGGGAAGCATC-1_V13B23-285_C1,9
TTATTATCTGGAAGGC-1_V13B23-285_C1,1
TTCAAAGTCTCTAGCC-1_V13B23-285_C1,1
TTCAACGACCCGACCG-1_V13B23-285_C1,3
TTCAAGCCGAGCTGAG-1_V13B23-285_C1,13
TTCAATACTCTGAATC-1_V13B23-285_C1,4
TTCAATTAGCCATAAT-1_V13B23-285_C1,8
TTCACGAAAGGATCAC-1_V13B23-285_C1,1
TTCACTCGAGCACCTA-1_V13B23-285_C1,1
TTCAGCCCTGGTCCAC-1_V13B23-285_C1,6
TTCAGCTGGCGTGCCC-1_V13B23-285_C1,14
TTCAGGCGTCAAAGCC-1_V13B23-285_C1,1
TTCAGTTTGTGGCAGC-1_V13B23-285_C1,11
TTCATAGGGTGTCCAT-1_V13B23-285_C1,1
TTCATGGCGCAACAGG-1_V13B23-285_C1,5
TTCCAATCAGAGCTAG-1_V13B23-285_C1,1
TTCCAATCTGGCTATC-1_V13B23-285_C1,1
TTCCACACAGATTTGA-1_V13B23-285_C1,3
TTCCAGACGAGATTTA-1_V13B23-285_C1,1
TTCCATCATGCGGTGA-1_V13B23-285_C1,6
TTCCATCGACAGCGTG-1_V13B23-285_C1,1
TTCCCGGCGCCAATAG-1_V13B23-285_C1,2
TTCCGCAGAGAAATAT-1_V13B23-285_C1,2
TTCCGCGTGAGGCGAT-1_V13B23-285_C1,1
TTCCGGCCTTGAGGCT-1_V13B23-285_C1,1
TTCCGGCTCGACTTCT-1_V13B23-285_C1,8
TTCCGGTATCTGTGTC-1_V13B23-285_C1,1
TTCCGGTTACCCACTT-1_V13B23-285_C1,1
TTCCTCGAGGGTGTCT-1_V13B23-285_C1,3
TTCCTCGGACTAACCA-1_V13B23-285_C1,1
TTCCTCTGCCCGAATA-1_V13B23-285_C1,1
TTCGACAGAGCCCGTG-1_V13B23-285_C1,1
TTCGACGGGAAGGGCG-1_V13B23-285_C1,1
TTCGCACTCGCGTGCT-1_V13B23-285_C1,1
TTCGCACTGTACGACA-1_V13B23-285_C1,3
TTCGCATCCGGAAGCA-1_V13B23-285_C1,5
TTCGCCGCTCGCGCTA-1_V13B23-285_C1,2
TTCGCGCGCCATACGA-1_V13B23-285_C1,2
TTCGCTAGGAAGTTGT-1_V13B23-285_C1,1
TTCGCTATCTGACGTG-1_V13B23-285_C1,10
TTCGGCAACCCGCTGA-1_V13B23-285_C1,9
TTCGGCTAGAGATGGT-1_V13B23-285_C1,3
TTCGGGACTAATCGCG-1_V13B23-285_C1,1
TTCGGGCGCTAGTCTT-1_V13B23-285_C1,2
TTCGGGTTGCCACGGG-1_V13B23-285_C1,1
TTCGGTGGAGACGCCC-1_V13B23-285_C1,4
TTCGTAATCCCAGCGG-1_V13B23-285_C1,3
TTCGTACTCCAGAACG-1_V13B23-285_C1,1
TTCGTTCAACGAAGTT-1_V13B23-285_C1,6
TTCTAACCGAAGCTTA-1_V13B23-285_C1,7
TTCTACTTGCGAGGGC-1_V13B23-285_C1,1
TTCTAGAAAGTCTTAT-1_V13B23-285_C1,2
TTCTAGGCCAATTGTG-1_V13B23-285_C1,12
TTCTATGCCTTTCGCA-1_V13B23-285_C1,2
TTCTGACCGGGCTCAA-1_V13B23-285_C1,1
TTCTGCCGCGCCTAGA-1_V13B23-285_C1,12
TTCTGCGAGCGCCCTT-1_V13B23-285_C1,7
TTCTGCGGGTTAGCGG-1_V13B23-285_C1,1
TTCTGCTAGACTCCAA-1_V13B23-285_C1,2
TTCTGTTTCCTGTCGC-1_V13B23-285_C1,1
TTCTTAGTGAACGGTG-1_V13B23-285_C1,1
TTCTTAGTGGCTCAGA-1_V13B23-285_C1,4
TTCTTATCCGCTGGGT-1_V13B23-285_C1,4
TTCTTGAGCCGCGCTA-1_V13B23-285_C1,2
TTCTTGCTAGCATCTC-1_V13B23-285_C1,4
TTCTTGGACGATCTGC-1_V13B23-285_C1,1
TTCTTGGAGTAATGAG-1_V13B23-285_C1,12
TTCTTGTAACCTAATG-1_V13B23-285_C1,1
TTCTTGTGTCCATCAG-1_V13B23-285_C1,11
TTCTTTGGTCGCGACG-1_V13B23-285_C1,2
TTGAAAGGTGTAAAGG-1_V13B23-285_C1,2
TTGAACGAATCCTTTG-1_V13B23-285_C1,1
TTGAACGACGTGCTGA-1_V13B23-285_C1,7
TTGAAGAATTCCCAGG-1_V13B23-285_C1,1
TTGAATATGGACTTTC-1_V13B23-285_C1,6
TTGAATTCACGTGAGG-1_V13B23-285_C1,4
TTGACAGGAGCTCCCG-1_V13B23-285_C1,1
TTGACATGAACGTGGA-1_V13B23-285_C1,1
TTGACCAGGAACAACT-1_V13B23-285_C1,1
TTGACCATGTTCTCCG-1_V13B23-285_C1,2
TTGACCGTGTTAATGA-1_V13B23-285_C1,11
TTGACGCTCCATGAGC-1_V13B23-285_C1,4
TTGACTACCATATGGT-1_V13B23-285_C1,9
TTGACTATTGTCCGGC-1_V13B23-285_C1,4
TTGAGAAGTTTAGCAT-1_V13B23-285_C1,4
TTGAGAGTACTGCTAA-1_V13B23-285_C1,2
TTGAGCAGCCCACGGT-1_V13B23-285_C1,1
TTGAGCGCCACGTGAT-1_V13B23-285_C1,1
TTGAGTCCCGCTGCTG-1_V13B23-285_C1,12
TTGATAGTCAATACAT-1_V13B23-285_C1,8
TTGATCTAACTTTGTC-1_V13B23-285_C1,1
TTGATGTGTAGTCCCG-1_V13B23-285_C1,11
TTGATTAGCTGTTTCT-1_V13B23-285_C1,1
TTGATTATGCAGATGA-1_V13B23-285_C1,1
TTGCACAATTCAGAAA-1_V13B23-285_C1,1
TTGCACGGAGCAGCAC-1_V13B23-285_C1,9
TTGCATGCTGATCACG-1_V13B23-285_C1,1
TTGCCAAGCAGAACCC-1_V13B23-285_C1,1
TTGCCATAGCCCGCTC-1_V13B23-285_C1,10
TTGCCCTGATCACGGG-1_V13B23-285_C1,12
TTGCCGCTTTCTAGTA-1_V13B23-285_C1,3
TTGCCGGTGATCCCTC-1_V13B23-285_C1,14
TTGCGGCATCAGAAAG-1_V13B23-285_C1,1
TTGCGTAGTTTGAGGA-1_V13B23-285_C1,1
TTGCGTCGGCCAACCG-1_V13B23-285_C1,1
TTGCGTGAACGCTTAG-1_V13B23-285_C1,1
TTGCTCCCATACCGGA-1_V13B23-285_C1,3
TTGCTGAAGGAACCAC-1_V13B23-285_C1,9
TTGCTGATCATGTTCG-1_V13B23-285_C1,14
TTGCTGCACCTATCCA-1_V13B23-285_C1,6
TTGCTGGCCGGGCTTC-1_V13B23-285_C1,17
TTGGAAGAATACAGTC-1_V13B23-285_C1,2
TTGGACATGTGGCTTA-1_V13B23-285_C1,1
TTGGACCATCTGGCAA-1_V13B23-285_C1,4
TTGGACCTATAACAGT-1_V13B23-285_C1,1
TTGGATATCGTCTACG-1_V13B23-285_C1,1
TTGGATCGACTTCTGG-1_V13B23-285_C1,17
TTGGATTGGGTACCAC-1_V13B23-285_C1,3
TTGGCCATCTTGCGCT-1_V13B23-285_C1,1
TTGGCCTAGAATTTCG-1_V13B23-285_C1,5
TTGGCGATCCGAATAT-1_V13B23-285_C1,3
TTGGCTCGCATGAGAC-1_V13B23-285_C1,1
TTGGGACACTGCCCGC-1_V13B23-285_C1,3
TTGGGACGTAAGAGTT-1_V13B23-285_C1,4
TTGGGCGGCGGTTGCC-1_V13B23-285_C1,2
TTGGTCACACTCGTAA-1_V13B23-285_C1,1
TTGGTTCGCTCAAAGG-1_V13B23-285_C1,1
TTGGTTGCGGTGCGCG-1_V13B23-285_C1,2
TTGTAAGGACCTAAGT-1_V13B23-285_C1,1
TTGTAAGGCCAGTTGG-1_V13B23-285_C1,3
TTGTAATCCGTACTCG-1_V13B23-285_C1,4
TTGTATCACACAGAAT-1_V13B23-285_C1,5
TTGTCGTTCAGTTACC-1_V13B23-285_C1,1
TTGTGAACCTAATCCG-1_V13B23-285_C1,1
TTGTGAGGCATGACGC-1_V13B23-285_C1,10
TTGTGCAGCCACGTCA-1_V13B23-285_C1,1
TTGTGGCCCTGACAGT-1_V13B23-285_C1,9
TTGTGGTAGGAGGGAT-1_V13B23-285_C1,1
TTGTGGTATAGGTATG-1_V13B23-285_C1,1
TTGTGGTGGTACTAAG-1_V13B23-285_C1,1
TTGTGTATGCCACCAA-1_V13B23-285_C1,1
TTGTGTTTCCCGAAAG-1_V13B23-285_C1,6
TTGTTAGCAAATTCGA-1_V13B23-285_C1,3
TTGTTCAGTGTGCTAC-1_V13B23-285_C1,7
TTGTTGTGTGTCAAGA-1_V13B23-285_C1,3
TTGTTTCACATCCAGG-1_V13B23-285_C1,10
TTGTTTCATTAGTCTA-1_V13B23-285_C1,1
TTGTTTCCATACAACT-1_V13B23-285_C1,1
AAACAAGTATCTCCCA-1_V13B23-285_D1,4
AAACACCAATAACTGC-1_V13B23-285_D1,1
AAACAGAGCGACTCCT-1_V13B23-285_D1,6
AAACAGGGTCTATATT-1_V13B23-285_D1,1
AAACATTTCCCGGATT-1_V13B23-285_D1,4
AAACCCGAACGAAATC-1_V13B23-285_D1,4
AAACCGGAAATGTTAA-1_V13B23-285_D1,1
AAACCGGGTAGGTACC-1_V13B23-285_D1,2
AAACCGTTCGTCCAGG-1_V13B23-285_D1,1
AAACCTAAGCAGCCGG-1_V13B23-285_D1,1
AAACCTCATGAAGTTG-1_V13B23-285_D1,2
AAACGAGACGGTTGAT-1_V13B23-285_D1,1
AAACGGGCGTACGGGT-1_V13B23-285_D1,1
AAACGTGTTCGCCCTA-1_V13B23-285_D1,15
AAACTCGTGATATAAG-1_V13B23-285_D1,3
AAACTGCTGGCTCCAA-1_V13B23-285_D1,12
AAACTTGCAAACGTAT-1_V13B23-285_D1,3
AAAGACTGGGCGCTTT-1_V13B23-285_D1,1
AAAGCTTGCCTACATA-1_V13B23-285_D1,2
AAAGGCTACGGACCAT-1_V13B23-285_D1,1
AAAGGCTCTCGCGCCG-1_V13B23-285_D1,2
AAAGGGATGTAGCAAG-1_V13B23-285_D1,3
AAAGGGCAGCTTGAAT-1_V13B23-285_D1,3
AAAGTAGCATTGCTCA-1_V13B23-285_D1,1
AAAGTCACTGATGTAA-1_V13B23-285_D1,18
AAAGTGCCATCAATTA-1_V13B23-285_D1,4
AAAGTGTGATTTATCT-1_V13B23-285_D1,4
AAAGTTGACTCCCGTA-1_V13B23-285_D1,1
AAATAACCATACGGGA-1_V13B23-285_D1,9
AAATAAGGTAGTGCCC-1_V13B23-285_D1,6
AAATACCTATAAGCAT-1_V13B23-285_D1,1
AAATAGCTTAGACTTT-1_V13B23-285_D1,3
AAATAGGGTGCTATTG-1_V13B23-285_D1,1
AAATCCGATACACGCC-1_V13B23-285_D1,1
AAATCGTGTACCACAA-1_V13B23-285_D1,3
AAATCTAGCCCTGCTA-1_V13B23-285_D1,4
AAATGATTCGATCAGC-1_V13B23-285_D1,6
AAATGCTCGTTACGTT-1_V13B23-285_D1,1
AAATGGCATGTCTTGT-1_V13B23-285_D1,13
AAATGGCCCGTGCCCT-1_V13B23-285_D1,1
AAATGGTCAATGTGCC-1_V13B23-285_D1,1
AAATTAACGGGTAGCT-1_V13B23-285_D1,7
AAATTACACGACTCTG-1_V13B23-285_D1,5
AAATTACCTATCGATG-1_V13B23-285_D1,9
AAATTCCAGGTCCAAA-1_V13B23-285_D1,1
AAATTGATAGTCCTTT-1_V13B23-285_D1,2
AAATTTGCGGGTGTGG-1_V13B23-285_D1,1
AACAACTGGTAGTTGC-1_V13B23-285_D1,1
AACAATACATTGTCGA-1_V13B23-285_D1,1
AACAATTACTCTACGC-1_V13B23-285_D1,3
AACACACGCTCGCCGC-1_V13B23-285_D1,1
AACACGACTGTACTGA-1_V13B23-285_D1,5
AACACGAGACGCGGCC-1_V13B23-285_D1,3
AACAGCTGTGTGGCAA-1_V13B23-285_D1,2
AACAGGAAATCGAATA-1_V13B23-285_D1,7
AACAGGATGGGCCGCG-1_V13B23-285_D1,4
AACAGGTAGTATGGAT-1_V13B23-285_D1,6
AACATATCAACTGGTG-1_V13B23-285_D1,2
AACATCGATACGTCTA-1_V13B23-285_D1,3
AACCAAGACTTCTCTG-1_V13B23-285_D1,1
AACCATGGGATCGCTA-1_V13B23-285_D1,1
AACCCAGAGACGGAGA-1_V13B23-285_D1,1
AACCCATCCCATGATC-1_V13B23-285_D1,2
AACCCGAGCAGAATCG-1_V13B23-285_D1,4
AACCCTACTGTCAATA-1_V13B23-285_D1,4
AACCCTGGTGGAACCA-1_V13B23-285_D1,17
AACCGAGCTTGGTCAT-1_V13B23-285_D1,6
AACCGCTAAGGGATGC-1_V13B23-285_D1,4
AACCGTTGTGTTTGCT-1_V13B23-285_D1,13
AACCTCGCTTTAGCCC-1_V13B23-285_D1,1
AACCTGTCACGGAATT-1_V13B23-285_D1,11
AACCTTTAAATACGGT-1_V13B23-285_D1,3
AACCTTTACGACGTCT-1_V13B23-285_D1,9
AACGATAATGCCGTAG-1_V13B23-285_D1,1
AACGATAGAAGGGCCG-1_V13B23-285_D1,3
AACGATATGTCAACTG-1_V13B23-285_D1,3
AACGCATGATCTGGGT-1_V13B23-285_D1,2
AACGCGAACGGCAACA-1_V13B23-285_D1,9
AACGCGGTCTCCAGCC-1_V13B23-285_D1,14
AACGCTGTTGCTGAAA-1_V13B23-285_D1,4
AACGGACGTACGTATA-1_V13B23-285_D1,1
AACGGCCATCTCCGGT-1_V13B23-285_D1,12
AACGTACTGTGGGTAC-1_V13B23-285_D1,12
AACGTCAGACTAGTGG-1_V13B23-285_D1,1
AACGTGATGAAGGACA-1_V13B23-285_D1,17
AACGTGCGAAAGTCTC-1_V13B23-285_D1,3
AACTACCCGTTTGTCA-1_V13B23-285_D1,1
AACTAGGCTTGGGTGT-1_V13B23-285_D1,1
AACTCAAGTTAATTGC-1_V13B23-285_D1,1
AACTCCAGAGCGTGTT-1_V13B23-285_D1,1
AACTCCTAATCCCATG-1_V13B23-285_D1,9
AACTCGATGGCGCAGT-1_V13B23-285_D1,1
AACTCTCAATAGAGCG-1_V13B23-285_D1,3
AACTCTCAGTGTGCTC-1_V13B23-285_D1,1
AACTGAGTTATACTGA-1_V13B23-285_D1,4
AACTGATATTAGGCCT-1_V13B23-285_D1,9
AACTGGGTCCCGACGT-1_V13B23-285_D1,3
AACTTCTGCGTCTATC-1_V13B23-285_D1,1
AACTTGCCCGTATGCA-1_V13B23-285_D1,1
AACTTGCGTTCTCGCG-1_V13B23-285_D1,12
AACTTTCTCGATCATG-1_V13B23-285_D1,2
AAGAAATCACCAGATT-1_V13B23-285_D1,8
AAGAAGGATCAGTTAG-1_V13B23-285_D1,1
AAGACCCAACTGAACA-1_V13B23-285_D1,1
AAGACTGCAAGCTACT-1_V13B23-285_D1,1
AAGAGATGAATCGGTA-1_V13B23-285_D1,1
AAGAGCTCTTTATCGG-1_V13B23-285_D1,8
AAGAGGATGTACGCGA-1_V13B23-285_D1,1
AAGAGGCATGGATCGC-1_V13B23-285_D1,1
AAGAGGCCCTTTGGAA-1_V13B23-285_D1,4
AAGATGGCACCGGACC-1_V13B23-285_D1,2
AAGATTGGCGGAACGT-1_V13B23-285_D1,1
AAGCACCCTGCGTATC-1_V13B23-285_D1,1
AAGCATACTCTCCTGA-1_V13B23-285_D1,1
AAGCCGAAGCGGTTTA-1_V13B23-285_D1,1
AAGCCGCTTTACCTTG-1_V13B23-285_D1,8
AAGCCGGAGAGCAGGA-1_V13B23-285_D1,1
AAGCGGCGTCATGGGT-1_V13B23-285_D1,15
AAGCGTCCCTCATCGA-1_V13B23-285_D1,1
AAGCTAGATCGAGTAA-1_V13B23-285_D1,1
AAGCTCGTGCCAAGTC-1_V13B23-285_D1,3
AAGCTCTTTCATGGTG-1_V13B23-285_D1,1
AAGGAGCGGTTGGTGC-1_V13B23-285_D1,3
AAGGATCGATCGCTTG-1_V13B23-285_D1,4
AAGGATGAGGGACCTC-1_V13B23-285_D1,1
AAGGCAGGCTGTCTCC-1_V13B23-285_D1,7
AAGGCGCGTAAAGCTT-1_V13B23-285_D1,1
AAGGCTGTGCTCATCG-1_V13B23-285_D1,1
AAGGGACAGATTCTGT-1_V13B23-285_D1,1
AAGGGACTATGCATTC-1_V13B23-285_D1,1
AAGGTATCCTAATATA-1_V13B23-285_D1,1
AAGGTGATAAACCAGC-1_V13B23-285_D1,4
AAGTAGAAGACCGGGT-1_V13B23-285_D1,1
AAGTAGTGACGCGAGG-1_V13B23-285_D1,2
AAGTCAATTGTCGTCA-1_V13B23-285_D1,1
AAGTCTAGTAGCTGCC-1_V13B23-285_D1,2
AAGTGACGACCGAATT-1_V13B23-285_D1,2
AAGTGAGTCGGGTTTA-1_V13B23-285_D1,1
AAGTGCCTTGACTGTA-1_V13B23-285_D1,1
AAGTGCGTTAGAATCT-1_V13B23-285_D1,3
AAGTGTTTGGAGACGG-1_V13B23-285_D1,6
AAGTTCACTCCAAGCT-1_V13B23-285_D1,1
AAGTTCAGTCTGCGTA-1_V13B23-285_D1,10
AAGTTCGGCCAACAGG-1_V13B23-285_D1,2
AAGTTGTGATGTTATA-1_V13B23-285_D1,1
AATAACAACGCTCGGC-1_V13B23-285_D1,1
AATAACACTAGAACAA-1_V13B23-285_D1,1
AATAATCTTCGTATCG-1_V13B23-285_D1,1
AATACAATGTTTCAGG-1_V13B23-285_D1,3
AATAGAACAGAGTGGC-1_V13B23-285_D1,3
AATAGAATCTGTTTCA-1_V13B23-285_D1,1
AATAGCTACCGCGTGC-1_V13B23-285_D1,6
AATAGTCCGTCCCGAC-1_V13B23-285_D1,6
AATATCGAATCAATGC-1_V13B23-285_D1,7
AATATCGAGGGTTCTC-1_V13B23-285_D1,2
AATATTGGAGTATTGA-1_V13B23-285_D1,2
AATCATGTAAAGACTC-1_V13B23-285_D1,1
AATCCAAGGGCCTGAG-1_V13B23-285_D1,9
AATCGCCTCAGCGCCA-1_V13B23-285_D1,1
AATCGCGCAGAGGACT-1_V13B23-285_D1,4
AATCTAGGTTTACTTG-1_V13B23-285_D1,11
AATCTATGCCGGAGCC-1_V13B23-285_D1,1
AATCTGCGTTGGGACG-1_V13B23-285_D1,3
AATCTGGCTTTCTAGT-1_V13B23-285_D1,18
AATGACAGCAATGTCT-1_V13B23-285_D1,1
AATGACGTAGGATGTC-1_V13B23-285_D1,1
AATGACTGTCAGCCGG-1_V13B23-285_D1,1
AATGAGTTCGCATATG-1_V13B23-285_D1,1
AATGATGATACGCTAT-1_V13B23-285_D1,2
AATGATGCGACTCCTG-1_V13B23-285_D1,1
AATGCAACCGGGTACC-1_V13B23-285_D1,1
AATGCACCAAGCAATG-1_V13B23-285_D1,2
AATGGTCCACCGTTCA-1_V13B23-285_D1,10
AATGGTTCTCACAAGC-1_V13B23-285_D1,1
AATGTGCCCGAGGTGT-1_V13B23-285_D1,10
AATTAAAGGTCGGCGT-1_V13B23-285_D1,1
AATTAACGGATTTCCA-1_V13B23-285_D1,1
AATTAGCGCTGCAGCG-1_V13B23-285_D1,1
AATTCATAAGGGATCT-1_V13B23-285_D1,3
AATTCTAGAGTTAGGC-1_V13B23-285_D1,1
AATTGAACGCTCTGGT-1_V13B23-285_D1,1
AATTGCAGCAATCGAC-1_V13B23-285_D1,7
AATTGTGGTTGCCAAA-1_V13B23-285_D1,1
AATTTGGGACATAGTA-1_V13B23-285_D1,1
AATTTGGTTCCAAAGA-1_V13B23-285_D1,13
ACAAAGCATGACCTAG-1_V13B23-285_D1,1
ACAAATCGCACCGAAT-1_V13B23-285_D1,1
ACAAATGGTAGTGTTT-1_V13B23-285_D1,1
ACAACAGCATGAGCTA-1_V13B23-285_D1,1
ACAACGGTCCCTGCGA-1_V13B23-285_D1,1
ACAAGCAGTGCCTAGC-1_V13B23-285_D1,1
ACAAGGAAATCCGCCC-1_V13B23-285_D1,1
ACAAGGACAAGAGGTT-1_V13B23-285_D1,1
ACAAGGATGCTTTAGG-1_V13B23-285_D1,1
ACAAGGGCAGGCTCTG-1_V13B23-285_D1,1
ACAATAGTCGTACGTT-1_V13B23-285_D1,2
ACAATCCATTTAAACC-1_V13B23-285_D1,1
ACAATGAATACGGAGA-1_V13B23-285_D1,2
ACAATTGTGTCTCTTT-1_V13B23-285_D1,4
ACAATTTGAGCAGTGG-1_V13B23-285_D1,1
ACAATTTGGCCATATT-1_V13B23-285_D1,4
ACACAAAGACGGGTGG-1_V13B23-285_D1,3
ACACACCAGGACCAGT-1_V13B23-285_D1,12
ACACATGATCAAATCT-1_V13B23-285_D1,3
ACACCACATAATTAGC-1_V13B23-285_D1,3
ACACCCAGCATGCAGC-1_V13B23-285_D1,1
ACACCCGAGAAATCCG-1_V13B23-285_D1,1
ACACCTTAAGTAGGGC-1_V13B23-285_D1,2
ACACCTTACTACTTGC-1_V13B23-285_D1,1
ACACGAGACTCCTTCT-1_V13B23-285_D1,9
ACACGGGAACTTAGGG-1_V13B23-285_D1,2
ACACGTAGGCCACAAG-1_V13B23-285_D1,1
ACACTCCAATGTCACT-1_V13B23-285_D1,11
ACACTGATCAAGGTGT-1_V13B23-285_D1,1
ACACTGGGACAGTCGT-1_V13B23-285_D1,16
ACAGAACTGAGAACAA-1_V13B23-285_D1,3
ACAGCATAGAGCCAGT-1_V13B23-285_D1,5
ACAGCGACATTCTCAT-1_V13B23-285_D1,4
ACAGCGCACCCGCAGC-1_V13B23-285_D1,17
ACAGGCTTGCCCGACT-1_V13B23-285_D1,1
ACAGGTGGAGGTGAGG-1_V13B23-285_D1,2
ACAGTAATACAACTTG-1_V13B23-285_D1,2
ACAGTATACCGTGGGA-1_V13B23-285_D1,19
ACATAATAAGGCGGTG-1_V13B23-285_D1,1
ACATCCCGGCCATACG-1_V13B23-285_D1,2
ACATCCTGGTAACTGT-1_V13B23-285_D1,4
ACATCGATCGTTTACC-1_V13B23-285_D1,4
ACATCGGTCAGCCGCG-1_V13B23-285_D1,1
ACATCGTATGCAATGG-1_V13B23-285_D1,4
ACATCGTTAACCTAGT-1_V13B23-285_D1,17
ACATGGCGCCAAAGTA-1_V13B23-285_D1,4
ACATTAGTTTATATCC-1_V13B23-285_D1,1
ACCAAACACCCAGCGA-1_V13B23-285_D1,15
ACCAACACCACACACT-1_V13B23-285_D1,1
ACCAACCGCACTCCAC-1_V13B23-285_D1,1
ACCAACGCTTATTTAT-1_V13B23-285_D1,1
ACCAAGAACGCGTGTC-1_V13B23-285_D1,1
ACCAATATGCAAGTTA-1_V13B23-285_D1,1
ACCACAACTCAGAACA-1_V13B23-285_D1,17
ACCACAAGTTTCTATC-1_V13B23-285_D1,1
ACCACCAATGTAACAA-1_V13B23-285_D1,1
ACCACCCTCTCTTCTA-1_V13B23-285_D1,6
ACCACGTGCAGCTATA-1_V13B23-285_D1,1
ACCAGTGCGGGAGACG-1_V13B23-285_D1,4
ACCATATCCGCAATAA-1_V13B23-285_D1,1
ACCATCGTATATGGTA-1_V13B23-285_D1,10
ACCCAACGCCCGTGGC-1_V13B23-285_D1,1
ACCCACCTACATGCTC-1_V13B23-285_D1,1
ACCCATCTTGAGGGTA-1_V13B23-285_D1,1
ACCCATTTGTCCCTCT-1_V13B23-285_D1,12
ACCCGGAAACTCCCAG-1_V13B23-285_D1,1
ACCCGGAGCACCACAA-1_V13B23-285_D1,1
ACCCGGATGACGCATC-1_V13B23-285_D1,4
ACCCGGTTACACTTCC-1_V13B23-285_D1,2
ACCCGTGTCATCAGTA-1_V13B23-285_D1,1
ACCCTATAGGACTGAG-1_V13B23-285_D1,3
ACCCTATGCCATATCG-1_V13B23-285_D1,3
ACCCTCCCTTGCTATT-1_V13B23-285_D1,1
ACCCTGGTAACGCCCT-1_V13B23-285_D1,8
ACCCTTGCCTGGGTCG-1_V13B23-285_D1,20
ACCGACACATCTCCCA-1_V13B23-285_D1,1
ACCGACTGAGTCCCAC-1_V13B23-285_D1,12
ACCGATAGGCATAACC-1_V13B23-285_D1,4
ACCGATATTTAATCAT-1_V13B23-285_D1,1
ACCGATGGTAGCATCG-1_V13B23-285_D1,10
ACCGCAATAACTGCCT-1_V13B23-285_D1,1
ACCGCGGTGGAAGTCG-1_V13B23-285_D1,3
ACCGGGCCTTTGTTGA-1_V13B23-285_D1,1
ACCGGTCAGGTACACC-1_V13B23-285_D1,2
ACCGTGACCACGTGGG-1_V13B23-285_D1,1
ACCTAAGTACCTTTCA-1_V13B23-285_D1,2
ACCTAATCGACTTCCT-1_V13B23-285_D1,1
ACCTACAGTATGTGGT-1_V13B23-285_D1,4
ACCTCCGCCCTCGCTG-1_V13B23-285_D1,1
ACCTCCGTTATTCACC-1_V13B23-285_D1,2
ACCTGCGTGTCATGTT-1_V13B23-285_D1,3
ACGAAATGGGCGGCAC-1_V13B23-285_D1,1
ACGACCCATGAGTTGC-1_V13B23-285_D1,4
ACGAGATATTTGCTTA-1_V13B23-285_D1,17
ACGAGGATACCACTCT-1_V13B23-285_D1,1
ACGAGGTTTACAACGT-1_V13B23-285_D1,11
ACGAGTACGGATGCCC-1_V13B23-285_D1,2
ACGATACATAGAACTA-1_V13B23-285_D1,3
ACGATCATACATAGAG-1_V13B23-285_D1,8
ACGATCATCTTGTAAA-1_V13B23-285_D1,2
ACGATGCATATGTTAT-1_V13B23-285_D1,2
ACGATGGATCCGATGC-1_V13B23-285_D1,5
ACGCAATCACTACAGC-1_V13B23-285_D1,6
ACGCATACGTTTACTA-1_V13B23-285_D1,4
ACGCATTCGTGAGTAC-1_V13B23-285_D1,14
ACGCCAGATGATTTCT-1_V13B23-285_D1,9
ACGCCGCTAGACGACC-1_V13B23-285_D1,1
ACGCGAAGTCAGACGA-1_V13B23-285_D1,14
ACGCGCTACACAGGGT-1_V13B23-285_D1,2
ACGCGGGCCAAGGACA-1_V13B23-285_D1,1
ACGCTAGTGATACACT-1_V13B23-285_D1,2
ACGGAATTTAGCAAAT-1_V13B23-285_D1,1
ACGGACTCTCAAAGCG-1_V13B23-285_D1,1
ACGGAGCGCAAATTAC-1_V13B23-285_D1,3
ACGGATGGTGCGGATA-1_V13B23-285_D1,1
ACGGCACTTGCTTGGG-1_V13B23-285_D1,1
ACGGCCAACATGGACT-1_V13B23-285_D1,1
ACGGCGACGATGGGAA-1_V13B23-285_D1,1
ACGGGAGTGTCGGCCC-1_V13B23-285_D1,2
ACGGGCGTATGCGACA-1_V13B23-285_D1,8
ACGTACAGATTTCTCT-1_V13B23-285_D1,5
ACGTAGATTGCTGATG-1_V13B23-285_D1,3
ACGTATTACTCCGATC-1_V13B23-285_D1,1
ACGTGCGCCTCGTGCA-1_V13B23-285_D1,7
ACGTTAATGTCGAAGA-1_V13B23-285_D1,4
ACGTTAGATTTGCCCG-1_V13B23-285_D1,2
ACGTTCGCAATCAATT-1_V13B23-285_D1,2
ACGTTCGTTCAGGAAA-1_V13B23-285_D1,7
ACGTTCTGTACAAGTC-1_V13B23-285_D1,1
ACGTTTAGTTGTGATC-1_V13B23-285_D1,9
ACTACCAGCTCTCTGG-1_V13B23-285_D1,1
ACTACGCGTTAGAATT-1_V13B23-285_D1,3
ACTAGTTGCGATCGTC-1_V13B23-285_D1,4
ACTATATGCTGTGTTC-1_V13B23-285_D1,6
ACTATCCAGGGCATGG-1_V13B23-285_D1,1
ACTATCTGCCCGCGTA-1_V13B23-285_D1,4
ACTATTCGTCCGTGGT-1_V13B23-285_D1,5
ACTATTTCCGGGCCCA-1_V13B23-285_D1,10
ACTCAAGTGCAAGGCT-1_V13B23-285_D1,3
ACTCAATAAAGGCACG-1_V13B23-285_D1,1
ACTCCCATTCCTAAAG-1_V13B23-285_D1,1
ACTCCCGAATTCGTTT-1_V13B23-285_D1,2
ACTCCCGTAGACTAGG-1_V13B23-285_D1,2
ACTCCCTAATGCTAAA-1_V13B23-285_D1,1
ACTCCCTAGAATAGTA-1_V13B23-285_D1,1
ACTCGCCGTTCGATAA-1_V13B23-285_D1,4
ACTCGCGATCTGACGC-1_V13B23-285_D1,4
ACTCGTAACCCGTCCT-1_V13B23-285_D1,1
ACTCGTCAGTAATCCC-1_V13B23-285_D1,3
ACTCTCTGACTTAGGT-1_V13B23-285_D1,1
ACTCTCTTATACACGA-1_V13B23-285_D1,17
ACTCTTCAGCTCCCGC-1_V13B23-285_D1,2
ACTCTTGTATAGTAAC-1_V13B23-285_D1,1
ACTGAAACGCCGTTAG-1_V13B23-285_D1,1
ACTGAATGGCGAAAGT-1_V13B23-285_D1,1
ACTGCCGTCGTAACTC-1_V13B23-285_D1,9
ACTGCGGACACACCGT-1_V13B23-285_D1,2
ACTGTACGATACACAT-1_V13B23-285_D1,6
ACTGTAGCACTTTGGA-1_V13B23-285_D1,14
ACTGTCCAGGATTATA-1_V13B23-285_D1,1
ACTGTCTTCTTTAGAA-1_V13B23-285_D1,1
ACTGTGCTAGTAGATC-1_V13B23-285_D1,1
ACTTACCGGGCGCGCA-1_V13B23-285_D1,2
ACTTACGCATCCACGC-1_V13B23-285_D1,4
ACTTAGTACGACAAGA-1_V13B23-285_D1,3
ACTTATACTTACCCGG-1_V13B23-285_D1,1
ACTTATTAGGATCGGT-1_V13B23-285_D1,2
ACTTATTTATGTGCCA-1_V13B23-285_D1,1
ACTTCAGGCTGATCCC-1_V13B23-285_D1,4
ACTTCCATGCGGGACA-1_V13B23-285_D1,1
ACTTCGCCATACGCAC-1_V13B23-285_D1,2
ACTTCGCTAGCGAGTG-1_V13B23-285_D1,11
ACTTGACTCCCTCTTT-1_V13B23-285_D1,1
ACTTGGGACCCGGTGG-1_V13B23-285_D1,1
ACTTGTGGATGGAACG-1_V13B23-285_D1,4
ACTTTACCCTCATGAA-1_V13B23-285_D1,12
ACTTTCCTATAGCTTC-1_V13B23-285_D1,2
ACTTTGTCGACGCACT-1_V13B23-285_D1,1
AGAAATTATGACTCGC-1_V13B23-285_D1,4
AGAACCCAGCGTGACA-1_V13B23-285_D1,3
AGAACGTGGTACATTC-1_V13B23-285_D1,9
AGAAGAGCGCCGTTCC-1_V13B23-285_D1,1
AGAAGGTACACTTCAC-1_V13B23-285_D1,2
AGAAGGTTGCCGAATT-1_V13B23-285_D1,1
AGAAGGTTGTAGGTCG-1_V13B23-285_D1,1
AGAAGTGATTCGTGAT-1_V13B23-285_D1,2
AGAATGCGGGTTCGGA-1_V13B23-285_D1,3
AGAATTATGGATTCGA-1_V13B23-285_D1,2
AGAATTGTTTGACATA-1_V13B23-285_D1,1
AGACAGGCATCTCAGC-1_V13B23-285_D1,1
AGACCATGGGATACAA-1_V13B23-285_D1,1
AGACCCACCGCTGATC-1_V13B23-285_D1,1
AGACCCGCCCTCCTCG-1_V13B23-285_D1,9
AGACCGCTCCGCGGTT-1_V13B23-285_D1,4
AGACCGGGAAACCCTG-1_V13B23-285_D1,2
AGACGAAGTGCCGGTC-1_V13B23-285_D1,1
AGACGACGATGCCGCT-1_V13B23-285_D1,2
AGACGCCCACTTCGCC-1_V13B23-285_D1,2
AGACTAGCCTTCCAGA-1_V13B23-285_D1,1
AGAGAACCGTCTAGGA-1_V13B23-285_D1,3
AGAGAAGGAGTACAAT-1_V13B23-285_D1,1
AGAGATCTCTAAAGCG-1_V13B23-285_D1,6
AGAGCAGTTATGAGAC-1_V13B23-285_D1,15
AGAGCCGCCGAGATTT-1_V13B23-285_D1,7
AGAGCGCTTGTAACGG-1_V13B23-285_D1,8
AGAGCGGGCTAATCAT-1_V13B23-285_D1,9
AGAGCGTACAAGCTCG-1_V13B23-285_D1,1
AGAGGCTTCGGAAACC-1_V13B23-285_D1,1
AGAGTAAACTTCACTA-1_V13B23-285_D1,4
AGAGTATAGTGTTACG-1_V13B23-285_D1,10
AGATAACTTCAGGGCC-1_V13B23-285_D1,1
AGATACCAATAGAACC-1_V13B23-285_D1,3
AGATACCAGCACTTCA-1_V13B23-285_D1,19
AGATACCGGTGTTCAC-1_V13B23-285_D1,14
AGATACGACTTCATAT-1_V13B23-285_D1,3
AGATACTCAAGATCGA-1_V13B23-285_D1,1
AGATATAATACGACTA-1_V13B23-285_D1,1
AGATCGTGCATAAGAT-1_V13B23-285_D1,3
AGATCTCAGGTGTGAT-1_V13B23-285_D1,10
AGATGACTCGCCCACG-1_V13B23-285_D1,3
AGATGAGGGTTGCGAT-1_V13B23-285_D1,1
AGATGATGGAGTCTGG-1_V13B23-285_D1,2
AGATGCAAGACGTGCA-1_V13B23-285_D1,2
AGATTATAGGACGTTT-1_V13B23-285_D1,1
AGCAAAGGCCGCTAGT-1_V13B23-285_D1,1
AGCAACATATCTTATT-1_V13B23-285_D1,1
AGCAACCGAAAGTAAT-1_V13B23-285_D1,2
AGCACCAGTACTCACG-1_V13B23-285_D1,1
AGCACTACCGGCCTGT-1_V13B23-285_D1,2
AGCACTACCTCACCAG-1_V13B23-285_D1,1
AGCACTTAAGGACGCC-1_V13B23-285_D1,1
AGCAGAAGGAGAAAGA-1_V13B23-285_D1,6
AGCAGCCAGATGAATA-1_V13B23-285_D1,3
AGCATATCAATATGCT-1_V13B23-285_D1,1
AGCATCATTTCGAAAG-1_V13B23-285_D1,1
AGCATCGTCGATAATT-1_V13B23-285_D1,1
AGCATTACGAGGCAAG-1_V13B23-285_D1,1
AGCCACAGGTTACCCG-1_V13B23-285_D1,1
AGCCACTCCCGTGCTT-1_V13B23-285_D1,1
AGCCCATACATGTAAG-1_V13B23-285_D1,2
AGCCCGGTAGCCTGTA-1_V13B23-285_D1,3
AGCCCTAAGCGAAGTT-1_V13B23-285_D1,9
AGCCCTGTCGCACCGT-1_V13B23-285_D1,4
AGCCCTTCTAATCCGA-1_V13B23-285_D1,3
AGCCCTTGGACATCCC-1_V13B23-285_D1,1
AGCCGTGGCTAAATGT-1_V13B23-285_D1,4
AGCCTTAAAGCGGAAG-1_V13B23-285_D1,2
AGCGACAGGAACGGTC-1_V13B23-285_D1,1
AGCGACATCCCATTCA-1_V13B23-285_D1,3
AGCGACCAACGATATT-1_V13B23-285_D1,3
AGCGATGCGCCTAATA-1_V13B23-285_D1,14
AGCGCATAATGAATCG-1_V13B23-285_D1,1
AGCGCGGGTGCCAATG-1_V13B23-285_D1,1
AGCGCTAGAGCGATGT-1_V13B23-285_D1,1
AGCGGACACTTCGTAG-1_V13B23-285_D1,14
AGCGGGAAGGGTCCAT-1_V13B23-285_D1,3
AGCGGTTGCCGCTCTG-1_V13B23-285_D1,2
AGCGTGGTATTCTACT-1_V13B23-285_D1,1
AGCTAAGTACGCAGGC-1_V13B23-285_D1,1
AGCTAGAAGCAGAAGT-1_V13B23-285_D1,6
AGCTATTTAATCCAAC-1_V13B23-285_D1,3
AGCTCCATATATGTTC-1_V13B23-285_D1,1
AGCTCCTTCGCACATC-1_V13B23-285_D1,1
AGCTCTAGACGTTCCA-1_V13B23-285_D1,1
AGCTCTTCCCAGTGCA-1_V13B23-285_D1,9
AGCTCTTCGTAACCTT-1_V13B23-285_D1,1
AGCTCTTTACTCAGTT-1_V13B23-285_D1,2
AGCTGAAGTAAACCAA-1_V13B23-285_D1,9
AGCTGTAACCTCAATC-1_V13B23-285_D1,1
AGCTTGATCTTAACTT-1_V13B23-285_D1,2
AGGAACGAACGACTTC-1_V13B23-285_D1,4
AGGAAGCTGTCCGCCG-1_V13B23-285_D1,1
AGGACAGTCGAATCCC-1_V13B23-285_D1,1
AGGACATCGCACGTCG-1_V13B23-285_D1,1
AGGACATCGGCACACT-1_V13B23-285_D1,2
AGGACGACCCATTAGA-1_V13B23-285_D1,2
AGGACGCTCGATGTTG-1_V13B23-285_D1,6
AGGAGACATCCACAGT-1_V13B23-285_D1,2
AGGAGAGTCTGGCTAC-1_V13B23-285_D1,2
AGGAGGCCTTCGCGCG-1_V13B23-285_D1,1
AGGATAAAGTCGGGAT-1_V13B23-285_D1,3
AGGATATAGGGATTTA-1_V13B23-285_D1,4
AGGATCACGCGATCTG-1_V13B23-285_D1,2
AGGATTGCTTACGACA-1_V13B23-285_D1,2
AGGCACGTGACTGTCC-1_V13B23-285_D1,4
AGGCAGATGCGTAAAC-1_V13B23-285_D1,2
AGGCAGGGAGCGTACT-1_V13B23-285_D1,2
AGGCATTGTCGTAGGG-1_V13B23-285_D1,1
AGGCCACATTGGTTAC-1_V13B23-285_D1,4
AGGCCACCCGTTATGA-1_V13B23-285_D1,1
AGGCCCATTGTACAGG-1_V13B23-285_D1,5
AGGCCCTAGAACGCCA-1_V13B23-285_D1,2
AGGCCTGAGAATCTCG-1_V13B23-285_D1,1
AGGCGATAACTGGCGT-1_V13B23-285_D1,4
AGGCGGTTTGTCCCGC-1_V13B23-285_D1,2
AGGCGTCTATGGACGG-1_V13B23-285_D1,6
AGGCTATGGTTAGCTT-1_V13B23-285_D1,1
AGGCTTCCCGAAGAAG-1_V13B23-285_D1,10
AGGCTTGCTAGACACC-1_V13B23-285_D1,6
AGGGAAACGAGGTACT-1_V13B23-285_D1,9
AGGGACCGGCTGCGTT-1_V13B23-285_D1,2
AGGGACTCTACGCGAC-1_V13B23-285_D1,2
AGGGAGACATACTTCG-1_V13B23-285_D1,6
AGGGCAGCGGCGTGGT-1_V13B23-285_D1,17
AGGGCCCTAATGTTCT-1_V13B23-285_D1,1
AGGGCGAGCAGCTGAT-1_V13B23-285_D1,1
AGGGCGTGATCGGCTA-1_V13B23-285_D1,1
AGGGCTGCAGTTACAG-1_V13B23-285_D1,4
AGGGTCAGTAACCCTA-1_V13B23-285_D1,3
AGGGTCGATGCGAACT-1_V13B23-285_D1,3
AGGGTGCTCTCGAGGG-1_V13B23-285_D1,2
AGGGTTCCCTTTGGTT-1_V13B23-285_D1,2
AGGGTTTAGTTCGGGA-1_V13B23-285_D1,12
AGGTAACCTCCTATTC-1_V13B23-285_D1,1
AGGTACGATATTGCCA-1_V13B23-285_D1,5
AGGTAGGTACAAAGCT-1_V13B23-285_D1,6
AGGTATAATTGATAGT-1_V13B23-285_D1,2
AGGTATGCGGACATTA-1_V13B23-285_D1,1
AGGTCAGGTGAGAGTG-1_V13B23-285_D1,2
AGGTCGCCTCCCAACA-1_V13B23-285_D1,1
AGGTCGCGGAGTTACT-1_V13B23-285_D1,2
AGGTGTATCGCCATGA-1_V13B23-285_D1,2
AGGTGTTGCCGACCAC-1_V13B23-285_D1,3
AGGTTACACCATGCCG-1_V13B23-285_D1,4
AGGTTGAGGCACGCTT-1_V13B23-285_D1,3
AGGTTTCACACACCTT-1_V13B23-285_D1,1
AGTAATGTCTTGCCGC-1_V13B23-285_D1,14
AGTACATCATTTATCA-1_V13B23-285_D1,8
AGTACGGGCACCTGGC-1_V13B23-285_D1,2
AGTACTCTTATGCCCA-1_V13B23-285_D1,4
AGTAGGAAGGAAGTTG-1_V13B23-285_D1,6
AGTAGGTAACATACAT-1_V13B23-285_D1,9
AGTATAATACTAGGCA-1_V13B23-285_D1,1
AGTATGCTGGAGACCA-1_V13B23-285_D1,10
AGTATTTGGCACGACC-1_V13B23-285_D1,2
AGTCAACACCACCATC-1_V13B23-285_D1,2
AGTCAAGATGACACTT-1_V13B23-285_D1,4
AGTCACTAGCTCTCGA-1_V13B23-285_D1,1
AGTCAGCCACCGCCTG-1_V13B23-285_D1,1
AGTCCATTGGCTGATG-1_V13B23-285_D1,4
AGTCCCGCCTTTAATT-1_V13B23-285_D1,3
AGTCCCTCGCAGAAAG-1_V13B23-285_D1,2
AGTCGACGGTCTCAAG-1_V13B23-285_D1,1
AGTCGGCCCAAACGAC-1_V13B23-285_D1,1
AGTCGGCTCAACTTTA-1_V13B23-285_D1,1
AGTCGGTTGCGTGAGA-1_V13B23-285_D1,4
AGTCGTATAAAGCAGA-1_V13B23-285_D1,1
AGTCGTCGACCACCAA-1_V13B23-285_D1,1
AGTCGTGGGCATTACG-1_V13B23-285_D1,1
AGTCTAAAGTATACTC-1_V13B23-285_D1,1
AGTCTCACAAGACTAC-1_V13B23-285_D1,2
AGTCTGGACATCCTTG-1_V13B23-285_D1,3
AGTCTTCTCCTCAAAT-1_V13B23-285_D1,1
AGTGAACAAACTTCTC-1_V13B23-285_D1,4
AGTGAAGATGGTGTCC-1_V13B23-285_D1,15
AGTGACCTACTTTACG-1_V13B23-285_D1,1
AGTGAGACTTCCAGTA-1_V13B23-285_D1,2
AGTGAGCCTCGCCGCC-1_V13B23-285_D1,10
AGTGAGGGTTTCTGAC-1_V13B23-285_D1,17
AGTGAGTCGAATTAAC-1_V13B23-285_D1,1
AGTGATAACCTGCGCG-1_V13B23-285_D1,4
AGTGATATGAGTAGTT-1_V13B23-285_D1,1
AGTGATTCAAGCAGGA-1_V13B23-285_D1,10
AGTGCACGCTTAAGAA-1_V13B23-285_D1,1
AGTGCGTAGCTCGTAA-1_V13B23-285_D1,11
AGTGCTAAACACAGCA-1_V13B23-285_D1,1
AGTGCTTGCACGAATA-1_V13B23-285_D1,4
AGTGGCGGCAATTTGA-1_V13B23-285_D1,6
AGTGGCGTCTGAAGGT-1_V13B23-285_D1,14
AGTGTATTGCGCATTG-1_V13B23-285_D1,2
AGTGTGGTCTATTGTG-1_V13B23-285_D1,7
AGTTAAACACTTGCGA-1_V13B23-285_D1,1
AGTTAAGCGGTCCCGG-1_V13B23-285_D1,13
AGTTAAGTCAACCGCT-1_V13B23-285_D1,2
AGTTACTCTATCGTGG-1_V13B23-285_D1,13
AGTTCCTACAGAATTA-1_V13B23-285_D1,1
AGTTCCTATTTATGTT-1_V13B23-285_D1,1
AGTTCTGCGTTGTATC-1_V13B23-285_D1,12
AGTTGACATCGGCTGG-1_V13B23-285_D1,6
AGTTGCTGACTGATAT-1_V13B23-285_D1,1
AGTTTATGTAAAGACA-1_V13B23-285_D1,1
AGTTTCGCAGGTCGGA-1_V13B23-285_D1,13
AGTTTGCACCTGCCTC-1_V13B23-285_D1,1
AGTTTGGCACGGGTTG-1_V13B23-285_D1,4
AGTTTGGCCAGACCTA-1_V13B23-285_D1,10
ATAAACGGACCCGTAA-1_V13B23-285_D1,1
ATAAACGTTGCACCAC-1_V13B23-285_D1,4
ATAAAGGCTCGGTCGT-1_V13B23-285_D1,1
ATAACGCCGGAGGGTC-1_V13B23-285_D1,2
ATAACGGAGTCCAACG-1_V13B23-285_D1,3
ATAAGGTGGAGAACAT-1_V13B23-285_D1,1
ATAAGTAGGATTCAGA-1_V13B23-285_D1,2
ATAAGTAGGGCGACTC-1_V13B23-285_D1,6
ATAAGTTACCGCGACG-1_V13B23-285_D1,1
ATAATACCGTTAGCCG-1_V13B23-285_D1,1
ATAATAGCTGTTGAAT-1_V13B23-285_D1,3
ATAATAGTGTAGGGAC-1_V13B23-285_D1,1
ATAATCTTGGAGAACC-1_V13B23-285_D1,1
ATAATTAGCTAAGTAG-1_V13B23-285_D1,1
ATACAGGCCCTCCAAT-1_V13B23-285_D1,4
ATACCACGGGCAACTT-1_V13B23-285_D1,14
ATACCAGGCTAATAGA-1_V13B23-285_D1,17
ATACCGTCATCCATAA-1_V13B23-285_D1,2
ATACCTAACCAAGAAA-1_V13B23-285_D1,1
ATACGAAGGCTTTCCA-1_V13B23-285_D1,2
ATACGCCGGCGAAACC-1_V13B23-285_D1,4
ATACGGAACGTCGTTT-1_V13B23-285_D1,2
ATACGGGTTTCGATTG-1_V13B23-285_D1,1
ATACGTACTTAGCCAC-1_V13B23-285_D1,12
ATACGTCCACTCCTGT-1_V13B23-285_D1,4
ATACGTTATGCACGGA-1_V13B23-285_D1,4
ATACTACCCGTACCAC-1_V13B23-285_D1,1
ATACTAGCATGACCCT-1_V13B23-285_D1,1
ATACTCTCGCCACTCT-1_V13B23-285_D1,14
ATACTGCCTTACACCG-1_V13B23-285_D1,1
ATAGACAACGGGACCT-1_V13B23-285_D1,2
ATAGACGAAGAGAAAG-1_V13B23-285_D1,1
ATAGAGTACTGGGACA-1_V13B23-285_D1,1
ATAGAGTTATCAACTT-1_V13B23-285_D1,10
ATAGCAACTAGGGAAG-1_V13B23-285_D1,12
ATAGGCGGCTATAGAA-1_V13B23-285_D1,2
ATAGGCTAGCTTCGCA-1_V13B23-285_D1,2
ATAGGGATATCCTTGA-1_V13B23-285_D1,12
ATAGGTTGGGCAGATG-1_V13B23-285_D1,3
ATAGTGAAGCGTTCTC-1_V13B23-285_D1,1
ATAGTTCCACCCACTC-1_V13B23-285_D1,7
ATATAAAGCGCTCGTG-1_V13B23-285_D1,1
ATATAAATGTAGCTGC-1_V13B23-285_D1,1
ATATAACACGGGCGCA-1_V13B23-285_D1,1
ATATACGCTCGTGACG-1_V13B23-285_D1,4
ATATCAACCTACAGAG-1_V13B23-285_D1,8
ATATCGGTAGGGAGAT-1_V13B23-285_D1,3
ATATCGTTCCTCGAAC-1_V13B23-285_D1,4
ATATCTCCCTCGTTAA-1_V13B23-285_D1,3
ATATCTTAGGGCCTTC-1_V13B23-285_D1,1
ATATGTCTCCCTAGCC-1_V13B23-285_D1,2
ATATTCAGTTAAACCT-1_V13B23-285_D1,11
ATATTCCACATAGTGA-1_V13B23-285_D1,4
ATATTCCCACAGGTCA-1_V13B23-285_D1,5
ATATTGCTGTCAAAGT-1_V13B23-285_D1,1
ATATTGGAGAGGCCTT-1_V13B23-285_D1,1
ATATTTAACCCTCAAG-1_V13B23-285_D1,1
ATCAAACACTGTTCCA-1_V13B23-285_D1,1
ATCAAACGAAGGTTTG-1_V13B23-285_D1,2
ATCAATCTGGGCTGCA-1_V13B23-285_D1,1
ATCACATTAGAATATC-1_V13B23-285_D1,9
ATCACGTGCTAATTAA-1_V13B23-285_D1,1
ATCACTTCATCCTCGC-1_V13B23-285_D1,3
ATCAGACGGCACGCCG-1_V13B23-285_D1,10
ATCAGCCTCATGCTGC-1_V13B23-285_D1,1
ATCAGCTCGTCCACTA-1_V13B23-285_D1,10
ATCAGGTAGCTGACAG-1_V13B23-285_D1,10
ATCAGTAGGCAGGGAT-1_V13B23-285_D1,1
ATCATAGCCCTATGTA-1_V13B23-285_D1,4
ATCATCCAATATTTGT-1_V13B23-285_D1,4
ATCATGGACTACCGAC-1_V13B23-285_D1,2
ATCCAACGCAGTCATA-1_V13B23-285_D1,1
ATCCAATGGAGGGTCC-1_V13B23-285_D1,2
ATCCACATCGACAGAA-1_V13B23-285_D1,1
ATCCAGAGCAACAACC-1_V13B23-285_D1,1
ATCCAGGATTCGTGAA-1_V13B23-285_D1,1
ATCCGGACCAGCCTGA-1_V13B23-285_D1,1
ATCCTACCTAAGCTCT-1_V13B23-285_D1,1
ATCCTGAATCGCTGCG-1_V13B23-285_D1,1
ATCCTGCGTGGAATGG-1_V13B23-285_D1,2
ATCCTTCTGAAAGAAC-1_V13B23-285_D1,4
ATCGACCCAATACAGA-1_V13B23-285_D1,1
ATCGACTCTTTCCGTT-1_V13B23-285_D1,9
ATCGCACGATTGTTCA-1_V13B23-285_D1,9
ATCGCACGCCGGGAGA-1_V13B23-285_D1,1
ATCGCCAGTCAACATT-1_V13B23-285_D1,4
ATCGCTGCGTGCAGCA-1_V13B23-285_D1,3
ATCGCTTTACGTCTCA-1_V13B23-285_D1,11
ATCGGAGACAGACGGC-1_V13B23-285_D1,4
ATCGGCAAGCAGTCCA-1_V13B23-285_D1,1
ATCGTTAGCTAGCGGA-1_V13B23-285_D1,4
ATCGTTCACTTTCGCC-1_V13B23-285_D1,6
ATCTAATATCCTACGG-1_V13B23-285_D1,3
ATCTCCCACGGAATAT-1_V13B23-285_D1,1
ATCTCCCTGCAATCTA-1_V13B23-285_D1,5
ATCTCGTGAGCGAAAC-1_V13B23-285_D1,4
ATCTGCACCTCTGCGA-1_V13B23-285_D1,8
ATCTGGGCTGTTCTTG-1_V13B23-285_D1,1
ATCTGGTTAAGACTGT-1_V13B23-285_D1,1
ATCTGTAATTGTACCC-1_V13B23-285_D1,12
ATCTTATCGCACACCC-1_V13B23-285_D1,1
ATCTTGACCTGCAACG-1_V13B23-285_D1,1
ATCTTGACTTGTCCAA-1_V13B23-285_D1,2
ATCTTTCGTATAACCA-1_V13B23-285_D1,3
ATGAAGCCAAGGAGCC-1_V13B23-285_D1,3
ATGACGCCGGCTCTAA-1_V13B23-285_D1,7
ATGACGCGTTCTATCC-1_V13B23-285_D1,2
ATGACTATGCGACATT-1_V13B23-285_D1,4
ATGAGGAGTGTTAATC-1_V13B23-285_D1,1
ATGAGGGCAGCGGCTA-1_V13B23-285_D1,4
ATGATCGGGAATAGAC-1_V13B23-285_D1,9
ATGATGCAATGGTACA-1_V13B23-285_D1,1
ATGCACTACCGCATTG-1_V13B23-285_D1,1
ATGCATGATCCAGGAT-1_V13B23-285_D1,1
ATGCCAATCGCTCTGC-1_V13B23-285_D1,2
ATGCCATTTGCGACCA-1_V13B23-285_D1,4
ATGCCGGTCTTGCATA-1_V13B23-285_D1,2
ATGCCGGTTGATGGGA-1_V13B23-285_D1,9
ATGCGACAATTGGTCC-1_V13B23-285_D1,3
ATGCGACAGTCCCATT-1_V13B23-285_D1,1
ATGCGAGTCCCACCAC-1_V13B23-285_D1,4
ATGCTCAGTGTTGCAT-1_V13B23-285_D1,1
ATGCTCTGGCGCGGTA-1_V13B23-285_D1,1
ATGCTTAGGAGTTGAT-1_V13B23-285_D1,1
ATGGAACCTTTGCACA-1_V13B23-285_D1,1
ATGGAGCAGGCCGTGA-1_V13B23-285_D1,16
ATGGATCCGGCGTCCG-1_V13B23-285_D1,9
ATGGATTGACCAAACG-1_V13B23-285_D1,1
ATGGCGGAATAGTCGC-1_V13B23-285_D1,10
ATGGCTGGAAATGGCC-1_V13B23-285_D1,5
ATGGGCCTCGGCCTCT-1_V13B23-285_D1,1
ATGGTCGCGTGGTTTC-1_V13B23-285_D1,1
ATGTAAGGCTGCTCTT-1_V13B23-285_D1,10
ATGTACATGCGGTGAG-1_V13B23-285_D1,1
ATGTGAAAGCCTAATG-1_V13B23-285_D1,1
ATGTGCATCCGACGCA-1_V13B23-285_D1,1
ATGTGGACATCTTGAT-1_V13B23-285_D1,1
ATGTTACGAGCAATAC-1_V13B23-285_D1,1
ATGTTCGTCGACCCAC-1_V13B23-285_D1,6
ATGTTTCGGCCCGGAG-1_V13B23-285_D1,2
ATTAAACATGCGGACC-1_V13B23-285_D1,3
ATTAATACTACGCGGG-1_V13B23-285_D1,3
ATTAATGAACCAGTCG-1_V13B23-285_D1,3
ATTACAACTACCGGCC-1_V13B23-285_D1,6
ATTACATGTCAGTCTT-1_V13B23-285_D1,1
ATTACCACACTGCCTG-1_V13B23-285_D1,4
ATTACGACTCCACAGT-1_V13B23-285_D1,19
ATTACGCGCTGGCAGG-1_V13B23-285_D1,2
ATTACTAGCCTCTTGC-1_V13B23-285_D1,7
ATTACTTACTGGGCAT-1_V13B23-285_D1,1
ATTAGATTCCTCAGCA-1_V13B23-285_D1,8
ATTAGATTGATAGCGG-1_V13B23-285_D1,3
ATTAGGCGATGCTTTC-1_V13B23-285_D1,7
ATTATACTTTGCTCGT-1_V13B23-285_D1,4
ATTATAGCTACTTTAC-1_V13B23-285_D1,2
ATTATGCCATAGGGAG-1_V13B23-285_D1,1
ATTATTATGTCCGTCA-1_V13B23-285_D1,1
ATTCAACCATTTAAGG-1_V13B23-285_D1,1
ATTCACTGATGTTGGA-1_V13B23-285_D1,1
ATTCAGGACCTATTTC-1_V13B23-285_D1,3
ATTCAGTAGCAGGGTC-1_V13B23-285_D1,1
ATTCATATACTGTCCA-1_V13B23-285_D1,4
ATTCATCGTTGAGGCA-1_V13B23-285_D1,12
ATTCCCACATAAACAA-1_V13B23-285_D1,1
ATTCCTAAGACGTGGA-1_V13B23-285_D1,6
ATTCCTCCGCCAGTGC-1_V13B23-285_D1,1
ATTCCTTCCAGGCGGT-1_V13B23-285_D1,1
ATTCGACGCCGGGCCT-1_V13B23-285_D1,2
ATTCGCAGAGGACACT-1_V13B23-285_D1,20
ATTCGCGCCTTGAGAG-1_V13B23-285_D1,4
ATTCGTGCTATCTCTT-1_V13B23-285_D1,4
ATTCTCGTCTCTTTAG-1_V13B23-285_D1,5
ATTCTTCGTACTTATG-1_V13B23-285_D1,17
ATTGAAGATCTTAGTG-1_V13B23-285_D1,1
ATTGACCGGCGATGAC-1_V13B23-285_D1,2
ATTGACGTAACTCGGT-1_V13B23-285_D1,17
ATTGATAGCAACGAGA-1_V13B23-285_D1,1
ATTGATGAGTCCTAAC-1_V13B23-285_D1,3
ATTGCCTTTATGTTTG-1_V13B23-285_D1,1
ATTGCGATCAGTAACT-1_V13B23-285_D1,1
ATTGCTGCTCCTCCAT-1_V13B23-285_D1,1
ATTGGATTACAGCGTA-1_V13B23-285_D1,1
ATTGGGAATATCTTGG-1_V13B23-285_D1,9
ATTGTACAACTCGGCT-1_V13B23-285_D1,6
ATTGTCGCAATACCTT-1_V13B23-285_D1,13
ATTGTGACTTCGCTGC-1_V13B23-285_D1,8
ATTGTTCAACGATCCG-1_V13B23-285_D1,4
ATTTAACTCGTATTAC-1_V13B23-285_D1,6
ATTTACAGTTTACTGG-1_V13B23-285_D1,1
ATTTACTAAGTCCATT-1_V13B23-285_D1,2
ATTTCATTATTTCGCG-1_V13B23-285_D1,3
ATTTCCGGGTTCTGCG-1_V13B23-285_D1,2
ATTTGCGCGAGTAGCT-1_V13B23-285_D1,3
ATTTGTCTTGGGAGCT-1_V13B23-285_D1,1
ATTTGTTCCAGGGCTC-1_V13B23-285_D1,3
CAAACGAGTATCGCAG-1_V13B23-285_D1,2
CAAACGGTCGCACTTT-1_V13B23-285_D1,1
CAAACTACGATAGAGA-1_V13B23-285_D1,13
CAAACTATTGAGCTTC-1_V13B23-285_D1,13
CAAACTCGCGACGCCG-1_V13B23-285_D1,4
CAAAGATTATTGGGCC-1_V13B23-285_D1,1
CAAAGGTCATCTGAAA-1_V13B23-285_D1,4
CAAATCTCTCACAAGG-1_V13B23-285_D1,14
CAAATGTCCTTCCGTG-1_V13B23-285_D1,6
CAAATTGGATTATGCC-1_V13B23-285_D1,2
CAACACATCTCCTGCC-1_V13B23-285_D1,2
CAACCAGTGGCCTACC-1_V13B23-285_D1,6
CAACCTACCGAGCAGT-1_V13B23-285_D1,1
CAACCTGAACCTGCCA-1_V13B23-285_D1,1
CAACGACCCGTTTACA-1_V13B23-285_D1,1
CAACGGTTCTTGATAC-1_V13B23-285_D1,1
CAACGTGGTGGAGTCT-1_V13B23-285_D1,1
CAACTATATCGAATGC-1_V13B23-285_D1,5
CAACTCCTTGATCCCG-1_V13B23-285_D1,1
CAACTGCTCATCCGAT-1_V13B23-285_D1,1
CAAGACTCAGAAGCGC-1_V13B23-285_D1,11
CAAGAGGGCGGAGTAC-1_V13B23-285_D1,12
CAAGATATTATAACGT-1_V13B23-285_D1,1
CAAGCAACGTCGGAGT-1_V13B23-285_D1,1
CAAGCACCAAATGCCT-1_V13B23-285_D1,1
CAAGCGGCACATAATT-1_V13B23-285_D1,3
CAAGGATCGCATGTTC-1_V13B23-285_D1,1
CAAGGCCAGTGGTGCA-1_V13B23-285_D1,1
CAAGGTCCTATAGGCT-1_V13B23-285_D1,2
CAAGTGTGGTTGCAAA-1_V13B23-285_D1,1
CAATAAACCTTGGCCC-1_V13B23-285_D1,9
CAATACGAGAGTCTGA-1_V13B23-285_D1,7
CAATATTCTTGACCTA-1_V13B23-285_D1,1
CAATATTGGACTAGTG-1_V13B23-285_D1,1
CAATCCCTATACCAGC-1_V13B23-285_D1,5
CAATCCTGCCGTGGAG-1_V13B23-285_D1,1
CAATGAGGTTCGACTA-1_V13B23-285_D1,2
CAATGCGAGAAGTATC-1_V13B23-285_D1,4
CAATGGAATCTACATA-1_V13B23-285_D1,17
CAATGGATCTCTACCA-1_V13B23-285_D1,1
CAATGTGCCAACCCTT-1_V13B23-285_D1,2
CAATTAAGGGTGATGA-1_V13B23-285_D1,1
CAATTTCGTATAAGGG-1_V13B23-285_D1,6
CACAAGAAAGATATTA-1_V13B23-285_D1,3
CACAATGAGCTGCTAT-1_V13B23-285_D1,1
CACACACGCTAACGAG-1_V13B23-285_D1,4
CACACAGCTTGCGCTC-1_V13B23-285_D1,4
CACACAGGGATAGATT-1_V13B23-285_D1,1
CACACGCGCTGTCTTA-1_V13B23-285_D1,2
CACAGCACCCACGGCA-1_V13B23-285_D1,1
CACAGCTAGGGAGTGA-1_V13B23-285_D1,9
CACAGGGCCATATAGT-1_V13B23-285_D1,4
CACAGGGCCGTTGTCA-1_V13B23-285_D1,1
CACAGTCCCGCTTCGC-1_V13B23-285_D1,1
CACAGTTCGCTTCCCA-1_V13B23-285_D1,4
CACATATTAGCAGGAT-1_V13B23-285_D1,1
CACATCGTGCACGCGC-1_V13B23-285_D1,1
CACATCTCACCGACGA-1_V13B23-285_D1,1
CACATGATTCAGCAAC-1_V13B23-285_D1,1
CACATGTTTGGACATG-1_V13B23-285_D1,2
CACATTCTTTCGATGG-1_V13B23-285_D1,3
CACATTTCTTGTCAGA-1_V13B23-285_D1,4
CACCAGTCAGCATGCA-1_V13B23-285_D1,3
CACCATCGGAGGAGAC-1_V13B23-285_D1,5
CACCCAAATCTTATGT-1_V13B23-285_D1,2
CACCCACACGTCACCC-1_V13B23-285_D1,1
CACCCACGAGGCAATT-1_V13B23-285_D1,3
CACCCGGTTTGTGACT-1_V13B23-285_D1,10
CACCCTAACAAGATCT-1_V13B23-285_D1,1
CACCCTTGGTGAGACC-1_V13B23-285_D1,3
CACCGATACACCGAGC-1_V13B23-285_D1,17
CACCGCCAGAAGGTTT-1_V13B23-285_D1,1
CACCGCCGACCAGCGA-1_V13B23-285_D1,17
CACCGCGTCCACTCTA-1_V13B23-285_D1,3
CACCGTATCCCATCCG-1_V13B23-285_D1,1
CACCGTTAGGGATCAC-1_V13B23-285_D1,1
CACCGTTGCGCGATAT-1_V13B23-285_D1,3
CACCTAATAGAGTCGT-1_V13B23-285_D1,6
CACCTAATCAGTTTAC-1_V13B23-285_D1,9
CACCTCGATGGTGGAC-1_V13B23-285_D1,9
CACCTTGCGAAACTCG-1_V13B23-285_D1,2
CACCTTGGCGCCTTTG-1_V13B23-285_D1,1
CACGAAAGTTAGTCCC-1_V13B23-285_D1,1
CACGCACAGCGCAGCT-1_V13B23-285_D1,3
CACGCAGCGAGGCTTT-1_V13B23-285_D1,14
CACGCGGAACTGTTGC-1_V13B23-285_D1,4
CACGGACGTGGATGGC-1_V13B23-285_D1,1
CACGGCGCGCCAAAGG-1_V13B23-285_D1,3
CACGTCAATCAATGGA-1_V13B23-285_D1,4
CACGTCGGCAACCTCT-1_V13B23-285_D1,2
CACGTTCGTGCTCTAG-1_V13B23-285_D1,3
CACGTTTCGTACACAC-1_V13B23-285_D1,1
CACTAAAGTTGCCTAT-1_V13B23-285_D1,1
CACTACGGGAGCTGCC-1_V13B23-285_D1,6
CACTCAAGAGCTATGG-1_V13B23-285_D1,1
CACTCAGCTCTTGAGG-1_V13B23-285_D1,13
CACTCCTATGTAAGAT-1_V13B23-285_D1,1
CACTCCTCTCGGTCGG-1_V13B23-285_D1,7
CACTCGAGCTGAACAA-1_V13B23-285_D1,1
CACTCTTCTGCTAGCC-1_V13B23-285_D1,1
CACTGTCCAAGTGAGA-1_V13B23-285_D1,1
CACTTAATCAGACGGA-1_V13B23-285_D1,1
CACTTCGCCACAGGCT-1_V13B23-285_D1,1
CAGAACTTAGCCCTCT-1_V13B23-285_D1,1
CAGAATAACACACGGA-1_V13B23-285_D1,4
CAGAATATTCGTTATC-1_V13B23-285_D1,1
CAGACACCGATCGCTG-1_V13B23-285_D1,3
CAGACCTGTAAGTGTT-1_V13B23-285_D1,2
CAGACGAACCTGATAC-1_V13B23-285_D1,1
CAGAGACGGTCACCCA-1_V13B23-285_D1,1
CAGAGCATGAGCTTGC-1_V13B23-285_D1,2
CAGAGGCGATGCATGA-1_V13B23-285_D1,1
CAGAGTGATTTAACGT-1_V13B23-285_D1,17
CAGATAATGGGCGGGT-1_V13B23-285_D1,1
CAGATACTAACATAGT-1_V13B23-285_D1,1
CAGATCATTTAAAGTC-1_V13B23-285_D1,1
CAGATCCTGGTTTGAA-1_V13B23-285_D1,2
CAGCAGCCCGTTCCTT-1_V13B23-285_D1,2
CAGCAGTCCAGACTAT-1_V13B23-285_D1,4
CAGCAGTCTGTGCTGC-1_V13B23-285_D1,1
CAGCCGGGCCCTCTAT-1_V13B23-285_D1,5
CAGCCTCCTGCAGAGG-1_V13B23-285_D1,9
CAGCCTCGATAGCGGT-1_V13B23-285_D1,1
CAGCCTCTCCTCAAGA-1_V13B23-285_D1,2
CAGCGATTCCCTTCAA-1_V13B23-285_D1,1
CAGCTCACTGAGACAT-1_V13B23-285_D1,1
CAGCTCGACAAGTTAA-1_V13B23-285_D1,6
CAGCTCGTGCTTGTGT-1_V13B23-285_D1,1
CAGCTGGCGTAACCGT-1_V13B23-285_D1,1
CAGCTTAGTAGGTAGC-1_V13B23-285_D1,1
CAGGAAGACTTTATAT-1_V13B23-285_D1,3
CAGGACAGCTGCCCTT-1_V13B23-285_D1,2
CAGGATATATCGTTGT-1_V13B23-285_D1,1
CAGGCAGTCTTACCAG-1_V13B23-285_D1,1
CAGGCCGTTTGGGTGT-1_V13B23-285_D1,11
CAGGCGCACGGTGGTC-1_V13B23-285_D1,1
CAGGCGCCATGCTAGG-1_V13B23-285_D1,1
CAGTAACTATTTATTG-1_V13B23-285_D1,10
CAGTAATCCCTCCCAG-1_V13B23-285_D1,1
CAGTACATTCTCTAAA-1_V13B23-285_D1,6
CAGTACCAGTTTACGT-1_V13B23-285_D1,1
CAGTAGCCCACGCGGT-1_V13B23-285_D1,9
CAGTCGAGGATGCAAT-1_V13B23-285_D1,8
CAGTCTGTATACTGGG-1_V13B23-285_D1,3
CAGTGAATAAATGACT-1_V13B23-285_D1,1
CAGTGGTTGCACATGA-1_V13B23-285_D1,1
CAGTGTCCGCAGAATG-1_V13B23-285_D1,3
CAGTGTCGGCTGGCCC-1_V13B23-285_D1,4
CAGTTCAAATTGACAC-1_V13B23-285_D1,2
CAGTTCCGCGGGTCGA-1_V13B23-285_D1,1
CATAACGGACAGTCGT-1_V13B23-285_D1,2
CATAAGAAGCTTGGCT-1_V13B23-285_D1,1
CATAAGCTCTCCGTCT-1_V13B23-285_D1,10
CATACAAAGCCGAACC-1_V13B23-285_D1,3
CATACACGGTTCCCAC-1_V13B23-285_D1,3
CATACCCGTACCCAGT-1_V13B23-285_D1,3
CATACGGCGTCTGGGC-1_V13B23-285_D1,1
CATACTATGTAATTGT-1_V13B23-285_D1,1
CATACTTAGGCAATAC-1_V13B23-285_D1,2
CATAGCCGCCCGGGAT-1_V13B23-285_D1,2
CATAGCGTTGCCCACC-1_V13B23-285_D1,1
CATAGTACATTGAGAG-1_V13B23-285_D1,9
CATAGTAGCATAGTAG-1_V13B23-285_D1,1
CATAGTCAAATACATA-1_V13B23-285_D1,1
CATAGTCCACAAGAAC-1_V13B23-285_D1,11
CATATACTACTGATAA-1_V13B23-285_D1,2
CATATAGGTACAGTCA-1_V13B23-285_D1,1
CATATGTCAGGCTACG-1_V13B23-285_D1,1
CATATTATTTGCCCTA-1_V13B23-285_D1,17
CATCAAACTGGCGCCC-1_V13B23-285_D1,8
CATCATCTACCCGGAC-1_V13B23-285_D1,13
CATCATTACCCTGAGG-1_V13B23-285_D1,1
CATCCTCTCAAAGATC-1_V13B23-285_D1,1
CATCGCCCGCGGCCAA-1_V13B23-285_D1,3
CATCGGACGGGTTAAT-1_V13B23-285_D1,1
CATCTAGTGAAGGGAA-1_V13B23-285_D1,7
CATCTATCCCGTGTCT-1_V13B23-285_D1,2
CATCTTACACCACCTC-1_V13B23-285_D1,4
CATGAACCGACATTTG-1_V13B23-285_D1,5
CATGACTTCGCTGAAT-1_V13B23-285_D1,4
CATGAGATGCACTCTC-1_V13B23-285_D1,1
CATGATCGCTTTGAGA-1_V13B23-285_D1,1
CATGATGCACAATTCT-1_V13B23-285_D1,3
CATGATGGAAGTTAGC-1_V13B23-285_D1,1
CATGCCAACTCGCAAA-1_V13B23-285_D1,3
CATGCGACCAGTTTAA-1_V13B23-285_D1,1
CATGCGTTAGACAGAA-1_V13B23-285_D1,3
CATGCTGGCTCCAATT-1_V13B23-285_D1,13
CATGGATTGTCTTCCG-1_V13B23-285_D1,1
CATGGCAGGAAGATCG-1_V13B23-285_D1,9
CATGGGTATGCCTTAT-1_V13B23-285_D1,1
CATGGGTCGGGTGTGG-1_V13B23-285_D1,3
CATGGTAAGTAGCGTT-1_V13B23-285_D1,1
CATGGTCTAGATACCG-1_V13B23-285_D1,3
CATGTAAGAGACATTT-1_V13B23-285_D1,1
CATGTAGGAGCGCCAA-1_V13B23-285_D1,10
CATGTCTCATTTATGG-1_V13B23-285_D1,4
CATTACATAGATTGTG-1_V13B23-285_D1,2
CATTACGTCGGCCCGT-1_V13B23-285_D1,1
CATTATGCTTGTTGTG-1_V13B23-285_D1,1
CATTCAGGTCAGTGCG-1_V13B23-285_D1,5
CATTCCCATTCCGTCG-1_V13B23-285_D1,2
CATTCCCTAAGTACAA-1_V13B23-285_D1,1
CATTCGTCGTAGCGGT-1_V13B23-285_D1,1
CATTGATGAACACGCC-1_V13B23-285_D1,8
CATTGCGGGTCAATTC-1_V13B23-285_D1,2
CATTTAGCGGACCATG-1_V13B23-285_D1,1
CATTTCTAGCAGACTA-1_V13B23-285_D1,1
CATTTGAGTGGTACGT-1_V13B23-285_D1,1
CCAAACAGAACCCTCG-1_V13B23-285_D1,3
CCAAATAACAAGATTC-1_V13B23-285_D1,1
CCAACGATGCACTGAT-1_V13B23-285_D1,1
CCAACGCTTGCCAGGG-1_V13B23-285_D1,9
CCAACTTGATAGATCC-1_V13B23-285_D1,7
CCAAGAAAGTGGGCGA-1_V13B23-285_D1,1
CCAAGACTTCTGCGAA-1_V13B23-285_D1,9
CCAAGCGTAACTCGTA-1_V13B23-285_D1,14
CCAAGGAACAGAGAGG-1_V13B23-285_D1,1
CCAATAGTGCCGTCGA-1_V13B23-285_D1,1
CCAATCGGTAGATCGA-1_V13B23-285_D1,13
CCAATGTCACAGCAAG-1_V13B23-285_D1,1
CCAATTACGGGTCGAG-1_V13B23-285_D1,6
CCAATTGAATGTTAAT-1_V13B23-285_D1,3
CCACAATGTACGTCTT-1_V13B23-285_D1,1
CCACACTGAGATATTA-1_V13B23-285_D1,10
CCACAGTACCCATCCT-1_V13B23-285_D1,1
CCACATACTGCACCCA-1_V13B23-285_D1,3
CCACCAACTTTACTGT-1_V13B23-285_D1,1
CCACCCAAGGAAAGTG-1_V13B23-285_D1,3
CCACCTGTATGGAATA-1_V13B23-285_D1,12
CCACGAATTTAACCTC-1_V13B23-285_D1,1
CCACGAGAAGAGAATC-1_V13B23-285_D1,9
CCACGGAGCCATAAGA-1_V13B23-285_D1,1
CCACGGTGCCCGGTAG-1_V13B23-285_D1,1
CCACGTAAATTAGACT-1_V13B23-285_D1,1
CCACTATCCGGGTCAC-1_V13B23-285_D1,3
CCACTGGTGGCTGGTT-1_V13B23-285_D1,1
CCACTGTTTGGATTAA-1_V13B23-285_D1,1
CCAGAAAGCAACTCAT-1_V13B23-285_D1,1
CCAGAGACAAAGCCGG-1_V13B23-285_D1,1
CCAGATAGTTGAGTGA-1_V13B23-285_D1,9
CCAGATGTAAATGGGT-1_V13B23-285_D1,15
CCAGCCTGGACCAATA-1_V13B23-285_D1,4
CCAGCGGGATCACCAG-1_V13B23-285_D1,10
CCAGCTCGAACGCATT-1_V13B23-285_D1,1
CCAGCTGATGGTACTT-1_V13B23-285_D1,2
CCAGCTTCCGCCCGCA-1_V13B23-285_D1,1
CCAGGCTGGCGTCTGA-1_V13B23-285_D1,4
CCAGGGACGTGGCCTC-1_V13B23-285_D1,1
CCAGTAGTCTGATCCA-1_V13B23-285_D1,3
CCAGTCCATTATTCGA-1_V13B23-285_D1,3
CCAGTCTAGACGGCGC-1_V13B23-285_D1,1
CCAGTCTTGTCATAGA-1_V13B23-285_D1,10
CCATAAACAACCCGAC-1_V13B23-285_D1,13
CCATACCTTTACTTGT-1_V13B23-285_D1,2
CCATAGGTTGGCGTGG-1_V13B23-285_D1,9
CCATAGTCAGTAACCC-1_V13B23-285_D1,10
CCATATGGAAACTATA-1_V13B23-285_D1,1
CCATCCATACCAAGTC-1_V13B23-285_D1,1
CCATCGCAGTTAAACT-1_V13B23-285_D1,1
CCATCTCACCAGTGAA-1_V13B23-285_D1,4
CCATGCCCTAGATTTC-1_V13B23-285_D1,4
CCATGCCTGTTTAGTA-1_V13B23-285_D1,1
CCATGCTCTGCAGGAA-1_V13B23-285_D1,1
CCATGGCCCTTGTACC-1_V13B23-285_D1,1
CCATTAGCGATAATCC-1_V13B23-285_D1,1
CCATTCCCTGCCCACA-1_V13B23-285_D1,1
CCATTGTTTCCTCCAT-1_V13B23-285_D1,2
CCATTTCTACCTATTA-1_V13B23-285_D1,1
CCCAAACATGCTGCTC-1_V13B23-285_D1,2
CCCAACATACGTCGCG-1_V13B23-285_D1,2
CCCAACCACACTAACA-1_V13B23-285_D1,18
CCCAATGAGATTTGCA-1_V13B23-285_D1,1
CCCAATTTCACAACTT-1_V13B23-285_D1,2
CCCAGAGGAGGGCGTA-1_V13B23-285_D1,6
CCCAGGTCTGAAGGCT-1_V13B23-285_D1,4
CCCAGTAAACTTGGGA-1_V13B23-285_D1,3
CCCAGTTAAGGCGCCG-1_V13B23-285_D1,1
CCCATATAGGTCGATT-1_V13B23-285_D1,1
CCCGACCATAGTCCGC-1_V13B23-285_D1,9
CCCGAGTTTCTCCGTA-1_V13B23-285_D1,1
CCCGATAGCCTCGCCT-1_V13B23-285_D1,10
CCCGCAGCGCGAACTA-1_V13B23-285_D1,1
CCCGCAGGGCCCAAAG-1_V13B23-285_D1,5
CCCGCCATGCTCCCGT-1_V13B23-285_D1,1
CCCGCGCAATGCACCC-1_V13B23-285_D1,1
CCCGGTGGAAGAACCT-1_V13B23-285_D1,1
CCCGGTGTATCGGAAT-1_V13B23-285_D1,2
CCCGTAAGTCTAGGCC-1_V13B23-285_D1,2
CCCGTAGCTGGGAAGA-1_V13B23-285_D1,2
CCCGTCAGCGTCTGAC-1_V13B23-285_D1,1
CCCGTTTCGCAGATGT-1_V13B23-285_D1,1
CCCTAGTGTCAGGTGT-1_V13B23-285_D1,1
CCCTATGTAGAGCAGA-1_V13B23-285_D1,7
CCCTCATTCTGGAATT-1_V13B23-285_D1,14
CCCTCCTCGCTCGTAT-1_V13B23-285_D1,4
CCCTGAAATGAGTTGA-1_V13B23-285_D1,1
CCCTGATGTAACTCGT-1_V13B23-285_D1,1
CCCTGCCCAATCCGCT-1_V13B23-285_D1,6
CCCTGCGCTACGCATA-1_V13B23-285_D1,6
CCCTTTAATGGAGTTC-1_V13B23-285_D1,4
CCCTTTGACAGGTCTT-1_V13B23-285_D1,1
CCGAAAGTGGTGAGCA-1_V13B23-285_D1,1
CCGAACACTGGGCCTC-1_V13B23-285_D1,2
CCGAACCTTCCCGGCC-1_V13B23-285_D1,1
CCGAAGGGCGTACCGC-1_V13B23-285_D1,10
CCGAAGTATATTGTTC-1_V13B23-285_D1,2
CCGACAAAGGGAGTGC-1_V13B23-285_D1,1
CCGACAATAGGCCGCC-1_V13B23-285_D1,4
CCGACGGGCATGAGGT-1_V13B23-285_D1,1
CCGACGTAAACACAAC-1_V13B23-285_D1,12
CCGAGAAGTCGCATAA-1_V13B23-285_D1,4
CCGAGCTGTGCTTGTC-1_V13B23-285_D1,8
CCGATATGACGTAAGG-1_V13B23-285_D1,4
CCGATCTCAACCTTAT-1_V13B23-285_D1,16
CCGATTCGAGGGACCC-1_V13B23-285_D1,3
CCGCACAAAGACCAAC-1_V13B23-285_D1,3
CCGCACACGAACGTGT-1_V13B23-285_D1,1
CCGCACGTGACCTCGG-1_V13B23-285_D1,1
CCGCATGTGGTACGAT-1_V13B23-285_D1,1
CCGCCGGAACTTCTCG-1_V13B23-285_D1,11
CCGCCGGTCAACACAC-1_V13B23-285_D1,5
CCGCCTGCGAATTGGT-1_V13B23-285_D1,3
CCGCGGAATGCGTCAC-1_V13B23-285_D1,1
CCGCGGGTACGAAGAA-1_V13B23-285_D1,1
CCGCGTAGGTAAGGGC-1_V13B23-285_D1,1
CCGCTATCAGCACCAG-1_V13B23-285_D1,1
CCGCTCTTCCGAACTA-1_V13B23-285_D1,1
CCGCTTACCTCACTCT-1_V13B23-285_D1,2
CCGCTTGCTGACATGG-1_V13B23-285_D1,10
CCGGAAGTTATCAGTC-1_V13B23-285_D1,7
CCGGAATGGTTTCAGT-1_V13B23-285_D1,1
CCGGAGCGTACTTTCT-1_V13B23-285_D1,1
CCGGAGGTCTTATGGT-1_V13B23-285_D1,8
CCGGCACGACCGTTTC-1_V13B23-285_D1,2
CCGGCGCATATTGGAT-1_V13B23-285_D1,13
CCGGGACCCGCAGAGA-1_V13B23-285_D1,3
CCGGGCGGTCTCGTCA-1_V13B23-285_D1,1
CCGGGCTGCTCCATAC-1_V13B23-285_D1,1
CCGGGTTCGAGGTTAC-1_V13B23-285_D1,7
CCGGTAATGGCTAGTC-1_V13B23-285_D1,1
CCGGTTTGTAATTGTG-1_V13B23-285_D1,6
CCGTAAGTTGGTCCCA-1_V13B23-285_D1,10
CCGTACCCAAGCGCCA-1_V13B23-285_D1,1
CCGTAGGAAATCCCTG-1_V13B23-285_D1,1
CCGTAGGGTTGTTTAC-1_V13B23-285_D1,1
CCGTATCTCGTCGTAG-1_V13B23-285_D1,2
CCGTATTAGCGCAGTT-1_V13B23-285_D1,3
CCGTGAGGCATTCATG-1_V13B23-285_D1,14
CCGTGCCCATGACGGC-1_V13B23-285_D1,5
CCGTGGAACGATCCAA-1_V13B23-285_D1,2
CCGTGTTAAATTCCAT-1_V13B23-285_D1,1
CCGTTACGTTAGAACA-1_V13B23-285_D1,9
CCGTTCCGAATCTCGG-1_V13B23-285_D1,2
CCTAAAGGCTGACGCT-1_V13B23-285_D1,5
CCTAAATTAACGGTTC-1_V13B23-285_D1,1
CCTAAATTGTATCCTA-1_V13B23-285_D1,1
CCTAACCCAAACAAGT-1_V13B23-285_D1,1
CCTAACTAAGGCTCTA-1_V13B23-285_D1,1
CCTACATTCACAGACG-1_V13B23-285_D1,2
CCTACGGCTCAGTCGA-1_V13B23-285_D1,1
CCTACTCAACACGATT-1_V13B23-285_D1,1
CCTACTGCGGCGGCCA-1_V13B23-285_D1,2
CCTACTGCTTACACTT-1_V13B23-285_D1,1
CCTAGGCGTAGCGATC-1_V13B23-285_D1,10
CCTAGTTAGTCGCATG-1_V13B23-285_D1,13
CCTATAATGAGTGCCC-1_V13B23-285_D1,1
CCTATACCGTCCTGTC-1_V13B23-285_D1,2
CCTATATTTGTCCTGG-1_V13B23-285_D1,1
CCTATGAAGTGGTGCC-1_V13B23-285_D1,2
CCTATGGGTTACCGTC-1_V13B23-285_D1,3
CCTATGTCCACTCCAC-1_V13B23-285_D1,1
CCTCACCAATCTTGAC-1_V13B23-285_D1,1
CCTCACCTGAGGGAGC-1_V13B23-285_D1,8
CCTCACCTTAGCATCG-1_V13B23-285_D1,2
CCTCACGTCAGCTAAT-1_V13B23-285_D1,4
CCTCATGCAGCTACGA-1_V13B23-285_D1,2
CCTCCCGACAATCCCT-1_V13B23-285_D1,17
CCTCCGACAATTCAAG-1_V13B23-285_D1,1
CCTCCTGTTGTGTCGT-1_V13B23-285_D1,1
CCTCGAAGTGGACGGG-1_V13B23-285_D1,7
CCTCGCCAGCAAATTA-1_V13B23-285_D1,9
CCTCGCGCGATATAGG-1_V13B23-285_D1,1
CCTCGCGCTGTGCGAT-1_V13B23-285_D1,2
CCTCGGACCGGGATAG-1_V13B23-285_D1,1
CCTCTAATCTGCCAAG-1_V13B23-285_D1,1
CCTCTATCGATTAGCA-1_V13B23-285_D1,1
CCTCTCTCCCATCTAG-1_V13B23-285_D1,1
CCTCTGGCCTAGACGG-1_V13B23-285_D1,5
CCTCTGTACTATTCTA-1_V13B23-285_D1,1
CCTGAACGATATATTC-1_V13B23-285_D1,1
CCTGAATATTTACATA-1_V13B23-285_D1,1
CCTGACCACCGATGGT-1_V13B23-285_D1,1
CCTGCGATAGAACTGT-1_V13B23-285_D1,1
CCTGCGTTCTACGCTT-1_V13B23-285_D1,1
CCTGCTATTTGAGAAG-1_V13B23-285_D1,2
CCTGGAAACGTTCTGC-1_V13B23-285_D1,4
CCTGGCTAGACCCGCC-1_V13B23-285_D1,2
CCTGGTCGAATGTGGG-1_V13B23-285_D1,1
CCTGTAAGACATGATA-1_V13B23-285_D1,2
CCTGTACTCACGCCCA-1_V13B23-285_D1,3
CCTGTCACCCGGGCTC-1_V13B23-285_D1,1
CCTGTCCCTCACGTTA-1_V13B23-285_D1,2
CCTGTCGCCCGTAAAT-1_V13B23-285_D1,4
CCTGTTTGAAGACACG-1_V13B23-285_D1,4
CCTTCAGTTAAAGTGA-1_V13B23-285_D1,1
CCTTCTTGATCCAGTG-1_V13B23-285_D1,9
CCTTGACCACTTTATT-1_V13B23-285_D1,1
CCTTTAAGGGAGCACT-1_V13B23-285_D1,1
CCTTTCAATGAAGAAA-1_V13B23-285_D1,6
CGAAACATAGATGGCA-1_V13B23-285_D1,5
CGAAACGCAATTCATG-1_V13B23-285_D1,10
CGAACAGTATGGGCGT-1_V13B23-285_D1,1
CGAACCCGCATGCGTC-1_V13B23-285_D1,1
CGAACGCCCAGTGCCG-1_V13B23-285_D1,5
CGAACGGCCGGACAAC-1_V13B23-285_D1,2
CGAAGCTATAAATTCA-1_V13B23-285_D1,3
CGAAGTTGCTCTGTGT-1_V13B23-285_D1,1
CGAATGACGCATAATG-1_V13B23-285_D1,1
CGAATTCCCGGTTCAA-1_V13B23-285_D1,4
CGACAATTTGATCTAA-1_V13B23-285_D1,4
CGACACGCTCCGACAG-1_V13B23-285_D1,4
CGACAGTTCGCGTTAT-1_V13B23-285_D1,1
CGACATGCGATCTTCT-1_V13B23-285_D1,18
CGACTCAGGATGTTAT-1_V13B23-285_D1,3
CGACTTTGTATAGCCT-1_V13B23-285_D1,10
CGAGACCCTAGAGTGT-1_V13B23-285_D1,1
CGAGAGATGTGAACCT-1_V13B23-285_D1,2
CGAGAGCTTTCACTAC-1_V13B23-285_D1,1
CGAGAGGGTAGCCGCG-1_V13B23-285_D1,1
CGAGATTTCGCTCGGG-1_V13B23-285_D1,4
CGAGCACTTCAAGTTT-1_V13B23-285_D1,3
CGAGCGTTGATCAGCC-1_V13B23-285_D1,5
CGAGCTGGGCTTTAGG-1_V13B23-285_D1,1
CGAGGAGCTTCCATAT-1_V13B23-285_D1,8
CGAGGATCGGGAACGA-1_V13B23-285_D1,10
CGAGGCCAGGCATTGG-1_V13B23-285_D1,3
CGAGGCTAAATATGGC-1_V13B23-285_D1,2
CGAGGGACTGCGGTCG-1_V13B23-285_D1,7
CGAGTACTAAAGAGGA-1_V13B23-285_D1,3
CGAGTGAAGGTACCAG-1_V13B23-285_D1,2
CGAGTGCTATAGTTCG-1_V13B23-285_D1,14
CGAGTTCTGTCCCACC-1_V13B23-285_D1,6
CGAGTTTATCGGACTG-1_V13B23-285_D1,2
CGATAATACTCAGGTT-1_V13B23-285_D1,4
CGATACCTCGCGGACA-1_V13B23-285_D1,11
CGATAGTCGTACTGCA-1_V13B23-285_D1,2
CGATCCGACCCAGTGC-1_V13B23-285_D1,1
CGATCTGTTGGAGGAC-1_V13B23-285_D1,1
CGATGGACCCTACGCC-1_V13B23-285_D1,1
CGATGTTGTTATCTAC-1_V13B23-285_D1,2
CGATTAAATATCTCCT-1_V13B23-285_D1,14
CGATTCGCCTGGCTGC-1_V13B23-285_D1,1
CGCAAACACGAGTTAC-1_V13B23-285_D1,1
CGCAATTACTTTCGGT-1_V13B23-285_D1,1
CGCAATTAGGGTAATA-1_V13B23-285_D1,1
CGCAATTCTACAATAA-1_V13B23-285_D1,1
CGCACATGTCCACTAC-1_V13B23-285_D1,4
CGCACGTGCGCTATCA-1_V13B23-285_D1,4
CGCAGATCTTCACCCG-1_V13B23-285_D1,2
CGCAGGCGATCCAAAC-1_V13B23-285_D1,1
CGCATCATGGCTTCAG-1_V13B23-285_D1,17
CGCATCCATCAGCCAG-1_V13B23-285_D1,2
CGCATGGTGCGATGCT-1_V13B23-285_D1,4
CGCATTAGCTAATAGG-1_V13B23-285_D1,6
CGCCAAGAAGCCGAGT-1_V13B23-285_D1,6
CGCCATCCGATTATGA-1_V13B23-285_D1,3
CGCCCAGCACGCCTAG-1_V13B23-285_D1,2
CGCCCAGCGTTTCACG-1_V13B23-285_D1,1
CGCCCGCTTCCGTACA-1_V13B23-285_D1,9
CGCCCTTGAAGGCTGA-1_V13B23-285_D1,2
CGCCGCCCATGCCTGT-1_V13B23-285_D1,1
CGCCGTCTACCCATCG-1_V13B23-285_D1,2
CGCCGTTCAGCATAGT-1_V13B23-285_D1,1
CGCCTCCCTCCTCTAT-1_V13B23-285_D1,1
CGCCTGGCCTACGTAA-1_V13B23-285_D1,2
CGCCTTTAGCATGCTC-1_V13B23-285_D1,1
CGCGAAGTGGCATACT-1_V13B23-285_D1,4
CGCGACCGCGACAGAT-1_V13B23-285_D1,1
CGCGAGAGGGACTTGT-1_V13B23-285_D1,3
CGCGAGTCTGCCGGGT-1_V13B23-285_D1,6
CGCGCAAATGTCCAGA-1_V13B23-285_D1,3
CGCGCATGTTTGATTG-1_V13B23-285_D1,1
CGCGCCCGACTTAATA-1_V13B23-285_D1,3
CGCGGCAGTATTACGG-1_V13B23-285_D1,12
CGCGGCTCAACTTGAA-1_V13B23-285_D1,4
CGCGGGAATTAGGCAG-1_V13B23-285_D1,9
CGCGGTAAGTCTAGCT-1_V13B23-285_D1,6
CGCGGTACGGTATACA-1_V13B23-285_D1,4
CGCGGTCACAAACCAA-1_V13B23-285_D1,6
CGCGTTCATGAAATAC-1_V13B23-285_D1,1
CGCTACGGGACATTTA-1_V13B23-285_D1,14
CGCTAGAGACCGCTGC-1_V13B23-285_D1,1
CGCTATACCGCCCACT-1_V13B23-285_D1,1
CGCTATTCAATGTATG-1_V13B23-285_D1,1
CGCTATTCTTAGGCTC-1_V13B23-285_D1,4
CGCTCGACATAATGAT-1_V13B23-285_D1,3
CGCTCTCCGTAGATTA-1_V13B23-285_D1,1
CGCTGGTGACTACCCT-1_V13B23-285_D1,1
CGCTGTGACGCCGCAC-1_V13B23-285_D1,2
CGCTGTGTGGATGTTG-1_V13B23-285_D1,2
CGCTTATTCCCGGTCG-1_V13B23-285_D1,2
CGCTTCCACTGAAATC-1_V13B23-285_D1,1
CGCTTCGGTCTAAGAC-1_V13B23-285_D1,4
CGCTTGGACGGATAGA-1_V13B23-285_D1,1
CGCTTTCATACCGGTG-1_V13B23-285_D1,1
CGCTTTCTTGCATTCG-1_V13B23-285_D1,2
CGGAAAGAATCAAACG-1_V13B23-285_D1,3
CGGAACGTAAACATAG-1_V13B23-285_D1,6
CGGAGCAATTTAATCG-1_V13B23-285_D1,3
CGGAGCATGGCGATCC-1_V13B23-285_D1,1
CGGAGCTTATAACACC-1_V13B23-285_D1,17
CGGAGTTTGAGAGACA-1_V13B23-285_D1,3
CGGATAAGCGGACATG-1_V13B23-285_D1,2
CGGATCCTCAAGGACT-1_V13B23-285_D1,1
CGGCAAACATCGTGCG-1_V13B23-285_D1,1
CGGCAATAAGATCGCC-1_V13B23-285_D1,4
CGGCACCGTTAGCGCC-1_V13B23-285_D1,2
CGGCACTCAAGAAAGT-1_V13B23-285_D1,1
CGGCAGGGTCGGGTTG-1_V13B23-285_D1,8
CGGCCACGCACAAAGT-1_V13B23-285_D1,1
CGGCCCAACCTGTAGT-1_V13B23-285_D1,8
CGGCCCAGGTATATCC-1_V13B23-285_D1,1
CGGCGCCATCAATCCC-1_V13B23-285_D1,12
CGGCTCTAAAGCTGCA-1_V13B23-285_D1,4
CGGCTCTTCGTCGAAC-1_V13B23-285_D1,17
CGGGAATATAGTATAC-1_V13B23-285_D1,7
CGGGAATTTATGTAAA-1_V13B23-285_D1,1
CGGGAGCTTCAGTGTA-1_V13B23-285_D1,4
CGGGAGTATACCGCCG-1_V13B23-285_D1,2
CGGGATCAATGTAAGA-1_V13B23-285_D1,1
CGGGCAGCTAAACCGC-1_V13B23-285_D1,14
CGGGCCATAGCCGCAC-1_V13B23-285_D1,1
CGGGCCTTCTTTGTAA-1_V13B23-285_D1,10
CGGGTGTACCCATTTA-1_V13B23-285_D1,2
CGGGTTTGTTAGGGCT-1_V13B23-285_D1,4
CGGTACTAGAATCAAA-1_V13B23-285_D1,12
CGGTAGAGGTGCAGGT-1_V13B23-285_D1,3
CGGTATAGGTATTAGC-1_V13B23-285_D1,14
CGGTCAAGTGGGAACC-1_V13B23-285_D1,1
CGGTCAGTCCATATTT-1_V13B23-285_D1,1
CGGTCCATGAGACTCC-1_V13B23-285_D1,8
CGGTCCGTCGCAAGCC-1_V13B23-285_D1,2
CGGTCTATCAACCCGT-1_V13B23-285_D1,13
CGGTGAAGACTAAAGT-1_V13B23-285_D1,2
CGGTGCAGATAGAACG-1_V13B23-285_D1,1
CGGTGCGCGTTGGTCC-1_V13B23-285_D1,11
CGGTGGGCTCCAGCCT-1_V13B23-285_D1,2
CGGTGTACTTGATCCC-1_V13B23-285_D1,3
CGGTTATCCAACAGTG-1_V13B23-285_D1,3
CGGTTCAAGTAGGTGT-1_V13B23-285_D1,1
CGGTTCCGGCTTCTTG-1_V13B23-285_D1,9
CGGTTGACCTGGCATA-1_V13B23-285_D1,2
CGTAAACGCTTGAGTG-1_V13B23-285_D1,3
CGTACCTGATAGGCCT-1_V13B23-285_D1,3
CGTAGCGAATTGTCAG-1_V13B23-285_D1,7
CGTATCTAGAACTAAG-1_V13B23-285_D1,1
CGTATTAAGAGATCTA-1_V13B23-285_D1,1
CGTATTGTTTCCTAAT-1_V13B23-285_D1,12
CGTCAAATGGTCGCAG-1_V13B23-285_D1,2
CGTCAAGGCTATAAAT-1_V13B23-285_D1,1
CGTCACGTCCATTGGT-1_V13B23-285_D1,1
CGTCAGTGCGCACAAG-1_V13B23-285_D1,5
CGTCATACCATATCCA-1_V13B23-285_D1,1
CGTCGCATGTGAGCCA-1_V13B23-285_D1,1
CGTCGGATAGTGTTGA-1_V13B23-285_D1,2
CGTCGGGTCTAAGCGC-1_V13B23-285_D1,2
CGTCGTCCTTCGCGAA-1_V13B23-285_D1,1
CGTCTGGAAGGGCCCG-1_V13B23-285_D1,9
CGTCTTGAGTGTGACG-1_V13B23-285_D1,1
CGTGAAGTTAATTCAC-1_V13B23-285_D1,1
CGTGACATTGGGTCGT-1_V13B23-285_D1,13
CGTGACCAGTCCTCTG-1_V13B23-285_D1,3
CGTGCAGACTGGGACA-1_V13B23-285_D1,1
CGTGCATTGTCGACGC-1_V13B23-285_D1,3
CGTGCCCTCCCGAAGA-1_V13B23-285_D1,4
CGTGCTGGCCTAGTCG-1_V13B23-285_D1,2
CGTGGAAGCCTCGTAC-1_V13B23-285_D1,1
CGTGGCCGAATATCTA-1_V13B23-285_D1,1
CGTGTATGGGAGCTGA-1_V13B23-285_D1,14
CGTGTCCCATTCGCGA-1_V13B23-285_D1,1
CGTGTCTCGTTACGAC-1_V13B23-285_D1,1
CGTGTGTTAAACCCTG-1_V13B23-285_D1,2
CGTTAAACTAGTTAGG-1_V13B23-285_D1,4
CGTTAATGTCCCGACG-1_V13B23-285_D1,3
CGTTAGCTCACAACTG-1_V13B23-285_D1,7
CGTTCATGGTGCGCGT-1_V13B23-285_D1,1
CGTTCTTCGCACACCT-1_V13B23-285_D1,2
CGTTGAATACCGCGCT-1_V13B23-285_D1,1
CGTTGAGCGACCGTCG-1_V13B23-285_D1,1
CGTTGAGTAATTGCGT-1_V13B23-285_D1,6
CGTTGTAAGATTGATT-1_V13B23-285_D1,8
CGTTGTCGGCAATTGA-1_V13B23-285_D1,1
CGTTGTTTCAATTCCC-1_V13B23-285_D1,1
CGTTTAAGCGGAGCAC-1_V13B23-285_D1,13
CGTTTACAAGGCAGCT-1_V13B23-285_D1,8
CGTTTCACTTCGGGCG-1_V13B23-285_D1,10
CGTTTCGCTCATTACA-1_V13B23-285_D1,1
CGTTTGGTGTTGTGGG-1_V13B23-285_D1,1
CGTTTGTGTAGAGGGT-1_V13B23-285_D1,2
CTAAAGAATGCCTACT-1_V13B23-285_D1,2
CTAAAGGGAAATAGGA-1_V13B23-285_D1,1
CTAAATCCGGTGTACA-1_V13B23-285_D1,1
CTAAATCCTATTCCGG-1_V13B23-285_D1,2
CTAACCGCGCGCCCGT-1_V13B23-285_D1,1
CTAACGAAACTTGCTG-1_V13B23-285_D1,8
CTAACTGATAATCGCC-1_V13B23-285_D1,4
CTAACTGGTCCGGTTC-1_V13B23-285_D1,2
CTAAGGGAATGATTGG-1_V13B23-285_D1,1
CTAATTCGCACGCGCT-1_V13B23-285_D1,1
CTAATTCTCAGATATT-1_V13B23-285_D1,8
CTAATTTCAACAACAC-1_V13B23-285_D1,1
CTACAAGAAATAACCC-1_V13B23-285_D1,6
CTACACTCGCAGATGG-1_V13B23-285_D1,1
CTACCCTAAGGTCATA-1_V13B23-285_D1,2
CTACGACTAGCTATAA-1_V13B23-285_D1,3
CTACGCACGGAGTACC-1_V13B23-285_D1,1
CTACGCCATTTCCGAT-1_V13B23-285_D1,13
CTACTATCATAGGTTT-1_V13B23-285_D1,1
CTACTATCTTTCAGAG-1_V13B23-285_D1,2
CTACTCAAGGTATAGT-1_V13B23-285_D1,1
CTACTCTAGGCCCGGC-1_V13B23-285_D1,1
CTACTGCCACCTGACC-1_V13B23-285_D1,1
CTAGACTGCATTTCGT-1_V13B23-285_D1,9
CTAGATGTGAGTGTAA-1_V13B23-285_D1,10
CTAGATTTACGACGGC-1_V13B23-285_D1,1
CTAGCATAGTATAATG-1_V13B23-285_D1,1
CTAGCCACAGGCGAGC-1_V13B23-285_D1,1
CTAGCCGATGTTATGA-1_V13B23-285_D1,3
CTAGCTTAATGGTCCC-1_V13B23-285_D1,4
CTAGGCGCCCTATCAG-1_V13B23-285_D1,1
CTAGGTCTGAAGGAAT-1_V13B23-285_D1,2
CTAGGTTCGGACGTGA-1_V13B23-285_D1,1
CTAGTAGAAAGGGATT-1_V13B23-285_D1,1
CTAGTATTCGGAATTA-1_V13B23-285_D1,13
CTAGTCACGTCTTAAG-1_V13B23-285_D1,4
CTAGTGAAGGACAGGA-1_V13B23-285_D1,1
CTAGTTACAACCCGGT-1_V13B23-285_D1,1
CTAGTTGGGCCCGGTA-1_V13B23-285_D1,1
CTATAAGAGCCAATCG-1_V13B23-285_D1,1
CTATCGACGAAATACA-1_V13B23-285_D1,1
CTATCGCGTAGAGAAC-1_V13B23-285_D1,4
CTATCGGGTCTCAACA-1_V13B23-285_D1,1
CTATGCCCGAATGCAA-1_V13B23-285_D1,3
CTATGGGAAGCGGAAT-1_V13B23-285_D1,7
CTATGTCACTAGCCCA-1_V13B23-285_D1,2
CTATGTCTATTGAAAC-1_V13B23-285_D1,17
CTATGTGAGTCACGGC-1_V13B23-285_D1,1
CTATTCATGTGTCCCA-1_V13B23-285_D1,3
CTATTGTGTTTGGTCA-1_V13B23-285_D1,3
CTATTTGGTTACGGAT-1_V13B23-285_D1,2
CTCAACTAACCCGGAT-1_V13B23-285_D1,1
CTCAAGACATTAGCGC-1_V13B23-285_D1,1
CTCACACGCAAGCCTA-1_V13B23-285_D1,19
CTCACATTTACTAAAT-1_V13B23-285_D1,1
CTCACTGTGATACTTA-1_V13B23-285_D1,1
CTCACTTGGCTGGTAA-1_V13B23-285_D1,3
CTCAGGACTCACCTGT-1_V13B23-285_D1,3
CTCAGTCACGACAAAT-1_V13B23-285_D1,1
CTCATCACTTAGTGAT-1_V13B23-285_D1,11
CTCATGGTAATTTGCG-1_V13B23-285_D1,2
CTCATTAACGTTGCCC-1_V13B23-285_D1,11
CTCATTGCTCTAACAA-1_V13B23-285_D1,1
CTCATTTGATGGGCGG-1_V13B23-285_D1,3
CTCCCAATGAGTCGCG-1_V13B23-285_D1,4
CTCCCTCCTTTCGATC-1_V13B23-285_D1,3
CTCCGCCCACATGAGG-1_V13B23-285_D1,1
CTCCGGCCTAATATGC-1_V13B23-285_D1,1
CTCCGGCTTGTAGACA-1_V13B23-285_D1,1
CTCCTAAGTTATGTCT-1_V13B23-285_D1,1
CTCCTCCAGCTCACAC-1_V13B23-285_D1,2
CTCCTGTTCAAGGCAG-1_V13B23-285_D1,4
CTCCTTTACGCAAGTC-1_V13B23-285_D1,2
CTCGAGGTCGAACAGT-1_V13B23-285_D1,2
CTCGATATTTGCGAGC-1_V13B23-285_D1,3
CTCGCACCTATATAGT-1_V13B23-285_D1,3
CTCGCATTGCATAGCC-1_V13B23-285_D1,2
CTCGCCGAATGTAGGG-1_V13B23-285_D1,1
CTCGGGATAACACCTA-1_V13B23-285_D1,3
CTCGGTACCACTGCTC-1_V13B23-285_D1,4
CTCGGTCCGTAGCCTG-1_V13B23-285_D1,3
CTCGGTTGTCGGCCCT-1_V13B23-285_D1,1
CTCGTCGAGGGCTCAT-1_V13B23-285_D1,3
CTCGTTTCTAATGTTT-1_V13B23-285_D1,10
CTCTAATGCATTGATC-1_V13B23-285_D1,6
CTCTACACTGGCGATT-1_V13B23-285_D1,11
CTCTAGCCCTCGGAAA-1_V13B23-285_D1,4
CTCTATTTGGCTGCAG-1_V13B23-285_D1,4
CTCTCACAATCGATGA-1_V13B23-285_D1,3
CTCTCTAACTGCCTAG-1_V13B23-285_D1,1
CTCTGCGAAGCAAGCA-1_V13B23-285_D1,9
CTCTGGACGCCTGGTG-1_V13B23-285_D1,2
CTCTGTTTGAGGATTC-1_V13B23-285_D1,7
CTCTTCTATTGACTGG-1_V13B23-285_D1,14
CTCTTGTCCCGCTTGG-1_V13B23-285_D1,2
CTGAAAGAGATCCGAC-1_V13B23-285_D1,9
CTGAATCCGAGACCTC-1_V13B23-285_D1,1
CTGAATTTATTGCCAG-1_V13B23-285_D1,11
CTGACATAGAAATAGA-1_V13B23-285_D1,4
CTGACTGCGCAGCTCG-1_V13B23-285_D1,6
CTGAGAAAGTTCGGCG-1_V13B23-285_D1,4
CTGAGAGTAGAAATAC-1_V13B23-285_D1,1
CTGAGCAAGTAACAAG-1_V13B23-285_D1,1
CTGAGCGAGACTTATT-1_V13B23-285_D1,11
CTGATAGTGTATCTCA-1_V13B23-285_D1,10
CTGCAAGCACGTTCCG-1_V13B23-285_D1,12
CTGCACAACTACATAT-1_V13B23-285_D1,1
CTGCACCTAGTCCACA-1_V13B23-285_D1,2
CTGCACCTGGAACCGC-1_V13B23-285_D1,1
CTGCACTCCAGTACAG-1_V13B23-285_D1,1
CTGCAGAGAATCAGAG-1_V13B23-285_D1,4
CTGCCAAGGTTGGAAG-1_V13B23-285_D1,1
CTGCCATGCATCACAT-1_V13B23-285_D1,1
CTGCCTAGCCACCAAG-1_V13B23-285_D1,17
CTGCCTCATATGCAAC-1_V13B23-285_D1,10
CTGCCTTTCTAGTAAA-1_V13B23-285_D1,1
CTGCGGGTGAAATGTT-1_V13B23-285_D1,1
CTGCGGTAGTCACGTG-1_V13B23-285_D1,6
CTGCGTTACGATATAA-1_V13B23-285_D1,4
CTGCTGAGGCCACGAA-1_V13B23-285_D1,1
CTGCTGTCTAACGAGC-1_V13B23-285_D1,1
CTGCTTGGCGATAGCT-1_V13B23-285_D1,1
CTGCTTTATGTCCGCG-1_V13B23-285_D1,2
CTGGAAATGGATGCTT-1_V13B23-285_D1,1
CTGGAAGACACGGTGG-1_V13B23-285_D1,1
CTGGACGCAGTCCGGC-1_V13B23-285_D1,2
CTGGATTTACACTTGA-1_V13B23-285_D1,3
CTGGCATCCGAATGAG-1_V13B23-285_D1,1
CTGGCGACATAAGTCC-1_V13B23-285_D1,5
CTGGCGCACAGGTCTG-1_V13B23-285_D1,1
CTGGCGGGAATAAGTA-1_V13B23-285_D1,1
CTGGCTGATTCATCCT-1_V13B23-285_D1,1
CTGGCTGGTTGTCAGT-1_V13B23-285_D1,2
CTGGGATAAATAATGG-1_V13B23-285_D1,4
CTGGGATACGCTACCC-1_V13B23-285_D1,11
CTGGGCCTGCTATATC-1_V13B23-285_D1,1
CTGGGTAGGCAGTTAA-1_V13B23-285_D1,4
CTGGTAAAGTGTGGGC-1_V13B23-285_D1,1
CTGGTAACACATAGAA-1_V13B23-285_D1,4
CTGGTAACGAGCTCTT-1_V13B23-285_D1,1
CTGGTCATTCCAATCC-1_V13B23-285_D1,1
CTGGTTCGCGAGCTAC-1_V13B23-285_D1,1
CTGGTTTCGAGCAAGA-1_V13B23-285_D1,4
CTGTACTTCTTAGCAT-1_V13B23-285_D1,1
CTGTAGCCATCTCACT-1_V13B23-285_D1,10
CTGTATGGTGTAGAAA-1_V13B23-285_D1,1
CTGTCAAATGGCTCGG-1_V13B23-285_D1,3
CTGTCACGCCAGGCGC-1_V13B23-285_D1,5
CTGTGCAGGGTAGGTC-1_V13B23-285_D1,3
CTGTGGTCGGGAGATA-1_V13B23-285_D1,1
CTGTTACCCAATCTAG-1_V13B23-285_D1,4
CTGTTCACTGCCTGTG-1_V13B23-285_D1,3
CTGTTCATCTCACGGG-1_V13B23-285_D1,1
CTTAACTTCGAAGTAC-1_V13B23-285_D1,5
CTTACACGGTATTCCA-1_V13B23-285_D1,2
CTTACACTGGGAAATA-1_V13B23-285_D1,3
CTTACTGACTCCTCTG-1_V13B23-285_D1,1
CTTAGCCTTCCACATG-1_V13B23-285_D1,1
CTTAGGTCCCAATCGT-1_V13B23-285_D1,12
CTTAGTAGGCCTACAG-1_V13B23-285_D1,10
CTTAGTGTAGTAGCAT-1_V13B23-285_D1,1
CTTATAGATGGCTGTT-1_V13B23-285_D1,2
CTTATGTTGACTACCA-1_V13B23-285_D1,1
CTTCAACTCCACTTGG-1_V13B23-285_D1,12
CTTCAGTGGTCGCCTA-1_V13B23-285_D1,2
CTTCATAGCTCAAGAA-1_V13B23-285_D1,1
CTTCATTGTCAGTGGA-1_V13B23-285_D1,1
CTTCCGCTCCGTGAAG-1_V13B23-285_D1,2
CTTCGGCCAATTGTTT-1_V13B23-285_D1,4
CTTCGTAGATAGGTGA-1_V13B23-285_D1,2
CTTCTATGTTGAAGTA-1_V13B23-285_D1,1
CTTCTATTAATGCTAG-1_V13B23-285_D1,1
CTTCTTACGTCGTATA-1_V13B23-285_D1,5
CTTGACCCGAAAGATA-1_V13B23-285_D1,18
CTTGAGGTTATCCCGA-1_V13B23-285_D1,1
CTTGAGTTAGGGTAAT-1_V13B23-285_D1,1
CTTGCAACCGCCTCCT-1_V13B23-285_D1,2
CTTGCCCAGGCTCTAC-1_V13B23-285_D1,1
CTTGGCCAAGCTGGGA-1_V13B23-285_D1,3
CTTGTACTTGTTGACT-1_V13B23-285_D1,1
CTTGTCAACATTCGAG-1_V13B23-285_D1,3
CTTGTGAGTCTTTGAC-1_V13B23-285_D1,9
CTTGTGCTCACCGATT-1_V13B23-285_D1,1
CTTGTTGCTGAGTCAA-1_V13B23-285_D1,3
CTTGTTTATGTAGCCA-1_V13B23-285_D1,3
CTTTAACTTTCAAAGG-1_V13B23-285_D1,12
CTTTAATATTGGTCGA-1_V13B23-285_D1,1
CTTTACCGAATAGTAG-1_V13B23-285_D1,1
CTTTAGGAACACTGTT-1_V13B23-285_D1,1
CTTTAGTGCTATTATT-1_V13B23-285_D1,3
CTTTCTGTGCGGGCTT-1_V13B23-285_D1,1
CTTTGCATCGCTCTTG-1_V13B23-285_D1,4
CTTTGCTGTCATGGAT-1_V13B23-285_D1,1
CTTTGGCGCTTTATAC-1_V13B23-285_D1,1
CTTTGGCTTTAGTAAA-1_V13B23-285_D1,2
CTTTGGGATTGTTGCA-1_V13B23-285_D1,2
GAAACAGATGACCACC-1_V13B23-285_D1,4
GAAACAGCCATGCAGT-1_V13B23-285_D1,13
GAAACATAGGAAACAG-1_V13B23-285_D1,3
GAAACCATGGTGCGCT-1_V13B23-285_D1,2
GAAACCGAATTACCTT-1_V13B23-285_D1,1
GAAACCTATACAAATG-1_V13B23-285_D1,3
GAAACTCGTGCGATGC-1_V13B23-285_D1,1
GAAACTCTAATGAAGG-1_V13B23-285_D1,13
GAAAGAACAGCGTTAT-1_V13B23-285_D1,2
GAAAGCAGTGCACTTT-1_V13B23-285_D1,1
GAAAGCCCTTTGGACC-1_V13B23-285_D1,1
GAAAGTGACTAACTGC-1_V13B23-285_D1,3
GAAATACCTGCTGGCT-1_V13B23-285_D1,17
GAAATACTAAACGTTT-1_V13B23-285_D1,1
GAAATATCACCATCAG-1_V13B23-285_D1,2
GAAATATGCTTGAATG-1_V13B23-285_D1,1
GAAATCGCGCGCAACT-1_V13B23-285_D1,9
GAAATGGCGGTGTTAG-1_V13B23-285_D1,1
GAAATGGGATGTAAAC-1_V13B23-285_D1,2
GAAATTAGCACGGATA-1_V13B23-285_D1,2
GAAATTCACATCGCTG-1_V13B23-285_D1,3
GAAATTGTCTCTATAA-1_V13B23-285_D1,1
GAACACACATCAACCA-1_V13B23-285_D1,3
GAACAGATTACTAAAT-1_V13B23-285_D1,1
GAACCCTCTGTGTTCT-1_V13B23-285_D1,1
GAACCTTTAACGATCC-1_V13B23-285_D1,4
GAACGACCGAATGATA-1_V13B23-285_D1,9
GAACGATAAGTTAAAG-1_V13B23-285_D1,2
GAACGCGGGTCACACG-1_V13B23-285_D1,3
GAACGTCTCATGGTCG-1_V13B23-285_D1,2
GAACTTGTGCACGGGA-1_V13B23-285_D1,15
GAAGAAACGATATTGT-1_V13B23-285_D1,3
GAAGAACGGTGCAGGT-1_V13B23-285_D1,1
GAAGCCTGCACATTCC-1_V13B23-285_D1,14
GAAGCGTGAGGAATTT-1_V13B23-285_D1,1
GAAGCTCGGACCCGTC-1_V13B23-285_D1,9
GAAGCTTGCTGACCGC-1_V13B23-285_D1,1
GAAGGCTACCATTGTT-1_V13B23-285_D1,1
GAAGTCAGTTGCACTA-1_V13B23-285_D1,2
GAAGTCTCCCTAGCGA-1_V13B23-285_D1,2
GAAGTGATTTATCGTG-1_V13B23-285_D1,1
GAAGTGCTGGATAGCT-1_V13B23-285_D1,9
GAAGTTTCCACTCAAT-1_V13B23-285_D1,1
GAATAGACGCGACCCA-1_V13B23-285_D1,4
GAATAGCATTTAGGGT-1_V13B23-285_D1,4
GAATAGCCCTGCGGTC-1_V13B23-285_D1,6
GAATAGTGCTCGATTA-1_V13B23-285_D1,1
GAATATTCGGAGTCCC-1_V13B23-285_D1,13
GAATCGACATGGTCAC-1_V13B23-285_D1,1
GAATCGCCGGACACGG-1_V13B23-285_D1,5
GAATCTGAACATTCTC-1_V13B23-285_D1,3
GAATGAAGGTCTTCAG-1_V13B23-285_D1,8
GAATGCCGAAATGACC-1_V13B23-285_D1,1
GAATGCGAATCGGTTC-1_V13B23-285_D1,1
GAATGTATGGCAGGTC-1_V13B23-285_D1,12
GAATGTGGTCCGGATT-1_V13B23-285_D1,1
GAATGTTGGGTAATCT-1_V13B23-285_D1,3
GAATTATAGTGAAAGG-1_V13B23-285_D1,1
GAATTCACCCGGGTGT-1_V13B23-285_D1,1
GAATTTCTCGCTGCAG-1_V13B23-285_D1,1
GACAAACATATGCAGG-1_V13B23-285_D1,4
GACAACGACCATTGAA-1_V13B23-285_D1,6
GACAACGCAGCTTACG-1_V13B23-285_D1,3
GACAAGAGATGAGATT-1_V13B23-285_D1,4
GACACAAGGGAAGAAA-1_V13B23-285_D1,3
GACACGAGTTAGAGGA-1_V13B23-285_D1,3
GACACTGAGTTCAGTG-1_V13B23-285_D1,10
GACACTGGAACCCGAT-1_V13B23-285_D1,4
GACAGCCAGACCTGAC-1_V13B23-285_D1,4
GACAGGCACACACTAT-1_V13B23-285_D1,1
GACATCGATTTATAAC-1_V13B23-285_D1,1
GACCAAACGTTGACTG-1_V13B23-285_D1,4
GACCAGAGCCCTGTAG-1_V13B23-285_D1,1
GACCCAATTATGATAC-1_V13B23-285_D1,2
GACCCGTCGCCGGCTA-1_V13B23-285_D1,18
GACCGACGTGAAAGCA-1_V13B23-285_D1,6
GACCGACTGAAGCGTC-1_V13B23-285_D1,3
GACCGCGTCTGACGTG-1_V13B23-285_D1,1
GACCGTCAGGTCGTGA-1_V13B23-285_D1,13
GACCGTGCTGACGGTG-1_V13B23-285_D1,1
GACGACGATCCGCGTT-1_V13B23-285_D1,1
GACGAGGCTAATAAAC-1_V13B23-285_D1,4
GACGCCGTAAAGGCTA-1_V13B23-285_D1,6
GACGCCTGTTGCAGGG-1_V13B23-285_D1,1
GACGCTTGCTTCTAAA-1_V13B23-285_D1,10
GACGGGTTGGCCCGTA-1_V13B23-285_D1,12
GACGGTCAATAGAAGC-1_V13B23-285_D1,3
GACGGTCCTAGGGTGT-1_V13B23-285_D1,1
GACGTGTAGGGATTAT-1_V13B23-285_D1,1
GACGTTCGTAAATACA-1_V13B23-285_D1,8
GACTAACACAGCACCT-1_V13B23-285_D1,5
GACTAAGATCATGCAC-1_V13B23-285_D1,6
GACTAAGTAGGCTCAC-1_V13B23-285_D1,1
GACTACAAAGCGGTGG-1_V13B23-285_D1,1
GACTACAATTGCTCGT-1_V13B23-285_D1,17
GACTCACCCACGTGAG-1_V13B23-285_D1,1
GACTCCCAGAATAAGG-1_V13B23-285_D1,2
GACTCGCGGGAATGAC-1_V13B23-285_D1,3
GACTGCAAATCGAGCT-1_V13B23-285_D1,4
GACTGCACCAGCCCAG-1_V13B23-285_D1,1
GACTGCGGCACGTGTA-1_V13B23-285_D1,1
GAGAAACTGGATCCCA-1_V13B23-285_D1,3
GAGAACGGTTCTGACT-1_V13B23-285_D1,1
GAGACTGATGGGTAGA-1_V13B23-285_D1,2
GAGACTTCGCGACCGA-1_V13B23-285_D1,1
GAGAGGCCTATGTGTA-1_V13B23-285_D1,1
GAGAGGGCGCGAGGTT-1_V13B23-285_D1,1
GAGAGGTGCATTCTGG-1_V13B23-285_D1,2
GAGATCTGCTTGGCAT-1_V13B23-285_D1,2
GAGATCTGTCACTCCG-1_V13B23-285_D1,3
GAGATCTTCCATGACA-1_V13B23-285_D1,1
GAGATGACAATCCTTA-1_V13B23-285_D1,6
GAGATGGGAGTCGACA-1_V13B23-285_D1,1
GAGCACCTGTGTCCAG-1_V13B23-285_D1,3
GAGCACGGCGCCTCTT-1_V13B23-285_D1,1
GAGCATCATCCCTGGG-1_V13B23-285_D1,9
GAGCCAGCTACCTGTG-1_V13B23-285_D1,1
GAGCCGAGCGTTTATT-1_V13B23-285_D1,3
GAGCGAGGGAGTACCG-1_V13B23-285_D1,5
GAGCGCAAATACTCCG-1_V13B23-285_D1,4
GAGCGCGCACGAGTAG-1_V13B23-285_D1,1
GAGCTAAGGGCATATC-1_V13B23-285_D1,2
GAGCTCTCGGACCTAA-1_V13B23-285_D1,1
GAGCTGTCGTCTCGGA-1_V13B23-285_D1,3
GAGGAATGGAGAGGTT-1_V13B23-285_D1,1
GAGGATAAACAGTGCT-1_V13B23-285_D1,4
GAGGCATTTGCAGCAG-1_V13B23-285_D1,19
GAGGCCCGACTCCGCA-1_V13B23-285_D1,2
GAGGCCTGTTGATACA-1_V13B23-285_D1,1
GAGGCTATCAAAGTCG-1_V13B23-285_D1,6
GAGGGCATCGCGTATC-1_V13B23-285_D1,1
GAGGGCCATAATATTA-1_V13B23-285_D1,15
GAGGGCGCAGCTCTGC-1_V13B23-285_D1,1
GAGGTACATCCATCTT-1_V13B23-285_D1,3
GAGGTCCCAAAGATCT-1_V13B23-285_D1,1
GAGTAAACCGGAAAGT-1_V13B23-285_D1,3
GAGTAAATTAAGAACC-1_V13B23-285_D1,1
GAGTAAGGCCACGGGA-1_V13B23-285_D1,11
GAGTACGGGTATACAA-1_V13B23-285_D1,6
GAGTAGATACTAGTTG-1_V13B23-285_D1,1
GAGTATCAAAGTTACA-1_V13B23-285_D1,1
GAGTATGCCCGCCTTG-1_V13B23-285_D1,1
GAGTATGCGCGTGCAT-1_V13B23-285_D1,1
GAGTCAGACCAGAATC-1_V13B23-285_D1,1
GAGTCCGCTTACCGGA-1_V13B23-285_D1,1
GAGTGCACGGACAACA-1_V13B23-285_D1,3
GAGTGTCAACCAGAAA-1_V13B23-285_D1,1
GAGTGTGCGGTACCCA-1_V13B23-285_D1,4
GAGTTGATGGCAATTT-1_V13B23-285_D1,2
GATAAATCGGTGGATG-1_V13B23-285_D1,1
GATAACTCGCACTGTG-1_V13B23-285_D1,1
GATAAGGCAGATGCAA-1_V13B23-285_D1,6
GATACCGTGTCGGAGT-1_V13B23-285_D1,1
GATACGATGGGAGTCA-1_V13B23-285_D1,11
GATAGGATTAATTACA-1_V13B23-285_D1,1
GATAGGTAACGTTGAC-1_V13B23-285_D1,3
GATAGGTGTCCCGGGC-1_V13B23-285_D1,1
GATATCTCATGCAATA-1_V13B23-285_D1,5
GATATGAGACACTAAC-1_V13B23-285_D1,3
GATATGCGGTAGCCAA-1_V13B23-285_D1,11
GATATGGATTACGCGG-1_V13B23-285_D1,1
GATATTGAGATTGGCG-1_V13B23-285_D1,1
GATATTTCCTACATGG-1_V13B23-285_D1,9
GATCATTCCAAACATT-1_V13B23-285_D1,1
GATCCCTTTATACTGC-1_V13B23-285_D1,1
GATCCGAATATAAGTG-1_V13B23-285_D1,1
GATCCGGGAATTAACA-1_V13B23-285_D1,1
GATCCTAAATCGGGAC-1_V13B23-285_D1,2
GATCCTCGACACTGGC-1_V13B23-285_D1,1
GATCCTCTTGCGCTTA-1_V13B23-285_D1,18
GATCGACACTATCTGA-1_V13B23-285_D1,1
GATCGCGGGCTCTCCA-1_V13B23-285_D1,1
GATCGCTACCCGATTT-1_V13B23-285_D1,4
GATCGGTGGCCATAAC-1_V13B23-285_D1,6
GATCGTGACTGATATC-1_V13B23-285_D1,1
GATCTCGACGCTGTGG-1_V13B23-285_D1,2
GATCTGCTATCTAAGG-1_V13B23-285_D1,2
GATCTTGGAGGGCATA-1_V13B23-285_D1,1
GATCTTTGCAGGGTAT-1_V13B23-285_D1,2
GATGACAAGTAGGGCA-1_V13B23-285_D1,14
GATGACGATGATCGCG-1_V13B23-285_D1,1
GATGCCAGCAGAAGGC-1_V13B23-285_D1,2
GATGCCTTCTGCGGCA-1_V13B23-285_D1,11
GATGCGTCCTGCATTC-1_V13B23-285_D1,1
GATGCTACAAGCGCCT-1_V13B23-285_D1,1
GATGCTGTATTTCATC-1_V13B23-285_D1,3
GATGGCGCACACATTA-1_V13B23-285_D1,12
GATGGTGCCCTAGGCA-1_V13B23-285_D1,5
GATGTAACGAACCACC-1_V13B23-285_D1,2
GATGTCGGTCAACTGC-1_V13B23-285_D1,17
GATGTTCAATCCACGA-1_V13B23-285_D1,2
GATGTTTGTGCGAGAT-1_V13B23-285_D1,1
GATTAACCGAAAGCCC-1_V13B23-285_D1,1
GATTACTGAATTTGGG-1_V13B23-285_D1,2
GATTCCCTTGTCGCAG-1_V13B23-285_D1,1
GATTCCGCGTTTCCGT-1_V13B23-285_D1,5
GATTCCTATACGGCGC-1_V13B23-285_D1,1
GATTCGACGGTTCACG-1_V13B23-285_D1,1
GCAAACCCTACATTAT-1_V13B23-285_D1,1
GCAAACCTTGGCCATA-1_V13B23-285_D1,1
GCAAACGTCGCCAGGT-1_V13B23-285_D1,1
GCAAATATTACGCTTT-1_V13B23-285_D1,1
GCAACACACTAGAACT-1_V13B23-285_D1,2
GCAACAGCAGTATGCG-1_V13B23-285_D1,4
GCAACCACCAGACCGG-1_V13B23-285_D1,9
GCAACCACGGCCGCGT-1_V13B23-285_D1,2
GCAACGGCTAGTTATG-1_V13B23-285_D1,4
GCAAGAATTCCTTGGC-1_V13B23-285_D1,1
GCAAGATGTGTTCGCG-1_V13B23-285_D1,3
GCAAGTGCACAGAGAA-1_V13B23-285_D1,1
GCAATTAGTCGCACCG-1_V13B23-285_D1,3
GCACAAACGAGGCGTG-1_V13B23-285_D1,4
GCACAAGTGTCGGAAG-1_V13B23-285_D1,5
GCACACACTGGTAGCC-1_V13B23-285_D1,1
GCACCTTCCCGAAGGT-1_V13B23-285_D1,1
GCACGCCTACTTAGAT-1_V13B23-285_D1,1
GCACGTGGTTTACTTA-1_V13B23-285_D1,7
GCACTAGTCGCGCTAT-1_V13B23-285_D1,9
GCACTGTGCAAATGTA-1_V13B23-285_D1,5
GCAGAAGGTAATCTCC-1_V13B23-285_D1,3
GCAGACCCAGCACGTA-1_V13B23-285_D1,3
GCAGATCCATAAGACT-1_V13B23-285_D1,3
GCAGATTAGGGATATC-1_V13B23-285_D1,3
GCAGCACACAGCCCAG-1_V13B23-285_D1,1
GCAGCCTATATCACAT-1_V13B23-285_D1,2
GCAGCTATGGACAGGT-1_V13B23-285_D1,8
GCAGGAACTTAGATCT-1_V13B23-285_D1,11
GCAGGACTATAGAATA-1_V13B23-285_D1,3
GCAGGTAGAGTATGGT-1_V13B23-285_D1,6
GCAGTGCGGGCGGATG-1_V13B23-285_D1,4
GCAGTGTGGCTATAGG-1_V13B23-285_D1,1
GCAGTTCGATCCGAGC-1_V13B23-285_D1,1
GCATACGAGGTCTTTA-1_V13B23-285_D1,3
GCATAGAGCACTCAGG-1_V13B23-285_D1,1
GCATCCCTAACTTTGA-1_V13B23-285_D1,1
GCATCGGCCGTGTAGG-1_V13B23-285_D1,2
GCATGAGGGACGCGGC-1_V13B23-285_D1,8
GCATTCAAGGCAACGC-1_V13B23-285_D1,3
GCATTCGAAATGAACA-1_V13B23-285_D1,2
GCATTGTAATTCATAT-1_V13B23-285_D1,2
GCATTTCCAAGGCTCC-1_V13B23-285_D1,3
GCCAACCATTTCCGGA-1_V13B23-285_D1,8
GCCAATAGGGCATCTC-1_V13B23-285_D1,8
GCCACAATTTAAGGAC-1_V13B23-285_D1,1
GCCACTCAGAGCGCGA-1_V13B23-285_D1,4
GCCACTCCTTACGGTA-1_V13B23-285_D1,1
GCCAGGAGTAACCGAT-1_V13B23-285_D1,3
GCCAGGCGTTCGCATG-1_V13B23-285_D1,17
GCCATATTGCACACAG-1_V13B23-285_D1,2
GCCATCGAGCTGCGTG-1_V13B23-285_D1,1
GCCATCGATGCTGCAT-1_V13B23-285_D1,2
GCCCACCAAGGCTGTC-1_V13B23-285_D1,1
GCCCAGATGCTGGAGA-1_V13B23-285_D1,10
GCCCAGTTGGTATGCC-1_V13B23-285_D1,1
GCCCGACTTCTTCCCG-1_V13B23-285_D1,6
GCCCGATCTGTGGTCG-1_V13B23-285_D1,1
GCCCGCGCGTAAACGG-1_V13B23-285_D1,3
GCCCGCGCGTTTGACA-1_V13B23-285_D1,3
GCCCGTAATACCTTCT-1_V13B23-285_D1,7
GCCCTAGCCGTCGCGA-1_V13B23-285_D1,1
GCCGAAATTCCTACGT-1_V13B23-285_D1,2
GCCGATTGGCCAAGCT-1_V13B23-285_D1,1
GCCGCACTCCGTTTCA-1_V13B23-285_D1,4
GCCGCATTAGTCCGGC-1_V13B23-285_D1,2
GCCGCTTGTGAGAAAC-1_V13B23-285_D1,2
GCCGGGTTAGGGTCGC-1_V13B23-285_D1,7
GCCGTGGAAGAAATGT-1_V13B23-285_D1,1
GCCTAGCGATCTGACC-1_V13B23-285_D1,1
GCCTATAGTGTCAGGG-1_V13B23-285_D1,3
GCCTATCAGGTAAGAT-1_V13B23-285_D1,4
GCCTATGCTGGGCCTT-1_V13B23-285_D1,8
GCCTATTCCGATATAG-1_V13B23-285_D1,3
GCCTCATCTGGAAATA-1_V13B23-285_D1,1
GCCTCCGACAATTCAC-1_V13B23-285_D1,1
GCCTCTATACATAGCA-1_V13B23-285_D1,1
GCCTTCAGCCCTACCG-1_V13B23-285_D1,3
GCCTTGTATATGCAGT-1_V13B23-285_D1,1
GCGAAACGATCGGGAG-1_V13B23-285_D1,1
GCGAAACTTAACTGGA-1_V13B23-285_D1,4
GCGAAGCCATACCCGT-1_V13B23-285_D1,1
GCGACATGTAAACATC-1_V13B23-285_D1,8
GCGACCCAACCATCTG-1_V13B23-285_D1,1
GCGACGATAGTTGTAC-1_V13B23-285_D1,1
GCGAGAGGCCATGTAA-1_V13B23-285_D1,3
GCGAGAGTTGCGTCCA-1_V13B23-285_D1,10
GCGAGCGCATGCTCCC-1_V13B23-285_D1,1
GCGAGGCCCGAGCAGA-1_V13B23-285_D1,1
GCGAGTTCTGCAAAGA-1_V13B23-285_D1,4
GCGATTCTGGAAGCAG-1_V13B23-285_D1,13
GCGATTGTTAACGTTA-1_V13B23-285_D1,3
GCGCAAATATATTCAA-1_V13B23-285_D1,1
GCGCAAGAGCGCGCTG-1_V13B23-285_D1,7
GCGCATCCAGTCAGCA-1_V13B23-285_D1,2
GCGCCGTTCCACGATA-1_V13B23-285_D1,3
GCGCCTCCCACTCCGA-1_V13B23-285_D1,1
GCGCGTCATTGGTACA-1_V13B23-285_D1,1
GCGCTAATTGAATAGA-1_V13B23-285_D1,14
GCGCTATGCCGAGGCA-1_V13B23-285_D1,1
GCGCTCGATCACCTGT-1_V13B23-285_D1,1
GCGCTGATCCAGACTC-1_V13B23-285_D1,9
GCGCTGCTTTGCATTT-1_V13B23-285_D1,2
GCGCTTAAATAATTGG-1_V13B23-285_D1,4
GCGGACCGCGTTGTGG-1_V13B23-285_D1,2
GCGGAGAAACTTCGCA-1_V13B23-285_D1,6
GCGGAGAGGGAGAACG-1_V13B23-285_D1,6
GCGGCAAAGTATTGCC-1_V13B23-285_D1,1
GCGGCTCTGACGTACC-1_V13B23-285_D1,10
GCGGGAACCAGGCCCT-1_V13B23-285_D1,3
GCGGGCATTACGATGC-1_V13B23-285_D1,2
GCGGGCGAGCCTTACC-1_V13B23-285_D1,3
GCGGTCCCGGTGAAGG-1_V13B23-285_D1,19
GCGGTCCCTAGACGCA-1_V13B23-285_D1,9
GCGGTGAACTGCGCTC-1_V13B23-285_D1,9
GCGGTTCCCTATCATG-1_V13B23-285_D1,1
GCGTAAATGGCCATAA-1_V13B23-285_D1,14
GCGTCGAAATGTCGGT-1_V13B23-285_D1,9
GCGTCGCCAGGGTGAT-1_V13B23-285_D1,1
GCGTCTAACCTCCTAA-1_V13B23-285_D1,11
GCGTCTCTGCATTGGG-1_V13B23-285_D1,6
GCGTGGTACTGGGTTA-1_V13B23-285_D1,2
GCGTTCGGAGACCGGG-1_V13B23-285_D1,2
GCGTTCTGACTAAGCG-1_V13B23-285_D1,15
GCTAAACCTGAGGTGA-1_V13B23-285_D1,3
GCTAACTGAAGTCTGA-1_V13B23-285_D1,1
GCTAAGTAGTTTCTCT-1_V13B23-285_D1,1
GCTAATACCGAATGCC-1_V13B23-285_D1,3
GCTACAATCGAGGATA-1_V13B23-285_D1,4
GCTACAGTACGGACCG-1_V13B23-285_D1,2
GCTACGACTTATTGGG-1_V13B23-285_D1,1
GCTACTATAGTAGAGT-1_V13B23-285_D1,4
GCTAGACCGTCTACTG-1_V13B23-285_D1,4
GCTAGAGTAGAGATGT-1_V13B23-285_D1,1
GCTAGCACCTGGGCCA-1_V13B23-285_D1,1
GCTAGCAGGGAGTGGG-1_V13B23-285_D1,1
GCTAGCTTGAATAGCT-1_V13B23-285_D1,1
GCTAGGCACCACGGAG-1_V13B23-285_D1,12
GCTAGTAGAGCTTGTA-1_V13B23-285_D1,1
GCTAGTTTCATTGAGG-1_V13B23-285_D1,1
GCTATACGTCTCGGAC-1_V13B23-285_D1,1
GCTATCATACTCATGG-1_V13B23-285_D1,1
GCTATCGCGGCGCAAC-1_V13B23-285_D1,1
GCTCAATCCGTTTATT-1_V13B23-285_D1,1
GCTCAATGTAATACCG-1_V13B23-285_D1,1
GCTCATTACTGCATGT-1_V13B23-285_D1,9
GCTCCATGAGTGCAGA-1_V13B23-285_D1,1
GCTCCCAGTCGGTCCA-1_V13B23-285_D1,1
GCTCCGCTCGCTTCAG-1_V13B23-285_D1,4
GCTCCTGACATACTGG-1_V13B23-285_D1,1
GCTCGCTCATGTCCAA-1_V13B23-285_D1,4
GCTCGGAATTTAAAGC-1_V13B23-285_D1,3
GCTCTAAACCCTGACG-1_V13B23-285_D1,1
GCTCTATGTTACGTGC-1_V13B23-285_D1,7
GCTCTCGGGTACCGAA-1_V13B23-285_D1,1
GCTGAACTCTCCAGGG-1_V13B23-285_D1,4
GCTGAATCTTCCAATC-1_V13B23-285_D1,1
GCTGAGGCGTGAGTAT-1_V13B23-285_D1,3
GCTGCACGGTTTCTTA-1_V13B23-285_D1,1
GCTGCTAAGTAGTCGA-1_V13B23-285_D1,2
GCTGCTACTGCGTAGC-1_V13B23-285_D1,3
GCTGCTCTCCGGACAC-1_V13B23-285_D1,3
GCTGGACCCAAAGTGG-1_V13B23-285_D1,6
GCTGGCATATTCACCT-1_V13B23-285_D1,1
GCTGGCGGCGCATGCT-1_V13B23-285_D1,4
GCTGGTTTAGGCCATA-1_V13B23-285_D1,2
GCTGTATTACTGGCCC-1_V13B23-285_D1,1
GCTGTTGCTACCGAAC-1_V13B23-285_D1,3
GCTTAATGTAACTAAC-1_V13B23-285_D1,4
GCTTACGTAGTTAGTA-1_V13B23-285_D1,2
GCTTATGAAGCAGGAA-1_V13B23-285_D1,2
GCTTCCGTCCCTAGAC-1_V13B23-285_D1,2
GCTTGATGATAATCAG-1_V13B23-285_D1,1
GCTTGCAGCACAATTG-1_V13B23-285_D1,8
GCTTGGATCGATTAGG-1_V13B23-285_D1,2
GCTTTCAGAGGAGGTG-1_V13B23-285_D1,10
GGAAACCTTGTTGAAT-1_V13B23-285_D1,1
GGAAACTAAATGGGCC-1_V13B23-285_D1,1
GGAAAGTGCCCATGCC-1_V13B23-285_D1,14
GGAACCGTGTAAATTG-1_V13B23-285_D1,1
GGAACCTTGACTCTGC-1_V13B23-285_D1,1
GGAACGGCCTGCAGCC-1_V13B23-285_D1,2
GGAACTTTGGCGATTA-1_V13B23-285_D1,4
GGAAGCTCGCTTACAG-1_V13B23-285_D1,5
GGAATGCGCTAGCGTG-1_V13B23-285_D1,1
GGACACAAGTTTACAC-1_V13B23-285_D1,4
GGACCAACAGGATAAC-1_V13B23-285_D1,1
GGACCTACGGTAACGT-1_V13B23-285_D1,3
GGACCTCTAGGCCGCC-1_V13B23-285_D1,2
GGACGGGCGACCAACC-1_V13B23-285_D1,4
GGACGTCCATAGTTGG-1_V13B23-285_D1,8
GGACTCACAAATTAGG-1_V13B23-285_D1,6
GGACTCGAAGCTTTCA-1_V13B23-285_D1,1
GGACTCTTCCGGTTGA-1_V13B23-285_D1,1
GGAGAAGTCATTGGCA-1_V13B23-285_D1,1
GGAGACCAATGTGCTT-1_V13B23-285_D1,8
GGAGACGACACCTTTG-1_V13B23-285_D1,1
GGAGCAACATTTCAAG-1_V13B23-285_D1,1
GGAGCACCAAGAACTA-1_V13B23-285_D1,3
GGAGGCCGAAGTCGTC-1_V13B23-285_D1,4
GGAGGGCTTGGTTGGC-1_V13B23-285_D1,3
GGAGGGTCAAGTAAGA-1_V13B23-285_D1,12
GGAGTGCCGCCCTGGA-1_V13B23-285_D1,3
GGATCATCCCGTACGC-1_V13B23-285_D1,3
GGATCCGGAATATACT-1_V13B23-285_D1,8
GGATCTTGACTCAACC-1_V13B23-285_D1,2
GGATGAAGATCGCTGA-1_V13B23-285_D1,1
GGATGACGCGAGTTTA-1_V13B23-285_D1,1
GGATGCTGGCGTTCCT-1_V13B23-285_D1,1
GGATGTCCTTACCGCA-1_V13B23-285_D1,2
GGATTCAGTACGGTGG-1_V13B23-285_D1,1
GGATTCCGCTATACCC-1_V13B23-285_D1,13
GGATTGCTGTGACTCC-1_V13B23-285_D1,3
GGATTTCACTTCTATA-1_V13B23-285_D1,2
GGCAAAGGCGCCAATA-1_V13B23-285_D1,1
GGCAAATTACTTTACT-1_V13B23-285_D1,1
GGCAAGCCAGGGATAG-1_V13B23-285_D1,19
GGCAAGGCGAAATAGC-1_V13B23-285_D1,4
GGCAATAGTCAATGAG-1_V13B23-285_D1,1
GGCACTCAGCCGACCC-1_V13B23-285_D1,1
GGCACTCCACTGGGCA-1_V13B23-285_D1,1
GGCAGCAAACCTATGC-1_V13B23-285_D1,4
GGCAGCGGTAATCCTA-1_V13B23-285_D1,6
GGCATACAGGTAGCGG-1_V13B23-285_D1,2
GGCATATCGGTTCTGC-1_V13B23-285_D1,9
GGCCCGGAGCATGTCT-1_V13B23-285_D1,1
GGCCCGTATACCATGC-1_V13B23-285_D1,2
GGCCCTCACCCACTTA-1_V13B23-285_D1,2
GGCCGGCGTCTGCTAT-1_V13B23-285_D1,1
GGCCGTTTGGGTTTCA-1_V13B23-285_D1,2
GGCCTGCTTCTCCCGA-1_V13B23-285_D1,7
GGCGAAATCTAACTTG-1_V13B23-285_D1,4
GGCGCAGGACATCTTC-1_V13B23-285_D1,3
GGCGCATGAATTGATG-1_V13B23-285_D1,1
GGCGCGGAGATCTTTC-1_V13B23-285_D1,1
GGCGCGTTCGAGTTTA-1_V13B23-285_D1,1
GGCGCTCCTCATCAAT-1_V13B23-285_D1,1
GGCGGAGTAATATTAG-1_V13B23-285_D1,1
GGCGGGCTCTAAGAGT-1_V13B23-285_D1,1
GGCGGTAGGATCATTG-1_V13B23-285_D1,2
GGCGTAGGGAAAGCTG-1_V13B23-285_D1,1
GGCGTCCTATCCGCTG-1_V13B23-285_D1,1
GGCTAAAGGGCGGGTC-1_V13B23-285_D1,10
GGCTATTAAGTTGTAT-1_V13B23-285_D1,1
GGCTCCTCCACCTGTT-1_V13B23-285_D1,1
GGCTCGCGTTGAGGTA-1_V13B23-285_D1,2
GGCTCGTGCCACCAGC-1_V13B23-285_D1,3
GGCTCTGCTCCAACGC-1_V13B23-285_D1,2
GGCTGAAATAGCAAAG-1_V13B23-285_D1,1
GGCTGGCTAGCTTAAA-1_V13B23-285_D1,1
GGCTTTCAATAAGGGT-1_V13B23-285_D1,3
GGGAAGACGGTCTGTC-1_V13B23-285_D1,1
GGGAAGGGCTTTCTCA-1_V13B23-285_D1,1
GGGAATGAGCCCTCAC-1_V13B23-285_D1,9
GGGACAGAGTTACTCC-1_V13B23-285_D1,11
GGGACCCGTATATCTT-1_V13B23-285_D1,1
GGGACTGCATAGATAG-1_V13B23-285_D1,3
GGGAGAACTCACAGTA-1_V13B23-285_D1,1
GGGAGGATGCCCGAAA-1_V13B23-285_D1,1
GGGAGTTAATGAGGCG-1_V13B23-285_D1,1
GGGATCCCAATACAAA-1_V13B23-285_D1,19
GGGATGGTCGTAACCG-1_V13B23-285_D1,1
GGGATTTACCGCACCT-1_V13B23-285_D1,1
GGGCAACCGCACGTGC-1_V13B23-285_D1,2
GGGCAGAGCAATCGTT-1_V13B23-285_D1,1
GGGCCCGTCTTAAACA-1_V13B23-285_D1,1
GGGCCCTACGAAAGGG-1_V13B23-285_D1,2
GGGCCGGCCGAAGTAC-1_V13B23-285_D1,2
GGGCGATATGTGTGAA-1_V13B23-285_D1,6
GGGCGCAGCGTTACTC-1_V13B23-285_D1,2
GGGCGGCAAATGAATT-1_V13B23-285_D1,1
GGGCGGGTTCCCTACG-1_V13B23-285_D1,1
GGGCGGTCCTATTGTC-1_V13B23-285_D1,14
GGGCGTACATTTATAT-1_V13B23-285_D1,1
GGGCGTCACCACGTAA-1_V13B23-285_D1,1
GGGCGTCCACTGGCTC-1_V13B23-285_D1,13
GGGCGTGGTTTCCCAG-1_V13B23-285_D1,1
GGGCTATGATCGATGG-1_V13B23-285_D1,2
GGGCTCATCGAACCCA-1_V13B23-285_D1,6
GGGCTGGTTAGTCGCG-1_V13B23-285_D1,2
GGGTAATGCTGTGTTT-1_V13B23-285_D1,3
GGGTACCCACGGTCCT-1_V13B23-285_D1,1
GGGTACTTCATGAACT-1_V13B23-285_D1,14
GGGTATGTATGCACTT-1_V13B23-285_D1,1
GGGTATTCTAGCAAAC-1_V13B23-285_D1,2
GGGTCACCGTGACGGT-1_V13B23-285_D1,1
GGGTCGTGGCAAGTGT-1_V13B23-285_D1,8
GGGTCTATCGCTTTCC-1_V13B23-285_D1,1
GGGTGACACCTTAACT-1_V13B23-285_D1,1
GGGTGCATATGAAAGC-1_V13B23-285_D1,2
GGGTGTTTCAGCTATG-1_V13B23-285_D1,9
GGGTTAACATTTGAGT-1_V13B23-285_D1,1
GGGTTCAGACGAACAA-1_V13B23-285_D1,6
GGGTTTAGGATAGGAT-1_V13B23-285_D1,12
GGTAAACTCTGCGCTG-1_V13B23-285_D1,1
GGTAAATGTGCGTTAC-1_V13B23-285_D1,13
GGTAACCGGGAGGATA-1_V13B23-285_D1,2
GGTAACTATGTATCTG-1_V13B23-285_D1,14
GGTACAAACATGCTAT-1_V13B23-285_D1,1
GGTACACCAGATTTAT-1_V13B23-285_D1,3
GGTACATCTGGGACGA-1_V13B23-285_D1,3
GGTACCATTAAGACGG-1_V13B23-285_D1,2
GGTACGTTGCGGCCGG-1_V13B23-285_D1,4
GGTACTAAGTGCTTTG-1_V13B23-285_D1,3
GGTAGAAGACCGCCTG-1_V13B23-285_D1,1
GGTAGACCGTTGGGCG-1_V13B23-285_D1,6
GGTAGTGCTCGCACCA-1_V13B23-285_D1,8
GGTATAGTGACACATA-1_V13B23-285_D1,3
GGTATTGCCGAGTTTA-1_V13B23-285_D1,1
GGTCAAGACTACTTCG-1_V13B23-285_D1,3
GGTCAGTGGGTCCCAC-1_V13B23-285_D1,1
GGTCGGATAAACGGCG-1_V13B23-285_D1,3
GGTCGGCCAGGAGCTT-1_V13B23-285_D1,3
GGTCGGTAATTAGACA-1_V13B23-285_D1,1
GGTCGGTCGTCCACAG-1_V13B23-285_D1,1
GGTCGTAAGCTCGCAC-1_V13B23-285_D1,1
GGTCTCCAAGTAGTGC-1_V13B23-285_D1,1
GGTCTCCGTCCAGGTT-1_V13B23-285_D1,4
GGTCTCTGAATGGACT-1_V13B23-285_D1,10
GGTCTGAGAATCTGGA-1_V13B23-285_D1,3
GGTGAAGTACAGGGAT-1_V13B23-285_D1,1
GGTGACTGATAGAGAG-1_V13B23-285_D1,1
GGTGAGATGCAGATAA-1_V13B23-285_D1,3
GGTGATAAGGAGCAGT-1_V13B23-285_D1,1
GGTGCAGAGCCTATCG-1_V13B23-285_D1,3
GGTGCGGATAAGTGGC-1_V13B23-285_D1,1
GGTGCTGATCACAAAG-1_V13B23-285_D1,3
GGTGCTGGTACACATT-1_V13B23-285_D1,1
GGTGGACTGCTCTGGC-1_V13B23-285_D1,4
GGTGGAGGTTGATACG-1_V13B23-285_D1,3
GGTGTTGGGCGTCTTA-1_V13B23-285_D1,1
GGTTACCACCCTCGGG-1_V13B23-285_D1,1
GGTTACCCGACACTTT-1_V13B23-285_D1,2
GGTTAGCTATATGTCT-1_V13B23-285_D1,12
GGTTAGGCTTGGAGAA-1_V13B23-285_D1,1
GGTTAGTTACGGCGCC-1_V13B23-285_D1,12
GGTTCTACTCGTCTGA-1_V13B23-285_D1,1
GGTTTAATTGAGCAGG-1_V13B23-285_D1,6
GGTTTACAATCTCAAT-1_V13B23-285_D1,1
GGTTTAGCCTTTCTTG-1_V13B23-285_D1,1
GGTTTCAATCGGTCAG-1_V13B23-285_D1,8
GGTTTGACAAGAAGCT-1_V13B23-285_D1,3
GGTTTGAGTGCTGGAA-1_V13B23-285_D1,9
GGTTTGCGAACACGTA-1_V13B23-285_D1,19
GGTTTGTGACCTGAGG-1_V13B23-285_D1,1
GTAACATCTAAGATAA-1_V13B23-285_D1,1
GTAACTTGCGGCAGTC-1_V13B23-285_D1,8
GTAAGCGGGCAGTCAG-1_V13B23-285_D1,2
GTAAGGATTTGTCGGA-1_V13B23-285_D1,5
GTAAGTAACAGTCTGG-1_V13B23-285_D1,1
GTAAGTAGGGTATACC-1_V13B23-285_D1,1
GTAAGTCCACACTCTA-1_V13B23-285_D1,4
GTAATAAAGGGCTCCC-1_V13B23-285_D1,10
GTAATCTGATTCTTCG-1_V13B23-285_D1,1
GTACACTTACCTGAAG-1_V13B23-285_D1,7
GTACAGAGGCAAGGGT-1_V13B23-285_D1,1
GTACGACGGCGCTGCG-1_V13B23-285_D1,3
GTACGAGATTGCGACA-1_V13B23-285_D1,1
GTACGCTTCATTGCAC-1_V13B23-285_D1,1
GTACGTCACGTATTAA-1_V13B23-285_D1,8
GTACGTTTGCCCGTCA-1_V13B23-285_D1,1
GTACTAAGATTTGGAG-1_V13B23-285_D1,3
GTACTCCTGGGTATGC-1_V13B23-285_D1,2
GTACTGAGGTCGTAAC-1_V13B23-285_D1,18
GTACTGCATGAAGCGT-1_V13B23-285_D1,14
GTACTGGAGTTAGACC-1_V13B23-285_D1,2
GTACTTGGGCACTTCT-1_V13B23-285_D1,3
GTAGAAACGGGTGGAG-1_V13B23-285_D1,2
GTAGACACGCCTGACT-1_V13B23-285_D1,1
GTAGACGTCGTTACAT-1_V13B23-285_D1,1
GTAGAGGGAGACAAGT-1_V13B23-285_D1,2
GTAGCCAAACATGGGA-1_V13B23-285_D1,1
GTAGCGGCTATACACT-1_V13B23-285_D1,4
GTAGCTTCCTCTTGTT-1_V13B23-285_D1,2
GTAGGTGATCCGTGTA-1_V13B23-285_D1,7
GTAGTCGCGGGAATCA-1_V13B23-285_D1,4
GTAGTCTACGATATTG-1_V13B23-285_D1,1
GTATAGGACTCAGTAG-1_V13B23-285_D1,1
GTATATGTTACGGCGG-1_V13B23-285_D1,3
GTATCAAACGTTAGCT-1_V13B23-285_D1,1
GTATCAGCTTGGGTTC-1_V13B23-285_D1,3
GTATCCTTTGGTAACC-1_V13B23-285_D1,1
GTATCTCAGTCTTGAC-1_V13B23-285_D1,1
GTATCTTTCATAACCA-1_V13B23-285_D1,6
GTATGAAATTTCACTC-1_V13B23-285_D1,12
GTATGTGGGTCTAGTT-1_V13B23-285_D1,1
GTATTAAGGCGTCTAA-1_V13B23-285_D1,3
GTATTCTGAGAAACGA-1_V13B23-285_D1,1
GTATTCTTACCGTGCT-1_V13B23-285_D1,3
GTATTTAATGGCATAA-1_V13B23-285_D1,4
GTCAAAGAAGTGGTGT-1_V13B23-285_D1,2
GTCAAAGTTTACATAG-1_V13B23-285_D1,3
GTCAACCAGGCCTATA-1_V13B23-285_D1,4
GTCAAGCGGACTCGGG-1_V13B23-285_D1,4
GTCAATGCTATAATTT-1_V13B23-285_D1,3
GTCACAAAGTTTCCAA-1_V13B23-285_D1,18
GTCACTCTCCAAATCT-1_V13B23-285_D1,14
GTCAGAATAGTCTATG-1_V13B23-285_D1,1
GTCAGTTGTGCTCGTT-1_V13B23-285_D1,17
GTCATGCACCTCCGTT-1_V13B23-285_D1,3
GTCATGCGCGAGGGCT-1_V13B23-285_D1,4
GTCATGGACATGACTA-1_V13B23-285_D1,12
GTCATTAGAGCGAACG-1_V13B23-285_D1,7
GTCATTGCATTGACCC-1_V13B23-285_D1,2
GTCCACGTCGCATTCG-1_V13B23-285_D1,1
GTCCATTACTGCTACG-1_V13B23-285_D1,1
GTCCCAACGTAAAGTA-1_V13B23-285_D1,8
GTCCCGCGACGTTATG-1_V13B23-285_D1,3
GTCCGGACCTGAAATT-1_V13B23-285_D1,6
GTCCGGCTGAATTGCG-1_V13B23-285_D1,1
GTCCTACAGGCGGCTC-1_V13B23-285_D1,2
GTCCTACGAATAGTCT-1_V13B23-285_D1,4
GTCCTTCTAGTGGGTT-1_V13B23-285_D1,17
GTCGATAGGTGACTTT-1_V13B23-285_D1,4
GTCGCCGTTGTGTGTT-1_V13B23-285_D1,1
GTCGCGTAACCCGTTG-1_V13B23-285_D1,3
GTCGGAAGGATACCAG-1_V13B23-285_D1,8
GTCGGATATCTCAGAC-1_V13B23-285_D1,1
GTCGGATGTAGCGCGC-1_V13B23-285_D1,9
GTCGGGAAGCAGAAAC-1_V13B23-285_D1,3
GTCGTACCATCTCGGG-1_V13B23-285_D1,1
GTCGTATTGGCGTACA-1_V13B23-285_D1,3
GTCGTCAATTATAAGG-1_V13B23-285_D1,18
GTCGTCTGGTTGGCTA-1_V13B23-285_D1,3
GTCGTGTCTGGTCATC-1_V13B23-285_D1,2
GTCGTTATTCGCTTAT-1_V13B23-285_D1,1
GTCTAGTGAGCCGCTT-1_V13B23-285_D1,1
GTCTATCTGAGTTTCT-1_V13B23-285_D1,1
GTCTATTGCATGCTCG-1_V13B23-285_D1,1
GTCTATTGGTTCCGGT-1_V13B23-285_D1,1
GTCTCAAGGCCCGGCT-1_V13B23-285_D1,1
GTCTCGACTAAGTTTG-1_V13B23-285_D1,2
GTCTCGATCTGCTTTC-1_V13B23-285_D1,9
GTCTGGGCGGTCGAGA-1_V13B23-285_D1,1
GTCTTAGTACAGCCGG-1_V13B23-285_D1,7
GTCTTGAGGAGCAGTG-1_V13B23-285_D1,3
GTCTTGTAGCTATTCA-1_V13B23-285_D1,1
GTGAAACGGCGCCACC-1_V13B23-285_D1,2
GTGAACTCCCATTCGA-1_V13B23-285_D1,2
GTGAAGATTTCAAGTG-1_V13B23-285_D1,2
GTGAAGCCGTATAGTC-1_V13B23-285_D1,3
GTGACAGCTTCCCACT-1_V13B23-285_D1,4
GTGACCGCACACTACG-1_V13B23-285_D1,3
GTGACCTAAAGAATAA-1_V13B23-285_D1,1
GTGACGAGGGTGACCC-1_V13B23-285_D1,2
GTGACTTCAGTAGTGC-1_V13B23-285_D1,1
GTGAGCGTGCTGCACT-1_V13B23-285_D1,2
GTGAGGACACTTAAGG-1_V13B23-285_D1,1
GTGAGGAGCGGTTGAG-1_V13B23-285_D1,5
GTGAGTGGTACAACGC-1_V13B23-285_D1,2
GTGATCACTAACGCCT-1_V13B23-285_D1,1
GTGATCATAGATCTGC-1_V13B23-285_D1,1
GTGATCCTTGTCATGA-1_V13B23-285_D1,1
GTGATGCACAACATCT-1_V13B23-285_D1,6
GTGATTCGCCGCTCAA-1_V13B23-285_D1,2
GTGCAACAAATGTGGC-1_V13B23-285_D1,5
GTGCACGAAAGTGACT-1_V13B23-285_D1,9
GTGCAGCGTAGAGTAG-1_V13B23-285_D1,4
GTGCCATCACACGGTG-1_V13B23-285_D1,1
GTGCCCGTTCGGATTC-1_V13B23-285_D1,4
GTGCCGCTTCAAAGGT-1_V13B23-285_D1,11
GTGCCTCAGTGTACGG-1_V13B23-285_D1,6
GTGCGAAATCGAACAC-1_V13B23-285_D1,12
GTGCGACAGGGAGTGT-1_V13B23-285_D1,2
GTGCGGGTCTCCAAAT-1_V13B23-285_D1,4
GTGCGTGTATATGAGC-1_V13B23-285_D1,4
GTGCTCAAGTACTGTC-1_V13B23-285_D1,1
GTGCTTACATCAGCGC-1_V13B23-285_D1,4
GTGGAACCTACATGCG-1_V13B23-285_D1,9
GTGGACCAACCCGATT-1_V13B23-285_D1,1
GTGGACGCATTTGTCC-1_V13B23-285_D1,1
GTGGACGTGCTGAGAC-1_V13B23-285_D1,1
GTGGAGCATGTCGGCC-1_V13B23-285_D1,11
GTGGAGCGTTTACCGA-1_V13B23-285_D1,3
GTGGAGTCGGCGGTTG-1_V13B23-285_D1,3
GTGGCAAACAGCGGCA-1_V13B23-285_D1,3
GTGGCGGTCCCAGCGT-1_V13B23-285_D1,6
GTGGGCTTAGACACAC-1_V13B23-285_D1,2
GTGGTATAGTCTGCCG-1_V13B23-285_D1,2
GTGGTGATGGTTTGTG-1_V13B23-285_D1,4
GTGGTGGCCAAGTGAA-1_V13B23-285_D1,1
GTGGTTACTTCTTTCG-1_V13B23-285_D1,2
GTGGTTTCCGCCTTTC-1_V13B23-285_D1,10
GTGTACCTTGGCTACG-1_V13B23-285_D1,1
GTGTACGAACCGTTCC-1_V13B23-285_D1,7
GTGTATATCAGCGGGC-1_V13B23-285_D1,1
GTGTCGTATAGCGTTC-1_V13B23-285_D1,4
GTGTGAATAACTTAGG-1_V13B23-285_D1,3
GTGTTACTATGCGTCC-1_V13B23-285_D1,1
GTTAAAGTAGGACTGG-1_V13B23-285_D1,4
GTTAACATCACTTAAA-1_V13B23-285_D1,1
GTTAACTATGTTGTCA-1_V13B23-285_D1,1
GTTAAGGGTGCGATGT-1_V13B23-285_D1,1
GTTAAGTTAGAGTGGG-1_V13B23-285_D1,11
GTTACAATTGGTGACG-1_V13B23-285_D1,14
GTTACCTACAACTTGC-1_V13B23-285_D1,1
GTTACTTTGGGCCTAG-1_V13B23-285_D1,3
GTTAGCCGTAAATCAA-1_V13B23-285_D1,6
GTTAGGCTACCCGTTT-1_V13B23-285_D1,11
GTTATAATACGGTGAA-1_V13B23-285_D1,12
GTTATATCAGGAGCCA-1_V13B23-285_D1,2
GTTATATTATCTCCCT-1_V13B23-285_D1,4
GTTATTAACGTGGGAG-1_V13B23-285_D1,1
GTTCACAGGAGTCTAG-1_V13B23-285_D1,1
GTTCATCGTTTGGCTG-1_V13B23-285_D1,2
GTTCCAGTCTGACCAT-1_V13B23-285_D1,3
GTTCCCGTAAACATAT-1_V13B23-285_D1,1
GTTCGCCATAAGTGCC-1_V13B23-285_D1,10
GTTCGCTGAGACGTCT-1_V13B23-285_D1,4
GTTCGGAGCACTCAAC-1_V13B23-285_D1,4
GTTCGGATCGGGAACA-1_V13B23-285_D1,4
GTTCGGGCGTACCATT-1_V13B23-285_D1,8
GTTCGTCTAAAGAACT-1_V13B23-285_D1,1
GTTCGTCTGGGTCCCT-1_V13B23-285_D1,10
GTTCTTCCCTCGATGT-1_V13B23-285_D1,1
GTTGAACCGGTTCCAT-1_V13B23-285_D1,1
GTTGAGTCCCGCCGGT-1_V13B23-285_D1,1
GTTGCACGGAGTTTCG-1_V13B23-285_D1,1
GTTGCAGTCGACAACA-1_V13B23-285_D1,1
GTTGCGCTAACATTAC-1_V13B23-285_D1,4
GTTGCGGACGGTCAGG-1_V13B23-285_D1,4
GTTGGACCGCATCAGG-1_V13B23-285_D1,8
GTTGGATTCAGTGGCT-1_V13B23-285_D1,2
GTTGGATTGAGAACAC-1_V13B23-285_D1,3
GTTGGATTTGCGTTGG-1_V13B23-285_D1,1
GTTGGTCATGCTATCC-1_V13B23-285_D1,1
GTTGTCGTGTTAGTTG-1_V13B23-285_D1,3
GTTGTTGCAAGATGGC-1_V13B23-285_D1,1
GTTTACGTTCCATCTG-1_V13B23-285_D1,1
GTTTCAAACGAGTTGT-1_V13B23-285_D1,4
GTTTCATATCGTCGCT-1_V13B23-285_D1,6
GTTTCCTGGAGGGTGA-1_V13B23-285_D1,1
GTTTCTGCAGTCTCCC-1_V13B23-285_D1,1
GTTTGACCAAATCCTA-1_V13B23-285_D1,1
GTTTGGCCCAAGTTAT-1_V13B23-285_D1,1
GTTTGGCCGCTCAGCG-1_V13B23-285_D1,14
GTTTGGGCTTGTGAGC-1_V13B23-285_D1,3
GTTTGGGTTTCGCCCG-1_V13B23-285_D1,1
GTTTGGTAGGGTCAAC-1_V13B23-285_D1,1
TAAACCCAGGAGGGCA-1_V13B23-285_D1,1
TAAAGACAACCCTTTA-1_V13B23-285_D1,1
TAAAGCGTTAGGAGAA-1_V13B23-285_D1,6
TAAAGCTGCAATAGGG-1_V13B23-285_D1,1
TAAATCTTTACACCTC-1_V13B23-285_D1,2
TAAATGAATCCGTTTC-1_V13B23-285_D1,1
TAAATGCCGTCTCATG-1_V13B23-285_D1,3
TAAATGGGCTACTGAG-1_V13B23-285_D1,4
TAACAAAGGGAGAAGC-1_V13B23-285_D1,14
TAACAATATTTGTTGC-1_V13B23-285_D1,11
TAACATACAATGTGGG-1_V13B23-285_D1,6
TAACATACACGCGATC-1_V13B23-285_D1,1
TAACCTACCGTCCGAG-1_V13B23-285_D1,2
TAACCTAGGGAGTCCA-1_V13B23-285_D1,1
TAACGCTTTGAGAGCG-1_V13B23-285_D1,3
TAACTATCGAAGGTCC-1_V13B23-285_D1,1
TAACTATTACGCCAAA-1_V13B23-285_D1,3
TAACTCATCCGCGCGG-1_V13B23-285_D1,1
TAACTCCATGGAGGCT-1_V13B23-285_D1,1
TAAGCAGGCGACACGC-1_V13B23-285_D1,6
TAAGCCCTTACGACCA-1_V13B23-285_D1,3
TAAGGAACTTGTGGGA-1_V13B23-285_D1,1
TAAGGCAACATAAGAT-1_V13B23-285_D1,3
TAAGGCATAACATCAA-1_V13B23-285_D1,1
TAAGGCCCGTCACCCT-1_V13B23-285_D1,1
TAAGGCTGAATCCCTC-1_V13B23-285_D1,3
TAAGGGCCTGTCCGAT-1_V13B23-285_D1,1
TAAGGGCTGGGAGAGG-1_V13B23-285_D1,10
TAAGTAACATCTTGAC-1_V13B23-285_D1,1
TAAGTCGCCGAGTATC-1_V13B23-285_D1,2
TAAGTTGCGACGTAGG-1_V13B23-285_D1,1
TAATAAACAAGGAGAT-1_V13B23-285_D1,5
TAATACACAGTAGTAT-1_V13B23-285_D1,4
TAATAGAACAGAGTTA-1_V13B23-285_D1,2
TAATAGCTAAATGATG-1_V13B23-285_D1,2
TAATAGTGACGACCAG-1_V13B23-285_D1,2
TAATATTGAAATTCGC-1_V13B23-285_D1,1
TAATCAACCAAATGGG-1_V13B23-285_D1,4
TAATCGATCCGTACGT-1_V13B23-285_D1,2
TAATGAAAGACCCTTG-1_V13B23-285_D1,1
TAATTACGTCAGTAGA-1_V13B23-285_D1,4
TAATTAGATGGATATG-1_V13B23-285_D1,3
TAATTAGGACATCCGT-1_V13B23-285_D1,4
TAATTCCAATGCTTCA-1_V13B23-285_D1,4
TAATTGGAATCGGGAA-1_V13B23-285_D1,6
TACAACGCACAACTCA-1_V13B23-285_D1,1
TACAAGTCTCGTGCAT-1_V13B23-285_D1,1
TACACCGTCGTTAGTC-1_V13B23-285_D1,2
TACAGAAACGGTGGGC-1_V13B23-285_D1,1
TACATAGGCATACACC-1_V13B23-285_D1,1
TACATGCCGGAATTGT-1_V13B23-285_D1,4
TACATTTCTAACGTGC-1_V13B23-285_D1,1
TACCAAATAGCCCAGA-1_V13B23-285_D1,2
TACCAATAAAGTACCA-1_V13B23-285_D1,1
TACCAGAAGTAGGTTC-1_V13B23-285_D1,1
TACCAGCTAGGTTTAA-1_V13B23-285_D1,5
TACCATGTATTGATTT-1_V13B23-285_D1,4
TACCCTCGGTAACCCT-1_V13B23-285_D1,1
TACCGCGGACTTGCAG-1_V13B23-285_D1,8
TACCGGCTCACTGCCC-1_V13B23-285_D1,3
TACCGGTCGTTTCCAT-1_V13B23-285_D1,10
TACCGTAGGTTAACTA-1_V13B23-285_D1,12
TACCGTGCCTCGGACC-1_V13B23-285_D1,1
TACCTACTCCCAGTAT-1_V13B23-285_D1,1
TACCTCACGCTTGTAC-1_V13B23-285_D1,1
TACCTCAGTTGTCTGT-1_V13B23-285_D1,2
TACCTCTTTACCATCC-1_V13B23-285_D1,1
TACCTGCTGCACTGTG-1_V13B23-285_D1,1
TACCTTAAGATTTCCC-1_V13B23-285_D1,1
TACGAACACGACTTCA-1_V13B23-285_D1,1
TACGACGCTTGCTGCG-1_V13B23-285_D1,1
TACGACTGCCTCTTAG-1_V13B23-285_D1,1
TACGAGAACTTCACGT-1_V13B23-285_D1,2
TACGATGTTGATCATC-1_V13B23-285_D1,2
TACGCAGTTCTTTCCT-1_V13B23-285_D1,1
TACGCCATATTCTAAT-1_V13B23-285_D1,4
TACGCCGAGGGTACCC-1_V13B23-285_D1,1
TACGCCGCCTCAGAAG-1_V13B23-285_D1,1
TACGCCTCCATTCCGA-1_V13B23-285_D1,6
TACGCTATAGAAACCT-1_V13B23-285_D1,3
TACGCTCGGTATTGGA-1_V13B23-285_D1,12
TACGGCATGGACGCTA-1_V13B23-285_D1,1
TACGGGATGCTAGCAG-1_V13B23-285_D1,3
TACGTAAAGCGGAGTG-1_V13B23-285_D1,1
TACGTGCAAGGTTCCT-1_V13B23-285_D1,6
TACGTGCACTATGCTG-1_V13B23-285_D1,1
TACGTTTACCGGCAAT-1_V13B23-285_D1,1
TACTATGGTTCCTCAG-1_V13B23-285_D1,3
TACTCGGCACGCCGGG-1_V13B23-285_D1,2
TACTCTCCGAACAAAT-1_V13B23-285_D1,6
TACTCTTACTTTACTG-1_V13B23-285_D1,1
TACTCTTTCGTCTTCA-1_V13B23-285_D1,1
TACTGAACAGATTTAG-1_V13B23-285_D1,2
TACTGCAATCAATTAC-1_V13B23-285_D1,3
TACTGGACAGCTCGGC-1_V13B23-285_D1,10
TACTTAAACATGTACA-1_V13B23-285_D1,4
TACTTGTTAGTAGTCC-1_V13B23-285_D1,1
TACTTTACTGAGCCGG-1_V13B23-285_D1,3
TACTTTCCGCACGCCA-1_V13B23-285_D1,12
TAGAAAGGTGGCGCTA-1_V13B23-285_D1,3
TAGAAGAAGGGTTACA-1_V13B23-285_D1,1
TAGAATAGCCGATGAA-1_V13B23-285_D1,4
TAGAATTAAGGGCAAC-1_V13B23-285_D1,17
TAGACGAAACGCCAAT-1_V13B23-285_D1,3
TAGACGCCCGTACCGG-1_V13B23-285_D1,3
TAGACTACCTAGCGTT-1_V13B23-285_D1,4
TAGAGATCATGCAACT-1_V13B23-285_D1,2
TAGAGCTACGAAGAAC-1_V13B23-285_D1,12
TAGAGGTTCTACTTGT-1_V13B23-285_D1,1
TAGAGTCTAAGCGAAC-1_V13B23-285_D1,1
TAGATATGGACTGGAA-1_V13B23-285_D1,12
TAGATCCGAAGTCGCA-1_V13B23-285_D1,5
TAGATGGTTCCTTACT-1_V13B23-285_D1,3
TAGATTCCTGGTTATT-1_V13B23-285_D1,1
TAGCAACCTGTCACAA-1_V13B23-285_D1,3
TAGCAGTATGACTAAA-1_V13B23-285_D1,1
TAGCCATTTCAAAGTC-1_V13B23-285_D1,1
TAGCCGGCGGTCAGCG-1_V13B23-285_D1,10
TAGCGTCCCTCGATTG-1_V13B23-285_D1,6
TAGCGTCCGGTGTGGT-1_V13B23-285_D1,1
TAGCGTTGGGTCTTAC-1_V13B23-285_D1,12
TAGCTAAGTCCGGGAG-1_V13B23-285_D1,1
TAGCTAGAAGGCATGA-1_V13B23-285_D1,1
TAGCTAGTGATGATGG-1_V13B23-285_D1,2
TAGCTCGCCTGATAAC-1_V13B23-285_D1,1
TAGGCATGTTACGCCA-1_V13B23-285_D1,1
TAGGCCTATATAGTCT-1_V13B23-285_D1,1
TAGGCTAAAGTGGCAC-1_V13B23-285_D1,1
TAGGGAGCTTGGGATG-1_V13B23-285_D1,2
TAGGGTGTTTCAAGAG-1_V13B23-285_D1,3
TAGGTCCAAGTAAGGA-1_V13B23-285_D1,1
TAGGTCGCCGGAACTG-1_V13B23-285_D1,6
TAGGTGACGATAACCT-1_V13B23-285_D1,1
TAGGTGAGCCCTACTC-1_V13B23-285_D1,1
TAGGTGCTCGCCTAGC-1_V13B23-285_D1,1
TAGGTGTTCCACAGAT-1_V13B23-285_D1,1
TAGGTTCGAGTTCGTC-1_V13B23-285_D1,1
TAGTACCTTAGTGGTC-1_V13B23-285_D1,1
TAGTAGCTTATACCAG-1_V13B23-285_D1,2
TAGTCCGCAGAGAATG-1_V13B23-285_D1,2
TAGTCGATCACGGGTT-1_V13B23-285_D1,4
TAGTCTAACAACGAGA-1_V13B23-285_D1,3
TAGTCTGTGACGTTGC-1_V13B23-285_D1,3
TAGTGCCCTCCAGAGT-1_V13B23-285_D1,2
TAGTGTCAGAAACGGC-1_V13B23-285_D1,1
TAGTTAAGATAGGATA-1_V13B23-285_D1,13
TAGTTTATTCTTGCTT-1_V13B23-285_D1,13
TATAAATCCACAAGCT-1_V13B23-285_D1,3
TATAAGTGAGGATAGC-1_V13B23-285_D1,6
TATACACAGACGCCTT-1_V13B23-285_D1,4
TATACACGCAAAGTAT-1_V13B23-285_D1,12
TATACCGAGTGCCACA-1_V13B23-285_D1,4
TATACGCGTCATCACT-1_V13B23-285_D1,3
TATACTCATGCGGCAA-1_V13B23-285_D1,1
TATAGATGGTCGCAGT-1_V13B23-285_D1,4
TATAGGGTACTCATGA-1_V13B23-285_D1,1
TATATATCGAGAAATG-1_V13B23-285_D1,1
TATATCCCTGGGAGGA-1_V13B23-285_D1,1
TATATTACAAATGTCG-1_V13B23-285_D1,1
TATATTCGCGTCGATA-1_V13B23-285_D1,17
TATCACCATGTAAAGT-1_V13B23-285_D1,8
TATCACCCAACCGACC-1_V13B23-285_D1,3
TATCACTTCGAGTAAC-1_V13B23-285_D1,3
TATCCAATTGGTTATC-1_V13B23-285_D1,4
TATCCATATCATGCGA-1_V13B23-285_D1,3
TATCCGCACCGTCGGG-1_V13B23-285_D1,1
TATCCTGCATGGGAAT-1_V13B23-285_D1,9
TATCGATCTATGCATA-1_V13B23-285_D1,14
TATCGATGATTAAACG-1_V13B23-285_D1,1
TATCTACAGAGGTAAT-1_V13B23-285_D1,1
TATCTACCACAGCGGG-1_V13B23-285_D1,1
TATCTTGCAATACAAC-1_V13B23-285_D1,6
TATGAAGACAGGTGCG-1_V13B23-285_D1,2
TATGATCCGGCACGCC-1_V13B23-285_D1,3
TATGATCTTCTCTTTA-1_V13B23-285_D1,1
TATGCTCCCTACTTAC-1_V13B23-285_D1,14
TATGGATGTGCTACGC-1_V13B23-285_D1,1
TATGGCCCGGCCTCGC-1_V13B23-285_D1,1
TATGGCTAGGCTAATT-1_V13B23-285_D1,10
TATGGGACCGAGCAGG-1_V13B23-285_D1,1
TATGGGTACGTATCGT-1_V13B23-285_D1,1
TATGGTCTGAGTAACA-1_V13B23-285_D1,1
TATGGTTAGTGGGAGA-1_V13B23-285_D1,4
TATGTCAAGACCGACT-1_V13B23-285_D1,1
TATGTCTCATTGTGCC-1_V13B23-285_D1,2
TATTAACCTGACCGCG-1_V13B23-285_D1,11
TATTACCATCCTGCTT-1_V13B23-285_D1,4
TATTATGTTTGCCTGC-1_V13B23-285_D1,2
TATTCAATTCTAATCC-1_V13B23-285_D1,8
TATTCCACTCAGCTCG-1_V13B23-285_D1,1
TATTCCGAGCTGTTAT-1_V13B23-285_D1,1
TATTCCTCCGCCCACT-1_V13B23-285_D1,1
TATTCGTGCCAGAATA-1_V13B23-285_D1,4
TATTGACATTTCTGCC-1_V13B23-285_D1,2
TATTGCCGGGCTTGTA-1_V13B23-285_D1,4
TATTTAGTCTAGATCG-1_V13B23-285_D1,4
TATTTATACCGAGTAG-1_V13B23-285_D1,5
TATTTGATTTGCACAG-1_V13B23-285_D1,1
TATTTGTTACCCTTTA-1_V13B23-285_D1,1
TCAAACAACCGCGTCG-1_V13B23-285_D1,1
TCAAACTTAGATTGTT-1_V13B23-285_D1,1
TCAAATTTGAGACTCA-1_V13B23-285_D1,1
TCAACAAAGATAATTC-1_V13B23-285_D1,2
TCAACACATTGGGTAA-1_V13B23-285_D1,1
TCAACATAGCGCCCTA-1_V13B23-285_D1,2
TCAACATCGACCGAGA-1_V13B23-285_D1,11
TCAACCATGTTCGGGC-1_V13B23-285_D1,1
TCAACGAGGAGACAAA-1_V13B23-285_D1,14
TCAACGCAGGAAATAA-1_V13B23-285_D1,1
TCAACGCGACCGGCAG-1_V13B23-285_D1,2
TCAACTAACGTATAAC-1_V13B23-285_D1,1
TCAACTGCAGAGTCAG-1_V13B23-285_D1,1
TCAAGAAATACTAGCT-1_V13B23-285_D1,1
TCAAGCGCGGACGGTA-1_V13B23-285_D1,12
TCAAGCTGCCTTGAAA-1_V13B23-285_D1,2
TCAAGGTTACTACACC-1_V13B23-285_D1,1
TCAATACGCCGTCATG-1_V13B23-285_D1,3
TCACAAACCGAGGTAC-1_V13B23-285_D1,4
TCACAGCAAACTCGAA-1_V13B23-285_D1,1
TCACAGGAGAATAAGA-1_V13B23-285_D1,1
TCACAGGGAATCGCAA-1_V13B23-285_D1,1
TCACAGGTTATTGGGC-1_V13B23-285_D1,2
TCACATCTTATCTGAT-1_V13B23-285_D1,2
TCACCCTCTTAAGATT-1_V13B23-285_D1,1
TCACCGCTCGGCACTC-1_V13B23-285_D1,2
TCACGATGTCCGTGGA-1_V13B23-285_D1,3
TCACGCATTGTAGATC-1_V13B23-285_D1,1
TCACGGTCATCGCACA-1_V13B23-285_D1,1
TCACGTGCCCGATTCA-1_V13B23-285_D1,1
TCACTACGACCAATGC-1_V13B23-285_D1,2
TCACTCGTGCAACGGC-1_V13B23-285_D1,1
TCAGAACCTCCACAGG-1_V13B23-285_D1,1
TCAGACGCTATAGAAG-1_V13B23-285_D1,1
TCAGAGTGTGAGCATG-1_V13B23-285_D1,1
TCAGCAAATGCATCTC-1_V13B23-285_D1,2
TCAGCAGTAGGCCCTG-1_V13B23-285_D1,1
TCAGCCAATCCGTAAA-1_V13B23-285_D1,4
TCAGGGCGCAAACTCG-1_V13B23-285_D1,2
TCAGGGTGTAACGTAA-1_V13B23-285_D1,2
TCAGGTTCTTTGAGAA-1_V13B23-285_D1,1
TCAGTACTGACCCGCG-1_V13B23-285_D1,1
TCAGTAGGGACTATAA-1_V13B23-285_D1,3
TCAGTGTATACGTCAT-1_V13B23-285_D1,1
TCATAAGTCCAAGAAG-1_V13B23-285_D1,1
TCATACTTACAGATCC-1_V13B23-285_D1,3
TCATATGAGCTTTGTT-1_V13B23-285_D1,2
TCATCACTCGAGCTCG-1_V13B23-285_D1,1
TCATCCCAGAGGGTGG-1_V13B23-285_D1,13
TCATCGATGGTCCCAA-1_V13B23-285_D1,1
TCATGCAGGTTCTCAT-1_V13B23-285_D1,9
TCATTTAAGTCTCCGA-1_V13B23-285_D1,2
TCATTTAGAAGTGTGA-1_V13B23-285_D1,1
TCCAACTTTAAATTCT-1_V13B23-285_D1,1
TCCAATAAAGGCTACC-1_V13B23-285_D1,1
TCCACAATGGTTTACG-1_V13B23-285_D1,1
TCCACCTCTAGCCTTT-1_V13B23-285_D1,1
TCCACTTTATCTAGGT-1_V13B23-285_D1,2
TCCAGAGCACCGGTTC-1_V13B23-285_D1,4
TCCAGATGTACGCCAA-1_V13B23-285_D1,3
TCCAGCGCTATAAGCG-1_V13B23-285_D1,3
TCCAGGCGAGTACGGT-1_V13B23-285_D1,1
TCCAGGGTATATACGA-1_V13B23-285_D1,1
TCCATTCCCACTAGAG-1_V13B23-285_D1,8
TCCATTGTGACCTCGT-1_V13B23-285_D1,17
TCCCAAACAGACAACG-1_V13B23-285_D1,1
TCCCAAAGACGAAGGA-1_V13B23-285_D1,1
TCCCAAAGCCCTAAAT-1_V13B23-285_D1,4
TCCCACTCTCTTCCGG-1_V13B23-285_D1,2
TCCCAGCACACGACAT-1_V13B23-285_D1,7
TCCCAGCTTTAGTCTG-1_V13B23-285_D1,1
TCCCAGGCTTAGCTAA-1_V13B23-285_D1,2
TCCCGCCTATGTGCGT-1_V13B23-285_D1,2
TCCCGCGTACTCCTGG-1_V13B23-285_D1,10
TCCCGGGTGTGCTGCT-1_V13B23-285_D1,1
TCCCGTCAGTCCCGCA-1_V13B23-285_D1,9
TCCCGTCGCGTCATAG-1_V13B23-285_D1,6
TCCCGTGTGCAATTTG-1_V13B23-285_D1,4
TCCCTAGATCAATAGG-1_V13B23-285_D1,6
TCCCTCTTCTCAAGGG-1_V13B23-285_D1,1
TCCCTGGCGTATTAAC-1_V13B23-285_D1,1
TCCCTGGCTCGCTGGA-1_V13B23-285_D1,2
TCCCTTAGATTACTCG-1_V13B23-285_D1,1
TCCCTTGTCTGAAACT-1_V13B23-285_D1,6
TCCGAACGTTGCCGCT-1_V13B23-285_D1,4
TCCGAACTTGGCTTAC-1_V13B23-285_D1,2
TCCGAAGTAGTCACCA-1_V13B23-285_D1,3
TCCGAATGGTCCTGAG-1_V13B23-285_D1,10
TCCGATAATTGCCATA-1_V13B23-285_D1,3
TCCGATGACTGAGCTC-1_V13B23-285_D1,3
TCCGATGGTGCGACAT-1_V13B23-285_D1,1
TCCGATTACATTGCCG-1_V13B23-285_D1,1
TCCGCCTGTCTACAAG-1_V13B23-285_D1,1
TCCGCGGCAGCATCTG-1_V13B23-285_D1,2
TCCGCGGCCCAATGAA-1_V13B23-285_D1,4
TCCGCTGTCATCCCGG-1_V13B23-285_D1,4
TCCGCTTATCCCATTA-1_V13B23-285_D1,1
TCCGGAGGAAGGGCTG-1_V13B23-285_D1,6
TCCGGCCTAGCGTACA-1_V13B23-285_D1,2
TCCGGCTGTCGGGTCG-1_V13B23-285_D1,8
TCCGGGCTTGACGGGA-1_V13B23-285_D1,1
TCCGGTTCGTCCGGTC-1_V13B23-285_D1,1
TCCGTAACCACAATCC-1_V13B23-285_D1,2
TCCGTTAAGCTAATAT-1_V13B23-285_D1,14
TCCGTTTAGCCTTGAA-1_V13B23-285_D1,2
TCCTAAATTGGGAAGC-1_V13B23-285_D1,1
TCCTAACCGTCGGGCA-1_V13B23-285_D1,1
TCCTACATCCACGGCC-1_V13B23-285_D1,4
TCCTAGCAAAGAAGCT-1_V13B23-285_D1,1
TCCTATCATAGGTAAC-1_V13B23-285_D1,1
TCCTCCTAAGACATTC-1_V13B23-285_D1,1
TCCTCGGGCTGGGCTT-1_V13B23-285_D1,4
TCCTCTACGAGATGGC-1_V13B23-285_D1,1
TCCTCTCCAGTTGTCC-1_V13B23-285_D1,8
TCCTCTGGCCCATTAG-1_V13B23-285_D1,3
TCCTGCCAACTGGAGA-1_V13B23-285_D1,3
TCCTGCGTTGATACTC-1_V13B23-285_D1,1
TCCTGGCGCTGCCTGG-1_V13B23-285_D1,6
TCCTTACGACGGTCCG-1_V13B23-285_D1,1
TCCTTCAGTGGTCGAA-1_V13B23-285_D1,9
TCCTTTAAATCCGCTT-1_V13B23-285_D1,1
TCCTTTCTTACGCTTA-1_V13B23-285_D1,1
TCGAAATTTAGGACCA-1_V13B23-285_D1,1
TCGAAGAACCGAGCAC-1_V13B23-285_D1,4
TCGAATATCCCGCAGG-1_V13B23-285_D1,2
TCGACAACTGAACCCG-1_V13B23-285_D1,10
TCGAGACCAACACCGT-1_V13B23-285_D1,1
TCGAGCCAGGCAGGCC-1_V13B23-285_D1,1
TCGAGGGCAACAGACG-1_V13B23-285_D1,1
TCGCAAAGATGCATTT-1_V13B23-285_D1,4
TCGCACCAGGAGGCAG-1_V13B23-285_D1,1
TCGCATAAAGGGCGCA-1_V13B23-285_D1,4
TCGCATCCCTAAGTGT-1_V13B23-285_D1,9
TCGCCGAAGTTGCGTC-1_V13B23-285_D1,2
TCGCCGGTCGATCCGT-1_V13B23-285_D1,1
TCGCGTAGCAGTGTCC-1_V13B23-285_D1,2
TCGCGTCCAGAAGGTC-1_V13B23-285_D1,1
TCGCTAAACCGCTATC-1_V13B23-285_D1,12
TCGCTCGATATATTCC-1_V13B23-285_D1,10
TCGCTCGGCACCAGCG-1_V13B23-285_D1,6
TCGCTGGGCGGATTGT-1_V13B23-285_D1,1
TCGCTGTGCGTAAATC-1_V13B23-285_D1,1
TCGCTTTAAACGTTTG-1_V13B23-285_D1,2
TCGGAATGCGCTCTGA-1_V13B23-285_D1,1
TCGGACGCCCAGCCCA-1_V13B23-285_D1,1
TCGGAGAGTATCGGGA-1_V13B23-285_D1,1
TCGGAGTACATGAGTA-1_V13B23-285_D1,6
TCGGCGAACCCAAACC-1_V13B23-285_D1,4
TCGGCGTACTGCACAA-1_V13B23-285_D1,1
TCGGCTTGTATCGACG-1_V13B23-285_D1,4
TCGGGAACGTGCCTAG-1_V13B23-285_D1,3
TCGGGAGACAGCGTAC-1_V13B23-285_D1,1
TCGGGATTCAAACATA-1_V13B23-285_D1,10
TCGGGCCGTCGTGGTA-1_V13B23-285_D1,4
TCGGGTGAAACTGCTA-1_V13B23-285_D1,17
TCGGTCCCGACAATAG-1_V13B23-285_D1,2
TCGGTCCCTGACTCCA-1_V13B23-285_D1,3
TCGGTGACCGCTCCGG-1_V13B23-285_D1,2
TCGTAAGACGACATTG-1_V13B23-285_D1,11
TCGTAAGCTCCGAGGA-1_V13B23-285_D1,1
TCGTATAGTGCAATTA-1_V13B23-285_D1,5
TCGTATTACCCATTGC-1_V13B23-285_D1,7
TCGTCAAGTACGCGCA-1_V13B23-285_D1,1
TCGTCACACTGTTAGC-1_V13B23-285_D1,1
TCGTCCGCTGGCGTCT-1_V13B23-285_D1,1
TCGTCTTAGGCGTTAA-1_V13B23-285_D1,1
TCGTGTACTATGGATG-1_V13B23-285_D1,2
TCGTGTATTGGTCACG-1_V13B23-285_D1,2
TCGTGTCACGCTGACA-1_V13B23-285_D1,1
TCGTGTTCGACCACAA-1_V13B23-285_D1,1
TCGTTAGGAGTCCCTA-1_V13B23-285_D1,2
TCGTTCGTTATTATGT-1_V13B23-285_D1,17
TCGTTGCTATCCGGTC-1_V13B23-285_D1,1
TCGTTGGCTCGTCAAT-1_V13B23-285_D1,9
TCTAATACTGCCTCAG-1_V13B23-285_D1,10
TCTACCCAATAGAGAG-1_V13B23-285_D1,4
TCTACCGTCCACAAGC-1_V13B23-285_D1,1
TCTAGCAATCTCCGCC-1_V13B23-285_D1,10
TCTAGCATCTTCGATG-1_V13B23-285_D1,10
TCTAGCATGCCCAGAA-1_V13B23-285_D1,1
TCTAGGTGGCGACGCT-1_V13B23-285_D1,9
TCTAGTGATATCGTGG-1_V13B23-285_D1,4
TCTAGTTATCAGAAGA-1_V13B23-285_D1,1
TCTATAGGTGGGTAAT-1_V13B23-285_D1,1
TCTATCATGCAGTTAC-1_V13B23-285_D1,14
TCTATCGGTCGCAACA-1_V13B23-285_D1,3
TCTATGCTATAACGAC-1_V13B23-285_D1,1
TCTATTACGCTGGCGA-1_V13B23-285_D1,6
TCTCATGAGATAGGGT-1_V13B23-285_D1,4
TCTCCAACGTAGGTTA-1_V13B23-285_D1,9
TCTCCACAAGTTGAAT-1_V13B23-285_D1,1
TCTCCCTGGGCAGCGT-1_V13B23-285_D1,1
TCTCGAACGAGGTCAC-1_V13B23-285_D1,6
TCTCGACGTATCGCCG-1_V13B23-285_D1,7
TCTCGAGGAGGTTCGC-1_V13B23-285_D1,4
TCTCGGCTCCAGGACT-1_V13B23-285_D1,1
TCTCTAATAGCTGGTA-1_V13B23-285_D1,3
TCTCTCGCCGCACATA-1_V13B23-285_D1,4
TCTGAACCGGTCGGCT-1_V13B23-285_D1,1
TCTGAACTCGTACCCG-1_V13B23-285_D1,4
TCTGAAGCACGTGGTC-1_V13B23-285_D1,12
TCTGAATTCCGTACAA-1_V13B23-285_D1,10
TCTGACGGGCTAACCC-1_V13B23-285_D1,1
TCTGAGCAATTGACTG-1_V13B23-285_D1,4
TCTGATCGGGTGCTAG-1_V13B23-285_D1,10
TCTGATGTATTCTGTC-1_V13B23-285_D1,3
TCTGATTGGAAATGGA-1_V13B23-285_D1,2
TCTGCACCATTAGTAA-1_V13B23-285_D1,10
TCTGCATACCTTGCTT-1_V13B23-285_D1,1
TCTGCCAGAAACTGCA-1_V13B23-285_D1,1
TCTGCGAATCGTTCGC-1_V13B23-285_D1,19
TCTGCGTCCGGTTTCT-1_V13B23-285_D1,3
TCTGCTTAGAACAAGC-1_V13B23-285_D1,1
TCTGGAGCGTAAGAGT-1_V13B23-285_D1,1
TCTGGCCGTTCAAGTT-1_V13B23-285_D1,2
TCTGGGAACCTTTGAA-1_V13B23-285_D1,1
TCTGGGTAGCGCTCAT-1_V13B23-285_D1,1
TCTGTCATACAAGAGC-1_V13B23-285_D1,17
TCTGTGCCATCATAGT-1_V13B23-285_D1,1
TCTGTTACCCAGCATA-1_V13B23-285_D1,1
TCTTACAGAGGTACCG-1_V13B23-285_D1,1
TCTTACCGGAACTCGT-1_V13B23-285_D1,1
TCTTACGGCATCCGAC-1_V13B23-285_D1,1
TCTTACTTATGCCTCT-1_V13B23-285_D1,4
TCTTAGAGCTCCAATT-1_V13B23-285_D1,4
TCTTAGAGTGAACTCT-1_V13B23-285_D1,1
TCTTCCCATGGGCACA-1_V13B23-285_D1,2
TCTTCGAATAGACGTT-1_V13B23-285_D1,1
TCTTCGATACCAATAA-1_V13B23-285_D1,2
TCTTCGCGGTGAGAGG-1_V13B23-285_D1,1
TCTTCTATAACCCGCC-1_V13B23-285_D1,4
TCTTGATGCGTAGCGA-1_V13B23-285_D1,2
TCTTGGTAACACCAAA-1_V13B23-285_D1,9
TCTTTAAGACTATGAA-1_V13B23-285_D1,6
TCTTTAGAGTCTAACA-1_V13B23-285_D1,1
TCTTTAGCAGGCGAAC-1_V13B23-285_D1,11
TCTTTCCTTCGAGATA-1_V13B23-285_D1,10
TCTTTCTCTTAAGGAG-1_V13B23-285_D1,20
TGAAACTTATGCAAGC-1_V13B23-285_D1,13
TGAAAGGACCTGACTC-1_V13B23-285_D1,2
TGAATATGCTATAAAC-1_V13B23-285_D1,8
TGAATGAGATACAGCA-1_V13B23-285_D1,20
TGAATGTCAGCCGGCC-1_V13B23-285_D1,14
TGACAACGCATGTCGC-1_V13B23-285_D1,4
TGACACTTCTCTTTGC-1_V13B23-285_D1,6
TGACATCGAGCGGACC-1_V13B23-285_D1,6
TGACCCACGTTAGACA-1_V13B23-285_D1,1
TGACGAATATTTCCCT-1_V13B23-285_D1,2
TGACGATGCACTAGAA-1_V13B23-285_D1,1
TGACTATAATCCTTTC-1_V13B23-285_D1,3
TGACTCTAACTGGTAA-1_V13B23-285_D1,1
TGAGAATGCTTTACCG-1_V13B23-285_D1,3
TGAGAGATTTACCACG-1_V13B23-285_D1,4
TGAGATTAGGCCCTAA-1_V13B23-285_D1,6
TGAGCCATACAGTCTC-1_V13B23-285_D1,2
TGAGCGGAAAGTGTTC-1_V13B23-285_D1,1
TGAGCTCAACTGTATA-1_V13B23-285_D1,14
TGAGCTTTAATGACGC-1_V13B23-285_D1,9
TGAGGAGTGCCAGCTT-1_V13B23-285_D1,2
TGAGTAAATTAGCGTA-1_V13B23-285_D1,1
TGAGTGCCTCTTAAAT-1_V13B23-285_D1,2
TGAGTGGTCCGTGACG-1_V13B23-285_D1,2
TGAGTTAAAGACATTC-1_V13B23-285_D1,4
TGATACATTTAGCCGT-1_V13B23-285_D1,1
TGATCAGGGAACTGCT-1_V13B23-285_D1,2
TGATCCCAGCATTAGT-1_V13B23-285_D1,2
TGATCGGTTTGACCCT-1_V13B23-285_D1,2
TGATCTACGCTGATCT-1_V13B23-285_D1,3
TGATCTCCGGCGCCAG-1_V13B23-285_D1,1
TGATGGCTGTTTCTGA-1_V13B23-285_D1,2
TGATGTCAATTAAGTG-1_V13B23-285_D1,1
TGATTATGGCACGCAG-1_V13B23-285_D1,1
TGATTCGTCTATCACT-1_V13B23-285_D1,2
TGATTCTGTCGCCGGT-1_V13B23-285_D1,1
TGATTTATTAGCTGTG-1_V13B23-285_D1,1
TGATTTCCTCCTGACG-1_V13B23-285_D1,1
TGCAACCCATCTGCGG-1_V13B23-285_D1,1
TGCAAGAATGACGTAA-1_V13B23-285_D1,12
TGCAATCTAACACGGT-1_V13B23-285_D1,4
TGCAATTTGGGCACGG-1_V13B23-285_D1,6
TGCACAGTGAAGTTAT-1_V13B23-285_D1,2
TGCAGAACTATATCGT-1_V13B23-285_D1,1
TGCAGAGTACCGAGCA-1_V13B23-285_D1,1
TGCAGATCGTCCTAGG-1_V13B23-285_D1,2
TGCAGCTACGTACTTC-1_V13B23-285_D1,11
TGCAGGATCGGCAAAG-1_V13B23-285_D1,1
TGCAGTGAGGCTCGGG-1_V13B23-285_D1,19
TGCAGTTTCCTCCCAT-1_V13B23-285_D1,1
TGCATATGTCTGTCAC-1_V13B23-285_D1,2
TGCATGGATCGGATCT-1_V13B23-285_D1,9
TGCATGTGGTAATCTA-1_V13B23-285_D1,2
TGCCAAAGTCAGACTT-1_V13B23-285_D1,2
TGCCAATGGGTACTCT-1_V13B23-285_D1,1
TGCCACCTGGCGAAAC-1_V13B23-285_D1,1
TGCCAGTACGTGGAGA-1_V13B23-285_D1,1
TGCCATTACTAAAGAA-1_V13B23-285_D1,1
TGCCCGTACCGTTAAA-1_V13B23-285_D1,1
TGCCGAAAGCGTATTC-1_V13B23-285_D1,2
TGCCGTGGATCGTCCT-1_V13B23-285_D1,1
TGCCTAAATTTAATAG-1_V13B23-285_D1,1
TGCCTAATTGAAGATT-1_V13B23-285_D1,3
TGCCTGACATCGGTCA-1_V13B23-285_D1,1
TGCCTGATCAAACGAT-1_V13B23-285_D1,3
TGCCTTGGCCAGGCAA-1_V13B23-285_D1,4
TGCGACACCCTAGTGC-1_V13B23-285_D1,1
TGCGACGGCCGAACGT-1_V13B23-285_D1,1
TGCGAGAATATTACCC-1_V13B23-285_D1,1
TGCGAGCCCTTCCGCG-1_V13B23-285_D1,5
TGCGCAAAGCATTTGG-1_V13B23-285_D1,2
TGCGCCGTTAATAACG-1_V13B23-285_D1,4
TGCGCGATTAACGGAG-1_V13B23-285_D1,1
TGCGGAGTAAAGGTGC-1_V13B23-285_D1,3
TGCGGCATAGTTCAAC-1_V13B23-285_D1,5
TGCGGTGAAATTTCAT-1_V13B23-285_D1,13
TGCGTAAGAACCTGAT-1_V13B23-285_D1,2
TGCGTACGGCTAATTG-1_V13B23-285_D1,1
TGCGTCATGACTGAGC-1_V13B23-285_D1,1
TGCGTGATTGGGTGTC-1_V13B23-285_D1,10
TGCGTTTGTTGACACT-1_V13B23-285_D1,4
TGCTAAGTGTCTATTT-1_V13B23-285_D1,3
TGCTCCACAGTTCTTA-1_V13B23-285_D1,1
TGCTCGGCGAAACCCA-1_V13B23-285_D1,1
TGCTCTGCCGGTTCAC-1_V13B23-285_D1,10
TGCTCTTGAGAGTTTG-1_V13B23-285_D1,1
TGCTGGTTGGACAATT-1_V13B23-285_D1,1
TGCTGTTGAAGAACTC-1_V13B23-285_D1,1
TGCTTCCCAAGCAGTA-1_V13B23-285_D1,3
TGCTTGAAACCATGCA-1_V13B23-285_D1,1
TGGAACCACTGACACA-1_V13B23-285_D1,1
TGGAAGAAGGGAACGT-1_V13B23-285_D1,3
TGGAAGACGAACACCA-1_V13B23-285_D1,9
TGGAAGGATAAAGATG-1_V13B23-285_D1,9
TGGAATATCCTTGACC-1_V13B23-285_D1,6
TGGAATTAGACGCTTT-1_V13B23-285_D1,1
TGGACCAATCTAAGAT-1_V13B23-285_D1,3
TGGACCACGGCGTTGA-1_V13B23-285_D1,9
TGGACGCAATCCAGCC-1_V13B23-285_D1,11
TGGACTGTTCGCTCAA-1_V13B23-285_D1,4
TGGAGGGAAACACCTC-1_V13B23-285_D1,2
TGGAGTGATGCGATGA-1_V13B23-285_D1,1
TGGCAAACTAAATTAC-1_V13B23-285_D1,4
TGGCAACTCGCGCGCC-1_V13B23-285_D1,4
TGGCAATGGGACGGCG-1_V13B23-285_D1,1
TGGCAGATTACGATCA-1_V13B23-285_D1,1
TGGCAGCAGTAATAGT-1_V13B23-285_D1,3
TGGCCAAACTGAAGTA-1_V13B23-285_D1,2
TGGCCGTATATTGACC-1_V13B23-285_D1,1
TGGCGACTGCTCCAAA-1_V13B23-285_D1,2
TGGCGATCAAGTTATG-1_V13B23-285_D1,1
TGGCTACACTCTACCT-1_V13B23-285_D1,1
TGGCTATGTGACATAC-1_V13B23-285_D1,12
TGGCTTGTACAAGCTT-1_V13B23-285_D1,8
TGGCTTTGGGTAGACA-1_V13B23-285_D1,1
TGGGAAATGCCTTTCC-1_V13B23-285_D1,1
TGGGATGCACTCATTC-1_V13B23-285_D1,1
TGGGCAATAGTTGGGT-1_V13B23-285_D1,1
TGGGCACGTTCTATGG-1_V13B23-285_D1,4
TGGGCAGGCCACCGCA-1_V13B23-285_D1,1
TGGGCCACAAGAGCGC-1_V13B23-285_D1,9
TGGGCCCATACTAATT-1_V13B23-285_D1,1
TGGTAGAATATATGGG-1_V13B23-285_D1,1
TGGTATCGCATCCCAA-1_V13B23-285_D1,18
TGGTCCCACGCTACGG-1_V13B23-285_D1,1
TGGTGATCGTATTTGT-1_V13B23-285_D1,2
TGGTTAAGGGCGCTGG-1_V13B23-285_D1,11
TGGTTCAACGGGTAAT-1_V13B23-285_D1,1
TGGTTCGTAGCAAAGG-1_V13B23-285_D1,1
TGGTTGGAGGATCCTG-1_V13B23-285_D1,3
TGGTTTAAACGTGGGT-1_V13B23-285_D1,2
TGTAATGACCACAATA-1_V13B23-285_D1,1
TGTACCTACACGAGGG-1_V13B23-285_D1,1
TGTACGAACAAATCCG-1_V13B23-285_D1,1
TGTACTACTCTCACGG-1_V13B23-285_D1,8
TGTAGCCATCCCATTC-1_V13B23-285_D1,1
TGTAGGAGAAATTTCC-1_V13B23-285_D1,2
TGTAGTGATCTATAAT-1_V13B23-285_D1,1
TGTATAACAGATCCTG-1_V13B23-285_D1,3
TGTATACGGATGATGA-1_V13B23-285_D1,1
TGTATCCTTATTCCAT-1_V13B23-285_D1,18
TGTATGGCGCAGACAG-1_V13B23-285_D1,4
TGTATTTACCTAATGC-1_V13B23-285_D1,8
TGTCATTTGTTGGGAA-1_V13B23-285_D1,8
TGTCCACGGCTCAACT-1_V13B23-285_D1,1
TGTCCCGACATAGCAC-1_V13B23-285_D1,5
TGTCCGTGGCGCCTTT-1_V13B23-285_D1,3
TGTCCTAAGTCACCGC-1_V13B23-285_D1,6
TGTCGGCATGGTGGAA-1_V13B23-285_D1,9
TGTCTACAGTTTCTGT-1_V13B23-285_D1,17
TGTGACTACGCCAGTC-1_V13B23-285_D1,3
TGTGAGACTAGCCCAA-1_V13B23-285_D1,1
TGTGCCGGTGCCGGAA-1_V13B23-285_D1,4
TGTGCTTTACGTAAGA-1_V13B23-285_D1,6
TGTGGACTATCTACGT-1_V13B23-285_D1,12
TGTGGCAAAGCGTATG-1_V13B23-285_D1,3
TGTGGCTCCCACCAAC-1_V13B23-285_D1,4
TGTGGTAGGGTGCCTT-1_V13B23-285_D1,4
TGTGTAGTAGCACGTG-1_V13B23-285_D1,3
TGTGTCGCGAGTTGCA-1_V13B23-285_D1,7
TGTGTTCGTATCCAAG-1_V13B23-285_D1,1
TGTTATTGTATGTGGC-1_V13B23-285_D1,1
TGTTCCGCTTCCATGA-1_V13B23-285_D1,1
TGTTCGTATTGCGGTG-1_V13B23-285_D1,1
TGTTCTTCCATTGACT-1_V13B23-285_D1,1
TGTTGCCGTCGTCCCA-1_V13B23-285_D1,4
TGTTGTCAAGAAGTCT-1_V13B23-285_D1,3
TGTTTAATACTTCATC-1_V13B23-285_D1,17
TGTTTCGGTACTTCTC-1_V13B23-285_D1,3
TGTTTGAGATCGTCAG-1_V13B23-285_D1,1
TTAAACAGAGTCCCGC-1_V13B23-285_D1,1
TTAAACTCGAATTCAT-1_V13B23-285_D1,3
TTAACACCTCGAACAT-1_V13B23-285_D1,1
TTAACCAACCCTCCCT-1_V13B23-285_D1,1
TTAACGAACAAGCAGT-1_V13B23-285_D1,6
TTAACGTCGCAAGACC-1_V13B23-285_D1,17
TTAACTTCAGGTAGGA-1_V13B23-285_D1,1
TTAAGATAGGATTGAC-1_V13B23-285_D1,7
TTAAGCCGACAACTTC-1_V13B23-285_D1,13
TTAAGCGCCTGACCCA-1_V13B23-285_D1,1
TTAAGGCCCGTACTTT-1_V13B23-285_D1,3
TTAAGTATTGTTATCC-1_V13B23-285_D1,1
TTAATCAGTACGTCAG-1_V13B23-285_D1,5
TTAATGTAGACCAGGT-1_V13B23-285_D1,2
TTAATTGCTTTGGGTG-1_V13B23-285_D1,1
TTAATTTCAGACGCGG-1_V13B23-285_D1,9
TTACAACTACGCATCC-1_V13B23-285_D1,1
TTACACGATCTGCGAC-1_V13B23-285_D1,4
TTACAGACCTAAATGA-1_V13B23-285_D1,2
TTACATCGTGGCCTGG-1_V13B23-285_D1,1
TTACATGCCACAACTA-1_V13B23-285_D1,4
TTACCATTGATTACCC-1_V13B23-285_D1,6
TTACCCATTGCCGGGT-1_V13B23-285_D1,3
TTACCCTAACAGTCCT-1_V13B23-285_D1,1
TTACCCTAGGGATTGG-1_V13B23-285_D1,10
TTACCGCCTTAGGGAA-1_V13B23-285_D1,1
TTACGGATGGTTCGAG-1_V13B23-285_D1,2
TTACGTATCTATGACA-1_V13B23-285_D1,1
TTACTAAAGGACTTTA-1_V13B23-285_D1,1
TTACTATCGGCTTCTC-1_V13B23-285_D1,18
TTACTCCGGCCGGGAA-1_V13B23-285_D1,1
TTACTCTGGTACGTAC-1_V13B23-285_D1,3
TTACTGGGATATTTCA-1_V13B23-285_D1,1
TTACTGTCTAGAGCTC-1_V13B23-285_D1,3
TTAGAAGAACATGACT-1_V13B23-285_D1,1
TTAGAATAAGGGTCGG-1_V13B23-285_D1,1
TTAGACACGATCGTTG-1_V13B23-285_D1,9
TTAGACGAGTCACCTC-1_V13B23-285_D1,1
TTAGAGTTTAGAAGGA-1_V13B23-285_D1,1
TTAGATAGGTCGATAC-1_V13B23-285_D1,1
TTAGCAACATGGATGT-1_V13B23-285_D1,1
TTAGCTAATACGATCT-1_V13B23-285_D1,3
TTAGCTCTGTAATCCG-1_V13B23-285_D1,10
TTAGCTGATTTGCCGT-1_V13B23-285_D1,4
TTAGGATGGGAGGGTA-1_V13B23-285_D1,1
TTAGGTCATAACCGAC-1_V13B23-285_D1,1
TTAGTAAACCTGCTCT-1_V13B23-285_D1,1
TTAGTAGGGCGGCGGG-1_V13B23-285_D1,11
TTAGTTATTCGTGGCA-1_V13B23-285_D1,1
TTAGTTCAAGTGTTCG-1_V13B23-285_D1,2
TTATAGGTAATTGTCT-1_V13B23-285_D1,1
TTATATACGCTGTCAC-1_V13B23-285_D1,1
TTATATTTGGCAATCC-1_V13B23-285_D1,3
TTATCCAATCGAACTC-1_V13B23-285_D1,9
TTATCCGGGATCTATA-1_V13B23-285_D1,4
TTATCCTCAAGGAATA-1_V13B23-285_D1,6
TTATCGCCTGCGAAGC-1_V13B23-285_D1,1
TTATCTGTATCATAAC-1_V13B23-285_D1,1
TTATGAATGAAAGGGA-1_V13B23-285_D1,1
TTATGACAAACTGGAT-1_V13B23-285_D1,1
TTATGATCTTAACGAA-1_V13B23-285_D1,1
TTATGTTTGCGATAGA-1_V13B23-285_D1,12
TTATTAGAGCGTGTTC-1_V13B23-285_D1,1
TTATTAGGGAAGCATC-1_V13B23-285_D1,7
TTATTATCTGGAAGGC-1_V13B23-285_D1,10
TTATTTAGGTTCCTTA-1_V13B23-285_D1,1
TTCAAAGTCTCTAGCC-1_V13B23-285_D1,3
TTCAACGACCCGACCG-1_V13B23-285_D1,3
TTCAAGCCGAGCTGAG-1_V13B23-285_D1,13
TTCAATACTCTGAATC-1_V13B23-285_D1,12
TTCAATTAGCCATAAT-1_V13B23-285_D1,17
TTCACGAAAGGATCAC-1_V13B23-285_D1,1
TTCACTCGAGCACCTA-1_V13B23-285_D1,3
TTCAGAGTAACCTGAC-1_V13B23-285_D1,1
TTCAGCCCTGGTCCAC-1_V13B23-285_D1,1
TTCAGCTGGCGTGCCC-1_V13B23-285_D1,7
TTCAGGCGTCAAAGCC-1_V13B23-285_D1,2
TTCATGGCGCAACAGG-1_V13B23-285_D1,9
TTCCAATCAGAGCTAG-1_V13B23-285_D1,6
TTCCAATCTGGCTATC-1_V13B23-285_D1,1
TTCCACACAGATTTGA-1_V13B23-285_D1,1
TTCCAGACGAGATTTA-1_V13B23-285_D1,4
TTCCATCATGCGGTGA-1_V13B23-285_D1,3
TTCCATCGACAGCGTG-1_V13B23-285_D1,1
TTCCGCAGAGAAATAT-1_V13B23-285_D1,3
TTCCGCGTGAGGCGAT-1_V13B23-285_D1,1
TTCCGGCCTTGAGGCT-1_V13B23-285_D1,6
TTCCGGCTCGACTTCT-1_V13B23-285_D1,8
TTCCGGTATCTGTGTC-1_V13B23-285_D1,4
TTCCGGTTACCCACTT-1_V13B23-285_D1,1
TTCCTCGAGGGTGTCT-1_V13B23-285_D1,1
TTCCTCGGACTAACCA-1_V13B23-285_D1,4
TTCCTCTGCCCGAATA-1_V13B23-285_D1,10
TTCCTTTCTGTGTTGC-1_V13B23-285_D1,3
TTCGACAGAGCCCGTG-1_V13B23-285_D1,1
TTCGACGGGAAGGGCG-1_V13B23-285_D1,1
TTCGCACTCGCGTGCT-1_V13B23-285_D1,1
TTCGCACTGTACGACA-1_V13B23-285_D1,12
TTCGCATCCGGAAGCA-1_V13B23-285_D1,1
TTCGCGCGCCATACGA-1_V13B23-285_D1,14
TTCGCTAGGAAGTTGT-1_V13B23-285_D1,4
TTCGCTATCTGACGTG-1_V13B23-285_D1,2
TTCGGCAACCCGCTGA-1_V13B23-285_D1,5
TTCGGCTAGAGATGGT-1_V13B23-285_D1,3
TTCGGGACTAATCGCG-1_V13B23-285_D1,3
TTCGGGCGCTAGTCTT-1_V13B23-285_D1,1
TTCGGGTTGCCACGGG-1_V13B23-285_D1,1
TTCGGTGGAGACGCCC-1_V13B23-285_D1,4
TTCGTAATCCCAGCGG-1_V13B23-285_D1,5
TTCGTACTCCAGAACG-1_V13B23-285_D1,1
TTCGTTCAACGAAGTT-1_V13B23-285_D1,3
TTCTAACCGAAGCTTA-1_V13B23-285_D1,2
TTCTACTTGCGAGGGC-1_V13B23-285_D1,2
TTCTAGAAAGTCTTAT-1_V13B23-285_D1,1
TTCTAGGCCAATTGTG-1_V13B23-285_D1,1
TTCTATGCCTTTCGCA-1_V13B23-285_D1,2
TTCTGACCGGGCTCAA-1_V13B23-285_D1,7
TTCTGCCGCGCCTAGA-1_V13B23-285_D1,4
TTCTGCGAGCGCCCTT-1_V13B23-285_D1,2
TTCTGCGGGTTAGCGG-1_V13B23-285_D1,4
TTCTGCTAGACTCCAA-1_V13B23-285_D1,3
TTCTTAGTGAACGGTG-1_V13B23-285_D1,1
TTCTTAGTGGCTCAGA-1_V13B23-285_D1,9
TTCTTATCCGCTGGGT-1_V13B23-285_D1,16
TTCTTGAGCCGCGCTA-1_V13B23-285_D1,10
TTCTTGCTAGCATCTC-1_V13B23-285_D1,4
TTCTTGGACGATCTGC-1_V13B23-285_D1,11
TTCTTGGAGTAATGAG-1_V13B23-285_D1,3
TTCTTGTAACCTAATG-1_V13B23-285_D1,1
TTCTTTGGTCGCGACG-1_V13B23-285_D1,8
TTGAAACCCTCATTCC-1_V13B23-285_D1,2
TTGAAAGGTGTAAAGG-1_V13B23-285_D1,3
TTGAACGAATCCTTTG-1_V13B23-285_D1,1
TTGAACGACGTGCTGA-1_V13B23-285_D1,1
TTGAAGAATTCCCAGG-1_V13B23-285_D1,1
TTGAATATGGACTTTC-1_V13B23-285_D1,2
TTGAATTCACGTGAGG-1_V13B23-285_D1,4
TTGACAGGAGCTCCCG-1_V13B23-285_D1,7
TTGACATGAACGTGGA-1_V13B23-285_D1,12
TTGACCAGGAACAACT-1_V13B23-285_D1,1
TTGACCATGTTCTCCG-1_V13B23-285_D1,1
TTGACCGTGTTAATGA-1_V13B23-285_D1,1
TTGACGCTCCATGAGC-1_V13B23-285_D1,4
TTGACTACCATATGGT-1_V13B23-285_D1,2
TTGACTATTGTCCGGC-1_V13B23-285_D1,1
TTGAGAAGTTTAGCAT-1_V13B23-285_D1,4
TTGAGAGTACTGCTAA-1_V13B23-285_D1,10
TTGAGCAGCCCACGGT-1_V13B23-285_D1,4
TTGAGCGCCACGTGAT-1_V13B23-285_D1,1
TTGAGTCCCGCTGCTG-1_V13B23-285_D1,4
TTGATAGTCAATACAT-1_V13B23-285_D1,10
TTGATCTAACTTTGTC-1_V13B23-285_D1,2
TTGATGTGTAGTCCCG-1_V13B23-285_D1,2
TTGATTAGCTGTTTCT-1_V13B23-285_D1,2
TTGATTATGCAGATGA-1_V13B23-285_D1,1
TTGCACAATTCAGAAA-1_V13B23-285_D1,3
TTGCACGGAGCAGCAC-1_V13B23-285_D1,1
TTGCATGCTGATCACG-1_V13B23-285_D1,2
TTGCCAAGCAGAACCC-1_V13B23-285_D1,4
TTGCCATAGCCCGCTC-1_V13B23-285_D1,1
TTGCCCTGATCACGGG-1_V13B23-285_D1,1
TTGCCGCTTTCTAGTA-1_V13B23-285_D1,1
TTGCCGGTGATCCCTC-1_V13B23-285_D1,6
TTGCGGCATCAGAAAG-1_V13B23-285_D1,1
TTGCGTAGTTTGAGGA-1_V13B23-285_D1,6
TTGCGTCGGCCAACCG-1_V13B23-285_D1,1
TTGCGTGAACGCTTAG-1_V13B23-285_D1,2
TTGCTCATAGTACGTG-1_V13B23-285_D1,1
TTGCTCCCATACCGGA-1_V13B23-285_D1,9
TTGCTGAAGGAACCAC-1_V13B23-285_D1,6
TTGCTGATCATGTTCG-1_V13B23-285_D1,1
TTGCTGCACCTATCCA-1_V13B23-285_D1,3
TTGCTGGCCGGGCTTC-1_V13B23-285_D1,17
TTGGAAGAATACAGTC-1_V13B23-285_D1,1
TTGGACATGTGGCTTA-1_V13B23-285_D1,2
TTGGACCATCTGGCAA-1_V13B23-285_D1,4
TTGGACCTATAACAGT-1_V13B23-285_D1,1
TTGGATATCGTCTACG-1_V13B23-285_D1,7
TTGGATCGACTTCTGG-1_V13B23-285_D1,5
TTGGATTGGGTACCAC-1_V13B23-285_D1,1
TTGGCCATCTTGCGCT-1_V13B23-285_D1,1
TTGGCCTAGAATTTCG-1_V13B23-285_D1,13
TTGGCGATCCGAATAT-1_V13B23-285_D1,3
TTGGCTCAATATGTGT-1_V13B23-285_D1,4
TTGGCTCGCATGAGAC-1_V13B23-285_D1,1
TTGGGACACTGCCCGC-1_V13B23-285_D1,2
TTGGGACGTAAGAGTT-1_V13B23-285_D1,1
TTGGGCGGCGGTTGCC-1_V13B23-285_D1,3
TTGGGTTTATTCAGCG-1_V13B23-285_D1,20
TTGGTATGGCTTGTGT-1_V13B23-285_D1,2
TTGGTCACACTCGTAA-1_V13B23-285_D1,3
TTGGTTCGCTCAAAGG-1_V13B23-285_D1,1
TTGGTTGCGGTGCGCG-1_V13B23-285_D1,3
TTGTAAGGACCTAAGT-1_V13B23-285_D1,1
TTGTAAGGCCAGTTGG-1_V13B23-285_D1,1
TTGTAATCCGTACTCG-1_V13B23-285_D1,1
TTGTATCACACAGAAT-1_V13B23-285_D1,13
TTGTCGTTCAGTTACC-1_V13B23-285_D1,1
TTGTGAACCTAATCCG-1_V13B23-285_D1,1
TTGTGCAGCCACGTCA-1_V13B23-285_D1,1
TTGTGGCCCTGACAGT-1_V13B23-285_D1,1
TTGTGGTAGGAGGGAT-1_V13B23-285_D1,1
TTGTGGTATAGGTATG-1_V13B23-285_D1,10
TTGTGGTGGTACTAAG-1_V13B23-285_D1,4
TTGTGTATGCCACCAA-1_V13B23-285_D1,2
TTGTGTTTCCCGAAAG-1_V13B23-285_D1,3
TTGTTAGCAAATTCGA-1_V13B23-285_D1,1
TTGTTCAGTGTGCTAC-1_V13B23-285_D1,1
TTGTTGTGTGTCAAGA-1_V13B23-285_D1,10
TTGTTTCACATCCAGG-1_V13B23-285_D1,10
TTGTTTCATTAGTCTA-1_V13B23-285_D1,1
TTGTTTCCATACAACT-1_V13B23-285_D1,2
