key,cluster
AAACAAGTATCTCCCA-1_V12D07-075_C1,4
AAACAGAGCGACTCCT-1_V12D07-075_C1,3
AAACATTTCCCGGATT-1_V12D07-075_C1,4
AAACCCGAACGAAATC-1_V12D07-075_C1,3
AAACCGGAAATGTTAA-1_V12D07-075_C1,17
AAACCGGGTAGGTACC-1_V12D07-075_C1,16
AAACCGTTCGTCCAGG-1_V12D07-075_C1,16
AAACCTAAGCAGCCGG-1_V12D07-075_C1,2
AAACCTCATGAAGTTG-1_V12D07-075_C1,2
AAACGAAGAACATACC-1_V12D07-075_C1,8
AAACGAGACGGTTGAT-1_V12D07-075_C1,4
AAACGCTGGGCACGAC-1_V12D07-075_C1,4
AAACGGGCGTACGGGT-1_V12D07-075_C1,1
AAACGGTTGCGAACTG-1_V12D07-075_C1,2
AAACGTGTTCGCCCTA-1_V12D07-075_C1,3
AAACTAACGTGGCGAC-1_V12D07-075_C1,3
AAACTCGGTTCGCAAT-1_V12D07-075_C1,2
AAACTCGTGATATAAG-1_V12D07-075_C1,3
AAACTGCTGGCTCCAA-1_V12D07-075_C1,4
AAAGAATGTGGACTAA-1_V12D07-075_C1,4
AAAGACCCAAGTCGCG-1_V12D07-075_C1,8
AAAGACTGGGCGCTTT-1_V12D07-075_C1,6
AAAGCTTGCCTACATA-1_V12D07-075_C1,3
AAAGGCTACGGACCAT-1_V12D07-075_C1,1
AAAGGCTCTCGCGCCG-1_V12D07-075_C1,19
AAAGGGATGTAGCAAG-1_V12D07-075_C1,1
AAAGGGCAGCTTGAAT-1_V12D07-075_C1,1
AAAGGTAAGCTGTACC-1_V12D07-075_C1,3
AAAGTCACTGATGTAA-1_V12D07-075_C1,8
AAAGTCGACCCTCAGT-1_V12D07-075_C1,2
AAAGTGCCATCAATTA-1_V12D07-075_C1,5
AAAGTGTGATTTATCT-1_V12D07-075_C1,4
AAAGTTGACTCCCGTA-1_V12D07-075_C1,5
AAATAACCATACGGGA-1_V12D07-075_C1,10
AAATAAGGTAGTGCCC-1_V12D07-075_C1,17
AAATACCTATAAGCAT-1_V12D07-075_C1,1
AAATAGCTTAGACTTT-1_V12D07-075_C1,17
AAATAGGGTGCTATTG-1_V12D07-075_C1,5
AAATCGTGTACCACAA-1_V12D07-075_C1,2
AAATCTAGCCCTGCTA-1_V12D07-075_C1,4
AAATGATTCGATCAGC-1_V12D07-075_C1,3
AAATGCTCGTTACGTT-1_V12D07-075_C1,1
AAATGGCATGTCTTGT-1_V12D07-075_C1,1
AAATGGTCAATGTGCC-1_V12D07-075_C1,7
AAATTAACGGGTAGCT-1_V12D07-075_C1,2
AAATTAATAAGCGCGA-1_V12D07-075_C1,6
AAATTACACGACTCTG-1_V12D07-075_C1,17
AAATTACCTATCGATG-1_V12D07-075_C1,11
AAATTCCAGGTCCAAA-1_V12D07-075_C1,20
AAATTGGTGAGAAGCA-1_V12D07-075_C1,3
AAATTTACCGAAATCC-1_V12D07-075_C1,20
AAATTTGCGGGTGTGG-1_V12D07-075_C1,16
AACAACTGGTAGTTGC-1_V12D07-075_C1,7
AACAATTACTCTACGC-1_V12D07-075_C1,6
AACACACGCTCGCCGC-1_V12D07-075_C1,6
AACACGACTGTACTGA-1_V12D07-075_C1,8
AACACGCGGCCGCGAA-1_V12D07-075_C1,8
AACAGGAAATCGAATA-1_V12D07-075_C1,8
AACAGGATGGGCCGCG-1_V12D07-075_C1,7
AACAGGTAGTATGGAT-1_V12D07-075_C1,2
AACATATCAACTGGTG-1_V12D07-075_C1,11
AACATCGATACGTCTA-1_V12D07-075_C1,3
AACATTGTGACTCGAG-1_V12D07-075_C1,1
AACCAAGACTTCTCTG-1_V12D07-075_C1,1
AACCAGTATCACTCTT-1_V12D07-075_C1,3
AACCATGGGATCGCTA-1_V12D07-075_C1,1
AACCCAGAGACGGAGA-1_V12D07-075_C1,6
AACCCGAGCAGAATCG-1_V12D07-075_C1,5
AACCCTACTGTCAATA-1_V12D07-075_C1,5
AACCCTGGTGGAACCA-1_V12D07-075_C1,8
AACCGAGCTTGGTCAT-1_V12D07-075_C1,2
AACCGCTAAGGGATGC-1_V12D07-075_C1,5
AACCGTTGTGTTTGCT-1_V12D07-075_C1,15
AACCTCGCTTTAGCCC-1_V12D07-075_C1,6
AACCTGTCACGGAATT-1_V12D07-075_C1,3
AACCTTTAAATACGGT-1_V12D07-075_C1,2
AACCTTTACGACGTCT-1_V12D07-075_C1,11
AACGATAATGCCGTAG-1_V12D07-075_C1,2
AACGATAGAAGGGCCG-1_V12D07-075_C1,1
AACGATATGTCAACTG-1_V12D07-075_C1,1
AACGCATGATCTGGGT-1_V12D07-075_C1,1
AACGCGAACGGCAACA-1_V12D07-075_C1,7
AACGCGACCTTGGGCG-1_V12D07-075_C1,2
AACGCGGTCTCCAGCC-1_V12D07-075_C1,6
AACGCTGTTGCTGAAA-1_V12D07-075_C1,4
AACGGACGTACGTATA-1_V12D07-075_C1,6
AACGGCCATCTCCGGT-1_V12D07-075_C1,16
AACGTACTGTGGGTAC-1_V12D07-075_C1,16
AACGTCAGACTAGTGG-1_V12D07-075_C1,6
AACGTGATGAAGGACA-1_V12D07-075_C1,10
AACGTGCGAAAGTCTC-1_V12D07-075_C1,4
AACGTTATCAGCACCT-1_V12D07-075_C1,7
AACTACCCGTTTGTCA-1_V12D07-075_C1,13
AACTAGGCTTGGGTGT-1_V12D07-075_C1,1
AACTCAAGTTAATTGC-1_V12D07-075_C1,1
AACTCCAGAGCGTGTT-1_V12D07-075_C1,5
AACTCCTAATCCCATG-1_V12D07-075_C1,13
AACTCGATGGCGCAGT-1_V12D07-075_C1,8
AACTCTCAATAGAGCG-1_V12D07-075_C1,11
AACTCTCAGTGTGCTC-1_V12D07-075_C1,16
AACTGAGGTCAGCGTC-1_V12D07-075_C1,3
AACTGAGTTATACTGA-1_V12D07-075_C1,17
AACTGATATTAGGCCT-1_V12D07-075_C1,15
AACTGGGTCCCGACGT-1_V12D07-075_C1,7
AACTGGTGTGGGCCTT-1_V12D07-075_C1,15
AACTTCTGCGTCTATC-1_V12D07-075_C1,6
AACTTGCCCGTATGCA-1_V12D07-075_C1,1
AACTTGCGTTCTCGCG-1_V12D07-075_C1,1
AACTTTACGGGAGCTT-1_V12D07-075_C1,6
AAGAAGGATCAGTTAG-1_V12D07-075_C1,7
AAGACATACGTGGTTT-1_V12D07-075_C1,2
AAGACCCAACTGAACA-1_V12D07-075_C1,1
AAGACTGCAAGCTACT-1_V12D07-075_C1,2
AAGAGATGAATCGGTA-1_V12D07-075_C1,1
AAGAGCTCTTTATCGG-1_V12D07-075_C1,1
AAGAGGATGTACGCGA-1_V12D07-075_C1,19
AAGAGGCATGGATCGC-1_V12D07-075_C1,4
AAGAGGCCCTTTGGAA-1_V12D07-075_C1,4
AAGATTGGCGGAACGT-1_V12D07-075_C1,2
AAGCACCCTGCGTATC-1_V12D07-075_C1,1
AAGCATACTCTCCTGA-1_V12D07-075_C1,1
AAGCCGAAGCGGTTTA-1_V12D07-075_C1,4
AAGCCGGAGAGCAGGA-1_V12D07-075_C1,5
AAGCGCAGGGCTTTGA-1_V12D07-075_C1,4
AAGCGGCGTCATGGGT-1_V12D07-075_C1,3
AAGCTAGATCGAGTAA-1_V12D07-075_C1,1
AAGCTCGTGCCAAGTC-1_V12D07-075_C1,5
AAGCTCTTTCATGGTG-1_V12D07-075_C1,6
AAGGAGCGGTTGGTGC-1_V12D07-075_C1,1
AAGGATCGATCGCTTG-1_V12D07-075_C1,1
AAGGATGAGGGACCTC-1_V12D07-075_C1,11
AAGGCAGGCTGTCTCC-1_V12D07-075_C1,10
AAGGCGCGTAAAGCTT-1_V12D07-075_C1,7
AAGGCTGTGCTCATCG-1_V12D07-075_C1,1
AAGGGACAGATTCTGT-1_V12D07-075_C1,11
AAGGTATCCTAATATA-1_V12D07-075_C1,10
AAGGTGATAAACCAGC-1_V12D07-075_C1,5
AAGTAGAAGACCGGGT-1_V12D07-075_C1,1
AAGTAGTGACGCGAGG-1_V12D07-075_C1,1
AAGTCAATTGTCGTCA-1_V12D07-075_C1,5
AAGTCTTCTGTGGCCT-1_V12D07-075_C1,19
AAGTGACGACCGAATT-1_V12D07-075_C1,16
AAGTGAGTCGGGTTTA-1_V12D07-075_C1,1
AAGTGCAAAGGTAGAC-1_V12D07-075_C1,7
AAGTGCCTTGACTGTA-1_V12D07-075_C1,4
AAGTGTTTGGAGACGG-1_V12D07-075_C1,5
AAGTTCACTCCAAGCT-1_V12D07-075_C1,5
AAGTTCAGTCTGCGTA-1_V12D07-075_C1,3
AAGTTCGGCCAACAGG-1_V12D07-075_C1,14
AAGTTGTGATGTTATA-1_V12D07-075_C1,1
AAGTTTACTAATGGCA-1_V12D07-075_C1,15
AAGTTTATGGGCCCAA-1_V12D07-075_C1,5
AATAACAACGCTCGGC-1_V12D07-075_C1,7
AATAACACTAGAACAA-1_V12D07-075_C1,14
AATAAGTCCTCGAGAC-1_V12D07-075_C1,21
AATAATCTTCGTATCG-1_V12D07-075_C1,17
AATACAATGTTTCAGG-1_V12D07-075_C1,18
AATAGAACAGAGTGGC-1_V12D07-075_C1,14
AATAGAATCTGTTTCA-1_V12D07-075_C1,1
AATAGCAAGCCTCCTG-1_V12D07-075_C1,3
AATAGCTACCGCGTGC-1_V12D07-075_C1,3
AATAGTCCGTCCCGAC-1_V12D07-075_C1,2
AATAGTCGCGAGTCGG-1_V12D07-075_C1,7
AATATCAAGGTCGGAT-1_V12D07-075_C1,21
AATATCGAATCAATGC-1_V12D07-075_C1,11
AATATCGAGGGTTCTC-1_V12D07-075_C1,11
AATATTGGAGTATTGA-1_V12D07-075_C1,18
AATCAGACTGCAGGAC-1_V12D07-075_C1,1
AATCATGTAAAGACTC-1_V12D07-075_C1,4
AATCCAAGGGCCTGAG-1_V12D07-075_C1,7
AATCCATGCAAGGGTG-1_V12D07-075_C1,15
AATCGCCTCAGCGCCA-1_V12D07-075_C1,2
AATCGCGCAGAGGACT-1_V12D07-075_C1,10
AATCGGGACACTACGA-1_V12D07-075_C1,8
AATCGGTATAGCCCTC-1_V12D07-075_C1,9
AATCGTGAGCCGAGCA-1_V12D07-075_C1,5
AATCTATGCCGGAGCC-1_V12D07-075_C1,2
AATCTCTACTGTGGTT-1_V12D07-075_C1,9
AATCTGCGTTGGGACG-1_V12D07-075_C1,14
AATGACAGCAATGTCT-1_V12D07-075_C1,16
AATGACGTAGGATGTC-1_V12D07-075_C1,5
AATGACTGTCAGCCGG-1_V12D07-075_C1,7
AATGAGTTCGCATATG-1_V12D07-075_C1,6
AATGATGATACGCTAT-1_V12D07-075_C1,10
AATGATGCGACTCCTG-1_V12D07-075_C1,17
AATGCAACCGGGTACC-1_V12D07-075_C1,1
AATGCACCAAGCAATG-1_V12D07-075_C1,10
AATGGTCCACCGTTCA-1_V12D07-075_C1,1
AATGGTTCTCACAAGC-1_V12D07-075_C1,1
AATGTTGTCGTGAGAC-1_V12D07-075_C1,2
AATTAAAGGTCGGCGT-1_V12D07-075_C1,2
AATTAACGGATTTCCA-1_V12D07-075_C1,1
AATTACTCGTACGCTC-1_V12D07-075_C1,18
AATTAGCGCTGCAGCG-1_V12D07-075_C1,1
AATTCATAAGGGATCT-1_V12D07-075_C1,10
AATTCCAAGCATGTAC-1_V12D07-075_C1,4
AATTCGATTCGAGGAT-1_V12D07-075_C1,2
AATTCTAGAGTTAGGC-1_V12D07-075_C1,1
AATTGAACGCTCTGGT-1_V12D07-075_C1,5
AATTGCAGCAATCGAC-1_V12D07-075_C1,1
AATTGTGGTTGCCAAA-1_V12D07-075_C1,4
AATTTGGGACATAGTA-1_V12D07-075_C1,3
AATTTGGTTCCAAAGA-1_V12D07-075_C1,8
ACAAAGCATGACCTAG-1_V12D07-075_C1,5
ACAAATCGCACCGAAT-1_V12D07-075_C1,2
ACAAATGGTAGTGTTT-1_V12D07-075_C1,1
ACAAATTCAGATCTGA-1_V12D07-075_C1,3
ACAACAGCATGAGCTA-1_V12D07-075_C1,4
ACAACGGTCCCTGCGA-1_V12D07-075_C1,1
ACAAGCAGTGCCTAGC-1_V12D07-075_C1,1
ACAAGCTATATGGAAG-1_V12D07-075_C1,6
ACAAGGAAATCCGCCC-1_V12D07-075_C1,2
ACAAGGACAAGAGGTT-1_V12D07-075_C1,6
ACAAGGATGCTTTAGG-1_V12D07-075_C1,1
ACAAGGGCAGGCTCTG-1_V12D07-075_C1,2
ACAATCCATTTAAACC-1_V12D07-075_C1,7
ACAATGATTCTTCTAC-1_V12D07-075_C1,20
ACAATTGTGTCTCTTT-1_V12D07-075_C1,1
ACAATTTAGGAGGCTC-1_V12D07-075_C1,6
ACAATTTGAGCAGTGG-1_V12D07-075_C1,11
ACAATTTGGCCATATT-1_V12D07-075_C1,10
ACACAAAGACGGGTGG-1_V12D07-075_C1,1
ACACACCAGGACCAGT-1_V12D07-075_C1,5
ACACACTTTCTACACG-1_V12D07-075_C1,1
ACACATTGACGCAACA-1_V12D07-075_C1,5
ACACCACATAATTAGC-1_V12D07-075_C1,3
ACACCCAGCATGCAGC-1_V12D07-075_C1,3
ACACCCGAGAAATCCG-1_V12D07-075_C1,1
ACACCGAGCGCTCTTT-1_V12D07-075_C1,6
ACACCTTAAGTAGGGC-1_V12D07-075_C1,1
ACACCTTACTACTTGC-1_V12D07-075_C1,2
ACACGAGACTCCTTCT-1_V12D07-075_C1,1
ACACGGCACTATGCAT-1_V12D07-075_C1,7
ACACGGGAACTTAGGG-1_V12D07-075_C1,4
ACACGTAGGCCACAAG-1_V12D07-075_C1,5
ACACTCCAATGTCACT-1_V12D07-075_C1,1
ACACTGATCAAGGTGT-1_V12D07-075_C1,9
ACACTGGGACAGTCGT-1_V12D07-075_C1,4
ACAGATTAGGTTAGTG-1_V12D07-075_C1,8
ACAGCATAGAGCCAGT-1_V12D07-075_C1,8
ACAGCGACATTCTCAT-1_V12D07-075_C1,2
ACAGCGCACCCGCAGC-1_V12D07-075_C1,13
ACAGGCACGGATCCTT-1_V12D07-075_C1,4
ACAGGCTTGCCCGACT-1_V12D07-075_C1,2
ACAGGTGGAGGTGAGG-1_V12D07-075_C1,14
ACAGGTGTGTTGTTGC-1_V12D07-075_C1,9
ACAGTATACCGTGGGA-1_V12D07-075_C1,3
ACATAATAAGGCGGTG-1_V12D07-075_C1,13
ACATCAGCTGGGACGC-1_V12D07-075_C1,1
ACATCCCGGCCATACG-1_V12D07-075_C1,1
ACATCCTGGTAACTGT-1_V12D07-075_C1,4
ACATCGATCGTTTACC-1_V12D07-075_C1,4
ACATCGGTCAGCCGCG-1_V12D07-075_C1,2
ACATCGTATGCAATGG-1_V12D07-075_C1,4
ACATCGTTAACCTAGT-1_V12D07-075_C1,8
ACATGGCGCCAAAGTA-1_V12D07-075_C1,9
ACATGGCTCAATTTAG-1_V12D07-075_C1,6
ACATTAGTTTATATCC-1_V12D07-075_C1,1
ACCAAACACCCAGCGA-1_V12D07-075_C1,3
ACCAACACCACACACT-1_V12D07-075_C1,3
ACCAACCGCACTCCAC-1_V12D07-075_C1,2
ACCAACGCTTATTTAT-1_V12D07-075_C1,9
ACCAAGAACGCGTGTC-1_V12D07-075_C1,7
ACCAAGTCATCGGCAG-1_V12D07-075_C1,4
ACCAATATGCAAGTTA-1_V12D07-075_C1,21
ACCACAACTCAGAACA-1_V12D07-075_C1,13
ACCACAAGTTTCTATC-1_V12D07-075_C1,7
ACCACCAATGTAACAA-1_V12D07-075_C1,9
ACCACCCTCTCTTCTA-1_V12D07-075_C1,13
ACCACGTGCAGCTATA-1_V12D07-075_C1,4
ACCACTGTTCAAGAAG-1_V12D07-075_C1,6
ACCAGACCATAACAAC-1_V12D07-075_C1,6
ACCAGCCCGGTCTTTG-1_V12D07-075_C1,15
ACCAGTGCCCGGTCAA-1_V12D07-075_C1,3
ACCAGTGCGGGAGACG-1_V12D07-075_C1,5
ACCATATCCGCAATAA-1_V12D07-075_C1,1
ACCATCGTATATGGTA-1_V12D07-075_C1,1
ACCATTAAGGGTGTCA-1_V12D07-075_C1,5
ACCCAACGCCCGTGGC-1_V12D07-075_C1,14
ACCCACCTACATGCTC-1_V12D07-075_C1,1
ACCCATCTTGAGGGTA-1_V12D07-075_C1,6
ACCCATTTGTCCCTCT-1_V12D07-075_C1,6
ACCCGGAAACTCCCAG-1_V12D07-075_C1,2
ACCCGGAGCACCACAA-1_V12D07-075_C1,2
ACCCGGATGACGCATC-1_V12D07-075_C1,11
ACCCGGTTACACTTCC-1_V12D07-075_C1,2
ACCCGTAGTCTAGTTG-1_V12D07-075_C1,4
ACCCGTGTCATCAGTA-1_V12D07-075_C1,2
ACCCTATAGGACTGAG-1_V12D07-075_C1,1
ACCCTATGCCATATCG-1_V12D07-075_C1,16
ACCCTCCCGTCAGGGC-1_V12D07-075_C1,6
ACCCTCCCTTGCTATT-1_V12D07-075_C1,4
ACCCTGGTAACGCCCT-1_V12D07-075_C1,3
ACCCTTCATCTGCGAA-1_V12D07-075_C1,2
ACCCTTTAGTTCTCCA-1_V12D07-075_C1,5
ACCGAAAGGGCCCTGC-1_V12D07-075_C1,21
ACCGACACATCTCCCA-1_V12D07-075_C1,2
ACCGACTGAGTCCCAC-1_V12D07-075_C1,2
ACCGATAGGCATAACC-1_V12D07-075_C1,4
ACCGATATTTAATCAT-1_V12D07-075_C1,17
ACCGATGGTAGCATCG-1_V12D07-075_C1,11
ACCGCAATAACTGCCT-1_V12D07-075_C1,2
ACCGCGGTGGAAGTCG-1_V12D07-075_C1,9
ACCGGGCCTTTGTTGA-1_V12D07-075_C1,5
ACCGTTCCCGCTCTGA-1_V12D07-075_C1,15
ACCTAATCGACTTCCT-1_V12D07-075_C1,18
ACCTACAGTATGTGGT-1_V12D07-075_C1,10
ACCTACTATAAATCTA-1_V12D07-075_C1,2
ACCTCCGCCCTCGCTG-1_V12D07-075_C1,4
ACCTCCGTTATTCACC-1_V12D07-075_C1,10
ACGAAATGGGCGGCAC-1_V12D07-075_C1,18
ACGACCCATGAGTTGC-1_V12D07-075_C1,4
ACGACTCTAGGGCCGA-1_V12D07-075_C1,19
ACGAGAACCCATCACG-1_V12D07-075_C1,8
ACGAGATATTTGCTTA-1_V12D07-075_C1,1
ACGAGTACGGATGCCC-1_V12D07-075_C1,11
ACGATACATAGAACTA-1_V12D07-075_C1,17
ACGATACCTATCCTGA-1_V12D07-075_C1,2
ACGATCATACATAGAG-1_V12D07-075_C1,2
ACGATCATCTTGTAAA-1_V12D07-075_C1,11
ACGATGCATATGTTAT-1_V12D07-075_C1,1
ACGATGGATCCGATGC-1_V12D07-075_C1,8
ACGCAAACTAATAGAT-1_V12D07-075_C1,19
ACGCAATCACTACAGC-1_V12D07-075_C1,3
ACGCATAAATGACATG-1_V12D07-075_C1,3
ACGCATACGTTTACTA-1_V12D07-075_C1,5
ACGCATTCGTGAGTAC-1_V12D07-075_C1,5
ACGCCAGATGATTTCT-1_V12D07-075_C1,15
ACGCCAGTGCGTTTGC-1_V12D07-075_C1,9
ACGCCGCTAGACGACC-1_V12D07-075_C1,1
ACGCGAAGTCAGACGA-1_V12D07-075_C1,1
ACGCGCTACACAGGGT-1_V12D07-075_C1,9
ACGCGGGCCAAGGACA-1_V12D07-075_C1,2
ACGCGTTTCTTAAGAG-1_V12D07-075_C1,6
ACGCTAGTGATACACT-1_V12D07-075_C1,11
ACGCTGTGAGGCGTAG-1_V12D07-075_C1,9
ACGGAATTTAGCAAAT-1_V12D07-075_C1,7
ACGGACTCTCAAAGCG-1_V12D07-075_C1,5
ACGGAGCGCAAATTAC-1_V12D07-075_C1,3
ACGGATGGTGCGGATA-1_V12D07-075_C1,1
ACGGCACTTGCTTGGG-1_V12D07-075_C1,2
ACGGCCAACATGGACT-1_V12D07-075_C1,9
ACGGCGACGATGGGAA-1_V12D07-075_C1,5
ACGGCGGGTTGCCCTG-1_V12D07-075_C1,8
ACGGGCGTATGCGACA-1_V12D07-075_C1,3
ACGGGTCATGTGACTT-1_V12D07-075_C1,6
ACGGTACAGTTCAATG-1_V12D07-075_C1,1
ACGTACAGATTTCTCT-1_V12D07-075_C1,8
ACGTAGATTGCTGATG-1_V12D07-075_C1,5
ACGTAGGAGAGTCGCT-1_V12D07-075_C1,9
ACGTATTACTCCGATC-1_V12D07-075_C1,5
ACGTGCGCCTCGTGCA-1_V12D07-075_C1,7
ACGTTAATGTCGAAGA-1_V12D07-075_C1,1
ACGTTAGATTTGCCCG-1_V12D07-075_C1,2
ACGTTATTGGTCACTC-1_V12D07-075_C1,2
ACGTTCCGCGCTCCGT-1_V12D07-075_C1,12
ACGTTCGCAATCAATT-1_V12D07-075_C1,3
ACGTTCGTTCAGGAAA-1_V12D07-075_C1,16
ACGTTCTGTACAAGTC-1_V12D07-075_C1,5
ACGTTTAGTTGTGATC-1_V12D07-075_C1,1
ACTAATACGTCAGGCG-1_V12D07-075_C1,3
ACTACCAGCTCTCTGG-1_V12D07-075_C1,1
ACTACGCGTTAGAATT-1_V12D07-075_C1,2
ACTAGTTGCGATCGTC-1_V12D07-075_C1,5
ACTATATGCTGTGTTC-1_V12D07-075_C1,3
ACTATCCAGGGCATGG-1_V12D07-075_C1,2
ACTATCGCCGGCTAAA-1_V12D07-075_C1,5
ACTATCTGCCCGCGTA-1_V12D07-075_C1,2
ACTATTCGTCCGTGGT-1_V12D07-075_C1,8
ACTATTTCCGGGCCCA-1_V12D07-075_C1,9
ACTCAACGAATGTATT-1_V12D07-075_C1,15
ACTCAAGTGCAAGGCT-1_V12D07-075_C1,1
ACTCAATAAAGGCACG-1_V12D07-075_C1,2
ACTCAGACCTGCTTCT-1_V12D07-075_C1,21
ACTCCCGAATTCGTTT-1_V12D07-075_C1,20
ACTCCCTAATGCTAAA-1_V12D07-075_C1,2
ACTCCCTAGAATAGTA-1_V12D07-075_C1,1
ACTCCGGCCGACCACT-1_V12D07-075_C1,4
ACTCGATGTATTTCAT-1_V12D07-075_C1,6
ACTCGCCGTTCGATAA-1_V12D07-075_C1,1
ACTCGCGATCTGACGC-1_V12D07-075_C1,3
ACTCGTCAGTAATCCC-1_V12D07-075_C1,4
ACTCTAAACCTGGGAT-1_V12D07-075_C1,7
ACTCTCTGACTTAGGT-1_V12D07-075_C1,2
ACTCTCTTATACACGA-1_V12D07-075_C1,7
ACTCTGACCTAATAGA-1_V12D07-075_C1,5
ACTCTTCAGCTCCCGC-1_V12D07-075_C1,3
ACTCTTGTATAGTAAC-1_V12D07-075_C1,2
ACTGAAACGCCGTTAG-1_V12D07-075_C1,4
ACTGAATGGCGAAAGT-1_V12D07-075_C1,6
ACTGCCGTCGTAACTC-1_V12D07-075_C1,7
ACTGCGGACACACCGT-1_V12D07-075_C1,3
ACTGTACGATACACAT-1_V12D07-075_C1,2
ACTGTAGCACTTTGGA-1_V12D07-075_C1,1
ACTGTATACGCGAGCA-1_V12D07-075_C1,8
ACTGTCCAGGATTATA-1_V12D07-075_C1,1
ACTGTCTTCTTTAGAA-1_V12D07-075_C1,2
ACTGTGCTAGTAGATC-1_V12D07-075_C1,1
ACTTACCGGGCGCGCA-1_V12D07-075_C1,3
ACTTACGCATCCACGC-1_V12D07-075_C1,10
ACTTAGTACGACAAGA-1_V12D07-075_C1,7
ACTTATACTTACCCGG-1_V12D07-075_C1,2
ACTTATTAGGATCGGT-1_V12D07-075_C1,2
ACTTATTTATGTGCCA-1_V12D07-075_C1,5
ACTTCAGGCTGATCCC-1_V12D07-075_C1,2
ACTTCCATGCGGGACA-1_V12D07-075_C1,6
ACTTCGCCATACGCAC-1_V12D07-075_C1,2
ACTTCGCTAGCGAGTG-1_V12D07-075_C1,3
ACTTGACTCCCTCTTT-1_V12D07-075_C1,1
ACTTGGGACCCGGTGG-1_V12D07-075_C1,1
ACTTGTGGATGGAACG-1_V12D07-075_C1,5
ACTTTACCCTCATGAA-1_V12D07-075_C1,20
ACTTTCCTATAGCTTC-1_V12D07-075_C1,5
ACTTTGACTGCATCCT-1_V12D07-075_C1,9
ACTTTGTCGACGCACT-1_V12D07-075_C1,11
AGAAATTATGACTCGC-1_V12D07-075_C1,11
AGAACCCAGCGTGACA-1_V12D07-075_C1,3
AGAACGTGGTACATTC-1_V12D07-075_C1,9
AGAAGAGCGCCGTTCC-1_V12D07-075_C1,18
AGAAGGTTGCCGAATT-1_V12D07-075_C1,2
AGAAGGTTGTAGGTCG-1_V12D07-075_C1,5
AGAATAAATCTTCAGG-1_V12D07-075_C1,6
AGAATGCGGGTTCGGA-1_V12D07-075_C1,3
AGAATTATGGATTCGA-1_V12D07-075_C1,14
AGAATTGTTTGACATA-1_V12D07-075_C1,6
AGACAGCTCAGAATCC-1_V12D07-075_C1,18
AGACAGGCATCTCAGC-1_V12D07-075_C1,17
AGACATAGATCCTTCC-1_V12D07-075_C1,8
AGACCATGGGATACAA-1_V12D07-075_C1,1
AGACCCACCGCTGATC-1_V12D07-075_C1,1
AGACCCGCCCTCCTCG-1_V12D07-075_C1,1
AGACCGCTCCGCGGTT-1_V12D07-075_C1,4
AGACGAAGTGCCGGTC-1_V12D07-075_C1,4
AGACGCCCACTTCGCC-1_V12D07-075_C1,5
AGACGGGCCGATTTAA-1_V12D07-075_C1,3
AGACTAGCCTTCCAGA-1_V12D07-075_C1,7
AGACTGTTACCGGGTC-1_V12D07-075_C1,16
AGAGAACCGTCTAGGA-1_V12D07-075_C1,11
AGAGCAGTTATGAGAC-1_V12D07-075_C1,18
AGAGCCGCCGAGATTT-1_V12D07-075_C1,5
AGAGCGGGCTAATCAT-1_V12D07-075_C1,8
AGAGCGTACAAGCTCG-1_V12D07-075_C1,1
AGAGCTACGAAAGCAT-1_V12D07-075_C1,7
AGAGGCTTCGGAAACC-1_V12D07-075_C1,5
AGAGGGACAATTGTCC-1_V12D07-075_C1,3
AGAGTAAACTTCACTA-1_V12D07-075_C1,19
AGAGTATAGTGTTACG-1_V12D07-075_C1,20
AGAGTTAGAGACCGAT-1_V12D07-075_C1,3
AGATAACTTCAGGGCC-1_V12D07-075_C1,7
AGATACCAATAGAACC-1_V12D07-075_C1,5
AGATACCAGCACTTCA-1_V12D07-075_C1,3
AGATACCGGTGTTCAC-1_V12D07-075_C1,2
AGATACGACTTCATAT-1_V12D07-075_C1,6
AGATACTCAAGATCGA-1_V12D07-075_C1,2
AGATATAATACGACTA-1_V12D07-075_C1,4
AGATCGTGCATAAGAT-1_V12D07-075_C1,13
AGATCTCAGGTGTGAT-1_V12D07-075_C1,4
AGATGACTCGCCCACG-1_V12D07-075_C1,12
AGATGAGGGTTGCGAT-1_V12D07-075_C1,3
AGATGATGGAGTCTGG-1_V12D07-075_C1,17
AGATGCTATAACGAGC-1_V12D07-075_C1,6
AGATTATAGGACGTTT-1_V12D07-075_C1,2
AGCAAAGGCCGCTAGT-1_V12D07-075_C1,2
AGCAACATATCTTATT-1_V12D07-075_C1,4
AGCACCAGTACTCACG-1_V12D07-075_C1,1
AGCACTACCGGCCTGT-1_V12D07-075_C1,7
AGCACTACCTCACCAG-1_V12D07-075_C1,1
AGCACTTAAGGACGCC-1_V12D07-075_C1,7
AGCAGAAGGAGAAAGA-1_V12D07-075_C1,4
AGCAGCCAGATGAATA-1_V12D07-075_C1,1
AGCATATCAATATGCT-1_V12D07-075_C1,1
AGCATCGTCGATAATT-1_V12D07-075_C1,12
AGCATTACGAGGCAAG-1_V12D07-075_C1,2
AGCCAAGCTTTGTGTC-1_V12D07-075_C1,2
AGCCACAGGTTACCCG-1_V12D07-075_C1,5
AGCCACTCCCGTGCTT-1_V12D07-075_C1,10
AGCCATATAGTATGTG-1_V12D07-075_C1,9
AGCCCATACATGTAAG-1_V12D07-075_C1,16
AGCCCGCAACAAGCAG-1_V12D07-075_C1,1
AGCCCGGTAGCCTGTA-1_V12D07-075_C1,19
AGCCCTAAGCGAAGTT-1_V12D07-075_C1,13
AGCCCTGTCGCACCGT-1_V12D07-075_C1,20
AGCCCTTCTAATCCGA-1_V12D07-075_C1,3
AGCCCTTGGACATCCC-1_V12D07-075_C1,5
AGCCGCAAATTCAAAT-1_V12D07-075_C1,6
AGCCGCTTGATTAGCG-1_V12D07-075_C1,5
AGCCTTAAAGCGGAAG-1_V12D07-075_C1,18
AGCGACAGGAACGGTC-1_V12D07-075_C1,14
AGCGACATCCCATTCA-1_V12D07-075_C1,8
AGCGACCAACGATATT-1_V12D07-075_C1,1
AGCGATGCGCCTAATA-1_V12D07-075_C1,5
AGCGCATAATGAATCG-1_V12D07-075_C1,1
AGCGCGGGTGCCAATG-1_V12D07-075_C1,10
AGCGCTAGAGCGATGT-1_V12D07-075_C1,3
AGCGCTTATGGGCAAG-1_V12D07-075_C1,20
AGCGGACACTTCGTAG-1_V12D07-075_C1,2
AGCGGGAAGGGTCCAT-1_V12D07-075_C1,8
AGCGGGTCTGACACTC-1_V12D07-075_C1,5
AGCGGTTGCCGCTCTG-1_V12D07-075_C1,3
AGCGTACGAGAGCTAG-1_V12D07-075_C1,1
AGCGTCTGAACCCGCA-1_V12D07-075_C1,15
AGCGTGGTATTCTACT-1_V12D07-075_C1,1
AGCTAAGTACGCAGGC-1_V12D07-075_C1,2
AGCTAGAAGCAGAAGT-1_V12D07-075_C1,10
AGCTATTTAATCCAAC-1_V12D07-075_C1,12
AGCTCCATATATGTTC-1_V12D07-075_C1,5
AGCTCCTTCGCACATC-1_V12D07-075_C1,2
AGCTCTAGACGTTCCA-1_V12D07-075_C1,14
AGCTCTTCCCAGTGCA-1_V12D07-075_C1,10
AGCTCTTCGTAACCTT-1_V12D07-075_C1,11
AGCTCTTTACTCAGTT-1_V12D07-075_C1,2
AGCTGAAGTAAACCAA-1_V12D07-075_C1,17
AGCTTATAGAGACCTG-1_V12D07-075_C1,8
AGCTTCTTCTCGAGCA-1_V12D07-075_C1,2
AGCTTGATCTTAACTT-1_V12D07-075_C1,14
AGGAACGAACGACTTC-1_V12D07-075_C1,4
AGGAAGCTGTCCGCCG-1_V12D07-075_C1,2
AGGACAGTCGAATCCC-1_V12D07-075_C1,6
AGGACATCGCACGTCG-1_V12D07-075_C1,18
AGGACATCGGCACACT-1_V12D07-075_C1,4
AGGACGACCCATTAGA-1_V12D07-075_C1,2
AGGACGCTCGATGTTG-1_V12D07-075_C1,10
AGGACTTATAGGAGAA-1_V12D07-075_C1,5
AGGAGACATCCACAGT-1_V12D07-075_C1,3
AGGAGGCCTTCGCGCG-1_V12D07-075_C1,6
AGGATAAAGTCGGGAT-1_V12D07-075_C1,2
AGGATATAGGGATTTA-1_V12D07-075_C1,5
AGGATATCCGACTGCA-1_V12D07-075_C1,14
AGGATTGCTTACGACA-1_V12D07-075_C1,3
AGGCACGTGACTGTCC-1_V12D07-075_C1,4
AGGCAGATGCGTAAAC-1_V12D07-075_C1,11
AGGCAGGGAGCGTACT-1_V12D07-075_C1,9
AGGCATTGTCGTAGGG-1_V12D07-075_C1,1
AGGCCACATTGGTTAC-1_V12D07-075_C1,3
AGGCCACCCGTTATGA-1_V12D07-075_C1,2
AGGCCCAGTGACTGGT-1_V12D07-075_C1,1
AGGCCCATTGTACAGG-1_V12D07-075_C1,7
AGGCCTGAGAATCTCG-1_V12D07-075_C1,2
AGGCGATAACTGGCGT-1_V12D07-075_C1,4
AGGCGTCTATGGACGG-1_V12D07-075_C1,3
AGGCTATGGTTAGCTT-1_V12D07-075_C1,7
AGGCTTCCCGAAGAAG-1_V12D07-075_C1,14
AGGCTTGCTAGACACC-1_V12D07-075_C1,1
AGGGAAACGAGGTACT-1_V12D07-075_C1,3
AGGGACCGGCTGCGTT-1_V12D07-075_C1,3
AGGGACTCTACGCGAC-1_V12D07-075_C1,2
AGGGAGACATACTTCG-1_V12D07-075_C1,3
AGGGCAGCGGCGTGGT-1_V12D07-075_C1,8
AGGGCCCTAATGTTCT-1_V12D07-075_C1,4
AGGGCGTGATCGGCTA-1_V12D07-075_C1,1
AGGGCTGCAGTTACAG-1_V12D07-075_C1,4
AGGGTCAGTAACCCTA-1_V12D07-075_C1,13
AGGGTCGATGCGAACT-1_V12D07-075_C1,11
AGGGTCTGGACGCAGT-1_V12D07-075_C1,19
AGGGTGCTCTCGAGGG-1_V12D07-075_C1,14
AGGGTGGATAGTGCAT-1_V12D07-075_C1,6
AGGGTTCCCTTTGGTT-1_V12D07-075_C1,16
AGGGTTTAGTTCGGGA-1_V12D07-075_C1,2
AGGTAACCTCCTATTC-1_V12D07-075_C1,8
AGGTACGATATTGCCA-1_V12D07-075_C1,15
AGGTAGGTACAAAGCT-1_V12D07-075_C1,7
AGGTATAATTGATAGT-1_V12D07-075_C1,2
AGGTATGCGGACATTA-1_V12D07-075_C1,3
AGGTCGCCTCCCAACA-1_V12D07-075_C1,4
AGGTCGCGGAGTTACT-1_V12D07-075_C1,3
AGGTGCACGTCCACAT-1_V12D07-075_C1,4
AGGTGGTGACCTTCGC-1_V12D07-075_C1,2
AGGTGTATCGCCATGA-1_V12D07-075_C1,9
AGGTGTTGCCGACCAC-1_V12D07-075_C1,4
AGGTTACACCATGCCG-1_V12D07-075_C1,20
AGGTTGAGGCACGCTT-1_V12D07-075_C1,13
AGGTTTCACACACCTT-1_V12D07-075_C1,1
AGTAACGTTCATCCTG-1_V12D07-075_C1,3
AGTAACTATAGCAGCC-1_V12D07-075_C1,19
AGTAATGTCTTGCCGC-1_V12D07-075_C1,15
AGTACATCATTTATCA-1_V12D07-075_C1,12
AGTACCTTCGAGTGCT-1_V12D07-075_C1,3
AGTACGGCCCGTATCG-1_V12D07-075_C1,6
AGTACGGGCACCTGGC-1_V12D07-075_C1,10
AGTACGTGGCCTGTCT-1_V12D07-075_C1,3
AGTACTCTTATGCCCA-1_V12D07-075_C1,2
AGTAGAAGGCGCCTCA-1_V12D07-075_C1,4
AGTAGGAAGGAAGTTG-1_V12D07-075_C1,3
AGTAGGTAACATACAT-1_V12D07-075_C1,15
AGTATAATACTAGGCA-1_V12D07-075_C1,2
AGTATACACAGCGACA-1_V12D07-075_C1,1
AGTATTTGGCACGACC-1_V12D07-075_C1,9
AGTCAACACCACCATC-1_V12D07-075_C1,2
AGTCAAGATGACACTT-1_V12D07-075_C1,4
AGTCACTAGCTCTCGA-1_V12D07-075_C1,4
AGTCAGCCACCGCCTG-1_V12D07-075_C1,1
AGTCCATTGGCTGATG-1_V12D07-075_C1,5
AGTCCCGCCTTTAATT-1_V12D07-075_C1,13
AGTCCCTCGCAGAAAG-1_V12D07-075_C1,3
AGTCGACGGTCTCAAG-1_V12D07-075_C1,4
AGTCGGCCCAAACGAC-1_V12D07-075_C1,1
AGTCGGTTGCGTGAGA-1_V12D07-075_C1,3
AGTCGTATAAAGCAGA-1_V12D07-075_C1,2
AGTCGTCGACCACCAA-1_V12D07-075_C1,4
AGTCTAAAGTATACTC-1_V12D07-075_C1,3
AGTCTGGACATCCTTG-1_V12D07-075_C1,18
AGTCTTCTCCTCAAAT-1_V12D07-075_C1,1
AGTCTTTAAAGTGTCC-1_V12D07-075_C1,4
AGTGAACAAACTTCTC-1_V12D07-075_C1,4
AGTGAAGATGGTGTCC-1_V12D07-075_C1,3
AGTGACCTACTTTACG-1_V12D07-075_C1,2
AGTGAGACTTCCAGTA-1_V12D07-075_C1,4
AGTGAGCCTCGCCGCC-1_V12D07-075_C1,9
AGTGAGGGTTTCTGAC-1_V12D07-075_C1,10
AGTGAGTCGAATTAAC-1_V12D07-075_C1,6
AGTGATAACCTGCGCG-1_V12D07-075_C1,4
AGTGATATGAGTAGTT-1_V12D07-075_C1,19
AGTGATTCAAGCAGGA-1_V12D07-075_C1,4
AGTGCACGCTTAAGAA-1_V12D07-075_C1,2
AGTGCGTAGCTCGTAA-1_V12D07-075_C1,9
AGTGCTAAACACAGCA-1_V12D07-075_C1,5
AGTGCTTGCACGAATA-1_V12D07-075_C1,4
AGTGGCGGCAATTTGA-1_V12D07-075_C1,11
AGTGGCGTCTGAAGGT-1_V12D07-075_C1,2
AGTGGCTCCGTCGGCC-1_V12D07-075_C1,16
AGTGGGAGTATACACG-1_V12D07-075_C1,6
AGTGGTTGCGTATAGG-1_V12D07-075_C1,6
AGTGTATTGCGCATTG-1_V12D07-075_C1,11
AGTGTGCTAAGATCGC-1_V12D07-075_C1,6
AGTGTGGTCTATTGTG-1_V12D07-075_C1,2
AGTTAAACACTTGCGA-1_V12D07-075_C1,6
AGTTAAGCGGTCCCGG-1_V12D07-075_C1,12
AGTTACCCTTAAGACT-1_V12D07-075_C1,7
AGTTACCGCACATGGT-1_V12D07-075_C1,6
AGTTACTCTATCGTGG-1_V12D07-075_C1,10
AGTTCACCGGTTGGAC-1_V12D07-075_C1,6
AGTTCCTACAGAATTA-1_V12D07-075_C1,1
AGTTCCTATTTATGTT-1_V12D07-075_C1,6
AGTTCTGCGTTGTATC-1_V12D07-075_C1,18
AGTTGACATCGGCTGG-1_V12D07-075_C1,8
AGTTGACGGTCCTTGC-1_V12D07-075_C1,5
AGTTGCTGACTGATAT-1_V12D07-075_C1,7
AGTTGGCAAGGCTAGA-1_V12D07-075_C1,2
AGTTTATGTAAAGACA-1_V12D07-075_C1,3
AGTTTCGCAGGTCGGA-1_V12D07-075_C1,15
AGTTTGCACCTGCCTC-1_V12D07-075_C1,1
AGTTTGGCACGGGTTG-1_V12D07-075_C1,4
AGTTTGGCCAGACCTA-1_V12D07-075_C1,14
ATAAACGGACCCGTAA-1_V12D07-075_C1,1
ATAAACGTTGCACCAC-1_V12D07-075_C1,6
ATAAAGGCTCGGTCGT-1_V12D07-075_C1,4
ATAAAGGTCAAGTACG-1_V12D07-075_C1,2
ATAAATATTAGCAGCT-1_V12D07-075_C1,2
ATAACGCCGGAGGGTC-1_V12D07-075_C1,4
ATAACGGAGTCCAACG-1_V12D07-075_C1,21
ATAACGTTACCTCCAC-1_V12D07-075_C1,3
ATAAGGTGGAGAACAT-1_V12D07-075_C1,1
ATAAGTACCCGATTGT-1_V12D07-075_C1,20
ATAAGTAGGATTCAGA-1_V12D07-075_C1,11
ATAAGTAGGGCGACTC-1_V12D07-075_C1,1
ATAAGTTACCGCGACG-1_V12D07-075_C1,19
ATAATACCGTTAGCCG-1_V12D07-075_C1,6
ATAATAGCTGTTGAAT-1_V12D07-075_C1,2
ATAATAGTGTAGGGAC-1_V12D07-075_C1,8
ATAATCTTGGAGAACC-1_V12D07-075_C1,1
ATAATTAGCTAAGTAG-1_V12D07-075_C1,5
ATACAGGCCCTCCAAT-1_V12D07-075_C1,2
ATACCACGGGCAACTT-1_V12D07-075_C1,2
ATACCAGGCTAATAGA-1_V12D07-075_C1,8
ATACCGTCATCCATAA-1_V12D07-075_C1,20
ATACCTAACCAAGAAA-1_V12D07-075_C1,4
ATACGAAGGCTTTCCA-1_V12D07-075_C1,3
ATACGCCGGCGAAACC-1_V12D07-075_C1,1
ATACGGGTTTCGATTG-1_V12D07-075_C1,10
ATACGGTGAAGATGCA-1_V12D07-075_C1,2
ATACGTACTTAGCCAC-1_V12D07-075_C1,1
ATACGTCCACTCCTGT-1_V12D07-075_C1,5
ATACGTTATGCACGGA-1_V12D07-075_C1,2
ATACTACCCGTACCAC-1_V12D07-075_C1,4
ATACTAGCATGACCCT-1_V12D07-075_C1,12
ATACTCTCGCCACTCT-1_V12D07-075_C1,7
ATACTGCCTTACACCG-1_V12D07-075_C1,2
ATACTTGTTCTCGAGC-1_V12D07-075_C1,2
ATAGACAACGGGACCT-1_V12D07-075_C1,11
ATAGACGAAGAGAAAG-1_V12D07-075_C1,6
ATAGAGTACTGGGACA-1_V12D07-075_C1,1
ATAGAGTTATCAACTT-1_V12D07-075_C1,11
ATAGCAACTAGGGAAG-1_V12D07-075_C1,1
ATAGCCTCAGTACCCA-1_V12D07-075_C1,6
ATAGCTGCTCTTGTTA-1_V12D07-075_C1,6
ATAGGAATCTAAGCTT-1_V12D07-075_C1,3
ATAGGCGGCTATAGAA-1_V12D07-075_C1,16
ATAGGCTAGCTTCGCA-1_V12D07-075_C1,11
ATAGGGATATCCTTGA-1_V12D07-075_C1,2
ATAGGTTGGGCAGATG-1_V12D07-075_C1,4
ATAGTCTTTGACGTGC-1_V12D07-075_C1,15
ATAGTGAAGCGTTCTC-1_V12D07-075_C1,2
ATAGTTCCACCCACTC-1_V12D07-075_C1,11
ATATAAAGCGCTCGTG-1_V12D07-075_C1,1
ATATAAATGTAGCTGC-1_V12D07-075_C1,2
ATATAACACGGGCGCA-1_V12D07-075_C1,5
ATATACGCTCGTGACG-1_V12D07-075_C1,6
ATATCAACCTACAGAG-1_V12D07-075_C1,11
ATATCGGTAGGGAGAT-1_V12D07-075_C1,10
ATATCGTTCCTCGAAC-1_V12D07-075_C1,6
ATATCTCCCTCGTTAA-1_V12D07-075_C1,13
ATATCTTAGGGCCTTC-1_V12D07-075_C1,5
ATATGGGATAGCAACT-1_V12D07-075_C1,1
ATATGTCTCCCTAGCC-1_V12D07-075_C1,11
ATATGTGCACAAACCA-1_V12D07-075_C1,3
ATATTATCCCGTATTT-1_V12D07-075_C1,7
ATATTCAGTTAAACCT-1_V12D07-075_C1,9
ATATTCCACATAGTGA-1_V12D07-075_C1,18
ATATTCCCACAGGTCA-1_V12D07-075_C1,8
ATATTGCTGTCAAAGT-1_V12D07-075_C1,7
ATATTGGAGAGGCCTT-1_V12D07-075_C1,4
ATATTTAACCCTCAAG-1_V12D07-075_C1,2
ATCAAACACTGTTCCA-1_V12D07-075_C1,4
ATCAAACGAAGGTTTG-1_V12D07-075_C1,16
ATCAATCTGGGCTGCA-1_V12D07-075_C1,2
ATCACATTAGAATATC-1_V12D07-075_C1,10
ATCACGTGCTAATTAA-1_V12D07-075_C1,14
ATCACTTCATCCTCGC-1_V12D07-075_C1,13
ATCAGACGGCACGCCG-1_V12D07-075_C1,19
ATCAGCCTCATGCTGC-1_V12D07-075_C1,7
ATCAGGTAGCTGACAG-1_V12D07-075_C1,3
ATCAGGTCGCCATTGC-1_V12D07-075_C1,3
ATCAGTAGGCAGGGAT-1_V12D07-075_C1,10
ATCATAGCCCTATGTA-1_V12D07-075_C1,2
ATCATCCAATATTTGT-1_V12D07-075_C1,2
ATCATGGACTACCGAC-1_V12D07-075_C1,3
ATCCAACGCAGTCATA-1_V12D07-075_C1,1
ATCCAATGGAGGGTCC-1_V12D07-075_C1,14
ATCCAATGGTACCGAA-1_V12D07-075_C1,6
ATCCACATCGACAGAA-1_V12D07-075_C1,5
ATCCACGCTAAATGTT-1_V12D07-075_C1,15
ATCCACTTTCAGACTA-1_V12D07-075_C1,20
ATCCAGAGCAACAACC-1_V12D07-075_C1,19
ATCCAGGATTCGTGAA-1_V12D07-075_C1,2
ATCCCATTTCCGTGGG-1_V12D07-075_C1,4
ATCCGGACCAGCCTGA-1_V12D07-075_C1,4
ATCCTACCTAAGCTCT-1_V12D07-075_C1,4
ATCCTGAATCGCTGCG-1_V12D07-075_C1,2
ATCCTGCGTGGAATGG-1_V12D07-075_C1,9
ATCCTGCTGCAGATAG-1_V12D07-075_C1,8
ATCCTTCTGAAAGAAC-1_V12D07-075_C1,12
ATCGACCCAATACAGA-1_V12D07-075_C1,4
ATCGACTCTTTCCGTT-1_V12D07-075_C1,1
ATCGCACGCCGGGAGA-1_V12D07-075_C1,1
ATCGCCAGTCAACATT-1_V12D07-075_C1,9
ATCGCTGCGTGCAGCA-1_V12D07-075_C1,3
ATCGCTTTACGTCTCA-1_V12D07-075_C1,3
ATCGGAGACAGACGGC-1_V12D07-075_C1,18
ATCGGCAAGCAGTCCA-1_V12D07-075_C1,13
ATCGGTTACCTAGTAA-1_V12D07-075_C1,6
ATCGTATTCCGAGAAC-1_V12D07-075_C1,6
ATCGTCCAATCGAGTC-1_V12D07-075_C1,7
ATCGTTAGCTAGCGGA-1_V12D07-075_C1,2
ATCGTTCACTTTCGCC-1_V12D07-075_C1,3
ATCTAACGTCCCTATG-1_V12D07-075_C1,6
ATCTAATATCCTACGG-1_V12D07-075_C1,1
ATCTACCATCTGCTCC-1_V12D07-075_C1,5
ATCTAGCTTGTGAGGG-1_V12D07-075_C1,2
ATCTCCCACGGAATAT-1_V12D07-075_C1,1
ATCTCCCTGCAATCTA-1_V12D07-075_C1,8
ATCTCGTGAGCGAAAC-1_V12D07-075_C1,10
ATCTGATAGTGTCTTA-1_V12D07-075_C1,6
ATCTGCACCTCTGCGA-1_V12D07-075_C1,14
ATCTGCTGTTATCGCC-1_V12D07-075_C1,1
ATCTGGGCTGTTCTTG-1_V12D07-075_C1,2
ATCTGGTTAAGACTGT-1_V12D07-075_C1,9
ATCTGTAATTGTACCC-1_V12D07-075_C1,8
ATCTTATCGCACACCC-1_V12D07-075_C1,1
ATCTTGACCTGCAACG-1_V12D07-075_C1,1
ATCTTGACTTGTCCAA-1_V12D07-075_C1,15
ATCTTTCGTATAACCA-1_V12D07-075_C1,3
ATGAAGCCAAGGAGCC-1_V12D07-075_C1,7
ATGAAGTGGACCCAGC-1_V12D07-075_C1,6
ATGACGCCGGCTCTAA-1_V12D07-075_C1,7
ATGACTATGCGACATT-1_V12D07-075_C1,4
ATGAGGAGTGTTAATC-1_V12D07-075_C1,7
ATGAGGGCAGCGGCTA-1_V12D07-075_C1,3
ATGATCGGGAATAGAC-1_V12D07-075_C1,1
ATGATGCAATGGTACA-1_V12D07-075_C1,19
ATGCACCTTCCTTAAT-1_V12D07-075_C1,18
ATGCACTACCGCATTG-1_V12D07-075_C1,21
ATGCATGATCCAGGAT-1_V12D07-075_C1,1
ATGCCAATCGCTCTGC-1_V12D07-075_C1,3
ATGCCATTTGCGACCA-1_V12D07-075_C1,2
ATGCCGGTCTTGCATA-1_V12D07-075_C1,6
ATGCCGGTTGATGGGA-1_V12D07-075_C1,12
ATGCGACAATTGGTCC-1_V12D07-075_C1,11
ATGCGACAGTCCCATT-1_V12D07-075_C1,5
ATGCGAGTCCCACCAC-1_V12D07-075_C1,2
ATGCTCAGTGTTGCAT-1_V12D07-075_C1,18
ATGCTCTGGCGCGGTA-1_V12D07-075_C1,5
ATGCTTAGGAGTTGAT-1_V12D07-075_C1,5
ATGGAACCTTTGCACA-1_V12D07-075_C1,3
ATGGAGCAGGCCGTGA-1_V12D07-075_C1,1
ATGGATCCGGCGTCCG-1_V12D07-075_C1,17
ATGGATTGACCAAACG-1_V12D07-075_C1,1
ATGGCAGCCGAGAAAC-1_V12D07-075_C1,4
ATGGCGGAATAGTCGC-1_V12D07-075_C1,3
ATGGCTGGAAATGGCC-1_V12D07-075_C1,3
ATGGGCCTCGGCCTCT-1_V12D07-075_C1,5
ATGGTCGCGTGGTTTC-1_V12D07-075_C1,1
ATGGTTACGAAACATG-1_V12D07-075_C1,3
ATGTAAGGCTGCTCTT-1_V12D07-075_C1,3
ATGTACATGCGGTGAG-1_V12D07-075_C1,4
ATGTACGATGACGTCG-1_V12D07-075_C1,2
ATGTAGCGCGCGTAGG-1_V12D07-075_C1,4
ATGTCATTTCCCATTG-1_V12D07-075_C1,6
ATGTGCATCCGACGCA-1_V12D07-075_C1,1
ATGTGGACATCTTGAT-1_V12D07-075_C1,2
ATGTTACGAGCAATAC-1_V12D07-075_C1,7
ATGTTCCTGCCCACCT-1_V12D07-075_C1,6
ATGTTCGTCGACCCAC-1_V12D07-075_C1,2
ATGTTGATTAGAGACT-1_V12D07-075_C1,2
ATGTTGTAGTCTGTTT-1_V12D07-075_C1,4
ATGTTTCGGCCCGGAG-1_V12D07-075_C1,3
ATTAAACATGCGGACC-1_V12D07-075_C1,2
ATTAACACCTGAGATA-1_V12D07-075_C1,7
ATTAATACTACGCGGG-1_V12D07-075_C1,13
ATTAATGAACCAGTCG-1_V12D07-075_C1,12
ATTAATTCGGTCACTC-1_V12D07-075_C1,15
ATTACAACTACCGGCC-1_V12D07-075_C1,10
ATTACATGTCAGTCTT-1_V12D07-075_C1,4
ATTACCACACTGCCTG-1_V12D07-075_C1,17
ATTACGACTCCACAGT-1_V12D07-075_C1,3
ATTACGCGCTGGCAGG-1_V12D07-075_C1,9
ATTACTAGCCTCTTGC-1_V12D07-075_C1,15
ATTACTTACTGGGCAT-1_V12D07-075_C1,3
ATTAGATTCCTCAGCA-1_V12D07-075_C1,3
ATTAGATTGATAGCGG-1_V12D07-075_C1,15
ATTAGGCGATGCTTTC-1_V12D07-075_C1,2
ATTATACTTTGCTCGT-1_V12D07-075_C1,12
ATTATAGCTACTTTAC-1_V12D07-075_C1,3
ATTATCGGAATGTACG-1_V12D07-075_C1,2
ATTATCTCGACAGATC-1_V12D07-075_C1,1
ATTATGCCATAGGGAG-1_V12D07-075_C1,12
ATTATTCAGAGTCACT-1_V12D07-075_C1,2
ATTCAAAGTACCTGTT-1_V12D07-075_C1,5
ATTCAACCATTTAAGG-1_V12D07-075_C1,5
ATTCACTGATGTTGGA-1_V12D07-075_C1,2
ATTCAGGACCTATTTC-1_V12D07-075_C1,10
ATTCAGTAGCAGGGTC-1_V12D07-075_C1,7
ATTCATATACTGTCCA-1_V12D07-075_C1,1
ATTCATCGTTGAGGCA-1_V12D07-075_C1,6
ATTCCCACATAAACAA-1_V12D07-075_C1,7
ATTCCTAAGACGTGGA-1_V12D07-075_C1,3
ATTCCTCCGCCAGTGC-1_V12D07-075_C1,7
ATTCCTTCCAGGCGGT-1_V12D07-075_C1,18
ATTCGACGCCGGGCCT-1_V12D07-075_C1,6
ATTCGCGCCTTGAGAG-1_V12D07-075_C1,4
ATTCGTGCTATCTCTT-1_V12D07-075_C1,3
ATTCTCGTCTCTTTAG-1_V12D07-075_C1,8
ATTCTGAGTATGAACT-1_V12D07-075_C1,13
ATTCTTCGTACTTATG-1_V12D07-075_C1,13
ATTGAAGATCTTAGTG-1_V12D07-075_C1,1
ATTGACCGGCGATGAC-1_V12D07-075_C1,3
ATTGACGTAACTCGGT-1_V12D07-075_C1,8
ATTGATAGCAACGAGA-1_V12D07-075_C1,1
ATTGATGAGTCCTAAC-1_V12D07-075_C1,11
ATTGCCTTTATGTTTG-1_V12D07-075_C1,1
ATTGCGATCAGTAACT-1_V12D07-075_C1,6
ATTGCTGCTCCTCCAT-1_V12D07-075_C1,1
ATTGGATTACAGCGTA-1_V12D07-075_C1,4
ATTGGGAATATCTTGG-1_V12D07-075_C1,15
ATTGGGAGTTCTGTAA-1_V12D07-075_C1,3
ATTGGTAGGATCCGCT-1_V12D07-075_C1,6
ATTGGTTGTGCATTAC-1_V12D07-075_C1,19
ATTGTACAACTCGGCT-1_V12D07-075_C1,11
ATTGTCGCAATACCTT-1_V12D07-075_C1,10
ATTGTCTGTTTCATGT-1_V12D07-075_C1,9
ATTGTGACTTCGCTGC-1_V12D07-075_C1,13
ATTGTTCAACGATCCG-1_V12D07-075_C1,17
ATTTAACTCGTATTAC-1_V12D07-075_C1,8
ATTTACAGTTTACTGG-1_V12D07-075_C1,7
ATTTACTAAGTCCATT-1_V12D07-075_C1,3
ATTTCATTATTTCGCG-1_V12D07-075_C1,12
ATTTGTCTTGGGAGCT-1_V12D07-075_C1,5
ATTTGTTCCAGGGCTC-1_V12D07-075_C1,12
CAAACCAGGTCTGCAT-1_V12D07-075_C1,4
CAAACCCTCCGGCGGG-1_V12D07-075_C1,16
CAAACGAGTATCGCAG-1_V12D07-075_C1,19
CAAACGGTCGCACTTT-1_V12D07-075_C1,7
CAAACTACGATAGAGA-1_V12D07-075_C1,13
CAAACTATTGAGCTTC-1_V12D07-075_C1,15
CAAACTCGCGACGCCG-1_V12D07-075_C1,9
CAAAGGTCATCTGAAA-1_V12D07-075_C1,20
CAAAGGTTAAATTCAG-1_V12D07-075_C1,3
CAAAGTCAGGTTAGCT-1_V12D07-075_C1,18
CAAATGTCCTTCCGTG-1_V12D07-075_C1,13
CAAATTGGATTATGCC-1_V12D07-075_C1,3
CAAATTGTCAGCAAGC-1_V12D07-075_C1,7
CAACACATCTCCTGCC-1_V12D07-075_C1,3
CAACATGGCCTGATAA-1_V12D07-075_C1,6
CAACCAGTGGCCTACC-1_V12D07-075_C1,5
CAACCGCACCTAGACA-1_V12D07-075_C1,6
CAACCTACCGAGCAGT-1_V12D07-075_C1,2
CAACCTGAACCTGCCA-1_V12D07-075_C1,3
CAACGACCCGTTTACA-1_V12D07-075_C1,15
CAACGGTTCTTGATAC-1_V12D07-075_C1,1
CAACGTGGTGGAGTCT-1_V12D07-075_C1,4
CAACTATATCGAATGC-1_V12D07-075_C1,10
CAACTCCGTAACTTGC-1_V12D07-075_C1,3
CAACTCCTTGATCCCG-1_V12D07-075_C1,1
CAACTGCTCATCCGAT-1_V12D07-075_C1,2
CAACTTGTAGTGGGCA-1_V12D07-075_C1,21
CAAGAAACCCTAAACT-1_V12D07-075_C1,3
CAAGACTCAGAAGCGC-1_V12D07-075_C1,3
CAAGAGGGCGGAGTAC-1_V12D07-075_C1,2
CAAGATATTATAACGT-1_V12D07-075_C1,4
CAAGCAACGTCGGAGT-1_V12D07-075_C1,1
CAAGCACCAAATGCCT-1_V12D07-075_C1,15
CAAGCGGCACATAATT-1_V12D07-075_C1,4
CAAGGATCGCATGTTC-1_V12D07-075_C1,1
CAAGGCCAGTGGTGCA-1_V12D07-075_C1,4
CAAGGTCCTATAGGCT-1_V12D07-075_C1,17
CAAGTAAGTGATAGAC-1_V12D07-075_C1,1
CAAGTGAACTTTGGTT-1_V12D07-075_C1,8
CAAGTGTGGTTGCAAA-1_V12D07-075_C1,4
CAATAAACCTTGGCCC-1_V12D07-075_C1,21
CAATACGAGAGTCTGA-1_V12D07-075_C1,3
CAATACGCTCTGAGGC-1_V12D07-075_C1,16
CAATATTCTTGACCTA-1_V12D07-075_C1,16
CAATATTGGACTAGTG-1_V12D07-075_C1,1
CAATCCCTATACCAGC-1_V12D07-075_C1,3
CAATCCTGCCGTGGAG-1_V12D07-075_C1,18
CAATGAGGTTCGACTA-1_V12D07-075_C1,3
CAATGCGAGAAGTATC-1_V12D07-075_C1,1
CAATGGAATCTACATA-1_V12D07-075_C1,20
CAATGGATCTCTACCA-1_V12D07-075_C1,11
CAATGGTCGGCCTGGG-1_V12D07-075_C1,8
CAATGTGCCAACCCTT-1_V12D07-075_C1,10
CAATTAAGGGTGATGA-1_V12D07-075_C1,2
CAATTTCGTATAAGGG-1_V12D07-075_C1,2
CAATTTGACCGGGAAG-1_V12D07-075_C1,2
CACAAGAAAGATATTA-1_V12D07-075_C1,3
CACAATGAGCTGCTAT-1_V12D07-075_C1,1
CACACACGCTAACGAG-1_V12D07-075_C1,2
CACACAGCTTGCGCTC-1_V12D07-075_C1,17
CACACAGGGATAGATT-1_V12D07-075_C1,1
CACACGCGCTGTCTTA-1_V12D07-075_C1,9
CACACTTGTATTGCGA-1_V12D07-075_C1,3
CACAGCACCCACGGCA-1_V12D07-075_C1,1
CACAGCTAGGGAGTGA-1_V12D07-075_C1,12
CACAGGGCCATATAGT-1_V12D07-075_C1,5
CACAGGGCCGTTGTCA-1_V12D07-075_C1,2
CACAGTCCCGCTTCGC-1_V12D07-075_C1,5
CACAGTTCGCTTCCCA-1_V12D07-075_C1,2
CACATATTAGCAGGAT-1_V12D07-075_C1,5
CACATCTCACCGACGA-1_V12D07-075_C1,2
CACATGATTCAGCAAC-1_V12D07-075_C1,1
CACATGTTTGGACATG-1_V12D07-075_C1,1
CACATTCTTTCGATGG-1_V12D07-075_C1,10
CACATTTCTTGTCAGA-1_V12D07-075_C1,16
CACCACGCCACACAGA-1_V12D07-075_C1,19
CACCATCGGAGGAGAC-1_V12D07-075_C1,15
CACCATGATCGCAAAG-1_V12D07-075_C1,3
CACCCAAATCTTATGT-1_V12D07-075_C1,17
CACCCACACGTCACCC-1_V12D07-075_C1,1
CACCCACGAGGCAATT-1_V12D07-075_C1,12
CACCCGGTTTGTGACT-1_V12D07-075_C1,14
CACCCTAACAAGATCT-1_V12D07-075_C1,6
CACCCTTTCCTCGCTC-1_V12D07-075_C1,21
CACCGATACACCGAGC-1_V12D07-075_C1,8
CACCGCCAGAAGGTTT-1_V12D07-075_C1,2
CACCGCCGACCAGCGA-1_V12D07-075_C1,8
CACCGCGTCCACTCTA-1_V12D07-075_C1,20
CACCGGAGATATCTCC-1_V12D07-075_C1,3
CACCGTATCCCATCCG-1_V12D07-075_C1,5
CACCGTTAGGGATCAC-1_V12D07-075_C1,16
CACCGTTGCGCGATAT-1_V12D07-075_C1,16
CACCTAATAGAGTCGT-1_V12D07-075_C1,18
CACCTAATCAGTTTAC-1_V12D07-075_C1,13
CACCTCGATGGTGGAC-1_V12D07-075_C1,13
CACCTTGCGAAACTCG-1_V12D07-075_C1,17
CACCTTGGCGCCTTTG-1_V12D07-075_C1,4
CACGAAAGTTAGTCCC-1_V12D07-075_C1,1
CACGACGTAATAGTAA-1_V12D07-075_C1,3
CACGCACAGCGCAGCT-1_V12D07-075_C1,1
CACGCAGCGAGGCTTT-1_V12D07-075_C1,1
CACGCGGAACTGTTGC-1_V12D07-075_C1,4
CACGGACGTGGATGGC-1_V12D07-075_C1,3
CACGGCGCGCCAAAGG-1_V12D07-075_C1,3
CACGGGATTGAGGGTT-1_V12D07-075_C1,1
CACGTCAATCAATGGA-1_V12D07-075_C1,4
CACGTCGGCAACCTCT-1_V12D07-075_C1,14
CACGTCGGGTTCTAGA-1_V12D07-075_C1,6
CACGTCTATGATGTGG-1_V12D07-075_C1,3
CACGTTCGTGCTCTAG-1_V12D07-075_C1,11
CACGTTTCGTACACAC-1_V12D07-075_C1,4
CACTAAAGTTGCCTAT-1_V12D07-075_C1,1
CACTACGGGAGCTGCC-1_V12D07-075_C1,5
CACTACTCAGTTCTGT-1_V12D07-075_C1,15
CACTCAAGAGCTATGG-1_V12D07-075_C1,5
CACTCAGCTCTTGAGG-1_V12D07-075_C1,8
CACTCCTCTCGGTCGG-1_V12D07-075_C1,13
CACTCGAGCTGAACAA-1_V12D07-075_C1,2
CACTCGGTTAGGAGGA-1_V12D07-075_C1,2
CACTCTTCTGCTAGCC-1_V12D07-075_C1,2
CACTGACGATTGTGGA-1_V12D07-075_C1,5
CACTGTCCAAGTGAGA-1_V12D07-075_C1,1
CACTTAATCAGACGGA-1_V12D07-075_C1,6
CACTTCGCCACAGGCT-1_V12D07-075_C1,18
CACTTCGTCTTATCTC-1_V12D07-075_C1,7
CAGAACTTAGCCCTCT-1_V12D07-075_C1,18
CAGAATAACACACGGA-1_V12D07-075_C1,5
CAGAATATTCGTTATC-1_V12D07-075_C1,17
CAGACACCGATCGCTG-1_V12D07-075_C1,2
CAGACCTGTAAGTGTT-1_V12D07-075_C1,11
CAGACGAACCTGATAC-1_V12D07-075_C1,9
CAGAGACGGTCACCCA-1_V12D07-075_C1,2
CAGAGCATGAGCTTGC-1_V12D07-075_C1,19
CAGAGCGATGGATGCT-1_V12D07-075_C1,4
CAGAGGCGATGCATGA-1_V12D07-075_C1,9
CAGAGTGATTTAACGT-1_V12D07-075_C1,8
CAGATAATGGGCGGGT-1_V12D07-075_C1,1
CAGATACTAACATAGT-1_V12D07-075_C1,21
CAGATCATTTAAAGTC-1_V12D07-075_C1,20
CAGCAGCCCGTTCCTT-1_V12D07-075_C1,19
CAGCAGTCCAGACTAT-1_V12D07-075_C1,5
CAGCAGTCTGTGCTGC-1_V12D07-075_C1,5
CAGCCGGGCCCTCTAT-1_V12D07-075_C1,10
CAGCCTCCTGCAGAGG-1_V12D07-075_C1,13
CAGCCTCGATAGCGGT-1_V12D07-075_C1,4
CAGCCTCTCCTCAAGA-1_V12D07-075_C1,10
CAGCGATTCCCTTCAA-1_V12D07-075_C1,14
CAGCGCCAACACGATA-1_V12D07-075_C1,6
CAGCTCACTGAGACAT-1_V12D07-075_C1,2
CAGCTCGACAAGTTAA-1_V12D07-075_C1,9
CAGCTCGTGCTTGTGT-1_V12D07-075_C1,7
CAGCTTAGTAGGTAGC-1_V12D07-075_C1,2
CAGGAAGACTTTATAT-1_V12D07-075_C1,12
CAGGACAGCTGCCCTT-1_V12D07-075_C1,3
CAGGATATATCGTTGT-1_V12D07-075_C1,4
CAGGCAGTCTTACCAG-1_V12D07-075_C1,2
CAGGCCGTTTGGGTGT-1_V12D07-075_C1,19
CAGGCGCCATGCTAGG-1_V12D07-075_C1,2
CAGTAACTATTTATTG-1_V12D07-075_C1,13
CAGTAATCCCTCCCAG-1_V12D07-075_C1,7
CAGTACATTCTCTAAA-1_V12D07-075_C1,17
CAGTAGATGATGTCCG-1_V12D07-075_C1,6
CAGTAGCCCACGCGGT-1_V12D07-075_C1,10
CAGTCGAGGATGCAAT-1_V12D07-075_C1,13
CAGTCTCTCGGCTAAT-1_V12D07-075_C1,15
CAGTCTGTATACTGGG-1_V12D07-075_C1,1
CAGTGAATAAATGACT-1_V12D07-075_C1,17
CAGTGGTTGCACATGA-1_V12D07-075_C1,18
CAGTGTCCGCAGAATG-1_V12D07-075_C1,7
CAGTGTCGGCTGGCCC-1_V12D07-075_C1,1
CAGTTCAAATTGACAC-1_V12D07-075_C1,7
CAGTTCCGCGGGTCGA-1_V12D07-075_C1,1
CAGTTCGAGGACCCGA-1_V12D07-075_C1,2
CATAACGGACAGTCGT-1_V12D07-075_C1,9
CATAAGAAGCTTGGCT-1_V12D07-075_C1,21
CATAATGAGCGGGCGA-1_V12D07-075_C1,8
CATACAAAGCCGAACC-1_V12D07-075_C1,15
CATACACGGTTCCCAC-1_V12D07-075_C1,1
CATACCCGTACCCAGT-1_V12D07-075_C1,2
CATACGGCGTCTGGGC-1_V12D07-075_C1,4
CATACTATGTAATTGT-1_V12D07-075_C1,1
CATACTTAGGCAATAC-1_V12D07-075_C1,3
CATACTTCTTTCTCCG-1_V12D07-075_C1,1
CATAGAGGAGATACTA-1_V12D07-075_C1,1
CATAGCCGCCCGGGAT-1_V12D07-075_C1,18
CATAGCGTTGCCCACC-1_V12D07-075_C1,14
CATAGTACATTGAGAG-1_V12D07-075_C1,12
CATAGTAGCATAGTAG-1_V12D07-075_C1,7
CATAGTCAAATACATA-1_V12D07-075_C1,2
CATAGTCCACAAGAAC-1_V12D07-075_C1,14
CATAGTGGGCACGCCT-1_V12D07-075_C1,19
CATATACTACTGATAA-1_V12D07-075_C1,3
CATATAGGTACAGTCA-1_V12D07-075_C1,4
CATATTATTTGCCCTA-1_V12D07-075_C1,3
CATCAAACTGGCGCCC-1_V12D07-075_C1,20
CATCAACACCTACTAA-1_V12D07-075_C1,6
CATCATCTACCCGGAC-1_V12D07-075_C1,8
CATCATTACCCTGAGG-1_V12D07-075_C1,4
CATCCCGAGATTCATA-1_V12D07-075_C1,4
CATCCGCAGGCCCGAA-1_V12D07-075_C1,6
CATCCTCTCAAAGATC-1_V12D07-075_C1,5
CATCGCCCGCGGCCAA-1_V12D07-075_C1,1
CATCGGACGGGTTAAT-1_V12D07-075_C1,2
CATCGTCCGGTTACTA-1_V12D07-075_C1,7
CATCTACCCGAGAACG-1_V12D07-075_C1,3
CATCTAGTGAAGGGAA-1_V12D07-075_C1,3
CATCTATCCCGTGTCT-1_V12D07-075_C1,12
CATCTGCAGGATCATT-1_V12D07-075_C1,6
CATCTTACACCACCTC-1_V12D07-075_C1,4
CATGAACCGACATTTG-1_V12D07-075_C1,7
CATGAACCTCTTATCA-1_V12D07-075_C1,1
CATGACTTCGCTGAAT-1_V12D07-075_C1,11
CATGAGATGCACTCTC-1_V12D07-075_C1,2
CATGATCGCTTTGAGA-1_V12D07-075_C1,6
CATGATGCACAATTCT-1_V12D07-075_C1,21
CATGATGGAAGTTAGC-1_V12D07-075_C1,4
CATGCATGGAGACCCT-1_V12D07-075_C1,7
CATGCGACCAGTTTAA-1_V12D07-075_C1,2
CATGCGTTAGACAGAA-1_V12D07-075_C1,1
CATGCTGGCTCCAATT-1_V12D07-075_C1,13
CATGGAAATGGGACCA-1_V12D07-075_C1,3
CATGGATTGTCTTCCG-1_V12D07-075_C1,5
CATGGCAGGAAGATCG-1_V12D07-075_C1,13
CATGGCTCCCTATGTC-1_V12D07-075_C1,6
CATGGGTATGCCTTAT-1_V12D07-075_C1,1
CATGGGTCGGGTGTGG-1_V12D07-075_C1,13
CATGGTAAGTAGCGTT-1_V12D07-075_C1,2
CATGGTCTAGATACCG-1_V12D07-075_C1,4
CATGGTTTATTAATCA-1_V12D07-075_C1,2
CATGTAAGAGACATTT-1_V12D07-075_C1,4
CATGTAGGAGCGCCAA-1_V12D07-075_C1,3
CATGTCTCATTTATGG-1_V12D07-075_C1,2
CATTACATAGATTGTG-1_V12D07-075_C1,3
CATTACGCAGGAAGGG-1_V12D07-075_C1,19
CATTACGTCGGCCCGT-1_V12D07-075_C1,15
CATTATGCTTGTTGTG-1_V12D07-075_C1,1
CATTCACTGACAGCTA-1_V12D07-075_C1,8
CATTCCCATTCCGTCG-1_V12D07-075_C1,3
CATTCCCTAAGTACAA-1_V12D07-075_C1,1
CATTCGTCGTAGCGGT-1_V12D07-075_C1,4
CATTGATGAACACGCC-1_V12D07-075_C1,3
CATTGCGAAATGGGCG-1_V12D07-075_C1,1
CATTGCGGGTCAATTC-1_V12D07-075_C1,3
CATTGTGTGCTAGATC-1_V12D07-075_C1,7
CATTTAGCGGACCATG-1_V12D07-075_C1,17
CATTTATCGTTCAAGA-1_V12D07-075_C1,15
CATTTCTAGCAGACTA-1_V12D07-075_C1,1
CATTTGAGTGGTACGT-1_V12D07-075_C1,9
CCAAACAGAACCCTCG-1_V12D07-075_C1,1
CCAAAGCAGTTGGTTG-1_V12D07-075_C1,7
CCAAATAACAAGATTC-1_V12D07-075_C1,9
CCAACGATGCACTGAT-1_V12D07-075_C1,7
CCAACGCTTGCCAGGG-1_V12D07-075_C1,3
CCAACTTGATAGATCC-1_V12D07-075_C1,17
CCAAGAAAGTGGGCGA-1_V12D07-075_C1,2
CCAAGACTTCTGCGAA-1_V12D07-075_C1,12
CCAAGCGTAACTCGTA-1_V12D07-075_C1,1
CCAAGGAACAGAGAGG-1_V12D07-075_C1,15
CCAAGGTTGCCCTTTC-1_V12D07-075_C1,2
CCAAGTTTCTACAGAT-1_V12D07-075_C1,5
CCAATAGATTTCATCT-1_V12D07-075_C1,6
CCAATAGTGCCGTCGA-1_V12D07-075_C1,2
CCAATCGGTAGATCGA-1_V12D07-075_C1,12
CCAATGTCACAGCAAG-1_V12D07-075_C1,6
CCAATTACGGGTCGAG-1_V12D07-075_C1,10
CCAATTGAATGTTAAT-1_V12D07-075_C1,2
CCACAATGTACGTCTT-1_V12D07-075_C1,14
CCACACTGAGATATTA-1_V12D07-075_C1,2
CCACAGCTGAAATCAT-1_V12D07-075_C1,8
CCACAGTACCCATCCT-1_V12D07-075_C1,5
CCACATACTGCACCCA-1_V12D07-075_C1,17
CCACCAACTTTACTGT-1_V12D07-075_C1,16
CCACCCAAGGAAAGTG-1_V12D07-075_C1,9
CCACCTGTATGGAATA-1_V12D07-075_C1,4
CCACGAATTTAACCTC-1_V12D07-075_C1,2
CCACGAGAAGAGAATC-1_V12D07-075_C1,13
CCACGGTGCCCGGTAG-1_V12D07-075_C1,17
CCACGTAAATTAGACT-1_V12D07-075_C1,3
CCACTATCCGGGTCAC-1_V12D07-075_C1,20
CCACTGGTGGCTGGTT-1_V12D07-075_C1,19
CCACTGTTTGGATTAA-1_V12D07-075_C1,1
CCAGAAACTGATGCGA-1_V12D07-075_C1,16
CCAGAAAGCAACTCAT-1_V12D07-075_C1,16
CCAGAGACAAAGCCGG-1_V12D07-075_C1,1
CCAGATAGTTGAGTGA-1_V12D07-075_C1,11
CCAGCCTGGACCAATA-1_V12D07-075_C1,1
CCAGCGGGATCACCAG-1_V12D07-075_C1,3
CCAGCTACGCCTCATA-1_V12D07-075_C1,8
CCAGCTCGAACGCATT-1_V12D07-075_C1,2
CCAGCTGATGGTACTT-1_V12D07-075_C1,19
CCAGCTTCCGCCCGCA-1_V12D07-075_C1,7
CCAGGCTGGCGTCTGA-1_V12D07-075_C1,11
CCAGGGACGTGGCCTC-1_V12D07-075_C1,6
CCAGTAGTCTGATCCA-1_V12D07-075_C1,11
CCAGTCCATTATTCGA-1_V12D07-075_C1,1
CCAGTCTAGACGGCGC-1_V12D07-075_C1,17
CCAGTCTTGTCATAGA-1_V12D07-075_C1,2
CCATAAACAACCCGAC-1_V12D07-075_C1,15
CCATACCTTTACTTGT-1_V12D07-075_C1,2
CCATACTCGCCTCTCC-1_V12D07-075_C1,2
CCATAGGTTGGCGTGG-1_V12D07-075_C1,12
CCATAGTCAGTAACCC-1_V12D07-075_C1,6
CCATATGGAAACTATA-1_V12D07-075_C1,4
CCATATTGGATCATGA-1_V12D07-075_C1,6
CCATCCATACCAAGTC-1_V12D07-075_C1,8
CCATCGCAGTTAAACT-1_V12D07-075_C1,1
CCATCTCACCAGTGAA-1_V12D07-075_C1,4
CCATCTTGTTCACAAT-1_V12D07-075_C1,15
CCATGCCCTAGATTTC-1_V12D07-075_C1,5
CCATGCCTGTTTAGTA-1_V12D07-075_C1,2
CCATGCTCTGCAGGAA-1_V12D07-075_C1,1
CCATGGCCCTTGTACC-1_V12D07-075_C1,6
CCATTAGCGATAATCC-1_V12D07-075_C1,2
CCATTCCCTGCCCACA-1_V12D07-075_C1,6
CCATTGTTTCCTCCAT-1_V12D07-075_C1,3
CCATTTCTACCTATTA-1_V12D07-075_C1,2
CCCAAACATGCTGCTC-1_V12D07-075_C1,4
CCCAACATACGTCGCG-1_V12D07-075_C1,9
CCCAACCACACTAACA-1_V12D07-075_C1,8
CCCAAGTCATTACACT-1_V12D07-075_C1,4
CCCAATTTCACAACTT-1_V12D07-075_C1,9
CCCAGAGGAGGGCGTA-1_V12D07-075_C1,3
CCCAGGTCTGAAGGCT-1_V12D07-075_C1,4
CCCAGTTAAGGCGCCG-1_V12D07-075_C1,3
CCCATATAGGTCGATT-1_V12D07-075_C1,2
CCCGACCATAGTCCGC-1_V12D07-075_C1,10
CCCGAGTTTCTCCGTA-1_V12D07-075_C1,19
CCCGATAGCCTCGCCT-1_V12D07-075_C1,3
CCCGCAGCGCGAACTA-1_V12D07-075_C1,2
CCCGCAGGGCCCAAAG-1_V12D07-075_C1,15
CCCGCCATGCTCCCGT-1_V12D07-075_C1,7
CCCGCGCAATGCACCC-1_V12D07-075_C1,1
CCCGGCTAGGTGAGAA-1_V12D07-075_C1,6
CCCGGGTCGTTCAGGG-1_V12D07-075_C1,4
CCCGGTGGAAGAACCT-1_V12D07-075_C1,1
CCCGTAAGTCTAGGCC-1_V12D07-075_C1,16
CCCGTAGCTGGGAAGA-1_V12D07-075_C1,9
CCCGTCAGCGTCTGAC-1_V12D07-075_C1,17
CCCGTTTCGCAGATGT-1_V12D07-075_C1,5
CCCTACTTGAACAATG-1_V12D07-075_C1,1
CCCTAGTGTCAGGTGT-1_V12D07-075_C1,7
CCCTCAAGCTCTTAGT-1_V12D07-075_C1,7
CCCTCATTCTGGAATT-1_V12D07-075_C1,15
CCCTCCTCGCTCGTAT-1_V12D07-075_C1,4
CCCTGAAATGAGTTGA-1_V12D07-075_C1,1
CCCTGACTAACAAATT-1_V12D07-075_C1,9
CCCTGATGTAACTCGT-1_V12D07-075_C1,6
CCCTGCGCTACGCATA-1_V12D07-075_C1,1
CCCTGGTATGGGCGGC-1_V12D07-075_C1,8
CCCTGTTGGCAAAGAC-1_V12D07-075_C1,7
CCCTTTAATGGAGTTC-1_V12D07-075_C1,5
CCCTTTGACAGGTCTT-1_V12D07-075_C1,2
CCGAAAGTGGTGAGCA-1_V12D07-075_C1,1
CCGAACCTTCCCGGCC-1_V12D07-075_C1,2
CCGAAGGGCGTACCGC-1_V12D07-075_C1,3
CCGAAGTATATTGTTC-1_V12D07-075_C1,1
CCGACAAACACATGAG-1_V12D07-075_C1,2
CCGACAAAGGGAGTGC-1_V12D07-075_C1,6
CCGACAATAGGCCGCC-1_V12D07-075_C1,5
CCGACGTAAACACAAC-1_V12D07-075_C1,3
CCGACTCGCATAGTCT-1_V12D07-075_C1,15
CCGAGAAGTCGCATAA-1_V12D07-075_C1,1
CCGAGCTGTGCTTGTC-1_V12D07-075_C1,3
CCGAGGGATGTTAGGC-1_V12D07-075_C1,8
CCGATATGACGTAAGG-1_V12D07-075_C1,17
CCGATCTCAACCTTAT-1_V12D07-075_C1,11
CCGATTCGAGGGACCC-1_V12D07-075_C1,9
CCGCACAAAGACCAAC-1_V12D07-075_C1,4
CCGCACACGAACGTGT-1_V12D07-075_C1,3
CCGCACGTGACCTCGG-1_V12D07-075_C1,1
CCGCACTTGCAATGAC-1_V12D07-075_C1,4
CCGCATGTGGTACGAT-1_V12D07-075_C1,1
CCGCCGGTCAACACAC-1_V12D07-075_C1,8
CCGCCGTTGAGGATAA-1_V12D07-075_C1,10
CCGCCTGCGAATTGGT-1_V12D07-075_C1,20
CCGCGATTTGGTAGGT-1_V12D07-075_C1,19
CCGCGGAATGCGTCAC-1_V12D07-075_C1,14
CCGCGGGTACGAAGAA-1_V12D07-075_C1,1
CCGCGTAGGTAAGGGC-1_V12D07-075_C1,18
CCGCTATCAGCACCAG-1_V12D07-075_C1,2
CCGCTCTTCCGAACTA-1_V12D07-075_C1,5
CCGCTGGTGCCATTCA-1_V12D07-075_C1,8
CCGCTTACCTCACTCT-1_V12D07-075_C1,14
CCGCTTGCTGACATGG-1_V12D07-075_C1,3
CCGGAAGTTATCAGTC-1_V12D07-075_C1,17
CCGGAATGGTTTCAGT-1_V12D07-075_C1,7
CCGGAGCGTACTTTCT-1_V12D07-075_C1,1
CCGGAGGTCTTATGGT-1_V12D07-075_C1,3
CCGGCACGACCGTTTC-1_V12D07-075_C1,20
CCGGCGCATATTGGAT-1_V12D07-075_C1,15
CCGGGACCCGCAGAGA-1_V12D07-075_C1,15
CCGGGCGGTCTCGTCA-1_V12D07-075_C1,5
CCGGGCTGCTCCATAC-1_V12D07-075_C1,2
CCGGGTTCGAGGTTAC-1_V12D07-075_C1,1
CCGGTAATGGCTAGTC-1_V12D07-075_C1,3
CCGGTGCGAGTGATAG-1_V12D07-075_C1,5
CCGGTTTGTAATTGTG-1_V12D07-075_C1,14
CCGTAAGTTGGTCCCA-1_V12D07-075_C1,2
CCGTACCCAAGCGCCA-1_V12D07-075_C1,7
CCGTAGGAAATCCCTG-1_V12D07-075_C1,5
CCGTAGGGTTGTTTAC-1_V12D07-075_C1,2
CCGTATTAGCGCAGTT-1_V12D07-075_C1,3
CCGTGAGGCATTCATG-1_V12D07-075_C1,3
CCGTGCCCATGACGGC-1_V12D07-075_C1,15
CCGTGGAACGATCCAA-1_V12D07-075_C1,3
CCGTGTTAAATTCCAT-1_V12D07-075_C1,16
CCGTTACGTTAGAACA-1_V12D07-075_C1,12
CCGTTCCGAATCTCGG-1_V12D07-075_C1,19
CCTAAAGGCTGACGCT-1_V12D07-075_C1,12
CCTAAATTAACGGTTC-1_V12D07-075_C1,1
CCTAAATTGTATCCTA-1_V12D07-075_C1,9
CCTAACCCAAACAAGT-1_V12D07-075_C1,5
CCTAACTAAGGCTCTA-1_V12D07-075_C1,10
CCTACAAGTCCGGAAT-1_V12D07-075_C1,3
CCTACGGCTCAGTCGA-1_V12D07-075_C1,18
CCTACTCAACACGATT-1_V12D07-075_C1,19
CCTACTGCTTACACTT-1_V12D07-075_C1,13
CCTAGGCGTAGCGATC-1_V12D07-075_C1,19
CCTAGTTAGTCGCATG-1_V12D07-075_C1,8
CCTATAATGAGTGCCC-1_V12D07-075_C1,2
CCTATACCGTCCTGTC-1_V12D07-075_C1,14
CCTATATTTGTCCTGG-1_V12D07-075_C1,1
CCTATCTATATCGGAA-1_V12D07-075_C1,17
CCTATGAAGTGGTGCC-1_V12D07-075_C1,3
CCTATGGGTTACCGTC-1_V12D07-075_C1,19
CCTATGGTCAAAGCTG-1_V12D07-075_C1,2
CCTATGTCCACTCCAC-1_V12D07-075_C1,1
CCTCACCAATCTTGAC-1_V12D07-075_C1,1
CCTCACCTGAGGGAGC-1_V12D07-075_C1,14
CCTCACCTTAGCATCG-1_V12D07-075_C1,19
CCTCACGTCAGCTAAT-1_V12D07-075_C1,4
CCTCATGCAGCTACGA-1_V12D07-075_C1,7
CCTCCCGACAATCCCT-1_V12D07-075_C1,8
CCTCCGACAATTCAAG-1_V12D07-075_C1,1
CCTCCTGAGCCCACAT-1_V12D07-075_C1,2
CCTCCTGTTGTGTCGT-1_V12D07-075_C1,4
CCTCGAAGTGGACGGG-1_V12D07-075_C1,8
CCTCGCCAGCAAATTA-1_V12D07-075_C1,12
CCTCGCGCGATATAGG-1_V12D07-075_C1,11
CCTCGCGCTGTGCGAT-1_V12D07-075_C1,1
CCTCGGACCGGGATAG-1_V12D07-075_C1,13
CCTCGGATGCTACCTG-1_V12D07-075_C1,2
CCTCGTTACGCCTGTT-1_V12D07-075_C1,13
CCTCTAATCTGCCAAG-1_V12D07-075_C1,13
CCTCTCTCCCATCTAG-1_V12D07-075_C1,7
CCTCTGGCCTAGACGG-1_V12D07-075_C1,1
CCTCTGTACTATTCTA-1_V12D07-075_C1,2
CCTGAACGATATATTC-1_V12D07-075_C1,4
CCTGAATATTTACATA-1_V12D07-075_C1,1
CCTGACAAACTCGCGC-1_V12D07-075_C1,6
CCTGACCACCGATGGT-1_V12D07-075_C1,1
CCTGCCCGTTGTCTAG-1_V12D07-075_C1,6
CCTGCGATAGAACTGT-1_V12D07-075_C1,1
CCTGCGTTCTACGCTT-1_V12D07-075_C1,1
CCTGCTATTTGAGAAG-1_V12D07-075_C1,8
CCTGGAAACGTTCTGC-1_V12D07-075_C1,10
CCTGGCTAGACCCGCC-1_V12D07-075_C1,6
CCTGGTCGAATGTGGG-1_V12D07-075_C1,1
CCTGTAAGACATGATA-1_V12D07-075_C1,1
CCTGTACTCACGCCCA-1_V12D07-075_C1,9
CCTGTCACCCGGGCTC-1_V12D07-075_C1,2
CCTGTCCCTCACGTTA-1_V12D07-075_C1,3
CCTGTCGCCCGTAAAT-1_V12D07-075_C1,4
CCTGTGAAACCGTAAC-1_V12D07-075_C1,5
CCTGTTTGAAGACACG-1_V12D07-075_C1,5
CCTTCAGTTAAAGTGA-1_V12D07-075_C1,9
CCTTCGTATAGAATCC-1_V12D07-075_C1,2
CCTTCTTGATCCAGTG-1_V12D07-075_C1,8
CCTTGACCACTTTATT-1_V12D07-075_C1,4
CCTTTAAGGGAGCACT-1_V12D07-075_C1,19
CCTTTCAATGAAGAAA-1_V12D07-075_C1,11
CGAAACATAGATGGCA-1_V12D07-075_C1,1
CGAAACGCAATTCATG-1_V12D07-075_C1,16
CGAACAGTATGGGCGT-1_V12D07-075_C1,2
CGAACATAGTCAGAAA-1_V12D07-075_C1,20
CGAACCCGCATGCGTC-1_V12D07-075_C1,9
CGAACGCCCAGTGCCG-1_V12D07-075_C1,8
CGAAGACGGTGAGTGC-1_V12D07-075_C1,2
CGAAGCTATAAATTCA-1_V12D07-075_C1,10
CGAAGTTGCTCTGTGT-1_V12D07-075_C1,1
CGAATGACGCATAATG-1_V12D07-075_C1,1
CGAATTCCCGGTTCAA-1_V12D07-075_C1,4
CGACAATTTGATCTAA-1_V12D07-075_C1,4
CGACACCGCTTAAGGA-1_V12D07-075_C1,21
CGACACGCTCCGACAG-1_V12D07-075_C1,5
CGACAGTTCGCGTTAT-1_V12D07-075_C1,1
CGACATGCGATCTTCT-1_V12D07-075_C1,8
CGACTCAGGATGTTAT-1_V12D07-075_C1,17
CGACTTTGTATAGCCT-1_V12D07-075_C1,10
CGAGACCCTAGAGTGT-1_V12D07-075_C1,2
CGAGACTACTGCTGCT-1_V12D07-075_C1,4
CGAGAGATGTGAACCT-1_V12D07-075_C1,21
CGAGAGCTTTCACTAC-1_V12D07-075_C1,5
CGAGAGGGTAGCCGCG-1_V12D07-075_C1,5
CGAGATTTCGCTCGGG-1_V12D07-075_C1,3
CGAGCACTTCAAGTTT-1_V12D07-075_C1,7
CGAGCCGAGCACTCGA-1_V12D07-075_C1,5
CGAGCGTTGATCAGCC-1_V12D07-075_C1,12
CGAGCTGGGCTTTAGG-1_V12D07-075_C1,8
CGAGGAGCTTCCATAT-1_V12D07-075_C1,13
CGAGGATCGGGAACGA-1_V12D07-075_C1,3
CGAGGCCAGGCATTGG-1_V12D07-075_C1,1
CGAGGCTAAATATGGC-1_V12D07-075_C1,4
CGAGGGACTGCGGTCG-1_V12D07-075_C1,1
CGAGGGTATCCAGGTG-1_V12D07-075_C1,2
CGAGTACTAAAGAGGA-1_V12D07-075_C1,14
CGAGTGCTATAGTTCG-1_V12D07-075_C1,15
CGAGTTCTGTCCCACC-1_V12D07-075_C1,16
CGAGTTTATCGGACTG-1_V12D07-075_C1,4
CGATAATACTCAGGTT-1_V12D07-075_C1,17
CGATACCTCGCGGACA-1_V12D07-075_C1,2
CGATAGTCGTACTGCA-1_V12D07-075_C1,2
CGATATTAGCCGCAGG-1_V12D07-075_C1,15
CGATCCGACCCAGTGC-1_V12D07-075_C1,2
CGATGGACCCTACGCC-1_V12D07-075_C1,11
CGATTAAATATCTCCT-1_V12D07-075_C1,2
CGATTCGCCTGGCTGC-1_V12D07-075_C1,1
CGCAAACACGAGTTAC-1_V12D07-075_C1,7
CGCAATCGATCATTAG-1_V12D07-075_C1,6
CGCAATTACTTTCGGT-1_V12D07-075_C1,1
CGCAATTAGGGTAATA-1_V12D07-075_C1,2
CGCAATTCTACAATAA-1_V12D07-075_C1,18
CGCACATGTCCACTAC-1_V12D07-075_C1,19
CGCACGTGCGCTATCA-1_V12D07-075_C1,2
CGCAGAAACATTTGCG-1_V12D07-075_C1,1
CGCAGATCTTCACCCG-1_V12D07-075_C1,1
CGCAGGCGATCCAAAC-1_V12D07-075_C1,5
CGCATCATGGCTTCAG-1_V12D07-075_C1,12
CGCATCCATCAGCCAG-1_V12D07-075_C1,3
CGCATGCCGAATGCGT-1_V12D07-075_C1,2
CGCATGGTGCGATGCT-1_V12D07-075_C1,1
CGCATTAGCTAATAGG-1_V12D07-075_C1,2
CGCCAAGAAGCCGAGT-1_V12D07-075_C1,14
CGCCAATTATTGCGTT-1_V12D07-075_C1,6
CGCCACCCGCATTAAC-1_V12D07-075_C1,7
CGCCATCCGATTATGA-1_V12D07-075_C1,2
CGCCCAGCACGCCTAG-1_V12D07-075_C1,9
CGCCCAGCGTTTCACG-1_V12D07-075_C1,1
CGCCCGCTTCCGTACA-1_V12D07-075_C1,12
CGCCCTTGAAGGCTGA-1_V12D07-075_C1,1
CGCCGACTATTCGCTA-1_V12D07-075_C1,5
CGCCGCCCATGCCTGT-1_V12D07-075_C1,4
CGCCGTCTACCCATCG-1_V12D07-075_C1,3
CGCCGTTCAGCATAGT-1_V12D07-075_C1,5
CGCCTCCCTCCTCTAT-1_V12D07-075_C1,4
CGCCTGGCCTACGTAA-1_V12D07-075_C1,14
CGCCTTTAGCATGCTC-1_V12D07-075_C1,10
CGCGAAGTGGCATACT-1_V12D07-075_C1,5
CGCGACACTGCGCAGC-1_V12D07-075_C1,7
CGCGACCGCGACAGAT-1_V12D07-075_C1,1
CGCGAGAGGGACTTGT-1_V12D07-075_C1,3
CGCGCATGTTTGATTG-1_V12D07-075_C1,2
CGCGCCCGACTTAATA-1_V12D07-075_C1,10
CGCGGCAGTATTACGG-1_V12D07-075_C1,6
CGCGGCTCAACTTGAA-1_V12D07-075_C1,5
CGCGGGAATTAGGCAG-1_V12D07-075_C1,11
CGCGGTAAGTCTAGCT-1_V12D07-075_C1,3
CGCGGTACGGTATACA-1_V12D07-075_C1,4
CGCGGTCACAAACCAA-1_V12D07-075_C1,3
CGCGTACATTCTGGAA-1_V12D07-075_C1,20
CGCGTTCATGAAATAC-1_V12D07-075_C1,1
CGCTACGGGACATTTA-1_V12D07-075_C1,2
CGCTAGAGACCGCTGC-1_V12D07-075_C1,11
CGCTATACCGCCCACT-1_V12D07-075_C1,12
CGCTATTCAATGTATG-1_V12D07-075_C1,18
CGCTATTCTTAGGCTC-1_V12D07-075_C1,4
CGCTCGACATAATGAT-1_V12D07-075_C1,21
CGCTCTCCGTAGATTA-1_V12D07-075_C1,7
CGCTGGTGACTACCCT-1_V12D07-075_C1,5
CGCTGTGACGCCGCAC-1_V12D07-075_C1,2
CGCTGTGTGGATGTTG-1_V12D07-075_C1,16
CGCTTAGTATTGATAC-1_V12D07-075_C1,1
CGCTTATTCCCGGTCG-1_V12D07-075_C1,16
CGCTTCCACTGAAATC-1_V12D07-075_C1,6
CGCTTCGGTCTAAGAC-1_V12D07-075_C1,6
CGCTTGGACGGATAGA-1_V12D07-075_C1,4
CGCTTTCATACCGGTG-1_V12D07-075_C1,1
CGCTTTCTTGCATTCG-1_V12D07-075_C1,16
CGGAAAGAATCAAACG-1_V12D07-075_C1,9
CGGAAAGCAAATGTGC-1_V12D07-075_C1,6
CGGAACGTAAACATAG-1_V12D07-075_C1,9
CGGAGCAATTTAATCG-1_V12D07-075_C1,1
CGGAGCATGGCGATCC-1_V12D07-075_C1,1
CGGAGCTTATAACACC-1_V12D07-075_C1,3
CGGAGTTTGAGAGACA-1_V12D07-075_C1,6
CGGATAAGCGGACATG-1_V12D07-075_C1,6
CGGATCCTCAAGGACT-1_V12D07-075_C1,2
CGGCAAACATCGTGCG-1_V12D07-075_C1,2
CGGCAATAAGATCGCC-1_V12D07-075_C1,4
CGGCACCGTTAGCGCC-1_V12D07-075_C1,3
CGGCACTCAAGAAAGT-1_V12D07-075_C1,15
CGGCAGGGTCGGGTTG-1_V12D07-075_C1,14
CGGCCACGCACAAAGT-1_V12D07-075_C1,5
CGGCCAGAGCGACCAT-1_V12D07-075_C1,1
CGGCCCAACCTGTAGT-1_V12D07-075_C1,3
CGGCCCAGGTATATCC-1_V12D07-075_C1,4
CGGCGCCATCAATCCC-1_V12D07-075_C1,5
CGGCTCTAAAGCTGCA-1_V12D07-075_C1,11
CGGCTCTTCGTCGAAC-1_V12D07-075_C1,13
CGGCTTTGTATGATAA-1_V12D07-075_C1,8
CGGGAATATAGTATAC-1_V12D07-075_C1,4
CGGGAATTTATGTAAA-1_V12D07-075_C1,5
CGGGAGCTTCAGTGTA-1_V12D07-075_C1,4
CGGGAGTATACCGCCG-1_V12D07-075_C1,6
CGGGATCAATGTAAGA-1_V12D07-075_C1,2
CGGGCAGCTAAACCGC-1_V12D07-075_C1,1
CGGGCCATAGCCGCAC-1_V12D07-075_C1,7
CGGGCCTTCTTTGTAA-1_V12D07-075_C1,4
CGGGCGATGGATCACG-1_V12D07-075_C1,4
CGGGTGTACCCATTTA-1_V12D07-075_C1,9
CGGGTTCGGCACGTAT-1_V12D07-075_C1,3
CGGGTTTGTTAGGGCT-1_V12D07-075_C1,4
CGGTACTAGAATCAAA-1_V12D07-075_C1,1
CGGTAGAGGTGCAGGT-1_V12D07-075_C1,17
CGGTATAGGTATTAGC-1_V12D07-075_C1,3
CGGTCAAGTGGGAACC-1_V12D07-075_C1,21
CGGTCAGTCCATATTT-1_V12D07-075_C1,9
CGGTCCATGAGACTCC-1_V12D07-075_C1,3
CGGTCCGTCGCAAGCC-1_V12D07-075_C1,1
CGGTCTATCAACCCGT-1_V12D07-075_C1,12
CGGTGAAGACTAAAGT-1_V12D07-075_C1,2
CGGTGCAGATAGAACG-1_V12D07-075_C1,19
CGGTGCGCGTTGGTCC-1_V12D07-075_C1,14
CGGTGGGCTCCAGCCT-1_V12D07-075_C1,13
CGGTGTACTTGATCCC-1_V12D07-075_C1,6
CGGTTATCCAACAGTG-1_V12D07-075_C1,11
CGGTTCAAGTAGGTGT-1_V12D07-075_C1,2
CGGTTCCGGCTTCTTG-1_V12D07-075_C1,8
CGGTTGACCTGGCATA-1_V12D07-075_C1,9
CGGTTGGGTTCAAGTT-1_V12D07-075_C1,20
CGGTTTATGAAGGAAC-1_V12D07-075_C1,3
CGTAAACGCTTGAGTG-1_V12D07-075_C1,7
CGTAACTTCGACACTT-1_V12D07-075_C1,19
CGTAATAATTACGAGT-1_V12D07-075_C1,6
CGTACCGAAAGTCTAG-1_V12D07-075_C1,7
CGTACCTGATAGGCCT-1_V12D07-075_C1,2
CGTAGCGAATTGTCAG-1_V12D07-075_C1,8
CGTAGCGCCGACGTTG-1_V12D07-075_C1,15
CGTATCTAGAACTAAG-1_V12D07-075_C1,4
CGTATTAAGAGATCTA-1_V12D07-075_C1,1
CGTCAAGGCTATAAAT-1_V12D07-075_C1,1
CGTCAATCTTTAACAT-1_V12D07-075_C1,6
CGTCACGTCCATTGGT-1_V12D07-075_C1,2
CGTCAGCTATTTACTC-1_V12D07-075_C1,7
CGTCAGTGCGCACAAG-1_V12D07-075_C1,7
CGTCATACCATATCCA-1_V12D07-075_C1,1
CGTCCAGATGGCTCCA-1_V12D07-075_C1,5
CGTCCTCATCGCGTGC-1_V12D07-075_C1,9
CGTCGCATGTGAGCCA-1_V12D07-075_C1,5
CGTCGCGGCGGGATTT-1_V12D07-075_C1,2
CGTCGGATAGTGTTGA-1_V12D07-075_C1,16
CGTCGTCCTTCGCGAA-1_V12D07-075_C1,1
CGTCTGGAAGGGCCCG-1_V12D07-075_C1,8
CGTCTTGAGTGTGACG-1_V12D07-075_C1,12
CGTGAAGTTAATTCAC-1_V12D07-075_C1,2
CGTGACATTGGGTCGT-1_V12D07-075_C1,12
CGTGACCAGTCCTCTG-1_V12D07-075_C1,2
CGTGCAGACTGGGACA-1_V12D07-075_C1,1
CGTGCATTGTCGACGC-1_V12D07-075_C1,9
CGTGCCCTCCCGAAGA-1_V12D07-075_C1,2
CGTGCTGGCCTAGTCG-1_V12D07-075_C1,1
CGTGGAAGCCTCGTAC-1_V12D07-075_C1,17
CGTGGCCGAATATCTA-1_V12D07-075_C1,4
CGTGTATGGGAGCTGA-1_V12D07-075_C1,2
CGTGTCCCATTCGCGA-1_V12D07-075_C1,2
CGTGTGTTAAACCCTG-1_V12D07-075_C1,3
CGTTAAACTAGTTAGG-1_V12D07-075_C1,9
CGTTAATGTCCCGACG-1_V12D07-075_C1,1
CGTTAGCTCACAACTG-1_V12D07-075_C1,3
CGTTCAGACCCGCGAA-1_V12D07-075_C1,5
CGTTCTTCGCACACCT-1_V12D07-075_C1,20
CGTTGAATACCGCGCT-1_V12D07-075_C1,2
CGTTGAGCGACCGTCG-1_V12D07-075_C1,4
CGTTGAGTAATTGCGT-1_V12D07-075_C1,3
CGTTGCCCGCGTGGGA-1_V12D07-075_C1,9
CGTTGTAAACGTCAGG-1_V12D07-075_C1,18
CGTTGTAAGATTGATT-1_V12D07-075_C1,9
CGTTGTCGGCAATTGA-1_V12D07-075_C1,5
CGTTGTTTCAATTCCC-1_V12D07-075_C1,7
CGTTTAAGCGGAGCAC-1_V12D07-075_C1,8
CGTTTACAAGGCAGCT-1_V12D07-075_C1,3
CGTTTCACTTCGGGCG-1_V12D07-075_C1,17
CGTTTCGCTCATTACA-1_V12D07-075_C1,7
CGTTTGGTGTTGTGGG-1_V12D07-075_C1,4
CGTTTGTGTAGAGGGT-1_V12D07-075_C1,14
CTAAAGAATGCCTACT-1_V12D07-075_C1,1
CTAAAGGGAAATAGGA-1_V12D07-075_C1,4
CTAAATCCTATTCCGG-1_V12D07-075_C1,11
CTAACCGCGCGCCCGT-1_V12D07-075_C1,2
CTAACGAAACTTGCTG-1_V12D07-075_C1,14
CTAACTGATAATCGCC-1_V12D07-075_C1,5
CTAACTGGTCCGGTTC-1_V12D07-075_C1,16
CTAAGGGAATGATTGG-1_V12D07-075_C1,1
CTAAGTACAGGGCTAC-1_V12D07-075_C1,3
CTAATTCGCACGCGCT-1_V12D07-075_C1,7
CTAATTCTCAGATATT-1_V12D07-075_C1,11
CTAATTTCAACAACAC-1_V12D07-075_C1,7
CTACACTCGCAGATGG-1_V12D07-075_C1,6
CTACCCTAAGGTCATA-1_V12D07-075_C1,14
CTACGACTAGCTATAA-1_V12D07-075_C1,19
CTACGCACGGAGTACC-1_V12D07-075_C1,2
CTACGCCATTTCCGAT-1_V12D07-075_C1,3
CTACGTGTTGCCACCA-1_V12D07-075_C1,15
CTACTATCTTTCAGAG-1_V12D07-075_C1,14
CTACTCAAGGTATAGT-1_V12D07-075_C1,16
CTACTCTAGGCCCGGC-1_V12D07-075_C1,1
CTACTGCCACCTGACC-1_V12D07-075_C1,1
CTAGACATATATGTAG-1_V12D07-075_C1,3
CTAGACTGCATTTCGT-1_V12D07-075_C1,3
CTAGATAAACTCCTCG-1_V12D07-075_C1,1
CTAGATGTGAGTGTAA-1_V12D07-075_C1,3
CTAGATTTACGACGGC-1_V12D07-075_C1,1
CTAGCATAGTATAATG-1_V12D07-075_C1,4
CTAGCCACAGGCGAGC-1_V12D07-075_C1,5
CTAGCCGATGTTATGA-1_V12D07-075_C1,10
CTAGCTTAATGGTCCC-1_V12D07-075_C1,10
CTAGGCGCCCTATCAG-1_V12D07-075_C1,2
CTAGGTCTGAAGGAAT-1_V12D07-075_C1,17
CTAGGTTCGGACGTGA-1_V12D07-075_C1,2
CTAGTAGAAAGGGATT-1_V12D07-075_C1,2
CTAGTATTCGGAATTA-1_V12D07-075_C1,12
CTAGTCACGTCTTAAG-1_V12D07-075_C1,2
CTAGTGAAGGACAGGA-1_V12D07-075_C1,1
CTAGTTACAACCCGGT-1_V12D07-075_C1,1
CTAGTTGGGCCCGGTA-1_V12D07-075_C1,4
CTATAAGAGCCAATCG-1_V12D07-075_C1,10
CTATCGACGAAATACA-1_V12D07-075_C1,1
CTATCGCGTAGAGAAC-1_V12D07-075_C1,4
CTATCGGGTCTCAACA-1_V12D07-075_C1,4
CTATGCCCGAATGCAA-1_V12D07-075_C1,2
CTATGGGAAGCGGAAT-1_V12D07-075_C1,4
CTATGTCACTAGCCCA-1_V12D07-075_C1,1
CTATGTCTATTGAAAC-1_V12D07-075_C1,8
CTATTCATGTGTCCCA-1_V12D07-075_C1,1
CTATTGTGTTTGGTCA-1_V12D07-075_C1,3
CTATTTGCTTGGAGGA-1_V12D07-075_C1,2
CTATTTGGTTACGGAT-1_V12D07-075_C1,2
CTCAACTAACCCGGAT-1_V12D07-075_C1,5
CTCAAGACATTAGCGC-1_V12D07-075_C1,3
CTCACATTTACTAAAT-1_V12D07-075_C1,2
CTCACCAGTACAAGTG-1_V12D07-075_C1,7
CTCACCGATCCAAACT-1_V12D07-075_C1,3
CTCACTGTGATACTTA-1_V12D07-075_C1,1
CTCACTTGGCTGGTAA-1_V12D07-075_C1,16
CTCAGGACTCACCTGT-1_V12D07-075_C1,1
CTCAGTCACGACAAAT-1_V12D07-075_C1,11
CTCATCACTTAGTGAT-1_V12D07-075_C1,3
CTCATGGCTCACAATC-1_V12D07-075_C1,15
CTCATTCGTGAACATC-1_V12D07-075_C1,7
CTCATTGCTCTAACAA-1_V12D07-075_C1,5
CTCATTTGATGGGCGG-1_V12D07-075_C1,13
CTCCCAATGAGTCGCG-1_V12D07-075_C1,11
CTCCGCCCACATGAGG-1_V12D07-075_C1,1
CTCCGGCCTAATATGC-1_V12D07-075_C1,12
CTCCGGCTTGTAGACA-1_V12D07-075_C1,6
CTCCTAAGTTATGTCT-1_V12D07-075_C1,1
CTCCTCCAGCTCACAC-1_V12D07-075_C1,1
CTCCTGTTCAAGGCAG-1_V12D07-075_C1,4
CTCCTTTACGCAAGTC-1_V12D07-075_C1,3
CTCGAATGGAACGTAT-1_V12D07-075_C1,3
CTCGAGATCCAAAGCA-1_V12D07-075_C1,2
CTCGAGGTCGAACAGT-1_V12D07-075_C1,2
CTCGATATTTGCGAGC-1_V12D07-075_C1,10
CTCGCACCTATATAGT-1_V12D07-075_C1,2
CTCGCCGAATGTAGGG-1_V12D07-075_C1,2
CTCGCTAGGTAAGCGA-1_V12D07-075_C1,19
CTCGGGATAACACCTA-1_V12D07-075_C1,3
CTCGGTACCACTGCTC-1_V12D07-075_C1,1
CTCGGTCCGTAGCCTG-1_V12D07-075_C1,13
CTCGTCTGTGCCTTCG-1_V12D07-075_C1,4
CTCGTTTCTAATGTTT-1_V12D07-075_C1,3
CTCTAATGCATTGATC-1_V12D07-075_C1,3
CTCTAGCCCTCGGAAA-1_V12D07-075_C1,5
CTCTATTTGGCTGCAG-1_V12D07-075_C1,2
CTCTCACAATCGATGA-1_V12D07-075_C1,4
CTCTCGCTGTACTATG-1_V12D07-075_C1,7
CTCTGCGAAGCAAGCA-1_V12D07-075_C1,1
CTCTGGACGCCTGGTG-1_V12D07-075_C1,2
CTCTGTTTGAGGATTC-1_V12D07-075_C1,8
CTCTTCTATTGACTGG-1_V12D07-075_C1,6
CTCTTGTCCCGCTTGG-1_V12D07-075_C1,1
CTGAAACGGCCCTCAG-1_V12D07-075_C1,3
CTGAAAGAGATCCGAC-1_V12D07-075_C1,13
CTGAATCCGAGACCTC-1_V12D07-075_C1,2
CTGAATTTATTGCCAG-1_V12D07-075_C1,3
CTGACATAGAAATAGA-1_V12D07-075_C1,17
CTGACTGCGCAGCTCG-1_V12D07-075_C1,11
CTGAGAAAGTTCGGCG-1_V12D07-075_C1,17
CTGAGAGTAGAAATAC-1_V12D07-075_C1,5
CTGAGCAAGTAACAAG-1_V12D07-075_C1,1
CTGAGCGAGACTTATT-1_V12D07-075_C1,3
CTGATAGTGTATCTCA-1_V12D07-075_C1,18
CTGCAAGCACGTTCCG-1_V12D07-075_C1,5
CTGCACAACTACATAT-1_V12D07-075_C1,4
CTGCACCTAGTCCACA-1_V12D07-075_C1,3
CTGCACCTGGAACCGC-1_V12D07-075_C1,15
CTGCACTCCAGTACAG-1_V12D07-075_C1,4
CTGCAGAGAATCAGAG-1_V12D07-075_C1,5
CTGCAGGTGCTCGGCC-1_V12D07-075_C1,6
CTGCCAAGGTTGGAAG-1_V12D07-075_C1,12
CTGCCATGCATCACAT-1_V12D07-075_C1,13
CTGCCCACGAAGCGTT-1_V12D07-075_C1,6
CTGCCTAGCCACCAAG-1_V12D07-075_C1,13
CTGCCTCATATGCAAC-1_V12D07-075_C1,3
CTGCCTTTCTAGTAAA-1_V12D07-075_C1,5
CTGCGGGTGAAATGTT-1_V12D07-075_C1,18
CTGCGGTAGTCACGTG-1_V12D07-075_C1,3
CTGCGTTACGATATAA-1_V12D07-075_C1,17
CTGCTGAGGCCACGAA-1_V12D07-075_C1,14
CTGCTGTCTAACGAGC-1_V12D07-075_C1,17
CTGCTTGGCGATAGCT-1_V12D07-075_C1,1
CTGCTTTATGTCCGCG-1_V12D07-075_C1,3
CTGGAAATGGATGCTT-1_V12D07-075_C1,1
CTGGAAGACACGGTGG-1_V12D07-075_C1,2
CTGGATTTACACTTGA-1_V12D07-075_C1,1
CTGGCGACATAAGTCC-1_V12D07-075_C1,17
CTGGCGCACAGGTCTG-1_V12D07-075_C1,4
CTGGCGGGAATAAGTA-1_V12D07-075_C1,6
CTGGCTCCTGCGGGAT-1_V12D07-075_C1,15
CTGGCTGATTCATCCT-1_V12D07-075_C1,5
CTGGCTGGTTGTCAGT-1_V12D07-075_C1,2
CTGGGATAAATAATGG-1_V12D07-075_C1,2
CTGGGATACGCTACCC-1_V12D07-075_C1,10
CTGGGCCTGCTATATC-1_V12D07-075_C1,16
CTGGGCTATCCTTTGG-1_V12D07-075_C1,3
CTGGGTAGGCAGTTAA-1_V12D07-075_C1,2
CTGGTAAAGACTTACA-1_V12D07-075_C1,4
CTGGTAAAGTGTGGGC-1_V12D07-075_C1,5
CTGGTAACACATAGAA-1_V12D07-075_C1,2
CTGGTAACGAGCTCTT-1_V12D07-075_C1,9
CTGGTCATTCCAATCC-1_V12D07-075_C1,1
CTGGTCCTAACTTGGC-1_V12D07-075_C1,8
CTGGTTCAACGCATCA-1_V12D07-075_C1,1
CTGGTTCGCGAGCTAC-1_V12D07-075_C1,20
CTGGTTTCGAGCAAGA-1_V12D07-075_C1,5
CTGTACTTCTTAGCAT-1_V12D07-075_C1,1
CTGTAGCCATCTCACT-1_V12D07-075_C1,14
CTGTATGGTGTAGAAA-1_V12D07-075_C1,7
CTGTCAAATGGCTCGG-1_V12D07-075_C1,11
CTGTCACGCCAGGCGC-1_V12D07-075_C1,3
CTGTCTGTGGCTGGCT-1_V12D07-075_C1,6
CTGTGCAGGGTAGGTC-1_V12D07-075_C1,1
CTGTGGTCGGGAGATA-1_V12D07-075_C1,2
CTGTTACCCAATCTAG-1_V12D07-075_C1,1
CTGTTCACTGCCTGTG-1_V12D07-075_C1,12
CTGTTCATCTCACGGG-1_V12D07-075_C1,6
CTGTTGGCTCTTCTGA-1_V12D07-075_C1,6
CTTAAATAAGACCCAT-1_V12D07-075_C1,7
CTTAACTTACAGTATA-1_V12D07-075_C1,9
CTTAACTTCGAAGTAC-1_V12D07-075_C1,8
CTTACACGGTATTCCA-1_V12D07-075_C1,1
CTTACACTGGGAAATA-1_V12D07-075_C1,1
CTTACTGACTCCTCTG-1_V12D07-075_C1,4
CTTAGCCCGGATAGTG-1_V12D07-075_C1,6
CTTAGCCTTCCACATG-1_V12D07-075_C1,17
CTTAGTAGGCCTACAG-1_V12D07-075_C1,10
CTTAGTGTAGTAGCAT-1_V12D07-075_C1,2
CTTATAGATGGCTGTT-1_V12D07-075_C1,4
CTTATGTTGACTACCA-1_V12D07-075_C1,1
CTTCAACTCCACTTGG-1_V12D07-075_C1,2
CTTCATAGCTCAAGAA-1_V12D07-075_C1,1
CTTCATTGTCAGTGGA-1_V12D07-075_C1,5
CTTCCGCTCCGTGAAG-1_V12D07-075_C1,9
CTTCGATTGCGCAAGC-1_V12D07-075_C1,2
CTTCGGCCAATTGTTT-1_V12D07-075_C1,11
CTTCGTAGATAGGTGA-1_V12D07-075_C1,19
CTTCTATGTTGAAGTA-1_V12D07-075_C1,9
CTTCTATTAATGCTAG-1_V12D07-075_C1,9
CTTCTTACGTCGTATA-1_V12D07-075_C1,6
CTTGACCCGAAAGATA-1_V12D07-075_C1,8
CTTGAGGTTATCCCGA-1_V12D07-075_C1,1
CTTGAGTTAGGGTAAT-1_V12D07-075_C1,4
CTTGATGACCATCCAG-1_V12D07-075_C1,1
CTTGCCCACCCACGCA-1_V12D07-075_C1,19
CTTGCCCAGGCTCTAC-1_V12D07-075_C1,4
CTTGGCCAAGCTGGGA-1_V12D07-075_C1,1
CTTGTACTTGTTGACT-1_V12D07-075_C1,15
CTTGTCAACATTCGAG-1_V12D07-075_C1,1
CTTGTGAGGACAGCGG-1_V12D07-075_C1,2
CTTGTGAGTCTTTGAC-1_V12D07-075_C1,15
CTTGTGCTCACCGATT-1_V12D07-075_C1,11
CTTGTTGCTGAGTCAA-1_V12D07-075_C1,4
CTTGTTTATGTAGCCA-1_V12D07-075_C1,7
CTTTAACTTTCAAAGG-1_V12D07-075_C1,1
CTTTAATATTGGTCGA-1_V12D07-075_C1,2
CTTTACCGAATAGTAG-1_V12D07-075_C1,1
CTTTAGGAACACTGTT-1_V12D07-075_C1,5
CTTTAGTGCTATTATT-1_V12D07-075_C1,5
CTTTCTGTGCGGGCTT-1_V12D07-075_C1,1
CTTTGCATCGCTCTTG-1_V12D07-075_C1,5
CTTTGCTGTCATGGAT-1_V12D07-075_C1,17
CTTTGGCAGACAGAGT-1_V12D07-075_C1,2
CTTTGGCGCTTTATAC-1_V12D07-075_C1,7
CTTTGGCTTTAGTAAA-1_V12D07-075_C1,6
CTTTGGGATTGTTGCA-1_V12D07-075_C1,9
GAAACAGATGACCACC-1_V12D07-075_C1,4
GAAACAGCCATGCAGT-1_V12D07-075_C1,8
GAAACCATGGTGCGCT-1_V12D07-075_C1,13
GAAACCGAATTACCTT-1_V12D07-075_C1,9
GAAACCTATACAAATG-1_V12D07-075_C1,2
GAAACTCGTGCGATGC-1_V12D07-075_C1,7
GAAACTCTAATGAAGG-1_V12D07-075_C1,18
GAAAGAACAGCGTTAT-1_V12D07-075_C1,11
GAAAGCAGTGCACTTT-1_V12D07-075_C1,19
GAAAGCCCTTTGGACC-1_V12D07-075_C1,6
GAAAGTGACTAACTGC-1_V12D07-075_C1,7
GAAATACCTGCTGGCT-1_V12D07-075_C1,3
GAAATACTAAACGTTT-1_V12D07-075_C1,18
GAAATATCACCATCAG-1_V12D07-075_C1,2
GAAATATGCTTGAATG-1_V12D07-075_C1,20
GAAATCGCGCGCAACT-1_V12D07-075_C1,15
GAAATCTGACCAAGTT-1_V12D07-075_C1,2
GAAATGGCGGTGTTAG-1_V12D07-075_C1,7
GAAATGGGATGTAAAC-1_V12D07-075_C1,6
GAAATTAGCACGGATA-1_V12D07-075_C1,2
GAAATTCACATCGCTG-1_V12D07-075_C1,7
GAAATTGTCTCTATAA-1_V12D07-075_C1,2
GAACAACTGGGATGAA-1_V12D07-075_C1,2
GAACACACATCAACCA-1_V12D07-075_C1,13
GAACAGATTACTAAAT-1_V12D07-075_C1,2
GAACCCTCTGTGTTCT-1_V12D07-075_C1,1
GAACCTCGACCTACAC-1_V12D07-075_C1,9
GAACCTTTAACGATCC-1_V12D07-075_C1,1
GAACGACCGAATGATA-1_V12D07-075_C1,15
GAACGATAAGTTAAAG-1_V12D07-075_C1,3
GAACGCGGGTCACACG-1_V12D07-075_C1,2
GAACGTCTCATGGTCG-1_V12D07-075_C1,16
GAACGTTAGGAAGACG-1_V12D07-075_C1,2
GAACTGTGGAGAGACA-1_V12D07-075_C1,1
GAACTTAGCGCCCGGT-1_V12D07-075_C1,3
GAAGAACGGTGCAGGT-1_V12D07-075_C1,1
GAAGCCACTGATTATG-1_V12D07-075_C1,2
GAAGCCGGGTAAGCTC-1_V12D07-075_C1,7
GAAGCCTGCACATTCC-1_V12D07-075_C1,1
GAAGCGTGAGGAATTT-1_V12D07-075_C1,1
GAAGCTCTTTGCTTAG-1_V12D07-075_C1,5
GAAGCTTGCTGACCGC-1_V12D07-075_C1,1
GAAGGAGTCGAGTGCG-1_V12D07-075_C1,5
GAAGGCTACCATTGTT-1_V12D07-075_C1,13
GAAGGGCATAACCATG-1_V12D07-075_C1,6
GAAGTCAGTTGCACTA-1_V12D07-075_C1,19
GAAGTCTCCCTAGCGA-1_V12D07-075_C1,19
GAAGTGATTTATCGTG-1_V12D07-075_C1,1
GAAGTGCTGGATAGCT-1_V12D07-075_C1,7
GAAGTTTCCACTCAAT-1_V12D07-075_C1,1
GAATAGACGCGACCCA-1_V12D07-075_C1,4
GAATAGCATTTAGGGT-1_V12D07-075_C1,10
GAATAGCCCTGCGGTC-1_V12D07-075_C1,3
GAATATTCGGAGTCCC-1_V12D07-075_C1,12
GAATCGACATGGTCAC-1_V12D07-075_C1,7
GAATCGCCGGACACGG-1_V12D07-075_C1,18
GAATCTGAACATTCTC-1_V12D07-075_C1,1
GAATGAAGGTCTTCAG-1_V12D07-075_C1,3
GAATGCCGAAATGACC-1_V12D07-075_C1,18
GAATGCGAATCGGTTC-1_V12D07-075_C1,6
GAATGGGCTTATCGAC-1_V12D07-075_C1,2
GAATGTATGGCAGGTC-1_V12D07-075_C1,10
GAATGTGGTCCGGATT-1_V12D07-075_C1,2
GAATGTTGGGTAATCT-1_V12D07-075_C1,2
GAATTATAGTGAAAGG-1_V12D07-075_C1,4
GAATTCACCCGGGTGT-1_V12D07-075_C1,4
GAATTTCTCGCTGCAG-1_V12D07-075_C1,4
GACAAACATATGCAGG-1_V12D07-075_C1,5
GACAACGACCATTGAA-1_V12D07-075_C1,1
GACAACGCAGCTTACG-1_V12D07-075_C1,12
GACAAGACGCCCGTGC-1_V12D07-075_C1,4
GACAAGAGATGAGATT-1_V12D07-075_C1,4
GACACAAGGGAAGAAA-1_V12D07-075_C1,21
GACACAGCCGGGACTG-1_V12D07-075_C1,9
GACACGAGTTAGAGGA-1_V12D07-075_C1,1
GACACTGAGTTCAGTG-1_V12D07-075_C1,1
GACACTGGAACCCGAT-1_V12D07-075_C1,4
GACACTTCCAATTACC-1_V12D07-075_C1,4
GACAGCCAGACCTGAC-1_V12D07-075_C1,2
GACAGGCACACACTAT-1_V12D07-075_C1,2
GACATACTGTCGCAGA-1_V12D07-075_C1,18
GACATCCGTCGAACTG-1_V12D07-075_C1,1
GACATCGATTTATAAC-1_V12D07-075_C1,2
GACCAAACGTTGACTG-1_V12D07-075_C1,5
GACCACACTTCCCTTT-1_V12D07-075_C1,4
GACCAGAGCCCTGTAG-1_V12D07-075_C1,1
GACCCGTCGCCGGCTA-1_V12D07-075_C1,15
GACCGACGTGAAAGCA-1_V12D07-075_C1,10
GACCGACTGAAGCGTC-1_V12D07-075_C1,7
GACCGCGTCTGACGTG-1_V12D07-075_C1,11
GACCGTCAGGTCGTGA-1_V12D07-075_C1,17
GACCGTGCTGACGGTG-1_V12D07-075_C1,2
GACCGTTACATGCGAC-1_V12D07-075_C1,6
GACCTGGTCTGGGCGT-1_V12D07-075_C1,5
GACCTTCCACGTCTAC-1_V12D07-075_C1,5
GACGACGATCCGCGTT-1_V12D07-075_C1,2
GACGAGGCTAATAAAC-1_V12D07-075_C1,2
GACGCCGTAAAGGCTA-1_V12D07-075_C1,9
GACGCCTGTTGCAGGG-1_V12D07-075_C1,8
GACGCTTGCTTCTAAA-1_V12D07-075_C1,1
GACGGGTTGGCCCGTA-1_V12D07-075_C1,1
GACGGTCAATAGAAGC-1_V12D07-075_C1,11
GACGGTCCTAGGGTGT-1_V12D07-075_C1,20
GACGTGAGACTCCATG-1_V12D07-075_C1,8
GACGTGTAGGGATTAT-1_V12D07-075_C1,1
GACGTTCGTAAATACA-1_V12D07-075_C1,3
GACTAACACAGCACCT-1_V12D07-075_C1,3
GACTAAGATCATGCAC-1_V12D07-075_C1,10
GACTAAGTAGGCTCAC-1_V12D07-075_C1,1
GACTACAATTGCTCGT-1_V12D07-075_C1,13
GACTAGGCCGTTAGGT-1_V12D07-075_C1,5
GACTCACCCACGTGAG-1_V12D07-075_C1,4
GACTCCCAGAATAAGG-1_V12D07-075_C1,3
GACTCGCGGGAATGAC-1_V12D07-075_C1,11
GACTCGGTCGGCGGAT-1_V12D07-075_C1,20
GACTGATTGGTCACAA-1_V12D07-075_C1,20
GACTGCAAATCGAGCT-1_V12D07-075_C1,4
GACTGCACCAGCCCAG-1_V12D07-075_C1,1
GACTGCGGCACGTGTA-1_V12D07-075_C1,7
GACTGGGCGCCGCAAC-1_V12D07-075_C1,3
GAGAAACTGGATCCCA-1_V12D07-075_C1,9
GAGAACGGTTCTGACT-1_V12D07-075_C1,2
GAGAATCTCACGATCA-1_V12D07-075_C1,7
GAGACCCTGCAACGCC-1_V12D07-075_C1,13
GAGACTGATGGGTAGA-1_V12D07-075_C1,2
GAGACTTCGCGACCGA-1_V12D07-075_C1,2
GAGAGCGCAGTCCCTG-1_V12D07-075_C1,6
GAGAGGCCTATGTGTA-1_V12D07-075_C1,4
GAGAGGGCGCGAGGTT-1_V12D07-075_C1,2
GAGAGGTGCATTCTGG-1_V12D07-075_C1,14
GAGATCTGCTTGGCAT-1_V12D07-075_C1,6
GAGATCTGTCACTCCG-1_V12D07-075_C1,4
GAGATCTTCCATGACA-1_V12D07-075_C1,5
GAGATGACAATCCTTA-1_V12D07-075_C1,3
GAGATGGCTTTAATCA-1_V12D07-075_C1,4
GAGATGGGAGTCGACA-1_V12D07-075_C1,4
GAGCACCTGTGTCCAG-1_V12D07-075_C1,5
GAGCACGGCGCCTCTT-1_V12D07-075_C1,10
GAGCATCATCCCTGGG-1_V12D07-075_C1,8
GAGCCACGGTAGTAGG-1_V12D07-075_C1,8
GAGCCAGCTACCTGTG-1_V12D07-075_C1,2
GAGCCGAGCGTTTATT-1_V12D07-075_C1,13
GAGCGAGGGAGTACCG-1_V12D07-075_C1,8
GAGCGCAAATACTCCG-1_V12D07-075_C1,4
GAGCGCGCACGAGTAG-1_V12D07-075_C1,5
GAGCGGAATGCGGTGT-1_V12D07-075_C1,19
GAGCTAAGGGCATATC-1_V12D07-075_C1,9
GAGCTCTCGGACCTAA-1_V12D07-075_C1,6
GAGCTGTCGTCTCGGA-1_V12D07-075_C1,3
GAGGAATGGAGAGGTT-1_V12D07-075_C1,6
GAGGAGATCCTCATGC-1_V12D07-075_C1,6
GAGGATAAACAGTGCT-1_V12D07-075_C1,3
GAGGCATTTGCAGCAG-1_V12D07-075_C1,3
GAGGCCTGTTGATACA-1_V12D07-075_C1,2
GAGGCTATCAAAGTCG-1_V12D07-075_C1,1
GAGGGCATCGCGTATC-1_V12D07-075_C1,8
GAGGGCGCAGCTCTGC-1_V12D07-075_C1,11
GAGGTACATCCATCTT-1_V12D07-075_C1,1
GAGGTACGCGTGTCCC-1_V12D07-075_C1,2
GAGGTCCCAAAGATCT-1_V12D07-075_C1,5
GAGTAAACCGGAAAGT-1_V12D07-075_C1,17
GAGTAAATTAAGAACC-1_V12D07-075_C1,4
GAGTACGGGTATACAA-1_V12D07-075_C1,18
GAGTAGATACTAGTTG-1_V12D07-075_C1,1
GAGTATCAAAGTTACA-1_V12D07-075_C1,11
GAGTATGCCCGCCTTG-1_V12D07-075_C1,16
GAGTATGCGCGTGCAT-1_V12D07-075_C1,5
GAGTCAGACCAGAATC-1_V12D07-075_C1,9
GAGTCCGCTTACCGGA-1_V12D07-075_C1,1
GAGTCGACAGACCCTC-1_V12D07-075_C1,2
GAGTGTCAACCAGAAA-1_V12D07-075_C1,5
GAGTGTGCGGTACCCA-1_V12D07-075_C1,2
GATAAATCGGTGGATG-1_V12D07-075_C1,15
GATAACTCGCACTGTG-1_V12D07-075_C1,19
GATAAGGCAGATGCAA-1_V12D07-075_C1,8
GATACCGTGTCGGAGT-1_V12D07-075_C1,3
GATACGATGGGAGTCA-1_V12D07-075_C1,19
GATAGAACCCGCTAGG-1_V12D07-075_C1,2
GATAGCGTACCACGCG-1_V12D07-075_C1,5
GATAGGATTAATTACA-1_V12D07-075_C1,12
GATAGGTAACGTTGAC-1_V12D07-075_C1,1
GATAGGTGTCCCGGGC-1_V12D07-075_C1,3
GATATCAGTATGTATC-1_V12D07-075_C1,7
GATATCTCATGCAATA-1_V12D07-075_C1,8
GATATGAGACACTAAC-1_V12D07-075_C1,4
GATATGCGGTAGCCAA-1_V12D07-075_C1,10
GATATGGATTACGCGG-1_V12D07-075_C1,18
GATATTGAGATTGGCG-1_V12D07-075_C1,11
GATATTTCCTACATGG-1_V12D07-075_C1,3
GATCATTCCAAACATT-1_V12D07-075_C1,1
GATCCCTTTATACTGC-1_V12D07-075_C1,1
GATCCGAATATAAGTG-1_V12D07-075_C1,3
GATCCGGGAATTAACA-1_V12D07-075_C1,1
GATCCTAAATCGGGAC-1_V12D07-075_C1,11
GATCCTCTTGCGCTTA-1_V12D07-075_C1,3
GATCGACACTATCTGA-1_V12D07-075_C1,1
GATCGCGGGCTCTCCA-1_V12D07-075_C1,2
GATCGCTACCCGATTT-1_V12D07-075_C1,5
GATCGGCGATAAGTCG-1_V12D07-075_C1,1
GATCGGTGGCCATAAC-1_V12D07-075_C1,2
GATCGTGACTGATATC-1_V12D07-075_C1,9
GATCTCGACGCTGTGG-1_V12D07-075_C1,17
GATCTGCTATCTAAGG-1_V12D07-075_C1,1
GATCTTCATTGTCCTC-1_V12D07-075_C1,6
GATCTTGGAGGGCATA-1_V12D07-075_C1,1
GATCTTTGCAGGGTAT-1_V12D07-075_C1,6
GATCTTTGCTCAAAGA-1_V12D07-075_C1,3
GATGACGATGATCGCG-1_V12D07-075_C1,3
GATGAGGAACCTTCGG-1_V12D07-075_C1,4
GATGCCAGCAGAAGGC-1_V12D07-075_C1,18
GATGCGAATGGTATTA-1_V12D07-075_C1,7
GATGCGTCCTGCATTC-1_V12D07-075_C1,2
GATGCTACAAGCGCCT-1_V12D07-075_C1,8
GATGCTACCTTCGATG-1_V12D07-075_C1,1
GATGCTGTATTTCATC-1_V12D07-075_C1,4
GATGGCGCACACATTA-1_V12D07-075_C1,21
GATGGTGAAATAACCC-1_V12D07-075_C1,3
GATGGTGCCCTAGGCA-1_V12D07-075_C1,7
GATGTCCGGATCACAT-1_V12D07-075_C1,8
GATGTCGGTCAACTGC-1_V12D07-075_C1,8
GATGTGTTGTCACAAG-1_V12D07-075_C1,15
GATGTTCAATCCACGA-1_V12D07-075_C1,2
GATGTTTGTGCGAGAT-1_V12D07-075_C1,7
GATTAACCGAAAGCCC-1_V12D07-075_C1,5
GATTACTGAATTTGGG-1_V12D07-075_C1,9
GATTCCCTTGTCGCAG-1_V12D07-075_C1,4
GATTCCGCGTTTCCGT-1_V12D07-075_C1,12
GATTCCTATACGGCGC-1_V12D07-075_C1,6
GATTCGACGGTTCACG-1_V12D07-075_C1,1
GATTGACACTCTGCTC-1_V12D07-075_C1,15
GATTGGGAAAGGTTGT-1_V12D07-075_C1,4
GCAAACCCTACATTAT-1_V12D07-075_C1,2
GCAAACCTTGGCCATA-1_V12D07-075_C1,7
GCAAACGTCGCCAGGT-1_V12D07-075_C1,10
GCAAATATTACGCTTT-1_V12D07-075_C1,2
GCAAATGAGGACACTT-1_V12D07-075_C1,19
GCAACAGCAGTATGCG-1_V12D07-075_C1,4
GCAACCACCAGACCGG-1_V12D07-075_C1,17
GCAACCACGGCCGCGT-1_V12D07-075_C1,14
GCAACCCAAGTTGTTT-1_V12D07-075_C1,6
GCAACGGCTAGTTATG-1_V12D07-075_C1,3
GCAAGAATTCCTTGGC-1_V12D07-075_C1,9
GCAAGATGTGTTCGCG-1_V12D07-075_C1,3
GCAAGTGCACAGAGAA-1_V12D07-075_C1,7
GCAATTAGTCGCACCG-1_V12D07-075_C1,3
GCACAAACGAGGCGTG-1_V12D07-075_C1,10
GCACAAGTGGATCATA-1_V12D07-075_C1,6
GCACAAGTGTCGGAAG-1_V12D07-075_C1,7
GCACACACTGGTAGCC-1_V12D07-075_C1,4
GCACACGCCCATGGTC-1_V12D07-075_C1,2
GCACCTTCCCGAAGGT-1_V12D07-075_C1,4
GCACGCCTACTTAGAT-1_V12D07-075_C1,16
GCACGTGGTTTACTTA-1_V12D07-075_C1,5
GCACTAGTCGCGCTAT-1_V12D07-075_C1,15
GCACTGCCTACCTTTA-1_V12D07-075_C1,1
GCACTGTGCAAATGTA-1_V12D07-075_C1,8
GCAGAAGGTAATCTCC-1_V12D07-075_C1,17
GCAGACCCAGCACGTA-1_V12D07-075_C1,11
GCAGATCCATAAGACT-1_V12D07-075_C1,1
GCAGATCCTCGCAAAT-1_V12D07-075_C1,7
GCAGATTAGGGATATC-1_V12D07-075_C1,2
GCAGCACACAGCCCAG-1_V12D07-075_C1,1
GCAGCCTATATCACAT-1_V12D07-075_C1,3
GCAGCGGTGGGCATTA-1_V12D07-075_C1,8
GCAGCTATGGACAGGT-1_V12D07-075_C1,3
GCAGCTGTCAACGCAT-1_V12D07-075_C1,9
GCAGGACTATAGAATA-1_V12D07-075_C1,7
GCAGGTAGAGTATGGT-1_V12D07-075_C1,10
GCAGTGCGGGCGGATG-1_V12D07-075_C1,11
GCAGTGTGGCTATAGG-1_V12D07-075_C1,1
GCAGTTCGATCCGAGC-1_V12D07-075_C1,11
GCATACGAGGTCTTTA-1_V12D07-075_C1,9
GCATAGAGCACTCAGG-1_V12D07-075_C1,2
GCATCCCTAACTTTGA-1_V12D07-075_C1,18
GCATCGGCCGTGTAGG-1_V12D07-075_C1,2
GCATGACACAAAGGAA-1_V12D07-075_C1,4
GCATGAGGGACGCGGC-1_V12D07-075_C1,16
GCATGCTAATAACGAT-1_V12D07-075_C1,1
GCATGGGTACTGACGC-1_V12D07-075_C1,19
GCATTCAAGGCAACGC-1_V12D07-075_C1,13
GCATTCGAAATGAACA-1_V12D07-075_C1,6
GCATTTCCAAGGCTCC-1_V12D07-075_C1,3
GCCAACCATTTCCGGA-1_V12D07-075_C1,10
GCCAATAGGGCATCTC-1_V12D07-075_C1,20
GCCACAATTTAAGGAC-1_V12D07-075_C1,9
GCCACTCAGAGCGCGA-1_V12D07-075_C1,4
GCCACTCCTTACGGTA-1_V12D07-075_C1,19
GCCAGGAGTAACCGAT-1_V12D07-075_C1,3
GCCAGGCGTTCGCATG-1_V12D07-075_C1,3
GCCAGGCTTAGTGGTA-1_V12D07-075_C1,6
GCCATATTGCACACAG-1_V12D07-075_C1,17
GCCATCGAGCTGCGTG-1_V12D07-075_C1,16
GCCATCGATGCTGCAT-1_V12D07-075_C1,10
GCCCACCAAGGCTGTC-1_V12D07-075_C1,8
GCCCAGATGCTGGAGA-1_V12D07-075_C1,20
GCCCAGTTGGTATGCC-1_V12D07-075_C1,1
GCCCGATCTGTGGTCG-1_V12D07-075_C1,2
GCCCGCGCGTAAACGG-1_V12D07-075_C1,14
GCCCGCGCGTTTGACA-1_V12D07-075_C1,1
GCCCGTAATACCTTCT-1_V12D07-075_C1,11
GCCCTGAGGATGGGCT-1_V12D07-075_C1,2
GCCGAAATTCCTACGT-1_V12D07-075_C1,1
GCCGATTGGCCAAGCT-1_V12D07-075_C1,4
GCCGCACTCCGTTTCA-1_V12D07-075_C1,20
GCCGCATTAGTCCGGC-1_V12D07-075_C1,18
GCCGCTTGTGAGAAAC-1_V12D07-075_C1,1
GCCGGGTTAGGGTCGC-1_V12D07-075_C1,2
GCCGGTCGTATCTCTC-1_V12D07-075_C1,1
GCCGTGGAAGAAATGT-1_V12D07-075_C1,10
GCCTACGTTCTGTGCA-1_V12D07-075_C1,4
GCCTAGCGATCTGACC-1_V12D07-075_C1,6
GCCTATAGTGTCAGGG-1_V12D07-075_C1,14
GCCTATCAGGTAAGAT-1_V12D07-075_C1,9
GCCTATGCTGGGCCTT-1_V12D07-075_C1,20
GCCTATTCCGATATAG-1_V12D07-075_C1,1
GCCTATTTGCTACACA-1_V12D07-075_C1,15
GCCTCATCTGGAAATA-1_V12D07-075_C1,4
GCCTCCGACAATTCAC-1_V12D07-075_C1,5
GCCTCTATACATAGCA-1_V12D07-075_C1,2
GCCTGCTACACTGAGA-1_V12D07-075_C1,20
GCCTTCAGCCCTACCG-1_V12D07-075_C1,15
GCCTTGTATATGCAGT-1_V12D07-075_C1,7
GCGAAACGATCGGGAG-1_V12D07-075_C1,4
GCGAAACTTAACTGGA-1_V12D07-075_C1,4
GCGAAGAATCTGACGG-1_V12D07-075_C1,2
GCGAAGCCATACCCGT-1_V12D07-075_C1,2
GCGACATGTAAACATC-1_V12D07-075_C1,13
GCGACGATAGTTGTAC-1_V12D07-075_C1,1
GCGAGAAACGGGAGTT-1_V12D07-075_C1,6
GCGAGAGGCCATGTAA-1_V12D07-075_C1,3
GCGAGAGTTGCGTCCA-1_V12D07-075_C1,12
GCGAGCGCATGCTCCC-1_V12D07-075_C1,10
GCGAGGCCCGAGCAGA-1_V12D07-075_C1,6
GCGAGTTCTGCAAAGA-1_V12D07-075_C1,2
GCGATGTCTGTGCTTG-1_V12D07-075_C1,6
GCGATTCTGGAAGCAG-1_V12D07-075_C1,3
GCGATTGTTAACGTTA-1_V12D07-075_C1,9
GCGCAAGAGCGCGCTG-1_V12D07-075_C1,4
GCGCATCCAGTCAGCA-1_V12D07-075_C1,16
GCGCCGTTCCACGATA-1_V12D07-075_C1,13
GCGCCTCCCACTCCGA-1_V12D07-075_C1,16
GCGCGGTCTAGTAACT-1_V12D07-075_C1,1
GCGCGTCATTGGTACA-1_V12D07-075_C1,5
GCGCTAATTGAATAGA-1_V12D07-075_C1,4
GCGCTATGCCGAGGCA-1_V12D07-075_C1,2
GCGCTCGATCACCTGT-1_V12D07-075_C1,3
GCGCTGATCCAGACTC-1_V12D07-075_C1,17
GCGCTGCTTTGCATTT-1_V12D07-075_C1,9
GCGCTGGCGGAAAGTC-1_V12D07-075_C1,6
GCGCTTAAATAATTGG-1_V12D07-075_C1,21
GCGGACCGCGTTGTGG-1_V12D07-075_C1,14
GCGGAGAGGGAGAACG-1_V12D07-075_C1,4
GCGGCTCTGACGTACC-1_V12D07-075_C1,19
GCGGCTTTAGCAAGTT-1_V12D07-075_C1,4
GCGGGAACCAGGCCCT-1_V12D07-075_C1,15
GCGGGCATTACGATGC-1_V12D07-075_C1,3
GCGGGCGAGCCTTACC-1_V12D07-075_C1,9
GCGGTAACCCAAATGA-1_V12D07-075_C1,1
GCGGTCCCGGTGAAGG-1_V12D07-075_C1,3
GCGGTCCCTAGACGCA-1_V12D07-075_C1,8
GCGGTGAACTGCGCTC-1_V12D07-075_C1,10
GCGGTGCGGAGCATCG-1_V12D07-075_C1,6
GCGGTTCCCTATCATG-1_V12D07-075_C1,2
GCGTAAATGGCCATAA-1_V12D07-075_C1,11
GCGTCGAAATGTCGGT-1_V12D07-075_C1,8
GCGTCGCCAGGGTGAT-1_V12D07-075_C1,1
GCGTCTAACCTCCTAA-1_V12D07-075_C1,3
GCGTCTCTGCATTGGG-1_V12D07-075_C1,1
GCGTGGTACTGGGTTA-1_V12D07-075_C1,14
GCGTTATATTTGGAAC-1_V12D07-075_C1,2
GCGTTCGGAGACCGGG-1_V12D07-075_C1,13
GCGTTCTGACTAAGCG-1_V12D07-075_C1,11
GCTAAACCTGAGGTGA-1_V12D07-075_C1,6
GCTAACTGAAGTCTGA-1_V12D07-075_C1,5
GCTAAGTAAAGGCGAT-1_V12D07-075_C1,6
GCTAAGTAGTTTCTCT-1_V12D07-075_C1,4
GCTAATACCGAATGCC-1_V12D07-075_C1,2
GCTACAATCGAGGATA-1_V12D07-075_C1,2
GCTACAGTACGGACCG-1_V12D07-075_C1,16
GCTACGACTTATTGGG-1_V12D07-075_C1,1
GCTACTATAGTAGAGT-1_V12D07-075_C1,6
GCTAGACCGTCTACTG-1_V12D07-075_C1,4
GCTAGAGTAGAGATGT-1_V12D07-075_C1,5
GCTAGCACCTGGGCCA-1_V12D07-075_C1,3
GCTAGCAGGGAGTGGG-1_V12D07-075_C1,3
GCTAGCTTGAATAGCT-1_V12D07-075_C1,14
GCTAGGCACCACGGAG-1_V12D07-075_C1,1
GCTAGTAGAGCTTGTA-1_V12D07-075_C1,4
GCTAGTTTCATTGAGG-1_V12D07-075_C1,1
GCTATACGTCTCGGAC-1_V12D07-075_C1,2
GCTATCATACTCATGG-1_V12D07-075_C1,1
GCTATCGCGGCGCAAC-1_V12D07-075_C1,7
GCTCAACCTCTTAGAG-1_V12D07-075_C1,6
GCTCAATGTAATACCG-1_V12D07-075_C1,4
GCTCATTACTGCATGT-1_V12D07-075_C1,20
GCTCCATGAGTGCAGA-1_V12D07-075_C1,11
GCTCCATGCAAAGCAA-1_V12D07-075_C1,1
GCTCCCAGTCGGTCCA-1_V12D07-075_C1,16
GCTCCGCTCGCTTCAG-1_V12D07-075_C1,10
GCTCGCGGTTCCGCTC-1_V12D07-075_C1,7
GCTCGCTCATGTCCAA-1_V12D07-075_C1,4
GCTCGGAATTTAAAGC-1_V12D07-075_C1,10
GCTCTAAACCCTGACG-1_V12D07-075_C1,1
GCTCTATGTTACGTGC-1_V12D07-075_C1,1
GCTCTCGGGTACCGAA-1_V12D07-075_C1,6
GCTCTTTCCGCTAGTG-1_V12D07-075_C1,1
GCTGAACTCTCCAGGG-1_V12D07-075_C1,20
GCTGAGCAACGGTTCT-1_V12D07-075_C1,6
GCTGAGGCGTGAGTAT-1_V12D07-075_C1,2
GCTGCACGGTTTCTTA-1_V12D07-075_C1,1
GCTGCGCCTCCCACGT-1_V12D07-075_C1,6
GCTGCTAAGTAGTCGA-1_V12D07-075_C1,2
GCTGCTACTGCGTAGC-1_V12D07-075_C1,18
GCTGCTCTCCGGACAC-1_V12D07-075_C1,1
GCTGGACCCAAAGTGG-1_V12D07-075_C1,3
GCTGGCAGGTGCCGTG-1_V12D07-075_C1,6
GCTGGCATATTCACCT-1_V12D07-075_C1,1
GCTGGCGGCGCATGCT-1_V12D07-075_C1,1
GCTGGTGACTCGTAGT-1_V12D07-075_C1,13
GCTGTATTACTGGCCC-1_V12D07-075_C1,16
GCTGTTGCTACCGAAC-1_V12D07-075_C1,4
GCTTAATGTAACTAAC-1_V12D07-075_C1,20
GCTTACGTAGTTAGTA-1_V12D07-075_C1,3
GCTTATGAAGCAGGAA-1_V12D07-075_C1,4
GCTTCAGTGGGATTAC-1_V12D07-075_C1,3
GCTTCCAGCTTAGATT-1_V12D07-075_C1,2
GCTTCCGTCCCTAGAC-1_V12D07-075_C1,13
GCTTGATGATAATCAG-1_V12D07-075_C1,6
GCTTGCAGCACAATTG-1_V12D07-075_C1,3
GCTTGGATCGATTAGG-1_V12D07-075_C1,14
GCTTTACACAACTGGG-1_V12D07-075_C1,16
GCTTTCAGAGGAGGTG-1_V12D07-075_C1,14
GCTTTCTATCTCAACT-1_V12D07-075_C1,3
GGAAACCTTGTTGAAT-1_V12D07-075_C1,20
GGAAACTAAATGGGCC-1_V12D07-075_C1,6
GGAAAGTGCCCATGCC-1_V12D07-075_C1,10
GGAACCCGAACAAGAA-1_V12D07-075_C1,7
GGAACCGTGTAAATTG-1_V12D07-075_C1,9
GGAACGGCCTGCAGCC-1_V12D07-075_C1,6
GGAACTTTGGCGATTA-1_V12D07-075_C1,4
GGAAGCTCGCTTACAG-1_V12D07-075_C1,3
GGAATAACCTCAAGAA-1_V12D07-075_C1,8
GGAATGCGCTAGCGTG-1_V12D07-075_C1,9
GGACAACCATGAAGCC-1_V12D07-075_C1,4
GGACAAGTTGCAGTGA-1_V12D07-075_C1,6
GGACACAAGTTTACAC-1_V12D07-075_C1,9
GGACCAACAGGATAAC-1_V12D07-075_C1,1
GGACCTACGGTAACGT-1_V12D07-075_C1,3
GGACGGCTTGCGCAAC-1_V12D07-075_C1,3
GGACGGGCGACCAACC-1_V12D07-075_C1,4
GGACGTCCATAGTTGG-1_V12D07-075_C1,3
GGACTAAGTCAGGAGT-1_V12D07-075_C1,6
GGACTCACAAATTAGG-1_V12D07-075_C1,17
GGACTCGAAGCTTTCA-1_V12D07-075_C1,4
GGACTCTTCCGGTTGA-1_V12D07-075_C1,11
GGACTCTTTGACTAAG-1_V12D07-075_C1,19
GGAGAAGTCATTGGCA-1_V12D07-075_C1,1
GGAGACCAATGTGCTT-1_V12D07-075_C1,3
GGAGACGACACCTTTG-1_V12D07-075_C1,4
GGAGCAACATTTCAAG-1_V12D07-075_C1,5
GGAGCACCAAGAACTA-1_V12D07-075_C1,10
GGAGCGAGGCCTACTT-1_V12D07-075_C1,2
GGAGGATTGAAAGGAG-1_V12D07-075_C1,21
GGAGGCCGAAGTCGTC-1_V12D07-075_C1,10
GGAGGGCTTGGTTGGC-1_V12D07-075_C1,2
GGAGGGTCAAGTAAGA-1_V12D07-075_C1,4
GGAGTACACATGAGCT-1_V12D07-075_C1,6
GGAGTGCCGCCCTGGA-1_V12D07-075_C1,10
GGAGTTGATTCTGTGT-1_V12D07-075_C1,2
GGATACTCATGAATTG-1_V12D07-075_C1,21
GGATCAAAGGACGAGG-1_V12D07-075_C1,8
GGATCATCCCGTACGC-1_V12D07-075_C1,3
GGATCCCTACCAGCTA-1_V12D07-075_C1,18
GGATCCGGAATATACT-1_V12D07-075_C1,4
GGATGAAGATCGCTGA-1_V12D07-075_C1,4
GGATGACGCGAGTTTA-1_V12D07-075_C1,1
GGATGGCTTGAAGTAT-1_V12D07-075_C1,6
GGATGTCCTTACCGCA-1_V12D07-075_C1,9
GGATTAAGCTAAGGTC-1_V12D07-075_C1,13
GGATTCAGTACGGTGG-1_V12D07-075_C1,6
GGATTCCGCTATACCC-1_V12D07-075_C1,12
GGATTGCTGTGACTCC-1_V12D07-075_C1,1
GGATTTCACTTCTATA-1_V12D07-075_C1,11
GGCAAATTACTTTACT-1_V12D07-075_C1,21
GGCAAGCCAGGGATAG-1_V12D07-075_C1,3
GGCAAGCCCATAGTGG-1_V12D07-075_C1,4
GGCAAGGCGAAATAGC-1_V12D07-075_C1,1
GGCAATAGTCAATGAG-1_V12D07-075_C1,4
GGCACTCAGCCGACCC-1_V12D07-075_C1,18
GGCACTCCACTGGGCA-1_V12D07-075_C1,1
GGCACTGCGGTGGTTT-1_V12D07-075_C1,9
GGCAGAGAGATCGGGA-1_V12D07-075_C1,6
GGCAGCAAACCTATGC-1_V12D07-075_C1,5
GGCAGCGGTAATCCTA-1_V12D07-075_C1,3
GGCATACAGGTAGCGG-1_V12D07-075_C1,1
GGCATATCGGTTCTGC-1_V12D07-075_C1,10
GGCATCAACGAGCACG-1_V12D07-075_C1,15
GGCCACACGAAAGCCT-1_V12D07-075_C1,6
GGCCCAATCTAGAGGG-1_V12D07-075_C1,3
GGCCCAGCTGGTTTGC-1_V12D07-075_C1,4
GGCCCAGTTATCAGCA-1_V12D07-075_C1,3
GGCCCGGAGCATGTCT-1_V12D07-075_C1,3
GGCCCGTATACCATGC-1_V12D07-075_C1,3
GGCCCTCACCCACTTA-1_V12D07-075_C1,2
GGCCGCAGGAACCGCA-1_V12D07-075_C1,4
GGCCGGCGTCTGCTAT-1_V12D07-075_C1,4
GGCCGTTTGGGTTTCA-1_V12D07-075_C1,14
GGCCTGCTTCTCCCGA-1_V12D07-075_C1,4
GGCCTTTGCAACTGGC-1_V12D07-075_C1,2
GGCGAAATCTAACTTG-1_V12D07-075_C1,1
GGCGCAGGACATCTTC-1_V12D07-075_C1,2
GGCGCATGAATTGATG-1_V12D07-075_C1,2
GGCGCGTTCGAGTTTA-1_V12D07-075_C1,1
GGCGCTCCTCATCAAT-1_V12D07-075_C1,15
GGCGCTTCATTCCCTG-1_V12D07-075_C1,4
GGCGGAGTAATATTAG-1_V12D07-075_C1,1
GGCGGGCTCTAAGAGT-1_V12D07-075_C1,17
GGCGGTAGGATCATTG-1_V12D07-075_C1,2
GGCGGTTTGCCGGTGC-1_V12D07-075_C1,6
GGCGTAGGGAAAGCTG-1_V12D07-075_C1,2
GGCGTCCTATCCGCTG-1_V12D07-075_C1,6
GGCTAAAGGGCGGGTC-1_V12D07-075_C1,3
GGCTAATGATTGAAAT-1_V12D07-075_C1,3
GGCTATTAAGTTGTAT-1_V12D07-075_C1,21
GGCTCGCGTTGAGGTA-1_V12D07-075_C1,14
GGCTCGTGCCACCAGC-1_V12D07-075_C1,1
GGCTCTGCTCCAACGC-1_V12D07-075_C1,9
GGCTGAAATAGCAAAG-1_V12D07-075_C1,1
GGCTGAGCATCGTAAG-1_V12D07-075_C1,3
GGCTGGCAGCTTTATG-1_V12D07-075_C1,5
GGCTGGCTAGCTTAAA-1_V12D07-075_C1,8
GGCTTGGCTCTCACCT-1_V12D07-075_C1,6
GGCTTTCAATAAGGGT-1_V12D07-075_C1,2
GGGAAAGAATGCCAAC-1_V12D07-075_C1,9
GGGAACGGGAGGTTAG-1_V12D07-075_C1,1
GGGAAGACGGTCTGTC-1_V12D07-075_C1,2
GGGAATGAGCCCTCAC-1_V12D07-075_C1,20
GGGAATTCTGTCCAGT-1_V12D07-075_C1,6
GGGACCCGTATATCTT-1_V12D07-075_C1,2
GGGACTGCATAGATAG-1_V12D07-075_C1,2
GGGAGAACTCACAGTA-1_V12D07-075_C1,1
GGGAGCGACCGTAGTG-1_V12D07-075_C1,2
GGGAGGATGCCCGAAA-1_V12D07-075_C1,1
GGGAGTAATGGCTGGC-1_V12D07-075_C1,1
GGGAGTTAATGAGGCG-1_V12D07-075_C1,5
GGGATACGGTAATAAT-1_V12D07-075_C1,7
GGGATCCCAATACAAA-1_V12D07-075_C1,3
GGGATGGTCGTAACCG-1_V12D07-075_C1,9
GGGATTTACCGCACCT-1_V12D07-075_C1,4
GGGCACGAATTGGCCG-1_V12D07-075_C1,6
GGGCAGAGCAATCGTT-1_V12D07-075_C1,2
GGGCAGTCAACGCCAA-1_V12D07-075_C1,5
GGGCCCGTCTTAAACA-1_V12D07-075_C1,1
GGGCCCTACGAAAGGG-1_V12D07-075_C1,16
GGGCCCTTATCTATAC-1_V12D07-075_C1,6
GGGCCGGCCGAAGTAC-1_V12D07-075_C1,4
GGGCCTATTTAAGTAT-1_V12D07-075_C1,20
GGGCGAATTTCTCCAC-1_V12D07-075_C1,6
GGGCGATATGTGTGAA-1_V12D07-075_C1,2
GGGCGCAGCGTTACTC-1_V12D07-075_C1,3
GGGCGGCAAATGAATT-1_V12D07-075_C1,16
GGGCGGGTTCCCTACG-1_V12D07-075_C1,9
GGGCGGTCCTATTGTC-1_V12D07-075_C1,7
GGGCGTACATTTATAT-1_V12D07-075_C1,13
GGGCGTCACCACGTAA-1_V12D07-075_C1,5
GGGCGTCCACTGGCTC-1_V12D07-075_C1,12
GGGCGTGGTTTCCCAG-1_V12D07-075_C1,5
GGGCTATGATCGATGG-1_V12D07-075_C1,9
GGGCTCATCGAACCCA-1_V12D07-075_C1,10
GGGCTGCCTAGGGCGA-1_V12D07-075_C1,5
GGGCTGGTTAGTCGCG-1_V12D07-075_C1,1
GGGTAATGCTGTGTTT-1_V12D07-075_C1,18
GGGTACACTCTGGAGG-1_V12D07-075_C1,19
GGGTACCCACGGTCCT-1_V12D07-075_C1,7
GGGTACTTCATGAACT-1_V12D07-075_C1,2
GGGTATGTATGCACTT-1_V12D07-075_C1,18
GGGTCACCGTGACGGT-1_V12D07-075_C1,1
GGGTCAGGAGCTAGAT-1_V12D07-075_C1,1
GGGTCATGCGTACCAT-1_V12D07-075_C1,6
GGGTCGTGGCAAGTGT-1_V12D07-075_C1,10
GGGTCTATCGCTTTCC-1_V12D07-075_C1,5
GGGTGACACCTTAACT-1_V12D07-075_C1,2
GGGTGCATATGAAAGC-1_V12D07-075_C1,3
GGGTGGTCCAGCCTGT-1_V12D07-075_C1,1
GGGTGTTTCAGCTATG-1_V12D07-075_C1,12
GGGTTAACATTTGAGT-1_V12D07-075_C1,9
GGGTTCAGACGAACAA-1_V12D07-075_C1,7
GGGTTTAGGATAGGAT-1_V12D07-075_C1,9
GGTAAACTCTGCGCTG-1_V12D07-075_C1,5
GGTAAATGTGCGTTAC-1_V12D07-075_C1,13
GGTAACCGGCAAAGGT-1_V12D07-075_C1,5
GGTAACTATGTATCTG-1_V12D07-075_C1,13
GGTACAAACATGCTAT-1_V12D07-075_C1,1
GGTACACCAGATTTAT-1_V12D07-075_C1,1
GGTACATCTGGGACGA-1_V12D07-075_C1,9
GGTACCATTAAGACGG-1_V12D07-075_C1,11
GGTACGTTGCGGCCGG-1_V12D07-075_C1,4
GGTACTAAGTGCTTTG-1_V12D07-075_C1,12
GGTAGAAGACCGCCTG-1_V12D07-075_C1,2
GGTAGACCGTTGGGCG-1_V12D07-075_C1,9
GGTAGTGCTCGCACCA-1_V12D07-075_C1,2
GGTATAGTGACACATA-1_V12D07-075_C1,3
GGTATGAAAGAACTGA-1_V12D07-075_C1,2
GGTATTGCCGAGTTTA-1_V12D07-075_C1,6
GGTCAAGACTACTTCG-1_V12D07-075_C1,4
GGTCAGTGGGTCCCAC-1_V12D07-075_C1,1
GGTCATTGTAGTCATA-1_V12D07-075_C1,20
GGTCCTTCATACGACT-1_V12D07-075_C1,6
GGTCGGATAAACGGCG-1_V12D07-075_C1,4
GGTCGGCCAGGAGCTT-1_V12D07-075_C1,9
GGTCGGTAATTAGACA-1_V12D07-075_C1,8
GGTCGGTCGTCCACAG-1_V12D07-075_C1,9
GGTCTCCAAGTAGTGC-1_V12D07-075_C1,12
GGTCTCCGTCCAGGTT-1_V12D07-075_C1,5
GGTCTGAGAATCTGGA-1_V12D07-075_C1,19
GGTCTTGAGCGCTCTT-1_V12D07-075_C1,5
GGTCTTGGTGTTAACT-1_V12D07-075_C1,5
GGTGAAACCGGGAATG-1_V12D07-075_C1,13
GGTGAACGGGCTAGCC-1_V12D07-075_C1,8
GGTGAAGTACAGGGAT-1_V12D07-075_C1,16
GGTGACTGATAGAGAG-1_V12D07-075_C1,5
GGTGAGATGCAGATAA-1_V12D07-075_C1,1
GGTGATAAGGAGCAGT-1_V12D07-075_C1,2
GGTGATGAAGGAAGTG-1_V12D07-075_C1,6
GGTGATTTCATCTTGT-1_V12D07-075_C1,7
GGTGCAGAGCCTATCG-1_V12D07-075_C1,3
GGTGCATAAATGATTA-1_V12D07-075_C1,9
GGTGCGGATAAGTGGC-1_V12D07-075_C1,7
GGTGCTGATCACAAAG-1_V12D07-075_C1,18
GGTGCTGGTACACATT-1_V12D07-075_C1,2
GGTGGACCACGTGTTA-1_V12D07-075_C1,3
GGTGGACTGCTCTGGC-1_V12D07-075_C1,2
GGTGGAGGTTGATACG-1_V12D07-075_C1,17
GGTGTAAATCGATTGT-1_V12D07-075_C1,5
GGTGTAGGTAAGTAAA-1_V12D07-075_C1,2
GGTGTTGGGCGTCTTA-1_V12D07-075_C1,12
GGTTACCACCCTCGGG-1_V12D07-075_C1,14
GGTTACCCGACACTTT-1_V12D07-075_C1,3
GGTTAGCTATATGTCT-1_V12D07-075_C1,5
GGTTAGGCTTGGAGAA-1_V12D07-075_C1,1
GGTTAGTTACGGCGCC-1_V12D07-075_C1,13
GGTTCGGATTATACTA-1_V12D07-075_C1,6
GGTTCTACTCGTCTGA-1_V12D07-075_C1,14
GGTTGTGCTCTTGTCC-1_V12D07-075_C1,6
GGTTGTGTAGCCTGGC-1_V12D07-075_C1,6
GGTTTAATTGAGCAGG-1_V12D07-075_C1,3
GGTTTACAATCTCAAT-1_V12D07-075_C1,21
GGTTTAGCCTTTCTTG-1_V12D07-075_C1,4
GGTTTCAATCGGTCAG-1_V12D07-075_C1,14
GGTTTGACAAGAAGCT-1_V12D07-075_C1,3
GGTTTGAGTGCTGGAA-1_V12D07-075_C1,1
GGTTTGTGACCTGAGG-1_V12D07-075_C1,2
GTAACAACTGACCTTG-1_V12D07-075_C1,3
GTAACATCTAAGATAA-1_V12D07-075_C1,2
GTAACTGCCCAAGGAG-1_V12D07-075_C1,9
GTAACTTGCGGCAGTC-1_V12D07-075_C1,2
GTAAGCGGGCAGTCAG-1_V12D07-075_C1,1
GTAAGGATTTGTCGGA-1_V12D07-075_C1,8
GTAAGTAACAGTCTGG-1_V12D07-075_C1,4
GTAAGTAGGGTATACC-1_V12D07-075_C1,1
GTAAGTCCACACTCTA-1_V12D07-075_C1,13
GTAATAAAGGGCTCCC-1_V12D07-075_C1,10
GTAATCTGATTCTTCG-1_V12D07-075_C1,16
GTACACTTACCTGAAG-1_V12D07-075_C1,6
GTACAGAGGCAAGGGT-1_V12D07-075_C1,4
GTACGACGGCGCTGCG-1_V12D07-075_C1,1
GTACGAGATTGCGACA-1_V12D07-075_C1,12
GTACGCTTCATTGCAC-1_V12D07-075_C1,2
GTACGTCACGTATTAA-1_V12D07-075_C1,3
GTACGTTTGCCCGTCA-1_V12D07-075_C1,4
GTACTAAGATTTGGAG-1_V12D07-075_C1,1
GTACTCCCTTATCGCT-1_V12D07-075_C1,1
GTACTCCTGGGTATGC-1_V12D07-075_C1,13
GTACTGAGGTCGTAAC-1_V12D07-075_C1,8
GTACTGCATGAAGCGT-1_V12D07-075_C1,15
GTACTGGAGTTAGACC-1_V12D07-075_C1,4
GTACTTGGGCACTTCT-1_V12D07-075_C1,1
GTAGAAACGGGTGGAG-1_V12D07-075_C1,7
GTAGACAACCGATGAA-1_V12D07-075_C1,15
GTAGACACGCCTGACT-1_V12D07-075_C1,2
GTAGACGTCGTTACAT-1_V12D07-075_C1,8
GTAGCCAAACATGGGA-1_V12D07-075_C1,1
GTAGCGCTGTTGTAGT-1_V12D07-075_C1,8
GTAGCGGCTATACACT-1_V12D07-075_C1,1
GTAGCTTCCTCTTGTT-1_V12D07-075_C1,16
GTAGGTGATCCGTGTA-1_V12D07-075_C1,12
GTAGTCGCGGGAATCA-1_V12D07-075_C1,1
GTAGTCTACGATATTG-1_V12D07-075_C1,5
GTAGTGAGCAACCTCA-1_V12D07-075_C1,4
GTATAATCTCCCGGAT-1_V12D07-075_C1,5
GTATAGGACTCAGTAG-1_V12D07-075_C1,12
GTATCAAACGTTAGCT-1_V12D07-075_C1,6
GTATCAGCTTGGGTTC-1_V12D07-075_C1,7
GTATCCTTTGGTAACC-1_V12D07-075_C1,5
GTATCTTTCATAACCA-1_V12D07-075_C1,1
GTATGACGTGGGAAAC-1_V12D07-075_C1,8
GTATGTGGGTCTAGTT-1_V12D07-075_C1,4
GTATTAAGGCGTCTAA-1_V12D07-075_C1,7
GTATTAGGGTTCGCGT-1_V12D07-075_C1,3
GTATTCTGAGAAACGA-1_V12D07-075_C1,14
GTATTCTTACCGTGCT-1_V12D07-075_C1,7
GTATTTAATGGCATAA-1_V12D07-075_C1,17
GTCAAAGTTTACATAG-1_V12D07-075_C1,15
GTCAACCAGGCCTATA-1_V12D07-075_C1,2
GTCAAGCGGACTCGGG-1_V12D07-075_C1,2
GTCAATGCTATAATTT-1_V12D07-075_C1,3
GTCAATTGTACTGAAG-1_V12D07-075_C1,8
GTCACAAAGTTTCCAA-1_V12D07-075_C1,8
GTCACTCTCCAAATCT-1_V12D07-075_C1,1
GTCAGAATAGTCTATG-1_V12D07-075_C1,21
GTCAGACAGCGTTGGA-1_V12D07-075_C1,6
GTCAGTTGTGCTCGTT-1_V12D07-075_C1,8
GTCAGTTTGGTAGTCG-1_V12D07-075_C1,7
GTCATCTCCTACAGCT-1_V12D07-075_C1,6
GTCATGCACCTCCGTT-1_V12D07-075_C1,4
GTCATGCGCGAGGGCT-1_V12D07-075_C1,5
GTCATGGACATGACTA-1_V12D07-075_C1,1
GTCATTAGAGCGAACG-1_V12D07-075_C1,2
GTCATTGCATTGACCC-1_V12D07-075_C1,1
GTCCAATATTTAGCCT-1_V12D07-075_C1,1
GTCCACGTCGCATTCG-1_V12D07-075_C1,4
GTCCATTACTGCTACG-1_V12D07-075_C1,11
GTCCCAACGTAAAGTA-1_V12D07-075_C1,4
GTCCCGCGACGTTATG-1_V12D07-075_C1,1
GTCCGAGAGCAATCAT-1_V12D07-075_C1,6
GTCCGGACCTGAAATT-1_V12D07-075_C1,6
GTCCGGCTGAATTGCG-1_V12D07-075_C1,21
GTCCGGGTTCACATTA-1_V12D07-075_C1,5
GTCCTACAGGCGGCTC-1_V12D07-075_C1,7
GTCCTACGAATAGTCT-1_V12D07-075_C1,2
GTCCTATTGTTGTGGT-1_V12D07-075_C1,18
GTCCTTCTACAACCCA-1_V12D07-075_C1,7
GTCCTTCTAGTGGGTT-1_V12D07-075_C1,13
GTCCTTTAATGACTTC-1_V12D07-075_C1,3
GTCGATAGGTGACTTT-1_V12D07-075_C1,17
GTCGCCGTTGTGTGTT-1_V12D07-075_C1,19
GTCGCGTAACCCGTTG-1_V12D07-075_C1,2
GTCGGAAGGATACCAG-1_V12D07-075_C1,3
GTCGGATATCTCAGAC-1_V12D07-075_C1,2
GTCGGATGTAGCGCGC-1_V12D07-075_C1,12
GTCGGGAACATGGTAG-1_V12D07-075_C1,6
GTCGGGAAGCAGAAAC-1_V12D07-075_C1,1
GTCGTACCATCTCGGG-1_V12D07-075_C1,4
GTCGTACCTACGATTG-1_V12D07-075_C1,2
GTCGTATTGGCGTACA-1_V12D07-075_C1,13
GTCGTCAATTATAAGG-1_V12D07-075_C1,8
GTCGTCTGGTTGGCTA-1_V12D07-075_C1,3
GTCGTGTCTGGTCATC-1_V12D07-075_C1,13
GTCGTTATTCGCTTAT-1_V12D07-075_C1,5
GTCTACTCAATTACAA-1_V12D07-075_C1,2
GTCTAGTGAGCCGCTT-1_V12D07-075_C1,5
GTCTATCTGAGTTTCT-1_V12D07-075_C1,2
GTCTATTGCATGCTCG-1_V12D07-075_C1,4
GTCTATTGGTTCCGGT-1_V12D07-075_C1,2
GTCTCAAGGCCCGGCT-1_V12D07-075_C1,1
GTCTCCGCCTCAATAC-1_V12D07-075_C1,19
GTCTCGACTAAGTTTG-1_V12D07-075_C1,13
GTCTCGATCTGCTTTC-1_V12D07-075_C1,12
GTCTGGGCGGTCGAGA-1_V12D07-075_C1,9
GTCTTAGTACAGCCGG-1_V12D07-075_C1,3
GTCTTCCTCACCTAAG-1_V12D07-075_C1,6
GTCTTGAGGAGCAGTG-1_V12D07-075_C1,3
GTCTTGTAGCTATTCA-1_V12D07-075_C1,1
GTGAAACGGCGCCACC-1_V12D07-075_C1,17
GTGAAACGTGCTCCAC-1_V12D07-075_C1,8
GTGAACTCCCATTCGA-1_V12D07-075_C1,11
GTGAAGATTTCAAGTG-1_V12D07-075_C1,10
GTGAAGCCGTATAGTC-1_V12D07-075_C1,10
GTGACAGCTTCCCACT-1_V12D07-075_C1,2
GTGACCGCACACTACG-1_V12D07-075_C1,5
GTGACCTAAAGAATAA-1_V12D07-075_C1,20
GTGACGAGGGTGACCC-1_V12D07-075_C1,3
GTGACGCAGGTTTCAT-1_V12D07-075_C1,5
GTGACTTCAGTAGTGC-1_V12D07-075_C1,2
GTGAGCGTGCTGCACT-1_V12D07-075_C1,1
GTGAGGACACTTAAGG-1_V12D07-075_C1,1
GTGAGGAGCGGTTGAG-1_V12D07-075_C1,10
GTGAGTCGACTAATAG-1_V12D07-075_C1,9
GTGAGTCTAAGACGGA-1_V12D07-075_C1,7
GTGAGTGGTACAACGC-1_V12D07-075_C1,2
GTGATCACTAACGCCT-1_V12D07-075_C1,5
GTGATCATAGATCTGC-1_V12D07-075_C1,1
GTGATCCTTGTCATGA-1_V12D07-075_C1,4
GTGATGCACAACATCT-1_V12D07-075_C1,3
GTGATTCGCCGCTCAA-1_V12D07-075_C1,16
GTGCAACAAATGTGGC-1_V12D07-075_C1,8
GTGCACCAGCTTCAAC-1_V12D07-075_C1,1
GTGCACGAAAGTGACT-1_V12D07-075_C1,1
GTGCAGCGTAGAGTAG-1_V12D07-075_C1,17
GTGCCATCACACGGTG-1_V12D07-075_C1,9
GTGCCCGTTCGGATTC-1_V12D07-075_C1,2
GTGCCGCTTCAAAGGT-1_V12D07-075_C1,2
GTGCCTAGCTATGCTT-1_V12D07-075_C1,5
GTGCCTCAGTGTACGG-1_V12D07-075_C1,3
GTGCCTGAGACCAAAC-1_V12D07-075_C1,5
GTGCGAAATCGAACAC-1_V12D07-075_C1,9
GTGCGACAGGGAGTGT-1_V12D07-075_C1,9
GTGCGGGACCATCGGC-1_V12D07-075_C1,21
GTGCGGGTCTCCAAAT-1_V12D07-075_C1,12
GTGCGTGTATATGAGC-1_V12D07-075_C1,10
GTGCTCAAGTACTGTC-1_V12D07-075_C1,1
GTGCTGCAGATAAGGA-1_V12D07-075_C1,6
GTGCTTACATCAGCGC-1_V12D07-075_C1,3
GTGGAACCTACATGCG-1_V12D07-075_C1,12
GTGGACCAACCCGATT-1_V12D07-075_C1,14
GTGGACGCATTTGTCC-1_V12D07-075_C1,1
GTGGACGTGCTGAGAC-1_V12D07-075_C1,1
GTGGAGCATGTCGGCC-1_V12D07-075_C1,12
GTGGAGTCGGCGGTTG-1_V12D07-075_C1,16
GTGGCCTAATATCATT-1_V12D07-075_C1,6
GTGGCTGTTTCTGTTC-1_V12D07-075_C1,4
GTGGGCTTAGACACAC-1_V12D07-075_C1,7
GTGGTATAGTCTGCCG-1_V12D07-075_C1,16
GTGGTCAGCGAAGTAT-1_V12D07-075_C1,3
GTGGTGATGGTTTGTG-1_V12D07-075_C1,17
GTGGTGGCCAAGTGAA-1_V12D07-075_C1,2
GTGGTTACTTCTTTCG-1_V12D07-075_C1,3
GTGGTTTCCGCCTTTC-1_V12D07-075_C1,14
GTGTACCTTGGCTACG-1_V12D07-075_C1,11
GTGTACGAACCGTTCC-1_V12D07-075_C1,20
GTGTATATCAGCGGGC-1_V12D07-075_C1,2
GTGTATGACTTTAAAG-1_V12D07-075_C1,2
GTGTCGTATAGCGTTC-1_V12D07-075_C1,1
GTGTCGTATTCACCTT-1_V12D07-075_C1,20
GTGTGAATAACTTAGG-1_V12D07-075_C1,9
GTGTGTCGACGTCGCT-1_V12D07-075_C1,6
GTGTTACTATGCGTCC-1_V12D07-075_C1,1
GTTAAAGTAGGACTGG-1_V12D07-075_C1,1
GTTAACATCACTTAAA-1_V12D07-075_C1,2
GTTAACTATGTTGTCA-1_V12D07-075_C1,13
GTTAAGGGTGCGATGT-1_V12D07-075_C1,2
GTTAAGTTAGAGTGGG-1_V12D07-075_C1,3
GTTAATGTCTATCTTA-1_V12D07-075_C1,4
GTTACAATTGGTGACG-1_V12D07-075_C1,4
GTTACCAAGGCGTACG-1_V12D07-075_C1,9
GTTACCTACAACTTGC-1_V12D07-075_C1,1
GTTACTTTGGGCCTAG-1_V12D07-075_C1,2
GTTAGAGTGTGCCGCT-1_V12D07-075_C1,18
GTTAGCCCATGACATC-1_V12D07-075_C1,5
GTTAGCCGTAAATCAA-1_V12D07-075_C1,3
GTTATAATACGGTGAA-1_V12D07-075_C1,5
GTTATATCAGGAGCCA-1_V12D07-075_C1,3
GTTATATTATCTCCCT-1_V12D07-075_C1,1
GTTATCAAGCTATCGA-1_V12D07-075_C1,4
GTTATCACCTTCTGAA-1_V12D07-075_C1,8
GTTATTAACGTGGGAG-1_V12D07-075_C1,1
GTTCAAATCAGATGTC-1_V12D07-075_C1,6
GTTCACAGGAGTCTAG-1_V12D07-075_C1,1
GTTCAGTCGCCAAATG-1_V12D07-075_C1,2
GTTCATCGTTTGGCTG-1_V12D07-075_C1,17
GTTCCAGTCTGACCAT-1_V12D07-075_C1,13
GTTCCCGTAAACATAT-1_V12D07-075_C1,5
GTTCGCCATAAGTGCC-1_V12D07-075_C1,1
GTTCGCTGAGACGTCT-1_V12D07-075_C1,4
GTTCGGAGCACTCAAC-1_V12D07-075_C1,5
GTTCGGATCGGGAACA-1_V12D07-075_C1,11
GTTCGGGCGTACCATT-1_V12D07-075_C1,12
GTTCGTCTAAAGAACT-1_V12D07-075_C1,5
GTTCGTCTGGGTCCCT-1_V12D07-075_C1,20
GTTCTTCCCTCGATGT-1_V12D07-075_C1,18
GTTGAACCGGTTCCAT-1_V12D07-075_C1,2
GTTGAGTCCCGCCGGT-1_V12D07-075_C1,2
GTTGCACGGAGTTTCG-1_V12D07-075_C1,1
GTTGCAGTCGACAACA-1_V12D07-075_C1,5
GTTGCGCTAACATTAC-1_V12D07-075_C1,3
GTTGCGGACGGTCAGG-1_V12D07-075_C1,17
GTTGGACCGCATCAGG-1_V12D07-075_C1,3
GTTGGATTCAGTGGCT-1_V12D07-075_C1,3
GTTGGATTGAGAACAC-1_V12D07-075_C1,9
GTTGGATTTGCGTTGG-1_V12D07-075_C1,2
GTTGGTCATGCTATCC-1_V12D07-075_C1,2
GTTGTAGATTTATGAG-1_V12D07-075_C1,4
GTTGTCGTGTTAGTTG-1_V12D07-075_C1,12
GTTGTTACATTGCGCT-1_V12D07-075_C1,20
GTTGTTGCAAGATGGC-1_V12D07-075_C1,4
GTTTACGTTCCATCTG-1_V12D07-075_C1,1
GTTTATGGGATTTAGA-1_V12D07-075_C1,6
GTTTCAAACGAGTTGT-1_V12D07-075_C1,2
GTTTCATATCGTCGCT-1_V12D07-075_C1,16
GTTTCCTGGAGGGTGA-1_V12D07-075_C1,1
GTTTCTAGAGGCGCGG-1_V12D07-075_C1,4
GTTTCTGCAGTCTCCC-1_V12D07-075_C1,1
GTTTGACCAAATCCTA-1_V12D07-075_C1,2
GTTTGGCCCAAGTTAT-1_V12D07-075_C1,2
GTTTGGCCGCTCAGCG-1_V12D07-075_C1,18
GTTTGGGCTTGTGAGC-1_V12D07-075_C1,1
GTTTGGGTTTCGCCCG-1_V12D07-075_C1,5
GTTTGGTAGGGTCAAC-1_V12D07-075_C1,2
TAAACGTCGTCAATGA-1_V12D07-075_C1,6
TAAAGACAACCCTTTA-1_V12D07-075_C1,3
TAAAGAGCCCGAAACC-1_V12D07-075_C1,8
TAAAGCGGTATTTCCA-1_V12D07-075_C1,1
TAAAGCGTTAGGAGAA-1_V12D07-075_C1,9
TAAAGCTGCAATAGGG-1_V12D07-075_C1,2
TAAATCTTTACACCTC-1_V12D07-075_C1,10
TAAATGAATCCGTTTC-1_V12D07-075_C1,1
TAAATGCCGTCTCATG-1_V12D07-075_C1,3
TAAATGGGCTACTGAG-1_V12D07-075_C1,5
TAACAAAGGGAGAAGC-1_V12D07-075_C1,1
TAACAATATTTGTTGC-1_V12D07-075_C1,1
TAACATACAATGTGGG-1_V12D07-075_C1,1
TAACCGCCCGCAGTGC-1_V12D07-075_C1,8
TAACCTACCGTCCGAG-1_V12D07-075_C1,10
TAACCTAGGGAGTCCA-1_V12D07-075_C1,6
TAACGCTTTGAGAGCG-1_V12D07-075_C1,1
TAACTATCGAAGGTCC-1_V12D07-075_C1,7
TAACTATTACGCCAAA-1_V12D07-075_C1,12
TAACTCATCCGCGCGG-1_V12D07-075_C1,2
TAACTCCATGGAGGCT-1_V12D07-075_C1,6
TAAGCAGGCGACACGC-1_V12D07-075_C1,4
TAAGCCCTTACGACCA-1_V12D07-075_C1,3
TAAGGAACTTGTGGGA-1_V12D07-075_C1,1
TAAGGCAACATAAGAT-1_V12D07-075_C1,1
TAAGGCATAACATCAA-1_V12D07-075_C1,9
TAAGGCCCGTCACCCT-1_V12D07-075_C1,2
TAAGGCTGAATCCCTC-1_V12D07-075_C1,5
TAAGGGCCTGTCCGAT-1_V12D07-075_C1,2
TAAGGGCTGGGAGAGG-1_V12D07-075_C1,19
TAAGTAAATGTGCCGC-1_V12D07-075_C1,7
TAAGTAACATCTTGAC-1_V12D07-075_C1,9
TAAGTCGGTGAGCTAG-1_V12D07-075_C1,4
TAAGTTGCGACGTAGG-1_V12D07-075_C1,6
TAATAAACAAGGAGAT-1_V12D07-075_C1,3
TAATACACAGTAGTAT-1_V12D07-075_C1,15
TAATACTAGAACAGAC-1_V12D07-075_C1,4
TAATAGAACAGAGTTA-1_V12D07-075_C1,14
TAATAGCTAAATGATG-1_V12D07-075_C1,3
TAATAGTGACGACCAG-1_V12D07-075_C1,11
TAATATTGAAATTCGC-1_V12D07-075_C1,8
TAATCAACCAAATGGG-1_V12D07-075_C1,17
TAATCGATCCGTACGT-1_V12D07-075_C1,11
TAATGAAAGACCCTTG-1_V12D07-075_C1,6
TAATTACGTCAGTAGA-1_V12D07-075_C1,4
TAATTAGATGGATATG-1_V12D07-075_C1,8
TAATTAGGACATCCGT-1_V12D07-075_C1,16
TAATTCCAATGCTTCA-1_V12D07-075_C1,4
TAATTGGAATCGGGAA-1_V12D07-075_C1,13
TAATTTCCGTCCAGTA-1_V12D07-075_C1,16
TACAACGCACAACTCA-1_V12D07-075_C1,1
TACAAGGGCTTCTTTA-1_V12D07-075_C1,4
TACAAGTCTCGTGCAT-1_V12D07-075_C1,1
TACACCGTCGTTAGTC-1_V12D07-075_C1,13
TACACCTCTTCGAATC-1_V12D07-075_C1,9
TACAGAAACGGTGGGC-1_V12D07-075_C1,2
TACATAGGCATACACC-1_V12D07-075_C1,4
TACATCTTGTTTCTTG-1_V12D07-075_C1,6
TACATGACCTTATCCG-1_V12D07-075_C1,7
TACATGCCGGAATTGT-1_V12D07-075_C1,17
TACATTTCTAACGTGC-1_V12D07-075_C1,4
TACCAAATAGCCCAGA-1_V12D07-075_C1,4
TACCAATAAAGTACCA-1_V12D07-075_C1,2
TACCAGAAGTAGGTTC-1_V12D07-075_C1,1
TACCAGCTAGGTTTAA-1_V12D07-075_C1,8
TACCATGTATTGATTT-1_V12D07-075_C1,17
TACCCTCGGTAACCCT-1_V12D07-075_C1,5
TACCGAATAATTGTAA-1_V12D07-075_C1,6
TACCGCGGACTTGCAG-1_V12D07-075_C1,16
TACCGGCTCACTGCCC-1_V12D07-075_C1,1
TACCGGTCGTTTCCAT-1_V12D07-075_C1,16
TACCGTAGGTTAACTA-1_V12D07-075_C1,1
TACCGTGCCTCGGACC-1_V12D07-075_C1,1
TACCTACTCCCAGTAT-1_V12D07-075_C1,4
TACCTATCCCTAGAGG-1_V12D07-075_C1,19
TACCTCACGCTTGTAC-1_V12D07-075_C1,1
TACCTCAGTTGTCTGT-1_V12D07-075_C1,2
TACCTCTTTACCATCC-1_V12D07-075_C1,19
TACCTGCTGCACTGTG-1_V12D07-075_C1,7
TACGAACACGACTTCA-1_V12D07-075_C1,7
TACGACGCTTGCTGCG-1_V12D07-075_C1,1
TACGACTGCCTCTTAG-1_V12D07-075_C1,5
TACGAGAACTTCACGT-1_V12D07-075_C1,1
TACGATGTTGATCATC-1_V12D07-075_C1,6
TACGCAGTTCTTTCCT-1_V12D07-075_C1,4
TACGCCATATTCTAAT-1_V12D07-075_C1,2
TACGCCGCCTCAGAAG-1_V12D07-075_C1,10
TACGCCTCCATTCCGA-1_V12D07-075_C1,1
TACGCTATAGAAACCT-1_V12D07-075_C1,17
TACGCTCGGTATTGGA-1_V12D07-075_C1,2
TACGGAAGCCAAACCA-1_V12D07-075_C1,5
TACGGCATGGACGCTA-1_V12D07-075_C1,4
TACGGGATGCTAGCAG-1_V12D07-075_C1,17
TACGTAAAGCGGAGTG-1_V12D07-075_C1,5
TACGTGCAAGGTTCCT-1_V12D07-075_C1,3
TACGTGCACTATGCTG-1_V12D07-075_C1,7
TACGTGGGCCCAGGGC-1_V12D07-075_C1,4
TACGTTTACCGGCAAT-1_V12D07-075_C1,9
TACTACGTGCAATGCG-1_V12D07-075_C1,9
TACTATGGTTCCTCAG-1_V12D07-075_C1,16
TACTCGGCACGCCGGG-1_V12D07-075_C1,2
TACTCTCCGAACAAAT-1_V12D07-075_C1,12
TACTCTTACTTTACTG-1_V12D07-075_C1,19
TACTCTTTCGTCTTCA-1_V12D07-075_C1,16
TACTGAACAGATTTAG-1_V12D07-075_C1,14
TACTGCAATCAATTAC-1_V12D07-075_C1,12
TACTGGACAGCTCGGC-1_V12D07-075_C1,7
TACTGTTTCTCTGGTA-1_V12D07-075_C1,10
TACTTAAACATGTACA-1_V12D07-075_C1,6
TACTTGTTAGTAGTCC-1_V12D07-075_C1,16
TACTTTACTGAGCCGG-1_V12D07-075_C1,14
TAGAAACACAATAGTG-1_V12D07-075_C1,6
TAGAAACCACTAAGTA-1_V12D07-075_C1,13
TAGAAAGGTGGCGCTA-1_V12D07-075_C1,4
TAGAAATTCACGTATA-1_V12D07-075_C1,6
TAGAAGAAGGGTTACA-1_V12D07-075_C1,4
TAGAATAGCCGATGAA-1_V12D07-075_C1,5
TAGAATTAAGGGCAAC-1_V12D07-075_C1,7
TAGACGAAACGCCAAT-1_V12D07-075_C1,6
TAGACGCCCGTACCGG-1_V12D07-075_C1,14
TAGACTACCTAGCGTT-1_V12D07-075_C1,19
TAGAGCTACGAAGAAC-1_V12D07-075_C1,8
TAGAGGTTCTACTTGT-1_V12D07-075_C1,4
TAGAGTCTAAGCGAAC-1_V12D07-075_C1,7
TAGATATGGACTGGAA-1_V12D07-075_C1,9
TAGATCCGAAGTCGCA-1_V12D07-075_C1,7
TAGATGGTTCCTTACT-1_V12D07-075_C1,5
TAGATTCCTGGTTATT-1_V12D07-075_C1,2
TAGCAACCTGTCACAA-1_V12D07-075_C1,7
TAGCAGTATGACTAAA-1_V12D07-075_C1,5
TAGCCAGAGGGTCCGG-1_V12D07-075_C1,5
TAGCCATTTCAAAGTC-1_V12D07-075_C1,2
TAGCCGGCGGTCAGCG-1_V12D07-075_C1,4
TAGCGTCCCTCGATTG-1_V12D07-075_C1,14
TAGCGTCCGGTGTGGT-1_V12D07-075_C1,1
TAGCGTCGAATATTGA-1_V12D07-075_C1,5
TAGCGTTGGGTCTTAC-1_V12D07-075_C1,1
TAGCTAAGTCCGGGAG-1_V12D07-075_C1,1
TAGCTAGAAGGCATGA-1_V12D07-075_C1,9
TAGCTAGTGATGATGG-1_V12D07-075_C1,9
TAGCTCAGATCCTAGT-1_V12D07-075_C1,20
TAGCTCGCCTGATAAC-1_V12D07-075_C1,2
TAGGAACAGCCTCCAG-1_V12D07-075_C1,3
TAGGCATGTTACGCCA-1_V12D07-075_C1,17
TAGGCCTATATAGTCT-1_V12D07-075_C1,4
TAGGCTAAAGTGGCAC-1_V12D07-075_C1,4
TAGGGAGCTTGGGATG-1_V12D07-075_C1,9
TAGGGTGTTTCAAGAG-1_V12D07-075_C1,12
TAGGTCCAAGTAAGGA-1_V12D07-075_C1,1
TAGGTCGCCGGAACTG-1_V12D07-075_C1,16
TAGGTGACGATAACCT-1_V12D07-075_C1,4
TAGGTGAGCCCTACTC-1_V12D07-075_C1,6
TAGGTGCTCGCCTAGC-1_V12D07-075_C1,5
TAGGTGTTCCACAGAT-1_V12D07-075_C1,2
TAGGTTCGAGTTCGTC-1_V12D07-075_C1,2
TAGTACCTTAGTGGTC-1_V12D07-075_C1,7
TAGTAGCTTATACCAG-1_V12D07-075_C1,16
TAGTCCCGGAGACCAC-1_V12D07-075_C1,4
TAGTCCGCAGAGAATG-1_V12D07-075_C1,2
TAGTCCGTATGCATAA-1_V12D07-075_C1,6
TAGTCGATCACGGGTT-1_V12D07-075_C1,4
TAGTCGGGATTCTTCG-1_V12D07-075_C1,5
TAGTCTAACAACGAGA-1_V12D07-075_C1,19
TAGTCTGTGACGTTGC-1_V12D07-075_C1,20
TAGTCTTTCCGAATTG-1_V12D07-075_C1,10
TAGTGCCCTCCAGAGT-1_V12D07-075_C1,6
TAGTGCTTGAATCCTT-1_V12D07-075_C1,6
TAGTGTCAGAAACGGC-1_V12D07-075_C1,7
TAGTTAAGATAGGATA-1_V12D07-075_C1,10
TAGTTTATTCTTGCTT-1_V12D07-075_C1,15
TATAAATCCACAAGCT-1_V12D07-075_C1,21
TATAAGTGAGGATAGC-1_V12D07-075_C1,7
TATACACAGACGCCTT-1_V12D07-075_C1,1
TATACACGCAAAGTAT-1_V12D07-075_C1,18
TATACCGAGTGCCACA-1_V12D07-075_C1,17
TATACGCGTCATCACT-1_V12D07-075_C1,1
TATACTCATGCGGCAA-1_V12D07-075_C1,18
TATAGAGTCGCTTGAA-1_V12D07-075_C1,2
TATAGATGGTCGCAGT-1_V12D07-075_C1,4
TATAGGGTACTCATGA-1_V12D07-075_C1,2
TATATCATTGATCAGT-1_V12D07-075_C1,6
TATATCCCTGGGAGGA-1_V12D07-075_C1,11
TATATGCTGGGTTGCC-1_V12D07-075_C1,7
TATATTACAAATGTCG-1_V12D07-075_C1,20
TATATTCGCGTCGATA-1_V12D07-075_C1,8
TATCAAAGGTCTGTAA-1_V12D07-075_C1,6
TATCACCATGTAAAGT-1_V12D07-075_C1,3
TATCACCCAACCGACC-1_V12D07-075_C1,10
TATCACTTCGAGTAAC-1_V12D07-075_C1,3
TATCCAATTGGTTATC-1_V12D07-075_C1,1
TATCCATATCATGCGA-1_V12D07-075_C1,15
TATCCGCACCGTCGGG-1_V12D07-075_C1,2
TATCCTATCAACTGGT-1_V12D07-075_C1,2
TATCCTGCATGGGAAT-1_V12D07-075_C1,7
TATCGATCTATGCATA-1_V12D07-075_C1,12
TATCGATGATTAAACG-1_V12D07-075_C1,1
TATCTACAGAGGTAAT-1_V12D07-075_C1,1
TATCTACCACAGCGGG-1_V12D07-075_C1,5
TATCTAGCCTAAAGGA-1_V12D07-075_C1,2
TATGAAGAATTAAGGT-1_V12D07-075_C1,5
TATGAAGACAGGTGCG-1_V12D07-075_C1,7
TATGATAAATCTAACG-1_V12D07-075_C1,1
TATGATCCGGCACGCC-1_V12D07-075_C1,1
TATGATCTTCTCTTTA-1_V12D07-075_C1,1
TATGATTCTGCTTGGT-1_V12D07-075_C1,8
TATGCTCCCTACTTAC-1_V12D07-075_C1,7
TATGGAGTTTCTCGTT-1_V12D07-075_C1,8
TATGGATGTGCTACGC-1_V12D07-075_C1,6
TATGGCCCGGCCTCGC-1_V12D07-075_C1,7
TATGGCTAGGCTAATT-1_V12D07-075_C1,3
TATGGGACCGAGCAGG-1_V12D07-075_C1,2
TATGGGTACGTATCGT-1_V12D07-075_C1,1
TATGGTCTGAGTAACA-1_V12D07-075_C1,6
TATGGTTAGTGGGAGA-1_V12D07-075_C1,11
TATGTCAAGACCGACT-1_V12D07-075_C1,3
TATGTCTCATTGTGCC-1_V12D07-075_C1,9
TATTAACCTGACCGCG-1_V12D07-075_C1,16
TATTACCATCCTGCTT-1_V12D07-075_C1,6
TATTCAATTCTAATCC-1_V12D07-075_C1,6
TATTCCACTCAGCTCG-1_V12D07-075_C1,4
TATTCCGAGCTGTTAT-1_V12D07-075_C1,1
TATTCCGGCAGTCCTA-1_V12D07-075_C1,8
TATTCCTCCGCCCACT-1_V12D07-075_C1,16
TATTCGTGCCAGAATA-1_V12D07-075_C1,2
TATTGACATTTCTGCC-1_V12D07-075_C1,3
TATTGCCGGGCTTGTA-1_V12D07-075_C1,5
TATTTAGTCTAGATCG-1_V12D07-075_C1,12
TATTTATACCGAGTAG-1_V12D07-075_C1,10
TATTTGATTTGCACAG-1_V12D07-075_C1,7
TATTTGTTACCCTTTA-1_V12D07-075_C1,1
TCAAACAACCGCGTCG-1_V12D07-075_C1,1
TCAAACTTAGATTGTT-1_V12D07-075_C1,2
TCAAATTGTTGTGCCG-1_V12D07-075_C1,4
TCAAATTTGAGACTCA-1_V12D07-075_C1,1
TCAACACATTGGGTAA-1_V12D07-075_C1,8
TCAACATAGCGCCCTA-1_V12D07-075_C1,16
TCAACCATGTTCGGGC-1_V12D07-075_C1,17
TCAACGAGGAGACAAA-1_V12D07-075_C1,4
TCAACGCGACCGGCAG-1_V12D07-075_C1,9
TCAACTAACGTATAAC-1_V12D07-075_C1,1
TCAACTGCAGAGTCAG-1_V12D07-075_C1,5
TCAAGAAATACTAGCT-1_V12D07-075_C1,10
TCAAGCGCGGACGGTA-1_V12D07-075_C1,5
TCAAGGTTACTACACC-1_V12D07-075_C1,4
TCAATACAATTGCTGC-1_V12D07-075_C1,6
TCAATACGCCGTCATG-1_V12D07-075_C1,1
TCAATATACAGGAGGC-1_V12D07-075_C1,9
TCAATCCCGCGCCAAA-1_V12D07-075_C1,4
TCACAAACCGAGGTAC-1_V12D07-075_C1,2
TCACAGATCCTCAAAC-1_V12D07-075_C1,1
TCACAGCAAACTCGAA-1_V12D07-075_C1,9
TCACAGGAGAATAAGA-1_V12D07-075_C1,19
TCACAGGGAATCGCAA-1_V12D07-075_C1,2
TCACAGGTTATTGGGC-1_V12D07-075_C1,1
TCACATCTTATCTGAT-1_V12D07-075_C1,7
TCACCCTCTTAAGATT-1_V12D07-075_C1,2
TCACCGCTCGGCACTC-1_V12D07-075_C1,14
TCACGCATTGTAGATC-1_V12D07-075_C1,6
TCACGGTCATCGCACA-1_V12D07-075_C1,1
TCACGTGCCCGATTCA-1_V12D07-075_C1,5
TCACTACGACCAATGC-1_V12D07-075_C1,20
TCACTATCCCTTCGGT-1_V12D07-075_C1,9
TCACTCGTGCAACGGC-1_V12D07-075_C1,10
TCACTCTTCGTCTGTC-1_V12D07-075_C1,1
TCAGAACCTCCACAGG-1_V12D07-075_C1,10
TCAGACGCTATAGAAG-1_V12D07-075_C1,1
TCAGAGTGTGAGCATG-1_V12D07-075_C1,4
TCAGCAAATGCATCTC-1_V12D07-075_C1,4
TCAGCCAATCCGTAAA-1_V12D07-075_C1,2
TCAGGGCGACTTCCTT-1_V12D07-075_C1,7
TCAGGGCGCAAACTCG-1_V12D07-075_C1,18
TCAGGGTGCACGAAAC-1_V12D07-075_C1,3
TCAGGGTGTAACGTAA-1_V12D07-075_C1,5
TCAGGTTCTTTGAGAA-1_V12D07-075_C1,1
TCAGTACTGACCCGCG-1_V12D07-075_C1,6
TCAGTAGGGACTATAA-1_V12D07-075_C1,19
TCATAAGTCCAAGAAG-1_V12D07-075_C1,4
TCATACTTACAGATCC-1_V12D07-075_C1,7
TCATATGAGCTTTGTT-1_V12D07-075_C1,2
TCATCACTCGAGCTCG-1_V12D07-075_C1,1
TCATCCCAGAGGGTGG-1_V12D07-075_C1,8
TCATCCTCAGCTGCTT-1_V12D07-075_C1,2
TCATCGACGACCGTCG-1_V12D07-075_C1,4
TCATGCAGGTTCTCAT-1_V12D07-075_C1,17
TCATTCGTATAATTTG-1_V12D07-075_C1,3
TCATTTAAGTCTCCGA-1_V12D07-075_C1,11
TCATTTAGAAGTGTGA-1_V12D07-075_C1,5
TCCAACTCAGCTATCT-1_V12D07-075_C1,21
TCCAACTTTAAATTCT-1_V12D07-075_C1,4
TCCAAGCCTAGACACA-1_V12D07-075_C1,2
TCCAATAAAGGCTACC-1_V12D07-075_C1,1
TCCACAATGGTTTACG-1_V12D07-075_C1,7
TCCACATCGTATATTG-1_V12D07-075_C1,2
TCCACCAAGACATAGG-1_V12D07-075_C1,4
TCCACCTCTAGCCTTT-1_V12D07-075_C1,2
TCCACTTTATCTAGGT-1_V12D07-075_C1,2
TCCAGAGCACCGGTTC-1_V12D07-075_C1,1
TCCAGATGTACGCCAA-1_V12D07-075_C1,3
TCCAGCGCTATAAGCG-1_V12D07-075_C1,11
TCCAGGCGAGTACGGT-1_V12D07-075_C1,2
TCCAGGGTATATACGA-1_V12D07-075_C1,2
TCCATTAGTTGGATAG-1_V12D07-075_C1,7
TCCATTGTGACCTCGT-1_V12D07-075_C1,7
TCCCAAACAGACAACG-1_V12D07-075_C1,3
TCCCAAAGACGAAGGA-1_V12D07-075_C1,1
TCCCAAAGCCCTAAAT-1_V12D07-075_C1,3
TCCCACTCTCTTCCGG-1_V12D07-075_C1,12
TCCCAGCACACGACAT-1_V12D07-075_C1,11
TCCCAGCTTTAGTCTG-1_V12D07-075_C1,1
TCCCAGGCTTAGCTAA-1_V12D07-075_C1,1
TCCCGCCTATGTGCGT-1_V12D07-075_C1,3
TCCCGCGTACTCCTGG-1_V12D07-075_C1,2
TCCCGGGTGTGCTGCT-1_V12D07-075_C1,6
TCCCGGTCAGGAATTT-1_V12D07-075_C1,8
TCCCGTCAGTCCCGCA-1_V12D07-075_C1,13
TCCCGTCGCGTCATAG-1_V12D07-075_C1,3
TCCCGTGTGCAATTTG-1_V12D07-075_C1,2
TCCCTAGATCAATAGG-1_V12D07-075_C1,3
TCCCTCTTCTCAAGGG-1_V12D07-075_C1,4
TCCCTGGCTCGCTGGA-1_V12D07-075_C1,18
TCCCTTAGATTACTCG-1_V12D07-075_C1,12
TCCCTTGTCTGAAACT-1_V12D07-075_C1,5
TCCGAACGTTGCCGCT-1_V12D07-075_C1,17
TCCGAACTTGGCTTAC-1_V12D07-075_C1,7
TCCGAAGTAGTCACCA-1_V12D07-075_C1,3
TCCGAATGGTCCTGAG-1_V12D07-075_C1,13
TCCGAGAAGGCTAAGC-1_V12D07-075_C1,21
TCCGATAATTGCCATA-1_V12D07-075_C1,1
TCCGATGACTGAGCTC-1_V12D07-075_C1,17
TCCGATGGTGCGACAT-1_V12D07-075_C1,1
TCCGATTACATTGCCG-1_V12D07-075_C1,1
TCCGCAGCCACCTAGC-1_V12D07-075_C1,5
TCCGCCTGTCTACAAG-1_V12D07-075_C1,2
TCCGCGGCAGCATCTG-1_V12D07-075_C1,4
TCCGCGGCCCAATGAA-1_V12D07-075_C1,5
TCCGCTGTCATCCCGG-1_V12D07-075_C1,4
TCCGCTTATCCCATTA-1_V12D07-075_C1,6
TCCGGAGGAAGGGCTG-1_V12D07-075_C1,3
TCCGGCCTAGCGTACA-1_V12D07-075_C1,11
TCCGGCTGTCGGGTCG-1_V12D07-075_C1,11
TCCGGGCTTGACGGGA-1_V12D07-075_C1,1
TCCGGTTCGTCCGGTC-1_V12D07-075_C1,1
TCCGTAACCACAATCC-1_V12D07-075_C1,6
TCCGTTAAGCTAATAT-1_V12D07-075_C1,4
TCCGTTTAGCCTTGAA-1_V12D07-075_C1,16
TCCTAAAGATTCAGAC-1_V12D07-075_C1,2
TCCTAAATTGGGAAGC-1_V12D07-075_C1,1
TCCTAACCGTCGGGCA-1_V12D07-075_C1,9
TCCTACATCCACGGCC-1_V12D07-075_C1,4
TCCTAGCAAAGAAGCT-1_V12D07-075_C1,2
TCCTATCATAGGTAAC-1_V12D07-075_C1,10
TCCTCGGGCTGGGCTT-1_V12D07-075_C1,2
TCCTCTACGAGATGGC-1_V12D07-075_C1,1
TCCTCTCCAGTTGTCC-1_V12D07-075_C1,1
TCCTCTGGCCCATTAG-1_V12D07-075_C1,3
TCCTGCCAACTGGAGA-1_V12D07-075_C1,3
TCCTGCGTTGATACTC-1_V12D07-075_C1,2
TCCTGGCGCTGCCTGG-1_V12D07-075_C1,3
TCCTTACGACGGTCCG-1_V12D07-075_C1,1
TCCTTCAATCCCTACG-1_V12D07-075_C1,16
TCCTTCAGTGGTCGAA-1_V12D07-075_C1,15
TCCTTGTCCTTTAATT-1_V12D07-075_C1,5
TCCTTTAAATCCGCTT-1_V12D07-075_C1,5
TCCTTTCTTACGCTTA-1_V12D07-075_C1,2
TCGAAATTTAGGACCA-1_V12D07-075_C1,1
TCGAAGAACCGAGCAC-1_V12D07-075_C1,5
TCGAGACCAACACCGT-1_V12D07-075_C1,2
TCGAGGGCAACAGACG-1_V12D07-075_C1,4
TCGATAGGCTAGTCGC-1_V12D07-075_C1,1
TCGCAAAGATGCATTT-1_V12D07-075_C1,2
TCGCACCAGGAGGCAG-1_V12D07-075_C1,1
TCGCACTAACGTTTGT-1_V12D07-075_C1,6
TCGCATAAAGGGCGCA-1_V12D07-075_C1,5
TCGCATCCCTAAGTGT-1_V12D07-075_C1,1
TCGCATTCAATGACTT-1_V12D07-075_C1,8
TCGCCCAACTGACTCC-1_V12D07-075_C1,20
TCGCCCACTGCGAGAG-1_V12D07-075_C1,4
TCGCCGAAGTTGCGTC-1_V12D07-075_C1,16
TCGCCGACATATTCGC-1_V12D07-075_C1,6
TCGCCGGATGGGCAAG-1_V12D07-075_C1,6
TCGCCGGTCGATCCGT-1_V12D07-075_C1,12
TCGCGTAGCAGTGTCC-1_V12D07-075_C1,2
TCGCGTCCAGAAGGTC-1_V12D07-075_C1,1
TCGCTAAACCGCTATC-1_V12D07-075_C1,12
TCGCTACTGGCTTTGA-1_V12D07-075_C1,2
TCGCTCGATATATTCC-1_V12D07-075_C1,2
TCGCTCGGCACCAGCG-1_V12D07-075_C1,3
TCGCTGCCAATGCTGT-1_V12D07-075_C1,4
TCGCTGGGCGGATTGT-1_V12D07-075_C1,2
TCGCTGTGCGTAAATC-1_V12D07-075_C1,4
TCGCTTAATTACGAAG-1_V12D07-075_C1,3
TCGCTTTAAACGTTTG-1_V12D07-075_C1,10
TCGGAATGACCATCAA-1_V12D07-075_C1,15
TCGGAATGCGCTCTGA-1_V12D07-075_C1,1
TCGGACGCCCAGCCCA-1_V12D07-075_C1,4
TCGGAGTACATGAGTA-1_V12D07-075_C1,6
TCGGCAGGGTTAAGGG-1_V12D07-075_C1,9
TCGGCGAACCCAAACC-1_V12D07-075_C1,5
TCGGCTTGTATCGACG-1_V12D07-075_C1,2
TCGGGAACGTGCCTAG-1_V12D07-075_C1,12
TCGGGAGACAGCGTAC-1_V12D07-075_C1,1
TCGGGATTCAAACATA-1_V12D07-075_C1,16
TCGGGCCGTCGTGGTA-1_V12D07-075_C1,2
TCGGGTGAAACTGCTA-1_V12D07-075_C1,8
TCGGTCCCTGACTCCA-1_V12D07-075_C1,3
TCGGTGACCGCTCCGG-1_V12D07-075_C1,3
TCGGTTAGCCATGTAG-1_V12D07-075_C1,3
TCGTAACTCCCAAGAC-1_V12D07-075_C1,4
TCGTAAGACGACATTG-1_V12D07-075_C1,2
TCGTAAGCTCCGAGGA-1_V12D07-075_C1,3
TCGTACCGACGTCAAG-1_V12D07-075_C1,2
TCGTATAGTGCAATTA-1_V12D07-075_C1,8
TCGTATTACCCATTGC-1_V12D07-075_C1,2
TCGTCACACTGTTAGC-1_V12D07-075_C1,2
TCGTCCGCTGGCGTCT-1_V12D07-075_C1,7
TCGTCCGGGTACACTC-1_V12D07-075_C1,3
TCGTCTTAGGCGTTAA-1_V12D07-075_C1,7
TCGTGTACTATGGATG-1_V12D07-075_C1,18
TCGTGTATTGGTCACG-1_V12D07-075_C1,1
TCGTGTTCGACCACAA-1_V12D07-075_C1,5
TCGTTAGGAGTCCCTA-1_V12D07-075_C1,19
TCGTTCGTTATTATGT-1_V12D07-075_C1,8
TCGTTGACAGGGTCCC-1_V12D07-075_C1,6
TCGTTGCTATCCGGTC-1_V12D07-075_C1,14
TCGTTGGCTCGTCAAT-1_V12D07-075_C1,8
TCGTTTACGCGACCCT-1_V12D07-075_C1,4
TCTAACTGTATGTAAA-1_V12D07-075_C1,6
TCTACACGTTCATGCA-1_V12D07-075_C1,3
TCTACCCAATAGAGAG-1_V12D07-075_C1,4
TCTACCGTCCACAAGC-1_V12D07-075_C1,1
TCTAGCAATCTCCGCC-1_V12D07-075_C1,16
TCTAGCATCTTCGATG-1_V12D07-075_C1,7
TCTAGCATGCCCAGAA-1_V12D07-075_C1,1
TCTAGGTGGCGACGCT-1_V12D07-075_C1,2
TCTAGTGATATCGTGG-1_V12D07-075_C1,5
TCTAGTTATCAGAAGA-1_V12D07-075_C1,5
TCTATAGGTGGGTAAT-1_V12D07-075_C1,5
TCTATCATGCAGTTAC-1_V12D07-075_C1,6
TCTATCGGTCGCAACA-1_V12D07-075_C1,2
TCTATGCTATAACGAC-1_V12D07-075_C1,5
TCTATTACGCTGGCGA-1_V12D07-075_C1,6
TCTCAAATCAATCGGG-1_V12D07-075_C1,19
TCTCATGAGATAGGGT-1_V12D07-075_C1,2
TCTCCAACGTAGGTTA-1_V12D07-075_C1,12
TCTCCACAAGTTGAAT-1_V12D07-075_C1,2
TCTCCCTGGGCAGCGT-1_V12D07-075_C1,1
TCTCGAACGAGGTCAC-1_V12D07-075_C1,3
TCTCGACGTATCGCCG-1_V12D07-075_C1,13
TCTCGAGGAGGTTCGC-1_V12D07-075_C1,4
TCTCGGCTCCAGGACT-1_V12D07-075_C1,7
TCTCTAATAGCTGGTA-1_V12D07-075_C1,12
TCTCTCGCCGCACATA-1_V12D07-075_C1,4
TCTGAACCGGTCGGCT-1_V12D07-075_C1,15
TCTGAACTCGTACCCG-1_V12D07-075_C1,4
TCTGAAGCACGTGGTC-1_V12D07-075_C1,6
TCTGAATTCCGTACAA-1_V12D07-075_C1,14
TCTGACGGGCTAACCC-1_V12D07-075_C1,3
TCTGACTGTAATGGTT-1_V12D07-075_C1,6
TCTGAGCAATTGACTG-1_V12D07-075_C1,4
TCTGATCGGGTGCTAG-1_V12D07-075_C1,3
TCTGATGTATTCTGTC-1_V12D07-075_C1,2
TCTGATTGGAAATGGA-1_V12D07-075_C1,3
TCTGCAGATTCGAGTC-1_V12D07-075_C1,7
TCTGCATACCTTGCTT-1_V12D07-075_C1,4
TCTGCCAGAAACTGCA-1_V12D07-075_C1,1
TCTGCGTCCGGTTTCT-1_V12D07-075_C1,1
TCTGCTTAGAACAAGC-1_V12D07-075_C1,17
TCTGGAGCGTAAGAGT-1_V12D07-075_C1,3
TCTGGCCGTTCAAGTT-1_V12D07-075_C1,3
TCTGGCGCAAGCCGGG-1_V12D07-075_C1,6
TCTGGGAACCTTTGAA-1_V12D07-075_C1,2
TCTGGGTAGCGCTCAT-1_V12D07-075_C1,1
TCTGTCATACAAGAGC-1_V12D07-075_C1,7
TCTGTGATGGAGGTTG-1_V12D07-075_C1,20
TCTGTGCCATCATAGT-1_V12D07-075_C1,4
TCTGTTACCCAGCATA-1_V12D07-075_C1,16
TCTTAACTCGGATGTA-1_V12D07-075_C1,6
TCTTACAGAGGTACCG-1_V12D07-075_C1,15
TCTTACCGGAACTCGT-1_V12D07-075_C1,20
TCTTACGGCATCCGAC-1_V12D07-075_C1,7
TCTTACTTATGCCTCT-1_V12D07-075_C1,5
TCTTAGAGCTCCAATT-1_V12D07-075_C1,2
TCTTAGAGTGAACTCT-1_V12D07-075_C1,5
TCTTCCCATGGGCACA-1_V12D07-075_C1,14
TCTTCGAATAGACGTT-1_V12D07-075_C1,1
TCTTCGATACCAATAA-1_V12D07-075_C1,2
TCTTCGCGGTGAGAGG-1_V12D07-075_C1,5
TCTTCTATAACCCGCC-1_V12D07-075_C1,9
TCTTGATGCGTAGCGA-1_V12D07-075_C1,2
TCTTGCTCCCGATACT-1_V12D07-075_C1,5
TCTTGGTAACACCAAA-1_V12D07-075_C1,13
TCTTTAAGACTATGAA-1_V12D07-075_C1,16
TCTTTAGAGTCTAACA-1_V12D07-075_C1,11
TCTTTAGCAGGCGAAC-1_V12D07-075_C1,3
TCTTTCCTTCGAGATA-1_V12D07-075_C1,4
TCTTTCTCTTAAGGAG-1_V12D07-075_C1,1
TGAAACTTATGCAAGC-1_V12D07-075_C1,8
TGAAAGGACCTGACTC-1_V12D07-075_C1,19
TGAACTGCTATGACTT-1_V12D07-075_C1,19
TGAAGAGCGGTCCTAG-1_V12D07-075_C1,1
TGAAGTAGCTTACGGA-1_V12D07-075_C1,6
TGAATACCGACGCGTA-1_V12D07-075_C1,4
TGAATATGCTATAAAC-1_V12D07-075_C1,3
TGAATGAGTGTTTCCC-1_V12D07-075_C1,1
TGAATGTCAGCCGGCC-1_V12D07-075_C1,14
TGACAACGCATGTCGC-1_V12D07-075_C1,3
TGACACTTCTCTTTGC-1_V12D07-075_C1,20
TGACATATATGACGAT-1_V12D07-075_C1,4
TGACATCGAGCGGACC-1_V12D07-075_C1,11
TGACATGTAACGTGAC-1_V12D07-075_C1,4
TGACCAAATCTTAAAC-1_V12D07-075_C1,5
TGACCAGCTTCAAAGT-1_V12D07-075_C1,12
TGACCCACGTTAGACA-1_V12D07-075_C1,1
TGACGATGCACTAGAA-1_V12D07-075_C1,4
TGACTATAATCCTTTC-1_V12D07-075_C1,2
TGACTCTAACTGGTAA-1_V12D07-075_C1,4
TGAGAATGCTTTACCG-1_V12D07-075_C1,12
TGAGACGTACCTCTCA-1_V12D07-075_C1,6
TGAGAGATTTACCACG-1_V12D07-075_C1,4
TGAGATCAAATACTCA-1_V12D07-075_C1,15
TGAGATTAGGCCCTAA-1_V12D07-075_C1,3
TGAGCAGTCGTGAAGT-1_V12D07-075_C1,7
TGAGCCATACAGTCTC-1_V12D07-075_C1,9
TGAGCGGAAAGTGTTC-1_V12D07-075_C1,6
TGAGCTCAACTGTATA-1_V12D07-075_C1,11
TGAGCTTTAATGACGC-1_V12D07-075_C1,12
TGAGGAGTGCCAGCTT-1_V12D07-075_C1,1
TGAGGTGTGTGGCGGA-1_V12D07-075_C1,1
TGAGTAAATTAGCGTA-1_V12D07-075_C1,6
TGAGTGCCTCTTAAAT-1_V12D07-075_C1,9
TGAGTGGTCCGTGACG-1_V12D07-075_C1,14
TGAGTTAAAGACATTC-1_V12D07-075_C1,9
TGATACATTTAGCCGT-1_V12D07-075_C1,14
TGATAGCGGGATTCTA-1_V12D07-075_C1,18
TGATCACCACACTGAC-1_V12D07-075_C1,1
TGATCCCAGCATTAGT-1_V12D07-075_C1,19
TGATCGGTTTGACCCT-1_V12D07-075_C1,21
TGATCTACGCTGATCT-1_V12D07-075_C1,20
TGATCTATCACACTCT-1_V12D07-075_C1,9
TGATCTCCGGCGCCAG-1_V12D07-075_C1,1
TGATGGCTGTTTCTGA-1_V12D07-075_C1,3
TGATGTCAATTAAGTG-1_V12D07-075_C1,5
TGATTATGGCACGCAG-1_V12D07-075_C1,3
TGATTCCCGGTTACCT-1_V12D07-075_C1,2
TGATTCGTCTATCACT-1_V12D07-075_C1,1
TGATTCTGTCGCCGGT-1_V12D07-075_C1,9
TGATTTATTAGCTGTG-1_V12D07-075_C1,2
TGATTTCCTCCTGACG-1_V12D07-075_C1,2
TGCAAAGTTCGTCTGT-1_V12D07-075_C1,1
TGCAACCCATCTGCGG-1_V12D07-075_C1,4
TGCAACTACTGGTTGA-1_V12D07-075_C1,2
TGCAAGAATGACGTAA-1_V12D07-075_C1,21
TGCAATCTAACACGGT-1_V12D07-075_C1,2
TGCAATTTGGGCACGG-1_V12D07-075_C1,3
TGCACAGTGAAGTTAT-1_V12D07-075_C1,3
TGCACGAGTCGGCAGC-1_V12D07-075_C1,7
TGCACTATGTGAGTGC-1_V12D07-075_C1,7
TGCAGAGTACCGAGCA-1_V12D07-075_C1,1
TGCAGGATCGGCAAAG-1_V12D07-075_C1,2
TGCAGTGAGGCTCGGG-1_V12D07-075_C1,3
TGCAGTTTCCTCCCAT-1_V12D07-075_C1,2
TGCATATGTCTGTCAC-1_V12D07-075_C1,19
TGCATGGATCGGATCT-1_V12D07-075_C1,15
TGCATGTGGTAATCTA-1_V12D07-075_C1,11
TGCCAATGGGTACTCT-1_V12D07-075_C1,2
TGCCACCTGGCGAAAC-1_V12D07-075_C1,17
TGCCAGTACGTGGAGA-1_V12D07-075_C1,1
TGCCATTACTAAAGAA-1_V12D07-075_C1,10
TGCCCGTACCGTTAAA-1_V12D07-075_C1,5
TGCCGAAAGCGTATTC-1_V12D07-075_C1,1
TGCCGTGGATCGTCCT-1_V12D07-075_C1,2
TGCCTAAATTTAATAG-1_V12D07-075_C1,3
TGCCTAATTGAAGATT-1_V12D07-075_C1,5
TGCCTGACATCGGTCA-1_V12D07-075_C1,7
TGCCTGATCAAACGAT-1_V12D07-075_C1,2
TGCCTTGGCCAGGCAA-1_V12D07-075_C1,1
TGCGACACCCTAGTGC-1_V12D07-075_C1,9
TGCGAGAATATTACCC-1_V12D07-075_C1,14
TGCGAGATGGCGGCCA-1_V12D07-075_C1,3
TGCGAGCCCTTCCGCG-1_V12D07-075_C1,3
TGCGATGCTAATGGCT-1_V12D07-075_C1,18
TGCGCAAAGCATTTGG-1_V12D07-075_C1,4
TGCGCCGTTAATAACG-1_V12D07-075_C1,3
TGCGCGATTAACGGAG-1_V12D07-075_C1,1
TGCGGACTTGACTCCG-1_V12D07-075_C1,4
TGCGGAGTAAAGGTGC-1_V12D07-075_C1,2
TGCGGCATAGTTCAAC-1_V12D07-075_C1,8
TGCGGTGAAATTTCAT-1_V12D07-075_C1,8
TGCGTAAGAACCTGAT-1_V12D07-075_C1,2
TGCGTACGGCTAATTG-1_V12D07-075_C1,4
TGCGTGATTGGGTGTC-1_V12D07-075_C1,1
TGCGTTTGTTGACACT-1_V12D07-075_C1,2
TGCTAAGTGTCTATTT-1_V12D07-075_C1,2
TGCTATACAAACGGAC-1_V12D07-075_C1,8
TGCTCCACAGTTCTTA-1_V12D07-075_C1,5
TGCTCGGCGAAACCCA-1_V12D07-075_C1,1
TGCTCGGTGGGTCACC-1_V12D07-075_C1,1
TGCTCTTGAGAGTTTG-1_V12D07-075_C1,5
TGCTGGTTGGACAATT-1_V12D07-075_C1,1
TGCTGTTGAAGAACTC-1_V12D07-075_C1,1
TGCTTCCCAAGCAGTA-1_V12D07-075_C1,2
TGCTTGAAACCATGCA-1_V12D07-075_C1,7
TGGAACCACTGACACA-1_V12D07-075_C1,20
TGGAAGAAGGGAACGT-1_V12D07-075_C1,1
TGGAAGACGAACACCA-1_V12D07-075_C1,8
TGGAAGGATAAAGATG-1_V12D07-075_C1,2
TGGAATATCCTTGACC-1_V12D07-075_C1,3
TGGAATTAGACGCTTT-1_V12D07-075_C1,2
TGGACACCGTTGCTTG-1_V12D07-075_C1,6
TGGACCAATCTAAGAT-1_V12D07-075_C1,5
TGGACCACGGCGTTGA-1_V12D07-075_C1,18
TGGACGTAGGCGAATC-1_V12D07-075_C1,6
TGGACTGTTCGCTCAA-1_V12D07-075_C1,9
TGGAGGGAAACACCTC-1_V12D07-075_C1,3
TGGAGTGATGCGATGA-1_V12D07-075_C1,7
TGGATAGAGTAACAGA-1_V12D07-075_C1,1
TGGCAAACTAAATTAC-1_V12D07-075_C1,2
TGGCAACTCGCGCGCC-1_V12D07-075_C1,17
TGGCAAGCACAAGTCG-1_V12D07-075_C1,2
TGGCAATGGGACGGCG-1_V12D07-075_C1,5
TGGCACGAGCTCGAGT-1_V12D07-075_C1,1
TGGCAGATTACGATCA-1_V12D07-075_C1,4
TGGCAGCAGTAATAGT-1_V12D07-075_C1,4
TGGCCAAACTGAAGTA-1_V12D07-075_C1,2
TGGCCGTATATTGACC-1_V12D07-075_C1,1
TGGCGACTGCTCCAAA-1_V12D07-075_C1,9
TGGCGATCAAGTTATG-1_V12D07-075_C1,2
TGGCGGTGTGCGATTG-1_V12D07-075_C1,21
TGGCTACACTCTACCT-1_V12D07-075_C1,4
TGGCTATGTGACATAC-1_V12D07-075_C1,1
TGGCTTGTACAAGCTT-1_V12D07-075_C1,13
TGGCTTTGGGTAGACA-1_V12D07-075_C1,8
TGGGAAATGCCTTTCC-1_V12D07-075_C1,2
TGGGACCATTGGGAGT-1_V12D07-075_C1,5
TGGGATGCACTCATTC-1_V12D07-075_C1,3
TGGGCAATAGTTGGGT-1_V12D07-075_C1,11
TGGGCACAAACAGAAC-1_V12D07-075_C1,15
TGGGCACGTTCTATGG-1_V12D07-075_C1,8
TGGGCAGGCCACCGCA-1_V12D07-075_C1,2
TGGGCCACAAGAGCGC-1_V12D07-075_C1,15
TGGGCCCATACTAATT-1_V12D07-075_C1,5
TGGGCCTTGCCTGCAT-1_V12D07-075_C1,6
TGGGCGATACAATAAG-1_V12D07-075_C1,5
TGGGTAAGGTTCCCGC-1_V12D07-075_C1,12
TGGGTGCACAAGCCAT-1_V12D07-075_C1,2
TGGGTGGGATGTCATT-1_V12D07-075_C1,20
TGGGTGTAATAGATTT-1_V12D07-075_C1,4
TGGGTTCCCGGACGGA-1_V12D07-075_C1,7
TGGTAAGCAGGATTGA-1_V12D07-075_C1,16
TGGTAGAATATATGGG-1_V12D07-075_C1,5
TGGTATCGCATCCCAA-1_V12D07-075_C1,8
TGGTATCGGTCTGTAT-1_V12D07-075_C1,15
TGGTCCCACGCTACGG-1_V12D07-075_C1,1
TGGTCGTGCAAGGCAA-1_V12D07-075_C1,16
TGGTCTAGCTTACATG-1_V12D07-075_C1,7
TGGTCTGTTGGGCGTA-1_V12D07-075_C1,6
TGGTGATCGTATTTGT-1_V12D07-075_C1,1
TGGTTAAGGGCGCTGG-1_V12D07-075_C1,13
TGGTTATGCTTGCGGT-1_V12D07-075_C1,6
TGGTTCAACGGGTAAT-1_V12D07-075_C1,1
TGGTTCGTAGCAAAGG-1_V12D07-075_C1,15
TGGTTGGAGGATCCTG-1_V12D07-075_C1,20
TGGTTTAAACGTGGGT-1_V12D07-075_C1,3
TGTAATGACCACAATA-1_V12D07-075_C1,1
TGTACCTACACGAGGG-1_V12D07-075_C1,5
TGTACGAACAAATCCG-1_V12D07-075_C1,4
TGTACTACTCTCACGG-1_V12D07-075_C1,3
TGTACTGTGCCAAAGT-1_V12D07-075_C1,8
TGTACTTCCGGGCATG-1_V12D07-075_C1,9
TGTAGCCATCCCATTC-1_V12D07-075_C1,4
TGTAGGAGAAATTTCC-1_V12D07-075_C1,9
TGTAGTGATCTATAAT-1_V12D07-075_C1,1
TGTATAACAGATCCTG-1_V12D07-075_C1,4
TGTATACGGATGATGA-1_V12D07-075_C1,3
TGTATCAGACTGAAGC-1_V12D07-075_C1,3
TGTATCCTTATTCCAT-1_V12D07-075_C1,8
TGTATGGCGCAGACAG-1_V12D07-075_C1,4
TGTATTTACCTAATGC-1_V12D07-075_C1,20
TGTCATTTGTTGGGAA-1_V12D07-075_C1,3
TGTCCACGGCTCAACT-1_V12D07-075_C1,4
TGTCCCGACATAGCAC-1_V12D07-075_C1,8
TGTCCGTGGCGCCTTT-1_V12D07-075_C1,7
TGTCCTAAGTCACCGC-1_V12D07-075_C1,1
TGTCGGCATGGTGGAA-1_V12D07-075_C1,8
TGTCTACAGTTTCTGT-1_V12D07-075_C1,7
TGTGACTACGCCAGTC-1_V12D07-075_C1,13
TGTGACTAGAGTTTGC-1_V12D07-075_C1,2
TGTGAGACTAGCCCAA-1_V12D07-075_C1,1
TGTGCCGGTGCCGGAA-1_V12D07-075_C1,5
TGTGCTTTACGTAAGA-1_V12D07-075_C1,2
TGTGGACTATCTACGT-1_V12D07-075_C1,12
TGTGGCAAAGCGTATG-1_V12D07-075_C1,14
TGTGGCGGGCTTCTGG-1_V12D07-075_C1,4
TGTGGCTCCCACCAAC-1_V12D07-075_C1,10
TGTGGTAGGGTGCCTT-1_V12D07-075_C1,17
TGTGGTTGCTAAAGCT-1_V12D07-075_C1,4
TGTGTAGTAGCACGTG-1_V12D07-075_C1,6
TGTGTCGCGAGTTGCA-1_V12D07-075_C1,1
TGTGTTCGTATCCAAG-1_V12D07-075_C1,1
TGTTATTGTATGTGGC-1_V12D07-075_C1,2
TGTTCATAAATGTGCT-1_V12D07-075_C1,7
TGTTCCGCTTCCATGA-1_V12D07-075_C1,1
TGTTCCGGCCTGAGCT-1_V12D07-075_C1,9
TGTTCGTATTGCGGTG-1_V12D07-075_C1,1
TGTTCTCATACTATAG-1_V12D07-075_C1,4
TGTTCTTCCATTGACT-1_V12D07-075_C1,2
TGTTGCCGTCGTCCCA-1_V12D07-075_C1,17
TGTTGTCAAGAAGTCT-1_V12D07-075_C1,17
TGTTTAATACTTCATC-1_V12D07-075_C1,13
TGTTTCGGTACTTCTC-1_V12D07-075_C1,8
TGTTTGAGATCGTCAG-1_V12D07-075_C1,10
TTAAACAGAGTCCCGC-1_V12D07-075_C1,8
TTAAACCGGTAGCGAC-1_V12D07-075_C1,8
TTAAACCTGGTTCCTT-1_V12D07-075_C1,6
TTAAACTCGAATTCAT-1_V12D07-075_C1,14
TTAAAGTAAGTCGCCA-1_V12D07-075_C1,4
TTAACACCTCGAACAT-1_V12D07-075_C1,18
TTAACCAACCCTCCCT-1_V12D07-075_C1,12
TTAACGAACAAGCAGT-1_V12D07-075_C1,3
TTAACGTCGCAAGACC-1_V12D07-075_C1,15
TTAACGTTAAAGCCTG-1_V12D07-075_C1,6
TTAACTCACGCGTGGA-1_V12D07-075_C1,7
TTAACTGATCGTTTGG-1_V12D07-075_C1,4
TTAAGACGAACGAACC-1_V12D07-075_C1,3
TTAAGATAGGATTGAC-1_V12D07-075_C1,5
TTAAGCCGACAACTTC-1_V12D07-075_C1,15
TTAAGCGCCTGACCCA-1_V12D07-075_C1,6
TTAAGGATACGGAGGT-1_V12D07-075_C1,21
TTAAGTATTGTTATCC-1_V12D07-075_C1,5
TTAATCAGTACGTCAG-1_V12D07-075_C1,12
TTAATGTAGACCAGGT-1_V12D07-075_C1,2
TTAATGTGTTTGCAGG-1_V12D07-075_C1,5
TTAATTGCTTTGGGTG-1_V12D07-075_C1,5
TTAATTTCAGACGCGG-1_V12D07-075_C1,13
TTACAACTACGCATCC-1_V12D07-075_C1,10
TTACACGATCTGCGAC-1_V12D07-075_C1,5
TTACAGACCTAAATGA-1_V12D07-075_C1,11
TTACATCGTGGCCTGG-1_V12D07-075_C1,1
TTACATGCCACAACTA-1_V12D07-075_C1,19
TTACCATTGATTACCC-1_V12D07-075_C1,1
TTACCCATTGCCGGGT-1_V12D07-075_C1,12
TTACCCTAACAGTCCT-1_V12D07-075_C1,1
TTACCCTAGGGATTGG-1_V12D07-075_C1,18
TTACCGCCTTAGGGAA-1_V12D07-075_C1,18
TTACGGATGGTTCGAG-1_V12D07-075_C1,14
TTACGGTGTCACCGAG-1_V12D07-075_C1,1
TTACGTATCTATGACA-1_V12D07-075_C1,4
TTACTAAAGGACTTTA-1_V12D07-075_C1,2
TTACTATCGGCTTCTC-1_V12D07-075_C1,2
TTACTCCGGCCGGGAA-1_V12D07-075_C1,4
TTACTCTGGTACGTAC-1_V12D07-075_C1,14
TTACTGGGATATTTCA-1_V12D07-075_C1,2
TTACTGTCTAGAGCTC-1_V12D07-075_C1,3
TTAGAAGAACATGACT-1_V12D07-075_C1,1
TTAGAATAAGGGTCGG-1_V12D07-075_C1,14
TTAGACACGATCGTTG-1_V12D07-075_C1,12
TTAGACGAGTCACCTC-1_V12D07-075_C1,1
TTAGAGTTTAGAAGGA-1_V12D07-075_C1,21
TTAGATAGGTCGATAC-1_V12D07-075_C1,7
TTAGCAACATGGATGT-1_V12D07-075_C1,18
TTAGCTAATACGATCT-1_V12D07-075_C1,10
TTAGCTCTGTAATCCG-1_V12D07-075_C1,7
TTAGCTGATTTGCCGT-1_V12D07-075_C1,4
TTAGGATGGGAGGGTA-1_V12D07-075_C1,3
TTAGTAAACCTGCTCT-1_V12D07-075_C1,2
TTAGTAGGGCGGCGGG-1_V12D07-075_C1,6
TTAGTTATTCGTGGCA-1_V12D07-075_C1,5
TTAGTTCAAGTGTTCG-1_V12D07-075_C1,3
TTATAGATGCACATTA-1_V12D07-075_C1,8
TTATAGGTAATTGTCT-1_V12D07-075_C1,2
TTATAGTCCAAGGTGC-1_V12D07-075_C1,3
TTATATACGCTGTCAC-1_V12D07-075_C1,9
TTATATTTGGCAATCC-1_V12D07-075_C1,13
TTATCCAATCGAACTC-1_V12D07-075_C1,1
TTATCCGGGATCTATA-1_V12D07-075_C1,1
TTATCGCCTGCGAAGC-1_V12D07-075_C1,7
TTATCTGTATCATAAC-1_V12D07-075_C1,12
TTATGAATGAAAGGGA-1_V12D07-075_C1,21
TTATGACAAACTGGAT-1_V12D07-075_C1,7
TTATGATCTTAACGAA-1_V12D07-075_C1,4
TTATGCGTCCCGGTCC-1_V12D07-075_C1,8
TTATGTTTGCGATAGA-1_V12D07-075_C1,18
TTATTAGAGCGTGTTC-1_V12D07-075_C1,1
TTATTAGGGAAGCATC-1_V12D07-075_C1,1
TTATTATCTGGAAGGC-1_V12D07-075_C1,10
TTATTTAGGTTCCTTA-1_V12D07-075_C1,4
TTCAAAGTCTCTAGCC-1_V12D07-075_C1,4
TTCAACGACCCGACCG-1_V12D07-075_C1,1
TTCAAGCCGAGCTGAG-1_V12D07-075_C1,15
TTCAATACTCTGAATC-1_V12D07-075_C1,9
TTCAATTAGCCATAAT-1_V12D07-075_C1,15
TTCACGAAAGGATCAC-1_V12D07-075_C1,4
TTCACTCGAGCACCTA-1_V12D07-075_C1,1
TTCACTTCCTAGAACG-1_V12D07-075_C1,2
TTCAGAGTAACCTGAC-1_V12D07-075_C1,1
TTCAGCCCTGGTCCAC-1_V12D07-075_C1,4
TTCAGCTGGCGTGCCC-1_V12D07-075_C1,5
TTCAGTTTGTGGCAGC-1_V12D07-075_C1,1
TTCATAGCCTTGTAAC-1_V12D07-075_C1,6
TTCATAGGGTGTCCAT-1_V12D07-075_C1,6
TTCATGGCGCAACAGG-1_V12D07-075_C1,12
TTCCAATCAGAGCTAG-1_V12D07-075_C1,11
TTCCAATCTGGCTATC-1_V12D07-075_C1,14
TTCCACACAGATTTGA-1_V12D07-075_C1,16
TTCCAGACGAGATTTA-1_V12D07-075_C1,10
TTCCATCATGCGGTGA-1_V12D07-075_C1,20
TTCCATCGACAGCGTG-1_V12D07-075_C1,2
TTCCGCAGAGAAATAT-1_V12D07-075_C1,3
TTCCGCGTGAGGCGAT-1_V12D07-075_C1,4
TTCCGGCCTTGAGGCT-1_V12D07-075_C1,14
TTCCGGCTCGACTTCT-1_V12D07-075_C1,3
TTCCGGTATCTGTGTC-1_V12D07-075_C1,3
TTCCGGTTACCCACTT-1_V12D07-075_C1,2
TTCCTCGAGGGTGTCT-1_V12D07-075_C1,15
TTCCTCGGACTAACCA-1_V12D07-075_C1,18
TTCCTCTGCCCGAATA-1_V12D07-075_C1,18
TTCCTTTCTGTGTTGC-1_V12D07-075_C1,7
TTCGACAGAGCCCGTG-1_V12D07-075_C1,1
TTCGACGGGAAGGGCG-1_V12D07-075_C1,7
TTCGCACTCGCGTGCT-1_V12D07-075_C1,21
TTCGCACTGTACGACA-1_V12D07-075_C1,2
TTCGCATCCGGAAGCA-1_V12D07-075_C1,2
TTCGCGCGCCATACGA-1_V12D07-075_C1,14
TTCGCTAGGAAGTTGT-1_V12D07-075_C1,20
TTCGCTATCTGACGTG-1_V12D07-075_C1,10
TTCGGACTGATGCCTT-1_V12D07-075_C1,20
TTCGGCAACCCGCTGA-1_V12D07-075_C1,10
TTCGGCTAGAGATGGT-1_V12D07-075_C1,18
TTCGGGACTAATCGCG-1_V12D07-075_C1,2
TTCGGGTTGCCACGGG-1_V12D07-075_C1,4
TTCGGTACTGTAGAGG-1_V12D07-075_C1,5
TTCGGTGGAGACGCCC-1_V12D07-075_C1,17
TTCGTAATCCCAGCGG-1_V12D07-075_C1,17
TTCGTACTCCAGAACG-1_V12D07-075_C1,18
TTCGTTCAACGAAGTT-1_V12D07-075_C1,3
TTCTAACCGAAGCTTA-1_V12D07-075_C1,9
TTCTACCTTTATGTTG-1_V12D07-075_C1,13
TTCTACTTGCGAGGGC-1_V12D07-075_C1,7
TTCTAGAAAGTCTTAT-1_V12D07-075_C1,14
TTCTAGGCCAATTGTG-1_V12D07-075_C1,1
TTCTATGCCTTTCGCA-1_V12D07-075_C1,10
TTCTATTAAACGCAGC-1_V12D07-075_C1,5
TTCTGACCGGGCTCAA-1_V12D07-075_C1,18
TTCTGCCGCGCCTAGA-1_V12D07-075_C1,1
TTCTGCGAGCGCCCTT-1_V12D07-075_C1,6
TTCTGCGGGTTAGCGG-1_V12D07-075_C1,1
TTCTGCTAGACTCCAA-1_V12D07-075_C1,13
TTCTGTTTCCTGTCGC-1_V12D07-075_C1,1
TTCTTAGTGAACGGTG-1_V12D07-075_C1,6
TTCTTAGTGGCTCAGA-1_V12D07-075_C1,10
TTCTTATCCGCTGGGT-1_V12D07-075_C1,4
TTCTTGAGCCGCGCTA-1_V12D07-075_C1,16
TTCTTGCTAGCATCTC-1_V12D07-075_C1,18
TTCTTGGAGTAATGAG-1_V12D07-075_C1,12
TTCTTGTAACCTAATG-1_V12D07-075_C1,7
TTCTTGTGTCCATCAG-1_V12D07-075_C1,6
TTCTTTGGTCGCGACG-1_V12D07-075_C1,10
TTGAAACCCTCATTCC-1_V12D07-075_C1,19
TTGAAAGGTGTAAAGG-1_V12D07-075_C1,3
TTGAACGAATCCTTTG-1_V12D07-075_C1,7
TTGAACGACGTGCTGA-1_V12D07-075_C1,1
TTGAAGAATTCCCAGG-1_V12D07-075_C1,1
TTGAATATGGACTTTC-1_V12D07-075_C1,5
TTGAATTCACGTGAGG-1_V12D07-075_C1,19
TTGACAGGAGCTCCCG-1_V12D07-075_C1,5
TTGACATGAACGTGGA-1_V12D07-075_C1,16
TTGACCAGGAACAACT-1_V12D07-075_C1,2
TTGACCATGTTCTCCG-1_V12D07-075_C1,13
TTGACCGTGTTAATGA-1_V12D07-075_C1,16
TTGACGATTCAGCACG-1_V12D07-075_C1,8
TTGACGCTCCATGAGC-1_V12D07-075_C1,5
TTGACTACCATATGGT-1_V12D07-075_C1,2
TTGACTATTGTCCGGC-1_V12D07-075_C1,5
TTGAGAAGTTTAGCAT-1_V12D07-075_C1,2
TTGAGAGTACTGCTAA-1_V12D07-075_C1,9
TTGAGCAGCCCACGGT-1_V12D07-075_C1,10
TTGAGCGCCACGTGAT-1_V12D07-075_C1,3
TTGAGGCATTTAACTC-1_V12D07-075_C1,3
TTGAGTCCCGCTGCTG-1_V12D07-075_C1,20
TTGATAGTCAATACAT-1_V12D07-075_C1,3
TTGATCTAACTTTGTC-1_V12D07-075_C1,1
TTGATGTGTAGTCCCG-1_V12D07-075_C1,17
TTGATTAGCTGTTTCT-1_V12D07-075_C1,14
TTGATTATGCAGATGA-1_V12D07-075_C1,1
TTGCAAGAAGACTCCT-1_V12D07-075_C1,9
TTGCACAATTCAGAAA-1_V12D07-075_C1,4
TTGCACGGAGCAGCAC-1_V12D07-075_C1,12
TTGCATGCTGATCACG-1_V12D07-075_C1,2
TTGCCAAGCAGAACCC-1_V12D07-075_C1,17
TTGCCCTGATCACGGG-1_V12D07-075_C1,1
TTGCCGCTTTCTAGTA-1_V12D07-075_C1,4
TTGCCGGTGATCCCTC-1_V12D07-075_C1,3
TTGCCTTCTCGCCGGG-1_V12D07-075_C1,1
TTGCGCTCTCTCGCTT-1_V12D07-075_C1,7
TTGCGCTTGATCAATA-1_V12D07-075_C1,2
TTGCGGCATCAGAAAG-1_V12D07-075_C1,14
TTGCGTAGTTTGAGGA-1_V12D07-075_C1,18
TTGCGTCGGCCAACCG-1_V12D07-075_C1,14
TTGCGTGAACGCTTAG-1_V12D07-075_C1,3
TTGCGTGTGTAGGCAT-1_V12D07-075_C1,2
TTGCTCATAGTACGTG-1_V12D07-075_C1,18
TTGCTCCCATACCGGA-1_V12D07-075_C1,21
TTGCTGAAGGAACCAC-1_V12D07-075_C1,12
TTGCTGATCATGTTCG-1_V12D07-075_C1,2
TTGCTGCACCTATCCA-1_V12D07-075_C1,2
TTGCTGGCCGGGCTTC-1_V12D07-075_C1,3
TTGGACATGTGGCTTA-1_V12D07-075_C1,9
TTGGACCATCTGGCAA-1_V12D07-075_C1,5
TTGGACCTATAACAGT-1_V12D07-075_C1,2
TTGGAGTCTCCCTTCT-1_V12D07-075_C1,21
TTGGATATCGTCTACG-1_V12D07-075_C1,19
TTGGATCGACTTCTGG-1_V12D07-075_C1,8
TTGGATTGGGTACCAC-1_V12D07-075_C1,20
TTGGCCATCTTGCGCT-1_V12D07-075_C1,18
TTGGCCTAGAATTTCG-1_V12D07-075_C1,12
TTGGCGATCCGAATAT-1_V12D07-075_C1,20
TTGGCTCAATATGTGT-1_V12D07-075_C1,4
TTGGCTCGCATGAGAC-1_V12D07-075_C1,7
TTGGGAAGACGAGCCG-1_V12D07-075_C1,5
TTGGGACACTGCCCGC-1_V12D07-075_C1,2
TTGGGACGTAAGAGTT-1_V12D07-075_C1,4
TTGGGCGGCGGTTGCC-1_V12D07-075_C1,1
TTGGTATGGCTTGTGT-1_V12D07-075_C1,3
TTGGTCACACTCGTAA-1_V12D07-075_C1,9
TTGGTTCGCTCAAAGG-1_V12D07-075_C1,3
TTGTAAGGACCTAAGT-1_V12D07-075_C1,14
TTGTAAGGCCAGTTGG-1_V12D07-075_C1,11
TTGTAATCCGTACTCG-1_V12D07-075_C1,1
TTGTATCACACAGAAT-1_V12D07-075_C1,8
TTGTCGTTCAGTTACC-1_V12D07-075_C1,13
TTGTGAACCTAATCCG-1_V12D07-075_C1,5
TTGTGATCTGTTCAGT-1_V12D07-075_C1,4
TTGTGCAGCCACGTCA-1_V12D07-075_C1,2
TTGTGGCCCTGACAGT-1_V12D07-075_C1,12
TTGTGGTGGTACTAAG-1_V12D07-075_C1,5
TTGTGTATGCCACCAA-1_V12D07-075_C1,21
TTGTGTTTCCCGAAAG-1_V12D07-075_C1,2
TTGTTAGCAAATTCGA-1_V12D07-075_C1,1
TTGTTCAGTGTGCTAC-1_V12D07-075_C1,1
TTGTTCTAGATACGCT-1_V12D07-075_C1,6
TTGTTGTGTGTCAAGA-1_V12D07-075_C1,2
TTGTTTCACATCCAGG-1_V12D07-075_C1,14
TTGTTTCCATACAACT-1_V12D07-075_C1,14
TTGTTTGTGTAAATTC-1_V12D07-075_C1,8
