key,cluster
AAACAAGTATCTCCCA-1_V12D07-075_C1,2
AAACAGAGCGACTCCT-1_V12D07-075_C1,1
AAACATTTCCCGGATT-1_V12D07-075_C1,2
AAACCCGAACGAAATC-1_V12D07-075_C1,1
AAACCGGAAATGTTAA-1_V12D07-075_C1,8
AAACCGGGTAGGTACC-1_V12D07-075_C1,10
AAACCGTTCGTCCAGG-1_V12D07-075_C1,10
AAACCTAAGCAGCCGG-1_V12D07-075_C1,2
AAACCTCATGAAGTTG-1_V12D07-075_C1,5
AAACGAAGAACATACC-1_V12D07-075_C1,6
AAACGAGACGGTTGAT-1_V12D07-075_C1,2
AAACGCTGGGCACGAC-1_V12D07-075_C1,5
AAACGGGCGTACGGGT-1_V12D07-075_C1,2
AAACGGTTGCGAACTG-1_V12D07-075_C1,12
AAACGTGTTCGCCCTA-1_V12D07-075_C1,1
AAACTAACGTGGCGAC-1_V12D07-075_C1,1
AAACTCGGTTCGCAAT-1_V12D07-075_C1,2
AAACTCGTGATATAAG-1_V12D07-075_C1,1
AAACTGCTGGCTCCAA-1_V12D07-075_C1,9
AAAGAATGTGGACTAA-1_V12D07-075_C1,5
AAAGACCCAAGTCGCG-1_V12D07-075_C1,6
AAAGACTGGGCGCTTT-1_V12D07-075_C1,11
AAAGCTTGCCTACATA-1_V12D07-075_C1,1
AAAGGCTACGGACCAT-1_V12D07-075_C1,9
AAAGGCTCTCGCGCCG-1_V12D07-075_C1,5
AAAGGGATGTAGCAAG-1_V12D07-075_C1,9
AAAGGGCAGCTTGAAT-1_V12D07-075_C1,4
AAAGGTAAGCTGTACC-1_V12D07-075_C1,1
AAAGTCACTGATGTAA-1_V12D07-075_C1,6
AAAGTCGACCCTCAGT-1_V12D07-075_C1,5
AAAGTGCCATCAATTA-1_V12D07-075_C1,2
AAAGTGTGATTTATCT-1_V12D07-075_C1,2
AAAGTTGACTCCCGTA-1_V12D07-075_C1,2
AAATAACCATACGGGA-1_V12D07-075_C1,8
AAATAAGGTAGTGCCC-1_V12D07-075_C1,1
AAATACCTATAAGCAT-1_V12D07-075_C1,9
AAATAGCTTAGACTTT-1_V12D07-075_C1,8
AAATAGGGTGCTATTG-1_V12D07-075_C1,9
AAATCGTGTACCACAA-1_V12D07-075_C1,9
AAATCTAGCCCTGCTA-1_V12D07-075_C1,2
AAATGATTCGATCAGC-1_V12D07-075_C1,1
AAATGCTCGTTACGTT-1_V12D07-075_C1,4
AAATGGCATGTCTTGT-1_V12D07-075_C1,6
AAATGGTCAATGTGCC-1_V12D07-075_C1,11
AAATTAACGGGTAGCT-1_V12D07-075_C1,9
AAATTAATAAGCGCGA-1_V12D07-075_C1,11
AAATTACACGACTCTG-1_V12D07-075_C1,8
AAATTACCTATCGATG-1_V12D07-075_C1,3
AAATTCCAGGTCCAAA-1_V12D07-075_C1,1
AAATTGGTGAGAAGCA-1_V12D07-075_C1,1
AAATTTACCGAAATCC-1_V12D07-075_C1,1
AAATTTGCGGGTGTGG-1_V12D07-075_C1,10
AACAACTGGTAGTTGC-1_V12D07-075_C1,11
AACAATTACTCTACGC-1_V12D07-075_C1,11
AACACACGCTCGCCGC-1_V12D07-075_C1,2
AACACGACTGTACTGA-1_V12D07-075_C1,6
AACACGCGGCCGCGAA-1_V12D07-075_C1,6
AACAGGAAATCGAATA-1_V12D07-075_C1,6
AACAGGATGGGCCGCG-1_V12D07-075_C1,11
AACAGGTAGTATGGAT-1_V12D07-075_C1,3
AACATATCAACTGGTG-1_V12D07-075_C1,3
AACATCGATACGTCTA-1_V12D07-075_C1,1
AACATTGTGACTCGAG-1_V12D07-075_C1,9
AACCAAGACTTCTCTG-1_V12D07-075_C1,11
AACCAGTATCACTCTT-1_V12D07-075_C1,1
AACCATGGGATCGCTA-1_V12D07-075_C1,11
AACCCAGAGACGGAGA-1_V12D07-075_C1,6
AACCCGAGCAGAATCG-1_V12D07-075_C1,2
AACCCTACTGTCAATA-1_V12D07-075_C1,2
AACCCTGGTGGAACCA-1_V12D07-075_C1,6
AACCGAGCTTGGTCAT-1_V12D07-075_C1,9
AACCGCTAAGGGATGC-1_V12D07-075_C1,2
AACCGTTGTGTTTGCT-1_V12D07-075_C1,6
AACCTCGCTTTAGCCC-1_V12D07-075_C1,2
AACCTGTCACGGAATT-1_V12D07-075_C1,1
AACCTTTAAATACGGT-1_V12D07-075_C1,9
AACCTTTACGACGTCT-1_V12D07-075_C1,3
AACGATAATGCCGTAG-1_V12D07-075_C1,9
AACGATAGAAGGGCCG-1_V12D07-075_C1,7
AACGATATGTCAACTG-1_V12D07-075_C1,12
AACGCATGATCTGGGT-1_V12D07-075_C1,1
AACGCGAACGGCAACA-1_V12D07-075_C1,11
AACGCGACCTTGGGCG-1_V12D07-075_C1,9
AACGCGGTCTCCAGCC-1_V12D07-075_C1,9
AACGCTGTTGCTGAAA-1_V12D07-075_C1,2
AACGGACGTACGTATA-1_V12D07-075_C1,2
AACGGCCATCTCCGGT-1_V12D07-075_C1,10
AACGTACTGTGGGTAC-1_V12D07-075_C1,10
AACGTCAGACTAGTGG-1_V12D07-075_C1,11
AACGTGATGAAGGACA-1_V12D07-075_C1,1
AACGTGCGAAAGTCTC-1_V12D07-075_C1,2
AACGTTATCAGCACCT-1_V12D07-075_C1,11
AACTACCCGTTTGTCA-1_V12D07-075_C1,3
AACTAGGCTTGGGTGT-1_V12D07-075_C1,9
AACTCAAGTTAATTGC-1_V12D07-075_C1,11
AACTCCAGAGCGTGTT-1_V12D07-075_C1,2
AACTCCTAATCCCATG-1_V12D07-075_C1,1
AACTCGATGGCGCAGT-1_V12D07-075_C1,6
AACTCTCAATAGAGCG-1_V12D07-075_C1,3
AACTCTCAGTGTGCTC-1_V12D07-075_C1,10
AACTGAGGTCAGCGTC-1_V12D07-075_C1,1
AACTGAGTTATACTGA-1_V12D07-075_C1,8
AACTGATATTAGGCCT-1_V12D07-075_C1,6
AACTGGGTCCCGACGT-1_V12D07-075_C1,6
AACTGGTGTGGGCCTT-1_V12D07-075_C1,6
AACTTCTGCGTCTATC-1_V12D07-075_C1,11
AACTTGCCCGTATGCA-1_V12D07-075_C1,11
AACTTGCGTTCTCGCG-1_V12D07-075_C1,11
AACTTTACGGGAGCTT-1_V12D07-075_C1,11
AAGAAGGATCAGTTAG-1_V12D07-075_C1,11
AAGACATACGTGGTTT-1_V12D07-075_C1,2
AAGACCCAACTGAACA-1_V12D07-075_C1,9
AAGACTGCAAGCTACT-1_V12D07-075_C1,9
AAGAGATGAATCGGTA-1_V12D07-075_C1,11
AAGAGCTCTTTATCGG-1_V12D07-075_C1,2
AAGAGGATGTACGCGA-1_V12D07-075_C1,5
AAGAGGCATGGATCGC-1_V12D07-075_C1,3
AAGAGGCCCTTTGGAA-1_V12D07-075_C1,2
AAGATTGGCGGAACGT-1_V12D07-075_C1,3
AAGCACCCTGCGTATC-1_V12D07-075_C1,9
AAGCATACTCTCCTGA-1_V12D07-075_C1,9
AAGCCGAAGCGGTTTA-1_V12D07-075_C1,2
AAGCCGGAGAGCAGGA-1_V12D07-075_C1,2
AAGCGCAGGGCTTTGA-1_V12D07-075_C1,2
AAGCGGCGTCATGGGT-1_V12D07-075_C1,1
AAGCTAGATCGAGTAA-1_V12D07-075_C1,9
AAGCTCGTGCCAAGTC-1_V12D07-075_C1,2
AAGCTCTTTCATGGTG-1_V12D07-075_C1,9
AAGGAGCGGTTGGTGC-1_V12D07-075_C1,11
AAGGATCGATCGCTTG-1_V12D07-075_C1,3
AAGGATGAGGGACCTC-1_V12D07-075_C1,3
AAGGCAGGCTGTCTCC-1_V12D07-075_C1,1
AAGGCGCGTAAAGCTT-1_V12D07-075_C1,11
AAGGCTGTGCTCATCG-1_V12D07-075_C1,11
AAGGGACAGATTCTGT-1_V12D07-075_C1,3
AAGGTATCCTAATATA-1_V12D07-075_C1,8
AAGGTGATAAACCAGC-1_V12D07-075_C1,2
AAGTAGAAGACCGGGT-1_V12D07-075_C1,6
AAGTAGTGACGCGAGG-1_V12D07-075_C1,11
AAGTCAATTGTCGTCA-1_V12D07-075_C1,2
AAGTCTTCTGTGGCCT-1_V12D07-075_C1,5
AAGTGACGACCGAATT-1_V12D07-075_C1,10
AAGTGAGTCGGGTTTA-1_V12D07-075_C1,9
AAGTGCAAAGGTAGAC-1_V12D07-075_C1,11
AAGTGCCTTGACTGTA-1_V12D07-075_C1,2
AAGTGTTTGGAGACGG-1_V12D07-075_C1,9
AAGTTCACTCCAAGCT-1_V12D07-075_C1,9
AAGTTCAGTCTGCGTA-1_V12D07-075_C1,1
AAGTTCGGCCAACAGG-1_V12D07-075_C1,10
AAGTTGTGATGTTATA-1_V12D07-075_C1,4
AAGTTTACTAATGGCA-1_V12D07-075_C1,6
AAGTTTATGGGCCCAA-1_V12D07-075_C1,2
AATAACAACGCTCGGC-1_V12D07-075_C1,11
AATAACACTAGAACAA-1_V12D07-075_C1,10
AATAAGTCCTCGAGAC-1_V12D07-075_C1,12
AATAATCTTCGTATCG-1_V12D07-075_C1,8
AATACAATGTTTCAGG-1_V12D07-075_C1,7
AATAGAACAGAGTGGC-1_V12D07-075_C1,10
AATAGAATCTGTTTCA-1_V12D07-075_C1,9
AATAGCAAGCCTCCTG-1_V12D07-075_C1,1
AATAGCTACCGCGTGC-1_V12D07-075_C1,1
AATAGTCCGTCCCGAC-1_V12D07-075_C1,9
AATAGTCGCGAGTCGG-1_V12D07-075_C1,11
AATATCAAGGTCGGAT-1_V12D07-075_C1,12
AATATCGAATCAATGC-1_V12D07-075_C1,3
AATATCGAGGGTTCTC-1_V12D07-075_C1,3
AATATTGGAGTATTGA-1_V12D07-075_C1,7
AATCAGACTGCAGGAC-1_V12D07-075_C1,11
AATCATGTAAAGACTC-1_V12D07-075_C1,2
AATCCAAGGGCCTGAG-1_V12D07-075_C1,12
AATCCATGCAAGGGTG-1_V12D07-075_C1,6
AATCGCCTCAGCGCCA-1_V12D07-075_C1,9
AATCGCGCAGAGGACT-1_V12D07-075_C1,1
AATCGGGACACTACGA-1_V12D07-075_C1,6
AATCGGTATAGCCCTC-1_V12D07-075_C1,5
AATCGTGAGCCGAGCA-1_V12D07-075_C1,2
AATCTATGCCGGAGCC-1_V12D07-075_C1,1
AATCTCTACTGTGGTT-1_V12D07-075_C1,5
AATCTGCGTTGGGACG-1_V12D07-075_C1,10
AATGACAGCAATGTCT-1_V12D07-075_C1,10
AATGACGTAGGATGTC-1_V12D07-075_C1,9
AATGACTGTCAGCCGG-1_V12D07-075_C1,11
AATGAGTTCGCATATG-1_V12D07-075_C1,11
AATGATGATACGCTAT-1_V12D07-075_C1,8
AATGATGCGACTCCTG-1_V12D07-075_C1,8
AATGCAACCGGGTACC-1_V12D07-075_C1,11
AATGCACCAAGCAATG-1_V12D07-075_C1,8
AATGGTCCACCGTTCA-1_V12D07-075_C1,11
AATGGTTCTCACAAGC-1_V12D07-075_C1,11
AATGTTGTCGTGAGAC-1_V12D07-075_C1,2
AATTAAAGGTCGGCGT-1_V12D07-075_C1,9
AATTAACGGATTTCCA-1_V12D07-075_C1,9
AATTACTCGTACGCTC-1_V12D07-075_C1,11
AATTAGCGCTGCAGCG-1_V12D07-075_C1,9
AATTCATAAGGGATCT-1_V12D07-075_C1,8
AATTCCAAGCATGTAC-1_V12D07-075_C1,2
AATTCGATTCGAGGAT-1_V12D07-075_C1,2
AATTCTAGAGTTAGGC-1_V12D07-075_C1,9
AATTGAACGCTCTGGT-1_V12D07-075_C1,9
AATTGCAGCAATCGAC-1_V12D07-075_C1,2
AATTGTGGTTGCCAAA-1_V12D07-075_C1,2
AATTTGGGACATAGTA-1_V12D07-075_C1,1
AATTTGGTTCCAAAGA-1_V12D07-075_C1,6
ACAAAGCATGACCTAG-1_V12D07-075_C1,2
ACAAATCGCACCGAAT-1_V12D07-075_C1,9
ACAAATGGTAGTGTTT-1_V12D07-075_C1,9
ACAAATTCAGATCTGA-1_V12D07-075_C1,1
ACAACAGCATGAGCTA-1_V12D07-075_C1,2
ACAACGGTCCCTGCGA-1_V12D07-075_C1,11
ACAAGCAGTGCCTAGC-1_V12D07-075_C1,11
ACAAGCTATATGGAAG-1_V12D07-075_C1,5
ACAAGGAAATCCGCCC-1_V12D07-075_C1,9
ACAAGGACAAGAGGTT-1_V12D07-075_C1,11
ACAAGGATGCTTTAGG-1_V12D07-075_C1,2
ACAAGGGCAGGCTCTG-1_V12D07-075_C1,9
ACAATCCATTTAAACC-1_V12D07-075_C1,11
ACAATGATTCTTCTAC-1_V12D07-075_C1,1
ACAATTGTGTCTCTTT-1_V12D07-075_C1,2
ACAATTTAGGAGGCTC-1_V12D07-075_C1,11
ACAATTTGAGCAGTGG-1_V12D07-075_C1,3
ACAATTTGGCCATATT-1_V12D07-075_C1,1
ACACAAAGACGGGTGG-1_V12D07-075_C1,11
ACACACCAGGACCAGT-1_V12D07-075_C1,2
ACACACTTTCTACACG-1_V12D07-075_C1,6
ACACATTGACGCAACA-1_V12D07-075_C1,11
ACACCACATAATTAGC-1_V12D07-075_C1,1
ACACCCAGCATGCAGC-1_V12D07-075_C1,8
ACACCCGAGAAATCCG-1_V12D07-075_C1,11
ACACCGAGCGCTCTTT-1_V12D07-075_C1,11
ACACCTTAAGTAGGGC-1_V12D07-075_C1,11
ACACCTTACTACTTGC-1_V12D07-075_C1,1
ACACGAGACTCCTTCT-1_V12D07-075_C1,2
ACACGGCACTATGCAT-1_V12D07-075_C1,6
ACACGGGAACTTAGGG-1_V12D07-075_C1,2
ACACGTAGGCCACAAG-1_V12D07-075_C1,2
ACACTCCAATGTCACT-1_V12D07-075_C1,11
ACACTGATCAAGGTGT-1_V12D07-075_C1,10
ACACTGGGACAGTCGT-1_V12D07-075_C1,2
ACAGATTAGGTTAGTG-1_V12D07-075_C1,6
ACAGCATAGAGCCAGT-1_V12D07-075_C1,6
ACAGCGACATTCTCAT-1_V12D07-075_C1,2
ACAGCGCACCCGCAGC-1_V12D07-075_C1,1
ACAGGCACGGATCCTT-1_V12D07-075_C1,2
ACAGGCTTGCCCGACT-1_V12D07-075_C1,11
ACAGGTGGAGGTGAGG-1_V12D07-075_C1,10
ACAGGTGTGTTGTTGC-1_V12D07-075_C1,5
ACAGTATACCGTGGGA-1_V12D07-075_C1,1
ACATAATAAGGCGGTG-1_V12D07-075_C1,8
ACATCAGCTGGGACGC-1_V12D07-075_C1,11
ACATCCCGGCCATACG-1_V12D07-075_C1,9
ACATCCTGGTAACTGT-1_V12D07-075_C1,2
ACATCGATCGTTTACC-1_V12D07-075_C1,9
ACATCGGTCAGCCGCG-1_V12D07-075_C1,5
ACATCGTATGCAATGG-1_V12D07-075_C1,9
ACATCGTTAACCTAGT-1_V12D07-075_C1,6
ACATGGCGCCAAAGTA-1_V12D07-075_C1,3
ACATGGCTCAATTTAG-1_V12D07-075_C1,11
ACATTAGTTTATATCC-1_V12D07-075_C1,9
ACCAAACACCCAGCGA-1_V12D07-075_C1,1
ACCAACACCACACACT-1_V12D07-075_C1,1
ACCAACCGCACTCCAC-1_V12D07-075_C1,2
ACCAACGCTTATTTAT-1_V12D07-075_C1,5
ACCAAGAACGCGTGTC-1_V12D07-075_C1,6
ACCAAGTCATCGGCAG-1_V12D07-075_C1,5
ACCAATATGCAAGTTA-1_V12D07-075_C1,12
ACCACAACTCAGAACA-1_V12D07-075_C1,1
ACCACAAGTTTCTATC-1_V12D07-075_C1,11
ACCACCAATGTAACAA-1_V12D07-075_C1,3
ACCACCCTCTCTTCTA-1_V12D07-075_C1,1
ACCACGTGCAGCTATA-1_V12D07-075_C1,9
ACCACTGTTCAAGAAG-1_V12D07-075_C1,11
ACCAGACCATAACAAC-1_V12D07-075_C1,11
ACCAGCCCGGTCTTTG-1_V12D07-075_C1,6
ACCAGTGCCCGGTCAA-1_V12D07-075_C1,1
ACCAGTGCGGGAGACG-1_V12D07-075_C1,2
ACCATATCCGCAATAA-1_V12D07-075_C1,9
ACCATCGTATATGGTA-1_V12D07-075_C1,5
ACCATTAAGGGTGTCA-1_V12D07-075_C1,11
ACCCAACGCCCGTGGC-1_V12D07-075_C1,10
ACCCACCTACATGCTC-1_V12D07-075_C1,11
ACCCATCTTGAGGGTA-1_V12D07-075_C1,11
ACCCATTTGTCCCTCT-1_V12D07-075_C1,2
ACCCGGAAACTCCCAG-1_V12D07-075_C1,9
ACCCGGAGCACCACAA-1_V12D07-075_C1,2
ACCCGGATGACGCATC-1_V12D07-075_C1,3
ACCCGGTTACACTTCC-1_V12D07-075_C1,5
ACCCGTAGTCTAGTTG-1_V12D07-075_C1,2
ACCCGTGTCATCAGTA-1_V12D07-075_C1,5
ACCCTATAGGACTGAG-1_V12D07-075_C1,7
ACCCTATGCCATATCG-1_V12D07-075_C1,10
ACCCTCCCGTCAGGGC-1_V12D07-075_C1,11
ACCCTCCCTTGCTATT-1_V12D07-075_C1,9
ACCCTGGTAACGCCCT-1_V12D07-075_C1,1
ACCCTTCATCTGCGAA-1_V12D07-075_C1,6
ACCCTTTAGTTCTCCA-1_V12D07-075_C1,7
ACCGAAAGGGCCCTGC-1_V12D07-075_C1,12
ACCGACACATCTCCCA-1_V12D07-075_C1,9
ACCGACTGAGTCCCAC-1_V12D07-075_C1,9
ACCGATAGGCATAACC-1_V12D07-075_C1,2
ACCGATATTTAATCAT-1_V12D07-075_C1,8
ACCGATGGTAGCATCG-1_V12D07-075_C1,3
ACCGCAATAACTGCCT-1_V12D07-075_C1,9
ACCGCGGTGGAAGTCG-1_V12D07-075_C1,10
ACCGGGCCTTTGTTGA-1_V12D07-075_C1,2
ACCGTTCCCGCTCTGA-1_V12D07-075_C1,6
ACCTAATCGACTTCCT-1_V12D07-075_C1,7
ACCTACAGTATGTGGT-1_V12D07-075_C1,1
ACCTACTATAAATCTA-1_V12D07-075_C1,9
ACCTCCGCCCTCGCTG-1_V12D07-075_C1,2
ACCTCCGTTATTCACC-1_V12D07-075_C1,1
ACGAAATGGGCGGCAC-1_V12D07-075_C1,7
ACGACCCATGAGTTGC-1_V12D07-075_C1,3
ACGACTCTAGGGCCGA-1_V12D07-075_C1,5
ACGAGAACCCATCACG-1_V12D07-075_C1,6
ACGAGATATTTGCTTA-1_V12D07-075_C1,1
ACGAGTACGGATGCCC-1_V12D07-075_C1,3
ACGATACATAGAACTA-1_V12D07-075_C1,8
ACGATACCTATCCTGA-1_V12D07-075_C1,11
ACGATCATACATAGAG-1_V12D07-075_C1,9
ACGATCATCTTGTAAA-1_V12D07-075_C1,3
ACGATGCATATGTTAT-1_V12D07-075_C1,11
ACGATGGATCCGATGC-1_V12D07-075_C1,6
ACGCAAACTAATAGAT-1_V12D07-075_C1,9
ACGCAATCACTACAGC-1_V12D07-075_C1,1
ACGCATAAATGACATG-1_V12D07-075_C1,1
ACGCATACGTTTACTA-1_V12D07-075_C1,2
ACGCATTCGTGAGTAC-1_V12D07-075_C1,9
ACGCCAGATGATTTCT-1_V12D07-075_C1,6
ACGCCAGTGCGTTTGC-1_V12D07-075_C1,5
ACGCCGCTAGACGACC-1_V12D07-075_C1,9
ACGCGAAGTCAGACGA-1_V12D07-075_C1,9
ACGCGCTACACAGGGT-1_V12D07-075_C1,10
ACGCGGGCCAAGGACA-1_V12D07-075_C1,9
ACGCGTTTCTTAAGAG-1_V12D07-075_C1,11
ACGCTAGTGATACACT-1_V12D07-075_C1,3
ACGCTGTGAGGCGTAG-1_V12D07-075_C1,5
ACGGAATTTAGCAAAT-1_V12D07-075_C1,11
ACGGACTCTCAAAGCG-1_V12D07-075_C1,2
ACGGAGCGCAAATTAC-1_V12D07-075_C1,1
ACGGATGGTGCGGATA-1_V12D07-075_C1,9
ACGGCACTTGCTTGGG-1_V12D07-075_C1,9
ACGGCCAACATGGACT-1_V12D07-075_C1,12
ACGGCGACGATGGGAA-1_V12D07-075_C1,9
ACGGCGGGTTGCCCTG-1_V12D07-075_C1,6
ACGGGCGTATGCGACA-1_V12D07-075_C1,1
ACGGGTCATGTGACTT-1_V12D07-075_C1,11
ACGGTACAGTTCAATG-1_V12D07-075_C1,2
ACGTACAGATTTCTCT-1_V12D07-075_C1,6
ACGTAGATTGCTGATG-1_V12D07-075_C1,2
ACGTAGGAGAGTCGCT-1_V12D07-075_C1,10
ACGTATTACTCCGATC-1_V12D07-075_C1,2
ACGTGCGCCTCGTGCA-1_V12D07-075_C1,6
ACGTTAATGTCGAAGA-1_V12D07-075_C1,9
ACGTTAGATTTGCCCG-1_V12D07-075_C1,5
ACGTTATTGGTCACTC-1_V12D07-075_C1,11
ACGTTCCGCGCTCCGT-1_V12D07-075_C1,6
ACGTTCGCAATCAATT-1_V12D07-075_C1,1
ACGTTCGTTCAGGAAA-1_V12D07-075_C1,10
ACGTTCTGTACAAGTC-1_V12D07-075_C1,2
ACGTTTAGTTGTGATC-1_V12D07-075_C1,6
ACTAATACGTCAGGCG-1_V12D07-075_C1,1
ACTACCAGCTCTCTGG-1_V12D07-075_C1,11
ACTACGCGTTAGAATT-1_V12D07-075_C1,9
ACTAGTTGCGATCGTC-1_V12D07-075_C1,2
ACTATATGCTGTGTTC-1_V12D07-075_C1,1
ACTATCCAGGGCATGG-1_V12D07-075_C1,4
ACTATCGCCGGCTAAA-1_V12D07-075_C1,11
ACTATCTGCCCGCGTA-1_V12D07-075_C1,2
ACTATTCGTCCGTGGT-1_V12D07-075_C1,6
ACTATTTCCGGGCCCA-1_V12D07-075_C1,10
ACTCAACGAATGTATT-1_V12D07-075_C1,6
ACTCAAGTGCAAGGCT-1_V12D07-075_C1,9
ACTCAATAAAGGCACG-1_V12D07-075_C1,9
ACTCAGACCTGCTTCT-1_V12D07-075_C1,12
ACTCCCGAATTCGTTT-1_V12D07-075_C1,8
ACTCCCTAATGCTAAA-1_V12D07-075_C1,9
ACTCCCTAGAATAGTA-1_V12D07-075_C1,9
ACTCCGGCCGACCACT-1_V12D07-075_C1,2
ACTCGATGTATTTCAT-1_V12D07-075_C1,11
ACTCGCCGTTCGATAA-1_V12D07-075_C1,2
ACTCGCGATCTGACGC-1_V12D07-075_C1,1
ACTCGTCAGTAATCCC-1_V12D07-075_C1,2
ACTCTAAACCTGGGAT-1_V12D07-075_C1,11
ACTCTCTGACTTAGGT-1_V12D07-075_C1,9
ACTCTCTTATACACGA-1_V12D07-075_C1,1
ACTCTGACCTAATAGA-1_V12D07-075_C1,2
ACTCTTCAGCTCCCGC-1_V12D07-075_C1,1
ACTCTTGTATAGTAAC-1_V12D07-075_C1,9
ACTGAAACGCCGTTAG-1_V12D07-075_C1,2
ACTGAATGGCGAAAGT-1_V12D07-075_C1,9
ACTGCCGTCGTAACTC-1_V12D07-075_C1,6
ACTGCGGACACACCGT-1_V12D07-075_C1,1
ACTGTACGATACACAT-1_V12D07-075_C1,9
ACTGTAGCACTTTGGA-1_V12D07-075_C1,11
ACTGTATACGCGAGCA-1_V12D07-075_C1,6
ACTGTCCAGGATTATA-1_V12D07-075_C1,9
ACTGTCTTCTTTAGAA-1_V12D07-075_C1,9
ACTGTGCTAGTAGATC-1_V12D07-075_C1,11
ACTTACCGGGCGCGCA-1_V12D07-075_C1,1
ACTTACGCATCCACGC-1_V12D07-075_C1,9
ACTTAGTACGACAAGA-1_V12D07-075_C1,11
ACTTATACTTACCCGG-1_V12D07-075_C1,5
ACTTATTAGGATCGGT-1_V12D07-075_C1,9
ACTTATTTATGTGCCA-1_V12D07-075_C1,2
ACTTCAGGCTGATCCC-1_V12D07-075_C1,9
ACTTCCATGCGGGACA-1_V12D07-075_C1,2
ACTTCGCCATACGCAC-1_V12D07-075_C1,5
ACTTCGCTAGCGAGTG-1_V12D07-075_C1,1
ACTTGACTCCCTCTTT-1_V12D07-075_C1,9
ACTTGGGACCCGGTGG-1_V12D07-075_C1,11
ACTTGTGGATGGAACG-1_V12D07-075_C1,2
ACTTTACCCTCATGAA-1_V12D07-075_C1,8
ACTTTCCTATAGCTTC-1_V12D07-075_C1,9
ACTTTGACTGCATCCT-1_V12D07-075_C1,10
ACTTTGTCGACGCACT-1_V12D07-075_C1,3
AGAAATTATGACTCGC-1_V12D07-075_C1,3
AGAACCCAGCGTGACA-1_V12D07-075_C1,1
AGAACGTGGTACATTC-1_V12D07-075_C1,5
AGAAGAGCGCCGTTCC-1_V12D07-075_C1,7
AGAAGGTTGCCGAATT-1_V12D07-075_C1,5
AGAAGGTTGTAGGTCG-1_V12D07-075_C1,2
AGAATAAATCTTCAGG-1_V12D07-075_C1,5
AGAATGCGGGTTCGGA-1_V12D07-075_C1,1
AGAATTATGGATTCGA-1_V12D07-075_C1,10
AGAATTGTTTGACATA-1_V12D07-075_C1,4
AGACAGCTCAGAATCC-1_V12D07-075_C1,4
AGACAGGCATCTCAGC-1_V12D07-075_C1,8
AGACATAGATCCTTCC-1_V12D07-075_C1,6
AGACCATGGGATACAA-1_V12D07-075_C1,11
AGACCCACCGCTGATC-1_V12D07-075_C1,9
AGACCCGCCCTCCTCG-1_V12D07-075_C1,11
AGACCGCTCCGCGGTT-1_V12D07-075_C1,3
AGACGAAGTGCCGGTC-1_V12D07-075_C1,2
AGACGCCCACTTCGCC-1_V12D07-075_C1,2
AGACGGGCCGATTTAA-1_V12D07-075_C1,1
AGACTAGCCTTCCAGA-1_V12D07-075_C1,11
AGACTGTTACCGGGTC-1_V12D07-075_C1,10
AGAGAACCGTCTAGGA-1_V12D07-075_C1,3
AGAGCAGTTATGAGAC-1_V12D07-075_C1,7
AGAGCCGCCGAGATTT-1_V12D07-075_C1,2
AGAGCGGGCTAATCAT-1_V12D07-075_C1,6
AGAGCGTACAAGCTCG-1_V12D07-075_C1,11
AGAGCTACGAAAGCAT-1_V12D07-075_C1,11
AGAGGCTTCGGAAACC-1_V12D07-075_C1,2
AGAGGGACAATTGTCC-1_V12D07-075_C1,1
AGAGTAAACTTCACTA-1_V12D07-075_C1,2
AGAGTATAGTGTTACG-1_V12D07-075_C1,1
AGAGTTAGAGACCGAT-1_V12D07-075_C1,1
AGATAACTTCAGGGCC-1_V12D07-075_C1,11
AGATACCAATAGAACC-1_V12D07-075_C1,2
AGATACCAGCACTTCA-1_V12D07-075_C1,1
AGATACCGGTGTTCAC-1_V12D07-075_C1,5
AGATACGACTTCATAT-1_V12D07-075_C1,11
AGATACTCAAGATCGA-1_V12D07-075_C1,9
AGATATAATACGACTA-1_V12D07-075_C1,2
AGATCGTGCATAAGAT-1_V12D07-075_C1,8
AGATCTCAGGTGTGAT-1_V12D07-075_C1,2
AGATGACTCGCCCACG-1_V12D07-075_C1,8
AGATGAGGGTTGCGAT-1_V12D07-075_C1,1
AGATGATGGAGTCTGG-1_V12D07-075_C1,8
AGATGCTATAACGAGC-1_V12D07-075_C1,11
AGATTATAGGACGTTT-1_V12D07-075_C1,9
AGCAAAGGCCGCTAGT-1_V12D07-075_C1,9
AGCAACATATCTTATT-1_V12D07-075_C1,2
AGCACCAGTACTCACG-1_V12D07-075_C1,9
AGCACTACCGGCCTGT-1_V12D07-075_C1,11
AGCACTACCTCACCAG-1_V12D07-075_C1,9
AGCACTTAAGGACGCC-1_V12D07-075_C1,11
AGCAGAAGGAGAAAGA-1_V12D07-075_C1,2
AGCAGCCAGATGAATA-1_V12D07-075_C1,9
AGCATATCAATATGCT-1_V12D07-075_C1,2
AGCATCGTCGATAATT-1_V12D07-075_C1,8
AGCATTACGAGGCAAG-1_V12D07-075_C1,2
AGCCAAGCTTTGTGTC-1_V12D07-075_C1,9
AGCCACAGGTTACCCG-1_V12D07-075_C1,2
AGCCACTCCCGTGCTT-1_V12D07-075_C1,8
AGCCATATAGTATGTG-1_V12D07-075_C1,5
AGCCCATACATGTAAG-1_V12D07-075_C1,10
AGCCCGCAACAAGCAG-1_V12D07-075_C1,9
AGCCCGGTAGCCTGTA-1_V12D07-075_C1,5
AGCCCTAAGCGAAGTT-1_V12D07-075_C1,6
AGCCCTGTCGCACCGT-1_V12D07-075_C1,1
AGCCCTTCTAATCCGA-1_V12D07-075_C1,1
AGCCCTTGGACATCCC-1_V12D07-075_C1,2
AGCCGCAAATTCAAAT-1_V12D07-075_C1,11
AGCCGCTTGATTAGCG-1_V12D07-075_C1,11
AGCCTTAAAGCGGAAG-1_V12D07-075_C1,7
AGCGACAGGAACGGTC-1_V12D07-075_C1,10
AGCGACATCCCATTCA-1_V12D07-075_C1,6
AGCGACCAACGATATT-1_V12D07-075_C1,11
AGCGATGCGCCTAATA-1_V12D07-075_C1,2
AGCGCATAATGAATCG-1_V12D07-075_C1,9
AGCGCGGGTGCCAATG-1_V12D07-075_C1,8
AGCGCTAGAGCGATGT-1_V12D07-075_C1,1
AGCGCTTATGGGCAAG-1_V12D07-075_C1,1
AGCGGACACTTCGTAG-1_V12D07-075_C1,9
AGCGGGAAGGGTCCAT-1_V12D07-075_C1,6
AGCGGGTCTGACACTC-1_V12D07-075_C1,2
AGCGGTTGCCGCTCTG-1_V12D07-075_C1,1
AGCGTACGAGAGCTAG-1_V12D07-075_C1,6
AGCGTCTGAACCCGCA-1_V12D07-075_C1,6
AGCGTGGTATTCTACT-1_V12D07-075_C1,9
AGCTAAGTACGCAGGC-1_V12D07-075_C1,2
AGCTAGAAGCAGAAGT-1_V12D07-075_C1,8
AGCTATTTAATCCAAC-1_V12D07-075_C1,6
AGCTCCATATATGTTC-1_V12D07-075_C1,2
AGCTCCTTCGCACATC-1_V12D07-075_C1,9
AGCTCTAGACGTTCCA-1_V12D07-075_C1,10
AGCTCTTCCCAGTGCA-1_V12D07-075_C1,8
AGCTCTTCGTAACCTT-1_V12D07-075_C1,3
AGCTCTTTACTCAGTT-1_V12D07-075_C1,5
AGCTGAAGTAAACCAA-1_V12D07-075_C1,8
AGCTTATAGAGACCTG-1_V12D07-075_C1,6
AGCTTCTTCTCGAGCA-1_V12D07-075_C1,2
AGCTTGATCTTAACTT-1_V12D07-075_C1,10
AGGAACGAACGACTTC-1_V12D07-075_C1,2
AGGAAGCTGTCCGCCG-1_V12D07-075_C1,9
AGGACAGTCGAATCCC-1_V12D07-075_C1,9
AGGACATCGCACGTCG-1_V12D07-075_C1,4
AGGACATCGGCACACT-1_V12D07-075_C1,2
AGGACGACCCATTAGA-1_V12D07-075_C1,5
AGGACGCTCGATGTTG-1_V12D07-075_C1,1
AGGACTTATAGGAGAA-1_V12D07-075_C1,11
AGGAGACATCCACAGT-1_V12D07-075_C1,1
AGGAGGCCTTCGCGCG-1_V12D07-075_C1,2
AGGATAAAGTCGGGAT-1_V12D07-075_C1,9
AGGATATAGGGATTTA-1_V12D07-075_C1,2
AGGATATCCGACTGCA-1_V12D07-075_C1,10
AGGATTGCTTACGACA-1_V12D07-075_C1,1
AGGCACGTGACTGTCC-1_V12D07-075_C1,2
AGGCAGATGCGTAAAC-1_V12D07-075_C1,3
AGGCAGGGAGCGTACT-1_V12D07-075_C1,5
AGGCATTGTCGTAGGG-1_V12D07-075_C1,2
AGGCCACATTGGTTAC-1_V12D07-075_C1,1
AGGCCACCCGTTATGA-1_V12D07-075_C1,11
AGGCCCAGTGACTGGT-1_V12D07-075_C1,11
AGGCCCATTGTACAGG-1_V12D07-075_C1,4
AGGCCTGAGAATCTCG-1_V12D07-075_C1,2
AGGCGATAACTGGCGT-1_V12D07-075_C1,2
AGGCGTCTATGGACGG-1_V12D07-075_C1,1
AGGCTATGGTTAGCTT-1_V12D07-075_C1,11
AGGCTTCCCGAAGAAG-1_V12D07-075_C1,10
AGGCTTGCTAGACACC-1_V12D07-075_C1,4
AGGGAAACGAGGTACT-1_V12D07-075_C1,1
AGGGACCGGCTGCGTT-1_V12D07-075_C1,1
AGGGACTCTACGCGAC-1_V12D07-075_C1,5
AGGGAGACATACTTCG-1_V12D07-075_C1,1
AGGGCAGCGGCGTGGT-1_V12D07-075_C1,6
AGGGCCCTAATGTTCT-1_V12D07-075_C1,2
AGGGCGTGATCGGCTA-1_V12D07-075_C1,6
AGGGCTGCAGTTACAG-1_V12D07-075_C1,9
AGGGTCAGTAACCCTA-1_V12D07-075_C1,1
AGGGTCGATGCGAACT-1_V12D07-075_C1,3
AGGGTCTGGACGCAGT-1_V12D07-075_C1,5
AGGGTGCTCTCGAGGG-1_V12D07-075_C1,10
AGGGTGGATAGTGCAT-1_V12D07-075_C1,11
AGGGTTCCCTTTGGTT-1_V12D07-075_C1,10
AGGGTTTAGTTCGGGA-1_V12D07-075_C1,9
AGGTAACCTCCTATTC-1_V12D07-075_C1,6
AGGTACGATATTGCCA-1_V12D07-075_C1,6
AGGTAGGTACAAAGCT-1_V12D07-075_C1,11
AGGTATAATTGATAGT-1_V12D07-075_C1,8
AGGTATGCGGACATTA-1_V12D07-075_C1,1
AGGTCGCCTCCCAACA-1_V12D07-075_C1,2
AGGTCGCGGAGTTACT-1_V12D07-075_C1,1
AGGTGCACGTCCACAT-1_V12D07-075_C1,2
AGGTGGTGACCTTCGC-1_V12D07-075_C1,9
AGGTGTATCGCCATGA-1_V12D07-075_C1,5
AGGTGTTGCCGACCAC-1_V12D07-075_C1,2
AGGTTACACCATGCCG-1_V12D07-075_C1,1
AGGTTGAGGCACGCTT-1_V12D07-075_C1,8
AGGTTTCACACACCTT-1_V12D07-075_C1,9
AGTAACGTTCATCCTG-1_V12D07-075_C1,1
AGTAACTATAGCAGCC-1_V12D07-075_C1,5
AGTAATGTCTTGCCGC-1_V12D07-075_C1,6
AGTACATCATTTATCA-1_V12D07-075_C1,1
AGTACCTTCGAGTGCT-1_V12D07-075_C1,1
AGTACGGCCCGTATCG-1_V12D07-075_C1,11
AGTACGGGCACCTGGC-1_V12D07-075_C1,8
AGTACGTGGCCTGTCT-1_V12D07-075_C1,1
AGTACTCTTATGCCCA-1_V12D07-075_C1,9
AGTAGAAGGCGCCTCA-1_V12D07-075_C1,9
AGTAGGAAGGAAGTTG-1_V12D07-075_C1,1
AGTAGGTAACATACAT-1_V12D07-075_C1,6
AGTATAATACTAGGCA-1_V12D07-075_C1,11
AGTATACACAGCGACA-1_V12D07-075_C1,9
AGTATTTGGCACGACC-1_V12D07-075_C1,5
AGTCAACACCACCATC-1_V12D07-075_C1,5
AGTCAAGATGACACTT-1_V12D07-075_C1,2
AGTCACTAGCTCTCGA-1_V12D07-075_C1,2
AGTCAGCCACCGCCTG-1_V12D07-075_C1,11
AGTCCATTGGCTGATG-1_V12D07-075_C1,2
AGTCCCGCCTTTAATT-1_V12D07-075_C1,8
AGTCCCTCGCAGAAAG-1_V12D07-075_C1,1
AGTCGACGGTCTCAAG-1_V12D07-075_C1,2
AGTCGGCCCAAACGAC-1_V12D07-075_C1,11
AGTCGGTTGCGTGAGA-1_V12D07-075_C1,1
AGTCGTATAAAGCAGA-1_V12D07-075_C1,2
AGTCGTCGACCACCAA-1_V12D07-075_C1,2
AGTCTAAAGTATACTC-1_V12D07-075_C1,1
AGTCTGGACATCCTTG-1_V12D07-075_C1,7
AGTCTTCTCCTCAAAT-1_V12D07-075_C1,9
AGTCTTTAAAGTGTCC-1_V12D07-075_C1,2
AGTGAACAAACTTCTC-1_V12D07-075_C1,2
AGTGAAGATGGTGTCC-1_V12D07-075_C1,1
AGTGACCTACTTTACG-1_V12D07-075_C1,9
AGTGAGACTTCCAGTA-1_V12D07-075_C1,5
AGTGAGCCTCGCCGCC-1_V12D07-075_C1,3
AGTGAGGGTTTCTGAC-1_V12D07-075_C1,1
AGTGAGTCGAATTAAC-1_V12D07-075_C1,2
AGTGATAACCTGCGCG-1_V12D07-075_C1,2
AGTGATATGAGTAGTT-1_V12D07-075_C1,5
AGTGATTCAAGCAGGA-1_V12D07-075_C1,5
AGTGCACGCTTAAGAA-1_V12D07-075_C1,2
AGTGCGTAGCTCGTAA-1_V12D07-075_C1,5
AGTGCTAAACACAGCA-1_V12D07-075_C1,2
AGTGCTTGCACGAATA-1_V12D07-075_C1,2
AGTGGCGGCAATTTGA-1_V12D07-075_C1,3
AGTGGCGTCTGAAGGT-1_V12D07-075_C1,2
AGTGGCTCCGTCGGCC-1_V12D07-075_C1,10
AGTGGGAGTATACACG-1_V12D07-075_C1,11
AGTGGTTGCGTATAGG-1_V12D07-075_C1,11
AGTGTATTGCGCATTG-1_V12D07-075_C1,3
AGTGTGCTAAGATCGC-1_V12D07-075_C1,11
AGTGTGGTCTATTGTG-1_V12D07-075_C1,11
AGTTAAACACTTGCGA-1_V12D07-075_C1,11
AGTTAAGCGGTCCCGG-1_V12D07-075_C1,8
AGTTACCCTTAAGACT-1_V12D07-075_C1,11
AGTTACCGCACATGGT-1_V12D07-075_C1,11
AGTTACTCTATCGTGG-1_V12D07-075_C1,8
AGTTCACCGGTTGGAC-1_V12D07-075_C1,7
AGTTCCTACAGAATTA-1_V12D07-075_C1,11
AGTTCCTATTTATGTT-1_V12D07-075_C1,9
AGTTCTGCGTTGTATC-1_V12D07-075_C1,7
AGTTGACATCGGCTGG-1_V12D07-075_C1,6
AGTTGACGGTCCTTGC-1_V12D07-075_C1,2
AGTTGCTGACTGATAT-1_V12D07-075_C1,11
AGTTGGCAAGGCTAGA-1_V12D07-075_C1,2
AGTTTATGTAAAGACA-1_V12D07-075_C1,1
AGTTTCGCAGGTCGGA-1_V12D07-075_C1,6
AGTTTGCACCTGCCTC-1_V12D07-075_C1,9
AGTTTGGCACGGGTTG-1_V12D07-075_C1,2
AGTTTGGCCAGACCTA-1_V12D07-075_C1,10
ATAAACGGACCCGTAA-1_V12D07-075_C1,9
ATAAACGTTGCACCAC-1_V12D07-075_C1,2
ATAAAGGCTCGGTCGT-1_V12D07-075_C1,11
ATAAAGGTCAAGTACG-1_V12D07-075_C1,1
ATAAATATTAGCAGCT-1_V12D07-075_C1,5
ATAACGCCGGAGGGTC-1_V12D07-075_C1,2
ATAACGGAGTCCAACG-1_V12D07-075_C1,12
ATAACGTTACCTCCAC-1_V12D07-075_C1,1
ATAAGGTGGAGAACAT-1_V12D07-075_C1,9
ATAAGTACCCGATTGT-1_V12D07-075_C1,1
ATAAGTAGGATTCAGA-1_V12D07-075_C1,3
ATAAGTAGGGCGACTC-1_V12D07-075_C1,8
ATAAGTTACCGCGACG-1_V12D07-075_C1,5
ATAATACCGTTAGCCG-1_V12D07-075_C1,11
ATAATAGCTGTTGAAT-1_V12D07-075_C1,9
ATAATAGTGTAGGGAC-1_V12D07-075_C1,11
ATAATCTTGGAGAACC-1_V12D07-075_C1,2
ATAATTAGCTAAGTAG-1_V12D07-075_C1,2
ATACAGGCCCTCCAAT-1_V12D07-075_C1,9
ATACCACGGGCAACTT-1_V12D07-075_C1,11
ATACCAGGCTAATAGA-1_V12D07-075_C1,6
ATACCGTCATCCATAA-1_V12D07-075_C1,1
ATACCTAACCAAGAAA-1_V12D07-075_C1,9
ATACGAAGGCTTTCCA-1_V12D07-075_C1,1
ATACGCCGGCGAAACC-1_V12D07-075_C1,9
ATACGGGTTTCGATTG-1_V12D07-075_C1,8
ATACGGTGAAGATGCA-1_V12D07-075_C1,11
ATACGTACTTAGCCAC-1_V12D07-075_C1,9
ATACGTCCACTCCTGT-1_V12D07-075_C1,2
ATACGTTATGCACGGA-1_V12D07-075_C1,9
ATACTACCCGTACCAC-1_V12D07-075_C1,2
ATACTAGCATGACCCT-1_V12D07-075_C1,8
ATACTCTCGCCACTCT-1_V12D07-075_C1,6
ATACTGCCTTACACCG-1_V12D07-075_C1,9
ATACTTGTTCTCGAGC-1_V12D07-075_C1,11
ATAGACAACGGGACCT-1_V12D07-075_C1,3
ATAGACGAAGAGAAAG-1_V12D07-075_C1,11
ATAGAGTACTGGGACA-1_V12D07-075_C1,11
ATAGAGTTATCAACTT-1_V12D07-075_C1,3
ATAGCAACTAGGGAAG-1_V12D07-075_C1,2
ATAGCCTCAGTACCCA-1_V12D07-075_C1,11
ATAGCTGCTCTTGTTA-1_V12D07-075_C1,11
ATAGGAATCTAAGCTT-1_V12D07-075_C1,1
ATAGGCGGCTATAGAA-1_V12D07-075_C1,10
ATAGGCTAGCTTCGCA-1_V12D07-075_C1,3
ATAGGGATATCCTTGA-1_V12D07-075_C1,4
ATAGGTTGGGCAGATG-1_V12D07-075_C1,9
ATAGTCTTTGACGTGC-1_V12D07-075_C1,6
ATAGTGAAGCGTTCTC-1_V12D07-075_C1,9
ATAGTTCCACCCACTC-1_V12D07-075_C1,3
ATATAAAGCGCTCGTG-1_V12D07-075_C1,9
ATATAAATGTAGCTGC-1_V12D07-075_C1,9
ATATAACACGGGCGCA-1_V12D07-075_C1,2
ATATACGCTCGTGACG-1_V12D07-075_C1,2
ATATCAACCTACAGAG-1_V12D07-075_C1,3
ATATCGGTAGGGAGAT-1_V12D07-075_C1,1
ATATCGTTCCTCGAAC-1_V12D07-075_C1,2
ATATCTCCCTCGTTAA-1_V12D07-075_C1,8
ATATCTTAGGGCCTTC-1_V12D07-075_C1,9
ATATGGGATAGCAACT-1_V12D07-075_C1,9
ATATGTCTCCCTAGCC-1_V12D07-075_C1,3
ATATGTGCACAAACCA-1_V12D07-075_C1,1
ATATTATCCCGTATTT-1_V12D07-075_C1,11
ATATTCAGTTAAACCT-1_V12D07-075_C1,5
ATATTCCACATAGTGA-1_V12D07-075_C1,9
ATATTCCCACAGGTCA-1_V12D07-075_C1,6
ATATTGCTGTCAAAGT-1_V12D07-075_C1,11
ATATTGGAGAGGCCTT-1_V12D07-075_C1,2
ATATTTAACCCTCAAG-1_V12D07-075_C1,9
ATCAAACACTGTTCCA-1_V12D07-075_C1,2
ATCAAACGAAGGTTTG-1_V12D07-075_C1,10
ATCAATCTGGGCTGCA-1_V12D07-075_C1,9
ATCACATTAGAATATC-1_V12D07-075_C1,8
ATCACGTGCTAATTAA-1_V12D07-075_C1,10
ATCACTTCATCCTCGC-1_V12D07-075_C1,12
ATCAGACGGCACGCCG-1_V12D07-075_C1,5
ATCAGCCTCATGCTGC-1_V12D07-075_C1,9
ATCAGGTAGCTGACAG-1_V12D07-075_C1,1
ATCAGGTCGCCATTGC-1_V12D07-075_C1,1
ATCAGTAGGCAGGGAT-1_V12D07-075_C1,8
ATCATAGCCCTATGTA-1_V12D07-075_C1,2
ATCATCCAATATTTGT-1_V12D07-075_C1,9
ATCATGGACTACCGAC-1_V12D07-075_C1,1
ATCCAACGCAGTCATA-1_V12D07-075_C1,11
ATCCAATGGAGGGTCC-1_V12D07-075_C1,10
ATCCAATGGTACCGAA-1_V12D07-075_C1,11
ATCCACATCGACAGAA-1_V12D07-075_C1,2
ATCCACGCTAAATGTT-1_V12D07-075_C1,1
ATCCACTTTCAGACTA-1_V12D07-075_C1,1
ATCCAGAGCAACAACC-1_V12D07-075_C1,5
ATCCAGGATTCGTGAA-1_V12D07-075_C1,11
ATCCCATTTCCGTGGG-1_V12D07-075_C1,9
ATCCGGACCAGCCTGA-1_V12D07-075_C1,2
ATCCTACCTAAGCTCT-1_V12D07-075_C1,5
ATCCTGAATCGCTGCG-1_V12D07-075_C1,5
ATCCTGCGTGGAATGG-1_V12D07-075_C1,5
ATCCTGCTGCAGATAG-1_V12D07-075_C1,6
ATCCTTCTGAAAGAAC-1_V12D07-075_C1,8
ATCGACCCAATACAGA-1_V12D07-075_C1,9
ATCGACTCTTTCCGTT-1_V12D07-075_C1,9
ATCGCACGCCGGGAGA-1_V12D07-075_C1,11
ATCGCCAGTCAACATT-1_V12D07-075_C1,2
ATCGCTGCGTGCAGCA-1_V12D07-075_C1,1
ATCGCTTTACGTCTCA-1_V12D07-075_C1,1
ATCGGAGACAGACGGC-1_V12D07-075_C1,7
ATCGGCAAGCAGTCCA-1_V12D07-075_C1,8
ATCGGTTACCTAGTAA-1_V12D07-075_C1,11
ATCGTATTCCGAGAAC-1_V12D07-075_C1,11
ATCGTCCAATCGAGTC-1_V12D07-075_C1,4
ATCGTTAGCTAGCGGA-1_V12D07-075_C1,2
ATCGTTCACTTTCGCC-1_V12D07-075_C1,1
ATCTAACGTCCCTATG-1_V12D07-075_C1,11
ATCTAATATCCTACGG-1_V12D07-075_C1,9
ATCTACCATCTGCTCC-1_V12D07-075_C1,2
ATCTAGCTTGTGAGGG-1_V12D07-075_C1,2
ATCTCCCACGGAATAT-1_V12D07-075_C1,2
ATCTCCCTGCAATCTA-1_V12D07-075_C1,6
ATCTCGTGAGCGAAAC-1_V12D07-075_C1,8
ATCTGATAGTGTCTTA-1_V12D07-075_C1,11
ATCTGCACCTCTGCGA-1_V12D07-075_C1,10
ATCTGCTGTTATCGCC-1_V12D07-075_C1,7
ATCTGGGCTGTTCTTG-1_V12D07-075_C1,9
ATCTGGTTAAGACTGT-1_V12D07-075_C1,12
ATCTGTAATTGTACCC-1_V12D07-075_C1,6
ATCTTATCGCACACCC-1_V12D07-075_C1,2
ATCTTGACCTGCAACG-1_V12D07-075_C1,12
ATCTTGACTTGTCCAA-1_V12D07-075_C1,8
ATCTTTCGTATAACCA-1_V12D07-075_C1,1
ATGAAGCCAAGGAGCC-1_V12D07-075_C1,11
ATGAAGTGGACCCAGC-1_V12D07-075_C1,11
ATGACGCCGGCTCTAA-1_V12D07-075_C1,6
ATGACTATGCGACATT-1_V12D07-075_C1,2
ATGAGGAGTGTTAATC-1_V12D07-075_C1,11
ATGAGGGCAGCGGCTA-1_V12D07-075_C1,1
ATGATCGGGAATAGAC-1_V12D07-075_C1,6
ATGATGCAATGGTACA-1_V12D07-075_C1,5
ATGCACCTTCCTTAAT-1_V12D07-075_C1,11
ATGCACTACCGCATTG-1_V12D07-075_C1,12
ATGCATGATCCAGGAT-1_V12D07-075_C1,9
ATGCCAATCGCTCTGC-1_V12D07-075_C1,1
ATGCCATTTGCGACCA-1_V12D07-075_C1,2
ATGCCGGTCTTGCATA-1_V12D07-075_C1,2
ATGCCGGTTGATGGGA-1_V12D07-075_C1,8
ATGCGACAATTGGTCC-1_V12D07-075_C1,1
ATGCGACAGTCCCATT-1_V12D07-075_C1,2
ATGCGAGTCCCACCAC-1_V12D07-075_C1,2
ATGCTCAGTGTTGCAT-1_V12D07-075_C1,4
ATGCTCTGGCGCGGTA-1_V12D07-075_C1,2
ATGCTTAGGAGTTGAT-1_V12D07-075_C1,2
ATGGAACCTTTGCACA-1_V12D07-075_C1,1
ATGGAGCAGGCCGTGA-1_V12D07-075_C1,9
ATGGATCCGGCGTCCG-1_V12D07-075_C1,8
ATGGATTGACCAAACG-1_V12D07-075_C1,9
ATGGCAGCCGAGAAAC-1_V12D07-075_C1,11
ATGGCGGAATAGTCGC-1_V12D07-075_C1,1
ATGGCTGGAAATGGCC-1_V12D07-075_C1,1
ATGGGCCTCGGCCTCT-1_V12D07-075_C1,2
ATGGTCGCGTGGTTTC-1_V12D07-075_C1,9
ATGGTTACGAAACATG-1_V12D07-075_C1,1
ATGTAAGGCTGCTCTT-1_V12D07-075_C1,1
ATGTACATGCGGTGAG-1_V12D07-075_C1,2
ATGTACGATGACGTCG-1_V12D07-075_C1,2
ATGTAGCGCGCGTAGG-1_V12D07-075_C1,2
ATGTCATTTCCCATTG-1_V12D07-075_C1,11
ATGTGCATCCGACGCA-1_V12D07-075_C1,8
ATGTGGACATCTTGAT-1_V12D07-075_C1,9
ATGTTACGAGCAATAC-1_V12D07-075_C1,11
ATGTTCCTGCCCACCT-1_V12D07-075_C1,11
ATGTTCGTCGACCCAC-1_V12D07-075_C1,11
ATGTTGATTAGAGACT-1_V12D07-075_C1,2
ATGTTGTAGTCTGTTT-1_V12D07-075_C1,5
ATGTTTCGGCCCGGAG-1_V12D07-075_C1,1
ATTAAACATGCGGACC-1_V12D07-075_C1,9
ATTAACACCTGAGATA-1_V12D07-075_C1,11
ATTAATACTACGCGGG-1_V12D07-075_C1,9
ATTAATGAACCAGTCG-1_V12D07-075_C1,8
ATTAATTCGGTCACTC-1_V12D07-075_C1,6
ATTACAACTACCGGCC-1_V12D07-075_C1,8
ATTACATGTCAGTCTT-1_V12D07-075_C1,2
ATTACCACACTGCCTG-1_V12D07-075_C1,8
ATTACGACTCCACAGT-1_V12D07-075_C1,1
ATTACGCGCTGGCAGG-1_V12D07-075_C1,5
ATTACTAGCCTCTTGC-1_V12D07-075_C1,6
ATTACTTACTGGGCAT-1_V12D07-075_C1,8
ATTAGATTCCTCAGCA-1_V12D07-075_C1,1
ATTAGATTGATAGCGG-1_V12D07-075_C1,6
ATTAGGCGATGCTTTC-1_V12D07-075_C1,9
ATTATACTTTGCTCGT-1_V12D07-075_C1,8
ATTATAGCTACTTTAC-1_V12D07-075_C1,1
ATTATCGGAATGTACG-1_V12D07-075_C1,9
ATTATCTCGACAGATC-1_V12D07-075_C1,6
ATTATGCCATAGGGAG-1_V12D07-075_C1,8
ATTATTCAGAGTCACT-1_V12D07-075_C1,2
ATTCAAAGTACCTGTT-1_V12D07-075_C1,11
ATTCAACCATTTAAGG-1_V12D07-075_C1,2
ATTCACTGATGTTGGA-1_V12D07-075_C1,9
ATTCAGGACCTATTTC-1_V12D07-075_C1,8
ATTCAGTAGCAGGGTC-1_V12D07-075_C1,11
ATTCATATACTGTCCA-1_V12D07-075_C1,9
ATTCATCGTTGAGGCA-1_V12D07-075_C1,2
ATTCCCACATAAACAA-1_V12D07-075_C1,11
ATTCCTAAGACGTGGA-1_V12D07-075_C1,1
ATTCCTCCGCCAGTGC-1_V12D07-075_C1,11
ATTCCTTCCAGGCGGT-1_V12D07-075_C1,11
ATTCGACGCCGGGCCT-1_V12D07-075_C1,11
ATTCGCGCCTTGAGAG-1_V12D07-075_C1,2
ATTCGTGCTATCTCTT-1_V12D07-075_C1,1
ATTCTCGTCTCTTTAG-1_V12D07-075_C1,6
ATTCTGAGTATGAACT-1_V12D07-075_C1,1
ATTCTTCGTACTTATG-1_V12D07-075_C1,1
ATTGAAGATCTTAGTG-1_V12D07-075_C1,11
ATTGACCGGCGATGAC-1_V12D07-075_C1,1
ATTGACGTAACTCGGT-1_V12D07-075_C1,6
ATTGATAGCAACGAGA-1_V12D07-075_C1,7
ATTGATGAGTCCTAAC-1_V12D07-075_C1,3
ATTGCCTTTATGTTTG-1_V12D07-075_C1,2
ATTGCGATCAGTAACT-1_V12D07-075_C1,2
ATTGCTGCTCCTCCAT-1_V12D07-075_C1,11
ATTGGATTACAGCGTA-1_V12D07-075_C1,2
ATTGGGAATATCTTGG-1_V12D07-075_C1,6
ATTGGGAGTTCTGTAA-1_V12D07-075_C1,1
ATTGGTAGGATCCGCT-1_V12D07-075_C1,11
ATTGGTTGTGCATTAC-1_V12D07-075_C1,5
ATTGTACAACTCGGCT-1_V12D07-075_C1,3
ATTGTCGCAATACCTT-1_V12D07-075_C1,8
ATTGTCTGTTTCATGT-1_V12D07-075_C1,12
ATTGTGACTTCGCTGC-1_V12D07-075_C1,1
ATTGTTCAACGATCCG-1_V12D07-075_C1,8
ATTTAACTCGTATTAC-1_V12D07-075_C1,6
ATTTACAGTTTACTGG-1_V12D07-075_C1,11
ATTTACTAAGTCCATT-1_V12D07-075_C1,1
ATTTCATTATTTCGCG-1_V12D07-075_C1,8
ATTTGTCTTGGGAGCT-1_V12D07-075_C1,2
ATTTGTTCCAGGGCTC-1_V12D07-075_C1,8
CAAACCAGGTCTGCAT-1_V12D07-075_C1,5
CAAACCCTCCGGCGGG-1_V12D07-075_C1,10
CAAACGAGTATCGCAG-1_V12D07-075_C1,5
CAAACGGTCGCACTTT-1_V12D07-075_C1,11
CAAACTACGATAGAGA-1_V12D07-075_C1,8
CAAACTATTGAGCTTC-1_V12D07-075_C1,6
CAAACTCGCGACGCCG-1_V12D07-075_C1,10
CAAAGGTCATCTGAAA-1_V12D07-075_C1,8
CAAAGGTTAAATTCAG-1_V12D07-075_C1,1
CAAAGTCAGGTTAGCT-1_V12D07-075_C1,4
CAAATGTCCTTCCGTG-1_V12D07-075_C1,9
CAAATTGGATTATGCC-1_V12D07-075_C1,1
CAAATTGTCAGCAAGC-1_V12D07-075_C1,6
CAACACATCTCCTGCC-1_V12D07-075_C1,1
CAACATGGCCTGATAA-1_V12D07-075_C1,11
CAACCAGTGGCCTACC-1_V12D07-075_C1,2
CAACCGCACCTAGACA-1_V12D07-075_C1,11
CAACCTACCGAGCAGT-1_V12D07-075_C1,2
CAACCTGAACCTGCCA-1_V12D07-075_C1,1
CAACGACCCGTTTACA-1_V12D07-075_C1,6
CAACGGTTCTTGATAC-1_V12D07-075_C1,11
CAACGTGGTGGAGTCT-1_V12D07-075_C1,2
CAACTATATCGAATGC-1_V12D07-075_C1,8
CAACTCCGTAACTTGC-1_V12D07-075_C1,1
CAACTCCTTGATCCCG-1_V12D07-075_C1,6
CAACTGCTCATCCGAT-1_V12D07-075_C1,5
CAACTTGTAGTGGGCA-1_V12D07-075_C1,12
CAAGAAACCCTAAACT-1_V12D07-075_C1,1
CAAGACTCAGAAGCGC-1_V12D07-075_C1,1
CAAGAGGGCGGAGTAC-1_V12D07-075_C1,9
CAAGATATTATAACGT-1_V12D07-075_C1,2
CAAGCAACGTCGGAGT-1_V12D07-075_C1,11
CAAGCACCAAATGCCT-1_V12D07-075_C1,6
CAAGCGGCACATAATT-1_V12D07-075_C1,9
CAAGGATCGCATGTTC-1_V12D07-075_C1,9
CAAGGCCAGTGGTGCA-1_V12D07-075_C1,2
CAAGGTCCTATAGGCT-1_V12D07-075_C1,8
CAAGTAAGTGATAGAC-1_V12D07-075_C1,9
CAAGTGAACTTTGGTT-1_V12D07-075_C1,6
CAAGTGTGGTTGCAAA-1_V12D07-075_C1,2
CAATAAACCTTGGCCC-1_V12D07-075_C1,12
CAATACGAGAGTCTGA-1_V12D07-075_C1,1
CAATACGCTCTGAGGC-1_V12D07-075_C1,10
CAATATTCTTGACCTA-1_V12D07-075_C1,10
CAATATTGGACTAGTG-1_V12D07-075_C1,11
CAATCCCTATACCAGC-1_V12D07-075_C1,1
CAATCCTGCCGTGGAG-1_V12D07-075_C1,4
CAATGAGGTTCGACTA-1_V12D07-075_C1,1
CAATGCGAGAAGTATC-1_V12D07-075_C1,9
CAATGGAATCTACATA-1_V12D07-075_C1,1
CAATGGATCTCTACCA-1_V12D07-075_C1,3
CAATGGTCGGCCTGGG-1_V12D07-075_C1,6
CAATGTGCCAACCCTT-1_V12D07-075_C1,1
CAATTAAGGGTGATGA-1_V12D07-075_C1,9
CAATTTCGTATAAGGG-1_V12D07-075_C1,9
CAATTTGACCGGGAAG-1_V12D07-075_C1,11
CACAAGAAAGATATTA-1_V12D07-075_C1,1
CACAATGAGCTGCTAT-1_V12D07-075_C1,9
CACACACGCTAACGAG-1_V12D07-075_C1,2
CACACAGCTTGCGCTC-1_V12D07-075_C1,8
CACACAGGGATAGATT-1_V12D07-075_C1,11
CACACGCGCTGTCTTA-1_V12D07-075_C1,10
CACACTTGTATTGCGA-1_V12D07-075_C1,1
CACAGCACCCACGGCA-1_V12D07-075_C1,9
CACAGCTAGGGAGTGA-1_V12D07-075_C1,8
CACAGGGCCATATAGT-1_V12D07-075_C1,2
CACAGGGCCGTTGTCA-1_V12D07-075_C1,9
CACAGTCCCGCTTCGC-1_V12D07-075_C1,2
CACAGTTCGCTTCCCA-1_V12D07-075_C1,2
CACATATTAGCAGGAT-1_V12D07-075_C1,9
CACATCTCACCGACGA-1_V12D07-075_C1,9
CACATGATTCAGCAAC-1_V12D07-075_C1,9
CACATGTTTGGACATG-1_V12D07-075_C1,11
CACATTCTTTCGATGG-1_V12D07-075_C1,8
CACATTTCTTGTCAGA-1_V12D07-075_C1,10
CACCACGCCACACAGA-1_V12D07-075_C1,5
CACCATCGGAGGAGAC-1_V12D07-075_C1,6
CACCATGATCGCAAAG-1_V12D07-075_C1,1
CACCCAAATCTTATGT-1_V12D07-075_C1,8
CACCCACACGTCACCC-1_V12D07-075_C1,7
CACCCACGAGGCAATT-1_V12D07-075_C1,8
CACCCGGTTTGTGACT-1_V12D07-075_C1,10
CACCCTAACAAGATCT-1_V12D07-075_C1,9
CACCCTTTCCTCGCTC-1_V12D07-075_C1,12
CACCGATACACCGAGC-1_V12D07-075_C1,6
CACCGCCAGAAGGTTT-1_V12D07-075_C1,9
CACCGCCGACCAGCGA-1_V12D07-075_C1,6
CACCGCGTCCACTCTA-1_V12D07-075_C1,1
CACCGGAGATATCTCC-1_V12D07-075_C1,1
CACCGTATCCCATCCG-1_V12D07-075_C1,2
CACCGTTAGGGATCAC-1_V12D07-075_C1,10
CACCGTTGCGCGATAT-1_V12D07-075_C1,10
CACCTAATAGAGTCGT-1_V12D07-075_C1,4
CACCTAATCAGTTTAC-1_V12D07-075_C1,8
CACCTCGATGGTGGAC-1_V12D07-075_C1,6
CACCTTGCGAAACTCG-1_V12D07-075_C1,8
CACCTTGGCGCCTTTG-1_V12D07-075_C1,2
CACGAAAGTTAGTCCC-1_V12D07-075_C1,11
CACGACGTAATAGTAA-1_V12D07-075_C1,1
CACGCACAGCGCAGCT-1_V12D07-075_C1,12
CACGCAGCGAGGCTTT-1_V12D07-075_C1,11
CACGCGGAACTGTTGC-1_V12D07-075_C1,2
CACGGACGTGGATGGC-1_V12D07-075_C1,1
CACGGCGCGCCAAAGG-1_V12D07-075_C1,1
CACGGGATTGAGGGTT-1_V12D07-075_C1,11
CACGTCAATCAATGGA-1_V12D07-075_C1,2
CACGTCGGCAACCTCT-1_V12D07-075_C1,10
CACGTCGGGTTCTAGA-1_V12D07-075_C1,11
CACGTCTATGATGTGG-1_V12D07-075_C1,1
CACGTTCGTGCTCTAG-1_V12D07-075_C1,3
CACGTTTCGTACACAC-1_V12D07-075_C1,2
CACTAAAGTTGCCTAT-1_V12D07-075_C1,11
CACTACGGGAGCTGCC-1_V12D07-075_C1,2
CACTACTCAGTTCTGT-1_V12D07-075_C1,6
CACTCAAGAGCTATGG-1_V12D07-075_C1,9
CACTCAGCTCTTGAGG-1_V12D07-075_C1,6
CACTCCTCTCGGTCGG-1_V12D07-075_C1,8
CACTCGAGCTGAACAA-1_V12D07-075_C1,9
CACTCGGTTAGGAGGA-1_V12D07-075_C1,11
CACTCTTCTGCTAGCC-1_V12D07-075_C1,2
CACTGACGATTGTGGA-1_V12D07-075_C1,9
CACTGTCCAAGTGAGA-1_V12D07-075_C1,11
CACTTAATCAGACGGA-1_V12D07-075_C1,11
CACTTCGCCACAGGCT-1_V12D07-075_C1,11
CACTTCGTCTTATCTC-1_V12D07-075_C1,11
CAGAACTTAGCCCTCT-1_V12D07-075_C1,7
CAGAATAACACACGGA-1_V12D07-075_C1,2
CAGAATATTCGTTATC-1_V12D07-075_C1,8
CAGACACCGATCGCTG-1_V12D07-075_C1,5
CAGACCTGTAAGTGTT-1_V12D07-075_C1,3
CAGACGAACCTGATAC-1_V12D07-075_C1,5
CAGAGACGGTCACCCA-1_V12D07-075_C1,5
CAGAGCATGAGCTTGC-1_V12D07-075_C1,9
CAGAGCGATGGATGCT-1_V12D07-075_C1,5
CAGAGGCGATGCATGA-1_V12D07-075_C1,10
CAGAGTGATTTAACGT-1_V12D07-075_C1,6
CAGATAATGGGCGGGT-1_V12D07-075_C1,4
CAGATACTAACATAGT-1_V12D07-075_C1,12
CAGATCATTTAAAGTC-1_V12D07-075_C1,1
CAGCAGCCCGTTCCTT-1_V12D07-075_C1,3
CAGCAGTCCAGACTAT-1_V12D07-075_C1,2
CAGCAGTCTGTGCTGC-1_V12D07-075_C1,2
CAGCCGGGCCCTCTAT-1_V12D07-075_C1,8
CAGCCTCCTGCAGAGG-1_V12D07-075_C1,8
CAGCCTCGATAGCGGT-1_V12D07-075_C1,2
CAGCCTCTCCTCAAGA-1_V12D07-075_C1,1
CAGCGATTCCCTTCAA-1_V12D07-075_C1,10
CAGCGCCAACACGATA-1_V12D07-075_C1,11
CAGCTCACTGAGACAT-1_V12D07-075_C1,9
CAGCTCGACAAGTTAA-1_V12D07-075_C1,3
CAGCTCGTGCTTGTGT-1_V12D07-075_C1,6
CAGCTTAGTAGGTAGC-1_V12D07-075_C1,9
CAGGAAGACTTTATAT-1_V12D07-075_C1,8
CAGGACAGCTGCCCTT-1_V12D07-075_C1,1
CAGGATATATCGTTGT-1_V12D07-075_C1,9
CAGGCAGTCTTACCAG-1_V12D07-075_C1,2
CAGGCCGTTTGGGTGT-1_V12D07-075_C1,5
CAGGCGCCATGCTAGG-1_V12D07-075_C1,9
CAGTAACTATTTATTG-1_V12D07-075_C1,1
CAGTAATCCCTCCCAG-1_V12D07-075_C1,11
CAGTACATTCTCTAAA-1_V12D07-075_C1,8
CAGTAGATGATGTCCG-1_V12D07-075_C1,11
CAGTAGCCCACGCGGT-1_V12D07-075_C1,3
CAGTCGAGGATGCAAT-1_V12D07-075_C1,3
CAGTCTCTCGGCTAAT-1_V12D07-075_C1,6
CAGTCTGTATACTGGG-1_V12D07-075_C1,9
CAGTGAATAAATGACT-1_V12D07-075_C1,8
CAGTGGTTGCACATGA-1_V12D07-075_C1,4
CAGTGTCCGCAGAATG-1_V12D07-075_C1,11
CAGTGTCGGCTGGCCC-1_V12D07-075_C1,9
CAGTTCAAATTGACAC-1_V12D07-075_C1,11
CAGTTCCGCGGGTCGA-1_V12D07-075_C1,11
CAGTTCGAGGACCCGA-1_V12D07-075_C1,9
CATAACGGACAGTCGT-1_V12D07-075_C1,3
CATAAGAAGCTTGGCT-1_V12D07-075_C1,12
CATAATGAGCGGGCGA-1_V12D07-075_C1,6
CATACAAAGCCGAACC-1_V12D07-075_C1,6
CATACACGGTTCCCAC-1_V12D07-075_C1,9
CATACCCGTACCCAGT-1_V12D07-075_C1,11
CATACGGCGTCTGGGC-1_V12D07-075_C1,9
CATACTATGTAATTGT-1_V12D07-075_C1,11
CATACTTAGGCAATAC-1_V12D07-075_C1,1
CATACTTCTTTCTCCG-1_V12D07-075_C1,9
CATAGAGGAGATACTA-1_V12D07-075_C1,2
CATAGCCGCCCGGGAT-1_V12D07-075_C1,7
CATAGCGTTGCCCACC-1_V12D07-075_C1,10
CATAGTACATTGAGAG-1_V12D07-075_C1,8
CATAGTAGCATAGTAG-1_V12D07-075_C1,6
CATAGTCAAATACATA-1_V12D07-075_C1,2
CATAGTCCACAAGAAC-1_V12D07-075_C1,10
CATAGTGGGCACGCCT-1_V12D07-075_C1,5
CATATACTACTGATAA-1_V12D07-075_C1,1
CATATAGGTACAGTCA-1_V12D07-075_C1,9
CATATTATTTGCCCTA-1_V12D07-075_C1,1
CATCAAACTGGCGCCC-1_V12D07-075_C1,1
CATCAACACCTACTAA-1_V12D07-075_C1,11
CATCATCTACCCGGAC-1_V12D07-075_C1,6
CATCATTACCCTGAGG-1_V12D07-075_C1,2
CATCCCGAGATTCATA-1_V12D07-075_C1,5
CATCCGCAGGCCCGAA-1_V12D07-075_C1,11
CATCCTCTCAAAGATC-1_V12D07-075_C1,2
CATCGCCCGCGGCCAA-1_V12D07-075_C1,6
CATCGGACGGGTTAAT-1_V12D07-075_C1,9
CATCGTCCGGTTACTA-1_V12D07-075_C1,11
CATCTACCCGAGAACG-1_V12D07-075_C1,1
CATCTAGTGAAGGGAA-1_V12D07-075_C1,1
CATCTATCCCGTGTCT-1_V12D07-075_C1,8
CATCTGCAGGATCATT-1_V12D07-075_C1,11
CATCTTACACCACCTC-1_V12D07-075_C1,3
CATGAACCGACATTTG-1_V12D07-075_C1,6
CATGAACCTCTTATCA-1_V12D07-075_C1,6
CATGACTTCGCTGAAT-1_V12D07-075_C1,3
CATGAGATGCACTCTC-1_V12D07-075_C1,9
CATGATCGCTTTGAGA-1_V12D07-075_C1,2
CATGATGCACAATTCT-1_V12D07-075_C1,12
CATGATGGAAGTTAGC-1_V12D07-075_C1,2
CATGCATGGAGACCCT-1_V12D07-075_C1,6
CATGCGACCAGTTTAA-1_V12D07-075_C1,3
CATGCGTTAGACAGAA-1_V12D07-075_C1,6
CATGCTGGCTCCAATT-1_V12D07-075_C1,6
CATGGAAATGGGACCA-1_V12D07-075_C1,1
CATGGATTGTCTTCCG-1_V12D07-075_C1,2
CATGGCAGGAAGATCG-1_V12D07-075_C1,6
CATGGCTCCCTATGTC-1_V12D07-075_C1,11
CATGGGTATGCCTTAT-1_V12D07-075_C1,9
CATGGGTCGGGTGTGG-1_V12D07-075_C1,8
CATGGTAAGTAGCGTT-1_V12D07-075_C1,9
CATGGTCTAGATACCG-1_V12D07-075_C1,9
CATGGTTTATTAATCA-1_V12D07-075_C1,2
CATGTAAGAGACATTT-1_V12D07-075_C1,2
CATGTAGGAGCGCCAA-1_V12D07-075_C1,1
CATGTCTCATTTATGG-1_V12D07-075_C1,9
CATTACATAGATTGTG-1_V12D07-075_C1,1
CATTACGCAGGAAGGG-1_V12D07-075_C1,5
CATTACGTCGGCCCGT-1_V12D07-075_C1,6
CATTATGCTTGTTGTG-1_V12D07-075_C1,11
CATTCACTGACAGCTA-1_V12D07-075_C1,6
CATTCCCATTCCGTCG-1_V12D07-075_C1,1
CATTCCCTAAGTACAA-1_V12D07-075_C1,11
CATTCGTCGTAGCGGT-1_V12D07-075_C1,2
CATTGATGAACACGCC-1_V12D07-075_C1,1
CATTGCGAAATGGGCG-1_V12D07-075_C1,5
CATTGCGGGTCAATTC-1_V12D07-075_C1,1
CATTGTGTGCTAGATC-1_V12D07-075_C1,11
CATTTAGCGGACCATG-1_V12D07-075_C1,8
CATTTATCGTTCAAGA-1_V12D07-075_C1,6
CATTTCTAGCAGACTA-1_V12D07-075_C1,11
CATTTGAGTGGTACGT-1_V12D07-075_C1,5
CCAAACAGAACCCTCG-1_V12D07-075_C1,11
CCAAAGCAGTTGGTTG-1_V12D07-075_C1,11
CCAAATAACAAGATTC-1_V12D07-075_C1,3
CCAACGATGCACTGAT-1_V12D07-075_C1,11
CCAACGCTTGCCAGGG-1_V12D07-075_C1,1
CCAACTTGATAGATCC-1_V12D07-075_C1,8
CCAAGAAAGTGGGCGA-1_V12D07-075_C1,5
CCAAGACTTCTGCGAA-1_V12D07-075_C1,8
CCAAGCGTAACTCGTA-1_V12D07-075_C1,2
CCAAGGAACAGAGAGG-1_V12D07-075_C1,6
CCAAGGTTGCCCTTTC-1_V12D07-075_C1,2
CCAAGTTTCTACAGAT-1_V12D07-075_C1,11
CCAATAGATTTCATCT-1_V12D07-075_C1,11
CCAATAGTGCCGTCGA-1_V12D07-075_C1,11
CCAATCGGTAGATCGA-1_V12D07-075_C1,8
CCAATGTCACAGCAAG-1_V12D07-075_C1,11
CCAATTACGGGTCGAG-1_V12D07-075_C1,8
CCAATTGAATGTTAAT-1_V12D07-075_C1,12
CCACAATGTACGTCTT-1_V12D07-075_C1,10
CCACACTGAGATATTA-1_V12D07-075_C1,5
CCACAGCTGAAATCAT-1_V12D07-075_C1,6
CCACAGTACCCATCCT-1_V12D07-075_C1,2
CCACATACTGCACCCA-1_V12D07-075_C1,8
CCACCAACTTTACTGT-1_V12D07-075_C1,10
CCACCCAAGGAAAGTG-1_V12D07-075_C1,5
CCACCTGTATGGAATA-1_V12D07-075_C1,2
CCACGAATTTAACCTC-1_V12D07-075_C1,3
CCACGAGAAGAGAATC-1_V12D07-075_C1,6
CCACGGTGCCCGGTAG-1_V12D07-075_C1,8
CCACGTAAATTAGACT-1_V12D07-075_C1,1
CCACTATCCGGGTCAC-1_V12D07-075_C1,1
CCACTGGTGGCTGGTT-1_V12D07-075_C1,5
CCACTGTTTGGATTAA-1_V12D07-075_C1,2
CCAGAAACTGATGCGA-1_V12D07-075_C1,10
CCAGAAAGCAACTCAT-1_V12D07-075_C1,10
CCAGAGACAAAGCCGG-1_V12D07-075_C1,11
CCAGATAGTTGAGTGA-1_V12D07-075_C1,3
CCAGCCTGGACCAATA-1_V12D07-075_C1,9
CCAGCGGGATCACCAG-1_V12D07-075_C1,1
CCAGCTACGCCTCATA-1_V12D07-075_C1,6
CCAGCTCGAACGCATT-1_V12D07-075_C1,9
CCAGCTGATGGTACTT-1_V12D07-075_C1,5
CCAGCTTCCGCCCGCA-1_V12D07-075_C1,11
CCAGGCTGGCGTCTGA-1_V12D07-075_C1,3
CCAGGGACGTGGCCTC-1_V12D07-075_C1,11
CCAGTAGTCTGATCCA-1_V12D07-075_C1,3
CCAGTCCATTATTCGA-1_V12D07-075_C1,4
CCAGTCTAGACGGCGC-1_V12D07-075_C1,8
CCAGTCTTGTCATAGA-1_V12D07-075_C1,9
CCATAAACAACCCGAC-1_V12D07-075_C1,6
CCATACCTTTACTTGT-1_V12D07-075_C1,3
CCATACTCGCCTCTCC-1_V12D07-075_C1,11
CCATAGGTTGGCGTGG-1_V12D07-075_C1,6
CCATAGTCAGTAACCC-1_V12D07-075_C1,11
CCATATGGAAACTATA-1_V12D07-075_C1,2
CCATATTGGATCATGA-1_V12D07-075_C1,11
CCATCCATACCAAGTC-1_V12D07-075_C1,6
CCATCGCAGTTAAACT-1_V12D07-075_C1,9
CCATCTCACCAGTGAA-1_V12D07-075_C1,3
CCATCTTGTTCACAAT-1_V12D07-075_C1,12
CCATGCCCTAGATTTC-1_V12D07-075_C1,2
CCATGCCTGTTTAGTA-1_V12D07-075_C1,9
CCATGCTCTGCAGGAA-1_V12D07-075_C1,12
CCATGGCCCTTGTACC-1_V12D07-075_C1,11
CCATTAGCGATAATCC-1_V12D07-075_C1,11
CCATTCCCTGCCCACA-1_V12D07-075_C1,11
CCATTGTTTCCTCCAT-1_V12D07-075_C1,1
CCATTTCTACCTATTA-1_V12D07-075_C1,9
CCCAAACATGCTGCTC-1_V12D07-075_C1,5
CCCAACATACGTCGCG-1_V12D07-075_C1,5
CCCAACCACACTAACA-1_V12D07-075_C1,6
CCCAAGTCATTACACT-1_V12D07-075_C1,2
CCCAATTTCACAACTT-1_V12D07-075_C1,5
CCCAGAGGAGGGCGTA-1_V12D07-075_C1,1
CCCAGGTCTGAAGGCT-1_V12D07-075_C1,2
CCCAGTTAAGGCGCCG-1_V12D07-075_C1,1
CCCATATAGGTCGATT-1_V12D07-075_C1,2
CCCGACCATAGTCCGC-1_V12D07-075_C1,8
CCCGAGTTTCTCCGTA-1_V12D07-075_C1,3
CCCGATAGCCTCGCCT-1_V12D07-075_C1,1
CCCGCAGCGCGAACTA-1_V12D07-075_C1,9
CCCGCAGGGCCCAAAG-1_V12D07-075_C1,1
CCCGCCATGCTCCCGT-1_V12D07-075_C1,11
CCCGCGCAATGCACCC-1_V12D07-075_C1,4
CCCGGCTAGGTGAGAA-1_V12D07-075_C1,11
CCCGGGTCGTTCAGGG-1_V12D07-075_C1,2
CCCGGTGGAAGAACCT-1_V12D07-075_C1,7
CCCGTAAGTCTAGGCC-1_V12D07-075_C1,10
CCCGTAGCTGGGAAGA-1_V12D07-075_C1,10
CCCGTCAGCGTCTGAC-1_V12D07-075_C1,8
CCCGTTTCGCAGATGT-1_V12D07-075_C1,2
CCCTACTTGAACAATG-1_V12D07-075_C1,2
CCCTAGTGTCAGGTGT-1_V12D07-075_C1,11
CCCTCAAGCTCTTAGT-1_V12D07-075_C1,11
CCCTCATTCTGGAATT-1_V12D07-075_C1,6
CCCTCCTCGCTCGTAT-1_V12D07-075_C1,2
CCCTGAAATGAGTTGA-1_V12D07-075_C1,11
CCCTGACTAACAAATT-1_V12D07-075_C1,5
CCCTGATGTAACTCGT-1_V12D07-075_C1,11
CCCTGCGCTACGCATA-1_V12D07-075_C1,11
CCCTGGTATGGGCGGC-1_V12D07-075_C1,6
CCCTGTTGGCAAAGAC-1_V12D07-075_C1,11
CCCTTTAATGGAGTTC-1_V12D07-075_C1,2
CCCTTTGACAGGTCTT-1_V12D07-075_C1,9
CCGAAAGTGGTGAGCA-1_V12D07-075_C1,11
CCGAACCTTCCCGGCC-1_V12D07-075_C1,9
CCGAAGGGCGTACCGC-1_V12D07-075_C1,1
CCGAAGTATATTGTTC-1_V12D07-075_C1,11
CCGACAAACACATGAG-1_V12D07-075_C1,12
CCGACAAAGGGAGTGC-1_V12D07-075_C1,11
CCGACAATAGGCCGCC-1_V12D07-075_C1,2
CCGACGTAAACACAAC-1_V12D07-075_C1,1
CCGACTCGCATAGTCT-1_V12D07-075_C1,6
CCGAGAAGTCGCATAA-1_V12D07-075_C1,6
CCGAGCTGTGCTTGTC-1_V12D07-075_C1,1
CCGAGGGATGTTAGGC-1_V12D07-075_C1,6
CCGATATGACGTAAGG-1_V12D07-075_C1,8
CCGATCTCAACCTTAT-1_V12D07-075_C1,3
CCGATTCGAGGGACCC-1_V12D07-075_C1,5
CCGCACAAAGACCAAC-1_V12D07-075_C1,2
CCGCACACGAACGTGT-1_V12D07-075_C1,1
CCGCACGTGACCTCGG-1_V12D07-075_C1,11
CCGCACTTGCAATGAC-1_V12D07-075_C1,2
CCGCATGTGGTACGAT-1_V12D07-075_C1,9
CCGCCGGTCAACACAC-1_V12D07-075_C1,6
CCGCCGTTGAGGATAA-1_V12D07-075_C1,1
CCGCCTGCGAATTGGT-1_V12D07-075_C1,1
CCGCGATTTGGTAGGT-1_V12D07-075_C1,5
CCGCGGAATGCGTCAC-1_V12D07-075_C1,10
CCGCGGGTACGAAGAA-1_V12D07-075_C1,7
CCGCGTAGGTAAGGGC-1_V12D07-075_C1,11
CCGCTATCAGCACCAG-1_V12D07-075_C1,9
CCGCTCTTCCGAACTA-1_V12D07-075_C1,2
CCGCTGGTGCCATTCA-1_V12D07-075_C1,6
CCGCTTACCTCACTCT-1_V12D07-075_C1,10
CCGCTTGCTGACATGG-1_V12D07-075_C1,1
CCGGAAGTTATCAGTC-1_V12D07-075_C1,8
CCGGAATGGTTTCAGT-1_V12D07-075_C1,11
CCGGAGCGTACTTTCT-1_V12D07-075_C1,9
CCGGAGGTCTTATGGT-1_V12D07-075_C1,1
CCGGCACGACCGTTTC-1_V12D07-075_C1,1
CCGGCGCATATTGGAT-1_V12D07-075_C1,6
CCGGGACCCGCAGAGA-1_V12D07-075_C1,6
CCGGGCGGTCTCGTCA-1_V12D07-075_C1,2
CCGGGCTGCTCCATAC-1_V12D07-075_C1,5
CCGGGTTCGAGGTTAC-1_V12D07-075_C1,9
CCGGTAATGGCTAGTC-1_V12D07-075_C1,1
CCGGTGCGAGTGATAG-1_V12D07-075_C1,11
CCGGTTTGTAATTGTG-1_V12D07-075_C1,10
CCGTAAGTTGGTCCCA-1_V12D07-075_C1,2
CCGTACCCAAGCGCCA-1_V12D07-075_C1,6
CCGTAGGAAATCCCTG-1_V12D07-075_C1,2
CCGTAGGGTTGTTTAC-1_V12D07-075_C1,2
CCGTATTAGCGCAGTT-1_V12D07-075_C1,1
CCGTGAGGCATTCATG-1_V12D07-075_C1,1
CCGTGCCCATGACGGC-1_V12D07-075_C1,6
CCGTGGAACGATCCAA-1_V12D07-075_C1,1
CCGTGTTAAATTCCAT-1_V12D07-075_C1,10
CCGTTACGTTAGAACA-1_V12D07-075_C1,8
CCGTTCCGAATCTCGG-1_V12D07-075_C1,5
CCTAAAGGCTGACGCT-1_V12D07-075_C1,8
CCTAAATTAACGGTTC-1_V12D07-075_C1,9
CCTAAATTGTATCCTA-1_V12D07-075_C1,3
CCTAACCCAAACAAGT-1_V12D07-075_C1,2
CCTAACTAAGGCTCTA-1_V12D07-075_C1,8
CCTACAAGTCCGGAAT-1_V12D07-075_C1,1
CCTACGGCTCAGTCGA-1_V12D07-075_C1,7
CCTACTCAACACGATT-1_V12D07-075_C1,2
CCTACTGCTTACACTT-1_V12D07-075_C1,11
CCTAGGCGTAGCGATC-1_V12D07-075_C1,5
CCTAGTTAGTCGCATG-1_V12D07-075_C1,6
CCTATAATGAGTGCCC-1_V12D07-075_C1,9
CCTATACCGTCCTGTC-1_V12D07-075_C1,10
CCTATATTTGTCCTGG-1_V12D07-075_C1,9
CCTATCTATATCGGAA-1_V12D07-075_C1,8
CCTATGAAGTGGTGCC-1_V12D07-075_C1,1
CCTATGGGTTACCGTC-1_V12D07-075_C1,9
CCTATGGTCAAAGCTG-1_V12D07-075_C1,2
CCTATGTCCACTCCAC-1_V12D07-075_C1,2
CCTCACCAATCTTGAC-1_V12D07-075_C1,11
CCTCACCTGAGGGAGC-1_V12D07-075_C1,10
CCTCACCTTAGCATCG-1_V12D07-075_C1,3
CCTCACGTCAGCTAAT-1_V12D07-075_C1,2
CCTCATGCAGCTACGA-1_V12D07-075_C1,6
CCTCCCGACAATCCCT-1_V12D07-075_C1,6
CCTCCGACAATTCAAG-1_V12D07-075_C1,11
CCTCCTGAGCCCACAT-1_V12D07-075_C1,5
CCTCCTGTTGTGTCGT-1_V12D07-075_C1,2
CCTCGAAGTGGACGGG-1_V12D07-075_C1,6
CCTCGCCAGCAAATTA-1_V12D07-075_C1,8
CCTCGCGCGATATAGG-1_V12D07-075_C1,3
CCTCGCGCTGTGCGAT-1_V12D07-075_C1,9
CCTCGGACCGGGATAG-1_V12D07-075_C1,1
CCTCGGATGCTACCTG-1_V12D07-075_C1,11
CCTCGTTACGCCTGTT-1_V12D07-075_C1,1
CCTCTAATCTGCCAAG-1_V12D07-075_C1,8
CCTCTCTCCCATCTAG-1_V12D07-075_C1,11
CCTCTGGCCTAGACGG-1_V12D07-075_C1,6
CCTCTGTACTATTCTA-1_V12D07-075_C1,9
CCTGAACGATATATTC-1_V12D07-075_C1,2
CCTGAATATTTACATA-1_V12D07-075_C1,9
CCTGACAAACTCGCGC-1_V12D07-075_C1,11
CCTGACCACCGATGGT-1_V12D07-075_C1,9
CCTGCCCGTTGTCTAG-1_V12D07-075_C1,11
CCTGCGATAGAACTGT-1_V12D07-075_C1,11
CCTGCGTTCTACGCTT-1_V12D07-075_C1,11
CCTGCTATTTGAGAAG-1_V12D07-075_C1,6
CCTGGAAACGTTCTGC-1_V12D07-075_C1,1
CCTGGCTAGACCCGCC-1_V12D07-075_C1,11
CCTGGTCGAATGTGGG-1_V12D07-075_C1,9
CCTGTAAGACATGATA-1_V12D07-075_C1,11
CCTGTACTCACGCCCA-1_V12D07-075_C1,5
CCTGTCACCCGGGCTC-1_V12D07-075_C1,9
CCTGTCCCTCACGTTA-1_V12D07-075_C1,1
CCTGTCGCCCGTAAAT-1_V12D07-075_C1,9
CCTGTGAAACCGTAAC-1_V12D07-075_C1,11
CCTGTTTGAAGACACG-1_V12D07-075_C1,2
CCTTCAGTTAAAGTGA-1_V12D07-075_C1,10
CCTTCGTATAGAATCC-1_V12D07-075_C1,9
CCTTCTTGATCCAGTG-1_V12D07-075_C1,6
CCTTGACCACTTTATT-1_V12D07-075_C1,2
CCTTTAAGGGAGCACT-1_V12D07-075_C1,5
CCTTTCAATGAAGAAA-1_V12D07-075_C1,3
CGAAACATAGATGGCA-1_V12D07-075_C1,6
CGAAACGCAATTCATG-1_V12D07-075_C1,10
CGAACAGTATGGGCGT-1_V12D07-075_C1,12
CGAACATAGTCAGAAA-1_V12D07-075_C1,1
CGAACCCGCATGCGTC-1_V12D07-075_C1,5
CGAACGCCCAGTGCCG-1_V12D07-075_C1,6
CGAAGACGGTGAGTGC-1_V12D07-075_C1,11
CGAAGCTATAAATTCA-1_V12D07-075_C1,1
CGAAGTTGCTCTGTGT-1_V12D07-075_C1,11
CGAATGACGCATAATG-1_V12D07-075_C1,9
CGAATTCCCGGTTCAA-1_V12D07-075_C1,2
CGACAATTTGATCTAA-1_V12D07-075_C1,2
CGACACCGCTTAAGGA-1_V12D07-075_C1,12
CGACACGCTCCGACAG-1_V12D07-075_C1,2
CGACAGTTCGCGTTAT-1_V12D07-075_C1,11
CGACATGCGATCTTCT-1_V12D07-075_C1,6
CGACTCAGGATGTTAT-1_V12D07-075_C1,8
CGACTTTGTATAGCCT-1_V12D07-075_C1,8
CGAGACCCTAGAGTGT-1_V12D07-075_C1,9
CGAGACTACTGCTGCT-1_V12D07-075_C1,5
CGAGAGATGTGAACCT-1_V12D07-075_C1,12
CGAGAGCTTTCACTAC-1_V12D07-075_C1,2
CGAGAGGGTAGCCGCG-1_V12D07-075_C1,2
CGAGATTTCGCTCGGG-1_V12D07-075_C1,1
CGAGCACTTCAAGTTT-1_V12D07-075_C1,11
CGAGCCGAGCACTCGA-1_V12D07-075_C1,11
CGAGCGTTGATCAGCC-1_V12D07-075_C1,6
CGAGCTGGGCTTTAGG-1_V12D07-075_C1,6
CGAGGAGCTTCCATAT-1_V12D07-075_C1,1
CGAGGATCGGGAACGA-1_V12D07-075_C1,1
CGAGGCCAGGCATTGG-1_V12D07-075_C1,11
CGAGGCTAAATATGGC-1_V12D07-075_C1,9
CGAGGGACTGCGGTCG-1_V12D07-075_C1,9
CGAGGGTATCCAGGTG-1_V12D07-075_C1,9
CGAGTACTAAAGAGGA-1_V12D07-075_C1,10
CGAGTGCTATAGTTCG-1_V12D07-075_C1,6
CGAGTTCTGTCCCACC-1_V12D07-075_C1,3
CGAGTTTATCGGACTG-1_V12D07-075_C1,2
CGATAATACTCAGGTT-1_V12D07-075_C1,1
CGATACCTCGCGGACA-1_V12D07-075_C1,11
CGATAGTCGTACTGCA-1_V12D07-075_C1,2
CGATATTAGCCGCAGG-1_V12D07-075_C1,6
CGATCCGACCCAGTGC-1_V12D07-075_C1,9
CGATGGACCCTACGCC-1_V12D07-075_C1,3
CGATTAAATATCTCCT-1_V12D07-075_C1,9
CGATTCGCCTGGCTGC-1_V12D07-075_C1,9
CGCAAACACGAGTTAC-1_V12D07-075_C1,11
CGCAATCGATCATTAG-1_V12D07-075_C1,11
CGCAATTACTTTCGGT-1_V12D07-075_C1,11
CGCAATTAGGGTAATA-1_V12D07-075_C1,12
CGCAATTCTACAATAA-1_V12D07-075_C1,4
CGCACATGTCCACTAC-1_V12D07-075_C1,3
CGCACGTGCGCTATCA-1_V12D07-075_C1,3
CGCAGAAACATTTGCG-1_V12D07-075_C1,6
CGCAGATCTTCACCCG-1_V12D07-075_C1,1
CGCAGGCGATCCAAAC-1_V12D07-075_C1,2
CGCATCATGGCTTCAG-1_V12D07-075_C1,1
CGCATCCATCAGCCAG-1_V12D07-075_C1,1
CGCATGCCGAATGCGT-1_V12D07-075_C1,2
CGCATGGTGCGATGCT-1_V12D07-075_C1,9
CGCATTAGCTAATAGG-1_V12D07-075_C1,9
CGCCAAGAAGCCGAGT-1_V12D07-075_C1,10
CGCCAATTATTGCGTT-1_V12D07-075_C1,11
CGCCACCCGCATTAAC-1_V12D07-075_C1,11
CGCCATCCGATTATGA-1_V12D07-075_C1,8
CGCCCAGCACGCCTAG-1_V12D07-075_C1,5
CGCCCAGCGTTTCACG-1_V12D07-075_C1,2
CGCCCGCTTCCGTACA-1_V12D07-075_C1,8
CGCCCTTGAAGGCTGA-1_V12D07-075_C1,11
CGCCGACTATTCGCTA-1_V12D07-075_C1,11
CGCCGCCCATGCCTGT-1_V12D07-075_C1,2
CGCCGTCTACCCATCG-1_V12D07-075_C1,1
CGCCGTTCAGCATAGT-1_V12D07-075_C1,2
CGCCTCCCTCCTCTAT-1_V12D07-075_C1,9
CGCCTGGCCTACGTAA-1_V12D07-075_C1,10
CGCCTTTAGCATGCTC-1_V12D07-075_C1,1
CGCGAAGTGGCATACT-1_V12D07-075_C1,2
CGCGACACTGCGCAGC-1_V12D07-075_C1,11
CGCGACCGCGACAGAT-1_V12D07-075_C1,9
CGCGAGAGGGACTTGT-1_V12D07-075_C1,1
CGCGCATGTTTGATTG-1_V12D07-075_C1,5
CGCGCCCGACTTAATA-1_V12D07-075_C1,8
CGCGGCAGTATTACGG-1_V12D07-075_C1,11
CGCGGCTCAACTTGAA-1_V12D07-075_C1,2
CGCGGGAATTAGGCAG-1_V12D07-075_C1,3
CGCGGTAAGTCTAGCT-1_V12D07-075_C1,1
CGCGGTACGGTATACA-1_V12D07-075_C1,2
CGCGGTCACAAACCAA-1_V12D07-075_C1,1
CGCGTACATTCTGGAA-1_V12D07-075_C1,1
CGCGTTCATGAAATAC-1_V12D07-075_C1,11
CGCTACGGGACATTTA-1_V12D07-075_C1,5
CGCTAGAGACCGCTGC-1_V12D07-075_C1,3
CGCTATACCGCCCACT-1_V12D07-075_C1,6
CGCTATTCAATGTATG-1_V12D07-075_C1,11
CGCTATTCTTAGGCTC-1_V12D07-075_C1,9
CGCTCGACATAATGAT-1_V12D07-075_C1,12
CGCTCTCCGTAGATTA-1_V12D07-075_C1,11
CGCTGGTGACTACCCT-1_V12D07-075_C1,2
CGCTGTGACGCCGCAC-1_V12D07-075_C1,11
CGCTGTGTGGATGTTG-1_V12D07-075_C1,10
CGCTTAGTATTGATAC-1_V12D07-075_C1,9
CGCTTATTCCCGGTCG-1_V12D07-075_C1,10
CGCTTCCACTGAAATC-1_V12D07-075_C1,11
CGCTTCGGTCTAAGAC-1_V12D07-075_C1,2
CGCTTGGACGGATAGA-1_V12D07-075_C1,2
CGCTTTCATACCGGTG-1_V12D07-075_C1,6
CGCTTTCTTGCATTCG-1_V12D07-075_C1,10
CGGAAAGAATCAAACG-1_V12D07-075_C1,10
CGGAAAGCAAATGTGC-1_V12D07-075_C1,11
CGGAACGTAAACATAG-1_V12D07-075_C1,5
CGGAGCAATTTAATCG-1_V12D07-075_C1,9
CGGAGCATGGCGATCC-1_V12D07-075_C1,9
CGGAGCTTATAACACC-1_V12D07-075_C1,1
CGGAGTTTGAGAGACA-1_V12D07-075_C1,11
CGGATAAGCGGACATG-1_V12D07-075_C1,11
CGGATCCTCAAGGACT-1_V12D07-075_C1,9
CGGCAAACATCGTGCG-1_V12D07-075_C1,9
CGGCAATAAGATCGCC-1_V12D07-075_C1,2
CGGCACCGTTAGCGCC-1_V12D07-075_C1,1
CGGCACTCAAGAAAGT-1_V12D07-075_C1,6
CGGCAGGGTCGGGTTG-1_V12D07-075_C1,10
CGGCCACGCACAAAGT-1_V12D07-075_C1,9
CGGCCAGAGCGACCAT-1_V12D07-075_C1,9
CGGCCCAACCTGTAGT-1_V12D07-075_C1,1
CGGCCCAGGTATATCC-1_V12D07-075_C1,2
CGGCGCCATCAATCCC-1_V12D07-075_C1,2
CGGCTCTAAAGCTGCA-1_V12D07-075_C1,10
CGGCTCTTCGTCGAAC-1_V12D07-075_C1,1
CGGCTTTGTATGATAA-1_V12D07-075_C1,6
CGGGAATATAGTATAC-1_V12D07-075_C1,2
CGGGAATTTATGTAAA-1_V12D07-075_C1,9
CGGGAGCTTCAGTGTA-1_V12D07-075_C1,2
CGGGAGTATACCGCCG-1_V12D07-075_C1,11
CGGGATCAATGTAAGA-1_V12D07-075_C1,12
CGGGCAGCTAAACCGC-1_V12D07-075_C1,9
CGGGCCATAGCCGCAC-1_V12D07-075_C1,11
CGGGCCTTCTTTGTAA-1_V12D07-075_C1,9
CGGGCGATGGATCACG-1_V12D07-075_C1,2
CGGGTGTACCCATTTA-1_V12D07-075_C1,10
CGGGTTCGGCACGTAT-1_V12D07-075_C1,1
CGGGTTTGTTAGGGCT-1_V12D07-075_C1,2
CGGTACTAGAATCAAA-1_V12D07-075_C1,9
CGGTAGAGGTGCAGGT-1_V12D07-075_C1,8
CGGTATAGGTATTAGC-1_V12D07-075_C1,1
CGGTCAAGTGGGAACC-1_V12D07-075_C1,12
CGGTCAGTCCATATTT-1_V12D07-075_C1,3
CGGTCCATGAGACTCC-1_V12D07-075_C1,1
CGGTCCGTCGCAAGCC-1_V12D07-075_C1,9
CGGTCTATCAACCCGT-1_V12D07-075_C1,8
CGGTGAAGACTAAAGT-1_V12D07-075_C1,11
CGGTGCAGATAGAACG-1_V12D07-075_C1,5
CGGTGCGCGTTGGTCC-1_V12D07-075_C1,10
CGGTGGGCTCCAGCCT-1_V12D07-075_C1,1
CGGTGTACTTGATCCC-1_V12D07-075_C1,11
CGGTTATCCAACAGTG-1_V12D07-075_C1,3
CGGTTCAAGTAGGTGT-1_V12D07-075_C1,3
CGGTTCCGGCTTCTTG-1_V12D07-075_C1,6
CGGTTGACCTGGCATA-1_V12D07-075_C1,5
CGGTTGGGTTCAAGTT-1_V12D07-075_C1,1
CGGTTTATGAAGGAAC-1_V12D07-075_C1,1
CGTAAACGCTTGAGTG-1_V12D07-075_C1,4
CGTAACTTCGACACTT-1_V12D07-075_C1,9
CGTAATAATTACGAGT-1_V12D07-075_C1,11
CGTACCGAAAGTCTAG-1_V12D07-075_C1,11
CGTACCTGATAGGCCT-1_V12D07-075_C1,12
CGTAGCGAATTGTCAG-1_V12D07-075_C1,6
CGTAGCGCCGACGTTG-1_V12D07-075_C1,6
CGTATCTAGAACTAAG-1_V12D07-075_C1,2
CGTATTAAGAGATCTA-1_V12D07-075_C1,9
CGTCAAGGCTATAAAT-1_V12D07-075_C1,11
CGTCAATCTTTAACAT-1_V12D07-075_C1,11
CGTCACGTCCATTGGT-1_V12D07-075_C1,5
CGTCAGCTATTTACTC-1_V12D07-075_C1,11
CGTCAGTGCGCACAAG-1_V12D07-075_C1,6
CGTCATACCATATCCA-1_V12D07-075_C1,11
CGTCCAGATGGCTCCA-1_V12D07-075_C1,11
CGTCCTCATCGCGTGC-1_V12D07-075_C1,5
CGTCGCATGTGAGCCA-1_V12D07-075_C1,2
CGTCGCGGCGGGATTT-1_V12D07-075_C1,11
CGTCGGATAGTGTTGA-1_V12D07-075_C1,10
CGTCGTCCTTCGCGAA-1_V12D07-075_C1,9
CGTCTGGAAGGGCCCG-1_V12D07-075_C1,6
CGTCTTGAGTGTGACG-1_V12D07-075_C1,1
CGTGAAGTTAATTCAC-1_V12D07-075_C1,9
CGTGACATTGGGTCGT-1_V12D07-075_C1,8
CGTGACCAGTCCTCTG-1_V12D07-075_C1,9
CGTGCAGACTGGGACA-1_V12D07-075_C1,9
CGTGCATTGTCGACGC-1_V12D07-075_C1,5
CGTGCCCTCCCGAAGA-1_V12D07-075_C1,9
CGTGCTGGCCTAGTCG-1_V12D07-075_C1,11
CGTGGAAGCCTCGTAC-1_V12D07-075_C1,8
CGTGGCCGAATATCTA-1_V12D07-075_C1,2
CGTGTATGGGAGCTGA-1_V12D07-075_C1,2
CGTGTCCCATTCGCGA-1_V12D07-075_C1,11
CGTGTGTTAAACCCTG-1_V12D07-075_C1,1
CGTTAAACTAGTTAGG-1_V12D07-075_C1,3
CGTTAATGTCCCGACG-1_V12D07-075_C1,9
CGTTAGCTCACAACTG-1_V12D07-075_C1,1
CGTTCAGACCCGCGAA-1_V12D07-075_C1,2
CGTTCTTCGCACACCT-1_V12D07-075_C1,1
CGTTGAATACCGCGCT-1_V12D07-075_C1,9
CGTTGAGCGACCGTCG-1_V12D07-075_C1,9
CGTTGAGTAATTGCGT-1_V12D07-075_C1,1
CGTTGCCCGCGTGGGA-1_V12D07-075_C1,5
CGTTGTAAACGTCAGG-1_V12D07-075_C1,7
CGTTGTAAGATTGATT-1_V12D07-075_C1,12
CGTTGTCGGCAATTGA-1_V12D07-075_C1,2
CGTTGTTTCAATTCCC-1_V12D07-075_C1,11
CGTTTAAGCGGAGCAC-1_V12D07-075_C1,6
CGTTTACAAGGCAGCT-1_V12D07-075_C1,1
CGTTTCACTTCGGGCG-1_V12D07-075_C1,8
CGTTTCGCTCATTACA-1_V12D07-075_C1,11
CGTTTGGTGTTGTGGG-1_V12D07-075_C1,2
CGTTTGTGTAGAGGGT-1_V12D07-075_C1,10
CTAAAGAATGCCTACT-1_V12D07-075_C1,11
CTAAAGGGAAATAGGA-1_V12D07-075_C1,9
CTAAATCCTATTCCGG-1_V12D07-075_C1,3
CTAACCGCGCGCCCGT-1_V12D07-075_C1,9
CTAACGAAACTTGCTG-1_V12D07-075_C1,10
CTAACTGATAATCGCC-1_V12D07-075_C1,2
CTAACTGGTCCGGTTC-1_V12D07-075_C1,10
CTAAGGGAATGATTGG-1_V12D07-075_C1,9
CTAAGTACAGGGCTAC-1_V12D07-075_C1,1
CTAATTCGCACGCGCT-1_V12D07-075_C1,11
CTAATTCTCAGATATT-1_V12D07-075_C1,3
CTAATTTCAACAACAC-1_V12D07-075_C1,11
CTACACTCGCAGATGG-1_V12D07-075_C1,2
CTACCCTAAGGTCATA-1_V12D07-075_C1,10
CTACGACTAGCTATAA-1_V12D07-075_C1,5
CTACGCACGGAGTACC-1_V12D07-075_C1,9
CTACGCCATTTCCGAT-1_V12D07-075_C1,8
CTACGTGTTGCCACCA-1_V12D07-075_C1,11
CTACTATCTTTCAGAG-1_V12D07-075_C1,10
CTACTCAAGGTATAGT-1_V12D07-075_C1,10
CTACTCTAGGCCCGGC-1_V12D07-075_C1,7
CTACTGCCACCTGACC-1_V12D07-075_C1,9
CTAGACATATATGTAG-1_V12D07-075_C1,1
CTAGACTGCATTTCGT-1_V12D07-075_C1,1
CTAGATAAACTCCTCG-1_V12D07-075_C1,11
CTAGATGTGAGTGTAA-1_V12D07-075_C1,3
CTAGATTTACGACGGC-1_V12D07-075_C1,9
CTAGCATAGTATAATG-1_V12D07-075_C1,9
CTAGCCACAGGCGAGC-1_V12D07-075_C1,2
CTAGCCGATGTTATGA-1_V12D07-075_C1,8
CTAGCTTAATGGTCCC-1_V12D07-075_C1,8
CTAGGCGCCCTATCAG-1_V12D07-075_C1,9
CTAGGTCTGAAGGAAT-1_V12D07-075_C1,3
CTAGGTTCGGACGTGA-1_V12D07-075_C1,9
CTAGTAGAAAGGGATT-1_V12D07-075_C1,2
CTAGTATTCGGAATTA-1_V12D07-075_C1,8
CTAGTCACGTCTTAAG-1_V12D07-075_C1,9
CTAGTGAAGGACAGGA-1_V12D07-075_C1,11
CTAGTTACAACCCGGT-1_V12D07-075_C1,9
CTAGTTGGGCCCGGTA-1_V12D07-075_C1,9
CTATAAGAGCCAATCG-1_V12D07-075_C1,3
CTATCGACGAAATACA-1_V12D07-075_C1,2
CTATCGCGTAGAGAAC-1_V12D07-075_C1,2
CTATCGGGTCTCAACA-1_V12D07-075_C1,2
CTATGCCCGAATGCAA-1_V12D07-075_C1,9
CTATGGGAAGCGGAAT-1_V12D07-075_C1,2
CTATGTCACTAGCCCA-1_V12D07-075_C1,9
CTATGTCTATTGAAAC-1_V12D07-075_C1,6
CTATTCATGTGTCCCA-1_V12D07-075_C1,9
CTATTGTGTTTGGTCA-1_V12D07-075_C1,1
CTATTTGCTTGGAGGA-1_V12D07-075_C1,5
CTATTTGGTTACGGAT-1_V12D07-075_C1,2
CTCAACTAACCCGGAT-1_V12D07-075_C1,2
CTCAAGACATTAGCGC-1_V12D07-075_C1,1
CTCACATTTACTAAAT-1_V12D07-075_C1,9
CTCACCAGTACAAGTG-1_V12D07-075_C1,11
CTCACCGATCCAAACT-1_V12D07-075_C1,1
CTCACTGTGATACTTA-1_V12D07-075_C1,2
CTCACTTGGCTGGTAA-1_V12D07-075_C1,10
CTCAGGACTCACCTGT-1_V12D07-075_C1,4
CTCAGTCACGACAAAT-1_V12D07-075_C1,3
CTCATCACTTAGTGAT-1_V12D07-075_C1,1
CTCATGGCTCACAATC-1_V12D07-075_C1,6
CTCATTCGTGAACATC-1_V12D07-075_C1,11
CTCATTGCTCTAACAA-1_V12D07-075_C1,2
CTCATTTGATGGGCGG-1_V12D07-075_C1,8
CTCCCAATGAGTCGCG-1_V12D07-075_C1,3
CTCCGCCCACATGAGG-1_V12D07-075_C1,5
CTCCGGCCTAATATGC-1_V12D07-075_C1,8
CTCCGGCTTGTAGACA-1_V12D07-075_C1,11
CTCCTAAGTTATGTCT-1_V12D07-075_C1,11
CTCCTCCAGCTCACAC-1_V12D07-075_C1,9
CTCCTGTTCAAGGCAG-1_V12D07-075_C1,2
CTCCTTTACGCAAGTC-1_V12D07-075_C1,1
CTCGAATGGAACGTAT-1_V12D07-075_C1,1
CTCGAGATCCAAAGCA-1_V12D07-075_C1,11
CTCGAGGTCGAACAGT-1_V12D07-075_C1,9
CTCGATATTTGCGAGC-1_V12D07-075_C1,8
CTCGCACCTATATAGT-1_V12D07-075_C1,9
CTCGCCGAATGTAGGG-1_V12D07-075_C1,9
CTCGCTAGGTAAGCGA-1_V12D07-075_C1,5
CTCGGGATAACACCTA-1_V12D07-075_C1,1
CTCGGTACCACTGCTC-1_V12D07-075_C1,9
CTCGGTCCGTAGCCTG-1_V12D07-075_C1,6
CTCGTCTGTGCCTTCG-1_V12D07-075_C1,2
CTCGTTTCTAATGTTT-1_V12D07-075_C1,1
CTCTAATGCATTGATC-1_V12D07-075_C1,1
CTCTAGCCCTCGGAAA-1_V12D07-075_C1,2
CTCTATTTGGCTGCAG-1_V12D07-075_C1,9
CTCTCACAATCGATGA-1_V12D07-075_C1,2
CTCTCGCTGTACTATG-1_V12D07-075_C1,11
CTCTGCGAAGCAAGCA-1_V12D07-075_C1,6
CTCTGGACGCCTGGTG-1_V12D07-075_C1,9
CTCTGTTTGAGGATTC-1_V12D07-075_C1,6
CTCTTCTATTGACTGG-1_V12D07-075_C1,2
CTCTTGTCCCGCTTGG-1_V12D07-075_C1,9
CTGAAACGGCCCTCAG-1_V12D07-075_C1,1
CTGAAAGAGATCCGAC-1_V12D07-075_C1,8
CTGAATCCGAGACCTC-1_V12D07-075_C1,5
CTGAATTTATTGCCAG-1_V12D07-075_C1,1
CTGACATAGAAATAGA-1_V12D07-075_C1,8
CTGACTGCGCAGCTCG-1_V12D07-075_C1,3
CTGAGAAAGTTCGGCG-1_V12D07-075_C1,8
CTGAGAGTAGAAATAC-1_V12D07-075_C1,2
CTGAGCAAGTAACAAG-1_V12D07-075_C1,11
CTGAGCGAGACTTATT-1_V12D07-075_C1,1
CTGATAGTGTATCTCA-1_V12D07-075_C1,4
CTGCAAGCACGTTCCG-1_V12D07-075_C1,2
CTGCACAACTACATAT-1_V12D07-075_C1,9
CTGCACCTAGTCCACA-1_V12D07-075_C1,1
CTGCACCTGGAACCGC-1_V12D07-075_C1,6
CTGCACTCCAGTACAG-1_V12D07-075_C1,9
CTGCAGAGAATCAGAG-1_V12D07-075_C1,2
CTGCAGGTGCTCGGCC-1_V12D07-075_C1,11
CTGCCAAGGTTGGAAG-1_V12D07-075_C1,8
CTGCCATGCATCACAT-1_V12D07-075_C1,9
CTGCCCACGAAGCGTT-1_V12D07-075_C1,11
CTGCCTAGCCACCAAG-1_V12D07-075_C1,1
CTGCCTCATATGCAAC-1_V12D07-075_C1,1
CTGCCTTTCTAGTAAA-1_V12D07-075_C1,2
CTGCGGGTGAAATGTT-1_V12D07-075_C1,4
CTGCGGTAGTCACGTG-1_V12D07-075_C1,1
CTGCGTTACGATATAA-1_V12D07-075_C1,8
CTGCTGAGGCCACGAA-1_V12D07-075_C1,10
CTGCTGTCTAACGAGC-1_V12D07-075_C1,8
CTGCTTGGCGATAGCT-1_V12D07-075_C1,9
CTGCTTTATGTCCGCG-1_V12D07-075_C1,1
CTGGAAATGGATGCTT-1_V12D07-075_C1,11
CTGGAAGACACGGTGG-1_V12D07-075_C1,9
CTGGATTTACACTTGA-1_V12D07-075_C1,9
CTGGCGACATAAGTCC-1_V12D07-075_C1,8
CTGGCGCACAGGTCTG-1_V12D07-075_C1,2
CTGGCGGGAATAAGTA-1_V12D07-075_C1,11
CTGGCTCCTGCGGGAT-1_V12D07-075_C1,6
CTGGCTGATTCATCCT-1_V12D07-075_C1,2
CTGGCTGGTTGTCAGT-1_V12D07-075_C1,9
CTGGGATAAATAATGG-1_V12D07-075_C1,2
CTGGGATACGCTACCC-1_V12D07-075_C1,1
CTGGGCCTGCTATATC-1_V12D07-075_C1,10
CTGGGCTATCCTTTGG-1_V12D07-075_C1,1
CTGGGTAGGCAGTTAA-1_V12D07-075_C1,9
CTGGTAAAGACTTACA-1_V12D07-075_C1,5
CTGGTAAAGTGTGGGC-1_V12D07-075_C1,2
CTGGTAACACATAGAA-1_V12D07-075_C1,2
CTGGTAACGAGCTCTT-1_V12D07-075_C1,3
CTGGTCATTCCAATCC-1_V12D07-075_C1,11
CTGGTCCTAACTTGGC-1_V12D07-075_C1,6
CTGGTTCAACGCATCA-1_V12D07-075_C1,6
CTGGTTCGCGAGCTAC-1_V12D07-075_C1,1
CTGGTTTCGAGCAAGA-1_V12D07-075_C1,2
CTGTACTTCTTAGCAT-1_V12D07-075_C1,9
CTGTAGCCATCTCACT-1_V12D07-075_C1,10
CTGTATGGTGTAGAAA-1_V12D07-075_C1,11
CTGTCAAATGGCTCGG-1_V12D07-075_C1,8
CTGTCACGCCAGGCGC-1_V12D07-075_C1,1
CTGTCTGTGGCTGGCT-1_V12D07-075_C1,11
CTGTGCAGGGTAGGTC-1_V12D07-075_C1,9
CTGTGGTCGGGAGATA-1_V12D07-075_C1,12
CTGTTACCCAATCTAG-1_V12D07-075_C1,9
CTGTTCACTGCCTGTG-1_V12D07-075_C1,8
CTGTTCATCTCACGGG-1_V12D07-075_C1,11
CTGTTGGCTCTTCTGA-1_V12D07-075_C1,11
CTTAAATAAGACCCAT-1_V12D07-075_C1,11
CTTAACTTACAGTATA-1_V12D07-075_C1,5
CTTAACTTCGAAGTAC-1_V12D07-075_C1,6
CTTACACGGTATTCCA-1_V12D07-075_C1,11
CTTACACTGGGAAATA-1_V12D07-075_C1,6
CTTACTGACTCCTCTG-1_V12D07-075_C1,2
CTTAGCCCGGATAGTG-1_V12D07-075_C1,11
CTTAGCCTTCCACATG-1_V12D07-075_C1,8
CTTAGTAGGCCTACAG-1_V12D07-075_C1,3
CTTAGTGTAGTAGCAT-1_V12D07-075_C1,9
CTTATAGATGGCTGTT-1_V12D07-075_C1,2
CTTATGTTGACTACCA-1_V12D07-075_C1,7
CTTCAACTCCACTTGG-1_V12D07-075_C1,9
CTTCATAGCTCAAGAA-1_V12D07-075_C1,11
CTTCATTGTCAGTGGA-1_V12D07-075_C1,9
CTTCCGCTCCGTGAAG-1_V12D07-075_C1,5
CTTCGATTGCGCAAGC-1_V12D07-075_C1,2
CTTCGGCCAATTGTTT-1_V12D07-075_C1,3
CTTCGTAGATAGGTGA-1_V12D07-075_C1,11
CTTCTATGTTGAAGTA-1_V12D07-075_C1,10
CTTCTATTAATGCTAG-1_V12D07-075_C1,10
CTTCTTACGTCGTATA-1_V12D07-075_C1,6
CTTGACCCGAAAGATA-1_V12D07-075_C1,6
CTTGAGGTTATCCCGA-1_V12D07-075_C1,7
CTTGAGTTAGGGTAAT-1_V12D07-075_C1,2
CTTGATGACCATCCAG-1_V12D07-075_C1,2
CTTGCCCACCCACGCA-1_V12D07-075_C1,5
CTTGCCCAGGCTCTAC-1_V12D07-075_C1,9
CTTGGCCAAGCTGGGA-1_V12D07-075_C1,9
CTTGTACTTGTTGACT-1_V12D07-075_C1,8
CTTGTCAACATTCGAG-1_V12D07-075_C1,9
CTTGTGAGGACAGCGG-1_V12D07-075_C1,11
CTTGTGAGTCTTTGAC-1_V12D07-075_C1,6
CTTGTGCTCACCGATT-1_V12D07-075_C1,3
CTTGTTGCTGAGTCAA-1_V12D07-075_C1,2
CTTGTTTATGTAGCCA-1_V12D07-075_C1,11
CTTTAACTTTCAAAGG-1_V12D07-075_C1,9
CTTTAATATTGGTCGA-1_V12D07-075_C1,9
CTTTACCGAATAGTAG-1_V12D07-075_C1,9
CTTTAGGAACACTGTT-1_V12D07-075_C1,2
CTTTAGTGCTATTATT-1_V12D07-075_C1,9
CTTTCTGTGCGGGCTT-1_V12D07-075_C1,9
CTTTGCATCGCTCTTG-1_V12D07-075_C1,2
CTTTGCTGTCATGGAT-1_V12D07-075_C1,8
CTTTGGCAGACAGAGT-1_V12D07-075_C1,1
CTTTGGCGCTTTATAC-1_V12D07-075_C1,11
CTTTGGCTTTAGTAAA-1_V12D07-075_C1,11
CTTTGGGATTGTTGCA-1_V12D07-075_C1,10
GAAACAGATGACCACC-1_V12D07-075_C1,2
GAAACAGCCATGCAGT-1_V12D07-075_C1,6
GAAACCATGGTGCGCT-1_V12D07-075_C1,1
GAAACCGAATTACCTT-1_V12D07-075_C1,5
GAAACCTATACAAATG-1_V12D07-075_C1,9
GAAACTCGTGCGATGC-1_V12D07-075_C1,11
GAAACTCTAATGAAGG-1_V12D07-075_C1,7
GAAAGAACAGCGTTAT-1_V12D07-075_C1,3
GAAAGCAGTGCACTTT-1_V12D07-075_C1,5
GAAAGCCCTTTGGACC-1_V12D07-075_C1,11
GAAAGTGACTAACTGC-1_V12D07-075_C1,11
GAAATACCTGCTGGCT-1_V12D07-075_C1,1
GAAATACTAAACGTTT-1_V12D07-075_C1,4
GAAATATCACCATCAG-1_V12D07-075_C1,11
GAAATATGCTTGAATG-1_V12D07-075_C1,1
GAAATCGCGCGCAACT-1_V12D07-075_C1,6
GAAATCTGACCAAGTT-1_V12D07-075_C1,11
GAAATGGCGGTGTTAG-1_V12D07-075_C1,11
GAAATGGGATGTAAAC-1_V12D07-075_C1,7
GAAATTAGCACGGATA-1_V12D07-075_C1,8
GAAATTCACATCGCTG-1_V12D07-075_C1,6
GAAATTGTCTCTATAA-1_V12D07-075_C1,9
GAACAACTGGGATGAA-1_V12D07-075_C1,2
GAACACACATCAACCA-1_V12D07-075_C1,11
GAACAGATTACTAAAT-1_V12D07-075_C1,9
GAACCCTCTGTGTTCT-1_V12D07-075_C1,9
GAACCTCGACCTACAC-1_V12D07-075_C1,10
GAACCTTTAACGATCC-1_V12D07-075_C1,2
GAACGACCGAATGATA-1_V12D07-075_C1,6
GAACGATAAGTTAAAG-1_V12D07-075_C1,1
GAACGCGGGTCACACG-1_V12D07-075_C1,3
GAACGTCTCATGGTCG-1_V12D07-075_C1,10
GAACGTTAGGAAGACG-1_V12D07-075_C1,11
GAACTGTGGAGAGACA-1_V12D07-075_C1,2
GAACTTAGCGCCCGGT-1_V12D07-075_C1,1
GAAGAACGGTGCAGGT-1_V12D07-075_C1,6
GAAGCCACTGATTATG-1_V12D07-075_C1,2
GAAGCCGGGTAAGCTC-1_V12D07-075_C1,11
GAAGCCTGCACATTCC-1_V12D07-075_C1,9
GAAGCGTGAGGAATTT-1_V12D07-075_C1,9
GAAGCTCTTTGCTTAG-1_V12D07-075_C1,11
GAAGCTTGCTGACCGC-1_V12D07-075_C1,11
GAAGGAGTCGAGTGCG-1_V12D07-075_C1,2
GAAGGCTACCATTGTT-1_V12D07-075_C1,1
GAAGGGCATAACCATG-1_V12D07-075_C1,4
GAAGTCAGTTGCACTA-1_V12D07-075_C1,5
GAAGTCTCCCTAGCGA-1_V12D07-075_C1,2
GAAGTGATTTATCGTG-1_V12D07-075_C1,11
GAAGTGCTGGATAGCT-1_V12D07-075_C1,6
GAAGTTTCCACTCAAT-1_V12D07-075_C1,11
GAATAGACGCGACCCA-1_V12D07-075_C1,2
GAATAGCATTTAGGGT-1_V12D07-075_C1,1
GAATAGCCCTGCGGTC-1_V12D07-075_C1,1
GAATATTCGGAGTCCC-1_V12D07-075_C1,8
GAATCGACATGGTCAC-1_V12D07-075_C1,11
GAATCGCCGGACACGG-1_V12D07-075_C1,7
GAATCTGAACATTCTC-1_V12D07-075_C1,9
GAATGAAGGTCTTCAG-1_V12D07-075_C1,1
GAATGCCGAAATGACC-1_V12D07-075_C1,11
GAATGCGAATCGGTTC-1_V12D07-075_C1,2
GAATGGGCTTATCGAC-1_V12D07-075_C1,5
GAATGTATGGCAGGTC-1_V12D07-075_C1,8
GAATGTGGTCCGGATT-1_V12D07-075_C1,9
GAATGTTGGGTAATCT-1_V12D07-075_C1,12
GAATTATAGTGAAAGG-1_V12D07-075_C1,2
GAATTCACCCGGGTGT-1_V12D07-075_C1,9
GAATTTCTCGCTGCAG-1_V12D07-075_C1,4
GACAAACATATGCAGG-1_V12D07-075_C1,2
GACAACGACCATTGAA-1_V12D07-075_C1,8
GACAACGCAGCTTACG-1_V12D07-075_C1,8
GACAAGACGCCCGTGC-1_V12D07-075_C1,5
GACAAGAGATGAGATT-1_V12D07-075_C1,2
GACACAAGGGAAGAAA-1_V12D07-075_C1,12
GACACAGCCGGGACTG-1_V12D07-075_C1,5
GACACGAGTTAGAGGA-1_V12D07-075_C1,4
GACACTGAGTTCAGTG-1_V12D07-075_C1,5
GACACTGGAACCCGAT-1_V12D07-075_C1,2
GACACTTCCAATTACC-1_V12D07-075_C1,2
GACAGCCAGACCTGAC-1_V12D07-075_C1,9
GACAGGCACACACTAT-1_V12D07-075_C1,5
GACATACTGTCGCAGA-1_V12D07-075_C1,4
GACATCCGTCGAACTG-1_V12D07-075_C1,2
GACATCGATTTATAAC-1_V12D07-075_C1,5
GACCAAACGTTGACTG-1_V12D07-075_C1,2
GACCACACTTCCCTTT-1_V12D07-075_C1,2
GACCAGAGCCCTGTAG-1_V12D07-075_C1,11
GACCCGTCGCCGGCTA-1_V12D07-075_C1,6
GACCGACGTGAAAGCA-1_V12D07-075_C1,1
GACCGACTGAAGCGTC-1_V12D07-075_C1,11
GACCGCGTCTGACGTG-1_V12D07-075_C1,3
GACCGTCAGGTCGTGA-1_V12D07-075_C1,8
GACCGTGCTGACGGTG-1_V12D07-075_C1,9
GACCGTTACATGCGAC-1_V12D07-075_C1,11
GACCTGGTCTGGGCGT-1_V12D07-075_C1,11
GACCTTCCACGTCTAC-1_V12D07-075_C1,2
GACGACGATCCGCGTT-1_V12D07-075_C1,9
GACGAGGCTAATAAAC-1_V12D07-075_C1,2
GACGCCGTAAAGGCTA-1_V12D07-075_C1,5
GACGCCTGTTGCAGGG-1_V12D07-075_C1,6
GACGCTTGCTTCTAAA-1_V12D07-075_C1,11
GACGGGTTGGCCCGTA-1_V12D07-075_C1,9
GACGGTCAATAGAAGC-1_V12D07-075_C1,3
GACGGTCCTAGGGTGT-1_V12D07-075_C1,1
GACGTGAGACTCCATG-1_V12D07-075_C1,6
GACGTGTAGGGATTAT-1_V12D07-075_C1,11
GACGTTCGTAAATACA-1_V12D07-075_C1,1
GACTAACACAGCACCT-1_V12D07-075_C1,1
GACTAAGATCATGCAC-1_V12D07-075_C1,8
GACTAAGTAGGCTCAC-1_V12D07-075_C1,11
GACTACAATTGCTCGT-1_V12D07-075_C1,1
GACTAGGCCGTTAGGT-1_V12D07-075_C1,2
GACTCACCCACGTGAG-1_V12D07-075_C1,3
GACTCCCAGAATAAGG-1_V12D07-075_C1,1
GACTCGCGGGAATGAC-1_V12D07-075_C1,3
GACTCGGTCGGCGGAT-1_V12D07-075_C1,1
GACTGATTGGTCACAA-1_V12D07-075_C1,1
GACTGCAAATCGAGCT-1_V12D07-075_C1,9
GACTGCACCAGCCCAG-1_V12D07-075_C1,9
GACTGCGGCACGTGTA-1_V12D07-075_C1,11
GACTGGGCGCCGCAAC-1_V12D07-075_C1,1
GAGAAACTGGATCCCA-1_V12D07-075_C1,2
GAGAACGGTTCTGACT-1_V12D07-075_C1,2
GAGAATCTCACGATCA-1_V12D07-075_C1,11
GAGACCCTGCAACGCC-1_V12D07-075_C1,1
GAGACTGATGGGTAGA-1_V12D07-075_C1,11
GAGACTTCGCGACCGA-1_V12D07-075_C1,9
GAGAGCGCAGTCCCTG-1_V12D07-075_C1,11
GAGAGGCCTATGTGTA-1_V12D07-075_C1,2
GAGAGGGCGCGAGGTT-1_V12D07-075_C1,5
GAGAGGTGCATTCTGG-1_V12D07-075_C1,10
GAGATCTGCTTGGCAT-1_V12D07-075_C1,11
GAGATCTGTCACTCCG-1_V12D07-075_C1,2
GAGATCTTCCATGACA-1_V12D07-075_C1,9
GAGATGACAATCCTTA-1_V12D07-075_C1,1
GAGATGGCTTTAATCA-1_V12D07-075_C1,2
GAGATGGGAGTCGACA-1_V12D07-075_C1,9
GAGCACCTGTGTCCAG-1_V12D07-075_C1,9
GAGCACGGCGCCTCTT-1_V12D07-075_C1,1
GAGCATCATCCCTGGG-1_V12D07-075_C1,6
GAGCCACGGTAGTAGG-1_V12D07-075_C1,6
GAGCCAGCTACCTGTG-1_V12D07-075_C1,12
GAGCCGAGCGTTTATT-1_V12D07-075_C1,1
GAGCGAGGGAGTACCG-1_V12D07-075_C1,6
GAGCGCAAATACTCCG-1_V12D07-075_C1,2
GAGCGCGCACGAGTAG-1_V12D07-075_C1,2
GAGCGGAATGCGGTGT-1_V12D07-075_C1,5
GAGCTAAGGGCATATC-1_V12D07-075_C1,3
GAGCTCTCGGACCTAA-1_V12D07-075_C1,11
GAGCTGTCGTCTCGGA-1_V12D07-075_C1,1
GAGGAATGGAGAGGTT-1_V12D07-075_C1,11
GAGGAGATCCTCATGC-1_V12D07-075_C1,11
GAGGATAAACAGTGCT-1_V12D07-075_C1,1
GAGGCATTTGCAGCAG-1_V12D07-075_C1,1
GAGGCCTGTTGATACA-1_V12D07-075_C1,2
GAGGCTATCAAAGTCG-1_V12D07-075_C1,7
GAGGGCATCGCGTATC-1_V12D07-075_C1,6
GAGGGCGCAGCTCTGC-1_V12D07-075_C1,3
GAGGTACATCCATCTT-1_V12D07-075_C1,6
GAGGTACGCGTGTCCC-1_V12D07-075_C1,2
GAGGTCCCAAAGATCT-1_V12D07-075_C1,11
GAGTAAACCGGAAAGT-1_V12D07-075_C1,8
GAGTAAATTAAGAACC-1_V12D07-075_C1,2
GAGTACGGGTATACAA-1_V12D07-075_C1,6
GAGTAGATACTAGTTG-1_V12D07-075_C1,9
GAGTATCAAAGTTACA-1_V12D07-075_C1,3
GAGTATGCCCGCCTTG-1_V12D07-075_C1,10
GAGTATGCGCGTGCAT-1_V12D07-075_C1,2
GAGTCAGACCAGAATC-1_V12D07-075_C1,10
GAGTCCGCTTACCGGA-1_V12D07-075_C1,9
GAGTCGACAGACCCTC-1_V12D07-075_C1,11
GAGTGTCAACCAGAAA-1_V12D07-075_C1,2
GAGTGTGCGGTACCCA-1_V12D07-075_C1,2
GATAAATCGGTGGATG-1_V12D07-075_C1,6
GATAACTCGCACTGTG-1_V12D07-075_C1,2
GATAAGGCAGATGCAA-1_V12D07-075_C1,6
GATACCGTGTCGGAGT-1_V12D07-075_C1,1
GATACGATGGGAGTCA-1_V12D07-075_C1,5
GATAGAACCCGCTAGG-1_V12D07-075_C1,9
GATAGCGTACCACGCG-1_V12D07-075_C1,11
GATAGGATTAATTACA-1_V12D07-075_C1,1
GATAGGTAACGTTGAC-1_V12D07-075_C1,9
GATAGGTGTCCCGGGC-1_V12D07-075_C1,1
GATATCAGTATGTATC-1_V12D07-075_C1,11
GATATCTCATGCAATA-1_V12D07-075_C1,6
GATATGAGACACTAAC-1_V12D07-075_C1,2
GATATGCGGTAGCCAA-1_V12D07-075_C1,8
GATATGGATTACGCGG-1_V12D07-075_C1,4
GATATTGAGATTGGCG-1_V12D07-075_C1,3
GATATTTCCTACATGG-1_V12D07-075_C1,8
GATCATTCCAAACATT-1_V12D07-075_C1,9
GATCCCTTTATACTGC-1_V12D07-075_C1,9
GATCCGAATATAAGTG-1_V12D07-075_C1,1
GATCCGGGAATTAACA-1_V12D07-075_C1,9
GATCCTAAATCGGGAC-1_V12D07-075_C1,3
GATCCTCTTGCGCTTA-1_V12D07-075_C1,1
GATCGACACTATCTGA-1_V12D07-075_C1,11
GATCGCGGGCTCTCCA-1_V12D07-075_C1,9
GATCGCTACCCGATTT-1_V12D07-075_C1,2
GATCGGCGATAAGTCG-1_V12D07-075_C1,11
GATCGGTGGCCATAAC-1_V12D07-075_C1,9
GATCGTGACTGATATC-1_V12D07-075_C1,5
GATCTCGACGCTGTGG-1_V12D07-075_C1,8
GATCTGCTATCTAAGG-1_V12D07-075_C1,9
GATCTTCATTGTCCTC-1_V12D07-075_C1,11
GATCTTGGAGGGCATA-1_V12D07-075_C1,9
GATCTTTGCAGGGTAT-1_V12D07-075_C1,11
GATCTTTGCTCAAAGA-1_V12D07-075_C1,1
GATGACGATGATCGCG-1_V12D07-075_C1,1
GATGAGGAACCTTCGG-1_V12D07-075_C1,2
GATGCCAGCAGAAGGC-1_V12D07-075_C1,7
GATGCGAATGGTATTA-1_V12D07-075_C1,11
GATGCGTCCTGCATTC-1_V12D07-075_C1,9
GATGCTACAAGCGCCT-1_V12D07-075_C1,6
GATGCTACCTTCGATG-1_V12D07-075_C1,9
GATGCTGTATTTCATC-1_V12D07-075_C1,9
GATGGCGCACACATTA-1_V12D07-075_C1,12
GATGGTGAAATAACCC-1_V12D07-075_C1,1
GATGGTGCCCTAGGCA-1_V12D07-075_C1,6
GATGTCCGGATCACAT-1_V12D07-075_C1,6
GATGTCGGTCAACTGC-1_V12D07-075_C1,6
GATGTGTTGTCACAAG-1_V12D07-075_C1,6
GATGTTCAATCCACGA-1_V12D07-075_C1,5
GATGTTTGTGCGAGAT-1_V12D07-075_C1,4
GATTAACCGAAAGCCC-1_V12D07-075_C1,2
GATTACTGAATTTGGG-1_V12D07-075_C1,5
GATTCCCTTGTCGCAG-1_V12D07-075_C1,9
GATTCCGCGTTTCCGT-1_V12D07-075_C1,6
GATTCCTATACGGCGC-1_V12D07-075_C1,11
GATTCGACGGTTCACG-1_V12D07-075_C1,9
GATTGACACTCTGCTC-1_V12D07-075_C1,6
GATTGGGAAAGGTTGT-1_V12D07-075_C1,2
GCAAACCCTACATTAT-1_V12D07-075_C1,9
GCAAACCTTGGCCATA-1_V12D07-075_C1,9
GCAAACGTCGCCAGGT-1_V12D07-075_C1,8
GCAAATATTACGCTTT-1_V12D07-075_C1,11
GCAAATGAGGACACTT-1_V12D07-075_C1,5
GCAACAGCAGTATGCG-1_V12D07-075_C1,2
GCAACCACCAGACCGG-1_V12D07-075_C1,1
GCAACCACGGCCGCGT-1_V12D07-075_C1,10
GCAACCCAAGTTGTTT-1_V12D07-075_C1,11
GCAACGGCTAGTTATG-1_V12D07-075_C1,1
GCAAGAATTCCTTGGC-1_V12D07-075_C1,10
GCAAGATGTGTTCGCG-1_V12D07-075_C1,1
GCAAGTGCACAGAGAA-1_V12D07-075_C1,11
GCAATTAGTCGCACCG-1_V12D07-075_C1,1
GCACAAACGAGGCGTG-1_V12D07-075_C1,8
GCACAAGTGGATCATA-1_V12D07-075_C1,11
GCACAAGTGTCGGAAG-1_V12D07-075_C1,6
GCACACACTGGTAGCC-1_V12D07-075_C1,2
GCACACGCCCATGGTC-1_V12D07-075_C1,11
GCACCTTCCCGAAGGT-1_V12D07-075_C1,2
GCACGCCTACTTAGAT-1_V12D07-075_C1,10
GCACGTGGTTTACTTA-1_V12D07-075_C1,2
GCACTAGTCGCGCTAT-1_V12D07-075_C1,6
GCACTGCCTACCTTTA-1_V12D07-075_C1,2
GCACTGTGCAAATGTA-1_V12D07-075_C1,6
GCAGAAGGTAATCTCC-1_V12D07-075_C1,8
GCAGACCCAGCACGTA-1_V12D07-075_C1,3
GCAGATCCATAAGACT-1_V12D07-075_C1,9
GCAGATCCTCGCAAAT-1_V12D07-075_C1,11
GCAGATTAGGGATATC-1_V12D07-075_C1,9
GCAGCACACAGCCCAG-1_V12D07-075_C1,11
GCAGCCTATATCACAT-1_V12D07-075_C1,1
GCAGCGGTGGGCATTA-1_V12D07-075_C1,6
GCAGCTATGGACAGGT-1_V12D07-075_C1,1
GCAGCTGTCAACGCAT-1_V12D07-075_C1,10
GCAGGACTATAGAATA-1_V12D07-075_C1,11
GCAGGTAGAGTATGGT-1_V12D07-075_C1,8
GCAGTGCGGGCGGATG-1_V12D07-075_C1,3
GCAGTGTGGCTATAGG-1_V12D07-075_C1,9
GCAGTTCGATCCGAGC-1_V12D07-075_C1,3
GCATACGAGGTCTTTA-1_V12D07-075_C1,5
GCATAGAGCACTCAGG-1_V12D07-075_C1,9
GCATCCCTAACTTTGA-1_V12D07-075_C1,11
GCATCGGCCGTGTAGG-1_V12D07-075_C1,2
GCATGACACAAAGGAA-1_V12D07-075_C1,5
GCATGAGGGACGCGGC-1_V12D07-075_C1,10
GCATGCTAATAACGAT-1_V12D07-075_C1,2
GCATGGGTACTGACGC-1_V12D07-075_C1,5
GCATTCAAGGCAACGC-1_V12D07-075_C1,3
GCATTCGAAATGAACA-1_V12D07-075_C1,11
GCATTTCCAAGGCTCC-1_V12D07-075_C1,1
GCCAACCATTTCCGGA-1_V12D07-075_C1,1
GCCAATAGGGCATCTC-1_V12D07-075_C1,8
GCCACAATTTAAGGAC-1_V12D07-075_C1,5
GCCACTCAGAGCGCGA-1_V12D07-075_C1,2
GCCACTCCTTACGGTA-1_V12D07-075_C1,3
GCCAGGAGTAACCGAT-1_V12D07-075_C1,8
GCCAGGCGTTCGCATG-1_V12D07-075_C1,1
GCCAGGCTTAGTGGTA-1_V12D07-075_C1,11
GCCATATTGCACACAG-1_V12D07-075_C1,8
GCCATCGAGCTGCGTG-1_V12D07-075_C1,10
GCCATCGATGCTGCAT-1_V12D07-075_C1,8
GCCCACCAAGGCTGTC-1_V12D07-075_C1,6
GCCCAGATGCTGGAGA-1_V12D07-075_C1,1
GCCCAGTTGGTATGCC-1_V12D07-075_C1,11
GCCCGATCTGTGGTCG-1_V12D07-075_C1,9
GCCCGCGCGTAAACGG-1_V12D07-075_C1,10
GCCCGCGCGTTTGACA-1_V12D07-075_C1,11
GCCCGTAATACCTTCT-1_V12D07-075_C1,3
GCCCTGAGGATGGGCT-1_V12D07-075_C1,2
GCCGAAATTCCTACGT-1_V12D07-075_C1,11
GCCGATTGGCCAAGCT-1_V12D07-075_C1,9
GCCGCACTCCGTTTCA-1_V12D07-075_C1,1
GCCGCATTAGTCCGGC-1_V12D07-075_C1,4
GCCGCTTGTGAGAAAC-1_V12D07-075_C1,11
GCCGGGTTAGGGTCGC-1_V12D07-075_C1,9
GCCGGTCGTATCTCTC-1_V12D07-075_C1,9
GCCGTGGAAGAAATGT-1_V12D07-075_C1,1
GCCTACGTTCTGTGCA-1_V12D07-075_C1,2
GCCTAGCGATCTGACC-1_V12D07-075_C1,11
GCCTATAGTGTCAGGG-1_V12D07-075_C1,10
GCCTATCAGGTAAGAT-1_V12D07-075_C1,3
GCCTATGCTGGGCCTT-1_V12D07-075_C1,1
GCCTATTCCGATATAG-1_V12D07-075_C1,11
GCCTATTTGCTACACA-1_V12D07-075_C1,6
GCCTCATCTGGAAATA-1_V12D07-075_C1,2
GCCTCCGACAATTCAC-1_V12D07-075_C1,2
GCCTCTATACATAGCA-1_V12D07-075_C1,9
GCCTGCTACACTGAGA-1_V12D07-075_C1,1
GCCTTCAGCCCTACCG-1_V12D07-075_C1,6
GCCTTGTATATGCAGT-1_V12D07-075_C1,11
GCGAAACGATCGGGAG-1_V12D07-075_C1,2
GCGAAACTTAACTGGA-1_V12D07-075_C1,9
GCGAAGAATCTGACGG-1_V12D07-075_C1,2
GCGAAGCCATACCCGT-1_V12D07-075_C1,9
GCGACATGTAAACATC-1_V12D07-075_C1,8
GCGACGATAGTTGTAC-1_V12D07-075_C1,9
GCGAGAAACGGGAGTT-1_V12D07-075_C1,11
GCGAGAGGCCATGTAA-1_V12D07-075_C1,1
GCGAGAGTTGCGTCCA-1_V12D07-075_C1,8
GCGAGCGCATGCTCCC-1_V12D07-075_C1,8
GCGAGGCCCGAGCAGA-1_V12D07-075_C1,11
GCGAGTTCTGCAAAGA-1_V12D07-075_C1,9
GCGATGTCTGTGCTTG-1_V12D07-075_C1,11
GCGATTCTGGAAGCAG-1_V12D07-075_C1,6
GCGATTGTTAACGTTA-1_V12D07-075_C1,5
GCGCAAGAGCGCGCTG-1_V12D07-075_C1,2
GCGCATCCAGTCAGCA-1_V12D07-075_C1,10
GCGCCGTTCCACGATA-1_V12D07-075_C1,9
GCGCCTCCCACTCCGA-1_V12D07-075_C1,10
GCGCGGTCTAGTAACT-1_V12D07-075_C1,9
GCGCGTCATTGGTACA-1_V12D07-075_C1,9
GCGCTAATTGAATAGA-1_V12D07-075_C1,2
GCGCTATGCCGAGGCA-1_V12D07-075_C1,5
GCGCTCGATCACCTGT-1_V12D07-075_C1,1
GCGCTGATCCAGACTC-1_V12D07-075_C1,8
GCGCTGCTTTGCATTT-1_V12D07-075_C1,10
GCGCTGGCGGAAAGTC-1_V12D07-075_C1,11
GCGCTTAAATAATTGG-1_V12D07-075_C1,12
GCGGACCGCGTTGTGG-1_V12D07-075_C1,10
GCGGAGAGGGAGAACG-1_V12D07-075_C1,9
GCGGCTCTGACGTACC-1_V12D07-075_C1,5
GCGGCTTTAGCAAGTT-1_V12D07-075_C1,2
GCGGGAACCAGGCCCT-1_V12D07-075_C1,6
GCGGGCATTACGATGC-1_V12D07-075_C1,1
GCGGGCGAGCCTTACC-1_V12D07-075_C1,5
GCGGTAACCCAAATGA-1_V12D07-075_C1,11
GCGGTCCCGGTGAAGG-1_V12D07-075_C1,1
GCGGTCCCTAGACGCA-1_V12D07-075_C1,6
GCGGTGAACTGCGCTC-1_V12D07-075_C1,8
GCGGTGCGGAGCATCG-1_V12D07-075_C1,11
GCGGTTCCCTATCATG-1_V12D07-075_C1,5
GCGTAAATGGCCATAA-1_V12D07-075_C1,3
GCGTCGAAATGTCGGT-1_V12D07-075_C1,6
GCGTCGCCAGGGTGAT-1_V12D07-075_C1,9
GCGTCTAACCTCCTAA-1_V12D07-075_C1,1
GCGTCTCTGCATTGGG-1_V12D07-075_C1,9
GCGTGGTACTGGGTTA-1_V12D07-075_C1,10
GCGTTATATTTGGAAC-1_V12D07-075_C1,11
GCGTTCGGAGACCGGG-1_V12D07-075_C1,1
GCGTTCTGACTAAGCG-1_V12D07-075_C1,3
GCTAAACCTGAGGTGA-1_V12D07-075_C1,11
GCTAACTGAAGTCTGA-1_V12D07-075_C1,9
GCTAAGTAAAGGCGAT-1_V12D07-075_C1,11
GCTAAGTAGTTTCTCT-1_V12D07-075_C1,2
GCTAATACCGAATGCC-1_V12D07-075_C1,12
GCTACAATCGAGGATA-1_V12D07-075_C1,2
GCTACAGTACGGACCG-1_V12D07-075_C1,10
GCTACGACTTATTGGG-1_V12D07-075_C1,9
GCTACTATAGTAGAGT-1_V12D07-075_C1,2
GCTAGACCGTCTACTG-1_V12D07-075_C1,2
GCTAGAGTAGAGATGT-1_V12D07-075_C1,2
GCTAGCACCTGGGCCA-1_V12D07-075_C1,1
GCTAGCAGGGAGTGGG-1_V12D07-075_C1,1
GCTAGCTTGAATAGCT-1_V12D07-075_C1,10
GCTAGGCACCACGGAG-1_V12D07-075_C1,4
GCTAGTAGAGCTTGTA-1_V12D07-075_C1,9
GCTAGTTTCATTGAGG-1_V12D07-075_C1,12
GCTATACGTCTCGGAC-1_V12D07-075_C1,9
GCTATCATACTCATGG-1_V12D07-075_C1,9
GCTATCGCGGCGCAAC-1_V12D07-075_C1,11
GCTCAACCTCTTAGAG-1_V12D07-075_C1,11
GCTCAATGTAATACCG-1_V12D07-075_C1,9
GCTCATTACTGCATGT-1_V12D07-075_C1,1
GCTCCATGAGTGCAGA-1_V12D07-075_C1,3
GCTCCATGCAAAGCAA-1_V12D07-075_C1,9
GCTCCCAGTCGGTCCA-1_V12D07-075_C1,10
GCTCCGCTCGCTTCAG-1_V12D07-075_C1,1
GCTCGCGGTTCCGCTC-1_V12D07-075_C1,11
GCTCGCTCATGTCCAA-1_V12D07-075_C1,2
GCTCGGAATTTAAAGC-1_V12D07-075_C1,8
GCTCTAAACCCTGACG-1_V12D07-075_C1,11
GCTCTATGTTACGTGC-1_V12D07-075_C1,11
GCTCTCGGGTACCGAA-1_V12D07-075_C1,11
GCTCTTTCCGCTAGTG-1_V12D07-075_C1,9
GCTGAACTCTCCAGGG-1_V12D07-075_C1,1
GCTGAGCAACGGTTCT-1_V12D07-075_C1,11
GCTGAGGCGTGAGTAT-1_V12D07-075_C1,9
GCTGCACGGTTTCTTA-1_V12D07-075_C1,9
GCTGCGCCTCCCACGT-1_V12D07-075_C1,11
GCTGCTAAGTAGTCGA-1_V12D07-075_C1,9
GCTGCTACTGCGTAGC-1_V12D07-075_C1,7
GCTGCTCTCCGGACAC-1_V12D07-075_C1,9
GCTGGACCCAAAGTGG-1_V12D07-075_C1,1
GCTGGCAGGTGCCGTG-1_V12D07-075_C1,11
GCTGGCATATTCACCT-1_V12D07-075_C1,11
GCTGGCGGCGCATGCT-1_V12D07-075_C1,9
GCTGGTGACTCGTAGT-1_V12D07-075_C1,1
GCTGTATTACTGGCCC-1_V12D07-075_C1,10
GCTGTTGCTACCGAAC-1_V12D07-075_C1,2
GCTTAATGTAACTAAC-1_V12D07-075_C1,1
GCTTACGTAGTTAGTA-1_V12D07-075_C1,1
GCTTATGAAGCAGGAA-1_V12D07-075_C1,5
GCTTCAGTGGGATTAC-1_V12D07-075_C1,1
GCTTCCAGCTTAGATT-1_V12D07-075_C1,11
GCTTCCGTCCCTAGAC-1_V12D07-075_C1,9
GCTTGATGATAATCAG-1_V12D07-075_C1,11
GCTTGCAGCACAATTG-1_V12D07-075_C1,1
GCTTGGATCGATTAGG-1_V12D07-075_C1,10
GCTTTACACAACTGGG-1_V12D07-075_C1,10
GCTTTCAGAGGAGGTG-1_V12D07-075_C1,10
GCTTTCTATCTCAACT-1_V12D07-075_C1,1
GGAAACCTTGTTGAAT-1_V12D07-075_C1,1
GGAAACTAAATGGGCC-1_V12D07-075_C1,2
GGAAAGTGCCCATGCC-1_V12D07-075_C1,8
GGAACCCGAACAAGAA-1_V12D07-075_C1,11
GGAACCGTGTAAATTG-1_V12D07-075_C1,5
GGAACGGCCTGCAGCC-1_V12D07-075_C1,11
GGAACTTTGGCGATTA-1_V12D07-075_C1,2
GGAAGCTCGCTTACAG-1_V12D07-075_C1,8
GGAATAACCTCAAGAA-1_V12D07-075_C1,6
GGAATGCGCTAGCGTG-1_V12D07-075_C1,3
GGACAACCATGAAGCC-1_V12D07-075_C1,2
GGACAAGTTGCAGTGA-1_V12D07-075_C1,11
GGACACAAGTTTACAC-1_V12D07-075_C1,10
GGACCAACAGGATAAC-1_V12D07-075_C1,9
GGACCTACGGTAACGT-1_V12D07-075_C1,1
GGACGGCTTGCGCAAC-1_V12D07-075_C1,1
GGACGGGCGACCAACC-1_V12D07-075_C1,2
GGACGTCCATAGTTGG-1_V12D07-075_C1,1
GGACTAAGTCAGGAGT-1_V12D07-075_C1,11
GGACTCACAAATTAGG-1_V12D07-075_C1,8
GGACTCGAAGCTTTCA-1_V12D07-075_C1,2
GGACTCTTCCGGTTGA-1_V12D07-075_C1,3
GGACTCTTTGACTAAG-1_V12D07-075_C1,3
GGAGAAGTCATTGGCA-1_V12D07-075_C1,11
GGAGACCAATGTGCTT-1_V12D07-075_C1,1
GGAGACGACACCTTTG-1_V12D07-075_C1,9
GGAGCAACATTTCAAG-1_V12D07-075_C1,2
GGAGCACCAAGAACTA-1_V12D07-075_C1,3
GGAGCGAGGCCTACTT-1_V12D07-075_C1,2
GGAGGATTGAAAGGAG-1_V12D07-075_C1,12
GGAGGCCGAAGTCGTC-1_V12D07-075_C1,1
GGAGGGCTTGGTTGGC-1_V12D07-075_C1,2
GGAGGGTCAAGTAAGA-1_V12D07-075_C1,2
GGAGTACACATGAGCT-1_V12D07-075_C1,11
GGAGTGCCGCCCTGGA-1_V12D07-075_C1,8
GGAGTTGATTCTGTGT-1_V12D07-075_C1,2
GGATACTCATGAATTG-1_V12D07-075_C1,12
GGATCAAAGGACGAGG-1_V12D07-075_C1,6
GGATCATCCCGTACGC-1_V12D07-075_C1,1
GGATCCCTACCAGCTA-1_V12D07-075_C1,7
GGATCCGGAATATACT-1_V12D07-075_C1,2
GGATGAAGATCGCTGA-1_V12D07-075_C1,2
GGATGACGCGAGTTTA-1_V12D07-075_C1,11
GGATGGCTTGAAGTAT-1_V12D07-075_C1,2
GGATGTCCTTACCGCA-1_V12D07-075_C1,5
GGATTAAGCTAAGGTC-1_V12D07-075_C1,1
GGATTCAGTACGGTGG-1_V12D07-075_C1,11
GGATTCCGCTATACCC-1_V12D07-075_C1,8
GGATTGCTGTGACTCC-1_V12D07-075_C1,9
GGATTTCACTTCTATA-1_V12D07-075_C1,3
GGCAAATTACTTTACT-1_V12D07-075_C1,12
GGCAAGCCAGGGATAG-1_V12D07-075_C1,1
GGCAAGCCCATAGTGG-1_V12D07-075_C1,2
GGCAAGGCGAAATAGC-1_V12D07-075_C1,9
GGCAATAGTCAATGAG-1_V12D07-075_C1,2
GGCACTCAGCCGACCC-1_V12D07-075_C1,7
GGCACTCCACTGGGCA-1_V12D07-075_C1,11
GGCACTGCGGTGGTTT-1_V12D07-075_C1,5
GGCAGAGAGATCGGGA-1_V12D07-075_C1,11
GGCAGCAAACCTATGC-1_V12D07-075_C1,2
GGCAGCGGTAATCCTA-1_V12D07-075_C1,1
GGCATACAGGTAGCGG-1_V12D07-075_C1,11
GGCATATCGGTTCTGC-1_V12D07-075_C1,8
GGCATCAACGAGCACG-1_V12D07-075_C1,6
GGCCACACGAAAGCCT-1_V12D07-075_C1,11
GGCCCAATCTAGAGGG-1_V12D07-075_C1,1
GGCCCAGCTGGTTTGC-1_V12D07-075_C1,2
GGCCCAGTTATCAGCA-1_V12D07-075_C1,1
GGCCCGGAGCATGTCT-1_V12D07-075_C1,1
GGCCCGTATACCATGC-1_V12D07-075_C1,1
GGCCCTCACCCACTTA-1_V12D07-075_C1,5
GGCCGCAGGAACCGCA-1_V12D07-075_C1,2
GGCCGGCGTCTGCTAT-1_V12D07-075_C1,2
GGCCGTTTGGGTTTCA-1_V12D07-075_C1,10
GGCCTGCTTCTCCCGA-1_V12D07-075_C1,2
GGCCTTTGCAACTGGC-1_V12D07-075_C1,11
GGCGAAATCTAACTTG-1_V12D07-075_C1,9
GGCGCAGGACATCTTC-1_V12D07-075_C1,5
GGCGCATGAATTGATG-1_V12D07-075_C1,9
GGCGCGTTCGAGTTTA-1_V12D07-075_C1,9
GGCGCTCCTCATCAAT-1_V12D07-075_C1,11
GGCGCTTCATTCCCTG-1_V12D07-075_C1,2
GGCGGAGTAATATTAG-1_V12D07-075_C1,11
GGCGGGCTCTAAGAGT-1_V12D07-075_C1,8
GGCGGTAGGATCATTG-1_V12D07-075_C1,2
GGCGGTTTGCCGGTGC-1_V12D07-075_C1,11
GGCGTAGGGAAAGCTG-1_V12D07-075_C1,2
GGCGTCCTATCCGCTG-1_V12D07-075_C1,11
GGCTAAAGGGCGGGTC-1_V12D07-075_C1,1
GGCTAATGATTGAAAT-1_V12D07-075_C1,1
GGCTATTAAGTTGTAT-1_V12D07-075_C1,12
GGCTCGCGTTGAGGTA-1_V12D07-075_C1,10
GGCTCGTGCCACCAGC-1_V12D07-075_C1,11
GGCTCTGCTCCAACGC-1_V12D07-075_C1,5
GGCTGAAATAGCAAAG-1_V12D07-075_C1,9
GGCTGAGCATCGTAAG-1_V12D07-075_C1,1
GGCTGGCAGCTTTATG-1_V12D07-075_C1,11
GGCTGGCTAGCTTAAA-1_V12D07-075_C1,6
GGCTTGGCTCTCACCT-1_V12D07-075_C1,11
GGCTTTCAATAAGGGT-1_V12D07-075_C1,9
GGGAAAGAATGCCAAC-1_V12D07-075_C1,5
GGGAACGGGAGGTTAG-1_V12D07-075_C1,5
GGGAAGACGGTCTGTC-1_V12D07-075_C1,2
GGGAATGAGCCCTCAC-1_V12D07-075_C1,1
GGGAATTCTGTCCAGT-1_V12D07-075_C1,11
GGGACCCGTATATCTT-1_V12D07-075_C1,5
GGGACTGCATAGATAG-1_V12D07-075_C1,9
GGGAGAACTCACAGTA-1_V12D07-075_C1,9
GGGAGCGACCGTAGTG-1_V12D07-075_C1,2
GGGAGGATGCCCGAAA-1_V12D07-075_C1,9
GGGAGTAATGGCTGGC-1_V12D07-075_C1,11
GGGAGTTAATGAGGCG-1_V12D07-075_C1,2
GGGATACGGTAATAAT-1_V12D07-075_C1,11
GGGATCCCAATACAAA-1_V12D07-075_C1,1
GGGATGGTCGTAACCG-1_V12D07-075_C1,5
GGGATTTACCGCACCT-1_V12D07-075_C1,2
GGGCACGAATTGGCCG-1_V12D07-075_C1,11
GGGCAGAGCAATCGTT-1_V12D07-075_C1,9
GGGCAGTCAACGCCAA-1_V12D07-075_C1,2
GGGCCCGTCTTAAACA-1_V12D07-075_C1,9
GGGCCCTACGAAAGGG-1_V12D07-075_C1,10
GGGCCCTTATCTATAC-1_V12D07-075_C1,11
GGGCCGGCCGAAGTAC-1_V12D07-075_C1,2
GGGCCTATTTAAGTAT-1_V12D07-075_C1,1
GGGCGAATTTCTCCAC-1_V12D07-075_C1,11
GGGCGATATGTGTGAA-1_V12D07-075_C1,9
GGGCGCAGCGTTACTC-1_V12D07-075_C1,1
GGGCGGCAAATGAATT-1_V12D07-075_C1,10
GGGCGGGTTCCCTACG-1_V12D07-075_C1,5
GGGCGGTCCTATTGTC-1_V12D07-075_C1,11
GGGCGTACATTTATAT-1_V12D07-075_C1,8
GGGCGTCACCACGTAA-1_V12D07-075_C1,5
GGGCGTCCACTGGCTC-1_V12D07-075_C1,8
GGGCGTGGTTTCCCAG-1_V12D07-075_C1,2
GGGCTATGATCGATGG-1_V12D07-075_C1,5
GGGCTCATCGAACCCA-1_V12D07-075_C1,8
GGGCTGCCTAGGGCGA-1_V12D07-075_C1,2
GGGCTGGTTAGTCGCG-1_V12D07-075_C1,11
GGGTAATGCTGTGTTT-1_V12D07-075_C1,11
GGGTACACTCTGGAGG-1_V12D07-075_C1,5
GGGTACCCACGGTCCT-1_V12D07-075_C1,11
GGGTACTTCATGAACT-1_V12D07-075_C1,11
GGGTATGTATGCACTT-1_V12D07-075_C1,4
GGGTCACCGTGACGGT-1_V12D07-075_C1,11
GGGTCAGGAGCTAGAT-1_V12D07-075_C1,9
GGGTCATGCGTACCAT-1_V12D07-075_C1,11
GGGTCGTGGCAAGTGT-1_V12D07-075_C1,1
GGGTCTATCGCTTTCC-1_V12D07-075_C1,2
GGGTGACACCTTAACT-1_V12D07-075_C1,9
GGGTGCATATGAAAGC-1_V12D07-075_C1,1
GGGTGGTCCAGCCTGT-1_V12D07-075_C1,6
GGGTGTTTCAGCTATG-1_V12D07-075_C1,6
GGGTTAACATTTGAGT-1_V12D07-075_C1,5
GGGTTCAGACGAACAA-1_V12D07-075_C1,11
GGGTTTAGGATAGGAT-1_V12D07-075_C1,10
GGTAAACTCTGCGCTG-1_V12D07-075_C1,2
GGTAAATGTGCGTTAC-1_V12D07-075_C1,1
GGTAACCGGCAAAGGT-1_V12D07-075_C1,11
GGTAACTATGTATCTG-1_V12D07-075_C1,6
GGTACAAACATGCTAT-1_V12D07-075_C1,9
GGTACACCAGATTTAT-1_V12D07-075_C1,1
GGTACATCTGGGACGA-1_V12D07-075_C1,10
GGTACCATTAAGACGG-1_V12D07-075_C1,3
GGTACGTTGCGGCCGG-1_V12D07-075_C1,2
GGTACTAAGTGCTTTG-1_V12D07-075_C1,8
GGTAGAAGACCGCCTG-1_V12D07-075_C1,9
GGTAGACCGTTGGGCG-1_V12D07-075_C1,5
GGTAGTGCTCGCACCA-1_V12D07-075_C1,2
GGTATAGTGACACATA-1_V12D07-075_C1,1
GGTATGAAAGAACTGA-1_V12D07-075_C1,11
GGTATTGCCGAGTTTA-1_V12D07-075_C1,11
GGTCAAGACTACTTCG-1_V12D07-075_C1,2
GGTCAGTGGGTCCCAC-1_V12D07-075_C1,9
GGTCATTGTAGTCATA-1_V12D07-075_C1,1
GGTCCTTCATACGACT-1_V12D07-075_C1,11
GGTCGGATAAACGGCG-1_V12D07-075_C1,3
GGTCGGCCAGGAGCTT-1_V12D07-075_C1,3
GGTCGGTAATTAGACA-1_V12D07-075_C1,6
GGTCGGTCGTCCACAG-1_V12D07-075_C1,5
GGTCTCCAAGTAGTGC-1_V12D07-075_C1,8
GGTCTCCGTCCAGGTT-1_V12D07-075_C1,2
GGTCTGAGAATCTGGA-1_V12D07-075_C1,3
GGTCTTGAGCGCTCTT-1_V12D07-075_C1,2
GGTCTTGGTGTTAACT-1_V12D07-075_C1,11
GGTGAAACCGGGAATG-1_V12D07-075_C1,6
GGTGAACGGGCTAGCC-1_V12D07-075_C1,6
GGTGAAGTACAGGGAT-1_V12D07-075_C1,10
GGTGACTGATAGAGAG-1_V12D07-075_C1,2
GGTGAGATGCAGATAA-1_V12D07-075_C1,4
GGTGATAAGGAGCAGT-1_V12D07-075_C1,5
GGTGATGAAGGAAGTG-1_V12D07-075_C1,11
GGTGATTTCATCTTGT-1_V12D07-075_C1,6
GGTGCAGAGCCTATCG-1_V12D07-075_C1,1
GGTGCATAAATGATTA-1_V12D07-075_C1,5
GGTGCGGATAAGTGGC-1_V12D07-075_C1,6
GGTGCTGATCACAAAG-1_V12D07-075_C1,7
GGTGCTGGTACACATT-1_V12D07-075_C1,5
GGTGGACCACGTGTTA-1_V12D07-075_C1,1
GGTGGACTGCTCTGGC-1_V12D07-075_C1,9
GGTGGAGGTTGATACG-1_V12D07-075_C1,1
GGTGTAAATCGATTGT-1_V12D07-075_C1,2
GGTGTAGGTAAGTAAA-1_V12D07-075_C1,9
GGTGTTGGGCGTCTTA-1_V12D07-075_C1,8
GGTTACCACCCTCGGG-1_V12D07-075_C1,10
GGTTACCCGACACTTT-1_V12D07-075_C1,1
GGTTAGCTATATGTCT-1_V12D07-075_C1,2
GGTTAGGCTTGGAGAA-1_V12D07-075_C1,11
GGTTAGTTACGGCGCC-1_V12D07-075_C1,11
GGTTCGGATTATACTA-1_V12D07-075_C1,5
GGTTCTACTCGTCTGA-1_V12D07-075_C1,3
GGTTGTGCTCTTGTCC-1_V12D07-075_C1,11
GGTTGTGTAGCCTGGC-1_V12D07-075_C1,11
GGTTTAATTGAGCAGG-1_V12D07-075_C1,1
GGTTTACAATCTCAAT-1_V12D07-075_C1,12
GGTTTAGCCTTTCTTG-1_V12D07-075_C1,2
GGTTTCAATCGGTCAG-1_V12D07-075_C1,10
GGTTTGACAAGAAGCT-1_V12D07-075_C1,1
GGTTTGAGTGCTGGAA-1_V12D07-075_C1,6
GGTTTGTGACCTGAGG-1_V12D07-075_C1,2
GTAACAACTGACCTTG-1_V12D07-075_C1,1
GTAACATCTAAGATAA-1_V12D07-075_C1,2
GTAACTGCCCAAGGAG-1_V12D07-075_C1,5
GTAACTTGCGGCAGTC-1_V12D07-075_C1,12
GTAAGCGGGCAGTCAG-1_V12D07-075_C1,9
GTAAGGATTTGTCGGA-1_V12D07-075_C1,6
GTAAGTAACAGTCTGG-1_V12D07-075_C1,2
GTAAGTAGGGTATACC-1_V12D07-075_C1,11
GTAAGTCCACACTCTA-1_V12D07-075_C1,1
GTAATAAAGGGCTCCC-1_V12D07-075_C1,3
GTAATCTGATTCTTCG-1_V12D07-075_C1,10
GTACACTTACCTGAAG-1_V12D07-075_C1,9
GTACAGAGGCAAGGGT-1_V12D07-075_C1,2
GTACGACGGCGCTGCG-1_V12D07-075_C1,6
GTACGAGATTGCGACA-1_V12D07-075_C1,8
GTACGCTTCATTGCAC-1_V12D07-075_C1,9
GTACGTCACGTATTAA-1_V12D07-075_C1,1
GTACGTTTGCCCGTCA-1_V12D07-075_C1,9
GTACTAAGATTTGGAG-1_V12D07-075_C1,11
GTACTCCCTTATCGCT-1_V12D07-075_C1,11
GTACTCCTGGGTATGC-1_V12D07-075_C1,3
GTACTGAGGTCGTAAC-1_V12D07-075_C1,6
GTACTGCATGAAGCGT-1_V12D07-075_C1,6
GTACTGGAGTTAGACC-1_V12D07-075_C1,2
GTACTTGGGCACTTCT-1_V12D07-075_C1,11
GTAGAAACGGGTGGAG-1_V12D07-075_C1,11
GTAGACAACCGATGAA-1_V12D07-075_C1,6
GTAGACACGCCTGACT-1_V12D07-075_C1,2
GTAGACGTCGTTACAT-1_V12D07-075_C1,6
GTAGCCAAACATGGGA-1_V12D07-075_C1,9
GTAGCGCTGTTGTAGT-1_V12D07-075_C1,6
GTAGCGGCTATACACT-1_V12D07-075_C1,9
GTAGCTTCCTCTTGTT-1_V12D07-075_C1,10
GTAGGTGATCCGTGTA-1_V12D07-075_C1,8
GTAGTCGCGGGAATCA-1_V12D07-075_C1,9
GTAGTCTACGATATTG-1_V12D07-075_C1,2
GTAGTGAGCAACCTCA-1_V12D07-075_C1,5
GTATAATCTCCCGGAT-1_V12D07-075_C1,11
GTATAGGACTCAGTAG-1_V12D07-075_C1,8
GTATCAAACGTTAGCT-1_V12D07-075_C1,2
GTATCAGCTTGGGTTC-1_V12D07-075_C1,11
GTATCCTTTGGTAACC-1_V12D07-075_C1,2
GTATCTTTCATAACCA-1_V12D07-075_C1,9
GTATGACGTGGGAAAC-1_V12D07-075_C1,6
GTATGTGGGTCTAGTT-1_V12D07-075_C1,2
GTATTAAGGCGTCTAA-1_V12D07-075_C1,11
GTATTAGGGTTCGCGT-1_V12D07-075_C1,1
GTATTCTGAGAAACGA-1_V12D07-075_C1,10
GTATTCTTACCGTGCT-1_V12D07-075_C1,11
GTATTTAATGGCATAA-1_V12D07-075_C1,8
GTCAAAGTTTACATAG-1_V12D07-075_C1,11
GTCAACCAGGCCTATA-1_V12D07-075_C1,2
GTCAAGCGGACTCGGG-1_V12D07-075_C1,9
GTCAATGCTATAATTT-1_V12D07-075_C1,1
GTCAATTGTACTGAAG-1_V12D07-075_C1,6
GTCACAAAGTTTCCAA-1_V12D07-075_C1,6
GTCACTCTCCAAATCT-1_V12D07-075_C1,11
GTCAGAATAGTCTATG-1_V12D07-075_C1,12
GTCAGACAGCGTTGGA-1_V12D07-075_C1,11
GTCAGTTGTGCTCGTT-1_V12D07-075_C1,6
GTCAGTTTGGTAGTCG-1_V12D07-075_C1,11
GTCATCTCCTACAGCT-1_V12D07-075_C1,11
GTCATGCACCTCCGTT-1_V12D07-075_C1,9
GTCATGCGCGAGGGCT-1_V12D07-075_C1,2
GTCATGGACATGACTA-1_V12D07-075_C1,9
GTCATTAGAGCGAACG-1_V12D07-075_C1,9
GTCATTGCATTGACCC-1_V12D07-075_C1,11
GTCCAATATTTAGCCT-1_V12D07-075_C1,9
GTCCACGTCGCATTCG-1_V12D07-075_C1,2
GTCCATTACTGCTACG-1_V12D07-075_C1,3
GTCCCAACGTAAAGTA-1_V12D07-075_C1,2
GTCCCGCGACGTTATG-1_V12D07-075_C1,9
GTCCGAGAGCAATCAT-1_V12D07-075_C1,11
GTCCGGACCTGAAATT-1_V12D07-075_C1,9
GTCCGGCTGAATTGCG-1_V12D07-075_C1,12
GTCCGGGTTCACATTA-1_V12D07-075_C1,2
GTCCTACAGGCGGCTC-1_V12D07-075_C1,11
GTCCTACGAATAGTCT-1_V12D07-075_C1,2
GTCCTATTGTTGTGGT-1_V12D07-075_C1,11
GTCCTTCTACAACCCA-1_V12D07-075_C1,11
GTCCTTCTAGTGGGTT-1_V12D07-075_C1,1
GTCCTTTAATGACTTC-1_V12D07-075_C1,1
GTCGATAGGTGACTTT-1_V12D07-075_C1,8
GTCGCCGTTGTGTGTT-1_V12D07-075_C1,10
GTCGCGTAACCCGTTG-1_V12D07-075_C1,9
GTCGGAAGGATACCAG-1_V12D07-075_C1,1
GTCGGATATCTCAGAC-1_V12D07-075_C1,9
GTCGGATGTAGCGCGC-1_V12D07-075_C1,8
GTCGGGAACATGGTAG-1_V12D07-075_C1,5
GTCGGGAAGCAGAAAC-1_V12D07-075_C1,9
GTCGTACCATCTCGGG-1_V12D07-075_C1,9
GTCGTACCTACGATTG-1_V12D07-075_C1,11
GTCGTATTGGCGTACA-1_V12D07-075_C1,8
GTCGTCAATTATAAGG-1_V12D07-075_C1,6
GTCGTCTGGTTGGCTA-1_V12D07-075_C1,1
GTCGTGTCTGGTCATC-1_V12D07-075_C1,1
GTCGTTATTCGCTTAT-1_V12D07-075_C1,9
GTCTACTCAATTACAA-1_V12D07-075_C1,5
GTCTAGTGAGCCGCTT-1_V12D07-075_C1,2
GTCTATCTGAGTTTCT-1_V12D07-075_C1,5
GTCTATTGCATGCTCG-1_V12D07-075_C1,2
GTCTATTGGTTCCGGT-1_V12D07-075_C1,9
GTCTCAAGGCCCGGCT-1_V12D07-075_C1,9
GTCTCCGCCTCAATAC-1_V12D07-075_C1,5
GTCTCGACTAAGTTTG-1_V12D07-075_C1,1
GTCTCGATCTGCTTTC-1_V12D07-075_C1,8
GTCTGGGCGGTCGAGA-1_V12D07-075_C1,5
GTCTTAGTACAGCCGG-1_V12D07-075_C1,8
GTCTTCCTCACCTAAG-1_V12D07-075_C1,11
GTCTTGAGGAGCAGTG-1_V12D07-075_C1,1
GTCTTGTAGCTATTCA-1_V12D07-075_C1,1
GTGAAACGGCGCCACC-1_V12D07-075_C1,8
GTGAAACGTGCTCCAC-1_V12D07-075_C1,6
GTGAACTCCCATTCGA-1_V12D07-075_C1,3
GTGAAGATTTCAAGTG-1_V12D07-075_C1,8
GTGAAGCCGTATAGTC-1_V12D07-075_C1,1
GTGACAGCTTCCCACT-1_V12D07-075_C1,2
GTGACCGCACACTACG-1_V12D07-075_C1,2
GTGACCTAAAGAATAA-1_V12D07-075_C1,1
GTGACGAGGGTGACCC-1_V12D07-075_C1,1
GTGACGCAGGTTTCAT-1_V12D07-075_C1,2
GTGACTTCAGTAGTGC-1_V12D07-075_C1,5
GTGAGCGTGCTGCACT-1_V12D07-075_C1,11
GTGAGGACACTTAAGG-1_V12D07-075_C1,9
GTGAGGAGCGGTTGAG-1_V12D07-075_C1,8
GTGAGTCGACTAATAG-1_V12D07-075_C1,5
GTGAGTCTAAGACGGA-1_V12D07-075_C1,11
GTGAGTGGTACAACGC-1_V12D07-075_C1,5
GTGATCACTAACGCCT-1_V12D07-075_C1,2
GTGATCATAGATCTGC-1_V12D07-075_C1,9
GTGATCCTTGTCATGA-1_V12D07-075_C1,2
GTGATGCACAACATCT-1_V12D07-075_C1,1
GTGATTCGCCGCTCAA-1_V12D07-075_C1,10
GTGCAACAAATGTGGC-1_V12D07-075_C1,6
GTGCACCAGCTTCAAC-1_V12D07-075_C1,9
GTGCACGAAAGTGACT-1_V12D07-075_C1,6
GTGCAGCGTAGAGTAG-1_V12D07-075_C1,8
GTGCCATCACACGGTG-1_V12D07-075_C1,5
GTGCCCGTTCGGATTC-1_V12D07-075_C1,2
GTGCCGCTTCAAAGGT-1_V12D07-075_C1,5
GTGCCTAGCTATGCTT-1_V12D07-075_C1,11
GTGCCTCAGTGTACGG-1_V12D07-075_C1,1
GTGCCTGAGACCAAAC-1_V12D07-075_C1,2
GTGCGAAATCGAACAC-1_V12D07-075_C1,5
GTGCGACAGGGAGTGT-1_V12D07-075_C1,3
GTGCGGGACCATCGGC-1_V12D07-075_C1,12
GTGCGGGTCTCCAAAT-1_V12D07-075_C1,8
GTGCGTGTATATGAGC-1_V12D07-075_C1,1
GTGCTCAAGTACTGTC-1_V12D07-075_C1,11
GTGCTGCAGATAAGGA-1_V12D07-075_C1,11
GTGCTTACATCAGCGC-1_V12D07-075_C1,1
GTGGAACCTACATGCG-1_V12D07-075_C1,8
GTGGACCAACCCGATT-1_V12D07-075_C1,10
GTGGACGCATTTGTCC-1_V12D07-075_C1,4
GTGGACGTGCTGAGAC-1_V12D07-075_C1,11
GTGGAGCATGTCGGCC-1_V12D07-075_C1,1
GTGGAGTCGGCGGTTG-1_V12D07-075_C1,10
GTGGCCTAATATCATT-1_V12D07-075_C1,11
GTGGCTGTTTCTGTTC-1_V12D07-075_C1,2
GTGGGCTTAGACACAC-1_V12D07-075_C1,11
GTGGTATAGTCTGCCG-1_V12D07-075_C1,10
GTGGTCAGCGAAGTAT-1_V12D07-075_C1,12
GTGGTGATGGTTTGTG-1_V12D07-075_C1,8
GTGGTGGCCAAGTGAA-1_V12D07-075_C1,9
GTGGTTACTTCTTTCG-1_V12D07-075_C1,8
GTGGTTTCCGCCTTTC-1_V12D07-075_C1,10
GTGTACCTTGGCTACG-1_V12D07-075_C1,12
GTGTACGAACCGTTCC-1_V12D07-075_C1,1
GTGTATATCAGCGGGC-1_V12D07-075_C1,9
GTGTATGACTTTAAAG-1_V12D07-075_C1,12
GTGTCGTATAGCGTTC-1_V12D07-075_C1,9
GTGTCGTATTCACCTT-1_V12D07-075_C1,1
GTGTGAATAACTTAGG-1_V12D07-075_C1,5
GTGTGTCGACGTCGCT-1_V12D07-075_C1,11
GTGTTACTATGCGTCC-1_V12D07-075_C1,9
GTTAAAGTAGGACTGG-1_V12D07-075_C1,9
GTTAACATCACTTAAA-1_V12D07-075_C1,9
GTTAACTATGTTGTCA-1_V12D07-075_C1,1
GTTAAGGGTGCGATGT-1_V12D07-075_C1,9
GTTAAGTTAGAGTGGG-1_V12D07-075_C1,1
GTTAATGTCTATCTTA-1_V12D07-075_C1,11
GTTACAATTGGTGACG-1_V12D07-075_C1,11
GTTACCAAGGCGTACG-1_V12D07-075_C1,5
GTTACCTACAACTTGC-1_V12D07-075_C1,9
GTTACTTTGGGCCTAG-1_V12D07-075_C1,5
GTTAGAGTGTGCCGCT-1_V12D07-075_C1,6
GTTAGCCCATGACATC-1_V12D07-075_C1,2
GTTAGCCGTAAATCAA-1_V12D07-075_C1,1
GTTATAATACGGTGAA-1_V12D07-075_C1,2
GTTATATCAGGAGCCA-1_V12D07-075_C1,1
GTTATATTATCTCCCT-1_V12D07-075_C1,9
GTTATCAAGCTATCGA-1_V12D07-075_C1,5
GTTATCACCTTCTGAA-1_V12D07-075_C1,6
GTTATTAACGTGGGAG-1_V12D07-075_C1,7
GTTCAAATCAGATGTC-1_V12D07-075_C1,11
GTTCACAGGAGTCTAG-1_V12D07-075_C1,11
GTTCAGTCGCCAAATG-1_V12D07-075_C1,9
GTTCATCGTTTGGCTG-1_V12D07-075_C1,8
GTTCCAGTCTGACCAT-1_V12D07-075_C1,1
GTTCCCGTAAACATAT-1_V12D07-075_C1,2
GTTCGCCATAAGTGCC-1_V12D07-075_C1,9
GTTCGCTGAGACGTCT-1_V12D07-075_C1,2
GTTCGGAGCACTCAAC-1_V12D07-075_C1,2
GTTCGGATCGGGAACA-1_V12D07-075_C1,3
GTTCGGGCGTACCATT-1_V12D07-075_C1,8
GTTCGTCTAAAGAACT-1_V12D07-075_C1,9
GTTCGTCTGGGTCCCT-1_V12D07-075_C1,1
GTTCTTCCCTCGATGT-1_V12D07-075_C1,4
GTTGAACCGGTTCCAT-1_V12D07-075_C1,5
GTTGAGTCCCGCCGGT-1_V12D07-075_C1,9
GTTGCACGGAGTTTCG-1_V12D07-075_C1,11
GTTGCAGTCGACAACA-1_V12D07-075_C1,2
GTTGCGCTAACATTAC-1_V12D07-075_C1,1
GTTGCGGACGGTCAGG-1_V12D07-075_C1,8
GTTGGACCGCATCAGG-1_V12D07-075_C1,1
GTTGGATTCAGTGGCT-1_V12D07-075_C1,1
GTTGGATTGAGAACAC-1_V12D07-075_C1,10
GTTGGATTTGCGTTGG-1_V12D07-075_C1,9
GTTGGTCATGCTATCC-1_V12D07-075_C1,9
GTTGTAGATTTATGAG-1_V12D07-075_C1,5
GTTGTCGTGTTAGTTG-1_V12D07-075_C1,6
GTTGTTACATTGCGCT-1_V12D07-075_C1,1
GTTGTTGCAAGATGGC-1_V12D07-075_C1,2
GTTTACGTTCCATCTG-1_V12D07-075_C1,9
GTTTATGGGATTTAGA-1_V12D07-075_C1,11
GTTTCAAACGAGTTGT-1_V12D07-075_C1,2
GTTTCATATCGTCGCT-1_V12D07-075_C1,10
GTTTCCTGGAGGGTGA-1_V12D07-075_C1,11
GTTTCTAGAGGCGCGG-1_V12D07-075_C1,2
GTTTCTGCAGTCTCCC-1_V12D07-075_C1,9
GTTTGACCAAATCCTA-1_V12D07-075_C1,9
GTTTGGCCCAAGTTAT-1_V12D07-075_C1,9
GTTTGGCCGCTCAGCG-1_V12D07-075_C1,4
GTTTGGGCTTGTGAGC-1_V12D07-075_C1,9
GTTTGGGTTTCGCCCG-1_V12D07-075_C1,2
GTTTGGTAGGGTCAAC-1_V12D07-075_C1,9
TAAACGTCGTCAATGA-1_V12D07-075_C1,11
TAAAGACAACCCTTTA-1_V12D07-075_C1,1
TAAAGAGCCCGAAACC-1_V12D07-075_C1,6
TAAAGCGGTATTTCCA-1_V12D07-075_C1,9
TAAAGCGTTAGGAGAA-1_V12D07-075_C1,3
TAAAGCTGCAATAGGG-1_V12D07-075_C1,1
TAAATCTTTACACCTC-1_V12D07-075_C1,1
TAAATGAATCCGTTTC-1_V12D07-075_C1,11
TAAATGCCGTCTCATG-1_V12D07-075_C1,1
TAAATGGGCTACTGAG-1_V12D07-075_C1,2
TAACAAAGGGAGAAGC-1_V12D07-075_C1,11
TAACAATATTTGTTGC-1_V12D07-075_C1,4
TAACATACAATGTGGG-1_V12D07-075_C1,9
TAACCGCCCGCAGTGC-1_V12D07-075_C1,6
TAACCTACCGTCCGAG-1_V12D07-075_C1,3
TAACCTAGGGAGTCCA-1_V12D07-075_C1,2
TAACGCTTTGAGAGCG-1_V12D07-075_C1,11
TAACTATCGAAGGTCC-1_V12D07-075_C1,11
TAACTATTACGCCAAA-1_V12D07-075_C1,8
TAACTCATCCGCGCGG-1_V12D07-075_C1,5
TAACTCCATGGAGGCT-1_V12D07-075_C1,11
TAAGCAGGCGACACGC-1_V12D07-075_C1,5
TAAGCCCTTACGACCA-1_V12D07-075_C1,1
TAAGGAACTTGTGGGA-1_V12D07-075_C1,11
TAAGGCAACATAAGAT-1_V12D07-075_C1,9
TAAGGCATAACATCAA-1_V12D07-075_C1,5
TAAGGCCCGTCACCCT-1_V12D07-075_C1,9
TAAGGCTGAATCCCTC-1_V12D07-075_C1,2
TAAGGGCCTGTCCGAT-1_V12D07-075_C1,2
TAAGGGCTGGGAGAGG-1_V12D07-075_C1,5
TAAGTAAATGTGCCGC-1_V12D07-075_C1,1
TAAGTAACATCTTGAC-1_V12D07-075_C1,10
TAAGTCGGTGAGCTAG-1_V12D07-075_C1,2
TAAGTTGCGACGTAGG-1_V12D07-075_C1,2
TAATAAACAAGGAGAT-1_V12D07-075_C1,8
TAATACACAGTAGTAT-1_V12D07-075_C1,6
TAATACTAGAACAGAC-1_V12D07-075_C1,2
TAATAGAACAGAGTTA-1_V12D07-075_C1,10
TAATAGCTAAATGATG-1_V12D07-075_C1,1
TAATAGTGACGACCAG-1_V12D07-075_C1,3
TAATATTGAAATTCGC-1_V12D07-075_C1,6
TAATCAACCAAATGGG-1_V12D07-075_C1,8
TAATCGATCCGTACGT-1_V12D07-075_C1,3
TAATGAAAGACCCTTG-1_V12D07-075_C1,11
TAATTACGTCAGTAGA-1_V12D07-075_C1,2
TAATTAGATGGATATG-1_V12D07-075_C1,6
TAATTAGGACATCCGT-1_V12D07-075_C1,10
TAATTCCAATGCTTCA-1_V12D07-075_C1,2
TAATTGGAATCGGGAA-1_V12D07-075_C1,1
TAATTTCCGTCCAGTA-1_V12D07-075_C1,10
TACAACGCACAACTCA-1_V12D07-075_C1,5
TACAAGGGCTTCTTTA-1_V12D07-075_C1,2
TACAAGTCTCGTGCAT-1_V12D07-075_C1,7
TACACCGTCGTTAGTC-1_V12D07-075_C1,1
TACACCTCTTCGAATC-1_V12D07-075_C1,5
TACAGAAACGGTGGGC-1_V12D07-075_C1,9
TACATAGGCATACACC-1_V12D07-075_C1,9
TACATCTTGTTTCTTG-1_V12D07-075_C1,11
TACATGACCTTATCCG-1_V12D07-075_C1,11
TACATGCCGGAATTGT-1_V12D07-075_C1,8
TACATTTCTAACGTGC-1_V12D07-075_C1,9
TACCAAATAGCCCAGA-1_V12D07-075_C1,9
TACCAATAAAGTACCA-1_V12D07-075_C1,9
TACCAGAAGTAGGTTC-1_V12D07-075_C1,5
TACCAGCTAGGTTTAA-1_V12D07-075_C1,6
TACCATGTATTGATTT-1_V12D07-075_C1,8
TACCCTCGGTAACCCT-1_V12D07-075_C1,2
TACCGAATAATTGTAA-1_V12D07-075_C1,2
TACCGCGGACTTGCAG-1_V12D07-075_C1,10
TACCGGCTCACTGCCC-1_V12D07-075_C1,9
TACCGGTCGTTTCCAT-1_V12D07-075_C1,10
TACCGTAGGTTAACTA-1_V12D07-075_C1,9
TACCGTGCCTCGGACC-1_V12D07-075_C1,9
TACCTACTCCCAGTAT-1_V12D07-075_C1,9
TACCTATCCCTAGAGG-1_V12D07-075_C1,5
TACCTCACGCTTGTAC-1_V12D07-075_C1,6
TACCTCAGTTGTCTGT-1_V12D07-075_C1,5
TACCTCTTTACCATCC-1_V12D07-075_C1,2
TACCTGCTGCACTGTG-1_V12D07-075_C1,11
TACGAACACGACTTCA-1_V12D07-075_C1,11
TACGACGCTTGCTGCG-1_V12D07-075_C1,9
TACGACTGCCTCTTAG-1_V12D07-075_C1,9
TACGAGAACTTCACGT-1_V12D07-075_C1,11
TACGATGTTGATCATC-1_V12D07-075_C1,11
TACGCAGTTCTTTCCT-1_V12D07-075_C1,9
TACGCCATATTCTAAT-1_V12D07-075_C1,9
TACGCCGCCTCAGAAG-1_V12D07-075_C1,1
TACGCCTCCATTCCGA-1_V12D07-075_C1,9
TACGCTATAGAAACCT-1_V12D07-075_C1,8
TACGCTCGGTATTGGA-1_V12D07-075_C1,2
TACGGAAGCCAAACCA-1_V12D07-075_C1,2
TACGGCATGGACGCTA-1_V12D07-075_C1,2
TACGGGATGCTAGCAG-1_V12D07-075_C1,8
TACGTAAAGCGGAGTG-1_V12D07-075_C1,2
TACGTGCAAGGTTCCT-1_V12D07-075_C1,1
TACGTGCACTATGCTG-1_V12D07-075_C1,11
TACGTGGGCCCAGGGC-1_V12D07-075_C1,2
TACGTTTACCGGCAAT-1_V12D07-075_C1,5
TACTACGTGCAATGCG-1_V12D07-075_C1,10
TACTATGGTTCCTCAG-1_V12D07-075_C1,10
TACTCGGCACGCCGGG-1_V12D07-075_C1,4
TACTCTCCGAACAAAT-1_V12D07-075_C1,8
TACTCTTACTTTACTG-1_V12D07-075_C1,2
TACTCTTTCGTCTTCA-1_V12D07-075_C1,10
TACTGAACAGATTTAG-1_V12D07-075_C1,10
TACTGCAATCAATTAC-1_V12D07-075_C1,8
TACTGGACAGCTCGGC-1_V12D07-075_C1,11
TACTGTTTCTCTGGTA-1_V12D07-075_C1,8
TACTTAAACATGTACA-1_V12D07-075_C1,2
TACTTGTTAGTAGTCC-1_V12D07-075_C1,10
TACTTTACTGAGCCGG-1_V12D07-075_C1,10
TAGAAACACAATAGTG-1_V12D07-075_C1,11
TAGAAACCACTAAGTA-1_V12D07-075_C1,6
TAGAAAGGTGGCGCTA-1_V12D07-075_C1,3
TAGAAATTCACGTATA-1_V12D07-075_C1,11
TAGAAGAAGGGTTACA-1_V12D07-075_C1,2
TAGAATAGCCGATGAA-1_V12D07-075_C1,2
TAGAATTAAGGGCAAC-1_V12D07-075_C1,6
TAGACGAAACGCCAAT-1_V12D07-075_C1,2
TAGACGCCCGTACCGG-1_V12D07-075_C1,10
TAGACTACCTAGCGTT-1_V12D07-075_C1,3
TAGAGCTACGAAGAAC-1_V12D07-075_C1,6
TAGAGGTTCTACTTGT-1_V12D07-075_C1,2
TAGAGTCTAAGCGAAC-1_V12D07-075_C1,11
TAGATATGGACTGGAA-1_V12D07-075_C1,5
TAGATCCGAAGTCGCA-1_V12D07-075_C1,6
TAGATGGTTCCTTACT-1_V12D07-075_C1,2
TAGATTCCTGGTTATT-1_V12D07-075_C1,11
TAGCAACCTGTCACAA-1_V12D07-075_C1,11
TAGCAGTATGACTAAA-1_V12D07-075_C1,2
TAGCCAGAGGGTCCGG-1_V12D07-075_C1,11
TAGCCATTTCAAAGTC-1_V12D07-075_C1,2
TAGCCGGCGGTCAGCG-1_V12D07-075_C1,5
TAGCGTCCCTCGATTG-1_V12D07-075_C1,10
TAGCGTCCGGTGTGGT-1_V12D07-075_C1,9
TAGCGTCGAATATTGA-1_V12D07-075_C1,11
TAGCGTTGGGTCTTAC-1_V12D07-075_C1,9
TAGCTAAGTCCGGGAG-1_V12D07-075_C1,9
TAGCTAGAAGGCATGA-1_V12D07-075_C1,5
TAGCTAGTGATGATGG-1_V12D07-075_C1,10
TAGCTCAGATCCTAGT-1_V12D07-075_C1,1
TAGCTCGCCTGATAAC-1_V12D07-075_C1,9
TAGGAACAGCCTCCAG-1_V12D07-075_C1,1
TAGGCATGTTACGCCA-1_V12D07-075_C1,8
TAGGCCTATATAGTCT-1_V12D07-075_C1,2
TAGGCTAAAGTGGCAC-1_V12D07-075_C1,2
TAGGGAGCTTGGGATG-1_V12D07-075_C1,3
TAGGGTGTTTCAAGAG-1_V12D07-075_C1,8
TAGGTCCAAGTAAGGA-1_V12D07-075_C1,11
TAGGTCGCCGGAACTG-1_V12D07-075_C1,10
TAGGTGACGATAACCT-1_V12D07-075_C1,2
TAGGTGAGCCCTACTC-1_V12D07-075_C1,11
TAGGTGCTCGCCTAGC-1_V12D07-075_C1,2
TAGGTGTTCCACAGAT-1_V12D07-075_C1,9
TAGGTTCGAGTTCGTC-1_V12D07-075_C1,9
TAGTACCTTAGTGGTC-1_V12D07-075_C1,11
TAGTAGCTTATACCAG-1_V12D07-075_C1,10
TAGTCCCGGAGACCAC-1_V12D07-075_C1,9
TAGTCCGCAGAGAATG-1_V12D07-075_C1,9
TAGTCCGTATGCATAA-1_V12D07-075_C1,11
TAGTCGATCACGGGTT-1_V12D07-075_C1,2
TAGTCGGGATTCTTCG-1_V12D07-075_C1,11
TAGTCTAACAACGAGA-1_V12D07-075_C1,5
TAGTCTGTGACGTTGC-1_V12D07-075_C1,1
TAGTCTTTCCGAATTG-1_V12D07-075_C1,8
TAGTGCCCTCCAGAGT-1_V12D07-075_C1,11
TAGTGCTTGAATCCTT-1_V12D07-075_C1,11
TAGTGTCAGAAACGGC-1_V12D07-075_C1,11
TAGTTAAGATAGGATA-1_V12D07-075_C1,8
TAGTTTATTCTTGCTT-1_V12D07-075_C1,6
TATAAATCCACAAGCT-1_V12D07-075_C1,12
TATAAGTGAGGATAGC-1_V12D07-075_C1,11
TATACACAGACGCCTT-1_V12D07-075_C1,9
TATACACGCAAAGTAT-1_V12D07-075_C1,11
TATACCGAGTGCCACA-1_V12D07-075_C1,8
TATACGCGTCATCACT-1_V12D07-075_C1,9
TATACTCATGCGGCAA-1_V12D07-075_C1,11
TATAGAGTCGCTTGAA-1_V12D07-075_C1,5
TATAGATGGTCGCAGT-1_V12D07-075_C1,2
TATAGGGTACTCATGA-1_V12D07-075_C1,5
TATATCATTGATCAGT-1_V12D07-075_C1,11
TATATCCCTGGGAGGA-1_V12D07-075_C1,3
TATATGCTGGGTTGCC-1_V12D07-075_C1,11
TATATTACAAATGTCG-1_V12D07-075_C1,1
TATATTCGCGTCGATA-1_V12D07-075_C1,6
TATCAAAGGTCTGTAA-1_V12D07-075_C1,11
TATCACCATGTAAAGT-1_V12D07-075_C1,1
TATCACCCAACCGACC-1_V12D07-075_C1,8
TATCACTTCGAGTAAC-1_V12D07-075_C1,1
TATCCAATTGGTTATC-1_V12D07-075_C1,7
TATCCATATCATGCGA-1_V12D07-075_C1,6
TATCCGCACCGTCGGG-1_V12D07-075_C1,5
TATCCTATCAACTGGT-1_V12D07-075_C1,9
TATCCTGCATGGGAAT-1_V12D07-075_C1,6
TATCGATCTATGCATA-1_V12D07-075_C1,8
TATCGATGATTAAACG-1_V12D07-075_C1,11
TATCTACAGAGGTAAT-1_V12D07-075_C1,11
TATCTACCACAGCGGG-1_V12D07-075_C1,9
TATCTAGCCTAAAGGA-1_V12D07-075_C1,11
TATGAAGAATTAAGGT-1_V12D07-075_C1,2
TATGAAGACAGGTGCG-1_V12D07-075_C1,11
TATGATAAATCTAACG-1_V12D07-075_C1,1
TATGATCCGGCACGCC-1_V12D07-075_C1,1
TATGATCTTCTCTTTA-1_V12D07-075_C1,2
TATGATTCTGCTTGGT-1_V12D07-075_C1,6
TATGCTCCCTACTTAC-1_V12D07-075_C1,11
TATGGAGTTTCTCGTT-1_V12D07-075_C1,6
TATGGATGTGCTACGC-1_V12D07-075_C1,11
TATGGCCCGGCCTCGC-1_V12D07-075_C1,11
TATGGCTAGGCTAATT-1_V12D07-075_C1,1
TATGGGACCGAGCAGG-1_V12D07-075_C1,9
TATGGGTACGTATCGT-1_V12D07-075_C1,9
TATGGTCTGAGTAACA-1_V12D07-075_C1,9
TATGGTTAGTGGGAGA-1_V12D07-075_C1,3
TATGTCAAGACCGACT-1_V12D07-075_C1,8
TATGTCTCATTGTGCC-1_V12D07-075_C1,3
TATTAACCTGACCGCG-1_V12D07-075_C1,10
TATTACCATCCTGCTT-1_V12D07-075_C1,2
TATTCAATTCTAATCC-1_V12D07-075_C1,2
TATTCCACTCAGCTCG-1_V12D07-075_C1,9
TATTCCGAGCTGTTAT-1_V12D07-075_C1,9
TATTCCGGCAGTCCTA-1_V12D07-075_C1,6
TATTCCTCCGCCCACT-1_V12D07-075_C1,10
TATTCGTGCCAGAATA-1_V12D07-075_C1,9
TATTGACATTTCTGCC-1_V12D07-075_C1,1
TATTGCCGGGCTTGTA-1_V12D07-075_C1,2
TATTTAGTCTAGATCG-1_V12D07-075_C1,6
TATTTATACCGAGTAG-1_V12D07-075_C1,8
TATTTGATTTGCACAG-1_V12D07-075_C1,3
TATTTGTTACCCTTTA-1_V12D07-075_C1,11
TCAAACAACCGCGTCG-1_V12D07-075_C1,11
TCAAACTTAGATTGTT-1_V12D07-075_C1,9
TCAAATTGTTGTGCCG-1_V12D07-075_C1,2
TCAAATTTGAGACTCA-1_V12D07-075_C1,9
TCAACACATTGGGTAA-1_V12D07-075_C1,6
TCAACATAGCGCCCTA-1_V12D07-075_C1,10
TCAACCATGTTCGGGC-1_V12D07-075_C1,8
TCAACGAGGAGACAAA-1_V12D07-075_C1,9
TCAACGCGACCGGCAG-1_V12D07-075_C1,5
TCAACTAACGTATAAC-1_V12D07-075_C1,11
TCAACTGCAGAGTCAG-1_V12D07-075_C1,2
TCAAGAAATACTAGCT-1_V12D07-075_C1,8
TCAAGCGCGGACGGTA-1_V12D07-075_C1,2
TCAAGGTTACTACACC-1_V12D07-075_C1,2
TCAATACAATTGCTGC-1_V12D07-075_C1,11
TCAATACGCCGTCATG-1_V12D07-075_C1,9
TCAATATACAGGAGGC-1_V12D07-075_C1,5
TCAATCCCGCGCCAAA-1_V12D07-075_C1,5
TCACAAACCGAGGTAC-1_V12D07-075_C1,2
TCACAGATCCTCAAAC-1_V12D07-075_C1,11
TCACAGCAAACTCGAA-1_V12D07-075_C1,5
TCACAGGAGAATAAGA-1_V12D07-075_C1,5
TCACAGGGAATCGCAA-1_V12D07-075_C1,9
TCACAGGTTATTGGGC-1_V12D07-075_C1,11
TCACATCTTATCTGAT-1_V12D07-075_C1,11
TCACCCTCTTAAGATT-1_V12D07-075_C1,9
TCACCGCTCGGCACTC-1_V12D07-075_C1,10
TCACGCATTGTAGATC-1_V12D07-075_C1,11
TCACGGTCATCGCACA-1_V12D07-075_C1,11
TCACGTGCCCGATTCA-1_V12D07-075_C1,9
TCACTACGACCAATGC-1_V12D07-075_C1,1
TCACTATCCCTTCGGT-1_V12D07-075_C1,5
TCACTCGTGCAACGGC-1_V12D07-075_C1,3
TCACTCTTCGTCTGTC-1_V12D07-075_C1,11
TCAGAACCTCCACAGG-1_V12D07-075_C1,8
TCAGACGCTATAGAAG-1_V12D07-075_C1,9
TCAGAGTGTGAGCATG-1_V12D07-075_C1,2
TCAGCAAATGCATCTC-1_V12D07-075_C1,2
TCAGCCAATCCGTAAA-1_V12D07-075_C1,2
TCAGGGCGACTTCCTT-1_V12D07-075_C1,11
TCAGGGCGCAAACTCG-1_V12D07-075_C1,7
TCAGGGTGCACGAAAC-1_V12D07-075_C1,1
TCAGGGTGTAACGTAA-1_V12D07-075_C1,9
TCAGGTTCTTTGAGAA-1_V12D07-075_C1,11
TCAGTACTGACCCGCG-1_V12D07-075_C1,11
TCAGTAGGGACTATAA-1_V12D07-075_C1,5
TCATAAGTCCAAGAAG-1_V12D07-075_C1,2
TCATACTTACAGATCC-1_V12D07-075_C1,11
TCATATGAGCTTTGTT-1_V12D07-075_C1,2
TCATCACTCGAGCTCG-1_V12D07-075_C1,11
TCATCCCAGAGGGTGG-1_V12D07-075_C1,6
TCATCCTCAGCTGCTT-1_V12D07-075_C1,2
TCATCGACGACCGTCG-1_V12D07-075_C1,2
TCATGCAGGTTCTCAT-1_V12D07-075_C1,8
TCATTCGTATAATTTG-1_V12D07-075_C1,1
TCATTTAAGTCTCCGA-1_V12D07-075_C1,3
TCATTTAGAAGTGTGA-1_V12D07-075_C1,2
TCCAACTCAGCTATCT-1_V12D07-075_C1,12
TCCAACTTTAAATTCT-1_V12D07-075_C1,5
TCCAAGCCTAGACACA-1_V12D07-075_C1,2
TCCAATAAAGGCTACC-1_V12D07-075_C1,9
TCCACAATGGTTTACG-1_V12D07-075_C1,11
TCCACATCGTATATTG-1_V12D07-075_C1,2
TCCACCAAGACATAGG-1_V12D07-075_C1,5
TCCACCTCTAGCCTTT-1_V12D07-075_C1,9
TCCACTTTATCTAGGT-1_V12D07-075_C1,2
TCCAGAGCACCGGTTC-1_V12D07-075_C1,9
TCCAGATGTACGCCAA-1_V12D07-075_C1,1
TCCAGCGCTATAAGCG-1_V12D07-075_C1,3
TCCAGGCGAGTACGGT-1_V12D07-075_C1,9
TCCAGGGTATATACGA-1_V12D07-075_C1,9
TCCATTAGTTGGATAG-1_V12D07-075_C1,11
TCCATTGTGACCTCGT-1_V12D07-075_C1,6
TCCCAAACAGACAACG-1_V12D07-075_C1,1
TCCCAAAGACGAAGGA-1_V12D07-075_C1,11
TCCCAAAGCCCTAAAT-1_V12D07-075_C1,1
TCCCACTCTCTTCCGG-1_V12D07-075_C1,8
TCCCAGCACACGACAT-1_V12D07-075_C1,3
TCCCAGCTTTAGTCTG-1_V12D07-075_C1,9
TCCCAGGCTTAGCTAA-1_V12D07-075_C1,11
TCCCGCCTATGTGCGT-1_V12D07-075_C1,1
TCCCGCGTACTCCTGG-1_V12D07-075_C1,9
TCCCGGGTGTGCTGCT-1_V12D07-075_C1,11
TCCCGGTCAGGAATTT-1_V12D07-075_C1,6
TCCCGTCAGTCCCGCA-1_V12D07-075_C1,12
TCCCGTCGCGTCATAG-1_V12D07-075_C1,1
TCCCGTGTGCAATTTG-1_V12D07-075_C1,9
TCCCTAGATCAATAGG-1_V12D07-075_C1,1
TCCCTCTTCTCAAGGG-1_V12D07-075_C1,2
TCCCTGGCTCGCTGGA-1_V12D07-075_C1,11
TCCCTTAGATTACTCG-1_V12D07-075_C1,8
TCCCTTGTCTGAAACT-1_V12D07-075_C1,2
TCCGAACGTTGCCGCT-1_V12D07-075_C1,8
TCCGAACTTGGCTTAC-1_V12D07-075_C1,11
TCCGAAGTAGTCACCA-1_V12D07-075_C1,1
TCCGAATGGTCCTGAG-1_V12D07-075_C1,1
TCCGAGAAGGCTAAGC-1_V12D07-075_C1,12
TCCGATAATTGCCATA-1_V12D07-075_C1,6
TCCGATGACTGAGCTC-1_V12D07-075_C1,8
TCCGATGGTGCGACAT-1_V12D07-075_C1,11
TCCGATTACATTGCCG-1_V12D07-075_C1,11
TCCGCAGCCACCTAGC-1_V12D07-075_C1,11
TCCGCCTGTCTACAAG-1_V12D07-075_C1,9
TCCGCGGCAGCATCTG-1_V12D07-075_C1,5
TCCGCGGCCCAATGAA-1_V12D07-075_C1,2
TCCGCTGTCATCCCGG-1_V12D07-075_C1,9
TCCGCTTATCCCATTA-1_V12D07-075_C1,9
TCCGGAGGAAGGGCTG-1_V12D07-075_C1,1
TCCGGCCTAGCGTACA-1_V12D07-075_C1,3
TCCGGCTGTCGGGTCG-1_V12D07-075_C1,3
TCCGGGCTTGACGGGA-1_V12D07-075_C1,2
TCCGGTTCGTCCGGTC-1_V12D07-075_C1,5
TCCGTAACCACAATCC-1_V12D07-075_C1,11
TCCGTTAAGCTAATAT-1_V12D07-075_C1,2
TCCGTTTAGCCTTGAA-1_V12D07-075_C1,10
TCCTAAAGATTCAGAC-1_V12D07-075_C1,2
TCCTAAATTGGGAAGC-1_V12D07-075_C1,9
TCCTAACCGTCGGGCA-1_V12D07-075_C1,10
TCCTACATCCACGGCC-1_V12D07-075_C1,9
TCCTAGCAAAGAAGCT-1_V12D07-075_C1,5
TCCTATCATAGGTAAC-1_V12D07-075_C1,8
TCCTCGGGCTGGGCTT-1_V12D07-075_C1,9
TCCTCTACGAGATGGC-1_V12D07-075_C1,11
TCCTCTCCAGTTGTCC-1_V12D07-075_C1,11
TCCTCTGGCCCATTAG-1_V12D07-075_C1,1
TCCTGCCAACTGGAGA-1_V12D07-075_C1,1
TCCTGCGTTGATACTC-1_V12D07-075_C1,5
TCCTGGCGCTGCCTGG-1_V12D07-075_C1,1
TCCTTACGACGGTCCG-1_V12D07-075_C1,2
TCCTTCAATCCCTACG-1_V12D07-075_C1,10
TCCTTCAGTGGTCGAA-1_V12D07-075_C1,6
TCCTTGTCCTTTAATT-1_V12D07-075_C1,2
TCCTTTAAATCCGCTT-1_V12D07-075_C1,2
TCCTTTCTTACGCTTA-1_V12D07-075_C1,9
TCGAAATTTAGGACCA-1_V12D07-075_C1,11
TCGAAGAACCGAGCAC-1_V12D07-075_C1,2
TCGAGACCAACACCGT-1_V12D07-075_C1,9
TCGAGGGCAACAGACG-1_V12D07-075_C1,2
TCGATAGGCTAGTCGC-1_V12D07-075_C1,6
TCGCAAAGATGCATTT-1_V12D07-075_C1,9
TCGCACCAGGAGGCAG-1_V12D07-075_C1,9
TCGCACTAACGTTTGT-1_V12D07-075_C1,11
TCGCATAAAGGGCGCA-1_V12D07-075_C1,2
TCGCATCCCTAAGTGT-1_V12D07-075_C1,11
TCGCATTCAATGACTT-1_V12D07-075_C1,6
TCGCCCAACTGACTCC-1_V12D07-075_C1,1
TCGCCCACTGCGAGAG-1_V12D07-075_C1,11
TCGCCGAAGTTGCGTC-1_V12D07-075_C1,10
TCGCCGACATATTCGC-1_V12D07-075_C1,2
TCGCCGGATGGGCAAG-1_V12D07-075_C1,11
TCGCCGGTCGATCCGT-1_V12D07-075_C1,6
TCGCGTAGCAGTGTCC-1_V12D07-075_C1,2
TCGCGTCCAGAAGGTC-1_V12D07-075_C1,11
TCGCTAAACCGCTATC-1_V12D07-075_C1,8
TCGCTACTGGCTTTGA-1_V12D07-075_C1,2
TCGCTCGATATATTCC-1_V12D07-075_C1,9
TCGCTCGGCACCAGCG-1_V12D07-075_C1,1
TCGCTGCCAATGCTGT-1_V12D07-075_C1,2
TCGCTGGGCGGATTGT-1_V12D07-075_C1,2
TCGCTGTGCGTAAATC-1_V12D07-075_C1,11
TCGCTTAATTACGAAG-1_V12D07-075_C1,1
TCGCTTTAAACGTTTG-1_V12D07-075_C1,8
TCGGAATGACCATCAA-1_V12D07-075_C1,6
TCGGAATGCGCTCTGA-1_V12D07-075_C1,11
TCGGACGCCCAGCCCA-1_V12D07-075_C1,2
TCGGAGTACATGAGTA-1_V12D07-075_C1,2
TCGGCAGGGTTAAGGG-1_V12D07-075_C1,5
TCGGCGAACCCAAACC-1_V12D07-075_C1,2
TCGGCTTGTATCGACG-1_V12D07-075_C1,2
TCGGGAACGTGCCTAG-1_V12D07-075_C1,8
TCGGGAGACAGCGTAC-1_V12D07-075_C1,9
TCGGGATTCAAACATA-1_V12D07-075_C1,10
TCGGGCCGTCGTGGTA-1_V12D07-075_C1,2
TCGGGTGAAACTGCTA-1_V12D07-075_C1,6
TCGGTCCCTGACTCCA-1_V12D07-075_C1,1
TCGGTGACCGCTCCGG-1_V12D07-075_C1,1
TCGGTTAGCCATGTAG-1_V12D07-075_C1,1
TCGTAACTCCCAAGAC-1_V12D07-075_C1,2
TCGTAAGACGACATTG-1_V12D07-075_C1,5
TCGTAAGCTCCGAGGA-1_V12D07-075_C1,1
TCGTACCGACGTCAAG-1_V12D07-075_C1,9
TCGTATAGTGCAATTA-1_V12D07-075_C1,6
TCGTATTACCCATTGC-1_V12D07-075_C1,5
TCGTCACACTGTTAGC-1_V12D07-075_C1,7
TCGTCCGCTGGCGTCT-1_V12D07-075_C1,11
TCGTCCGGGTACACTC-1_V12D07-075_C1,1
TCGTCTTAGGCGTTAA-1_V12D07-075_C1,9
TCGTGTACTATGGATG-1_V12D07-075_C1,4
TCGTGTATTGGTCACG-1_V12D07-075_C1,3
TCGTGTTCGACCACAA-1_V12D07-075_C1,2
TCGTTAGGAGTCCCTA-1_V12D07-075_C1,5
TCGTTCGTTATTATGT-1_V12D07-075_C1,6
TCGTTGACAGGGTCCC-1_V12D07-075_C1,11
TCGTTGCTATCCGGTC-1_V12D07-075_C1,10
TCGTTGGCTCGTCAAT-1_V12D07-075_C1,6
TCGTTTACGCGACCCT-1_V12D07-075_C1,2
TCTAACTGTATGTAAA-1_V12D07-075_C1,11
TCTACACGTTCATGCA-1_V12D07-075_C1,1
TCTACCCAATAGAGAG-1_V12D07-075_C1,2
TCTACCGTCCACAAGC-1_V12D07-075_C1,9
TCTAGCAATCTCCGCC-1_V12D07-075_C1,10
TCTAGCATCTTCGATG-1_V12D07-075_C1,11
TCTAGCATGCCCAGAA-1_V12D07-075_C1,9
TCTAGGTGGCGACGCT-1_V12D07-075_C1,3
TCTAGTGATATCGTGG-1_V12D07-075_C1,2
TCTAGTTATCAGAAGA-1_V12D07-075_C1,9
TCTATAGGTGGGTAAT-1_V12D07-075_C1,2
TCTATCATGCAGTTAC-1_V12D07-075_C1,11
TCTATCGGTCGCAACA-1_V12D07-075_C1,9
TCTATGCTATAACGAC-1_V12D07-075_C1,2
TCTATTACGCTGGCGA-1_V12D07-075_C1,11
TCTCAAATCAATCGGG-1_V12D07-075_C1,5
TCTCATGAGATAGGGT-1_V12D07-075_C1,9
TCTCCAACGTAGGTTA-1_V12D07-075_C1,8
TCTCCACAAGTTGAAT-1_V12D07-075_C1,2
TCTCCCTGGGCAGCGT-1_V12D07-075_C1,9
TCTCGAACGAGGTCAC-1_V12D07-075_C1,1
TCTCGACGTATCGCCG-1_V12D07-075_C1,1
TCTCGAGGAGGTTCGC-1_V12D07-075_C1,2
TCTCGGCTCCAGGACT-1_V12D07-075_C1,11
TCTCTAATAGCTGGTA-1_V12D07-075_C1,8
TCTCTCGCCGCACATA-1_V12D07-075_C1,2
TCTGAACCGGTCGGCT-1_V12D07-075_C1,11
TCTGAACTCGTACCCG-1_V12D07-075_C1,2
TCTGAAGCACGTGGTC-1_V12D07-075_C1,9
TCTGAATTCCGTACAA-1_V12D07-075_C1,10
TCTGACGGGCTAACCC-1_V12D07-075_C1,1
TCTGACTGTAATGGTT-1_V12D07-075_C1,11
TCTGAGCAATTGACTG-1_V12D07-075_C1,2
TCTGATCGGGTGCTAG-1_V12D07-075_C1,1
TCTGATGTATTCTGTC-1_V12D07-075_C1,9
TCTGATTGGAAATGGA-1_V12D07-075_C1,1
TCTGCAGATTCGAGTC-1_V12D07-075_C1,11
TCTGCATACCTTGCTT-1_V12D07-075_C1,2
TCTGCCAGAAACTGCA-1_V12D07-075_C1,9
TCTGCGTCCGGTTTCT-1_V12D07-075_C1,11
TCTGCTTAGAACAAGC-1_V12D07-075_C1,8
TCTGGAGCGTAAGAGT-1_V12D07-075_C1,1
TCTGGCCGTTCAAGTT-1_V12D07-075_C1,1
TCTGGCGCAAGCCGGG-1_V12D07-075_C1,11
TCTGGGAACCTTTGAA-1_V12D07-075_C1,2
TCTGGGTAGCGCTCAT-1_V12D07-075_C1,5
TCTGTCATACAAGAGC-1_V12D07-075_C1,11
TCTGTGATGGAGGTTG-1_V12D07-075_C1,1
TCTGTGCCATCATAGT-1_V12D07-075_C1,2
TCTGTTACCCAGCATA-1_V12D07-075_C1,10
TCTTAACTCGGATGTA-1_V12D07-075_C1,11
TCTTACAGAGGTACCG-1_V12D07-075_C1,6
TCTTACCGGAACTCGT-1_V12D07-075_C1,8
TCTTACGGCATCCGAC-1_V12D07-075_C1,11
TCTTACTTATGCCTCT-1_V12D07-075_C1,2
TCTTAGAGCTCCAATT-1_V12D07-075_C1,3
TCTTAGAGTGAACTCT-1_V12D07-075_C1,2
TCTTCCCATGGGCACA-1_V12D07-075_C1,10
TCTTCGAATAGACGTT-1_V12D07-075_C1,9
TCTTCGATACCAATAA-1_V12D07-075_C1,9
TCTTCGCGGTGAGAGG-1_V12D07-075_C1,2
TCTTCTATAACCCGCC-1_V12D07-075_C1,10
TCTTGATGCGTAGCGA-1_V12D07-075_C1,2
TCTTGCTCCCGATACT-1_V12D07-075_C1,2
TCTTGGTAACACCAAA-1_V12D07-075_C1,8
TCTTTAAGACTATGAA-1_V12D07-075_C1,10
TCTTTAGAGTCTAACA-1_V12D07-075_C1,3
TCTTTAGCAGGCGAAC-1_V12D07-075_C1,1
TCTTTCCTTCGAGATA-1_V12D07-075_C1,2
TCTTTCTCTTAAGGAG-1_V12D07-075_C1,4
TGAAACTTATGCAAGC-1_V12D07-075_C1,6
TGAAAGGACCTGACTC-1_V12D07-075_C1,5
TGAACTGCTATGACTT-1_V12D07-075_C1,5
TGAAGAGCGGTCCTAG-1_V12D07-075_C1,11
TGAAGTAGCTTACGGA-1_V12D07-075_C1,11
TGAATACCGACGCGTA-1_V12D07-075_C1,2
TGAATATGCTATAAAC-1_V12D07-075_C1,1
TGAATGAGTGTTTCCC-1_V12D07-075_C1,9
TGAATGTCAGCCGGCC-1_V12D07-075_C1,10
TGACAACGCATGTCGC-1_V12D07-075_C1,1
TGACACTTCTCTTTGC-1_V12D07-075_C1,1
TGACATATATGACGAT-1_V12D07-075_C1,5
TGACATCGAGCGGACC-1_V12D07-075_C1,3
TGACATGTAACGTGAC-1_V12D07-075_C1,2
TGACCAAATCTTAAAC-1_V12D07-075_C1,2
TGACCAGCTTCAAAGT-1_V12D07-075_C1,1
TGACCCACGTTAGACA-1_V12D07-075_C1,11
TGACGATGCACTAGAA-1_V12D07-075_C1,3
TGACTATAATCCTTTC-1_V12D07-075_C1,9
TGACTCTAACTGGTAA-1_V12D07-075_C1,2
TGAGAATGCTTTACCG-1_V12D07-075_C1,8
TGAGACGTACCTCTCA-1_V12D07-075_C1,5
TGAGAGATTTACCACG-1_V12D07-075_C1,2
TGAGATCAAATACTCA-1_V12D07-075_C1,6
TGAGATTAGGCCCTAA-1_V12D07-075_C1,3
TGAGCAGTCGTGAAGT-1_V12D07-075_C1,6
TGAGCCATACAGTCTC-1_V12D07-075_C1,5
TGAGCGGAAAGTGTTC-1_V12D07-075_C1,9
TGAGCTCAACTGTATA-1_V12D07-075_C1,3
TGAGCTTTAATGACGC-1_V12D07-075_C1,8
TGAGGAGTGCCAGCTT-1_V12D07-075_C1,9
TGAGGTGTGTGGCGGA-1_V12D07-075_C1,9
TGAGTAAATTAGCGTA-1_V12D07-075_C1,9
TGAGTGCCTCTTAAAT-1_V12D07-075_C1,5
TGAGTGGTCCGTGACG-1_V12D07-075_C1,10
TGAGTTAAAGACATTC-1_V12D07-075_C1,3
TGATACATTTAGCCGT-1_V12D07-075_C1,10
TGATAGCGGGATTCTA-1_V12D07-075_C1,11
TGATCACCACACTGAC-1_V12D07-075_C1,9
TGATCCCAGCATTAGT-1_V12D07-075_C1,3
TGATCGGTTTGACCCT-1_V12D07-075_C1,12
TGATCTACGCTGATCT-1_V12D07-075_C1,1
TGATCTATCACACTCT-1_V12D07-075_C1,5
TGATCTCCGGCGCCAG-1_V12D07-075_C1,11
TGATGGCTGTTTCTGA-1_V12D07-075_C1,1
TGATGTCAATTAAGTG-1_V12D07-075_C1,2
TGATTATGGCACGCAG-1_V12D07-075_C1,1
TGATTCCCGGTTACCT-1_V12D07-075_C1,9
TGATTCGTCTATCACT-1_V12D07-075_C1,11
TGATTCTGTCGCCGGT-1_V12D07-075_C1,5
TGATTTATTAGCTGTG-1_V12D07-075_C1,5
TGATTTCCTCCTGACG-1_V12D07-075_C1,11
TGCAAAGTTCGTCTGT-1_V12D07-075_C1,9
TGCAACCCATCTGCGG-1_V12D07-075_C1,2
TGCAACTACTGGTTGA-1_V12D07-075_C1,2
TGCAAGAATGACGTAA-1_V12D07-075_C1,12
TGCAATCTAACACGGT-1_V12D07-075_C1,2
TGCAATTTGGGCACGG-1_V12D07-075_C1,1
TGCACAGTGAAGTTAT-1_V12D07-075_C1,1
TGCACGAGTCGGCAGC-1_V12D07-075_C1,6
TGCACTATGTGAGTGC-1_V12D07-075_C1,11
TGCAGAGTACCGAGCA-1_V12D07-075_C1,11
TGCAGGATCGGCAAAG-1_V12D07-075_C1,12
TGCAGTGAGGCTCGGG-1_V12D07-075_C1,1
TGCAGTTTCCTCCCAT-1_V12D07-075_C1,2
TGCATATGTCTGTCAC-1_V12D07-075_C1,5
TGCATGGATCGGATCT-1_V12D07-075_C1,6
TGCATGTGGTAATCTA-1_V12D07-075_C1,3
TGCCAATGGGTACTCT-1_V12D07-075_C1,5
TGCCACCTGGCGAAAC-1_V12D07-075_C1,8
TGCCAGTACGTGGAGA-1_V12D07-075_C1,9
TGCCATTACTAAAGAA-1_V12D07-075_C1,8
TGCCCGTACCGTTAAA-1_V12D07-075_C1,9
TGCCGAAAGCGTATTC-1_V12D07-075_C1,1
TGCCGTGGATCGTCCT-1_V12D07-075_C1,9
TGCCTAAATTTAATAG-1_V12D07-075_C1,1
TGCCTAATTGAAGATT-1_V12D07-075_C1,2
TGCCTGACATCGGTCA-1_V12D07-075_C1,11
TGCCTGATCAAACGAT-1_V12D07-075_C1,12
TGCCTTGGCCAGGCAA-1_V12D07-075_C1,9
TGCGACACCCTAGTGC-1_V12D07-075_C1,5
TGCGAGAATATTACCC-1_V12D07-075_C1,10
TGCGAGATGGCGGCCA-1_V12D07-075_C1,1
TGCGAGCCCTTCCGCG-1_V12D07-075_C1,1
TGCGATGCTAATGGCT-1_V12D07-075_C1,11
TGCGCAAAGCATTTGG-1_V12D07-075_C1,9
TGCGCCGTTAATAACG-1_V12D07-075_C1,1
TGCGCGATTAACGGAG-1_V12D07-075_C1,11
TGCGGACTTGACTCCG-1_V12D07-075_C1,2
TGCGGAGTAAAGGTGC-1_V12D07-075_C1,12
TGCGGCATAGTTCAAC-1_V12D07-075_C1,6
TGCGGTGAAATTTCAT-1_V12D07-075_C1,6
TGCGTAAGAACCTGAT-1_V12D07-075_C1,5
TGCGTACGGCTAATTG-1_V12D07-075_C1,2
TGCGTGATTGGGTGTC-1_V12D07-075_C1,11
TGCGTTTGTTGACACT-1_V12D07-075_C1,9
TGCTAAGTGTCTATTT-1_V12D07-075_C1,9
TGCTATACAAACGGAC-1_V12D07-075_C1,6
TGCTCCACAGTTCTTA-1_V12D07-075_C1,2
TGCTCGGCGAAACCCA-1_V12D07-075_C1,9
TGCTCGGTGGGTCACC-1_V12D07-075_C1,2
TGCTCTTGAGAGTTTG-1_V12D07-075_C1,2
TGCTGGTTGGACAATT-1_V12D07-075_C1,11
TGCTGTTGAAGAACTC-1_V12D07-075_C1,9
TGCTTCCCAAGCAGTA-1_V12D07-075_C1,9
TGCTTGAAACCATGCA-1_V12D07-075_C1,11
TGGAACCACTGACACA-1_V12D07-075_C1,8
TGGAAGAAGGGAACGT-1_V12D07-075_C1,11
TGGAAGACGAACACCA-1_V12D07-075_C1,6
TGGAAGGATAAAGATG-1_V12D07-075_C1,12
TGGAATATCCTTGACC-1_V12D07-075_C1,1
TGGAATTAGACGCTTT-1_V12D07-075_C1,11
TGGACACCGTTGCTTG-1_V12D07-075_C1,11
TGGACCAATCTAAGAT-1_V12D07-075_C1,2
TGGACCACGGCGTTGA-1_V12D07-075_C1,11
TGGACGTAGGCGAATC-1_V12D07-075_C1,11
TGGACTGTTCGCTCAA-1_V12D07-075_C1,5
TGGAGGGAAACACCTC-1_V12D07-075_C1,1
TGGAGTGATGCGATGA-1_V12D07-075_C1,11
TGGATAGAGTAACAGA-1_V12D07-075_C1,11
TGGCAAACTAAATTAC-1_V12D07-075_C1,9
TGGCAACTCGCGCGCC-1_V12D07-075_C1,8
TGGCAAGCACAAGTCG-1_V12D07-075_C1,9
TGGCAATGGGACGGCG-1_V12D07-075_C1,2
TGGCACGAGCTCGAGT-1_V12D07-075_C1,1
TGGCAGATTACGATCA-1_V12D07-075_C1,9
TGGCAGCAGTAATAGT-1_V12D07-075_C1,9
TGGCCAAACTGAAGTA-1_V12D07-075_C1,9
TGGCCGTATATTGACC-1_V12D07-075_C1,11
TGGCGACTGCTCCAAA-1_V12D07-075_C1,10
TGGCGATCAAGTTATG-1_V12D07-075_C1,5
TGGCGGTGTGCGATTG-1_V12D07-075_C1,12
TGGCTACACTCTACCT-1_V12D07-075_C1,2
TGGCTATGTGACATAC-1_V12D07-075_C1,9
TGGCTTGTACAAGCTT-1_V12D07-075_C1,1
TGGCTTTGGGTAGACA-1_V12D07-075_C1,6
TGGGAAATGCCTTTCC-1_V12D07-075_C1,11
TGGGACCATTGGGAGT-1_V12D07-075_C1,11
TGGGATGCACTCATTC-1_V12D07-075_C1,1
TGGGCAATAGTTGGGT-1_V12D07-075_C1,3
TGGGCACAAACAGAAC-1_V12D07-075_C1,6
TGGGCACGTTCTATGG-1_V12D07-075_C1,6
TGGGCAGGCCACCGCA-1_V12D07-075_C1,2
TGGGCCACAAGAGCGC-1_V12D07-075_C1,6
TGGGCCCATACTAATT-1_V12D07-075_C1,2
TGGGCCTTGCCTGCAT-1_V12D07-075_C1,11
TGGGCGATACAATAAG-1_V12D07-075_C1,2
TGGGTAAGGTTCCCGC-1_V12D07-075_C1,8
TGGGTGCACAAGCCAT-1_V12D07-075_C1,2
TGGGTGGGATGTCATT-1_V12D07-075_C1,1
TGGGTGTAATAGATTT-1_V12D07-075_C1,2
TGGGTTCCCGGACGGA-1_V12D07-075_C1,11
TGGTAAGCAGGATTGA-1_V12D07-075_C1,10
TGGTAGAATATATGGG-1_V12D07-075_C1,2
TGGTATCGCATCCCAA-1_V12D07-075_C1,6
TGGTATCGGTCTGTAT-1_V12D07-075_C1,6
TGGTCCCACGCTACGG-1_V12D07-075_C1,7
TGGTCGTGCAAGGCAA-1_V12D07-075_C1,10
TGGTCTAGCTTACATG-1_V12D07-075_C1,11
TGGTCTGTTGGGCGTA-1_V12D07-075_C1,11
TGGTGATCGTATTTGT-1_V12D07-075_C1,11
TGGTTAAGGGCGCTGG-1_V12D07-075_C1,1
TGGTTATGCTTGCGGT-1_V12D07-075_C1,11
TGGTTCAACGGGTAAT-1_V12D07-075_C1,9
TGGTTCGTAGCAAAGG-1_V12D07-075_C1,8
TGGTTGGAGGATCCTG-1_V12D07-075_C1,1
TGGTTTAAACGTGGGT-1_V12D07-075_C1,1
TGTAATGACCACAATA-1_V12D07-075_C1,5
TGTACCTACACGAGGG-1_V12D07-075_C1,2
TGTACGAACAAATCCG-1_V12D07-075_C1,9
TGTACTACTCTCACGG-1_V12D07-075_C1,1
TGTACTGTGCCAAAGT-1_V12D07-075_C1,6
TGTACTTCCGGGCATG-1_V12D07-075_C1,5
TGTAGCCATCCCATTC-1_V12D07-075_C1,2
TGTAGGAGAAATTTCC-1_V12D07-075_C1,5
TGTAGTGATCTATAAT-1_V12D07-075_C1,11
TGTATAACAGATCCTG-1_V12D07-075_C1,5
TGTATACGGATGATGA-1_V12D07-075_C1,1
TGTATCAGACTGAAGC-1_V12D07-075_C1,1
TGTATCCTTATTCCAT-1_V12D07-075_C1,6
TGTATGGCGCAGACAG-1_V12D07-075_C1,2
TGTATTTACCTAATGC-1_V12D07-075_C1,1
TGTCATTTGTTGGGAA-1_V12D07-075_C1,1
TGTCCACGGCTCAACT-1_V12D07-075_C1,2
TGTCCCGACATAGCAC-1_V12D07-075_C1,6
TGTCCGTGGCGCCTTT-1_V12D07-075_C1,11
TGTCCTAAGTCACCGC-1_V12D07-075_C1,4
TGTCGGCATGGTGGAA-1_V12D07-075_C1,6
TGTCTACAGTTTCTGT-1_V12D07-075_C1,6
TGTGACTACGCCAGTC-1_V12D07-075_C1,8
TGTGACTAGAGTTTGC-1_V12D07-075_C1,2
TGTGAGACTAGCCCAA-1_V12D07-075_C1,9
TGTGCCGGTGCCGGAA-1_V12D07-075_C1,2
TGTGCTTTACGTAAGA-1_V12D07-075_C1,5
TGTGGACTATCTACGT-1_V12D07-075_C1,8
TGTGGCAAAGCGTATG-1_V12D07-075_C1,10
TGTGGCGGGCTTCTGG-1_V12D07-075_C1,2
TGTGGCTCCCACCAAC-1_V12D07-075_C1,1
TGTGGTAGGGTGCCTT-1_V12D07-075_C1,8
TGTGGTTGCTAAAGCT-1_V12D07-075_C1,9
TGTGTAGTAGCACGTG-1_V12D07-075_C1,2
TGTGTCGCGAGTTGCA-1_V12D07-075_C1,11
TGTGTTCGTATCCAAG-1_V12D07-075_C1,11
TGTTATTGTATGTGGC-1_V12D07-075_C1,9
TGTTCATAAATGTGCT-1_V12D07-075_C1,11
TGTTCCGCTTCCATGA-1_V12D07-075_C1,11
TGTTCCGGCCTGAGCT-1_V12D07-075_C1,5
TGTTCGTATTGCGGTG-1_V12D07-075_C1,9
TGTTCTCATACTATAG-1_V12D07-075_C1,5
TGTTCTTCCATTGACT-1_V12D07-075_C1,11
TGTTGCCGTCGTCCCA-1_V12D07-075_C1,8
TGTTGTCAAGAAGTCT-1_V12D07-075_C1,8
TGTTTAATACTTCATC-1_V12D07-075_C1,1
TGTTTCGGTACTTCTC-1_V12D07-075_C1,6
TGTTTGAGATCGTCAG-1_V12D07-075_C1,8
TTAAACAGAGTCCCGC-1_V12D07-075_C1,6
TTAAACCGGTAGCGAC-1_V12D07-075_C1,6
TTAAACCTGGTTCCTT-1_V12D07-075_C1,11
TTAAACTCGAATTCAT-1_V12D07-075_C1,10
TTAAAGTAAGTCGCCA-1_V12D07-075_C1,2
TTAACACCTCGAACAT-1_V12D07-075_C1,11
TTAACCAACCCTCCCT-1_V12D07-075_C1,8
TTAACGAACAAGCAGT-1_V12D07-075_C1,1
TTAACGTCGCAAGACC-1_V12D07-075_C1,6
TTAACGTTAAAGCCTG-1_V12D07-075_C1,11
TTAACTCACGCGTGGA-1_V12D07-075_C1,11
TTAACTGATCGTTTGG-1_V12D07-075_C1,2
TTAAGACGAACGAACC-1_V12D07-075_C1,1
TTAAGATAGGATTGAC-1_V12D07-075_C1,2
TTAAGCCGACAACTTC-1_V12D07-075_C1,6
TTAAGCGCCTGACCCA-1_V12D07-075_C1,11
TTAAGGATACGGAGGT-1_V12D07-075_C1,12
TTAAGTATTGTTATCC-1_V12D07-075_C1,2
TTAATCAGTACGTCAG-1_V12D07-075_C1,8
TTAATGTAGACCAGGT-1_V12D07-075_C1,9
TTAATGTGTTTGCAGG-1_V12D07-075_C1,11
TTAATTGCTTTGGGTG-1_V12D07-075_C1,2
TTAATTTCAGACGCGG-1_V12D07-075_C1,6
TTACAACTACGCATCC-1_V12D07-075_C1,8
TTACACGATCTGCGAC-1_V12D07-075_C1,2
TTACAGACCTAAATGA-1_V12D07-075_C1,3
TTACATCGTGGCCTGG-1_V12D07-075_C1,11
TTACATGCCACAACTA-1_V12D07-075_C1,3
TTACCATTGATTACCC-1_V12D07-075_C1,11
TTACCCATTGCCGGGT-1_V12D07-075_C1,8
TTACCCTAACAGTCCT-1_V12D07-075_C1,11
TTACCCTAGGGATTGG-1_V12D07-075_C1,9
TTACCGCCTTAGGGAA-1_V12D07-075_C1,4
TTACGGATGGTTCGAG-1_V12D07-075_C1,10
TTACGGTGTCACCGAG-1_V12D07-075_C1,6
TTACGTATCTATGACA-1_V12D07-075_C1,2
TTACTAAAGGACTTTA-1_V12D07-075_C1,9
TTACTATCGGCTTCTC-1_V12D07-075_C1,5
TTACTCCGGCCGGGAA-1_V12D07-075_C1,2
TTACTCTGGTACGTAC-1_V12D07-075_C1,10
TTACTGGGATATTTCA-1_V12D07-075_C1,9
TTACTGTCTAGAGCTC-1_V12D07-075_C1,1
TTAGAAGAACATGACT-1_V12D07-075_C1,9
TTAGAATAAGGGTCGG-1_V12D07-075_C1,10
TTAGACACGATCGTTG-1_V12D07-075_C1,8
TTAGACGAGTCACCTC-1_V12D07-075_C1,9
TTAGAGTTTAGAAGGA-1_V12D07-075_C1,12
TTAGATAGGTCGATAC-1_V12D07-075_C1,11
TTAGCAACATGGATGT-1_V12D07-075_C1,7
TTAGCTAATACGATCT-1_V12D07-075_C1,8
TTAGCTCTGTAATCCG-1_V12D07-075_C1,11
TTAGCTGATTTGCCGT-1_V12D07-075_C1,2
TTAGGATGGGAGGGTA-1_V12D07-075_C1,1
TTAGTAAACCTGCTCT-1_V12D07-075_C1,2
TTAGTAGGGCGGCGGG-1_V12D07-075_C1,11
TTAGTTATTCGTGGCA-1_V12D07-075_C1,2
TTAGTTCAAGTGTTCG-1_V12D07-075_C1,1
TTATAGATGCACATTA-1_V12D07-075_C1,6
TTATAGGTAATTGTCT-1_V12D07-075_C1,9
TTATAGTCCAAGGTGC-1_V12D07-075_C1,1
TTATATACGCTGTCAC-1_V12D07-075_C1,5
TTATATTTGGCAATCC-1_V12D07-075_C1,9
TTATCCAATCGAACTC-1_V12D07-075_C1,11
TTATCCGGGATCTATA-1_V12D07-075_C1,9
TTATCGCCTGCGAAGC-1_V12D07-075_C1,11
TTATCTGTATCATAAC-1_V12D07-075_C1,12
TTATGAATGAAAGGGA-1_V12D07-075_C1,12
TTATGACAAACTGGAT-1_V12D07-075_C1,11
TTATGATCTTAACGAA-1_V12D07-075_C1,2
TTATGCGTCCCGGTCC-1_V12D07-075_C1,6
TTATGTTTGCGATAGA-1_V12D07-075_C1,4
TTATTAGAGCGTGTTC-1_V12D07-075_C1,9
TTATTAGGGAAGCATC-1_V12D07-075_C1,6
TTATTATCTGGAAGGC-1_V12D07-075_C1,3
TTATTTAGGTTCCTTA-1_V12D07-075_C1,2
TTCAAAGTCTCTAGCC-1_V12D07-075_C1,2
TTCAACGACCCGACCG-1_V12D07-075_C1,6
TTCAAGCCGAGCTGAG-1_V12D07-075_C1,6
TTCAATACTCTGAATC-1_V12D07-075_C1,5
TTCAATTAGCCATAAT-1_V12D07-075_C1,6
TTCACGAAAGGATCAC-1_V12D07-075_C1,9
TTCACTCGAGCACCTA-1_V12D07-075_C1,9
TTCACTTCCTAGAACG-1_V12D07-075_C1,9
TTCAGAGTAACCTGAC-1_V12D07-075_C1,11
TTCAGCCCTGGTCCAC-1_V12D07-075_C1,9
TTCAGCTGGCGTGCCC-1_V12D07-075_C1,2
TTCAGTTTGTGGCAGC-1_V12D07-075_C1,11
TTCATAGCCTTGTAAC-1_V12D07-075_C1,11
TTCATAGGGTGTCCAT-1_V12D07-075_C1,11
TTCATGGCGCAACAGG-1_V12D07-075_C1,8
TTCCAATCAGAGCTAG-1_V12D07-075_C1,3
TTCCAATCTGGCTATC-1_V12D07-075_C1,10
TTCCACACAGATTTGA-1_V12D07-075_C1,10
TTCCAGACGAGATTTA-1_V12D07-075_C1,1
TTCCATCATGCGGTGA-1_V12D07-075_C1,1
TTCCATCGACAGCGTG-1_V12D07-075_C1,2
TTCCGCAGAGAAATAT-1_V12D07-075_C1,8
TTCCGCGTGAGGCGAT-1_V12D07-075_C1,9
TTCCGGCCTTGAGGCT-1_V12D07-075_C1,10
TTCCGGCTCGACTTCT-1_V12D07-075_C1,1
TTCCGGTATCTGTGTC-1_V12D07-075_C1,1
TTCCGGTTACCCACTT-1_V12D07-075_C1,9
TTCCTCGAGGGTGTCT-1_V12D07-075_C1,6
TTCCTCGGACTAACCA-1_V12D07-075_C1,9
TTCCTCTGCCCGAATA-1_V12D07-075_C1,4
TTCCTTTCTGTGTTGC-1_V12D07-075_C1,6
TTCGACAGAGCCCGTG-1_V12D07-075_C1,9
TTCGACGGGAAGGGCG-1_V12D07-075_C1,11
TTCGCACTCGCGTGCT-1_V12D07-075_C1,12
TTCGCACTGTACGACA-1_V12D07-075_C1,9
TTCGCATCCGGAAGCA-1_V12D07-075_C1,11
TTCGCGCGCCATACGA-1_V12D07-075_C1,10
TTCGCTAGGAAGTTGT-1_V12D07-075_C1,1
TTCGCTATCTGACGTG-1_V12D07-075_C1,1
TTCGGACTGATGCCTT-1_V12D07-075_C1,1
TTCGGCAACCCGCTGA-1_V12D07-075_C1,8
TTCGGCTAGAGATGGT-1_V12D07-075_C1,4
TTCGGGACTAATCGCG-1_V12D07-075_C1,9
TTCGGGTTGCCACGGG-1_V12D07-075_C1,2
TTCGGTACTGTAGAGG-1_V12D07-075_C1,2
TTCGGTGGAGACGCCC-1_V12D07-075_C1,8
TTCGTAATCCCAGCGG-1_V12D07-075_C1,8
TTCGTACTCCAGAACG-1_V12D07-075_C1,4
TTCGTTCAACGAAGTT-1_V12D07-075_C1,1
TTCTAACCGAAGCTTA-1_V12D07-075_C1,5
TTCTACCTTTATGTTG-1_V12D07-075_C1,1
TTCTACTTGCGAGGGC-1_V12D07-075_C1,11
TTCTAGAAAGTCTTAT-1_V12D07-075_C1,10
TTCTAGGCCAATTGTG-1_V12D07-075_C1,11
TTCTATGCCTTTCGCA-1_V12D07-075_C1,1
TTCTATTAAACGCAGC-1_V12D07-075_C1,2
TTCTGACCGGGCTCAA-1_V12D07-075_C1,7
TTCTGCCGCGCCTAGA-1_V12D07-075_C1,9
TTCTGCGAGCGCCCTT-1_V12D07-075_C1,11
TTCTGCGGGTTAGCGG-1_V12D07-075_C1,9
TTCTGCTAGACTCCAA-1_V12D07-075_C1,3
TTCTGTTTCCTGTCGC-1_V12D07-075_C1,11
TTCTTAGTGAACGGTG-1_V12D07-075_C1,11
TTCTTAGTGGCTCAGA-1_V12D07-075_C1,6
TTCTTATCCGCTGGGT-1_V12D07-075_C1,2
TTCTTGAGCCGCGCTA-1_V12D07-075_C1,10
TTCTTGCTAGCATCTC-1_V12D07-075_C1,4
TTCTTGGAGTAATGAG-1_V12D07-075_C1,8
TTCTTGTAACCTAATG-1_V12D07-075_C1,11
TTCTTGTGTCCATCAG-1_V12D07-075_C1,11
TTCTTTGGTCGCGACG-1_V12D07-075_C1,1
TTGAAACCCTCATTCC-1_V12D07-075_C1,5
TTGAAAGGTGTAAAGG-1_V12D07-075_C1,1
TTGAACGAATCCTTTG-1_V12D07-075_C1,11
TTGAACGACGTGCTGA-1_V12D07-075_C1,9
TTGAAGAATTCCCAGG-1_V12D07-075_C1,11
TTGAATATGGACTTTC-1_V12D07-075_C1,2
TTGAATTCACGTGAGG-1_V12D07-075_C1,3
TTGACAGGAGCTCCCG-1_V12D07-075_C1,2
TTGACATGAACGTGGA-1_V12D07-075_C1,10
TTGACCAGGAACAACT-1_V12D07-075_C1,2
TTGACCATGTTCTCCG-1_V12D07-075_C1,8
TTGACCGTGTTAATGA-1_V12D07-075_C1,10
TTGACGATTCAGCACG-1_V12D07-075_C1,6
TTGACGCTCCATGAGC-1_V12D07-075_C1,2
TTGACTACCATATGGT-1_V12D07-075_C1,5
TTGACTATTGTCCGGC-1_V12D07-075_C1,2
TTGAGAAGTTTAGCAT-1_V12D07-075_C1,9
TTGAGAGTACTGCTAA-1_V12D07-075_C1,5
TTGAGCAGCCCACGGT-1_V12D07-075_C1,1
TTGAGCGCCACGTGAT-1_V12D07-075_C1,1
TTGAGGCATTTAACTC-1_V12D07-075_C1,1
TTGAGTCCCGCTGCTG-1_V12D07-075_C1,1
TTGATAGTCAATACAT-1_V12D07-075_C1,1
TTGATCTAACTTTGTC-1_V12D07-075_C1,11
TTGATGTGTAGTCCCG-1_V12D07-075_C1,8
TTGATTAGCTGTTTCT-1_V12D07-075_C1,10
TTGATTATGCAGATGA-1_V12D07-075_C1,11
TTGCAAGAAGACTCCT-1_V12D07-075_C1,10
TTGCACAATTCAGAAA-1_V12D07-075_C1,9
TTGCACGGAGCAGCAC-1_V12D07-075_C1,8
TTGCATGCTGATCACG-1_V12D07-075_C1,5
TTGCCAAGCAGAACCC-1_V12D07-075_C1,1
TTGCCCTGATCACGGG-1_V12D07-075_C1,11
TTGCCGCTTTCTAGTA-1_V12D07-075_C1,2
TTGCCGGTGATCCCTC-1_V12D07-075_C1,1
TTGCCTTCTCGCCGGG-1_V12D07-075_C1,2
TTGCGCTCTCTCGCTT-1_V12D07-075_C1,11
TTGCGCTTGATCAATA-1_V12D07-075_C1,2
TTGCGGCATCAGAAAG-1_V12D07-075_C1,10
TTGCGTAGTTTGAGGA-1_V12D07-075_C1,4
TTGCGTCGGCCAACCG-1_V12D07-075_C1,10
TTGCGTGAACGCTTAG-1_V12D07-075_C1,1
TTGCGTGTGTAGGCAT-1_V12D07-075_C1,2
TTGCTCATAGTACGTG-1_V12D07-075_C1,4
TTGCTCCCATACCGGA-1_V12D07-075_C1,12
TTGCTGAAGGAACCAC-1_V12D07-075_C1,8
TTGCTGATCATGTTCG-1_V12D07-075_C1,9
TTGCTGCACCTATCCA-1_V12D07-075_C1,11
TTGCTGGCCGGGCTTC-1_V12D07-075_C1,1
TTGGACATGTGGCTTA-1_V12D07-075_C1,10
TTGGACCATCTGGCAA-1_V12D07-075_C1,2
TTGGACCTATAACAGT-1_V12D07-075_C1,9
TTGGAGTCTCCCTTCT-1_V12D07-075_C1,12
TTGGATATCGTCTACG-1_V12D07-075_C1,5
TTGGATCGACTTCTGG-1_V12D07-075_C1,6
TTGGATTGGGTACCAC-1_V12D07-075_C1,1
TTGGCCATCTTGCGCT-1_V12D07-075_C1,4
TTGGCCTAGAATTTCG-1_V12D07-075_C1,8
TTGGCGATCCGAATAT-1_V12D07-075_C1,1
TTGGCTCAATATGTGT-1_V12D07-075_C1,2
TTGGCTCGCATGAGAC-1_V12D07-075_C1,11
TTGGGAAGACGAGCCG-1_V12D07-075_C1,2
TTGGGACACTGCCCGC-1_V12D07-075_C1,9
TTGGGACGTAAGAGTT-1_V12D07-075_C1,2
TTGGGCGGCGGTTGCC-1_V12D07-075_C1,9
TTGGTATGGCTTGTGT-1_V12D07-075_C1,1
TTGGTCACACTCGTAA-1_V12D07-075_C1,5
TTGGTTCGCTCAAAGG-1_V12D07-075_C1,1
TTGTAAGGACCTAAGT-1_V12D07-075_C1,10
TTGTAAGGCCAGTTGG-1_V12D07-075_C1,3
TTGTAATCCGTACTCG-1_V12D07-075_C1,9
TTGTATCACACAGAAT-1_V12D07-075_C1,6
TTGTCGTTCAGTTACC-1_V12D07-075_C1,8
TTGTGAACCTAATCCG-1_V12D07-075_C1,2
TTGTGATCTGTTCAGT-1_V12D07-075_C1,2
TTGTGCAGCCACGTCA-1_V12D07-075_C1,9
TTGTGGCCCTGACAGT-1_V12D07-075_C1,6
TTGTGGTGGTACTAAG-1_V12D07-075_C1,2
TTGTGTATGCCACCAA-1_V12D07-075_C1,9
TTGTGTTTCCCGAAAG-1_V12D07-075_C1,5
TTGTTAGCAAATTCGA-1_V12D07-075_C1,11
TTGTTCAGTGTGCTAC-1_V12D07-075_C1,9
TTGTTCTAGATACGCT-1_V12D07-075_C1,11
TTGTTGTGTGTCAAGA-1_V12D07-075_C1,2
TTGTTTCACATCCAGG-1_V12D07-075_C1,10
TTGTTTCCATACAACT-1_V12D07-075_C1,10
TTGTTTGTGTAAATTC-1_V12D07-075_C1,6
