key,cluster
AAACAAGTATCTCCCA-1_V12D07-075_C1,14
AAACAGAGCGACTCCT-1_V12D07-075_C1,12
AAACATTTCCCGGATT-1_V12D07-075_C1,17
AAACCCGAACGAAATC-1_V12D07-075_C1,12
AAACCGGAAATGTTAA-1_V12D07-075_C1,10
AAACCGGGTAGGTACC-1_V12D07-075_C1,13
AAACCGTTCGTCCAGG-1_V12D07-075_C1,13
AAACCTAAGCAGCCGG-1_V12D07-075_C1,17
AAACCTCATGAAGTTG-1_V12D07-075_C1,20
AAACGAAGAACATACC-1_V12D07-075_C1,7
AAACGAGACGGTTGAT-1_V12D07-075_C1,3
AAACGCTGGGCACGAC-1_V12D07-075_C1,3
AAACGGGCGTACGGGT-1_V12D07-075_C1,17
AAACGGTTGCGAACTG-1_V12D07-075_C1,23
AAACGTGTTCGCCCTA-1_V12D07-075_C1,1
AAACTAACGTGGCGAC-1_V12D07-075_C1,1
AAACTCGGTTCGCAAT-1_V12D07-075_C1,17
AAACTCGTGATATAAG-1_V12D07-075_C1,1
AAACTGCTGGCTCCAA-1_V12D07-075_C1,14
AAAGAATGTGGACTAA-1_V12D07-075_C1,3
AAAGACCCAAGTCGCG-1_V12D07-075_C1,7
AAAGACTGGGCGCTTT-1_V12D07-075_C1,22
AAAGCTTGCCTACATA-1_V12D07-075_C1,1
AAAGGCTACGGACCAT-1_V12D07-075_C1,5
AAAGGCTCTCGCGCCG-1_V12D07-075_C1,20
AAAGGGATGTAGCAAG-1_V12D07-075_C1,2
AAAGGGCAGCTTGAAT-1_V12D07-075_C1,6
AAAGGTAAGCTGTACC-1_V12D07-075_C1,1
AAAGTCACTGATGTAA-1_V12D07-075_C1,7
AAAGTCGACCCTCAGT-1_V12D07-075_C1,20
AAAGTGCCATCAATTA-1_V12D07-075_C1,14
AAAGTGTGATTTATCT-1_V12D07-075_C1,14
AAAGTTGACTCCCGTA-1_V12D07-075_C1,14
AAATAACCATACGGGA-1_V12D07-075_C1,10
AAATAAGGTAGTGCCC-1_V12D07-075_C1,12
AAATACCTATAAGCAT-1_V12D07-075_C1,5
AAATAGCTTAGACTTT-1_V12D07-075_C1,10
AAATAGGGTGCTATTG-1_V12D07-075_C1,14
AAATCGTGTACCACAA-1_V12D07-075_C1,2
AAATCTAGCCCTGCTA-1_V12D07-075_C1,14
AAATGATTCGATCAGC-1_V12D07-075_C1,1
AAATGCTCGTTACGTT-1_V12D07-075_C1,18
AAATGGCATGTCTTGT-1_V12D07-075_C1,7
AAATGGTCAATGTGCC-1_V12D07-075_C1,22
AAATTAACGGGTAGCT-1_V12D07-075_C1,2
AAATTAATAAGCGCGA-1_V12D07-075_C1,24
AAATTACACGACTCTG-1_V12D07-075_C1,10
AAATTACCTATCGATG-1_V12D07-075_C1,19
AAATTCCAGGTCCAAA-1_V12D07-075_C1,12
AAATTGGTGAGAAGCA-1_V12D07-075_C1,1
AAATTTACCGAAATCC-1_V12D07-075_C1,1
AAATTTGCGGGTGTGG-1_V12D07-075_C1,13
AACAACTGGTAGTTGC-1_V12D07-075_C1,22
AACAATTACTCTACGC-1_V12D07-075_C1,15
AACACACGCTCGCCGC-1_V12D07-075_C1,2
AACACGACTGTACTGA-1_V12D07-075_C1,7
AACACGCGGCCGCGAA-1_V12D07-075_C1,7
AACAGGAAATCGAATA-1_V12D07-075_C1,11
AACAGGATGGGCCGCG-1_V12D07-075_C1,22
AACAGGTAGTATGGAT-1_V12D07-075_C1,19
AACATATCAACTGGTG-1_V12D07-075_C1,19
AACATCGATACGTCTA-1_V12D07-075_C1,1
AACATTGTGACTCGAG-1_V12D07-075_C1,5
AACCAAGACTTCTCTG-1_V12D07-075_C1,20
AACCAGTATCACTCTT-1_V12D07-075_C1,1
AACCATGGGATCGCTA-1_V12D07-075_C1,22
AACCCAGAGACGGAGA-1_V12D07-075_C1,7
AACCCGAGCAGAATCG-1_V12D07-075_C1,14
AACCCTACTGTCAATA-1_V12D07-075_C1,14
AACCCTGGTGGAACCA-1_V12D07-075_C1,7
AACCGAGCTTGGTCAT-1_V12D07-075_C1,2
AACCGCTAAGGGATGC-1_V12D07-075_C1,14
AACCGTTGTGTTTGCT-1_V12D07-075_C1,7
AACCTCGCTTTAGCCC-1_V12D07-075_C1,17
AACCTGTCACGGAATT-1_V12D07-075_C1,12
AACCTTTAAATACGGT-1_V12D07-075_C1,5
AACCTTTACGACGTCT-1_V12D07-075_C1,19
AACGATAATGCCGTAG-1_V12D07-075_C1,5
AACGATAGAAGGGCCG-1_V12D07-075_C1,21
AACGATATGTCAACTG-1_V12D07-075_C1,23
AACGCATGATCTGGGT-1_V12D07-075_C1,12
AACGCGAACGGCAACA-1_V12D07-075_C1,22
AACGCGACCTTGGGCG-1_V12D07-075_C1,5
AACGCGGTCTCCAGCC-1_V12D07-075_C1,2
AACGCTGTTGCTGAAA-1_V12D07-075_C1,17
AACGGACGTACGTATA-1_V12D07-075_C1,17
AACGGCCATCTCCGGT-1_V12D07-075_C1,13
AACGTACTGTGGGTAC-1_V12D07-075_C1,13
AACGTCAGACTAGTGG-1_V12D07-075_C1,22
AACGTGATGAAGGACA-1_V12D07-075_C1,11
AACGTGCGAAAGTCTC-1_V12D07-075_C1,2
AACGTTATCAGCACCT-1_V12D07-075_C1,22
AACTACCCGTTTGTCA-1_V12D07-075_C1,19
AACTAGGCTTGGGTGT-1_V12D07-075_C1,5
AACTCAAGTTAATTGC-1_V12D07-075_C1,22
AACTCCAGAGCGTGTT-1_V12D07-075_C1,17
AACTCCTAATCCCATG-1_V12D07-075_C1,1
AACTCGATGGCGCAGT-1_V12D07-075_C1,7
AACTCTCAATAGAGCG-1_V12D07-075_C1,3
AACTCTCAGTGTGCTC-1_V12D07-075_C1,13
AACTGAGGTCAGCGTC-1_V12D07-075_C1,1
AACTGAGTTATACTGA-1_V12D07-075_C1,10
AACTGATATTAGGCCT-1_V12D07-075_C1,11
AACTGGGTCCCGACGT-1_V12D07-075_C1,11
AACTGGTGTGGGCCTT-1_V12D07-075_C1,7
AACTTCTGCGTCTATC-1_V12D07-075_C1,8
AACTTGCCCGTATGCA-1_V12D07-075_C1,15
AACTTGCGTTCTCGCG-1_V12D07-075_C1,22
AACTTTACGGGAGCTT-1_V12D07-075_C1,24
AAGAAGGATCAGTTAG-1_V12D07-075_C1,9
AAGACATACGTGGTTT-1_V12D07-075_C1,3
AAGACCCAACTGAACA-1_V12D07-075_C1,5
AAGACTGCAAGCTACT-1_V12D07-075_C1,2
AAGAGATGAATCGGTA-1_V12D07-075_C1,22
AAGAGCTCTTTATCGG-1_V12D07-075_C1,2
AAGAGGATGTACGCGA-1_V12D07-075_C1,20
AAGAGGCATGGATCGC-1_V12D07-075_C1,3
AAGAGGCCCTTTGGAA-1_V12D07-075_C1,14
AAGATTGGCGGAACGT-1_V12D07-075_C1,19
AAGCACCCTGCGTATC-1_V12D07-075_C1,5
AAGCATACTCTCCTGA-1_V12D07-075_C1,5
AAGCCGAAGCGGTTTA-1_V12D07-075_C1,14
AAGCCGGAGAGCAGGA-1_V12D07-075_C1,3
AAGCGCAGGGCTTTGA-1_V12D07-075_C1,17
AAGCGGCGTCATGGGT-1_V12D07-075_C1,1
AAGCTAGATCGAGTAA-1_V12D07-075_C1,5
AAGCTCGTGCCAAGTC-1_V12D07-075_C1,2
AAGCTCTTTCATGGTG-1_V12D07-075_C1,17
AAGGAGCGGTTGGTGC-1_V12D07-075_C1,22
AAGGATCGATCGCTTG-1_V12D07-075_C1,5
AAGGATGAGGGACCTC-1_V12D07-075_C1,25
AAGGCAGGCTGTCTCC-1_V12D07-075_C1,12
AAGGCGCGTAAAGCTT-1_V12D07-075_C1,22
AAGGCTGTGCTCATCG-1_V12D07-075_C1,22
AAGGGACAGATTCTGT-1_V12D07-075_C1,19
AAGGTATCCTAATATA-1_V12D07-075_C1,10
AAGGTGATAAACCAGC-1_V12D07-075_C1,14
AAGTAGAAGACCGGGT-1_V12D07-075_C1,11
AAGTAGTGACGCGAGG-1_V12D07-075_C1,22
AAGTCAATTGTCGTCA-1_V12D07-075_C1,14
AAGTCTTCTGTGGCCT-1_V12D07-075_C1,20
AAGTGACGACCGAATT-1_V12D07-075_C1,13
AAGTGAGTCGGGTTTA-1_V12D07-075_C1,5
AAGTGCAAAGGTAGAC-1_V12D07-075_C1,16
AAGTGCCTTGACTGTA-1_V12D07-075_C1,14
AAGTGTTTGGAGACGG-1_V12D07-075_C1,15
AAGTTCACTCCAAGCT-1_V12D07-075_C1,17
AAGTTCAGTCTGCGTA-1_V12D07-075_C1,1
AAGTTCGGCCAACAGG-1_V12D07-075_C1,13
AAGTTGTGATGTTATA-1_V12D07-075_C1,6
AAGTTTACTAATGGCA-1_V12D07-075_C1,7
AAGTTTATGGGCCCAA-1_V12D07-075_C1,17
AATAACAACGCTCGGC-1_V12D07-075_C1,22
AATAACACTAGAACAA-1_V12D07-075_C1,13
AATAAGTCCTCGAGAC-1_V12D07-075_C1,23
AATAATCTTCGTATCG-1_V12D07-075_C1,10
AATACAATGTTTCAGG-1_V12D07-075_C1,21
AATAGAACAGAGTGGC-1_V12D07-075_C1,13
AATAGAATCTGTTTCA-1_V12D07-075_C1,2
AATAGCAAGCCTCCTG-1_V12D07-075_C1,1
AATAGCTACCGCGTGC-1_V12D07-075_C1,1
AATAGTCCGTCCCGAC-1_V12D07-075_C1,5
AATAGTCGCGAGTCGG-1_V12D07-075_C1,22
AATATCAAGGTCGGAT-1_V12D07-075_C1,23
AATATCGAATCAATGC-1_V12D07-075_C1,19
AATATCGAGGGTTCTC-1_V12D07-075_C1,19
AATATTGGAGTATTGA-1_V12D07-075_C1,21
AATCAGACTGCAGGAC-1_V12D07-075_C1,22
AATCATGTAAAGACTC-1_V12D07-075_C1,14
AATCCAAGGGCCTGAG-1_V12D07-075_C1,7
AATCCATGCAAGGGTG-1_V12D07-075_C1,7
AATCGCCTCAGCGCCA-1_V12D07-075_C1,5
AATCGCGCAGAGGACT-1_V12D07-075_C1,12
AATCGGGACACTACGA-1_V12D07-075_C1,7
AATCGGTATAGCCCTC-1_V12D07-075_C1,3
AATCGTGAGCCGAGCA-1_V12D07-075_C1,17
AATCTATGCCGGAGCC-1_V12D07-075_C1,1
AATCTCTACTGTGGTT-1_V12D07-075_C1,20
AATCTGCGTTGGGACG-1_V12D07-075_C1,25
AATGACAGCAATGTCT-1_V12D07-075_C1,13
AATGACGTAGGATGTC-1_V12D07-075_C1,2
AATGACTGTCAGCCGG-1_V12D07-075_C1,22
AATGAGTTCGCATATG-1_V12D07-075_C1,22
AATGATGATACGCTAT-1_V12D07-075_C1,19
AATGATGCGACTCCTG-1_V12D07-075_C1,10
AATGCAACCGGGTACC-1_V12D07-075_C1,22
AATGCACCAAGCAATG-1_V12D07-075_C1,12
AATGGTCCACCGTTCA-1_V12D07-075_C1,22
AATGGTTCTCACAAGC-1_V12D07-075_C1,22
AATGTTGTCGTGAGAC-1_V12D07-075_C1,17
AATTAAAGGTCGGCGT-1_V12D07-075_C1,2
AATTAACGGATTTCCA-1_V12D07-075_C1,5
AATTACTCGTACGCTC-1_V12D07-075_C1,21
AATTAGCGCTGCAGCG-1_V12D07-075_C1,5
AATTCATAAGGGATCT-1_V12D07-075_C1,10
AATTCCAAGCATGTAC-1_V12D07-075_C1,17
AATTCGATTCGAGGAT-1_V12D07-075_C1,17
AATTCTAGAGTTAGGC-1_V12D07-075_C1,5
AATTGAACGCTCTGGT-1_V12D07-075_C1,2
AATTGCAGCAATCGAC-1_V12D07-075_C1,2
AATTGTGGTTGCCAAA-1_V12D07-075_C1,3
AATTTGGGACATAGTA-1_V12D07-075_C1,1
AATTTGGTTCCAAAGA-1_V12D07-075_C1,7
ACAAAGCATGACCTAG-1_V12D07-075_C1,17
ACAAATCGCACCGAAT-1_V12D07-075_C1,2
ACAAATGGTAGTGTTT-1_V12D07-075_C1,2
ACAAATTCAGATCTGA-1_V12D07-075_C1,1
ACAACAGCATGAGCTA-1_V12D07-075_C1,2
ACAACGGTCCCTGCGA-1_V12D07-075_C1,8
ACAAGCAGTGCCTAGC-1_V12D07-075_C1,15
ACAAGCTATATGGAAG-1_V12D07-075_C1,24
ACAAGGAAATCCGCCC-1_V12D07-075_C1,5
ACAAGGACAAGAGGTT-1_V12D07-075_C1,22
ACAAGGATGCTTTAGG-1_V12D07-075_C1,17
ACAAGGGCAGGCTCTG-1_V12D07-075_C1,2
ACAATCCATTTAAACC-1_V12D07-075_C1,22
ACAATGATTCTTCTAC-1_V12D07-075_C1,1
ACAATTGTGTCTCTTT-1_V12D07-075_C1,14
ACAATTTAGGAGGCTC-1_V12D07-075_C1,24
ACAATTTGAGCAGTGG-1_V12D07-075_C1,19
ACAATTTGGCCATATT-1_V12D07-075_C1,12
ACACAAAGACGGGTGG-1_V12D07-075_C1,22
ACACACCAGGACCAGT-1_V12D07-075_C1,14
ACACACTTTCTACACG-1_V12D07-075_C1,7
ACACATTGACGCAACA-1_V12D07-075_C1,24
ACACCACATAATTAGC-1_V12D07-075_C1,1
ACACCCAGCATGCAGC-1_V12D07-075_C1,10
ACACCCGAGAAATCCG-1_V12D07-075_C1,22
ACACCGAGCGCTCTTT-1_V12D07-075_C1,24
ACACCTTAAGTAGGGC-1_V12D07-075_C1,22
ACACCTTACTACTTGC-1_V12D07-075_C1,12
ACACGAGACTCCTTCT-1_V12D07-075_C1,2
ACACGGCACTATGCAT-1_V12D07-075_C1,7
ACACGGGAACTTAGGG-1_V12D07-075_C1,3
ACACGTAGGCCACAAG-1_V12D07-075_C1,14
ACACTCCAATGTCACT-1_V12D07-075_C1,22
ACACTGATCAAGGTGT-1_V12D07-075_C1,13
ACACTGGGACAGTCGT-1_V12D07-075_C1,14
ACAGATTAGGTTAGTG-1_V12D07-075_C1,7
ACAGCATAGAGCCAGT-1_V12D07-075_C1,7
ACAGCGACATTCTCAT-1_V12D07-075_C1,17
ACAGCGCACCCGCAGC-1_V12D07-075_C1,11
ACAGGCACGGATCCTT-1_V12D07-075_C1,17
ACAGGCTTGCCCGACT-1_V12D07-075_C1,9
ACAGGTGGAGGTGAGG-1_V12D07-075_C1,13
ACAGGTGTGTTGTTGC-1_V12D07-075_C1,20
ACAGTATACCGTGGGA-1_V12D07-075_C1,1
ACATAATAAGGCGGTG-1_V12D07-075_C1,11
ACATCAGCTGGGACGC-1_V12D07-075_C1,22
ACATCCCGGCCATACG-1_V12D07-075_C1,5
ACATCCTGGTAACTGT-1_V12D07-075_C1,3
ACATCGATCGTTTACC-1_V12D07-075_C1,2
ACATCGGTCAGCCGCG-1_V12D07-075_C1,20
ACATCGTATGCAATGG-1_V12D07-075_C1,2
ACATCGTTAACCTAGT-1_V12D07-075_C1,7
ACATGGCGCCAAAGTA-1_V12D07-075_C1,3
ACATGGCTCAATTTAG-1_V12D07-075_C1,9
ACATTAGTTTATATCC-1_V12D07-075_C1,5
ACCAAACACCCAGCGA-1_V12D07-075_C1,1
ACCAACACCACACACT-1_V12D07-075_C1,1
ACCAACCGCACTCCAC-1_V12D07-075_C1,17
ACCAACGCTTATTTAT-1_V12D07-075_C1,20
ACCAAGAACGCGTGTC-1_V12D07-075_C1,16
ACCAAGTCATCGGCAG-1_V12D07-075_C1,3
ACCAATATGCAAGTTA-1_V12D07-075_C1,23
ACCACAACTCAGAACA-1_V12D07-075_C1,11
ACCACAAGTTTCTATC-1_V12D07-075_C1,22
ACCACCAATGTAACAA-1_V12D07-075_C1,19
ACCACCCTCTCTTCTA-1_V12D07-075_C1,1
ACCACGTGCAGCTATA-1_V12D07-075_C1,2
ACCACTGTTCAAGAAG-1_V12D07-075_C1,24
ACCAGACCATAACAAC-1_V12D07-075_C1,24
ACCAGCCCGGTCTTTG-1_V12D07-075_C1,11
ACCAGTGCCCGGTCAA-1_V12D07-075_C1,1
ACCAGTGCGGGAGACG-1_V12D07-075_C1,14
ACCATATCCGCAATAA-1_V12D07-075_C1,2
ACCATCGTATATGGTA-1_V12D07-075_C1,20
ACCATTAAGGGTGTCA-1_V12D07-075_C1,24
ACCCAACGCCCGTGGC-1_V12D07-075_C1,25
ACCCACCTACATGCTC-1_V12D07-075_C1,22
ACCCATCTTGAGGGTA-1_V12D07-075_C1,22
ACCCATTTGTCCCTCT-1_V12D07-075_C1,17
ACCCGGAAACTCCCAG-1_V12D07-075_C1,5
ACCCGGAGCACCACAA-1_V12D07-075_C1,3
ACCCGGATGACGCATC-1_V12D07-075_C1,19
ACCCGGTTACACTTCC-1_V12D07-075_C1,20
ACCCGTAGTCTAGTTG-1_V12D07-075_C1,3
ACCCGTGTCATCAGTA-1_V12D07-075_C1,20
ACCCTATAGGACTGAG-1_V12D07-075_C1,21
ACCCTATGCCATATCG-1_V12D07-075_C1,13
ACCCTCCCGTCAGGGC-1_V12D07-075_C1,24
ACCCTCCCTTGCTATT-1_V12D07-075_C1,2
ACCCTGGTAACGCCCT-1_V12D07-075_C1,1
ACCCTTCATCTGCGAA-1_V12D07-075_C1,7
ACCCTTTAGTTCTCCA-1_V12D07-075_C1,15
ACCGAAAGGGCCCTGC-1_V12D07-075_C1,23
ACCGACACATCTCCCA-1_V12D07-075_C1,5
ACCGACTGAGTCCCAC-1_V12D07-075_C1,2
ACCGATAGGCATAACC-1_V12D07-075_C1,14
ACCGATATTTAATCAT-1_V12D07-075_C1,10
ACCGATGGTAGCATCG-1_V12D07-075_C1,3
ACCGCAATAACTGCCT-1_V12D07-075_C1,15
ACCGCGGTGGAAGTCG-1_V12D07-075_C1,25
ACCGGGCCTTTGTTGA-1_V12D07-075_C1,14
ACCGTTCCCGCTCTGA-1_V12D07-075_C1,7
ACCTAATCGACTTCCT-1_V12D07-075_C1,21
ACCTACAGTATGTGGT-1_V12D07-075_C1,12
ACCTACTATAAATCTA-1_V12D07-075_C1,5
ACCTCCGCCCTCGCTG-1_V12D07-075_C1,14
ACCTCCGTTATTCACC-1_V12D07-075_C1,12
ACGAAATGGGCGGCAC-1_V12D07-075_C1,21
ACGACCCATGAGTTGC-1_V12D07-075_C1,3
ACGACTCTAGGGCCGA-1_V12D07-075_C1,3
ACGAGAACCCATCACG-1_V12D07-075_C1,7
ACGAGATATTTGCTTA-1_V12D07-075_C1,11
ACGAGTACGGATGCCC-1_V12D07-075_C1,19
ACGATACATAGAACTA-1_V12D07-075_C1,10
ACGATACCTATCCTGA-1_V12D07-075_C1,24
ACGATCATACATAGAG-1_V12D07-075_C1,2
ACGATCATCTTGTAAA-1_V12D07-075_C1,19
ACGATGCATATGTTAT-1_V12D07-075_C1,22
ACGATGGATCCGATGC-1_V12D07-075_C1,7
ACGCAAACTAATAGAT-1_V12D07-075_C1,3
ACGCAATCACTACAGC-1_V12D07-075_C1,1
ACGCATAAATGACATG-1_V12D07-075_C1,1
ACGCATACGTTTACTA-1_V12D07-075_C1,17
ACGCATTCGTGAGTAC-1_V12D07-075_C1,2
ACGCCAGATGATTTCT-1_V12D07-075_C1,11
ACGCCAGTGCGTTTGC-1_V12D07-075_C1,3
ACGCCGCTAGACGACC-1_V12D07-075_C1,5
ACGCGAAGTCAGACGA-1_V12D07-075_C1,5
ACGCGCTACACAGGGT-1_V12D07-075_C1,13
ACGCGGGCCAAGGACA-1_V12D07-075_C1,2
ACGCGTTTCTTAAGAG-1_V12D07-075_C1,24
ACGCTAGTGATACACT-1_V12D07-075_C1,19
ACGCTGTGAGGCGTAG-1_V12D07-075_C1,20
ACGGAATTTAGCAAAT-1_V12D07-075_C1,22
ACGGACTCTCAAAGCG-1_V12D07-075_C1,17
ACGGAGCGCAAATTAC-1_V12D07-075_C1,1
ACGGATGGTGCGGATA-1_V12D07-075_C1,16
ACGGCACTTGCTTGGG-1_V12D07-075_C1,5
ACGGCCAACATGGACT-1_V12D07-075_C1,23
ACGGCGACGATGGGAA-1_V12D07-075_C1,2
ACGGCGGGTTGCCCTG-1_V12D07-075_C1,7
ACGGGCGTATGCGACA-1_V12D07-075_C1,1
ACGGGTCATGTGACTT-1_V12D07-075_C1,24
ACGGTACAGTTCAATG-1_V12D07-075_C1,3
ACGTACAGATTTCTCT-1_V12D07-075_C1,7
ACGTAGATTGCTGATG-1_V12D07-075_C1,2
ACGTAGGAGAGTCGCT-1_V12D07-075_C1,3
ACGTATTACTCCGATC-1_V12D07-075_C1,14
ACGTGCGCCTCGTGCA-1_V12D07-075_C1,7
ACGTTAATGTCGAAGA-1_V12D07-075_C1,5
ACGTTAGATTTGCCCG-1_V12D07-075_C1,20
ACGTTATTGGTCACTC-1_V12D07-075_C1,15
ACGTTCCGCGCTCCGT-1_V12D07-075_C1,7
ACGTTCGCAATCAATT-1_V12D07-075_C1,12
ACGTTCGTTCAGGAAA-1_V12D07-075_C1,13
ACGTTCTGTACAAGTC-1_V12D07-075_C1,17
ACGTTTAGTTGTGATC-1_V12D07-075_C1,5
ACTAATACGTCAGGCG-1_V12D07-075_C1,1
ACTACCAGCTCTCTGG-1_V12D07-075_C1,22
ACTACGCGTTAGAATT-1_V12D07-075_C1,5
ACTAGTTGCGATCGTC-1_V12D07-075_C1,14
ACTATATGCTGTGTTC-1_V12D07-075_C1,1
ACTATCCAGGGCATGG-1_V12D07-075_C1,6
ACTATCGCCGGCTAAA-1_V12D07-075_C1,24
ACTATCTGCCCGCGTA-1_V12D07-075_C1,14
ACTATTCGTCCGTGGT-1_V12D07-075_C1,7
ACTATTTCCGGGCCCA-1_V12D07-075_C1,13
ACTCAACGAATGTATT-1_V12D07-075_C1,7
ACTCAAGTGCAAGGCT-1_V12D07-075_C1,17
ACTCAATAAAGGCACG-1_V12D07-075_C1,2
ACTCAGACCTGCTTCT-1_V12D07-075_C1,23
ACTCCCGAATTCGTTT-1_V12D07-075_C1,10
ACTCCCTAATGCTAAA-1_V12D07-075_C1,5
ACTCCCTAGAATAGTA-1_V12D07-075_C1,5
ACTCCGGCCGACCACT-1_V12D07-075_C1,17
ACTCGATGTATTTCAT-1_V12D07-075_C1,22
ACTCGCCGTTCGATAA-1_V12D07-075_C1,17
ACTCGCGATCTGACGC-1_V12D07-075_C1,12
ACTCGTCAGTAATCCC-1_V12D07-075_C1,2
ACTCTAAACCTGGGAT-1_V12D07-075_C1,24
ACTCTCTGACTTAGGT-1_V12D07-075_C1,5
ACTCTCTTATACACGA-1_V12D07-075_C1,11
ACTCTGACCTAATAGA-1_V12D07-075_C1,17
ACTCTTCAGCTCCCGC-1_V12D07-075_C1,1
ACTCTTGTATAGTAAC-1_V12D07-075_C1,2
ACTGAAACGCCGTTAG-1_V12D07-075_C1,17
ACTGAATGGCGAAAGT-1_V12D07-075_C1,2
ACTGCCGTCGTAACTC-1_V12D07-075_C1,11
ACTGCGGACACACCGT-1_V12D07-075_C1,12
ACTGTACGATACACAT-1_V12D07-075_C1,2
ACTGTAGCACTTTGGA-1_V12D07-075_C1,22
ACTGTATACGCGAGCA-1_V12D07-075_C1,7
ACTGTCCAGGATTATA-1_V12D07-075_C1,22
ACTGTCTTCTTTAGAA-1_V12D07-075_C1,2
ACTGTGCTAGTAGATC-1_V12D07-075_C1,22
ACTTACCGGGCGCGCA-1_V12D07-075_C1,1
ACTTACGCATCCACGC-1_V12D07-075_C1,5
ACTTAGTACGACAAGA-1_V12D07-075_C1,22
ACTTATACTTACCCGG-1_V12D07-075_C1,3
ACTTATTAGGATCGGT-1_V12D07-075_C1,2
ACTTATTTATGTGCCA-1_V12D07-075_C1,14
ACTTCAGGCTGATCCC-1_V12D07-075_C1,2
ACTTCCATGCGGGACA-1_V12D07-075_C1,17
ACTTCGCCATACGCAC-1_V12D07-075_C1,2
ACTTCGCTAGCGAGTG-1_V12D07-075_C1,1
ACTTGACTCCCTCTTT-1_V12D07-075_C1,5
ACTTGGGACCCGGTGG-1_V12D07-075_C1,22
ACTTGTGGATGGAACG-1_V12D07-075_C1,14
ACTTTACCCTCATGAA-1_V12D07-075_C1,10
ACTTTCCTATAGCTTC-1_V12D07-075_C1,2
ACTTTGACTGCATCCT-1_V12D07-075_C1,13
ACTTTGTCGACGCACT-1_V12D07-075_C1,19
AGAAATTATGACTCGC-1_V12D07-075_C1,19
AGAACCCAGCGTGACA-1_V12D07-075_C1,12
AGAACGTGGTACATTC-1_V12D07-075_C1,3
AGAAGAGCGCCGTTCC-1_V12D07-075_C1,21
AGAAGGTTGCCGAATT-1_V12D07-075_C1,20
AGAAGGTTGTAGGTCG-1_V12D07-075_C1,17
AGAATAAATCTTCAGG-1_V12D07-075_C1,24
AGAATGCGGGTTCGGA-1_V12D07-075_C1,1
AGAATTATGGATTCGA-1_V12D07-075_C1,25
AGAATTGTTTGACATA-1_V12D07-075_C1,15
AGACAGCTCAGAATCC-1_V12D07-075_C1,6
AGACAGGCATCTCAGC-1_V12D07-075_C1,10
AGACATAGATCCTTCC-1_V12D07-075_C1,7
AGACCATGGGATACAA-1_V12D07-075_C1,22
AGACCCACCGCTGATC-1_V12D07-075_C1,5
AGACCCGCCCTCCTCG-1_V12D07-075_C1,22
AGACCGCTCCGCGGTT-1_V12D07-075_C1,19
AGACGAAGTGCCGGTC-1_V12D07-075_C1,14
AGACGCCCACTTCGCC-1_V12D07-075_C1,14
AGACGGGCCGATTTAA-1_V12D07-075_C1,1
AGACTAGCCTTCCAGA-1_V12D07-075_C1,22
AGACTGTTACCGGGTC-1_V12D07-075_C1,13
AGAGAACCGTCTAGGA-1_V12D07-075_C1,19
AGAGCAGTTATGAGAC-1_V12D07-075_C1,8
AGAGCCGCCGAGATTT-1_V12D07-075_C1,14
AGAGCGGGCTAATCAT-1_V12D07-075_C1,7
AGAGCGTACAAGCTCG-1_V12D07-075_C1,22
AGAGCTACGAAAGCAT-1_V12D07-075_C1,22
AGAGGCTTCGGAAACC-1_V12D07-075_C1,14
AGAGGGACAATTGTCC-1_V12D07-075_C1,1
AGAGTAAACTTCACTA-1_V12D07-075_C1,14
AGAGTATAGTGTTACG-1_V12D07-075_C1,1
AGAGTTAGAGACCGAT-1_V12D07-075_C1,1
AGATAACTTCAGGGCC-1_V12D07-075_C1,22
AGATACCAATAGAACC-1_V12D07-075_C1,17
AGATACCAGCACTTCA-1_V12D07-075_C1,1
AGATACCGGTGTTCAC-1_V12D07-075_C1,20
AGATACGACTTCATAT-1_V12D07-075_C1,22
AGATACTCAAGATCGA-1_V12D07-075_C1,2
AGATATAATACGACTA-1_V12D07-075_C1,17
AGATCGTGCATAAGAT-1_V12D07-075_C1,12
AGATCTCAGGTGTGAT-1_V12D07-075_C1,2
AGATGACTCGCCCACG-1_V12D07-075_C1,10
AGATGAGGGTTGCGAT-1_V12D07-075_C1,1
AGATGATGGAGTCTGG-1_V12D07-075_C1,10
AGATGCTATAACGAGC-1_V12D07-075_C1,24
AGATTATAGGACGTTT-1_V12D07-075_C1,2
AGCAAAGGCCGCTAGT-1_V12D07-075_C1,17
AGCAACATATCTTATT-1_V12D07-075_C1,14
AGCACCAGTACTCACG-1_V12D07-075_C1,2
AGCACTACCGGCCTGT-1_V12D07-075_C1,22
AGCACTACCTCACCAG-1_V12D07-075_C1,5
AGCACTTAAGGACGCC-1_V12D07-075_C1,22
AGCAGAAGGAGAAAGA-1_V12D07-075_C1,17
AGCAGCCAGATGAATA-1_V12D07-075_C1,5
AGCATATCAATATGCT-1_V12D07-075_C1,2
AGCATCGTCGATAATT-1_V12D07-075_C1,10
AGCATTACGAGGCAAG-1_V12D07-075_C1,17
AGCCAAGCTTTGTGTC-1_V12D07-075_C1,17
AGCCACAGGTTACCCG-1_V12D07-075_C1,17
AGCCACTCCCGTGCTT-1_V12D07-075_C1,10
AGCCATATAGTATGTG-1_V12D07-075_C1,3
AGCCCATACATGTAAG-1_V12D07-075_C1,13
AGCCCGCAACAAGCAG-1_V12D07-075_C1,5
AGCCCGGTAGCCTGTA-1_V12D07-075_C1,20
AGCCCTAAGCGAAGTT-1_V12D07-075_C1,11
AGCCCTGTCGCACCGT-1_V12D07-075_C1,12
AGCCCTTCTAATCCGA-1_V12D07-075_C1,1
AGCCCTTGGACATCCC-1_V12D07-075_C1,14
AGCCGCAAATTCAAAT-1_V12D07-075_C1,24
AGCCGCTTGATTAGCG-1_V12D07-075_C1,24
AGCCTTAAAGCGGAAG-1_V12D07-075_C1,6
AGCGACAGGAACGGTC-1_V12D07-075_C1,13
AGCGACATCCCATTCA-1_V12D07-075_C1,7
AGCGACCAACGATATT-1_V12D07-075_C1,22
AGCGATGCGCCTAATA-1_V12D07-075_C1,17
AGCGCATAATGAATCG-1_V12D07-075_C1,5
AGCGCGGGTGCCAATG-1_V12D07-075_C1,19
AGCGCTAGAGCGATGT-1_V12D07-075_C1,1
AGCGCTTATGGGCAAG-1_V12D07-075_C1,1
AGCGGACACTTCGTAG-1_V12D07-075_C1,17
AGCGGGAAGGGTCCAT-1_V12D07-075_C1,7
AGCGGGTCTGACACTC-1_V12D07-075_C1,17
AGCGGTTGCCGCTCTG-1_V12D07-075_C1,1
AGCGTACGAGAGCTAG-1_V12D07-075_C1,7
AGCGTCTGAACCCGCA-1_V12D07-075_C1,7
AGCGTGGTATTCTACT-1_V12D07-075_C1,5
AGCTAAGTACGCAGGC-1_V12D07-075_C1,17
AGCTAGAAGCAGAAGT-1_V12D07-075_C1,12
AGCTATTTAATCCAAC-1_V12D07-075_C1,11
AGCTCCATATATGTTC-1_V12D07-075_C1,14
AGCTCCTTCGCACATC-1_V12D07-075_C1,5
AGCTCTAGACGTTCCA-1_V12D07-075_C1,13
AGCTCTTCCCAGTGCA-1_V12D07-075_C1,10
AGCTCTTCGTAACCTT-1_V12D07-075_C1,19
AGCTCTTTACTCAGTT-1_V12D07-075_C1,20
AGCTGAAGTAAACCAA-1_V12D07-075_C1,10
AGCTTATAGAGACCTG-1_V12D07-075_C1,7
AGCTTCTTCTCGAGCA-1_V12D07-075_C1,17
AGCTTGATCTTAACTT-1_V12D07-075_C1,13
AGGAACGAACGACTTC-1_V12D07-075_C1,3
AGGAAGCTGTCCGCCG-1_V12D07-075_C1,5
AGGACAGTCGAATCCC-1_V12D07-075_C1,8
AGGACATCGCACGTCG-1_V12D07-075_C1,16
AGGACATCGGCACACT-1_V12D07-075_C1,3
AGGACGACCCATTAGA-1_V12D07-075_C1,20
AGGACGCTCGATGTTG-1_V12D07-075_C1,12
AGGACTTATAGGAGAA-1_V12D07-075_C1,24
AGGAGACATCCACAGT-1_V12D07-075_C1,1
AGGAGGCCTTCGCGCG-1_V12D07-075_C1,14
AGGATAAAGTCGGGAT-1_V12D07-075_C1,5
AGGATATAGGGATTTA-1_V12D07-075_C1,14
AGGATATCCGACTGCA-1_V12D07-075_C1,13
AGGATTGCTTACGACA-1_V12D07-075_C1,1
AGGCACGTGACTGTCC-1_V12D07-075_C1,14
AGGCAGATGCGTAAAC-1_V12D07-075_C1,19
AGGCAGGGAGCGTACT-1_V12D07-075_C1,20
AGGCATTGTCGTAGGG-1_V12D07-075_C1,14
AGGCCACATTGGTTAC-1_V12D07-075_C1,12
AGGCCACCCGTTATGA-1_V12D07-075_C1,22
AGGCCCAGTGACTGGT-1_V12D07-075_C1,15
AGGCCCATTGTACAGG-1_V12D07-075_C1,6
AGGCCTGAGAATCTCG-1_V12D07-075_C1,17
AGGCGATAACTGGCGT-1_V12D07-075_C1,3
AGGCGTCTATGGACGG-1_V12D07-075_C1,1
AGGCTATGGTTAGCTT-1_V12D07-075_C1,22
AGGCTTCCCGAAGAAG-1_V12D07-075_C1,13
AGGCTTGCTAGACACC-1_V12D07-075_C1,6
AGGGAAACGAGGTACT-1_V12D07-075_C1,1
AGGGACCGGCTGCGTT-1_V12D07-075_C1,12
AGGGACTCTACGCGAC-1_V12D07-075_C1,20
AGGGAGACATACTTCG-1_V12D07-075_C1,1
AGGGCAGCGGCGTGGT-1_V12D07-075_C1,7
AGGGCCCTAATGTTCT-1_V12D07-075_C1,3
AGGGCGTGATCGGCTA-1_V12D07-075_C1,7
AGGGCTGCAGTTACAG-1_V12D07-075_C1,2
AGGGTCAGTAACCCTA-1_V12D07-075_C1,1
AGGGTCGATGCGAACT-1_V12D07-075_C1,3
AGGGTCTGGACGCAGT-1_V12D07-075_C1,3
AGGGTGCTCTCGAGGG-1_V12D07-075_C1,25
AGGGTGGATAGTGCAT-1_V12D07-075_C1,22
AGGGTTCCCTTTGGTT-1_V12D07-075_C1,25
AGGGTTTAGTTCGGGA-1_V12D07-075_C1,2
AGGTAACCTCCTATTC-1_V12D07-075_C1,7
AGGTACGATATTGCCA-1_V12D07-075_C1,11
AGGTAGGTACAAAGCT-1_V12D07-075_C1,22
AGGTATAATTGATAGT-1_V12D07-075_C1,10
AGGTATGCGGACATTA-1_V12D07-075_C1,1
AGGTCGCCTCCCAACA-1_V12D07-075_C1,3
AGGTCGCGGAGTTACT-1_V12D07-075_C1,12
AGGTGCACGTCCACAT-1_V12D07-075_C1,3
AGGTGGTGACCTTCGC-1_V12D07-075_C1,5
AGGTGTATCGCCATGA-1_V12D07-075_C1,20
AGGTGTTGCCGACCAC-1_V12D07-075_C1,3
AGGTTACACCATGCCG-1_V12D07-075_C1,12
AGGTTGAGGCACGCTT-1_V12D07-075_C1,11
AGGTTTCACACACCTT-1_V12D07-075_C1,5
AGTAACGTTCATCCTG-1_V12D07-075_C1,1
AGTAACTATAGCAGCC-1_V12D07-075_C1,3
AGTAATGTCTTGCCGC-1_V12D07-075_C1,7
AGTACATCATTTATCA-1_V12D07-075_C1,12
AGTACCTTCGAGTGCT-1_V12D07-075_C1,1
AGTACGGCCCGTATCG-1_V12D07-075_C1,9
AGTACGGGCACCTGGC-1_V12D07-075_C1,10
AGTACGTGGCCTGTCT-1_V12D07-075_C1,1
AGTACTCTTATGCCCA-1_V12D07-075_C1,5
AGTAGAAGGCGCCTCA-1_V12D07-075_C1,3
AGTAGGAAGGAAGTTG-1_V12D07-075_C1,1
AGTAGGTAACATACAT-1_V12D07-075_C1,7
AGTATAATACTAGGCA-1_V12D07-075_C1,22
AGTATACACAGCGACA-1_V12D07-075_C1,5
AGTATTTGGCACGACC-1_V12D07-075_C1,20
AGTCAACACCACCATC-1_V12D07-075_C1,20
AGTCAAGATGACACTT-1_V12D07-075_C1,14
AGTCACTAGCTCTCGA-1_V12D07-075_C1,17
AGTCAGCCACCGCCTG-1_V12D07-075_C1,18
AGTCCATTGGCTGATG-1_V12D07-075_C1,14
AGTCCCGCCTTTAATT-1_V12D07-075_C1,10
AGTCCCTCGCAGAAAG-1_V12D07-075_C1,1
AGTCGACGGTCTCAAG-1_V12D07-075_C1,3
AGTCGGCCCAAACGAC-1_V12D07-075_C1,22
AGTCGGTTGCGTGAGA-1_V12D07-075_C1,12
AGTCGTATAAAGCAGA-1_V12D07-075_C1,17
AGTCGTCGACCACCAA-1_V12D07-075_C1,17
AGTCTAAAGTATACTC-1_V12D07-075_C1,1
AGTCTGGACATCCTTG-1_V12D07-075_C1,8
AGTCTTCTCCTCAAAT-1_V12D07-075_C1,2
AGTCTTTAAAGTGTCC-1_V12D07-075_C1,3
AGTGAACAAACTTCTC-1_V12D07-075_C1,14
AGTGAAGATGGTGTCC-1_V12D07-075_C1,1
AGTGACCTACTTTACG-1_V12D07-075_C1,2
AGTGAGACTTCCAGTA-1_V12D07-075_C1,3
AGTGAGCCTCGCCGCC-1_V12D07-075_C1,19
AGTGAGGGTTTCTGAC-1_V12D07-075_C1,1
AGTGAGTCGAATTAAC-1_V12D07-075_C1,24
AGTGATAACCTGCGCG-1_V12D07-075_C1,17
AGTGATATGAGTAGTT-1_V12D07-075_C1,20
AGTGATTCAAGCAGGA-1_V12D07-075_C1,3
AGTGCACGCTTAAGAA-1_V12D07-075_C1,15
AGTGCGTAGCTCGTAA-1_V12D07-075_C1,20
AGTGCTAAACACAGCA-1_V12D07-075_C1,17
AGTGCTTGCACGAATA-1_V12D07-075_C1,14
AGTGGCGGCAATTTGA-1_V12D07-075_C1,19
AGTGGCGTCTGAAGGT-1_V12D07-075_C1,17
AGTGGCTCCGTCGGCC-1_V12D07-075_C1,13
AGTGGGAGTATACACG-1_V12D07-075_C1,24
AGTGGTTGCGTATAGG-1_V12D07-075_C1,24
AGTGTATTGCGCATTG-1_V12D07-075_C1,19
AGTGTGCTAAGATCGC-1_V12D07-075_C1,24
AGTGTGGTCTATTGTG-1_V12D07-075_C1,16
AGTTAAACACTTGCGA-1_V12D07-075_C1,22
AGTTAAGCGGTCCCGG-1_V12D07-075_C1,10
AGTTACCCTTAAGACT-1_V12D07-075_C1,22
AGTTACCGCACATGGT-1_V12D07-075_C1,22
AGTTACTCTATCGTGG-1_V12D07-075_C1,10
AGTTCACCGGTTGGAC-1_V12D07-075_C1,21
AGTTCCTACAGAATTA-1_V12D07-075_C1,22
AGTTCCTATTTATGTT-1_V12D07-075_C1,24
AGTTCTGCGTTGTATC-1_V12D07-075_C1,21
AGTTGACATCGGCTGG-1_V12D07-075_C1,7
AGTTGACGGTCCTTGC-1_V12D07-075_C1,17
AGTTGCTGACTGATAT-1_V12D07-075_C1,22
AGTTGGCAAGGCTAGA-1_V12D07-075_C1,3
AGTTTATGTAAAGACA-1_V12D07-075_C1,1
AGTTTCGCAGGTCGGA-1_V12D07-075_C1,7
AGTTTGCACCTGCCTC-1_V12D07-075_C1,5
AGTTTGGCACGGGTTG-1_V12D07-075_C1,14
AGTTTGGCCAGACCTA-1_V12D07-075_C1,13
ATAAACGGACCCGTAA-1_V12D07-075_C1,5
ATAAACGTTGCACCAC-1_V12D07-075_C1,14
ATAAAGGCTCGGTCGT-1_V12D07-075_C1,22
ATAAAGGTCAAGTACG-1_V12D07-075_C1,1
ATAAATATTAGCAGCT-1_V12D07-075_C1,20
ATAACGCCGGAGGGTC-1_V12D07-075_C1,3
ATAACGGAGTCCAACG-1_V12D07-075_C1,23
ATAACGTTACCTCCAC-1_V12D07-075_C1,1
ATAAGGTGGAGAACAT-1_V12D07-075_C1,5
ATAAGTACCCGATTGT-1_V12D07-075_C1,1
ATAAGTAGGATTCAGA-1_V12D07-075_C1,19
ATAAGTAGGGCGACTC-1_V12D07-075_C1,10
ATAAGTTACCGCGACG-1_V12D07-075_C1,20
ATAATACCGTTAGCCG-1_V12D07-075_C1,22
ATAATAGCTGTTGAAT-1_V12D07-075_C1,5
ATAATAGTGTAGGGAC-1_V12D07-075_C1,18
ATAATCTTGGAGAACC-1_V12D07-075_C1,17
ATAATTAGCTAAGTAG-1_V12D07-075_C1,17
ATACAGGCCCTCCAAT-1_V12D07-075_C1,5
ATACCACGGGCAACTT-1_V12D07-075_C1,20
ATACCAGGCTAATAGA-1_V12D07-075_C1,7
ATACCGTCATCCATAA-1_V12D07-075_C1,1
ATACCTAACCAAGAAA-1_V12D07-075_C1,8
ATACGAAGGCTTTCCA-1_V12D07-075_C1,1
ATACGCCGGCGAAACC-1_V12D07-075_C1,5
ATACGGGTTTCGATTG-1_V12D07-075_C1,10
ATACGGTGAAGATGCA-1_V12D07-075_C1,24
ATACGTACTTAGCCAC-1_V12D07-075_C1,5
ATACGTCCACTCCTGT-1_V12D07-075_C1,14
ATACGTTATGCACGGA-1_V12D07-075_C1,17
ATACTACCCGTACCAC-1_V12D07-075_C1,17
ATACTAGCATGACCCT-1_V12D07-075_C1,10
ATACTCTCGCCACTCT-1_V12D07-075_C1,7
ATACTGCCTTACACCG-1_V12D07-075_C1,17
ATACTTGTTCTCGAGC-1_V12D07-075_C1,17
ATAGACAACGGGACCT-1_V12D07-075_C1,25
ATAGACGAAGAGAAAG-1_V12D07-075_C1,22
ATAGAGTACTGGGACA-1_V12D07-075_C1,22
ATAGAGTTATCAACTT-1_V12D07-075_C1,19
ATAGCAACTAGGGAAG-1_V12D07-075_C1,17
ATAGCCTCAGTACCCA-1_V12D07-075_C1,22
ATAGCTGCTCTTGTTA-1_V12D07-075_C1,24
ATAGGAATCTAAGCTT-1_V12D07-075_C1,1
ATAGGCGGCTATAGAA-1_V12D07-075_C1,13
ATAGGCTAGCTTCGCA-1_V12D07-075_C1,19
ATAGGGATATCCTTGA-1_V12D07-075_C1,18
ATAGGTTGGGCAGATG-1_V12D07-075_C1,2
ATAGTCTTTGACGTGC-1_V12D07-075_C1,16
ATAGTGAAGCGTTCTC-1_V12D07-075_C1,2
ATAGTTCCACCCACTC-1_V12D07-075_C1,19
ATATAAAGCGCTCGTG-1_V12D07-075_C1,5
ATATAAATGTAGCTGC-1_V12D07-075_C1,5
ATATAACACGGGCGCA-1_V12D07-075_C1,17
ATATACGCTCGTGACG-1_V12D07-075_C1,17
ATATCAACCTACAGAG-1_V12D07-075_C1,19
ATATCGGTAGGGAGAT-1_V12D07-075_C1,12
ATATCGTTCCTCGAAC-1_V12D07-075_C1,17
ATATCTCCCTCGTTAA-1_V12D07-075_C1,10
ATATCTTAGGGCCTTC-1_V12D07-075_C1,2
ATATGGGATAGCAACT-1_V12D07-075_C1,5
ATATGTCTCCCTAGCC-1_V12D07-075_C1,25
ATATGTGCACAAACCA-1_V12D07-075_C1,1
ATATTATCCCGTATTT-1_V12D07-075_C1,24
ATATTCAGTTAAACCT-1_V12D07-075_C1,20
ATATTCCACATAGTGA-1_V12D07-075_C1,21
ATATTCCCACAGGTCA-1_V12D07-075_C1,7
ATATTGCTGTCAAAGT-1_V12D07-075_C1,22
ATATTGGAGAGGCCTT-1_V12D07-075_C1,14
ATATTTAACCCTCAAG-1_V12D07-075_C1,22
ATCAAACACTGTTCCA-1_V12D07-075_C1,3
ATCAAACGAAGGTTTG-1_V12D07-075_C1,13
ATCAATCTGGGCTGCA-1_V12D07-075_C1,2
ATCACATTAGAATATC-1_V12D07-075_C1,10
ATCACGTGCTAATTAA-1_V12D07-075_C1,13
ATCACTTCATCCTCGC-1_V12D07-075_C1,11
ATCAGACGGCACGCCG-1_V12D07-075_C1,20
ATCAGCCTCATGCTGC-1_V12D07-075_C1,5
ATCAGGTAGCTGACAG-1_V12D07-075_C1,1
ATCAGGTCGCCATTGC-1_V12D07-075_C1,1
ATCAGTAGGCAGGGAT-1_V12D07-075_C1,10
ATCATAGCCCTATGTA-1_V12D07-075_C1,17
ATCATCCAATATTTGT-1_V12D07-075_C1,2
ATCATGGACTACCGAC-1_V12D07-075_C1,12
ATCCAACGCAGTCATA-1_V12D07-075_C1,22
ATCCAATGGAGGGTCC-1_V12D07-075_C1,13
ATCCAATGGTACCGAA-1_V12D07-075_C1,24
ATCCACATCGACAGAA-1_V12D07-075_C1,17
ATCCACGCTAAATGTT-1_V12D07-075_C1,11
ATCCACTTTCAGACTA-1_V12D07-075_C1,1
ATCCAGAGCAACAACC-1_V12D07-075_C1,20
ATCCAGGATTCGTGAA-1_V12D07-075_C1,20
ATCCCATTTCCGTGGG-1_V12D07-075_C1,5
ATCCGGACCAGCCTGA-1_V12D07-075_C1,3
ATCCTACCTAAGCTCT-1_V12D07-075_C1,20
ATCCTGAATCGCTGCG-1_V12D07-075_C1,20
ATCCTGCGTGGAATGG-1_V12D07-075_C1,20
ATCCTGCTGCAGATAG-1_V12D07-075_C1,7
ATCCTTCTGAAAGAAC-1_V12D07-075_C1,10
ATCGACCCAATACAGA-1_V12D07-075_C1,2
ATCGACTCTTTCCGTT-1_V12D07-075_C1,2
ATCGCACGCCGGGAGA-1_V12D07-075_C1,22
ATCGCCAGTCAACATT-1_V12D07-075_C1,3
ATCGCTGCGTGCAGCA-1_V12D07-075_C1,1
ATCGCTTTACGTCTCA-1_V12D07-075_C1,1
ATCGGAGACAGACGGC-1_V12D07-075_C1,21
ATCGGCAAGCAGTCCA-1_V12D07-075_C1,12
ATCGGTTACCTAGTAA-1_V12D07-075_C1,24
ATCGTATTCCGAGAAC-1_V12D07-075_C1,24
ATCGTCCAATCGAGTC-1_V12D07-075_C1,16
ATCGTTAGCTAGCGGA-1_V12D07-075_C1,17
ATCGTTCACTTTCGCC-1_V12D07-075_C1,1
ATCTAACGTCCCTATG-1_V12D07-075_C1,24
ATCTAATATCCTACGG-1_V12D07-075_C1,5
ATCTACCATCTGCTCC-1_V12D07-075_C1,24
ATCTAGCTTGTGAGGG-1_V12D07-075_C1,17
ATCTCCCACGGAATAT-1_V12D07-075_C1,17
ATCTCCCTGCAATCTA-1_V12D07-075_C1,11
ATCTCGTGAGCGAAAC-1_V12D07-075_C1,12
ATCTGATAGTGTCTTA-1_V12D07-075_C1,24
ATCTGCACCTCTGCGA-1_V12D07-075_C1,13
ATCTGCTGTTATCGCC-1_V12D07-075_C1,21
ATCTGGGCTGTTCTTG-1_V12D07-075_C1,17
ATCTGGTTAAGACTGT-1_V12D07-075_C1,23
ATCTGTAATTGTACCC-1_V12D07-075_C1,11
ATCTTATCGCACACCC-1_V12D07-075_C1,2
ATCTTGACCTGCAACG-1_V12D07-075_C1,23
ATCTTGACTTGTCCAA-1_V12D07-075_C1,11
ATCTTTCGTATAACCA-1_V12D07-075_C1,1
ATGAAGCCAAGGAGCC-1_V12D07-075_C1,22
ATGAAGTGGACCCAGC-1_V12D07-075_C1,24
ATGACGCCGGCTCTAA-1_V12D07-075_C1,7
ATGACTATGCGACATT-1_V12D07-075_C1,14
ATGAGGAGTGTTAATC-1_V12D07-075_C1,22
ATGAGGGCAGCGGCTA-1_V12D07-075_C1,12
ATGATCGGGAATAGAC-1_V12D07-075_C1,11
ATGATGCAATGGTACA-1_V12D07-075_C1,20
ATGCACCTTCCTTAAT-1_V12D07-075_C1,9
ATGCACTACCGCATTG-1_V12D07-075_C1,23
ATGCATGATCCAGGAT-1_V12D07-075_C1,2
ATGCCAATCGCTCTGC-1_V12D07-075_C1,1
ATGCCATTTGCGACCA-1_V12D07-075_C1,14
ATGCCGGTCTTGCATA-1_V12D07-075_C1,2
ATGCCGGTTGATGGGA-1_V12D07-075_C1,10
ATGCGACAATTGGTCC-1_V12D07-075_C1,1
ATGCGACAGTCCCATT-1_V12D07-075_C1,2
ATGCGAGTCCCACCAC-1_V12D07-075_C1,14
ATGCTCAGTGTTGCAT-1_V12D07-075_C1,6
ATGCTCTGGCGCGGTA-1_V12D07-075_C1,17
ATGCTTAGGAGTTGAT-1_V12D07-075_C1,14
ATGGAACCTTTGCACA-1_V12D07-075_C1,12
ATGGAGCAGGCCGTGA-1_V12D07-075_C1,2
ATGGATCCGGCGTCCG-1_V12D07-075_C1,10
ATGGATTGACCAAACG-1_V12D07-075_C1,22
ATGGCAGCCGAGAAAC-1_V12D07-075_C1,24
ATGGCGGAATAGTCGC-1_V12D07-075_C1,1
ATGGCTGGAAATGGCC-1_V12D07-075_C1,1
ATGGGCCTCGGCCTCT-1_V12D07-075_C1,14
ATGGTCGCGTGGTTTC-1_V12D07-075_C1,2
ATGGTTACGAAACATG-1_V12D07-075_C1,1
ATGTAAGGCTGCTCTT-1_V12D07-075_C1,12
ATGTACATGCGGTGAG-1_V12D07-075_C1,14
ATGTACGATGACGTCG-1_V12D07-075_C1,17
ATGTAGCGCGCGTAGG-1_V12D07-075_C1,17
ATGTCATTTCCCATTG-1_V12D07-075_C1,24
ATGTGCATCCGACGCA-1_V12D07-075_C1,22
ATGTGGACATCTTGAT-1_V12D07-075_C1,5
ATGTTACGAGCAATAC-1_V12D07-075_C1,22
ATGTTCCTGCCCACCT-1_V12D07-075_C1,24
ATGTTCGTCGACCCAC-1_V12D07-075_C1,15
ATGTTGATTAGAGACT-1_V12D07-075_C1,17
ATGTTGTAGTCTGTTT-1_V12D07-075_C1,3
ATGTTTCGGCCCGGAG-1_V12D07-075_C1,1
ATTAAACATGCGGACC-1_V12D07-075_C1,2
ATTAACACCTGAGATA-1_V12D07-075_C1,24
ATTAATACTACGCGGG-1_V12D07-075_C1,2
ATTAATGAACCAGTCG-1_V12D07-075_C1,10
ATTAATTCGGTCACTC-1_V12D07-075_C1,11
ATTACAACTACCGGCC-1_V12D07-075_C1,10
ATTACATGTCAGTCTT-1_V12D07-075_C1,14
ATTACCACACTGCCTG-1_V12D07-075_C1,12
ATTACGACTCCACAGT-1_V12D07-075_C1,1
ATTACGCGCTGGCAGG-1_V12D07-075_C1,20
ATTACTAGCCTCTTGC-1_V12D07-075_C1,7
ATTACTTACTGGGCAT-1_V12D07-075_C1,12
ATTAGATTCCTCAGCA-1_V12D07-075_C1,12
ATTAGATTGATAGCGG-1_V12D07-075_C1,11
ATTAGGCGATGCTTTC-1_V12D07-075_C1,2
ATTATACTTTGCTCGT-1_V12D07-075_C1,11
ATTATAGCTACTTTAC-1_V12D07-075_C1,12
ATTATCGGAATGTACG-1_V12D07-075_C1,5
ATTATCTCGACAGATC-1_V12D07-075_C1,7
ATTATGCCATAGGGAG-1_V12D07-075_C1,10
ATTATTCAGAGTCACT-1_V12D07-075_C1,17
ATTCAAAGTACCTGTT-1_V12D07-075_C1,24
ATTCAACCATTTAAGG-1_V12D07-075_C1,17
ATTCACTGATGTTGGA-1_V12D07-075_C1,5
ATTCAGGACCTATTTC-1_V12D07-075_C1,12
ATTCAGTAGCAGGGTC-1_V12D07-075_C1,22
ATTCATATACTGTCCA-1_V12D07-075_C1,5
ATTCATCGTTGAGGCA-1_V12D07-075_C1,17
ATTCCCACATAAACAA-1_V12D07-075_C1,22
ATTCCTAAGACGTGGA-1_V12D07-075_C1,1
ATTCCTCCGCCAGTGC-1_V12D07-075_C1,22
ATTCCTTCCAGGCGGT-1_V12D07-075_C1,9
ATTCGACGCCGGGCCT-1_V12D07-075_C1,18
ATTCGCGCCTTGAGAG-1_V12D07-075_C1,17
ATTCGTGCTATCTCTT-1_V12D07-075_C1,12
ATTCTCGTCTCTTTAG-1_V12D07-075_C1,7
ATTCTGAGTATGAACT-1_V12D07-075_C1,1
ATTCTTCGTACTTATG-1_V12D07-075_C1,1
ATTGAAGATCTTAGTG-1_V12D07-075_C1,22
ATTGACCGGCGATGAC-1_V12D07-075_C1,1
ATTGACGTAACTCGGT-1_V12D07-075_C1,7
ATTGATAGCAACGAGA-1_V12D07-075_C1,21
ATTGATGAGTCCTAAC-1_V12D07-075_C1,25
ATTGCCTTTATGTTTG-1_V12D07-075_C1,17
ATTGCGATCAGTAACT-1_V12D07-075_C1,14
ATTGCTGCTCCTCCAT-1_V12D07-075_C1,22
ATTGGATTACAGCGTA-1_V12D07-075_C1,14
ATTGGGAATATCTTGG-1_V12D07-075_C1,7
ATTGGGAGTTCTGTAA-1_V12D07-075_C1,1
ATTGGTAGGATCCGCT-1_V12D07-075_C1,24
ATTGGTTGTGCATTAC-1_V12D07-075_C1,3
ATTGTACAACTCGGCT-1_V12D07-075_C1,19
ATTGTCGCAATACCTT-1_V12D07-075_C1,10
ATTGTCTGTTTCATGT-1_V12D07-075_C1,23
ATTGTGACTTCGCTGC-1_V12D07-075_C1,1
ATTGTTCAACGATCCG-1_V12D07-075_C1,10
ATTTAACTCGTATTAC-1_V12D07-075_C1,7
ATTTACAGTTTACTGG-1_V12D07-075_C1,22
ATTTACTAAGTCCATT-1_V12D07-075_C1,12
ATTTCATTATTTCGCG-1_V12D07-075_C1,10
ATTTGTCTTGGGAGCT-1_V12D07-075_C1,2
ATTTGTTCCAGGGCTC-1_V12D07-075_C1,11
CAAACCAGGTCTGCAT-1_V12D07-075_C1,24
CAAACCCTCCGGCGGG-1_V12D07-075_C1,13
CAAACGAGTATCGCAG-1_V12D07-075_C1,20
CAAACGGTCGCACTTT-1_V12D07-075_C1,22
CAAACTACGATAGAGA-1_V12D07-075_C1,11
CAAACTATTGAGCTTC-1_V12D07-075_C1,11
CAAACTCGCGACGCCG-1_V12D07-075_C1,25
CAAAGGTCATCTGAAA-1_V12D07-075_C1,12
CAAAGGTTAAATTCAG-1_V12D07-075_C1,1
CAAAGTCAGGTTAGCT-1_V12D07-075_C1,18
CAAATGTCCTTCCGTG-1_V12D07-075_C1,2
CAAATTGGATTATGCC-1_V12D07-075_C1,1
CAAATTGTCAGCAAGC-1_V12D07-075_C1,7
CAACACATCTCCTGCC-1_V12D07-075_C1,1
CAACATGGCCTGATAA-1_V12D07-075_C1,24
CAACCAGTGGCCTACC-1_V12D07-075_C1,14
CAACCGCACCTAGACA-1_V12D07-075_C1,24
CAACCTACCGAGCAGT-1_V12D07-075_C1,17
CAACCTGAACCTGCCA-1_V12D07-075_C1,1
CAACGACCCGTTTACA-1_V12D07-075_C1,11
CAACGGTTCTTGATAC-1_V12D07-075_C1,9
CAACGTGGTGGAGTCT-1_V12D07-075_C1,14
CAACTATATCGAATGC-1_V12D07-075_C1,10
CAACTCCGTAACTTGC-1_V12D07-075_C1,1
CAACTCCTTGATCCCG-1_V12D07-075_C1,7
CAACTGCTCATCCGAT-1_V12D07-075_C1,20
CAACTTGTAGTGGGCA-1_V12D07-075_C1,23
CAAGAAACCCTAAACT-1_V12D07-075_C1,1
CAAGACTCAGAAGCGC-1_V12D07-075_C1,1
CAAGAGGGCGGAGTAC-1_V12D07-075_C1,2
CAAGATATTATAACGT-1_V12D07-075_C1,14
CAAGCAACGTCGGAGT-1_V12D07-075_C1,22
CAAGCACCAAATGCCT-1_V12D07-075_C1,11
CAAGCGGCACATAATT-1_V12D07-075_C1,5
CAAGGATCGCATGTTC-1_V12D07-075_C1,5
CAAGGCCAGTGGTGCA-1_V12D07-075_C1,17
CAAGGTCCTATAGGCT-1_V12D07-075_C1,10
CAAGTAAGTGATAGAC-1_V12D07-075_C1,5
CAAGTGAACTTTGGTT-1_V12D07-075_C1,7
CAAGTGTGGTTGCAAA-1_V12D07-075_C1,14
CAATAAACCTTGGCCC-1_V12D07-075_C1,23
CAATACGAGAGTCTGA-1_V12D07-075_C1,12
CAATACGCTCTGAGGC-1_V12D07-075_C1,13
CAATATTCTTGACCTA-1_V12D07-075_C1,13
CAATATTGGACTAGTG-1_V12D07-075_C1,8
CAATCCCTATACCAGC-1_V12D07-075_C1,1
CAATCCTGCCGTGGAG-1_V12D07-075_C1,6
CAATGAGGTTCGACTA-1_V12D07-075_C1,1
CAATGCGAGAAGTATC-1_V12D07-075_C1,8
CAATGGAATCTACATA-1_V12D07-075_C1,1
CAATGGATCTCTACCA-1_V12D07-075_C1,25
CAATGGTCGGCCTGGG-1_V12D07-075_C1,7
CAATGTGCCAACCCTT-1_V12D07-075_C1,12
CAATTAAGGGTGATGA-1_V12D07-075_C1,2
CAATTTCGTATAAGGG-1_V12D07-075_C1,2
CAATTTGACCGGGAAG-1_V12D07-075_C1,15
CACAAGAAAGATATTA-1_V12D07-075_C1,1
CACAATGAGCTGCTAT-1_V12D07-075_C1,5
CACACACGCTAACGAG-1_V12D07-075_C1,17
CACACAGCTTGCGCTC-1_V12D07-075_C1,10
CACACAGGGATAGATT-1_V12D07-075_C1,15
CACACGCGCTGTCTTA-1_V12D07-075_C1,3
CACACTTGTATTGCGA-1_V12D07-075_C1,1
CACAGCACCCACGGCA-1_V12D07-075_C1,2
CACAGCTAGGGAGTGA-1_V12D07-075_C1,11
CACAGGGCCATATAGT-1_V12D07-075_C1,17
CACAGGGCCGTTGTCA-1_V12D07-075_C1,5
CACAGTCCCGCTTCGC-1_V12D07-075_C1,14
CACAGTTCGCTTCCCA-1_V12D07-075_C1,14
CACATATTAGCAGGAT-1_V12D07-075_C1,15
CACATCTCACCGACGA-1_V12D07-075_C1,5
CACATGATTCAGCAAC-1_V12D07-075_C1,2
CACATGTTTGGACATG-1_V12D07-075_C1,9
CACATTCTTTCGATGG-1_V12D07-075_C1,10
CACATTTCTTGTCAGA-1_V12D07-075_C1,25
CACCACGCCACACAGA-1_V12D07-075_C1,24
CACCATCGGAGGAGAC-1_V12D07-075_C1,7
CACCATGATCGCAAAG-1_V12D07-075_C1,1
CACCCAAATCTTATGT-1_V12D07-075_C1,10
CACCCACACGTCACCC-1_V12D07-075_C1,9
CACCCACGAGGCAATT-1_V12D07-075_C1,10
CACCCGGTTTGTGACT-1_V12D07-075_C1,13
CACCCTAACAAGATCT-1_V12D07-075_C1,8
CACCCTTTCCTCGCTC-1_V12D07-075_C1,23
CACCGATACACCGAGC-1_V12D07-075_C1,11
CACCGCCAGAAGGTTT-1_V12D07-075_C1,22
CACCGCCGACCAGCGA-1_V12D07-075_C1,7
CACCGCGTCCACTCTA-1_V12D07-075_C1,1
CACCGGAGATATCTCC-1_V12D07-075_C1,1
CACCGTATCCCATCCG-1_V12D07-075_C1,14
CACCGTTAGGGATCAC-1_V12D07-075_C1,13
CACCGTTGCGCGATAT-1_V12D07-075_C1,13
CACCTAATAGAGTCGT-1_V12D07-075_C1,18
CACCTAATCAGTTTAC-1_V12D07-075_C1,11
CACCTCGATGGTGGAC-1_V12D07-075_C1,11
CACCTTGCGAAACTCG-1_V12D07-075_C1,10
CACCTTGGCGCCTTTG-1_V12D07-075_C1,14
CACGAAAGTTAGTCCC-1_V12D07-075_C1,9
CACGACGTAATAGTAA-1_V12D07-075_C1,1
CACGCACAGCGCAGCT-1_V12D07-075_C1,11
CACGCAGCGAGGCTTT-1_V12D07-075_C1,22
CACGCGGAACTGTTGC-1_V12D07-075_C1,14
CACGGACGTGGATGGC-1_V12D07-075_C1,1
CACGGCGCGCCAAAGG-1_V12D07-075_C1,1
CACGGGATTGAGGGTT-1_V12D07-075_C1,16
CACGTCAATCAATGGA-1_V12D07-075_C1,14
CACGTCGGCAACCTCT-1_V12D07-075_C1,13
CACGTCGGGTTCTAGA-1_V12D07-075_C1,24
CACGTCTATGATGTGG-1_V12D07-075_C1,1
CACGTTCGTGCTCTAG-1_V12D07-075_C1,3
CACGTTTCGTACACAC-1_V12D07-075_C1,17
CACTAAAGTTGCCTAT-1_V12D07-075_C1,22
CACTACGGGAGCTGCC-1_V12D07-075_C1,14
CACTACTCAGTTCTGT-1_V12D07-075_C1,7
CACTCAAGAGCTATGG-1_V12D07-075_C1,2
CACTCAGCTCTTGAGG-1_V12D07-075_C1,7
CACTCCTCTCGGTCGG-1_V12D07-075_C1,10
CACTCGAGCTGAACAA-1_V12D07-075_C1,2
CACTCGGTTAGGAGGA-1_V12D07-075_C1,20
CACTCTTCTGCTAGCC-1_V12D07-075_C1,17
CACTGACGATTGTGGA-1_V12D07-075_C1,5
CACTGTCCAAGTGAGA-1_V12D07-075_C1,22
CACTTAATCAGACGGA-1_V12D07-075_C1,22
CACTTCGCCACAGGCT-1_V12D07-075_C1,8
CACTTCGTCTTATCTC-1_V12D07-075_C1,24
CAGAACTTAGCCCTCT-1_V12D07-075_C1,21
CAGAATAACACACGGA-1_V12D07-075_C1,14
CAGAATATTCGTTATC-1_V12D07-075_C1,10
CAGACACCGATCGCTG-1_V12D07-075_C1,20
CAGACCTGTAAGTGTT-1_V12D07-075_C1,19
CAGACGAACCTGATAC-1_V12D07-075_C1,20
CAGAGACGGTCACCCA-1_V12D07-075_C1,20
CAGAGCATGAGCTTGC-1_V12D07-075_C1,2
CAGAGCGATGGATGCT-1_V12D07-075_C1,3
CAGAGGCGATGCATGA-1_V12D07-075_C1,13
CAGAGTGATTTAACGT-1_V12D07-075_C1,7
CAGATAATGGGCGGGT-1_V12D07-075_C1,6
CAGATACTAACATAGT-1_V12D07-075_C1,23
CAGATCATTTAAAGTC-1_V12D07-075_C1,1
CAGCAGCCCGTTCCTT-1_V12D07-075_C1,19
CAGCAGTCCAGACTAT-1_V12D07-075_C1,14
CAGCAGTCTGTGCTGC-1_V12D07-075_C1,17
CAGCCGGGCCCTCTAT-1_V12D07-075_C1,10
CAGCCTCCTGCAGAGG-1_V12D07-075_C1,10
CAGCCTCGATAGCGGT-1_V12D07-075_C1,3
CAGCCTCTCCTCAAGA-1_V12D07-075_C1,12
CAGCGATTCCCTTCAA-1_V12D07-075_C1,13
CAGCGCCAACACGATA-1_V12D07-075_C1,24
CAGCTCACTGAGACAT-1_V12D07-075_C1,23
CAGCTCGACAAGTTAA-1_V12D07-075_C1,25
CAGCTCGTGCTTGTGT-1_V12D07-075_C1,7
CAGCTTAGTAGGTAGC-1_V12D07-075_C1,15
CAGGAAGACTTTATAT-1_V12D07-075_C1,10
CAGGACAGCTGCCCTT-1_V12D07-075_C1,1
CAGGATATATCGTTGT-1_V12D07-075_C1,2
CAGGCAGTCTTACCAG-1_V12D07-075_C1,17
CAGGCCGTTTGGGTGT-1_V12D07-075_C1,20
CAGGCGCCATGCTAGG-1_V12D07-075_C1,5
CAGTAACTATTTATTG-1_V12D07-075_C1,12
CAGTAATCCCTCCCAG-1_V12D07-075_C1,18
CAGTACATTCTCTAAA-1_V12D07-075_C1,12
CAGTAGATGATGTCCG-1_V12D07-075_C1,24
CAGTAGCCCACGCGGT-1_V12D07-075_C1,19
CAGTCGAGGATGCAAT-1_V12D07-075_C1,19
CAGTCTCTCGGCTAAT-1_V12D07-075_C1,7
CAGTCTGTATACTGGG-1_V12D07-075_C1,5
CAGTGAATAAATGACT-1_V12D07-075_C1,10
CAGTGGTTGCACATGA-1_V12D07-075_C1,6
CAGTGTCCGCAGAATG-1_V12D07-075_C1,22
CAGTGTCGGCTGGCCC-1_V12D07-075_C1,2
CAGTTCAAATTGACAC-1_V12D07-075_C1,22
CAGTTCCGCGGGTCGA-1_V12D07-075_C1,22
CAGTTCGAGGACCCGA-1_V12D07-075_C1,3
CATAACGGACAGTCGT-1_V12D07-075_C1,3
CATAAGAAGCTTGGCT-1_V12D07-075_C1,23
CATAATGAGCGGGCGA-1_V12D07-075_C1,7
CATACAAAGCCGAACC-1_V12D07-075_C1,7
CATACACGGTTCCCAC-1_V12D07-075_C1,5
CATACCCGTACCCAGT-1_V12D07-075_C1,22
CATACGGCGTCTGGGC-1_V12D07-075_C1,2
CATACTATGTAATTGT-1_V12D07-075_C1,22
CATACTTAGGCAATAC-1_V12D07-075_C1,12
CATACTTCTTTCTCCG-1_V12D07-075_C1,5
CATAGAGGAGATACTA-1_V12D07-075_C1,17
CATAGCCGCCCGGGAT-1_V12D07-075_C1,21
CATAGCGTTGCCCACC-1_V12D07-075_C1,13
CATAGTACATTGAGAG-1_V12D07-075_C1,10
CATAGTAGCATAGTAG-1_V12D07-075_C1,22
CATAGTCAAATACATA-1_V12D07-075_C1,17
CATAGTCCACAAGAAC-1_V12D07-075_C1,13
CATAGTGGGCACGCCT-1_V12D07-075_C1,3
CATATACTACTGATAA-1_V12D07-075_C1,12
CATATAGGTACAGTCA-1_V12D07-075_C1,2
CATATTATTTGCCCTA-1_V12D07-075_C1,11
CATCAAACTGGCGCCC-1_V12D07-075_C1,1
CATCAACACCTACTAA-1_V12D07-075_C1,24
CATCATCTACCCGGAC-1_V12D07-075_C1,7
CATCATTACCCTGAGG-1_V12D07-075_C1,17
CATCCCGAGATTCATA-1_V12D07-075_C1,3
CATCCGCAGGCCCGAA-1_V12D07-075_C1,24
CATCCTCTCAAAGATC-1_V12D07-075_C1,17
CATCGCCCGCGGCCAA-1_V12D07-075_C1,7
CATCGGACGGGTTAAT-1_V12D07-075_C1,2
CATCGTCCGGTTACTA-1_V12D07-075_C1,22
CATCTACCCGAGAACG-1_V12D07-075_C1,1
CATCTAGTGAAGGGAA-1_V12D07-075_C1,12
CATCTATCCCGTGTCT-1_V12D07-075_C1,12
CATCTGCAGGATCATT-1_V12D07-075_C1,24
CATCTTACACCACCTC-1_V12D07-075_C1,19
CATGAACCGACATTTG-1_V12D07-075_C1,7
CATGAACCTCTTATCA-1_V12D07-075_C1,7
CATGACTTCGCTGAAT-1_V12D07-075_C1,19
CATGAGATGCACTCTC-1_V12D07-075_C1,17
CATGATCGCTTTGAGA-1_V12D07-075_C1,3
CATGATGCACAATTCT-1_V12D07-075_C1,23
CATGATGGAAGTTAGC-1_V12D07-075_C1,14
CATGCATGGAGACCCT-1_V12D07-075_C1,7
CATGCGACCAGTTTAA-1_V12D07-075_C1,19
CATGCGTTAGACAGAA-1_V12D07-075_C1,7
CATGCTGGCTCCAATT-1_V12D07-075_C1,7
CATGGAAATGGGACCA-1_V12D07-075_C1,1
CATGGATTGTCTTCCG-1_V12D07-075_C1,17
CATGGCAGGAAGATCG-1_V12D07-075_C1,11
CATGGCTCCCTATGTC-1_V12D07-075_C1,24
CATGGGTATGCCTTAT-1_V12D07-075_C1,8
CATGGGTCGGGTGTGG-1_V12D07-075_C1,10
CATGGTAAGTAGCGTT-1_V12D07-075_C1,2
CATGGTCTAGATACCG-1_V12D07-075_C1,2
CATGGTTTATTAATCA-1_V12D07-075_C1,17
CATGTAAGAGACATTT-1_V12D07-075_C1,17
CATGTAGGAGCGCCAA-1_V12D07-075_C1,1
CATGTCTCATTTATGG-1_V12D07-075_C1,2
CATTACATAGATTGTG-1_V12D07-075_C1,1
CATTACGCAGGAAGGG-1_V12D07-075_C1,3
CATTACGTCGGCCCGT-1_V12D07-075_C1,11
CATTATGCTTGTTGTG-1_V12D07-075_C1,22
CATTCACTGACAGCTA-1_V12D07-075_C1,7
CATTCCCATTCCGTCG-1_V12D07-075_C1,1
CATTCCCTAAGTACAA-1_V12D07-075_C1,18
CATTCGTCGTAGCGGT-1_V12D07-075_C1,3
CATTGATGAACACGCC-1_V12D07-075_C1,1
CATTGCGAAATGGGCG-1_V12D07-075_C1,20
CATTGCGGGTCAATTC-1_V12D07-075_C1,1
CATTGTGTGCTAGATC-1_V12D07-075_C1,22
CATTTAGCGGACCATG-1_V12D07-075_C1,10
CATTTATCGTTCAAGA-1_V12D07-075_C1,7
CATTTCTAGCAGACTA-1_V12D07-075_C1,18
CATTTGAGTGGTACGT-1_V12D07-075_C1,20
CCAAACAGAACCCTCG-1_V12D07-075_C1,22
CCAAAGCAGTTGGTTG-1_V12D07-075_C1,9
CCAAATAACAAGATTC-1_V12D07-075_C1,19
CCAACGATGCACTGAT-1_V12D07-075_C1,22
CCAACGCTTGCCAGGG-1_V12D07-075_C1,1
CCAACTTGATAGATCC-1_V12D07-075_C1,12
CCAAGAAAGTGGGCGA-1_V12D07-075_C1,20
CCAAGACTTCTGCGAA-1_V12D07-075_C1,11
CCAAGCGTAACTCGTA-1_V12D07-075_C1,2
CCAAGGAACAGAGAGG-1_V12D07-075_C1,7
CCAAGGTTGCCCTTTC-1_V12D07-075_C1,3
CCAAGTTTCTACAGAT-1_V12D07-075_C1,24
CCAATAGATTTCATCT-1_V12D07-075_C1,24
CCAATAGTGCCGTCGA-1_V12D07-075_C1,22
CCAATCGGTAGATCGA-1_V12D07-075_C1,10
CCAATGTCACAGCAAG-1_V12D07-075_C1,24
CCAATTACGGGTCGAG-1_V12D07-075_C1,12
CCAATTGAATGTTAAT-1_V12D07-075_C1,23
CCACAATGTACGTCTT-1_V12D07-075_C1,25
CCACACTGAGATATTA-1_V12D07-075_C1,20
CCACAGCTGAAATCAT-1_V12D07-075_C1,7
CCACAGTACCCATCCT-1_V12D07-075_C1,14
CCACATACTGCACCCA-1_V12D07-075_C1,10
CCACCAACTTTACTGT-1_V12D07-075_C1,13
CCACCCAAGGAAAGTG-1_V12D07-075_C1,13
CCACCTGTATGGAATA-1_V12D07-075_C1,3
CCACGAATTTAACCTC-1_V12D07-075_C1,19
CCACGAGAAGAGAATC-1_V12D07-075_C1,11
CCACGGTGCCCGGTAG-1_V12D07-075_C1,10
CCACGTAAATTAGACT-1_V12D07-075_C1,1
CCACTATCCGGGTCAC-1_V12D07-075_C1,1
CCACTGGTGGCTGGTT-1_V12D07-075_C1,20
CCACTGTTTGGATTAA-1_V12D07-075_C1,17
CCAGAAACTGATGCGA-1_V12D07-075_C1,13
CCAGAAAGCAACTCAT-1_V12D07-075_C1,13
CCAGAGACAAAGCCGG-1_V12D07-075_C1,15
CCAGATAGTTGAGTGA-1_V12D07-075_C1,25
CCAGCCTGGACCAATA-1_V12D07-075_C1,2
CCAGCGGGATCACCAG-1_V12D07-075_C1,1
CCAGCTACGCCTCATA-1_V12D07-075_C1,7
CCAGCTCGAACGCATT-1_V12D07-075_C1,17
CCAGCTGATGGTACTT-1_V12D07-075_C1,20
CCAGCTTCCGCCCGCA-1_V12D07-075_C1,9
CCAGGCTGGCGTCTGA-1_V12D07-075_C1,19
CCAGGGACGTGGCCTC-1_V12D07-075_C1,22
CCAGTAGTCTGATCCA-1_V12D07-075_C1,19
CCAGTCCATTATTCGA-1_V12D07-075_C1,18
CCAGTCTAGACGGCGC-1_V12D07-075_C1,10
CCAGTCTTGTCATAGA-1_V12D07-075_C1,5
CCATAAACAACCCGAC-1_V12D07-075_C1,11
CCATACCTTTACTTGT-1_V12D07-075_C1,19
CCATACTCGCCTCTCC-1_V12D07-075_C1,24
CCATAGGTTGGCGTGG-1_V12D07-075_C1,11
CCATAGTCAGTAACCC-1_V12D07-075_C1,24
CCATATGGAAACTATA-1_V12D07-075_C1,14
CCATATTGGATCATGA-1_V12D07-075_C1,22
CCATCCATACCAAGTC-1_V12D07-075_C1,7
CCATCGCAGTTAAACT-1_V12D07-075_C1,5
CCATCTCACCAGTGAA-1_V12D07-075_C1,3
CCATCTTGTTCACAAT-1_V12D07-075_C1,23
CCATGCCCTAGATTTC-1_V12D07-075_C1,17
CCATGCCTGTTTAGTA-1_V12D07-075_C1,20
CCATGCTCTGCAGGAA-1_V12D07-075_C1,23
CCATGGCCCTTGTACC-1_V12D07-075_C1,22
CCATTAGCGATAATCC-1_V12D07-075_C1,22
CCATTCCCTGCCCACA-1_V12D07-075_C1,22
CCATTGTTTCCTCCAT-1_V12D07-075_C1,1
CCATTTCTACCTATTA-1_V12D07-075_C1,5
CCCAAACATGCTGCTC-1_V12D07-075_C1,3
CCCAACATACGTCGCG-1_V12D07-075_C1,20
CCCAACCACACTAACA-1_V12D07-075_C1,7
CCCAAGTCATTACACT-1_V12D07-075_C1,17
CCCAATTTCACAACTT-1_V12D07-075_C1,20
CCCAGAGGAGGGCGTA-1_V12D07-075_C1,12
CCCAGGTCTGAAGGCT-1_V12D07-075_C1,14
CCCAGTTAAGGCGCCG-1_V12D07-075_C1,12
CCCATATAGGTCGATT-1_V12D07-075_C1,3
CCCGACCATAGTCCGC-1_V12D07-075_C1,11
CCCGAGTTTCTCCGTA-1_V12D07-075_C1,3
CCCGATAGCCTCGCCT-1_V12D07-075_C1,1
CCCGCAGCGCGAACTA-1_V12D07-075_C1,5
CCCGCAGGGCCCAAAG-1_V12D07-075_C1,11
CCCGCCATGCTCCCGT-1_V12D07-075_C1,22
CCCGCGCAATGCACCC-1_V12D07-075_C1,18
CCCGGCTAGGTGAGAA-1_V12D07-075_C1,24
CCCGGGTCGTTCAGGG-1_V12D07-075_C1,17
CCCGGTGGAAGAACCT-1_V12D07-075_C1,8
CCCGTAAGTCTAGGCC-1_V12D07-075_C1,13
CCCGTAGCTGGGAAGA-1_V12D07-075_C1,13
CCCGTCAGCGTCTGAC-1_V12D07-075_C1,10
CCCGTTTCGCAGATGT-1_V12D07-075_C1,14
CCCTACTTGAACAATG-1_V12D07-075_C1,5
CCCTAGTGTCAGGTGT-1_V12D07-075_C1,9
CCCTCAAGCTCTTAGT-1_V12D07-075_C1,22
CCCTCATTCTGGAATT-1_V12D07-075_C1,7
CCCTCCTCGCTCGTAT-1_V12D07-075_C1,14
CCCTGAAATGAGTTGA-1_V12D07-075_C1,22
CCCTGACTAACAAATT-1_V12D07-075_C1,20
CCCTGATGTAACTCGT-1_V12D07-075_C1,24
CCCTGCGCTACGCATA-1_V12D07-075_C1,22
CCCTGGTATGGGCGGC-1_V12D07-075_C1,7
CCCTGTTGGCAAAGAC-1_V12D07-075_C1,24
CCCTTTAATGGAGTTC-1_V12D07-075_C1,14
CCCTTTGACAGGTCTT-1_V12D07-075_C1,5
CCGAAAGTGGTGAGCA-1_V12D07-075_C1,9
CCGAACCTTCCCGGCC-1_V12D07-075_C1,5
CCGAAGGGCGTACCGC-1_V12D07-075_C1,1
CCGAAGTATATTGTTC-1_V12D07-075_C1,22
CCGACAAACACATGAG-1_V12D07-075_C1,23
CCGACAAAGGGAGTGC-1_V12D07-075_C1,22
CCGACAATAGGCCGCC-1_V12D07-075_C1,14
CCGACGTAAACACAAC-1_V12D07-075_C1,1
CCGACTCGCATAGTCT-1_V12D07-075_C1,7
CCGAGAAGTCGCATAA-1_V12D07-075_C1,7
CCGAGCTGTGCTTGTC-1_V12D07-075_C1,1
CCGAGGGATGTTAGGC-1_V12D07-075_C1,7
CCGATATGACGTAAGG-1_V12D07-075_C1,10
CCGATCTCAACCTTAT-1_V12D07-075_C1,19
CCGATTCGAGGGACCC-1_V12D07-075_C1,20
CCGCACAAAGACCAAC-1_V12D07-075_C1,2
CCGCACACGAACGTGT-1_V12D07-075_C1,12
CCGCACGTGACCTCGG-1_V12D07-075_C1,22
CCGCACTTGCAATGAC-1_V12D07-075_C1,3
CCGCATGTGGTACGAT-1_V12D07-075_C1,5
CCGCCGGTCAACACAC-1_V12D07-075_C1,7
CCGCCGTTGAGGATAA-1_V12D07-075_C1,12
CCGCCTGCGAATTGGT-1_V12D07-075_C1,1
CCGCGATTTGGTAGGT-1_V12D07-075_C1,20
CCGCGGAATGCGTCAC-1_V12D07-075_C1,13
CCGCGGGTACGAAGAA-1_V12D07-075_C1,21
CCGCGTAGGTAAGGGC-1_V12D07-075_C1,22
CCGCTATCAGCACCAG-1_V12D07-075_C1,2
CCGCTCTTCCGAACTA-1_V12D07-075_C1,17
CCGCTGGTGCCATTCA-1_V12D07-075_C1,7
CCGCTTACCTCACTCT-1_V12D07-075_C1,13
CCGCTTGCTGACATGG-1_V12D07-075_C1,1
CCGGAAGTTATCAGTC-1_V12D07-075_C1,10
CCGGAATGGTTTCAGT-1_V12D07-075_C1,22
CCGGAGCGTACTTTCT-1_V12D07-075_C1,5
CCGGAGGTCTTATGGT-1_V12D07-075_C1,1
CCGGCACGACCGTTTC-1_V12D07-075_C1,12
CCGGCGCATATTGGAT-1_V12D07-075_C1,7
CCGGGACCCGCAGAGA-1_V12D07-075_C1,7
CCGGGCGGTCTCGTCA-1_V12D07-075_C1,2
CCGGGCTGCTCCATAC-1_V12D07-075_C1,3
CCGGGTTCGAGGTTAC-1_V12D07-075_C1,20
CCGGTAATGGCTAGTC-1_V12D07-075_C1,12
CCGGTGCGAGTGATAG-1_V12D07-075_C1,24
CCGGTTTGTAATTGTG-1_V12D07-075_C1,13
CCGTAAGTTGGTCCCA-1_V12D07-075_C1,3
CCGTACCCAAGCGCCA-1_V12D07-075_C1,7
CCGTAGGAAATCCCTG-1_V12D07-075_C1,17
CCGTAGGGTTGTTTAC-1_V12D07-075_C1,17
CCGTATTAGCGCAGTT-1_V12D07-075_C1,1
CCGTGAGGCATTCATG-1_V12D07-075_C1,1
CCGTGCCCATGACGGC-1_V12D07-075_C1,7
CCGTGGAACGATCCAA-1_V12D07-075_C1,12
CCGTGTTAAATTCCAT-1_V12D07-075_C1,13
CCGTTACGTTAGAACA-1_V12D07-075_C1,10
CCGTTCCGAATCTCGG-1_V12D07-075_C1,20
CCTAAAGGCTGACGCT-1_V12D07-075_C1,10
CCTAAATTAACGGTTC-1_V12D07-075_C1,5
CCTAAATTGTATCCTA-1_V12D07-075_C1,19
CCTAACCCAAACAAGT-1_V12D07-075_C1,14
CCTAACTAAGGCTCTA-1_V12D07-075_C1,12
CCTACAAGTCCGGAAT-1_V12D07-075_C1,1
CCTACGGCTCAGTCGA-1_V12D07-075_C1,21
CCTACTCAACACGATT-1_V12D07-075_C1,3
CCTACTGCTTACACTT-1_V12D07-075_C1,22
CCTAGGCGTAGCGATC-1_V12D07-075_C1,3
CCTAGTTAGTCGCATG-1_V12D07-075_C1,7
CCTATAATGAGTGCCC-1_V12D07-075_C1,15
CCTATACCGTCCTGTC-1_V12D07-075_C1,13
CCTATATTTGTCCTGG-1_V12D07-075_C1,5
CCTATCTATATCGGAA-1_V12D07-075_C1,10
CCTATGAAGTGGTGCC-1_V12D07-075_C1,12
CCTATGGGTTACCGTC-1_V12D07-075_C1,2
CCTATGGTCAAAGCTG-1_V12D07-075_C1,17
CCTATGTCCACTCCAC-1_V12D07-075_C1,17
CCTCACCAATCTTGAC-1_V12D07-075_C1,22
CCTCACCTGAGGGAGC-1_V12D07-075_C1,25
CCTCACCTTAGCATCG-1_V12D07-075_C1,19
CCTCACGTCAGCTAAT-1_V12D07-075_C1,3
CCTCATGCAGCTACGA-1_V12D07-075_C1,7
CCTCCCGACAATCCCT-1_V12D07-075_C1,7
CCTCCGACAATTCAAG-1_V12D07-075_C1,22
CCTCCTGAGCCCACAT-1_V12D07-075_C1,24
CCTCCTGTTGTGTCGT-1_V12D07-075_C1,17
CCTCGAAGTGGACGGG-1_V12D07-075_C1,11
CCTCGCCAGCAAATTA-1_V12D07-075_C1,11
CCTCGCGCGATATAGG-1_V12D07-075_C1,19
CCTCGCGCTGTGCGAT-1_V12D07-075_C1,5
CCTCGGACCGGGATAG-1_V12D07-075_C1,1
CCTCGGATGCTACCTG-1_V12D07-075_C1,24
CCTCGTTACGCCTGTT-1_V12D07-075_C1,1
CCTCTAATCTGCCAAG-1_V12D07-075_C1,11
CCTCTCTCCCATCTAG-1_V12D07-075_C1,22
CCTCTGGCCTAGACGG-1_V12D07-075_C1,11
CCTCTGTACTATTCTA-1_V12D07-075_C1,5
CCTGAACGATATATTC-1_V12D07-075_C1,3
CCTGAATATTTACATA-1_V12D07-075_C1,2
CCTGACAAACTCGCGC-1_V12D07-075_C1,24
CCTGACCACCGATGGT-1_V12D07-075_C1,5
CCTGCCCGTTGTCTAG-1_V12D07-075_C1,24
CCTGCGATAGAACTGT-1_V12D07-075_C1,22
CCTGCGTTCTACGCTT-1_V12D07-075_C1,22
CCTGCTATTTGAGAAG-1_V12D07-075_C1,7
CCTGGAAACGTTCTGC-1_V12D07-075_C1,12
CCTGGCTAGACCCGCC-1_V12D07-075_C1,22
CCTGGTCGAATGTGGG-1_V12D07-075_C1,5
CCTGTAAGACATGATA-1_V12D07-075_C1,22
CCTGTACTCACGCCCA-1_V12D07-075_C1,20
CCTGTCACCCGGGCTC-1_V12D07-075_C1,2
CCTGTCCCTCACGTTA-1_V12D07-075_C1,12
CCTGTCGCCCGTAAAT-1_V12D07-075_C1,2
CCTGTGAAACCGTAAC-1_V12D07-075_C1,24
CCTGTTTGAAGACACG-1_V12D07-075_C1,17
CCTTCAGTTAAAGTGA-1_V12D07-075_C1,13
CCTTCGTATAGAATCC-1_V12D07-075_C1,17
CCTTCTTGATCCAGTG-1_V12D07-075_C1,11
CCTTGACCACTTTATT-1_V12D07-075_C1,14
CCTTTAAGGGAGCACT-1_V12D07-075_C1,20
CCTTTCAATGAAGAAA-1_V12D07-075_C1,19
CGAAACATAGATGGCA-1_V12D07-075_C1,11
CGAAACGCAATTCATG-1_V12D07-075_C1,13
CGAACAGTATGGGCGT-1_V12D07-075_C1,23
CGAACATAGTCAGAAA-1_V12D07-075_C1,1
CGAACCCGCATGCGTC-1_V12D07-075_C1,20
CGAACGCCCAGTGCCG-1_V12D07-075_C1,7
CGAAGACGGTGAGTGC-1_V12D07-075_C1,24
CGAAGCTATAAATTCA-1_V12D07-075_C1,1
CGAAGTTGCTCTGTGT-1_V12D07-075_C1,22
CGAATGACGCATAATG-1_V12D07-075_C1,5
CGAATTCCCGGTTCAA-1_V12D07-075_C1,3
CGACAATTTGATCTAA-1_V12D07-075_C1,14
CGACACCGCTTAAGGA-1_V12D07-075_C1,23
CGACACGCTCCGACAG-1_V12D07-075_C1,14
CGACAGTTCGCGTTAT-1_V12D07-075_C1,22
CGACATGCGATCTTCT-1_V12D07-075_C1,7
CGACTCAGGATGTTAT-1_V12D07-075_C1,10
CGACTTTGTATAGCCT-1_V12D07-075_C1,10
CGAGACCCTAGAGTGT-1_V12D07-075_C1,2
CGAGACTACTGCTGCT-1_V12D07-075_C1,3
CGAGAGATGTGAACCT-1_V12D07-075_C1,23
CGAGAGCTTTCACTAC-1_V12D07-075_C1,17
CGAGAGGGTAGCCGCG-1_V12D07-075_C1,14
CGAGATTTCGCTCGGG-1_V12D07-075_C1,12
CGAGCACTTCAAGTTT-1_V12D07-075_C1,22
CGAGCCGAGCACTCGA-1_V12D07-075_C1,24
CGAGCGTTGATCAGCC-1_V12D07-075_C1,7
CGAGCTGGGCTTTAGG-1_V12D07-075_C1,11
CGAGGAGCTTCCATAT-1_V12D07-075_C1,1
CGAGGATCGGGAACGA-1_V12D07-075_C1,1
CGAGGCCAGGCATTGG-1_V12D07-075_C1,22
CGAGGCTAAATATGGC-1_V12D07-075_C1,2
CGAGGGACTGCGGTCG-1_V12D07-075_C1,5
CGAGGGTATCCAGGTG-1_V12D07-075_C1,17
CGAGTACTAAAGAGGA-1_V12D07-075_C1,13
CGAGTGCTATAGTTCG-1_V12D07-075_C1,7
CGAGTTCTGTCCCACC-1_V12D07-075_C1,25
CGAGTTTATCGGACTG-1_V12D07-075_C1,3
CGATAATACTCAGGTT-1_V12D07-075_C1,12
CGATACCTCGCGGACA-1_V12D07-075_C1,20
CGATAGTCGTACTGCA-1_V12D07-075_C1,17
CGATATTAGCCGCAGG-1_V12D07-075_C1,7
CGATCCGACCCAGTGC-1_V12D07-075_C1,2
CGATGGACCCTACGCC-1_V12D07-075_C1,19
CGATTAAATATCTCCT-1_V12D07-075_C1,5
CGATTCGCCTGGCTGC-1_V12D07-075_C1,5
CGCAAACACGAGTTAC-1_V12D07-075_C1,22
CGCAATCGATCATTAG-1_V12D07-075_C1,24
CGCAATTACTTTCGGT-1_V12D07-075_C1,22
CGCAATTAGGGTAATA-1_V12D07-075_C1,23
CGCAATTCTACAATAA-1_V12D07-075_C1,6
CGCACATGTCCACTAC-1_V12D07-075_C1,19
CGCACGTGCGCTATCA-1_V12D07-075_C1,19
CGCAGAAACATTTGCG-1_V12D07-075_C1,16
CGCAGATCTTCACCCG-1_V12D07-075_C1,1
CGCAGGCGATCCAAAC-1_V12D07-075_C1,14
CGCATCATGGCTTCAG-1_V12D07-075_C1,11
CGCATCCATCAGCCAG-1_V12D07-075_C1,1
CGCATGCCGAATGCGT-1_V12D07-075_C1,23
CGCATGGTGCGATGCT-1_V12D07-075_C1,5
CGCATTAGCTAATAGG-1_V12D07-075_C1,22
CGCCAAGAAGCCGAGT-1_V12D07-075_C1,13
CGCCAATTATTGCGTT-1_V12D07-075_C1,24
CGCCACCCGCATTAAC-1_V12D07-075_C1,9
CGCCATCCGATTATGA-1_V12D07-075_C1,10
CGCCCAGCACGCCTAG-1_V12D07-075_C1,20
CGCCCAGCGTTTCACG-1_V12D07-075_C1,17
CGCCCGCTTCCGTACA-1_V12D07-075_C1,10
CGCCCTTGAAGGCTGA-1_V12D07-075_C1,15
CGCCGACTATTCGCTA-1_V12D07-075_C1,24
CGCCGCCCATGCCTGT-1_V12D07-075_C1,2
CGCCGTCTACCCATCG-1_V12D07-075_C1,1
CGCCGTTCAGCATAGT-1_V12D07-075_C1,17
CGCCTCCCTCCTCTAT-1_V12D07-075_C1,2
CGCCTGGCCTACGTAA-1_V12D07-075_C1,13
CGCCTTTAGCATGCTC-1_V12D07-075_C1,12
CGCGAAGTGGCATACT-1_V12D07-075_C1,17
CGCGACACTGCGCAGC-1_V12D07-075_C1,22
CGCGACCGCGACAGAT-1_V12D07-075_C1,5
CGCGAGAGGGACTTGT-1_V12D07-075_C1,1
CGCGCATGTTTGATTG-1_V12D07-075_C1,20
CGCGCCCGACTTAATA-1_V12D07-075_C1,10
CGCGGCAGTATTACGG-1_V12D07-075_C1,22
CGCGGCTCAACTTGAA-1_V12D07-075_C1,14
CGCGGGAATTAGGCAG-1_V12D07-075_C1,19
CGCGGTAAGTCTAGCT-1_V12D07-075_C1,1
CGCGGTACGGTATACA-1_V12D07-075_C1,3
CGCGGTCACAAACCAA-1_V12D07-075_C1,1
CGCGTACATTCTGGAA-1_V12D07-075_C1,1
CGCGTTCATGAAATAC-1_V12D07-075_C1,22
CGCTACGGGACATTTA-1_V12D07-075_C1,20
CGCTAGAGACCGCTGC-1_V12D07-075_C1,19
CGCTATACCGCCCACT-1_V12D07-075_C1,11
CGCTATTCAATGTATG-1_V12D07-075_C1,8
CGCTATTCTTAGGCTC-1_V12D07-075_C1,2
CGCTCGACATAATGAT-1_V12D07-075_C1,23
CGCTCTCCGTAGATTA-1_V12D07-075_C1,22
CGCTGGTGACTACCCT-1_V12D07-075_C1,14
CGCTGTGACGCCGCAC-1_V12D07-075_C1,22
CGCTGTGTGGATGTTG-1_V12D07-075_C1,13
CGCTTAGTATTGATAC-1_V12D07-075_C1,5
CGCTTATTCCCGGTCG-1_V12D07-075_C1,13
CGCTTCCACTGAAATC-1_V12D07-075_C1,22
CGCTTCGGTCTAAGAC-1_V12D07-075_C1,17
CGCTTGGACGGATAGA-1_V12D07-075_C1,3
CGCTTTCATACCGGTG-1_V12D07-075_C1,7
CGCTTTCTTGCATTCG-1_V12D07-075_C1,25
CGGAAAGAATCAAACG-1_V12D07-075_C1,13
CGGAAAGCAAATGTGC-1_V12D07-075_C1,24
CGGAACGTAAACATAG-1_V12D07-075_C1,20
CGGAGCAATTTAATCG-1_V12D07-075_C1,5
CGGAGCATGGCGATCC-1_V12D07-075_C1,5
CGGAGCTTATAACACC-1_V12D07-075_C1,1
CGGAGTTTGAGAGACA-1_V12D07-075_C1,22
CGGATAAGCGGACATG-1_V12D07-075_C1,22
CGGATCCTCAAGGACT-1_V12D07-075_C1,17
CGGCAAACATCGTGCG-1_V12D07-075_C1,5
CGGCAATAAGATCGCC-1_V12D07-075_C1,14
CGGCACCGTTAGCGCC-1_V12D07-075_C1,1
CGGCACTCAAGAAAGT-1_V12D07-075_C1,7
CGGCAGGGTCGGGTTG-1_V12D07-075_C1,25
CGGCCACGCACAAAGT-1_V12D07-075_C1,2
CGGCCAGAGCGACCAT-1_V12D07-075_C1,5
CGGCCCAACCTGTAGT-1_V12D07-075_C1,1
CGGCCCAGGTATATCC-1_V12D07-075_C1,3
CGGCGCCATCAATCCC-1_V12D07-075_C1,17
CGGCTCTAAAGCTGCA-1_V12D07-075_C1,25
CGGCTCTTCGTCGAAC-1_V12D07-075_C1,1
CGGCTTTGTATGATAA-1_V12D07-075_C1,7
CGGGAATATAGTATAC-1_V12D07-075_C1,14
CGGGAATTTATGTAAA-1_V12D07-075_C1,14
CGGGAGCTTCAGTGTA-1_V12D07-075_C1,14
CGGGAGTATACCGCCG-1_V12D07-075_C1,22
CGGGATCAATGTAAGA-1_V12D07-075_C1,23
CGGGCAGCTAAACCGC-1_V12D07-075_C1,22
CGGGCCATAGCCGCAC-1_V12D07-075_C1,22
CGGGCCTTCTTTGTAA-1_V12D07-075_C1,2
CGGGCGATGGATCACG-1_V12D07-075_C1,17
CGGGTGTACCCATTTA-1_V12D07-075_C1,25
CGGGTTCGGCACGTAT-1_V12D07-075_C1,1
CGGGTTTGTTAGGGCT-1_V12D07-075_C1,14
CGGTACTAGAATCAAA-1_V12D07-075_C1,2
CGGTAGAGGTGCAGGT-1_V12D07-075_C1,12
CGGTATAGGTATTAGC-1_V12D07-075_C1,1
CGGTCAAGTGGGAACC-1_V12D07-075_C1,23
CGGTCAGTCCATATTT-1_V12D07-075_C1,19
CGGTCCATGAGACTCC-1_V12D07-075_C1,1
CGGTCCGTCGCAAGCC-1_V12D07-075_C1,5
CGGTCTATCAACCCGT-1_V12D07-075_C1,10
CGGTGAAGACTAAAGT-1_V12D07-075_C1,18
CGGTGCAGATAGAACG-1_V12D07-075_C1,20
CGGTGCGCGTTGGTCC-1_V12D07-075_C1,13
CGGTGGGCTCCAGCCT-1_V12D07-075_C1,1
CGGTGTACTTGATCCC-1_V12D07-075_C1,24
CGGTTATCCAACAGTG-1_V12D07-075_C1,19
CGGTTCAAGTAGGTGT-1_V12D07-075_C1,19
CGGTTCCGGCTTCTTG-1_V12D07-075_C1,7
CGGTTGACCTGGCATA-1_V12D07-075_C1,20
CGGTTGGGTTCAAGTT-1_V12D07-075_C1,1
CGGTTTATGAAGGAAC-1_V12D07-075_C1,1
CGTAAACGCTTGAGTG-1_V12D07-075_C1,16
CGTAACTTCGACACTT-1_V12D07-075_C1,3
CGTAATAATTACGAGT-1_V12D07-075_C1,24
CGTACCGAAAGTCTAG-1_V12D07-075_C1,9
CGTACCTGATAGGCCT-1_V12D07-075_C1,23
CGTAGCGAATTGTCAG-1_V12D07-075_C1,7
CGTAGCGCCGACGTTG-1_V12D07-075_C1,7
CGTATCTAGAACTAAG-1_V12D07-075_C1,3
CGTATTAAGAGATCTA-1_V12D07-075_C1,5
CGTCAAGGCTATAAAT-1_V12D07-075_C1,22
CGTCAATCTTTAACAT-1_V12D07-075_C1,24
CGTCACGTCCATTGGT-1_V12D07-075_C1,20
CGTCAGCTATTTACTC-1_V12D07-075_C1,22
CGTCAGTGCGCACAAG-1_V12D07-075_C1,7
CGTCATACCATATCCA-1_V12D07-075_C1,15
CGTCCAGATGGCTCCA-1_V12D07-075_C1,24
CGTCCTCATCGCGTGC-1_V12D07-075_C1,3
CGTCGCATGTGAGCCA-1_V12D07-075_C1,17
CGTCGCGGCGGGATTT-1_V12D07-075_C1,22
CGTCGGATAGTGTTGA-1_V12D07-075_C1,25
CGTCGTCCTTCGCGAA-1_V12D07-075_C1,5
CGTCTGGAAGGGCCCG-1_V12D07-075_C1,7
CGTCTTGAGTGTGACG-1_V12D07-075_C1,12
CGTGAAGTTAATTCAC-1_V12D07-075_C1,2
CGTGACATTGGGTCGT-1_V12D07-075_C1,10
CGTGACCAGTCCTCTG-1_V12D07-075_C1,5
CGTGCAGACTGGGACA-1_V12D07-075_C1,5
CGTGCATTGTCGACGC-1_V12D07-075_C1,20
CGTGCCCTCCCGAAGA-1_V12D07-075_C1,2
CGTGCTGGCCTAGTCG-1_V12D07-075_C1,9
CGTGGAAGCCTCGTAC-1_V12D07-075_C1,12
CGTGGCCGAATATCTA-1_V12D07-075_C1,14
CGTGTATGGGAGCTGA-1_V12D07-075_C1,17
CGTGTCCCATTCGCGA-1_V12D07-075_C1,22
CGTGTGTTAAACCCTG-1_V12D07-075_C1,1
CGTTAAACTAGTTAGG-1_V12D07-075_C1,25
CGTTAATGTCCCGACG-1_V12D07-075_C1,5
CGTTAGCTCACAACTG-1_V12D07-075_C1,12
CGTTCAGACCCGCGAA-1_V12D07-075_C1,17
CGTTCTTCGCACACCT-1_V12D07-075_C1,1
CGTTGAATACCGCGCT-1_V12D07-075_C1,5
CGTTGAGCGACCGTCG-1_V12D07-075_C1,2
CGTTGAGTAATTGCGT-1_V12D07-075_C1,1
CGTTGCCCGCGTGGGA-1_V12D07-075_C1,3
CGTTGTAAACGTCAGG-1_V12D07-075_C1,21
CGTTGTAAGATTGATT-1_V12D07-075_C1,23
CGTTGTCGGCAATTGA-1_V12D07-075_C1,17
CGTTGTTTCAATTCCC-1_V12D07-075_C1,22
CGTTTAAGCGGAGCAC-1_V12D07-075_C1,7
CGTTTACAAGGCAGCT-1_V12D07-075_C1,1
CGTTTCACTTCGGGCG-1_V12D07-075_C1,10
CGTTTCGCTCATTACA-1_V12D07-075_C1,22
CGTTTGGTGTTGTGGG-1_V12D07-075_C1,3
CGTTTGTGTAGAGGGT-1_V12D07-075_C1,13
CTAAAGAATGCCTACT-1_V12D07-075_C1,22
CTAAAGGGAAATAGGA-1_V12D07-075_C1,2
CTAAATCCTATTCCGG-1_V12D07-075_C1,19
CTAACCGCGCGCCCGT-1_V12D07-075_C1,2
CTAACGAAACTTGCTG-1_V12D07-075_C1,25
CTAACTGATAATCGCC-1_V12D07-075_C1,17
CTAACTGGTCCGGTTC-1_V12D07-075_C1,13
CTAAGGGAATGATTGG-1_V12D07-075_C1,5
CTAAGTACAGGGCTAC-1_V12D07-075_C1,1
CTAATTCGCACGCGCT-1_V12D07-075_C1,22
CTAATTCTCAGATATT-1_V12D07-075_C1,19
CTAATTTCAACAACAC-1_V12D07-075_C1,9
CTACACTCGCAGATGG-1_V12D07-075_C1,17
CTACCCTAAGGTCATA-1_V12D07-075_C1,25
CTACGACTAGCTATAA-1_V12D07-075_C1,20
CTACGCACGGAGTACC-1_V12D07-075_C1,2
CTACGCCATTTCCGAT-1_V12D07-075_C1,11
CTACGTGTTGCCACCA-1_V12D07-075_C1,22
CTACTATCTTTCAGAG-1_V12D07-075_C1,25
CTACTCAAGGTATAGT-1_V12D07-075_C1,13
CTACTCTAGGCCCGGC-1_V12D07-075_C1,15
CTACTGCCACCTGACC-1_V12D07-075_C1,2
CTAGACATATATGTAG-1_V12D07-075_C1,1
CTAGACTGCATTTCGT-1_V12D07-075_C1,1
CTAGATAAACTCCTCG-1_V12D07-075_C1,22
CTAGATGTGAGTGTAA-1_V12D07-075_C1,12
CTAGATTTACGACGGC-1_V12D07-075_C1,5
CTAGCATAGTATAATG-1_V12D07-075_C1,2
CTAGCCACAGGCGAGC-1_V12D07-075_C1,14
CTAGCCGATGTTATGA-1_V12D07-075_C1,12
CTAGCTTAATGGTCCC-1_V12D07-075_C1,12
CTAGGCGCCCTATCAG-1_V12D07-075_C1,2
CTAGGTCTGAAGGAAT-1_V12D07-075_C1,19
CTAGGTTCGGACGTGA-1_V12D07-075_C1,5
CTAGTAGAAAGGGATT-1_V12D07-075_C1,17
CTAGTATTCGGAATTA-1_V12D07-075_C1,10
CTAGTCACGTCTTAAG-1_V12D07-075_C1,2
CTAGTGAAGGACAGGA-1_V12D07-075_C1,22
CTAGTTACAACCCGGT-1_V12D07-075_C1,5
CTAGTTGGGCCCGGTA-1_V12D07-075_C1,2
CTATAAGAGCCAATCG-1_V12D07-075_C1,19
CTATCGACGAAATACA-1_V12D07-075_C1,17
CTATCGCGTAGAGAAC-1_V12D07-075_C1,14
CTATCGGGTCTCAACA-1_V12D07-075_C1,2
CTATGCCCGAATGCAA-1_V12D07-075_C1,5
CTATGGGAAGCGGAAT-1_V12D07-075_C1,14
CTATGTCACTAGCCCA-1_V12D07-075_C1,2
CTATGTCTATTGAAAC-1_V12D07-075_C1,7
CTATTCATGTGTCCCA-1_V12D07-075_C1,5
CTATTGTGTTTGGTCA-1_V12D07-075_C1,1
CTATTTGCTTGGAGGA-1_V12D07-075_C1,3
CTATTTGGTTACGGAT-1_V12D07-075_C1,3
CTCAACTAACCCGGAT-1_V12D07-075_C1,17
CTCAAGACATTAGCGC-1_V12D07-075_C1,1
CTCACATTTACTAAAT-1_V12D07-075_C1,17
CTCACCAGTACAAGTG-1_V12D07-075_C1,24
CTCACCGATCCAAACT-1_V12D07-075_C1,1
CTCACTGTGATACTTA-1_V12D07-075_C1,17
CTCACTTGGCTGGTAA-1_V12D07-075_C1,13
CTCAGGACTCACCTGT-1_V12D07-075_C1,18
CTCAGTCACGACAAAT-1_V12D07-075_C1,19
CTCATCACTTAGTGAT-1_V12D07-075_C1,1
CTCATGGCTCACAATC-1_V12D07-075_C1,7
CTCATTCGTGAACATC-1_V12D07-075_C1,24
CTCATTGCTCTAACAA-1_V12D07-075_C1,17
CTCATTTGATGGGCGG-1_V12D07-075_C1,11
CTCCCAATGAGTCGCG-1_V12D07-075_C1,19
CTCCGCCCACATGAGG-1_V12D07-075_C1,20
CTCCGGCCTAATATGC-1_V12D07-075_C1,11
CTCCGGCTTGTAGACA-1_V12D07-075_C1,22
CTCCTAAGTTATGTCT-1_V12D07-075_C1,15
CTCCTCCAGCTCACAC-1_V12D07-075_C1,5
CTCCTGTTCAAGGCAG-1_V12D07-075_C1,20
CTCCTTTACGCAAGTC-1_V12D07-075_C1,1
CTCGAATGGAACGTAT-1_V12D07-075_C1,1
CTCGAGATCCAAAGCA-1_V12D07-075_C1,22
CTCGAGGTCGAACAGT-1_V12D07-075_C1,2
CTCGATATTTGCGAGC-1_V12D07-075_C1,12
CTCGCACCTATATAGT-1_V12D07-075_C1,2
CTCGCCGAATGTAGGG-1_V12D07-075_C1,5
CTCGCTAGGTAAGCGA-1_V12D07-075_C1,3
CTCGGGATAACACCTA-1_V12D07-075_C1,1
CTCGGTACCACTGCTC-1_V12D07-075_C1,5
CTCGGTCCGTAGCCTG-1_V12D07-075_C1,11
CTCGTCTGTGCCTTCG-1_V12D07-075_C1,3
CTCGTTTCTAATGTTT-1_V12D07-075_C1,12
CTCTAATGCATTGATC-1_V12D07-075_C1,1
CTCTAGCCCTCGGAAA-1_V12D07-075_C1,17
CTCTATTTGGCTGCAG-1_V12D07-075_C1,5
CTCTCACAATCGATGA-1_V12D07-075_C1,2
CTCTCGCTGTACTATG-1_V12D07-075_C1,22
CTCTGCGAAGCAAGCA-1_V12D07-075_C1,7
CTCTGGACGCCTGGTG-1_V12D07-075_C1,2
CTCTGTTTGAGGATTC-1_V12D07-075_C1,7
CTCTTCTATTGACTGG-1_V12D07-075_C1,14
CTCTTGTCCCGCTTGG-1_V12D07-075_C1,5
CTGAAACGGCCCTCAG-1_V12D07-075_C1,1
CTGAAAGAGATCCGAC-1_V12D07-075_C1,11
CTGAATCCGAGACCTC-1_V12D07-075_C1,20
CTGAATTTATTGCCAG-1_V12D07-075_C1,12
CTGACATAGAAATAGA-1_V12D07-075_C1,10
CTGACTGCGCAGCTCG-1_V12D07-075_C1,19
CTGAGAAAGTTCGGCG-1_V12D07-075_C1,10
CTGAGAGTAGAAATAC-1_V12D07-075_C1,14
CTGAGCAAGTAACAAG-1_V12D07-075_C1,22
CTGAGCGAGACTTATT-1_V12D07-075_C1,1
CTGATAGTGTATCTCA-1_V12D07-075_C1,6
CTGCAAGCACGTTCCG-1_V12D07-075_C1,14
CTGCACAACTACATAT-1_V12D07-075_C1,2
CTGCACCTAGTCCACA-1_V12D07-075_C1,1
CTGCACCTGGAACCGC-1_V12D07-075_C1,7
CTGCACTCCAGTACAG-1_V12D07-075_C1,5
CTGCAGAGAATCAGAG-1_V12D07-075_C1,17
CTGCAGGTGCTCGGCC-1_V12D07-075_C1,24
CTGCCAAGGTTGGAAG-1_V12D07-075_C1,10
CTGCCATGCATCACAT-1_V12D07-075_C1,2
CTGCCCACGAAGCGTT-1_V12D07-075_C1,24
CTGCCTAGCCACCAAG-1_V12D07-075_C1,11
CTGCCTCATATGCAAC-1_V12D07-075_C1,1
CTGCCTTTCTAGTAAA-1_V12D07-075_C1,17
CTGCGGGTGAAATGTT-1_V12D07-075_C1,18
CTGCGGTAGTCACGTG-1_V12D07-075_C1,1
CTGCGTTACGATATAA-1_V12D07-075_C1,12
CTGCTGAGGCCACGAA-1_V12D07-075_C1,13
CTGCTGTCTAACGAGC-1_V12D07-075_C1,10
CTGCTTGGCGATAGCT-1_V12D07-075_C1,5
CTGCTTTATGTCCGCG-1_V12D07-075_C1,1
CTGGAAATGGATGCTT-1_V12D07-075_C1,22
CTGGAAGACACGGTGG-1_V12D07-075_C1,2
CTGGATTTACACTTGA-1_V12D07-075_C1,5
CTGGCGACATAAGTCC-1_V12D07-075_C1,10
CTGGCGCACAGGTCTG-1_V12D07-075_C1,3
CTGGCGGGAATAAGTA-1_V12D07-075_C1,15
CTGGCTCCTGCGGGAT-1_V12D07-075_C1,7
CTGGCTGATTCATCCT-1_V12D07-075_C1,14
CTGGCTGGTTGTCAGT-1_V12D07-075_C1,20
CTGGGATAAATAATGG-1_V12D07-075_C1,2
CTGGGATACGCTACCC-1_V12D07-075_C1,12
CTGGGCCTGCTATATC-1_V12D07-075_C1,13
CTGGGCTATCCTTTGG-1_V12D07-075_C1,1
CTGGGTAGGCAGTTAA-1_V12D07-075_C1,2
CTGGTAAAGACTTACA-1_V12D07-075_C1,3
CTGGTAAAGTGTGGGC-1_V12D07-075_C1,14
CTGGTAACACATAGAA-1_V12D07-075_C1,2
CTGGTAACGAGCTCTT-1_V12D07-075_C1,19
CTGGTCATTCCAATCC-1_V12D07-075_C1,15
CTGGTCCTAACTTGGC-1_V12D07-075_C1,7
CTGGTTCAACGCATCA-1_V12D07-075_C1,18
CTGGTTCGCGAGCTAC-1_V12D07-075_C1,12
CTGGTTTCGAGCAAGA-1_V12D07-075_C1,17
CTGTACTTCTTAGCAT-1_V12D07-075_C1,2
CTGTAGCCATCTCACT-1_V12D07-075_C1,13
CTGTATGGTGTAGAAA-1_V12D07-075_C1,22
CTGTCAAATGGCTCGG-1_V12D07-075_C1,10
CTGTCACGCCAGGCGC-1_V12D07-075_C1,1
CTGTCTGTGGCTGGCT-1_V12D07-075_C1,24
CTGTGCAGGGTAGGTC-1_V12D07-075_C1,5
CTGTGGTCGGGAGATA-1_V12D07-075_C1,23
CTGTTACCCAATCTAG-1_V12D07-075_C1,5
CTGTTCACTGCCTGTG-1_V12D07-075_C1,10
CTGTTCATCTCACGGG-1_V12D07-075_C1,22
CTGTTGGCTCTTCTGA-1_V12D07-075_C1,24
CTTAAATAAGACCCAT-1_V12D07-075_C1,22
CTTAACTTACAGTATA-1_V12D07-075_C1,3
CTTAACTTCGAAGTAC-1_V12D07-075_C1,7
CTTACACGGTATTCCA-1_V12D07-075_C1,22
CTTACACTGGGAAATA-1_V12D07-075_C1,7
CTTACTGACTCCTCTG-1_V12D07-075_C1,3
CTTAGCCCGGATAGTG-1_V12D07-075_C1,16
CTTAGCCTTCCACATG-1_V12D07-075_C1,10
CTTAGTAGGCCTACAG-1_V12D07-075_C1,19
CTTAGTGTAGTAGCAT-1_V12D07-075_C1,17
CTTATAGATGGCTGTT-1_V12D07-075_C1,14
CTTATGTTGACTACCA-1_V12D07-075_C1,8
CTTCAACTCCACTTGG-1_V12D07-075_C1,17
CTTCATAGCTCAAGAA-1_V12D07-075_C1,22
CTTCATTGTCAGTGGA-1_V12D07-075_C1,2
CTTCCGCTCCGTGAAG-1_V12D07-075_C1,20
CTTCGATTGCGCAAGC-1_V12D07-075_C1,15
CTTCGGCCAATTGTTT-1_V12D07-075_C1,19
CTTCGTAGATAGGTGA-1_V12D07-075_C1,20
CTTCTATGTTGAAGTA-1_V12D07-075_C1,13
CTTCTATTAATGCTAG-1_V12D07-075_C1,13
CTTCTTACGTCGTATA-1_V12D07-075_C1,7
CTTGACCCGAAAGATA-1_V12D07-075_C1,7
CTTGAGGTTATCCCGA-1_V12D07-075_C1,21
CTTGAGTTAGGGTAAT-1_V12D07-075_C1,14
CTTGATGACCATCCAG-1_V12D07-075_C1,17
CTTGCCCACCCACGCA-1_V12D07-075_C1,3
CTTGCCCAGGCTCTAC-1_V12D07-075_C1,2
CTTGGCCAAGCTGGGA-1_V12D07-075_C1,5
CTTGTACTTGTTGACT-1_V12D07-075_C1,11
CTTGTCAACATTCGAG-1_V12D07-075_C1,5
CTTGTGAGGACAGCGG-1_V12D07-075_C1,15
CTTGTGAGTCTTTGAC-1_V12D07-075_C1,7
CTTGTGCTCACCGATT-1_V12D07-075_C1,19
CTTGTTGCTGAGTCAA-1_V12D07-075_C1,2
CTTGTTTATGTAGCCA-1_V12D07-075_C1,18
CTTTAACTTTCAAAGG-1_V12D07-075_C1,2
CTTTAATATTGGTCGA-1_V12D07-075_C1,5
CTTTACCGAATAGTAG-1_V12D07-075_C1,18
CTTTAGGAACACTGTT-1_V12D07-075_C1,14
CTTTAGTGCTATTATT-1_V12D07-075_C1,14
CTTTCTGTGCGGGCTT-1_V12D07-075_C1,5
CTTTGCATCGCTCTTG-1_V12D07-075_C1,17
CTTTGCTGTCATGGAT-1_V12D07-075_C1,10
CTTTGGCAGACAGAGT-1_V12D07-075_C1,1
CTTTGGCGCTTTATAC-1_V12D07-075_C1,9
CTTTGGCTTTAGTAAA-1_V12D07-075_C1,22
CTTTGGGATTGTTGCA-1_V12D07-075_C1,13
GAAACAGATGACCACC-1_V12D07-075_C1,14
GAAACAGCCATGCAGT-1_V12D07-075_C1,7
GAAACCATGGTGCGCT-1_V12D07-075_C1,1
GAAACCGAATTACCTT-1_V12D07-075_C1,20
GAAACCTATACAAATG-1_V12D07-075_C1,5
GAAACTCGTGCGATGC-1_V12D07-075_C1,22
GAAACTCTAATGAAGG-1_V12D07-075_C1,21
GAAAGAACAGCGTTAT-1_V12D07-075_C1,19
GAAAGCAGTGCACTTT-1_V12D07-075_C1,20
GAAAGCCCTTTGGACC-1_V12D07-075_C1,15
GAAAGTGACTAACTGC-1_V12D07-075_C1,22
GAAATACCTGCTGGCT-1_V12D07-075_C1,1
GAAATACTAAACGTTT-1_V12D07-075_C1,6
GAAATATCACCATCAG-1_V12D07-075_C1,22
GAAATATGCTTGAATG-1_V12D07-075_C1,1
GAAATCGCGCGCAACT-1_V12D07-075_C1,11
GAAATCTGACCAAGTT-1_V12D07-075_C1,24
GAAATGGCGGTGTTAG-1_V12D07-075_C1,22
GAAATGGGATGTAAAC-1_V12D07-075_C1,21
GAAATTAGCACGGATA-1_V12D07-075_C1,19
GAAATTCACATCGCTG-1_V12D07-075_C1,7
GAAATTGTCTCTATAA-1_V12D07-075_C1,2
GAACAACTGGGATGAA-1_V12D07-075_C1,17
GAACACACATCAACCA-1_V12D07-075_C1,22
GAACAGATTACTAAAT-1_V12D07-075_C1,5
GAACCCTCTGTGTTCT-1_V12D07-075_C1,5
GAACCTCGACCTACAC-1_V12D07-075_C1,13
GAACCTTTAACGATCC-1_V12D07-075_C1,17
GAACGACCGAATGATA-1_V12D07-075_C1,11
GAACGATAAGTTAAAG-1_V12D07-075_C1,1
GAACGCGGGTCACACG-1_V12D07-075_C1,19
GAACGTCTCATGGTCG-1_V12D07-075_C1,25
GAACGTTAGGAAGACG-1_V12D07-075_C1,16
GAACTGTGGAGAGACA-1_V12D07-075_C1,5
GAACTTAGCGCCCGGT-1_V12D07-075_C1,1
GAAGAACGGTGCAGGT-1_V12D07-075_C1,7
GAAGCCACTGATTATG-1_V12D07-075_C1,17
GAAGCCGGGTAAGCTC-1_V12D07-075_C1,22
GAAGCCTGCACATTCC-1_V12D07-075_C1,5
GAAGCGTGAGGAATTT-1_V12D07-075_C1,2
GAAGCTCTTTGCTTAG-1_V12D07-075_C1,24
GAAGCTTGCTGACCGC-1_V12D07-075_C1,22
GAAGGAGTCGAGTGCG-1_V12D07-075_C1,17
GAAGGCTACCATTGTT-1_V12D07-075_C1,1
GAAGGGCATAACCATG-1_V12D07-075_C1,6
GAAGTCAGTTGCACTA-1_V12D07-075_C1,20
GAAGTCTCCCTAGCGA-1_V12D07-075_C1,3
GAAGTGATTTATCGTG-1_V12D07-075_C1,20
GAAGTGCTGGATAGCT-1_V12D07-075_C1,7
GAAGTTTCCACTCAAT-1_V12D07-075_C1,22
GAATAGACGCGACCCA-1_V12D07-075_C1,14
GAATAGCATTTAGGGT-1_V12D07-075_C1,12
GAATAGCCCTGCGGTC-1_V12D07-075_C1,1
GAATATTCGGAGTCCC-1_V12D07-075_C1,10
GAATCGACATGGTCAC-1_V12D07-075_C1,22
GAATCGCCGGACACGG-1_V12D07-075_C1,21
GAATCTGAACATTCTC-1_V12D07-075_C1,2
GAATGAAGGTCTTCAG-1_V12D07-075_C1,1
GAATGCCGAAATGACC-1_V12D07-075_C1,15
GAATGCGAATCGGTTC-1_V12D07-075_C1,17
GAATGGGCTTATCGAC-1_V12D07-075_C1,24
GAATGTATGGCAGGTC-1_V12D07-075_C1,19
GAATGTGGTCCGGATT-1_V12D07-075_C1,2
GAATGTTGGGTAATCT-1_V12D07-075_C1,23
GAATTATAGTGAAAGG-1_V12D07-075_C1,2
GAATTCACCCGGGTGT-1_V12D07-075_C1,2
GAATTTCTCGCTGCAG-1_V12D07-075_C1,6
GACAAACATATGCAGG-1_V12D07-075_C1,14
GACAACGACCATTGAA-1_V12D07-075_C1,10
GACAACGCAGCTTACG-1_V12D07-075_C1,10
GACAAGACGCCCGTGC-1_V12D07-075_C1,3
GACAAGAGATGAGATT-1_V12D07-075_C1,14
GACACAAGGGAAGAAA-1_V12D07-075_C1,23
GACACAGCCGGGACTG-1_V12D07-075_C1,3
GACACGAGTTAGAGGA-1_V12D07-075_C1,18
GACACTGAGTTCAGTG-1_V12D07-075_C1,20
GACACTGGAACCCGAT-1_V12D07-075_C1,14
GACACTTCCAATTACC-1_V12D07-075_C1,17
GACAGCCAGACCTGAC-1_V12D07-075_C1,2
GACAGGCACACACTAT-1_V12D07-075_C1,20
GACATACTGTCGCAGA-1_V12D07-075_C1,6
GACATCCGTCGAACTG-1_V12D07-075_C1,17
GACATCGATTTATAAC-1_V12D07-075_C1,20
GACCAAACGTTGACTG-1_V12D07-075_C1,14
GACCACACTTCCCTTT-1_V12D07-075_C1,17
GACCAGAGCCCTGTAG-1_V12D07-075_C1,22
GACCCGTCGCCGGCTA-1_V12D07-075_C1,7
GACCGACGTGAAAGCA-1_V12D07-075_C1,12
GACCGACTGAAGCGTC-1_V12D07-075_C1,15
GACCGCGTCTGACGTG-1_V12D07-075_C1,19
GACCGTCAGGTCGTGA-1_V12D07-075_C1,10
GACCGTGCTGACGGTG-1_V12D07-075_C1,2
GACCGTTACATGCGAC-1_V12D07-075_C1,24
GACCTGGTCTGGGCGT-1_V12D07-075_C1,24
GACCTTCCACGTCTAC-1_V12D07-075_C1,17
GACGACGATCCGCGTT-1_V12D07-075_C1,5
GACGAGGCTAATAAAC-1_V12D07-075_C1,17
GACGCCGTAAAGGCTA-1_V12D07-075_C1,20
GACGCCTGTTGCAGGG-1_V12D07-075_C1,7
GACGCTTGCTTCTAAA-1_V12D07-075_C1,20
GACGGGTTGGCCCGTA-1_V12D07-075_C1,5
GACGGTCAATAGAAGC-1_V12D07-075_C1,19
GACGGTCCTAGGGTGT-1_V12D07-075_C1,12
GACGTGAGACTCCATG-1_V12D07-075_C1,7
GACGTGTAGGGATTAT-1_V12D07-075_C1,22
GACGTTCGTAAATACA-1_V12D07-075_C1,1
GACTAACACAGCACCT-1_V12D07-075_C1,1
GACTAAGATCATGCAC-1_V12D07-075_C1,10
GACTAAGTAGGCTCAC-1_V12D07-075_C1,22
GACTACAATTGCTCGT-1_V12D07-075_C1,11
GACTAGGCCGTTAGGT-1_V12D07-075_C1,17
GACTCACCCACGTGAG-1_V12D07-075_C1,19
GACTCCCAGAATAAGG-1_V12D07-075_C1,1
GACTCGCGGGAATGAC-1_V12D07-075_C1,19
GACTCGGTCGGCGGAT-1_V12D07-075_C1,1
GACTGATTGGTCACAA-1_V12D07-075_C1,1
GACTGCAAATCGAGCT-1_V12D07-075_C1,17
GACTGCACCAGCCCAG-1_V12D07-075_C1,2
GACTGCGGCACGTGTA-1_V12D07-075_C1,22
GACTGGGCGCCGCAAC-1_V12D07-075_C1,1
GAGAAACTGGATCCCA-1_V12D07-075_C1,3
GAGAACGGTTCTGACT-1_V12D07-075_C1,17
GAGAATCTCACGATCA-1_V12D07-075_C1,24
GAGACCCTGCAACGCC-1_V12D07-075_C1,1
GAGACTGATGGGTAGA-1_V12D07-075_C1,22
GAGACTTCGCGACCGA-1_V12D07-075_C1,20
GAGAGCGCAGTCCCTG-1_V12D07-075_C1,24
GAGAGGCCTATGTGTA-1_V12D07-075_C1,3
GAGAGGGCGCGAGGTT-1_V12D07-075_C1,20
GAGAGGTGCATTCTGG-1_V12D07-075_C1,13
GAGATCTGCTTGGCAT-1_V12D07-075_C1,22
GAGATCTGTCACTCCG-1_V12D07-075_C1,2
GAGATCTTCCATGACA-1_V12D07-075_C1,2
GAGATGACAATCCTTA-1_V12D07-075_C1,1
GAGATGGCTTTAATCA-1_V12D07-075_C1,17
GAGATGGGAGTCGACA-1_V12D07-075_C1,5
GAGCACCTGTGTCCAG-1_V12D07-075_C1,5
GAGCACGGCGCCTCTT-1_V12D07-075_C1,12
GAGCATCATCCCTGGG-1_V12D07-075_C1,7
GAGCCACGGTAGTAGG-1_V12D07-075_C1,7
GAGCCAGCTACCTGTG-1_V12D07-075_C1,23
GAGCCGAGCGTTTATT-1_V12D07-075_C1,1
GAGCGAGGGAGTACCG-1_V12D07-075_C1,7
GAGCGCAAATACTCCG-1_V12D07-075_C1,14
GAGCGCGCACGAGTAG-1_V12D07-075_C1,14
GAGCGGAATGCGGTGT-1_V12D07-075_C1,3
GAGCTAAGGGCATATC-1_V12D07-075_C1,19
GAGCTCTCGGACCTAA-1_V12D07-075_C1,22
GAGCTGTCGTCTCGGA-1_V12D07-075_C1,1
GAGGAATGGAGAGGTT-1_V12D07-075_C1,22
GAGGAGATCCTCATGC-1_V12D07-075_C1,24
GAGGATAAACAGTGCT-1_V12D07-075_C1,12
GAGGCATTTGCAGCAG-1_V12D07-075_C1,1
GAGGCCTGTTGATACA-1_V12D07-075_C1,17
GAGGCTATCAAAGTCG-1_V12D07-075_C1,21
GAGGGCATCGCGTATC-1_V12D07-075_C1,7
GAGGGCGCAGCTCTGC-1_V12D07-075_C1,19
GAGGTACATCCATCTT-1_V12D07-075_C1,7
GAGGTACGCGTGTCCC-1_V12D07-075_C1,17
GAGGTCCCAAAGATCT-1_V12D07-075_C1,24
GAGTAAACCGGAAAGT-1_V12D07-075_C1,10
GAGTAAATTAAGAACC-1_V12D07-075_C1,3
GAGTACGGGTATACAA-1_V12D07-075_C1,9
GAGTAGATACTAGTTG-1_V12D07-075_C1,15
GAGTATCAAAGTTACA-1_V12D07-075_C1,19
GAGTATGCCCGCCTTG-1_V12D07-075_C1,13
GAGTATGCGCGTGCAT-1_V12D07-075_C1,17
GAGTCAGACCAGAATC-1_V12D07-075_C1,13
GAGTCCGCTTACCGGA-1_V12D07-075_C1,5
GAGTCGACAGACCCTC-1_V12D07-075_C1,24
GAGTGTCAACCAGAAA-1_V12D07-075_C1,17
GAGTGTGCGGTACCCA-1_V12D07-075_C1,2
GATAAATCGGTGGATG-1_V12D07-075_C1,7
GATAACTCGCACTGTG-1_V12D07-075_C1,14
GATAAGGCAGATGCAA-1_V12D07-075_C1,7
GATACCGTGTCGGAGT-1_V12D07-075_C1,12
GATACGATGGGAGTCA-1_V12D07-075_C1,20
GATAGAACCCGCTAGG-1_V12D07-075_C1,5
GATAGCGTACCACGCG-1_V12D07-075_C1,24
GATAGGATTAATTACA-1_V12D07-075_C1,12
GATAGGTAACGTTGAC-1_V12D07-075_C1,5
GATAGGTGTCCCGGGC-1_V12D07-075_C1,1
GATATCAGTATGTATC-1_V12D07-075_C1,22
GATATCTCATGCAATA-1_V12D07-075_C1,7
GATATGAGACACTAAC-1_V12D07-075_C1,14
GATATGCGGTAGCCAA-1_V12D07-075_C1,12
GATATGGATTACGCGG-1_V12D07-075_C1,6
GATATTGAGATTGGCG-1_V12D07-075_C1,19
GATATTTCCTACATGG-1_V12D07-075_C1,12
GATCATTCCAAACATT-1_V12D07-075_C1,22
GATCCCTTTATACTGC-1_V12D07-075_C1,2
GATCCGAATATAAGTG-1_V12D07-075_C1,1
GATCCGGGAATTAACA-1_V12D07-075_C1,5
GATCCTAAATCGGGAC-1_V12D07-075_C1,19
GATCCTCTTGCGCTTA-1_V12D07-075_C1,11
GATCGACACTATCTGA-1_V12D07-075_C1,22
GATCGCGGGCTCTCCA-1_V12D07-075_C1,2
GATCGCTACCCGATTT-1_V12D07-075_C1,14
GATCGGCGATAAGTCG-1_V12D07-075_C1,22
GATCGGTGGCCATAAC-1_V12D07-075_C1,2
GATCGTGACTGATATC-1_V12D07-075_C1,20
GATCTCGACGCTGTGG-1_V12D07-075_C1,10
GATCTGCTATCTAAGG-1_V12D07-075_C1,5
GATCTTCATTGTCCTC-1_V12D07-075_C1,22
GATCTTGGAGGGCATA-1_V12D07-075_C1,5
GATCTTTGCAGGGTAT-1_V12D07-075_C1,22
GATCTTTGCTCAAAGA-1_V12D07-075_C1,1
GATGACGATGATCGCG-1_V12D07-075_C1,1
GATGAGGAACCTTCGG-1_V12D07-075_C1,17
GATGCCAGCAGAAGGC-1_V12D07-075_C1,21
GATGCGAATGGTATTA-1_V12D07-075_C1,22
GATGCGTCCTGCATTC-1_V12D07-075_C1,2
GATGCTACAAGCGCCT-1_V12D07-075_C1,7
GATGCTACCTTCGATG-1_V12D07-075_C1,5
GATGCTGTATTTCATC-1_V12D07-075_C1,2
GATGGCGCACACATTA-1_V12D07-075_C1,23
GATGGTGAAATAACCC-1_V12D07-075_C1,1
GATGGTGCCCTAGGCA-1_V12D07-075_C1,11
GATGTCCGGATCACAT-1_V12D07-075_C1,7
GATGTCGGTCAACTGC-1_V12D07-075_C1,7
GATGTGTTGTCACAAG-1_V12D07-075_C1,7
GATGTTCAATCCACGA-1_V12D07-075_C1,20
GATGTTTGTGCGAGAT-1_V12D07-075_C1,8
GATTAACCGAAAGCCC-1_V12D07-075_C1,17
GATTACTGAATTTGGG-1_V12D07-075_C1,20
GATTCCCTTGTCGCAG-1_V12D07-075_C1,2
GATTCCGCGTTTCCGT-1_V12D07-075_C1,11
GATTCCTATACGGCGC-1_V12D07-075_C1,22
GATTCGACGGTTCACG-1_V12D07-075_C1,5
GATTGACACTCTGCTC-1_V12D07-075_C1,7
GATTGGGAAAGGTTGT-1_V12D07-075_C1,17
GCAAACCCTACATTAT-1_V12D07-075_C1,2
GCAAACCTTGGCCATA-1_V12D07-075_C1,5
GCAAACGTCGCCAGGT-1_V12D07-075_C1,12
GCAAATATTACGCTTT-1_V12D07-075_C1,22
GCAAATGAGGACACTT-1_V12D07-075_C1,20
GCAACAGCAGTATGCG-1_V12D07-075_C1,14
GCAACCACCAGACCGG-1_V12D07-075_C1,12
GCAACCACGGCCGCGT-1_V12D07-075_C1,13
GCAACCCAAGTTGTTT-1_V12D07-075_C1,24
GCAACGGCTAGTTATG-1_V12D07-075_C1,12
GCAAGAATTCCTTGGC-1_V12D07-075_C1,13
GCAAGATGTGTTCGCG-1_V12D07-075_C1,1
GCAAGTGCACAGAGAA-1_V12D07-075_C1,22
GCAATTAGTCGCACCG-1_V12D07-075_C1,1
GCACAAACGAGGCGTG-1_V12D07-075_C1,12
GCACAAGTGGATCATA-1_V12D07-075_C1,24
GCACAAGTGTCGGAAG-1_V12D07-075_C1,7
GCACACACTGGTAGCC-1_V12D07-075_C1,17
GCACACGCCCATGGTC-1_V12D07-075_C1,24
GCACCTTCCCGAAGGT-1_V12D07-075_C1,3
GCACGCCTACTTAGAT-1_V12D07-075_C1,13
GCACGTGGTTTACTTA-1_V12D07-075_C1,17
GCACTAGTCGCGCTAT-1_V12D07-075_C1,7
GCACTGCCTACCTTTA-1_V12D07-075_C1,17
GCACTGTGCAAATGTA-1_V12D07-075_C1,7
GCAGAAGGTAATCTCC-1_V12D07-075_C1,10
GCAGACCCAGCACGTA-1_V12D07-075_C1,19
GCAGATCCATAAGACT-1_V12D07-075_C1,5
GCAGATCCTCGCAAAT-1_V12D07-075_C1,22
GCAGATTAGGGATATC-1_V12D07-075_C1,2
GCAGCACACAGCCCAG-1_V12D07-075_C1,22
GCAGCCTATATCACAT-1_V12D07-075_C1,12
GCAGCGGTGGGCATTA-1_V12D07-075_C1,7
GCAGCTATGGACAGGT-1_V12D07-075_C1,1
GCAGCTGTCAACGCAT-1_V12D07-075_C1,13
GCAGGACTATAGAATA-1_V12D07-075_C1,22
GCAGGTAGAGTATGGT-1_V12D07-075_C1,10
GCAGTGCGGGCGGATG-1_V12D07-075_C1,19
GCAGTGTGGCTATAGG-1_V12D07-075_C1,15
GCAGTTCGATCCGAGC-1_V12D07-075_C1,19
GCATACGAGGTCTTTA-1_V12D07-075_C1,20
GCATAGAGCACTCAGG-1_V12D07-075_C1,2
GCATCCCTAACTTTGA-1_V12D07-075_C1,9
GCATCGGCCGTGTAGG-1_V12D07-075_C1,14
GCATGACACAAAGGAA-1_V12D07-075_C1,3
GCATGAGGGACGCGGC-1_V12D07-075_C1,25
GCATGCTAATAACGAT-1_V12D07-075_C1,17
GCATGGGTACTGACGC-1_V12D07-075_C1,20
GCATTCAAGGCAACGC-1_V12D07-075_C1,19
GCATTCGAAATGAACA-1_V12D07-075_C1,22
GCATTTCCAAGGCTCC-1_V12D07-075_C1,12
GCCAACCATTTCCGGA-1_V12D07-075_C1,12
GCCAATAGGGCATCTC-1_V12D07-075_C1,10
GCCACAATTTAAGGAC-1_V12D07-075_C1,20
GCCACTCAGAGCGCGA-1_V12D07-075_C1,17
GCCACTCCTTACGGTA-1_V12D07-075_C1,19
GCCAGGAGTAACCGAT-1_V12D07-075_C1,10
GCCAGGCGTTCGCATG-1_V12D07-075_C1,1
GCCAGGCTTAGTGGTA-1_V12D07-075_C1,24
GCCATATTGCACACAG-1_V12D07-075_C1,10
GCCATCGAGCTGCGTG-1_V12D07-075_C1,13
GCCATCGATGCTGCAT-1_V12D07-075_C1,10
GCCCACCAAGGCTGTC-1_V12D07-075_C1,7
GCCCAGATGCTGGAGA-1_V12D07-075_C1,1
GCCCAGTTGGTATGCC-1_V12D07-075_C1,22
GCCCGATCTGTGGTCG-1_V12D07-075_C1,5
GCCCGCGCGTAAACGG-1_V12D07-075_C1,13
GCCCGCGCGTTTGACA-1_V12D07-075_C1,22
GCCCGTAATACCTTCT-1_V12D07-075_C1,19
GCCCTGAGGATGGGCT-1_V12D07-075_C1,17
GCCGAAATTCCTACGT-1_V12D07-075_C1,22
GCCGATTGGCCAAGCT-1_V12D07-075_C1,2
GCCGCACTCCGTTTCA-1_V12D07-075_C1,12
GCCGCATTAGTCCGGC-1_V12D07-075_C1,16
GCCGCTTGTGAGAAAC-1_V12D07-075_C1,22
GCCGGGTTAGGGTCGC-1_V12D07-075_C1,2
GCCGGTCGTATCTCTC-1_V12D07-075_C1,5
GCCGTGGAAGAAATGT-1_V12D07-075_C1,12
GCCTACGTTCTGTGCA-1_V12D07-075_C1,17
GCCTAGCGATCTGACC-1_V12D07-075_C1,22
GCCTATAGTGTCAGGG-1_V12D07-075_C1,25
GCCTATCAGGTAAGAT-1_V12D07-075_C1,3
GCCTATGCTGGGCCTT-1_V12D07-075_C1,1
GCCTATTCCGATATAG-1_V12D07-075_C1,22
GCCTATTTGCTACACA-1_V12D07-075_C1,7
GCCTCATCTGGAAATA-1_V12D07-075_C1,14
GCCTCCGACAATTCAC-1_V12D07-075_C1,17
GCCTCTATACATAGCA-1_V12D07-075_C1,5
GCCTGCTACACTGAGA-1_V12D07-075_C1,1
GCCTTCAGCCCTACCG-1_V12D07-075_C1,7
GCCTTGTATATGCAGT-1_V12D07-075_C1,22
GCGAAACGATCGGGAG-1_V12D07-075_C1,14
GCGAAACTTAACTGGA-1_V12D07-075_C1,2
GCGAAGAATCTGACGG-1_V12D07-075_C1,17
GCGAAGCCATACCCGT-1_V12D07-075_C1,2
GCGACATGTAAACATC-1_V12D07-075_C1,10
GCGACGATAGTTGTAC-1_V12D07-075_C1,5
GCGAGAAACGGGAGTT-1_V12D07-075_C1,24
GCGAGAGGCCATGTAA-1_V12D07-075_C1,1
GCGAGAGTTGCGTCCA-1_V12D07-075_C1,10
GCGAGCGCATGCTCCC-1_V12D07-075_C1,12
GCGAGGCCCGAGCAGA-1_V12D07-075_C1,22
GCGAGTTCTGCAAAGA-1_V12D07-075_C1,2
GCGATGTCTGTGCTTG-1_V12D07-075_C1,24
GCGATTCTGGAAGCAG-1_V12D07-075_C1,7
GCGATTGTTAACGTTA-1_V12D07-075_C1,3
GCGCAAGAGCGCGCTG-1_V12D07-075_C1,14
GCGCATCCAGTCAGCA-1_V12D07-075_C1,25
GCGCCGTTCCACGATA-1_V12D07-075_C1,5
GCGCCTCCCACTCCGA-1_V12D07-075_C1,25
GCGCGGTCTAGTAACT-1_V12D07-075_C1,5
GCGCGTCATTGGTACA-1_V12D07-075_C1,17
GCGCTAATTGAATAGA-1_V12D07-075_C1,2
GCGCTATGCCGAGGCA-1_V12D07-075_C1,20
GCGCTCGATCACCTGT-1_V12D07-075_C1,12
GCGCTGATCCAGACTC-1_V12D07-075_C1,10
GCGCTGCTTTGCATTT-1_V12D07-075_C1,25
GCGCTGGCGGAAAGTC-1_V12D07-075_C1,24
GCGCTTAAATAATTGG-1_V12D07-075_C1,23
GCGGACCGCGTTGTGG-1_V12D07-075_C1,13
GCGGAGAGGGAGAACG-1_V12D07-075_C1,2
GCGGCTCTGACGTACC-1_V12D07-075_C1,20
GCGGCTTTAGCAAGTT-1_V12D07-075_C1,17
GCGGGAACCAGGCCCT-1_V12D07-075_C1,11
GCGGGCATTACGATGC-1_V12D07-075_C1,1
GCGGGCGAGCCTTACC-1_V12D07-075_C1,20
GCGGTAACCCAAATGA-1_V12D07-075_C1,22
GCGGTCCCGGTGAAGG-1_V12D07-075_C1,1
GCGGTCCCTAGACGCA-1_V12D07-075_C1,7
GCGGTGAACTGCGCTC-1_V12D07-075_C1,12
GCGGTGCGGAGCATCG-1_V12D07-075_C1,24
GCGGTTCCCTATCATG-1_V12D07-075_C1,20
GCGTAAATGGCCATAA-1_V12D07-075_C1,19
GCGTCGAAATGTCGGT-1_V12D07-075_C1,11
GCGTCGCCAGGGTGAT-1_V12D07-075_C1,5
GCGTCTAACCTCCTAA-1_V12D07-075_C1,1
GCGTCTCTGCATTGGG-1_V12D07-075_C1,5
GCGTGGTACTGGGTTA-1_V12D07-075_C1,25
GCGTTATATTTGGAAC-1_V12D07-075_C1,22
GCGTTCGGAGACCGGG-1_V12D07-075_C1,1
GCGTTCTGACTAAGCG-1_V12D07-075_C1,19
GCTAAACCTGAGGTGA-1_V12D07-075_C1,22
GCTAACTGAAGTCTGA-1_V12D07-075_C1,17
GCTAAGTAAAGGCGAT-1_V12D07-075_C1,22
GCTAAGTAGTTTCTCT-1_V12D07-075_C1,3
GCTAATACCGAATGCC-1_V12D07-075_C1,23
GCTACAATCGAGGATA-1_V12D07-075_C1,17
GCTACAGTACGGACCG-1_V12D07-075_C1,13
GCTACGACTTATTGGG-1_V12D07-075_C1,5
GCTACTATAGTAGAGT-1_V12D07-075_C1,17
GCTAGACCGTCTACTG-1_V12D07-075_C1,3
GCTAGAGTAGAGATGT-1_V12D07-075_C1,17
GCTAGCACCTGGGCCA-1_V12D07-075_C1,12
GCTAGCAGGGAGTGGG-1_V12D07-075_C1,1
GCTAGCTTGAATAGCT-1_V12D07-075_C1,13
GCTAGGCACCACGGAG-1_V12D07-075_C1,6
GCTAGTAGAGCTTGTA-1_V12D07-075_C1,2
GCTAGTTTCATTGAGG-1_V12D07-075_C1,16
GCTATACGTCTCGGAC-1_V12D07-075_C1,2
GCTATCATACTCATGG-1_V12D07-075_C1,5
GCTATCGCGGCGCAAC-1_V12D07-075_C1,16
GCTCAACCTCTTAGAG-1_V12D07-075_C1,24
GCTCAATGTAATACCG-1_V12D07-075_C1,5
GCTCATTACTGCATGT-1_V12D07-075_C1,1
GCTCCATGAGTGCAGA-1_V12D07-075_C1,19
GCTCCATGCAAAGCAA-1_V12D07-075_C1,5
GCTCCCAGTCGGTCCA-1_V12D07-075_C1,25
GCTCCGCTCGCTTCAG-1_V12D07-075_C1,12
GCTCGCGGTTCCGCTC-1_V12D07-075_C1,22
GCTCGCTCATGTCCAA-1_V12D07-075_C1,14
GCTCGGAATTTAAAGC-1_V12D07-075_C1,10
GCTCTAAACCCTGACG-1_V12D07-075_C1,22
GCTCTATGTTACGTGC-1_V12D07-075_C1,22
GCTCTCGGGTACCGAA-1_V12D07-075_C1,22
GCTCTTTCCGCTAGTG-1_V12D07-075_C1,5
GCTGAACTCTCCAGGG-1_V12D07-075_C1,1
GCTGAGCAACGGTTCT-1_V12D07-075_C1,24
GCTGAGGCGTGAGTAT-1_V12D07-075_C1,2
GCTGCACGGTTTCTTA-1_V12D07-075_C1,5
GCTGCGCCTCCCACGT-1_V12D07-075_C1,24
GCTGCTAAGTAGTCGA-1_V12D07-075_C1,5
GCTGCTACTGCGTAGC-1_V12D07-075_C1,21
GCTGCTCTCCGGACAC-1_V12D07-075_C1,2
GCTGGACCCAAAGTGG-1_V12D07-075_C1,1
GCTGGCAGGTGCCGTG-1_V12D07-075_C1,24
GCTGGCATATTCACCT-1_V12D07-075_C1,15
GCTGGCGGCGCATGCT-1_V12D07-075_C1,5
GCTGGTGACTCGTAGT-1_V12D07-075_C1,1
GCTGTATTACTGGCCC-1_V12D07-075_C1,13
GCTGTTGCTACCGAAC-1_V12D07-075_C1,14
GCTTAATGTAACTAAC-1_V12D07-075_C1,1
GCTTACGTAGTTAGTA-1_V12D07-075_C1,12
GCTTATGAAGCAGGAA-1_V12D07-075_C1,3
GCTTCAGTGGGATTAC-1_V12D07-075_C1,1
GCTTCCAGCTTAGATT-1_V12D07-075_C1,23
GCTTCCGTCCCTAGAC-1_V12D07-075_C1,2
GCTTGATGATAATCAG-1_V12D07-075_C1,22
GCTTGCAGCACAATTG-1_V12D07-075_C1,1
GCTTGGATCGATTAGG-1_V12D07-075_C1,25
GCTTTACACAACTGGG-1_V12D07-075_C1,13
GCTTTCAGAGGAGGTG-1_V12D07-075_C1,25
GCTTTCTATCTCAACT-1_V12D07-075_C1,1
GGAAACCTTGTTGAAT-1_V12D07-075_C1,1
GGAAACTAAATGGGCC-1_V12D07-075_C1,17
GGAAAGTGCCCATGCC-1_V12D07-075_C1,12
GGAACCCGAACAAGAA-1_V12D07-075_C1,22
GGAACCGTGTAAATTG-1_V12D07-075_C1,20
GGAACGGCCTGCAGCC-1_V12D07-075_C1,22
GGAACTTTGGCGATTA-1_V12D07-075_C1,14
GGAAGCTCGCTTACAG-1_V12D07-075_C1,11
GGAATAACCTCAAGAA-1_V12D07-075_C1,7
GGAATGCGCTAGCGTG-1_V12D07-075_C1,3
GGACAACCATGAAGCC-1_V12D07-075_C1,3
GGACAAGTTGCAGTGA-1_V12D07-075_C1,24
GGACACAAGTTTACAC-1_V12D07-075_C1,25
GGACCAACAGGATAAC-1_V12D07-075_C1,5
GGACCTACGGTAACGT-1_V12D07-075_C1,1
GGACGGCTTGCGCAAC-1_V12D07-075_C1,1
GGACGGGCGACCAACC-1_V12D07-075_C1,3
GGACGTCCATAGTTGG-1_V12D07-075_C1,1
GGACTAAGTCAGGAGT-1_V12D07-075_C1,24
GGACTCACAAATTAGG-1_V12D07-075_C1,10
GGACTCGAAGCTTTCA-1_V12D07-075_C1,3
GGACTCTTCCGGTTGA-1_V12D07-075_C1,19
GGACTCTTTGACTAAG-1_V12D07-075_C1,3
GGAGAAGTCATTGGCA-1_V12D07-075_C1,22
GGAGACCAATGTGCTT-1_V12D07-075_C1,1
GGAGACGACACCTTTG-1_V12D07-075_C1,14
GGAGCAACATTTCAAG-1_V12D07-075_C1,17
GGAGCACCAAGAACTA-1_V12D07-075_C1,19
GGAGCGAGGCCTACTT-1_V12D07-075_C1,17
GGAGGATTGAAAGGAG-1_V12D07-075_C1,23
GGAGGCCGAAGTCGTC-1_V12D07-075_C1,12
GGAGGGCTTGGTTGGC-1_V12D07-075_C1,2
GGAGGGTCAAGTAAGA-1_V12D07-075_C1,14
GGAGTACACATGAGCT-1_V12D07-075_C1,24
GGAGTGCCGCCCTGGA-1_V12D07-075_C1,11
GGAGTTGATTCTGTGT-1_V12D07-075_C1,3
GGATACTCATGAATTG-1_V12D07-075_C1,23
GGATCAAAGGACGAGG-1_V12D07-075_C1,7
GGATCATCCCGTACGC-1_V12D07-075_C1,12
GGATCCCTACCAGCTA-1_V12D07-075_C1,21
GGATCCGGAATATACT-1_V12D07-075_C1,3
GGATGAAGATCGCTGA-1_V12D07-075_C1,14
GGATGACGCGAGTTTA-1_V12D07-075_C1,22
GGATGGCTTGAAGTAT-1_V12D07-075_C1,17
GGATGTCCTTACCGCA-1_V12D07-075_C1,3
GGATTAAGCTAAGGTC-1_V12D07-075_C1,1
GGATTCAGTACGGTGG-1_V12D07-075_C1,22
GGATTCCGCTATACCC-1_V12D07-075_C1,10
GGATTGCTGTGACTCC-1_V12D07-075_C1,5
GGATTTCACTTCTATA-1_V12D07-075_C1,3
GGCAAATTACTTTACT-1_V12D07-075_C1,23
GGCAAGCCAGGGATAG-1_V12D07-075_C1,1
GGCAAGCCCATAGTGG-1_V12D07-075_C1,17
GGCAAGGCGAAATAGC-1_V12D07-075_C1,5
GGCAATAGTCAATGAG-1_V12D07-075_C1,2
GGCACTCAGCCGACCC-1_V12D07-075_C1,21
GGCACTCCACTGGGCA-1_V12D07-075_C1,22
GGCACTGCGGTGGTTT-1_V12D07-075_C1,3
GGCAGAGAGATCGGGA-1_V12D07-075_C1,24
GGCAGCAAACCTATGC-1_V12D07-075_C1,14
GGCAGCGGTAATCCTA-1_V12D07-075_C1,1
GGCATACAGGTAGCGG-1_V12D07-075_C1,22
GGCATATCGGTTCTGC-1_V12D07-075_C1,10
GGCATCAACGAGCACG-1_V12D07-075_C1,7
GGCCACACGAAAGCCT-1_V12D07-075_C1,24
GGCCCAATCTAGAGGG-1_V12D07-075_C1,1
GGCCCAGCTGGTTTGC-1_V12D07-075_C1,3
GGCCCAGTTATCAGCA-1_V12D07-075_C1,1
GGCCCGGAGCATGTCT-1_V12D07-075_C1,1
GGCCCGTATACCATGC-1_V12D07-075_C1,1
GGCCCTCACCCACTTA-1_V12D07-075_C1,20
GGCCGCAGGAACCGCA-1_V12D07-075_C1,14
GGCCGGCGTCTGCTAT-1_V12D07-075_C1,17
GGCCGTTTGGGTTTCA-1_V12D07-075_C1,13
GGCCTGCTTCTCCCGA-1_V12D07-075_C1,14
GGCCTTTGCAACTGGC-1_V12D07-075_C1,24
GGCGAAATCTAACTTG-1_V12D07-075_C1,2
GGCGCAGGACATCTTC-1_V12D07-075_C1,9
GGCGCATGAATTGATG-1_V12D07-075_C1,2
GGCGCGTTCGAGTTTA-1_V12D07-075_C1,5
GGCGCTCCTCATCAAT-1_V12D07-075_C1,22
GGCGCTTCATTCCCTG-1_V12D07-075_C1,17
GGCGGAGTAATATTAG-1_V12D07-075_C1,22
GGCGGGCTCTAAGAGT-1_V12D07-075_C1,10
GGCGGTAGGATCATTG-1_V12D07-075_C1,2
GGCGGTTTGCCGGTGC-1_V12D07-075_C1,24
GGCGTAGGGAAAGCTG-1_V12D07-075_C1,17
GGCGTCCTATCCGCTG-1_V12D07-075_C1,22
GGCTAAAGGGCGGGTC-1_V12D07-075_C1,12
GGCTAATGATTGAAAT-1_V12D07-075_C1,1
GGCTATTAAGTTGTAT-1_V12D07-075_C1,23
GGCTCGCGTTGAGGTA-1_V12D07-075_C1,25
GGCTCGTGCCACCAGC-1_V12D07-075_C1,22
GGCTCTGCTCCAACGC-1_V12D07-075_C1,20
GGCTGAAATAGCAAAG-1_V12D07-075_C1,2
GGCTGAGCATCGTAAG-1_V12D07-075_C1,1
GGCTGGCAGCTTTATG-1_V12D07-075_C1,24
GGCTGGCTAGCTTAAA-1_V12D07-075_C1,7
GGCTTGGCTCTCACCT-1_V12D07-075_C1,24
GGCTTTCAATAAGGGT-1_V12D07-075_C1,5
GGGAAAGAATGCCAAC-1_V12D07-075_C1,3
GGGAACGGGAGGTTAG-1_V12D07-075_C1,20
GGGAAGACGGTCTGTC-1_V12D07-075_C1,17
GGGAATGAGCCCTCAC-1_V12D07-075_C1,1
GGGAATTCTGTCCAGT-1_V12D07-075_C1,24
GGGACCCGTATATCTT-1_V12D07-075_C1,20
GGGACTGCATAGATAG-1_V12D07-075_C1,2
GGGAGAACTCACAGTA-1_V12D07-075_C1,2
GGGAGCGACCGTAGTG-1_V12D07-075_C1,17
GGGAGGATGCCCGAAA-1_V12D07-075_C1,2
GGGAGTAATGGCTGGC-1_V12D07-075_C1,22
GGGAGTTAATGAGGCG-1_V12D07-075_C1,2
GGGATACGGTAATAAT-1_V12D07-075_C1,22
GGGATCCCAATACAAA-1_V12D07-075_C1,1
GGGATGGTCGTAACCG-1_V12D07-075_C1,20
GGGATTTACCGCACCT-1_V12D07-075_C1,14
GGGCACGAATTGGCCG-1_V12D07-075_C1,24
GGGCAGAGCAATCGTT-1_V12D07-075_C1,5
GGGCAGTCAACGCCAA-1_V12D07-075_C1,17
GGGCCCGTCTTAAACA-1_V12D07-075_C1,2
GGGCCCTACGAAAGGG-1_V12D07-075_C1,13
GGGCCCTTATCTATAC-1_V12D07-075_C1,24
GGGCCGGCCGAAGTAC-1_V12D07-075_C1,3
GGGCCTATTTAAGTAT-1_V12D07-075_C1,1
GGGCGAATTTCTCCAC-1_V12D07-075_C1,24
GGGCGATATGTGTGAA-1_V12D07-075_C1,2
GGGCGCAGCGTTACTC-1_V12D07-075_C1,1
GGGCGGCAAATGAATT-1_V12D07-075_C1,13
GGGCGGGTTCCCTACG-1_V12D07-075_C1,20
GGGCGGTCCTATTGTC-1_V12D07-075_C1,22
GGGCGTACATTTATAT-1_V12D07-075_C1,11
GGGCGTCACCACGTAA-1_V12D07-075_C1,20
GGGCGTCCACTGGCTC-1_V12D07-075_C1,10
GGGCGTGGTTTCCCAG-1_V12D07-075_C1,17
GGGCTATGATCGATGG-1_V12D07-075_C1,20
GGGCTCATCGAACCCA-1_V12D07-075_C1,10
GGGCTGCCTAGGGCGA-1_V12D07-075_C1,2
GGGCTGGTTAGTCGCG-1_V12D07-075_C1,22
GGGTAATGCTGTGTTT-1_V12D07-075_C1,9
GGGTACACTCTGGAGG-1_V12D07-075_C1,3
GGGTACCCACGGTCCT-1_V12D07-075_C1,7
GGGTACTTCATGAACT-1_V12D07-075_C1,22
GGGTATGTATGCACTT-1_V12D07-075_C1,6
GGGTCACCGTGACGGT-1_V12D07-075_C1,22
GGGTCAGGAGCTAGAT-1_V12D07-075_C1,5
GGGTCATGCGTACCAT-1_V12D07-075_C1,15
GGGTCGTGGCAAGTGT-1_V12D07-075_C1,12
GGGTCTATCGCTTTCC-1_V12D07-075_C1,14
GGGTGACACCTTAACT-1_V12D07-075_C1,2
GGGTGCATATGAAAGC-1_V12D07-075_C1,12
GGGTGGTCCAGCCTGT-1_V12D07-075_C1,6
GGGTGTTTCAGCTATG-1_V12D07-075_C1,11
GGGTTAACATTTGAGT-1_V12D07-075_C1,20
GGGTTCAGACGAACAA-1_V12D07-075_C1,16
GGGTTTAGGATAGGAT-1_V12D07-075_C1,25
GGTAAACTCTGCGCTG-1_V12D07-075_C1,14
GGTAAATGTGCGTTAC-1_V12D07-075_C1,11
GGTAACCGGCAAAGGT-1_V12D07-075_C1,24
GGTAACTATGTATCTG-1_V12D07-075_C1,7
GGTACAAACATGCTAT-1_V12D07-075_C1,2
GGTACACCAGATTTAT-1_V12D07-075_C1,1
GGTACATCTGGGACGA-1_V12D07-075_C1,13
GGTACCATTAAGACGG-1_V12D07-075_C1,19
GGTACGTTGCGGCCGG-1_V12D07-075_C1,14
GGTACTAAGTGCTTTG-1_V12D07-075_C1,10
GGTAGAAGACCGCCTG-1_V12D07-075_C1,5
GGTAGACCGTTGGGCG-1_V12D07-075_C1,20
GGTAGTGCTCGCACCA-1_V12D07-075_C1,2
GGTATAGTGACACATA-1_V12D07-075_C1,12
GGTATGAAAGAACTGA-1_V12D07-075_C1,24
GGTATTGCCGAGTTTA-1_V12D07-075_C1,22
GGTCAAGACTACTTCG-1_V12D07-075_C1,14
GGTCAGTGGGTCCCAC-1_V12D07-075_C1,5
GGTCATTGTAGTCATA-1_V12D07-075_C1,1
GGTCCTTCATACGACT-1_V12D07-075_C1,24
GGTCGGATAAACGGCG-1_V12D07-075_C1,19
GGTCGGCCAGGAGCTT-1_V12D07-075_C1,3
GGTCGGTAATTAGACA-1_V12D07-075_C1,7
GGTCGGTCGTCCACAG-1_V12D07-075_C1,20
GGTCTCCAAGTAGTGC-1_V12D07-075_C1,10
GGTCTCCGTCCAGGTT-1_V12D07-075_C1,17
GGTCTGAGAATCTGGA-1_V12D07-075_C1,3
GGTCTTGAGCGCTCTT-1_V12D07-075_C1,17
GGTCTTGGTGTTAACT-1_V12D07-075_C1,24
GGTGAAACCGGGAATG-1_V12D07-075_C1,7
GGTGAACGGGCTAGCC-1_V12D07-075_C1,7
GGTGAAGTACAGGGAT-1_V12D07-075_C1,13
GGTGACTGATAGAGAG-1_V12D07-075_C1,14
GGTGAGATGCAGATAA-1_V12D07-075_C1,6
GGTGATAAGGAGCAGT-1_V12D07-075_C1,20
GGTGATGAAGGAAGTG-1_V12D07-075_C1,24
GGTGATTTCATCTTGT-1_V12D07-075_C1,7
GGTGCAGAGCCTATCG-1_V12D07-075_C1,1
GGTGCATAAATGATTA-1_V12D07-075_C1,3
GGTGCGGATAAGTGGC-1_V12D07-075_C1,7
GGTGCTGATCACAAAG-1_V12D07-075_C1,21
GGTGCTGGTACACATT-1_V12D07-075_C1,20
GGTGGACCACGTGTTA-1_V12D07-075_C1,1
GGTGGACTGCTCTGGC-1_V12D07-075_C1,17
GGTGGAGGTTGATACG-1_V12D07-075_C1,12
GGTGTAAATCGATTGT-1_V12D07-075_C1,17
GGTGTAGGTAAGTAAA-1_V12D07-075_C1,5
GGTGTTGGGCGTCTTA-1_V12D07-075_C1,10
GGTTACCACCCTCGGG-1_V12D07-075_C1,13
GGTTACCCGACACTTT-1_V12D07-075_C1,1
GGTTAGCTATATGTCT-1_V12D07-075_C1,14
GGTTAGGCTTGGAGAA-1_V12D07-075_C1,22
GGTTAGTTACGGCGCC-1_V12D07-075_C1,22
GGTTCGGATTATACTA-1_V12D07-075_C1,24
GGTTCTACTCGTCTGA-1_V12D07-075_C1,13
GGTTGTGCTCTTGTCC-1_V12D07-075_C1,22
GGTTGTGTAGCCTGGC-1_V12D07-075_C1,22
GGTTTAATTGAGCAGG-1_V12D07-075_C1,1
GGTTTACAATCTCAAT-1_V12D07-075_C1,23
GGTTTAGCCTTTCTTG-1_V12D07-075_C1,14
GGTTTCAATCGGTCAG-1_V12D07-075_C1,25
GGTTTGACAAGAAGCT-1_V12D07-075_C1,1
GGTTTGAGTGCTGGAA-1_V12D07-075_C1,7
GGTTTGTGACCTGAGG-1_V12D07-075_C1,17
GTAACAACTGACCTTG-1_V12D07-075_C1,1
GTAACATCTAAGATAA-1_V12D07-075_C1,14
GTAACTGCCCAAGGAG-1_V12D07-075_C1,3
GTAACTTGCGGCAGTC-1_V12D07-075_C1,23
GTAAGCGGGCAGTCAG-1_V12D07-075_C1,2
GTAAGGATTTGTCGGA-1_V12D07-075_C1,7
GTAAGTAACAGTCTGG-1_V12D07-075_C1,14
GTAAGTAGGGTATACC-1_V12D07-075_C1,22
GTAAGTCCACACTCTA-1_V12D07-075_C1,12
GTAATAAAGGGCTCCC-1_V12D07-075_C1,19
GTAATCTGATTCTTCG-1_V12D07-075_C1,13
GTACACTTACCTGAAG-1_V12D07-075_C1,2
GTACAGAGGCAAGGGT-1_V12D07-075_C1,3
GTACGACGGCGCTGCG-1_V12D07-075_C1,7
GTACGAGATTGCGACA-1_V12D07-075_C1,10
GTACGCTTCATTGCAC-1_V12D07-075_C1,5
GTACGTCACGTATTAA-1_V12D07-075_C1,1
GTACGTTTGCCCGTCA-1_V12D07-075_C1,5
GTACTAAGATTTGGAG-1_V12D07-075_C1,22
GTACTCCCTTATCGCT-1_V12D07-075_C1,22
GTACTCCTGGGTATGC-1_V12D07-075_C1,19
GTACTGAGGTCGTAAC-1_V12D07-075_C1,7
GTACTGCATGAAGCGT-1_V12D07-075_C1,7
GTACTGGAGTTAGACC-1_V12D07-075_C1,3
GTACTTGGGCACTTCT-1_V12D07-075_C1,22
GTAGAAACGGGTGGAG-1_V12D07-075_C1,22
GTAGACAACCGATGAA-1_V12D07-075_C1,7
GTAGACACGCCTGACT-1_V12D07-075_C1,17
GTAGACGTCGTTACAT-1_V12D07-075_C1,7
GTAGCCAAACATGGGA-1_V12D07-075_C1,5
GTAGCGCTGTTGTAGT-1_V12D07-075_C1,7
GTAGCGGCTATACACT-1_V12D07-075_C1,5
GTAGCTTCCTCTTGTT-1_V12D07-075_C1,25
GTAGGTGATCCGTGTA-1_V12D07-075_C1,10
GTAGTCGCGGGAATCA-1_V12D07-075_C1,2
GTAGTCTACGATATTG-1_V12D07-075_C1,17
GTAGTGAGCAACCTCA-1_V12D07-075_C1,3
GTATAATCTCCCGGAT-1_V12D07-075_C1,24
GTATAGGACTCAGTAG-1_V12D07-075_C1,10
GTATCAAACGTTAGCT-1_V12D07-075_C1,17
GTATCAGCTTGGGTTC-1_V12D07-075_C1,22
GTATCCTTTGGTAACC-1_V12D07-075_C1,17
GTATCTTTCATAACCA-1_V12D07-075_C1,5
GTATGACGTGGGAAAC-1_V12D07-075_C1,7
GTATGTGGGTCTAGTT-1_V12D07-075_C1,14
GTATTAAGGCGTCTAA-1_V12D07-075_C1,16
GTATTAGGGTTCGCGT-1_V12D07-075_C1,1
GTATTCTGAGAAACGA-1_V12D07-075_C1,13
GTATTCTTACCGTGCT-1_V12D07-075_C1,22
GTATTTAATGGCATAA-1_V12D07-075_C1,10
GTCAAAGTTTACATAG-1_V12D07-075_C1,22
GTCAACCAGGCCTATA-1_V12D07-075_C1,2
GTCAAGCGGACTCGGG-1_V12D07-075_C1,5
GTCAATGCTATAATTT-1_V12D07-075_C1,1
GTCAATTGTACTGAAG-1_V12D07-075_C1,7
GTCACAAAGTTTCCAA-1_V12D07-075_C1,7
GTCACTCTCCAAATCT-1_V12D07-075_C1,22
GTCAGAATAGTCTATG-1_V12D07-075_C1,23
GTCAGACAGCGTTGGA-1_V12D07-075_C1,24
GTCAGTTGTGCTCGTT-1_V12D07-075_C1,7
GTCAGTTTGGTAGTCG-1_V12D07-075_C1,22
GTCATCTCCTACAGCT-1_V12D07-075_C1,24
GTCATGCACCTCCGTT-1_V12D07-075_C1,2
GTCATGCGCGAGGGCT-1_V12D07-075_C1,17
GTCATGGACATGACTA-1_V12D07-075_C1,2
GTCATTAGAGCGAACG-1_V12D07-075_C1,2
GTCATTGCATTGACCC-1_V12D07-075_C1,22
GTCCAATATTTAGCCT-1_V12D07-075_C1,5
GTCCACGTCGCATTCG-1_V12D07-075_C1,3
GTCCATTACTGCTACG-1_V12D07-075_C1,19
GTCCCAACGTAAAGTA-1_V12D07-075_C1,2
GTCCCGCGACGTTATG-1_V12D07-075_C1,15
GTCCGAGAGCAATCAT-1_V12D07-075_C1,24
GTCCGGACCTGAAATT-1_V12D07-075_C1,17
GTCCGGCTGAATTGCG-1_V12D07-075_C1,23
GTCCGGGTTCACATTA-1_V12D07-075_C1,17
GTCCTACAGGCGGCTC-1_V12D07-075_C1,22
GTCCTACGAATAGTCT-1_V12D07-075_C1,17
GTCCTATTGTTGTGGT-1_V12D07-075_C1,24
GTCCTTCTACAACCCA-1_V12D07-075_C1,22
GTCCTTCTAGTGGGTT-1_V12D07-075_C1,11
GTCCTTTAATGACTTC-1_V12D07-075_C1,1
GTCGATAGGTGACTTT-1_V12D07-075_C1,10
GTCGCCGTTGTGTGTT-1_V12D07-075_C1,13
GTCGCGTAACCCGTTG-1_V12D07-075_C1,5
GTCGGAAGGATACCAG-1_V12D07-075_C1,1
GTCGGATATCTCAGAC-1_V12D07-075_C1,5
GTCGGATGTAGCGCGC-1_V12D07-075_C1,11
GTCGGGAACATGGTAG-1_V12D07-075_C1,24
GTCGGGAAGCAGAAAC-1_V12D07-075_C1,5
GTCGTACCATCTCGGG-1_V12D07-075_C1,5
GTCGTACCTACGATTG-1_V12D07-075_C1,24
GTCGTATTGGCGTACA-1_V12D07-075_C1,12
GTCGTCAATTATAAGG-1_V12D07-075_C1,7
GTCGTCTGGTTGGCTA-1_V12D07-075_C1,1
GTCGTGTCTGGTCATC-1_V12D07-075_C1,1
GTCGTTATTCGCTTAT-1_V12D07-075_C1,2
GTCTACTCAATTACAA-1_V12D07-075_C1,20
GTCTAGTGAGCCGCTT-1_V12D07-075_C1,17
GTCTATCTGAGTTTCT-1_V12D07-075_C1,20
GTCTATTGCATGCTCG-1_V12D07-075_C1,2
GTCTATTGGTTCCGGT-1_V12D07-075_C1,2
GTCTCAAGGCCCGGCT-1_V12D07-075_C1,5
GTCTCCGCCTCAATAC-1_V12D07-075_C1,3
GTCTCGACTAAGTTTG-1_V12D07-075_C1,1
GTCTCGATCTGCTTTC-1_V12D07-075_C1,10
GTCTGGGCGGTCGAGA-1_V12D07-075_C1,20
GTCTTAGTACAGCCGG-1_V12D07-075_C1,11
GTCTTCCTCACCTAAG-1_V12D07-075_C1,24
GTCTTGAGGAGCAGTG-1_V12D07-075_C1,12
GTCTTGTAGCTATTCA-1_V12D07-075_C1,9
GTGAAACGGCGCCACC-1_V12D07-075_C1,10
GTGAAACGTGCTCCAC-1_V12D07-075_C1,7
GTGAACTCCCATTCGA-1_V12D07-075_C1,19
GTGAAGATTTCAAGTG-1_V12D07-075_C1,12
GTGAAGCCGTATAGTC-1_V12D07-075_C1,1
GTGACAGCTTCCCACT-1_V12D07-075_C1,17
GTGACCGCACACTACG-1_V12D07-075_C1,14
GTGACCTAAAGAATAA-1_V12D07-075_C1,1
GTGACGAGGGTGACCC-1_V12D07-075_C1,12
GTGACGCAGGTTTCAT-1_V12D07-075_C1,17
GTGACTTCAGTAGTGC-1_V12D07-075_C1,20
GTGAGCGTGCTGCACT-1_V12D07-075_C1,9
GTGAGGACACTTAAGG-1_V12D07-075_C1,5
GTGAGGAGCGGTTGAG-1_V12D07-075_C1,10
GTGAGTCGACTAATAG-1_V12D07-075_C1,3
GTGAGTCTAAGACGGA-1_V12D07-075_C1,16
GTGAGTGGTACAACGC-1_V12D07-075_C1,20
GTGATCACTAACGCCT-1_V12D07-075_C1,14
GTGATCATAGATCTGC-1_V12D07-075_C1,2
GTGATCCTTGTCATGA-1_V12D07-075_C1,17
GTGATGCACAACATCT-1_V12D07-075_C1,1
GTGATTCGCCGCTCAA-1_V12D07-075_C1,13
GTGCAACAAATGTGGC-1_V12D07-075_C1,7
GTGCACCAGCTTCAAC-1_V12D07-075_C1,5
GTGCACGAAAGTGACT-1_V12D07-075_C1,11
GTGCAGCGTAGAGTAG-1_V12D07-075_C1,10
GTGCCATCACACGGTG-1_V12D07-075_C1,20
GTGCCCGTTCGGATTC-1_V12D07-075_C1,2
GTGCCGCTTCAAAGGT-1_V12D07-075_C1,20
GTGCCTAGCTATGCTT-1_V12D07-075_C1,24
GTGCCTCAGTGTACGG-1_V12D07-075_C1,1
GTGCCTGAGACCAAAC-1_V12D07-075_C1,15
GTGCGAAATCGAACAC-1_V12D07-075_C1,20
GTGCGACAGGGAGTGT-1_V12D07-075_C1,19
GTGCGGGACCATCGGC-1_V12D07-075_C1,23
GTGCGGGTCTCCAAAT-1_V12D07-075_C1,10
GTGCGTGTATATGAGC-1_V12D07-075_C1,12
GTGCTCAAGTACTGTC-1_V12D07-075_C1,22
GTGCTGCAGATAAGGA-1_V12D07-075_C1,24
GTGCTTACATCAGCGC-1_V12D07-075_C1,12
GTGGAACCTACATGCG-1_V12D07-075_C1,10
GTGGACCAACCCGATT-1_V12D07-075_C1,13
GTGGACGCATTTGTCC-1_V12D07-075_C1,6
GTGGACGTGCTGAGAC-1_V12D07-075_C1,16
GTGGAGCATGTCGGCC-1_V12D07-075_C1,1
GTGGAGTCGGCGGTTG-1_V12D07-075_C1,13
GTGGCCTAATATCATT-1_V12D07-075_C1,24
GTGGCTGTTTCTGTTC-1_V12D07-075_C1,17
GTGGGCTTAGACACAC-1_V12D07-075_C1,22
GTGGTATAGTCTGCCG-1_V12D07-075_C1,13
GTGGTCAGCGAAGTAT-1_V12D07-075_C1,1
GTGGTGATGGTTTGTG-1_V12D07-075_C1,10
GTGGTGGCCAAGTGAA-1_V12D07-075_C1,2
GTGGTTACTTCTTTCG-1_V12D07-075_C1,12
GTGGTTTCCGCCTTTC-1_V12D07-075_C1,13
GTGTACCTTGGCTACG-1_V12D07-075_C1,23
GTGTACGAACCGTTCC-1_V12D07-075_C1,12
GTGTATATCAGCGGGC-1_V12D07-075_C1,5
GTGTATGACTTTAAAG-1_V12D07-075_C1,23
GTGTCGTATAGCGTTC-1_V12D07-075_C1,5
GTGTCGTATTCACCTT-1_V12D07-075_C1,1
GTGTGAATAACTTAGG-1_V12D07-075_C1,3
GTGTGTCGACGTCGCT-1_V12D07-075_C1,24
GTGTTACTATGCGTCC-1_V12D07-075_C1,5
GTTAAAGTAGGACTGG-1_V12D07-075_C1,2
GTTAACATCACTTAAA-1_V12D07-075_C1,5
GTTAACTATGTTGTCA-1_V12D07-075_C1,12
GTTAAGGGTGCGATGT-1_V12D07-075_C1,17
GTTAAGTTAGAGTGGG-1_V12D07-075_C1,12
GTTAATGTCTATCTTA-1_V12D07-075_C1,22
GTTACAATTGGTGACG-1_V12D07-075_C1,22
GTTACCAAGGCGTACG-1_V12D07-075_C1,3
GTTACCTACAACTTGC-1_V12D07-075_C1,5
GTTACTTTGGGCCTAG-1_V12D07-075_C1,20
GTTAGAGTGTGCCGCT-1_V12D07-075_C1,18
GTTAGCCCATGACATC-1_V12D07-075_C1,17
GTTAGCCGTAAATCAA-1_V12D07-075_C1,1
GTTATAATACGGTGAA-1_V12D07-075_C1,14
GTTATATCAGGAGCCA-1_V12D07-075_C1,1
GTTATATTATCTCCCT-1_V12D07-075_C1,5
GTTATCAAGCTATCGA-1_V12D07-075_C1,3
GTTATCACCTTCTGAA-1_V12D07-075_C1,7
GTTATTAACGTGGGAG-1_V12D07-075_C1,21
GTTCAAATCAGATGTC-1_V12D07-075_C1,24
GTTCACAGGAGTCTAG-1_V12D07-075_C1,18
GTTCAGTCGCCAAATG-1_V12D07-075_C1,5
GTTCATCGTTTGGCTG-1_V12D07-075_C1,10
GTTCCAGTCTGACCAT-1_V12D07-075_C1,11
GTTCCCGTAAACATAT-1_V12D07-075_C1,14
GTTCGCCATAAGTGCC-1_V12D07-075_C1,2
GTTCGCTGAGACGTCT-1_V12D07-075_C1,14
GTTCGGAGCACTCAAC-1_V12D07-075_C1,14
GTTCGGATCGGGAACA-1_V12D07-075_C1,19
GTTCGGGCGTACCATT-1_V12D07-075_C1,10
GTTCGTCTAAAGAACT-1_V12D07-075_C1,2
GTTCGTCTGGGTCCCT-1_V12D07-075_C1,1
GTTCTTCCCTCGATGT-1_V12D07-075_C1,18
GTTGAACCGGTTCCAT-1_V12D07-075_C1,20
GTTGAGTCCCGCCGGT-1_V12D07-075_C1,15
GTTGCACGGAGTTTCG-1_V12D07-075_C1,22
GTTGCAGTCGACAACA-1_V12D07-075_C1,14
GTTGCGCTAACATTAC-1_V12D07-075_C1,12
GTTGCGGACGGTCAGG-1_V12D07-075_C1,10
GTTGGACCGCATCAGG-1_V12D07-075_C1,1
GTTGGATTCAGTGGCT-1_V12D07-075_C1,12
GTTGGATTGAGAACAC-1_V12D07-075_C1,25
GTTGGATTTGCGTTGG-1_V12D07-075_C1,2
GTTGGTCATGCTATCC-1_V12D07-075_C1,5
GTTGTAGATTTATGAG-1_V12D07-075_C1,3
GTTGTCGTGTTAGTTG-1_V12D07-075_C1,7
GTTGTTACATTGCGCT-1_V12D07-075_C1,1
GTTGTTGCAAGATGGC-1_V12D07-075_C1,3
GTTTACGTTCCATCTG-1_V12D07-075_C1,5
GTTTATGGGATTTAGA-1_V12D07-075_C1,22
GTTTCAAACGAGTTGT-1_V12D07-075_C1,17
GTTTCATATCGTCGCT-1_V12D07-075_C1,13
GTTTCCTGGAGGGTGA-1_V12D07-075_C1,22
GTTTCTAGAGGCGCGG-1_V12D07-075_C1,17
GTTTCTGCAGTCTCCC-1_V12D07-075_C1,5
GTTTGACCAAATCCTA-1_V12D07-075_C1,2
GTTTGGCCCAAGTTAT-1_V12D07-075_C1,5
GTTTGGCCGCTCAGCG-1_V12D07-075_C1,6
GTTTGGGCTTGTGAGC-1_V12D07-075_C1,5
GTTTGGGTTTCGCCCG-1_V12D07-075_C1,17
GTTTGGTAGGGTCAAC-1_V12D07-075_C1,5
TAAACGTCGTCAATGA-1_V12D07-075_C1,22
TAAAGACAACCCTTTA-1_V12D07-075_C1,12
TAAAGAGCCCGAAACC-1_V12D07-075_C1,7
TAAAGCGGTATTTCCA-1_V12D07-075_C1,5
TAAAGCGTTAGGAGAA-1_V12D07-075_C1,25
TAAAGCTGCAATAGGG-1_V12D07-075_C1,12
TAAATCTTTACACCTC-1_V12D07-075_C1,1
TAAATGAATCCGTTTC-1_V12D07-075_C1,22
TAAATGCCGTCTCATG-1_V12D07-075_C1,1
TAAATGGGCTACTGAG-1_V12D07-075_C1,14
TAACAAAGGGAGAAGC-1_V12D07-075_C1,22
TAACAATATTTGTTGC-1_V12D07-075_C1,22
TAACATACAATGTGGG-1_V12D07-075_C1,5
TAACCGCCCGCAGTGC-1_V12D07-075_C1,7
TAACCTACCGTCCGAG-1_V12D07-075_C1,19
TAACCTAGGGAGTCCA-1_V12D07-075_C1,24
TAACGCTTTGAGAGCG-1_V12D07-075_C1,22
TAACTATCGAAGGTCC-1_V12D07-075_C1,22
TAACTATTACGCCAAA-1_V12D07-075_C1,10
TAACTCATCCGCGCGG-1_V12D07-075_C1,20
TAACTCCATGGAGGCT-1_V12D07-075_C1,9
TAAGCAGGCGACACGC-1_V12D07-075_C1,20
TAAGCCCTTACGACCA-1_V12D07-075_C1,1
TAAGGAACTTGTGGGA-1_V12D07-075_C1,16
TAAGGCAACATAAGAT-1_V12D07-075_C1,2
TAAGGCATAACATCAA-1_V12D07-075_C1,20
TAAGGCCCGTCACCCT-1_V12D07-075_C1,17
TAAGGCTGAATCCCTC-1_V12D07-075_C1,14
TAAGGGCCTGTCCGAT-1_V12D07-075_C1,17
TAAGGGCTGGGAGAGG-1_V12D07-075_C1,20
TAAGTAAATGTGCCGC-1_V12D07-075_C1,1
TAAGTAACATCTTGAC-1_V12D07-075_C1,13
TAAGTCGGTGAGCTAG-1_V12D07-075_C1,3
TAAGTTGCGACGTAGG-1_V12D07-075_C1,24
TAATAAACAAGGAGAT-1_V12D07-075_C1,12
TAATACACAGTAGTAT-1_V12D07-075_C1,11
TAATACTAGAACAGAC-1_V12D07-075_C1,17
TAATAGAACAGAGTTA-1_V12D07-075_C1,13
TAATAGCTAAATGATG-1_V12D07-075_C1,1
TAATAGTGACGACCAG-1_V12D07-075_C1,19
TAATATTGAAATTCGC-1_V12D07-075_C1,7
TAATCAACCAAATGGG-1_V12D07-075_C1,10
TAATCGATCCGTACGT-1_V12D07-075_C1,19
TAATGAAAGACCCTTG-1_V12D07-075_C1,22
TAATTACGTCAGTAGA-1_V12D07-075_C1,17
TAATTAGATGGATATG-1_V12D07-075_C1,7
TAATTAGGACATCCGT-1_V12D07-075_C1,25
TAATTCCAATGCTTCA-1_V12D07-075_C1,3
TAATTGGAATCGGGAA-1_V12D07-075_C1,1
TAATTTCCGTCCAGTA-1_V12D07-075_C1,13
TACAACGCACAACTCA-1_V12D07-075_C1,20
TACAAGGGCTTCTTTA-1_V12D07-075_C1,17
TACAAGTCTCGTGCAT-1_V12D07-075_C1,15
TACACCGTCGTTAGTC-1_V12D07-075_C1,1
TACACCTCTTCGAATC-1_V12D07-075_C1,3
TACAGAAACGGTGGGC-1_V12D07-075_C1,17
TACATAGGCATACACC-1_V12D07-075_C1,2
TACATCTTGTTTCTTG-1_V12D07-075_C1,24
TACATGACCTTATCCG-1_V12D07-075_C1,22
TACATGCCGGAATTGT-1_V12D07-075_C1,10
TACATTTCTAACGTGC-1_V12D07-075_C1,2
TACCAAATAGCCCAGA-1_V12D07-075_C1,5
TACCAATAAAGTACCA-1_V12D07-075_C1,17
TACCAGAAGTAGGTTC-1_V12D07-075_C1,20
TACCAGCTAGGTTTAA-1_V12D07-075_C1,7
TACCATGTATTGATTT-1_V12D07-075_C1,10
TACCCTCGGTAACCCT-1_V12D07-075_C1,14
TACCGAATAATTGTAA-1_V12D07-075_C1,17
TACCGCGGACTTGCAG-1_V12D07-075_C1,25
TACCGGCTCACTGCCC-1_V12D07-075_C1,5
TACCGGTCGTTTCCAT-1_V12D07-075_C1,13
TACCGTAGGTTAACTA-1_V12D07-075_C1,5
TACCGTGCCTCGGACC-1_V12D07-075_C1,5
TACCTACTCCCAGTAT-1_V12D07-075_C1,5
TACCTATCCCTAGAGG-1_V12D07-075_C1,20
TACCTCACGCTTGTAC-1_V12D07-075_C1,11
TACCTCAGTTGTCTGT-1_V12D07-075_C1,20
TACCTCTTTACCATCC-1_V12D07-075_C1,3
TACCTGCTGCACTGTG-1_V12D07-075_C1,22
TACGAACACGACTTCA-1_V12D07-075_C1,22
TACGACGCTTGCTGCG-1_V12D07-075_C1,5
TACGACTGCCTCTTAG-1_V12D07-075_C1,14
TACGAGAACTTCACGT-1_V12D07-075_C1,22
TACGATGTTGATCATC-1_V12D07-075_C1,22
TACGCAGTTCTTTCCT-1_V12D07-075_C1,2
TACGCCATATTCTAAT-1_V12D07-075_C1,2
TACGCCGCCTCAGAAG-1_V12D07-075_C1,12
TACGCCTCCATTCCGA-1_V12D07-075_C1,5
TACGCTATAGAAACCT-1_V12D07-075_C1,10
TACGCTCGGTATTGGA-1_V12D07-075_C1,14
TACGGAAGCCAAACCA-1_V12D07-075_C1,17
TACGGCATGGACGCTA-1_V12D07-075_C1,14
TACGGGATGCTAGCAG-1_V12D07-075_C1,10
TACGTAAAGCGGAGTG-1_V12D07-075_C1,17
TACGTGCAAGGTTCCT-1_V12D07-075_C1,1
TACGTGCACTATGCTG-1_V12D07-075_C1,22
TACGTGGGCCCAGGGC-1_V12D07-075_C1,17
TACGTTTACCGGCAAT-1_V12D07-075_C1,20
TACTACGTGCAATGCG-1_V12D07-075_C1,13
TACTATGGTTCCTCAG-1_V12D07-075_C1,13
TACTCGGCACGCCGGG-1_V12D07-075_C1,6
TACTCTCCGAACAAAT-1_V12D07-075_C1,10
TACTCTTACTTTACTG-1_V12D07-075_C1,14
TACTCTTTCGTCTTCA-1_V12D07-075_C1,13
TACTGAACAGATTTAG-1_V12D07-075_C1,13
TACTGCAATCAATTAC-1_V12D07-075_C1,12
TACTGGACAGCTCGGC-1_V12D07-075_C1,16
TACTGTTTCTCTGGTA-1_V12D07-075_C1,12
TACTTAAACATGTACA-1_V12D07-075_C1,24
TACTTGTTAGTAGTCC-1_V12D07-075_C1,13
TACTTTACTGAGCCGG-1_V12D07-075_C1,25
TAGAAACACAATAGTG-1_V12D07-075_C1,24
TAGAAACCACTAAGTA-1_V12D07-075_C1,7
TAGAAAGGTGGCGCTA-1_V12D07-075_C1,3
TAGAAATTCACGTATA-1_V12D07-075_C1,24
TAGAAGAAGGGTTACA-1_V12D07-075_C1,14
TAGAATAGCCGATGAA-1_V12D07-075_C1,17
TAGAATTAAGGGCAAC-1_V12D07-075_C1,18
TAGACGAAACGCCAAT-1_V12D07-075_C1,17
TAGACGCCCGTACCGG-1_V12D07-075_C1,25
TAGACTACCTAGCGTT-1_V12D07-075_C1,19
TAGAGCTACGAAGAAC-1_V12D07-075_C1,7
TAGAGGTTCTACTTGT-1_V12D07-075_C1,17
TAGAGTCTAAGCGAAC-1_V12D07-075_C1,22
TAGATATGGACTGGAA-1_V12D07-075_C1,20
TAGATCCGAAGTCGCA-1_V12D07-075_C1,7
TAGATGGTTCCTTACT-1_V12D07-075_C1,17
TAGATTCCTGGTTATT-1_V12D07-075_C1,22
TAGCAACCTGTCACAA-1_V12D07-075_C1,16
TAGCAGTATGACTAAA-1_V12D07-075_C1,17
TAGCCAGAGGGTCCGG-1_V12D07-075_C1,24
TAGCCATTTCAAAGTC-1_V12D07-075_C1,2
TAGCCGGCGGTCAGCG-1_V12D07-075_C1,3
TAGCGTCCCTCGATTG-1_V12D07-075_C1,25
TAGCGTCCGGTGTGGT-1_V12D07-075_C1,5
TAGCGTCGAATATTGA-1_V12D07-075_C1,24
TAGCGTTGGGTCTTAC-1_V12D07-075_C1,5
TAGCTAAGTCCGGGAG-1_V12D07-075_C1,2
TAGCTAGAAGGCATGA-1_V12D07-075_C1,20
TAGCTAGTGATGATGG-1_V12D07-075_C1,13
TAGCTCAGATCCTAGT-1_V12D07-075_C1,1
TAGCTCGCCTGATAAC-1_V12D07-075_C1,5
TAGGAACAGCCTCCAG-1_V12D07-075_C1,1
TAGGCATGTTACGCCA-1_V12D07-075_C1,10
TAGGCCTATATAGTCT-1_V12D07-075_C1,17
TAGGCTAAAGTGGCAC-1_V12D07-075_C1,17
TAGGGAGCTTGGGATG-1_V12D07-075_C1,3
TAGGGTGTTTCAAGAG-1_V12D07-075_C1,10
TAGGTCCAAGTAAGGA-1_V12D07-075_C1,22
TAGGTCGCCGGAACTG-1_V12D07-075_C1,25
TAGGTGACGATAACCT-1_V12D07-075_C1,17
TAGGTGAGCCCTACTC-1_V12D07-075_C1,22
TAGGTGCTCGCCTAGC-1_V12D07-075_C1,14
TAGGTGTTCCACAGAT-1_V12D07-075_C1,5
TAGGTTCGAGTTCGTC-1_V12D07-075_C1,2
TAGTACCTTAGTGGTC-1_V12D07-075_C1,9
TAGTAGCTTATACCAG-1_V12D07-075_C1,13
TAGTCCCGGAGACCAC-1_V12D07-075_C1,3
TAGTCCGCAGAGAATG-1_V12D07-075_C1,2
TAGTCCGTATGCATAA-1_V12D07-075_C1,24
TAGTCGATCACGGGTT-1_V12D07-075_C1,14
TAGTCGGGATTCTTCG-1_V12D07-075_C1,24
TAGTCTAACAACGAGA-1_V12D07-075_C1,20
TAGTCTGTGACGTTGC-1_V12D07-075_C1,12
TAGTCTTTCCGAATTG-1_V12D07-075_C1,10
TAGTGCCCTCCAGAGT-1_V12D07-075_C1,22
TAGTGCTTGAATCCTT-1_V12D07-075_C1,24
TAGTGTCAGAAACGGC-1_V12D07-075_C1,15
TAGTTAAGATAGGATA-1_V12D07-075_C1,11
TAGTTTATTCTTGCTT-1_V12D07-075_C1,7
TATAAATCCACAAGCT-1_V12D07-075_C1,23
TATAAGTGAGGATAGC-1_V12D07-075_C1,22
TATACACAGACGCCTT-1_V12D07-075_C1,5
TATACACGCAAAGTAT-1_V12D07-075_C1,9
TATACCGAGTGCCACA-1_V12D07-075_C1,10
TATACGCGTCATCACT-1_V12D07-075_C1,5
TATACTCATGCGGCAA-1_V12D07-075_C1,15
TATAGAGTCGCTTGAA-1_V12D07-075_C1,3
TATAGATGGTCGCAGT-1_V12D07-075_C1,3
TATAGGGTACTCATGA-1_V12D07-075_C1,20
TATATCATTGATCAGT-1_V12D07-075_C1,24
TATATCCCTGGGAGGA-1_V12D07-075_C1,19
TATATGCTGGGTTGCC-1_V12D07-075_C1,22
TATATTACAAATGTCG-1_V12D07-075_C1,1
TATATTCGCGTCGATA-1_V12D07-075_C1,7
TATCAAAGGTCTGTAA-1_V12D07-075_C1,24
TATCACCATGTAAAGT-1_V12D07-075_C1,1
TATCACCCAACCGACC-1_V12D07-075_C1,12
TATCACTTCGAGTAAC-1_V12D07-075_C1,1
TATCCAATTGGTTATC-1_V12D07-075_C1,21
TATCCATATCATGCGA-1_V12D07-075_C1,11
TATCCGCACCGTCGGG-1_V12D07-075_C1,20
TATCCTATCAACTGGT-1_V12D07-075_C1,5
TATCCTGCATGGGAAT-1_V12D07-075_C1,7
TATCGATCTATGCATA-1_V12D07-075_C1,10
TATCGATGATTAAACG-1_V12D07-075_C1,22
TATCTACAGAGGTAAT-1_V12D07-075_C1,22
TATCTACCACAGCGGG-1_V12D07-075_C1,2
TATCTAGCCTAAAGGA-1_V12D07-075_C1,24
TATGAAGAATTAAGGT-1_V12D07-075_C1,17
TATGAAGACAGGTGCG-1_V12D07-075_C1,22
TATGATAAATCTAACG-1_V12D07-075_C1,11
TATGATCCGGCACGCC-1_V12D07-075_C1,1
TATGATCTTCTCTTTA-1_V12D07-075_C1,17
TATGATTCTGCTTGGT-1_V12D07-075_C1,7
TATGCTCCCTACTTAC-1_V12D07-075_C1,22
TATGGAGTTTCTCGTT-1_V12D07-075_C1,7
TATGGATGTGCTACGC-1_V12D07-075_C1,22
TATGGCCCGGCCTCGC-1_V12D07-075_C1,16
TATGGCTAGGCTAATT-1_V12D07-075_C1,1
TATGGGACCGAGCAGG-1_V12D07-075_C1,2
TATGGGTACGTATCGT-1_V12D07-075_C1,2
TATGGTCTGAGTAACA-1_V12D07-075_C1,2
TATGGTTAGTGGGAGA-1_V12D07-075_C1,19
TATGTCAAGACCGACT-1_V12D07-075_C1,12
TATGTCTCATTGTGCC-1_V12D07-075_C1,19
TATTAACCTGACCGCG-1_V12D07-075_C1,13
TATTACCATCCTGCTT-1_V12D07-075_C1,3
TATTCAATTCTAATCC-1_V12D07-075_C1,2
TATTCCACTCAGCTCG-1_V12D07-075_C1,5
TATTCCGAGCTGTTAT-1_V12D07-075_C1,5
TATTCCGGCAGTCCTA-1_V12D07-075_C1,7
TATTCCTCCGCCCACT-1_V12D07-075_C1,13
TATTCGTGCCAGAATA-1_V12D07-075_C1,2
TATTGACATTTCTGCC-1_V12D07-075_C1,1
TATTGCCGGGCTTGTA-1_V12D07-075_C1,3
TATTTAGTCTAGATCG-1_V12D07-075_C1,11
TATTTATACCGAGTAG-1_V12D07-075_C1,10
TATTTGATTTGCACAG-1_V12D07-075_C1,19
TATTTGTTACCCTTTA-1_V12D07-075_C1,22
TCAAACAACCGCGTCG-1_V12D07-075_C1,22
TCAAACTTAGATTGTT-1_V12D07-075_C1,2
TCAAATTGTTGTGCCG-1_V12D07-075_C1,17
TCAAATTTGAGACTCA-1_V12D07-075_C1,5
TCAACACATTGGGTAA-1_V12D07-075_C1,7
TCAACATAGCGCCCTA-1_V12D07-075_C1,13
TCAACCATGTTCGGGC-1_V12D07-075_C1,10
TCAACGAGGAGACAAA-1_V12D07-075_C1,2
TCAACGCGACCGGCAG-1_V12D07-075_C1,20
TCAACTAACGTATAAC-1_V12D07-075_C1,22
TCAACTGCAGAGTCAG-1_V12D07-075_C1,14
TCAAGAAATACTAGCT-1_V12D07-075_C1,10
TCAAGCGCGGACGGTA-1_V12D07-075_C1,14
TCAAGGTTACTACACC-1_V12D07-075_C1,14
TCAATACAATTGCTGC-1_V12D07-075_C1,24
TCAATACGCCGTCATG-1_V12D07-075_C1,5
TCAATATACAGGAGGC-1_V12D07-075_C1,3
TCAATCCCGCGCCAAA-1_V12D07-075_C1,3
TCACAAACCGAGGTAC-1_V12D07-075_C1,17
TCACAGATCCTCAAAC-1_V12D07-075_C1,9
TCACAGCAAACTCGAA-1_V12D07-075_C1,20
TCACAGGAGAATAAGA-1_V12D07-075_C1,20
TCACAGGGAATCGCAA-1_V12D07-075_C1,2
TCACAGGTTATTGGGC-1_V12D07-075_C1,22
TCACATCTTATCTGAT-1_V12D07-075_C1,9
TCACCCTCTTAAGATT-1_V12D07-075_C1,2
TCACCGCTCGGCACTC-1_V12D07-075_C1,25
TCACGCATTGTAGATC-1_V12D07-075_C1,22
TCACGGTCATCGCACA-1_V12D07-075_C1,22
TCACGTGCCCGATTCA-1_V12D07-075_C1,2
TCACTACGACCAATGC-1_V12D07-075_C1,1
TCACTATCCCTTCGGT-1_V12D07-075_C1,3
TCACTCGTGCAACGGC-1_V12D07-075_C1,12
TCACTCTTCGTCTGTC-1_V12D07-075_C1,5
TCAGAACCTCCACAGG-1_V12D07-075_C1,12
TCAGACGCTATAGAAG-1_V12D07-075_C1,5
TCAGAGTGTGAGCATG-1_V12D07-075_C1,3
TCAGCAAATGCATCTC-1_V12D07-075_C1,2
TCAGCCAATCCGTAAA-1_V12D07-075_C1,17
TCAGGGCGACTTCCTT-1_V12D07-075_C1,22
TCAGGGCGCAAACTCG-1_V12D07-075_C1,21
TCAGGGTGCACGAAAC-1_V12D07-075_C1,1
TCAGGGTGTAACGTAA-1_V12D07-075_C1,2
TCAGGTTCTTTGAGAA-1_V12D07-075_C1,22
TCAGTACTGACCCGCG-1_V12D07-075_C1,22
TCAGTAGGGACTATAA-1_V12D07-075_C1,20
TCATAAGTCCAAGAAG-1_V12D07-075_C1,3
TCATACTTACAGATCC-1_V12D07-075_C1,22
TCATATGAGCTTTGTT-1_V12D07-075_C1,17
TCATCACTCGAGCTCG-1_V12D07-075_C1,18
TCATCCCAGAGGGTGG-1_V12D07-075_C1,7
TCATCCTCAGCTGCTT-1_V12D07-075_C1,17
TCATCGACGACCGTCG-1_V12D07-075_C1,3
TCATGCAGGTTCTCAT-1_V12D07-075_C1,10
TCATTCGTATAATTTG-1_V12D07-075_C1,1
TCATTTAAGTCTCCGA-1_V12D07-075_C1,19
TCATTTAGAAGTGTGA-1_V12D07-075_C1,14
TCCAACTCAGCTATCT-1_V12D07-075_C1,23
TCCAACTTTAAATTCT-1_V12D07-075_C1,20
TCCAAGCCTAGACACA-1_V12D07-075_C1,17
TCCAATAAAGGCTACC-1_V12D07-075_C1,5
TCCACAATGGTTTACG-1_V12D07-075_C1,22
TCCACATCGTATATTG-1_V12D07-075_C1,17
TCCACCAAGACATAGG-1_V12D07-075_C1,3
TCCACCTCTAGCCTTT-1_V12D07-075_C1,5
TCCACTTTATCTAGGT-1_V12D07-075_C1,2
TCCAGAGCACCGGTTC-1_V12D07-075_C1,5
TCCAGATGTACGCCAA-1_V12D07-075_C1,1
TCCAGCGCTATAAGCG-1_V12D07-075_C1,19
TCCAGGCGAGTACGGT-1_V12D07-075_C1,2
TCCAGGGTATATACGA-1_V12D07-075_C1,5
TCCATTAGTTGGATAG-1_V12D07-075_C1,22
TCCATTGTGACCTCGT-1_V12D07-075_C1,7
TCCCAAACAGACAACG-1_V12D07-075_C1,1
TCCCAAAGACGAAGGA-1_V12D07-075_C1,22
TCCCAAAGCCCTAAAT-1_V12D07-075_C1,12
TCCCACTCTCTTCCGG-1_V12D07-075_C1,11
TCCCAGCACACGACAT-1_V12D07-075_C1,19
TCCCAGCTTTAGTCTG-1_V12D07-075_C1,2
TCCCAGGCTTAGCTAA-1_V12D07-075_C1,22
TCCCGCCTATGTGCGT-1_V12D07-075_C1,1
TCCCGCGTACTCCTGG-1_V12D07-075_C1,2
TCCCGGGTGTGCTGCT-1_V12D07-075_C1,22
TCCCGGTCAGGAATTT-1_V12D07-075_C1,7
TCCCGTCAGTCCCGCA-1_V12D07-075_C1,11
TCCCGTCGCGTCATAG-1_V12D07-075_C1,1
TCCCGTGTGCAATTTG-1_V12D07-075_C1,2
TCCCTAGATCAATAGG-1_V12D07-075_C1,1
TCCCTCTTCTCAAGGG-1_V12D07-075_C1,14
TCCCTGGCTCGCTGGA-1_V12D07-075_C1,9
TCCCTTAGATTACTCG-1_V12D07-075_C1,10
TCCCTTGTCTGAAACT-1_V12D07-075_C1,14
TCCGAACGTTGCCGCT-1_V12D07-075_C1,10
TCCGAACTTGGCTTAC-1_V12D07-075_C1,22
TCCGAAGTAGTCACCA-1_V12D07-075_C1,1
TCCGAATGGTCCTGAG-1_V12D07-075_C1,12
TCCGAGAAGGCTAAGC-1_V12D07-075_C1,23
TCCGATAATTGCCATA-1_V12D07-075_C1,16
TCCGATGACTGAGCTC-1_V12D07-075_C1,10
TCCGATGGTGCGACAT-1_V12D07-075_C1,22
TCCGATTACATTGCCG-1_V12D07-075_C1,22
TCCGCAGCCACCTAGC-1_V12D07-075_C1,24
TCCGCCTGTCTACAAG-1_V12D07-075_C1,5
TCCGCGGCAGCATCTG-1_V12D07-075_C1,3
TCCGCGGCCCAATGAA-1_V12D07-075_C1,14
TCCGCTGTCATCCCGG-1_V12D07-075_C1,2
TCCGCTTATCCCATTA-1_V12D07-075_C1,5
TCCGGAGGAAGGGCTG-1_V12D07-075_C1,1
TCCGGCCTAGCGTACA-1_V12D07-075_C1,19
TCCGGCTGTCGGGTCG-1_V12D07-075_C1,19
TCCGGGCTTGACGGGA-1_V12D07-075_C1,17
TCCGGTTCGTCCGGTC-1_V12D07-075_C1,20
TCCGTAACCACAATCC-1_V12D07-075_C1,18
TCCGTTAAGCTAATAT-1_V12D07-075_C1,14
TCCGTTTAGCCTTGAA-1_V12D07-075_C1,25
TCCTAAAGATTCAGAC-1_V12D07-075_C1,17
TCCTAAATTGGGAAGC-1_V12D07-075_C1,5
TCCTAACCGTCGGGCA-1_V12D07-075_C1,13
TCCTACATCCACGGCC-1_V12D07-075_C1,2
TCCTAGCAAAGAAGCT-1_V12D07-075_C1,20
TCCTATCATAGGTAAC-1_V12D07-075_C1,12
TCCTCGGGCTGGGCTT-1_V12D07-075_C1,5
TCCTCTACGAGATGGC-1_V12D07-075_C1,22
TCCTCTCCAGTTGTCC-1_V12D07-075_C1,22
TCCTCTGGCCCATTAG-1_V12D07-075_C1,1
TCCTGCCAACTGGAGA-1_V12D07-075_C1,1
TCCTGCGTTGATACTC-1_V12D07-075_C1,20
TCCTGGCGCTGCCTGG-1_V12D07-075_C1,1
TCCTTACGACGGTCCG-1_V12D07-075_C1,14
TCCTTCAATCCCTACG-1_V12D07-075_C1,13
TCCTTCAGTGGTCGAA-1_V12D07-075_C1,11
TCCTTGTCCTTTAATT-1_V12D07-075_C1,17
TCCTTTAAATCCGCTT-1_V12D07-075_C1,17
TCCTTTCTTACGCTTA-1_V12D07-075_C1,2
TCGAAATTTAGGACCA-1_V12D07-075_C1,22
TCGAAGAACCGAGCAC-1_V12D07-075_C1,14
TCGAGACCAACACCGT-1_V12D07-075_C1,2
TCGAGGGCAACAGACG-1_V12D07-075_C1,14
TCGATAGGCTAGTCGC-1_V12D07-075_C1,7
TCGCAAAGATGCATTT-1_V12D07-075_C1,2
TCGCACCAGGAGGCAG-1_V12D07-075_C1,2
TCGCACTAACGTTTGT-1_V12D07-075_C1,24
TCGCATAAAGGGCGCA-1_V12D07-075_C1,14
TCGCATCCCTAAGTGT-1_V12D07-075_C1,22
TCGCATTCAATGACTT-1_V12D07-075_C1,7
TCGCCCAACTGACTCC-1_V12D07-075_C1,1
TCGCCCACTGCGAGAG-1_V12D07-075_C1,24
TCGCCGAAGTTGCGTC-1_V12D07-075_C1,13
TCGCCGACATATTCGC-1_V12D07-075_C1,17
TCGCCGGATGGGCAAG-1_V12D07-075_C1,24
TCGCCGGTCGATCCGT-1_V12D07-075_C1,11
TCGCGTAGCAGTGTCC-1_V12D07-075_C1,17
TCGCGTCCAGAAGGTC-1_V12D07-075_C1,15
TCGCTAAACCGCTATC-1_V12D07-075_C1,10
TCGCTACTGGCTTTGA-1_V12D07-075_C1,17
TCGCTCGATATATTCC-1_V12D07-075_C1,2
TCGCTCGGCACCAGCG-1_V12D07-075_C1,1
TCGCTGCCAATGCTGT-1_V12D07-075_C1,17
TCGCTGGGCGGATTGT-1_V12D07-075_C1,2
TCGCTGTGCGTAAATC-1_V12D07-075_C1,22
TCGCTTAATTACGAAG-1_V12D07-075_C1,1
TCGCTTTAAACGTTTG-1_V12D07-075_C1,10
TCGGAATGACCATCAA-1_V12D07-075_C1,7
TCGGAATGCGCTCTGA-1_V12D07-075_C1,15
TCGGACGCCCAGCCCA-1_V12D07-075_C1,3
TCGGAGTACATGAGTA-1_V12D07-075_C1,2
TCGGCAGGGTTAAGGG-1_V12D07-075_C1,3
TCGGCGAACCCAAACC-1_V12D07-075_C1,14
TCGGCTTGTATCGACG-1_V12D07-075_C1,17
TCGGGAACGTGCCTAG-1_V12D07-075_C1,10
TCGGGAGACAGCGTAC-1_V12D07-075_C1,5
TCGGGATTCAAACATA-1_V12D07-075_C1,13
TCGGGCCGTCGTGGTA-1_V12D07-075_C1,14
TCGGGTGAAACTGCTA-1_V12D07-075_C1,7
TCGGTCCCTGACTCCA-1_V12D07-075_C1,1
TCGGTGACCGCTCCGG-1_V12D07-075_C1,1
TCGGTTAGCCATGTAG-1_V12D07-075_C1,1
TCGTAACTCCCAAGAC-1_V12D07-075_C1,3
TCGTAAGACGACATTG-1_V12D07-075_C1,2
TCGTAAGCTCCGAGGA-1_V12D07-075_C1,1
TCGTACCGACGTCAAG-1_V12D07-075_C1,5
TCGTATAGTGCAATTA-1_V12D07-075_C1,7
TCGTATTACCCATTGC-1_V12D07-075_C1,20
TCGTCACACTGTTAGC-1_V12D07-075_C1,21
TCGTCCGCTGGCGTCT-1_V12D07-075_C1,22
TCGTCCGGGTACACTC-1_V12D07-075_C1,1
TCGTCTTAGGCGTTAA-1_V12D07-075_C1,5
TCGTGTACTATGGATG-1_V12D07-075_C1,6
TCGTGTATTGGTCACG-1_V12D07-075_C1,19
TCGTGTTCGACCACAA-1_V12D07-075_C1,14
TCGTTAGGAGTCCCTA-1_V12D07-075_C1,20
TCGTTCGTTATTATGT-1_V12D07-075_C1,7
TCGTTGACAGGGTCCC-1_V12D07-075_C1,24
TCGTTGCTATCCGGTC-1_V12D07-075_C1,13
TCGTTGGCTCGTCAAT-1_V12D07-075_C1,7
TCGTTTACGCGACCCT-1_V12D07-075_C1,17
TCTAACTGTATGTAAA-1_V12D07-075_C1,22
TCTACACGTTCATGCA-1_V12D07-075_C1,1
TCTACCCAATAGAGAG-1_V12D07-075_C1,14
TCTACCGTCCACAAGC-1_V12D07-075_C1,2
TCTAGCAATCTCCGCC-1_V12D07-075_C1,13
TCTAGCATCTTCGATG-1_V12D07-075_C1,22
TCTAGCATGCCCAGAA-1_V12D07-075_C1,5
TCTAGGTGGCGACGCT-1_V12D07-075_C1,19
TCTAGTGATATCGTGG-1_V12D07-075_C1,14
TCTAGTTATCAGAAGA-1_V12D07-075_C1,22
TCTATAGGTGGGTAAT-1_V12D07-075_C1,17
TCTATCATGCAGTTAC-1_V12D07-075_C1,22
TCTATCGGTCGCAACA-1_V12D07-075_C1,2
TCTATGCTATAACGAC-1_V12D07-075_C1,17
TCTATTACGCTGGCGA-1_V12D07-075_C1,22
TCTCAAATCAATCGGG-1_V12D07-075_C1,3
TCTCATGAGATAGGGT-1_V12D07-075_C1,2
TCTCCAACGTAGGTTA-1_V12D07-075_C1,10
TCTCCACAAGTTGAAT-1_V12D07-075_C1,17
TCTCCCTGGGCAGCGT-1_V12D07-075_C1,15
TCTCGAACGAGGTCAC-1_V12D07-075_C1,1
TCTCGACGTATCGCCG-1_V12D07-075_C1,12
TCTCGAGGAGGTTCGC-1_V12D07-075_C1,14
TCTCGGCTCCAGGACT-1_V12D07-075_C1,16
TCTCTAATAGCTGGTA-1_V12D07-075_C1,11
TCTCTCGCCGCACATA-1_V12D07-075_C1,14
TCTGAACCGGTCGGCT-1_V12D07-075_C1,22
TCTGAACTCGTACCCG-1_V12D07-075_C1,14
TCTGAAGCACGTGGTC-1_V12D07-075_C1,17
TCTGAATTCCGTACAA-1_V12D07-075_C1,25
TCTGACGGGCTAACCC-1_V12D07-075_C1,1
TCTGACTGTAATGGTT-1_V12D07-075_C1,24
TCTGAGCAATTGACTG-1_V12D07-075_C1,14
TCTGATCGGGTGCTAG-1_V12D07-075_C1,1
TCTGATGTATTCTGTC-1_V12D07-075_C1,5
TCTGATTGGAAATGGA-1_V12D07-075_C1,1
TCTGCAGATTCGAGTC-1_V12D07-075_C1,22
TCTGCATACCTTGCTT-1_V12D07-075_C1,17
TCTGCCAGAAACTGCA-1_V12D07-075_C1,5
TCTGCGTCCGGTTTCT-1_V12D07-075_C1,9
TCTGCTTAGAACAAGC-1_V12D07-075_C1,10
TCTGGAGCGTAAGAGT-1_V12D07-075_C1,1
TCTGGCCGTTCAAGTT-1_V12D07-075_C1,1
TCTGGCGCAAGCCGGG-1_V12D07-075_C1,24
TCTGGGAACCTTTGAA-1_V12D07-075_C1,14
TCTGGGTAGCGCTCAT-1_V12D07-075_C1,20
TCTGTCATACAAGAGC-1_V12D07-075_C1,22
TCTGTGATGGAGGTTG-1_V12D07-075_C1,1
TCTGTGCCATCATAGT-1_V12D07-075_C1,3
TCTGTTACCCAGCATA-1_V12D07-075_C1,13
TCTTAACTCGGATGTA-1_V12D07-075_C1,24
TCTTACAGAGGTACCG-1_V12D07-075_C1,7
TCTTACCGGAACTCGT-1_V12D07-075_C1,12
TCTTACGGCATCCGAC-1_V12D07-075_C1,22
TCTTACTTATGCCTCT-1_V12D07-075_C1,14
TCTTAGAGCTCCAATT-1_V12D07-075_C1,19
TCTTAGAGTGAACTCT-1_V12D07-075_C1,14
TCTTCCCATGGGCACA-1_V12D07-075_C1,25
TCTTCGAATAGACGTT-1_V12D07-075_C1,5
TCTTCGATACCAATAA-1_V12D07-075_C1,2
TCTTCGCGGTGAGAGG-1_V12D07-075_C1,14
TCTTCTATAACCCGCC-1_V12D07-075_C1,25
TCTTGATGCGTAGCGA-1_V12D07-075_C1,2
TCTTGCTCCCGATACT-1_V12D07-075_C1,17
TCTTGGTAACACCAAA-1_V12D07-075_C1,11
TCTTTAAGACTATGAA-1_V12D07-075_C1,25
TCTTTAGAGTCTAACA-1_V12D07-075_C1,19
TCTTTAGCAGGCGAAC-1_V12D07-075_C1,12
TCTTTCCTTCGAGATA-1_V12D07-075_C1,14
TCTTTCTCTTAAGGAG-1_V12D07-075_C1,6
TGAAACTTATGCAAGC-1_V12D07-075_C1,7
TGAAAGGACCTGACTC-1_V12D07-075_C1,3
TGAACTGCTATGACTT-1_V12D07-075_C1,20
TGAAGAGCGGTCCTAG-1_V12D07-075_C1,22
TGAAGTAGCTTACGGA-1_V12D07-075_C1,24
TGAATACCGACGCGTA-1_V12D07-075_C1,17
TGAATATGCTATAAAC-1_V12D07-075_C1,1
TGAATGAGTGTTTCCC-1_V12D07-075_C1,5
TGAATGTCAGCCGGCC-1_V12D07-075_C1,25
TGACAACGCATGTCGC-1_V12D07-075_C1,1
TGACACTTCTCTTTGC-1_V12D07-075_C1,1
TGACATATATGACGAT-1_V12D07-075_C1,3
TGACATCGAGCGGACC-1_V12D07-075_C1,19
TGACATGTAACGTGAC-1_V12D07-075_C1,17
TGACCAAATCTTAAAC-1_V12D07-075_C1,17
TGACCAGCTTCAAAGT-1_V12D07-075_C1,1
TGACCCACGTTAGACA-1_V12D07-075_C1,22
TGACGATGCACTAGAA-1_V12D07-075_C1,3
TGACTATAATCCTTTC-1_V12D07-075_C1,5
TGACTCTAACTGGTAA-1_V12D07-075_C1,3
TGAGAATGCTTTACCG-1_V12D07-075_C1,11
TGAGACGTACCTCTCA-1_V12D07-075_C1,24
TGAGAGATTTACCACG-1_V12D07-075_C1,14
TGAGATCAAATACTCA-1_V12D07-075_C1,7
TGAGATTAGGCCCTAA-1_V12D07-075_C1,12
TGAGCAGTCGTGAAGT-1_V12D07-075_C1,7
TGAGCCATACAGTCTC-1_V12D07-075_C1,20
TGAGCGGAAAGTGTTC-1_V12D07-075_C1,5
TGAGCTCAACTGTATA-1_V12D07-075_C1,19
TGAGCTTTAATGACGC-1_V12D07-075_C1,10
TGAGGAGTGCCAGCTT-1_V12D07-075_C1,5
TGAGGTGTGTGGCGGA-1_V12D07-075_C1,5
TGAGTAAATTAGCGTA-1_V12D07-075_C1,5
TGAGTGCCTCTTAAAT-1_V12D07-075_C1,20
TGAGTGGTCCGTGACG-1_V12D07-075_C1,25
TGAGTTAAAGACATTC-1_V12D07-075_C1,25
TGATACATTTAGCCGT-1_V12D07-075_C1,13
TGATAGCGGGATTCTA-1_V12D07-075_C1,6
TGATCACCACACTGAC-1_V12D07-075_C1,5
TGATCCCAGCATTAGT-1_V12D07-075_C1,19
TGATCGGTTTGACCCT-1_V12D07-075_C1,23
TGATCTACGCTGATCT-1_V12D07-075_C1,1
TGATCTATCACACTCT-1_V12D07-075_C1,3
TGATCTCCGGCGCCAG-1_V12D07-075_C1,22
TGATGGCTGTTTCTGA-1_V12D07-075_C1,12
TGATGTCAATTAAGTG-1_V12D07-075_C1,17
TGATTATGGCACGCAG-1_V12D07-075_C1,1
TGATTCCCGGTTACCT-1_V12D07-075_C1,5
TGATTCGTCTATCACT-1_V12D07-075_C1,22
TGATTCTGTCGCCGGT-1_V12D07-075_C1,20
TGATTTATTAGCTGTG-1_V12D07-075_C1,20
TGATTTCCTCCTGACG-1_V12D07-075_C1,22
TGCAAAGTTCGTCTGT-1_V12D07-075_C1,5
TGCAACCCATCTGCGG-1_V12D07-075_C1,17
TGCAACTACTGGTTGA-1_V12D07-075_C1,17
TGCAAGAATGACGTAA-1_V12D07-075_C1,23
TGCAATCTAACACGGT-1_V12D07-075_C1,17
TGCAATTTGGGCACGG-1_V12D07-075_C1,1
TGCACAGTGAAGTTAT-1_V12D07-075_C1,1
TGCACGAGTCGGCAGC-1_V12D07-075_C1,7
TGCACTATGTGAGTGC-1_V12D07-075_C1,22
TGCAGAGTACCGAGCA-1_V12D07-075_C1,22
TGCAGGATCGGCAAAG-1_V12D07-075_C1,23
TGCAGTGAGGCTCGGG-1_V12D07-075_C1,1
TGCAGTTTCCTCCCAT-1_V12D07-075_C1,14
TGCATATGTCTGTCAC-1_V12D07-075_C1,3
TGCATGGATCGGATCT-1_V12D07-075_C1,11
TGCATGTGGTAATCTA-1_V12D07-075_C1,19
TGCCAATGGGTACTCT-1_V12D07-075_C1,20
TGCCACCTGGCGAAAC-1_V12D07-075_C1,10
TGCCAGTACGTGGAGA-1_V12D07-075_C1,5
TGCCATTACTAAAGAA-1_V12D07-075_C1,10
TGCCCGTACCGTTAAA-1_V12D07-075_C1,2
TGCCGAAAGCGTATTC-1_V12D07-075_C1,1
TGCCGTGGATCGTCCT-1_V12D07-075_C1,5
TGCCTAAATTTAATAG-1_V12D07-075_C1,1
TGCCTAATTGAAGATT-1_V12D07-075_C1,14
TGCCTGACATCGGTCA-1_V12D07-075_C1,22
TGCCTGATCAAACGAT-1_V12D07-075_C1,23
TGCCTTGGCCAGGCAA-1_V12D07-075_C1,2
TGCGACACCCTAGTGC-1_V12D07-075_C1,20
TGCGAGAATATTACCC-1_V12D07-075_C1,13
TGCGAGATGGCGGCCA-1_V12D07-075_C1,1
TGCGAGCCCTTCCGCG-1_V12D07-075_C1,1
TGCGATGCTAATGGCT-1_V12D07-075_C1,16
TGCGCAAAGCATTTGG-1_V12D07-075_C1,2
TGCGCCGTTAATAACG-1_V12D07-075_C1,12
TGCGCGATTAACGGAG-1_V12D07-075_C1,22
TGCGGACTTGACTCCG-1_V12D07-075_C1,17
TGCGGAGTAAAGGTGC-1_V12D07-075_C1,23
TGCGGCATAGTTCAAC-1_V12D07-075_C1,7
TGCGGTGAAATTTCAT-1_V12D07-075_C1,7
TGCGTAAGAACCTGAT-1_V12D07-075_C1,20
TGCGTACGGCTAATTG-1_V12D07-075_C1,17
TGCGTGATTGGGTGTC-1_V12D07-075_C1,22
TGCGTTTGTTGACACT-1_V12D07-075_C1,5
TGCTAAGTGTCTATTT-1_V12D07-075_C1,2
TGCTATACAAACGGAC-1_V12D07-075_C1,7
TGCTCCACAGTTCTTA-1_V12D07-075_C1,14
TGCTCGGCGAAACCCA-1_V12D07-075_C1,5
TGCTCGGTGGGTCACC-1_V12D07-075_C1,17
TGCTCTTGAGAGTTTG-1_V12D07-075_C1,17
TGCTGGTTGGACAATT-1_V12D07-075_C1,22
TGCTGTTGAAGAACTC-1_V12D07-075_C1,2
TGCTTCCCAAGCAGTA-1_V12D07-075_C1,17
TGCTTGAAACCATGCA-1_V12D07-075_C1,9
TGGAACCACTGACACA-1_V12D07-075_C1,12
TGGAAGAAGGGAACGT-1_V12D07-075_C1,22
TGGAAGACGAACACCA-1_V12D07-075_C1,7
TGGAAGGATAAAGATG-1_V12D07-075_C1,23
TGGAATATCCTTGACC-1_V12D07-075_C1,12
TGGAATTAGACGCTTT-1_V12D07-075_C1,22
TGGACACCGTTGCTTG-1_V12D07-075_C1,22
TGGACCAATCTAAGAT-1_V12D07-075_C1,17
TGGACCACGGCGTTGA-1_V12D07-075_C1,9
TGGACGTAGGCGAATC-1_V12D07-075_C1,24
TGGACTGTTCGCTCAA-1_V12D07-075_C1,3
TGGAGGGAAACACCTC-1_V12D07-075_C1,1
TGGAGTGATGCGATGA-1_V12D07-075_C1,22
TGGATAGAGTAACAGA-1_V12D07-075_C1,9
TGGCAAACTAAATTAC-1_V12D07-075_C1,2
TGGCAACTCGCGCGCC-1_V12D07-075_C1,10
TGGCAAGCACAAGTCG-1_V12D07-075_C1,17
TGGCAATGGGACGGCG-1_V12D07-075_C1,14
TGGCACGAGCTCGAGT-1_V12D07-075_C1,1
TGGCAGATTACGATCA-1_V12D07-075_C1,2
TGGCAGCAGTAATAGT-1_V12D07-075_C1,2
TGGCCAAACTGAAGTA-1_V12D07-075_C1,2
TGGCCGTATATTGACC-1_V12D07-075_C1,22
TGGCGACTGCTCCAAA-1_V12D07-075_C1,13
TGGCGATCAAGTTATG-1_V12D07-075_C1,20
TGGCGGTGTGCGATTG-1_V12D07-075_C1,23
TGGCTACACTCTACCT-1_V12D07-075_C1,17
TGGCTATGTGACATAC-1_V12D07-075_C1,5
TGGCTTGTACAAGCTT-1_V12D07-075_C1,1
TGGCTTTGGGTAGACA-1_V12D07-075_C1,11
TGGGAAATGCCTTTCC-1_V12D07-075_C1,15
TGGGACCATTGGGAGT-1_V12D07-075_C1,24
TGGGATGCACTCATTC-1_V12D07-075_C1,1
TGGGCAATAGTTGGGT-1_V12D07-075_C1,19
TGGGCACAAACAGAAC-1_V12D07-075_C1,7
TGGGCACGTTCTATGG-1_V12D07-075_C1,7
TGGGCAGGCCACCGCA-1_V12D07-075_C1,19
TGGGCCACAAGAGCGC-1_V12D07-075_C1,11
TGGGCCCATACTAATT-1_V12D07-075_C1,14
TGGGCCTTGCCTGCAT-1_V12D07-075_C1,18
TGGGCGATACAATAAG-1_V12D07-075_C1,17
TGGGTAAGGTTCCCGC-1_V12D07-075_C1,11
TGGGTGCACAAGCCAT-1_V12D07-075_C1,17
TGGGTGGGATGTCATT-1_V12D07-075_C1,1
TGGGTGTAATAGATTT-1_V12D07-075_C1,17
TGGGTTCCCGGACGGA-1_V12D07-075_C1,24
TGGTAAGCAGGATTGA-1_V12D07-075_C1,13
TGGTAGAATATATGGG-1_V12D07-075_C1,14
TGGTATCGCATCCCAA-1_V12D07-075_C1,7
TGGTATCGGTCTGTAT-1_V12D07-075_C1,7
TGGTCCCACGCTACGG-1_V12D07-075_C1,21
TGGTCGTGCAAGGCAA-1_V12D07-075_C1,13
TGGTCTAGCTTACATG-1_V12D07-075_C1,22
TGGTCTGTTGGGCGTA-1_V12D07-075_C1,22
TGGTGATCGTATTTGT-1_V12D07-075_C1,22
TGGTTAAGGGCGCTGG-1_V12D07-075_C1,1
TGGTTATGCTTGCGGT-1_V12D07-075_C1,21
TGGTTCAACGGGTAAT-1_V12D07-075_C1,5
TGGTTCGTAGCAAAGG-1_V12D07-075_C1,11
TGGTTGGAGGATCCTG-1_V12D07-075_C1,1
TGGTTTAAACGTGGGT-1_V12D07-075_C1,1
TGTAATGACCACAATA-1_V12D07-075_C1,20
TGTACCTACACGAGGG-1_V12D07-075_C1,17
TGTACGAACAAATCCG-1_V12D07-075_C1,2
TGTACTACTCTCACGG-1_V12D07-075_C1,1
TGTACTGTGCCAAAGT-1_V12D07-075_C1,7
TGTACTTCCGGGCATG-1_V12D07-075_C1,3
TGTAGCCATCCCATTC-1_V12D07-075_C1,14
TGTAGGAGAAATTTCC-1_V12D07-075_C1,3
TGTAGTGATCTATAAT-1_V12D07-075_C1,22
TGTATAACAGATCCTG-1_V12D07-075_C1,2
TGTATACGGATGATGA-1_V12D07-075_C1,1
TGTATCAGACTGAAGC-1_V12D07-075_C1,1
TGTATCCTTATTCCAT-1_V12D07-075_C1,7
TGTATGGCGCAGACAG-1_V12D07-075_C1,14
TGTATTTACCTAATGC-1_V12D07-075_C1,1
TGTCATTTGTTGGGAA-1_V12D07-075_C1,1
TGTCCACGGCTCAACT-1_V12D07-075_C1,17
TGTCCCGACATAGCAC-1_V12D07-075_C1,7
TGTCCGTGGCGCCTTT-1_V12D07-075_C1,22
TGTCCTAAGTCACCGC-1_V12D07-075_C1,6
TGTCGGCATGGTGGAA-1_V12D07-075_C1,7
TGTCTACAGTTTCTGT-1_V12D07-075_C1,7
TGTGACTACGCCAGTC-1_V12D07-075_C1,11
TGTGACTAGAGTTTGC-1_V12D07-075_C1,17
TGTGAGACTAGCCCAA-1_V12D07-075_C1,5
TGTGCCGGTGCCGGAA-1_V12D07-075_C1,14
TGTGCTTTACGTAAGA-1_V12D07-075_C1,20
TGTGGACTATCTACGT-1_V12D07-075_C1,10
TGTGGCAAAGCGTATG-1_V12D07-075_C1,25
TGTGGCGGGCTTCTGG-1_V12D07-075_C1,17
TGTGGCTCCCACCAAC-1_V12D07-075_C1,12
TGTGGTAGGGTGCCTT-1_V12D07-075_C1,10
TGTGGTTGCTAAAGCT-1_V12D07-075_C1,5
TGTGTAGTAGCACGTG-1_V12D07-075_C1,14
TGTGTCGCGAGTTGCA-1_V12D07-075_C1,22
TGTGTTCGTATCCAAG-1_V12D07-075_C1,22
TGTTATTGTATGTGGC-1_V12D07-075_C1,2
TGTTCATAAATGTGCT-1_V12D07-075_C1,22
TGTTCCGCTTCCATGA-1_V12D07-075_C1,22
TGTTCCGGCCTGAGCT-1_V12D07-075_C1,3
TGTTCGTATTGCGGTG-1_V12D07-075_C1,5
TGTTCTCATACTATAG-1_V12D07-075_C1,3
TGTTCTTCCATTGACT-1_V12D07-075_C1,22
TGTTGCCGTCGTCCCA-1_V12D07-075_C1,12
TGTTGTCAAGAAGTCT-1_V12D07-075_C1,10
TGTTTAATACTTCATC-1_V12D07-075_C1,11
TGTTTCGGTACTTCTC-1_V12D07-075_C1,11
TGTTTGAGATCGTCAG-1_V12D07-075_C1,10
TTAAACAGAGTCCCGC-1_V12D07-075_C1,7
TTAAACCGGTAGCGAC-1_V12D07-075_C1,7
TTAAACCTGGTTCCTT-1_V12D07-075_C1,22
TTAAACTCGAATTCAT-1_V12D07-075_C1,25
TTAAAGTAAGTCGCCA-1_V12D07-075_C1,3
TTAACACCTCGAACAT-1_V12D07-075_C1,22
TTAACCAACCCTCCCT-1_V12D07-075_C1,11
TTAACGAACAAGCAGT-1_V12D07-075_C1,1
TTAACGTCGCAAGACC-1_V12D07-075_C1,7
TTAACGTTAAAGCCTG-1_V12D07-075_C1,24
TTAACTCACGCGTGGA-1_V12D07-075_C1,22
TTAACTGATCGTTTGG-1_V12D07-075_C1,3
TTAAGACGAACGAACC-1_V12D07-075_C1,1
TTAAGATAGGATTGAC-1_V12D07-075_C1,14
TTAAGCCGACAACTTC-1_V12D07-075_C1,11
TTAAGCGCCTGACCCA-1_V12D07-075_C1,22
TTAAGGATACGGAGGT-1_V12D07-075_C1,23
TTAAGTATTGTTATCC-1_V12D07-075_C1,17
TTAATCAGTACGTCAG-1_V12D07-075_C1,11
TTAATGTAGACCAGGT-1_V12D07-075_C1,2
TTAATGTGTTTGCAGG-1_V12D07-075_C1,24
TTAATTGCTTTGGGTG-1_V12D07-075_C1,17
TTAATTTCAGACGCGG-1_V12D07-075_C1,11
TTACAACTACGCATCC-1_V12D07-075_C1,10
TTACACGATCTGCGAC-1_V12D07-075_C1,14
TTACAGACCTAAATGA-1_V12D07-075_C1,19
TTACATCGTGGCCTGG-1_V12D07-075_C1,22
TTACATGCCACAACTA-1_V12D07-075_C1,3
TTACCATTGATTACCC-1_V12D07-075_C1,22
TTACCCATTGCCGGGT-1_V12D07-075_C1,10
TTACCCTAACAGTCCT-1_V12D07-075_C1,22
TTACCCTAGGGATTGG-1_V12D07-075_C1,9
TTACCGCCTTAGGGAA-1_V12D07-075_C1,6
TTACGGATGGTTCGAG-1_V12D07-075_C1,25
TTACGGTGTCACCGAG-1_V12D07-075_C1,7
TTACGTATCTATGACA-1_V12D07-075_C1,3
TTACTAAAGGACTTTA-1_V12D07-075_C1,2
TTACTATCGGCTTCTC-1_V12D07-075_C1,15
TTACTCCGGCCGGGAA-1_V12D07-075_C1,3
TTACTCTGGTACGTAC-1_V12D07-075_C1,13
TTACTGGGATATTTCA-1_V12D07-075_C1,2
TTACTGTCTAGAGCTC-1_V12D07-075_C1,1
TTAGAAGAACATGACT-1_V12D07-075_C1,5
TTAGAATAAGGGTCGG-1_V12D07-075_C1,13
TTAGACACGATCGTTG-1_V12D07-075_C1,10
TTAGACGAGTCACCTC-1_V12D07-075_C1,2
TTAGAGTTTAGAAGGA-1_V12D07-075_C1,23
TTAGATAGGTCGATAC-1_V12D07-075_C1,16
TTAGCAACATGGATGT-1_V12D07-075_C1,21
TTAGCTAATACGATCT-1_V12D07-075_C1,12
TTAGCTCTGTAATCCG-1_V12D07-075_C1,22
TTAGCTGATTTGCCGT-1_V12D07-075_C1,3
TTAGGATGGGAGGGTA-1_V12D07-075_C1,12
TTAGTAAACCTGCTCT-1_V12D07-075_C1,17
TTAGTAGGGCGGCGGG-1_V12D07-075_C1,9
TTAGTTATTCGTGGCA-1_V12D07-075_C1,14
TTAGTTCAAGTGTTCG-1_V12D07-075_C1,1
TTATAGATGCACATTA-1_V12D07-075_C1,7
TTATAGGTAATTGTCT-1_V12D07-075_C1,17
TTATAGTCCAAGGTGC-1_V12D07-075_C1,1
TTATATACGCTGTCAC-1_V12D07-075_C1,20
TTATATTTGGCAATCC-1_V12D07-075_C1,2
TTATCCAATCGAACTC-1_V12D07-075_C1,22
TTATCCGGGATCTATA-1_V12D07-075_C1,2
TTATCGCCTGCGAAGC-1_V12D07-075_C1,22
TTATCTGTATCATAAC-1_V12D07-075_C1,11
TTATGAATGAAAGGGA-1_V12D07-075_C1,23
TTATGACAAACTGGAT-1_V12D07-075_C1,22
TTATGATCTTAACGAA-1_V12D07-075_C1,3
TTATGCGTCCCGGTCC-1_V12D07-075_C1,7
TTATGTTTGCGATAGA-1_V12D07-075_C1,6
TTATTAGAGCGTGTTC-1_V12D07-075_C1,5
TTATTAGGGAAGCATC-1_V12D07-075_C1,7
TTATTATCTGGAAGGC-1_V12D07-075_C1,19
TTATTTAGGTTCCTTA-1_V12D07-075_C1,3
TTCAAAGTCTCTAGCC-1_V12D07-075_C1,2
TTCAACGACCCGACCG-1_V12D07-075_C1,11
TTCAAGCCGAGCTGAG-1_V12D07-075_C1,11
TTCAATACTCTGAATC-1_V12D07-075_C1,3
TTCAATTAGCCATAAT-1_V12D07-075_C1,7
TTCACGAAAGGATCAC-1_V12D07-075_C1,2
TTCACTCGAGCACCTA-1_V12D07-075_C1,5
TTCACTTCCTAGAACG-1_V12D07-075_C1,5
TTCAGAGTAACCTGAC-1_V12D07-075_C1,22
TTCAGCCCTGGTCCAC-1_V12D07-075_C1,2
TTCAGCTGGCGTGCCC-1_V12D07-075_C1,17
TTCAGTTTGTGGCAGC-1_V12D07-075_C1,24
TTCATAGCCTTGTAAC-1_V12D07-075_C1,24
TTCATAGGGTGTCCAT-1_V12D07-075_C1,24
TTCATGGCGCAACAGG-1_V12D07-075_C1,10
TTCCAATCAGAGCTAG-1_V12D07-075_C1,19
TTCCAATCTGGCTATC-1_V12D07-075_C1,13
TTCCACACAGATTTGA-1_V12D07-075_C1,13
TTCCAGACGAGATTTA-1_V12D07-075_C1,12
TTCCATCATGCGGTGA-1_V12D07-075_C1,1
TTCCATCGACAGCGTG-1_V12D07-075_C1,17
TTCCGCAGAGAAATAT-1_V12D07-075_C1,12
TTCCGCGTGAGGCGAT-1_V12D07-075_C1,5
TTCCGGCCTTGAGGCT-1_V12D07-075_C1,13
TTCCGGCTCGACTTCT-1_V12D07-075_C1,1
TTCCGGTATCTGTGTC-1_V12D07-075_C1,12
TTCCGGTTACCCACTT-1_V12D07-075_C1,2
TTCCTCGAGGGTGTCT-1_V12D07-075_C1,11
TTCCTCGGACTAACCA-1_V12D07-075_C1,8
TTCCTCTGCCCGAATA-1_V12D07-075_C1,16
TTCCTTTCTGTGTTGC-1_V12D07-075_C1,16
TTCGACAGAGCCCGTG-1_V12D07-075_C1,5
TTCGACGGGAAGGGCG-1_V12D07-075_C1,22
TTCGCACTCGCGTGCT-1_V12D07-075_C1,23
TTCGCACTGTACGACA-1_V12D07-075_C1,5
TTCGCATCCGGAAGCA-1_V12D07-075_C1,2
TTCGCGCGCCATACGA-1_V12D07-075_C1,13
TTCGCTAGGAAGTTGT-1_V12D07-075_C1,12
TTCGCTATCTGACGTG-1_V12D07-075_C1,12
TTCGGACTGATGCCTT-1_V12D07-075_C1,1
TTCGGCAACCCGCTGA-1_V12D07-075_C1,10
TTCGGCTAGAGATGGT-1_V12D07-075_C1,6
TTCGGGACTAATCGCG-1_V12D07-075_C1,2
TTCGGGTTGCCACGGG-1_V12D07-075_C1,14
TTCGGTACTGTAGAGG-1_V12D07-075_C1,17
TTCGGTGGAGACGCCC-1_V12D07-075_C1,12
TTCGTAATCCCAGCGG-1_V12D07-075_C1,10
TTCGTACTCCAGAACG-1_V12D07-075_C1,6
TTCGTTCAACGAAGTT-1_V12D07-075_C1,12
TTCTAACCGAAGCTTA-1_V12D07-075_C1,3
TTCTACCTTTATGTTG-1_V12D07-075_C1,11
TTCTACTTGCGAGGGC-1_V12D07-075_C1,22
TTCTAGAAAGTCTTAT-1_V12D07-075_C1,13
TTCTAGGCCAATTGTG-1_V12D07-075_C1,22
TTCTATGCCTTTCGCA-1_V12D07-075_C1,1
TTCTATTAAACGCAGC-1_V12D07-075_C1,17
TTCTGACCGGGCTCAA-1_V12D07-075_C1,21
TTCTGCCGCGCCTAGA-1_V12D07-075_C1,5
TTCTGCGAGCGCCCTT-1_V12D07-075_C1,22
TTCTGCGGGTTAGCGG-1_V12D07-075_C1,5
TTCTGCTAGACTCCAA-1_V12D07-075_C1,19
TTCTGTTTCCTGTCGC-1_V12D07-075_C1,22
TTCTTAGTGAACGGTG-1_V12D07-075_C1,22
TTCTTAGTGGCTCAGA-1_V12D07-075_C1,7
TTCTTATCCGCTGGGT-1_V12D07-075_C1,14
TTCTTGAGCCGCGCTA-1_V12D07-075_C1,13
TTCTTGCTAGCATCTC-1_V12D07-075_C1,6
TTCTTGGAGTAATGAG-1_V12D07-075_C1,10
TTCTTGTAACCTAATG-1_V12D07-075_C1,22
TTCTTGTGTCCATCAG-1_V12D07-075_C1,24
TTCTTTGGTCGCGACG-1_V12D07-075_C1,12
TTGAAACCCTCATTCC-1_V12D07-075_C1,3
TTGAAAGGTGTAAAGG-1_V12D07-075_C1,1
TTGAACGAATCCTTTG-1_V12D07-075_C1,15
TTGAACGACGTGCTGA-1_V12D07-075_C1,17
TTGAAGAATTCCCAGG-1_V12D07-075_C1,22
TTGAATATGGACTTTC-1_V12D07-075_C1,2
TTGAATTCACGTGAGG-1_V12D07-075_C1,3
TTGACAGGAGCTCCCG-1_V12D07-075_C1,14
TTGACATGAACGTGGA-1_V12D07-075_C1,13
TTGACCAGGAACAACT-1_V12D07-075_C1,17
TTGACCATGTTCTCCG-1_V12D07-075_C1,10
TTGACCGTGTTAATGA-1_V12D07-075_C1,13
TTGACGATTCAGCACG-1_V12D07-075_C1,7
TTGACGCTCCATGAGC-1_V12D07-075_C1,14
TTGACTACCATATGGT-1_V12D07-075_C1,20
TTGACTATTGTCCGGC-1_V12D07-075_C1,14
TTGAGAAGTTTAGCAT-1_V12D07-075_C1,15
TTGAGAGTACTGCTAA-1_V12D07-075_C1,20
TTGAGCAGCCCACGGT-1_V12D07-075_C1,12
TTGAGCGCCACGTGAT-1_V12D07-075_C1,12
TTGAGGCATTTAACTC-1_V12D07-075_C1,1
TTGAGTCCCGCTGCTG-1_V12D07-075_C1,12
TTGATAGTCAATACAT-1_V12D07-075_C1,1
TTGATCTAACTTTGTC-1_V12D07-075_C1,22
TTGATGTGTAGTCCCG-1_V12D07-075_C1,10
TTGATTAGCTGTTTCT-1_V12D07-075_C1,13
TTGATTATGCAGATGA-1_V12D07-075_C1,22
TTGCAAGAAGACTCCT-1_V12D07-075_C1,13
TTGCACAATTCAGAAA-1_V12D07-075_C1,2
TTGCACGGAGCAGCAC-1_V12D07-075_C1,11
TTGCATGCTGATCACG-1_V12D07-075_C1,20
TTGCCAAGCAGAACCC-1_V12D07-075_C1,12
TTGCCCTGATCACGGG-1_V12D07-075_C1,22
TTGCCGCTTTCTAGTA-1_V12D07-075_C1,17
TTGCCGGTGATCCCTC-1_V12D07-075_C1,1
TTGCCTTCTCGCCGGG-1_V12D07-075_C1,17
TTGCGCTCTCTCGCTT-1_V12D07-075_C1,22
TTGCGCTTGATCAATA-1_V12D07-075_C1,3
TTGCGGCATCAGAAAG-1_V12D07-075_C1,13
TTGCGTAGTTTGAGGA-1_V12D07-075_C1,6
TTGCGTCGGCCAACCG-1_V12D07-075_C1,13
TTGCGTGAACGCTTAG-1_V12D07-075_C1,12
TTGCGTGTGTAGGCAT-1_V12D07-075_C1,17
TTGCTCATAGTACGTG-1_V12D07-075_C1,6
TTGCTCCCATACCGGA-1_V12D07-075_C1,23
TTGCTGAAGGAACCAC-1_V12D07-075_C1,11
TTGCTGATCATGTTCG-1_V12D07-075_C1,2
TTGCTGCACCTATCCA-1_V12D07-075_C1,18
TTGCTGGCCGGGCTTC-1_V12D07-075_C1,11
TTGGACATGTGGCTTA-1_V12D07-075_C1,13
TTGGACCATCTGGCAA-1_V12D07-075_C1,14
TTGGACCTATAACAGT-1_V12D07-075_C1,17
TTGGAGTCTCCCTTCT-1_V12D07-075_C1,23
TTGGATATCGTCTACG-1_V12D07-075_C1,20
TTGGATCGACTTCTGG-1_V12D07-075_C1,7
TTGGATTGGGTACCAC-1_V12D07-075_C1,11
TTGGCCATCTTGCGCT-1_V12D07-075_C1,6
TTGGCCTAGAATTTCG-1_V12D07-075_C1,10
TTGGCGATCCGAATAT-1_V12D07-075_C1,1
TTGGCTCAATATGTGT-1_V12D07-075_C1,14
TTGGCTCGCATGAGAC-1_V12D07-075_C1,22
TTGGGAAGACGAGCCG-1_V12D07-075_C1,17
TTGGGACACTGCCCGC-1_V12D07-075_C1,3
TTGGGACGTAAGAGTT-1_V12D07-075_C1,14
TTGGGCGGCGGTTGCC-1_V12D07-075_C1,2
TTGGTATGGCTTGTGT-1_V12D07-075_C1,1
TTGGTCACACTCGTAA-1_V12D07-075_C1,20
TTGGTTCGCTCAAAGG-1_V12D07-075_C1,1
TTGTAAGGACCTAAGT-1_V12D07-075_C1,13
TTGTAAGGCCAGTTGG-1_V12D07-075_C1,19
TTGTAATCCGTACTCG-1_V12D07-075_C1,2
TTGTATCACACAGAAT-1_V12D07-075_C1,7
TTGTCGTTCAGTTACC-1_V12D07-075_C1,11
TTGTGAACCTAATCCG-1_V12D07-075_C1,17
TTGTGATCTGTTCAGT-1_V12D07-075_C1,3
TTGTGCAGCCACGTCA-1_V12D07-075_C1,17
TTGTGGCCCTGACAGT-1_V12D07-075_C1,11
TTGTGGTGGTACTAAG-1_V12D07-075_C1,17
TTGTGTATGCCACCAA-1_V12D07-075_C1,5
TTGTGTTTCCCGAAAG-1_V12D07-075_C1,20
TTGTTAGCAAATTCGA-1_V12D07-075_C1,22
TTGTTCAGTGTGCTAC-1_V12D07-075_C1,2
TTGTTCTAGATACGCT-1_V12D07-075_C1,24
TTGTTGTGTGTCAAGA-1_V12D07-075_C1,2
TTGTTTCACATCCAGG-1_V12D07-075_C1,13
TTGTTTCCATACAACT-1_V12D07-075_C1,13
TTGTTTGTGTAAATTC-1_V12D07-075_C1,7
