perm,neighbor,Z,scale,reference,id
1,Astrocyte,1.7397668648861222,100,Astrocyte,NA
2,Astrocyte,1.8029893656587586,100,Astrocyte,NA
3,Astrocyte,2.08806945770576,100,Astrocyte,NA
4,Astrocyte,1.708173081966877,100,Astrocyte,NA
5,Astrocyte,1.314228075749398,100,Astrocyte,NA
1,Endo,1.402079069305811,100,Astrocyte,NA
2,Endo,2.340731323806117,100,Astrocyte,NA
3,Endo,2.168337733376828,100,Astrocyte,NA
4,Endo,3.0460525960788294,100,Astrocyte,NA
5,Endo,2.1948443133763447,100,Astrocyte,NA
1,Excit.Thal,0.3805258814900742,100,Astrocyte,NA
2,Excit.Thal,0.4840043213667676,100,Astrocyte,NA
3,Excit.Thal,0.9341144408491256,100,Astrocyte,NA
4,Excit.Thal,0.5012649850337062,100,Astrocyte,NA
5,Excit.Thal,0.13964395149883027,100,Astrocyte,NA
1,LHb.4,-2.0675524798437177,100,Astrocyte,NA
2,LHb.4,-1.593475080589806,100,Astrocyte,NA
3,LHb.4,-1.9681845963711102,100,Astrocyte,NA
4,LHb.4,-1.9184136163129029,100,Astrocyte,NA
5,LHb.4,-1.7687505412756754,100,Astrocyte,NA
1,LHb.7,-0.7114781794028622,100,Astrocyte,NA
2,LHb.7,-0.42676837118842387,100,Astrocyte,NA
3,LHb.7,-0.40078890267350264,100,Astrocyte,NA
4,LHb.7,-0.8402520914576275,100,Astrocyte,NA
5,LHb.7,-1.0198715503671052,100,Astrocyte,NA
1,MHb.1,-0.2431161357195593,100,Astrocyte,NA
2,MHb.1,-0.8283320133195674,100,Astrocyte,NA
3,MHb.1,-1.6810709264509156,100,Astrocyte,NA
4,MHb.1,-2.0951325490904136,100,Astrocyte,NA
5,MHb.1,-0.9968763259357873,100,Astrocyte,NA
1,MHb.2,-5.126633176516225,100,Astrocyte,NA
2,MHb.2,-4.960804006094544,100,Astrocyte,NA
3,MHb.2,-3.449655438544021,100,Astrocyte,NA
4,MHb.2,-2.1534990265233933,100,Astrocyte,NA
5,MHb.2,-4.067613430936725,100,Astrocyte,NA
1,MHb.2/Oligo,0.2596369904174547,100,Astrocyte,NA
2,MHb.2/Oligo,0.2596369904174547,100,Astrocyte,NA
3,MHb.2/Oligo,0.17704552869530327,100,Astrocyte,NA
4,MHb.2/Oligo,0.17704552869530327,100,Astrocyte,NA
5,MHb.2/Oligo,0.013499985818366556,100,Astrocyte,NA
1,Oligo,-0.5315973726510882,100,Astrocyte,NA
2,Oligo,-1.1193222381314938,100,Astrocyte,NA
3,Oligo,-0.7787376286480346,100,Astrocyte,NA
4,Oligo,-0.4744253085026574,100,Astrocyte,NA
5,Oligo,-0.2834708185791479,100,Astrocyte,NA
1,OPC,0.47432336036421735,100,Astrocyte,NA
2,OPC,-0.15563375277839586,100,Astrocyte,NA
3,OPC,-0.018395092652350564,100,Astrocyte,NA
4,OPC,-0.19478728655521743,100,Astrocyte,NA
5,OPC,0.7321504771565457,100,Astrocyte,NA
1,Astrocyte,5.685388400641693,200,Astrocyte,NA
2,Astrocyte,5.93412948979191,200,Astrocyte,NA
3,Astrocyte,6.067098508780193,200,Astrocyte,NA
4,Astrocyte,5.8843213070467915,200,Astrocyte,NA
5,Astrocyte,6.067098508780193,200,Astrocyte,NA
1,Endo,4.8746663660212795,200,Astrocyte,NA
2,Endo,4.983092318355803,200,Astrocyte,NA
3,Endo,4.563481850625933,200,Astrocyte,NA
4,Endo,3.8359910536892103,200,Astrocyte,NA
5,Endo,5.349750986439569,200,Astrocyte,NA
1,Excit.Thal,0.8993916778318979,200,Astrocyte,NA
2,Excit.Thal,0.6567948833039766,200,Astrocyte,NA
3,Excit.Thal,-0.2372929460809294,200,Astrocyte,NA
4,Excit.Thal,0.7606660311766327,200,Astrocyte,NA
5,Excit.Thal,0.6222040246629988,200,Astrocyte,NA
1,LHb.4,-2.4627268639480824,200,Astrocyte,NA
2,LHb.4,-3.3387760334715537,200,Astrocyte,NA
3,LHb.4,-3.097212423051519,200,Astrocyte,NA
4,LHb.4,-3.000206752163233,200,Astrocyte,NA
5,LHb.4,-3.36285821796274,200,Astrocyte,NA
1,LHb.7,0.12224168595693044,200,Astrocyte,NA
2,LHb.7,-0.37479320306157055,200,Astrocyte,NA
3,LHb.7,-1.0198715503671052,200,Astrocyte,NA
4,LHb.7,-1.4021960920286,200,Astrocyte,NA
5,LHb.7,-1.0454686371421045,200,Astrocyte,NA
1,MHb.1,-4.487571639080103,200,Astrocyte,NA
2,MHb.1,-3.5444451862694306,200,Astrocyte,NA
3,MHb.1,-2.4861675289808014,200,Astrocyte,NA
4,MHb.1,-2.6424076136517622,200,Astrocyte,NA
5,MHb.1,-4.487571639080103,200,Astrocyte,NA
1,MHb.2,-7.357943628839358,200,Astrocyte,NA
2,MHb.2,-9.039254186624499,200,Astrocyte,NA
3,MHb.2,-9.448991113810933,200,Astrocyte,NA
4,MHb.2,-7.763078057538588,200,Astrocyte,NA
5,MHb.2,-6.330137317844036,200,Astrocyte,NA
1,MHb.2/Oligo,-0.14791588513957865,200,Astrocyte,NA
2,MHb.2/Oligo,0.42649900854566697,200,Astrocyte,NA
3,MHb.2/Oligo,0.17704552869530327,200,Astrocyte,NA
4,MHb.2/Oligo,0.2596369904174547,200,Astrocyte,NA
5,MHb.2/Oligo,-0.38618100552480994,200,Astrocyte,NA
1,Oligo,-1.5518315489366203,200,Astrocyte,NA
2,Oligo,-1.626746949900073,200,Astrocyte,NA
3,Oligo,-1.1004495253664073,200,Astrocyte,NA
4,Oligo,-1.2324390594394974,200,Astrocyte,NA
5,Oligo,-1.47682663163723,200,Astrocyte,NA
1,OPC,-0.5849279908630316,200,Astrocyte,NA
2,OPC,-0.4876294237458697,200,Astrocyte,NA
3,OPC,-0.8371727148860619,200,Astrocyte,NA
4,OPC,-1.0304935648493285,200,Astrocyte,NA
5,OPC,-0.35114701244448115,200,Astrocyte,NA
1,Astrocyte,10.722402102118599,500,Astrocyte,NA
2,Astrocyte,11.022525752110287,500,Astrocyte,NA
3,Astrocyte,10.020672996421414,500,Astrocyte,NA
4,Astrocyte,9.776521296010984,500,Astrocyte,NA
5,Astrocyte,11.697540280532955,500,Astrocyte,NA
1,Endo,6.910364301065275,500,Astrocyte,NA
2,Endo,7.559801156626176,500,Astrocyte,NA
3,Endo,8.143203708611527,500,Astrocyte,NA
4,Endo,8.366220939355378,500,Astrocyte,NA
5,Endo,8.575688371525406,500,Astrocyte,NA
1,Excit.Thal,1.1079774211898086,500,Astrocyte,NA
2,Excit.Thal,1.0731715323278705,500,Astrocyte,NA
3,Excit.Thal,1.369555028023141,500,Astrocyte,NA
4,Excit.Thal,1.1079774211898086,500,Astrocyte,NA
5,Excit.Thal,1.1427999990378999,500,Astrocyte,NA
1,LHb.4,-3.3869269895191527,500,Astrocyte,NA
2,LHb.4,-2.805536978386181,500,Astrocyte,NA
3,LHb.4,-2.7078704384358137,500,Astrocyte,NA
4,LHb.4,-2.805536978386181,500,Astrocyte,NA
5,LHb.4,-3.0487368962382106,500,Astrocyte,NA
1,LHb.7,-0.218476785843488,500,Astrocyte,NA
2,LHb.7,-0.24457038494705505,500,Astrocyte,NA
3,LHb.7,0.8122168087409786,500,Astrocyte,NA
4,LHb.7,1.3509511459534347,500,Astrocyte,NA
5,LHb.7,-0.16624035522082029,500,Astrocyte,NA
1,MHb.1,-8.172016293473472,500,Astrocyte,NA
2,MHb.1,-9.403801104840065,500,Astrocyte,NA
3,MHb.1,-9.131738257475126,500,Astrocyte,NA
4,MHb.1,-8.848520120194912,500,Astrocyte,NA
5,MHb.1,-9.392923498799165,500,Astrocyte,NA
1,MHb.2,-11.826810575035696,500,Astrocyte,NA
2,MHb.2,-12.40074085543306,500,Astrocyte,NA
3,MHb.2,-14.871283546288039,500,Astrocyte,NA
4,MHb.2,-14.379532133721284,500,Astrocyte,NA
5,MHb.2,-15.77556843936268,500,Astrocyte,NA
1,MHb.2/Oligo,-0.38618100552480994,500,Astrocyte,NA
2,MHb.2/Oligo,0.013499985818366556,500,Astrocyte,NA
3,MHb.2/Oligo,0.013499985818366556,500,Astrocyte,NA
4,MHb.2/Oligo,-0.6969691448872175,500,Astrocyte,NA
5,MHb.2/Oligo,-0.06747023358192768,500,Astrocyte,NA
1,Oligo,-1.3641508040066024,500,Astrocyte,NA
2,Oligo,-1.0815711124063694,500,Astrocyte,NA
3,Oligo,-1.251271995141998,500,Astrocyte,NA
4,Oligo,-1.420514031354446,500,Astrocyte,NA
5,Oligo,-1.6454618456795775,500,Astrocyte,NA
1,OPC,0.5139166698756616,500,Astrocyte,NA
2,OPC,1.0510148089580533,500,Astrocyte,NA
3,OPC,1.5526915815443638,500,Astrocyte,NA
4,OPC,0.9711384315160005,500,Astrocyte,NA
5,OPC,1.9165490804388132,500,Astrocyte,NA
1,Astrocyte,14.346532322019627,1000,Astrocyte,NA
2,Astrocyte,14.7351022111383,1000,Astrocyte,NA
3,Astrocyte,13.776480453149315,1000,Astrocyte,NA
4,Astrocyte,12.432399248377433,1000,Astrocyte,NA
5,Astrocyte,12.739130107097461,1000,Astrocyte,NA
1,Endo,11.462960153380099,1000,Astrocyte,NA
2,Endo,10.024371127988545,1000,Astrocyte,NA
3,Endo,10.677312131954695,1000,Astrocyte,NA
4,Endo,11.133752833078754,1000,Astrocyte,NA
5,Endo,12.369663643926941,1000,Astrocyte,NA
1,Excit.Thal,4.493824097595313,1000,Astrocyte,NA
2,Excit.Thal,1.3171639720704325,1000,Astrocyte,NA
3,Excit.Thal,2.195345065208017,1000,Astrocyte,NA
4,Excit.Thal,3.7675353978048354,1000,Astrocyte,NA
5,Excit.Thal,5.117106984886895,1000,Astrocyte,NA
1,LHb.4,-0.397433264750058,1000,Astrocyte,NA
2,LHb.4,-2.216171567466685,1000,Astrocyte,NA
3,LHb.4,-1.088657834580895,1000,Astrocyte,NA
4,LHb.4,0.3579051407007953,1000,Astrocyte,NA
5,LHb.4,0.5687034437893421,1000,Astrocyte,NA
1,LHb.7,1.6776257575729434,1000,Astrocyte,NA
2,LHb.7,1.1346078439716925,1000,Astrocyte,NA
3,LHb.7,2.172595183917755,1000,Astrocyte,NA
4,LHb.7,1.6503028989156479,1000,Astrocyte,NA
5,LHb.7,2.0344990073829625,1000,Astrocyte,NA
1,MHb.1,-18.368444126852314,1000,Astrocyte,NA
2,MHb.1,-12.681602942573749,1000,Astrocyte,NA
3,MHb.1,-13.777291221263365,1000,Astrocyte,NA
4,MHb.1,-18.294343650233174,1000,Astrocyte,NA
5,MHb.1,-21.268505278086614,1000,Astrocyte,NA
1,MHb.2,-15.539205683606049,1000,Astrocyte,NA
2,MHb.2,-17.49737998970803,1000,Astrocyte,NA
3,MHb.2,-19.441491555639846,1000,Astrocyte,NA
4,MHb.2,-14.102214315684227,1000,Astrocyte,NA
5,MHb.2,-15.380448405634862,1000,Astrocyte,NA
1,MHb.2/Oligo,-1.5142173580952,1000,Astrocyte,NA
2,MHb.2/Oligo,-1.2230741194397374,1000,Astrocyte,NA
3,MHb.2/Oligo,-0.6969691448872175,1000,Astrocyte,NA
4,MHb.2/Oligo,-1.5142173580952,1000,Astrocyte,NA
5,MHb.2/Oligo,-1.4420501582360936,1000,Astrocyte,NA
1,Oligo,-1.3265471346337123,1000,Astrocyte,NA
2,Oligo,-1.7202657403517831,1000,Astrocyte,NA
3,Oligo,-1.4955862683029293,1000,Astrocyte,NA
4,Oligo,0.2736484553373445,1000,Astrocyte,NA
5,Oligo,-0.1877727531145149,1000,Astrocyte,NA
1,OPC,4.3382843921302054,1000,Astrocyte,NA
2,OPC,2.487050537522012,1000,Astrocyte,NA
3,OPC,3.2702828658702243,1000,Astrocyte,NA
4,OPC,4.253805117275768,1000,Astrocyte,NA
5,OPC,7.577240388378989,1000,Astrocyte,NA
1,Astrocyte,17.415654858701863,5000,Astrocyte,NA
2,Astrocyte,17.608039802437677,5000,Astrocyte,NA
3,Astrocyte,16.593930271582472,5000,Astrocyte,NA
4,Astrocyte,17.108854258797287,5000,Astrocyte,NA
5,Astrocyte,16.593930271582472,5000,Astrocyte,NA
1,Endo,18.0789839268809,5000,Astrocyte,NA
2,Endo,18.10944567161029,5000,Astrocyte,NA
3,Endo,15.729336226117216,5000,Astrocyte,NA
4,Endo,16.042658886030022,5000,Astrocyte,NA
5,Endo,15.075771547402727,5000,Astrocyte,NA
1,Excit.Thal,10.59486082307081,5000,Astrocyte,NA
2,Excit.Thal,10.21698539597809,5000,Astrocyte,NA
3,Excit.Thal,8.377948846161752,5000,Astrocyte,NA
4,Excit.Thal,8.920557112692387,5000,Astrocyte,NA
5,Excit.Thal,7.021026862119509,5000,Astrocyte,NA
1,LHb.4,3.1016394807877603,5000,Astrocyte,NA
2,LHb.4,4.068331638856667,5000,Astrocyte,NA
3,LHb.4,2.0751255209690402,5000,Astrocyte,NA
4,LHb.4,2.571288072439938,5000,Astrocyte,NA
5,LHb.4,1.1004282384128614,5000,Astrocyte,NA
1,LHb.7,4.831282272918767,5000,Astrocyte,NA
2,LHb.7,4.949692848977716,5000,Astrocyte,NA
3,LHb.7,4.070079443857391,5000,Astrocyte,NA
4,LHb.7,4.478151056284516,5000,Astrocyte,NA
5,LHb.7,3.181022685331192,5000,Astrocyte,NA
1,MHb.1,-33.115878748271655,5000,Astrocyte,NA
2,MHb.1,-32.73534176041865,5000,Astrocyte,NA
3,MHb.1,-29.31153894370106,5000,Astrocyte,NA
4,MHb.1,-28.545901354074044,5000,Astrocyte,NA
5,MHb.1,-26.741583435154276,5000,Astrocyte,NA
1,MHb.2,-23.35151191368893,5000,Astrocyte,NA
2,MHb.2,-23.35151191368893,5000,Astrocyte,NA
3,MHb.2,-19.873903842272018,5000,Astrocyte,NA
4,MHb.2,-22.220723871714426,5000,Astrocyte,NA
5,MHb.2,-20.72033996685853,5000,Astrocyte,NA
1,MHb.2/Oligo,-2.008372786287533,5000,Astrocyte,NA
2,MHb.2/Oligo,-3.0722306307376743,5000,Astrocyte,NA
3,MHb.2/Oligo,-2.3501643526251472,5000,Astrocyte,NA
4,MHb.2/Oligo,-1.296483978491055,5000,Astrocyte,NA
5,MHb.2/Oligo,-1.149238981752297,5000,Astrocyte,NA
1,Oligo,6.8299689901785525,5000,Astrocyte,NA
2,Oligo,6.808446955690216,5000,Astrocyte,NA
3,Oligo,4.6535910532632165,5000,Astrocyte,NA
4,Oligo,2.5540931316104696,5000,Astrocyte,NA
5,Oligo,4.405163447082826,5000,Astrocyte,NA
1,OPC,8.411045983143234,5000,Astrocyte,NA
2,OPC,7.264938099594355,5000,Astrocyte,NA
3,OPC,7.309447100886689,5000,Astrocyte,NA
4,OPC,7.621996446020564,5000,Astrocyte,NA
5,OPC,6.5794865815270285,5000,Astrocyte,NA
1,Astrocyte,0.6989805659411549,100,Endo,NA
2,Astrocyte,0.5368554757970235,100,Endo,NA
3,Astrocyte,0.34276343667927534,100,Endo,NA
4,Astrocyte,0.35891876162697434,100,Endo,NA
5,Astrocyte,0.5044721780179754,100,Endo,NA
1,Endo,1.0957665588347345,100,Endo,NA
2,Endo,0.8797321948863979,100,Endo,NA
3,Endo,1.3602923643805493,100,Endo,NA
4,Endo,1.1678570525717757,100,Endo,NA
5,Endo,1.0477282162621295,100,Endo,NA
1,Excit.Thal,0.06943514157766144,100,Endo,NA
2,Excit.Thal,0.23773805030425332,100,Endo,NA
3,Excit.Thal,0.17649702757954558,100,Endo,NA
4,Excit.Thal,0.20711182108967843,100,Endo,NA
5,Excit.Thal,0.2530554568772485,100,Endo,NA
1,LHb.4,-0.1904376312087961,100,Endo,NA
2,LHb.4,-0.03913474940323178,100,Endo,NA
3,LHb.4,-0.2551446815457022,100,Endo,NA
4,LHb.4,-0.1256484680218787,100,Endo,NA
5,LHb.4,-0.21201575920052973,100,Endo,NA
1,LHb.7,0.09314567423343062,100,Endo,NA
2,LHb.7,0.07018268001896993,100,Endo,NA
3,LHb.7,0.09314567423343062,100,Endo,NA
4,LHb.7,0.07018268001896993,100,Endo,NA
5,LHb.7,-0.06736313291394666,100,Endo,NA
1,MHb.1,0.04816787703908738,100,Endo,NA
2,MHb.1,0.12513374863569332,100,Endo,NA
3,MHb.1,-0.13456220295075236,100,Endo,NA
4,MHb.1,-0.1057160470033666,100,Endo,NA
5,MHb.1,-0.038399662793564805,100,Endo,NA
1,MHb.2,-5.011392481094098,100,Endo,NA
2,MHb.2,-4.53003887164196,100,Endo,NA
3,MHb.2,-4.286010462682743,100,Endo,NA
4,MHb.2,-3.9333940032654753,100,Endo,NA
5,MHb.2,-4.737412874813375,100,Endo,NA
1,MHb.2/Oligo,0.2910115944391789,100,Endo,NA
2,MHb.2/Oligo,0.36273999958081066,100,Endo,NA
3,MHb.2/Oligo,-0.20128171392338853,100,Endo,NA
4,MHb.2/Oligo,-0.47521960451936596,100,Endo,NA
5,MHb.2/Oligo,0.4348305291594951,100,Endo,NA
1,Oligo,-0.3900435689647054,100,Endo,NA
2,Oligo,-0.44076653333326427,100,Endo,NA
3,Oligo,-0.322355855717235,100,Endo,NA
4,Oligo,-0.18678406998773017,100,Endo,NA
5,Oligo,-0.135876941993124,100,Endo,NA
1,OPC,0.2252521073282056,100,Endo,NA
2,OPC,0.06799115351851036,100,Endo,NA
3,OPC,0.17279104715123308,100,Endo,NA
4,OPC,0.015652159530323152,100,Endo,NA
5,OPC,0.1553130908515238,100,Endo,NA
1,Astrocyte,1.9591855718440205,200,Endo,NA
2,Astrocyte,1.4984768978818996,200,Endo,NA
3,Astrocyte,0.5854564635670702,200,Endo,NA
4,Astrocyte,0.5206620921285605,200,Endo,NA
5,Astrocyte,1.2855355898193008,200,Endo,NA
1,Endo,3.5572823586092315,200,Endo,NA
2,Endo,3.1051260745264324,200,Endo,NA
3,Endo,2.9710074133860043,200,Endo,NA
4,Endo,2.8126833298108918,200,Endo,NA
5,Endo,3.4226910351720594,200,Endo,NA
1,Excit.Thal,0.4524428181045696,200,Endo,NA
2,Excit.Thal,0.4678004405624571,200,Endo,NA
3,Excit.Thal,0.3603575533873318,200,Endo,NA
4,Excit.Thal,0.6831105698400516,200,Endo,NA
5,Excit.Thal,0.6831105698400516,200,Endo,NA
1,LHb.4,-0.14725399496476532,200,Endo,NA
2,LHb.4,-0.16885037957632168,200,Endo,NA
3,LHb.4,-0.1904376312087961,200,Endo,NA
4,LHb.4,-0.06077693947331858,200,Endo,NA
5,LHb.4,-0.1904376312087961,200,Endo,NA
1,LHb.7,0.34647331400514353,200,Endo,NA
2,LHb.7,0.508388294475232,200,Endo,NA
3,LHb.7,-0.2501420312268786,200,Endo,NA
4,LHb.7,0.16210124190690967,200,Endo,NA
5,LHb.7,0.23115695717676746,200,Endo,NA
1,MHb.1,-1.4686861175545902,200,Endo,NA
2,MHb.1,-0.6342094204901009,200,Endo,NA
3,MHb.1,0.28873935864631506,200,Endo,NA
4,MHb.1,-0.22108729241484776,200,Endo,NA
5,MHb.1,-0.9029760985827181,200,Endo,NA
1,MHb.2,-9.749694738208401,200,Endo,NA
2,MHb.2,-10.401288612436842,200,Endo,NA
3,MHb.2,-9.949582003329537,200,Endo,NA
4,MHb.2,-9.749694738208401,200,Endo,NA
5,MHb.2,-10.14808000298586,200,Endo,NA
1,MHb.2/Oligo,-0.06233884843262171,200,Endo,NA
2,MHb.2/Oligo,-0.5429020502311657,200,Endo,NA
3,MHb.2/Oligo,-0.6102704733482709,200,Endo,NA
4,MHb.2/Oligo,0.36273999958081066,200,Endo,NA
5,MHb.2/Oligo,-1.008067895163647,200,Endo,NA
1,Oligo,-0.6432927929530872,200,Endo,NA
2,Oligo,-0.7275068008532625,200,Endo,NA
3,Oligo,-0.40695529769288624,200,Endo,NA
4,Oligo,-0.5927159322038659,200,Endo,NA
5,Oligo,-0.5252234460917311,200,Endo,NA
1,OPC,0.43550565394578034,200,Endo,NA
2,OPC,0.5408791481306416,200,Endo,NA
3,OPC,0.1553130908515238,200,Endo,NA
4,OPC,0.4179594348237826,200,Endo,NA
5,OPC,0.5408791481306416,200,Endo,NA
1,Astrocyte,1.1384676367389746,500,Endo,NA
2,Astrocyte,2.389545378335408,500,Endo,NA
3,Astrocyte,2.4061474060176633,500,Endo,NA
4,Astrocyte,2.539097124146799,500,Endo,NA
5,Astrocyte,1.5805386533267356,500,Endo,NA
1,Endo,5.830000764548846,500,Endo,NA
2,Endo,5.481504787383846,500,Endo,NA
3,Endo,6.354569286229769,500,Endo,NA
4,Endo,6.241976242255837,500,Endo,NA
5,Endo,6.567522827916263,500,Endo,NA
1,Excit.Thal,1.8619725297584053,500,Endo,NA
2,Excit.Thal,1.8463494833114575,500,Endo,NA
3,Excit.Thal,1.7838874453064566,500,Endo,NA
4,Excit.Thal,1.4567496353641127,500,Endo,NA
5,Excit.Thal,1.8463494833114575,500,Endo,NA
1,LHb.4,0.702229856567837,500,Endo,NA
2,LHb.4,0.702229856567837,500,Endo,NA
3,LHb.4,1.0106738918025278,500,Endo,NA
4,LHb.4,0.5706122481176754,500,Endo,NA
5,LHb.4,0.9223550612467273,500,Endo,NA
1,LHb.7,1.16164249220008,500,Endo,NA
2,LHb.7,0.9039293896423087,500,Endo,NA
3,LHb.7,1.8479041957426727,500,Endo,NA
4,LHb.7,2.592771606321568,500,Endo,NA
5,LHb.7,1.6338525200420617,500,Endo,NA
1,MHb.1,-3.8853086378078916,500,Endo,NA
2,MHb.1,-4.228002389666382,500,Endo,NA
3,MHb.1,-4.256547393424939,500,Endo,NA
4,MHb.1,-4.047171684094446,500,Endo,NA
5,MHb.1,-3.408870025103127,500,Endo,NA
1,MHb.2,-14.057818228855329,500,Endo,NA
2,MHb.2,-13.883938362540894,500,Endo,NA
3,MHb.2,-16.349509976429477,500,Endo,NA
4,MHb.2,-16.164748368821197,500,Endo,NA
5,MHb.2,-18.163363101071596,500,Endo,NA
1,MHb.2/Oligo,-0.27025432653040776,500,Endo,NA
2,MHb.2/Oligo,-0.7440784065725481,500,Endo,NA
3,MHb.2/Oligo,-0.47521960451936596,500,Endo,NA
4,MHb.2/Oligo,0.5801146064317996,500,Endo,NA
5,MHb.2/Oligo,-0.06233884843262171,500,Endo,NA
1,Oligo,0.051099944280138976,500,Endo,NA
2,Oligo,-0.0169494827755291,500,Endo,NA
3,Oligo,-0.5589777934542817,500,Endo,NA
4,Oligo,-0.6432927929530872,500,Endo,NA
5,Oligo,-0.30542371516757605,500,Endo,NA
1,OPC,1.818449712700355,500,Endo,NA
2,OPC,1.8901474282705124,500,Endo,NA
3,OPC,2.1237001203085932,500,Endo,NA
4,OPC,1.6038184332231642,500,Endo,NA
5,OPC,2.358076800840458,500,Endo,NA
1,Astrocyte,3.712686342056477,1000,Endo,NA
2,Astrocyte,4.000537010494096,1000,Endo,NA
3,Astrocyte,2.9895667371645573,1000,Endo,NA
4,Astrocyte,1.7120247162933375,1000,Endo,NA
5,Astrocyte,3.1235663211794833,1000,Endo,NA
1,Endo,9.3955151515208,1000,Endo,NA
2,Endo,7.473513105318197,1000,Endo,NA
3,Endo,8.794031127697572,1000,Endo,NA
4,Endo,9.152003833414286,1000,Endo,NA
5,Endo,9.690947357624587,1000,Endo,NA
1,Excit.Thal,4.611555471179967,1000,Endo,NA
2,Excit.Thal,2.2692355403887903,1000,Endo,NA
3,Excit.Thal,3.4079170490242325,1000,Endo,NA
4,Excit.Thal,5.000608098037724,1000,Endo,NA
5,Excit.Thal,5.571436799137671,1000,Endo,NA
1,LHb.4,3.3863499318021373,1000,Endo,NA
2,LHb.4,1.2543494762633167,1000,Endo,NA
3,LHb.4,1.9925257760110318,1000,Endo,NA
4,LHb.4,3.735156333369988,1000,Endo,NA
5,LHb.4,3.6885067565752845,1000,Endo,NA
1,LHb.7,2.3271034816779594,1000,Endo,NA
2,LHb.7,2.2789621255498744,1000,Endo,NA
3,LHb.7,3.079718626456073,1000,Endo,NA
4,LHb.7,2.7383217285177404,1000,Endo,NA
5,LHb.7,3.2022562388956257,1000,Endo,NA
1,MHb.1,-11.541951750137146,1000,Endo,NA
2,MHb.1,-6.571799910206633,1000,Endo,NA
3,MHb.1,-7.951348176043429,1000,Endo,NA
4,MHb.1,-12.243918121647932,1000,Endo,NA
5,MHb.1,-14.111392583737297,1000,Endo,NA
1,MHb.2,-17.614148553381344,1000,Endo,NA
2,MHb.2,-17.39188215950685,1000,Endo,NA
3,MHb.2,-19.96634752900057,1000,Endo,NA
4,MHb.2,-15.978915234143749,1000,Endo,NA
5,MHb.2,-17.414176510318807,1000,Endo,NA
1,MHb.2/Oligo,-2.019107202181775,1000,Endo,NA
2,MHb.2/Oligo,-1.3953502920624323,1000,Endo,NA
3,MHb.2/Oligo,-0.6102704733482709,1000,Endo,NA
4,MHb.2/Oligo,-0.8105243671305199,1000,Endo,NA
5,MHb.2/Oligo,-1.2029835856697086,1000,Endo,NA
1,Oligo,0.7696537289395226,1000,Endo,NA
2,Oligo,-0.5589777934542817,1000,Endo,NA
3,Oligo,0.17034607590560116,1000,Endo,NA
4,Oligo,1.8441518373623365,1000,Endo,NA
5,Oligo,2.0540634719102746,1000,Endo,NA
1,OPC,4.9363909772985455,1000,Endo,NA
2,OPC,3.212428681948733,1000,Endo,NA
3,OPC,3.7451578018033342,1000,Endo,NA
4,OPC,5.030378625929093,1000,Endo,NA
5,OPC,6.514513913251807,1000,Endo,NA
1,Astrocyte,6.152574320612546,5000,Endo,NA
2,Astrocyte,6.573155643205099,5000,Endo,NA
3,Astrocyte,5.128898638007038,5000,Endo,NA
4,Astrocyte,5.769176160700823,5000,Endo,NA
5,Astrocyte,5.146129621150221,5000,Endo,NA
1,Endo,15.65066512634512,5000,Endo,NA
2,Endo,15.637139380449154,5000,Endo,NA
3,Endo,13.519659490273755,5000,Endo,NA
4,Endo,13.413461528473968,5000,Endo,NA
5,Endo,13.267596113599998,5000,Endo,NA
1,Excit.Thal,11.293674307192452,5000,Endo,NA
2,Excit.Thal,10.574242496899771,5000,Endo,NA
3,Excit.Thal,9.206927140808594,5000,Endo,NA
4,Excit.Thal,8.898778841922487,5000,Endo,NA
5,Excit.Thal,8.066135465808056,5000,Endo,NA
1,LHb.4,6.2976466224336685,5000,Endo,NA
2,LHb.4,7.4168626003089875,5000,Endo,NA
3,LHb.4,5.51715483050532,5000,Endo,NA
4,LHb.4,6.2484979152267055,5000,Endo,NA
5,LHb.4,4.820438639807924,5000,Endo,NA
1,LHb.7,6.297829536327001,5000,Endo,NA
2,LHb.7,6.508333108377211,5000,Endo,NA
3,LHb.7,5.259680012229035,5000,Endo,NA
4,LHb.7,6.088297417273151,5000,Endo,NA
5,LHb.7,4.496256575660439,5000,Endo,NA
1,MHb.1,-25.73732723237288,5000,Endo,NA
2,MHb.1,-25.975882787030766,5000,Endo,NA
3,MHb.1,-22.52029782954638,5000,Endo,NA
4,MHb.1,-21.257858315965805,5000,Endo,NA
5,MHb.1,-20.436661788945628,5000,Endo,NA
1,MHb.2,-23.783146973323078,5000,Endo,NA
2,MHb.2,-23.764556224825338,5000,Endo,NA
3,MHb.2,-20.397561871391517,5000,Endo,NA
4,MHb.2,-22.765744361758955,5000,Endo,NA
5,MHb.2,-22.071522719369568,5000,Endo,NA
1,MHb.2/Oligo,-3.023387436796316,5000,Endo,NA
2,MHb.2/Oligo,-3.1372910635883424,5000,Endo,NA
3,MHb.2/Oligo,-2.2012589116972094,5000,Endo,NA
4,MHb.2/Oligo,-0.9425160321678052,5000,Endo,NA
5,MHb.2/Oligo,-1.138298730067057,5000,Endo,NA
1,Oligo,7.372617269240561,5000,Endo,NA
2,Oligo,7.221142126235062,5000,Endo,NA
3,Oligo,5.558841350059436,5000,Endo,NA
4,Oligo,3.864755165613347,5000,Endo,NA
5,Oligo,5.577290955861701,5000,Endo,NA
1,OPC,8.727305523745327,5000,Endo,NA
2,OPC,8.727305523745327,5000,Endo,NA
3,OPC,8.11257787625835,5000,Endo,NA
4,OPC,7.777973886237845,5000,Endo,NA
5,OPC,7.797607936395201,5000,Endo,NA
1,Astrocyte,-0.5313790861594193,100,Excit.Thal,NA
2,Astrocyte,-0.5313790861594193,100,Excit.Thal,NA
3,Astrocyte,-0.3437992663858465,100,Excit.Thal,NA
4,Astrocyte,-0.7183431561942129,100,Excit.Thal,NA
5,Astrocyte,-0.30203071471772863,100,Excit.Thal,NA
1,Endo,1.1609435836573367,100,Excit.Thal,NA
2,Endo,1.2163915050524394,100,Excit.Thal,NA
3,Endo,1.410647347752406,100,Excit.Thal,NA
4,Endo,1.3273589522022646,100,Excit.Thal,NA
5,Endo,0.8978905111536494,100,Excit.Thal,NA
1,Excit.Thal,0.3955039869304682,100,Excit.Thal,NA
2,Excit.Thal,0.30023983791687553,100,Excit.Thal,NA
3,Excit.Thal,0.37961970005261786,100,Excit.Thal,NA
4,Excit.Thal,0.5226783044539072,100,Excit.Thal,NA
5,Excit.Thal,0.5226783044539072,100,Excit.Thal,NA
1,LHb.4,0.4931132103618649,100,Excit.Thal,NA
2,LHb.4,0.5596831418897231,100,Excit.Thal,NA
3,LHb.4,0.40448330287040524,100,Excit.Thal,NA
4,LHb.4,0.29390397024352066,100,Excit.Thal,NA
5,LHb.4,0.4931132103618649,100,Excit.Thal,NA
1,LHb.7,0.8546680264586008,100,Excit.Thal,NA
2,LHb.7,0.24064536999660235,100,Excit.Thal,NA
3,LHb.7,-0.026974265754184337,100,Excit.Thal,NA
4,LHb.7,0.021569614890004373,100,Excit.Thal,NA
5,LHb.7,0.1431510587922582,100,Excit.Thal,NA
1,MHb.1,-1.4429425108189131,100,Excit.Thal,NA
2,MHb.1,-1.4863673455716127,100,Excit.Thal,NA
3,MHb.1,-0.9205093854791383,100,Excit.Thal,NA
4,MHb.1,-0.6146080045745701,100,Excit.Thal,NA
5,MHb.1,-0.7603816506921629,100,Excit.Thal,NA
1,MHb.2,-2.546784158417205,100,Excit.Thal,NA
2,MHb.2,-1.1248577682257455,100,Excit.Thal,NA
3,MHb.2,-3.1559406353264485,100,Excit.Thal,NA
4,MHb.2,-2.546784158417205,100,Excit.Thal,NA
5,MHb.2,-2.468189566547242,100,Excit.Thal,NA
1,MHb.2/Oligo,0.41355117157006815,100,Excit.Thal,NA
2,MHb.2/Oligo,-0.1870813165679556,100,Excit.Thal,NA
3,MHb.2/Oligo,-1.0552794265812648,100,Excit.Thal,NA
4,MHb.2/Oligo,-1.2131736616106747,100,Excit.Thal,NA
5,MHb.2/Oligo,0.41355117157006815,100,Excit.Thal,NA
1,Oligo,-0.5857482642310338,100,Excit.Thal,NA
2,Oligo,-0.7699652770077451,100,Excit.Thal,NA
3,Oligo,-0.6963379121761114,100,Excit.Thal,NA
4,Oligo,-0.7515658495268255,100,Excit.Thal,NA
5,Oligo,-0.8986232502537397,100,Excit.Thal,NA
1,OPC,0.3012067515830519,100,Excit.Thal,NA
2,OPC,0.7207670573082956,100,Excit.Thal,NA
3,OPC,0.3012067515830519,100,Excit.Thal,NA
4,OPC,0.17400656886696117,100,Excit.Thal,NA
5,OPC,0.2648405469587318,100,Excit.Thal,NA
1,Astrocyte,-1.3576888988360587,200,Excit.Thal,NA
2,Astrocyte,-2.0305536956479546,200,Excit.Thal,NA
3,Astrocyte,-2.795798150130356,200,Excit.Thal,NA
4,Astrocyte,-2.0102787047339272,200,Excit.Thal,NA
5,Astrocyte,-1.8681543160000649,200,Excit.Thal,NA
1,Endo,2.5543902898734587,200,Excit.Thal,NA
2,Endo,2.5684020532584326,200,Excit.Thal,NA
3,Endo,2.2045988473939127,200,Excit.Thal,NA
4,Endo,1.995185321098149,200,Excit.Thal,NA
5,Endo,2.358388243071594,200,Excit.Thal,NA
1,Excit.Thal,2.1762534742054784,200,Excit.Thal,NA
2,Excit.Thal,1.7559647938675502,200,Excit.Thal,NA
3,Excit.Thal,1.5948396901470128,200,Excit.Thal,NA
4,Excit.Thal,2.2086655072853616,200,Excit.Thal,NA
5,Excit.Thal,2.3384317430581145,200,Excit.Thal,NA
1,LHb.4,1.455402208345182,200,Excit.Thal,NA
2,LHb.4,1.230039499334523,200,Excit.Thal,NA
3,LHb.4,1.028035939462804,200,Excit.Thal,NA
4,LHb.4,1.162618762298674,200,Excit.Thal,NA
5,LHb.4,1.0952843344687542,200,Excit.Thal,NA
1,LHb.7,0.7065588374290472,200,Excit.Thal,NA
2,LHb.7,0.829950199786145,200,Excit.Thal,NA
3,LHb.7,0.829950199786145,200,Excit.Thal,NA
4,LHb.7,0.9289009259931369,200,Excit.Thal,NA
5,LHb.7,0.4852796249671284,200,Excit.Thal,NA
1,MHb.1,-3.6931768343470073,200,Excit.Thal,NA
2,MHb.1,-2.9099828558213763,200,Excit.Thal,NA
3,MHb.1,-1.6020838194850957,200,Excit.Thal,NA
4,MHb.1,-3.0242384605387023,200,Excit.Thal,NA
5,MHb.1,-2.6954415983600493,200,Excit.Thal,NA
1,MHb.2,-6.864550235704878,200,Excit.Thal,NA
2,MHb.2,-5.731360050346181,200,Excit.Thal,NA
3,MHb.2,-5.185275345281668,200,Excit.Thal,NA
4,MHb.2,-5.370064898354217,200,Excit.Thal,NA
5,MHb.2,-6.367275622648789,200,Excit.Thal,NA
1,MHb.2/Oligo,-2.0764429991143944,200,Excit.Thal,NA
2,MHb.2/Oligo,-1.0552794265812648,200,Excit.Thal,NA
3,MHb.2/Oligo,-1.0552794265812648,200,Excit.Thal,NA
4,MHb.2/Oligo,-0.7249071442210574,200,Excit.Thal,NA
5,MHb.2/Oligo,-1.941400313374316,200,Excit.Thal,NA
1,Oligo,-1.792558767656533,200,Excit.Thal,NA
2,Oligo,-1.8831299474173024,200,Excit.Thal,NA
3,Oligo,-1.4108608160933107,200,Excit.Thal,NA
4,Oligo,-1.191796909892103,200,Excit.Thal,NA
5,Oligo,-1.319668750967862,200,Excit.Thal,NA
1,OPC,2.0878968229358894,200,Excit.Thal,NA
2,OPC,1.827193017495315,200,Excit.Thal,NA
3,OPC,1.0324879994350393,200,Excit.Thal,NA
4,OPC,1.3271400912888307,200,Excit.Thal,NA
5,OPC,1.124434039032846,200,Excit.Thal,NA
1,Astrocyte,-3.984030532639011,500,Excit.Thal,NA
2,Astrocyte,-2.97557596947598,500,Excit.Thal,NA
3,Astrocyte,-2.071082372730266,500,Excit.Thal,NA
4,Astrocyte,-2.0508215828148577,500,Excit.Thal,NA
5,Astrocyte,-3.333481840148508,500,Excit.Thal,NA
1,Endo,4.232869847663359,500,Excit.Thal,NA
2,Endo,4.389172306204458,500,Excit.Thal,NA
3,Endo,5.173677558004579,500,Excit.Thal,NA
4,Endo,4.745144085057899,500,Excit.Thal,NA
5,Endo,5.70428334277979,500,Excit.Thal,NA
1,Excit.Thal,5.4780105475973535,500,Excit.Thal,NA
2,Excit.Thal,5.89969464775707,500,Excit.Thal,NA
3,Excit.Thal,4.557507338482893,500,Excit.Thal,NA
4,Excit.Thal,4.059503309652129,500,Excit.Thal,NA
5,Excit.Thal,5.410732780871691,500,Excit.Thal,NA
1,LHb.4,4.167301375403083,500,Excit.Thal,NA
2,LHb.4,3.858848597349552,500,Excit.Thal,NA
3,LHb.4,3.1540253000284793,500,Excit.Thal,NA
4,LHb.4,2.573937120025794,500,Excit.Thal,NA
5,LHb.4,3.5757597050045984,500,Excit.Thal,NA
1,LHb.7,3.135626531060689,500,Excit.Thal,NA
2,LHb.7,2.541785364260348,500,Excit.Thal,NA
3,LHb.7,3.579614275079711,500,Excit.Thal,NA
4,LHb.7,4.615039941164744,500,Excit.Thal,NA
5,LHb.7,3.083678270036324,500,Excit.Thal,NA
1,MHb.1,-11.438550193332151,500,Excit.Thal,NA
2,MHb.1,-11.571592250873653,500,Excit.Thal,NA
3,MHb.1,-10.38263082878173,500,Excit.Thal,NA
4,MHb.1,-9.493668236833534,500,Excit.Thal,NA
5,MHb.1,-10.798021847652105,500,Excit.Thal,NA
1,MHb.2,-9.991547837246054,500,Excit.Thal,NA
2,MHb.2,-8.871120703123452,500,Excit.Thal,NA
3,MHb.2,-13.21085800115948,500,Excit.Thal,NA
4,MHb.2,-13.21085800115948,500,Excit.Thal,NA
5,MHb.2,-14.564236092455033,500,Excit.Thal,NA
1,MHb.2/Oligo,-2.3374612908732293,500,Excit.Thal,NA
2,MHb.2/Oligo,-3.0583310129693095,500,Excit.Thal,NA
3,MHb.2/Oligo,-1.941400313374316,500,Excit.Thal,NA
4,MHb.2/Oligo,-2.2084085896722367,500,Excit.Thal,NA
5,MHb.2/Oligo,-3.2810084513649986,500,Excit.Thal,NA
1,Oligo,-0.06728338407450347,500,Excit.Thal,NA
2,Oligo,-1.319668750967862,500,Excit.Thal,NA
3,Oligo,-1.6473982254433128,500,Excit.Thal,NA
4,Oligo,-1.264895582305652,500,Excit.Thal,NA
5,Oligo,-0.990374392110149,500,Excit.Thal,NA
1,OPC,4.673034497507493,500,Excit.Thal,NA
2,OPC,4.8281884736171214,500,Excit.Thal,NA
3,OPC,4.789366677987101,500,Excit.Thal,NA
4,OPC,4.017553595804084,500,Excit.Thal,NA
5,OPC,5.217636125156101,500,Excit.Thal,NA
1,Astrocyte,-1.316655339440122,1000,Excit.Thal,NA
2,Astrocyte,-1.623695463869404,1000,Excit.Thal,NA
3,Astrocyte,-2.73574890311214,1000,Excit.Thal,NA
4,Astrocyte,-4.4137809415189695,1000,Excit.Thal,NA
5,Astrocyte,-1.929107573396987,1000,Excit.Thal,NA
1,Endo,11.220288527057408,1000,Excit.Thal,NA
2,Endo,5.718656249129157,1000,Excit.Thal,NA
3,Endo,8.187432846311568,1000,Excit.Thal,NA
4,Endo,9.545332031937582,1000,Excit.Thal,NA
5,Endo,12.11266179183174,1000,Excit.Thal,NA
1,Excit.Thal,11.45637222425804,1000,Excit.Thal,NA
2,Excit.Thal,5.984280939258925,1000,Excit.Thal,NA
3,Excit.Thal,7.728456030506442,1000,Excit.Thal,NA
4,Excit.Thal,12.823490773472363,1000,Excit.Thal,NA
5,Excit.Thal,12.970696529173683,1000,Excit.Thal,NA
1,LHb.4,8.591624702675034,1000,Excit.Thal,NA
2,LHb.4,4.048445806453353,1000,Excit.Thal,NA
3,LHb.4,5.6891283896088,1000,Excit.Thal,NA
4,LHb.4,9.351169143269036,1000,Excit.Thal,NA
5,LHb.4,9.988769273443488,1000,Excit.Thal,NA
1,LHb.7,5.155472509757561,1000,Excit.Thal,NA
2,LHb.7,4.373964153442387,1000,Excit.Thal,NA
3,LHb.7,6.006355688359696,1000,Excit.Thal,NA
4,LHb.7,7.072265139330863,1000,Excit.Thal,NA
5,LHb.7,6.987167258286917,1000,Excit.Thal,NA
1,MHb.1,-28.767242811391085,1000,Excit.Thal,NA
2,MHb.1,-12.247987348387554,1000,Excit.Thal,NA
3,MHb.1,-17.971731421411608,1000,Excit.Thal,NA
4,MHb.1,-29.79706919410597,1000,Excit.Thal,NA
5,MHb.1,-34.3016085186408,1000,Excit.Thal,NA
1,MHb.2,-17.84872409371481,1000,Excit.Thal,NA
2,MHb.2,-18.067947915595866,1000,Excit.Thal,NA
3,MHb.2,-18.579780160783095,1000,Excit.Thal,NA
4,MHb.2,-11.893699237705354,1000,Excit.Thal,NA
5,MHb.2,-16.155769959218787,1000,Excit.Thal,NA
1,MHb.2/Oligo,-6.327425581777837,1000,Excit.Thal,NA
2,MHb.2/Oligo,-3.8059803223275868,1000,Excit.Thal,NA
3,MHb.2/Oligo,-4.004747662964519,1000,Excit.Thal,NA
4,MHb.2/Oligo,-5.337896427162699,1000,Excit.Thal,NA
5,MHb.2/Oligo,-6.469367435755376,1000,Excit.Thal,NA
1,Oligo,2.297036530246233,1000,Excit.Thal,NA
2,Oligo,-1.1369219467512728,1000,Excit.Thal,NA
3,Oligo,-0.4010339735826927,1000,Excit.Thal,NA
4,Oligo,2.5864520609405917,1000,Excit.Thal,NA
5,Oligo,4.56898903681666,1000,Excit.Thal,NA
1,OPC,11.329942192179752,1000,Excit.Thal,NA
2,OPC,6.221036712788889,1000,Excit.Thal,NA
3,OPC,7.785414170758435,1000,Excit.Thal,NA
4,OPC,10.626558480557772,1000,Excit.Thal,NA
5,OPC,12.826131881536972,1000,Excit.Thal,NA
1,Astrocyte,1.7617671164426298,5000,Excit.Thal,NA
2,Astrocyte,2.196920437029343,5000,Excit.Thal,NA
3,Astrocyte,0.858849626445444,5000,Excit.Thal,NA
4,Astrocyte,0.4127834908064902,5000,Excit.Thal,NA
5,Astrocyte,-0.13464868038893438,5000,Excit.Thal,NA
1,Endo,21.364303150624522,5000,Excit.Thal,NA
2,Endo,20.9676375250365,5000,Excit.Thal,NA
3,Endo,18.635313519972133,5000,Excit.Thal,NA
4,Endo,16.860117991629423,5000,Excit.Thal,NA
5,Endo,16.385390189132906,5000,Excit.Thal,NA
1,Excit.Thal,22.769822497228617,5000,Excit.Thal,NA
2,Excit.Thal,21.731308559123253,5000,Excit.Thal,NA
3,Excit.Thal,20.585014558107428,5000,Excit.Thal,NA
4,Excit.Thal,19.09646427062931,5000,Excit.Thal,NA
5,Excit.Thal,17.42171239395616,5000,Excit.Thal,NA
1,LHb.4,14.001249912142136,5000,Excit.Thal,NA
2,LHb.4,14.380581492725973,5000,Excit.Thal,NA
3,LHb.4,12.824309529521802,5000,Excit.Thal,NA
4,LHb.4,13.108704952588216,5000,Excit.Thal,NA
5,LHb.4,11.925411552983318,5000,Excit.Thal,NA
1,LHb.7,11.085587217507943,5000,Excit.Thal,NA
2,LHb.7,11.085587217507943,5000,Excit.Thal,NA
3,LHb.7,10.069440692928906,5000,Excit.Thal,NA
4,LHb.7,11.14795743556156,5000,Excit.Thal,NA
5,LHb.7,7.961454527942935,5000,Excit.Thal,NA
1,MHb.1,-53.98050695131573,5000,Excit.Thal,NA
2,MHb.1,-53.548070353177884,5000,Excit.Thal,NA
3,MHb.1,-50.3677334739341,5000,Excit.Thal,NA
4,MHb.1,-45.40947859227524,5000,Excit.Thal,NA
5,MHb.1,-43.13572668008688,5000,Excit.Thal,NA
1,MHb.2,-25.478276836091773,5000,Excit.Thal,NA
2,MHb.2,-25.840630294634032,5000,Excit.Thal,NA
3,MHb.2,-22.421256761918585,5000,Excit.Thal,NA
4,MHb.2,-23.35521044890629,5000,Excit.Thal,NA
5,MHb.2,-23.35521044890629,5000,Excit.Thal,NA
1,MHb.2/Oligo,-7.650889169749808,5000,Excit.Thal,NA
2,MHb.2/Oligo,-7.893542459834984,5000,Excit.Thal,NA
3,MHb.2/Oligo,-6.746203419132363,5000,Excit.Thal,NA
4,MHb.2/Oligo,-5.810124799929924,5000,Excit.Thal,NA
5,MHb.2/Oligo,-6.255525184829702,5000,Excit.Thal,NA
1,Oligo,13.339512163683896,5000,Excit.Thal,NA
2,Oligo,13.822861708990411,5000,Excit.Thal,NA
3,Oligo,11.510386386196911,5000,Excit.Thal,NA
4,Oligo,7.6927147227254045,5000,Excit.Thal,NA
5,Oligo,9.131877609552049,5000,Excit.Thal,NA
1,OPC,17.87313812904053,5000,Excit.Thal,NA
2,OPC,17.920744950150734,5000,Excit.Thal,NA
3,OPC,17.399093912076573,5000,Excit.Thal,NA
4,OPC,15.424146147721213,5000,Excit.Thal,NA
5,OPC,15.929291752470572,5000,Excit.Thal,NA
1,Astrocyte,-0.6384914397854752,100,LHb.4,NA
2,Astrocyte,-0.3453240915428699,100,LHb.4,NA
3,Astrocyte,-0.9560482141946289,100,LHb.4,NA
4,Astrocyte,-1.3236040094111765,100,LHb.4,NA
5,Astrocyte,-0.9560482141946289,100,LHb.4,NA
1,Endo,-0.40981520676389044,100,LHb.4,NA
2,Endo,-0.580590198426945,100,LHb.4,NA
3,Endo,-1.5819555720062468,100,LHb.4,NA
4,Endo,-2.4391999972945273,100,LHb.4,NA
5,Endo,-1.8180362199064066,100,LHb.4,NA
1,Excit.Thal,1.7980737161337748,100,LHb.4,NA
2,Excit.Thal,2.0150385199994116,100,LHb.4,NA
3,Excit.Thal,1.8341959325358728,100,LHb.4,NA
4,Excit.Thal,2.3051943399835584,100,LHb.4,NA
5,Excit.Thal,2.5052579824968864,100,LHb.4,NA
1,LHb.4,1.5179745970465388,100,LHb.4,NA
2,LHb.4,1.4493757679379107,100,LHb.4,NA
3,LHb.4,1.2213255581317115,100,LHb.4,NA
4,LHb.4,1.3124329248737021,100,LHb.4,NA
5,LHb.4,1.4722325826464573,100,LHb.4,NA
1,LHb.7,0.11133324390484035,100,LHb.4,NA
2,LHb.7,-0.3939418173462254,100,LHb.4,NA
3,LHb.7,1.0834349001415287,100,LHb.4,NA
4,LHb.7,0.08309572113342394,100,LHb.4,NA
5,LHb.7,-0.02965680174715764,100,LHb.4,NA
1,MHb.1,-3.0737730133448355,100,LHb.4,NA
2,MHb.1,-2.8997117112676007,100,LHb.4,NA
3,MHb.1,-2.217511731834984,100,LHb.4,NA
4,MHb.1,-1.8831899308244078,100,LHb.4,NA
5,MHb.1,-1.9360643694116528,100,LHb.4,NA
1,MHb.2,-1.505118409671258,100,LHb.4,NA
2,MHb.2,-1.505118409671258,100,LHb.4,NA
3,MHb.2,-1.6645218204666055,100,LHb.4,NA
4,MHb.2,-0.4197869945653378,100,LHb.4,NA
5,MHb.2,0.006510259160489993,100,LHb.4,NA
1,MHb.2/Oligo,0.006175893057783161,100,LHb.4,NA
2,MHb.2/Oligo,0.006175893057783161,100,LHb.4,NA
3,MHb.2/Oligo,-0.22316987169899347,100,LHb.4,NA
4,MHb.2/Oligo,-0.22316987169899347,100,LHb.4,NA
5,MHb.2/Oligo,-0.22316987169899347,100,LHb.4,NA
1,Oligo,-1.5333646600528588,100,LHb.4,NA
2,Oligo,-1.6952681592344427,100,LHb.4,NA
3,Oligo,-1.2313298869049856,100,LHb.4,NA
4,Oligo,-0.3855118823853931,100,LHb.4,NA
5,Oligo,-1.7645002332383433,100,LHb.4,NA
1,OPC,2.363631654723673,100,LHb.4,NA
2,OPC,2.4615534687473,100,LHb.4,NA
3,OPC,2.324499950570626,100,LHb.4,NA
4,OPC,2.4811537313317262,100,LHb.4,NA
5,OPC,2.3832054316201905,100,LHb.4,NA
1,Astrocyte,-2.839406825814522,200,LHb.4,NA
2,Astrocyte,-3.2165958214521138,200,LHb.4,NA
3,Astrocyte,-3.788808151859558,200,LHb.4,NA
4,Astrocyte,-3.912238155995955,200,LHb.4,NA
5,Astrocyte,-3.316640374469025,200,LHb.4,NA
1,Endo,-2.5061153710727724,200,LHb.4,NA
2,Endo,-2.6732032189316057,200,LHb.4,NA
3,Endo,-3.471286608649825,200,LHb.4,NA
4,Endo,-2.5395558364292756,200,LHb.4,NA
5,Endo,-2.689896292067354,200,LHb.4,NA
1,Excit.Thal,4.963121627032723,200,LHb.4,NA
2,Excit.Thal,3.919291589272737,200,LHb.4,NA
3,Excit.Thal,4.290561477829648,200,LHb.4,NA
4,Excit.Thal,3.7897419991782035,200,LHb.4,NA
5,Excit.Thal,5.226181443977421,200,LHb.4,NA
1,LHb.4,4.746246433091487,200,LHb.4,NA
2,LHb.4,4.070592344946461,200,LHb.4,NA
3,LHb.4,4.310919142126161,200,LHb.4,NA
4,LHb.4,4.070592344946461,200,LHb.4,NA
5,LHb.4,4.721968227160447,200,LHb.4,NA
1,LHb.7,0.7950616337870624,200,LHb.4,NA
2,LHb.7,0.7950616337870624,200,LHb.4,NA
3,LHb.7,0.7663386288717884,200,LHb.4,NA
4,LHb.7,1.170355572472119,200,LHb.4,NA
5,LHb.7,0.45173979560205146,200,LHb.4,NA
1,MHb.1,-5.931032924882848,200,LHb.4,NA
2,MHb.1,-4.573707156944591,200,LHb.4,NA
3,MHb.1,-3.6111673989052333,200,LHb.4,NA
4,MHb.1,-4.556610179072564,200,LHb.4,NA
5,MHb.1,-4.931990267016363,200,LHb.4,NA
1,MHb.2,-3.6121033086127365,200,LHb.4,NA
2,MHb.2,-2.660117175965868,200,LHb.4,NA
3,MHb.2,-1.6645218204666055,200,LHb.4,NA
4,MHb.2,-2.5288702362797175,200,LHb.4,NA
5,MHb.2,-3.2733881741087423,200,LHb.4,NA
1,MHb.2/Oligo,-1.3935183865662206,200,LHb.4,NA
2,MHb.2/Oligo,-0.8464023173232356,200,LHb.4,NA
3,MHb.2/Oligo,0.006175893057783161,200,LHb.4,NA
4,MHb.2/Oligo,-0.6482959677758876,200,LHb.4,NA
5,MHb.2/Oligo,-1.0361368298231473,200,LHb.4,NA
1,Oligo,-3.866328078863771,200,LHb.4,NA
2,Oligo,-3.711016537161404,200,LHb.4,NA
3,Oligo,-3.017671267246523,200,LHb.4,NA
4,Oligo,-2.656207429340136,200,LHb.4,NA
5,Oligo,-3.175032106453679,200,LHb.4,NA
1,OPC,5.750132519375885,200,LHb.4,NA
2,OPC,5.976303327632242,200,LHb.4,NA
3,OPC,4.832450547370028,200,LHb.4,NA
4,OPC,5.23882355580333,200,LHb.4,NA
5,OPC,4.4082714401068666,200,LHb.4,NA
1,Astrocyte,-6.101771949068767,500,LHb.4,NA
2,Astrocyte,-5.534438394678794,500,LHb.4,NA
3,Astrocyte,-4.839402346578076,500,LHb.4,NA
4,Astrocyte,-4.304948743192049,500,LHb.4,NA
5,Astrocyte,-5.152280649430171,500,LHb.4,NA
1,Endo,-2.1878565542155894,500,LHb.4,NA
2,Endo,-1.700068316807365,500,LHb.4,NA
3,Endo,-1.7337881841091751,500,LHb.4,NA
4,Endo,-1.7843458476752665,500,LHb.4,NA
5,Endo,-1.750643688443234,500,LHb.4,NA
1,Excit.Thal,9.379116518581831,500,LHb.4,NA
2,Excit.Thal,9.41880243450047,500,LHb.4,NA
3,Excit.Thal,7.42028005692268,500,LHb.4,NA
4,Excit.Thal,5.452343567849337,500,LHb.4,NA
5,Excit.Thal,6.938132931546163,500,LHb.4,NA
1,LHb.4,9.124887014960239,500,LHb.4,NA
2,LHb.4,9.204181600652015,500,LHb.4,NA
3,LHb.4,7.898359530564812,500,LHb.4,NA
4,LHb.4,8.208744433536495,500,LHb.4,NA
5,LHb.4,9.36314141025976,500,LHb.4,NA
1,LHb.7,2.7987308471114205,500,LHb.4,NA
2,LHb.7,1.403077778376149,500,LHb.4,NA
3,LHb.7,3.377352123928752,500,LHb.4,NA
4,LHb.7,4.6879342103059285,500,LHb.4,NA
5,LHb.7,2.9198339317412945,500,LHb.4,NA
1,MHb.1,-14.356989287183657,500,LHb.4,NA
2,MHb.1,-13.34747365060007,500,LHb.4,NA
3,MHb.1,-12.878250681714487,500,LHb.4,NA
4,MHb.1,-11.155150935884734,500,LHb.4,NA
5,MHb.1,-12.987925423905578,500,LHb.4,NA
1,MHb.2,-9.13774368123849,500,LHb.4,NA
2,MHb.2,-8.81124710470438,500,LHb.4,NA
3,MHb.2,-8.64385835161625,500,LHb.4,NA
4,MHb.2,-8.416063679776569,500,LHb.4,NA
5,MHb.2,-10.397508201022593,500,LHb.4,NA
1,MHb.2/Oligo,-2.32841152439636,500,LHb.4,NA
2,MHb.2/Oligo,-1.7255514154779394,500,LHb.4,NA
3,MHb.2/Oligo,-1.5624351466403075,500,LHb.4,NA
4,MHb.2/Oligo,-1.3935183865662206,500,LHb.4,NA
5,MHb.2/Oligo,-2.7376128044535637,500,LHb.4,NA
1,Oligo,-4.065349447129982,500,LHb.4,NA
2,Oligo,-4.570610522846723,500,LHb.4,NA
3,Oligo,-4.351518490345401,500,LHb.4,NA
4,Oligo,-5.0061296666259985,500,LHb.4,NA
5,Oligo,-3.622062383899408,500,LHb.4,NA
1,OPC,11.285622290612013,500,LHb.4,NA
2,OPC,9.89655581567347,500,LHb.4,NA
3,OPC,10.224647895105976,500,LHb.4,NA
4,OPC,9.05100426461452,500,LHb.4,NA
5,OPC,10.532339745624707,500,LHb.4,NA
1,Astrocyte,-4.035329282928763,1000,LHb.4,NA
2,Astrocyte,-5.5819845248682904,1000,LHb.4,NA
3,Astrocyte,-5.62948142235613,1000,LHb.4,NA
4,Astrocyte,-6.80128786493283,1000,LHb.4,NA
5,Astrocyte,-4.621524759449152,1000,LHb.4,NA
1,Endo,3.78650410373775,1000,LHb.4,NA
2,Endo,-0.8702016938040794,1000,LHb.4,NA
3,Endo,1.4547244642637194,1000,LHb.4,NA
4,Endo,3.0734922249678047,1000,LHb.4,NA
5,Endo,3.46494163016864,1000,LHb.4,NA
1,Excit.Thal,12.642030702139795,1000,LHb.4,NA
2,Excit.Thal,9.299806014203956,1000,LHb.4,NA
3,Excit.Thal,10.17676166328589,1000,LHb.4,NA
4,Excit.Thal,15.127657478661337,1000,LHb.4,NA
5,Excit.Thal,14.9350682757686,1000,LHb.4,NA
1,LHb.4,13.972806215473586,1000,LHb.4,NA
2,LHb.4,10.544294646350986,1000,LHb.4,NA
3,LHb.4,12.088765840845145,1000,LHb.4,NA
4,LHb.4,15.210466563500834,1000,LHb.4,NA
5,LHb.4,14.499397660005908,1000,LHb.4,NA
1,LHb.7,4.308912268938056,1000,LHb.4,NA
2,LHb.7,3.5310627491082363,1000,LHb.4,NA
3,LHb.7,5.425052937623595,1000,LHb.4,NA
4,LHb.7,5.392706370000233,1000,LHb.4,NA
5,LHb.7,7.452416449112403,1000,LHb.4,NA
1,MHb.1,-27.659929727971754,1000,LHb.4,NA
2,MHb.1,-14.681102939823715,1000,LHb.4,NA
3,MHb.1,-19.87513051055314,1000,LHb.4,NA
4,MHb.1,-31.419780822813856,1000,LHb.4,NA
5,MHb.1,-33.68352141044521,1000,LHb.4,NA
1,MHb.2,-16.654556062466312,1000,LHb.4,NA
2,MHb.2,-14.39750926980172,1000,LHb.4,NA
3,MHb.2,-16.407832723978036,1000,LHb.4,NA
4,MHb.2,-10.108299142679027,1000,LHb.4,NA
5,MHb.2,-14.39750926980172,1000,LHb.4,NA
1,MHb.2/Oligo,-5.333733808081171,1000,LHb.4,NA
2,MHb.2/Oligo,-3.913917047074026,1000,LHb.4,NA
3,MHb.2/Oligo,-3.356585400490156,1000,LHb.4,NA
4,MHb.2/Oligo,-4.802822527207321,1000,LHb.4,NA
5,MHb.2/Oligo,-5.666045306771814,1000,LHb.4,NA
1,Oligo,-2.0405057160944646,1000,LHb.4,NA
2,Oligo,-5.287341704405014,1000,LHb.4,NA
3,Oligo,-4.1535650851913735,1000,LHb.4,NA
4,Oligo,-0.36181548078684733,1000,LHb.4,NA
5,Oligo,1.0075831708926368,1000,LHb.4,NA
1,OPC,16.529036431213722,1000,LHb.4,NA
2,OPC,12.205662497878853,1000,LHb.4,NA
3,OPC,13.48375244097837,1000,LHb.4,NA
4,OPC,16.143249682971305,1000,LHb.4,NA
5,OPC,18.170978481732735,1000,LHb.4,NA
1,Astrocyte,-2.049514951000467,5000,LHb.4,NA
2,Astrocyte,-1.8949766624636144,5000,LHb.4,NA
3,Astrocyte,-3.316640374469025,5000,LHb.4,NA
4,Astrocyte,-2.9403049972091178,5000,LHb.4,NA
5,Astrocyte,-4.42697152235383,5000,LHb.4,NA
1,Endo,12.166908642338388,5000,LHb.4,NA
2,Endo,11.929914498511343,5000,LHb.4,NA
3,Endo,9.55922843534042,5000,LHb.4,NA
4,Endo,8.588233154564032,5000,LHb.4,NA
5,Endo,8.116373590929896,5000,LHb.4,NA
1,Excit.Thal,23.87660937304472,5000,LHb.4,NA
2,Excit.Thal,22.481967481697563,5000,LHb.4,NA
3,Excit.Thal,21.372475142332448,5000,LHb.4,NA
4,Excit.Thal,22.291837651923114,5000,LHb.4,NA
5,Excit.Thal,17.74608381803635,5000,LHb.4,NA
1,LHb.4,19.320470420575493,5000,LHb.4,NA
2,LHb.4,19.777897601349302,5000,LHb.4,NA
3,LHb.4,17.847818821488637,5000,LHb.4,NA
4,LHb.4,18.57844348651743,5000,LHb.4,NA
5,LHb.4,16.541769567781753,5000,LHb.4,NA
1,LHb.7,9.923248930620044,5000,LHb.4,NA
2,LHb.7,9.632346297030733,5000,LHb.4,NA
3,LHb.7,9.236081957546675,5000,LHb.4,NA
4,LHb.7,10.363983768063092,5000,LHb.4,NA
5,LHb.7,6.275887371571454,5000,LHb.4,NA
1,MHb.1,-50.10496906662764,5000,LHb.4,NA
2,MHb.1,-49.56450634392833,5000,LHb.4,NA
3,MHb.1,-45.797751801654734,5000,LHb.4,NA
4,MHb.1,-44.77935812801993,5000,LHb.4,NA
5,MHb.1,-38.44438042618616,5000,LHb.4,NA
1,MHb.2,-23.08050933798513,5000,LHb.4,NA
2,MHb.2,-22.852747928193363,5000,LHb.4,NA
3,MHb.2,-20.52566456649648,5000,LHb.4,NA
4,MHb.2,-22.29756813831185,5000,LHb.4,NA
5,MHb.2,-20.424524683975825,5000,LHb.4,NA
1,MHb.2/Oligo,-7.067637479046144,5000,LHb.4,NA
2,MHb.2/Oligo,-6.435527622385485,5000,LHb.4,NA
3,MHb.2/Oligo,-6.580429011177088,5000,LHb.4,NA
4,MHb.2/Oligo,-5.418307791136191,5000,LHb.4,NA
5,MHb.2/Oligo,-4.710035682420333,5000,LHb.4,NA
1,Oligo,6.984183283493614,5000,LHb.4,NA
2,Oligo,7.260549192545968,5000,LHb.4,NA
3,Oligo,4.961417501361534,5000,LHb.4,NA
4,Oligo,4.123796965507028,5000,LHb.4,NA
5,Oligo,2.4656896818542333,5000,LHb.4,NA
1,OPC,23.082193850939674,5000,LHb.4,NA
2,OPC,22.70633483422276,5000,LHb.4,NA
3,OPC,22.386043611858998,5000,LHb.4,NA
4,OPC,21.147795391296274,5000,LHb.4,NA
5,OPC,19.960018389158964,5000,LHb.4,NA
1,Astrocyte,-2.527572632981317,100,LHb.7,NA
2,Astrocyte,-1.6124918039851333,100,LHb.7,NA
3,Astrocyte,-2.4112090607764265,100,LHb.7,NA
4,Astrocyte,-2.736333473728189,100,LHb.7,NA
5,Astrocyte,-2.5508122113677985,100,LHb.7,NA
1,Endo,-0.9538873821376117,100,LHb.7,NA
2,Endo,-1.3869559403643232,100,LHb.7,NA
3,Endo,-1.7384555113692994,100,LHb.7,NA
4,Endo,-2.199941818648606,100,LHb.7,NA
5,Endo,-1.61077885256568,100,LHb.7,NA
1,Excit.Thal,0.005515607290379247,100,LHb.7,NA
2,Excit.Thal,-0.013638636637161,100,LHb.7,NA
3,Excit.Thal,0.005515607290379247,100,LHb.7,NA
4,Excit.Thal,0.2165615430733557,100,LHb.7,NA
5,Excit.Thal,-0.10933083203969614,100,LHb.7,NA
1,LHb.4,0.06718453825399479,100,LHb.7,NA
2,LHb.4,0.31003244836576777,100,LHb.7,NA
3,LHb.4,-0.12073278688736329,100,LHb.7,NA
4,LHb.4,-0.5471419986371189,100,LHb.7,NA
5,LHb.4,0.14797803586870967,100,LHb.7,NA
1,LHb.7,1.2862086533934523,100,LHb.7,NA
2,LHb.7,0.9519430594053493,100,LHb.7,NA
3,LHb.7,0.9995594215743571,100,LHb.7,NA
4,LHb.7,1.1187979064474898,100,LHb.7,NA
5,LHb.7,1.166572618427151,100,LHb.7,NA
1,MHb.1,2.550223429912803,100,LHb.7,NA
2,MHb.1,2.5647139257674847,100,LHb.7,NA
3,MHb.1,2.405396824410063,100,LHb.7,NA
4,MHb.1,3.37847961369552,100,LHb.7,NA
5,MHb.1,3.407626964896414,100,LHb.7,NA
1,MHb.2,-2.5718443741138035,100,LHb.7,NA
2,MHb.2,-2.8801225436723565,100,LHb.7,NA
3,MHb.2,-2.1287482232548602,100,LHb.7,NA
4,MHb.2,-3.1220751775272175,100,LHb.7,NA
5,MHb.2,-2.6959523791839324,100,LHb.7,NA
1,MHb.2/Oligo,0.3871897215462901,100,LHb.7,NA
2,MHb.2/Oligo,-1.571652225098496,100,LHb.7,NA
3,MHb.2/Oligo,-0.6765384775015459,100,LHb.7,NA
4,MHb.2/Oligo,-0.3441503356512473,100,LHb.7,NA
5,MHb.2/Oligo,-0.17023737192845587,100,LHb.7,NA
1,Oligo,-1.3050745698265258,100,LHb.7,NA
2,Oligo,-1.1355903386597836,100,LHb.7,NA
3,Oligo,-0.04321060799255851,100,LHb.7,NA
4,Oligo,-0.30212374897609323,100,LHb.7,NA
5,Oligo,-1.1568031191246952,100,LHb.7,NA
1,OPC,0.5886341915430693,100,LHb.7,NA
2,OPC,0.6325223481369482,100,LHb.7,NA
3,OPC,0.8745218998858715,100,LHb.7,NA
4,OPC,0.9186341557918208,100,LHb.7,NA
5,OPC,0.34785900380778123,100,LHb.7,NA
1,Astrocyte,-3.380205177022806,200,LHb.7,NA
2,Astrocyte,-4.240861139283164,200,LHb.7,NA
3,Astrocyte,-4.509593006353224,200,LHb.7,NA
4,Astrocyte,-3.3573537587336464,200,LHb.7,NA
5,Astrocyte,-3.5398706228651227,200,LHb.7,NA
1,Endo,-1.6746373096940572,200,LHb.7,NA
2,Endo,-1.7225047299904839,200,LHb.7,NA
3,Endo,-2.1205243621493985,200,LHb.7,NA
4,Endo,-2.501166408498606,200,LHb.7,NA
5,Endo,-1.61077885256568,200,LHb.7,NA
1,Excit.Thal,-0.3003217431877316,200,LHb.7,NA
2,Excit.Thal,-0.07106974225786457,200,LHb.7,NA
3,Excit.Thal,0.35119853960688713,200,LHb.7,NA
4,Excit.Thal,0.892384028122884,200,LHb.7,NA
5,Excit.Thal,-0.051931307291014646,200,LHb.7,NA
1,LHb.4,-0.17426991936043396,200,LHb.7,NA
2,LHb.4,-0.3344750950922364,200,LHb.7,NA
3,LHb.4,0.20192674386048007,200,LHb.7,NA
4,LHb.4,-0.04029941301360937,200,LHb.7,NA
5,LHb.4,-0.9167612490904767,200,LHb.7,NA
1,LHb.7,4.887581657087444,200,LHb.7,NA
2,LHb.7,4.374831234085692,200,LHb.7,NA
3,LHb.7,3.0912271730405227,200,LHb.7,NA
4,LHb.7,3.867433221634324,200,LHb.7,NA
5,LHb.7,3.8169825176198264,200,LHb.7,NA
1,MHb.1,3.0437050744750187,200,LHb.7,NA
2,MHb.1,3.816308608798897,200,LHb.7,NA
3,MHb.1,4.769554007530143,200,LHb.7,NA
4,MHb.1,3.1455114016106895,200,LHb.7,NA
5,MHb.1,3.174612005085684,200,LHb.7,NA
1,MHb.2,-6.490924924745964,200,LHb.7,NA
2,MHb.2,-5.18961873527846,200,LHb.7,NA
3,MHb.2,-4.3304726953830945,200,LHb.7,NA
4,MHb.2,-3.7098923477813193,200,LHb.7,NA
5,MHb.2,-6.442816626696849,200,LHb.7,NA
1,MHb.2/Oligo,-1.1412988543504816,200,LHb.7,NA
2,MHb.2/Oligo,-1.708436798057586,200,LHb.7,NA
3,MHb.2/Oligo,-0.512800663330045,200,LHb.7,NA
4,MHb.2/Oligo,-0.6765384775015459,200,LHb.7,NA
5,MHb.2/Oligo,-0.3441503356512473,200,LHb.7,NA
1,Oligo,-1.4318621125822133,200,LHb.7,NA
2,Oligo,-1.2415763028457591,200,LHb.7,NA
3,Oligo,-2.2076524236388013,200,LHb.7,NA
4,Oligo,-1.8524936684298183,200,LHb.7,NA
5,Oligo,-0.6455253721467952,200,LHb.7,NA
1,OPC,0.9186341557918208,200,LHb.7,NA
2,OPC,0.2823711356718789,200,LHb.7,NA
3,OPC,0.34785900380778123,200,LHb.7,NA
4,OPC,0.5009604452629722,200,LHb.7,NA
5,OPC,1.0954313328662313,200,LHb.7,NA
1,Astrocyte,-5.373194077046927,500,LHb.7,NA
2,Astrocyte,-3.880291378776305,500,LHb.7,NA
3,Astrocyte,-3.6536034897398575,500,LHb.7,NA
4,Astrocyte,-4.308179330744093,500,LHb.7,NA
5,Astrocyte,-5.307284321805493,500,LHb.7,NA
1,Endo,-0.5350810094954057,500,LHb.7,NA
2,Endo,-0.9056530678805493,500,LHb.7,NA
3,Endo,1.0432188743315225,500,LHb.7,NA
4,Endo,0.7974864189536875,500,LHb.7,NA
5,Endo,0.699366504206198,500,LHb.7,NA
1,Excit.Thal,2.3435710854224117,500,LHb.7,NA
2,Excit.Thal,1.2815665125945856,500,LHb.7,NA
3,Excit.Thal,0.35119853960688713,500,LHb.7,NA
4,Excit.Thal,1.9483004752000999,500,LHb.7,NA
5,Excit.Thal,1.1645798370821692,500,LHb.7,NA
1,LHb.4,0.4455573966502583,500,LHb.7,NA
2,LHb.4,-0.2811408619222963,500,LHb.7,NA
3,LHb.4,0.5815220582525907,500,LHb.7,NA
4,LHb.4,1.7975305226504903,500,LHb.7,NA
5,LHb.4,1.2957643230638447,500,LHb.7,NA
1,LHb.7,7.809979555961457,500,LHb.7,NA
2,LHb.7,6.860542349231796,500,LHb.7,NA
3,LHb.7,9.003266336881062,500,LHb.7,NA
4,LHb.7,9.682785250706376,500,LHb.7,NA
5,LHb.7,9.739862934287249,500,LHb.7,NA
1,MHb.1,-0.4479882392424344,500,LHb.7,NA
2,MHb.1,0.7642463243360194,500,LHb.7,NA
3,MHb.1,-1.0859567878383598,500,LHb.7,NA
4,MHb.1,-1.6226896940509874,500,LHb.7,NA
5,MHb.1,-0.3911541543169878,500,LHb.7,NA
1,MHb.2,-7.693880140460362,500,LHb.7,NA
2,MHb.2,-6.151064082311761,500,LHb.7,NA
3,MHb.2,-10.561547156247222,500,LHb.7,NA
4,MHb.2,-14.10444356566955,500,LHb.7,NA
5,MHb.2,-14.041345745520559,500,LHb.7,NA
1,MHb.2/Oligo,-1.708436798057586,500,LHb.7,NA
2,MHb.2/Oligo,-1.571652225098496,500,LHb.7,NA
3,MHb.2/Oligo,-2.34972344112929,500,LHb.7,NA
4,MHb.2/Oligo,-2.8192550385471034,500,LHb.7,NA
5,MHb.2/Oligo,-2.34972344112929,500,LHb.7,NA
1,Oligo,-0.388167678897577,500,LHb.7,NA
2,Oligo,-2.374040737211915,500,LHb.7,NA
3,Oligo,-2.8085741194270324,500,LHb.7,NA
4,Oligo,-2.2701035734071016,500,LHb.7,NA
5,Oligo,-1.7895930012100976,500,LHb.7,NA
1,OPC,0.3260212684180408,500,LHb.7,NA
2,OPC,1.3616795107668818,500,LHb.7,NA
3,OPC,2.89501930456075,500,LHb.7,NA
4,OPC,3.193077883104275,500,LHb.7,NA
5,OPC,2.9865571039360415,500,LHb.7,NA
1,Astrocyte,-2.5043220273218045,1000,LHb.7,NA
2,Astrocyte,-4.5319224750310605,1000,LHb.7,NA
3,Astrocyte,-4.263310596386066,1000,LHb.7,NA
4,Astrocyte,-6.5666911329823545,1000,LHb.7,NA
5,Astrocyte,-4.732442553937109,1000,LHb.7,NA
1,Endo,4.449269676066681,1000,LHb.7,NA
2,Endo,2.5142152532365825,1000,LHb.7,NA
3,Endo,2.564194556775292,1000,LHb.7,NA
4,Endo,2.7810753814677143,1000,LHb.7,NA
5,Endo,5.440657413647389,1000,LHb.7,NA
1,Excit.Thal,5.926558500601618,1000,LHb.7,NA
2,Excit.Thal,1.5553155367979627,1000,LHb.7,NA
3,Excit.Thal,2.5221984547567176,1000,LHb.7,NA
4,Excit.Thal,6.4095405261895575,1000,LHb.7,NA
5,Excit.Thal,6.53612969642202,1000,LHb.7,NA
1,LHb.4,4.164321408488065,1000,LHb.7,NA
2,LHb.4,0.33710242854163514,1000,LHb.7,NA
3,LHb.4,3.224286561437834,1000,LHb.7,NA
4,LHb.4,4.612604986522276,1000,LHb.7,NA
5,LHb.4,4.343036423084814,1000,LHb.7,NA
1,LHb.7,10.896468040296126,1000,LHb.7,NA
2,LHb.7,11.21969381739768,1000,LHb.7,NA
3,LHb.7,11.932933231487628,1000,LHb.7,NA
4,LHb.7,12.022876463740163,1000,LHb.7,NA
5,LHb.7,12.840469405812453,1000,LHb.7,NA
1,MHb.1,-13.453742328318963,1000,LHb.7,NA
2,MHb.1,-1.9607530986845472,1000,LHb.7,NA
3,MHb.1,-5.538132668067143,1000,LHb.7,NA
4,MHb.1,-13.387620605339325,1000,LHb.7,NA
5,MHb.1,-16.826397633281655,1000,LHb.7,NA
1,MHb.2,-13.366827040642082,1000,LHb.7,NA
2,MHb.2,-15.711309181490332,1000,LHb.7,NA
3,MHb.2,-16.17388992026361,1000,LHb.7,NA
4,MHb.2,-6.442816626696849,1000,LHb.7,NA
5,MHb.2,-12.050401086586573,1000,LHb.7,NA
1,MHb.2/Oligo,-4.6004924326034615,1000,LHb.7,NA
2,MHb.2/Oligo,-4.055707565752822,1000,LHb.7,NA
3,MHb.2/Oligo,-3.7669175147624747,1000,LHb.7,NA
4,MHb.2/Oligo,-3.9607554604638278,1000,LHb.7,NA
5,MHb.2/Oligo,-4.942529298684199,1000,LHb.7,NA
1,Oligo,0.08668871757559027,1000,LHb.7,NA
2,Oligo,-1.684606940315419,1000,LHb.7,NA
3,Oligo,-1.7476213560674965,1000,LHb.7,NA
4,Oligo,0.39094742181976133,1000,LHb.7,NA
5,Oligo,2.0046053799768226,1000,LHb.7,NA
1,OPC,6.364884188208996,1000,LHb.7,NA
2,OPC,2.89501930456075,1000,LHb.7,NA
3,OPC,4.802977011106171,1000,LHb.7,NA
4,OPC,6.413676445722337,1000,LHb.7,NA
5,OPC,8.226218153679078,1000,LHb.7,NA
1,Astrocyte,-0.7521929759967905,5000,LHb.7,NA
2,Astrocyte,-0.5346931240012859,5000,LHb.7,NA
3,Astrocyte,-1.5413826099134154,5000,LHb.7,NA
4,Astrocyte,-2.2478336752246926,5000,LHb.7,NA
5,Astrocyte,-2.5043220273218045,5000,LHb.7,NA
1,Endo,12.1668050041135,5000,LHb.7,NA
2,Endo,12.148257182757325,5000,LHb.7,NA
3,Endo,10.458887496209467,5000,LHb.7,NA
4,Endo,10.331699178224719,5000,LHb.7,NA
5,Endo,8.161997497129885,5000,LHb.7,NA
1,Excit.Thal,14.278101176338213,5000,LHb.7,NA
2,Excit.Thal,13.635956880875732,5000,LHb.7,NA
3,Excit.Thal,13.094259177507277,5000,LHb.7,NA
4,Excit.Thal,12.743557211621626,5000,LHb.7,NA
5,Excit.Thal,9.408358038062998,5000,LHb.7,NA
1,LHb.4,8.959549409298996,5000,LHb.7,NA
2,LHb.4,8.79212816326751,5000,LHb.7,NA
3,LHb.4,7.4135371201497104,5000,LHb.7,NA
4,LHb.4,8.859009870335548,5000,LHb.7,NA
5,LHb.4,6.426259061861058,5000,LHb.7,NA
1,LHb.7,16.366917337656442,5000,LHb.7,NA
2,LHb.7,15.8084417888219,5000,LHb.7,NA
3,LHb.7,15.67805056630148,5000,LHb.7,NA
4,LHb.7,16.832185608745572,5000,LHb.7,NA
5,LHb.7,13.98540838827889,5000,LHb.7,NA
1,MHb.1,-32.83991490926972,5000,LHb.7,NA
2,MHb.1,-32.1441518174008,5000,LHb.7,NA
3,MHb.1,-30.338051976492583,5000,LHb.7,NA
4,MHb.1,-28.624910559696776,5000,LHb.7,NA
5,MHb.1,-22.559993132770426,5000,LHb.7,NA
1,MHb.2,-20.64524043498545,5000,LHb.7,NA
2,MHb.2,-20.7640198386527,5000,LHb.7,NA
3,MHb.2,-17.855839341079367,5000,LHb.7,NA
4,MHb.2,-18.743798490778328,5000,LHb.7,NA
5,MHb.2,-18.17296790235182,5000,LHb.7,NA
1,MHb.2/Oligo,-6.799443624495216,5000,LHb.7,NA
2,MHb.2/Oligo,-6.528706167846461,5000,LHb.7,NA
3,MHb.2/Oligo,-5.349573424629929,5000,LHb.7,NA
4,MHb.2/Oligo,-4.6004924326034615,5000,LHb.7,NA
5,MHb.2/Oligo,-5.025674684136439,5000,LHb.7,NA
1,Oligo,8.956908507009807,5000,LHb.7,NA
2,Oligo,9.110274513942759,5000,LHb.7,NA
3,Oligo,8.398396273711878,5000,LHb.7,NA
4,Oligo,5.308873843680591,5000,LHb.7,NA
5,Oligo,5.3565406865691925,5000,LHb.7,NA
1,OPC,12.134900515903276,5000,LHb.7,NA
2,OPC,11.592549170677906,5000,LHb.7,NA
3,OPC,10.366681012435876,5000,LHb.7,NA
4,OPC,10.025504206534018,5000,LHb.7,NA
5,OPC,8.555683019742409,5000,LHb.7,NA
1,Astrocyte,-0.4631261580559855,100,MHb.1,NA
2,Astrocyte,-0.36560607396685135,100,MHb.1,NA
3,Astrocyte,-0.6739588905236719,100,MHb.1,NA
4,Astrocyte,-0.738704202753892,100,MHb.1,NA
5,Astrocyte,-0.9325855044432065,100,MHb.1,NA
1,Endo,0.2823086101278349,100,MHb.1,NA
2,Endo,-0.061281822869133494,100,MHb.1,NA
3,Endo,0.0367760021388243,100,MHb.1,NA
4,Endo,-0.35492606007655775,100,MHb.1,NA
5,Endo,0.159472879230456,100,MHb.1,NA
1,Excit.Thal,-0.07289142199677756,100,MHb.1,NA
2,Excit.Thal,-0.23686274510615762,100,MHb.1,NA
3,Excit.Thal,0.07501216360023824,100,MHb.1,NA
4,Excit.Thal,0.15731629515484716,100,MHb.1,NA
5,Excit.Thal,0.2727053157225324,100,MHb.1,NA
1,LHb.4,-0.11992377453724248,100,MHb.1,NA
2,LHb.4,0.36371254674296405,100,MHb.1,NA
3,LHb.4,-0.25718657383361904,100,MHb.1,NA
4,LHb.4,-0.051140276100214384,100,MHb.1,NA
5,LHb.4,0.24810331828584978,100,MHb.1,NA
1,LHb.7,0.5376685710409244,100,MHb.1,NA
2,LHb.7,0.4695868960439958,100,MHb.1,NA
3,LHb.7,0.3789626953925855,100,MHb.1,NA
4,LHb.7,0.4016025641739542,100,MHb.1,NA
5,LHb.7,0.4469146523844781,100,MHb.1,NA
1,MHb.1,0.33597467062091424,100,MHb.1,NA
2,MHb.1,0.31163899919265653,100,MHb.1,NA
3,MHb.1,0.33597467062091424,100,MHb.1,NA
4,MHb.1,0.4089807470828859,100,MHb.1,NA
5,MHb.1,0.3035270737531992,100,MHb.1,NA
1,MHb.2,0.023458356524261138,100,MHb.1,NA
2,MHb.2,0.023458356524261138,100,MHb.1,NA
3,MHb.2,0.005660573816941989,100,MHb.1,NA
4,MHb.2,0.005660573816941989,100,MHb.1,NA
5,MHb.2,0.04126116267934951,100,MHb.1,NA
1,MHb.2/Oligo,0.058457657187523514,100,MHb.1,NA
2,MHb.2/Oligo,0.007860555262782957,100,MHb.1,NA
3,MHb.2/Oligo,0.007860555262782957,100,MHb.1,NA
4,MHb.2/Oligo,0.10918292541212372,100,MHb.1,NA
5,MHb.2/Oligo,0.058457657187523514,100,MHb.1,NA
1,Oligo,-1.2862035955283544,100,MHb.1,NA
2,Oligo,-0.8724245499337246,100,MHb.1,NA
3,Oligo,-0.43665277112040696,100,MHb.1,NA
4,Oligo,-0.4176314251507363,100,MHb.1,NA
5,Oligo,-1.0420547661873982,100,MHb.1,NA
1,OPC,0.2779562042028358,100,MHb.1,NA
2,OPC,0.20497777410954482,100,MHb.1,NA
3,OPC,0.16852109158423492,100,MHb.1,NA
4,OPC,0.3327470824607112,100,MHb.1,NA
5,OPC,0.20497777410954482,100,MHb.1,NA
1,Astrocyte,-1.1420265942782017,200,MHb.1,NA
2,Astrocyte,-1.1259376833505272,200,MHb.1,NA
3,Astrocyte,-1.4470252711124512,200,MHb.1,NA
4,Astrocyte,-1.4470252711124512,200,MHb.1,NA
5,Astrocyte,-1.6230071995062805,200,MHb.1,NA
1,Endo,-0.1959671088137115,200,MHb.1,NA
2,Endo,0.07357051204055808,200,MHb.1,NA
3,Endo,0.442203379463069,200,MHb.1,NA
4,Endo,-0.1959671088137115,200,MHb.1,NA
5,Endo,-0.6477811486376899,200,MHb.1,NA
1,Excit.Thal,-0.2532387707236794,200,MHb.1,NA
2,Excit.Thal,-0.13852606499411152,200,MHb.1,NA
3,Excit.Thal,-0.08930585707720373,200,MHb.1,NA
4,Excit.Thal,-0.007195126035165896,200,MHb.1,NA
5,Excit.Thal,0.5371707174170112,200,MHb.1,NA
1,LHb.4,-0.37126407978981885,200,MHb.1,NA
2,LHb.4,-0.028189822787468597,200,MHb.1,NA
3,LHb.4,-0.21147725183966906,200,MHb.1,NA
4,LHb.4,0.1327813923205249,200,MHb.1,NA
5,LHb.4,-0.302851090019568,200,MHb.1,NA
1,LHb.7,1.293086916329507,200,MHb.1,NA
2,LHb.7,1.2469593193436022,200,MHb.1,NA
3,LHb.7,0.9940585228065267,200,MHb.1,NA
4,LHb.7,1.2469593193436022,200,MHb.1,NA
5,LHb.7,1.2239123888081165,200,MHb.1,NA
1,MHb.1,1.2200701026167153,200,MHb.1,NA
2,MHb.1,1.0984166137342084,200,MHb.1,NA
3,MHb.1,1.2768406058070174,200,MHb.1,NA
4,MHb.1,0.95242798336551,200,MHb.1,NA
5,MHb.1,1.1551886546515415,200,MHb.1,NA
1,MHb.2,-0.01213218890878982,200,MHb.1,NA
2,MHb.2,-0.029919935115649252,200,MHb.1,NA
3,MHb.2,-0.029919935115649252,200,MHb.1,NA
4,MHb.2,0.023458356524261138,200,MHb.1,NA
5,MHb.2,0.023458356524261138,200,MHb.1,NA
1,MHb.2/Oligo,0.007860555262782957,200,MHb.1,NA
2,MHb.2/Oligo,0.007860555262782957,200,MHb.1,NA
3,MHb.2/Oligo,0.058457657187523514,200,MHb.1,NA
4,MHb.2/Oligo,0.058457657187523514,200,MHb.1,NA
5,MHb.2/Oligo,0.058457657187523514,200,MHb.1,NA
1,Oligo,-1.8457412318674584,200,MHb.1,NA
2,Oligo,-2.5285292117534177,200,MHb.1,NA
3,Oligo,-2.4183466164046545,200,MHb.1,NA
4,Oligo,-2.0680608512473158,200,MHb.1,NA
5,Oligo,-1.6412012644709006,200,MHb.1,NA
1,OPC,0.16852109158423492,200,MHb.1,NA
2,OPC,0.3510215973086087,200,MHb.1,NA
3,OPC,-0.06792110379381658,200,MHb.1,NA
4,OPC,0.64415786536645,200,MHb.1,NA
5,OPC,0.40587786345406934,200,MHb.1,NA
1,Astrocyte,-1.878207108600141,500,MHb.1,NA
2,Astrocyte,-1.7826141914393587,500,MHb.1,NA
3,Astrocyte,-1.8622838513547308,500,MHb.1,NA
4,Astrocyte,-2.874290579891564,500,MHb.1,NA
5,Astrocyte,-3.2813757177685385,500,MHb.1,NA
1,Endo,-0.3182638107382611,500,MHb.1,NA
2,Endo,-0.14700993216565145,500,MHb.1,NA
3,Endo,-0.024520504889010464,500,MHb.1,NA
4,Endo,-0.4037898806593136,500,MHb.1,NA
5,Endo,-0.14700993216565145,500,MHb.1,NA
1,Excit.Thal,-0.7752621799156072,500,MHb.1,NA
2,Excit.Thal,-0.612546629033285,500,MHb.1,NA
3,Excit.Thal,-0.49842096661517743,500,MHb.1,NA
4,Excit.Thal,-0.3677638733983367,500,MHb.1,NA
5,Excit.Thal,-0.726487073932056,500,MHb.1,NA
1,LHb.4,-0.5532096342728753,500,MHb.1,NA
2,LHb.4,-0.46232554252492303,500,MHb.1,NA
3,LHb.4,-0.21147725183966906,500,MHb.1,NA
4,LHb.4,0.0177450936029056,500,MHb.1,NA
5,LHb.4,-0.7796491964640015,500,MHb.1,NA
1,LHb.7,1.617247790317275,500,MHb.1,NA
2,LHb.7,2.2487847881520246,500,MHb.1,NA
3,LHb.7,2.2252425984305915,500,MHb.1,NA
4,LHb.7,2.3666732329227993,500,MHb.1,NA
5,LHb.7,2.2252425984305915,500,MHb.1,NA
1,MHb.1,2.201296291909544,500,MHb.1,NA
2,MHb.1,2.2904897333640135,500,MHb.1,NA
3,MHb.1,2.2904897333640135,500,MHb.1,NA
4,MHb.1,2.395898442243344,500,MHb.1,NA
5,MHb.1,2.5823863746535936,500,MHb.1,NA
1,MHb.2,0.05906899575186047,500,MHb.1,NA
2,MHb.2,0.1838648731292736,500,MHb.1,NA
3,MHb.2,0.04126116267934951,500,MHb.1,NA
4,MHb.2,0.04126116267934951,500,MHb.1,NA
5,MHb.2,0.023458356524261138,500,MHb.1,NA
1,MHb.2/Oligo,0.007860555262782957,500,MHb.1,NA
2,MHb.2/Oligo,0.2621351467395834,500,MHb.1,NA
3,MHb.2/Oligo,0.16003709865865387,500,MHb.1,NA
4,MHb.2/Oligo,0.058457657187523514,500,MHb.1,NA
5,MHb.2/Oligo,0.21102092196175207,500,MHb.1,NA
1,Oligo,-2.3079564133500527,500,MHb.1,NA
2,Oligo,-3.7630467433980264,500,MHb.1,NA
3,Oligo,-4.406323999100205,500,MHb.1,NA
4,Oligo,-3.2940736005169393,500,MHb.1,NA
5,Oligo,-2.5652107733465246,500,MHb.1,NA
1,OPC,-0.1586186939198563,500,MHb.1,NA
2,OPC,-0.2310805889623392,500,MHb.1,NA
3,OPC,0.20497777410954482,500,MHb.1,NA
4,OPC,0.16852109158423492,500,MHb.1,NA
5,OPC,0.2232142426177467,500,MHb.1,NA
1,Astrocyte,-2.9056867352319995,1000,MHb.1,NA
2,Astrocyte,-3.3438004679702416,1000,MHb.1,NA
3,Astrocyte,-2.8271706116264226,1000,MHb.1,NA
4,Astrocyte,-3.062462198955593,1000,MHb.1,NA
5,Astrocyte,-3.1876371006933772,1000,MHb.1,NA
1,Endo,-0.9763073132006969,1000,MHb.1,NA
2,Endo,-0.3060403188401709,1000,MHb.1,NA
3,Endo,-0.586834452748132,1000,MHb.1,NA
4,Endo,-0.9155435274697233,1000,MHb.1,NA
5,Endo,-0.8060836165721321,1000,MHb.1,NA
1,Excit.Thal,-1.567176459910351,1000,MHb.1,NA
2,Excit.Thal,-0.3350615140387064,1000,MHb.1,NA
3,Excit.Thal,-1.7277056841463492,1000,MHb.1,NA
4,Excit.Thal,-2.2230467096674613,1000,MHb.1,NA
5,Excit.Thal,-1.5189465402198146,1000,MHb.1,NA
1,LHb.4,-1.206889111813395,1000,MHb.1,NA
2,LHb.4,-0.7796491964640015,1000,MHb.1,NA
3,LHb.4,-0.37126407978981885,1000,MHb.1,NA
4,LHb.4,-0.9375070541075995,1000,MHb.1,NA
5,LHb.4,-1.6080861467348933,1000,MHb.1,NA
1,LHb.7,2.013892275032491,1000,MHb.1,NA
2,LHb.7,2.74592143932236,1000,MHb.1,NA
3,LHb.7,2.7697267851747163,1000,MHb.1,NA
4,LHb.7,2.013892275032491,1000,MHb.1,NA
5,LHb.7,1.663738839376216,1000,MHb.1,NA
1,MHb.1,4.309214735379444,1000,MHb.1,NA
2,MHb.1,3.2066784575350584,1000,MHb.1,NA
3,MHb.1,3.076959767416869,1000,MHb.1,NA
4,MHb.1,5.281969667435642,1000,MHb.1,NA
5,MHb.1,5.500835256938375,1000,MHb.1,NA
1,MHb.2,0.6495705031928284,1000,MHb.1,NA
2,MHb.2,0.3625746553568411,1000,MHb.1,NA
3,MHb.2,0.9740165689931307,1000,MHb.1,NA
4,MHb.2,0.14818368655720077,1000,MHb.1,NA
5,MHb.2,0.5417934375250555,1000,MHb.1,NA
1,MHb.2/Oligo,0.41626784137414385,1000,MHb.1,NA
2,MHb.2/Oligo,0.21102092196175207,1000,MHb.1,NA
3,MHb.2/Oligo,0.3133805308657991,1000,MHb.1,NA
4,MHb.2/Oligo,0.4679113164426968,1000,MHb.1,NA
5,MHb.2/Oligo,0.3133805308657991,1000,MHb.1,NA
1,Oligo,-4.174832727166567,1000,MHb.1,NA
2,Oligo,-4.174832727166567,1000,MHb.1,NA
3,Oligo,-3.9961465938070426,1000,MHb.1,NA
4,Oligo,-5.130575439435713,1000,MHb.1,NA
5,Oligo,-5.759354761175567,1000,MHb.1,NA
1,OPC,-0.48402767420519177,1000,MHb.1,NA
2,OPC,-0.42991209252147294,1000,MHb.1,NA
3,OPC,0.05928079835532852,1000,MHb.1,NA
4,OPC,-0.5741148919172576,1000,MHb.1,NA
5,OPC,-0.7538956962455194,1000,MHb.1,NA
1,Astrocyte,-3.918685315358323,5000,MHb.1,NA
2,Astrocyte,-4.258356765771401,5000,MHb.1,NA
3,Astrocyte,-3.670647381621436,5000,MHb.1,NA
4,Astrocyte,-3.856755481908558,5000,MHb.1,NA
5,Astrocyte,-3.8102733170455823,5000,MHb.1,NA
1,Endo,-3.05833987335281,5000,MHb.1,NA
2,Endo,-2.6402707092591977,5000,MHb.1,NA
3,Endo,-2.376676098827641,5000,MHb.1,NA
4,Endo,-1.400713166893607,5000,MHb.1,NA
5,Endo,-2.520532686406745,5000,MHb.1,NA
1,Excit.Thal,-3.70432121026791,5000,MHb.1,NA
2,Excit.Thal,-3.828983005917737,5000,MHb.1,NA
3,Excit.Thal,-3.4230381961301632,5000,MHb.1,NA
4,Excit.Thal,-2.5883377084800414,5000,MHb.1,NA
5,Excit.Thal,-2.857136038810739,5000,MHb.1,NA
1,LHb.4,-1.7631880346645807,5000,MHb.1,NA
2,LHb.4,-1.8736634665898344,5000,MHb.1,NA
3,LHb.4,-1.7410618548384624,5000,MHb.1,NA
4,LHb.4,-1.9618579434077472,5000,MHb.1,NA
5,LHb.4,-1.6967783090347048,5000,MHb.1,NA
1,LHb.7,1.3161676085449643,5000,MHb.1,NA
2,LHb.7,1.5244029817027587,5000,MHb.1,NA
3,LHb.7,1.68700157135431,5000,MHb.1,NA
4,LHb.7,1.478049011471199,5000,MHb.1,NA
5,LHb.7,1.9904674749948859,5000,MHb.1,NA
1,MHb.1,8.994866530946037,5000,MHb.1,NA
2,MHb.1,9.343533491271927,5000,MHb.1,NA
3,MHb.1,8.605680206681225,5000,MHb.1,NA
4,MHb.1,6.741080202729295,5000,MHb.1,NA
5,MHb.1,7.932761902455025,5000,MHb.1,NA
1,MHb.2,2.2520041372552444,5000,MHb.1,NA
2,MHb.2,2.1966921708395235,5000,MHb.1,NA
3,MHb.2,1.24567743538745,5000,MHb.1,NA
4,MHb.2,1.4274423547952426,5000,MHb.1,NA
5,MHb.2,1.7559585807480758,5000,MHb.1,NA
1,MHb.2/Oligo,0.8859597113499326,5000,MHb.1,NA
2,MHb.2/Oligo,0.6236504548552344,5000,MHb.1,NA
3,MHb.2/Oligo,0.5716018284627683,5000,MHb.1,NA
4,MHb.2/Oligo,0.2621351467395834,5000,MHb.1,NA
5,MHb.2/Oligo,0.5716018284627683,5000,MHb.1,NA
1,Oligo,-7.539871643370158,5000,MHb.1,NA
2,Oligo,-8.211052741648182,5000,MHb.1,NA
3,Oligo,-7.353997823580269,5000,MHb.1,NA
4,Oligo,-5.811457109496526,5000,MHb.1,NA
5,Oligo,-7.269322063968679,5000,MHb.1,NA
1,OPC,-1.4323357716793326,5000,MHb.1,NA
2,OPC,-1.5033204418106185,5000,MHb.1,NA
3,OPC,-1.609645572057199,5000,MHb.1,NA
4,OPC,-1.0225897986712151,5000,MHb.1,NA
5,OPC,-1.2545180581878754,5000,MHb.1,NA
1,Astrocyte,-3.614227181429786,100,MHb.2,NA
2,Astrocyte,-4.11737802327085,100,MHb.2,NA
3,Astrocyte,-4.914099604774271,100,MHb.2,NA
4,Astrocyte,-5.172780974088478,100,MHb.2,NA
5,Astrocyte,-3.9814262851488937,100,MHb.2,NA
1,Endo,-3.3808981278686834,100,MHb.2,NA
2,Endo,-4.3191979437293835,100,MHb.2,NA
3,Endo,-4.495931110312813,100,MHb.2,NA
4,Endo,-4.248178363237014,100,MHb.2,NA
5,Endo,-3.490865968703802,100,MHb.2,NA
1,Excit.Thal,-1.226154420044561,100,MHb.2,NA
2,Excit.Thal,-1.7939999682173362,100,MHb.2,NA
3,Excit.Thal,-1.226154420044561,100,MHb.2,NA
4,Excit.Thal,-2.242616764593956,100,MHb.2,NA
5,Excit.Thal,-2.065674762162145,100,MHb.2,NA
1,LHb.4,-0.3999604322847275,100,MHb.2,NA
2,LHb.4,-0.5345571533007735,100,MHb.2,NA
3,LHb.4,-0.12278864104749905,100,MHb.2,NA
4,LHb.4,-1.529076057189488,100,MHb.2,NA
5,LHb.4,-0.7963303083146924,100,MHb.2,NA
1,LHb.7,-0.09090636306113299,100,MHb.2,NA
2,LHb.7,1.4554616595846788,100,MHb.2,NA
3,LHb.7,1.162102975955475,100,MHb.2,NA
4,LHb.7,1.8305671810030688,100,MHb.2,NA
5,LHb.7,1.017575161040706,100,MHb.2,NA
1,MHb.1,2.9400262085422075,100,MHb.2,NA
2,MHb.1,3.067158910274467,100,MHb.2,NA
3,MHb.1,3.3210403877546124,100,MHb.2,NA
4,MHb.1,3.6218653798765974,100,MHb.2,NA
5,MHb.1,2.971821433770255,100,MHb.2,NA
1,MHb.2,0.178887473974498,100,MHb.2,NA
2,MHb.2,0.2555010628196314,100,MHb.2,NA
3,MHb.2,0.4473740091607069,100,MHb.2,NA
4,MHb.2,-0.05049154835227451,100,MHb.2,NA
5,MHb.2,0.35137686282828007,100,MHb.2,NA
1,MHb.2/Oligo,-0.2266673173022645,100,MHb.2,NA
2,MHb.2/Oligo,0.11101974474350994,100,MHb.2,NA
3,MHb.2/Oligo,0.11101974474350994,100,MHb.2,NA
4,MHb.2/Oligo,0.8102233436692721,100,MHb.2,NA
5,MHb.2/Oligo,0.24825628796024224,100,MHb.2,NA
1,Oligo,-1.2288270517630977,100,MHb.2,NA
2,Oligo,-2.100527979581224,100,MHb.2,NA
3,Oligo,-1.3432420932222076,100,MHb.2,NA
4,Oligo,-1.2288270517630977,100,MHb.2,NA
5,Oligo,-2.5030663386219985,100,MHb.2,NA
1,OPC,-0.407609077264241,100,MHb.2,NA
2,OPC,0.5784060234958777,100,MHb.2,NA
3,OPC,-0.553091112546727,100,MHb.2,NA
4,OPC,0.038480607630863244,100,MHb.2,NA
5,OPC,-0.334277842415652,100,MHb.2,NA
1,Astrocyte,-7.556702712791615,200,MHb.2,NA
2,Astrocyte,-8.709328898682921,200,MHb.2,NA
3,Astrocyte,-7.326304658671329,200,MHb.2,NA
4,Astrocyte,-7.670975766306252,200,MHb.2,NA
5,Astrocyte,-8.745513634763714,200,MHb.2,NA
1,Endo,-8.429560669537933,200,MHb.2,NA
2,Endo,-8.551710641683165,200,MHb.2,NA
3,Endo,-7.966846217079533,200,MHb.2,NA
4,Endo,-6.986189465138447,200,MHb.2,NA
5,Endo,-8.276145345934996,200,MHb.2,NA
1,Excit.Thal,-4.295007339538244,200,MHb.2,NA
2,Excit.Thal,-2.919917844626059,200,MHb.2,NA
3,Excit.Thal,-3.399174065313722,200,MHb.2,NA
4,Excit.Thal,-2.242616764593956,200,MHb.2,NA
5,Excit.Thal,-3.931121736941261,200,MHb.2,NA
1,LHb.4,-2.195743104939124,200,MHb.2,NA
2,LHb.4,-2.405557693339345,200,MHb.2,NA
3,LHb.4,-2.405557693339345,200,MHb.2,NA
4,LHb.4,-2.80888708248594,200,MHb.2,NA
5,LHb.4,-3.647928501326724,200,MHb.2,NA
1,LHb.7,0.1786419385018915,200,MHb.2,NA
2,LHb.7,0.24678784733481662,200,MHb.2,NA
3,LHb.7,1.9067524203803616,200,MHb.2,NA
4,LHb.7,0.5922298067070966,200,MHb.2,NA
5,LHb.7,1.6043574387090336,200,MHb.2,NA
1,MHb.1,6.236358081841411,200,MHb.2,NA
2,MHb.1,5.9725623831952674,200,MHb.2,NA
3,MHb.1,4.974752472562548,200,MHb.2,NA
4,MHb.1,5.146786581313704,200,MHb.2,NA
5,MHb.1,6.31384707408242,200,MHb.2,NA
1,MHb.2,2.6107759422084196,200,MHb.2,NA
2,MHb.2,2.769162006048947,200,MHb.2,NA
3,MHb.2,2.472467613884907,200,MHb.2,NA
4,MHb.2,2.3738347973679614,200,MHb.2,NA
5,MHb.2,2.3147183911908815,200,MHb.2,NA
1,MHb.2/Oligo,-0.2933033999185727,200,MHb.2,NA
2,MHb.2/Oligo,0.386767250006623,200,MHb.2,NA
3,MHb.2/Oligo,0.6677222263367338,200,MHb.2,NA
4,MHb.2/Oligo,-0.09250306403573134,200,MHb.2,NA
5,MHb.2/Oligo,0.17948038308217865,200,MHb.2,NA
1,Oligo,-3.1632978511433603,200,MHb.2,NA
2,Oligo,-1.7848219848706168,200,MHb.2,NA
3,Oligo,-2.979933454997711,200,MHb.2,NA
4,Oligo,-2.886726627589442,200,MHb.2,NA
5,Oligo,-2.203055114733043,200,MHb.2,NA
1,OPC,-1.928804995258079,200,MHb.2,NA
2,OPC,-1.7309625090528828,200,MHb.2,NA
3,OPC,-0.7684344258521626,200,MHb.2,NA
4,OPC,-1.462728130308045,200,MHb.2,NA
5,OPC,-1.2580918685990894,200,MHb.2,NA
1,Astrocyte,-12.533534990347494,500,MHb.2,NA
2,Astrocyte,-12.13122272211934,500,MHb.2,NA
3,Astrocyte,-11.143691173008364,500,MHb.2,NA
4,Astrocyte,-10.21452240937232,500,MHb.2,NA
5,Astrocyte,-12.162408486634426,500,MHb.2,NA
1,Endo,-12.02766326323143,500,MHb.2,NA
2,Endo,-11.67271960059804,500,MHb.2,NA
3,Endo,-14.05202072268539,500,MHb.2,NA
4,Endo,-12.858182766592028,500,MHb.2,NA
5,Endo,-12.32487848604491,500,MHb.2,NA
1,Excit.Thal,-8.9271839672541,500,MHb.2,NA
2,Excit.Thal,-8.386029247879991,500,MHb.2,NA
3,Excit.Thal,-8.683990031438595,500,MHb.2,NA
4,Excit.Thal,-7.447727145189977,500,MHb.2,NA
5,Excit.Thal,-9.992240818538962,500,MHb.2,NA
1,LHb.4,-6.937831170937933,500,MHb.2,NA
2,LHb.4,-6.033454041374892,500,MHb.2,NA
3,LHb.4,-6.36609565545673,500,MHb.2,NA
4,LHb.4,-4.958558835690321,500,MHb.2,NA
5,LHb.4,-7.060576736116246,500,MHb.2,NA
1,LHb.7,-0.6160532956264767,500,MHb.2,NA
2,LHb.7,0.11080266698523288,500,MHb.2,NA
3,LHb.7,-1.9741497845390148,500,MHb.2,NA
4,LHb.7,-3.8674491046483626,500,MHb.2,NA
5,LHb.7,-1.8554631179824816,500,MHb.2,NA
1,MHb.1,11.53057202448274,500,MHb.2,NA
2,MHb.1,10.796585220718951,500,MHb.2,NA
3,MHb.1,11.545514900263852,500,MHb.2,NA
4,MHb.1,9.908057408193615,500,MHb.2,NA
5,MHb.1,10.931663709785656,500,MHb.2,NA
1,MHb.2,6.323670615897337,500,MHb.2,NA
2,MHb.2,5.742904778874473,500,MHb.2,NA
3,MHb.2,7.014384472051857,500,MHb.2,NA
4,MHb.2,7.58466263472031,500,MHb.2,NA
5,MHb.2,8.761155599326132,500,MHb.2,NA
1,MHb.2/Oligo,0.6677222263367338,500,MHb.2,NA
2,MHb.2/Oligo,0.386767250006623,500,MHb.2,NA
3,MHb.2/Oligo,0.8819927553088507,500,MHb.2,NA
4,MHb.2/Oligo,1.0994226076692895,500,MHb.2,NA
5,MHb.2/Oligo,0.386767250006623,500,MHb.2,NA
1,Oligo,-6.142926650718493,500,MHb.2,NA
2,Oligo,-3.6051079226016443,500,MHb.2,NA
3,Oligo,-4.885923747488132,500,MHb.2,NA
4,Oligo,-5.741798851994398,500,MHb.2,NA
5,Oligo,-5.179870560285988,500,MHb.2,NA
1,OPC,-6.549391054588512,500,MHb.2,NA
2,OPC,-7.2541446118589015,500,MHb.2,NA
3,OPC,-7.208103237605188,500,MHb.2,NA
4,OPC,-6.88210921747659,500,MHb.2,NA
5,OPC,-8.408299242856149,500,MHb.2,NA
1,Astrocyte,-15.836475565724438,1000,MHb.2,NA
2,Astrocyte,-15.997814873041438,1000,MHb.2,NA
3,Astrocyte,-15.510854232722679,1000,MHb.2,NA
4,Astrocyte,-13.049818703693369,1000,MHb.2,NA
5,Astrocyte,-12.34868201335756,1000,MHb.2,NA
1,Endo,-18.66624631780805,1000,MHb.2,NA
2,Endo,-15.59521461813813,1000,MHb.2,NA
3,Endo,-17.28026088434218,1000,MHb.2,NA
4,Endo,-16.57825174476079,1000,MHb.2,NA
5,Endo,-18.999091795856803,1000,MHb.2,NA
1,Excit.Thal,-16.37440446949238,1000,MHb.2,NA
2,Excit.Thal,-11.672091253072784,1000,MHb.2,NA
3,Excit.Thal,-13.960127824728431,1000,MHb.2,NA
4,Excit.Thal,-16.61449704578243,1000,MHb.2,NA
5,Excit.Thal,-16.822203776044542,1000,MHb.2,NA
1,LHb.4,-11.237662497872796,1000,MHb.2,NA
2,LHb.4,-7.824801638985992,1000,MHb.2,NA
3,LHb.4,-9.843453999349224,1000,MHb.2,NA
4,LHb.4,-13.589232856307158,1000,MHb.2,NA
5,LHb.4,-13.03577971420214,1000,MHb.2,NA
1,LHb.7,-3.814809041241168,1000,MHb.2,NA
2,LHb.7,-4.179808261224097,1000,MHb.2,NA
3,LHb.7,-4.435684377858762,1000,MHb.2,NA
4,LHb.7,-3.655868498779047,1000,MHb.2,NA
5,LHb.7,-6.2633327904395335,1000,MHb.2,NA
1,MHb.1,21.060821023440923,1000,MHb.2,NA
2,MHb.1,13.372750767465714,1000,MHb.2,NA
3,MHb.1,16.402867805976843,1000,MHb.2,NA
4,MHb.1,22.529003427737454,1000,MHb.2,NA
5,MHb.1,25.117379414411207,1000,MHb.2,NA
1,MHb.2,13.98745780619878,1000,MHb.2,NA
2,MHb.2,14.7625904431256,1000,MHb.2,NA
3,MHb.2,14.833523693525656,1000,MHb.2,NA
4,MHb.2,8.524234186256585,1000,MHb.2,NA
5,MHb.2,10.310631227494408,1000,MHb.2,NA
1,MHb.2/Oligo,2.159163727837082,1000,MHb.2,NA
2,MHb.2/Oligo,0.9541131610463905,1000,MHb.2,NA
3,MHb.2/Oligo,1.0265884580708973,1000,MHb.2,NA
4,MHb.2/Oligo,1.1726196366151966,1000,MHb.2,NA
5,MHb.2/Oligo,2.3966870696794635,1000,MHb.2,NA
1,Oligo,-11.585788175018308,1000,MHb.2,NA
2,Oligo,-7.081177890172135,1000,MHb.2,NA
3,Oligo,-8.429452865482764,1000,MHb.2,NA
4,Oligo,-11.626981561468789,1000,MHb.2,NA
5,Oligo,-13.694900560704953,1000,MHb.2,NA
1,OPC,-13.913815733314864,1000,MHb.2,NA
2,OPC,-10.544933281574862,1000,MHb.2,NA
3,OPC,-11.579246622169926,1000,MHb.2,NA
4,OPC,-12.932303126368112,1000,MHb.2,NA
5,OPC,-16.069035520505288,1000,MHb.2,NA
1,Astrocyte,-19.567232669655834,5000,MHb.2,NA
2,Astrocyte,-19.89659621338841,5000,MHb.2,NA
3,Astrocyte,-17.636871994591544,5000,MHb.2,NA
4,Astrocyte,-18.921662625177607,5000,MHb.2,NA
5,Astrocyte,-18.556844703450246,5000,MHb.2,NA
1,Endo,-27.445090603270188,5000,MHb.2,NA
2,Endo,-27.91079915550757,5000,MHb.2,NA
3,Endo,-24.392296517439284,5000,MHb.2,NA
4,Endo,-24.50779722052893,5000,MHb.2,NA
5,Endo,-24.4500858675726,5000,MHb.2,NA
1,Excit.Thal,-25.329112082625066,5000,MHb.2,NA
2,Excit.Thal,-25.099180224925604,5000,MHb.2,NA
3,Excit.Thal,-23.52545983321058,5000,MHb.2,NA
4,Excit.Thal,-23.168462052911792,5000,MHb.2,NA
5,Excit.Thal,-21.880104570926072,5000,MHb.2,NA
1,LHb.4,-17.016702597675494,5000,MHb.2,NA
2,LHb.4,-17.543977406772864,5000,MHb.2,NA
3,LHb.4,-15.725588730661599,5000,MHb.2,NA
4,LHb.4,-16.103880711183628,5000,MHb.2,NA
5,LHb.4,-14.943627019020468,5000,MHb.2,NA
1,LHb.7,-9.778079285323532,5000,MHb.2,NA
2,LHb.7,-10.151552536283571,5000,MHb.2,NA
3,LHb.7,-9.087128168656053,5000,MHb.2,NA
4,LHb.7,-10.29897361435282,5000,MHb.2,NA
5,LHb.7,-8.083692956959013,5000,MHb.2,NA
1,MHb.1,40.11130939492861,5000,MHb.2,NA
2,MHb.1,40.97984048393779,5000,MHb.2,NA
3,MHb.1,35.04998208065546,5000,MHb.2,NA
4,MHb.1,33.96933561860875,5000,MHb.2,NA
5,MHb.1,34.03695672948488,5000,MHb.2,NA
1,MHb.2,25.26811118750027,5000,MHb.2,NA
2,MHb.2,25.156002497643914,5000,MHb.2,NA
3,MHb.2,20.81041150801897,5000,MHb.2,NA
4,MHb.2,23.227705871956964,5000,MHb.2,NA
5,MHb.2,19.7264473272859,5000,MHb.2,NA
1,MHb.2/Oligo,4.362260537479319,5000,MHb.2,NA
2,MHb.2/Oligo,3.302890637129487,5000,MHb.2,NA
3,MHb.2/Oligo,3.7346745551103497,5000,MHb.2,NA
4,MHb.2/Oligo,2.0808502603568497,5000,MHb.2,NA
5,MHb.2/Oligo,2.002958684971928,5000,MHb.2,NA
1,Oligo,-23.07914664089881,5000,MHb.2,NA
2,Oligo,-23.92566190912303,5000,MHb.2,NA
3,Oligo,-20.956390220804057,5000,MHb.2,NA
4,Oligo,-18.841886539814613,5000,MHb.2,NA
5,Oligo,-20.307060677773617,5000,MHb.2,NA
1,OPC,-19.854356818356433,5000,MHb.2,NA
2,OPC,-18.69101629511426,5000,MHb.2,NA
3,OPC,-18.008826354446974,5000,MHb.2,NA
4,OPC,-17.660442178328854,5000,MHb.2,NA
5,OPC,-17.169528674785447,5000,MHb.2,NA
1,Astrocyte,-1.0781931061081347,100,MHb.2/Oligo,NA
2,Astrocyte,-1.0392672622448642,100,MHb.2/Oligo,NA
3,Astrocyte,-0.8045376831600831,100,MHb.2/Oligo,NA
4,Astrocyte,-1.9208730524826712,100,MHb.2/Oligo,NA
5,Astrocyte,-1.579255264887891,100,MHb.2/Oligo,NA
1,Endo,-0.3705080859572119,100,MHb.2/Oligo,NA
2,Endo,-0.8183254930709346,100,MHb.2/Oligo,NA
3,Endo,-2.3341328125393326,100,MHb.2/Oligo,NA
4,Endo,-2.1930546567108657,100,MHb.2/Oligo,NA
5,Endo,-1.295856017569426,100,MHb.2/Oligo,NA
1,Excit.Thal,-1.1607001951677995,100,MHb.2/Oligo,NA
2,Excit.Thal,-2.4970654299299366,100,MHb.2/Oligo,NA
3,Excit.Thal,-2.290062425699681,100,MHb.2/Oligo,NA
4,Excit.Thal,-1.0376807097654128,100,MHb.2/Oligo,NA
5,Excit.Thal,-1.2816777714041339,100,MHb.2/Oligo,NA
1,LHb.4,-2.261624735689038,100,MHb.2/Oligo,NA
2,LHb.4,-2.1344688097836553,100,MHb.2/Oligo,NA
3,LHb.4,-1.7359138846091673,100,MHb.2/Oligo,NA
4,LHb.4,-1.158234621860825,100,MHb.2/Oligo,NA
5,LHb.4,-2.627926232261233,100,MHb.2/Oligo,NA
1,LHb.7,0.9663598773188053,100,MHb.2/Oligo,NA
2,LHb.7,1.052444231603775,100,MHb.2/Oligo,NA
3,LHb.7,1.5818498561824388,100,MHb.2/Oligo,NA
4,LHb.7,0.2981568908773455,100,MHb.2/Oligo,NA
5,LHb.7,0.5445957688773514,100,MHb.2/Oligo,NA
1,MHb.1,3.217281191849665,100,MHb.2/Oligo,NA
2,MHb.1,3.8347697653424166,100,MHb.2/Oligo,NA
3,MHb.1,3.4236599116532607,100,MHb.2/Oligo,NA
4,MHb.1,3.1552593415897165,100,MHb.2/Oligo,NA
5,MHb.1,3.4030469204649205,100,MHb.2/Oligo,NA
1,MHb.2,-3.9728574971334103,100,MHb.2/Oligo,NA
2,MHb.2,-4.123061775642187,100,MHb.2/Oligo,NA
3,MHb.2,-2.0577876425853128,100,MHb.2/Oligo,NA
4,MHb.2,-0.894326785707564,100,MHb.2/Oligo,NA
5,MHb.2,-2.5800835417463976,100,MHb.2/Oligo,NA
1,MHb.2/Oligo,-0.47326414249755466,100,MHb.2/Oligo,NA
2,MHb.2/Oligo,-0.7106873044328914,100,MHb.2/Oligo,NA
3,MHb.2/Oligo,-0.6516427510294803,100,MHb.2/Oligo,NA
4,MHb.2/Oligo,-0.8865993537231918,100,MHb.2/Oligo,NA
5,MHb.2/Oligo,-0.5329328671667227,100,MHb.2/Oligo,NA
1,Oligo,0.3612359558225896,100,MHb.2/Oligo,NA
2,Oligo,0.14788061247542772,100,MHb.2/Oligo,NA
3,Oligo,0.6904716600994446,100,MHb.2/Oligo,NA
4,Oligo,0.579456986379749,100,MHb.2/Oligo,NA
5,Oligo,0.579456986379749,100,MHb.2/Oligo,NA
1,OPC,-0.12863741384613564,100,MHb.2/Oligo,NA
2,OPC,-0.03971132600280018,100,MHb.2/Oligo,NA
3,OPC,-1.225625125818645,100,MHb.2/Oligo,NA
4,OPC,0.049922083176421654,100,MHb.2/Oligo,NA
5,OPC,-0.03971132600280018,100,MHb.2/Oligo,NA
1,Astrocyte,-2.9212229108758585,200,MHb.2/Oligo,NA
2,Astrocyte,-2.517988631438732,200,MHb.2/Oligo,NA
3,Astrocyte,0.11458380487464725,200,MHb.2/Oligo,NA
4,Astrocyte,1.2778398626383896,200,MHb.2/Oligo,NA
5,Astrocyte,-2.7752617811150566,200,MHb.2/Oligo,NA
1,Endo,-3.7769931979827245,200,MHb.2/Oligo,NA
2,Endo,-4.309229511017904,200,MHb.2/Oligo,NA
3,Endo,-4.044257884701698,200,MHb.2/Oligo,NA
4,Endo,-3.0297681733502326,200,MHb.2/Oligo,NA
5,Endo,-3.33766494233894,200,MHb.2/Oligo,NA
1,Excit.Thal,-3.8121710492667074,200,MHb.2/Oligo,NA
2,Excit.Thal,-3.983926615792543,200,MHb.2/Oligo,NA
3,Excit.Thal,-2.9918009490621627,200,MHb.2/Oligo,NA
4,Excit.Thal,-3.7249556121531398,200,MHb.2/Oligo,NA
5,Excit.Thal,-4.068511396648544,200,MHb.2/Oligo,NA
1,LHb.4,-4.383841592119174,200,MHb.2/Oligo,NA
2,LHb.4,-1.596831676813361,200,MHb.2/Oligo,NA
3,LHb.4,-1.4543316570697273,200,MHb.2/Oligo,NA
4,LHb.4,-2.508231312638742,200,MHb.2/Oligo,NA
5,LHb.4,-3.407856380892337,200,MHb.2/Oligo,NA
1,LHb.7,-1.161155766205197,200,MHb.2/Oligo,NA
2,LHb.7,0.2981568908773455,200,MHb.2/Oligo,NA
3,LHb.7,0.7116048890092839,200,MHb.2/Oligo,NA
4,LHb.7,1.6723273019151277,200,MHb.2/Oligo,NA
5,LHb.7,2.0410396051031485,200,MHb.2/Oligo,NA
1,MHb.1,8.803767316524324,200,MHb.2/Oligo,NA
2,MHb.1,8.222888240577703,200,MHb.2/Oligo,NA
3,MHb.1,6.217648769117792,200,MHb.2/Oligo,NA
4,MHb.1,5.498156331330965,200,MHb.2/Oligo,NA
5,MHb.1,6.772913904957378,200,MHb.2/Oligo,NA
1,MHb.2,-6.105953211624398,200,MHb.2/Oligo,NA
2,MHb.2,-6.758263285281383,200,MHb.2/Oligo,NA
3,MHb.2,-7.527723918066458,200,MHb.2/Oligo,NA
4,MHb.2,-7.0954440183561385,200,MHb.2/Oligo,NA
5,MHb.2,-5.508685969064171,200,MHb.2/Oligo,NA
1,MHb.2/Oligo,2.178054203712781,200,MHb.2/Oligo,NA
2,MHb.2/Oligo,1.7622723096977555,200,MHb.2/Oligo,NA
3,MHb.2/Oligo,2.3190593724901993,200,MHb.2/Oligo,NA
4,MHb.2/Oligo,1.558309218165606,200,MHb.2/Oligo,NA
5,MHb.2/Oligo,2.3900274369813084,200,MHb.2/Oligo,NA
1,Oligo,0.14788061247542772,200,MHb.2/Oligo,NA
2,Oligo,0.579456986379749,200,MHb.2/Oligo,NA
3,Oligo,0.14788061247542772,200,MHb.2/Oligo,NA
4,Oligo,-0.06084742380385787,200,MHb.2/Oligo,NA
5,Oligo,0.8028006755542082,200,MHb.2/Oligo,NA
1,OPC,-3.356573881661453,200,MHb.2/Oligo,NA
2,OPC,-2.3748882225144987,200,MHb.2/Oligo,NA
3,OPC,-0.12863741384613564,200,MHb.2/Oligo,NA
4,OPC,-1.543212366271823,200,MHb.2/Oligo,NA
5,OPC,-2.301634630792427,200,MHb.2/Oligo,NA
1,Astrocyte,-3.10261667925601,500,MHb.2/Oligo,NA
2,Astrocyte,-3.8167948744614395,500,MHb.2/Oligo,NA
3,Astrocyte,-1.9208730524826712,500,MHb.2/Oligo,NA
4,Astrocyte,-2.146296717090295,500,MHb.2/Oligo,NA
5,Astrocyte,-3.1387559139686076,500,MHb.2/Oligo,NA
1,Endo,-6.228183792902562,500,MHb.2/Oligo,NA
2,Endo,-5.379042636896764,500,MHb.2/Oligo,NA
3,Endo,-5.696182786318807,500,MHb.2/Oligo,NA
4,Endo,-6.259204702577971,500,MHb.2/Oligo,NA
5,Endo,-6.444705375339697,500,MHb.2/Oligo,NA
1,Excit.Thal,-10.216649269343474,500,MHb.2/Oligo,NA
2,Excit.Thal,-8.478979123684077,500,MHb.2/Oligo,NA
3,Excit.Thal,-6.158399852669637,500,MHb.2/Oligo,NA
4,Excit.Thal,-7.1736484353444725,500,MHb.2/Oligo,NA
5,Excit.Thal,-10.71586817457519,500,MHb.2/Oligo,NA
1,LHb.4,-8.155658903505495,500,MHb.2/Oligo,NA
2,LHb.4,-6.651086083376034,500,MHb.2/Oligo,NA
3,LHb.4,-6.0138599509534965,500,MHb.2/Oligo,NA
4,LHb.4,-6.0138599509534965,500,MHb.2/Oligo,NA
5,LHb.4,-8.270870269176555,500,MHb.2/Oligo,NA
1,LHb.7,-1.161155766205197,500,MHb.2/Oligo,NA
2,LHb.7,0.056419656870112994,500,MHb.2/Oligo,NA
3,LHb.7,-1.6600518832048619,500,MHb.2/Oligo,NA
4,LHb.7,-3.304107144184991,500,MHb.2/Oligo,NA
5,LHb.7,-2.474076276744248,500,MHb.2/Oligo,NA
1,MHb.1,17.86819986641972,500,MHb.2/Oligo,NA
2,MHb.1,15.195949051129602,500,MHb.2/Oligo,NA
3,MHb.1,12.878712214083064,500,MHb.2/Oligo,NA
4,MHb.1,13.68762196806227,500,MHb.2/Oligo,NA
5,MHb.1,16.5046720821844,500,MHb.2/Oligo,NA
1,MHb.2,-11.468348507114577,500,MHb.2/Oligo,NA
2,MHb.2,-10.679845630103872,500,MHb.2/Oligo,NA
3,MHb.2,-10.202648625911806,500,MHb.2/Oligo,NA
4,MHb.2,-9.037394759992235,500,MHb.2/Oligo,NA
5,MHb.2,-7.724997788481673,500,MHb.2/Oligo,NA
1,MHb.2/Oligo,3.879887257259355,500,MHb.2/Oligo,NA
2,MHb.2/Oligo,3.4180887279300873,500,MHb.2/Oligo,NA
3,MHb.2/Oligo,4.275329821326735,500,MHb.2/Oligo,NA
4,MHb.2/Oligo,3.9581843827882697,500,MHb.2/Oligo,NA
5,MHb.2/Oligo,3.570527940076753,500,MHb.2/Oligo,NA
1,Oligo,-3.0690979200190163,500,MHb.2/Oligo,NA
2,Oligo,-1.227446016292511,500,MHb.2/Oligo,NA
3,Oligo,0.579456986379749,500,MHb.2/Oligo,NA
4,Oligo,-1.3187408029960719,500,MHb.2/Oligo,NA
5,Oligo,-3.0690979200190163,500,MHb.2/Oligo,NA
1,OPC,-7.432000758982264,500,MHb.2/Oligo,NA
2,OPC,-6.132976771025175,500,MHb.2/Oligo,NA
3,OPC,-5.290536153596494,500,MHb.2/Oligo,NA
4,OPC,-4.938114277027422,500,MHb.2/Oligo,NA
5,OPC,-7.481571207350874,500,MHb.2/Oligo,NA
1,Astrocyte,-5.858958887957946,1000,MHb.2/Oligo,NA
2,Astrocyte,-5.160330634358174,1000,MHb.2/Oligo,NA
3,Astrocyte,-4.513570879532052,1000,MHb.2/Oligo,NA
4,Astrocyte,-3.0301991372527324,1000,MHb.2/Oligo,NA
5,Astrocyte,-3.1748489879357513,1000,MHb.2/Oligo,NA
1,Endo,-12.75267336529493,1000,MHb.2/Oligo,NA
2,Endo,-5.79071112101911,1000,MHb.2/Oligo,NA
3,Endo,-7.832810098604202,1000,MHb.2/Oligo,NA
4,Endo,-9.70062059323304,1000,MHb.2/Oligo,NA
5,Endo,-12.931959359624315,1000,MHb.2/Oligo,NA
1,Excit.Thal,-16.44535406298489,1000,MHb.2/Oligo,NA
2,Excit.Thal,-7.703401140752957,1000,MHb.2/Oligo,NA
3,Excit.Thal,-11.908154464677471,1000,MHb.2/Oligo,NA
4,Excit.Thal,-15.943949776713763,1000,MHb.2/Oligo,NA
5,Excit.Thal,-17.024036972849924,1000,MHb.2/Oligo,NA
1,LHb.4,-12.06136672808523,1000,MHb.2/Oligo,NA
2,LHb.4,-5.865365326950168,1000,MHb.2/Oligo,NA
3,LHb.4,-8.384760046235568,1000,MHb.2/Oligo,NA
4,LHb.4,-12.265988829162882,1000,MHb.2/Oligo,NA
5,LHb.4,-13.284098818435488,1000,MHb.2/Oligo,NA
1,LHb.7,-4.605271716781848,1000,MHb.2/Oligo,NA
2,LHb.7,-2.605094727522827,1000,MHb.2/Oligo,NA
3,LHb.7,-4.49177452012041,1000,MHb.2/Oligo,NA
4,LHb.7,-5.694228587764606,1000,MHb.2/Oligo,NA
5,LHb.7,-6.70931196856564,1000,MHb.2/Oligo,NA
1,MHb.1,29.39920495382838,1000,MHb.2/Oligo,NA
2,MHb.1,13.70592941518633,1000,MHb.2/Oligo,NA
3,MHb.1,19.84017980425866,1000,MHb.2/Oligo,NA
4,MHb.1,28.24422384016658,1000,MHb.2/Oligo,NA
5,MHb.1,32.807332080838364,1000,MHb.2/Oligo,NA
1,MHb.2,-7.724997788481673,1000,MHb.2/Oligo,NA
2,MHb.2,-6.553950527820945,1000,MHb.2/Oligo,NA
3,MHb.2,-8.308646120098405,1000,MHb.2/Oligo,NA
4,MHb.2,-10.679845630103872,1000,MHb.2/Oligo,NA
5,MHb.2,-9.006091784344761,1000,MHb.2/Oligo,NA
1,MHb.2/Oligo,5.612513519812344,1000,MHb.2/Oligo,NA
2,MHb.2/Oligo,3.724450042533028,1000,MHb.2/Oligo,NA
3,MHb.2/Oligo,4.436339015296645,1000,MHb.2/Oligo,NA
4,MHb.2/Oligo,5.01330635950276,1000,MHb.2/Oligo,NA
5,MHb.2/Oligo,5.438933221746351,1000,MHb.2/Oligo,NA
1,Oligo,-8.964346564032713,1000,MHb.2/Oligo,NA
2,Oligo,-1.498883636713088,1000,MHb.2/Oligo,NA
3,Oligo,-5.0320326109996785,1000,MHb.2/Oligo,NA
4,Oligo,-9.336788190547923,1000,MHb.2/Oligo,NA
5,Oligo,-12.438297819589122,1000,MHb.2/Oligo,NA
1,OPC,-12.21974569340201,1000,MHb.2/Oligo,NA
2,OPC,-5.290536153596494,1000,MHb.2/Oligo,NA
3,OPC,-7.823911711369328,1000,MHb.2/Oligo,NA
4,OPC,-12.439226990595186,1000,MHb.2/Oligo,NA
5,OPC,-14.566924847754029,1000,MHb.2/Oligo,NA
1,Astrocyte,-6.829389951529604,5000,MHb.2/Oligo,NA
2,Astrocyte,-6.829389951529604,5000,MHb.2/Oligo,NA
3,Astrocyte,-8.10739825758937,5000,MHb.2/Oligo,NA
4,Astrocyte,-7.459457451416347,5000,MHb.2/Oligo,NA
5,Astrocyte,-7.177536680927785,5000,MHb.2/Oligo,NA
1,Endo,-16.793820202020044,5000,MHb.2/Oligo,NA
2,Endo,-17.345603464598476,5000,MHb.2/Oligo,NA
3,Endo,-16.093493553962897,5000,MHb.2/Oligo,NA
4,Endo,-14.311644804047729,5000,MHb.2/Oligo,NA
5,Endo,-14.262341056957364,5000,MHb.2/Oligo,NA
1,Excit.Thal,-21.37866455175498,5000,MHb.2/Oligo,NA
2,Excit.Thal,-21.69723022233513,5000,MHb.2/Oligo,NA
3,Excit.Thal,-22.512317117822096,5000,MHb.2/Oligo,NA
4,Excit.Thal,-19.826188972113478,5000,MHb.2/Oligo,NA
5,Excit.Thal,-18.72130335136848,5000,MHb.2/Oligo,NA
1,LHb.4,-14.896972815140217,5000,MHb.2/Oligo,NA
2,LHb.4,-14.964994221650189,5000,MHb.2/Oligo,NA
3,LHb.4,-14.517714400013864,5000,MHb.2/Oligo,NA
4,LHb.4,-14.517714400013864,5000,MHb.2/Oligo,NA
5,LHb.4,-12.626779033363867,5000,MHb.2/Oligo,NA
1,LHb.7,-7.982405730939998,5000,MHb.2/Oligo,NA
2,LHb.7,-7.93701902198257,5000,MHb.2/Oligo,NA
3,LHb.7,-6.807222930855999,5000,MHb.2/Oligo,NA
4,LHb.7,-9.330844397900767,5000,MHb.2/Oligo,NA
5,LHb.7,-5.375900205941695,5000,MHb.2/Oligo,NA
1,MHb.1,41.380859388417186,5000,MHb.2/Oligo,NA
2,MHb.1,42.75993714007972,5000,MHb.2/Oligo,NA
3,MHb.1,42.775413279112634,5000,MHb.2/Oligo,NA
4,MHb.1,37.71901304268108,5000,MHb.2/Oligo,NA
5,MHb.1,35.31381839146968,5000,MHb.2/Oligo,NA
1,MHb.2,-3.4016995516947803,5000,MHb.2/Oligo,NA
2,MHb.2,-4.197839973367803,5000,MHb.2/Oligo,NA
3,MHb.2,-4.824969352592898,5000,MHb.2/Oligo,NA
4,MHb.2,-6.348098845748469,5000,MHb.2/Oligo,NA
5,MHb.2,-6.6222243062856085,5000,MHb.2/Oligo,NA
1,MHb.2/Oligo,6.791149985444505,5000,MHb.2/Oligo,NA
2,MHb.2/Oligo,6.791149985444505,5000,MHb.2/Oligo,NA
3,MHb.2/Oligo,6.603821962735667,5000,MHb.2/Oligo,NA
4,MHb.2/Oligo,5.965640904183989,5000,MHb.2/Oligo,NA
5,MHb.2/Oligo,6.0552020390156995,5000,MHb.2/Oligo,NA
1,Oligo,-17.9144961484154,5000,MHb.2/Oligo,NA
2,Oligo,-18.636115297985977,5000,MHb.2/Oligo,NA
3,Oligo,-18.663417281136567,5000,MHb.2/Oligo,NA
4,Oligo,-13.669248457875776,5000,MHb.2/Oligo,NA
5,Oligo,-14.95110816375545,5000,MHb.2/Oligo,NA
1,OPC,-16.219902686720577,5000,MHb.2/Oligo,NA
2,OPC,-16.339524387879518,5000,MHb.2/Oligo,NA
3,OPC,-16.249870457952838,5000,MHb.2/Oligo,NA
4,OPC,-14.206298044843056,5000,MHb.2/Oligo,NA
5,OPC,-13.838889597830338,5000,MHb.2/Oligo,NA
1,Astrocyte,0.9299882619296234,100,Oligo,NA
2,Astrocyte,1.0573084975392995,100,Oligo,NA
3,Astrocyte,1.2061983749710228,100,Oligo,NA
4,Astrocyte,1.5693705890011642,100,Oligo,NA
5,Astrocyte,1.4623210948461203,100,Oligo,NA
1,Endo,0.3239874706774444,100,Oligo,NA
2,Endo,0.949276114474472,100,Oligo,NA
3,Endo,0.7964487829227944,100,Oligo,NA
4,Endo,0.6895921767442915,100,Oligo,NA
5,Endo,1.0257672880193505,100,Oligo,NA
1,Excit.Thal,-0.3472268004423383,100,Oligo,NA
2,Excit.Thal,-0.49311846310801677,100,Oligo,NA
3,Excit.Thal,0.9046265572807626,100,Oligo,NA
4,Excit.Thal,0.22083342010027968,100,Oligo,NA
5,Excit.Thal,-0.4019697715143809,100,Oligo,NA
1,LHb.4,-0.02393046343253958,100,Oligo,NA
2,LHb.4,0.13533396725011276,100,Oligo,NA
3,LHb.4,-0.4457468004360548,100,Oligo,NA
4,LHb.4,-0.7593987103448062,100,Oligo,NA
5,LHb.4,-1.4824689883065694,100,Oligo,NA
1,LHb.7,0.7383948830819681,100,Oligo,NA
2,LHb.7,0.3530190919017194,100,Oligo,NA
3,LHb.7,-0.32629596152687296,100,Oligo,NA
4,LHb.7,0.5727899992289038,100,Oligo,NA
5,LHb.7,0.2435731380178752,100,Oligo,NA
1,MHb.1,-1.9686951818776288,100,Oligo,NA
2,MHb.1,-2.199450357817941,100,Oligo,NA
3,MHb.1,-2.199450357817941,100,Oligo,NA
4,MHb.1,-1.9224845421403638,100,Oligo,NA
5,MHb.1,-1.9224845421403638,100,Oligo,NA
1,MHb.2,-3.389648466955164,100,Oligo,NA
2,MHb.2,-2.3414163309806413,100,Oligo,NA
3,MHb.2,-1.9415771246060862,100,Oligo,NA
4,MHb.2,-2.497349769627251,100,Oligo,NA
5,MHb.2,-3.389648466955164,100,Oligo,NA
1,MHb.2/Oligo,1.249235882512081,100,Oligo,NA
2,MHb.2/Oligo,0.7353545347366798,100,Oligo,NA
3,MHb.2/Oligo,0.6115740453647077,100,Oligo,NA
4,MHb.2/Oligo,-0.20859888458038225,100,Oligo,NA
5,MHb.2/Oligo,0.6115740453647077,100,Oligo,NA
1,Oligo,1.1499307774899004,100,Oligo,NA
2,Oligo,1.0099145423975207,100,Oligo,NA
3,Oligo,0.9749478164721526,100,Oligo,NA
4,Oligo,0.8701369305897131,100,Oligo,NA
5,Oligo,1.1499307774899004,100,Oligo,NA
1,OPC,0.4130290171537914,100,Oligo,NA
2,OPC,0.012526350078108244,100,Oligo,NA
3,OPC,-0.6046673731599134,100,Oligo,NA
4,OPC,-0.4290384886262476,100,Oligo,NA
5,OPC,0.5919866009443633,100,Oligo,NA
1,Astrocyte,1.4195561039147593,200,Oligo,NA
2,Astrocyte,1.2914482600027137,200,Oligo,NA
3,Astrocyte,1.5051173738111738,200,Oligo,NA
4,Astrocyte,1.6336945414838797,200,Oligo,NA
5,Astrocyte,2.1075845211581354,200,Oligo,NA
1,Endo,1.4243601005664854,200,Oligo,NA
2,Endo,1.056378266890263,200,Oligo,NA
3,Endo,2.1948933390614145,200,Oligo,NA
4,Endo,1.8397870942763042,200,Oligo,NA
5,Endo,1.778144881132674,200,Oligo,NA
1,Excit.Thal,-1.0557636608863037,200,Oligo,NA
2,Excit.Thal,-0.7658962418424522,200,Oligo,NA
3,Excit.Thal,-0.5659570116761276,200,Oligo,NA
4,Excit.Thal,-0.7295835436562612,200,Oligo,NA
5,Excit.Thal,-0.4748976692511144,200,Oligo,NA
1,LHb.4,0.05562717220540924,200,Oligo,NA
2,LHb.4,-0.7854330316473327,200,Oligo,NA
3,LHb.4,-1.6613594268301366,200,Oligo,NA
4,LHb.4,-0.15619691632324864,200,Oligo,NA
5,LHb.4,-0.18260099254280687,200,Oligo,NA
1,LHb.7,2.0308974928648604,200,Oligo,NA
2,LHb.7,1.6048922305765323,200,Oligo,NA
3,LHb.7,0.2435731380178752,200,Oligo,NA
4,LHb.7,0.9046728340882743,200,Oligo,NA
5,LHb.7,0.13441765081316748,200,Oligo,NA
1,MHb.1,-5.394800095287104,200,Oligo,NA
2,MHb.1,-2.9040365524505196,200,Oligo,NA
3,MHb.1,-2.751255145386939,200,Oligo,NA
4,MHb.1,-3.9978037478786255,200,Oligo,NA
5,MHb.1,-4.841090897753209,200,Oligo,NA
1,MHb.2,-4.673774583433265,200,Oligo,NA
2,MHb.2,-6.177270200165454,200,Oligo,NA
3,MHb.2,-6.177270200165454,200,Oligo,NA
4,MHb.2,-6.06348642515901,200,Oligo,NA
5,MHb.2,-6.177270200165454,200,Oligo,NA
1,MHb.2/Oligo,1.382720464848495,200,Oligo,NA
2,MHb.2/Oligo,0.8609492387286012,200,Oligo,NA
3,MHb.2/Oligo,1.249235882512081,200,Oligo,NA
4,MHb.2/Oligo,1.249235882512081,200,Oligo,NA
5,MHb.2/Oligo,1.382720464848495,200,Oligo,NA
1,Oligo,3.4236755952333464,200,Oligo,NA
2,Oligo,2.902878097963938,200,Oligo,NA
3,Oligo,2.634823311816577,200,Oligo,NA
4,Oligo,2.5634928088402495,200,Oligo,NA
5,Oligo,3.622112370086465,200,Oligo,NA
1,OPC,0.6592490041029423,200,Oligo,NA
2,OPC,-0.36303164531901044,200,Oligo,NA
3,OPC,-0.5827446266241381,200,Oligo,NA
4,OPC,0.034699022233991454,200,Oligo,NA
5,OPC,-0.07607389777462935,200,Oligo,NA
1,Astrocyte,-0.037113312750498735,500,Oligo,NA
2,Astrocyte,0.2555526617321794,500,Oligo,NA
3,Astrocyte,1.3768223410040503,500,Oligo,NA
4,Astrocyte,1.2701241639438592,500,Oligo,NA
5,Astrocyte,0.824098159784877,500,Oligo,NA
1,Endo,3.282722643511979,500,Oligo,NA
2,Endo,2.8618561045864412,500,Oligo,NA
3,Endo,3.454652272551163,500,Oligo,NA
4,Endo,4.397274238766436,500,Oligo,NA
5,Endo,4.650037734144202,500,Oligo,NA
1,Excit.Thal,0.6081498816590434,500,Oligo,NA
2,Excit.Thal,1.1650336926472158,500,Oligo,NA
3,Excit.Thal,0.5157463454247587,500,Oligo,NA
4,Excit.Thal,0.2576329655507108,500,Oligo,NA
5,Excit.Thal,0.16566853564525705,500,Oligo,NA
1,LHb.4,0.9407597491986809,500,Oligo,NA
2,LHb.4,0.7784418162254614,500,Oligo,NA
3,LHb.4,-0.7854330316473327,500,Oligo,NA
4,LHb.4,-0.7072826128594956,500,Oligo,NA
5,LHb.4,0.7784418162254614,500,Oligo,NA
1,LHb.7,1.9168565987506099,500,Oligo,NA
2,LHb.7,1.183316677267554,500,Oligo,NA
3,LHb.7,2.0308974928648604,500,Oligo,NA
4,LHb.7,2.3749675429021853,500,Oligo,NA
5,LHb.7,1.661434548284096,500,Oligo,NA
1,MHb.1,-7.788081106590504,500,Oligo,NA
2,MHb.1,-7.524583183780686,500,Oligo,NA
3,MHb.1,-7.992617615235752,500,Oligo,NA
4,MHb.1,-8.63316144518082,500,Oligo,NA
5,MHb.1,-9.457900133921072,500,Oligo,NA
1,MHb.2,-9.993769279196217,500,Oligo,NA
2,MHb.2,-9.602805227390316,500,Oligo,NA
3,MHb.2,-11.887228164447517,500,Oligo,NA
4,MHb.2,-12.702067399321061,500,Oligo,NA
5,MHb.2,-13.059766836922654,500,Oligo,NA
1,MHb.2/Oligo,1.5183522997353718,500,Oligo,NA
2,MHb.2/Oligo,1.796371204286734,500,Oligo,NA
3,MHb.2/Oligo,1.382720464848495,500,Oligo,NA
4,MHb.2/Oligo,1.1178251155508854,500,Oligo,NA
5,MHb.2/Oligo,1.382720464848495,500,Oligo,NA
1,Oligo,4.859978607159431,500,Oligo,NA
2,Oligo,4.65841238545552,500,Oligo,NA
3,Oligo,5.578837464775884,500,Oligo,NA
4,Oligo,6.660372462964635,500,Oligo,NA
5,Oligo,6.360501710304307,500,Oligo,NA
1,OPC,0.9742558444907301,500,Oligo,NA
2,OPC,0.9065989127157742,500,Oligo,NA
3,OPC,1.2230633255138523,500,Oligo,NA
4,OPC,0.19016203791964328,500,Oligo,NA
5,OPC,1.5414081174648084,500,Oligo,NA
1,Astrocyte,2.3025671754835457,1000,Oligo,NA
2,Astrocyte,2.8257534292231643,1000,Oligo,NA
3,Astrocyte,3.486486233539435,1000,Oligo,NA
4,Astrocyte,-0.9476746905244801,1000,Oligo,NA
5,Astrocyte,1.1423421793830275,1000,Oligo,NA
1,Endo,8.090243306138895,1000,Oligo,NA
2,Endo,4.239598452599942,1000,Oligo,NA
3,Endo,7.584797882385422,1000,Oligo,NA
4,Endo,7.049454914205157,1000,Oligo,NA
5,Endo,9.191285536547916,1000,Oligo,NA
1,Excit.Thal,5.1888465870730895,1000,Oligo,NA
2,Excit.Thal,1.0905367691453927,1000,Oligo,NA
3,Excit.Thal,2.5002511516334476,1000,Oligo,NA
4,Excit.Thal,6.341940123384822,1000,Oligo,NA
5,Excit.Thal,6.482416810743571,1000,Oligo,NA
1,LHb.4,2.8541071389395,1000,Oligo,NA
2,LHb.4,-0.18260099254280687,1000,Oligo,NA
3,LHb.4,0.9678736370440775,1000,Oligo,NA
4,LHb.4,4.239311347668867,1000,Oligo,NA
5,LHb.4,4.681992607273822,1000,Oligo,NA
1,LHb.7,3.841260272845145,1000,Oligo,NA
2,LHb.7,2.8092363868970067,1000,Oligo,NA
3,LHb.7,3.7517450096141567,1000,Oligo,NA
4,LHb.7,4.322121765548571,1000,Oligo,NA
5,LHb.7,5.426005496624671,1000,Oligo,NA
1,MHb.1,-21.95424064501629,1000,Oligo,NA
2,MHb.1,-9.544388621210587,1000,Oligo,NA
3,MHb.1,-16.06022622652259,1000,Oligo,NA
4,MHb.1,-22.794804719790115,1000,Oligo,NA
5,MHb.1,-27.930122278273082,1000,Oligo,NA
1,MHb.2,-14.057268443992173,1000,Oligo,NA
2,MHb.2,-15.254833645825874,1000,Oligo,NA
3,MHb.2,-16.73342615330351,1000,Oligo,NA
4,MHb.2,-11.029426160454886,1000,Oligo,NA
5,MHb.2,-14.12403821472883,1000,Oligo,NA
1,MHb.2/Oligo,-1.5555517309515237,1000,Oligo,NA
2,MHb.2/Oligo,-0.6449848221064933,1000,Oligo,NA
3,MHb.2/Oligo,-0.5378838831950866,1000,Oligo,NA
4,MHb.2/Oligo,-0.9588014592276101,1000,Oligo,NA
5,MHb.2/Oligo,-1.8399726099014118,1000,Oligo,NA
1,Oligo,9.199790781378452,1000,Oligo,NA
2,Oligo,6.9802728877429665,1000,Oligo,NA
3,Oligo,7.928995519709851,1000,Oligo,NA
4,Oligo,10.19675232735178,1000,Oligo,NA
5,Oligo,12.841542561346577,1000,Oligo,NA
1,OPC,4.303477102085858,1000,Oligo,NA
2,OPC,0.07907156592745572,1000,Oligo,NA
3,OPC,1.7241747735320607,1000,Oligo,NA
4,OPC,4.786421274731346,1000,Oligo,NA
5,OPC,6.538403432107555,1000,Oligo,NA
1,Astrocyte,7.075716579312827,5000,Oligo,NA
2,Astrocyte,6.699232871964574,5000,Oligo,NA
3,Astrocyte,5.5159050119954465,5000,Oligo,NA
4,Astrocyte,4.9675744928723224,5000,Oligo,NA
5,Astrocyte,4.854007290773457,5000,Oligo,NA
1,Endo,17.175318491860555,5000,Oligo,NA
2,Endo,17.805788285999935,5000,Oligo,NA
3,Endo,15.803240241521603,5000,Oligo,NA
4,Endo,12.637512034595186,5000,Oligo,NA
5,Endo,13.031834055264222,5000,Oligo,NA
1,Excit.Thal,16.126690083812125,5000,Oligo,NA
2,Excit.Thal,15.478669078871727,5000,Oligo,NA
3,Excit.Thal,14.609658099360141,5000,Oligo,NA
4,Excit.Thal,11.484082192629836,5000,Oligo,NA
5,Excit.Thal,10.709523012853122,5000,Oligo,NA
1,LHb.4,8.573892996562549,5000,Oligo,NA
2,LHb.4,8.475878144926485,5000,Oligo,NA
3,LHb.4,6.908494060605628,5000,Oligo,NA
4,LHb.4,7.0656206054272195,5000,Oligo,NA
5,LHb.4,6.132014681881338,5000,Oligo,NA
1,LHb.7,9.6270421715682,5000,Oligo,NA
2,LHb.7,9.384964766827814,5000,Oligo,NA
3,LHb.7,8.398215873735378,5000,Oligo,NA
4,LHb.7,8.83738584461045,5000,Oligo,NA
5,LHb.7,6.529964476768587,5000,Oligo,NA
1,MHb.1,-48.31118178655993,5000,Oligo,NA
2,MHb.1,-48.25224207426165,5000,Oligo,NA
3,MHb.1,-45.0574488904006,5000,Oligo,NA
4,MHb.1,-37.27979966611135,5000,Oligo,NA
5,MHb.1,-38.34979928332205,5000,Oligo,NA
1,MHb.2,-22.694182227887513,5000,Oligo,NA
2,MHb.2,-22.918219286639946,5000,Oligo,NA
3,MHb.2,-20.487354374591096,5000,Oligo,NA
4,MHb.2,-19.8656338223849,5000,Oligo,NA
5,MHb.2,-19.510166337751105,5000,Oligo,NA
1,MHb.2/Oligo,-3.8529050128479634,5000,Oligo,NA
2,MHb.2/Oligo,-3.5449169901032223,5000,Oligo,NA
3,MHb.2/Oligo,-3.1460142435724343,5000,Oligo,NA
4,MHb.2/Oligo,-1.9328748635578636,5000,Oligo,NA
5,MHb.2/Oligo,-1.6513338959172417,5000,Oligo,NA
1,Oligo,23.105733576465113,5000,Oligo,NA
2,Oligo,23.795558972230683,5000,Oligo,NA
3,Oligo,22.189144050763375,5000,Oligo,NA
4,Oligo,15.01661719171288,5000,Oligo,NA
5,Oligo,19.444629629545407,5000,Oligo,NA
1,OPC,9.644539887880205,5000,Oligo,NA
2,OPC,9.404769222550769,5000,Oligo,NA
3,OPC,8.5614929197531,5000,Oligo,NA
4,OPC,7.706508685596459,5000,Oligo,NA
5,OPC,7.322633096163366,5000,Oligo,NA
1,Astrocyte,-1.871147234926969,100,OPC,NA
2,Astrocyte,-1.7398639368721087,100,OPC,NA
3,Astrocyte,-0.9896480805795316,100,OPC,NA
4,Astrocyte,-2.1544757446688774,100,OPC,NA
5,Astrocyte,-1.8492894424717072,100,OPC,NA
1,Endo,0.04678299011170397,100,OPC,NA
2,Endo,-0.17416240063515695,100,OPC,NA
3,Endo,-0.4974350162653019,100,OPC,NA
4,Endo,-0.7173202064167435,100,OPC,NA
5,Endo,-0.9952322447369351,100,OPC,NA
1,Excit.Thal,0.9043845680414925,100,OPC,NA
2,Excit.Thal,1.1245683022717878,100,OPC,NA
3,Excit.Thal,0.6847831065721827,100,OPC,NA
4,Excit.Thal,0.7354089237533569,100,OPC,NA
5,Excit.Thal,0.8874715335406929,100,OPC,NA
1,LHb.4,0.5101159603356755,100,OPC,NA
2,LHb.4,0.6663304736506813,100,OPC,NA
3,LHb.4,0.3765820829495837,100,OPC,NA
4,LHb.4,0.3321451179750131,100,OPC,NA
5,LHb.4,0.9352010932759389,100,OPC,NA
1,LHb.7,1.449952810112277,100,OPC,NA
2,LHb.7,0.9346942947305145,100,OPC,NA
3,LHb.7,1.0813398315270357,100,OPC,NA
4,LHb.7,1.2775758954538015,100,OPC,NA
5,LHb.7,1.3759999840092052,100,OPC,NA
1,MHb.1,0.5584463819151034,100,OPC,NA
2,MHb.1,0.15407429383575544,100,OPC,NA
3,MHb.1,0.18192289995345856,100,OPC,NA
4,MHb.1,0.6422624401527119,100,OPC,NA
5,MHb.1,0.7540992154949129,100,OPC,NA
1,MHb.2,-2.911305968506555,100,OPC,NA
2,MHb.2,-2.35216325080626,100,OPC,NA
3,MHb.2,-2.4943370027218252,100,OPC,NA
4,MHb.2,-1.8411337951946103,100,OPC,NA
5,MHb.2,-2.84277568355524,100,OPC,NA
1,MHb.2/Oligo,0.29516874385242364,100,OPC,NA
2,MHb.2/Oligo,-0.2710919849521061,100,OPC,NA
3,MHb.2/Oligo,0.29516874385242364,100,OPC,NA
4,MHb.2/Oligo,-0.4058900620956737,100,OPC,NA
5,MHb.2/Oligo,0.29516874385242364,100,OPC,NA
1,Oligo,-2.1016977383679594,100,OPC,NA
2,Oligo,-1.4452672839992964,100,OPC,NA
3,Oligo,-1.0390327439048712,100,OPC,NA
4,Oligo,-0.5432047764880482,100,OPC,NA
5,Oligo,-1.4878544470084452,100,OPC,NA
1,OPC,0.6862367809202247,100,OPC,NA
2,OPC,0.758436073141402,100,OPC,NA
3,OPC,0.7223275747371729,100,OPC,NA
4,OPC,0.7042799662760004,100,OPC,NA
5,OPC,0.8849555932971471,100,OPC,NA
1,Astrocyte,-3.166338812239334,200,OPC,NA
2,Astrocyte,-4.075563618996726,200,OPC,NA
3,Astrocyte,-5.544133430594722,200,OPC,NA
4,Astrocyte,-4.054592728692073,200,OPC,NA
5,Astrocyte,-3.675712513601794,200,OPC,NA
1,Endo,-0.4974350162653019,200,OPC,NA
2,Endo,-1.2724689784456538,200,OPC,NA
3,Endo,-1.3016127514908653,200,OPC,NA
4,Endo,-0.8490473086861533,200,OPC,NA
5,Endo,-0.541446167211992,200,OPC,NA
1,Excit.Thal,2.6307114443387234,200,OPC,NA
2,Excit.Thal,2.3720182456950543,200,OPC,NA
3,Excit.Thal,2.2000103282351646,200,OPC,NA
4,Excit.Thal,2.544389163457193,200,OPC,NA
5,Excit.Thal,2.76901771538372,200,OPC,NA
1,LHb.4,2.6474504115960054,200,OPC,NA
2,LHb.4,1.295832731465671,200,OPC,NA
3,LHb.4,1.8414469770241895,200,OPC,NA
4,LHb.4,1.6589461063731352,200,OPC,NA
5,LHb.4,2.2083647447193786,200,OPC,NA
1,LHb.7,2.9030609038118453,200,OPC,NA
2,LHb.7,3.0304687792126583,200,OPC,NA
3,LHb.7,2.5229137986227252,200,OPC,NA
4,LHb.7,2.396882677545669,200,OPC,NA
5,LHb.7,1.8961216369271148,200,OPC,NA
1,MHb.1,-2.27455481017042,200,OPC,NA
2,MHb.1,-0.23520252117287196,200,OPC,NA
3,MHb.1,1.1182199078953372,200,OPC,NA
4,MHb.1,-0.2074342556321159,200,OPC,NA
5,MHb.1,-0.7478920575173764,200,OPC,NA
1,MHb.2,-5.887976871583744,200,OPC,NA
2,MHb.2,-5.778681626850231,200,OPC,NA
3,MHb.2,-3.44647117997922,200,OPC,NA
4,MHb.2,-3.380804525602045,200,OPC,NA
5,MHb.2,-5.72370542118511,200,OPC,NA
1,MHb.2/Oligo,-0.6681499720592927,200,OPC,NA
2,MHb.2/Oligo,-0.7958089969088353,200,OPC,NA
3,MHb.2/Oligo,-0.4058900620956737,200,OPC,NA
4,MHb.2/Oligo,0.29516874385242364,200,OPC,NA
5,MHb.2/Oligo,-0.2710919849521061,200,OPC,NA
1,Oligo,-3.2681632249016057,200,OPC,NA
2,Oligo,-2.6254620888873625,200,OPC,NA
3,Oligo,-3.020251716806927,200,OPC,NA
4,Oligo,-3.49445647825761,200,OPC,NA
5,Oligo,-3.206288150012617,200,OPC,NA
1,OPC,3.6503156012671427,200,OPC,NA
2,OPC,3.3689594675908,200,OPC,NA
3,OPC,2.6055055058211063,200,OPC,NA
4,OPC,2.6425598050585184,200,OPC,NA
5,OPC,2.8652865650189123,200,OPC,NA
1,Astrocyte,-5.0315405723702344,500,OPC,NA
2,Astrocyte,-4.866488841709997,500,OPC,NA
3,Astrocyte,-3.65458506833156,500,OPC,NA
4,Astrocyte,-4.0126264472203035,500,OPC,NA
5,Astrocyte,-5.257673852076457,500,OPC,NA
1,Endo,0.0025592049736283084,500,OPC,NA
2,Endo,0.6381059856089975,500,OPC,NA
3,Endo,1.9501974102312047,500,OPC,NA
4,Endo,1.4862025989038274,500,OPC,NA
5,Endo,1.9501974102312047,500,OPC,NA
1,Excit.Thal,5.981502270801922,500,OPC,NA
2,Excit.Thal,5.927483163320064,500,OPC,NA
3,Excit.Thal,4.147631385906094,500,OPC,NA
4,Excit.Thal,3.1853549339789695,500,OPC,NA
5,Excit.Thal,4.801538008359956,500,OPC,NA
1,LHb.4,5.633093594086075,500,OPC,NA
2,LHb.4,4.852052100650053,500,OPC,NA
3,LHb.4,4.345918308320674,500,OPC,NA
4,LHb.4,5.119185061933298,500,OPC,NA
5,LHb.4,5.4367053788493465,500,OPC,NA
1,LHb.7,4.8785730421189415,500,OPC,NA
2,LHb.7,3.932255068089052,500,OPC,NA
3,LHb.7,6.308434584521698,500,OPC,NA
4,LHb.7,7.558996238979764,500,OPC,NA
5,LHb.7,6.418199990945965,500,OPC,NA
1,MHb.1,-7.473082439126648,500,OPC,NA
2,MHb.1,-6.970636602028636,500,OPC,NA
3,MHb.1,-7.1691681516931025,500,OPC,NA
4,MHb.1,-6.612624113122071,500,OPC,NA
5,MHb.1,-7.842254450963824,500,OPC,NA
1,MHb.2,-9.566026376958042,500,OPC,NA
2,MHb.2,-8.604593910742686,500,OPC,NA
3,MHb.2,-12.147881285580237,500,OPC,NA
4,MHb.2,-13.306513389211231,500,OPC,NA
5,MHb.2,-14.13783760181448,500,OPC,NA
1,MHb.2/Oligo,-0.6681499720592927,500,OPC,NA
2,MHb.2/Oligo,-1.0446354185948115,500,OPC,NA
3,MHb.2/Oligo,-1.1659675935214107,500,OPC,NA
4,MHb.2/Oligo,-0.538208847827975,500,OPC,NA
5,MHb.2/Oligo,-1.1659675935214107,500,OPC,NA
1,Oligo,-4.046076503299122,500,OPC,NA
2,Oligo,-4.167930483917573,500,OPC,NA
3,Oligo,-5.01366721343128,500,OPC,NA
4,Oligo,-4.592369412285467,500,OPC,NA
5,Oligo,-4.0054001289359595,500,OPC,NA
1,OPC,6.841134795009563,500,OPC,NA
2,OPC,6.234114494698579,500,OPC,NA
3,OPC,6.86080486893741,500,OPC,NA
4,OPC,6.683975093358739,500,OPC,NA
5,OPC,7.851530019875745,500,OPC,NA
1,Astrocyte,-2.457906716651417,1000,OPC,NA
2,Astrocyte,-3.9916310393895307,1000,OPC,NA
3,Astrocyte,-4.763076681168452,1000,OPC,NA
4,Astrocyte,-5.930522745990054,1000,OPC,NA
5,Astrocyte,-2.9312421735071967,1000,OPC,NA
1,Endo,7.380410225998166,1000,OPC,NA
2,Endo,2.642351667538611,1000,OPC,NA
3,Endo,4.361705488198471,1000,OPC,NA
4,Endo,5.797912345991687,1000,OPC,NA
5,Endo,7.9980577088576545,1000,OPC,NA
1,Excit.Thal,10.62091018487664,1000,OPC,NA
2,Excit.Thal,5.981502270801922,1000,OPC,NA
3,Excit.Thal,7.399249999849241,1000,OPC,NA
4,Excit.Thal,11.120037932571549,1000,OPC,NA
5,Excit.Thal,11.972379670517885,1000,OPC,NA
1,LHb.4,9.704864308083202,1000,OPC,NA
2,LHb.4,6.276667945298849,1000,OPC,NA
3,LHb.4,8.025676815793522,1000,OPC,NA
4,LHb.4,10.34963867206089,1000,OPC,NA
5,LHb.4,10.593639113502821,1000,OPC,NA
1,LHb.7,6.91547657174467,1000,OPC,NA
2,LHb.7,7.362163046887577,1000,OPC,NA
3,LHb.7,8.326438281161643,1000,OPC,NA
4,LHb.7,8.585219338316504,1000,OPC,NA
5,LHb.7,10.021311899596038,1000,OPC,NA
1,MHb.1,-23.006808447715347,1000,OPC,NA
2,MHb.1,-9.179728450646685,1000,OPC,NA
3,MHb.1,-13.394392825071101,1000,OPC,NA
4,MHb.1,-24.202732385890986,1000,OPC,NA
5,MHb.1,-29.198499413206573,1000,OPC,NA
1,MHb.2,-17.730449496149614,1000,OPC,NA
2,MHb.2,-17.812168125437168,1000,OPC,NA
3,MHb.2,-19.02937419583499,1000,OPC,NA
4,MHb.2,-10.06662178842815,1000,OPC,NA
5,MHb.2,-15.639553048389871,1000,OPC,NA
1,MHb.2/Oligo,-4.693842587274743,1000,OPC,NA
2,MHb.2/Oligo,-2.8826946931967643,1000,OPC,NA
3,MHb.2/Oligo,-2.7857643503023146,1000,OPC,NA
4,MHb.2/Oligo,-3.4411670294429073,1000,OPC,NA
5,MHb.2/Oligo,-4.6157256016748835,1000,OPC,NA
1,Oligo,-2.9166301493224993,1000,OPC,NA
2,Oligo,-5.491382651379703,1000,OPC,NA
3,Oligo,-3.8424012402308265,1000,OPC,NA
4,Oligo,-1.1890484756156772,1000,OPC,NA
5,Oligo,0.3740569469903613,1000,OPC,NA
1,OPC,14.606201746487983,1000,OPC,NA
2,OPC,9.36503466448194,1000,OPC,NA
3,OPC,10.041831083060682,1000,OPC,NA
4,OPC,13.013400402524544,1000,OPC,NA
5,OPC,15.99040103326283,1000,OPC,NA
1,Astrocyte,-0.7446041657380152,5000,OPC,NA
2,Astrocyte,-0.47595901858402123,5000,OPC,NA
3,Astrocyte,-1.7617672762094452,5000,OPC,NA
4,Astrocyte,-1.299864934724007,5000,OPC,NA
5,Astrocyte,-2.263044102798873,5000,OPC,NA
1,Endo,16.10623740986122,5000,OPC,NA
2,Endo,15.778730042926837,5000,OPC,NA
3,Endo,13.803572640539787,5000,OPC,NA
4,Endo,12.614560982516819,5000,OPC,NA
5,Endo,11.588115643700645,5000,OPC,NA
1,Excit.Thal,19.736890373812983,5000,OPC,NA
2,Excit.Thal,19.153385495391806,5000,OPC,NA
3,Excit.Thal,17.59956530440134,5000,OPC,NA
4,Excit.Thal,18.127856481465958,5000,OPC,NA
5,Excit.Thal,15.137166302154984,5000,OPC,NA
1,LHb.4,14.823367643101001,5000,OPC,NA
2,LHb.4,15.270689556018317,5000,OPC,NA
3,LHb.4,13.650724376788384,5000,OPC,NA
4,LHb.4,14.14556947208538,5000,OPC,NA
5,LHb.4,12.676148994438497,5000,OPC,NA
1,LHb.7,12.25200966147627,5000,OPC,NA
2,LHb.7,12.947386475768596,5000,OPC,NA
3,LHb.7,12.095517999270806,5000,OPC,NA
4,LHb.7,13.235123836210022,5000,OPC,NA
5,LHb.7,10.290250069654487,5000,OPC,NA
1,MHb.1,-43.72964626949768,5000,OPC,NA
2,MHb.1,-43.4348258761902,5000,OPC,NA
3,MHb.1,-40.1572624234394,5000,OPC,NA
4,MHb.1,-38.6698713817581,5000,OPC,NA
5,MHb.1,-33.61469913022296,5000,OPC,NA
1,MHb.2,-23.755254270416415,5000,OPC,NA
2,MHb.2,-23.904838937973793,5000,OPC,NA
3,MHb.2,-21.172649074295972,5000,OPC,NA
4,MHb.2,-22.59580972477521,5000,OPC,NA
5,MHb.2,-22.235854466990162,5000,OPC,NA
1,MHb.2/Oligo,-5.722246156662802,5000,OPC,NA
2,MHb.2/Oligo,-5.722246156662802,5000,OPC,NA
3,MHb.2/Oligo,-5.148777400534941,5000,OPC,NA
4,MHb.2/Oligo,-4.214399760235704,5000,OPC,NA
5,MHb.2/Oligo,-4.214399760235704,5000,OPC,NA
1,Oligo,5.601273827807147,5000,OPC,NA
2,Oligo,4.996644794807103,5000,OPC,NA
3,Oligo,3.223983984441981,5000,OPC,NA
4,Oligo,2.256911797923956,5000,OPC,NA
5,Oligo,1.7121393746635707,5000,OPC,NA
1,OPC,20.23642244245402,5000,OPC,NA
2,OPC,20.308868323619173,5000,OPC,NA
3,OPC,19.971504882932393,5000,OPC,NA
4,OPC,18.405101967946752,5000,OPC,NA
5,OPC,17.613113441006607,5000,OPC,NA
