perm,neighbor,Z,scale,reference,id
1,Astrocyte,0.9859852853503271,100,Astrocyte,NA
2,Astrocyte,0.8457827120385037,100,Astrocyte,NA
3,Astrocyte,0.8807877391595595,100,Astrocyte,NA
4,Astrocyte,1.6230282397380402,100,Astrocyte,NA
5,Astrocyte,1.7659868073179446,100,Astrocyte,NA
1,Endo,0.12742228764499564,100,Astrocyte,NA
2,Endo,0.39166366339045655,100,Astrocyte,NA
3,Endo,-0.1311133084115135,100,Astrocyte,NA
4,Endo,-0.9551099977464157,100,Astrocyte,NA
5,Endo,-0.5500710587620583,100,Astrocyte,NA
1,Excit.Thal,1.163772489591376,100,Astrocyte,NA
2,Excit.Thal,0.44330707131568403,100,Astrocyte,NA
3,Excit.Thal,-0.18310571372066792,100,Astrocyte,NA
4,Excit.Thal,0.6715150543057731,100,Astrocyte,NA
5,Excit.Thal,1.4307812610984165,100,Astrocyte,NA
1,LHb.4,0.34391072011219587,100,Astrocyte,NA
2,LHb.4,0.34391072011219587,100,Astrocyte,NA
3,LHb.4,0.01091101694185276,100,Astrocyte,NA
4,LHb.4,0.01091101694185276,100,Astrocyte,NA
5,LHb.4,0.01091101694185276,100,Astrocyte,NA
1,LHb.7,-0.06772802189152012,100,Astrocyte,NA
2,LHb.7,-0.26900992081883374,100,Astrocyte,NA
3,LHb.7,-0.30910944044188604,100,Astrocyte,NA
4,LHb.7,0.4618608443046713,100,Astrocyte,NA
5,LHb.7,-0.027313494069714814,100,Astrocyte,NA
1,MHb.1,-0.7666026553111114,100,Astrocyte,NA
2,MHb.1,-0.6445552828159944,100,Astrocyte,NA
3,MHb.1,-0.18083400915168377,100,Astrocyte,NA
4,MHb.1,-0.25404808091814685,100,Astrocyte,NA
5,MHb.1,-1.0595506952207383,100,Astrocyte,NA
1,MHb.2,-2.2568617780936195,100,Astrocyte,NA
2,MHb.2,-2.6356965958331804,100,Astrocyte,NA
3,MHb.2,-2.560892936908321,100,Astrocyte,NA
4,MHb.2,-2.930310544158326,100,Astrocyte,NA
5,MHb.2,-2.2568617780936195,100,Astrocyte,NA
1,MHb.2/Oligo,0.19223508855563368,100,Astrocyte,NA
2,MHb.2/Oligo,0.6264194899481696,100,Astrocyte,NA
3,MHb.2/Oligo,0.263726902719308,100,Astrocyte,NA
4,MHb.2/Oligo,0.19223508855563368,100,Astrocyte,NA
5,MHb.2/Oligo,0.5531698706333595,100,Astrocyte,NA
1,Oligo,0.6175242815784738,100,Astrocyte,NA
2,Oligo,0.6832283014796338,100,Astrocyte,NA
3,Oligo,0.584707537392091,100,Astrocyte,NA
4,Oligo,-0.2282293487748913,100,Astrocyte,NA
5,Oligo,0.38829744079590545,100,Astrocyte,NA
1,OPC,0.8253179695605121,100,Astrocyte,NA
2,OPC,1.3498641949417658,100,Astrocyte,NA
3,OPC,0.38729193598684,100,Astrocyte,NA
4,OPC,0.38729193598684,100,Astrocyte,NA
5,OPC,0.38729193598684,100,Astrocyte,NA
1,Astrocyte,5.130757153633576,200,Astrocyte,NA
2,Astrocyte,4.625865630932746,200,Astrocyte,NA
3,Astrocyte,4.4334874177519055,200,Astrocyte,NA
4,Astrocyte,4.051670604171853,200,Astrocyte,NA
5,Astrocyte,3.975770176222252,200,Astrocyte,NA
1,Endo,-0.5500710587620583,200,Astrocyte,NA
2,Endo,-1.4242394044438969,200,Astrocyte,NA
3,Endo,0.2148544759907983,200,Astrocyte,NA
4,Endo,0.4810630576264253,200,Astrocyte,NA
5,Endo,-0.46742841231215837,200,Astrocyte,NA
1,Excit.Thal,1.4307812610984165,200,Astrocyte,NA
2,Excit.Thal,0.44330707131568403,200,Astrocyte,NA
3,Excit.Thal,0.016921066350407795,200,Astrocyte,NA
4,Excit.Thal,0.6715150543057731,200,Astrocyte,NA
5,Excit.Thal,0.9112184106134127,200,Astrocyte,NA
1,LHb.4,0.34391072011219587,200,Astrocyte,NA
2,LHb.4,-0.2903176010325203,200,Astrocyte,NA
3,LHb.4,0.7172930021019076,200,Astrocyte,NA
4,LHb.4,0.01091101694185276,200,Astrocyte,NA
5,LHb.4,0.34391072011219587,200,Astrocyte,NA
1,LHb.7,-1.022203926886899,200,Astrocyte,NA
2,LHb.7,-0.7072817267391547,200,Astrocyte,NA
3,LHb.7,-0.22885835827961848,200,Astrocyte,NA
4,LHb.7,0.17556015514238071,200,Astrocyte,NA
5,LHb.7,-0.38915307521442366,200,Astrocyte,NA
1,MHb.1,-1.889921193672356,200,Astrocyte,NA
2,MHb.1,-2.7454720722307573,200,Astrocyte,NA
3,MHb.1,-2.9900956798938405,200,Astrocyte,NA
4,MHb.1,-2.32980520224382,200,Astrocyte,NA
5,MHb.1,-0.7177827884380996,200,Astrocyte,NA
1,MHb.2,-5.486357562745148,200,Astrocyte,NA
2,MHb.2,-4.240025180835301,200,Astrocyte,NA
3,MHb.2,-3.2887254610385908,200,Astrocyte,NA
4,MHb.2,-4.626673079276141,200,Astrocyte,NA
5,MHb.2,-6.181500457914763,200,Astrocyte,NA
1,MHb.2/Oligo,1.2258767612735597,200,Astrocyte,NA
2,MHb.2/Oligo,2.0924790632374806,200,Astrocyte,NA
3,MHb.2/Oligo,1.6921386321098808,200,Astrocyte,NA
4,MHb.2/Oligo,0.7740142604101433,200,Astrocyte,NA
5,MHb.2/Oligo,1.7713243041216684,200,Astrocyte,NA
1,Oligo,0.5519142325098906,200,Astrocyte,NA
2,Oligo,1.4791649220440544,200,Astrocyte,NA
3,Oligo,0.6175242815784738,200,Astrocyte,NA
4,Oligo,0.6175242815784738,200,Astrocyte,NA
5,Oligo,-0.26045356818093723,200,Astrocyte,NA
1,OPC,1.3498641949417658,200,Astrocyte,NA
2,OPC,0.38729193598684,200,Astrocyte,NA
3,OPC,0.009757645452221856,200,Astrocyte,NA
4,OPC,0.38729193598684,200,Astrocyte,NA
5,OPC,0.009757645452221856,200,Astrocyte,NA
1,Astrocyte,7.8922923219963534,500,Astrocyte,NA
2,Astrocyte,8.660676460735804,500,Astrocyte,NA
3,Astrocyte,8.531431219471907,500,Astrocyte,NA
4,Astrocyte,7.681808982538215,500,Astrocyte,NA
5,Astrocyte,7.5561196277369085,500,Astrocyte,NA
1,Endo,0.4810630576264253,500,Astrocyte,NA
2,Endo,-0.7136960135572987,500,Astrocyte,NA
3,Endo,-1.8764053355511356,500,Astrocyte,NA
4,Endo,-0.38422052908824894,500,Astrocyte,NA
5,Endo,1.0321388482820364,500,Astrocyte,NA
1,Excit.Thal,1.4307812610984165,500,Astrocyte,NA
2,Excit.Thal,0.6715150543057731,500,Astrocyte,NA
3,Excit.Thal,0.9112184106134127,500,Astrocyte,NA
4,Excit.Thal,0.016921066350407795,500,Astrocyte,NA
5,Excit.Thal,0.22543958897933386,500,Astrocyte,NA
1,LHb.4,1.143622294584091,500,Astrocyte,NA
2,LHb.4,0.01091101694185276,500,Astrocyte,NA
3,LHb.4,0.01091101694185276,500,Astrocyte,NA
4,LHb.4,0.7172930021019076,500,Astrocyte,NA
5,LHb.4,0.01091101694185276,500,Astrocyte,NA
1,LHb.7,-0.8257485867018437,500,Astrocyte,NA
2,LHb.7,-0.26900992081883374,500,Astrocyte,NA
3,LHb.7,0.6266771417591674,500,Astrocyte,NA
4,LHb.7,0.833965082792088,500,Astrocyte,NA
5,LHb.7,0.7508794703619456,500,Astrocyte,NA
1,MHb.1,-4.7545227286486424,500,Astrocyte,NA
2,MHb.1,-4.288303983561781,500,Astrocyte,NA
3,MHb.1,-5.786982825676278,500,Astrocyte,NA
4,MHb.1,-6.624951102947699,500,Astrocyte,NA
5,MHb.1,-6.181060121472765,500,Astrocyte,NA
1,MHb.2,-7.319986868268167,500,Astrocyte,NA
2,MHb.2,-6.293992871193918,500,Astrocyte,NA
3,MHb.2,-6.1249081101700655,500,Astrocyte,NA
4,MHb.2,-5.7220606729484205,500,Astrocyte,NA
5,MHb.2,-7.423829756598768,500,Astrocyte,NA
1,MHb.2/Oligo,4.667407092434653,500,Astrocyte,NA
2,MHb.2/Oligo,1.9310080907389235,500,Astrocyte,NA
3,MHb.2/Oligo,2.42096910597378,500,Astrocyte,NA
4,MHb.2/Oligo,1.6921386321098808,500,Astrocyte,NA
5,MHb.2/Oligo,2.757185714048616,500,Astrocyte,NA
1,Oligo,1.345532501021722,500,Astrocyte,NA
2,Oligo,0.7161156843950269,500,Astrocyte,NA
3,Oligo,2.3235566424526635,500,Astrocyte,NA
4,Oligo,3.4636265083887006,500,Astrocyte,NA
5,Oligo,3.1149722749997593,500,Astrocyte,NA
1,OPC,0.8253179695605121,500,Astrocyte,NA
2,OPC,0.8253179695605121,500,Astrocyte,NA
3,OPC,0.38729193598684,500,Astrocyte,NA
4,OPC,0.8253179695605121,500,Astrocyte,NA
5,OPC,0.8253179695605121,500,Astrocyte,NA
1,Astrocyte,10.115294786356705,1000,Astrocyte,NA
2,Astrocyte,8.747107984368535,1000,Astrocyte,NA
3,Astrocyte,9.22637970958667,1000,Astrocyte,NA
4,Astrocyte,11.63500514783726,1000,Astrocyte,NA
5,Astrocyte,11.213667641558338,1000,Astrocyte,NA
1,Endo,0.39166366339045655,1000,Astrocyte,NA
2,Endo,0.12742228764499564,1000,Astrocyte,NA
3,Endo,0.7533809217569716,1000,Astrocyte,NA
4,Endo,1.610435980056065,1000,Astrocyte,NA
5,Endo,-0.46742841231215837,1000,Astrocyte,NA
1,Excit.Thal,0.6715150543057731,1000,Astrocyte,NA
2,Excit.Thal,0.9112184106134127,1000,Astrocyte,NA
3,Excit.Thal,1.163772489591376,1000,Astrocyte,NA
4,Excit.Thal,0.6715150543057731,1000,Astrocyte,NA
5,Excit.Thal,1.7141605530688107,1000,Astrocyte,NA
1,LHb.4,1.143622294584091,1000,Astrocyte,NA
2,LHb.4,0.7172930021019076,1000,Astrocyte,NA
3,LHb.4,0.34391072011219587,1000,Astrocyte,NA
4,LHb.4,0.7172930021019076,1000,Astrocyte,NA
5,LHb.4,1.6421868382457012,1000,Astrocyte,NA
1,LHb.7,2.3703858813370355,1000,Astrocyte,NA
2,LHb.7,2.9008513442530135,1000,Astrocyte,NA
3,LHb.7,1.5496175235645495,1000,Astrocyte,NA
4,LHb.7,6.108656720171721,1000,Astrocyte,NA
5,LHb.7,4.1312863232605475,1000,Astrocyte,NA
1,MHb.1,-12.467646884141876,1000,Astrocyte,NA
2,MHb.1,-11.381854464260728,1000,Astrocyte,NA
3,MHb.1,-7.613674812129648,1000,Astrocyte,NA
4,MHb.1,-13.458268217563257,1000,Astrocyte,NA
5,MHb.1,-13.53471386527265,1000,Astrocyte,NA
1,MHb.2,-4.174425648079303,1000,Astrocyte,NA
2,MHb.2,-3.0028478559262504,1000,Astrocyte,NA
3,MHb.2,-9.812570235043866,1000,Astrocyte,NA
4,MHb.2,-10.802591390795241,1000,Astrocyte,NA
5,MHb.2,-7.629329215967546,1000,Astrocyte,NA
1,MHb.2/Oligo,3.816597104624183,1000,Astrocyte,NA
2,MHb.2/Oligo,3.101551423752824,1000,Astrocyte,NA
3,MHb.2/Oligo,3.816597104624183,1000,Astrocyte,NA
4,MHb.2/Oligo,1.9310080907389235,1000,Astrocyte,NA
5,MHb.2/Oligo,3.276931595317161,1000,Astrocyte,NA
1,Oligo,6.3245226204802005,1000,Astrocyte,NA
2,Oligo,5.214732448494142,1000,Astrocyte,NA
3,Oligo,4.347930949086186,1000,Astrocyte,NA
4,Oligo,8.880138465178351,1000,Astrocyte,NA
5,Oligo,8.205809762569498,1000,Astrocyte,NA
1,OPC,0.8253179695605121,1000,Astrocyte,NA
2,OPC,0.8253179695605121,1000,Astrocyte,NA
3,OPC,1.3498641949417658,1000,Astrocyte,NA
4,OPC,0.38729193598684,1000,Astrocyte,NA
5,OPC,1.3498641949417658,1000,Astrocyte,NA
1,Astrocyte,15.532758947553562,5000,Astrocyte,NA
2,Astrocyte,15.906750145010376,5000,Astrocyte,NA
3,Astrocyte,15.479688984373622,5000,Astrocyte,NA
4,Astrocyte,15.639165155078224,5000,Astrocyte,NA
5,Astrocyte,10.61427844837663,5000,Astrocyte,NA
1,Endo,3.0850124196750124,5000,Astrocyte,NA
2,Endo,2.2191970084437913,5000,Astrocyte,NA
3,Endo,1.9107840168079213,5000,Astrocyte,NA
4,Endo,0.9384824781388004,5000,Astrocyte,NA
5,Endo,1.3176946189334031,5000,Astrocyte,NA
1,Excit.Thal,0.44330707131568403,5000,Astrocyte,NA
2,Excit.Thal,1.163772489591376,5000,Astrocyte,NA
3,Excit.Thal,1.4307812610984165,5000,Astrocyte,NA
4,Excit.Thal,1.163772489591376,5000,Astrocyte,NA
5,Excit.Thal,1.4307812610984165,5000,Astrocyte,NA
1,LHb.4,1.143622294584091,5000,Astrocyte,NA
2,LHb.4,0.7172930021019076,5000,Astrocyte,NA
3,LHb.4,0.7172930021019076,5000,Astrocyte,NA
4,LHb.4,0.7172930021019076,5000,Astrocyte,NA
5,LHb.4,0.7172930021019076,5000,Astrocyte,NA
1,LHb.7,7.59830422064582,5000,Astrocyte,NA
2,LHb.7,7.231168663951005,5000,Astrocyte,NA
3,LHb.7,8.456841286309837,5000,Astrocyte,NA
4,LHb.7,6.158691007327655,5000,Astrocyte,NA
5,LHb.7,5.223224312485195,5000,Astrocyte,NA
1,MHb.1,-16.520343634147633,5000,Astrocyte,NA
2,MHb.1,-17.827139826323815,5000,Astrocyte,NA
3,MHb.1,-16.05300519341181,5000,Astrocyte,NA
4,MHb.1,-17.695867383993498,5000,Astrocyte,NA
5,MHb.1,-11.785119662513189,5000,Astrocyte,NA
1,MHb.2,-15.185278588888622,5000,Astrocyte,NA
2,MHb.2,-14.298278029930183,5000,Astrocyte,NA
3,MHb.2,-15.77919660316824,5000,Astrocyte,NA
4,MHb.2,-11.174970686031237,5000,Astrocyte,NA
5,MHb.2,-10.676677168449174,5000,Astrocyte,NA
1,MHb.2/Oligo,3.725196717473426,5000,Astrocyte,NA
2,MHb.2/Oligo,4.094447509387643,5000,Astrocyte,NA
3,MHb.2/Oligo,2.6723846531911706,5000,Astrocyte,NA
4,MHb.2/Oligo,3.6343899306031147,5000,Astrocyte,NA
5,MHb.2/Oligo,4.188310889394964,5000,Astrocyte,NA
1,Oligo,12.93140551450676,5000,Astrocyte,NA
2,Oligo,14.017988093044062,5000,Astrocyte,NA
3,Oligo,13.11024459775913,5000,Astrocyte,NA
4,Oligo,12.09372437682369,5000,Astrocyte,NA
5,Oligo,6.6634666032573975,5000,Astrocyte,NA
1,OPC,0.009757645452221856,5000,Astrocyte,NA
2,OPC,0.8253179695605121,5000,Astrocyte,NA
3,OPC,0.38729193598684,5000,Astrocyte,NA
4,OPC,0.38729193598684,5000,Astrocyte,NA
5,OPC,1.3498641949417658,5000,Astrocyte,NA
1,Astrocyte,0.6134882957620734,100,Endo,NA
2,Astrocyte,0.6986419359354934,100,Endo,NA
3,Astrocyte,0.2782405581177818,100,Endo,NA
4,Astrocyte,-0.44674742470105033,100,Endo,NA
5,Astrocyte,0.11372632118404966,100,Endo,NA
1,Endo,0.8079703240172352,100,Endo,NA
2,Endo,0.6986423789638386,100,Endo,NA
3,Endo,1.531307408392964,100,Endo,NA
4,Endo,1.028160447267567,100,Endo,NA
5,Endo,1.194670974931874,100,Endo,NA
1,Excit.Thal,0.34170634747429995,100,Endo,NA
2,Excit.Thal,0.5110833782304257,100,Endo,NA
3,Excit.Thal,0.17674270574480672,100,Endo,NA
4,Excit.Thal,0.5110833782304257,100,Endo,NA
5,Excit.Thal,-0.14093312847064843,100,Endo,NA
1,LHb.4,0.006144226485228579,100,Endo,NA
2,LHb.4,0.45313477353659143,100,Endo,NA
3,LHb.4,-0.3716971382225239,100,Endo,NA
4,LHb.4,1.0055758972267326,100,Endo,NA
5,LHb.4,0.45313477353659143,100,Endo,NA
1,LHb.7,0.11737427137289665,100,Endo,NA
2,LHb.7,0.24176639287141763,100,Endo,NA
3,LHb.7,0.2833156594059384,100,Endo,NA
4,LHb.7,1.0810836239671398,100,Endo,NA
5,LHb.7,1.2511132924435866,100,Endo,NA
1,MHb.1,0.8405838031383177,100,Endo,NA
2,MHb.1,0.15147088895324445,100,Endo,NA
3,MHb.1,-0.08875771270449456,100,Endo,NA
4,MHb.1,0.04845663446437438,100,Endo,NA
5,MHb.1,0.08278479551924368,100,Endo,NA
1,MHb.2,-1.1267671931021694,100,Endo,NA
2,MHb.2,-0.5893291137348048,100,Endo,NA
3,MHb.2,-1.0605450018969507,100,Endo,NA
4,MHb.2,-0.03343446993394998,100,Endo,NA
5,MHb.2,-0.1742254700750249,100,Endo,NA
1,MHb.2/Oligo,-1.0574085831586464,100,Endo,NA
2,MHb.2/Oligo,-0.6200695884081743,100,Endo,NA
3,MHb.2/Oligo,-0.4672786603938043,100,Endo,NA
4,MHb.2/Oligo,-0.14992883542902283,100,Endo,NA
5,MHb.2/Oligo,-0.6200695884081743,100,Endo,NA
1,Oligo,-1.216377196797135,100,Endo,NA
2,Oligo,-1.0475051432581421,100,Endo,NA
3,Oligo,-0.7501014110901354,100,Endo,NA
4,Oligo,-1.9256917529903843,100,Endo,NA
5,Oligo,-2.0906781870665823,100,Endo,NA
1,OPC,0.0070967214662676,100,Endo,NA
2,OPC,0.38497203601618546,100,Endo,NA
3,OPC,0.0070967214662676,100,Endo,NA
4,OPC,0.38497203601618546,100,Endo,NA
5,OPC,0.0070967214662676,100,Endo,NA
1,Astrocyte,0.19573066682972518,200,Endo,NA
2,Astrocyte,1.400530177014882,200,Endo,NA
3,Astrocyte,1.7662305219473982,200,Endo,NA
4,Astrocyte,0.11372632118404966,200,Endo,NA
5,Astrocyte,-1.0603290217784396,200,Endo,NA
1,Endo,3.41582313596241,200,Endo,NA
2,Endo,3.3544653586905233,200,Endo,NA
3,Endo,3.6009298194377686,200,Endo,NA
4,Endo,4.165841940325568,200,Endo,NA
5,Endo,3.539054150006913,200,Endo,NA
1,Excit.Thal,0.8642060661654803,200,Endo,NA
2,Excit.Thal,0.5110833782304257,200,Endo,NA
3,Excit.Thal,0.5110833782304257,200,Endo,NA
4,Excit.Thal,0.6851493852042769,200,Endo,NA
5,Excit.Thal,0.5110833782304257,200,Endo,NA
1,LHb.4,0.006144226485228579,200,Endo,NA
2,LHb.4,0.006144226485228579,200,Endo,NA
3,LHb.4,0.45313477353659143,200,Endo,NA
4,LHb.4,0.006144226485228579,200,Endo,NA
5,LHb.4,-0.3716971382225239,200,Endo,NA
1,LHb.7,0.9117904922403656,200,Endo,NA
2,LHb.7,1.9388244925892508,200,Endo,NA
3,LHb.7,1.0386917236571518,200,Endo,NA
4,LHb.7,1.1235215568266887,200,Endo,NA
5,LHb.7,1.1235215568266887,200,Endo,NA
1,MHb.1,-1.1810926439238556,200,Endo,NA
2,MHb.1,-0.7043365910121089,200,Endo,NA
3,MHb.1,-1.9269708564021117,200,Endo,NA
4,MHb.1,-2.568150774627723,200,Endo,NA
5,MHb.1,-0.8407279199352242,200,Endo,NA
1,MHb.2,-1.7111425627347179,200,Endo,NA
2,MHb.2,-1.3238528024540934,200,Endo,NA
3,MHb.2,-0.03343446993394998,200,Endo,NA
4,MHb.2,0.4694103223986178,200,Endo,NA
5,MHb.2,0.03743029352674024,200,Endo,NA
1,MHb.2/Oligo,-0.9149468017785206,200,Endo,NA
2,MHb.2/Oligo,-0.3106421340675455,200,Endo,NA
3,MHb.2/Oligo,0.18476129690434406,200,Endo,NA
4,MHb.2/Oligo,-0.769227187239237,200,Endo,NA
5,MHb.2/Oligo,-1.3332122013653138,200,Endo,NA
1,Oligo,-1.0897955396004442,200,Endo,NA
2,Oligo,-3.505404659334599,200,Endo,NA
3,Oligo,-2.3777152416878575,200,Endo,NA
4,Oligo,-1.2584752056285355,200,Endo,NA
5,Oligo,-1.9256917529903843,200,Endo,NA
1,OPC,0.8233263490206376,200,Endo,NA
2,OPC,0.8233263490206376,200,Endo,NA
3,OPC,0.0070967214662676,200,Endo,NA
4,OPC,-0.3262246188702216,200,Endo,NA
5,OPC,0.38497203601618546,200,Endo,NA
1,Astrocyte,0.6986419359354934,500,Endo,NA
2,Astrocyte,-0.6027271608245143,500,Endo,NA
3,Astrocyte,0.7843487447639914,500,Endo,NA
4,Astrocyte,-0.44674742470105033,500,Endo,NA
5,Astrocyte,-0.20938035327774265,500,Endo,NA
1,Endo,8.848220949970493,500,Endo,NA
2,Endo,6.947506118848444,500,Endo,NA
3,Endo,6.516590592531177,500,Endo,NA
4,Endo,6.4456389106846546,500,Endo,NA
5,Endo,8.143153724112404,500,Endo,NA
1,Excit.Thal,1.8472071874724771,500,Endo,NA
2,Excit.Thal,1.4348028175373182,500,Endo,NA
3,Excit.Thal,1.238649371324003,500,Endo,NA
4,Excit.Thal,0.6851493852042769,500,Endo,NA
5,Excit.Thal,1.6374904315706744,500,Endo,NA
1,LHb.4,-0.3716971382225239,500,Endo,NA
2,LHb.4,0.006144226485228579,500,Endo,NA
3,LHb.4,0.45313477353659143,500,Endo,NA
4,LHb.4,0.006144226485228579,500,Endo,NA
5,LHb.4,-0.3716971382225239,500,Endo,NA
1,LHb.7,4.825313338881734,500,Endo,NA
2,LHb.7,3.57924113941173,500,Endo,NA
3,LHb.7,3.9897199796785845,500,Endo,NA
4,LHb.7,3.9897199796785845,500,Endo,NA
5,LHb.7,6.60985946701799,500,Endo,NA
1,MHb.1,-9.573310593526672,500,Endo,NA
2,MHb.1,-6.337906200006417,500,Endo,NA
3,MHb.1,-7.230996066620789,500,Endo,NA
4,MHb.1,-6.3047893181480745,500,Endo,NA
5,MHb.1,-10.397468434955575,500,Endo,NA
1,MHb.2,-0.38311599329916785,500,Endo,NA
2,MHb.2,-0.03343446993394998,500,Endo,NA
3,MHb.2,2.4114577327423126,500,Endo,NA
4,MHb.2,0.25194336683901947,500,Endo,NA
5,MHb.2,-0.1742254700750249,500,Endo,NA
1,MHb.2/Oligo,-1.1967790057630876,500,Endo,NA
2,MHb.2/Oligo,-1.3332122013653138,500,Endo,NA
3,MHb.2/Oligo,-1.9759879269113076,500,Endo,NA
4,MHb.2/Oligo,-0.769227187239237,500,Endo,NA
5,MHb.2/Oligo,0.01511358937950609,500,Endo,NA
1,Oligo,1.495190256145497,500,Endo,NA
2,Oligo,0.02605782518939768,500,Endo,NA
3,Oligo,-0.8778558787073236,500,Endo,NA
4,Oligo,-0.27778103575519625,500,Endo,NA
5,Oligo,1.3589966483360942,500,Endo,NA
1,OPC,0.38497203601618546,500,Endo,NA
2,OPC,0.38497203601618546,500,Endo,NA
3,OPC,0.8233263490206376,500,Endo,NA
4,OPC,-0.3262246188702216,500,Endo,NA
5,OPC,0.8233263490206376,500,Endo,NA
1,Astrocyte,0.2782405581177818,1000,Endo,NA
2,Astrocyte,0.2782405581177818,1000,Endo,NA
3,Astrocyte,0.19573066682972518,1000,Endo,NA
4,Astrocyte,1.1328819933364458,1000,Endo,NA
5,Astrocyte,0.7843487447639914,1000,Endo,NA
1,Endo,11.038706434102242,1000,Endo,NA
2,Endo,10.252462082061864,1000,Endo,NA
3,Endo,10.86121861649857,1000,Endo,NA
4,Endo,9.828960860046607,1000,Endo,NA
5,Endo,8.68937656353342,1000,Endo,NA
1,Excit.Thal,3.023082290212439,1000,Endo,NA
2,Excit.Thal,2.5243900977696527,1000,Endo,NA
3,Excit.Thal,1.8472071874724771,1000,Endo,NA
4,Excit.Thal,2.768454512322265,1000,Endo,NA
5,Excit.Thal,3.023082290212439,1000,Endo,NA
1,LHb.4,1.0055758972267326,1000,Endo,NA
2,LHb.4,1.0055758972267326,1000,Endo,NA
3,LHb.4,1.7371230074230801,1000,Endo,NA
4,LHb.4,-0.3716971382225239,1000,Endo,NA
5,LHb.4,0.45313477353659143,1000,Endo,NA
1,LHb.7,10.673932274769285,1000,Endo,NA
2,LHb.7,10.843667139096032,1000,Endo,NA
3,LHb.7,9.729766002767235,1000,Endo,NA
4,LHb.7,8.39212330846317,1000,Endo,NA
5,LHb.7,9.839330044040807,1000,Endo,NA
1,MHb.1,-20.35719628685616,1000,Endo,NA
2,MHb.1,-17.554231941508323,1000,Endo,NA
3,MHb.1,-12.576710817339048,1000,Endo,NA
4,MHb.1,-11.915471861163802,1000,Endo,NA
5,MHb.1,-15.703312201259127,1000,Endo,NA
1,MHb.2,3.2641726391143084,1000,Endo,NA
2,MHb.2,1.293755773897164,1000,Endo,NA
3,MHb.2,-4.477294787925891,1000,Endo,NA
4,MHb.2,-3.352589051005615,1000,Endo,NA
5,MHb.2,-1.1267671931021694,1000,Endo,NA
1,MHb.2/Oligo,-1.3332122013653138,1000,Endo,NA
2,MHb.2/Oligo,-2.5630844271058852,1000,Endo,NA
3,MHb.2/Oligo,-1.5978286513222215,1000,Endo,NA
4,MHb.2/Oligo,-1.3332122013653138,1000,Endo,NA
5,MHb.2/Oligo,-2.449567729822282,1000,Endo,NA
1,Oligo,8.101681101893922,1000,Endo,NA
2,Oligo,5.874695260675221,1000,Endo,NA
3,Oligo,3.415185010257361,1000,Endo,NA
4,Oligo,2.746742397375261,1000,Endo,NA
5,Oligo,6.296013581174044,1000,Endo,NA
1,OPC,1.3481881133440168,1000,Endo,NA
2,OPC,2.006136453320165,1000,Endo,NA
3,OPC,0.8233263490206376,1000,Endo,NA
4,OPC,0.0070967214662676,1000,Endo,NA
5,OPC,2.006136453320165,1000,Endo,NA
1,Astrocyte,2.238530876948236,5000,Endo,NA
2,Astrocyte,1.310699941899489,5000,Endo,NA
3,Astrocyte,2.14266024523023,5000,Endo,NA
4,Astrocyte,1.7662305219473982,5000,Endo,NA
5,Astrocyte,1.2214871570498136,5000,Endo,NA
1,Endo,12.617153898008853,5000,Endo,NA
2,Endo,12.520622096073955,5000,Endo,NA
3,Endo,12.71417617200712,5000,Endo,NA
4,Endo,11.398636282069406,5000,Endo,NA
5,Endo,11.128063310842252,5000,Endo,NA
1,Excit.Thal,3.5682212458564324,5000,Endo,NA
2,Excit.Thal,4.169848541706816,5000,Endo,NA
3,Excit.Thal,3.5682212458564324,5000,Endo,NA
4,Excit.Thal,3.8612263442702384,5000,Endo,NA
5,Excit.Thal,2.5243900977696527,5000,Endo,NA
1,LHb.4,1.7371230074230801,5000,Endo,NA
2,LHb.4,1.0055758972267326,5000,Endo,NA
3,LHb.4,1.0055758972267326,5000,Endo,NA
4,LHb.4,0.006144226485228579,5000,Endo,NA
5,LHb.4,1.0055758972267326,5000,Endo,NA
1,LHb.7,13.14405413310409,5000,Endo,NA
2,LHb.7,13.26708178530853,5000,Endo,NA
3,LHb.7,13.639372935933784,5000,Endo,NA
4,LHb.7,13.701896821341782,5000,Endo,NA
5,LHb.7,13.576986073320777,5000,Endo,NA
1,MHb.1,-20.046544972238273,5000,Endo,NA
2,MHb.1,-20.012078104082267,5000,Endo,NA
3,MHb.1,-19.839890959277042,5000,Endo,NA
4,MHb.1,-21.120101665181235,5000,Endo,NA
5,MHb.1,-18.87999456102605,5000,Endo,NA
1,MHb.2,-4.9618880982815,5000,Endo,NA
2,MHb.2,-5.17334429808823,5000,Endo,NA
3,MHb.2,-6.34653018886331,5000,Endo,NA
4,MHb.2,-1.453951985889011,5000,Endo,NA
5,MHb.2,-4.312932889566531,5000,Endo,NA
1,MHb.2/Oligo,-2.3341802280642194,5000,Endo,NA
2,MHb.2/Oligo,-1.1967790057630876,5000,Endo,NA
3,MHb.2/Oligo,-1.8522856080802241,5000,Endo,NA
4,MHb.2/Oligo,-1.0574085831586464,5000,Endo,NA
5,MHb.2/Oligo,-2.3341802280642194,5000,Endo,NA
1,Oligo,10.335732230003185,5000,Endo,NA
2,Oligo,10.397060551872155,5000,Endo,NA
3,Oligo,10.892789825120445,5000,Endo,NA
4,Oligo,8.787844581908319,5000,Endo,NA
5,Oligo,9.078813320140709,5000,Endo,NA
1,OPC,1.3481881133440168,5000,Endo,NA
2,OPC,2.006136453320165,5000,Endo,NA
3,OPC,2.006136453320165,5000,Endo,NA
4,OPC,0.38497203601618546,5000,Endo,NA
5,OPC,1.3481881133440168,5000,Endo,NA
1,Astrocyte,0.26219523328970434,100,Excit.Thal,NA
2,Astrocyte,-1.7450957258277628,100,Excit.Thal,NA
3,Astrocyte,-0.36866258809544866,100,Excit.Thal,NA
4,Astrocyte,-1.4330422634261728,100,Excit.Thal,NA
5,Astrocyte,0.49238607295972914,100,Excit.Thal,NA
1,Endo,1.7640539276179894,100,Excit.Thal,NA
2,Endo,0.5614780077161607,100,Excit.Thal,NA
3,Endo,0.7405766665869143,100,Excit.Thal,NA
4,Endo,0.5614780077161607,100,Excit.Thal,NA
5,Endo,0.4726730929540108,100,Excit.Thal,NA
1,Excit.Thal,-0.1316045787186925,100,Excit.Thal,NA
2,Excit.Thal,-0.8062148124373486,100,Excit.Thal,NA
3,Excit.Thal,-0.1316045787186925,100,Excit.Thal,NA
4,Excit.Thal,0.05000276701021819,100,Excit.Thal,NA
5,Excit.Thal,-0.8062148124373486,100,Excit.Thal,NA
1,LHb.4,NA,100,Excit.Thal,NA
2,LHb.4,NA,100,Excit.Thal,NA
3,LHb.4,-1.4029572627704552,100,Excit.Thal,NA
4,LHb.4,-1.7191253508871707,100,Excit.Thal,NA
5,LHb.4,NA,100,Excit.Thal,NA
1,LHb.7,1.5110913439595284,100,Excit.Thal,NA
2,LHb.7,2.1355745806881945,100,Excit.Thal,NA
3,LHb.7,1.1290324116166992,100,Excit.Thal,NA
4,LHb.7,0.8276425642631016,100,Excit.Thal,NA
5,LHb.7,0.162381707162403,100,Excit.Thal,NA
1,MHb.1,-0.6837698015521251,100,Excit.Thal,NA
2,MHb.1,0.1538656104170693,100,Excit.Thal,NA
3,MHb.1,-0.16961004618834585,100,Excit.Thal,NA
4,MHb.1,0.7407014336839015,100,Excit.Thal,NA
5,MHb.1,0.9377270701760144,100,Excit.Thal,NA
1,MHb.2,NA,100,Excit.Thal,NA
2,MHb.2,NA,100,Excit.Thal,NA
3,MHb.2,-0.9915444498556805,100,Excit.Thal,NA
4,MHb.2,NA,100,Excit.Thal,NA
5,MHb.2,NA,100,Excit.Thal,NA
1,MHb.2/Oligo,0.46850855864399854,100,Excit.Thal,NA
2,MHb.2/Oligo,-0.355435778322828,100,Excit.Thal,NA
3,MHb.2/Oligo,-0.355435778322828,100,Excit.Thal,NA
4,MHb.2/Oligo,-0.6844444512373772,100,Excit.Thal,NA
5,MHb.2/Oligo,-0.6844444512373772,100,Excit.Thal,NA
1,Oligo,-2.539832377468142,100,Excit.Thal,NA
2,Oligo,-1.851675776709464,100,Excit.Thal,NA
3,Oligo,-1.29860854636019,100,Excit.Thal,NA
4,Oligo,-1.6166713767730074,100,Excit.Thal,NA
5,Oligo,-1.5376718120298352,100,Excit.Thal,NA
1,OPC,0.46850855864399854,100,Excit.Thal,NA
2,OPC,0.46850855864399854,100,Excit.Thal,NA
3,OPC,0.46850855864399854,100,Excit.Thal,NA
4,OPC,1.7503191576573007,100,Excit.Thal,NA
5,OPC,0.46850855864399854,100,Excit.Thal,NA
1,Astrocyte,0.26219523328970434,200,Excit.Thal,NA
2,Astrocyte,-0.9281721780823253,200,Excit.Thal,NA
3,Astrocyte,-1.1018816166232293,200,Excit.Thal,NA
4,Astrocyte,-0.1673353408971219,200,Excit.Thal,NA
5,Astrocyte,-1.4330422634261728,200,Excit.Thal,NA
1,Endo,2.1540232428398665,200,Excit.Thal,NA
2,Endo,1.1049670117020172,200,Excit.Thal,NA
3,Endo,1.9577593221560594,200,Excit.Thal,NA
4,Endo,2.554611098390028,200,Excit.Thal,NA
5,Endo,2.554611098390028,200,Excit.Thal,NA
1,Excit.Thal,0.4316373242733333,200,Excit.Thal,NA
2,Excit.Thal,0.05000276701021819,200,Excit.Thal,NA
3,Excit.Thal,1.0582963334183741,200,Excit.Thal,NA
4,Excit.Thal,1.5203490544481588,200,Excit.Thal,NA
5,Excit.Thal,2.2994565002106495,200,Excit.Thal,NA
1,LHb.4,NA,200,Excit.Thal,NA
2,LHb.4,-1.7191253508871707,200,Excit.Thal,NA
3,LHb.4,-0.9915444498556805,200,Excit.Thal,NA
4,LHb.4,-0.9915444498556805,200,Excit.Thal,NA
5,LHb.4,NA,200,Excit.Thal,NA
1,LHb.7,2.214843922185426,200,Excit.Thal,NA
2,LHb.7,3.188964144374531,200,Excit.Thal,NA
3,LHb.7,1.8212280394482392,200,Excit.Thal,NA
4,LHb.7,1.977861934660598,200,Excit.Thal,NA
5,LHb.7,1.2811290022012072,200,Excit.Thal,NA
1,MHb.1,-1.7644581397428682,200,Excit.Thal,NA
2,MHb.1,0.024268372655898842,200,Excit.Thal,NA
3,MHb.1,-0.0404257675200745,200,Excit.Thal,NA
4,MHb.1,-1.4481067693187835,200,Excit.Thal,NA
5,MHb.1,-0.9394099461774076,200,Excit.Thal,NA
1,MHb.2,-0.9915444498556805,200,Excit.Thal,NA
2,MHb.2,-0.9915444498556805,200,Excit.Thal,NA
3,MHb.2,-1.4029572627704552,200,Excit.Thal,NA
4,MHb.2,-1.4029572627704552,200,Excit.Thal,NA
5,MHb.2,NA,200,Excit.Thal,NA
1,MHb.2/Oligo,0.022090579561253106,200,Excit.Thal,NA
2,MHb.2/Oligo,-1.7112620338036346,200,Excit.Thal,NA
3,MHb.2/Oligo,0.46850855864399854,200,Excit.Thal,NA
4,MHb.2/Oligo,-1.4859839537487685,200,Excit.Thal,NA
5,MHb.2/Oligo,-0.9774704488819747,200,Excit.Thal,NA
1,Oligo,-2.388990191396563,200,Excit.Thal,NA
2,Oligo,-3.277735064927792,200,Excit.Thal,NA
3,Oligo,-3.3501186894761963,200,Excit.Thal,NA
4,Oligo,-2.539832377468142,200,Excit.Thal,NA
5,Oligo,-2.539832377468142,200,Excit.Thal,NA
1,OPC,1.0200632950477833,200,Excit.Thal,NA
2,OPC,1.0200632950477833,200,Excit.Thal,NA
3,OPC,0.022090579561253106,200,Excit.Thal,NA
4,OPC,1.0200632950477833,200,Excit.Thal,NA
5,OPC,1.0200632950477833,200,Excit.Thal,NA
1,Astrocyte,-0.9281721780823253,500,Excit.Thal,NA
2,Astrocyte,-1.7450957258277628,500,Excit.Thal,NA
3,Astrocyte,-0.7484329240466928,500,Excit.Thal,NA
4,Astrocyte,-1.270032168269347,500,Excit.Thal,NA
5,Astrocyte,-0.7484329240466928,500,Excit.Thal,NA
1,Endo,4.868546715462519,500,Excit.Thal,NA
2,Endo,4.396421306716193,500,Excit.Thal,NA
3,Endo,5.610177670778448,500,Excit.Thal,NA
4,Endo,3.8287403721275393,500,Excit.Thal,NA
5,Endo,5.111096609589905,500,Excit.Thal,NA
1,Excit.Thal,2.892815939123146,500,Excit.Thal,NA
2,Excit.Thal,2.892815939123146,500,Excit.Thal,NA
3,Excit.Thal,2.5875423068303576,500,Excit.Thal,NA
4,Excit.Thal,2.0266149208392434,500,Excit.Thal,NA
5,Excit.Thal,2.892815939123146,500,Excit.Thal,NA
1,LHb.4,NA,500,Excit.Thal,NA
2,LHb.4,-1.4029572627704552,500,Excit.Thal,NA
3,LHb.4,-0.9915444498556805,500,Excit.Thal,NA
4,LHb.4,-1.4029572627704552,500,Excit.Thal,NA
5,LHb.4,-0.9915444498556805,500,Excit.Thal,NA
1,LHb.7,4.123079042995302,500,Excit.Thal,NA
2,LHb.7,4.562373290936508,500,Excit.Thal,NA
3,LHb.7,3.106089621027159,500,Excit.Thal,NA
4,LHb.7,1.588242141895258,500,Excit.Thal,NA
5,LHb.7,4.473729506425404,500,Excit.Thal,NA
1,MHb.1,-6.125276574569859,500,Excit.Thal,NA
2,MHb.1,-5.319040795236711,500,Excit.Thal,NA
3,MHb.1,-5.44302169282053,500,Excit.Thal,NA
4,MHb.1,-0.16961004618834585,500,Excit.Thal,NA
5,MHb.1,-4.885110826889525,500,Excit.Thal,NA
1,MHb.2,-2.6312857619122787,500,Excit.Thal,NA
2,MHb.2,-4.361473564580449,500,Excit.Thal,NA
3,MHb.2,-1.9860702427623182,500,Excit.Thal,NA
4,MHb.2,NA,500,Excit.Thal,NA
5,MHb.2,-0.9915444498556805,500,Excit.Thal,NA
1,MHb.2/Oligo,0.46850855864399854,500,Excit.Thal,NA
2,MHb.2/Oligo,-2.119406940133964,500,Excit.Thal,NA
3,MHb.2/Oligo,-0.6844444512373772,500,Excit.Thal,NA
4,MHb.2/Oligo,0.46850855864399854,500,Excit.Thal,NA
5,MHb.2/Oligo,-1.242752111929754,500,Excit.Thal,NA
1,Oligo,-0.5615692617481044,500,Excit.Thal,NA
2,Oligo,0.7431182283130946,500,Excit.Thal,NA
3,Oligo,-0.9748427777524271,500,Excit.Thal,NA
4,Oligo,-4.614698543846901,500,Excit.Thal,NA
5,Oligo,-2.614828387181425,500,Excit.Thal,NA
1,OPC,1.0200632950477833,500,Excit.Thal,NA
2,OPC,0.46850855864399854,500,Excit.Thal,NA
3,OPC,1.7503191576573007,500,Excit.Thal,NA
4,OPC,0.46850855864399854,500,Excit.Thal,NA
5,OPC,0.46850855864399854,500,Excit.Thal,NA
1,Astrocyte,-2.7196439680520017,1000,Excit.Thal,NA
2,Astrocyte,-1.4330422634261728,1000,Excit.Thal,NA
3,Astrocyte,-1.1018816166232293,1000,Excit.Thal,NA
4,Astrocyte,-1.270032168269347,1000,Excit.Thal,NA
5,Astrocyte,-2.04059275313804,1000,Excit.Thal,NA
1,Endo,7.829727310122898,1000,Excit.Thal,NA
2,Endo,7.2366752187047645,1000,Excit.Thal,NA
3,Endo,7.092769068408489,1000,Excit.Thal,NA
4,Endo,6.533246118362528,1000,Excit.Thal,NA
5,Endo,5.738020848114936,1000,Excit.Thal,NA
1,Excit.Thal,3.9375770183747587,1000,Excit.Thal,NA
2,Excit.Thal,2.892815939123146,1000,Excit.Thal,NA
3,Excit.Thal,3.2176022476065445,1000,Excit.Thal,NA
4,Excit.Thal,2.892815939123146,1000,Excit.Thal,NA
5,Excit.Thal,3.2176022476065445,1000,Excit.Thal,NA
1,LHb.4,-1.4029572627704552,1000,Excit.Thal,NA
2,LHb.4,NA,1000,Excit.Thal,NA
3,LHb.4,NA,1000,Excit.Thal,NA
4,LHb.4,-0.9915444498556805,1000,Excit.Thal,NA
5,LHb.4,-0.9915444498556805,1000,Excit.Thal,NA
1,LHb.7,7.334008822665084,1000,Excit.Thal,NA
2,LHb.7,7.026784751446848,1000,Excit.Thal,NA
3,LHb.7,7.541879824637469,1000,Excit.Thal,NA
4,LHb.7,5.8483883345843735,1000,Excit.Thal,NA
5,LHb.7,6.135855472756746,1000,Excit.Thal,NA
1,MHb.1,-9.25778958668428,1000,Excit.Thal,NA
2,MHb.1,-10.024050567503718,1000,Excit.Thal,NA
3,MHb.1,-8.81412089992663,1000,Excit.Thal,NA
4,MHb.1,-7.182622580704813,1000,Excit.Thal,NA
5,MHb.1,-7.8075269885111815,1000,Excit.Thal,NA
1,MHb.2,-5.789372304763991,1000,Excit.Thal,NA
2,MHb.2,-4.700371479557099,1000,Excit.Thal,NA
3,MHb.2,-6.881599885347327,1000,Excit.Thal,NA
4,MHb.2,-4.589958907471529,1000,Excit.Thal,NA
5,MHb.2,-4.1213462178062255,1000,Excit.Thal,NA
1,MHb.2/Oligo,-1.7112620338036346,1000,Excit.Thal,NA
2,MHb.2/Oligo,-1.4859839537487685,1000,Excit.Thal,NA
3,MHb.2/Oligo,0.022090579561253106,1000,Excit.Thal,NA
4,MHb.2/Oligo,-0.6844444512373772,1000,Excit.Thal,NA
5,MHb.2/Oligo,-1.4859839537487685,1000,Excit.Thal,NA
1,Oligo,2.880304392251993,1000,Excit.Thal,NA
2,Oligo,2.776057915388954,1000,Excit.Thal,NA
3,Oligo,2.066901569940294,1000,Excit.Thal,NA
4,Oligo,-0.22362194622981868,1000,Excit.Thal,NA
5,Oligo,1.2027759693543005,1000,Excit.Thal,NA
1,OPC,1.7503191576573007,1000,Excit.Thal,NA
2,OPC,1.7503191576573007,1000,Excit.Thal,NA
3,OPC,1.7503191576573007,1000,Excit.Thal,NA
4,OPC,1.7503191576573007,1000,Excit.Thal,NA
5,OPC,1.7503191576573007,1000,Excit.Thal,NA
1,Astrocyte,0.9899352063731744,5000,Excit.Thal,NA
2,Astrocyte,-2.04059275313804,5000,Excit.Thal,NA
3,Astrocyte,-1.7450957258277628,5000,Excit.Thal,NA
4,Astrocyte,0.04264449931049816,5000,Excit.Thal,NA
5,Astrocyte,-2.4572330982971207,5000,Excit.Thal,NA
1,Endo,8.137396126445761,5000,Excit.Thal,NA
2,Endo,8.137396126445761,5000,Excit.Thal,NA
3,Endo,8.453064247491923,5000,Excit.Thal,NA
4,Endo,8.614044263656842,5000,Excit.Thal,NA
5,Endo,7.529621480520275,5000,Excit.Thal,NA
1,Excit.Thal,3.56471092536969,5000,Excit.Thal,NA
2,Excit.Thal,3.2176022476065445,5000,Excit.Thal,NA
3,Excit.Thal,3.9375770183747587,5000,Excit.Thal,NA
4,Excit.Thal,3.9375770183747587,5000,Excit.Thal,NA
5,Excit.Thal,3.9375770183747587,5000,Excit.Thal,NA
1,LHb.4,NA,5000,Excit.Thal,NA
2,LHb.4,NA,5000,Excit.Thal,NA
3,LHb.4,NA,5000,Excit.Thal,NA
4,LHb.4,-0.9915444498556805,5000,Excit.Thal,NA
5,LHb.4,NA,5000,Excit.Thal,NA
1,LHb.7,8.181027680511425,5000,Excit.Thal,NA
2,LHb.7,8.289928591253368,5000,Excit.Thal,NA
3,LHb.7,7.85846354829464,5000,Excit.Thal,NA
4,LHb.7,8.181027680511425,5000,Excit.Thal,NA
5,LHb.7,7.75228520799034,5000,Excit.Thal,NA
1,MHb.1,-10.21686992290626,5000,Excit.Thal,NA
2,MHb.1,-10.86366836060295,5000,Excit.Thal,NA
3,MHb.1,-10.539459152163923,5000,Excit.Thal,NA
4,MHb.1,-10.86366836060295,5000,Excit.Thal,NA
5,MHb.1,-8.940656304332425,5000,Excit.Thal,NA
1,MHb.2,-7.632912733835419,5000,Excit.Thal,NA
2,MHb.2,-7.339741311702888,5000,Excit.Thal,NA
3,MHb.2,-7.339741311702888,5000,Excit.Thal,NA
4,MHb.2,-7.113637881829742,5000,Excit.Thal,NA
5,MHb.2,-6.313307682467049,5000,Excit.Thal,NA
1,MHb.2/Oligo,-2.30640649907971,5000,Excit.Thal,NA
2,MHb.2/Oligo,-0.9774704488819747,5000,Excit.Thal,NA
3,MHb.2/Oligo,-1.4859839537487685,5000,Excit.Thal,NA
4,MHb.2/Oligo,-1.7112620338036346,5000,Excit.Thal,NA
5,MHb.2/Oligo,-0.355435778322828,5000,Excit.Thal,NA
1,Oligo,3.855464123464735,5000,Excit.Thal,NA
2,Oligo,5.786786101031915,5000,Excit.Thal,NA
3,Oligo,5.151927552770845,5000,Excit.Thal,NA
4,Oligo,4.081959420522411,5000,Excit.Thal,NA
5,Oligo,1.8704944812042494,5000,Excit.Thal,NA
1,OPC,1.7503191576573007,5000,Excit.Thal,NA
2,OPC,1.7503191576573007,5000,Excit.Thal,NA
3,OPC,1.7503191576573007,5000,Excit.Thal,NA
4,OPC,1.0200632950477833,5000,Excit.Thal,NA
5,OPC,1.7503191576573007,5000,Excit.Thal,NA
1,Astrocyte,1.0505922750288401,100,LHb.4,NA
2,Astrocyte,0.40734035978908273,100,LHb.4,NA
3,Astrocyte,1.5902932052539278,100,LHb.4,NA
4,Astrocyte,1.8696676138776958,100,LHb.4,NA
5,Astrocyte,0.7893968581351788,100,LHb.4,NA
1,Endo,0.6906980411730307,100,LHb.4,NA
2,Endo,0.3582492409402258,100,LHb.4,NA
3,Endo,-0.2251559587034135,100,LHb.4,NA
4,Endo,-0.2251559587034135,100,LHb.4,NA
5,Endo,-0.2251559587034135,100,LHb.4,NA
1,Excit.Thal,-0.9858527503512037,100,LHb.4,NA
2,Excit.Thal,NA,100,LHb.4,NA
3,Excit.Thal,-0.9858527503512037,100,LHb.4,NA
4,Excit.Thal,-0.9858527503512037,100,LHb.4,NA
5,Excit.Thal,-0.9858527503512037,100,LHb.4,NA
1,LHb.4,-1.6394558461518667,100,LHb.4,NA
2,LHb.4,-1.3848397491520865,100,LHb.4,NA
3,LHb.4,-1.1029463558825485,100,LHb.4,NA
4,LHb.4,-0.4152038085138114,100,LHb.4,NA
5,LHb.4,-1.3848397491520865,100,LHb.4,NA
1,LHb.7,0.9499517535891263,100,LHb.4,NA
2,LHb.7,0.6757259810941236,100,LHb.4,NA
3,LHb.7,-0.10988527701584604,100,LHb.4,NA
4,LHb.7,-0.10988527701584604,100,LHb.4,NA
5,LHb.7,0.5410746481987738,100,LHb.4,NA
1,MHb.1,0.4078179905404744,100,LHb.4,NA
2,MHb.1,0.5315679555395924,100,LHb.4,NA
3,MHb.1,0.04292422951986227,100,LHb.4,NA
4,MHb.1,-0.6611626582093608,100,LHb.4,NA
5,MHb.1,-0.8890928862421648,100,LHb.4,NA
1,MHb.2,-1.7119995946353952,100,LHb.4,NA
2,MHb.2,-2.628886475490662,100,LHb.4,NA
3,MHb.2,-3.4649521304626223,100,LHb.4,NA
4,MHb.2,-1.7119995946353952,100,LHb.4,NA
5,MHb.2,-1.3960205225281352,100,LHb.4,NA
1,MHb.2/Oligo,-0.4152038085138114,100,LHb.4,NA
2,MHb.2/Oligo,0.03125419986849109,100,LHb.4,NA
3,MHb.2/Oligo,-0.4152038085138114,100,LHb.4,NA
4,MHb.2/Oligo,0.6067086282742981,100,LHb.4,NA
5,MHb.2/Oligo,0.03125419986849109,100,LHb.4,NA
1,Oligo,-1.1945620052800527,100,LHb.4,NA
2,Oligo,-0.6682704041703602,100,LHb.4,NA
3,Oligo,0.41960603034493765,100,LHb.4,NA
4,Oligo,-0.6682704041703602,100,LHb.4,NA
5,Oligo,0.41960603034493765,100,LHb.4,NA
1,OPC,0.03837902148986523,100,LHb.4,NA
2,OPC,1.7660627397291446,100,LHb.4,NA
3,OPC,1.0365976289716194,100,LHb.4,NA
4,OPC,1.7660627397291446,100,LHb.4,NA
5,OPC,0.48518197848804934,100,LHb.4,NA
1,Astrocyte,1.8696676138776958,200,LHb.4,NA
2,Astrocyte,1.0505922750288401,200,LHb.4,NA
3,Astrocyte,1.729137785052913,200,LHb.4,NA
4,Astrocyte,2.0119464150200024,200,LHb.4,NA
5,Astrocyte,2.3020217273553607,200,LHb.4,NA
1,Endo,-0.2251559587034135,200,LHb.4,NA
2,Endo,-0.9580022498607379,200,LHb.4,NA
3,Endo,1.0591793632921442,200,LHb.4,NA
4,Endo,1.473706471022809,200,LHb.4,NA
5,Endo,-0.9580022498607379,200,LHb.4,NA
1,Excit.Thal,-0.9858527503512037,200,LHb.4,NA
2,Excit.Thal,NA,200,LHb.4,NA
3,Excit.Thal,-0.9858527503512037,200,LHb.4,NA
4,Excit.Thal,-0.9858527503512037,200,LHb.4,NA
5,Excit.Thal,NA,200,LHb.4,NA
1,LHb.4,0.03125419986849109,200,LHb.4,NA
2,LHb.4,0.6067086282742981,200,LHb.4,NA
3,LHb.4,1.440105381134287,200,LHb.4,NA
4,LHb.4,0.03125419986849109,200,LHb.4,NA
5,LHb.4,0.6067086282742981,200,LHb.4,NA
1,LHb.7,-0.36082786847583387,200,LHb.4,NA
2,LHb.7,-0.7282680773116703,200,LHb.4,NA
3,LHb.7,-0.36082786847583387,200,LHb.4,NA
4,LHb.7,-0.23598329020317838,200,LHb.4,NA
5,LHb.7,0.8119973721123352,200,LHb.4,NA
1,MHb.1,1.565222501121648,200,LHb.4,NA
2,MHb.1,0.7824621188865688,200,LHb.4,NA
3,MHb.1,-1.5553949926706054,200,LHb.4,NA
4,MHb.1,-2.1990568697118222,200,LHb.4,NA
5,MHb.1,-0.42999480284534164,200,LHb.4,NA
1,MHb.2,-4.151965104005204,200,LHb.4,NA
2,MHb.2,-4.151965104005204,200,LHb.4,NA
3,MHb.2,-0.9858527503512037,200,LHb.4,NA
4,MHb.2,-1.979432658337765,200,LHb.4,NA
5,MHb.2,-3.611267649333973,200,LHb.4,NA
1,MHb.2/Oligo,-0.7846377726816877,200,LHb.4,NA
2,MHb.2/Oligo,0.6067086282742981,200,LHb.4,NA
3,MHb.2/Oligo,-0.4152038085138114,200,LHb.4,NA
4,MHb.2/Oligo,1.440105381134287,200,LHb.4,NA
5,MHb.2/Oligo,-1.3848397491520865,200,LHb.4,NA
1,Oligo,-0.5617332594871353,200,LHb.4,NA
2,Oligo,0.7570040383907136,200,LHb.4,NA
3,Oligo,-0.021860572738293668,200,LHb.4,NA
4,Oligo,0.30837552595329204,200,LHb.4,NA
5,Oligo,-0.34726681515318447,200,LHb.4,NA
1,OPC,1.0365976289716194,200,LHb.4,NA
2,OPC,1.7660627397291446,200,LHb.4,NA
3,OPC,0.48518197848804934,200,LHb.4,NA
4,OPC,1.0365976289716194,200,LHb.4,NA
5,OPC,1.7660627397291446,200,LHb.4,NA
1,Astrocyte,5.1624623977269986,500,LHb.4,NA
2,Astrocyte,3.383410822716471,500,LHb.4,NA
3,Astrocyte,3.2219277735536322,500,LHb.4,NA
4,Astrocyte,2.5999401693768425,500,LHb.4,NA
5,Astrocyte,1.8696676138776958,500,LHb.4,NA
1,Endo,0.6906980411730307,500,LHb.4,NA
2,Endo,1.473706471022809,500,LHb.4,NA
3,Endo,-0.2251559587034135,500,LHb.4,NA
4,Endo,0.05470977048098887,500,LHb.4,NA
5,Endo,-0.4853016534379095,500,LHb.4,NA
1,Excit.Thal,-1.3960205225281352,500,LHb.4,NA
2,Excit.Thal,NA,500,LHb.4,NA
3,Excit.Thal,-1.7119995946353952,500,LHb.4,NA
4,Excit.Thal,-0.9858527503512037,500,LHb.4,NA
5,Excit.Thal,-1.3960205225281352,500,LHb.4,NA
1,LHb.4,1.440105381134287,500,LHb.4,NA
2,LHb.4,0.6067086282742981,500,LHb.4,NA
3,LHb.4,1.440105381134287,500,LHb.4,NA
4,LHb.4,1.440105381134287,500,LHb.4,NA
5,LHb.4,1.440105381134287,500,LHb.4,NA
1,LHb.7,0.017511710353490292,500,LHb.4,NA
2,LHb.7,0.6757259810941236,500,LHb.4,NA
3,LHb.7,0.8119973721123352,500,LHb.4,NA
4,LHb.7,-0.7282680773116703,500,LHb.4,NA
5,LHb.7,0.8119973721123352,500,LHb.4,NA
1,MHb.1,-3.634209508746731,500,LHb.4,NA
2,MHb.1,-1.446034992952891,500,LHb.4,NA
3,MHb.1,-2.926672179978683,500,LHb.4,NA
4,MHb.1,-3.130664127415598,500,LHb.4,NA
5,MHb.1,-1.6641278390456336,500,LHb.4,NA
1,MHb.2,-4.151965104005204,500,LHb.4,NA
2,MHb.2,-4.639868072893364,500,LHb.4,NA
3,MHb.2,-4.521857502349145,500,LHb.4,NA
4,MHb.2,-2.814112859239534,500,LHb.4,NA
5,MHb.2,-3.4649521304626223,500,LHb.4,NA
1,MHb.2/Oligo,0.03125419986849109,500,LHb.4,NA
2,MHb.2/Oligo,-1.1029463558825485,500,LHb.4,NA
3,MHb.2/Oligo,-1.1029463558825485,500,LHb.4,NA
4,MHb.2/Oligo,0.03125419986849109,500,LHb.4,NA
5,MHb.2/Oligo,-1.3848397491520865,500,LHb.4,NA
1,Oligo,1.2162374253339259,500,LHb.4,NA
2,Oligo,-0.13084423498036038,500,LHb.4,NA
3,Oligo,2.172028291904111,500,LHb.4,NA
4,Oligo,2.172028291904111,500,LHb.4,NA
5,Oligo,1.100364433627538,500,LHb.4,NA
1,OPC,1.7660627397291446,500,LHb.4,NA
2,OPC,1.7660627397291446,500,LHb.4,NA
3,OPC,1.7660627397291446,500,LHb.4,NA
4,OPC,1.7660627397291446,500,LHb.4,NA
5,OPC,1.0365976289716194,500,LHb.4,NA
1,Astrocyte,4.779326226693332,1000,LHb.4,NA
2,Astrocyte,4.593448121701333,1000,LHb.4,NA
3,Astrocyte,1.0505922750288401,1000,LHb.4,NA
4,Astrocyte,5.1624623977269986,1000,LHb.4,NA
5,Astrocyte,2.7520372345068527,1000,LHb.4,NA
1,Endo,0.05470977048098887,1000,LHb.4,NA
2,Endo,0.05470977048098887,1000,LHb.4,NA
3,Endo,1.0591793632921442,1000,LHb.4,NA
4,Endo,1.0591793632921442,1000,LHb.4,NA
5,Endo,1.473706471022809,1000,LHb.4,NA
1,Excit.Thal,-0.9858527503512037,1000,LHb.4,NA
2,Excit.Thal,NA,1000,LHb.4,NA
3,Excit.Thal,NA,1000,LHb.4,NA
4,Excit.Thal,NA,1000,LHb.4,NA
5,Excit.Thal,NA,1000,LHb.4,NA
1,LHb.4,1.440105381134287,1000,LHb.4,NA
2,LHb.4,1.440105381134287,1000,LHb.4,NA
3,LHb.4,1.440105381134287,1000,LHb.4,NA
4,LHb.4,0.03125419986849109,1000,LHb.4,NA
5,LHb.4,0.6067086282742981,1000,LHb.4,NA
1,LHb.7,1.96876981581812,1000,LHb.4,NA
2,LHb.7,2.9320659216195786,1000,LHb.4,NA
3,LHb.7,2.2794264838852256,1000,LHb.4,NA
4,LHb.7,3.8174571022424195,1000,LHb.4,NA
5,LHb.7,4.197428920459121,1000,LHb.4,NA
1,MHb.1,-8.246760707500496,1000,LHb.4,NA
2,MHb.1,-8.055729147791233,1000,LHb.4,NA
3,MHb.1,-4.031262343770178,1000,LHb.4,NA
4,MHb.1,-7.294562771463741,1000,LHb.4,NA
5,MHb.1,-7.960350011775868,1000,LHb.4,NA
1,MHb.2,-2.9887734508738726,1000,LHb.4,NA
2,MHb.2,-2.2159753825175326,1000,LHb.4,NA
3,MHb.2,-4.151965104005204,1000,LHb.4,NA
4,MHb.2,-4.980738635693153,1000,LHb.4,NA
5,MHb.2,-3.4649521304626223,1000,LHb.4,NA
1,MHb.2/Oligo,0.6067086282742981,1000,LHb.4,NA
2,MHb.2/Oligo,-0.4152038085138114,1000,LHb.4,NA
3,MHb.2/Oligo,-0.4152038085138114,1000,LHb.4,NA
4,MHb.2/Oligo,0.03125419986849109,1000,LHb.4,NA
5,MHb.2/Oligo,0.03125419986849109,1000,LHb.4,NA
1,Oligo,4.8657471891074735,1000,LHb.4,NA
2,Oligo,3.588796463132028,1000,LHb.4,NA
3,Oligo,2.6717879061221557,1000,LHb.4,NA
4,Oligo,3.588796463132028,1000,LHb.4,NA
5,Oligo,4.2828141805281374,1000,LHb.4,NA
1,OPC,1.7660627397291446,1000,LHb.4,NA
2,OPC,1.0365976289716194,1000,LHb.4,NA
3,OPC,1.7660627397291446,1000,LHb.4,NA
4,OPC,1.7660627397291446,1000,LHb.4,NA
5,OPC,1.7660627397291446,1000,LHb.4,NA
1,Astrocyte,5.360106224379746,5000,LHb.4,NA
2,Astrocyte,4.968935540496159,5000,LHb.4,NA
3,Astrocyte,5.360106224379746,5000,LHb.4,NA
4,Astrocyte,4.779326226693332,5000,LHb.4,NA
5,Astrocyte,4.968935540496159,5000,LHb.4,NA
1,Endo,1.473706471022809,5000,LHb.4,NA
2,Endo,1.9489338833336791,5000,LHb.4,NA
3,Endo,0.6906980411730307,5000,LHb.4,NA
4,Endo,0.6906980411730307,5000,LHb.4,NA
5,Endo,1.9489338833336791,5000,LHb.4,NA
1,Excit.Thal,NA,5000,LHb.4,NA
2,Excit.Thal,NA,5000,LHb.4,NA
3,Excit.Thal,NA,5000,LHb.4,NA
4,Excit.Thal,NA,5000,LHb.4,NA
5,Excit.Thal,-0.9858527503512037,5000,LHb.4,NA
1,LHb.4,0.6067086282742981,5000,LHb.4,NA
2,LHb.4,1.440105381134287,5000,LHb.4,NA
3,LHb.4,1.440105381134287,5000,LHb.4,NA
4,LHb.4,1.440105381134287,5000,LHb.4,NA
5,LHb.4,1.440105381134287,5000,LHb.4,NA
1,LHb.7,4.39373969944527,5000,LHb.4,NA
2,LHb.7,2.7646920835745994,5000,LHb.4,NA
3,LHb.7,4.594576705290268,5000,LHb.4,NA
4,LHb.7,3.8174571022424195,5000,LHb.4,NA
5,LHb.7,4.005407930181492,5000,LHb.4,NA
1,MHb.1,-9.209282310060546,5000,LHb.4,NA
2,MHb.1,-9.112357134994514,5000,LHb.4,NA
3,MHb.1,-9.696705437861882,5000,LHb.4,NA
4,MHb.1,-8.919006859293113,5000,LHb.4,NA
5,MHb.1,-8.726274270560197,5000,LHb.4,NA
1,MHb.2,-4.980738635693153,5000,LHb.4,NA
2,MHb.2,-4.4013528375793145,5000,LHb.4,NA
3,MHb.2,-4.869148530277764,5000,LHb.4,NA
4,MHb.2,-4.639868072893364,5000,LHb.4,NA
5,MHb.2,-4.639868072893364,5000,LHb.4,NA
1,MHb.2/Oligo,-0.4152038085138114,5000,LHb.4,NA
2,MHb.2/Oligo,-0.4152038085138114,5000,LHb.4,NA
3,MHb.2/Oligo,0.6067086282742981,5000,LHb.4,NA
4,MHb.2/Oligo,-0.7846377726816877,5000,LHb.4,NA
5,MHb.2/Oligo,-0.7846377726816877,5000,LHb.4,NA
1,Oligo,5.794767021884175,5000,LHb.4,NA
2,Oligo,6.4569808183752775,5000,LHb.4,NA
3,Oligo,6.121165104050245,5000,LHb.4,NA
4,Oligo,6.121165104050245,5000,LHb.4,NA
5,Oligo,5.1676340837713,5000,LHb.4,NA
1,OPC,1.7660627397291446,5000,LHb.4,NA
2,OPC,1.0365976289716194,5000,LHb.4,NA
3,OPC,1.7660627397291446,5000,LHb.4,NA
4,OPC,1.7660627397291446,5000,LHb.4,NA
5,OPC,1.7660627397291446,5000,LHb.4,NA
1,Astrocyte,-0.12197175927831032,100,LHb.7,NA
2,Astrocyte,0.7914398825632964,100,LHb.7,NA
3,Astrocyte,0.4025564320127608,100,LHb.7,NA
4,Astrocyte,-0.40330748095501046,100,LHb.7,NA
5,Astrocyte,-1.2732350064081595,100,LHb.7,NA
1,Endo,-0.07163361845386998,100,LHb.7,NA
2,Endo,-0.5529985915464942,100,LHb.7,NA
3,Endo,-0.6122561881416679,100,LHb.7,NA
4,Endo,-0.43388455606364185,100,LHb.7,NA
5,Endo,-0.37402488549084356,100,LHb.7,NA
1,Excit.Thal,-0.13724939227518732,100,LHb.7,NA
2,Excit.Thal,-0.13724939227518732,100,LHb.7,NA
3,Excit.Thal,-0.13724939227518732,100,LHb.7,NA
4,Excit.Thal,0.34387625104984954,100,LHb.7,NA
5,Excit.Thal,-0.13724939227518732,100,LHb.7,NA
1,LHb.4,0.008527215643380671,100,LHb.7,NA
2,LHb.4,-0.3244864654342726,100,LHb.7,NA
3,LHb.4,-0.6233381354491844,100,LHb.7,NA
4,LHb.4,-0.3244864654342726,100,LHb.7,NA
5,LHb.4,-0.3244864654342726,100,LHb.7,NA
1,LHb.7,0.6251693135735341,100,LHb.7,NA
2,LHb.7,0.5076068010417732,100,LHb.7,NA
3,LHb.7,0.5369735872149497,100,LHb.7,NA
4,LHb.7,0.4489207378300869,100,LHb.7,NA
5,LHb.7,1.0090211927428214,100,LHb.7,NA
1,MHb.1,0.43843199309576414,100,LHb.7,NA
2,MHb.1,0.5297857896070511,100,LHb.7,NA
3,MHb.1,0.1644079974784251,100,LHb.7,NA
4,MHb.1,1.0323601926453712,100,LHb.7,NA
5,MHb.1,1.0323601926453712,100,LHb.7,NA
1,MHb.2,-0.9500760058946465,100,LHb.7,NA
2,MHb.2,-1.6145981883384573,100,LHb.7,NA
3,MHb.2,-1.4520492891705301,100,LHb.7,NA
4,MHb.2,-0.42478213538850845,100,LHb.7,NA
5,MHb.2,-0.6905020405814037,100,LHb.7,NA
1,MHb.2/Oligo,0.03298820521847354,100,LHb.7,NA
2,MHb.2/Oligo,-0.7711087999275227,100,LHb.7,NA
3,MHb.2/Oligo,-0.05926341497433063,100,LHb.7,NA
4,MHb.2/Oligo,-1.4409221131480368,100,LHb.7,NA
5,MHb.2/Oligo,-0.6845498173058703,100,LHb.7,NA
1,Oligo,-0.7773457722097961,100,LHb.7,NA
2,Oligo,-0.545714709137425,100,LHb.7,NA
3,Oligo,-0.16721252511386306,100,LHb.7,NA
4,Oligo,-0.7195293217071514,100,LHb.7,NA
5,Oligo,-0.8351017155654598,100,LHb.7,NA
1,OPC,0.2884615176786827,100,LHb.7,NA
2,OPC,0.011284886813347895,100,LHb.7,NA
3,OPC,0.5882536644099434,100,LHb.7,NA
4,OPC,0.011284886813347895,100,LHb.7,NA
5,OPC,0.011284886813347895,100,LHb.7,NA
1,Astrocyte,-1.541642577605587,200,LHb.7,NA
2,Astrocyte,-0.2630510106950382,200,LHb.7,NA
3,Astrocyte,-0.16909033782861552,200,LHb.7,NA
4,Astrocyte,-0.21611660567076982,200,LHb.7,NA
5,Astrocyte,-0.6352719158167179,200,LHb.7,NA
1,Endo,-0.2536920148297149,200,LHb.7,NA
2,Endo,-0.6122561881416679,200,LHb.7,NA
3,Endo,-0.6713162936433961,200,LHb.7,NA
4,Endo,-1.3651867360048622,200,LHb.7,NA
5,Endo,-1.5345442872774044,200,LHb.7,NA
1,Excit.Thal,0.019107570566644475,200,LHb.7,NA
2,Excit.Thal,-0.13724939227518732,200,LHb.7,NA
3,Excit.Thal,-0.13724939227518732,200,LHb.7,NA
4,Excit.Thal,0.1794055077161111,200,LHb.7,NA
5,Excit.Thal,-0.13724939227518732,200,LHb.7,NA
1,LHb.4,-0.6233381354491844,200,LHb.7,NA
2,LHb.4,-0.3244864654342726,200,LHb.7,NA
3,LHb.4,-0.8951896011014553,200,LHb.7,NA
4,LHb.4,-0.6233381354491844,200,LHb.7,NA
5,LHb.4,-0.6233381354491844,200,LHb.7,NA
1,LHb.7,3.032673633837585,200,LHb.7,NA
2,LHb.7,2.116876206590313,200,LHb.7,NA
3,LHb.7,2.694992953392309,200,LHb.7,NA
4,LHb.7,2.3595097279051243,200,LHb.7,NA
5,LHb.7,3.032673633837585,200,LHb.7,NA
1,MHb.1,0.9866618661259765,200,LHb.7,NA
2,MHb.1,0.5069467207783517,200,LHb.7,NA
3,MHb.1,-0.33784600144658655,200,LHb.7,NA
4,MHb.1,0.30141326723191236,200,LHb.7,NA
5,MHb.1,1.055210141179426,200,LHb.7,NA
1,MHb.2,-3.3382103168426385,200,LHb.7,NA
2,MHb.2,-2.6931112466982037,200,LHb.7,NA
3,MHb.2,-1.4520492891705301,200,LHb.7,NA
4,MHb.2,-2.7665143785862916,200,LHb.7,NA
5,MHb.2,-2.6931112466982037,200,LHb.7,NA
1,MHb.2/Oligo,-1.0269003985120047,200,LHb.7,NA
2,MHb.2/Oligo,-0.15075629210940095,200,LHb.7,NA
3,MHb.2/Oligo,-1.0269003985120047,200,LHb.7,NA
4,MHb.2/Oligo,-0.4208227426136567,200,LHb.7,NA
5,MHb.2/Oligo,-0.33152231240804686,200,LHb.7,NA
1,Oligo,-1.4950165459597105,200,LHb.7,NA
2,Oligo,-1.2663647036655572,200,LHb.7,NA
3,Oligo,-0.8351017155654598,200,LHb.7,NA
4,Oligo,-0.7484451241608688,200,LHb.7,NA
5,Oligo,-1.9778463175752548,200,LHb.7,NA
1,OPC,0.011284886813347895,200,LHb.7,NA
2,OPC,0.5882536644099434,200,LHb.7,NA
3,OPC,0.011284886813347895,200,LHb.7,NA
4,OPC,0.011284886813347895,200,LHb.7,NA
5,OPC,0.011284886813347895,200,LHb.7,NA
1,Astrocyte,-0.35664600821969605,500,LHb.7,NA
2,Astrocyte,-0.589056659185241,500,LHb.7,NA
3,Astrocyte,-0.2630510106950382,500,LHb.7,NA
4,Astrocyte,-0.35664600821969605,500,LHb.7,NA
5,Astrocyte,0.2583548582804747,500,LHb.7,NA
1,Endo,0.6126490178628738,500,LHb.7,NA
2,Endo,0.05079816874190594,500,LHb.7,NA
3,Endo,-0.01052484832184609,500,LHb.7,NA
4,Endo,0.2360707010346513,500,LHb.7,NA
5,Endo,1.6591524404009521,500,LHb.7,NA
1,Excit.Thal,0.5127723682371288,500,LHb.7,NA
2,Excit.Thal,0.6863696646718844,500,LHb.7,NA
3,Excit.Thal,0.5127723682371288,500,LHb.7,NA
4,Excit.Thal,0.1794055077161111,500,LHb.7,NA
5,Excit.Thal,1.2385391107723416,500,LHb.7,NA
1,LHb.4,0.38611557588900486,500,LHb.7,NA
2,LHb.4,-0.6233381354491844,500,LHb.7,NA
3,LHb.4,-0.3244864654342726,500,LHb.7,NA
4,LHb.4,0.38611557588900486,500,LHb.7,NA
5,LHb.4,0.008527215643380671,500,LHb.7,NA
1,LHb.7,6.475149548880949,500,LHb.7,NA
2,LHb.7,4.437982886995951,500,LHb.7,NA
3,LHb.7,7.577891250327137,500,LHb.7,NA
4,LHb.7,7.2074274666897775,500,LHb.7,NA
5,LHb.7,8.74205792770558,500,LHb.7,NA
1,MHb.1,-4.127331090718747,500,LHb.7,NA
2,MHb.1,-1.478976240903655,500,LHb.7,NA
3,MHb.1,-5.614025932220444,500,LHb.7,NA
4,MHb.1,-6.026303737389174,500,LHb.7,NA
5,MHb.1,-7.081342974972548,500,LHb.7,NA
1,MHb.2,-5.335031605605338,500,LHb.7,NA
2,MHb.2,-4.598603708577658,500,LHb.7,NA
3,MHb.2,-0.514059267656596,500,LHb.7,NA
4,MHb.2,-3.126966808427515,500,LHb.7,NA
5,MHb.2,-6.14557006850701,500,LHb.7,NA
1,MHb.2/Oligo,0.8001632652959968,500,LHb.7,NA
2,MHb.2/Oligo,-0.9422727772234495,500,LHb.7,NA
3,MHb.2/Oligo,-0.05926341497433063,500,LHb.7,NA
4,MHb.2/Oligo,-1.2770955832426252,500,LHb.7,NA
5,MHb.2/Oligo,-1.1109063792153664,500,LHb.7,NA
1,Oligo,0.7462121608770762,500,LHb.7,NA
2,Oligo,-0.020930786044920113,500,LHb.7,NA
3,Oligo,0.30229044458692705,500,LHb.7,NA
4,Oligo,2.591239952344578,500,LHb.7,NA
5,Oligo,2.776347506574783,500,LHb.7,NA
1,OPC,1.2752811733631157,500,LHb.7,NA
2,OPC,0.011284886813347895,500,LHb.7,NA
3,OPC,0.9151916296344117,500,LHb.7,NA
4,OPC,0.2884615176786827,500,LHb.7,NA
5,OPC,0.5882536644099434,500,LHb.7,NA
1,Astrocyte,0.019942367115276714,1000,LHb.7,NA
2,Astrocyte,-0.12197175927831032,1000,LHb.7,NA
3,Astrocyte,0.49917971022566854,1000,LHb.7,NA
4,Astrocyte,2.89312548302164,1000,LHb.7,NA
5,Astrocyte,1.4878570312033284,1000,LHb.7,NA
1,Endo,4.04839573213058,1000,LHb.7,NA
2,Endo,3.663400278987445,1000,LHb.7,NA
3,Endo,3.9706659347514126,1000,LHb.7,NA
4,Endo,1.7267448192080133,1000,LHb.7,NA
5,Endo,2.5597736224875645,1000,LHb.7,NA
1,Excit.Thal,1.8458853886447024,1000,LHb.7,NA
2,Excit.Thal,2.0628071508675583,1000,LHb.7,NA
3,Excit.Thal,2.0628071508675583,1000,LHb.7,NA
4,Excit.Thal,0.8649700686369788,1000,LHb.7,NA
5,Excit.Thal,1.2385391107723416,1000,LHb.7,NA
1,LHb.4,0.38611557588900486,1000,LHb.7,NA
2,LHb.4,0.8242052033732118,1000,LHb.7,NA
3,LHb.4,0.8242052033732118,1000,LHb.7,NA
4,LHb.4,0.008527215643380671,1000,LHb.7,NA
5,LHb.4,0.38611557588900486,1000,LHb.7,NA
1,LHb.7,13.923179189643452,1000,LHb.7,NA
2,LHb.7,12.958192096614766,1000,LHb.7,NA
3,LHb.7,11.716921947820316,1000,LHb.7,NA
4,LHb.7,10.438076706446129,1000,LHb.7,NA
5,LHb.7,13.149440414633032,1000,LHb.7,NA
1,MHb.1,-16.81663739662534,1000,LHb.7,NA
2,MHb.1,-15.579118561878255,1000,LHb.7,NA
3,MHb.1,-9.522608591652125,1000,LHb.7,NA
4,MHb.1,-8.4612259676326,1000,LHb.7,NA
5,MHb.1,-14.703625100513529,1000,LHb.7,NA
1,MHb.2,-4.661590150286303,1000,LHb.7,NA
2,MHb.2,-3.750104404851283,1000,LHb.7,NA
3,MHb.2,-11.79275308912164,1000,LHb.7,NA
4,MHb.2,-10.576469431591294,1000,LHb.7,NA
5,MHb.2,-7.637131806121013,1000,LHb.7,NA
1,MHb.2/Oligo,0.1260131940384372,1000,LHb.7,NA
2,MHb.2/Oligo,-1.0269003985120047,1000,LHb.7,NA
3,MHb.2/Oligo,-0.7711087999275227,1000,LHb.7,NA
4,MHb.2/Oligo,-0.8570126331396766,1000,LHb.7,NA
5,MHb.2/Oligo,-0.4208227426136567,1000,LHb.7,NA
1,Oligo,9.534327278257155,1000,LHb.7,NA
2,Oligo,8.721161925761919,1000,LHb.7,NA
3,Oligo,5.902225917307479,1000,LHb.7,NA
4,Oligo,4.314270026948088,1000,LHb.7,NA
5,Oligo,8.791286458244548,1000,LHb.7,NA
1,OPC,0.9151916296344117,1000,LHb.7,NA
2,OPC,1.2752811733631157,1000,LHb.7,NA
3,OPC,0.5882536644099434,1000,LHb.7,NA
4,OPC,0.9151916296344117,1000,LHb.7,NA
5,OPC,2.654953290100533,1000,LHb.7,NA
1,Astrocyte,6.246270094659976,5000,LHb.7,NA
2,Astrocyte,4.972628078466375,5000,LHb.7,NA
3,Astrocyte,5.93619512463847,5000,LHb.7,NA
4,Astrocyte,4.448650832977879,5000,LHb.7,NA
5,Astrocyte,0.21048128445286904,5000,LHb.7,NA
1,Endo,7.1313923156306815,5000,LHb.7,NA
2,Endo,6.483212683562797,5000,LHb.7,NA
3,Endo,6.213381698406594,5000,LHb.7,NA
4,Endo,4.846905896488062,5000,LHb.7,NA
5,Endo,4.363087489829444,5000,LHb.7,NA
1,Excit.Thal,2.7657173525758396,5000,LHb.7,NA
2,Excit.Thal,2.0628071508675583,5000,LHb.7,NA
3,Excit.Thal,2.5219842324042605,5000,LHb.7,NA
4,Excit.Thal,3.5645866652195655,5000,LHb.7,NA
5,Excit.Thal,2.5219842324042605,5000,LHb.7,NA
1,LHb.4,0.8242052033732118,5000,LHb.7,NA
2,LHb.4,0.008527215643380671,5000,LHb.7,NA
3,LHb.4,0.008527215643380671,5000,LHb.7,NA
4,LHb.4,0.008527215643380671,5000,LHb.7,NA
5,LHb.4,0.8242052033732118,5000,LHb.7,NA
1,LHb.7,18.28421970891699,5000,LHb.7,NA
2,LHb.7,18.327677661457926,5000,LHb.7,NA
3,LHb.7,18.327677661457926,5000,LHb.7,NA
4,LHb.7,17.509940810120572,5000,LHb.7,NA
5,LHb.7,16.210346655251126,5000,LHb.7,NA
1,MHb.1,-20.75809264034763,5000,LHb.7,NA
2,MHb.1,-19.683931772667076,5000,LHb.7,NA
3,MHb.1,-19.416638794506667,5000,LHb.7,NA
4,MHb.1,-20.880677125216064,5000,LHb.7,NA
5,MHb.1,-15.342100437642241,5000,LHb.7,NA
1,MHb.2,-16.416326416172932,5000,LHb.7,NA
2,MHb.2,-16.634220548516645,5000,LHb.7,NA
3,MHb.2,-17.276230401338157,5000,LHb.7,NA
4,MHb.2,-11.356482053624763,5000,LHb.7,NA
5,MHb.2,-12.409199237084044,5000,LHb.7,NA
1,MHb.2/Oligo,-0.2415046474330236,5000,LHb.7,NA
2,MHb.2/Oligo,-1.1943013268428586,5000,LHb.7,NA
3,MHb.2/Oligo,-0.9422727772234495,5000,LHb.7,NA
4,MHb.2/Oligo,0.03298820521847354,5000,LHb.7,NA
5,MHb.2/Oligo,-0.9422727772234495,5000,LHb.7,NA
1,Oligo,16.62128293853121,5000,LHb.7,NA
2,Oligo,16.79064080628503,5000,LHb.7,NA
3,Oligo,16.45263822295165,5000,LHb.7,NA
4,Oligo,13.84562026774667,5000,LHb.7,NA
5,Oligo,11.059117458510508,5000,LHb.7,NA
1,OPC,1.6767027540592385,5000,LHb.7,NA
2,OPC,2.654953290100533,5000,LHb.7,NA
3,OPC,2.654953290100533,5000,LHb.7,NA
4,OPC,1.2752811733631157,5000,LHb.7,NA
5,OPC,1.6767027540592385,5000,LHb.7,NA
1,Astrocyte,0.20966753236323027,100,MHb.1,NA
2,Astrocyte,0.17573192331333837,100,MHb.1,NA
3,Astrocyte,0.040352175375339375,100,MHb.1,NA
4,Astrocyte,0.040352175375339375,100,MHb.1,NA
5,Astrocyte,0.0065974548798853295,100,MHb.1,NA
1,Endo,0.3241399996577328,100,MHb.1,NA
2,Endo,0.05709425748972734,100,MHb.1,NA
3,Endo,0.2704350797055744,100,MHb.1,NA
4,Endo,-0.15392453141983223,100,MHb.1,NA
5,Endo,-0.36267840368835513,100,MHb.1,NA
1,Excit.Thal,0.29658940888821933,100,MHb.1,NA
2,Excit.Thal,0.14746577145290332,100,MHb.1,NA
3,Excit.Thal,0.29658940888821933,100,MHb.1,NA
4,Excit.Thal,0.4490209520249644,100,MHb.1,NA
5,Excit.Thal,0.00149325511150606,100,MHb.1,NA
1,LHb.4,-0.30085652151434283,100,MHb.1,NA
2,LHb.4,6.811094772079814e-4,100,MHb.1,NA
3,LHb.4,-0.30085652151434283,100,MHb.1,NA
4,LHb.4,-0.5767285086032202,100,MHb.1,NA
5,LHb.4,6.811094772079814e-4,100,MHb.1,NA
1,LHb.7,0.8169559558255087,100,MHb.1,NA
2,LHb.7,0.9580657058859899,100,MHb.1,NA
3,LHb.7,0.8451379424836809,100,MHb.1,NA
4,LHb.7,0.9015617926525302,100,MHb.1,NA
5,LHb.7,1.1280605698103114,100,MHb.1,NA
1,MHb.1,0.19359504071759415,100,MHb.1,NA
2,MHb.1,0.3012409496676616,100,MHb.1,NA
3,MHb.1,0.08587778550386957,100,MHb.1,NA
4,MHb.1,0.11281380121380784,100,MHb.1,NA
5,MHb.1,0.24742689841144666,100,MHb.1,NA
1,MHb.2,0.012787559467315954,100,MHb.1,NA
2,MHb.2,0.012787559467315954,100,MHb.1,NA
3,MHb.2,0.012787559467315954,100,MHb.1,NA
4,MHb.2,0.012787559467315954,100,MHb.1,NA
5,MHb.2,0.012787559467315954,100,MHb.1,NA
1,MHb.2/Oligo,0.04911491570704847,100,MHb.1,NA
2,MHb.2/Oligo,0.09333619722351691,100,MHb.1,NA
3,MHb.2/Oligo,0.09333619722351691,100,MHb.1,NA
4,MHb.2/Oligo,0.004976538753971892,100,MHb.1,NA
5,MHb.2/Oligo,0.004976538753971892,100,MHb.1,NA
1,Oligo,-1.7109617211563928,100,MHb.1,NA
2,Oligo,-1.9096695569953812,100,MHb.1,NA
3,Oligo,-1.3965521613880452,100,MHb.1,NA
4,Oligo,-1.1950809522317571,100,MHb.1,NA
5,Oligo,-1.568377134287242,100,MHb.1,NA
1,OPC,7.461448397080455e-4,100,MHb.1,NA
2,OPC,-0.276638204822574,100,MHb.1,NA
3,OPC,0.3022852544557694,100,MHb.1,NA
4,OPC,7.461448397080455e-4,100,MHb.1,NA
5,OPC,0.3022852544557694,100,MHb.1,NA
1,Astrocyte,-0.12806326955490754,200,MHb.1,NA
2,Astrocyte,0.17573192331333837,200,MHb.1,NA
3,Astrocyte,0.10796969442693895,200,MHb.1,NA
4,Astrocyte,0.07414289168706745,200,MHb.1,NA
5,Astrocyte,-0.22868524759975237,200,MHb.1,NA
1,Endo,0.0041241367260428236,200,MHb.1,NA
2,Endo,0.11020949483424138,200,MHb.1,NA
3,Endo,-0.10138436545387158,200,MHb.1,NA
4,Endo,-0.25858109357017856,200,MHb.1,NA
5,Endo,-0.5692224259044928,200,MHb.1,NA
1,Excit.Thal,0.4490209520249644,200,MHb.1,NA
2,Excit.Thal,0.7644951529012485,200,MHb.1,NA
3,Excit.Thal,0.6049289982614742,200,MHb.1,NA
4,Excit.Thal,0.6049289982614742,200,MHb.1,NA
5,Excit.Thal,0.4490209520249644,200,MHb.1,NA
1,LHb.4,-0.8314678666975065,200,MHb.1,NA
2,LHb.4,-0.5767285086032202,200,MHb.1,NA
3,LHb.4,-0.8314678666975065,200,MHb.1,NA
4,LHb.4,-0.5767285086032202,200,MHb.1,NA
5,LHb.4,-0.5767285086032202,200,MHb.1,NA
1,LHb.7,1.5849722364881953,200,MHb.1,NA
2,LHb.7,1.5275692474458191,200,MHb.1,NA
3,LHb.7,1.3844249375823243,200,MHb.1,NA
4,LHb.7,1.1280605698103114,200,MHb.1,NA
5,LHb.7,1.6712332645076697,200,MHb.1,NA
1,MHb.1,0.5163196909596751,200,MHb.1,NA
2,MHb.1,0.6908630632161578,200,MHb.1,NA
3,MHb.1,0.7579456867587874,200,MHb.1,NA
4,MHb.1,0.6908630632161578,200,MHb.1,NA
5,MHb.1,0.7176994018489183,200,MHb.1,NA
1,MHb.2,0.012787559467315954,200,MHb.1,NA
2,MHb.2,0.031759523610633264,200,MHb.1,NA
3,MHb.2,0.012787559467315954,200,MHb.1,NA
4,MHb.2,0.031759523610633264,200,MHb.1,NA
5,MHb.2,0.012787559467315954,200,MHb.1,NA
1,MHb.2/Oligo,0.04911491570704847,200,MHb.1,NA
2,MHb.2/Oligo,0.2710576102325488,200,MHb.1,NA
3,MHb.2/Oligo,0.04911491570704847,200,MHb.1,NA
4,MHb.2/Oligo,0.004976538753971892,200,MHb.1,NA
5,MHb.2/Oligo,0.13764074362949302,200,MHb.1,NA
1,Oligo,-2.66639683842948,200,MHb.1,NA
2,Oligo,-3.5440516240406943,200,MHb.1,NA
3,Oligo,-3.1077621253717798,200,MHb.1,NA
4,Oligo,-2.6386396463850996,200,MHb.1,NA
5,Oligo,-2.887723018179284,200,MHb.1,NA
1,OPC,7.461448397080455e-4,200,MHb.1,NA
2,OPC,0.3022852544557694,200,MHb.1,NA
3,OPC,-0.276638204822574,200,MHb.1,NA
4,OPC,-0.276638204822574,200,MHb.1,NA
5,OPC,0.3022852544557694,200,MHb.1,NA
1,Astrocyte,0.10796969442693895,500,MHb.1,NA
2,Astrocyte,-0.06080435944625695,500,MHb.1,NA
3,Astrocyte,-0.2955900052265832,500,MHb.1,NA
4,Astrocyte,-0.3623543315290439,500,MHb.1,NA
5,Astrocyte,-0.46223903123438514,500,MHb.1,NA
1,Endo,-0.4662232818233177,500,MHb.1,NA
2,Endo,-0.7736097100662381,500,MHb.1,NA
3,Endo,-0.36267840368835513,500,MHb.1,NA
4,Endo,0.7043221552084462,500,MHb.1,NA
5,Endo,-0.15392453141983223,500,MHb.1,NA
1,Excit.Thal,0.29658940888821933,500,MHb.1,NA
2,Excit.Thal,0.00149325511150606,500,MHb.1,NA
3,Excit.Thal,0.14746577145290332,500,MHb.1,NA
4,Excit.Thal,0.6049289982614742,500,MHb.1,NA
5,Excit.Thal,0.7644951529012485,500,MHb.1,NA
1,LHb.4,-0.5767285086032202,500,MHb.1,NA
2,LHb.4,-0.5767285086032202,500,MHb.1,NA
3,LHb.4,-0.5767285086032202,500,MHb.1,NA
4,LHb.4,-0.30085652151434283,500,MHb.1,NA
5,LHb.4,-0.5767285086032202,500,MHb.1,NA
1,LHb.7,0.7606516896532535,500,MHb.1,NA
2,LHb.7,1.1564638656118367,500,MHb.1,NA
3,LHb.7,1.41301243894797,500,MHb.1,NA
4,LHb.7,1.355858045028169,500,MHb.1,NA
5,LHb.7,0.7887938828346066,500,MHb.1,NA
1,MHb.1,2.0406901418300056,500,MHb.1,NA
2,MHb.1,1.3738285799936343,500,MHb.1,NA
3,MHb.1,2.1072307870677096,500,MHb.1,NA
4,MHb.1,2.3996987284630107,500,MHb.1,NA
5,MHb.1,2.6120863900167457,500,MHb.1,NA
1,MHb.2,0.031759523610633264,500,MHb.1,NA
2,MHb.2,0.08870722010017544,500,MHb.1,NA
3,MHb.2,0.10770040051642359,500,MHb.1,NA
4,MHb.2,0.012787559467315954,500,MHb.1,NA
5,MHb.2,0.10770040051642359,500,MHb.1,NA
1,MHb.2/Oligo,0.40523705670593513,500,MHb.1,NA
2,MHb.2/Oligo,0.1820289175624161,500,MHb.1,NA
3,MHb.2/Oligo,0.5853467263798898,500,MHb.1,NA
4,MHb.2/Oligo,0.36042522330526056,500,MHb.1,NA
5,MHb.2/Oligo,0.6305916433282903,500,MHb.1,NA
1,Oligo,-5.111255411948375,500,MHb.1,NA
2,Oligo,-3.814218046039898,500,MHb.1,NA
3,Oligo,-5.756668872715225,500,MHb.1,NA
4,Oligo,-6.592684913741391,500,MHb.1,NA
5,Oligo,-6.2654565340273285,500,MHb.1,NA
1,OPC,-0.276638204822574,500,MHb.1,NA
2,OPC,0.3022852544557694,500,MHb.1,NA
3,OPC,-0.276638204822574,500,MHb.1,NA
4,OPC,7.461448397080455e-4,500,MHb.1,NA
5,OPC,-0.276638204822574,500,MHb.1,NA
1,Astrocyte,-0.3623543315290439,1000,MHb.1,NA
2,Astrocyte,-0.3956840503252093,1000,MHb.1,NA
3,Astrocyte,-0.628021148775421,1000,MHb.1,NA
4,Astrocyte,-1.3474283984524815,1000,MHb.1,NA
5,Astrocyte,-1.087688693601541,1000,MHb.1,NA
1,Endo,-0.7227122495742021,1000,MHb.1,NA
2,Endo,-1.1262509432751109,1000,MHb.1,NA
3,Endo,-0.7227122495742021,1000,MHb.1,NA
4,Endo,-0.41451947530482164,1000,MHb.1,NA
5,Endo,-0.15392453141983223,1000,MHb.1,NA
1,Excit.Thal,0.4490209520249644,1000,MHb.1,NA
2,Excit.Thal,0.6049289982614742,1000,MHb.1,NA
3,Excit.Thal,0.29658940888821933,1000,MHb.1,NA
4,Excit.Thal,0.14746577145290332,1000,MHb.1,NA
5,Excit.Thal,0.29658940888821933,1000,MHb.1,NA
1,LHb.4,-0.5767285086032202,1000,MHb.1,NA
2,LHb.4,-0.8314678666975065,1000,MHb.1,NA
3,LHb.4,-0.8314678666975065,1000,MHb.1,NA
4,LHb.4,-0.8314678666975065,1000,MHb.1,NA
5,LHb.4,-0.5767285086032202,1000,MHb.1,NA
1,LHb.7,-0.3491132131494284,1000,MHb.1,NA
2,LHb.7,-0.15710488443231285,1000,MHb.1,NA
3,LHb.7,0.3687296021806938,1000,MHb.1,NA
4,LHb.7,0.5082609971120925,1000,MHb.1,NA
5,LHb.7,-0.18459072782587913,1000,MHb.1,NA
1,MHb.1,4.393758391149267,1000,MHb.1,NA
2,MHb.1,4.328093750283059,1000,MHb.1,NA
3,MHb.1,3.9994031685426568,1000,MHb.1,NA
4,MHb.1,3.973081350046584,1000,MHb.1,NA
5,MHb.1,4.4331454747695656,1000,MHb.1,NA
1,MHb.2,0.10770040051642359,1000,MHb.1,NA
2,MHb.2,0.12669889518666883,1000,MHb.1,NA
3,MHb.2,0.7758391068607421,1000,MHb.1,NA
4,MHb.2,0.5269021457408887,1000,MHb.1,NA
5,MHb.2,0.45049035883940014,1000,MHb.1,NA
1,MHb.2/Oligo,0.4501347431013281,1000,MHb.1,NA
2,MHb.2/Oligo,0.6759243350834708,1000,MHb.1,NA
3,MHb.2/Oligo,0.40523705670593513,1000,MHb.1,NA
4,MHb.2/Oligo,0.40523705670593513,1000,MHb.1,NA
5,MHb.2/Oligo,0.6305916433282903,1000,MHb.1,NA
1,Oligo,-8.285978784700028,1000,MHb.1,NA
2,Oligo,-8.21381905183238,1000,MHb.1,NA
3,Oligo,-8.71626914452607,1000,MHb.1,NA
4,Oligo,-8.069113187098118,1000,MHb.1,NA
5,Oligo,-8.692482908712181,1000,MHb.1,NA
1,OPC,0.3022852544557694,1000,MHb.1,NA
2,OPC,-0.276638204822574,1000,MHb.1,NA
3,OPC,-0.276638204822574,1000,MHb.1,NA
4,OPC,-0.276638204822574,1000,MHb.1,NA
5,OPC,-0.276638204822574,1000,MHb.1,NA
1,Astrocyte,-1.3474283984524815,5000,MHb.1,NA
2,Astrocyte,-1.5729944240585463,5000,MHb.1,NA
3,Astrocyte,-1.4765164047714743,5000,MHb.1,NA
4,Astrocyte,-1.2826898719282922,5000,MHb.1,NA
5,Astrocyte,-0.5618116476109973,5000,MHb.1,NA
1,Endo,-1.1761172745330855,5000,MHb.1,NA
2,Endo,-1.0762583674624115,5000,MHb.1,NA
3,Endo,-0.9255157100686108,5000,MHb.1,NA
4,Endo,-0.9255157100686108,5000,MHb.1,NA
5,Endo,-1.0261388040822235,5000,MHb.1,NA
1,Excit.Thal,0.14746577145290332,5000,MHb.1,NA
2,Excit.Thal,0.29658940888821933,5000,MHb.1,NA
3,Excit.Thal,0.29658940888821933,5000,MHb.1,NA
4,Excit.Thal,0.00149325511150606,5000,MHb.1,NA
5,Excit.Thal,0.14746577145290332,5000,MHb.1,NA
1,LHb.4,-0.8314678666975065,5000,MHb.1,NA
2,LHb.4,-0.8314678666975065,5000,MHb.1,NA
3,LHb.4,-0.8314678666975065,5000,MHb.1,NA
4,LHb.4,-0.8314678666975065,5000,MHb.1,NA
5,LHb.4,-0.5767285086032202,5000,MHb.1,NA
1,LHb.7,-0.838697678942629,5000,MHb.1,NA
2,LHb.7,-0.5129675069219127,5000,MHb.1,NA
3,LHb.7,-0.7032950804576585,5000,MHb.1,NA
4,LHb.7,-0.7032950804576585,5000,MHb.1,NA
5,LHb.7,-0.4584232454358401,5000,MHb.1,NA
1,MHb.1,5.2190620085429975,5000,MHb.1,NA
2,MHb.1,5.088315519601426,5000,MHb.1,NA
3,MHb.1,5.062154799775541,5000,MHb.1,NA
4,MHb.1,5.24519990713485,5000,MHb.1,NA
5,MHb.1,4.616836194263782,5000,MHb.1,NA
1,MHb.2,1.141332436189165,5000,MHb.1,NA
2,MHb.2,1.1606240803324055,5000,MHb.1,NA
3,MHb.2,1.237846154825485,5000,MHb.1,NA
4,MHb.2,0.8718292763668894,5000,MHb.1,NA
5,MHb.2,0.45049035883940014,5000,MHb.1,NA
1,MHb.2/Oligo,0.7213451935983968,5000,MHb.1,NA
2,MHb.2/Oligo,0.6305916433282903,5000,MHb.1,NA
3,MHb.2/Oligo,0.2710576102325488,5000,MHb.1,NA
4,MHb.2/Oligo,0.40523705670593513,5000,MHb.1,NA
5,MHb.2/Oligo,0.7213451935983968,5000,MHb.1,NA
1,Oligo,-9.726252911647254,5000,MHb.1,NA
2,Oligo,-9.656585973531035,5000,MHb.1,NA
3,Oligo,-9.493572372560013,5000,MHb.1,NA
4,Oligo,-9.540213287620212,5000,MHb.1,NA
5,Oligo,-8.834993118857966,5000,MHb.1,NA
1,OPC,-0.276638204822574,5000,MHb.1,NA
2,OPC,-0.276638204822574,5000,MHb.1,NA
3,OPC,-0.276638204822574,5000,MHb.1,NA
4,OPC,-0.276638204822574,5000,MHb.1,NA
5,OPC,0.3022852544557694,5000,MHb.1,NA
1,Astrocyte,-1.407929675864032,100,MHb.2,NA
2,Astrocyte,-0.8465882675566293,100,MHb.2,NA
3,Astrocyte,-1.1879954423806858,100,MHb.2,NA
4,Astrocyte,-2.8964817889592847,100,MHb.2,NA
5,Astrocyte,-3.253874237189441,100,MHb.2,NA
1,Endo,0.18294165968266432,100,MHb.2,NA
2,Endo,-0.16063254720703013,100,MHb.2,NA
3,Endo,-0.6412768224673092,100,MHb.2,NA
4,Endo,-0.16063254720703013,100,MHb.2,NA
5,Endo,-0.6412768224673092,100,MHb.2,NA
1,Excit.Thal,NA,100,MHb.2,NA
2,Excit.Thal,NA,100,MHb.2,NA
3,Excit.Thal,NA,100,MHb.2,NA
4,Excit.Thal,NA,100,MHb.2,NA
5,Excit.Thal,NA,100,MHb.2,NA
1,LHb.4,-0.9985844005495232,100,MHb.2,NA
2,LHb.4,-0.9985844005495232,100,MHb.2,NA
3,LHb.4,NA,100,MHb.2,NA
4,LHb.4,-0.9985844005495232,100,MHb.2,NA
5,LHb.4,-0.9985844005495232,100,MHb.2,NA
1,LHb.7,0.8217332154144189,100,MHb.2,NA
2,LHb.7,-0.06871629051031397,100,MHb.2,NA
3,LHb.7,1.0081898491092713,100,MHb.2,NA
4,LHb.7,1.293586079623024,100,MHb.2,NA
5,LHb.7,1.7854547538868653,100,MHb.2,NA
1,MHb.1,-0.16294615051353448,100,MHb.2,NA
2,MHb.1,-0.43096605709072344,100,MHb.2,NA
3,MHb.1,-0.07364918610332778,100,MHb.2,NA
4,MHb.1,0.10488188720600417,100,MHb.2,NA
5,MHb.1,0.0602568899838426,100,MHb.2,NA
1,MHb.2,0.3330729209113635,100,MHb.2,NA
2,MHb.2,0.5387206998924747,100,MHb.2,NA
3,MHb.2,0.4244431920971102,100,MHb.2,NA
4,MHb.2,0.4472929279185511,100,MHb.2,NA
5,MHb.2,0.4244431920971102,100,MHb.2,NA
1,MHb.2/Oligo,0.09443538619975549,100,MHb.2,NA
2,MHb.2/Oligo,0.7778289622096004,100,MHb.2,NA
3,MHb.2/Oligo,-0.05303855775586385,100,MHb.2,NA
4,MHb.2/Oligo,-0.12620550255743695,100,MHb.2,NA
5,MHb.2/Oligo,0.02050687706975038,100,MHb.2,NA
1,Oligo,-0.7659833762369973,100,MHb.2,NA
2,Oligo,-0.6419279660439371,100,MHb.2,NA
3,Oligo,-1.5826494816537393,100,MHb.2,NA
4,Oligo,-1.0082202258283754,100,MHb.2,NA
5,Oligo,-0.6419279660439371,100,MHb.2,NA
1,OPC,0.0020907455239853228,100,MHb.2,NA
2,OPC,0.0020907455239853228,100,MHb.2,NA
3,OPC,1.0015409790855694,100,MHb.2,NA
4,OPC,0.0020907455239853228,100,MHb.2,NA
5,OPC,0.0020907455239853228,100,MHb.2,NA
1,Astrocyte,-2.712242081474949,200,MHb.2,NA
2,Astrocyte,-3.427377714662144,200,MHb.2,NA
3,Astrocyte,-3.512901932711526,200,MHb.2,NA
4,Astrocyte,-3.3410415802171363,200,MHb.2,NA
5,Astrocyte,-3.928974525986035,200,MHb.2,NA
1,Endo,-0.7933181984995523,200,MHb.2,NA
2,Endo,-0.6412768224673092,200,MHb.2,NA
3,Endo,-2.2592600419633615,200,MHb.2,NA
4,Endo,-2.2592600419633615,200,MHb.2,NA
5,Endo,-0.6412768224673092,200,MHb.2,NA
1,Excit.Thal,NA,200,MHb.2,NA
2,Excit.Thal,NA,200,MHb.2,NA
3,Excit.Thal,NA,200,MHb.2,NA
4,Excit.Thal,NA,200,MHb.2,NA
5,Excit.Thal,-0.9985844005495232,200,MHb.2,NA
1,LHb.4,-0.9985844005495232,200,MHb.2,NA
2,LHb.4,-0.9985844005495232,200,MHb.2,NA
3,LHb.4,-0.9985844005495232,200,MHb.2,NA
4,LHb.4,-0.9985844005495232,200,MHb.2,NA
5,LHb.4,-0.9985844005495232,200,MHb.2,NA
1,LHb.7,1.8864022069666637,200,MHb.2,NA
2,LHb.7,-0.6547622035545344,200,MHb.2,NA
3,LHb.7,0.19147210076454022,200,MHb.2,NA
4,LHb.7,1.4878253651458995,200,MHb.2,NA
5,LHb.7,2.091007655600969,200,MHb.2,NA
1,MHb.1,-1.2810463940195993,200,MHb.2,NA
2,MHb.1,-0.5426994159416525,200,MHb.2,NA
3,MHb.1,-0.29693165539847144,200,MHb.2,NA
4,MHb.1,-0.9899897089459885,200,MHb.2,NA
5,MHb.1,-1.30344609338259,200,MHb.2,NA
1,MHb.2,1.9850453238586687,200,MHb.2,NA
2,MHb.2,1.7086061293986952,200,MHb.2,NA
3,MHb.2,1.4785892970640964,200,MHb.2,NA
4,MHb.2,2.03116357222511,200,MHb.2,NA
5,MHb.2,2.400580830144841,200,MHb.2,NA
1,MHb.2/Oligo,0.02050687706975038,200,MHb.2,NA
2,MHb.2/Oligo,0.39407476696747945,200,MHb.2,NA
3,MHb.2/Oligo,-0.2714218598338591,200,MHb.2,NA
4,MHb.2/Oligo,0.02050687706975038,200,MHb.2,NA
5,MHb.2/Oligo,-0.05303855775586385,200,MHb.2,NA
1,Oligo,-2.1181939754330226,200,MHb.2,NA
2,Oligo,-1.3579132184221003,200,MHb.2,NA
3,Oligo,0.010898803370995244,200,MHb.2,NA
4,Oligo,-1.4710827819270493,200,MHb.2,NA
5,Oligo,-2.7174995141585763,200,MHb.2,NA
1,OPC,-0.574896821684068,200,MHb.2,NA
2,OPC,1.0015409790855694,200,MHb.2,NA
3,OPC,1.0015409790855694,200,MHb.2,NA
4,OPC,0.0020907455239853228,200,MHb.2,NA
5,OPC,1.0015409790855694,200,MHb.2,NA
1,Astrocyte,-3.597632860610183,500,MHb.2,NA
2,Astrocyte,-2.1349442941081813,500,MHb.2,NA
3,Astrocyte,-2.524050049769944,500,MHb.2,NA
4,Astrocyte,-3.253874237189441,500,MHb.2,NA
5,Astrocyte,-3.0769652338766327,500,MHb.2,NA
1,Endo,-2.7198569301394957,500,MHb.2,NA
2,Endo,-3.255222799976381,500,MHb.2,NA
3,Endo,-3.255222799976381,500,MHb.2,NA
4,Endo,-0.16063254720703013,500,MHb.2,NA
5,Endo,-1.366419116469107,500,MHb.2,NA
1,Excit.Thal,-1.997537974915521,500,MHb.2,NA
2,Excit.Thal,-2.2334529836047667,500,MHb.2,NA
3,Excit.Thal,-1.72981204030106,500,MHb.2,NA
4,Excit.Thal,-0.9985844005495232,500,MHb.2,NA
5,Excit.Thal,NA,500,MHb.2,NA
1,LHb.4,-0.9985844005495232,500,MHb.2,NA
2,LHb.4,-0.9985844005495232,500,MHb.2,NA
3,LHb.4,-0.9985844005495232,500,MHb.2,NA
4,LHb.4,NA,500,MHb.2,NA
5,LHb.4,-1.4122986014520589,500,MHb.2,NA
1,LHb.7,-1.6737262501928045,500,MHb.2,NA
2,LHb.7,-2.0444426563764964,500,MHb.2,NA
3,LHb.7,-0.4902008091026575,500,MHb.2,NA
4,LHb.7,1.586183062956657,500,MHb.2,NA
5,LHb.7,-1.3690483399400384,500,MHb.2,NA
1,MHb.1,-2.8755386802045333,500,MHb.2,NA
2,MHb.1,-3.890900132707464,500,MHb.2,NA
3,MHb.1,-2.043534191920754,500,MHb.2,NA
4,MHb.1,-3.732690202349853,500,MHb.2,NA
5,MHb.1,-3.033225252746322,500,MHb.2,NA
1,MHb.2,6.240523411479061,500,MHb.2,NA
2,MHb.2,6.501927735578413,500,MHb.2,NA
3,MHb.2,4.120605956538333,500,MHb.2,NA
4,MHb.2,4.54201323039861,500,MHb.2,NA
5,MHb.2,5.270726385638351,500,MHb.2,NA
1,MHb.2/Oligo,0.46999035539544853,500,MHb.2,NA
2,MHb.2/Oligo,1.9124334345308034,500,MHb.2,NA
3,MHb.2/Oligo,0.5463183184260929,500,MHb.2,NA
4,MHb.2/Oligo,-0.698439877346995,500,MHb.2,NA
5,MHb.2/Oligo,0.02050687706975038,500,MHb.2,NA
1,Oligo,-6.053671023810466,500,MHb.2,NA
2,Oligo,-5.360333345558345,500,MHb.2,NA
3,Oligo,-3.8864010219288834,500,MHb.2,NA
4,Oligo,-0.7659833762369973,500,MHb.2,NA
5,Oligo,-3.801847196133246,500,MHb.2,NA
1,OPC,0.0020907455239853228,500,MHb.2,NA
2,OPC,1.0015409790855694,500,MHb.2,NA
3,OPC,0.0020907455239853228,500,MHb.2,NA
4,OPC,1.0015409790855694,500,MHb.2,NA
5,OPC,0.0020907455239853228,500,MHb.2,NA
1,Astrocyte,-2.0348450688083064,1000,MHb.2,NA
2,Astrocyte,-2.804843371338789,1000,MHb.2,NA
3,Astrocyte,-5.362396763507188,1000,MHb.2,NA
4,Astrocyte,-7.045032502254771,1000,MHb.2,NA
5,Astrocyte,-4.24895958877531,1000,MHb.2,NA
1,Endo,-1.0864995996610254,1000,MHb.2,NA
2,Endo,-2.9389694668802053,1000,MHb.2,NA
3,Endo,-4.219199708114701,1000,MHb.2,NA
4,Endo,-5.235107116474204,1000,MHb.2,NA
5,Endo,-2.6076182405991877,1000,MHb.2,NA
1,Excit.Thal,-1.4122986014520589,1000,MHb.2,NA
2,Excit.Thal,-2.2334529836047667,1000,MHb.2,NA
3,Excit.Thal,-2.6429829999957466,1000,MHb.2,NA
4,Excit.Thal,-2.6429829999957466,1000,MHb.2,NA
5,Excit.Thal,-1.997537974915521,1000,MHb.2,NA
1,LHb.4,NA,1000,MHb.2,NA
2,LHb.4,NA,1000,MHb.2,NA
3,LHb.4,-1.997537974915521,1000,MHb.2,NA
4,LHb.4,-1.4122986014520589,1000,MHb.2,NA
5,LHb.4,-0.9985844005495232,1000,MHb.2,NA
1,LHb.7,-0.06871629051031397,1000,MHb.2,NA
2,LHb.7,-0.8171268951357143,1000,MHb.2,NA
3,LHb.7,-4.741075507959235,1000,MHb.2,NA
4,LHb.7,-8.914605229942143,1000,MHb.2,NA
5,LHb.7,-3.9436235326223734,1000,MHb.2,NA
1,MHb.1,-13.223668619305151,1000,MHb.2,NA
2,MHb.1,-13.462368756917549,1000,MHb.2,NA
3,MHb.1,-5.774993027430213,1000,MHb.2,NA
4,MHb.1,1.3524262780301,1000,MHb.2,NA
5,MHb.1,-3.55200106528731,1000,MHb.2,NA
1,MHb.2,15.948575239105905,1000,MHb.2,NA
2,MHb.2,16.1567367695747,1000,MHb.2,NA
3,MHb.2,13.765091032368934,1000,MHb.2,NA
4,MHb.2,9.755962710591588,1000,MHb.2,NA
5,MHb.2,9.341230270106657,1000,MHb.2,NA
1,MHb.2/Oligo,0.8558594252178904,1000,MHb.2,NA
2,MHb.2/Oligo,1.8282120981839962,1000,MHb.2,NA
3,MHb.2/Oligo,-0.05303855775586385,1000,MHb.2,NA
4,MHb.2/Oligo,2.168265359349715,1000,MHb.2,NA
5,MHb.2/Oligo,0.5463183184260929,1000,MHb.2,NA
1,Oligo,-6.252682874433869,1000,MHb.2,NA
2,Oligo,-4.3776671507629,1000,MHb.2,NA
3,Oligo,-10.47816646968704,1000,MHb.2,NA
4,Oligo,-13.192395212692524,1000,MHb.2,NA
5,Oligo,-9.526762508105747,1000,MHb.2,NA
1,OPC,1.0015409790855694,1000,MHb.2,NA
2,OPC,0.0020907455239853228,1000,MHb.2,NA
3,OPC,-0.574896821684068,1000,MHb.2,NA
4,OPC,-1.3387492421340783,1000,MHb.2,NA
5,OPC,1.0015409790855694,1000,MHb.2,NA
1,Astrocyte,-8.716751144320117,5000,MHb.2,NA
2,Astrocyte,-9.5229268073326665,5000,MHb.2,NA
3,Astrocyte,-8.400609058452073,5000,MHb.2,NA
4,Astrocyte,-6.679459582276765,5000,MHb.2,NA
5,Astrocyte,-5.07756389904784,5000,MHb.2,NA
1,Endo,-5.155204804976933,5000,MHb.2,NA
2,Endo,-5.074514155086598,5000,MHb.2,NA
3,Endo,-4.572585598397762,5000,MHb.2,NA
4,Endo,-3.151378084077456,5000,MHb.2,NA
5,Endo,-3.4584727085267657,5000,MHb.2,NA
1,Excit.Thal,-2.6429829999957466,5000,MHb.2,NA
2,Excit.Thal,-2.2334529836047667,5000,MHb.2,NA
3,Excit.Thal,-1.997537974915521,5000,MHb.2,NA
4,Excit.Thal,-1.4122986014520589,5000,MHb.2,NA
5,Excit.Thal,-1.997537974915521,5000,MHb.2,NA
1,LHb.4,-0.9985844005495232,5000,MHb.2,NA
2,LHb.4,-1.4122986014520589,5000,MHb.2,NA
3,LHb.4,-1.4122986014520589,5000,MHb.2,NA
4,LHb.4,-1.4122986014520589,5000,MHb.2,NA
5,LHb.4,-0.9985844005495232,5000,MHb.2,NA
1,LHb.7,-8.549045387387379,5000,MHb.2,NA
2,LHb.7,-7.498671319981151,5000,MHb.2,NA
3,LHb.7,-8.959733655735635,5000,MHb.2,NA
4,LHb.7,-6.739621942965668,5000,MHb.2,NA
5,LHb.7,-5.607728614645866,5000,MHb.2,NA
1,MHb.1,-13.821215937849828,5000,MHb.2,NA
2,MHb.1,-13.080649551574757,5000,MHb.2,NA
3,MHb.1,-12.723751677450094,5000,MHb.2,NA
4,MHb.1,-10.64768188431609,5000,MHb.2,NA
5,MHb.1,-16.141825140437586,5000,MHb.2,NA
1,MHb.2,29.269733417510274,5000,MHb.2,NA
2,MHb.2,28.900649539439172,5000,MHb.2,NA
3,MHb.2,28.077333794749663,5000,MHb.2,NA
4,MHb.2,21.280517909712838,5000,MHb.2,NA
5,MHb.2,24.58699282810757,5000,MHb.2,NA
1,MHb.2/Oligo,2.9661129240637214,5000,MHb.2,NA
2,MHb.2/Oligo,0.8558594252178904,5000,MHb.2,NA
3,MHb.2/Oligo,1.1724327274257054,5000,MHb.2,NA
4,MHb.2/Oligo,1.0926100405079797,5000,MHb.2,NA
5,MHb.2/Oligo,1.8282120981839962,5000,MHb.2,NA
1,Oligo,-14.903546453698128,5000,MHb.2,NA
2,Oligo,-15.007377130450596,5000,MHb.2,NA
3,Oligo,-14.658970456124964,5000,MHb.2,NA
4,Oligo,-12.64722139659993,5000,MHb.2,NA
5,Oligo,-9.915599171349362,5000,MHb.2,NA
1,OPC,-0.9972904249300659,5000,MHb.2,NA
2,OPC,-0.574896821684068,5000,MHb.2,NA
3,OPC,-0.574896821684068,5000,MHb.2,NA
4,OPC,0.0020907455239853228,5000,MHb.2,NA
5,OPC,0.0020907455239853228,5000,MHb.2,NA
1,Astrocyte,-1.3649086577756004,100,MHb.2/Oligo,NA
2,Astrocyte,-1.045720765036944,100,MHb.2/Oligo,NA
3,Astrocyte,-0.5348953360156415,100,MHb.2/Oligo,NA
4,Astrocyte,-0.7219874287251383,100,MHb.2/Oligo,NA
5,Astrocyte,-0.9997550572751328,100,MHb.2/Oligo,NA
1,Endo,-1.71294139007043,100,MHb.2/Oligo,NA
2,Endo,-2.170106604874656,100,MHb.2/Oligo,NA
3,Endo,-1.2324932468223955,100,MHb.2/Oligo,NA
4,Endo,-0.18922006554372936,100,MHb.2/Oligo,NA
5,Endo,-1.4276452112866274,100,MHb.2/Oligo,NA
1,Excit.Thal,0.012391677437597141,100,MHb.2/Oligo,NA
2,Excit.Thal,-0.5640743348894346,100,MHb.2/Oligo,NA
3,Excit.Thal,0.7184356794369832,100,MHb.2/Oligo,NA
4,Excit.Thal,1.1446064951335417,100,MHb.2/Oligo,NA
5,Excit.Thal,0.012391677437597141,100,MHb.2/Oligo,NA
1,LHb.4,-0.438551884814829,100,MHb.2/Oligo,NA
2,LHb.4,-0.438551884814829,100,MHb.2/Oligo,NA
3,LHb.4,0.5842136324397531,100,MHb.2/Oligo,NA
4,LHb.4,-0.438551884814829,100,MHb.2/Oligo,NA
5,LHb.4,-0.438551884814829,100,MHb.2/Oligo,NA
1,LHb.7,-2.0179077603921627,100,MHb.2/Oligo,NA
2,LHb.7,-1.0450459943955281,100,MHb.2/Oligo,NA
3,LHb.7,-2.1354526595731556,100,MHb.2/Oligo,NA
4,LHb.7,-0.7283216168802812,100,MHb.2/Oligo,NA
5,LHb.7,0.19443963109380658,100,MHb.2/Oligo,NA
1,MHb.1,2.2716224658635045,100,MHb.2/Oligo,NA
2,MHb.1,2.56893727644148,100,MHb.2/Oligo,NA
3,MHb.1,2.0799676131056533,100,MHb.2/Oligo,NA
4,MHb.1,1.5882900502820916,100,MHb.2/Oligo,NA
5,MHb.1,1.8451593441387775,100,MHb.2/Oligo,NA
1,MHb.2,-0.9362894035651538,100,MHb.2/Oligo,NA
2,MHb.2,-1.1095396267874096,100,MHb.2/Oligo,NA
3,MHb.2,-1.1959075660426115,100,MHb.2/Oligo,NA
4,MHb.2,-1.5111408911429003,100,MHb.2/Oligo,NA
5,MHb.2,-1.5396865694957116,100,MHb.2/Oligo,NA
1,MHb.2/Oligo,0.08295170501732962,100,MHb.2/Oligo,NA
2,MHb.2/Oligo,-0.06333011801310028,100,MHb.2/Oligo,NA
3,MHb.2/Oligo,0.18101718890756005,100,MHb.2/Oligo,NA
4,MHb.2/Oligo,0.13192963577915323,100,MHb.2/Oligo,NA
5,MHb.2/Oligo,0.13192963577915323,100,MHb.2/Oligo,NA
1,Oligo,0.12661690889526994,100,MHb.2/Oligo,NA
2,Oligo,-1.1596507350009704,100,MHb.2/Oligo,NA
3,Oligo,-0.40061631379968743,100,MHb.2/Oligo,NA
4,Oligo,0.12661690889526994,100,MHb.2/Oligo,NA
5,Oligo,-0.13923104656010107,100,MHb.2/Oligo,NA
1,OPC,1.4198846858378957,100,MHb.2/Oligo,NA
2,OPC,0.5842136324397531,100,MHb.2/Oligo,NA
3,OPC,0.5842136324397531,100,MHb.2/Oligo,NA
4,OPC,0.007835182002834005,100,MHb.2/Oligo,NA
5,OPC,0.007835182002834005,100,MHb.2/Oligo,NA
1,Astrocyte,-0.06024071225891241,200,MHb.2/Oligo,NA
2,Astrocyte,-0.2513095910788788,200,MHb.2/Oligo,NA
3,Astrocyte,-0.5818140253932824,200,MHb.2/Oligo,NA
4,Astrocyte,-0.8612968785779237,200,MHb.2/Oligo,NA
5,Astrocyte,-1.2286605665644612,200,MHb.2/Oligo,NA
1,Endo,-3.2666646295894535,200,MHb.2/Oligo,NA
2,Endo,-1.033145813484139,200,MHb.2/Oligo,NA
3,Endo,0.14882099503423984,200,MHb.2/Oligo,NA
4,Endo,-1.3305807895687,200,MHb.2/Oligo,NA
5,Endo,-2.170106604874656,200,MHb.2/Oligo,NA
1,Excit.Thal,0.012391677437597141,200,MHb.2/Oligo,NA
2,Excit.Thal,0.012391677437597141,200,MHb.2/Oligo,NA
3,Excit.Thal,0.3452189661303209,200,MHb.2/Oligo,NA
4,Excit.Thal,0.012391677437597141,200,MHb.2/Oligo,NA
5,Excit.Thal,0.012391677437597141,200,MHb.2/Oligo,NA
1,LHb.4,0.5842136324397531,200,MHb.2/Oligo,NA
2,LHb.4,0.007835182002834005,200,MHb.2/Oligo,NA
3,LHb.4,0.007835182002834005,200,MHb.2/Oligo,NA
4,LHb.4,0.007835182002834005,200,MHb.2/Oligo,NA
5,LHb.4,0.5842136324397531,200,MHb.2/Oligo,NA
1,LHb.7,-2.654083666862029,200,MHb.2/Oligo,NA
2,LHb.7,-3.156745654619636,200,MHb.2/Oligo,NA
3,LHb.7,-2.7107017185777837,200,MHb.2/Oligo,NA
4,LHb.7,-2.9352361832692324,200,MHb.2/Oligo,NA
5,LHb.7,-2.1354526595731556,200,MHb.2/Oligo,NA
1,MHb.1,3.580953744628267,200,MHb.2/Oligo,NA
2,MHb.1,2.7172265070079895,200,MHb.2/Oligo,NA
3,MHb.1,2.4628665938688092,200,MHb.2/Oligo,NA
4,MHb.1,2.949762032637308,200,MHb.2/Oligo,NA
5,MHb.1,4.124521572218606,200,MHb.2/Oligo,NA
1,MHb.2,-2.7500781046375797,200,MHb.2/Oligo,NA
2,MHb.2,-1.824131155599181,200,MHb.2/Oligo,NA
3,MHb.2,-2.191197010144936,200,MHb.2/Oligo,NA
4,MHb.2,-2.2193076653022463,200,MHb.2/Oligo,NA
5,MHb.2,-3.5210458861472387,200,MHb.2/Oligo,NA
1,MHb.2/Oligo,2.4590613181474903,200,MHb.2/Oligo,NA
2,MHb.2/Oligo,2.9006990001611794,200,MHb.2/Oligo,NA
3,MHb.2/Oligo,1.8134142930818458,200,MHb.2/Oligo,NA
4,MHb.2/Oligo,2.3500803530815007,200,MHb.2/Oligo,NA
5,MHb.2/Oligo,2.733998461955562,200,MHb.2/Oligo,NA
1,Oligo,-2.633994127590305,200,MHb.2/Oligo,NA
2,Oligo,-3.1884146617297633,200,MHb.2/Oligo,NA
3,Oligo,-1.3438614876425157,200,MHb.2/Oligo,NA
4,Oligo,-1.7656169266759776,200,MHb.2/Oligo,NA
5,Oligo,-2.5775157601476155,200,MHb.2/Oligo,NA
1,OPC,1.4198846858378957,200,MHb.2/Oligo,NA
2,OPC,0.5842136324397531,200,MHb.2/Oligo,NA
3,OPC,0.5842136324397531,200,MHb.2/Oligo,NA
4,OPC,0.5842136324397531,200,MHb.2/Oligo,NA
5,OPC,0.5842136324397531,200,MHb.2/Oligo,NA
1,Astrocyte,2.479188743526254,500,MHb.2/Oligo,NA
2,Astrocyte,1.2234580197156062,500,MHb.2/Oligo,NA
3,Astrocyte,-0.29882322940139183,500,MHb.2/Oligo,NA
4,Astrocyte,-0.29882322940139183,500,MHb.2/Oligo,NA
5,Astrocyte,0.32687508885113586,500,MHb.2/Oligo,NA
1,Endo,-2.434288049924699,500,MHb.2/Oligo,NA
2,Endo,-2.434288049924699,500,MHb.2/Oligo,NA
3,Endo,-2.170106604874656,500,MHb.2/Oligo,NA
4,Endo,-1.2324932468223955,500,MHb.2/Oligo,NA
5,Endo,-2.434288049924699,500,MHb.2/Oligo,NA
1,Excit.Thal,-0.5640743348894346,500,MHb.2/Oligo,NA
2,Excit.Thal,-0.8183870890505656,500,MHb.2/Oligo,NA
3,Excit.Thal,-0.8183870890505656,500,MHb.2/Oligo,NA
4,Excit.Thal,0.012391677437597141,500,MHb.2/Oligo,NA
5,Excit.Thal,0.3452189661303209,500,MHb.2/Oligo,NA
1,LHb.4,0.5842136324397531,500,MHb.2/Oligo,NA
2,LHb.4,0.5842136324397531,500,MHb.2/Oligo,NA
3,LHb.4,0.5842136324397531,500,MHb.2/Oligo,NA
4,LHb.4,0.007835182002834005,500,MHb.2/Oligo,NA
5,LHb.4,-0.8071145831770131,500,MHb.2/Oligo,NA
1,LHb.7,-7.029499042638089,500,MHb.2/Oligo,NA
2,LHb.7,-4.8306387361586385,500,MHb.2/Oligo,NA
3,LHb.7,-5.799648856450657,500,MHb.2/Oligo,NA
4,LHb.7,-4.880387930886856,500,MHb.2/Oligo,NA
5,LHb.7,-7.721226367634403,500,MHb.2/Oligo,NA
1,MHb.1,5.634245039801115,500,MHb.2/Oligo,NA
2,MHb.1,4.54051837710267,500,MHb.2/Oligo,NA
3,MHb.1,6.247954796277307,500,MHb.2/Oligo,NA
4,MHb.1,8.127196848497917,500,MHb.2/Oligo,NA
5,MHb.1,9.361701164797124,500,MHb.2/Oligo,NA
1,MHb.2,-3.439065427051601,500,MHb.2/Oligo,NA
2,MHb.2,-2.6388581231880512,500,MHb.2/Oligo,NA
3,MHb.2,-2.5831446961038806,500,MHb.2/Oligo,NA
4,MHb.2,-4.573692924856962,500,MHb.2/Oligo,NA
5,MHb.2,-4.945817518201386,500,MHb.2/Oligo,NA
1,MHb.2/Oligo,5.512906074206573,500,MHb.2/Oligo,NA
2,MHb.2/Oligo,4.047329321752674,500,MHb.2/Oligo,NA
3,MHb.2/Oligo,5.136563607738528,500,MHb.2/Oligo,NA
4,MHb.2/Oligo,4.464093431615138,500,MHb.2/Oligo,NA
5,MHb.2/Oligo,4.284448773713311,500,MHb.2/Oligo,NA
1,Oligo,-7.252400185129943,500,MHb.2/Oligo,NA
2,Oligo,-6.182713986609422,500,MHb.2/Oligo,NA
3,Oligo,-8.468533288643613,500,MHb.2/Oligo,NA
4,Oligo,-10.030796732975237,500,MHb.2/Oligo,NA
5,Oligo,-9.342824250008109,500,MHb.2/Oligo,NA
1,OPC,0.007835182002834005,500,MHb.2/Oligo,NA
2,OPC,1.4198846858378957,500,MHb.2/Oligo,NA
3,OPC,0.007835182002834005,500,MHb.2/Oligo,NA
4,OPC,0.007835182002834005,500,MHb.2/Oligo,NA
5,OPC,0.007835182002834005,500,MHb.2/Oligo,NA
1,Astrocyte,1.4791469819511198,1000,MHb.2/Oligo,NA
2,Astrocyte,0.4737993850976418,1000,MHb.2/Oligo,NA
3,Astrocyte,0.13247611619711955,1000,MHb.2/Oligo,NA
4,Astrocyte,-1.5902010958546025,1000,MHb.2/Oligo,NA
5,Astrocyte,-0.7219874287251383,1000,MHb.2/Oligo,NA
1,Endo,-3.42510088057879,1000,MHb.2/Oligo,NA
2,Endo,-3.024219120102004,1000,MHb.2/Oligo,NA
3,Endo,-3.658202665826926,1000,MHb.2/Oligo,NA
4,Endo,-1.8984517093208895,1000,MHb.2/Oligo,NA
5,Endo,-3.2666646295894535,1000,MHb.2/Oligo,NA
1,Excit.Thal,-1.055026416636898,1000,MHb.2/Oligo,NA
2,Excit.Thal,-0.8183870890505656,1000,MHb.2/Oligo,NA
3,Excit.Thal,-1.8704484132807504,1000,MHb.2/Oligo,NA
4,Excit.Thal,-1.4853559792905706,1000,MHb.2/Oligo,NA
5,Excit.Thal,-1.2766497311679332,1000,MHb.2/Oligo,NA
1,LHb.4,0.5842136324397531,1000,MHb.2/Oligo,NA
2,LHb.4,0.007835182002834005,1000,MHb.2/Oligo,NA
3,LHb.4,-0.438551884814829,1000,MHb.2/Oligo,NA
4,LHb.4,0.007835182002834005,1000,MHb.2/Oligo,NA
5,LHb.4,-0.438551884814829,1000,MHb.2/Oligo,NA
1,LHb.7,-7.763623012211054,1000,MHb.2/Oligo,NA
2,LHb.7,-9.191380136934669,1000,MHb.2/Oligo,NA
3,LHb.7,-8.4702779982424,1000,MHb.2/Oligo,NA
4,LHb.7,-7.029499042638089,1000,MHb.2/Oligo,NA
5,LHb.7,-9.811012959829345,1000,MHb.2/Oligo,NA
1,MHb.1,7.846464983710586,1000,MHb.2/Oligo,NA
2,MHb.1,8.58679983883102,1000,MHb.2/Oligo,NA
3,MHb.1,10.83697878025746,1000,MHb.2/Oligo,NA
4,MHb.1,7.8665420000495585,1000,MHb.2/Oligo,NA
5,MHb.1,11.149278391504918,1000,MHb.2/Oligo,NA
1,MHb.2,-2.7500781046375797,1000,MHb.2/Oligo,NA
2,MHb.2,-1.368133773636255,1000,MHb.2/Oligo,NA
3,MHb.2,-3.982848868710503,1000,MHb.2/Oligo,NA
4,MHb.2,-1.7105732360779085,1000,MHb.2/Oligo,NA
5,MHb.2,-2.5273619869212673,1000,MHb.2/Oligo,NA
1,MHb.2/Oligo,6.752952369388958,1000,MHb.2/Oligo,NA
2,MHb.2/Oligo,5.703719868048129,1000,MHb.2/Oligo,NA
3,MHb.2/Oligo,4.828158422546739,1000,MHb.2/Oligo,NA
4,MHb.2/Oligo,5.323866109095932,1000,MHb.2/Oligo,NA
5,MHb.2/Oligo,5.449697478807227,1000,MHb.2/Oligo,NA
1,Oligo,-11.270952164202404,1000,MHb.2/Oligo,NA
2,Oligo,-11.933783291028302,1000,MHb.2/Oligo,NA
3,Oligo,-12.070799458536815,1000,MHb.2/Oligo,NA
4,Oligo,-10.732827638507167,1000,MHb.2/Oligo,NA
5,Oligo,-13.202738225738756,1000,MHb.2/Oligo,NA
1,OPC,0.007835182002834005,1000,MHb.2/Oligo,NA
2,OPC,-0.438551884814829,1000,MHb.2/Oligo,NA
3,OPC,0.007835182002834005,1000,MHb.2/Oligo,NA
4,OPC,0.5842136324397531,1000,MHb.2/Oligo,NA
5,OPC,-0.438551884814829,1000,MHb.2/Oligo,NA
1,Astrocyte,1.071467396489424,5000,MHb.2/Oligo,NA
2,Astrocyte,0.2781157356693801,5000,MHb.2/Oligo,NA
3,Astrocyte,0.22946315691619543,5000,MHb.2/Oligo,NA
4,Astrocyte,1.1726772044920473,5000,MHb.2/Oligo,NA
5,Astrocyte,1.6858796158326828,5000,MHb.2/Oligo,NA
1,Endo,-4.255133282642758,5000,MHb.2/Oligo,NA
2,Endo,-3.886106102974064,5000,MHb.2/Oligo,NA
3,Endo,-4.182365039087681,5000,MHb.2/Oligo,NA
4,Endo,-4.182365039087681,5000,MHb.2/Oligo,NA
5,Endo,-4.0352909928588065,5000,MHb.2/Oligo,NA
1,Excit.Thal,-1.8704484132807504,5000,MHb.2/Oligo,NA
2,Excit.Thal,-1.055026416636898,5000,MHb.2/Oligo,NA
3,Excit.Thal,-1.2766497311679332,5000,MHb.2/Oligo,NA
4,Excit.Thal,-0.28865790816471404,5000,MHb.2/Oligo,NA
5,Excit.Thal,-1.2766497311679332,5000,MHb.2/Oligo,NA
1,LHb.4,-1.1238739029395273,5000,MHb.2/Oligo,NA
2,LHb.4,-0.8071145831770131,5000,MHb.2/Oligo,NA
3,LHb.4,-1.1238739029395273,5000,MHb.2/Oligo,NA
4,LHb.4,-0.8071145831770131,5000,MHb.2/Oligo,NA
5,LHb.4,0.5842136324397531,5000,MHb.2/Oligo,NA
1,LHb.7,-10.596556923496106,5000,MHb.2/Oligo,NA
2,LHb.7,-9.03341110309019,5000,MHb.2/Oligo,NA
3,LHb.7,-9.230676040518432,5000,MHb.2/Oligo,NA
4,LHb.7,-8.347453180976382,5000,MHb.2/Oligo,NA
5,LHb.7,-9.309035124075729,5000,MHb.2/Oligo,NA
1,MHb.1,9.183362833153398,5000,MHb.2/Oligo,NA
2,MHb.1,8.60673806756368,5000,MHb.2/Oligo,NA
3,MHb.1,8.267284969274366,5000,MHb.2/Oligo,NA
4,MHb.1,8.307276401164078,5000,MHb.2/Oligo,NA
5,MHb.1,7.806299468610906,5000,MHb.2/Oligo,NA
1,MHb.2,0.44540162595477895,5000,MHb.2/Oligo,NA
2,MHb.2,-4.0945110089572365e-4,5000,MHb.2/Oligo,NA
3,MHb.2,-0.14798658352609004,5000,MHb.2/Oligo,NA
4,MHb.2,-1.7957690168458527,5000,MHb.2/Oligo,NA
5,MHb.2,-1.1383479084850574,5000,MHb.2/Oligo,NA
1,MHb.2/Oligo,6.9559210919180705,5000,MHb.2/Oligo,NA
2,MHb.2/Oligo,5.896344973769063,5000,MHb.2/Oligo,NA
3,MHb.2/Oligo,6.221517467129241,5000,MHb.2/Oligo,NA
4,MHb.2/Oligo,6.485480734468722,5000,MHb.2/Oligo,NA
5,MHb.2/Oligo,7.229786311983572,5000,MHb.2/Oligo,NA
1,Oligo,-13.969404231594629,5000,MHb.2/Oligo,NA
2,Oligo,-13.17023879013374,5000,MHb.2/Oligo,NA
3,Oligo,-12.173006460407919,5000,MHb.2/Oligo,NA
4,Oligo,-12.002397881669365,5000,MHb.2/Oligo,NA
5,Oligo,-11.899395531181167,5000,MHb.2/Oligo,NA
1,OPC,-0.438551884814829,5000,MHb.2/Oligo,NA
2,OPC,-0.438551884814829,5000,MHb.2/Oligo,NA
3,OPC,-0.8071145831770131,5000,MHb.2/Oligo,NA
4,OPC,-0.8071145831770131,5000,MHb.2/Oligo,NA
5,OPC,-0.438551884814829,5000,MHb.2/Oligo,NA
1,Astrocyte,1.11528093695824,100,Oligo,NA
2,Astrocyte,0.7471898703818834,100,Oligo,NA
3,Astrocyte,0.46380834885482525,100,Oligo,NA
4,Astrocyte,0.7471898703818834,100,Oligo,NA
5,Astrocyte,0.8286201553980495,100,Oligo,NA
1,Endo,0.16383634250689488,100,Oligo,NA
2,Endo,0.03682233017429953,100,Oligo,NA
3,Endo,-0.02633419661552272,100,Oligo,NA
4,Endo,0.10021182187350582,100,Oligo,NA
5,Endo,0.3561411230125278,100,Oligo,NA
1,Excit.Thal,0.8171534007031072,100,Oligo,NA
2,Excit.Thal,0.16773640175591514,100,Oligo,NA
3,Excit.Thal,0.16773640175591514,100,Oligo,NA
4,Excit.Thal,0.32418555278751754,100,Oligo,NA
5,Excit.Thal,0.8171534007031072,100,Oligo,NA
1,LHb.4,0.30919881227451096,100,Oligo,NA
2,LHb.4,0.00775216849771141,100,Oligo,NA
3,LHb.4,-0.2695697739985004,100,Oligo,NA
4,LHb.4,-0.2695697739985004,100,Oligo,NA
5,LHb.4,0.00775216849771141,100,Oligo,NA
1,LHb.7,-0.6464849799681606,100,Oligo,NA
2,LHb.7,-0.3832527210265883,100,Oligo,NA
3,LHb.7,-0.4492006215229948,100,Oligo,NA
4,LHb.7,-0.018847885582236098,100,Oligo,NA
5,LHb.7,-0.5479472683197582,100,Oligo,NA
1,MHb.1,-0.3763770098677694,100,Oligo,NA
2,MHb.1,-0.21234574345292487,100,Oligo,NA
3,MHb.1,0.226492578857289,100,Oligo,NA
4,MHb.1,-1.2464639719527428,100,Oligo,NA
5,MHb.1,-0.45828530876084367,100,Oligo,NA
1,MHb.2,-2.35929029302578,100,Oligo,NA
2,MHb.2,-3.0630171750240756,100,Oligo,NA
3,MHb.2,-2.9943433608600287,100,Oligo,NA
4,MHb.2,-1.8425210334536841,100,Oligo,NA
5,MHb.2,-2.213785266987784,100,Oligo,NA
1,MHb.2/Oligo,0.36866023723625796,100,Oligo,NA
2,MHb.2/Oligo,1.2665916087958122,100,Oligo,NA
3,MHb.2/Oligo,0.8994262471898186,100,Oligo,NA
4,MHb.2/Oligo,1.2665916087958122,100,Oligo,NA
5,MHb.2/Oligo,-0.05678543688287297,100,Oligo,NA
1,Oligo,0.6652332896921305,100,Oligo,NA
2,Oligo,0.6926150074021729,100,Oligo,NA
3,Oligo,0.6652332896921305,100,Oligo,NA
4,Oligo,0.9668702912621339,100,Oligo,NA
5,Oligo,0.8570721705977404,100,Oligo,NA
1,OPC,-0.6258871171516659,100,Oligo,NA
2,OPC,-0.32686200142531413,100,Oligo,NA
3,OPC,-0.6258871171516659,100,Oligo,NA
4,OPC,-0.6258871171516659,100,Oligo,NA
5,OPC,-0.32686200142531413,100,Oligo,NA
1,Astrocyte,1.9067698801743964,200,Oligo,NA
2,Astrocyte,2.46014302859689,200,Oligo,NA
3,Astrocyte,1.8225058825875515,200,Oligo,NA
4,Astrocyte,2.203508290165459,200,Oligo,NA
5,Astrocyte,2.246132686787988,200,Oligo,NA
1,Endo,0.2917988611315812,200,Oligo,NA
2,Endo,-0.46207481990772376,200,Oligo,NA
3,Endo,1.0133327317031242,200,Oligo,NA
4,Endo,0.8798360636633186,200,Oligo,NA
5,Endo,-0.40049341403011535,200,Oligo,NA
1,Excit.Thal,0.9901215931273599,200,Oligo,NA
2,Excit.Thal,0.8171534007031072,200,Oligo,NA
3,Excit.Thal,0.32418555278751754,200,Oligo,NA
4,Excit.Thal,0.8171534007031072,200,Oligo,NA
5,Excit.Thal,1.350638925724166,200,Oligo,NA
1,LHb.4,0.00775216849771141,200,Oligo,NA
2,LHb.4,-0.2695697739985004,200,Oligo,NA
3,LHb.4,0.00775216849771141,200,Oligo,NA
4,LHb.4,-0.2695697739985004,200,Oligo,NA
5,LHb.4,0.00775216849771141,200,Oligo,NA
1,LHb.7,0.0810383086375233,200,Oligo,NA
2,LHb.7,-0.908241822703926,200,Oligo,NA
3,LHb.7,-0.5150550069428178,200,Oligo,NA
4,LHb.7,0.4491689941834185,200,Oligo,NA
5,LHb.7,0.14775039773951262,200,Oligo,NA
1,MHb.1,-2.29659070320734,200,Oligo,NA
2,MHb.1,-2.2697993423563276,200,Oligo,NA
3,MHb.1,-3.203467858622596,200,Oligo,NA
4,MHb.1,-4.444883748830681,200,Oligo,NA
5,MHb.1,-3.415745028302326,200,Oligo,NA
1,MHb.2,-3.7307092214931057,200,Oligo,NA
2,MHb.2,-2.9943433608600287,200,Oligo,NA
3,MHb.2,-2.2867461420166624,200,Oligo,NA
4,MHb.2,-3.2668992984651726,200,Oligo,NA
5,MHb.2,-4.428608332155936,200,Oligo,NA
1,MHb.2/Oligo,1.360155287910072,200,Oligo,NA
2,MHb.2/Oligo,2.4408933000030157,200,Oligo,NA
3,MHb.2/Oligo,1.9374283499587328,200,Oligo,NA
4,MHb.2/Oligo,1.1737492273702421,200,Oligo,NA
5,MHb.2/Oligo,1.454453110910597,200,Oligo,NA
1,Oligo,1.6560730776327708,200,Oligo,NA
2,Oligo,1.9054672781674802,200,Oligo,NA
3,Oligo,2.239078417992652,200,Oligo,NA
4,Oligo,3.0787076602664456,200,Oligo,NA
5,Oligo,3.1068367903225176,200,Oligo,NA
1,OPC,-0.32686200142531413,200,Oligo,NA
2,OPC,-0.6258871171516659,200,Oligo,NA
3,OPC,-0.6258871171516659,200,Oligo,NA
4,OPC,-0.32686200142531413,200,Oligo,NA
5,OPC,-0.6258871171516659,200,Oligo,NA
1,Astrocyte,3.553272676452033,500,Oligo,NA
2,Astrocyte,4.047076125003089,500,Oligo,NA
3,Astrocyte,5.013201651399357,500,Oligo,NA
4,Astrocyte,3.111290015556246,500,Oligo,NA
5,Astrocyte,3.7318971163109858,500,Oligo,NA
1,Endo,2.41057828782553,500,Oligo,NA
2,Endo,2.2654169725067677,500,Oligo,NA
3,Endo,0.10021182187350582,500,Oligo,NA
4,Endo,0.4855585224529451,500,Oligo,NA
5,Endo,1.9788873051404188,500,Oligo,NA
1,Excit.Thal,1.1678504231315332,500,Oligo,NA
2,Excit.Thal,2.139446236225958,500,Oligo,NA
3,Excit.Thal,2.3531545515803303,500,Oligo,NA
4,Excit.Thal,0.8171534007031072,500,Oligo,NA
5,Excit.Thal,1.1678504231315332,500,Oligo,NA
1,LHb.4,0.30919881227451096,500,Oligo,NA
2,LHb.4,-0.2695697739985004,500,Oligo,NA
3,LHb.4,0.30919881227451096,500,Oligo,NA
4,LHb.4,0.30919881227451096,500,Oligo,NA
5,LHb.4,-0.2695697739985004,500,Oligo,NA
1,LHb.7,3.2225125314439538,500,Oligo,NA
2,LHb.7,0.9220710516752595,500,Oligo,NA
3,LHb.7,3.3300595071834715,500,Oligo,NA
4,LHb.7,2.6181766884100406,500,Oligo,NA
5,LHb.7,4.568671579583309,500,Oligo,NA
1,MHb.1,-12.012177304181044,500,Oligo,NA
2,MHb.1,-7.686629507173433,500,Oligo,NA
3,MHb.1,-11.41107512284069,500,Oligo,NA
4,MHb.1,-12.935773389066398,500,Oligo,NA
5,MHb.1,-15.391654208038906,500,Oligo,NA
1,MHb.2,-2.925305239789792,500,Oligo,NA
2,MHb.2,-4.428608332155936,500,Oligo,NA
3,MHb.2,-3.7956670527768206,500,Oligo,NA
4,MHb.2,-3.131331378917777,500,Oligo,NA
5,MHb.2,-1.0650758123853754,500,Oligo,NA
1,MHb.2/Oligo,2.13624708181767,500,Oligo,NA
2,MHb.2/Oligo,2.7536482367142994,500,Oligo,NA
3,MHb.2/Oligo,1.1737492273702421,500,Oligo,NA
4,MHb.2/Oligo,1.360155287910072,500,Oligo,NA
5,MHb.2/Oligo,1.0816156243942348,500,Oligo,NA
1,Oligo,7.204303816228977,500,Oligo,NA
2,Oligo,4.353979489004556,500,Oligo,NA
3,Oligo,6.967554896809203,500,Oligo,NA
4,Oligo,10.449515742602069,500,Oligo,NA
5,Oligo,9.89273320587602,500,Oligo,NA
1,OPC,0.006327594566764838,500,Oligo,NA
2,OPC,-0.6258871171516659,500,Oligo,NA
3,OPC,0.006327594566764838,500,Oligo,NA
4,OPC,-0.6258871171516659,500,Oligo,NA
5,OPC,0.006327594566764838,500,Oligo,NA
1,Astrocyte,6.599107307884885,1000,Oligo,NA
2,Astrocyte,5.200876961683896,1000,Oligo,NA
3,Astrocyte,5.437180833545725,1000,Oligo,NA
4,Astrocyte,8.807816756832382,1000,Oligo,NA
5,Astrocyte,7.147837188793397,1000,Oligo,NA
1,Endo,5.898266752123868,1000,Oligo,NA
2,Endo,4.760689003664592,1000,Oligo,NA
3,Endo,4.509484421829923,1000,Oligo,NA
4,Endo,3.387042052694069,1000,Oligo,NA
5,Endo,1.8374687420298597,1000,Oligo,NA
1,Excit.Thal,2.8039770123299346,1000,Oligo,NA
2,Excit.Thal,2.3531545515803303,1000,Oligo,NA
3,Excit.Thal,2.3531545515803303,1000,Oligo,NA
4,Excit.Thal,1.7327368878690996,1000,Oligo,NA
5,Excit.Thal,2.3531545515803303,1000,Oligo,NA
1,LHb.4,1.8968026991975884,1000,Oligo,NA
2,LHb.4,1.8968026991975884,1000,Oligo,NA
3,LHb.4,2.4561491950531273,1000,Oligo,NA
4,LHb.4,1.007433860977109,1000,Oligo,NA
5,LHb.4,1.4214489223196736,1000,Oligo,NA
1,LHb.7,10.764059110322671,1000,Oligo,NA
2,LHb.7,9.736304496821862,1000,Oligo,NA
3,LHb.7,7.442614833043027,1000,Oligo,NA
4,LHb.7,8.449474965774687,1000,Oligo,NA
5,LHb.7,9.483766857931883,1000,Oligo,NA
1,MHb.1,-29.42873950085618,1000,Oligo,NA
2,MHb.1,-26.34314864672527,1000,Oligo,NA
3,MHb.1,-21.441749266416384,1000,Oligo,NA
4,MHb.1,-22.227626576552137,1000,Oligo,NA
5,MHb.1,-25.206104615906522,1000,Oligo,NA
1,MHb.2,0.11415994407483745,1000,Oligo,NA
2,MHb.2,-0.4054715269997417,1000,Oligo,NA
3,MHb.2,-8.31151828053603,1000,Oligo,NA
4,MHb.2,-8.68828851121557,1000,Oligo,NA
5,MHb.2,-4.612905683094748,1000,Oligo,NA
1,MHb.2/Oligo,2.4408933000030157,1000,Oligo,NA
2,MHb.2/Oligo,1.8392548542264557,1000,Oligo,NA
3,MHb.2/Oligo,2.9668991748606373,1000,Oligo,NA
4,MHb.2/Oligo,1.9374283499587328,1000,Oligo,NA
5,MHb.2/Oligo,1.2665916087958122,1000,Oligo,NA
1,Oligo,18.501378364008286,1000,Oligo,NA
2,Oligo,16.924382728523454,1000,Oligo,NA
3,Oligo,15.897070511251234,1000,Oligo,NA
4,Oligo,15.28937046675074,1000,Oligo,NA
5,Oligo,17.68977423669381,1000,Oligo,NA
1,OPC,0.3840952995063889,1000,Oligo,NA
2,OPC,0.8223690527732587,1000,Oligo,NA
3,OPC,1.3471812931137883,1000,Oligo,NA
4,OPC,-0.32686200142531413,1000,Oligo,NA
5,OPC,2.005116934602503,1000,Oligo,NA
1,Astrocyte,12.159416673749856,5000,Oligo,NA
2,Astrocyte,12.219984710700606,5000,Oligo,NA
3,Astrocyte,11.858629748595686,5000,Oligo,NA
4,Astrocyte,11.679775061594865,5000,Oligo,NA
5,Astrocyte,5.915636470786233,5000,Oligo,NA
1,Endo,7.625507840702952,5000,Oligo,NA
2,Endo,6.5471200860341865,5000,Oligo,NA
3,Endo,6.64208124730627,5000,Oligo,NA
4,Endo,5.98931059009303,5000,Oligo,NA
5,Endo,6.265697896137083,5000,Oligo,NA
1,Excit.Thal,3.042363076583126,5000,Oligo,NA
2,Excit.Thal,2.8039770123299346,5000,Oligo,NA
3,Excit.Thal,3.2903780674554954,5000,Oligo,NA
4,Excit.Thal,3.042363076583126,5000,Oligo,NA
5,Excit.Thal,3.042363076583126,5000,Oligo,NA
1,LHb.4,2.4561491950531273,5000,Oligo,NA
2,LHb.4,1.007433860977109,5000,Oligo,NA
3,LHb.4,1.4214489223196736,5000,Oligo,NA
4,LHb.4,1.007433860977109,5000,Oligo,NA
5,LHb.4,1.4214489223196736,5000,Oligo,NA
1,LHb.7,15.394264428330548,5000,Oligo,NA
2,LHb.7,15.24607112073754,5000,Oligo,NA
3,LHb.7,15.344795591860555,5000,Oligo,NA
4,LHb.7,14.805280887983661,5000,Oligo,NA
5,LHb.7,13.003433134814458,5000,Oligo,NA
1,MHb.1,-32.962756938532614,5000,Oligo,NA
2,MHb.1,-32.45388552530681,5000,Oligo,NA
3,MHb.1,-31.03651261008775,5000,Oligo,NA
4,MHb.1,-34.42151321829641,5000,Oligo,NA
5,MHb.1,-27.111466651278736,5000,Oligo,NA
1,MHb.2,-13.696739212124594,5000,Oligo,NA
2,MHb.2,-13.553620295091198,5000,Oligo,NA
3,MHb.2,-15.07909814616764,5000,Oligo,NA
4,MHb.2,-8.87349737948,5000,Oligo,NA
5,MHb.2,-9.726531187330659,5000,Oligo,NA
1,MHb.2/Oligo,1.360155287910072,5000,Oligo,NA
2,MHb.2/Oligo,1.6453042762678225,5000,Oligo,NA
3,MHb.2/Oligo,1.9374283499587328,5000,Oligo,NA
4,MHb.2/Oligo,2.338466840158438,5000,Oligo,NA
5,MHb.2/Oligo,1.8392548542264557,5000,Oligo,NA
1,Oligo,25.93561947134066,5000,Oligo,NA
2,Oligo,25.404579115211526,5000,Oligo,NA
3,Oligo,24.839036220708053,5000,Oligo,NA
4,Oligo,24.59862781153413,5000,Oligo,NA
5,Oligo,19.832853763561157,5000,Oligo,NA
1,OPC,0.3840952995063889,5000,Oligo,NA
2,OPC,2.005116934602503,5000,Oligo,NA
3,OPC,1.3471812931137883,5000,Oligo,NA
4,OPC,0.3840952995063889,5000,Oligo,NA
5,OPC,0.8223690527732587,5000,Oligo,NA
1,Astrocyte,0.8913069564605207,100,OPC,NA
2,Astrocyte,-1.051321006432066,100,OPC,NA
3,Astrocyte,0.5924154494329068,100,OPC,NA
4,Astrocyte,0.8913069564605207,100,OPC,NA
5,Astrocyte,0.8913069564605207,100,OPC,NA
1,Endo,0.2732763127330939,100,OPC,NA
2,Endo,-0.3159800156995728,100,OPC,NA
3,Endo,0.7051684933294012,100,OPC,NA
4,Endo,-0.6769514659195707,100,OPC,NA
5,Endo,-0.8493195420093834,100,OPC,NA
1,Excit.Thal,0.032851026303680995,100,OPC,NA
2,Excit.Thal,0.032851026303680995,100,OPC,NA
3,Excit.Thal,-0.34502614716769864,100,OPC,NA
4,Excit.Thal,1.0306918909655864,100,OPC,NA
5,Excit.Thal,-0.968421987523766,100,OPC,NA
1,LHb.4,1.0306918909655864,100,OPC,NA
2,LHb.4,0.4793583631384312,100,OPC,NA
3,LHb.4,0.032851026303680995,100,OPC,NA
4,LHb.4,0.032851026303680995,100,OPC,NA
5,LHb.4,0.4793583631384312,100,OPC,NA
1,LHb.7,1.4142525067467149,100,OPC,NA
2,LHb.7,3.2195820065917244,100,OPC,NA
3,LHb.7,1.5991222421710147,100,OPC,NA
4,LHb.7,1.138876215669356,100,OPC,NA
5,LHb.7,1.138876215669356,100,OPC,NA
1,MHb.1,0.0025663198401513153,100,OPC,NA
2,MHb.1,-0.8380336264440297,100,OPC,NA
3,MHb.1,-0.8380336264440297,100,OPC,NA
4,MHb.1,0.28914651174893424,100,OPC,NA
5,MHb.1,1.071450189373197,100,OPC,NA
1,MHb.2,0.01889387984272828,100,OPC,NA
2,MHb.2,1.0143899655800253,100,OPC,NA
3,MHb.2,1.0143899655800253,100,OPC,NA
4,MHb.2,0.01889387984272828,100,OPC,NA
5,MHb.2,0.01889387984272828,100,OPC,NA
1,MHb.2/Oligo,0.6022207557222283,100,OPC,NA
2,MHb.2/Oligo,0.026771217947158168,100,OPC,NA
3,MHb.2/Oligo,0.026771217947158168,100,OPC,NA
4,MHb.2/Oligo,0.6022207557222283,100,OPC,NA
5,MHb.2/Oligo,0.6022207557222283,100,OPC,NA
1,Oligo,-1.9295382939968566,100,OPC,NA
2,Oligo,-1.7402334542954228,100,OPC,NA
3,Oligo,-1.0632507263343618,100,OPC,NA
4,Oligo,-1.6449268984529937,100,OPC,NA
5,Oligo,-1.6449268984529937,100,OPC,NA
1,OPC,-1.9810701280896985,100,OPC,NA
2,OPC,-1.9810701280896985,100,OPC,NA
3,OPC,-1.9810701280896985,100,OPC,NA
4,OPC,-1.3981471083618884,100,OPC,NA
5,OPC,-2.2170324295152444,100,OPC,NA
1,Astrocyte,0.8913069564605207,200,OPC,NA
2,Astrocyte,0.5924154494329068,200,OPC,NA
3,Astrocyte,0.314390046221382,200,OPC,NA
4,Astrocyte,-0.4221732333521202,200,OPC,NA
5,Astrocyte,0.5924154494329068,200,OPC,NA
1,Endo,0.7051684933294012,200,OPC,NA
2,Endo,0.48482137640653156,200,OPC,NA
3,Endo,0.06974183930657729,200,OPC,NA
4,Endo,0.2732763127330939,200,OPC,NA
5,Endo,0.2732763127330939,200,OPC,NA
1,Excit.Thal,0.4793583631384312,200,OPC,NA
2,Excit.Thal,1.0306918909655864,200,OPC,NA
3,Excit.Thal,0.4793583631384312,200,OPC,NA
4,Excit.Thal,1.0306918909655864,200,OPC,NA
5,Excit.Thal,1.7603375936495902,200,OPC,NA
1,LHb.4,1.7603375936495902,200,OPC,NA
2,LHb.4,0.4793583631384312,200,OPC,NA
3,LHb.4,0.4793583631384312,200,OPC,NA
4,LHb.4,0.4793583631384312,200,OPC,NA
5,LHb.4,0.4793583631384312,200,OPC,NA
1,LHb.7,1.8784758297320676,200,OPC,NA
2,LHb.7,2.066150547208689,200,OPC,NA
3,LHb.7,3.2195820065917244,200,OPC,NA
4,LHb.7,2.7329096090291345,200,OPC,NA
5,LHb.7,3.716019637220805,200,OPC,NA
1,MHb.1,-1.9215616796469734,200,OPC,NA
2,MHb.1,-1.4746390263241012,200,OPC,NA
3,MHb.1,0.48216465162820005,200,OPC,NA
4,MHb.1,-0.09220878653959129,200,OPC,NA
5,MHb.1,-0.8380336264440297,200,OPC,NA
1,MHb.2,-0.5558960822051336,200,OPC,NA
2,MHb.2,1.0143899655800253,200,OPC,NA
3,MHb.2,0.01889387984272828,200,OPC,NA
4,MHb.2,0.01889387984272828,200,OPC,NA
5,MHb.2,1.0143899655800253,200,OPC,NA
1,MHb.2/Oligo,0.026771217947158168,200,OPC,NA
2,MHb.2/Oligo,-0.7884246312883437,200,OPC,NA
3,MHb.2/Oligo,1.435934868047345,200,OPC,NA
4,MHb.2/Oligo,0.026771217947158168,200,OPC,NA
5,MHb.2/Oligo,-0.41943856774612726,200,OPC,NA
1,Oligo,-0.8653348628157265,200,OPC,NA
2,Oligo,-1.1614243291156492,200,OPC,NA
3,Oligo,-4.0904331551195225,200,OPC,NA
4,Oligo,-2.7617479674925294,200,OPC,NA
5,Oligo,-3.3897265171995614,200,OPC,NA
1,OPC,-0.9876954928016035,200,OPC,NA
2,OPC,-1.3981471083618884,200,OPC,NA
3,OPC,-1.3981471083618884,200,OPC,NA
4,OPC,-1.7140129201324956,200,OPC,NA
5,OPC,-1.7140129201324956,200,OPC,NA
1,Astrocyte,-0.6419070672151417,500,OPC,NA
2,Astrocyte,-0.8512445416522972,500,OPC,NA
3,Astrocyte,-0.19069033092661783,500,OPC,NA
4,Astrocyte,-0.6419070672151417,500,OPC,NA
5,Astrocyte,-1.243098183319819,500,OPC,NA
1,Endo,-0.12647412387885035,500,OPC,NA
2,Endo,1.4288747663449277,500,OPC,NA
3,Endo,0.2732763127330939,500,OPC,NA
4,Endo,-1.644180630104254,500,OPC,NA
5,Endo,-0.8493195420093834,500,OPC,NA
1,Excit.Thal,1.0306918909655864,500,OPC,NA
2,Excit.Thal,0.4793583631384312,500,OPC,NA
3,Excit.Thal,1.0306918909655864,500,OPC,NA
4,Excit.Thal,0.032851026303680995,500,OPC,NA
5,Excit.Thal,1.0306918909655864,500,OPC,NA
1,LHb.4,1.7603375936495902,500,OPC,NA
2,LHb.4,1.7603375936495902,500,OPC,NA
3,LHb.4,1.7603375936495902,500,OPC,NA
4,LHb.4,1.7603375936495902,500,OPC,NA
5,LHb.4,1.0306918909655864,500,OPC,NA
1,LHb.7,5.060342485638285,500,OPC,NA
2,LHb.7,5.822215445617736,500,OPC,NA
3,LHb.7,5.933552894638349,500,OPC,NA
4,LHb.7,3.023797177643524,500,OPC,NA
5,LHb.7,4.2232784768803375,500,OPC,NA
1,MHb.1,-4.254305472853578,500,OPC,NA
2,MHb.1,-3.830097592018303,500,OPC,NA
3,MHb.1,-6.016372711562314,500,OPC,NA
4,MHb.1,-0.560812505614492,500,OPC,NA
5,MHb.1,-1.654131375659192,500,OPC,NA
1,MHb.2,-0.9771494550712702,500,OPC,NA
2,MHb.2,-1.318235498630686,500,OPC,NA
3,MHb.2,-0.5558960822051336,500,OPC,NA
4,MHb.2,0.01889387984272828,500,OPC,NA
5,MHb.2,-0.5558960822051336,500,OPC,NA
1,MHb.2/Oligo,0.026771217947158168,500,OPC,NA
2,MHb.2/Oligo,-1.3872335452328755,500,OPC,NA
3,MHb.2/Oligo,0.026771217947158168,500,OPC,NA
4,MHb.2/Oligo,0.026771217947158168,500,OPC,NA
5,MHb.2/Oligo,-1.1061132365082103,500,OPC,NA
1,Oligo,-0.36078933334556806,500,OPC,NA
2,Oligo,-1.5491703104222097,500,OPC,NA
3,Oligo,0.371800485663817,500,OPC,NA
4,Oligo,-1.6449268984529937,500,OPC,NA
5,Oligo,-1.4529529225306952,500,OPC,NA
1,OPC,-0.9876954928016035,500,OPC,NA
2,OPC,-0.9876954928016035,500,OPC,NA
3,OPC,NA,500,OPC,NA
4,OPC,-0.9876954928016035,500,OPC,NA
5,OPC,-1.3981471083618884,500,OPC,NA
1,Astrocyte,0.314390046221382,1000,OPC,NA
2,Astrocyte,-0.19069033092661783,1000,OPC,NA
3,Astrocyte,-1.4273975147232234,1000,OPC,NA
4,Astrocyte,-0.4221732333521202,1000,OPC,NA
5,Astrocyte,0.05416990773272511,1000,OPC,NA
1,Endo,1.9765383197849271,1000,OPC,NA
2,Endo,1.6951332260438696,1000,OPC,NA
3,Endo,2.275132913814132,1000,OPC,NA
4,Endo,2.275132913814132,1000,OPC,NA
5,Endo,1.9765383197849271,1000,OPC,NA
1,Excit.Thal,0.4793583631384312,1000,OPC,NA
2,Excit.Thal,1.7603375936495902,1000,OPC,NA
3,Excit.Thal,1.0306918909655864,1000,OPC,NA
4,Excit.Thal,1.7603375936495902,1000,OPC,NA
5,Excit.Thal,1.7603375936495902,1000,OPC,NA
1,LHb.4,1.7603375936495902,1000,OPC,NA
2,LHb.4,1.7603375936495902,1000,OPC,NA
3,LHb.4,1.7603375936495902,1000,OPC,NA
4,LHb.4,1.0306918909655864,1000,OPC,NA
5,LHb.4,0.4793583631384312,1000,OPC,NA
1,LHb.7,8.192767488678511,1000,OPC,NA
2,LHb.7,8.578943820037122,1000,OPC,NA
3,LHb.7,8.192767488678511,1000,OPC,NA
4,LHb.7,5.492052884121769,1000,OPC,NA
5,LHb.7,7.085856230401566,1000,OPC,NA
1,MHb.1,-10.869140925573081,1000,OPC,NA
2,MHb.1,-9.38610261070613,1000,OPC,NA
3,MHb.1,-7.269814373018668,1000,OPC,NA
4,MHb.1,-5.9328548146686595,1000,OPC,NA
5,MHb.1,-9.214506503066051,1000,OPC,NA
1,MHb.2,-0.5558960822051336,1000,OPC,NA
2,MHb.2,-1.8672003258487222,1000,OPC,NA
3,MHb.2,-2.698032476330822,1000,OPC,NA
4,MHb.2,-3.20048834266802,1000,OPC,NA
5,MHb.2,-3.353493826361406,1000,OPC,NA
1,MHb.2/Oligo,-0.7884246312883437,1000,OPC,NA
2,MHb.2/Oligo,-1.1061132365082103,1000,OPC,NA
3,MHb.2/Oligo,-1.87329449840529,1000,OPC,NA
4,MHb.2/Oligo,-1.1061132365082103,1000,OPC,NA
5,MHb.2/Oligo,1.435934868047345,1000,OPC,NA
1,Oligo,4.300127113335829,1000,OPC,NA
2,Oligo,2.5613352818185176,1000,OPC,NA
3,Oligo,1.3671758149119764,1000,OPC,NA
4,Oligo,1.4820488908046086,1000,OPC,NA
5,Oligo,4.157161663174175,1000,OPC,NA
1,OPC,NA,1000,OPC,NA
2,OPC,-0.9876954928016035,1000,OPC,NA
3,OPC,-0.9876954928016035,1000,OPC,NA
4,OPC,NA,1000,OPC,NA
5,OPC,NA,1000,OPC,NA
1,Astrocyte,-0.6419070672151417,5000,OPC,NA
2,Astrocyte,-1.243098183319819,5000,OPC,NA
3,Astrocyte,-0.4221732333521202,5000,OPC,NA
4,Astrocyte,0.8913069564605207,5000,OPC,NA
5,Astrocyte,-0.8512445416522972,5000,OPC,NA
1,Endo,2.5933843327042068,5000,OPC,NA
2,Endo,1.9765383197849271,5000,OPC,NA
3,Endo,1.9765383197849271,5000,OPC,NA
4,Endo,1.6951332260438696,5000,OPC,NA
5,Endo,1.1760540071951926,5000,OPC,NA
1,Excit.Thal,1.7603375936495902,5000,OPC,NA
2,Excit.Thal,1.0306918909655864,5000,OPC,NA
3,Excit.Thal,1.7603375936495902,5000,OPC,NA
4,Excit.Thal,1.7603375936495902,5000,OPC,NA
5,Excit.Thal,1.0306918909655864,5000,OPC,NA
1,LHb.4,1.7603375936495902,5000,OPC,NA
2,LHb.4,1.0306918909655864,5000,OPC,NA
3,LHb.4,1.7603375936495902,5000,OPC,NA
4,LHb.4,1.0306918909655864,5000,OPC,NA
5,LHb.4,1.7603375936495902,5000,OPC,NA
1,LHb.7,9.939576039638991,5000,OPC,NA
2,LHb.7,9.108911282317885,5000,OPC,NA
3,LHb.7,9.518588422027666,5000,OPC,NA
4,LHb.7,8.841692528083456,5000,OPC,NA
5,LHb.7,8.709772195838136,5000,OPC,NA
1,MHb.1,-10.340163924964228,5000,OPC,NA
2,MHb.1,-9.128897903286076,5000,OPC,NA
3,MHb.1,-9.55822867371805,5000,OPC,NA
4,MHb.1,-10.780504664638084,5000,OPC,NA
5,MHb.1,-9.38610261070613,5000,OPC,NA
1,MHb.2,-4.869253769335738,5000,OPC,NA
2,MHb.2,-5.293433424616622,5000,OPC,NA
3,MHb.2,-6.071872599753462,5000,OPC,NA
4,MHb.2,-3.353493826361406,5000,OPC,NA
5,MHb.2,-3.9137634777777577,5000,OPC,NA
1,MHb.2/Oligo,-1.1061132365082103,5000,OPC,NA
2,MHb.2/Oligo,-0.41943856774612726,5000,OPC,NA
3,MHb.2/Oligo,0.6022207557222283,5000,OPC,NA
4,MHb.2/Oligo,0.6022207557222283,5000,OPC,NA
5,MHb.2/Oligo,0.026771217947158168,5000,OPC,NA
1,Oligo,5.19712135418504,5000,OPC,NA
2,Oligo,5.353756481682024,5000,OPC,NA
3,Oligo,5.673794785603437,5000,OPC,NA
4,Oligo,4.444858815576122,5000,OPC,NA
5,Oligo,4.300127113335829,5000,OPC,NA
1,OPC,NA,5000,OPC,NA
2,OPC,NA,5000,OPC,NA
3,OPC,NA,5000,OPC,NA
4,OPC,NA,5000,OPC,NA
5,OPC,NA,5000,OPC,NA
