perm,neighbor,Z,scale,reference,id
1,Astrocyte,1.1564849270766624,100,Astrocyte,NA
2,Astrocyte,1.346542214290633,100,Astrocyte,NA
3,Astrocyte,0.8618381438484749,100,Astrocyte,NA
4,Astrocyte,1.3042635913939926,100,Astrocyte,NA
5,Astrocyte,1.3253997757686056,100,Astrocyte,NA
1,Endo,1.3551037402899784,100,Astrocyte,NA
2,Endo,1.3551037402899784,100,Astrocyte,NA
3,Endo,1.6613636076335916,100,Astrocyte,NA
4,Endo,1.308129944832484,100,Astrocyte,NA
5,Endo,0.56164699414709085,100,Astrocyte,NA
1,Excit.Thal,0.7217248992109829,100,Astrocyte,NA
2,Excit.Thal,0.42924059291443345,100,Astrocyte,NA
3,Excit.Thal,0.31355390401863714,100,Astrocyte,NA
4,Excit.Thal,0.25598519162637884,100,Astrocyte,NA
5,Excit.Thal,0.141390404161302,100,Astrocyte,NA
1,LHb.4,0.08186291200945661,100,Astrocyte,NA
2,LHb.4,-0.17261904452836993,100,Astrocyte,NA
3,LHb.4,-0.12197406710588152,100,Astrocyte,NA
4,LHb.4,0.3395427936904009,100,Astrocyte,NA
5,LHb.4,0.2877464870822563,100,Astrocyte,NA
1,LHb.7,0.22676110848171296,100,Astrocyte,NA
2,LHb.7,0.5581430821089927,100,Astrocyte,NA
3,LHb.7,-0.28162764801648754,100,Astrocyte,NA
4,LHb.7,0.5211428026852017,100,Astrocyte,NA
5,LHb.7,0.44727808364029,100,Astrocyte,NA
1,MHb.1,-0.2223863441895134,100,Astrocyte,NA
2,MHb.1,-0.2854184278817473,100,Astrocyte,NA
3,MHb.1,0.17174559631567232,100,Astrocyte,NA
4,MHb.1,-0.06477136811428563,100,Astrocyte,NA
5,MHb.1,0.3294876810390027,100,Astrocyte,NA
1,MHb.2,-6.052967022752455,100,Astrocyte,NA
2,MHb.2,-6.052967022752455,100,Astrocyte,NA
3,MHb.2,-6.088292890378553,100,Astrocyte,NA
4,MHb.2,-5.804340011066052,100,Astrocyte,NA
5,MHb.2,-6.193985668316346,100,Astrocyte,NA
1,MHb.2/Oligo,-0.5150167221360622,100,Astrocyte,NA
2,MHb.2/Oligo,-0.686916330363475,100,Astrocyte,NA
3,MHb.2/Oligo,0.20009967096768397,100,Astrocyte,NA
4,MHb.2/Oligo,-0.25216232435962055,100,Astrocyte,NA
5,MHb.2/Oligo,-0.34046362813719167,100,Astrocyte,NA
1,Oligo,0.5131151819111682,100,Astrocyte,NA
2,Oligo,0.6132726054024222,100,Astrocyte,NA
3,Oligo,0.34683354502224867,100,Astrocyte,NA
4,Oligo,0.4797943203112767,100,Astrocyte,NA
5,Oligo,0.4465058027411072,100,Astrocyte,NA
1,OPC,0.7095588582572202,100,Astrocyte,NA
2,OPC,0.5521889057979026,100,Astrocyte,NA
3,OPC,0.678031291289079,100,Astrocyte,NA
4,OPC,-0.19404513829109102,100,Astrocyte,NA
5,OPC,0.5521889057979026,100,Astrocyte,NA
1,Astrocyte,4.614409379087976,200,Astrocyte,NA
2,Astrocyte,4.547956277269777,200,Astrocyte,NA
3,Astrocyte,3.5806681730904675,200,Astrocyte,NA
4,Astrocyte,3.82121371428617,200,Astrocyte,NA
5,Astrocyte,4.216660377979981,200,Astrocyte,NA
1,Endo,3.21761288008492,200,Astrocyte,NA
2,Endo,2.9029512733686706,200,Astrocyte,NA
3,Endo,2.951247354973283,200,Astrocyte,NA
4,Endo,3.21761288008492,200,Astrocyte,NA
5,Endo,2.3743786885217277,200,Astrocyte,NA
1,Excit.Thal,0.9591661473283796,200,Astrocyte,NA
2,Excit.Thal,1.5668619590415849,200,Astrocyte,NA
3,Excit.Thal,1.7532718359498944,200,Astrocyte,NA
4,Excit.Thal,1.6287822009044435,200,Astrocyte,NA
5,Excit.Thal,1.3213055464469745,200,Astrocyte,NA
1,LHb.4,0.23608110787617512,200,Astrocyte,NA
2,LHb.4,0.5480528387650665,200,Astrocyte,NA
3,LHb.4,0.5480528387650665,200,Astrocyte,NA
4,LHb.4,1.2408870701002885,200,Astrocyte,NA
5,LHb.4,0.6005155003826994,200,Astrocyte,NA
1,LHb.7,1.0057311064712149,200,Astrocyte,NA
2,LHb.7,0.632280150851595,200,Astrocyte,NA
3,LHb.7,0.8932075005561121,200,Astrocyte,NA
4,LHb.7,1.766912985609425,200,Astrocyte,NA
5,LHb.7,1.3078774951726921,200,Astrocyte,NA
1,MHb.1,-2.377046461621665,200,Astrocyte,NA
2,MHb.1,-2.0944141052372114,200,Astrocyte,NA
3,MHb.1,-1.324347025406308,200,Astrocyte,NA
4,MHb.1,-2.6281682952292713,200,Astrocyte,NA
5,MHb.1,-2.188639291655772,200,Astrocyte,NA
1,MHb.2,-11.072867392397523,200,Astrocyte,NA
2,MHb.2,-10.806408315861901,200,Astrocyte,NA
3,MHb.2,-11.829322136268946,200,Astrocyte,NA
4,MHb.2,-11.65646637805449,200,Astrocyte,NA
5,MHb.2,-11.043380757552647,200,Astrocyte,NA
1,MHb.2/Oligo,0.10816885063317853,200,Astrocyte,NA
2,MHb.2/Oligo,-0.686916330363475,200,Astrocyte,NA
3,MHb.2/Oligo,0.10816885063317853,200,Astrocyte,NA
4,MHb.2/Oligo,0.3862773314343034,200,Astrocyte,NA
5,MHb.2/Oligo,-0.1631613737388533,200,Astrocyte,NA
1,Oligo,0.8818016711206245,200,Astrocyte,NA
2,Oligo,1.0507116757714832,200,Astrocyte,NA
3,Oligo,0.9830471574687091,200,Astrocyte,NA
4,Oligo,1.3910692296507996,200,Astrocyte,NA
5,Oligo,1.3568794804342859,200,Astrocyte,NA
1,OPC,0.9945244478383853,200,Astrocyte,NA
2,OPC,0.5836094331205879,200,Astrocyte,NA
3,OPC,0.9310082964734026,200,Astrocyte,NA
4,OPC,1.1218862969425472,200,Astrocyte,NA
5,OPC,1.2496906953562583,200,Astrocyte,NA
1,Astrocyte,8.539563466751806,500,Astrocyte,NA
2,Astrocyte,9.296606298691168,500,Astrocyte,NA
3,Astrocyte,8.1176140136932,500,Astrocyte,NA
4,Astrocyte,6.525035591166379,500,Astrocyte,NA
5,Astrocyte,8.82240719051546,500,Astrocyte,NA
1,Endo,5.69900111595968,500,Astrocyte,NA
2,Endo,5.749780918958017,500,Astrocyte,NA
3,Endo,5.876936866544991,500,Astrocyte,NA
4,Endo,6.749553853433064,500,Astrocyte,NA
5,Endo,6.260190499107468,500,Astrocyte,NA
1,Excit.Thal,4.159169725124692,500,Astrocyte,NA
2,Excit.Thal,4.303107640637371,500,Astrocyte,NA
3,Excit.Thal,3.388260332324948,500,Astrocyte,NA
4,Excit.Thal,2.650071049385634,500,Astrocyte,NA
5,Excit.Thal,2.781991749970117,500,Astrocyte,NA
1,LHb.4,0.9181691159011984,500,Astrocyte,NA
2,LHb.4,0.9715987565919807,500,Astrocyte,NA
3,LHb.4,1.9022850738756671,500,Astrocyte,NA
4,LHb.4,1.734877305424074,500,Astrocyte,NA
5,LHb.4,1.4589391049649325,500,Astrocyte,NA
1,LHb.7,2.587741997223102,500,Astrocyte,NA
2,LHb.7,3.0672786159589083,500,Astrocyte,NA
3,LHb.7,3.4729935053140704,500,Astrocyte,NA
4,LHb.7,4.00903651283078,500,Astrocyte,NA
5,LHb.7,3.2288874617481973,500,Astrocyte,NA
1,MHb.1,-6.431840805482601,500,Astrocyte,NA
2,MHb.1,-6.478703058981326,500,Astrocyte,NA
3,MHb.1,-6.962843334612856,500,Astrocyte,NA
4,MHb.1,-6.8535372153698395,500,Astrocyte,NA
5,MHb.1,-6.884768449332126,500,Astrocyte,NA
1,MHb.2,-16.56204336391779,500,Astrocyte,NA
2,MHb.2,-17.489112073573324,500,Astrocyte,NA
3,MHb.2,-16.537302053855854,500,Astrocyte,NA
4,MHb.2,-15.912754168558951,500,Astrocyte,NA
5,MHb.2,-17.199059366586976,500,Astrocyte,NA
1,MHb.2/Oligo,-0.25216232435962055,500,Astrocyte,NA
2,MHb.2/Oligo,0.016990911567377413,500,Astrocyte,NA
3,MHb.2/Oligo,-0.07344800239731898,500,Astrocyte,NA
4,MHb.2/Oligo,-0.686916330363475,500,Astrocyte,NA
5,MHb.2/Oligo,-0.25216232435962055,500,Astrocyte,NA
1,Oligo,2.4332095737292625,500,Astrocyte,NA
2,Oligo,2.681104015334415,500,Astrocyte,NA
3,Oligo,3.1104038420051534,500,Astrocyte,NA
4,Oligo,2.5038490463963385,500,Astrocyte,NA
5,Oligo,2.610089042478086,500,Astrocyte,NA
1,OPC,2.5197833123039692,500,Astrocyte,NA
2,OPC,1.9280781000555638,500,Astrocyte,NA
3,OPC,2.321473347920514,500,Astrocyte,NA
4,OPC,3.256395272416621,500,Astrocyte,NA
5,OPC,2.8527388245081915,500,Astrocyte,NA
1,Astrocyte,13.250151883640925,1000,Astrocyte,NA
2,Astrocyte,13.022344677780767,1000,Astrocyte,NA
3,Astrocyte,12.368967844266155,1000,Astrocyte,NA
4,Astrocyte,10.425101089893847,1000,Astrocyte,NA
5,Astrocyte,11.009247021790099,1000,Astrocyte,NA
1,Endo,8.752794824530653,1000,Astrocyte,NA
2,Endo,8.27150065678537,1000,Astrocyte,NA
3,Endo,8.32476257790666,1000,Astrocyte,NA
4,Endo,8.511601325748016,1000,Astrocyte,NA
5,Endo,9.61941958372736,1000,Astrocyte,NA
1,Excit.Thal,4.816606369811407,1000,Astrocyte,NA
2,Excit.Thal,3.9454918980361473,1000,Astrocyte,NA
3,Excit.Thal,2.781991749970117,1000,Astrocyte,NA
4,Excit.Thal,5.892412580720665,1000,Astrocyte,NA
5,Excit.Thal,6.212754759040605,1000,Astrocyte,NA
1,LHb.4,1.5688589812739713,1000,Astrocyte,NA
2,LHb.4,3.1153965943074384,1000,Astrocyte,NA
3,LHb.4,2.01467537712475,1000,Astrocyte,NA
4,LHb.4,2.1277032462905208,1000,Astrocyte,NA
5,LHb.4,2.761131523150781,1000,Astrocyte,NA
1,LHb.7,5.198605299596129,1000,Astrocyte,NA
2,LHb.7,4.896554553803378,1000,Astrocyte,NA
3,LHb.7,4.2598318573691,1000,Astrocyte,NA
4,LHb.7,4.9395096914932575,1000,Astrocyte,NA
5,LHb.7,6.8968673450959646,1000,Astrocyte,NA
1,MHb.1,-12.110086687871666,1000,Astrocyte,NA
2,MHb.1,-11.299269339913842,1000,Astrocyte,NA
3,MHb.1,-10.784741742050223,1000,Astrocyte,NA
4,MHb.1,-12.016525378638338,1000,Astrocyte,NA
5,MHb.1,-14.21600912839545,1000,Astrocyte,NA
1,MHb.2,-19.862813490952586,1000,Astrocyte,NA
2,MHb.2,-19.409533829966218,1000,Astrocyte,NA
3,MHb.2,-18.649081302743756,1000,Astrocyte,NA
4,MHb.2,-16.313807068779745,1000,Astrocyte,NA
5,MHb.2,-17.24757153708959,1000,Astrocyte,NA
1,MHb.2/Oligo,-1.4299599501873959,1000,Astrocyte,NA
2,MHb.2/Oligo,-1.9766040341733744,1000,Astrocyte,NA
3,MHb.2/Oligo,-0.34046362813719167,1000,Astrocyte,NA
4,MHb.2/Oligo,-0.34046362813719167,1000,Astrocyte,NA
5,MHb.2/Oligo,-1.1056413060469126,1000,Astrocyte,NA
1,Oligo,5.8892861184091645,1000,Astrocyte,NA
2,Oligo,4.09717935755592,1000,Astrocyte,NA
3,Oligo,3.764961530329505,1000,Astrocyte,NA
4,Oligo,5.038103315951654,1000,Astrocyte,NA
5,Oligo,5.306511560262343,1000,Astrocyte,NA
1,OPC,3.562149836888473,1000,Astrocyte,NA
2,OPC,3.596284640284708,1000,Astrocyte,NA
3,OPC,3.528047647685825,1000,Astrocyte,NA
4,OPC,2.1570403897152715,1000,Astrocyte,NA
5,OPC,4.0776390974165935,1000,Astrocyte,NA
1,Astrocyte,23.59363092940054,5000,Astrocyte,NA
2,Astrocyte,23.836783481824213,5000,Astrocyte,NA
3,Astrocyte,21.7444356044283,5000,Astrocyte,NA
4,Astrocyte,20.096521598223873,5000,Astrocyte,NA
5,Astrocyte,17.50597427599922,5000,Astrocyte,NA
1,Endo,16.10246892274978,5000,Astrocyte,NA
2,Endo,13.976372233805328,5000,Astrocyte,NA
3,Endo,14.095447281311126,5000,Astrocyte,NA
4,Endo,12.424661736183893,5000,Astrocyte,NA
5,Endo,13.238484961444598,5000,Astrocyte,NA
1,Excit.Thal,6.375236578441521,5000,Astrocyte,NA
2,Excit.Thal,6.7049846992157125,5000,Astrocyte,NA
3,Excit.Thal,5.892412580720665,5000,Astrocyte,NA
4,Excit.Thal,7.041341444881502,5000,Astrocyte,NA
5,Excit.Thal,7.558908573101413,5000,Astrocyte,NA
1,LHb.4,7.214865369469387,5000,Astrocyte,NA
2,LHb.4,7.662808242387308,5000,Astrocyte,NA
3,LHb.4,7.214865369469387,5000,Astrocyte,NA
4,LHb.4,5.794210342311942,5000,Astrocyte,NA
5,LHb.4,3.9678073594404757,5000,Astrocyte,NA
1,LHb.7,9.351252756340669,5000,Astrocyte,NA
2,LHb.7,9.705823843680948,5000,Astrocyte,NA
3,LHb.7,8.120974181215294,5000,Astrocyte,NA
4,LHb.7,7.59650822419795,5000,Astrocyte,NA
5,LHb.7,8.557583440588077,5000,Astrocyte,NA
1,MHb.1,-26.65016660396277,5000,Astrocyte,NA
2,MHb.1,-24.329229734773616,5000,Astrocyte,NA
3,MHb.1,-21.847861382441412,5000,Astrocyte,NA
4,MHb.1,-21.170494839710244,5000,Astrocyte,NA
5,MHb.1,-20.399652260987516,5000,Astrocyte,NA
1,MHb.2,-25.5370693339558,5000,Astrocyte,NA
2,MHb.2,-26.696607577993113,5000,Astrocyte,NA
3,MHb.2,-27.566210993414266,5000,Astrocyte,NA
4,MHb.2,-25.005300724468707,5000,Astrocyte,NA
5,MHb.2,-21.493884207539526,5000,Astrocyte,NA
1,MHb.2/Oligo,-2.858623405964688,5000,Astrocyte,NA
2,MHb.2/Oligo,-1.9000575626724256,5000,Astrocyte,NA
3,MHb.2/Oligo,-1.6673754566400638,5000,Astrocyte,NA
4,MHb.2/Oligo,-2.571786450557956,5000,Astrocyte,NA
5,MHb.2/Oligo,-2.1282215733736396,5000,Astrocyte,NA
1,Oligo,11.681941789641895,5000,Astrocyte,NA
2,Oligo,10.707045851799432,5000,Astrocyte,NA
3,Oligo,11.446998052992752,5000,Astrocyte,NA
4,Oligo,9.984448945103143,5000,Astrocyte,NA
5,Oligo,8.587834126747733,5000,Astrocyte,NA
1,OPC,13.496278012204753,5000,Astrocyte,NA
2,OPC,12.021492827383327,5000,Astrocyte,NA
3,OPC,11.329580559404414,5000,Astrocyte,NA
4,OPC,11.286813204399271,5000,Astrocyte,NA
5,OPC,6.292083446079213,5000,Astrocyte,NA
1,Astrocyte,-0.8463233579308738,100,Endo,NA
2,Astrocyte,-0.15650605280450858,100,Endo,NA
3,Astrocyte,-0.6684477845248867,100,Endo,NA
4,Astrocyte,-0.4643381564147875,100,Endo,NA
5,Astrocyte,-1.0487953182960057,100,Endo,NA
1,Endo,2.182480894573875,100,Endo,NA
2,Endo,2.0601512722475857,100,Endo,NA
3,Endo,1.9583677561794186,100,Endo,NA
4,Endo,1.755228611690235,100,Endo,NA
5,Endo,1.9583677561794186,100,Endo,NA
1,Excit.Thal,0.18883062646874826,100,Endo,NA
2,Excit.Thal,0.2449231842156242,100,Endo,NA
3,Excit.Thal,0.07715041373705171,100,Endo,NA
4,Excit.Thal,0.021560444317444544,100,Endo,NA
5,Excit.Thal,0.1329067573444318,100,Endo,NA
1,LHb.4,0.17374716461267964,100,Endo,NA
2,LHb.4,0.024204494610697017,100,Endo,NA
3,LHb.4,0.5268851410096328,100,Endo,NA
4,LHb.4,0.17374716461267964,100,Endo,NA
5,LHb.4,0.17374716461267964,100,Endo,NA
1,LHb.7,0.45176637827817556,100,Endo,NA
2,LHb.7,0.17387616990530094,100,Endo,NA
3,LHb.7,0.0014142577549755946,100,Endo,NA
4,LHb.7,0.6617863570071287,100,Endo,NA
5,LHb.7,0.3125187385939652,100,Endo,NA
1,MHb.1,0.40406542672221846,100,Endo,NA
2,MHb.1,0.7841765233841289,100,Endo,NA
3,MHb.1,1.2374999370786797,100,Endo,NA
4,MHb.1,0.8426626249484496,100,Endo,NA
5,MHb.1,0.8280409054571668,100,Endo,NA
1,MHb.2,-5.453939839592288,100,Endo,NA
2,MHb.2,-5.8990048391761425,100,Endo,NA
3,MHb.2,-5.9542648729147665,100,Endo,NA
4,MHb.2,-6.147032518312992,100,Endo,NA
5,MHb.2,-5.397928761021747,100,Endo,NA
1,MHb.2/Oligo,0.5387457321895115,100,Endo,NA
2,MHb.2/Oligo,0.38742434229222084,100,Endo,NA
3,MHb.2/Oligo,0.46287743799630654,100,Endo,NA
4,MHb.2/Oligo,0.6917488621346817,100,Endo,NA
5,MHb.2/Oligo,-0.2737844112652345,100,Endo,NA
1,Oligo,1.426331727176066,100,Endo,NA
2,Oligo,0.7076456142516212,100,Endo,NA
3,Oligo,0.3708092460875908,100,Endo,NA
4,Oligo,1.1164095115942165,100,Endo,NA
5,Oligo,1.3572080873799006,100,Endo,NA
1,OPC,0.25069859383643117,100,Endo,NA
2,OPC,0.3104346033542021,100,Endo,NA
3,OPC,0.4002127320594013,100,Endo,NA
4,OPC,0.4002127320594013,100,Endo,NA
5,OPC,0.43018538491620373,100,Endo,NA
1,Astrocyte,-0.1307621423969983,200,Endo,NA
2,Astrocyte,-0.5409827571883602,200,Endo,NA
3,Astrocyte,-0.25934079895628925,200,Endo,NA
4,Astrocyte,-0.36195107507926233,200,Endo,NA
5,Astrocyte,-0.48990020102755416,200,Endo,NA
1,Endo,6.668188465191306,200,Endo,NA
2,Endo,6.191225597732662,200,Endo,NA
3,Endo,6.689948185995881,200,Endo,NA
4,Endo,6.951610448766542,200,Endo,NA
5,Endo,6.602951068504716,200,Endo,NA
1,Excit.Thal,0.5279578555306926,200,Endo,NA
2,Excit.Thal,0.9900287602522572,200,Endo,NA
3,Excit.Thal,0.8734196944683903,200,Endo,NA
4,Excit.Thal,1.2848357806475386,200,Endo,NA
5,Excit.Thal,0.8734196944683903,200,Endo,NA
1,LHb.4,0.2740374471983341,200,Endo,NA
2,LHb.4,1.1990216195253531,200,Endo,NA
3,LHb.4,1.1465385657755356,200,Endo,NA
4,LHb.4,0.7828330082711619,200,Endo,NA
5,LHb.4,0.3748100501139242,200,Endo,NA
1,LHb.7,1.0860422572396908,200,Endo,NA
2,LHb.7,0.5216190936407921,200,Endo,NA
3,LHb.7,1.1930011120624464,200,Endo,NA
4,LHb.7,1.7696649708145133,200,Endo,NA
5,LHb.7,1.988675433578242,200,Endo,NA
1,MHb.1,-0.8234989993399879,200,Endo,NA
2,MHb.1,-1.4516774334309706,200,Endo,NA
3,MHb.1,-0.7212257029708989,200,Endo,NA
4,MHb.1,-1.028035058023745,200,Endo,NA
5,MHb.1,-1.6561782637330278,200,Endo,NA
1,MHb.2,-11.016240779992769,200,Endo,NA
2,MHb.2,-9.434298158421056,200,Endo,NA
3,MHb.2,-12.257689174887311,200,Endo,NA
4,MHb.2,-11.617764554329929,200,Endo,NA
5,MHb.2,-10.05970041026609,200,Endo,NA
1,MHb.2/Oligo,0.6917488621346817,200,Endo,NA
2,MHb.2/Oligo,0.6917488621346817,200,Endo,NA
3,MHb.2/Oligo,0.9245010582606232,200,Endo,NA
4,MHb.2/Oligo,0.5387457321895115,200,Endo,NA
5,MHb.2/Oligo,0.9245010582606232,200,Endo,NA
1,Oligo,1.2193939512262861,200,Endo,NA
2,Oligo,1.3227005462946004,200,Endo,NA
3,Oligo,1.3572080873799006,200,Endo,NA
4,Oligo,1.7042871790379068,200,Endo,NA
5,Oligo,1.1164095115942165,200,Endo,NA
1,OPC,1.3097499876950003,200,Endo,NA
2,OPC,1.4326760530810831,200,Endo,NA
3,OPC,1.8038616451300524,200,Endo,NA
4,OPC,0.731205330684201,200,Endo,NA
5,OPC,1.3711633315241767,200,Endo,NA
1,Astrocyte,0.15335791436254506,500,Endo,NA
2,Astrocyte,0.9634962122560841,500,Endo,NA
3,Astrocyte,0.17927272747227124,500,Endo,NA
4,Astrocyte,0.7530726800795025,500,Endo,NA
5,Astrocyte,1.6273162464111137,500,Endo,NA
1,Endo,11.237692131127833,500,Endo,NA
2,Endo,11.424469253324807,500,Endo,NA
3,Endo,11.823183423119495,500,Endo,NA
4,Endo,12.106131216737998,500,Endo,NA
5,Endo,11.307670031081866,500,Endo,NA
1,Excit.Thal,2.577997449631692,500,Endo,NA
2,Excit.Thal,3.2280366759571004,500,Endo,NA
3,Excit.Thal,2.6419489571188715,500,Endo,NA
4,Excit.Thal,2.70612932085581,500,Endo,NA
5,Excit.Thal,1.8891296357589749,500,Endo,NA
1,LHb.4,1.0941883115325075,500,Endo,NA
2,LHb.4,1.3043892313323542,500,Endo,NA
3,LHb.4,2.725803159328553,500,Endo,NA
4,LHb.4,3.3584391804881153,500,Endo,NA
5,LHb.4,1.6774751523426663,500,Endo,NA
1,LHb.7,1.988675433578242,500,Endo,NA
2,LHb.7,2.88043585648235,500,Endo,NA
3,LHb.7,3.9154032602203195,500,Endo,NA
4,LHb.7,3.374408540644742,500,Endo,NA
5,LHb.7,3.2215724634952676,500,Endo,NA
1,MHb.1,-3.248173360431942,500,Endo,NA
2,MHb.1,-3.0875184892998244,500,Endo,NA
3,MHb.1,-5.103268006943006,500,Endo,NA
4,MHb.1,-6.886439992261496,500,Endo,NA
5,MHb.1,-5.556228504573803,500,Endo,NA
1,MHb.2,-16.036806185738367,500,Endo,NA
2,MHb.2,-17.68768806224831,500,Endo,NA
3,MHb.2,-16.636301033727566,500,Endo,NA
4,MHb.2,-15.407372141028423,500,Endo,NA
5,MHb.2,-15.712342622167535,500,Endo,NA
1,MHb.2/Oligo,1.0818997193820636,500,Endo,NA
2,MHb.2/Oligo,1.3214613085078768,500,Endo,NA
3,MHb.2/Oligo,0.6917488621346817,500,Endo,NA
4,MHb.2/Oligo,0.8464766096909536,500,Endo,NA
5,MHb.2/Oligo,1.0029734841167588,500,Endo,NA
1,Oligo,3.0578393701164863,500,Endo,NA
2,Oligo,2.5525906182320957,500,Endo,NA
3,Oligo,2.985176695447684,500,Endo,NA
4,Oligo,3.6451088009352803,500,Endo,NA
5,Oligo,3.3134537485202578,500,Endo,NA
1,OPC,2.5573612653064313,500,Endo,NA
2,OPC,2.589087225469302,500,Endo,NA
3,OPC,4.310458677281792,500,Endo,NA
4,OPC,4.745221711514467,500,Endo,NA
5,OPC,4.01245357536072,500,Endo,NA
1,Astrocyte,1.095498238393753,1000,Endo,NA
2,Astrocyte,2.0032865755631963,1000,Endo,NA
3,Astrocyte,2.7098422450147153,1000,Endo,NA
4,Astrocyte,2.409574681662611,1000,Endo,NA
5,Astrocyte,1.5471507006591196,1000,Endo,NA
1,Endo,13.95236522566973,1000,Endo,NA
2,Endo,14.122920684439197,1000,Endo,NA
3,Endo,14.859201139577912,1000,Endo,NA
4,Endo,15.057024640538534,1000,Endo,NA
5,Endo,15.032262140094803,1000,Endo,NA
1,Excit.Thal,3.697603685496668,1000,Endo,NA
2,Excit.Thal,2.6419489571188715,1000,Endo,NA
3,Excit.Thal,2.9000620717326187,1000,Endo,NA
4,Excit.Thal,4.820260209393687,1000,Endo,NA
5,Excit.Thal,5.260529244076764,1000,Endo,NA
1,LHb.4,2.896383556181967,1000,Endo,NA
2,LHb.4,3.1839243699964226,1000,Endo,NA
3,LHb.4,2.61287594589248,1000,Endo,NA
4,LHb.4,2.388889320876755,1000,Endo,NA
5,LHb.4,3.6527089727640405,1000,Endo,NA
1,LHb.7,4.268304451420057,1000,Endo,NA
2,LHb.7,4.228891035769257,1000,Endo,NA
3,LHb.7,3.451112175740487,1000,Endo,NA
4,LHb.7,4.545636396547491,1000,Endo,NA
5,LHb.7,6.013505516018205,1000,Endo,NA
1,MHb.1,-7.544627469192903,1000,Endo,NA
2,MHb.1,-7.573887333309663,1000,Endo,NA
3,MHb.1,-8.642340413143756,1000,Endo,NA
4,MHb.1,-10.13703982816915,1000,Endo,NA
5,MHb.1,-11.707788642916343,1000,Endo,NA
1,MHb.2,-18.409796835466786,1000,Endo,NA
2,MHb.2,-18.63448793541207,1000,Endo,NA
3,MHb.2,-16.784948377274226,1000,Endo,NA
4,MHb.2,-15.341748629088334,1000,Endo,NA
5,MHb.2,-16.700066237262686,1000,Endo,NA
1,MHb.2/Oligo,0.38742434229222084,1000,Endo,NA
2,MHb.2/Oligo,0.46287743799630654,1000,Endo,NA
3,MHb.2/Oligo,0.5387457321895115,1000,Endo,NA
4,MHb.2/Oligo,1.0029734841167588,1000,Endo,NA
5,MHb.2/Oligo,1.0029734841167588,1000,Endo,NA
1,Oligo,4.318887610507416,1000,Endo,NA
2,Oligo,4.546677142548574,1000,Endo,NA
3,Oligo,4.318887610507416,1000,Endo,NA
4,Oligo,4.584801064166895,1000,Endo,NA
5,Oligo,5.750393522814864,1000,Endo,NA
1,OPC,6.644285065045803,1000,Endo,NA
2,OPC,5.837989907804814,1000,Endo,NA
3,OPC,4.44368414811493,1000,Endo,NA
4,OPC,3.5536202792086162,1000,Endo,NA
5,OPC,7.288164998581513,1000,Endo,NA
1,Astrocyte,9.37770191398779,5000,Endo,NA
2,Astrocyte,9.091562629223832,5000,Endo,NA
3,Astrocyte,6.509482247286145,5000,Endo,NA
4,Astrocyte,6.539329145701815,5000,Endo,NA
5,Astrocyte,4.270263671304971,5000,Endo,NA
1,Endo,22.22636049101974,5000,Endo,NA
2,Endo,20.466695129687356,5000,Endo,NA
3,Endo,17.817833540437345,5000,Endo,NA
4,Endo,18.995304647705773,5000,Endo,NA
5,Endo,20.088684188168983,5000,Endo,NA
1,Excit.Thal,6.733425111587606,5000,Endo,NA
2,Excit.Thal,6.492331871522407,5000,Endo,NA
3,Excit.Thal,4.110248892982235,5000,Endo,NA
4,Excit.Thal,6.333462251425512,5000,Endo,NA
5,Excit.Thal,6.492331871522407,5000,Endo,NA
1,LHb.4,6.933945315506234,5000,Endo,NA
2,LHb.4,6.655771169153221,5000,Endo,NA
3,LHb.4,6.655771169153221,5000,Endo,NA
4,LHb.4,5.450934905463494,5000,Endo,NA
5,LHb.4,5.065245418282445,5000,Endo,NA
1,LHb.7,9.654871832167991,5000,Endo,NA
2,LHb.7,9.797070491185288,5000,Endo,NA
3,LHb.7,7.250584334326998,5000,Endo,NA
4,LHb.7,8.72424744098933,5000,Endo,NA
5,LHb.7,9.232406621126547,5000,Endo,NA
1,MHb.1,-22.459587725244972,5000,Endo,NA
2,MHb.1,-20.0446266327671,5000,Endo,NA
3,MHb.1,-14.373068090335797,5000,Endo,NA
4,MHb.1,-17.081022995871418,5000,Endo,NA
5,MHb.1,-16.57675289083892,5000,Endo,NA
1,MHb.2,-21.039814563923454,5000,Endo,NA
2,MHb.2,-21.94374487415988,5000,Endo,NA
3,MHb.2,-23.39146920910978,5000,Endo,NA
4,MHb.2,-20.923254601795975,5000,Endo,NA
5,MHb.2,-18.97967296356226,5000,Endo,NA
1,MHb.2/Oligo,-1.5095977852338534,5000,Endo,NA
2,MHb.2/Oligo,-0.20184847766341896,5000,Endo,NA
3,MHb.2/Oligo,0.08966297010519428,5000,Endo,NA
4,MHb.2/Oligo,-0.7672684736485053,5000,Endo,NA
5,MHb.2/Oligo,-0.05685528454262346,5000,Endo,NA
1,Oligo,10.906687298387968,5000,Endo,NA
2,Oligo,9.893947218567108,5000,Endo,NA
3,Oligo,8.478695693810701,5000,Endo,NA
4,Oligo,8.22047995608617,5000,Endo,NA
5,Oligo,6.960893419078699,5000,Endo,NA
1,OPC,13.512045669802749,5000,Endo,NA
2,OPC,12.07506690397279,5000,Endo,NA
3,OPC,11.868743336908835,5000,Endo,NA
4,OPC,11.055594356794314,5000,Endo,NA
5,OPC,7.907124594161949,5000,Endo,NA
1,Astrocyte,-0.08907923889302397,100,Excit.Thal,NA
2,Astrocyte,-0.2888877140876699,100,Excit.Thal,NA
3,Astrocyte,0.06183605010535887,100,Excit.Thal,NA
4,Astrocyte,-0.08907923889302397,100,Excit.Thal,NA
5,Astrocyte,0.3664546691759741,100,Excit.Thal,NA
1,Endo,1.6640957173267674,100,Excit.Thal,NA
2,Endo,1.51685250030398,100,Excit.Thal,NA
3,Endo,0.8232216068447702,100,Excit.Thal,NA
4,Endo,0.8232216068447702,100,Excit.Thal,NA
5,Endo,1.5536228992776433,100,Excit.Thal,NA
1,Excit.Thal,0.11027731727909743,100,Excit.Thal,NA
2,Excit.Thal,0.16960561910867078,100,Excit.Thal,NA
3,Excit.Thal,0.3486744571090473,100,Excit.Thal,NA
4,Excit.Thal,-0.007845504171881195,100,Excit.Thal,NA
5,Excit.Thal,-0.12526551356117485,100,Excit.Thal,NA
1,LHb.4,0.3584982374582449,100,Excit.Thal,NA
2,LHb.4,0.9410020969747294,100,Excit.Thal,NA
3,LHb.4,0.9410020969747294,100,Excit.Thal,NA
4,LHb.4,0.5223532210253338,100,Excit.Thal,NA
5,LHb.4,0.6050380918302803,100,Excit.Thal,NA
1,LHb.7,0.11291956851539262,100,Excit.Thal,NA
2,LHb.7,-0.18275092785103184,100,Excit.Thal,NA
3,LHb.7,-0.0845719842481524,100,Excit.Thal,NA
4,LHb.7,0.06340373583194912,100,Excit.Thal,NA
5,LHb.7,-0.035341543329779665,100,Excit.Thal,NA
1,MHb.1,-1.0500798596470424,100,Excit.Thal,NA
2,MHb.1,-1.4396345795073227,100,Excit.Thal,NA
3,MHb.1,-0.5141961092362933,100,Excit.Thal,NA
4,MHb.1,0.17267368603960886,100,Excit.Thal,NA
5,MHb.1,-1.0500798596470424,100,Excit.Thal,NA
1,MHb.2,-3.7006706926246884,100,Excit.Thal,NA
2,MHb.2,-4.4138918212448495,100,Excit.Thal,NA
3,MHb.2,-4.204407397801456,100,Excit.Thal,NA
4,MHb.2,-4.34447113717994,100,Excit.Thal,NA
5,MHb.2,-3.40271428866661,100,Excit.Thal,NA
1,MHb.2/Oligo,-1.4075988722876425,100,Excit.Thal,NA
2,MHb.2/Oligo,0.5824176669681989,100,Excit.Thal,NA
3,MHb.2/Oligo,-1.4075988722876425,100,Excit.Thal,NA
4,MHb.2/Oligo,-0.4411981434168846,100,Excit.Thal,NA
5,MHb.2/Oligo,-1.1273960978410993,100,Excit.Thal,NA
1,Oligo,0.5000806110335845,100,Excit.Thal,NA
2,Oligo,0.5000806110335845,100,Excit.Thal,NA
3,Oligo,0.11070023958553821,100,Excit.Thal,NA
4,Oligo,0.38811168669434315,100,Excit.Thal,NA
5,Oligo,0.16589934092938205,100,Excit.Thal,NA
1,OPC,0.7242183233988393,100,Excit.Thal,NA
2,OPC,1.8872457851617885,100,Excit.Thal,NA
3,OPC,1.3516410419364886,100,Excit.Thal,NA
4,OPC,0.6211986284650228,100,Excit.Thal,NA
5,OPC,0.6726544270656951,100,Excit.Thal,NA
1,Astrocyte,0.26449678536867055,200,Excit.Thal,NA
2,Astrocyte,0.4688370850778183,200,Excit.Thal,NA
3,Astrocyte,-0.03887590610184384,200,Excit.Thal,NA
4,Astrocyte,0.16295877480789764,200,Excit.Thal,NA
5,Astrocyte,0.315422953630396,200,Excit.Thal,NA
1,Endo,1.959888910422364,200,Excit.Thal,NA
2,Endo,2.782605283224362,200,Excit.Thal,NA
3,Endo,2.8580941954298114,200,Excit.Thal,NA
4,Endo,2.895883249464316,200,Excit.Thal,NA
5,Endo,1.9228184630192668,200,Excit.Thal,NA
1,Excit.Thal,1.0818971478328712,200,Excit.Thal,NA
2,Excit.Thal,1.9743439511390524,200,Excit.Thal,NA
3,Excit.Thal,1.8442485721096518,200,Excit.Thal,NA
4,Excit.Thal,2.303583277619264,200,Excit.Thal,NA
5,Excit.Thal,1.5228789330027672,200,Excit.Thal,NA
1,LHb.4,1.9116577804807369,200,Excit.Thal,NA
2,LHb.4,2.00359173586141,200,Excit.Thal,NA
3,LHb.4,2.189447514986359,200,Excit.Thal,NA
4,LHb.4,1.3733137772391715,200,Excit.Thal,NA
5,LHb.4,1.6397046497098144,200,Excit.Thal,NA
1,LHb.7,0.9698217546474326,200,Excit.Thal,NA
2,LHb.7,1.5403357435736813,200,Excit.Thal,NA
3,LHb.7,1.2793821534918184,200,Excit.Thal,NA
4,LHb.7,1.2793821534918184,200,Excit.Thal,NA
5,LHb.7,1.6454958195078777,200,Excit.Thal,NA
1,MHb.1,-2.9363882884422847,200,Excit.Thal,NA
2,MHb.1,-4.629521482589513,200,Excit.Thal,NA
3,MHb.1,-4.059155420198729,200,Excit.Thal,NA
4,MHb.1,-4.261061495561512,200,Excit.Thal,NA
5,MHb.1,-3.17634180502569,200,Excit.Thal,NA
1,MHb.2,-6.033250108686395,200,Excit.Thal,NA
2,MHb.2,-7.02877115545516,200,Excit.Thal,NA
3,MHb.2,-8.62909854035577,200,Excit.Thal,NA
4,MHb.2,-7.197119881292827,200,Excit.Thal,NA
5,MHb.2,-6.743532046635253,200,Excit.Thal,NA
1,MHb.2/Oligo,-0.4411981434168846,200,Excit.Thal,NA
2,MHb.2/Oligo,-0.4411981434168846,200,Excit.Thal,NA
3,MHb.2/Oligo,-1.4075988722876425,200,Excit.Thal,NA
4,MHb.2/Oligo,-1.1273960978410993,200,Excit.Thal,NA
5,MHb.2/Oligo,-1.8907116753721633,200,Excit.Thal,NA
1,Oligo,0.16589934092938205,200,Excit.Thal,NA
2,Oligo,0.8395316458640538,200,Excit.Thal,NA
3,Oligo,1.0113006476639363,200,Excit.Thal,NA
4,Oligo,1.0113006476639363,200,Excit.Thal,NA
5,Oligo,7.20363011141312e-4,200,Excit.Thal,NA
1,OPC,2.104899480667428,200,Excit.Thal,NA
2,OPC,2.2694622757091123,200,Excit.Thal,NA
3,OPC,3.7464497858715333,200,Excit.Thal,NA
4,OPC,2.324572459544011,200,Excit.Thal,NA
5,OPC,2.657974910834108,200,Excit.Thal,NA
1,Astrocyte,0.5716487648526223,500,Excit.Thal,NA
2,Astrocyte,2.223924763017691,500,Excit.Thal,NA
3,Astrocyte,2.223924763017691,500,Excit.Thal,NA
4,Astrocyte,1.8950670989978724,500,Excit.Thal,NA
5,Astrocyte,2.7260302525735365,500,Excit.Thal,NA
1,Endo,3.889136669597173,500,Excit.Thal,NA
2,Endo,5.181416777332603,500,Excit.Thal,NA
3,Endo,7.423399827000763,500,Excit.Thal,NA
4,Endo,6.758962978151351,500,Excit.Thal,NA
5,Endo,5.94279400454353,500,Excit.Thal,NA
1,Excit.Thal,5.409809269515701,500,Excit.Thal,NA
2,Excit.Thal,5.568279316052111,500,Excit.Thal,NA
3,Excit.Thal,5.019762818482843,500,Excit.Thal,NA
4,Excit.Thal,3.5397430090319477,500,Excit.Thal,NA
5,Excit.Thal,4.117193505620434,500,Excit.Thal,NA
1,LHb.4,2.47336838320773,500,Excit.Thal,NA
2,LHb.4,2.8620177152548716,500,Excit.Thal,NA
3,LHb.4,3.2629520264470067,500,Excit.Thal,NA
4,LHb.4,4.549059268285059,500,Excit.Thal,NA
5,LHb.4,2.9610657252837145,500,Excit.Thal,NA
1,LHb.7,2.944229007345652,500,Excit.Thal,NA
2,LHb.7,3.6210331576041437,500,Excit.Thal,NA
3,LHb.7,4.734392331332762,500,Excit.Thal,NA
4,LHb.7,3.6210331576041437,500,Excit.Thal,NA
5,LHb.7,2.944229007345652,500,Excit.Thal,NA
1,MHb.1,-7.377214956066121,500,Excit.Thal,NA
2,MHb.1,-8.712708177999104,500,Excit.Thal,NA
3,MHb.1,-11.627332614727605,500,Excit.Thal,NA
4,MHb.1,-11.229619652752229,500,Excit.Thal,NA
5,MHb.1,-10.181707080109122,500,Excit.Thal,NA
1,MHb.2,-10.754499734111741,500,Excit.Thal,NA
2,MHb.2,-12.9254024453964,500,Excit.Thal,NA
3,MHb.2,-12.885891346993994,500,Excit.Thal,NA
4,MHb.2,-12.242771282819302,500,Excit.Thal,NA
5,MHb.2,-10.974766615609006,500,Excit.Thal,NA
1,MHb.2/Oligo,-0.8101942403479201,500,Excit.Thal,NA
2,MHb.2/Oligo,-2.8343056094581716,500,Excit.Thal,NA
3,MHb.2/Oligo,-2.3029222986715916,500,Excit.Thal,NA
4,MHb.2/Oligo,-1.8907116753721633,500,Excit.Thal,NA
5,MHb.2/Oligo,-2.4898298958513103,500,Excit.Thal,NA
1,Oligo,1.5351240469798026,500,Excit.Thal,NA
2,Oligo,3.190727323766798,500,Excit.Thal,NA
3,Oligo,2.811097447307723,500,Excit.Thal,NA
4,Oligo,2.438410177570367,500,Excit.Thal,NA
5,Oligo,1.300707376565676,500,Excit.Thal,NA
1,OPC,4.461574541296252,500,Excit.Thal,NA
2,OPC,4.101190664910883,500,Excit.Thal,NA
3,OPC,5.642662561757774,500,Excit.Thal,NA
4,OPC,7.2315781674423265,500,Excit.Thal,NA
5,OPC,6.0291410333570346,500,Excit.Thal,NA
1,Astrocyte,1.6244713515732196,1000,Excit.Thal,NA
2,Astrocyte,2.2791843135715832,1000,Excit.Thal,NA
3,Astrocyte,4.001485848352605,1000,Excit.Thal,NA
4,Astrocyte,4.914264061543938,1000,Excit.Thal,NA
5,Astrocyte,4.001485848352605,1000,Excit.Thal,NA
1,Endo,8.056100738298799,1000,Excit.Thal,NA
2,Endo,7.717452411850644,1000,Excit.Thal,NA
3,Endo,8.226481207941095,1000,Excit.Thal,NA
4,Endo,9.220357547793515,1000,Excit.Thal,NA
5,Endo,9.264134682701991,1000,Excit.Thal,NA
1,Excit.Thal,6.5505280049229615,1000,Excit.Thal,NA
2,Excit.Thal,5.019762818482843,1000,Excit.Thal,NA
3,Excit.Thal,4.638125906770758,1000,Excit.Thal,NA
4,Excit.Thal,7.681687445154971,1000,Excit.Thal,NA
5,Excit.Thal,8.045357226339608,1000,Excit.Thal,NA
1,LHb.4,3.6770787818619666,1000,Excit.Thal,NA
2,LHb.4,4.325241866245098,1000,Excit.Thal,NA
3,LHb.4,4.549059268285059,1000,Excit.Thal,NA
4,LHb.4,5.00929615642005,1000,Excit.Thal,NA
5,LHb.4,5.733889744985484,1000,Excit.Thal,NA
1,LHb.7,5.528495288704255,1000,Excit.Thal,NA
2,LHb.7,6.222941769905092,1000,Excit.Thal,NA
3,LHb.7,4.20033942194843,1000,Excit.Thal,NA
4,LHb.7,5.967920377994489,1000,Excit.Thal,NA
5,LHb.7,8.306083552187669,1000,Excit.Thal,NA
1,MHb.1,-14.103336054602716,1000,Excit.Thal,NA
2,MHb.1,-14.431710006405615,1000,Excit.Thal,NA
3,MHb.1,-14.31239325435336,1000,Excit.Thal,NA
4,MHb.1,-17.23879048186678,1000,Excit.Thal,NA
5,MHb.1,-18.52504261468547,1000,Excit.Thal,NA
1,MHb.2,-13.316350072588953,1000,Excit.Thal,NA
2,MHb.2,-12.2018634345705,1000,Excit.Thal,NA
3,MHb.2,-12.56695924788182,1000,Excit.Thal,NA
4,MHb.2,-12.283592312559984,1000,Excit.Thal,NA
5,MHb.2,-13.738057866494893,1000,Excit.Thal,NA
1,MHb.2/Oligo,-3.2948804931443183,1000,Excit.Thal,NA
2,MHb.2/Oligo,-3.9589923667689675,1000,Excit.Thal,NA
3,MHb.2/Oligo,-3.147667861299668,1000,Excit.Thal,NA
4,MHb.2/Oligo,-3.8343415089206454,1000,Excit.Thal,NA
5,MHb.2/Oligo,-3.9589923667689675,1000,Excit.Thal,NA
1,Oligo,4.442497836031927,1000,Excit.Thal,NA
2,Oligo,4.105384864087578,1000,Excit.Thal,NA
3,Oligo,3.1269601081553358,1000,Excit.Thal,NA
4,Oligo,4.578971066503079,1000,Excit.Thal,NA
5,Oligo,5.134558083293713,1000,Excit.Thal,NA
1,OPC,7.929881179901721,1000,Excit.Thal,NA
2,OPC,7.300388915980035,1000,Excit.Thal,NA
3,OPC,7.859010441702978,1000,Excit.Thal,NA
4,OPC,5.642662561757774,1000,Excit.Thal,NA
5,OPC,8.57864340300503,1000,Excit.Thal,NA
1,Astrocyte,5.996389314294769,5000,Excit.Thal,NA
2,Astrocyte,4.422816917181766,5000,Excit.Thal,NA
3,Astrocyte,4.852235917136857,5000,Excit.Thal,NA
4,Astrocyte,4.181089825670525,5000,Excit.Thal,NA
5,Astrocyte,4.422816917181766,5000,Excit.Thal,NA
1,Endo,16.32483981736672,5000,Excit.Thal,NA
2,Endo,13.866107314213354,5000,Excit.Thal,NA
3,Endo,11.332875052586878,5000,Excit.Thal,NA
4,Endo,11.844592835466878,5000,Excit.Thal,NA
5,Endo,14.114414629914474,5000,Excit.Thal,NA
1,Excit.Thal,10.73013266169683,5000,Excit.Thal,NA
2,Excit.Thal,10.94734909640426,5000,Excit.Thal,NA
3,Excit.Thal,8.137505127296542,5000,Excit.Thal,NA
4,Excit.Thal,8.701193091638274,5000,Excit.Thal,NA
5,Excit.Thal,9.684820727635335,5000,Excit.Thal,NA
1,LHb.4,5.985362139046699,5000,Excit.Thal,NA
2,LHb.4,5.246068873092023,5000,Excit.Thal,NA
3,LHb.4,5.61008538252335,5000,Excit.Thal,NA
4,LHb.4,5.127108616466287,5000,Excit.Thal,NA
5,LHb.4,5.487531581163532,5000,Excit.Thal,NA
1,LHb.7,11.495078062286794,5000,Excit.Thal,NA
2,LHb.7,10.533675881662507,5000,Excit.Thal,NA
3,LHb.7,7.139302015678557,5000,Excit.Thal,NA
4,LHb.7,8.02585728298236,5000,Excit.Thal,NA
5,LHb.7,10.377653230930328,5000,Excit.Thal,NA
1,MHb.1,-27.803384878940616,5000,Excit.Thal,NA
2,MHb.1,-23.684294110300133,5000,Excit.Thal,NA
3,MHb.1,-18.20412548725187,5000,Excit.Thal,NA
4,MHb.1,-20.61744091915987,5000,Excit.Thal,NA
5,MHb.1,-22.672279505955174,5000,Excit.Thal,NA
1,MHb.2,-13.121809955413507,5000,Excit.Thal,NA
2,MHb.2,-14.520944118172059,5000,Excit.Thal,NA
3,MHb.2,-16.657044318772826,5000,Excit.Thal,NA
4,MHb.2,-14.6305727562967,5000,Excit.Thal,NA
5,MHb.2,-15.099693988866887,5000,Excit.Thal,NA
1,MHb.2/Oligo,-4.198275457822689,5000,Excit.Thal,NA
2,MHb.2/Oligo,-3.5735393714259875,5000,Excit.Thal,NA
3,MHb.2/Oligo,-3.8343415089206454,5000,Excit.Thal,NA
4,MHb.2/Oligo,-3.9589923667689675,5000,Excit.Thal,NA
5,MHb.2/Oligo,-4.4257821696578645,5000,Excit.Thal,NA
1,Oligo,8.18238485403535,5000,Excit.Thal,NA
2,Oligo,7.294214240938784,5000,Excit.Thal,NA
3,Oligo,6.4460604520701725,5000,Excit.Thal,NA
4,Oligo,6.4460604520701725,5000,Excit.Thal,NA
5,Oligo,7.532296653979462,5000,Excit.Thal,NA
1,OPC,9.784056115035915,5000,Excit.Thal,NA
2,OPC,9.022547657808715,5000,Excit.Thal,NA
3,OPC,9.248086219386009,5000,Excit.Thal,NA
4,OPC,10.096672255007299,5000,Excit.Thal,NA
5,OPC,8.432738715171084,5000,Excit.Thal,NA
1,Astrocyte,-0.20082991402343095,100,LHb.4,NA
2,Astrocyte,0.27766738278616426,100,LHb.4,NA
3,Astrocyte,-0.295465933365649,100,LHb.4,NA
4,Astrocyte,-0.058218854591898864,100,LHb.4,NA
5,Astrocyte,-0.8561221913476537,100,LHb.4,NA
1,Endo,-2.043542570236591,100,LHb.4,NA
2,Endo,-0.7130304748836687,100,LHb.4,NA
3,Endo,-1.251013963257137,100,LHb.4,NA
4,Endo,-1.5170732850737982,100,LHb.4,NA
5,Endo,-1.5170732850737982,100,LHb.4,NA
1,Excit.Thal,0.4275124667064655,100,LHb.4,NA
2,Excit.Thal,0.35158821139226043,100,LHb.4,NA
3,Excit.Thal,0.05183254926427144,100,LHb.4,NA
4,Excit.Thal,0.9705866559523032,100,LHb.4,NA
5,Excit.Thal,0.5038407317275458,100,LHb.4,NA
1,LHb.4,0.026351587294800013,100,LHb.4,NA
2,LHb.4,0.026351587294800013,100,LHb.4,NA
3,LHb.4,0.28532103448835283,100,LHb.4,NA
4,LHb.4,0.28532103448835283,100,LHb.4,NA
5,LHb.4,0.28532103448835283,100,LHb.4,NA
1,LHb.7,1.2141509725214172,100,LHb.4,NA
2,LHb.7,0.7190156181089784,100,LHb.4,NA
3,LHb.7,1.3257354319940833,100,LHb.4,NA
4,LHb.7,2.4748295984874145,100,LHb.4,NA
5,LHb.7,1.8351658953915413,100,LHb.4,NA
1,MHb.1,0.2169401957782194,100,LHb.4,NA
2,MHb.1,0.12002635451509795,100,LHb.4,NA
3,MHb.1,-0.00895303121385297,100,LHb.4,NA
4,MHb.1,-1.0629271560988252,100,LHb.4,NA
5,MHb.1,-0.00895303121385297,100,LHb.4,NA
1,MHb.2,-4.892011876514063,100,LHb.4,NA
2,MHb.2,-3.8368803581027477,100,LHb.4,NA
3,MHb.2,-3.3855949955900044,100,LHb.4,NA
4,MHb.2,-4.411653928442055,100,LHb.4,NA
5,MHb.2,-5.353536216692606,100,LHb.4,NA
1,MHb.2/Oligo,0.2729704325174296,100,LHb.4,NA
2,MHb.2/Oligo,-0.45646949437764406,100,LHb.4,NA
3,MHb.2/Oligo,-0.22761771086981236,100,LHb.4,NA
4,MHb.2/Oligo,-0.45646949437764406,100,LHb.4,NA
5,MHb.2/Oligo,0.014864192475975695,100,LHb.4,NA
1,Oligo,2.146797190295452,100,LHb.4,NA
2,Oligo,0.230837030942388,100,LHb.4,NA
3,Oligo,0.7845150178493597,100,LHb.4,NA
4,Oligo,0.9890600724032309,100,LHb.4,NA
5,Oligo,1.4558204561296793,100,LHb.4,NA
1,OPC,1.3116723969257698,100,LHb.4,NA
2,OPC,1.0676510357133684,100,LHb.4,NA
3,OPC,1.0676510357133684,100,LHb.4,NA
4,OPC,1.556927111729078,100,LHb.4,NA
5,OPC,1.6976350409600103,100,LHb.4,NA
1,Astrocyte,-0.9023026789775901,200,LHb.4,NA
2,Astrocyte,-0.9023026789775901,200,LHb.4,NA
3,Astrocyte,-1.4953818138323605,200,LHb.4,NA
4,Astrocyte,-0.9484017967144324,200,LHb.4,NA
5,Astrocyte,-0.9023026789775901,200,LHb.4,NA
1,Endo,-0.9830144892559814,200,LHb.4,NA
2,Endo,-0.5189444426418659,200,LHb.4,NA
3,Endo,0.26810585786888075,200,LHb.4,NA
4,Endo,-0.4410161781025403,200,LHb.4,NA
5,Endo,-1.8938776142370986,200,LHb.4,NA
1,Excit.Thal,1.2098487051012594,200,LHb.4,NA
2,Excit.Thal,1.5353281190437964,200,LHb.4,NA
3,Excit.Thal,2.7385978651040057,200,LHb.4,NA
4,Excit.Thal,2.383950768159375,200,LHb.4,NA
5,Excit.Thal,2.210008235982075,200,LHb.4,NA
1,LHb.4,1.4065532182783975,200,LHb.4,NA
2,LHb.4,2.186687126017085,200,LHb.4,NA
3,LHb.4,2.7033005704635307,200,LHb.4,NA
4,LHb.4,2.8197957135144596,200,LHb.4,NA
5,LHb.4,1.6266461553980416,200,LHb.4,NA
1,LHb.7,2.3570776499245243,200,LHb.4,NA
2,LHb.7,2.1816738352723983,200,LHb.4,NA
3,LHb.7,1.7209064725373782,200,LHb.4,NA
4,LHb.7,2.4748295984874145,200,LHb.4,NA
5,LHb.7,3.3797593211194132,200,LHb.4,NA
1,MHb.1,-1.5677187027299109,200,LHb.4,NA
2,MHb.1,-2.8131018228676927,200,LHb.4,NA
3,MHb.1,-4.097112998401286,200,LHb.4,NA
4,MHb.1,-2.8439459178064275,200,LHb.4,NA
5,MHb.1,-1.5677187027299109,200,LHb.4,NA
1,MHb.2,-6.930434039100711,200,LHb.4,NA
2,MHb.2,-6.105992490795946,200,LHb.4,NA
3,MHb.2,-7.972739804988147,200,LHb.4,NA
4,MHb.2,-8.491243032255461,200,LHb.4,NA
5,MHb.2,-7.813377969216717,200,LHb.4,NA
1,MHb.2/Oligo,0.2729704325174296,200,LHb.4,NA
2,MHb.2/Oligo,-1.445066038391524,200,LHb.4,NA
3,MHb.2/Oligo,0.014864192475975695,200,LHb.4,NA
4,MHb.2/Oligo,0.2729704325174296,200,LHb.4,NA
5,MHb.2/Oligo,-0.8795598919832905,200,LHb.4,NA
1,Oligo,0.9377593341169213,200,LHb.4,NA
2,Oligo,0.230837030942388,200,LHb.4,NA
3,Oligo,1.5608081175637403,200,LHb.4,NA
4,Oligo,1.5608081175637403,200,LHb.4,NA
5,Oligo,1.403501440733934,200,LHb.4,NA
1,OPC,2.8385837915192145,200,LHb.4,NA
2,OPC,3.6028557708327815,200,LHb.4,NA
3,OPC,4.342931319849449,200,LHb.4,NA
4,OPC,2.983180788560988,200,LHb.4,NA
5,OPC,2.946989048741163,200,LHb.4,NA
1,Astrocyte,-0.7635155553891899,500,LHb.4,NA
2,Astrocyte,-1.7200001668677294,500,LHb.4,NA
3,Astrocyte,-1.268849245279912,500,LHb.4,NA
4,Astrocyte,-2.33911349839314,500,LHb.4,NA
5,Astrocyte,-0.7635155553891899,500,LHb.4,NA
1,Endo,0.6683092478655207,500,LHb.4,NA
2,Endo,0.5477665118852023,500,LHb.4,NA
3,Endo,4.007666701566255,500,LHb.4,NA
4,Endo,4.230889235306493,500,LHb.4,NA
5,Endo,1.6895444355339597,500,LHb.4,NA
1,Excit.Thal,4.258083858838999,500,LHb.4,NA
2,Excit.Thal,3.9597593635073425,500,LHb.4,NA
3,Excit.Thal,4.058460071698585,500,LHb.4,NA
4,Excit.Thal,4.3590317816790956,500,LHb.4,NA
5,Excit.Thal,4.3590317816790956,500,LHb.4,NA
1,LHb.4,3.775269127737145,500,LHb.4,NA
2,LHb.4,3.714279986565312,500,LHb.4,NA
3,LHb.4,5.625931510533103,500,LHb.4,NA
4,LHb.4,5.894697862183677,500,LHb.4,NA
5,LHb.4,5.692793082606963,500,LHb.4,NA
1,LHb.7,3.8159795828901313,500,LHb.4,NA
2,LHb.7,4.390849144593329,500,LHb.4,NA
3,LHb.7,5.31886325128015,500,LHb.4,NA
4,LHb.7,4.52083562376103,500,LHb.4,NA
5,LHb.7,4.197417818798087,500,LHb.4,NA
1,MHb.1,-5.893834013355173,500,LHb.4,NA
2,MHb.1,-4.8808313267924675,500,LHb.4,NA
3,MHb.1,-10.31188782944033,500,LHb.4,NA
4,MHb.1,-12.21601655066652,500,LHb.4,NA
5,MHb.1,-10.650189039798006,500,LHb.4,NA
1,MHb.2,-11.444719427415311,500,LHb.4,NA
2,MHb.2,-9.712116673880336,500,LHb.4,NA
3,MHb.2,-13.01887763893982,500,LHb.4,NA
4,MHb.2,-12.147719569828796,500,LHb.4,NA
5,MHb.2,-11.060717280346898,500,LHb.4,NA
1,MHb.2/Oligo,-0.6733296434809994,500,LHb.4,NA
2,MHb.2/Oligo,-1.785825604842538,500,LHb.4,NA
3,MHb.2/Oligo,-1.785825604842538,500,LHb.4,NA
4,MHb.2/Oligo,-1.445066038391524,500,LHb.4,NA
5,MHb.2/Oligo,-2.2543411687565182,500,LHb.4,NA
1,Oligo,1.9855183939939578,500,LHb.4,NA
2,Oligo,-0.31048859147912483,500,LHb.4,NA
3,Oligo,2.146797190295452,500,LHb.4,NA
4,Oligo,3.251789262642936,500,LHb.4,NA
5,Oligo,3.4793487755334986,500,LHb.4,NA
1,OPC,5.630281238273598,500,LHb.4,NA
2,OPC,5.515141394986962,500,LHb.4,NA
3,OPC,8.699557655070858,500,LHb.4,NA
4,OPC,10.738719144782216,500,LHb.4,NA
5,OPC,8.658180059832338,500,LHb.4,NA
1,Astrocyte,-3.7454308355278565,1000,LHb.4,NA
2,Astrocyte,-2.55684361395524,1000,LHb.4,NA
3,Astrocyte,-1.0862147631065573,1000,LHb.4,NA
4,Astrocyte,0.27766738278616426,1000,LHb.4,NA
5,Astrocyte,-3.242223155622275,1000,LHb.4,NA
1,Endo,4.591328545500728,1000,LHb.4,NA
2,Endo,3.1732531351190327,1000,LHb.4,NA
3,Endo,4.591328545500728,1000,LHb.4,NA
4,Endo,3.8302010872122763,1000,LHb.4,NA
5,Endo,5.04772913028663,1000,LHb.4,NA
1,Excit.Thal,3.7645203992853142,1000,LHb.4,NA
2,Excit.Thal,4.460754128746953,1000,LHb.4,NA
3,Excit.Thal,5.634837447239704,1000,LHb.4,NA
4,Excit.Thal,5.523647019849913,1000,LHb.4,NA
5,Excit.Thal,6.322727805207899,1000,LHb.4,NA
1,LHb.4,7.078326533932831,1000,LHb.4,NA
2,LHb.4,8.799820604583735,1000,LHb.4,NA
3,LHb.4,7.078326533932831,1000,LHb.4,NA
4,LHb.4,4.775923343431246,1000,LHb.4,NA
5,LHb.4,8.721776247344021,1000,LHb.4,NA
1,LHb.7,5.730136532194513,1000,LHb.4,NA
2,LHb.7,5.386821838902403,1000,LHb.4,NA
3,LHb.7,3.8159795828901313,1000,LHb.4,NA
4,LHb.7,6.363503262978501,1000,LHb.4,NA
5,LHb.7,7.092048470587609,1000,LHb.4,NA
1,MHb.1,-13.653028877854851,1000,LHb.4,NA
2,MHb.1,-13.84536429709029,1000,LHb.4,NA
3,MHb.1,-14.119705862166542,1000,LHb.4,NA
4,MHb.1,-11.099681349305914,1000,LHb.4,NA
5,MHb.1,-17.62098323438905,1000,LHb.4,NA
1,MHb.2,-12.268957261280619,1000,LHb.4,NA
2,MHb.2,-13.096112509538916,1000,LHb.4,NA
3,MHb.2,-12.025664176611482,1000,LHb.4,NA
4,MHb.2,-10.930758627602629,1000,LHb.4,NA
5,MHb.2,-10.711885810597233,1000,LHb.4,NA
1,MHb.2/Oligo,-1.6186253867037683,1000,LHb.4,NA
2,MHb.2/Oligo,-3.786109292265803,1000,LHb.4,NA
3,MHb.2/Oligo,-1.785825604842538,1000,LHb.4,NA
4,MHb.2/Oligo,-1.947205673590902,1000,LHb.4,NA
5,MHb.2/Oligo,-2.6815691072372516,1000,LHb.4,NA
1,Oligo,3.4793487755334986,1000,LHb.4,NA
2,Oligo,3.9999043477724707,1000,LHb.4,NA
3,Oligo,3.825043581173444,1000,LHb.4,NA
4,Oligo,1.5082557966129015,1000,LHb.4,NA
5,Oligo,4.058495820425089,1000,LHb.4,NA
1,OPC,12.892788952858071,1000,LHb.4,NA
2,OPC,13.545343910649148,1000,LHb.4,NA
3,OPC,10.91359846775258,1000,LHb.4,NA
4,OPC,6.484293082824735,1000,LHb.4,NA
5,OPC,13.781255874643396,1000,LHb.4,NA
1,Astrocyte,5.599707036257682,5000,LHb.4,NA
2,Astrocyte,4.538905322261736,5000,LHb.4,NA
3,Astrocyte,3.3596050420320456,5000,LHb.4,NA
4,Astrocyte,4.252683977592181,5000,LHb.4,NA
5,Astrocyte,-0.10584405095574902,5000,LHb.4,NA
1,Endo,10.086753870292803,5000,LHb.4,NA
2,Endo,8.65386533532289,5000,LHb.4,NA
3,Endo,8.39607265270858,5000,LHb.4,NA
4,Endo,7.238300438879307,5000,LHb.4,NA
5,Endo,7.386790246094475,5000,LHb.4,NA
1,Excit.Thal,6.2055144511963904,5000,LHb.4,NA
2,Excit.Thal,6.2055144511963904,5000,LHb.4,NA
3,Excit.Thal,6.560394210151606,5000,LHb.4,NA
4,Excit.Thal,6.802524794560085,5000,LHb.4,NA
5,Excit.Thal,6.925320762843824,5000,LHb.4,NA
1,LHb.4,11.749482830801806,5000,LHb.4,NA
2,LHb.4,11.299491284881226,5000,LHb.4,NA
3,LHb.4,12.397822426069968,5000,LHb.4,NA
4,LHb.4,11.122410954174208,5000,LHb.4,NA
5,LHb.4,10.773070131209252,5000,LHb.4,NA
1,LHb.7,8.556503672545428,5000,LHb.4,NA
2,LHb.7,8.238802684369475,5000,LHb.4,NA
3,LHb.7,7.466793284317042,5000,LHb.4,NA
4,LHb.7,7.542619204203392,5000,LHb.4,NA
5,LHb.7,7.771897629515676,5000,LHb.4,NA
1,MHb.1,-27.868982360461587,5000,LHb.4,NA
2,MHb.1,-25.333354128529326,5000,LHb.4,NA
3,MHb.1,-24.933926182043496,5000,LHb.4,NA
4,MHb.1,-25.333354128529326,5000,LHb.4,NA
5,MHb.1,-22.432493716367322,5000,LHb.4,NA
1,MHb.2,-16.79637369950914,5000,LHb.4,NA
2,MHb.2,-17.247838208308004,5000,LHb.4,NA
3,MHb.2,-17.91064700942871,5000,LHb.4,NA
4,MHb.2,-15.527301848816835,5000,LHb.4,NA
5,MHb.2,-13.515502348519536,5000,LHb.4,NA
1,MHb.2/Oligo,-3.559254564750946,5000,LHb.4,NA
2,MHb.2/Oligo,-3.559254564750946,5000,LHb.4,NA
3,MHb.2/Oligo,-2.947539223321009,5000,LHb.4,NA
4,MHb.2/Oligo,-2.8162712328698887,5000,LHb.4,NA
5,MHb.2/Oligo,-3.200614423020476,5000,LHb.4,NA
1,Oligo,10.110758847496562,5000,LHb.4,NA
2,Oligo,9.421209488425927,5000,LHb.4,NA
3,Oligo,10.032991313017487,5000,LHb.4,NA
4,Oligo,8.178198672009426,5000,LHb.4,NA
5,Oligo,7.5488470811824895,5000,LHb.4,NA
1,OPC,20.661230122809012,5000,LHb.4,NA
2,OPC,19.637701469764227,5000,LHb.4,NA
3,OPC,20.43105524044015,5000,LHb.4,NA
4,OPC,19.525881253938355,5000,LHb.4,NA
5,OPC,15.726415530430689,5000,LHb.4,NA
1,Astrocyte,-0.6138622908195607,100,LHb.7,NA
2,Astrocyte,-0.32108142190583183,100,LHb.7,NA
3,Astrocyte,-0.6138622908195607,100,LHb.7,NA
4,Astrocyte,-0.6786021329969338,100,LHb.7,NA
5,Astrocyte,-0.9685019932438628,100,LHb.7,NA
1,Endo,-0.10374129410191393,100,LHb.7,NA
2,Endo,-0.05270699256042948,100,LHb.7,NA
3,Endo,0.15191864735458024,100,LHb.7,NA
4,Endo,0.049507868418906247,100,LHb.7,NA
5,Endo,-0.23111483926447116,100,LHb.7,NA
1,Excit.Thal,0.44621915091475384,100,LHb.7,NA
2,Excit.Thal,0.44621915091475384,100,LHb.7,NA
3,Excit.Thal,0.15497342073039738,100,LHb.7,NA
4,Excit.Thal,0.32915939063319205,100,LHb.7,NA
5,Excit.Thal,0.2709116352520075,100,LHb.7,NA
1,LHb.4,0.28084541486466774,100,LHb.7,NA
2,LHb.4,0.1588696104429177,100,LHb.7,NA
3,LHb.4,-0.20196792472987907,100,LHb.7,NA
4,LHb.4,0.1588696104429177,100,LHb.7,NA
5,LHb.4,0.0982041363085988,100,LHb.7,NA
1,LHb.7,0.5083439572473968,100,LHb.7,NA
2,LHb.7,0.30639630044295796,100,LHb.7,NA
3,LHb.7,0.6775302785050381,100,LHb.7,NA
4,LHb.7,0.6436272748881081,100,LHb.7,NA
5,LHb.7,0.7454354593095462,100,LHb.7,NA
1,MHb.1,0.6321044318315583,100,LHb.7,NA
2,MHb.1,1.091050718782892,100,LHb.7,NA
3,MHb.1,0.36753589169216755,100,LHb.7,NA
4,MHb.1,0.26174981332561165,100,LHb.7,NA
5,MHb.1,0.6321044318315583,100,LHb.7,NA
1,MHb.2,-1.2060677033906044,100,LHb.7,NA
2,MHb.2,-2.0572462009824495,100,LHb.7,NA
3,MHb.2,-1.3720601791052784,100,LHb.7,NA
4,MHb.2,-1.4272561442028484,100,LHb.7,NA
5,MHb.2,-1.3720601791052784,100,LHb.7,NA
1,MHb.2/Oligo,0.6849636247039692,100,LHb.7,NA
2,MHb.2/Oligo,-0.2942298215774998,100,LHb.7,NA
3,MHb.2/Oligo,0.021005818973985593,100,LHb.7,NA
4,MHb.2/Oligo,-0.2942298215774998,100,LHb.7,NA
5,MHb.2/Oligo,0.3471082135458251,100,LHb.7,NA
1,Oligo,-0.45762746193298015,100,LHb.7,NA
2,Oligo,0.1388371764411361,100,LHb.7,NA
3,Oligo,0.2596873190723029,100,LHb.7,NA
4,Oligo,0.7073994194161661,100,LHb.7,NA
5,Oligo,0.7073994194161661,100,LHb.7,NA
1,OPC,0.2848208239040217,100,LHb.7,NA
2,OPC,0.1381483647458589,100,LHb.7,NA
3,OPC,0.5431782756267981,100,LHb.7,NA
4,OPC,0.46914167137658613,100,LHb.7,NA
5,OPC,0.10158811410303978,100,LHb.7,NA
1,Astrocyte,-0.09169771585805649,200,LHb.7,NA
2,Astrocyte,-0.09169771585805649,200,LHb.7,NA
3,Astrocyte,-0.25569317541899905,200,LHb.7,NA
4,Astrocyte,-1.0966041190539877,200,LHb.7,NA
5,Astrocyte,-1.6990006052350186,200,LHb.7,NA
1,Endo,0.22885596179154596,200,LHb.7,NA
2,Endo,0.6152212232730118,200,LHb.7,NA
3,Endo,0.07509215316835752,200,LHb.7,NA
4,Endo,0.5377227718317588,200,LHb.7,NA
5,Endo,0.33161223970430204,200,LHb.7,NA
1,Excit.Thal,0.2128501037896676,200,LHb.7,NA
2,Excit.Thal,0.742226717341398,200,LHb.7,NA
3,Excit.Thal,0.8020156409758435,200,LHb.7,NA
4,Excit.Thal,1.1649890943011167,200,LHb.7,NA
5,Excit.Thal,1.3492730455213737,200,LHb.7,NA
1,LHb.4,0.7147211553250298,200,LHb.7,NA
2,LHb.4,0.7147211553250298,200,LHb.7,NA
3,LHb.4,0.03775128776805624,200,LHb.7,NA
4,LHb.4,0.2197494497591348,200,LHb.7,NA
5,LHb.4,-0.14234859172434597,200,LHb.7,NA
1,LHb.7,2.847425093875241,200,LHb.7,NA
2,LHb.7,1.8855410157578079,200,LHb.7,NA
3,LHb.7,2.0969568050985,200,LHb.7,NA
4,LHb.7,2.061629874650384,200,LHb.7,NA
5,LHb.7,2.847425093875241,200,LHb.7,NA
1,MHb.1,-0.09070454874842325,200,LHb.7,NA
2,MHb.1,-0.9531947196106264,200,LHb.7,NA
3,MHb.1,0.33227127098008913,200,LHb.7,NA
4,MHb.1,0.36753589169216755,200,LHb.7,NA
5,MHb.1,0.226492955215247,200,LHb.7,NA
1,MHb.2,-3.4241895561670592,200,LHb.7,NA
2,MHb.2,-1.7844054864830308,200,LHb.7,NA
3,MHb.2,-2.705531617425011,200,LHb.7,NA
4,MHb.2,-3.132736554048147,200,LHb.7,NA
5,MHb.2,-2.9996553456058583,200,LHb.7,NA
1,MHb.2/Oligo,0.45837399472870144,200,LHb.7,NA
2,MHb.2/Oligo,-0.6989950556935175,200,LHb.7,NA
3,MHb.2/Oligo,-0.7975846868068555,200,LHb.7,NA
4,MHb.2/Oligo,-0.08523926164662601,200,LHb.7,NA
5,MHb.2/Oligo,-0.39703271562218917,200,LHb.7,NA
1,Oligo,-0.37883475987546006,200,LHb.7,NA
2,Oligo,0.21934510949980154,200,LHb.7,NA
3,Oligo,0.1388371764411361,200,LHb.7,NA
4,Oligo,0.7484650133913996,200,LHb.7,NA
5,Oligo,0.5437496145562766,200,LHb.7,NA
1,OPC,1.179772237649492,200,LHb.7,NA
2,OPC,0.6917856714916493,200,LHb.7,NA
3,OPC,0.46914167137658613,200,LHb.7,NA
4,OPC,0.17475163549640066,200,LHb.7,NA
5,OPC,0.8785574512835714,200,LHb.7,NA
1,Astrocyte,1.3508687079189232,500,LHb.7,NA
2,Astrocyte,0.9084873803169977,500,LHb.7,NA
3,Astrocyte,0.17227295857728486,500,LHb.7,NA
4,Astrocyte,-1.0005700213733222,500,LHb.7,NA
5,Astrocyte,1.1800605565752615,500,LHb.7,NA
1,Endo,1.1870472564464092,500,LHb.7,NA
2,Endo,1.4490409376532194,500,LHb.7,NA
3,Endo,4.117266167567531,500,LHb.7,NA
4,Endo,2.779220677753749,500,LHb.7,NA
5,Endo,1.7387611209947753,500,LHb.7,NA
1,Excit.Thal,3.4448145349817825,500,LHb.7,NA
2,Excit.Thal,3.5145320552808856,500,LHb.7,NA
3,Excit.Thal,2.4970753219181487,500,LHb.7,NA
4,Excit.Thal,1.786832806779368,500,LHb.7,NA
5,Excit.Thal,2.1061252392343404,500,LHb.7,NA
1,LHb.4,0.8407361079384233,500,LHb.7,NA
2,LHb.4,1.1599210920410608,500,LHb.7,NA
3,LHb.4,2.8536545693267374,500,LHb.7,NA
4,LHb.4,2.5008501966126793,500,LHb.7,NA
5,LHb.4,1.4852399699710161,500,LHb.7,NA
1,LHb.7,4.857880153270896,500,LHb.7,NA
2,LHb.7,4.857880153270896,500,LHb.7,NA
3,LHb.7,5.634616185077899,500,LHb.7,NA
4,LHb.7,6.069826256903051,500,LHb.7,NA
5,LHb.7,5.634616185077899,500,LHb.7,NA
1,MHb.1,-3.708483894755228,500,LHb.7,NA
2,MHb.1,-4.636409647228786,500,LHb.7,NA
3,MHb.1,-5.843294687239968,500,LHb.7,NA
4,MHb.1,-5.353681013877095,500,LHb.7,NA
5,MHb.1,-4.461396191459763,500,LHb.7,NA
1,MHb.2,-2.9996553456058583,500,LHb.7,NA
2,MHb.2,-2.7859318900533037,500,LHb.7,NA
3,MHb.2,-5.567540982160315,500,LHb.7,NA
4,MHb.2,-4.701084406933656,500,LHb.7,NA
5,MHb.2,-4.520751301829065,500,LHb.7,NA
1,MHb.2/Oligo,-0.08523926164662601,500,LHb.7,NA
2,MHb.2/Oligo,-0.2942298215774998,500,LHb.7,NA
3,MHb.2/Oligo,-0.6989950556935175,500,LHb.7,NA
4,MHb.2/Oligo,-0.4987439076059181,500,LHb.7,NA
5,MHb.2/Oligo,-0.5993895953239348,500,LHb.7,NA
1,Oligo,0.8307815250550131,500,LHb.7,NA
2,Oligo,2.226300429340787,500,LHb.7,NA
3,Oligo,1.9241976132980108,500,LHb.7,NA
4,Oligo,1.9671477678993932,500,LHb.7,NA
5,Oligo,1.0376643731249162,500,LHb.7,NA
1,OPC,0.3584176944373029,500,LHb.7,NA
2,OPC,0.766358576747714,500,LHb.7,NA
3,OPC,3.9101514055339925,500,LHb.7,NA
4,OPC,4.964714381295074,500,LHb.7,NA
5,OPC,3.2545044102362874,500,LHb.7,NA
1,Astrocyte,1.3166402811943096,1000,LHb.7,NA
2,Astrocyte,0.638995312137956,1000,LHb.7,NA
3,Astrocyte,1.3166402811943096,1000,LHb.7,NA
4,Astrocyte,1.625911324077923,1000,LHb.7,NA
5,Astrocyte,1.010081272253923,1000,LHb.7,NA
1,Endo,5.12356628689875,1000,LHb.7,NA
2,Endo,5.180075008956437,1000,LHb.7,NA
3,Endo,4.36694100449782,1000,LHb.7,NA
4,Endo,5.264959651401113,1000,LHb.7,NA
5,Endo,6.38204182302599,1000,LHb.7,NA
1,Excit.Thal,3.6548172578665006,1000,LHb.7,NA
2,Excit.Thal,3.032303115544245,1000,LHb.7,NA
3,Excit.Thal,2.629352361826109,1000,LHb.7,NA
4,Excit.Thal,4.595700077058828,1000,LHb.7,NA
5,Excit.Thal,4.595700077058828,1000,LHb.7,NA
1,LHb.4,2.9969154829626814,1000,LHb.7,NA
2,LHb.4,3.657528405999168,1000,LHb.7,NA
3,LHb.4,1.1599210920410608,1000,LHb.7,NA
4,LHb.4,2.019203409119192,1000,LHb.7,NA
5,LHb.4,4.582210583977924,1000,LHb.7,NA
1,LHb.7,8.812398758823639,1000,LHb.7,NA
2,LHb.7,7.956158795461761,1000,LHb.7,NA
3,LHb.7,7.081241824219412,1000,LHb.7,NA
4,LHb.7,7.370228413706116,1000,LHb.7,NA
5,LHb.7,9.205412026358387,1000,LHb.7,NA
1,MHb.1,-10.455816253619302,1000,LHb.7,NA
2,MHb.1,-7.503492254008253,1000,LHb.7,NA
3,MHb.1,-6.891980226854082,1000,LHb.7,NA
4,MHb.1,-9.984047881082587,1000,LHb.7,NA
5,MHb.1,-13.744708507303118,1000,LHb.7,NA
1,MHb.2,-5.643257612831905,1000,LHb.7,NA
2,MHb.2,-6.9866806873951735,1000,LHb.7,NA
3,MHb.2,-4.15803522516614,1000,LHb.7,NA
4,MHb.2,-2.892916292021499,1000,LHb.7,NA
5,MHb.2,-4.15803522516614,1000,LHb.7,NA
1,MHb.2/Oligo,-1.8212331677276545,1000,LHb.7,NA
2,MHb.2/Oligo,-2.668960933501528,1000,LHb.7,NA
3,MHb.2/Oligo,-1.2760926429209227,1000,LHb.7,NA
4,MHb.2/Oligo,-0.4987439076059181,1000,LHb.7,NA
5,MHb.2/Oligo,-1.9965322042950484,1000,LHb.7,NA
1,Oligo,4.395851907490209,1000,LHb.7,NA
2,Oligo,3.2436854235848425,1000,LHb.7,NA
3,Oligo,1.2461295263291716,1000,LHb.7,NA
4,Oligo,2.1396379292311933,1000,LHb.7,NA
5,Oligo,4.727767492552086,1000,LHb.7,NA
1,OPC,6.417932270634986,1000,LHb.7,NA
2,OPC,4.580687915344695,1000,LHb.7,NA
3,OPC,2.73222657608404,1000,LHb.7,NA
4,OPC,3.173556852885139,1000,LHb.7,NA
5,OPC,8.624039156335687,1000,LHb.7,NA
1,Astrocyte,5.149132934507935,5000,LHb.7,NA
2,Astrocyte,4.8442414410616585,5000,LHb.7,NA
3,Astrocyte,3.6151083741277947,5000,LHb.7,NA
4,Astrocyte,2.891361343949225,5000,LHb.7,NA
5,Astrocyte,0.5384641779153637,5000,LHb.7,NA
1,Endo,13.46581741477268,5000,LHb.7,NA
2,Endo,13.702667902221455,5000,LHb.7,NA
3,Endo,10.211260447401534,5000,LHb.7,NA
4,Endo,10.463259108795258,5000,LHb.7,NA
5,Endo,11.939714795213348,5000,LHb.7,NA
1,Excit.Thal,7.601347842677409,5000,LHb.7,NA
2,Excit.Thal,7.424281407407392,5000,LHb.7,NA
3,Excit.Thal,5.278878452610616,5000,LHb.7,NA
4,Excit.Thal,6.819028894110983,5000,LHb.7,NA
5,Excit.Thal,6.819028894110983,5000,LHb.7,NA
1,LHb.4,4.82189083245211,5000,LHb.7,NA
2,LHb.4,4.268081390593634,5000,LHb.7,NA
3,LHb.4,5.229482219074641,5000,LHb.7,NA
4,LHb.4,4.5031033055483345,5000,LHb.7,NA
5,LHb.4,4.661708090849722,5000,LHb.7,NA
1,LHb.7,14.046863461638806,5000,LHb.7,NA
2,LHb.7,14.046863461638806,5000,LHb.7,NA
3,LHb.7,11.436463207441017,5000,LHb.7,NA
4,LHb.7,11.389289216766038,5000,LHb.7,NA
5,LHb.7,12.54195610570072,5000,LHb.7,NA
1,MHb.1,-22.559208713923173,5000,LHb.7,NA
2,MHb.1,-20.29852343955368,5000,LHb.7,NA
3,MHb.1,-15.70963900535408,5000,LHb.7,NA
4,MHb.1,-17.328346135965262,5000,LHb.7,NA
5,MHb.1,-16.588778540170967,5000,LHb.7,NA
1,MHb.2,-5.693670423551343,5000,LHb.7,NA
2,MHb.2,-8.199381908661225,5000,LHb.7,NA
3,MHb.2,-9.36080595437052,5000,LHb.7,NA
4,MHb.2,-6.814563484820516,5000,LHb.7,NA
5,MHb.2,-5.8948055325665125,5000,LHb.7,NA
1,MHb.2/Oligo,-3.3766775446149375,5000,LHb.7,NA
2,MHb.2/Oligo,-3.068009381189663,5000,LHb.7,NA
3,MHb.2/Oligo,-1.5523991710165517,5000,LHb.7,NA
4,MHb.2/Oligo,-2.338274048251398,5000,LHb.7,NA
5,MHb.2/Oligo,-2.338274048251398,5000,LHb.7,NA
1,Oligo,7.9253791048514906,5000,LHb.7,NA
2,Oligo,8.033798585989315,5000,LHb.7,NA
3,Oligo,6.556791675137403,5000,LHb.7,NA
4,Oligo,7.074441612145639,5000,LHb.7,NA
5,Oligo,5.453656556661015,5000,LHb.7,NA
1,OPC,10.07695191369854,5000,LHb.7,NA
2,OPC,9.017343728642334,5000,LHb.7,NA
3,OPC,9.315996037911757,5000,LHb.7,NA
4,OPC,8.72184876500369,5000,LHb.7,NA
5,OPC,6.32774319801122,5000,LHb.7,NA
1,Astrocyte,-0.27071289411591437,100,MHb.1,NA
2,Astrocyte,0.028243656934946817,100,MHb.1,NA
3,Astrocyte,-0.1428013279505924,100,MHb.1,NA
4,Astrocyte,-0.22811100882990537,100,MHb.1,NA
5,Astrocyte,-0.29200062876894417,100,MHb.1,NA
1,Endo,-0.05105064635503939,100,MHb.1,NA
2,Endo,-0.14860048083451757,100,MHb.1,NA
3,Endo,-0.14860048083451757,100,MHb.1,NA
4,Endo,-0.0900904244574568,100,MHb.1,NA
5,Endo,-0.07057384645470893,100,MHb.1,NA
1,Excit.Thal,0.0023508210911497764,100,MHb.1,NA
2,Excit.Thal,-0.057257274213524965,100,MHb.1,NA
3,Excit.Thal,0.48694057211288105,100,MHb.1,NA
4,Excit.Thal,0.06216947654870501,100,MHb.1,NA
5,Excit.Thal,-0.057257274213524965,100,MHb.1,NA
1,LHb.4,0.18057518519966884,100,MHb.1,NA
2,LHb.4,0.48177427263220324,100,MHb.1,NA
3,LHb.4,0.3606545402878054,100,MHb.1,NA
4,LHb.4,0.061569472685460015,100,MHb.1,NA
5,LHb.4,0.12096871237028815,100,MHb.1,NA
1,LHb.7,0.3577148313876262,100,MHb.1,NA
2,LHb.7,0.19666855904000302,100,MHb.1,NA
3,LHb.7,0.1324726111947236,100,MHb.1,NA
4,LHb.7,0.06840297346711423,100,MHb.1,NA
5,LHb.7,0.22881407940966786,100,MHb.1,NA
1,MHb.1,0.11986206598040317,100,MHb.1,NA
2,MHb.1,0.10093335636649269,100,MHb.1,NA
3,MHb.1,0.1577161127415784,100,MHb.1,NA
4,MHb.1,0.16717892224019065,100,MHb.1,NA
5,MHb.1,0.1577161127415784,100,MHb.1,NA
1,MHb.2,0.013593002360256174,100,MHb.1,NA
2,MHb.2,0.013593002360256174,100,MHb.1,NA
3,MHb.2,0.02580410260398076,100,MHb.1,NA
4,MHb.2,0.0013831439318743892,100,MHb.1,NA
5,MHb.2,0.013593002360256174,100,MHb.1,NA
1,MHb.2/Oligo,0.0034283875499593703,100,MHb.1,NA
2,MHb.2/Oligo,0.0034283875499593703,100,MHb.1,NA
3,MHb.2/Oligo,0.0034283875499593703,100,MHb.1,NA
4,MHb.2/Oligo,0.0034283875499593703,100,MHb.1,NA
5,MHb.2/Oligo,0.0034283875499593703,100,MHb.1,NA
1,Oligo,-0.5454764821701671,100,MHb.1,NA
2,Oligo,-0.2538570380853998,100,MHb.1,NA
3,Oligo,-0.29047618443455653,100,MHb.1,NA
4,Oligo,0.1521581306310862,100,MHb.1,NA
5,Oligo,-0.07003742281061187,100,MHb.1,NA
1,OPC,0.07517935419448563,100,MHb.1,NA
2,OPC,-0.4195238094793847,100,MHb.1,NA
3,OPC,-0.5244479040233893,100,MHb.1,NA
4,OPC,-0.38446513570253343,100,MHb.1,NA
5,OPC,-0.2438074454402134,100,MHb.1,NA
1,Astrocyte,-0.652553800722568,200,MHb.1,NA
2,Astrocyte,-0.16414200900575748,200,MHb.1,NA
3,Astrocyte,-0.3132795697939948,200,MHb.1,NA
4,Astrocyte,-0.12145179160311505,200,MHb.1,NA
5,Astrocyte,-0.8845186892713215,200,MHb.1,NA
1,Endo,-0.5177908087767831,200,MHb.1,NA
2,Endo,-0.5952149746272619,200,MHb.1,NA
3,Endo,-0.18757417522796935,200,MHb.1,NA
4,Endo,0.007558741608375593,200,MHb.1,NA
5,Endo,-0.07057384645470893,200,MHb.1,NA
1,Excit.Thal,0.36448113509769375,200,MHb.1,NA
2,Excit.Thal,-0.17584845824994277,200,MHb.1,NA
3,Excit.Thal,-0.4687563881218275,200,MHb.1,NA
4,Excit.Thal,-0.23483483522726123,200,MHb.1,NA
5,Excit.Thal,0.0023508210911497764,200,MHb.1,NA
1,LHb.4,0.0023758411440251434,200,MHb.1,NA
2,LHb.4,0.0023758411440251434,200,MHb.1,NA
3,LHb.4,-0.46396025128875334,200,MHb.1,NA
4,LHb.4,-0.5785964591967243,200,MHb.1,NA
5,LHb.4,-0.46396025128875334,200,MHb.1,NA
1,LHb.7,0.5845293432538501,200,MHb.1,NA
2,LHb.7,0.45472704961110894,200,MHb.1,NA
3,LHb.7,0.3254416968680877,200,MHb.1,NA
4,LHb.7,0.06840297346711423,200,MHb.1,NA
5,LHb.7,0.22881407940966786,200,MHb.1,NA
1,MHb.1,0.6399629008868251,200,MHb.1,NA
2,MHb.1,0.4320238623359839,200,MHb.1,NA
3,MHb.1,0.5738150715874577,200,MHb.1,NA
4,MHb.1,0.5454618368714513,200,MHb.1,NA
5,MHb.1,0.6021658064656445,200,MHb.1,NA
1,MHb.2,0.09909680421712458,200,MHb.1,NA
2,MHb.2,0.09909680421712458,200,MHb.1,NA
3,MHb.2,0.038016445056204225,200,MHb.1,NA
4,MHb.2,0.1235376571200612,200,MHb.1,NA
5,MHb.2,0.08687824481919158,200,MHb.1,NA
1,MHb.2/Oligo,0.0034283875499593703,200,MHb.1,NA
2,MHb.2/Oligo,0.04466688607248883,200,MHb.1,NA
3,MHb.2/Oligo,0.0034283875499593703,200,MHb.1,NA
4,MHb.2/Oligo,0.0034283875499593703,200,MHb.1,NA
5,MHb.2/Oligo,0.12734984051896867,200,MHb.1,NA
1,Oligo,-1.119775722760884,200,MHb.1,NA
2,Oligo,-0.5817162700228574,200,MHb.1,NA
3,Oligo,-0.472855993120687,200,MHb.1,NA
4,Oligo,-0.7262089627533198,200,MHb.1,NA
5,Oligo,-0.14371063038963477,200,MHb.1,NA
1,OPC,-0.4195238094793847,200,MHb.1,NA
2,OPC,-0.4195238094793847,200,MHb.1,NA
3,OPC,-0.733172793986667,200,MHb.1,NA
4,OPC,-1.077776535548351,200,MHb.1,NA
5,OPC,-0.8369797307017013,200,MHb.1,NA
1,Astrocyte,-1.0944974762797344,500,MHb.1,NA
2,Astrocyte,-1.3453547541094575,500,MHb.1,NA
3,Astrocyte,-0.905554918645709,500,MHb.1,NA
4,Astrocyte,-0.1428013279505924,500,MHb.1,NA
5,Astrocyte,-0.905554918645709,500,MHb.1,NA
1,Endo,-1.2109065237495926,500,MHb.1,NA
2,Endo,-1.01920484818978,500,MHb.1,NA
3,Endo,-0.4596544815018387,500,MHb.1,NA
4,Endo,-0.8268671404931647,500,MHb.1,NA
5,Endo,-0.8653858142743647,500,MHb.1,NA
1,Excit.Thal,-0.9836585869167558,500,MHb.1,NA
2,Excit.Thal,-0.9836585869167558,500,MHb.1,NA
3,Excit.Thal,-0.813737044390142,500,MHb.1,NA
4,Excit.Thal,-0.4687563881218275,500,MHb.1,NA
5,Excit.Thal,-0.4105764363396453,500,MHb.1,NA
1,LHb.4,-0.861905541986038,500,MHb.1,NA
2,LHb.4,-0.17398737471412637,500,MHb.1,NA
3,LHb.4,-0.46396025128875334,500,MHb.1,NA
4,LHb.4,-1.2509308877885468,500,MHb.1,NA
5,LHb.4,-1.7387128305861872,500,MHb.1,NA
1,LHb.7,0.9113282928419361,500,MHb.1,NA
2,LHb.7,0.22881407940966786,500,MHb.1,NA
3,LHb.7,0.3900200524985139,500,MHb.1,NA
4,LHb.7,0.3577148313876262,500,MHb.1,NA
5,LHb.7,0.8457039806238327,500,MHb.1,NA
1,MHb.1,1.762416462666001,500,MHb.1,NA
2,MHb.1,1.3384135561826613,500,MHb.1,NA
3,MHb.1,1.04600238184114,500,MHb.1,NA
4,MHb.1,1.5646166407867248,500,MHb.1,NA
5,MHb.1,1.9789181969145384,500,MHb.1,NA
1,MHb.2,0.44172320784318037,500,MHb.1,NA
2,MHb.2,0.6379511626208327,500,MHb.1,NA
3,MHb.2,0.44172320784318037,500,MHb.1,NA
4,MHb.2,0.22135091471162077,500,MHb.1,NA
5,MHb.2,0.22135091471162077,500,MHb.1,NA
1,MHb.2/Oligo,0.04466688607248883,500,MHb.1,NA
2,MHb.2/Oligo,0.08597395001556246,500,MHb.1,NA
3,MHb.2/Oligo,0.12734984051896867,500,MHb.1,NA
4,MHb.2/Oligo,0.04466688607248883,500,MHb.1,NA
5,MHb.2/Oligo,0.08597395001556246,500,MHb.1,NA
1,Oligo,-1.577929902755116,500,MHb.1,NA
2,Oligo,-0.6540556308702914,500,MHb.1,NA
3,Oligo,-1.3321543820588488,500,MHb.1,NA
4,Oligo,-1.959896627977421,500,MHb.1,NA
5,Oligo,-2.0287973032880178,500,MHb.1,NA
1,OPC,-2.121133463948426,500,MHb.1,NA
2,OPC,-1.6880702072571827,500,MHb.1,NA
3,OPC,-1.2826149000754061,500,MHb.1,NA
4,OPC,-2.121133463948426,500,MHb.1,NA
5,OPC,-2.515360961012825,500,MHb.1,NA
1,Astrocyte,-2.0084521929383645,1000,MHb.1,NA
2,Astrocyte,-0.7159202326691333,1000,MHb.1,NA
3,Astrocyte,-0.8213586486901375,1000,MHb.1,NA
4,Astrocyte,-1.1782513768876084,1000,MHb.1,NA
5,Astrocyte,-2.0496171709494284,1000,MHb.1,NA
1,Endo,-1.3256243821934035,1000,MHb.1,NA
2,Endo,-1.3256243821934035,1000,MHb.1,NA
3,Endo,-1.268293772962122,1000,MHb.1,NA
4,Endo,-0.9807883553731779,1000,MHb.1,NA
5,Endo,-1.1151348661422484,1000,MHb.1,NA
1,Excit.Thal,-0.813737044390142,1000,MHb.1,NA
2,Excit.Thal,-1.0960143334309487,1000,MHb.1,NA
3,Excit.Thal,-0.6421160916105328,1000,MHb.1,NA
4,Excit.Thal,-1.1519187547427587,1000,MHb.1,NA
5,Excit.Thal,-1.0399280649086122,1000,MHb.1,NA
1,LHb.4,-2.1612389713162594,1000,MHb.1,NA
2,LHb.4,-2.0565494505676267,1000,MHb.1,NA
3,LHb.4,-2.0565494505676267,1000,MHb.1,NA
4,LHb.4,-0.861905541986038,1000,MHb.1,NA
5,LHb.4,-1.195884704970356,1000,MHb.1,NA
1,LHb.7,0.487128973796173,1000,MHb.1,NA
2,LHb.7,0.5845293432538501,1000,MHb.1,NA
3,LHb.7,1.0759744985795356,1000,MHb.1,NA
4,LHb.7,0.3577148313876262,1000,MHb.1,NA
5,LHb.7,0.3577148313876262,1000,MHb.1,NA
1,MHb.1,3.0311795689877687,1000,MHb.1,NA
2,MHb.1,2.6275773320456173,1000,MHb.1,NA
3,MHb.1,2.524252359265647,1000,MHb.1,NA
4,MHb.1,1.6023019775276925,1000,MHb.1,NA
5,MHb.1,2.514857599071357,1000,MHb.1,NA
1,MHb.2,0.5520617737827712,1000,MHb.1,NA
2,MHb.2,0.38046797176121155,1000,MHb.1,NA
3,MHb.2,0.38046797176121155,1000,MHb.1,NA
4,MHb.2,0.6134050328749783,1000,MHb.1,NA
5,MHb.2,0.6870585702420481,1000,MHb.1,NA
1,MHb.2/Oligo,0.16879482019337078,1000,MHb.1,NA
2,MHb.2/Oligo,0.251893104917558,1000,MHb.1,NA
3,MHb.2/Oligo,0.12734984051896867,1000,MHb.1,NA
4,MHb.2/Oligo,0.04466688607248883,1000,MHb.1,NA
5,MHb.2/Oligo,0.12734984051896867,1000,MHb.1,NA
1,Oligo,-2.6078359834599874,1000,MHb.1,NA
2,Oligo,-1.9253836762437702,1000,MHb.1,NA
3,Oligo,-1.9253836762437702,1000,MHb.1,NA
4,Oligo,-2.131837003989472,1000,MHb.1,NA
5,Oligo,-2.876328554290138,1000,MHb.1,NA
1,OPC,-3.1929933494524216,1000,MHb.1,NA
2,OPC,-4.042419365352515,1000,MHb.1,NA
3,OPC,-4.258812346970719,1000,MHb.1,NA
4,OPC,-1.077776535548351,1000,MHb.1,NA
5,OPC,-2.088044324412552,1000,MHb.1,NA
1,Astrocyte,-4.5016686284815925,5000,MHb.1,NA
2,Astrocyte,-4.403373518238067,5000,MHb.1,NA
3,Astrocyte,-4.442713295275042,5000,MHb.1,NA
4,Astrocyte,-4.462372310717415,5000,MHb.1,NA
5,Astrocyte,-3.309963005997866,5000,MHb.1,NA
1,Endo,-1.8390736326672001,5000,MHb.1,NA
2,Endo,-1.2491709900380576,5000,MHb.1,NA
3,Endo,-1.8390736326672001,5000,MHb.1,NA
4,Endo,-1.5734058658560106,5000,MHb.1,NA
5,Endo,-1.3447220224272898,5000,MHb.1,NA
1,Excit.Thal,-0.7567207988237119,5000,MHb.1,NA
2,Excit.Thal,-0.813737044390142,5000,MHb.1,NA
3,Excit.Thal,-1.1519187547427587,5000,MHb.1,NA
4,Excit.Thal,-1.3185543347798874,5000,MHb.1,NA
5,Excit.Thal,-1.0960143334309487,5000,MHb.1,NA
1,LHb.4,-3.662289571856765,5000,MHb.1,NA
2,LHb.4,-3.274060640938729,5000,MHb.1,NA
3,LHb.4,-3.662289571856765,5000,MHb.1,NA
4,LHb.4,-3.517672533623539,5000,MHb.1,NA
5,LHb.4,-2.927403892187965,5000,MHb.1,NA
1,LHb.7,0.3254416968680877,5000,MHb.1,NA
2,LHb.7,0.5845293432538501,5000,MHb.1,NA
3,LHb.7,0.16455476038250996,5000,MHb.1,NA
4,LHb.7,0.3900200524985139,5000,MHb.1,NA
5,LHb.7,0.3254416968680877,5000,MHb.1,NA
1,MHb.1,5.591894081842018,5000,MHb.1,NA
2,MHb.1,4.808852329603499,5000,MHb.1,NA
3,MHb.1,5.517392929548822,5000,MHb.1,NA
4,MHb.1,5.452191675274771,5000,MHb.1,NA
5,MHb.1,4.659504544006348,5000,MHb.1,NA
1,MHb.2,1.5497342294104166,5000,MHb.1,NA
2,MHb.2,1.760191427849328,5000,MHb.1,NA
3,MHb.2,1.772582936930666,5000,MHb.1,NA
4,MHb.2,1.3273042132134063,5000,MHb.1,NA
5,MHb.2,0.8222082726270636,5000,MHb.1,NA
1,MHb.2/Oligo,0.4608665479560662,5000,MHb.1,NA
2,MHb.2/Oligo,0.4608665479560662,5000,MHb.1,NA
3,MHb.2/Oligo,0.6293260940855082,5000,MHb.1,NA
4,MHb.2/Oligo,0.3770653518443531,5000,MHb.1,NA
5,MHb.2/Oligo,0.33527093490698096,5000,MHb.1,NA
1,Oligo,-4.970314979436621,5000,MHb.1,NA
2,Oligo,-4.845690357534952,5000,MHb.1,NA
3,Oligo,-5.094416206963271,5000,MHb.1,NA
4,Oligo,-4.182610910543323,5000,MHb.1,NA
5,Oligo,-4.563343755057649,5000,MHb.1,NA
1,OPC,-6.342848617118518,5000,MHb.1,NA
2,OPC,-5.995394533610628,5000,MHb.1,NA
3,OPC,-6.371629584160732,5000,MHb.1,NA
4,OPC,-6.371629584160732,5000,MHb.1,NA
5,OPC,-4.747739231498991,5000,MHb.1,NA
1,Astrocyte,-1.3362408439787103,100,MHb.2,NA
2,Astrocyte,-1.6592546056799276,100,MHb.2,NA
3,Astrocyte,-1.7961967050137777,100,MHb.2,NA
4,Astrocyte,-2.06746551076556,100,MHb.2,NA
5,Astrocyte,-1.9774255654312691,100,MHb.2,NA
1,Endo,-2.1712623767034716,100,MHb.2,NA
2,Endo,-1.796488915529989,100,MHb.2,NA
3,Endo,-1.796488915529989,100,MHb.2,NA
4,Endo,-1.1300984899212017,100,MHb.2,NA
5,Endo,-1.22613728933707,100,MHb.2,NA
1,Excit.Thal,-2.0196114737895874,100,MHb.2,NA
2,Excit.Thal,-1.638380051753262,100,MHb.2,NA
3,Excit.Thal,-1.0914646586266186,100,MHb.2,NA
4,Excit.Thal,-1.7679940435528763,100,MHb.2,NA
5,Excit.Thal,-1.506062468173479,100,MHb.2,NA
1,LHb.4,-1.5742066826199486,100,MHb.2,NA
2,LHb.4,-1.2117694556818221,100,MHb.2,NA
3,LHb.4,-1.4554062150278144,100,MHb.2,NA
4,LHb.4,-1.6910964270101156,100,MHb.2,NA
5,LHb.4,-1.0867698227415856,100,MHb.2,NA
1,LHb.7,1.067616876404437,100,MHb.2,NA
2,LHb.7,0.5304670224413274,100,MHb.2,NA
3,LHb.7,0.2672913690302612,100,MHb.2,NA
4,LHb.7,-0.45153862443513476,100,MHb.2,NA
5,LHb.7,0.16299452424246633,100,MHb.2,NA
1,MHb.1,0.57409321174323,100,MHb.2,NA
2,MHb.1,0.9804357976548471,100,MHb.2,NA
3,MHb.1,0.8131944691007562,100,MHb.2,NA
4,MHb.1,0.9326634033651812,100,MHb.2,NA
5,MHb.1,0.801244587926121,100,MHb.2,NA
1,MHb.2,1.0699611570613052,100,MHb.2,NA
2,MHb.2,0.7824252174634119,100,MHb.2,NA
3,MHb.2,1.0830436551268794,100,MHb.2,NA
4,MHb.2,0.9653409457215545,100,MHb.2,NA
5,MHb.2,1.0045652452473357,100,MHb.2,NA
1,MHb.2/Oligo,-0.46981218325385404,100,MHb.2,NA
2,MHb.2/Oligo,-0.7981115653727899,100,MHb.2,NA
3,MHb.2/Oligo,-0.13640192421178393,100,MHb.2,NA
4,MHb.2/Oligo,-0.08834390451778615,100,MHb.2,NA
5,MHb.2/Oligo,-0.13640192421178393,100,MHb.2,NA
1,Oligo,-1.519268080705071,100,MHb.2,NA
2,Oligo,-2.0889367553565763,100,MHb.2,NA
3,Oligo,-2.401738086689827,100,MHb.2,NA
4,Oligo,-2.401738086689827,100,MHb.2,NA
5,Oligo,-2.8551453786165815,100,MHb.2,NA
1,OPC,-0.13640163227516647,100,MHb.2,NA
2,OPC,-0.06565303993271919,100,MHb.2,NA
3,OPC,-0.9591796950898327,100,MHb.2,NA
4,OPC,-0.6901206658581819,100,MHb.2,NA
5,OPC,-0.8923833617153157,100,MHb.2,NA
1,Astrocyte,-4.6878087749865704,200,MHb.2,NA
2,Astrocyte,-4.647930318320195,200,MHb.2,NA
3,Astrocyte,-3.999950313611349,200,MHb.2,NA
4,Astrocyte,-4.366764493707339,200,MHb.2,NA
5,Astrocyte,-5.7005496393408635,200,MHb.2,NA
1,Endo,-4.36392262768139,200,MHb.2,NA
2,Endo,-3.0597145082279256,200,MHb.2,NA
3,Endo,-3.0899289689963556,200,MHb.2,NA
4,Endo,-4.36392262768139,200,MHb.2,NA
5,Endo,-4.276593146811361,200,MHb.2,NA
1,Excit.Thal,-2.4954554426829536,200,MHb.2,NA
2,Excit.Thal,-3.2548481494771777,200,MHb.2,NA
3,Excit.Thal,-4.480259238518512,200,MHb.2,NA
4,Excit.Thal,-4.214979085210682,200,MHb.2,NA
5,Excit.Thal,-3.457374923113613,200,MHb.2,NA
1,LHb.4,-1.2117694556818221,200,MHb.2,NA
2,LHb.4,-1.3346202262393805,200,MHb.2,NA
3,LHb.4,-2.356012361123104,200,MHb.2,NA
4,LHb.4,-2.967091990354801,200,MHb.2,NA
5,LHb.4,-2.2492285144637516,200,MHb.2,NA
1,LHb.7,-0.19778502694427796,200,MHb.2,NA
2,LHb.7,1.01323506846755,200,MHb.2,NA
3,LHb.7,-0.5521442105660261,200,MHb.2,NA
4,LHb.7,-0.7518518953973424,200,MHb.2,NA
5,LHb.7,-1.9102908975378803,200,MHb.2,NA
1,MHb.1,0.10721328315375386,200,MHb.2,NA
2,MHb.1,-0.9373610758455184,200,MHb.2,NA
3,MHb.1,-0.2165068115723643,200,MHb.2,NA
4,MHb.1,1.1117653085754433,200,MHb.2,NA
5,MHb.1,1.5411170625110255,200,MHb.2,NA
1,MHb.2,4.202401435617268,200,MHb.2,NA
2,MHb.2,4.362764538206777,200,MHb.2,NA
3,MHb.2,4.108936890498044,200,MHb.2,NA
4,MHb.2,3.8688708969495824,200,MHb.2,NA
5,MHb.2,3.9621835607042697,200,MHb.2,NA
1,MHb.2/Oligo,0.00809868138346767,200,MHb.2,NA
2,MHb.2/Oligo,-0.18435184480148295,200,MHb.2,NA
3,MHb.2/Oligo,0.4475925014016748,200,MHb.2,NA
4,MHb.2/Oligo,-0.08834390451778615,200,MHb.2,NA
5,MHb.2/Oligo,-0.08834390451778615,200,MHb.2,NA
1,Oligo,-3.21960719712286,200,MHb.2,NA
2,Oligo,-3.0752151378717856,200,MHb.2,NA
3,Oligo,-3.6422340541010523,200,MHb.2,NA
4,Oligo,-3.362206544299855,200,MHb.2,NA
5,Oligo,-3.0752151378717856,200,MHb.2,NA
1,OPC,-0.8252769697753567,200,MHb.2,NA
2,OPC,0.3664099595170573,200,MHb.2,NA
3,OPC,-0.2768535574637534,200,MHb.2,NA
4,OPC,-2.0502619331416896,200,MHb.2,NA
5,OPC,-2.477079964701042,200,MHb.2,NA
1,Astrocyte,-9.747502259866701,500,MHb.2,NA
2,Astrocyte,-11.4237069104274,500,MHb.2,NA
3,Astrocyte,-8.15565221713083,500,MHb.2,NA
4,Astrocyte,-5.470840398266627,500,MHb.2,NA
5,Astrocyte,-7.879810397810961,500,MHb.2,NA
1,Endo,-7.659590871694502,500,MHb.2,NA
2,Endo,-7.0734617498159755,500,MHb.2,NA
3,Endo,-7.712394292128048,500,MHb.2,NA
4,Endo,-7.341097328045621,500,MHb.2,NA
5,Endo,-7.019688270294834,500,MHb.2,NA
1,Excit.Thal,-6.673720608888682,500,MHb.2,NA
2,Excit.Thal,-7.001231275563417,500,MHb.2,NA
3,Excit.Thal,-5.907814909701555,500,MHb.2,NA
4,Excit.Thal,-4.736646891579148,500,MHb.2,NA
5,Excit.Thal,-5.065906040185108,500,MHb.2,NA
1,LHb.4,-3.7140816451313565,500,MHb.2,NA
2,LHb.4,-3.442081196140675,500,MHb.2,NA
3,LHb.4,-3.255490551762753,500,MHb.2,NA
4,LHb.4,-3.8027594883860876,500,MHb.2,NA
5,LHb.4,-3.5337700565280805,500,MHb.2,NA
1,LHb.7,-1.0966343947968846,500,MHb.2,NA
2,LHb.7,-1.6743412146757022,500,MHb.2,NA
3,LHb.7,-2.1898839510752492,500,MHb.2,NA
4,LHb.7,-2.8278671610044097,500,MHb.2,NA
5,LHb.7,-2.7829437949974762,500,MHb.2,NA
1,MHb.1,-0.2405023539113946,500,MHb.2,NA
2,MHb.1,-1.1419784814293656,500,MHb.2,NA
3,MHb.1,-1.9621376912467228,500,MHb.2,NA
4,MHb.1,-3.221859495238092,500,MHb.2,NA
5,MHb.1,-2.1071558992429886,500,MHb.2,NA
1,MHb.2,10.622134345809142,500,MHb.2,NA
2,MHb.2,11.61846174426363,500,MHb.2,NA
3,MHb.2,11.759390215276072,500,MHb.2,NA
4,MHb.2,11.886354151553496,500,MHb.2,NA
5,MHb.2,11.858129414885672,500,MHb.2,NA
1,MHb.2/Oligo,0.30008008371796785,500,MHb.2,NA
2,MHb.2/Oligo,0.5465087431551039,500,MHb.2,NA
3,MHb.2/Oligo,0.39830738064542653,500,MHb.2,NA
4,MHb.2/Oligo,0.7958467699964344,500,MHb.2,NA
5,MHb.2/Oligo,0.20230602746484785,500,MHb.2,NA
1,Oligo,-6.466103801009022,500,MHb.2,NA
2,Oligo,-5.789212728620563,500,MHb.2,NA
3,Oligo,-6.466103801009022,500,MHb.2,NA
4,Oligo,-5.847014595063739,500,MHb.2,NA
5,Oligo,-6.075621183304628,500,MHb.2,NA
1,OPC,-3.465812954358198,500,MHb.2,NA
2,OPC,-1.4827703220856314,500,MHb.2,NA
3,OPC,-2.234684281368609,500,MHb.2,NA
4,OPC,-2.6563330242512646,500,MHb.2,NA
5,OPC,-3.800006773251811,500,MHb.2,NA
1,Astrocyte,-12.769710512320316,1000,MHb.2,NA
2,Astrocyte,-12.798215907152722,1000,MHb.2,NA
3,Astrocyte,-11.30328389642758,1000,MHb.2,NA
4,Astrocyte,-11.513654104472863,1000,MHb.2,NA
5,Astrocyte,-10.350122461926157,1000,MHb.2,NA
1,Endo,-9.638055473942382,1000,MHb.2,NA
2,Endo,-9.235826636219604,1000,MHb.2,NA
3,Endo,-9.058433872933604,1000,MHb.2,NA
4,Endo,-7.949037886903099,1000,MHb.2,NA
5,Endo,-8.752282191124683,1000,MHb.2,NA
1,Excit.Thal,-6.936660425398385,1000,MHb.2,NA
2,Excit.Thal,-5.834705454571666,1000,MHb.2,NA
3,Excit.Thal,-4.902993910610257,1000,MHb.2,NA
4,Excit.Thal,-7.502334509513887,1000,MHb.2,NA
5,Excit.Thal,-8.264966153795122,1000,MHb.2,NA
1,LHb.4,-3.8027594883860876,1000,MHb.2,NA
2,LHb.4,-5.331356099038288,1000,MHb.2,NA
3,LHb.4,-5.477731395958432,1000,MHb.2,NA
4,LHb.4,-4.148210637029181,1000,MHb.2,NA
5,LHb.4,-3.255490551762753,1000,MHb.2,NA
1,LHb.7,-2.9174234376817156,1000,MHb.2,NA
2,LHb.7,-3.663527710700087,1000,MHb.2,NA
3,LHb.7,-3.139642497933482,1000,MHb.2,NA
4,LHb.7,-2.2822414891102563,1000,MHb.2,NA
5,LHb.7,-4.174701481977228,1000,MHb.2,NA
1,MHb.1,-1.1901481006986625,1000,MHb.2,NA
2,MHb.1,-1.9258965763897062,1000,MHb.2,NA
3,MHb.1,-2.8214251132583934,1000,MHb.2,NA
4,MHb.1,-2.4700798821787573,1000,MHb.2,NA
5,MHb.1,-2.31274618991885,1000,MHb.2,NA
1,MHb.2,15.405461258243676,1000,MHb.2,NA
2,MHb.2,16.556444983748815,1000,MHb.2,NA
3,MHb.2,16.644294484117424,1000,MHb.2,NA
4,MHb.2,15.217061079089122,1000,MHb.2,NA
5,MHb.2,15.448978036415832,1000,MHb.2,NA
1,MHb.2/Oligo,1.3035721112409622,1000,MHb.2,NA
2,MHb.2/Oligo,0.9974652429784964,1000,MHb.2,NA
3,MHb.2/Oligo,1.2522426082665092,1000,MHb.2,NA
4,MHb.2/Oligo,0.4475925014016748,1000,MHb.2,NA
5,MHb.2/Oligo,0.6458904492429552,1000,MHb.2,NA
1,Oligo,-9.192334962603304,1000,MHb.2,NA
2,Oligo,-7.822571432662253,1000,MHb.2,NA
3,Oligo,-7.521514053792899,1000,MHb.2,NA
4,Oligo,-8.734826769794143,1000,MHb.2,NA
5,Oligo,-8.641544035100727,1000,MHb.2,NA
1,OPC,-3.5220190424740108,1000,MHb.2,NA
2,OPC,-5.421198959914207,1000,MHb.2,NA
3,OPC,-6.526294543676925,1000,MHb.2,NA
4,OPC,-2.5968197295749853,1000,MHb.2,NA
5,OPC,-2.3563742983244964,1000,MHb.2,NA
1,Astrocyte,-19.548229480846707,5000,MHb.2,NA
2,Astrocyte,-19.906457052611607,5000,MHb.2,NA
3,Astrocyte,-19.367569078864012,5000,MHb.2,NA
4,Astrocyte,-18.611011874155775,5000,MHb.2,NA
5,Astrocyte,-15.81472838897047,5000,MHb.2,NA
1,Endo,-11.37142493581781,5000,MHb.2,NA
2,Endo,-11.180133212820941,5000,MHb.2,NA
3,Endo,-13.16453122329237,5000,MHb.2,NA
4,Endo,-10.987852645118096,5000,MHb.2,NA
5,Endo,-10.15931345806733,5000,MHb.2,NA
1,Excit.Thal,-6.806139839961434,5000,MHb.2,NA
2,Excit.Thal,-7.743344587388849,5000,MHb.2,NA
3,Excit.Thal,-7.743344587388849,5000,MHb.2,NA
4,Excit.Thal,-7.502334509513887,5000,MHb.2,NA
5,Excit.Thal,-7.623589129908208,5000,MHb.2,NA
1,LHb.4,-8.928108211712802,5000,MHb.2,NA
2,LHb.4,-8.61406244313267,5000,MHb.2,NA
3,LHb.4,-8.345415256370991,5000,MHb.2,NA
4,LHb.4,-8.014055792018286,5000,MHb.2,NA
5,LHb.4,-5.97232517796999,5000,MHb.2,NA
1,LHb.7,-4.591484122557197,5000,MHb.2,NA
2,LHb.7,-4.258712066221185,5000,MHb.2,NA
3,LHb.7,-5.121466821939573,5000,MHb.2,NA
4,LHb.7,-3.8780193963808913,5000,MHb.2,NA
5,LHb.7,-4.174701481977228,5000,MHb.2,NA
1,MHb.1,3.6186339688628015,5000,MHb.2,NA
2,MHb.1,2.504660177103052,5000,MHb.2,NA
3,MHb.1,3.4885038001169995,5000,MHb.2,NA
4,MHb.1,1.4815262189523901,5000,MHb.2,NA
5,MHb.1,0.08324799726778588,5000,MHb.2,NA
1,MHb.2,20.63365176615571,5000,MHb.2,NA
2,MHb.2,22.44833842869884,5000,MHb.2,NA
3,MHb.2,22.663679884104216,5000,MHb.2,NA
4,MHb.2,21.468914956341823,5000,MHb.2,NA
5,MHb.2,18.399624816464417,5000,MHb.2,NA
1,MHb.2/Oligo,1.8766905542858532,5000,MHb.2,NA
2,MHb.2/Oligo,1.0481736501347085,5000,MHb.2,NA
3,MHb.2/Oligo,1.5621282983194942,5000,MHb.2,NA
4,MHb.2/Oligo,1.982611701390389,5000,MHb.2,NA
5,MHb.2/Oligo,1.6142262951773487,5000,MHb.2,NA
1,Oligo,-13.38641078026998,5000,MHb.2,NA
2,Oligo,-13.558545992025774,5000,MHb.2,NA
3,Oligo,-13.96496270022533,5000,MHb.2,NA
4,Oligo,-12.462604239479832,5000,MHb.2,NA
5,Oligo,-11.012976517146775,5000,MHb.2,NA
1,OPC,-12.265053813829036,5000,MHb.2,NA
2,OPC,-12.095098213787349,5000,MHb.2,NA
3,OPC,-12.70027385022889,5000,MHb.2,NA
4,OPC,-11.681123630306862,5000,MHb.2,NA
5,OPC,-7.074814129122457,5000,MHb.2,NA
1,Astrocyte,-3.5948706252056377,100,MHb.2/Oligo,NA
2,Astrocyte,-4.195705717859278,100,MHb.2/Oligo,NA
3,Astrocyte,-2.977964041657395,100,MHb.2/Oligo,NA
4,Astrocyte,-3.7162907636074105,100,MHb.2/Oligo,NA
5,Astrocyte,-3.4319761597678635,100,MHb.2/Oligo,NA
1,Endo,-1.4883357087703846,100,MHb.2/Oligo,NA
2,Endo,-1.3739107235260428,100,MHb.2/Oligo,NA
3,Endo,-1.9412196454431185,100,MHb.2/Oligo,NA
4,Endo,-1.6022742161203098,100,MHb.2/Oligo,NA
5,Endo,-0.9112451124924226,100,MHb.2/Oligo,NA
1,Excit.Thal,-1.1387527549586376,100,MHb.2/Oligo,NA
2,Excit.Thal,-0.31929283614985987,100,MHb.2/Oligo,NA
3,Excit.Thal,-1.3702424809816611,100,MHb.2/Oligo,NA
4,Excit.Thal,-0.6177366331638672,100,MHb.2/Oligo,NA
5,Excit.Thal,-0.31929283614985987,100,MHb.2/Oligo,NA
1,LHb.4,-2.1111122413629597,100,MHb.2/Oligo,NA
2,LHb.4,-2.427909970958802,100,MHb.2/Oligo,NA
3,LHb.4,-1.7687084579325987,100,MHb.2/Oligo,NA
4,LHb.4,-1.1937945159898882,100,MHb.2/Oligo,NA
5,LHb.4,-0.9815795889827372,100,MHb.2/Oligo,NA
1,LHb.7,1.3972799202751758,100,MHb.2/Oligo,NA
2,LHb.7,1.1519892821617892,100,MHb.2/Oligo,NA
3,LHb.7,0.6745875183117522,100,MHb.2/Oligo,NA
4,LHb.7,-0.8046739893778183,100,MHb.2/Oligo,NA
5,LHb.7,-0.15884063012904953,100,MHb.2/Oligo,NA
1,MHb.1,3.37090233183793,100,MHb.2/Oligo,NA
2,MHb.1,3.355303968438913,100,MHb.2/Oligo,NA
3,MHb.1,3.0273299383597174,100,MHb.2/Oligo,NA
4,MHb.1,2.117382095138733,100,MHb.2/Oligo,NA
5,MHb.1,2.32186812254186,100,MHb.2/Oligo,NA
1,MHb.2,-1.4067360853430813,100,MHb.2/Oligo,NA
2,MHb.2,-1.072660748271235,100,MHb.2/Oligo,NA
3,MHb.2,-0.960991192547454,100,MHb.2/Oligo,NA
4,MHb.2,0.46729868742396596,100,MHb.2/Oligo,NA
5,MHb.2,-0.512738547245071,100,MHb.2/Oligo,NA
1,MHb.2/Oligo,-0.9764866608297457,100,MHb.2/Oligo,NA
2,MHb.2/Oligo,-1.5390709410428975,100,MHb.2/Oligo,NA
3,MHb.2/Oligo,-0.6412428495406454,100,MHb.2/Oligo,NA
4,MHb.2/Oligo,-0.7375743884480694,100,MHb.2/Oligo,NA
5,MHb.2/Oligo,-0.9289209215675546,100,MHb.2/Oligo,NA
1,Oligo,0.14120865093812154,100,MHb.2/Oligo,NA
2,Oligo,1.7131767244829883,100,MHb.2/Oligo,NA
3,Oligo,0.6719121899439361,100,MHb.2/Oligo,NA
4,Oligo,1.13352376850998,100,MHb.2/Oligo,NA
5,Oligo,1.2281122260596435,100,MHb.2/Oligo,NA
1,OPC,-0.47168273842039493,100,MHb.2/Oligo,NA
2,OPC,-1.39734869086138,100,MHb.2/Oligo,NA
3,OPC,-1.6128881333099068,100,MHb.2/Oligo,NA
4,OPC,-1.39734869086138,100,MHb.2/Oligo,NA
5,OPC,-0.713499049052774,100,MHb.2/Oligo,NA
1,Astrocyte,-6.021231787410057,200,MHb.2/Oligo,NA
2,Astrocyte,-5.800543513460216,200,MHb.2/Oligo,NA
3,Astrocyte,-4.31403175706241,200,MHb.2/Oligo,NA
4,Astrocyte,-5.689435664595788,200,MHb.2/Oligo,NA
5,Astrocyte,-6.492592865021174,200,MHb.2/Oligo,NA
1,Endo,-3.0053812204971377,200,MHb.2/Oligo,NA
2,Endo,-1.18210777230509,200,MHb.2/Oligo,NA
3,Endo,-2.0905046317444578,200,MHb.2/Oligo,NA
4,Endo,-1.9412196454431185,200,MHb.2/Oligo,NA
5,Endo,-2.6431095972892664,200,MHb.2/Oligo,NA
1,Excit.Thal,-0.6177366331638672,200,MHb.2/Oligo,NA
2,Excit.Thal,-2.5042704223647956,200,MHb.2/Oligo,NA
3,Excit.Thal,-2.5042704223647956,200,MHb.2/Oligo,NA
4,Excit.Thal,-1.9819871141531191,200,MHb.2/Oligo,NA
5,Excit.Thal,-1.7898543575565131,200,MHb.2/Oligo,NA
1,LHb.4,-1.394888989157606,200,MHb.2/Oligo,NA
2,LHb.4,-3.000933609648255,200,MHb.2/Oligo,NA
3,LHb.4,-3.511740790315771,200,MHb.2/Oligo,NA
4,LHb.4,-2.272413632885493,200,MHb.2/Oligo,NA
5,LHb.4,-2.1111122413629597,200,MHb.2/Oligo,NA
1,LHb.7,0.2893649565471289,200,MHb.2/Oligo,NA
2,LHb.7,0.2893649565471289,200,MHb.2/Oligo,NA
3,LHb.7,-0.6637591075711508,200,MHb.2/Oligo,NA
4,LHb.7,-0.08516066724094747,200,MHb.2/Oligo,NA
5,LHb.7,0.5191705076816818,200,MHb.2/Oligo,NA
1,MHb.1,4.952871524209408,200,MHb.2/Oligo,NA
2,MHb.1,4.952871524209408,200,MHb.2/Oligo,NA
3,MHb.1,5.829336582906459,200,MHb.2/Oligo,NA
4,MHb.1,4.983714757518715,200,MHb.2/Oligo,NA
5,MHb.1,3.666938024188712,200,MHb.2/Oligo,NA
1,MHb.2,-1.905257330014007,200,MHb.2/Oligo,NA
2,MHb.2,-2.528686794061807,200,MHb.2/Oligo,NA
3,MHb.2,-3.0566982678165644,200,MHb.2/Oligo,NA
4,MHb.2,-2.1992318761297986,200,MHb.2/Oligo,NA
5,MHb.2,-0.6624375457128572,200,MHb.2/Oligo,NA
1,MHb.2/Oligo,0.9640753109168823,200,MHb.2/Oligo,NA
2,MHb.2/Oligo,3.2833031472493355,200,MHb.2/Oligo,NA
3,MHb.2/Oligo,1.2266164631429626,200,MHb.2/Oligo,NA
4,MHb.2/Oligo,1.5462002565748842,200,MHb.2/Oligo,NA
5,MHb.2/Oligo,2.312126572338529,200,MHb.2/Oligo,NA
1,Oligo,1.13352376850998,200,MHb.2/Oligo,NA
2,Oligo,-0.366492339097232,200,MHb.2/Oligo,NA
3,Oligo,0.40353810535759954,200,MHb.2/Oligo,NA
4,Oligo,1.13352376850998,200,MHb.2/Oligo,NA
5,Oligo,2.014483595519554,200,MHb.2/Oligo,NA
1,OPC,-1.925845249543284,200,MHb.2/Oligo,NA
2,OPC,-4.320103914438111,200,MHb.2/Oligo,NA
3,OPC,-4.163317935900148,200,MHb.2/Oligo,NA
4,OPC,-3.676106882154435,200,MHb.2/Oligo,NA
5,OPC,-2.7995704018775363,200,MHb.2/Oligo,NA
1,Astrocyte,-7.130574128288443,500,MHb.2/Oligo,NA
2,Astrocyte,-7.6841508594819246,500,MHb.2/Oligo,NA
3,Astrocyte,-7.339614175860626,500,MHb.2/Oligo,NA
4,Astrocyte,-4.8968638100125474,500,MHb.2/Oligo,NA
5,Astrocyte,-7.270130058692881,500,MHb.2/Oligo,NA
1,Endo,-3.1489586145320123,500,MHb.2/Oligo,NA
2,Endo,-4.064430289225472,500,MHb.2/Oligo,NA
3,Endo,-2.460154230847448,500,MHb.2/Oligo,NA
4,Endo,-3.3629283094008118,500,MHb.2/Oligo,NA
5,Endo,-4.613185493336156,500,MHb.2/Oligo,NA
1,Excit.Thal,-5.66313604717518,500,MHb.2/Oligo,NA
2,Excit.Thal,-5.312315247515613,500,MHb.2/Oligo,NA
3,Excit.Thal,-3.757395619316389,500,MHb.2/Oligo,NA
4,Excit.Thal,-2.164356427499928,500,MHb.2/Oligo,NA
5,Excit.Thal,-4.107925417028587,500,MHb.2/Oligo,NA
1,LHb.4,-4.298277735877053,500,MHb.2/Oligo,NA
2,LHb.4,-3.975359123205989,500,MHb.2/Oligo,NA
3,LHb.4,-4.893297032840904,500,MHb.2/Oligo,NA
4,LHb.4,-5.434419187232718,500,MHb.2/Oligo,NA
5,LHb.4,-4.603449474195815,500,MHb.2/Oligo,NA
1,LHb.7,-0.7343966671872242,500,MHb.2/Oligo,NA
2,LHb.7,-0.08516066724094747,500,MHb.2/Oligo,NA
3,LHb.7,-1.8833398278807822,500,MHb.2/Oligo,NA
4,LHb.7,-1.9480817041698701,500,MHb.2/Oligo,NA
5,LHb.7,-0.8046739893778183,500,MHb.2/Oligo,NA
1,MHb.1,6.426013903846336,500,MHb.2/Oligo,NA
2,MHb.1,7.187510357902638,500,MHb.2/Oligo,NA
3,MHb.1,6.273248853556902,500,MHb.2/Oligo,NA
4,MHb.1,4.504895881720527,500,MHb.2/Oligo,NA
5,MHb.1,7.400044013829516,500,MHb.2/Oligo,NA
1,MHb.2,-1.2769835484201355,500,MHb.2/Oligo,NA
2,MHb.2,-2.4738700496440402,500,MHb.2/Oligo,NA
3,MHb.2,-1.3696853588386229,500,MHb.2/Oligo,NA
4,MHb.2,0.6761959542488566,500,MHb.2/Oligo,NA
5,MHb.2,-0.960991192547454,500,MHb.2/Oligo,NA
1,MHb.2/Oligo,2.5364266549995436,500,MHb.2/Oligo,NA
2,MHb.2/Oligo,3.518874867100342,500,MHb.2/Oligo,NA
3,MHb.2/Oligo,4.804080107735118,500,MHb.2/Oligo,NA
4,MHb.2/Oligo,4.30450247066526,500,MHb.2/Oligo,NA
5,MHb.2/Oligo,2.706316402447267,500,MHb.2/Oligo,NA
1,Oligo,0.14120865093812154,500,MHb.2/Oligo,NA
2,Oligo,0.3154385742921087,500,MHb.2/Oligo,NA
3,Oligo,-1.2444702364781548,500,MHb.2/Oligo,NA
4,Oligo,-1.1672516165432585,500,MHb.2/Oligo,NA
5,Oligo,-1.3211999543822275,500,MHb.2/Oligo,NA
1,OPC,-5.349938930832914,500,MHb.2/Oligo,NA
2,OPC,-3.676106882154435,500,MHb.2/Oligo,NA
3,OPC,-6.344874057592453,500,MHb.2/Oligo,NA
4,OPC,-8.250621952814608,500,MHb.2/Oligo,NA
5,OPC,-7.367848903613761,500,MHb.2/Oligo,NA
1,Astrocyte,-8.657370968146166,1000,MHb.2/Oligo,NA
2,Astrocyte,-8.225729751123707,1000,MHb.2/Oligo,NA
3,Astrocyte,-7.443476914092502,1000,MHb.2/Oligo,NA
4,Astrocyte,-7.374283376403205,1000,MHb.2/Oligo,NA
5,Astrocyte,-8.525337319011495,1000,MHb.2/Oligo,NA
1,Endo,-6.454243841659303,1000,MHb.2/Oligo,NA
2,Endo,-5.017834915601829,1000,MHb.2/Oligo,NA
3,Endo,-4.816235218417337,1000,MHb.2/Oligo,NA
4,Endo,-5.350680738791298,1000,MHb.2/Oligo,NA
5,Endo,-5.71237537641723,1000,MHb.2/Oligo,NA
1,Excit.Thal,-5.034932254068108,1000,MHb.2/Oligo,NA
2,Excit.Thal,-5.221312659847343,1000,MHb.2/Oligo,NA
3,Excit.Thal,-4.743351372141292,1000,MHb.2/Oligo,NA
4,Excit.Thal,-5.034932254068108,1000,MHb.2/Oligo,NA
5,Excit.Thal,-6.155123715168915,1000,MHb.2/Oligo,NA
1,LHb.4,-6.169569885372151,1000,MHb.2/Oligo,NA
2,LHb.4,-6.834674209848708,1000,MHb.2/Oligo,NA
3,LHb.4,-6.169569885372151,1000,MHb.2/Oligo,NA
4,LHb.4,-3.975359123205989,1000,MHb.2/Oligo,NA
5,LHb.4,-6.012972196758804,1000,MHb.2/Oligo,NA
1,LHb.7,-3.4201545618754965,1000,MHb.2/Oligo,NA
2,LHb.7,-3.0060457462582972,1000,MHb.2/Oligo,NA
3,LHb.7,-1.0133861912570603,1000,MHb.2/Oligo,NA
4,LHb.7,-2.5178724813479167,1000,MHb.2/Oligo,NA
5,LHb.7,-5.127079626220158,1000,MHb.2/Oligo,NA
1,MHb.1,10.032591720956228,1000,MHb.2/Oligo,NA
2,MHb.1,7.854482408963201,1000,MHb.2/Oligo,NA
3,MHb.1,7.914973082374164,1000,MHb.2/Oligo,NA
4,MHb.1,6.761547479476244,1000,MHb.2/Oligo,NA
5,MHb.1,9.689065501982297,1000,MHb.2/Oligo,NA
1,MHb.2,-0.512738547245071,1000,MHb.2/Oligo,NA
2,MHb.2,1.4213998670493835,1000,MHb.2/Oligo,NA
3,MHb.2,-0.7931927694258412,1000,MHb.2/Oligo,NA
4,MHb.2,-0.34398794267624766,1000,MHb.2/Oligo,NA
5,MHb.2,0.6761959542488566,1000,MHb.2/Oligo,NA
1,MHb.2/Oligo,4.552695414727667,1000,MHb.2/Oligo,NA
2,MHb.2/Oligo,4.6779831305704755,1000,MHb.2/Oligo,NA
3,MHb.2/Oligo,4.059412971951579,1000,MHb.2/Oligo,NA
4,MHb.2/Oligo,3.8173421436443484,1000,MHb.2/Oligo,NA
5,MHb.2/Oligo,4.804080107735118,1000,MHb.2/Oligo,NA
1,Oligo,-4.42146984109172,1000,MHb.2/Oligo,NA
2,Oligo,-2.763065550450664,1000,MHb.2/Oligo,NA
3,Oligo,-1.7716992204127968,1000,MHb.2/Oligo,NA
4,Oligo,-0.9325888266345606,1000,MHb.2/Oligo,NA
5,Oligo,-5.458801529536954,1000,MHb.2/Oligo,NA
1,OPC,-8.408809952162951,1000,MHb.2/Oligo,NA
2,OPC,-10.25184842608976,1000,MHb.2/Oligo,NA
3,OPC,-8.564888368675186,1000,MHb.2/Oligo,NA
4,OPC,-4.84895135478886,1000,MHb.2/Oligo,NA
5,OPC,-8.971338056483738,1000,MHb.2/Oligo,NA
1,Astrocyte,-11.64080222372063,5000,MHb.2/Oligo,NA
2,Astrocyte,-12.165046451378021,5000,MHb.2/Oligo,NA
3,Astrocyte,-11.904172914457254,5000,MHb.2/Oligo,NA
4,Astrocyte,-11.816663290300625,5000,MHb.2/Oligo,NA
5,Astrocyte,-10.774393475101583,5000,MHb.2/Oligo,NA
1,Endo,-8.86836485126657,5000,MHb.2/Oligo,NA
2,Endo,-7.578756340226452,5000,MHb.2/Oligo,NA
3,Endo,-7.85330986418664,5000,MHb.2/Oligo,NA
4,Endo,-6.676308046920434,5000,MHb.2/Oligo,NA
5,Endo,-6.990638918774354,5000,MHb.2/Oligo,NA
1,Excit.Thal,-7.181489051049382,5000,MHb.2/Oligo,NA
2,Excit.Thal,-6.387995666523118,5000,MHb.2/Oligo,NA
3,Excit.Thal,-6.538959752483232,5000,MHb.2/Oligo,NA
4,Excit.Thal,-5.913819379798307,5000,MHb.2/Oligo,NA
5,Excit.Thal,-6.973497354123149,5000,MHb.2/Oligo,NA
1,LHb.4,-8.373333273755224,5000,MHb.2/Oligo,NA
2,LHb.4,-7.112257180887462,5000,MHb.2/Oligo,NA
3,LHb.4,-8.718510894091528,5000,MHb.2/Oligo,NA
4,LHb.4,-7.70334411311299,5000,MHb.2/Oligo,NA
5,LHb.4,-7.575654294018997,5000,MHb.2/Oligo,NA
1,LHb.7,-6.329486293634754,5000,MHb.2/Oligo,NA
2,LHb.7,-5.639321597762128,5000,MHb.2/Oligo,NA
3,LHb.7,-3.5363557986422243,5000,MHb.2/Oligo,NA
4,LHb.7,-4.970043355555816,5000,MHb.2/Oligo,NA
5,LHb.7,-3.9360193542223856,5000,MHb.2/Oligo,NA
1,MHb.1,14.800166982443173,5000,MHb.2/Oligo,NA
2,MHb.1,12.44718421033345,5000,MHb.2/Oligo,NA
3,MHb.1,11.79874055804373,5000,MHb.2/Oligo,NA
4,MHb.1,12.873266808401947,5000,MHb.2/Oligo,NA
5,MHb.1,11.414427831553136,5000,MHb.2/Oligo,NA
1,MHb.2,1.4598101335040188,5000,MHb.2/Oligo,NA
2,MHb.2,2.5237228934299463,5000,MHb.2/Oligo,NA
3,MHb.2,4.457438238914794,5000,MHb.2/Oligo,NA
4,MHb.2,2.1545080663601195,5000,MHb.2/Oligo,NA
5,MHb.2,2.1738957530245395,5000,MHb.2/Oligo,NA
1,MHb.2/Oligo,5.776817202162805,5000,MHb.2/Oligo,NA
2,MHb.2/Oligo,4.804080107735118,5000,MHb.2/Oligo,NA
3,MHb.2/Oligo,5.251962476465407,5000,MHb.2/Oligo,NA
4,MHb.2/Oligo,4.740929740839148,5000,MHb.2/Oligo,NA
5,MHb.2/Oligo,4.6779831305704755,5000,MHb.2/Oligo,NA
1,Oligo,-7.568406815984709,5000,MHb.2/Oligo,NA
2,Oligo,-7.180269034746531,5000,MHb.2/Oligo,NA
3,Oligo,-8.224287678882227,5000,MHb.2/Oligo,NA
4,Oligo,-6.781581991845617,5000,MHb.2/Oligo,NA
5,Oligo,-7.327018613110315,5000,MHb.2/Oligo,NA
1,OPC,-12.723225660424868,5000,MHb.2/Oligo,NA
2,OPC,-10.997602868974255,5000,MHb.2/Oligo,NA
3,OPC,-12.985966586442828,5000,MHb.2/Oligo,NA
4,OPC,-13.641856799227892,5000,MHb.2/Oligo,NA
5,OPC,-10.563978732202514,5000,MHb.2/Oligo,NA
1,Astrocyte,0.9796296301997433,100,Oligo,NA
2,Astrocyte,0.5986512609475654,100,Oligo,NA
3,Astrocyte,0.33668403214450604,100,Oligo,NA
4,Astrocyte,0.803410754479693,100,Oligo,NA
5,Astrocyte,1.0974771028698724,100,Oligo,NA
1,Endo,1.9353129792445962,100,Oligo,NA
2,Endo,0.7679784043460943,100,Oligo,NA
3,Endo,0.5058812168490312,100,Oligo,NA
4,Endo,0.7417164153247833,100,Oligo,NA
5,Endo,1.1368801873833345,100,Oligo,NA
1,Excit.Thal,0.21479147918906558,100,Oligo,NA
2,Excit.Thal,0.1537055300654178,100,Oligo,NA
3,Excit.Thal,0.648524941059362,100,Oligo,NA
4,Excit.Thal,0.7113850029423612,100,Oligo,NA
5,Excit.Thal,0.7113850029423612,100,Oligo,NA
1,LHb.4,0.8288517433436849,100,Oligo,NA
2,LHb.4,0.8826593532738245,100,Oligo,NA
3,LHb.4,1.099308264227417,100,Oligo,NA
4,LHb.4,1.8196939118512467,100,Oligo,NA
5,LHb.4,1.3182694530083177,100,Oligo,NA
1,LHb.7,0.13138458094045688,100,Oligo,NA
2,LHb.7,0.3374099961015877,100,Oligo,NA
3,LHb.7,-0.2356695549505177,100,Oligo,NA
4,LHb.7,-0.31658782258195906,100,Oligo,NA
5,LHb.7,-0.15451716192648438,100,Oligo,NA
1,MHb.1,-2.5130477507352422,100,Oligo,NA
2,MHb.1,-1.6936022309202994,100,Oligo,NA
3,MHb.1,-1.081181835168852,100,Oligo,NA
4,MHb.1,-1.5882039336567546,100,Oligo,NA
5,MHb.1,-1.6936022309202994,100,Oligo,NA
1,MHb.2,-3.8649761203445276,100,Oligo,NA
2,MHb.2,-3.4717717182362287,100,Oligo,NA
3,MHb.2,-4.35672441185155,100,Oligo,NA
4,MHb.2,-4.833992799188576,100,Oligo,NA
5,MHb.2,-4.938190516381315,100,Oligo,NA
1,MHb.2/Oligo,0.018266398955136823,100,Oligo,NA
2,MHb.2/Oligo,1.0093380772763823,100,Oligo,NA
3,MHb.2/Oligo,1.4853309203834277,100,Oligo,NA
4,MHb.2/Oligo,1.4853309203834277,100,Oligo,NA
5,MHb.2/Oligo,-0.29069854139610307,100,Oligo,NA
1,Oligo,1.3286333485484907,100,Oligo,NA
2,Oligo,1.05899431831827,100,Oligo,NA
3,Oligo,0.9248934018842999,100,Oligo,NA
4,Oligo,1.3963458422424515,100,Oligo,NA
5,Oligo,1.1935727903792976,100,Oligo,NA
1,OPC,0.3688634558355926,100,Oligo,NA
2,OPC,0.5407299108613137,100,Oligo,NA
3,OPC,0.8174391086049407,100,Oligo,NA
4,OPC,0.1978129063515827,100,Oligo,NA
5,OPC,0.5062908554856049,100,Oligo,NA
1,Astrocyte,1.0090637651839194,200,Oligo,NA
2,Astrocyte,1.3637233919766738,200,Oligo,NA
3,Astrocyte,2.3835534292437504,200,Oligo,NA
4,Astrocyte,1.2452044573646257,200,Oligo,NA
5,Astrocyte,0.6278483372373287,200,Oligo,NA
1,Endo,2.446755248511429,200,Oligo,NA
2,Endo,2.39270363688801,200,Oligo,NA
3,Endo,3.5111989088780344,200,Oligo,NA
4,Endo,2.799346987295936,200,Oligo,NA
5,Endo,2.1770067080421085,200,Oligo,NA
1,Excit.Thal,0.4613069661200944,200,Oligo,NA
2,Excit.Thal,1.2227225696799575,200,Oligo,NA
3,Excit.Thal,2.1562704316713024,200,Oligo,NA
4,Excit.Thal,2.1562704316713024,200,Oligo,NA
5,Excit.Thal,1.0934501985707556,200,Oligo,NA
1,LHb.4,1.4840429954370622,200,Oligo,NA
2,LHb.4,2.160995606143057,200,Oligo,NA
3,LHb.4,2.449892733785421,200,Oligo,NA
4,LHb.4,2.160995606143057,200,Oligo,NA
5,LHb.4,2.3338355349203526,200,Oligo,NA
1,LHb.7,0.21361177019225944,200,Oligo,NA
2,LHb.7,0.049399285220398284,200,Oligo,NA
3,LHb.7,-0.07312894869367129,200,Oligo,NA
4,LHb.7,1.563654263022769,200,Oligo,NA
5,LHb.7,1.0495882440738578,200,Oligo,NA
1,MHb.1,-2.4501781137160377,200,Oligo,NA
2,MHb.1,-3.744134240028814,200,Oligo,NA
3,MHb.1,-4.428445722290366,200,Oligo,NA
4,MHb.1,-4.387055963306889,200,Oligo,NA
5,MHb.1,-2.3872814177803963,200,Oligo,NA
1,MHb.2,-8.4903764700489,200,Oligo,NA
2,MHb.2,-8.574942377775702,200,Oligo,NA
3,MHb.2,-10.230435482941962,200,Oligo,NA
4,MHb.2,-10.307693916408466,200,Oligo,NA
5,MHb.2,-9.996833593367286,200,Oligo,NA
1,MHb.2/Oligo,1.6082023841946533,200,Oligo,NA
2,MHb.2/Oligo,2.116596108249152,200,Oligo,NA
3,MHb.2/Oligo,0.667446880143891,200,Oligo,NA
4,MHb.2/Oligo,1.986858777326729,200,Oligo,NA
5,MHb.2/Oligo,2.5171501579267708,200,Oligo,NA
1,Oligo,2.5666506468399253,200,Oligo,NA
2,Oligo,3.130466984146023,200,Oligo,NA
3,Oligo,3.130466984146023,200,Oligo,NA
4,Oligo,3.451475559218755,200,Oligo,NA
5,Oligo,2.5666506468399253,200,Oligo,NA
1,OPC,0.5407299108613137,200,Oligo,NA
2,OPC,1.0263850147835645,200,Oligo,NA
3,OPC,0.8521786179656227,200,Oligo,NA
4,OPC,1.2014474667469797,200,Oligo,NA
5,OPC,0.7134225747684956,200,Oligo,NA
1,Astrocyte,3.800596642728854,500,Oligo,NA
2,Astrocyte,4.430939436722526,500,Oligo,NA
3,Astrocyte,3.8319026749319463,500,Oligo,NA
4,Astrocyte,2.171736892142352,500,Oligo,NA
5,Astrocyte,2.7489653756422263,500,Oligo,NA
1,Endo,5.990958982756764,500,Oligo,NA
2,Endo,5.674721590452995,500,Oligo,NA
3,Endo,7.571376194649957,500,Oligo,NA
4,Endo,7.245558892953513,500,Oligo,NA
5,Endo,6.6875198419078234,500,Oligo,NA
1,Excit.Thal,3.364483960442106,500,Oligo,NA
2,Excit.Thal,4.1961540092636405,500,Oligo,NA
3,Excit.Thal,3.2909243949634224,500,Oligo,NA
4,Excit.Thal,2.713932530442333,500,Oligo,NA
5,Excit.Thal,2.293953409290687,500,Oligo,NA
1,LHb.4,2.1037101547253347,500,Oligo,NA
2,LHb.4,1.7071931906227238,500,Oligo,NA
3,LHb.4,3.8979617056795677,500,Oligo,NA
4,LHb.4,3.8354630002085752,500,Oligo,NA
5,LHb.4,3.0404868264788023,500,Oligo,NA
1,LHb.7,1.8243698491814275,500,Oligo,NA
2,LHb.7,1.7807430028549667,500,Oligo,NA
3,LHb.7,3.0298171816225214,500,Oligo,NA
4,LHb.7,3.213113544077208,500,Oligo,NA
5,LHb.7,2.6219535747874727,500,Oligo,NA
1,MHb.1,-7.1176261917538195,500,Oligo,NA
2,MHb.1,-6.750538506116079,500,Oligo,NA
3,MHb.1,-9.708439724663217,500,Oligo,NA
4,MHb.1,-10.050157310167018,500,Oligo,NA
5,MHb.1,-8.47785621259894,500,Oligo,NA
1,MHb.2,-15.847930286692181,500,Oligo,NA
2,MHb.2,-15.239740164669552,500,Oligo,NA
3,MHb.2,-16.324041313632108,500,Oligo,NA
4,MHb.2,-15.606446961320424,500,Oligo,NA
5,MHb.2,-14.615978349525786,500,Oligo,NA
1,MHb.2/Oligo,1.6082023841946533,500,Oligo,NA
2,MHb.2/Oligo,0.894001058530554,500,Oligo,NA
3,MHb.2/Oligo,1.0093380772763823,500,Oligo,NA
4,MHb.2/Oligo,1.3640529446387861,500,Oligo,NA
5,MHb.2/Oligo,1.1260988972278771,500,Oligo,NA
1,Oligo,6.089758761645613,500,Oligo,NA
2,Oligo,5.288827920770068,500,Oligo,NA
3,Oligo,5.974216045500702,500,Oligo,NA
4,Oligo,6.399752998210702,500,Oligo,NA
5,Oligo,5.326557480294041,500,Oligo,NA
1,OPC,1.5187524729443695,500,Oligo,NA
2,OPC,0.7134225747684956,500,Oligo,NA
3,OPC,3.0016854551648287,500,Oligo,NA
4,OPC,4.862021008225121,500,Oligo,NA
5,OPC,3.0386566727347737,500,Oligo,NA
1,Astrocyte,5.981661091298779,1000,Oligo,NA
2,Astrocyte,4.558090642264291,1000,Oligo,NA
3,Astrocyte,5.784773277194037,1000,Oligo,NA
4,Astrocyte,5.264069547699898,1000,Oligo,NA
5,Astrocyte,5.264069547699898,1000,Oligo,NA
1,Endo,9.974074232599488,1000,Oligo,NA
2,Endo,9.880721412725325,1000,Oligo,NA
3,Endo,8.834643314870215,1000,Oligo,NA
4,Endo,8.139015315903228,1000,Oligo,NA
5,Endo,10.664050318531741,1000,Oligo,NA
1,Excit.Thal,3.965114217892801,1000,Oligo,NA
2,Excit.Thal,3.8128825379868005,1000,Oligo,NA
3,Excit.Thal,2.7849688236841668,1000,Oligo,NA
4,Excit.Thal,5.912865139110819,1000,Oligo,NA
5,Excit.Thal,6.618458841836319,1000,Oligo,NA
1,LHb.4,4.277190897423791,1000,Oligo,NA
2,LHb.4,5.803455208650176,1000,Oligo,NA
3,LHb.4,4.086659564214647,1000,Oligo,NA
4,LHb.4,3.464577444984709,1000,Oligo,NA
5,LHb.4,5.872631473604258,1000,Oligo,NA
1,LHb.7,4.629985188424869,1000,Oligo,NA
2,LHb.7,4.533106327656702,1000,Oligo,NA
3,LHb.7,3.2591359634668384,1000,Oligo,NA
4,LHb.7,4.006603565618968,1000,Oligo,NA
5,LHb.7,6.283228799474798,1000,Oligo,NA
1,MHb.1,-14.530339644296305,1000,Oligo,NA
2,MHb.1,-13.441666375885067,1000,Oligo,NA
3,MHb.1,-13.203638829014508,1000,Oligo,NA
4,MHb.1,-12.169941010159315,1000,Oligo,NA
5,MHb.1,-18.502671657810367,1000,Oligo,NA
1,MHb.2,-19.384952091250753,1000,Oligo,NA
2,MHb.2,-18.583121347774483,1000,Oligo,NA
3,MHb.2,-16.027524644348176,1000,Oligo,NA
4,MHb.2,-15.697278038632797,1000,Oligo,NA
5,MHb.2,-17.785840790556396,1000,Oligo,NA
1,MHb.2/Oligo,-0.18879305152969295,1000,Oligo,NA
2,MHb.2/Oligo,1.1260988972278771,1000,Oligo,NA
3,MHb.2/Oligo,1.6082023841946533,1000,Oligo,NA
4,MHb.2/Oligo,0.7800495811123853,1000,Oligo,NA
5,MHb.2/Oligo,1.3640529446387861,1000,Oligo,NA
1,Oligo,9.535490116811864,1000,Oligo,NA
2,Oligo,7.5070622722919325,1000,Oligo,NA
3,Oligo,7.147257710072695,1000,Oligo,NA
4,Oligo,7.5070622722919325,1000,Oligo,NA
5,Oligo,10.26876097595202,1000,Oligo,NA
1,OPC,6.094357958830955,1000,Oligo,NA
2,OPC,5.294102968582228,1000,Oligo,NA
3,OPC,3.9761203520784805,1000,Oligo,NA
4,OPC,1.3421211928119157,1000,Oligo,NA
5,OPC,7.039305694765623,1000,Oligo,NA
1,Astrocyte,14.575192767296622,5000,Oligo,NA
2,Astrocyte,12.51828268553713,5000,Oligo,NA
3,Astrocyte,13.572805474961614,5000,Oligo,NA
4,Astrocyte,12.364425168696666,5000,Oligo,NA
5,Astrocyte,9.33377686126847,5000,Oligo,NA
1,Endo,18.579143355665924,5000,Oligo,NA
2,Endo,15.965629355066262,5000,Oligo,NA
3,Endo,14.336120251960844,5000,Oligo,NA
4,Endo,14.575249650449262,5000,Oligo,NA
5,Endo,15.161109673961489,5000,Oligo,NA
1,Excit.Thal,6.799867374202211,5000,Oligo,NA
2,Excit.Thal,7.262709728765824,5000,Oligo,NA
3,Excit.Thal,5.4034201776043735,5000,Oligo,NA
4,Excit.Thal,7.262709728765824,5000,Oligo,NA
5,Excit.Thal,6.983379753288463,5000,Oligo,NA
1,LHb.4,9.11442910104062,5000,Oligo,NA
2,LHb.4,8.627123177725633,5000,Oligo,NA
3,LHb.4,9.279740452284608,5000,Oligo,NA
4,LHb.4,7.612929287912646,5000,Oligo,NA
5,LHb.4,7.612929287912646,5000,Oligo,NA
1,LHb.7,10.499106532321571,5000,Oligo,NA
2,LHb.7,9.01300314291918,5000,Oligo,NA
3,LHb.7,7.940411153072351,5000,Oligo,NA
4,LHb.7,7.502217780032999,5000,Oligo,NA
5,LHb.7,8.330223953705843,5000,Oligo,NA
1,MHb.1,-31.882320110277558,5000,Oligo,NA
2,MHb.1,-27.329578505438498,5000,Oligo,NA
3,MHb.1,-25.76671743847492,5000,Oligo,NA
4,MHb.1,-27.055903618432055,5000,Oligo,NA
5,MHb.1,-24.907942782103163,5000,Oligo,NA
1,MHb.2,-22.444502840593934,5000,Oligo,NA
2,MHb.2,-23.131657610937605,5000,Oligo,NA
3,MHb.2,-24.6255320881797,5000,Oligo,NA
4,MHb.2,-22.08360326536971,5000,Oligo,NA
5,MHb.2,-19.9593313027189,5000,Oligo,NA
1,MHb.2/Oligo,-1.8802991819458477,5000,Oligo,NA
2,MHb.2/Oligo,-0.7849706661105607,5000,Oligo,NA
3,MHb.2/Oligo,0.018266398955136823,5000,Oligo,NA
4,MHb.2/Oligo,0.12347375229798133,5000,Oligo,NA
5,MHb.2/Oligo,0.12347375229798133,5000,Oligo,NA
1,Oligo,16.391323578363476,5000,Oligo,NA
2,Oligo,14.999270300696521,5000,Oligo,NA
3,Oligo,15.049753246027409,5000,Oligo,NA
4,Oligo,14.251458695759482,5000,Oligo,NA
5,Oligo,12.478014653632686,5000,Oligo,NA
1,OPC,14.526401790979508,5000,Oligo,NA
2,OPC,12.57840116570319,5000,Oligo,NA
3,OPC,14.001574422612304,5000,Oligo,NA
4,OPC,14.210417096286067,5000,Oligo,NA
5,OPC,9.149129588895406,5000,Oligo,NA
1,Astrocyte,-1.0502910489649635,100,OPC,NA
2,Astrocyte,0.10365193985033117,100,OPC,NA
3,Astrocyte,0.06699054463868151,100,OPC,NA
4,Astrocyte,-0.4060209740020081,100,OPC,NA
5,Astrocyte,-1.4030671754734239,100,OPC,NA
1,Endo,0.37864775446052834,100,OPC,NA
2,Endo,0.5776701174158894,100,OPC,NA
3,Endo,0.4922854586664826,100,OPC,NA
4,Endo,0.010952305747927299,100,OPC,NA
5,Endo,0.2086346998195639,100,OPC,NA
1,Excit.Thal,0.16018288602913197,100,OPC,NA
2,Excit.Thal,0.28372114447096736,100,OPC,NA
3,Excit.Thal,0.9794272651455767,100,OPC,NA
4,Excit.Thal,0.5334700609585998,100,OPC,NA
5,Excit.Thal,0.7868843448111132,100,OPC,NA
1,LHb.4,0.34471495506774813,100,OPC,NA
2,LHb.4,0.34471495506774813,100,OPC,NA
3,LHb.4,0.3946355477529828,100,OPC,NA
4,LHb.4,0.6459229972202198,100,OPC,NA
5,LHb.4,0.7472355316437702,100,OPC,NA
1,LHb.7,0.5017957793479001,100,OPC,NA
2,LHb.7,0.4614119899639375,100,OPC,NA
3,LHb.7,0.7452654280739117,100,OPC,NA
4,LHb.7,2.036531921846257,100,OPC,NA
5,LHb.7,1.655698540902891,100,OPC,NA
1,MHb.1,0.4884224116123188,100,OPC,NA
2,MHb.1,0.722067219641579,100,OPC,NA
3,MHb.1,-0.4182456909513959,100,OPC,NA
4,MHb.1,0.5351125795977812,100,OPC,NA
5,MHb.1,0.4884224116123188,100,OPC,NA
1,MHb.2,-4.490340724095711,100,OPC,NA
2,MHb.2,-5.3665523381910525,100,OPC,NA
3,MHb.2,-4.137953359229514,100,OPC,NA
4,MHb.2,-5.223364412103072,100,OPC,NA
5,MHb.2,-5.030718723939612,100,OPC,NA
1,MHb.2/Oligo,-0.15620894434499247,100,OPC,NA
2,MHb.2/Oligo,-0.4807265673905778,100,OPC,NA
3,MHb.2/Oligo,-0.15620894434499247,100,OPC,NA
4,MHb.2/Oligo,-0.7885697203390324,100,OPC,NA
5,MHb.2/Oligo,-0.6366091238996539,100,OPC,NA
1,Oligo,1.6478791090763023,100,OPC,NA
2,Oligo,0.5206053775168724,100,OPC,NA
3,Oligo,0.7338200305462323,100,OPC,NA
4,Oligo,0.015490223578222747,100,OPC,NA
5,Oligo,0.6910450182977659,100,OPC,NA
1,OPC,0.455890573855091,100,OPC,NA
2,OPC,0.3315172424462936,100,OPC,NA
3,OPC,0.3936608006141802,100,OPC,NA
4,OPC,0.4870379014066568,100,OPC,NA
5,OPC,0.6431007251082144,100,OPC,NA
1,Astrocyte,-0.3336785811621,200,OPC,NA
2,Astrocyte,0.4354176461927558,200,OPC,NA
3,Astrocyte,-1.3327992932520583,200,OPC,NA
4,Astrocyte,-0.8011807680958829,200,OPC,NA
5,Astrocyte,-0.7654454566659904,200,OPC,NA
1,Endo,1.064083487089019,200,OPC,NA
2,Endo,2.0504176195474475,200,OPC,NA
3,Endo,2.0797084212665564,200,OPC,NA
4,Endo,1.904208533058812,200,OPC,NA
5,Endo,0.5207320756314117,200,OPC,NA
1,Excit.Thal,0.8508254974422341,200,OPC,NA
2,Excit.Thal,0.9150057737773765,200,OPC,NA
3,Excit.Thal,1.1090023931655837,200,OPC,NA
4,Excit.Thal,1.6373889209674202,200,OPC,NA
5,Excit.Thal,1.8398597668016055,200,OPC,NA
1,LHb.4,1.2608507735186618,200,OPC,NA
2,LHb.4,1.9469659013507907,200,OPC,NA
3,LHb.4,2.1624860287226277,200,OPC,NA
4,LHb.4,2.0006461924575434,200,OPC,NA
5,LHb.4,1.1571698952981373,200,OPC,NA
1,LHb.7,2.6826922944977767,200,OPC,NA
2,LHb.7,1.9090281473117279,200,OPC,NA
3,LHb.7,1.8243378746386334,200,OPC,NA
4,LHb.7,2.1218493690650377,200,OPC,NA
5,LHb.7,3.433200041438464,200,OPC,NA
1,MHb.1,-1.616394886609233,200,OPC,NA
2,MHb.1,-2.4618891757781194,200,OPC,NA
3,MHb.1,-1.3868990375175996,200,OPC,NA
4,MHb.1,-1.1339564339142985,200,OPC,NA
5,MHb.1,-1.202992878903717,200,OPC,NA
1,MHb.2,-7.943563517857577,200,OPC,NA
2,MHb.2,-7.860080306406391,200,OPC,NA
3,MHb.2,-9.313404106325338,200,OPC,NA
4,MHb.2,-9.776396475012733,200,OPC,NA
5,MHb.2,-8.879980750125736,200,OPC,NA
1,MHb.2/Oligo,-0.7885697203390324,200,OPC,NA
2,MHb.2/Oligo,-0.4807265673905778,200,OPC,NA
3,MHb.2/Oligo,-0.3206810591748261,200,OPC,NA
4,MHb.2/Oligo,0.18720082115983222,200,OPC,NA
5,MHb.2/Oligo,-0.3206810591748261,200,OPC,NA
1,Oligo,0.7766615967268322,200,OPC,NA
2,Oligo,-0.19230021239259168,200,OPC,NA
3,Oligo,0.2668993843097113,200,OPC,NA
4,Oligo,1.2960473714462692,200,OPC,NA
5,Oligo,1.1218214629715404,200,OPC,NA
1,OPC,2.5602577606072203,200,OPC,NA
2,OPC,2.7239069044803714,200,OPC,NA
3,OPC,3.384852250774851,200,OPC,NA
4,OPC,1.8474940472222572,200,OPC,NA
5,OPC,2.397229905343628,200,OPC,NA
1,Astrocyte,0.39839221453866763,500,OPC,NA
2,Astrocyte,-0.836878840180504,500,OPC,NA
3,Astrocyte,0.47248411682533414,500,OPC,NA
4,Astrocyte,-2.2696732142549116,500,OPC,NA
5,Astrocyte,0.5467406550501709,500,OPC,NA
1,Endo,3.8075974176505127,500,OPC,NA
2,Endo,4.910469309310045,500,OPC,NA
3,Endo,7.161080000324368,500,OPC,NA
4,Endo,6.2928073512267515,500,OPC,NA
5,Endo,5.377336670678931,500,OPC,NA
1,Excit.Thal,3.781913686319874,500,OPC,NA
2,Excit.Thal,4.246460700261353,500,OPC,NA
3,Excit.Thal,3.1089338598890244,500,OPC,NA
4,Excit.Thal,4.012530676866474,500,OPC,NA
5,Excit.Thal,3.1089338598890244,500,OPC,NA
1,LHb.4,2.7108498241725023,500,OPC,NA
2,LHb.4,3.216607500568514,500,OPC,NA
3,LHb.4,4.749154695605917,500,OPC,NA
4,LHb.4,6.009472889654854,500,OPC,NA
5,LHb.4,4.385472975897949,500,OPC,NA
1,LHb.7,4.066655476312533,500,OPC,NA
2,LHb.7,4.761739252246696,500,OPC,NA
3,LHb.7,6.306128249046475,500,OPC,NA
4,LHb.7,4.902878026420535,500,OPC,NA
5,LHb.7,4.855751355778682,500,OPC,NA
1,MHb.1,-5.279285088732909,500,OPC,NA
2,MHb.1,-6.169374526579057,500,OPC,NA
3,MHb.1,-10.33453131012859,500,OPC,NA
4,MHb.1,-10.356213889612146,500,OPC,NA
5,MHb.1,-9.530679148805167,500,OPC,NA
1,MHb.2,-12.470704207135563,500,OPC,NA
2,MHb.2,-12.840943284407402,500,OPC,NA
3,MHb.2,-15.076789376779319,500,OPC,NA
4,MHb.2,-13.304184755894129,500,OPC,NA
5,MHb.2,-13.007389437027378,500,OPC,NA
1,MHb.2/Oligo,-1.0815903128138544,500,OPC,NA
2,MHb.2/Oligo,-1.3613498978932483,500,OPC,NA
3,MHb.2/Oligo,-1.3613498978932483,500,OPC,NA
4,MHb.2/Oligo,-2.1334322699765695,500,OPC,NA
5,MHb.2/Oligo,-1.6291767572178208,500,OPC,NA
1,Oligo,0.7338200305462323,500,OPC,NA
2,Oligo,0.6910450182977659,500,OPC,NA
3,Oligo,2.54804456649149,500,OPC,NA
4,Oligo,2.685715171606604,500,OPC,NA
5,Oligo,2.1843528350036387,500,OPC,NA
1,OPC,5.014854708225226,500,OPC,NA
2,OPC,5.784004753944471,500,OPC,NA
3,OPC,8.258950538769048,500,OPC,NA
4,OPC,10.144643497002725,500,OPC,NA
5,OPC,8.18390190590037,500,OPC,NA
1,Astrocyte,-1.4381477825294986,1000,OPC,NA
2,Astrocyte,-0.11572071481202498,1000,OPC,NA
3,Astrocyte,1.7966305275869228,1000,OPC,NA
4,Astrocyte,0.6211627942261436,1000,OPC,NA
5,Astrocyte,-1.6827255148542561,1000,OPC,NA
1,Endo,8.344138004103753,1000,OPC,NA
2,Endo,8.078640794749758,1000,OPC,NA
3,Endo,8.980856905504398,1000,OPC,NA
4,Endo,8.078640794749758,1000,OPC,NA
5,Endo,8.644648224866613,1000,OPC,NA
1,Excit.Thal,4.644001679943133,1000,OPC,NA
2,Excit.Thal,3.781913686319874,1000,OPC,NA
3,Excit.Thal,4.48381162294003,1000,OPC,NA
4,Excit.Thal,6.1625357894465,1000,OPC,NA
5,Excit.Thal,5.812384175787874,1000,OPC,NA
1,LHb.4,6.535981328151578,1000,OPC,NA
2,LHb.4,7.843809289575484,1000,OPC,NA
3,LHb.4,5.687126747934223,1000,OPC,NA
4,LHb.4,4.445650073879811,1000,OPC,NA
5,LHb.4,7.561375838603817,1000,OPC,NA
1,LHb.7,6.80735809041225,1000,OPC,NA
2,LHb.7,6.80735809041225,1000,OPC,NA
3,LHb.7,5.092196569535578,1000,OPC,NA
4,LHb.7,7.163872865138287,1000,OPC,NA
5,LHb.7,8.370083340963019,1000,OPC,NA
1,MHb.1,-14.013598011003431,1000,OPC,NA
2,MHb.1,-13.970861501043387,1000,OPC,NA
3,MHb.1,-14.141771642604178,1000,OPC,NA
4,MHb.1,-12.47105046876807,1000,OPC,NA
5,MHb.1,-17.267478890163787,1000,OPC,NA
1,MHb.2,-14.79992413529534,1000,OPC,NA
2,MHb.2,-15.950095410254493,1000,OPC,NA
3,MHb.2,-14.07885317581034,1000,OPC,NA
4,MHb.2,-12.334649927154443,1000,OPC,NA
5,MHb.2,-12.538443417702576,1000,OPC,NA
1,MHb.2/Oligo,-2.7139185695802643,1000,OPC,NA
2,MHb.2/Oligo,-3.936106371151902,1000,OPC,NA
3,MHb.2/Oligo,-1.8862097263694486,1000,OPC,NA
4,MHb.2/Oligo,-2.2536361952705133,1000,OPC,NA
5,MHb.2/Oligo,-2.6017583951152266,1000,OPC,NA
1,Oligo,4.054813325498768,1000,OPC,NA
2,Oligo,4.494675100483135,1000,OPC,NA
3,Oligo,3.3377850578910007,1000,OPC,NA
4,Oligo,2.0941955431045076,1000,OPC,NA
5,Oligo,3.9580674002196647,1000,OPC,NA
1,OPC,12.212065734979848,1000,OPC,NA
2,OPC,12.295520482973867,1000,OPC,NA
3,OPC,9.55750475419621,1000,OPC,NA
4,OPC,6.388494732206323,1000,OPC,NA
5,OPC,13.1833850602892,1000,OPC,NA
1,Astrocyte,7.770895451868875,5000,OPC,NA
2,Astrocyte,6.533693191949667,5000,OPC,NA
3,Astrocyte,5.648793689662274,5000,OPC,NA
4,Astrocyte,5.605214247177878,5000,OPC,NA
5,Astrocyte,1.912651384878736,5000,OPC,NA
1,Endo,16.66288782845335,5000,OPC,NA
2,Endo,15.825843127539253,5000,OPC,NA
3,Endo,13.335629172303404,5000,OPC,NA
4,Endo,13.149953068359265,5000,OPC,NA
5,Endo,13.671874505326013,5000,OPC,NA
1,Excit.Thal,7.842100743489185,5000,OPC,NA
2,Excit.Thal,7.842100743489185,5000,OPC,NA
3,Excit.Thal,6.794568954272353,5000,OPC,NA
4,Excit.Thal,7.073392064498458,5000,OPC,NA
5,Excit.Thal,7.940902772337817,5000,OPC,NA
1,LHb.4,10.583013868545905,5000,OPC,NA
2,LHb.4,10.583013868545905,5000,OPC,NA
3,LHb.4,11.331439670667244,5000,OPC,NA
4,LHb.4,9.549801952150021,5000,OPC,NA
5,LHb.4,9.090519086543717,5000,OPC,NA
1,LHb.7,11.86822732073916,5000,OPC,NA
2,LHb.7,11.141526758293896,5000,OPC,NA
3,LHb.7,9.690595236293577,5000,OPC,NA
4,LHb.7,10.203580065484738,5000,OPC,NA
5,LHb.7,10.78577456591785,5000,OPC,NA
1,MHb.1,-30.92066037234529,5000,OPC,NA
2,MHb.1,-27.269147778081834,5000,OPC,NA
3,MHb.1,-23.95574869473805,5000,OPC,NA
4,MHb.1,-25.00977844622287,5000,OPC,NA
5,MHb.1,-24.208651668863414,5000,OPC,NA
1,MHb.2,-17.786855196186355,5000,OPC,NA
2,MHb.2,-19.491967946104324,5000,OPC,NA
3,MHb.2,-20.759079979267636,5000,OPC,NA
4,MHb.2,-18.310939773578376,5000,OPC,NA
5,MHb.2,-14.644852137960473,5000,OPC,NA
1,MHb.2/Oligo,-3.4519860325136524,5000,OPC,NA
2,MHb.2/Oligo,-3.841802433010001,5000,OPC,NA
3,MHb.2/Oligo,-3.649499037614842,5000,OPC,NA
4,MHb.2/Oligo,-3.351161609137738,5000,OPC,NA
5,MHb.2/Oligo,-3.351161609137738,5000,OPC,NA
1,Oligo,10.472715457013285,5000,OPC,NA
2,Oligo,8.779433399137854,5000,OPC,NA
3,Oligo,8.896565782542611,5000,OPC,NA
4,Oligo,8.031356414559326,5000,OPC,NA
5,Oligo,6.546106932783596,5000,OPC,NA
1,OPC,19.17743209078584,5000,OPC,NA
2,OPC,18.32687484222332,5000,OPC,NA
3,OPC,18.32687484222332,5000,OPC,NA
4,OPC,17.59323274628847,5000,OPC,NA
5,OPC,14.181160614074312,5000,OPC,NA
