perm,neighbor,Z,scale,reference,id
1,Astrocyte,1.3176735405740945,100,Astrocyte,NA
2,Astrocyte,1.6173547171813691,100,Astrocyte,NA
3,Astrocyte,2.02904205878813,100,Astrocyte,NA
4,Astrocyte,1.6805706111584284,100,Astrocyte,NA
5,Astrocyte,1.5226126603472117,100,Astrocyte,NA
1,Endo,0.2943056966806672,100,Astrocyte,NA
2,Endo,0.8194840740992994,100,Astrocyte,NA
3,Endo,0.8194840740992994,100,Astrocyte,NA
4,Endo,0.7171656653380734,100,Astrocyte,NA
5,Endo,0.4107915812038678,100,Astrocyte,NA
1,Excit.Thal,-0.03105069186221986,100,Astrocyte,NA
2,Excit.Thal,-0.11652761125087188,100,Astrocyte,NA
3,Excit.Thal,0.14018700717579186,100,Astrocyte,NA
4,Excit.Thal,-0.013943974817491331,100,Astrocyte,NA
5,Excit.Thal,0.22594837869469142,100,Astrocyte,NA
1,LHb.4,-0.5154038676656172,100,Astrocyte,NA
2,LHb.4,-0.7708279448942261,100,Astrocyte,NA
3,LHb.4,-1.1502890426912389,100,Astrocyte,NA
4,LHb.4,-0.8978005177666675,100,Astrocyte,NA
5,LHb.4,-0.8026169880884092,100,Astrocyte,NA
1,LHb.7,0.23032441177997792,100,Astrocyte,NA
2,LHb.7,0.1226292488664083,100,Astrocyte,NA
3,LHb.7,0.691222181596653,100,Astrocyte,NA
4,LHb.7,0.4194760465210089,100,Astrocyte,NA
5,LHb.7,0.36534332383056833,100,Astrocyte,NA
1,MHb.1,0.43230350089102054,100,Astrocyte,NA
2,MHb.1,-0.6446350663408668,100,Astrocyte,NA
3,MHb.1,-0.9373781414863469,100,Astrocyte,NA
4,MHb.1,-0.7056570022184557,100,Astrocyte,NA
5,MHb.1,-0.47367856823485904,100,Astrocyte,NA
1,MHb.2,-5.055675492772196,100,Astrocyte,NA
2,MHb.2,-3.4612414750279834,100,Astrocyte,NA
3,MHb.2,-4.080401152240886,100,Astrocyte,NA
4,MHb.2,-3.7316926694865162,100,Astrocyte,NA
5,MHb.2,-4.187051721462332,100,Astrocyte,NA
1,MHb.2/Oligo,0.07516423102622072,100,Astrocyte,NA
2,MHb.2/Oligo,0.24285596563478734,100,Astrocyte,NA
3,MHb.2/Oligo,0.6402178200658978,100,Astrocyte,NA
4,MHb.2/Oligo,-0.5807366326081351,100,Astrocyte,NA
5,MHb.2/Oligo,0.24285596563478734,100,Astrocyte,NA
1,Oligo,0.8763181885196886,100,Astrocyte,NA
2,Oligo,0.7916263457270076,100,Astrocyte,NA
3,Oligo,0.6648267569402541,100,Astrocyte,NA
4,Oligo,0.8127873711374047,100,Astrocyte,NA
5,Oligo,1.152450410762715,100,Astrocyte,NA
1,OPC,0.257158888089966,100,Astrocyte,NA
2,OPC,-0.027936929223407937,100,Astrocyte,NA
3,OPC,-0.15387874243962046,100,Astrocyte,NA
4,OPC,0.5767841649021949,100,Astrocyte,NA
5,OPC,0.03521016788311206,100,Astrocyte,NA
1,Astrocyte,4.997452389979471,200,Astrocyte,NA
2,Astrocyte,4.768092392698914,200,Astrocyte,NA
3,Astrocyte,4.278598008616052,200,Astrocyte,NA
4,Astrocyte,4.0510869620061545,200,Astrocyte,NA
5,Astrocyte,4.981049769455862,200,Astrocyte,NA
1,Endo,1.7890306374795124,200,Astrocyte,NA
2,Endo,1.4207430725349266,200,Astrocyte,NA
3,Endo,1.244415379231731,200,Astrocyte,NA
4,Endo,1.5973622991043412,200,Astrocyte,NA
5,Endo,1.7890306374795124,200,Astrocyte,NA
1,Excit.Thal,0.14018700717579186,200,Astrocyte,NA
2,Excit.Thal,0.27745097994717216,200,Astrocyte,NA
3,Excit.Thal,0.1059091069910183,200,Astrocyte,NA
4,Excit.Thal,0.037398885082944616,200,Astrocyte,NA
5,Excit.Thal,-0.13361167842775698,200,Astrocyte,NA
1,LHb.4,-1.2131109056445488,200,Astrocyte,NA
2,LHb.4,-0.9611038997129816,200,Astrocyte,NA
3,LHb.4,-0.8978005177666675,200,Astrocyte,NA
4,LHb.4,-0.8978005177666675,200,Astrocyte,NA
5,LHb.4,-0.8978005177666675,200,Astrocyte,NA
1,LHb.7,0.9647938601459706,200,Astrocyte,NA
2,LHb.7,0.691222181596653,200,Astrocyte,NA
3,LHb.7,0.5279573043066184,200,Astrocyte,NA
4,LHb.7,0.9922525684404765,200,Astrocyte,NA
5,LHb.7,1.2402207340602043,200,Astrocyte,NA
1,MHb.1,-2.298181930843452,200,Astrocyte,NA
2,MHb.1,-2.4797783276179826,200,Astrocyte,NA
3,MHb.1,-1.9709232155863652,200,Astrocyte,NA
4,MHb.1,-1.4851756500079214,200,Astrocyte,NA
5,MHb.1,-1.885997016545963,200,Astrocyte,NA
1,MHb.2,-8.299379311525707,200,Astrocyte,NA
2,MHb.2,-7.305063377821486,200,Astrocyte,NA
3,MHb.2,-7.329614708542396,200,Astrocyte,NA
4,MHb.2,-8.728184004148996,200,Astrocyte,NA
5,MHb.2,-9.479390788619416,200,Astrocyte,NA
1,MHb.2/Oligo,-0.25569885677112064,200,Astrocyte,NA
2,MHb.2/Oligo,0.7553582234503798,200,Astrocyte,NA
3,MHb.2/Oligo,-0.09101038719621297,200,Astrocyte,NA
4,MHb.2/Oligo,0.4120967469316869,200,Astrocyte,NA
5,MHb.2/Oligo,0.6976969592510646,200,Astrocyte,NA
1,Oligo,1.3230551188389972,200,Astrocyte,NA
2,Oligo,1.0460851449928346,200,Astrocyte,NA
3,Oligo,1.6443457560819172,200,Astrocyte,NA
4,Oligo,1.2376879192727939,200,Astrocyte,NA
5,Oligo,0.9823624782481598,200,Astrocyte,NA
1,OPC,0.03521016788311206,200,Astrocyte,NA
2,OPC,0.09847541645217867,200,Astrocyte,NA
3,OPC,0.16185933902995453,200,Astrocyte,NA
4,OPC,0.32084180416741015,200,Astrocyte,NA
5,OPC,0.4165923397194268,200,Astrocyte,NA
1,Astrocyte,9.35339555565579,500,Astrocyte,NA
2,Astrocyte,7.797717556301221,500,Astrocyte,NA
3,Astrocyte,8.820240300533944,500,Astrocyte,NA
4,Astrocyte,7.594670556482798,500,Astrocyte,NA
5,Astrocyte,7.611572827872419,500,Astrocyte,NA
1,Endo,3.110625427112599,500,Astrocyte,NA
2,Endo,3.110625427112599,500,Astrocyte,NA
3,Endo,2.931462438956582,500,Astrocyte,NA
4,Endo,3.484870269983128,500,Astrocyte,NA
5,Endo,2.054989331675187,500,Astrocyte,NA
1,Excit.Thal,2.2254129257041395,500,Astrocyte,NA
2,Excit.Thal,3.737965681634757,500,Astrocyte,NA
3,Excit.Thal,2.525497728218958,500,Astrocyte,NA
4,Excit.Thal,2.2254129257041395,500,Astrocyte,NA
5,Excit.Thal,1.2626134062247487,500,Astrocyte,NA
1,LHb.4,-0.09605248922378533,500,Astrocyte,NA
2,LHb.4,-0.419105592110525,500,Astrocyte,NA
3,LHb.4,0.09932233639991618,500,Astrocyte,NA
4,LHb.4,-0.2902665051565495,500,Astrocyte,NA
5,LHb.4,-0.32252378752881283,500,Astrocyte,NA
1,LHb.7,1.6569061441654336,500,Astrocyte,NA
2,LHb.7,3.0489637459857972,500,Astrocyte,NA
3,LHb.7,4.341811672204338,500,Astrocyte,NA
4,LHb.7,2.446437307796463,500,Astrocyte,NA
5,LHb.7,1.2125937032975513,500,Astrocyte,NA
1,MHb.1,-6.200036393020666,500,Astrocyte,NA
2,MHb.1,-7.2334663482987125,500,Astrocyte,NA
3,MHb.1,-7.008153498422144,500,Astrocyte,NA
4,MHb.1,-4.946747174425427,500,Astrocyte,NA
5,MHb.1,-3.7828448854295726,500,Astrocyte,NA
1,MHb.2,-14.983684565842593,500,Astrocyte,NA
2,MHb.2,-14.13852528750879,500,Astrocyte,NA
3,MHb.2,-15.712637277915015,500,Astrocyte,NA
4,MHb.2,-15.992924620230909,500,Astrocyte,NA
5,MHb.2,-13.741239661976039,500,Astrocyte,NA
1,MHb.2/Oligo,0.07516423102622072,500,Astrocyte,NA
2,MHb.2/Oligo,-0.5269582813807572,500,Astrocyte,NA
3,MHb.2/Oligo,-0.7943062723772171,500,Astrocyte,NA
4,MHb.2/Oligo,1.223365299794918,500,Astrocyte,NA
5,MHb.2/Oligo,0.9878509870491606,500,Astrocyte,NA
1,Oligo,3.1025136881883637,500,Astrocyte,NA
2,Oligo,3.2128875275659463,500,Astrocyte,NA
3,Oligo,3.5231165499132824,500,Astrocyte,NA
4,Oligo,2.5320989348842846,500,Astrocyte,NA
5,Oligo,2.728885129068376,500,Astrocyte,NA
1,OPC,0.4165923397194268,500,Astrocyte,NA
2,OPC,1.0294289894112445,500,Astrocyte,NA
3,OPC,1.32367981725621,500,Astrocyte,NA
4,OPC,0.6410751459975609,500,Astrocyte,NA
5,OPC,0.09847541645217867,500,Astrocyte,NA
1,Astrocyte,12.356808168886133,1000,Astrocyte,NA
2,Astrocyte,12.55378180953314,1000,Astrocyte,NA
3,Astrocyte,10.622359314396961,1000,Astrocyte,NA
4,Astrocyte,10.587336318449825,1000,Astrocyte,NA
5,Astrocyte,11.149475428519843,1000,Astrocyte,NA
1,Endo,7.7879961149283305,1000,Astrocyte,NA
2,Endo,6.6369417322596105,1000,Astrocyte,NA
3,Endo,5.300301730134138,1000,Astrocyte,NA
4,Endo,6.7917182011847546,1000,Astrocyte,NA
5,Endo,7.491186461282203,1000,Astrocyte,NA
1,Excit.Thal,8.241378485232321,1000,Astrocyte,NA
2,Excit.Thal,8.241378485232321,1000,Astrocyte,NA
3,Excit.Thal,6.934027276153427,1000,Astrocyte,NA
4,Excit.Thal,5.355331883095111,1000,Astrocyte,NA
5,Excit.Thal,4.279203515991289,1000,Astrocyte,NA
1,LHb.4,2.330021755462265,1000,Astrocyte,NA
2,LHb.4,2.4000980662350146,1000,Astrocyte,NA
3,LHb.4,1.2630224661623757,1000,Astrocyte,NA
4,LHb.4,0.6925778806085221,1000,Astrocyte,NA
5,LHb.4,1.4667882191376422,1000,Astrocyte,NA
1,LHb.7,3.3100026984737037,1000,Astrocyte,NA
2,LHb.7,2.732221458255939,1000,Astrocyte,NA
3,LHb.7,3.0489637459857972,1000,Astrocyte,NA
4,LHb.7,5.432079125942918,1000,Astrocyte,NA
5,LHb.7,4.701877688058424,1000,Astrocyte,NA
1,MHb.1,-16.33176121601416,1000,Astrocyte,NA
2,MHb.1,-14.895052879736276,1000,Astrocyte,NA
3,MHb.1,-13.011216700304832,1000,Astrocyte,NA
4,MHb.1,-12.79082960808501,1000,Astrocyte,NA
5,MHb.1,-13.33568771659235,1000,Astrocyte,NA
1,MHb.2,-20.05825879396792,1000,Astrocyte,NA
2,MHb.2,-19.562066635221225,1000,Astrocyte,NA
3,MHb.2,-17.888604277262807,1000,Astrocyte,NA
4,MHb.2,-19.488116156531436,1000,Astrocyte,NA
5,MHb.2,-18.402630317616286,1000,Astrocyte,NA
1,MHb.2/Oligo,-0.7943062723772171,1000,Astrocyte,NA
2,MHb.2/Oligo,-1.3177708865418205,1000,Astrocyte,NA
3,MHb.2/Oligo,0.35550902506666876,1000,Astrocyte,NA
4,MHb.2/Oligo,-0.3646804046436921,1000,Astrocyte,NA
5,MHb.2/Oligo,0.07516423102622072,1000,Astrocyte,NA
1,Oligo,6.000720937801045,1000,Astrocyte,NA
2,Oligo,5.445396207896171,1000,Astrocyte,NA
3,Oligo,5.861352378368047,1000,Astrocyte,NA
4,Oligo,5.954224637744284,1000,Astrocyte,NA
5,Oligo,5.192768732252615,1000,Astrocyte,NA
1,OPC,3.21562308029169,1000,Astrocyte,NA
2,OPC,1.9535406026638256,1000,Astrocyte,NA
3,OPC,1.4882802882422346,1000,Astrocyte,NA
4,OPC,1.5543488148210554,1000,Astrocyte,NA
5,OPC,1.4552951051493883,1000,Astrocyte,NA
1,Astrocyte,19.51513642817492,5000,Astrocyte,NA
2,Astrocyte,20.69775888874399,5000,Astrocyte,NA
3,Astrocyte,16.672351692792926,5000,Astrocyte,NA
4,Astrocyte,21.036152105348545,5000,Astrocyte,NA
5,Astrocyte,18.911098091000905,5000,Astrocyte,NA
1,Endo,17.215285001195813,5000,Astrocyte,NA
2,Endo,16.681127390153836,5000,Astrocyte,NA
3,Endo,12.220575713294547,5000,Astrocyte,NA
4,Endo,16.423784208927284,5000,Astrocyte,NA
5,Endo,14.039328523223169,5000,Astrocyte,NA
1,Excit.Thal,15.508151464420623,5000,Astrocyte,NA
2,Excit.Thal,15.486922739159752,5000,Astrocyte,NA
3,Excit.Thal,10.455301840436691,5000,Astrocyte,NA
4,Excit.Thal,15.912772102748367,5000,Astrocyte,NA
5,Excit.Thal,15.000493390842166,5000,Astrocyte,NA
1,LHb.4,6.079417964474873,5000,Astrocyte,NA
2,LHb.4,6.8382029814626355,5000,Astrocyte,NA
3,LHb.4,5.377394090782846,5000,Astrocyte,NA
4,LHb.4,7.204283019849368,5000,Astrocyte,NA
5,LHb.4,6.516428878983343,5000,Astrocyte,NA
1,LHb.7,7.74136195213056,5000,Astrocyte,NA
2,LHb.7,7.643685255690032,5000,Astrocyte,NA
3,LHb.7,4.762210725893182,5000,Astrocyte,NA
4,LHb.7,8.332713118063623,5000,Astrocyte,NA
5,LHb.7,6.871082534295878,5000,Astrocyte,NA
1,MHb.1,-35.28170021978988,5000,Astrocyte,NA
2,MHb.1,-36.34902318883748,5000,Astrocyte,NA
3,MHb.1,-26.941528800232874,5000,Astrocyte,NA
4,MHb.1,-35.9750503692074,5000,Astrocyte,NA
5,MHb.1,-32.71234005687737,5000,Astrocyte,NA
1,MHb.2,-24.32886513671329,5000,Astrocyte,NA
2,MHb.2,-23.97518141265588,5000,Astrocyte,NA
3,MHb.2,-22.30905673918129,5000,Astrocyte,NA
4,MHb.2,-25.09532314849499,5000,Astrocyte,NA
5,MHb.2,-22.9165572716876,5000,Astrocyte,NA
1,MHb.2/Oligo,-0.31026997658242866,5000,Astrocyte,NA
2,MHb.2/Oligo,-0.7943062723772171,5000,Astrocyte,NA
3,MHb.2/Oligo,0.9878509870491606,5000,Astrocyte,NA
4,MHb.2/Oligo,-1.8270404589815485,5000,Astrocyte,NA
5,MHb.2/Oligo,-0.4189312205903,5000,Astrocyte,NA
1,Oligo,12.369759341958872,5000,Astrocyte,NA
2,Oligo,12.396025248885671,5000,Astrocyte,NA
3,Oligo,10.033880162756331,5000,Astrocyte,NA
4,Oligo,12.977308795283548,5000,Astrocyte,NA
5,Oligo,11.30424839963671,5000,Astrocyte,NA
1,OPC,7.128713396778723,5000,Astrocyte,NA
2,OPC,8.739723800351976,5000,Astrocyte,NA
3,OPC,7.207341064709006,5000,Astrocyte,NA
4,OPC,7.883685909402407,5000,Astrocyte,NA
5,OPC,6.545133063590455,5000,Astrocyte,NA
1,Astrocyte,0.5438859227789452,100,Endo,NA
2,Astrocyte,1.0433221371002754,100,Endo,NA
3,Astrocyte,0.9141518685234824,100,Endo,NA
4,Astrocyte,0.9302873193567355,100,Endo,NA
5,Astrocyte,1.2860524442288304,100,Endo,NA
1,Endo,1.0188733027690975,100,Endo,NA
2,Endo,1.0859630288400683,100,Endo,NA
3,Endo,1.3546775389960457,100,Endo,NA
4,Endo,1.2202490254767981,100,Endo,NA
5,Endo,1.2605625902255955,100,Endo,NA
1,Excit.Thal,0.3401247447206863,100,Endo,NA
2,Excit.Thal,0.30726797040167464,100,Endo,NA
3,Excit.Thal,0.3236946920026277,100,Endo,NA
4,Excit.Thal,0.4716853158842106,100,Endo,NA
5,Excit.Thal,0.42232504187909536,100,Endo,NA
1,LHb.4,-0.031108074030629068,100,Endo,NA
2,LHb.4,-0.21316648340234687,100,Endo,NA
3,LHb.4,-0.18288887597879547,100,Endo,NA
4,LHb.4,-0.21316648340234687,100,Endo,NA
5,LHb.4,-0.09189916153539468,100,Endo,NA
1,LHb.7,0.29219946202268127,100,Endo,NA
2,LHb.7,0.26652027037510295,100,Endo,NA
3,LHb.7,0.5498374417620743,100,Endo,NA
4,LHb.7,0.29219946202268127,100,Endo,NA
5,LHb.7,0.36932902479294694,100,Endo,NA
1,MHb.1,-0.3751334693772032,100,Endo,NA
2,MHb.1,-0.3751334693772032,100,Endo,NA
3,MHb.1,-0.9381950032456211,100,Endo,NA
4,MHb.1,-0.7741186370776422,100,Endo,NA
5,MHb.1,-1.0553173271258771,100,Endo,NA
1,MHb.2,-4.039190905867493,100,Endo,NA
2,MHb.2,-3.6941979012104103,100,Endo,NA
3,MHb.2,-3.292189260909187,100,Endo,NA
4,MHb.2,-3.6941979012104103,100,Endo,NA
5,MHb.2,-4.144716250598536,100,Endo,NA
1,MHb.2/Oligo,0.24653593390683287,100,Endo,NA
2,MHb.2/Oligo,-0.5494738419787535,100,Endo,NA
3,MHb.2/Oligo,0.015439121810292333,100,Endo,NA
4,MHb.2/Oligo,-0.2126826031717521,100,Endo,NA
5,MHb.2/Oligo,-0.15592632457966998,100,Endo,NA
1,Oligo,0.5003315093703063,100,Endo,NA
2,Oligo,0.046163619953227784,100,Endo,NA
3,Oligo,0.06672934510802972,100,Endo,NA
4,Oligo,0.2108972485118953,100,Endo,NA
5,Oligo,0.5625450892613595,100,Endo,NA
1,OPC,0.2124584247399732,100,Endo,NA
2,OPC,0.09066552005785243,100,Endo,NA
3,OPC,-4.034724011498171e-4,100,Endo,NA
4,OPC,0.2735133782183726,100,Endo,NA
5,OPC,0.09066552005785243,100,Endo,NA
1,Astrocyte,1.6596084252949692,200,Endo,NA
2,Astrocyte,1.6433321531351124,200,Endo,NA
3,Astrocyte,1.4969880295232534,200,Endo,NA
4,Astrocyte,1.578258721573758,200,Endo,NA
5,Astrocyte,2.0675497997167334,200,Endo,NA
1,Endo,4.005326053999384,200,Endo,NA
2,Endo,3.580130642455175,200,Endo,NA
3,Endo,3.1564006300784073,200,Endo,NA
4,Endo,3.4569620764039293,200,Endo,NA
5,Endo,3.8817302166172327,200,Endo,NA
1,Excit.Thal,0.8841978040242847,200,Endo,NA
2,Excit.Thal,0.900742259517457,200,Endo,NA
3,Excit.Thal,0.6859287311809729,200,Endo,NA
4,Excit.Thal,0.7354503268347559,200,Endo,NA
5,Excit.Thal,0.7850023357953615,200,Endo,NA
1,LHb.4,-6.729857547052429e-4,200,Endo,NA
2,LHb.4,-0.031108074030629068,200,Endo,NA
3,LHb.4,-0.06151678133048321,200,Endo,NA
4,LHb.4,-0.24341803073244062,200,Endo,NA
5,LHb.4,0.1519000674636667,200,Endo,NA
1,LHb.7,1.0175169665846426,200,Endo,NA
2,LHb.7,0.7311072771882321,200,Endo,NA
3,LHb.7,0.9914004302121906,200,Endo,NA
4,LHb.7,1.069797916302041,200,Endo,NA
5,LHb.7,1.1483393845651173,200,Endo,NA
1,MHb.1,-2.455985761352674,200,Endo,NA
2,MHb.1,-2.5141576642551766,200,Endo,NA
3,MHb.1,-2.490890694159185,200,Endo,NA
4,MHb.1,-2.071675285922837,200,Endo,NA
5,MHb.1,-1.6516763771406175,200,Endo,NA
1,MHb.2,-8.430316651012085,200,Endo,NA
2,MHb.2,-7.2805933995935,200,Endo,NA
3,MHb.2,-6.096497661486893,200,Endo,NA
4,MHb.2,-7.931381987250924,200,Endo,NA
5,MHb.2,-10.299125940762064,200,Endo,NA
1,MHb.2/Oligo,0.13061012540988717,200,Endo,NA
2,MHb.2/Oligo,-0.26925832602984684,200,Endo,NA
3,MHb.2/Oligo,-0.26925832602984684,200,Endo,NA
4,MHb.2/Oligo,0.015439121810292333,200,Endo,NA
5,MHb.2/Oligo,-0.437915153913229,200,Endo,NA
1,Oligo,0.5210618071106913,200,Endo,NA
2,Oligo,0.7079755207158515,200,Endo,NA
3,Oligo,0.41748577830703937,200,Endo,NA
4,Oligo,0.6248268338652719,200,Endo,NA
5,Oligo,0.355430518742474,200,Endo,NA
1,OPC,0.334674576440467,200,Endo,NA
2,OPC,0.2735133782183726,200,Endo,NA
3,OPC,0.5188000151798481,200,Endo,NA
4,OPC,0.42661653767119834,200,Endo,NA
5,OPC,0.6420895997179182,200,Endo,NA
1,Astrocyte,4.137954890704086,500,Endo,NA
2,Astrocyte,3.5030247950375295,500,Endo,NA
3,Astrocyte,4.087649226811146,500,Endo,NA
4,Astrocyte,3.2703369525040262,500,Endo,NA
5,Astrocyte,3.453107620275781,500,Endo,NA
1,Endo,8.014688647352402,500,Endo,NA
2,Endo,7.901072627504184,500,Endo,NA
3,Endo,7.943665683187331,500,Endo,NA
4,Endo,7.915268587452064,500,Endo,NA
5,Endo,7.249911310015305,500,Endo,NA
1,Excit.Thal,2.5388998863496752,500,Endo,NA
2,Excit.Thal,3.115216336693805,500,Endo,NA
3,Excit.Thal,2.9792337629811843,500,Endo,NA
4,Excit.Thal,2.7248959351471864,500,Endo,NA
5,Excit.Thal,2.3533392674220104,500,Endo,NA
1,LHb.4,0.7378264077129919,500,Endo,NA
2,LHb.4,0.48992084084317855,500,Endo,NA
3,LHb.4,1.1130281448605104,500,Endo,NA
4,LHb.4,0.9562013732773157,500,Endo,NA
5,LHb.4,0.5517321558163728,500,Endo,NA
1,LHb.7,1.4639578401449302,500,Endo,NA
2,LHb.7,2.8321319881853424,500,Endo,NA
3,LHb.7,3.965196002328597,500,Endo,NA
4,LHb.7,2.696022729599522,500,Endo,NA
5,LHb.7,1.702215019399487,500,Endo,NA
1,MHb.1,-7.258660465770759,500,Endo,NA
2,MHb.1,-6.6763674065708445,500,Endo,NA
3,MHb.1,-7.634723629886694,500,Endo,NA
4,MHb.1,-5.450232108717442,500,Endo,NA
5,MHb.1,-5.7831554940469685,500,Endo,NA
1,MHb.2,-14.112415686158064,500,Endo,NA
2,MHb.2,-14.726436432088347,500,Endo,NA
3,MHb.2,-16.342942843225547,500,Endo,NA
4,MHb.2,-16.83032834199513,500,Endo,NA
5,MHb.2,-14.029890712540983,500,Endo,NA
1,MHb.2/Oligo,0.3047854236507164,500,Endo,NA
2,MHb.2/Oligo,-0.8800384923980658,500,Endo,NA
3,MHb.2/Oligo,-1.1509392557855032,500,Endo,NA
4,MHb.2/Oligo,-0.5494738419787535,500,Endo,NA
5,MHb.2/Oligo,-0.041866804115982696,500,Endo,NA
1,Oligo,1.991376594426782,500,Endo,NA
2,Oligo,1.398648083527186,500,Endo,NA
3,Oligo,2.5904333282225807,500,Endo,NA
4,Oligo,1.8426077420093494,500,Endo,NA
5,Oligo,1.7365849603752828,500,Endo,NA
1,OPC,1.1083349948877124,500,Endo,NA
2,OPC,1.0145865827767684,500,Endo,NA
3,OPC,1.7398634019849675,500,Endo,NA
4,OPC,0.9522273113890417,500,Endo,NA
5,OPC,0.7348424600900019,500,Endo,NA
1,Astrocyte,7.145378621418094,1000,Endo,NA
2,Astrocyte,6.572834244285509,1000,Endo,NA
3,Astrocyte,6.090240868600454,1000,Endo,NA
4,Astrocyte,6.417397020480622,1000,Endo,NA
5,Astrocyte,6.417397020480622,1000,Endo,NA
1,Endo,13.336985287870489,1000,Endo,NA
2,Endo,11.169179307084665,1000,Endo,NA
3,Endo,11.490950761570208,1000,Endo,NA
4,Endo,13.232792116163788,1000,Endo,NA
5,Endo,13.45618383849655,1000,Endo,NA
1,Excit.Thal,8.358208639198589,1000,Endo,NA
2,Excit.Thal,7.922384229422011,1000,Endo,NA
3,Excit.Thal,7.471060244885463,1000,Endo,NA
4,Excit.Thal,6.968747723154999,1000,Endo,NA
5,Excit.Thal,5.306176292321468,1000,Endo,NA
1,LHb.4,3.8946724993043076,1000,Endo,NA
2,LHb.4,2.98631973076115,1000,Endo,NA
3,LHb.4,2.919990167922446,1000,Endo,NA
4,LHb.4,1.779568939163838,1000,Endo,NA
5,LHb.4,2.39394183043405,1000,Endo,NA
1,LHb.7,3.993218886496557,1000,Endo,NA
2,LHb.7,2.5603516376960647,1000,Endo,NA
3,LHb.7,3.853292408452558,1000,Endo,NA
4,LHb.7,5.856562654857643,1000,Endo,NA
5,LHb.7,5.303148197479861,1000,Endo,NA
1,MHb.1,-16.994382344659442,1000,Endo,NA
2,MHb.1,-13.558602923529088,1000,Endo,NA
3,MHb.1,-14.404431255925024,1000,Endo,NA
4,MHb.1,-15.247931636263699,1000,Endo,NA
5,MHb.1,-15.325507883237135,1000,Endo,NA
1,MHb.2,-20.483391554843415,1000,Endo,NA
2,MHb.2,-20.42954869515266,1000,Endo,NA
3,MHb.2,-19.266279368479196,1000,Endo,NA
4,MHb.2,-20.590897860242418,1000,Endo,NA
5,MHb.2,-19.3214460451277,1000,Endo,NA
1,MHb.2/Oligo,-2.1958154236649277,1000,Endo,NA
2,MHb.2/Oligo,-2.1958154236649277,1000,Endo,NA
3,MHb.2/Oligo,-1.1509392557855032,1000,Endo,NA
4,MHb.2/Oligo,-1.5235046895021198,1000,Endo,NA
5,MHb.2/Oligo,-1.6285621037394034,1000,Endo,NA
1,Oligo,4.784243409994714,1000,Endo,NA
2,Oligo,4.227564131407864,1000,Endo,NA
3,Oligo,4.183272416901717,1000,Endo,NA
4,Oligo,4.3606535880055635,1000,Endo,NA
5,Oligo,4.717142982726929,1000,Endo,NA
1,OPC,2.873564387243791,1000,Endo,NA
2,OPC,2.70930289566525,1000,Endo,NA
3,OPC,2.059993165792286,1000,Endo,NA
4,OPC,2.1888799697689487,1000,Endo,NA
5,OPC,2.2535043524287963,1000,Endo,NA
1,Astrocyte,14.710682392082703,5000,Endo,NA
2,Astrocyte,16.028712311917246,5000,Endo,NA
3,Astrocyte,11.29279138566633,5000,Endo,NA
4,Astrocyte,15.716476533417582,5000,Endo,NA
5,Astrocyte,13.889083953476597,5000,Endo,NA
1,Endo,22.9927761832673,5000,Endo,NA
2,Endo,23.18880870611811,5000,Endo,NA
3,Endo,17.418442078089935,5000,Endo,NA
4,Endo,23.107082259758233,5000,Endo,NA
5,Endo,20.144281763646443,5000,Endo,NA
1,Excit.Thal,17.068103106735123,5000,Endo,NA
2,Excit.Thal,17.10917642219637,5000,Endo,NA
3,Excit.Thal,10.80172306107699,5000,Endo,NA
4,Excit.Thal,17.191395003303647,5000,Endo,NA
5,Excit.Thal,15.786369960256064,5000,Endo,NA
1,LHb.4,7.605038572995316,5000,Endo,NA
2,LHb.4,7.796181164290696,5000,Endo,NA
3,LHb.4,6.444115441998751,5000,Endo,NA
4,LHb.4,8.065667705872537,5000,Endo,NA
5,LHb.4,7.000749423696333,5000,Endo,NA
1,LHb.7,9.185303126031645,5000,Endo,NA
2,LHb.7,8.428500008283786,5000,Endo,NA
3,LHb.7,5.216442733982814,5000,Endo,NA
4,LHb.7,9.153483203125363,5000,Endo,NA
5,LHb.7,7.593748425262129,5000,Endo,NA
1,MHb.1,-36.4588825303001,5000,Endo,NA
2,MHb.1,-37.824282933199484,5000,Endo,NA
3,MHb.1,-26.02178394072708,5000,Endo,NA
4,MHb.1,-36.86129573503835,5000,Endo,NA
5,MHb.1,-33.42401619822816,5000,Endo,NA
1,MHb.2,-26.621444593539987,5000,Endo,NA
2,MHb.2,-26.621444593539987,5000,Endo,NA
3,MHb.2,-24.030158640541718,5000,Endo,NA
4,MHb.2,-27.175365137126285,5000,Endo,NA
5,MHb.2,-24.842409255290654,5000,Endo,NA
1,MHb.2/Oligo,-1.8368769613765692,5000,Endo,NA
2,MHb.2/Oligo,-2.397818683961359,5000,Endo,NA
3,MHb.2/Oligo,-0.6049931823662749,5000,Endo,NA
4,MHb.2/Oligo,-2.9909265047802935,5000,Endo,NA
5,MHb.2/Oligo,-1.9401501657205946,5000,Endo,NA
1,Oligo,11.471785147277998,5000,Endo,NA
2,Oligo,12.007233746730927,5000,Endo,NA
3,Oligo,7.9640277077230195,5000,Endo,NA
4,Oligo,11.497158231598744,5000,Endo,NA
5,Oligo,11.017166662583028,5000,Endo,NA
1,OPC,7.112794293636271,5000,Endo,NA
2,OPC,9.273750537822139,5000,Endo,NA
3,OPC,7.000933886506784,5000,Endo,NA
4,OPC,7.83017123316478,5000,Endo,NA
5,OPC,6.155635089751466,5000,Endo,NA
1,Astrocyte,0.22017869532232603,100,Excit.Thal,NA
2,Astrocyte,0.7764246083235637,100,Excit.Thal,NA
3,Astrocyte,0.664852082437219,100,Excit.Thal,NA
4,Astrocyte,0.31260695613412376,100,Excit.Thal,NA
5,Astrocyte,0.7392156806343156,100,Excit.Thal,NA
1,Endo,0.5275012472863155,100,Excit.Thal,NA
2,Endo,0.6542851598537204,100,Excit.Thal,NA
3,Endo,1.0195830956038407,100,Excit.Thal,NA
4,Endo,1.2265813328781123,100,Excit.Thal,NA
5,Endo,0.6860033300991573,100,Excit.Thal,NA
1,Excit.Thal,0.6142281951750415,100,Excit.Thal,NA
2,Excit.Thal,0.4775495344052786,100,Excit.Thal,NA
3,Excit.Thal,0.8196285183215372,100,Excit.Thal,NA
4,Excit.Thal,0.7853631512123569,100,Excit.Thal,NA
5,Excit.Thal,0.5117001541267572,100,Excit.Thal,NA
1,LHb.4,0.2030658347667907,100,Excit.Thal,NA
2,LHb.4,0.7331800697143481,100,Excit.Thal,NA
3,LHb.4,0.23403186941543735,100,Excit.Thal,NA
4,LHb.4,0.420394114825075,100,Excit.Thal,NA
5,LHb.4,0.3270913592473128,100,Excit.Thal,NA
1,LHb.7,1.016560429960799,100,Excit.Thal,NA
2,LHb.7,0.8735844535748104,100,Excit.Thal,NA
3,LHb.7,0.9021388284751443,100,Excit.Thal,NA
4,LHb.7,0.8165366857579793,100,Excit.Thal,NA
5,LHb.7,0.7311169596635446,100,Excit.Thal,NA
1,MHb.1,-0.8205596486293785,100,Excit.Thal,NA
2,MHb.1,-1.0345169462578345,100,Excit.Thal,NA
3,MHb.1,-1.2316091107014238,100,Excit.Thal,NA
4,MHb.1,-1.2316091107014238,100,Excit.Thal,NA
5,MHb.1,-1.2644200299971062,100,Excit.Thal,NA
1,MHb.2,-1.7737767117134375,100,Excit.Thal,NA
2,MHb.2,-2.467880747526667,100,Excit.Thal,NA
3,MHb.2,-3.5106610899721757,100,Excit.Thal,NA
4,MHb.2,-2.8535646164812576,100,Excit.Thal,NA
5,MHb.2,-2.4191249647986712,100,Excit.Thal,NA
1,MHb.2/Oligo,-1.28199989730686,100,Excit.Thal,NA
2,MHb.2/Oligo,-1.0936762529827184,100,Excit.Thal,NA
3,MHb.2/Oligo,-1.28199989730686,100,Excit.Thal,NA
4,MHb.2/Oligo,-1.7376009562323453,100,Excit.Thal,NA
5,MHb.2/Oligo,-0.9016392939773831,100,Excit.Thal,NA
1,Oligo,-1.0168198569974178,100,Excit.Thal,NA
2,Oligo,-1.4425583421985713,100,Excit.Thal,NA
3,Oligo,-1.0405681160040823,100,Excit.Thal,NA
4,Oligo,-1.3246633598227047,100,Excit.Thal,NA
5,Oligo,-0.8025709460979509,100,Excit.Thal,NA
1,OPC,0.4614761147775284,100,Excit.Thal,NA
2,OPC,0.49355160852747926,100,Excit.Thal,NA
3,OPC,0.3974145328197968,100,Excit.Thal,NA
4,OPC,0.6543787754547141,100,Excit.Thal,NA
5,OPC,0.49355160852747926,100,Excit.Thal,NA
1,Astrocyte,1.0187255204616397,200,Excit.Thal,NA
2,Astrocyte,1.449309820011279,200,Excit.Thal,NA
3,Astrocyte,1.2056364037375022,200,Excit.Thal,NA
4,Astrocyte,0.9254417930544387,200,Excit.Thal,NA
5,Astrocyte,1.1682174783558135,200,Excit.Thal,NA
1,Endo,2.2834603720017226,200,Excit.Thal,NA
2,Endo,2.52507428789548,200,Excit.Thal,NA
3,Endo,1.4339625007913204,200,Excit.Thal,NA
4,Endo,1.1947105940364733,200,Excit.Thal,NA
5,Endo,1.417996445865108,200,Excit.Thal,NA
1,Excit.Thal,2.3228116328798367,200,Excit.Thal,NA
2,Excit.Thal,2.4099672610477825,200,Excit.Thal,NA
3,Excit.Thal,2.444853281031702,200,Excit.Thal,NA
4,Excit.Thal,2.0097505632871457,200,Excit.Thal,NA
5,Excit.Thal,1.7496956885326576,200,Excit.Thal,NA
1,LHb.4,1.143964249411839,200,Excit.Thal,NA
2,LHb.4,1.2713243619998342,200,Excit.Thal,NA
3,LHb.4,1.3991454589394885,200,Excit.Thal,NA
4,LHb.4,0.48273185830702153,200,Excit.Thal,NA
5,LHb.4,1.2075869311176826,200,Excit.Thal,NA
1,LHb.7,1.9439481407637877,200,Excit.Thal,NA
2,LHb.7,2.1202710123426676,200,Excit.Thal,NA
3,LHb.7,2.1202710123426676,200,Excit.Thal,NA
4,LHb.7,2.0026351604881607,200,Excit.Thal,NA
5,LHb.7,2.297384054929493,200,Excit.Thal,NA
1,MHb.1,-3.4870185572321577,200,Excit.Thal,NA
2,MHb.1,-4.079130293540073,200,Excit.Thal,NA
3,MHb.1,-3.903447918357204,200,Excit.Thal,NA
4,MHb.1,-3.052795453655567,200,Excit.Thal,NA
5,MHb.1,-2.6652764576697656,200,Excit.Thal,NA
1,MHb.2,-8.227463425303531,200,Excit.Thal,NA
2,MHb.2,-8.59190469608285,200,Excit.Thal,NA
3,MHb.2,-5.021185745592163,200,Excit.Thal,NA
4,MHb.2,-5.276370306061084,200,Excit.Thal,NA
5,MHb.2,-7.365328352864216,200,Excit.Thal,NA
1,MHb.2/Oligo,-1.3748202493976824,200,Excit.Thal,NA
2,MHb.2/Oligo,-0.9016392939773831,200,Excit.Thal,NA
3,MHb.2/Oligo,-2.992136616358461,200,Excit.Thal,NA
4,MHb.2/Oligo,-2.1732436599298532,200,Excit.Thal,NA
5,MHb.2/Oligo,-2.7532506123591083,200,Excit.Thal,NA
1,Oligo,-1.560174658451618,200,Excit.Thal,NA
2,Oligo,-1.607143541005695,200,Excit.Thal,NA
3,Oligo,-1.9346940067448017,200,Excit.Thal,NA
4,Oligo,-1.0880304988306813,200,Excit.Thal,NA
5,Oligo,-1.4425583421985713,200,Excit.Thal,NA
1,OPC,1.2724871116705456,200,Excit.Thal,NA
2,OPC,0.9783087006967476,200,Excit.Thal,NA
3,OPC,1.338205371670042,200,Excit.Thal,NA
4,OPC,1.1741462136138932,200,Excit.Thal,NA
5,OPC,1.338205371670042,200,Excit.Thal,NA
1,Astrocyte,3.0047565259572715,500,Excit.Thal,NA
2,Astrocyte,2.3558957312651647,500,Excit.Thal,NA
3,Astrocyte,2.60332395787692,500,Excit.Thal,NA
4,Astrocyte,2.3368966279689602,500,Excit.Thal,NA
5,Astrocyte,2.033563509498328,500,Excit.Thal,NA
1,Endo,3.285603490560024,500,Excit.Thal,NA
2,Endo,4.084217027237372,500,Excit.Thal,NA
3,Endo,4.035151567585655,500,Excit.Thal,NA
4,Endo,5.268621814561088,500,Excit.Thal,NA
5,Endo,3.4806363871843327,500,Excit.Thal,NA
1,Excit.Thal,6.716846485590054,500,Excit.Thal,NA
2,Excit.Thal,7.13937871964901,500,Excit.Thal,NA
3,Excit.Thal,6.296414291690721,500,Excit.Thal,NA
4,Excit.Thal,6.041513752320834,500,Excit.Thal,NA
5,Excit.Thal,5.859907255519736,500,Excit.Thal,NA
1,LHb.4,3.4764149061783556,500,Excit.Thal,NA
2,LHb.4,2.670405471427598,500,Excit.Thal,NA
3,LHb.4,3.2393843745986026,500,Excit.Thal,NA
4,LHb.4,3.2393843745986026,500,Excit.Thal,NA
5,LHb.4,3.1382952896038305,500,Excit.Thal,NA
1,LHb.7,2.534778835130455,500,Excit.Thal,NA
2,LHb.7,4.865017899944842,500,Excit.Thal,NA
3,LHb.7,6.776539840347486,500,Excit.Thal,NA
4,LHb.7,4.144943235155949,500,Excit.Thal,NA
5,LHb.7,2.208728227273195,500,Excit.Thal,NA
1,MHb.1,-10.14586587027261,500,Excit.Thal,NA
2,MHb.1,-10.206272579867484,500,Excit.Thal,NA
3,MHb.1,-11.27337964957213,500,Excit.Thal,NA
4,MHb.1,-10.236464266550144,500,Excit.Thal,NA
5,MHb.1,-9.17507123043865,500,Excit.Thal,NA
1,MHb.2,-14.353532227766861,500,Excit.Thal,NA
2,MHb.2,-16.371474198289576,500,Excit.Thal,NA
3,MHb.2,-17.045973120254132,500,Excit.Thal,NA
4,MHb.2,-15.436198927721657,500,Excit.Thal,NA
5,MHb.2,-12.74425446670439,500,Excit.Thal,NA
1,MHb.2/Oligo,-3.1483975521779075,500,Excit.Thal,NA
2,MHb.2/Oligo,-3.751232986265494,500,Excit.Thal,NA
3,MHb.2/Oligo,-4.111431732209137,500,Excit.Thal,NA
4,MHb.2/Oligo,-3.751232986265494,500,Excit.Thal,NA
5,MHb.2/Oligo,-2.4258671206043583,500,Excit.Thal,NA
1,Oligo,0.3805518533422169,500,Excit.Thal,NA
2,Oligo,0.7978103899846168,500,Excit.Thal,NA
3,Oligo,1.593129118331153,500,Excit.Thal,NA
4,Oligo,-0.6352880009901916,500,Excit.Thal,NA
5,Oligo,-0.2507795368363439,500,Excit.Thal,NA
1,OPC,3.1278278809656954,500,Excit.Thal,NA
2,OPC,2.407349155671552,500,Excit.Thal,NA
3,OPC,3.441407997898036,500,Excit.Thal,NA
4,OPC,3.1278278809656954,500,Excit.Thal,NA
5,OPC,3.3016757298057935,500,Excit.Thal,NA
1,Astrocyte,6.841230721488966,1000,Excit.Thal,NA
2,Astrocyte,7.858859906821442,1000,Excit.Thal,NA
3,Astrocyte,6.177500468689969,1000,Excit.Thal,NA
4,Astrocyte,4.711067067528445,1000,Excit.Thal,NA
5,Astrocyte,4.9075052690835745,1000,Excit.Thal,NA
1,Endo,10.564280647188932,1000,Excit.Thal,NA
2,Endo,9.956106169343526,1000,Excit.Thal,NA
3,Endo,8.494501637569428,1000,Excit.Thal,NA
4,Endo,8.187709424078227,1000,Excit.Thal,NA
5,Endo,9.57574021316554,1000,Excit.Thal,NA
1,Excit.Thal,15.40919363667753,1000,Excit.Thal,NA
2,Excit.Thal,15.083224764514936,1000,Excit.Thal,NA
3,Excit.Thal,13.792918073490593,1000,Excit.Thal,NA
4,Excit.Thal,12.013694557058923,1000,Excit.Thal,NA
5,Excit.Thal,8.71967053328021,1000,Excit.Thal,NA
1,LHb.4,7.131207322833985,1000,Excit.Thal,NA
2,LHb.4,6.867336438453351,1000,Excit.Thal,NA
3,LHb.4,6.382744968868826,1000,Excit.Thal,NA
4,LHb.4,3.920985010706366,1000,Excit.Thal,NA
5,LHb.4,4.476169790622163,1000,Excit.Thal,NA
1,LHb.7,5.055098711907263,1000,Excit.Thal,NA
2,LHb.7,4.26921288190069,1000,Excit.Thal,NA
3,LHb.7,6.1177582749178905,1000,Excit.Thal,NA
4,LHb.7,7.5147193488447,1000,Excit.Thal,NA
5,LHb.7,6.676989092609931,1000,Excit.Thal,NA
1,MHb.1,-24.67947750721612,1000,Excit.Thal,NA
2,MHb.1,-24.094108374529764,1000,Excit.Thal,NA
3,MHb.1,-22.875804507924844,1000,Excit.Thal,NA
4,MHb.1,-18.964908219614802,1000,Excit.Thal,NA
5,MHb.1,-18.964908219614802,1000,Excit.Thal,NA
1,MHb.2,-23.967088256470156,1000,Excit.Thal,NA
2,MHb.2,-23.617238883731474,1000,Excit.Thal,NA
3,MHb.2,-21.50378551601051,1000,Excit.Thal,NA
4,MHb.2,-21.19349315600013,1000,Excit.Thal,NA
5,MHb.2,-20.059474857911074,1000,Excit.Thal,NA
1,MHb.2/Oligo,-5.190583634731854,1000,Excit.Thal,NA
2,MHb.2/Oligo,-5.816242459107743,1000,Excit.Thal,NA
3,MHb.2/Oligo,-4.528501170749717,1000,Excit.Thal,NA
4,MHb.2/Oligo,-4.664089032098074,1000,Excit.Thal,NA
5,MHb.2/Oligo,-4.596502220662862,1000,Excit.Thal,NA
1,Oligo,3.354341350083689,1000,Excit.Thal,NA
2,Oligo,3.354341350083689,1000,Excit.Thal,NA
3,Oligo,3.1726612366261375,1000,Excit.Thal,NA
4,Oligo,1.6181955480684305,1000,Excit.Thal,NA
5,Oligo,2.0969635635419888,1000,Excit.Thal,NA
1,OPC,5.686156290646546,1000,Excit.Thal,NA
2,OPC,5.055292593097483,1000,Excit.Thal,NA
3,OPC,4.544705514977377,1000,Excit.Thal,NA
4,OPC,3.7226408811259337,1000,Excit.Thal,NA
5,OPC,4.436315178394443,1000,Excit.Thal,NA
1,Astrocyte,15.483999627034246,5000,Excit.Thal,NA
2,Astrocyte,16.013911713097627,5000,Excit.Thal,NA
3,Astrocyte,11.304984374460904,5000,Excit.Thal,NA
4,Astrocyte,16.711659542411088,5000,Excit.Thal,NA
5,Astrocyte,14.076542016105524,5000,Excit.Thal,NA
1,Endo,20.52175201462836,5000,Excit.Thal,NA
2,Endo,21.537638284316134,5000,Excit.Thal,NA
3,Endo,14.80505641954184,5000,Excit.Thal,NA
4,Endo,21.911823995373048,5000,Excit.Thal,NA
5,Endo,18.070173469880157,5000,Excit.Thal,NA
1,Excit.Thal,26.10568278974234,5000,Excit.Thal,NA
2,Excit.Thal,25.58782790101773,5000,Excit.Thal,NA
3,Excit.Thal,17.941588841156637,5000,Excit.Thal,NA
4,Excit.Thal,25.494080228697964,5000,Excit.Thal,NA
5,Excit.Thal,23.89617054895337,5000,Excit.Thal,NA
1,LHb.4,10.937697736329426,5000,Excit.Thal,NA
2,LHb.4,11.711761626654672,5000,Excit.Thal,NA
3,LHb.4,10.181692561122924,5000,Excit.Thal,NA
4,LHb.4,12.638976745712249,5000,Excit.Thal,NA
5,LHb.4,10.768169125131099,5000,Excit.Thal,NA
1,LHb.7,10.733474096431351,5000,Excit.Thal,NA
2,LHb.7,10.36573746525259,5000,Excit.Thal,NA
3,LHb.7,6.379898568165863,5000,Excit.Thal,NA
4,LHb.7,11.367233949794446,5000,Excit.Thal,NA
5,LHb.7,10.074177636231337,5000,Excit.Thal,NA
1,MHb.1,-47.20806421430151,5000,Excit.Thal,NA
2,MHb.1,-48.60884817273935,5000,Excit.Thal,NA
3,MHb.1,-35.399849659726684,5000,Excit.Thal,NA
4,MHb.1,-48.571707981486895,5000,Excit.Thal,NA
5,MHb.1,-44.64355645854756,5000,Excit.Thal,NA
1,MHb.2,-29.681331787756832,5000,Excit.Thal,NA
2,MHb.2,-29.69893071230136,5000,Excit.Thal,NA
3,MHb.2,-26.15037544051394,5000,Excit.Thal,NA
4,MHb.2,-31.236682561355327,5000,Excit.Thal,NA
5,MHb.2,-26.837384156894828,5000,Excit.Thal,NA
1,MHb.2/Oligo,-6.176122963492084,5000,Excit.Thal,NA
2,MHb.2/Oligo,-6.752799218806806,5000,Excit.Thal,NA
3,MHb.2/Oligo,-4.798044490876418,5000,Excit.Thal,NA
4,MHb.2/Oligo,-6.467911449210369,5000,Excit.Thal,NA
5,MHb.2/Oligo,-5.876991784842393,5000,Excit.Thal,NA
1,Oligo,10.5440315599992,5000,Excit.Thal,NA
2,Oligo,10.727088450917009,5000,Excit.Thal,NA
3,Oligo,6.444905970339643,5000,Excit.Thal,NA
4,Oligo,11.188082052483022,5000,Excit.Thal,NA
5,Oligo,9.99936140871495,5000,Excit.Thal,NA
1,OPC,10.398348164882941,5000,Excit.Thal,NA
2,OPC,12.9760000662957,5000,Excit.Thal,NA
3,OPC,10.052978467072776,5000,Excit.Thal,NA
4,OPC,11.728421990652665,5000,Excit.Thal,NA
5,OPC,8.625843661646188,5000,Excit.Thal,NA
1,Astrocyte,-0.5838498867078149,100,LHb.4,NA
2,Astrocyte,-0.03853696037358781,100,LHb.4,NA
3,Astrocyte,0.09853864474442553,100,LHb.4,NA
4,Astrocyte,-0.19807828649552958,100,LHb.4,NA
5,Astrocyte,0.3276722250973694,100,LHb.4,NA
1,Endo,-0.889939450614915,100,LHb.4,NA
2,Endo,-1.3022901282766026,100,LHb.4,NA
3,Endo,-1.361043090521553,100,LHb.4,NA
4,Endo,-1.3022901282766026,100,LHb.4,NA
5,Endo,-1.1061692390825868,100,LHb.4,NA
1,Excit.Thal,2.51443375748562,100,LHb.4,NA
2,Excit.Thal,3.0102355288879825,100,LHb.4,NA
3,Excit.Thal,3.2890643287670644,100,LHb.4,NA
4,Excit.Thal,3.1495431016324775,100,LHb.4,NA
5,Excit.Thal,2.9704724329946517,100,LHb.4,NA
1,LHb.4,1.2187726705560666,100,LHb.4,NA
2,LHb.4,0.7654188379838206,100,LHb.4,NA
3,LHb.4,0.8620918206911892,100,LHb.4,NA
4,LHb.4,1.5789968178064857,100,LHb.4,NA
5,LHb.4,0.8943732104210872,100,LHb.4,NA
1,LHb.7,-0.04626891591866685,100,LHb.4,NA
2,LHb.7,-0.6370611842497241,100,LHb.4,NA
3,LHb.7,-0.04626891591866685,100,LHb.4,NA
4,LHb.7,-1.2916840879205556,100,LHb.4,NA
5,LHb.7,-0.6370611842497241,100,LHb.4,NA
1,MHb.1,-1.6036773701050617,100,LHb.4,NA
2,MHb.1,-1.5805097794145238,100,LHb.4,NA
3,MHb.1,-2.568617538012476,100,LHb.4,NA
4,MHb.1,-1.927071656450771,100,LHb.4,NA
5,MHb.1,-2.2028672046318665,100,LHb.4,NA
1,MHb.2,-1.098936646403586,100,LHb.4,NA
2,MHb.2,-1.9207697040362213,100,LHb.4,NA
3,MHb.2,-2.064562937779307,100,LHb.4,NA
4,MHb.2,-2.3473395709446394,100,LHb.4,NA
5,MHb.2,-1.4792368148051667,100,LHb.4,NA
1,MHb.2/Oligo,-1.457597457018451,100,LHb.4,NA
2,MHb.2/Oligo,-0.6154957857266556,100,LHb.4,NA
3,MHb.2/Oligo,0.18588777211788812,100,LHb.4,NA
4,MHb.2/Oligo,-1.1891479763259905,100,LHb.4,NA
5,MHb.2/Oligo,-2.3187826234125115,100,LHb.4,NA
1,Oligo,-1.26695346350002,100,LHb.4,NA
2,Oligo,-1.4218951075900073,100,LHb.4,NA
3,Oligo,-0.8610005033955934,100,LHb.4,NA
4,Oligo,-0.7666724183113431,100,LHb.4,NA
5,Oligo,-1.3599971401247153,100,LHb.4,NA
1,OPC,1.2166063771434175,100,LHb.4,NA
2,OPC,1.5541995226965877,100,LHb.4,NA
3,OPC,1.115963401074915,100,LHb.4,NA
4,OPC,1.4187687087405259,100,LHb.4,NA
5,OPC,1.690160984358831,100,LHb.4,NA
1,Astrocyte,-1.6160304291803365,200,LHb.4,NA
2,Astrocyte,0.5346197776554965,200,LHb.4,NA
3,Astrocyte,0.25884322882706073,200,LHb.4,NA
4,Astrocyte,0.029963099176582655,200,LHb.4,NA
5,Astrocyte,-0.6968624221881551,200,LHb.4,NA
1,Endo,-1.673748214801897,200,LHb.4,NA
2,Endo,-2.412145541574516,200,LHb.4,NA
3,Endo,-2.701993142071701,200,LHb.4,NA
4,Endo,-1.4197577795396228,200,LHb.4,NA
5,Endo,-1.5566104301388646,200,LHb.4,NA
1,Excit.Thal,5.102507105062095,200,LHb.4,NA
2,Excit.Thal,5.59244688476329,200,LHb.4,NA
3,Excit.Thal,5.90006822769624,200,LHb.4,NA
4,Excit.Thal,5.571977583040161,200,LHb.4,NA
5,Excit.Thal,4.9194853477558835,200,LHb.4,NA
1,LHb.4,3.9956559729324637,200,LHb.4,NA
2,LHb.4,3.5406590932946043,200,LHb.4,NA
3,LHb.4,4.314152647591709,200,LHb.4,NA
4,LHb.4,2.886060095372719,200,LHb.4,NA
5,LHb.4,3.332630026100134,200,LHb.4,NA
1,LHb.7,-0.24461572374571758,200,LHb.4,NA
2,LHb.7,-0.6759998814498577,200,LHb.4,NA
3,LHb.7,-0.8312080275302363,200,LHb.4,NA
4,LHb.7,-0.6759998814498577,200,LHb.4,NA
5,LHb.7,0.43572518873611,200,LHb.4,NA
1,MHb.1,-3.3834955885436693,200,LHb.4,NA
2,MHb.1,-3.697453903551567,200,LHb.4,NA
3,MHb.1,-5.461438687413122,200,LHb.4,NA
4,MHb.1,-5.4831759811376,200,LHb.4,NA
5,MHb.1,-4.607757403565524,200,LHb.4,NA
1,MHb.2,-5.335996316672168,200,LHb.4,NA
2,MHb.2,-5.167337369233315,200,LHb.4,NA
3,MHb.2,-4.291732352424723,200,LHb.4,NA
4,MHb.2,-5.937696732877279,200,LHb.4,NA
5,MHb.2,-5.557766593034449,200,LHb.4,NA
1,MHb.2/Oligo,-1.9633096478166712,200,LHb.4,NA
2,MHb.2/Oligo,-1.1891479763259905,200,LHb.4,NA
3,MHb.2/Oligo,-2.7655787724287193,200,LHb.4,NA
4,MHb.2/Oligo,-1.3247774906683307,200,LHb.4,NA
5,MHb.2/Oligo,-3.6780478706666972,200,LHb.4,NA
1,Oligo,-2.095980067325332,200,LHb.4,NA
2,Oligo,-2.608577944932473,200,LHb.4,NA
3,Oligo,-1.3599971401247153,200,LHb.4,NA
4,Oligo,-0.6405188982813624,200,LHb.4,NA
5,Oligo,-0.8295850269641064,200,LHb.4,NA
1,OPC,3.080129328800604,200,LHb.4,NA
2,OPC,1.8608668757678948,200,LHb.4,NA
3,OPC,2.9385662070301994,200,LHb.4,NA
4,OPC,2.6571905696267804,200,LHb.4,NA
5,OPC,3.009274214152314,200,LHb.4,NA
1,Astrocyte,2.0267506384979175,500,LHb.4,NA
2,Astrocyte,0.5807024328101864,500,LHb.4,NA
3,Astrocyte,1.1131495298744274,500,LHb.4,NA
4,Astrocyte,-0.402606069117667,500,LHb.4,NA
5,Astrocyte,-0.24358673220498908,500,LHb.4,NA
1,Endo,0.13943247045567644,500,LHb.4,NA
2,Endo,1.601949802941106e-4,500,LHb.4,NA
3,Endo,0.47859386019281386,500,LHb.4,NA
4,Endo,1.2415627790066848,500,LHb.4,NA
5,Endo,0.039929654800593024,500,LHb.4,NA
1,Excit.Thal,11.574040130715172,500,LHb.4,NA
2,Excit.Thal,10.829093083066793,500,LHb.4,NA
3,Excit.Thal,9.53125202713258,500,LHb.4,NA
4,Excit.Thal,9.29556583182988,500,LHb.4,NA
5,Excit.Thal,11.310313349467243,500,LHb.4,NA
1,LHb.4,7.7900807340692255,500,LHb.4,NA
2,LHb.4,5.692077978521652,500,LHb.4,NA
3,LHb.4,6.06403766620528,500,LHb.4,NA
4,LHb.4,6.705815809662081,500,LHb.4,NA
5,LHb.4,7.012072713248287,500,LHb.4,NA
1,LHb.7,-1.5190964982353197,500,LHb.4,NA
2,LHb.7,2.1074893909898376,500,LHb.4,NA
3,LHb.7,3.4795305912728187,500,LHb.4,NA
4,LHb.7,0.1936624541446301,500,LHb.4,NA
5,LHb.7,-1.100746017725409,500,LHb.4,NA
1,MHb.1,-14.288870935027669,500,LHb.4,NA
2,MHb.1,-12.095148949494382,500,LHb.4,NA
3,MHb.1,-13.364892752283204,500,LHb.4,NA
4,MHb.1,-12.331221334308982,500,LHb.4,NA
5,MHb.1,-13.635555716786216,500,LHb.4,NA
1,MHb.2,-12.307908584045883,500,LHb.4,NA
2,MHb.2,-13.39547285872279,500,LHb.4,NA
3,MHb.2,-13.900419264884615,500,LHb.4,NA
4,MHb.2,-11.07512351613733,500,LHb.4,NA
5,MHb.2,-10.802264889741853,500,LHb.4,NA
1,MHb.2/Oligo,-4.7431469333119605,500,LHb.4,NA
2,MHb.2/Oligo,-4.139907454997487,500,LHb.4,NA
3,MHb.2/Oligo,-4.7431469333119605,500,LHb.4,NA
4,MHb.2/Oligo,-3.7727198762625354,500,LHb.4,NA
5,MHb.2/Oligo,-3.1854816521337663,500,LHb.4,NA
1,Oligo,-1.8522827776676838,500,LHb.4,NA
2,Oligo,-0.7666724183113431,500,LHb.4,NA
3,Oligo,0.3199635078933727,500,LHb.4,NA
4,Oligo,-1.7298279682432416,500,LHb.4,NA
5,Oligo,-0.7036505360081897,500,LHb.4,NA
1,OPC,6.044153735955319,500,LHb.4,NA
2,OPC,3.9421412913997576,500,LHb.4,NA
3,OPC,4.8641760708995685,500,LHb.4,NA
4,OPC,5.6588964164355,500,LHb.4,NA
5,OPC,5.889509807282642,500,LHb.4,NA
1,Astrocyte,4.755611831717786,1000,LHb.4,NA
2,Astrocyte,5.954568107305675,1000,LHb.4,NA
3,Astrocyte,4.091982178674648,1000,LHb.4,NA
4,Astrocyte,1.0434372364763234,1000,LHb.4,NA
5,Astrocyte,2.4055935833881907,1000,LHb.4,NA
1,Endo,6.422289185863678,1000,LHb.4,NA
2,Endo,6.036361734053062,1000,LHb.4,NA
3,Endo,5.248980824434486,1000,LHb.4,NA
4,Endo,3.386228274710622,1000,LHb.4,NA
5,Endo,3.3448562814381786,1000,LHb.4,NA
1,Excit.Thal,20.16966480989045,1000,LHb.4,NA
2,Excit.Thal,19.529573176532754,1000,LHb.4,NA
3,Excit.Thal,18.725425087666274,1000,LHb.4,NA
4,Excit.Thal,14.788041346526276,1000,LHb.4,NA
5,Excit.Thal,11.508025414890406,1000,LHb.4,NA
1,LHb.4,11.010687020478393,1000,LHb.4,NA
2,LHb.4,10.794522693994352,1000,LHb.4,NA
3,LHb.4,9.818138539554054,1000,LHb.4,NA
4,LHb.4,6.973638913671565,1000,LHb.4,NA
5,LHb.4,8.910520175017332,1000,LHb.4,NA
1,LHb.7,0.5983070280495147,1000,LHb.4,NA
2,LHb.7,0.15352709903435402,1000,LHb.4,NA
3,LHb.7,1.8927184865526774,1000,LHb.4,NA
4,LHb.7,4.357500066168147,1000,LHb.4,NA
5,LHb.7,1.8927184865526774,1000,LHb.4,NA
1,MHb.1,-27.59656636913809,1000,LHb.4,NA
2,MHb.1,-27.513746367028876,1000,LHb.4,NA
3,MHb.1,-26.07968708994577,1000,LHb.4,NA
4,MHb.1,-18.4447046625739,1000,LHb.4,NA
5,MHb.1,-18.970119865037834,1000,LHb.4,NA
1,MHb.2,-20.802835357792457,1000,LHb.4,NA
2,MHb.2,-20.580174359536272,1000,LHb.4,NA
3,MHb.2,-19.07187299190337,1000,LHb.4,NA
4,MHb.2,-17.82970734116666,1000,LHb.4,NA
5,MHb.2,-15.650842666193357,1000,LHb.4,NA
1,MHb.2/Oligo,-5.30400428869964,1000,LHb.4,NA
2,MHb.2/Oligo,-5.608215196228155,1000,LHb.4,NA
3,MHb.2/Oligo,-5.381095342716487,1000,LHb.4,NA
4,MHb.2/Oligo,-4.65975194113143,1000,LHb.4,NA
5,MHb.2/Oligo,-4.317074773013487,1000,LHb.4,NA
1,Oligo,0.4825752980685409,1000,LHb.4,NA
2,Oligo,0.8100433867274589,1000,LHb.4,NA
3,Oligo,0.35242664820169595,1000,LHb.4,NA
4,Oligo,-0.6405188982813624,1000,LHb.4,NA
5,Oligo,0.3199635078933727,1000,LHb.4,NA
1,OPC,8.331345814771932,1000,LHb.4,NA
2,OPC,8.00043390940345,1000,LHb.4,NA
3,OPC,7.672884244689898,1000,LHb.4,NA
4,OPC,5.240240496418142,1000,LHb.4,NA
5,OPC,5.8509620510213995,1000,LHb.4,NA
1,Astrocyte,13.547118232153043,5000,LHb.4,NA
2,Astrocyte,13.925898904659626,5000,LHb.4,NA
3,Astrocyte,9.577836899580785,5000,LHb.4,NA
4,Astrocyte,14.043005517623833,5000,LHb.4,NA
5,Astrocyte,11.497502547423636,5000,LHb.4,NA
1,Endo,15.341363352439128,5000,LHb.4,NA
2,Endo,16.32052124646646,5000,LHb.4,NA
3,Endo,10.325020327821102,5000,LHb.4,NA
4,Endo,15.122979864391786,5000,LHb.4,NA
5,Endo,12.438124163880971,5000,LHb.4,NA
1,Excit.Thal,27.334359091640497,5000,LHb.4,NA
2,Excit.Thal,28.44408406279894,5000,LHb.4,NA
3,Excit.Thal,22.304338372220506,5000,LHb.4,NA
4,Excit.Thal,27.472040441190913,5000,LHb.4,NA
5,Excit.Thal,25.54361920760602,5000,LHb.4,NA
1,LHb.4,14.632990264632193,5000,LHb.4,NA
2,LHb.4,16.533598928755794,5000,LHb.4,NA
3,LHb.4,14.632990264632193,5000,LHb.4,NA
4,LHb.4,16.276880047002308,5000,LHb.4,NA
5,LHb.4,14.103437375512767,5000,LHb.4,NA
1,LHb.7,4.831847743451043,5000,LHb.4,NA
2,LHb.7,4.451673452756545,5000,LHb.4,NA
3,LHb.7,1.594920409395237,5000,LHb.4,NA
4,LHb.7,4.831847743451043,5000,LHb.4,NA
5,LHb.7,4.688623304105317,5000,LHb.4,NA
1,MHb.1,-46.45822893957451,5000,LHb.4,NA
2,MHb.1,-48.789107071664866,5000,LHb.4,NA
3,MHb.1,-37.73064691657055,5000,LHb.4,NA
4,MHb.1,-46.800546272449296,5000,LHb.4,NA
5,MHb.1,-43.842166042779056,5000,LHb.4,NA
1,MHb.2,-25.523451466989545,5000,LHb.4,NA
2,MHb.2,-25.586594351259844,5000,LHb.4,NA
3,MHb.2,-23.322938549747285,5000,LHb.4,NA
4,MHb.2,-26.56093725705536,5000,LHb.4,NA
5,MHb.2,-23.14186377671158,5000,LHb.4,NA
1,MHb.2/Oligo,-6.324779265830922,5000,LHb.4,NA
2,MHb.2/Oligo,-7.115576106340451,5000,LHb.4,NA
3,MHb.2/Oligo,-5.068336886615665,5000,LHb.4,NA
4,MHb.2/Oligo,-6.11588194337468,5000,LHb.4,NA
5,MHb.2/Oligo,-5.147643254858101,5000,LHb.4,NA
1,Oligo,5.675273622281297,5000,LHb.4,NA
2,Oligo,5.903438455610366,5000,LHb.4,NA
3,Oligo,2.8763876079324637,5000,LHb.4,NA
4,Oligo,6.133175798607441,5000,LHb.4,NA
5,Oligo,6.0181089657451725,5000,LHb.4,NA
1,OPC,13.61305764083416,5000,LHb.4,NA
2,OPC,15.804623249543694,5000,LHb.4,NA
3,OPC,13.61305764083416,5000,LHb.4,NA
4,OPC,14.209046970852631,5000,LHb.4,NA
5,OPC,11.93770137697333,5000,LHb.4,NA
1,Astrocyte,-0.8692060409869847,100,LHb.7,NA
2,Astrocyte,0.35537742819309825,100,LHb.7,NA
3,Astrocyte,0.024812196326919146,100,LHb.7,NA
4,Astrocyte,-0.804254560728606,100,LHb.7,NA
5,Astrocyte,-0.6306957277435097,100,LHb.7,NA
1,Endo,0.28033806851243587,100,LHb.7,NA
2,Endo,0.28033806851243587,100,LHb.7,NA
3,Endo,-0.31703365087919155,100,LHb.7,NA
4,Endo,-0.20537485743567999,100,LHb.7,NA
5,Endo,0.1679807353801333,100,LHb.7,NA
1,Excit.Thal,0.3111725425191773,100,LHb.7,NA
2,Excit.Thal,-0.27177248217847444,100,LHb.7,NA
3,Excit.Thal,0.5285422666095295,100,LHb.7,NA
4,Excit.Thal,0.35458255793358556,100,LHb.7,NA
5,Excit.Thal,-0.29325363169871904,100,LHb.7,NA
1,LHb.4,0.6515127901277995,100,LHb.7,NA
2,LHb.4,0.8639728580547944,100,LHb.7,NA
3,LHb.4,1.2943350054645089,100,LHb.7,NA
4,LHb.4,-0.18098943674566467,100,LHb.7,NA
5,LHb.4,0.1073029452031651,100,LHb.7,NA
1,LHb.7,0.5717402349377925,100,LHb.7,NA
2,LHb.7,0.6998382398759383,100,LHb.7,NA
3,LHb.7,1.0604102068247667,100,LHb.7,NA
4,LHb.7,0.8025722491581441,100,LHb.7,NA
5,LHb.7,0.8282914190103158,100,LHb.7,NA
1,MHb.1,0.917510856140084,100,LHb.7,NA
2,MHb.1,0.6906148132514695,100,LHb.7,NA
3,MHb.1,1.315073368596414,100,LHb.7,NA
4,MHb.1,1.3434950015533813,100,LHb.7,NA
5,MHb.1,1.2440335349566072,100,LHb.7,NA
1,MHb.2,-3.0115543123683213,100,LHb.7,NA
2,MHb.2,-3.8974701358791357,100,LHb.7,NA
3,MHb.2,-4.676189890677941,100,LHb.7,NA
4,MHb.2,-3.5457857897410388,100,LHb.7,NA
5,MHb.2,-3.604644721542834,100,LHb.7,NA
1,MHb.2/Oligo,-0.17989497731713677,100,LHb.7,NA
2,MHb.2/Oligo,0.2567854663544235,100,LHb.7,NA
3,MHb.2/Oligo,0.10969960099286319,100,LHb.7,NA
4,MHb.2/Oligo,-0.10805724067870229,100,LHb.7,NA
5,MHb.2/Oligo,-0.25136604014334696,100,LHb.7,NA
1,Oligo,0.11239075355060407,100,LHb.7,NA
2,Oligo,-0.21847518027619772,100,LHb.7,NA
3,Oligo,-0.9231902172467938,100,LHb.7,NA
4,Oligo,0.24028116867770583,100,LHb.7,NA
5,Oligo,0.6519367507231063,100,LHb.7,NA
1,OPC,0.10424212535358397,100,LHb.7,NA
2,OPC,0.8013910301070398,100,LHb.7,NA
3,OPC,0.7508229000119544,100,LHb.7,NA
4,OPC,0.8013910301070398,100,LHb.7,NA
5,OPC,0.25170726614791356,100,LHb.7,NA
1,Astrocyte,0.2891122659288001,200,LHb.7,NA
2,Astrocyte,-0.912466877720883,200,LHb.7,NA
3,Astrocyte,-1.2143991382556374,200,LHb.7,NA
4,Astrocyte,-0.41301607150394054,200,LHb.7,NA
5,Astrocyte,0.22292339864494823,200,LHb.7,NA
1,Endo,-1.2046281889804957,200,LHb.7,NA
2,Endo,-1.6629973754199108,200,LHb.7,NA
3,Endo,-1.1126355784245558,200,LHb.7,NA
4,Endo,-0.9098740460231785,200,LHb.7,NA
5,Endo,-0.7805719890270011,200,LHb.7,NA
1,Excit.Thal,-0.6145463783938899,200,LHb.7,NA
2,Excit.Thal,0.3762995243057153,200,LHb.7,NA
3,Excit.Thal,0.4197574144500401,200,LHb.7,NA
4,Excit.Thal,0.44149835428395046,200,LHb.7,NA
5,Excit.Thal,0.44149835428395046,200,LHb.7,NA
1,LHb.4,0.5248871956762025,200,LHb.7,NA
2,LHb.4,0.8213378100230697,200,LHb.7,NA
3,LHb.4,0.6938623267467025,200,LHb.7,NA
4,LHb.4,0.8639728580547944,200,LHb.7,NA
5,LHb.4,0.3152383348537066,200,LHb.7,NA
1,LHb.7,4.860478002296323,200,LHb.7,NA
2,LHb.7,3.8593473689481,200,LHb.7,NA
3,LHb.7,3.3942803272269852,200,LHb.7,NA
4,LHb.7,3.5305650581969665,200,LHb.7,NA
5,LHb.7,3.969480138682216,200,LHb.7,NA
1,MHb.1,1.4998724158161008,200,LHb.7,NA
2,MHb.1,1.4714327867872914,200,LHb.7,NA
3,MHb.1,1.258239875273247,200,LHb.7,NA
4,MHb.1,1.3861335702155633,200,LHb.7,NA
5,MHb.1,1.9838520570024483,200,LHb.7,NA
1,MHb.2,-8.18138956558563,200,LHb.7,NA
2,MHb.2,-5.660998254122812,200,LHb.7,NA
3,MHb.2,-5.073360990701988,200,LHb.7,NA
4,MHb.2,-6.915901468286092,200,LHb.7,NA
5,MHb.2,-9.103298041080317,200,LHb.7,NA
1,MHb.2/Oligo,0.2567854663544235,200,LHb.7,NA
2,MHb.2/Oligo,0.3309166955817402,200,LHb.7,NA
3,MHb.2/Oligo,-0.8104291164381364,200,LHb.7,NA
4,MHb.2/Oligo,-0.878782871084832,200,LHb.7,NA
5,MHb.2/Oligo,-0.10805724067870229,200,LHb.7,NA
1,Oligo,0.755430390295091,200,LHb.7,NA
2,Oligo,0.5228975106286606,200,LHb.7,NA
3,Oligo,0.49713316300921156,200,LHb.7,NA
4,Oligo,0.4456478031703068,200,LHb.7,NA
5,Oligo,0.18908239834164572,200,LHb.7,NA
1,OPC,1.4701323952563203,200,LHb.7,NA
2,OPC,0.40020665701523755,200,LHb.7,NA
3,OPC,1.0560755458164863,200,LHb.7,NA
4,OPC,1.2103862410691926,200,LHb.7,NA
5,OPC,1.3138968205122816,200,LHb.7,NA
1,Astrocyte,-0.1507171309679883,500,LHb.7,NA
2,Astrocyte,0.9329072480035464,500,LHb.7,NA
3,Astrocyte,0.5546330759638854,500,LHb.7,NA
4,Astrocyte,-0.26015282020983227,500,LHb.7,NA
5,Astrocyte,-1.0204789198533575,500,LHb.7,NA
1,Endo,-3.3096735685019314,500,LHb.7,NA
2,Endo,-1.6081324126668248,500,LHb.7,NA
3,Endo,-0.2798317874943981,500,LHb.7,NA
4,Endo,-1.186238221513301,500,LHb.7,NA
5,Endo,-2.7344409593364216,500,LHb.7,NA
1,Excit.Thal,-1.5682296512748013,500,LHb.7,NA
2,Excit.Thal,0.11622053004100523,500,LHb.7,NA
3,Excit.Thal,2.6122616280554567,500,LHb.7,NA
4,Excit.Thal,-0.12118707408816869,500,LHb.7,NA
5,Excit.Thal,-2.7757096089595423,500,LHb.7,NA
1,LHb.4,0.1073029452031651,500,LHb.7,NA
2,LHb.4,1.7764080942781113,500,LHb.7,NA
3,LHb.4,1.8650646225052159,500,LHb.7,NA
4,LHb.4,0.6938623267467025,500,LHb.7,NA
5,LHb.4,0.5248871956762025,500,LHb.7,NA
1,LHb.7,6.904078074359292,500,LHb.7,NA
2,LHb.7,7.947896001528368,500,LHb.7,NA
3,LHb.7,9.079622956669523,500,LHb.7,NA
4,LHb.7,7.647079128503537,500,LHb.7,NA
5,LHb.7,7.110836388529032,500,LHb.7,NA
1,MHb.1,3.2840347736418707,500,LHb.7,NA
2,MHb.1,-0.27145403390498285,500,LHb.7,NA
3,MHb.1,-2.311391635817855,500,LHb.7,NA
4,MHb.1,1.4714327867872914,500,LHb.7,NA
5,MHb.1,4.36111178298656,500,LHb.7,NA
1,MHb.2,-8.772963742422245,500,LHb.7,NA
2,MHb.2,-10.979825999806781,500,LHb.7,NA
3,MHb.2,-13.275264059495726,500,LHb.7,NA
4,MHb.2,-11.57797228045394,500,LHb.7,NA
5,MHb.2,-9.355471953004972,500,LHb.7,NA
1,MHb.2/Oligo,-0.6033673894930315,500,LHb.7,NA
2,MHb.2/Oligo,-0.17989497731713677,500,LHb.7,NA
3,MHb.2/Oligo,-1.2157134585223042,500,LHb.7,NA
4,MHb.2/Oligo,0.7842483784237234,500,LHb.7,NA
5,MHb.2/Oligo,0.7842483784237234,500,LHb.7,NA
1,Oligo,1.9096437227722485,500,LHb.7,NA
2,Oligo,1.8300079594938299,500,LHb.7,NA
3,Oligo,3.0396010899979444,500,LHb.7,NA
4,Oligo,1.7240446513735443,500,LHb.7,NA
5,Oligo,1.88308287190966,500,LHb.7,NA
1,OPC,0.7508229000119544,500,LHb.7,NA
2,OPC,2.8759626964355527,500,LHb.7,NA
3,OPC,3.2145214177992467,500,LHb.7,NA
4,OPC,1.2620773721719305,500,LHb.7,NA
5,OPC,-0.28406605753673125,500,LHb.7,NA
1,Astrocyte,-0.303869211220005,1000,LHb.7,NA
2,Astrocyte,0.9775752529328388,1000,LHb.7,NA
3,Astrocyte,2.4258582782575497,1000,LHb.7,NA
4,Astrocyte,3.701075953507776,1000,LHb.7,NA
5,Astrocyte,1.6066391238984283,1000,LHb.7,NA
1,Endo,0.07447371317953597,1000,LHb.7,NA
2,Endo,-1.882080615822701,1000,LHb.7,NA
3,Endo,0.26160053746264306,1000,LHb.7,NA
4,Endo,4.519100529757248,1000,LHb.7,NA
5,Endo,3.4171945871840794,1000,LHb.7,NA
1,Excit.Thal,0.7030165095370593,1000,LHb.7,NA
2,Excit.Thal,0.9218392340315965,1000,LHb.7,NA
3,Excit.Thal,2.095470882456885,1000,LHb.7,NA
4,Excit.Thal,5.4109309334991025,1000,LHb.7,NA
5,Excit.Thal,1.8944993012123332,1000,LHb.7,NA
1,LHb.4,1.7764080942781113,1000,LHb.7,NA
2,LHb.4,0.8213378100230697,1000,LHb.7,NA
3,LHb.4,1.3812978669164035,1000,LHb.7,NA
4,LHb.4,2.358397445672173,1000,LHb.7,NA
5,LHb.4,1.6880651498868213,1000,LHb.7,NA
1,LHb.7,10.594144864066998,1000,LHb.7,NA
2,LHb.7,8.647873882700816,1000,LHb.7,NA
3,LHb.7,10.562032094177503,1000,LHb.7,NA
4,LHb.7,12.466525385885504,1000,LHb.7,NA
5,LHb.7,12.803875294683403,1000,LHb.7,NA
1,MHb.1,-2.0870332193933177,1000,LHb.7,NA
2,MHb.1,0.37896367345282156,1000,LHb.7,NA
3,MHb.1,-3.751553544330297,1000,LHb.7,NA
4,MHb.1,-9.997356051761288,1000,LHb.7,NA
5,MHb.1,-7.040245586797232,1000,LHb.7,NA
1,MHb.2,-11.672846739067047,1000,LHb.7,NA
2,MHb.2,-12.377343998400649,1000,LHb.7,NA
3,MHb.2,-12.955198783305358,1000,LHb.7,NA
4,MHb.2,-15.6651444142069,1000,LHb.7,NA
5,MHb.2,-13.023994666575124,1000,LHb.7,NA
1,MHb.2/Oligo,-1.4796582598900223,1000,LHb.7,NA
2,MHb.2/Oligo,-0.25136604014334696,1000,LHb.7,NA
3,MHb.2/Oligo,-0.39322505953154546,1000,LHb.7,NA
4,MHb.2/Oligo,-2.85136440384555,1000,LHb.7,NA
5,MHb.2/Oligo,-0.7417444355244115,1000,LHb.7,NA
1,Oligo,4.254892700505297,1000,LHb.7,NA
2,Oligo,3.285491173616763,1000,LHb.7,NA
3,Oligo,3.505206515677635,1000,LHb.7,NA
4,Oligo,4.42323297905077,1000,LHb.7,NA
5,Oligo,3.726014606118351,1000,LHb.7,NA
1,OPC,-0.18765095434055246,1000,LHb.7,NA
2,OPC,-0.47559990951880243,1000,LHb.7,NA
3,OPC,-0.18765095434055246,1000,LHb.7,NA
4,OPC,4.027135564894879,1000,LHb.7,NA
5,OPC,1.9460107634353654,1000,LHb.7,NA
1,Astrocyte,6.888258073418436,5000,LHb.7,NA
2,Astrocyte,7.639696157252741,5000,LHb.7,NA
3,Astrocyte,1.5389048392620261,5000,LHb.7,NA
4,Astrocyte,7.137560722522252,5000,LHb.7,NA
5,Astrocyte,4.290572023875012,5000,LHb.7,NA
1,Endo,8.765438732738534,5000,LHb.7,NA
2,Endo,8.555361070513921,5000,LHb.7,NA
3,Endo,3.319603593431201,5000,LHb.7,NA
4,Endo,8.933957895858262,5000,LHb.7,NA
5,Endo,5.819249063847629,5000,LHb.7,NA
1,Excit.Thal,11.156490058717687,5000,LHb.7,NA
2,Excit.Thal,10.423347417122747,5000,LHb.7,NA
3,Excit.Thal,3.9134369368035236,5000,LHb.7,NA
4,Excit.Thal,10.945981954332069,5000,LHb.7,NA
5,Excit.Thal,10.631783028249352,5000,LHb.7,NA
1,LHb.4,4.142750387986037,5000,LHb.7,NA
2,LHb.4,3.9486834604550074,5000,LHb.7,NA
3,LHb.4,2.9080132778031236,5000,LHb.7,NA
4,LHb.4,4.43678690492443,5000,LHb.7,NA
5,LHb.4,4.094088394423694,5000,LHb.7,NA
1,LHb.7,15.971496634122792,5000,LHb.7,NA
2,LHb.7,16.413080728434778,5000,LHb.7,NA
3,LHb.7,12.567442231407362,5000,LHb.7,NA
4,LHb.7,16.22850118699373,5000,LHb.7,NA
5,LHb.7,14.462712268377198,5000,LHb.7,NA
1,MHb.1,-20.257041981381274,5000,LHb.7,NA
2,MHb.1,-20.728598458764033,5000,LHb.7,NA
3,MHb.1,-8.294650295787205,5000,LHb.7,NA
4,MHb.1,-19.812254069344874,5000,LHb.7,NA
5,MHb.1,-16.949835425484977,5000,LHb.7,NA
1,MHb.2,-16.706915600895712,5000,LHb.7,NA
2,MHb.2,-17.353469351004364,5000,LHb.7,NA
3,MHb.2,-14.06474250988551,5000,LHb.7,NA
4,MHb.2,-17.041796782877405,5000,LHb.7,NA
5,MHb.2,-14.7077644520833,5000,LHb.7,NA
1,MHb.2/Oligo,-1.6744874062751416,5000,LHb.7,NA
2,MHb.2/Oligo,-2.5506813847505536,5000,LHb.7,NA
3,MHb.2/Oligo,0.5557214639414152,5000,LHb.7,NA
4,MHb.2/Oligo,-2.6716879665641398,5000,LHb.7,NA
5,MHb.2/Oligo,-2.428674717508592,5000,LHb.7,NA
1,Oligo,9.015309411099233,5000,LHb.7,NA
2,Oligo,10.544138107231099,5000,LHb.7,NA
3,Oligo,6.172501192613847,5000,LHb.7,NA
4,Oligo,8.890385403013187,5000,LHb.7,NA
5,Oligo,8.703690233090688,5000,LHb.7,NA
1,OPC,-0.09079766262670876,5000,LHb.7,NA
2,OPC,1.522472469676366,5000,LHb.7,NA
3,OPC,-1.408464914006654,5000,LHb.7,NA
4,OPC,-1.04014619801184,5000,LHb.7,NA
5,OPC,-0.23591299220823483,5000,LHb.7,NA
1,Astrocyte,0.3477109100033194,100,MHb.1,NA
2,Astrocyte,0.3994107142106673,100,MHb.1,NA
3,Astrocyte,0.4511504938094676,100,MHb.1,NA
4,Astrocyte,-0.15000821435872824,100,MHb.1,NA
5,Astrocyte,0.15848573427018475,100,MHb.1,NA
1,Endo,-0.3534656950418582,100,MHb.1,NA
2,Endo,-0.2772272409879839,100,MHb.1,NA
3,Endo,-0.5817387627167424,100,MHb.1,NA
4,Endo,-0.26197067318060757,100,MHb.1,NA
5,Endo,-0.15509166593145365,100,MHb.1,NA
1,Excit.Thal,-0.32593273782098214,100,MHb.1,NA
2,Excit.Thal,-0.6086381063361433,100,MHb.1,NA
3,Excit.Thal,-0.4014534321262112,100,MHb.1,NA
4,Excit.Thal,-0.2881360676450768,100,MHb.1,NA
5,Excit.Thal,-0.5333823627159171,100,MHb.1,NA
1,LHb.4,0.05447582405321627,100,MHb.1,NA
2,LHb.4,-0.21151980540836493,100,MHb.1,NA
3,LHb.4,0.13096044107485993,100,MHb.1,NA
4,LHb.4,-0.58701740974561,100,MHb.1,NA
5,LHb.4,-0.2493055582050637,100,MHb.1,NA
1,LHb.7,0.415996060045884,100,MHb.1,NA
2,LHb.7,0.5140001000043725,100,MHb.1,NA
3,LHb.7,0.6614185270372258,100,MHb.1,NA
4,LHb.7,0.5876472684252945,100,MHb.1,NA
5,LHb.7,0.5385353985820538,100,MHb.1,NA
1,MHb.1,0.2766303317813594,100,MHb.1,NA
2,MHb.1,0.2423438214922235,100,MHb.1,NA
3,MHb.1,0.16519430310089173,100,MHb.1,NA
4,MHb.1,0.2423438214922235,100,MHb.1,NA
5,MHb.1,0.30234434236964103,100,MHb.1,NA
1,MHb.2,0.1188937209689776,100,MHb.1,NA
2,MHb.2,0.10601856162889156,100,MHb.1,NA
3,MHb.2,0.09314500578379843,100,MHb.1,NA
4,MHb.2,0.09314500578379843,100,MHb.1,NA
5,MHb.2,0.08027305286888918,100,MHb.1,NA
1,MHb.2/Oligo,0.016967372035371162,100,MHb.1,NA
2,MHb.2/Oligo,0.053696660467288305,100,MHb.1,NA
3,MHb.2/Oligo,0.053696660467288305,100,MHb.1,NA
4,MHb.2/Oligo,0.09047423928467435,100,MHb.1,NA
5,MHb.2/Oligo,0.16417485162715745,100,MHb.1,NA
1,Oligo,-0.5828783282686747,100,MHb.1,NA
2,Oligo,-0.6696835663966622,100,MHb.1,NA
3,Oligo,-0.7130292007987115,100,MHb.1,NA
4,Oligo,-0.19035838302238084,100,MHb.1,NA
5,Oligo,-0.38700801982390787,100,MHb.1,NA
1,OPC,-0.60397257749015,100,MHb.1,NA
2,OPC,0.1935028221623379,100,MHb.1,NA
3,OPC,0.3291744972708899,100,MHb.1,NA
4,OPC,0.1484585781760223,100,MHb.1,NA
5,OPC,-0.6474713115510731,100,MHb.1,NA
1,Astrocyte,0.6758200260796929,200,MHb.1,NA
2,Astrocyte,0.17566595613489772,200,MHb.1,NA
3,Astrocyte,-0.4400686254241262,200,MHb.1,NA
4,Astrocyte,-0.678007062611067,200,MHb.1,NA
5,Astrocyte,-0.11580103561973634,200,MHb.1,NA
1,Endo,-1.352962900331386,200,MHb.1,NA
2,Endo,-2.0571121349062524,200,MHb.1,NA
3,Endo,-2.340009166472283,200,MHb.1,NA
4,Endo,-1.892869465925489,200,MHb.1,NA
5,Endo,-2.488500572352826,200,MHb.1,NA
1,Excit.Thal,-1.5598538118161716,200,MHb.1,NA
2,Excit.Thal,-0.7213422208938937,200,MHb.1,NA
3,Excit.Thal,-0.26922863519794543,200,MHb.1,NA
4,Excit.Thal,-0.9274100218392775,200,MHb.1,NA
5,Excit.Thal,-1.002166207719526,200,MHb.1,NA
1,LHb.4,-1.0675039580874472,200,MHb.1,NA
2,LHb.4,-0.3999213497799575,200,MHb.1,NA
3,LHb.4,-0.28703841992599954,200,MHb.1,NA
4,LHb.4,0.4778662940883349,200,MHb.1,NA
5,LHb.4,-0.28703841992599954,200,MHb.1,NA
1,LHb.7,1.08182348340688,200,MHb.1,NA
2,LHb.7,0.9082252643313443,200,MHb.1,NA
3,LHb.7,1.3810380777479452,200,MHb.1,NA
4,LHb.7,1.2561154562011034,200,MHb.1,NA
5,LHb.7,1.481235031832992,200,MHb.1,NA
1,MHb.1,1.0648579882173828,200,MHb.1,NA
2,MHb.1,1.2018713756062225,200,MHb.1,NA
3,MHb.1,1.3731096257819642,200,MHb.1,NA
4,MHb.1,1.3131798225477758,200,MHb.1,NA
5,MHb.1,1.2618083507508937,200,MHb.1,NA
1,MHb.2,0.26062646619013524,200,MHb.1,NA
2,MHb.2,0.2864169679227302,200,MHb.1,NA
3,MHb.2,0.2864169679227302,200,MHb.1,NA
4,MHb.2,0.24773363104917626,200,MHb.1,NA
5,MHb.2,0.428380066950117,200,MHb.1,NA
1,MHb.2/Oligo,0.27509161236361307,200,MHb.1,NA
2,MHb.2/Oligo,0.20109817855608925,200,MHb.1,NA
3,MHb.2/Oligo,0.09047423928467435,200,MHb.1,NA
4,MHb.2/Oligo,0.34928174508250476,200,MHb.1,NA
5,MHb.2/Oligo,0.38645094815963493,200,MHb.1,NA
1,Oligo,-0.5176743625399299,200,MHb.1,NA
2,Oligo,-0.34337571019030855,200,MHb.1,NA
3,Oligo,-0.4959205992413749,200,MHb.1,NA
4,Oligo,-0.5176743625399299,200,MHb.1,NA
5,Oligo,-0.34337571019030855,200,MHb.1,NA
1,OPC,-0.47297881124626134,200,MHb.1,NA
2,OPC,-0.6474713115510731,200,MHb.1,NA
3,OPC,-0.6908877175174473,200,MHb.1,NA
4,OPC,-0.3412310502544654,200,MHb.1,NA
5,OPC,-0.11994866966123355,200,MHb.1,NA
1,Astrocyte,-0.8812882982324836,500,MHb.1,NA
2,Astrocyte,0.03834728264607122,500,MHb.1,NA
3,Astrocyte,-0.6949705722710617,500,MHb.1,NA
4,Astrocyte,-0.7966621655620926,500,MHb.1,NA
5,Astrocyte,-0.5251431203266317,500,MHb.1,NA
1,Endo,-6.919350167630482,500,MHb.1,NA
2,Endo,-5.930013671068576,500,MHb.1,NA
3,Endo,-5.058062581470816,500,MHb.1,NA
4,Endo,-4.6257961323632735,500,MHb.1,NA
5,Endo,-5.873119805400737,500,MHb.1,NA
1,Excit.Thal,-3.6506761158543384,500,MHb.1,NA
2,Excit.Thal,-2.6234644703974013,500,MHb.1,NA
3,Excit.Thal,-0.7776137746913584,500,MHb.1,NA
4,Excit.Thal,-2.277120955873245,500,MHb.1,NA
5,Excit.Thal,-3.7756275567838853,500,MHb.1,NA
1,LHb.4,-2.3904832723977467,500,MHb.1,NA
2,LHb.4,-1.1041147274180747,500,MHb.1,NA
3,LHb.4,-0.4749152674731282,500,MHb.1,NA
4,LHb.4,-2.0037841648735606,500,MHb.1,NA
5,LHb.4,-2.250492236439404,500,MHb.1,NA
1,LHb.7,2.3679705328420675,500,MHb.1,NA
2,LHb.7,2.1891648191357316,500,MHb.1,NA
3,LHb.7,2.1891648191357316,500,MHb.1,NA
4,LHb.7,2.6246986029769017,500,MHb.1,NA
5,LHb.7,2.6246986029769017,500,MHb.1,NA
1,MHb.1,5.593446629964009,500,MHb.1,NA
2,MHb.1,3.536659688592905,500,MHb.1,NA
3,MHb.1,2.9214234857145267,500,MHb.1,NA
4,MHb.1,3.425602398909166,500,MHb.1,NA
5,MHb.1,4.936707585436305,500,MHb.1,NA
1,MHb.2,1.3754952625363581,500,MHb.1,NA
2,MHb.2,1.1021410399506304,500,MHb.1,NA
3,MHb.2,0.9203089444029258,500,MHb.1,NA
4,MHb.2,1.141147025061567,500,MHb.1,NA
5,MHb.2,1.336399961610123,500,MHb.1,NA
1,MHb.2/Oligo,0.7232252795002494,500,MHb.1,NA
2,MHb.2/Oligo,0.4609383829107784,500,MHb.1,NA
3,MHb.2/Oligo,0.27509161236361307,500,MHb.1,NA
4,MHb.2/Oligo,0.5356255373034405,500,MHb.1,NA
5,MHb.2/Oligo,0.6856039260639066,500,MHb.1,NA
1,Oligo,-0.4523843502960389,500,MHb.1,NA
2,Oligo,-0.4306018445069467,500,MHb.1,NA
3,Oligo,-1.2302443210894354,500,MHb.1,NA
4,Oligo,-0.886033689198037,500,MHb.1,NA
5,Oligo,-0.6913611240387253,500,MHb.1,NA
1,OPC,-2.803683914283857,500,MHb.1,NA
2,OPC,-0.38523136072557196,500,MHb.1,NA
3,OPC,-0.6908877175174473,500,MHb.1,NA
4,OPC,-1.4167068821355717,500,MHb.1,NA
5,OPC,-3.196514210140581,500,MHb.1,NA
1,Astrocyte,-3.6002160746616023,1000,MHb.1,NA
2,Astrocyte,-2.9961729589683412,1000,MHb.1,NA
3,Astrocyte,-1.3196448201220647,1000,MHb.1,NA
4,Astrocyte,-0.16710527448905393,1000,MHb.1,NA
5,Astrocyte,-2.0717078919959504,1000,MHb.1,NA
1,Endo,-9.42428103975961,1000,MHb.1,NA
2,Endo,-9.233171341598808,1000,MHb.1,NA
3,Endo,-8.160417078884343,1000,MHb.1,NA
4,Endo,-6.22806249655039,1000,MHb.1,NA
5,Endo,-7.451507453432089,1000,MHb.1,NA
1,Excit.Thal,-5.237933558767787,1000,MHb.1,NA
2,Excit.Thal,-5.688899244191622,1000,MHb.1,NA
3,Excit.Thal,-5.150827974461394,1000,MHb.1,NA
4,Excit.Thal,-2.9678195647581296,1000,MHb.1,NA
5,Excit.Thal,-3.166285250131588,1000,MHb.1,NA
1,LHb.4,-3.317365467968493,1000,MHb.1,NA
2,LHb.4,-3.7861101581477894,1000,MHb.1,NA
3,LHb.4,-3.114044879420691,1000,MHb.1,NA
4,LHb.4,-1.2864338127452395,1000,MHb.1,NA
5,LHb.4,-2.5644804404211943,1000,MHb.1,NA
1,LHb.7,2.3423815128967487,1000,MHb.1,NA
2,LHb.7,2.4191941067262817,1000,MHb.1,NA
3,LHb.7,2.4448287025275968,1000,MHb.1,NA
4,LHb.7,1.9096692815176002,1000,MHb.1,NA
5,LHb.7,2.4961436168220184,1000,MHb.1,NA
1,MHb.1,9.212226235842975,1000,MHb.1,NA
2,MHb.1,8.897550055487581,1000,MHb.1,NA
3,MHb.1,7.101748113597654,1000,MHb.1,NA
4,MHb.1,4.322272538662806,1000,MHb.1,NA
5,MHb.1,6.377648894456161,1000,MHb.1,NA
1,MHb.2,3.829235410358626,1000,MHb.1,NA
2,MHb.2,3.709124623915861,1000,MHb.1,NA
3,MHb.2,2.529006148296317,1000,MHb.1,NA
4,MHb.2,1.024173545012908,1000,MHb.1,NA
5,MHb.2,1.4537307057617148,1000,MHb.1,NA
1,MHb.2/Oligo,0.9500302933903931,1000,MHb.1,NA
2,MHb.2/Oligo,1.5640885279810146,1000,MHb.1,NA
3,MHb.2/Oligo,1.0260460504648743,1000,MHb.1,NA
4,MHb.2/Oligo,0.7232252795002494,1000,MHb.1,NA
5,MHb.2/Oligo,0.9121004587643342,1000,MHb.1,NA
1,Oligo,-2.332794946457827,1000,MHb.1,NA
2,Oligo,-1.4228210396532996,1000,MHb.1,NA
3,Oligo,-0.9291906926987528,1000,MHb.1,NA
4,Oligo,-0.539418565124854,1000,MHb.1,NA
5,Oligo,-1.337323319122623,1000,MHb.1,NA
1,OPC,-5.284652737117282,1000,MHb.1,NA
2,OPC,-6.230872069769777,1000,MHb.1,NA
3,OPC,-4.07615057737732,1000,MHb.1,NA
4,OPC,-1.2479681154832598,1000,MHb.1,NA
5,OPC,-1.9978157006568062,1000,MHb.1,NA
1,Astrocyte,-6.247328482581558,5000,MHb.1,NA
2,Astrocyte,-6.356784073196253,5000,MHb.1,NA
3,Astrocyte,-5.839283560511597,5000,MHb.1,NA
4,Astrocyte,-6.730777607146028,5000,MHb.1,NA
5,Astrocyte,-5.507970366865069,5000,MHb.1,NA
1,Endo,-11.498669078132565,5000,MHb.1,NA
2,Endo,-12.135128334717,5000,MHb.1,NA
3,Endo,-10.656125933919776,5000,MHb.1,NA
4,Endo,-11.751160757072899,5000,MHb.1,NA
5,Endo,-10.386912503664032,5000,MHb.1,NA
1,Excit.Thal,-7.5947377125818685,5000,MHb.1,NA
2,Excit.Thal,-7.9123383053355685,5000,MHb.1,NA
3,Excit.Thal,-6.768128259883141,5000,MHb.1,NA
4,Excit.Thal,-8.028944513616374,5000,MHb.1,NA
5,Excit.Thal,-6.717160984854405,5000,MHb.1,NA
1,LHb.4,-5.273660029406588,5000,MHb.1,NA
2,LHb.4,-5.493369854756069,5000,MHb.1,NA
3,LHb.4,-5.242135046470157,5000,MHb.1,NA
4,LHb.4,-5.773408609073291,5000,MHb.1,NA
5,LHb.4,-4.70081985642773,5000,MHb.1,NA
1,LHb.7,1.9096692815176002,5000,MHb.1,NA
2,LHb.7,2.1127596002321667,5000,MHb.1,NA
3,LHb.7,2.16368141442582,5000,MHb.1,NA
4,LHb.7,1.7327427064859777,5000,MHb.1,NA
5,LHb.7,1.9350035528558411,5000,MHb.1,NA
1,MHb.1,14.06994272655168,5000,MHb.1,NA
2,MHb.1,15.070756151404442,5000,MHb.1,NA
3,MHb.1,13.017836063387081,5000,MHb.1,NA
4,MHb.1,15.002915098280091,5000,MHb.1,NA
5,MHb.1,12.856585569088349,5000,MHb.1,NA
1,MHb.2,5.390374055213786,5000,MHb.1,NA
2,MHb.2,5.078889473648987,5000,MHb.1,NA
3,MHb.2,4.647134888624238,5000,MHb.1,NA
4,MHb.2,5.675629049286758,5000,MHb.1,NA
5,MHb.2,4.378233957995929,5000,MHb.1,NA
1,MHb.2/Oligo,1.3707249416114444,5000,MHb.1,NA
2,MHb.2/Oligo,1.4092893651657288,5000,MHb.1,NA
3,MHb.2/Oligo,1.5640885279810146,5000,MHb.1,NA
4,MHb.2/Oligo,1.3322143218634783,5000,MHb.1,NA
5,MHb.2/Oligo,0.9121004587643342,5000,MHb.1,NA
1,Oligo,-3.4936931033983796,5000,MHb.1,NA
2,Oligo,-3.4116507248972066,5000,MHb.1,NA
3,Oligo,-2.958024644607199,5000,MHb.1,NA
4,Oligo,-3.759418035752511,5000,MHb.1,NA
5,Oligo,-3.4936931033983796,5000,MHb.1,NA
1,OPC,-8.872724193610296,5000,MHb.1,NA
2,OPC,-9.696343502186858,5000,MHb.1,NA
3,OPC,-8.903695865630814,5000,MHb.1,NA
4,OPC,-9.424667829500164,5000,MHb.1,NA
5,OPC,-7.9580302580116635,5000,MHb.1,NA
1,Astrocyte,-2.3266387122080663,100,MHb.2,NA
2,Astrocyte,-2.411800149589308,100,MHb.2,NA
3,Astrocyte,-2.468463676530309,100,MHb.2,NA
4,Astrocyte,-1.8402385320494832,100,MHb.2,NA
5,Astrocyte,-2.637926235824667,100,MHb.2,NA
1,Endo,-2.8021215623447784,100,MHb.2,NA
2,Endo,-2.8580940920547673,100,MHb.2,NA
3,Endo,-3.3304385377906964,100,MHb.2,NA
4,Endo,-2.8580940920547673,100,MHb.2,NA
5,Endo,-2.4927293700468085,100,MHb.2,NA
1,Excit.Thal,-1.0248394371723466,100,MHb.2,NA
2,Excit.Thal,-1.0752656794927342,100,MHb.2,NA
3,Excit.Thal,-0.5132476080560677,100,MHb.2,NA
4,Excit.Thal,-0.9742823345068183,100,MHb.2,NA
5,Excit.Thal,-1.424649897781689,100,MHb.2,NA
1,LHb.4,-0.35269068645029955,100,MHb.2,NA
2,LHb.4,0.862521917721694,100,MHb.2,NA
3,LHb.4,0.6665309808059525,100,MHb.2,NA
4,LHb.4,0.862521917721694,100,MHb.2,NA
5,LHb.4,-0.35269068645029955,100,MHb.2,NA
1,LHb.7,0.30690034087575396,100,MHb.2,NA
2,LHb.7,0.7285568727274649,100,MHb.2,NA
3,LHb.7,-1.0759686302755849,100,MHb.2,NA
4,LHb.7,-0.6770437381879959,100,MHb.2,NA
5,LHb.7,-0.06660483743583862,100,MHb.2,NA
1,MHb.1,1.8183476561321865,100,MHb.2,NA
2,MHb.1,1.230832223700511,100,MHb.2,NA
3,MHb.1,1.5995982846644252,100,MHb.2,NA
4,MHb.1,1.300009147902713,100,MHb.2,NA
5,MHb.1,1.783818392057692,100,MHb.2,NA
1,MHb.2,0.8236907616830408,100,MHb.2,NA
2,MHb.2,0.9468286488812723,100,MHb.2,NA
3,MHb.2,1.1934676440844931,100,MHb.2,NA
4,MHb.2,1.1249080897363328,100,MHb.2,NA
5,MHb.2,0.8236907616830408,100,MHb.2,NA
1,MHb.2/Oligo,0.33966853757959864,100,MHb.2,NA
2,MHb.2/Oligo,0.6670411582564301,100,MHb.2,NA
3,MHb.2/Oligo,0.1775285862193041,100,MHb.2,NA
4,MHb.2/Oligo,0.8737869942590855,100,MHb.2,NA
5,MHb.2/Oligo,0.9569543735961634,100,MHb.2,NA
1,Oligo,-1.2647237450278874,100,MHb.2,NA
2,Oligo,-0.22109167819520165,100,MHb.2,NA
3,Oligo,0.21626221674693027,100,MHb.2,NA
4,Oligo,-0.9214081525771027,100,MHb.2,NA
5,Oligo,-0.9214081525771027,100,MHb.2,NA
1,OPC,-0.1860462542899209,100,MHb.2,NA
2,OPC,-1.0996702724555345,100,MHb.2,NA
3,OPC,-0.6527734307272132,100,MHb.2,NA
4,OPC,-0.561077816461011,100,MHb.2,NA
5,OPC,-0.561077816461011,100,MHb.2,NA
1,Astrocyte,-3.8572123558798594,200,MHb.2,NA
2,Astrocyte,-4.772533490629608,200,MHb.2,NA
3,Astrocyte,-4.692670040105478,200,MHb.2,NA
4,Astrocyte,-4.585918714342821,200,MHb.2,NA
5,Astrocyte,-4.692670040105478,200,MHb.2,NA
1,Endo,-7.554951927638183,200,MHb.2,NA
2,Endo,-6.706500013030665,200,MHb.2,NA
3,Endo,-5.240440480592662,200,MHb.2,NA
4,Endo,-6.096092677132827,200,MHb.2,NA
5,Endo,-7.604285161790532,200,MHb.2,NA
1,Excit.Thal,-2.8095630924201282,200,MHb.2,NA
2,Excit.Thal,-3.5344929533835,200,MHb.2,NA
3,Excit.Thal,-3.711744700660806,200,MHb.2,NA
4,Excit.Thal,-2.855642907031436,200,MHb.2,NA
5,Excit.Thal,-2.009497898610049,200,MHb.2,NA
1,LHb.4,-0.5282963354479887,200,MHb.2,NA
2,LHb.4,-0.35269068645029955,200,MHb.2,NA
3,LHb.4,-1.2044231863542258,200,MHb.2,NA
4,LHb.4,-1.2861624649422247,200,MHb.2,NA
5,LHb.4,-1.122091135277435,200,MHb.2,NA
1,LHb.7,-2.046811678569685,200,MHb.2,NA
2,LHb.7,-1.5076818844434665,200,MHb.2,NA
3,LHb.7,-0.7172197799717066,200,MHb.2,NA
4,LHb.7,0.14021046377485777,200,MHb.2,NA
5,LHb.7,-1.7015305329225667,200,MHb.2,NA
1,MHb.1,3.5629856864191063,200,MHb.2,NA
2,MHb.1,3.4942947430568507,200,MHb.2,NA
3,MHb.1,3.7232095246019266,200,MHb.2,NA
4,MHb.1,3.6316624628548357,200,MHb.2,NA
5,MHb.1,3.9290990223973083,200,MHb.2,NA
1,MHb.2,3.603300913293154,200,MHb.2,NA
2,MHb.2,3.659260835442366,200,MHb.2,NA
3,MHb.2,2.850351891888719,200,MHb.2,NA
4,MHb.2,2.892060694139466,200,MHb.2,NA
5,MHb.2,3.519409426989257,200,MHb.2,NA
1,MHb.2/Oligo,0.9986395730969589,200,MHb.2,NA
2,MHb.2/Oligo,0.8323043115899003,200,MHb.2,NA
3,MHb.2/Oligo,0.790888633984236,200,MHb.2,NA
4,MHb.2/Oligo,1.292354643515194,200,MHb.2,NA
5,MHb.2/Oligo,1.3768977372781535,200,MHb.2,NA
1,Oligo,-2.0489802704701314,200,MHb.2,NA
2,Oligo,-1.9752724880125399,200,MHb.2,NA
3,Oligo,-2.523217193370454,200,MHb.2,NA
4,Oligo,-2.882428237375745,200,MHb.2,NA
5,Oligo,-2.378185543974161,200,MHb.2,NA
1,OPC,-1.4441495651392389,200,MHb.2,NA
2,OPC,-1.0996702724555345,200,MHb.2,NA
3,OPC,-2.101781044227065,200,MHb.2,NA
4,OPC,-2.6465307627180428,200,MHb.2,NA
5,OPC,-2.416339534168685,200,MHb.2,NA
1,Astrocyte,-8.877188250036276,500,MHb.2,NA
2,Astrocyte,-6.437065830192219,500,MHb.2,NA
3,Astrocyte,-8.251041406512348,500,MHb.2,NA
4,Astrocyte,-7.787043568195247,500,MHb.2,NA
5,Astrocyte,-7.067951911090725,500,MHb.2,NA
1,Endo,-15.217067740919402,500,MHb.2,NA
2,Endo,-15.094090398753828,500,MHb.2,NA
3,Endo,-14.515521965600017,500,MHb.2,NA
4,Endo,-15.0119111249471,500,MHb.2,NA
5,Endo,-13.56898806133019,500,MHb.2,NA
1,Excit.Thal,-12.893782548340806,500,MHb.2,NA
2,Excit.Thal,-11.755046599670814,500,MHb.2,NA
3,Excit.Thal,-10.071455001002438,500,MHb.2,NA
4,Excit.Thal,-11.290494281270044,500,MHb.2,NA
5,Excit.Thal,-13.068889353079957,500,MHb.2,NA
1,LHb.4,-5.608241530841092,500,MHb.2,NA
2,LHb.4,-4.160277379455981,500,MHb.2,NA
3,LHb.4,-4.844424428693448,500,MHb.2,NA
4,LHb.4,-5.319790976635589,500,MHb.2,NA
5,LHb.4,-6.383776356367691,500,MHb.2,NA
1,LHb.7,-1.4687354309618479,500,MHb.2,NA
2,LHb.7,-3.4920307111070166,500,MHb.2,NA
3,LHb.7,-4.8619437980532245,500,MHb.2,NA
4,LHb.7,-1.9322321996427019,500,MHb.2,NA
5,LHb.7,-0.757332192974028,500,MHb.2,NA
1,MHb.1,10.265356543101106,500,MHb.2,NA
2,MHb.1,8.462466110583689,500,MHb.2,NA
3,MHb.1,9.387438382027144,500,MHb.2,NA
4,MHb.1,8.913937638755138,500,MHb.2,NA
5,MHb.1,9.781604605194161,500,MHb.2,NA
1,MHb.2,9.202366490374818,500,MHb.2,NA
2,MHb.2,9.305113601875906,500,MHb.2,NA
3,MHb.2,9.672831128584935,500,MHb.2,NA
4,MHb.2,9.452057101259395,500,MHb.2,NA
5,MHb.2,9.08505510759963,500,MHb.2,NA
1,MHb.2/Oligo,2.28201237840419,500,MHb.2,NA
2,MHb.2/Oligo,2.502375185783513,500,MHb.2,NA
3,MHb.2/Oligo,2.948978492851234,500,MHb.2,NA
4,MHb.2/Oligo,2.0635575033952134,500,MHb.2,NA
5,MHb.2/Oligo,1.5468303543541382,500,MHb.2,NA
1,Oligo,-4.711204804317561,500,MHb.2,NA
2,Oligo,-4.5101566296326325,500,MHb.2,NA
3,Oligo,-5.888078821988699,500,MHb.2,NA
4,Oligo,-4.744572081479221,500,MHb.2,NA
5,Oligo,-7.202112211306696,500,MHb.2,NA
1,OPC,-5.640592749761686,500,MHb.2,NA
2,OPC,-3.8006896243281685,500,MHb.2,NA
3,OPC,-5.873903751794448,500,MHb.2,NA
4,OPC,-5.1603754076353985,500,MHb.2,NA
5,OPC,-5.93155881290382,500,MHb.2,NA
1,Astrocyte,-13.349679731668926,1000,MHb.2,NA
2,Astrocyte,-13.178102663712172,1000,MHb.2,NA
3,Astrocyte,-11.084527975232586,1000,MHb.2,NA
4,Astrocyte,-8.202458941032416,1000,MHb.2,NA
5,Astrocyte,-10.606937448767932,1000,MHb.2,NA
1,Endo,-24.114778727722687,1000,MHb.2,NA
2,Endo,-22.967964720660717,1000,MHb.2,NA
3,Endo,-19.561827945348416,1000,MHb.2,NA
4,Endo,-16.70601283363181,1000,MHb.2,NA
5,Endo,-18.850259740190182,1000,MHb.2,NA
1,Excit.Thal,-23.23097359504158,1000,MHb.2,NA
2,Excit.Thal,-23.292071396786323,1000,MHb.2,NA
3,Excit.Thal,-21.1037331035032,1000,MHb.2,NA
4,Excit.Thal,-15.902153898583958,1000,MHb.2,NA
5,Excit.Thal,-14.53783443313771,1000,MHb.2,NA
1,LHb.4,-11.068306088053218,1000,MHb.2,NA
2,LHb.4,-11.14642218684675,1000,MHb.2,NA
3,LHb.4,-9.506174885754973,1000,MHb.2,NA
4,LHb.4,-5.2613229099338374,1000,MHb.2,NA
5,LHb.4,-7.7646756352167685,1000,MHb.2,NA
1,LHb.7,-4.690201249878989,1000,MHb.2,NA
2,LHb.7,-3.7074498939243257,1000,MHb.2,NA
3,LHb.7,-3.885631784238437,1000,MHb.2,NA
4,LHb.7,-3.455955505813145,1000,MHb.2,NA
5,LHb.7,-3.0191392887383937,1000,MHb.2,NA
1,MHb.1,20.877911043249373,1000,MHb.2,NA
2,MHb.1,19.387781073248703,1000,MHb.2,NA
3,MHb.1,15.185894332309584,1000,MHb.2,NA
4,MHb.1,8.473759146155505,1000,MHb.2,NA
5,MHb.1,11.085356622297054,1000,MHb.2,NA
1,MHb.2,18.266701646071926,1000,MHb.2,NA
2,MHb.2,18.570296126201356,1000,MHb.2,NA
3,MHb.2,16.43217810731878,1000,MHb.2,NA
4,MHb.2,14.367406835904848,1000,MHb.2,NA
5,MHb.2,15.573451195245456,1000,MHb.2,NA
1,MHb.2/Oligo,4.243681980899815,1000,MHb.2,NA
2,MHb.2/Oligo,4.578194305194237,1000,MHb.2,NA
3,MHb.2/Oligo,3.680542370572223,1000,MHb.2,NA
4,MHb.2/Oligo,2.635524518394358,1000,MHb.2,NA
5,MHb.2/Oligo,2.680064769328919,1000,MHb.2,NA
1,Oligo,-10.579259410630698,1000,MHb.2,NA
2,Oligo,-9.720926231240192,1000,MHb.2,NA
3,Oligo,-8.312219448879802,1000,MHb.2,NA
4,Oligo,-4.777899453141586,1000,MHb.2,NA
5,Oligo,-7.717407159905964,1000,MHb.2,NA
1,OPC,-9.796790090967315,1000,MHb.2,NA
2,OPC,-10.638878946829664,1000,MHb.2,NA
3,OPC,-7.951208933690265,1000,MHb.2,NA
4,OPC,-4.975330626438527,1000,MHb.2,NA
5,OPC,-6.2159488517228,1000,MHb.2,NA
1,Astrocyte,-17.235081908171118,5000,MHb.2,NA
2,Astrocyte,-16.225683413423315,5000,MHb.2,NA
3,Astrocyte,-15.742570679691767,5000,MHb.2,NA
4,Astrocyte,-17.83767935442401,5000,MHb.2,NA
5,Astrocyte,-15.681805122412838,5000,MHb.2,NA
1,Endo,-26.81830349356699,5000,MHb.2,NA
2,Endo,-27.409582558018904,5000,MHb.2,NA
3,Endo,-24.199325857903773,5000,MHb.2,NA
4,Endo,-27.599968696704824,5000,MHb.2,NA
5,Endo,-25.681430752785868,5000,MHb.2,NA
1,Excit.Thal,-26.308337815527544,5000,MHb.2,NA
2,Excit.Thal,-26.6424329262154,5000,MHb.2,NA
3,Excit.Thal,-23.108437781389455,5000,MHb.2,NA
4,Excit.Thal,-26.457204343388057,5000,MHb.2,NA
5,Excit.Thal,-25.055936363176325,5000,MHb.2,NA
1,LHb.4,-12.989232340186984,5000,MHb.2,NA
2,LHb.4,-12.312291273374598,5000,MHb.2,NA
3,LHb.4,-12.019097536096577,5000,MHb.2,NA
4,LHb.4,-12.60054532446509,5000,MHb.2,NA
5,LHb.4,-11.982089362268281,5000,MHb.2,NA
1,LHb.7,-6.295533430996721,5000,MHb.2,NA
2,LHb.7,-5.571530928137763,5000,MHb.2,NA
3,LHb.7,-5.235957590199751,5000,MHb.2,NA
4,LHb.7,-6.778434350666356,5000,MHb.2,NA
5,LHb.7,-5.737773053422913,5000,MHb.2,NA
1,MHb.1,25.211419193605412,5000,MHb.2,NA
2,MHb.1,25.299209016241313,5000,MHb.2,NA
3,MHb.1,19.995244469846057,5000,MHb.2,NA
4,MHb.1,25.88064760670659,5000,MHb.2,NA
5,MHb.1,23.739864193172426,5000,MHb.2,NA
1,MHb.2,24.094774149798823,5000,MHb.2,NA
2,MHb.2,24.145503014404778,5000,MHb.2,NA
3,MHb.2,23.38729951525113,5000,MHb.2,NA
4,MHb.2,24.9266484838162,5000,MHb.2,NA
5,MHb.2,22.734860405046206,5000,MHb.2,NA
1,MHb.2/Oligo,4.626353995286103,5000,MHb.2,NA
2,MHb.2/Oligo,5.064083312068268,5000,MHb.2,NA
3,MHb.2/Oligo,4.674607955032726,5000,MHb.2,NA
4,MHb.2/Oligo,5.4100161302308685,5000,MHb.2,NA
5,MHb.2/Oligo,4.386490097244252,5000,MHb.2,NA
1,Oligo,-12.69002756095627,5000,MHb.2,NA
2,Oligo,-12.791939295858905,5000,MHb.2,NA
3,Oligo,-10.68827414596343,5000,MHb.2,NA
4,Oligo,-12.96950612430595,5000,MHb.2,NA
5,Oligo,-13.246567354153138,5000,MHb.2,NA
1,OPC,-12.382067724924449,5000,MHb.2,NA
2,OPC,-14.225445554273417,5000,MHb.2,NA
3,OPC,-13.030445206854282,5000,MHb.2,NA
4,OPC,-13.206245388840214,5000,MHb.2,NA
5,OPC,-12.99506791012235,5000,MHb.2,NA
1,Astrocyte,-0.8823478322489715,100,MHb.2/Oligo,NA
2,Astrocyte,-0.5755223195689056,100,MHb.2/Oligo,NA
3,Astrocyte,-1.487178475172075,100,MHb.2/Oligo,NA
4,Astrocyte,-2.080693048205534,100,MHb.2/Oligo,NA
5,Astrocyte,-1.818272864840867,100,MHb.2/Oligo,NA
1,Endo,-2.5884481409128757,100,MHb.2/Oligo,NA
2,Endo,-2.552786288509181,100,MHb.2/Oligo,NA
3,Endo,-2.552786288509181,100,MHb.2/Oligo,NA
4,Endo,-3.5002476833870912,100,MHb.2/Oligo,NA
5,Endo,-2.801478718247041,100,MHb.2/Oligo,NA
1,Excit.Thal,-1.7814988429318666,100,MHb.2/Oligo,NA
2,Excit.Thal,-2.2515922108780875,100,MHb.2/Oligo,NA
3,Excit.Thal,-3.0660918636835612,100,MHb.2/Oligo,NA
4,Excit.Thal,-3.278636029565712,100,MHb.2/Oligo,NA
5,Excit.Thal,-2.174589953730703,100,MHb.2/Oligo,NA
1,LHb.4,-0.3924543450816808,100,MHb.2/Oligo,NA
2,LHb.4,-0.7886246789341752,100,MHb.2/Oligo,NA
3,LHb.4,0.6298642162756243,100,MHb.2/Oligo,NA
4,LHb.4,0.32198439261002626,100,MHb.2/Oligo,NA
5,LHb.4,0.02733180482535825,100,MHb.2/Oligo,NA
1,LHb.7,0.4650859757569511,100,MHb.2/Oligo,NA
2,LHb.7,1.1003636739771703,100,MHb.2/Oligo,NA
3,LHb.7,0.1834297769896165,100,MHb.2/Oligo,NA
4,LHb.7,0.983205635333204,100,MHb.2/Oligo,NA
5,LHb.7,0.636171069893324,100,MHb.2/Oligo,NA
1,MHb.1,1.7790883183323443,100,MHb.2/Oligo,NA
2,MHb.1,1.552701540731845,100,MHb.2/Oligo,NA
3,MHb.1,2.6518854647735735,100,MHb.2/Oligo,NA
4,MHb.1,2.2460856125905497,100,MHb.2/Oligo,NA
5,MHb.1,2.6218558735206035,100,MHb.2/Oligo,NA
1,MHb.2,-0.5103568894672805,100,MHb.2/Oligo,NA
2,MHb.2,-0.6468737076633557,100,MHb.2/Oligo,NA
3,MHb.2,-1.0161469287722245,100,MHb.2/Oligo,NA
4,MHb.2,-0.001052749738768891,100,MHb.2/Oligo,NA
5,MHb.2,-0.7636865014242181,100,MHb.2/Oligo,NA
1,MHb.2/Oligo,0.34795000470896736,100,MHb.2/Oligo,NA
2,MHb.2/Oligo,0.5161793862772203,100,MHb.2/Oligo,NA
3,MHb.2/Oligo,-0.2731953165687508,100,MHb.2/Oligo,NA
4,MHb.2/Oligo,0.30606615832677075,100,MHb.2/Oligo,NA
5,MHb.2/Oligo,0.38990298221256803,100,MHb.2/Oligo,NA
1,Oligo,0.39661567197768655,100,MHb.2/Oligo,NA
2,Oligo,0.8794669085568622,100,MHb.2/Oligo,NA
3,Oligo,1.057452824271593,100,MHb.2/Oligo,NA
4,Oligo,1.191805141201271,100,MHb.2/Oligo,NA
5,Oligo,-0.07688480830257757,100,MHb.2/Oligo,NA
1,OPC,0.1730845069477906,100,MHb.2/Oligo,NA
2,OPC,-0.5269837617226015,100,MHb.2/Oligo,NA
3,OPC,0.1730845069477906,100,MHb.2/Oligo,NA
4,OPC,-0.6590056847811353,100,MHb.2/Oligo,NA
5,OPC,0.1730845069477906,100,MHb.2/Oligo,NA
1,Astrocyte,-0.7463508782839751,200,MHb.2/Oligo,NA
2,Astrocyte,-3.5181949532322,200,MHb.2/Oligo,NA
3,Astrocyte,-3.2987308280921077,200,MHb.2/Oligo,NA
4,Astrocyte,-3.4869332063615173,200,MHb.2/Oligo,NA
5,Astrocyte,-2.0480081859005015,200,MHb.2/Oligo,NA
1,Endo,-6.074653388338613,200,MHb.2/Oligo,NA
2,Endo,-6.326412277856059,200,MHb.2/Oligo,NA
3,Endo,-5.468060071275472,200,MHb.2/Oligo,NA
4,Endo,-5.176329289781417,200,MHb.2/Oligo,NA
5,Endo,-5.564666396039769,200,MHb.2/Oligo,NA
1,Excit.Thal,-4.222992354998575,200,MHb.2/Oligo,NA
2,Excit.Thal,-5.159400968371584,200,MHb.2/Oligo,NA
3,Excit.Thal,-5.456537391302275,200,MHb.2/Oligo,NA
4,Excit.Thal,-4.543096804190107,200,MHb.2/Oligo,NA
5,Excit.Thal,-4.287688878652644,200,MHb.2/Oligo,NA
1,LHb.4,-1.7497324349522994,200,MHb.2/Oligo,NA
2,LHb.4,-1.2849504551776574,200,MHb.2/Oligo,NA
3,LHb.4,-2.3970036267542434,200,MHb.2/Oligo,NA
4,LHb.4,-2.2928687878110026,200,MHb.2/Oligo,NA
5,LHb.4,-2.701266624434179,200,MHb.2/Oligo,NA
1,LHb.7,0.4084094467648316,200,MHb.2/Oligo,NA
2,LHb.7,0.016474386246450992,200,MHb.2/Oligo,NA
3,LHb.7,-0.14899063788100247,200,MHb.2/Oligo,NA
4,LHb.7,0.4084094467648316,200,MHb.2/Oligo,NA
5,LHb.7,0.8088659511398577,200,MHb.2/Oligo,NA
1,MHb.1,3.759713943849036,200,MHb.2/Oligo,NA
2,MHb.1,4.474991650555253,200,MHb.2/Oligo,NA
3,MHb.1,4.638552455712155,200,MHb.2/Oligo,NA
4,MHb.1,5.172930386552772,200,MHb.2/Oligo,NA
5,MHb.1,4.474991650555253,200,MHb.2/Oligo,NA
1,MHb.2,-1.4992384029908874,200,MHb.2/Oligo,NA
2,MHb.2,-0.37358536278043925,200,MHb.2/Oligo,NA
3,MHb.2,-0.4322330141132726,200,MHb.2/Oligo,NA
4,MHb.2,-1.2097615702981601,200,MHb.2/Oligo,NA
5,MHb.2,-1.5954806846144614,200,MHb.2/Oligo,NA
1,MHb.2/Oligo,2.8122655183793186,200,MHb.2/Oligo,NA
2,MHb.2/Oligo,2.1730004654731725,200,MHb.2/Oligo,NA
3,MHb.2/Oligo,3.5637631403378798,200,MHb.2/Oligo,NA
4,MHb.2/Oligo,3.185137547469673,200,MHb.2/Oligo,NA
5,MHb.2/Oligo,3.611506033168422,200,MHb.2/Oligo,NA
1,Oligo,1.508228382972871,200,MHb.2/Oligo,NA
2,Oligo,2.200625744499182,200,MHb.2/Oligo,NA
3,Oligo,0.6149084854433551,200,MHb.2/Oligo,NA
4,Oligo,-0.3313652865369566,200,MHb.2/Oligo,NA
5,Oligo,0.18025444284608624,200,MHb.2/Oligo,NA
1,OPC,-1.8615269832784458,200,MHb.2/Oligo,NA
2,OPC,-1.403917408315571,200,MHb.2/Oligo,NA
3,OPC,-3.368701597788463,200,MHb.2/Oligo,NA
4,OPC,-2.8977339310133696,200,MHb.2/Oligo,NA
5,OPC,-2.2928687878110026,200,MHb.2/Oligo,NA
1,Astrocyte,-5.10419699106465,500,MHb.2/Oligo,NA
2,Astrocyte,-3.7361939455717192,500,MHb.2/Oligo,NA
3,Astrocyte,-5.547986689524152,500,MHb.2/Oligo,NA
4,Astrocyte,-2.8871828955248384,500,MHb.2/Oligo,NA
5,Astrocyte,-2.791463398019703,500,MHb.2/Oligo,NA
1,Endo,-10.592019408913565,500,MHb.2/Oligo,NA
2,Endo,-11.134114590981895,500,MHb.2/Oligo,NA
3,Endo,-11.428492427085153,500,MHb.2/Oligo,NA
4,Endo,-10.837075817202782,500,MHb.2/Oligo,NA
5,Endo,-10.317549317824312,500,MHb.2/Oligo,NA
1,Excit.Thal,-11.879535263026925,500,MHb.2/Oligo,NA
2,Excit.Thal,-12.399420363055567,500,MHb.2/Oligo,NA
3,Excit.Thal,-9.789617629540235,500,MHb.2/Oligo,NA
4,Excit.Thal,-9.875340400903424,500,MHb.2/Oligo,NA
5,Excit.Thal,-9.918022328757912,500,MHb.2/Oligo,NA
1,LHb.4,-5.817687260081349,500,MHb.2/Oligo,NA
2,LHb.4,-4.639230932229145,500,MHb.2/Oligo,NA
3,LHb.4,-4.639230932229145,500,MHb.2/Oligo,NA
4,LHb.4,-4.153656765207591,500,MHb.2/Oligo,NA
5,LHb.4,-4.153656765207591,500,MHb.2/Oligo,NA
1,LHb.7,-0.25848767453528276,500,MHb.2/Oligo,NA
2,LHb.7,-0.9023214418571229,500,MHb.2/Oligo,NA
3,LHb.7,-1.4737556736826627,500,MHb.2/Oligo,NA
4,LHb.7,-0.3673445678122922,500,MHb.2/Oligo,NA
5,LHb.7,0.5219375914964616,500,MHb.2/Oligo,NA
1,MHb.1,9.793633716598556,500,MHb.2/Oligo,NA
2,MHb.1,9.924314270053832,500,MHb.2/Oligo,NA
3,MHb.1,10.286956366871584,500,MHb.2/Oligo,NA
4,MHb.1,9.967859150713762,500,MHb.2/Oligo,NA
5,MHb.1,9.56114154743945,500,MHb.2/Oligo,NA
1,MHb.2,0.9088676924962749,500,MHb.2/Oligo,NA
2,MHb.2,0.4722589108901203,500,MHb.2/Oligo,NA
3,MHb.2,0.5712562087762957,500,MHb.2/Oligo,NA
4,MHb.2,-1.845130814134862,500,MHb.2/Oligo,NA
5,MHb.2,-1.4028714613599538,500,MHb.2/Oligo,NA
1,MHb.2/Oligo,6.127308176903713,500,MHb.2/Oligo,NA
2,MHb.2/Oligo,5.863534876131393,500,MHb.2/Oligo,NA
3,MHb.2/Oligo,6.447744047923447,500,MHb.2/Oligo,NA
4,MHb.2/Oligo,5.7066595992239755,500,MHb.2/Oligo,NA
5,MHb.2/Oligo,4.78638568866106,500,MHb.2/Oligo,NA
1,Oligo,-0.4576284608031674,500,MHb.2/Oligo,NA
2,Oligo,-0.9974584582047964,500,MHb.2/Oligo,NA
3,Oligo,-1.6061620175641405,500,MHb.2/Oligo,NA
4,Oligo,-0.9151667491663356,500,MHb.2/Oligo,NA
5,Oligo,-0.7912170732844592,500,MHb.2/Oligo,NA
1,OPC,-5.817687260081349,500,MHb.2/Oligo,NA
2,OPC,-4.639230932229145,500,MHb.2/Oligo,NA
3,OPC,-5.393413684184794,500,MHb.2/Oligo,NA
4,OPC,-4.717586609942164,500,MHb.2/Oligo,NA
5,OPC,-5.954947733289282,500,MHb.2/Oligo,NA
1,Astrocyte,-6.332394028123412,1000,MHb.2/Oligo,NA
2,Astrocyte,-7.014814314923843,1000,MHb.2/Oligo,NA
3,Astrocyte,-5.84062924946387,1000,MHb.2/Oligo,NA
4,Astrocyte,-5.10419699106465,1000,MHb.2/Oligo,NA
5,Astrocyte,-6.188494115514061,1000,MHb.2/Oligo,NA
1,Endo,-16.77198026396748,1000,MHb.2/Oligo,NA
2,Endo,-16.07937603118484,1000,MHb.2/Oligo,NA
3,Endo,-14.629112564110176,1000,MHb.2/Oligo,NA
4,Endo,-13.595026467842459,1000,MHb.2/Oligo,NA
5,Endo,-15.087138631745859,1000,MHb.2/Oligo,NA
1,Excit.Thal,-17.82061393138049,1000,MHb.2/Oligo,NA
2,Excit.Thal,-17.985954675243562,1000,MHb.2/Oligo,NA
3,Excit.Thal,-16.450375633185278,1000,MHb.2/Oligo,NA
4,Excit.Thal,-16.123385789247404,1000,MHb.2/Oligo,NA
5,Excit.Thal,-13.255752721673474,1000,MHb.2/Oligo,NA
1,LHb.4,-9.542163136484334,1000,MHb.2/Oligo,NA
2,LHb.4,-9.493395358581163,1000,MHb.2/Oligo,NA
3,LHb.4,-8.311621782261028,1000,MHb.2/Oligo,NA
4,LHb.4,-5.60796909547783,1000,MHb.2/Oligo,NA
5,LHb.4,-6.676781892674958,1000,MHb.2/Oligo,NA
1,LHb.7,-2.226332682794691,1000,MHb.2/Oligo,NA
2,LHb.7,-2.470782938173815,1000,MHb.2/Oligo,NA
3,LHb.7,-2.226332682794691,1000,MHb.2/Oligo,NA
4,LHb.7,-3.092315587884991,1000,MHb.2/Oligo,NA
5,LHb.7,-1.8286428733404263,1000,MHb.2/Oligo,NA
1,MHb.1,15.939322901036265,1000,MHb.2/Oligo,NA
2,MHb.1,16.634975568011107,1000,MHb.2/Oligo,NA
3,MHb.1,13.914852951579192,1000,MHb.2/Oligo,NA
4,MHb.1,13.49975203788673,1000,MHb.2/Oligo,NA
5,MHb.1,13.685904119198515,1000,MHb.2/Oligo,NA
1,MHb.2,5.579336316586253,1000,MHb.2/Oligo,NA
2,MHb.2,4.796206846897024,1000,MHb.2/Oligo,NA
3,MHb.2,3.772731727233397,1000,MHb.2/Oligo,NA
4,MHb.2,1.7498514077260188,1000,MHb.2/Oligo,NA
5,MHb.2,2.3160875226550424,1000,MHb.2/Oligo,NA
1,MHb.2/Oligo,8.003344525832759,1000,MHb.2/Oligo,NA
2,MHb.2/Oligo,7.2127161710178065,1000,MHb.2/Oligo,NA
3,MHb.2/Oligo,7.2127161710178065,1000,MHb.2/Oligo,NA
4,MHb.2/Oligo,6.447744047923447,1000,MHb.2/Oligo,NA
5,MHb.2/Oligo,6.074319403892973,1000,MHb.2/Oligo,NA
1,Oligo,-3.198881705222288,1000,MHb.2/Oligo,NA
2,Oligo,-2.6661297588997424,1000,MHb.2/Oligo,NA
3,Oligo,-0.9974584582047964,1000,MHb.2/Oligo,NA
4,Oligo,-0.9563465666770427,1000,MHb.2/Oligo,NA
5,Oligo,-2.5118590450325216,1000,MHb.2/Oligo,NA
1,OPC,-8.311621782261028,1000,MHb.2/Oligo,NA
2,OPC,-8.736605317429879,1000,MHb.2/Oligo,NA
3,OPC,-7.981863263834835,1000,MHb.2/Oligo,NA
4,OPC,-5.678398644929145,1000,MHb.2/Oligo,NA
5,OPC,-5.393413684184794,1000,MHb.2/Oligo,NA
1,Astrocyte,-11.154679047658197,5000,MHb.2/Oligo,NA
2,Astrocyte,-10.776588239025063,5000,MHb.2/Oligo,NA
3,Astrocyte,-8.502853465867618,5000,MHb.2/Oligo,NA
4,Astrocyte,-11.029076877037102,5000,MHb.2/Oligo,NA
5,Astrocyte,-9.722845870819492,5000,MHb.2/Oligo,NA
1,Endo,-20.454850807837275,5000,MHb.2/Oligo,NA
2,Endo,-22.186847775864216,5000,MHb.2/Oligo,NA
3,Endo,-18.230096439592486,5000,MHb.2/Oligo,NA
4,Endo,-21.96669197337004,5000,MHb.2/Oligo,NA
5,Endo,-19.18662939104588,5000,MHb.2/Oligo,NA
1,Excit.Thal,-23.019840625766843,5000,MHb.2/Oligo,NA
2,Excit.Thal,-22.907481763810665,5000,MHb.2/Oligo,NA
3,Excit.Thal,-19.525073489401134,5000,MHb.2/Oligo,NA
4,Excit.Thal,-23.684745860177006,5000,MHb.2/Oligo,NA
5,Excit.Thal,-22.223540396984816,5000,MHb.2/Oligo,NA
1,LHb.4,-10.790932424315935,5000,MHb.2/Oligo,NA
2,LHb.4,-11.393659835498493,5000,MHb.2/Oligo,NA
3,LHb.4,-10.205177295700222,5000,MHb.2/Oligo,NA
4,LHb.4,-10.790932424315935,5000,MHb.2/Oligo,NA
5,LHb.4,-9.395259683644738,5000,MHb.2/Oligo,NA
1,LHb.7,-5.691814854481974,5000,MHb.2/Oligo,NA
2,LHb.7,-4.674447994189732,5000,MHb.2/Oligo,NA
3,LHb.7,-2.90317582620575,5000,MHb.2/Oligo,NA
4,LHb.7,-6.020073889564136,5000,MHb.2/Oligo,NA
5,LHb.7,-4.84756632653734,5000,MHb.2/Oligo,NA
1,MHb.1,25.57265315713553,5000,MHb.2/Oligo,NA
2,MHb.1,25.433515810090714,5000,MHb.2/Oligo,NA
3,MHb.1,19.178873240171992,5000,MHb.2/Oligo,NA
4,MHb.1,26.309638222146127,5000,MHb.2/Oligo,NA
5,MHb.1,23.133414330647994,5000,MHb.2/Oligo,NA
1,MHb.2,8.874053499484686,5000,MHb.2/Oligo,NA
2,MHb.2,8.806962615729168,5000,MHb.2/Oligo,NA
3,MHb.2,6.8472533324111,5000,MHb.2/Oligo,NA
4,MHb.2,9.053302309691501,5000,MHb.2/Oligo,NA
5,MHb.2,7.39186650364486,5000,MHb.2/Oligo,NA
1,MHb.2/Oligo,7.8316690554360635,5000,MHb.2/Oligo,NA
2,MHb.2/Oligo,9.12093146201416,5000,MHb.2/Oligo,NA
3,MHb.2/Oligo,7.6612409758751765,5000,MHb.2/Oligo,NA
4,MHb.2/Oligo,8.467398870470053,5000,MHb.2/Oligo,NA
5,MHb.2/Oligo,7.717912961197599,5000,MHb.2/Oligo,NA
1,Oligo,-7.014302030953066,5000,MHb.2/Oligo,NA
2,Oligo,-5.366175277765011,5000,MHb.2/Oligo,NA
3,Oligo,-3.794575137775827,5000,MHb.2/Oligo,NA
4,Oligo,-6.017169370346365,5000,MHb.2/Oligo,NA
5,Oligo,-6.784862694757343,5000,MHb.2/Oligo,NA
1,OPC,-11.266774858009507,5000,MHb.2/Oligo,NA
2,OPC,-11.393659835498493,5000,MHb.2/Oligo,NA
3,OPC,-9.87814155425721,5000,MHb.2/Oligo,NA
4,OPC,-11.0525983091174,5000,MHb.2/Oligo,NA
5,OPC,-9.639109800669363,5000,MHb.2/Oligo,NA
1,Astrocyte,0.30692022829637017,100,Oligo,NA
2,Astrocyte,0.2706443223690927,100,Oligo,NA
3,Astrocyte,0.9079699896187956,100,Oligo,NA
4,Astrocyte,1.091045854345027,100,Oligo,NA
5,Astrocyte,0.6706277528013431,100,Oligo,NA
1,Endo,0.7205120420598802,100,Oligo,NA
2,Endo,-0.1811868632631125,100,Oligo,NA
3,Endo,0.24400861100669985,100,Oligo,NA
4,Endo,-0.45818356653498743,100,Oligo,NA
5,Endo,-0.1811868632631125,100,Oligo,NA
1,Excit.Thal,-0.8614245855439011,100,Oligo,NA
2,Excit.Thal,-0.8233808565225851,100,Oligo,NA
3,Excit.Thal,-0.21180959248673267,100,Oligo,NA
4,Excit.Thal,-0.7091238408701932,100,Oligo,NA
5,Excit.Thal,0.0189401043617582,100,Oligo,NA
1,LHb.4,-0.8865854608452493,100,Oligo,NA
2,LHb.4,-0.4197375271863118,100,Oligo,NA
3,LHb.4,-0.3472446542872577,100,Oligo,NA
4,LHb.4,-0.31093015259830314,100,Oligo,NA
5,LHb.4,-0.31093015259830314,100,Oligo,NA
1,LHb.7,0.04276058034569557,100,Oligo,NA
2,LHb.7,1.2102761474946402,100,Oligo,NA
3,LHb.7,-0.12934879989736026,100,Oligo,NA
4,LHb.7,0.9739081228839211,100,Oligo,NA
5,LHb.7,0.7682792452540989,100,Oligo,NA
1,MHb.1,-0.5927443285899109,100,Oligo,NA
2,MHb.1,-0.37119092680292554,100,Oligo,NA
3,MHb.1,-0.052208783347395656,100,Oligo,NA
4,MHb.1,0.4482634354875802,100,Oligo,NA
5,MHb.1,-0.4543066877374609,100,Oligo,NA
1,MHb.2,-2.5625181380158883,100,Oligo,NA
2,MHb.2,-1.9114536486017923,100,Oligo,NA
3,MHb.2,-3.5458488455202968,100,Oligo,NA
4,MHb.2,-4.347833706227191,100,Oligo,NA
5,MHb.2,-3.794755290398703,100,Oligo,NA
1,MHb.2/Oligo,0.9930846611918943,100,Oligo,NA
2,MHb.2/Oligo,0.48029421578263776,100,Oligo,NA
3,MHb.2/Oligo,0.48029421578263776,100,Oligo,NA
4,MHb.2/Oligo,0.9353996154002884,100,Oligo,NA
5,MHb.2/Oligo,1.4020294989095465,100,Oligo,NA
1,Oligo,2.587784932146717,100,Oligo,NA
2,Oligo,1.742631599333843,100,Oligo,NA
3,Oligo,1.5122595186128651,100,Oligo,NA
4,Oligo,1.3244174669575106,100,Oligo,NA
5,Oligo,1.6378091591564155,100,Oligo,NA
1,OPC,-0.5854134085201205,100,Oligo,NA
2,OPC,-0.02292774270866687,100,Oligo,NA
3,OPC,-0.39917186575081814,100,Oligo,NA
4,OPC,0.01497715796232306,100,Oligo,NA
5,OPC,-0.02292774270866687,100,Oligo,NA
1,Astrocyte,1.4953746716278549,200,Oligo,NA
2,Astrocyte,1.550678194557431,200,Oligo,NA
3,Astrocyte,1.4216995434320374,200,Oligo,NA
4,Astrocyte,0.9262577537033317,200,Oligo,NA
5,Astrocyte,1.679877525844753,200,Oligo,NA
1,Endo,0.3423999309439709,200,Oligo,NA
2,Endo,0.5230484556140141,200,Oligo,NA
3,Endo,-0.27904155408836895,200,Oligo,NA
4,Endo,0.19485098605563386,200,Oligo,NA
5,Endo,-0.11589494002677131,200,Oligo,NA
1,Excit.Thal,-0.6900626118221479,200,Oligo,NA
2,Excit.Thal,-0.1734052145173658,200,Oligo,NA
3,Excit.Thal,0.540992922494531,200,Oligo,NA
4,Excit.Thal,-1.0133906590895831,200,Oligo,NA
5,Excit.Thal,-0.7662759723118993,200,Oligo,NA
1,LHb.4,-0.8152479331294853,200,Oligo,NA
2,LHb.4,-0.9221889497393606,200,Oligo,NA
3,LHb.4,-1.3811344544419804,200,Oligo,NA
4,LHb.4,-0.20171277317302042,200,Oligo,NA
5,LHb.4,-0.7795136418987092,200,Oligo,NA
1,LHb.7,1.2102761474946402,200,Oligo,NA
2,LHb.7,0.7682792452540989,200,Oligo,NA
3,LHb.7,0.4183206514398523,200,Oligo,NA
4,LHb.7,1.1806499085657503,200,Oligo,NA
5,LHb.7,1.06237462525328,200,Oligo,NA
1,MHb.1,-1.3797474602034097,200,Oligo,NA
2,MHb.1,-1.984866939475458,200,Oligo,NA
3,MHb.1,-2.50582945912428,200,Oligo,NA
4,MHb.1,-1.1591906852638736,200,Oligo,NA
5,MHb.1,-0.620418600052835,200,Oligo,NA
1,MHb.2,-7.093029567321146,200,Oligo,NA
2,MHb.2,-6.613131306040682,200,Oligo,NA
3,MHb.2,-4.771546426048607,200,Oligo,NA
4,MHb.2,-6.327585070792008,200,Oligo,NA
5,MHb.2,-8.114494005367392,200,Oligo,NA
1,MHb.2/Oligo,1.9416155292747177,200,Oligo,NA
2,MHb.2/Oligo,2.814227780046708,200,Oligo,NA
3,MHb.2/Oligo,1.4612018999301892,200,Oligo,NA
4,MHb.2/Oligo,1.520566352678269,200,Oligo,NA
5,MHb.2/Oligo,1.7599731502426734,200,Oligo,NA
1,Oligo,4.908821863631574,200,Oligo,NA
2,Oligo,4.908821863631574,200,Oligo,NA
3,Oligo,4.930947250193966,200,Oligo,NA
4,Oligo,4.380284731468085,200,Oligo,NA
5,Oligo,4.688023271425303,200,Oligo,NA
1,OPC,-0.8808540826212087,200,Oligo,NA
2,OPC,-1.2458518462664008,200,Oligo,NA
3,OPC,0.24349699093237726,200,Oligo,NA
4,OPC,0.20527970551069477,200,Oligo,NA
5,OPC,-0.09858325500046047,200,Oligo,NA
1,Astrocyte,3.778000493767458,500,Oligo,NA
2,Astrocyte,3.759002220404537,500,Oligo,NA
3,Astrocyte,3.1347886996334857,500,Oligo,NA
4,Astrocyte,3.6830581248508563,500,Oligo,NA
5,Astrocyte,2.927882177544156,500,Oligo,NA
1,Endo,0.868880142366887,500,Oligo,NA
2,Endo,0.4573183893708974,500,Oligo,NA
3,Endo,1.3651309578361035,500,Oligo,NA
4,Endo,1.3817177886053587,500,Oligo,NA
5,Endo,1.331966079724929,500,Oligo,NA
1,Excit.Thal,0.9888865153219821,500,Oligo,NA
2,Excit.Thal,1.1845506432166135,500,Oligo,NA
3,Excit.Thal,1.6367443411795362,500,Oligo,NA
4,Excit.Thal,0.8522576210516349,500,Oligo,NA
5,Excit.Thal,0.7743075039599268,500,Oligo,NA
1,LHb.4,-0.20171277317302042,500,Oligo,NA
2,LHb.4,-0.1286716020355414,500,Oligo,NA
3,LHb.4,0.8759480867571782,500,Oligo,NA
4,LHb.4,-0.20171277317302042,500,Oligo,NA
5,LHb.4,-0.31093015259830314,500,Oligo,NA
1,LHb.7,1.717484942394288,500,Oligo,NA
2,LHb.7,3.4696565191133466,500,Oligo,NA
3,LHb.7,3.785697429066548,500,Oligo,NA
4,LHb.7,2.2620333888061097,500,Oligo,NA
5,LHb.7,1.1214664181403566,500,Oligo,NA
1,MHb.1,-3.7609805269055494,500,Oligo,NA
2,MHb.1,-4.100592314226318,500,Oligo,NA
3,MHb.1,-5.99133795734122,500,Oligo,NA
4,MHb.1,-4.575024495415507,500,Oligo,NA
5,MHb.1,-3.461611140778204,500,Oligo,NA
1,MHb.2,-13.524330401830976,500,Oligo,NA
2,MHb.2,-13.030112623976772,500,Oligo,NA
3,MHb.2,-12.93522900519511,500,Oligo,NA
4,MHb.2,-13.195579276769882,500,Oligo,NA
5,MHb.2,-13.313322134839602,500,Oligo,NA
1,MHb.2/Oligo,2.9424086507669767,500,Oligo,NA
2,MHb.2/Oligo,1.4612018999301892,500,Oligo,NA
3,MHb.2/Oligo,1.9416155292747177,500,Oligo,NA
4,MHb.2/Oligo,3.3325469845129394,500,Oligo,NA
5,MHb.2/Oligo,2.3726536706683,500,Oligo,NA
1,Oligo,7.6719416450764015,500,Oligo,NA
2,Oligo,7.186844343316134,500,Oligo,NA
3,Oligo,8.09102646537837,500,Oligo,NA
4,Oligo,7.648748728413687,500,Oligo,NA
5,Oligo,8.161173183508756,500,Oligo,NA
1,OPC,-0.39917186575081814,500,Oligo,NA
2,OPC,-0.17403413558476974,500,Oligo,NA
3,OPC,0.09094207031801721,500,Oligo,NA
4,OPC,-0.2492816782999232,500,Oligo,NA
5,OPC,-0.09858325500046047,500,Oligo,NA
1,Astrocyte,6.685411085669968,1000,Oligo,NA
2,Astrocyte,7.002584995285401,1000,Oligo,NA
3,Astrocyte,5.703221703468823,1000,Oligo,NA
4,Astrocyte,6.29091762489272,1000,Oligo,NA
5,Astrocyte,6.468170124093541,1000,Oligo,NA
1,Endo,5.920900141607422,1000,Oligo,NA
2,Endo,3.5126545538977503,1000,Oligo,NA
3,Endo,3.427821216633567,1000,Oligo,NA
4,Endo,4.863648885719525,1000,Oligo,NA
5,Endo,5.087917080757453,1000,Oligo,NA
1,Excit.Thal,5.725642394662121,1000,Oligo,NA
2,Excit.Thal,6.677422372994854,1000,Oligo,NA
3,Excit.Thal,5.474202685513511,1000,Oligo,NA
4,Excit.Thal,4.067548869506449,1000,Oligo,NA
5,Excit.Thal,3.355191490911679,1000,Oligo,NA
1,LHb.4,1.877926740930595,1000,Oligo,NA
2,LHb.4,1.9958522538575822,1000,Oligo,NA
3,LHb.4,1.1422574646221613,1000,Oligo,NA
4,LHb.4,0.12843621406871503,1000,Oligo,NA
5,LHb.4,1.0659150340138717,1000,Oligo,NA
1,LHb.7,3.250013528904268,1000,Oligo,NA
2,LHb.7,2.814565447665333,1000,Oligo,NA
3,LHb.7,4.10445186444174,1000,Oligo,NA
4,LHb.7,5.2092742848374165,1000,Oligo,NA
5,LHb.7,5.011878646608073,1000,Oligo,NA
1,MHb.1,-13.464929214191603,1000,Oligo,NA
2,MHb.1,-12.957790512977743,1000,Oligo,NA
3,MHb.1,-12.253840827084995,1000,Oligo,NA
4,MHb.1,-11.60016887376668,1000,Oligo,NA
5,MHb.1,-12.580000281971618,1000,Oligo,NA
1,MHb.2,-18.291816288702595,1000,Oligo,NA
2,MHb.2,-16.70823504560566,1000,Oligo,NA
3,MHb.2,-16.05691792227964,1000,Oligo,NA
4,MHb.2,-17.327905853469613,1000,Oligo,NA
5,MHb.2,-16.729763059691553,1000,Oligo,NA
1,MHb.2/Oligo,1.4020294989095465,1000,Oligo,NA
2,MHb.2/Oligo,1.8808663072963943,1000,Oligo,NA
3,MHb.2/Oligo,2.0637268799885446,1000,Oligo,NA
4,MHb.2/Oligo,1.7599731502426734,1000,Oligo,NA
5,MHb.2/Oligo,2.0637268799885446,1000,Oligo,NA
1,Oligo,11.188624387829583,1000,Oligo,NA
2,Oligo,11.188624387829583,1000,Oligo,NA
3,Oligo,11.28745959297844,1000,Oligo,NA
4,Oligo,10.306898032121635,1000,Oligo,NA
5,Oligo,10.697060147680624,1000,Oligo,NA
1,OPC,1.0979062486580549,1000,Oligo,NA
2,OPC,-0.13633419310880027,1000,Oligo,NA
3,OPC,0.5511450957699544,1000,Oligo,NA
4,OPC,0.5898424277469027,1000,Oligo,NA
5,OPC,1.3754141892518874,1000,Oligo,NA
1,Astrocyte,15.108444394317244,5000,Oligo,NA
2,Astrocyte,15.918774845815628,5000,Oligo,NA
3,Astrocyte,11.685761502091651,5000,Oligo,NA
4,Astrocyte,15.197989360870206,5000,Oligo,NA
5,Astrocyte,13.88934650010774,5000,Oligo,NA
1,Endo,14.630931257618927,5000,Oligo,NA
2,Endo,14.999114891569178,5000,Oligo,NA
3,Endo,8.737952068231571,5000,Oligo,NA
4,Endo,13.842110993218926,5000,Oligo,NA
5,Endo,12.305834582283895,5000,Oligo,NA
1,Excit.Thal,14.308329014529306,5000,Oligo,NA
2,Excit.Thal,13.70820319699347,5000,Oligo,NA
3,Excit.Thal,8.274258775717156,5000,Oligo,NA
4,Excit.Thal,14.308329014529306,5000,Oligo,NA
5,Excit.Thal,13.684323187516693,5000,Oligo,NA
1,LHb.4,5.833074900871842,5000,Oligo,NA
2,LHb.4,5.652668169725159,5000,Oligo,NA
3,LHb.4,4.122947919391541,5000,Oligo,NA
4,LHb.4,6.151700018568076,5000,Oligo,NA
5,LHb.4,6.105952283727991,5000,Oligo,NA
1,LHb.7,8.959457862491021,5000,Oligo,NA
2,LHb.7,9.179762741068417,5000,Oligo,NA
3,LHb.7,5.407739208272262,5000,Oligo,NA
4,LHb.7,9.179762741068417,5000,Oligo,NA
5,LHb.7,6.931722994537843,5000,Oligo,NA
1,MHb.1,-33.612886057665015,5000,Oligo,NA
2,MHb.1,-35.272699906607286,5000,Oligo,NA
3,MHb.1,-23.090160786776753,5000,Oligo,NA
4,MHb.1,-34.11733229366982,5000,Oligo,NA
5,MHb.1,-31.38170184068253,5000,Oligo,NA
1,MHb.2,-23.179022352009003,5000,Oligo,NA
2,MHb.2,-22.77000034712605,5000,Oligo,NA
3,MHb.2,-20.979284707226125,5000,Oligo,NA
4,MHb.2,-22.807335866728188,5000,Oligo,NA
5,MHb.2,-21.115155578071278,5000,Oligo,NA
1,MHb.2/Oligo,1.6398770762996118,5000,Oligo,NA
2,MHb.2/Oligo,1.4020294989095465,5000,Oligo,NA
3,MHb.2/Oligo,3.071512163248271,5000,Oligo,NA
4,MHb.2/Oligo,1.1672326985225,5000,Oligo,NA
5,MHb.2/Oligo,1.5801242690578252,5000,Oligo,NA
1,Oligo,17.93207542450181,5000,Oligo,NA
2,Oligo,19.00511312479471,5000,Oligo,NA
3,Oligo,14.942546994867575,5000,Oligo,NA
4,Oligo,18.66389758855179,5000,Oligo,NA
5,Oligo,17.23780283472524,5000,Oligo,NA
1,OPC,3.965532709840139,5000,Oligo,NA
2,OPC,6.111307957785617,5000,Oligo,NA
3,OPC,4.009422478945094,5000,Oligo,NA
4,OPC,5.176793168383,5000,Oligo,NA
5,OPC,3.5305591161887286,5000,Oligo,NA
1,Astrocyte,-0.5561313563020038,100,OPC,NA
2,Astrocyte,-0.7645525814705806,100,OPC,NA
3,Astrocyte,-0.625684701980218,100,OPC,NA
4,Astrocyte,0.0031980227112895347,100,OPC,NA
5,Astrocyte,-0.3935287269876452,100,OPC,NA
1,Endo,-0.5555832536617432,100,OPC,NA
2,Endo,-1.0408507862484226,100,OPC,NA
3,Endo,-1.4631955979023747,100,OPC,NA
4,Endo,-0.4541331867978226,100,OPC,NA
5,Endo,-0.8389945479418309,100,OPC,NA
1,Excit.Thal,1.8506549109758115,100,OPC,NA
2,Excit.Thal,1.7414478713020158,100,OPC,NA
3,Excit.Thal,1.5452932386458107,100,OPC,NA
4,Excit.Thal,1.6760034323085755,100,OPC,NA
5,Excit.Thal,1.9381406977778615,100,OPC,NA
1,LHb.4,1.4139439482282272,100,OPC,NA
2,LHb.4,1.592163713910987,100,OPC,NA
3,LHb.4,1.3429269208073342,100,OPC,NA
4,LHb.4,1.592163713910987,100,OPC,NA
5,LHb.4,1.3784161885766186,100,OPC,NA
1,LHb.7,1.5110555084736905,100,OPC,NA
2,LHb.7,1.2214043427521404,100,OPC,NA
3,LHb.7,1.5838806239531944,100,OPC,NA
4,LHb.7,1.1853816264957777,100,OPC,NA
5,LHb.7,1.3297162742177968,100,OPC,NA
1,MHb.1,-0.23933823665547596,100,OPC,NA
2,MHb.1,-0.11174978857859785,100,OPC,NA
3,MHb.1,-0.09046368694264917,100,OPC,NA
4,MHb.1,-1.7745131676785628,100,OPC,NA
5,MHb.1,-0.8318786872684278,100,OPC,NA
1,MHb.2,-2.369754909451655,100,OPC,NA
2,MHb.2,-2.553677273013471,100,OPC,NA
3,MHb.2,-3.6689516103887296,100,OPC,NA
4,MHb.2,-2.79542845708857,100,OPC,NA
5,MHb.2,-2.4313157063579074,100,OPC,NA
1,MHb.2/Oligo,-1.0762409928592445,100,OPC,NA
2,MHb.2/Oligo,-0.9316982880434381,100,OPC,NA
3,MHb.2/Oligo,-0.7836541878211185,100,OPC,NA
4,MHb.2/Oligo,-1.8794874303011384,100,OPC,NA
5,MHb.2/Oligo,-2.004029926854581,100,OPC,NA
1,Oligo,-2.3003746297495637,100,OPC,NA
2,Oligo,-1.156910035529385,100,OPC,NA
3,Oligo,-0.17454930086892534,100,OPC,NA
4,Oligo,-0.636455763910935,100,OPC,NA
5,Oligo,-0.8976575558220428,100,OPC,NA
1,OPC,0.2253103658393067,100,OPC,NA
2,OPC,0.25728581616286195,100,OPC,NA
3,OPC,0.514103238287932,100,OPC,NA
4,OPC,0.7727458580671135,100,OPC,NA
5,OPC,0.25728581616286195,100,OPC,NA
1,Astrocyte,-0.9492176720597683,200,OPC,NA
2,Astrocyte,0.07348127048390636,200,OPC,NA
3,Astrocyte,-0.9952966120655666,200,OPC,NA
4,Astrocyte,-1.0873502547039213,200,OPC,NA
5,Astrocyte,-0.9722614936178882,200,OPC,NA
1,Endo,-2.0031710911899117,200,OPC,NA
2,Endo,-1.5634470243682674,200,OPC,NA
3,Endo,-1.0206867778518225,200,OPC,NA
4,Endo,-0.9197947707254396,200,OPC,NA
5,Endo,-1.2623398369684358,200,OPC,NA
1,Excit.Thal,2.531497108642393,200,OPC,NA
2,Excit.Thal,2.5535688700959183,200,OPC,NA
3,Excit.Thal,4.38757064731316,200,OPC,NA
4,Excit.Thal,4.296971570904735,200,OPC,NA
5,Excit.Thal,2.245188501108184,200,OPC,NA
1,LHb.4,3.091677310619646,200,OPC,NA
2,LHb.4,2.9050346592145555,200,OPC,NA
3,LHb.4,2.7564978669640974,200,OPC,NA
4,LHb.4,3.091677310619646,200,OPC,NA
5,LHb.4,2.6824859485927064,200,OPC,NA
1,LHb.7,3.22993996585058,200,OPC,NA
2,LHb.7,2.508572396437923,200,OPC,NA
3,LHb.7,2.433593984845036,200,OPC,NA
4,LHb.7,2.471060886594402,200,OPC,NA
5,LHb.7,3.8114511612632405,200,OPC,NA
1,MHb.1,-0.196833126119398,200,OPC,NA
2,MHb.1,-1.3151337178392717,200,OPC,NA
3,MHb.1,-3.2590686166429728,200,OPC,NA
4,MHb.1,-4.455046053370868,200,OPC,NA
5,MHb.1,-2.1483273889399013,200,OPC,NA
1,MHb.2,-6.838002157551357,200,OPC,NA
2,MHb.2,-5.931127327739985,200,OPC,NA
3,MHb.2,-4.2792650103724,200,OPC,NA
4,MHb.2,-5.533824911598798,200,OPC,NA
5,MHb.2,-6.077660303722258,200,OPC,NA
1,MHb.2/Oligo,-1.7524915006261323,200,OPC,NA
2,MHb.2/Oligo,-2.2461888230084894,200,OPC,NA
3,MHb.2/Oligo,-3.3411232619044626,200,OPC,NA
4,MHb.2/Oligo,-2.593561306230251,200,OPC,NA
5,MHb.2/Oligo,-2.4797673071664224,200,OPC,NA
1,Oligo,-2.8892999382114364,200,OPC,NA
2,Oligo,-2.5495297276532973,200,OPC,NA
3,Oligo,-2.4251703370733857,200,OPC,NA
4,Oligo,-0.6036666320207323,200,OPC,NA
5,Oligo,-1.7650324582043089,200,OPC,NA
1,OPC,2.603062865512199,200,OPC,NA
2,OPC,2.060874021970972,200,OPC,NA
3,OPC,2.4327373738751104,200,OPC,NA
4,OPC,2.842904941681294,200,OPC,NA
5,OPC,3.2927033812204476,200,OPC,NA
1,Astrocyte,0.3554424607954922,500,OPC,NA
2,Astrocyte,-0.2304871333708011,500,OPC,NA
3,Astrocyte,1.1855485713628913,500,OPC,NA
4,Astrocyte,-0.09038509617535091,500,OPC,NA
5,Astrocyte,-0.6025091222024194,500,OPC,NA
1,Endo,0.279968048558024,500,OPC,NA
2,Endo,0.19808022486320323,500,OPC,NA
3,Endo,1.9351828978544656,500,OPC,NA
4,Endo,0.7112186522218114,500,OPC,NA
5,Endo,-1.0206867778518225,500,OPC,NA
1,Excit.Thal,5.668777648763783,500,OPC,NA
2,Excit.Thal,6.951353323808782,500,OPC,NA
3,Excit.Thal,7.471432528635354,500,OPC,NA
4,Excit.Thal,5.7843613249818135,500,OPC,NA
5,Excit.Thal,5.3002392678482835,500,OPC,NA
1,LHb.4,5.3811000898458285,500,OPC,NA
2,LHb.4,4.822610873553393,500,OPC,NA
3,LHb.4,4.625538289699928,500,OPC,NA
4,LHb.4,5.340875332883276,500,OPC,NA
5,LHb.4,4.822610873553393,500,OPC,NA
1,LHb.7,3.6553145344151963,500,OPC,NA
2,LHb.7,6.509481749071494,500,OPC,NA
3,LHb.7,8.134625435097204,500,OPC,NA
4,LHb.7,5.916839643322027,500,OPC,NA
5,LHb.7,4.0077350418688376,500,OPC,NA
1,MHb.1,-8.211896073549898,500,OPC,NA
2,MHb.1,-7.74882312869466,500,OPC,NA
3,MHb.1,-11.053296217257673,500,OPC,NA
4,MHb.1,-8.134886681360372,500,OPC,NA
5,MHb.1,-6.305209326166406,500,OPC,NA
1,MHb.2,-11.182841626724661,500,OPC,NA
2,MHb.2,-13.882905994150708,500,OPC,NA
3,MHb.2,-14.546263196004455,500,OPC,NA
4,MHb.2,-11.545064288230554,500,OPC,NA
5,MHb.2,-9.05831939630654,500,OPC,NA
1,MHb.2/Oligo,-4.805141188278105,500,OPC,NA
2,MHb.2/Oligo,-5.210779561370332,500,OPC,NA
3,MHb.2/Oligo,-5.367495127420839,500,OPC,NA
4,MHb.2/Oligo,-3.7351342851897527,500,OPC,NA
5,MHb.2/Oligo,-4.289008080238264,500,OPC,NA
1,Oligo,-0.5708463865577336,500,OPC,NA
2,Oligo,-0.24091622522297074,500,OPC,NA
3,Oligo,-0.7019409826628807,500,OPC,NA
4,Oligo,-2.017968468974129,500,OPC,NA
5,Oligo,-1.7967488811459302,500,OPC,NA
1,OPC,5.521648647021884,500,OPC,NA
2,OPC,4.35331638818089,500,OPC,NA
3,OPC,4.823176457782955,500,OPC,NA
4,OPC,4.677921678231937,500,OPC,NA
5,OPC,5.707851129880246,500,OPC,NA
1,Astrocyte,2.9803573442754434,1000,OPC,NA
2,Astrocyte,3.549791972344923,1000,OPC,NA
3,Astrocyte,2.538633711602264,1000,OPC,NA
4,Astrocyte,1.6170535687968552,1000,OPC,NA
5,Astrocyte,2.3921429378819576,1000,OPC,NA
1,Endo,6.055571504647341,1000,OPC,NA
2,Endo,5.4406620331227655,1000,OPC,NA
3,Endo,3.4120952468279677,1000,OPC,NA
4,Endo,3.539990508576983,1000,OPC,NA
5,Endo,4.549230470782065,1000,OPC,NA
1,Excit.Thal,12.480942814775785,1000,OPC,NA
2,Excit.Thal,12.506642824502853,1000,OPC,NA
3,Excit.Thal,11.411148765211017,1000,OPC,NA
4,Excit.Thal,10.285081401243017,1000,OPC,NA
5,Excit.Thal,8.81432964528108,1000,OPC,NA
1,LHb.4,8.782123125405528,1000,OPC,NA
2,LHb.4,8.737180085677227,1000,OPC,NA
3,LHb.4,7.376045215063097,1000,OPC,NA
4,LHb.4,5.5425202419802995,1000,OPC,NA
5,LHb.4,7.076938228259839,1000,OPC,NA
1,LHb.7,4.846049207439216,1000,OPC,NA
2,LHb.7,5.253447242043146,1000,OPC,NA
3,LHb.7,6.810236992049817,1000,OPC,NA
4,LHb.7,9.19167302229235,1000,OPC,NA
5,LHb.7,7.686581630111254,1000,OPC,NA
1,MHb.1,-19.50100460740164,1000,OPC,NA
2,MHb.1,-18.722763441336426,1000,OPC,NA
3,MHb.1,-16.515943966770983,1000,OPC,NA
4,MHb.1,-14.047513119494328,1000,OPC,NA
5,MHb.1,-16.12618724091174,1000,OPC,NA
1,MHb.2,-18.14488538675127,1000,OPC,NA
2,MHb.2,-18.437815505349437,1000,OPC,NA
3,MHb.2,-17.5762209883076,1000,OPC,NA
4,MHb.2,-18.437815505349437,1000,OPC,NA
5,MHb.2,-15.580320660915758,1000,OPC,NA
1,MHb.2/Oligo,-5.52127898386537,1000,OPC,NA
2,MHb.2/Oligo,-6.66092104856514,1000,OPC,NA
3,MHb.2/Oligo,-5.289512985510531,1000,OPC,NA
4,MHb.2/Oligo,-5.44474451577224,1000,OPC,NA
5,MHb.2/Oligo,-5.131275594239625,1000,OPC,NA
1,Oligo,0.09220860241442916,1000,OPC,NA
2,Oligo,-1.3500920359288588,1000,OPC,NA
3,Oligo,0.025324342353981923,1000,OPC,NA
4,Oligo,0.3273386527482811,1000,OPC,NA
5,Oligo,-1.2536345995625593,1000,OPC,NA
1,OPC,8.026089948830318,1000,OPC,NA
2,OPC,8.876995181764627,1000,OPC,NA
3,OPC,7.001855677223918,1000,OPC,NA
4,OPC,5.299537061072602,1000,OPC,NA
5,OPC,6.61609936350996,1000,OPC,NA
1,Astrocyte,12.273427341305279,5000,OPC,NA
2,Astrocyte,12.449453245489408,5000,OPC,NA
3,Astrocyte,8.81896181660202,5000,OPC,NA
4,Astrocyte,12.508264466636275,5000,OPC,NA
5,Astrocyte,11.373521236711506,5000,OPC,NA
1,Endo,12.777900648842337,5000,OPC,NA
2,Endo,14.423193309178675,5000,OPC,NA
3,Endo,9.4637436472344,5000,OPC,NA
4,Endo,15.047750408209032,5000,OPC,NA
5,Endo,11.647352161233178,5000,OPC,NA
1,Excit.Thal,19.36500731586978,5000,OPC,NA
2,Excit.Thal,21.065991757383273,5000,OPC,NA
3,Excit.Thal,15.375627732145135,5000,OPC,NA
4,Excit.Thal,20.267748575342083,5000,OPC,NA
5,Excit.Thal,18.875999761933222,5000,OPC,NA
1,LHb.4,12.514418094261991,5000,OPC,NA
2,LHb.4,13.4999883834187,5000,OPC,NA
3,LHb.4,11.858733611955977,5000,OPC,NA
4,LHb.4,14.194105282643937,5000,OPC,NA
5,LHb.4,11.511644797906353,5000,OPC,NA
1,LHb.7,8.406742743566776,5000,OPC,NA
2,LHb.7,8.72741697311191,5000,OPC,NA
3,LHb.7,5.8331179084023175,5000,OPC,NA
4,LHb.7,10.046349221745112,5000,OPC,NA
5,LHb.7,8.406742743566776,5000,OPC,NA
1,MHb.1,-37.026693761400765,5000,OPC,NA
2,MHb.1,-40.3709533714324,5000,OPC,NA
3,MHb.1,-30.091778970031225,5000,OPC,NA
4,MHb.1,-39.75094558995761,5000,OPC,NA
5,MHb.1,-36.38527620784783,5000,OPC,NA
1,MHb.2,-23.732986331053088,5000,OPC,NA
2,MHb.2,-23.84323686536301,5000,OPC,NA
3,MHb.2,-21.180938985315077,5000,OPC,NA
4,MHb.2,-25.11750980843022,5000,OPC,NA
5,MHb.2,-21.798009347660933,5000,OPC,NA
1,MHb.2/Oligo,-6.793588980677092,5000,OPC,NA
2,MHb.2/Oligo,-6.250792332252811,5000,OPC,NA
3,MHb.2/Oligo,-4.969875089867715,5000,OPC,NA
4,MHb.2/Oligo,-5.820601853365324,5000,OPC,NA
5,MHb.2/Oligo,-5.746761477977155,5000,OPC,NA
1,Oligo,4.830596787348205,5000,OPC,NA
2,Oligo,5.180030046922128,5000,OPC,NA
3,Oligo,1.2151891774508516,5000,OPC,NA
4,Oligo,4.907921153360836,5000,OPC,NA
5,Oligo,4.561412939805114,5000,OPC,NA
1,OPC,14.21817712958251,5000,OPC,NA
2,OPC,16.528979314137256,5000,OPC,NA
3,OPC,14.315195301243921,5000,OPC,NA
4,OPC,15.452902900591418,5000,OPC,NA
5,OPC,13.311027054036757,5000,OPC,NA
