"sample_id","spot_name","ManualAnnotation"
"V12D07-075_C1","AAACCTCATGAAGTTG-1","Hb_putative_BSk8"
"V12D07-075_C1","AAACTGCTGGCTCCAA-1","Hb_putative_BSk8"
"V12D07-075_C1","AAAGACTGGGCGCTTT-1","Hb_putative_BSk8"
"V12D07-075_C1","AAAGGCTACGGACCAT-1","Hb_putative_BSk8"
"V12D07-075_C1","AAAGGCTCTCGCGCCG-1","Hb_putative_BSk8"
"V12D07-075_C1","AAAGGGATGTAGCAAG-1","Hb_putative_BSk8"
"V12D07-075_C1","AAAGGGCAGCTTGAAT-1","Hb_putative_BSk8"
"V12D07-075_C1","AAAGTCGACCCTCAGT-1","Hb_putative_BSk8"
"V12D07-075_C1","AAATACCTATAAGCAT-1","Hb_putative_BSk8"
"V12D07-075_C1","AAATCGTGTACCACAA-1","Hb_putative_BSk8"
"V12D07-075_C1","AAATGGTCAATGTGCC-1","Hb_putative_BSk8"
"V12D07-075_C1","AAATTAACGGGTAGCT-1","Hb_putative_BSk8"
"V12D07-075_C1","AACAACTGGTAGTTGC-1","Hb_putative_BSk8"
"V12D07-075_C1","AACACACGCTCGCCGC-1","Hb_putative_BSk8"
"V12D07-075_C1","AACAGGATGGGCCGCG-1","Hb_putative_BSk8"
"V12D07-075_C1","AACATTGTGACTCGAG-1","Hb_putative_BSk8"
"V12D07-075_C1","AACCAAGACTTCTCTG-1","Hb_putative_BSk8"
"V12D07-075_C1","AACCGAGCTTGGTCAT-1","Hb_putative_BSk8"
"V12D07-075_C1","AACCTTTAAATACGGT-1","Hb_putative_BSk8"
"V12D07-075_C1","AACGATAATGCCGTAG-1","Hb_putative_BSk8"
"V12D07-075_C1","AACGCGACCTTGGGCG-1","Hb_putative_BSk8"
"V12D07-075_C1","AACGCGGTCTCCAGCC-1","Hb_putative_BSk8"
"V12D07-075_C1","AACGTGCGAAAGTCTC-1","Hb_putative_BSk8"
"V12D07-075_C1","AACTAGGCTTGGGTGT-1","Hb_putative_BSk8"
"V12D07-075_C1","AACTCAAGTTAATTGC-1","Hb_putative_BSk8"
"V12D07-075_C1","AAGACCCAACTGAACA-1","Hb_putative_BSk8"
"V12D07-075_C1","AAGACTGCAAGCTACT-1","Hb_putative_BSk8"
"V12D07-075_C1","AAGAGATGAATCGGTA-1","Hb_putative_BSk8"
"V12D07-075_C1","AAGAGGATGTACGCGA-1","Hb_putative_BSk8"
"V12D07-075_C1","AAGCACCCTGCGTATC-1","Hb_putative_BSk8"
"V12D07-075_C1","AAGCATACTCTCCTGA-1","Hb_putative_BSk8"
"V12D07-075_C1","AAGCTAGATCGAGTAA-1","Hb_putative_BSk8"
"V12D07-075_C1","AAGCTCGTGCCAAGTC-1","Hb_putative_BSk8"
"V12D07-075_C1","AAGGAGCGGTTGGTGC-1","Hb_putative_BSk8"
"V12D07-075_C1","AAGGCGCGTAAAGCTT-1","Hb_putative_BSk8"
"V12D07-075_C1","AAGGCTGTGCTCATCG-1","Hb_putative_BSk8"
"V12D07-075_C1","AAGTAGAAGACCGGGT-1","Hb_putative_BSk8"
"V12D07-075_C1","AAGTAGTGACGCGAGG-1","Hb_putative_BSk8"
"V12D07-075_C1","AAGTGAGTCGGGTTTA-1","Hb_putative_BSk8"
"V12D07-075_C1","AATAACAACGCTCGGC-1","Hb_putative_BSk8"
"V12D07-075_C1","AATAGAATCTGTTTCA-1","Hb_putative_BSk8"
"V12D07-075_C1","AATAGTCCGTCCCGAC-1","Hb_putative_BSk8"
"V12D07-075_C1","AATCGCCTCAGCGCCA-1","Hb_putative_BSk8"
"V12D07-075_C1","AATGACTGTCAGCCGG-1","Hb_putative_BSk8"
"V12D07-075_C1","AATGCAACCGGGTACC-1","Hb_putative_BSk8"
"V12D07-075_C1","AATGGTTCTCACAAGC-1","Hb_putative_BSk8"
"V12D07-075_C1","AATTAAAGGTCGGCGT-1","Hb_putative_BSk8"
"V12D07-075_C1","AATTAGCGCTGCAGCG-1","Hb_putative_BSk8"
"V12D07-075_C1","AATTCTAGAGTTAGGC-1","Hb_putative_BSk8"
"V12D07-075_C1","AATTGCAGCAATCGAC-1","Hb_putative_BSk8"
"V12D07-075_C1","ACAAATCGCACCGAAT-1","Hb_putative_BSk8"
"V12D07-075_C1","ACAACGGTCCCTGCGA-1","Hb_putative_BSk8"
"V12D07-075_C1","ACAAGGAAATCCGCCC-1","Hb_putative_BSk8"
"V12D07-075_C1","ACAAGGACAAGAGGTT-1","Hb_putative_BSk8"
"V12D07-075_C1","ACAAGGATGCTTTAGG-1","Hb_putative_BSk8"
"V12D07-075_C1","ACAAGGGCAGGCTCTG-1","Hb_putative_BSk8"
"V12D07-075_C1","ACAATCCATTTAAACC-1","Hb_putative_BSk8"
"V12D07-075_C1","ACACAAAGACGGGTGG-1","Hb_putative_BSk8"
"V12D07-075_C1","ACACCCGAGAAATCCG-1","Hb_putative_BSk8"
"V12D07-075_C1","ACACCTTAAGTAGGGC-1","Hb_putative_BSk8"
"V12D07-075_C1","ACACGAGACTCCTTCT-1","Hb_putative_BSk8"
"V12D07-075_C1","ACACGGGAACTTAGGG-1","Hb_putative_BSk8"
"V12D07-075_C1","ACAGGCTTGCCCGACT-1","Hb_putative_BSk8"
"V12D07-075_C1","ACATCAGCTGGGACGC-1","Hb_putative_BSk8"
"V12D07-075_C1","ACATCCCGGCCATACG-1","Hb_putative_BSk8"
"V12D07-075_C1","ACATCGATCGTTTACC-1","Hb_putative_BSk8"
"V12D07-075_C1","ACATCGGTCAGCCGCG-1","Hb_putative_BSk8"
"V12D07-075_C1","ACATTAGTTTATATCC-1","Hb_putative_BSk8"
"V12D07-075_C1","ACCAATATGCAAGTTA-1","Hb_putative_BSk8"
"V12D07-075_C1","ACCACAAGTTTCTATC-1","Hb_putative_BSk8"
"V12D07-075_C1","ACCACGTGCAGCTATA-1","Hb_putative_BSk8"
"V12D07-075_C1","ACCATATCCGCAATAA-1","Hb_putative_BSk8"
"V12D07-075_C1","ACCATCGTATATGGTA-1","Hb_putative_BSk8"
"V12D07-075_C1","ACCCACCTACATGCTC-1","Hb_putative_BSk8"
"V12D07-075_C1","ACCCATCTTGAGGGTA-1","Hb_putative_BSk8"
"V12D07-075_C1","ACCCGGAAACTCCCAG-1","Hb_putative_BSk8"
"V12D07-075_C1","ACCCGGTTACACTTCC-1","Hb_putative_BSk8"
"V12D07-075_C1","ACCCGTGTCATCAGTA-1","Hb_putative_BSk8"
"V12D07-075_C1","ACCGACACATCTCCCA-1","Hb_putative_BSk8"
"V12D07-075_C1","ACCGACTGAGTCCCAC-1","Hb_putative_BSk8"
"V12D07-075_C1","ACCGCAATAACTGCCT-1","Hb_putative_BSk8"
"V12D07-075_C1","ACCTAATCGACTTCCT-1","Hb_putative_BSk8"
"V12D07-075_C1","ACCTACTATAAATCTA-1","Hb_putative_BSk8"
"V12D07-075_C1","ACGATCATACATAGAG-1","Hb_putative_BSk8"
"V12D07-075_C1","ACGATGCATATGTTAT-1","Hb_putative_BSk8"
"V12D07-075_C1","ACGCAAACTAATAGAT-1","Hb_putative_BSk8"
"V12D07-075_C1","ACGCATTCGTGAGTAC-1","Hb_putative_BSk8"
"V12D07-075_C1","ACGCCGCTAGACGACC-1","Hb_putative_BSk8"
"V12D07-075_C1","ACGCGAAGTCAGACGA-1","Hb_putative_BSk8"
"V12D07-075_C1","ACGCGGGCCAAGGACA-1","Hb_putative_BSk8"
"V12D07-075_C1","ACGGCACTTGCTTGGG-1","Hb_putative_BSk8"
"V12D07-075_C1","ACGGCCAACATGGACT-1","Hb_putative_BSk8"
"V12D07-075_C1","ACGGCGACGATGGGAA-1","Hb_putative_BSk8"
"V12D07-075_C1","ACGGTACAGTTCAATG-1","Hb_putative_BSk8"
"V12D07-075_C1","ACGTTAATGTCGAAGA-1","Hb_putative_BSk8"
"V12D07-075_C1","ACGTTAGATTTGCCCG-1","Hb_putative_BSk8"
"V12D07-075_C1","ACTACCAGCTCTCTGG-1","Hb_putative_BSk8"
"V12D07-075_C1","ACTACGCGTTAGAATT-1","Hb_putative_BSk8"
"V12D07-075_C1","ACTCAAGTGCAAGGCT-1","Hb_putative_BSk8"
"V12D07-075_C1","ACTCAATAAAGGCACG-1","Hb_putative_BSk8"
"V12D07-075_C1","ACTCCCTAATGCTAAA-1","Hb_putative_BSk8"
"V12D07-075_C1","ACTCCCTAGAATAGTA-1","Hb_putative_BSk8"
"V12D07-075_C1","ACTCTCTGACTTAGGT-1","Hb_putative_BSk8"
"V12D07-075_C1","ACTCTTGTATAGTAAC-1","Hb_putative_BSk8"
"V12D07-075_C1","ACTGTACGATACACAT-1","Hb_putative_BSk8"
"V12D07-075_C1","ACTGTAGCACTTTGGA-1","Hb_putative_BSk8"
"V12D07-075_C1","ACTGTCCAGGATTATA-1","Hb_putative_BSk8"
"V12D07-075_C1","ACTGTCTTCTTTAGAA-1","Hb_putative_BSk8"
"V12D07-075_C1","ACTTAGTACGACAAGA-1","Hb_putative_BSk8"
"V12D07-075_C1","ACTTATTAGGATCGGT-1","Hb_putative_BSk8"
"V12D07-075_C1","ACTTCAGGCTGATCCC-1","Hb_putative_BSk8"
"V12D07-075_C1","ACTTCGCCATACGCAC-1","Hb_putative_BSk8"
"V12D07-075_C1","ACTTGACTCCCTCTTT-1","Hb_putative_BSk8"
"V12D07-075_C1","ACTTGGGACCCGGTGG-1","Hb_putative_BSk8"
"V12D07-075_C1","ACTTTCCTATAGCTTC-1","Hb_putative_BSk8"
"V12D07-075_C1","AGAACGTGGTACATTC-1","Hb_putative_BSk8"
"V12D07-075_C1","AGAAGGTTGCCGAATT-1","Hb_putative_BSk8"
"V12D07-075_C1","AGACCATGGGATACAA-1","Hb_putative_BSk8"
"V12D07-075_C1","AGACCCACCGCTGATC-1","Hb_putative_BSk8"
"V12D07-075_C1","AGACCCGCCCTCCTCG-1","Hb_putative_BSk8"
"V12D07-075_C1","AGACTAGCCTTCCAGA-1","Hb_putative_BSk8"
"V12D07-075_C1","AGAGCGTACAAGCTCG-1","Hb_putative_BSk8"
"V12D07-075_C1","AGATAACTTCAGGGCC-1","Hb_putative_BSk8"
"V12D07-075_C1","AGATACCGGTGTTCAC-1","Hb_putative_BSk8"
"V12D07-075_C1","AGATCTCAGGTGTGAT-1","Hb_putative_BSk8"
"V12D07-075_C1","AGATTATAGGACGTTT-1","Hb_putative_BSk8"
"V12D07-075_C1","AGCACCAGTACTCACG-1","Hb_putative_BSk8"
"V12D07-075_C1","AGCACTACCTCACCAG-1","Hb_putative_BSk8"
"V12D07-075_C1","AGCACTTAAGGACGCC-1","Hb_putative_BSk8"
"V12D07-075_C1","AGCAGCCAGATGAATA-1","Hb_putative_BSk8"
"V12D07-075_C1","AGCCCGCAACAAGCAG-1","Hb_putative_BSk8"
"V12D07-075_C1","AGCGACCAACGATATT-1","Hb_putative_BSk8"
"V12D07-075_C1","AGCGCATAATGAATCG-1","Hb_putative_BSk8"
"V12D07-075_C1","AGCGGACACTTCGTAG-1","Hb_putative_BSk8"
"V12D07-075_C1","AGCGTGGTATTCTACT-1","Hb_putative_BSk8"
"V12D07-075_C1","AGCTCCTTCGCACATC-1","Hb_putative_BSk8"
"V12D07-075_C1","AGCTCTTTACTCAGTT-1","Hb_putative_BSk8"
"V12D07-075_C1","AGGAAGCTGTCCGCCG-1","Hb_putative_BSk8"
"V12D07-075_C1","AGGACGACCCATTAGA-1","Hb_putative_BSk8"
"V12D07-075_C1","AGGATAAAGTCGGGAT-1","Hb_putative_BSk8"
"V12D07-075_C1","AGGCCACCCGTTATGA-1","Hb_putative_BSk8"
"V12D07-075_C1","AGGCTATGGTTAGCTT-1","Hb_putative_BSk8"
"V12D07-075_C1","AGGCTTGCTAGACACC-1","Hb_putative_BSk8"
"V12D07-075_C1","AGGGACTCTACGCGAC-1","Hb_putative_BSk8"
"V12D07-075_C1","AGGGCTGCAGTTACAG-1","Hb_putative_BSk8"
"V12D07-075_C1","AGGGTTTAGTTCGGGA-1","Hb_putative_BSk8"
"V12D07-075_C1","AGGTAGGTACAAAGCT-1","Hb_putative_BSk8"
"V12D07-075_C1","AGGTGGTGACCTTCGC-1","Hb_putative_BSk8"
"V12D07-075_C1","AGGTTGAGGCACGCTT-1","Hb_putative_BSk8"
"V12D07-075_C1","AGGTTTCACACACCTT-1","Hb_putative_BSk8"
"V12D07-075_C1","AGTACGGCCCGTATCG-1","Hb_putative_BSk8"
"V12D07-075_C1","AGTATAATACTAGGCA-1","Hb_putative_BSk8"
"V12D07-075_C1","AGTATACACAGCGACA-1","Hb_putative_BSk8"
"V12D07-075_C1","AGTATTTGGCACGACC-1","Hb_putative_BSk8"
"V12D07-075_C1","AGTCAACACCACCATC-1","Hb_putative_BSk8"
"V12D07-075_C1","AGTCGGCCCAAACGAC-1","Hb_putative_BSk8"
"V12D07-075_C1","AGTCTTCTCCTCAAAT-1","Hb_putative_BSk8"
"V12D07-075_C1","AGTGACCTACTTTACG-1","Hb_putative_BSk8"
"V12D07-075_C1","AGTGATATGAGTAGTT-1","Hb_putative_BSk8"
"V12D07-075_C1","AGTTAAACACTTGCGA-1","Hb_putative_BSk8"
"V12D07-075_C1","AGTTCCTACAGAATTA-1","Hb_putative_BSk8"
"V12D07-075_C1","AGTTTGCACCTGCCTC-1","Hb_putative_BSk8"
"V12D07-075_C1","ATAAACGGACCCGTAA-1","Hb_putative_BSk8"
"V12D07-075_C1","ATAAAGGCTCGGTCGT-1","Hb_putative_BSk8"
"V12D07-075_C1","ATAAATATTAGCAGCT-1","Hb_putative_BSk8"
"V12D07-075_C1","ATAACGGAGTCCAACG-1","Hb_putative_BSk8"
"V12D07-075_C1","ATAAGGTGGAGAACAT-1","Hb_putative_BSk8"
"V12D07-075_C1","ATAAGTTACCGCGACG-1","Hb_putative_BSk8"
"V12D07-075_C1","ATAATAGCTGTTGAAT-1","Hb_putative_BSk8"
"V12D07-075_C1","ATACAGGCCCTCCAAT-1","Hb_putative_BSk8"
"V12D07-075_C1","ATACCACGGGCAACTT-1","Hb_putative_BSk8"
"V12D07-075_C1","ATACGCCGGCGAAACC-1","Hb_putative_BSk8"
"V12D07-075_C1","ATACGTACTTAGCCAC-1","Hb_putative_BSk8"
"V12D07-075_C1","ATACGTTATGCACGGA-1","Hb_putative_BSk8"
"V12D07-075_C1","ATACTGCCTTACACCG-1","Hb_putative_BSk8"
"V12D07-075_C1","ATAGACGAAGAGAAAG-1","Hb_putative_BSk8"
"V12D07-075_C1","ATAGAGTACTGGGACA-1","Hb_putative_BSk8"
"V12D07-075_C1","ATAGGGATATCCTTGA-1","Hb_putative_BSk8"
"V12D07-075_C1","ATAGGTTGGGCAGATG-1","Hb_putative_BSk8"
"V12D07-075_C1","ATAGTGAAGCGTTCTC-1","Hb_putative_BSk8"
"V12D07-075_C1","ATATAAAGCGCTCGTG-1","Hb_putative_BSk8"
"V12D07-075_C1","ATATAAATGTAGCTGC-1","Hb_putative_BSk8"
"V12D07-075_C1","ATATCTTAGGGCCTTC-1","Hb_putative_BSk8"
"V12D07-075_C1","ATATGGGATAGCAACT-1","Hb_putative_BSk8"
"V12D07-075_C1","ATATTTAACCCTCAAG-1","Hb_putative_BSk8"
"V12D07-075_C1","ATCAATCTGGGCTGCA-1","Hb_putative_BSk8"
"V12D07-075_C1","ATCACTTCATCCTCGC-1","Hb_putative_BSk8"
"V12D07-075_C1","ATCAGACGGCACGCCG-1","Hb_putative_BSk8"
"V12D07-075_C1","ATCCAACGCAGTCATA-1","Hb_putative_BSk8"
"V12D07-075_C1","ATCCAGAGCAACAACC-1","Hb_putative_BSk8"
"V12D07-075_C1","ATCCAGGATTCGTGAA-1","Hb_putative_BSk8"
"V12D07-075_C1","ATCCCATTTCCGTGGG-1","Hb_putative_BSk8"
"V12D07-075_C1","ATCCTACCTAAGCTCT-1","Hb_putative_BSk8"
"V12D07-075_C1","ATCCTGAATCGCTGCG-1","Hb_putative_BSk8"
"V12D07-075_C1","ATCCTGCGTGGAATGG-1","Hb_putative_BSk8"
"V12D07-075_C1","ATCGACCCAATACAGA-1","Hb_putative_BSk8"
"V12D07-075_C1","ATCGACTCTTTCCGTT-1","Hb_putative_BSk8"
"V12D07-075_C1","ATCGCACGCCGGGAGA-1","Hb_putative_BSk8"
"V12D07-075_C1","ATCTAATATCCTACGG-1","Hb_putative_BSk8"
"V12D07-075_C1","ATCTGGGCTGTTCTTG-1","Hb_putative_BSk8"
"V12D07-075_C1","ATCTGGTTAAGACTGT-1","Hb_putative_BSk8"
"V12D07-075_C1","ATCTTATCGCACACCC-1","Hb_putative_BSk8"
"V12D07-075_C1","ATCTTGACCTGCAACG-1","Hb_putative_BSk8"
"V12D07-075_C1","ATGAAGCCAAGGAGCC-1","Hb_putative_BSk8"
"V12D07-075_C1","ATGAGGAGTGTTAATC-1","Hb_putative_BSk8"
"V12D07-075_C1","ATGATGCAATGGTACA-1","Hb_putative_BSk8"
"V12D07-075_C1","ATGCACTACCGCATTG-1","Hb_putative_BSk8"
"V12D07-075_C1","ATGCATGATCCAGGAT-1","Hb_putative_BSk8"
"V12D07-075_C1","ATGCGACAGTCCCATT-1","Hb_putative_BSk8"
"V12D07-075_C1","ATGGAGCAGGCCGTGA-1","Hb_putative_BSk8"
"V12D07-075_C1","ATGGATTGACCAAACG-1","Hb_putative_BSk8"
"V12D07-075_C1","ATGGTCGCGTGGTTTC-1","Hb_putative_BSk8"
"V12D07-075_C1","ATGTGCATCCGACGCA-1","Hb_putative_BSk8"
"V12D07-075_C1","ATGTGGACATCTTGAT-1","Hb_putative_BSk8"
"V12D07-075_C1","ATTAAACATGCGGACC-1","Hb_putative_BSk8"
"V12D07-075_C1","ATTAATACTACGCGGG-1","Hb_putative_BSk8"
"V12D07-075_C1","ATTAGGCGATGCTTTC-1","Hb_putative_BSk8"
"V12D07-075_C1","ATTATCGGAATGTACG-1","Hb_putative_BSk8"
"V12D07-075_C1","ATTCACTGATGTTGGA-1","Hb_putative_BSk8"
"V12D07-075_C1","ATTCAGTAGCAGGGTC-1","Hb_putative_BSk8"
"V12D07-075_C1","ATTCATATACTGTCCA-1","Hb_putative_BSk8"
"V12D07-075_C1","ATTCCCACATAAACAA-1","Hb_putative_BSk8"
"V12D07-075_C1","ATTCCTCCGCCAGTGC-1","Hb_putative_BSk8"
"V12D07-075_C1","ATTCGACGCCGGGCCT-1","Hb_putative_BSk8"
"V12D07-075_C1","ATTGAAGATCTTAGTG-1","Hb_putative_BSk8"
"V12D07-075_C1","ATTGCTGCTCCTCCAT-1","Hb_putative_BSk8"
"V12D07-075_C1","ATTGTCTGTTTCATGT-1","Hb_putative_BSk8"
"V12D07-075_C1","ATTTACAGTTTACTGG-1","Hb_putative_BSk8"
"V12D07-075_C1","CAAACGGTCGCACTTT-1","Hb_putative_BSk8"
"V12D07-075_C1","CAAATGTCCTTCCGTG-1","Hb_putative_BSk8"
"V12D07-075_C1","CAACGGTTCTTGATAC-1","Hb_putative_BSk8"
"V12D07-075_C1","CAACTGCTCATCCGAT-1","Hb_putative_BSk8"
"V12D07-075_C1","CAAGAGGGCGGAGTAC-1","Hb_putative_BSk8"
"V12D07-075_C1","CAAGCAACGTCGGAGT-1","Hb_putative_BSk8"
"V12D07-075_C1","CAAGCGGCACATAATT-1","Hb_putative_BSk8"
"V12D07-075_C1","CAAGGATCGCATGTTC-1","Hb_putative_BSk8"
"V12D07-075_C1","CAAGTAAGTGATAGAC-1","Hb_putative_BSk8"
"V12D07-075_C1","CAATTAAGGGTGATGA-1","Hb_putative_BSk8"
"V12D07-075_C1","CAATTTCGTATAAGGG-1","Hb_putative_BSk8"
"V12D07-075_C1","CACAATGAGCTGCTAT-1","Hb_putative_BSk8"
"V12D07-075_C1","CACAGCACCCACGGCA-1","Hb_putative_BSk8"
"V12D07-075_C1","CACAGGGCCGTTGTCA-1","Hb_putative_BSk8"
"V12D07-075_C1","CACATATTAGCAGGAT-1","Hb_putative_BSk8"
"V12D07-075_C1","CACATCTCACCGACGA-1","Hb_putative_BSk8"
"V12D07-075_C1","CACATGATTCAGCAAC-1","Hb_putative_BSk8"
"V12D07-075_C1","CACCGCCAGAAGGTTT-1","Hb_putative_BSk8"
"V12D07-075_C1","CACGAAAGTTAGTCCC-1","Hb_putative_BSk8"
"V12D07-075_C1","CACGCACAGCGCAGCT-1","Hb_putative_BSk8"
"V12D07-075_C1","CACGCAGCGAGGCTTT-1","Hb_putative_BSk8"
"V12D07-075_C1","CACGGGATTGAGGGTT-1","Hb_putative_BSk8"
"V12D07-075_C1","CACTAAAGTTGCCTAT-1","Hb_putative_BSk8"
"V12D07-075_C1","CACTCGAGCTGAACAA-1","Hb_putative_BSk8"
"V12D07-075_C1","CACTCGGTTAGGAGGA-1","Hb_putative_BSk8"
"V12D07-075_C1","CACTGACGATTGTGGA-1","Hb_putative_BSk8"
"V12D07-075_C1","CACTTAATCAGACGGA-1","Hb_putative_BSk8"
"V12D07-075_C1","CAGAACTTAGCCCTCT-1","Hb_putative_BSk8"
"V12D07-075_C1","CAGACACCGATCGCTG-1","Hb_putative_BSk8"
"V12D07-075_C1","CAGACGAACCTGATAC-1","Hb_putative_BSk8"
"V12D07-075_C1","CAGAGACGGTCACCCA-1","Hb_putative_BSk8"
"V12D07-075_C1","CAGAGCATGAGCTTGC-1","Hb_putative_BSk8"
"V12D07-075_C1","CAGATAATGGGCGGGT-1","Hb_putative_BSk8"
"V12D07-075_C1","CAGATACTAACATAGT-1","Hb_putative_BSk8"
"V12D07-075_C1","CAGCAGCCCGTTCCTT-1","Hb_putative_BSk8"
"V12D07-075_C1","CAGCTCACTGAGACAT-1","Hb_putative_BSk8"
"V12D07-075_C1","CAGCTTAGTAGGTAGC-1","Hb_putative_BSk8"
"V12D07-075_C1","CAGGATATATCGTTGT-1","Hb_putative_BSk8"
"V12D07-075_C1","CAGGCCGTTTGGGTGT-1","Hb_putative_BSk8"
"V12D07-075_C1","CAGGCGCCATGCTAGG-1","Hb_putative_BSk8"
"V12D07-075_C1","CAGTCTGTATACTGGG-1","Hb_putative_BSk8"
"V12D07-075_C1","CAGTGTCGGCTGGCCC-1","Hb_putative_BSk8"
"V12D07-075_C1","CAGTTCAAATTGACAC-1","Hb_putative_BSk8"
"V12D07-075_C1","CAGTTCGAGGACCCGA-1","Hb_putative_BSk8"
"V12D07-075_C1","CATAAGAAGCTTGGCT-1","Hb_putative_BSk8"
"V12D07-075_C1","CATACAAAGCCGAACC-1","Hb_putative_BSk8"
"V12D07-075_C1","CATACACGGTTCCCAC-1","Hb_putative_BSk8"
"V12D07-075_C1","CATACCCGTACCCAGT-1","Hb_putative_BSk8"
"V12D07-075_C1","CATACGGCGTCTGGGC-1","Hb_putative_BSk8"
"V12D07-075_C1","CATACTATGTAATTGT-1","Hb_putative_BSk8"
"V12D07-075_C1","CATACTTCTTTCTCCG-1","Hb_putative_BSk8"
"V12D07-075_C1","CATAGTAGCATAGTAG-1","Hb_putative_BSk8"
"V12D07-075_C1","CATATAGGTACAGTCA-1","Hb_putative_BSk8"
"V12D07-075_C1","CATCGGACGGGTTAAT-1","Hb_putative_BSk8"
"V12D07-075_C1","CATGAGATGCACTCTC-1","Hb_putative_BSk8"
"V12D07-075_C1","CATGATGCACAATTCT-1","Hb_putative_BSk8"
"V12D07-075_C1","CATGGTAAGTAGCGTT-1","Hb_putative_BSk8"
"V12D07-075_C1","CATGGTCTAGATACCG-1","Hb_putative_BSk8"
"V12D07-075_C1","CATTATGCTTGTTGTG-1","Hb_putative_BSk8"
"V12D07-075_C1","CATTGCGAAATGGGCG-1","Hb_putative_BSk8"
"V12D07-075_C1","CCAAACAGAACCCTCG-1","Hb_putative_BSk8"
"V12D07-075_C1","CCAACGATGCACTGAT-1","Hb_putative_BSk8"
"V12D07-075_C1","CCAAGAAAGTGGGCGA-1","Hb_putative_BSk8"
"V12D07-075_C1","CCAAGCGTAACTCGTA-1","Hb_putative_BSk8"
"V12D07-075_C1","CCAATAGTGCCGTCGA-1","Hb_putative_BSk8"
"V12D07-075_C1","CCAATGTCACAGCAAG-1","Hb_putative_BSk8"
"V12D07-075_C1","CCAATTGAATGTTAAT-1","Hb_putative_BSk8"
"V12D07-075_C1","CCACACTGAGATATTA-1","Hb_putative_BSk8"
"V12D07-075_C1","CCAGCCTGGACCAATA-1","Hb_putative_BSk8"
"V12D07-075_C1","CCAGCTCGAACGCATT-1","Hb_putative_BSk8"
"V12D07-075_C1","CCAGCTGATGGTACTT-1","Hb_putative_BSk8"
"V12D07-075_C1","CCAGCTTCCGCCCGCA-1","Hb_putative_BSk8"
"V12D07-075_C1","CCAGGGACGTGGCCTC-1","Hb_putative_BSk8"
"V12D07-075_C1","CCAGTCTTGTCATAGA-1","Hb_putative_BSk8"
"V12D07-075_C1","CCATCGCAGTTAAACT-1","Hb_putative_BSk8"
"V12D07-075_C1","CCATGCCTGTTTAGTA-1","Hb_putative_BSk8"
"V12D07-075_C1","CCATGCTCTGCAGGAA-1","Hb_putative_BSk8"
"V12D07-075_C1","CCATTAGCGATAATCC-1","Hb_putative_BSk8"
"V12D07-075_C1","CCATTCCCTGCCCACA-1","Hb_putative_BSk8"
"V12D07-075_C1","CCATTTCTACCTATTA-1","Hb_putative_BSk8"
"V12D07-075_C1","CCCGCAGCGCGAACTA-1","Hb_putative_BSk8"
"V12D07-075_C1","CCCGCCATGCTCCCGT-1","Hb_putative_BSk8"
"V12D07-075_C1","CCCGGTGGAAGAACCT-1","Hb_putative_BSk8"
"V12D07-075_C1","CCCTGAAATGAGTTGA-1","Hb_putative_BSk8"
"V12D07-075_C1","CCCTGCGCTACGCATA-1","Hb_putative_BSk8"
"V12D07-075_C1","CCCTTTGACAGGTCTT-1","Hb_putative_BSk8"
"V12D07-075_C1","CCGAACCTTCCCGGCC-1","Hb_putative_BSk8"
"V12D07-075_C1","CCGCACGTGACCTCGG-1","Hb_putative_BSk8"
"V12D07-075_C1","CCGCATGTGGTACGAT-1","Hb_putative_BSk8"
"V12D07-075_C1","CCGGAGCGTACTTTCT-1","Hb_putative_BSk8"
"V12D07-075_C1","CCGGGTTCGAGGTTAC-1","Hb_putative_BSk8"
"V12D07-075_C1","CCTAAATTAACGGTTC-1","Hb_putative_BSk8"
"V12D07-075_C1","CCTACTGCTTACACTT-1","Hb_putative_BSk8"
"V12D07-075_C1","CCTATATTTGTCCTGG-1","Hb_putative_BSk8"
"V12D07-075_C1","CCTCACCAATCTTGAC-1","Hb_putative_BSk8"
"V12D07-075_C1","CCTCCGACAATTCAAG-1","Hb_putative_BSk8"
"V12D07-075_C1","CCTCGCGCTGTGCGAT-1","Hb_putative_BSk8"
"V12D07-075_C1","CCTCTAATCTGCCAAG-1","Hb_putative_BSk8"
"V12D07-075_C1","CCTCTCTCCCATCTAG-1","Hb_putative_BSk8"
"V12D07-075_C1","CCTCTGTACTATTCTA-1","Hb_putative_BSk8"
"V12D07-075_C1","CCTGAATATTTACATA-1","Hb_putative_BSk8"
"V12D07-075_C1","CCTGACCACCGATGGT-1","Hb_putative_BSk8"
"V12D07-075_C1","CCTGGCTAGACCCGCC-1","Hb_putative_BSk8"
"V12D07-075_C1","CCTGGTCGAATGTGGG-1","Hb_putative_BSk8"
"V12D07-075_C1","CCTGTAAGACATGATA-1","Hb_putative_BSk8"
"V12D07-075_C1","CCTGTCACCCGGGCTC-1","Hb_putative_BSk8"
"V12D07-075_C1","CCTGTCGCCCGTAAAT-1","Hb_putative_BSk8"
"V12D07-075_C1","CGAACCCGCATGCGTC-1","Hb_putative_BSk8"
"V12D07-075_C1","CGAAGTTGCTCTGTGT-1","Hb_putative_BSk8"
"V12D07-075_C1","CGAATGACGCATAATG-1","Hb_putative_BSk8"
"V12D07-075_C1","CGACAGTTCGCGTTAT-1","Hb_putative_BSk8"
"V12D07-075_C1","CGAGACCCTAGAGTGT-1","Hb_putative_BSk8"
"V12D07-075_C1","CGAGAGATGTGAACCT-1","Hb_putative_BSk8"
"V12D07-075_C1","CGAGCACTTCAAGTTT-1","Hb_putative_BSk8"
"V12D07-075_C1","CGAGGCTAAATATGGC-1","Hb_putative_BSk8"
"V12D07-075_C1","CGAGGGACTGCGGTCG-1","Hb_putative_BSk8"
"V12D07-075_C1","CGATACCTCGCGGACA-1","Hb_putative_BSk8"
"V12D07-075_C1","CGATCCGACCCAGTGC-1","Hb_putative_BSk8"
"V12D07-075_C1","CGATTAAATATCTCCT-1","Hb_putative_BSk8"
"V12D07-075_C1","CGATTCGCCTGGCTGC-1","Hb_putative_BSk8"
"V12D07-075_C1","CGCAAACACGAGTTAC-1","Hb_putative_BSk8"
"V12D07-075_C1","CGCAATTACTTTCGGT-1","Hb_putative_BSk8"
"V12D07-075_C1","CGCAATTAGGGTAATA-1","Hb_putative_BSk8"
"V12D07-075_C1","CGCATGGTGCGATGCT-1","Hb_putative_BSk8"
"V12D07-075_C1","CGCATTAGCTAATAGG-1","Hb_putative_BSk8"
"V12D07-075_C1","CGCCCAGCACGCCTAG-1","Hb_putative_BSk8"
"V12D07-075_C1","CGCCCTTGAAGGCTGA-1","Hb_putative_BSk8"
"V12D07-075_C1","CGCCTCCCTCCTCTAT-1","Hb_putative_BSk8"
"V12D07-075_C1","CGCGACCGCGACAGAT-1","Hb_putative_BSk8"
"V12D07-075_C1","CGCGCATGTTTGATTG-1","Hb_putative_BSk8"
"V12D07-075_C1","CGCGTTCATGAAATAC-1","Hb_putative_BSk8"
"V12D07-075_C1","CGCTACGGGACATTTA-1","Hb_putative_BSk8"
"V12D07-075_C1","CGCTATTCTTAGGCTC-1","Hb_putative_BSk8"
"V12D07-075_C1","CGCTCGACATAATGAT-1","Hb_putative_BSk8"
"V12D07-075_C1","CGCTCTCCGTAGATTA-1","Hb_putative_BSk8"
"V12D07-075_C1","CGCTGTGACGCCGCAC-1","Hb_putative_BSk8"
"V12D07-075_C1","CGCTTAGTATTGATAC-1","Hb_putative_BSk8"
"V12D07-075_C1","CGCTTCGGTCTAAGAC-1","Hb_putative_BSk8"
"V12D07-075_C1","CGGAGCAATTTAATCG-1","Hb_putative_BSk8"
"V12D07-075_C1","CGGAGCATGGCGATCC-1","Hb_putative_BSk8"
"V12D07-075_C1","CGGAGTTTGAGAGACA-1","Hb_putative_BSk8"
"V12D07-075_C1","CGGATCCTCAAGGACT-1","Hb_putative_BSk8"
"V12D07-075_C1","CGGCAAACATCGTGCG-1","Hb_putative_BSk8"
"V12D07-075_C1","CGGCCAGAGCGACCAT-1","Hb_putative_BSk8"
"V12D07-075_C1","CGGGATCAATGTAAGA-1","Hb_putative_BSk8"
"V12D07-075_C1","CGGGCAGCTAAACCGC-1","Hb_putative_BSk8"
"V12D07-075_C1","CGGTCCGTCGCAAGCC-1","Hb_putative_BSk8"
"V12D07-075_C1","CGGTGCAGATAGAACG-1","Hb_putative_BSk8"
"V12D07-075_C1","CGTAACTTCGACACTT-1","Hb_putative_BSk8"
"V12D07-075_C1","CGTACCTGATAGGCCT-1","Hb_putative_BSk8"
"V12D07-075_C1","CGTATTAAGAGATCTA-1","Hb_putative_BSk8"
"V12D07-075_C1","CGTCAAGGCTATAAAT-1","Hb_putative_BSk8"
"V12D07-075_C1","CGTCACGTCCATTGGT-1","Hb_putative_BSk8"
"V12D07-075_C1","CGTCGTCCTTCGCGAA-1","Hb_putative_BSk8"
"V12D07-075_C1","CGTGAAGTTAATTCAC-1","Hb_putative_BSk8"
"V12D07-075_C1","CGTGACCAGTCCTCTG-1","Hb_putative_BSk8"
"V12D07-075_C1","CGTGCAGACTGGGACA-1","Hb_putative_BSk8"
"V12D07-075_C1","CGTGCCCTCCCGAAGA-1","Hb_putative_BSk8"
"V12D07-075_C1","CGTGTCCCATTCGCGA-1","Hb_putative_BSk8"
"V12D07-075_C1","CGTTAATGTCCCGACG-1","Hb_putative_BSk8"
"V12D07-075_C1","CGTTGAATACCGCGCT-1","Hb_putative_BSk8"
"V12D07-075_C1","CGTTGAGCGACCGTCG-1","Hb_putative_BSk8"
"V12D07-075_C1","CGTTGTTTCAATTCCC-1","Hb_putative_BSk8"
"V12D07-075_C1","CGTTTCGCTCATTACA-1","Hb_putative_BSk8"
"V12D07-075_C1","CTAAAGAATGCCTACT-1","Hb_putative_BSk8"
"V12D07-075_C1","CTAAAGGGAAATAGGA-1","Hb_putative_BSk8"
"V12D07-075_C1","CTAACCGCGCGCCCGT-1","Hb_putative_BSk8"
"V12D07-075_C1","CTAAGGGAATGATTGG-1","Hb_putative_BSk8"
"V12D07-075_C1","CTAATTCGCACGCGCT-1","Hb_putative_BSk8"
"V12D07-075_C1","CTAATTTCAACAACAC-1","Hb_putative_BSk8"
"V12D07-075_C1","CTACGACTAGCTATAA-1","Hb_putative_BSk8"
"V12D07-075_C1","CTACGCACGGAGTACC-1","Hb_putative_BSk8"
"V12D07-075_C1","CTACTGCCACCTGACC-1","Hb_putative_BSk8"
"V12D07-075_C1","CTAGATTTACGACGGC-1","Hb_putative_BSk8"
"V12D07-075_C1","CTAGGCGCCCTATCAG-1","Hb_putative_BSk8"
"V12D07-075_C1","CTAGGTTCGGACGTGA-1","Hb_putative_BSk8"
"V12D07-075_C1","CTAGTCACGTCTTAAG-1","Hb_putative_BSk8"
"V12D07-075_C1","CTAGTGAAGGACAGGA-1","Hb_putative_BSk8"
"V12D07-075_C1","CTAGTTACAACCCGGT-1","Hb_putative_BSk8"
"V12D07-075_C1","CTAGTTGGGCCCGGTA-1","Hb_putative_BSk8"
"V12D07-075_C1","CTATCGGGTCTCAACA-1","Hb_putative_BSk8"
"V12D07-075_C1","CTATGCCCGAATGCAA-1","Hb_putative_BSk8"
"V12D07-075_C1","CTATGTCACTAGCCCA-1","Hb_putative_BSk8"
"V12D07-075_C1","CTATTCATGTGTCCCA-1","Hb_putative_BSk8"
"V12D07-075_C1","CTCACATTTACTAAAT-1","Hb_putative_BSk8"
"V12D07-075_C1","CTCATTTGATGGGCGG-1","Hb_putative_BSk8"
"V12D07-075_C1","CTCCGCCCACATGAGG-1","Hb_putative_BSk8"
"V12D07-075_C1","CTCCTCCAGCTCACAC-1","Hb_putative_BSk8"
"V12D07-075_C1","CTCGAGGTCGAACAGT-1","Hb_putative_BSk8"
"V12D07-075_C1","CTCGCACCTATATAGT-1","Hb_putative_BSk8"
"V12D07-075_C1","CTCGCCGAATGTAGGG-1","Hb_putative_BSk8"
"V12D07-075_C1","CTCGGTACCACTGCTC-1","Hb_putative_BSk8"
"V12D07-075_C1","CTCTATTTGGCTGCAG-1","Hb_putative_BSk8"
"V12D07-075_C1","CTCTGGACGCCTGGTG-1","Hb_putative_BSk8"
"V12D07-075_C1","CTCTTGTCCCGCTTGG-1","Hb_putative_BSk8"
"V12D07-075_C1","CTGAAAGAGATCCGAC-1","Hb_putative_BSk8"
"V12D07-075_C1","CTGAATCCGAGACCTC-1","Hb_putative_BSk8"
"V12D07-075_C1","CTGAGCAAGTAACAAG-1","Hb_putative_BSk8"
"V12D07-075_C1","CTGCACAACTACATAT-1","Hb_putative_BSk8"
"V12D07-075_C1","CTGCACTCCAGTACAG-1","Hb_putative_BSk8"
"V12D07-075_C1","CTGCCATGCATCACAT-1","Hb_putative_BSk8"
"V12D07-075_C1","CTGCTTGGCGATAGCT-1","Hb_putative_BSk8"
"V12D07-075_C1","CTGGAAATGGATGCTT-1","Hb_putative_BSk8"
"V12D07-075_C1","CTGGATTTACACTTGA-1","Hb_putative_BSk8"
"V12D07-075_C1","CTGGCGGGAATAAGTA-1","Hb_putative_BSk8"
"V12D07-075_C1","CTGGCTGGTTGTCAGT-1","Hb_putative_BSk8"
"V12D07-075_C1","CTGGGTAGGCAGTTAA-1","Hb_putative_BSk8"
"V12D07-075_C1","CTGTACTTCTTAGCAT-1","Hb_putative_BSk8"
"V12D07-075_C1","CTGTATGGTGTAGAAA-1","Hb_putative_BSk8"
"V12D07-075_C1","CTGTGCAGGGTAGGTC-1","Hb_putative_BSk8"
"V12D07-075_C1","CTGTTACCCAATCTAG-1","Hb_putative_BSk8"
"V12D07-075_C1","CTGTTCATCTCACGGG-1","Hb_putative_BSk8"
"V12D07-075_C1","CTTACACGGTATTCCA-1","Hb_putative_BSk8"
"V12D07-075_C1","CTTCAACTCCACTTGG-1","Hb_putative_BSk8"
"V12D07-075_C1","CTTCATAGCTCAAGAA-1","Hb_putative_BSk8"
"V12D07-075_C1","CTTCGTAGATAGGTGA-1","Hb_putative_BSk8"
"V12D07-075_C1","CTTGCCCAGGCTCTAC-1","Hb_putative_BSk8"
"V12D07-075_C1","CTTGGCCAAGCTGGGA-1","Hb_putative_BSk8"
"V12D07-075_C1","CTTGTCAACATTCGAG-1","Hb_putative_BSk8"
"V12D07-075_C1","CTTGTTGCTGAGTCAA-1","Hb_putative_BSk8"
"V12D07-075_C1","CTTTAACTTTCAAAGG-1","Hb_putative_BSk8"
"V12D07-075_C1","CTTTAATATTGGTCGA-1","Hb_putative_BSk8"
"V12D07-075_C1","CTTTCTGTGCGGGCTT-1","Hb_putative_BSk8"
"V12D07-075_C1","CTTTGGCTTTAGTAAA-1","Hb_putative_BSk8"
"V12D07-075_C1","GAAACCGAATTACCTT-1","Hb_putative_BSk8"
"V12D07-075_C1","GAAACCTATACAAATG-1","Hb_putative_BSk8"
"V12D07-075_C1","GAAACTCGTGCGATGC-1","Hb_putative_BSk8"
"V12D07-075_C1","GAAAGCAGTGCACTTT-1","Hb_putative_BSk8"
"V12D07-075_C1","GAAAGTGACTAACTGC-1","Hb_putative_BSk8"
"V12D07-075_C1","GAAATGGCGGTGTTAG-1","Hb_putative_BSk8"
"V12D07-075_C1","GAAATTGTCTCTATAA-1","Hb_putative_BSk8"
"V12D07-075_C1","GAACAGATTACTAAAT-1","Hb_putative_BSk8"
"V12D07-075_C1","GAACCCTCTGTGTTCT-1","Hb_putative_BSk8"
"V12D07-075_C1","GAAGCCTGCACATTCC-1","Hb_putative_BSk8"
"V12D07-075_C1","GAAGCGTGAGGAATTT-1","Hb_putative_BSk8"
"V12D07-075_C1","GAAGCTTGCTGACCGC-1","Hb_putative_BSk8"
"V12D07-075_C1","GAAGTCAGTTGCACTA-1","Hb_putative_BSk8"
"V12D07-075_C1","GAAGTGATTTATCGTG-1","Hb_putative_BSk8"
"V12D07-075_C1","GAAGTTTCCACTCAAT-1","Hb_putative_BSk8"
"V12D07-075_C1","GAATCGACATGGTCAC-1","Hb_putative_BSk8"
"V12D07-075_C1","GAATCTGAACATTCTC-1","Hb_putative_BSk8"
"V12D07-075_C1","GAATGTGGTCCGGATT-1","Hb_putative_BSk8"
"V12D07-075_C1","GAATGTTGGGTAATCT-1","Hb_putative_BSk8"
"V12D07-075_C1","GAATTCACCCGGGTGT-1","Hb_putative_BSk8"
"V12D07-075_C1","GACACAAGGGAAGAAA-1","Hb_putative_BSk8"
"V12D07-075_C1","GACACTGAGTTCAGTG-1","Hb_putative_BSk8"
"V12D07-075_C1","GACAGGCACACACTAT-1","Hb_putative_BSk8"
"V12D07-075_C1","GACATCGATTTATAAC-1","Hb_putative_BSk8"
"V12D07-075_C1","GACCAGAGCCCTGTAG-1","Hb_putative_BSk8"
"V12D07-075_C1","GACCGTGCTGACGGTG-1","Hb_putative_BSk8"
"V12D07-075_C1","GACGACGATCCGCGTT-1","Hb_putative_BSk8"
"V12D07-075_C1","GACGCCGTAAAGGCTA-1","Hb_putative_BSk8"
"V12D07-075_C1","GACGCTTGCTTCTAAA-1","Hb_putative_BSk8"
"V12D07-075_C1","GACGGGTTGGCCCGTA-1","Hb_putative_BSk8"
"V12D07-075_C1","GACTAAGTAGGCTCAC-1","Hb_putative_BSk8"
"V12D07-075_C1","GACTGCAAATCGAGCT-1","Hb_putative_BSk8"
"V12D07-075_C1","GAGACTGATGGGTAGA-1","Hb_putative_BSk8"
"V12D07-075_C1","GAGACTTCGCGACCGA-1","Hb_putative_BSk8"
"V12D07-075_C1","GAGAGGGCGCGAGGTT-1","Hb_putative_BSk8"
"V12D07-075_C1","GAGATCTGCTTGGCAT-1","Hb_putative_BSk8"
"V12D07-075_C1","GAGATCTGTCACTCCG-1","Hb_putative_BSk8"
"V12D07-075_C1","GAGATGGGAGTCGACA-1","Hb_putative_BSk8"
"V12D07-075_C1","GAGCCAGCTACCTGTG-1","Hb_putative_BSk8"
"V12D07-075_C1","GAGCTCTCGGACCTAA-1","Hb_putative_BSk8"
"V12D07-075_C1","GAGGAATGGAGAGGTT-1","Hb_putative_BSk8"
"V12D07-075_C1","GAGTAGATACTAGTTG-1","Hb_putative_BSk8"
"V12D07-075_C1","GAGTCCGCTTACCGGA-1","Hb_putative_BSk8"
"V12D07-075_C1","GATAGAACCCGCTAGG-1","Hb_putative_BSk8"
"V12D07-075_C1","GATAGGTAACGTTGAC-1","Hb_putative_BSk8"
"V12D07-075_C1","GATCATTCCAAACATT-1","Hb_putative_BSk8"
"V12D07-075_C1","GATCCCTTTATACTGC-1","Hb_putative_BSk8"
"V12D07-075_C1","GATCCGGGAATTAACA-1","Hb_putative_BSk8"
"V12D07-075_C1","GATCGACACTATCTGA-1","Hb_putative_BSk8"
"V12D07-075_C1","GATCGCGGGCTCTCCA-1","Hb_putative_BSk8"
"V12D07-075_C1","GATCGGTGGCCATAAC-1","Hb_putative_BSk8"
"V12D07-075_C1","GATCGTGACTGATATC-1","Hb_putative_BSk8"
"V12D07-075_C1","GATCTGCTATCTAAGG-1","Hb_putative_BSk8"
"V12D07-075_C1","GATCTTGGAGGGCATA-1","Hb_putative_BSk8"
"V12D07-075_C1","GATCTTTGCAGGGTAT-1","Hb_putative_BSk8"
"V12D07-075_C1","GATGCGTCCTGCATTC-1","Hb_putative_BSk8"
"V12D07-075_C1","GATGCTACCTTCGATG-1","Hb_putative_BSk8"
"V12D07-075_C1","GATGCTGTATTTCATC-1","Hb_putative_BSk8"
"V12D07-075_C1","GATGTTCAATCCACGA-1","Hb_putative_BSk8"
"V12D07-075_C1","GATTACTGAATTTGGG-1","Hb_putative_BSk8"
"V12D07-075_C1","GATTCCCTTGTCGCAG-1","Hb_putative_BSk8"
"V12D07-075_C1","GATTCCTATACGGCGC-1","Hb_putative_BSk8"
"V12D07-075_C1","GATTCGACGGTTCACG-1","Hb_putative_BSk8"
"V12D07-075_C1","GCAAACCCTACATTAT-1","Hb_putative_BSk8"
"V12D07-075_C1","GCAAACCTTGGCCATA-1","Hb_putative_BSk8"
"V12D07-075_C1","GCAAATATTACGCTTT-1","Hb_putative_BSk8"
"V12D07-075_C1","GCAAGTGCACAGAGAA-1","Hb_putative_BSk8"
"V12D07-075_C1","GCAGATCCATAAGACT-1","Hb_putative_BSk8"
"V12D07-075_C1","GCAGATTAGGGATATC-1","Hb_putative_BSk8"
"V12D07-075_C1","GCAGCACACAGCCCAG-1","Hb_putative_BSk8"
"V12D07-075_C1","GCAGGACTATAGAATA-1","Hb_putative_BSk8"
"V12D07-075_C1","GCAGTGTGGCTATAGG-1","Hb_putative_BSk8"
"V12D07-075_C1","GCATAGAGCACTCAGG-1","Hb_putative_BSk8"
"V12D07-075_C1","GCATTCGAAATGAACA-1","Hb_putative_BSk8"
"V12D07-075_C1","GCCCAGTTGGTATGCC-1","Hb_putative_BSk8"
"V12D07-075_C1","GCCCGATCTGTGGTCG-1","Hb_putative_BSk8"
"V12D07-075_C1","GCCCGCGCGTTTGACA-1","Hb_putative_BSk8"
"V12D07-075_C1","GCCCGTAATACCTTCT-1","Hb_putative_BSk8"
"V12D07-075_C1","GCCGAAATTCCTACGT-1","Hb_putative_BSk8"
"V12D07-075_C1","GCCGATTGGCCAAGCT-1","Hb_putative_BSk8"
"V12D07-075_C1","GCCGCATTAGTCCGGC-1","Hb_putative_BSk8"
"V12D07-075_C1","GCCGCTTGTGAGAAAC-1","Hb_putative_BSk8"
"V12D07-075_C1","GCCGGGTTAGGGTCGC-1","Hb_putative_BSk8"
"V12D07-075_C1","GCCGGTCGTATCTCTC-1","Hb_putative_BSk8"
"V12D07-075_C1","GCCTAGCGATCTGACC-1","Hb_putative_BSk8"
"V12D07-075_C1","GCCTCTATACATAGCA-1","Hb_putative_BSk8"
"V12D07-075_C1","GCGAAGCCATACCCGT-1","Hb_putative_BSk8"
"V12D07-075_C1","GCGACGATAGTTGTAC-1","Hb_putative_BSk8"
"V12D07-075_C1","GCGAGGCCCGAGCAGA-1","Hb_putative_BSk8"
"V12D07-075_C1","GCGAGTTCTGCAAAGA-1","Hb_putative_BSk8"
"V12D07-075_C1","GCGCCGTTCCACGATA-1","Hb_putative_BSk8"
"V12D07-075_C1","GCGCGGTCTAGTAACT-1","Hb_putative_BSk8"
"V12D07-075_C1","GCGCTAATTGAATAGA-1","Hb_putative_BSk8"
"V12D07-075_C1","GCGCTATGCCGAGGCA-1","Hb_putative_BSk8"
"V12D07-075_C1","GCGGCTCTGACGTACC-1","Hb_putative_BSk8"
"V12D07-075_C1","GCGGTTCCCTATCATG-1","Hb_putative_BSk8"
"V12D07-075_C1","GCGTCGCCAGGGTGAT-1","Hb_putative_BSk8"
"V12D07-075_C1","GCGTCTCTGCATTGGG-1","Hb_putative_BSk8"
"V12D07-075_C1","GCGTTATATTTGGAAC-1","Hb_putative_BSk8"
"V12D07-075_C1","GCTAAGTAAAGGCGAT-1","Hb_putative_BSk8"
"V12D07-075_C1","GCTAATACCGAATGCC-1","Hb_putative_BSk8"
"V12D07-075_C1","GCTACGACTTATTGGG-1","Hb_putative_BSk8"
"V12D07-075_C1","GCTAGTAGAGCTTGTA-1","Hb_putative_BSk8"
"V12D07-075_C1","GCTATCATACTCATGG-1","Hb_putative_BSk8"
"V12D07-075_C1","GCTCAATGTAATACCG-1","Hb_putative_BSk8"
"V12D07-075_C1","GCTCCATGCAAAGCAA-1","Hb_putative_BSk8"
"V12D07-075_C1","GCTCTAAACCCTGACG-1","Hb_putative_BSk8"
"V12D07-075_C1","GCTCTATGTTACGTGC-1","Hb_putative_BSk8"
"V12D07-075_C1","GCTCTCGGGTACCGAA-1","Hb_putative_BSk8"
"V12D07-075_C1","GCTCTTTCCGCTAGTG-1","Hb_putative_BSk8"
"V12D07-075_C1","GCTGAGGCGTGAGTAT-1","Hb_putative_BSk8"
"V12D07-075_C1","GCTGCACGGTTTCTTA-1","Hb_putative_BSk8"
"V12D07-075_C1","GCTGCTAAGTAGTCGA-1","Hb_putative_BSk8"
"V12D07-075_C1","GCTGCTCTCCGGACAC-1","Hb_putative_BSk8"
"V12D07-075_C1","GCTGGCGGCGCATGCT-1","Hb_putative_BSk8"
"V12D07-075_C1","GCTTCCGTCCCTAGAC-1","Hb_putative_BSk8"
"V12D07-075_C1","GCTTGATGATAATCAG-1","Hb_putative_BSk8"
"V12D07-075_C1","GGACCAACAGGATAAC-1","Hb_putative_BSk8"
"V12D07-075_C1","GGAGAAGTCATTGGCA-1","Hb_putative_BSk8"
"V12D07-075_C1","GGAGACGACACCTTTG-1","Hb_putative_BSk8"
"V12D07-075_C1","GGATGACGCGAGTTTA-1","Hb_putative_BSk8"
"V12D07-075_C1","GGATTGCTGTGACTCC-1","Hb_putative_BSk8"
"V12D07-075_C1","GGCAAATTACTTTACT-1","Hb_putative_BSk8"
"V12D07-075_C1","GGCAAGGCGAAATAGC-1","Hb_putative_BSk8"
"V12D07-075_C1","GGCACTCCACTGGGCA-1","Hb_putative_BSk8"
"V12D07-075_C1","GGCATACAGGTAGCGG-1","Hb_putative_BSk8"
"V12D07-075_C1","GGCCCTCACCCACTTA-1","Hb_putative_BSk8"
"V12D07-075_C1","GGCGCAGGACATCTTC-1","Hb_putative_BSk8"
"V12D07-075_C1","GGCGCATGAATTGATG-1","Hb_putative_BSk8"
"V12D07-075_C1","GGCGCGTTCGAGTTTA-1","Hb_putative_BSk8"
"V12D07-075_C1","GGCGGAGTAATATTAG-1","Hb_putative_BSk8"
"V12D07-075_C1","GGCGGTAGGATCATTG-1","Hb_putative_BSk8"
"V12D07-075_C1","GGCGTCCTATCCGCTG-1","Hb_putative_BSk8"
"V12D07-075_C1","GGCTATTAAGTTGTAT-1","Hb_putative_BSk8"
"V12D07-075_C1","GGCTCGTGCCACCAGC-1","Hb_putative_BSk8"
"V12D07-075_C1","GGCTCTGCTCCAACGC-1","Hb_putative_BSk8"
"V12D07-075_C1","GGCTGAAATAGCAAAG-1","Hb_putative_BSk8"
"V12D07-075_C1","GGCTTTCAATAAGGGT-1","Hb_putative_BSk8"
"V12D07-075_C1","GGGAACGGGAGGTTAG-1","Hb_putative_BSk8"
"V12D07-075_C1","GGGACCCGTATATCTT-1","Hb_putative_BSk8"
"V12D07-075_C1","GGGACTGCATAGATAG-1","Hb_putative_BSk8"
"V12D07-075_C1","GGGAGAACTCACAGTA-1","Hb_putative_BSk8"
"V12D07-075_C1","GGGAGGATGCCCGAAA-1","Hb_putative_BSk8"
"V12D07-075_C1","GGGCAGAGCAATCGTT-1","Hb_putative_BSk8"
"V12D07-075_C1","GGGCCCGTCTTAAACA-1","Hb_putative_BSk8"
"V12D07-075_C1","GGGCGATATGTGTGAA-1","Hb_putative_BSk8"
"V12D07-075_C1","GGGCGTACATTTATAT-1","Hb_putative_BSk8"
"V12D07-075_C1","GGGCGTCACCACGTAA-1","Hb_putative_BSk8"
"V12D07-075_C1","GGGCTGGTTAGTCGCG-1","Hb_putative_BSk8"
"V12D07-075_C1","GGGTACTTCATGAACT-1","Hb_putative_BSk8"
"V12D07-075_C1","GGGTCACCGTGACGGT-1","Hb_putative_BSk8"
"V12D07-075_C1","GGGTCAGGAGCTAGAT-1","Hb_putative_BSk8"
"V12D07-075_C1","GGGTGACACCTTAACT-1","Hb_putative_BSk8"
"V12D07-075_C1","GGTACAAACATGCTAT-1","Hb_putative_BSk8"
"V12D07-075_C1","GGTAGAAGACCGCCTG-1","Hb_putative_BSk8"
"V12D07-075_C1","GGTAGACCGTTGGGCG-1","Hb_putative_BSk8"
"V12D07-075_C1","GGTAGTGCTCGCACCA-1","Hb_putative_BSk8"
"V12D07-075_C1","GGTATTGCCGAGTTTA-1","Hb_putative_BSk8"
"V12D07-075_C1","GGTCAGTGGGTCCCAC-1","Hb_putative_BSk8"
"V12D07-075_C1","GGTCTGAGAATCTGGA-1","Hb_putative_BSk8"
"V12D07-075_C1","GGTGATAAGGAGCAGT-1","Hb_putative_BSk8"
"V12D07-075_C1","GGTGCTGGTACACATT-1","Hb_putative_BSk8"
"V12D07-075_C1","GGTGTAGGTAAGTAAA-1","Hb_putative_BSk8"
"V12D07-075_C1","GGTTAGGCTTGGAGAA-1","Hb_putative_BSk8"
"V12D07-075_C1","GGTTTACAATCTCAAT-1","Hb_putative_BSk8"
"V12D07-075_C1","GTAAGCGGGCAGTCAG-1","Hb_putative_BSk8"
"V12D07-075_C1","GTAAGTAGGGTATACC-1","Hb_putative_BSk8"
"V12D07-075_C1","GTACACTTACCTGAAG-1","Hb_putative_BSk8"
"V12D07-075_C1","GTACGCTTCATTGCAC-1","Hb_putative_BSk8"
"V12D07-075_C1","GTACGTTTGCCCGTCA-1","Hb_putative_BSk8"
"V12D07-075_C1","GTACTAAGATTTGGAG-1","Hb_putative_BSk8"
"V12D07-075_C1","GTACTCCCTTATCGCT-1","Hb_putative_BSk8"
"V12D07-075_C1","GTACTTGGGCACTTCT-1","Hb_putative_BSk8"
"V12D07-075_C1","GTAGACACGCCTGACT-1","Hb_putative_BSk8"
"V12D07-075_C1","GTAGCCAAACATGGGA-1","Hb_putative_BSk8"
"V12D07-075_C1","GTAGCGGCTATACACT-1","Hb_putative_BSk8"
"V12D07-075_C1","GTAGTCGCGGGAATCA-1","Hb_putative_BSk8"
"V12D07-075_C1","GTATCAGCTTGGGTTC-1","Hb_putative_BSk8"
"V12D07-075_C1","GTATCTTTCATAACCA-1","Hb_putative_BSk8"
"V12D07-075_C1","GTCAACCAGGCCTATA-1","Hb_putative_BSk8"
"V12D07-075_C1","GTCAAGCGGACTCGGG-1","Hb_putative_BSk8"
"V12D07-075_C1","GTCAGAATAGTCTATG-1","Hb_putative_BSk8"
"V12D07-075_C1","GTCAGTTTGGTAGTCG-1","Hb_putative_BSk8"
"V12D07-075_C1","GTCATGCACCTCCGTT-1","Hb_putative_BSk8"
"V12D07-075_C1","GTCATGGACATGACTA-1","Hb_putative_BSk8"
"V12D07-075_C1","GTCATTAGAGCGAACG-1","Hb_putative_BSk8"
"V12D07-075_C1","GTCATTGCATTGACCC-1","Hb_putative_BSk8"
"V12D07-075_C1","GTCCAATATTTAGCCT-1","Hb_putative_BSk8"
"V12D07-075_C1","GTCCCGCGACGTTATG-1","Hb_putative_BSk8"
"V12D07-075_C1","GTCCGGCTGAATTGCG-1","Hb_putative_BSk8"
"V12D07-075_C1","GTCCTACGAATAGTCT-1","Hb_putative_BSk8"
"V12D07-075_C1","GTCGCGTAACCCGTTG-1","Hb_putative_BSk8"
"V12D07-075_C1","GTCGGATATCTCAGAC-1","Hb_putative_BSk8"
"V12D07-075_C1","GTCGGGAAGCAGAAAC-1","Hb_putative_BSk8"
"V12D07-075_C1","GTCGTACCATCTCGGG-1","Hb_putative_BSk8"
"V12D07-075_C1","GTCTACTCAATTACAA-1","Hb_putative_BSk8"
"V12D07-075_C1","GTCTATCTGAGTTTCT-1","Hb_putative_BSk8"
"V12D07-075_C1","GTCTCAAGGCCCGGCT-1","Hb_putative_BSk8"
"V12D07-075_C1","GTCTCCGCCTCAATAC-1","Hb_putative_BSk8"
"V12D07-075_C1","GTGACTTCAGTAGTGC-1","Hb_putative_BSk8"
"V12D07-075_C1","GTGAGCGTGCTGCACT-1","Hb_putative_BSk8"
"V12D07-075_C1","GTGAGGACACTTAAGG-1","Hb_putative_BSk8"
"V12D07-075_C1","GTGAGTGGTACAACGC-1","Hb_putative_BSk8"
"V12D07-075_C1","GTGATCATAGATCTGC-1","Hb_putative_BSk8"
"V12D07-075_C1","GTGCACCAGCTTCAAC-1","Hb_putative_BSk8"
"V12D07-075_C1","GTGCCGCTTCAAAGGT-1","Hb_putative_BSk8"
"V12D07-075_C1","GTGCTCAAGTACTGTC-1","Hb_putative_BSk8"
"V12D07-075_C1","GTGGACGCATTTGTCC-1","Hb_putative_BSk8"
"V12D07-075_C1","GTGGGCTTAGACACAC-1","Hb_putative_BSk8"
"V12D07-075_C1","GTGTACCTTGGCTACG-1","Hb_putative_BSk8"
"V12D07-075_C1","GTGTATATCAGCGGGC-1","Hb_putative_BSk8"
"V12D07-075_C1","GTGTCGTATAGCGTTC-1","Hb_putative_BSk8"
"V12D07-075_C1","GTGTTACTATGCGTCC-1","Hb_putative_BSk8"
"V12D07-075_C1","GTTAACATCACTTAAA-1","Hb_putative_BSk8"
"V12D07-075_C1","GTTAAGGGTGCGATGT-1","Hb_putative_BSk8"
"V12D07-075_C1","GTTACAATTGGTGACG-1","Hb_putative_BSk8"
"V12D07-075_C1","GTTACCTACAACTTGC-1","Hb_putative_BSk8"
"V12D07-075_C1","GTTACTTTGGGCCTAG-1","Hb_putative_BSk8"
"V12D07-075_C1","GTTATATTATCTCCCT-1","Hb_putative_BSk8"
"V12D07-075_C1","GTTCACAGGAGTCTAG-1","Hb_putative_BSk8"
"V12D07-075_C1","GTTCAGTCGCCAAATG-1","Hb_putative_BSk8"
"V12D07-075_C1","GTTCGCCATAAGTGCC-1","Hb_putative_BSk8"
"V12D07-075_C1","GTTGAACCGGTTCCAT-1","Hb_putative_BSk8"
"V12D07-075_C1","GTTGAGTCCCGCCGGT-1","Hb_putative_BSk8"
"V12D07-075_C1","GTTGCACGGAGTTTCG-1","Hb_putative_BSk8"
"V12D07-075_C1","GTTGGATTTGCGTTGG-1","Hb_putative_BSk8"
"V12D07-075_C1","GTTGGTCATGCTATCC-1","Hb_putative_BSk8"
"V12D07-075_C1","GTTTACGTTCCATCTG-1","Hb_putative_BSk8"
"V12D07-075_C1","GTTTCCTGGAGGGTGA-1","Hb_putative_BSk8"
"V12D07-075_C1","GTTTCTGCAGTCTCCC-1","Hb_putative_BSk8"
"V12D07-075_C1","GTTTGACCAAATCCTA-1","Hb_putative_BSk8"
"V12D07-075_C1","GTTTGGCCCAAGTTAT-1","Hb_putative_BSk8"
"V12D07-075_C1","GTTTGGGCTTGTGAGC-1","Hb_putative_BSk8"
"V12D07-075_C1","GTTTGGTAGGGTCAAC-1","Hb_putative_BSk8"
"V12D07-075_C1","TAAAGCGGTATTTCCA-1","Hb_putative_BSk8"
"V12D07-075_C1","TAAATGAATCCGTTTC-1","Hb_putative_BSk8"
"V12D07-075_C1","TAACAAAGGGAGAAGC-1","Hb_putative_BSk8"
"V12D07-075_C1","TAACAATATTTGTTGC-1","Hb_putative_BSk8"
"V12D07-075_C1","TAACATACAATGTGGG-1","Hb_putative_BSk8"
"V12D07-075_C1","TAACGCTTTGAGAGCG-1","Hb_putative_BSk8"
"V12D07-075_C1","TAACTATCGAAGGTCC-1","Hb_putative_BSk8"
"V12D07-075_C1","TAACTCATCCGCGCGG-1","Hb_putative_BSk8"
"V12D07-075_C1","TAAGCAGGCGACACGC-1","Hb_putative_BSk8"
"V12D07-075_C1","TAAGGCAACATAAGAT-1","Hb_putative_BSk8"
"V12D07-075_C1","TAAGGGCTGGGAGAGG-1","Hb_putative_BSk8"
"V12D07-075_C1","TAATGAAAGACCCTTG-1","Hb_putative_BSk8"
"V12D07-075_C1","TACAACGCACAACTCA-1","Hb_putative_BSk8"
"V12D07-075_C1","TACATAGGCATACACC-1","Hb_putative_BSk8"
"V12D07-075_C1","TACATTTCTAACGTGC-1","Hb_putative_BSk8"
"V12D07-075_C1","TACCAAATAGCCCAGA-1","Hb_putative_BSk8"
"V12D07-075_C1","TACCAGAAGTAGGTTC-1","Hb_putative_BSk8"
"V12D07-075_C1","TACCGGCTCACTGCCC-1","Hb_putative_BSk8"
"V12D07-075_C1","TACCGTAGGTTAACTA-1","Hb_putative_BSk8"
"V12D07-075_C1","TACCGTGCCTCGGACC-1","Hb_putative_BSk8"
"V12D07-075_C1","TACCTACTCCCAGTAT-1","Hb_putative_BSk8"
"V12D07-075_C1","TACCTCAGTTGTCTGT-1","Hb_putative_BSk8"
"V12D07-075_C1","TACGAACACGACTTCA-1","Hb_putative_BSk8"
"V12D07-075_C1","TACGACGCTTGCTGCG-1","Hb_putative_BSk8"
"V12D07-075_C1","TACGAGAACTTCACGT-1","Hb_putative_BSk8"
"V12D07-075_C1","TACGATGTTGATCATC-1","Hb_putative_BSk8"
"V12D07-075_C1","TACGCAGTTCTTTCCT-1","Hb_putative_BSk8"
"V12D07-075_C1","TACGCCATATTCTAAT-1","Hb_putative_BSk8"
"V12D07-075_C1","TACGCCTCCATTCCGA-1","Hb_putative_BSk8"
"V12D07-075_C1","TACGTGCACTATGCTG-1","Hb_putative_BSk8"
"V12D07-075_C1","TAGAGTCTAAGCGAAC-1","Hb_putative_BSk8"
"V12D07-075_C1","TAGATATGGACTGGAA-1","Hb_putative_BSk8"
"V12D07-075_C1","TAGCAACCTGTCACAA-1","Hb_putative_BSk8"
"V12D07-075_C1","TAGCCATTTCAAAGTC-1","Hb_putative_BSk8"
"V12D07-075_C1","TAGCGTTGGGTCTTAC-1","Hb_putative_BSk8"
"V12D07-075_C1","TAGCTAAGTCCGGGAG-1","Hb_putative_BSk8"
"V12D07-075_C1","TAGCTAGAAGGCATGA-1","Hb_putative_BSk8"
"V12D07-075_C1","TAGCTCGCCTGATAAC-1","Hb_putative_BSk8"
"V12D07-075_C1","TAGGTGAGCCCTACTC-1","Hb_putative_BSk8"
"V12D07-075_C1","TAGGTGTTCCACAGAT-1","Hb_putative_BSk8"
"V12D07-075_C1","TAGGTTCGAGTTCGTC-1","Hb_putative_BSk8"
"V12D07-075_C1","TAGTCCGCAGAGAATG-1","Hb_putative_BSk8"
"V12D07-075_C1","TAGTCTAACAACGAGA-1","Hb_putative_BSk8"
"V12D07-075_C1","TAGTGCCCTCCAGAGT-1","Hb_putative_BSk8"
"V12D07-075_C1","TATAAATCCACAAGCT-1","Hb_putative_BSk8"
"V12D07-075_C1","TATAAGTGAGGATAGC-1","Hb_putative_BSk8"
"V12D07-075_C1","TATACACAGACGCCTT-1","Hb_putative_BSk8"
"V12D07-075_C1","TATACACGCAAAGTAT-1","Hb_putative_BSk8"
"V12D07-075_C1","TATACGCGTCATCACT-1","Hb_putative_BSk8"
"V12D07-075_C1","TATAGGGTACTCATGA-1","Hb_putative_BSk8"
"V12D07-075_C1","TATCCGCACCGTCGGG-1","Hb_putative_BSk8"
"V12D07-075_C1","TATCCTATCAACTGGT-1","Hb_putative_BSk8"
"V12D07-075_C1","TATCGATGATTAAACG-1","Hb_putative_BSk8"
"V12D07-075_C1","TATCTACCACAGCGGG-1","Hb_putative_BSk8"
"V12D07-075_C1","TATGCTCCCTACTTAC-1","Hb_putative_BSk8"
"V12D07-075_C1","TATGGATGTGCTACGC-1","Hb_putative_BSk8"
"V12D07-075_C1","TATGGGACCGAGCAGG-1","Hb_putative_BSk8"
"V12D07-075_C1","TATGGGTACGTATCGT-1","Hb_putative_BSk8"
"V12D07-075_C1","TATGGTCTGAGTAACA-1","Hb_putative_BSk8"
"V12D07-075_C1","TATTCCACTCAGCTCG-1","Hb_putative_BSk8"
"V12D07-075_C1","TATTCGTGCCAGAATA-1","Hb_putative_BSk8"
"V12D07-075_C1","TATTTGTTACCCTTTA-1","Hb_putative_BSk8"
"V12D07-075_C1","TCAAACAACCGCGTCG-1","Hb_putative_BSk8"
"V12D07-075_C1","TCAAACTTAGATTGTT-1","Hb_putative_BSk8"
"V12D07-075_C1","TCAAATTTGAGACTCA-1","Hb_putative_BSk8"
"V12D07-075_C1","TCAACGAGGAGACAAA-1","Hb_putative_BSk8"
"V12D07-075_C1","TCAATACGCCGTCATG-1","Hb_putative_BSk8"
"V12D07-075_C1","TCACAGGGAATCGCAA-1","Hb_putative_BSk8"
"V12D07-075_C1","TCACAGGTTATTGGGC-1","Hb_putative_BSk8"
"V12D07-075_C1","TCACCCTCTTAAGATT-1","Hb_putative_BSk8"
"V12D07-075_C1","TCACGCATTGTAGATC-1","Hb_putative_BSk8"
"V12D07-075_C1","TCACGGTCATCGCACA-1","Hb_putative_BSk8"
"V12D07-075_C1","TCACGTGCCCGATTCA-1","Hb_putative_BSk8"
"V12D07-075_C1","TCAGACGCTATAGAAG-1","Hb_putative_BSk8"
"V12D07-075_C1","TCAGGGTGTAACGTAA-1","Hb_putative_BSk8"
"V12D07-075_C1","TCAGGTTCTTTGAGAA-1","Hb_putative_BSk8"
"V12D07-075_C1","TCAGTACTGACCCGCG-1","Hb_putative_BSk8"
"V12D07-075_C1","TCAGTAGGGACTATAA-1","Hb_putative_BSk8"
"V12D07-075_C1","TCCAACTTTAAATTCT-1","Hb_putative_BSk8"
"V12D07-075_C1","TCCAATAAAGGCTACC-1","Hb_putative_BSk8"
"V12D07-075_C1","TCCACAATGGTTTACG-1","Hb_putative_BSk8"
"V12D07-075_C1","TCCACCTCTAGCCTTT-1","Hb_putative_BSk8"
"V12D07-075_C1","TCCACTTTATCTAGGT-1","Hb_putative_BSk8"
"V12D07-075_C1","TCCAGAGCACCGGTTC-1","Hb_putative_BSk8"
"V12D07-075_C1","TCCAGGCGAGTACGGT-1","Hb_putative_BSk8"
"V12D07-075_C1","TCCAGGGTATATACGA-1","Hb_putative_BSk8"
"V12D07-075_C1","TCCCAAAGACGAAGGA-1","Hb_putative_BSk8"
"V12D07-075_C1","TCCCAGCTTTAGTCTG-1","Hb_putative_BSk8"
"V12D07-075_C1","TCCCAGGCTTAGCTAA-1","Hb_putative_BSk8"
"V12D07-075_C1","TCCCGCGTACTCCTGG-1","Hb_putative_BSk8"
"V12D07-075_C1","TCCCGGGTGTGCTGCT-1","Hb_putative_BSk8"
"V12D07-075_C1","TCCCTGGCTCGCTGGA-1","Hb_putative_BSk8"
"V12D07-075_C1","TCCGATGGTGCGACAT-1","Hb_putative_BSk8"
"V12D07-075_C1","TCCGATTACATTGCCG-1","Hb_putative_BSk8"
"V12D07-075_C1","TCCGCCTGTCTACAAG-1","Hb_putative_BSk8"
"V12D07-075_C1","TCCGCTTATCCCATTA-1","Hb_putative_BSk8"
"V12D07-075_C1","TCCGGTTCGTCCGGTC-1","Hb_putative_BSk8"
"V12D07-075_C1","TCCTAAATTGGGAAGC-1","Hb_putative_BSk8"
"V12D07-075_C1","TCCTAGCAAAGAAGCT-1","Hb_putative_BSk8"
"V12D07-075_C1","TCCTCGGGCTGGGCTT-1","Hb_putative_BSk8"
"V12D07-075_C1","TCCTCTACGAGATGGC-1","Hb_putative_BSk8"
"V12D07-075_C1","TCCTGCGTTGATACTC-1","Hb_putative_BSk8"
"V12D07-075_C1","TCCTTTCTTACGCTTA-1","Hb_putative_BSk8"
"V12D07-075_C1","TCGAAATTTAGGACCA-1","Hb_putative_BSk8"
"V12D07-075_C1","TCGAGACCAACACCGT-1","Hb_putative_BSk8"
"V12D07-075_C1","TCGCAAAGATGCATTT-1","Hb_putative_BSk8"
"V12D07-075_C1","TCGCACCAGGAGGCAG-1","Hb_putative_BSk8"
"V12D07-075_C1","TCGCTCGATATATTCC-1","Hb_putative_BSk8"
"V12D07-075_C1","TCGCTGGGCGGATTGT-1","Hb_putative_BSk8"
"V12D07-075_C1","TCGGGAGACAGCGTAC-1","Hb_putative_BSk8"
"V12D07-075_C1","TCGTAAGACGACATTG-1","Hb_putative_BSk8"
"V12D07-075_C1","TCGTACCGACGTCAAG-1","Hb_putative_BSk8"
"V12D07-075_C1","TCGTATTACCCATTGC-1","Hb_putative_BSk8"
"V12D07-075_C1","TCGTCCGCTGGCGTCT-1","Hb_putative_BSk8"
"V12D07-075_C1","TCGTCTTAGGCGTTAA-1","Hb_putative_BSk8"
"V12D07-075_C1","TCGTTAGGAGTCCCTA-1","Hb_putative_BSk8"
"V12D07-075_C1","TCTACCGTCCACAAGC-1","Hb_putative_BSk8"
"V12D07-075_C1","TCTAGCATCTTCGATG-1","Hb_putative_BSk8"
"V12D07-075_C1","TCTAGCATGCCCAGAA-1","Hb_putative_BSk8"
"V12D07-075_C1","TCTAGTTATCAGAAGA-1","Hb_putative_BSk8"
"V12D07-075_C1","TCTATCGGTCGCAACA-1","Hb_putative_BSk8"
"V12D07-075_C1","TCTATTACGCTGGCGA-1","Hb_putative_BSk8"
"V12D07-075_C1","TCTCCCTGGGCAGCGT-1","Hb_putative_BSk8"
"V12D07-075_C1","TCTGAACCGGTCGGCT-1","Hb_putative_BSk8"
"V12D07-075_C1","TCTGATGTATTCTGTC-1","Hb_putative_BSk8"
"V12D07-075_C1","TCTGCCAGAAACTGCA-1","Hb_putative_BSk8"
"V12D07-075_C1","TCTGGGTAGCGCTCAT-1","Hb_putative_BSk8"
"V12D07-075_C1","TCTTACGGCATCCGAC-1","Hb_putative_BSk8"
"V12D07-075_C1","TCTTCGAATAGACGTT-1","Hb_putative_BSk8"
"V12D07-075_C1","TCTTCGATACCAATAA-1","Hb_putative_BSk8"
"V12D07-075_C1","TCTTGGTAACACCAAA-1","Hb_putative_BSk8"
"V12D07-075_C1","TGAATGAGTGTTTCCC-1","Hb_putative_BSk8"
"V12D07-075_C1","TGACCCACGTTAGACA-1","Hb_putative_BSk8"
"V12D07-075_C1","TGACTATAATCCTTTC-1","Hb_putative_BSk8"
"V12D07-075_C1","TGAGCCATACAGTCTC-1","Hb_putative_BSk8"
"V12D07-075_C1","TGAGCGGAAAGTGTTC-1","Hb_putative_BSk8"
"V12D07-075_C1","TGAGGAGTGCCAGCTT-1","Hb_putative_BSk8"
"V12D07-075_C1","TGAGGTGTGTGGCGGA-1","Hb_putative_BSk8"
"V12D07-075_C1","TGAGTAAATTAGCGTA-1","Hb_putative_BSk8"
"V12D07-075_C1","TGATCACCACACTGAC-1","Hb_putative_BSk8"
"V12D07-075_C1","TGATCGGTTTGACCCT-1","Hb_putative_BSk8"
"V12D07-075_C1","TGATCTCCGGCGCCAG-1","Hb_putative_BSk8"
"V12D07-075_C1","TGATTCCCGGTTACCT-1","Hb_putative_BSk8"
"V12D07-075_C1","TGATTCGTCTATCACT-1","Hb_putative_BSk8"
"V12D07-075_C1","TGATTTATTAGCTGTG-1","Hb_putative_BSk8"
"V12D07-075_C1","TGCAAAGTTCGTCTGT-1","Hb_putative_BSk8"
"V12D07-075_C1","TGCAAGAATGACGTAA-1","Hb_putative_BSk8"
"V12D07-075_C1","TGCAGAGTACCGAGCA-1","Hb_putative_BSk8"
"V12D07-075_C1","TGCAGGATCGGCAAAG-1","Hb_putative_BSk8"
"V12D07-075_C1","TGCCAATGGGTACTCT-1","Hb_putative_BSk8"
"V12D07-075_C1","TGCCAGTACGTGGAGA-1","Hb_putative_BSk8"
"V12D07-075_C1","TGCCGTGGATCGTCCT-1","Hb_putative_BSk8"
"V12D07-075_C1","TGCCTGATCAAACGAT-1","Hb_putative_BSk8"
"V12D07-075_C1","TGCCTTGGCCAGGCAA-1","Hb_putative_BSk8"
"V12D07-075_C1","TGCGCAAAGCATTTGG-1","Hb_putative_BSk8"
"V12D07-075_C1","TGCGCGATTAACGGAG-1","Hb_putative_BSk8"
"V12D07-075_C1","TGCGGAGTAAAGGTGC-1","Hb_putative_BSk8"
"V12D07-075_C1","TGCGTAAGAACCTGAT-1","Hb_putative_BSk8"
"V12D07-075_C1","TGCGTTTGTTGACACT-1","Hb_putative_BSk8"
"V12D07-075_C1","TGCTAAGTGTCTATTT-1","Hb_putative_BSk8"
"V12D07-075_C1","TGCTCGGCGAAACCCA-1","Hb_putative_BSk8"
"V12D07-075_C1","TGCTGGTTGGACAATT-1","Hb_putative_BSk8"
"V12D07-075_C1","TGCTGTTGAAGAACTC-1","Hb_putative_BSk8"
"V12D07-075_C1","TGCTTCCCAAGCAGTA-1","Hb_putative_BSk8"
"V12D07-075_C1","TGGAAGAAGGGAACGT-1","Hb_putative_BSk8"
"V12D07-075_C1","TGGAAGGATAAAGATG-1","Hb_putative_BSk8"
"V12D07-075_C1","TGGAGTGATGCGATGA-1","Hb_putative_BSk8"
"V12D07-075_C1","TGGCAAACTAAATTAC-1","Hb_putative_BSk8"
"V12D07-075_C1","TGGCAGATTACGATCA-1","Hb_putative_BSk8"
"V12D07-075_C1","TGGCAGCAGTAATAGT-1","Hb_putative_BSk8"
"V12D07-075_C1","TGGCCAAACTGAAGTA-1","Hb_putative_BSk8"
"V12D07-075_C1","TGGCCGTATATTGACC-1","Hb_putative_BSk8"
"V12D07-075_C1","TGGCGATCAAGTTATG-1","Hb_putative_BSk8"
"V12D07-075_C1","TGGCTATGTGACATAC-1","Hb_putative_BSk8"
"V12D07-075_C1","TGGGAAATGCCTTTCC-1","Hb_putative_BSk8"
"V12D07-075_C1","TGGTCCCACGCTACGG-1","Hb_putative_BSk8"
"V12D07-075_C1","TGGTCTGTTGGGCGTA-1","Hb_putative_BSk8"
"V12D07-075_C1","TGGTGATCGTATTTGT-1","Hb_putative_BSk8"
"V12D07-075_C1","TGGTTCAACGGGTAAT-1","Hb_putative_BSk8"
"V12D07-075_C1","TGTAATGACCACAATA-1","Hb_putative_BSk8"
"V12D07-075_C1","TGTACGAACAAATCCG-1","Hb_putative_BSk8"
"V12D07-075_C1","TGTAGTGATCTATAAT-1","Hb_putative_BSk8"
"V12D07-075_C1","TGTATAACAGATCCTG-1","Hb_putative_BSk8"
"V12D07-075_C1","TGTCCGTGGCGCCTTT-1","Hb_putative_BSk8"
"V12D07-075_C1","TGTGAGACTAGCCCAA-1","Hb_putative_BSk8"
"V12D07-075_C1","TGTGCTTTACGTAAGA-1","Hb_putative_BSk8"
"V12D07-075_C1","TGTGGTTGCTAAAGCT-1","Hb_putative_BSk8"
"V12D07-075_C1","TGTGTCGCGAGTTGCA-1","Hb_putative_BSk8"
"V12D07-075_C1","TGTGTTCGTATCCAAG-1","Hb_putative_BSk8"
"V12D07-075_C1","TGTTCCGCTTCCATGA-1","Hb_putative_BSk8"
"V12D07-075_C1","TGTTCGTATTGCGGTG-1","Hb_putative_BSk8"
"V12D07-075_C1","TGTTCTTCCATTGACT-1","Hb_putative_BSk8"
"V12D07-075_C1","TTAAGCGCCTGACCCA-1","Hb_putative_BSk8"
"V12D07-075_C1","TTAATGTAGACCAGGT-1","Hb_putative_BSk8"
"V12D07-075_C1","TTACATCGTGGCCTGG-1","Hb_putative_BSk8"
"V12D07-075_C1","TTACCATTGATTACCC-1","Hb_putative_BSk8"
"V12D07-075_C1","TTACCCTAACAGTCCT-1","Hb_putative_BSk8"
"V12D07-075_C1","TTACCCTAGGGATTGG-1","Hb_putative_BSk8"
"V12D07-075_C1","TTACTAAAGGACTTTA-1","Hb_putative_BSk8"
"V12D07-075_C1","TTACTGGGATATTTCA-1","Hb_putative_BSk8"
"V12D07-075_C1","TTAGAAGAACATGACT-1","Hb_putative_BSk8"
"V12D07-075_C1","TTAGACGAGTCACCTC-1","Hb_putative_BSk8"
"V12D07-075_C1","TTAGTAGGGCGGCGGG-1","Hb_putative_BSk8"
"V12D07-075_C1","TTATATTTGGCAATCC-1","Hb_putative_BSk8"
"V12D07-075_C1","TTATCCAATCGAACTC-1","Hb_putative_BSk8"
"V12D07-075_C1","TTATGAATGAAAGGGA-1","Hb_putative_BSk8"
"V12D07-075_C1","TTATGACAAACTGGAT-1","Hb_putative_BSk8"
"V12D07-075_C1","TTATTAGAGCGTGTTC-1","Hb_putative_BSk8"
"V12D07-075_C1","TTCAACGACCCGACCG-1","Hb_putative_BSk8"
"V12D07-075_C1","TTCACGAAAGGATCAC-1","Hb_putative_BSk8"
"V12D07-075_C1","TTCACTCGAGCACCTA-1","Hb_putative_BSk8"
"V12D07-075_C1","TTCACTTCCTAGAACG-1","Hb_putative_BSk8"
"V12D07-075_C1","TTCCTCGAGGGTGTCT-1","Hb_putative_BSk8"
"V12D07-075_C1","TTCGACAGAGCCCGTG-1","Hb_putative_BSk8"
"V12D07-075_C1","TTCGACGGGAAGGGCG-1","Hb_putative_BSk8"
"V12D07-075_C1","TTCGCACTCGCGTGCT-1","Hb_putative_BSk8"
"V12D07-075_C1","TTCGCACTGTACGACA-1","Hb_putative_BSk8"
"V12D07-075_C1","TTCGGGACTAATCGCG-1","Hb_putative_BSk8"
"V12D07-075_C1","TTCTACTTGCGAGGGC-1","Hb_putative_BSk8"
"V12D07-075_C1","TTCTAGGCCAATTGTG-1","Hb_putative_BSk8"
"V12D07-075_C1","TTCTGCCGCGCCTAGA-1","Hb_putative_BSk8"
"V12D07-075_C1","TTCTGCGAGCGCCCTT-1","Hb_putative_BSk8"
"V12D07-075_C1","TTCTGCGGGTTAGCGG-1","Hb_putative_BSk8"
"V12D07-075_C1","TTCTTAGTGAACGGTG-1","Hb_putative_BSk8"
"V12D07-075_C1","TTCTTGTAACCTAATG-1","Hb_putative_BSk8"
"V12D07-075_C1","TTGAACGACGTGCTGA-1","Hb_putative_BSk8"
"V12D07-075_C1","TTGAAGAATTCCCAGG-1","Hb_putative_BSk8"
"V12D07-075_C1","TTGACTACCATATGGT-1","Hb_putative_BSk8"
"V12D07-075_C1","TTGAGAAGTTTAGCAT-1","Hb_putative_BSk8"
"V12D07-075_C1","TTGATCTAACTTTGTC-1","Hb_putative_BSk8"
"V12D07-075_C1","TTGATTATGCAGATGA-1","Hb_putative_BSk8"
"V12D07-075_C1","TTGCACAATTCAGAAA-1","Hb_putative_BSk8"
"V12D07-075_C1","TTGCATGCTGATCACG-1","Hb_putative_BSk8"
"V12D07-075_C1","TTGCCCTGATCACGGG-1","Hb_putative_BSk8"
"V12D07-075_C1","TTGCTCCCATACCGGA-1","Hb_putative_BSk8"
"V12D07-075_C1","TTGCTGATCATGTTCG-1","Hb_putative_BSk8"
"V12D07-075_C1","TTGGACCTATAACAGT-1","Hb_putative_BSk8"
"V12D07-075_C1","TTGGATATCGTCTACG-1","Hb_putative_BSk8"
"V12D07-075_C1","TTGGCTCGCATGAGAC-1","Hb_putative_BSk8"
"V12D07-075_C1","TTGGGACACTGCCCGC-1","Hb_putative_BSk8"
"V12D07-075_C1","TTGGGCGGCGGTTGCC-1","Hb_putative_BSk8"
"V12D07-075_C1","TTGTAATCCGTACTCG-1","Hb_putative_BSk8"
"V12D07-075_C1","TTGTGCAGCCACGTCA-1","Hb_putative_BSk8"
"V12D07-075_C1","TTGTGTATGCCACCAA-1","Hb_putative_BSk8"
"V12D07-075_C1","TTGTGTTTCCCGAAAG-1","Hb_putative_BSk8"
"V12D07-075_C1","TTGTTAGCAAATTCGA-1","Hb_putative_BSk8"
"V12D07-075_C1","TTGTTCAGTGTGCTAC-1","Hb_putative_BSk8"
"V12D07-075_C1","TTGTTGTGTGTCAAGA-1","Hb_putative_BSk8"
"V13B23-285_A1","AAACAGAGCGACTCCT-1","Hb_putative_BSk8"
"V13B23-285_A1","AAACGAAGAACATACC-1","Hb_putative_BSk8"
"V13B23-285_A1","AAACTCGTGATATAAG-1","Hb_putative_BSk8"
"V13B23-285_A1","AAATAACCATACGGGA-1","Hb_putative_BSk8"
"V13B23-285_A1","AAATGATTCGATCAGC-1","Hb_putative_BSk8"
"V13B23-285_A1","AAATGTGGGTGCTCCT-1","Hb_putative_BSk8"
"V13B23-285_A1","AAATTACACGACTCTG-1","Hb_putative_BSk8"
"V13B23-285_A1","AACCGTTGTGTTTGCT-1","Hb_putative_BSk8"
"V13B23-285_A1","AACGCATGATCTGGGT-1","Hb_putative_BSk8"
"V13B23-285_A1","AACGTGATGAAGGACA-1","Hb_putative_BSk8"
"V13B23-285_A1","AACTCCTAATCCCATG-1","Hb_putative_BSk8"
"V13B23-285_A1","AAGGAGAACTTATAAG-1","Hb_putative_BSk8"
"V13B23-285_A1","AAGTTCAGTCTGCGTA-1","Hb_putative_BSk8"
"V13B23-285_A1","AAGTTTACTAATGGCA-1","Hb_putative_BSk8"
"V13B23-285_A1","AATAAGTCCTCGAGAC-1","Hb_putative_BSk8"
"V13B23-285_A1","AATAGCTACCGCGTGC-1","Hb_putative_BSk8"
"V13B23-285_A1","AATTTGGGACATAGTA-1","Hb_putative_BSk8"
"V13B23-285_A1","ACACGGCACTATGCAT-1","Hb_putative_BSk8"
"V13B23-285_A1","ACAGATTAGGTTAGTG-1","Hb_putative_BSk8"
"V13B23-285_A1","ACAGCGCACCCGCAGC-1","Hb_putative_BSk8"
"V13B23-285_A1","ACATCGTTAACCTAGT-1","Hb_putative_BSk8"
"V13B23-285_A1","ACCAACACCACACACT-1","Hb_putative_BSk8"
"V13B23-285_A1","ACCACCCTCTCTTCTA-1","Hb_putative_BSk8"
"V13B23-285_A1","ACCAGGAGTGTGATCT-1","Hb_putative_BSk8"
"V13B23-285_A1","ACCCTGGTAACGCCCT-1","Hb_putative_BSk8"
"V13B23-285_A1","ACCGAAAGGGCCCTGC-1","Hb_putative_BSk8"
"V13B23-285_A1","ACCGTTCCCGCTCTGA-1","Hb_putative_BSk8"
"V13B23-285_A1","ACGAGATATTTGCTTA-1","Hb_putative_BSk8"
"V13B23-285_A1","ACGGGCGTATGCGACA-1","Hb_putative_BSk8"
"V13B23-285_A1","ACGTTCCGCGCTCCGT-1","Hb_putative_BSk8"
"V13B23-285_A1","ACTCTCTTATACACGA-1","Hb_putative_BSk8"
"V13B23-285_A1","ACTTGCCATATTGTAC-1","Hb_putative_BSk8"
"V13B23-285_A1","AGAGGTATCTCGGTCC-1","Hb_putative_BSk8"
"V13B23-285_A1","AGATGAGGGTTGCGAT-1","Hb_putative_BSk8"
"V13B23-285_A1","AGCCCTTCTAATCCGA-1","Hb_putative_BSk8"
"V13B23-285_A1","AGGAGACATCCACAGT-1","Hb_putative_BSk8"
"V13B23-285_A1","AGGGAAACGAGGTACT-1","Hb_putative_BSk8"
"V13B23-285_A1","AGGGCAGCGGCGTGGT-1","Hb_putative_BSk8"
"V13B23-285_A1","AGTGAAGATGGTGTCC-1","Hb_putative_BSk8"
"V13B23-285_A1","AGTTACTCTATCGTGG-1","Hb_putative_BSk8"
"V13B23-285_A1","AGTTTATGTAAAGACA-1","Hb_putative_BSk8"
"V13B23-285_A1","ATAGTCTTTGACGTGC-1","Hb_putative_BSk8"
"V13B23-285_A1","ATGCATTCCGTGATGG-1","Hb_putative_BSk8"
"V13B23-285_A1","ATGTGTAGTTTAGTCA-1","Hb_putative_BSk8"
"V13B23-285_A1","ATTACAACTACCGGCC-1","Hb_putative_BSk8"
"V13B23-285_A1","ATTATCTCGACAGATC-1","Hb_putative_BSk8"
"V13B23-285_A1","ATTCTTCGTACTTATG-1","Hb_putative_BSk8"
"V13B23-285_A1","ATTGACCGGCGATGAC-1","Hb_putative_BSk8"
"V13B23-285_A1","ATTGACGTAACTCGGT-1","Hb_putative_BSk8"
"V13B23-285_A1","CAAACTACGATAGAGA-1","Hb_putative_BSk8"
"V13B23-285_A1","CAAATTGGATTATGCC-1","Hb_putative_BSk8"
"V13B23-285_A1","CAAGTGAACTTTGGTT-1","Hb_putative_BSk8"
"V13B23-285_A1","CAATCCCTATACCAGC-1","Hb_putative_BSk8"
"V13B23-285_A1","CAATGGTCGGCCTGGG-1","Hb_putative_BSk8"
"V13B23-285_A1","CACCGATACACCGAGC-1","Hb_putative_BSk8"
"V13B23-285_A1","CACCTTGCGAAACTCG-1","Hb_putative_BSk8"
"V13B23-285_A1","CACGACTAAAGTTCTG-1","Hb_putative_BSk8"
"V13B23-285_A1","CACGGACGTGGATGGC-1","Hb_putative_BSk8"
"V13B23-285_A1","CACTCCTCTCGGTCGG-1","Hb_putative_BSk8"
"V13B23-285_A1","CAGCCGGGCCCTCTAT-1","Hb_putative_BSk8"
"V13B23-285_A1","CAGGAAGACTTTATAT-1","Hb_putative_BSk8"
"V13B23-285_A1","CAGTAACTATTTATTG-1","Hb_putative_BSk8"
"V13B23-285_A1","CAGTACATTCTCTAAA-1","Hb_putative_BSk8"
"V13B23-285_A1","CATATACTACTGATAA-1","Hb_putative_BSk8"
"V13B23-285_A1","CATATTATTTGCCCTA-1","Hb_putative_BSk8"
"V13B23-285_A1","CATCTATCCCGTGTCT-1","Hb_putative_BSk8"
"V13B23-285_A1","CATGAACCTCTTATCA-1","Hb_putative_BSk8"
"V13B23-285_A1","CATGCATGGAGACCCT-1","Hb_putative_BSk8"
"V13B23-285_A1","CATTCACTGACAGCTA-1","Hb_putative_BSk8"
"V13B23-285_A1","CATTGATGAACACGCC-1","Hb_putative_BSk8"
"V13B23-285_A1","CATTTAGCGGACCATG-1","Hb_putative_BSk8"
"V13B23-285_A1","CCCAAGACAGAGTATG-1","Hb_putative_BSk8"
"V13B23-285_A1","CCCAGAGGAGGGCGTA-1","Hb_putative_BSk8"
"V13B23-285_A1","CCCTGGTATGGGCGGC-1","Hb_putative_BSk8"
"V13B23-285_A1","CCGACGTAAACACAAC-1","Hb_putative_BSk8"
"V13B23-285_A1","CCGAGGGATGTTAGGC-1","Hb_putative_BSk8"
"V13B23-285_A1","CCGCCACCACAATCCA-1","Hb_putative_BSk8"
"V13B23-285_A1","CCGCCTGCGAATTGGT-1","Hb_putative_BSk8"
"V13B23-285_A1","CCGCTGGTGCCATTCA-1","Hb_putative_BSk8"
"V13B23-285_A1","CCTCCCGACAATCCCT-1","Hb_putative_BSk8"
"V13B23-285_A1","CGAAGCTATAAATTCA-1","Hb_putative_BSk8"
"V13B23-285_A1","CGACATGCGATCTTCT-1","Hb_putative_BSk8"
"V13B23-285_A1","CGAGGAGCTTCCATAT-1","Hb_putative_BSk8"
"V13B23-285_A1","CGCAGAAACATTTGCG-1","Hb_putative_BSk8"
"V13B23-285_A1","CGCATCATGGCTTCAG-1","Hb_putative_BSk8"
"V13B23-285_A1","CGCGGTCACAAACCAA-1","Hb_putative_BSk8"
"V13B23-285_A1","CGGAGCTTATAACACC-1","Hb_putative_BSk8"
"V13B23-285_A1","CGGCACCGTTAGCGCC-1","Hb_putative_BSk8"
"V13B23-285_A1","CGGCTCTTCGTCGAAC-1","Hb_putative_BSk8"
"V13B23-285_A1","CGGCTTTGTATGATAA-1","Hb_putative_BSk8"
"V13B23-285_A1","CGGTCCATGAGACTCC-1","Hb_putative_BSk8"
"V13B23-285_A1","CGGTGGGCTCCAGCCT-1","Hb_putative_BSk8"
"V13B23-285_A1","CGTTAGCTCACAACTG-1","Hb_putative_BSk8"
"V13B23-285_A1","CGTTCTTCGCACACCT-1","Hb_putative_BSk8"
"V13B23-285_A1","CGTTTACAAGGCAGCT-1","Hb_putative_BSk8"
"V13B23-285_A1","CTACGCCATTTCCGAT-1","Hb_putative_BSk8"
"V13B23-285_A1","CTGCCTAGCCACCAAG-1","Hb_putative_BSk8"
"V13B23-285_A1","CTGCTTTATGTCCGCG-1","Hb_putative_BSk8"
"V13B23-285_A1","CTGGTCCTAACTTGGC-1","Hb_putative_BSk8"
"V13B23-285_A1","GAAACTCTAATGAAGG-1","Hb_putative_BSk8"
"V13B23-285_A1","GAACCATCTGGGAGAC-1","Hb_putative_BSk8"
"V13B23-285_A1","GAATATTCGGAGTCCC-1","Hb_putative_BSk8"
"V13B23-285_A1","GACTACAATTGCTCGT-1","Hb_putative_BSk8"
"V13B23-285_A1","GAGCTGTCGTCTCGGA-1","Hb_putative_BSk8"
"V13B23-285_A1","GAGGAGTAATTCCTAC-1","Hb_putative_BSk8"
"V13B23-285_A1","GATTGACACTCTGCTC-1","Hb_putative_BSk8"
"V13B23-285_A1","GCAACCACCAGACCGG-1","Hb_putative_BSk8"
"V13B23-285_A1","GCCGGAAACACATCTT-1","Hb_putative_BSk8"
"V13B23-285_A1","GCGAGAGGCCATGTAA-1","Hb_putative_BSk8"
"V13B23-285_A1","GCGTTCGGAGACCGGG-1","Hb_putative_BSk8"
"V13B23-285_A1","GCTCATTACTGCATGT-1","Hb_putative_BSk8"
"V13B23-285_A1","GGAAACCTTGTTGAAT-1","Hb_putative_BSk8"
"V13B23-285_A1","GGAAGCTCGCTTACAG-1","Hb_putative_BSk8"
"V13B23-285_A1","GGAATAACCTCAAGAA-1","Hb_putative_BSk8"
"V13B23-285_A1","GGAGACCAATGTGCTT-1","Hb_putative_BSk8"
"V13B23-285_A1","GGAGGATTGAAAGGAG-1","Hb_putative_BSk8"
"V13B23-285_A1","GGATCAAAGGACGAGG-1","Hb_putative_BSk8"
"V13B23-285_A1","GGATCATCCCGTACGC-1","Hb_putative_BSk8"
"V13B23-285_A1","GGCATCAACGAGCACG-1","Hb_putative_BSk8"
"V13B23-285_A1","GGCGTACCCTATATAA-1","Hb_putative_BSk8"
"V13B23-285_A1","GGCTAAAGGGCGGGTC-1","Hb_putative_BSk8"
"V13B23-285_A1","GGGAATGAGCCCTCAC-1","Hb_putative_BSk8"
"V13B23-285_A1","GGGTGGTCCAGCCTGT-1","Hb_putative_BSk8"
"V13B23-285_A1","GGTTGTATCGTGAAAT-1","Hb_putative_BSk8"
"V13B23-285_A1","GTAGACAACCGATGAA-1","Hb_putative_BSk8"
"V13B23-285_A1","GTAGCGCTGTTGTAGT-1","Hb_putative_BSk8"
"V13B23-285_A1","GTCAATGCTATAATTT-1","Hb_putative_BSk8"
"V13B23-285_A1","GTCAGTTGTGCTCGTT-1","Hb_putative_BSk8"
"V13B23-285_A1","GTCCTTCTAGTGGGTT-1","Hb_putative_BSk8"
"V13B23-285_A1","GTGAGGAGCGGTTGAG-1","Hb_putative_BSk8"
"V13B23-285_A1","GTTAGAGTGTGCCGCT-1","Hb_putative_BSk8"
"V13B23-285_A1","GTTATCACCTTCTGAA-1","Hb_putative_BSk8"
"V13B23-285_A1","GTTCGTCTGGGTCCCT-1","Hb_putative_BSk8"
"V13B23-285_A1","GTTGGACCGCATCAGG-1","Hb_putative_BSk8"
"V13B23-285_A1","TAAATCTTTACACCTC-1","Hb_putative_BSk8"
"V13B23-285_A1","TACAAGCTGTTCACTG-1","Hb_putative_BSk8"
"V13B23-285_A1","TAGGCATGTTACGCCA-1","Hb_putative_BSk8"
"V13B23-285_A1","TAGTTAAGATAGGATA-1","Hb_putative_BSk8"
"V13B23-285_A1","TATATTCGCGTCGATA-1","Hb_putative_BSk8"
"V13B23-285_A1","TATCACAGCACGGGCA-1","Hb_putative_BSk8"
"V13B23-285_A1","TATTCCGGCAGTCCTA-1","Hb_putative_BSk8"
"V13B23-285_A1","TCACTACGACCAATGC-1","Hb_putative_BSk8"
"V13B23-285_A1","TCCATTGTGACCTCGT-1","Hb_putative_BSk8"
"V13B23-285_A1","TCCTCTGGCCCATTAG-1","Hb_putative_BSk8"
"V13B23-285_A1","TCCTGCCAACTGGAGA-1","Hb_putative_BSk8"
"V13B23-285_A1","TCTCCAACGTAGGTTA-1","Hb_putative_BSk8"
"V13B23-285_A1","TCTCGAACGAGGTCAC-1","Hb_putative_BSk8"
"V13B23-285_A1","TGAGATCAAATACTCA-1","Hb_putative_BSk8"
"V13B23-285_A1","TGCACGAGTCGGCAGC-1","Hb_putative_BSk8"
"V13B23-285_A1","TGCTATACAAACGGAC-1","Hb_putative_BSk8"
"V13B23-285_A1","TGGAGCTAAAGTTCCC-1","Hb_putative_BSk8"
"V13B23-285_A1","TGGAGGGAAACACCTC-1","Hb_putative_BSk8"
"V13B23-285_A1","TGGTATCGGTCTGTAT-1","Hb_putative_BSk8"
"V13B23-285_A1","TGGTTGGAGGATCCTG-1","Hb_putative_BSk8"
"V13B23-285_A1","TGTACTACTCTCACGG-1","Hb_putative_BSk8"
"V13B23-285_A1","TGTCATTTGTTGGGAA-1","Hb_putative_BSk8"
"V13B23-285_A1","TGTTTAATACTTCATC-1","Hb_putative_BSk8"
"V13B23-285_A1","TTAACGAACAAGCAGT-1","Hb_putative_BSk8"
"V13B23-285_A1","TTAGTTCAAGTGTTCG-1","Hb_putative_BSk8"
"V13B23-285_A1","TTATAGATGCACATTA-1","Hb_putative_BSk8"
"V13B23-285_A1","TTCGGCAACCCGCTGA-1","Hb_putative_BSk8"
"V13B23-285_A1","TTCGTAATCCCAGCGG-1","Hb_putative_BSk8"
"V13B23-285_A1","TTGCGTGAACGCTTAG-1","Hb_putative_BSk8"
"V13B23-285_A1","TTGCTGGCCGGGCTTC-1","Hb_putative_BSk8"
"V13B23-285_B1","AAACAGAGCGACTCCT-1","Hb_putative_BSk8"
"V13B23-285_B1","AAATAACCATACGGGA-1","Hb_putative_BSk8"
"V13B23-285_B1","AAATGGCATGTCTTGT-1","Hb_putative_BSk8"
"V13B23-285_B1","AAATTACACGACTCTG-1","Hb_putative_BSk8"
"V13B23-285_B1","AACAGGAAATCGAATA-1","Hb_putative_BSk8"
"V13B23-285_B1","AACCCAGAGACGGAGA-1","Hb_putative_BSk8"
"V13B23-285_B1","AACCGTTGTGTTTGCT-1","Hb_putative_BSk8"
"V13B23-285_B1","AACCTTTACGACGTCT-1","Hb_putative_BSk8"
"V13B23-285_B1","AACGATAGAAGGGCCG-1","Hb_putative_BSk8"
"V13B23-285_B1","AACGTGATGAAGGACA-1","Hb_putative_BSk8"
"V13B23-285_B1","AACTCCTAATCCCATG-1","Hb_putative_BSk8"
"V13B23-285_B1","AACTGATATTAGGCCT-1","Hb_putative_BSk8"
"V13B23-285_B1","AACTGGGTCCCGACGT-1","Hb_putative_BSk8"
"V13B23-285_B1","AAGGTATCCTAATATA-1","Hb_putative_BSk8"
"V13B23-285_B1","AATCCAAGGGCCTGAG-1","Hb_putative_BSk8"
"V13B23-285_B1","AATTTGGGACATAGTA-1","Hb_putative_BSk8"
"V13B23-285_B1","AATTTGGTTCCAAAGA-1","Hb_putative_BSk8"
"V13B23-285_B1","ACAGCGCACCCGCAGC-1","Hb_putative_BSk8"
"V13B23-285_B1","ACATCGTTAACCTAGT-1","Hb_putative_BSk8"
"V13B23-285_B1","ACCAAGAACGCGTGTC-1","Hb_putative_BSk8"
"V13B23-285_B1","ACCCTTCATCTGCGAA-1","Hb_putative_BSk8"
"V13B23-285_B1","ACGAGATATTTGCTTA-1","Hb_putative_BSk8"
"V13B23-285_B1","ACGATACATAGAACTA-1","Hb_putative_BSk8"
"V13B23-285_B1","ACGATGGATCCGATGC-1","Hb_putative_BSk8"
"V13B23-285_B1","ACGTACAGATTTCTCT-1","Hb_putative_BSk8"
"V13B23-285_B1","ACGTGCGCCTCGTGCA-1","Hb_putative_BSk8"
"V13B23-285_B1","ACTGCCGTCGTAACTC-1","Hb_putative_BSk8"
"V13B23-285_B1","AGAGCGGGCTAATCAT-1","Hb_putative_BSk8"
"V13B23-285_B1","AGCCACTCCCGTGCTT-1","Hb_putative_BSk8"
"V13B23-285_B1","AGCTGAAGTAAACCAA-1","Hb_putative_BSk8"
"V13B23-285_B1","AGGCCCATTGTACAGG-1","Hb_putative_BSk8"
"V13B23-285_B1","AGGGAAACGAGGTACT-1","Hb_putative_BSk8"
"V13B23-285_B1","AGGGCGTGATCGGCTA-1","Hb_putative_BSk8"
"V13B23-285_B1","AGGTAACCTCCTATTC-1","Hb_putative_BSk8"
"V13B23-285_B1","AGGTACGATATTGCCA-1","Hb_putative_BSk8"
"V13B23-285_B1","AGGTTGAGGCACGCTT-1","Hb_putative_BSk8"
"V13B23-285_B1","AGTAGGTAACATACAT-1","Hb_putative_BSk8"
"V13B23-285_B1","AGTTAAGCGGTCCCGG-1","Hb_putative_BSk8"
"V13B23-285_B1","AGTTACTCTATCGTGG-1","Hb_putative_BSk8"
"V13B23-285_B1","AGTTTCGCAGGTCGGA-1","Hb_putative_BSk8"
"V13B23-285_B1","ATAACGGAGTCCAACG-1","Hb_putative_BSk8"
"V13B23-285_B1","ATACGGGTTTCGATTG-1","Hb_putative_BSk8"
"V13B23-285_B1","ATAGGGATATCCTTGA-1","Hb_putative_BSk8"
"V13B23-285_B1","ATATCTCCCTCGTTAA-1","Hb_putative_BSk8"
"V13B23-285_B1","ATCACATTAGAATATC-1","Hb_putative_BSk8"
"V13B23-285_B1","ATCACTTCATCCTCGC-1","Hb_putative_BSk8"
"V13B23-285_B1","ATGATCGGGAATAGAC-1","Hb_putative_BSk8"
"V13B23-285_B1","ATGCCGGTTGATGGGA-1","Hb_putative_BSk8"
"V13B23-285_B1","ATGGATCCGGCGTCCG-1","Hb_putative_BSk8"
"V13B23-285_B1","ATTAATACTACGCGGG-1","Hb_putative_BSk8"
"V13B23-285_B1","ATTAATGAACCAGTCG-1","Hb_putative_BSk8"
"V13B23-285_B1","ATTAATTCGGTCACTC-1","Hb_putative_BSk8"
"V13B23-285_B1","ATTACAACTACCGGCC-1","Hb_putative_BSk8"
"V13B23-285_B1","ATTCTTCGTACTTATG-1","Hb_putative_BSk8"
"V13B23-285_B1","ATTGTCGCAATACCTT-1","Hb_putative_BSk8"
"V13B23-285_B1","ATTTAACTCGTATTAC-1","Hb_putative_BSk8"
"V13B23-285_B1","ATTTGTTCCAGGGCTC-1","Hb_putative_BSk8"
"V13B23-285_B1","CAAACTACGATAGAGA-1","Hb_putative_BSk8"
"V13B23-285_B1","CAAACTATTGAGCTTC-1","Hb_putative_BSk8"
"V13B23-285_B1","CAAATTGTCAGCAAGC-1","Hb_putative_BSk8"
"V13B23-285_B1","CAATCCCTATACCAGC-1","Hb_putative_BSk8"
"V13B23-285_B1","CAATGGAATCTACATA-1","Hb_putative_BSk8"
"V13B23-285_B1","CACCATCGGAGGAGAC-1","Hb_putative_BSk8"
"V13B23-285_B1","CACCCACACGTCACCC-1","Hb_putative_BSk8"
"V13B23-285_B1","CACCCACGAGGCAATT-1","Hb_putative_BSk8"
"V13B23-285_B1","CACCGATACACCGAGC-1","Hb_putative_BSk8"
"V13B23-285_B1","CACCTAATCAGTTTAC-1","Hb_putative_BSk8"
"V13B23-285_B1","CACCTCGATGGTGGAC-1","Hb_putative_BSk8"
"V13B23-285_B1","CACCTTGCGAAACTCG-1","Hb_putative_BSk8"
"V13B23-285_B1","CACTCAGCTCTTGAGG-1","Hb_putative_BSk8"
"V13B23-285_B1","CACTCCTCTCGGTCGG-1","Hb_putative_BSk8"
"V13B23-285_B1","CAGCCGGGCCCTCTAT-1","Hb_putative_BSk8"
"V13B23-285_B1","CAGCCTCCTGCAGAGG-1","Hb_putative_BSk8"
"V13B23-285_B1","CAGCTCGTGCTTGTGT-1","Hb_putative_BSk8"
"V13B23-285_B1","CAGGAAGACTTTATAT-1","Hb_putative_BSk8"
"V13B23-285_B1","CAGTGAATAAATGACT-1","Hb_putative_BSk8"
"V13B23-285_B1","CATAGTACATTGAGAG-1","Hb_putative_BSk8"
"V13B23-285_B1","CATATTATTTGCCCTA-1","Hb_putative_BSk8"
"V13B23-285_B1","CATCATCTACCCGGAC-1","Hb_putative_BSk8"
"V13B23-285_B1","CATCGCCCGCGGCCAA-1","Hb_putative_BSk8"
"V13B23-285_B1","CATGATGCACAATTCT-1","Hb_putative_BSk8"
"V13B23-285_B1","CATGCTGGCTCCAATT-1","Hb_putative_BSk8"
"V13B23-285_B1","CATGGGTCGGGTGTGG-1","Hb_putative_BSk8"
"V13B23-285_B1","CATTACGTCGGCCCGT-1","Hb_putative_BSk8"
"V13B23-285_B1","CCAAGACTTCTGCGAA-1","Hb_putative_BSk8"
"V13B23-285_B1","CCAAGGAACAGAGAGG-1","Hb_putative_BSk8"
"V13B23-285_B1","CCAATCGGTAGATCGA-1","Hb_putative_BSk8"
"V13B23-285_B1","CCACGAGAAGAGAATC-1","Hb_putative_BSk8"
"V13B23-285_B1","CCATAGGTTGGCGTGG-1","Hb_putative_BSk8"
"V13B23-285_B1","CCCGACCATAGTCCGC-1","Hb_putative_BSk8"
"V13B23-285_B1","CCCGCAGGGCCCAAAG-1","Hb_putative_BSk8"
"V13B23-285_B1","CCCTCATTCTGGAATT-1","Hb_putative_BSk8"
"V13B23-285_B1","CCGCCGGTCAACACAC-1","Hb_putative_BSk8"
"V13B23-285_B1","CCGGCGCATATTGGAT-1","Hb_putative_BSk8"
"V13B23-285_B1","CCGGGACCCGCAGAGA-1","Hb_putative_BSk8"
"V13B23-285_B1","CCTAAAGGCTGACGCT-1","Hb_putative_BSk8"
"V13B23-285_B1","CCTAGTTAGTCGCATG-1","Hb_putative_BSk8"
"V13B23-285_B1","CCTCTAATCTGCCAAG-1","Hb_putative_BSk8"
"V13B23-285_B1","CCTGAATATTTACATA-1","Hb_putative_BSk8"
"V13B23-285_B1","CGAAACATAGATGGCA-1","Hb_putative_BSk8"
"V13B23-285_B1","CGCATCATGGCTTCAG-1","Hb_putative_BSk8"
"V13B23-285_B1","CGCCATCCGATTATGA-1","Hb_putative_BSk8"
"V13B23-285_B1","CGCCCGCTTCCGTACA-1","Hb_putative_BSk8"
"V13B23-285_B1","CGCGCCCGACTTAATA-1","Hb_putative_BSk8"
"V13B23-285_B1","CGCTTTCATACCGGTG-1","Hb_putative_BSk8"
"V13B23-285_B1","CGGAGCTTATAACACC-1","Hb_putative_BSk8"
"V13B23-285_B1","CGGCACCGTTAGCGCC-1","Hb_putative_BSk8"
"V13B23-285_B1","CGGTCTATCAACCCGT-1","Hb_putative_BSk8"
"V13B23-285_B1","CGTACCTGATAGGCCT-1","Hb_putative_BSk8"
"V13B23-285_B1","CGTAGCGAATTGTCAG-1","Hb_putative_BSk8"
"V13B23-285_B1","CGTGACATTGGGTCGT-1","Hb_putative_BSk8"
"V13B23-285_B1","CGTTAGCTCACAACTG-1","Hb_putative_BSk8"
"V13B23-285_B1","CGTTTAAGCGGAGCAC-1","Hb_putative_BSk8"
"V13B23-285_B1","CTCATGGCTCACAATC-1","Hb_putative_BSk8"
"V13B23-285_B1","CTCGGTCCGTAGCCTG-1","Hb_putative_BSk8"
"V13B23-285_B1","CTGAAAGAGATCCGAC-1","Hb_putative_BSk8"
"V13B23-285_B1","CTGCACCTGGAACCGC-1","Hb_putative_BSk8"
"V13B23-285_B1","CTGCCAAGGTTGGAAG-1","Hb_putative_BSk8"
"V13B23-285_B1","CTGCCTAGCCACCAAG-1","Hb_putative_BSk8"
"V13B23-285_B1","CTGGCGACATAAGTCC-1","Hb_putative_BSk8"
"V13B23-285_B1","CTGTCAAATGGCTCGG-1","Hb_putative_BSk8"
"V13B23-285_B1","CTTAACTTCGAAGTAC-1","Hb_putative_BSk8"
"V13B23-285_B1","CTTACACTGGGAAATA-1","Hb_putative_BSk8"
"V13B23-285_B1","CTTAGCCTTCCACATG-1","Hb_putative_BSk8"
"V13B23-285_B1","CTTTAACTTTCAAAGG-1","Hb_putative_BSk8"
"V13B23-285_B1","GAAACAGCCATGCAGT-1","Hb_putative_BSk8"
"V13B23-285_B1","GAAACTCTAATGAAGG-1","Hb_putative_BSk8"
"V13B23-285_B1","GAAATCGCGCGCAACT-1","Hb_putative_BSk8"
"V13B23-285_B1","GAAATTCACATCGCTG-1","Hb_putative_BSk8"
"V13B23-285_B1","GAACGACCGAATGATA-1","Hb_putative_BSk8"
"V13B23-285_B1","GAAGAACGGTGCAGGT-1","Hb_putative_BSk8"
"V13B23-285_B1","GAATATTCGGAGTCCC-1","Hb_putative_BSk8"
"V13B23-285_B1","GAATGTTGGGTAATCT-1","Hb_putative_BSk8"
"V13B23-285_B1","GACCGTCAGGTCGTGA-1","Hb_putative_BSk8"
"V13B23-285_B1","GAGATCTGTCACTCCG-1","Hb_putative_BSk8"
"V13B23-285_B1","GAGCGAGGGAGTACCG-1","Hb_putative_BSk8"
"V13B23-285_B1","GAGGTACATCCATCTT-1","Hb_putative_BSk8"
"V13B23-285_B1","GAGTACGGGTATACAA-1","Hb_putative_BSk8"
"V13B23-285_B1","GATAAATCGGTGGATG-1","Hb_putative_BSk8"
"V13B23-285_B1","GATATCTCATGCAATA-1","Hb_putative_BSk8"
"V13B23-285_B1","GATGCTACAAGCGCCT-1","Hb_putative_BSk8"
"V13B23-285_B1","GATGGTGCCCTAGGCA-1","Hb_putative_BSk8"
"V13B23-285_B1","GATGTCGGTCAACTGC-1","Hb_putative_BSk8"
"V13B23-285_B1","GATTCCGCGTTTCCGT-1","Hb_putative_BSk8"
"V13B23-285_B1","GCAACCACCAGACCGG-1","Hb_putative_BSk8"
"V13B23-285_B1","GCACTAGTCGCGCTAT-1","Hb_putative_BSk8"
"V13B23-285_B1","GCATCCCTAACTTTGA-1","Hb_putative_BSk8"
"V13B23-285_B1","GCCAGGCGTTCGCATG-1","Hb_putative_BSk8"
"V13B23-285_B1","GCCTTCAGCCCTACCG-1","Hb_putative_BSk8"
"V13B23-285_B1","GCGATTCTGGAAGCAG-1","Hb_putative_BSk8"
"V13B23-285_B1","GCGTCGAAATGTCGGT-1","Hb_putative_BSk8"
"V13B23-285_B1","GCTCATTACTGCATGT-1","Hb_putative_BSk8"
"V13B23-285_B1","GCTCGGAATTTAAAGC-1","Hb_putative_BSk8"
"V13B23-285_B1","GGAAGCTCGCTTACAG-1","Hb_putative_BSk8"
"V13B23-285_B1","GGAGCACCAAGAACTA-1","Hb_putative_BSk8"
"V13B23-285_B1","GGATTCCGCTATACCC-1","Hb_putative_BSk8"
"V13B23-285_B1","GGCATATCGGTTCTGC-1","Hb_putative_BSk8"
"V13B23-285_B1","GGGCGTCCACTGGCTC-1","Hb_putative_BSk8"
"V13B23-285_B1","GGGTGTTTCAGCTATG-1","Hb_putative_BSk8"
"V13B23-285_B1","GGTAAATGTGCGTTAC-1","Hb_putative_BSk8"
"V13B23-285_B1","GGTGCGGATAAGTGGC-1","Hb_putative_BSk8"
"V13B23-285_B1","GTAAGGATTTGTCGGA-1","Hb_putative_BSk8"
"V13B23-285_B1","GTAGACGTCGTTACAT-1","Hb_putative_BSk8"
"V13B23-285_B1","GTAGGTGATCCGTGTA-1","Hb_putative_BSk8"
"V13B23-285_B1","GTCAGTTGTGCTCGTT-1","Hb_putative_BSk8"
"V13B23-285_B1","GTCCTTCTAGTGGGTT-1","Hb_putative_BSk8"
"V13B23-285_B1","GTCGGATGTAGCGCGC-1","Hb_putative_BSk8"
"V13B23-285_B1","GTCTCGATCTGCTTTC-1","Hb_putative_BSk8"
"V13B23-285_B1","GTGAGGAGCGGTTGAG-1","Hb_putative_BSk8"
"V13B23-285_B1","GTGCACGAAAGTGACT-1","Hb_putative_BSk8"
"V13B23-285_B1","GTTCTTCCCTCGATGT-1","Hb_putative_BSk8"
"V13B23-285_B1","GTTGTCGTGTTAGTTG-1","Hb_putative_BSk8"
"V13B23-285_B1","TAAGGAACTTGTGGGA-1","Hb_putative_BSk8"
"V13B23-285_B1","TAATACACAGTAGTAT-1","Hb_putative_BSk8"
"V13B23-285_B1","TACCAGCTAGGTTTAA-1","Hb_putative_BSk8"
"V13B23-285_B1","TACCTCACGCTTGTAC-1","Hb_putative_BSk8"
"V13B23-285_B1","TACGGGATGCTAGCAG-1","Hb_putative_BSk8"
"V13B23-285_B1","TACTCTCCGAACAAAT-1","Hb_putative_BSk8"
"V13B23-285_B1","TAGAATTAAGGGCAAC-1","Hb_putative_BSk8"
"V13B23-285_B1","TAGAGCTACGAAGAAC-1","Hb_putative_BSk8"
"V13B23-285_B1","TAGATCCGAAGTCGCA-1","Hb_putative_BSk8"
"V13B23-285_B1","TAGGCATGTTACGCCA-1","Hb_putative_BSk8"
"V13B23-285_B1","TAGTTAAGATAGGATA-1","Hb_putative_BSk8"
"V13B23-285_B1","TAGTTTATTCTTGCTT-1","Hb_putative_BSk8"
"V13B23-285_B1","TATCCTGCATGGGAAT-1","Hb_putative_BSk8"
"V13B23-285_B1","TATTTATACCGAGTAG-1","Hb_putative_BSk8"
"V13B23-285_B1","TCACTACGACCAATGC-1","Hb_putative_BSk8"
"V13B23-285_B1","TCATCCCAGAGGGTGG-1","Hb_putative_BSk8"
"V13B23-285_B1","TCATGCAGGTTCTCAT-1","Hb_putative_BSk8"
"V13B23-285_B1","TCCATTGTGACCTCGT-1","Hb_putative_BSk8"
"V13B23-285_B1","TCCCGTCAGTCCCGCA-1","Hb_putative_BSk8"
"V13B23-285_B1","TCCCTTAGATTACTCG-1","Hb_putative_BSk8"
"V13B23-285_B1","TCCGATAATTGCCATA-1","Hb_putative_BSk8"
"V13B23-285_B1","TCCGATGACTGAGCTC-1","Hb_putative_BSk8"
"V13B23-285_B1","TCCTCTGGCCCATTAG-1","Hb_putative_BSk8"
"V13B23-285_B1","TCCTGCCAACTGGAGA-1","Hb_putative_BSk8"
"V13B23-285_B1","TCGCCGGTCGATCCGT-1","Hb_putative_BSk8"
"V13B23-285_B1","TCGCTAAACCGCTATC-1","Hb_putative_BSk8"
"V13B23-285_B1","TCGGTCCCTGACTCCA-1","Hb_putative_BSk8"
"V13B23-285_B1","TCGTATAGTGCAATTA-1","Hb_putative_BSk8"
"V13B23-285_B1","TCTCCAACGTAGGTTA-1","Hb_putative_BSk8"
"V13B23-285_B1","TCTTACAGAGGTACCG-1","Hb_putative_BSk8"
"V13B23-285_B1","TGAAACTTATGCAAGC-1","Hb_putative_BSk8"
"V13B23-285_B1","TGAGCTTTAATGACGC-1","Hb_putative_BSk8"
"V13B23-285_B1","TGCATGGATCGGATCT-1","Hb_putative_BSk8"
"V13B23-285_B1","TGCCACCTGGCGAAAC-1","Hb_putative_BSk8"
"V13B23-285_B1","TGCCATTACTAAAGAA-1","Hb_putative_BSk8"
"V13B23-285_B1","TGCCTGATCAAACGAT-1","Hb_putative_BSk8"
"V13B23-285_B1","TGCGGAGTAAAGGTGC-1","Hb_putative_BSk8"
"V13B23-285_B1","TGCGGCATAGTTCAAC-1","Hb_putative_BSk8"
"V13B23-285_B1","TGCGGTGAAATTTCAT-1","Hb_putative_BSk8"
"V13B23-285_B1","TGGAAGACGAACACCA-1","Hb_putative_BSk8"
"V13B23-285_B1","TGGAAGGATAAAGATG-1","Hb_putative_BSk8"
"V13B23-285_B1","TGGGCACGTTCTATGG-1","Hb_putative_BSk8"
"V13B23-285_B1","TGTGACTACGCCAGTC-1","Hb_putative_BSk8"
"V13B23-285_B1","TGTTGTCAAGAAGTCT-1","Hb_putative_BSk8"
"V13B23-285_B1","TGTTTAATACTTCATC-1","Hb_putative_BSk8"
"V13B23-285_B1","TTAATCAGTACGTCAG-1","Hb_putative_BSk8"
"V13B23-285_B1","TTAATTTCAGACGCGG-1","Hb_putative_BSk8"
"V13B23-285_B1","TTACCCATTGCCGGGT-1","Hb_putative_BSk8"
"V13B23-285_B1","TTAGACACGATCGTTG-1","Hb_putative_BSk8"
"V13B23-285_B1","TTCATGGCGCAACAGG-1","Hb_putative_BSk8"
"V13B23-285_B1","TTCGGCAACCCGCTGA-1","Hb_putative_BSk8"
"V13B23-285_B1","TTCGTAATCCCAGCGG-1","Hb_putative_BSk8"
"V13B23-285_B1","TTCTTGGAGTAATGAG-1","Hb_putative_BSk8"
"V13B23-285_B1","TTGCTCCCATACCGGA-1","Hb_putative_BSk8"
"V13B23-285_B1","TTGCTGGCCGGGCTTC-1","Hb_putative_BSk8"
"V13B23-285_B1","TTGGCCTAGAATTTCG-1","Hb_putative_BSk8"
"V13B23-285_B1","TTGTATCACACAGAAT-1","Hb_putative_BSk8"
"V13B23-285_C1","AAAGGGATGTAGCAAG-1","Hb_putative_BSk8"
"V13B23-285_C1","AAAGTCACTGATGTAA-1","Hb_putative_BSk8"
"V13B23-285_C1","AAATGCTCGTTACGTT-1","Hb_putative_BSk8"
"V13B23-285_C1","AAATGGCATGTCTTGT-1","Hb_putative_BSk8"
"V13B23-285_C1","AACACGACTGTACTGA-1","Hb_putative_BSk8"
"V13B23-285_C1","AACAGGAAATCGAATA-1","Hb_putative_BSk8"
"V13B23-285_C1","AACCATGGGATCGCTA-1","Hb_putative_BSk8"
"V13B23-285_C1","AACCCAGAGACGGAGA-1","Hb_putative_BSk8"
"V13B23-285_C1","AACCCTGGTGGAACCA-1","Hb_putative_BSk8"
"V13B23-285_C1","AACCGAGCTTGGTCAT-1","Hb_putative_BSk8"
"V13B23-285_C1","AACGCGGTCTCCAGCC-1","Hb_putative_BSk8"
"V13B23-285_C1","AACTGATATTAGGCCT-1","Hb_putative_BSk8"
"V13B23-285_C1","AACTGGGTCCCGACGT-1","Hb_putative_BSk8"
"V13B23-285_C1","AAGAAGGATCAGTTAG-1","Hb_putative_BSk8"
"V13B23-285_C1","AATCCAAGGGCCTGAG-1","Hb_putative_BSk8"
"V13B23-285_C1","AATTTGGTTCCAAAGA-1","Hb_putative_BSk8"
"V13B23-285_C1","ACACACTTTCTACACG-1","Hb_putative_BSk8"
"V13B23-285_C1","ACACGGCACTATGCAT-1","Hb_putative_BSk8"
"V13B23-285_C1","ACAGCATAGAGCCAGT-1","Hb_putative_BSk8"
"V13B23-285_C1","ACATAATAAGGCGGTG-1","Hb_putative_BSk8"
"V13B23-285_C1","ACATCGTTAACCTAGT-1","Hb_putative_BSk8"
"V13B23-285_C1","ACCAAGAACGCGTGTC-1","Hb_putative_BSk8"
"V13B23-285_C1","ACCCTTCATCTGCGAA-1","Hb_putative_BSk8"
"V13B23-285_C1","ACGATGGATCCGATGC-1","Hb_putative_BSk8"
"V13B23-285_C1","ACGCCAGATGATTTCT-1","Hb_putative_BSk8"
"V13B23-285_C1","ACGGAATTTAGCAAAT-1","Hb_putative_BSk8"
"V13B23-285_C1","ACGTACAGATTTCTCT-1","Hb_putative_BSk8"
"V13B23-285_C1","ACGTGCGCCTCGTGCA-1","Hb_putative_BSk8"
"V13B23-285_C1","ACGTTTAGTTGTGATC-1","Hb_putative_BSk8"
"V13B23-285_C1","ACTATTCGTCCGTGGT-1","Hb_putative_BSk8"
"V13B23-285_C1","ACTGCCGTCGTAACTC-1","Hb_putative_BSk8"
"V13B23-285_C1","ACTGTGCTAGTAGATC-1","Hb_putative_BSk8"
"V13B23-285_C1","ACTTAGTACGACAAGA-1","Hb_putative_BSk8"
"V13B23-285_C1","AGAGCGGGCTAATCAT-1","Hb_putative_BSk8"
"V13B23-285_C1","AGATACGACTTCATAT-1","Hb_putative_BSk8"
"V13B23-285_C1","AGATGACTCGCCCACG-1","Hb_putative_BSk8"
"V13B23-285_C1","AGCCCTAAGCGAAGTT-1","Hb_putative_BSk8"
"V13B23-285_C1","AGCGACATCCCATTCA-1","Hb_putative_BSk8"
"V13B23-285_C1","AGCGGGAAGGGTCCAT-1","Hb_putative_BSk8"
"V13B23-285_C1","AGCTATTTAATCCAAC-1","Hb_putative_BSk8"
"V13B23-285_C1","AGGCCCATTGTACAGG-1","Hb_putative_BSk8"
"V13B23-285_C1","AGGGCAGCGGCGTGGT-1","Hb_putative_BSk8"
"V13B23-285_C1","AGGTAACCTCCTATTC-1","Hb_putative_BSk8"
"V13B23-285_C1","AGGTACGATATTGCCA-1","Hb_putative_BSk8"
"V13B23-285_C1","AGGTTGAGGCACGCTT-1","Hb_putative_BSk8"
"V13B23-285_C1","AGTAATGTCTTGCCGC-1","Hb_putative_BSk8"
"V13B23-285_C1","AGTAGGTAACATACAT-1","Hb_putative_BSk8"
"V13B23-285_C1","AGTCTTCTCCTCAAAT-1","Hb_putative_BSk8"
"V13B23-285_C1","AGTTAAGCGGTCCCGG-1","Hb_putative_BSk8"
"V13B23-285_C1","ATAACGGAGTCCAACG-1","Hb_putative_BSk8"
"V13B23-285_C1","ATACTAGCATGACCCT-1","Hb_putative_BSk8"
"V13B23-285_C1","ATAGGGATATCCTTGA-1","Hb_putative_BSk8"
"V13B23-285_C1","ATATTCCCACAGGTCA-1","Hb_putative_BSk8"
"V13B23-285_C1","ATCACTTCATCCTCGC-1","Hb_putative_BSk8"
"V13B23-285_C1","ATCGACTCTTTCCGTT-1","Hb_putative_BSk8"
"V13B23-285_C1","ATCTCCCTGCAATCTA-1","Hb_putative_BSk8"
"V13B23-285_C1","ATCTGTAATTGTACCC-1","Hb_putative_BSk8"
"V13B23-285_C1","ATGACGCCGGCTCTAA-1","Hb_putative_BSk8"
"V13B23-285_C1","ATGATCGGGAATAGAC-1","Hb_putative_BSk8"
"V13B23-285_C1","ATGCATGATCCAGGAT-1","Hb_putative_BSk8"
"V13B23-285_C1","ATGGATCCGGCGTCCG-1","Hb_putative_BSk8"
"V13B23-285_C1","ATTAATACTACGCGGG-1","Hb_putative_BSk8"
"V13B23-285_C1","ATTAATTCGGTCACTC-1","Hb_putative_BSk8"
"V13B23-285_C1","ATTATACTTTGCTCGT-1","Hb_putative_BSk8"
"V13B23-285_C1","ATTCTCGTCTCTTTAG-1","Hb_putative_BSk8"
"V13B23-285_C1","ATTGACGTAACTCGGT-1","Hb_putative_BSk8"
"V13B23-285_C1","ATTGGGAATATCTTGG-1","Hb_putative_BSk8"
"V13B23-285_C1","ATTTCATTATTTCGCG-1","Hb_putative_BSk8"
"V13B23-285_C1","ATTTGTTCCAGGGCTC-1","Hb_putative_BSk8"
"V13B23-285_C1","CAAACTATTGAGCTTC-1","Hb_putative_BSk8"
"V13B23-285_C1","CAAGCACCAAATGCCT-1","Hb_putative_BSk8"
"V13B23-285_C1","CACAGCTAGGGAGTGA-1","Hb_putative_BSk8"
"V13B23-285_C1","CACCATCGGAGGAGAC-1","Hb_putative_BSk8"
"V13B23-285_C1","CACCCACGAGGCAATT-1","Hb_putative_BSk8"
"V13B23-285_C1","CACCGCCGACCAGCGA-1","Hb_putative_BSk8"
"V13B23-285_C1","CACCTAATCAGTTTAC-1","Hb_putative_BSk8"
"V13B23-285_C1","CACCTCGATGGTGGAC-1","Hb_putative_BSk8"
"V13B23-285_C1","CACTCAGCTCTTGAGG-1","Hb_putative_BSk8"
"V13B23-285_C1","CAGAGTGATTTAACGT-1","Hb_putative_BSk8"
"V13B23-285_C1","CAGCTCGTGCTTGTGT-1","Hb_putative_BSk8"
"V13B23-285_C1","CAGTGTCCGCAGAATG-1","Hb_putative_BSk8"
"V13B23-285_C1","CATACAAAGCCGAACC-1","Hb_putative_BSk8"
"V13B23-285_C1","CATAGTACATTGAGAG-1","Hb_putative_BSk8"
"V13B23-285_C1","CATCATCTACCCGGAC-1","Hb_putative_BSk8"
"V13B23-285_C1","CATCGCCCGCGGCCAA-1","Hb_putative_BSk8"
"V13B23-285_C1","CATGATGCACAATTCT-1","Hb_putative_BSk8"
"V13B23-285_C1","CATGCGTTAGACAGAA-1","Hb_putative_BSk8"
"V13B23-285_C1","CATGGCAGGAAGATCG-1","Hb_putative_BSk8"
"V13B23-285_C1","CATTACGTCGGCCCGT-1","Hb_putative_BSk8"
"V13B23-285_C1","CATTTCTAGCAGACTA-1","Hb_putative_BSk8"
"V13B23-285_C1","CCAACGCTTGCCAGGG-1","Hb_putative_BSk8"
"V13B23-285_C1","CCAAGACTTCTGCGAA-1","Hb_putative_BSk8"
"V13B23-285_C1","CCAAGGAACAGAGAGG-1","Hb_putative_BSk8"
"V13B23-285_C1","CCACGAGAAGAGAATC-1","Hb_putative_BSk8"
"V13B23-285_C1","CCATAAACAACCCGAC-1","Hb_putative_BSk8"
"V13B23-285_C1","CCATAGGTTGGCGTGG-1","Hb_putative_BSk8"
"V13B23-285_C1","CCATCCATACCAAGTC-1","Hb_putative_BSk8"
"V13B23-285_C1","CCCAACCACACTAACA-1","Hb_putative_BSk8"
"V13B23-285_C1","CCCGACCATAGTCCGC-1","Hb_putative_BSk8"
"V13B23-285_C1","CCCTCATTCTGGAATT-1","Hb_putative_BSk8"
"V13B23-285_C1","CCGGCGCATATTGGAT-1","Hb_putative_BSk8"
"V13B23-285_C1","CCGTACCCAAGCGCCA-1","Hb_putative_BSk8"
"V13B23-285_C1","CCGTGCCCATGACGGC-1","Hb_putative_BSk8"
"V13B23-285_C1","CCTAAAGGCTGACGCT-1","Hb_putative_BSk8"
"V13B23-285_C1","CCTAGTTAGTCGCATG-1","Hb_putative_BSk8"
"V13B23-285_C1","CCTATCTATATCGGAA-1","Hb_putative_BSk8"
"V13B23-285_C1","CCTCCCGACAATCCCT-1","Hb_putative_BSk8"
"V13B23-285_C1","CCTCGAAGTGGACGGG-1","Hb_putative_BSk8"
"V13B23-285_C1","CCTCGCCAGCAAATTA-1","Hb_putative_BSk8"
"V13B23-285_C1","CCTCTGGCCTAGACGG-1","Hb_putative_BSk8"
"V13B23-285_C1","CCTGAATATTTACATA-1","Hb_putative_BSk8"
"V13B23-285_C1","CCTTCTTGATCCAGTG-1","Hb_putative_BSk8"
"V13B23-285_C1","CGAAACATAGATGGCA-1","Hb_putative_BSk8"
"V13B23-285_C1","CGAACGCCCAGTGCCG-1","Hb_putative_BSk8"
"V13B23-285_C1","CGACATGCGATCTTCT-1","Hb_putative_BSk8"
"V13B23-285_C1","CGAGCGTTGATCAGCC-1","Hb_putative_BSk8"
"V13B23-285_C1","CGAGCTGGGCTTTAGG-1","Hb_putative_BSk8"
"V13B23-285_C1","CGCCCGCTTCCGTACA-1","Hb_putative_BSk8"
"V13B23-285_C1","CGCGCCCGACTTAATA-1","Hb_putative_BSk8"
"V13B23-285_C1","CGCTATACCGCCCACT-1","Hb_putative_BSk8"
"V13B23-285_C1","CGGCACTCAAGAAAGT-1","Hb_putative_BSk8"
"V13B23-285_C1","CGGTCTATCAACCCGT-1","Hb_putative_BSk8"
"V13B23-285_C1","CGTACCTGATAGGCCT-1","Hb_putative_BSk8"
"V13B23-285_C1","CGTAGCGAATTGTCAG-1","Hb_putative_BSk8"
"V13B23-285_C1","CGTCAGTGCGCACAAG-1","Hb_putative_BSk8"
"V13B23-285_C1","CGTCTGGAAGGGCCCG-1","Hb_putative_BSk8"
"V13B23-285_C1","CTATGTCTATTGAAAC-1","Hb_putative_BSk8"
"V13B23-285_C1","CTCATTTGATGGGCGG-1","Hb_putative_BSk8"
"V13B23-285_C1","CTCCGGCCTAATATGC-1","Hb_putative_BSk8"
"V13B23-285_C1","CTCCTAAGTTATGTCT-1","Hb_putative_BSk8"
"V13B23-285_C1","CTCGCACCTATATAGT-1","Hb_putative_BSk8"
"V13B23-285_C1","CTCGGTCCGTAGCCTG-1","Hb_putative_BSk8"
"V13B23-285_C1","CTCTGCGAAGCAAGCA-1","Hb_putative_BSk8"
"V13B23-285_C1","CTCTGTTTGAGGATTC-1","Hb_putative_BSk8"
"V13B23-285_C1","CTGAGCAAGTAACAAG-1","Hb_putative_BSk8"
"V13B23-285_C1","CTGCACCTGGAACCGC-1","Hb_putative_BSk8"
"V13B23-285_C1","CTGCCTAGCCACCAAG-1","Hb_putative_BSk8"
"V13B23-285_C1","CTGGCGACATAAGTCC-1","Hb_putative_BSk8"
"V13B23-285_C1","CTTAACTTCGAAGTAC-1","Hb_putative_BSk8"
"V13B23-285_C1","CTTACACTGGGAAATA-1","Hb_putative_BSk8"
"V13B23-285_C1","CTTATGTTGACTACCA-1","Hb_putative_BSk8"
"V13B23-285_C1","CTTCTTACGTCGTATA-1","Hb_putative_BSk8"
"V13B23-285_C1","CTTGACCCGAAAGATA-1","Hb_putative_BSk8"
"V13B23-285_C1","CTTTAACTTTCAAAGG-1","Hb_putative_BSk8"
"V13B23-285_C1","GAAACTCTAATGAAGG-1","Hb_putative_BSk8"
"V13B23-285_C1","GAAATTCACATCGCTG-1","Hb_putative_BSk8"
"V13B23-285_C1","GAACGACCGAATGATA-1","Hb_putative_BSk8"
"V13B23-285_C1","GAAGAACGGTGCAGGT-1","Hb_putative_BSk8"
"V13B23-285_C1","GAAGTGCTGGATAGCT-1","Hb_putative_BSk8"
"V13B23-285_C1","GAATATTCGGAGTCCC-1","Hb_putative_BSk8"
"V13B23-285_C1","GAATGTTGGGTAATCT-1","Hb_putative_BSk8"
"V13B23-285_C1","GACCCGTCGCCGGCTA-1","Hb_putative_BSk8"
"V13B23-285_C1","GACCGTCAGGTCGTGA-1","Hb_putative_BSk8"
"V13B23-285_C1","GAGCATCATCCCTGGG-1","Hb_putative_BSk8"
"V13B23-285_C1","GAGCTCTCGGACCTAA-1","Hb_putative_BSk8"
"V13B23-285_C1","GAGTACGGGTATACAA-1","Hb_putative_BSk8"
"V13B23-285_C1","GATAAATCGGTGGATG-1","Hb_putative_BSk8"
"V13B23-285_C1","GATGCTACAAGCGCCT-1","Hb_putative_BSk8"
"V13B23-285_C1","GATGTCGGTCAACTGC-1","Hb_putative_BSk8"
"V13B23-285_C1","GATTCCGCGTTTCCGT-1","Hb_putative_BSk8"
"V13B23-285_C1","GCACAAGTGTCGGAAG-1","Hb_putative_BSk8"
"V13B23-285_C1","GCACTAGTCGCGCTAT-1","Hb_putative_BSk8"
"V13B23-285_C1","GCATCCCTAACTTTGA-1","Hb_putative_BSk8"
"V13B23-285_C1","GCCTTCAGCCCTACCG-1","Hb_putative_BSk8"
"V13B23-285_C1","GCGATTCTGGAAGCAG-1","Hb_putative_BSk8"
"V13B23-285_C1","GCGGTCCCTAGACGCA-1","Hb_putative_BSk8"
"V13B23-285_C1","GCGTCGAAATGTCGGT-1","Hb_putative_BSk8"
"V13B23-285_C1","GGAGGATTGAAAGGAG-1","Hb_putative_BSk8"
"V13B23-285_C1","GGAGTGCCGCCCTGGA-1","Hb_putative_BSk8"
"V13B23-285_C1","GGGCGGTCCTATTGTC-1","Hb_putative_BSk8"
"V13B23-285_C1","GGGTACCCACGGTCCT-1","Hb_putative_BSk8"
"V13B23-285_C1","GGGTGGTCCAGCCTGT-1","Hb_putative_BSk8"
"V13B23-285_C1","GGGTGTTTCAGCTATG-1","Hb_putative_BSk8"
"V13B23-285_C1","GGTAAATGTGCGTTAC-1","Hb_putative_BSk8"
"V13B23-285_C1","GGTAACTATGTATCTG-1","Hb_putative_BSk8"
"V13B23-285_C1","GGTTTGAGTGCTGGAA-1","Hb_putative_BSk8"
"V13B23-285_C1","GTAAGCGGGCAGTCAG-1","Hb_putative_BSk8"
"V13B23-285_C1","GTAAGGATTTGTCGGA-1","Hb_putative_BSk8"
"V13B23-285_C1","GTACGAGATTGCGACA-1","Hb_putative_BSk8"
"V13B23-285_C1","GTACTGAGGTCGTAAC-1","Hb_putative_BSk8"
"V13B23-285_C1","GTAGACGTCGTTACAT-1","Hb_putative_BSk8"
"V13B23-285_C1","GTAGGTGATCCGTGTA-1","Hb_putative_BSk8"
"V13B23-285_C1","GTATAGGACTCAGTAG-1","Hb_putative_BSk8"
"V13B23-285_C1","GTCAAAGTTTACATAG-1","Hb_putative_BSk8"
"V13B23-285_C1","GTCACAAAGTTTCCAA-1","Hb_putative_BSk8"
"V13B23-285_C1","GTCAGTTGTGCTCGTT-1","Hb_putative_BSk8"
"V13B23-285_C1","GTCGGATGTAGCGCGC-1","Hb_putative_BSk8"
"V13B23-285_C1","GTCTTAGTACAGCCGG-1","Hb_putative_BSk8"
"V13B23-285_C1","GTGCAACAAATGTGGC-1","Hb_putative_BSk8"
"V13B23-285_C1","GTGCACGAAAGTGACT-1","Hb_putative_BSk8"
"V13B23-285_C1","GTGCGGGTCTCCAAAT-1","Hb_putative_BSk8"
"V13B23-285_C1","GTGGAACCTACATGCG-1","Hb_putative_BSk8"
"V13B23-285_C1","GTTCCAGTCTGACCAT-1","Hb_putative_BSk8"
"V13B23-285_C1","GTTGTCGTGTTAGTTG-1","Hb_putative_BSk8"
"V13B23-285_C1","GTTTGGCCGCTCAGCG-1","Hb_putative_BSk8"
"V13B23-285_C1","TAATACACAGTAGTAT-1","Hb_putative_BSk8"
"V13B23-285_C1","TACCAGCTAGGTTTAA-1","Hb_putative_BSk8"
"V13B23-285_C1","TACCTCACGCTTGTAC-1","Hb_putative_BSk8"
"V13B23-285_C1","TAGAATTAAGGGCAAC-1","Hb_putative_BSk8"
"V13B23-285_C1","TAGATCCGAAGTCGCA-1","Hb_putative_BSk8"
"V13B23-285_C1","TAGGGTGTTTCAAGAG-1","Hb_putative_BSk8"
"V13B23-285_C1","TAGTTAAGATAGGATA-1","Hb_putative_BSk8"
"V13B23-285_C1","TAGTTTATTCTTGCTT-1","Hb_putative_BSk8"
"V13B23-285_C1","TATATTCGCGTCGATA-1","Hb_putative_BSk8"
"V13B23-285_C1","TATCCATATCATGCGA-1","Hb_putative_BSk8"
"V13B23-285_C1","TATTTAGTCTAGATCG-1","Hb_putative_BSk8"
"V13B23-285_C1","TATTTATACCGAGTAG-1","Hb_putative_BSk8"
"V13B23-285_C1","TCATCCCAGAGGGTGG-1","Hb_putative_BSk8"
"V13B23-285_C1","TCCATTGTGACCTCGT-1","Hb_putative_BSk8"
"V13B23-285_C1","TCCGATAATTGCCATA-1","Hb_putative_BSk8"
"V13B23-285_C1","TCCTTCAGTGGTCGAA-1","Hb_putative_BSk8"
"V13B23-285_C1","TCGCCGGTCGATCCGT-1","Hb_putative_BSk8"
"V13B23-285_C1","TCGGGTGAAACTGCTA-1","Hb_putative_BSk8"
"V13B23-285_C1","TCGTATAGTGCAATTA-1","Hb_putative_BSk8"
"V13B23-285_C1","TCGTTCGTTATTATGT-1","Hb_putative_BSk8"
"V13B23-285_C1","TCTATCGGTCGCAACA-1","Hb_putative_BSk8"
"V13B23-285_C1","TCTATTACGCTGGCGA-1","Hb_putative_BSk8"
"V13B23-285_C1","TCTTACAGAGGTACCG-1","Hb_putative_BSk8"
"V13B23-285_C1","TCTTGGTAACACCAAA-1","Hb_putative_BSk8"
"V13B23-285_C1","TGAAACTTATGCAAGC-1","Hb_putative_BSk8"
"V13B23-285_C1","TGAGAATGCTTTACCG-1","Hb_putative_BSk8"
"V13B23-285_C1","TGCATGGATCGGATCT-1","Hb_putative_BSk8"
"V13B23-285_C1","TGCCACCTGGCGAAAC-1","Hb_putative_BSk8"
"V13B23-285_C1","TGCCTGATCAAACGAT-1","Hb_putative_BSk8"
"V13B23-285_C1","TGCGGAGTAAAGGTGC-1","Hb_putative_BSk8"
"V13B23-285_C1","TGCGGCATAGTTCAAC-1","Hb_putative_BSk8"
"V13B23-285_C1","TGCGTGATTGGGTGTC-1","Hb_putative_BSk8"
"V13B23-285_C1","TGGAAGACGAACACCA-1","Hb_putative_BSk8"
"V13B23-285_C1","TGGAAGGATAAAGATG-1","Hb_putative_BSk8"
"V13B23-285_C1","TGGCTTTGGGTAGACA-1","Hb_putative_BSk8"
"V13B23-285_C1","TGGGCACGTTCTATGG-1","Hb_putative_BSk8"
"V13B23-285_C1","TGGGCCACAAGAGCGC-1","Hb_putative_BSk8"
"V13B23-285_C1","TGGGTAAGGTTCCCGC-1","Hb_putative_BSk8"
"V13B23-285_C1","TGGTATCGCATCCCAA-1","Hb_putative_BSk8"
"V13B23-285_C1","TGTATCCTTATTCCAT-1","Hb_putative_BSk8"
"V13B23-285_C1","TGTCCCGACATAGCAC-1","Hb_putative_BSk8"
"V13B23-285_C1","TGTCTACAGTTTCTGT-1","Hb_putative_BSk8"
"V13B23-285_C1","TGTGACTACGCCAGTC-1","Hb_putative_BSk8"
"V13B23-285_C1","TGTTTAATACTTCATC-1","Hb_putative_BSk8"
"V13B23-285_C1","TGTTTCGGTACTTCTC-1","Hb_putative_BSk8"
"V13B23-285_C1","TTAACCAACCCTCCCT-1","Hb_putative_BSk8"
"V13B23-285_C1","TTAACGTCGCAAGACC-1","Hb_putative_BSk8"
"V13B23-285_C1","TTAAGCCGACAACTTC-1","Hb_putative_BSk8"
"V13B23-285_C1","TTAATCAGTACGTCAG-1","Hb_putative_BSk8"
"V13B23-285_C1","TTAATTTCAGACGCGG-1","Hb_putative_BSk8"
"V13B23-285_C1","TTACCGCCTTAGGGAA-1","Hb_putative_BSk8"
"V13B23-285_C1","TTATCCAATCGAACTC-1","Hb_putative_BSk8"
"V13B23-285_C1","TTATTAGGGAAGCATC-1","Hb_putative_BSk8"
"V13B23-285_C1","TTCAAGCCGAGCTGAG-1","Hb_putative_BSk8"
"V13B23-285_C1","TTCATGGCGCAACAGG-1","Hb_putative_BSk8"
"V13B23-285_C1","TTCGCATCCGGAAGCA-1","Hb_putative_BSk8"
"V13B23-285_C1","TTCTTAGTGGCTCAGA-1","Hb_putative_BSk8"
"V13B23-285_C1","TTGCACGGAGCAGCAC-1","Hb_putative_BSk8"
"V13B23-285_C1","TTGCTCCCATACCGGA-1","Hb_putative_BSk8"
"V13B23-285_C1","TTGCTGAAGGAACCAC-1","Hb_putative_BSk8"
"V13B23-285_C1","TTGCTGGCCGGGCTTC-1","Hb_putative_BSk8"
"V13B23-285_C1","TTGGATCGACTTCTGG-1","Hb_putative_BSk8"
"V13B23-285_C1","TTGGATTGGGTACCAC-1","Hb_putative_BSk8"
"V13B23-285_C1","TTGGCCTAGAATTTCG-1","Hb_putative_BSk8"
"V13B23-285_C1","TTGTATCACACAGAAT-1","Hb_putative_BSk8"
"V13B23-285_C1","TTGTGGCCCTGACAGT-1","Hb_putative_BSk8"
"V13B23-285_C1","TTGTTCAGTGTGCTAC-1","Hb_putative_BSk8"
"V13B23-285_D1","AAAGTCACTGATGTAA-1","Hb_putative_BSk8"
"V13B23-285_D1","AAATAACCATACGGGA-1","Hb_putative_BSk8"
"V13B23-285_D1","AAATTACACGACTCTG-1","Hb_putative_BSk8"
"V13B23-285_D1","AACACGACTGTACTGA-1","Hb_putative_BSk8"
"V13B23-285_D1","AACAGGAAATCGAATA-1","Hb_putative_BSk8"
"V13B23-285_D1","AACCCTGGTGGAACCA-1","Hb_putative_BSk8"
"V13B23-285_D1","AACCTTTACGACGTCT-1","Hb_putative_BSk8"
"V13B23-285_D1","AACGTGATGAAGGACA-1","Hb_putative_BSk8"
"V13B23-285_D1","AACTCCTAATCCCATG-1","Hb_putative_BSk8"
"V13B23-285_D1","AACTGATATTAGGCCT-1","Hb_putative_BSk8"
"V13B23-285_D1","AAGCGGCGTCATGGGT-1","Hb_putative_BSk8"
"V13B23-285_D1","AATCCAAGGGCCTGAG-1","Hb_putative_BSk8"
"V13B23-285_D1","AATTTGGGACATAGTA-1","Hb_putative_BSk8"
"V13B23-285_D1","ACAGCATAGAGCCAGT-1","Hb_putative_BSk8"
"V13B23-285_D1","ACAGCGCACCCGCAGC-1","Hb_putative_BSk8"
"V13B23-285_D1","ACATAATAAGGCGGTG-1","Hb_putative_BSk8"
"V13B23-285_D1","ACATCGTTAACCTAGT-1","Hb_putative_BSk8"
"V13B23-285_D1","ACCACAACTCAGAACA-1","Hb_putative_BSk8"
"V13B23-285_D1","ACGAGATATTTGCTTA-1","Hb_putative_BSk8"
"V13B23-285_D1","ACGATACATAGAACTA-1","Hb_putative_BSk8"
"V13B23-285_D1","ACGATGGATCCGATGC-1","Hb_putative_BSk8"
"V13B23-285_D1","ACGCCAGATGATTTCT-1","Hb_putative_BSk8"
"V13B23-285_D1","ACGTACAGATTTCTCT-1","Hb_putative_BSk8"
"V13B23-285_D1","ACGTGCGCCTCGTGCA-1","Hb_putative_BSk8"
"V13B23-285_D1","ACGTTTAGTTGTGATC-1","Hb_putative_BSk8"
"V13B23-285_D1","ACTATTCGTCCGTGGT-1","Hb_putative_BSk8"
"V13B23-285_D1","ACTCTCTTATACACGA-1","Hb_putative_BSk8"
"V13B23-285_D1","ACTGCCGTCGTAACTC-1","Hb_putative_BSk8"
"V13B23-285_D1","AGAGCGGGCTAATCAT-1","Hb_putative_BSk8"
"V13B23-285_D1","AGCCACTCCCGTGCTT-1","Hb_putative_BSk8"
"V13B23-285_D1","AGCCCTAAGCGAAGTT-1","Hb_putative_BSk8"
"V13B23-285_D1","AGCGACATCCCATTCA-1","Hb_putative_BSk8"
"V13B23-285_D1","AGCTATTTAATCCAAC-1","Hb_putative_BSk8"
"V13B23-285_D1","AGCTCTTCCCAGTGCA-1","Hb_putative_BSk8"
"V13B23-285_D1","AGCTGAAGTAAACCAA-1","Hb_putative_BSk8"
"V13B23-285_D1","AGGCCCATTGTACAGG-1","Hb_putative_BSk8"
"V13B23-285_D1","AGGGAAACGAGGTACT-1","Hb_putative_BSk8"
"V13B23-285_D1","AGGGCAGCGGCGTGGT-1","Hb_putative_BSk8"
"V13B23-285_D1","AGTAATGTCTTGCCGC-1","Hb_putative_BSk8"
"V13B23-285_D1","AGTAGGTAACATACAT-1","Hb_putative_BSk8"
"V13B23-285_D1","AGTGAGGGTTTCTGAC-1","Hb_putative_BSk8"
"V13B23-285_D1","ATACCAGGCTAATAGA-1","Hb_putative_BSk8"
"V13B23-285_D1","ATACGGGTTTCGATTG-1","Hb_putative_BSk8"
"V13B23-285_D1","ATATCTCCCTCGTTAA-1","Hb_putative_BSk8"
"V13B23-285_D1","ATATTCCCACAGGTCA-1","Hb_putative_BSk8"
"V13B23-285_D1","ATCACATTAGAATATC-1","Hb_putative_BSk8"
"V13B23-285_D1","ATCGTTCACTTTCGCC-1","Hb_putative_BSk8"
"V13B23-285_D1","ATCTCCCTGCAATCTA-1","Hb_putative_BSk8"
"V13B23-285_D1","ATCTGTAATTGTACCC-1","Hb_putative_BSk8"
"V13B23-285_D1","ATGATCGGGAATAGAC-1","Hb_putative_BSk8"
"V13B23-285_D1","ATGCCGGTTGATGGGA-1","Hb_putative_BSk8"
"V13B23-285_D1","ATGGATCCGGCGTCCG-1","Hb_putative_BSk8"
"V13B23-285_D1","ATGGCTGGAAATGGCC-1","Hb_putative_BSk8"
"V13B23-285_D1","ATTAATGAACCAGTCG-1","Hb_putative_BSk8"
"V13B23-285_D1","ATTATACTTTGCTCGT-1","Hb_putative_BSk8"
"V13B23-285_D1","ATTCTCGTCTCTTTAG-1","Hb_putative_BSk8"
"V13B23-285_D1","ATTCTTCGTACTTATG-1","Hb_putative_BSk8"
"V13B23-285_D1","ATTGACGTAACTCGGT-1","Hb_putative_BSk8"
"V13B23-285_D1","ATTGGGAATATCTTGG-1","Hb_putative_BSk8"
"V13B23-285_D1","ATTGTCGCAATACCTT-1","Hb_putative_BSk8"
"V13B23-285_D1","ATTGTGACTTCGCTGC-1","Hb_putative_BSk8"
"V13B23-285_D1","ATTTCATTATTTCGCG-1","Hb_putative_BSk8"
"V13B23-285_D1","ATTTGTTCCAGGGCTC-1","Hb_putative_BSk8"
"V13B23-285_D1","CAAACTACGATAGAGA-1","Hb_putative_BSk8"
"V13B23-285_D1","CAACTATATCGAATGC-1","Hb_putative_BSk8"
"V13B23-285_D1","CAAGCACCAAATGCCT-1","Hb_putative_BSk8"
"V13B23-285_D1","CAATCCCTATACCAGC-1","Hb_putative_BSk8"
"V13B23-285_D1","CAATGGAATCTACATA-1","Hb_putative_BSk8"
"V13B23-285_D1","CACAGCTAGGGAGTGA-1","Hb_putative_BSk8"
"V13B23-285_D1","CACATTCTTTCGATGG-1","Hb_putative_BSk8"
"V13B23-285_D1","CACCATCGGAGGAGAC-1","Hb_putative_BSk8"
"V13B23-285_D1","CACCCACGAGGCAATT-1","Hb_putative_BSk8"
"V13B23-285_D1","CACCGATACACCGAGC-1","Hb_putative_BSk8"
"V13B23-285_D1","CACCGCCGACCAGCGA-1","Hb_putative_BSk8"
"V13B23-285_D1","CACCTAATCAGTTTAC-1","Hb_putative_BSk8"
"V13B23-285_D1","CACCTCGATGGTGGAC-1","Hb_putative_BSk8"
"V13B23-285_D1","CACTCCTCTCGGTCGG-1","Hb_putative_BSk8"
"V13B23-285_D1","CAGAGTGATTTAACGT-1","Hb_putative_BSk8"
"V13B23-285_D1","CAGCCGGGCCCTCTAT-1","Hb_putative_BSk8"
"V13B23-285_D1","CAGGAAGACTTTATAT-1","Hb_putative_BSk8"
"V13B23-285_D1","CATAGTACATTGAGAG-1","Hb_putative_BSk8"
"V13B23-285_D1","CATATTATTTGCCCTA-1","Hb_putative_BSk8"
"V13B23-285_D1","CATGAACCGACATTTG-1","Hb_putative_BSk8"
"V13B23-285_D1","CATGCGTTAGACAGAA-1","Hb_putative_BSk8"
"V13B23-285_D1","CATGGCAGGAAGATCG-1","Hb_putative_BSk8"
"V13B23-285_D1","CATGGGTCGGGTGTGG-1","Hb_putative_BSk8"
"V13B23-285_D1","CATTACGTCGGCCCGT-1","Hb_putative_BSk8"
"V13B23-285_D1","CCAACGCTTGCCAGGG-1","Hb_putative_BSk8"
"V13B23-285_D1","CCAATCGGTAGATCGA-1","Hb_putative_BSk8"
"V13B23-285_D1","CCACGAGAAGAGAATC-1","Hb_putative_BSk8"
"V13B23-285_D1","CCATAGGTTGGCGTGG-1","Hb_putative_BSk8"
"V13B23-285_D1","CCCAACCACACTAACA-1","Hb_putative_BSk8"
"V13B23-285_D1","CCCGACCATAGTCCGC-1","Hb_putative_BSk8"
"V13B23-285_D1","CCCGCAGGGCCCAAAG-1","Hb_putative_BSk8"
"V13B23-285_D1","CCGCCGGTCAACACAC-1","Hb_putative_BSk8"
"V13B23-285_D1","CCGTGCCCATGACGGC-1","Hb_putative_BSk8"
"V13B23-285_D1","CCGTTACGTTAGAACA-1","Hb_putative_BSk8"
"V13B23-285_D1","CCTAAAGGCTGACGCT-1","Hb_putative_BSk8"
"V13B23-285_D1","CCTCCCGACAATCCCT-1","Hb_putative_BSk8"
"V13B23-285_D1","CCTCGAAGTGGACGGG-1","Hb_putative_BSk8"
"V13B23-285_D1","CCTCGCCAGCAAATTA-1","Hb_putative_BSk8"
"V13B23-285_D1","CCTCTGGCCTAGACGG-1","Hb_putative_BSk8"
"V13B23-285_D1","CCTTCTTGATCCAGTG-1","Hb_putative_BSk8"
"V13B23-285_D1","CGAAACATAGATGGCA-1","Hb_putative_BSk8"
"V13B23-285_D1","CGAACGCCCAGTGCCG-1","Hb_putative_BSk8"
"V13B23-285_D1","CGACATGCGATCTTCT-1","Hb_putative_BSk8"
"V13B23-285_D1","CGAGCGTTGATCAGCC-1","Hb_putative_BSk8"
"V13B23-285_D1","CGAGCTGGGCTTTAGG-1","Hb_putative_BSk8"
"V13B23-285_D1","CGAGTGCTATAGTTCG-1","Hb_putative_BSk8"
"V13B23-285_D1","CGCATCATGGCTTCAG-1","Hb_putative_BSk8"
"V13B23-285_D1","CGCCCGCTTCCGTACA-1","Hb_putative_BSk8"
"V13B23-285_D1","CGCGCCCGACTTAATA-1","Hb_putative_BSk8"
"V13B23-285_D1","CGGAGCTTATAACACC-1","Hb_putative_BSk8"
"V13B23-285_D1","CGGCTCTTCGTCGAAC-1","Hb_putative_BSk8"
"V13B23-285_D1","CGGTCTATCAACCCGT-1","Hb_putative_BSk8"
"V13B23-285_D1","CGTCAGTGCGCACAAG-1","Hb_putative_BSk8"
"V13B23-285_D1","CGTCTGGAAGGGCCCG-1","Hb_putative_BSk8"
"V13B23-285_D1","CGTGACATTGGGTCGT-1","Hb_putative_BSk8"
"V13B23-285_D1","CGTTAGCTCACAACTG-1","Hb_putative_BSk8"
"V13B23-285_D1","CTAGACTGCATTTCGT-1","Hb_putative_BSk8"
"V13B23-285_D1","CTAGTATTCGGAATTA-1","Hb_putative_BSk8"
"V13B23-285_D1","CTATGTCTATTGAAAC-1","Hb_putative_BSk8"
"V13B23-285_D1","CTCCGGCCTAATATGC-1","Hb_putative_BSk8"
"V13B23-285_D1","CTCTGCGAAGCAAGCA-1","Hb_putative_BSk8"
"V13B23-285_D1","CTCTGTTTGAGGATTC-1","Hb_putative_BSk8"
"V13B23-285_D1","CTGAAAGAGATCCGAC-1","Hb_putative_BSk8"
"V13B23-285_D1","CTGCCAAGGTTGGAAG-1","Hb_putative_BSk8"
"V13B23-285_D1","CTGCCTAGCCACCAAG-1","Hb_putative_BSk8"
"V13B23-285_D1","CTGCGGTAGTCACGTG-1","Hb_putative_BSk8"
"V13B23-285_D1","CTGCGTTACGATATAA-1","Hb_putative_BSk8"
"V13B23-285_D1","CTGGCGACATAAGTCC-1","Hb_putative_BSk8"
"V13B23-285_D1","CTGTCAAATGGCTCGG-1","Hb_putative_BSk8"
"V13B23-285_D1","CTGTCACGCCAGGCGC-1","Hb_putative_BSk8"
"V13B23-285_D1","CTTAACTTCGAAGTAC-1","Hb_putative_BSk8"
"V13B23-285_D1","CTTAGCCTTCCACATG-1","Hb_putative_BSk8"
"V13B23-285_D1","CTTCTTACGTCGTATA-1","Hb_putative_BSk8"
"V13B23-285_D1","CTTGACCCGAAAGATA-1","Hb_putative_BSk8"
"V13B23-285_D1","CTTGTGAGTCTTTGAC-1","Hb_putative_BSk8"
"V13B23-285_D1","GAAATACCTGCTGGCT-1","Hb_putative_BSk8"
"V13B23-285_D1","GAAATCGCGCGCAACT-1","Hb_putative_BSk8"
"V13B23-285_D1","GAAATTCACATCGCTG-1","Hb_putative_BSk8"
"V13B23-285_D1","GAACGACCGAATGATA-1","Hb_putative_BSk8"
"V13B23-285_D1","GAAGTGCTGGATAGCT-1","Hb_putative_BSk8"
"V13B23-285_D1","GAATCGCCGGACACGG-1","Hb_putative_BSk8"
"V13B23-285_D1","GAATGTATGGCAGGTC-1","Hb_putative_BSk8"
"V13B23-285_D1","GACCCGTCGCCGGCTA-1","Hb_putative_BSk8"
"V13B23-285_D1","GACCGTCAGGTCGTGA-1","Hb_putative_BSk8"
"V13B23-285_D1","GACTAACACAGCACCT-1","Hb_putative_BSk8"
"V13B23-285_D1","GACTACAATTGCTCGT-1","Hb_putative_BSk8"
"V13B23-285_D1","GAGCGAGGGAGTACCG-1","Hb_putative_BSk8"
"V13B23-285_D1","GATATCTCATGCAATA-1","Hb_putative_BSk8"
"V13B23-285_D1","GATATTTCCTACATGG-1","Hb_putative_BSk8"
"V13B23-285_D1","GATCCTCTTGCGCTTA-1","Hb_putative_BSk8"
"V13B23-285_D1","GATGGTGCCCTAGGCA-1","Hb_putative_BSk8"
"V13B23-285_D1","GATGTCGGTCAACTGC-1","Hb_putative_BSk8"
"V13B23-285_D1","GATTCCGCGTTTCCGT-1","Hb_putative_BSk8"
"V13B23-285_D1","GCAACCACCAGACCGG-1","Hb_putative_BSk8"
"V13B23-285_D1","GCACAAGTGTCGGAAG-1","Hb_putative_BSk8"
"V13B23-285_D1","GCACTAGTCGCGCTAT-1","Hb_putative_BSk8"
"V13B23-285_D1","GCACTGTGCAAATGTA-1","Hb_putative_BSk8"
"V13B23-285_D1","GCCAGGCGTTCGCATG-1","Hb_putative_BSk8"
"V13B23-285_D1","GCGCTGATCCAGACTC-1","Hb_putative_BSk8"
"V13B23-285_D1","GCGGTCCCTAGACGCA-1","Hb_putative_BSk8"
"V13B23-285_D1","GCGGTGAACTGCGCTC-1","Hb_putative_BSk8"
"V13B23-285_D1","GCGTCGAAATGTCGGT-1","Hb_putative_BSk8"
"V13B23-285_D1","GCTCATTACTGCATGT-1","Hb_putative_BSk8"
"V13B23-285_D1","GCTCGGAATTTAAAGC-1","Hb_putative_BSk8"
"V13B23-285_D1","GGAAAGTGCCCATGCC-1","Hb_putative_BSk8"
"V13B23-285_D1","GGAAGCTCGCTTACAG-1","Hb_putative_BSk8"
"V13B23-285_D1","GGATTCCGCTATACCC-1","Hb_putative_BSk8"
"V13B23-285_D1","GGCATATCGGTTCTGC-1","Hb_putative_BSk8"
"V13B23-285_D1","GGGCGTCCACTGGCTC-1","Hb_putative_BSk8"
"V13B23-285_D1","GGGTGTTTCAGCTATG-1","Hb_putative_BSk8"
"V13B23-285_D1","GGTAAATGTGCGTTAC-1","Hb_putative_BSk8"
"V13B23-285_D1","GGTAACTATGTATCTG-1","Hb_putative_BSk8"
"V13B23-285_D1","GGTTTGAGTGCTGGAA-1","Hb_putative_BSk8"
"V13B23-285_D1","GTAACTTGCGGCAGTC-1","Hb_putative_BSk8"
"V13B23-285_D1","GTAAGGATTTGTCGGA-1","Hb_putative_BSk8"
"V13B23-285_D1","GTACGTCACGTATTAA-1","Hb_putative_BSk8"
"V13B23-285_D1","GTACTGAGGTCGTAAC-1","Hb_putative_BSk8"
"V13B23-285_D1","GTACTGCATGAAGCGT-1","Hb_putative_BSk8"
"V13B23-285_D1","GTATAGGACTCAGTAG-1","Hb_putative_BSk8"
"V13B23-285_D1","GTCACAAAGTTTCCAA-1","Hb_putative_BSk8"
"V13B23-285_D1","GTCAGTTGTGCTCGTT-1","Hb_putative_BSk8"
"V13B23-285_D1","GTCCTTCTAGTGGGTT-1","Hb_putative_BSk8"
"V13B23-285_D1","GTCGGATGTAGCGCGC-1","Hb_putative_BSk8"
"V13B23-285_D1","GTCGTCAATTATAAGG-1","Hb_putative_BSk8"
"V13B23-285_D1","GTCTCGATCTGCTTTC-1","Hb_putative_BSk8"
"V13B23-285_D1","GTGAGGAGCGGTTGAG-1","Hb_putative_BSk8"
"V13B23-285_D1","GTGCAACAAATGTGGC-1","Hb_putative_BSk8"
"V13B23-285_D1","GTGCACGAAAGTGACT-1","Hb_putative_BSk8"
"V13B23-285_D1","GTGGAACCTACATGCG-1","Hb_putative_BSk8"
"V13B23-285_D1","TAATAAACAAGGAGAT-1","Hb_putative_BSk8"
"V13B23-285_D1","TAATACACAGTAGTAT-1","Hb_putative_BSk8"
"V13B23-285_D1","TACCAGCTAGGTTTAA-1","Hb_putative_BSk8"
"V13B23-285_D1","TACCTCACGCTTGTAC-1","Hb_putative_BSk8"
"V13B23-285_D1","TACGGGATGCTAGCAG-1","Hb_putative_BSk8"
"V13B23-285_D1","TAGAATTAAGGGCAAC-1","Hb_putative_BSk8"
"V13B23-285_D1","TAGAGCTACGAAGAAC-1","Hb_putative_BSk8"
"V13B23-285_D1","TAGATCCGAAGTCGCA-1","Hb_putative_BSk8"
"V13B23-285_D1","TATATTCGCGTCGATA-1","Hb_putative_BSk8"
"V13B23-285_D1","TATCACCATGTAAAGT-1","Hb_putative_BSk8"
"V13B23-285_D1","TATCCTGCATGGGAAT-1","Hb_putative_BSk8"
"V13B23-285_D1","TATTTAGTCTAGATCG-1","Hb_putative_BSk8"
"V13B23-285_D1","TATTTATACCGAGTAG-1","Hb_putative_BSk8"
"V13B23-285_D1","TCACTCGTGCAACGGC-1","Hb_putative_BSk8"
"V13B23-285_D1","TCATGCAGGTTCTCAT-1","Hb_putative_BSk8"
"V13B23-285_D1","TCCATTGTGACCTCGT-1","Hb_putative_BSk8"
"V13B23-285_D1","TCCCTTAGATTACTCG-1","Hb_putative_BSk8"
"V13B23-285_D1","TCCGATAATTGCCATA-1","Hb_putative_BSk8"
"V13B23-285_D1","TCCTCTGGCCCATTAG-1","Hb_putative_BSk8"
"V13B23-285_D1","TCCTGCCAACTGGAGA-1","Hb_putative_BSk8"
"V13B23-285_D1","TCCTTCAGTGGTCGAA-1","Hb_putative_BSk8"
"V13B23-285_D1","TCGCCGGTCGATCCGT-1","Hb_putative_BSk8"
"V13B23-285_D1","TCGCTAAACCGCTATC-1","Hb_putative_BSk8"
"V13B23-285_D1","TCGGGTGAAACTGCTA-1","Hb_putative_BSk8"
"V13B23-285_D1","TCGGTCCCTGACTCCA-1","Hb_putative_BSk8"
"V13B23-285_D1","TCGTATAGTGCAATTA-1","Hb_putative_BSk8"
"V13B23-285_D1","TCGTTCGTTATTATGT-1","Hb_putative_BSk8"
"V13B23-285_D1","TCTCCAACGTAGGTTA-1","Hb_putative_BSk8"
"V13B23-285_D1","TCTGTCATACAAGAGC-1","Hb_putative_BSk8"
"V13B23-285_D1","TCTTTCTCTTAAGGAG-1","Hb_putative_BSk8"
"V13B23-285_D1","TGAGCTTTAATGACGC-1","Hb_putative_BSk8"
"V13B23-285_D1","TGCATGGATCGGATCT-1","Hb_putative_BSk8"
"V13B23-285_D1","TGCCACCTGGCGAAAC-1","Hb_putative_BSk8"
"V13B23-285_D1","TGCCTGATCAAACGAT-1","Hb_putative_BSk8"
"V13B23-285_D1","TGCGGCATAGTTCAAC-1","Hb_putative_BSk8"
"V13B23-285_D1","TGGAAGACGAACACCA-1","Hb_putative_BSk8"
"V13B23-285_D1","TGGAAGGATAAAGATG-1","Hb_putative_BSk8"
"V13B23-285_D1","TGGGCACGTTCTATGG-1","Hb_putative_BSk8"
"V13B23-285_D1","TGGGCCACAAGAGCGC-1","Hb_putative_BSk8"
"V13B23-285_D1","TGGTATCGCATCCCAA-1","Hb_putative_BSk8"
"V13B23-285_D1","TGGTTGGAGGATCCTG-1","Hb_putative_BSk8"
"V13B23-285_D1","TGTATCCTTATTCCAT-1","Hb_putative_BSk8"
"V13B23-285_D1","TGTATTTACCTAATGC-1","Hb_putative_BSk8"
"V13B23-285_D1","TGTCCCGACATAGCAC-1","Hb_putative_BSk8"
"V13B23-285_D1","TGTCTACAGTTTCTGT-1","Hb_putative_BSk8"
"V13B23-285_D1","TGTGACTACGCCAGTC-1","Hb_putative_BSk8"
"V13B23-285_D1","TGTTTAATACTTCATC-1","Hb_putative_BSk8"
"V13B23-285_D1","TTAACGTCGCAAGACC-1","Hb_putative_BSk8"
"V13B23-285_D1","TTAATCAGTACGTCAG-1","Hb_putative_BSk8"
"V13B23-285_D1","TTAATTTCAGACGCGG-1","Hb_putative_BSk8"
"V13B23-285_D1","TTACCCATTGCCGGGT-1","Hb_putative_BSk8"
"V13B23-285_D1","TTAGACACGATCGTTG-1","Hb_putative_BSk8"
"V13B23-285_D1","TTATTAGGGAAGCATC-1","Hb_putative_BSk8"
"V13B23-285_D1","TTCAATTAGCCATAAT-1","Hb_putative_BSk8"
"V13B23-285_D1","TTCATGGCGCAACAGG-1","Hb_putative_BSk8"
"V13B23-285_D1","TTCGGCAACCCGCTGA-1","Hb_putative_BSk8"
"V13B23-285_D1","TTCGTAATCCCAGCGG-1","Hb_putative_BSk8"
"V13B23-285_D1","TTCTTAGTGGCTCAGA-1","Hb_putative_BSk8"
"V13B23-285_D1","TTCTTGGAGTAATGAG-1","Hb_putative_BSk8"
"V13B23-285_D1","TTGCTGGCCGGGCTTC-1","Hb_putative_BSk8"
"V13B23-285_D1","TTGGATCGACTTCTGG-1","Hb_putative_BSk8"
"V13B23-285_D1","TTGGATTGGGTACCAC-1","Hb_putative_BSk8"
"V13B23-285_D1","TTGGCCTAGAATTTCG-1","Hb_putative_BSk8"
"V13B23-285_D1","TTGTGGCCCTGACAGT-1","Hb_putative_BSk8"
