key,cluster
AAACAAGTATCTCCCA-1_V12D07-075_C1,2
AAACAGAGCGACTCCT-1_V12D07-075_C1,1
AAACATTTCCCGGATT-1_V12D07-075_C1,2
AAACCCGAACGAAATC-1_V12D07-075_C1,1
AAACCGGAAATGTTAA-1_V12D07-075_C1,6
AAACCGGGTAGGTACC-1_V12D07-075_C1,7
AAACCGTTCGTCCAGG-1_V12D07-075_C1,7
AAACCTAAGCAGCCGG-1_V12D07-075_C1,2
AAACCTCATGAAGTTG-1_V12D07-075_C1,8
AAACGAAGAACATACC-1_V12D07-075_C1,5
AAACGAGACGGTTGAT-1_V12D07-075_C1,2
AAACGCTGGGCACGAC-1_V12D07-075_C1,2
AAACGGGCGTACGGGT-1_V12D07-075_C1,2
AAACGGTTGCGAACTG-1_V12D07-075_C1,3
AAACGTGTTCGCCCTA-1_V12D07-075_C1,1
AAACTAACGTGGCGAC-1_V12D07-075_C1,1
AAACTCGGTTCGCAAT-1_V12D07-075_C1,2
AAACTCGTGATATAAG-1_V12D07-075_C1,1
AAACTGCTGGCTCCAA-1_V12D07-075_C1,3
AAAGAATGTGGACTAA-1_V12D07-075_C1,2
AAAGACCCAAGTCGCG-1_V12D07-075_C1,5
AAAGACTGGGCGCTTT-1_V12D07-075_C1,8
AAAGCTTGCCTACATA-1_V12D07-075_C1,1
AAAGGCTACGGACCAT-1_V12D07-075_C1,3
AAAGGCTCTCGCGCCG-1_V12D07-075_C1,3
AAAGGGATGTAGCAAG-1_V12D07-075_C1,3
AAAGGGCAGCTTGAAT-1_V12D07-075_C1,4
AAAGGTAAGCTGTACC-1_V12D07-075_C1,1
AAAGTCACTGATGTAA-1_V12D07-075_C1,5
AAAGTCGACCCTCAGT-1_V12D07-075_C1,8
AAAGTGCCATCAATTA-1_V12D07-075_C1,2
AAAGTGTGATTTATCT-1_V12D07-075_C1,2
AAAGTTGACTCCCGTA-1_V12D07-075_C1,2
AAATAACCATACGGGA-1_V12D07-075_C1,6
AAATAAGGTAGTGCCC-1_V12D07-075_C1,1
AAATACCTATAAGCAT-1_V12D07-075_C1,3
AAATAGCTTAGACTTT-1_V12D07-075_C1,6
AAATAGGGTGCTATTG-1_V12D07-075_C1,3
AAATCGTGTACCACAA-1_V12D07-075_C1,3
AAATCTAGCCCTGCTA-1_V12D07-075_C1,2
AAATGATTCGATCAGC-1_V12D07-075_C1,1
AAATGCTCGTTACGTT-1_V12D07-075_C1,4
AAATGGCATGTCTTGT-1_V12D07-075_C1,5
AAATGGTCAATGTGCC-1_V12D07-075_C1,8
AAATTAACGGGTAGCT-1_V12D07-075_C1,3
AAATTAATAAGCGCGA-1_V12D07-075_C1,8
AAATTACACGACTCTG-1_V12D07-075_C1,6
AAATTACCTATCGATG-1_V12D07-075_C1,6
AAATTCCAGGTCCAAA-1_V12D07-075_C1,1
AAATTGGTGAGAAGCA-1_V12D07-075_C1,1
AAATTTACCGAAATCC-1_V12D07-075_C1,1
AAATTTGCGGGTGTGG-1_V12D07-075_C1,7
AACAACTGGTAGTTGC-1_V12D07-075_C1,8
AACAATTACTCTACGC-1_V12D07-075_C1,8
AACACACGCTCGCCGC-1_V12D07-075_C1,2
AACACGACTGTACTGA-1_V12D07-075_C1,5
AACACGCGGCCGCGAA-1_V12D07-075_C1,5
AACAGGAAATCGAATA-1_V12D07-075_C1,5
AACAGGATGGGCCGCG-1_V12D07-075_C1,8
AACAGGTAGTATGGAT-1_V12D07-075_C1,7
AACATATCAACTGGTG-1_V12D07-075_C1,7
AACATCGATACGTCTA-1_V12D07-075_C1,1
AACATTGTGACTCGAG-1_V12D07-075_C1,3
AACCAAGACTTCTCTG-1_V12D07-075_C1,8
AACCAGTATCACTCTT-1_V12D07-075_C1,1
AACCATGGGATCGCTA-1_V12D07-075_C1,8
AACCCAGAGACGGAGA-1_V12D07-075_C1,5
AACCCGAGCAGAATCG-1_V12D07-075_C1,2
AACCCTACTGTCAATA-1_V12D07-075_C1,2
AACCCTGGTGGAACCA-1_V12D07-075_C1,5
AACCGAGCTTGGTCAT-1_V12D07-075_C1,3
AACCGCTAAGGGATGC-1_V12D07-075_C1,2
AACCGTTGTGTTTGCT-1_V12D07-075_C1,5
AACCTCGCTTTAGCCC-1_V12D07-075_C1,2
AACCTGTCACGGAATT-1_V12D07-075_C1,1
AACCTTTAAATACGGT-1_V12D07-075_C1,3
AACCTTTACGACGTCT-1_V12D07-075_C1,6
AACGATAATGCCGTAG-1_V12D07-075_C1,3
AACGATAGAAGGGCCG-1_V12D07-075_C1,5
AACGATATGTCAACTG-1_V12D07-075_C1,6
AACGCATGATCTGGGT-1_V12D07-075_C1,1
AACGCGAACGGCAACA-1_V12D07-075_C1,8
AACGCGACCTTGGGCG-1_V12D07-075_C1,3
AACGCGGTCTCCAGCC-1_V12D07-075_C1,3
AACGCTGTTGCTGAAA-1_V12D07-075_C1,2
AACGGACGTACGTATA-1_V12D07-075_C1,2
AACGGCCATCTCCGGT-1_V12D07-075_C1,7
AACGTACTGTGGGTAC-1_V12D07-075_C1,7
AACGTCAGACTAGTGG-1_V12D07-075_C1,8
AACGTGATGAAGGACA-1_V12D07-075_C1,1
AACGTGCGAAAGTCTC-1_V12D07-075_C1,2
AACGTTATCAGCACCT-1_V12D07-075_C1,8
AACTACCCGTTTGTCA-1_V12D07-075_C1,6
AACTAGGCTTGGGTGT-1_V12D07-075_C1,3
AACTCAAGTTAATTGC-1_V12D07-075_C1,8
AACTCCAGAGCGTGTT-1_V12D07-075_C1,2
AACTCCTAATCCCATG-1_V12D07-075_C1,1
AACTCGATGGCGCAGT-1_V12D07-075_C1,5
AACTCTCAATAGAGCG-1_V12D07-075_C1,7
AACTCTCAGTGTGCTC-1_V12D07-075_C1,7
AACTGAGGTCAGCGTC-1_V12D07-075_C1,1
AACTGAGTTATACTGA-1_V12D07-075_C1,6
AACTGATATTAGGCCT-1_V12D07-075_C1,5
AACTGGGTCCCGACGT-1_V12D07-075_C1,5
AACTGGTGTGGGCCTT-1_V12D07-075_C1,5
AACTTCTGCGTCTATC-1_V12D07-075_C1,8
AACTTGCCCGTATGCA-1_V12D07-075_C1,8
AACTTGCGTTCTCGCG-1_V12D07-075_C1,8
AACTTTACGGGAGCTT-1_V12D07-075_C1,8
AAGAAGGATCAGTTAG-1_V12D07-075_C1,8
AAGACATACGTGGTTT-1_V12D07-075_C1,2
AAGACCCAACTGAACA-1_V12D07-075_C1,3
AAGACTGCAAGCTACT-1_V12D07-075_C1,3
AAGAGATGAATCGGTA-1_V12D07-075_C1,8
AAGAGCTCTTTATCGG-1_V12D07-075_C1,2
AAGAGGATGTACGCGA-1_V12D07-075_C1,8
AAGAGGCATGGATCGC-1_V12D07-075_C1,2
AAGAGGCCCTTTGGAA-1_V12D07-075_C1,2
AAGATTGGCGGAACGT-1_V12D07-075_C1,6
AAGCACCCTGCGTATC-1_V12D07-075_C1,3
AAGCATACTCTCCTGA-1_V12D07-075_C1,3
AAGCCGAAGCGGTTTA-1_V12D07-075_C1,2
AAGCCGGAGAGCAGGA-1_V12D07-075_C1,2
AAGCGCAGGGCTTTGA-1_V12D07-075_C1,2
AAGCGGCGTCATGGGT-1_V12D07-075_C1,1
AAGCTAGATCGAGTAA-1_V12D07-075_C1,3
AAGCTCGTGCCAAGTC-1_V12D07-075_C1,2
AAGCTCTTTCATGGTG-1_V12D07-075_C1,3
AAGGAGCGGTTGGTGC-1_V12D07-075_C1,8
AAGGATCGATCGCTTG-1_V12D07-075_C1,3
AAGGATGAGGGACCTC-1_V12D07-075_C1,7
AAGGCAGGCTGTCTCC-1_V12D07-075_C1,1
AAGGCGCGTAAAGCTT-1_V12D07-075_C1,8
AAGGCTGTGCTCATCG-1_V12D07-075_C1,8
AAGGGACAGATTCTGT-1_V12D07-075_C1,6
AAGGTATCCTAATATA-1_V12D07-075_C1,6
AAGGTGATAAACCAGC-1_V12D07-075_C1,2
AAGTAGAAGACCGGGT-1_V12D07-075_C1,8
AAGTAGTGACGCGAGG-1_V12D07-075_C1,8
AAGTCAATTGTCGTCA-1_V12D07-075_C1,2
AAGTCTTCTGTGGCCT-1_V12D07-075_C1,8
AAGTGACGACCGAATT-1_V12D07-075_C1,7
AAGTGAGTCGGGTTTA-1_V12D07-075_C1,3
AAGTGCAAAGGTAGAC-1_V12D07-075_C1,8
AAGTGCCTTGACTGTA-1_V12D07-075_C1,2
AAGTGTTTGGAGACGG-1_V12D07-075_C1,3
AAGTTCACTCCAAGCT-1_V12D07-075_C1,3
AAGTTCAGTCTGCGTA-1_V12D07-075_C1,1
AAGTTCGGCCAACAGG-1_V12D07-075_C1,7
AAGTTGTGATGTTATA-1_V12D07-075_C1,4
AAGTTTACTAATGGCA-1_V12D07-075_C1,5
AAGTTTATGGGCCCAA-1_V12D07-075_C1,2
AATAACAACGCTCGGC-1_V12D07-075_C1,8
AATAACACTAGAACAA-1_V12D07-075_C1,7
AATAAGTCCTCGAGAC-1_V12D07-075_C1,5
AATAATCTTCGTATCG-1_V12D07-075_C1,6
AATACAATGTTTCAGG-1_V12D07-075_C1,8
AATAGAACAGAGTGGC-1_V12D07-075_C1,7
AATAGAATCTGTTTCA-1_V12D07-075_C1,3
AATAGCAAGCCTCCTG-1_V12D07-075_C1,1
AATAGCTACCGCGTGC-1_V12D07-075_C1,1
AATAGTCCGTCCCGAC-1_V12D07-075_C1,3
AATAGTCGCGAGTCGG-1_V12D07-075_C1,8
AATATCAAGGTCGGAT-1_V12D07-075_C1,5
AATATCGAATCAATGC-1_V12D07-075_C1,7
AATATCGAGGGTTCTC-1_V12D07-075_C1,7
AATATTGGAGTATTGA-1_V12D07-075_C1,8
AATCAGACTGCAGGAC-1_V12D07-075_C1,8
AATCATGTAAAGACTC-1_V12D07-075_C1,2
AATCCAAGGGCCTGAG-1_V12D07-075_C1,5
AATCCATGCAAGGGTG-1_V12D07-075_C1,5
AATCGCCTCAGCGCCA-1_V12D07-075_C1,3
AATCGCGCAGAGGACT-1_V12D07-075_C1,1
AATCGGGACACTACGA-1_V12D07-075_C1,5
AATCGGTATAGCCCTC-1_V12D07-075_C1,7
AATCGTGAGCCGAGCA-1_V12D07-075_C1,2
AATCTATGCCGGAGCC-1_V12D07-075_C1,1
AATCTCTACTGTGGTT-1_V12D07-075_C1,7
AATCTGCGTTGGGACG-1_V12D07-075_C1,7
AATGACAGCAATGTCT-1_V12D07-075_C1,7
AATGACGTAGGATGTC-1_V12D07-075_C1,3
AATGACTGTCAGCCGG-1_V12D07-075_C1,8
AATGAGTTCGCATATG-1_V12D07-075_C1,8
AATGATGATACGCTAT-1_V12D07-075_C1,6
AATGATGCGACTCCTG-1_V12D07-075_C1,6
AATGCAACCGGGTACC-1_V12D07-075_C1,8
AATGCACCAAGCAATG-1_V12D07-075_C1,6
AATGGTCCACCGTTCA-1_V12D07-075_C1,8
AATGGTTCTCACAAGC-1_V12D07-075_C1,8
AATGTTGTCGTGAGAC-1_V12D07-075_C1,2
AATTAAAGGTCGGCGT-1_V12D07-075_C1,8
AATTAACGGATTTCCA-1_V12D07-075_C1,3
AATTACTCGTACGCTC-1_V12D07-075_C1,8
AATTAGCGCTGCAGCG-1_V12D07-075_C1,3
AATTCATAAGGGATCT-1_V12D07-075_C1,6
AATTCCAAGCATGTAC-1_V12D07-075_C1,2
AATTCGATTCGAGGAT-1_V12D07-075_C1,2
AATTCTAGAGTTAGGC-1_V12D07-075_C1,3
AATTGAACGCTCTGGT-1_V12D07-075_C1,3
AATTGCAGCAATCGAC-1_V12D07-075_C1,2
AATTGTGGTTGCCAAA-1_V12D07-075_C1,2
AATTTGGGACATAGTA-1_V12D07-075_C1,1
AATTTGGTTCCAAAGA-1_V12D07-075_C1,5
ACAAAGCATGACCTAG-1_V12D07-075_C1,2
ACAAATCGCACCGAAT-1_V12D07-075_C1,3
ACAAATGGTAGTGTTT-1_V12D07-075_C1,3
ACAAATTCAGATCTGA-1_V12D07-075_C1,1
ACAACAGCATGAGCTA-1_V12D07-075_C1,2
ACAACGGTCCCTGCGA-1_V12D07-075_C1,8
ACAAGCAGTGCCTAGC-1_V12D07-075_C1,8
ACAAGCTATATGGAAG-1_V12D07-075_C1,8
ACAAGGAAATCCGCCC-1_V12D07-075_C1,3
ACAAGGACAAGAGGTT-1_V12D07-075_C1,8
ACAAGGATGCTTTAGG-1_V12D07-075_C1,2
ACAAGGGCAGGCTCTG-1_V12D07-075_C1,3
ACAATCCATTTAAACC-1_V12D07-075_C1,8
ACAATGATTCTTCTAC-1_V12D07-075_C1,1
ACAATTGTGTCTCTTT-1_V12D07-075_C1,2
ACAATTTAGGAGGCTC-1_V12D07-075_C1,8
ACAATTTGAGCAGTGG-1_V12D07-075_C1,7
ACAATTTGGCCATATT-1_V12D07-075_C1,1
ACACAAAGACGGGTGG-1_V12D07-075_C1,8
ACACACCAGGACCAGT-1_V12D07-075_C1,2
ACACACTTTCTACACG-1_V12D07-075_C1,5
ACACATTGACGCAACA-1_V12D07-075_C1,8
ACACCACATAATTAGC-1_V12D07-075_C1,1
ACACCCAGCATGCAGC-1_V12D07-075_C1,6
ACACCCGAGAAATCCG-1_V12D07-075_C1,8
ACACCGAGCGCTCTTT-1_V12D07-075_C1,8
ACACCTTAAGTAGGGC-1_V12D07-075_C1,8
ACACCTTACTACTTGC-1_V12D07-075_C1,1
ACACGAGACTCCTTCT-1_V12D07-075_C1,2
ACACGGCACTATGCAT-1_V12D07-075_C1,5
ACACGGGAACTTAGGG-1_V12D07-075_C1,2
ACACGTAGGCCACAAG-1_V12D07-075_C1,2
ACACTCCAATGTCACT-1_V12D07-075_C1,8
ACACTGATCAAGGTGT-1_V12D07-075_C1,7
ACACTGGGACAGTCGT-1_V12D07-075_C1,2
ACAGATTAGGTTAGTG-1_V12D07-075_C1,5
ACAGCATAGAGCCAGT-1_V12D07-075_C1,5
ACAGCGACATTCTCAT-1_V12D07-075_C1,2
ACAGCGCACCCGCAGC-1_V12D07-075_C1,1
ACAGGCACGGATCCTT-1_V12D07-075_C1,2
ACAGGCTTGCCCGACT-1_V12D07-075_C1,3
ACAGGTGGAGGTGAGG-1_V12D07-075_C1,7
ACAGGTGTGTTGTTGC-1_V12D07-075_C1,8
ACAGTATACCGTGGGA-1_V12D07-075_C1,1
ACATAATAAGGCGGTG-1_V12D07-075_C1,6
ACATCAGCTGGGACGC-1_V12D07-075_C1,8
ACATCCCGGCCATACG-1_V12D07-075_C1,3
ACATCCTGGTAACTGT-1_V12D07-075_C1,2
ACATCGATCGTTTACC-1_V12D07-075_C1,3
ACATCGGTCAGCCGCG-1_V12D07-075_C1,8
ACATCGTATGCAATGG-1_V12D07-075_C1,3
ACATCGTTAACCTAGT-1_V12D07-075_C1,5
ACATGGCGCCAAAGTA-1_V12D07-075_C1,7
ACATGGCTCAATTTAG-1_V12D07-075_C1,8
ACATTAGTTTATATCC-1_V12D07-075_C1,3
ACCAAACACCCAGCGA-1_V12D07-075_C1,1
ACCAACACCACACACT-1_V12D07-075_C1,1
ACCAACCGCACTCCAC-1_V12D07-075_C1,2
ACCAACGCTTATTTAT-1_V12D07-075_C1,7
ACCAAGAACGCGTGTC-1_V12D07-075_C1,4
ACCAAGTCATCGGCAG-1_V12D07-075_C1,2
ACCAATATGCAAGTTA-1_V12D07-075_C1,3
ACCACAACTCAGAACA-1_V12D07-075_C1,1
ACCACAAGTTTCTATC-1_V12D07-075_C1,8
ACCACCAATGTAACAA-1_V12D07-075_C1,7
ACCACCCTCTCTTCTA-1_V12D07-075_C1,1
ACCACGTGCAGCTATA-1_V12D07-075_C1,3
ACCACTGTTCAAGAAG-1_V12D07-075_C1,8
ACCAGACCATAACAAC-1_V12D07-075_C1,8
ACCAGCCCGGTCTTTG-1_V12D07-075_C1,5
ACCAGTGCCCGGTCAA-1_V12D07-075_C1,1
ACCAGTGCGGGAGACG-1_V12D07-075_C1,2
ACCATATCCGCAATAA-1_V12D07-075_C1,3
ACCATCGTATATGGTA-1_V12D07-075_C1,8
ACCATTAAGGGTGTCA-1_V12D07-075_C1,8
ACCCAACGCCCGTGGC-1_V12D07-075_C1,7
ACCCACCTACATGCTC-1_V12D07-075_C1,8
ACCCATCTTGAGGGTA-1_V12D07-075_C1,8
ACCCATTTGTCCCTCT-1_V12D07-075_C1,2
ACCCGGAAACTCCCAG-1_V12D07-075_C1,3
ACCCGGAGCACCACAA-1_V12D07-075_C1,2
ACCCGGATGACGCATC-1_V12D07-075_C1,2
ACCCGGTTACACTTCC-1_V12D07-075_C1,3
ACCCGTAGTCTAGTTG-1_V12D07-075_C1,2
ACCCGTGTCATCAGTA-1_V12D07-075_C1,3
ACCCTATAGGACTGAG-1_V12D07-075_C1,8
ACCCTATGCCATATCG-1_V12D07-075_C1,7
ACCCTCCCGTCAGGGC-1_V12D07-075_C1,2
ACCCTCCCTTGCTATT-1_V12D07-075_C1,3
ACCCTGGTAACGCCCT-1_V12D07-075_C1,1
ACCCTTCATCTGCGAA-1_V12D07-075_C1,5
ACCCTTTAGTTCTCCA-1_V12D07-075_C1,3
ACCGAAAGGGCCCTGC-1_V12D07-075_C1,5
ACCGACACATCTCCCA-1_V12D07-075_C1,3
ACCGACTGAGTCCCAC-1_V12D07-075_C1,3
ACCGATAGGCATAACC-1_V12D07-075_C1,2
ACCGATATTTAATCAT-1_V12D07-075_C1,6
ACCGATGGTAGCATCG-1_V12D07-075_C1,7
ACCGCAATAACTGCCT-1_V12D07-075_C1,3
ACCGCGGTGGAAGTCG-1_V12D07-075_C1,7
ACCGGGCCTTTGTTGA-1_V12D07-075_C1,2
ACCGTTCCCGCTCTGA-1_V12D07-075_C1,5
ACCTAATCGACTTCCT-1_V12D07-075_C1,8
ACCTACAGTATGTGGT-1_V12D07-075_C1,1
ACCTACTATAAATCTA-1_V12D07-075_C1,3
ACCTCCGCCCTCGCTG-1_V12D07-075_C1,2
ACCTCCGTTATTCACC-1_V12D07-075_C1,1
ACGAAATGGGCGGCAC-1_V12D07-075_C1,8
ACGACCCATGAGTTGC-1_V12D07-075_C1,2
ACGACTCTAGGGCCGA-1_V12D07-075_C1,2
ACGAGAACCCATCACG-1_V12D07-075_C1,5
ACGAGATATTTGCTTA-1_V12D07-075_C1,1
ACGAGTACGGATGCCC-1_V12D07-075_C1,7
ACGATACATAGAACTA-1_V12D07-075_C1,6
ACGATACCTATCCTGA-1_V12D07-075_C1,8
ACGATCATACATAGAG-1_V12D07-075_C1,3
ACGATCATCTTGTAAA-1_V12D07-075_C1,7
ACGATGCATATGTTAT-1_V12D07-075_C1,8
ACGATGGATCCGATGC-1_V12D07-075_C1,5
ACGCAAACTAATAGAT-1_V12D07-075_C1,3
ACGCAATCACTACAGC-1_V12D07-075_C1,1
ACGCATAAATGACATG-1_V12D07-075_C1,1
ACGCATACGTTTACTA-1_V12D07-075_C1,2
ACGCATTCGTGAGTAC-1_V12D07-075_C1,3
ACGCCAGATGATTTCT-1_V12D07-075_C1,5
ACGCCAGTGCGTTTGC-1_V12D07-075_C1,7
ACGCCGCTAGACGACC-1_V12D07-075_C1,3
ACGCGAAGTCAGACGA-1_V12D07-075_C1,3
ACGCGCTACACAGGGT-1_V12D07-075_C1,7
ACGCGGGCCAAGGACA-1_V12D07-075_C1,3
ACGCGTTTCTTAAGAG-1_V12D07-075_C1,8
ACGCTAGTGATACACT-1_V12D07-075_C1,7
ACGCTGTGAGGCGTAG-1_V12D07-075_C1,7
ACGGAATTTAGCAAAT-1_V12D07-075_C1,8
ACGGACTCTCAAAGCG-1_V12D07-075_C1,2
ACGGAGCGCAAATTAC-1_V12D07-075_C1,1
ACGGATGGTGCGGATA-1_V12D07-075_C1,3
ACGGCACTTGCTTGGG-1_V12D07-075_C1,3
ACGGCCAACATGGACT-1_V12D07-075_C1,7
ACGGCGACGATGGGAA-1_V12D07-075_C1,3
ACGGCGGGTTGCCCTG-1_V12D07-075_C1,5
ACGGGCGTATGCGACA-1_V12D07-075_C1,1
ACGGGTCATGTGACTT-1_V12D07-075_C1,8
ACGGTACAGTTCAATG-1_V12D07-075_C1,2
ACGTACAGATTTCTCT-1_V12D07-075_C1,5
ACGTAGATTGCTGATG-1_V12D07-075_C1,2
ACGTAGGAGAGTCGCT-1_V12D07-075_C1,7
ACGTATTACTCCGATC-1_V12D07-075_C1,2
ACGTGCGCCTCGTGCA-1_V12D07-075_C1,5
ACGTTAATGTCGAAGA-1_V12D07-075_C1,3
ACGTTAGATTTGCCCG-1_V12D07-075_C1,8
ACGTTATTGGTCACTC-1_V12D07-075_C1,8
ACGTTCCGCGCTCCGT-1_V12D07-075_C1,5
ACGTTCGCAATCAATT-1_V12D07-075_C1,1
ACGTTCGTTCAGGAAA-1_V12D07-075_C1,7
ACGTTCTGTACAAGTC-1_V12D07-075_C1,2
ACGTTTAGTTGTGATC-1_V12D07-075_C1,5
ACTAATACGTCAGGCG-1_V12D07-075_C1,1
ACTACCAGCTCTCTGG-1_V12D07-075_C1,8
ACTACGCGTTAGAATT-1_V12D07-075_C1,3
ACTAGTTGCGATCGTC-1_V12D07-075_C1,2
ACTATATGCTGTGTTC-1_V12D07-075_C1,1
ACTATCCAGGGCATGG-1_V12D07-075_C1,4
ACTATCGCCGGCTAAA-1_V12D07-075_C1,8
ACTATCTGCCCGCGTA-1_V12D07-075_C1,2
ACTATTCGTCCGTGGT-1_V12D07-075_C1,5
ACTATTTCCGGGCCCA-1_V12D07-075_C1,7
ACTCAACGAATGTATT-1_V12D07-075_C1,5
ACTCAAGTGCAAGGCT-1_V12D07-075_C1,3
ACTCAATAAAGGCACG-1_V12D07-075_C1,3
ACTCAGACCTGCTTCT-1_V12D07-075_C1,5
ACTCCCGAATTCGTTT-1_V12D07-075_C1,6
ACTCCCTAATGCTAAA-1_V12D07-075_C1,3
ACTCCCTAGAATAGTA-1_V12D07-075_C1,3
ACTCCGGCCGACCACT-1_V12D07-075_C1,2
ACTCGATGTATTTCAT-1_V12D07-075_C1,8
ACTCGCCGTTCGATAA-1_V12D07-075_C1,2
ACTCGCGATCTGACGC-1_V12D07-075_C1,1
ACTCGTCAGTAATCCC-1_V12D07-075_C1,2
ACTCTAAACCTGGGAT-1_V12D07-075_C1,8
ACTCTCTGACTTAGGT-1_V12D07-075_C1,3
ACTCTCTTATACACGA-1_V12D07-075_C1,1
ACTCTGACCTAATAGA-1_V12D07-075_C1,2
ACTCTTCAGCTCCCGC-1_V12D07-075_C1,1
ACTCTTGTATAGTAAC-1_V12D07-075_C1,3
ACTGAAACGCCGTTAG-1_V12D07-075_C1,2
ACTGAATGGCGAAAGT-1_V12D07-075_C1,3
ACTGCCGTCGTAACTC-1_V12D07-075_C1,5
ACTGCGGACACACCGT-1_V12D07-075_C1,1
ACTGTACGATACACAT-1_V12D07-075_C1,3
ACTGTAGCACTTTGGA-1_V12D07-075_C1,8
ACTGTATACGCGAGCA-1_V12D07-075_C1,5
ACTGTCCAGGATTATA-1_V12D07-075_C1,3
ACTGTCTTCTTTAGAA-1_V12D07-075_C1,3
ACTGTGCTAGTAGATC-1_V12D07-075_C1,8
ACTTACCGGGCGCGCA-1_V12D07-075_C1,1
ACTTACGCATCCACGC-1_V12D07-075_C1,3
ACTTAGTACGACAAGA-1_V12D07-075_C1,8
ACTTATACTTACCCGG-1_V12D07-075_C1,2
ACTTATTAGGATCGGT-1_V12D07-075_C1,3
ACTTATTTATGTGCCA-1_V12D07-075_C1,2
ACTTCAGGCTGATCCC-1_V12D07-075_C1,3
ACTTCCATGCGGGACA-1_V12D07-075_C1,2
ACTTCGCCATACGCAC-1_V12D07-075_C1,3
ACTTCGCTAGCGAGTG-1_V12D07-075_C1,1
ACTTGACTCCCTCTTT-1_V12D07-075_C1,3
ACTTGGGACCCGGTGG-1_V12D07-075_C1,8
ACTTGTGGATGGAACG-1_V12D07-075_C1,2
ACTTTACCCTCATGAA-1_V12D07-075_C1,6
ACTTTCCTATAGCTTC-1_V12D07-075_C1,3
ACTTTGACTGCATCCT-1_V12D07-075_C1,7
ACTTTGTCGACGCACT-1_V12D07-075_C1,2
AGAAATTATGACTCGC-1_V12D07-075_C1,2
AGAACCCAGCGTGACA-1_V12D07-075_C1,1
AGAACGTGGTACATTC-1_V12D07-075_C1,7
AGAAGAGCGCCGTTCC-1_V12D07-075_C1,2
AGAAGGTTGCCGAATT-1_V12D07-075_C1,3
AGAAGGTTGTAGGTCG-1_V12D07-075_C1,2
AGAATAAATCTTCAGG-1_V12D07-075_C1,8
AGAATGCGGGTTCGGA-1_V12D07-075_C1,1
AGAATTATGGATTCGA-1_V12D07-075_C1,7
AGAATTGTTTGACATA-1_V12D07-075_C1,4
AGACAGCTCAGAATCC-1_V12D07-075_C1,8
AGACAGGCATCTCAGC-1_V12D07-075_C1,6
AGACATAGATCCTTCC-1_V12D07-075_C1,5
AGACCATGGGATACAA-1_V12D07-075_C1,8
AGACCCACCGCTGATC-1_V12D07-075_C1,3
AGACCCGCCCTCCTCG-1_V12D07-075_C1,8
AGACCGCTCCGCGGTT-1_V12D07-075_C1,2
AGACGAAGTGCCGGTC-1_V12D07-075_C1,2
AGACGCCCACTTCGCC-1_V12D07-075_C1,2
AGACGGGCCGATTTAA-1_V12D07-075_C1,1
AGACTAGCCTTCCAGA-1_V12D07-075_C1,8
AGACTGTTACCGGGTC-1_V12D07-075_C1,7
AGAGAACCGTCTAGGA-1_V12D07-075_C1,6
AGAGCAGTTATGAGAC-1_V12D07-075_C1,8
AGAGCCGCCGAGATTT-1_V12D07-075_C1,2
AGAGCGGGCTAATCAT-1_V12D07-075_C1,5
AGAGCGTACAAGCTCG-1_V12D07-075_C1,8
AGAGCTACGAAAGCAT-1_V12D07-075_C1,8
AGAGGCTTCGGAAACC-1_V12D07-075_C1,2
AGAGGGACAATTGTCC-1_V12D07-075_C1,1
AGAGTAAACTTCACTA-1_V12D07-075_C1,2
AGAGTATAGTGTTACG-1_V12D07-075_C1,1
AGAGTTAGAGACCGAT-1_V12D07-075_C1,1
AGATAACTTCAGGGCC-1_V12D07-075_C1,8
AGATACCAATAGAACC-1_V12D07-075_C1,2
AGATACCAGCACTTCA-1_V12D07-075_C1,1
AGATACCGGTGTTCAC-1_V12D07-075_C1,8
AGATACGACTTCATAT-1_V12D07-075_C1,8
AGATACTCAAGATCGA-1_V12D07-075_C1,3
AGATATAATACGACTA-1_V12D07-075_C1,2
AGATCGTGCATAAGAT-1_V12D07-075_C1,6
AGATCTCAGGTGTGAT-1_V12D07-075_C1,2
AGATGACTCGCCCACG-1_V12D07-075_C1,6
AGATGAGGGTTGCGAT-1_V12D07-075_C1,1
AGATGATGGAGTCTGG-1_V12D07-075_C1,6
AGATGCTATAACGAGC-1_V12D07-075_C1,8
AGATTATAGGACGTTT-1_V12D07-075_C1,3
AGCAAAGGCCGCTAGT-1_V12D07-075_C1,3
AGCAACATATCTTATT-1_V12D07-075_C1,2
AGCACCAGTACTCACG-1_V12D07-075_C1,3
AGCACTACCGGCCTGT-1_V12D07-075_C1,8
AGCACTACCTCACCAG-1_V12D07-075_C1,3
AGCACTTAAGGACGCC-1_V12D07-075_C1,8
AGCAGAAGGAGAAAGA-1_V12D07-075_C1,2
AGCAGCCAGATGAATA-1_V12D07-075_C1,3
AGCATATCAATATGCT-1_V12D07-075_C1,2
AGCATCGTCGATAATT-1_V12D07-075_C1,6
AGCATTACGAGGCAAG-1_V12D07-075_C1,2
AGCCAAGCTTTGTGTC-1_V12D07-075_C1,3
AGCCACAGGTTACCCG-1_V12D07-075_C1,2
AGCCACTCCCGTGCTT-1_V12D07-075_C1,6
AGCCATATAGTATGTG-1_V12D07-075_C1,7
AGCCCATACATGTAAG-1_V12D07-075_C1,7
AGCCCGCAACAAGCAG-1_V12D07-075_C1,3
AGCCCGGTAGCCTGTA-1_V12D07-075_C1,7
AGCCCTAAGCGAAGTT-1_V12D07-075_C1,5
AGCCCTGTCGCACCGT-1_V12D07-075_C1,1
AGCCCTTCTAATCCGA-1_V12D07-075_C1,1
AGCCCTTGGACATCCC-1_V12D07-075_C1,2
AGCCGCAAATTCAAAT-1_V12D07-075_C1,8
AGCCGCTTGATTAGCG-1_V12D07-075_C1,8
AGCCTTAAAGCGGAAG-1_V12D07-075_C1,4
AGCGACAGGAACGGTC-1_V12D07-075_C1,7
AGCGACATCCCATTCA-1_V12D07-075_C1,5
AGCGACCAACGATATT-1_V12D07-075_C1,8
AGCGATGCGCCTAATA-1_V12D07-075_C1,2
AGCGCATAATGAATCG-1_V12D07-075_C1,3
AGCGCGGGTGCCAATG-1_V12D07-075_C1,6
AGCGCTAGAGCGATGT-1_V12D07-075_C1,1
AGCGCTTATGGGCAAG-1_V12D07-075_C1,1
AGCGGACACTTCGTAG-1_V12D07-075_C1,3
AGCGGGAAGGGTCCAT-1_V12D07-075_C1,5
AGCGGGTCTGACACTC-1_V12D07-075_C1,2
AGCGGTTGCCGCTCTG-1_V12D07-075_C1,1
AGCGTACGAGAGCTAG-1_V12D07-075_C1,5
AGCGTCTGAACCCGCA-1_V12D07-075_C1,5
AGCGTGGTATTCTACT-1_V12D07-075_C1,3
AGCTAAGTACGCAGGC-1_V12D07-075_C1,2
AGCTAGAAGCAGAAGT-1_V12D07-075_C1,6
AGCTATTTAATCCAAC-1_V12D07-075_C1,5
AGCTCCATATATGTTC-1_V12D07-075_C1,2
AGCTCCTTCGCACATC-1_V12D07-075_C1,3
AGCTCTAGACGTTCCA-1_V12D07-075_C1,7
AGCTCTTCCCAGTGCA-1_V12D07-075_C1,6
AGCTCTTCGTAACCTT-1_V12D07-075_C1,7
AGCTCTTTACTCAGTT-1_V12D07-075_C1,8
AGCTGAAGTAAACCAA-1_V12D07-075_C1,6
AGCTTATAGAGACCTG-1_V12D07-075_C1,5
AGCTTCTTCTCGAGCA-1_V12D07-075_C1,2
AGCTTGATCTTAACTT-1_V12D07-075_C1,7
AGGAACGAACGACTTC-1_V12D07-075_C1,2
AGGAAGCTGTCCGCCG-1_V12D07-075_C1,3
AGGACAGTCGAATCCC-1_V12D07-075_C1,3
AGGACATCGCACGTCG-1_V12D07-075_C1,4
AGGACATCGGCACACT-1_V12D07-075_C1,2
AGGACGACCCATTAGA-1_V12D07-075_C1,3
AGGACGCTCGATGTTG-1_V12D07-075_C1,1
AGGACTTATAGGAGAA-1_V12D07-075_C1,8
AGGAGACATCCACAGT-1_V12D07-075_C1,1
AGGAGGCCTTCGCGCG-1_V12D07-075_C1,2
AGGATAAAGTCGGGAT-1_V12D07-075_C1,3
AGGATATAGGGATTTA-1_V12D07-075_C1,2
AGGATATCCGACTGCA-1_V12D07-075_C1,7
AGGATTGCTTACGACA-1_V12D07-075_C1,1
AGGCACGTGACTGTCC-1_V12D07-075_C1,2
AGGCAGATGCGTAAAC-1_V12D07-075_C1,6
AGGCAGGGAGCGTACT-1_V12D07-075_C1,7
AGGCATTGTCGTAGGG-1_V12D07-075_C1,2
AGGCCACATTGGTTAC-1_V12D07-075_C1,1
AGGCCACCCGTTATGA-1_V12D07-075_C1,8
AGGCCCAGTGACTGGT-1_V12D07-075_C1,8
AGGCCCATTGTACAGG-1_V12D07-075_C1,4
AGGCCTGAGAATCTCG-1_V12D07-075_C1,2
AGGCGATAACTGGCGT-1_V12D07-075_C1,2
AGGCGTCTATGGACGG-1_V12D07-075_C1,1
AGGCTATGGTTAGCTT-1_V12D07-075_C1,8
AGGCTTCCCGAAGAAG-1_V12D07-075_C1,7
AGGCTTGCTAGACACC-1_V12D07-075_C1,4
AGGGAAACGAGGTACT-1_V12D07-075_C1,1
AGGGACCGGCTGCGTT-1_V12D07-075_C1,1
AGGGACTCTACGCGAC-1_V12D07-075_C1,3
AGGGAGACATACTTCG-1_V12D07-075_C1,1
AGGGCAGCGGCGTGGT-1_V12D07-075_C1,5
AGGGCCCTAATGTTCT-1_V12D07-075_C1,2
AGGGCGTGATCGGCTA-1_V12D07-075_C1,5
AGGGCTGCAGTTACAG-1_V12D07-075_C1,3
AGGGTCAGTAACCCTA-1_V12D07-075_C1,1
AGGGTCGATGCGAACT-1_V12D07-075_C1,7
AGGGTCTGGACGCAGT-1_V12D07-075_C1,7
AGGGTGCTCTCGAGGG-1_V12D07-075_C1,7
AGGGTGGATAGTGCAT-1_V12D07-075_C1,8
AGGGTTCCCTTTGGTT-1_V12D07-075_C1,7
AGGGTTTAGTTCGGGA-1_V12D07-075_C1,3
AGGTAACCTCCTATTC-1_V12D07-075_C1,5
AGGTACGATATTGCCA-1_V12D07-075_C1,5
AGGTAGGTACAAAGCT-1_V12D07-075_C1,8
AGGTATAATTGATAGT-1_V12D07-075_C1,6
AGGTATGCGGACATTA-1_V12D07-075_C1,1
AGGTCGCCTCCCAACA-1_V12D07-075_C1,2
AGGTCGCGGAGTTACT-1_V12D07-075_C1,1
AGGTGCACGTCCACAT-1_V12D07-075_C1,2
AGGTGGTGACCTTCGC-1_V12D07-075_C1,3
AGGTGTATCGCCATGA-1_V12D07-075_C1,7
AGGTGTTGCCGACCAC-1_V12D07-075_C1,2
AGGTTACACCATGCCG-1_V12D07-075_C1,1
AGGTTGAGGCACGCTT-1_V12D07-075_C1,6
AGGTTTCACACACCTT-1_V12D07-075_C1,3
AGTAACGTTCATCCTG-1_V12D07-075_C1,1
AGTAACTATAGCAGCC-1_V12D07-075_C1,7
AGTAATGTCTTGCCGC-1_V12D07-075_C1,5
AGTACATCATTTATCA-1_V12D07-075_C1,1
AGTACCTTCGAGTGCT-1_V12D07-075_C1,1
AGTACGGCCCGTATCG-1_V12D07-075_C1,8
AGTACGGGCACCTGGC-1_V12D07-075_C1,6
AGTACGTGGCCTGTCT-1_V12D07-075_C1,1
AGTACTCTTATGCCCA-1_V12D07-075_C1,3
AGTAGAAGGCGCCTCA-1_V12D07-075_C1,2
AGTAGGAAGGAAGTTG-1_V12D07-075_C1,1
AGTAGGTAACATACAT-1_V12D07-075_C1,5
AGTATAATACTAGGCA-1_V12D07-075_C1,8
AGTATACACAGCGACA-1_V12D07-075_C1,3
AGTATTTGGCACGACC-1_V12D07-075_C1,7
AGTCAACACCACCATC-1_V12D07-075_C1,8
AGTCAAGATGACACTT-1_V12D07-075_C1,2
AGTCACTAGCTCTCGA-1_V12D07-075_C1,2
AGTCAGCCACCGCCTG-1_V12D07-075_C1,8
AGTCCATTGGCTGATG-1_V12D07-075_C1,2
AGTCCCGCCTTTAATT-1_V12D07-075_C1,6
AGTCCCTCGCAGAAAG-1_V12D07-075_C1,1
AGTCGACGGTCTCAAG-1_V12D07-075_C1,2
AGTCGGCCCAAACGAC-1_V12D07-075_C1,8
AGTCGGTTGCGTGAGA-1_V12D07-075_C1,1
AGTCGTATAAAGCAGA-1_V12D07-075_C1,2
AGTCGTCGACCACCAA-1_V12D07-075_C1,2
AGTCTAAAGTATACTC-1_V12D07-075_C1,1
AGTCTGGACATCCTTG-1_V12D07-075_C1,8
AGTCTTCTCCTCAAAT-1_V12D07-075_C1,3
AGTCTTTAAAGTGTCC-1_V12D07-075_C1,2
AGTGAACAAACTTCTC-1_V12D07-075_C1,2
AGTGAAGATGGTGTCC-1_V12D07-075_C1,1
AGTGACCTACTTTACG-1_V12D07-075_C1,3
AGTGAGACTTCCAGTA-1_V12D07-075_C1,2
AGTGAGCCTCGCCGCC-1_V12D07-075_C1,7
AGTGAGGGTTTCTGAC-1_V12D07-075_C1,1
AGTGAGTCGAATTAAC-1_V12D07-075_C1,2
AGTGATAACCTGCGCG-1_V12D07-075_C1,2
AGTGATATGAGTAGTT-1_V12D07-075_C1,3
AGTGATTCAAGCAGGA-1_V12D07-075_C1,7
AGTGCACGCTTAAGAA-1_V12D07-075_C1,2
AGTGCGTAGCTCGTAA-1_V12D07-075_C1,7
AGTGCTAAACACAGCA-1_V12D07-075_C1,2
AGTGCTTGCACGAATA-1_V12D07-075_C1,2
AGTGGCGGCAATTTGA-1_V12D07-075_C1,6
AGTGGCGTCTGAAGGT-1_V12D07-075_C1,2
AGTGGCTCCGTCGGCC-1_V12D07-075_C1,7
AGTGGGAGTATACACG-1_V12D07-075_C1,8
AGTGGTTGCGTATAGG-1_V12D07-075_C1,8
AGTGTATTGCGCATTG-1_V12D07-075_C1,7
AGTGTGCTAAGATCGC-1_V12D07-075_C1,8
AGTGTGGTCTATTGTG-1_V12D07-075_C1,8
AGTTAAACACTTGCGA-1_V12D07-075_C1,8
AGTTAAGCGGTCCCGG-1_V12D07-075_C1,6
AGTTACCCTTAAGACT-1_V12D07-075_C1,8
AGTTACCGCACATGGT-1_V12D07-075_C1,8
AGTTACTCTATCGTGG-1_V12D07-075_C1,6
AGTTCACCGGTTGGAC-1_V12D07-075_C1,8
AGTTCCTACAGAATTA-1_V12D07-075_C1,8
AGTTCCTATTTATGTT-1_V12D07-075_C1,3
AGTTCTGCGTTGTATC-1_V12D07-075_C1,8
AGTTGACATCGGCTGG-1_V12D07-075_C1,5
AGTTGACGGTCCTTGC-1_V12D07-075_C1,2
AGTTGCTGACTGATAT-1_V12D07-075_C1,8
AGTTGGCAAGGCTAGA-1_V12D07-075_C1,2
AGTTTATGTAAAGACA-1_V12D07-075_C1,1
AGTTTCGCAGGTCGGA-1_V12D07-075_C1,5
AGTTTGCACCTGCCTC-1_V12D07-075_C1,3
AGTTTGGCACGGGTTG-1_V12D07-075_C1,2
AGTTTGGCCAGACCTA-1_V12D07-075_C1,7
ATAAACGGACCCGTAA-1_V12D07-075_C1,3
ATAAACGTTGCACCAC-1_V12D07-075_C1,2
ATAAAGGCTCGGTCGT-1_V12D07-075_C1,8
ATAAAGGTCAAGTACG-1_V12D07-075_C1,1
ATAAATATTAGCAGCT-1_V12D07-075_C1,8
ATAACGCCGGAGGGTC-1_V12D07-075_C1,2
ATAACGGAGTCCAACG-1_V12D07-075_C1,7
ATAACGTTACCTCCAC-1_V12D07-075_C1,1
ATAAGGTGGAGAACAT-1_V12D07-075_C1,3
ATAAGTACCCGATTGT-1_V12D07-075_C1,1
ATAAGTAGGATTCAGA-1_V12D07-075_C1,7
ATAAGTAGGGCGACTC-1_V12D07-075_C1,6
ATAAGTTACCGCGACG-1_V12D07-075_C1,3
ATAATACCGTTAGCCG-1_V12D07-075_C1,8
ATAATAGCTGTTGAAT-1_V12D07-075_C1,3
ATAATAGTGTAGGGAC-1_V12D07-075_C1,8
ATAATCTTGGAGAACC-1_V12D07-075_C1,2
ATAATTAGCTAAGTAG-1_V12D07-075_C1,2
ATACAGGCCCTCCAAT-1_V12D07-075_C1,3
ATACCACGGGCAACTT-1_V12D07-075_C1,8
ATACCAGGCTAATAGA-1_V12D07-075_C1,5
ATACCGTCATCCATAA-1_V12D07-075_C1,1
ATACCTAACCAAGAAA-1_V12D07-075_C1,3
ATACGAAGGCTTTCCA-1_V12D07-075_C1,1
ATACGCCGGCGAAACC-1_V12D07-075_C1,3
ATACGGGTTTCGATTG-1_V12D07-075_C1,6
ATACGGTGAAGATGCA-1_V12D07-075_C1,8
ATACGTACTTAGCCAC-1_V12D07-075_C1,3
ATACGTCCACTCCTGT-1_V12D07-075_C1,2
ATACGTTATGCACGGA-1_V12D07-075_C1,3
ATACTACCCGTACCAC-1_V12D07-075_C1,2
ATACTAGCATGACCCT-1_V12D07-075_C1,6
ATACTCTCGCCACTCT-1_V12D07-075_C1,5
ATACTGCCTTACACCG-1_V12D07-075_C1,3
ATACTTGTTCTCGAGC-1_V12D07-075_C1,8
ATAGACAACGGGACCT-1_V12D07-075_C1,7
ATAGACGAAGAGAAAG-1_V12D07-075_C1,8
ATAGAGTACTGGGACA-1_V12D07-075_C1,8
ATAGAGTTATCAACTT-1_V12D07-075_C1,6
ATAGCAACTAGGGAAG-1_V12D07-075_C1,2
ATAGCCTCAGTACCCA-1_V12D07-075_C1,8
ATAGCTGCTCTTGTTA-1_V12D07-075_C1,8
ATAGGAATCTAAGCTT-1_V12D07-075_C1,1
ATAGGCGGCTATAGAA-1_V12D07-075_C1,7
ATAGGCTAGCTTCGCA-1_V12D07-075_C1,6
ATAGGGATATCCTTGA-1_V12D07-075_C1,3
ATAGGTTGGGCAGATG-1_V12D07-075_C1,3
ATAGTCTTTGACGTGC-1_V12D07-075_C1,5
ATAGTGAAGCGTTCTC-1_V12D07-075_C1,3
ATAGTTCCACCCACTC-1_V12D07-075_C1,7
ATATAAAGCGCTCGTG-1_V12D07-075_C1,3
ATATAAATGTAGCTGC-1_V12D07-075_C1,3
ATATAACACGGGCGCA-1_V12D07-075_C1,2
ATATACGCTCGTGACG-1_V12D07-075_C1,2
ATATCAACCTACAGAG-1_V12D07-075_C1,6
ATATCGGTAGGGAGAT-1_V12D07-075_C1,6
ATATCGTTCCTCGAAC-1_V12D07-075_C1,2
ATATCTCCCTCGTTAA-1_V12D07-075_C1,6
ATATCTTAGGGCCTTC-1_V12D07-075_C1,3
ATATGGGATAGCAACT-1_V12D07-075_C1,3
ATATGTCTCCCTAGCC-1_V12D07-075_C1,7
ATATGTGCACAAACCA-1_V12D07-075_C1,1
ATATTATCCCGTATTT-1_V12D07-075_C1,8
ATATTCAGTTAAACCT-1_V12D07-075_C1,7
ATATTCCACATAGTGA-1_V12D07-075_C1,3
ATATTCCCACAGGTCA-1_V12D07-075_C1,5
ATATTGCTGTCAAAGT-1_V12D07-075_C1,8
ATATTGGAGAGGCCTT-1_V12D07-075_C1,2
ATATTTAACCCTCAAG-1_V12D07-075_C1,8
ATCAAACACTGTTCCA-1_V12D07-075_C1,2
ATCAAACGAAGGTTTG-1_V12D07-075_C1,7
ATCAATCTGGGCTGCA-1_V12D07-075_C1,3
ATCACATTAGAATATC-1_V12D07-075_C1,6
ATCACGTGCTAATTAA-1_V12D07-075_C1,7
ATCACTTCATCCTCGC-1_V12D07-075_C1,6
ATCAGACGGCACGCCG-1_V12D07-075_C1,3
ATCAGCCTCATGCTGC-1_V12D07-075_C1,3
ATCAGGTAGCTGACAG-1_V12D07-075_C1,1
ATCAGGTCGCCATTGC-1_V12D07-075_C1,1
ATCAGTAGGCAGGGAT-1_V12D07-075_C1,6
ATCATAGCCCTATGTA-1_V12D07-075_C1,2
ATCATCCAATATTTGT-1_V12D07-075_C1,3
ATCATGGACTACCGAC-1_V12D07-075_C1,1
ATCCAACGCAGTCATA-1_V12D07-075_C1,8
ATCCAATGGAGGGTCC-1_V12D07-075_C1,7
ATCCAATGGTACCGAA-1_V12D07-075_C1,8
ATCCACATCGACAGAA-1_V12D07-075_C1,2
ATCCACGCTAAATGTT-1_V12D07-075_C1,1
ATCCACTTTCAGACTA-1_V12D07-075_C1,1
ATCCAGAGCAACAACC-1_V12D07-075_C1,3
ATCCAGGATTCGTGAA-1_V12D07-075_C1,8
ATCCCATTTCCGTGGG-1_V12D07-075_C1,3
ATCCGGACCAGCCTGA-1_V12D07-075_C1,2
ATCCTACCTAAGCTCT-1_V12D07-075_C1,3
ATCCTGAATCGCTGCG-1_V12D07-075_C1,8
ATCCTGCGTGGAATGG-1_V12D07-075_C1,7
ATCCTGCTGCAGATAG-1_V12D07-075_C1,5
ATCCTTCTGAAAGAAC-1_V12D07-075_C1,6
ATCGACCCAATACAGA-1_V12D07-075_C1,3
ATCGACTCTTTCCGTT-1_V12D07-075_C1,3
ATCGCACGCCGGGAGA-1_V12D07-075_C1,8
ATCGCCAGTCAACATT-1_V12D07-075_C1,2
ATCGCTGCGTGCAGCA-1_V12D07-075_C1,1
ATCGCTTTACGTCTCA-1_V12D07-075_C1,1
ATCGGAGACAGACGGC-1_V12D07-075_C1,3
ATCGGCAAGCAGTCCA-1_V12D07-075_C1,6
ATCGGTTACCTAGTAA-1_V12D07-075_C1,8
ATCGTATTCCGAGAAC-1_V12D07-075_C1,8
ATCGTCCAATCGAGTC-1_V12D07-075_C1,4
ATCGTTAGCTAGCGGA-1_V12D07-075_C1,2
ATCGTTCACTTTCGCC-1_V12D07-075_C1,1
ATCTAACGTCCCTATG-1_V12D07-075_C1,8
ATCTAATATCCTACGG-1_V12D07-075_C1,3
ATCTACCATCTGCTCC-1_V12D07-075_C1,2
ATCTAGCTTGTGAGGG-1_V12D07-075_C1,2
ATCTCCCACGGAATAT-1_V12D07-075_C1,2
ATCTCCCTGCAATCTA-1_V12D07-075_C1,5
ATCTCGTGAGCGAAAC-1_V12D07-075_C1,6
ATCTGATAGTGTCTTA-1_V12D07-075_C1,8
ATCTGCACCTCTGCGA-1_V12D07-075_C1,7
ATCTGCTGTTATCGCC-1_V12D07-075_C1,3
ATCTGGGCTGTTCTTG-1_V12D07-075_C1,3
ATCTGGTTAAGACTGT-1_V12D07-075_C1,7
ATCTGTAATTGTACCC-1_V12D07-075_C1,5
ATCTTATCGCACACCC-1_V12D07-075_C1,2
ATCTTGACCTGCAACG-1_V12D07-075_C1,8
ATCTTGACTTGTCCAA-1_V12D07-075_C1,6
ATCTTTCGTATAACCA-1_V12D07-075_C1,1
ATGAAGCCAAGGAGCC-1_V12D07-075_C1,8
ATGAAGTGGACCCAGC-1_V12D07-075_C1,8
ATGACGCCGGCTCTAA-1_V12D07-075_C1,5
ATGACTATGCGACATT-1_V12D07-075_C1,2
ATGAGGAGTGTTAATC-1_V12D07-075_C1,8
ATGAGGGCAGCGGCTA-1_V12D07-075_C1,1
ATGATCGGGAATAGAC-1_V12D07-075_C1,5
ATGATGCAATGGTACA-1_V12D07-075_C1,3
ATGCACCTTCCTTAAT-1_V12D07-075_C1,8
ATGCACTACCGCATTG-1_V12D07-075_C1,8
ATGCATGATCCAGGAT-1_V12D07-075_C1,3
ATGCCAATCGCTCTGC-1_V12D07-075_C1,1
ATGCCATTTGCGACCA-1_V12D07-075_C1,2
ATGCCGGTCTTGCATA-1_V12D07-075_C1,2
ATGCCGGTTGATGGGA-1_V12D07-075_C1,6
ATGCGACAATTGGTCC-1_V12D07-075_C1,1
ATGCGACAGTCCCATT-1_V12D07-075_C1,2
ATGCGAGTCCCACCAC-1_V12D07-075_C1,2
ATGCTCAGTGTTGCAT-1_V12D07-075_C1,4
ATGCTCTGGCGCGGTA-1_V12D07-075_C1,2
ATGCTTAGGAGTTGAT-1_V12D07-075_C1,2
ATGGAACCTTTGCACA-1_V12D07-075_C1,1
ATGGAGCAGGCCGTGA-1_V12D07-075_C1,3
ATGGATCCGGCGTCCG-1_V12D07-075_C1,6
ATGGATTGACCAAACG-1_V12D07-075_C1,3
ATGGCAGCCGAGAAAC-1_V12D07-075_C1,8
ATGGCGGAATAGTCGC-1_V12D07-075_C1,1
ATGGCTGGAAATGGCC-1_V12D07-075_C1,1
ATGGGCCTCGGCCTCT-1_V12D07-075_C1,2
ATGGTCGCGTGGTTTC-1_V12D07-075_C1,3
ATGGTTACGAAACATG-1_V12D07-075_C1,1
ATGTAAGGCTGCTCTT-1_V12D07-075_C1,1
ATGTACATGCGGTGAG-1_V12D07-075_C1,2
ATGTACGATGACGTCG-1_V12D07-075_C1,2
ATGTAGCGCGCGTAGG-1_V12D07-075_C1,2
ATGTCATTTCCCATTG-1_V12D07-075_C1,8
ATGTGCATCCGACGCA-1_V12D07-075_C1,8
ATGTGGACATCTTGAT-1_V12D07-075_C1,3
ATGTTACGAGCAATAC-1_V12D07-075_C1,8
ATGTTCCTGCCCACCT-1_V12D07-075_C1,8
ATGTTCGTCGACCCAC-1_V12D07-075_C1,8
ATGTTGATTAGAGACT-1_V12D07-075_C1,2
ATGTTGTAGTCTGTTT-1_V12D07-075_C1,3
ATGTTTCGGCCCGGAG-1_V12D07-075_C1,1
ATTAAACATGCGGACC-1_V12D07-075_C1,3
ATTAACACCTGAGATA-1_V12D07-075_C1,8
ATTAATACTACGCGGG-1_V12D07-075_C1,3
ATTAATGAACCAGTCG-1_V12D07-075_C1,6
ATTAATTCGGTCACTC-1_V12D07-075_C1,5
ATTACAACTACCGGCC-1_V12D07-075_C1,6
ATTACATGTCAGTCTT-1_V12D07-075_C1,2
ATTACCACACTGCCTG-1_V12D07-075_C1,6
ATTACGACTCCACAGT-1_V12D07-075_C1,1
ATTACGCGCTGGCAGG-1_V12D07-075_C1,7
ATTACTAGCCTCTTGC-1_V12D07-075_C1,8
ATTACTTACTGGGCAT-1_V12D07-075_C1,6
ATTAGATTCCTCAGCA-1_V12D07-075_C1,1
ATTAGATTGATAGCGG-1_V12D07-075_C1,5
ATTAGGCGATGCTTTC-1_V12D07-075_C1,3
ATTATACTTTGCTCGT-1_V12D07-075_C1,6
ATTATAGCTACTTTAC-1_V12D07-075_C1,1
ATTATCGGAATGTACG-1_V12D07-075_C1,3
ATTATCTCGACAGATC-1_V12D07-075_C1,5
ATTATGCCATAGGGAG-1_V12D07-075_C1,6
ATTATTCAGAGTCACT-1_V12D07-075_C1,2
ATTCAAAGTACCTGTT-1_V12D07-075_C1,8
ATTCAACCATTTAAGG-1_V12D07-075_C1,2
ATTCACTGATGTTGGA-1_V12D07-075_C1,3
ATTCAGGACCTATTTC-1_V12D07-075_C1,6
ATTCAGTAGCAGGGTC-1_V12D07-075_C1,8
ATTCATATACTGTCCA-1_V12D07-075_C1,3
ATTCATCGTTGAGGCA-1_V12D07-075_C1,2
ATTCCCACATAAACAA-1_V12D07-075_C1,8
ATTCCTAAGACGTGGA-1_V12D07-075_C1,1
ATTCCTCCGCCAGTGC-1_V12D07-075_C1,8
ATTCCTTCCAGGCGGT-1_V12D07-075_C1,8
ATTCGACGCCGGGCCT-1_V12D07-075_C1,8
ATTCGCGCCTTGAGAG-1_V12D07-075_C1,2
ATTCGTGCTATCTCTT-1_V12D07-075_C1,1
ATTCTCGTCTCTTTAG-1_V12D07-075_C1,5
ATTCTGAGTATGAACT-1_V12D07-075_C1,1
ATTCTTCGTACTTATG-1_V12D07-075_C1,1
ATTGAAGATCTTAGTG-1_V12D07-075_C1,8
ATTGACCGGCGATGAC-1_V12D07-075_C1,1
ATTGACGTAACTCGGT-1_V12D07-075_C1,5
ATTGATAGCAACGAGA-1_V12D07-075_C1,8
ATTGATGAGTCCTAAC-1_V12D07-075_C1,7
ATTGCCTTTATGTTTG-1_V12D07-075_C1,2
ATTGCGATCAGTAACT-1_V12D07-075_C1,2
ATTGCTGCTCCTCCAT-1_V12D07-075_C1,8
ATTGGATTACAGCGTA-1_V12D07-075_C1,2
ATTGGGAATATCTTGG-1_V12D07-075_C1,5
ATTGGGAGTTCTGTAA-1_V12D07-075_C1,1
ATTGGTAGGATCCGCT-1_V12D07-075_C1,8
ATTGGTTGTGCATTAC-1_V12D07-075_C1,2
ATTGTACAACTCGGCT-1_V12D07-075_C1,6
ATTGTCGCAATACCTT-1_V12D07-075_C1,6
ATTGTCTGTTTCATGT-1_V12D07-075_C1,7
ATTGTGACTTCGCTGC-1_V12D07-075_C1,1
ATTGTTCAACGATCCG-1_V12D07-075_C1,6
ATTTAACTCGTATTAC-1_V12D07-075_C1,5
ATTTACAGTTTACTGG-1_V12D07-075_C1,8
ATTTACTAAGTCCATT-1_V12D07-075_C1,1
ATTTCATTATTTCGCG-1_V12D07-075_C1,6
ATTTGTCTTGGGAGCT-1_V12D07-075_C1,2
ATTTGTTCCAGGGCTC-1_V12D07-075_C1,6
CAAACCAGGTCTGCAT-1_V12D07-075_C1,8
CAAACCCTCCGGCGGG-1_V12D07-075_C1,7
CAAACGAGTATCGCAG-1_V12D07-075_C1,7
CAAACGGTCGCACTTT-1_V12D07-075_C1,8
CAAACTACGATAGAGA-1_V12D07-075_C1,6
CAAACTATTGAGCTTC-1_V12D07-075_C1,5
CAAACTCGCGACGCCG-1_V12D07-075_C1,7
CAAAGGTCATCTGAAA-1_V12D07-075_C1,1
CAAAGGTTAAATTCAG-1_V12D07-075_C1,1
CAAAGTCAGGTTAGCT-1_V12D07-075_C1,4
CAAATGTCCTTCCGTG-1_V12D07-075_C1,3
CAAATTGGATTATGCC-1_V12D07-075_C1,1
CAAATTGTCAGCAAGC-1_V12D07-075_C1,5
CAACACATCTCCTGCC-1_V12D07-075_C1,1
CAACATGGCCTGATAA-1_V12D07-075_C1,8
CAACCAGTGGCCTACC-1_V12D07-075_C1,2
CAACCGCACCTAGACA-1_V12D07-075_C1,8
CAACCTACCGAGCAGT-1_V12D07-075_C1,2
CAACCTGAACCTGCCA-1_V12D07-075_C1,1
CAACGACCCGTTTACA-1_V12D07-075_C1,5
CAACGGTTCTTGATAC-1_V12D07-075_C1,8
CAACGTGGTGGAGTCT-1_V12D07-075_C1,2
CAACTATATCGAATGC-1_V12D07-075_C1,6
CAACTCCGTAACTTGC-1_V12D07-075_C1,1
CAACTCCTTGATCCCG-1_V12D07-075_C1,5
CAACTGCTCATCCGAT-1_V12D07-075_C1,3
CAACTTGTAGTGGGCA-1_V12D07-075_C1,5
CAAGAAACCCTAAACT-1_V12D07-075_C1,1
CAAGACTCAGAAGCGC-1_V12D07-075_C1,1
CAAGAGGGCGGAGTAC-1_V12D07-075_C1,3
CAAGATATTATAACGT-1_V12D07-075_C1,2
CAAGCAACGTCGGAGT-1_V12D07-075_C1,8
CAAGCACCAAATGCCT-1_V12D07-075_C1,5
CAAGCGGCACATAATT-1_V12D07-075_C1,3
CAAGGATCGCATGTTC-1_V12D07-075_C1,3
CAAGGCCAGTGGTGCA-1_V12D07-075_C1,2
CAAGGTCCTATAGGCT-1_V12D07-075_C1,6
CAAGTAAGTGATAGAC-1_V12D07-075_C1,3
CAAGTGAACTTTGGTT-1_V12D07-075_C1,5
CAAGTGTGGTTGCAAA-1_V12D07-075_C1,2
CAATAAACCTTGGCCC-1_V12D07-075_C1,7
CAATACGAGAGTCTGA-1_V12D07-075_C1,1
CAATACGCTCTGAGGC-1_V12D07-075_C1,7
CAATATTCTTGACCTA-1_V12D07-075_C1,7
CAATATTGGACTAGTG-1_V12D07-075_C1,8
CAATCCCTATACCAGC-1_V12D07-075_C1,1
CAATCCTGCCGTGGAG-1_V12D07-075_C1,4
CAATGAGGTTCGACTA-1_V12D07-075_C1,1
CAATGCGAGAAGTATC-1_V12D07-075_C1,3
CAATGGAATCTACATA-1_V12D07-075_C1,1
CAATGGATCTCTACCA-1_V12D07-075_C1,7
CAATGGTCGGCCTGGG-1_V12D07-075_C1,5
CAATGTGCCAACCCTT-1_V12D07-075_C1,1
CAATTAAGGGTGATGA-1_V12D07-075_C1,3
CAATTTCGTATAAGGG-1_V12D07-075_C1,3
CAATTTGACCGGGAAG-1_V12D07-075_C1,8
CACAAGAAAGATATTA-1_V12D07-075_C1,1
CACAATGAGCTGCTAT-1_V12D07-075_C1,3
CACACACGCTAACGAG-1_V12D07-075_C1,2
CACACAGCTTGCGCTC-1_V12D07-075_C1,6
CACACAGGGATAGATT-1_V12D07-075_C1,8
CACACGCGCTGTCTTA-1_V12D07-075_C1,7
CACACTTGTATTGCGA-1_V12D07-075_C1,1
CACAGCACCCACGGCA-1_V12D07-075_C1,3
CACAGCTAGGGAGTGA-1_V12D07-075_C1,6
CACAGGGCCATATAGT-1_V12D07-075_C1,2
CACAGGGCCGTTGTCA-1_V12D07-075_C1,3
CACAGTCCCGCTTCGC-1_V12D07-075_C1,2
CACAGTTCGCTTCCCA-1_V12D07-075_C1,2
CACATATTAGCAGGAT-1_V12D07-075_C1,3
CACATCTCACCGACGA-1_V12D07-075_C1,3
CACATGATTCAGCAAC-1_V12D07-075_C1,3
CACATGTTTGGACATG-1_V12D07-075_C1,8
CACATTCTTTCGATGG-1_V12D07-075_C1,6
CACATTTCTTGTCAGA-1_V12D07-075_C1,7
CACCACGCCACACAGA-1_V12D07-075_C1,8
CACCATCGGAGGAGAC-1_V12D07-075_C1,5
CACCATGATCGCAAAG-1_V12D07-075_C1,1
CACCCAAATCTTATGT-1_V12D07-075_C1,6
CACCCACACGTCACCC-1_V12D07-075_C1,8
CACCCACGAGGCAATT-1_V12D07-075_C1,6
CACCCGGTTTGTGACT-1_V12D07-075_C1,7
CACCCTAACAAGATCT-1_V12D07-075_C1,3
CACCCTTTCCTCGCTC-1_V12D07-075_C1,5
CACCGATACACCGAGC-1_V12D07-075_C1,5
CACCGCCAGAAGGTTT-1_V12D07-075_C1,3
CACCGCCGACCAGCGA-1_V12D07-075_C1,5
CACCGCGTCCACTCTA-1_V12D07-075_C1,1
CACCGGAGATATCTCC-1_V12D07-075_C1,1
CACCGTATCCCATCCG-1_V12D07-075_C1,2
CACCGTTAGGGATCAC-1_V12D07-075_C1,7
CACCGTTGCGCGATAT-1_V12D07-075_C1,7
CACCTAATAGAGTCGT-1_V12D07-075_C1,4
CACCTAATCAGTTTAC-1_V12D07-075_C1,6
CACCTCGATGGTGGAC-1_V12D07-075_C1,5
CACCTTGCGAAACTCG-1_V12D07-075_C1,6
CACCTTGGCGCCTTTG-1_V12D07-075_C1,2
CACGAAAGTTAGTCCC-1_V12D07-075_C1,8
CACGACGTAATAGTAA-1_V12D07-075_C1,1
CACGCACAGCGCAGCT-1_V12D07-075_C1,3
CACGCAGCGAGGCTTT-1_V12D07-075_C1,8
CACGCGGAACTGTTGC-1_V12D07-075_C1,2
CACGGACGTGGATGGC-1_V12D07-075_C1,1
CACGGCGCGCCAAAGG-1_V12D07-075_C1,1
CACGGGATTGAGGGTT-1_V12D07-075_C1,8
CACGTCAATCAATGGA-1_V12D07-075_C1,2
CACGTCGGCAACCTCT-1_V12D07-075_C1,7
CACGTCGGGTTCTAGA-1_V12D07-075_C1,8
CACGTCTATGATGTGG-1_V12D07-075_C1,1
CACGTTCGTGCTCTAG-1_V12D07-075_C1,2
CACGTTTCGTACACAC-1_V12D07-075_C1,2
CACTAAAGTTGCCTAT-1_V12D07-075_C1,8
CACTACGGGAGCTGCC-1_V12D07-075_C1,2
CACTACTCAGTTCTGT-1_V12D07-075_C1,5
CACTCAAGAGCTATGG-1_V12D07-075_C1,3
CACTCAGCTCTTGAGG-1_V12D07-075_C1,5
CACTCCTCTCGGTCGG-1_V12D07-075_C1,6
CACTCGAGCTGAACAA-1_V12D07-075_C1,3
CACTCGGTTAGGAGGA-1_V12D07-075_C1,8
CACTCTTCTGCTAGCC-1_V12D07-075_C1,2
CACTGACGATTGTGGA-1_V12D07-075_C1,3
CACTGTCCAAGTGAGA-1_V12D07-075_C1,8
CACTTAATCAGACGGA-1_V12D07-075_C1,8
CACTTCGCCACAGGCT-1_V12D07-075_C1,8
CACTTCGTCTTATCTC-1_V12D07-075_C1,8
CAGAACTTAGCCCTCT-1_V12D07-075_C1,3
CAGAATAACACACGGA-1_V12D07-075_C1,2
CAGAATATTCGTTATC-1_V12D07-075_C1,6
CAGACACCGATCGCTG-1_V12D07-075_C1,3
CAGACCTGTAAGTGTT-1_V12D07-075_C1,7
CAGACGAACCTGATAC-1_V12D07-075_C1,3
CAGAGACGGTCACCCA-1_V12D07-075_C1,3
CAGAGCATGAGCTTGC-1_V12D07-075_C1,3
CAGAGCGATGGATGCT-1_V12D07-075_C1,2
CAGAGGCGATGCATGA-1_V12D07-075_C1,7
CAGAGTGATTTAACGT-1_V12D07-075_C1,5
CAGATAATGGGCGGGT-1_V12D07-075_C1,4
CAGATACTAACATAGT-1_V12D07-075_C1,8
CAGATCATTTAAAGTC-1_V12D07-075_C1,1
CAGCAGCCCGTTCCTT-1_V12D07-075_C1,3
CAGCAGTCCAGACTAT-1_V12D07-075_C1,2
CAGCAGTCTGTGCTGC-1_V12D07-075_C1,2
CAGCCGGGCCCTCTAT-1_V12D07-075_C1,6
CAGCCTCCTGCAGAGG-1_V12D07-075_C1,6
CAGCCTCGATAGCGGT-1_V12D07-075_C1,2
CAGCCTCTCCTCAAGA-1_V12D07-075_C1,1
CAGCGATTCCCTTCAA-1_V12D07-075_C1,7
CAGCGCCAACACGATA-1_V12D07-075_C1,8
CAGCTCACTGAGACAT-1_V12D07-075_C1,3
CAGCTCGACAAGTTAA-1_V12D07-075_C1,7
CAGCTCGTGCTTGTGT-1_V12D07-075_C1,5
CAGCTTAGTAGGTAGC-1_V12D07-075_C1,8
CAGGAAGACTTTATAT-1_V12D07-075_C1,6
CAGGACAGCTGCCCTT-1_V12D07-075_C1,1
CAGGATATATCGTTGT-1_V12D07-075_C1,3
CAGGCAGTCTTACCAG-1_V12D07-075_C1,2
CAGGCCGTTTGGGTGT-1_V12D07-075_C1,8
CAGGCGCCATGCTAGG-1_V12D07-075_C1,3
CAGTAACTATTTATTG-1_V12D07-075_C1,1
CAGTAATCCCTCCCAG-1_V12D07-075_C1,8
CAGTACATTCTCTAAA-1_V12D07-075_C1,6
CAGTAGATGATGTCCG-1_V12D07-075_C1,8
CAGTAGCCCACGCGGT-1_V12D07-075_C1,6
CAGTCGAGGATGCAAT-1_V12D07-075_C1,6
CAGTCTCTCGGCTAAT-1_V12D07-075_C1,5
CAGTCTGTATACTGGG-1_V12D07-075_C1,3
CAGTGAATAAATGACT-1_V12D07-075_C1,6
CAGTGGTTGCACATGA-1_V12D07-075_C1,4
CAGTGTCCGCAGAATG-1_V12D07-075_C1,8
CAGTGTCGGCTGGCCC-1_V12D07-075_C1,3
CAGTTCAAATTGACAC-1_V12D07-075_C1,8
CAGTTCCGCGGGTCGA-1_V12D07-075_C1,8
CAGTTCGAGGACCCGA-1_V12D07-075_C1,3
CATAACGGACAGTCGT-1_V12D07-075_C1,7
CATAAGAAGCTTGGCT-1_V12D07-075_C1,3
CATAATGAGCGGGCGA-1_V12D07-075_C1,5
CATACAAAGCCGAACC-1_V12D07-075_C1,5
CATACACGGTTCCCAC-1_V12D07-075_C1,3
CATACCCGTACCCAGT-1_V12D07-075_C1,8
CATACGGCGTCTGGGC-1_V12D07-075_C1,3
CATACTATGTAATTGT-1_V12D07-075_C1,8
CATACTTAGGCAATAC-1_V12D07-075_C1,1
CATACTTCTTTCTCCG-1_V12D07-075_C1,3
CATAGAGGAGATACTA-1_V12D07-075_C1,2
CATAGCCGCCCGGGAT-1_V12D07-075_C1,8
CATAGCGTTGCCCACC-1_V12D07-075_C1,7
CATAGTACATTGAGAG-1_V12D07-075_C1,6
CATAGTAGCATAGTAG-1_V12D07-075_C1,8
CATAGTCAAATACATA-1_V12D07-075_C1,2
CATAGTCCACAAGAAC-1_V12D07-075_C1,7
CATAGTGGGCACGCCT-1_V12D07-075_C1,2
CATATACTACTGATAA-1_V12D07-075_C1,1
CATATAGGTACAGTCA-1_V12D07-075_C1,3
CATATTATTTGCCCTA-1_V12D07-075_C1,1
CATCAAACTGGCGCCC-1_V12D07-075_C1,1
CATCAACACCTACTAA-1_V12D07-075_C1,8
CATCATCTACCCGGAC-1_V12D07-075_C1,5
CATCATTACCCTGAGG-1_V12D07-075_C1,2
CATCCCGAGATTCATA-1_V12D07-075_C1,2
CATCCGCAGGCCCGAA-1_V12D07-075_C1,8
CATCCTCTCAAAGATC-1_V12D07-075_C1,2
CATCGCCCGCGGCCAA-1_V12D07-075_C1,5
CATCGGACGGGTTAAT-1_V12D07-075_C1,3
CATCGTCCGGTTACTA-1_V12D07-075_C1,8
CATCTACCCGAGAACG-1_V12D07-075_C1,1
CATCTAGTGAAGGGAA-1_V12D07-075_C1,1
CATCTATCCCGTGTCT-1_V12D07-075_C1,6
CATCTGCAGGATCATT-1_V12D07-075_C1,8
CATCTTACACCACCTC-1_V12D07-075_C1,2
CATGAACCGACATTTG-1_V12D07-075_C1,5
CATGAACCTCTTATCA-1_V12D07-075_C1,5
CATGACTTCGCTGAAT-1_V12D07-075_C1,7
CATGAGATGCACTCTC-1_V12D07-075_C1,3
CATGATCGCTTTGAGA-1_V12D07-075_C1,2
CATGATGCACAATTCT-1_V12D07-075_C1,3
CATGATGGAAGTTAGC-1_V12D07-075_C1,2
CATGCATGGAGACCCT-1_V12D07-075_C1,5
CATGCGACCAGTTTAA-1_V12D07-075_C1,3
CATGCGTTAGACAGAA-1_V12D07-075_C1,5
CATGCTGGCTCCAATT-1_V12D07-075_C1,5
CATGGAAATGGGACCA-1_V12D07-075_C1,1
CATGGATTGTCTTCCG-1_V12D07-075_C1,2
CATGGCAGGAAGATCG-1_V12D07-075_C1,5
CATGGCTCCCTATGTC-1_V12D07-075_C1,8
CATGGGTATGCCTTAT-1_V12D07-075_C1,3
CATGGGTCGGGTGTGG-1_V12D07-075_C1,6
CATGGTAAGTAGCGTT-1_V12D07-075_C1,3
CATGGTCTAGATACCG-1_V12D07-075_C1,3
CATGGTTTATTAATCA-1_V12D07-075_C1,2
CATGTAAGAGACATTT-1_V12D07-075_C1,2
CATGTAGGAGCGCCAA-1_V12D07-075_C1,1
CATGTCTCATTTATGG-1_V12D07-075_C1,3
CATTACATAGATTGTG-1_V12D07-075_C1,1
CATTACGCAGGAAGGG-1_V12D07-075_C1,2
CATTACGTCGGCCCGT-1_V12D07-075_C1,5
CATTATGCTTGTTGTG-1_V12D07-075_C1,8
CATTCACTGACAGCTA-1_V12D07-075_C1,5
CATTCCCATTCCGTCG-1_V12D07-075_C1,1
CATTCCCTAAGTACAA-1_V12D07-075_C1,8
CATTCGTCGTAGCGGT-1_V12D07-075_C1,2
CATTGATGAACACGCC-1_V12D07-075_C1,1
CATTGCGAAATGGGCG-1_V12D07-075_C1,8
CATTGCGGGTCAATTC-1_V12D07-075_C1,1
CATTGTGTGCTAGATC-1_V12D07-075_C1,8
CATTTAGCGGACCATG-1_V12D07-075_C1,6
CATTTATCGTTCAAGA-1_V12D07-075_C1,5
CATTTCTAGCAGACTA-1_V12D07-075_C1,8
CATTTGAGTGGTACGT-1_V12D07-075_C1,7
CCAAACAGAACCCTCG-1_V12D07-075_C1,8
CCAAAGCAGTTGGTTG-1_V12D07-075_C1,8
CCAAATAACAAGATTC-1_V12D07-075_C1,7
CCAACGATGCACTGAT-1_V12D07-075_C1,8
CCAACGCTTGCCAGGG-1_V12D07-075_C1,1
CCAACTTGATAGATCC-1_V12D07-075_C1,6
CCAAGAAAGTGGGCGA-1_V12D07-075_C1,3
CCAAGACTTCTGCGAA-1_V12D07-075_C1,6
CCAAGCGTAACTCGTA-1_V12D07-075_C1,2
CCAAGGAACAGAGAGG-1_V12D07-075_C1,5
CCAAGGTTGCCCTTTC-1_V12D07-075_C1,2
CCAAGTTTCTACAGAT-1_V12D07-075_C1,8
CCAATAGATTTCATCT-1_V12D07-075_C1,8
CCAATAGTGCCGTCGA-1_V12D07-075_C1,8
CCAATCGGTAGATCGA-1_V12D07-075_C1,6
CCAATGTCACAGCAAG-1_V12D07-075_C1,8
CCAATTACGGGTCGAG-1_V12D07-075_C1,6
CCAATTGAATGTTAAT-1_V12D07-075_C1,8
CCACAATGTACGTCTT-1_V12D07-075_C1,7
CCACACTGAGATATTA-1_V12D07-075_C1,8
CCACAGCTGAAATCAT-1_V12D07-075_C1,5
CCACAGTACCCATCCT-1_V12D07-075_C1,2
CCACATACTGCACCCA-1_V12D07-075_C1,6
CCACCAACTTTACTGT-1_V12D07-075_C1,7
CCACCCAAGGAAAGTG-1_V12D07-075_C1,7
CCACCTGTATGGAATA-1_V12D07-075_C1,2
CCACGAATTTAACCTC-1_V12D07-075_C1,3
CCACGAGAAGAGAATC-1_V12D07-075_C1,5
CCACGGTGCCCGGTAG-1_V12D07-075_C1,6
CCACGTAAATTAGACT-1_V12D07-075_C1,1
CCACTATCCGGGTCAC-1_V12D07-075_C1,1
CCACTGGTGGCTGGTT-1_V12D07-075_C1,7
CCACTGTTTGGATTAA-1_V12D07-075_C1,2
CCAGAAACTGATGCGA-1_V12D07-075_C1,7
CCAGAAAGCAACTCAT-1_V12D07-075_C1,7
CCAGAGACAAAGCCGG-1_V12D07-075_C1,8
CCAGATAGTTGAGTGA-1_V12D07-075_C1,7
CCAGCCTGGACCAATA-1_V12D07-075_C1,3
CCAGCGGGATCACCAG-1_V12D07-075_C1,1
CCAGCTACGCCTCATA-1_V12D07-075_C1,5
CCAGCTCGAACGCATT-1_V12D07-075_C1,3
CCAGCTGATGGTACTT-1_V12D07-075_C1,8
CCAGCTTCCGCCCGCA-1_V12D07-075_C1,8
CCAGGCTGGCGTCTGA-1_V12D07-075_C1,6
CCAGGGACGTGGCCTC-1_V12D07-075_C1,8
CCAGTAGTCTGATCCA-1_V12D07-075_C1,7
CCAGTCCATTATTCGA-1_V12D07-075_C1,4
CCAGTCTAGACGGCGC-1_V12D07-075_C1,6
CCAGTCTTGTCATAGA-1_V12D07-075_C1,3
CCATAAACAACCCGAC-1_V12D07-075_C1,5
CCATACCTTTACTTGT-1_V12D07-075_C1,7
CCATACTCGCCTCTCC-1_V12D07-075_C1,8
CCATAGGTTGGCGTGG-1_V12D07-075_C1,5
CCATAGTCAGTAACCC-1_V12D07-075_C1,8
CCATATGGAAACTATA-1_V12D07-075_C1,2
CCATATTGGATCATGA-1_V12D07-075_C1,8
CCATCCATACCAAGTC-1_V12D07-075_C1,5
CCATCGCAGTTAAACT-1_V12D07-075_C1,3
CCATCTCACCAGTGAA-1_V12D07-075_C1,2
CCATCTTGTTCACAAT-1_V12D07-075_C1,5
CCATGCCCTAGATTTC-1_V12D07-075_C1,2
CCATGCCTGTTTAGTA-1_V12D07-075_C1,8
CCATGCTCTGCAGGAA-1_V12D07-075_C1,8
CCATGGCCCTTGTACC-1_V12D07-075_C1,8
CCATTAGCGATAATCC-1_V12D07-075_C1,8
CCATTCCCTGCCCACA-1_V12D07-075_C1,8
CCATTGTTTCCTCCAT-1_V12D07-075_C1,1
CCATTTCTACCTATTA-1_V12D07-075_C1,3
CCCAAACATGCTGCTC-1_V12D07-075_C1,2
CCCAACATACGTCGCG-1_V12D07-075_C1,7
CCCAACCACACTAACA-1_V12D07-075_C1,5
CCCAAGTCATTACACT-1_V12D07-075_C1,2
CCCAATTTCACAACTT-1_V12D07-075_C1,7
CCCAGAGGAGGGCGTA-1_V12D07-075_C1,1
CCCAGGTCTGAAGGCT-1_V12D07-075_C1,2
CCCAGTTAAGGCGCCG-1_V12D07-075_C1,1
CCCATATAGGTCGATT-1_V12D07-075_C1,2
CCCGACCATAGTCCGC-1_V12D07-075_C1,6
CCCGAGTTTCTCCGTA-1_V12D07-075_C1,7
CCCGATAGCCTCGCCT-1_V12D07-075_C1,1
CCCGCAGCGCGAACTA-1_V12D07-075_C1,3
CCCGCAGGGCCCAAAG-1_V12D07-075_C1,1
CCCGCCATGCTCCCGT-1_V12D07-075_C1,8
CCCGCGCAATGCACCC-1_V12D07-075_C1,4
CCCGGCTAGGTGAGAA-1_V12D07-075_C1,8
CCCGGGTCGTTCAGGG-1_V12D07-075_C1,2
CCCGGTGGAAGAACCT-1_V12D07-075_C1,8
CCCGTAAGTCTAGGCC-1_V12D07-075_C1,7
CCCGTAGCTGGGAAGA-1_V12D07-075_C1,7
CCCGTCAGCGTCTGAC-1_V12D07-075_C1,6
CCCGTTTCGCAGATGT-1_V12D07-075_C1,2
CCCTACTTGAACAATG-1_V12D07-075_C1,2
CCCTAGTGTCAGGTGT-1_V12D07-075_C1,8
CCCTCAAGCTCTTAGT-1_V12D07-075_C1,8
CCCTCATTCTGGAATT-1_V12D07-075_C1,5
CCCTCCTCGCTCGTAT-1_V12D07-075_C1,2
CCCTGAAATGAGTTGA-1_V12D07-075_C1,8
CCCTGACTAACAAATT-1_V12D07-075_C1,7
CCCTGATGTAACTCGT-1_V12D07-075_C1,8
CCCTGCGCTACGCATA-1_V12D07-075_C1,8
CCCTGGTATGGGCGGC-1_V12D07-075_C1,5
CCCTGTTGGCAAAGAC-1_V12D07-075_C1,8
CCCTTTAATGGAGTTC-1_V12D07-075_C1,2
CCCTTTGACAGGTCTT-1_V12D07-075_C1,3
CCGAAAGTGGTGAGCA-1_V12D07-075_C1,8
CCGAACCTTCCCGGCC-1_V12D07-075_C1,3
CCGAAGGGCGTACCGC-1_V12D07-075_C1,1
CCGAAGTATATTGTTC-1_V12D07-075_C1,8
CCGACAAACACATGAG-1_V12D07-075_C1,8
CCGACAAAGGGAGTGC-1_V12D07-075_C1,8
CCGACAATAGGCCGCC-1_V12D07-075_C1,2
CCGACGTAAACACAAC-1_V12D07-075_C1,1
CCGACTCGCATAGTCT-1_V12D07-075_C1,5
CCGAGAAGTCGCATAA-1_V12D07-075_C1,5
CCGAGCTGTGCTTGTC-1_V12D07-075_C1,1
CCGAGGGATGTTAGGC-1_V12D07-075_C1,5
CCGATATGACGTAAGG-1_V12D07-075_C1,6
CCGATCTCAACCTTAT-1_V12D07-075_C1,7
CCGATTCGAGGGACCC-1_V12D07-075_C1,7
CCGCACAAAGACCAAC-1_V12D07-075_C1,2
CCGCACACGAACGTGT-1_V12D07-075_C1,1
CCGCACGTGACCTCGG-1_V12D07-075_C1,8
CCGCACTTGCAATGAC-1_V12D07-075_C1,2
CCGCATGTGGTACGAT-1_V12D07-075_C1,3
CCGCCGGTCAACACAC-1_V12D07-075_C1,5
CCGCCGTTGAGGATAA-1_V12D07-075_C1,1
CCGCCTGCGAATTGGT-1_V12D07-075_C1,1
CCGCGATTTGGTAGGT-1_V12D07-075_C1,7
CCGCGGAATGCGTCAC-1_V12D07-075_C1,7
CCGCGGGTACGAAGAA-1_V12D07-075_C1,8
CCGCGTAGGTAAGGGC-1_V12D07-075_C1,8
CCGCTATCAGCACCAG-1_V12D07-075_C1,3
CCGCTCTTCCGAACTA-1_V12D07-075_C1,2
CCGCTGGTGCCATTCA-1_V12D07-075_C1,5
CCGCTTACCTCACTCT-1_V12D07-075_C1,7
CCGCTTGCTGACATGG-1_V12D07-075_C1,1
CCGGAAGTTATCAGTC-1_V12D07-075_C1,6
CCGGAATGGTTTCAGT-1_V12D07-075_C1,8
CCGGAGCGTACTTTCT-1_V12D07-075_C1,3
CCGGAGGTCTTATGGT-1_V12D07-075_C1,1
CCGGCACGACCGTTTC-1_V12D07-075_C1,1
CCGGCGCATATTGGAT-1_V12D07-075_C1,5
CCGGGACCCGCAGAGA-1_V12D07-075_C1,5
CCGGGCGGTCTCGTCA-1_V12D07-075_C1,2
CCGGGCTGCTCCATAC-1_V12D07-075_C1,2
CCGGGTTCGAGGTTAC-1_V12D07-075_C1,8
CCGGTAATGGCTAGTC-1_V12D07-075_C1,1
CCGGTGCGAGTGATAG-1_V12D07-075_C1,8
CCGGTTTGTAATTGTG-1_V12D07-075_C1,7
CCGTAAGTTGGTCCCA-1_V12D07-075_C1,2
CCGTACCCAAGCGCCA-1_V12D07-075_C1,5
CCGTAGGAAATCCCTG-1_V12D07-075_C1,2
CCGTAGGGTTGTTTAC-1_V12D07-075_C1,2
CCGTATTAGCGCAGTT-1_V12D07-075_C1,1
CCGTGAGGCATTCATG-1_V12D07-075_C1,1
CCGTGCCCATGACGGC-1_V12D07-075_C1,5
CCGTGGAACGATCCAA-1_V12D07-075_C1,1
CCGTGTTAAATTCCAT-1_V12D07-075_C1,7
CCGTTACGTTAGAACA-1_V12D07-075_C1,6
CCGTTCCGAATCTCGG-1_V12D07-075_C1,7
CCTAAAGGCTGACGCT-1_V12D07-075_C1,6
CCTAAATTAACGGTTC-1_V12D07-075_C1,3
CCTAAATTGTATCCTA-1_V12D07-075_C1,7
CCTAACCCAAACAAGT-1_V12D07-075_C1,2
CCTAACTAAGGCTCTA-1_V12D07-075_C1,6
CCTACAAGTCCGGAAT-1_V12D07-075_C1,1
CCTACGGCTCAGTCGA-1_V12D07-075_C1,8
CCTACTCAACACGATT-1_V12D07-075_C1,2
CCTACTGCTTACACTT-1_V12D07-075_C1,8
CCTAGGCGTAGCGATC-1_V12D07-075_C1,2
CCTAGTTAGTCGCATG-1_V12D07-075_C1,5
CCTATAATGAGTGCCC-1_V12D07-075_C1,3
CCTATACCGTCCTGTC-1_V12D07-075_C1,7
CCTATATTTGTCCTGG-1_V12D07-075_C1,3
CCTATCTATATCGGAA-1_V12D07-075_C1,6
CCTATGAAGTGGTGCC-1_V12D07-075_C1,1
CCTATGGGTTACCGTC-1_V12D07-075_C1,3
CCTATGGTCAAAGCTG-1_V12D07-075_C1,2
CCTATGTCCACTCCAC-1_V12D07-075_C1,2
CCTCACCAATCTTGAC-1_V12D07-075_C1,8
CCTCACCTGAGGGAGC-1_V12D07-075_C1,7
CCTCACCTTAGCATCG-1_V12D07-075_C1,7
CCTCACGTCAGCTAAT-1_V12D07-075_C1,2
CCTCATGCAGCTACGA-1_V12D07-075_C1,5
CCTCCCGACAATCCCT-1_V12D07-075_C1,5
CCTCCGACAATTCAAG-1_V12D07-075_C1,8
CCTCCTGAGCCCACAT-1_V12D07-075_C1,8
CCTCCTGTTGTGTCGT-1_V12D07-075_C1,2
CCTCGAAGTGGACGGG-1_V12D07-075_C1,5
CCTCGCCAGCAAATTA-1_V12D07-075_C1,6
CCTCGCGCGATATAGG-1_V12D07-075_C1,6
CCTCGCGCTGTGCGAT-1_V12D07-075_C1,3
CCTCGGACCGGGATAG-1_V12D07-075_C1,1
CCTCGGATGCTACCTG-1_V12D07-075_C1,8
CCTCGTTACGCCTGTT-1_V12D07-075_C1,1
CCTCTAATCTGCCAAG-1_V12D07-075_C1,6
CCTCTCTCCCATCTAG-1_V12D07-075_C1,8
CCTCTGGCCTAGACGG-1_V12D07-075_C1,5
CCTCTGTACTATTCTA-1_V12D07-075_C1,3
CCTGAACGATATATTC-1_V12D07-075_C1,2
CCTGAATATTTACATA-1_V12D07-075_C1,3
CCTGACAAACTCGCGC-1_V12D07-075_C1,8
CCTGACCACCGATGGT-1_V12D07-075_C1,3
CCTGCCCGTTGTCTAG-1_V12D07-075_C1,8
CCTGCGATAGAACTGT-1_V12D07-075_C1,8
CCTGCGTTCTACGCTT-1_V12D07-075_C1,8
CCTGCTATTTGAGAAG-1_V12D07-075_C1,5
CCTGGAAACGTTCTGC-1_V12D07-075_C1,1
CCTGGCTAGACCCGCC-1_V12D07-075_C1,8
CCTGGTCGAATGTGGG-1_V12D07-075_C1,3
CCTGTAAGACATGATA-1_V12D07-075_C1,8
CCTGTACTCACGCCCA-1_V12D07-075_C1,7
CCTGTCACCCGGGCTC-1_V12D07-075_C1,3
CCTGTCCCTCACGTTA-1_V12D07-075_C1,1
CCTGTCGCCCGTAAAT-1_V12D07-075_C1,3
CCTGTGAAACCGTAAC-1_V12D07-075_C1,8
CCTGTTTGAAGACACG-1_V12D07-075_C1,2
CCTTCAGTTAAAGTGA-1_V12D07-075_C1,7
CCTTCGTATAGAATCC-1_V12D07-075_C1,3
CCTTCTTGATCCAGTG-1_V12D07-075_C1,5
CCTTGACCACTTTATT-1_V12D07-075_C1,2
CCTTTAAGGGAGCACT-1_V12D07-075_C1,7
CCTTTCAATGAAGAAA-1_V12D07-075_C1,7
CGAAACATAGATGGCA-1_V12D07-075_C1,5
CGAAACGCAATTCATG-1_V12D07-075_C1,7
CGAACAGTATGGGCGT-1_V12D07-075_C1,2
CGAACATAGTCAGAAA-1_V12D07-075_C1,1
CGAACCCGCATGCGTC-1_V12D07-075_C1,7
CGAACGCCCAGTGCCG-1_V12D07-075_C1,5
CGAAGACGGTGAGTGC-1_V12D07-075_C1,8
CGAAGCTATAAATTCA-1_V12D07-075_C1,1
CGAAGTTGCTCTGTGT-1_V12D07-075_C1,8
CGAATGACGCATAATG-1_V12D07-075_C1,3
CGAATTCCCGGTTCAA-1_V12D07-075_C1,2
CGACAATTTGATCTAA-1_V12D07-075_C1,2
CGACACCGCTTAAGGA-1_V12D07-075_C1,1
CGACACGCTCCGACAG-1_V12D07-075_C1,2
CGACAGTTCGCGTTAT-1_V12D07-075_C1,8
CGACATGCGATCTTCT-1_V12D07-075_C1,5
CGACTCAGGATGTTAT-1_V12D07-075_C1,6
CGACTTTGTATAGCCT-1_V12D07-075_C1,6
CGAGACCCTAGAGTGT-1_V12D07-075_C1,3
CGAGACTACTGCTGCT-1_V12D07-075_C1,2
CGAGAGATGTGAACCT-1_V12D07-075_C1,7
CGAGAGCTTTCACTAC-1_V12D07-075_C1,2
CGAGAGGGTAGCCGCG-1_V12D07-075_C1,2
CGAGATTTCGCTCGGG-1_V12D07-075_C1,1
CGAGCACTTCAAGTTT-1_V12D07-075_C1,8
CGAGCCGAGCACTCGA-1_V12D07-075_C1,8
CGAGCGTTGATCAGCC-1_V12D07-075_C1,5
CGAGCTGGGCTTTAGG-1_V12D07-075_C1,5
CGAGGAGCTTCCATAT-1_V12D07-075_C1,1
CGAGGATCGGGAACGA-1_V12D07-075_C1,1
CGAGGCCAGGCATTGG-1_V12D07-075_C1,8
CGAGGCTAAATATGGC-1_V12D07-075_C1,2
CGAGGGACTGCGGTCG-1_V12D07-075_C1,3
CGAGGGTATCCAGGTG-1_V12D07-075_C1,3
CGAGTACTAAAGAGGA-1_V12D07-075_C1,7
CGAGTGCTATAGTTCG-1_V12D07-075_C1,5
CGAGTTCTGTCCCACC-1_V12D07-075_C1,7
CGAGTTTATCGGACTG-1_V12D07-075_C1,2
CGATAATACTCAGGTT-1_V12D07-075_C1,1
CGATACCTCGCGGACA-1_V12D07-075_C1,8
CGATAGTCGTACTGCA-1_V12D07-075_C1,2
CGATATTAGCCGCAGG-1_V12D07-075_C1,5
CGATCCGACCCAGTGC-1_V12D07-075_C1,3
CGATGGACCCTACGCC-1_V12D07-075_C1,6
CGATTAAATATCTCCT-1_V12D07-075_C1,3
CGATTCGCCTGGCTGC-1_V12D07-075_C1,3
CGCAAACACGAGTTAC-1_V12D07-075_C1,8
CGCAATCGATCATTAG-1_V12D07-075_C1,8
CGCAATTACTTTCGGT-1_V12D07-075_C1,8
CGCAATTAGGGTAATA-1_V12D07-075_C1,8
CGCAATTCTACAATAA-1_V12D07-075_C1,4
CGCACATGTCCACTAC-1_V12D07-075_C1,2
CGCACGTGCGCTATCA-1_V12D07-075_C1,2
CGCAGAAACATTTGCG-1_V12D07-075_C1,5
CGCAGATCTTCACCCG-1_V12D07-075_C1,1
CGCAGGCGATCCAAAC-1_V12D07-075_C1,2
CGCATCATGGCTTCAG-1_V12D07-075_C1,1
CGCATCCATCAGCCAG-1_V12D07-075_C1,1
CGCATGCCGAATGCGT-1_V12D07-075_C1,2
CGCATGGTGCGATGCT-1_V12D07-075_C1,3
CGCATTAGCTAATAGG-1_V12D07-075_C1,8
CGCCAAGAAGCCGAGT-1_V12D07-075_C1,7
CGCCAATTATTGCGTT-1_V12D07-075_C1,8
CGCCACCCGCATTAAC-1_V12D07-075_C1,8
CGCCATCCGATTATGA-1_V12D07-075_C1,6
CGCCCAGCACGCCTAG-1_V12D07-075_C1,3
CGCCCAGCGTTTCACG-1_V12D07-075_C1,2
CGCCCGCTTCCGTACA-1_V12D07-075_C1,6
CGCCCTTGAAGGCTGA-1_V12D07-075_C1,8
CGCCGACTATTCGCTA-1_V12D07-075_C1,8
CGCCGCCCATGCCTGT-1_V12D07-075_C1,2
CGCCGTCTACCCATCG-1_V12D07-075_C1,1
CGCCGTTCAGCATAGT-1_V12D07-075_C1,2
CGCCTCCCTCCTCTAT-1_V12D07-075_C1,3
CGCCTGGCCTACGTAA-1_V12D07-075_C1,7
CGCCTTTAGCATGCTC-1_V12D07-075_C1,1
CGCGAAGTGGCATACT-1_V12D07-075_C1,2
CGCGACACTGCGCAGC-1_V12D07-075_C1,8
CGCGACCGCGACAGAT-1_V12D07-075_C1,3
CGCGAGAGGGACTTGT-1_V12D07-075_C1,1
CGCGCATGTTTGATTG-1_V12D07-075_C1,3
CGCGCCCGACTTAATA-1_V12D07-075_C1,6
CGCGGCAGTATTACGG-1_V12D07-075_C1,8
CGCGGCTCAACTTGAA-1_V12D07-075_C1,2
CGCGGGAATTAGGCAG-1_V12D07-075_C1,7
CGCGGTAAGTCTAGCT-1_V12D07-075_C1,1
CGCGGTACGGTATACA-1_V12D07-075_C1,2
CGCGGTCACAAACCAA-1_V12D07-075_C1,1
CGCGTACATTCTGGAA-1_V12D07-075_C1,1
CGCGTTCATGAAATAC-1_V12D07-075_C1,8
CGCTACGGGACATTTA-1_V12D07-075_C1,8
CGCTAGAGACCGCTGC-1_V12D07-075_C1,2
CGCTATACCGCCCACT-1_V12D07-075_C1,5
CGCTATTCAATGTATG-1_V12D07-075_C1,8
CGCTATTCTTAGGCTC-1_V12D07-075_C1,3
CGCTCGACATAATGAT-1_V12D07-075_C1,8
CGCTCTCCGTAGATTA-1_V12D07-075_C1,8
CGCTGGTGACTACCCT-1_V12D07-075_C1,2
CGCTGTGACGCCGCAC-1_V12D07-075_C1,8
CGCTGTGTGGATGTTG-1_V12D07-075_C1,7
CGCTTAGTATTGATAC-1_V12D07-075_C1,3
CGCTTATTCCCGGTCG-1_V12D07-075_C1,7
CGCTTCCACTGAAATC-1_V12D07-075_C1,8
CGCTTCGGTCTAAGAC-1_V12D07-075_C1,2
CGCTTGGACGGATAGA-1_V12D07-075_C1,2
CGCTTTCATACCGGTG-1_V12D07-075_C1,5
CGCTTTCTTGCATTCG-1_V12D07-075_C1,7
CGGAAAGAATCAAACG-1_V12D07-075_C1,7
CGGAAAGCAAATGTGC-1_V12D07-075_C1,8
CGGAACGTAAACATAG-1_V12D07-075_C1,7
CGGAGCAATTTAATCG-1_V12D07-075_C1,3
CGGAGCATGGCGATCC-1_V12D07-075_C1,3
CGGAGCTTATAACACC-1_V12D07-075_C1,1
CGGAGTTTGAGAGACA-1_V12D07-075_C1,8
CGGATAAGCGGACATG-1_V12D07-075_C1,8
CGGATCCTCAAGGACT-1_V12D07-075_C1,3
CGGCAAACATCGTGCG-1_V12D07-075_C1,3
CGGCAATAAGATCGCC-1_V12D07-075_C1,2
CGGCACCGTTAGCGCC-1_V12D07-075_C1,1
CGGCACTCAAGAAAGT-1_V12D07-075_C1,5
CGGCAGGGTCGGGTTG-1_V12D07-075_C1,7
CGGCCACGCACAAAGT-1_V12D07-075_C1,3
CGGCCAGAGCGACCAT-1_V12D07-075_C1,3
CGGCCCAACCTGTAGT-1_V12D07-075_C1,1
CGGCCCAGGTATATCC-1_V12D07-075_C1,2
CGGCGCCATCAATCCC-1_V12D07-075_C1,2
CGGCTCTAAAGCTGCA-1_V12D07-075_C1,7
CGGCTCTTCGTCGAAC-1_V12D07-075_C1,1
CGGCTTTGTATGATAA-1_V12D07-075_C1,5
CGGGAATATAGTATAC-1_V12D07-075_C1,2
CGGGAATTTATGTAAA-1_V12D07-075_C1,3
CGGGAGCTTCAGTGTA-1_V12D07-075_C1,2
CGGGAGTATACCGCCG-1_V12D07-075_C1,8
CGGGATCAATGTAAGA-1_V12D07-075_C1,8
CGGGCAGCTAAACCGC-1_V12D07-075_C1,3
CGGGCCATAGCCGCAC-1_V12D07-075_C1,8
CGGGCCTTCTTTGTAA-1_V12D07-075_C1,3
CGGGCGATGGATCACG-1_V12D07-075_C1,2
CGGGTGTACCCATTTA-1_V12D07-075_C1,7
CGGGTTCGGCACGTAT-1_V12D07-075_C1,1
CGGGTTTGTTAGGGCT-1_V12D07-075_C1,2
CGGTACTAGAATCAAA-1_V12D07-075_C1,3
CGGTAGAGGTGCAGGT-1_V12D07-075_C1,6
CGGTATAGGTATTAGC-1_V12D07-075_C1,1
CGGTCAAGTGGGAACC-1_V12D07-075_C1,7
CGGTCAGTCCATATTT-1_V12D07-075_C1,7
CGGTCCATGAGACTCC-1_V12D07-075_C1,1
CGGTCCGTCGCAAGCC-1_V12D07-075_C1,3
CGGTCTATCAACCCGT-1_V12D07-075_C1,6
CGGTGAAGACTAAAGT-1_V12D07-075_C1,8
CGGTGCAGATAGAACG-1_V12D07-075_C1,7
CGGTGCGCGTTGGTCC-1_V12D07-075_C1,7
CGGTGGGCTCCAGCCT-1_V12D07-075_C1,1
CGGTGTACTTGATCCC-1_V12D07-075_C1,8
CGGTTATCCAACAGTG-1_V12D07-075_C1,7
CGGTTCAAGTAGGTGT-1_V12D07-075_C1,6
CGGTTCCGGCTTCTTG-1_V12D07-075_C1,5
CGGTTGACCTGGCATA-1_V12D07-075_C1,7
CGGTTGGGTTCAAGTT-1_V12D07-075_C1,1
CGGTTTATGAAGGAAC-1_V12D07-075_C1,1
CGTAAACGCTTGAGTG-1_V12D07-075_C1,8
CGTAACTTCGACACTT-1_V12D07-075_C1,3
CGTAATAATTACGAGT-1_V12D07-075_C1,8
CGTACCGAAAGTCTAG-1_V12D07-075_C1,8
CGTACCTGATAGGCCT-1_V12D07-075_C1,3
CGTAGCGAATTGTCAG-1_V12D07-075_C1,5
CGTAGCGCCGACGTTG-1_V12D07-075_C1,5
CGTATCTAGAACTAAG-1_V12D07-075_C1,2
CGTATTAAGAGATCTA-1_V12D07-075_C1,3
CGTCAAGGCTATAAAT-1_V12D07-075_C1,8
CGTCAATCTTTAACAT-1_V12D07-075_C1,8
CGTCACGTCCATTGGT-1_V12D07-075_C1,3
CGTCAGCTATTTACTC-1_V12D07-075_C1,8
CGTCAGTGCGCACAAG-1_V12D07-075_C1,5
CGTCATACCATATCCA-1_V12D07-075_C1,8
CGTCCAGATGGCTCCA-1_V12D07-075_C1,8
CGTCCTCATCGCGTGC-1_V12D07-075_C1,7
CGTCGCATGTGAGCCA-1_V12D07-075_C1,2
CGTCGCGGCGGGATTT-1_V12D07-075_C1,8
CGTCGGATAGTGTTGA-1_V12D07-075_C1,7
CGTCGTCCTTCGCGAA-1_V12D07-075_C1,3
CGTCTGGAAGGGCCCG-1_V12D07-075_C1,5
CGTCTTGAGTGTGACG-1_V12D07-075_C1,1
CGTGAAGTTAATTCAC-1_V12D07-075_C1,3
CGTGACATTGGGTCGT-1_V12D07-075_C1,6
CGTGACCAGTCCTCTG-1_V12D07-075_C1,3
CGTGCAGACTGGGACA-1_V12D07-075_C1,3
CGTGCATTGTCGACGC-1_V12D07-075_C1,7
CGTGCCCTCCCGAAGA-1_V12D07-075_C1,3
CGTGCTGGCCTAGTCG-1_V12D07-075_C1,8
CGTGGAAGCCTCGTAC-1_V12D07-075_C1,6
CGTGGCCGAATATCTA-1_V12D07-075_C1,2
CGTGTATGGGAGCTGA-1_V12D07-075_C1,2
CGTGTCCCATTCGCGA-1_V12D07-075_C1,8
CGTGTGTTAAACCCTG-1_V12D07-075_C1,1
CGTTAAACTAGTTAGG-1_V12D07-075_C1,7
CGTTAATGTCCCGACG-1_V12D07-075_C1,3
CGTTAGCTCACAACTG-1_V12D07-075_C1,6
CGTTCAGACCCGCGAA-1_V12D07-075_C1,2
CGTTCTTCGCACACCT-1_V12D07-075_C1,1
CGTTGAATACCGCGCT-1_V12D07-075_C1,3
CGTTGAGCGACCGTCG-1_V12D07-075_C1,3
CGTTGAGTAATTGCGT-1_V12D07-075_C1,1
CGTTGCCCGCGTGGGA-1_V12D07-075_C1,3
CGTTGTAAACGTCAGG-1_V12D07-075_C1,8
CGTTGTAAGATTGATT-1_V12D07-075_C1,1
CGTTGTCGGCAATTGA-1_V12D07-075_C1,2
CGTTGTTTCAATTCCC-1_V12D07-075_C1,8
CGTTTAAGCGGAGCAC-1_V12D07-075_C1,5
CGTTTACAAGGCAGCT-1_V12D07-075_C1,1
CGTTTCACTTCGGGCG-1_V12D07-075_C1,6
CGTTTCGCTCATTACA-1_V12D07-075_C1,8
CGTTTGGTGTTGTGGG-1_V12D07-075_C1,2
CGTTTGTGTAGAGGGT-1_V12D07-075_C1,7
CTAAAGAATGCCTACT-1_V12D07-075_C1,8
CTAAAGGGAAATAGGA-1_V12D07-075_C1,3
CTAAATCCTATTCCGG-1_V12D07-075_C1,6
CTAACCGCGCGCCCGT-1_V12D07-075_C1,8
CTAACGAAACTTGCTG-1_V12D07-075_C1,7
CTAACTGATAATCGCC-1_V12D07-075_C1,2
CTAACTGGTCCGGTTC-1_V12D07-075_C1,7
CTAAGGGAATGATTGG-1_V12D07-075_C1,3
CTAAGTACAGGGCTAC-1_V12D07-075_C1,1
CTAATTCGCACGCGCT-1_V12D07-075_C1,8
CTAATTCTCAGATATT-1_V12D07-075_C1,7
CTAATTTCAACAACAC-1_V12D07-075_C1,8
CTACACTCGCAGATGG-1_V12D07-075_C1,2
CTACCCTAAGGTCATA-1_V12D07-075_C1,7
CTACGACTAGCTATAA-1_V12D07-075_C1,8
CTACGCACGGAGTACC-1_V12D07-075_C1,3
CTACGCCATTTCCGAT-1_V12D07-075_C1,6
CTACGTGTTGCCACCA-1_V12D07-075_C1,5
CTACTATCTTTCAGAG-1_V12D07-075_C1,7
CTACTCAAGGTATAGT-1_V12D07-075_C1,7
CTACTCTAGGCCCGGC-1_V12D07-075_C1,8
CTACTGCCACCTGACC-1_V12D07-075_C1,3
CTAGACATATATGTAG-1_V12D07-075_C1,1
CTAGACTGCATTTCGT-1_V12D07-075_C1,1
CTAGATAAACTCCTCG-1_V12D07-075_C1,8
CTAGATGTGAGTGTAA-1_V12D07-075_C1,6
CTAGATTTACGACGGC-1_V12D07-075_C1,3
CTAGCATAGTATAATG-1_V12D07-075_C1,3
CTAGCCACAGGCGAGC-1_V12D07-075_C1,2
CTAGCCGATGTTATGA-1_V12D07-075_C1,6
CTAGCTTAATGGTCCC-1_V12D07-075_C1,6
CTAGGCGCCCTATCAG-1_V12D07-075_C1,3
CTAGGTCTGAAGGAAT-1_V12D07-075_C1,6
CTAGGTTCGGACGTGA-1_V12D07-075_C1,3
CTAGTAGAAAGGGATT-1_V12D07-075_C1,2
CTAGTATTCGGAATTA-1_V12D07-075_C1,6
CTAGTCACGTCTTAAG-1_V12D07-075_C1,3
CTAGTGAAGGACAGGA-1_V12D07-075_C1,8
CTAGTTACAACCCGGT-1_V12D07-075_C1,3
CTAGTTGGGCCCGGTA-1_V12D07-075_C1,3
CTATAAGAGCCAATCG-1_V12D07-075_C1,6
CTATCGACGAAATACA-1_V12D07-075_C1,2
CTATCGCGTAGAGAAC-1_V12D07-075_C1,2
CTATCGGGTCTCAACA-1_V12D07-075_C1,2
CTATGCCCGAATGCAA-1_V12D07-075_C1,3
CTATGGGAAGCGGAAT-1_V12D07-075_C1,2
CTATGTCACTAGCCCA-1_V12D07-075_C1,3
CTATGTCTATTGAAAC-1_V12D07-075_C1,5
CTATTCATGTGTCCCA-1_V12D07-075_C1,3
CTATTGTGTTTGGTCA-1_V12D07-075_C1,1
CTATTTGCTTGGAGGA-1_V12D07-075_C1,2
CTATTTGGTTACGGAT-1_V12D07-075_C1,2
CTCAACTAACCCGGAT-1_V12D07-075_C1,2
CTCAAGACATTAGCGC-1_V12D07-075_C1,1
CTCACATTTACTAAAT-1_V12D07-075_C1,3
CTCACCAGTACAAGTG-1_V12D07-075_C1,8
CTCACCGATCCAAACT-1_V12D07-075_C1,1
CTCACTGTGATACTTA-1_V12D07-075_C1,2
CTCACTTGGCTGGTAA-1_V12D07-075_C1,7
CTCAGGACTCACCTGT-1_V12D07-075_C1,4
CTCAGTCACGACAAAT-1_V12D07-075_C1,7
CTCATCACTTAGTGAT-1_V12D07-075_C1,1
CTCATGGCTCACAATC-1_V12D07-075_C1,5
CTCATTCGTGAACATC-1_V12D07-075_C1,8
CTCATTGCTCTAACAA-1_V12D07-075_C1,2
CTCATTTGATGGGCGG-1_V12D07-075_C1,6
CTCCCAATGAGTCGCG-1_V12D07-075_C1,6
CTCCGCCCACATGAGG-1_V12D07-075_C1,7
CTCCGGCCTAATATGC-1_V12D07-075_C1,6
CTCCGGCTTGTAGACA-1_V12D07-075_C1,8
CTCCTAAGTTATGTCT-1_V12D07-075_C1,8
CTCCTCCAGCTCACAC-1_V12D07-075_C1,3
CTCCTGTTCAAGGCAG-1_V12D07-075_C1,2
CTCCTTTACGCAAGTC-1_V12D07-075_C1,1
CTCGAATGGAACGTAT-1_V12D07-075_C1,1
CTCGAGATCCAAAGCA-1_V12D07-075_C1,8
CTCGAGGTCGAACAGT-1_V12D07-075_C1,3
CTCGATATTTGCGAGC-1_V12D07-075_C1,6
CTCGCACCTATATAGT-1_V12D07-075_C1,3
CTCGCCGAATGTAGGG-1_V12D07-075_C1,3
CTCGCTAGGTAAGCGA-1_V12D07-075_C1,2
CTCGGGATAACACCTA-1_V12D07-075_C1,1
CTCGGTACCACTGCTC-1_V12D07-075_C1,3
CTCGGTCCGTAGCCTG-1_V12D07-075_C1,5
CTCGTCTGTGCCTTCG-1_V12D07-075_C1,2
CTCGTTTCTAATGTTT-1_V12D07-075_C1,1
CTCTAATGCATTGATC-1_V12D07-075_C1,1
CTCTAGCCCTCGGAAA-1_V12D07-075_C1,2
CTCTATTTGGCTGCAG-1_V12D07-075_C1,3
CTCTCACAATCGATGA-1_V12D07-075_C1,2
CTCTCGCTGTACTATG-1_V12D07-075_C1,8
CTCTGCGAAGCAAGCA-1_V12D07-075_C1,5
CTCTGGACGCCTGGTG-1_V12D07-075_C1,3
CTCTGTTTGAGGATTC-1_V12D07-075_C1,5
CTCTTCTATTGACTGG-1_V12D07-075_C1,2
CTCTTGTCCCGCTTGG-1_V12D07-075_C1,3
CTGAAACGGCCCTCAG-1_V12D07-075_C1,1
CTGAAAGAGATCCGAC-1_V12D07-075_C1,6
CTGAATCCGAGACCTC-1_V12D07-075_C1,3
CTGAATTTATTGCCAG-1_V12D07-075_C1,1
CTGACATAGAAATAGA-1_V12D07-075_C1,6
CTGACTGCGCAGCTCG-1_V12D07-075_C1,7
CTGAGAAAGTTCGGCG-1_V12D07-075_C1,6
CTGAGAGTAGAAATAC-1_V12D07-075_C1,2
CTGAGCAAGTAACAAG-1_V12D07-075_C1,8
CTGAGCGAGACTTATT-1_V12D07-075_C1,1
CTGATAGTGTATCTCA-1_V12D07-075_C1,4
CTGCAAGCACGTTCCG-1_V12D07-075_C1,2
CTGCACAACTACATAT-1_V12D07-075_C1,3
CTGCACCTAGTCCACA-1_V12D07-075_C1,1
CTGCACCTGGAACCGC-1_V12D07-075_C1,5
CTGCACTCCAGTACAG-1_V12D07-075_C1,3
CTGCAGAGAATCAGAG-1_V12D07-075_C1,2
CTGCAGGTGCTCGGCC-1_V12D07-075_C1,8
CTGCCAAGGTTGGAAG-1_V12D07-075_C1,6
CTGCCATGCATCACAT-1_V12D07-075_C1,3
CTGCCCACGAAGCGTT-1_V12D07-075_C1,8
CTGCCTAGCCACCAAG-1_V12D07-075_C1,1
CTGCCTCATATGCAAC-1_V12D07-075_C1,1
CTGCCTTTCTAGTAAA-1_V12D07-075_C1,2
CTGCGGGTGAAATGTT-1_V12D07-075_C1,4
CTGCGGTAGTCACGTG-1_V12D07-075_C1,1
CTGCGTTACGATATAA-1_V12D07-075_C1,6
CTGCTGAGGCCACGAA-1_V12D07-075_C1,7
CTGCTGTCTAACGAGC-1_V12D07-075_C1,6
CTGCTTGGCGATAGCT-1_V12D07-075_C1,3
CTGCTTTATGTCCGCG-1_V12D07-075_C1,1
CTGGAAATGGATGCTT-1_V12D07-075_C1,8
CTGGAAGACACGGTGG-1_V12D07-075_C1,3
CTGGATTTACACTTGA-1_V12D07-075_C1,3
CTGGCGACATAAGTCC-1_V12D07-075_C1,6
CTGGCGCACAGGTCTG-1_V12D07-075_C1,2
CTGGCGGGAATAAGTA-1_V12D07-075_C1,8
CTGGCTCCTGCGGGAT-1_V12D07-075_C1,5
CTGGCTGATTCATCCT-1_V12D07-075_C1,2
CTGGCTGGTTGTCAGT-1_V12D07-075_C1,3
CTGGGATAAATAATGG-1_V12D07-075_C1,2
CTGGGATACGCTACCC-1_V12D07-075_C1,1
CTGGGCCTGCTATATC-1_V12D07-075_C1,7
CTGGGCTATCCTTTGG-1_V12D07-075_C1,1
CTGGGTAGGCAGTTAA-1_V12D07-075_C1,3
CTGGTAAAGACTTACA-1_V12D07-075_C1,2
CTGGTAAAGTGTGGGC-1_V12D07-075_C1,2
CTGGTAACACATAGAA-1_V12D07-075_C1,2
CTGGTAACGAGCTCTT-1_V12D07-075_C1,7
CTGGTCATTCCAATCC-1_V12D07-075_C1,8
CTGGTCCTAACTTGGC-1_V12D07-075_C1,5
CTGGTTCAACGCATCA-1_V12D07-075_C1,5
CTGGTTCGCGAGCTAC-1_V12D07-075_C1,1
CTGGTTTCGAGCAAGA-1_V12D07-075_C1,2
CTGTACTTCTTAGCAT-1_V12D07-075_C1,3
CTGTAGCCATCTCACT-1_V12D07-075_C1,7
CTGTATGGTGTAGAAA-1_V12D07-075_C1,8
CTGTCAAATGGCTCGG-1_V12D07-075_C1,6
CTGTCACGCCAGGCGC-1_V12D07-075_C1,1
CTGTCTGTGGCTGGCT-1_V12D07-075_C1,8
CTGTGCAGGGTAGGTC-1_V12D07-075_C1,3
CTGTGGTCGGGAGATA-1_V12D07-075_C1,3
CTGTTACCCAATCTAG-1_V12D07-075_C1,3
CTGTTCACTGCCTGTG-1_V12D07-075_C1,6
CTGTTCATCTCACGGG-1_V12D07-075_C1,8
CTGTTGGCTCTTCTGA-1_V12D07-075_C1,8
CTTAAATAAGACCCAT-1_V12D07-075_C1,8
CTTAACTTACAGTATA-1_V12D07-075_C1,7
CTTAACTTCGAAGTAC-1_V12D07-075_C1,5
CTTACACGGTATTCCA-1_V12D07-075_C1,8
CTTACACTGGGAAATA-1_V12D07-075_C1,5
CTTACTGACTCCTCTG-1_V12D07-075_C1,2
CTTAGCCCGGATAGTG-1_V12D07-075_C1,8
CTTAGCCTTCCACATG-1_V12D07-075_C1,6
CTTAGTAGGCCTACAG-1_V12D07-075_C1,6
CTTAGTGTAGTAGCAT-1_V12D07-075_C1,3
CTTATAGATGGCTGTT-1_V12D07-075_C1,2
CTTATGTTGACTACCA-1_V12D07-075_C1,8
CTTCAACTCCACTTGG-1_V12D07-075_C1,3
CTTCATAGCTCAAGAA-1_V12D07-075_C1,8
CTTCATTGTCAGTGGA-1_V12D07-075_C1,3
CTTCCGCTCCGTGAAG-1_V12D07-075_C1,7
CTTCGATTGCGCAAGC-1_V12D07-075_C1,2
CTTCGGCCAATTGTTT-1_V12D07-075_C1,2
CTTCGTAGATAGGTGA-1_V12D07-075_C1,8
CTTCTATGTTGAAGTA-1_V12D07-075_C1,7
CTTCTATTAATGCTAG-1_V12D07-075_C1,7
CTTCTTACGTCGTATA-1_V12D07-075_C1,5
CTTGACCCGAAAGATA-1_V12D07-075_C1,5
CTTGAGGTTATCCCGA-1_V12D07-075_C1,8
CTTGAGTTAGGGTAAT-1_V12D07-075_C1,2
CTTGATGACCATCCAG-1_V12D07-075_C1,2
CTTGCCCACCCACGCA-1_V12D07-075_C1,2
CTTGCCCAGGCTCTAC-1_V12D07-075_C1,3
CTTGGCCAAGCTGGGA-1_V12D07-075_C1,3
CTTGTACTTGTTGACT-1_V12D07-075_C1,6
CTTGTCAACATTCGAG-1_V12D07-075_C1,3
CTTGTGAGGACAGCGG-1_V12D07-075_C1,8
CTTGTGAGTCTTTGAC-1_V12D07-075_C1,5
CTTGTGCTCACCGATT-1_V12D07-075_C1,6
CTTGTTGCTGAGTCAA-1_V12D07-075_C1,2
CTTGTTTATGTAGCCA-1_V12D07-075_C1,8
CTTTAACTTTCAAAGG-1_V12D07-075_C1,3
CTTTAATATTGGTCGA-1_V12D07-075_C1,3
CTTTACCGAATAGTAG-1_V12D07-075_C1,3
CTTTAGGAACACTGTT-1_V12D07-075_C1,2
CTTTAGTGCTATTATT-1_V12D07-075_C1,3
CTTTCTGTGCGGGCTT-1_V12D07-075_C1,3
CTTTGCATCGCTCTTG-1_V12D07-075_C1,2
CTTTGCTGTCATGGAT-1_V12D07-075_C1,6
CTTTGGCAGACAGAGT-1_V12D07-075_C1,1
CTTTGGCGCTTTATAC-1_V12D07-075_C1,8
CTTTGGCTTTAGTAAA-1_V12D07-075_C1,8
CTTTGGGATTGTTGCA-1_V12D07-075_C1,7
GAAACAGATGACCACC-1_V12D07-075_C1,2
GAAACAGCCATGCAGT-1_V12D07-075_C1,5
GAAACCATGGTGCGCT-1_V12D07-075_C1,1
GAAACCGAATTACCTT-1_V12D07-075_C1,3
GAAACCTATACAAATG-1_V12D07-075_C1,3
GAAACTCGTGCGATGC-1_V12D07-075_C1,8
GAAACTCTAATGAAGG-1_V12D07-075_C1,5
GAAAGAACAGCGTTAT-1_V12D07-075_C1,6
GAAAGCAGTGCACTTT-1_V12D07-075_C1,3
GAAAGCCCTTTGGACC-1_V12D07-075_C1,8
GAAAGTGACTAACTGC-1_V12D07-075_C1,8
GAAATACCTGCTGGCT-1_V12D07-075_C1,1
GAAATACTAAACGTTT-1_V12D07-075_C1,4
GAAATATCACCATCAG-1_V12D07-075_C1,8
GAAATATGCTTGAATG-1_V12D07-075_C1,1
GAAATCGCGCGCAACT-1_V12D07-075_C1,5
GAAATCTGACCAAGTT-1_V12D07-075_C1,8
GAAATGGCGGTGTTAG-1_V12D07-075_C1,8
GAAATGGGATGTAAAC-1_V12D07-075_C1,8
GAAATTAGCACGGATA-1_V12D07-075_C1,6
GAAATTCACATCGCTG-1_V12D07-075_C1,5
GAAATTGTCTCTATAA-1_V12D07-075_C1,3
GAACAACTGGGATGAA-1_V12D07-075_C1,2
GAACACACATCAACCA-1_V12D07-075_C1,8
GAACAGATTACTAAAT-1_V12D07-075_C1,3
GAACCCTCTGTGTTCT-1_V12D07-075_C1,3
GAACCTCGACCTACAC-1_V12D07-075_C1,7
GAACCTTTAACGATCC-1_V12D07-075_C1,2
GAACGACCGAATGATA-1_V12D07-075_C1,5
GAACGATAAGTTAAAG-1_V12D07-075_C1,1
GAACGCGGGTCACACG-1_V12D07-075_C1,6
GAACGTCTCATGGTCG-1_V12D07-075_C1,7
GAACGTTAGGAAGACG-1_V12D07-075_C1,8
GAACTGTGGAGAGACA-1_V12D07-075_C1,2
GAACTTAGCGCCCGGT-1_V12D07-075_C1,1
GAAGAACGGTGCAGGT-1_V12D07-075_C1,5
GAAGCCACTGATTATG-1_V12D07-075_C1,2
GAAGCCGGGTAAGCTC-1_V12D07-075_C1,8
GAAGCCTGCACATTCC-1_V12D07-075_C1,3
GAAGCGTGAGGAATTT-1_V12D07-075_C1,3
GAAGCTCTTTGCTTAG-1_V12D07-075_C1,8
GAAGCTTGCTGACCGC-1_V12D07-075_C1,8
GAAGGAGTCGAGTGCG-1_V12D07-075_C1,2
GAAGGCTACCATTGTT-1_V12D07-075_C1,1
GAAGGGCATAACCATG-1_V12D07-075_C1,4
GAAGTCAGTTGCACTA-1_V12D07-075_C1,3
GAAGTCTCCCTAGCGA-1_V12D07-075_C1,2
GAAGTGATTTATCGTG-1_V12D07-075_C1,8
GAAGTGCTGGATAGCT-1_V12D07-075_C1,5
GAAGTTTCCACTCAAT-1_V12D07-075_C1,8
GAATAGACGCGACCCA-1_V12D07-075_C1,2
GAATAGCATTTAGGGT-1_V12D07-075_C1,1
GAATAGCCCTGCGGTC-1_V12D07-075_C1,1
GAATATTCGGAGTCCC-1_V12D07-075_C1,6
GAATCGACATGGTCAC-1_V12D07-075_C1,8
GAATCGCCGGACACGG-1_V12D07-075_C1,5
GAATCTGAACATTCTC-1_V12D07-075_C1,3
GAATGAAGGTCTTCAG-1_V12D07-075_C1,1
GAATGCCGAAATGACC-1_V12D07-075_C1,8
GAATGCGAATCGGTTC-1_V12D07-075_C1,2
GAATGGGCTTATCGAC-1_V12D07-075_C1,8
GAATGTATGGCAGGTC-1_V12D07-075_C1,6
GAATGTGGTCCGGATT-1_V12D07-075_C1,3
GAATGTTGGGTAATCT-1_V12D07-075_C1,3
GAATTATAGTGAAAGG-1_V12D07-075_C1,2
GAATTCACCCGGGTGT-1_V12D07-075_C1,3
GAATTTCTCGCTGCAG-1_V12D07-075_C1,4
GACAAACATATGCAGG-1_V12D07-075_C1,2
GACAACGACCATTGAA-1_V12D07-075_C1,6
GACAACGCAGCTTACG-1_V12D07-075_C1,6
GACAAGACGCCCGTGC-1_V12D07-075_C1,2
GACAAGAGATGAGATT-1_V12D07-075_C1,2
GACACAAGGGAAGAAA-1_V12D07-075_C1,2
GACACAGCCGGGACTG-1_V12D07-075_C1,2
GACACGAGTTAGAGGA-1_V12D07-075_C1,8
GACACTGAGTTCAGTG-1_V12D07-075_C1,3
GACACTGGAACCCGAT-1_V12D07-075_C1,2
GACACTTCCAATTACC-1_V12D07-075_C1,2
GACAGCCAGACCTGAC-1_V12D07-075_C1,3
GACAGGCACACACTAT-1_V12D07-075_C1,8
GACATACTGTCGCAGA-1_V12D07-075_C1,4
GACATCCGTCGAACTG-1_V12D07-075_C1,2
GACATCGATTTATAAC-1_V12D07-075_C1,7
GACCAAACGTTGACTG-1_V12D07-075_C1,2
GACCACACTTCCCTTT-1_V12D07-075_C1,2
GACCAGAGCCCTGTAG-1_V12D07-075_C1,8
GACCCGTCGCCGGCTA-1_V12D07-075_C1,5
GACCGACGTGAAAGCA-1_V12D07-075_C1,1
GACCGACTGAAGCGTC-1_V12D07-075_C1,8
GACCGCGTCTGACGTG-1_V12D07-075_C1,7
GACCGTCAGGTCGTGA-1_V12D07-075_C1,6
GACCGTGCTGACGGTG-1_V12D07-075_C1,3
GACCGTTACATGCGAC-1_V12D07-075_C1,8
GACCTGGTCTGGGCGT-1_V12D07-075_C1,8
GACCTTCCACGTCTAC-1_V12D07-075_C1,2
GACGACGATCCGCGTT-1_V12D07-075_C1,3
GACGAGGCTAATAAAC-1_V12D07-075_C1,2
GACGCCGTAAAGGCTA-1_V12D07-075_C1,3
GACGCCTGTTGCAGGG-1_V12D07-075_C1,5
GACGCTTGCTTCTAAA-1_V12D07-075_C1,8
GACGGGTTGGCCCGTA-1_V12D07-075_C1,3
GACGGTCAATAGAAGC-1_V12D07-075_C1,7
GACGGTCCTAGGGTGT-1_V12D07-075_C1,1
GACGTGAGACTCCATG-1_V12D07-075_C1,5
GACGTGTAGGGATTAT-1_V12D07-075_C1,8
GACGTTCGTAAATACA-1_V12D07-075_C1,1
GACTAACACAGCACCT-1_V12D07-075_C1,1
GACTAAGATCATGCAC-1_V12D07-075_C1,6
GACTAAGTAGGCTCAC-1_V12D07-075_C1,8
GACTACAATTGCTCGT-1_V12D07-075_C1,1
GACTAGGCCGTTAGGT-1_V12D07-075_C1,2
GACTCACCCACGTGAG-1_V12D07-075_C1,3
GACTCCCAGAATAAGG-1_V12D07-075_C1,1
GACTCGCGGGAATGAC-1_V12D07-075_C1,7
GACTCGGTCGGCGGAT-1_V12D07-075_C1,1
GACTGATTGGTCACAA-1_V12D07-075_C1,1
GACTGCAAATCGAGCT-1_V12D07-075_C1,3
GACTGCACCAGCCCAG-1_V12D07-075_C1,3
GACTGCGGCACGTGTA-1_V12D07-075_C1,8
GACTGGGCGCCGCAAC-1_V12D07-075_C1,1
GAGAAACTGGATCCCA-1_V12D07-075_C1,2
GAGAACGGTTCTGACT-1_V12D07-075_C1,2
GAGAATCTCACGATCA-1_V12D07-075_C1,8
GAGACCCTGCAACGCC-1_V12D07-075_C1,1
GAGACTGATGGGTAGA-1_V12D07-075_C1,8
GAGACTTCGCGACCGA-1_V12D07-075_C1,3
GAGAGCGCAGTCCCTG-1_V12D07-075_C1,8
GAGAGGCCTATGTGTA-1_V12D07-075_C1,2
GAGAGGGCGCGAGGTT-1_V12D07-075_C1,8
GAGAGGTGCATTCTGG-1_V12D07-075_C1,7
GAGATCTGCTTGGCAT-1_V12D07-075_C1,8
GAGATCTGTCACTCCG-1_V12D07-075_C1,2
GAGATCTTCCATGACA-1_V12D07-075_C1,3
GAGATGACAATCCTTA-1_V12D07-075_C1,1
GAGATGGCTTTAATCA-1_V12D07-075_C1,2
GAGATGGGAGTCGACA-1_V12D07-075_C1,3
GAGCACCTGTGTCCAG-1_V12D07-075_C1,3
GAGCACGGCGCCTCTT-1_V12D07-075_C1,1
GAGCATCATCCCTGGG-1_V12D07-075_C1,5
GAGCCACGGTAGTAGG-1_V12D07-075_C1,5
GAGCCAGCTACCTGTG-1_V12D07-075_C1,3
GAGCCGAGCGTTTATT-1_V12D07-075_C1,1
GAGCGAGGGAGTACCG-1_V12D07-075_C1,5
GAGCGCAAATACTCCG-1_V12D07-075_C1,2
GAGCGCGCACGAGTAG-1_V12D07-075_C1,2
GAGCGGAATGCGGTGT-1_V12D07-075_C1,3
GAGCTAAGGGCATATC-1_V12D07-075_C1,7
GAGCTCTCGGACCTAA-1_V12D07-075_C1,8
GAGCTGTCGTCTCGGA-1_V12D07-075_C1,1
GAGGAATGGAGAGGTT-1_V12D07-075_C1,8
GAGGAGATCCTCATGC-1_V12D07-075_C1,8
GAGGATAAACAGTGCT-1_V12D07-075_C1,1
GAGGCATTTGCAGCAG-1_V12D07-075_C1,1
GAGGCCTGTTGATACA-1_V12D07-075_C1,2
GAGGCTATCAAAGTCG-1_V12D07-075_C1,8
GAGGGCATCGCGTATC-1_V12D07-075_C1,5
GAGGGCGCAGCTCTGC-1_V12D07-075_C1,7
GAGGTACATCCATCTT-1_V12D07-075_C1,5
GAGGTACGCGTGTCCC-1_V12D07-075_C1,2
GAGGTCCCAAAGATCT-1_V12D07-075_C1,8
GAGTAAACCGGAAAGT-1_V12D07-075_C1,6
GAGTAAATTAAGAACC-1_V12D07-075_C1,2
GAGTACGGGTATACAA-1_V12D07-075_C1,5
GAGTAGATACTAGTTG-1_V12D07-075_C1,3
GAGTATCAAAGTTACA-1_V12D07-075_C1,2
GAGTATGCCCGCCTTG-1_V12D07-075_C1,7
GAGTATGCGCGTGCAT-1_V12D07-075_C1,2
GAGTCAGACCAGAATC-1_V12D07-075_C1,7
GAGTCCGCTTACCGGA-1_V12D07-075_C1,3
GAGTCGACAGACCCTC-1_V12D07-075_C1,8
GAGTGTCAACCAGAAA-1_V12D07-075_C1,2
GAGTGTGCGGTACCCA-1_V12D07-075_C1,2
GATAAATCGGTGGATG-1_V12D07-075_C1,5
GATAACTCGCACTGTG-1_V12D07-075_C1,2
GATAAGGCAGATGCAA-1_V12D07-075_C1,5
GATACCGTGTCGGAGT-1_V12D07-075_C1,1
GATACGATGGGAGTCA-1_V12D07-075_C1,7
GATAGAACCCGCTAGG-1_V12D07-075_C1,3
GATAGCGTACCACGCG-1_V12D07-075_C1,8
GATAGGATTAATTACA-1_V12D07-075_C1,1
GATAGGTAACGTTGAC-1_V12D07-075_C1,3
GATAGGTGTCCCGGGC-1_V12D07-075_C1,1
GATATCAGTATGTATC-1_V12D07-075_C1,8
GATATCTCATGCAATA-1_V12D07-075_C1,5
GATATGAGACACTAAC-1_V12D07-075_C1,2
GATATGCGGTAGCCAA-1_V12D07-075_C1,6
GATATGGATTACGCGG-1_V12D07-075_C1,4
GATATTGAGATTGGCG-1_V12D07-075_C1,7
GATATTTCCTACATGG-1_V12D07-075_C1,6
GATCATTCCAAACATT-1_V12D07-075_C1,3
GATCCCTTTATACTGC-1_V12D07-075_C1,3
GATCCGAATATAAGTG-1_V12D07-075_C1,1
GATCCGGGAATTAACA-1_V12D07-075_C1,3
GATCCTAAATCGGGAC-1_V12D07-075_C1,7
GATCCTCTTGCGCTTA-1_V12D07-075_C1,1
GATCGACACTATCTGA-1_V12D07-075_C1,8
GATCGCGGGCTCTCCA-1_V12D07-075_C1,3
GATCGCTACCCGATTT-1_V12D07-075_C1,2
GATCGGCGATAAGTCG-1_V12D07-075_C1,8
GATCGGTGGCCATAAC-1_V12D07-075_C1,3
GATCGTGACTGATATC-1_V12D07-075_C1,3
GATCTCGACGCTGTGG-1_V12D07-075_C1,6
GATCTGCTATCTAAGG-1_V12D07-075_C1,3
GATCTTCATTGTCCTC-1_V12D07-075_C1,8
GATCTTGGAGGGCATA-1_V12D07-075_C1,3
GATCTTTGCAGGGTAT-1_V12D07-075_C1,8
GATCTTTGCTCAAAGA-1_V12D07-075_C1,1
GATGACGATGATCGCG-1_V12D07-075_C1,1
GATGAGGAACCTTCGG-1_V12D07-075_C1,2
GATGCCAGCAGAAGGC-1_V12D07-075_C1,8
GATGCGAATGGTATTA-1_V12D07-075_C1,8
GATGCGTCCTGCATTC-1_V12D07-075_C1,3
GATGCTACAAGCGCCT-1_V12D07-075_C1,5
GATGCTACCTTCGATG-1_V12D07-075_C1,3
GATGCTGTATTTCATC-1_V12D07-075_C1,3
GATGGCGCACACATTA-1_V12D07-075_C1,8
GATGGTGAAATAACCC-1_V12D07-075_C1,1
GATGGTGCCCTAGGCA-1_V12D07-075_C1,5
GATGTCCGGATCACAT-1_V12D07-075_C1,5
GATGTCGGTCAACTGC-1_V12D07-075_C1,5
GATGTGTTGTCACAAG-1_V12D07-075_C1,5
GATGTTCAATCCACGA-1_V12D07-075_C1,8
GATGTTTGTGCGAGAT-1_V12D07-075_C1,8
GATTAACCGAAAGCCC-1_V12D07-075_C1,2
GATTACTGAATTTGGG-1_V12D07-075_C1,8
GATTCCCTTGTCGCAG-1_V12D07-075_C1,3
GATTCCGCGTTTCCGT-1_V12D07-075_C1,5
GATTCCTATACGGCGC-1_V12D07-075_C1,8
GATTCGACGGTTCACG-1_V12D07-075_C1,3
GATTGACACTCTGCTC-1_V12D07-075_C1,5
GATTGGGAAAGGTTGT-1_V12D07-075_C1,2
GCAAACCCTACATTAT-1_V12D07-075_C1,3
GCAAACCTTGGCCATA-1_V12D07-075_C1,3
GCAAACGTCGCCAGGT-1_V12D07-075_C1,6
GCAAATATTACGCTTT-1_V12D07-075_C1,8
GCAAATGAGGACACTT-1_V12D07-075_C1,8
GCAACAGCAGTATGCG-1_V12D07-075_C1,2
GCAACCACCAGACCGG-1_V12D07-075_C1,1
GCAACCACGGCCGCGT-1_V12D07-075_C1,7
GCAACCCAAGTTGTTT-1_V12D07-075_C1,8
GCAACGGCTAGTTATG-1_V12D07-075_C1,1
GCAAGAATTCCTTGGC-1_V12D07-075_C1,7
GCAAGATGTGTTCGCG-1_V12D07-075_C1,1
GCAAGTGCACAGAGAA-1_V12D07-075_C1,8
GCAATTAGTCGCACCG-1_V12D07-075_C1,1
GCACAAACGAGGCGTG-1_V12D07-075_C1,6
GCACAAGTGGATCATA-1_V12D07-075_C1,8
GCACAAGTGTCGGAAG-1_V12D07-075_C1,5
GCACACACTGGTAGCC-1_V12D07-075_C1,2
GCACACGCCCATGGTC-1_V12D07-075_C1,8
GCACCTTCCCGAAGGT-1_V12D07-075_C1,2
GCACGCCTACTTAGAT-1_V12D07-075_C1,7
GCACGTGGTTTACTTA-1_V12D07-075_C1,2
GCACTAGTCGCGCTAT-1_V12D07-075_C1,5
GCACTGCCTACCTTTA-1_V12D07-075_C1,2
GCACTGTGCAAATGTA-1_V12D07-075_C1,5
GCAGAAGGTAATCTCC-1_V12D07-075_C1,6
GCAGACCCAGCACGTA-1_V12D07-075_C1,3
GCAGATCCATAAGACT-1_V12D07-075_C1,3
GCAGATCCTCGCAAAT-1_V12D07-075_C1,8
GCAGATTAGGGATATC-1_V12D07-075_C1,3
GCAGCACACAGCCCAG-1_V12D07-075_C1,8
GCAGCCTATATCACAT-1_V12D07-075_C1,1
GCAGCGGTGGGCATTA-1_V12D07-075_C1,5
GCAGCTATGGACAGGT-1_V12D07-075_C1,1
GCAGCTGTCAACGCAT-1_V12D07-075_C1,7
GCAGGACTATAGAATA-1_V12D07-075_C1,8
GCAGGTAGAGTATGGT-1_V12D07-075_C1,6
GCAGTGCGGGCGGATG-1_V12D07-075_C1,6
GCAGTGTGGCTATAGG-1_V12D07-075_C1,3
GCAGTTCGATCCGAGC-1_V12D07-075_C1,2
GCATACGAGGTCTTTA-1_V12D07-075_C1,7
GCATAGAGCACTCAGG-1_V12D07-075_C1,3
GCATCCCTAACTTTGA-1_V12D07-075_C1,8
GCATCGGCCGTGTAGG-1_V12D07-075_C1,2
GCATGACACAAAGGAA-1_V12D07-075_C1,2
GCATGAGGGACGCGGC-1_V12D07-075_C1,7
GCATGCTAATAACGAT-1_V12D07-075_C1,2
GCATGGGTACTGACGC-1_V12D07-075_C1,8
GCATTCAAGGCAACGC-1_V12D07-075_C1,1
GCATTCGAAATGAACA-1_V12D07-075_C1,8
GCATTTCCAAGGCTCC-1_V12D07-075_C1,1
GCCAACCATTTCCGGA-1_V12D07-075_C1,1
GCCAATAGGGCATCTC-1_V12D07-075_C1,6
GCCACAATTTAAGGAC-1_V12D07-075_C1,7
GCCACTCAGAGCGCGA-1_V12D07-075_C1,2
GCCACTCCTTACGGTA-1_V12D07-075_C1,2
GCCAGGAGTAACCGAT-1_V12D07-075_C1,6
GCCAGGCGTTCGCATG-1_V12D07-075_C1,1
GCCAGGCTTAGTGGTA-1_V12D07-075_C1,8
GCCATATTGCACACAG-1_V12D07-075_C1,6
GCCATCGAGCTGCGTG-1_V12D07-075_C1,7
GCCATCGATGCTGCAT-1_V12D07-075_C1,6
GCCCACCAAGGCTGTC-1_V12D07-075_C1,5
GCCCAGATGCTGGAGA-1_V12D07-075_C1,1
GCCCAGTTGGTATGCC-1_V12D07-075_C1,8
GCCCGATCTGTGGTCG-1_V12D07-075_C1,3
GCCCGCGCGTAAACGG-1_V12D07-075_C1,7
GCCCGCGCGTTTGACA-1_V12D07-075_C1,8
GCCCGTAATACCTTCT-1_V12D07-075_C1,7
GCCCTGAGGATGGGCT-1_V12D07-075_C1,2
GCCGAAATTCCTACGT-1_V12D07-075_C1,8
GCCGATTGGCCAAGCT-1_V12D07-075_C1,3
GCCGCACTCCGTTTCA-1_V12D07-075_C1,1
GCCGCATTAGTCCGGC-1_V12D07-075_C1,4
GCCGCTTGTGAGAAAC-1_V12D07-075_C1,8
GCCGGGTTAGGGTCGC-1_V12D07-075_C1,3
GCCGGTCGTATCTCTC-1_V12D07-075_C1,3
GCCGTGGAAGAAATGT-1_V12D07-075_C1,1
GCCTACGTTCTGTGCA-1_V12D07-075_C1,2
GCCTAGCGATCTGACC-1_V12D07-075_C1,8
GCCTATAGTGTCAGGG-1_V12D07-075_C1,7
GCCTATCAGGTAAGAT-1_V12D07-075_C1,2
GCCTATGCTGGGCCTT-1_V12D07-075_C1,1
GCCTATTCCGATATAG-1_V12D07-075_C1,8
GCCTATTTGCTACACA-1_V12D07-075_C1,5
GCCTCATCTGGAAATA-1_V12D07-075_C1,2
GCCTCCGACAATTCAC-1_V12D07-075_C1,2
GCCTCTATACATAGCA-1_V12D07-075_C1,3
GCCTGCTACACTGAGA-1_V12D07-075_C1,1
GCCTTCAGCCCTACCG-1_V12D07-075_C1,5
GCCTTGTATATGCAGT-1_V12D07-075_C1,8
GCGAAACGATCGGGAG-1_V12D07-075_C1,2
GCGAAACTTAACTGGA-1_V12D07-075_C1,3
GCGAAGAATCTGACGG-1_V12D07-075_C1,2
GCGAAGCCATACCCGT-1_V12D07-075_C1,3
GCGACATGTAAACATC-1_V12D07-075_C1,6
GCGACGATAGTTGTAC-1_V12D07-075_C1,3
GCGAGAAACGGGAGTT-1_V12D07-075_C1,8
GCGAGAGGCCATGTAA-1_V12D07-075_C1,1
GCGAGAGTTGCGTCCA-1_V12D07-075_C1,6
GCGAGCGCATGCTCCC-1_V12D07-075_C1,6
GCGAGGCCCGAGCAGA-1_V12D07-075_C1,8
GCGAGTTCTGCAAAGA-1_V12D07-075_C1,3
GCGATGTCTGTGCTTG-1_V12D07-075_C1,8
GCGATTCTGGAAGCAG-1_V12D07-075_C1,5
GCGATTGTTAACGTTA-1_V12D07-075_C1,7
GCGCAAGAGCGCGCTG-1_V12D07-075_C1,2
GCGCATCCAGTCAGCA-1_V12D07-075_C1,7
GCGCCGTTCCACGATA-1_V12D07-075_C1,3
GCGCCTCCCACTCCGA-1_V12D07-075_C1,7
GCGCGGTCTAGTAACT-1_V12D07-075_C1,3
GCGCGTCATTGGTACA-1_V12D07-075_C1,3
GCGCTAATTGAATAGA-1_V12D07-075_C1,2
GCGCTATGCCGAGGCA-1_V12D07-075_C1,3
GCGCTCGATCACCTGT-1_V12D07-075_C1,1
GCGCTGATCCAGACTC-1_V12D07-075_C1,6
GCGCTGCTTTGCATTT-1_V12D07-075_C1,7
GCGCTGGCGGAAAGTC-1_V12D07-075_C1,8
GCGCTTAAATAATTGG-1_V12D07-075_C1,2
GCGGACCGCGTTGTGG-1_V12D07-075_C1,7
GCGGAGAGGGAGAACG-1_V12D07-075_C1,3
GCGGCTCTGACGTACC-1_V12D07-075_C1,8
GCGGCTTTAGCAAGTT-1_V12D07-075_C1,2
GCGGGAACCAGGCCCT-1_V12D07-075_C1,5
GCGGGCATTACGATGC-1_V12D07-075_C1,1
GCGGGCGAGCCTTACC-1_V12D07-075_C1,7
GCGGTAACCCAAATGA-1_V12D07-075_C1,8
GCGGTCCCGGTGAAGG-1_V12D07-075_C1,1
GCGGTCCCTAGACGCA-1_V12D07-075_C1,5
GCGGTGAACTGCGCTC-1_V12D07-075_C1,6
GCGGTGCGGAGCATCG-1_V12D07-075_C1,8
GCGGTTCCCTATCATG-1_V12D07-075_C1,3
GCGTAAATGGCCATAA-1_V12D07-075_C1,6
GCGTCGAAATGTCGGT-1_V12D07-075_C1,5
GCGTCGCCAGGGTGAT-1_V12D07-075_C1,3
GCGTCTAACCTCCTAA-1_V12D07-075_C1,1
GCGTCTCTGCATTGGG-1_V12D07-075_C1,8
GCGTGGTACTGGGTTA-1_V12D07-075_C1,7
GCGTTATATTTGGAAC-1_V12D07-075_C1,8
GCGTTCGGAGACCGGG-1_V12D07-075_C1,1
GCGTTCTGACTAAGCG-1_V12D07-075_C1,7
GCTAAACCTGAGGTGA-1_V12D07-075_C1,8
GCTAACTGAAGTCTGA-1_V12D07-075_C1,2
GCTAAGTAAAGGCGAT-1_V12D07-075_C1,8
GCTAAGTAGTTTCTCT-1_V12D07-075_C1,2
GCTAATACCGAATGCC-1_V12D07-075_C1,8
GCTACAATCGAGGATA-1_V12D07-075_C1,2
GCTACAGTACGGACCG-1_V12D07-075_C1,7
GCTACGACTTATTGGG-1_V12D07-075_C1,3
GCTACTATAGTAGAGT-1_V12D07-075_C1,2
GCTAGACCGTCTACTG-1_V12D07-075_C1,2
GCTAGAGTAGAGATGT-1_V12D07-075_C1,2
GCTAGCACCTGGGCCA-1_V12D07-075_C1,1
GCTAGCAGGGAGTGGG-1_V12D07-075_C1,1
GCTAGCTTGAATAGCT-1_V12D07-075_C1,7
GCTAGGCACCACGGAG-1_V12D07-075_C1,4
GCTAGTAGAGCTTGTA-1_V12D07-075_C1,3
GCTAGTTTCATTGAGG-1_V12D07-075_C1,8
GCTATACGTCTCGGAC-1_V12D07-075_C1,3
GCTATCATACTCATGG-1_V12D07-075_C1,3
GCTATCGCGGCGCAAC-1_V12D07-075_C1,8
GCTCAACCTCTTAGAG-1_V12D07-075_C1,8
GCTCAATGTAATACCG-1_V12D07-075_C1,3
GCTCATTACTGCATGT-1_V12D07-075_C1,1
GCTCCATGAGTGCAGA-1_V12D07-075_C1,7
GCTCCATGCAAAGCAA-1_V12D07-075_C1,3
GCTCCCAGTCGGTCCA-1_V12D07-075_C1,7
GCTCCGCTCGCTTCAG-1_V12D07-075_C1,1
GCTCGCGGTTCCGCTC-1_V12D07-075_C1,8
GCTCGCTCATGTCCAA-1_V12D07-075_C1,2
GCTCGGAATTTAAAGC-1_V12D07-075_C1,6
GCTCTAAACCCTGACG-1_V12D07-075_C1,8
GCTCTATGTTACGTGC-1_V12D07-075_C1,8
GCTCTCGGGTACCGAA-1_V12D07-075_C1,8
GCTCTTTCCGCTAGTG-1_V12D07-075_C1,3
GCTGAACTCTCCAGGG-1_V12D07-075_C1,1
GCTGAGCAACGGTTCT-1_V12D07-075_C1,8
GCTGAGGCGTGAGTAT-1_V12D07-075_C1,3
GCTGCACGGTTTCTTA-1_V12D07-075_C1,3
GCTGCGCCTCCCACGT-1_V12D07-075_C1,8
GCTGCTAAGTAGTCGA-1_V12D07-075_C1,3
GCTGCTACTGCGTAGC-1_V12D07-075_C1,3
GCTGCTCTCCGGACAC-1_V12D07-075_C1,3
GCTGGACCCAAAGTGG-1_V12D07-075_C1,1
GCTGGCAGGTGCCGTG-1_V12D07-075_C1,8
GCTGGCATATTCACCT-1_V12D07-075_C1,8
GCTGGCGGCGCATGCT-1_V12D07-075_C1,3
GCTGGTGACTCGTAGT-1_V12D07-075_C1,1
GCTGTATTACTGGCCC-1_V12D07-075_C1,7
GCTGTTGCTACCGAAC-1_V12D07-075_C1,2
GCTTAATGTAACTAAC-1_V12D07-075_C1,1
GCTTACGTAGTTAGTA-1_V12D07-075_C1,1
GCTTATGAAGCAGGAA-1_V12D07-075_C1,2
GCTTCAGTGGGATTAC-1_V12D07-075_C1,1
GCTTCCAGCTTAGATT-1_V12D07-075_C1,8
GCTTCCGTCCCTAGAC-1_V12D07-075_C1,3
GCTTGATGATAATCAG-1_V12D07-075_C1,8
GCTTGCAGCACAATTG-1_V12D07-075_C1,1
GCTTGGATCGATTAGG-1_V12D07-075_C1,7
GCTTTACACAACTGGG-1_V12D07-075_C1,7
GCTTTCAGAGGAGGTG-1_V12D07-075_C1,7
GCTTTCTATCTCAACT-1_V12D07-075_C1,1
GGAAACCTTGTTGAAT-1_V12D07-075_C1,1
GGAAACTAAATGGGCC-1_V12D07-075_C1,2
GGAAAGTGCCCATGCC-1_V12D07-075_C1,6
GGAACCCGAACAAGAA-1_V12D07-075_C1,8
GGAACCGTGTAAATTG-1_V12D07-075_C1,7
GGAACGGCCTGCAGCC-1_V12D07-075_C1,8
GGAACTTTGGCGATTA-1_V12D07-075_C1,2
GGAAGCTCGCTTACAG-1_V12D07-075_C1,6
GGAATAACCTCAAGAA-1_V12D07-075_C1,5
GGAATGCGCTAGCGTG-1_V12D07-075_C1,7
GGACAACCATGAAGCC-1_V12D07-075_C1,2
GGACAAGTTGCAGTGA-1_V12D07-075_C1,8
GGACACAAGTTTACAC-1_V12D07-075_C1,7
GGACCAACAGGATAAC-1_V12D07-075_C1,3
GGACCTACGGTAACGT-1_V12D07-075_C1,1
GGACGGCTTGCGCAAC-1_V12D07-075_C1,1
GGACGGGCGACCAACC-1_V12D07-075_C1,2
GGACGTCCATAGTTGG-1_V12D07-075_C1,1
GGACTAAGTCAGGAGT-1_V12D07-075_C1,8
GGACTCACAAATTAGG-1_V12D07-075_C1,6
GGACTCGAAGCTTTCA-1_V12D07-075_C1,2
GGACTCTTCCGGTTGA-1_V12D07-075_C1,7
GGACTCTTTGACTAAG-1_V12D07-075_C1,2
GGAGAAGTCATTGGCA-1_V12D07-075_C1,8
GGAGACCAATGTGCTT-1_V12D07-075_C1,1
GGAGACGACACCTTTG-1_V12D07-075_C1,3
GGAGCAACATTTCAAG-1_V12D07-075_C1,2
GGAGCACCAAGAACTA-1_V12D07-075_C1,6
GGAGCGAGGCCTACTT-1_V12D07-075_C1,2
GGAGGATTGAAAGGAG-1_V12D07-075_C1,5
GGAGGCCGAAGTCGTC-1_V12D07-075_C1,1
GGAGGGCTTGGTTGGC-1_V12D07-075_C1,2
GGAGGGTCAAGTAAGA-1_V12D07-075_C1,2
GGAGTACACATGAGCT-1_V12D07-075_C1,8
GGAGTGCCGCCCTGGA-1_V12D07-075_C1,6
GGAGTTGATTCTGTGT-1_V12D07-075_C1,2
GGATACTCATGAATTG-1_V12D07-075_C1,5
GGATCAAAGGACGAGG-1_V12D07-075_C1,5
GGATCATCCCGTACGC-1_V12D07-075_C1,1
GGATCCCTACCAGCTA-1_V12D07-075_C1,8
GGATCCGGAATATACT-1_V12D07-075_C1,2
GGATGAAGATCGCTGA-1_V12D07-075_C1,2
GGATGACGCGAGTTTA-1_V12D07-075_C1,8
GGATGGCTTGAAGTAT-1_V12D07-075_C1,2
GGATGTCCTTACCGCA-1_V12D07-075_C1,7
GGATTAAGCTAAGGTC-1_V12D07-075_C1,1
GGATTCAGTACGGTGG-1_V12D07-075_C1,8
GGATTCCGCTATACCC-1_V12D07-075_C1,6
GGATTGCTGTGACTCC-1_V12D07-075_C1,3
GGATTTCACTTCTATA-1_V12D07-075_C1,7
GGCAAATTACTTTACT-1_V12D07-075_C1,3
GGCAAGCCAGGGATAG-1_V12D07-075_C1,1
GGCAAGCCCATAGTGG-1_V12D07-075_C1,2
GGCAAGGCGAAATAGC-1_V12D07-075_C1,3
GGCAATAGTCAATGAG-1_V12D07-075_C1,2
GGCACTCAGCCGACCC-1_V12D07-075_C1,6
GGCACTCCACTGGGCA-1_V12D07-075_C1,8
GGCACTGCGGTGGTTT-1_V12D07-075_C1,7
GGCAGAGAGATCGGGA-1_V12D07-075_C1,8
GGCAGCAAACCTATGC-1_V12D07-075_C1,2
GGCAGCGGTAATCCTA-1_V12D07-075_C1,1
GGCATACAGGTAGCGG-1_V12D07-075_C1,8
GGCATATCGGTTCTGC-1_V12D07-075_C1,6
GGCATCAACGAGCACG-1_V12D07-075_C1,5
GGCCACACGAAAGCCT-1_V12D07-075_C1,8
GGCCCAATCTAGAGGG-1_V12D07-075_C1,1
GGCCCAGCTGGTTTGC-1_V12D07-075_C1,2
GGCCCAGTTATCAGCA-1_V12D07-075_C1,1
GGCCCGGAGCATGTCT-1_V12D07-075_C1,1
GGCCCGTATACCATGC-1_V12D07-075_C1,1
GGCCCTCACCCACTTA-1_V12D07-075_C1,8
GGCCGCAGGAACCGCA-1_V12D07-075_C1,2
GGCCGGCGTCTGCTAT-1_V12D07-075_C1,2
GGCCGTTTGGGTTTCA-1_V12D07-075_C1,7
GGCCTGCTTCTCCCGA-1_V12D07-075_C1,2
GGCCTTTGCAACTGGC-1_V12D07-075_C1,8
GGCGAAATCTAACTTG-1_V12D07-075_C1,3
GGCGCAGGACATCTTC-1_V12D07-075_C1,8
GGCGCATGAATTGATG-1_V12D07-075_C1,3
GGCGCGTTCGAGTTTA-1_V12D07-075_C1,3
GGCGCTCCTCATCAAT-1_V12D07-075_C1,8
GGCGCTTCATTCCCTG-1_V12D07-075_C1,2
GGCGGAGTAATATTAG-1_V12D07-075_C1,8
GGCGGGCTCTAAGAGT-1_V12D07-075_C1,6
GGCGGTAGGATCATTG-1_V12D07-075_C1,2
GGCGGTTTGCCGGTGC-1_V12D07-075_C1,8
GGCGTAGGGAAAGCTG-1_V12D07-075_C1,2
GGCGTCCTATCCGCTG-1_V12D07-075_C1,8
GGCTAAAGGGCGGGTC-1_V12D07-075_C1,1
GGCTAATGATTGAAAT-1_V12D07-075_C1,1
GGCTATTAAGTTGTAT-1_V12D07-075_C1,8
GGCTCGCGTTGAGGTA-1_V12D07-075_C1,7
GGCTCGTGCCACCAGC-1_V12D07-075_C1,8
GGCTCTGCTCCAACGC-1_V12D07-075_C1,7
GGCTGAAATAGCAAAG-1_V12D07-075_C1,3
GGCTGAGCATCGTAAG-1_V12D07-075_C1,1
GGCTGGCAGCTTTATG-1_V12D07-075_C1,8
GGCTGGCTAGCTTAAA-1_V12D07-075_C1,5
GGCTTGGCTCTCACCT-1_V12D07-075_C1,8
GGCTTTCAATAAGGGT-1_V12D07-075_C1,3
GGGAAAGAATGCCAAC-1_V12D07-075_C1,7
GGGAACGGGAGGTTAG-1_V12D07-075_C1,8
GGGAAGACGGTCTGTC-1_V12D07-075_C1,2
GGGAATGAGCCCTCAC-1_V12D07-075_C1,1
GGGAATTCTGTCCAGT-1_V12D07-075_C1,8
GGGACCCGTATATCTT-1_V12D07-075_C1,3
GGGACTGCATAGATAG-1_V12D07-075_C1,3
GGGAGAACTCACAGTA-1_V12D07-075_C1,3
GGGAGCGACCGTAGTG-1_V12D07-075_C1,2
GGGAGGATGCCCGAAA-1_V12D07-075_C1,3
GGGAGTAATGGCTGGC-1_V12D07-075_C1,5
GGGAGTTAATGAGGCG-1_V12D07-075_C1,2
GGGATACGGTAATAAT-1_V12D07-075_C1,8
GGGATCCCAATACAAA-1_V12D07-075_C1,1
GGGATGGTCGTAACCG-1_V12D07-075_C1,7
GGGATTTACCGCACCT-1_V12D07-075_C1,2
GGGCACGAATTGGCCG-1_V12D07-075_C1,8
GGGCAGAGCAATCGTT-1_V12D07-075_C1,3
GGGCAGTCAACGCCAA-1_V12D07-075_C1,2
GGGCCCGTCTTAAACA-1_V12D07-075_C1,3
GGGCCCTACGAAAGGG-1_V12D07-075_C1,7
GGGCCCTTATCTATAC-1_V12D07-075_C1,8
GGGCCGGCCGAAGTAC-1_V12D07-075_C1,2
GGGCCTATTTAAGTAT-1_V12D07-075_C1,1
GGGCGAATTTCTCCAC-1_V12D07-075_C1,8
GGGCGATATGTGTGAA-1_V12D07-075_C1,3
GGGCGCAGCGTTACTC-1_V12D07-075_C1,1
GGGCGGCAAATGAATT-1_V12D07-075_C1,7
GGGCGGGTTCCCTACG-1_V12D07-075_C1,7
GGGCGGTCCTATTGTC-1_V12D07-075_C1,8
GGGCGTACATTTATAT-1_V12D07-075_C1,6
GGGCGTCACCACGTAA-1_V12D07-075_C1,3
GGGCGTCCACTGGCTC-1_V12D07-075_C1,6
GGGCGTGGTTTCCCAG-1_V12D07-075_C1,2
GGGCTATGATCGATGG-1_V12D07-075_C1,7
GGGCTCATCGAACCCA-1_V12D07-075_C1,6
GGGCTGCCTAGGGCGA-1_V12D07-075_C1,2
GGGCTGGTTAGTCGCG-1_V12D07-075_C1,8
GGGTAATGCTGTGTTT-1_V12D07-075_C1,8
GGGTACACTCTGGAGG-1_V12D07-075_C1,8
GGGTACCCACGGTCCT-1_V12D07-075_C1,8
GGGTACTTCATGAACT-1_V12D07-075_C1,8
GGGTATGTATGCACTT-1_V12D07-075_C1,4
GGGTCACCGTGACGGT-1_V12D07-075_C1,8
GGGTCAGGAGCTAGAT-1_V12D07-075_C1,3
GGGTCATGCGTACCAT-1_V12D07-075_C1,8
GGGTCGTGGCAAGTGT-1_V12D07-075_C1,1
GGGTCTATCGCTTTCC-1_V12D07-075_C1,2
GGGTGACACCTTAACT-1_V12D07-075_C1,3
GGGTGCATATGAAAGC-1_V12D07-075_C1,1
GGGTGGTCCAGCCTGT-1_V12D07-075_C1,5
GGGTGTTTCAGCTATG-1_V12D07-075_C1,5
GGGTTAACATTTGAGT-1_V12D07-075_C1,7
GGGTTCAGACGAACAA-1_V12D07-075_C1,8
GGGTTTAGGATAGGAT-1_V12D07-075_C1,7
GGTAAACTCTGCGCTG-1_V12D07-075_C1,2
GGTAAATGTGCGTTAC-1_V12D07-075_C1,1
GGTAACCGGCAAAGGT-1_V12D07-075_C1,8
GGTAACTATGTATCTG-1_V12D07-075_C1,5
GGTACAAACATGCTAT-1_V12D07-075_C1,3
GGTACACCAGATTTAT-1_V12D07-075_C1,1
GGTACATCTGGGACGA-1_V12D07-075_C1,7
GGTACCATTAAGACGG-1_V12D07-075_C1,6
GGTACGTTGCGGCCGG-1_V12D07-075_C1,2
GGTACTAAGTGCTTTG-1_V12D07-075_C1,6
GGTAGAAGACCGCCTG-1_V12D07-075_C1,3
GGTAGACCGTTGGGCG-1_V12D07-075_C1,7
GGTAGTGCTCGCACCA-1_V12D07-075_C1,2
GGTATAGTGACACATA-1_V12D07-075_C1,1
GGTATGAAAGAACTGA-1_V12D07-075_C1,8
GGTATTGCCGAGTTTA-1_V12D07-075_C1,8
GGTCAAGACTACTTCG-1_V12D07-075_C1,2
GGTCAGTGGGTCCCAC-1_V12D07-075_C1,3
GGTCATTGTAGTCATA-1_V12D07-075_C1,1
GGTCCTTCATACGACT-1_V12D07-075_C1,8
GGTCGGATAAACGGCG-1_V12D07-075_C1,2
GGTCGGCCAGGAGCTT-1_V12D07-075_C1,7
GGTCGGTAATTAGACA-1_V12D07-075_C1,5
GGTCGGTCGTCCACAG-1_V12D07-075_C1,7
GGTCTCCAAGTAGTGC-1_V12D07-075_C1,6
GGTCTCCGTCCAGGTT-1_V12D07-075_C1,2
GGTCTGAGAATCTGGA-1_V12D07-075_C1,2
GGTCTTGAGCGCTCTT-1_V12D07-075_C1,2
GGTCTTGGTGTTAACT-1_V12D07-075_C1,8
GGTGAAACCGGGAATG-1_V12D07-075_C1,5
GGTGAACGGGCTAGCC-1_V12D07-075_C1,5
GGTGAAGTACAGGGAT-1_V12D07-075_C1,7
GGTGACTGATAGAGAG-1_V12D07-075_C1,2
GGTGAGATGCAGATAA-1_V12D07-075_C1,4
GGTGATAAGGAGCAGT-1_V12D07-075_C1,2
GGTGATGAAGGAAGTG-1_V12D07-075_C1,8
GGTGATTTCATCTTGT-1_V12D07-075_C1,5
GGTGCAGAGCCTATCG-1_V12D07-075_C1,1
GGTGCATAAATGATTA-1_V12D07-075_C1,7
GGTGCGGATAAGTGGC-1_V12D07-075_C1,5
GGTGCTGATCACAAAG-1_V12D07-075_C1,8
GGTGCTGGTACACATT-1_V12D07-075_C1,3
GGTGGACCACGTGTTA-1_V12D07-075_C1,1
GGTGGACTGCTCTGGC-1_V12D07-075_C1,3
GGTGGAGGTTGATACG-1_V12D07-075_C1,1
GGTGTAAATCGATTGT-1_V12D07-075_C1,2
GGTGTAGGTAAGTAAA-1_V12D07-075_C1,3
GGTGTTGGGCGTCTTA-1_V12D07-075_C1,6
GGTTACCACCCTCGGG-1_V12D07-075_C1,7
GGTTACCCGACACTTT-1_V12D07-075_C1,1
GGTTAGCTATATGTCT-1_V12D07-075_C1,2
GGTTAGGCTTGGAGAA-1_V12D07-075_C1,8
GGTTAGTTACGGCGCC-1_V12D07-075_C1,8
GGTTCGGATTATACTA-1_V12D07-075_C1,8
GGTTCTACTCGTCTGA-1_V12D07-075_C1,7
GGTTGTGCTCTTGTCC-1_V12D07-075_C1,8
GGTTGTGTAGCCTGGC-1_V12D07-075_C1,8
GGTTTAATTGAGCAGG-1_V12D07-075_C1,1
GGTTTACAATCTCAAT-1_V12D07-075_C1,7
GGTTTAGCCTTTCTTG-1_V12D07-075_C1,2
GGTTTCAATCGGTCAG-1_V12D07-075_C1,7
GGTTTGACAAGAAGCT-1_V12D07-075_C1,1
GGTTTGAGTGCTGGAA-1_V12D07-075_C1,5
GGTTTGTGACCTGAGG-1_V12D07-075_C1,2
GTAACAACTGACCTTG-1_V12D07-075_C1,1
GTAACATCTAAGATAA-1_V12D07-075_C1,2
GTAACTGCCCAAGGAG-1_V12D07-075_C1,3
GTAACTTGCGGCAGTC-1_V12D07-075_C1,5
GTAAGCGGGCAGTCAG-1_V12D07-075_C1,3
GTAAGGATTTGTCGGA-1_V12D07-075_C1,5
GTAAGTAACAGTCTGG-1_V12D07-075_C1,2
GTAAGTAGGGTATACC-1_V12D07-075_C1,8
GTAAGTCCACACTCTA-1_V12D07-075_C1,1
GTAATAAAGGGCTCCC-1_V12D07-075_C1,6
GTAATCTGATTCTTCG-1_V12D07-075_C1,7
GTACACTTACCTGAAG-1_V12D07-075_C1,3
GTACAGAGGCAAGGGT-1_V12D07-075_C1,2
GTACGACGGCGCTGCG-1_V12D07-075_C1,5
GTACGAGATTGCGACA-1_V12D07-075_C1,6
GTACGCTTCATTGCAC-1_V12D07-075_C1,3
GTACGTCACGTATTAA-1_V12D07-075_C1,1
GTACGTTTGCCCGTCA-1_V12D07-075_C1,3
GTACTAAGATTTGGAG-1_V12D07-075_C1,8
GTACTCCCTTATCGCT-1_V12D07-075_C1,8
GTACTCCTGGGTATGC-1_V12D07-075_C1,6
GTACTGAGGTCGTAAC-1_V12D07-075_C1,5
GTACTGCATGAAGCGT-1_V12D07-075_C1,5
GTACTGGAGTTAGACC-1_V12D07-075_C1,2
GTACTTGGGCACTTCT-1_V12D07-075_C1,8
GTAGAAACGGGTGGAG-1_V12D07-075_C1,8
GTAGACAACCGATGAA-1_V12D07-075_C1,5
GTAGACACGCCTGACT-1_V12D07-075_C1,2
GTAGACGTCGTTACAT-1_V12D07-075_C1,5
GTAGCCAAACATGGGA-1_V12D07-075_C1,3
GTAGCGCTGTTGTAGT-1_V12D07-075_C1,5
GTAGCGGCTATACACT-1_V12D07-075_C1,3
GTAGCTTCCTCTTGTT-1_V12D07-075_C1,7
GTAGGTGATCCGTGTA-1_V12D07-075_C1,6
GTAGTCGCGGGAATCA-1_V12D07-075_C1,3
GTAGTCTACGATATTG-1_V12D07-075_C1,2
GTAGTGAGCAACCTCA-1_V12D07-075_C1,2
GTATAATCTCCCGGAT-1_V12D07-075_C1,8
GTATAGGACTCAGTAG-1_V12D07-075_C1,6
GTATCAAACGTTAGCT-1_V12D07-075_C1,2
GTATCAGCTTGGGTTC-1_V12D07-075_C1,8
GTATCCTTTGGTAACC-1_V12D07-075_C1,2
GTATCTTTCATAACCA-1_V12D07-075_C1,3
GTATGACGTGGGAAAC-1_V12D07-075_C1,5
GTATGTGGGTCTAGTT-1_V12D07-075_C1,2
GTATTAAGGCGTCTAA-1_V12D07-075_C1,8
GTATTAGGGTTCGCGT-1_V12D07-075_C1,1
GTATTCTGAGAAACGA-1_V12D07-075_C1,7
GTATTCTTACCGTGCT-1_V12D07-075_C1,8
GTATTTAATGGCATAA-1_V12D07-075_C1,6
GTCAAAGTTTACATAG-1_V12D07-075_C1,8
GTCAACCAGGCCTATA-1_V12D07-075_C1,2
GTCAAGCGGACTCGGG-1_V12D07-075_C1,3
GTCAATGCTATAATTT-1_V12D07-075_C1,1
GTCAATTGTACTGAAG-1_V12D07-075_C1,5
GTCACAAAGTTTCCAA-1_V12D07-075_C1,5
GTCACTCTCCAAATCT-1_V12D07-075_C1,8
GTCAGAATAGTCTATG-1_V12D07-075_C1,8
GTCAGACAGCGTTGGA-1_V12D07-075_C1,8
GTCAGTTGTGCTCGTT-1_V12D07-075_C1,5
GTCAGTTTGGTAGTCG-1_V12D07-075_C1,8
GTCATCTCCTACAGCT-1_V12D07-075_C1,8
GTCATGCACCTCCGTT-1_V12D07-075_C1,3
GTCATGCGCGAGGGCT-1_V12D07-075_C1,2
GTCATGGACATGACTA-1_V12D07-075_C1,3
GTCATTAGAGCGAACG-1_V12D07-075_C1,3
GTCATTGCATTGACCC-1_V12D07-075_C1,8
GTCCAATATTTAGCCT-1_V12D07-075_C1,3
GTCCACGTCGCATTCG-1_V12D07-075_C1,2
GTCCATTACTGCTACG-1_V12D07-075_C1,7
GTCCCAACGTAAAGTA-1_V12D07-075_C1,2
GTCCCGCGACGTTATG-1_V12D07-075_C1,3
GTCCGAGAGCAATCAT-1_V12D07-075_C1,8
GTCCGGACCTGAAATT-1_V12D07-075_C1,3
GTCCGGCTGAATTGCG-1_V12D07-075_C1,8
GTCCGGGTTCACATTA-1_V12D07-075_C1,2
GTCCTACAGGCGGCTC-1_V12D07-075_C1,8
GTCCTACGAATAGTCT-1_V12D07-075_C1,3
GTCCTATTGTTGTGGT-1_V12D07-075_C1,8
GTCCTTCTACAACCCA-1_V12D07-075_C1,8
GTCCTTCTAGTGGGTT-1_V12D07-075_C1,1
GTCCTTTAATGACTTC-1_V12D07-075_C1,1
GTCGATAGGTGACTTT-1_V12D07-075_C1,6
GTCGCCGTTGTGTGTT-1_V12D07-075_C1,7
GTCGCGTAACCCGTTG-1_V12D07-075_C1,3
GTCGGAAGGATACCAG-1_V12D07-075_C1,1
GTCGGATATCTCAGAC-1_V12D07-075_C1,8
GTCGGATGTAGCGCGC-1_V12D07-075_C1,6
GTCGGGAACATGGTAG-1_V12D07-075_C1,8
GTCGGGAAGCAGAAAC-1_V12D07-075_C1,3
GTCGTACCATCTCGGG-1_V12D07-075_C1,3
GTCGTACCTACGATTG-1_V12D07-075_C1,8
GTCGTATTGGCGTACA-1_V12D07-075_C1,6
GTCGTCAATTATAAGG-1_V12D07-075_C1,5
GTCGTCTGGTTGGCTA-1_V12D07-075_C1,1
GTCGTGTCTGGTCATC-1_V12D07-075_C1,1
GTCGTTATTCGCTTAT-1_V12D07-075_C1,3
GTCTACTCAATTACAA-1_V12D07-075_C1,8
GTCTAGTGAGCCGCTT-1_V12D07-075_C1,2
GTCTATCTGAGTTTCT-1_V12D07-075_C1,8
GTCTATTGCATGCTCG-1_V12D07-075_C1,2
GTCTATTGGTTCCGGT-1_V12D07-075_C1,3
GTCTCAAGGCCCGGCT-1_V12D07-075_C1,3
GTCTCCGCCTCAATAC-1_V12D07-075_C1,3
GTCTCGACTAAGTTTG-1_V12D07-075_C1,1
GTCTCGATCTGCTTTC-1_V12D07-075_C1,6
GTCTGGGCGGTCGAGA-1_V12D07-075_C1,7
GTCTTAGTACAGCCGG-1_V12D07-075_C1,6
GTCTTCCTCACCTAAG-1_V12D07-075_C1,8
GTCTTGAGGAGCAGTG-1_V12D07-075_C1,1
GTCTTGTAGCTATTCA-1_V12D07-075_C1,1
GTGAAACGGCGCCACC-1_V12D07-075_C1,6
GTGAAACGTGCTCCAC-1_V12D07-075_C1,5
GTGAACTCCCATTCGA-1_V12D07-075_C1,6
GTGAAGATTTCAAGTG-1_V12D07-075_C1,6
GTGAAGCCGTATAGTC-1_V12D07-075_C1,1
GTGACAGCTTCCCACT-1_V12D07-075_C1,2
GTGACCGCACACTACG-1_V12D07-075_C1,2
GTGACCTAAAGAATAA-1_V12D07-075_C1,1
GTGACGAGGGTGACCC-1_V12D07-075_C1,1
GTGACGCAGGTTTCAT-1_V12D07-075_C1,2
GTGACTTCAGTAGTGC-1_V12D07-075_C1,3
GTGAGCGTGCTGCACT-1_V12D07-075_C1,8
GTGAGGACACTTAAGG-1_V12D07-075_C1,3
GTGAGGAGCGGTTGAG-1_V12D07-075_C1,6
GTGAGTCGACTAATAG-1_V12D07-075_C1,7
GTGAGTCTAAGACGGA-1_V12D07-075_C1,8
GTGAGTGGTACAACGC-1_V12D07-075_C1,3
GTGATCACTAACGCCT-1_V12D07-075_C1,2
GTGATCATAGATCTGC-1_V12D07-075_C1,3
GTGATCCTTGTCATGA-1_V12D07-075_C1,2
GTGATGCACAACATCT-1_V12D07-075_C1,1
GTGATTCGCCGCTCAA-1_V12D07-075_C1,7
GTGCAACAAATGTGGC-1_V12D07-075_C1,5
GTGCACCAGCTTCAAC-1_V12D07-075_C1,3
GTGCACGAAAGTGACT-1_V12D07-075_C1,5
GTGCAGCGTAGAGTAG-1_V12D07-075_C1,6
GTGCCATCACACGGTG-1_V12D07-075_C1,7
GTGCCCGTTCGGATTC-1_V12D07-075_C1,2
GTGCCGCTTCAAAGGT-1_V12D07-075_C1,3
GTGCCTAGCTATGCTT-1_V12D07-075_C1,8
GTGCCTCAGTGTACGG-1_V12D07-075_C1,1
GTGCCTGAGACCAAAC-1_V12D07-075_C1,2
GTGCGAAATCGAACAC-1_V12D07-075_C1,7
GTGCGACAGGGAGTGT-1_V12D07-075_C1,7
GTGCGGGACCATCGGC-1_V12D07-075_C1,5
GTGCGGGTCTCCAAAT-1_V12D07-075_C1,6
GTGCGTGTATATGAGC-1_V12D07-075_C1,1
GTGCTCAAGTACTGTC-1_V12D07-075_C1,8
GTGCTGCAGATAAGGA-1_V12D07-075_C1,8
GTGCTTACATCAGCGC-1_V12D07-075_C1,6
GTGGAACCTACATGCG-1_V12D07-075_C1,6
GTGGACCAACCCGATT-1_V12D07-075_C1,7
GTGGACGCATTTGTCC-1_V12D07-075_C1,4
GTGGACGTGCTGAGAC-1_V12D07-075_C1,8
GTGGAGCATGTCGGCC-1_V12D07-075_C1,1
GTGGAGTCGGCGGTTG-1_V12D07-075_C1,7
GTGGCCTAATATCATT-1_V12D07-075_C1,8
GTGGCTGTTTCTGTTC-1_V12D07-075_C1,2
GTGGGCTTAGACACAC-1_V12D07-075_C1,8
GTGGTATAGTCTGCCG-1_V12D07-075_C1,7
GTGGTCAGCGAAGTAT-1_V12D07-075_C1,1
GTGGTGATGGTTTGTG-1_V12D07-075_C1,6
GTGGTGGCCAAGTGAA-1_V12D07-075_C1,3
GTGGTTACTTCTTTCG-1_V12D07-075_C1,6
GTGGTTTCCGCCTTTC-1_V12D07-075_C1,7
GTGTACCTTGGCTACG-1_V12D07-075_C1,7
GTGTACGAACCGTTCC-1_V12D07-075_C1,1
GTGTATATCAGCGGGC-1_V12D07-075_C1,3
GTGTATGACTTTAAAG-1_V12D07-075_C1,5
GTGTCGTATAGCGTTC-1_V12D07-075_C1,3
GTGTCGTATTCACCTT-1_V12D07-075_C1,1
GTGTGAATAACTTAGG-1_V12D07-075_C1,7
GTGTGTCGACGTCGCT-1_V12D07-075_C1,8
GTGTTACTATGCGTCC-1_V12D07-075_C1,3
GTTAAAGTAGGACTGG-1_V12D07-075_C1,3
GTTAACATCACTTAAA-1_V12D07-075_C1,3
GTTAACTATGTTGTCA-1_V12D07-075_C1,1
GTTAAGGGTGCGATGT-1_V12D07-075_C1,3
GTTAAGTTAGAGTGGG-1_V12D07-075_C1,1
GTTAATGTCTATCTTA-1_V12D07-075_C1,8
GTTACAATTGGTGACG-1_V12D07-075_C1,8
GTTACCAAGGCGTACG-1_V12D07-075_C1,7
GTTACCTACAACTTGC-1_V12D07-075_C1,3
GTTACTTTGGGCCTAG-1_V12D07-075_C1,3
GTTAGAGTGTGCCGCT-1_V12D07-075_C1,5
GTTAGCCCATGACATC-1_V12D07-075_C1,2
GTTAGCCGTAAATCAA-1_V12D07-075_C1,1
GTTATAATACGGTGAA-1_V12D07-075_C1,2
GTTATATCAGGAGCCA-1_V12D07-075_C1,1
GTTATATTATCTCCCT-1_V12D07-075_C1,3
GTTATCAAGCTATCGA-1_V12D07-075_C1,2
GTTATCACCTTCTGAA-1_V12D07-075_C1,5
GTTATTAACGTGGGAG-1_V12D07-075_C1,8
GTTCAAATCAGATGTC-1_V12D07-075_C1,8
GTTCACAGGAGTCTAG-1_V12D07-075_C1,8
GTTCAGTCGCCAAATG-1_V12D07-075_C1,3
GTTCATCGTTTGGCTG-1_V12D07-075_C1,6
GTTCCAGTCTGACCAT-1_V12D07-075_C1,1
GTTCCCGTAAACATAT-1_V12D07-075_C1,2
GTTCGCCATAAGTGCC-1_V12D07-075_C1,3
GTTCGCTGAGACGTCT-1_V12D07-075_C1,2
GTTCGGAGCACTCAAC-1_V12D07-075_C1,2
GTTCGGATCGGGAACA-1_V12D07-075_C1,7
GTTCGGGCGTACCATT-1_V12D07-075_C1,6
GTTCGTCTAAAGAACT-1_V12D07-075_C1,3
GTTCGTCTGGGTCCCT-1_V12D07-075_C1,1
GTTCTTCCCTCGATGT-1_V12D07-075_C1,4
GTTGAACCGGTTCCAT-1_V12D07-075_C1,8
GTTGAGTCCCGCCGGT-1_V12D07-075_C1,3
GTTGCACGGAGTTTCG-1_V12D07-075_C1,8
GTTGCAGTCGACAACA-1_V12D07-075_C1,2
GTTGCGCTAACATTAC-1_V12D07-075_C1,1
GTTGCGGACGGTCAGG-1_V12D07-075_C1,6
GTTGGACCGCATCAGG-1_V12D07-075_C1,1
GTTGGATTCAGTGGCT-1_V12D07-075_C1,1
GTTGGATTGAGAACAC-1_V12D07-075_C1,7
GTTGGATTTGCGTTGG-1_V12D07-075_C1,3
GTTGGTCATGCTATCC-1_V12D07-075_C1,3
GTTGTAGATTTATGAG-1_V12D07-075_C1,2
GTTGTCGTGTTAGTTG-1_V12D07-075_C1,5
GTTGTTACATTGCGCT-1_V12D07-075_C1,1
GTTGTTGCAAGATGGC-1_V12D07-075_C1,2
GTTTACGTTCCATCTG-1_V12D07-075_C1,3
GTTTATGGGATTTAGA-1_V12D07-075_C1,8
GTTTCAAACGAGTTGT-1_V12D07-075_C1,2
GTTTCATATCGTCGCT-1_V12D07-075_C1,7
GTTTCCTGGAGGGTGA-1_V12D07-075_C1,8
GTTTCTAGAGGCGCGG-1_V12D07-075_C1,2
GTTTCTGCAGTCTCCC-1_V12D07-075_C1,3
GTTTGACCAAATCCTA-1_V12D07-075_C1,3
GTTTGGCCCAAGTTAT-1_V12D07-075_C1,3
GTTTGGCCGCTCAGCG-1_V12D07-075_C1,4
GTTTGGGCTTGTGAGC-1_V12D07-075_C1,3
GTTTGGGTTTCGCCCG-1_V12D07-075_C1,2
GTTTGGTAGGGTCAAC-1_V12D07-075_C1,3
TAAACGTCGTCAATGA-1_V12D07-075_C1,8
TAAAGACAACCCTTTA-1_V12D07-075_C1,1
TAAAGAGCCCGAAACC-1_V12D07-075_C1,5
TAAAGCGGTATTTCCA-1_V12D07-075_C1,3
TAAAGCGTTAGGAGAA-1_V12D07-075_C1,7
TAAAGCTGCAATAGGG-1_V12D07-075_C1,1
TAAATCTTTACACCTC-1_V12D07-075_C1,1
TAAATGAATCCGTTTC-1_V12D07-075_C1,8
TAAATGCCGTCTCATG-1_V12D07-075_C1,1
TAAATGGGCTACTGAG-1_V12D07-075_C1,2
TAACAAAGGGAGAAGC-1_V12D07-075_C1,8
TAACAATATTTGTTGC-1_V12D07-075_C1,4
TAACATACAATGTGGG-1_V12D07-075_C1,3
TAACCGCCCGCAGTGC-1_V12D07-075_C1,5
TAACCTACCGTCCGAG-1_V12D07-075_C1,6
TAACCTAGGGAGTCCA-1_V12D07-075_C1,2
TAACGCTTTGAGAGCG-1_V12D07-075_C1,8
TAACTATCGAAGGTCC-1_V12D07-075_C1,8
TAACTATTACGCCAAA-1_V12D07-075_C1,6
TAACTCATCCGCGCGG-1_V12D07-075_C1,3
TAACTCCATGGAGGCT-1_V12D07-075_C1,8
TAAGCAGGCGACACGC-1_V12D07-075_C1,8
TAAGCCCTTACGACCA-1_V12D07-075_C1,1
TAAGGAACTTGTGGGA-1_V12D07-075_C1,8
TAAGGCAACATAAGAT-1_V12D07-075_C1,3
TAAGGCATAACATCAA-1_V12D07-075_C1,7
TAAGGCCCGTCACCCT-1_V12D07-075_C1,3
TAAGGCTGAATCCCTC-1_V12D07-075_C1,2
TAAGGGCCTGTCCGAT-1_V12D07-075_C1,2
TAAGGGCTGGGAGAGG-1_V12D07-075_C1,3
TAAGTAAATGTGCCGC-1_V12D07-075_C1,1
TAAGTAACATCTTGAC-1_V12D07-075_C1,7
TAAGTCGGTGAGCTAG-1_V12D07-075_C1,2
TAAGTTGCGACGTAGG-1_V12D07-075_C1,2
TAATAAACAAGGAGAT-1_V12D07-075_C1,6
TAATACACAGTAGTAT-1_V12D07-075_C1,5
TAATACTAGAACAGAC-1_V12D07-075_C1,2
TAATAGAACAGAGTTA-1_V12D07-075_C1,7
TAATAGCTAAATGATG-1_V12D07-075_C1,1
TAATAGTGACGACCAG-1_V12D07-075_C1,7
TAATATTGAAATTCGC-1_V12D07-075_C1,5
TAATCAACCAAATGGG-1_V12D07-075_C1,6
TAATCGATCCGTACGT-1_V12D07-075_C1,6
TAATGAAAGACCCTTG-1_V12D07-075_C1,8
TAATTACGTCAGTAGA-1_V12D07-075_C1,2
TAATTAGATGGATATG-1_V12D07-075_C1,5
TAATTAGGACATCCGT-1_V12D07-075_C1,7
TAATTCCAATGCTTCA-1_V12D07-075_C1,2
TAATTGGAATCGGGAA-1_V12D07-075_C1,1
TAATTTCCGTCCAGTA-1_V12D07-075_C1,7
TACAACGCACAACTCA-1_V12D07-075_C1,8
TACAAGGGCTTCTTTA-1_V12D07-075_C1,2
TACAAGTCTCGTGCAT-1_V12D07-075_C1,8
TACACCGTCGTTAGTC-1_V12D07-075_C1,1
TACACCTCTTCGAATC-1_V12D07-075_C1,2
TACAGAAACGGTGGGC-1_V12D07-075_C1,3
TACATAGGCATACACC-1_V12D07-075_C1,3
TACATCTTGTTTCTTG-1_V12D07-075_C1,8
TACATGACCTTATCCG-1_V12D07-075_C1,8
TACATGCCGGAATTGT-1_V12D07-075_C1,6
TACATTTCTAACGTGC-1_V12D07-075_C1,3
TACCAAATAGCCCAGA-1_V12D07-075_C1,3
TACCAATAAAGTACCA-1_V12D07-075_C1,3
TACCAGAAGTAGGTTC-1_V12D07-075_C1,3
TACCAGCTAGGTTTAA-1_V12D07-075_C1,5
TACCATGTATTGATTT-1_V12D07-075_C1,6
TACCCTCGGTAACCCT-1_V12D07-075_C1,2
TACCGAATAATTGTAA-1_V12D07-075_C1,2
TACCGCGGACTTGCAG-1_V12D07-075_C1,7
TACCGGCTCACTGCCC-1_V12D07-075_C1,3
TACCGGTCGTTTCCAT-1_V12D07-075_C1,7
TACCGTAGGTTAACTA-1_V12D07-075_C1,3
TACCGTGCCTCGGACC-1_V12D07-075_C1,3
TACCTACTCCCAGTAT-1_V12D07-075_C1,3
TACCTATCCCTAGAGG-1_V12D07-075_C1,8
TACCTCACGCTTGTAC-1_V12D07-075_C1,5
TACCTCAGTTGTCTGT-1_V12D07-075_C1,3
TACCTCTTTACCATCC-1_V12D07-075_C1,2
TACCTGCTGCACTGTG-1_V12D07-075_C1,8
TACGAACACGACTTCA-1_V12D07-075_C1,8
TACGACGCTTGCTGCG-1_V12D07-075_C1,3
TACGACTGCCTCTTAG-1_V12D07-075_C1,3
TACGAGAACTTCACGT-1_V12D07-075_C1,8
TACGATGTTGATCATC-1_V12D07-075_C1,8
TACGCAGTTCTTTCCT-1_V12D07-075_C1,3
TACGCCATATTCTAAT-1_V12D07-075_C1,3
TACGCCGCCTCAGAAG-1_V12D07-075_C1,1
TACGCCTCCATTCCGA-1_V12D07-075_C1,3
TACGCTATAGAAACCT-1_V12D07-075_C1,6
TACGCTCGGTATTGGA-1_V12D07-075_C1,2
TACGGAAGCCAAACCA-1_V12D07-075_C1,2
TACGGCATGGACGCTA-1_V12D07-075_C1,2
TACGGGATGCTAGCAG-1_V12D07-075_C1,6
TACGTAAAGCGGAGTG-1_V12D07-075_C1,2
TACGTGCAAGGTTCCT-1_V12D07-075_C1,1
TACGTGCACTATGCTG-1_V12D07-075_C1,8
TACGTGGGCCCAGGGC-1_V12D07-075_C1,2
TACGTTTACCGGCAAT-1_V12D07-075_C1,7
TACTACGTGCAATGCG-1_V12D07-075_C1,7
TACTATGGTTCCTCAG-1_V12D07-075_C1,7
TACTCGGCACGCCGGG-1_V12D07-075_C1,4
TACTCTCCGAACAAAT-1_V12D07-075_C1,6
TACTCTTACTTTACTG-1_V12D07-075_C1,2
TACTCTTTCGTCTTCA-1_V12D07-075_C1,7
TACTGAACAGATTTAG-1_V12D07-075_C1,7
TACTGCAATCAATTAC-1_V12D07-075_C1,6
TACTGGACAGCTCGGC-1_V12D07-075_C1,8
TACTGTTTCTCTGGTA-1_V12D07-075_C1,6
TACTTAAACATGTACA-1_V12D07-075_C1,2
TACTTGTTAGTAGTCC-1_V12D07-075_C1,2
TACTTTACTGAGCCGG-1_V12D07-075_C1,7
TAGAAACACAATAGTG-1_V12D07-075_C1,8
TAGAAACCACTAAGTA-1_V12D07-075_C1,5
TAGAAAGGTGGCGCTA-1_V12D07-075_C1,2
TAGAAATTCACGTATA-1_V12D07-075_C1,8
TAGAAGAAGGGTTACA-1_V12D07-075_C1,2
TAGAATAGCCGATGAA-1_V12D07-075_C1,2
TAGAATTAAGGGCAAC-1_V12D07-075_C1,5
TAGACGAAACGCCAAT-1_V12D07-075_C1,2
TAGACGCCCGTACCGG-1_V12D07-075_C1,7
TAGACTACCTAGCGTT-1_V12D07-075_C1,3
TAGAGCTACGAAGAAC-1_V12D07-075_C1,5
TAGAGGTTCTACTTGT-1_V12D07-075_C1,2
TAGAGTCTAAGCGAAC-1_V12D07-075_C1,8
TAGATATGGACTGGAA-1_V12D07-075_C1,3
TAGATCCGAAGTCGCA-1_V12D07-075_C1,5
TAGATGGTTCCTTACT-1_V12D07-075_C1,2
TAGATTCCTGGTTATT-1_V12D07-075_C1,8
TAGCAACCTGTCACAA-1_V12D07-075_C1,8
TAGCAGTATGACTAAA-1_V12D07-075_C1,2
TAGCCAGAGGGTCCGG-1_V12D07-075_C1,8
TAGCCATTTCAAAGTC-1_V12D07-075_C1,2
TAGCCGGCGGTCAGCG-1_V12D07-075_C1,7
TAGCGTCCCTCGATTG-1_V12D07-075_C1,7
TAGCGTCCGGTGTGGT-1_V12D07-075_C1,3
TAGCGTCGAATATTGA-1_V12D07-075_C1,8
TAGCGTTGGGTCTTAC-1_V12D07-075_C1,3
TAGCTAAGTCCGGGAG-1_V12D07-075_C1,3
TAGCTAGAAGGCATGA-1_V12D07-075_C1,3
TAGCTAGTGATGATGG-1_V12D07-075_C1,7
TAGCTCAGATCCTAGT-1_V12D07-075_C1,1
TAGCTCGCCTGATAAC-1_V12D07-075_C1,3
TAGGAACAGCCTCCAG-1_V12D07-075_C1,1
TAGGCATGTTACGCCA-1_V12D07-075_C1,6
TAGGCCTATATAGTCT-1_V12D07-075_C1,2
TAGGCTAAAGTGGCAC-1_V12D07-075_C1,2
TAGGGAGCTTGGGATG-1_V12D07-075_C1,7
TAGGGTGTTTCAAGAG-1_V12D07-075_C1,6
TAGGTCCAAGTAAGGA-1_V12D07-075_C1,8
TAGGTCGCCGGAACTG-1_V12D07-075_C1,7
TAGGTGACGATAACCT-1_V12D07-075_C1,2
TAGGTGAGCCCTACTC-1_V12D07-075_C1,8
TAGGTGCTCGCCTAGC-1_V12D07-075_C1,2
TAGGTGTTCCACAGAT-1_V12D07-075_C1,3
TAGGTTCGAGTTCGTC-1_V12D07-075_C1,3
TAGTACCTTAGTGGTC-1_V12D07-075_C1,8
TAGTAGCTTATACCAG-1_V12D07-075_C1,7
TAGTCCCGGAGACCAC-1_V12D07-075_C1,3
TAGTCCGCAGAGAATG-1_V12D07-075_C1,3
TAGTCCGTATGCATAA-1_V12D07-075_C1,8
TAGTCGATCACGGGTT-1_V12D07-075_C1,2
TAGTCGGGATTCTTCG-1_V12D07-075_C1,8
TAGTCTAACAACGAGA-1_V12D07-075_C1,8
TAGTCTGTGACGTTGC-1_V12D07-075_C1,1
TAGTCTTTCCGAATTG-1_V12D07-075_C1,6
TAGTGCCCTCCAGAGT-1_V12D07-075_C1,8
TAGTGCTTGAATCCTT-1_V12D07-075_C1,8
TAGTGTCAGAAACGGC-1_V12D07-075_C1,8
TAGTTAAGATAGGATA-1_V12D07-075_C1,6
TAGTTTATTCTTGCTT-1_V12D07-075_C1,5
TATAAATCCACAAGCT-1_V12D07-075_C1,8
TATAAGTGAGGATAGC-1_V12D07-075_C1,8
TATACACAGACGCCTT-1_V12D07-075_C1,3
TATACACGCAAAGTAT-1_V12D07-075_C1,8
TATACCGAGTGCCACA-1_V12D07-075_C1,6
TATACGCGTCATCACT-1_V12D07-075_C1,3
TATACTCATGCGGCAA-1_V12D07-075_C1,8
TATAGAGTCGCTTGAA-1_V12D07-075_C1,3
TATAGATGGTCGCAGT-1_V12D07-075_C1,2
TATAGGGTACTCATGA-1_V12D07-075_C1,8
TATATCATTGATCAGT-1_V12D07-075_C1,8
TATATCCCTGGGAGGA-1_V12D07-075_C1,7
TATATGCTGGGTTGCC-1_V12D07-075_C1,8
TATATTACAAATGTCG-1_V12D07-075_C1,1
TATATTCGCGTCGATA-1_V12D07-075_C1,5
TATCAAAGGTCTGTAA-1_V12D07-075_C1,8
TATCACCATGTAAAGT-1_V12D07-075_C1,1
TATCACCCAACCGACC-1_V12D07-075_C1,6
TATCACTTCGAGTAAC-1_V12D07-075_C1,1
TATCCAATTGGTTATC-1_V12D07-075_C1,3
TATCCATATCATGCGA-1_V12D07-075_C1,5
TATCCGCACCGTCGGG-1_V12D07-075_C1,3
TATCCTATCAACTGGT-1_V12D07-075_C1,3
TATCCTGCATGGGAAT-1_V12D07-075_C1,5
TATCGATCTATGCATA-1_V12D07-075_C1,6
TATCGATGATTAAACG-1_V12D07-075_C1,8
TATCTACAGAGGTAAT-1_V12D07-075_C1,8
TATCTACCACAGCGGG-1_V12D07-075_C1,3
TATCTAGCCTAAAGGA-1_V12D07-075_C1,8
TATGAAGAATTAAGGT-1_V12D07-075_C1,2
TATGAAGACAGGTGCG-1_V12D07-075_C1,8
TATGATAAATCTAACG-1_V12D07-075_C1,1
TATGATCCGGCACGCC-1_V12D07-075_C1,1
TATGATCTTCTCTTTA-1_V12D07-075_C1,2
TATGATTCTGCTTGGT-1_V12D07-075_C1,5
TATGCTCCCTACTTAC-1_V12D07-075_C1,8
TATGGAGTTTCTCGTT-1_V12D07-075_C1,5
TATGGATGTGCTACGC-1_V12D07-075_C1,8
TATGGCCCGGCCTCGC-1_V12D07-075_C1,8
TATGGCTAGGCTAATT-1_V12D07-075_C1,1
TATGGGACCGAGCAGG-1_V12D07-075_C1,3
TATGGGTACGTATCGT-1_V12D07-075_C1,3
TATGGTCTGAGTAACA-1_V12D07-075_C1,3
TATGGTTAGTGGGAGA-1_V12D07-075_C1,7
TATGTCAAGACCGACT-1_V12D07-075_C1,6
TATGTCTCATTGTGCC-1_V12D07-075_C1,7
TATTAACCTGACCGCG-1_V12D07-075_C1,7
TATTACCATCCTGCTT-1_V12D07-075_C1,2
TATTCAATTCTAATCC-1_V12D07-075_C1,2
TATTCCACTCAGCTCG-1_V12D07-075_C1,3
TATTCCGAGCTGTTAT-1_V12D07-075_C1,3
TATTCCGGCAGTCCTA-1_V12D07-075_C1,5
TATTCCTCCGCCCACT-1_V12D07-075_C1,7
TATTCGTGCCAGAATA-1_V12D07-075_C1,3
TATTGACATTTCTGCC-1_V12D07-075_C1,1
TATTGCCGGGCTTGTA-1_V12D07-075_C1,2
TATTTAGTCTAGATCG-1_V12D07-075_C1,5
TATTTATACCGAGTAG-1_V12D07-075_C1,6
TATTTGATTTGCACAG-1_V12D07-075_C1,6
TATTTGTTACCCTTTA-1_V12D07-075_C1,8
TCAAACAACCGCGTCG-1_V12D07-075_C1,8
TCAAACTTAGATTGTT-1_V12D07-075_C1,3
TCAAATTGTTGTGCCG-1_V12D07-075_C1,2
TCAAATTTGAGACTCA-1_V12D07-075_C1,3
TCAACACATTGGGTAA-1_V12D07-075_C1,5
TCAACATAGCGCCCTA-1_V12D07-075_C1,7
TCAACCATGTTCGGGC-1_V12D07-075_C1,6
TCAACGAGGAGACAAA-1_V12D07-075_C1,3
TCAACGCGACCGGCAG-1_V12D07-075_C1,7
TCAACTAACGTATAAC-1_V12D07-075_C1,8
TCAACTGCAGAGTCAG-1_V12D07-075_C1,2
TCAAGAAATACTAGCT-1_V12D07-075_C1,6
TCAAGCGCGGACGGTA-1_V12D07-075_C1,2
TCAAGGTTACTACACC-1_V12D07-075_C1,2
TCAATACAATTGCTGC-1_V12D07-075_C1,8
TCAATACGCCGTCATG-1_V12D07-075_C1,3
TCAATATACAGGAGGC-1_V12D07-075_C1,7
TCAATCCCGCGCCAAA-1_V12D07-075_C1,2
TCACAAACCGAGGTAC-1_V12D07-075_C1,2
TCACAGATCCTCAAAC-1_V12D07-075_C1,8
TCACAGCAAACTCGAA-1_V12D07-075_C1,7
TCACAGGAGAATAAGA-1_V12D07-075_C1,7
TCACAGGGAATCGCAA-1_V12D07-075_C1,3
TCACAGGTTATTGGGC-1_V12D07-075_C1,8
TCACATCTTATCTGAT-1_V12D07-075_C1,8
TCACCCTCTTAAGATT-1_V12D07-075_C1,3
TCACCGCTCGGCACTC-1_V12D07-075_C1,7
TCACGCATTGTAGATC-1_V12D07-075_C1,8
TCACGGTCATCGCACA-1_V12D07-075_C1,8
TCACGTGCCCGATTCA-1_V12D07-075_C1,3
TCACTACGACCAATGC-1_V12D07-075_C1,1
TCACTATCCCTTCGGT-1_V12D07-075_C1,2
TCACTCGTGCAACGGC-1_V12D07-075_C1,6
TCACTCTTCGTCTGTC-1_V12D07-075_C1,8
TCAGAACCTCCACAGG-1_V12D07-075_C1,6
TCAGACGCTATAGAAG-1_V12D07-075_C1,3
TCAGAGTGTGAGCATG-1_V12D07-075_C1,2
TCAGCAAATGCATCTC-1_V12D07-075_C1,2
TCAGCCAATCCGTAAA-1_V12D07-075_C1,2
TCAGGGCGACTTCCTT-1_V12D07-075_C1,8
TCAGGGCGCAAACTCG-1_V12D07-075_C1,8
TCAGGGTGCACGAAAC-1_V12D07-075_C1,1
TCAGGGTGTAACGTAA-1_V12D07-075_C1,3
TCAGGTTCTTTGAGAA-1_V12D07-075_C1,8
TCAGTACTGACCCGCG-1_V12D07-075_C1,8
TCAGTAGGGACTATAA-1_V12D07-075_C1,3
TCATAAGTCCAAGAAG-1_V12D07-075_C1,2
TCATACTTACAGATCC-1_V12D07-075_C1,8
TCATATGAGCTTTGTT-1_V12D07-075_C1,2
TCATCACTCGAGCTCG-1_V12D07-075_C1,8
TCATCCCAGAGGGTGG-1_V12D07-075_C1,5
TCATCCTCAGCTGCTT-1_V12D07-075_C1,2
TCATCGACGACCGTCG-1_V12D07-075_C1,2
TCATGCAGGTTCTCAT-1_V12D07-075_C1,6
TCATTCGTATAATTTG-1_V12D07-075_C1,1
TCATTTAAGTCTCCGA-1_V12D07-075_C1,7
TCATTTAGAAGTGTGA-1_V12D07-075_C1,2
TCCAACTCAGCTATCT-1_V12D07-075_C1,2
TCCAACTTTAAATTCT-1_V12D07-075_C1,8
TCCAAGCCTAGACACA-1_V12D07-075_C1,2
TCCAATAAAGGCTACC-1_V12D07-075_C1,3
TCCACAATGGTTTACG-1_V12D07-075_C1,8
TCCACATCGTATATTG-1_V12D07-075_C1,2
TCCACCAAGACATAGG-1_V12D07-075_C1,7
TCCACCTCTAGCCTTT-1_V12D07-075_C1,3
TCCACTTTATCTAGGT-1_V12D07-075_C1,2
TCCAGAGCACCGGTTC-1_V12D07-075_C1,3
TCCAGATGTACGCCAA-1_V12D07-075_C1,1
TCCAGCGCTATAAGCG-1_V12D07-075_C1,6
TCCAGGCGAGTACGGT-1_V12D07-075_C1,3
TCCAGGGTATATACGA-1_V12D07-075_C1,3
TCCATTAGTTGGATAG-1_V12D07-075_C1,5
TCCATTGTGACCTCGT-1_V12D07-075_C1,5
TCCCAAACAGACAACG-1_V12D07-075_C1,1
TCCCAAAGACGAAGGA-1_V12D07-075_C1,8
TCCCAAAGCCCTAAAT-1_V12D07-075_C1,1
TCCCACTCTCTTCCGG-1_V12D07-075_C1,6
TCCCAGCACACGACAT-1_V12D07-075_C1,6
TCCCAGCTTTAGTCTG-1_V12D07-075_C1,3
TCCCAGGCTTAGCTAA-1_V12D07-075_C1,8
TCCCGCCTATGTGCGT-1_V12D07-075_C1,1
TCCCGCGTACTCCTGG-1_V12D07-075_C1,3
TCCCGGGTGTGCTGCT-1_V12D07-075_C1,8
TCCCGGTCAGGAATTT-1_V12D07-075_C1,5
TCCCGTCAGTCCCGCA-1_V12D07-075_C1,6
TCCCGTCGCGTCATAG-1_V12D07-075_C1,1
TCCCGTGTGCAATTTG-1_V12D07-075_C1,3
TCCCTAGATCAATAGG-1_V12D07-075_C1,1
TCCCTCTTCTCAAGGG-1_V12D07-075_C1,2
TCCCTGGCTCGCTGGA-1_V12D07-075_C1,8
TCCCTTAGATTACTCG-1_V12D07-075_C1,6
TCCCTTGTCTGAAACT-1_V12D07-075_C1,2
TCCGAACGTTGCCGCT-1_V12D07-075_C1,6
TCCGAACTTGGCTTAC-1_V12D07-075_C1,8
TCCGAAGTAGTCACCA-1_V12D07-075_C1,1
TCCGAATGGTCCTGAG-1_V12D07-075_C1,1
TCCGAGAAGGCTAAGC-1_V12D07-075_C1,5
TCCGATAATTGCCATA-1_V12D07-075_C1,5
TCCGATGACTGAGCTC-1_V12D07-075_C1,6
TCCGATGGTGCGACAT-1_V12D07-075_C1,8
TCCGATTACATTGCCG-1_V12D07-075_C1,8
TCCGCAGCCACCTAGC-1_V12D07-075_C1,8
TCCGCCTGTCTACAAG-1_V12D07-075_C1,3
TCCGCGGCAGCATCTG-1_V12D07-075_C1,2
TCCGCGGCCCAATGAA-1_V12D07-075_C1,2
TCCGCTGTCATCCCGG-1_V12D07-075_C1,3
TCCGCTTATCCCATTA-1_V12D07-075_C1,3
TCCGGAGGAAGGGCTG-1_V12D07-075_C1,1
TCCGGCCTAGCGTACA-1_V12D07-075_C1,7
TCCGGCTGTCGGGTCG-1_V12D07-075_C1,7
TCCGGGCTTGACGGGA-1_V12D07-075_C1,2
TCCGGTTCGTCCGGTC-1_V12D07-075_C1,3
TCCGTAACCACAATCC-1_V12D07-075_C1,8
TCCGTTAAGCTAATAT-1_V12D07-075_C1,2
TCCGTTTAGCCTTGAA-1_V12D07-075_C1,7
TCCTAAAGATTCAGAC-1_V12D07-075_C1,2
TCCTAAATTGGGAAGC-1_V12D07-075_C1,3
TCCTAACCGTCGGGCA-1_V12D07-075_C1,7
TCCTACATCCACGGCC-1_V12D07-075_C1,3
TCCTAGCAAAGAAGCT-1_V12D07-075_C1,8
TCCTATCATAGGTAAC-1_V12D07-075_C1,6
TCCTCGGGCTGGGCTT-1_V12D07-075_C1,3
TCCTCTACGAGATGGC-1_V12D07-075_C1,8
TCCTCTCCAGTTGTCC-1_V12D07-075_C1,8
TCCTCTGGCCCATTAG-1_V12D07-075_C1,1
TCCTGCCAACTGGAGA-1_V12D07-075_C1,1
TCCTGCGTTGATACTC-1_V12D07-075_C1,8
TCCTGGCGCTGCCTGG-1_V12D07-075_C1,1
TCCTTACGACGGTCCG-1_V12D07-075_C1,2
TCCTTCAATCCCTACG-1_V12D07-075_C1,7
TCCTTCAGTGGTCGAA-1_V12D07-075_C1,5
TCCTTGTCCTTTAATT-1_V12D07-075_C1,2
TCCTTTAAATCCGCTT-1_V12D07-075_C1,2
TCCTTTCTTACGCTTA-1_V12D07-075_C1,3
TCGAAATTTAGGACCA-1_V12D07-075_C1,8
TCGAAGAACCGAGCAC-1_V12D07-075_C1,2
TCGAGACCAACACCGT-1_V12D07-075_C1,3
TCGAGGGCAACAGACG-1_V12D07-075_C1,2
TCGATAGGCTAGTCGC-1_V12D07-075_C1,5
TCGCAAAGATGCATTT-1_V12D07-075_C1,3
TCGCACCAGGAGGCAG-1_V12D07-075_C1,3
TCGCACTAACGTTTGT-1_V12D07-075_C1,8
TCGCATAAAGGGCGCA-1_V12D07-075_C1,2
TCGCATCCCTAAGTGT-1_V12D07-075_C1,8
TCGCATTCAATGACTT-1_V12D07-075_C1,5
TCGCCCAACTGACTCC-1_V12D07-075_C1,1
TCGCCCACTGCGAGAG-1_V12D07-075_C1,8
TCGCCGAAGTTGCGTC-1_V12D07-075_C1,7
TCGCCGACATATTCGC-1_V12D07-075_C1,2
TCGCCGGATGGGCAAG-1_V12D07-075_C1,8
TCGCCGGTCGATCCGT-1_V12D07-075_C1,5
TCGCGTAGCAGTGTCC-1_V12D07-075_C1,2
TCGCGTCCAGAAGGTC-1_V12D07-075_C1,8
TCGCTAAACCGCTATC-1_V12D07-075_C1,6
TCGCTACTGGCTTTGA-1_V12D07-075_C1,2
TCGCTCGATATATTCC-1_V12D07-075_C1,3
TCGCTCGGCACCAGCG-1_V12D07-075_C1,1
TCGCTGCCAATGCTGT-1_V12D07-075_C1,2
TCGCTGGGCGGATTGT-1_V12D07-075_C1,3
TCGCTGTGCGTAAATC-1_V12D07-075_C1,8
TCGCTTAATTACGAAG-1_V12D07-075_C1,1
TCGCTTTAAACGTTTG-1_V12D07-075_C1,6
TCGGAATGACCATCAA-1_V12D07-075_C1,5
TCGGAATGCGCTCTGA-1_V12D07-075_C1,8
TCGGACGCCCAGCCCA-1_V12D07-075_C1,2
TCGGAGTACATGAGTA-1_V12D07-075_C1,2
TCGGCAGGGTTAAGGG-1_V12D07-075_C1,7
TCGGCGAACCCAAACC-1_V12D07-075_C1,2
TCGGCTTGTATCGACG-1_V12D07-075_C1,2
TCGGGAACGTGCCTAG-1_V12D07-075_C1,6
TCGGGAGACAGCGTAC-1_V12D07-075_C1,3
TCGGGATTCAAACATA-1_V12D07-075_C1,7
TCGGGCCGTCGTGGTA-1_V12D07-075_C1,2
TCGGGTGAAACTGCTA-1_V12D07-075_C1,5
TCGGTCCCTGACTCCA-1_V12D07-075_C1,1
TCGGTGACCGCTCCGG-1_V12D07-075_C1,1
TCGGTTAGCCATGTAG-1_V12D07-075_C1,1
TCGTAACTCCCAAGAC-1_V12D07-075_C1,2
TCGTAAGACGACATTG-1_V12D07-075_C1,3
TCGTAAGCTCCGAGGA-1_V12D07-075_C1,1
TCGTACCGACGTCAAG-1_V12D07-075_C1,3
TCGTATAGTGCAATTA-1_V12D07-075_C1,5
TCGTATTACCCATTGC-1_V12D07-075_C1,8
TCGTCACACTGTTAGC-1_V12D07-075_C1,8
TCGTCCGCTGGCGTCT-1_V12D07-075_C1,8
TCGTCCGGGTACACTC-1_V12D07-075_C1,1
TCGTCTTAGGCGTTAA-1_V12D07-075_C1,3
TCGTGTACTATGGATG-1_V12D07-075_C1,4
TCGTGTATTGGTCACG-1_V12D07-075_C1,4
TCGTGTTCGACCACAA-1_V12D07-075_C1,2
TCGTTAGGAGTCCCTA-1_V12D07-075_C1,3
TCGTTCGTTATTATGT-1_V12D07-075_C1,5
TCGTTGACAGGGTCCC-1_V12D07-075_C1,8
TCGTTGCTATCCGGTC-1_V12D07-075_C1,7
TCGTTGGCTCGTCAAT-1_V12D07-075_C1,5
TCGTTTACGCGACCCT-1_V12D07-075_C1,2
TCTAACTGTATGTAAA-1_V12D07-075_C1,8
TCTACACGTTCATGCA-1_V12D07-075_C1,1
TCTACCCAATAGAGAG-1_V12D07-075_C1,2
TCTACCGTCCACAAGC-1_V12D07-075_C1,3
TCTAGCAATCTCCGCC-1_V12D07-075_C1,7
TCTAGCATCTTCGATG-1_V12D07-075_C1,8
TCTAGCATGCCCAGAA-1_V12D07-075_C1,3
TCTAGGTGGCGACGCT-1_V12D07-075_C1,7
TCTAGTGATATCGTGG-1_V12D07-075_C1,2
TCTAGTTATCAGAAGA-1_V12D07-075_C1,8
TCTATAGGTGGGTAAT-1_V12D07-075_C1,2
TCTATCATGCAGTTAC-1_V12D07-075_C1,8
TCTATCGGTCGCAACA-1_V12D07-075_C1,3
TCTATGCTATAACGAC-1_V12D07-075_C1,2
TCTATTACGCTGGCGA-1_V12D07-075_C1,8
TCTCAAATCAATCGGG-1_V12D07-075_C1,2
TCTCATGAGATAGGGT-1_V12D07-075_C1,3
TCTCCAACGTAGGTTA-1_V12D07-075_C1,6
TCTCCACAAGTTGAAT-1_V12D07-075_C1,2
TCTCCCTGGGCAGCGT-1_V12D07-075_C1,3
TCTCGAACGAGGTCAC-1_V12D07-075_C1,1
TCTCGACGTATCGCCG-1_V12D07-075_C1,1
TCTCGAGGAGGTTCGC-1_V12D07-075_C1,2
TCTCGGCTCCAGGACT-1_V12D07-075_C1,8
TCTCTAATAGCTGGTA-1_V12D07-075_C1,6
TCTCTCGCCGCACATA-1_V12D07-075_C1,2
TCTGAACCGGTCGGCT-1_V12D07-075_C1,8
TCTGAACTCGTACCCG-1_V12D07-075_C1,2
TCTGAAGCACGTGGTC-1_V12D07-075_C1,3
TCTGAATTCCGTACAA-1_V12D07-075_C1,7
TCTGACGGGCTAACCC-1_V12D07-075_C1,1
TCTGACTGTAATGGTT-1_V12D07-075_C1,8
TCTGAGCAATTGACTG-1_V12D07-075_C1,2
TCTGATCGGGTGCTAG-1_V12D07-075_C1,1
TCTGATGTATTCTGTC-1_V12D07-075_C1,3
TCTGATTGGAAATGGA-1_V12D07-075_C1,1
TCTGCAGATTCGAGTC-1_V12D07-075_C1,8
TCTGCATACCTTGCTT-1_V12D07-075_C1,2
TCTGCCAGAAACTGCA-1_V12D07-075_C1,3
TCTGCGTCCGGTTTCT-1_V12D07-075_C1,8
TCTGCTTAGAACAAGC-1_V12D07-075_C1,6
TCTGGAGCGTAAGAGT-1_V12D07-075_C1,1
TCTGGCCGTTCAAGTT-1_V12D07-075_C1,1
TCTGGCGCAAGCCGGG-1_V12D07-075_C1,8
TCTGGGAACCTTTGAA-1_V12D07-075_C1,2
TCTGGGTAGCGCTCAT-1_V12D07-075_C1,8
TCTGTCATACAAGAGC-1_V12D07-075_C1,5
TCTGTGATGGAGGTTG-1_V12D07-075_C1,1
TCTGTGCCATCATAGT-1_V12D07-075_C1,2
TCTGTTACCCAGCATA-1_V12D07-075_C1,7
TCTTAACTCGGATGTA-1_V12D07-075_C1,8
TCTTACAGAGGTACCG-1_V12D07-075_C1,5
TCTTACCGGAACTCGT-1_V12D07-075_C1,6
TCTTACGGCATCCGAC-1_V12D07-075_C1,8
TCTTACTTATGCCTCT-1_V12D07-075_C1,2
TCTTAGAGCTCCAATT-1_V12D07-075_C1,7
TCTTAGAGTGAACTCT-1_V12D07-075_C1,2
TCTTCCCATGGGCACA-1_V12D07-075_C1,7
TCTTCGAATAGACGTT-1_V12D07-075_C1,3
TCTTCGATACCAATAA-1_V12D07-075_C1,3
TCTTCGCGGTGAGAGG-1_V12D07-075_C1,2
TCTTCTATAACCCGCC-1_V12D07-075_C1,7
TCTTGATGCGTAGCGA-1_V12D07-075_C1,2
TCTTGCTCCCGATACT-1_V12D07-075_C1,2
TCTTGGTAACACCAAA-1_V12D07-075_C1,6
TCTTTAAGACTATGAA-1_V12D07-075_C1,7
TCTTTAGAGTCTAACA-1_V12D07-075_C1,7
TCTTTAGCAGGCGAAC-1_V12D07-075_C1,1
TCTTTCCTTCGAGATA-1_V12D07-075_C1,2
TCTTTCTCTTAAGGAG-1_V12D07-075_C1,4
TGAAACTTATGCAAGC-1_V12D07-075_C1,5
TGAAAGGACCTGACTC-1_V12D07-075_C1,2
TGAACTGCTATGACTT-1_V12D07-075_C1,8
TGAAGAGCGGTCCTAG-1_V12D07-075_C1,8
TGAAGTAGCTTACGGA-1_V12D07-075_C1,8
TGAATACCGACGCGTA-1_V12D07-075_C1,2
TGAATATGCTATAAAC-1_V12D07-075_C1,1
TGAATGAGTGTTTCCC-1_V12D07-075_C1,3
TGAATGTCAGCCGGCC-1_V12D07-075_C1,7
TGACAACGCATGTCGC-1_V12D07-075_C1,1
TGACACTTCTCTTTGC-1_V12D07-075_C1,1
TGACATATATGACGAT-1_V12D07-075_C1,8
TGACATCGAGCGGACC-1_V12D07-075_C1,7
TGACATGTAACGTGAC-1_V12D07-075_C1,2
TGACCAAATCTTAAAC-1_V12D07-075_C1,2
TGACCAGCTTCAAAGT-1_V12D07-075_C1,1
TGACCCACGTTAGACA-1_V12D07-075_C1,8
TGACGATGCACTAGAA-1_V12D07-075_C1,2
TGACTATAATCCTTTC-1_V12D07-075_C1,3
TGACTCTAACTGGTAA-1_V12D07-075_C1,2
TGAGAATGCTTTACCG-1_V12D07-075_C1,6
TGAGACGTACCTCTCA-1_V12D07-075_C1,8
TGAGAGATTTACCACG-1_V12D07-075_C1,2
TGAGATCAAATACTCA-1_V12D07-075_C1,5
TGAGATTAGGCCCTAA-1_V12D07-075_C1,6
TGAGCAGTCGTGAAGT-1_V12D07-075_C1,5
TGAGCCATACAGTCTC-1_V12D07-075_C1,8
TGAGCGGAAAGTGTTC-1_V12D07-075_C1,3
TGAGCTCAACTGTATA-1_V12D07-075_C1,2
TGAGCTTTAATGACGC-1_V12D07-075_C1,6
TGAGGAGTGCCAGCTT-1_V12D07-075_C1,3
TGAGGTGTGTGGCGGA-1_V12D07-075_C1,3
TGAGTAAATTAGCGTA-1_V12D07-075_C1,3
TGAGTGCCTCTTAAAT-1_V12D07-075_C1,7
TGAGTGGTCCGTGACG-1_V12D07-075_C1,7
TGAGTTAAAGACATTC-1_V12D07-075_C1,7
TGATACATTTAGCCGT-1_V12D07-075_C1,7
TGATAGCGGGATTCTA-1_V12D07-075_C1,8
TGATCACCACACTGAC-1_V12D07-075_C1,3
TGATCCCAGCATTAGT-1_V12D07-075_C1,1
TGATCGGTTTGACCCT-1_V12D07-075_C1,8
TGATCTACGCTGATCT-1_V12D07-075_C1,1
TGATCTATCACACTCT-1_V12D07-075_C1,2
TGATCTCCGGCGCCAG-1_V12D07-075_C1,8
TGATGGCTGTTTCTGA-1_V12D07-075_C1,1
TGATGTCAATTAAGTG-1_V12D07-075_C1,2
TGATTATGGCACGCAG-1_V12D07-075_C1,1
TGATTCCCGGTTACCT-1_V12D07-075_C1,3
TGATTCGTCTATCACT-1_V12D07-075_C1,8
TGATTCTGTCGCCGGT-1_V12D07-075_C1,7
TGATTTATTAGCTGTG-1_V12D07-075_C1,8
TGATTTCCTCCTGACG-1_V12D07-075_C1,8
TGCAAAGTTCGTCTGT-1_V12D07-075_C1,3
TGCAACCCATCTGCGG-1_V12D07-075_C1,2
TGCAACTACTGGTTGA-1_V12D07-075_C1,2
TGCAAGAATGACGTAA-1_V12D07-075_C1,3
TGCAATCTAACACGGT-1_V12D07-075_C1,2
TGCAATTTGGGCACGG-1_V12D07-075_C1,1
TGCACAGTGAAGTTAT-1_V12D07-075_C1,1
TGCACGAGTCGGCAGC-1_V12D07-075_C1,5
TGCACTATGTGAGTGC-1_V12D07-075_C1,8
TGCAGAGTACCGAGCA-1_V12D07-075_C1,8
TGCAGGATCGGCAAAG-1_V12D07-075_C1,6
TGCAGTGAGGCTCGGG-1_V12D07-075_C1,1
TGCAGTTTCCTCCCAT-1_V12D07-075_C1,2
TGCATATGTCTGTCAC-1_V12D07-075_C1,2
TGCATGGATCGGATCT-1_V12D07-075_C1,5
TGCATGTGGTAATCTA-1_V12D07-075_C1,7
TGCCAATGGGTACTCT-1_V12D07-075_C1,3
TGCCACCTGGCGAAAC-1_V12D07-075_C1,6
TGCCAGTACGTGGAGA-1_V12D07-075_C1,3
TGCCATTACTAAAGAA-1_V12D07-075_C1,6
TGCCCGTACCGTTAAA-1_V12D07-075_C1,3
TGCCGAAAGCGTATTC-1_V12D07-075_C1,1
TGCCGTGGATCGTCCT-1_V12D07-075_C1,3
TGCCTAAATTTAATAG-1_V12D07-075_C1,1
TGCCTAATTGAAGATT-1_V12D07-075_C1,2
TGCCTGACATCGGTCA-1_V12D07-075_C1,8
TGCCTGATCAAACGAT-1_V12D07-075_C1,6
TGCCTTGGCCAGGCAA-1_V12D07-075_C1,3
TGCGACACCCTAGTGC-1_V12D07-075_C1,7
TGCGAGAATATTACCC-1_V12D07-075_C1,7
TGCGAGATGGCGGCCA-1_V12D07-075_C1,1
TGCGAGCCCTTCCGCG-1_V12D07-075_C1,1
TGCGATGCTAATGGCT-1_V12D07-075_C1,8
TGCGCAAAGCATTTGG-1_V12D07-075_C1,3
TGCGCCGTTAATAACG-1_V12D07-075_C1,1
TGCGCGATTAACGGAG-1_V12D07-075_C1,8
TGCGGACTTGACTCCG-1_V12D07-075_C1,2
TGCGGAGTAAAGGTGC-1_V12D07-075_C1,3
TGCGGCATAGTTCAAC-1_V12D07-075_C1,5
TGCGGTGAAATTTCAT-1_V12D07-075_C1,5
TGCGTAAGAACCTGAT-1_V12D07-075_C1,8
TGCGTACGGCTAATTG-1_V12D07-075_C1,2
TGCGTGATTGGGTGTC-1_V12D07-075_C1,8
TGCGTTTGTTGACACT-1_V12D07-075_C1,3
TGCTAAGTGTCTATTT-1_V12D07-075_C1,3
TGCTATACAAACGGAC-1_V12D07-075_C1,5
TGCTCCACAGTTCTTA-1_V12D07-075_C1,2
TGCTCGGCGAAACCCA-1_V12D07-075_C1,3
TGCTCGGTGGGTCACC-1_V12D07-075_C1,2
TGCTCTTGAGAGTTTG-1_V12D07-075_C1,2
TGCTGGTTGGACAATT-1_V12D07-075_C1,8
TGCTGTTGAAGAACTC-1_V12D07-075_C1,3
TGCTTCCCAAGCAGTA-1_V12D07-075_C1,3
TGCTTGAAACCATGCA-1_V12D07-075_C1,8
TGGAACCACTGACACA-1_V12D07-075_C1,6
TGGAAGAAGGGAACGT-1_V12D07-075_C1,8
TGGAAGACGAACACCA-1_V12D07-075_C1,5
TGGAAGGATAAAGATG-1_V12D07-075_C1,5
TGGAATATCCTTGACC-1_V12D07-075_C1,1
TGGAATTAGACGCTTT-1_V12D07-075_C1,8
TGGACACCGTTGCTTG-1_V12D07-075_C1,8
TGGACCAATCTAAGAT-1_V12D07-075_C1,2
TGGACCACGGCGTTGA-1_V12D07-075_C1,8
TGGACGTAGGCGAATC-1_V12D07-075_C1,8
TGGACTGTTCGCTCAA-1_V12D07-075_C1,7
TGGAGGGAAACACCTC-1_V12D07-075_C1,1
TGGAGTGATGCGATGA-1_V12D07-075_C1,8
TGGATAGAGTAACAGA-1_V12D07-075_C1,8
TGGCAAACTAAATTAC-1_V12D07-075_C1,3
TGGCAACTCGCGCGCC-1_V12D07-075_C1,6
TGGCAAGCACAAGTCG-1_V12D07-075_C1,3
TGGCAATGGGACGGCG-1_V12D07-075_C1,2
TGGCACGAGCTCGAGT-1_V12D07-075_C1,1
TGGCAGATTACGATCA-1_V12D07-075_C1,3
TGGCAGCAGTAATAGT-1_V12D07-075_C1,3
TGGCCAAACTGAAGTA-1_V12D07-075_C1,3
TGGCCGTATATTGACC-1_V12D07-075_C1,8
TGGCGACTGCTCCAAA-1_V12D07-075_C1,7
TGGCGATCAAGTTATG-1_V12D07-075_C1,3
TGGCGGTGTGCGATTG-1_V12D07-075_C1,5
TGGCTACACTCTACCT-1_V12D07-075_C1,2
TGGCTATGTGACATAC-1_V12D07-075_C1,3
TGGCTTGTACAAGCTT-1_V12D07-075_C1,1
TGGCTTTGGGTAGACA-1_V12D07-075_C1,5
TGGGAAATGCCTTTCC-1_V12D07-075_C1,8
TGGGACCATTGGGAGT-1_V12D07-075_C1,8
TGGGATGCACTCATTC-1_V12D07-075_C1,1
TGGGCAATAGTTGGGT-1_V12D07-075_C1,7
TGGGCACAAACAGAAC-1_V12D07-075_C1,5
TGGGCACGTTCTATGG-1_V12D07-075_C1,5
TGGGCAGGCCACCGCA-1_V12D07-075_C1,2
TGGGCCACAAGAGCGC-1_V12D07-075_C1,5
TGGGCCCATACTAATT-1_V12D07-075_C1,2
TGGGCCTTGCCTGCAT-1_V12D07-075_C1,8
TGGGCGATACAATAAG-1_V12D07-075_C1,2
TGGGTAAGGTTCCCGC-1_V12D07-075_C1,6
TGGGTGCACAAGCCAT-1_V12D07-075_C1,2
TGGGTGGGATGTCATT-1_V12D07-075_C1,1
TGGGTGTAATAGATTT-1_V12D07-075_C1,2
TGGGTTCCCGGACGGA-1_V12D07-075_C1,8
TGGTAAGCAGGATTGA-1_V12D07-075_C1,7
TGGTAGAATATATGGG-1_V12D07-075_C1,2
TGGTATCGCATCCCAA-1_V12D07-075_C1,5
TGGTATCGGTCTGTAT-1_V12D07-075_C1,5
TGGTCCCACGCTACGG-1_V12D07-075_C1,3
TGGTCGTGCAAGGCAA-1_V12D07-075_C1,7
TGGTCTAGCTTACATG-1_V12D07-075_C1,8
TGGTCTGTTGGGCGTA-1_V12D07-075_C1,8
TGGTGATCGTATTTGT-1_V12D07-075_C1,8
TGGTTAAGGGCGCTGG-1_V12D07-075_C1,1
TGGTTATGCTTGCGGT-1_V12D07-075_C1,8
TGGTTCAACGGGTAAT-1_V12D07-075_C1,3
TGGTTCGTAGCAAAGG-1_V12D07-075_C1,6
TGGTTGGAGGATCCTG-1_V12D07-075_C1,1
TGGTTTAAACGTGGGT-1_V12D07-075_C1,1
TGTAATGACCACAATA-1_V12D07-075_C1,8
TGTACCTACACGAGGG-1_V12D07-075_C1,2
TGTACGAACAAATCCG-1_V12D07-075_C1,3
TGTACTACTCTCACGG-1_V12D07-075_C1,1
TGTACTGTGCCAAAGT-1_V12D07-075_C1,5
TGTACTTCCGGGCATG-1_V12D07-075_C1,7
TGTAGCCATCCCATTC-1_V12D07-075_C1,2
TGTAGGAGAAATTTCC-1_V12D07-075_C1,7
TGTAGTGATCTATAAT-1_V12D07-075_C1,8
TGTATAACAGATCCTG-1_V12D07-075_C1,3
TGTATACGGATGATGA-1_V12D07-075_C1,1
TGTATCAGACTGAAGC-1_V12D07-075_C1,1
TGTATCCTTATTCCAT-1_V12D07-075_C1,5
TGTATGGCGCAGACAG-1_V12D07-075_C1,2
TGTATTTACCTAATGC-1_V12D07-075_C1,1
TGTCATTTGTTGGGAA-1_V12D07-075_C1,1
TGTCCACGGCTCAACT-1_V12D07-075_C1,2
TGTCCCGACATAGCAC-1_V12D07-075_C1,5
TGTCCGTGGCGCCTTT-1_V12D07-075_C1,8
TGTCCTAAGTCACCGC-1_V12D07-075_C1,4
TGTCGGCATGGTGGAA-1_V12D07-075_C1,5
TGTCTACAGTTTCTGT-1_V12D07-075_C1,5
TGTGACTACGCCAGTC-1_V12D07-075_C1,6
TGTGACTAGAGTTTGC-1_V12D07-075_C1,2
TGTGAGACTAGCCCAA-1_V12D07-075_C1,3
TGTGCCGGTGCCGGAA-1_V12D07-075_C1,2
TGTGCTTTACGTAAGA-1_V12D07-075_C1,8
TGTGGACTATCTACGT-1_V12D07-075_C1,6
TGTGGCAAAGCGTATG-1_V12D07-075_C1,7
TGTGGCGGGCTTCTGG-1_V12D07-075_C1,2
TGTGGCTCCCACCAAC-1_V12D07-075_C1,1
TGTGGTAGGGTGCCTT-1_V12D07-075_C1,6
TGTGGTTGCTAAAGCT-1_V12D07-075_C1,3
TGTGTAGTAGCACGTG-1_V12D07-075_C1,2
TGTGTCGCGAGTTGCA-1_V12D07-075_C1,8
TGTGTTCGTATCCAAG-1_V12D07-075_C1,8
TGTTATTGTATGTGGC-1_V12D07-075_C1,3
TGTTCATAAATGTGCT-1_V12D07-075_C1,8
TGTTCCGCTTCCATGA-1_V12D07-075_C1,8
TGTTCCGGCCTGAGCT-1_V12D07-075_C1,7
TGTTCGTATTGCGGTG-1_V12D07-075_C1,3
TGTTCTCATACTATAG-1_V12D07-075_C1,2
TGTTCTTCCATTGACT-1_V12D07-075_C1,8
TGTTGCCGTCGTCCCA-1_V12D07-075_C1,6
TGTTGTCAAGAAGTCT-1_V12D07-075_C1,6
TGTTTAATACTTCATC-1_V12D07-075_C1,1
TGTTTCGGTACTTCTC-1_V12D07-075_C1,5
TGTTTGAGATCGTCAG-1_V12D07-075_C1,6
TTAAACAGAGTCCCGC-1_V12D07-075_C1,5
TTAAACCGGTAGCGAC-1_V12D07-075_C1,5
TTAAACCTGGTTCCTT-1_V12D07-075_C1,8
TTAAACTCGAATTCAT-1_V12D07-075_C1,7
TTAAAGTAAGTCGCCA-1_V12D07-075_C1,2
TTAACACCTCGAACAT-1_V12D07-075_C1,8
TTAACCAACCCTCCCT-1_V12D07-075_C1,6
TTAACGAACAAGCAGT-1_V12D07-075_C1,1
TTAACGTCGCAAGACC-1_V12D07-075_C1,5
TTAACGTTAAAGCCTG-1_V12D07-075_C1,8
TTAACTCACGCGTGGA-1_V12D07-075_C1,8
TTAACTGATCGTTTGG-1_V12D07-075_C1,2
TTAAGACGAACGAACC-1_V12D07-075_C1,1
TTAAGATAGGATTGAC-1_V12D07-075_C1,2
TTAAGCCGACAACTTC-1_V12D07-075_C1,5
TTAAGCGCCTGACCCA-1_V12D07-075_C1,8
TTAAGGATACGGAGGT-1_V12D07-075_C1,5
TTAAGTATTGTTATCC-1_V12D07-075_C1,2
TTAATCAGTACGTCAG-1_V12D07-075_C1,6
TTAATGTAGACCAGGT-1_V12D07-075_C1,3
TTAATGTGTTTGCAGG-1_V12D07-075_C1,8
TTAATTGCTTTGGGTG-1_V12D07-075_C1,2
TTAATTTCAGACGCGG-1_V12D07-075_C1,5
TTACAACTACGCATCC-1_V12D07-075_C1,6
TTACACGATCTGCGAC-1_V12D07-075_C1,2
TTACAGACCTAAATGA-1_V12D07-075_C1,7
TTACATCGTGGCCTGG-1_V12D07-075_C1,8
TTACATGCCACAACTA-1_V12D07-075_C1,2
TTACCATTGATTACCC-1_V12D07-075_C1,8
TTACCCATTGCCGGGT-1_V12D07-075_C1,6
TTACCCTAACAGTCCT-1_V12D07-075_C1,8
TTACCCTAGGGATTGG-1_V12D07-075_C1,3
TTACCGCCTTAGGGAA-1_V12D07-075_C1,4
TTACGGATGGTTCGAG-1_V12D07-075_C1,7
TTACGGTGTCACCGAG-1_V12D07-075_C1,5
TTACGTATCTATGACA-1_V12D07-075_C1,2
TTACTAAAGGACTTTA-1_V12D07-075_C1,3
TTACTATCGGCTTCTC-1_V12D07-075_C1,8
TTACTCCGGCCGGGAA-1_V12D07-075_C1,2
TTACTCTGGTACGTAC-1_V12D07-075_C1,7
TTACTGGGATATTTCA-1_V12D07-075_C1,3
TTACTGTCTAGAGCTC-1_V12D07-075_C1,1
TTAGAAGAACATGACT-1_V12D07-075_C1,3
TTAGAATAAGGGTCGG-1_V12D07-075_C1,7
TTAGACACGATCGTTG-1_V12D07-075_C1,6
TTAGACGAGTCACCTC-1_V12D07-075_C1,3
TTAGAGTTTAGAAGGA-1_V12D07-075_C1,2
TTAGATAGGTCGATAC-1_V12D07-075_C1,8
TTAGCAACATGGATGT-1_V12D07-075_C1,8
TTAGCTAATACGATCT-1_V12D07-075_C1,6
TTAGCTCTGTAATCCG-1_V12D07-075_C1,8
TTAGCTGATTTGCCGT-1_V12D07-075_C1,2
TTAGGATGGGAGGGTA-1_V12D07-075_C1,1
TTAGTAAACCTGCTCT-1_V12D07-075_C1,2
TTAGTAGGGCGGCGGG-1_V12D07-075_C1,8
TTAGTTATTCGTGGCA-1_V12D07-075_C1,2
TTAGTTCAAGTGTTCG-1_V12D07-075_C1,1
TTATAGATGCACATTA-1_V12D07-075_C1,5
TTATAGGTAATTGTCT-1_V12D07-075_C1,3
TTATAGTCCAAGGTGC-1_V12D07-075_C1,1
TTATATACGCTGTCAC-1_V12D07-075_C1,7
TTATATTTGGCAATCC-1_V12D07-075_C1,3
TTATCCAATCGAACTC-1_V12D07-075_C1,8
TTATCCGGGATCTATA-1_V12D07-075_C1,3
TTATCGCCTGCGAAGC-1_V12D07-075_C1,8
TTATCTGTATCATAAC-1_V12D07-075_C1,6
TTATGAATGAAAGGGA-1_V12D07-075_C1,3
TTATGACAAACTGGAT-1_V12D07-075_C1,8
TTATGATCTTAACGAA-1_V12D07-075_C1,2
TTATGCGTCCCGGTCC-1_V12D07-075_C1,5
TTATGTTTGCGATAGA-1_V12D07-075_C1,4
TTATTAGAGCGTGTTC-1_V12D07-075_C1,3
TTATTAGGGAAGCATC-1_V12D07-075_C1,5
TTATTATCTGGAAGGC-1_V12D07-075_C1,6
TTATTTAGGTTCCTTA-1_V12D07-075_C1,2
TTCAAAGTCTCTAGCC-1_V12D07-075_C1,2
TTCAACGACCCGACCG-1_V12D07-075_C1,8
TTCAAGCCGAGCTGAG-1_V12D07-075_C1,5
TTCAATACTCTGAATC-1_V12D07-075_C1,2
TTCAATTAGCCATAAT-1_V12D07-075_C1,5
TTCACGAAAGGATCAC-1_V12D07-075_C1,3
TTCACTCGAGCACCTA-1_V12D07-075_C1,3
TTCACTTCCTAGAACG-1_V12D07-075_C1,3
TTCAGAGTAACCTGAC-1_V12D07-075_C1,8
TTCAGCCCTGGTCCAC-1_V12D07-075_C1,3
TTCAGCTGGCGTGCCC-1_V12D07-075_C1,2
TTCAGTTTGTGGCAGC-1_V12D07-075_C1,8
TTCATAGCCTTGTAAC-1_V12D07-075_C1,8
TTCATAGGGTGTCCAT-1_V12D07-075_C1,8
TTCATGGCGCAACAGG-1_V12D07-075_C1,6
TTCCAATCAGAGCTAG-1_V12D07-075_C1,7
TTCCAATCTGGCTATC-1_V12D07-075_C1,7
TTCCACACAGATTTGA-1_V12D07-075_C1,7
TTCCAGACGAGATTTA-1_V12D07-075_C1,6
TTCCATCATGCGGTGA-1_V12D07-075_C1,1
TTCCATCGACAGCGTG-1_V12D07-075_C1,2
TTCCGCAGAGAAATAT-1_V12D07-075_C1,6
TTCCGCGTGAGGCGAT-1_V12D07-075_C1,3
TTCCGGCCTTGAGGCT-1_V12D07-075_C1,7
TTCCGGCTCGACTTCT-1_V12D07-075_C1,1
TTCCGGTATCTGTGTC-1_V12D07-075_C1,1
TTCCGGTTACCCACTT-1_V12D07-075_C1,3
TTCCTCGAGGGTGTCT-1_V12D07-075_C1,5
TTCCTCGGACTAACCA-1_V12D07-075_C1,3
TTCCTCTGCCCGAATA-1_V12D07-075_C1,4
TTCCTTTCTGTGTTGC-1_V12D07-075_C1,5
TTCGACAGAGCCCGTG-1_V12D07-075_C1,3
TTCGACGGGAAGGGCG-1_V12D07-075_C1,8
TTCGCACTCGCGTGCT-1_V12D07-075_C1,8
TTCGCACTGTACGACA-1_V12D07-075_C1,3
TTCGCATCCGGAAGCA-1_V12D07-075_C1,8
TTCGCGCGCCATACGA-1_V12D07-075_C1,7
TTCGCTAGGAAGTTGT-1_V12D07-075_C1,1
TTCGCTATCTGACGTG-1_V12D07-075_C1,1
TTCGGACTGATGCCTT-1_V12D07-075_C1,1
TTCGGCAACCCGCTGA-1_V12D07-075_C1,6
TTCGGCTAGAGATGGT-1_V12D07-075_C1,4
TTCGGGACTAATCGCG-1_V12D07-075_C1,3
TTCGGGTTGCCACGGG-1_V12D07-075_C1,2
TTCGGTACTGTAGAGG-1_V12D07-075_C1,2
TTCGGTGGAGACGCCC-1_V12D07-075_C1,6
TTCGTAATCCCAGCGG-1_V12D07-075_C1,6
TTCGTACTCCAGAACG-1_V12D07-075_C1,4
TTCGTTCAACGAAGTT-1_V12D07-075_C1,1
TTCTAACCGAAGCTTA-1_V12D07-075_C1,7
TTCTACCTTTATGTTG-1_V12D07-075_C1,1
TTCTACTTGCGAGGGC-1_V12D07-075_C1,8
TTCTAGAAAGTCTTAT-1_V12D07-075_C1,7
TTCTAGGCCAATTGTG-1_V12D07-075_C1,8
TTCTATGCCTTTCGCA-1_V12D07-075_C1,1
TTCTATTAAACGCAGC-1_V12D07-075_C1,3
TTCTGACCGGGCTCAA-1_V12D07-075_C1,3
TTCTGCCGCGCCTAGA-1_V12D07-075_C1,3
TTCTGCGAGCGCCCTT-1_V12D07-075_C1,8
TTCTGCGGGTTAGCGG-1_V12D07-075_C1,3
TTCTGCTAGACTCCAA-1_V12D07-075_C1,6
TTCTGTTTCCTGTCGC-1_V12D07-075_C1,8
TTCTTAGTGAACGGTG-1_V12D07-075_C1,8
TTCTTAGTGGCTCAGA-1_V12D07-075_C1,5
TTCTTATCCGCTGGGT-1_V12D07-075_C1,2
TTCTTGAGCCGCGCTA-1_V12D07-075_C1,7
TTCTTGCTAGCATCTC-1_V12D07-075_C1,4
TTCTTGGAGTAATGAG-1_V12D07-075_C1,6
TTCTTGTAACCTAATG-1_V12D07-075_C1,8
TTCTTGTGTCCATCAG-1_V12D07-075_C1,8
TTCTTTGGTCGCGACG-1_V12D07-075_C1,1
TTGAAACCCTCATTCC-1_V12D07-075_C1,2
TTGAAAGGTGTAAAGG-1_V12D07-075_C1,1
TTGAACGAATCCTTTG-1_V12D07-075_C1,8
TTGAACGACGTGCTGA-1_V12D07-075_C1,3
TTGAAGAATTCCCAGG-1_V12D07-075_C1,8
TTGAATATGGACTTTC-1_V12D07-075_C1,2
TTGAATTCACGTGAGG-1_V12D07-075_C1,2
TTGACAGGAGCTCCCG-1_V12D07-075_C1,2
TTGACATGAACGTGGA-1_V12D07-075_C1,7
TTGACCAGGAACAACT-1_V12D07-075_C1,2
TTGACCATGTTCTCCG-1_V12D07-075_C1,6
TTGACCGTGTTAATGA-1_V12D07-075_C1,7
TTGACGATTCAGCACG-1_V12D07-075_C1,5
TTGACGCTCCATGAGC-1_V12D07-075_C1,2
TTGACTACCATATGGT-1_V12D07-075_C1,8
TTGACTATTGTCCGGC-1_V12D07-075_C1,2
TTGAGAAGTTTAGCAT-1_V12D07-075_C1,3
TTGAGAGTACTGCTAA-1_V12D07-075_C1,7
TTGAGCAGCCCACGGT-1_V12D07-075_C1,1
TTGAGCGCCACGTGAT-1_V12D07-075_C1,1
TTGAGGCATTTAACTC-1_V12D07-075_C1,1
TTGAGTCCCGCTGCTG-1_V12D07-075_C1,1
TTGATAGTCAATACAT-1_V12D07-075_C1,1
TTGATCTAACTTTGTC-1_V12D07-075_C1,8
TTGATGTGTAGTCCCG-1_V12D07-075_C1,6
TTGATTAGCTGTTTCT-1_V12D07-075_C1,7
TTGATTATGCAGATGA-1_V12D07-075_C1,8
TTGCAAGAAGACTCCT-1_V12D07-075_C1,7
TTGCACAATTCAGAAA-1_V12D07-075_C1,3
TTGCACGGAGCAGCAC-1_V12D07-075_C1,6
TTGCATGCTGATCACG-1_V12D07-075_C1,8
TTGCCAAGCAGAACCC-1_V12D07-075_C1,1
TTGCCCTGATCACGGG-1_V12D07-075_C1,8
TTGCCGCTTTCTAGTA-1_V12D07-075_C1,2
TTGCCGGTGATCCCTC-1_V12D07-075_C1,1
TTGCCTTCTCGCCGGG-1_V12D07-075_C1,2
TTGCGCTCTCTCGCTT-1_V12D07-075_C1,8
TTGCGCTTGATCAATA-1_V12D07-075_C1,2
TTGCGGCATCAGAAAG-1_V12D07-075_C1,7
TTGCGTAGTTTGAGGA-1_V12D07-075_C1,4
TTGCGTCGGCCAACCG-1_V12D07-075_C1,7
TTGCGTGAACGCTTAG-1_V12D07-075_C1,1
TTGCGTGTGTAGGCAT-1_V12D07-075_C1,2
TTGCTCATAGTACGTG-1_V12D07-075_C1,4
TTGCTCCCATACCGGA-1_V12D07-075_C1,3
TTGCTGAAGGAACCAC-1_V12D07-075_C1,6
TTGCTGATCATGTTCG-1_V12D07-075_C1,3
TTGCTGCACCTATCCA-1_V12D07-075_C1,8
TTGCTGGCCGGGCTTC-1_V12D07-075_C1,1
TTGGACATGTGGCTTA-1_V12D07-075_C1,7
TTGGACCATCTGGCAA-1_V12D07-075_C1,2
TTGGACCTATAACAGT-1_V12D07-075_C1,3
TTGGAGTCTCCCTTCT-1_V12D07-075_C1,5
TTGGATATCGTCTACG-1_V12D07-075_C1,3
TTGGATCGACTTCTGG-1_V12D07-075_C1,5
TTGGATTGGGTACCAC-1_V12D07-075_C1,1
TTGGCCATCTTGCGCT-1_V12D07-075_C1,4
TTGGCCTAGAATTTCG-1_V12D07-075_C1,6
TTGGCGATCCGAATAT-1_V12D07-075_C1,1
TTGGCTCAATATGTGT-1_V12D07-075_C1,2
TTGGCTCGCATGAGAC-1_V12D07-075_C1,8
TTGGGAAGACGAGCCG-1_V12D07-075_C1,2
TTGGGACACTGCCCGC-1_V12D07-075_C1,3
TTGGGACGTAAGAGTT-1_V12D07-075_C1,2
TTGGGCGGCGGTTGCC-1_V12D07-075_C1,3
TTGGTATGGCTTGTGT-1_V12D07-075_C1,1
TTGGTCACACTCGTAA-1_V12D07-075_C1,7
TTGGTTCGCTCAAAGG-1_V12D07-075_C1,1
TTGTAAGGACCTAAGT-1_V12D07-075_C1,7
TTGTAAGGCCAGTTGG-1_V12D07-075_C1,7
TTGTAATCCGTACTCG-1_V12D07-075_C1,3
TTGTATCACACAGAAT-1_V12D07-075_C1,5
TTGTCGTTCAGTTACC-1_V12D07-075_C1,6
TTGTGAACCTAATCCG-1_V12D07-075_C1,2
TTGTGATCTGTTCAGT-1_V12D07-075_C1,2
TTGTGCAGCCACGTCA-1_V12D07-075_C1,3
TTGTGGCCCTGACAGT-1_V12D07-075_C1,5
TTGTGGTGGTACTAAG-1_V12D07-075_C1,2
TTGTGTATGCCACCAA-1_V12D07-075_C1,3
TTGTGTTTCCCGAAAG-1_V12D07-075_C1,3
TTGTTAGCAAATTCGA-1_V12D07-075_C1,8
TTGTTCAGTGTGCTAC-1_V12D07-075_C1,3
TTGTTCTAGATACGCT-1_V12D07-075_C1,8
TTGTTGTGTGTCAAGA-1_V12D07-075_C1,2
TTGTTTCACATCCAGG-1_V12D07-075_C1,7
TTGTTTCCATACAACT-1_V12D07-075_C1,7
TTGTTTGTGTAAATTC-1_V12D07-075_C1,5
