perm,neighbor,Z,scale,reference,id
1,Astrocyte,3.0960268087035274,100,Astrocyte,NA
2,Astrocyte,2.985937861621553,100,Astrocyte,NA
3,Astrocyte,2.95842628060984,100,Astrocyte,NA
4,Astrocyte,2.665233889636674,100,Astrocyte,NA
5,Astrocyte,3.2429183505504193,100,Astrocyte,NA
1,C17,0.006703479641132936,100,Astrocyte,NA
2,C17,0.006703479641132936,100,Astrocyte,NA
3,C17,0.33971290934587206,100,Astrocyte,NA
4,C17,0.006703479641132936,100,Astrocyte,NA
5,C17,0.006703479641132936,100,Astrocyte,NA
1,Endo,-0.28981643280325686,100,Astrocyte,NA
2,Endo,0.1692792391183654,100,Astrocyte,NA
3,Endo,0.10161299316554954,100,Astrocyte,NA
4,Endo,0.481224946659663,100,Astrocyte,NA
5,Endo,-0.04706759916133047,100,Astrocyte,NA
1,Excit.Thal,-0.3476581137575569,100,Astrocyte,NA
2,Excit.Thal,-0.7107151492751081,100,Astrocyte,NA
3,Excit.Thal,-0.5435991347996529,100,Astrocyte,NA
4,Excit.Thal,-0.45975331258347857,100,Astrocyte,NA
5,Excit.Thal,-0.2633598001450618,100,Astrocyte,NA
1,LHb.4,-1.766604645146953,100,Astrocyte,NA
2,LHb.4,-1.9190018541672962,100,Astrocyte,NA
3,LHb.4,-1.8741923122913202,100,Astrocyte,NA
4,LHb.4,-2.0265000637820303,100,Astrocyte,NA
5,LHb.4,-1.9548415973571174,100,Astrocyte,NA
1,LHb.7,-1.2785947719527122,100,Astrocyte,NA
2,LHb.7,-0.8407467763270834,100,Astrocyte,NA
3,LHb.7,-1.6812813986325381,100,Astrocyte,NA
4,LHb.7,-1.5695657569984103,100,Astrocyte,NA
5,LHb.7,-1.446552778260122,100,Astrocyte,NA
1,MHb.1,-1.8478534239760127,100,Astrocyte,NA
2,MHb.1,-1.3874662179575457,100,Astrocyte,NA
3,MHb.1,-1.3746449558284561,100,Astrocyte,NA
4,MHb.1,-1.8223362555571736,100,Astrocyte,NA
5,MHb.1,-1.7074220528786637,100,Astrocyte,NA
1,MHb.2,-0.49490346611500047,100,Astrocyte,NA
2,MHb.2,-1.1816456603525654,100,Astrocyte,NA
3,MHb.2,-0.6701739456666775,100,Astrocyte,NA
4,MHb.2,-0.3820612682383255,100,Astrocyte,NA
5,MHb.2,-0.6951866389554103,100,Astrocyte,NA
1,Microglia,1.5931101215167534,100,Astrocyte,NA
2,Microglia,1.389451220125434,100,Astrocyte,NA
3,Microglia,1.5571416268887566,100,Astrocyte,NA
4,Microglia,1.8692787103130242,100,Astrocyte,NA
5,Microglia,1.7251000919161241,100,Astrocyte,NA
1,Oligo,0.3355486533211522,100,Astrocyte,NA
2,Oligo,0.3242156828726462,100,Astrocyte,NA
3,Oligo,0.596519103484723,100,Astrocyte,NA
4,Oligo,0.48298008742630855,100,Astrocyte,NA
5,Oligo,0.19962740937590057,100,Astrocyte,NA
1,OPC,0.6895720551102789,100,Astrocyte,NA
2,OPC,0.8777296510957809,100,Astrocyte,NA
3,OPC,0.5958912674849972,100,Astrocyte,NA
4,OPC,0.7521729016855195,100,Astrocyte,NA
5,OPC,0.846295922042797,100,Astrocyte,NA
1,Astrocyte,8.662272479745695,200,Astrocyte,NA
2,Astrocyte,8.937293787218032,200,Astrocyte,NA
3,Astrocyte,8.96576971463338,200,Astrocyte,NA
4,Astrocyte,8.595954667061433,200,Astrocyte,NA
5,Astrocyte,8.406617518311172,200,Astrocyte,NA
1,C17,0.006703479641132936,200,Astrocyte,NA
2,C17,0.006703479641132936,200,Astrocyte,NA
3,C17,0.33971290934587206,200,Astrocyte,NA
4,C17,0.7131406267644558,200,Astrocyte,NA
5,C17,0.33971290934587206,200,Astrocyte,NA
1,Endo,-0.46471530457180066,200,Astrocyte,NA
2,Endo,0.020482974575705196,200,Astrocyte,NA
3,Endo,0.12867316882736046,200,Astrocyte,NA
4,Endo,-0.4781545438831405,200,Astrocyte,NA
5,Endo,-0.3032826591668911,200,Astrocyte,NA
1,Excit.Thal,-0.6272527421963597,200,Astrocyte,NA
2,Excit.Thal,-1.0151243340701226,200,Astrocyte,NA
3,Excit.Thal,-1.3443478868507917,200,Astrocyte,NA
4,Excit.Thal,-0.2914809258047891,200,Astrocyte,NA
5,Excit.Thal,-0.5435991347996529,200,Astrocyte,NA
1,LHb.4,-4.110286903529338,200,Astrocyte,NA
2,LHb.4,-4.119141961654195,200,Astrocyte,NA
3,LHb.4,-4.012853533626718,200,Astrocyte,NA
4,LHb.4,-4.349226320821609,200,Astrocyte,NA
5,LHb.4,-3.7113735649842297,200,Astrocyte,NA
1,LHb.7,-2.149304693694876,200,Astrocyte,NA
2,LHb.7,-1.591917586655206,200,Astrocyte,NA
3,LHb.7,-2.4713569929672645,200,Astrocyte,NA
4,LHb.7,-2.5157075302817864,200,Astrocyte,NA
5,LHb.7,-1.8598006793257977,200,Astrocyte,NA
1,MHb.1,-4.041532859628039,200,Astrocyte,NA
2,MHb.1,-5.008511815160596,200,Astrocyte,NA
3,MHb.1,-5.008511815160596,200,Astrocyte,NA
4,MHb.1,-4.377378103456797,200,Astrocyte,NA
5,MHb.1,-4.016607745949924,200,Astrocyte,NA
1,MHb.2,-2.1473073602355157,200,Astrocyte,NA
2,MHb.2,-2.0117033841147407,200,Astrocyte,NA
3,MHb.2,-1.9376579793973618,200,Astrocyte,NA
4,MHb.2,-1.8017616822616092,200,Astrocyte,NA
5,MHb.2,-2.5652596748143943,200,Astrocyte,NA
1,Microglia,2.8719885332754753,200,Astrocyte,NA
2,Microglia,2.3150822630864005,200,Astrocyte,NA
3,Microglia,3.0177588069065253,200,Astrocyte,NA
4,Microglia,3.066394277891196,200,Astrocyte,NA
5,Microglia,2.8841282684506817,200,Astrocyte,NA
1,Oligo,-0.0039508907471105265,200,Astrocyte,NA
2,Oligo,-0.12818119196467512,200,Astrocyte,NA
3,Oligo,0.16567243013622407,200,Astrocyte,NA
4,Oligo,0.4149110655064838,200,Astrocyte,NA
5,Oligo,-0.46630591295022056,200,Astrocyte,NA
1,OPC,0.6270888831441658,200,Astrocyte,NA
2,OPC,1.3847666979588424,200,Astrocyte,NA
3,OPC,0.6583157913818853,200,Astrocyte,NA
4,OPC,0.6270888831441658,200,Astrocyte,NA
5,OPC,1.0037632287104838,200,Astrocyte,NA
1,Astrocyte,12.728753693695205,500,Astrocyte,NA
2,Astrocyte,13.253860585999137,500,Astrocyte,NA
3,Astrocyte,14.0348941239478,500,Astrocyte,NA
4,Astrocyte,13.927281022376603,500,Astrocyte,NA
5,Astrocyte,13.390273345868156,500,Astrocyte,NA
1,C17,0.33971290934587206,500,Astrocyte,NA
2,C17,0.33971290934587206,500,Astrocyte,NA
3,C17,0.006703479641132936,500,Astrocyte,NA
4,C17,0.006703479641132936,500,Astrocyte,NA
5,C17,0.006703479641132936,500,Astrocyte,NA
1,Endo,-0.18201161345842,500,Astrocyte,NA
2,Endo,0.6580396502946383,500,Astrocyte,NA
3,Endo,1.0537786201951087,500,Astrocyte,NA
4,Endo,0.2505483669020782,500,Astrocyte,NA
5,Endo,0.006968661880229588,500,Astrocyte,NA
1,Excit.Thal,-0.3757142530863767,500,Astrocyte,NA
2,Excit.Thal,-0.9047228488928153,500,Astrocyte,NA
3,Excit.Thal,-1.0151243340701226,500,Astrocyte,NA
4,Excit.Thal,-0.15065751613345132,500,Astrocyte,NA
5,Excit.Thal,-1.4261945698763079,500,Astrocyte,NA
1,LHb.4,-5.978281911592596,500,Astrocyte,NA
2,LHb.4,-5.2139383998537046,500,Astrocyte,NA
3,LHb.4,-6.223623588719452,500,Astrocyte,NA
4,LHb.4,-7.8193977747767605,500,Astrocyte,NA
5,LHb.4,-6.652212473099987,500,Astrocyte,NA
1,LHb.7,-1.065493651192627,500,Astrocyte,NA
2,LHb.7,-1.1216113873823952,500,Astrocyte,NA
3,LHb.7,-0.6493634863709492,500,Astrocyte,NA
4,LHb.7,-2.1381833773458925,500,Astrocyte,NA
5,LHb.7,-2.382604764176354,500,Astrocyte,NA
1,MHb.1,-6.683438685186454,500,Astrocyte,NA
2,MHb.1,-9.230884778517847,500,Astrocyte,NA
3,MHb.1,-9.877972659820951,500,Astrocyte,NA
4,MHb.1,-7.815943334253726,500,Astrocyte,NA
5,MHb.1,-7.179042836645422,500,Astrocyte,NA
1,MHb.2,-5.251412768324598,500,Astrocyte,NA
2,MHb.2,-4.544617922907274,500,Astrocyte,NA
3,MHb.2,-5.988781375993153,500,Astrocyte,NA
4,MHb.2,-3.5659840160719978,500,Astrocyte,NA
5,MHb.2,-3.3228437146667154,500,Astrocyte,NA
1,Microglia,3.933483697039038,500,Astrocyte,NA
2,Microglia,3.970281395609882,500,Astrocyte,NA
3,Microglia,4.845007218275935,500,Astrocyte,NA
4,Microglia,4.142177217556721,500,Astrocyte,NA
5,Microglia,3.6640326080388017,500,Astrocyte,NA
1,Oligo,0.5283820844821603,500,Astrocyte,NA
2,Oligo,0.16567243013622407,500,Astrocyte,NA
3,Oligo,0.7101716971998173,500,Astrocyte,NA
4,Oligo,1.360175632215645,500,Astrocyte,NA
5,Oligo,0.9492132309493722,500,Astrocyte,NA
1,OPC,0.5335836632459816,500,Astrocyte,NA
2,OPC,0.6583157913818853,500,Astrocyte,NA
3,OPC,1.4807073671103481,500,Astrocyte,NA
4,OPC,0.8148919301702825,500,Astrocyte,NA
5,OPC,1.0986038248540348,500,Astrocyte,NA
1,Astrocyte,15.124798467570006,1000,Astrocyte,NA
2,Astrocyte,15.381150759812995,1000,Astrocyte,NA
3,Astrocyte,16.927866095195228,1000,Astrocyte,NA
4,Astrocyte,16.103087097326544,1000,Astrocyte,NA
5,Astrocyte,15.74666068035639,1000,Astrocyte,NA
1,C17,0.33971290934587206,1000,Astrocyte,NA
2,C17,0.7131406267644558,1000,Astrocyte,NA
3,C17,0.33971290934587206,1000,Astrocyte,NA
4,C17,0.7131406267644558,1000,Astrocyte,NA
5,C17,0.006703479641132936,1000,Astrocyte,NA
1,Endo,0.739768314893259,1000,Astrocyte,NA
2,Endo,1.300324229072229,1000,Astrocyte,NA
3,Endo,0.6988943401580737,1000,Astrocyte,NA
4,Endo,2.113427208387434,1000,Astrocyte,NA
5,Endo,0.9717528919168925,1000,Astrocyte,NA
1,Excit.Thal,-0.3757142530863767,1000,Astrocyte,NA
2,Excit.Thal,0.5617697058537297,1000,Astrocyte,NA
3,Excit.Thal,-0.738493636884729,1000,Astrocyte,NA
4,Excit.Thal,-1.1251941403911663,1000,Astrocyte,NA
5,Excit.Thal,-0.6272527421963597,1000,Astrocyte,NA
1,LHb.4,-8.270438580845848,1000,Astrocyte,NA
2,LHb.4,-6.695891969345976,1000,Astrocyte,NA
3,LHb.4,-7.602176073270257,1000,Astrocyte,NA
4,LHb.4,-7.506520960255748,1000,Astrocyte,NA
5,LHb.4,-8.478257826720448,1000,Astrocyte,NA
1,LHb.7,0.17613512971724976,1000,Astrocyte,NA
2,LHb.7,1.4544644314268025,1000,Astrocyte,NA
3,LHb.7,0.10805925789380967,1000,Astrocyte,NA
4,LHb.7,-0.2203998204973443,1000,Astrocyte,NA
5,LHb.7,-0.24301720880931643,1000,Astrocyte,NA
1,MHb.1,-7.166985289942395,1000,Astrocyte,NA
2,MHb.1,-14.393868785959892,1000,Astrocyte,NA
3,MHb.1,-13.594983149991714,1000,Astrocyte,NA
4,MHb.1,-11.459998694723893,1000,Astrocyte,NA
5,MHb.1,-8.353432118734561,1000,Astrocyte,NA
1,MHb.2,-10.473575451181205,1000,Astrocyte,NA
2,MHb.2,-8.215330468974134,1000,Astrocyte,NA
3,MHb.2,-4.940563257375897,1000,Astrocyte,NA
4,MHb.2,-7.119914557374366,1000,Astrocyte,NA
5,MHb.2,-8.5740085519632,1000,Astrocyte,NA
1,Microglia,5.96460821231813,1000,Astrocyte,NA
2,Microglia,6.340544615009773,1000,Astrocyte,NA
3,Microglia,5.06795299871352,1000,Astrocyte,NA
4,Microglia,5.714749591933567,1000,Astrocyte,NA
5,Microglia,5.390841756319236,1000,Astrocyte,NA
1,Oligo,1.8645007645431826,1000,Astrocyte,NA
2,Oligo,1.8759889455977241,1000,Astrocyte,NA
3,Oligo,1.1316790278875832,1000,Astrocyte,NA
4,Oligo,0.448940483677925,1000,Astrocyte,NA
5,Oligo,1.7611597975387463,1000,Astrocyte,NA
1,OPC,2.062288134219705,1000,Astrocyte,NA
2,OPC,2.062288134219705,1000,Astrocyte,NA
3,OPC,1.257277521608758,1000,Astrocyte,NA
4,OPC,1.7702142741293598,1000,Astrocyte,NA
5,OPC,1.3847666979588424,1000,Astrocyte,NA
1,Astrocyte,21.639721040196754,5000,Astrocyte,NA
2,Astrocyte,18.529894816051062,5000,Astrocyte,NA
3,Astrocyte,22.112603630550822,5000,Astrocyte,NA
4,Astrocyte,22.298037599509673,5000,Astrocyte,NA
5,Astrocyte,22.009680493835493,5000,Astrocyte,NA
1,C17,1.6382525118796165,5000,Astrocyte,NA
2,C17,0.33971290934587206,5000,Astrocyte,NA
3,C17,0.006703479641132936,5000,Astrocyte,NA
4,C17,0.33971290934587206,5000,Astrocyte,NA
5,C17,0.7131406267644558,5000,Astrocyte,NA
1,Endo,2.4881071154741976,5000,Astrocyte,NA
2,Endo,3.116240860420919,5000,Astrocyte,NA
3,Endo,3.172299125958377,5000,Astrocyte,NA
4,Endo,3.6220974331467923,5000,Astrocyte,NA
5,Endo,3.2143670130123634,5000,Astrocyte,NA
1,Excit.Thal,1.0543596184589656,5000,Astrocyte,NA
2,Excit.Thal,-0.15065751613345132,5000,Astrocyte,NA
3,Excit.Thal,0.1326363685145999,5000,Astrocyte,NA
4,Excit.Thal,0.879735373919678,5000,Astrocyte,NA
5,Excit.Thal,1.0251967470460168,5000,Astrocyte,NA
1,LHb.4,-6.678421368675804,5000,Astrocyte,NA
2,LHb.4,-10.313031239809636,5000,Astrocyte,NA
3,LHb.4,-9.969777206592946,5000,Astrocyte,NA
4,LHb.4,-5.539381427815663,5000,Astrocyte,NA
5,LHb.4,-4.340382154973194,5000,Astrocyte,NA
1,LHb.7,4.585683444544252,5000,Astrocyte,NA
2,LHb.7,3.539914519567552,5000,Astrocyte,NA
3,LHb.7,5.617629575613469,5000,Astrocyte,NA
4,LHb.7,5.510425700867787,5000,Astrocyte,NA
5,LHb.7,5.367650065535156,5000,Astrocyte,NA
1,MHb.1,-23.272814064767157,5000,Astrocyte,NA
2,MHb.1,-14.88581505929056,5000,Astrocyte,NA
3,MHb.1,-18.340571562510277,5000,Astrocyte,NA
4,MHb.1,-23.68411096706897,5000,Astrocyte,NA
5,MHb.1,-22.735806735226436,5000,Astrocyte,NA
1,MHb.2,-17.808874069165316,5000,Astrocyte,NA
2,MHb.2,-13.413653612408249,5000,Astrocyte,NA
3,MHb.2,-20.990431658713977,5000,Astrocyte,NA
4,MHb.2,-23.038890748979227,5000,Astrocyte,NA
5,MHb.2,-23.824026850345998,5000,Astrocyte,NA
1,Microglia,9.762191534969132,5000,Astrocyte,NA
2,Microglia,8.960235607410912,5000,Astrocyte,NA
3,Microglia,11.464902133710117,5000,Astrocyte,NA
4,Microglia,11.862012171061544,5000,Astrocyte,NA
5,Microglia,10.701633079757434,5000,Astrocyte,NA
1,Oligo,6.508918733833192,5000,Astrocyte,NA
2,Oligo,3.042385935042764,5000,Astrocyte,NA
3,Oligo,5.637973324130341,5000,Astrocyte,NA
4,Oligo,6.8568409493628435,5000,Astrocyte,NA
5,Oligo,6.808785803859971,5000,Astrocyte,NA
1,OPC,3.156047967334452,5000,Astrocyte,NA
2,OPC,2.52185092534039,5000,Astrocyte,NA
3,OPC,3.6313759347984638,5000,Astrocyte,NA
4,OPC,3.597192459562238,5000,Astrocyte,NA
5,OPC,3.76847101904586,5000,Astrocyte,NA
1,Astrocyte,0.9181660727136102,100,C17,NA
2,Astrocyte,1.454673201871271,100,C17,NA
3,Astrocyte,1.3205308704417833,100,C17,NA
4,Astrocyte,1.7232055574784315,100,C17,NA
5,Astrocyte,1.1864229979984187,100,C17,NA
1,C17,-2.210036031212898,100,C17,NA
2,C17,-1.7036364450058403,100,C17,NA
3,C17,-1.7036364450058403,100,C17,NA
4,C17,-2.210036031212898,100,C17,NA
5,C17,-1.9719358618171168,100,C17,NA
1,Endo,-0.8485886913892607,100,C17,NA
2,Endo,-0.5713808135290653,100,C17,NA
3,Endo,-1.3437289229868858,100,C17,NA
4,Endo,-1.3437289229868858,100,C17,NA
5,Endo,-0.5713808135290653,100,C17,NA
1,Excit.Thal,-0.978899969308313,100,C17,NA
2,Excit.Thal,-0.978899969308313,100,C17,NA
3,Excit.Thal,NA,100,C17,NA
4,Excit.Thal,NA,100,C17,NA
5,Excit.Thal,NA,100,C17,NA
1,LHb.4,-0.3990938852481545,100,C17,NA
2,LHb.4,-0.3990938852481545,100,C17,NA
3,LHb.4,1.4550447417333774,100,C17,NA
4,LHb.4,0.04786252091789115,100,C17,NA
5,LHb.4,0.6230126805361164,100,C17,NA
1,LHb.7,1.0100848091277015,100,C17,NA
2,LHb.7,-0.880921441344898,100,C17,NA
3,LHb.7,-0.880921441344898,100,C17,NA
4,LHb.7,-0.880921441344898,100,C17,NA
5,LHb.7,0.6792202399728918,100,C17,NA
1,MHb.1,-1.1047897679227119,100,C17,NA
2,MHb.1,-0.8485886913892607,100,C17,NA
3,MHb.1,0.06835144821968515,100,C17,NA
4,MHb.1,0.06835144821968515,100,C17,NA
5,MHb.1,-0.26809696062898086,100,C17,NA
1,MHb.2,-0.5713808135290653,100,C17,NA
2,MHb.2,-0.26809696062898086,100,C17,NA
3,MHb.2,-0.8485886913892607,100,C17,NA
4,MHb.2,-0.8485886913892607,100,C17,NA
5,MHb.2,-1.1047897679227119,100,C17,NA
1,Microglia,-0.3207224094942002,100,C17,NA
2,Microglia,-1.4681465248949146,100,C17,NA
3,Microglia,-0.949644655721932,100,C17,NA
4,Microglia,0.058904631153604003,100,C17,NA
5,Microglia,-0.949644655721932,100,C17,NA
1,Oligo,1.2545233818469703,100,C17,NA
2,Oligo,1.6493026616556479,100,C17,NA
3,Oligo,0.8781858411695134,100,C17,NA
4,Oligo,0.6961687935481129,100,C17,NA
5,Oligo,0.34312920454345475,100,C17,NA
1,OPC,-0.978899969308313,100,C17,NA
2,OPC,-0.978899969308313,100,C17,NA
3,OPC,NA,100,C17,NA
4,OPC,-0.978899969308313,100,C17,NA
5,OPC,-0.978899969308313,100,C17,NA
1,Astrocyte,2.669482841037719,200,C17,NA
2,Astrocyte,2.9429000825675287,200,C17,NA
3,Astrocyte,1.7232055574784315,200,C17,NA
4,Astrocyte,2.8059715217139987,200,C17,NA
5,Astrocyte,3.6355240119826924,200,C17,NA
1,C17,-1.7036364450058403,200,C17,NA
2,C17,-1.3876815592457212,200,C17,NA
3,C17,-0.978899969308313,200,C17,NA
4,C17,-0.978899969308313,200,C17,NA
5,C17,-1.3876815592457212,200,C17,NA
1,Endo,-1.3437289229868858,200,C17,NA
2,Endo,-0.5713808135290653,200,C17,NA
3,Endo,-2.1751674663867075,200,C17,NA
4,Endo,-1.7805537580123019,200,C17,NA
5,Endo,-1.982391784843514,200,C17,NA
1,Excit.Thal,NA,200,C17,NA
2,Excit.Thal,-0.978899969308313,200,C17,NA
3,Excit.Thal,-0.978899969308313,200,C17,NA
4,Excit.Thal,NA,200,C17,NA
5,Excit.Thal,-0.978899969308313,200,C17,NA
1,LHb.4,-0.3990938852481545,200,C17,NA
2,LHb.4,-0.7696871804070908,200,C17,NA
3,LHb.4,-1.089727277713249,200,C17,NA
4,LHb.4,0.04786252091789115,200,C17,NA
5,LHb.4,0.04786252091789115,200,C17,NA
1,LHb.7,-0.4216281034928369,200,C17,NA
2,LHb.7,-0.4216281034928369,200,C17,NA
3,LHb.7,0.3746153361054349,200,C17,NA
4,LHb.7,-2.045537257549056,200,C17,NA
5,LHb.7,-0.17272133458607203,200,C17,NA
1,MHb.1,-1.1047897679227119,200,C17,NA
2,MHb.1,-2.1751674663867075,200,C17,NA
3,MHb.1,-1.1047897679227119,200,C17,NA
4,MHb.1,-0.5713808135290653,200,C17,NA
5,MHb.1,-1.1047897679227119,200,C17,NA
1,MHb.2,-1.1047897679227119,200,C17,NA
2,MHb.2,-0.8485886913892607,200,C17,NA
3,MHb.2,-1.568248174307767,200,C17,NA
4,MHb.2,-3.1940207895908697,200,C17,NA
5,MHb.2,-3.1940207895908697,200,C17,NA
1,Microglia,-1.6994597705545798,200,C17,NA
2,Microglia,-0.6527563304979935,200,C17,NA
3,Microglia,0.5063771877342176,200,C17,NA
4,Microglia,-0.949644655721932,200,C17,NA
5,Microglia,-1.2195601235002091,200,C17,NA
1,Oligo,1.0642090329580751,200,C17,NA
2,Oligo,0.0032407972717286644,200,C17,NA
3,Oligo,1.6493026616556479,200,C17,NA
4,Oligo,3.2240657364332934,200,C17,NA
5,Oligo,1.4494406223598988,200,C17,NA
1,OPC,-1.3876815592457212,200,C17,NA
2,OPC,NA,200,C17,NA
3,OPC,-0.978899969308313,200,C17,NA
4,OPC,NA,200,C17,NA
5,OPC,-0.978899969308313,200,C17,NA
1,Astrocyte,4.058968073705771,500,C17,NA
2,Astrocyte,4.635210659457754,500,C17,NA
3,Astrocyte,5.9961936013694705,500,C17,NA
4,Astrocyte,3.218233034745485,500,C17,NA
5,Astrocyte,3.218233034745485,500,C17,NA
1,C17,NA,500,C17,NA
2,C17,NA,500,C17,NA
3,C17,-1.3876815592457212,500,C17,NA
4,C17,NA,500,C17,NA
5,C17,NA,500,C17,NA
1,Endo,-0.5713808135290653,500,C17,NA
2,Endo,-0.5713808135290653,500,C17,NA
3,Endo,-1.7805537580123019,500,C17,NA
4,Endo,-1.982391784843514,500,C17,NA
5,Endo,-1.982391784843514,500,C17,NA
1,Excit.Thal,-0.978899969308313,500,C17,NA
2,Excit.Thal,NA,500,C17,NA
3,Excit.Thal,NA,500,C17,NA
4,Excit.Thal,-0.978899969308313,500,C17,NA
5,Excit.Thal,NA,500,C17,NA
1,LHb.4,-2.087704358400569,500,C17,NA
2,LHb.4,-1.3738641092156725,500,C17,NA
3,LHb.4,-0.3990938852481545,500,C17,NA
4,LHb.4,-1.3738641092156725,500,C17,NA
5,LHb.4,-2.087704358400569,500,C17,NA
1,LHb.7,-0.880921441344898,500,C17,NA
2,LHb.7,-0.6571068200550803,500,C17,NA
3,LHb.7,-0.4216281034928369,500,C17,NA
4,LHb.7,1.776546124649873,500,C17,NA
5,LHb.7,0.6792202399728918,500,C17,NA
1,MHb.1,-1.7805537580123019,500,C17,NA
2,MHb.1,-2.5379232658653748,500,C17,NA
3,MHb.1,-4.462001364420134,500,C17,NA
4,MHb.1,-1.982391784843514,500,C17,NA
5,MHb.1,-0.8485886913892607,500,C17,NA
1,MHb.2,-3.4960797347172807,500,C17,NA
2,MHb.2,-3.1940207895908697,500,C17,NA
3,MHb.2,-3.0371629368443878,500,C17,NA
4,MHb.2,-2.1751674663867075,500,C17,NA
5,MHb.2,-2.8758689062156138,500,C17,NA
1,Microglia,-0.949644655721932,500,C17,NA
2,Microglia,-1.2195601235002091,500,C17,NA
3,Microglia,-1.2195601235002091,500,C17,NA
4,Microglia,-0.949644655721932,500,C17,NA
5,Microglia,-1.6994597705545798,500,C17,NA
1,Oligo,2.2825183767804433,500,C17,NA
2,Oligo,1.0642090329580751,500,C17,NA
3,Oligo,1.8544855929569748,500,C17,NA
4,Oligo,0.5178966188927726,500,C17,NA
5,Oligo,2.0654043836120928,500,C17,NA
1,OPC,-1.3876815592457212,500,C17,NA
2,OPC,-1.3876815592457212,500,C17,NA
3,OPC,NA,500,C17,NA
4,OPC,NA,500,C17,NA
5,OPC,-0.978899969308313,500,C17,NA
1,Astrocyte,5.378645061682508,1000,C17,NA
2,Astrocyte,6.313939181300966,1000,C17,NA
3,Astrocyte,4.635210659457754,1000,C17,NA
4,Astrocyte,6.154262057374141,1000,C17,NA
5,Astrocyte,4.201687688709579,1000,C17,NA
1,C17,NA,1000,C17,NA
2,C17,NA,1000,C17,NA
3,C17,-0.978899969308313,1000,C17,NA
4,C17,-0.978899969308313,1000,C17,NA
5,C17,NA,1000,C17,NA
1,Endo,-1.982391784843514,1000,C17,NA
2,Endo,-1.1047897679227119,1000,C17,NA
3,Endo,0.06835144821968515,1000,C17,NA
4,Endo,0.06835144821968515,1000,C17,NA
5,Endo,-0.5713808135290653,1000,C17,NA
1,Excit.Thal,-1.3876815592457212,1000,C17,NA
2,Excit.Thal,-0.978899969308313,1000,C17,NA
3,Excit.Thal,NA,1000,C17,NA
4,Excit.Thal,-1.3876815592457212,1000,C17,NA
5,Excit.Thal,NA,1000,C17,NA
1,LHb.4,-2.4892917623817663,1000,C17,NA
2,LHb.4,-3.1872078972744595,1000,C17,NA
3,LHb.4,-2.087704358400569,1000,C17,NA
4,LHb.4,-1.6311923508148833,1000,C17,NA
5,LHb.4,-0.7696871804070908,1000,C17,NA
1,LHb.7,-1.2991150405364924,1000,C17,NA
2,LHb.7,0.09178710050296299,1000,C17,NA
3,LHb.7,-0.17272133458607203,1000,C17,NA
4,LHb.7,-0.6571068200550803,1000,C17,NA
5,LHb.7,-1.8682403569279051,1000,C17,NA
1,MHb.1,0.06835144821968515,1000,C17,NA
2,MHb.1,-3.9249700255044377,1000,C17,NA
3,MHb.1,-3.9249700255044377,1000,C17,NA
4,MHb.1,-4.84492198345724,1000,C17,NA
5,MHb.1,-0.8485886913892607,1000,C17,NA
1,MHb.2,-3.9249700255044377,1000,C17,NA
2,MHb.2,-3.1940207895908697,1000,C17,NA
3,MHb.2,-3.4960797347172807,1000,C17,NA
4,MHb.2,-2.1751674663867075,1000,C17,NA
5,MHb.2,-2.3600282646110005,1000,C17,NA
1,Microglia,-1.4681465248949146,1000,C17,NA
2,Microglia,0.058904631153604003,1000,C17,NA
3,Microglia,0.5063771877342176,1000,C17,NA
4,Microglia,-0.6527563304979935,1000,C17,NA
5,Microglia,-2.1215932659113435,1000,C17,NA
1,Oligo,1.8544855929569748,1000,C17,NA
2,Oligo,1.2545233818469703,1000,C17,NA
3,Oligo,1.8544855929569748,1000,C17,NA
4,Oligo,0.6961687935481129,1000,C17,NA
5,Oligo,0.6961687935481129,1000,C17,NA
1,OPC,NA,1000,C17,NA
2,OPC,NA,1000,C17,NA
3,OPC,NA,1000,C17,NA
4,OPC,NA,1000,C17,NA
5,OPC,-1.3876815592457212,1000,C17,NA
1,Astrocyte,4.929187764349975,5000,C17,NA
2,Astrocyte,6.154262057374141,5000,C17,NA
3,Astrocyte,6.9702351563285845,5000,C17,NA
4,Astrocyte,6.6384134170987625,5000,C17,NA
5,Astrocyte,6.803365136870684,5000,C17,NA
1,C17,NA,5000,C17,NA
2,C17,NA,5000,C17,NA
3,C17,NA,5000,C17,NA
4,C17,NA,5000,C17,NA
5,C17,NA,5000,C17,NA
1,Endo,-1.3437289229868858,5000,C17,NA
2,Endo,-0.5713808135290653,5000,C17,NA
3,Endo,-1.7805537580123019,5000,C17,NA
4,Endo,-0.5713808135290653,5000,C17,NA
5,Endo,-0.8485886913892607,5000,C17,NA
1,Excit.Thal,-1.7036364450058403,5000,C17,NA
2,Excit.Thal,-0.978899969308313,5000,C17,NA
3,Excit.Thal,NA,5000,C17,NA
4,Excit.Thal,-0.978899969308313,5000,C17,NA
5,Excit.Thal,-1.3876815592457212,5000,C17,NA
1,LHb.4,-2.2941297731864476,5000,C17,NA
2,LHb.4,-4.47999257979226,5000,C17,NA
3,LHb.4,-3.1872078972744595,5000,C17,NA
4,LHb.4,-3.500190667657997,5000,C17,NA
5,LHb.4,-3.0229009057439655,5000,C17,NA
1,LHb.7,1.0100848091277015,5000,C17,NA
2,LHb.7,-0.4216281034928369,5000,C17,NA
3,LHb.7,-1.4957134720727148,5000,C17,NA
4,LHb.7,-0.4216281034928369,5000,C17,NA
5,LHb.7,-0.17272133458607203,5000,C17,NA
1,MHb.1,-2.5379232658653748,5000,C17,NA
2,MHb.1,-2.8758689062156138,5000,C17,NA
3,MHb.1,-4.062545290412923,5000,C17,NA
4,MHb.1,-3.346869000291319,5000,C17,NA
5,MHb.1,-3.6419797833949485,5000,C17,NA
1,MHb.2,-3.9249700255044377,5000,C17,NA
2,MHb.2,-2.1751674663867075,5000,C17,NA
3,MHb.2,-2.3600282646110005,5000,C17,NA
4,MHb.2,-3.9249700255044377,5000,C17,NA
5,MHb.2,-3.4960797347172807,5000,C17,NA
1,Microglia,-1.6994597705545798,5000,C17,NA
2,Microglia,-0.949644655721932,5000,C17,NA
3,Microglia,-1.4681465248949146,5000,C17,NA
4,Microglia,-1.4681465248949146,5000,C17,NA
5,Microglia,-1.6994597705545798,5000,C17,NA
1,Oligo,2.7374313576090814,5000,C17,NA
2,Oligo,1.4494406223598988,5000,C17,NA
3,Oligo,2.7374313576090814,5000,C17,NA
4,Oligo,3.2240657364332934,5000,C17,NA
5,Oligo,2.2825183767804433,5000,C17,NA
1,OPC,-0.978899969308313,5000,C17,NA
2,OPC,-0.978899969308313,5000,C17,NA
3,OPC,-0.978899969308313,5000,C17,NA
4,OPC,-1.7036364450058403,5000,C17,NA
5,OPC,-1.3876815592457212,5000,C17,NA
1,Astrocyte,1.7538123116101252,100,Endo,NA
2,Astrocyte,1.7875409072012602,100,Endo,NA
3,Astrocyte,1.3161256689394252,100,Endo,NA
4,Astrocyte,1.2377201949038745,100,Endo,NA
5,Astrocyte,1.5852990212172773,100,Endo,NA
1,C17,0.007873936213715321,100,Endo,NA
2,C17,1.0064681147765226,100,Endo,NA
3,C17,-0.369484030503376,100,Endo,NA
4,C17,0.007873936213715321,100,Endo,NA
5,C17,0.45442274797728677,100,Endo,NA
1,Endo,5.398866759831754,100,Endo,NA
2,Endo,5.437462044533725,100,Endo,NA
3,Endo,5.218942151774767,100,Endo,NA
4,Endo,5.013689216711258,100,Endo,NA
5,Endo,4.629911412614946,100,Endo,NA
1,Excit.Thal,-0.4498520312347676,100,Endo,NA
2,Excit.Thal,-0.4804134753145107,100,Endo,NA
3,Excit.Thal,-0.2043475806308077,100,Endo,NA
4,Excit.Thal,0.011962852150047082,100,Endo,NA
5,Excit.Thal,-0.019024866673861756,100,Endo,NA
1,LHb.4,-2.6734205333502152,100,Endo,NA
2,LHb.4,-2.5317860362683833,100,Endo,NA
3,LHb.4,-2.1771671123366887,100,Endo,NA
4,LHb.4,-2.501419984428145,100,Endo,NA
5,LHb.4,-2.4305441345509724,100,Endo,NA
1,LHb.7,-1.4921911345846781,100,Endo,NA
2,LHb.7,-1.279387879243105,100,Endo,NA
3,LHb.7,-1.8915855390862708,100,Endo,NA
4,LHb.7,-1.091257552802496,100,Endo,NA
5,LHb.7,-1.6920796912808105,100,Endo,NA
1,MHb.1,-3.9831201231954627,100,Endo,NA
2,MHb.1,-3.5261094463830567,100,Endo,NA
3,MHb.1,-2.8632639224163436,100,Endo,NA
4,MHb.1,-2.923875879122369,100,Endo,NA
5,MHb.1,-3.824616261395623,100,Endo,NA
1,MHb.2,-1.0388814221626896,100,Endo,NA
2,MHb.2,-1.1195596174463383,100,Endo,NA
3,MHb.2,-1.1195596174463383,100,Endo,NA
4,MHb.2,-1.3209476624321477,100,Endo,NA
5,MHb.2,-0.2688976096357078,100,Endo,NA
1,Microglia,2.6393221396595385,100,Endo,NA
2,Microglia,2.443118574597756,100,Endo,NA
3,Microglia,2.3516884759810366,100,Endo,NA
4,Microglia,2.7965629161071095,100,Endo,NA
5,Microglia,2.757229495188863,100,Endo,NA
1,Oligo,-2.1776012647388066,100,Endo,NA
2,Oligo,-2.1367167152608153,100,Endo,NA
3,Oligo,-1.822645743498297,100,Endo,NA
4,Oligo,-2.300142977639291,100,Endo,NA
5,Oligo,-2.0548915110446724,100,Endo,NA
1,OPC,1.0896301753200384,100,Endo,NA
2,OPC,-0.3712408591517953,100,Endo,NA
3,OPC,0.23177440662031423,100,Endo,NA
4,OPC,0.29951791270664496,100,Endo,NA
5,OPC,0.029443073159059693,100,Endo,NA
1,Astrocyte,3.0075935341782265,200,Endo,NA
2,Astrocyte,2.644906769315958,200,Endo,NA
3,Astrocyte,2.41873883251746,200,Endo,NA
4,Astrocyte,2.5317738226844138,200,Endo,NA
5,Astrocyte,2.973548690699099,200,Endo,NA
1,C17,0.45442274797728677,200,Endo,NA
2,C17,-0.369484030503376,200,Endo,NA
3,C17,0.45442274797728677,200,Endo,NA
4,C17,0.007873936213715321,200,Endo,NA
5,C17,0.45442274797728677,200,Endo,NA
1,Endo,14.933555144125107,200,Endo,NA
2,Endo,14.975936100101425,200,Endo,NA
3,Endo,13.782105391693964,200,Endo,NA
4,Endo,13.642593105018694,200,Endo,NA
5,Endo,14.623314981987381,200,Endo,NA
1,Excit.Thal,-0.8751912332149042,200,Endo,NA
2,Excit.Thal,-0.2658933484211565,200,Endo,NA
3,Excit.Thal,-0.32732569198588535,200,Endo,NA
4,Excit.Thal,0.07402507514426344,200,Endo,NA
5,Excit.Thal,-1.0858528914790442,200,Endo,NA
1,LHb.4,-4.513781434229282,200,Endo,NA
2,LHb.4,-4.273572397239687,200,Endo,NA
3,LHb.4,-3.6815941067469815,200,Endo,NA
4,LHb.4,-4.093190237974393,200,Endo,NA
5,LHb.4,-4.103216552712543,200,Endo,NA
1,LHb.7,-2.7599751043982796,200,Endo,NA
2,LHb.7,-1.5921833812756383,200,Endo,NA
3,LHb.7,-3.043741675463401,200,Endo,NA
4,LHb.7,-2.0409650156811976,200,Endo,NA
5,LHb.7,-3.4372803976778292,200,Endo,NA
1,MHb.1,-8.365257909290486,200,Endo,NA
2,MHb.1,-8.164561059344033,200,Endo,NA
3,MHb.1,-7.372755534794982,200,Endo,NA
4,MHb.1,-7.8529152557334205,200,Endo,NA
5,MHb.1,-7.687192094439999,200,Endo,NA
1,MHb.2,-3.2455368517952126,200,Endo,NA
2,MHb.2,-2.3213816088094,200,Endo,NA
3,MHb.2,-2.5731275513346747,200,Endo,NA
4,MHb.2,-3.2323985803136317,200,Endo,NA
5,MHb.2,-4.25172113544545,200,Endo,NA
1,Microglia,3.5865112964572403,200,Endo,NA
2,Microglia,3.5204419761023615,200,Endo,NA
3,Microglia,4.236333221086664,200,Endo,NA
4,Microglia,3.5732939124199876,200,Endo,NA
5,Microglia,3.9307833525915474,200,Endo,NA
1,Oligo,-4.623835587741432,200,Endo,NA
2,Oligo,-7.070760962998362,200,Endo,NA
3,Oligo,-5.744139741129381,200,Endo,NA
4,Oligo,-4.888672502655877,200,Endo,NA
5,Oligo,-3.7309777389361223,200,Endo,NA
1,OPC,0.6062453181167833,200,Endo,NA
2,OPC,0.7435697314226832,200,Endo,NA
3,OPC,0.16418127289060858,200,Endo,NA
4,OPC,0.46953962132649724,200,Endo,NA
5,OPC,0.3674125606744773,200,Endo,NA
1,Astrocyte,3.098423392396698,500,Endo,NA
2,Astrocyte,4.250661218130285,500,Endo,NA
3,Astrocyte,5.216873858824332,500,Endo,NA
4,Astrocyte,3.747433420674521,500,Endo,NA
5,Astrocyte,3.2120500834106154,500,Endo,NA
1,C17,0.007873936213715321,500,Endo,NA
2,C17,-0.369484030503376,500,Endo,NA
3,C17,-0.6980663495667329,500,Endo,NA
4,C17,0.007873936213715321,500,Endo,NA
5,C17,1.0064681147765226,500,Endo,NA
1,Endo,19.014360630857304,500,Endo,NA
2,Endo,19.78319166374368,500,Endo,NA
3,Endo,19.338887016617427,500,Endo,NA
4,Endo,19.902020258075332,500,Endo,NA
5,Endo,17.596332795835618,500,Endo,NA
1,Excit.Thal,-0.2658933484211565,500,Endo,NA
2,Excit.Thal,-0.0499837398818183,500,Endo,NA
3,Excit.Thal,-0.2351346727945458,500,Endo,NA
4,Excit.Thal,-0.4498520312347676,500,Endo,NA
5,Excit.Thal,-0.0809138293529866,500,Endo,NA
1,LHb.4,-4.373701145922506,500,Endo,NA
2,LHb.4,-5.4015875525712875,500,Endo,NA
3,LHb.4,-5.072943334723362,500,Endo,NA
4,LHb.4,-3.9627935947765245,500,Endo,NA
5,LHb.4,-3.5609351400124933,500,Endo,NA
1,LHb.7,-1.978749531914174,500,Endo,NA
2,LHb.7,-0.575285060934129,500,Endo,NA
3,LHb.7,-0.965647501626922,500,Endo,NA
4,LHb.7,-2.016083268276921,500,Endo,NA
5,LHb.7,-1.8542072489847274,500,Endo,NA
1,MHb.1,-11.75438754423938,500,Endo,NA
2,MHb.1,-14.868326162305054,500,Endo,NA
3,MHb.1,-15.59299751602486,500,Endo,NA
4,MHb.1,-14.997822706581424,500,Endo,NA
5,MHb.1,-12.265657513267493,500,Endo,NA
1,MHb.2,-5.92663088369407,500,Endo,NA
2,MHb.2,-5.7348639772189385,500,Endo,NA
3,MHb.2,-5.760455058206758,500,Endo,NA
4,MHb.2,-4.5372463685943885,500,Endo,NA
5,MHb.2,-5.092852947237473,500,Endo,NA
1,Microglia,6.30702055627823,500,Endo,NA
2,Microglia,5.575941578519278,500,Endo,NA
3,Microglia,5.643404573519177,500,Endo,NA
4,Microglia,4.917251594328742,500,Endo,NA
5,Microglia,5.454625302293032,500,Endo,NA
1,Oligo,-7.508788343656539,500,Endo,NA
2,Oligo,-6.370801723111217,500,Endo,NA
3,Oligo,-6.578748296100149,500,Endo,NA
4,Oligo,-7.161111518672764,500,Endo,NA
5,Oligo,-7.380170197551952,500,Endo,NA
1,OPC,1.6517141985672614,500,Endo,NA
2,OPC,0.6062453181167833,500,Endo,NA
3,OPC,0.9161051427910796,500,Endo,NA
4,OPC,2.1523115152673737,500,Endo,NA
5,OPC,1.8652333520293576,500,Endo,NA
1,Astrocyte,4.0674419871299055,1000,Endo,NA
2,Astrocyte,5.066863427533665,1000,Endo,NA
3,Astrocyte,5.552149161342873,1000,Endo,NA
4,Astrocyte,5.50585184071904,1000,Endo,NA
5,Astrocyte,4.43414163770002,1000,Endo,NA
1,C17,0.007873936213715321,1000,Endo,NA
2,C17,0.45442274797728677,1000,Endo,NA
3,C17,0.007873936213715321,1000,Endo,NA
4,C17,0.007873936213715321,1000,Endo,NA
5,C17,1.0064681147765226,1000,Endo,NA
1,Endo,21.14363464368465,1000,Endo,NA
2,Endo,21.853940008578892,1000,Endo,NA
3,Endo,20.229558928617692,1000,Endo,NA
4,Endo,21.203880510782575,1000,Endo,NA
5,Endo,20.827965943277263,1000,Endo,NA
1,Excit.Thal,0.574746124757286,1000,Endo,NA
2,Excit.Thal,1.3080866043481771,1000,Endo,NA
3,Excit.Thal,0.1362034280731584,1000,Endo,NA
4,Excit.Thal,0.5117406206439358,1000,Endo,NA
5,Excit.Thal,0.1984984130879719,1000,Endo,NA
1,LHb.4,-4.863474187374659,1000,Endo,NA
2,LHb.4,-4.203446788542349,1000,Endo,NA
3,LHb.4,-4.6237629193260315,1000,Endo,NA
4,LHb.4,-6.146158040087515,1000,Endo,NA
5,LHb.4,-5.4314328225109385,1000,Endo,NA
1,LHb.7,1.605053062434043,1000,Endo,NA
2,LHb.7,3.360013181435692,1000,Endo,NA
3,LHb.7,1.2962208761969585,1000,Endo,NA
4,LHb.7,-0.13277262201092604,1000,Endo,NA
5,LHb.7,-0.19610511964914865,1000,Endo,NA
1,MHb.1,-19.403784849443664,1000,Endo,NA
2,MHb.1,-28.196903467716112,1000,Endo,NA
3,MHb.1,-22.988786454512265,1000,Endo,NA
4,MHb.1,-18.43561440277377,1000,Endo,NA
5,MHb.1,-17.63729503190546,1000,Endo,NA
1,MHb.2,-9.893126493446683,1000,Endo,NA
2,MHb.2,-6.993521973675938,1000,Endo,NA
3,MHb.2,-4.381611917916802,1000,Endo,NA
4,MHb.2,-5.760455058206758,1000,Endo,NA
5,MHb.2,-7.848667422109079,1000,Endo,NA
1,Microglia,9.007899085024299,1000,Endo,NA
2,Microglia,8.97995245284414,1000,Endo,NA
3,Microglia,6.6337140719622605,1000,Endo,NA
4,Microglia,6.5383149836436125,1000,Endo,NA
5,Microglia,7.606677577379947,1000,Endo,NA
1,Oligo,-6.2666529606112125,1000,Endo,NA
2,Oligo,-5.717936163443964,1000,Endo,NA
3,Oligo,-6.967395656354021,1000,Endo,NA
4,Oligo,-7.12240058825618,1000,Endo,NA
5,Oligo,-5.875045884725865,1000,Endo,NA
1,OPC,2.1523115152673737,1000,Endo,NA
2,OPC,2.04433447339234,1000,Endo,NA
3,OPC,1.4749334072548241,1000,Endo,NA
4,OPC,1.7582839409124515,1000,Endo,NA
5,OPC,1.6871954494929284,1000,Endo,NA
1,Astrocyte,9.109483100398496,5000,Endo,NA
2,Astrocyte,6.937276652733026,5000,Endo,NA
3,Astrocyte,8.66963150742143,5000,Endo,NA
4,Astrocyte,9.64655108350613,5000,Endo,NA
5,Astrocyte,8.527310739319347,5000,Endo,NA
1,C17,1.7376715146854513,5000,Endo,NA
2,C17,0.007873936213715321,5000,Endo,NA
3,C17,0.007873936213715321,5000,Endo,NA
4,C17,-0.369484030503376,5000,Endo,NA
5,C17,0.007873936213715321,5000,Endo,NA
1,Endo,23.444828381534172,5000,Endo,NA
2,Endo,23.707442689372268,5000,Endo,NA
3,Endo,24.81224014933958,5000,Endo,NA
4,Endo,24.608978379202476,5000,Endo,NA
5,Endo,23.460256045486847,5000,Endo,NA
1,Excit.Thal,2.623855538557241,5000,Endo,NA
2,Excit.Thal,1.0831635760696174,5000,Endo,NA
3,Excit.Thal,1.5021105421414789,5000,Endo,NA
4,Excit.Thal,2.7584005707379764,5000,Endo,NA
5,Excit.Thal,1.5670409204020788,5000,Endo,NA
1,LHb.4,-3.0269774551173545,5000,Endo,NA
2,LHb.4,-5.351833802122387,5000,Endo,NA
3,LHb.4,-6.650624966116748,5000,Endo,NA
4,LHb.4,-3.4804473545813313,5000,Endo,NA
5,LHb.4,-2.298836708714828,5000,Endo,NA
1,LHb.7,7.949429820297948,5000,Endo,NA
2,LHb.7,5.293204910646293,5000,Endo,NA
3,LHb.7,6.368701946474963,5000,Endo,NA
4,LHb.7,6.260621901738614,5000,Endo,NA
5,LHb.7,7.387794020714622,5000,Endo,NA
1,MHb.1,-41.79612541682424,5000,Endo,NA
2,MHb.1,-36.03106324546292,5000,Endo,NA
3,MHb.1,-35.831685779568176,5000,Endo,NA
4,MHb.1,-41.752579449276205,5000,Endo,NA
5,MHb.1,-40.534808968527535,5000,Endo,NA
1,MHb.2,-14.378191514531466,5000,Endo,NA
2,MHb.2,-9.006213197665886,5000,Endo,NA
3,MHb.2,-14.319512372024105,5000,Endo,NA
4,MHb.2,-14.986494125409411,5000,Endo,NA
5,MHb.2,-15.184592854915275,5000,Endo,NA
1,Microglia,15.068039450892467,5000,Endo,NA
2,Microglia,13.39857297549889,5000,Endo,NA
3,Microglia,15.172457047383178,5000,Endo,NA
4,Microglia,15.831526092148813,5000,Endo,NA
5,Microglia,14.607035722723651,5000,Endo,NA
1,Oligo,-1.2462551892357345,5000,Endo,NA
2,Oligo,-4.025123566567619,5000,Endo,NA
3,Oligo,-2.245700700343345,5000,Endo,NA
4,Oligo,-1.17738786121207,5000,Endo,NA
5,Oligo,-0.9704647591042991,5000,Endo,NA
1,OPC,3.782669348569491,5000,Endo,NA
2,OPC,4.012110181205998,5000,Endo,NA
3,OPC,3.7065840607249463,5000,Endo,NA
4,OPC,5.387477548803744,5000,Endo,NA
5,OPC,4.437454338359545,5000,Endo,NA
1,Astrocyte,-3.4758800410667963,100,Excit.Thal,NA
2,Astrocyte,-3.5407353960815207,100,Excit.Thal,NA
3,Astrocyte,-3.0366829140260934,100,Excit.Thal,NA
4,Astrocyte,-4.009328297412366,100,Excit.Thal,NA
5,Astrocyte,-4.523157128197839,100,Excit.Thal,NA
1,C17,NA,100,Excit.Thal,NA
2,C17,NA,100,Excit.Thal,NA
3,C17,-0.9939462117510411,100,Excit.Thal,NA
4,C17,NA,100,Excit.Thal,NA
5,C17,NA,100,Excit.Thal,NA
1,Endo,-2.7715355039580722,100,Excit.Thal,NA
2,Endo,-1.9583422550583185,100,Excit.Thal,NA
3,Endo,-1.3879654537479722,100,Excit.Thal,NA
4,Endo,-0.8971710119697967,100,Excit.Thal,NA
5,Endo,-2.230791024322367,100,Excit.Thal,NA
1,Excit.Thal,-0.740628506903037,100,Excit.Thal,NA
2,Excit.Thal,-1.416388287531244,100,Excit.Thal,NA
3,Excit.Thal,-0.2743006710598568,100,Excit.Thal,NA
4,Excit.Thal,-0.24669372679819754,100,Excit.Thal,NA
5,Excit.Thal,-0.24669372679819754,100,Excit.Thal,NA
1,LHb.4,2.606907563798307,100,Excit.Thal,NA
2,LHb.4,2.9477431806508414,100,Excit.Thal,NA
3,LHb.4,2.5728479337081676,100,Excit.Thal,NA
4,LHb.4,2.3118676943259513,100,Excit.Thal,NA
5,LHb.4,2.493392304054154,100,Excit.Thal,NA
1,LHb.7,2.7583372999434075,100,Excit.Thal,NA
2,LHb.7,2.9024008858475576,100,Excit.Thal,NA
3,LHb.7,3.017793819585739,100,Excit.Thal,NA
4,LHb.7,3.0466618415556783,100,Excit.Thal,NA
5,LHb.7,3.248960400504507,100,Excit.Thal,NA
1,MHb.1,-0.3540458600110048,100,Excit.Thal,NA
2,MHb.1,-0.15033711523084844,100,Excit.Thal,NA
3,MHb.1,-0.748946001925565,100,Excit.Thal,NA
4,MHb.1,0.37889083537602086,100,Excit.Thal,NA
5,MHb.1,-0.15033711523084844,100,Excit.Thal,NA
1,MHb.2,-1.9203011671408647,100,Excit.Thal,NA
2,MHb.2,-2.8408684245763762,100,Excit.Thal,NA
3,MHb.2,-2.910908491157471,100,Excit.Thal,NA
4,MHb.2,-2.0631602357225094,100,Excit.Thal,NA
5,MHb.2,-0.6381016802315862,100,Excit.Thal,NA
1,Microglia,2.976530915965165,100,Excit.Thal,NA
2,Microglia,2.477082887020006,100,Excit.Thal,NA
3,Microglia,2.6265900858375892,100,Excit.Thal,NA
4,Microglia,2.6598518565988942,100,Excit.Thal,NA
5,Microglia,2.7264169162729486,100,Excit.Thal,NA
1,Oligo,-3.713322811857072,100,Excit.Thal,NA
2,Oligo,-3.1943213920916165,100,Excit.Thal,NA
3,Oligo,-4.443679243354612,100,Excit.Thal,NA
4,Oligo,-4.345536907065232,100,Excit.Thal,NA
5,Oligo,-4.48288823200974,100,Excit.Thal,NA
1,OPC,0.999816039537394,100,Excit.Thal,NA
2,OPC,0.61249743646594,100,Excit.Thal,NA
3,OPC,0.14731606741599276,100,Excit.Thal,NA
4,OPC,0.2312388893790558,100,Excit.Thal,NA
5,OPC,0.82691216410514,100,Excit.Thal,NA
1,Astrocyte,-5.477639266238432,200,Excit.Thal,NA
2,Astrocyte,-5.208370348428294,200,Excit.Thal,NA
3,Astrocyte,-6.029161885540454,200,Excit.Thal,NA
4,Astrocyte,-5.033648565202164,200,Excit.Thal,NA
5,Astrocyte,-5.001839453736915,200,Excit.Thal,NA
1,C17,-0.9939462117510411,200,Excit.Thal,NA
2,C17,-0.9939462117510411,200,Excit.Thal,NA
3,C17,-0.9939462117510411,200,Excit.Thal,NA
4,C17,-0.9939462117510411,200,Excit.Thal,NA
5,C17,-0.9939462117510411,200,Excit.Thal,NA
1,Endo,-3.8166101693197407,200,Excit.Thal,NA
2,Endo,-2.5018494963887523,200,Excit.Thal,NA
3,Endo,-2.063295925704103,200,Excit.Thal,NA
4,Endo,-3.183797310857593,200,Excit.Thal,NA
5,Endo,-3.019273414198723,200,Excit.Thal,NA
1,Excit.Thal,4.5443751248245015,200,Excit.Thal,NA
2,Excit.Thal,3.37164553243354,200,Excit.Thal,NA
3,Excit.Thal,3.280616766780561,200,Excit.Thal,NA
4,Excit.Thal,3.953381727488334,200,Excit.Thal,NA
5,Excit.Thal,3.891716265469154,200,Excit.Thal,NA
1,LHb.4,4.4183912919983,200,Excit.Thal,NA
2,LHb.4,4.132730970362852,200,Excit.Thal,NA
3,LHb.4,4.372664297432785,200,Excit.Thal,NA
4,LHb.4,4.441257847960258,200,Excit.Thal,NA
5,LHb.4,4.6814801874633005,200,Excit.Thal,NA
1,LHb.7,5.50058141193412,200,Excit.Thal,NA
2,LHb.7,5.441472100327085,200,Excit.Thal,NA
3,LHb.7,5.338112798022517,200,Excit.Thal,NA
4,LHb.7,5.6189025486418895,200,Excit.Thal,NA
5,LHb.7,5.885627091721493,200,Excit.Thal,NA
1,MHb.1,-5.029217434852878,200,Excit.Thal,NA
2,MHb.1,-4.300150495374013,200,Excit.Thal,NA
3,MHb.1,-2.515843906120993,200,Excit.Thal,NA
4,MHb.1,-3.5192748230439403,200,Excit.Thal,NA
5,MHb.1,-5.0932078407806385,200,Excit.Thal,NA
1,MHb.2,-3.582440574667161,200,Excit.Thal,NA
2,MHb.2,-3.213169419822645,200,Excit.Thal,NA
3,MHb.2,-3.5134302142285643,200,Excit.Thal,NA
4,MHb.2,-4.334750162592863,200,Excit.Thal,NA
5,MHb.2,-4.447666539721755,200,Excit.Thal,NA
1,Microglia,2.2616191136215043,200,Excit.Thal,NA
2,Microglia,2.8263685410772283,200,Excit.Thal,NA
3,Microglia,3.0935196142276538,200,Excit.Thal,NA
4,Microglia,2.2616191136215043,200,Excit.Thal,NA
5,Microglia,2.7430668424572766,200,Excit.Thal,NA
1,Oligo,-7.4607263692105565,200,Excit.Thal,NA
2,Oligo,-8.456705395005208,200,Excit.Thal,NA
3,Oligo,-8.821334216846402,200,Excit.Thal,NA
4,Oligo,-8.163365002547101,200,Excit.Thal,NA
5,Oligo,-8.821334216846402,200,Excit.Thal,NA
1,OPC,1.7487573862678334,200,Excit.Thal,NA
2,OPC,0.82691216410514,200,Excit.Thal,NA
3,OPC,1.3934196187421377,200,Excit.Thal,NA
4,OPC,1.7040524238930992,200,Excit.Thal,NA
5,OPC,1.173961226647086,200,Excit.Thal,NA
1,Astrocyte,-7.1364337804967874,500,Excit.Thal,NA
2,Astrocyte,-7.861161226262008,500,Excit.Thal,NA
3,Astrocyte,-6.996914715560125,500,Excit.Thal,NA
4,Astrocyte,-9.291651711522052,500,Excit.Thal,NA
5,Astrocyte,-8.320408865835073,500,Excit.Thal,NA
1,C17,-0.9939462117510411,500,Excit.Thal,NA
2,C17,NA,500,Excit.Thal,NA
3,C17,NA,500,Excit.Thal,NA
4,C17,NA,500,Excit.Thal,NA
5,C17,-0.9939462117510411,500,Excit.Thal,NA
1,Endo,-3.327342844917369,500,Excit.Thal,NA
2,Endo,-2.7715355039580722,500,Excit.Thal,NA
3,Endo,-3.654014371739899,500,Excit.Thal,NA
4,Endo,-4.98105774977618,500,Excit.Thal,NA
5,Endo,-5.613028403980244,500,Excit.Thal,NA
1,Excit.Thal,7.412884549143852,500,Excit.Thal,NA
2,Excit.Thal,7.378985082068574,500,Excit.Thal,NA
3,Excit.Thal,7.1089270414972345,500,Excit.Thal,NA
4,Excit.Thal,7.95965094722296,500,Excit.Thal,NA
5,Excit.Thal,6.874266846411053,500,Excit.Thal,NA
1,LHb.4,8.347819447227627,500,Excit.Thal,NA
2,LHb.4,7.038674502895732,500,Excit.Thal,NA
3,LHb.4,8.347819447227627,500,Excit.Thal,NA
4,LHb.4,9.675972269174668,500,Excit.Thal,NA
5,LHb.4,10.307782852936432,500,Excit.Thal,NA
1,LHb.7,9.75756163227929,500,Excit.Thal,NA
2,LHb.7,8.166435228774874,500,Excit.Thal,NA
3,LHb.7,9.326652079471804,500,Excit.Thal,NA
4,LHb.7,11.28088676389324,500,Excit.Thal,NA
5,LHb.7,10.718522571079363,500,Excit.Thal,NA
1,MHb.1,-11.219505753048125,500,Excit.Thal,NA
2,MHb.1,-13.129084886023406,500,Excit.Thal,NA
3,MHb.1,-13.752688295078197,500,Excit.Thal,NA
4,MHb.1,-12.444255991725157,500,Excit.Thal,NA
5,MHb.1,-12.221806400883207,500,Excit.Thal,NA
1,MHb.2,-8.111716947778952,500,Excit.Thal,NA
2,MHb.2,-5.759640237958343,500,Excit.Thal,NA
3,MHb.2,-8.402899391955179,500,Excit.Thal,NA
4,MHb.2,-9.000523609423334,500,Excit.Thal,NA
5,MHb.2,-9.651535421592703,500,Excit.Thal,NA
1,Microglia,3.4119295831405054,500,Excit.Thal,NA
2,Microglia,4.239041132778882,500,Excit.Thal,NA
3,Microglia,3.9511031189863486,500,Excit.Thal,NA
4,Microglia,4.154244356216568,500,Excit.Thal,NA
5,Microglia,4.035681794186869,500,Excit.Thal,NA
1,Oligo,-13.941020202029607,500,Excit.Thal,NA
2,Oligo,-11.730042261774342,500,Excit.Thal,NA
3,Oligo,-12.435913193497122,500,Excit.Thal,NA
4,Oligo,-13.639530532422992,500,Excit.Thal,NA
5,Oligo,-13.150722551047867,500,Excit.Thal,NA
1,OPC,1.8384174236232942,500,Excit.Thal,NA
2,OPC,1.7935456019873817,500,Excit.Thal,NA
3,OPC,2.064043115562884,500,Excit.Thal,NA
4,OPC,2.1548912233109334,500,Excit.Thal,NA
5,OPC,1.5704335637480373,500,Excit.Thal,NA
1,Astrocyte,-8.777101780503683,1000,Excit.Thal,NA
2,Astrocyte,-7.167405378196819,1000,Excit.Thal,NA
3,Astrocyte,-7.784368573751591,1000,Excit.Thal,NA
4,Astrocyte,-8.427197491574528,1000,Excit.Thal,NA
5,Astrocyte,-10.385793671881238,1000,Excit.Thal,NA
1,C17,-0.9939462117510411,1000,Excit.Thal,NA
2,C17,-0.9939462117510411,1000,Excit.Thal,NA
3,C17,NA,1000,Excit.Thal,NA
4,C17,NA,1000,Excit.Thal,NA
5,C17,-0.9939462117510411,1000,Excit.Thal,NA
1,Endo,-2.0003486668454062,1000,Excit.Thal,NA
2,Endo,-1.2816600583040318,1000,Excit.Thal,NA
3,Endo,-4.099980212594049,1000,Excit.Thal,NA
4,Endo,-4.01916875210086,1000,Excit.Thal,NA
5,Endo,-3.368285466276692,1000,Excit.Thal,NA
1,Excit.Thal,9.68787434652571,1000,Excit.Thal,NA
2,Excit.Thal,9.435809153530089,1000,Excit.Thal,NA
3,Excit.Thal,8.760476899686179,1000,Excit.Thal,NA
4,Excit.Thal,8.41009427838657,1000,Excit.Thal,NA
5,Excit.Thal,9.043272810609185,1000,Excit.Thal,NA
1,LHb.4,14.327822705589194,1000,Excit.Thal,NA
2,LHb.4,13.505919334325728,1000,Excit.Thal,NA
3,LHb.4,11.588528843568632,1000,Excit.Thal,NA
4,LHb.4,10.296066672609378,1000,Excit.Thal,NA
5,LHb.4,14.60250523117964,1000,Excit.Thal,NA
1,LHb.7,14.937616144442902,1000,Excit.Thal,NA
2,LHb.7,15.019056814145703,1000,Excit.Thal,NA
3,LHb.7,13.547780136049845,1000,Excit.Thal,NA
4,LHb.7,10.360931908928192,1000,Excit.Thal,NA
5,LHb.7,13.355466897371679,1000,Excit.Thal,NA
1,MHb.1,-25.425689689621752,1000,Excit.Thal,NA
2,MHb.1,-32.7556625524011,1000,Excit.Thal,NA
3,MHb.1,-28.232659317344467,1000,Excit.Thal,NA
4,MHb.1,-20.371889697941697,1000,Excit.Thal,NA
5,MHb.1,-19.679445856542173,1000,Excit.Thal,NA
1,MHb.2,-17.202377936485973,1000,Excit.Thal,NA
2,MHb.2,-11.941799779829175,1000,Excit.Thal,NA
3,MHb.2,-7.98638163467754,1000,Excit.Thal,NA
4,MHb.2,-7.566209407596972,1000,Excit.Thal,NA
5,MHb.2,-13.274888936526771,1000,Excit.Thal,NA
1,Microglia,8.871014633256873,1000,Excit.Thal,NA
2,Microglia,8.386085328260352,1000,Excit.Thal,NA
3,Microglia,5.315395977093573,1000,Excit.Thal,NA
4,Microglia,5.057776704690941,1000,Excit.Thal,NA
5,Microglia,4.9378442454395035,1000,Excit.Thal,NA
1,Oligo,-16.863925913977,1000,Excit.Thal,NA
2,Oligo,-15.557729180923396,1000,Excit.Thal,NA
3,Oligo,-12.504347034686374,1000,Excit.Thal,NA
4,Oligo,-13.032158149286627,1000,Excit.Thal,NA
5,Oligo,-16.55988306837168,1000,Excit.Thal,NA
1,OPC,2.6608222998540927,1000,Excit.Thal,NA
2,OPC,2.800687216746199,1000,Excit.Thal,NA
3,OPC,1.7487573862678334,1000,Excit.Thal,NA
4,OPC,2.1548912233109334,1000,Excit.Thal,NA
5,OPC,2.475604337489131,1000,Excit.Thal,NA
1,Astrocyte,-7.722882363888238,5000,Excit.Thal,NA
2,Astrocyte,-11.038461390166137,5000,Excit.Thal,NA
3,Astrocyte,-6.732719493719643,5000,Excit.Thal,NA
4,Astrocyte,-4.41104441512888,5000,Excit.Thal,NA
5,Astrocyte,-7.476472358879302,5000,Excit.Thal,NA
1,C17,-1.405672584551265,5000,Excit.Thal,NA
2,C17,-1.721615239911234,5000,Excit.Thal,NA
3,C17,-1.405672584551265,5000,Excit.Thal,NA
4,C17,NA,5000,Excit.Thal,NA
5,C17,-1.721615239911234,5000,Excit.Thal,NA
1,Endo,-3.163259420486051,5000,Excit.Thal,NA
2,Endo,-2.4602379676026276,5000,Excit.Thal,NA
3,Endo,-1.345469047816693,5000,Excit.Thal,NA
4,Endo,0.8246208766091273,5000,Excit.Thal,NA
5,Endo,-1.1964608617338286,5000,Excit.Thal,NA
1,Excit.Thal,12.743279287666345,5000,Excit.Thal,NA
2,Excit.Thal,11.656848260549845,5000,Excit.Thal,NA
3,Excit.Thal,11.125983535167055,5000,Excit.Thal,NA
4,Excit.Thal,13.17949789342447,5000,Excit.Thal,NA
5,Excit.Thal,12.31244037046771,5000,Excit.Thal,NA
1,LHb.4,27.228678991318574,5000,Excit.Thal,NA
2,LHb.4,20.532611519321975,5000,Excit.Thal,NA
3,LHb.4,16.970328082184817,5000,Excit.Thal,NA
4,LHb.4,20.249624697406503,5000,Excit.Thal,NA
5,LHb.4,28.49851413795009,5000,Excit.Thal,NA
1,LHb.7,20.820008831772533,5000,Excit.Thal,NA
2,LHb.7,18.303043663945665,5000,Excit.Thal,NA
3,LHb.7,19.92158779138401,5000,Excit.Thal,NA
4,LHb.7,21.973502300461597,5000,Excit.Thal,NA
5,LHb.7,19.236559579323913,5000,Excit.Thal,NA
1,MHb.1,-49.6748434836797,5000,Excit.Thal,NA
2,MHb.1,-40.45389648464143,5000,Excit.Thal,NA
3,MHb.1,-34.75661776827912,5000,Excit.Thal,NA
4,MHb.1,-47.58757348250875,5000,Excit.Thal,NA
5,MHb.1,-46.596368555263666,5000,Excit.Thal,NA
1,MHb.2,-24.244600878987995,5000,Excit.Thal,NA
2,MHb.2,-16.163053655351536,5000,Excit.Thal,NA
3,MHb.2,-25.041624413819466,5000,Excit.Thal,NA
4,MHb.2,-27.0051962578543,5000,Excit.Thal,NA
5,MHb.2,-28.435417435044403,5000,Excit.Thal,NA
1,Microglia,12.602049080500283,5000,Excit.Thal,NA
2,Microglia,11.269221774701837,5000,Excit.Thal,NA
3,Microglia,12.507395080735284,5000,Excit.Thal,NA
4,Microglia,15.048346198609412,5000,Excit.Thal,NA
5,Microglia,13.229847953458073,5000,Excit.Thal,NA
1,Oligo,-10.840470988043846,5000,Excit.Thal,NA
2,Oligo,-14.490030305006211,5000,Excit.Thal,NA
3,Oligo,-15.736668273895729,5000,Excit.Thal,NA
4,Oligo,-11.365322507110157,5000,Excit.Thal,NA
5,Oligo,-11.954735081023776,5000,Excit.Thal,NA
1,OPC,5.8411499927418165,5000,Excit.Thal,NA
2,OPC,3.130276295381633,5000,Excit.Thal,NA
3,OPC,4.346397082463037,5000,Excit.Thal,NA
4,OPC,5.159180192605439,5000,Excit.Thal,NA
5,OPC,3.0829109110552473,5000,Excit.Thal,NA
1,Astrocyte,-2.1168996016041026,100,LHb.4,NA
2,Astrocyte,-2.1986632873493406,100,LHb.4,NA
3,Astrocyte,-1.3783670502436807,100,LHb.4,NA
4,Astrocyte,-2.257030005713227,100,LHb.4,NA
5,Astrocyte,-3.094219566502979,100,LHb.4,NA
1,C17,0.0033589223507620686,100,LHb.4,NA
2,C17,0.0033589223507620686,100,LHb.4,NA
3,C17,0.0033589223507620686,100,LHb.4,NA
4,C17,0.0033589223507620686,100,LHb.4,NA
5,C17,0.0033589223507620686,100,LHb.4,NA
1,Endo,-1.3099342107746434,100,LHb.4,NA
2,Endo,-1.4037795779431366,100,LHb.4,NA
3,Endo,-1.933297596119687,100,LHb.4,NA
4,Endo,-0.8388799231972129,100,LHb.4,NA
5,Endo,-1.0590857936472369,100,LHb.4,NA
1,Excit.Thal,1.1552507978903317,100,LHb.4,NA
2,Excit.Thal,1.1041027423053147,100,LHb.4,NA
3,Excit.Thal,1.1041027423053147,100,LHb.4,NA
4,Excit.Thal,1.206461452262598,100,LHb.4,NA
5,Excit.Thal,1.0274976442369694,100,LHb.4,NA
1,LHb.4,0.9302196538036672,100,LHb.4,NA
2,LHb.4,1.168825416571773,100,LHb.4,NA
3,LHb.4,1.1935160959399418,100,LHb.4,NA
4,LHb.4,1.0783046904888285,100,LHb.4,NA
5,LHb.4,1.020710203551564,100,LHb.4,NA
1,LHb.7,3.233140509295942,100,LHb.4,NA
2,LHb.7,3.448476631366549,100,LHb.4,NA
3,LHb.7,3.811982594765256,100,LHb.4,NA
4,LHb.7,3.6073812400254486,100,LHb.4,NA
5,LHb.7,3.221817209961859,100,LHb.4,NA
1,MHb.1,-0.49199530647462447,100,LHb.4,NA
2,MHb.1,-0.5435911577153869,100,LHb.4,NA
3,MHb.1,-1.2020280172438795,100,LHb.4,NA
4,MHb.1,-0.49199530647462447,100,LHb.4,NA
5,MHb.1,-0.49199530647462447,100,LHb.4,NA
1,MHb.2,-0.7369165486284497,100,LHb.4,NA
2,MHb.2,-1.5060410003802047,100,LHb.4,NA
3,MHb.2,-0.8448185411020652,100,LHb.4,NA
4,MHb.2,-0.2852588548686097,100,LHb.4,NA
5,MHb.2,-0.08546306871130044,100,LHb.4,NA
1,Microglia,-0.09517265185726481,100,LHb.4,NA
2,Microglia,-0.160839887059746,100,LHb.4,NA
3,Microglia,-0.2920383190553328,100,LHb.4,NA
4,Microglia,-0.21334100184405974,100,LHb.4,NA
5,Microglia,0.3525744351712632,100,LHb.4,NA
1,Oligo,-1.9505494409735598,100,LHb.4,NA
2,Oligo,-1.8973037350749316,100,LHb.4,NA
3,Oligo,-2.7587329142556842,100,LHb.4,NA
4,Oligo,-3.29797032719037,100,LHb.4,NA
5,Oligo,-2.2030439598489355,100,LHb.4,NA
1,OPC,0.5431680516772669,100,LHb.4,NA
2,OPC,0.9412804886444959,100,LHb.4,NA
3,OPC,0.28052422379003594,100,LHb.4,NA
4,OPC,1.0416005573732119,100,LHb.4,NA
5,OPC,0.9412804886444959,100,LHb.4,NA
1,Astrocyte,-4.281351913343622,200,LHb.4,NA
2,Astrocyte,-3.1752874069854484,200,LHb.4,NA
3,Astrocyte,-3.360370671689345,200,LHb.4,NA
4,Astrocyte,-3.4412509627612597,200,LHb.4,NA
5,Astrocyte,-3.844802291431214,200,LHb.4,NA
1,C17,0.0033589223507620686,200,LHb.4,NA
2,C17,0.0033589223507620686,200,LHb.4,NA
3,C17,0.5802735657282339,200,LHb.4,NA
4,C17,-0.44347635636633165,200,LHb.4,NA
5,C17,0.0033589223507620686,200,LHb.4,NA
1,Endo,-2.5359956288408894,200,LHb.4,NA
2,Endo,-2.1037926920783963,200,LHb.4,NA
3,Endo,-1.793504921683559,200,LHb.4,NA
4,Endo,-2.7664888949937367,200,LHb.4,NA
5,Endo,-2.8125008512748084,200,LHb.4,NA
1,Excit.Thal,1.773961597028737,200,LHb.4,NA
2,Excit.Thal,1.8259375314837132,200,LHb.4,NA
3,Excit.Thal,2.086795541455199,200,LHb.4,NA
4,Excit.Thal,2.1915988447806485,200,LHb.4,NA
5,Excit.Thal,2.454770818393692,200,LHb.4,NA
1,LHb.4,3.586914567487736,200,LHb.4,NA
2,LHb.4,3.8104314655368836,200,LHb.4,NA
3,LHb.4,3.8435552004314673,200,LHb.4,NA
4,LHb.4,3.9015280373575285,200,LHb.4,NA
5,LHb.4,3.711075947271345,200,LHb.4,NA
1,LHb.7,6.4446662591412816,200,LHb.4,NA
2,LHb.7,6.514402273007686,200,LHb.4,NA
3,LHb.7,5.853496850105565,200,LHb.4,NA
4,LHb.7,6.665632648308939,200,LHb.4,NA
5,LHb.7,6.7587900053517584,200,LHb.4,NA
1,MHb.1,-3.5015020220983715,200,LHb.4,NA
2,MHb.1,-3.9830983577064214,200,LHb.4,NA
3,MHb.1,-2.267768286749861,200,LHb.4,NA
4,MHb.1,-3.0986972945982028,200,LHb.4,NA
5,MHb.1,-3.5899255587015437,200,LHb.4,NA
1,MHb.2,-1.2745321441736281,200,LHb.4,NA
2,MHb.2,-2.177800551076993,200,LHb.4,NA
3,MHb.2,-2.1074331716473345,200,LHb.4,NA
4,MHb.2,-2.7552924010206272,200,LHb.4,NA
5,MHb.2,-2.0193608455735337,200,LHb.4,NA
1,Microglia,-0.2526978066589552,200,LHb.4,NA
2,Microglia,0.06261434261569805,200,LHb.4,NA
3,Microglia,0.12843648007893052,200,LHb.4,NA
4,Microglia,0.2074834369101391,200,LHb.4,NA
5,Microglia,0.47145094015938055,200,LHb.4,NA
1,Oligo,-5.628935346476474,200,LHb.4,NA
2,Oligo,-6.9749720393063805,200,LHb.4,NA
3,Oligo,-7.163912417377565,200,LHb.4,NA
4,Oligo,-6.57063754200331,200,LHb.4,NA
5,Oligo,-6.621273804220851,200,LHb.4,NA
1,OPC,1.4461186911664616,200,LHb.4,NA
2,OPC,0.9412804886444959,200,LHb.4,NA
3,OPC,1.142242040211599,200,LHb.4,NA
4,OPC,0.9079114870146783,200,LHb.4,NA
5,OPC,0.7415952835416089,200,LHb.4,NA
1,Astrocyte,-5.456437966772727,500,LHb.4,NA
2,Astrocyte,-5.104017161734223,500,LHb.4,NA
3,Astrocyte,-4.670558702620951,500,LHb.4,NA
4,Astrocyte,-6.709712201466234,500,LHb.4,NA
5,Astrocyte,-6.225793523317215,500,LHb.4,NA
1,C17,0.0033589223507620686,500,LHb.4,NA
2,C17,-0.44347635636633165,500,LHb.4,NA
3,C17,0.0033589223507620686,500,LHb.4,NA
4,C17,0.5802735657282339,500,LHb.4,NA
5,C17,-0.44347635636633165,500,LHb.4,NA
1,Endo,-3.4080527147461592,500,LHb.4,NA
2,Endo,-1.9798357321389224,500,LHb.4,NA
3,Endo,-3.103243172109692,500,LHb.4,NA
4,Endo,-3.5751627546401106,500,LHb.4,NA
5,Endo,-4.644804700454914,500,LHb.4,NA
1,Excit.Thal,3.9877311984534924,500,LHb.4,NA
2,Excit.Thal,3.1201143991983016,500,LHb.4,NA
3,Excit.Thal,3.039705107290702,500,LHb.4,NA
4,Excit.Thal,3.9877311984534924,500,LHb.4,NA
5,Excit.Thal,3.4703789599795023,500,LHb.4,NA
1,LHb.4,7.679161010508319,500,LHb.4,NA
2,LHb.4,6.768943449246219,500,LHb.4,NA
3,LHb.4,7.1110714493705425,500,LHb.4,NA
4,LHb.4,8.030453953968003,500,LHb.4,NA
5,LHb.4,8.323441943500836,500,LHb.4,NA
1,LHb.7,10.90583496029181,500,LHb.4,NA
2,LHb.7,9.981189689204093,500,LHb.4,NA
3,LHb.7,10.316599155662615,500,LHb.4,NA
4,LHb.7,11.691991078283486,500,LHb.4,NA
5,LHb.7,11.401113134003776,500,LHb.4,NA
1,MHb.1,-11.05365384605494,500,LHb.4,NA
2,MHb.1,-13.40012030218034,500,LHb.4,NA
3,MHb.1,-13.987559628731882,500,LHb.4,NA
4,MHb.1,-12.971790830253994,500,LHb.4,NA
5,MHb.1,-12.359191042344445,500,LHb.4,NA
1,MHb.2,-6.65482927552094,500,LHb.4,NA
2,MHb.2,-5.1305892892102225,500,LHb.4,NA
3,MHb.2,-7.144077646574054,500,LHb.4,NA
4,MHb.2,-6.029681873082833,500,LHb.4,NA
5,MHb.2,-6.752978845300829,500,LHb.4,NA
1,Microglia,1.5080372847798236,500,LHb.4,NA
2,Microglia,2.326749934206552,500,LHb.4,NA
3,Microglia,2.178582660628699,500,LHb.4,NA
4,Microglia,1.2811398482533698,500,LHb.4,NA
5,Microglia,1.9366327146389153,500,LHb.4,NA
1,Oligo,-10.87877804925449,500,LHb.4,NA
2,Oligo,-10.502693749163406,500,LHb.4,NA
3,Oligo,-9.045381658083528,500,LHb.4,NA
4,Oligo,-9.954175525289445,500,LHb.4,NA
5,Oligo,-9.990839625214823,500,LHb.4,NA
1,OPC,2.0282906888656447,500,LHb.4,NA
2,OPC,1.6845234846628392,500,LHb.4,NA
3,OPC,1.7872564432027473,500,LHb.4,NA
4,OPC,1.378335409427159,500,LHb.4,NA
5,OPC,1.8903287244472708,500,LHb.4,NA
1,Astrocyte,-6.777078240819637,1000,LHb.4,NA
2,Astrocyte,-5.8983028876809955,1000,LHb.4,NA
3,Astrocyte,-6.124256124062794,1000,LHb.4,NA
4,Astrocyte,-6.112968776984242,1000,LHb.4,NA
5,Astrocyte,-6.24834549299512,1000,LHb.4,NA
1,C17,0.5802735657282339,1000,LHb.4,NA
2,C17,0.5802735657282339,1000,LHb.4,NA
3,C17,1.4166128333753414,1000,LHb.4,NA
4,C17,0.0033589223507620686,1000,LHb.4,NA
5,C17,-0.44347635636633165,1000,LHb.4,NA
1,Endo,-2.2584439469200572,1000,LHb.4,NA
2,Endo,-1.5911079762109168,1000,LHb.4,NA
3,Endo,-3.484058704094584,1000,LHb.4,NA
4,Endo,-3.968655170959425,1000,LHb.4,NA
5,Endo,-3.072692758812228,1000,LHb.4,NA
1,Excit.Thal,6.212006842859326,1000,LHb.4,NA
2,Excit.Thal,5.580260170784495,1000,LHb.4,NA
3,Excit.Thal,4.818144537709699,1000,LHb.4,NA
4,Excit.Thal,4.373159034047728,1000,LHb.4,NA
5,Excit.Thal,5.352954473695459,1000,LHb.4,NA
1,LHb.4,12.170097198353812,1000,LHb.4,NA
2,LHb.4,11.823347219440963,1000,LHb.4,NA
3,LHb.4,11.04647886647601,1000,LHb.4,NA
4,LHb.4,10.565984447953037,1000,LHb.4,NA
5,LHb.4,11.992451902830416,1000,LHb.4,NA
1,LHb.7,16.143699349858796,1000,LHb.4,NA
2,LHb.7,16.068093205578418,1000,LHb.4,NA
3,LHb.7,14.765371796327914,1000,LHb.4,NA
4,LHb.7,12.032251689558906,1000,LHb.4,NA
5,LHb.7,13.970890516585525,1000,LHb.4,NA
1,MHb.1,-27.07060024850745,1000,LHb.4,NA
2,MHb.1,-34.425221595053245,1000,LHb.4,NA
3,MHb.1,-29.563086393327563,1000,LHb.4,NA
4,MHb.1,-23.055520954877075,1000,LHb.4,NA
5,MHb.1,-23.095439150323116,1000,LHb.4,NA
1,MHb.2,-15.449827166754245,1000,LHb.4,NA
2,MHb.2,-10.991598990251125,1000,LHb.4,NA
3,MHb.2,-7.144077646574054,1000,LHb.4,NA
4,MHb.2,-8.526291663720295,1000,LHb.4,NA
5,MHb.2,-12.729856197181002,1000,LHb.4,NA
1,Microglia,6.236657869187618,1000,LHb.4,NA
2,Microglia,6.025928640316617,1000,LHb.4,NA
3,Microglia,3.3160587551163516,1000,LHb.4,NA
4,Microglia,3.0711399697899364,1000,LHb.4,NA
5,Microglia,4.123420262509641,1000,LHb.4,NA
1,Oligo,-11.878680912473305,1000,LHb.4,NA
2,Oligo,-10.381067080974114,1000,LHb.4,NA
3,Oligo,-9.856336972278989,1000,LHb.4,NA
4,Oligo,-9.390252872908178,1000,LHb.4,NA
5,Oligo,-11.782745218663313,1000,LHb.4,NA
1,OPC,2.7274353117694976,1000,LHb.4,NA
2,OPC,2.6568075778623403,1000,LHb.4,NA
3,OPC,1.276934742369649,1000,LHb.4,NA
4,OPC,2.445885120731897,1000,LHb.4,NA
5,OPC,1.9937428837658013,1000,LHb.4,NA
1,Astrocyte,-5.71722655297279,5000,LHb.4,NA
2,Astrocyte,-8.714263646816702,5000,LHb.4,NA
3,Astrocyte,-5.297411897464625,5000,LHb.4,NA
4,Astrocyte,-1.9999923577214367,5000,LHb.4,NA
5,Astrocyte,-3.8678197549144824,5000,LHb.4,NA
1,C17,0.0033589223507620686,5000,LHb.4,NA
2,C17,-0.8124222933114068,5000,LHb.4,NA
3,C17,-0.44347635636633165,5000,LHb.4,NA
4,C17,-0.8124222933114068,5000,LHb.4,NA
5,C17,-0.8124222933114068,5000,LHb.4,NA
1,Endo,-2.612907176998193,5000,LHb.4,NA
2,Endo,-2.489809956310578,5000,LHb.4,NA
3,Endo,-0.20600383510435297,5000,LHb.4,NA
4,Endo,0.48058876336795225,5000,LHb.4,NA
5,Endo,-2.165692435998317,5000,LHb.4,NA
1,Excit.Thal,8.382242672528319,5000,LHb.4,NA
2,Excit.Thal,7.1785630492760575,5000,LHb.4,NA
3,Excit.Thal,7.030614444077056,5000,LHb.4,NA
4,Excit.Thal,8.688918626402668,5000,LHb.4,NA
5,Excit.Thal,9.060077709442842,5000,LHb.4,NA
1,LHb.4,41.092354025238485,5000,LHb.4,NA
2,LHb.4,29.330170192387424,5000,LHb.4,NA
3,LHb.4,17.619245606444387,5000,LHb.4,NA
4,LHb.4,22.303866477336797,5000,LHb.4,NA
5,LHb.4,38.42489900698063,5000,LHb.4,NA
1,LHb.7,19.093075829793793,5000,LHb.4,NA
2,LHb.7,16.40871170556044,5000,LHb.4,NA
3,LHb.7,19.481773101294703,5000,LHb.4,NA
4,LHb.7,23.189340808439134,5000,LHb.4,NA
5,LHb.7,20.06733543566198,5000,LHb.4,NA
1,MHb.1,-64.31680442744943,5000,LHb.4,NA
2,MHb.1,-51.6367436996599,5000,LHb.4,NA
3,MHb.1,-40.712222120542684,5000,LHb.4,NA
4,MHb.1,-56.07009498456021,5000,LHb.4,NA
5,MHb.1,-60.7720107544644,5000,LHb.4,NA
1,MHb.2,-31.99181226343535,5000,LHb.4,NA
2,MHb.2,-19.24441173411318,5000,LHb.4,NA
3,MHb.2,-24.863312894577717,5000,LHb.4,NA
4,MHb.2,-32.18713367130476,5000,LHb.4,NA
5,MHb.2,-36.74409287213508,5000,LHb.4,NA
1,Microglia,8.313770111692016,5000,LHb.4,NA
2,Microglia,6.843470427140911,5000,LHb.4,NA
3,Microglia,10.617118098718942,5000,LHb.4,NA
4,Microglia,13.255480059982437,5000,LHb.4,NA
5,Microglia,9.166940128926642,5000,LHb.4,NA
1,Oligo,-3.429014658279449,5000,LHb.4,NA
2,Oligo,-9.119386282775062,5000,LHb.4,NA
3,Oligo,-10.599886211527508,5000,LHb.4,NA
4,Oligo,-3.415918589095577,5000,LHb.4,NA
5,Oligo,-3.7166598491837597,5000,LHb.4,NA
1,OPC,4.101032512983637,5000,LHb.4,NA
2,OPC,4.175056709700696,5000,LHb.4,NA
3,OPC,3.6970652562548514,5000,LHb.4,NA
4,OPC,5.577946168564626,5000,LHb.4,NA
5,OPC,3.9535187815343127,5000,LHb.4,NA
1,Astrocyte,-1.3243492276531201,100,LHb.7,NA
2,Astrocyte,-0.9704334219857893,100,LHb.7,NA
3,Astrocyte,-1.2331142963566408,100,LHb.7,NA
4,Astrocyte,-0.9132539300535225,100,LHb.7,NA
5,Astrocyte,-1.6317656059831294,100,LHb.7,NA
1,C17,-0.572915547987989,100,LHb.7,NA
2,C17,-0.572915547987989,100,LHb.7,NA
3,C17,-0.9948966513990413,100,LHb.7,NA
4,C17,-0.9948966513990413,100,LHb.7,NA
5,C17,0.003634034867685053,100,LHb.7,NA
1,Endo,-2.061268811735488,100,LHb.7,NA
2,Endo,-1.8948635045036124,100,LHb.7,NA
3,Endo,-1.9856751649196664,100,LHb.7,NA
4,Endo,-1.5609555538608475,100,LHb.7,NA
5,Endo,-1.2408477596195442,100,LHb.7,NA
1,Excit.Thal,0.9800607682364426,100,LHb.7,NA
2,Excit.Thal,1.0340546920377258,100,LHb.7,NA
3,Excit.Thal,0.8992083566173262,100,LHb.7,NA
4,Excit.Thal,0.5774456057134383,100,LHb.7,NA
5,Excit.Thal,0.9800607682364426,100,LHb.7,NA
1,LHb.4,1.1512931665968233,100,LHb.7,NA
2,LHb.4,1.7497351461894473,100,LHb.7,NA
3,LHb.4,1.8050557480119176,100,LHb.7,NA
4,LHb.4,1.6759954021210044,100,LHb.7,NA
5,LHb.4,0.8113436708665346,100,LHb.7,NA
1,LHb.7,1.637777426707804,100,LHb.7,NA
2,LHb.7,1.8604647769661764,100,LHb.7,NA
3,LHb.7,1.7543809730044837,100,LHb.7,NA
4,LHb.7,1.902919829200441,100,LHb.7,NA
5,LHb.7,2.094120203863851,100,LHb.7,NA
1,MHb.1,-2.255568101177173,100,LHb.7,NA
2,MHb.1,-2.9247814753075665,100,LHb.7,NA
3,MHb.1,-2.515990889593954,100,LHb.7,NA
4,MHb.1,-2.2030137922101636,100,LHb.7,NA
5,MHb.1,-2.2030137922101636,100,LHb.7,NA
1,MHb.2,0.8504518689577734,100,LHb.7,NA
2,MHb.2,0.07584022387943035,100,LHb.7,NA
3,MHb.2,0.659774463514842,100,LHb.7,NA
4,MHb.2,0.4403120445660963,100,LHb.7,NA
5,MHb.2,0.7183971564481236,100,LHb.7,NA
1,Microglia,0.8977599077433548,100,LHb.7,NA
2,Microglia,0.39537467866516907,100,LHb.7,NA
3,Microglia,0.5834848394367195,100,LHb.7,NA
4,Microglia,0.5709335790066404,100,LHb.7,NA
5,Microglia,0.6713860987461772,100,LHb.7,NA
1,Oligo,-2.3482346700499686,100,LHb.7,NA
2,Oligo,-2.5936624552104512,100,LHb.7,NA
3,Oligo,-3.001201184281732,100,LHb.7,NA
4,Oligo,-3.487788461559385,100,LHb.7,NA
5,Oligo,-2.430119744518709,100,LHb.7,NA
1,OPC,0.4371163397204606,100,LHb.7,NA
2,OPC,0.24238456813966464,100,LHb.7,NA
3,OPC,0.4371163397204606,100,LHb.7,NA
4,OPC,0.5022920628756707,100,LHb.7,NA
5,OPC,0.37207359610750257,100,LHb.7,NA
1,Astrocyte,-3.2360194437762475,200,LHb.7,NA
2,Astrocyte,-3.0675364513825687,200,LHb.7,NA
3,Astrocyte,-1.8930317981660523,200,LHb.7,NA
4,Astrocyte,-2.7186108560175914,200,LHb.7,NA
5,Astrocyte,-3.505117838260098,200,LHb.7,NA
1,C17,-0.572915547987989,200,LHb.7,NA
2,C17,-0.572915547987989,200,LHb.7,NA
3,C17,-0.572915547987989,200,LHb.7,NA
4,C17,-0.9948966513990413,200,LHb.7,NA
5,C17,-0.572915547987989,200,LHb.7,NA
1,Endo,-3.5576381204177854,200,LHb.7,NA
2,Endo,-2.962595552448648,200,LHb.7,NA
3,Endo,-2.9177807536344753,200,LHb.7,NA
4,Endo,-3.60208112952391,200,LHb.7,NA
5,Endo,-3.2309355429813054,200,LHb.7,NA
1,Excit.Thal,1.632932648727631,200,LHb.7,NA
2,Excit.Thal,1.5507276557837386,200,LHb.7,NA
3,Excit.Thal,1.4141009885003701,200,LHb.7,NA
4,Excit.Thal,1.9082017416904444,200,LHb.7,NA
5,Excit.Thal,1.9358354310870531,200,LHb.7,NA
1,LHb.4,3.016295040391051,200,LHb.7,NA
2,LHb.4,3.016295040391051,200,LHb.7,NA
3,LHb.4,2.6920395940591066,200,LHb.7,NA
4,LHb.4,2.395988749921121,200,LHb.7,NA
5,LHb.4,2.701297499378313,200,LHb.7,NA
1,LHb.7,6.354934822734401,200,LHb.7,NA
2,LHb.7,6.54120189273638,200,LHb.7,NA
3,LHb.7,5.329398208980059,200,LHb.7,NA
4,LHb.7,6.13611179581072,200,LHb.7,NA
5,LHb.7,6.782620041542687,200,LHb.7,NA
1,MHb.1,-5.682074033090979,200,LHb.7,NA
2,MHb.1,-6.736591684606082,200,LHb.7,NA
3,MHb.1,-5.019623315138387,200,LHb.7,NA
4,MHb.1,-5.41992672828014,200,LHb.7,NA
5,MHb.1,-5.375873860160268,200,LHb.7,NA
1,MHb.2,0.7183971564481236,200,LHb.7,NA
2,MHb.2,0.5134009420452411,200,LHb.7,NA
3,MHb.2,0.35269121077933174,200,LHb.7,NA
4,MHb.2,0.3818877644578585,200,LHb.7,NA
5,MHb.2,0.06129491095087486,200,LHb.7,NA
1,Microglia,0.4455041643122366,200,LHb.7,NA
2,Microglia,0.6713860987461772,200,LHb.7,NA
3,Microglia,0.7216487773427425,200,LHb.7,NA
4,Microglia,1.0237367700923996,200,LHb.7,NA
5,Microglia,1.149866880323342,200,LHb.7,NA
1,Oligo,-6.1308208016391275,200,LHb.7,NA
2,Oligo,-6.743930300342923,200,LHb.7,NA
3,Oligo,-6.587783466778897,200,LHb.7,NA
4,Oligo,-6.078450013733618,200,LHb.7,NA
5,Oligo,-6.366116679389792,200,LHb.7,NA
1,OPC,0.6003063530833614,200,LHb.7,NA
2,OPC,0.5676013907832619,200,LHb.7,NA
3,OPC,0.5349299869906644,200,LHb.7,NA
4,OPC,0.6658172698959375,200,LHb.7,NA
5,OPC,0.14546228136465178,200,LHb.7,NA
1,Astrocyte,-5.328616970199683,500,LHb.7,NA
2,Astrocyte,-3.9746454936751467,500,LHb.7,NA
3,Astrocyte,-2.425202568325622,500,LHb.7,NA
4,Astrocyte,-3.5163176470896427,500,LHb.7,NA
5,Astrocyte,-4.453531869681715,500,LHb.7,NA
1,C17,-0.572915547987989,500,LHb.7,NA
2,C17,-0.572915547987989,500,LHb.7,NA
3,C17,0.003634034867685053,500,LHb.7,NA
4,C17,-0.9948966513990413,500,LHb.7,NA
5,C17,-0.9948966513990413,500,LHb.7,NA
1,Endo,-4.588030260677032,500,LHb.7,NA
2,Endo,-2.7082974569147225,500,LHb.7,NA
3,Endo,-3.2606932455176123,500,LHb.7,NA
4,Endo,-3.8682020190530393,500,LHb.7,NA
5,Endo,-5.344693812208203,500,LHb.7,NA
1,Excit.Thal,3.05755381216653,500,LHb.7,NA
2,Excit.Thal,3.3717896527340323,500,LHb.7,NA
3,Excit.Thal,2.4646249679597565,500,LHb.7,NA
4,Excit.Thal,2.6894373846219697,500,LHb.7,NA
5,Excit.Thal,3.05755381216653,500,LHb.7,NA
1,LHb.4,4.831611445426154,500,LHb.7,NA
2,LHb.4,3.936046912525721,500,LHb.7,NA
3,LHb.4,3.954667269354266,500,LHb.7,NA
4,LHb.4,4.728808484928072,500,LHb.7,NA
5,LHb.4,5.009294546066745,500,LHb.7,NA
1,LHb.7,12.557763674394101,500,LHb.7,NA
2,LHb.7,11.849428544520302,500,LHb.7,NA
3,LHb.7,11.929215647566998,500,LHb.7,NA
4,LHb.7,12.397490864856687,500,LHb.7,NA
5,LHb.7,12.146018851678807,500,LHb.7,NA
1,MHb.1,-16.553071554599132,500,LHb.7,NA
2,MHb.1,-18.26242804165377,500,LHb.7,NA
3,MHb.1,-18.14058264302703,500,LHb.7,NA
4,MHb.1,-18.407888676029657,500,LHb.7,NA
5,MHb.1,-16.734512542349076,500,LHb.7,NA
1,MHb.2,-1.8507728511354062,500,LHb.7,NA
2,MHb.2,-1.8791923861663484,500,LHb.7,NA
3,MHb.2,-3.13419017082462,500,LHb.7,NA
4,MHb.2,-0.28702401342202,500,LHb.7,NA
5,MHb.2,-0.8499252511534781,500,LHb.7,NA
1,Microglia,2.72682107756865,500,LHb.7,NA
2,Microglia,1.9989305896947893,500,LHb.7,NA
3,Microglia,2.2027305080259976,500,LHb.7,NA
4,Microglia,1.351995103899664,500,LHb.7,NA
5,Microglia,2.21548142293475,500,LHb.7,NA
1,Oligo,-9.219509032554681,500,LHb.7,NA
2,Oligo,-8.660936228451165,500,LHb.7,NA
3,Oligo,-8.877146509260156,500,LHb.7,NA
4,Oligo,-10.026052496150937,500,LHb.7,NA
5,Oligo,-9.37126715166152,500,LHb.7,NA
1,OPC,1.4963211812677493,500,LHb.7,NA
2,OPC,0.8631637082776459,500,LHb.7,NA
3,OPC,1.061744272783699,500,LHb.7,NA
4,OPC,0.30716321112878114,500,LHb.7,NA
5,OPC,0.8301874069206787,500,LHb.7,NA
1,Astrocyte,-4.985953290136734,1000,LHb.7,NA
2,Astrocyte,-2.5155563212143974,1000,LHb.7,NA
3,Astrocyte,-1.9157243328876337,1000,LHb.7,NA
4,Astrocyte,-2.1877084565509097,1000,LHb.7,NA
5,Astrocyte,-3.8295042461815347,1000,LHb.7,NA
1,C17,0.003634034867685053,1000,LHb.7,NA
2,C17,-0.572915547987989,1000,LHb.7,NA
3,C17,0.003634034867685053,1000,LHb.7,NA
4,C17,-0.572915547987989,1000,LHb.7,NA
5,C17,-1.3359540608669604,1000,LHb.7,NA
1,Endo,-1.195007377190681,1000,LHb.7,NA
2,Endo,-1.026687781986272,1000,LHb.7,NA
3,Endo,-3.941961765574741,1000,LHb.7,NA
4,Endo,-3.5576381204177854,1000,LHb.7,NA
5,Endo,-2.7831787689334435,1000,LHb.7,NA
1,Excit.Thal,5.494443987192481,1000,LHb.7,NA
2,Excit.Thal,5.464142462065636,1000,LHb.7,NA
3,Excit.Thal,3.5730947445220034,1000,LHb.7,NA
4,Excit.Thal,3.688598888717384,1000,LHb.7,NA
5,Excit.Thal,4.418449985107219,1000,LHb.7,NA
1,LHb.4,7.730178162343387,1000,LHb.7,NA
2,LHb.4,7.673334627127931,1000,LHb.7,NA
3,LHb.4,6.0220589728630145,1000,LHb.7,NA
4,LHb.4,3.9639780384285896,1000,LHb.7,NA
5,LHb.4,6.210131051166594,1000,LHb.7,NA
1,LHb.7,18.90472635906315,1000,LHb.7,NA
2,LHb.7,19.012972426331952,1000,LHb.7,NA
3,LHb.7,18.352887306784528,1000,LHb.7,NA
4,LHb.7,15.792627430951049,1000,LHb.7,NA
5,LHb.7,17.37498858950452,1000,LHb.7,NA
1,MHb.1,-32.93128457914751,1000,LHb.7,NA
2,MHb.1,-42.075202988869364,1000,LHb.7,NA
3,MHb.1,-36.48646689012419,1000,LHb.7,NA
4,MHb.1,-29.425338935527108,1000,LHb.7,NA
5,MHb.1,-29.189386882346383,1000,LHb.7,NA
1,MHb.2,-8.84546668278684,1000,LHb.7,NA
2,MHb.2,-4.260343845421742,1000,LHb.7,NA
3,MHb.2,-0.6915459079061346,1000,LHb.7,NA
4,MHb.2,-2.9941113845966685,1000,LHb.7,NA
5,MHb.2,-5.562403738738759,1000,LHb.7,NA
1,Microglia,6.526353060673484,1000,LHb.7,NA
2,Microglia,6.566280615511373,1000,LHb.7,NA
3,Microglia,4.354481374092314,1000,LHb.7,NA
4,Microglia,4.224345495391363,1000,LHb.7,NA
5,Microglia,5.283297520958159,1000,LHb.7,NA
1,Oligo,-10.950060392401758,1000,LHb.7,NA
2,Oligo,-10.01350354527615,1000,LHb.7,NA
3,Oligo,-10.439230248538404,1000,LHb.7,NA
4,Oligo,-8.750024982478172,1000,LHb.7,NA
5,Oligo,-11.421061553068881,1000,LHb.7,NA
1,OPC,2.073795085370807,1000,LHb.7,NA
2,OPC,2.592296051236984,1000,LHb.7,NA
3,OPC,1.1948257098638535,1000,LHb.7,NA
4,OPC,1.4290732345274275,1000,LHb.7,NA
5,OPC,1.4626793105718001,1000,LHb.7,NA
1,Astrocyte,0.5134849071109348,5000,LHb.7,NA
2,Astrocyte,-2.955087176730515,5000,LHb.7,NA
3,Astrocyte,1.4663325104169778,5000,LHb.7,NA
4,Astrocyte,2.803785551758924,5000,LHb.7,NA
5,Astrocyte,1.8402427642655792,5000,LHb.7,NA
1,C17,-0.572915547987989,5000,LHb.7,NA
2,C17,-1.3359540608669604,5000,LHb.7,NA
3,C17,-0.572915547987989,5000,LHb.7,NA
4,C17,-1.3359540608669604,5000,LHb.7,NA
5,C17,-1.3359540608669604,5000,LHb.7,NA
1,Endo,1.2280392194195107,5000,LHb.7,NA
2,Endo,0.3647876043352889,5000,LHb.7,NA
3,Endo,1.623760768379598,5000,LHb.7,NA
4,Endo,1.7826423058688423,5000,LHb.7,NA
5,Endo,1.6713894764938069,5000,LHb.7,NA
1,Excit.Thal,7.517827741727495,5000,LHb.7,NA
2,Excit.Thal,5.676760969843323,5000,LHb.7,NA
3,Excit.Thal,6.664173079318657,5000,LHb.7,NA
4,Excit.Thal,7.231123574117198,5000,LHb.7,NA
5,Excit.Thal,7.903531571826333,5000,LHb.7,NA
1,LHb.4,14.834727803877097,5000,LHb.7,NA
2,LHb.4,9.232627501150438,5000,LHb.7,NA
3,LHb.4,5.1122300878850915,5000,LHb.7,NA
4,LHb.4,13.924275788085419,5000,LHb.7,NA
5,LHb.4,18.070267575265014,5000,LHb.7,NA
1,LHb.7,28.80601302843966,5000,LHb.7,NA
2,LHb.7,25.835579302471533,5000,LHb.7,NA
3,LHb.7,27.743263906376395,5000,LHb.7,NA
4,LHb.7,29.066641019784473,5000,LHb.7,NA
5,LHb.7,27.549860729362727,5000,LHb.7,NA
1,MHb.1,-64.33975757357969,5000,LHb.7,NA
2,MHb.1,-54.17867436750533,5000,LHb.7,NA
3,MHb.1,-52.364941344534095,5000,LHb.7,NA
4,MHb.1,-63.26037542627015,5000,LHb.7,NA
5,MHb.1,-62.837434802408595,5000,LHb.7,NA
1,MHb.2,-17.80424555906725,5000,LHb.7,NA
2,MHb.2,-8.35949912937344,5000,LHb.7,NA
3,MHb.2,-18.926081655312426,5000,LHb.7,NA
4,MHb.2,-22.476783600030572,5000,LHb.7,NA
5,MHb.2,-22.939987141867505,5000,LHb.7,NA
1,Microglia,15.304987184023854,5000,LHb.7,NA
2,Microglia,12.407026303678185,5000,LHb.7,NA
3,Microglia,15.74302668148111,5000,LHb.7,NA
4,Microglia,16.5809596635102,5000,LHb.7,NA
5,Microglia,14.319548375573202,5000,LHb.7,NA
1,Oligo,-3.1366319581726074,5000,LHb.7,NA
2,Oligo,-8.009261295015651,5000,LHb.7,NA
3,Oligo,-5.632073478100544,5000,LHb.7,NA
4,Oligo,-2.4846676298160224,5000,LHb.7,NA
5,Oligo,-3.3663912076404423,5000,LHb.7,NA
1,OPC,4.982274245557176,5000,LHb.7,NA
2,OPC,3.8367115220933807,5000,LHb.7,NA
3,OPC,5.552290417576008,5000,LHb.7,NA
4,OPC,4.982274245557176,5000,LHb.7,NA
5,OPC,4.201619539934192,5000,LHb.7,NA
1,Astrocyte,-1.0599899667126567,100,MHb.1,NA
2,Astrocyte,-0.8786815884215754,100,MHb.1,NA
3,Astrocyte,-1.5009370203867487,100,MHb.1,NA
4,Astrocyte,-1.6007113180533685,100,MHb.1,NA
5,Astrocyte,-0.9391776205532947,100,MHb.1,NA
1,C17,0.0020197152926782155,100,MHb.1,NA
2,C17,1.001447457471429,100,MHb.1,NA
3,C17,0.0020197152926782155,100,MHb.1,NA
4,C17,0.0020197152926782155,100,MHb.1,NA
5,C17,0.0020197152926782155,100,MHb.1,NA
1,Endo,-1.538908898373465,100,MHb.1,NA
2,Endo,-2.1392338212825472,100,MHb.1,NA
3,Endo,-1.9991101611076671,100,MHb.1,NA
4,Endo,-1.8229859820266598,100,MHb.1,NA
5,Endo,-1.2519689989564233,100,MHb.1,NA
1,Excit.Thal,-0.7228726117628829,100,MHb.1,NA
2,Excit.Thal,0.007285389301369634,100,MHb.1,NA
3,Excit.Thal,0.007285389301369634,100,MHb.1,NA
4,Excit.Thal,-1.5138008203113384,100,MHb.1,NA
5,Excit.Thal,-1.0531999255138664,100,MHb.1,NA
1,LHb.4,-1.4374671670026278,100,MHb.1,NA
2,LHb.4,-2.082019035828872,100,MHb.1,NA
3,LHb.4,-1.9553974115401047,100,MHb.1,NA
4,LHb.4,-2.5777428413261183,100,MHb.1,NA
5,LHb.4,-2.2075427121914704,100,MHb.1,NA
1,LHb.7,0.7662877687186335,100,MHb.1,NA
2,LHb.7,-0.7747879957000161,100,MHb.1,NA
3,LHb.7,0.12676567131479413,100,MHb.1,NA
4,LHb.7,0.17528298468027348,100,MHb.1,NA
5,LHb.7,-0.30500628817490016,100,MHb.1,NA
1,MHb.1,0.7754341225816928,100,MHb.1,NA
2,MHb.1,0.6903470221210859,100,MHb.1,NA
3,MHb.1,1.0427883336897965,100,MHb.1,NA
4,MHb.1,0.957731273723561,100,MHb.1,NA
5,MHb.1,0.702502914676781,100,MHb.1,NA
1,MHb.2,0.94243323764256,100,MHb.1,NA
2,MHb.2,1.5374366272469648,100,MHb.1,NA
3,MHb.2,0.9964368105782192,100,MHb.1,NA
4,MHb.2,1.456174301274576,100,MHb.1,NA
5,MHb.2,1.2531924430126913,100,MHb.1,NA
1,Microglia,-1.2585881372969907,100,MHb.1,NA
2,Microglia,-0.8740855440097216,100,MHb.1,NA
3,Microglia,-0.8740855440097216,100,MHb.1,NA
4,Microglia,-0.6374604221882851,100,MHb.1,NA
5,Microglia,-1.3340707087227512,100,MHb.1,NA
1,Oligo,-0.7545116536551173,100,MHb.1,NA
2,Oligo,-0.6858423552826963,100,MHb.1,NA
3,Oligo,0.2386786273835556,100,MHb.1,NA
4,Oligo,-0.6168390855111644,100,MHb.1,NA
5,Oligo,-0.6858423552826963,100,MHb.1,NA
1,OPC,-0.8883667978326593,100,MHb.1,NA
2,OPC,-0.4654995135900161,100,MHb.1,NA
3,OPC,0.8373995769646074,100,MHb.1,NA
4,OPC,0.8373995769646074,100,MHb.1,NA
5,OPC,0.2638026279405375,100,MHb.1,NA
1,Astrocyte,-1.5807694244383352,200,MHb.1,NA
2,Astrocyte,-2.373452507747454,200,MHb.1,NA
3,Astrocyte,-2.7464488126337043,200,MHb.1,NA
4,Astrocyte,-2.8051389190713305,200,MHb.1,NA
5,Astrocyte,-2.9808782877913083,200,MHb.1,NA
1,C17,0.0020197152926782155,200,MHb.1,NA
2,C17,0.0020197152926782155,200,MHb.1,NA
3,C17,0.0020197152926782155,200,MHb.1,NA
4,C17,-0.9972178504230719,200,MHb.1,NA
5,C17,1.001447457471429,200,MHb.1,NA
1,Endo,-5.84287864280426,200,MHb.1,NA
2,Endo,-4.2936410225873125,200,MHb.1,NA
3,Endo,-3.202689687397135,200,MHb.1,NA
4,Endo,-5.188715558035901,200,MHb.1,NA
5,Endo,-6.088402622685137,200,MHb.1,NA
1,Excit.Thal,-2.825104234671988,200,MHb.1,NA
2,Excit.Thal,-1.364512566654876,200,MHb.1,NA
3,Excit.Thal,-1.8009243165080902,200,MHb.1,NA
4,Excit.Thal,-1.5138008203113384,200,MHb.1,NA
5,Excit.Thal,-2.3352181347354986,200,MHb.1,NA
1,LHb.4,-4.887444594914505,200,MHb.1,NA
2,LHb.4,-4.887444594914505,200,MHb.1,NA
3,LHb.4,-4.729833937380844,200,MHb.1,NA
4,LHb.4,-3.916616554289876,200,MHb.1,NA
5,LHb.4,-4.301500075522376,200,MHb.1,NA
1,LHb.7,-2.256736235822774,200,MHb.1,NA
2,LHb.7,-1.1433964634211786,200,MHb.1,NA
3,LHb.7,0.5180341259337162,200,MHb.1,NA
4,LHb.7,-1.0518299431066969,200,MHb.1,NA
5,LHb.7,-1.4608792494778788,200,MHb.1,NA
1,MHb.1,3.711574969417698,200,MHb.1,NA
2,MHb.1,3.2996464694011602,200,MHb.1,NA
3,MHb.1,2.9845223800286558,200,MHb.1,NA
4,MHb.1,3.251172718566714,200,MHb.1,NA
5,MHb.1,3.832697614297059,200,MHb.1,NA
1,MHb.2,2.148183457854732,200,MHb.1,NA
2,MHb.2,1.6729625873157699,200,MHb.1,NA
3,MHb.2,1.6187388679972374,200,MHb.1,NA
4,MHb.2,2.54298589840566,200,MHb.1,NA
5,MHb.2,2.952415112476121,200,MHb.1,NA
1,Microglia,-3.7267558873130926,200,MHb.1,NA
2,Microglia,-2.9555993548466315,200,MHb.1,NA
3,Microglia,-3.2824579800838034,200,MHb.1,NA
4,Microglia,-2.9555993548466315,200,MHb.1,NA
5,Microglia,-3.5381771893106335,200,MHb.1,NA
1,Oligo,-0.8228506645582975,200,MHb.1,NA
2,Oligo,-0.12414235024789791,200,MHb.1,NA
3,Oligo,-0.8228506645582975,200,MHb.1,NA
4,Oligo,-1.8106334526001846,200,MHb.1,NA
5,Oligo,-2.615512699885855,200,MHb.1,NA
1,OPC,-0.6822603304355024,200,MHb.1,NA
2,OPC,-0.2367213482578952,200,MHb.1,NA
3,OPC,-1.0849634142351647,200,MHb.1,NA
4,OPC,-0.6822603304355024,200,MHb.1,NA
5,OPC,-0.4654995135900161,200,MHb.1,NA
1,Astrocyte,-3.408393591385921,500,MHb.1,NA
2,Astrocyte,-2.883306470150648,500,MHb.1,NA
3,Astrocyte,-4.74967064189137,500,MHb.1,NA
4,Astrocyte,-3.408393591385921,500,MHb.1,NA
5,Astrocyte,-2.5111330113017476,500,MHb.1,NA
1,C17,1.001447457471429,500,MHb.1,NA
2,C17,-0.5749088914275907,500,MHb.1,NA
3,C17,0.0020197152926782155,500,MHb.1,NA
4,C17,-0.5749088914275907,500,MHb.1,NA
5,C17,0.0020197152926782155,500,MHb.1,NA
1,Endo,-6.932481855602094,500,MHb.1,NA
2,Endo,-9.252425183344306,500,MHb.1,NA
3,Endo,-8.723392185860579,500,MHb.1,NA
4,Endo,-7.984819836664057,500,MHb.1,NA
5,Endo,-5.657419711480683,500,MHb.1,NA
1,Excit.Thal,-3.5986845832826377,500,MHb.1,NA
2,Excit.Thal,-3.2786636630884645,500,MHb.1,NA
3,Excit.Thal,-4.383141269601479,500,MHb.1,NA
4,Excit.Thal,-4.002341498000892,500,MHb.1,NA
5,Excit.Thal,-4.289905573334245,500,MHb.1,NA
1,LHb.4,-8.311103613357018,500,MHb.1,NA
2,LHb.4,-9.098276686832321,500,MHb.1,NA
3,LHb.4,-10.121674323432618,500,MHb.1,NA
4,LHb.4,-10.083368055165954,500,MHb.1,NA
5,LHb.4,-9.41944314554447,500,MHb.1,NA
1,LHb.7,-7.264836275015129,500,MHb.1,NA
2,LHb.7,-8.157166210191141,500,MHb.1,NA
3,LHb.7,-8.657604298854437,500,MHb.1,NA
4,LHb.7,-8.491912221819359,500,MHb.1,NA
5,LHb.7,-8.920439997597306,500,MHb.1,NA
1,MHb.1,7.979740099188646,500,MHb.1,NA
2,MHb.1,10.682600487669708,500,MHb.1,NA
3,MHb.1,11.623268259826125,500,MHb.1,NA
4,MHb.1,11.490618872294693,500,MHb.1,NA
5,MHb.1,8.776423101544605,500,MHb.1,NA
1,MHb.2,3.87059341403119,500,MHb.1,NA
2,MHb.2,2.897764569144985,500,MHb.1,NA
3,MHb.2,3.6096772425597994,500,MHb.1,NA
4,MHb.2,1.1585522825107797,500,MHb.1,NA
5,MHb.2,2.556616872601402,500,MHb.1,NA
1,Microglia,-7.281662645829049,500,MHb.1,NA
2,Microglia,-9.69596049918237,500,MHb.1,NA
3,Microglia,-9.69596049918237,500,MHb.1,NA
4,Microglia,-7.281662645829049,500,MHb.1,NA
5,Microglia,-7.086700663869244,500,MHb.1,NA
1,Oligo,-4.322286778596896,500,MHb.1,NA
2,Oligo,-4.536089773596699,500,MHb.1,NA
3,Oligo,-4.746992252633038,500,MHb.1,NA
4,Oligo,-3.3788867360769395,500,MHb.1,NA
5,Oligo,-3.7744332476283637,500,MHb.1,NA
1,OPC,-3.5625509685020273,500,MHb.1,NA
2,OPC,-3.2051952708334954,500,MHb.1,NA
3,OPC,-2.8220053057494163,500,MHb.1,NA
4,OPC,-1.7936825256438873,500,MHb.1,NA
5,OPC,-1.9548122086385105,500,MHb.1,NA
1,Astrocyte,-1.5009370203867487,1000,MHb.1,NA
2,Astrocyte,-5.052309392886582,1000,MHb.1,NA
3,Astrocyte,-5.184264719743363,1000,MHb.1,NA
4,Astrocyte,-4.540770203303682,1000,MHb.1,NA
5,Astrocyte,-2.3340589953979762,1000,MHb.1,NA
1,C17,0.0020197152926782155,1000,MHb.1,NA
2,C17,-0.5749088914275907,1000,MHb.1,NA
3,C17,-0.5749088914275907,1000,MHb.1,NA
4,C17,-0.5749088914275907,1000,MHb.1,NA
5,C17,0.0020197152926782155,1000,MHb.1,NA
1,Endo,-12.930973076613592,1000,MHb.1,NA
2,Endo,-13.128036494075133,1000,MHb.1,NA
3,Endo,-9.335160421419177,1000,MHb.1,NA
4,Endo,-9.74566628618773,1000,MHb.1,NA
5,Endo,-10.445082121916473,1000,MHb.1,NA
1,Excit.Thal,-8.12781491455136,1000,MHb.1,NA
2,Excit.Thal,-8.472105420861999,1000,MHb.1,NA
3,Excit.Thal,-6.606485056142089,1000,MHb.1,NA
4,Excit.Thal,-5.7309293347594705,1000,MHb.1,NA
5,Excit.Thal,-6.32497150857086,1000,MHb.1,NA
1,LHb.4,-14.206200599933378,1000,MHb.1,NA
2,LHb.4,-16.22050930466729,1000,MHb.1,NA
3,LHb.4,-15.964268048484707,1000,MHb.1,NA
4,LHb.4,-17.05439203229206,1000,MHb.1,NA
5,LHb.4,-16.61342971741867,1000,MHb.1,NA
1,LHb.7,-19.81463265464093,1000,MHb.1,NA
2,LHb.7,-21.101346387999477,1000,MHb.1,NA
3,LHb.7,-17.244819454427862,1000,MHb.1,NA
4,LHb.7,-13.021103858652582,1000,MHb.1,NA
5,LHb.7,-15.608059902939061,1000,MHb.1,NA
1,MHb.1,22.225815768052357,1000,MHb.1,NA
2,MHb.1,31.06368054318361,1000,MHb.1,NA
3,MHb.1,24.300314820219896,1000,MHb.1,NA
4,MHb.1,20.712241770559107,1000,MHb.1,NA
5,MHb.1,20.917962029620092,1000,MHb.1,NA
1,MHb.2,5.070867621133543,1000,MHb.1,NA
2,MHb.2,2.2297883436053123,1000,MHb.1,NA
3,MHb.2,0.9964368105782192,1000,MHb.1,NA
4,MHb.2,2.502099839898117,1000,MHb.1,NA
5,MHb.2,3.1301576197967607,1000,MHb.1,NA
1,Microglia,-18.63746480636451,1000,MHb.1,NA
2,Microglia,-19.43323342909922,1000,MHb.1,NA
3,Microglia,-12.444449768428866,1000,MHb.1,NA
4,Microglia,-15.076897154772317,1000,MHb.1,NA
5,Microglia,-17.21003118118839,1000,MHb.1,NA
1,Oligo,-8.84520440909144,1000,MHb.1,NA
2,Oligo,-14.213064684627449,1000,MHb.1,NA
3,Oligo,-13.03523109472473,1000,MHb.1,NA
4,Oligo,-9.169397679290993,1000,MHb.1,NA
5,Oligo,-8.72208311465942,1000,MHb.1,NA
1,OPC,-6.226601370325154,1000,MHb.1,NA
2,OPC,-6.948874087785525,1000,MHb.1,NA
3,OPC,-5.165765764183198,1000,MHb.1,NA
4,OPC,-4.895359821030967,1000,MHb.1,NA
5,OPC,-4.986758657299886,1000,MHb.1,NA
1,Astrocyte,-8.863400119380053,5000,MHb.1,NA
2,Astrocyte,-2.648508798761641,5000,MHb.1,NA
3,Astrocyte,-9.782931747095018,5000,MHb.1,NA
4,Astrocyte,-12.012153955047875,5000,MHb.1,NA
5,Astrocyte,-11.328563080331634,5000,MHb.1,NA
1,C17,-0.9972178504230719,5000,MHb.1,NA
2,C17,-0.5749088914275907,5000,MHb.1,NA
3,C17,0.0020197152926782155,5000,MHb.1,NA
4,C17,0.0020197152926782155,5000,MHb.1,NA
5,C17,1.001447457471429,5000,MHb.1,NA
1,Endo,-17.35866661002389,5000,MHb.1,NA
2,Endo,-16.161179966728227,5000,MHb.1,NA
3,Endo,-18.72995475066291,5000,MHb.1,NA
4,Endo,-18.029086606906827,5000,MHb.1,NA
5,Endo,-16.87548324703324,5000,MHb.1,NA
1,Excit.Thal,-12.881106211965646,5000,MHb.1,NA
2,Excit.Thal,-11.192940138362973,5000,MHb.1,NA
3,Excit.Thal,-10.134949739693653,5000,MHb.1,NA
4,Excit.Thal,-13.412333018306006,5000,MHb.1,NA
5,Excit.Thal,-13.33765017467904,5000,MHb.1,NA
1,LHb.4,-52.747613359867806,5000,MHb.1,NA
2,LHb.4,-39.984504934107484,5000,MHb.1,NA
3,LHb.4,-17.83304680168725,5000,MHb.1,NA
4,LHb.4,-34.09758945469656,5000,MHb.1,NA
5,LHb.4,-50.133472615042805,5000,MHb.1,NA
1,LHb.7,-29.916047714100177,5000,MHb.1,NA
2,LHb.7,-25.327992326494687,5000,MHb.1,NA
3,LHb.7,-29.677893976280657,5000,MHb.1,NA
4,LHb.7,-32.88542904959478,5000,MHb.1,NA
5,LHb.7,-28.955371661231112,5000,MHb.1,NA
1,MHb.1,73.86436315619775,5000,MHb.1,NA
2,MHb.1,57.624560088987174,5000,MHb.1,NA
3,MHb.1,49.11220794447389,5000,MHb.1,NA
4,MHb.1,66.36350522278245,5000,MHb.1,NA
5,MHb.1,69.40671793985798,5000,MHb.1,NA
1,MHb.2,22.660421080271107,5000,MHb.1,NA
2,MHb.2,4.91859861612315,5000,MHb.1,NA
3,MHb.2,10.701121307234688,5000,MHb.1,NA
4,MHb.2,19.191652539002256,5000,MHb.1,NA
5,MHb.2,23.38844394917719,5000,MHb.1,NA
1,Microglia,-29.863788593609858,5000,MHb.1,NA
2,Microglia,-25.650054055355653,5000,MHb.1,NA
3,Microglia,-32.030148772446715,5000,MHb.1,NA
4,Microglia,-33.66787734134029,5000,MHb.1,NA
5,Microglia,-29.382605074296762,5000,MHb.1,NA
1,Oligo,-32.354750029501986,5000,MHb.1,NA
2,Oligo,-24.289265880076403,5000,MHb.1,NA
3,Oligo,-22.002442675369746,5000,MHb.1,NA
4,Oligo,-32.05646324923515,5000,MHb.1,NA
5,Oligo,-30.73750374060139,5000,MHb.1,NA
1,OPC,-10.347009045251538,5000,MHb.1,NA
2,OPC,-9.755652272797374,5000,MHb.1,NA
3,OPC,-10.631077394910067,5000,MHb.1,NA
4,OPC,-12.285935135756477,5000,MHb.1,NA
5,OPC,-10.770460925635405,5000,MHb.1,NA
1,Astrocyte,-1.9201279256582886,100,MHb.2,NA
2,Astrocyte,-1.1687499039763978,100,MHb.2,NA
3,Astrocyte,-0.6645528494335602,100,MHb.2,NA
4,Astrocyte,-1.617644031364466,100,MHb.2,NA
5,Astrocyte,-1.1025592039141117,100,MHb.2,NA
1,C17,-0.9954761829052586,100,MHb.2,NA
2,C17,0.003225609535208215,100,MHb.2,NA
3,C17,-0.9954761829052586,100,MHb.2,NA
4,C17,-0.9954761829052586,100,MHb.2,NA
5,C17,-0.5734164997846278,100,MHb.2,NA
1,Endo,-0.4956326661090306,100,MHb.2,NA
2,Endo,-0.0647663303038463,100,MHb.2,NA
3,Endo,0.16986737714897354,100,MHb.2,NA
4,Endo,-0.028726258828501057,100,MHb.2,NA
5,Endo,-0.5314045355775842,100,MHb.2,NA
1,Excit.Thal,-0.3307051956303725,100,MHb.2,NA
2,Excit.Thal,-0.20334289305635944,100,MHb.2,NA
3,Excit.Thal,-0.2458730433259623,100,MHb.2,NA
4,Excit.Thal,-0.3307051956303725,100,MHb.2,NA
5,Excit.Thal,-0.3730078174391995,100,MHb.2,NA
1,LHb.4,-1.1084281508394391,100,MHb.2,NA
2,LHb.4,-1.4412803440680841,100,MHb.2,NA
3,LHb.4,-1.3858913312542678,100,MHb.2,NA
4,LHb.4,-1.6072411734520402,100,MHb.2,NA
5,LHb.4,-1.1362134470799368,100,MHb.2,NA
1,LHb.7,2.0940918923665253,100,MHb.2,NA
2,LHb.7,1.9003224336366844,100,MHb.2,NA
3,LHb.7,1.8864973229152948,100,MHb.2,NA
4,LHb.7,2.427219424811247,100,MHb.2,NA
5,LHb.7,1.9971562631027928,100,MHb.2,NA
1,MHb.1,0.5198621850865522,100,MHb.2,NA
2,MHb.1,0.3618704833983327,100,MHb.2,NA
3,MHb.1,0.33226151490423284,100,MHb.2,NA
4,MHb.1,0.2730572669113642,100,MHb.2,NA
5,MHb.1,0.37174115429404614,100,MHb.2,NA
1,MHb.2,0.9385962193523506,100,MHb.2,NA
2,MHb.2,0.8920422185823337,100,MHb.2,NA
3,MHb.2,0.7524325233980925,100,MHb.2,NA
4,MHb.2,0.9013523205384255,100,MHb.2,NA
5,MHb.2,0.9292847208560048,100,MHb.2,NA
1,Microglia,0.707595775461615,100,MHb.2,NA
2,Microglia,-0.3197849682658555,100,MHb.2,NA
3,Microglia,0.06573896351488684,100,MHb.2,NA
4,Microglia,0.746729504394145,100,MHb.2,NA
5,Microglia,0.3954903627583542,100,MHb.2,NA
1,Oligo,-1.6414000273898846,100,MHb.2,NA
2,Oligo,-1.2927837311427472,100,MHb.2,NA
3,Oligo,-2.5873661692747785,100,MHb.2,NA
4,Oligo,-1.9659627058149316,100,MHb.2,NA
5,Oligo,-2.0090740531266293,100,MHb.2,NA
1,OPC,-0.3848100711064855,100,MHb.2,NA
2,OPC,0.1507840380089787,100,MHb.2,NA
3,OPC,0.535056413290068,100,MHb.2,NA
4,OPC,-0.1189274557180267,100,MHb.2,NA
5,OPC,-0.4901184220215617,100,MHb.2,NA
1,Astrocyte,-3.068825338531869,200,MHb.2,NA
2,Astrocyte,-1.998881419773726,200,MHb.2,NA
3,Astrocyte,-2.743867841326068,200,MHb.2,NA
4,Astrocyte,-2.8999825591065167,200,MHb.2,NA
5,Astrocyte,-2.4831192039619894,200,MHb.2,NA
1,C17,-0.5734164997846278,200,MHb.2,NA
2,C17,-0.9954761829052586,200,MHb.2,NA
3,C17,-0.5734164997846278,200,MHb.2,NA
4,C17,-0.5734164997846278,200,MHb.2,NA
5,C17,0.003225609535208215,200,MHb.2,NA
1,Endo,-1.8408411389380388,200,MHb.2,NA
2,Endo,-0.7990444010836387,200,MHb.2,NA
3,Endo,-1.7707522426056874,200,MHb.2,NA
4,Endo,-1.7005855223870427,200,MHb.2,NA
5,Endo,-0.9235531608941941,200,MHb.2,NA
1,Excit.Thal,-0.9574822144002019,200,MHb.2,NA
2,Excit.Thal,-0.7503824870023034,200,MHb.2,NA
3,Excit.Thal,0.09652695245069765,200,MHb.2,NA
4,Excit.Thal,-1.1628040129317874,200,MHb.2,NA
5,Excit.Thal,-1.927412068630032,200,MHb.2,NA
1,LHb.4,-2.7331398534371605,200,MHb.2,NA
2,LHb.4,-3.6967515420727777,200,MHb.2,NA
3,LHb.4,-2.6921964127027307,200,MHb.2,NA
4,LHb.4,-3.1687162682643017,200,MHb.2,NA
5,LHb.4,-3.3450705654672066,200,MHb.2,NA
1,LHb.7,4.551428287917141,200,MHb.2,NA
2,LHb.7,4.111272398493216,200,MHb.2,NA
3,LHb.7,4.167946825814707,200,MHb.2,NA
4,LHb.7,4.3381827889536595,200,MHb.2,NA
5,LHb.7,4.622621858699197,200,MHb.2,NA
1,MHb.1,0.5001061028454794,200,MHb.2,NA
2,MHb.1,0.6384414820697571,200,MHb.2,NA
3,MHb.1,0.6186731658340682,200,MHb.2,NA
4,MHb.1,0.5989068908045182,200,MHb.2,NA
5,MHb.1,0.47047579654388066,200,MHb.2,NA
1,MHb.2,3.3622475069000624,200,MHb.2,NA
2,MHb.2,3.3434390273918724,200,MHb.2,NA
3,MHb.2,3.3058264877544152,200,MHb.2,NA
4,MHb.2,3.428088796396867,200,MHb.2,NA
5,MHb.2,3.4751293578203772,200,MHb.2,NA
1,Microglia,-0.06948992415037027,200,MHb.2,NA
2,Microglia,-0.9692887776156697,200,MHb.2,NA
3,Microglia,-0.14662033951236808,200,MHb.2,NA
4,Microglia,-0.7790186550904931,200,MHb.2,NA
5,Microglia,-0.37739046122239106,200,MHb.2,NA
1,Oligo,-3.494438493488989,200,MHb.2,NA
2,Oligo,-4.426110990015402,200,MHb.2,NA
3,Oligo,-4.446616636477073,200,MHb.2,NA
4,Oligo,-3.1167760748221025,200,MHb.2,NA
5,Oligo,-4.426110990015402,200,MHb.2,NA
1,OPC,-0.8541339890266001,200,MHb.2,NA
2,OPC,1.1554829455511582,200,MHb.2,NA
3,OPC,-0.1189274557180267,200,MHb.2,NA
4,OPC,0.9274549168816278,200,MHb.2,NA
5,OPC,0.09652940303746828,200,MHb.2,NA
1,Astrocyte,-3.792834605201709,500,MHb.2,NA
2,Astrocyte,-3.224421555798657,500,MHb.2,NA
3,Astrocyte,-3.2762319792630707,500,MHb.2,NA
4,Astrocyte,-1.2348950897715454,500,MHb.2,NA
5,Astrocyte,-2.391691761218318,500,MHb.2,NA
1,C17,-0.5734164997846278,500,MHb.2,NA
2,C17,-0.9954761829052586,500,MHb.2,NA
3,C17,-0.9954761829052586,500,MHb.2,NA
4,C17,-0.9954761829052586,500,MHb.2,NA
5,C17,0.003225609535208215,500,MHb.2,NA
1,Endo,-2.2597521387505024,500,MHb.2,NA
2,Endo,-3.209462302997886,500,MHb.2,NA
3,Endo,-2.0506430201417163,500,MHb.2,NA
4,Endo,-1.3662241930032588,500,MHb.2,NA
5,Endo,-1.9982577190607034,500,MHb.2,NA
1,Excit.Thal,-1.808284097058845,500,MHb.2,NA
2,Excit.Thal,-0.9574822144002019,500,MHb.2,NA
3,Excit.Thal,-1.4877070654518803,500,MHb.2,NA
4,Excit.Thal,-1.6485280185953386,500,MHb.2,NA
5,Excit.Thal,-0.7919463673195548,500,MHb.2,NA
1,LHb.4,-6.081823778437012,500,MHb.2,NA
2,LHb.4,-5.963370791522672,500,MHb.2,NA
3,LHb.4,-6.932853153848098,500,MHb.2,NA
4,LHb.4,-8.765497174953202,500,MHb.2,NA
5,LHb.4,-7.595181875703108,500,MHb.2,NA
1,LHb.7,6.479136530345777,500,MHb.2,NA
2,LHb.7,6.508224339875276,500,MHb.2,NA
3,LHb.7,6.493679251027078,500,MHb.2,NA
4,LHb.7,5.942711558627176,500,MHb.2,NA
5,LHb.7,6.348358446239152,500,MHb.2,NA
1,MHb.1,0.4309758420302449,500,MHb.2,NA
2,MHb.1,0.8956157455842336,500,MHb.2,NA
3,MHb.1,0.6186731658340682,500,MHb.2,NA
4,MHb.1,1.1828734924908357,500,MHb.2,NA
5,MHb.1,0.5890245184659685,500,MHb.2,NA
1,MHb.2,7.651964211775538,500,MHb.2,NA
2,MHb.2,7.67112329139441,500,MHb.2,NA
3,MHb.2,8.477273706108079,500,MHb.2,NA
4,MHb.2,8.064241894610335,500,MHb.2,NA
5,MHb.2,7.872391428226971,500,MHb.2,NA
1,Microglia,-2.5248233126765878,500,MHb.2,NA
2,Microglia,-3.787102894652741,500,MHb.2,NA
3,Microglia,-3.8594530772966023,500,MHb.2,NA
4,Microglia,-2.7278887186425202,500,MHb.2,NA
5,Microglia,-2.4878262772200634,500,MHb.2,NA
1,Oligo,-5.138817811507127,500,MHb.2,NA
2,Oligo,-5.138817811507127,500,MHb.2,NA
3,Oligo,-6.159447195497714,500,MHb.2,NA
4,Oligo,-8.007268667960025,500,MHb.2,NA
5,Oligo,-6.730693250359996,500,MHb.2,NA
1,OPC,-1.7593358165191693,500,MHb.2,NA
2,OPC,-1.7593358165191693,500,MHb.2,NA
3,OPC,-0.5425525275025109,500,MHb.2,NA
4,OPC,-0.1189274557180267,500,MHb.2,NA
5,OPC,-1.008021407385411,500,MHb.2,NA
1,Astrocyte,-3.444426673691078,1000,MHb.2,NA
2,Astrocyte,-3.921561494543359,1000,MHb.2,NA
3,Astrocyte,-3.534873558198771,1000,MHb.2,NA
4,Astrocyte,-3.405638149888453,1000,MHb.2,NA
5,Astrocyte,-2.2216692406628247,1000,MHb.2,NA
1,C17,-0.5734164997846278,1000,MHb.2,NA
2,C17,-0.5734164997846278,1000,MHb.2,NA
3,C17,-0.5734164997846278,1000,MHb.2,NA
4,C17,-1.3366033112051292,1000,MHb.2,NA
5,C17,-0.9954761829052586,1000,MHb.2,NA
1,Endo,-2.9002042628626348,1000,MHb.2,NA
2,Endo,-4.5493836182745095,1000,MHb.2,NA
3,Endo,-2.762273405725118,1000,MHb.2,NA
4,Endo,-3.7215912722981237,1000,MHb.2,NA
5,Endo,-2.329302211914703,1000,MHb.2,NA
1,Excit.Thal,-2.7836117596181618,1000,MHb.2,NA
2,Excit.Thal,-2.6686124013148116,1000,MHb.2,NA
3,Excit.Thal,-1.808284097058845,1000,MHb.2,NA
4,Excit.Thal,-2.2031206508313472,1000,MHb.2,NA
5,Excit.Thal,-1.5280130335265096,1000,MHb.2,NA
1,LHb.4,-8.624799649556316,1000,MHb.2,NA
2,LHb.4,-7.128143671363796,1000,MHb.2,NA
3,LHb.4,-8.791056087783826,1000,MHb.2,NA
4,LHb.4,-10.462945428887886,1000,MHb.2,NA
5,LHb.4,-11.337866747000616,1000,MHb.2,NA
1,LHb.7,5.151204447120806,1000,MHb.2,NA
2,LHb.7,6.522771797895108,1000,MHb.2,NA
3,LHb.7,9.541481238921248,1000,MHb.2,NA
4,LHb.7,8.583279272012497,1000,MHb.2,NA
5,LHb.7,6.668376904003965,1000,MHb.2,NA
1,MHb.1,2.9756777663057523,1000,MHb.2,NA
2,MHb.1,3.7076825683663284,1000,MHb.2,NA
3,MHb.1,1.4110074196029938,1000,MHb.2,NA
4,MHb.1,2.2465359196140904,1000,MHb.2,NA
5,MHb.1,2.0472646833032173,1000,MHb.2,NA
1,MHb.2,12.95455371566791,1000,MHb.2,NA
2,MHb.2,13.327779588270404,1000,MHb.2,NA
3,MHb.2,12.591776947660103,1000,MHb.2,NA
4,MHb.2,13.426106071776177,1000,MHb.2,NA
5,MHb.2,13.445776844532453,1000,MHb.2,NA
1,Microglia,-7.946032575095295,1000,MHb.2,NA
2,Microglia,-6.9071972183628185,1000,MHb.2,NA
3,Microglia,-6.129250501444159,1000,MHb.2,NA
4,Microglia,-7.556422941147474,1000,MHb.2,NA
5,Microglia,-7.709175764758662,1000,MHb.2,NA
1,Oligo,-8.425799285901606,1000,MHb.2,NA
2,Oligo,-12.558449993314996,1000,MHb.2,NA
3,Oligo,-12.523414814811733,1000,MHb.2,NA
4,Oligo,-9.196821444520237,1000,MHb.2,NA
5,Oligo,-8.728058473293782,1000,MHb.2,NA
1,OPC,-2.003364569799183,1000,MHb.2,NA
2,OPC,-3.1794417226510805,1000,MHb.2,NA
3,OPC,-1.954805670756898,1000,MHb.2,NA
4,OPC,-2.717494331497462,1000,MHb.2,NA
5,OPC,-2.1483121463927364,1000,MHb.2,NA
1,Astrocyte,-7.583871554098451,5000,MHb.2,NA
2,Astrocyte,-2.339408848892505,5000,MHb.2,NA
3,Astrocyte,-8.742954183389891,5000,MHb.2,NA
4,Astrocyte,-10.191771390425894,5000,MHb.2,NA
5,Astrocyte,-9.573337876868026,5000,MHb.2,NA
1,C17,-1.3366033112051292,5000,MHb.2,NA
2,C17,-0.9954761829052586,5000,MHb.2,NA
3,C17,0.003225609535208215,5000,MHb.2,NA
4,C17,0.003225609535208215,5000,MHb.2,NA
5,C17,-0.5734164997846278,5000,MHb.2,NA
1,Endo,-6.760614279028393,5000,MHb.2,NA
2,Endo,-5.862071591189749,5000,MHb.2,NA
3,Endo,-6.971212437321586,5000,MHb.2,NA
4,Endo,-6.695679039880613,5000,MHb.2,NA
5,Endo,-5.713855344385315,5000,MHb.2,NA
1,Excit.Thal,-4.977962137960331,5000,MHb.2,NA
2,Excit.Thal,-4.375587655795536,5000,MHb.2,NA
3,Excit.Thal,-4.837518106133536,5000,MHb.2,NA
4,Excit.Thal,-5.872369254701941,5000,MHb.2,NA
5,Excit.Thal,-5.939888018769346,5000,MHb.2,NA
1,LHb.4,-33.293548941494635,5000,MHb.2,NA
2,LHb.4,-25.12528552519879,5000,MHb.2,NA
3,LHb.4,-10.135939174464614,5000,MHb.2,NA
4,LHb.4,-17.21865315834834,5000,MHb.2,NA
5,LHb.4,-32.51889228072912,5000,MHb.2,NA
1,LHb.7,3.2793998728952425,5000,MHb.2,NA
2,LHb.7,7.135917793316669,5000,MHb.2,NA
3,LHb.7,-0.09663791328176503,5000,MHb.2,NA
4,LHb.7,-0.5960018576326276,5000,MHb.2,NA
5,LHb.7,2.343824400376938,5000,MHb.2,NA
1,MHb.1,31.38602868955528,5000,MHb.2,NA
2,MHb.1,16.995354969731423,5000,MHb.2,NA
3,MHb.1,15.268458803183547,5000,MHb.2,NA
4,MHb.1,22.885893268323528,5000,MHb.2,NA
5,MHb.1,27.133561456451645,5000,MHb.2,NA
1,MHb.2,31.849969506634352,5000,MHb.2,NA
2,MHb.2,23.113182079649256,5000,MHb.2,NA
3,MHb.2,25.93086565921687,5000,MHb.2,NA
4,MHb.2,33.52462492524648,5000,MHb.2,NA
5,MHb.2,38.625607141691106,5000,MHb.2,NA
1,Microglia,-12.423557756580816,5000,MHb.2,NA
2,Microglia,-10.44430633892755,5000,MHb.2,NA
3,Microglia,-16.709533337088754,5000,MHb.2,NA
4,Microglia,-18.10714065767148,5000,MHb.2,NA
5,Microglia,-14.006679669346285,5000,MHb.2,NA
1,Oligo,-26.953694301846916,5000,MHb.2,NA
2,Oligo,-21.0633881842193,5000,MHb.2,NA
3,Oligo,-19.0732509980899,5000,MHb.2,NA
4,Oligo,-26.211020626108187,5000,MHb.2,NA
5,Oligo,-27.36257714953508,5000,MHb.2,NA
1,OPC,-5.625542516932824,5000,MHb.2,NA
2,OPC,-4.461078750095449,5000,MHb.2,NA
3,OPC,-5.258460066204372,5000,MHb.2,NA
4,OPC,-7.883924199771337,5000,MHb.2,NA
5,OPC,-5.826678775726059,5000,MHb.2,NA
1,Astrocyte,2.4641575528887847,100,Microglia,NA
2,Astrocyte,2.5752710619111974,100,Microglia,NA
3,Astrocyte,2.7977684603533106,100,Microglia,NA
4,Astrocyte,2.5752710619111974,100,Microglia,NA
5,Astrocyte,2.9871758527545955,100,Microglia,NA
1,C17,0.004167761976654549,100,Microglia,NA
2,C17,0.004167761976654549,100,Microglia,NA
3,C17,0.004167761976654549,100,Microglia,NA
4,C17,0.004167761976654549,100,Microglia,NA
5,C17,0.004167761976654549,100,Microglia,NA
1,Endo,2.19531665752821,100,Microglia,NA
2,Endo,2.081231620200441,100,Microglia,NA
3,Endo,2.5527939889833484,100,Microglia,NA
4,Endo,3.1133980594539974,100,Microglia,NA
5,Endo,2.724903960612234,100,Microglia,NA
1,Excit.Thal,0.020695102437358382,100,Microglia,NA
2,Excit.Thal,0.3053360462764421,100,Microglia,NA
3,Excit.Thal,0.47718909563535244,100,Microglia,NA
4,Excit.Thal,0.3053360462764421,100,Microglia,NA
5,Excit.Thal,0.21971129774945164,100,Microglia,NA
1,LHb.4,-2.356854798223723,100,Microglia,NA
2,LHb.4,-2.5726624689098747,100,Microglia,NA
3,LHb.4,-2.7266341779014827,100,Microglia,NA
4,LHb.4,-3.116040848873409,100,Microglia,NA
5,LHb.4,-2.9726841775392034,100,Microglia,NA
1,LHb.7,0.12482606577509292,100,Microglia,NA
2,LHb.7,0.47288896301429734,100,Microglia,NA
3,LHb.7,-0.24536001213433015,100,Microglia,NA
4,LHb.7,-0.014123957783500472,100,Microglia,NA
5,LHb.7,-0.03726707381403628,100,Microglia,NA
1,MHb.1,-3.7872571407590363,100,Microglia,NA
2,MHb.1,-3.6481261306376496,100,Microglia,NA
3,MHb.1,-4.645441826124135,100,Microglia,NA
4,MHb.1,-4.4233299082923025,100,Microglia,NA
5,MHb.1,-4.153335202588768,100,Microglia,NA
1,MHb.2,-0.6060005739496866,100,Microglia,NA
2,MHb.2,-1.5560196814012586,100,Microglia,NA
3,MHb.2,-0.37869445606226204,100,Microglia,NA
4,MHb.2,-0.9778576476192085,100,Microglia,NA
5,MHb.2,-0.9455994327380953,100,Microglia,NA
1,Microglia,1.4317998554271882,100,Microglia,NA
2,Microglia,1.3260877376997395,100,Microglia,NA
3,Microglia,1.1970092477651892,100,Microglia,NA
4,Microglia,1.4670577625860113,100,Microglia,NA
5,Microglia,1.6435017120731403,100,Microglia,NA
1,Oligo,-2.6751219916547404,100,Microglia,NA
2,Oligo,-2.003937676680211,100,Microglia,NA
3,Oligo,-2.1463014520827612,100,Microglia,NA
4,Oligo,-2.133367814795244,100,Microglia,NA
5,Oligo,-2.636523910409353,100,Microglia,NA
1,OPC,0.9281497523526814,100,Microglia,NA
2,OPC,0.6803210489089561,100,Microglia,NA
3,OPC,0.3424820827906713,100,Microglia,NA
4,OPC,0.7421087291385594,100,Microglia,NA
5,OPC,0.6494693168565697,100,Microglia,NA
1,Astrocyte,3.4898197605019474,200,Microglia,NA
2,Astrocyte,3.5010107021279295,200,Microglia,NA
3,Astrocyte,4.6247919070026136,200,Microglia,NA
4,Astrocyte,4.500718074579979,200,Microglia,NA
5,Astrocyte,4.174159735932624,200,Microglia,NA
1,C17,0.004167761976654549,200,Microglia,NA
2,C17,-0.572263300323041,200,Microglia,NA
3,C17,-0.572263300323041,200,Microglia,NA
4,C17,-0.572263300323041,200,Microglia,NA
5,C17,-0.9941448071170216,200,Microglia,NA
1,Endo,4.391804747682375,200,Microglia,NA
2,Endo,4.8614106927378495,200,Microglia,NA
3,Endo,5.126695415214926,200,Microglia,NA
4,Endo,5.3631946042061,200,Microglia,NA
5,Endo,5.141457520174475,200,Microglia,NA
1,Excit.Thal,0.21971129774945164,200,Microglia,NA
2,Excit.Thal,0.27677220393097013,200,Microglia,NA
3,Excit.Thal,0.39116161426115953,200,Microglia,NA
4,Excit.Thal,0.9685458104128994,200,Microglia,NA
5,Excit.Thal,0.162739162156285,200,Microglia,NA
1,LHb.4,-3.749390045173829,200,Microglia,NA
2,LHb.4,-4.014257712463872,200,Microglia,NA
3,LHb.4,-3.7595852049950143,200,Microglia,NA
4,LHb.4,-5.0593615098819065,200,Microglia,NA
5,LHb.4,-4.502122114561916,200,Microglia,NA
1,LHb.7,-0.18759159534313352,200,Microglia,NA
2,LHb.7,0.5309954087043772,200,Microglia,NA
3,LHb.7,0.15958807403485845,200,Microglia,NA
4,LHb.7,0.5891293773486286,200,Microglia,NA
5,LHb.7,0.20595269194995813,200,Microglia,NA
1,MHb.1,-8.191587899496149,200,Microglia,NA
2,MHb.1,-8.630286382795683,200,Microglia,NA
3,MHb.1,-8.810384525440167,200,Microglia,NA
4,MHb.1,-7.667705658484676,200,Microglia,NA
5,MHb.1,-8.630286382795683,200,Microglia,NA
1,MHb.2,-2.4303864935351425,200,Microglia,NA
2,MHb.2,-1.8911299685780079,200,Microglia,NA
3,MHb.2,-2.792895653097211,200,Microglia,NA
4,MHb.2,-3.4657811705142145,200,Microglia,NA
5,MHb.2,-2.6512616072985185,200,Microglia,NA
1,Microglia,4.357910514323629,200,Microglia,NA
2,Microglia,4.611066077476637,200,Microglia,NA
3,Microglia,4.671421360954528,200,Microglia,NA
4,Microglia,4.538680489331635,200,Microglia,NA
5,Microglia,4.719727849378276,200,Microglia,NA
1,Oligo,-4.396659836911567,200,Microglia,NA
2,Oligo,-5.553087066942051,200,Microglia,NA
3,Oligo,-6.238151622597556,200,Microglia,NA
4,Oligo,-5.2652238609905,200,Microglia,NA
5,Oligo,-5.152357653938838,200,Microglia,NA
1,OPC,1.6191873531442218,200,Microglia,NA
2,OPC,0.9592560871228399,200,Microglia,NA
3,OPC,0.8660226056871444,200,Microglia,NA
4,OPC,1.209141027367153,200,Microglia,NA
5,OPC,1.240506843857095,200,Microglia,NA
1,Astrocyte,4.794167749370369,500,Microglia,NA
2,Astrocyte,5.780781968949514,500,Microglia,NA
3,Astrocyte,6.442594735233202,500,Microglia,NA
4,Astrocyte,4.839370640864724,500,Microglia,NA
5,Astrocyte,4.3654947637214825,500,Microglia,NA
1,C17,-0.9941448071170216,500,Microglia,NA
2,C17,-0.572263300323041,500,Microglia,NA
3,C17,0.004167761976654549,500,Microglia,NA
4,C17,-0.9941448071170216,500,Microglia,NA
5,C17,-0.9941448071170216,500,Microglia,NA
1,Endo,5.437234658161574,500,Microglia,NA
2,Endo,7.643268301344018,500,Microglia,NA
3,Endo,6.495587890865356,500,Microglia,NA
4,Endo,5.76377413724212,500,Microglia,NA
5,Endo,5.111935849764754,500,Microglia,NA
1,Excit.Thal,1.0559479956896665,500,Microglia,NA
2,Excit.Thal,1.1435607800972158,500,Microglia,NA
3,Excit.Thal,1.2020868815487724,500,Microglia,NA
4,Excit.Thal,1.3194228490089233,500,Microglia,NA
5,Excit.Thal,0.7654198553270655,500,Microglia,NA
1,LHb.4,-5.089702403701217,500,Microglia,NA
2,LHb.4,-5.18069175074161,500,Microglia,NA
3,LHb.4,-4.998663032029634,500,Microglia,NA
4,LHb.4,-4.349820148450785,500,Microglia,NA
5,LHb.4,-4.390447803149206,500,Microglia,NA
1,LHb.7,3.6152512772246337,500,Microglia,NA
2,LHb.7,2.9019551498896323,500,Microglia,NA
3,LHb.7,2.511438271818951,500,Microglia,NA
4,LHb.7,2.7242906273481036,500,Microglia,NA
5,LHb.7,3.48416235985685,500,Microglia,NA
1,MHb.1,-16.319936680581318,500,Microglia,NA
2,MHb.1,-19.319822658512518,500,Microglia,NA
3,MHb.1,-19.709237781895315,500,Microglia,NA
4,MHb.1,-18.901386008512727,500,Microglia,NA
5,MHb.1,-15.876570268929438,500,Microglia,NA
1,MHb.2,-6.755028128515151,500,Microglia,NA
2,MHb.2,-6.71033488863196,500,Microglia,NA
3,MHb.2,-7.878417400068334,500,Microglia,NA
4,MHb.2,-6.2619170507514434,500,Microglia,NA
5,MHb.2,-6.9038120001814,500,Microglia,NA
1,Microglia,8.77555501343459,500,Microglia,NA
2,Microglia,8.288746237053278,500,Microglia,NA
3,Microglia,8.563101736675856,500,Microglia,NA
4,Microglia,8.42584186048791,500,Microglia,NA
5,Microglia,8.351042103241396,500,Microglia,NA
1,Oligo,-7.3247491315147935,500,Microglia,NA
2,Oligo,-7.533336511735164,500,Microglia,NA
3,Oligo,-6.002016108655719,500,Microglia,NA
4,Oligo,-6.486123957133714,500,Microglia,NA
5,Oligo,-6.684067916098391,500,Microglia,NA
1,OPC,2.1630484927357223,500,Microglia,NA
2,OPC,2.389578504121404,500,Microglia,NA
3,OPC,1.7463654605516337,500,Microglia,NA
4,OPC,2.1308117006517526,500,Microglia,NA
5,OPC,1.7463654605516337,500,Microglia,NA
1,Astrocyte,5.201541909093502,1000,Microglia,NA
2,Astrocyte,6.671572061367715,1000,Microglia,NA
3,Astrocyte,6.992806514009574,1000,Microglia,NA
4,Astrocyte,7.188223112995497,1000,Microglia,NA
5,Astrocyte,5.871871286036527,1000,Microglia,NA
1,C17,1.002960037376238,1000,Microglia,NA
2,C17,0.004167761976654549,1000,Microglia,NA
3,C17,0.004167761976654549,1000,Microglia,NA
4,C17,-0.572263300323041,1000,Microglia,NA
5,C17,-1.3351147789356044,1000,Microglia,NA
1,Endo,8.1923958060076,1000,Microglia,NA
2,Endo,9.00741965373701,1000,Microglia,NA
3,Endo,6.420624273065549,1000,Microglia,NA
4,Endo,7.71932237242711,1000,Microglia,NA
5,Endo,7.597668741132441,1000,Microglia,NA
1,Excit.Thal,2.972669995742631,1000,Microglia,NA
2,Excit.Thal,2.6358891899550225,1000,Microglia,NA
3,Excit.Thal,2.272059891199176,1000,Microglia,NA
4,Excit.Thal,1.3782334207997717,1000,Microglia,NA
5,Excit.Thal,2.423208212144379,1000,Microglia,NA
1,LHb.4,-5.4029002012604,1000,Microglia,NA
2,LHb.4,-4.502122114561916,1000,Microglia,NA
3,LHb.4,-4.207544161086998,1000,Microglia,NA
4,LHb.4,-4.7556460204895865,1000,Microglia,NA
5,LHb.4,-4.654283255763151,1000,Microglia,NA
1,LHb.7,8.421534171846247,1000,Microglia,NA
2,LHb.7,9.019327164064986,1000,Microglia,NA
3,LHb.7,7.272041329710026,1000,Microglia,NA
4,LHb.7,4.837711535514441,1000,Microglia,NA
5,LHb.7,5.914762798061307,1000,Microglia,NA
1,MHb.1,-30.456771414773165,1000,Microglia,NA
2,MHb.1,-40.56689218757177,1000,Microglia,NA
3,MHb.1,-35.24261013933956,1000,Microglia,NA
4,MHb.1,-29.551049500582685,1000,Microglia,NA
5,MHb.1,-28.070454000515443,1000,Microglia,NA
1,MHb.2,-14.386384059179385,1000,Microglia,NA
2,MHb.2,-10.912426978299132,1000,Microglia,NA
3,MHb.2,-7.819710185205742,1000,Microglia,NA
4,MHb.2,-10.346452327704029,1000,Microglia,NA
5,MHb.2,-12.91635345623277,1000,Microglia,NA
1,Microglia,14.089933475015158,1000,Microglia,NA
2,Microglia,13.736371521794403,1000,Microglia,NA
3,Microglia,11.215787928352517,1000,Microglia,NA
4,Microglia,11.215787928352517,1000,Microglia,NA
5,Microglia,12.747188638975572,1000,Microglia,NA
1,Oligo,-5.653021345863965,1000,Microglia,NA
2,Oligo,-3.6606866759339822,1000,Microglia,NA
3,Oligo,-4.976536098426237,1000,Microglia,NA
4,Oligo,-5.18999377607283,1000,Microglia,NA
5,Oligo,-5.615557569193788,1000,Microglia,NA
1,OPC,3.6468842262399193,1000,Microglia,NA
2,OPC,4.156600595759406,1000,Microglia,NA
3,OPC,2.7486825221891937,1000,Microglia,NA
4,OPC,2.9461978662242263,1000,Microglia,NA
5,OPC,3.04539628198894,1000,Microglia,NA
1,Astrocyte,11.860914270172957,5000,Microglia,NA
2,Astrocyte,7.303309324851318,5000,Microglia,NA
3,Astrocyte,12.23116040868832,5000,Microglia,NA
4,Astrocyte,13.59000919379438,5000,Microglia,NA
5,Astrocyte,12.38674678357915,5000,Microglia,NA
1,C17,1.002960037376238,5000,Microglia,NA
2,C17,-0.572263300323041,5000,Microglia,NA
3,C17,-0.9941448071170216,5000,Microglia,NA
4,C17,-0.572263300323041,5000,Microglia,NA
5,C17,-1.3351147789356044,5000,Microglia,NA
1,Endo,11.59701568435367,5000,Microglia,NA
2,Endo,11.48549308181563,5000,Microglia,NA
3,Endo,12.639872892345542,5000,Microglia,NA
4,Endo,12.833859399045238,5000,Microglia,NA
5,Endo,12.478567956921637,5000,Microglia,NA
1,Excit.Thal,5.721683997315765,5000,Microglia,NA
2,Excit.Thal,4.192966561792199,5000,Microglia,NA
3,Excit.Thal,4.641447045245996,5000,Microglia,NA
4,Excit.Thal,6.6650659159451955,5000,Microglia,NA
5,Excit.Thal,5.063049319936335,5000,Microglia,NA
1,LHb.4,-5.069475758979471,5000,Microglia,NA
2,LHb.4,-7.658707907812151,5000,Microglia,NA
3,LHb.4,-9.589829590226318,5000,Microglia,NA
4,LHb.4,-0.7964752143867477,5000,Microglia,NA
5,LHb.4,0.9158430847467625,5000,Microglia,NA
1,LHb.7,17.847603057577512,5000,Microglia,NA
2,LHb.7,15.24330785080643,5000,Microglia,NA
3,LHb.7,17.793550675174252,5000,Microglia,NA
4,LHb.7,17.834087431035595,5000,Microglia,NA
5,LHb.7,16.344216713655722,5000,Microglia,NA
1,MHb.1,-61.44359121370443,5000,Microglia,NA
2,MHb.1,-51.68806090623024,5000,Microglia,NA
3,MHb.1,-52.34891795303551,5000,Microglia,NA
4,MHb.1,-62.91779399845774,5000,Microglia,NA
5,MHb.1,-59.49957663853653,5000,Microglia,NA
1,MHb.2,-23.394241070116447,5000,Microglia,NA
2,MHb.2,-16.449909583743224,5000,Microglia,NA
3,MHb.2,-26.334258044913955,5000,Microglia,NA
4,MHb.2,-30.253802139910004,5000,Microglia,NA
5,MHb.2,-28.45219993674117,5000,Microglia,NA
1,Microglia,25.58209796142813,5000,Microglia,NA
2,Microglia,21.597115666874785,5000,Microglia,NA
3,Microglia,24.853990514857003,5000,Microglia,NA
4,Microglia,25.845482609098283,5000,Microglia,NA
5,Microglia,23.07009397069364,5000,Microglia,NA
1,Oligo,4.588359221312306,5000,Microglia,NA
2,Oligo,0.1965487078719055,5000,Microglia,NA
3,Oligo,1.4768214060758278,5000,Microglia,NA
4,Oligo,5.382617444250584,5000,Microglia,NA
5,Oligo,2.9379437806763393,5000,Microglia,NA
1,OPC,7.850498379457472,5000,Microglia,NA
2,OPC,6.241871273128712,5000,Microglia,NA
3,OPC,7.5831066737379,5000,Microglia,NA
4,OPC,8.31412292948108,5000,Microglia,NA
5,OPC,6.793980842155426,5000,Microglia,NA
1,Astrocyte,0.6001675547550824,100,Oligo,NA
2,Astrocyte,-0.14577345817192006,100,Oligo,NA
3,Astrocyte,-0.36300924488670144,100,Oligo,NA
4,Astrocyte,-0.008384391797513812,100,Oligo,NA
5,Astrocyte,0.876684983655879,100,Oligo,NA
1,C17,0.5816154796200559,100,Oligo,NA
2,C17,0.004904914202076027,100,Oligo,NA
3,C17,0.004904914202076027,100,Oligo,NA
4,C17,0.5816154796200559,100,Oligo,NA
5,C17,0.004904914202076027,100,Oligo,NA
1,Endo,-1.1439333031205001,100,Oligo,NA
2,Endo,-0.04445578456147046,100,Oligo,NA
3,Endo,-1.5068013480719689,100,Oligo,NA
4,Endo,-1.9618043260328188,100,Oligo,NA
5,Endo,-2.1492667284906677,100,Oligo,NA
1,Excit.Thal,0.11049380508299911,100,Oligo,NA
2,Excit.Thal,-0.016013895024759965,100,Oligo,NA
3,Excit.Thal,0.4289233896985585,100,Oligo,NA
4,Excit.Thal,-0.8266282615706361,100,Oligo,NA
5,Excit.Thal,-0.6103450447758431,100,Oligo,NA
1,LHb.4,-0.9928748439755775,100,Oligo,NA
2,LHb.4,-1.1037213998371027,100,Oligo,NA
3,LHb.4,-1.254767515477604,100,Oligo,NA
4,LHb.4,-1.0734971933050261,100,Oligo,NA
5,LHb.4,-0.8920467855464352,100,Oligo,NA
1,LHb.7,-0.46617386940619054,100,Oligo,NA
2,LHb.7,0.08721174552491623,100,Oligo,NA
3,LHb.7,-0.5046713595247849,100,Oligo,NA
4,LHb.7,-0.9144201662156158,100,Oligo,NA
5,LHb.7,-1.1441922580935144,100,Oligo,NA
1,MHb.1,-2.440619422199683,100,Oligo,NA
2,MHb.1,-1.2296672351300795,100,Oligo,NA
3,MHb.1,-0.7350176992615179,100,Oligo,NA
4,MHb.1,-0.46038639379454505,100,Oligo,NA
5,MHb.1,-1.5387084533989033,100,Oligo,NA
1,MHb.2,-0.461517348853812,100,Oligo,NA
2,MHb.2,-1.42244558690767,100,Oligo,NA
3,MHb.2,-0.6289401285492525,100,Oligo,NA
4,MHb.2,0.08117754790492972,100,Oligo,NA
5,MHb.2,-0.14398618892050458,100,Oligo,NA
1,Microglia,-0.19139609893243942,100,Oligo,NA
2,Microglia,0.1543587784603472,100,Oligo,NA
3,Microglia,0.461247591720684,100,Oligo,NA
4,Microglia,0.3143536114995068,100,Oligo,NA
5,Microglia,0.034535302971300884,100,Oligo,NA
1,Oligo,2.7787939682657687,100,Oligo,NA
2,Oligo,2.560024612801294,100,Oligo,NA
3,Oligo,3.1295017272785097,100,Oligo,NA
4,Oligo,3.448055057703425,100,Oligo,NA
5,Oligo,3.195352619302119,100,Oligo,NA
1,OPC,-0.42649814911450407,100,Oligo,NA
2,OPC,-0.8537853457027426,100,Oligo,NA
3,OPC,0.1076716682490913,100,Oligo,NA
4,OPC,-0.2605659783139354,100,Oligo,NA
5,OPC,0.04038960789266014,100,Oligo,NA
1,Astrocyte,0.6462125894401347,200,Oligo,NA
2,Astrocyte,0.06036476999893136,200,Oligo,NA
3,Astrocyte,0.519628287157073,200,Oligo,NA
4,Astrocyte,0.4046593218382115,200,Oligo,NA
5,Astrocyte,0.6462125894401347,200,Oligo,NA
1,C17,0.004904914202076027,200,Oligo,NA
2,C17,0.004904914202076027,200,Oligo,NA
3,C17,-0.44175134093175017,200,Oligo,NA
4,C17,0.5816154796200559,200,Oligo,NA
5,C17,-0.44175134093175017,200,Oligo,NA
1,Endo,-2.289553391303546,200,Oligo,NA
2,Endo,-2.9098684995012607,200,Oligo,NA
3,Endo,-2.1804644576701935,200,Oligo,NA
4,Endo,-2.3051244538569327,200,Oligo,NA
5,Endo,-1.5697270820722973,200,Oligo,NA
1,Excit.Thal,-0.8881636928850855,200,Oligo,NA
2,Excit.Thal,-0.6103450447758431,200,Oligo,NA
3,Excit.Thal,-0.33016104425191306,200,Oligo,NA
4,Excit.Thal,-1.3763648159067021,200,Oligo,NA
5,Excit.Thal,-0.39263096259699837,200,Oligo,NA
1,LHb.4,-3.1872634940293967,200,Oligo,NA
2,LHb.4,-2.8083602875105256,200,Oligo,NA
3,LHb.4,-3.5256332250302846,200,Oligo,NA
4,LHb.4,-3.774046329950175,200,Oligo,NA
5,LHb.4,-3.545518346366552,200,Oligo,NA
1,LHb.7,-1.0931758328903973,200,Oligo,NA
2,LHb.7,-1.6656696321594635,200,Oligo,NA
3,LHb.7,-1.881127416689238,200,Oligo,NA
4,LHb.7,-1.3480073027136497,200,Oligo,NA
5,LHb.7,-1.7671170413103583,200,Oligo,NA
1,MHb.1,-4.452042786965731,200,Oligo,NA
2,MHb.1,-2.440619422199683,200,Oligo,NA
3,MHb.1,-3.588997252208068,200,Oligo,NA
4,MHb.1,-4.52890769900299,200,Oligo,NA
5,MHb.1,-5.172103122065932,200,Oligo,NA
1,MHb.2,-1.5140361817139816,200,Oligo,NA
2,MHb.2,-1.4041107093119796,200,Oligo,NA
3,MHb.2,-0.8884466642875155,200,Oligo,NA
4,MHb.2,-1.2939837799879892,200,Oligo,NA
5,MHb.2,-1.5140361817139816,200,Oligo,NA
1,Microglia,-0.018672223441922545,200,Oligo,NA
2,Microglia,-0.19139609893243942,200,Oligo,NA
3,Microglia,-0.45652888832004285,200,Oligo,NA
4,Microglia,0.6083644908290239,200,Oligo,NA
5,Microglia,0.16768162014267962,200,Oligo,NA
1,Oligo,7.892306652552573,200,Oligo,NA
2,Oligo,8.494736808284713,200,Oligo,NA
3,Oligo,8.50612832394766,200,Oligo,NA
4,Oligo,8.73415362350052,200,Oligo,NA
5,Oligo,8.289847762910313,200,Oligo,NA
1,OPC,-0.2605659783139354,200,Oligo,NA
2,OPC,-0.49262129128485277,200,Oligo,NA
3,OPC,-0.060257299662555254,200,Oligo,NA
4,OPC,-0.7557044052749552,200,Oligo,NA
5,OPC,-0.3270463161576691,200,Oligo,NA
1,Astrocyte,1.315724326749858,500,Oligo,NA
2,Astrocyte,1.6285898275654498,500,Oligo,NA
3,Astrocyte,1.5010337258288011,500,Oligo,NA
4,Astrocyte,0.9689896583218475,500,Oligo,NA
5,Astrocyte,1.0613606810450913,500,Oligo,NA
1,C17,0.004904914202076027,500,Oligo,NA
2,C17,-0.8105361588296196,500,Oligo,NA
3,C17,-0.44175134093175017,500,Oligo,NA
4,C17,-0.44175134093175017,500,Oligo,NA
5,C17,-0.44175134093175017,500,Oligo,NA
1,Endo,-2.1024455294892777,500,Oligo,NA
2,Endo,-1.6325992674827605,500,Oligo,NA
3,Endo,-2.367376097590002,500,Oligo,NA
4,Endo,-3.4331129305953145,500,Oligo,NA
5,Endo,-3.5250718309374385,500,Oligo,NA
1,Excit.Thal,-1.6478494485009554,500,Oligo,NA
2,Excit.Thal,-2.0064155742010743,500,Oligo,NA
3,Excit.Thal,0.2056969341332414,500,Oligo,NA
4,Excit.Thal,-0.45498227311842643,500,Oligo,NA
5,Excit.Thal,-0.6413297415012756,500,Oligo,NA
1,LHb.4,-5.1493121624442875,500,Oligo,NA
2,LHb.4,-4.961911011153501,500,Oligo,NA
3,LHb.4,-4.635987504651389,500,Oligo,NA
4,LHb.4,-5.100013845866932,500,Oligo,NA
5,LHb.4,-5.749735341563471,500,Oligo,NA
1,LHb.7,-1.9191031843064215,500,Oligo,NA
2,LHb.7,-0.7993425037753616,500,Oligo,NA
3,LHb.7,0.38443758398849825,500,Oligo,NA
4,LHb.7,-1.2461498413443342,500,Oligo,NA
5,LHb.7,-1.016604053948459,500,Oligo,NA
1,MHb.1,-9.803387627966794,500,Oligo,NA
2,MHb.1,-12.296256584473255,500,Oligo,NA
3,MHb.1,-13.738967562515159,500,Oligo,NA
4,MHb.1,-11.873364789418275,500,Oligo,NA
5,MHb.1,-9.555757545918425,500,Oligo,NA
1,MHb.2,-4.2692620510237616,500,Oligo,NA
2,MHb.2,-6.384341527419341,500,Oligo,NA
3,MHb.2,-8.381144108132672,500,Oligo,NA
4,MHb.2,-4.234265685996368,500,Oligo,NA
5,MHb.2,-3.0323365489566623,500,Oligo,NA
1,Microglia,0.9301251180310264,500,Oligo,NA
2,Microglia,2.119190959444073,500,Oligo,NA
3,Microglia,2.0240652710972347,500,Oligo,NA
4,Microglia,1.428283252766278,500,Oligo,NA
5,Microglia,0.7557052442541751,500,Oligo,NA
1,Oligo,13.16331596937476,500,Oligo,NA
2,Oligo,12.6340269460481,500,Oligo,NA
3,Oligo,13.198675868774325,500,Oligo,NA
4,Oligo,13.706525402722356,500,Oligo,NA
5,Oligo,13.316609321329812,500,Oligo,NA
1,OPC,-0.22727180624956878,500,Oligo,NA
2,OPC,0.2765267016600237,500,Oligo,NA
3,OPC,0.006803907139013615,500,Oligo,NA
4,OPC,-0.060257299662555254,500,Oligo,NA
5,OPC,-0.42649814911450407,500,Oligo,NA
1,Astrocyte,1.2463023710357342,1000,Oligo,NA
2,Astrocyte,2.1866953206680937,1000,Oligo,NA
3,Astrocyte,1.616988556602012,1000,Oligo,NA
4,Astrocyte,2.4783477049410543,1000,Oligo,NA
5,Astrocyte,2.9463918614815783,1000,Oligo,NA
1,C17,-0.8105361588296196,1000,Oligo,NA
2,C17,-0.44175134093175017,1000,Oligo,NA
3,C17,-0.44175134093175017,1000,Oligo,NA
4,C17,0.004904914202076027,1000,Oligo,NA
5,C17,-0.8105361588296196,1000,Oligo,NA
1,Endo,-0.9697539261369469,1000,Oligo,NA
2,Endo,-0.25286896751354326,1000,Oligo,NA
3,Endo,-2.6623620195357547,1000,Oligo,NA
4,Endo,-1.3965521095765405,1000,Oligo,NA
5,Endo,-2.039971259663176,1000,Oligo,NA
1,Excit.Thal,-0.33016104425191306,1000,Oligo,NA
2,Excit.Thal,0.39694019585097734,1000,Oligo,NA
3,Excit.Thal,-0.14203439086450786,1000,Oligo,NA
4,Excit.Thal,-0.8881636928850855,1000,Oligo,NA
5,Excit.Thal,-0.9188884251828148,1000,Oligo,NA
1,LHb.4,-8.404734318590899,1000,Oligo,NA
2,LHb.4,-6.289504463042006,1000,Oligo,NA
3,LHb.4,-5.562919019104198,1000,Oligo,NA
4,LHb.4,-4.299603271169874,1000,Oligo,NA
5,LHb.4,-6.397278382864142,1000,Oligo,NA
1,LHb.7,2.9266309680516915,1000,Oligo,NA
2,LHb.7,2.7410172035947964,1000,Oligo,NA
3,LHb.7,0.35855759983084495,1000,Oligo,NA
4,LHb.7,-0.8377159583714218,1000,Oligo,NA
5,LHb.7,0.19049691368689953,1000,Oligo,NA
1,MHb.1,-20.863391040017405,1000,Oligo,NA
2,MHb.1,-31.61541122193667,1000,Oligo,NA
3,MHb.1,-23.86506139476071,1000,Oligo,NA
4,MHb.1,-20.71733477886494,1000,Oligo,NA
5,MHb.1,-19.91251021675303,1000,Oligo,NA
1,MHb.2,-12.228076777260165,1000,Oligo,NA
2,MHb.2,-11.451681049755615,1000,Oligo,NA
3,MHb.2,-6.2997506615223715,1000,Oligo,NA
4,MHb.2,-9.581944712007934,1000,Oligo,NA
5,MHb.2,-10.078389324846503,1000,Oligo,NA
1,Microglia,5.032174977913304,1000,Oligo,NA
2,Microglia,5.933851952502215,1000,Oligo,NA
3,Microglia,2.391500988580707,1000,Oligo,NA
4,Microglia,3.488587985225447,1000,Oligo,NA
5,Microglia,4.766154460982314,1000,Oligo,NA
1,Oligo,18.183069455879654,1000,Oligo,NA
2,Oligo,19.933184247153605,1000,Oligo,NA
3,Oligo,17.816341055288916,1000,Oligo,NA
4,Oligo,15.361499984320275,1000,Oligo,NA
5,Oligo,15.82957472737881,1000,Oligo,NA
1,OPC,1.9470775400254485,1000,Oligo,NA
2,OPC,1.8042882950317058,1000,Oligo,NA
3,OPC,1.2048608919967994,1000,Oligo,NA
4,OPC,1.1003015219311292,1000,Oligo,NA
5,OPC,1.0655283650059897,1000,Oligo,NA
1,Astrocyte,8.545102737443205,5000,Oligo,NA
2,Astrocyte,3.2515528371299056,5000,Oligo,NA
3,Astrocyte,8.557370316372975,5000,Oligo,NA
4,Astrocyte,9.666607322582093,5000,Oligo,NA
5,Astrocyte,9.72853346141425,5000,Oligo,NA
1,C17,0.5816154796200559,5000,Oligo,NA
2,C17,-0.8105361588296196,5000,Oligo,NA
3,C17,0.004904914202076027,5000,Oligo,NA
4,C17,-0.8105361588296196,5000,Oligo,NA
5,C17,-1.1274801600061422,5000,Oligo,NA
1,Endo,2.8711056785202906,5000,Oligo,NA
2,Endo,2.5209349407306583,5000,Oligo,NA
3,Endo,3.189410877021277,5000,Oligo,NA
4,Endo,2.787576206179266,5000,Oligo,NA
5,Endo,2.4876744400774653,5000,Oligo,NA
1,Excit.Thal,2.8189899972719994,5000,Oligo,NA
2,Excit.Thal,0.5893121112795163,5000,Oligo,NA
3,Excit.Thal,1.1406314939547608,5000,Oligo,NA
4,Excit.Thal,2.6128887096015165,5000,Oligo,NA
5,Excit.Thal,2.3401377654261695,5000,Oligo,NA
1,LHb.4,3.0438079328635617,5000,Oligo,NA
2,LHb.4,-3.485856669741519,5000,Oligo,NA
3,LHb.4,-10.305789013657703,5000,Oligo,NA
4,LHb.4,-0.9223010572240694,5000,Oligo,NA
5,LHb.4,3.65320595130885,5000,Oligo,NA
1,LHb.7,8.088272285740072,5000,Oligo,NA
2,LHb.7,4.815506760012619,5000,Oligo,NA
3,LHb.7,10.166324127626341,5000,Oligo,NA
4,LHb.7,9.895181823777992,5000,Oligo,NA
5,LHb.7,8.438526421319898,5000,Oligo,NA
1,MHb.1,-57.6474964627655,5000,Oligo,NA
2,MHb.1,-45.739420132830496,5000,Oligo,NA
3,MHb.1,-44.814886912058846,5000,Oligo,NA
4,MHb.1,-55.664452519333395,5000,Oligo,NA
5,MHb.1,-55.303758827516106,5000,Oligo,NA
1,MHb.2,-29.96530547628853,5000,Oligo,NA
2,MHb.2,-17.396073716160593,5000,Oligo,NA
3,MHb.2,-25.0786334352438,5000,Oligo,NA
4,MHb.2,-32.59418976385668,5000,Oligo,NA
5,MHb.2,-33.82620072316242,5000,Oligo,NA
1,Microglia,12.76529403506967,5000,Oligo,NA
2,Microglia,9.808169800211274,5000,Oligo,NA
3,Microglia,14.24263263720497,5000,Oligo,NA
4,Microglia,15.603189451610792,5000,Oligo,NA
5,Microglia,13.132326385182449,5000,Oligo,NA
1,Oligo,31.510778171890074,5000,Oligo,NA
2,Oligo,25.683401059154146,5000,Oligo,NA
3,Oligo,25.164858271758412,5000,Oligo,NA
4,Oligo,31.538045771470873,5000,Oligo,NA
5,Oligo,30.641496576415065,5000,Oligo,NA
1,OPC,4.524074601980131,5000,Oligo,NA
2,OPC,3.189038505164557,5000,Oligo,NA
3,OPC,4.99606557902204,5000,Oligo,NA
4,OPC,5.274939947101202,5000,Oligo,NA
5,OPC,4.174982578072905,5000,Oligo,NA
1,Astrocyte,0.9510713038089995,100,OPC,NA
2,Astrocyte,1.4629325642932214,100,OPC,NA
3,Astrocyte,0.9510713038089995,100,OPC,NA
4,Astrocyte,1.68568592454019,100,OPC,NA
5,Astrocyte,1.497164802353095,100,OPC,NA
1,C17,-0.9923321671737794,100,OPC,NA
2,C17,-0.9923321671737794,100,OPC,NA
3,C17,NA,100,OPC,NA
4,C17,-0.9923321671737794,100,OPC,NA
5,C17,-0.9923321671737794,100,OPC,NA
1,Endo,-0.22645695872859387,100,OPC,NA
2,Endo,-0.13580092940299193,100,OPC,NA
3,Endo,-0.022258137813198586,100,OPC,NA
4,Endo,0.6642734160983311,100,OPC,NA
5,Endo,-0.3395554070883466,100,OPC,NA
1,Excit.Thal,0.6425294925721151,100,OPC,NA
2,Excit.Thal,-0.04454532698670215,100,OPC,NA
3,Excit.Thal,-0.0843995206326061,100,OPC,NA
4,Excit.Thal,0.6425294925721151,100,OPC,NA
5,Excit.Thal,0.3979419110528849,100,OPC,NA
1,LHb.4,1.5265586850634782,100,OPC,NA
2,LHb.4,1.2087665140945456,100,OPC,NA
3,LHb.4,0.4657894639702444,100,OPC,NA
4,LHb.4,0.13553254036123208,100,OPC,NA
5,LHb.4,0.04136501829179154,100,OPC,NA
1,LHb.7,-0.5511022247475408,100,OPC,NA
2,LHb.7,0.25328901959094996,100,OPC,NA
3,LHb.7,0.20171501782528609,100,OPC,NA
4,LHb.7,-0.6532424706080834,100,OPC,NA
5,LHb.7,-0.5681341285945025,100,OPC,NA
1,MHb.1,-0.10685023271938968,100,OPC,NA
2,MHb.1,-0.5523349576954251,100,OPC,NA
3,MHb.1,-0.10685023271938968,100,OPC,NA
4,MHb.1,-0.40725288235429474,100,OPC,NA
5,MHb.1,-0.9690882072524495,100,OPC,NA
1,MHb.2,-2.4428472156765215,100,OPC,NA
2,MHb.2,-3.0135429208247713,100,OPC,NA
3,MHb.2,-2.6977635912262525,100,OPC,NA
4,MHb.2,-2.729483786093838,100,OPC,NA
5,MHb.2,-2.056556462141113,100,OPC,NA
1,Microglia,1.3772731963353617,100,OPC,NA
2,Microglia,1.496409236610503,100,OPC,NA
3,Microglia,1.649824085776003,100,OPC,NA
4,Microglia,1.2922755705174966,100,OPC,NA
5,Microglia,1.6157085025170286,100,OPC,NA
1,Oligo,-1.8073049971389483,100,OPC,NA
2,Oligo,-2.61433425371156,100,OPC,NA
3,Oligo,-1.659585549456628,100,OPC,NA
4,Oligo,-1.1773589012089503,100,OPC,NA
5,Oligo,-1.1959670612233926,100,OPC,NA
1,OPC,-1.2158855237865553,100,OPC,NA
2,OPC,-0.7520926470355531,100,OPC,NA
3,OPC,-0.7187000928234862,100,OPC,NA
4,OPC,-1.4125749346031036,100,OPC,NA
5,OPC,-0.5175909250825954,100,OPC,NA
1,Astrocyte,1.1554522935635367,200,OPC,NA
2,Astrocyte,1.4458215454044674,200,OPC,NA
3,Astrocyte,0.1046159362110663,200,OPC,NA
4,Astrocyte,1.1384021046314585,200,OPC,NA
5,Astrocyte,1.2066230387618893,200,OPC,NA
1,C17,NA,200,OPC,NA
2,C17,-1.403397668451247,200,OPC,NA
3,C17,NA,200,OPC,NA
4,C17,-0.9923321671737794,200,OPC,NA
5,C17,NA,200,OPC,NA
1,Endo,-0.4749503676248636,200,OPC,NA
2,Endo,-1.0799259635959046,200,OPC,NA
3,Endo,0.34275777604055535,200,OPC,NA
4,Endo,-0.8790426198740006,200,OPC,NA
5,Endo,-1.831977896973026,200,OPC,NA
1,Excit.Thal,0.11548609705838149,200,OPC,NA
2,Excit.Thal,-0.12419268872954949,200,OPC,NA
3,Excit.Thal,0.8894625380160882,200,OPC,NA
4,Excit.Thal,0.9308497557936102,200,OPC,NA
5,Excit.Thal,1.3905778066285734,200,OPC,NA
1,LHb.4,0.6234237478349377,200,OPC,NA
2,LHb.4,0.18264813154944332,200,OPC,NA
3,LHb.4,0.5445767020946967,200,OPC,NA
4,LHb.4,1.1136202302743121,200,OPC,NA
5,LHb.4,1.0977710614986727,200,OPC,NA
1,LHb.7,0.5806625371030241,200,OPC,NA
2,LHb.7,0.6151974565914302,200,OPC,NA
3,LHb.7,1.3786083882284057,200,OPC,NA
4,LHb.7,0.4082013442430395,200,OPC,NA
5,LHb.7,0.3393161180596367,200,OPC,NA
1,MHb.1,-3.2398459039385257,200,OPC,NA
2,MHb.1,-3.0426972772649603,200,OPC,NA
3,MHb.1,-2.0827346161304368,200,OPC,NA
4,MHb.1,-1.6101736580984654,200,OPC,NA
5,MHb.1,-1.7313921999677295,200,OPC,NA
1,MHb.2,-5.867928788780518,200,OPC,NA
2,MHb.2,-5.810343934313066,200,OPC,NA
3,MHb.2,-4.696590415472348,200,OPC,NA
4,MHb.2,-4.457188210170797,200,OPC,NA
5,MHb.2,-4.696590415472348,200,OPC,NA
1,Microglia,2.9389776815843245,200,OPC,NA
2,Microglia,2.6623328322032607,200,OPC,NA
3,Microglia,2.8005435238419185,200,OPC,NA
4,Microglia,2.74868838689234,200,OPC,NA
5,Microglia,2.6795969859102886,200,OPC,NA
1,Oligo,-3.9336243997483553,200,OPC,NA
2,Oligo,-2.61433425371156,200,OPC,NA
3,Oligo,-4.681984190219903,200,OPC,NA
4,Oligo,-4.379994479744646,200,OPC,NA
5,Oligo,-3.8260892035479324,200,OPC,NA
1,OPC,4.8348023359060415,200,OPC,NA
2,OPC,4.160200550169585,200,OPC,NA
3,OPC,3.4622829847678585,200,OPC,NA
4,OPC,2.968210148985886,200,OPC,NA
5,OPC,3.500629427914842,200,OPC,NA
1,Astrocyte,0.9340612933408542,500,OPC,NA
2,Astrocyte,0.6115023653198474,500,OPC,NA
3,Astrocyte,1.497164802353095,500,OPC,NA
4,Astrocyte,0.03725229180797481,500,OPC,NA
5,Astrocyte,0.6115023653198474,500,OPC,NA
1,C17,-0.9923321671737794,500,OPC,NA
2,C17,-0.9923321671737794,500,OPC,NA
3,C17,NA,500,OPC,NA
4,C17,NA,500,OPC,NA
5,C17,-0.9923321671737794,500,OPC,NA
1,Endo,-0.3395554070883466,500,OPC,NA
2,Endo,0.11432176738478966,500,OPC,NA
3,Endo,-1.435167993268543,500,OPC,NA
4,Endo,-0.8119101976534473,500,OPC,NA
5,Endo,0.18274683971267305,500,OPC,NA
1,Excit.Thal,1.8158222704567952,500,OPC,NA
2,Excit.Thal,1.6875010878040657,500,OPC,NA
3,Excit.Thal,1.6875010878040657,500,OPC,NA
4,Excit.Thal,2.3795117603318716,500,OPC,NA
5,Excit.Thal,2.7327583408990765,500,OPC,NA
1,LHb.4,1.1453258869900576,500,OPC,NA
2,LHb.4,2.021096112504342,500,OPC,NA
3,LHb.4,1.701765497281259,500,OPC,NA
4,LHb.4,1.304000897910678,500,OPC,NA
5,LHb.4,0.10413394362777684,500,OPC,NA
1,LHb.7,2.5371096105678554,500,OPC,NA
2,LHb.7,1.3611800028996541,500,OPC,NA
3,LHb.7,2.1491238726300845,500,OPC,NA
4,LHb.7,2.6432444902447823,500,OPC,NA
5,LHb.7,1.5705633271666162,500,OPC,NA
1,MHb.1,-7.652715898237893,500,OPC,NA
2,MHb.1,-8.43816873031404,500,OPC,NA
3,MHb.1,-10.684510829591876,500,OPC,NA
4,MHb.1,-8.7576811864322,500,OPC,NA
5,MHb.1,-9.469024909909619,500,OPC,NA
1,MHb.2,-10.284242649059136,500,OPC,NA
2,MHb.2,-9.851826234395237,500,OPC,NA
3,MHb.2,-11.35511550841063,500,OPC,NA
4,MHb.2,-10.76137499783845,500,OPC,NA
5,MHb.2,-12.059783529331813,500,OPC,NA
1,Microglia,5.185251346643196,500,OPC,NA
2,Microglia,6.151310757618743,500,OPC,NA
3,Microglia,5.3633025509571075,500,OPC,NA
4,Microglia,4.019543941976841,500,OPC,NA
5,Microglia,5.506019123274076,500,OPC,NA
1,Oligo,-6.121621774225212,500,OPC,NA
2,Oligo,-6.865659021117241,500,OPC,NA
3,Oligo,-4.290937571616431,500,OPC,NA
4,Oligo,-3.249870332535869,500,OPC,NA
5,Oligo,-3.086980642322691,500,OPC,NA
1,OPC,6.571198015347747,500,OPC,NA
2,OPC,6.571198015347747,500,OPC,NA
3,OPC,6.316714741490259,500,OPC,NA
4,OPC,6.022609807273202,500,OPC,NA
5,OPC,7.130377128784026,500,OPC,NA
1,Astrocyte,2.860404467638664,1000,OPC,NA
2,Astrocyte,1.8230524838242919,1000,OPC,NA
3,Astrocyte,1.3945088639948067,1000,OPC,NA
4,Astrocyte,0.9170546176541455,1000,OPC,NA
5,Astrocyte,1.0191447347035885,1000,OPC,NA
1,C17,NA,1000,OPC,NA
2,C17,-0.9923321671737794,1000,OPC,NA
3,C17,NA,1000,OPC,NA
4,C17,-0.9923321671737794,1000,OPC,NA
5,C17,-1.403397668451247,1000,OPC,NA
1,Endo,0.7334311229027982,1000,OPC,NA
2,Endo,1.0109951647256783,1000,OPC,NA
3,Endo,0.22841380710999606,1000,OPC,NA
4,Endo,-0.4974820713086676,1000,OPC,NA
5,Endo,-0.13580092940299193,1000,OPC,NA
1,Excit.Thal,3.592210988352938,1000,OPC,NA
2,Excit.Thal,3.4545271831894984,1000,OPC,NA
3,Excit.Thal,2.3795117603318716,1000,OPC,NA
4,Excit.Thal,2.4233976401135,1000,OPC,NA
5,Excit.Thal,2.7327583408990765,1000,OPC,NA
1,LHb.4,-2.0709101886692882,1000,OPC,NA
2,LHb.4,0.6549793484142477,1000,OPC,NA
3,LHb.4,1.6698873672580965,1000,OPC,NA
4,LHb.4,1.7974596604593716,1000,OPC,NA
5,LHb.4,1.7496013612517651,1000,OPC,NA
1,LHb.7,7.270502659134575,1000,OPC,NA
2,LHb.7,6.504947028599282,1000,OPC,NA
3,LHb.7,3.4794663194383544,1000,OPC,NA
4,LHb.7,2.1491238726300845,1000,OPC,NA
5,LHb.7,3.855912642075552,1000,OPC,NA
1,MHb.1,-20.851993907532172,1000,OPC,NA
2,MHb.1,-28.87077704925771,1000,OPC,NA
3,MHb.1,-21.334479309982143,1000,OPC,NA
4,MHb.1,-14.156071865146048,1000,OPC,NA
5,MHb.1,-16.482133602239333,1000,OPC,NA
1,MHb.2,-20.577977339315414,1000,OPC,NA
2,MHb.2,-17.35128218231833,1000,OPC,NA
3,MHb.2,-13.080325698883701,1000,OPC,NA
4,MHb.2,-13.22052019321595,1000,OPC,NA
5,MHb.2,-17.830804833154,1000,OPC,NA
1,Microglia,10.66592417026091,1000,OPC,NA
2,Microglia,10.589808779578291,1000,OPC,NA
3,Microglia,6.584334576643183,1000,OPC,NA
4,Microglia,7.677058348845225,1000,OPC,NA
5,Microglia,8.487879861824593,1000,OPC,NA
1,Oligo,-1.8810497121187941,1000,OPC,NA
2,Oligo,0.7280238894316681,1000,OPC,NA
3,Oligo,-1.3260869623204352,1000,OPC,NA
4,Oligo,-4.699709820393945,1000,OPC,NA
5,Oligo,-2.7054691267784325,1000,OPC,NA
1,OPC,9.341735192399467,1000,OPC,NA
2,OPC,9.719656005923017,1000,OPC,NA
3,OPC,7.479953494514717,1000,OPC,NA
4,OPC,7.700616273057265,1000,OPC,NA
5,OPC,7.967671033327064,1000,OPC,NA
1,Astrocyte,5.79904995341276,5000,OPC,NA
2,Astrocyte,1.9434290005283368,5000,OPC,NA
3,Astrocyte,6.978959387594081,5000,OPC,NA
4,Astrocyte,7.474188910235125,5000,OPC,NA
5,Astrocyte,7.0155386102686865,5000,OPC,NA
1,C17,NA,5000,OPC,NA
2,C17,-0.9923321671737794,5000,OPC,NA
3,C17,NA,5000,OPC,NA
4,C17,-1.7188384644486483,5000,OPC,NA
5,C17,-0.9923321671737794,5000,OPC,NA
1,Endo,2.5173407048170526,5000,OPC,NA
2,Endo,3.8977908891134194,5000,OPC,NA
3,Endo,4.440964472942679,5000,OPC,NA
4,Endo,4.889847778817214,5000,OPC,NA
5,Endo,3.5064430036949643,5000,OPC,NA
1,Excit.Thal,5.405898217615623,5000,OPC,NA
2,Excit.Thal,4.673954655661307,5000,OPC,NA
3,Excit.Thal,4.292309871695131,5000,OPC,NA
4,Excit.Thal,5.257751652139965,5000,OPC,NA
5,Excit.Thal,4.964118662041351,5000,OPC,NA
1,LHb.4,-1.747465624204472,5000,OPC,NA
2,LHb.4,-2.669042248520655,5000,OPC,NA
3,LHb.4,-6.1471903747469625,5000,OPC,NA
4,LHb.4,1.8134174188018217,5000,OPC,NA
5,LHb.4,2.2131768529796148,5000,OPC,NA
1,LHb.7,12.73593233875186,5000,OPC,NA
2,LHb.7,10.138355210666472,5000,OPC,NA
3,LHb.7,13.405025374160708,5000,OPC,NA
4,LHb.7,12.41371969549837,5000,OPC,NA
5,LHb.7,12.253143641146213,5000,OPC,NA
1,MHb.1,-42.01273340802687,5000,OPC,NA
2,MHb.1,-35.48393873914081,5000,OPC,NA
3,MHb.1,-34.520781113621176,5000,OPC,NA
4,MHb.1,-44.43239428121029,5000,OPC,NA
5,MHb.1,-40.50835248262645,5000,OPC,NA
1,MHb.2,-26.05815095167824,5000,OPC,NA
2,MHb.2,-21.519310355954946,5000,OPC,NA
3,MHb.2,-29.07105416010883,5000,OPC,NA
4,MHb.2,-32.1841230899084,5000,OPC,NA
5,MHb.2,-30.149650245063352,5000,OPC,NA
1,Microglia,20.38214447449852,5000,OPC,NA
2,Microglia,17.09694204459768,5000,OPC,NA
3,Microglia,18.922540791863508,5000,OPC,NA
4,Microglia,20.90446751836903,5000,OPC,NA
5,Microglia,17.972568267625398,5000,OPC,NA
1,Oligo,6.453683776866197,5000,OPC,NA
2,Oligo,3.023078497654048,5000,OPC,NA
3,Oligo,3.839140952661923,5000,OPC,NA
4,Oligo,8.572283846675631,5000,OPC,NA
5,Oligo,4.685621481933854,5000,OPC,NA
1,OPC,11.79144846403569,5000,OPC,NA
2,OPC,11.133685281481268,5000,OPC,NA
3,OPC,11.587406565700592,5000,OPC,NA
4,OPC,14.029466282623039,5000,OPC,NA
5,OPC,12.308180414165598,5000,OPC,NA
