key,cluster
AAACAAGTATCTCCCA-1_V12D07-075_C1,13
AAACAGAGCGACTCCT-1_V12D07-075_C1,1
AAACATTTCCCGGATT-1_V12D07-075_C1,2
AAACCCGAACGAAATC-1_V12D07-075_C1,1
AAACCGGAAATGTTAA-1_V12D07-075_C1,10
AAACCGGGTAGGTACC-1_V12D07-075_C1,12
AAACCGTTCGTCCAGG-1_V12D07-075_C1,12
AAACCTAAGCAGCCGG-1_V12D07-075_C1,2
AAACCTCATGAAGTTG-1_V12D07-075_C1,11
AAACGAAGAACATACC-1_V12D07-075_C1,7
AAACGAGACGGTTGAT-1_V12D07-075_C1,3
AAACGCTGGGCACGAC-1_V12D07-075_C1,3
AAACGGGCGTACGGGT-1_V12D07-075_C1,2
AAACGGTTGCGAACTG-1_V12D07-075_C1,21
AAACGTGTTCGCCCTA-1_V12D07-075_C1,1
AAACTAACGTGGCGAC-1_V12D07-075_C1,1
AAACTCGGTTCGCAAT-1_V12D07-075_C1,2
AAACTCGTGATATAAG-1_V12D07-075_C1,1
AAACTGCTGGCTCCAA-1_V12D07-075_C1,13
AAAGAATGTGGACTAA-1_V12D07-075_C1,3
AAAGACCCAAGTCGCG-1_V12D07-075_C1,7
AAAGACTGGGCGCTTT-1_V12D07-075_C1,4
AAAGCTTGCCTACATA-1_V12D07-075_C1,1
AAAGGCTACGGACCAT-1_V12D07-075_C1,5
AAAGGCTCTCGCGCCG-1_V12D07-075_C1,11
AAAGGGATGTAGCAAG-1_V12D07-075_C1,20
AAAGGGCAGCTTGAAT-1_V12D07-075_C1,6
AAAGGTAAGCTGTACC-1_V12D07-075_C1,1
AAAGTCACTGATGTAA-1_V12D07-075_C1,7
AAAGTCGACCCTCAGT-1_V12D07-075_C1,11
AAAGTGCCATCAATTA-1_V12D07-075_C1,15
AAAGTGTGATTTATCT-1_V12D07-075_C1,13
AAAGTTGACTCCCGTA-1_V12D07-075_C1,15
AAATAACCATACGGGA-1_V12D07-075_C1,10
AAATAAGGTAGTGCCC-1_V12D07-075_C1,1
AAATACCTATAAGCAT-1_V12D07-075_C1,5
AAATAGCTTAGACTTT-1_V12D07-075_C1,10
AAATAGGGTGCTATTG-1_V12D07-075_C1,2
AAATCGTGTACCACAA-1_V12D07-075_C1,5
AAATCTAGCCCTGCTA-1_V12D07-075_C1,13
AAATGATTCGATCAGC-1_V12D07-075_C1,1
AAATGCTCGTTACGTT-1_V12D07-075_C1,16
AAATGGCATGTCTTGT-1_V12D07-075_C1,7
AAATGGTCAATGTGCC-1_V12D07-075_C1,20
AAATTAACGGGTAGCT-1_V12D07-075_C1,2
AAATTAATAAGCGCGA-1_V12D07-075_C1,22
AAATTACACGACTCTG-1_V12D07-075_C1,10
AAATTACCTATCGATG-1_V12D07-075_C1,17
AAATTCCAGGTCCAAA-1_V12D07-075_C1,1
AAATTGGTGAGAAGCA-1_V12D07-075_C1,1
AAATTTACCGAAATCC-1_V12D07-075_C1,1
AAATTTGCGGGTGTGG-1_V12D07-075_C1,12
AACAACTGGTAGTTGC-1_V12D07-075_C1,4
AACAATTACTCTACGC-1_V12D07-075_C1,4
AACACACGCTCGCCGC-1_V12D07-075_C1,2
AACACGACTGTACTGA-1_V12D07-075_C1,7
AACACGCGGCCGCGAA-1_V12D07-075_C1,7
AACAGGAAATCGAATA-1_V12D07-075_C1,7
AACAGGATGGGCCGCG-1_V12D07-075_C1,4
AACAGGTAGTATGGAT-1_V12D07-075_C1,17
AACATATCAACTGGTG-1_V12D07-075_C1,17
AACATCGATACGTCTA-1_V12D07-075_C1,1
AACATTGTGACTCGAG-1_V12D07-075_C1,5
AACCAAGACTTCTCTG-1_V12D07-075_C1,11
AACCAGTATCACTCTT-1_V12D07-075_C1,1
AACCATGGGATCGCTA-1_V12D07-075_C1,4
AACCCAGAGACGGAGA-1_V12D07-075_C1,7
AACCCGAGCAGAATCG-1_V12D07-075_C1,13
AACCCTACTGTCAATA-1_V12D07-075_C1,13
AACCCTGGTGGAACCA-1_V12D07-075_C1,7
AACCGAGCTTGGTCAT-1_V12D07-075_C1,20
AACCGCTAAGGGATGC-1_V12D07-075_C1,13
AACCGTTGTGTTTGCT-1_V12D07-075_C1,7
AACCTCGCTTTAGCCC-1_V12D07-075_C1,2
AACCTGTCACGGAATT-1_V12D07-075_C1,1
AACCTTTAAATACGGT-1_V12D07-075_C1,5
AACCTTTACGACGTCT-1_V12D07-075_C1,17
AACGATAATGCCGTAG-1_V12D07-075_C1,5
AACGATAGAAGGGCCG-1_V12D07-075_C1,19
AACGATATGTCAACTG-1_V12D07-075_C1,21
AACGCATGATCTGGGT-1_V12D07-075_C1,1
AACGCGAACGGCAACA-1_V12D07-075_C1,4
AACGCGACCTTGGGCG-1_V12D07-075_C1,5
AACGCGGTCTCCAGCC-1_V12D07-075_C1,20
AACGCTGTTGCTGAAA-1_V12D07-075_C1,2
AACGGACGTACGTATA-1_V12D07-075_C1,2
AACGGCCATCTCCGGT-1_V12D07-075_C1,12
AACGTACTGTGGGTAC-1_V12D07-075_C1,12
AACGTCAGACTAGTGG-1_V12D07-075_C1,4
AACGTGATGAAGGACA-1_V12D07-075_C1,1
AACGTGCGAAAGTCTC-1_V12D07-075_C1,2
AACGTTATCAGCACCT-1_V12D07-075_C1,4
AACTACCCGTTTGTCA-1_V12D07-075_C1,17
AACTAGGCTTGGGTGT-1_V12D07-075_C1,5
AACTCAAGTTAATTGC-1_V12D07-075_C1,20
AACTCCAGAGCGTGTT-1_V12D07-075_C1,2
AACTCCTAATCCCATG-1_V12D07-075_C1,1
AACTCGATGGCGCAGT-1_V12D07-075_C1,7
AACTCTCAATAGAGCG-1_V12D07-075_C1,3
AACTCTCAGTGTGCTC-1_V12D07-075_C1,12
AACTGAGGTCAGCGTC-1_V12D07-075_C1,1
AACTGAGTTATACTGA-1_V12D07-075_C1,10
AACTGATATTAGGCCT-1_V12D07-075_C1,7
AACTGGGTCCCGACGT-1_V12D07-075_C1,9
AACTGGTGTGGGCCTT-1_V12D07-075_C1,7
AACTTCTGCGTCTATC-1_V12D07-075_C1,8
AACTTGCCCGTATGCA-1_V12D07-075_C1,4
AACTTGCGTTCTCGCG-1_V12D07-075_C1,4
AACTTTACGGGAGCTT-1_V12D07-075_C1,22
AAGAAGGATCAGTTAG-1_V12D07-075_C1,4
AAGACATACGTGGTTT-1_V12D07-075_C1,3
AAGACCCAACTGAACA-1_V12D07-075_C1,5
AAGACTGCAAGCTACT-1_V12D07-075_C1,5
AAGAGATGAATCGGTA-1_V12D07-075_C1,4
AAGAGCTCTTTATCGG-1_V12D07-075_C1,5
AAGAGGATGTACGCGA-1_V12D07-075_C1,11
AAGAGGCATGGATCGC-1_V12D07-075_C1,3
AAGAGGCCCTTTGGAA-1_V12D07-075_C1,13
AAGATTGGCGGAACGT-1_V12D07-075_C1,17
AAGCACCCTGCGTATC-1_V12D07-075_C1,5
AAGCATACTCTCCTGA-1_V12D07-075_C1,5
AAGCCGAAGCGGTTTA-1_V12D07-075_C1,3
AAGCCGGAGAGCAGGA-1_V12D07-075_C1,15
AAGCGCAGGGCTTTGA-1_V12D07-075_C1,2
AAGCGGCGTCATGGGT-1_V12D07-075_C1,1
AAGCTAGATCGAGTAA-1_V12D07-075_C1,5
AAGCTCGTGCCAAGTC-1_V12D07-075_C1,2
AAGCTCTTTCATGGTG-1_V12D07-075_C1,2
AAGGAGCGGTTGGTGC-1_V12D07-075_C1,20
AAGGATCGATCGCTTG-1_V12D07-075_C1,5
AAGGATGAGGGACCTC-1_V12D07-075_C1,18
AAGGCAGGCTGTCTCC-1_V12D07-075_C1,1
AAGGCGCGTAAAGCTT-1_V12D07-075_C1,4
AAGGCTGTGCTCATCG-1_V12D07-075_C1,20
AAGGGACAGATTCTGT-1_V12D07-075_C1,17
AAGGTATCCTAATATA-1_V12D07-075_C1,10
AAGGTGATAAACCAGC-1_V12D07-075_C1,13
AAGTAGAAGACCGGGT-1_V12D07-075_C1,20
AAGTAGTGACGCGAGG-1_V12D07-075_C1,20
AAGTCAATTGTCGTCA-1_V12D07-075_C1,13
AAGTCTTCTGTGGCCT-1_V12D07-075_C1,11
AAGTGACGACCGAATT-1_V12D07-075_C1,12
AAGTGAGTCGGGTTTA-1_V12D07-075_C1,5
AAGTGCAAAGGTAGAC-1_V12D07-075_C1,9
AAGTGCCTTGACTGTA-1_V12D07-075_C1,3
AAGTGTTTGGAGACGG-1_V12D07-075_C1,2
AAGTTCACTCCAAGCT-1_V12D07-075_C1,15
AAGTTCAGTCTGCGTA-1_V12D07-075_C1,1
AAGTTCGGCCAACAGG-1_V12D07-075_C1,12
AAGTTGTGATGTTATA-1_V12D07-075_C1,6
AAGTTTACTAATGGCA-1_V12D07-075_C1,7
AAGTTTATGGGCCCAA-1_V12D07-075_C1,2
AATAACAACGCTCGGC-1_V12D07-075_C1,20
AATAACACTAGAACAA-1_V12D07-075_C1,12
AATAAGTCCTCGAGAC-1_V12D07-075_C1,21
AATAATCTTCGTATCG-1_V12D07-075_C1,10
AATACAATGTTTCAGG-1_V12D07-075_C1,19
AATAGAACAGAGTGGC-1_V12D07-075_C1,12
AATAGAATCTGTTTCA-1_V12D07-075_C1,2
AATAGCAAGCCTCCTG-1_V12D07-075_C1,1
AATAGCTACCGCGTGC-1_V12D07-075_C1,1
AATAGTCCGTCCCGAC-1_V12D07-075_C1,5
AATAGTCGCGAGTCGG-1_V12D07-075_C1,4
AATATCAAGGTCGGAT-1_V12D07-075_C1,21
AATATCGAATCAATGC-1_V12D07-075_C1,17
AATATCGAGGGTTCTC-1_V12D07-075_C1,17
AATATTGGAGTATTGA-1_V12D07-075_C1,19
AATCAGACTGCAGGAC-1_V12D07-075_C1,4
AATCATGTAAAGACTC-1_V12D07-075_C1,13
AATCCAAGGGCCTGAG-1_V12D07-075_C1,7
AATCCATGCAAGGGTG-1_V12D07-075_C1,7
AATCGCCTCAGCGCCA-1_V12D07-075_C1,5
AATCGCGCAGAGGACT-1_V12D07-075_C1,1
AATCGGGACACTACGA-1_V12D07-075_C1,7
AATCGGTATAGCCCTC-1_V12D07-075_C1,3
AATCGTGAGCCGAGCA-1_V12D07-075_C1,2
AATCTATGCCGGAGCC-1_V12D07-075_C1,1
AATCTCTACTGTGGTT-1_V12D07-075_C1,11
AATCTGCGTTGGGACG-1_V12D07-075_C1,18
AATGACAGCAATGTCT-1_V12D07-075_C1,12
AATGACGTAGGATGTC-1_V12D07-075_C1,2
AATGACTGTCAGCCGG-1_V12D07-075_C1,4
AATGAGTTCGCATATG-1_V12D07-075_C1,4
AATGATGATACGCTAT-1_V12D07-075_C1,17
AATGATGCGACTCCTG-1_V12D07-075_C1,10
AATGCAACCGGGTACC-1_V12D07-075_C1,20
AATGCACCAAGCAATG-1_V12D07-075_C1,10
AATGGTCCACCGTTCA-1_V12D07-075_C1,4
AATGGTTCTCACAAGC-1_V12D07-075_C1,4
AATGTTGTCGTGAGAC-1_V12D07-075_C1,2
AATTAAAGGTCGGCGT-1_V12D07-075_C1,20
AATTAACGGATTTCCA-1_V12D07-075_C1,5
AATTACTCGTACGCTC-1_V12D07-075_C1,19
AATTAGCGCTGCAGCG-1_V12D07-075_C1,5
AATTCATAAGGGATCT-1_V12D07-075_C1,10
AATTCCAAGCATGTAC-1_V12D07-075_C1,2
AATTCGATTCGAGGAT-1_V12D07-075_C1,2
AATTCTAGAGTTAGGC-1_V12D07-075_C1,5
AATTGAACGCTCTGGT-1_V12D07-075_C1,2
AATTGCAGCAATCGAC-1_V12D07-075_C1,2
AATTGTGGTTGCCAAA-1_V12D07-075_C1,3
AATTTGGGACATAGTA-1_V12D07-075_C1,1
AATTTGGTTCCAAAGA-1_V12D07-075_C1,7
ACAAAGCATGACCTAG-1_V12D07-075_C1,2
ACAAATCGCACCGAAT-1_V12D07-075_C1,2
ACAAATGGTAGTGTTT-1_V12D07-075_C1,2
ACAAATTCAGATCTGA-1_V12D07-075_C1,1
ACAACAGCATGAGCTA-1_V12D07-075_C1,2
ACAACGGTCCCTGCGA-1_V12D07-075_C1,8
ACAAGCAGTGCCTAGC-1_V12D07-075_C1,9
ACAAGCTATATGGAAG-1_V12D07-075_C1,22
ACAAGGAAATCCGCCC-1_V12D07-075_C1,5
ACAAGGACAAGAGGTT-1_V12D07-075_C1,4
ACAAGGATGCTTTAGG-1_V12D07-075_C1,2
ACAAGGGCAGGCTCTG-1_V12D07-075_C1,2
ACAATCCATTTAAACC-1_V12D07-075_C1,20
ACAATGATTCTTCTAC-1_V12D07-075_C1,1
ACAATTGTGTCTCTTT-1_V12D07-075_C1,13
ACAATTTAGGAGGCTC-1_V12D07-075_C1,22
ACAATTTGAGCAGTGG-1_V12D07-075_C1,17
ACAATTTGGCCATATT-1_V12D07-075_C1,1
ACACAAAGACGGGTGG-1_V12D07-075_C1,20
ACACACCAGGACCAGT-1_V12D07-075_C1,13
ACACACTTTCTACACG-1_V12D07-075_C1,7
ACACATTGACGCAACA-1_V12D07-075_C1,22
ACACCACATAATTAGC-1_V12D07-075_C1,1
ACACCCAGCATGCAGC-1_V12D07-075_C1,10
ACACCCGAGAAATCCG-1_V12D07-075_C1,4
ACACCGAGCGCTCTTT-1_V12D07-075_C1,22
ACACCTTAAGTAGGGC-1_V12D07-075_C1,4
ACACCTTACTACTTGC-1_V12D07-075_C1,1
ACACGAGACTCCTTCT-1_V12D07-075_C1,2
ACACGGCACTATGCAT-1_V12D07-075_C1,7
ACACGGGAACTTAGGG-1_V12D07-075_C1,3
ACACGTAGGCCACAAG-1_V12D07-075_C1,13
ACACTCCAATGTCACT-1_V12D07-075_C1,4
ACACTGATCAAGGTGT-1_V12D07-075_C1,12
ACACTGGGACAGTCGT-1_V12D07-075_C1,13
ACAGATTAGGTTAGTG-1_V12D07-075_C1,7
ACAGCATAGAGCCAGT-1_V12D07-075_C1,7
ACAGCGACATTCTCAT-1_V12D07-075_C1,2
ACAGCGCACCCGCAGC-1_V12D07-075_C1,1
ACAGGCACGGATCCTT-1_V12D07-075_C1,2
ACAGGCTTGCCCGACT-1_V12D07-075_C1,4
ACAGGTGGAGGTGAGG-1_V12D07-075_C1,12
ACAGGTGTGTTGTTGC-1_V12D07-075_C1,11
ACAGTATACCGTGGGA-1_V12D07-075_C1,1
ACATAATAAGGCGGTG-1_V12D07-075_C1,10
ACATCAGCTGGGACGC-1_V12D07-075_C1,20
ACATCCCGGCCATACG-1_V12D07-075_C1,5
ACATCCTGGTAACTGT-1_V12D07-075_C1,3
ACATCGATCGTTTACC-1_V12D07-075_C1,2
ACATCGGTCAGCCGCG-1_V12D07-075_C1,11
ACATCGTATGCAATGG-1_V12D07-075_C1,2
ACATCGTTAACCTAGT-1_V12D07-075_C1,7
ACATGGCGCCAAAGTA-1_V12D07-075_C1,3
ACATGGCTCAATTTAG-1_V12D07-075_C1,4
ACATTAGTTTATATCC-1_V12D07-075_C1,5
ACCAAACACCCAGCGA-1_V12D07-075_C1,1
ACCAACACCACACACT-1_V12D07-075_C1,1
ACCAACCGCACTCCAC-1_V12D07-075_C1,2
ACCAACGCTTATTTAT-1_V12D07-075_C1,11
ACCAAGAACGCGTGTC-1_V12D07-075_C1,9
ACCAAGTCATCGGCAG-1_V12D07-075_C1,3
ACCAATATGCAAGTTA-1_V12D07-075_C1,21
ACCACAACTCAGAACA-1_V12D07-075_C1,1
ACCACAAGTTTCTATC-1_V12D07-075_C1,20
ACCACCAATGTAACAA-1_V12D07-075_C1,17
ACCACCCTCTCTTCTA-1_V12D07-075_C1,1
ACCACGTGCAGCTATA-1_V12D07-075_C1,2
ACCACTGTTCAAGAAG-1_V12D07-075_C1,22
ACCAGACCATAACAAC-1_V12D07-075_C1,22
ACCAGCCCGGTCTTTG-1_V12D07-075_C1,7
ACCAGTGCCCGGTCAA-1_V12D07-075_C1,1
ACCAGTGCGGGAGACG-1_V12D07-075_C1,13
ACCATATCCGCAATAA-1_V12D07-075_C1,2
ACCATCGTATATGGTA-1_V12D07-075_C1,11
ACCATTAAGGGTGTCA-1_V12D07-075_C1,22
ACCCAACGCCCGTGGC-1_V12D07-075_C1,18
ACCCACCTACATGCTC-1_V12D07-075_C1,4
ACCCATCTTGAGGGTA-1_V12D07-075_C1,20
ACCCATTTGTCCCTCT-1_V12D07-075_C1,2
ACCCGGAAACTCCCAG-1_V12D07-075_C1,5
ACCCGGAGCACCACAA-1_V12D07-075_C1,3
ACCCGGATGACGCATC-1_V12D07-075_C1,17
ACCCGGTTACACTTCC-1_V12D07-075_C1,11
ACCCGTAGTCTAGTTG-1_V12D07-075_C1,3
ACCCGTGTCATCAGTA-1_V12D07-075_C1,11
ACCCTATAGGACTGAG-1_V12D07-075_C1,19
ACCCTATGCCATATCG-1_V12D07-075_C1,12
ACCCTCCCGTCAGGGC-1_V12D07-075_C1,22
ACCCTCCCTTGCTATT-1_V12D07-075_C1,2
ACCCTGGTAACGCCCT-1_V12D07-075_C1,1
ACCCTTCATCTGCGAA-1_V12D07-075_C1,7
ACCCTTTAGTTCTCCA-1_V12D07-075_C1,19
ACCGAAAGGGCCCTGC-1_V12D07-075_C1,21
ACCGACACATCTCCCA-1_V12D07-075_C1,2
ACCGACTGAGTCCCAC-1_V12D07-075_C1,2
ACCGATAGGCATAACC-1_V12D07-075_C1,13
ACCGATATTTAATCAT-1_V12D07-075_C1,10
ACCGATGGTAGCATCG-1_V12D07-075_C1,3
ACCGCAATAACTGCCT-1_V12D07-075_C1,2
ACCGCGGTGGAAGTCG-1_V12D07-075_C1,18
ACCGGGCCTTTGTTGA-1_V12D07-075_C1,15
ACCGTTCCCGCTCTGA-1_V12D07-075_C1,7
ACCTAATCGACTTCCT-1_V12D07-075_C1,19
ACCTACAGTATGTGGT-1_V12D07-075_C1,1
ACCTACTATAAATCTA-1_V12D07-075_C1,2
ACCTCCGCCCTCGCTG-1_V12D07-075_C1,13
ACCTCCGTTATTCACC-1_V12D07-075_C1,1
ACGAAATGGGCGGCAC-1_V12D07-075_C1,19
ACGACCCATGAGTTGC-1_V12D07-075_C1,3
ACGACTCTAGGGCCGA-1_V12D07-075_C1,3
ACGAGAACCCATCACG-1_V12D07-075_C1,7
ACGAGATATTTGCTTA-1_V12D07-075_C1,1
ACGAGTACGGATGCCC-1_V12D07-075_C1,17
ACGATACATAGAACTA-1_V12D07-075_C1,10
ACGATACCTATCCTGA-1_V12D07-075_C1,22
ACGATCATACATAGAG-1_V12D07-075_C1,20
ACGATCATCTTGTAAA-1_V12D07-075_C1,17
ACGATGCATATGTTAT-1_V12D07-075_C1,20
ACGATGGATCCGATGC-1_V12D07-075_C1,7
ACGCAAACTAATAGAT-1_V12D07-075_C1,3
ACGCAATCACTACAGC-1_V12D07-075_C1,1
ACGCATAAATGACATG-1_V12D07-075_C1,1
ACGCATACGTTTACTA-1_V12D07-075_C1,15
ACGCATTCGTGAGTAC-1_V12D07-075_C1,15
ACGCCAGATGATTTCT-1_V12D07-075_C1,7
ACGCCAGTGCGTTTGC-1_V12D07-075_C1,3
ACGCCGCTAGACGACC-1_V12D07-075_C1,5
ACGCGAAGTCAGACGA-1_V12D07-075_C1,5
ACGCGCTACACAGGGT-1_V12D07-075_C1,12
ACGCGGGCCAAGGACA-1_V12D07-075_C1,2
ACGCGTTTCTTAAGAG-1_V12D07-075_C1,22
ACGCTAGTGATACACT-1_V12D07-075_C1,17
ACGCTGTGAGGCGTAG-1_V12D07-075_C1,11
ACGGAATTTAGCAAAT-1_V12D07-075_C1,4
ACGGACTCTCAAAGCG-1_V12D07-075_C1,2
ACGGAGCGCAAATTAC-1_V12D07-075_C1,1
ACGGATGGTGCGGATA-1_V12D07-075_C1,2
ACGGCACTTGCTTGGG-1_V12D07-075_C1,5
ACGGCCAACATGGACT-1_V12D07-075_C1,11
ACGGCGACGATGGGAA-1_V12D07-075_C1,2
ACGGCGGGTTGCCCTG-1_V12D07-075_C1,7
ACGGGCGTATGCGACA-1_V12D07-075_C1,1
ACGGGTCATGTGACTT-1_V12D07-075_C1,22
ACGGTACAGTTCAATG-1_V12D07-075_C1,3
ACGTACAGATTTCTCT-1_V12D07-075_C1,7
ACGTAGATTGCTGATG-1_V12D07-075_C1,2
ACGTAGGAGAGTCGCT-1_V12D07-075_C1,3
ACGTATTACTCCGATC-1_V12D07-075_C1,13
ACGTGCGCCTCGTGCA-1_V12D07-075_C1,7
ACGTTAATGTCGAAGA-1_V12D07-075_C1,5
ACGTTAGATTTGCCCG-1_V12D07-075_C1,20
ACGTTATTGGTCACTC-1_V12D07-075_C1,4
ACGTTCCGCGCTCCGT-1_V12D07-075_C1,7
ACGTTCGCAATCAATT-1_V12D07-075_C1,1
ACGTTCGTTCAGGAAA-1_V12D07-075_C1,12
ACGTTCTGTACAAGTC-1_V12D07-075_C1,2
ACGTTTAGTTGTGATC-1_V12D07-075_C1,5
ACTAATACGTCAGGCG-1_V12D07-075_C1,1
ACTACCAGCTCTCTGG-1_V12D07-075_C1,4
ACTACGCGTTAGAATT-1_V12D07-075_C1,5
ACTAGTTGCGATCGTC-1_V12D07-075_C1,13
ACTATATGCTGTGTTC-1_V12D07-075_C1,1
ACTATCCAGGGCATGG-1_V12D07-075_C1,6
ACTATCGCCGGCTAAA-1_V12D07-075_C1,22
ACTATCTGCCCGCGTA-1_V12D07-075_C1,13
ACTATTCGTCCGTGGT-1_V12D07-075_C1,7
ACTATTTCCGGGCCCA-1_V12D07-075_C1,12
ACTCAACGAATGTATT-1_V12D07-075_C1,7
ACTCAAGTGCAAGGCT-1_V12D07-075_C1,2
ACTCAATAAAGGCACG-1_V12D07-075_C1,20
ACTCAGACCTGCTTCT-1_V12D07-075_C1,21
ACTCCCGAATTCGTTT-1_V12D07-075_C1,10
ACTCCCTAATGCTAAA-1_V12D07-075_C1,5
ACTCCCTAGAATAGTA-1_V12D07-075_C1,5
ACTCCGGCCGACCACT-1_V12D07-075_C1,2
ACTCGATGTATTTCAT-1_V12D07-075_C1,4
ACTCGCCGTTCGATAA-1_V12D07-075_C1,2
ACTCGCGATCTGACGC-1_V12D07-075_C1,1
ACTCGTCAGTAATCCC-1_V12D07-075_C1,3
ACTCTAAACCTGGGAT-1_V12D07-075_C1,22
ACTCTCTGACTTAGGT-1_V12D07-075_C1,5
ACTCTCTTATACACGA-1_V12D07-075_C1,1
ACTCTGACCTAATAGA-1_V12D07-075_C1,2
ACTCTTCAGCTCCCGC-1_V12D07-075_C1,1
ACTCTTGTATAGTAAC-1_V12D07-075_C1,2
ACTGAAACGCCGTTAG-1_V12D07-075_C1,2
ACTGAATGGCGAAAGT-1_V12D07-075_C1,2
ACTGCCGTCGTAACTC-1_V12D07-075_C1,7
ACTGCGGACACACCGT-1_V12D07-075_C1,1
ACTGTACGATACACAT-1_V12D07-075_C1,20
ACTGTAGCACTTTGGA-1_V12D07-075_C1,4
ACTGTATACGCGAGCA-1_V12D07-075_C1,7
ACTGTCCAGGATTATA-1_V12D07-075_C1,20
ACTGTCTTCTTTAGAA-1_V12D07-075_C1,2
ACTGTGCTAGTAGATC-1_V12D07-075_C1,4
ACTTACCGGGCGCGCA-1_V12D07-075_C1,1
ACTTACGCATCCACGC-1_V12D07-075_C1,2
ACTTAGTACGACAAGA-1_V12D07-075_C1,4
ACTTATACTTACCCGG-1_V12D07-075_C1,3
ACTTATTAGGATCGGT-1_V12D07-075_C1,20
ACTTATTTATGTGCCA-1_V12D07-075_C1,13
ACTTCAGGCTGATCCC-1_V12D07-075_C1,2
ACTTCCATGCGGGACA-1_V12D07-075_C1,2
ACTTCGCCATACGCAC-1_V12D07-075_C1,11
ACTTCGCTAGCGAGTG-1_V12D07-075_C1,1
ACTTGACTCCCTCTTT-1_V12D07-075_C1,5
ACTTGGGACCCGGTGG-1_V12D07-075_C1,20
ACTTGTGGATGGAACG-1_V12D07-075_C1,13
ACTTTACCCTCATGAA-1_V12D07-075_C1,10
ACTTTCCTATAGCTTC-1_V12D07-075_C1,2
ACTTTGACTGCATCCT-1_V12D07-075_C1,12
ACTTTGTCGACGCACT-1_V12D07-075_C1,17
AGAAATTATGACTCGC-1_V12D07-075_C1,17
AGAACCCAGCGTGACA-1_V12D07-075_C1,1
AGAACGTGGTACATTC-1_V12D07-075_C1,11
AGAAGAGCGCCGTTCC-1_V12D07-075_C1,8
AGAAGGTTGCCGAATT-1_V12D07-075_C1,11
AGAAGGTTGTAGGTCG-1_V12D07-075_C1,2
AGAATAAATCTTCAGG-1_V12D07-075_C1,22
AGAATGCGGGTTCGGA-1_V12D07-075_C1,1
AGAATTATGGATTCGA-1_V12D07-075_C1,18
AGAATTGTTTGACATA-1_V12D07-075_C1,4
AGACAGCTCAGAATCC-1_V12D07-075_C1,6
AGACAGGCATCTCAGC-1_V12D07-075_C1,10
AGACATAGATCCTTCC-1_V12D07-075_C1,7
AGACCATGGGATACAA-1_V12D07-075_C1,4
AGACCCACCGCTGATC-1_V12D07-075_C1,5
AGACCCGCCCTCCTCG-1_V12D07-075_C1,20
AGACCGCTCCGCGGTT-1_V12D07-075_C1,17
AGACGAAGTGCCGGTC-1_V12D07-075_C1,13
AGACGCCCACTTCGCC-1_V12D07-075_C1,15
AGACGGGCCGATTTAA-1_V12D07-075_C1,1
AGACTAGCCTTCCAGA-1_V12D07-075_C1,20
AGACTGTTACCGGGTC-1_V12D07-075_C1,12
AGAGAACCGTCTAGGA-1_V12D07-075_C1,17
AGAGCAGTTATGAGAC-1_V12D07-075_C1,8
AGAGCCGCCGAGATTT-1_V12D07-075_C1,13
AGAGCGGGCTAATCAT-1_V12D07-075_C1,7
AGAGCGTACAAGCTCG-1_V12D07-075_C1,4
AGAGCTACGAAAGCAT-1_V12D07-075_C1,4
AGAGGCTTCGGAAACC-1_V12D07-075_C1,13
AGAGGGACAATTGTCC-1_V12D07-075_C1,1
AGAGTAAACTTCACTA-1_V12D07-075_C1,3
AGAGTATAGTGTTACG-1_V12D07-075_C1,1
AGAGTTAGAGACCGAT-1_V12D07-075_C1,1
AGATAACTTCAGGGCC-1_V12D07-075_C1,20
AGATACCAATAGAACC-1_V12D07-075_C1,2
AGATACCAGCACTTCA-1_V12D07-075_C1,1
AGATACCGGTGTTCAC-1_V12D07-075_C1,11
AGATACGACTTCATAT-1_V12D07-075_C1,4
AGATACTCAAGATCGA-1_V12D07-075_C1,2
AGATATAATACGACTA-1_V12D07-075_C1,2
AGATCGTGCATAAGAT-1_V12D07-075_C1,10
AGATCTCAGGTGTGAT-1_V12D07-075_C1,2
AGATGACTCGCCCACG-1_V12D07-075_C1,10
AGATGAGGGTTGCGAT-1_V12D07-075_C1,1
AGATGATGGAGTCTGG-1_V12D07-075_C1,10
AGATGCTATAACGAGC-1_V12D07-075_C1,22
AGATTATAGGACGTTT-1_V12D07-075_C1,20
AGCAAAGGCCGCTAGT-1_V12D07-075_C1,2
AGCAACATATCTTATT-1_V12D07-075_C1,13
AGCACCAGTACTCACG-1_V12D07-075_C1,20
AGCACTACCGGCCTGT-1_V12D07-075_C1,4
AGCACTACCTCACCAG-1_V12D07-075_C1,5
AGCACTTAAGGACGCC-1_V12D07-075_C1,4
AGCAGAAGGAGAAAGA-1_V12D07-075_C1,2
AGCAGCCAGATGAATA-1_V12D07-075_C1,5
AGCATATCAATATGCT-1_V12D07-075_C1,2
AGCATCGTCGATAATT-1_V12D07-075_C1,10
AGCATTACGAGGCAAG-1_V12D07-075_C1,2
AGCCAAGCTTTGTGTC-1_V12D07-075_C1,2
AGCCACAGGTTACCCG-1_V12D07-075_C1,15
AGCCACTCCCGTGCTT-1_V12D07-075_C1,10
AGCCATATAGTATGTG-1_V12D07-075_C1,3
AGCCCATACATGTAAG-1_V12D07-075_C1,12
AGCCCGCAACAAGCAG-1_V12D07-075_C1,5
AGCCCGGTAGCCTGTA-1_V12D07-075_C1,11
AGCCCTAAGCGAAGTT-1_V12D07-075_C1,7
AGCCCTGTCGCACCGT-1_V12D07-075_C1,1
AGCCCTTCTAATCCGA-1_V12D07-075_C1,1
AGCCCTTGGACATCCC-1_V12D07-075_C1,13
AGCCGCAAATTCAAAT-1_V12D07-075_C1,22
AGCCGCTTGATTAGCG-1_V12D07-075_C1,22
AGCCTTAAAGCGGAAG-1_V12D07-075_C1,6
AGCGACAGGAACGGTC-1_V12D07-075_C1,12
AGCGACATCCCATTCA-1_V12D07-075_C1,7
AGCGACCAACGATATT-1_V12D07-075_C1,20
AGCGATGCGCCTAATA-1_V12D07-075_C1,15
AGCGCATAATGAATCG-1_V12D07-075_C1,5
AGCGCGGGTGCCAATG-1_V12D07-075_C1,17
AGCGCTAGAGCGATGT-1_V12D07-075_C1,1
AGCGCTTATGGGCAAG-1_V12D07-075_C1,1
AGCGGACACTTCGTAG-1_V12D07-075_C1,2
AGCGGGAAGGGTCCAT-1_V12D07-075_C1,7
AGCGGGTCTGACACTC-1_V12D07-075_C1,15
AGCGGTTGCCGCTCTG-1_V12D07-075_C1,1
AGCGTACGAGAGCTAG-1_V12D07-075_C1,7
AGCGTCTGAACCCGCA-1_V12D07-075_C1,7
AGCGTGGTATTCTACT-1_V12D07-075_C1,5
AGCTAAGTACGCAGGC-1_V12D07-075_C1,2
AGCTAGAAGCAGAAGT-1_V12D07-075_C1,10
AGCTATTTAATCCAAC-1_V12D07-075_C1,7
AGCTCCATATATGTTC-1_V12D07-075_C1,13
AGCTCCTTCGCACATC-1_V12D07-075_C1,5
AGCTCTAGACGTTCCA-1_V12D07-075_C1,12
AGCTCTTCCCAGTGCA-1_V12D07-075_C1,10
AGCTCTTCGTAACCTT-1_V12D07-075_C1,17
AGCTCTTTACTCAGTT-1_V12D07-075_C1,11
AGCTGAAGTAAACCAA-1_V12D07-075_C1,10
AGCTTATAGAGACCTG-1_V12D07-075_C1,7
AGCTTCTTCTCGAGCA-1_V12D07-075_C1,2
AGCTTGATCTTAACTT-1_V12D07-075_C1,12
AGGAACGAACGACTTC-1_V12D07-075_C1,3
AGGAAGCTGTCCGCCG-1_V12D07-075_C1,5
AGGACAGTCGAATCCC-1_V12D07-075_C1,8
AGGACATCGCACGTCG-1_V12D07-075_C1,9
AGGACATCGGCACACT-1_V12D07-075_C1,3
AGGACGACCCATTAGA-1_V12D07-075_C1,11
AGGACGCTCGATGTTG-1_V12D07-075_C1,1
AGGACTTATAGGAGAA-1_V12D07-075_C1,22
AGGAGACATCCACAGT-1_V12D07-075_C1,1
AGGAGGCCTTCGCGCG-1_V12D07-075_C1,13
AGGATAAAGTCGGGAT-1_V12D07-075_C1,5
AGGATATAGGGATTTA-1_V12D07-075_C1,15
AGGATATCCGACTGCA-1_V12D07-075_C1,12
AGGATTGCTTACGACA-1_V12D07-075_C1,1
AGGCACGTGACTGTCC-1_V12D07-075_C1,13
AGGCAGATGCGTAAAC-1_V12D07-075_C1,17
AGGCAGGGAGCGTACT-1_V12D07-075_C1,11
AGGCATTGTCGTAGGG-1_V12D07-075_C1,13
AGGCCACATTGGTTAC-1_V12D07-075_C1,1
AGGCCACCCGTTATGA-1_V12D07-075_C1,4
AGGCCCAGTGACTGGT-1_V12D07-075_C1,4
AGGCCCATTGTACAGG-1_V12D07-075_C1,6
AGGCCTGAGAATCTCG-1_V12D07-075_C1,2
AGGCGATAACTGGCGT-1_V12D07-075_C1,3
AGGCGTCTATGGACGG-1_V12D07-075_C1,1
AGGCTATGGTTAGCTT-1_V12D07-075_C1,4
AGGCTTCCCGAAGAAG-1_V12D07-075_C1,12
AGGCTTGCTAGACACC-1_V12D07-075_C1,6
AGGGAAACGAGGTACT-1_V12D07-075_C1,1
AGGGACCGGCTGCGTT-1_V12D07-075_C1,1
AGGGACTCTACGCGAC-1_V12D07-075_C1,11
AGGGAGACATACTTCG-1_V12D07-075_C1,1
AGGGCAGCGGCGTGGT-1_V12D07-075_C1,7
AGGGCCCTAATGTTCT-1_V12D07-075_C1,3
AGGGCGTGATCGGCTA-1_V12D07-075_C1,7
AGGGCTGCAGTTACAG-1_V12D07-075_C1,2
AGGGTCAGTAACCCTA-1_V12D07-075_C1,1
AGGGTCGATGCGAACT-1_V12D07-075_C1,3
AGGGTCTGGACGCAGT-1_V12D07-075_C1,3
AGGGTGCTCTCGAGGG-1_V12D07-075_C1,18
AGGGTGGATAGTGCAT-1_V12D07-075_C1,4
AGGGTTCCCTTTGGTT-1_V12D07-075_C1,18
AGGGTTTAGTTCGGGA-1_V12D07-075_C1,2
AGGTAACCTCCTATTC-1_V12D07-075_C1,7
AGGTACGATATTGCCA-1_V12D07-075_C1,7
AGGTAGGTACAAAGCT-1_V12D07-075_C1,20
AGGTATAATTGATAGT-1_V12D07-075_C1,10
AGGTATGCGGACATTA-1_V12D07-075_C1,1
AGGTCGCCTCCCAACA-1_V12D07-075_C1,3
AGGTCGCGGAGTTACT-1_V12D07-075_C1,1
AGGTGCACGTCCACAT-1_V12D07-075_C1,3
AGGTGGTGACCTTCGC-1_V12D07-075_C1,5
AGGTGTATCGCCATGA-1_V12D07-075_C1,11
AGGTGTTGCCGACCAC-1_V12D07-075_C1,3
AGGTTACACCATGCCG-1_V12D07-075_C1,1
AGGTTGAGGCACGCTT-1_V12D07-075_C1,10
AGGTTTCACACACCTT-1_V12D07-075_C1,5
AGTAACGTTCATCCTG-1_V12D07-075_C1,1
AGTAACTATAGCAGCC-1_V12D07-075_C1,3
AGTAATGTCTTGCCGC-1_V12D07-075_C1,7
AGTACATCATTTATCA-1_V12D07-075_C1,1
AGTACCTTCGAGTGCT-1_V12D07-075_C1,1
AGTACGGCCCGTATCG-1_V12D07-075_C1,14
AGTACGGGCACCTGGC-1_V12D07-075_C1,10
AGTACGTGGCCTGTCT-1_V12D07-075_C1,1
AGTACTCTTATGCCCA-1_V12D07-075_C1,2
AGTAGAAGGCGCCTCA-1_V12D07-075_C1,3
AGTAGGAAGGAAGTTG-1_V12D07-075_C1,1
AGTAGGTAACATACAT-1_V12D07-075_C1,7
AGTATAATACTAGGCA-1_V12D07-075_C1,4
AGTATACACAGCGACA-1_V12D07-075_C1,5
AGTATTTGGCACGACC-1_V12D07-075_C1,11
AGTCAACACCACCATC-1_V12D07-075_C1,11
AGTCAAGATGACACTT-1_V12D07-075_C1,13
AGTCACTAGCTCTCGA-1_V12D07-075_C1,13
AGTCAGCCACCGCCTG-1_V12D07-075_C1,16
AGTCCATTGGCTGATG-1_V12D07-075_C1,13
AGTCCCGCCTTTAATT-1_V12D07-075_C1,10
AGTCCCTCGCAGAAAG-1_V12D07-075_C1,1
AGTCGACGGTCTCAAG-1_V12D07-075_C1,3
AGTCGGCCCAAACGAC-1_V12D07-075_C1,4
AGTCGGTTGCGTGAGA-1_V12D07-075_C1,1
AGTCGTATAAAGCAGA-1_V12D07-075_C1,2
AGTCGTCGACCACCAA-1_V12D07-075_C1,2
AGTCTAAAGTATACTC-1_V12D07-075_C1,1
AGTCTGGACATCCTTG-1_V12D07-075_C1,8
AGTCTTCTCCTCAAAT-1_V12D07-075_C1,20
AGTCTTTAAAGTGTCC-1_V12D07-075_C1,3
AGTGAACAAACTTCTC-1_V12D07-075_C1,13
AGTGAAGATGGTGTCC-1_V12D07-075_C1,1
AGTGACCTACTTTACG-1_V12D07-075_C1,5
AGTGAGACTTCCAGTA-1_V12D07-075_C1,3
AGTGAGCCTCGCCGCC-1_V12D07-075_C1,17
AGTGAGGGTTTCTGAC-1_V12D07-075_C1,1
AGTGAGTCGAATTAAC-1_V12D07-075_C1,2
AGTGATAACCTGCGCG-1_V12D07-075_C1,2
AGTGATATGAGTAGTT-1_V12D07-075_C1,11
AGTGATTCAAGCAGGA-1_V12D07-075_C1,3
AGTGCACGCTTAAGAA-1_V12D07-075_C1,2
AGTGCGTAGCTCGTAA-1_V12D07-075_C1,11
AGTGCTAAACACAGCA-1_V12D07-075_C1,15
AGTGCTTGCACGAATA-1_V12D07-075_C1,13
AGTGGCGGCAATTTGA-1_V12D07-075_C1,17
AGTGGCGTCTGAAGGT-1_V12D07-075_C1,2
AGTGGCTCCGTCGGCC-1_V12D07-075_C1,12
AGTGGGAGTATACACG-1_V12D07-075_C1,22
AGTGGTTGCGTATAGG-1_V12D07-075_C1,22
AGTGTATTGCGCATTG-1_V12D07-075_C1,17
AGTGTGCTAAGATCGC-1_V12D07-075_C1,22
AGTGTGGTCTATTGTG-1_V12D07-075_C1,9
AGTTAAACACTTGCGA-1_V12D07-075_C1,20
AGTTAAGCGGTCCCGG-1_V12D07-075_C1,10
AGTTACCCTTAAGACT-1_V12D07-075_C1,4
AGTTACCGCACATGGT-1_V12D07-075_C1,4
AGTTACTCTATCGTGG-1_V12D07-075_C1,10
AGTTCACCGGTTGGAC-1_V12D07-075_C1,19
AGTTCCTACAGAATTA-1_V12D07-075_C1,20
AGTTCCTATTTATGTT-1_V12D07-075_C1,2
AGTTCTGCGTTGTATC-1_V12D07-075_C1,19
AGTTGACATCGGCTGG-1_V12D07-075_C1,7
AGTTGACGGTCCTTGC-1_V12D07-075_C1,15
AGTTGCTGACTGATAT-1_V12D07-075_C1,4
AGTTGGCAAGGCTAGA-1_V12D07-075_C1,3
AGTTTATGTAAAGACA-1_V12D07-075_C1,1
AGTTTCGCAGGTCGGA-1_V12D07-075_C1,7
AGTTTGCACCTGCCTC-1_V12D07-075_C1,5
AGTTTGGCACGGGTTG-1_V12D07-075_C1,13
AGTTTGGCCAGACCTA-1_V12D07-075_C1,12
ATAAACGGACCCGTAA-1_V12D07-075_C1,5
ATAAACGTTGCACCAC-1_V12D07-075_C1,13
ATAAAGGCTCGGTCGT-1_V12D07-075_C1,20
ATAAAGGTCAAGTACG-1_V12D07-075_C1,1
ATAAATATTAGCAGCT-1_V12D07-075_C1,11
ATAACGCCGGAGGGTC-1_V12D07-075_C1,3
ATAACGGAGTCCAACG-1_V12D07-075_C1,21
ATAACGTTACCTCCAC-1_V12D07-075_C1,1
ATAAGGTGGAGAACAT-1_V12D07-075_C1,5
ATAAGTACCCGATTGT-1_V12D07-075_C1,1
ATAAGTAGGATTCAGA-1_V12D07-075_C1,17
ATAAGTAGGGCGACTC-1_V12D07-075_C1,10
ATAAGTTACCGCGACG-1_V12D07-075_C1,11
ATAATACCGTTAGCCG-1_V12D07-075_C1,4
ATAATAGCTGTTGAAT-1_V12D07-075_C1,5
ATAATAGTGTAGGGAC-1_V12D07-075_C1,16
ATAATCTTGGAGAACC-1_V12D07-075_C1,2
ATAATTAGCTAAGTAG-1_V12D07-075_C1,15
ATACAGGCCCTCCAAT-1_V12D07-075_C1,5
ATACCACGGGCAACTT-1_V12D07-075_C1,20
ATACCAGGCTAATAGA-1_V12D07-075_C1,7
ATACCGTCATCCATAA-1_V12D07-075_C1,1
ATACCTAACCAAGAAA-1_V12D07-075_C1,8
ATACGAAGGCTTTCCA-1_V12D07-075_C1,1
ATACGCCGGCGAAACC-1_V12D07-075_C1,5
ATACGGGTTTCGATTG-1_V12D07-075_C1,10
ATACGGTGAAGATGCA-1_V12D07-075_C1,22
ATACGTACTTAGCCAC-1_V12D07-075_C1,5
ATACGTCCACTCCTGT-1_V12D07-075_C1,13
ATACGTTATGCACGGA-1_V12D07-075_C1,2
ATACTACCCGTACCAC-1_V12D07-075_C1,2
ATACTAGCATGACCCT-1_V12D07-075_C1,10
ATACTCTCGCCACTCT-1_V12D07-075_C1,7
ATACTGCCTTACACCG-1_V12D07-075_C1,2
ATACTTGTTCTCGAGC-1_V12D07-075_C1,2
ATAGACAACGGGACCT-1_V12D07-075_C1,18
ATAGACGAAGAGAAAG-1_V12D07-075_C1,20
ATAGAGTACTGGGACA-1_V12D07-075_C1,20
ATAGAGTTATCAACTT-1_V12D07-075_C1,17
ATAGCAACTAGGGAAG-1_V12D07-075_C1,2
ATAGCCTCAGTACCCA-1_V12D07-075_C1,4
ATAGCTGCTCTTGTTA-1_V12D07-075_C1,22
ATAGGAATCTAAGCTT-1_V12D07-075_C1,1
ATAGGCGGCTATAGAA-1_V12D07-075_C1,12
ATAGGCTAGCTTCGCA-1_V12D07-075_C1,17
ATAGGGATATCCTTGA-1_V12D07-075_C1,16
ATAGGTTGGGCAGATG-1_V12D07-075_C1,2
ATAGTCTTTGACGTGC-1_V12D07-075_C1,9
ATAGTGAAGCGTTCTC-1_V12D07-075_C1,2
ATAGTTCCACCCACTC-1_V12D07-075_C1,17
ATATAAAGCGCTCGTG-1_V12D07-075_C1,5
ATATAAATGTAGCTGC-1_V12D07-075_C1,5
ATATAACACGGGCGCA-1_V12D07-075_C1,2
ATATACGCTCGTGACG-1_V12D07-075_C1,2
ATATCAACCTACAGAG-1_V12D07-075_C1,17
ATATCGGTAGGGAGAT-1_V12D07-075_C1,1
ATATCGTTCCTCGAAC-1_V12D07-075_C1,2
ATATCTCCCTCGTTAA-1_V12D07-075_C1,10
ATATCTTAGGGCCTTC-1_V12D07-075_C1,2
ATATGGGATAGCAACT-1_V12D07-075_C1,5
ATATGTCTCCCTAGCC-1_V12D07-075_C1,18
ATATGTGCACAAACCA-1_V12D07-075_C1,1
ATATTATCCCGTATTT-1_V12D07-075_C1,22
ATATTCAGTTAAACCT-1_V12D07-075_C1,11
ATATTCCACATAGTGA-1_V12D07-075_C1,19
ATATTCCCACAGGTCA-1_V12D07-075_C1,7
ATATTGCTGTCAAAGT-1_V12D07-075_C1,4
ATATTGGAGAGGCCTT-1_V12D07-075_C1,3
ATATTTAACCCTCAAG-1_V12D07-075_C1,20
ATCAAACACTGTTCCA-1_V12D07-075_C1,3
ATCAAACGAAGGTTTG-1_V12D07-075_C1,12
ATCAATCTGGGCTGCA-1_V12D07-075_C1,2
ATCACATTAGAATATC-1_V12D07-075_C1,10
ATCACGTGCTAATTAA-1_V12D07-075_C1,12
ATCACTTCATCCTCGC-1_V12D07-075_C1,21
ATCAGACGGCACGCCG-1_V12D07-075_C1,11
ATCAGCCTCATGCTGC-1_V12D07-075_C1,2
ATCAGGTAGCTGACAG-1_V12D07-075_C1,1
ATCAGGTCGCCATTGC-1_V12D07-075_C1,1
ATCAGTAGGCAGGGAT-1_V12D07-075_C1,10
ATCATAGCCCTATGTA-1_V12D07-075_C1,2
ATCATCCAATATTTGT-1_V12D07-075_C1,2
ATCATGGACTACCGAC-1_V12D07-075_C1,1
ATCCAACGCAGTCATA-1_V12D07-075_C1,4
ATCCAATGGAGGGTCC-1_V12D07-075_C1,12
ATCCAATGGTACCGAA-1_V12D07-075_C1,22
ATCCACATCGACAGAA-1_V12D07-075_C1,2
ATCCACGCTAAATGTT-1_V12D07-075_C1,1
ATCCACTTTCAGACTA-1_V12D07-075_C1,1
ATCCAGAGCAACAACC-1_V12D07-075_C1,11
ATCCAGGATTCGTGAA-1_V12D07-075_C1,20
ATCCCATTTCCGTGGG-1_V12D07-075_C1,5
ATCCGGACCAGCCTGA-1_V12D07-075_C1,3
ATCCTACCTAAGCTCT-1_V12D07-075_C1,11
ATCCTGAATCGCTGCG-1_V12D07-075_C1,11
ATCCTGCGTGGAATGG-1_V12D07-075_C1,11
ATCCTGCTGCAGATAG-1_V12D07-075_C1,7
ATCCTTCTGAAAGAAC-1_V12D07-075_C1,10
ATCGACCCAATACAGA-1_V12D07-075_C1,2
ATCGACTCTTTCCGTT-1_V12D07-075_C1,20
ATCGCACGCCGGGAGA-1_V12D07-075_C1,20
ATCGCCAGTCAACATT-1_V12D07-075_C1,3
ATCGCTGCGTGCAGCA-1_V12D07-075_C1,1
ATCGCTTTACGTCTCA-1_V12D07-075_C1,1
ATCGGAGACAGACGGC-1_V12D07-075_C1,19
ATCGGCAAGCAGTCCA-1_V12D07-075_C1,17
ATCGGTTACCTAGTAA-1_V12D07-075_C1,22
ATCGTATTCCGAGAAC-1_V12D07-075_C1,22
ATCGTCCAATCGAGTC-1_V12D07-075_C1,9
ATCGTTAGCTAGCGGA-1_V12D07-075_C1,2
ATCGTTCACTTTCGCC-1_V12D07-075_C1,1
ATCTAACGTCCCTATG-1_V12D07-075_C1,22
ATCTAATATCCTACGG-1_V12D07-075_C1,5
ATCTACCATCTGCTCC-1_V12D07-075_C1,2
ATCTAGCTTGTGAGGG-1_V12D07-075_C1,2
ATCTCCCACGGAATAT-1_V12D07-075_C1,2
ATCTCCCTGCAATCTA-1_V12D07-075_C1,7
ATCTCGTGAGCGAAAC-1_V12D07-075_C1,10
ATCTGATAGTGTCTTA-1_V12D07-075_C1,22
ATCTGCACCTCTGCGA-1_V12D07-075_C1,12
ATCTGCTGTTATCGCC-1_V12D07-075_C1,19
ATCTGGGCTGTTCTTG-1_V12D07-075_C1,2
ATCTGGTTAAGACTGT-1_V12D07-075_C1,21
ATCTGTAATTGTACCC-1_V12D07-075_C1,7
ATCTTATCGCACACCC-1_V12D07-075_C1,2
ATCTTGACCTGCAACG-1_V12D07-075_C1,21
ATCTTGACTTGTCCAA-1_V12D07-075_C1,10
ATCTTTCGTATAACCA-1_V12D07-075_C1,1
ATGAAGCCAAGGAGCC-1_V12D07-075_C1,4
ATGAAGTGGACCCAGC-1_V12D07-075_C1,22
ATGACGCCGGCTCTAA-1_V12D07-075_C1,7
ATGACTATGCGACATT-1_V12D07-075_C1,2
ATGAGGAGTGTTAATC-1_V12D07-075_C1,4
ATGAGGGCAGCGGCTA-1_V12D07-075_C1,1
ATGATCGGGAATAGAC-1_V12D07-075_C1,7
ATGATGCAATGGTACA-1_V12D07-075_C1,11
ATGCACCTTCCTTAAT-1_V12D07-075_C1,14
ATGCACTACCGCATTG-1_V12D07-075_C1,21
ATGCATGATCCAGGAT-1_V12D07-075_C1,20
ATGCCAATCGCTCTGC-1_V12D07-075_C1,1
ATGCCATTTGCGACCA-1_V12D07-075_C1,13
ATGCCGGTCTTGCATA-1_V12D07-075_C1,2
ATGCCGGTTGATGGGA-1_V12D07-075_C1,10
ATGCGACAATTGGTCC-1_V12D07-075_C1,1
ATGCGACAGTCCCATT-1_V12D07-075_C1,2
ATGCGAGTCCCACCAC-1_V12D07-075_C1,13
ATGCTCAGTGTTGCAT-1_V12D07-075_C1,6
ATGCTCTGGCGCGGTA-1_V12D07-075_C1,2
ATGCTTAGGAGTTGAT-1_V12D07-075_C1,13
ATGGAACCTTTGCACA-1_V12D07-075_C1,1
ATGGAGCAGGCCGTGA-1_V12D07-075_C1,5
ATGGATCCGGCGTCCG-1_V12D07-075_C1,10
ATGGATTGACCAAACG-1_V12D07-075_C1,20
ATGGCAGCCGAGAAAC-1_V12D07-075_C1,20
ATGGCGGAATAGTCGC-1_V12D07-075_C1,1
ATGGCTGGAAATGGCC-1_V12D07-075_C1,1
ATGGGCCTCGGCCTCT-1_V12D07-075_C1,13
ATGGTCGCGTGGTTTC-1_V12D07-075_C1,2
ATGGTTACGAAACATG-1_V12D07-075_C1,1
ATGTAAGGCTGCTCTT-1_V12D07-075_C1,1
ATGTACATGCGGTGAG-1_V12D07-075_C1,13
ATGTACGATGACGTCG-1_V12D07-075_C1,2
ATGTAGCGCGCGTAGG-1_V12D07-075_C1,2
ATGTCATTTCCCATTG-1_V12D07-075_C1,22
ATGTGCATCCGACGCA-1_V12D07-075_C1,20
ATGTGGACATCTTGAT-1_V12D07-075_C1,5
ATGTTACGAGCAATAC-1_V12D07-075_C1,4
ATGTTCCTGCCCACCT-1_V12D07-075_C1,22
ATGTTCGTCGACCCAC-1_V12D07-075_C1,20
ATGTTGATTAGAGACT-1_V12D07-075_C1,2
ATGTTGTAGTCTGTTT-1_V12D07-075_C1,3
ATGTTTCGGCCCGGAG-1_V12D07-075_C1,1
ATTAAACATGCGGACC-1_V12D07-075_C1,2
ATTAACACCTGAGATA-1_V12D07-075_C1,4
ATTAATACTACGCGGG-1_V12D07-075_C1,20
ATTAATGAACCAGTCG-1_V12D07-075_C1,10
ATTAATTCGGTCACTC-1_V12D07-075_C1,7
ATTACAACTACCGGCC-1_V12D07-075_C1,1
ATTACATGTCAGTCTT-1_V12D07-075_C1,13
ATTACCACACTGCCTG-1_V12D07-075_C1,10
ATTACGACTCCACAGT-1_V12D07-075_C1,1
ATTACGCGCTGGCAGG-1_V12D07-075_C1,11
ATTACTAGCCTCTTGC-1_V12D07-075_C1,7
ATTACTTACTGGGCAT-1_V12D07-075_C1,10
ATTAGATTCCTCAGCA-1_V12D07-075_C1,1
ATTAGATTGATAGCGG-1_V12D07-075_C1,7
ATTAGGCGATGCTTTC-1_V12D07-075_C1,5
ATTATACTTTGCTCGT-1_V12D07-075_C1,10
ATTATAGCTACTTTAC-1_V12D07-075_C1,1
ATTATCGGAATGTACG-1_V12D07-075_C1,5
ATTATCTCGACAGATC-1_V12D07-075_C1,7
ATTATGCCATAGGGAG-1_V12D07-075_C1,10
ATTATTCAGAGTCACT-1_V12D07-075_C1,2
ATTCAAAGTACCTGTT-1_V12D07-075_C1,22
ATTCAACCATTTAAGG-1_V12D07-075_C1,2
ATTCACTGATGTTGGA-1_V12D07-075_C1,5
ATTCAGGACCTATTTC-1_V12D07-075_C1,10
ATTCAGTAGCAGGGTC-1_V12D07-075_C1,4
ATTCATATACTGTCCA-1_V12D07-075_C1,5
ATTCATCGTTGAGGCA-1_V12D07-075_C1,2
ATTCCCACATAAACAA-1_V12D07-075_C1,4
ATTCCTAAGACGTGGA-1_V12D07-075_C1,1
ATTCCTCCGCCAGTGC-1_V12D07-075_C1,4
ATTCCTTCCAGGCGGT-1_V12D07-075_C1,14
ATTCGACGCCGGGCCT-1_V12D07-075_C1,16
ATTCGCGCCTTGAGAG-1_V12D07-075_C1,2
ATTCGTGCTATCTCTT-1_V12D07-075_C1,1
ATTCTCGTCTCTTTAG-1_V12D07-075_C1,7
ATTCTGAGTATGAACT-1_V12D07-075_C1,1
ATTCTTCGTACTTATG-1_V12D07-075_C1,1
ATTGAAGATCTTAGTG-1_V12D07-075_C1,20
ATTGACCGGCGATGAC-1_V12D07-075_C1,1
ATTGACGTAACTCGGT-1_V12D07-075_C1,7
ATTGATAGCAACGAGA-1_V12D07-075_C1,19
ATTGATGAGTCCTAAC-1_V12D07-075_C1,18
ATTGCCTTTATGTTTG-1_V12D07-075_C1,2
ATTGCGATCAGTAACT-1_V12D07-075_C1,13
ATTGCTGCTCCTCCAT-1_V12D07-075_C1,20
ATTGGATTACAGCGTA-1_V12D07-075_C1,13
ATTGGGAATATCTTGG-1_V12D07-075_C1,7
ATTGGGAGTTCTGTAA-1_V12D07-075_C1,1
ATTGGTAGGATCCGCT-1_V12D07-075_C1,22
ATTGGTTGTGCATTAC-1_V12D07-075_C1,3
ATTGTACAACTCGGCT-1_V12D07-075_C1,17
ATTGTCGCAATACCTT-1_V12D07-075_C1,10
ATTGTCTGTTTCATGT-1_V12D07-075_C1,21
ATTGTGACTTCGCTGC-1_V12D07-075_C1,1
ATTGTTCAACGATCCG-1_V12D07-075_C1,10
ATTTAACTCGTATTAC-1_V12D07-075_C1,7
ATTTACAGTTTACTGG-1_V12D07-075_C1,4
ATTTACTAAGTCCATT-1_V12D07-075_C1,1
ATTTCATTATTTCGCG-1_V12D07-075_C1,10
ATTTGTCTTGGGAGCT-1_V12D07-075_C1,2
ATTTGTTCCAGGGCTC-1_V12D07-075_C1,10
CAAACCAGGTCTGCAT-1_V12D07-075_C1,22
CAAACCCTCCGGCGGG-1_V12D07-075_C1,12
CAAACGAGTATCGCAG-1_V12D07-075_C1,11
CAAACGGTCGCACTTT-1_V12D07-075_C1,4
CAAACTACGATAGAGA-1_V12D07-075_C1,10
CAAACTATTGAGCTTC-1_V12D07-075_C1,7
CAAACTCGCGACGCCG-1_V12D07-075_C1,18
CAAAGGTCATCTGAAA-1_V12D07-075_C1,10
CAAAGGTTAAATTCAG-1_V12D07-075_C1,1
CAAAGTCAGGTTAGCT-1_V12D07-075_C1,16
CAAATGTCCTTCCGTG-1_V12D07-075_C1,5
CAAATTGGATTATGCC-1_V12D07-075_C1,1
CAAATTGTCAGCAAGC-1_V12D07-075_C1,7
CAACACATCTCCTGCC-1_V12D07-075_C1,1
CAACATGGCCTGATAA-1_V12D07-075_C1,4
CAACCAGTGGCCTACC-1_V12D07-075_C1,13
CAACCGCACCTAGACA-1_V12D07-075_C1,22
CAACCTACCGAGCAGT-1_V12D07-075_C1,2
CAACCTGAACCTGCCA-1_V12D07-075_C1,1
CAACGACCCGTTTACA-1_V12D07-075_C1,7
CAACGGTTCTTGATAC-1_V12D07-075_C1,14
CAACGTGGTGGAGTCT-1_V12D07-075_C1,13
CAACTATATCGAATGC-1_V12D07-075_C1,10
CAACTCCGTAACTTGC-1_V12D07-075_C1,1
CAACTCCTTGATCCCG-1_V12D07-075_C1,7
CAACTGCTCATCCGAT-1_V12D07-075_C1,11
CAACTTGTAGTGGGCA-1_V12D07-075_C1,21
CAAGAAACCCTAAACT-1_V12D07-075_C1,1
CAAGACTCAGAAGCGC-1_V12D07-075_C1,1
CAAGAGGGCGGAGTAC-1_V12D07-075_C1,2
CAAGATATTATAACGT-1_V12D07-075_C1,13
CAAGCAACGTCGGAGT-1_V12D07-075_C1,4
CAAGCACCAAATGCCT-1_V12D07-075_C1,7
CAAGCGGCACATAATT-1_V12D07-075_C1,5
CAAGGATCGCATGTTC-1_V12D07-075_C1,5
CAAGGCCAGTGGTGCA-1_V12D07-075_C1,2
CAAGGTCCTATAGGCT-1_V12D07-075_C1,10
CAAGTAAGTGATAGAC-1_V12D07-075_C1,5
CAAGTGAACTTTGGTT-1_V12D07-075_C1,7
CAAGTGTGGTTGCAAA-1_V12D07-075_C1,13
CAATAAACCTTGGCCC-1_V12D07-075_C1,21
CAATACGAGAGTCTGA-1_V12D07-075_C1,1
CAATACGCTCTGAGGC-1_V12D07-075_C1,12
CAATATTCTTGACCTA-1_V12D07-075_C1,12
CAATATTGGACTAGTG-1_V12D07-075_C1,8
CAATCCCTATACCAGC-1_V12D07-075_C1,1
CAATCCTGCCGTGGAG-1_V12D07-075_C1,6
CAATGAGGTTCGACTA-1_V12D07-075_C1,1
CAATGCGAGAAGTATC-1_V12D07-075_C1,8
CAATGGAATCTACATA-1_V12D07-075_C1,1
CAATGGATCTCTACCA-1_V12D07-075_C1,18
CAATGGTCGGCCTGGG-1_V12D07-075_C1,7
CAATGTGCCAACCCTT-1_V12D07-075_C1,1
CAATTAAGGGTGATGA-1_V12D07-075_C1,2
CAATTTCGTATAAGGG-1_V12D07-075_C1,2
CAATTTGACCGGGAAG-1_V12D07-075_C1,4
CACAAGAAAGATATTA-1_V12D07-075_C1,1
CACAATGAGCTGCTAT-1_V12D07-075_C1,5
CACACACGCTAACGAG-1_V12D07-075_C1,13
CACACAGCTTGCGCTC-1_V12D07-075_C1,10
CACACAGGGATAGATT-1_V12D07-075_C1,4
CACACGCGCTGTCTTA-1_V12D07-075_C1,3
CACACTTGTATTGCGA-1_V12D07-075_C1,1
CACAGCACCCACGGCA-1_V12D07-075_C1,5
CACAGCTAGGGAGTGA-1_V12D07-075_C1,10
CACAGGGCCATATAGT-1_V12D07-075_C1,15
CACAGGGCCGTTGTCA-1_V12D07-075_C1,5
CACAGTCCCGCTTCGC-1_V12D07-075_C1,13
CACAGTTCGCTTCCCA-1_V12D07-075_C1,13
CACATATTAGCAGGAT-1_V12D07-075_C1,2
CACATCTCACCGACGA-1_V12D07-075_C1,5
CACATGATTCAGCAAC-1_V12D07-075_C1,2
CACATGTTTGGACATG-1_V12D07-075_C1,14
CACATTCTTTCGATGG-1_V12D07-075_C1,10
CACATTTCTTGTCAGA-1_V12D07-075_C1,18
CACCACGCCACACAGA-1_V12D07-075_C1,22
CACCATCGGAGGAGAC-1_V12D07-075_C1,7
CACCATGATCGCAAAG-1_V12D07-075_C1,1
CACCCAAATCTTATGT-1_V12D07-075_C1,10
CACCCACACGTCACCC-1_V12D07-075_C1,19
CACCCACGAGGCAATT-1_V12D07-075_C1,10
CACCCGGTTTGTGACT-1_V12D07-075_C1,12
CACCCTAACAAGATCT-1_V12D07-075_C1,8
CACCCTTTCCTCGCTC-1_V12D07-075_C1,21
CACCGATACACCGAGC-1_V12D07-075_C1,7
CACCGCCAGAAGGTTT-1_V12D07-075_C1,20
CACCGCCGACCAGCGA-1_V12D07-075_C1,7
CACCGCGTCCACTCTA-1_V12D07-075_C1,1
CACCGGAGATATCTCC-1_V12D07-075_C1,1
CACCGTATCCCATCCG-1_V12D07-075_C1,13
CACCGTTAGGGATCAC-1_V12D07-075_C1,12
CACCGTTGCGCGATAT-1_V12D07-075_C1,12
CACCTAATAGAGTCGT-1_V12D07-075_C1,16
CACCTAATCAGTTTAC-1_V12D07-075_C1,10
CACCTCGATGGTGGAC-1_V12D07-075_C1,7
CACCTTGCGAAACTCG-1_V12D07-075_C1,10
CACCTTGGCGCCTTTG-1_V12D07-075_C1,3
CACGAAAGTTAGTCCC-1_V12D07-075_C1,14
CACGACGTAATAGTAA-1_V12D07-075_C1,1
CACGCACAGCGCAGCT-1_V12D07-075_C1,20
CACGCAGCGAGGCTTT-1_V12D07-075_C1,20
CACGCGGAACTGTTGC-1_V12D07-075_C1,13
CACGGACGTGGATGGC-1_V12D07-075_C1,1
CACGGCGCGCCAAAGG-1_V12D07-075_C1,1
CACGGGATTGAGGGTT-1_V12D07-075_C1,9
CACGTCAATCAATGGA-1_V12D07-075_C1,13
CACGTCGGCAACCTCT-1_V12D07-075_C1,12
CACGTCGGGTTCTAGA-1_V12D07-075_C1,22
CACGTCTATGATGTGG-1_V12D07-075_C1,1
CACGTTCGTGCTCTAG-1_V12D07-075_C1,3
CACGTTTCGTACACAC-1_V12D07-075_C1,2
CACTAAAGTTGCCTAT-1_V12D07-075_C1,20
CACTACGGGAGCTGCC-1_V12D07-075_C1,15
CACTACTCAGTTCTGT-1_V12D07-075_C1,7
CACTCAAGAGCTATGG-1_V12D07-075_C1,2
CACTCAGCTCTTGAGG-1_V12D07-075_C1,7
CACTCCTCTCGGTCGG-1_V12D07-075_C1,10
CACTCGAGCTGAACAA-1_V12D07-075_C1,5
CACTCGGTTAGGAGGA-1_V12D07-075_C1,11
CACTCTTCTGCTAGCC-1_V12D07-075_C1,2
CACTGACGATTGTGGA-1_V12D07-075_C1,5
CACTGTCCAAGTGAGA-1_V12D07-075_C1,14
CACTTAATCAGACGGA-1_V12D07-075_C1,20
CACTTCGCCACAGGCT-1_V12D07-075_C1,8
CACTTCGTCTTATCTC-1_V12D07-075_C1,22
CAGAACTTAGCCCTCT-1_V12D07-075_C1,19
CAGAATAACACACGGA-1_V12D07-075_C1,13
CAGAATATTCGTTATC-1_V12D07-075_C1,10
CAGACACCGATCGCTG-1_V12D07-075_C1,11
CAGACCTGTAAGTGTT-1_V12D07-075_C1,17
CAGACGAACCTGATAC-1_V12D07-075_C1,11
CAGAGACGGTCACCCA-1_V12D07-075_C1,11
CAGAGCATGAGCTTGC-1_V12D07-075_C1,20
CAGAGCGATGGATGCT-1_V12D07-075_C1,3
CAGAGGCGATGCATGA-1_V12D07-075_C1,12
CAGAGTGATTTAACGT-1_V12D07-075_C1,7
CAGATAATGGGCGGGT-1_V12D07-075_C1,6
CAGATACTAACATAGT-1_V12D07-075_C1,21
CAGATCATTTAAAGTC-1_V12D07-075_C1,1
CAGCAGCCCGTTCCTT-1_V12D07-075_C1,17
CAGCAGTCCAGACTAT-1_V12D07-075_C1,13
CAGCAGTCTGTGCTGC-1_V12D07-075_C1,2
CAGCCGGGCCCTCTAT-1_V12D07-075_C1,10
CAGCCTCCTGCAGAGG-1_V12D07-075_C1,10
CAGCCTCGATAGCGGT-1_V12D07-075_C1,3
CAGCCTCTCCTCAAGA-1_V12D07-075_C1,1
CAGCGATTCCCTTCAA-1_V12D07-075_C1,12
CAGCGCCAACACGATA-1_V12D07-075_C1,22
CAGCTCACTGAGACAT-1_V12D07-075_C1,21
CAGCTCGACAAGTTAA-1_V12D07-075_C1,18
CAGCTCGTGCTTGTGT-1_V12D07-075_C1,7
CAGCTTAGTAGGTAGC-1_V12D07-075_C1,5
CAGGAAGACTTTATAT-1_V12D07-075_C1,10
CAGGACAGCTGCCCTT-1_V12D07-075_C1,1
CAGGATATATCGTTGT-1_V12D07-075_C1,2
CAGGCAGTCTTACCAG-1_V12D07-075_C1,2
CAGGCCGTTTGGGTGT-1_V12D07-075_C1,11
CAGGCGCCATGCTAGG-1_V12D07-075_C1,5
CAGTAACTATTTATTG-1_V12D07-075_C1,1
CAGTAATCCCTCCCAG-1_V12D07-075_C1,16
CAGTACATTCTCTAAA-1_V12D07-075_C1,10
CAGTAGATGATGTCCG-1_V12D07-075_C1,22
CAGTAGCCCACGCGGT-1_V12D07-075_C1,17
CAGTCGAGGATGCAAT-1_V12D07-075_C1,17
CAGTCTCTCGGCTAAT-1_V12D07-075_C1,7
CAGTCTGTATACTGGG-1_V12D07-075_C1,5
CAGTGAATAAATGACT-1_V12D07-075_C1,10
CAGTGGTTGCACATGA-1_V12D07-075_C1,6
CAGTGTCCGCAGAATG-1_V12D07-075_C1,4
CAGTGTCGGCTGGCCC-1_V12D07-075_C1,2
CAGTTCAAATTGACAC-1_V12D07-075_C1,20
CAGTTCCGCGGGTCGA-1_V12D07-075_C1,4
CAGTTCGAGGACCCGA-1_V12D07-075_C1,3
CATAACGGACAGTCGT-1_V12D07-075_C1,3
CATAAGAAGCTTGGCT-1_V12D07-075_C1,21
CATAATGAGCGGGCGA-1_V12D07-075_C1,7
CATACAAAGCCGAACC-1_V12D07-075_C1,7
CATACACGGTTCCCAC-1_V12D07-075_C1,5
CATACCCGTACCCAGT-1_V12D07-075_C1,20
CATACGGCGTCTGGGC-1_V12D07-075_C1,2
CATACTATGTAATTGT-1_V12D07-075_C1,20
CATACTTAGGCAATAC-1_V12D07-075_C1,1
CATACTTCTTTCTCCG-1_V12D07-075_C1,5
CATAGAGGAGATACTA-1_V12D07-075_C1,2
CATAGCCGCCCGGGAT-1_V12D07-075_C1,19
CATAGCGTTGCCCACC-1_V12D07-075_C1,12
CATAGTACATTGAGAG-1_V12D07-075_C1,10
CATAGTAGCATAGTAG-1_V12D07-075_C1,7
CATAGTCAAATACATA-1_V12D07-075_C1,2
CATAGTCCACAAGAAC-1_V12D07-075_C1,12
CATAGTGGGCACGCCT-1_V12D07-075_C1,3
CATATACTACTGATAA-1_V12D07-075_C1,1
CATATAGGTACAGTCA-1_V12D07-075_C1,2
CATATTATTTGCCCTA-1_V12D07-075_C1,1
CATCAAACTGGCGCCC-1_V12D07-075_C1,1
CATCAACACCTACTAA-1_V12D07-075_C1,22
CATCATCTACCCGGAC-1_V12D07-075_C1,7
CATCATTACCCTGAGG-1_V12D07-075_C1,2
CATCCCGAGATTCATA-1_V12D07-075_C1,3
CATCCGCAGGCCCGAA-1_V12D07-075_C1,22
CATCCTCTCAAAGATC-1_V12D07-075_C1,2
CATCGCCCGCGGCCAA-1_V12D07-075_C1,7
CATCGGACGGGTTAAT-1_V12D07-075_C1,2
CATCGTCCGGTTACTA-1_V12D07-075_C1,4
CATCTACCCGAGAACG-1_V12D07-075_C1,1
CATCTAGTGAAGGGAA-1_V12D07-075_C1,1
CATCTATCCCGTGTCT-1_V12D07-075_C1,10
CATCTGCAGGATCATT-1_V12D07-075_C1,22
CATCTTACACCACCTC-1_V12D07-075_C1,17
CATGAACCGACATTTG-1_V12D07-075_C1,7
CATGAACCTCTTATCA-1_V12D07-075_C1,7
CATGACTTCGCTGAAT-1_V12D07-075_C1,17
CATGAGATGCACTCTC-1_V12D07-075_C1,2
CATGATCGCTTTGAGA-1_V12D07-075_C1,3
CATGATGCACAATTCT-1_V12D07-075_C1,21
CATGATGGAAGTTAGC-1_V12D07-075_C1,13
CATGCATGGAGACCCT-1_V12D07-075_C1,7
CATGCGACCAGTTTAA-1_V12D07-075_C1,17
CATGCGTTAGACAGAA-1_V12D07-075_C1,7
CATGCTGGCTCCAATT-1_V12D07-075_C1,7
CATGGAAATGGGACCA-1_V12D07-075_C1,1
CATGGATTGTCTTCCG-1_V12D07-075_C1,13
CATGGCAGGAAGATCG-1_V12D07-075_C1,7
CATGGCTCCCTATGTC-1_V12D07-075_C1,22
CATGGGTATGCCTTAT-1_V12D07-075_C1,8
CATGGGTCGGGTGTGG-1_V12D07-075_C1,10
CATGGTAAGTAGCGTT-1_V12D07-075_C1,2
CATGGTCTAGATACCG-1_V12D07-075_C1,20
CATGGTTTATTAATCA-1_V12D07-075_C1,2
CATGTAAGAGACATTT-1_V12D07-075_C1,2
CATGTAGGAGCGCCAA-1_V12D07-075_C1,1
CATGTCTCATTTATGG-1_V12D07-075_C1,2
CATTACATAGATTGTG-1_V12D07-075_C1,1
CATTACGCAGGAAGGG-1_V12D07-075_C1,3
CATTACGTCGGCCCGT-1_V12D07-075_C1,7
CATTATGCTTGTTGTG-1_V12D07-075_C1,20
CATTCACTGACAGCTA-1_V12D07-075_C1,7
CATTCCCATTCCGTCG-1_V12D07-075_C1,1
CATTCCCTAAGTACAA-1_V12D07-075_C1,4
CATTCGTCGTAGCGGT-1_V12D07-075_C1,3
CATTGATGAACACGCC-1_V12D07-075_C1,1
CATTGCGAAATGGGCG-1_V12D07-075_C1,11
CATTGCGGGTCAATTC-1_V12D07-075_C1,1
CATTGTGTGCTAGATC-1_V12D07-075_C1,4
CATTTAGCGGACCATG-1_V12D07-075_C1,10
CATTTATCGTTCAAGA-1_V12D07-075_C1,7
CATTTCTAGCAGACTA-1_V12D07-075_C1,16
CATTTGAGTGGTACGT-1_V12D07-075_C1,11
CCAAACAGAACCCTCG-1_V12D07-075_C1,20
CCAAAGCAGTTGGTTG-1_V12D07-075_C1,14
CCAAATAACAAGATTC-1_V12D07-075_C1,17
CCAACGATGCACTGAT-1_V12D07-075_C1,4
CCAACGCTTGCCAGGG-1_V12D07-075_C1,1
CCAACTTGATAGATCC-1_V12D07-075_C1,10
CCAAGAAAGTGGGCGA-1_V12D07-075_C1,11
CCAAGACTTCTGCGAA-1_V12D07-075_C1,10
CCAAGCGTAACTCGTA-1_V12D07-075_C1,2
CCAAGGAACAGAGAGG-1_V12D07-075_C1,7
CCAAGGTTGCCCTTTC-1_V12D07-075_C1,3
CCAAGTTTCTACAGAT-1_V12D07-075_C1,22
CCAATAGATTTCATCT-1_V12D07-075_C1,22
CCAATAGTGCCGTCGA-1_V12D07-075_C1,20
CCAATCGGTAGATCGA-1_V12D07-075_C1,10
CCAATGTCACAGCAAG-1_V12D07-075_C1,20
CCAATTACGGGTCGAG-1_V12D07-075_C1,10
CCAATTGAATGTTAAT-1_V12D07-075_C1,21
CCACAATGTACGTCTT-1_V12D07-075_C1,18
CCACACTGAGATATTA-1_V12D07-075_C1,20
CCACAGCTGAAATCAT-1_V12D07-075_C1,7
CCACAGTACCCATCCT-1_V12D07-075_C1,13
CCACATACTGCACCCA-1_V12D07-075_C1,10
CCACCAACTTTACTGT-1_V12D07-075_C1,12
CCACCCAAGGAAAGTG-1_V12D07-075_C1,12
CCACCTGTATGGAATA-1_V12D07-075_C1,3
CCACGAATTTAACCTC-1_V12D07-075_C1,17
CCACGAGAAGAGAATC-1_V12D07-075_C1,7
CCACGGTGCCCGGTAG-1_V12D07-075_C1,10
CCACGTAAATTAGACT-1_V12D07-075_C1,1
CCACTATCCGGGTCAC-1_V12D07-075_C1,1
CCACTGGTGGCTGGTT-1_V12D07-075_C1,11
CCACTGTTTGGATTAA-1_V12D07-075_C1,2
CCAGAAACTGATGCGA-1_V12D07-075_C1,12
CCAGAAAGCAACTCAT-1_V12D07-075_C1,12
CCAGAGACAAAGCCGG-1_V12D07-075_C1,4
CCAGATAGTTGAGTGA-1_V12D07-075_C1,18
CCAGCCTGGACCAATA-1_V12D07-075_C1,2
CCAGCGGGATCACCAG-1_V12D07-075_C1,1
CCAGCTACGCCTCATA-1_V12D07-075_C1,7
CCAGCTCGAACGCATT-1_V12D07-075_C1,2
CCAGCTGATGGTACTT-1_V12D07-075_C1,11
CCAGCTTCCGCCCGCA-1_V12D07-075_C1,4
CCAGGCTGGCGTCTGA-1_V12D07-075_C1,17
CCAGGGACGTGGCCTC-1_V12D07-075_C1,20
CCAGTAGTCTGATCCA-1_V12D07-075_C1,17
CCAGTCCATTATTCGA-1_V12D07-075_C1,16
CCAGTCTAGACGGCGC-1_V12D07-075_C1,10
CCAGTCTTGTCATAGA-1_V12D07-075_C1,5
CCATAAACAACCCGAC-1_V12D07-075_C1,7
CCATACCTTTACTTGT-1_V12D07-075_C1,17
CCATACTCGCCTCTCC-1_V12D07-075_C1,22
CCATAGGTTGGCGTGG-1_V12D07-075_C1,7
CCATAGTCAGTAACCC-1_V12D07-075_C1,22
CCATATGGAAACTATA-1_V12D07-075_C1,13
CCATATTGGATCATGA-1_V12D07-075_C1,4
CCATCCATACCAAGTC-1_V12D07-075_C1,7
CCATCGCAGTTAAACT-1_V12D07-075_C1,5
CCATCTCACCAGTGAA-1_V12D07-075_C1,3
CCATCTTGTTCACAAT-1_V12D07-075_C1,21
CCATGCCCTAGATTTC-1_V12D07-075_C1,2
CCATGCCTGTTTAGTA-1_V12D07-075_C1,20
CCATGCTCTGCAGGAA-1_V12D07-075_C1,21
CCATGGCCCTTGTACC-1_V12D07-075_C1,4
CCATTAGCGATAATCC-1_V12D07-075_C1,20
CCATTCCCTGCCCACA-1_V12D07-075_C1,4
CCATTGTTTCCTCCAT-1_V12D07-075_C1,1
CCATTTCTACCTATTA-1_V12D07-075_C1,5
CCCAAACATGCTGCTC-1_V12D07-075_C1,3
CCCAACATACGTCGCG-1_V12D07-075_C1,11
CCCAACCACACTAACA-1_V12D07-075_C1,7
CCCAAGTCATTACACT-1_V12D07-075_C1,2
CCCAATTTCACAACTT-1_V12D07-075_C1,11
CCCAGAGGAGGGCGTA-1_V12D07-075_C1,1
CCCAGGTCTGAAGGCT-1_V12D07-075_C1,13
CCCAGTTAAGGCGCCG-1_V12D07-075_C1,1
CCCATATAGGTCGATT-1_V12D07-075_C1,3
CCCGACCATAGTCCGC-1_V12D07-075_C1,10
CCCGAGTTTCTCCGTA-1_V12D07-075_C1,3
CCCGATAGCCTCGCCT-1_V12D07-075_C1,1
CCCGCAGCGCGAACTA-1_V12D07-075_C1,5
CCCGCAGGGCCCAAAG-1_V12D07-075_C1,1
CCCGCCATGCTCCCGT-1_V12D07-075_C1,4
CCCGCGCAATGCACCC-1_V12D07-075_C1,6
CCCGGCTAGGTGAGAA-1_V12D07-075_C1,22
CCCGGGTCGTTCAGGG-1_V12D07-075_C1,2
CCCGGTGGAAGAACCT-1_V12D07-075_C1,8
CCCGTAAGTCTAGGCC-1_V12D07-075_C1,12
CCCGTAGCTGGGAAGA-1_V12D07-075_C1,12
CCCGTCAGCGTCTGAC-1_V12D07-075_C1,10
CCCGTTTCGCAGATGT-1_V12D07-075_C1,13
CCCTACTTGAACAATG-1_V12D07-075_C1,2
CCCTAGTGTCAGGTGT-1_V12D07-075_C1,4
CCCTCAAGCTCTTAGT-1_V12D07-075_C1,4
CCCTCATTCTGGAATT-1_V12D07-075_C1,7
CCCTCCTCGCTCGTAT-1_V12D07-075_C1,13
CCCTGAAATGAGTTGA-1_V12D07-075_C1,4
CCCTGACTAACAAATT-1_V12D07-075_C1,11
CCCTGATGTAACTCGT-1_V12D07-075_C1,22
CCCTGCGCTACGCATA-1_V12D07-075_C1,4
CCCTGGTATGGGCGGC-1_V12D07-075_C1,7
CCCTGTTGGCAAAGAC-1_V12D07-075_C1,22
CCCTTTAATGGAGTTC-1_V12D07-075_C1,13
CCCTTTGACAGGTCTT-1_V12D07-075_C1,5
CCGAAAGTGGTGAGCA-1_V12D07-075_C1,14
CCGAACCTTCCCGGCC-1_V12D07-075_C1,5
CCGAAGGGCGTACCGC-1_V12D07-075_C1,1
CCGAAGTATATTGTTC-1_V12D07-075_C1,4
CCGACAAACACATGAG-1_V12D07-075_C1,21
CCGACAAAGGGAGTGC-1_V12D07-075_C1,4
CCGACAATAGGCCGCC-1_V12D07-075_C1,13
CCGACGTAAACACAAC-1_V12D07-075_C1,1
CCGACTCGCATAGTCT-1_V12D07-075_C1,7
CCGAGAAGTCGCATAA-1_V12D07-075_C1,7
CCGAGCTGTGCTTGTC-1_V12D07-075_C1,1
CCGAGGGATGTTAGGC-1_V12D07-075_C1,7
CCGATATGACGTAAGG-1_V12D07-075_C1,10
CCGATCTCAACCTTAT-1_V12D07-075_C1,17
CCGATTCGAGGGACCC-1_V12D07-075_C1,11
CCGCACAAAGACCAAC-1_V12D07-075_C1,2
CCGCACACGAACGTGT-1_V12D07-075_C1,1
CCGCACGTGACCTCGG-1_V12D07-075_C1,4
CCGCACTTGCAATGAC-1_V12D07-075_C1,3
CCGCATGTGGTACGAT-1_V12D07-075_C1,5
CCGCCGGTCAACACAC-1_V12D07-075_C1,7
CCGCCGTTGAGGATAA-1_V12D07-075_C1,1
CCGCCTGCGAATTGGT-1_V12D07-075_C1,1
CCGCGATTTGGTAGGT-1_V12D07-075_C1,11
CCGCGGAATGCGTCAC-1_V12D07-075_C1,12
CCGCGGGTACGAAGAA-1_V12D07-075_C1,19
CCGCGTAGGTAAGGGC-1_V12D07-075_C1,4
CCGCTATCAGCACCAG-1_V12D07-075_C1,2
CCGCTCTTCCGAACTA-1_V12D07-075_C1,2
CCGCTGGTGCCATTCA-1_V12D07-075_C1,7
CCGCTTACCTCACTCT-1_V12D07-075_C1,12
CCGCTTGCTGACATGG-1_V12D07-075_C1,1
CCGGAAGTTATCAGTC-1_V12D07-075_C1,10
CCGGAATGGTTTCAGT-1_V12D07-075_C1,4
CCGGAGCGTACTTTCT-1_V12D07-075_C1,5
CCGGAGGTCTTATGGT-1_V12D07-075_C1,1
CCGGCACGACCGTTTC-1_V12D07-075_C1,1
CCGGCGCATATTGGAT-1_V12D07-075_C1,7
CCGGGACCCGCAGAGA-1_V12D07-075_C1,7
CCGGGCGGTCTCGTCA-1_V12D07-075_C1,2
CCGGGCTGCTCCATAC-1_V12D07-075_C1,3
CCGGGTTCGAGGTTAC-1_V12D07-075_C1,20
CCGGTAATGGCTAGTC-1_V12D07-075_C1,1
CCGGTGCGAGTGATAG-1_V12D07-075_C1,22
CCGGTTTGTAATTGTG-1_V12D07-075_C1,12
CCGTAAGTTGGTCCCA-1_V12D07-075_C1,3
CCGTACCCAAGCGCCA-1_V12D07-075_C1,7
CCGTAGGAAATCCCTG-1_V12D07-075_C1,2
CCGTAGGGTTGTTTAC-1_V12D07-075_C1,2
CCGTATTAGCGCAGTT-1_V12D07-075_C1,1
CCGTGAGGCATTCATG-1_V12D07-075_C1,1
CCGTGCCCATGACGGC-1_V12D07-075_C1,7
CCGTGGAACGATCCAA-1_V12D07-075_C1,1
CCGTGTTAAATTCCAT-1_V12D07-075_C1,12
CCGTTACGTTAGAACA-1_V12D07-075_C1,10
CCGTTCCGAATCTCGG-1_V12D07-075_C1,11
CCTAAAGGCTGACGCT-1_V12D07-075_C1,10
CCTAAATTAACGGTTC-1_V12D07-075_C1,5
CCTAAATTGTATCCTA-1_V12D07-075_C1,17
CCTAACCCAAACAAGT-1_V12D07-075_C1,2
CCTAACTAAGGCTCTA-1_V12D07-075_C1,10
CCTACAAGTCCGGAAT-1_V12D07-075_C1,1
CCTACGGCTCAGTCGA-1_V12D07-075_C1,19
CCTACTCAACACGATT-1_V12D07-075_C1,3
CCTACTGCTTACACTT-1_V12D07-075_C1,20
CCTAGGCGTAGCGATC-1_V12D07-075_C1,3
CCTAGTTAGTCGCATG-1_V12D07-075_C1,7
CCTATAATGAGTGCCC-1_V12D07-075_C1,2
CCTATACCGTCCTGTC-1_V12D07-075_C1,12
CCTATATTTGTCCTGG-1_V12D07-075_C1,5
CCTATCTATATCGGAA-1_V12D07-075_C1,10
CCTATGAAGTGGTGCC-1_V12D07-075_C1,1
CCTATGGGTTACCGTC-1_V12D07-075_C1,3
CCTATGGTCAAAGCTG-1_V12D07-075_C1,2
CCTATGTCCACTCCAC-1_V12D07-075_C1,2
CCTCACCAATCTTGAC-1_V12D07-075_C1,4
CCTCACCTGAGGGAGC-1_V12D07-075_C1,18
CCTCACCTTAGCATCG-1_V12D07-075_C1,17
CCTCACGTCAGCTAAT-1_V12D07-075_C1,3
CCTCATGCAGCTACGA-1_V12D07-075_C1,7
CCTCCCGACAATCCCT-1_V12D07-075_C1,7
CCTCCGACAATTCAAG-1_V12D07-075_C1,4
CCTCCTGAGCCCACAT-1_V12D07-075_C1,22
CCTCCTGTTGTGTCGT-1_V12D07-075_C1,2
CCTCGAAGTGGACGGG-1_V12D07-075_C1,7
CCTCGCCAGCAAATTA-1_V12D07-075_C1,10
CCTCGCGCGATATAGG-1_V12D07-075_C1,17
CCTCGCGCTGTGCGAT-1_V12D07-075_C1,5
CCTCGGACCGGGATAG-1_V12D07-075_C1,1
CCTCGGATGCTACCTG-1_V12D07-075_C1,20
CCTCGTTACGCCTGTT-1_V12D07-075_C1,1
CCTCTAATCTGCCAAG-1_V12D07-075_C1,20
CCTCTCTCCCATCTAG-1_V12D07-075_C1,4
CCTCTGGCCTAGACGG-1_V12D07-075_C1,7
CCTCTGTACTATTCTA-1_V12D07-075_C1,5
CCTGAACGATATATTC-1_V12D07-075_C1,3
CCTGAATATTTACATA-1_V12D07-075_C1,20
CCTGACAAACTCGCGC-1_V12D07-075_C1,22
CCTGACCACCGATGGT-1_V12D07-075_C1,5
CCTGCCCGTTGTCTAG-1_V12D07-075_C1,22
CCTGCGATAGAACTGT-1_V12D07-075_C1,4
CCTGCGTTCTACGCTT-1_V12D07-075_C1,20
CCTGCTATTTGAGAAG-1_V12D07-075_C1,7
CCTGGAAACGTTCTGC-1_V12D07-075_C1,1
CCTGGCTAGACCCGCC-1_V12D07-075_C1,20
CCTGGTCGAATGTGGG-1_V12D07-075_C1,5
CCTGTAAGACATGATA-1_V12D07-075_C1,20
CCTGTACTCACGCCCA-1_V12D07-075_C1,11
CCTGTCACCCGGGCTC-1_V12D07-075_C1,2
CCTGTCCCTCACGTTA-1_V12D07-075_C1,1
CCTGTCGCCCGTAAAT-1_V12D07-075_C1,2
CCTGTGAAACCGTAAC-1_V12D07-075_C1,22
CCTGTTTGAAGACACG-1_V12D07-075_C1,2
CCTTCAGTTAAAGTGA-1_V12D07-075_C1,12
CCTTCGTATAGAATCC-1_V12D07-075_C1,2
CCTTCTTGATCCAGTG-1_V12D07-075_C1,7
CCTTGACCACTTTATT-1_V12D07-075_C1,13
CCTTTAAGGGAGCACT-1_V12D07-075_C1,11
CCTTTCAATGAAGAAA-1_V12D07-075_C1,17
CGAAACATAGATGGCA-1_V12D07-075_C1,7
CGAAACGCAATTCATG-1_V12D07-075_C1,12
CGAACAGTATGGGCGT-1_V12D07-075_C1,21
CGAACATAGTCAGAAA-1_V12D07-075_C1,1
CGAACCCGCATGCGTC-1_V12D07-075_C1,11
CGAACGCCCAGTGCCG-1_V12D07-075_C1,7
CGAAGACGGTGAGTGC-1_V12D07-075_C1,22
CGAAGCTATAAATTCA-1_V12D07-075_C1,1
CGAAGTTGCTCTGTGT-1_V12D07-075_C1,4
CGAATGACGCATAATG-1_V12D07-075_C1,5
CGAATTCCCGGTTCAA-1_V12D07-075_C1,3
CGACAATTTGATCTAA-1_V12D07-075_C1,13
CGACACCGCTTAAGGA-1_V12D07-075_C1,21
CGACACGCTCCGACAG-1_V12D07-075_C1,15
CGACAGTTCGCGTTAT-1_V12D07-075_C1,20
CGACATGCGATCTTCT-1_V12D07-075_C1,7
CGACTCAGGATGTTAT-1_V12D07-075_C1,10
CGACTTTGTATAGCCT-1_V12D07-075_C1,10
CGAGACCCTAGAGTGT-1_V12D07-075_C1,2
CGAGACTACTGCTGCT-1_V12D07-075_C1,3
CGAGAGATGTGAACCT-1_V12D07-075_C1,21
CGAGAGCTTTCACTAC-1_V12D07-075_C1,15
CGAGAGGGTAGCCGCG-1_V12D07-075_C1,13
CGAGATTTCGCTCGGG-1_V12D07-075_C1,1
CGAGCACTTCAAGTTT-1_V12D07-075_C1,4
CGAGCCGAGCACTCGA-1_V12D07-075_C1,22
CGAGCGTTGATCAGCC-1_V12D07-075_C1,7
CGAGCTGGGCTTTAGG-1_V12D07-075_C1,7
CGAGGAGCTTCCATAT-1_V12D07-075_C1,1
CGAGGATCGGGAACGA-1_V12D07-075_C1,1
CGAGGCCAGGCATTGG-1_V12D07-075_C1,4
CGAGGCTAAATATGGC-1_V12D07-075_C1,2
CGAGGGACTGCGGTCG-1_V12D07-075_C1,5
CGAGGGTATCCAGGTG-1_V12D07-075_C1,2
CGAGTACTAAAGAGGA-1_V12D07-075_C1,12
CGAGTGCTATAGTTCG-1_V12D07-075_C1,7
CGAGTTCTGTCCCACC-1_V12D07-075_C1,18
CGAGTTTATCGGACTG-1_V12D07-075_C1,3
CGATAATACTCAGGTT-1_V12D07-075_C1,1
CGATACCTCGCGGACA-1_V12D07-075_C1,20
CGATAGTCGTACTGCA-1_V12D07-075_C1,2
CGATATTAGCCGCAGG-1_V12D07-075_C1,7
CGATCCGACCCAGTGC-1_V12D07-075_C1,20
CGATGGACCCTACGCC-1_V12D07-075_C1,17
CGATTAAATATCTCCT-1_V12D07-075_C1,5
CGATTCGCCTGGCTGC-1_V12D07-075_C1,5
CGCAAACACGAGTTAC-1_V12D07-075_C1,4
CGCAATCGATCATTAG-1_V12D07-075_C1,22
CGCAATTACTTTCGGT-1_V12D07-075_C1,4
CGCAATTAGGGTAATA-1_V12D07-075_C1,21
CGCAATTCTACAATAA-1_V12D07-075_C1,6
CGCACATGTCCACTAC-1_V12D07-075_C1,17
CGCACGTGCGCTATCA-1_V12D07-075_C1,17
CGCAGAAACATTTGCG-1_V12D07-075_C1,9
CGCAGATCTTCACCCG-1_V12D07-075_C1,1
CGCAGGCGATCCAAAC-1_V12D07-075_C1,13
CGCATCATGGCTTCAG-1_V12D07-075_C1,1
CGCATCCATCAGCCAG-1_V12D07-075_C1,1
CGCATGCCGAATGCGT-1_V12D07-075_C1,2
CGCATGGTGCGATGCT-1_V12D07-075_C1,5
CGCATTAGCTAATAGG-1_V12D07-075_C1,20
CGCCAAGAAGCCGAGT-1_V12D07-075_C1,12
CGCCAATTATTGCGTT-1_V12D07-075_C1,22
CGCCACCCGCATTAAC-1_V12D07-075_C1,14
CGCCATCCGATTATGA-1_V12D07-075_C1,10
CGCCCAGCACGCCTAG-1_V12D07-075_C1,11
CGCCCAGCGTTTCACG-1_V12D07-075_C1,2
CGCCCGCTTCCGTACA-1_V12D07-075_C1,10
CGCCCTTGAAGGCTGA-1_V12D07-075_C1,4
CGCCGACTATTCGCTA-1_V12D07-075_C1,22
CGCCGCCCATGCCTGT-1_V12D07-075_C1,2
CGCCGTCTACCCATCG-1_V12D07-075_C1,1
CGCCGTTCAGCATAGT-1_V12D07-075_C1,13
CGCCTCCCTCCTCTAT-1_V12D07-075_C1,5
CGCCTGGCCTACGTAA-1_V12D07-075_C1,12
CGCCTTTAGCATGCTC-1_V12D07-075_C1,1
CGCGAAGTGGCATACT-1_V12D07-075_C1,2
CGCGACACTGCGCAGC-1_V12D07-075_C1,4
CGCGACCGCGACAGAT-1_V12D07-075_C1,2
CGCGAGAGGGACTTGT-1_V12D07-075_C1,1
CGCGCATGTTTGATTG-1_V12D07-075_C1,11
CGCGCCCGACTTAATA-1_V12D07-075_C1,10
CGCGGCAGTATTACGG-1_V12D07-075_C1,4
CGCGGCTCAACTTGAA-1_V12D07-075_C1,13
CGCGGGAATTAGGCAG-1_V12D07-075_C1,17
CGCGGTAAGTCTAGCT-1_V12D07-075_C1,1
CGCGGTACGGTATACA-1_V12D07-075_C1,3
CGCGGTCACAAACCAA-1_V12D07-075_C1,1
CGCGTACATTCTGGAA-1_V12D07-075_C1,1
CGCGTTCATGAAATAC-1_V12D07-075_C1,20
CGCTACGGGACATTTA-1_V12D07-075_C1,20
CGCTAGAGACCGCTGC-1_V12D07-075_C1,17
CGCTATACCGCCCACT-1_V12D07-075_C1,7
CGCTATTCAATGTATG-1_V12D07-075_C1,8
CGCTATTCTTAGGCTC-1_V12D07-075_C1,2
CGCTCGACATAATGAT-1_V12D07-075_C1,21
CGCTCTCCGTAGATTA-1_V12D07-075_C1,4
CGCTGGTGACTACCCT-1_V12D07-075_C1,13
CGCTGTGACGCCGCAC-1_V12D07-075_C1,20
CGCTGTGTGGATGTTG-1_V12D07-075_C1,12
CGCTTAGTATTGATAC-1_V12D07-075_C1,5
CGCTTATTCCCGGTCG-1_V12D07-075_C1,12
CGCTTCCACTGAAATC-1_V12D07-075_C1,4
CGCTTCGGTCTAAGAC-1_V12D07-075_C1,2
CGCTTGGACGGATAGA-1_V12D07-075_C1,3
CGCTTTCATACCGGTG-1_V12D07-075_C1,7
CGCTTTCTTGCATTCG-1_V12D07-075_C1,18
CGGAAAGAATCAAACG-1_V12D07-075_C1,12
CGGAAAGCAAATGTGC-1_V12D07-075_C1,22
CGGAACGTAAACATAG-1_V12D07-075_C1,11
CGGAGCAATTTAATCG-1_V12D07-075_C1,5
CGGAGCATGGCGATCC-1_V12D07-075_C1,5
CGGAGCTTATAACACC-1_V12D07-075_C1,1
CGGAGTTTGAGAGACA-1_V12D07-075_C1,4
CGGATAAGCGGACATG-1_V12D07-075_C1,4
CGGATCCTCAAGGACT-1_V12D07-075_C1,2
CGGCAAACATCGTGCG-1_V12D07-075_C1,5
CGGCAATAAGATCGCC-1_V12D07-075_C1,13
CGGCACCGTTAGCGCC-1_V12D07-075_C1,1
CGGCACTCAAGAAAGT-1_V12D07-075_C1,7
CGGCAGGGTCGGGTTG-1_V12D07-075_C1,18
CGGCCACGCACAAAGT-1_V12D07-075_C1,2
CGGCCAGAGCGACCAT-1_V12D07-075_C1,5
CGGCCCAACCTGTAGT-1_V12D07-075_C1,1
CGGCCCAGGTATATCC-1_V12D07-075_C1,3
CGGCGCCATCAATCCC-1_V12D07-075_C1,2
CGGCTCTAAAGCTGCA-1_V12D07-075_C1,18
CGGCTCTTCGTCGAAC-1_V12D07-075_C1,1
CGGCTTTGTATGATAA-1_V12D07-075_C1,7
CGGGAATATAGTATAC-1_V12D07-075_C1,13
CGGGAATTTATGTAAA-1_V12D07-075_C1,13
CGGGAGCTTCAGTGTA-1_V12D07-075_C1,2
CGGGAGTATACCGCCG-1_V12D07-075_C1,4
CGGGATCAATGTAAGA-1_V12D07-075_C1,21
CGGGCAGCTAAACCGC-1_V12D07-075_C1,20
CGGGCCATAGCCGCAC-1_V12D07-075_C1,4
CGGGCCTTCTTTGTAA-1_V12D07-075_C1,2
CGGGCGATGGATCACG-1_V12D07-075_C1,2
CGGGTGTACCCATTTA-1_V12D07-075_C1,18
CGGGTTCGGCACGTAT-1_V12D07-075_C1,1
CGGGTTTGTTAGGGCT-1_V12D07-075_C1,13
CGGTACTAGAATCAAA-1_V12D07-075_C1,2
CGGTAGAGGTGCAGGT-1_V12D07-075_C1,10
CGGTATAGGTATTAGC-1_V12D07-075_C1,1
CGGTCAAGTGGGAACC-1_V12D07-075_C1,21
CGGTCAGTCCATATTT-1_V12D07-075_C1,17
CGGTCCATGAGACTCC-1_V12D07-075_C1,1
CGGTCCGTCGCAAGCC-1_V12D07-075_C1,5
CGGTCTATCAACCCGT-1_V12D07-075_C1,10
CGGTGAAGACTAAAGT-1_V12D07-075_C1,16
CGGTGCAGATAGAACG-1_V12D07-075_C1,11
CGGTGCGCGTTGGTCC-1_V12D07-075_C1,12
CGGTGGGCTCCAGCCT-1_V12D07-075_C1,1
CGGTGTACTTGATCCC-1_V12D07-075_C1,22
CGGTTATCCAACAGTG-1_V12D07-075_C1,17
CGGTTCAAGTAGGTGT-1_V12D07-075_C1,17
CGGTTCCGGCTTCTTG-1_V12D07-075_C1,7
CGGTTGACCTGGCATA-1_V12D07-075_C1,11
CGGTTGGGTTCAAGTT-1_V12D07-075_C1,1
CGGTTTATGAAGGAAC-1_V12D07-075_C1,1
CGTAAACGCTTGAGTG-1_V12D07-075_C1,9
CGTAACTTCGACACTT-1_V12D07-075_C1,3
CGTAATAATTACGAGT-1_V12D07-075_C1,22
CGTACCGAAAGTCTAG-1_V12D07-075_C1,14
CGTACCTGATAGGCCT-1_V12D07-075_C1,21
CGTAGCGAATTGTCAG-1_V12D07-075_C1,7
CGTAGCGCCGACGTTG-1_V12D07-075_C1,7
CGTATCTAGAACTAAG-1_V12D07-075_C1,3
CGTATTAAGAGATCTA-1_V12D07-075_C1,20
CGTCAAGGCTATAAAT-1_V12D07-075_C1,4
CGTCAATCTTTAACAT-1_V12D07-075_C1,22
CGTCACGTCCATTGGT-1_V12D07-075_C1,11
CGTCAGCTATTTACTC-1_V12D07-075_C1,4
CGTCAGTGCGCACAAG-1_V12D07-075_C1,7
CGTCATACCATATCCA-1_V12D07-075_C1,4
CGTCCAGATGGCTCCA-1_V12D07-075_C1,22
CGTCCTCATCGCGTGC-1_V12D07-075_C1,3
CGTCGCATGTGAGCCA-1_V12D07-075_C1,2
CGTCGCGGCGGGATTT-1_V12D07-075_C1,4
CGTCGGATAGTGTTGA-1_V12D07-075_C1,18
CGTCGTCCTTCGCGAA-1_V12D07-075_C1,5
CGTCTGGAAGGGCCCG-1_V12D07-075_C1,7
CGTCTTGAGTGTGACG-1_V12D07-075_C1,1
CGTGAAGTTAATTCAC-1_V12D07-075_C1,2
CGTGACATTGGGTCGT-1_V12D07-075_C1,10
CGTGACCAGTCCTCTG-1_V12D07-075_C1,5
CGTGCAGACTGGGACA-1_V12D07-075_C1,5
CGTGCATTGTCGACGC-1_V12D07-075_C1,11
CGTGCCCTCCCGAAGA-1_V12D07-075_C1,5
CGTGCTGGCCTAGTCG-1_V12D07-075_C1,14
CGTGGAAGCCTCGTAC-1_V12D07-075_C1,10
CGTGGCCGAATATCTA-1_V12D07-075_C1,13
CGTGTATGGGAGCTGA-1_V12D07-075_C1,2
CGTGTCCCATTCGCGA-1_V12D07-075_C1,4
CGTGTGTTAAACCCTG-1_V12D07-075_C1,1
CGTTAAACTAGTTAGG-1_V12D07-075_C1,18
CGTTAATGTCCCGACG-1_V12D07-075_C1,2
CGTTAGCTCACAACTG-1_V12D07-075_C1,1
CGTTCAGACCCGCGAA-1_V12D07-075_C1,15
CGTTCTTCGCACACCT-1_V12D07-075_C1,1
CGTTGAATACCGCGCT-1_V12D07-075_C1,5
CGTTGAGCGACCGTCG-1_V12D07-075_C1,5
CGTTGAGTAATTGCGT-1_V12D07-075_C1,1
CGTTGCCCGCGTGGGA-1_V12D07-075_C1,3
CGTTGTAAACGTCAGG-1_V12D07-075_C1,19
CGTTGTAAGATTGATT-1_V12D07-075_C1,21
CGTTGTCGGCAATTGA-1_V12D07-075_C1,15
CGTTGTTTCAATTCCC-1_V12D07-075_C1,4
CGTTTAAGCGGAGCAC-1_V12D07-075_C1,7
CGTTTACAAGGCAGCT-1_V12D07-075_C1,1
CGTTTCACTTCGGGCG-1_V12D07-075_C1,10
CGTTTCGCTCATTACA-1_V12D07-075_C1,20
CGTTTGGTGTTGTGGG-1_V12D07-075_C1,3
CGTTTGTGTAGAGGGT-1_V12D07-075_C1,12
CTAAAGAATGCCTACT-1_V12D07-075_C1,20
CTAAAGGGAAATAGGA-1_V12D07-075_C1,2
CTAAATCCTATTCCGG-1_V12D07-075_C1,17
CTAACCGCGCGCCCGT-1_V12D07-075_C1,20
CTAACGAAACTTGCTG-1_V12D07-075_C1,18
CTAACTGATAATCGCC-1_V12D07-075_C1,13
CTAACTGGTCCGGTTC-1_V12D07-075_C1,12
CTAAGGGAATGATTGG-1_V12D07-075_C1,5
CTAAGTACAGGGCTAC-1_V12D07-075_C1,1
CTAATTCGCACGCGCT-1_V12D07-075_C1,4
CTAATTCTCAGATATT-1_V12D07-075_C1,17
CTAATTTCAACAACAC-1_V12D07-075_C1,14
CTACACTCGCAGATGG-1_V12D07-075_C1,2
CTACCCTAAGGTCATA-1_V12D07-075_C1,18
CTACGACTAGCTATAA-1_V12D07-075_C1,11
CTACGCACGGAGTACC-1_V12D07-075_C1,20
CTACGCCATTTCCGAT-1_V12D07-075_C1,10
CTACGTGTTGCCACCA-1_V12D07-075_C1,4
CTACTATCTTTCAGAG-1_V12D07-075_C1,18
CTACTCAAGGTATAGT-1_V12D07-075_C1,12
CTACTCTAGGCCCGGC-1_V12D07-075_C1,19
CTACTGCCACCTGACC-1_V12D07-075_C1,20
CTAGACATATATGTAG-1_V12D07-075_C1,1
CTAGACTGCATTTCGT-1_V12D07-075_C1,1
CTAGATAAACTCCTCG-1_V12D07-075_C1,4
CTAGATGTGAGTGTAA-1_V12D07-075_C1,17
CTAGATTTACGACGGC-1_V12D07-075_C1,5
CTAGCATAGTATAATG-1_V12D07-075_C1,2
CTAGCCACAGGCGAGC-1_V12D07-075_C1,15
CTAGCCGATGTTATGA-1_V12D07-075_C1,10
CTAGCTTAATGGTCCC-1_V12D07-075_C1,10
CTAGGCGCCCTATCAG-1_V12D07-075_C1,2
CTAGGTCTGAAGGAAT-1_V12D07-075_C1,17
CTAGGTTCGGACGTGA-1_V12D07-075_C1,5
CTAGTAGAAAGGGATT-1_V12D07-075_C1,2
CTAGTATTCGGAATTA-1_V12D07-075_C1,10
CTAGTCACGTCTTAAG-1_V12D07-075_C1,5
CTAGTGAAGGACAGGA-1_V12D07-075_C1,4
CTAGTTACAACCCGGT-1_V12D07-075_C1,5
CTAGTTGGGCCCGGTA-1_V12D07-075_C1,20
CTATAAGAGCCAATCG-1_V12D07-075_C1,17
CTATCGACGAAATACA-1_V12D07-075_C1,2
CTATCGCGTAGAGAAC-1_V12D07-075_C1,13
CTATCGGGTCTCAACA-1_V12D07-075_C1,2
CTATGCCCGAATGCAA-1_V12D07-075_C1,5
CTATGGGAAGCGGAAT-1_V12D07-075_C1,13
CTATGTCACTAGCCCA-1_V12D07-075_C1,2
CTATGTCTATTGAAAC-1_V12D07-075_C1,7
CTATTCATGTGTCCCA-1_V12D07-075_C1,5
CTATTGTGTTTGGTCA-1_V12D07-075_C1,1
CTATTTGCTTGGAGGA-1_V12D07-075_C1,3
CTATTTGGTTACGGAT-1_V12D07-075_C1,3
CTCAACTAACCCGGAT-1_V12D07-075_C1,2
CTCAAGACATTAGCGC-1_V12D07-075_C1,1
CTCACATTTACTAAAT-1_V12D07-075_C1,2
CTCACCAGTACAAGTG-1_V12D07-075_C1,22
CTCACCGATCCAAACT-1_V12D07-075_C1,1
CTCACTGTGATACTTA-1_V12D07-075_C1,2
CTCACTTGGCTGGTAA-1_V12D07-075_C1,12
CTCAGGACTCACCTGT-1_V12D07-075_C1,16
CTCAGTCACGACAAAT-1_V12D07-075_C1,17
CTCATCACTTAGTGAT-1_V12D07-075_C1,1
CTCATGGCTCACAATC-1_V12D07-075_C1,7
CTCATTCGTGAACATC-1_V12D07-075_C1,22
CTCATTGCTCTAACAA-1_V12D07-075_C1,2
CTCATTTGATGGGCGG-1_V12D07-075_C1,20
CTCCCAATGAGTCGCG-1_V12D07-075_C1,17
CTCCGCCCACATGAGG-1_V12D07-075_C1,11
CTCCGGCCTAATATGC-1_V12D07-075_C1,10
CTCCGGCTTGTAGACA-1_V12D07-075_C1,4
CTCCTAAGTTATGTCT-1_V12D07-075_C1,4
CTCCTCCAGCTCACAC-1_V12D07-075_C1,5
CTCCTGTTCAAGGCAG-1_V12D07-075_C1,13
CTCCTTTACGCAAGTC-1_V12D07-075_C1,1
CTCGAATGGAACGTAT-1_V12D07-075_C1,1
CTCGAGATCCAAAGCA-1_V12D07-075_C1,22
CTCGAGGTCGAACAGT-1_V12D07-075_C1,20
CTCGATATTTGCGAGC-1_V12D07-075_C1,10
CTCGCACCTATATAGT-1_V12D07-075_C1,20
CTCGCCGAATGTAGGG-1_V12D07-075_C1,5
CTCGCTAGGTAAGCGA-1_V12D07-075_C1,3
CTCGGGATAACACCTA-1_V12D07-075_C1,1
CTCGGTACCACTGCTC-1_V12D07-075_C1,5
CTCGGTCCGTAGCCTG-1_V12D07-075_C1,7
CTCGTCTGTGCCTTCG-1_V12D07-075_C1,3
CTCGTTTCTAATGTTT-1_V12D07-075_C1,1
CTCTAATGCATTGATC-1_V12D07-075_C1,1
CTCTAGCCCTCGGAAA-1_V12D07-075_C1,2
CTCTATTTGGCTGCAG-1_V12D07-075_C1,5
CTCTCACAATCGATGA-1_V12D07-075_C1,2
CTCTCGCTGTACTATG-1_V12D07-075_C1,4
CTCTGCGAAGCAAGCA-1_V12D07-075_C1,7
CTCTGGACGCCTGGTG-1_V12D07-075_C1,2
CTCTGTTTGAGGATTC-1_V12D07-075_C1,7
CTCTTCTATTGACTGG-1_V12D07-075_C1,13
CTCTTGTCCCGCTTGG-1_V12D07-075_C1,5
CTGAAACGGCCCTCAG-1_V12D07-075_C1,1
CTGAAAGAGATCCGAC-1_V12D07-075_C1,10
CTGAATCCGAGACCTC-1_V12D07-075_C1,11
CTGAATTTATTGCCAG-1_V12D07-075_C1,1
CTGACATAGAAATAGA-1_V12D07-075_C1,10
CTGACTGCGCAGCTCG-1_V12D07-075_C1,17
CTGAGAAAGTTCGGCG-1_V12D07-075_C1,10
CTGAGAGTAGAAATAC-1_V12D07-075_C1,13
CTGAGCAAGTAACAAG-1_V12D07-075_C1,4
CTGAGCGAGACTTATT-1_V12D07-075_C1,1
CTGATAGTGTATCTCA-1_V12D07-075_C1,6
CTGCAAGCACGTTCCG-1_V12D07-075_C1,13
CTGCACAACTACATAT-1_V12D07-075_C1,2
CTGCACCTAGTCCACA-1_V12D07-075_C1,1
CTGCACCTGGAACCGC-1_V12D07-075_C1,7
CTGCACTCCAGTACAG-1_V12D07-075_C1,5
CTGCAGAGAATCAGAG-1_V12D07-075_C1,2
CTGCAGGTGCTCGGCC-1_V12D07-075_C1,22
CTGCCAAGGTTGGAAG-1_V12D07-075_C1,10
CTGCCATGCATCACAT-1_V12D07-075_C1,5
CTGCCCACGAAGCGTT-1_V12D07-075_C1,22
CTGCCTAGCCACCAAG-1_V12D07-075_C1,1
CTGCCTCATATGCAAC-1_V12D07-075_C1,1
CTGCCTTTCTAGTAAA-1_V12D07-075_C1,2
CTGCGGGTGAAATGTT-1_V12D07-075_C1,16
CTGCGGTAGTCACGTG-1_V12D07-075_C1,1
CTGCGTTACGATATAA-1_V12D07-075_C1,10
CTGCTGAGGCCACGAA-1_V12D07-075_C1,12
CTGCTGTCTAACGAGC-1_V12D07-075_C1,10
CTGCTTGGCGATAGCT-1_V12D07-075_C1,5
CTGCTTTATGTCCGCG-1_V12D07-075_C1,1
CTGGAAATGGATGCTT-1_V12D07-075_C1,20
CTGGAAGACACGGTGG-1_V12D07-075_C1,2
CTGGATTTACACTTGA-1_V12D07-075_C1,5
CTGGCGACATAAGTCC-1_V12D07-075_C1,10
CTGGCGCACAGGTCTG-1_V12D07-075_C1,3
CTGGCGGGAATAAGTA-1_V12D07-075_C1,4
CTGGCTCCTGCGGGAT-1_V12D07-075_C1,7
CTGGCTGATTCATCCT-1_V12D07-075_C1,13
CTGGCTGGTTGTCAGT-1_V12D07-075_C1,11
CTGGGATAAATAATGG-1_V12D07-075_C1,3
CTGGGATACGCTACCC-1_V12D07-075_C1,1
CTGGGCCTGCTATATC-1_V12D07-075_C1,12
CTGGGCTATCCTTTGG-1_V12D07-075_C1,1
CTGGGTAGGCAGTTAA-1_V12D07-075_C1,5
CTGGTAAAGACTTACA-1_V12D07-075_C1,3
CTGGTAAAGTGTGGGC-1_V12D07-075_C1,13
CTGGTAACACATAGAA-1_V12D07-075_C1,13
CTGGTAACGAGCTCTT-1_V12D07-075_C1,17
CTGGTCATTCCAATCC-1_V12D07-075_C1,4
CTGGTCCTAACTTGGC-1_V12D07-075_C1,7
CTGGTTCAACGCATCA-1_V12D07-075_C1,16
CTGGTTCGCGAGCTAC-1_V12D07-075_C1,1
CTGGTTTCGAGCAAGA-1_V12D07-075_C1,2
CTGTACTTCTTAGCAT-1_V12D07-075_C1,20
CTGTAGCCATCTCACT-1_V12D07-075_C1,12
CTGTATGGTGTAGAAA-1_V12D07-075_C1,4
CTGTCAAATGGCTCGG-1_V12D07-075_C1,10
CTGTCACGCCAGGCGC-1_V12D07-075_C1,1
CTGTCTGTGGCTGGCT-1_V12D07-075_C1,22
CTGTGCAGGGTAGGTC-1_V12D07-075_C1,5
CTGTGGTCGGGAGATA-1_V12D07-075_C1,21
CTGTTACCCAATCTAG-1_V12D07-075_C1,5
CTGTTCACTGCCTGTG-1_V12D07-075_C1,10
CTGTTCATCTCACGGG-1_V12D07-075_C1,4
CTGTTGGCTCTTCTGA-1_V12D07-075_C1,22
CTTAAATAAGACCCAT-1_V12D07-075_C1,4
CTTAACTTACAGTATA-1_V12D07-075_C1,3
CTTAACTTCGAAGTAC-1_V12D07-075_C1,7
CTTACACGGTATTCCA-1_V12D07-075_C1,20
CTTACACTGGGAAATA-1_V12D07-075_C1,7
CTTACTGACTCCTCTG-1_V12D07-075_C1,3
CTTAGCCCGGATAGTG-1_V12D07-075_C1,4
CTTAGCCTTCCACATG-1_V12D07-075_C1,10
CTTAGTAGGCCTACAG-1_V12D07-075_C1,17
CTTAGTGTAGTAGCAT-1_V12D07-075_C1,2
CTTATAGATGGCTGTT-1_V12D07-075_C1,3
CTTATGTTGACTACCA-1_V12D07-075_C1,8
CTTCAACTCCACTTGG-1_V12D07-075_C1,2
CTTCATAGCTCAAGAA-1_V12D07-075_C1,4
CTTCATTGTCAGTGGA-1_V12D07-075_C1,15
CTTCCGCTCCGTGAAG-1_V12D07-075_C1,11
CTTCGATTGCGCAAGC-1_V12D07-075_C1,2
CTTCGGCCAATTGTTT-1_V12D07-075_C1,17
CTTCGTAGATAGGTGA-1_V12D07-075_C1,20
CTTCTATGTTGAAGTA-1_V12D07-075_C1,12
CTTCTATTAATGCTAG-1_V12D07-075_C1,12
CTTCTTACGTCGTATA-1_V12D07-075_C1,7
CTTGACCCGAAAGATA-1_V12D07-075_C1,7
CTTGAGGTTATCCCGA-1_V12D07-075_C1,19
CTTGAGTTAGGGTAAT-1_V12D07-075_C1,3
CTTGATGACCATCCAG-1_V12D07-075_C1,2
CTTGCCCACCCACGCA-1_V12D07-075_C1,3
CTTGCCCAGGCTCTAC-1_V12D07-075_C1,5
CTTGGCCAAGCTGGGA-1_V12D07-075_C1,5
CTTGTACTTGTTGACT-1_V12D07-075_C1,10
CTTGTCAACATTCGAG-1_V12D07-075_C1,5
CTTGTGAGGACAGCGG-1_V12D07-075_C1,19
CTTGTGAGTCTTTGAC-1_V12D07-075_C1,7
CTTGTGCTCACCGATT-1_V12D07-075_C1,17
CTTGTTGCTGAGTCAA-1_V12D07-075_C1,3
CTTGTTTATGTAGCCA-1_V12D07-075_C1,16
CTTTAACTTTCAAAGG-1_V12D07-075_C1,20
CTTTAATATTGGTCGA-1_V12D07-075_C1,5
CTTTACCGAATAGTAG-1_V12D07-075_C1,16
CTTTAGGAACACTGTT-1_V12D07-075_C1,13
CTTTAGTGCTATTATT-1_V12D07-075_C1,2
CTTTCTGTGCGGGCTT-1_V12D07-075_C1,5
CTTTGCATCGCTCTTG-1_V12D07-075_C1,2
CTTTGCTGTCATGGAT-1_V12D07-075_C1,10
CTTTGGCAGACAGAGT-1_V12D07-075_C1,1
CTTTGGCGCTTTATAC-1_V12D07-075_C1,4
CTTTGGCTTTAGTAAA-1_V12D07-075_C1,4
CTTTGGGATTGTTGCA-1_V12D07-075_C1,12
GAAACAGATGACCACC-1_V12D07-075_C1,13
GAAACAGCCATGCAGT-1_V12D07-075_C1,7
GAAACCATGGTGCGCT-1_V12D07-075_C1,1
GAAACCGAATTACCTT-1_V12D07-075_C1,11
GAAACCTATACAAATG-1_V12D07-075_C1,5
GAAACTCGTGCGATGC-1_V12D07-075_C1,4
GAAACTCTAATGAAGG-1_V12D07-075_C1,19
GAAAGAACAGCGTTAT-1_V12D07-075_C1,17
GAAAGCAGTGCACTTT-1_V12D07-075_C1,11
GAAAGCCCTTTGGACC-1_V12D07-075_C1,4
GAAAGTGACTAACTGC-1_V12D07-075_C1,4
GAAATACCTGCTGGCT-1_V12D07-075_C1,1
GAAATACTAAACGTTT-1_V12D07-075_C1,6
GAAATATCACCATCAG-1_V12D07-075_C1,4
GAAATATGCTTGAATG-1_V12D07-075_C1,1
GAAATCGCGCGCAACT-1_V12D07-075_C1,7
GAAATCTGACCAAGTT-1_V12D07-075_C1,22
GAAATGGCGGTGTTAG-1_V12D07-075_C1,20
GAAATGGGATGTAAAC-1_V12D07-075_C1,19
GAAATTAGCACGGATA-1_V12D07-075_C1,17
GAAATTCACATCGCTG-1_V12D07-075_C1,7
GAAATTGTCTCTATAA-1_V12D07-075_C1,2
GAACAACTGGGATGAA-1_V12D07-075_C1,2
GAACACACATCAACCA-1_V12D07-075_C1,20
GAACAGATTACTAAAT-1_V12D07-075_C1,5
GAACCCTCTGTGTTCT-1_V12D07-075_C1,5
GAACCTCGACCTACAC-1_V12D07-075_C1,12
GAACCTTTAACGATCC-1_V12D07-075_C1,2
GAACGACCGAATGATA-1_V12D07-075_C1,7
GAACGATAAGTTAAAG-1_V12D07-075_C1,1
GAACGCGGGTCACACG-1_V12D07-075_C1,17
GAACGTCTCATGGTCG-1_V12D07-075_C1,18
GAACGTTAGGAAGACG-1_V12D07-075_C1,9
GAACTGTGGAGAGACA-1_V12D07-075_C1,2
GAACTTAGCGCCCGGT-1_V12D07-075_C1,1
GAAGAACGGTGCAGGT-1_V12D07-075_C1,7
GAAGCCACTGATTATG-1_V12D07-075_C1,2
GAAGCCGGGTAAGCTC-1_V12D07-075_C1,4
GAAGCCTGCACATTCC-1_V12D07-075_C1,5
GAAGCGTGAGGAATTT-1_V12D07-075_C1,20
GAAGCTCTTTGCTTAG-1_V12D07-075_C1,22
GAAGCTTGCTGACCGC-1_V12D07-075_C1,4
GAAGGAGTCGAGTGCG-1_V12D07-075_C1,2
GAAGGCTACCATTGTT-1_V12D07-075_C1,1
GAAGGGCATAACCATG-1_V12D07-075_C1,6
GAAGTCAGTTGCACTA-1_V12D07-075_C1,11
GAAGTCTCCCTAGCGA-1_V12D07-075_C1,3
GAAGTGATTTATCGTG-1_V12D07-075_C1,20
GAAGTGCTGGATAGCT-1_V12D07-075_C1,7
GAAGTTTCCACTCAAT-1_V12D07-075_C1,20
GAATAGACGCGACCCA-1_V12D07-075_C1,13
GAATAGCATTTAGGGT-1_V12D07-075_C1,1
GAATAGCCCTGCGGTC-1_V12D07-075_C1,1
GAATATTCGGAGTCCC-1_V12D07-075_C1,10
GAATCGACATGGTCAC-1_V12D07-075_C1,4
GAATCGCCGGACACGG-1_V12D07-075_C1,19
GAATCTGAACATTCTC-1_V12D07-075_C1,5
GAATGAAGGTCTTCAG-1_V12D07-075_C1,1
GAATGCCGAAATGACC-1_V12D07-075_C1,9
GAATGCGAATCGGTTC-1_V12D07-075_C1,2
GAATGGGCTTATCGAC-1_V12D07-075_C1,22
GAATGTATGGCAGGTC-1_V12D07-075_C1,17
GAATGTGGTCCGGATT-1_V12D07-075_C1,2
GAATGTTGGGTAATCT-1_V12D07-075_C1,21
GAATTATAGTGAAAGG-1_V12D07-075_C1,2
GAATTCACCCGGGTGT-1_V12D07-075_C1,5
GAATTTCTCGCTGCAG-1_V12D07-075_C1,6
GACAAACATATGCAGG-1_V12D07-075_C1,13
GACAACGACCATTGAA-1_V12D07-075_C1,10
GACAACGCAGCTTACG-1_V12D07-075_C1,10
GACAAGACGCCCGTGC-1_V12D07-075_C1,3
GACAAGAGATGAGATT-1_V12D07-075_C1,13
GACACAAGGGAAGAAA-1_V12D07-075_C1,21
GACACAGCCGGGACTG-1_V12D07-075_C1,3
GACACGAGTTAGAGGA-1_V12D07-075_C1,16
GACACTGAGTTCAGTG-1_V12D07-075_C1,11
GACACTGGAACCCGAT-1_V12D07-075_C1,13
GACACTTCCAATTACC-1_V12D07-075_C1,2
GACAGCCAGACCTGAC-1_V12D07-075_C1,13
GACAGGCACACACTAT-1_V12D07-075_C1,11
GACATACTGTCGCAGA-1_V12D07-075_C1,6
GACATCCGTCGAACTG-1_V12D07-075_C1,2
GACATCGATTTATAAC-1_V12D07-075_C1,11
GACCAAACGTTGACTG-1_V12D07-075_C1,13
GACCACACTTCCCTTT-1_V12D07-075_C1,2
GACCAGAGCCCTGTAG-1_V12D07-075_C1,20
GACCCGTCGCCGGCTA-1_V12D07-075_C1,7
GACCGACGTGAAAGCA-1_V12D07-075_C1,1
GACCGACTGAAGCGTC-1_V12D07-075_C1,4
GACCGCGTCTGACGTG-1_V12D07-075_C1,17
GACCGTCAGGTCGTGA-1_V12D07-075_C1,10
GACCGTGCTGACGGTG-1_V12D07-075_C1,20
GACCGTTACATGCGAC-1_V12D07-075_C1,22
GACCTGGTCTGGGCGT-1_V12D07-075_C1,22
GACCTTCCACGTCTAC-1_V12D07-075_C1,2
GACGACGATCCGCGTT-1_V12D07-075_C1,5
GACGAGGCTAATAAAC-1_V12D07-075_C1,2
GACGCCGTAAAGGCTA-1_V12D07-075_C1,11
GACGCCTGTTGCAGGG-1_V12D07-075_C1,7
GACGCTTGCTTCTAAA-1_V12D07-075_C1,20
GACGGGTTGGCCCGTA-1_V12D07-075_C1,5
GACGGTCAATAGAAGC-1_V12D07-075_C1,17
GACGGTCCTAGGGTGT-1_V12D07-075_C1,1
GACGTGAGACTCCATG-1_V12D07-075_C1,7
GACGTGTAGGGATTAT-1_V12D07-075_C1,4
GACGTTCGTAAATACA-1_V12D07-075_C1,1
GACTAACACAGCACCT-1_V12D07-075_C1,1
GACTAAGATCATGCAC-1_V12D07-075_C1,10
GACTAAGTAGGCTCAC-1_V12D07-075_C1,4
GACTACAATTGCTCGT-1_V12D07-075_C1,1
GACTAGGCCGTTAGGT-1_V12D07-075_C1,2
GACTCACCCACGTGAG-1_V12D07-075_C1,17
GACTCCCAGAATAAGG-1_V12D07-075_C1,1
GACTCGCGGGAATGAC-1_V12D07-075_C1,17
GACTCGGTCGGCGGAT-1_V12D07-075_C1,1
GACTGATTGGTCACAA-1_V12D07-075_C1,1
GACTGCAAATCGAGCT-1_V12D07-075_C1,2
GACTGCACCAGCCCAG-1_V12D07-075_C1,2
GACTGCGGCACGTGTA-1_V12D07-075_C1,4
GACTGGGCGCCGCAAC-1_V12D07-075_C1,1
GAGAAACTGGATCCCA-1_V12D07-075_C1,3
GAGAACGGTTCTGACT-1_V12D07-075_C1,2
GAGAATCTCACGATCA-1_V12D07-075_C1,22
GAGACCCTGCAACGCC-1_V12D07-075_C1,1
GAGACTGATGGGTAGA-1_V12D07-075_C1,20
GAGACTTCGCGACCGA-1_V12D07-075_C1,11
GAGAGCGCAGTCCCTG-1_V12D07-075_C1,22
GAGAGGCCTATGTGTA-1_V12D07-075_C1,3
GAGAGGGCGCGAGGTT-1_V12D07-075_C1,20
GAGAGGTGCATTCTGG-1_V12D07-075_C1,12
GAGATCTGCTTGGCAT-1_V12D07-075_C1,20
GAGATCTGTCACTCCG-1_V12D07-075_C1,2
GAGATCTTCCATGACA-1_V12D07-075_C1,2
GAGATGACAATCCTTA-1_V12D07-075_C1,1
GAGATGGCTTTAATCA-1_V12D07-075_C1,2
GAGATGGGAGTCGACA-1_V12D07-075_C1,5
GAGCACCTGTGTCCAG-1_V12D07-075_C1,2
GAGCACGGCGCCTCTT-1_V12D07-075_C1,1
GAGCATCATCCCTGGG-1_V12D07-075_C1,7
GAGCCACGGTAGTAGG-1_V12D07-075_C1,7
GAGCCAGCTACCTGTG-1_V12D07-075_C1,21
GAGCCGAGCGTTTATT-1_V12D07-075_C1,1
GAGCGAGGGAGTACCG-1_V12D07-075_C1,7
GAGCGCAAATACTCCG-1_V12D07-075_C1,13
GAGCGCGCACGAGTAG-1_V12D07-075_C1,2
GAGCGGAATGCGGTGT-1_V12D07-075_C1,3
GAGCTAAGGGCATATC-1_V12D07-075_C1,18
GAGCTCTCGGACCTAA-1_V12D07-075_C1,4
GAGCTGTCGTCTCGGA-1_V12D07-075_C1,1
GAGGAATGGAGAGGTT-1_V12D07-075_C1,4
GAGGAGATCCTCATGC-1_V12D07-075_C1,22
GAGGATAAACAGTGCT-1_V12D07-075_C1,1
GAGGCATTTGCAGCAG-1_V12D07-075_C1,1
GAGGCCTGTTGATACA-1_V12D07-075_C1,2
GAGGCTATCAAAGTCG-1_V12D07-075_C1,19
GAGGGCATCGCGTATC-1_V12D07-075_C1,7
GAGGGCGCAGCTCTGC-1_V12D07-075_C1,17
GAGGTACATCCATCTT-1_V12D07-075_C1,7
GAGGTACGCGTGTCCC-1_V12D07-075_C1,2
GAGGTCCCAAAGATCT-1_V12D07-075_C1,22
GAGTAAACCGGAAAGT-1_V12D07-075_C1,10
GAGTAAATTAAGAACC-1_V12D07-075_C1,3
GAGTACGGGTATACAA-1_V12D07-075_C1,14
GAGTAGATACTAGTTG-1_V12D07-075_C1,2
GAGTATCAAAGTTACA-1_V12D07-075_C1,17
GAGTATGCCCGCCTTG-1_V12D07-075_C1,12
GAGTATGCGCGTGCAT-1_V12D07-075_C1,15
GAGTCAGACCAGAATC-1_V12D07-075_C1,12
GAGTCCGCTTACCGGA-1_V12D07-075_C1,5
GAGTCGACAGACCCTC-1_V12D07-075_C1,22
GAGTGTCAACCAGAAA-1_V12D07-075_C1,15
GAGTGTGCGGTACCCA-1_V12D07-075_C1,13
GATAAATCGGTGGATG-1_V12D07-075_C1,7
GATAACTCGCACTGTG-1_V12D07-075_C1,11
GATAAGGCAGATGCAA-1_V12D07-075_C1,7
GATACCGTGTCGGAGT-1_V12D07-075_C1,1
GATACGATGGGAGTCA-1_V12D07-075_C1,11
GATAGAACCCGCTAGG-1_V12D07-075_C1,5
GATAGCGTACCACGCG-1_V12D07-075_C1,15
GATAGGATTAATTACA-1_V12D07-075_C1,1
GATAGGTAACGTTGAC-1_V12D07-075_C1,5
GATAGGTGTCCCGGGC-1_V12D07-075_C1,1
GATATCAGTATGTATC-1_V12D07-075_C1,4
GATATCTCATGCAATA-1_V12D07-075_C1,7
GATATGAGACACTAAC-1_V12D07-075_C1,3
GATATGCGGTAGCCAA-1_V12D07-075_C1,10
GATATGGATTACGCGG-1_V12D07-075_C1,6
GATATTGAGATTGGCG-1_V12D07-075_C1,17
GATATTTCCTACATGG-1_V12D07-075_C1,10
GATCATTCCAAACATT-1_V12D07-075_C1,20
GATCCCTTTATACTGC-1_V12D07-075_C1,20
GATCCGAATATAAGTG-1_V12D07-075_C1,1
GATCCGGGAATTAACA-1_V12D07-075_C1,5
GATCCTAAATCGGGAC-1_V12D07-075_C1,17
GATCCTCTTGCGCTTA-1_V12D07-075_C1,1
GATCGACACTATCTGA-1_V12D07-075_C1,20
GATCGCGGGCTCTCCA-1_V12D07-075_C1,20
GATCGCTACCCGATTT-1_V12D07-075_C1,13
GATCGGCGATAAGTCG-1_V12D07-075_C1,4
GATCGGTGGCCATAAC-1_V12D07-075_C1,20
GATCGTGACTGATATC-1_V12D07-075_C1,11
GATCTCGACGCTGTGG-1_V12D07-075_C1,10
GATCTGCTATCTAAGG-1_V12D07-075_C1,5
GATCTTCATTGTCCTC-1_V12D07-075_C1,4
GATCTTGGAGGGCATA-1_V12D07-075_C1,5
GATCTTTGCAGGGTAT-1_V12D07-075_C1,4
GATCTTTGCTCAAAGA-1_V12D07-075_C1,1
GATGACGATGATCGCG-1_V12D07-075_C1,1
GATGAGGAACCTTCGG-1_V12D07-075_C1,2
GATGCCAGCAGAAGGC-1_V12D07-075_C1,19
GATGCGAATGGTATTA-1_V12D07-075_C1,4
GATGCGTCCTGCATTC-1_V12D07-075_C1,20
GATGCTACAAGCGCCT-1_V12D07-075_C1,7
GATGCTACCTTCGATG-1_V12D07-075_C1,5
GATGCTGTATTTCATC-1_V12D07-075_C1,5
GATGGCGCACACATTA-1_V12D07-075_C1,21
GATGGTGAAATAACCC-1_V12D07-075_C1,1
GATGGTGCCCTAGGCA-1_V12D07-075_C1,7
GATGTCCGGATCACAT-1_V12D07-075_C1,7
GATGTCGGTCAACTGC-1_V12D07-075_C1,7
GATGTGTTGTCACAAG-1_V12D07-075_C1,7
GATGTTCAATCCACGA-1_V12D07-075_C1,11
GATGTTTGTGCGAGAT-1_V12D07-075_C1,8
GATTAACCGAAAGCCC-1_V12D07-075_C1,2
GATTACTGAATTTGGG-1_V12D07-075_C1,11
GATTCCCTTGTCGCAG-1_V12D07-075_C1,20
GATTCCGCGTTTCCGT-1_V12D07-075_C1,7
GATTCCTATACGGCGC-1_V12D07-075_C1,4
GATTCGACGGTTCACG-1_V12D07-075_C1,5
GATTGACACTCTGCTC-1_V12D07-075_C1,7
GATTGGGAAAGGTTGT-1_V12D07-075_C1,2
GCAAACCCTACATTAT-1_V12D07-075_C1,2
GCAAACCTTGGCCATA-1_V12D07-075_C1,5
GCAAACGTCGCCAGGT-1_V12D07-075_C1,10
GCAAATATTACGCTTT-1_V12D07-075_C1,20
GCAAATGAGGACACTT-1_V12D07-075_C1,11
GCAACAGCAGTATGCG-1_V12D07-075_C1,13
GCAACCACCAGACCGG-1_V12D07-075_C1,1
GCAACCACGGCCGCGT-1_V12D07-075_C1,12
GCAACCCAAGTTGTTT-1_V12D07-075_C1,22
GCAACGGCTAGTTATG-1_V12D07-075_C1,1
GCAAGAATTCCTTGGC-1_V12D07-075_C1,12
GCAAGATGTGTTCGCG-1_V12D07-075_C1,1
GCAAGTGCACAGAGAA-1_V12D07-075_C1,4
GCAATTAGTCGCACCG-1_V12D07-075_C1,1
GCACAAACGAGGCGTG-1_V12D07-075_C1,10
GCACAAGTGGATCATA-1_V12D07-075_C1,22
GCACAAGTGTCGGAAG-1_V12D07-075_C1,7
GCACACACTGGTAGCC-1_V12D07-075_C1,2
GCACACGCCCATGGTC-1_V12D07-075_C1,22
GCACCTTCCCGAAGGT-1_V12D07-075_C1,3
GCACGCCTACTTAGAT-1_V12D07-075_C1,12
GCACGTGGTTTACTTA-1_V12D07-075_C1,2
GCACTAGTCGCGCTAT-1_V12D07-075_C1,7
GCACTGCCTACCTTTA-1_V12D07-075_C1,2
GCACTGTGCAAATGTA-1_V12D07-075_C1,7
GCAGAAGGTAATCTCC-1_V12D07-075_C1,10
GCAGACCCAGCACGTA-1_V12D07-075_C1,17
GCAGATCCATAAGACT-1_V12D07-075_C1,5
GCAGATCCTCGCAAAT-1_V12D07-075_C1,4
GCAGATTAGGGATATC-1_V12D07-075_C1,2
GCAGCACACAGCCCAG-1_V12D07-075_C1,20
GCAGCCTATATCACAT-1_V12D07-075_C1,1
GCAGCGGTGGGCATTA-1_V12D07-075_C1,7
GCAGCTATGGACAGGT-1_V12D07-075_C1,1
GCAGCTGTCAACGCAT-1_V12D07-075_C1,12
GCAGGACTATAGAATA-1_V12D07-075_C1,4
GCAGGTAGAGTATGGT-1_V12D07-075_C1,10
GCAGTGCGGGCGGATG-1_V12D07-075_C1,17
GCAGTGTGGCTATAGG-1_V12D07-075_C1,2
GCAGTTCGATCCGAGC-1_V12D07-075_C1,17
GCATACGAGGTCTTTA-1_V12D07-075_C1,11
GCATAGAGCACTCAGG-1_V12D07-075_C1,5
GCATCCCTAACTTTGA-1_V12D07-075_C1,14
GCATCGGCCGTGTAGG-1_V12D07-075_C1,13
GCATGACACAAAGGAA-1_V12D07-075_C1,3
GCATGAGGGACGCGGC-1_V12D07-075_C1,18
GCATGCTAATAACGAT-1_V12D07-075_C1,2
GCATGGGTACTGACGC-1_V12D07-075_C1,11
GCATTCAAGGCAACGC-1_V12D07-075_C1,17
GCATTCGAAATGAACA-1_V12D07-075_C1,4
GCATTTCCAAGGCTCC-1_V12D07-075_C1,1
GCCAACCATTTCCGGA-1_V12D07-075_C1,1
GCCAATAGGGCATCTC-1_V12D07-075_C1,10
GCCACAATTTAAGGAC-1_V12D07-075_C1,11
GCCACTCAGAGCGCGA-1_V12D07-075_C1,2
GCCACTCCTTACGGTA-1_V12D07-075_C1,17
GCCAGGAGTAACCGAT-1_V12D07-075_C1,10
GCCAGGCGTTCGCATG-1_V12D07-075_C1,1
GCCAGGCTTAGTGGTA-1_V12D07-075_C1,22
GCCATATTGCACACAG-1_V12D07-075_C1,10
GCCATCGAGCTGCGTG-1_V12D07-075_C1,12
GCCATCGATGCTGCAT-1_V12D07-075_C1,10
GCCCACCAAGGCTGTC-1_V12D07-075_C1,7
GCCCAGATGCTGGAGA-1_V12D07-075_C1,1
GCCCAGTTGGTATGCC-1_V12D07-075_C1,4
GCCCGATCTGTGGTCG-1_V12D07-075_C1,5
GCCCGCGCGTAAACGG-1_V12D07-075_C1,12
GCCCGCGCGTTTGACA-1_V12D07-075_C1,4
GCCCGTAATACCTTCT-1_V12D07-075_C1,17
GCCCTGAGGATGGGCT-1_V12D07-075_C1,2
GCCGAAATTCCTACGT-1_V12D07-075_C1,20
GCCGATTGGCCAAGCT-1_V12D07-075_C1,2
GCCGCACTCCGTTTCA-1_V12D07-075_C1,1
GCCGCATTAGTCCGGC-1_V12D07-075_C1,9
GCCGCTTGTGAGAAAC-1_V12D07-075_C1,20
GCCGGGTTAGGGTCGC-1_V12D07-075_C1,2
GCCGGTCGTATCTCTC-1_V12D07-075_C1,5
GCCGTGGAAGAAATGT-1_V12D07-075_C1,1
GCCTACGTTCTGTGCA-1_V12D07-075_C1,2
GCCTAGCGATCTGACC-1_V12D07-075_C1,4
GCCTATAGTGTCAGGG-1_V12D07-075_C1,18
GCCTATCAGGTAAGAT-1_V12D07-075_C1,3
GCCTATGCTGGGCCTT-1_V12D07-075_C1,1
GCCTATTCCGATATAG-1_V12D07-075_C1,4
GCCTATTTGCTACACA-1_V12D07-075_C1,7
GCCTCATCTGGAAATA-1_V12D07-075_C1,13
GCCTCCGACAATTCAC-1_V12D07-075_C1,2
GCCTCTATACATAGCA-1_V12D07-075_C1,5
GCCTGCTACACTGAGA-1_V12D07-075_C1,1
GCCTTCAGCCCTACCG-1_V12D07-075_C1,7
GCCTTGTATATGCAGT-1_V12D07-075_C1,4
GCGAAACGATCGGGAG-1_V12D07-075_C1,13
GCGAAACTTAACTGGA-1_V12D07-075_C1,2
GCGAAGAATCTGACGG-1_V12D07-075_C1,2
GCGAAGCCATACCCGT-1_V12D07-075_C1,2
GCGACATGTAAACATC-1_V12D07-075_C1,10
GCGACGATAGTTGTAC-1_V12D07-075_C1,5
GCGAGAAACGGGAGTT-1_V12D07-075_C1,22
GCGAGAGGCCATGTAA-1_V12D07-075_C1,1
GCGAGAGTTGCGTCCA-1_V12D07-075_C1,10
GCGAGCGCATGCTCCC-1_V12D07-075_C1,10
GCGAGGCCCGAGCAGA-1_V12D07-075_C1,20
GCGAGTTCTGCAAAGA-1_V12D07-075_C1,2
GCGATGTCTGTGCTTG-1_V12D07-075_C1,22
GCGATTCTGGAAGCAG-1_V12D07-075_C1,7
GCGATTGTTAACGTTA-1_V12D07-075_C1,3
GCGCAAGAGCGCGCTG-1_V12D07-075_C1,13
GCGCATCCAGTCAGCA-1_V12D07-075_C1,18
GCGCCGTTCCACGATA-1_V12D07-075_C1,5
GCGCCTCCCACTCCGA-1_V12D07-075_C1,18
GCGCGGTCTAGTAACT-1_V12D07-075_C1,2
GCGCGTCATTGGTACA-1_V12D07-075_C1,2
GCGCTAATTGAATAGA-1_V12D07-075_C1,2
GCGCTATGCCGAGGCA-1_V12D07-075_C1,11
GCGCTCGATCACCTGT-1_V12D07-075_C1,1
GCGCTGATCCAGACTC-1_V12D07-075_C1,10
GCGCTGCTTTGCATTT-1_V12D07-075_C1,18
GCGCTGGCGGAAAGTC-1_V12D07-075_C1,22
GCGCTTAAATAATTGG-1_V12D07-075_C1,21
GCGGACCGCGTTGTGG-1_V12D07-075_C1,12
GCGGAGAGGGAGAACG-1_V12D07-075_C1,2
GCGGCTCTGACGTACC-1_V12D07-075_C1,20
GCGGCTTTAGCAAGTT-1_V12D07-075_C1,2
GCGGGAACCAGGCCCT-1_V12D07-075_C1,7
GCGGGCATTACGATGC-1_V12D07-075_C1,1
GCGGGCGAGCCTTACC-1_V12D07-075_C1,11
GCGGTAACCCAAATGA-1_V12D07-075_C1,4
GCGGTCCCGGTGAAGG-1_V12D07-075_C1,1
GCGGTCCCTAGACGCA-1_V12D07-075_C1,7
GCGGTGAACTGCGCTC-1_V12D07-075_C1,17
GCGGTGCGGAGCATCG-1_V12D07-075_C1,22
GCGGTTCCCTATCATG-1_V12D07-075_C1,11
GCGTAAATGGCCATAA-1_V12D07-075_C1,17
GCGTCGAAATGTCGGT-1_V12D07-075_C1,7
GCGTCGCCAGGGTGAT-1_V12D07-075_C1,5
GCGTCTAACCTCCTAA-1_V12D07-075_C1,1
GCGTCTCTGCATTGGG-1_V12D07-075_C1,5
GCGTGGTACTGGGTTA-1_V12D07-075_C1,18
GCGTTATATTTGGAAC-1_V12D07-075_C1,20
GCGTTCGGAGACCGGG-1_V12D07-075_C1,1
GCGTTCTGACTAAGCG-1_V12D07-075_C1,17
GCTAAACCTGAGGTGA-1_V12D07-075_C1,4
GCTAACTGAAGTCTGA-1_V12D07-075_C1,2
GCTAAGTAAAGGCGAT-1_V12D07-075_C1,4
GCTAAGTAGTTTCTCT-1_V12D07-075_C1,3
GCTAATACCGAATGCC-1_V12D07-075_C1,21
GCTACAATCGAGGATA-1_V12D07-075_C1,2
GCTACAGTACGGACCG-1_V12D07-075_C1,12
GCTACGACTTATTGGG-1_V12D07-075_C1,5
GCTACTATAGTAGAGT-1_V12D07-075_C1,2
GCTAGACCGTCTACTG-1_V12D07-075_C1,3
GCTAGAGTAGAGATGT-1_V12D07-075_C1,2
GCTAGCACCTGGGCCA-1_V12D07-075_C1,1
GCTAGCAGGGAGTGGG-1_V12D07-075_C1,1
GCTAGCTTGAATAGCT-1_V12D07-075_C1,12
GCTAGGCACCACGGAG-1_V12D07-075_C1,6
GCTAGTAGAGCTTGTA-1_V12D07-075_C1,5
GCTAGTTTCATTGAGG-1_V12D07-075_C1,9
GCTATACGTCTCGGAC-1_V12D07-075_C1,2
GCTATCATACTCATGG-1_V12D07-075_C1,5
GCTATCGCGGCGCAAC-1_V12D07-075_C1,9
GCTCAACCTCTTAGAG-1_V12D07-075_C1,22
GCTCAATGTAATACCG-1_V12D07-075_C1,5
GCTCATTACTGCATGT-1_V12D07-075_C1,1
GCTCCATGAGTGCAGA-1_V12D07-075_C1,17
GCTCCATGCAAAGCAA-1_V12D07-075_C1,5
GCTCCCAGTCGGTCCA-1_V12D07-075_C1,18
GCTCCGCTCGCTTCAG-1_V12D07-075_C1,1
GCTCGCGGTTCCGCTC-1_V12D07-075_C1,4
GCTCGCTCATGTCCAA-1_V12D07-075_C1,13
GCTCGGAATTTAAAGC-1_V12D07-075_C1,10
GCTCTAAACCCTGACG-1_V12D07-075_C1,20
GCTCTATGTTACGTGC-1_V12D07-075_C1,4
GCTCTCGGGTACCGAA-1_V12D07-075_C1,20
GCTCTTTCCGCTAGTG-1_V12D07-075_C1,5
GCTGAACTCTCCAGGG-1_V12D07-075_C1,1
GCTGAGCAACGGTTCT-1_V12D07-075_C1,22
GCTGAGGCGTGAGTAT-1_V12D07-075_C1,5
GCTGCACGGTTTCTTA-1_V12D07-075_C1,5
GCTGCGCCTCCCACGT-1_V12D07-075_C1,22
GCTGCTAAGTAGTCGA-1_V12D07-075_C1,5
GCTGCTACTGCGTAGC-1_V12D07-075_C1,19
GCTGCTCTCCGGACAC-1_V12D07-075_C1,2
GCTGGACCCAAAGTGG-1_V12D07-075_C1,1
GCTGGCAGGTGCCGTG-1_V12D07-075_C1,22
GCTGGCATATTCACCT-1_V12D07-075_C1,4
GCTGGCGGCGCATGCT-1_V12D07-075_C1,5
GCTGGTGACTCGTAGT-1_V12D07-075_C1,1
GCTGTATTACTGGCCC-1_V12D07-075_C1,12
GCTGTTGCTACCGAAC-1_V12D07-075_C1,3
GCTTAATGTAACTAAC-1_V12D07-075_C1,1
GCTTACGTAGTTAGTA-1_V12D07-075_C1,1
GCTTATGAAGCAGGAA-1_V12D07-075_C1,3
GCTTCAGTGGGATTAC-1_V12D07-075_C1,1
GCTTCCAGCTTAGATT-1_V12D07-075_C1,4
GCTTCCGTCCCTAGAC-1_V12D07-075_C1,20
GCTTGATGATAATCAG-1_V12D07-075_C1,4
GCTTGCAGCACAATTG-1_V12D07-075_C1,1
GCTTGGATCGATTAGG-1_V12D07-075_C1,18
GCTTTACACAACTGGG-1_V12D07-075_C1,12
GCTTTCAGAGGAGGTG-1_V12D07-075_C1,18
GCTTTCTATCTCAACT-1_V12D07-075_C1,1
GGAAACCTTGTTGAAT-1_V12D07-075_C1,1
GGAAACTAAATGGGCC-1_V12D07-075_C1,2
GGAAAGTGCCCATGCC-1_V12D07-075_C1,10
GGAACCCGAACAAGAA-1_V12D07-075_C1,4
GGAACCGTGTAAATTG-1_V12D07-075_C1,11
GGAACGGCCTGCAGCC-1_V12D07-075_C1,4
GGAACTTTGGCGATTA-1_V12D07-075_C1,13
GGAAGCTCGCTTACAG-1_V12D07-075_C1,10
GGAATAACCTCAAGAA-1_V12D07-075_C1,7
GGAATGCGCTAGCGTG-1_V12D07-075_C1,3
GGACAACCATGAAGCC-1_V12D07-075_C1,3
GGACAAGTTGCAGTGA-1_V12D07-075_C1,22
GGACACAAGTTTACAC-1_V12D07-075_C1,18
GGACCAACAGGATAAC-1_V12D07-075_C1,5
GGACCTACGGTAACGT-1_V12D07-075_C1,1
GGACGGCTTGCGCAAC-1_V12D07-075_C1,1
GGACGGGCGACCAACC-1_V12D07-075_C1,3
GGACGTCCATAGTTGG-1_V12D07-075_C1,1
GGACTAAGTCAGGAGT-1_V12D07-075_C1,22
GGACTCACAAATTAGG-1_V12D07-075_C1,10
GGACTCGAAGCTTTCA-1_V12D07-075_C1,3
GGACTCTTCCGGTTGA-1_V12D07-075_C1,17
GGACTCTTTGACTAAG-1_V12D07-075_C1,3
GGAGAAGTCATTGGCA-1_V12D07-075_C1,4
GGAGACCAATGTGCTT-1_V12D07-075_C1,1
GGAGACGACACCTTTG-1_V12D07-075_C1,13
GGAGCAACATTTCAAG-1_V12D07-075_C1,13
GGAGCACCAAGAACTA-1_V12D07-075_C1,17
GGAGCGAGGCCTACTT-1_V12D07-075_C1,2
GGAGGATTGAAAGGAG-1_V12D07-075_C1,21
GGAGGCCGAAGTCGTC-1_V12D07-075_C1,1
GGAGGGCTTGGTTGGC-1_V12D07-075_C1,3
GGAGGGTCAAGTAAGA-1_V12D07-075_C1,13
GGAGTACACATGAGCT-1_V12D07-075_C1,22
GGAGTGCCGCCCTGGA-1_V12D07-075_C1,10
GGAGTTGATTCTGTGT-1_V12D07-075_C1,3
GGATACTCATGAATTG-1_V12D07-075_C1,21
GGATCAAAGGACGAGG-1_V12D07-075_C1,7
GGATCATCCCGTACGC-1_V12D07-075_C1,1
GGATCCCTACCAGCTA-1_V12D07-075_C1,19
GGATCCGGAATATACT-1_V12D07-075_C1,3
GGATGAAGATCGCTGA-1_V12D07-075_C1,13
GGATGACGCGAGTTTA-1_V12D07-075_C1,20
GGATGGCTTGAAGTAT-1_V12D07-075_C1,2
GGATGTCCTTACCGCA-1_V12D07-075_C1,3
GGATTAAGCTAAGGTC-1_V12D07-075_C1,1
GGATTCAGTACGGTGG-1_V12D07-075_C1,4
GGATTCCGCTATACCC-1_V12D07-075_C1,10
GGATTGCTGTGACTCC-1_V12D07-075_C1,2
GGATTTCACTTCTATA-1_V12D07-075_C1,3
GGCAAATTACTTTACT-1_V12D07-075_C1,21
GGCAAGCCAGGGATAG-1_V12D07-075_C1,1
GGCAAGCCCATAGTGG-1_V12D07-075_C1,2
GGCAAGGCGAAATAGC-1_V12D07-075_C1,5
GGCAATAGTCAATGAG-1_V12D07-075_C1,2
GGCACTCAGCCGACCC-1_V12D07-075_C1,8
GGCACTCCACTGGGCA-1_V12D07-075_C1,20
GGCACTGCGGTGGTTT-1_V12D07-075_C1,3
GGCAGAGAGATCGGGA-1_V12D07-075_C1,22
GGCAGCAAACCTATGC-1_V12D07-075_C1,13
GGCAGCGGTAATCCTA-1_V12D07-075_C1,1
GGCATACAGGTAGCGG-1_V12D07-075_C1,4
GGCATATCGGTTCTGC-1_V12D07-075_C1,10
GGCATCAACGAGCACG-1_V12D07-075_C1,7
GGCCACACGAAAGCCT-1_V12D07-075_C1,22
GGCCCAATCTAGAGGG-1_V12D07-075_C1,1
GGCCCAGCTGGTTTGC-1_V12D07-075_C1,3
GGCCCAGTTATCAGCA-1_V12D07-075_C1,1
GGCCCGGAGCATGTCT-1_V12D07-075_C1,1
GGCCCGTATACCATGC-1_V12D07-075_C1,1
GGCCCTCACCCACTTA-1_V12D07-075_C1,11
GGCCGCAGGAACCGCA-1_V12D07-075_C1,3
GGCCGGCGTCTGCTAT-1_V12D07-075_C1,2
GGCCGTTTGGGTTTCA-1_V12D07-075_C1,12
GGCCTGCTTCTCCCGA-1_V12D07-075_C1,13
GGCCTTTGCAACTGGC-1_V12D07-075_C1,22
GGCGAAATCTAACTTG-1_V12D07-075_C1,2
GGCGCAGGACATCTTC-1_V12D07-075_C1,14
GGCGCATGAATTGATG-1_V12D07-075_C1,2
GGCGCGTTCGAGTTTA-1_V12D07-075_C1,5
GGCGCTCCTCATCAAT-1_V12D07-075_C1,4
GGCGCTTCATTCCCTG-1_V12D07-075_C1,2
GGCGGAGTAATATTAG-1_V12D07-075_C1,20
GGCGGGCTCTAAGAGT-1_V12D07-075_C1,10
GGCGGTAGGATCATTG-1_V12D07-075_C1,2
GGCGGTTTGCCGGTGC-1_V12D07-075_C1,22
GGCGTAGGGAAAGCTG-1_V12D07-075_C1,2
GGCGTCCTATCCGCTG-1_V12D07-075_C1,4
GGCTAAAGGGCGGGTC-1_V12D07-075_C1,1
GGCTAATGATTGAAAT-1_V12D07-075_C1,1
GGCTATTAAGTTGTAT-1_V12D07-075_C1,21
GGCTCGCGTTGAGGTA-1_V12D07-075_C1,18
GGCTCGTGCCACCAGC-1_V12D07-075_C1,4
GGCTCTGCTCCAACGC-1_V12D07-075_C1,11
GGCTGAAATAGCAAAG-1_V12D07-075_C1,2
GGCTGAGCATCGTAAG-1_V12D07-075_C1,1
GGCTGGCAGCTTTATG-1_V12D07-075_C1,22
GGCTGGCTAGCTTAAA-1_V12D07-075_C1,7
GGCTTGGCTCTCACCT-1_V12D07-075_C1,22
GGCTTTCAATAAGGGT-1_V12D07-075_C1,5
GGGAAAGAATGCCAAC-1_V12D07-075_C1,3
GGGAACGGGAGGTTAG-1_V12D07-075_C1,20
GGGAAGACGGTCTGTC-1_V12D07-075_C1,2
GGGAATGAGCCCTCAC-1_V12D07-075_C1,1
GGGAATTCTGTCCAGT-1_V12D07-075_C1,22
GGGACCCGTATATCTT-1_V12D07-075_C1,11
GGGACTGCATAGATAG-1_V12D07-075_C1,5
GGGAGAACTCACAGTA-1_V12D07-075_C1,2
GGGAGCGACCGTAGTG-1_V12D07-075_C1,2
GGGAGGATGCCCGAAA-1_V12D07-075_C1,20
GGGAGTAATGGCTGGC-1_V12D07-075_C1,4
GGGAGTTAATGAGGCG-1_V12D07-075_C1,13
GGGATACGGTAATAAT-1_V12D07-075_C1,4
GGGATCCCAATACAAA-1_V12D07-075_C1,1
GGGATGGTCGTAACCG-1_V12D07-075_C1,11
GGGATTTACCGCACCT-1_V12D07-075_C1,13
GGGCACGAATTGGCCG-1_V12D07-075_C1,22
GGGCAGAGCAATCGTT-1_V12D07-075_C1,5
GGGCAGTCAACGCCAA-1_V12D07-075_C1,2
GGGCCCGTCTTAAACA-1_V12D07-075_C1,20
GGGCCCTACGAAAGGG-1_V12D07-075_C1,12
GGGCCCTTATCTATAC-1_V12D07-075_C1,22
GGGCCGGCCGAAGTAC-1_V12D07-075_C1,3
GGGCCTATTTAAGTAT-1_V12D07-075_C1,1
GGGCGAATTTCTCCAC-1_V12D07-075_C1,22
GGGCGATATGTGTGAA-1_V12D07-075_C1,20
GGGCGCAGCGTTACTC-1_V12D07-075_C1,1
GGGCGGCAAATGAATT-1_V12D07-075_C1,12
GGGCGGGTTCCCTACG-1_V12D07-075_C1,11
GGGCGGTCCTATTGTC-1_V12D07-075_C1,4
GGGCGTACATTTATAT-1_V12D07-075_C1,20
GGGCGTCACCACGTAA-1_V12D07-075_C1,2
GGGCGTCCACTGGCTC-1_V12D07-075_C1,10
GGGCGTGGTTTCCCAG-1_V12D07-075_C1,15
GGGCTATGATCGATGG-1_V12D07-075_C1,11
GGGCTCATCGAACCCA-1_V12D07-075_C1,10
GGGCTGCCTAGGGCGA-1_V12D07-075_C1,2
GGGCTGGTTAGTCGCG-1_V12D07-075_C1,20
GGGTAATGCTGTGTTT-1_V12D07-075_C1,14
GGGTACACTCTGGAGG-1_V12D07-075_C1,3
GGGTACCCACGGTCCT-1_V12D07-075_C1,4
GGGTACTTCATGAACT-1_V12D07-075_C1,20
GGGTATGTATGCACTT-1_V12D07-075_C1,6
GGGTCACCGTGACGGT-1_V12D07-075_C1,20
GGGTCAGGAGCTAGAT-1_V12D07-075_C1,5
GGGTCATGCGTACCAT-1_V12D07-075_C1,4
GGGTCGTGGCAAGTGT-1_V12D07-075_C1,1
GGGTCTATCGCTTTCC-1_V12D07-075_C1,13
GGGTGACACCTTAACT-1_V12D07-075_C1,5
GGGTGCATATGAAAGC-1_V12D07-075_C1,1
GGGTGGTCCAGCCTGT-1_V12D07-075_C1,6
GGGTGTTTCAGCTATG-1_V12D07-075_C1,7
GGGTTAACATTTGAGT-1_V12D07-075_C1,11
GGGTTCAGACGAACAA-1_V12D07-075_C1,9
GGGTTTAGGATAGGAT-1_V12D07-075_C1,18
GGTAAACTCTGCGCTG-1_V12D07-075_C1,13
GGTAAATGTGCGTTAC-1_V12D07-075_C1,1
GGTAACCGGCAAAGGT-1_V12D07-075_C1,22
GGTAACTATGTATCTG-1_V12D07-075_C1,7
GGTACAAACATGCTAT-1_V12D07-075_C1,20
GGTACACCAGATTTAT-1_V12D07-075_C1,1
GGTACATCTGGGACGA-1_V12D07-075_C1,12
GGTACCATTAAGACGG-1_V12D07-075_C1,17
GGTACGTTGCGGCCGG-1_V12D07-075_C1,2
GGTACTAAGTGCTTTG-1_V12D07-075_C1,10
GGTAGAAGACCGCCTG-1_V12D07-075_C1,5
GGTAGACCGTTGGGCG-1_V12D07-075_C1,11
GGTAGTGCTCGCACCA-1_V12D07-075_C1,2
GGTATAGTGACACATA-1_V12D07-075_C1,1
GGTATGAAAGAACTGA-1_V12D07-075_C1,22
GGTATTGCCGAGTTTA-1_V12D07-075_C1,20
GGTCAAGACTACTTCG-1_V12D07-075_C1,13
GGTCAGTGGGTCCCAC-1_V12D07-075_C1,5
GGTCATTGTAGTCATA-1_V12D07-075_C1,1
GGTCCTTCATACGACT-1_V12D07-075_C1,22
GGTCGGATAAACGGCG-1_V12D07-075_C1,17
GGTCGGCCAGGAGCTT-1_V12D07-075_C1,3
GGTCGGTAATTAGACA-1_V12D07-075_C1,7
GGTCGGTCGTCCACAG-1_V12D07-075_C1,11
GGTCTCCAAGTAGTGC-1_V12D07-075_C1,10
GGTCTCCGTCCAGGTT-1_V12D07-075_C1,2
GGTCTGAGAATCTGGA-1_V12D07-075_C1,3
GGTCTTGAGCGCTCTT-1_V12D07-075_C1,15
GGTCTTGGTGTTAACT-1_V12D07-075_C1,15
GGTGAAACCGGGAATG-1_V12D07-075_C1,7
GGTGAACGGGCTAGCC-1_V12D07-075_C1,7
GGTGAAGTACAGGGAT-1_V12D07-075_C1,12
GGTGACTGATAGAGAG-1_V12D07-075_C1,15
GGTGAGATGCAGATAA-1_V12D07-075_C1,6
GGTGATAAGGAGCAGT-1_V12D07-075_C1,3
GGTGATGAAGGAAGTG-1_V12D07-075_C1,22
GGTGATTTCATCTTGT-1_V12D07-075_C1,7
GGTGCAGAGCCTATCG-1_V12D07-075_C1,1
GGTGCATAAATGATTA-1_V12D07-075_C1,3
GGTGCGGATAAGTGGC-1_V12D07-075_C1,7
GGTGCTGATCACAAAG-1_V12D07-075_C1,19
GGTGCTGGTACACATT-1_V12D07-075_C1,11
GGTGGACCACGTGTTA-1_V12D07-075_C1,1
GGTGGACTGCTCTGGC-1_V12D07-075_C1,2
GGTGGAGGTTGATACG-1_V12D07-075_C1,1
GGTGTAAATCGATTGT-1_V12D07-075_C1,2
GGTGTAGGTAAGTAAA-1_V12D07-075_C1,5
GGTGTTGGGCGTCTTA-1_V12D07-075_C1,10
GGTTACCACCCTCGGG-1_V12D07-075_C1,12
GGTTACCCGACACTTT-1_V12D07-075_C1,1
GGTTAGCTATATGTCT-1_V12D07-075_C1,2
GGTTAGGCTTGGAGAA-1_V12D07-075_C1,4
GGTTAGTTACGGCGCC-1_V12D07-075_C1,4
GGTTCGGATTATACTA-1_V12D07-075_C1,22
GGTTCTACTCGTCTGA-1_V12D07-075_C1,18
GGTTGTGCTCTTGTCC-1_V12D07-075_C1,4
GGTTGTGTAGCCTGGC-1_V12D07-075_C1,20
GGTTTAATTGAGCAGG-1_V12D07-075_C1,1
GGTTTACAATCTCAAT-1_V12D07-075_C1,21
GGTTTAGCCTTTCTTG-1_V12D07-075_C1,13
GGTTTCAATCGGTCAG-1_V12D07-075_C1,18
GGTTTGACAAGAAGCT-1_V12D07-075_C1,1
GGTTTGAGTGCTGGAA-1_V12D07-075_C1,7
GGTTTGTGACCTGAGG-1_V12D07-075_C1,2
GTAACAACTGACCTTG-1_V12D07-075_C1,1
GTAACATCTAAGATAA-1_V12D07-075_C1,13
GTAACTGCCCAAGGAG-1_V12D07-075_C1,3
GTAACTTGCGGCAGTC-1_V12D07-075_C1,21
GTAAGCGGGCAGTCAG-1_V12D07-075_C1,20
GTAAGGATTTGTCGGA-1_V12D07-075_C1,7
GTAAGTAACAGTCTGG-1_V12D07-075_C1,2
GTAAGTAGGGTATACC-1_V12D07-075_C1,4
GTAAGTCCACACTCTA-1_V12D07-075_C1,1
GTAATAAAGGGCTCCC-1_V12D07-075_C1,17
GTAATCTGATTCTTCG-1_V12D07-075_C1,12
GTACACTTACCTGAAG-1_V12D07-075_C1,2
GTACAGAGGCAAGGGT-1_V12D07-075_C1,3
GTACGACGGCGCTGCG-1_V12D07-075_C1,7
GTACGAGATTGCGACA-1_V12D07-075_C1,10
GTACGCTTCATTGCAC-1_V12D07-075_C1,5
GTACGTCACGTATTAA-1_V12D07-075_C1,1
GTACGTTTGCCCGTCA-1_V12D07-075_C1,5
GTACTAAGATTTGGAG-1_V12D07-075_C1,20
GTACTCCCTTATCGCT-1_V12D07-075_C1,20
GTACTCCTGGGTATGC-1_V12D07-075_C1,17
GTACTGAGGTCGTAAC-1_V12D07-075_C1,7
GTACTGCATGAAGCGT-1_V12D07-075_C1,7
GTACTGGAGTTAGACC-1_V12D07-075_C1,3
GTACTTGGGCACTTCT-1_V12D07-075_C1,4
GTAGAAACGGGTGGAG-1_V12D07-075_C1,4
GTAGACAACCGATGAA-1_V12D07-075_C1,7
GTAGACACGCCTGACT-1_V12D07-075_C1,2
GTAGACGTCGTTACAT-1_V12D07-075_C1,7
GTAGCCAAACATGGGA-1_V12D07-075_C1,5
GTAGCGCTGTTGTAGT-1_V12D07-075_C1,7
GTAGCGGCTATACACT-1_V12D07-075_C1,5
GTAGCTTCCTCTTGTT-1_V12D07-075_C1,18
GTAGGTGATCCGTGTA-1_V12D07-075_C1,10
GTAGTCGCGGGAATCA-1_V12D07-075_C1,2
GTAGTCTACGATATTG-1_V12D07-075_C1,2
GTAGTGAGCAACCTCA-1_V12D07-075_C1,3
GTATAATCTCCCGGAT-1_V12D07-075_C1,22
GTATAGGACTCAGTAG-1_V12D07-075_C1,10
GTATCAAACGTTAGCT-1_V12D07-075_C1,13
GTATCAGCTTGGGTTC-1_V12D07-075_C1,4
GTATCCTTTGGTAACC-1_V12D07-075_C1,2
GTATCTTTCATAACCA-1_V12D07-075_C1,5
GTATGACGTGGGAAAC-1_V12D07-075_C1,7
GTATGTGGGTCTAGTT-1_V12D07-075_C1,3
GTATTAAGGCGTCTAA-1_V12D07-075_C1,9
GTATTAGGGTTCGCGT-1_V12D07-075_C1,1
GTATTCTGAGAAACGA-1_V12D07-075_C1,12
GTATTCTTACCGTGCT-1_V12D07-075_C1,4
GTATTTAATGGCATAA-1_V12D07-075_C1,10
GTCAAAGTTTACATAG-1_V12D07-075_C1,4
GTCAACCAGGCCTATA-1_V12D07-075_C1,2
GTCAAGCGGACTCGGG-1_V12D07-075_C1,5
GTCAATGCTATAATTT-1_V12D07-075_C1,1
GTCAATTGTACTGAAG-1_V12D07-075_C1,7
GTCACAAAGTTTCCAA-1_V12D07-075_C1,7
GTCACTCTCCAAATCT-1_V12D07-075_C1,4
GTCAGAATAGTCTATG-1_V12D07-075_C1,21
GTCAGACAGCGTTGGA-1_V12D07-075_C1,22
GTCAGTTGTGCTCGTT-1_V12D07-075_C1,7
GTCAGTTTGGTAGTCG-1_V12D07-075_C1,4
GTCATCTCCTACAGCT-1_V12D07-075_C1,22
GTCATGCACCTCCGTT-1_V12D07-075_C1,2
GTCATGCGCGAGGGCT-1_V12D07-075_C1,2
GTCATGGACATGACTA-1_V12D07-075_C1,20
GTCATTAGAGCGAACG-1_V12D07-075_C1,5
GTCATTGCATTGACCC-1_V12D07-075_C1,4
GTCCAATATTTAGCCT-1_V12D07-075_C1,5
GTCCACGTCGCATTCG-1_V12D07-075_C1,3
GTCCATTACTGCTACG-1_V12D07-075_C1,17
GTCCCAACGTAAAGTA-1_V12D07-075_C1,2
GTCCCGCGACGTTATG-1_V12D07-075_C1,2
GTCCGAGAGCAATCAT-1_V12D07-075_C1,22
GTCCGGACCTGAAATT-1_V12D07-075_C1,2
GTCCGGCTGAATTGCG-1_V12D07-075_C1,21
GTCCGGGTTCACATTA-1_V12D07-075_C1,2
GTCCTACAGGCGGCTC-1_V12D07-075_C1,4
GTCCTACGAATAGTCT-1_V12D07-075_C1,2
GTCCTATTGTTGTGGT-1_V12D07-075_C1,22
GTCCTTCTACAACCCA-1_V12D07-075_C1,4
GTCCTTCTAGTGGGTT-1_V12D07-075_C1,1
GTCCTTTAATGACTTC-1_V12D07-075_C1,1
GTCGATAGGTGACTTT-1_V12D07-075_C1,10
GTCGCCGTTGTGTGTT-1_V12D07-075_C1,12
GTCGCGTAACCCGTTG-1_V12D07-075_C1,5
GTCGGAAGGATACCAG-1_V12D07-075_C1,1
GTCGGATATCTCAGAC-1_V12D07-075_C1,5
GTCGGATGTAGCGCGC-1_V12D07-075_C1,10
GTCGGGAACATGGTAG-1_V12D07-075_C1,22
GTCGGGAAGCAGAAAC-1_V12D07-075_C1,5
GTCGTACCATCTCGGG-1_V12D07-075_C1,5
GTCGTACCTACGATTG-1_V12D07-075_C1,22
GTCGTATTGGCGTACA-1_V12D07-075_C1,10
GTCGTCAATTATAAGG-1_V12D07-075_C1,7
GTCGTCTGGTTGGCTA-1_V12D07-075_C1,1
GTCGTGTCTGGTCATC-1_V12D07-075_C1,1
GTCGTTATTCGCTTAT-1_V12D07-075_C1,2
GTCTACTCAATTACAA-1_V12D07-075_C1,11
GTCTAGTGAGCCGCTT-1_V12D07-075_C1,2
GTCTATCTGAGTTTCT-1_V12D07-075_C1,11
GTCTATTGCATGCTCG-1_V12D07-075_C1,2
GTCTATTGGTTCCGGT-1_V12D07-075_C1,2
GTCTCAAGGCCCGGCT-1_V12D07-075_C1,5
GTCTCCGCCTCAATAC-1_V12D07-075_C1,3
GTCTCGACTAAGTTTG-1_V12D07-075_C1,1
GTCTCGATCTGCTTTC-1_V12D07-075_C1,10
GTCTGGGCGGTCGAGA-1_V12D07-075_C1,11
GTCTTAGTACAGCCGG-1_V12D07-075_C1,10
GTCTTCCTCACCTAAG-1_V12D07-075_C1,22
GTCTTGAGGAGCAGTG-1_V12D07-075_C1,1
GTCTTGTAGCTATTCA-1_V12D07-075_C1,14
GTGAAACGGCGCCACC-1_V12D07-075_C1,10
GTGAAACGTGCTCCAC-1_V12D07-075_C1,7
GTGAACTCCCATTCGA-1_V12D07-075_C1,17
GTGAAGATTTCAAGTG-1_V12D07-075_C1,10
GTGAAGCCGTATAGTC-1_V12D07-075_C1,1
GTGACAGCTTCCCACT-1_V12D07-075_C1,2
GTGACCGCACACTACG-1_V12D07-075_C1,15
GTGACCTAAAGAATAA-1_V12D07-075_C1,1
GTGACGAGGGTGACCC-1_V12D07-075_C1,1
GTGACGCAGGTTTCAT-1_V12D07-075_C1,2
GTGACTTCAGTAGTGC-1_V12D07-075_C1,11
GTGAGCGTGCTGCACT-1_V12D07-075_C1,4
GTGAGGACACTTAAGG-1_V12D07-075_C1,5
GTGAGGAGCGGTTGAG-1_V12D07-075_C1,10
GTGAGTCGACTAATAG-1_V12D07-075_C1,3
GTGAGTCTAAGACGGA-1_V12D07-075_C1,9
GTGAGTGGTACAACGC-1_V12D07-075_C1,11
GTGATCACTAACGCCT-1_V12D07-075_C1,15
GTGATCATAGATCTGC-1_V12D07-075_C1,5
GTGATCCTTGTCATGA-1_V12D07-075_C1,2
GTGATGCACAACATCT-1_V12D07-075_C1,1
GTGATTCGCCGCTCAA-1_V12D07-075_C1,12
GTGCAACAAATGTGGC-1_V12D07-075_C1,7
GTGCACCAGCTTCAAC-1_V12D07-075_C1,5
GTGCACGAAAGTGACT-1_V12D07-075_C1,7
GTGCAGCGTAGAGTAG-1_V12D07-075_C1,10
GTGCCATCACACGGTG-1_V12D07-075_C1,11
GTGCCCGTTCGGATTC-1_V12D07-075_C1,2
GTGCCGCTTCAAAGGT-1_V12D07-075_C1,11
GTGCCTAGCTATGCTT-1_V12D07-075_C1,22
GTGCCTCAGTGTACGG-1_V12D07-075_C1,1
GTGCCTGAGACCAAAC-1_V12D07-075_C1,2
GTGCGAAATCGAACAC-1_V12D07-075_C1,11
GTGCGACAGGGAGTGT-1_V12D07-075_C1,17
GTGCGGGACCATCGGC-1_V12D07-075_C1,21
GTGCGGGTCTCCAAAT-1_V12D07-075_C1,10
GTGCGTGTATATGAGC-1_V12D07-075_C1,1
GTGCTCAAGTACTGTC-1_V12D07-075_C1,20
GTGCTGCAGATAAGGA-1_V12D07-075_C1,22
GTGCTTACATCAGCGC-1_V12D07-075_C1,1
GTGGAACCTACATGCG-1_V12D07-075_C1,10
GTGGACCAACCCGATT-1_V12D07-075_C1,12
GTGGACGCATTTGTCC-1_V12D07-075_C1,6
GTGGACGTGCTGAGAC-1_V12D07-075_C1,9
GTGGAGCATGTCGGCC-1_V12D07-075_C1,1
GTGGAGTCGGCGGTTG-1_V12D07-075_C1,12
GTGGCCTAATATCATT-1_V12D07-075_C1,22
GTGGCTGTTTCTGTTC-1_V12D07-075_C1,2
GTGGGCTTAGACACAC-1_V12D07-075_C1,4
GTGGTATAGTCTGCCG-1_V12D07-075_C1,12
GTGGTCAGCGAAGTAT-1_V12D07-075_C1,1
GTGGTGATGGTTTGTG-1_V12D07-075_C1,10
GTGGTGGCCAAGTGAA-1_V12D07-075_C1,2
GTGGTTACTTCTTTCG-1_V12D07-075_C1,10
GTGGTTTCCGCCTTTC-1_V12D07-075_C1,12
GTGTACCTTGGCTACG-1_V12D07-075_C1,11
GTGTACGAACCGTTCC-1_V12D07-075_C1,1
GTGTATATCAGCGGGC-1_V12D07-075_C1,5
GTGTATGACTTTAAAG-1_V12D07-075_C1,21
GTGTCGTATAGCGTTC-1_V12D07-075_C1,5
GTGTCGTATTCACCTT-1_V12D07-075_C1,1
GTGTGAATAACTTAGG-1_V12D07-075_C1,3
GTGTGTCGACGTCGCT-1_V12D07-075_C1,22
GTGTTACTATGCGTCC-1_V12D07-075_C1,5
GTTAAAGTAGGACTGG-1_V12D07-075_C1,2
GTTAACATCACTTAAA-1_V12D07-075_C1,5
GTTAACTATGTTGTCA-1_V12D07-075_C1,1
GTTAAGGGTGCGATGT-1_V12D07-075_C1,2
GTTAAGTTAGAGTGGG-1_V12D07-075_C1,1
GTTAATGTCTATCTTA-1_V12D07-075_C1,4
GTTACAATTGGTGACG-1_V12D07-075_C1,20
GTTACCAAGGCGTACG-1_V12D07-075_C1,3
GTTACCTACAACTTGC-1_V12D07-075_C1,5
GTTACTTTGGGCCTAG-1_V12D07-075_C1,11
GTTAGAGTGTGCCGCT-1_V12D07-075_C1,16
GTTAGCCCATGACATC-1_V12D07-075_C1,2
GTTAGCCGTAAATCAA-1_V12D07-075_C1,1
GTTATAATACGGTGAA-1_V12D07-075_C1,13
GTTATATCAGGAGCCA-1_V12D07-075_C1,1
GTTATATTATCTCCCT-1_V12D07-075_C1,5
GTTATCAAGCTATCGA-1_V12D07-075_C1,3
GTTATCACCTTCTGAA-1_V12D07-075_C1,7
GTTATTAACGTGGGAG-1_V12D07-075_C1,19
GTTCAAATCAGATGTC-1_V12D07-075_C1,22
GTTCACAGGAGTCTAG-1_V12D07-075_C1,16
GTTCAGTCGCCAAATG-1_V12D07-075_C1,2
GTTCATCGTTTGGCTG-1_V12D07-075_C1,10
GTTCCAGTCTGACCAT-1_V12D07-075_C1,1
GTTCCCGTAAACATAT-1_V12D07-075_C1,15
GTTCGCCATAAGTGCC-1_V12D07-075_C1,20
GTTCGCTGAGACGTCT-1_V12D07-075_C1,13
GTTCGGAGCACTCAAC-1_V12D07-075_C1,15
GTTCGGATCGGGAACA-1_V12D07-075_C1,17
GTTCGGGCGTACCATT-1_V12D07-075_C1,10
GTTCGTCTAAAGAACT-1_V12D07-075_C1,2
GTTCGTCTGGGTCCCT-1_V12D07-075_C1,1
GTTCTTCCCTCGATGT-1_V12D07-075_C1,16
GTTGAACCGGTTCCAT-1_V12D07-075_C1,11
GTTGAGTCCCGCCGGT-1_V12D07-075_C1,19
GTTGCACGGAGTTTCG-1_V12D07-075_C1,20
GTTGCAGTCGACAACA-1_V12D07-075_C1,15
GTTGCGCTAACATTAC-1_V12D07-075_C1,1
GTTGCGGACGGTCAGG-1_V12D07-075_C1,10
GTTGGACCGCATCAGG-1_V12D07-075_C1,1
GTTGGATTCAGTGGCT-1_V12D07-075_C1,1
GTTGGATTGAGAACAC-1_V12D07-075_C1,18
GTTGGATTTGCGTTGG-1_V12D07-075_C1,20
GTTGGTCATGCTATCC-1_V12D07-075_C1,5
GTTGTAGATTTATGAG-1_V12D07-075_C1,3
GTTGTCGTGTTAGTTG-1_V12D07-075_C1,7
GTTGTTACATTGCGCT-1_V12D07-075_C1,1
GTTGTTGCAAGATGGC-1_V12D07-075_C1,3
GTTTACGTTCCATCTG-1_V12D07-075_C1,5
GTTTATGGGATTTAGA-1_V12D07-075_C1,4
GTTTCAAACGAGTTGT-1_V12D07-075_C1,2
GTTTCATATCGTCGCT-1_V12D07-075_C1,12
GTTTCCTGGAGGGTGA-1_V12D07-075_C1,20
GTTTCTAGAGGCGCGG-1_V12D07-075_C1,2
GTTTCTGCAGTCTCCC-1_V12D07-075_C1,5
GTTTGACCAAATCCTA-1_V12D07-075_C1,20
GTTTGGCCCAAGTTAT-1_V12D07-075_C1,5
GTTTGGCCGCTCAGCG-1_V12D07-075_C1,6
GTTTGGGCTTGTGAGC-1_V12D07-075_C1,5
GTTTGGGTTTCGCCCG-1_V12D07-075_C1,2
GTTTGGTAGGGTCAAC-1_V12D07-075_C1,5
TAAACGTCGTCAATGA-1_V12D07-075_C1,4
TAAAGACAACCCTTTA-1_V12D07-075_C1,1
TAAAGAGCCCGAAACC-1_V12D07-075_C1,7
TAAAGCGGTATTTCCA-1_V12D07-075_C1,5
TAAAGCGTTAGGAGAA-1_V12D07-075_C1,18
TAAAGCTGCAATAGGG-1_V12D07-075_C1,1
TAAATCTTTACACCTC-1_V12D07-075_C1,1
TAAATGAATCCGTTTC-1_V12D07-075_C1,4
TAAATGCCGTCTCATG-1_V12D07-075_C1,1
TAAATGGGCTACTGAG-1_V12D07-075_C1,13
TAACAAAGGGAGAAGC-1_V12D07-075_C1,4
TAACAATATTTGTTGC-1_V12D07-075_C1,4
TAACATACAATGTGGG-1_V12D07-075_C1,5
TAACCGCCCGCAGTGC-1_V12D07-075_C1,7
TAACCTACCGTCCGAG-1_V12D07-075_C1,17
TAACCTAGGGAGTCCA-1_V12D07-075_C1,22
TAACGCTTTGAGAGCG-1_V12D07-075_C1,4
TAACTATCGAAGGTCC-1_V12D07-075_C1,4
TAACTATTACGCCAAA-1_V12D07-075_C1,10
TAACTCATCCGCGCGG-1_V12D07-075_C1,11
TAACTCCATGGAGGCT-1_V12D07-075_C1,14
TAAGCAGGCGACACGC-1_V12D07-075_C1,11
TAAGCCCTTACGACCA-1_V12D07-075_C1,1
TAAGGAACTTGTGGGA-1_V12D07-075_C1,9
TAAGGCAACATAAGAT-1_V12D07-075_C1,20
TAAGGCATAACATCAA-1_V12D07-075_C1,11
TAAGGCCCGTCACCCT-1_V12D07-075_C1,2
TAAGGCTGAATCCCTC-1_V12D07-075_C1,13
TAAGGGCCTGTCCGAT-1_V12D07-075_C1,2
TAAGGGCTGGGAGAGG-1_V12D07-075_C1,11
TAAGTAAATGTGCCGC-1_V12D07-075_C1,1
TAAGTAACATCTTGAC-1_V12D07-075_C1,12
TAAGTCGGTGAGCTAG-1_V12D07-075_C1,3
TAAGTTGCGACGTAGG-1_V12D07-075_C1,2
TAATAAACAAGGAGAT-1_V12D07-075_C1,10
TAATACACAGTAGTAT-1_V12D07-075_C1,7
TAATACTAGAACAGAC-1_V12D07-075_C1,2
TAATAGAACAGAGTTA-1_V12D07-075_C1,12
TAATAGCTAAATGATG-1_V12D07-075_C1,1
TAATAGTGACGACCAG-1_V12D07-075_C1,17
TAATATTGAAATTCGC-1_V12D07-075_C1,7
TAATCAACCAAATGGG-1_V12D07-075_C1,10
TAATCGATCCGTACGT-1_V12D07-075_C1,17
TAATGAAAGACCCTTG-1_V12D07-075_C1,4
TAATTACGTCAGTAGA-1_V12D07-075_C1,2
TAATTAGATGGATATG-1_V12D07-075_C1,7
TAATTAGGACATCCGT-1_V12D07-075_C1,18
TAATTCCAATGCTTCA-1_V12D07-075_C1,3
TAATTGGAATCGGGAA-1_V12D07-075_C1,1
TAATTTCCGTCCAGTA-1_V12D07-075_C1,12
TACAACGCACAACTCA-1_V12D07-075_C1,20
TACAAGGGCTTCTTTA-1_V12D07-075_C1,2
TACAAGTCTCGTGCAT-1_V12D07-075_C1,19
TACACCGTCGTTAGTC-1_V12D07-075_C1,1
TACACCTCTTCGAATC-1_V12D07-075_C1,3
TACAGAAACGGTGGGC-1_V12D07-075_C1,2
TACATAGGCATACACC-1_V12D07-075_C1,2
TACATCTTGTTTCTTG-1_V12D07-075_C1,22
TACATGACCTTATCCG-1_V12D07-075_C1,4
TACATGCCGGAATTGT-1_V12D07-075_C1,10
TACATTTCTAACGTGC-1_V12D07-075_C1,20
TACCAAATAGCCCAGA-1_V12D07-075_C1,5
TACCAATAAAGTACCA-1_V12D07-075_C1,2
TACCAGAAGTAGGTTC-1_V12D07-075_C1,11
TACCAGCTAGGTTTAA-1_V12D07-075_C1,7
TACCATGTATTGATTT-1_V12D07-075_C1,10
TACCCTCGGTAACCCT-1_V12D07-075_C1,15
TACCGAATAATTGTAA-1_V12D07-075_C1,2
TACCGCGGACTTGCAG-1_V12D07-075_C1,18
TACCGGCTCACTGCCC-1_V12D07-075_C1,5
TACCGGTCGTTTCCAT-1_V12D07-075_C1,12
TACCGTAGGTTAACTA-1_V12D07-075_C1,5
TACCGTGCCTCGGACC-1_V12D07-075_C1,5
TACCTACTCCCAGTAT-1_V12D07-075_C1,5
TACCTATCCCTAGAGG-1_V12D07-075_C1,11
TACCTCACGCTTGTAC-1_V12D07-075_C1,7
TACCTCAGTTGTCTGT-1_V12D07-075_C1,11
TACCTCTTTACCATCC-1_V12D07-075_C1,3
TACCTGCTGCACTGTG-1_V12D07-075_C1,4
TACGAACACGACTTCA-1_V12D07-075_C1,20
TACGACGCTTGCTGCG-1_V12D07-075_C1,5
TACGACTGCCTCTTAG-1_V12D07-075_C1,13
TACGAGAACTTCACGT-1_V12D07-075_C1,4
TACGATGTTGATCATC-1_V12D07-075_C1,4
TACGCAGTTCTTTCCT-1_V12D07-075_C1,2
TACGCCATATTCTAAT-1_V12D07-075_C1,2
TACGCCGCCTCAGAAG-1_V12D07-075_C1,1
TACGCCTCCATTCCGA-1_V12D07-075_C1,5
TACGCTATAGAAACCT-1_V12D07-075_C1,10
TACGCTCGGTATTGGA-1_V12D07-075_C1,13
TACGGAAGCCAAACCA-1_V12D07-075_C1,2
TACGGCATGGACGCTA-1_V12D07-075_C1,15
TACGGGATGCTAGCAG-1_V12D07-075_C1,10
TACGTAAAGCGGAGTG-1_V12D07-075_C1,2
TACGTGCAAGGTTCCT-1_V12D07-075_C1,1
TACGTGCACTATGCTG-1_V12D07-075_C1,4
TACGTGGGCCCAGGGC-1_V12D07-075_C1,2
TACGTTTACCGGCAAT-1_V12D07-075_C1,11
TACTACGTGCAATGCG-1_V12D07-075_C1,12
TACTATGGTTCCTCAG-1_V12D07-075_C1,12
TACTCGGCACGCCGGG-1_V12D07-075_C1,6
TACTCTCCGAACAAAT-1_V12D07-075_C1,10
TACTCTTACTTTACTG-1_V12D07-075_C1,13
TACTCTTTCGTCTTCA-1_V12D07-075_C1,12
TACTGAACAGATTTAG-1_V12D07-075_C1,12
TACTGCAATCAATTAC-1_V12D07-075_C1,10
TACTGGACAGCTCGGC-1_V12D07-075_C1,9
TACTGTTTCTCTGGTA-1_V12D07-075_C1,10
TACTTAAACATGTACA-1_V12D07-075_C1,22
TACTTGTTAGTAGTCC-1_V12D07-075_C1,12
TACTTTACTGAGCCGG-1_V12D07-075_C1,18
TAGAAACACAATAGTG-1_V12D07-075_C1,22
TAGAAACCACTAAGTA-1_V12D07-075_C1,7
TAGAAAGGTGGCGCTA-1_V12D07-075_C1,3
TAGAAATTCACGTATA-1_V12D07-075_C1,22
TAGAAGAAGGGTTACA-1_V12D07-075_C1,15
TAGAATAGCCGATGAA-1_V12D07-075_C1,13
TAGAATTAAGGGCAAC-1_V12D07-075_C1,16
TAGACGAAACGCCAAT-1_V12D07-075_C1,2
TAGACGCCCGTACCGG-1_V12D07-075_C1,18
TAGACTACCTAGCGTT-1_V12D07-075_C1,17
TAGAGCTACGAAGAAC-1_V12D07-075_C1,7
TAGAGGTTCTACTTGT-1_V12D07-075_C1,13
TAGAGTCTAAGCGAAC-1_V12D07-075_C1,20
TAGATATGGACTGGAA-1_V12D07-075_C1,11
TAGATCCGAAGTCGCA-1_V12D07-075_C1,7
TAGATGGTTCCTTACT-1_V12D07-075_C1,2
TAGATTCCTGGTTATT-1_V12D07-075_C1,4
TAGCAACCTGTCACAA-1_V12D07-075_C1,4
TAGCAGTATGACTAAA-1_V12D07-075_C1,2
TAGCCAGAGGGTCCGG-1_V12D07-075_C1,22
TAGCCATTTCAAAGTC-1_V12D07-075_C1,13
TAGCCGGCGGTCAGCG-1_V12D07-075_C1,3
TAGCGTCCCTCGATTG-1_V12D07-075_C1,18
TAGCGTCCGGTGTGGT-1_V12D07-075_C1,5
TAGCGTCGAATATTGA-1_V12D07-075_C1,22
TAGCGTTGGGTCTTAC-1_V12D07-075_C1,5
TAGCTAAGTCCGGGAG-1_V12D07-075_C1,20
TAGCTAGAAGGCATGA-1_V12D07-075_C1,11
TAGCTAGTGATGATGG-1_V12D07-075_C1,12
TAGCTCAGATCCTAGT-1_V12D07-075_C1,1
TAGCTCGCCTGATAAC-1_V12D07-075_C1,5
TAGGAACAGCCTCCAG-1_V12D07-075_C1,1
TAGGCATGTTACGCCA-1_V12D07-075_C1,10
TAGGCCTATATAGTCT-1_V12D07-075_C1,2
TAGGCTAAAGTGGCAC-1_V12D07-075_C1,2
TAGGGAGCTTGGGATG-1_V12D07-075_C1,3
TAGGGTGTTTCAAGAG-1_V12D07-075_C1,10
TAGGTCCAAGTAAGGA-1_V12D07-075_C1,4
TAGGTCGCCGGAACTG-1_V12D07-075_C1,18
TAGGTGACGATAACCT-1_V12D07-075_C1,2
TAGGTGAGCCCTACTC-1_V12D07-075_C1,4
TAGGTGCTCGCCTAGC-1_V12D07-075_C1,13
TAGGTGTTCCACAGAT-1_V12D07-075_C1,5
TAGGTTCGAGTTCGTC-1_V12D07-075_C1,2
TAGTACCTTAGTGGTC-1_V12D07-075_C1,14
TAGTAGCTTATACCAG-1_V12D07-075_C1,12
TAGTCCCGGAGACCAC-1_V12D07-075_C1,3
TAGTCCGCAGAGAATG-1_V12D07-075_C1,20
TAGTCCGTATGCATAA-1_V12D07-075_C1,22
TAGTCGATCACGGGTT-1_V12D07-075_C1,13
TAGTCGGGATTCTTCG-1_V12D07-075_C1,22
TAGTCTAACAACGAGA-1_V12D07-075_C1,11
TAGTCTGTGACGTTGC-1_V12D07-075_C1,1
TAGTCTTTCCGAATTG-1_V12D07-075_C1,10
TAGTGCCCTCCAGAGT-1_V12D07-075_C1,20
TAGTGCTTGAATCCTT-1_V12D07-075_C1,22
TAGTGTCAGAAACGGC-1_V12D07-075_C1,4
TAGTTAAGATAGGATA-1_V12D07-075_C1,10
TAGTTTATTCTTGCTT-1_V12D07-075_C1,7
TATAAATCCACAAGCT-1_V12D07-075_C1,21
TATAAGTGAGGATAGC-1_V12D07-075_C1,4
TATACACAGACGCCTT-1_V12D07-075_C1,5
TATACACGCAAAGTAT-1_V12D07-075_C1,14
TATACCGAGTGCCACA-1_V12D07-075_C1,10
TATACGCGTCATCACT-1_V12D07-075_C1,5
TATACTCATGCGGCAA-1_V12D07-075_C1,14
TATAGAGTCGCTTGAA-1_V12D07-075_C1,3
TATAGATGGTCGCAGT-1_V12D07-075_C1,3
TATAGGGTACTCATGA-1_V12D07-075_C1,11
TATATCATTGATCAGT-1_V12D07-075_C1,22
TATATCCCTGGGAGGA-1_V12D07-075_C1,17
TATATGCTGGGTTGCC-1_V12D07-075_C1,4
TATATTACAAATGTCG-1_V12D07-075_C1,1
TATATTCGCGTCGATA-1_V12D07-075_C1,7
TATCAAAGGTCTGTAA-1_V12D07-075_C1,22
TATCACCATGTAAAGT-1_V12D07-075_C1,1
TATCACCCAACCGACC-1_V12D07-075_C1,10
TATCACTTCGAGTAAC-1_V12D07-075_C1,1
TATCCAATTGGTTATC-1_V12D07-075_C1,19
TATCCATATCATGCGA-1_V12D07-075_C1,7
TATCCGCACCGTCGGG-1_V12D07-075_C1,11
TATCCTATCAACTGGT-1_V12D07-075_C1,2
TATCCTGCATGGGAAT-1_V12D07-075_C1,7
TATCGATCTATGCATA-1_V12D07-075_C1,10
TATCGATGATTAAACG-1_V12D07-075_C1,20
TATCTACAGAGGTAAT-1_V12D07-075_C1,4
TATCTACCACAGCGGG-1_V12D07-075_C1,2
TATCTAGCCTAAAGGA-1_V12D07-075_C1,20
TATGAAGAATTAAGGT-1_V12D07-075_C1,2
TATGAAGACAGGTGCG-1_V12D07-075_C1,4
TATGATAAATCTAACG-1_V12D07-075_C1,1
TATGATCCGGCACGCC-1_V12D07-075_C1,1
TATGATCTTCTCTTTA-1_V12D07-075_C1,2
TATGATTCTGCTTGGT-1_V12D07-075_C1,7
TATGCTCCCTACTTAC-1_V12D07-075_C1,20
TATGGAGTTTCTCGTT-1_V12D07-075_C1,7
TATGGATGTGCTACGC-1_V12D07-075_C1,20
TATGGCCCGGCCTCGC-1_V12D07-075_C1,9
TATGGCTAGGCTAATT-1_V12D07-075_C1,1
TATGGGACCGAGCAGG-1_V12D07-075_C1,20
TATGGGTACGTATCGT-1_V12D07-075_C1,5
TATGGTCTGAGTAACA-1_V12D07-075_C1,20
TATGGTTAGTGGGAGA-1_V12D07-075_C1,17
TATGTCAAGACCGACT-1_V12D07-075_C1,10
TATGTCTCATTGTGCC-1_V12D07-075_C1,3
TATTAACCTGACCGCG-1_V12D07-075_C1,12
TATTACCATCCTGCTT-1_V12D07-075_C1,3
TATTCAATTCTAATCC-1_V12D07-075_C1,2
TATTCCACTCAGCTCG-1_V12D07-075_C1,5
TATTCCGAGCTGTTAT-1_V12D07-075_C1,2
TATTCCGGCAGTCCTA-1_V12D07-075_C1,7
TATTCCTCCGCCCACT-1_V12D07-075_C1,12
TATTCGTGCCAGAATA-1_V12D07-075_C1,2
TATTGACATTTCTGCC-1_V12D07-075_C1,1
TATTGCCGGGCTTGTA-1_V12D07-075_C1,3
TATTTAGTCTAGATCG-1_V12D07-075_C1,7
TATTTATACCGAGTAG-1_V12D07-075_C1,10
TATTTGATTTGCACAG-1_V12D07-075_C1,17
TATTTGTTACCCTTTA-1_V12D07-075_C1,4
TCAAACAACCGCGTCG-1_V12D07-075_C1,20
TCAAACTTAGATTGTT-1_V12D07-075_C1,2
TCAAATTGTTGTGCCG-1_V12D07-075_C1,2
TCAAATTTGAGACTCA-1_V12D07-075_C1,5
TCAACACATTGGGTAA-1_V12D07-075_C1,7
TCAACATAGCGCCCTA-1_V12D07-075_C1,12
TCAACCATGTTCGGGC-1_V12D07-075_C1,10
TCAACGAGGAGACAAA-1_V12D07-075_C1,2
TCAACGCGACCGGCAG-1_V12D07-075_C1,11
TCAACTAACGTATAAC-1_V12D07-075_C1,4
TCAACTGCAGAGTCAG-1_V12D07-075_C1,13
TCAAGAAATACTAGCT-1_V12D07-075_C1,10
TCAAGCGCGGACGGTA-1_V12D07-075_C1,13
TCAAGGTTACTACACC-1_V12D07-075_C1,13
TCAATACAATTGCTGC-1_V12D07-075_C1,22
TCAATACGCCGTCATG-1_V12D07-075_C1,5
TCAATATACAGGAGGC-1_V12D07-075_C1,3
TCAATCCCGCGCCAAA-1_V12D07-075_C1,3
TCACAAACCGAGGTAC-1_V12D07-075_C1,2
TCACAGATCCTCAAAC-1_V12D07-075_C1,4
TCACAGCAAACTCGAA-1_V12D07-075_C1,11
TCACAGGAGAATAAGA-1_V12D07-075_C1,11
TCACAGGGAATCGCAA-1_V12D07-075_C1,2
TCACAGGTTATTGGGC-1_V12D07-075_C1,20
TCACATCTTATCTGAT-1_V12D07-075_C1,14
TCACCCTCTTAAGATT-1_V12D07-075_C1,5
TCACCGCTCGGCACTC-1_V12D07-075_C1,18
TCACGCATTGTAGATC-1_V12D07-075_C1,20
TCACGGTCATCGCACA-1_V12D07-075_C1,4
TCACGTGCCCGATTCA-1_V12D07-075_C1,2
TCACTACGACCAATGC-1_V12D07-075_C1,1
TCACTATCCCTTCGGT-1_V12D07-075_C1,3
TCACTCGTGCAACGGC-1_V12D07-075_C1,17
TCACTCTTCGTCTGTC-1_V12D07-075_C1,5
TCAGAACCTCCACAGG-1_V12D07-075_C1,10
TCAGACGCTATAGAAG-1_V12D07-075_C1,5
TCAGAGTGTGAGCATG-1_V12D07-075_C1,3
TCAGCAAATGCATCTC-1_V12D07-075_C1,2
TCAGCCAATCCGTAAA-1_V12D07-075_C1,2
TCAGGGCGACTTCCTT-1_V12D07-075_C1,4
TCAGGGCGCAAACTCG-1_V12D07-075_C1,19
TCAGGGTGCACGAAAC-1_V12D07-075_C1,1
TCAGGGTGTAACGTAA-1_V12D07-075_C1,2
TCAGGTTCTTTGAGAA-1_V12D07-075_C1,20
TCAGTACTGACCCGCG-1_V12D07-075_C1,4
TCAGTAGGGACTATAA-1_V12D07-075_C1,11
TCATAAGTCCAAGAAG-1_V12D07-075_C1,15
TCATACTTACAGATCC-1_V12D07-075_C1,4
TCATATGAGCTTTGTT-1_V12D07-075_C1,2
TCATCACTCGAGCTCG-1_V12D07-075_C1,16
TCATCCCAGAGGGTGG-1_V12D07-075_C1,7
TCATCCTCAGCTGCTT-1_V12D07-075_C1,2
TCATCGACGACCGTCG-1_V12D07-075_C1,3
TCATGCAGGTTCTCAT-1_V12D07-075_C1,10
TCATTCGTATAATTTG-1_V12D07-075_C1,1
TCATTTAAGTCTCCGA-1_V12D07-075_C1,17
TCATTTAGAAGTGTGA-1_V12D07-075_C1,13
TCCAACTCAGCTATCT-1_V12D07-075_C1,21
TCCAACTTTAAATTCT-1_V12D07-075_C1,11
TCCAAGCCTAGACACA-1_V12D07-075_C1,2
TCCAATAAAGGCTACC-1_V12D07-075_C1,5
TCCACAATGGTTTACG-1_V12D07-075_C1,4
TCCACATCGTATATTG-1_V12D07-075_C1,2
TCCACCAAGACATAGG-1_V12D07-075_C1,3
TCCACCTCTAGCCTTT-1_V12D07-075_C1,5
TCCACTTTATCTAGGT-1_V12D07-075_C1,2
TCCAGAGCACCGGTTC-1_V12D07-075_C1,5
TCCAGATGTACGCCAA-1_V12D07-075_C1,1
TCCAGCGCTATAAGCG-1_V12D07-075_C1,17
TCCAGGCGAGTACGGT-1_V12D07-075_C1,20
TCCAGGGTATATACGA-1_V12D07-075_C1,5
TCCATTAGTTGGATAG-1_V12D07-075_C1,4
TCCATTGTGACCTCGT-1_V12D07-075_C1,7
TCCCAAACAGACAACG-1_V12D07-075_C1,1
TCCCAAAGACGAAGGA-1_V12D07-075_C1,20
TCCCAAAGCCCTAAAT-1_V12D07-075_C1,1
TCCCACTCTCTTCCGG-1_V12D07-075_C1,10
TCCCAGCACACGACAT-1_V12D07-075_C1,17
TCCCAGCTTTAGTCTG-1_V12D07-075_C1,20
TCCCAGGCTTAGCTAA-1_V12D07-075_C1,20
TCCCGCCTATGTGCGT-1_V12D07-075_C1,1
TCCCGCGTACTCCTGG-1_V12D07-075_C1,20
TCCCGGGTGTGCTGCT-1_V12D07-075_C1,4
TCCCGGTCAGGAATTT-1_V12D07-075_C1,7
TCCCGTCAGTCCCGCA-1_V12D07-075_C1,21
TCCCGTCGCGTCATAG-1_V12D07-075_C1,1
TCCCGTGTGCAATTTG-1_V12D07-075_C1,2
TCCCTAGATCAATAGG-1_V12D07-075_C1,1
TCCCTCTTCTCAAGGG-1_V12D07-075_C1,3
TCCCTGGCTCGCTGGA-1_V12D07-075_C1,14
TCCCTTAGATTACTCG-1_V12D07-075_C1,10
TCCCTTGTCTGAAACT-1_V12D07-075_C1,13
TCCGAACGTTGCCGCT-1_V12D07-075_C1,10
TCCGAACTTGGCTTAC-1_V12D07-075_C1,4
TCCGAAGTAGTCACCA-1_V12D07-075_C1,1
TCCGAATGGTCCTGAG-1_V12D07-075_C1,1
TCCGAGAAGGCTAAGC-1_V12D07-075_C1,21
TCCGATAATTGCCATA-1_V12D07-075_C1,9
TCCGATGACTGAGCTC-1_V12D07-075_C1,10
TCCGATGGTGCGACAT-1_V12D07-075_C1,20
TCCGATTACATTGCCG-1_V12D07-075_C1,5
TCCGCAGCCACCTAGC-1_V12D07-075_C1,22
TCCGCCTGTCTACAAG-1_V12D07-075_C1,5
TCCGCGGCAGCATCTG-1_V12D07-075_C1,3
TCCGCGGCCCAATGAA-1_V12D07-075_C1,13
TCCGCTGTCATCCCGG-1_V12D07-075_C1,2
TCCGCTTATCCCATTA-1_V12D07-075_C1,5
TCCGGAGGAAGGGCTG-1_V12D07-075_C1,1
TCCGGCCTAGCGTACA-1_V12D07-075_C1,17
TCCGGCTGTCGGGTCG-1_V12D07-075_C1,17
TCCGGGCTTGACGGGA-1_V12D07-075_C1,2
TCCGGTTCGTCCGGTC-1_V12D07-075_C1,5
TCCGTAACCACAATCC-1_V12D07-075_C1,16
TCCGTTAAGCTAATAT-1_V12D07-075_C1,13
TCCGTTTAGCCTTGAA-1_V12D07-075_C1,18
TCCTAAAGATTCAGAC-1_V12D07-075_C1,2
TCCTAAATTGGGAAGC-1_V12D07-075_C1,5
TCCTAACCGTCGGGCA-1_V12D07-075_C1,12
TCCTACATCCACGGCC-1_V12D07-075_C1,2
TCCTAGCAAAGAAGCT-1_V12D07-075_C1,11
TCCTATCATAGGTAAC-1_V12D07-075_C1,10
TCCTCGGGCTGGGCTT-1_V12D07-075_C1,5
TCCTCTACGAGATGGC-1_V12D07-075_C1,4
TCCTCTCCAGTTGTCC-1_V12D07-075_C1,4
TCCTCTGGCCCATTAG-1_V12D07-075_C1,1
TCCTGCCAACTGGAGA-1_V12D07-075_C1,1
TCCTGCGTTGATACTC-1_V12D07-075_C1,11
TCCTGGCGCTGCCTGG-1_V12D07-075_C1,1
TCCTTACGACGGTCCG-1_V12D07-075_C1,13
TCCTTCAATCCCTACG-1_V12D07-075_C1,12
TCCTTCAGTGGTCGAA-1_V12D07-075_C1,7
TCCTTGTCCTTTAATT-1_V12D07-075_C1,2
TCCTTTAAATCCGCTT-1_V12D07-075_C1,2
TCCTTTCTTACGCTTA-1_V12D07-075_C1,2
TCGAAATTTAGGACCA-1_V12D07-075_C1,20
TCGAAGAACCGAGCAC-1_V12D07-075_C1,13
TCGAGACCAACACCGT-1_V12D07-075_C1,20
TCGAGGGCAACAGACG-1_V12D07-075_C1,13
TCGATAGGCTAGTCGC-1_V12D07-075_C1,7
TCGCAAAGATGCATTT-1_V12D07-075_C1,2
TCGCACCAGGAGGCAG-1_V12D07-075_C1,2
TCGCACTAACGTTTGT-1_V12D07-075_C1,22
TCGCATAAAGGGCGCA-1_V12D07-075_C1,13
TCGCATCCCTAAGTGT-1_V12D07-075_C1,4
TCGCATTCAATGACTT-1_V12D07-075_C1,7
TCGCCCAACTGACTCC-1_V12D07-075_C1,1
TCGCCCACTGCGAGAG-1_V12D07-075_C1,22
TCGCCGAAGTTGCGTC-1_V12D07-075_C1,12
TCGCCGACATATTCGC-1_V12D07-075_C1,2
TCGCCGGATGGGCAAG-1_V12D07-075_C1,22
TCGCCGGTCGATCCGT-1_V12D07-075_C1,7
TCGCGTAGCAGTGTCC-1_V12D07-075_C1,2
TCGCGTCCAGAAGGTC-1_V12D07-075_C1,5
TCGCTAAACCGCTATC-1_V12D07-075_C1,10
TCGCTACTGGCTTTGA-1_V12D07-075_C1,2
TCGCTCGATATATTCC-1_V12D07-075_C1,2
TCGCTCGGCACCAGCG-1_V12D07-075_C1,1
TCGCTGCCAATGCTGT-1_V12D07-075_C1,2
TCGCTGGGCGGATTGT-1_V12D07-075_C1,2
TCGCTGTGCGTAAATC-1_V12D07-075_C1,4
TCGCTTAATTACGAAG-1_V12D07-075_C1,1
TCGCTTTAAACGTTTG-1_V12D07-075_C1,10
TCGGAATGACCATCAA-1_V12D07-075_C1,7
TCGGAATGCGCTCTGA-1_V12D07-075_C1,9
TCGGACGCCCAGCCCA-1_V12D07-075_C1,3
TCGGAGTACATGAGTA-1_V12D07-075_C1,2
TCGGCAGGGTTAAGGG-1_V12D07-075_C1,3
TCGGCGAACCCAAACC-1_V12D07-075_C1,13
TCGGCTTGTATCGACG-1_V12D07-075_C1,2
TCGGGAACGTGCCTAG-1_V12D07-075_C1,10
TCGGGAGACAGCGTAC-1_V12D07-075_C1,5
TCGGGATTCAAACATA-1_V12D07-075_C1,12
TCGGGCCGTCGTGGTA-1_V12D07-075_C1,13
TCGGGTGAAACTGCTA-1_V12D07-075_C1,7
TCGGTCCCTGACTCCA-1_V12D07-075_C1,1
TCGGTGACCGCTCCGG-1_V12D07-075_C1,1
TCGGTTAGCCATGTAG-1_V12D07-075_C1,1
TCGTAACTCCCAAGAC-1_V12D07-075_C1,3
TCGTAAGACGACATTG-1_V12D07-075_C1,11
TCGTAAGCTCCGAGGA-1_V12D07-075_C1,1
TCGTACCGACGTCAAG-1_V12D07-075_C1,5
TCGTATAGTGCAATTA-1_V12D07-075_C1,7
TCGTATTACCCATTGC-1_V12D07-075_C1,11
TCGTCACACTGTTAGC-1_V12D07-075_C1,19
TCGTCCGCTGGCGTCT-1_V12D07-075_C1,4
TCGTCCGGGTACACTC-1_V12D07-075_C1,1
TCGTCTTAGGCGTTAA-1_V12D07-075_C1,5
TCGTGTACTATGGATG-1_V12D07-075_C1,6
TCGTGTATTGGTCACG-1_V12D07-075_C1,6
TCGTGTTCGACCACAA-1_V12D07-075_C1,13
TCGTTAGGAGTCCCTA-1_V12D07-075_C1,11
TCGTTCGTTATTATGT-1_V12D07-075_C1,7
TCGTTGACAGGGTCCC-1_V12D07-075_C1,22
TCGTTGCTATCCGGTC-1_V12D07-075_C1,12
TCGTTGGCTCGTCAAT-1_V12D07-075_C1,7
TCGTTTACGCGACCCT-1_V12D07-075_C1,2
TCTAACTGTATGTAAA-1_V12D07-075_C1,4
TCTACACGTTCATGCA-1_V12D07-075_C1,1
TCTACCCAATAGAGAG-1_V12D07-075_C1,13
TCTACCGTCCACAAGC-1_V12D07-075_C1,20
TCTAGCAATCTCCGCC-1_V12D07-075_C1,12
TCTAGCATCTTCGATG-1_V12D07-075_C1,4
TCTAGCATGCCCAGAA-1_V12D07-075_C1,5
TCTAGGTGGCGACGCT-1_V12D07-075_C1,17
TCTAGTGATATCGTGG-1_V12D07-075_C1,13
TCTAGTTATCAGAAGA-1_V12D07-075_C1,20
TCTATAGGTGGGTAAT-1_V12D07-075_C1,2
TCTATCATGCAGTTAC-1_V12D07-075_C1,4
TCTATCGGTCGCAACA-1_V12D07-075_C1,20
TCTATGCTATAACGAC-1_V12D07-075_C1,2
TCTATTACGCTGGCGA-1_V12D07-075_C1,4
TCTCAAATCAATCGGG-1_V12D07-075_C1,3
TCTCATGAGATAGGGT-1_V12D07-075_C1,2
TCTCCAACGTAGGTTA-1_V12D07-075_C1,10
TCTCCACAAGTTGAAT-1_V12D07-075_C1,2
TCTCCCTGGGCAGCGT-1_V12D07-075_C1,5
TCTCGAACGAGGTCAC-1_V12D07-075_C1,1
TCTCGACGTATCGCCG-1_V12D07-075_C1,1
TCTCGAGGAGGTTCGC-1_V12D07-075_C1,13
TCTCGGCTCCAGGACT-1_V12D07-075_C1,9
TCTCTAATAGCTGGTA-1_V12D07-075_C1,10
TCTCTCGCCGCACATA-1_V12D07-075_C1,13
TCTGAACCGGTCGGCT-1_V12D07-075_C1,4
TCTGAACTCGTACCCG-1_V12D07-075_C1,13
TCTGAAGCACGTGGTC-1_V12D07-075_C1,2
TCTGAATTCCGTACAA-1_V12D07-075_C1,18
TCTGACGGGCTAACCC-1_V12D07-075_C1,1
TCTGACTGTAATGGTT-1_V12D07-075_C1,22
TCTGAGCAATTGACTG-1_V12D07-075_C1,13
TCTGATCGGGTGCTAG-1_V12D07-075_C1,1
TCTGATGTATTCTGTC-1_V12D07-075_C1,5
TCTGATTGGAAATGGA-1_V12D07-075_C1,1
TCTGCAGATTCGAGTC-1_V12D07-075_C1,4
TCTGCATACCTTGCTT-1_V12D07-075_C1,2
TCTGCCAGAAACTGCA-1_V12D07-075_C1,5
TCTGCGTCCGGTTTCT-1_V12D07-075_C1,14
TCTGCTTAGAACAAGC-1_V12D07-075_C1,10
TCTGGAGCGTAAGAGT-1_V12D07-075_C1,1
TCTGGCCGTTCAAGTT-1_V12D07-075_C1,1
TCTGGCGCAAGCCGGG-1_V12D07-075_C1,22
TCTGGGAACCTTTGAA-1_V12D07-075_C1,13
TCTGGGTAGCGCTCAT-1_V12D07-075_C1,20
TCTGTCATACAAGAGC-1_V12D07-075_C1,4
TCTGTGATGGAGGTTG-1_V12D07-075_C1,1
TCTGTGCCATCATAGT-1_V12D07-075_C1,3
TCTGTTACCCAGCATA-1_V12D07-075_C1,12
TCTTAACTCGGATGTA-1_V12D07-075_C1,22
TCTTACAGAGGTACCG-1_V12D07-075_C1,7
TCTTACCGGAACTCGT-1_V12D07-075_C1,10
TCTTACGGCATCCGAC-1_V12D07-075_C1,4
TCTTACTTATGCCTCT-1_V12D07-075_C1,13
TCTTAGAGCTCCAATT-1_V12D07-075_C1,17
TCTTAGAGTGAACTCT-1_V12D07-075_C1,13
TCTTCCCATGGGCACA-1_V12D07-075_C1,18
TCTTCGAATAGACGTT-1_V12D07-075_C1,5
TCTTCGATACCAATAA-1_V12D07-075_C1,2
TCTTCGCGGTGAGAGG-1_V12D07-075_C1,13
TCTTCTATAACCCGCC-1_V12D07-075_C1,18
TCTTGATGCGTAGCGA-1_V12D07-075_C1,2
TCTTGCTCCCGATACT-1_V12D07-075_C1,2
TCTTGGTAACACCAAA-1_V12D07-075_C1,20
TCTTTAAGACTATGAA-1_V12D07-075_C1,18
TCTTTAGAGTCTAACA-1_V12D07-075_C1,17
TCTTTAGCAGGCGAAC-1_V12D07-075_C1,1
TCTTTCCTTCGAGATA-1_V12D07-075_C1,3
TCTTTCTCTTAAGGAG-1_V12D07-075_C1,6
TGAAACTTATGCAAGC-1_V12D07-075_C1,7
TGAAAGGACCTGACTC-1_V12D07-075_C1,3
TGAACTGCTATGACTT-1_V12D07-075_C1,11
TGAAGAGCGGTCCTAG-1_V12D07-075_C1,4
TGAAGTAGCTTACGGA-1_V12D07-075_C1,22
TGAATACCGACGCGTA-1_V12D07-075_C1,2
TGAATATGCTATAAAC-1_V12D07-075_C1,1
TGAATGAGTGTTTCCC-1_V12D07-075_C1,5
TGAATGTCAGCCGGCC-1_V12D07-075_C1,18
TGACAACGCATGTCGC-1_V12D07-075_C1,1
TGACACTTCTCTTTGC-1_V12D07-075_C1,1
TGACATATATGACGAT-1_V12D07-075_C1,3
TGACATCGAGCGGACC-1_V12D07-075_C1,17
TGACATGTAACGTGAC-1_V12D07-075_C1,2
TGACCAAATCTTAAAC-1_V12D07-075_C1,2
TGACCAGCTTCAAAGT-1_V12D07-075_C1,1
TGACCCACGTTAGACA-1_V12D07-075_C1,20
TGACGATGCACTAGAA-1_V12D07-075_C1,3
TGACTATAATCCTTTC-1_V12D07-075_C1,5
TGACTCTAACTGGTAA-1_V12D07-075_C1,3
TGAGAATGCTTTACCG-1_V12D07-075_C1,10
TGAGACGTACCTCTCA-1_V12D07-075_C1,22
TGAGAGATTTACCACG-1_V12D07-075_C1,13
TGAGATCAAATACTCA-1_V12D07-075_C1,7
TGAGATTAGGCCCTAA-1_V12D07-075_C1,17
TGAGCAGTCGTGAAGT-1_V12D07-075_C1,7
TGAGCCATACAGTCTC-1_V12D07-075_C1,11
TGAGCGGAAAGTGTTC-1_V12D07-075_C1,5
TGAGCTCAACTGTATA-1_V12D07-075_C1,17
TGAGCTTTAATGACGC-1_V12D07-075_C1,10
TGAGGAGTGCCAGCTT-1_V12D07-075_C1,5
TGAGGTGTGTGGCGGA-1_V12D07-075_C1,5
TGAGTAAATTAGCGTA-1_V12D07-075_C1,5
TGAGTGCCTCTTAAAT-1_V12D07-075_C1,11
TGAGTGGTCCGTGACG-1_V12D07-075_C1,18
TGAGTTAAAGACATTC-1_V12D07-075_C1,18
TGATACATTTAGCCGT-1_V12D07-075_C1,12
TGATAGCGGGATTCTA-1_V12D07-075_C1,4
TGATCACCACACTGAC-1_V12D07-075_C1,5
TGATCCCAGCATTAGT-1_V12D07-075_C1,17
TGATCGGTTTGACCCT-1_V12D07-075_C1,21
TGATCTACGCTGATCT-1_V12D07-075_C1,1
TGATCTATCACACTCT-1_V12D07-075_C1,3
TGATCTCCGGCGCCAG-1_V12D07-075_C1,20
TGATGGCTGTTTCTGA-1_V12D07-075_C1,1
TGATGTCAATTAAGTG-1_V12D07-075_C1,2
TGATTATGGCACGCAG-1_V12D07-075_C1,1
TGATTCCCGGTTACCT-1_V12D07-075_C1,5
TGATTCGTCTATCACT-1_V12D07-075_C1,4
TGATTCTGTCGCCGGT-1_V12D07-075_C1,11
TGATTTATTAGCTGTG-1_V12D07-075_C1,20
TGATTTCCTCCTGACG-1_V12D07-075_C1,4
TGCAAAGTTCGTCTGT-1_V12D07-075_C1,5
TGCAACCCATCTGCGG-1_V12D07-075_C1,2
TGCAACTACTGGTTGA-1_V12D07-075_C1,2
TGCAAGAATGACGTAA-1_V12D07-075_C1,21
TGCAATCTAACACGGT-1_V12D07-075_C1,2
TGCAATTTGGGCACGG-1_V12D07-075_C1,1
TGCACAGTGAAGTTAT-1_V12D07-075_C1,1
TGCACGAGTCGGCAGC-1_V12D07-075_C1,7
TGCACTATGTGAGTGC-1_V12D07-075_C1,4
TGCAGAGTACCGAGCA-1_V12D07-075_C1,20
TGCAGGATCGGCAAAG-1_V12D07-075_C1,21
TGCAGTGAGGCTCGGG-1_V12D07-075_C1,1
TGCAGTTTCCTCCCAT-1_V12D07-075_C1,13
TGCATATGTCTGTCAC-1_V12D07-075_C1,3
TGCATGGATCGGATCT-1_V12D07-075_C1,7
TGCATGTGGTAATCTA-1_V12D07-075_C1,17
TGCCAATGGGTACTCT-1_V12D07-075_C1,11
TGCCACCTGGCGAAAC-1_V12D07-075_C1,10
TGCCAGTACGTGGAGA-1_V12D07-075_C1,5
TGCCATTACTAAAGAA-1_V12D07-075_C1,10
TGCCCGTACCGTTAAA-1_V12D07-075_C1,2
TGCCGAAAGCGTATTC-1_V12D07-075_C1,1
TGCCGTGGATCGTCCT-1_V12D07-075_C1,5
TGCCTAAATTTAATAG-1_V12D07-075_C1,1
TGCCTAATTGAAGATT-1_V12D07-075_C1,13
TGCCTGACATCGGTCA-1_V12D07-075_C1,4
TGCCTGATCAAACGAT-1_V12D07-075_C1,21
TGCCTTGGCCAGGCAA-1_V12D07-075_C1,5
TGCGACACCCTAGTGC-1_V12D07-075_C1,11
TGCGAGAATATTACCC-1_V12D07-075_C1,12
TGCGAGATGGCGGCCA-1_V12D07-075_C1,1
TGCGAGCCCTTCCGCG-1_V12D07-075_C1,1
TGCGATGCTAATGGCT-1_V12D07-075_C1,9
TGCGCAAAGCATTTGG-1_V12D07-075_C1,2
TGCGCCGTTAATAACG-1_V12D07-075_C1,1
TGCGCGATTAACGGAG-1_V12D07-075_C1,4
TGCGGACTTGACTCCG-1_V12D07-075_C1,2
TGCGGAGTAAAGGTGC-1_V12D07-075_C1,21
TGCGGCATAGTTCAAC-1_V12D07-075_C1,7
TGCGGTGAAATTTCAT-1_V12D07-075_C1,7
TGCGTAAGAACCTGAT-1_V12D07-075_C1,11
TGCGTACGGCTAATTG-1_V12D07-075_C1,2
TGCGTGATTGGGTGTC-1_V12D07-075_C1,4
TGCGTTTGTTGACACT-1_V12D07-075_C1,5
TGCTAAGTGTCTATTT-1_V12D07-075_C1,2
TGCTATACAAACGGAC-1_V12D07-075_C1,7
TGCTCCACAGTTCTTA-1_V12D07-075_C1,13
TGCTCGGCGAAACCCA-1_V12D07-075_C1,5
TGCTCGGTGGGTCACC-1_V12D07-075_C1,2
TGCTCTTGAGAGTTTG-1_V12D07-075_C1,2
TGCTGGTTGGACAATT-1_V12D07-075_C1,4
TGCTGTTGAAGAACTC-1_V12D07-075_C1,5
TGCTTCCCAAGCAGTA-1_V12D07-075_C1,2
TGCTTGAAACCATGCA-1_V12D07-075_C1,14
TGGAACCACTGACACA-1_V12D07-075_C1,10
TGGAAGAAGGGAACGT-1_V12D07-075_C1,20
TGGAAGACGAACACCA-1_V12D07-075_C1,7
TGGAAGGATAAAGATG-1_V12D07-075_C1,21
TGGAATATCCTTGACC-1_V12D07-075_C1,1
TGGAATTAGACGCTTT-1_V12D07-075_C1,4
TGGACACCGTTGCTTG-1_V12D07-075_C1,4
TGGACCAATCTAAGAT-1_V12D07-075_C1,15
TGGACCACGGCGTTGA-1_V12D07-075_C1,14
TGGACGTAGGCGAATC-1_V12D07-075_C1,22
TGGACTGTTCGCTCAA-1_V12D07-075_C1,3
TGGAGGGAAACACCTC-1_V12D07-075_C1,1
TGGAGTGATGCGATGA-1_V12D07-075_C1,4
TGGATAGAGTAACAGA-1_V12D07-075_C1,4
TGGCAAACTAAATTAC-1_V12D07-075_C1,2
TGGCAACTCGCGCGCC-1_V12D07-075_C1,10
TGGCAAGCACAAGTCG-1_V12D07-075_C1,2
TGGCAATGGGACGGCG-1_V12D07-075_C1,13
TGGCACGAGCTCGAGT-1_V12D07-075_C1,1
TGGCAGATTACGATCA-1_V12D07-075_C1,2
TGGCAGCAGTAATAGT-1_V12D07-075_C1,2
TGGCCAAACTGAAGTA-1_V12D07-075_C1,11
TGGCCGTATATTGACC-1_V12D07-075_C1,4
TGGCGACTGCTCCAAA-1_V12D07-075_C1,12
TGGCGATCAAGTTATG-1_V12D07-075_C1,11
TGGCGGTGTGCGATTG-1_V12D07-075_C1,21
TGGCTACACTCTACCT-1_V12D07-075_C1,2
TGGCTATGTGACATAC-1_V12D07-075_C1,5
TGGCTTGTACAAGCTT-1_V12D07-075_C1,1
TGGCTTTGGGTAGACA-1_V12D07-075_C1,7
TGGGAAATGCCTTTCC-1_V12D07-075_C1,4
TGGGACCATTGGGAGT-1_V12D07-075_C1,22
TGGGATGCACTCATTC-1_V12D07-075_C1,1
TGGGCAATAGTTGGGT-1_V12D07-075_C1,17
TGGGCACAAACAGAAC-1_V12D07-075_C1,7
TGGGCACGTTCTATGG-1_V12D07-075_C1,7
TGGGCAGGCCACCGCA-1_V12D07-075_C1,5
TGGGCCACAAGAGCGC-1_V12D07-075_C1,7
TGGGCCCATACTAATT-1_V12D07-075_C1,13
TGGGCCTTGCCTGCAT-1_V12D07-075_C1,16
TGGGCGATACAATAAG-1_V12D07-075_C1,2
TGGGTAAGGTTCCCGC-1_V12D07-075_C1,10
TGGGTGCACAAGCCAT-1_V12D07-075_C1,2
TGGGTGGGATGTCATT-1_V12D07-075_C1,1
TGGGTGTAATAGATTT-1_V12D07-075_C1,2
TGGGTTCCCGGACGGA-1_V12D07-075_C1,22
TGGTAAGCAGGATTGA-1_V12D07-075_C1,12
TGGTAGAATATATGGG-1_V12D07-075_C1,13
TGGTATCGCATCCCAA-1_V12D07-075_C1,7
TGGTATCGGTCTGTAT-1_V12D07-075_C1,7
TGGTCCCACGCTACGG-1_V12D07-075_C1,19
TGGTCGTGCAAGGCAA-1_V12D07-075_C1,12
TGGTCTAGCTTACATG-1_V12D07-075_C1,4
TGGTCTGTTGGGCGTA-1_V12D07-075_C1,20
TGGTGATCGTATTTGT-1_V12D07-075_C1,4
TGGTTAAGGGCGCTGG-1_V12D07-075_C1,1
TGGTTATGCTTGCGGT-1_V12D07-075_C1,19
TGGTTCAACGGGTAAT-1_V12D07-075_C1,5
TGGTTCGTAGCAAAGG-1_V12D07-075_C1,10
TGGTTGGAGGATCCTG-1_V12D07-075_C1,1
TGGTTTAAACGTGGGT-1_V12D07-075_C1,1
TGTAATGACCACAATA-1_V12D07-075_C1,11
TGTACCTACACGAGGG-1_V12D07-075_C1,2
TGTACGAACAAATCCG-1_V12D07-075_C1,2
TGTACTACTCTCACGG-1_V12D07-075_C1,1
TGTACTGTGCCAAAGT-1_V12D07-075_C1,7
TGTACTTCCGGGCATG-1_V12D07-075_C1,3
TGTAGCCATCCCATTC-1_V12D07-075_C1,13
TGTAGGAGAAATTTCC-1_V12D07-075_C1,3
TGTAGTGATCTATAAT-1_V12D07-075_C1,20
TGTATAACAGATCCTG-1_V12D07-075_C1,3
TGTATACGGATGATGA-1_V12D07-075_C1,1
TGTATCAGACTGAAGC-1_V12D07-075_C1,1
TGTATCCTTATTCCAT-1_V12D07-075_C1,7
TGTATGGCGCAGACAG-1_V12D07-075_C1,13
TGTATTTACCTAATGC-1_V12D07-075_C1,1
TGTCATTTGTTGGGAA-1_V12D07-075_C1,1
TGTCCACGGCTCAACT-1_V12D07-075_C1,2
TGTCCCGACATAGCAC-1_V12D07-075_C1,7
TGTCCGTGGCGCCTTT-1_V12D07-075_C1,4
TGTCCTAAGTCACCGC-1_V12D07-075_C1,6
TGTCGGCATGGTGGAA-1_V12D07-075_C1,7
TGTCTACAGTTTCTGT-1_V12D07-075_C1,7
TGTGACTACGCCAGTC-1_V12D07-075_C1,10
TGTGACTAGAGTTTGC-1_V12D07-075_C1,2
TGTGAGACTAGCCCAA-1_V12D07-075_C1,5
TGTGCCGGTGCCGGAA-1_V12D07-075_C1,13
TGTGCTTTACGTAAGA-1_V12D07-075_C1,11
TGTGGACTATCTACGT-1_V12D07-075_C1,10
TGTGGCAAAGCGTATG-1_V12D07-075_C1,18
TGTGGCGGGCTTCTGG-1_V12D07-075_C1,2
TGTGGCTCCCACCAAC-1_V12D07-075_C1,1
TGTGGTAGGGTGCCTT-1_V12D07-075_C1,10
TGTGGTTGCTAAAGCT-1_V12D07-075_C1,5
TGTGTAGTAGCACGTG-1_V12D07-075_C1,13
TGTGTCGCGAGTTGCA-1_V12D07-075_C1,4
TGTGTTCGTATCCAAG-1_V12D07-075_C1,4
TGTTATTGTATGTGGC-1_V12D07-075_C1,2
TGTTCATAAATGTGCT-1_V12D07-075_C1,4
TGTTCCGCTTCCATGA-1_V12D07-075_C1,20
TGTTCCGGCCTGAGCT-1_V12D07-075_C1,3
TGTTCGTATTGCGGTG-1_V12D07-075_C1,5
TGTTCTCATACTATAG-1_V12D07-075_C1,3
TGTTCTTCCATTGACT-1_V12D07-075_C1,20
TGTTGCCGTCGTCCCA-1_V12D07-075_C1,10
TGTTGTCAAGAAGTCT-1_V12D07-075_C1,10
TGTTTAATACTTCATC-1_V12D07-075_C1,1
TGTTTCGGTACTTCTC-1_V12D07-075_C1,7
TGTTTGAGATCGTCAG-1_V12D07-075_C1,10
TTAAACAGAGTCCCGC-1_V12D07-075_C1,7
TTAAACCGGTAGCGAC-1_V12D07-075_C1,7
TTAAACCTGGTTCCTT-1_V12D07-075_C1,4
TTAAACTCGAATTCAT-1_V12D07-075_C1,18
TTAAAGTAAGTCGCCA-1_V12D07-075_C1,3
TTAACACCTCGAACAT-1_V12D07-075_C1,4
TTAACCAACCCTCCCT-1_V12D07-075_C1,10
TTAACGAACAAGCAGT-1_V12D07-075_C1,1
TTAACGTCGCAAGACC-1_V12D07-075_C1,7
TTAACGTTAAAGCCTG-1_V12D07-075_C1,22
TTAACTCACGCGTGGA-1_V12D07-075_C1,4
TTAACTGATCGTTTGG-1_V12D07-075_C1,3
TTAAGACGAACGAACC-1_V12D07-075_C1,1
TTAAGATAGGATTGAC-1_V12D07-075_C1,13
TTAAGCCGACAACTTC-1_V12D07-075_C1,7
TTAAGCGCCTGACCCA-1_V12D07-075_C1,20
TTAAGGATACGGAGGT-1_V12D07-075_C1,21
TTAAGTATTGTTATCC-1_V12D07-075_C1,15
TTAATCAGTACGTCAG-1_V12D07-075_C1,10
TTAATGTAGACCAGGT-1_V12D07-075_C1,2
TTAATGTGTTTGCAGG-1_V12D07-075_C1,22
TTAATTGCTTTGGGTG-1_V12D07-075_C1,2
TTAATTTCAGACGCGG-1_V12D07-075_C1,7
TTACAACTACGCATCC-1_V12D07-075_C1,10
TTACACGATCTGCGAC-1_V12D07-075_C1,13
TTACAGACCTAAATGA-1_V12D07-075_C1,17
TTACATCGTGGCCTGG-1_V12D07-075_C1,4
TTACATGCCACAACTA-1_V12D07-075_C1,3
TTACCATTGATTACCC-1_V12D07-075_C1,4
TTACCCATTGCCGGGT-1_V12D07-075_C1,10
TTACCCTAACAGTCCT-1_V12D07-075_C1,4
TTACCCTAGGGATTGG-1_V12D07-075_C1,14
TTACCGCCTTAGGGAA-1_V12D07-075_C1,6
TTACGGATGGTTCGAG-1_V12D07-075_C1,18
TTACGGTGTCACCGAG-1_V12D07-075_C1,7
TTACGTATCTATGACA-1_V12D07-075_C1,3
TTACTAAAGGACTTTA-1_V12D07-075_C1,2
TTACTATCGGCTTCTC-1_V12D07-075_C1,11
TTACTCCGGCCGGGAA-1_V12D07-075_C1,3
TTACTCTGGTACGTAC-1_V12D07-075_C1,12
TTACTGGGATATTTCA-1_V12D07-075_C1,5
TTACTGTCTAGAGCTC-1_V12D07-075_C1,1
TTAGAAGAACATGACT-1_V12D07-075_C1,5
TTAGAATAAGGGTCGG-1_V12D07-075_C1,12
TTAGACACGATCGTTG-1_V12D07-075_C1,10
TTAGACGAGTCACCTC-1_V12D07-075_C1,2
TTAGAGTTTAGAAGGA-1_V12D07-075_C1,21
TTAGATAGGTCGATAC-1_V12D07-075_C1,9
TTAGCAACATGGATGT-1_V12D07-075_C1,19
TTAGCTAATACGATCT-1_V12D07-075_C1,10
TTAGCTCTGTAATCCG-1_V12D07-075_C1,4
TTAGCTGATTTGCCGT-1_V12D07-075_C1,3
TTAGGATGGGAGGGTA-1_V12D07-075_C1,1
TTAGTAAACCTGCTCT-1_V12D07-075_C1,2
TTAGTAGGGCGGCGGG-1_V12D07-075_C1,14
TTAGTTATTCGTGGCA-1_V12D07-075_C1,13
TTAGTTCAAGTGTTCG-1_V12D07-075_C1,1
TTATAGATGCACATTA-1_V12D07-075_C1,7
TTATAGGTAATTGTCT-1_V12D07-075_C1,2
TTATAGTCCAAGGTGC-1_V12D07-075_C1,1
TTATATACGCTGTCAC-1_V12D07-075_C1,11
TTATATTTGGCAATCC-1_V12D07-075_C1,20
TTATCCAATCGAACTC-1_V12D07-075_C1,4
TTATCCGGGATCTATA-1_V12D07-075_C1,2
TTATCGCCTGCGAAGC-1_V12D07-075_C1,4
TTATCTGTATCATAAC-1_V12D07-075_C1,21
TTATGAATGAAAGGGA-1_V12D07-075_C1,21
TTATGACAAACTGGAT-1_V12D07-075_C1,4
TTATGATCTTAACGAA-1_V12D07-075_C1,3
TTATGCGTCCCGGTCC-1_V12D07-075_C1,7
TTATGTTTGCGATAGA-1_V12D07-075_C1,6
TTATTAGAGCGTGTTC-1_V12D07-075_C1,5
TTATTAGGGAAGCATC-1_V12D07-075_C1,7
TTATTATCTGGAAGGC-1_V12D07-075_C1,17
TTATTTAGGTTCCTTA-1_V12D07-075_C1,3
TTCAAAGTCTCTAGCC-1_V12D07-075_C1,2
TTCAACGACCCGACCG-1_V12D07-075_C1,7
TTCAAGCCGAGCTGAG-1_V12D07-075_C1,7
TTCAATACTCTGAATC-1_V12D07-075_C1,3
TTCAATTAGCCATAAT-1_V12D07-075_C1,7
TTCACGAAAGGATCAC-1_V12D07-075_C1,20
TTCACTCGAGCACCTA-1_V12D07-075_C1,5
TTCACTTCCTAGAACG-1_V12D07-075_C1,5
TTCAGAGTAACCTGAC-1_V12D07-075_C1,4
TTCAGCCCTGGTCCAC-1_V12D07-075_C1,2
TTCAGCTGGCGTGCCC-1_V12D07-075_C1,2
TTCAGTTTGTGGCAGC-1_V12D07-075_C1,22
TTCATAGCCTTGTAAC-1_V12D07-075_C1,4
TTCATAGGGTGTCCAT-1_V12D07-075_C1,22
TTCATGGCGCAACAGG-1_V12D07-075_C1,10
TTCCAATCAGAGCTAG-1_V12D07-075_C1,17
TTCCAATCTGGCTATC-1_V12D07-075_C1,12
TTCCACACAGATTTGA-1_V12D07-075_C1,12
TTCCAGACGAGATTTA-1_V12D07-075_C1,1
TTCCATCATGCGGTGA-1_V12D07-075_C1,1
TTCCATCGACAGCGTG-1_V12D07-075_C1,2
TTCCGCAGAGAAATAT-1_V12D07-075_C1,10
TTCCGCGTGAGGCGAT-1_V12D07-075_C1,2
TTCCGGCCTTGAGGCT-1_V12D07-075_C1,12
TTCCGGCTCGACTTCT-1_V12D07-075_C1,1
TTCCGGTATCTGTGTC-1_V12D07-075_C1,1
TTCCGGTTACCCACTT-1_V12D07-075_C1,2
TTCCTCGAGGGTGTCT-1_V12D07-075_C1,7
TTCCTCGGACTAACCA-1_V12D07-075_C1,8
TTCCTCTGCCCGAATA-1_V12D07-075_C1,9
TTCCTTTCTGTGTTGC-1_V12D07-075_C1,9
TTCGACAGAGCCCGTG-1_V12D07-075_C1,5
TTCGACGGGAAGGGCG-1_V12D07-075_C1,4
TTCGCACTCGCGTGCT-1_V12D07-075_C1,21
TTCGCACTGTACGACA-1_V12D07-075_C1,5
TTCGCATCCGGAAGCA-1_V12D07-075_C1,4
TTCGCGCGCCATACGA-1_V12D07-075_C1,12
TTCGCTAGGAAGTTGT-1_V12D07-075_C1,1
TTCGCTATCTGACGTG-1_V12D07-075_C1,1
TTCGGACTGATGCCTT-1_V12D07-075_C1,1
TTCGGCAACCCGCTGA-1_V12D07-075_C1,10
TTCGGCTAGAGATGGT-1_V12D07-075_C1,9
TTCGGGACTAATCGCG-1_V12D07-075_C1,2
TTCGGGTTGCCACGGG-1_V12D07-075_C1,13
TTCGGTACTGTAGAGG-1_V12D07-075_C1,2
TTCGGTGGAGACGCCC-1_V12D07-075_C1,10
TTCGTAATCCCAGCGG-1_V12D07-075_C1,10
TTCGTACTCCAGAACG-1_V12D07-075_C1,6
TTCGTTCAACGAAGTT-1_V12D07-075_C1,1
TTCTAACCGAAGCTTA-1_V12D07-075_C1,3
TTCTACCTTTATGTTG-1_V12D07-075_C1,1
TTCTACTTGCGAGGGC-1_V12D07-075_C1,4
TTCTAGAAAGTCTTAT-1_V12D07-075_C1,12
TTCTAGGCCAATTGTG-1_V12D07-075_C1,4
TTCTATGCCTTTCGCA-1_V12D07-075_C1,1
TTCTATTAAACGCAGC-1_V12D07-075_C1,15
TTCTGACCGGGCTCAA-1_V12D07-075_C1,19
TTCTGCCGCGCCTAGA-1_V12D07-075_C1,5
TTCTGCGAGCGCCCTT-1_V12D07-075_C1,4
TTCTGCGGGTTAGCGG-1_V12D07-075_C1,5
TTCTGCTAGACTCCAA-1_V12D07-075_C1,17
TTCTGTTTCCTGTCGC-1_V12D07-075_C1,4
TTCTTAGTGAACGGTG-1_V12D07-075_C1,4
TTCTTAGTGGCTCAGA-1_V12D07-075_C1,7
TTCTTATCCGCTGGGT-1_V12D07-075_C1,13
TTCTTGAGCCGCGCTA-1_V12D07-075_C1,12
TTCTTGCTAGCATCTC-1_V12D07-075_C1,6
TTCTTGGAGTAATGAG-1_V12D07-075_C1,10
TTCTTGTAACCTAATG-1_V12D07-075_C1,4
TTCTTGTGTCCATCAG-1_V12D07-075_C1,22
TTCTTTGGTCGCGACG-1_V12D07-075_C1,1
TTGAAACCCTCATTCC-1_V12D07-075_C1,3
TTGAAAGGTGTAAAGG-1_V12D07-075_C1,1
TTGAACGAATCCTTTG-1_V12D07-075_C1,4
TTGAACGACGTGCTGA-1_V12D07-075_C1,2
TTGAAGAATTCCCAGG-1_V12D07-075_C1,20
TTGAATATGGACTTTC-1_V12D07-075_C1,13
TTGAATTCACGTGAGG-1_V12D07-075_C1,3
TTGACAGGAGCTCCCG-1_V12D07-075_C1,13
TTGACATGAACGTGGA-1_V12D07-075_C1,12
TTGACCAGGAACAACT-1_V12D07-075_C1,2
TTGACCATGTTCTCCG-1_V12D07-075_C1,10
TTGACCGTGTTAATGA-1_V12D07-075_C1,12
TTGACGATTCAGCACG-1_V12D07-075_C1,7
TTGACGCTCCATGAGC-1_V12D07-075_C1,13
TTGACTACCATATGGT-1_V12D07-075_C1,11
TTGACTATTGTCCGGC-1_V12D07-075_C1,13
TTGAGAAGTTTAGCAT-1_V12D07-075_C1,2
TTGAGAGTACTGCTAA-1_V12D07-075_C1,11
TTGAGCAGCCCACGGT-1_V12D07-075_C1,1
TTGAGCGCCACGTGAT-1_V12D07-075_C1,1
TTGAGGCATTTAACTC-1_V12D07-075_C1,1
TTGAGTCCCGCTGCTG-1_V12D07-075_C1,1
TTGATAGTCAATACAT-1_V12D07-075_C1,1
TTGATCTAACTTTGTC-1_V12D07-075_C1,20
TTGATGTGTAGTCCCG-1_V12D07-075_C1,10
TTGATTAGCTGTTTCT-1_V12D07-075_C1,12
TTGATTATGCAGATGA-1_V12D07-075_C1,4
TTGCAAGAAGACTCCT-1_V12D07-075_C1,12
TTGCACAATTCAGAAA-1_V12D07-075_C1,2
TTGCACGGAGCAGCAC-1_V12D07-075_C1,10
TTGCATGCTGATCACG-1_V12D07-075_C1,11
TTGCCAAGCAGAACCC-1_V12D07-075_C1,1
TTGCCCTGATCACGGG-1_V12D07-075_C1,20
TTGCCGCTTTCTAGTA-1_V12D07-075_C1,2
TTGCCGGTGATCCCTC-1_V12D07-075_C1,1
TTGCCTTCTCGCCGGG-1_V12D07-075_C1,2
TTGCGCTCTCTCGCTT-1_V12D07-075_C1,4
TTGCGCTTGATCAATA-1_V12D07-075_C1,3
TTGCGGCATCAGAAAG-1_V12D07-075_C1,12
TTGCGTAGTTTGAGGA-1_V12D07-075_C1,6
TTGCGTCGGCCAACCG-1_V12D07-075_C1,12
TTGCGTGAACGCTTAG-1_V12D07-075_C1,1
TTGCGTGTGTAGGCAT-1_V12D07-075_C1,2
TTGCTCATAGTACGTG-1_V12D07-075_C1,6
TTGCTCCCATACCGGA-1_V12D07-075_C1,21
TTGCTGAAGGAACCAC-1_V12D07-075_C1,10
TTGCTGATCATGTTCG-1_V12D07-075_C1,5
TTGCTGCACCTATCCA-1_V12D07-075_C1,16
TTGCTGGCCGGGCTTC-1_V12D07-075_C1,1
TTGGACATGTGGCTTA-1_V12D07-075_C1,12
TTGGACCATCTGGCAA-1_V12D07-075_C1,13
TTGGACCTATAACAGT-1_V12D07-075_C1,2
TTGGAGTCTCCCTTCT-1_V12D07-075_C1,21
TTGGATATCGTCTACG-1_V12D07-075_C1,11
TTGGATCGACTTCTGG-1_V12D07-075_C1,7
TTGGATTGGGTACCAC-1_V12D07-075_C1,1
TTGGCCATCTTGCGCT-1_V12D07-075_C1,6
TTGGCCTAGAATTTCG-1_V12D07-075_C1,10
TTGGCGATCCGAATAT-1_V12D07-075_C1,1
TTGGCTCAATATGTGT-1_V12D07-075_C1,13
TTGGCTCGCATGAGAC-1_V12D07-075_C1,4
TTGGGAAGACGAGCCG-1_V12D07-075_C1,2
TTGGGACACTGCCCGC-1_V12D07-075_C1,3
TTGGGACGTAAGAGTT-1_V12D07-075_C1,13
TTGGGCGGCGGTTGCC-1_V12D07-075_C1,2
TTGGTATGGCTTGTGT-1_V12D07-075_C1,1
TTGGTCACACTCGTAA-1_V12D07-075_C1,11
TTGGTTCGCTCAAAGG-1_V12D07-075_C1,1
TTGTAAGGACCTAAGT-1_V12D07-075_C1,12
TTGTAAGGCCAGTTGG-1_V12D07-075_C1,17
TTGTAATCCGTACTCG-1_V12D07-075_C1,20
TTGTATCACACAGAAT-1_V12D07-075_C1,7
TTGTCGTTCAGTTACC-1_V12D07-075_C1,10
TTGTGAACCTAATCCG-1_V12D07-075_C1,2
TTGTGATCTGTTCAGT-1_V12D07-075_C1,3
TTGTGCAGCCACGTCA-1_V12D07-075_C1,2
TTGTGGCCCTGACAGT-1_V12D07-075_C1,7
TTGTGGTGGTACTAAG-1_V12D07-075_C1,2
TTGTGTATGCCACCAA-1_V12D07-075_C1,5
TTGTGTTTCCCGAAAG-1_V12D07-075_C1,11
TTGTTAGCAAATTCGA-1_V12D07-075_C1,4
TTGTTCAGTGTGCTAC-1_V12D07-075_C1,20
TTGTTCTAGATACGCT-1_V12D07-075_C1,22
TTGTTGTGTGTCAAGA-1_V12D07-075_C1,2
TTGTTTCACATCCAGG-1_V12D07-075_C1,12
TTGTTTCCATACAACT-1_V12D07-075_C1,12
TTGTTTGTGTAAATTC-1_V12D07-075_C1,7
