perm,neighbor,Z,scale,reference,id
1,Astrocyte,3.362881269920486,100,Astrocyte,NA
2,Astrocyte,3.1016722433107473,100,Astrocyte,NA
3,Astrocyte,3.199612035044512,100,Astrocyte,NA
4,Astrocyte,3.0472682847011776,100,Astrocyte,NA
5,Astrocyte,3.7276800241122525,100,Astrocyte,NA
1,C17,0.08769553391105116,100,Astrocyte,NA
2,C17,0.1480552413969164,100,Astrocyte,NA
3,C17,0.1279274459042279,100,Astrocyte,NA
4,C17,0.027406756656998717,100,Astrocyte,NA
5,C17,0.06759140316846135,100,Astrocyte,NA
1,Endo,-0.1803072924936097,100,Astrocyte,NA
2,Endo,-0.06225945007064055,100,Astrocyte,NA
3,Endo,0.2037780380214,100,Astrocyte,NA
4,Endo,-0.19997053586223132,100,Astrocyte,NA
5,Endo,-0.08194223805161711,100,Astrocyte,NA
1,Excit.Thal,-0.8618943396021721,100,Astrocyte,NA
2,Excit.Thal,-0.9580607746959328,100,Astrocyte,NA
3,Excit.Thal,-1.0060609914797858,100,Astrocyte,NA
4,Excit.Thal,-0.45069245019579995,100,Astrocyte,NA
5,Excit.Thal,-0.5962867763156466,100,Astrocyte,NA
1,LHb.4,-2.6333755785485335,100,Astrocyte,NA
2,LHb.4,-2.6481762367613806,100,Astrocyte,NA
3,LHb.4,-2.411223571975173,100,Astrocyte,NA
4,LHb.4,-2.277804195150382,100,Astrocyte,NA
5,LHb.4,-2.759143489142096,100,Astrocyte,NA
1,LHb.7,-1.4631663891383657,100,Astrocyte,NA
2,LHb.7,-1.3339761820186686,100,Astrocyte,NA
3,LHb.7,-1.6219726603467275,100,Astrocyte,NA
4,LHb.7,-1.5525216303088165,100,Astrocyte,NA
5,LHb.7,-2.2353065240981627,100,Astrocyte,NA
1,MHb.1,-2.0099342870005525,100,Astrocyte,NA
2,MHb.1,-1.1152560262467492,100,Astrocyte,NA
3,MHb.1,-1.9868027788737224,100,Astrocyte,NA
4,MHb.1,-1.5113548470462148,100,Astrocyte,NA
5,MHb.1,-1.766770719783235,100,Astrocyte,NA
1,MHb.2,-0.32481452904422664,100,Astrocyte,NA
2,MHb.2,-1.0362326604843364,100,Astrocyte,NA
3,MHb.2,-0.7093919774206627,100,Astrocyte,NA
4,MHb.2,-0.6868112741830428,100,Astrocyte,NA
5,MHb.2,-0.4041150799785716,100,Astrocyte,NA
1,Microglia,1.031245539038969,100,Astrocyte,NA
2,Microglia,1.5149655235248363,100,Astrocyte,NA
3,Microglia,1.4880473654851412,100,Astrocyte,NA
4,Microglia,1.1833438308004303,100,Astrocyte,NA
5,Microglia,1.2460215798988972,100,Astrocyte,NA
1,Oligo,0.07275499064787828,100,Astrocyte,NA
2,Oligo,0.025596320141557615,100,Astrocyte,NA
3,Oligo,0.05703396340047604,100,Astrocyte,NA
4,Oligo,0.23004622828348953,100,Astrocyte,NA
5,Oligo,-0.147205712550385,100,Astrocyte,NA
1,OPC,0.09592954883830282,100,Astrocyte,NA
2,OPC,-0.5809409881642033,100,Astrocyte,NA
3,OPC,-0.5809409881642033,100,Astrocyte,NA
4,OPC,-0.6742946197411583,100,Astrocyte,NA
5,OPC,0.0581057245964047,100,Astrocyte,NA
1,Astrocyte,9.431252292915602,200,Astrocyte,NA
2,Astrocyte,9.145238693206798,200,Astrocyte,NA
3,Astrocyte,9.161735422123185,200,Astrocyte,NA
4,Astrocyte,9.046268728710022,200,Astrocyte,NA
5,Astrocyte,9.222227672557835,200,Astrocyte,NA
1,C17,0.1279274459042279,200,Astrocyte,NA
2,C17,0.1480552413969164,200,Astrocyte,NA
3,C17,0.027406756656998717,200,Astrocyte,NA
4,C17,0.007326226702720659,200,Astrocyte,NA
5,C17,0.06759140316846135,200,Astrocyte,NA
1,Endo,-0.602352170344763,200,Astrocyte,NA
2,Endo,-0.8274843329414863,200,Astrocyte,NA
3,Endo,-1.2082612059083213,200,Astrocyte,NA
4,Endo,-1.334917342855221,200,Astrocyte,NA
5,Endo,-0.974080858950662,200,Astrocyte,NA
1,Excit.Thal,-1.2929094292814716,200,Astrocyte,NA
2,Excit.Thal,-1.411851149143465,200,Astrocyte,NA
3,Excit.Thal,-1.4355989804213518,200,Astrocyte,NA
4,Excit.Thal,-0.7655055906874813,200,Astrocyte,NA
5,Excit.Thal,-1.2690804488497545,200,Astrocyte,NA
1,LHb.4,-4.737992281470928,200,Astrocyte,NA
2,LHb.4,-5.402699445132993,200,Astrocyte,NA
3,LHb.4,-5.8833272381230115,200,Astrocyte,NA
4,LHb.4,-5.592184287032622,200,Astrocyte,NA
5,LHb.4,-5.213023314553177,200,Astrocyte,NA
1,LHb.7,-2.7767037056549886,200,Astrocyte,NA
2,LHb.7,-2.3043513468398222,200,Astrocyte,NA
3,LHb.7,-2.412767796997509,200,Astrocyte,NA
4,LHb.7,-2.5112408210535984,200,Astrocyte,NA
5,LHb.7,-2.953344374817116,200,Astrocyte,NA
1,MHb.1,-5.473225573795749,200,Astrocyte,NA
2,MHb.1,-5.540113746781283,200,Astrocyte,NA
3,MHb.1,-5.115700458283653,200,Astrocyte,NA
4,MHb.1,-4.67815857729251,200,Astrocyte,NA
5,MHb.1,-5.082114151305751,200,Astrocyte,NA
1,MHb.2,-3.0741912854221054,200,Astrocyte,NA
2,MHb.2,-2.532595925337107,200,Astrocyte,NA
3,MHb.2,-2.5658396554023244,200,Astrocyte,NA
4,MHb.2,-2.17730253381482,200,Astrocyte,NA
5,MHb.2,-2.7318918625831414,200,Astrocyte,NA
1,Microglia,2.5146799089843515,200,Astrocyte,NA
2,Microglia,2.5146799089843515,200,Astrocyte,NA
3,Microglia,2.822369273798934,200,Astrocyte,NA
4,Microglia,2.3610952384347534,200,Astrocyte,NA
5,Microglia,2.8314294889615406,200,Astrocyte,NA
1,Oligo,-1.6867262106511223,200,Astrocyte,NA
2,Oligo,-0.7819069746196515,200,Astrocyte,NA
3,Oligo,-0.6019260496842334,200,Astrocyte,NA
4,Oligo,-0.8210078677540816,200,Astrocyte,NA
5,Oligo,-1.063231492928651,200,Astrocyte,NA
1,OPC,-0.28113956953508995,200,Astrocyte,NA
2,OPC,-0.9719667662599508,200,Astrocyte,NA
3,OPC,-0.4499790874191744,200,Astrocyte,NA
4,OPC,-0.7861103228011344,200,Astrocyte,NA
5,OPC,-0.6556365623554583,200,Astrocyte,NA
1,Astrocyte,17.636855840322372,500,Astrocyte,NA
2,Astrocyte,18.77264671375836,500,Astrocyte,NA
3,Astrocyte,17.145293316763105,500,Astrocyte,NA
4,Astrocyte,15.584401979657807,500,Astrocyte,NA
5,Astrocyte,15.317299876166274,500,Astrocyte,NA
1,C17,0.08769553391105116,500,Astrocyte,NA
2,C17,0.08769553391105116,500,Astrocyte,NA
3,C17,0.2689882174212006,500,Astrocyte,NA
4,C17,0.30936269698887053,500,Astrocyte,NA
5,C17,0.007326226702720659,500,Astrocyte,NA
1,Endo,-0.3669769162076014,500,Astrocyte,NA
2,Endo,-0.3473412769589666,500,Astrocyte,NA
3,Endo,-0.29823799018566516,500,Astrocyte,NA
4,Endo,-0.7687952060689368,500,Astrocyte,NA
5,Endo,-1.169263044408343,500,Astrocyte,NA
1,Excit.Thal,-1.6014578117058085,500,Astrocyte,NA
2,Excit.Thal,-0.8859567443192214,500,Astrocyte,NA
3,Excit.Thal,-1.1258206164922016,500,Astrocyte,NA
4,Excit.Thal,-1.149731386293897,500,Astrocyte,NA
5,Excit.Thal,-1.3405267005409804,500,Astrocyte,NA
1,LHb.4,-9.642307812205532,500,Astrocyte,NA
2,LHb.4,-9.435406198226481,500,Astrocyte,NA
3,LHb.4,-8.009575129551411,500,Astrocyte,NA
4,LHb.4,-8.325751254427594,500,Astrocyte,NA
5,LHb.4,-9.955803070251404,500,Astrocyte,NA
1,LHb.7,-2.6882831238069325,500,Astrocyte,NA
2,LHb.7,-2.3635000893784555,500,Astrocyte,NA
3,LHb.7,-1.5624457483475305,500,Astrocyte,NA
4,LHb.7,-2.0476926256688817,500,Astrocyte,NA
5,LHb.7,-2.5997955386935785,500,Astrocyte,NA
1,MHb.1,-11.210841192030136,500,Astrocyte,NA
2,MHb.1,-14.76394955240828,500,Astrocyte,NA
3,MHb.1,-15.783747158994839,500,Astrocyte,NA
4,MHb.1,-11.85019565804715,500,Astrocyte,NA
5,MHb.1,-8.999098255474363,500,Astrocyte,NA
1,MHb.2,-7.26248522204726,500,Astrocyte,NA
2,MHb.2,-8.251618514377075,500,Astrocyte,NA
3,MHb.2,-7.283630871695213,500,Astrocyte,NA
4,MHb.2,-6.017737528517091,500,Astrocyte,NA
5,MHb.2,-6.35970244886563,500,Astrocyte,NA
1,Microglia,2.5960595155081623,500,Astrocyte,NA
2,Microglia,3.840884655625206,500,Astrocyte,NA
3,Microglia,4.160744750919791,500,Astrocyte,NA
4,Microglia,3.7678796554133527,500,Astrocyte,NA
5,Microglia,4.215653842323134,500,Astrocyte,NA
1,Oligo,-0.8991824903803387,500,Astrocyte,NA
2,Oligo,-0.8288269594078639,500,Astrocyte,NA
3,Oligo,-0.9538831971017104,500,Astrocyte,NA
4,Oligo,-1.016376604159067,500,Astrocyte,NA
5,Oligo,-0.18645415281108463,500,Astrocyte,NA
1,OPC,-0.4874286206638561,500,Astrocyte,NA
2,OPC,-0.5809409881642033,500,Astrocyte,NA
3,OPC,-0.6369721754840443,500,Astrocyte,NA
4,OPC,-1.231117579100929,500,Astrocyte,NA
5,OPC,-1.1571986287555087,500,Astrocyte,NA
1,Astrocyte,25.541372086116986,1000,Astrocyte,NA
2,Astrocyte,25.76866848991699,1000,Astrocyte,NA
3,Astrocyte,23.834507008483616,1000,Astrocyte,NA
4,Astrocyte,23.840167398266583,1000,Astrocyte,NA
5,Astrocyte,23.478039044001974,1000,Astrocyte,NA
1,C17,2.3909595811506783,1000,Astrocyte,NA
2,C17,1.2263171765625307,1000,Astrocyte,NA
3,C17,1.1031011170797926,1000,Astrocyte,NA
4,C17,0.7148682686922302,1000,Astrocyte,NA
5,C17,1.185212059520077,1000,Astrocyte,NA
1,Endo,-0.5631552728297322,1000,Astrocyte,NA
2,Endo,0.46052736635908936,1000,Astrocyte,NA
3,Endo,-0.3571595018034913,1000,Astrocyte,NA
4,Endo,0.06575824985641328,1000,Astrocyte,NA
5,Endo,0.08546553798076167,1000,Astrocyte,NA
1,Excit.Thal,-1.6959404006823178,1000,Astrocyte,NA
2,Excit.Thal,-1.3405267005409804,1000,Astrocyte,NA
3,Excit.Thal,-1.5778038551202542,1000,Astrocyte,NA
4,Excit.Thal,-1.9077514813423297,1000,Astrocyte,NA
5,Excit.Thal,-1.766662926003532,1000,Astrocyte,NA
1,LHb.4,-12.529960363964848,1000,Astrocyte,NA
2,LHb.4,-13.049140931608374,1000,Astrocyte,NA
3,LHb.4,-12.199493270549526,1000,Astrocyte,NA
4,LHb.4,-12.016440981142111,1000,Astrocyte,NA
5,LHb.4,-11.995308498260998,1000,Astrocyte,NA
1,LHb.7,-1.0352947311321872,1000,Astrocyte,NA
2,LHb.7,-1.005384220349773,1000,Astrocyte,NA
3,LHb.7,-0.8956462349183254,1000,Astrocyte,NA
4,LHb.7,-0.7858041696766489,1000,Astrocyte,NA
5,LHb.7,-0.8457309408894,1000,Astrocyte,NA
1,MHb.1,-16.094709104999374,1000,Astrocyte,NA
2,MHb.1,-19.444656912360202,1000,Astrocyte,NA
3,MHb.1,-17.734065677690968,1000,Astrocyte,NA
4,MHb.1,-17.94084148904235,1000,Astrocyte,NA
5,MHb.1,-16.394737876157066,1000,Astrocyte,NA
1,MHb.2,-16.65635587628107,1000,Astrocyte,NA
2,MHb.2,-16.104146555133838,1000,Astrocyte,NA
3,MHb.2,-14.87321733675216,1000,Astrocyte,NA
4,MHb.2,-13.528338357847058,1000,Astrocyte,NA
5,MHb.2,-14.064388522301753,1000,Astrocyte,NA
1,Microglia,4.738405001675069,1000,Astrocyte,NA
2,Microglia,5.078820757364822,1000,Astrocyte,NA
3,Microglia,4.784356986784836,1000,Astrocyte,NA
4,Microglia,4.371350699509805,1000,Astrocyte,NA
5,Microglia,3.7313918886721718,1000,Astrocyte,NA
1,Oligo,-1.3596779197213806,1000,Astrocyte,NA
2,Oligo,0.03345517967295148,1000,Astrocyte,NA
3,Oligo,0.7343711895037702,1000,Astrocyte,NA
4,Oligo,-0.18645415281108463,1000,Astrocyte,NA
5,Oligo,-0.23354019913638704,1000,Astrocyte,NA
1,OPC,-0.8605281625536577,1000,Astrocyte,NA
2,OPC,-0.18711501981074477,1000,Astrocyte,NA
3,OPC,-1.1202019891856045,1000,Astrocyte,NA
4,OPC,-1.1387034100200433,1000,Astrocyte,NA
5,OPC,-0.9534093085473838,1000,Astrocyte,NA
1,Astrocyte,34.14408103372511,5000,Astrocyte,NA
2,Astrocyte,34.2599234287324,5000,Astrocyte,NA
3,Astrocyte,34.12670735895167,5000,Astrocyte,NA
4,Astrocyte,35.048480412329965,5000,Astrocyte,NA
5,Astrocyte,32.54284281439005,5000,Astrocyte,NA
1,C17,5.965150410109997,5000,Astrocyte,NA
2,C17,5.136197613883793,5000,Astrocyte,NA
3,C17,4.649761039780697,5000,Astrocyte,NA
4,C17,6.808168031258663,5000,Astrocyte,NA
5,C17,4.671769384506142,5000,Astrocyte,NA
1,Endo,0.4803003676144584,5000,Astrocyte,NA
2,Endo,0.4506421028810649,5000,Astrocyte,NA
3,Endo,0.8665352473872403,5000,Astrocyte,NA
4,Endo,-0.5435519834274156,5000,Astrocyte,NA
5,Endo,0.6188038608590833,5000,Astrocyte,NA
1,Excit.Thal,-0.8859567443192214,5000,Astrocyte,NA
2,Excit.Thal,-1.483054271114704,5000,Astrocyte,NA
3,Excit.Thal,-2.0249643597359634,5000,Astrocyte,NA
4,Excit.Thal,-1.483054271114704,5000,Astrocyte,NA
5,Excit.Thal,-1.483054271114704,5000,Astrocyte,NA
1,LHb.4,-12.824799364337801,5000,Astrocyte,NA
2,LHb.4,-14.257570209382767,5000,Astrocyte,NA
3,LHb.4,-15.984000586441525,5000,Astrocyte,NA
4,LHb.4,-13.406155669731762,5000,Astrocyte,NA
5,LHb.4,-13.182222350803608,5000,Astrocyte,NA
1,LHb.7,-1.005384220349773,5000,Astrocyte,NA
2,LHb.7,-1.3140879960050245,5000,Astrocyte,NA
3,LHb.7,0.7326822716336452,5000,Astrocyte,NA
4,LHb.7,0.07657714765287198,5000,Astrocyte,NA
5,LHb.7,1.311133249536135,5000,Astrocyte,NA
1,MHb.1,-25.29858523737059,5000,Astrocyte,NA
2,MHb.1,-21.612874889393883,5000,Astrocyte,NA
3,MHb.1,-21.821561664494514,5000,Astrocyte,NA
4,MHb.1,-24.1459634477739,5000,Astrocyte,NA
5,MHb.1,-25.655685094085566,5000,Astrocyte,NA
1,MHb.2,-26.03864291563299,5000,Astrocyte,NA
2,MHb.2,-22.679495165525392,5000,Astrocyte,NA
3,MHb.2,-24.9330618444222,5000,Astrocyte,NA
4,MHb.2,-27.27403382903614,5000,Astrocyte,NA
5,MHb.2,-26.957642278914125,5000,Astrocyte,NA
1,Microglia,4.554753238056799,5000,Astrocyte,NA
2,Microglia,4.3072185286433005,5000,Astrocyte,NA
3,Microglia,6.077415267839772,5000,Astrocyte,NA
4,Microglia,3.968738088337933,5000,Astrocyte,NA
5,Microglia,4.830324617072209,5000,Astrocyte,NA
1,Oligo,0.8369978838138862,5000,Astrocyte,NA
2,Oligo,-3.2740574149394432,5000,Astrocyte,NA
3,Oligo,-1.9510181309191061,5000,Astrocyte,NA
4,Oligo,0.7975186346811041,5000,Astrocyte,NA
5,Oligo,2.7191064662635456,5000,Astrocyte,NA
1,OPC,-1.782379936332155,5000,Astrocyte,NA
2,OPC,-0.5435551244705366,5000,Astrocyte,NA
3,OPC,-0.9348456001919384,5000,Astrocyte,NA
4,OPC,-1.8737253903659183,5000,Astrocyte,NA
5,OPC,-0.9905179782091771,5000,Astrocyte,NA
1,Astrocyte,-1.2458187705820278,100,C17,NA
2,Astrocyte,-1.4138363996463739,100,C17,NA
3,Astrocyte,-0.7418805007956474,100,C17,NA
4,Astrocyte,-0.9098428932944336,100,C17,NA
5,Astrocyte,-1.1738176069301993,100,C17,NA
1,C17,0.932489110487641,100,C17,NA
2,C17,1.0582194131100566,100,C17,NA
3,C17,0.7566623480233055,100,C17,NA
4,C17,1.0582194131100566,100,C17,NA
5,C17,0.9827671764774636,100,C17,NA
1,Endo,0.2827999499848325,100,C17,NA
2,Endo,0.03631459589067069,100,C17,NA
3,Endo,0.03631459589067069,100,C17,NA
4,Endo,0.03631459589067069,100,C17,NA
5,Endo,-0.7528012205285609,100,C17,NA
1,Excit.Thal,0.4538497813756863,100,C17,NA
2,Excit.Thal,-0.3704981478936379,100,C17,NA
3,Excit.Thal,0.007090751853758977,100,C17,NA
4,Excit.Thal,0.4538497813756863,100,C17,NA
5,Excit.Thal,0.4538497813756863,100,C17,NA
1,LHb.4,-0.5592509444246236,100,C17,NA
2,LHb.4,0.019254894525634763,100,C17,NA
3,LHb.4,-1.0926573616241526,100,C17,NA
4,LHb.4,-1.3448338686822736,100,C17,NA
5,LHb.4,-0.1300855761106182,100,C17,NA
1,LHb.7,0.012292226724070947,100,C17,NA
2,LHb.7,-0.8405733579544165,100,C17,NA
3,LHb.7,-0.6423731577038071,100,C17,NA
4,LHb.7,0.012292226724070947,100,C17,NA
5,LHb.7,-0.2171026825394491,100,C17,NA
1,MHb.1,-1.8469107822531983,100,C17,NA
2,MHb.1,-1.4010982470707671,100,C17,NA
3,MHb.1,-1.5537969827519333,100,C17,NA
4,MHb.1,-1.8469107822531983,100,C17,NA
5,MHb.1,-1.4010982470707671,100,C17,NA
1,MHb.2,0.3217317830737885,100,C17,NA
2,MHb.2,0.019690510019369698,100,C17,NA
3,MHb.2,0.9697977633957146,100,C17,NA
4,MHb.2,0.019690510019369698,100,C17,NA
5,MHb.2,0.4779608074592925,100,C17,NA
1,Microglia,0.8595580425599452,100,C17,NA
2,Microglia,0.4925271904560444,100,C17,NA
3,Microglia,-0.3091094789565632,100,C17,NA
4,Microglia,0.3735022282172072,100,C17,NA
5,Microglia,0.8595580425599452,100,C17,NA
1,Oligo,0.709025218921271,100,C17,NA
2,Oligo,1.1288106666034665,100,C17,NA
3,Oligo,0.7553301423548212,100,C17,NA
4,Oligo,0.5706081615062748,100,C17,NA
5,Oligo,0.5706081615062748,100,C17,NA
1,OPC,0.01588302583111181,100,C17,NA
2,OPC,0.01588302583111181,100,C17,NA
3,OPC,0.01588302583111181,100,C17,NA
4,OPC,-0.1638634300522457,100,C17,NA
5,OPC,1.0163114518421512,100,C17,NA
1,Astrocyte,-5.192073790121546,200,C17,NA
2,Astrocyte,-5.481995944500304,200,C17,NA
3,Astrocyte,-3.5045993171409813,200,C17,NA
4,Astrocyte,-2.4224886055815413,200,C17,NA
5,Astrocyte,-3.0955964548396624,200,C17,NA
1,C17,5.7766086198387745,200,C17,NA
2,C17,5.881397534560005,200,C17,NA
3,C17,3.8303553503714016,200,C17,NA
4,C17,3.112247710516473,200,C17,NA
5,C17,3.7789155240436862,200,C17,NA
1,Endo,0.1179492773845805,200,C17,NA
2,Endo,0.449812369147179,200,C17,NA
3,Endo,0.449812369147179,200,C17,NA
4,Endo,-0.5987718205735805,200,C17,NA
5,Endo,-2.063823455847302,200,C17,NA
1,Excit.Thal,-0.6993304230644866,200,C17,NA
2,Excit.Thal,-1.2566755945871433,200,C17,NA
3,Excit.Thal,-0.6993304230644866,200,C17,NA
4,Excit.Thal,0.4538497813756863,200,C17,NA
5,Excit.Thal,1.0060824014490581,200,C17,NA
1,LHb.4,-1.467637696999189,200,C17,NA
2,LHb.4,-1.467637696999189,200,C17,NA
3,LHb.4,0.019254894525634763,200,C17,NA
4,LHb.4,-0.41918737937385936,200,C17,NA
5,LHb.4,-1.0926573616241526,200,C17,NA
1,LHb.7,-0.2171026825394491,200,C17,NA
2,LHb.7,-0.8405733579544165,200,C17,NA
3,LHb.7,-1.2126818324207582,200,C17,NA
4,LHb.7,-1.8783274949095192,200,C17,NA
5,LHb.7,-1.0304153552823236,200,C17,NA
1,MHb.1,-4.175242395034312,200,C17,NA
2,MHb.1,-3.8766619633442003,200,C17,NA
3,MHb.1,-3.2348939634430947,200,C17,NA
4,MHb.1,-1.4010982470707671,200,C17,NA
5,MHb.1,-3.005513990955905,200,C17,NA
1,MHb.2,1.1421987692355116,200,C17,NA
2,MHb.2,-0.4097735586426925,200,C17,NA
3,MHb.2,-1.5602071157367186,200,C17,NA
4,MHb.2,-1.0715977810769868,200,C17,NA
5,MHb.2,0.1690333533892461,200,C17,NA
1,Microglia,0.256053502003457,200,C17,NA
2,Microglia,1.242671653946633,200,C17,NA
3,Microglia,0.7355029355378798,200,C17,NA
4,Microglia,-0.6319887128967469,200,C17,NA
5,Microglia,0.7355029355378798,200,C17,NA
1,Oligo,1.1288106666034665,200,C17,NA
2,Oligo,1.4125514526224157,200,C17,NA
3,Oligo,0.9881161010546321,200,C17,NA
4,Oligo,0.8481911091204073,200,C17,NA
5,Oligo,1.460151166449749,200,C17,NA
1,OPC,-0.1638634300522457,200,C17,NA
2,OPC,0.20170182991013383,200,C17,NA
3,OPC,0.5935483207078918,200,C17,NA
4,OPC,0.01588302583111181,200,C17,NA
5,OPC,-0.1638634300522457,200,C17,NA
1,Astrocyte,-13.253112146539243,500,C17,NA
2,Astrocyte,-6.935058896464065,500,C17,NA
3,Astrocyte,-4.130696697198744,500,C17,NA
4,Astrocyte,-4.516366778482158,500,C17,NA
5,Astrocyte,-13.528029332318154,500,C17,NA
1,C17,14.381469886735681,500,C17,NA
2,C17,9.45696862154453,500,C17,NA
3,C17,10.496264737359597,500,C17,NA
4,C17,12.078878699046657,500,C17,NA
5,C17,17.563015897406377,500,C17,NA
1,Endo,-0.20551872820057118,500,C17,NA
2,Endo,0.03631459589067069,500,C17,NA
3,Endo,-1.8540473501740886,500,C17,NA
4,Endo,-4.595163747463007,500,C17,NA
5,Endo,-3.573978817608386,500,C17,NA
1,Excit.Thal,-0.6993304230644866,500,C17,NA
2,Excit.Thal,-0.991969618272762,500,C17,NA
3,Excit.Thal,-2.3151065554850034,500,C17,NA
4,Excit.Thal,0.4538497813756863,500,C17,NA
5,Excit.Thal,-1.7235313451158676,500,C17,NA
1,LHb.4,-2.488409426391846,500,C17,NA
2,LHb.4,-4.612232697390927,500,C17,NA
3,LHb.4,-5.756287025702661,500,C17,NA
4,LHb.4,-5.087522235889691,500,C17,NA
5,LHb.4,-3.1964016487485343,500,C17,NA
1,LHb.7,-0.2171026825394491,500,C17,NA
2,LHb.7,-2.464226659368023,500,C17,NA
3,LHb.7,-5.165193686272869,500,C17,NA
4,LHb.7,-4.711863343860214,500,C17,NA
5,LHb.7,-3.912944656600368,500,C17,NA
1,MHb.1,-5.972534709400755,500,C17,NA
2,MHb.1,-6.907331573773987,500,C17,NA
3,MHb.1,-8.640028048800769,500,C17,NA
4,MHb.1,-8.696558173784286,500,C17,NA
5,MHb.1,-4.271884853874045,500,C17,NA
1,MHb.2,-1.1968772271956765,500,C17,NA
2,MHb.2,-2.237242867466314,500,C17,NA
3,MHb.2,-4.396446965863722,500,C17,NA
4,MHb.2,-5.913133480229889,500,C17,NA
5,MHb.2,-4.720878336709456,500,C17,NA
1,Microglia,0.025700392921114066,500,C17,NA
2,Microglia,0.7355029355378798,500,C17,NA
3,Microglia,-1.0455412857335595,500,C17,NA
4,Microglia,-0.7371291730531276,500,C17,NA
5,Microglia,-0.1988814933070604,500,C17,NA
1,Oligo,4.658982690330072,500,C17,NA
2,Oligo,2.7806314561788774,500,C17,NA
3,Oligo,2.0872527098939333,500,C17,NA
4,Oligo,1.7476449075176141,500,C17,NA
5,Oligo,4.604791484222833,500,C17,NA
1,OPC,-0.6707769779642493,500,C17,NA
2,OPC,0.20170182991013383,500,C17,NA
3,OPC,-0.1638634300522457,500,C17,NA
4,OPC,0.39407617687833296,500,C17,NA
5,OPC,0.39407617687833296,500,C17,NA
1,Astrocyte,1.2251663253471528,1000,C17,NA
2,Astrocyte,0.9852760062263456,1000,C17,NA
3,Astrocyte,-5.0954791251232745,1000,C17,NA
4,Astrocyte,-4.685196448485192,1000,C17,NA
5,Astrocyte,3.505990042684773,1000,C17,NA
1,C17,25.54680497319673,1000,C17,NA
2,C17,25.648967874110667,1000,C17,NA
3,C17,21.46487531670421,1000,C17,NA
4,C17,15.749319741075057,1000,C17,NA
5,C17,15.251712954464265,1000,C17,NA
1,Endo,-6.955140356164403,1000,C17,NA
2,Endo,-7.054431609417417,1000,C17,NA
3,Endo,-5.330928878457121,1000,C17,NA
4,Endo,-2.740664177923912,1000,C17,NA
5,Endo,-5.164308634169905,1000,C17,NA
1,Excit.Thal,-3.264985837000154,1000,C17,NA
2,Excit.Thal,-3.536772282805405,1000,C17,NA
3,Excit.Thal,-1.9328445310489142,1000,C17,NA
4,Excit.Thal,0.4538497813756863,1000,C17,NA
5,Excit.Thal,-2.129429919441925,1000,C17,NA
1,LHb.4,-18.782256052465197,1000,C17,NA
2,LHb.4,-18.723591457401447,1000,C17,NA
3,LHb.4,-12.950485722203815,1000,C17,NA
4,LHb.4,-8.821858389959504,1000,C17,NA
5,LHb.4,-15.33769721404795,1000,C17,NA
1,LHb.7,-12.195844436515928,1000,C17,NA
2,LHb.7,-11.678089487254246,1000,C17,NA
3,LHb.7,-6.8767582031424235,1000,C17,NA
4,LHb.7,-5.0769397863476184,1000,C17,NA
5,LHb.7,-9.199485769683154,1000,C17,NA
1,MHb.1,-8.974687293053575,1000,C17,NA
2,MHb.1,-12.71019836221769,1000,C17,NA
3,MHb.1,-13.111493677691678,1000,C17,NA
4,MHb.1,-13.032088302307026,1000,C17,NA
5,MHb.1,-9.29909311749796,1000,C17,NA
1,MHb.2,-9.740280004986507,1000,C17,NA
2,MHb.2,-11.580294902625011,1000,C17,NA
3,MHb.2,-9.984657761772503,1000,C17,NA
4,MHb.2,-6.457222530099883,1000,C17,NA
5,MHb.2,-7.160077767037655,1000,C17,NA
1,Microglia,-4.989061757530815,1000,C17,NA
2,Microglia,-2.6253081627883708,1000,C17,NA
3,Microglia,-2.1869515019954373,1000,C17,NA
4,Microglia,-2.0968687786483073,1000,C17,NA
5,Microglia,-4.920468045763712,1000,C17,NA
1,Oligo,0.29598045326954914,1000,C17,NA
2,Oligo,3.8062157311317244,1000,C17,NA
3,Oligo,6.461722821765209,1000,C17,NA
4,Oligo,3.2880624760622257,1000,C17,NA
5,Oligo,-0.9053049301297625,1000,C17,NA
1,OPC,-1.7044536198431157,1000,C17,NA
2,OPC,0.5935483207078918,1000,C17,NA
3,OPC,0.20170182991013383,1000,C17,NA
4,OPC,-0.33796983477351056,1000,C17,NA
5,OPC,-0.985212008159593,1000,C17,NA
1,Astrocyte,20.681660759554756,5000,C17,NA
2,Astrocyte,17.04492817683581,5000,C17,NA
3,Astrocyte,12.50530556349887,5000,C17,NA
4,Astrocyte,17.912791429072673,5000,C17,NA
5,Astrocyte,10.509905805733384,5000,C17,NA
1,C17,36.53702587388017,5000,C17,NA
2,C17,35.431218703011226,5000,C17,NA
3,C17,33.20806759950596,5000,C17,NA
4,C17,35.96076579897097,5000,C17,NA
5,C17,32.97519592553122,5000,C17,NA
1,Endo,-8.062368561551384,5000,C17,NA
2,Endo,-8.108884324842029,5000,C17,NA
3,Endo,-9.66316377898213,5000,C17,NA
4,Endo,-9.705639182480114,5000,C17,NA
5,Endo,-8.155273184622034,5000,C17,NA
1,Excit.Thal,-6.382266104892243,5000,C17,NA
2,Excit.Thal,-5.373164141024402,5000,C17,NA
3,Excit.Thal,-4.694714728349913,5000,C17,NA
4,Excit.Thal,-4.150731166697372,5000,C17,NA
5,Excit.Thal,-4.995686331127263,5000,C17,NA
1,LHb.4,-23.28073144327802,5000,C17,NA
2,LHb.4,-28.68950982695838,5000,C17,NA
3,LHb.4,-23.925419019772004,5000,C17,NA
4,LHb.4,-20.727814806549773,5000,C17,NA
5,LHb.4,-20.34442766634086,5000,C17,NA
1,LHb.7,-16.135656111849062,5000,C17,NA
2,LHb.7,-13.948585378459404,5000,C17,NA
3,LHb.7,-13.137641174244642,5000,C17,NA
4,LHb.7,-14.720510232750076,5000,C17,NA
5,LHb.7,-12.238115533612461,5000,C17,NA
1,MHb.1,-17.176552596132424,5000,C17,NA
2,MHb.1,-15.671514179560571,5000,C17,NA
3,MHb.1,-8.8086997635523,5000,C17,NA
4,MHb.1,-16.922777569464593,5000,C17,NA
5,MHb.1,-20.624149676280428,5000,C17,NA
1,MHb.2,-15.358881692421285,5000,C17,NA
2,MHb.2,-12.253945130376673,5000,C17,NA
3,MHb.2,-11.406942820465932,5000,C17,NA
4,MHb.2,-18.05549779380983,5000,C17,NA
5,MHb.2,-15.358881692421285,5000,C17,NA
1,Microglia,-12.8235002561999,5000,C17,NA
2,Microglia,-7.934375239072413,5000,C17,NA
3,Microglia,-9.4490529236256,5000,C17,NA
4,Microglia,-14.01782643951106,5000,C17,NA
5,Microglia,-8.813257872779698,5000,C17,NA
1,Oligo,-8.120140796225398,5000,C17,NA
2,Oligo,-6.303930730659768,5000,C17,NA
3,Oligo,-9.188728610964477,5000,C17,NA
4,Oligo,-4.6782765859486615,5000,C17,NA
5,Oligo,2.6803852547303784,5000,C17,NA
1,OPC,-5.2804693525780655,5000,C17,NA
2,OPC,-1.4271211861646533,5000,C17,NA
3,OPC,-4.780996371206309,5000,C17,NA
4,OPC,-4.694523090463764,5000,C17,NA
5,OPC,-3.3629609856237757,5000,C17,NA
1,Astrocyte,0.9595499242818981,100,Endo,NA
2,Astrocyte,0.9204872348996773,100,Endo,NA
3,Astrocyte,0.3119829747049782,100,Endo,NA
4,Astrocyte,0.5848270844103169,100,Endo,NA
5,Astrocyte,0.452261704126503,100,Endo,NA
1,C17,2.0867227219813254,100,Endo,NA
2,C17,3.03988273715204,100,Endo,NA
3,C17,2.1515736997499006,100,Endo,NA
4,C17,1.7002844773687404,100,Endo,NA
5,C17,1.223532045002024,100,Endo,NA
1,Endo,7.324593380713894,100,Endo,NA
2,Endo,7.507559940731557,100,Endo,NA
3,Endo,6.64290378094168,100,Endo,NA
4,Endo,6.863383978779613,100,Endo,NA
5,Endo,7.1418566594108075,100,Endo,NA
1,Excit.Thal,-0.915379341638004,100,Endo,NA
2,Excit.Thal,-0.8361552183514512,100,Endo,NA
3,Excit.Thal,0.372506942228723,100,Endo,NA
4,Excit.Thal,-0.3037297471761461,100,Endo,NA
5,Excit.Thal,-0.5708760626869142,100,Endo,NA
1,LHb.4,-2.8314188732455774,100,Endo,NA
2,LHb.4,-2.5556188460801197,100,Endo,NA
3,LHb.4,-3.055178058720283,100,Endo,NA
4,LHb.4,-1.9940181120347429,100,Endo,NA
5,LHb.4,-2.149724533676066,100,Endo,NA
1,LHb.7,-2.193063877446894,100,Endo,NA
2,LHb.7,-2.5141834841434902,100,Endo,NA
3,LHb.7,-1.6037080581581673,100,Endo,NA
4,LHb.7,-1.235112861518716,100,Endo,NA
5,LHb.7,-2.5584010407839384,100,Endo,NA
1,MHb.1,-4.72541111427614,100,Endo,NA
2,MHb.1,-4.198244382118203,100,Endo,NA
3,MHb.1,-3.221447723216825,100,Endo,NA
4,MHb.1,-3.9419195918850836,100,Endo,NA
5,MHb.1,-4.0519204655547645,100,Endo,NA
1,MHb.2,-0.6404572667780131,100,Endo,NA
2,MHb.2,-2.1651928846098847,100,Endo,NA
3,MHb.2,-1.4245608199990387,100,Endo,NA
4,MHb.2,-0.9648638541392903,100,Endo,NA
5,MHb.2,-1.0520093355275866,100,Endo,NA
1,Microglia,2.747515058660474,100,Endo,NA
2,Microglia,2.8461535991571907,100,Endo,NA
3,Microglia,3.1523911573756442,100,Endo,NA
4,Microglia,2.6686559523868096,100,Endo,NA
5,Microglia,3.5287292427902264,100,Endo,NA
1,Oligo,-4.265241975646519,100,Endo,NA
2,Oligo,-3.9862930573566504,100,Endo,NA
3,Oligo,-4.006238386804312,100,Endo,NA
4,Oligo,-5.0094173018578365,100,Endo,NA
5,Oligo,-4.444242388293061,100,Endo,NA
1,OPC,0.5554488777644786,100,Endo,NA
2,OPC,0.6984953786844451,100,Endo,NA
3,OPC,0.37211217647303746,100,Endo,NA
4,OPC,-0.09348443435594594,100,Endo,NA
5,OPC,0.290837445297309,100,Endo,NA
1,Astrocyte,-0.520111024653137,200,Endo,NA
2,Astrocyte,-1.7818939095028754,200,Endo,NA
3,Astrocyte,-1.3182407999203636,200,Endo,NA
4,Astrocyte,-0.26380850178285553,200,Endo,NA
5,Astrocyte,-0.46576790785416006,200,Endo,NA
1,C17,3.6458348375183873,200,Endo,NA
2,C17,4.4021704515601465,200,Endo,NA
3,C17,3.8845735833925135,200,Endo,NA
4,C17,2.314264786009286,200,Endo,NA
5,C17,1.4451587342263028,200,Endo,NA
1,Endo,20.199770759305345,200,Endo,NA
2,Endo,20.421466507042197,200,Endo,NA
3,Endo,19.662868480630326,200,Endo,NA
4,Endo,20.273629103893782,200,Endo,NA
5,Endo,21.09935640606688,200,Endo,NA
1,Excit.Thal,-0.5442459510965082,200,Endo,NA
2,Excit.Thal,-0.7567657369747747,200,Endo,NA
3,Excit.Thal,0.07347016161823304,200,Endo,NA
4,Excit.Thal,-0.4375381899035202,200,Endo,NA
5,Excit.Thal,-0.08864785927344825,200,Endo,NA
1,LHb.4,-5.641543299689802,200,Endo,NA
2,LHb.4,-4.434285176309522,200,Endo,NA
3,LHb.4,-5.8193701460156655,200,Endo,NA
4,LHb.4,-5.098469032326513,200,Endo,NA
5,LHb.4,-5.319298056742307,200,Endo,NA
1,LHb.7,-2.7240560688414535,200,Endo,NA
2,LHb.7,-3.208520967924642,200,Endo,NA
3,LHb.7,-3.186546724952949,200,Endo,NA
4,LHb.7,-3.0986052329880955,200,Endo,NA
5,LHb.7,-3.186546724952949,200,Endo,NA
1,MHb.1,-9.606087569935058,200,Endo,NA
2,MHb.1,-9.273575283696383,200,Endo,NA
3,MHb.1,-8.939103406744204,200,Endo,NA
4,MHb.1,-8.787944184560754,200,Endo,NA
5,MHb.1,-9.340233608023436,200,Endo,NA
1,MHb.2,-3.8224403138427174,200,Endo,NA
2,MHb.2,-2.5455487730049553,200,Endo,NA
3,MHb.2,-2.2389317571968212,200,Endo,NA
4,MHb.2,-3.8465936571969306,200,Endo,NA
5,MHb.2,-4.544351526317489,200,Endo,NA
1,Microglia,4.244688636234969,200,Endo,NA
2,Microglia,4.794186875924241,200,Endo,NA
3,Microglia,4.754147234972836,200,Endo,NA
4,Microglia,4.554128549265045,200,Endo,NA
5,Microglia,4.3643871084833,200,Endo,NA
1,Oligo,-8.204378224631377,200,Endo,NA
2,Oligo,-9.395584659671535,200,Endo,NA
3,Oligo,-8.56095941683501,200,Endo,NA
4,Oligo,-9.002919869640332,200,Endo,NA
5,Oligo,-8.117494187256781,200,Endo,NA
1,OPC,0.944644588066663,200,Endo,NA
2,OPC,0.41279749622322803,200,Endo,NA
3,OPC,1.0063660236759466,200,Endo,NA
4,OPC,0.3517815161241034,200,Endo,NA
5,OPC,0.6371411899917939,200,Endo,NA
1,Astrocyte,-1.681514979221173,500,Endo,NA
2,Astrocyte,-4.025185859580797,500,Endo,NA
3,Astrocyte,-4.879953206870867,500,Endo,NA
4,Astrocyte,-4.009893932798954,500,Endo,NA
5,Astrocyte,-3.0060926028383093,500,Endo,NA
1,C17,5.463016181737834,500,Endo,NA
2,C17,6.22708749084836,500,Endo,NA
3,C17,2.3469002062964908,500,Endo,NA
4,C17,2.054345258032794,500,Endo,NA
5,C17,4.367404584201221,500,Endo,NA
1,Endo,26.49457577411942,500,Endo,NA
2,Endo,28.78097391529036,500,Endo,NA
3,Endo,27.448900584319706,500,Endo,NA
4,Endo,28.085261199978515,500,Endo,NA
5,Endo,27.448900584319706,500,Endo,NA
1,Excit.Thal,0.8670207296240695,500,Endo,NA
2,Excit.Thal,-0.33052926482225103,500,Endo,NA
3,Excit.Thal,-0.19634160583628057,500,Endo,NA
4,Excit.Thal,0.1819367357675315,500,Endo,NA
5,Excit.Thal,-0.5442459510965082,500,Endo,NA
1,LHb.4,-5.123963674881822,500,Endo,NA
2,LHb.4,-4.6900428983474525,500,Endo,NA
3,LHb.4,-4.766696353491582,500,Endo,NA
4,LHb.4,-5.05596961692689,500,Endo,NA
5,LHb.4,-6.225150924494631,500,Endo,NA
1,LHb.7,-2.093211525172276,500,Endo,NA
2,LHb.7,-1.8598624184373334,500,Endo,NA
3,LHb.7,-1.4698197295561615,500,Endo,NA
4,LHb.7,-0.4602944275786124,500,Endo,NA
5,LHb.7,-1.7040150069054594,500,Endo,NA
1,MHb.1,-13.70061046979341,500,Endo,NA
2,MHb.1,-14.284596636569429,500,Endo,NA
3,MHb.1,-14.376279424573577,500,Endo,NA
4,MHb.1,-13.96258230579918,500,Endo,NA
5,MHb.1,-12.54644200893484,500,Endo,NA
1,MHb.2,-6.5485559960908475,500,Endo,NA
2,MHb.2,-7.215112652792914,500,Endo,NA
3,MHb.2,-4.652161850339349,500,Endo,NA
4,MHb.2,-5.5695395399823235,500,Endo,NA
5,MHb.2,-5.248874375230863,500,Endo,NA
1,Microglia,5.90001075867696,500,Endo,NA
2,Microglia,6.852332065915866,500,Endo,NA
3,Microglia,6.954047163645582,500,Endo,NA
4,Microglia,6.608534625653616,500,Endo,NA
5,Microglia,6.385447454707133,500,Endo,NA
1,Oligo,-11.463942218957628,500,Endo,NA
2,Oligo,-11.190653688193137,500,Endo,NA
3,Oligo,-10.21542211174251,500,Endo,NA
4,Oligo,-11.529824227835666,500,Endo,NA
5,Oligo,-11.115164560097348,500,Endo,NA
1,OPC,1.088776517662745,500,Endo,NA
2,OPC,1.5652168298114268,500,Endo,NA
3,OPC,1.3160883127187633,500,Endo,NA
4,OPC,1.1300312939685,500,Endo,NA
5,OPC,0.9857839926556116,500,Endo,NA
1,Astrocyte,-8.621498403946639,1000,Endo,NA
2,Astrocyte,-8.763967761998147,1000,Endo,NA
3,Astrocyte,-7.373215671237407,1000,Endo,NA
4,Astrocyte,-6.4970898171881,1000,Endo,NA
5,Astrocyte,-9.93806717335333,1000,Endo,NA
1,C17,0.290164940132483,1000,Endo,NA
2,C17,-0.6773990306059032,1000,Endo,NA
3,C17,1.3183327023912146,1000,Endo,NA
4,C17,3.9874317149362004,1000,Endo,NA
5,C17,1.1290027299666967,1000,Endo,NA
1,Endo,31.027987155713472,1000,Endo,NA
2,Endo,29.718177172871638,1000,Endo,NA
3,Endo,29.922319832628542,1000,Endo,NA
4,Endo,30.764963653472538,1000,Endo,NA
5,Endo,31.44075371404614,1000,Endo,NA
1,Excit.Thal,1.4523124907724854,1000,Endo,NA
2,Excit.Thal,0.9223706021674065,1000,Endo,NA
3,Excit.Thal,1.033315957192345,1000,Endo,NA
4,Excit.Thal,1.144590641814303,1000,Endo,NA
5,Excit.Thal,0.9778022525514661,1000,Endo,NA
1,LHb.4,-5.599176755687457,1000,Endo,NA
2,LHb.4,-2.5124846748514305,1000,Endo,NA
3,LHb.4,-3.2872332179999653,1000,Endo,NA
4,LHb.4,-3.1927302865307667,1000,Endo,NA
5,LHb.4,-2.719429004539965,1000,Endo,NA
1,LHb.7,2.0023309131457045,1000,Endo,NA
2,LHb.7,1.0949993032187613,1000,Endo,NA
3,LHb.7,2.0715620493394247,1000,Endo,NA
4,LHb.7,2.708313013878993,1000,Endo,NA
5,LHb.7,4.583008040967644,1000,Endo,NA
1,MHb.1,-18.49159640672542,1000,Endo,NA
2,MHb.1,-15.734808923077637,1000,Endo,NA
3,MHb.1,-18.54861371219542,1000,Endo,NA
4,MHb.1,-23.583174834018536,1000,Endo,NA
5,MHb.1,-26.047903393718364,1000,Endo,NA
1,MHb.2,-7.436269868546119,1000,Endo,NA
2,MHb.2,-7.413014185547847,1000,Endo,NA
3,MHb.2,-8.004280928135561,1000,Endo,NA
4,MHb.2,-8.430975398657035,1000,Endo,NA
5,MHb.2,-6.172297178232318,1000,Endo,NA
1,Microglia,9.067059858430753,1000,Endo,NA
2,Microglia,8.808803646412732,1000,Endo,NA
3,Microglia,9.118772431568177,1000,Endo,NA
4,Microglia,10.261673521834327,1000,Endo,NA
5,Microglia,11.773226464132216,1000,Endo,NA
1,Oligo,-8.020888142406562,1000,Endo,NA
2,Oligo,-10.376879758809896,1000,Endo,NA
3,Oligo,-10.604483955385282,1000,Endo,NA
4,Oligo,-11.53923327756385,1000,Endo,NA
5,Oligo,-10.71813907918655,1000,Endo,NA
1,OPC,2.468005781338729,1000,Endo,NA
2,OPC,2.109182983275725,1000,Endo,NA
3,OPC,1.5028212987612604,1000,Endo,NA
4,OPC,2.6164924650153063,1000,Endo,NA
5,OPC,3.5382506795616075,1000,Endo,NA
1,Astrocyte,-16.29598987834349,5000,Endo,NA
2,Astrocyte,-14.448339002740566,5000,Endo,NA
3,Astrocyte,-15.42856308343788,5000,Endo,NA
4,Astrocyte,-16.092146818106944,5000,Endo,NA
5,Astrocyte,-14.668113448281535,5000,Endo,NA
1,C17,-1.7046858965745417,5000,Endo,NA
2,C17,-1.7046858965745417,5000,Endo,NA
3,C17,-0.2575316337324053,5000,Endo,NA
4,C17,-2.561068929633802,5000,Endo,NA
5,C17,0.13712255228501302,5000,Endo,NA
1,Endo,34.88583090714273,5000,Endo,NA
2,Endo,33.78170968746583,5000,Endo,NA
3,Endo,35.44150160356619,5000,Endo,NA
4,Endo,34.39131854835758,5000,Endo,NA
5,Endo,34.27385975171463,5000,Endo,NA
1,Excit.Thal,3.2949697374235387,5000,Endo,NA
2,Excit.Thal,1.961390874223015,5000,Endo,NA
3,Excit.Thal,3.1182752308619834,5000,Endo,NA
4,Excit.Thal,2.8839900270613867,5000,Endo,NA
5,Excit.Thal,2.7092450957660437,5000,Endo,NA
1,LHb.4,0.7368226660939725,5000,Endo,NA
2,LHb.4,1.1507661142138654,5000,Endo,NA
3,LHb.4,-2.5297396566397183,5000,Endo,NA
4,LHb.4,-0.32414980773519947,5000,Endo,NA
5,LHb.4,-0.6297911307724449,5000,Endo,NA
1,LHb.7,9.411760601669394,5000,Endo,NA
2,LHb.7,6.987125432325515,5000,Endo,NA
3,LHb.7,9.213670952098823,5000,Endo,NA
4,LHb.7,10.257993087478223,5000,Endo,NA
5,LHb.7,9.263157095187974,5000,Endo,NA
1,MHb.1,-37.577532358820214,5000,Endo,NA
2,MHb.1,-29.286354441221786,5000,Endo,NA
3,MHb.1,-35.716415694773026,5000,Endo,NA
4,MHb.1,-37.480729586000095,5000,Endo,NA
5,MHb.1,-36.63647917091287,5000,Endo,NA
1,MHb.2,-11.62287407180029,5000,Endo,NA
2,MHb.2,-7.87706025899727,5000,Endo,NA
3,MHb.2,-11.366409448132254,5000,Endo,NA
4,MHb.2,-11.834233707581822,5000,Endo,NA
5,MHb.2,-11.645143808239913,5000,Endo,NA
1,Microglia,18.88430966429858,5000,Endo,NA
2,Microglia,14.915720549050306,5000,Endo,NA
3,Microglia,20.356242301503386,5000,Endo,NA
4,Microglia,18.91782319697961,5000,Endo,NA
5,Microglia,18.4383237883495,5000,Endo,NA
1,Oligo,-5.69023624599052,5000,Endo,NA
2,Oligo,-11.793026306179843,5000,Endo,NA
3,Oligo,-7.118984763303311,5000,Endo,NA
4,Oligo,-5.058874394841543,5000,Endo,NA
5,Oligo,-6.543525757319018,5000,Endo,NA
1,OPC,5.187248642676803,5000,Endo,NA
2,OPC,4.631571520520717,5000,Endo,NA
3,OPC,5.254344481368567,5000,Endo,NA
4,OPC,6.408936616005231,5000,Endo,NA
5,OPC,5.1202423033997295,5000,Endo,NA
1,Astrocyte,-4.211456521530809,100,Excit.Thal,NA
2,Astrocyte,-3.9289184911325616,100,Excit.Thal,NA
3,Astrocyte,-3.2899720008175564,100,Excit.Thal,NA
4,Astrocyte,-4.225560420339417,100,Excit.Thal,NA
5,Astrocyte,-4.211456521530809,100,Excit.Thal,NA
1,C17,0.4305560156148288,100,Excit.Thal,NA
2,C17,-0.3242578651469971,100,Excit.Thal,NA
3,C17,-1.1394139324763117,100,Excit.Thal,NA
4,C17,-0.6650155487788046,100,Excit.Thal,NA
5,C17,0.23143788726465847,100,Excit.Thal,NA
1,Endo,-3.120673313076208,100,Excit.Thal,NA
2,Endo,-2.141029714833953,100,Excit.Thal,NA
3,Endo,-1.2964819087339432,100,Excit.Thal,NA
4,Endo,-1.8982752943596486,100,Excit.Thal,NA
5,Endo,-2.9738210742005684,100,Excit.Thal,NA
1,Excit.Thal,-1.0451620441070946,100,Excit.Thal,NA
2,Excit.Thal,-0.9014430753214956,100,Excit.Thal,NA
3,Excit.Thal,-1.3312039033841119,100,Excit.Thal,NA
4,Excit.Thal,-0.5158834859238938,100,Excit.Thal,NA
5,Excit.Thal,-0.20010507807100797,100,Excit.Thal,NA
1,LHb.4,3.995975823996057,100,Excit.Thal,NA
2,LHb.4,3.535722557127279,100,Excit.Thal,NA
3,LHb.4,3.7299613772294236,100,Excit.Thal,NA
4,LHb.4,3.7401881217361748,100,Excit.Thal,NA
5,LHb.4,3.9447999256403383,100,Excit.Thal,NA
1,LHb.7,3.6137799159799164,100,Excit.Thal,NA
2,LHb.7,3.777802369889407,100,Excit.Thal,NA
3,LHb.7,4.024319235371971,100,Excit.Thal,NA
4,LHb.7,3.2184481293981775,100,Excit.Thal,NA
5,LHb.7,3.2184481293981775,100,Excit.Thal,NA
1,MHb.1,-1.6040153238689976,100,Excit.Thal,NA
2,MHb.1,-1.0148688004728872,100,Excit.Thal,NA
3,MHb.1,-1.0148688004728872,100,Excit.Thal,NA
4,MHb.1,-1.271320049387962,100,Excit.Thal,NA
5,MHb.1,-1.6040153238689976,100,Excit.Thal,NA
1,MHb.2,-2.3654252726119998,100,Excit.Thal,NA
2,MHb.2,-2.455478847274745,100,Excit.Thal,NA
3,MHb.2,-3.058819577994062,100,Excit.Thal,NA
4,MHb.2,-1.6386178096186002,100,Excit.Thal,NA
5,MHb.2,-0.5029524326930527,100,Excit.Thal,NA
1,Microglia,2.0522403939384404,100,Excit.Thal,NA
2,Microglia,2.414573651457822,100,Excit.Thal,NA
3,Microglia,2.2549725436623165,100,Excit.Thal,NA
4,Microglia,2.7491773312389958,100,Excit.Thal,NA
5,Microglia,2.1680330912110497,100,Excit.Thal,NA
1,Oligo,-4.144651580711837,100,Excit.Thal,NA
2,Oligo,-4.87542937697789,100,Excit.Thal,NA
3,Oligo,-5.898525936404011,100,Excit.Thal,NA
4,Oligo,-5.380551410251131,100,Excit.Thal,NA
5,Oligo,-5.380551410251131,100,Excit.Thal,NA
1,OPC,1.5895942793669082,100,Excit.Thal,NA
2,OPC,0.6918762343814435,100,Excit.Thal,NA
3,OPC,0.5283711069006791,100,Excit.Thal,NA
4,OPC,0.3332610846743114,100,Excit.Thal,NA
5,OPC,0.7903823223773724,100,Excit.Thal,NA
1,Astrocyte,-7.739814598032959,200,Excit.Thal,NA
2,Astrocyte,-8.267889773541263,200,Excit.Thal,NA
3,Astrocyte,-8.375850281228885,200,Excit.Thal,NA
4,Astrocyte,-7.739814598032959,200,Excit.Thal,NA
5,Astrocyte,-7.426996566906639,200,Excit.Thal,NA
1,C17,0.6376434677944651,200,Excit.Thal,NA
2,C17,-0.14542488239797477,200,Excit.Thal,NA
3,C17,0.4305560156148288,200,Excit.Thal,NA
4,C17,-0.9857483682450061,200,Excit.Thal,NA
5,C17,-0.4973186691256525,200,Excit.Thal,NA
1,Endo,-5.211058315321105,200,Excit.Thal,NA
2,Endo,-3.4862493158595864,200,Excit.Thal,NA
3,Endo,-3.8133911988800944,200,Excit.Thal,NA
4,Endo,-3.9582236364720815,200,Excit.Thal,NA
5,Endo,-5.317262611507585,200,Excit.Thal,NA
1,Excit.Thal,5.305039902848407,200,Excit.Thal,NA
2,Excit.Thal,5.388298493718629,200,Excit.Thal,NA
3,Excit.Thal,5.835165820485415,200,Excit.Thal,NA
4,Excit.Thal,6.201802681968952,200,Excit.Thal,NA
5,Excit.Thal,6.514576949064125,200,Excit.Thal,NA
1,LHb.4,8.339327816616612,200,Excit.Thal,NA
2,LHb.4,7.394572065536569,200,Excit.Thal,NA
3,LHb.4,8.162577166981098,200,Excit.Thal,NA
4,LHb.4,7.07349988067872,200,Excit.Thal,NA
5,LHb.4,7.394572065536569,200,Excit.Thal,NA
1,LHb.7,6.297756936632628,200,Excit.Thal,NA
2,LHb.7,6.381891039963756,200,Excit.Thal,NA
3,LHb.7,6.902256079425141,200,Excit.Thal,NA
4,LHb.7,7.6807278079345345,200,Excit.Thal,NA
5,LHb.7,6.12969602194922,200,Excit.Thal,NA
1,MHb.1,-5.744701458861232,200,Excit.Thal,NA
2,MHb.1,-4.666945608547928,200,Excit.Thal,NA
3,MHb.1,-4.853308740559689,200,Excit.Thal,NA
4,MHb.1,-5.8019071328438425,200,Excit.Thal,NA
5,MHb.1,-7.757366853373664,200,Excit.Thal,NA
1,MHb.2,-3.654460702738048,200,Excit.Thal,NA
2,MHb.2,-3.916780844834646,200,Excit.Thal,NA
3,MHb.2,-3.9603589729565933,200,Excit.Thal,NA
4,MHb.2,-3.6105979156465633,200,Excit.Thal,NA
5,MHb.2,-3.3244852306520696,200,Excit.Thal,NA
1,Microglia,2.734604120051094,200,Excit.Thal,NA
2,Microglia,2.924235664564474,200,Excit.Thal,NA
3,Microglia,2.4872106476598077,200,Excit.Thal,NA
4,Microglia,2.851254304894887,200,Excit.Thal,NA
5,Microglia,3.6131055466057225,200,Excit.Thal,NA
1,Oligo,-10.887897694887908,200,Excit.Thal,NA
2,Oligo,-10.375209007012813,200,Excit.Thal,NA
3,Oligo,-11.810638185532532,200,Excit.Thal,NA
4,Oligo,-11.764784686580004,200,Excit.Thal,NA
5,Oligo,-10.73293128915793,200,Excit.Thal,NA
1,OPC,1.421426099694769,200,Excit.Thal,NA
2,OPC,0.6591082525374499,200,Excit.Thal,NA
3,OPC,1.4549884646048046,200,Excit.Thal,NA
4,OPC,0.7246778532991496,200,Excit.Thal,NA
5,OPC,1.4885863781684427,200,Excit.Thal,NA
1,Astrocyte,-15.085456014468987,500,Excit.Thal,NA
2,Astrocyte,-15.600792239407667,500,Excit.Thal,NA
3,Astrocyte,-14.478827664958388,500,Excit.Thal,NA
4,Astrocyte,-14.694087190743046,500,Excit.Thal,NA
5,Astrocyte,-13.510872982932874,500,Excit.Thal,NA
1,C17,0.4305560156148288,500,Excit.Thal,NA
2,C17,0.0396364497265748,500,Excit.Thal,NA
3,C17,-4.262247004464625,500,Excit.Thal,NA
4,C17,-3.4854205910187606,500,Excit.Thal,NA
5,C17,-1.2889832215581538,500,Excit.Thal,NA
1,Endo,-7.146958816527346,500,Excit.Thal,NA
2,Endo,-4.926947098521123,500,Excit.Thal,NA
3,Endo,-5.193339773020661,500,Excit.Thal,NA
4,Endo,-5.933170990446009,500,Excit.Thal,NA
5,Endo,-6.906082097141112,500,Excit.Thal,NA
1,Excit.Thal,10.497230001770784,500,Excit.Thal,NA
2,Excit.Thal,10.37160484355864,500,Excit.Thal,NA
3,Excit.Thal,11.003670702686602,500,Excit.Thal,NA
4,Excit.Thal,11.067424777056491,500,Excit.Thal,NA
5,Excit.Thal,10.781321304715592,500,Excit.Thal,NA
1,LHb.4,18.771105709634377,500,Excit.Thal,NA
2,LHb.4,15.835094218228646,500,Excit.Thal,NA
3,LHb.4,15.342296622497082,500,Excit.Thal,NA
4,LHb.4,15.674283615132904,500,Excit.Thal,NA
5,LHb.4,16.18927452466015,500,Excit.Thal,NA
1,LHb.7,11.312212078738806,500,Excit.Thal,NA
2,LHb.7,11.577831238669075,500,Excit.Thal,NA
3,LHb.7,10.988540452807232,500,Excit.Thal,NA
4,LHb.7,14.594323895689616,500,Excit.Thal,NA
5,LHb.7,12.096387755859269,500,Excit.Thal,NA
1,MHb.1,-14.740367454308993,500,Excit.Thal,NA
2,MHb.1,-13.195383187194716,500,Excit.Thal,NA
3,MHb.1,-15.206916380383857,500,Excit.Thal,NA
4,MHb.1,-14.61393842104559,500,Excit.Thal,NA
5,MHb.1,-13.836244863645074,500,Excit.Thal,NA
1,MHb.2,-9.058604266082932,500,Excit.Thal,NA
2,MHb.2,-6.3597020366719805,500,Excit.Thal,NA
3,MHb.2,-5.015655842470051,500,Excit.Thal,NA
4,MHb.2,-8.486966783260979,500,Excit.Thal,NA
5,MHb.2,-9.95207352600845,500,Excit.Thal,NA
1,Microglia,3.8930602242498353,500,Excit.Thal,NA
2,Microglia,3.9078184482937006,500,Excit.Thal,NA
3,Microglia,4.114684419421356,500,Excit.Thal,NA
4,Microglia,3.172805720750973,500,Excit.Thal,NA
5,Microglia,3.407369387792969,500,Excit.Thal,NA
1,Oligo,-17.411144735582877,500,Excit.Thal,NA
2,Oligo,-17.665597082477014,500,Excit.Thal,NA
3,Oligo,-17.283598846834433,500,Excit.Thal,NA
4,Oligo,-17.15583841555879,500,Excit.Thal,NA
5,Oligo,-16.32727490177308,500,Excit.Thal,NA
1,OPC,1.7247744578321123,500,Excit.Thal,NA
2,OPC,2.0652750905399038,500,Excit.Thal,NA
3,OPC,1.4885863781684427,500,Excit.Thal,NA
4,OPC,0.8891933115479875,500,Excit.Thal,NA
5,OPC,2.5482399646298446,500,Excit.Thal,NA
1,Astrocyte,-25.339872691263725,1000,Excit.Thal,NA
2,Astrocyte,-27.56797831349627,1000,Excit.Thal,NA
3,Astrocyte,-23.664023555892157,1000,Excit.Thal,NA
4,Astrocyte,-22.140481435063545,1000,Excit.Thal,NA
5,Astrocyte,-21.82146253342661,1000,Excit.Thal,NA
1,C17,-8.980095913033542,1000,Excit.Thal,NA
2,C17,-11.035956834093264,1000,Excit.Thal,NA
3,C17,-7.985537254122061,1000,Excit.Thal,NA
4,C17,-4.169819021800234,1000,Excit.Thal,NA
5,C17,-6.191247336422371,1000,Excit.Thal,NA
1,Endo,-6.195267351662979,1000,Excit.Thal,NA
2,Endo,-5.792931906114406,1000,Excit.Thal,NA
3,Endo,-4.354745083724505,1000,Excit.Thal,NA
4,Endo,-4.98031811319022,1000,Excit.Thal,NA
5,Endo,-4.820065621292895,1000,Excit.Thal,NA
1,Excit.Thal,14.530700342055919,1000,Excit.Thal,NA
2,Excit.Thal,13.500452482384551,1000,Excit.Thal,NA
3,Excit.Thal,13.466566789817065,1000,Excit.Thal,NA
4,Excit.Thal,13.70437498096993,1000,Excit.Thal,NA
5,Excit.Thal,14.322499284957624,1000,Excit.Thal,NA
1,LHb.4,25.908859932369207,1000,Excit.Thal,NA
2,LHb.4,30.94278433992803,1000,Excit.Thal,NA
3,LHb.4,29.26538399508739,1000,Excit.Thal,NA
4,LHb.4,26.866846142861508,1000,Excit.Thal,NA
5,LHb.4,24.307484708944923,1000,Excit.Thal,NA
1,LHb.7,18.389088956732103,1000,Excit.Thal,NA
2,LHb.7,16.146640473039668,1000,Excit.Thal,NA
3,LHb.7,17.15929320405763,1000,Excit.Thal,NA
4,LHb.7,17.94575822700909,1000,Excit.Thal,NA
5,LHb.7,20.81719330735773,1000,Excit.Thal,NA
1,MHb.1,-24.808999108851886,1000,Excit.Thal,NA
2,MHb.1,-19.22599075091432,1000,Excit.Thal,NA
3,MHb.1,-23.14543536171922,1000,Excit.Thal,NA
4,MHb.1,-29.258375384300027,1000,Excit.Thal,NA
5,MHb.1,-33.547828669709965,1000,Excit.Thal,NA
1,MHb.2,-13.538068564946906,1000,Excit.Thal,NA
2,MHb.2,-11.450415752112297,1000,Excit.Thal,NA
3,MHb.2,-12.996791606327271,1000,Excit.Thal,NA
4,MHb.2,-10.35472164763099,1000,Excit.Thal,NA
5,MHb.2,-10.924413837050686,1000,Excit.Thal,NA
1,Microglia,7.7212759249155,1000,Excit.Thal,NA
2,Microglia,5.470910991958972,1000,Excit.Thal,NA
3,Microglia,5.606154759427094,1000,Excit.Thal,NA
4,Microglia,8.292880182168169,1000,Excit.Thal,NA
5,Microglia,9.353177226990075,1000,Excit.Thal,NA
1,Oligo,-16.039434646694755,1000,Excit.Thal,NA
2,Oligo,-19.643941330830987,1000,Excit.Thal,NA
3,Oligo,-21.921760898843402,1000,Excit.Thal,NA
4,Oligo,-22.361661074935206,1000,Excit.Thal,NA
5,Oligo,-18.883675218385534,1000,Excit.Thal,NA
1,OPC,0.7903823223773724,1000,Excit.Thal,NA
2,OPC,0.3981658314202739,1000,Excit.Thal,NA
3,OPC,0.7575131892261009,1000,Excit.Thal,NA
4,OPC,2.0652750905399038,1000,Excit.Thal,NA
5,OPC,1.657112221309337,1000,Excit.Thal,NA
1,Astrocyte,-38.521269877393514,5000,Excit.Thal,NA
2,Astrocyte,-35.333200785335976,5000,Excit.Thal,NA
3,Astrocyte,-32.839097736532246,5000,Excit.Thal,NA
4,Astrocyte,-37.04100292532719,5000,Excit.Thal,NA
5,Astrocyte,-33.87230035808051,5000,Excit.Thal,NA
1,C17,-15.661063288604023,5000,Excit.Thal,NA
2,C17,-15.94287920235893,5000,Excit.Thal,NA
3,C17,-11.423763547652301,5000,Excit.Thal,NA
4,C17,-13.27880883341193,5000,Excit.Thal,NA
5,C17,-10.635310956849302,5000,Excit.Thal,NA
1,Endo,-1.8421146601545526,5000,Excit.Thal,NA
2,Endo,-3.2305784619265516,5000,Excit.Thal,NA
3,Endo,-1.485196770456771,5000,Excit.Thal,NA
4,Endo,-2.8266101832508017,5000,Excit.Thal,NA
5,Endo,-4.084669715555475,5000,Excit.Thal,NA
1,Excit.Thal,18.944340525340518,5000,Excit.Thal,NA
2,Excit.Thal,16.346180647947648,5000,Excit.Thal,NA
3,Excit.Thal,15.839425650257043,5000,Excit.Thal,NA
4,Excit.Thal,17.08165856787605,5000,Excit.Thal,NA
5,Excit.Thal,18.402998755338437,5000,Excit.Thal,NA
1,LHb.4,43.45259323702209,5000,Excit.Thal,NA
2,LHb.4,39.29069973011573,5000,Excit.Thal,NA
3,LHb.4,34.35538235711554,5000,Excit.Thal,NA
4,LHb.4,39.02489323178456,5000,Excit.Thal,NA
5,LHb.4,41.21194772928,5000,Excit.Thal,NA
1,LHb.7,26.6384157456826,5000,Excit.Thal,NA
2,LHb.7,25.070385923856488,5000,Excit.Thal,NA
3,LHb.7,26.482093826458144,5000,Excit.Thal,NA
4,LHb.7,28.74968159117201,5000,Excit.Thal,NA
5,LHb.7,26.326047807333985,5000,Excit.Thal,NA
1,MHb.1,-42.231400897967866,5000,Excit.Thal,NA
2,MHb.1,-32.17941756552662,5000,Excit.Thal,NA
3,MHb.1,-37.97645826843768,5000,Excit.Thal,NA
4,MHb.1,-39.47795709991965,5000,Excit.Thal,NA
5,MHb.1,-38.142694352974345,5000,Excit.Thal,NA
1,MHb.2,-18.750411025776174,5000,Excit.Thal,NA
2,MHb.2,-11.859932602839814,5000,Excit.Thal,NA
3,MHb.2,-17.945873215917192,5000,Excit.Thal,NA
4,MHb.2,-16.504877512248036,5000,Excit.Thal,NA
5,MHb.2,-20.940774272025127,5000,Excit.Thal,NA
1,Microglia,16.668492431102013,5000,Excit.Thal,NA
2,Microglia,12.142823321197556,5000,Excit.Thal,NA
3,Microglia,16.089253810776498,5000,Excit.Thal,NA
4,Microglia,14.441828117503926,5000,Excit.Thal,NA
5,Microglia,12.56510788859022,5000,Excit.Thal,NA
1,Oligo,-18.10184288501543,5000,Excit.Thal,NA
2,Oligo,-24.926757952283182,5000,Excit.Thal,NA
3,Oligo,-20.505811212669002,5000,Excit.Thal,NA
4,Oligo,-18.758556519894665,5000,Excit.Thal,NA
5,Oligo,-19.836286657542416,5000,Excit.Thal,NA
1,OPC,2.6527048346284787,5000,Excit.Thal,NA
2,OPC,1.0214193740835724,5000,Excit.Thal,NA
3,OPC,3.038749042153754,5000,Excit.Thal,NA
4,OPC,1.4549884646048046,5000,Excit.Thal,NA
5,OPC,1.2541444919314455,5000,Excit.Thal,NA
1,Astrocyte,-4.157161568844866,100,LHb.4,NA
2,Astrocyte,-3.6983009788691397,100,LHb.4,NA
3,Astrocyte,-3.3117719360125926,100,LHb.4,NA
4,Astrocyte,-3.744250101181239,100,LHb.4,NA
5,Astrocyte,-4.4958207072862155,100,LHb.4,NA
1,C17,1.0501552946912023,100,LHb.4,NA
2,C17,0.8263330975017071,100,LHb.4,NA
3,C17,0.24623845856282808,100,LHb.4,NA
4,C17,0.6060060123855227,100,LHb.4,NA
5,C17,0.9751518968330597,100,LHb.4,NA
1,Endo,-1.7355561140280082,100,LHb.4,NA
2,Endo,-2.139200718217152,100,LHb.4,NA
3,Endo,-1.2069932850626486,100,LHb.4,NA
4,Endo,-0.7869501209249702,100,LHb.4,NA
5,Endo,-1.416314164399198,100,LHb.4,NA
1,Excit.Thal,1.1202556830655441,100,LHb.4,NA
2,Excit.Thal,1.4750427918222773,100,LHb.4,NA
3,Excit.Thal,1.4750427918222773,100,LHb.4,NA
4,Excit.Thal,1.2308450297616682,100,LHb.4,NA
5,Excit.Thal,1.5195763735213326,100,LHb.4,NA
1,LHb.4,2.09354812481504,100,LHb.4,NA
2,LHb.4,2.385703248846658,100,LHb.4,NA
3,LHb.4,2.1213637361568334,100,LHb.4,NA
4,LHb.4,1.933643746283643,100,LHb.4,NA
5,LHb.4,2.4344154092437615,100,LHb.4,NA
1,LHb.7,4.7618305329422554,100,LHb.4,NA
2,LHb.7,4.526362172619704,100,LHb.4,NA
3,LHb.7,4.864340820472904,100,LHb.4,NA
4,LHb.7,4.393458985413351,100,LHb.4,NA
5,LHb.7,4.58774775270599,100,LHb.4,NA
1,MHb.1,-2.4934524311575466,100,LHb.4,NA
2,MHb.1,-1.740059623772575,100,LHb.4,NA
3,MHb.1,-1.740059623772575,100,LHb.4,NA
4,MHb.1,-0.8175388447495403,100,LHb.4,NA
5,MHb.1,-2.7960315826088356,100,LHb.4,NA
1,MHb.2,-0.7741575622521364,100,LHb.4,NA
2,MHb.2,-0.48244080317077187,100,LHb.4,NA
3,MHb.2,-0.1404801060411439,100,LHb.4,NA
4,MHb.2,0.2853546757429562,100,LHb.4,NA
5,MHb.2,0.10485998991930072,100,LHb.4,NA
1,Microglia,0.007731829040217514,100,LHb.4,NA
2,Microglia,0.15950378547586297,100,LHb.4,NA
3,Microglia,-0.19435335069720389,100,LHb.4,NA
4,Microglia,0.1392571953163338,100,LHb.4,NA
5,Microglia,0.7480448325246959,100,LHb.4,NA
1,Oligo,-2.469301208422324,100,LHb.4,NA
2,Oligo,-3.501225294698666,100,LHb.4,NA
3,Oligo,-4.105995395560056,100,LHb.4,NA
4,Oligo,-3.9934678342592647,100,LHb.4,NA
5,Oligo,-3.809108727240748,100,LHb.4,NA
1,OPC,1.6494667357549948,100,LHb.4,NA
2,OPC,1.6695112653864619,100,LHb.4,NA
3,OPC,1.031757135843539,100,LHb.4,NA
4,OPC,1.0713965861894255,100,LHb.4,NA
5,OPC,1.091227229183016,100,LHb.4,NA
1,Astrocyte,-9.35474937631616,200,LHb.4,NA
2,Astrocyte,-8.261392662675128,200,LHb.4,NA
3,Astrocyte,-8.946749894179558,200,LHb.4,NA
4,Astrocyte,-8.76902523574001,200,LHb.4,NA
5,Astrocyte,-8.751241605589176,200,LHb.4,NA
1,C17,4.346401550465121,200,LHb.4,NA
2,C17,1.983024596346254,200,LHb.4,NA
3,C17,1.201373859701708,200,LHb.4,NA
4,C17,0.9751518968330597,200,LHb.4,NA
5,C17,1.7438891347189063,200,LHb.4,NA
1,Endo,-4.060347040637357,200,LHb.4,NA
2,Endo,-2.892944912880442,200,LHb.4,NA
3,Endo,-2.45601617417364,200,LHb.4,NA
4,Endo,-3.4362991966573393,200,LHb.4,NA
5,Endo,-2.856610813170731,200,LHb.4,NA
1,Excit.Thal,2.9211286522023325,200,LHb.4,NA
2,Excit.Thal,3.0589789351241525,200,LHb.4,NA
3,Excit.Thal,3.1050181897283196,200,LHb.4,NA
4,Excit.Thal,3.0589789351241525,200,LHb.4,NA
5,Excit.Thal,3.1050181897283196,200,LHb.4,NA
1,LHb.4,7.997550167372244,200,LHb.4,NA
2,LHb.4,7.3983082360135715,200,LHb.4,NA
3,LHb.4,7.828259775839464,200,LHb.4,NA
4,LHb.4,7.616749465562899,200,LHb.4,NA
5,LHb.4,7.292654302810217,200,LHb.4,NA
1,LHb.7,8.937551738058863,200,LHb.4,NA
2,LHb.7,8.726037206496947,200,LHb.4,NA
3,LHb.7,8.493775730806446,200,LHb.4,NA
4,LHb.7,9.787144219658916,200,LHb.4,NA
5,LHb.7,9.595489833324567,200,LHb.4,NA
1,MHb.1,-4.526931828806639,200,LHb.4,NA
2,MHb.1,-4.287979835806941,200,LHb.4,NA
3,MHb.1,-5.8340293782317465,200,LHb.4,NA
4,MHb.1,-6.855772503996337,200,LHb.4,NA
5,MHb.1,-7.0688436203437846,200,LHb.4,NA
1,MHb.2,-0.7741575622521364,200,LHb.4,NA
2,MHb.2,-0.4499487845447729,200,LHb.4,NA
3,MHb.2,-0.644663390950583,200,LHb.4,NA
4,MHb.2,-1.0162833045421618,200,LHb.4,NA
5,MHb.2,-0.644663390950583,200,LHb.4,NA
1,Microglia,0.31145474025126324,200,LHb.4,NA
2,Microglia,0.32159118269964865,200,LHb.4,NA
3,Microglia,0.6565427017544369,200,LHb.4,NA
4,Microglia,0.5752621601276504,200,LHb.4,NA
5,Microglia,0.2303919199173441,200,LHb.4,NA
1,Oligo,-8.446276735644085,200,LHb.4,NA
2,Oligo,-9.449490276575284,200,LHb.4,NA
3,Oligo,-9.459286513194707,200,LHb.4,NA
4,Oligo,-8.889851080352994,200,LHb.4,NA
5,Oligo,-9.057019667616084,200,LHb.4,NA
1,OPC,1.9710794277292425,200,LHb.4,NA
2,OPC,1.5893779106672439,200,LHb.4,NA
3,OPC,2.19331062206911,200,LHb.4,NA
4,OPC,1.6895632664412386,200,LHb.4,NA
5,OPC,2.4164666021692423,200,LHb.4,NA
1,Astrocyte,-16.117992962030456,500,LHb.4,NA
2,Astrocyte,-19.788141281462217,500,LHb.4,NA
3,Astrocyte,-19.09722403890374,500,LHb.4,NA
4,Astrocyte,-18.99709799237957,500,LHb.4,NA
5,Astrocyte,-15.18974949762454,500,LHb.4,NA
1,C17,2.7263020197555967,500,LHb.4,NA
2,C17,1.586720890698673,500,LHb.4,NA
3,C17,-2.9892849666028245,500,LHb.4,NA
4,C17,-0.8477770488282974,500,LHb.4,NA
5,C17,-0.3793384479229078,500,LHb.4,NA
1,Endo,-5.320007762506798,500,LHb.4,NA
2,Endo,-3.3399289937563412,500,LHb.4,NA
3,Endo,-3.6407633965905366,500,LHb.4,NA
4,Endo,-3.3399289937563412,500,LHb.4,NA
5,Endo,-4.834734797268795,500,LHb.4,NA
1,Excit.Thal,6.07553507993583,500,LHb.4,NA
2,Excit.Thal,5.490416402431759,500,LHb.4,NA
3,Excit.Thal,5.78205881126715,500,LHb.4,NA
4,Excit.Thal,5.393605323221807,500,LHb.4,NA
5,Excit.Thal,5.6360099967700386,500,LHb.4,NA
1,LHb.4,17.3047044295481,500,LHb.4,NA
2,LHb.4,19.14007330975028,500,LHb.4,NA
3,LHb.4,17.92024747710636,500,LHb.4,NA
4,LHb.4,16.820273925688436,500,LHb.4,NA
5,LHb.4,15.838994567304429,500,LHb.4,NA
1,LHb.7,14.831203764041618,500,LHb.4,NA
2,LHb.7,15.36486495354742,500,LHb.4,NA
3,LHb.7,15.298030836654041,500,LHb.4,NA
4,LHb.7,16.562882748807457,500,LHb.4,NA
5,LHb.7,14.953297361038553,500,LHb.4,NA
1,MHb.1,-14.590693000244341,500,LHb.4,NA
2,MHb.1,-13.664231134909189,500,LHb.4,NA
3,MHb.1,-15.25851718945988,500,LHb.4,NA
4,MHb.1,-14.564670035701766,500,LHb.4,NA
5,MHb.1,-14.407992761758836,500,LHb.4,NA
1,MHb.2,-5.984690481749176,500,LHb.4,NA
2,MHb.2,-6.253694626796547,500,LHb.4,NA
3,MHb.2,-2.8754101895329,500,LHb.4,NA
4,MHb.2,-2.545484819005666,500,LHb.4,NA
5,MHb.2,-5.0348044119833215,500,LHb.4,NA
1,Microglia,1.5131130069724774,500,LHb.4,NA
2,Microglia,2.3445646760385666,500,LHb.4,NA
3,Microglia,2.2416222235915186,500,LHb.4,NA
4,Microglia,1.410839343822083,500,LHb.4,NA
5,Microglia,1.2882188248402613,500,LHb.4,NA
1,Oligo,-14.124519132786592,500,LHb.4,NA
2,Oligo,-14.868824262325068,500,LHb.4,NA
3,Oligo,-14.643150776940146,500,LHb.4,NA
4,Oligo,-14.501908397124383,500,LHb.4,NA
5,Oligo,-14.096171197244434,500,LHb.4,NA
1,OPC,2.9271263634903093,500,LHb.4,NA
2,OPC,2.701834989736065,500,LHb.4,NA
3,OPC,2.6814009727699313,500,LHb.4,NA
4,OPC,2.701834989736065,500,LHb.4,NA
5,OPC,3.963351468137909,500,LHb.4,NA
1,Astrocyte,-30.56422717479811,1000,LHb.4,NA
2,Astrocyte,-31.927423889993708,1000,LHb.4,NA
3,Astrocyte,-27.839181485735022,1000,LHb.4,NA
4,Astrocyte,-31.70220491133896,1000,LHb.4,NA
5,Astrocyte,-33.458023956328226,1000,LHb.4,NA
1,C17,-11.400632823814606,1000,LHb.4,NA
2,C17,-12.674575374107565,1000,LHb.4,NA
3,C17,-7.213540600988032,1000,LHb.4,NA
4,C17,-2.6432981469783146,1000,LHb.4,NA
5,C17,-7.603019304647973,1000,LHb.4,NA
1,Endo,-3.8807507412644338,1000,LHb.4,NA
2,Endo,-3.4122157700187628,1000,LHb.4,NA
3,Endo,-3.5566252666101934,1000,LHb.4,NA
4,Endo,-3.0623208291010453,1000,LHb.4,NA
5,Endo,-2.868723722053363,1000,LHb.4,NA
1,Excit.Thal,9.038693612552276,1000,LHb.4,NA
2,Excit.Thal,8.10653581474694,1000,LHb.4,NA
3,Excit.Thal,7.978549922506599,1000,LHb.4,NA
4,Excit.Thal,8.004118693532389,1000,LHb.4,NA
5,Excit.Thal,8.415160414168525,1000,LHb.4,NA
1,LHb.4,31.283326769495286,1000,LHb.4,NA
2,LHb.4,33.55026247423881,1000,LHb.4,NA
3,LHb.4,30.2201675837849,1000,LHb.4,NA
4,LHb.4,31.50245171054909,1000,LHb.4,NA
5,LHb.4,31.668790142087747,1000,LHb.4,NA
1,LHb.7,21.652366986346642,1000,LHb.4,NA
2,LHb.7,20.4148947306809,1000,LHb.4,NA
3,LHb.7,20.32201640843847,1000,LHb.4,NA
4,LHb.7,21.148832367393634,1000,LHb.4,NA
5,LHb.7,23.223395535013736,1000,LHb.4,NA
1,MHb.1,-26.948946410259374,1000,LHb.4,NA
2,MHb.1,-21.65445073049017,1000,LHb.4,NA
3,MHb.1,-25.390863886909013,1000,LHb.4,NA
4,MHb.1,-31.89644871869022,1000,LHb.4,NA
5,MHb.1,-34.650183667316604,1000,LHb.4,NA
1,MHb.2,-14.306228350703519,1000,LHb.4,NA
2,MHb.2,-11.882703061977818,1000,LHb.4,NA
3,MHb.2,-11.606794973171578,1000,LHb.4,NA
4,MHb.2,-11.951514668328949,1000,LHb.4,NA
5,MHb.2,-11.37143503222151,1000,LHb.4,NA
1,Microglia,6.6072545579694895,1000,LHb.4,NA
2,Microglia,4.903680876073268,1000,LHb.4,NA
3,Microglia,5.409149361345192,1000,LHb.4,NA
4,Microglia,7.838560006401809,1000,LHb.4,NA
5,Microglia,9.288996580537775,1000,LHb.4,NA
1,Oligo,-14.643150776940146,1000,LHb.4,NA
2,Oligo,-16.966042764851597,1000,LHb.4,NA
3,Oligo,-17.57503225518304,1000,LHb.4,NA
4,Oligo,-15.552888501967805,1000,LHb.4,NA
5,Oligo,-14.737228327165813,1000,LHb.4,NA
1,OPC,4.42577227608741,1000,LHb.4,NA
2,OPC,3.691985436441901,1000,LHb.4,NA
3,OPC,3.504925057296215,1000,LHb.4,NA
4,OPC,5.427430835936965,1000,LHb.4,NA
5,OPC,5.902916509228068,1000,LHb.4,NA
1,Astrocyte,-48.31169305196265,5000,LHb.4,NA
2,Astrocyte,-45.86896079498564,5000,LHb.4,NA
3,Astrocyte,-44.95408617336404,5000,LHb.4,NA
4,Astrocyte,-46.63566365914107,5000,LHb.4,NA
5,Astrocyte,-42.98047320433608,5000,LHb.4,NA
1,C17,-18.3573789831247,5000,LHb.4,NA
2,C17,-19.880943028481962,5000,LHb.4,NA
3,C17,-17.46697607404797,5000,LHb.4,NA
4,C17,-17.46697607404797,5000,LHb.4,NA
5,C17,-12.900486352078293,5000,LHb.4,NA
1,Endo,0.021342146339050884,5000,LHb.4,NA
2,Endo,-0.5638120226177452,5000,LHb.4,NA
3,Endo,2.2841578725361296,5000,LHb.4,NA
4,Endo,1.5575949353373062,5000,LHb.4,NA
5,Endo,-1.0342614099574685,5000,LHb.4,NA
1,Excit.Thal,13.921433326061425,5000,LHb.4,NA
2,Excit.Thal,10.934667470199653,5000,LHb.4,NA
3,Excit.Thal,11.125938647505162,5000,LHb.4,NA
4,Excit.Thal,12.600943342582159,5000,LHb.4,NA
5,Excit.Thal,12.403351246200588,5000,LHb.4,NA
1,LHb.4,61.25061351464015,5000,LHb.4,NA
2,LHb.4,57.056012794054695,5000,LHb.4,NA
3,LHb.4,50.12871726444478,5000,LHb.4,NA
4,LHb.4,52.7676998708853,5000,LHb.4,NA
5,LHb.4,54.586066470746204,5000,LHb.4,NA
1,LHb.7,27.534247426999094,5000,LHb.4,NA
2,LHb.7,25.12925574547001,5000,LHb.4,NA
3,LHb.7,28.016288075137744,5000,LHb.4,NA
4,LHb.7,29.977314219461647,5000,LHb.4,NA
5,LHb.7,28.55009456639061,5000,LHb.4,NA
1,MHb.1,-57.88299831367055,5000,LHb.4,NA
2,MHb.1,-50.01986866713111,5000,LHb.4,NA
3,MHb.1,-51.36786042065048,5000,LHb.4,NA
4,MHb.1,-53.714344565793105,5000,LHb.4,NA
5,MHb.1,-53.27173985993003,5000,LHb.4,NA
1,MHb.2,-29.63487226141565,5000,LHb.4,NA
2,MHb.2,-23.916887941948282,5000,LHb.4,NA
3,MHb.2,-24.233082062690826,5000,LHb.4,NA
4,MHb.2,-24.25645379201509,5000,LHb.4,NA
5,MHb.2,-26.877066930120517,5000,LHb.4,NA
1,Microglia,15.534100836668465,5000,LHb.4,NA
2,Microglia,13.84877227924081,5000,LHb.4,NA
3,Microglia,18.9196250690138,5000,LHb.4,NA
4,Microglia,17.06934591384656,5000,LHb.4,NA
5,Microglia,12.75697321740197,5000,LHb.4,NA
1,Oligo,-7.812716794021283,5000,LHb.4,NA
2,Oligo,-13.261891116651547,5000,LHb.4,NA
3,Oligo,-15.487446263017832,5000,LHb.4,NA
4,Oligo,-13.375970457102014,5000,LHb.4,NA
5,Oligo,-12.06758065909434,5000,LHb.4,NA
1,OPC,9.011480746234295,5000,LHb.4,NA
2,OPC,8.415713417656594,5000,LHb.4,NA
3,OPC,10.936850054379187,5000,LHb.4,NA
4,OPC,9.173059642331502,5000,LHb.4,NA
5,OPC,6.22959741498264,5000,LHb.4,NA
1,Astrocyte,-2.6425932503842313,100,LHb.7,NA
2,Astrocyte,-2.5259365641818188,100,LHb.7,NA
3,Astrocyte,-2.379986054788614,100,LHb.7,NA
4,Astrocyte,-2.49675799873971,100,LHb.7,NA
5,Astrocyte,-3.456628051965577,100,LHb.7,NA
1,C17,0.4542202237519226,100,LHb.7,NA
2,C17,0.4542202237519226,100,LHb.7,NA
3,C17,-0.36971234239149875,100,LHb.7,NA
4,C17,0.4542202237519226,100,LHb.7,NA
5,C17,-0.36971234239149875,100,LHb.7,NA
1,Endo,-2.4904273247256428,100,LHb.7,NA
2,Endo,-2.893782544459349,100,LHb.7,NA
3,Endo,-1.6913391672696283,100,LHb.7,NA
4,Endo,-1.6781791185637747,100,LHb.7,NA
5,Endo,-1.809691578014693,100,LHb.7,NA
1,Excit.Thal,1.715682905487963,100,LHb.7,NA
2,Excit.Thal,1.8926070775490256,100,LHb.7,NA
3,Excit.Thal,1.614914003947678,100,LHb.7,NA
4,Excit.Thal,0.6693395018663272,100,LHb.7,NA
5,Excit.Thal,1.1146259027710324,100,LHb.7,NA
1,LHb.4,2.4125793418944377,100,LHb.7,NA
2,LHb.4,2.6760229109812657,100,LHb.7,NA
3,LHb.4,2.3616268677415153,100,LHb.7,NA
4,LHb.4,2.073119583879522,100,LHb.7,NA
5,LHb.4,2.6250090604623786,100,LHb.7,NA
1,LHb.7,2.7246148159173265,100,LHb.7,NA
2,LHb.7,3.0611554199006563,100,LHb.7,NA
3,LHb.7,2.8687583124569214,100,LHb.7,NA
4,LHb.7,2.7054056541185956,100,LHb.7,NA
5,LHb.7,3.1670743714535656,100,LHb.7,NA
1,MHb.1,-3.9688730739961127,100,LHb.7,NA
2,MHb.1,-5.063616917166416,100,LHb.7,NA
3,MHb.1,-4.462393643088065,100,LHb.7,NA
4,MHb.1,-3.5061035970127485,100,LHb.7,NA
5,MHb.1,-4.175906828416423,100,LHb.7,NA
1,MHb.2,1.1792012613698692,100,LHb.7,NA
2,MHb.2,0.869571995617157,100,LHb.7,NA
3,MHb.2,1.0579120834540483,100,LHb.7,NA
4,MHb.2,1.5440774099499335,100,LHb.7,NA
5,MHb.2,1.5034605821594793,100,LHb.7,NA
1,Microglia,1.3678374445417603,100,LHb.7,NA
2,Microglia,1.2616123801337618,100,LHb.7,NA
3,Microglia,1.0706297916396315,100,LHb.7,NA
4,Microglia,1.2403779772766492,100,LHb.7,NA
5,Microglia,1.548623439725446,100,LHb.7,NA
1,Oligo,-3.930730365909826,100,LHb.7,NA
2,Oligo,-4.289935898653692,100,LHb.7,NA
3,Oligo,-4.740105109346021,100,LHb.7,NA
4,Oligo,-4.521032114635695,100,LHb.7,NA
5,Oligo,-4.5787270420436545,100,LHb.7,NA
1,OPC,0.3906846740795688,100,LHb.7,NA
2,OPC,1.2363694433700365,100,LHb.7,NA
3,OPC,1.0292384415063507,100,LHb.7,NA
4,OPC,1.121182268182514,100,LHb.7,NA
5,OPC,0.5495019794104119,100,LHb.7,NA
1,Astrocyte,-7.103787083814658,200,LHb.7,NA
2,Astrocyte,-6.4325255815779885,200,LHb.7,NA
3,Astrocyte,-6.829966083086125,200,LHb.7,NA
4,Astrocyte,-6.29033104192993,200,LHb.7,NA
5,Astrocyte,-6.905551882742222,200,LHb.7,NA
1,C17,1.7375070095227663,200,LHb.7,NA
2,C17,-1.2551124405583811,200,LHb.7,NA
3,C17,-0.36971234239149875,200,LHb.7,NA
4,C17,-0.9906840729785951,200,LHb.7,NA
5,C17,0.4542202237519226,200,LHb.7,NA
1,Endo,-4.399924643420129,200,LHb.7,NA
2,Endo,-3.695062175741007,200,LHb.7,NA
3,Endo,-3.630708341495962,200,LHb.7,NA
4,Endo,-4.054592494581766,200,LHb.7,NA
5,Endo,-3.990496218082441,200,LHb.7,NA
1,Excit.Thal,1.8419818625887672,200,LHb.7,NA
2,Excit.Thal,3.335347695047668,200,LHb.7,NA
3,Excit.Thal,2.350981662900492,200,LHb.7,NA
4,Excit.Thal,2.840284866061147,200,LHb.7,NA
5,Excit.Thal,2.5048855196335738,200,LHb.7,NA
1,LHb.4,5.474605196603889,200,LHb.7,NA
2,LHb.4,5.070113853385952,200,LHb.7,NA
3,LHb.4,5.087310642836878,200,LHb.7,NA
4,LHb.4,5.1131084225876595,200,LHb.7,NA
5,LHb.4,4.881040403229985,200,LHb.7,NA
1,LHb.7,9.880127963746892,200,LHb.7,NA
2,LHb.7,9.407872014523015,200,LHb.7,NA
3,LHb.7,8.887101470519507,200,LHb.7,NA
4,LHb.7,9.357719436881364,200,LHb.7,NA
5,LHb.7,10.394268055925117,200,LHb.7,NA
1,MHb.1,-9.35944269881217,200,LHb.7,NA
2,MHb.1,-9.097098618688575,200,LHb.7,NA
3,MHb.1,-8.630713002337025,200,LHb.7,NA
4,MHb.1,-9.457063850185252,200,LHb.7,NA
5,MHb.1,-10.002687629587454,200,LHb.7,NA
1,MHb.2,1.6660409726452257,200,LHb.7,NA
2,MHb.2,2.169240242077108,200,LHb.7,NA
3,MHb.2,2.7165219295995104,200,LHb.7,NA
4,MHb.2,1.0175195246823137,200,LHb.7,NA
5,MHb.2,1.9104789540533635,200,LHb.7,NA
1,Microglia,1.1660853765415802,200,LHb.7,NA
2,Microglia,1.2085329963496878,200,LHb.7,NA
3,Microglia,1.5699092572897573,200,LHb.7,NA
4,Microglia,1.4635157253688886,200,LHb.7,NA
5,Microglia,1.5379818650334147,200,LHb.7,NA
1,Oligo,-8.574892121307402,200,LHb.7,NA
2,Oligo,-9.394129390044316,200,LHb.7,NA
3,Oligo,-9.405158067336474,200,LHb.7,NA
4,Oligo,-8.796916962663476,200,LHb.7,NA
5,Oligo,-9.26169821595359,200,LHb.7,NA
1,OPC,1.7699598805039127,200,LHb.7,NA
2,OPC,0.436005737532983,200,LHb.7,NA
3,OPC,1.2363694433700365,200,LHb.7,NA
4,OPC,1.560428570377357,200,LHb.7,NA
5,OPC,1.0751875370988373,200,LHb.7,NA
1,Astrocyte,-10.85039242352625,500,LHb.7,NA
2,Astrocyte,-16.069034743477943,500,LHb.7,NA
3,Astrocyte,-15.398935671950518,500,LHb.7,NA
4,Astrocyte,-14.113650224602713,500,LHb.7,NA
5,Astrocyte,-11.356085868957994,500,LHb.7,NA
1,C17,-1.721362893799018,500,LHb.7,NA
2,C17,-2.487763295362448,500,LHb.7,NA
3,C17,-9.687302094960362,500,LHb.7,NA
4,C17,-8.659824195259844,500,LHb.7,NA
5,C17,-7.755265419619074,500,LHb.7,NA
1,Endo,-6.1320996547777895,500,LHb.7,NA
2,Endo,-3.5405352108669015,500,LHb.7,NA
3,Endo,-4.080218201347625,500,LHb.7,NA
4,Endo,-4.667603266382619,500,LHb.7,NA
5,Endo,-5.755611449706887,500,LHb.7,NA
1,Excit.Thal,4.397122940981551,500,LHb.7,NA
2,Excit.Thal,4.049075628151099,500,LHb.7,NA
3,Excit.Thal,3.545556047617058,500,LHb.7,NA
4,Excit.Thal,4.5857450254977286,500,LHb.7,NA
5,Excit.Thal,4.558746587326824,500,LHb.7,NA
1,LHb.4,9.703433947216991,500,LHb.7,NA
2,LHb.4,12.500361238015378,500,LHb.7,NA
3,LHb.4,11.975204865976231,500,LHb.7,NA
4,LHb.4,10.787533428555664,500,LHb.7,NA
5,LHb.4,9.29069557024811,500,LHb.7,NA
1,LHb.7,17.90475886711263,500,LHb.7,NA
2,LHb.7,18.854309502029707,500,LHb.7,NA
3,LHb.7,18.20280893185236,500,LHb.7,NA
4,LHb.7,20.24205722686872,500,LHb.7,NA
5,LHb.7,17.830343933531672,500,LHb.7,NA
1,MHb.1,-19.381772608720926,500,LHb.7,NA
2,MHb.1,-19.668246056454176,500,LHb.7,NA
3,MHb.1,-21.331249360312178,500,LHb.7,NA
4,MHb.1,-21.206541401742346,500,LHb.7,NA
5,MHb.1,-18.229672178114747,500,LHb.7,NA
1,MHb.2,-0.3979354075057263,500,LHb.7,NA
2,MHb.2,-1.9475189889224798,500,LHb.7,NA
3,MHb.2,0.9636916275587037,500,LHb.7,NA
4,MHb.2,2.305738963719851,500,LHb.7,NA
5,MHb.2,2.0874433308348554,500,LHb.7,NA
1,Microglia,3.1873900089413727,500,LHb.7,NA
2,Microglia,3.457194347542333,500,LHb.7,NA
3,Microglia,3.716752310621591,500,LHb.7,NA
4,Microglia,2.8428814742829873,500,LHb.7,NA
5,Microglia,2.961200167552837,500,LHb.7,NA
1,Oligo,-13.825908004572163,500,LHb.7,NA
2,Oligo,-13.006939109835505,500,LHb.7,NA
3,Oligo,-12.49337293112483,500,LHb.7,NA
4,Oligo,-14.607408641795883,500,LHb.7,NA
5,Oligo,-14.396723341273416,500,LHb.7,NA
1,OPC,2.121310198284181,500,LHb.7,NA
2,OPC,2.428000475059684,500,LHb.7,NA
3,OPC,2.0038951826486424,500,LHb.7,NA
4,OPC,1.1672227401020432,500,LHb.7,NA
5,OPC,1.4676080747355331,500,LHb.7,NA
1,Astrocyte,-23.01313528389693,1000,LHb.7,NA
2,Astrocyte,-23.696746453851453,1000,LHb.7,NA
3,Astrocyte,-20.824902299188377,1000,LHb.7,NA
4,Astrocyte,-22.412801214656724,1000,LHb.7,NA
5,Astrocyte,-24.674868111050202,1000,LHb.7,NA
1,C17,-18.479217942750385,1000,LHb.7,NA
2,C17,-19.06674958016661,1000,LHb.7,NA
3,C17,-13.057308221919657,1000,LHb.7,NA
4,C17,-8.30955286287502,1000,LHb.7,NA
5,C17,-13.433811247975143,1000,LHb.7,NA
1,Endo,-3.4373688380148355,1000,LHb.7,NA
2,Endo,-3.476070169448886,1000,LHb.7,NA
3,Endo,-3.3599158976780017,1000,LHb.7,NA
4,Endo,-1.9803661451962253,1000,LHb.7,NA
5,Endo,-2.1507125479753557,1000,LHb.7,NA
1,Excit.Thal,6.97611488401124,1000,LHb.7,NA
2,Excit.Thal,6.690930955551447,1000,LHb.7,NA
3,Excit.Thal,6.4077151822310645,1000,LHb.7,NA
4,Excit.Thal,7.668772963810443,1000,LHb.7,NA
5,Excit.Thal,6.549078955085098,1000,LHb.7,NA
1,LHb.4,17.500646570294784,1000,LHb.7,NA
2,LHb.4,19.864785800375596,1000,LHb.7,NA
3,LHb.4,19.735241212496224,1000,LHb.7,NA
4,LHb.4,19.82776401399935,1000,LHb.7,NA
5,LHb.4,17.9124962135677,1000,LHb.7,NA
1,LHb.7,27.283199039333113,1000,LHb.7,NA
2,LHb.7,25.36243259178651,1000,LHb.7,NA
3,LHb.7,24.981515853349986,1000,LHb.7,NA
4,LHb.7,26.4663725917538,1000,LHb.7,NA
5,LHb.7,29.995907005024698,1000,LHb.7,NA
1,MHb.1,-31.917453327260752,1000,LHb.7,NA
2,MHb.1,-27.979160514215454,1000,LHb.7,NA
3,MHb.1,-30.864753673047147,1000,LHb.7,NA
4,MHb.1,-37.34810639502584,1000,LHb.7,NA
5,MHb.1,-39.51169429051449,1000,LHb.7,NA
1,MHb.2,-2.609031191862953,1000,LHb.7,NA
2,MHb.2,-0.42442557232721495,1000,LHb.7,NA
3,MHb.2,-2.583181095972689,1000,LHb.7,NA
4,MHb.2,-3.3939181424796896,1000,LHb.7,NA
5,MHb.2,-0.23882802597161124,1000,LHb.7,NA
1,Microglia,8.045892731858011,1000,LHb.7,NA
2,Microglia,5.978101211918703,1000,LHb.7,NA
3,Microglia,6.000151904984752,1000,LHb.7,NA
4,Microglia,8.94612091668846,1000,LHb.7,NA
5,Microglia,10.366237028338054,1000,LHb.7,NA
1,Oligo,-13.369296989847134,1000,LHb.7,NA
2,Oligo,-14.964679534649164,1000,LHb.7,NA
3,Oligo,-16.393054908686228,1000,LHb.7,NA
4,Oligo,-16.579411159368806,1000,LHb.7,NA
5,Oligo,-15.258063393407959,1000,LHb.7,NA
1,OPC,3.578525271440957,1000,LHb.7,NA
2,OPC,2.4516771032723215,1000,LHb.7,NA
3,OPC,2.428000475059684,1000,LHb.7,NA
4,OPC,3.7487599722000553,1000,LHb.7,NA
5,OPC,3.7487599722000553,1000,LHb.7,NA
1,Astrocyte,-38.42910148875832,5000,LHb.7,NA
2,Astrocyte,-36.19695935835291,5000,LHb.7,NA
3,Astrocyte,-35.46085922526277,5000,LHb.7,NA
4,Astrocyte,-38.1761120458281,5000,LHb.7,NA
5,Astrocyte,-33.16333267794153,5000,LHb.7,NA
1,C17,-23.161475359058517,5000,LHb.7,NA
2,C17,-23.67791830683163,5000,LHb.7,NA
3,C17,-19.890974565492062,5000,LHb.7,NA
4,C17,-21.910503607897585,5000,LHb.7,NA
5,C17,-18.533384824014817,5000,LHb.7,NA
1,Endo,3.415833587680441,5000,LHb.7,NA
2,Endo,1.170799049364161,5000,LHb.7,NA
3,Endo,2.4997481638298478,5000,LHb.7,NA
4,Endo,1.102845892467241,5000,LHb.7,NA
5,Endo,1.7574035841581126,5000,LHb.7,NA
1,Excit.Thal,11.225845431234168,5000,LHb.7,NA
2,Excit.Thal,9.030201832598292,5000,LHb.7,NA
3,Excit.Thal,9.57562766334749,5000,LHb.7,NA
4,Excit.Thal,10.15946141552077,5000,LHb.7,NA
5,Excit.Thal,11.0355889841448,5000,LHb.7,NA
1,LHb.4,27.460039678616354,5000,LHb.7,NA
2,LHb.4,23.415593770545488,5000,LHb.7,NA
3,LHb.4,17.427521038904604,5000,LHb.7,NA
4,LHb.4,25.397962870764356,5000,LHb.7,NA
5,LHb.4,29.907572453713577,5000,LHb.7,NA
1,LHb.7,40.522265047386774,5000,LHb.7,NA
2,LHb.7,39.368947669064724,5000,LHb.7,NA
3,LHb.7,42.8737425400334,5000,LHb.7,NA
4,LHb.7,43.55558597218005,5000,LHb.7,NA
5,LHb.7,39.044895704334266,5000,LHb.7,NA
1,MHb.1,-55.27834104960745,5000,LHb.7,NA
2,MHb.1,-43.38966134673531,5000,LHb.7,NA
3,MHb.1,-49.03361620299728,5000,LHb.7,NA
4,MHb.1,-52.78892393905388,5000,LHb.7,NA
5,MHb.1,-53.47995196825712,5000,LHb.7,NA
1,MHb.2,-4.00677862178293,5000,LHb.7,NA
2,MHb.2,3.032773641228846,5000,LHb.7,NA
3,MHb.2,-3.0344898724676845,5000,LHb.7,NA
4,MHb.2,-6.107462717249113,5000,LHb.7,NA
5,MHb.2,-11.507009534552887,5000,LHb.7,NA
1,Microglia,22.73013812620006,5000,LHb.7,NA
2,Microglia,17.988297308597993,5000,LHb.7,NA
3,Microglia,22.565039444480032,5000,LHb.7,NA
4,Microglia,19.3495770618198,5000,LHb.7,NA
5,Microglia,18.685320198345558,5000,LHb.7,NA
1,Oligo,-14.206771306724548,5000,LHb.7,NA
2,Oligo,-20.994889250872724,5000,LHb.7,NA
3,Oligo,-15.414923647266752,5000,LHb.7,NA
4,Oligo,-10.0429246571277,5000,LHb.7,NA
5,Oligo,-14.217332557907044,5000,LHb.7,NA
1,OPC,8.254870435110004,5000,LHb.7,NA
2,OPC,5.335551171172607,5000,LHb.7,NA
3,OPC,6.356416670544436,5000,LHb.7,NA
4,OPC,5.360792270295492,5000,LHb.7,NA
5,OPC,5.588601261667622,5000,LHb.7,NA
1,Astrocyte,-2.1154886671541835,100,MHb.1,NA
2,Astrocyte,-2.008135589659241,100,MHb.1,NA
3,Astrocyte,-1.4077558680088067,100,MHb.1,NA
4,Astrocyte,-1.5158016263491967,100,MHb.1,NA
5,Astrocyte,-1.5003742031432732,100,MHb.1,NA
1,C17,-0.4441919623098965,100,MHb.1,NA
2,C17,0.0027347626343411785,100,MHb.1,NA
3,C17,-0.4441919623098965,100,MHb.1,NA
4,C17,0.0027347626343411785,100,MHb.1,NA
5,C17,0.0027347626343411785,100,MHb.1,NA
1,Endo,-2.137865805276426,100,MHb.1,NA
2,Endo,-2.3184465529524982,100,MHb.1,NA
3,Endo,-2.0472135490234558,100,MHb.1,NA
4,Endo,-1.9563179710940255,100,MHb.1,NA
5,Endo,-2.527918140502474,100,MHb.1,NA
1,Excit.Thal,-0.1784146858608342,100,MHb.1,NA
2,Excit.Thal,-0.6997289421164324,100,MHb.1,NA
3,Excit.Thal,-0.3578304458749218,100,MHb.1,NA
4,Excit.Thal,-0.3578304458749218,100,MHb.1,NA
5,Excit.Thal,-0.6997289421164324,100,MHb.1,NA
1,LHb.4,-1.7215721407328755,100,MHb.1,NA
2,LHb.4,-2.35675117251668,100,MHb.1,NA
3,LHb.4,-3.3983009011866914,100,MHb.1,NA
4,LHb.4,-3.8695094634725127,100,MHb.1,NA
5,LHb.4,-2.8584252972692483,100,MHb.1,NA
1,LHb.7,-1.5351998607620543,100,MHb.1,NA
2,LHb.7,-1.3706670865805877,100,MHb.1,NA
3,LHb.7,-0.7857528409996091,100,MHb.1,NA
4,LHb.7,-1.1634047120577964,100,MHb.1,NA
5,LHb.7,-0.4878347868206009,100,MHb.1,NA
1,MHb.1,1.915513835203473,100,MHb.1,NA
2,MHb.1,1.915513835203473,100,MHb.1,NA
3,MHb.1,1.5100753281711279,100,MHb.1,NA
4,MHb.1,1.6001746768920095,100,MHb.1,NA
5,MHb.1,1.7803700075158797,100,MHb.1,NA
1,MHb.2,1.930058937917304,100,MHb.1,NA
2,MHb.2,1.7365363314645956,100,MHb.1,NA
3,MHb.2,1.8655255919150875,100,MHb.1,NA
4,MHb.2,2.0204491034935512,100,MHb.1,NA
5,MHb.2,1.6720803202629286,100,MHb.1,NA
1,Microglia,-1.5905301778026744,100,MHb.1,NA
2,Microglia,-0.8109059093035613,100,MHb.1,NA
3,Microglia,-1.1709473446796166,100,MHb.1,NA
4,Microglia,-1.7955024589091817,100,MHb.1,NA
5,Microglia,-1.5215063425565454,100,MHb.1,NA
1,Oligo,-1.4722146500970197,100,MHb.1,NA
2,Oligo,-0.7768957701999756,100,MHb.1,NA
3,Oligo,-1.4722146500970197,100,MHb.1,NA
4,Oligo,-0.7768957701999756,100,MHb.1,NA
5,Oligo,-1.2230423807145032,100,MHb.1,NA
1,OPC,-0.9555569548322653,100,MHb.1,NA
2,OPC,-0.7778150032878256,100,MHb.1,NA
3,OPC,-1.1271613219794587,100,MHb.1,NA
4,OPC,-1.2931018169721589,100,MHb.1,NA
5,OPC,-1.4537994459061272,100,MHb.1,NA
1,Astrocyte,-7.000564003701496,200,MHb.1,NA
2,Astrocyte,-7.8999334863862485,200,MHb.1,NA
3,Astrocyte,-7.378701645821687,200,MHb.1,NA
4,Astrocyte,-6.034167172701697,200,MHb.1,NA
5,Astrocyte,-6.004734383149322,200,MHb.1,NA
1,C17,0.5797466845727927,200,MHb.1,NA
2,C17,-0.4441919623098965,200,MHb.1,NA
3,C17,-0.4441919623098965,200,MHb.1,NA
4,C17,-0.4441919623098965,200,MHb.1,NA
5,C17,0.0027347626343411785,200,MHb.1,NA
1,Endo,-6.4710858752006075,200,MHb.1,NA
2,Endo,-5.002348981587124,200,MHb.1,NA
3,Endo,-4.130647360411847,200,MHb.1,NA
4,Endo,-5.6626464629527415,200,MHb.1,NA
5,Endo,-6.84218779716675,200,MHb.1,NA
1,Excit.Thal,-1.8899231203984992,200,MHb.1,NA
2,Excit.Thal,-2.4047061963101246,200,MHb.1,NA
3,Excit.Thal,-3.1040730410195505,200,MHb.1,NA
4,Excit.Thal,-2.7641299763009326,200,MHb.1,NA
5,Excit.Thal,-2.992764132828609,200,MHb.1,NA
1,LHb.4,-6.361740864024424,200,MHb.1,NA
2,LHb.4,-7.10495905937687,200,MHb.1,NA
3,LHb.4,-6.802657651252648,200,MHb.1,NA
4,LHb.4,-6.802657651252648,200,MHb.1,NA
5,LHb.4,-6.802657651252648,200,MHb.1,NA
1,LHb.7,-3.503062125927535,200,MHb.1,NA
2,LHb.7,-2.6957541868898267,200,MHb.1,NA
3,LHb.7,-2.420646578522939,200,MHb.1,NA
4,LHb.7,-3.236884475121931,200,MHb.1,NA
5,LHb.7,-3.6162688351675922,200,MHb.1,NA
1,MHb.1,8.16759401686217,200,MHb.1,NA
2,MHb.1,8.066120237929153,200,MHb.1,NA
3,MHb.1,7.88573446650003,200,MHb.1,NA
4,MHb.1,7.09671511122486,200,MHb.1,NA
5,MHb.1,7.682818320237703,200,MHb.1,NA
1,MHb.2,3.878312676487871,200,MHb.1,NA
2,MHb.2,3.917524486703028,200,MHb.1,NA
3,MHb.2,3.3434009171502583,200,MHb.1,NA
4,MHb.2,4.139911426349728,200,MHb.1,NA
5,MHb.2,3.839110720987473,200,MHb.1,NA
1,Microglia,-4.937354867134613,200,MHb.1,NA
2,Microglia,-4.100298730750356,200,MHb.1,NA
3,Microglia,-4.1576349939120805,200,MHb.1,NA
4,Microglia,-3.9849335780665354,200,MHb.1,NA
5,Microglia,-4.552725849935505,200,MHb.1,NA
1,Oligo,-2.4303160784534557,200,MHb.1,NA
2,Oligo,-2.546017043386292,200,MHb.1,NA
3,Oligo,-3.1120491646610717,200,MHb.1,NA
4,Oligo,-3.71216265356006,200,MHb.1,NA
5,Oligo,-2.018446024319493,200,MHb.1,NA
1,OPC,-1.6096299765957915,200,MHb.1,NA
2,OPC,-1.1271613219794587,200,MHb.1,NA
3,OPC,-1.760930139702979,200,MHb.1,NA
4,OPC,-2.051121367128535,200,MHb.1,NA
5,OPC,-1.4537994459061272,200,MHb.1,NA
1,Astrocyte,-17.9101254330934,500,MHb.1,NA
2,Astrocyte,-24.335297186755643,500,MHb.1,NA
3,Astrocyte,-25.480829706492557,500,MHb.1,NA
4,Astrocyte,-18.985038180639403,500,MHb.1,NA
5,Astrocyte,-14.285019222047989,500,MHb.1,NA
1,C17,-2.6680929074611024,500,MHb.1,NA
2,C17,-2.106414997938838,500,MHb.1,NA
3,C17,-7.885857752474059,500,MHb.1,NA
4,C17,-6.025379424740202,500,MHb.1,NA
5,C17,-6.107123631614963,500,MHb.1,NA
1,Endo,-6.815807300341995,500,MHb.1,NA
2,Endo,-9.510947921336955,500,MHb.1,NA
3,Endo,-7.702108419902314,500,MHb.1,NA
4,Endo,-8.69288667879141,500,MHb.1,NA
5,Endo,-7.183388240423482,500,MHb.1,NA
1,Excit.Thal,-5.097402131939869,500,MHb.1,NA
2,Excit.Thal,-4.403149578767027,500,MHb.1,NA
3,Excit.Thal,-4.1245314547543845,500,MHb.1,NA
4,Excit.Thal,-5.500713526593309,500,MHb.1,NA
5,Excit.Thal,-5.500713526593309,500,MHb.1,NA
1,LHb.4,-13.149349411872462,500,MHb.1,NA
2,LHb.4,-12.832145349401435,500,MHb.1,NA
3,LHb.4,-13.922602692178073,500,MHb.1,NA
4,LHb.4,-14.284319176959887,500,MHb.1,NA
5,LHb.4,-14.874486957402217,500,MHb.1,NA
1,LHb.7,-10.134290120920117,500,MHb.1,NA
2,LHb.7,-9.086962465243829,500,MHb.1,NA
3,LHb.7,-9.025890954508458,500,MHb.1,NA
4,LHb.7,-10.973143483296901,500,MHb.1,NA
5,LHb.7,-9.269361562814776,500,MHb.1,NA
1,MHb.1,19.131838263354382,500,MHb.1,NA
2,MHb.1,25.28596846234306,500,MHb.1,NA
3,MHb.1,28.920024912813716,500,MHb.1,NA
4,MHb.1,24.215098603623613,500,MHb.1,NA
5,MHb.1,18.414016046596576,500,MHb.1,NA
1,MHb.2,9.374208676423855,500,MHb.1,NA
2,MHb.2,10.244578164058257,500,MHb.1,NA
3,MHb.2,8.024701860148477,500,MHb.1,NA
4,MHb.2,7.020682989650949,500,MHb.1,NA
5,MHb.2,7.207582710547152,500,MHb.1,NA
1,Microglia,-8.628421068527013,500,MHb.1,NA
2,Microglia,-10.218745869902497,500,MHb.1,NA
3,Microglia,-11.313426318164877,500,MHb.1,NA
4,Microglia,-10.565757933003008,500,MHb.1,NA
5,Microglia,-8.41317986449028,500,MHb.1,NA
1,Oligo,-5.724514529219882,500,MHb.1,NA
2,Oligo,-6.0993503368321695,500,MHb.1,NA
3,Oligo,-6.1917819749621374,500,MHb.1,NA
4,Oligo,-4.030258236512097,500,MHb.1,NA
5,Oligo,-4.186986738581492,500,MHb.1,NA
1,OPC,-3.4219177481315977,500,MHb.1,NA
2,OPC,-3.7461673074677093,500,MHb.1,NA
3,OPC,-4.720978352772926,500,MHb.1,NA
4,OPC,-3.3098745034176433,500,MHb.1,NA
5,OPC,-3.95327730473241,500,MHb.1,NA
1,Astrocyte,-26.506020563701433,1000,MHb.1,NA
2,Astrocyte,-35.75813546351363,1000,MHb.1,NA
3,Astrocyte,-31.333278153496003,1000,MHb.1,NA
4,Astrocyte,-24.946640496029204,1000,MHb.1,NA
5,Astrocyte,-20.785472665701665,1000,MHb.1,NA
1,C17,-11.058231063491704,1000,MHb.1,NA
2,C17,-12.100050305870784,1000,MHb.1,NA
3,C17,-12.306218481089832,1000,MHb.1,NA
4,C17,-10.499423825475107,1000,MHb.1,NA
5,C17,-6.944752770341517,1000,MHb.1,NA
1,Endo,-6.868548967036176,1000,MHb.1,NA
2,Endo,-9.55995444954431,1000,MHb.1,NA
3,Endo,-9.9981529193367,1000,MHb.1,NA
4,Endo,-13.44463921240752,1000,MHb.1,NA
5,Endo,-11.840584860102801,1000,MHb.1,NA
1,Excit.Thal,-8.170959567282422,1000,MHb.1,NA
2,Excit.Thal,-7.00323738974382,1000,MHb.1,NA
3,Excit.Thal,-7.936936866636948,1000,MHb.1,NA
4,Excit.Thal,-8.054658786542756,1000,MHb.1,NA
5,Excit.Thal,-8.677928251691691,1000,MHb.1,NA
1,LHb.4,-20.859148436026047,1000,MHb.1,NA
2,LHb.4,-20.20928855034879,1000,MHb.1,NA
3,LHb.4,-19.03291271034069,1000,MHb.1,NA
4,LHb.4,-20.62881856747534,1000,MHb.1,NA
5,LHb.4,-21.828482501467537,1000,MHb.1,NA
1,LHb.7,-14.661304314565323,1000,MHb.1,NA
2,LHb.7,-13.29886232357496,1000,MHb.1,NA
3,LHb.7,-17.769200581130555,1000,MHb.1,NA
4,LHb.7,-20.185563421623005,1000,MHb.1,NA
5,LHb.7,-21.085648561293237,1000,MHb.1,NA
1,MHb.1,32.66835717222759,1000,MHb.1,NA
2,MHb.1,40.76835228129907,1000,MHb.1,NA
3,MHb.1,42.31262502645961,1000,MHb.1,NA
4,MHb.1,45.831311947841925,1000,MHb.1,NA
5,MHb.1,41.925772269834994,1000,MHb.1,NA
1,MHb.2,17.0677421774221,1000,MHb.1,NA
2,MHb.2,20.086600231897282,1000,MHb.1,NA
3,MHb.2,16.452376201326814,1000,MHb.1,NA
4,MHb.2,13.30614794993336,1000,MHb.1,NA
5,MHb.2,11.188965068531106,1000,MHb.1,NA
1,Microglia,-15.914356528727906,1000,MHb.1,NA
2,Microglia,-18.38113947248389,1000,MHb.1,NA
3,Microglia,-19.547425726160753,1000,MHb.1,NA
4,Microglia,-23.595836668563134,1000,MHb.1,NA
5,Microglia,-21.99971908438578,1000,MHb.1,NA
1,Oligo,-12.576600795783861,1000,MHb.1,NA
2,Oligo,-12.609336390359875,1000,MHb.1,NA
3,Oligo,-13.316801337614633,1000,MHb.1,NA
4,Oligo,-15.738067529386402,1000,MHb.1,NA
5,Oligo,-14.98936087671958,1000,MHb.1,NA
1,OPC,-6.965626187593006,1000,MHb.1,NA
2,OPC,-6.480621698554969,1000,MHb.1,NA
3,OPC,-7.424086980039169,1000,MHb.1,NA
4,OPC,-9.978887523952222,1000,MHb.1,NA
5,OPC,-8.948253758699641,1000,MHb.1,NA
1,Astrocyte,-26.099335951969902,5000,MHb.1,NA
2,Astrocyte,-31.32137504146177,5000,MHb.1,NA
3,Astrocyte,-21.42670470054132,5000,MHb.1,NA
4,Astrocyte,-27.34028405157584,5000,MHb.1,NA
5,Astrocyte,-29.52518749495097,5000,MHb.1,NA
1,C17,-14.935993465407197,5000,MHb.1,NA
2,C17,-13.252189839009977,5000,MHb.1,NA
3,C17,-8.317320237597682,5000,MHb.1,NA
4,C17,-15.501238726211232,5000,MHb.1,NA
5,C17,-17.987380074372165,5000,MHb.1,NA
1,Endo,-15.746373187698799,5000,MHb.1,NA
2,Endo,-14.558056776411663,5000,MHb.1,NA
3,Endo,-19.620821312946877,5000,MHb.1,NA
4,Endo,-18.04552431921631,5000,MHb.1,NA
5,Endo,-15.05030418083655,5000,MHb.1,NA
1,Excit.Thal,-12.77700728402812,5000,MHb.1,NA
2,Excit.Thal,-10.444834436702937,5000,MHb.1,NA
3,Excit.Thal,-10.721604740709443,5000,MHb.1,NA
4,Excit.Thal,-11.386830885260512,5000,MHb.1,NA
5,Excit.Thal,-10.58403364102408,5000,MHb.1,NA
1,LHb.4,-48.42709367620354,5000,MHb.1,NA
2,LHb.4,-45.23909264774346,5000,MHb.1,NA
3,LHb.4,-36.84388768267257,5000,MHb.1,NA
4,LHb.4,-38.26094668622465,5000,MHb.1,NA
5,LHb.4,-42.07843885054776,5000,MHb.1,NA
1,LHb.7,-23.580808340249114,5000,MHb.1,NA
2,LHb.7,-17.677945253470153,5000,MHb.1,NA
3,LHb.7,-25.07590025189626,5000,MHb.1,NA
4,LHb.7,-26.174287406250894,5000,MHb.1,NA
5,LHb.7,-24.759036636553287,5000,MHb.1,NA
1,MHb.1,82.11276111401327,5000,MHb.1,NA
2,MHb.1,72.78687561065142,5000,MHb.1,NA
3,MHb.1,71.81240841281317,5000,MHb.1,NA
4,MHb.1,77.70049817936047,5000,MHb.1,NA
5,MHb.1,78.3771740513008,5000,MHb.1,NA
1,MHb.2,41.032400959519215,5000,MHb.1,NA
2,MHb.2,32.84232619461948,5000,MHb.1,NA
3,MHb.2,29.5679039776837,5000,MHb.1,NA
4,MHb.2,35.19137512414143,5000,MHb.1,NA
5,MHb.2,36.418907352470235,5000,MHb.1,NA
1,Microglia,-32.62861117447314,5000,MHb.1,NA
2,Microglia,-30.866513401357103,5000,MHb.1,NA
3,Microglia,-40.733894097840604,5000,MHb.1,NA
4,Microglia,-38.72194015344124,5000,MHb.1,NA
5,Microglia,-33.17743212877824,5000,MHb.1,NA
1,Oligo,-42.42700485006399,5000,MHb.1,NA
2,Oligo,-31.17935887789961,5000,MHb.1,NA
3,Oligo,-28.62899315921577,5000,MHb.1,NA
4,Oligo,-32.10773316657259,5000,MHb.1,NA
5,Oligo,-36.992406707764324,5000,MHb.1,NA
1,OPC,-15.626675352996056,5000,MHb.1,NA
2,OPC,-15.850964015370929,5000,MHb.1,NA
3,OPC,-19.65345168334562,5000,MHb.1,NA
4,OPC,-18.8323062076182,5000,MHb.1,NA
5,OPC,-15.068815718459428,5000,MHb.1,NA
1,Astrocyte,-3.470440529416512,100,MHb.2,NA
2,Astrocyte,-2.329483193516393,100,MHb.2,NA
3,Astrocyte,-2.1130920975947123,100,MHb.2,NA
4,Astrocyte,-2.1996914797969187,100,MHb.2,NA
5,Astrocyte,-3.3524976691783146,100,MHb.2,NA
1,C17,-0.17583854702539448,100,MHb.2,NA
2,C17,1.202795150062268,100,MHb.2,NA
3,C17,0.6493097139317656,100,MHb.2,NA
4,C17,-0.2743066625861021,100,MHb.2,NA
5,C17,-0.8456280920886431,100,MHb.2,NA
1,Endo,-1.1671100039227382,100,MHb.2,NA
2,Endo,-0.5236507240714711,100,MHb.2,NA
3,Endo,-0.2321530126252245,100,MHb.2,NA
4,Endo,-0.37805387878917146,100,MHb.2,NA
5,Endo,-0.34565779289586845,100,MHb.2,NA
1,Excit.Thal,-0.4314716685597058,100,MHb.2,NA
2,Excit.Thal,-0.2281745809069096,100,MHb.2,NA
3,Excit.Thal,-0.6331103941007227,100,MHb.2,NA
4,Excit.Thal,-0.6732418453440171,100,MHb.2,NA
5,Excit.Thal,-0.4314716685597058,100,MHb.2,NA
1,LHb.4,-0.9532580840474675,100,MHb.2,NA
2,LHb.4,-1.7747073847984467,100,MHb.2,NA
3,LHb.4,-1.1261075016170783,100,MHb.2,NA
4,LHb.4,-1.8406346717571265,100,MHb.2,NA
5,LHb.4,-0.740071517318914,100,MHb.2,NA
1,LHb.7,2.546805526585764,100,MHb.2,NA
2,LHb.7,2.6124909116960633,100,MHb.2,NA
3,LHb.7,2.2976074987858683,100,MHb.2,NA
4,LHb.7,2.7439959260181572,100,MHb.2,NA
5,LHb.7,2.3762322413203365,100,MHb.2,NA
1,MHb.1,1.4186933320330122,100,MHb.2,NA
2,MHb.1,1.1434591818026834,100,MHb.2,NA
3,MHb.1,0.7455602760884323,100,MHb.2,NA
4,MHb.1,1.0391658922609364,100,MHb.2,NA
5,MHb.1,1.3142464396155513,100,MHb.2,NA
1,MHb.2,1.5441041263518063,100,MHb.2,NA
2,MHb.2,1.295795640394139,100,MHb.2,NA
3,MHb.2,1.2780691142129954,100,MHb.2,NA
4,MHb.2,1.295795640394139,100,MHb.2,NA
5,MHb.2,1.4199178579649425,100,MHb.2,NA
1,Microglia,0.8668108286141212,100,MHb.2,NA
2,Microglia,0.2679750941016229,100,MHb.2,NA
3,Microglia,0.46693718220655317,100,MHb.2,NA
4,Microglia,0.6302061829657719,100,MHb.2,NA
5,Microglia,0.6483740861838166,100,MHb.2,NA
1,Oligo,-2.1248714884219404,100,MHb.2,NA
2,Oligo,-2.370240269657399,100,MHb.2,NA
3,Oligo,-2.897853913236486,100,MHb.2,NA
4,Oligo,-2.4721292036692937,100,MHb.2,NA
5,Oligo,-2.1658485759409403,100,MHb.2,NA
1,OPC,0.39024599212553773,100,MHb.2,NA
2,OPC,0.14721612819608737,100,MHb.2,NA
3,OPC,0.6856601209587523,100,MHb.2,NA
4,OPC,-0.0930306089706613,100,MHb.2,NA
5,OPC,-0.5186871729025788,100,MHb.2,NA
1,Astrocyte,-9.198273272215662,200,MHb.2,NA
2,Astrocyte,-9.700777350057454,200,MHb.2,NA
3,Astrocyte,-8.889719236156656,200,MHb.2,NA
4,Astrocyte,-7.357347202815178,200,MHb.2,NA
5,Astrocyte,-7.461426003659539,200,MHb.2,NA
1,C17,-0.37181283753077243,200,MHb.2,NA
2,C17,0.5422967654431465,200,MHb.2,NA
3,C17,0.6493097139317656,200,MHb.2,NA
4,C17,1.0895370786500334,200,MHb.2,NA
5,C17,0.12555865974218006,200,MHb.2,NA
1,Endo,-2.5937395460008794,200,MHb.2,NA
2,Endo,-1.6935617577314481,200,MHb.2,NA
3,Endo,-1.6935617577314481,200,MHb.2,NA
4,Endo,-2.8287399413928176,200,MHb.2,NA
5,Endo,-2.2634258943071597,200,MHb.2,NA
1,Excit.Thal,-0.5929138359381967,200,MHb.2,NA
2,Excit.Thal,0.0180153519031554,200,MHb.2,NA
3,Excit.Thal,-0.1873134049539651,200,MHb.2,NA
4,Excit.Thal,-0.4719310905259548,200,MHb.2,NA
5,Excit.Thal,-0.55265192858435,200,MHb.2,NA
1,LHb.4,-2.064435516281905,200,MHb.2,NA
2,LHb.4,-2.7978527707201044,200,MHb.2,NA
3,LHb.4,-3.240328774120877,200,MHb.2,NA
4,LHb.4,-1.9065148374749072,200,MHb.2,NA
5,LHb.4,-2.9412374000537342,200,MHb.2,NA
1,LHb.7,5.034544066627458,200,MHb.2,NA
2,LHb.7,5.385624678300061,200,MHb.2,NA
3,LHb.7,5.345049005542269,200,MHb.2,NA
4,LHb.7,5.304490690049041,200,MHb.2,NA
5,LHb.7,5.575207890768949,200,MHb.2,NA
1,MHb.1,4.377073403685609,200,MHb.2,NA
2,MHb.1,4.203423742681789,200,MHb.2,NA
3,MHb.1,3.7315492641629087,200,MHb.2,NA
4,MHb.1,2.7053442761608157,200,MHb.2,NA
5,MHb.1,3.222524285506505,200,MHb.2,NA
1,MHb.2,5.354396626246912,200,MHb.2,NA
2,MHb.2,5.525799146704151,200,MHb.2,NA
3,MHb.2,5.1020361426582594,200,MHb.2,NA
4,MHb.2,4.903946608440137,200,MHb.2,NA
5,MHb.2,5.363414623084028,200,MHb.2,NA
1,Microglia,0.1416979816430549,200,MHb.2,NA
2,Microglia,0.6483740861838166,200,MHb.2,NA
3,Microglia,0.19578494104680047,200,MHb.2,NA
4,Microglia,0.06965604962787268,200,MHb.2,NA
5,Microglia,0.03366673628202704,200,MHb.2,NA
1,Oligo,-4.878052955111606,200,MHb.2,NA
2,Oligo,-5.6685460484996915,200,MHb.2,NA
3,Oligo,-4.154210253957008,200,MHb.2,NA
4,Oligo,-4.5271764051493815,200,MHb.2,NA
5,Oligo,-5.591949849570292,200,MHb.2,NA
1,OPC,-0.4718134731061344,200,MHb.2,NA
2,OPC,0.0027387358170590176,200,MHb.2,NA
3,OPC,0.24409001235571967,200,MHb.2,NA
4,OPC,-0.5654572766515212,200,MHb.2,NA
5,OPC,-0.7515120902924358,200,MHb.2,NA
1,Astrocyte,-17.023638419144245,500,MHb.2,NA
2,Astrocyte,-24.330490090645295,500,MHb.2,NA
3,Astrocyte,-26.443111558829596,500,MHb.2,NA
4,Astrocyte,-22.133523086174964,500,MHb.2,NA
5,Astrocyte,-17.402671988162457,500,MHb.2,NA
1,C17,0.9775921481563499,500,MHb.2,NA
2,C17,0.22809957261407032,500,MHb.2,NA
3,C17,-6.97652630638256,500,MHb.2,NA
4,C17,-5.91374951164878,500,MHb.2,NA
5,C17,-5.497675294704248,500,MHb.2,NA
1,Endo,-2.703503160413522,500,MHb.2,NA
2,Endo,-4.023023738486446,500,MHb.2,NA
3,Endo,-1.9948960000863099,500,MHb.2,NA
4,Endo,-2.2318869893169535,500,MHb.2,NA
5,Endo,-1.6935617577314481,500,MHb.2,NA
1,Excit.Thal,-1.462560084978973,500,MHb.2,NA
2,Excit.Thal,-0.9126767088340727,500,MHb.2,NA
3,Excit.Thal,-0.8331213803507119,500,MHb.2,NA
4,Excit.Thal,-0.6331103941007227,500,MHb.2,NA
5,Excit.Thal,-0.1873134049539651,500,MHb.2,NA
1,LHb.4,-8.258687250248895,500,MHb.2,NA
2,LHb.4,-3.7323856216846933,500,MHb.2,NA
3,LHb.4,-2.1958300323022613,500,MHb.2,NA
4,LHb.4,-4.324588710310087,500,MHb.2,NA
5,LHb.4,-8.01208520117928,500,MHb.2,NA
1,LHb.7,8.326061853743424,500,MHb.2,NA
2,LHb.7,7.824909386991584,500,MHb.2,NA
3,LHb.7,9.012553903354378,500,MHb.2,NA
4,LHb.7,10.229865421174853,500,MHb.2,NA
5,LHb.7,9.789214225023814,500,MHb.2,NA
1,MHb.1,8.665188476390885,500,MHb.2,NA
2,MHb.1,13.173054973695189,500,MHb.2,NA
3,MHb.1,14.395697185767196,500,MHb.2,NA
4,MHb.1,9.835840646237862,500,MHb.2,NA
5,MHb.1,7.149101839276107,500,MHb.2,NA
1,MHb.2,14.984001331756863,500,MHb.2,NA
2,MHb.2,14.72027159609766,500,MHb.2,NA
3,MHb.2,13.987349692399235,500,MHb.2,NA
4,MHb.2,13.921699995536708,500,MHb.2,NA
5,MHb.2,14.96515239348328,500,MHb.2,NA
1,Microglia,-3.327443714665353,500,MHb.2,NA
2,Microglia,-4.325057025379644,500,MHb.2,NA
3,Microglia,-3.3955789600624247,500,MHb.2,NA
4,Microglia,-3.310398377688826,500,MHb.2,NA
5,Microglia,-2.140320919592005,500,MHb.2,NA
1,Oligo,-8.716911214173708,500,MHb.2,NA
2,Oligo,-6.030855157807123,500,MHb.2,NA
3,Oligo,-7.437150417869461,500,MHb.2,NA
4,Oligo,-7.158869237809286,500,MHb.2,NA
5,Oligo,-9.345515133589023,500,MHb.2,NA
1,OPC,-2.0539712922625517,500,MHb.2,NA
2,OPC,-1.3451889810032203,500,MHb.2,NA
3,OPC,-2.5706990283699667,500,MHb.2,NA
4,OPC,-0.6121243051979037,500,MHb.2,NA
5,OPC,-1.0732373231902212,500,MHb.2,NA
1,Astrocyte,-29.801059757018344,1000,MHb.2,NA
2,Astrocyte,-38.68178356531485,1000,MHb.2,NA
3,Astrocyte,-33.45640576902776,1000,MHb.2,NA
4,Astrocyte,-28.9542168207192,1000,MHb.2,NA
5,Astrocyte,-27.903369232971887,1000,MHb.2,NA
1,C17,-13.968297021582043,1000,MHb.2,NA
2,C17,-15.622096696988168,1000,MHb.2,NA
3,C17,-13.529366956635963,1000,MHb.2,NA
4,C17,-7.9568951982278975,1000,MHb.2,NA
5,C17,-7.398416809747341,1000,MHb.2,NA
1,Endo,-1.8047293604385843,1000,MHb.2,NA
2,Endo,-3.000581108920233,1000,MHb.2,NA
3,Endo,-2.530941184944352,1000,MHb.2,NA
4,Endo,-3.094138056478158,1000,MHb.2,NA
5,Endo,-2.089787715988259,1000,MHb.2,NA
1,Excit.Thal,-1.6560507749267013,1000,MHb.2,NA
2,Excit.Thal,-2.1900269052423993,1000,MHb.2,NA
3,Excit.Thal,-2.0386143976297944,1000,MHb.2,NA
4,Excit.Thal,-2.0765528278872445,1000,MHb.2,NA
5,Excit.Thal,-1.2283785102141882,1000,MHb.2,NA
1,LHb.4,-10.37815015339799,1000,MHb.2,NA
2,LHb.4,-6.8695163517723445,1000,MHb.2,NA
3,LHb.4,-4.759914366347884,1000,MHb.2,NA
4,LHb.4,-5.523265560196601,1000,MHb.2,NA
5,LHb.4,-8.036773735020446,1000,MHb.2,NA
1,LHb.7,11.131944783897204,1000,MHb.2,NA
2,LHb.7,12.072077280751259,1000,MHb.2,NA
3,LHb.7,9.111040184266624,1000,MHb.2,NA
4,LHb.7,7.936044006473412,1000,MHb.2,NA
5,LHb.7,10.529574468858767,1000,MHb.2,NA
1,MHb.1,13.885174141870136,1000,MHb.2,NA
2,MHb.1,22.778911339358153,1000,MHb.2,NA
3,MHb.1,21.36324399061466,1000,MHb.2,NA
4,MHb.1,20.734583144075884,1000,MHb.2,NA
5,MHb.1,14.733503422428939,1000,MHb.2,NA
1,MHb.2,32.456565114631296,1000,MHb.2,NA
2,MHb.2,30.659049068863386,1000,MHb.2,NA
3,MHb.2,26.565766319097634,1000,MHb.2,NA
4,MHb.2,25.08222115776428,1000,MHb.2,NA
5,MHb.2,28.56567535336269,1000,MHb.2,NA
1,Microglia,-8.071817542186041,1000,MHb.2,NA
2,Microglia,-9.388031785322392,1000,MHb.2,NA
3,Microglia,-9.123772448103011,1000,MHb.2,NA
4,Microglia,-10.96699837673109,1000,MHb.2,NA
5,Microglia,-9.294884553777246,1000,MHb.2,NA
1,Oligo,-14.130224349905994,1000,MHb.2,NA
2,Oligo,-11.584352961398585,1000,MHb.2,NA
3,Oligo,-14.146596744507569,1000,MHb.2,NA
4,Oligo,-15.023763869652706,1000,MHb.2,NA
5,Oligo,-16.613476826508936,1000,MHb.2,NA
1,OPC,-6.819211938025997,1000,MHb.2,NA
2,OPC,-4.523887967303497,1000,MHb.2,NA
3,OPC,-4.051487763424402,1000,MHb.2,NA
4,OPC,-6.994734474038486,1000,MHb.2,NA
5,OPC,-6.212339366684366,1000,MHb.2,NA
1,Astrocyte,-38.227477652410116,5000,MHb.2,NA
2,Astrocyte,-39.12648988678874,5000,MHb.2,NA
3,Astrocyte,-32.74192372495639,5000,MHb.2,NA
4,Astrocyte,-37.987036082350386,5000,MHb.2,NA
5,Astrocyte,-37.7204826979127,5000,MHb.2,NA
1,C17,-18.551025799578092,5000,MHb.2,NA
2,C17,-17.419483533053768,5000,MHb.2,NA
3,C17,-9.898805359442697,5000,MHb.2,NA
4,C17,-17.885007013497596,5000,MHb.2,NA
5,C17,-18.966474201989023,5000,MHb.2,NA
1,Endo,-4.053779883065236,5000,MHb.2,NA
2,Endo,-5.635263326450131,5000,MHb.2,NA
3,Endo,-8.163115941190393,5000,MHb.2,NA
4,Endo,-8.032215804884752,5000,MHb.2,NA
5,Endo,-5.394199830033154,5000,MHb.2,NA
1,Excit.Thal,-4.010329438327591,5000,MHb.2,NA
2,Excit.Thal,-1.733030840029142,5000,MHb.2,NA
3,Excit.Thal,-3.006988180039027,5000,MHb.2,NA
4,Excit.Thal,-2.4528344169202043,5000,MHb.2,NA
5,Excit.Thal,-2.0765528278872445,5000,MHb.2,NA
1,LHb.4,-26.19961385602402,5000,MHb.2,NA
2,LHb.4,-25.27252190377893,5000,MHb.2,NA
3,LHb.4,-18.889676627636526,5000,MHb.2,NA
4,LHb.4,-15.486993909952343,5000,MHb.2,NA
5,LHb.4,-17.505909733454157,5000,MHb.2,NA
1,LHb.7,14.086038698652652,5000,MHb.2,NA
2,LHb.7,17.819854949663082,5000,MHb.2,NA
3,LHb.7,12.728670670902076,5000,MHb.2,NA
4,LHb.7,11.810761424104733,5000,MHb.2,NA
5,LHb.7,11.088786755101932,5000,MHb.2,NA
1,MHb.1,47.28223868089878,5000,MHb.2,NA
2,MHb.1,43.244343916372,5000,MHb.2,NA
3,MHb.1,39.05660467582019,5000,MHb.2,NA
4,MHb.1,42.88534845734158,5000,MHb.2,NA
5,MHb.1,43.803265592678,5000,MHb.2,NA
1,MHb.2,58.64700708780934,5000,MHb.2,NA
2,MHb.2,54.395711492235925,5000,MHb.2,NA
3,MHb.2,51.755942910315355,5000,MHb.2,NA
4,MHb.2,54.53712787534336,5000,MHb.2,NA
5,MHb.2,53.526462821508645,5000,MHb.2,NA
1,Microglia,-15.63550051674021,5000,MHb.2,NA
2,Microglia,-16.114945993790563,5000,MHb.2,NA
3,Microglia,-23.58322247847817,5000,MHb.2,NA
4,Microglia,-23.418159937016608,5000,MHb.2,NA
5,Microglia,-17.822658939219266,5000,MHb.2,NA
1,Oligo,-41.62890433370702,5000,MHb.2,NA
2,Oligo,-34.584790057604685,5000,MHb.2,NA
3,Oligo,-32.36903171933661,5000,MHb.2,NA
4,Oligo,-32.54007944842555,5000,MHb.2,NA
5,Oligo,-38.39717344763507,5000,MHb.2,NA
1,OPC,-11.334855574736297,5000,MHb.2,NA
2,OPC,-15.191691968094352,5000,MHb.2,NA
3,OPC,-16.717714455865025,5000,MHb.2,NA
4,OPC,-16.063330222252308,5000,MHb.2,NA
5,OPC,-12.451641335711612,5000,MHb.2,NA
1,Astrocyte,2.1712186685047095,100,Microglia,NA
2,Astrocyte,2.2058790092087426,100,Microglia,NA
3,Astrocyte,1.7385283020136064,100,Microglia,NA
4,Astrocyte,1.6002871133272702,100,Microglia,NA
5,Astrocyte,2.5181242563280906,100,Microglia,NA
1,C17,-0.447194308604127,100,Microglia,NA
2,C17,0.12099316053882216,100,Microglia,NA
3,C17,0.9424544156570004,100,Microglia,NA
4,C17,-0.7909265144820471,100,Microglia,NA
5,C17,-1.1264710141196967,100,Microglia,NA
1,Endo,2.939064491575988,100,Microglia,NA
2,Endo,2.8066471533096955,100,Microglia,NA
3,Endo,3.2264940333704955,100,Microglia,NA
4,Endo,3.4259068338737007,100,Microglia,NA
5,Endo,3.4148192294277284,100,Microglia,NA
1,Excit.Thal,0.46549063497846355,100,Microglia,NA
2,Excit.Thal,-0.07436753568063417,100,Microglia,NA
3,Excit.Thal,0.49019476121346417,100,Microglia,NA
4,Excit.Thal,0.26837776262331176,100,Microglia,NA
5,Excit.Thal,-0.0011560691252550845,100,Microglia,NA
1,LHb.4,-2.512894273325485,100,Microglia,NA
2,LHb.4,-2.5213325002093927,100,Microglia,NA
3,LHb.4,-2.4960166708735883,100,Microglia,NA
4,LHb.4,-2.2426685300034914,100,Microglia,NA
5,LHb.4,-2.310261828655126,100,Microglia,NA
1,LHb.7,0.3159907029461783,100,Microglia,NA
2,LHb.7,0.695399630711063,100,Microglia,NA
3,LHb.7,0.44916743989101143,100,Microglia,NA
4,LHb.7,-0.08270509152902412,100,Microglia,NA
5,LHb.7,0.3671960128236462,100,Microglia,NA
1,MHb.1,-4.526914531817164,100,Microglia,NA
2,MHb.1,-4.150101810641399,100,Microglia,NA
3,MHb.1,-4.318427727279886,100,Microglia,NA
4,MHb.1,-5.4994380802264615,100,Microglia,NA
5,MHb.1,-5.538992408849427,100,Microglia,NA
1,MHb.2,-0.868976287358197,100,Microglia,NA
2,MHb.2,-1.5893638094544733,100,Microglia,NA
3,MHb.2,-0.9744788435929658,100,Microglia,NA
4,MHb.2,-0.17182422896430885,100,Microglia,NA
5,MHb.2,-0.3998953803768053,100,Microglia,NA
1,Microglia,1.8063628587133786,100,Microglia,NA
2,Microglia,1.8322398572560872,100,Microglia,NA
3,Microglia,1.944416343158585,100,Microglia,NA
4,Microglia,1.9530481886853284,100,Microglia,NA
5,Microglia,2.1171316991885387,100,Microglia,NA
1,Oligo,-4.024751004214605,100,Microglia,NA
2,Oligo,-3.8456488968771145,100,Microglia,NA
3,Oligo,-4.223463648045271,100,Microglia,NA
4,Oligo,-3.9949178348443515,100,Microglia,NA
5,Oligo,-5.340523612585948,100,Microglia,NA
1,OPC,1.2635692990927767,100,Microglia,NA
2,OPC,1.3330369789064729,100,Microglia,NA
3,OPC,1.1768425284354012,100,Microglia,NA
4,OPC,1.2635692990927767,100,Microglia,NA
5,OPC,1.402581555042287,100,Microglia,NA
1,Astrocyte,2.0586188073476337,200,Microglia,NA
2,Astrocyte,1.4448925538008293,200,Microglia,NA
3,Astrocyte,1.9374363882844308,200,Microglia,NA
4,Astrocyte,2.6744514809521074,200,Microglia,NA
5,Astrocyte,2.7613590782907407,200,Microglia,NA
1,C17,-0.5856988547838757,200,Microglia,NA
2,C17,1.0972510351884268,200,Microglia,NA
3,C17,0.5629653296233302,200,Microglia,NA
4,C17,-0.6544415486901427,200,Microglia,NA
5,C17,-1.6473779594398295,200,Microglia,NA
1,Endo,4.67458114783014,200,Microglia,NA
2,Endo,5.563661449016973,200,Microglia,NA
3,Endo,6.0391961217098515,200,Microglia,NA
4,Endo,4.6297491771315,200,Microglia,NA
5,Endo,5.360471704324152,200,Microglia,NA
1,Excit.Thal,0.2192433147634568,200,Microglia,NA
2,Excit.Thal,0.9623533046840964,200,Microglia,NA
3,Excit.Thal,1.51579008137054,200,Microglia,NA
4,Excit.Thal,1.3893645790763742,200,Microglia,NA
5,Excit.Thal,1.1878754981399022,200,Microglia,NA
1,LHb.4,-3.2203764824658094,200,Microglia,NA
2,LHb.4,-3.8749357865150262,200,Microglia,NA
3,LHb.4,-3.480795616758315,200,Microglia,NA
4,LHb.4,-3.2876161188543573,200,Microglia,NA
5,LHb.4,-3.1783394293050793,200,Microglia,NA
1,LHb.7,1.498974902768651,200,Microglia,NA
2,LHb.7,1.2099244034930015,200,Microglia,NA
3,LHb.7,0.7570324007123457,200,Microglia,NA
4,LHb.7,1.1274598021724904,200,Microglia,NA
5,LHb.7,0.7775833152968756,200,Microglia,NA
1,MHb.1,-10.212085390001633,200,Microglia,NA
2,MHb.1,-9.95513294221348,200,Microglia,NA
3,MHb.1,-10.686287700117319,200,Microglia,NA
4,MHb.1,-9.858028410510892,200,Microglia,NA
5,MHb.1,-10.717558986479252,200,Microglia,NA
1,MHb.2,-2.1842895819127928,200,Microglia,NA
2,MHb.2,-1.9766168210875819,200,Microglia,NA
3,MHb.2,-2.3026953009848357,200,Microglia,NA
4,MHb.2,-3.009137306750135,200,Microglia,NA
5,MHb.2,-2.479945312328007,200,Microglia,NA
1,Microglia,6.5964915618515425,200,Microglia,NA
2,Microglia,6.756055406788881,200,Microglia,NA
3,Microglia,6.6496633234635905,200,Microglia,NA
4,Microglia,6.357418459420418,200,Microglia,NA
5,Microglia,6.720584179487418,200,Microglia,NA
1,Oligo,-8.90440612259229,200,Microglia,NA
2,Oligo,-8.8469028862448,200,Microglia,NA
3,Oligo,-9.459003737196182,200,Microglia,NA
4,Oligo,-8.79896465904174,200,Microglia,NA
5,Oligo,-9.649714934492302,200,Microglia,NA
1,OPC,1.874034252066368,200,Microglia,NA
2,OPC,1.8565096658952607,200,Microglia,NA
3,OPC,1.9266374541317859,200,Microglia,NA
4,OPC,1.7339746333704324,200,Microglia,NA
5,OPC,1.874034252066368,200,Microglia,NA
1,Astrocyte,-0.37533913750594255,500,Microglia,NA
2,Astrocyte,-1.9151689027226484,500,Microglia,NA
3,Astrocyte,-1.2191648017451049,500,Microglia,NA
4,Astrocyte,-0.36679576930944263,500,Microglia,NA
5,Astrocyte,-0.7423268028366626,500,Microglia,NA
1,C17,1.019632959078833,500,Microglia,NA
2,C17,0.5629653296233302,500,Microglia,NA
3,C17,-5.408509043185465,500,Microglia,NA
4,C17,-3.392464032820282,500,Microglia,NA
5,C17,-1.1264710141196967,500,Microglia,NA
1,Endo,5.733265537754626,500,Microglia,NA
2,Endo,7.3057173113413,500,Microglia,NA
3,Endo,7.477970195726983,500,Microglia,NA
4,Endo,6.733445140697463,500,Microglia,NA
5,Endo,5.552363551113117,500,Microglia,NA
1,Excit.Thal,2.1023326076849886,500,Microglia,NA
2,Excit.Thal,2.3341175270151213,500,Microglia,NA
3,Excit.Thal,2.076658301050015,500,Microglia,NA
4,Excit.Thal,2.205188605792641,500,Microglia,NA
5,Excit.Thal,1.7188703313629108,500,Microglia,NA
1,LHb.4,-2.251119038452807,500,Microglia,NA
2,LHb.4,-1.2597827404496473,500,Microglia,NA
3,LHb.4,-1.6586509040725328,500,Microglia,NA
4,LHb.4,-0.9621913614602419,500,Microglia,NA
5,LHb.4,-2.2173146957082337,500,Microglia,NA
1,LHb.7,4.257514166525877,500,Microglia,NA
2,LHb.7,5.542556457372012,500,Microglia,NA
3,LHb.7,4.712655435942291,500,Microglia,NA
4,LHb.7,5.169475354160449,500,Microglia,NA
5,LHb.7,4.109688081450047,500,Microglia,NA
1,MHb.1,-18.204363472407806,500,Microglia,NA
2,MHb.1,-19.253484013923483,500,Microglia,NA
3,MHb.1,-20.004642946607284,500,Microglia,NA
4,MHb.1,-20.566131440521897,500,Microglia,NA
5,MHb.1,-16.87082469911279,500,Microglia,NA
1,MHb.2,-6.625037245851909,500,Microglia,NA
2,MHb.2,-9.122462343043876,500,Microglia,NA
3,MHb.2,-6.205329220097638,500,Microglia,NA
4,MHb.2,-5.938294255425925,500,Microglia,NA
5,MHb.2,-7.264075566307589,500,Microglia,NA
1,Microglia,11.658410400232208,500,Microglia,NA
2,Microglia,11.694915986137305,500,Microglia,NA
3,Microglia,11.293787063415207,500,Microglia,NA
4,Microglia,11.102673488844816,500,Microglia,NA
5,Microglia,11.694915986137305,500,Microglia,NA
1,Oligo,-12.076749521789377,500,Microglia,NA
2,Oligo,-11.814415366495812,500,Microglia,NA
3,Oligo,-11.711217781895964,500,Microglia,NA
4,Oligo,-12.870063138775478,500,Microglia,NA
5,Oligo,-11.325883968357559,500,Microglia,NA
1,OPC,3.4717362329948425,500,Microglia,NA
2,OPC,3.4357825951996084,500,Microglia,NA
3,OPC,3.292175888431312,500,Microglia,NA
4,OPC,2.3843942307096775,500,Microglia,NA
5,OPC,3.832423565182541,500,Microglia,NA
1,Astrocyte,-10.591448240474776,1000,Microglia,NA
2,Astrocyte,-9.2510720145313,1000,Microglia,NA
3,Astrocyte,-7.581087934561326,1000,Microglia,NA
4,Astrocyte,-9.584988475645993,1000,Microglia,NA
5,Astrocyte,-12.653313822774738,1000,Microglia,NA
1,C17,-9.672990332362103,1000,Microglia,NA
2,C17,-9.978230497372383,1000,Microglia,NA
3,C17,-7.415402537878491,1000,Microglia,NA
4,C17,-4.644090678219656,1000,Microglia,NA
5,C17,-8.312932638010546,1000,Microglia,NA
1,Endo,8.470711302951232,1000,Microglia,NA
2,Endo,8.540303249137533,1000,Microglia,NA
3,Endo,8.146522602982836,1000,Microglia,NA
4,Endo,9.320387779565808,1000,Microglia,NA
5,Endo,10.247300623834505,1000,Microglia,NA
1,Excit.Thal,4.3721166343667255,1000,Microglia,NA
2,Excit.Thal,4.074727353630908,1000,Microglia,NA
3,Excit.Thal,3.221629295564991,1000,Microglia,NA
4,Excit.Thal,3.2480230201993963,1000,Microglia,NA
5,Excit.Thal,3.859789319909035,1000,Microglia,NA
1,LHb.4,1.1346109356430978,1000,Microglia,NA
2,LHb.4,4.129151002830866,1000,Microglia,NA
3,LHb.4,3.61346924840638,1000,Microglia,NA
4,LHb.4,3.753167158789791,1000,Microglia,NA
5,LHb.4,3.5087678159740223,1000,Microglia,NA
1,LHb.7,10.677232849536042,1000,Microglia,NA
2,LHb.7,8.022844777965846,1000,Microglia,NA
3,LHb.7,9.436392640560806,1000,Microglia,NA
4,LHb.7,10.922483655219425,1000,Microglia,NA
5,LHb.7,13.039085890161466,1000,Microglia,NA
1,MHb.1,-31.076496910840866,1000,Microglia,NA
2,MHb.1,-27.287272890956938,1000,Microglia,NA
3,MHb.1,-30.904659888995834,1000,Microglia,NA
4,MHb.1,-37.09666040046621,1000,Microglia,NA
5,MHb.1,-40.3380930816251,1000,Microglia,NA
1,MHb.2,-15.457878166940976,1000,Microglia,NA
2,MHb.2,-13.402412842128411,1000,Microglia,NA
3,MHb.2,-14.493513047311907,1000,Microglia,NA
4,MHb.2,-15.520098651690306,1000,Microglia,NA
5,MHb.2,-14.380029293934474,1000,Microglia,NA
1,Microglia,18.399670692697327,1000,Microglia,NA
2,Microglia,16.50975808104786,1000,Microglia,NA
3,Microglia,17.697848006448297,1000,Microglia,NA
4,Microglia,20.37919446423414,1000,Microglia,NA
5,Microglia,21.353970720239182,1000,Microglia,NA
1,Oligo,-6.418838919374032,1000,Microglia,NA
2,Oligo,-9.792571333144677,1000,Microglia,NA
3,Oligo,-10.589786524117729,1000,Microglia,NA
4,Oligo,-10.570859680010802,1000,Microglia,NA
5,Oligo,-8.376365952449973,1000,Microglia,NA
1,OPC,6.436936950986098,1000,Microglia,NA
2,OPC,4.578469618430383,1000,Microglia,NA
3,OPC,4.450456460690122,1000,Microglia,NA
4,OPC,7.4836873424797385,1000,Microglia,NA
5,OPC,7.965505590173754,1000,Microglia,NA
1,Astrocyte,-30.48349369133794,5000,Microglia,NA
2,Astrocyte,-22.977791430891948,5000,Microglia,NA
3,Astrocyte,-26.220222730291827,5000,Microglia,NA
4,Astrocyte,-29.4768172097495,5000,Microglia,NA
5,Astrocyte,-22.7411116339278,5000,Microglia,NA
1,C17,-18.14223523127512,5000,Microglia,NA
2,C17,-15.798440202236415,5000,Microglia,NA
3,C17,-14.494772130493306,5000,Microglia,NA
4,C17,-17.964436376239174,5000,Microglia,NA
5,C17,-11.77783881699433,5000,Microglia,NA
1,Endo,15.373110573716318,5000,Microglia,NA
2,Endo,13.560577724907034,5000,Microglia,NA
3,Endo,16.577827729239164,5000,Microglia,NA
4,Endo,15.94273294824081,5000,Microglia,NA
5,Endo,14.843352260984666,5000,Microglia,NA
1,Excit.Thal,8.510175495340357,5000,Microglia,NA
2,Excit.Thal,6.574038721580004,5000,Microglia,NA
3,Excit.Thal,7.121930665514281,5000,Microglia,NA
4,Excit.Thal,8.180936283832123,5000,Microglia,NA
5,Excit.Thal,6.516795737028266,5000,Microglia,NA
1,LHb.4,9.380228339142137,5000,Microglia,NA
2,LHb.4,11.44962913260696,5000,Microglia,NA
3,LHb.4,6.535101593187081,5000,Microglia,NA
4,LHb.4,12.007603442286191,5000,Microglia,NA
5,LHb.4,6.10082617498104,5000,Microglia,NA
1,LHb.7,24.076994926351226,5000,Microglia,NA
2,LHb.7,19.699881268208795,5000,Microglia,NA
3,LHb.7,23.727507558780417,5000,Microglia,NA
4,LHb.7,22.500436726391246,5000,Microglia,NA
5,LHb.7,22.438815556857104,5000,Microglia,NA
1,MHb.1,-56.44982424745656,5000,Microglia,NA
2,MHb.1,-48.94016074258554,5000,Microglia,NA
3,MHb.1,-59.37972386184852,5000,Microglia,NA
4,MHb.1,-60.08027316903128,5000,Microglia,NA
5,MHb.1,-55.48293746340897,5000,Microglia,NA
1,MHb.2,-24.255323803805,5000,Microglia,NA
2,MHb.2,-22.215929967023587,5000,Microglia,NA
3,MHb.2,-26.945001827785916,5000,Microglia,NA
4,MHb.2,-26.05031918225312,5000,Microglia,NA
5,MHb.2,-26.444230406070794,5000,Microglia,NA
1,Microglia,39.82109911814244,5000,Microglia,NA
2,Microglia,32.705202895079665,5000,Microglia,NA
3,Microglia,40.05082308376637,5000,Microglia,NA
4,Microglia,38.190646069513384,5000,Microglia,NA
5,Microglia,36.3857935171939,5000,Microglia,NA
1,Oligo,-1.4132384747683449,5000,Microglia,NA
2,Oligo,-10.343531130087264,5000,Microglia,NA
3,Oligo,-1.2609386024358222,5000,Microglia,NA
4,Oligo,1.8658215076911646,5000,Microglia,NA
5,Oligo,-3.596484316547099,5000,Microglia,NA
1,OPC,13.728684265530921,5000,Microglia,NA
2,OPC,11.635354250230758,5000,Microglia,NA
3,OPC,16.27609999034659,5000,Microglia,NA
4,OPC,14.782132213234467,5000,Microglia,NA
5,OPC,13.558466838911377,5000,Microglia,NA
1,Astrocyte,0.1978058579830731,100,Oligo,NA
2,Astrocyte,-1.2745446573247134,100,Oligo,NA
3,Astrocyte,-1.074446244034589,100,Oligo,NA
4,Astrocyte,-0.32218003940334217,100,Oligo,NA
5,Astrocyte,0.5929540475544328,100,Oligo,NA
1,C17,3.2192881443335843,100,Oligo,NA
2,C17,4.121845451786467,100,Oligo,NA
3,C17,4.069751425460264,100,Oligo,NA
4,C17,2.435517867165825,100,Oligo,NA
5,C17,1.5920481261098318,100,Oligo,NA
1,Endo,-0.8255472079803554,100,Oligo,NA
2,Endo,-0.8015443773021317,100,Oligo,NA
3,Endo,-1.3401892837438643,100,Oligo,NA
4,Endo,-1.3043716234449778,100,Oligo,NA
5,Endo,-1.5429093739075042,100,Oligo,NA
1,Excit.Thal,0.15324110389303622,100,Oligo,NA
2,Excit.Thal,-0.006485726588040787,100,Oligo,NA
3,Excit.Thal,-0.27123593066020885,100,Oligo,NA
4,Excit.Thal,-0.69110036993449,100,Oligo,NA
5,Excit.Thal,-0.21843093360548174,100,Oligo,NA
1,LHb.4,-1.5662956288260625,100,Oligo,NA
2,LHb.4,-0.9895624273763245,100,Oligo,NA
3,LHb.4,-0.9477011360851585,100,Oligo,NA
4,LHb.4,-0.620861082236392,100,Oligo,NA
5,LHb.4,-1.2990455879979768,100,Oligo,NA
1,LHb.7,-1.2805813984286953,100,Oligo,NA
2,LHb.7,-0.5989288270769068,100,Oligo,NA
3,LHb.7,-1.0084471212077273,100,Oligo,NA
4,LHb.7,-1.5407227970165045,100,Oligo,NA
5,LHb.7,-1.3711377403646656,100,Oligo,NA
1,MHb.1,-3.931113100579936,100,Oligo,NA
2,MHb.1,-2.7705705051399367,100,Oligo,NA
3,MHb.1,-1.9911269537639364,100,Oligo,NA
4,MHb.1,-2.616691612227289,100,Oligo,NA
5,MHb.1,-2.4229492347197397,100,Oligo,NA
1,MHb.2,0.12806801667174864,100,Oligo,NA
2,MHb.2,-0.5301337787094097,100,Oligo,NA
3,MHb.2,-0.21922885508639237,100,Oligo,NA
4,MHb.2,-0.5301337787094097,100,Oligo,NA
5,MHb.2,-0.34032233124433936,100,Oligo,NA
1,Microglia,-0.8818638484102104,100,Oligo,NA
2,Microglia,-1.162972583927057,100,Oligo,NA
3,Microglia,-0.6806955757651707,100,Oligo,NA
4,Microglia,-0.70082656217459,100,Oligo,NA
5,Microglia,-1.3133148629946672,100,Oligo,NA
1,Oligo,3.035623304775682,100,Oligo,NA
2,Oligo,3.3487003153894404,100,Oligo,NA
3,Oligo,3.2952206337874212,100,Oligo,NA
4,Oligo,3.3945490762391946,100,Oligo,NA
5,Oligo,3.6086204125895325,100,Oligo,NA
1,OPC,-0.26588526554454145,100,Oligo,NA
2,OPC,-0.06763954683157646,100,Oligo,NA
3,OPC,-0.3647303886420357,100,Oligo,NA
4,OPC,-0.008020646384869027,100,Oligo,NA
5,OPC,0.1911962461234897,100,Oligo,NA
1,Astrocyte,-2.3547541937722034,200,Oligo,NA
2,Astrocyte,-2.147497988438882,200,Oligo,NA
3,Astrocyte,-1.5077254934376993,200,Oligo,NA
4,Astrocyte,-1.8403438940555088,200,Oligo,NA
5,Astrocyte,-1.5742958732012544,200,Oligo,NA
1,C17,6.452462222856998,200,Oligo,NA
2,C17,7.315208838793507,200,Oligo,NA
3,C17,5.472381026672029,200,Oligo,NA
4,C17,5.28443567063378,200,Oligo,NA
5,C17,4.226225765090845,200,Oligo,NA
1,Endo,-3.266946568401854,200,Oligo,NA
2,Endo,-4.164252328367947,200,Oligo,NA
3,Endo,-3.2083988124874803,200,Oligo,NA
4,Endo,-1.8758917780747535,200,Oligo,NA
5,Endo,-1.8996331366515689,200,Oligo,NA
1,Excit.Thal,0.17992674464431843,200,Oligo,NA
2,Excit.Thal,0.23335357802516765,200,Oligo,NA
3,Excit.Thal,-0.8993386088323555,200,Oligo,NA
4,Excit.Thal,-0.7693207519613869,200,Oligo,NA
5,Excit.Thal,-1.209617516634196,200,Oligo,NA
1,LHb.4,-2.598322977351517,200,Oligo,NA
2,LHb.4,-3.1453414088351384,200,Oligo,NA
3,LHb.4,-4.144146634580837,200,Oligo,NA
4,LHb.4,-3.839280620352745,200,Oligo,NA
5,LHb.4,-3.13706499048536,200,Oligo,NA
1,LHb.7,-2.059102044457436,200,Oligo,NA
2,LHb.7,-1.9466256254424712,200,Oligo,NA
3,LHb.7,-2.171459791962774,200,Oligo,NA
4,LHb.7,-2.205144024505272,200,Oligo,NA
5,LHb.7,-1.743867963525743,200,Oligo,NA
1,MHb.1,-6.032863965114419,200,Oligo,NA
2,MHb.1,-4.863765646281458,200,Oligo,NA
3,MHb.1,-5.558058935290367,200,Oligo,NA
4,MHb.1,-6.597670398038869,200,Oligo,NA
5,MHb.1,-7.246509351921537,200,Oligo,NA
1,MHb.2,-2.4304119482269764,200,Oligo,NA
2,MHb.2,-1.809036191126711,200,Oligo,NA
3,MHb.2,-0.890891681558098,200,Oligo,NA
4,MHb.2,-1.7583821491625722,200,Oligo,NA
5,MHb.2,-1.6400289737030658,200,Oligo,NA
1,Microglia,-1.5134993303362667,200,Oligo,NA
2,Microglia,-1.9328808345774902,200,Oligo,NA
3,Microglia,-0.8617611638384551,200,Oligo,NA
4,Microglia,-1.3834147179523355,200,Oligo,NA
5,Microglia,-1.4234547028596387,200,Oligo,NA
1,Oligo,9.498878596185422,200,Oligo,NA
2,Oligo,9.898783057378122,200,Oligo,NA
3,Oligo,9.812472452306396,200,Oligo,NA
4,Oligo,9.953724266036666,200,Oligo,NA
5,Oligo,9.39704913670685,200,Oligo,NA
1,OPC,0.1114193019714691,200,Oligo,NA
2,OPC,0.01186727234047331,200,Oligo,NA
3,OPC,-0.7386698500032434,200,Oligo,NA
4,OPC,-0.5225000327447988,200,Oligo,NA
5,OPC,-0.7386698500032434,200,Oligo,NA
1,Astrocyte,-7.948786011552369,500,Oligo,NA
2,Astrocyte,-8.455365218789249,500,Oligo,NA
3,Astrocyte,-6.99647014970236,500,Oligo,NA
4,Astrocyte,-4.8899376645018116,500,Oligo,NA
5,Astrocyte,-6.486147397801693,500,Oligo,NA
1,C17,12.65125973544064,500,Oligo,NA
2,C17,9.568719793657511,500,Oligo,NA
3,C17,7.796021964464868,500,Oligo,NA
4,C17,9.302340383325367,500,Oligo,NA
5,C17,14.151714648300551,500,Oligo,NA
1,Endo,-4.788747210386401,500,Oligo,NA
2,Endo,-1.8165133006191736,500,Oligo,NA
3,Endo,-2.3732622582788716,500,Oligo,NA
4,Endo,-3.4423828189904966,500,Oligo,NA
5,Endo,-3.8970725095931935,500,Oligo,NA
1,Excit.Thal,-0.9512240743494857,500,Oligo,NA
2,Excit.Thal,-0.42921942685465836,500,Oligo,NA
3,Excit.Thal,-0.006485726588040787,500,Oligo,NA
4,Excit.Thal,-0.6127218406949062,500,Oligo,NA
5,Excit.Thal,0.17992674464431843,500,Oligo,NA
1,LHb.4,-4.56357453791851,500,Oligo,NA
2,LHb.4,-2.8803171606642795,500,Oligo,NA
3,LHb.4,-2.4156323107909072,500,Oligo,NA
4,LHb.4,-3.9217247221889275,500,Oligo,NA
5,LHb.4,-6.012200147645122,500,Oligo,NA
1,LHb.7,-0.6559013543367502,500,Oligo,NA
2,LHb.7,-0.7014572588386568,500,Oligo,NA
3,LHb.7,-0.43924197452818287,500,Oligo,NA
4,LHb.7,-0.8380072458014083,500,Oligo,NA
5,LHb.7,-1.2919051718448382,500,Oligo,NA
1,MHb.1,-8.619052432172492,500,Oligo,NA
2,MHb.1,-11.112174490873919,500,Oligo,NA
3,MHb.1,-13.16663242070908,500,Oligo,NA
4,MHb.1,-13.397258815222356,500,Oligo,NA
5,MHb.1,-11.768921621916666,500,Oligo,NA
1,MHb.2,-5.256955086675627,500,Oligo,NA
2,MHb.2,-8.815817748116554,500,Oligo,NA
3,MHb.2,-7.610106109495227,500,Oligo,NA
4,MHb.2,-5.7345408529417226,500,Oligo,NA
5,MHb.2,-3.54015481228746,500,Oligo,NA
1,Microglia,-0.5195341144318623,500,Oligo,NA
2,Microglia,0.025884271310654072,500,Oligo,NA
3,Microglia,0.16766874696318146,500,Oligo,NA
4,Microglia,-0.6605614378444685,500,Oligo,NA
5,Microglia,-0.3480782722364721,500,Oligo,NA
1,Oligo,16.529033223461767,500,Oligo,NA
2,Oligo,16.448294986306642,500,Oligo,NA
3,Oligo,15.232624937870478,500,Oligo,NA
4,Oligo,15.128267231471227,500,Oligo,NA
5,Oligo,15.932250273359237,500,Oligo,NA
1,OPC,0.8135945045397239,500,Oligo,NA
2,OPC,0.01186727234047331,500,Oligo,NA
3,OPC,-0.6405199828558953,500,Oligo,NA
4,OPC,-0.5618691962537645,500,Oligo,NA
5,OPC,-0.24609408041179356,500,Oligo,NA
1,Astrocyte,-17.49653914994067,1000,Oligo,NA
2,Astrocyte,-13.036897483499974,1000,Oligo,NA
3,Astrocyte,-11.80040887554621,1000,Oligo,NA
4,Astrocyte,-13.89104098955265,1000,Oligo,NA
5,Astrocyte,-15.247367900257547,1000,Oligo,NA
1,C17,10.957866523841655,1000,Oligo,NA
2,C17,13.069689158469993,1000,Oligo,NA
3,C17,14.788127768091666,1000,Oligo,NA
4,C17,12.142125471881185,1000,Oligo,NA
5,C17,7.710767562120417,1000,Oligo,NA
1,Endo,-2.2905412986506715,1000,Oligo,NA
2,Endo,-2.9621198853628763,1000,Oligo,NA
3,Endo,-2.856384005365798,1000,Oligo,NA
4,Endo,-1.5905474333711702,1000,Oligo,NA
5,Endo,-0.5010104251169132,1000,Oligo,NA
1,Excit.Thal,0.8803370132858038,1000,Oligo,NA
2,Excit.Thal,0.3940806251620966,1000,Oligo,NA
3,Excit.Thal,0.6094342304906395,1000,Oligo,NA
4,Excit.Thal,0.1265739411850326,1000,Oligo,NA
5,Excit.Thal,0.4478059512858076,1000,Oligo,NA
1,LHb.4,-3.666032224059123,1000,Oligo,NA
2,LHb.4,-0.7214881447492915,1000,Oligo,NA
3,LHb.4,-3.36866879644716,1000,Oligo,NA
4,LHb.4,-2.1246239394034308,1000,Oligo,NA
5,LHb.4,-1.799828168081984,1000,Oligo,NA
1,LHb.7,2.114244505170891,1000,Oligo,NA
2,LHb.7,0.30534806234422035,1000,Oligo,NA
3,LHb.7,2.032400470939393,1000,Oligo,NA
4,LHb.7,2.5361780709274733,1000,Oligo,NA
5,LHb.7,2.983422433620942,1000,Oligo,NA
1,MHb.1,-19.59423189309992,1000,Oligo,NA
2,MHb.1,-19.76017837903496,1000,Oligo,NA
3,MHb.1,-23.60419843384914,1000,Oligo,NA
4,MHb.1,-28.156506382028148,1000,Oligo,NA
5,MHb.1,-29.97077144678593,1000,Oligo,NA
1,MHb.2,-13.626695191288777,1000,Oligo,NA
2,MHb.2,-14.548816014557305,1000,Oligo,NA
3,MHb.2,-13.274108591813047,1000,Oligo,NA
4,MHb.2,-14.908677493762767,1000,Oligo,NA
5,MHb.2,-12.805858342277126,1000,Oligo,NA
1,Microglia,5.1906195986031545,1000,Oligo,NA
2,Microglia,2.5301887633259295,1000,Oligo,NA
3,Microglia,3.109621898997652,1000,Oligo,NA
4,Microglia,5.888548057972228,1000,Oligo,NA
5,Microglia,6.633101776628117,1000,Oligo,NA
1,Oligo,24.52877157756999,1000,Oligo,NA
2,Oligo,21.427474984648157,1000,Oligo,NA
3,Oligo,21.4192198732632,1000,Oligo,NA
4,Oligo,22.802182339305315,1000,Oligo,NA
5,Oligo,22.486721083004554,1000,Oligo,NA
1,OPC,3.0837423545275566,1000,Oligo,NA
2,OPC,1.7920936034691402,1000,Oligo,NA
3,OPC,1.6687769053033161,1000,Oligo,NA
4,OPC,1.9363318319050742,1000,Oligo,NA
5,OPC,3.486086244417182,1000,Oligo,NA
1,Astrocyte,-30.32579803508578,5000,Oligo,NA
2,Astrocyte,-25.97483376760651,5000,Oligo,NA
3,Astrocyte,-28.67685591412238,5000,Oligo,NA
4,Astrocyte,-29.10841130074178,5000,Oligo,NA
5,Astrocyte,-23.54833703788527,5000,Oligo,NA
1,C17,6.979123686775722,5000,Oligo,NA
2,C17,7.654028314792582,5000,Oligo,NA
3,C17,7.682388256035866,5000,Oligo,NA
4,C17,10.197064684899749,5000,Oligo,NA
5,C17,14.85570805496985,5000,Oligo,NA
1,Endo,1.9496589077726703,5000,Oligo,NA
2,Endo,0.9301660675510476,5000,Oligo,NA
3,Endo,3.8955848957171932,5000,Oligo,NA
4,Endo,4.147953745417468,5000,Oligo,NA
5,Endo,1.9496589077726703,5000,Oligo,NA
1,Excit.Thal,4.380709601462651,5000,Oligo,NA
2,Excit.Thal,1.8717954451566137,5000,Oligo,NA
3,Excit.Thal,2.604265915426712,5000,Oligo,NA
4,Excit.Thal,3.351201835997728,5000,Oligo,NA
5,Excit.Thal,2.0395763162839526,5000,Oligo,NA
1,LHb.4,9.227662202367563,5000,Oligo,NA
2,LHb.4,8.194239167049872,5000,Oligo,NA
3,LHb.4,-3.343867569708927,5000,Oligo,NA
4,LHb.4,0.6500332876096248,5000,Oligo,NA
5,LHb.4,4.455926620331778,5000,Oligo,NA
1,LHb.7,8.595491920521646,5000,Oligo,NA
2,LHb.7,2.806647855247891,5000,Oligo,NA
3,LHb.7,10.292243917828394,5000,Oligo,NA
4,LHb.7,11.709320466694356,5000,Oligo,NA
5,LHb.7,8.645355062443034,5000,Oligo,NA
1,MHb.1,-58.41847133742921,5000,Oligo,NA
2,MHb.1,-44.99845545608187,5000,Oligo,NA
3,MHb.1,-48.72458711006229,5000,Oligo,NA
4,MHb.1,-52.84442109667508,5000,Oligo,NA
5,MHb.1,-53.48276486560537,5000,Oligo,NA
1,MHb.2,-31.322196309871934,5000,Oligo,NA
2,MHb.2,-23.87692078312008,5000,Oligo,NA
3,MHb.2,-26.811685069862893,5000,Oligo,NA
4,MHb.2,-30.053490005514227,5000,Oligo,NA
5,MHb.2,-33.28513658251853,5000,Oligo,NA
1,Microglia,15.368297662506263,5000,Oligo,NA
2,Microglia,9.231569102508164,5000,Oligo,NA
3,Microglia,19.596359138176105,5000,Oligo,NA
4,Microglia,16.428415394833962,5000,Oligo,NA
5,Microglia,13.26494359988431,5000,Oligo,NA
1,Oligo,48.56647931888643,5000,Oligo,NA
2,Oligo,37.56689764465001,5000,Oligo,NA
3,Oligo,40.78838192981785,5000,Oligo,NA
4,Oligo,44.221390468132164,5000,Oligo,NA
5,Oligo,42.6116638513428,5000,Oligo,NA
1,OPC,7.370879146856508,5000,Oligo,NA
2,OPC,5.502048134068805,5000,Oligo,NA
3,OPC,9.16853307149117,5000,Oligo,NA
4,OPC,7.302119877891406,5000,Oligo,NA
5,OPC,5.745819265397776,5000,Oligo,NA
1,Astrocyte,-0.15957946393083414,100,OPC,NA
2,Astrocyte,-0.5662552936031069,100,OPC,NA
3,Astrocyte,-0.6769237377047813,100,OPC,NA
4,Astrocyte,-0.5293427317271494,100,OPC,NA
5,Astrocyte,-0.3692545764924858,100,OPC,NA
1,C17,1.8162308594519616,100,OPC,NA
2,C17,1.4832763408498764,100,OPC,NA
3,C17,0.39987077247060215,100,OPC,NA
4,C17,0.1550725166588815,100,OPC,NA
5,C17,0.7111025059577668,100,OPC,NA
1,Endo,-0.884027716710503,100,OPC,NA
2,Endo,-1.4873118972913897,100,OPC,NA
3,Endo,-0.4844403090208503,100,OPC,NA
4,Endo,-0.2597253020966968,100,OPC,NA
5,Endo,-1.32902639013012,100,OPC,NA
1,Excit.Thal,0.6900066798237839,100,OPC,NA
2,Excit.Thal,0.7581927986391238,100,OPC,NA
3,Excit.Thal,0.2169287232555142,100,OPC,NA
4,Excit.Thal,0.3176870175346639,100,OPC,NA
5,Excit.Thal,0.8265321416758203,100,OPC,NA
1,LHb.4,1.5874246622350487,100,OPC,NA
2,LHb.4,1.4533627041470552,100,OPC,NA
3,LHb.4,0.7610092125915335,100,OPC,NA
4,LHb.4,1.1249205714299255,100,OPC,NA
5,LHb.4,1.758261310529846,100,OPC,NA
1,LHb.7,0.37627506499649493,100,OPC,NA
2,LHb.7,1.0806448520740233,100,OPC,NA
3,LHb.7,0.7349497267110446,100,OPC,NA
4,LHb.7,0.5626054593004293,100,OPC,NA
5,LHb.7,0.34764341019451084,100,OPC,NA
1,MHb.1,-2.9439193962168084,100,OPC,NA
2,MHb.1,-3.038737453139482,100,OPC,NA
3,MHb.1,-2.9439193962168084,100,OPC,NA
4,MHb.1,-2.847949017578409,100,OPC,NA
5,MHb.1,-2.034209387901315,100,OPC,NA
1,MHb.2,-2.4214126934719347,100,OPC,NA
2,MHb.2,-1.0921349512565572,100,OPC,NA
3,MHb.2,-1.4933617090340052,100,OPC,NA
4,MHb.2,-1.7771740366792708,100,OPC,NA
5,MHb.2,-1.8054299414633597,100,OPC,NA
1,Microglia,1.9488194862035513,100,OPC,NA
2,Microglia,1.937277662387318,100,OPC,NA
3,Microglia,2.1567347587693804,100,OPC,NA
4,Microglia,1.5339092259107296,100,OPC,NA
5,Microglia,1.614490552152585,100,OPC,NA
1,Oligo,-2.1826976954186263,100,OPC,NA
2,Oligo,-2.1701328874072123,100,OPC,NA
3,Oligo,-1.2743664455018617,100,OPC,NA
4,Oligo,-1.1983336147647774,100,OPC,NA
5,Oligo,-1.3630050833768883,100,OPC,NA
1,OPC,-0.48363985193210357,100,OPC,NA
2,OPC,-0.6650752713897556,100,OPC,NA
3,OPC,-0.9723042849534458,100,OPC,NA
4,OPC,-0.7194026338912115,100,OPC,NA
5,OPC,-0.864043785843603,100,OPC,NA
1,Astrocyte,-0.3569310857826909,200,OPC,NA
2,Astrocyte,-0.24596155482068421,200,OPC,NA
3,Astrocyte,-2.445841612469145,200,OPC,NA
4,Astrocyte,-1.595159892365643,200,OPC,NA
5,Astrocyte,-1.1430517018399982,200,OPC,NA
1,C17,2.6447499259157,200,OPC,NA
2,C17,2.363768554059285,200,OPC,NA
3,C17,1.682220991865979,200,OPC,NA
4,C17,0.7111025059577668,200,OPC,NA
5,C17,0.7111025059577668,200,OPC,NA
1,Endo,-2.632758424222467,200,OPC,NA
2,Endo,-3.0520332731112902,200,OPC,NA
3,Endo,-2.3206732011362217,200,OPC,NA
4,Endo,-1.4873118972913897,200,OPC,NA
5,Endo,-2.94355583067366,200,OPC,NA
1,Excit.Thal,0.963673680211082,200,OPC,NA
2,Excit.Thal,0.7581927986391238,200,OPC,NA
3,Excit.Thal,1.3788594583766445,200,OPC,NA
4,Excit.Thal,0.5880130761321823,200,OPC,NA
5,Excit.Thal,0.9293301889388221,200,OPC,NA
1,LHb.4,2.3212688385428226,200,OPC,NA
2,LHb.4,1.1613708610996776,200,OPC,NA
3,LHb.4,2.640645304812174,200,OPC,NA
4,LHb.4,1.9660269598358509,200,OPC,NA
5,LHb.4,1.8682109064239034,200,OPC,NA
1,LHb.7,1.1095137038322191,200,OPC,NA
2,LHb.7,1.9071248747763407,200,OPC,NA
3,LHb.7,0.7493268427828922,200,OPC,NA
4,LHb.7,2.06751687549724,200,OPC,NA
5,LHb.7,2.0091586538182087,200,OPC,NA
1,MHb.1,-5.184883718541226,200,OPC,NA
2,MHb.1,-4.422301433283042,200,OPC,NA
3,MHb.1,-3.6728010311598163,200,OPC,NA
4,MHb.1,-4.422301433283042,200,OPC,NA
5,MHb.1,-4.422301433283042,200,OPC,NA
1,MHb.2,-6.011082780108044,200,OPC,NA
2,MHb.2,-5.555836786662448,200,OPC,NA
3,MHb.2,-3.1358789608432383,200,OPC,NA
4,MHb.2,-4.44484484706459,200,OPC,NA
5,MHb.2,-4.836255030603819,200,OPC,NA
1,Microglia,3.2708721515641015,200,OPC,NA
2,Microglia,3.0147602123171047,200,OPC,NA
3,Microglia,3.6676156235054393,200,OPC,NA
4,Microglia,2.515536023481202,200,OPC,NA
5,Microglia,3.282524851381325,200,OPC,NA
1,Oligo,-5.304989276043411,200,OPC,NA
2,Oligo,-4.5939669284227795,200,OPC,NA
3,Oligo,-5.4881569834284685,200,OPC,NA
4,Oligo,-5.035812191204253,200,OPC,NA
5,Oligo,-4.888720638686172,200,OPC,NA
1,OPC,5.166276891958527,200,OPC,NA
2,OPC,5.246107317327167,200,OPC,NA
3,OPC,5.246107317327167,200,OPC,NA
4,OPC,5.226139646695906,200,OPC,NA
5,OPC,5.126401881974505,200,OPC,NA
1,Astrocyte,-4.962543852890109,500,OPC,NA
2,Astrocyte,-5.625027467421178,500,OPC,NA
3,Astrocyte,-4.5347767075383985,500,OPC,NA
4,Astrocyte,-3.049802913979632,500,OPC,NA
5,Astrocyte,-3.722678486945361,500,OPC,NA
1,C17,3.00312024331163,500,OPC,NA
2,C17,2.93079428303961,500,OPC,NA
3,C17,0.2159309834085422,500,OPC,NA
4,C17,2.363768554059285,500,OPC,NA
5,C17,4.6848783323166385,500,OPC,NA
1,Endo,-3.4227794274136376,500,OPC,NA
2,Endo,-1.0432617913107591,500,OPC,NA
3,Endo,-2.601608086498461,500,OPC,NA
4,Endo,-2.974565282170324,500,OPC,NA
5,Endo,-3.1448901924587456,500,OPC,NA
1,Excit.Thal,1.9769809901499356,500,OPC,NA
2,Excit.Thal,2.3704364252831733,500,OPC,NA
3,Excit.Thal,1.8351745478926056,500,OPC,NA
4,Excit.Thal,1.7998271138606587,500,OPC,NA
5,Excit.Thal,2.40646244393641,500,OPC,NA
1,LHb.4,2.1496435304191497,500,OPC,NA
2,LHb.4,3.6782728790277086,500,OPC,NA
3,LHb.4,3.343775764516467,500,OPC,NA
4,LHb.4,2.8376031236633352,500,OPC,NA
5,LHb.4,2.1496435304191497,500,OPC,NA
1,LHb.7,3.5986517086714866,500,OPC,NA
2,LHb.7,4.674696435946252,500,OPC,NA
3,LHb.7,3.791949956030248,500,OPC,NA
4,LHb.7,2.5651347048201223,500,OPC,NA
5,LHb.7,2.9623267791250623,500,OPC,NA
1,MHb.1,-10.940276583322676,500,OPC,NA
2,MHb.1,-9.251295526341519,500,OPC,NA
3,MHb.1,-10.328105627726762,500,OPC,NA
4,MHb.1,-11.8475959231514,500,OPC,NA
5,MHb.1,-10.725012921771876,500,OPC,NA
1,MHb.2,-12.488041626339324,500,OPC,NA
2,MHb.2,-13.90681949309878,500,OPC,NA
3,MHb.2,-10.035309306362002,500,OPC,NA
4,MHb.2,-11.215020313920157,500,OPC,NA
5,MHb.2,-11.651142353407916,500,OPC,NA
1,Microglia,6.310590747292813,500,OPC,NA
2,Microglia,6.274851123189186,500,OPC,NA
3,Microglia,5.85858869628068,500,OPC,NA
4,Microglia,5.85858869628068,500,OPC,NA
5,Microglia,5.716165480882513,500,OPC,NA
1,Oligo,-3.531431085099209,500,OPC,NA
2,Oligo,-6.302763103575745,500,OPC,NA
3,Oligo,-6.023770494688172,500,OPC,NA
4,Oligo,-4.888720638686172,500,OPC,NA
5,Oligo,-4.224446855177804,500,OPC,NA
1,OPC,9.877508340931021,500,OPC,NA
2,OPC,8.976620643874709,500,OPC,NA
3,OPC,9.061816882041198,500,OPC,NA
4,OPC,8.806603241010464,500,OPC,NA
5,OPC,8.785386096633987,500,OPC,NA
1,Astrocyte,-12.021430024203358,1000,OPC,NA
2,Astrocyte,-7.347486517311501,1000,OPC,NA
3,Astrocyte,-7.207758759467987,1000,OPC,NA
4,Astrocyte,-11.120263942858713,1000,OPC,NA
5,Astrocyte,-13.650596383350678,1000,OPC,NA
1,C17,-0.20543371344505645,1000,OPC,NA
2,C17,0.46164527494808344,1000,OPC,NA
3,C17,2.503638730379384,1000,OPC,NA
4,C17,2.0876565149445456,1000,OPC,NA
5,C17,-0.4414790799546444,1000,OPC,NA
1,Endo,-1.3923809361252915,1000,OPC,NA
2,Endo,-2.07006824891707,1000,OPC,NA
3,Endo,-2.28939330351164,1000,OPC,NA
4,Endo,-1.2338934127126504,1000,OPC,NA
5,Endo,-0.2114830165968542,1000,OPC,NA
1,Excit.Thal,3.9982797768732263,1000,OPC,NA
2,Excit.Thal,2.442531861325629,1000,OPC,NA
3,Excit.Thal,2.262617579401288,1000,OPC,NA
4,Excit.Thal,3.9223169702705984,1000,OPC,NA
5,Excit.Thal,2.9521280669357064,1000,OPC,NA
1,LHb.4,3.6782728790277086,1000,OPC,NA
2,LHb.4,4.350076595416196,1000,OPC,NA
3,LHb.4,2.6529458010367333,1000,OPC,NA
4,LHb.4,3.616258762775235,1000,OPC,NA
5,LHb.4,4.82510194025077,1000,OPC,NA
1,LHb.7,7.316793410090353,1000,OPC,NA
2,LHb.7,5.445111273164978,1000,OPC,NA
3,LHb.7,5.810071674411318,1000,OPC,NA
4,LHb.7,8.504070704366274,1000,OPC,NA
5,LHb.7,9.199216176104862,1000,OPC,NA
1,MHb.1,-20.453145751055647,1000,OPC,NA
2,MHb.1,-16.358030242070058,1000,OPC,NA
3,MHb.1,-20.501603962333782,1000,OPC,NA
4,MHb.1,-27.186648471170056,1000,OPC,NA
5,MHb.1,-27.611418478382983,1000,OPC,NA
1,MHb.2,-23.196912329077875,1000,OPC,NA
2,MHb.2,-19.629693472016914,1000,OPC,NA
3,MHb.2,-20.46447266714071,1000,OPC,NA
4,MHb.2,-22.511934524820703,1000,OPC,NA
5,MHb.2,-22.140206078776348,1000,OPC,NA
1,Microglia,12.706842453964105,1000,OPC,NA
2,Microglia,9.432884915381251,1000,OPC,NA
3,Microglia,12.232196222766813,1000,OPC,NA
4,Microglia,14.420358587562195,1000,OPC,NA
5,Microglia,13.977140248865421,1000,OPC,NA
1,Oligo,0.7714937510522064,1000,OPC,NA
2,Oligo,-2.9215216670552944,1000,OPC,NA
3,Oligo,-2.1324299278303522,1000,OPC,NA
4,Oligo,-1.2490280060555177,1000,OPC,NA
5,Oligo,0.5265242333937242,1000,OPC,NA
1,OPC,12.622924320543245,1000,OPC,NA
2,OPC,11.03484710884386,1000,OPC,NA
3,OPC,11.056909929325817,1000,OPC,NA
4,OPC,15.08005826531369,1000,OPC,NA
5,OPC,14.702213459194654,1000,OPC,NA
1,Astrocyte,-27.61825223081844,5000,OPC,NA
2,Astrocyte,-19.313001132526534,5000,OPC,NA
3,Astrocyte,-24.877892518670087,5000,OPC,NA
4,Astrocyte,-24.37364953281053,5000,OPC,NA
5,Astrocyte,-20.45938688759082,5000,OPC,NA
1,C17,-7.158505052361598,5000,OPC,NA
2,C17,-3.6359952398571656,5000,OPC,NA
3,C17,-3.391252424792804,5000,OPC,NA
4,C17,-5.569234568961058,5000,OPC,NA
5,C17,-0.20543371344505645,5000,OPC,NA
1,Endo,4.112613806929793,5000,OPC,NA
2,Endo,1.365664151224852,5000,OPC,NA
3,Endo,5.404831793747875,5000,OPC,NA
4,Endo,5.231169847162515,5000,OPC,NA
5,Endo,3.3483830844571365,5000,OPC,NA
1,Excit.Thal,6.747345127802428,5000,OPC,NA
2,Excit.Thal,3.5079736202084693,5000,OPC,NA
3,Excit.Thal,6.004837431101234,5000,OPC,NA
4,Excit.Thal,5.842384241236576,5000,OPC,NA
5,Excit.Thal,5.0828626607680985,5000,OPC,NA
1,LHb.4,4.113271212578182,5000,OPC,NA
2,LHb.4,9.658107244047546,5000,OPC,NA
3,LHb.4,3.430408029368606,5000,OPC,NA
4,LHb.4,5.6799191209465345,5000,OPC,NA
5,LHb.4,0.5189958253541763,5000,OPC,NA
1,LHb.7,17.649372289717036,5000,OPC,NA
2,LHb.7,12.500767084140913,5000,OPC,NA
3,LHb.7,15.204274586644054,5000,OPC,NA
4,LHb.7,14.897470283609465,5000,OPC,NA
5,LHb.7,14.50714421565726,5000,OPC,NA
1,MHb.1,-41.91215541715039,5000,OPC,NA
2,MHb.1,-35.733236962070976,5000,OPC,NA
3,MHb.1,-46.03467516190173,5000,OPC,NA
4,MHb.1,-46.20945569089384,5000,OPC,NA
5,MHb.1,-41.570086779993744,5000,OPC,NA
1,MHb.2,-30.043982194072967,5000,OPC,NA
2,MHb.2,-30.862235545686122,5000,OPC,NA
3,MHb.2,-32.84877809717909,5000,OPC,NA
4,MHb.2,-32.365729330237706,5000,OPC,NA
5,MHb.2,-32.31025635591072,5000,OPC,NA
1,Microglia,30.922252653480136,5000,OPC,NA
2,Microglia,23.05362378259084,5000,OPC,NA
3,Microglia,33.38887172251991,5000,OPC,NA
4,Microglia,30.383143415667313,5000,OPC,NA
5,Microglia,30.383143415667313,5000,OPC,NA
1,Oligo,8.996721699260789,5000,OPC,NA
2,Oligo,1.796067429180555,5000,OPC,NA
3,Oligo,9.122516653285166,5000,OPC,NA
4,Oligo,10.57352524987158,5000,OPC,NA
5,Oligo,7.073493936360705,5000,OPC,NA
1,OPC,20.6334254521563,5000,OPC,NA
2,OPC,18.651954510314727,5000,OPC,NA
3,OPC,24.657845497210772,5000,OPC,NA
4,OPC,22.744215140648112,5000,OPC,NA
5,OPC,21.505175454611944,5000,OPC,NA
